,0,1,2,3,4,5,6,7,8,9,10,11,12,13,14,15
0,0.12506699562072754,0.0,0.0,0.0,0.0,0.0,0.0,0.0,0.0,0.0,0.0,0.0,0.0,0.0,0.5124784708023071,0.0
1,0.0,0.0,0.0,0.0,0.0,0.0,0.0,0.0,0.0,0.0,0.0,0.0,0.0,0.0,0.0,0.0
3,0.0,0.0,0.0,0.0,0.0,0.0,0.0,0.0,0.0,0.0,0.0,0.0,0.0016057727625593543,0.0,0.0,0.0
7,0.0,0.0,0.0,0.0,0.0,0.0,0.0,0.0,0.0,0.0,0.0,0.0,0.0,0.0,0.0,0.0
20,0.0,0.0,0.0,0.0,0.0,0.0,0.0,0.0,0.0,0.0,0.0,0.0,0.0,0.0,0.0,0.0
31,0.9218029975891113,0.9993829727172852,0.9929683208465576,0.9949080348014832,0.9996923804283142,0.9164892435073853,0.9012420773506165,0.9502593874931335,0.9979305267333984,0.9954376220703125,0.9988260269165039,0.959194004535675,0.9078397750854492,0.9944944977760315,1.0,0.9946759939193726
37,0.6696387529373169,0.6597775816917419,0.6918135285377502,0.8079476356506348,0.8044422268867493,0.7545135021209717,0.8717240691184998,0.0,0.6742157340049744,0.8473743796348572,0.0,0.0,0.7395500540733337,0.8944764733314514,0.0,0.799514889717102
41,0.0,0.0,0.0,0.0,0.0,0.0,0.0,0.0,0.0,0.0,0.0,0.0,0.0,0.0,0.0,0.0
43,0.0,0.0,0.0,0.0,0.0,0.0,0.0,0.0,0.0,0.0,0.0,0.0,0.0,0.0,0.0,0.0
46,0.0,0.0,0.0,0.0,0.0,0.0,0.0,0.0,0.0,0.0,0.0,0.0,0.0,0.0,0.0,0.0
48,0.7214928865432739,0.0,0.6664149761199951,0.6521825790405273,0.0,0.5996823310852051,0.0,0.6072090864181519,0.6328283548355103,0.0,0.0,0.0,0.5965479612350464,0.7342903017997742,0.0,0.0
49,0.0,0.0,0.0,0.0,0.0,0.0,0.0,0.0,0.0,0.0,0.0,0.0,0.0,0.0,0.0,0.0
51,0.0,0.0,0.0,0.0,0.0,0.0,0.0,0.0,0.0,0.0,0.0,0.0,0.0,0.0,0.44405698776245117,0.2868199944496155
54,0.33548733592033386,0.10884933918714523,0.050569336861371994,0.0,0.0,0.0,0.5039615631103516,0.0,0.17846634984016418,0.24476367235183716,0.0,0.0,0.0,0.0,0.0,0.0
58,0.0,0.0,0.0,0.0,0.0,0.0,0.0,0.0,0.0,0.0,0.0,0.0,0.0,0.0,0.0,0.0
89,0.0,0.0,0.0694189965724945,0.0,0.04231962561607361,0.05945499986410141,0.015404429286718369,0.019463999196887016,0.0,0.0,0.0,0.17235049605369568,0.07014214247465134,0.0,0.0,0.009737749584019184
95,0.021729715168476105,0.0,0.0,0.061494454741477966,0.0,0.0,0.0,0.0,0.0,0.0,0.0,0.0,0.0,0.0,0.0,0.0
99,0.0,0.0,0.0,0.0,0.0,0.0,0.0,0.0,0.0,0.0,0.0,0.0,0.0,0.0,0.0,0.0
104,0.0,0.0,0.0,0.028116500005126,0.0,0.0,0.0,0.0,0.0,0.0,0.0,0.0,0.0,0.0,0.0,0.0
106,0.9853746294975281,0.9910017251968384,0.0,0.6440486907958984,0.7452742457389832,0.9819887280464172,0.9855140447616577,0.9599950313568115,0.9931327104568481,0.6914822459220886,0.06232750043272972,0.7540817260742188,0.03535299748182297,0.9563040137290955,0.17331624031066895,0.3663874864578247
115,0.0,0.0,0.0,0.0,0.0,0.0,0.0,0.0,0.0,0.0,0.0,0.0,0.0,0.0,0.0,0.0
118,0.0,0.0,0.0,0.0,0.0,0.0,0.0,0.0,0.0,0.0,0.0,0.0,0.0,0.0,0.0,0.0
123,0.0,0.0,0.0,0.0,0.0,0.0,0.0,0.0,0.0,0.0,0.0,0.0,0.0,0.0,0.0,0.0
126,0.0,0.0,0.0,0.0,0.0,0.0,0.0,0.0,0.0,0.0,0.0,0.0,0.0,0.0,0.0,0.0
132,0.9945633411407471,0.999534010887146,0.9971262812614441,0.9682509899139404,0.9636547565460205,0.9950370192527771,0.9978760480880737,0.9097819924354553,0.9141969680786133,1.0,0.9012755155563354,0.9503587484359741,0.9914080500602722,0.9318810105323792,0.9964186549186707,0.997456431388855
170,0.0,0.0,0.0,0.0,0.0,0.0,0.0,0.0,0.0,0.0,0.0,0.0,0.0,0.0,0.0,0.0
173,0.0,0.0,0.0,0.0,0.0,0.0,0.0,0.0,0.0,0.0,0.0,0.0,0.0,0.0,0.0,0.0
186,0.314261257648468,0.5227959752082825,0.3209819793701172,0.30773651599884033,0.5163285136222839,0.20377850532531738,0.3081987500190735,0.49997425079345703,0.3311672508716583,0.4444524943828583,0.3420019745826721,0.15188899636268616,0.10586674511432648,0.5734802484512329,0.362801730632782,0.2726615071296692
191,0.09011366218328476,0.15933175384998322,0.026309002190828323,0.04998274892568588,0.1679607480764389,0.02231149934232235,0.3235517740249634,0.20977699756622314,0.2468707412481308,0.24384349584579468,0.12277767062187195,0.4304414987564087,0.0,0.1924857497215271,0.07619374990463257,0.11679300665855408
202,0.0,0.0,0.0,0.0,0.0,0.0,0.0,0.0,0.0,0.0,0.0,0.0,0.0,0.0,0.0,0.0
211,0.0,0.0,0.0,0.0,0.0,0.0,0.0,0.0,0.0,0.0,0.0,0.0,0.0,0.0,0.0,0.0
213,0.0,0.0,0.0,0.25635308027267456,0.0,0.3440046012401581,0.16776332259178162,0.0,0.20118694007396698,0.074692003428936,0.0,0.0,0.0,0.0,0.0,0.0
224,0.0,0.0,0.0,0.0,0.0,0.0,0.0,0.0,0.0,0.0,0.0,0.0,0.0,0.0,0.0,0.0
248,0.0,0.0,0.0,0.0,0.0,0.0,0.0,0.0,0.0,0.0,0.0,0.0,0.0,0.0,0.0,0.0
250,0.0,0.0,0.0,0.0,0.0,0.9929081797599792,0.19602356851100922,0.0,0.0,0.0,0.22121430933475494,0.0,0.4197045862674713,0.0,0.0,0.0
253,0.0,0.0,0.0,0.0,0.0,0.0,0.0,0.0,0.0,0.0,0.0,0.0,0.0,0.0,0.0,0.0
254,0.0,0.0,0.0,0.0,0.0,0.0,0.0,0.0,0.0,0.0,0.0,0.0,0.0,0.0,0.0,0.0
256,0.0,0.0,0.0,0.0,0.0,0.0,0.0,0.0,0.0,0.0,0.0,0.0,0.0,0.0,0.0,0.0
258,0.10917571932077408,0.0,0.0,0.0,0.1431252658367157,0.2247827798128128,0.5576264262199402,0.0,0.032710447907447815,0.0,0.0,0.062057532370090485,0.012213233858346939,0.0,0.0,0.0
262,0.0,0.0,0.0,0.0,0.0,0.316594660282135,0.0,0.4490181505680084,0.0,0.0,0.0,0.0,0.0,0.0,0.0,0.0
266,0.0,0.09590047597885132,0.0,0.0,0.030141308903694153,0.1596890538930893,0.29262301325798035,0.0,0.059040263295173645,0.0,0.0,0.0,0.0,0.014231733977794647,0.0,0.0
271,0.0,0.0,0.0,0.0,0.0,0.0,0.0,0.0,0.0,0.0,0.0,0.0,0.0,0.0,0.0,0.0
275,0.0,0.0,0.0,0.0,0.0,0.0,0.0,0.0,0.0,0.0,0.0,0.0,0.0,0.0,0.0,0.0
281,0.0,0.0,0.0,0.0,0.0,0.034645408391952515,0.0,0.0,0.0,0.0,0.0,0.0,0.0,0.0,0.0,0.0
283,0.0,0.0,0.0,0.0,0.0,0.0,0.0,0.0,0.0,0.0,0.0,0.0,0.0,0.0,0.0,0.0
284,0.0,0.0,0.0,0.0,0.0,0.0,0.0,0.0,0.0,0.0,0.0,0.0,0.0,0.0,0.0,0.0
288,0.0,0.0,0.0,0.0,0.0,0.0,0.0,0.0,0.0,0.0,0.0,0.0,0.0,0.0,0.0,0.0
292,0.03520093113183975,0.1694333851337433,0.0,0.0,0.0,0.2693256735801697,0.0,0.29686635732650757,0.020521001890301704,0.0,0.0,0.0,0.11378704756498337,0.0,0.0,0.0
296,0.0,0.0,0.0,0.0,0.0,0.0,0.0,0.0,0.0,0.0,0.0,0.0,0.0,0.0,0.0,0.0
313,0.0,0.0,0.0,0.0,0.0,0.0,0.0,0.0,0.0,0.0,0.0,0.0,0.0,0.0,0.0,0.0
316,0.0,0.0,0.0,0.0,0.0,0.0,0.0,0.0,0.0,0.0,0.0,0.0,0.0,0.0,0.0,0.0
324,0.0,0.0,0.0,0.0,0.0,0.0,0.0,0.0,0.0,0.0,0.0,0.0,0.0,0.0,0.0,0.0
326,0.0,0.0,0.0,0.0,0.0,0.0,0.0,0.0,0.0,0.0,0.0,0.0,0.0,0.0,0.0,0.0
346,0.9932135343551636,0.7968640327453613,0.2567004859447479,0.45510801672935486,0.4136679768562317,0.4688799977302551,0.9221130013465881,0.9491524696350098,0.363833487033844,0.6130185127258301,0.8560565114021301,0.3501890003681183,0.5794910192489624,0.47445550560951233,0.3927910029888153,0.29185551404953003
351,0.0,0.0,0.0,0.0,0.0,0.36870837211608887,0.0,0.0,0.34485241770744324,0.0,0.0,0.0,0.0,0.0,0.0,0.0
355,0.0,0.0,0.0,0.0,0.0,0.0,0.0,0.0,0.0,0.0,0.0,0.0,0.0,0.0,0.0,0.0
361,0.0,0.0,0.0,0.0,0.0,0.0,0.0,0.0,0.0,0.0,0.0,0.0,0.0,0.0,0.0,0.0
368,0.0,0.0,0.0,0.0,0.0,0.0,0.0,0.0,0.0,0.0,0.0,0.0,0.0,0.0,0.0,0.0
369,0.6950031518936157,0.5872824192047119,0.5579521656036377,0.6407896876335144,0.3413398861885071,0.4942539930343628,0.0,0.7257227897644043,0.6343191862106323,0.6270155310630798,0.6665630340576172,0.6670941114425659,0.16365352272987366,0.6842454671859741,0.48624324798583984,0.46015557646751404
374,0.0,0.0,0.0,0.0,0.0,0.0,0.0,0.0,0.0,0.0,0.0,0.0,0.0,0.0,0.0,0.0
385,0.0,0.0,0.0,0.0,0.0,0.0,0.0,0.0,0.0,0.03269215300679207,0.0,0.0,0.0,0.0,0.0,0.0
388,0.39741313457489014,0.0,0.29095494747161865,0.16501380503177643,0.0,0.0,0.0,0.09961946308612823,0.2898971736431122,0.57669997215271,0.0,0.0,0.6766487956047058,0.19794464111328125,0.0,0.3898770213127136
398,0.0,0.0,0.0,0.27629464864730835,0.11193279176950455,0.4205876290798187,0.0,0.15753905475139618,0.0,0.0,0.3305593430995941,0.036625780165195465,0.22624380886554718,0.21150712668895721,0.4043751657009125,0.0
406,0.4390018582344055,0.0,0.2288840115070343,0.0,0.0,0.33666855096817017,0.024964598938822746,0.0,0.013107200153172016,0.0,0.0,0.3799077570438385,0.0,0.0,0.0,0.10290800034999847
407,0.0,0.0,0.0,0.0,0.0,0.0,0.0,0.0,0.0,0.0,0.0,0.0,0.0,0.0,0.0,0.0
408,0.0,0.0,0.0,0.0,0.0,0.0,0.0,0.0,0.0,0.0,0.0,0.0,0.0,0.0,0.0,0.0
420,0.0,0.0,0.0,0.0,0.0,0.0,0.0,0.0,0.0,0.0,0.0,0.0,0.0,0.0,0.0,0.0
421,0.0,0.0,0.0,0.0,0.0,0.0,0.0,0.0,0.0,0.0,0.0,0.0,0.0,0.0,0.0,0.0
426,0.23139649629592896,0.8900384902954102,0.03581054136157036,0.3763836622238159,0.027299359440803528,0.4512157738208771,0.13252276182174683,0.0,0.38875338435173035,0.2052067667245865,0.5118594169616699,0.0,0.22507458925247192,0.058479636907577515,0.11418888717889786,0.03270718455314636
428,0.6527655124664307,0.24762868881225586,0.7464066743850708,0.5266533493995667,0.9137580394744873,0.9129801988601685,0.6944891810417175,0.0,0.0,0.0,0.0,0.5882771015167236,0.7679420709609985,0.8271780014038086,0.9222428202629089,0.7507633566856384
430,0.0,0.014254000037908554,0.0,0.0,0.0,0.0,0.0,0.0,0.0,0.0,0.0,0.0,0.0,0.008791333064436913,0.0,0.01721550151705742
435,0.6451992392539978,0.5469631552696228,0.7662295699119568,0.6194683909416199,0.8221529722213745,0.6246782541275024,0.7391301393508911,0.7960945963859558,0.5994450449943542,0.7008472681045532,0.8209932446479797,0.7640461921691895,0.920539140701294,0.9474747776985168,0.9082058072090149,0.8513252139091492
438,0.0,0.0,0.0,0.0,0.0,0.0,0.0,0.0,0.0,0.0,0.0,0.0,0.0,0.0,0.0,0.0
443,0.010462095960974693,0.033052120357751846,0.04781516641378403,0.14733631908893585,0.0,0.03838004544377327,0.026280634105205536,0.0,0.07494654506444931,0.014789450913667679,0.02905465103685856,0.0,0.1635913848876953,0.016740970313549042,0.02193901687860489,0.01672341115772724
447,0.0,0.0,0.0,0.0,0.0,0.0,0.0,0.0,0.0,0.0,0.0,0.0,0.0,0.0,0.0,0.0
449,0.0,0.8657878637313843,0.0,0.8896333575248718,0.0,0.0,0.856128454208374,0.8790736794471741,0.0,0.8112819194793701,0.0,0.9063668251037598,0.0,0.8807029724121094,0.8402790427207947,0.0
452,0.0,0.0,0.0,0.0,0.01541583426296711,0.02254900150001049,0.0,0.0,0.0,0.0,0.0,0.0,0.0,0.0,0.0,0.0
464,0.0,0.0,0.0,0.0,0.0,0.0,0.0,0.0,0.0,0.0,0.0,0.0,0.0,0.0,0.0,0.0
467,0.0,0.0,0.0,0.0,0.0,0.0,0.0,0.0,0.0,0.0,0.0,0.0,0.0,0.0,0.0,0.0
469,0.0,0.0,0.0,0.0,0.05326699838042259,0.0924212783575058,0.0,0.0,0.0,0.0,0.0,0.0,0.0,0.0,0.0,0.0
470,0.05422833561897278,0.0,0.17321866750717163,0.0,0.9802144765853882,0.0,0.0,0.0,0.311271995306015,0.0,0.2149931788444519,0.28709250688552856,0.456465482711792,0.579239010810852,0.3020590543746948,0.46063950657844543
474,0.0,0.0,0.0,0.0,0.0,0.0,0.0,0.0,0.0,0.0,0.0,0.0,0.0,0.0,0.0,0.0
477,0.0,0.0,0.0,0.0,0.0,0.0,0.0,0.0,0.0,0.0,0.0,0.0,0.0,0.0,0.0,0.0
479,0.0,0.0,0.0,0.0,0.0,0.0,0.0,0.0,0.0,0.0,0.0,0.0,0.0,0.0,0.0,0.0
480,0.0,0.021742459386587143,0.015599826350808144,0.06468316912651062,0.0,0.00371659267693758,0.11947249621152878,0.0,0.0,0.016332074999809265,0.03137971833348274,0.030382521450519562,0.03679169714450836,0.023198770359158516,0.01893266662955284,0.0339009054005146
481,0.0,0.6903049349784851,0.6938755512237549,0.4804899990558624,0.9047874212265015,0.0,0.2670629918575287,0.9370789527893066,0.9299294948577881,0.9949453473091125,0.0,0.2090192437171936,0.0,0.6078909039497375,0.9278852343559265,0.5164982676506042
487,0.0,0.0,0.0,0.0,0.0,0.0,0.0,0.0,0.0,0.0,0.0,0.0,0.0,0.0,0.0,0.0
494,0.0,0.0,0.0,0.0,0.0,0.0,0.0,0.0,0.0,0.0,0.0,0.0,0.0,0.0,0.0,0.0
496,0.0,0.0,0.0,0.14009301364421844,0.0,0.14946262538433075,0.0,0.0,0.0,0.0,0.0,0.0,0.0,0.0,0.0,0.030911171808838844
505,0.0,0.0,0.0,0.0,0.0,0.0,0.0,0.0,0.0,0.0,0.0,0.0,0.0,0.0,0.0,0.0
513,0.0,0.0,0.0,0.0,0.0,0.0,0.0,0.0,0.0,0.0,0.0,0.0,0.0,0.0,0.0,0.0
518,0.0,0.0,0.0,0.0,0.0,0.0,0.0,0.0,0.0,0.0,0.0,0.0,0.0,0.0,0.0,0.0
520,0.03390321880578995,0.0,0.031192203983664513,0.017971547320485115,0.0,0.0,0.0,0.081174835562706,0.0,0.10376700013875961,0.015962261706590652,0.005964942276477814,0.0,0.0,0.03577450290322304,0.21804234385490417
521,0.23542657494544983,0.12210310250520706,0.0,0.13783137500286102,0.21399688720703125,0.20119932293891907,0.0,0.2620125412940979,0.20603200793266296,0.0,0.0,0.0,0.0,0.0,0.0,0.0
531,0.0,0.0,0.0,0.0,0.0,0.0,0.0,0.0,0.0,0.0,0.0,0.0,0.0,0.0,0.0,0.0
545,0.0,0.0,0.0,0.082881860435009,0.0,0.0,0.0,0.026528500020503998,0.0,0.0,0.0,0.0,0.0,0.11476600170135498,0.0,0.17235949635505676
547,0.0,0.0,0.0,0.0,0.0,0.0,0.0,0.0,0.0,0.0,0.0,0.0,0.0,0.0,0.0,0.0
554,0.29586878418922424,0.19079196453094482,0.0,0.11401573568582535,0.3393889367580414,0.5423243045806885,0.32700207829475403,0.0,0.2620803117752075,0.472197026014328,0.6795650720596313,0.5703596472740173,0.36003950238227844,0.0,0.0,0.0
555,0.0,0.0,0.0,0.0,0.0,0.0,0.0,0.0,0.0,0.0,0.0,0.0,0.0,0.0,0.0,0.0
557,0.9483254551887512,0.0,0.0,0.0,0.0,0.0,0.0,0.0,0.0,0.0,0.0,0.0,0.0,0.97171950340271,0.0,0.0
561,0.0,0.0,0.0,0.0,0.0,0.0,0.0,0.0,0.0,0.0,0.0,0.0,0.0,0.0,0.0,0.0
568,0.0,0.0,0.0,0.0,0.0,0.0,0.0,0.0,0.0,0.0,0.0,0.0,0.0,0.0,0.0,0.0
570,0.0,0.0,0.0,0.0,0.0,0.0,0.0,0.0,0.0,0.0,0.0,0.0,0.0,0.0,0.0,0.0
577,0.0,0.0,0.0,0.0,0.0,0.0,0.0,0.0,0.0,0.0,0.0,0.0,0.0,0.0,0.0,0.0
588,0.0,0.0,0.0,0.0,0.0,0.0,0.0,0.0,0.0,0.0,0.0,0.0,0.0,0.0,0.0,0.0
603,0.0,0.0,0.0,0.0,0.0,0.0,0.0,0.0,0.0,0.0,0.26514101028442383,0.0,0.0,0.0,0.2454179972410202,0.0
613,0.0,0.0,0.0,0.6678311824798584,0.28760337829589844,0.0,0.0,0.0,0.0,0.31396767497062683,0.0,0.0,0.0,0.0,0.0,0.0
622,0.08457371592521667,0.173427015542984,0.1746438592672348,0.0,0.22182461619377136,0.2679457366466522,0.0,0.22800935804843903,0.12935957312583923,0.0,0.04960871860384941,0.008675375021994114,0.2843216359615326,0.1615271270275116,0.15321676433086395,0.24697379767894745
635,0.0,0.0,0.0,0.0,0.0,0.0,0.0,0.0,0.0,0.0,0.0,0.0,0.0,0.0,0.0,0.0
643,0.0,0.0,0.0,0.0,0.0,0.0,0.0,0.0,0.0,0.0,0.0,0.0,0.0,0.0,0.0,0.0
653,0.0,0.0,0.0,0.0,0.0,0.9092746376991272,0.0,0.0,0.020399799570441246,0.0,0.0,0.0,0.0,0.0,0.8753890991210938,0.0
661,0.8851985335350037,0.026778947561979294,0.9190300107002258,0.05107682943344116,0.5589357614517212,0.8497800230979919,0.5179688334465027,0.626157283782959,0.5948266386985779,0.11978320777416229,0.6708943247795105,0.4989599883556366,0.6003140807151794,0.5783769488334656,0.10616979748010635,0.39847370982170105
662,0.0,0.15498335659503937,0.0,0.4598533511161804,0.7008841037750244,0.3792683780193329,0.2972969710826874,0.0,0.29153043031692505,0.35522985458374023,0.0,0.1992083042860031,0.5620684623718262,0.08889143168926239,0.040576156228780746,0.5852383971214294
664,0.0,0.0,0.0,0.0,0.0,0.0,0.0,0.0,0.0,0.0,0.0,0.0,0.0,0.0,0.0,0.0
677,0.0,0.0,0.0,0.0,0.0,0.0,0.0,0.0,0.0,0.0,0.0,0.0,0.0,0.0,0.0,0.0
678,0.0,0.0,0.0,0.0,0.0,0.0,0.0,0.0,0.0,0.0,0.0,0.0,0.0,0.0,0.0,0.0
680,0.10764805227518082,0.0,0.0,0.0,0.34257999062538147,0.16079777479171753,0.0,0.0325080007314682,0.0,0.0,0.0,0.09257882833480835,0.0,0.0,0.0,0.0
681,0.6057977080345154,0.26834359765052795,0.0,0.06626900285482407,0.08911203593015671,0.7268984317779541,0.18958680331707,0.24316342175006866,0.0,0.13124826550483704,0.12557530403137207,0.1371728777885437,0.0,0.020100880414247513,0.0,0.0
684,0.1816893368959427,0.0,0.19255483150482178,0.0,0.0,0.18620167672634125,0.0,0.27950477600097656,0.0,0.0,0.412447065114975,0.2888130843639374,0.05310725048184395,0.0,0.0,0.0658569410443306
689,0.0,0.0,0.0,0.0,0.0,0.0,0.0,0.0,0.0,0.0,0.0,0.0,0.0,0.0,0.0,0.0
695,0.08046333491802216,0.057598501443862915,0.0,0.0,0.0,0.0,0.0,0.0,0.0,0.02666020207107067,0.03692450001835823,0.0,0.0,0.0,0.04612579941749573,0.03330240026116371
704,0.0,0.0,0.0,0.0,0.0,0.0,0.0,0.0,0.0,0.0,0.0,0.0,0.0,0.0,0.0,0.0
724,0.0,0.0,0.0,0.0,0.0,0.0,0.0,0.0,0.0,0.0,0.0,0.0,0.0,0.0,0.0,0.0
725,0.0,0.08313680440187454,0.0,0.0,0.0,0.0,0.0,0.0,0.0,0.0,0.0,0.0,0.35214075446128845,0.4928855895996094,0.0,0.0
731,0.0,0.0,0.0,0.0,0.0,0.0,0.0,0.0,0.0,0.0,0.0,0.0,0.0,0.0,0.0,0.0
737,0.0,0.0,0.0,0.0,0.0,0.0,0.0,0.0,0.0,0.0,0.0,0.0,0.0,0.0,0.0,0.0
738,0.0,0.0,0.0,0.0,0.0,0.0,0.0,0.0,0.0,0.0,0.0,0.0,0.0,0.0,0.0,0.0
751,0.0,0.0,0.0,0.0,0.0,0.0,0.0,0.0,0.0,0.0,0.0,0.12352780252695084,0.0,0.0,0.0,0.0
753,0.7984908819198608,0.6996992230415344,0.5930383205413818,0.5178409218788147,0.6685259938240051,0.662902295589447,0.581937849521637,0.7416970729827881,0.6833828687667847,0.7162116765975952,0.6205231547355652,0.7625967860221863,0.7200597524642944,0.7805282473564148,0.5622743964195251,0.5549042820930481
755,0.0,0.0,0.0,0.0,0.0,0.0,0.0,0.0,0.0,0.0,0.0,0.0,0.0,0.0,0.0,0.0
761,0.0,0.0,0.0,0.0,0.0,0.0,0.0,0.0,0.023087291046977043,0.0,0.0,0.03798215836286545,0.0,0.0,0.0,0.0
762,0.0,0.0,0.0,0.0,0.0,0.0,0.0,0.0,0.0,0.0,0.0,0.0,0.0,0.0,0.0,0.0
766,0.0,0.0,0.23237399756908417,0.44843101501464844,0.14439800381660461,0.0,0.0,0.0,0.0,0.0,0.15412598848342896,0.0,0.7912070155143738,0.0,0.0,0.0
767,0.0,0.0,0.0,0.0,0.0,0.0,0.0,0.0,0.0,0.0,0.0,0.0,0.0,0.0,0.0,0.0
772,0.0,0.0,0.0,0.0,0.0,0.0,0.0,0.0,0.0,0.0,0.0,0.0,0.0,0.0,0.0,0.0
776,0.0,0.0,0.0,0.0,0.0,0.0,0.0,0.0,0.0,0.0,0.0,0.0,0.0,0.0,0.0,0.0
788,0.0,0.0,0.0,0.0,0.0,0.0,0.0,0.0,0.0,0.0,0.0,0.0,0.0,0.0,0.0,0.0
796,0.0,0.0,0.0,0.0,0.0,0.0,0.0,0.0,0.0,0.0,0.0,0.0,0.0,0.0,0.0,0.0
802,0.0,0.0,0.0,0.0,0.0,0.0,0.0,0.0,0.0,0.13347399234771729,0.0,0.0,0.0,0.0,0.0,0.0
806,0.0,0.0,0.0,0.0,0.0,0.0,0.22040799260139465,0.0,0.0,0.0,0.0,0.0,0.0,0.0,0.0,0.0
814,0.0,0.0,0.0,0.0,0.0,0.0,0.0,0.0,0.0,0.0,0.0,0.0,0.0,0.0,0.0,0.0
846,0.0,0.0,0.0,0.0,0.0,0.0,0.0,0.0,0.0,0.07884583622217178,0.0,0.0,0.0,0.0,0.0,0.0
849,0.44752901792526245,0.41231322288513184,0.4128475785255432,0.3421071767807007,0.0,0.4610103368759155,0.35536086559295654,0.35656648874282837,0.19988007843494415,0.19900546967983246,0.0,0.0,0.5113604068756104,0.0,0.2521541714668274,0.5442565083503723
858,0.0,0.0,0.0,0.0,0.0,0.0,0.0,0.0,0.0,0.0,0.0,0.0,0.0,0.0,0.0,0.0
865,0.0,0.0,0.041860707104206085,0.0,0.0,0.0,0.0,0.0,0.03203099966049194,0.0,0.0,0.0,0.0,0.0,0.0,0.0
873,0.0,0.0,0.0,0.0,0.12720227241516113,0.2459937334060669,0.46475350856781006,0.0,0.8259608745574951,0.0,0.0,0.35415011644363403,0.0,0.0,0.0,0.0
882,0.0,0.0,0.0,0.0,0.0,0.0,0.0,0.0,0.0,0.0419326014816761,0.0,0.0,0.0,0.0,0.0,0.0
883,0.0,0.0,0.0,0.0,0.049141574651002884,0.0,0.0,0.0,0.0,0.0,0.0,0.0,0.0,0.0,0.0,0.0
888,0.0,0.0,0.0,0.0,0.0,0.0,0.0,0.0,0.0,0.0,0.0,0.0,0.0,0.0,0.0,0.0
889,0.028645938262343407,0.1968090683221817,0.23970864713191986,0.10876166075468063,0.07705412060022354,0.20248262584209442,0.09747976809740067,0.040813181549310684,0.069485604763031,0.18913209438323975,0.03882747143507004,0.053306758403778076,0.10440970212221146,0.2798875868320465,0.018818087875843048,0.3374544382095337
893,0.17657962441444397,0.03004472702741623,0.0,0.0,0.6666814684867859,0.4453441798686981,0.47563570737838745,0.7562501430511475,0.12426109611988068,0.7842581868171692,0.0,0.0,0.6483511328697205,0.1039080023765564,0.18555159866809845,0.1257406324148178
894,0.0,0.0,0.0,0.0,0.0,0.0,0.0,0.0,0.0,0.0,0.0,0.0,0.0,0.0,0.0,0.0
901,0.0,0.0,0.13948838412761688,0.1754191368818283,0.0,0.0,0.8485814332962036,0.2065679430961609,0.34991174936294556,0.0,0.8689018487930298,0.3474639058113098,0.0,0.0,0.0,0.0
907,0.0,0.0,0.0,0.0,0.0,0.0,0.0,0.0,0.0,0.0,0.0,0.0,0.0,0.0,0.0,0.0
909,0.0,0.0,0.0,0.0,0.0,0.0,0.0,0.0,0.0,0.07209199666976929,0.0,0.0,0.0,0.0,0.0,0.0
918,0.0,0.0,0.0,0.0,0.0,0.0,0.0,0.0,0.0,0.0,0.0,0.0,0.0,0.0,0.0,0.0
921,0.0,0.0,0.0,0.10980182886123657,0.0,0.07875677943229675,0.12917855381965637,0.0,0.04956049844622612,0.00698895612731576,0.01633092388510704,0.0,0.0,0.008403205312788486,0.06633435189723969,0.0
924,0.0,0.0,0.0,0.0,0.0,0.0,0.0,0.0,0.0,0.0,0.0,0.0,0.0,0.0,0.0,0.0
928,0.0,0.0,0.4070628881454468,0.0,0.0,0.0,0.0,0.0,0.0,0.0,0.0,0.0,0.0,0.0,0.0,0.22552233934402466
933,0.0,0.0,0.0,0.0,0.0,0.0,0.0,0.0,0.0,0.0,0.0,0.0,0.0,0.0,0.0,0.0
934,0.0,0.0,0.0,0.0,0.0,0.0,0.0,0.0,0.0,0.0,0.0,0.0,0.0,0.0,0.0,0.0
938,0.0,0.0,0.0,0.13859599828720093,0.0,0.0,0.0,0.0,0.0,0.0,0.0,0.0,0.0,0.0,0.0,0.0
941,0.0,0.0,0.0,0.0,0.0,0.0,0.0,0.0,0.0,0.0,0.0,0.0,0.0,0.0,0.0,0.0
950,0.0,0.0,0.0,0.0,0.0,0.0,0.0,0.0,0.0,0.0,0.0,0.0,0.0,0.0,0.0,0.0
953,0.09857852011919022,0.0,0.029366713017225266,0.0,0.19716857373714447,0.0,0.0,0.02515965886414051,0.03531099855899811,0.026723293587565422,0.0,0.10138335824012756,0.0,0.02726859040558338,0.02383721061050892,0.0
954,0.0,0.0,0.0,0.0,0.0,0.0,0.0,0.0,0.0,0.0,0.0,0.0,0.0,0.0,0.0,0.0
958,0.0,0.0,0.47073301672935486,0.5638133883476257,0.4848646819591522,0.6772255301475525,0.3714756667613983,0.17890600860118866,0.6995453238487244,0.15374808013439178,0.34767577052116394,0.0,0.7984727621078491,0.16672644019126892,0.5664323568344116,0.04782218486070633
960,0.0,0.0,0.0,0.0,0.0,0.0,0.0,0.0,0.0,0.0,0.0,0.0,0.0,0.0,0.0,0.0
969,0.0,0.0,0.0,0.0,0.0,0.0,0.0,0.0,0.0,0.0,0.0,0.0,0.0,0.0,0.0,0.0
970,0.0,0.08547549694776535,0.7184205055236816,0.6468293070793152,0.42092275619506836,0.3263090252876282,0.0,0.0,0.41667065024375916,0.023284070193767548,0.0,0.2877020537853241,0.0,0.28926408290863037,0.0,0.10499078780412674
971,0.0,0.0,0.0,0.0,0.0,0.0,0.0,0.0,0.0,0.0,0.0,0.0,0.0,0.0,0.0,0.0
975,0.1510167419910431,0.16370375454425812,0.3379112184047699,0.4745062589645386,0.13569828867912292,0.11772884428501129,0.7603899836540222,0.3966518044471741,0.2029917985200882,0.09658149629831314,0.1136537492275238,0.22753199934959412,0.2138088047504425,0.12092100828886032,0.13682280480861664,0.21039171516895294
994,0.0,0.2671656608581543,0.20851361751556396,0.0,0.18249234557151794,0.2339051216840744,0.0,0.24701708555221558,0.0,0.3541043698787689,0.21054625511169434,0.31654050946235657,0.26014044880867004,0.0,0.0,0.30728602409362793
997,0.0,0.0,0.0,0.0,0.0,0.0,0.0,0.0,0.0,0.0,0.0,0.0,0.0,0.0,0.0,0.0
1000,0.0,0.0,0.036200229078531265,0.0,0.0,0.0,0.011274541728198528,0.0,0.0,0.0,0.0,0.0,0.0,0.0,0.0,0.003586800070479512
1003,0.0,0.0,0.11710737645626068,0.0,0.0,0.0,0.0,0.0,0.0,0.10000000149011612,0.0,0.0,0.0,0.0,0.006661499850451946,0.0
1006,0.0,0.0,0.0,0.0,0.0,0.0,0.0,0.0,0.0,0.0,0.0,0.0,0.0,0.0,0.0,0.0
1007,0.0,0.0,0.0,0.0,0.0,0.0,0.0,0.0,0.0,0.0,0.0,0.0,0.0,0.0,0.0,0.0
1010,0.27888917922973633,0.37508830428123474,0.2643654942512512,0.058436498045921326,0.17924118041992188,0.5237679481506348,0.13173556327819824,0.09839300811290741,0.0,0.2842198312282562,0.183938667178154,0.022835833951830864,0.3520112931728363,0.0,0.2264818400144577,0.14061784744262695
1014,0.18441009521484375,0.7065542340278625,0.1456294059753418,0.8218151926994324,0.49899399280548096,0.343810111284256,0.7268619537353516,0.8684212565422058,0.012256278656423092,0.8475841283798218,0.19571280479431152,0.24803544580936432,0.8792541027069092,0.720913290977478,0.058157820254564285,0.30136194825172424
1017,0.0,0.0,0.0,0.0,0.0,0.0,0.0,0.0,0.0,0.0,0.0,0.0,0.0,0.0,0.0,0.0
1018,0.0,0.7332395315170288,0.5328553915023804,0.4411356747150421,0.5896381139755249,0.6173449754714966,0.6430209875106812,0.37017491459846497,0.0,0.140936478972435,0.23287814855575562,0.4322270452976227,0.34469398856163025,0.9396464824676514,0.8151593208312988,0.28845587372779846
1023,0.0,0.0,0.0,0.0,0.0,0.0,0.0,0.0,0.0,0.0,0.0,0.0,0.0,0.0,0.0,0.0
1029,0.0,0.0,0.0,0.0,0.0,0.0,0.0,0.0,0.0,0.0,0.0,0.0,0.0,0.0,0.0,0.0
1031,0.0,0.0,0.0,0.0,0.0,0.0,0.0,0.0,0.0,0.0,0.030187584459781647,0.0,0.0,0.0,0.0,0.0
1032,0.0,0.0,0.0,0.0,0.0,0.0,0.0,0.0,0.0,0.0,0.0,0.0,0.0,0.0,0.0,0.0
1035,0.19310137629508972,0.011997059918940067,0.3918084502220154,0.0,0.16050118207931519,0.0963628739118576,0.3532313406467438,0.10078852623701096,0.20778703689575195,0.33018919825553894,0.23025959730148315,0.24894912540912628,0.28863364458084106,0.26945289969444275,0.3139757215976715,0.4251534044742584
1040,0.0,0.0,0.0,0.0,0.0,0.0,0.0,0.0,0.0,0.0,0.0,0.0,0.0,0.0,0.0,0.0
1042,0.0,0.0,0.0,0.0,0.0,0.0,0.0,0.0,0.0,0.0,0.0,0.0,0.0,0.0,0.0,0.0
1049,0.0,0.6176786422729492,0.0,0.6484780311584473,0.0,0.03804820030927658,0.09582933783531189,0.2810072600841522,0.7448232769966125,0.14424434304237366,0.0,0.0,0.24555400013923645,0.0,0.0,0.0
1051,0.0,0.0,0.0,0.0,0.0,0.0,0.0,0.0,0.0,0.0,0.0,0.0,0.0,0.0,0.0,0.0
1052,0.0,0.0,0.5412825345993042,0.0,0.7555117011070251,0.0,0.0,0.0,0.0,0.47993311285972595,0.8259572386741638,0.6467190980911255,0.21590550243854523,0.0,0.9780349731445312,0.33841565251350403
1060,0.0,0.0,0.0,0.0,0.0,0.0,0.0,0.0,0.0,0.0,0.0,0.0,0.0,0.0,0.0,0.0
1067,0.0,0.2787836194038391,0.0,0.0,0.3818452060222626,0.48308223485946655,0.23608547449111938,0.5495797991752625,0.0,0.5361363887786865,0.6366440653800964,0.0,0.0,0.3603494167327881,0.45187440514564514,0.666056215763092
1069,0.0,0.0,0.0,0.0,0.0,0.0,0.0,0.0,0.0,0.0,0.0,0.0,0.0,0.0,0.0,0.0
1070,0.0,0.0,0.0,0.0,0.0,0.0,0.0,0.0,0.0,0.0,0.0,0.0,0.0,0.0,0.0,0.0
1071,0.0,0.0,0.0,0.0,0.0,0.0,0.0,0.0,0.0,0.0,0.0,0.0,0.0,0.0,0.0,0.0
1075,0.0,0.0,0.0,0.0,0.0,0.0,0.0,0.0,0.0,0.0,0.0,0.0,0.0,0.0,0.0,0.0
1079,0.0,0.8771809935569763,0.3503589332103729,0.0,0.0,0.0,0.8752233386039734,0.0,0.0,0.0,0.0,0.2403516173362732,0.0,0.0,0.8547089695930481,0.8058964610099792
1083,0.0,0.0,0.15925434231758118,0.30732461810112,0.021293167024850845,0.03042006865143776,0.0,0.019284401088953018,0.0,0.3534815013408661,0.3287564218044281,0.0,0.1981882005929947,0.1280899941921234,0.21242821216583252,0.0
1086,0.0,0.0,0.0,0.0,0.0,0.0,0.0,0.0,0.0,0.0,0.0,0.0,0.0,0.0,0.0,0.0
1091,0.0,0.0,0.0,0.0,0.0,0.21905267238616943,0.08717121183872223,0.0,0.1307545006275177,0.0,0.0,0.0,0.0,0.017895499244332314,0.0,0.0
1093,0.0,0.0,0.0,0.0,0.0,0.0,0.0,0.0,0.0,0.0,0.0,0.0,0.0,0.0,0.0,0.0
1103,0.04386942833662033,0.0,0.627822995185852,0.0,0.0,0.22094565629959106,0.09586624801158905,0.0,0.04831082746386528,0.12766514718532562,0.0,0.0,0.0,0.026122719049453735,0.0,0.08825702965259552
1115,0.0,0.22758175432682037,0.0,0.18835416436195374,0.13471950590610504,0.14281757175922394,0.1926334649324417,0.0,0.0,0.17202404141426086,0.0,0.0,0.0,0.0,0.2066546231508255,0.18020795285701752
1119,0.45040619373321533,0.36937204003334045,0.1934666931629181,0.46941521763801575,0.37615343928337097,0.23200476169586182,0.3516179621219635,0.2571510374546051,0.3443635404109955,0.4503690004348755,0.0,0.12182541191577911,0.2722712755203247,0.3356441855430603,0.511216402053833,0.0
1122,0.0,0.0,0.0,0.0,0.0,0.10072900354862213,0.0,0.08621591329574585,0.128520667552948,0.0,0.0,0.0,0.0,0.0,0.0,0.15354149043560028
1133,0.0,0.048549167811870575,0.10079844295978546,0.0,0.0,0.012489714659750462,0.0,0.0,0.0,0.0,0.05139128863811493,0.03459566831588745,0.0,0.0,0.0,0.0
1139,0.0,0.0,0.0,0.0,0.0,0.0,0.0,0.0,0.0,0.0,0.0,0.0,0.0,0.0,0.0,0.0
1145,0.0,0.0,0.0,0.0,0.0,0.0,0.0,0.0,0.0,0.0,0.0,0.0,0.0,0.0,0.0,0.0
1147,0.6877399682998657,0.0,0.0,0.0,0.792398989200592,0.0,0.0,0.8285625576972961,0.39849022030830383,0.0,0.9248169660568237,0.0,0.2728995978832245,0.34812620282173157,0.4542514383792877,0.6191883683204651
1150,0.0,0.0,0.23157301545143127,0.0,0.0,0.0,0.0,0.0,0.0,0.0,0.0,0.0,0.0,0.0,0.3061334490776062,0.0
1154,0.2270340472459793,0.0,0.0,0.0,0.0,0.0,0.0,0.0,0.0,0.0,0.0,0.0,0.0,0.0,0.0,0.0
1157,0.0,0.0,0.0,0.0,0.0,0.0,0.0,0.0,0.0,0.0,0.0,0.0,0.0,0.0,0.0,0.0
1164,0.33240458369255066,0.7235491275787354,0.9958152174949646,0.8092334866523743,0.99603271484375,0.12163010239601135,0.9834893941879272,0.5308546423912048,0.5497328639030457,0.10534990578889847,0.46554821729660034,0.7289384007453918,0.9742469787597656,0.6898793578147888,0.8393568396568298,0.25338199734687805
1165,0.0,0.0,0.0,0.0,0.0,0.0,0.0,0.0,0.0,0.0,0.0,0.0,0.0,0.0,0.0,0.0
1191,0.0,0.0,0.0,0.0,0.0,0.0,0.0,0.0,0.0,0.0,0.0,0.0,0.0,0.0,0.0,0.0
1197,0.0,0.0,0.0,0.0,0.0,0.0,0.0,0.0,0.0,0.0,0.0,0.0,0.0,0.0,0.0,0.0
1200,0.0,0.0,0.0,0.0,0.0,0.0,0.0,0.0,0.0,0.0,0.0,0.0,0.0,0.0,0.0,0.0
1204,0.0,0.0,0.0,0.0,0.0,0.0,0.0,0.0,0.0,0.0,0.0,0.0,0.0,0.0,0.0,0.0
1207,0.0,0.0,0.0,0.0,0.0,0.0,0.0,0.0,0.0,0.0,0.0,0.0,0.0,0.0,0.0,0.0
1211,0.5753554701805115,0.6585739850997925,0.9887264966964722,0.7386704683303833,0.972297728061676,0.5158473253250122,0.979286253452301,0.755005419254303,0.5878599286079407,0.9982399940490723,0.9981629848480225,0.9454027414321899,0.5469374060630798,0.9936277270317078,0.9877085089683533,0.8981818556785583
1218,0.0,0.0,0.0,0.0,0.0,0.0,0.0,0.0,0.0,0.0,0.0,0.0,0.0,0.0,0.0,0.0
1240,0.0,0.0,0.0,0.0,0.0,0.0,0.0,0.0,0.0,0.0,0.0,0.0,0.0,0.0,0.0,0.0
1244,0.0,0.0,0.0,0.0,0.0,0.0,0.0,0.0,0.0,0.0,0.0,0.0,0.0,0.0,0.0,0.0
1246,0.0,0.0,0.0,0.0,0.0,0.0,0.0,0.0,0.0,0.0,0.9919959902763367,0.0,0.0,0.0,0.0,0.0
1266,0.0,0.22051596641540527,0.860012412071228,0.0,0.4580915868282318,0.9391224980354309,0.23095154762268066,0.0,0.33307701349258423,0.40965381264686584,0.01767626963555813,0.0,0.23484745621681213,0.7646026611328125,0.0,0.24957270920276642
1270,0.0,0.0,0.0,0.0,0.0,0.0,0.0,0.0,0.0,0.0,0.0,0.0,0.0,0.0,0.0,0.0
1272,0.0,0.0,0.0,0.0,0.0,0.0,0.0,0.0,0.0,0.0,0.0,0.0,0.0,0.0,0.0,0.0
1274,0.0,0.0,0.0,0.0,0.0,0.0,0.0,0.0,0.0,0.0,0.0,0.0,0.20005999505519867,0.0,0.0,0.10619885474443436
1280,0.0,0.0,0.0,0.0,0.0,0.0,0.0,0.0,0.0,0.0,0.0,0.0,0.0,0.0,0.0,0.0
1282,0.24294500052928925,0.5731726884841919,0.39732733368873596,0.3277601897716522,0.6429438591003418,0.0,0.22067324817180634,0.4547971189022064,0.7191859483718872,0.06381120532751083,0.6584921479225159,0.2857142984867096,0.0,0.23589444160461426,0.29508176445961,0.305212140083313
1295,0.0,0.0,0.0,0.0,0.0,0.0,0.0,0.0,0.0,0.0,0.0,0.0,0.0,0.0,0.0,0.0
1300,0.0,0.0,0.0,0.0,0.0,0.0,0.0,0.0,0.0,0.0,0.0,0.0,0.0,0.0,0.0,0.0
1301,0.0,0.0,0.0,0.0,0.0,0.0,0.0,0.0,0.0,0.0,0.0,0.0,0.0,0.0,0.0,0.0
1321,0.0,0.0,0.0,0.0,0.0,0.0,0.0,0.0,0.0,0.0,0.0,0.0,0.0,0.0,0.0,0.0
1327,0.14509227871894836,0.37785470485687256,0.0,0.0,0.0,0.0,0.23768733441829681,0.0,0.8858355283737183,0.0,0.0,0.0,0.6374084949493408,0.0,0.0,0.0
1330,0.0,0.0,0.0,0.0,0.0,0.0,0.0,0.0,0.0,0.0,0.0,0.0,0.0,0.0,0.0,0.0
1337,0.8818145394325256,0.5303362607955933,0.12110083550214767,0.9934327006340027,0.43501338362693787,0.8133789300918579,0.16632753610610962,0.34397199749946594,0.8250879049301147,0.2693721055984497,0.9653534889221191,0.8151974081993103,0.3535517156124115,0.5803776979446411,0.980333685874939,0.9772366285324097
1340,0.0,0.0,0.0,0.0,0.0,0.0,0.0,0.0,0.0,0.0,0.0,0.0,0.0,0.0,0.0,0.0
1341,0.0,0.0,0.0,0.0,0.0,0.0,0.013518000021576881,0.0,0.030561000108718872,0.044397998601198196,0.0,0.0,0.0,0.0,0.0,0.0
1344,0.0,0.36399656534194946,0.0,0.0,0.0,0.08795750141143799,0.0,0.0,0.0,0.1727035492658615,0.0,0.0,0.0,0.0,0.0,0.0
1349,0.0,0.0,0.0,0.0,0.0,0.0,0.0,0.0,0.0,0.0,0.0,0.0,0.0,0.0,0.0,0.0
1358,0.0,0.0,0.0,0.0,0.0,0.0,0.0,0.0,0.0,0.0,0.0,0.0,0.0,0.0,0.0,0.0
1368,0.0,0.0,0.0,0.0,0.0,0.0,0.0,0.0,0.0,0.0,0.0,0.0,0.0,0.0,0.0,0.0
1372,0.12462033331394196,0.0,0.0,0.0,0.0,0.0,0.0,0.0,0.19298849999904633,0.0,0.0,0.03658699989318848,0.08085966110229492,0.0,0.0,0.23616300523281097
1375,0.0,0.0,0.0,0.0,0.0,0.0,0.0,0.0,0.0,0.0,0.0,0.0,0.0,0.0,0.0,0.0
1380,0.0,0.0,0.0,0.0,0.0,0.0,0.0,0.0,0.0,0.0,0.0,0.0,0.0,0.0,0.0,0.171537846326828
1384,0.0,0.08286824822425842,0.0,0.0,0.0,0.04116400331258774,0.0,0.02197200059890747,0.0,0.0,0.0027779999654740095,0.0,0.0,0.0,0.0,0.0
1388,0.0,0.0,0.0,0.0,0.0,0.0,0.0,0.0,0.0,0.0,0.0,0.0,0.0,0.0,0.0,0.0
1391,0.0,0.0,0.0,0.0,0.0,0.0,0.0,0.0,0.0,0.0,0.0,0.0,0.0,0.0,0.0,0.0
1398,0.0,0.0,0.0,0.4252983629703522,0.0,0.0,0.0848010927438736,0.0,0.0,0.0,0.35668182373046875,0.0,0.26083213090896606,0.0,0.22554484009742737,0.0
1399,0.0,0.0,0.0,0.0,0.0,0.0,0.0,0.0,0.0,0.0,0.0,0.0,0.0,0.0,0.0,0.0
1404,0.8156469464302063,0.43352606892585754,0.9789170026779175,0.9513590335845947,0.9393031597137451,0.9607466459274292,0.9586871862411499,0.32879912853240967,0.9829720854759216,0.7692760825157166,0.8698848485946655,0.6291888356208801,0.9565698504447937,0.41732117533683777,0.5800374150276184,0.8230968713760376
1407,0.0,0.0,0.0,0.0,0.0,0.0,0.0,0.0,0.0,0.0,0.0,0.0,0.0,0.0,0.0,0.0
1410,0.591891348361969,0.9122137427330017,0.7219403982162476,0.0,0.0,0.738969624042511,0.4731830060482025,0.6545976996421814,0.5211330056190491,0.4083614945411682,0.6364863514900208,0.9762510061264038,0.0,0.0,0.8232463002204895,0.08743199706077576
1415,0.48810523748397827,0.9778609871864319,0.9408980011940002,0.0,0.0,0.47085100412368774,0.4752329885959625,0.0,0.9697039723396301,0.0,0.0,0.0,0.0,0.0,0.0,0.11481200158596039
1417,0.0,0.0,0.0,0.0,0.0,0.0,0.0,0.0,0.0,0.0,0.0,0.0,0.0,0.0,0.0,0.0
1425,0.0,0.0,0.0,0.01652771607041359,0.0,0.0,0.05340614169836044,0.0,0.1729181557893753,0.033279288560152054,0.039585717022418976,0.03070671483874321,0.0,0.0,0.012755857780575752,0.2794325053691864
1429,0.0,0.0,0.0,0.0,0.0,0.0,0.0,0.0,0.0,0.0,0.0,0.0,0.0,0.0,0.0,0.0
1433,0.03364650160074234,0.0,0.0,0.0,0.0,0.0,0.0,0.0,0.0,0.0,0.0,0.0,0.0,0.0,0.0,0.0
1436,0.0,0.0,0.0,0.0,0.0,0.0,0.0,0.0,0.0,0.0,0.0,0.0,0.0,0.0,0.0,0.0
1437,0.0,0.011566083878278732,0.0407114177942276,0.10816376656293869,0.1792551726102829,0.034735918045043945,0.020424166694283485,0.022540751844644547,0.0,0.003198416670784354,0.023586750030517578,0.013632666319608688,0.6033332943916321,0.05647436901926994,0.0,0.0
1438,0.0,0.0,0.0,0.0,0.0,0.0,0.0,0.0,0.0,0.0,0.0,0.0,0.0,0.0,0.0,0.0
1439,0.0,0.0,0.0,0.10674300044775009,0.0,0.0,0.0,0.0,0.0,0.0,0.0,0.0,0.0,0.0,0.0,0.0
1441,0.0800115168094635,0.08647744357585907,0.1265162229537964,0.0,0.12117312103509903,0.13718076050281525,0.0,0.14630214869976044,0.08608659356832504,0.121151864528656,0.0,0.13797201216220856,0.0,0.0,0.08294711261987686,0.2060765027999878
1452,0.6823359727859497,0.7274309992790222,0.3956179916858673,0.5102890133857727,0.2927030026912689,0.33483800292015076,0.557666003704071,0.0,0.0,0.11514899879693985,0.40263301134109497,0.6504889726638794,0.0,0.40799498558044434,0.0,0.3109700083732605
1457,0.04487885907292366,0.0,0.0,0.3355748653411865,0.0,0.02290542982518673,0.0,0.0,0.08651871979236603,0.0,0.03292785957455635,0.008477428928017616,0.15496857464313507,0.0,0.2293684482574463,0.0
1465,0.0,0.0,0.0,0.0,0.0,0.0,0.0,0.0,0.0,0.0,0.0,0.0,0.0,0.0,0.0,0.0
1467,0.0,0.0,0.0,0.0,0.1080084964632988,0.0,0.0,0.0,0.0,0.0,0.11450699716806412,0.0,0.0,0.0,0.0,0.0
1480,0.0,0.0,0.0,0.0,0.0,0.0,0.0,0.0,0.0,0.0,0.0,0.0,0.0,0.0,0.0,0.0
1481,0.0,0.0,0.0,0.0,0.0,0.0,0.0,0.0,0.0,0.0,0.0,0.0,0.0,0.0,0.0,0.0
1485,0.23247088491916656,0.1362469345331192,0.0,0.10222732275724411,0.7055975794792175,0.0,0.0,0.08055810630321503,0.3184727132320404,0.0,0.13605144619941711,0.11976748704910278,0.20093925297260284,0.5302512645721436,0.6794145107269287,0.0
1486,0.0,0.0,0.0,0.0,0.0,0.0,0.0,0.0,0.0,0.0,0.0,0.0,0.10344233363866806,0.0,0.1382645070552826,0.0
1500,0.0,0.0,0.0,0.0,0.0,0.0,0.0,0.0,0.0,0.0,0.0,0.0,0.0,0.0,0.0,0.0
1501,0.0,0.08770645409822464,0.0,0.07768914848566055,0.0,0.0,0.05829701945185661,0.11738082021474838,0.19675970077514648,0.0738188624382019,0.0,0.06671591103076935,0.22399790585041046,0.09504488855600357,0.1173948347568512,0.0
1507,0.0,0.0,0.0,0.0,0.0,0.0,0.0,0.0,0.0,0.0,0.0,0.0,0.0,0.0,0.0,0.0
1515,0.9487488865852356,0.09078999608755112,0.9839934706687927,0.0,0.0,0.9880380034446716,0.9753732681274414,0.0,0.988057017326355,0.7847270369529724,0.0,0.9962016344070435,0.9863433241844177,0.0,0.0,0.5471130609512329
1517,0.0,0.0,0.0,0.0,0.0,0.0,0.0,0.0,0.0,0.0,0.0,0.0,0.0,0.0,0.0,0.0
1518,0.0,0.0,0.0,0.0,0.0,0.0,0.0,0.0,0.0,0.0,0.0,0.0,0.0,0.0,0.0,0.0
1532,0.0,0.0,0.0,0.0,0.0,0.0,0.0,0.0,0.0,0.0,0.0,0.0,0.0,0.0,0.0,0.0
1533,0.0,0.0,0.0,0.0,0.0,0.0,0.0,0.0,0.0,0.0,0.0,0.0,0.0,0.0,0.0,0.0
1538,0.0,0.0,0.0,0.0,0.0,0.0,0.0,0.0,0.0,0.0,0.0,0.0,0.0,0.04590659961104393,0.0,0.0
1540,0.1611732691526413,0.25108957290649414,0.0,0.18500736355781555,0.20030459761619568,0.0,0.0,0.1768094003200531,0.11141214519739151,0.0,0.16432304680347443,0.23287177085876465,0.13564959168434143,0.0,0.09640932083129883,0.0
1542,0.0,0.0,0.0,0.0,0.0,0.0,0.0,0.0,0.0,0.0,0.0,0.0,0.0,0.0,0.0,0.0
1547,0.0,0.1349613517522812,0.04812968894839287,0.0,0.17093431949615479,0.0,0.22914661467075348,0.21754689514636993,0.37159544229507446,0.32615140080451965,0.0,0.0,0.08215335756540298,0.0,0.19700896739959717,0.30394959449768066
1558,0.0,0.0,0.0,0.0,0.017001600936055183,0.0,0.0,0.0,0.0,0.0,0.0,0.0,0.0,0.0,0.0,0.0
1560,0.18434162437915802,0.0,0.0,0.5828102827072144,0.0,0.03613922372460365,0.0,0.040945835411548615,0.5050635933876038,0.0,0.08645467460155487,0.0,0.7634286284446716,0.7016894221305847,0.0,0.03921100124716759
1575,0.0,0.0,0.0,0.0,0.0,0.0,0.0,0.0,0.0,0.0,0.0,0.0,0.0,0.0,0.0,0.0
1576,0.01951025053858757,0.24722687900066376,0.15090714395046234,0.0,0.2937473654747009,0.04935078322887421,0.20785684883594513,0.1684018224477768,0.20371370017528534,0.6278882026672363,0.1261785328388214,0.0,0.029646800830960274,0.3775460124015808,0.22090564668178558,0.21008367836475372
1587,0.0,0.0,0.0,0.0,0.0,0.0,0.0,0.0,0.0,0.0,0.0,0.0,0.0,0.0,0.0,0.0
1588,0.0,0.0,0.0,0.0,0.0,0.0,0.0,0.0,0.0,0.0,0.0,0.0,0.0,0.02951199933886528,0.0,0.0
1589,0.0,0.0,0.0,0.0,0.0,0.0,0.0,0.0,0.0,0.0,0.0,0.0,0.0,0.0,0.0,0.0
1591,0.3035704791545868,0.3409290313720703,0.3454129993915558,0.2963752746582031,0.23496852815151215,0.16486382484436035,0.46150290966033936,0.1959524303674698,0.22464537620544434,0.16795828938484192,0.8409553170204163,0.2151973694562912,0.6951763033866882,0.15654242038726807,0.6342329978942871,0.45470619201660156
1592,0.01896500028669834,0.0,0.025540750473737717,0.0,0.062319498509168625,0.0,0.0,0.050030000507831573,0.0,0.0,0.0,0.0,0.0,0.0,0.0,0.0
1595,0.0,0.0,0.0,0.0,0.0,0.0,0.0,0.0,0.0,0.0,0.0,0.0,0.0,0.0,0.0,0.0
1607,0.0,0.0,0.0,0.0,0.0,0.0,0.0,0.0,0.0,0.0,0.0,0.0,0.0,0.0,0.0,0.0
1611,0.0,0.0,0.0,0.0,0.0,0.0,0.0,0.0,0.0,0.0,0.0,0.0,0.0,0.0,0.0,0.0
1630,0.0,0.0,0.0,0.0,0.0,0.0,0.0,0.0,0.0,0.0,0.0,0.0,0.0,0.0,0.0,0.0
1634,0.0,0.0,0.0,0.0,0.0,0.0,0.0,0.0,0.0,0.0,0.0,0.0,0.0,0.0,0.0,0.0
1653,0.0,0.1258690506219864,0.11009501665830612,0.0,0.0,0.0,0.1599474847316742,0.0,0.0,0.13298532366752625,0.023795392364263535,0.44681864976882935,0.07955071330070496,0.12187514454126358,0.0,0.0
1655,0.0,0.0,0.0,0.0,0.0,0.0,0.0,0.0,0.0,0.0,0.0,0.0,0.0,0.0,0.0,0.0
1664,0.313782662153244,0.602611780166626,0.7825677394866943,0.8773972392082214,0.7136567234992981,0.3027542233467102,0.8097658753395081,0.761735737323761,0.6439066529273987,0.610154390335083,0.6876174807548523,0.7388144135475159,0.6563997268676758,0.5307468771934509,0.39539340138435364,0.49010029435157776
1667,0.407870352268219,0.2266683280467987,0.023953666910529137,0.10326433181762695,0.0,0.10084399580955505,0.08841133117675781,0.049148399382829666,0.33197033405303955,0.004927000030875206,0.10480966418981552,0.0,0.06650133430957794,0.20754699409008026,0.21962134540081024,0.11960934102535248
1672,0.7257565855979919,0.7247520685195923,0.8855621218681335,0.15575388073921204,0.6351464986801147,0.7675245404243469,0.05556264892220497,0.8216488361358643,0.5100305080413818,0.056774821132421494,0.6101913452148438,0.8502458930015564,0.1661010980606079,0.3429018557071686,0.37886855006217957,0.6663073897361755
1684,0.0,0.0,0.0,0.0,0.0,0.0,0.0,0.0,0.0,0.0,0.0,0.0,0.0,0.0,0.0,0.0
1687,0.0,0.0,0.0,0.0,0.08209099620580673,0.0,0.0,0.0,0.0,0.0,0.0,0.0,0.054262999445199966,0.0,0.0,0.0
1707,0.0,0.0,0.2832653522491455,0.0,0.0,0.0,0.025498999282717705,0.0,0.0,0.0,0.0,0.0,0.0,0.0,0.0,0.09283500164747238
1709,0.0,0.0,0.0,0.0,0.0,0.0,0.0,0.0,0.0,0.0,0.0,0.0,0.0,0.0,0.0,0.0
1713,0.3115087151527405,0.3089882731437683,0.3935399055480957,0.3793157935142517,0.6599858403205872,0.4270426332950592,0.44135379791259766,0.3285828232765198,0.5802826881408691,0.34359806776046753,0.5329282879829407,0.33250537514686584,0.6016774773597717,0.3537958562374115,0.2792837619781494,0.422985315322876
1718,0.0,0.0,0.0,0.0,0.0,0.0,0.0,0.0,0.0,0.0,0.0,0.0,0.0,0.0,0.0,0.0
1720,0.0,0.0,0.0,0.0,0.0,0.0,0.0,0.0,0.21847249567508698,0.0,0.0,0.0,0.0,0.0,0.0,0.2537110447883606
1721,0.09128987044095993,0.0,0.0,0.04954411834478378,0.0,0.0,0.049123700708150864,0.0,0.0,0.0,0.1074933186173439,0.1317998468875885,0.0,0.05116117745637894,0.0503833033144474,0.0
1726,0.0,0.19384223222732544,0.08654604107141495,0.0,0.17970912158489227,0.0,0.0,0.0,0.0,0.1470351666212082,0.0,0.06543529033660889,0.0,0.16408643126487732,0.09969332814216614,0.0
1734,0.18976041674613953,0.07736433297395706,0.19500470161437988,0.10784975439310074,0.0,0.16212286055088043,0.0,0.09414562582969666,0.0,0.0867903083562851,0.0,0.0,0.0,0.17216813564300537,0.0,0.13128599524497986
1745,0.8799510598182678,0.7932418584823608,0.8435265421867371,0.9254441261291504,0.9036602973937988,0.9643691182136536,0.8824807405471802,0.8917486071586609,0.9742938876152039,0.8089295029640198,0.7468987107276917,0.9558148384094238,0.8087236285209656,0.9598686695098877,0.9235738515853882,0.8042394518852234
1749,0.0,0.0,0.0,0.0,0.0,0.0,0.0,0.0,0.0,0.0,0.0,0.0,0.0,0.0,0.0,0.0
1753,0.14447253942489624,0.21167074143886566,0.0,0.0,0.0,0.18665382266044617,0.0,0.15389837324619293,0.0,0.0,0.0,0.20371487736701965,0.0,0.24382133781909943,0.11493854224681854,0.0
1757,0.4490383565425873,0.0,0.0,0.2793433368206024,0.0,0.22281897068023682,0.26370590925216675,0.0,0.0,0.22621901333332062,0.0,0.0,0.0,0.0,0.35041695833206177,0.0
1765,0.0,0.0,0.0,0.0,0.0,0.0,0.0,0.0,0.0,0.0,0.0,0.0,0.0,0.0,0.0,0.0
1772,0.0,0.0,0.0,0.0,0.0,0.0,0.0,0.0,0.0,0.0,0.0,0.0,0.0,0.0,0.0,0.0
1775,0.0,0.0,0.0,0.0,0.0,0.773589015007019,0.4112775921821594,0.0,0.0,0.0,0.0,0.0,0.0,0.0,0.0,0.0
1782,0.0,0.0,0.0,0.0,0.0,0.0,0.0,0.0,0.0,0.0,0.0,0.0,0.0,0.0,0.0,0.0
1786,0.0,0.0,0.0,0.0,0.0,0.0,0.0,0.0,0.0,0.0,0.0,0.0,0.0,0.0,0.0,0.0
1788,0.0,0.0,0.0,0.0,0.0,0.0,0.0,0.0,0.0,0.0,0.0,0.0,0.0,0.0,0.0,0.0
1808,0.0,0.0,0.0,0.0,0.0,0.0,0.0,0.0,0.0,0.0,0.0,0.0,0.0,0.0,0.0,0.0
1816,0.0,0.0,0.0,0.0,0.0,0.0,0.0,0.0,0.0,0.0,0.0,0.0,0.0,0.0,0.0,0.0
1825,0.0,0.0,0.0,0.0,0.0,0.0,0.0,0.0,0.0,0.0,0.0,0.0,0.0,0.0,0.0,0.0
1833,0.0,0.0,0.0,0.0,0.0,0.0,0.0,0.0,0.0,0.0,0.0,0.0,0.0,0.0,0.0,0.0
1840,0.0,0.0,0.0,0.0,0.0,0.0,0.0,0.0,0.0,0.0,0.0,0.0,0.0,0.0,0.0,0.0
1850,0.9696400165557861,0.0,0.0,0.0,0.0,0.28255897760391235,0.0,0.0,0.0,0.0,0.0,0.0,0.0,0.0,0.0,0.0
1856,0.0,0.0,0.0,0.0,0.0,0.0,0.0,0.0,0.13197200000286102,0.06987783312797546,0.0,0.07731799781322479,0.0,0.0,0.0,0.08070699870586395
1858,0.0,0.0,0.0,0.0,0.0,0.0,0.0,0.0,0.0,0.0,0.0,0.0,0.0,0.0,0.0,0.0
1860,0.0,0.8973504900932312,0.0,0.0,0.0,0.0,0.0,0.0,0.0,0.0,0.0,0.0,0.0,0.0,0.7963887453079224,0.0
1865,0.0,0.0,0.0,0.0,0.0,0.0,0.0,0.0,0.0,0.0,0.04374108463525772,0.0,0.0,0.0,0.0,0.0
1874,0.4252626597881317,0.2754592001438141,0.0,0.35139089822769165,0.27440133690834045,0.26804593205451965,0.0,0.4397578835487366,0.0,0.0,0.3172282874584198,0.0,0.0,0.23693907260894775,0.2631286680698395,0.32448962330818176
1880,0.0,0.17176488041877747,0.2996744215488434,0.8196450471878052,0.0,0.10371813178062439,0.0,0.0,0.25674447417259216,0.5113207101821899,0.039889197796583176,0.0,0.0,0.1315596103668213,0.16344980895519257,0.0
1881,0.0,0.1460377722978592,0.0,0.0,0.038769375532865524,0.0,0.0,0.0,0.0,0.0,0.0,0.0,0.009098591282963753,0.0,0.0,0.0
1891,0.0,0.0,0.0,0.0,0.0,0.04507900029420853,0.0,0.0,0.0,0.0,0.0,0.0,0.0,0.0,0.0,0.0
1899,0.0,0.0,0.0,0.0,0.0,0.0,0.0,0.0,0.0,0.0,0.0,0.0,0.0,0.0,0.0,0.0
1903,0.0,0.0,0.0,0.0,0.0,0.0,0.0,0.0,0.0,0.0,0.0,0.0,0.0,0.0,0.0,0.0
1907,0.0,0.0,0.0,0.0,0.0,0.0,0.0,0.0,0.0,0.0,0.0,0.0,0.0,0.0,0.0,0.0
1911,0.14584393799304962,0.24362176656723022,0.0,0.25059983134269714,0.0,0.23409748077392578,0.2681950330734253,0.30450552701950073,0.20338232815265656,0.0,0.0,0.0,0.19697268307209015,0.22862732410430908,0.12680764496326447,0.0
1920,0.0,0.0,0.0,0.0,0.0,0.0,0.0,0.0,0.0,0.0,0.0,0.0,0.0,0.0,0.0,0.0
1931,0.0,0.0,0.0,0.0,0.6393681764602661,0.0,0.5901687145233154,0.3921498954296112,0.1785256266593933,0.0,0.0,0.0,0.0,0.0,0.0,0.4750273823738098
1934,0.0,0.0,0.0,0.09544268995523453,0.0,0.11163711547851562,0.0,0.06609735637903214,0.1379859745502472,0.0,0.0,0.0,0.14405256509780884,0.0,0.0,0.04531588405370712
1939,0.0,0.42271724343299866,0.0,0.0,0.0,0.38378268480300903,0.0,0.23609188199043274,0.0,0.0,0.0,0.0,0.0,0.6545158624649048,0.0,0.0
1946,0.0,0.0,0.0,0.0,0.0,0.0,0.0,0.0,0.0,0.0,0.0,0.0,0.0,0.0,0.0,0.0
1958,0.0,0.0,0.0,0.0,0.0,0.0,0.0,0.0,0.0,0.0,0.0,0.0,0.0,0.0,0.0,0.16495612263679504
1960,0.0,0.0,0.0,0.0,0.0,0.0,0.0,0.0,0.0,0.0,0.0,0.0,0.0,0.0,0.0,0.0
1976,0.0,0.0,0.0,0.0,0.0,0.0,0.0,0.0,0.0,0.0,0.0,0.0,0.0,0.0,0.0,0.0
1984,0.0,0.0,0.0,0.0,0.0,0.0,0.0,0.0,0.0,0.0,0.0,0.0,0.0,0.0,0.0,0.0
1993,0.0,0.0,0.0,0.0,0.0,0.0,0.0,0.0,0.0,0.0,0.0,0.0,0.0,0.0,0.0,0.0
2001,0.0,0.0,0.0,0.0,0.0,0.0,0.0,0.08416599780321121,0.0,0.0,0.0,0.0,0.0,0.0,0.0,0.0
2005,0.0,0.0,0.0,0.0,0.0,0.0,0.0,0.0,0.0,0.0,0.0,0.0,0.0,0.0,0.0,0.0
2006,0.0,0.0,0.0,0.0,0.0,0.0,0.0,0.0,0.0,0.0,0.0,0.0,0.0,0.0,0.0,0.0
2009,0.186874657869339,0.0,0.2346533238887787,0.0,0.12166404724121094,0.09223802387714386,0.2343244105577469,0.19659847021102905,0.0,0.28656265139579773,0.022048240527510643,0.05313112214207649,0.07598812878131866,0.20983870327472687,0.03243450075387955,0.1639622449874878
2013,0.0,0.0,0.13817726075649261,0.10159476846456528,0.0,0.0,0.2715078890323639,0.0,0.0,0.0,0.0,0.0,0.09435735642910004,0.33386141061782837,0.1127089262008667,0.04142560809850693
2015,0.24092881381511688,0.34542766213417053,0.23895499110221863,0.11424761265516281,0.0,0.27458301186561584,0.6980233192443848,0.6238676309585571,0.12569375336170197,0.20481400191783905,0.10925300419330597,0.0,0.6458796858787537,0.0,0.39472320675849915,0.12941759824752808
2024,0.0,0.0,0.0,0.0,0.0,0.0,0.0,0.0,0.0,0.0,0.0,0.0,0.0,0.0,0.0,0.0
2026,0.9516960382461548,0.9702873826026917,0.9012899398803711,0.9527087211608887,0.9005566835403442,0.8904256820678711,0.8992246389389038,0.0,0.8209662437438965,0.9879575371742249,0.941971480846405,0.9918065667152405,0.9924859404563904,0.8996558785438538,0.9858513474464417,0.9546237587928772
2034,0.0,0.0,0.0,0.0,0.0,0.0,0.0,0.0,0.0,0.0,0.0,0.0,0.0,0.0,0.0,0.0
2039,0.0,0.0,0.0,0.0,0.0,0.0,0.0,0.0,0.0,0.0,0.0,0.0,0.0,0.0,0.0,0.0
2044,0.07708323746919632,0.0,0.3487054109573364,0.1781000941991806,0.0,0.37944528460502625,0.2660093307495117,0.1293439418077469,0.6310858726501465,0.31699293851852417,0.018467921763658524,0.1719612330198288,0.0,0.3024609088897705,0.22338692843914032,0.2823176681995392
2048,0.19940346479415894,0.9525994658470154,0.9919824600219727,0.21005649864673615,0.9459131956100464,0.8746975064277649,0.7650002837181091,0.9592738151550293,0.7703527212142944,0.9417635798454285,0.9714769721031189,0.0,0.9715678691864014,0.9511328339576721,0.9529646635055542,0.9892416000366211
2053,0.0,0.0,0.0,0.0,0.0,0.0,0.0,0.0,0.0,0.0,0.0,0.0,0.0,0.0,0.0,0.0
2058,0.0,0.0,0.0,0.0,0.0,0.0,0.0,0.0,0.0,0.0,0.0,0.0,0.0,0.0,0.0,0.0
2060,0.0,0.0,0.06874620169401169,0.0,0.0,0.0,0.0,0.0,0.0,0.0,0.0,0.0,0.016682356595993042,0.0,0.0,0.0
2062,0.0,0.0,0.0,0.0,0.0,0.0,0.0,0.0,0.0,0.0,0.0,0.0,0.0,0.0,0.0,0.0
2072,0.0,0.0,0.0,0.0,0.0,0.0,0.0,0.0,0.0,0.0,0.0,0.0,0.0,0.0,0.0,0.0
2094,0.0,0.2501276135444641,0.0,0.0,0.4872008264064789,0.0,0.0,0.19721287488937378,0.0,0.0,0.0,0.0,0.2586548328399658,0.0,0.0,0.3663731515407562
2100,0.0,0.03947973996400833,0.0,0.0,0.0,0.0,0.0,0.030576322227716446,0.0,0.028551623225212097,0.0,0.0,0.0,0.0,0.0,0.1956210881471634
2105,0.0,0.89954674243927,0.0,0.0,0.9763877391815186,0.9851583242416382,0.0,0.9991306662559509,0.8980169296264648,0.027750998735427856,0.0,0.23592258989810944,0.8925142288208008,0.03469757363200188,0.0,0.4785591661930084
2122,0.0,0.0,0.0,0.0,0.0,0.0,0.0,0.0,0.0,0.0,0.0,0.0,0.0,0.0,0.0,0.0
2125,0.0,0.0,0.0,0.0,0.0,0.0,0.0,0.0,0.0,0.0,0.0,0.0,0.0,0.0,0.0,0.0
2128,0.0,0.0,0.0,0.0,0.0,0.0,0.0,0.0,0.0,0.0,0.0,0.0,0.0,0.0,0.0,0.0
2129,0.0,0.0,0.0,0.0,0.0,0.0,0.0,0.17108500003814697,0.0,0.0,0.0,0.0,0.0,0.0,0.0,0.0
2135,0.0,0.0,0.0,0.0,0.0,0.0,0.0,0.0,0.0,0.0,0.0,0.0,0.0,0.0,0.0,0.0
2141,0.0,0.0,0.0,0.0,0.0,0.0,0.0,0.0,0.0,0.0,0.0,0.0,0.0,0.0,0.0,0.0
2143,0.0,0.0,0.0,0.0,0.0,0.0,0.0,0.0,0.0,0.0,0.0,0.0,0.0,0.0,0.0,0.0
2149,0.0,0.0,0.0,0.0,0.0,0.0,0.0,0.0,0.0,0.0,0.0,0.0,0.0,0.0,0.0,0.0
2157,0.0,0.0,0.0,0.03333946317434311,0.0,0.17635855078697205,0.0,0.012974543496966362,0.0,0.0,0.0,0.0,0.0,0.21255476772785187,0.0,0.0
2166,0.0,0.0,0.0,0.0,0.0,0.0,0.0,0.0,0.0,0.0,0.0,0.0,0.0,0.0,0.0,0.0
2168,0.0,0.0,0.0,0.0,0.0,0.0,0.0,0.0,0.0,0.0,0.0,0.0,0.0,0.0,0.0,0.0
2173,0.0,0.9829534292221069,0.06177949905395508,0.0,0.9709311723709106,0.0,0.0,0.04386049881577492,0.031237168237566948,0.0,0.0,0.0,0.0,0.8098201751708984,0.0,0.7775575518608093
2174,0.0,0.0,0.0,0.0,0.0,0.0,0.0,0.0,0.0,0.0,0.0,0.0,0.0,0.0,0.0,0.0
2189,0.0,0.0,0.0,0.0,0.0,0.0,0.0,0.0,0.0,0.0,0.0,0.0,0.0,0.0,0.0,0.0
2201,0.0,0.0,0.0,0.0,0.0,0.0,0.0,0.0,0.0,0.0,0.0,0.0,0.0,0.0,0.0,0.0
2202,0.0,0.0,0.0,0.0,0.0,0.0,0.0,0.0,0.0,0.0,0.0,0.0,0.0,0.0,0.0,0.0
2205,0.0,0.0,0.0,0.27790650725364685,0.2883422374725342,0.11827412247657776,0.38634341955184937,0.08367877453565598,0.32190027832984924,0.30874693393707275,0.09782478213310242,0.5348906517028809,0.19214792549610138,0.2922772467136383,0.2754571735858917,0.5220574140548706
2215,0.0,0.0,0.0,0.0,0.0,0.0,0.0,0.0,0.0,0.0,0.0,0.0,0.0,0.0,0.008211200125515461,0.0
2217,0.017899293452501297,0.14324550330638885,0.0,0.02953127585351467,0.0,0.0,0.0,0.0,0.16479288041591644,0.0,0.07839582115411758,0.0,0.0,0.044001299887895584,0.06379177421331406,0.0
2230,0.03911520540714264,0.07962666451931,0.0,0.0,0.05608968064188957,0.05008060112595558,0.0,0.0,0.0572257936000824,0.057517003268003464,0.044137608259916306,0.052519090473651886,0.01891418546438217,0.05731955170631409,0.10450664907693863,0.0
2243,0.0,0.0,0.0,0.0,0.0,0.0,0.0,0.0,0.0,0.0,0.0,0.0,0.0,0.0,0.0,0.0
2247,0.0,0.0,0.0,0.0,0.0,0.0,0.0,0.0,0.0,0.0,0.0,0.0,0.0,0.0,0.0,0.0
2255,0.0,0.0,0.0,0.0,0.0,0.0,0.0,0.0,0.0,0.0,0.0,0.0,0.0,0.0,0.0,0.0
2256,0.0,0.06000550091266632,0.06421773135662079,0.03539926931262016,0.21372583508491516,0.0,0.057549748569726944,0.7454917430877686,0.49725425243377686,0.0,0.0,0.0,0.013050262816250324,0.0,0.0,0.23945924639701843
2272,0.0,0.058081917464733124,0.08403217792510986,0.0,0.0,0.0,0.0,0.0,0.0,0.0,0.0,0.0,0.0,0.03451008349657059,0.0,0.0
2302,0.9191746115684509,0.36976632475852966,0.6108737587928772,0.9781947731971741,0.03727305680513382,0.8089985847473145,0.980028510093689,0.9927798509597778,0.8339880704879761,0.9237443804740906,0.6823283433914185,0.9914067983627319,0.9538450241088867,0.9180009365081787,0.8116177916526794,0.18113598227500916
2311,0.0,0.8316316604614258,0.0,0.0,0.3897850215435028,0.962467610836029,0.0,0.0,0.28011420369148254,0.0,0.9762964248657227,0.34662938117980957,0.0,0.2990488111972809,0.0,0.9977348446846008
2316,0.0,0.061140865087509155,0.057850953191518784,0.0,0.0,0.0337231270968914,0.0,0.0,0.0,0.0,0.029165904968976974,0.004083047620952129,0.007542191073298454,0.0,0.0,0.0
2333,0.0,0.0,0.0,0.0,0.0,0.0,0.0,0.0,0.0,0.0,0.0,0.1708890050649643,0.0,0.0,0.0,0.0
2336,0.6072050929069519,0.38946226239204407,0.6706105470657349,0.46983450651168823,0.0,0.5419656038284302,0.3418889343738556,0.4909616708755493,0.14972685277462006,0.0,0.4058164954185486,0.0,0.19468343257904053,0.2638911008834839,0.43723544478416443,0.0
2337,0.0,0.0,0.0,0.0,0.0,0.0,0.0,0.0,0.0,0.0,0.0,0.0,0.0,0.0,0.0,0.0
2341,0.0,0.0,0.0,0.0,0.0,0.0,0.0,0.0,0.0,0.0,0.0,0.0,0.0,0.0,0.0,0.0
2347,0.0,0.0,0.0,0.0,0.0,0.0,0.0,0.0,0.0,0.0,0.0,0.0,0.0,0.0,0.0,0.0
2351,0.0,0.0,0.0,0.0,0.0,0.0,0.0,0.0,0.0,0.0,0.0,0.0,0.0,0.0,0.0,0.0
2364,0.0,0.0,0.0,0.0,0.0,0.0,0.0,0.0,0.0,0.0,0.0,0.0,0.0,0.0,0.0,0.0
2365,0.0,0.0,0.0,0.30164000391960144,0.3362269997596741,0.5639650225639343,0.07003200054168701,0.0,0.12165699899196625,0.0,0.0,0.0,0.0,0.4213320016860962,0.0,0.5042210221290588
2374,0.0,0.0,0.0,0.0,0.0,0.0,0.0,0.0,0.0,0.0,0.0,0.0,0.0,0.0,0.0,0.0
2404,0.44094833731651306,0.7631662487983704,0.24604713916778564,0.8086301684379578,0.3593677580356598,0.7501100897789001,0.7426299452781677,0.019363095983862877,0.8435670137405396,0.005252333357930183,0.5488802194595337,0.6536656618118286,0.09084952622652054,0.6975337266921997,0.3386106491088867,0.8228590488433838
2412,0.0,0.0,0.0,0.0,0.0,0.0,0.0,0.0,0.0,0.0,0.0,0.07331199944019318,0.0,0.0,0.0,0.6530519723892212
2413,0.0016161795938387513,0.005737242754548788,0.016695290803909302,0.07461554557085037,0.278129905462265,0.03551922366023064,0.010167242027819157,0.10641077160835266,0.0053635453805327415,0.09002307802438736,0.1326770931482315,0.0,0.0,0.032769814133644104,0.07535936683416367,0.03399871289730072
2420,0.0,0.0,0.0,0.0,0.0,0.0,0.0,0.0,0.0,0.0,0.0,0.0,0.0,0.0,0.0,0.0
2429,0.0,0.0,0.0,0.0,0.0,0.0,0.0,0.0,0.0,0.0,0.04673752561211586,0.0,0.0,0.0,0.0,0.0
2430,0.0,0.0,0.72096848487854,0.0,0.0,0.0,0.0,0.0,0.0,0.0,0.0,0.0,0.0,0.0,0.0,0.0
2434,0.0,0.0,0.0,0.0,0.0,0.1208181157708168,0.0,0.0,0.0,0.0,0.0,0.0,0.0,0.0,0.0,0.0
2456,0.37271127104759216,0.0,0.1186664029955864,0.0,0.06466371566057205,0.03682900220155716,0.09792684018611908,0.0,0.0,0.8154684901237488,0.850514829158783,0.008809375576674938,0.003806937485933304,0.015765869989991188,0.36089426279067993,0.07235608994960785
2460,0.0,0.0,0.0,0.0,0.0,0.0,0.0,0.0,0.0,0.0,0.0,0.0,0.0,0.0,0.0,0.0
2470,0.0025494168512523174,0.0,0.02407408319413662,0.0,0.0,0.0,0.0,0.0,0.04940187558531761,0.0,0.0,0.0,0.0,0.0,0.0,0.0
2474,0.0,0.0,0.0,0.0,0.0,0.0,0.0,0.0,0.0,0.0,0.0,0.0,0.0,0.0,0.0,0.0
2476,0.0,0.0,0.0,0.04868657886981964,0.0,0.0,0.0,0.0,0.0,0.0,0.0,0.0,0.0,0.0,0.0,0.0
2485,0.0,0.0,0.0,0.022077351808547974,0.19484339654445648,0.11831925064325333,0.0792863741517067,0.11088353395462036,0.0,0.0,0.0,0.08401013910770416,0.0,0.1679147481918335,0.0,0.11713031679391861
2486,0.6465905904769897,0.11037584394216537,0.14171375334262848,0.7161906361579895,0.21894605457782745,0.6750366687774658,0.06592816114425659,0.5557286143302917,0.522222638130188,0.6738075017929077,0.006198500283062458,0.1236499547958374,0.7318242788314819,0.3187315762042999,0.01697739027440548,0.748877227306366
2495,0.0,0.0,0.0,0.0,0.0,0.0,0.0,0.0,0.0,0.0,0.0,0.0,0.0,0.0,0.006045550107955933,0.0
2501,0.011849405243992805,0.0,0.0,0.0,0.0,0.0,0.10524100065231323,0.0,0.0,0.0,0.0,0.0,0.0,0.0,0.0,0.0
2504,0.0,0.0,0.0,0.0,0.0,0.0,0.0,0.0,0.0,0.0,0.0,0.0,0.0,0.0,0.0,0.0
2509,0.0,0.0,0.0,0.0,0.0,0.0,0.0,0.0,0.0,0.0,0.0,0.0,0.0,0.0,0.0,0.0
2510,0.0,0.16122473776340485,0.0,0.14383850991725922,0.08831328898668289,0.0,0.0,0.047694798558950424,0.1484387218952179,0.0,0.16790811717510223,0.0,0.0,0.17301519215106964,0.1315240114927292,0.0790214017033577
2523,0.37720486521720886,0.24636295437812805,0.0,0.2733205556869507,0.3495427966117859,0.423174649477005,0.3001002073287964,0.23963943123817444,0.32127511501312256,0.15515057742595673,0.0,0.21411722898483276,0.26660671830177307,0.3200347125530243,0.297672837972641,0.3329041600227356
2528,0.0,0.0,0.0,0.0,0.0,0.0,0.0,0.0,0.0,0.0,0.0,0.0,0.0,0.0,0.0,0.0
2531,0.0,0.0,0.0,0.0,0.0,0.0,0.0,0.0,0.0,0.0,0.0,0.0,0.0,0.0,0.0,0.0
2544,0.0,0.0,0.0,0.0,0.0,0.04880960285663605,0.07787421345710754,0.0,0.0,0.11986611038446426,0.0,0.0,0.0,0.07123352587223053,0.0,0.0
2545,0.0,0.0,0.0,0.0,0.0,0.0,0.0,0.0834924727678299,0.0,0.0,0.0,0.0,0.0,0.0,0.0,0.0
2548,0.0,0.0,0.0,0.43625500798225403,0.0,0.0,0.14663900434970856,0.0,0.0,0.0,0.7277029752731323,0.6720709800720215,0.0,0.4028739929199219,0.0,0.5704820156097412
2552,0.09091299772262573,0.0,0.0,0.07912399619817734,0.0,0.27911999821662903,0.22495749592781067,0.0,0.5528479814529419,0.0,0.0,0.0,0.0,0.0,0.0,0.23806199431419373
2556,0.26233378052711487,0.0,0.0,0.0,0.5408264398574829,0.3329281806945801,0.4390501379966736,0.3769771456718445,0.6151998043060303,0.0,0.0,0.892028272151947,0.7827780246734619,0.0,0.0,0.0
2558,0.0,0.0,0.0,0.0,0.0,0.0,0.0,0.0,0.0,0.0,0.0,0.0,0.0,0.0,0.0,0.0
2562,0.01227840781211853,0.06825599819421768,0.13075552880764008,0.10232318937778473,0.20652854442596436,0.1575106531381607,0.0,0.02863434888422489,0.1594284176826477,0.03446579352021217,0.19017167389392853,0.14763732254505157,0.09607988595962524,0.0,0.00334639148786664,0.002396566094830632
2564,0.0,0.0,0.0,0.0,0.0,0.0,0.0,0.0,0.0,0.0,0.0,0.0,0.0,0.0,0.0,0.0
2571,0.0,0.0,0.0,0.0,0.0,0.0,0.0,0.0,0.0,0.0,0.0,0.0,0.0,0.0,0.0,0.0
2598,0.4804380238056183,0.3187968134880066,0.5414330959320068,0.07092021405696869,0.023352406919002533,0.010092307813465595,0.019931714981794357,0.017119362950325012,0.032166797667741776,0.017904944717884064,0.0,0.027155419811606407,0.019025590270757675,0.5729029774665833,0.009569268673658371,0.645302414894104
2606,0.0,0.0,0.0,0.0,0.0,0.0,0.0,0.3069901764392853,0.0,0.0,0.0,0.0,0.0,0.0,0.0,0.06996914744377136
2607,0.0,0.0,0.0,0.0,0.0,0.0,0.0,0.0,0.0,0.0,0.0,0.0,0.0,0.0,0.0,0.0
2620,0.0,0.0,0.03922688961029053,0.6699413657188416,0.0,0.0,0.0,0.7047245502471924,0.0,0.0,0.0,0.0,0.0,0.5372675657272339,0.0,0.0
2630,0.0,0.0,0.0,0.0,0.0,0.0,0.0,0.0,0.0,0.0,0.0,0.0,0.0,0.0488833487033844,0.05146243795752525,0.0
2645,0.0,0.0,0.0,0.0,0.0,0.0,0.0,0.0,0.0,0.0,0.0,0.0,0.0,0.0,0.0,0.0
2658,0.0,0.0,0.0,0.0,0.0,0.0,0.0,0.0,0.0,0.0,0.0,0.0,0.0,0.0,0.0,0.0
2660,0.0,0.4590439200401306,0.0,0.4398621618747711,0.33149775862693787,0.390913724899292,0.0,0.096214659512043,0.0,0.0,0.0,0.0,0.0,0.13162921369075775,0.0,0.42546409368515015
2665,0.1157507449388504,0.034231822937726974,0.2367522269487381,0.07360620051622391,0.4208241105079651,0.4252963960170746,0.12249519675970078,0.0052309585735201836,0.006435888819396496,0.06627307832241058,0.19342228770256042,0.456969290971756,0.3064263164997101,0.37898287177085876,0.040449418127536774,0.21641233563423157
2679,0.5,0.9236574769020081,0.07820162177085876,0.3333333432674408,0.4999620020389557,1.0,0.998462975025177,0.4984929859638214,0.49824148416519165,0.5,0.5,0.9982609748840332,0.9978879690170288,0.4978955090045929,0.36777350306510925,0.06593099981546402
2690,0.0,0.0,0.0,0.0,0.0,0.0,0.0,0.0,0.0,0.0,0.0,0.0,0.0,0.0,0.0,0.0
2700,0.04075730964541435,0.036875899881124496,0.10638508945703506,0.06023384630680084,0.061435844749212265,0.05820848047733307,0.0,0.06088084354996681,0.04595998302102089,0.035700321197509766,0.03818012401461601,0.0,0.039130378514528275,0.14738798141479492,0.07382228225469589,0.05149706453084946
2707,0.0,0.3522737920284271,0.0,0.14206495881080627,0.5618298053741455,0.33747991919517517,0.3288443386554718,0.387271523475647,0.14617124199867249,0.07865641266107559,0.0,0.3333805501461029,0.2506866157054901,0.2368757128715515,0.0,0.0
2709,0.0,0.0,0.0,0.0,0.0,0.0,0.0,0.6215289831161499,0.0,0.0,0.0,0.0,0.0,0.0,0.0,0.0
2710,0.6986570954322815,0.40567314624786377,0.08898727595806122,0.0027531785890460014,0.0764012262225151,0.43229517340660095,0.3672294616699219,0.1924075335264206,0.10016489028930664,0.040373362600803375,0.003847877262160182,0.116009920835495,0.13646700978279114,0.4941599369049072,0.008169631473720074,0.6530570983886719
2711,0.0,0.2775559723377228,0.20243717730045319,0.12409941107034683,0.0,0.0,0.0,0.20966672897338867,0.23811207711696625,0.19525571167469025,0.2340857982635498,0.22412610054016113,0.0,0.3298358917236328,0.22881171107292175,0.0
2714,0.0,0.0,0.0,0.0,0.0,0.0,0.0,0.0,0.0,0.0,0.0,0.0,0.0,0.0,0.0,0.0
2719,0.4222427308559418,0.22869960963726044,0.23065732419490814,0.29423677921295166,0.3095695376396179,0.4799051582813263,0.2002132534980774,0.3127511143684387,0.13091792166233063,0.592668354511261,0.5362540483474731,0.4277947247028351,0.5055045485496521,0.4425216615200043,0.5614025592803955,0.3930293917655945
2728,0.0,0.0,0.0,0.0,0.0,0.0,0.0,0.0,0.0,0.0,0.0,0.0,0.0,0.0,0.0,0.0
2744,0.0,0.0,0.0,0.0,0.0,0.0,0.0,0.0,0.0,0.0,0.0,0.0,0.0,0.0,0.0,0.0
2753,0.13664571940898895,0.42877763509750366,0.592119038105011,0.0,0.23731155693531036,0.0,0.8590348958969116,0.0,0.0,0.04408161714673042,0.0,0.02682747319340706,0.447907954454422,0.11850999295711517,0.01602732017636299,0.0
2766,0.0,0.0,0.0,0.0,0.0,0.0,0.0,0.0,0.0,0.0,0.0,0.0,0.0,0.0,0.0,0.0
2780,0.05242433771491051,0.0,0.0810113251209259,0.09569035470485687,0.0,0.0,0.0,0.06132393702864647,0.0,0.0,0.07006169855594635,0.015803137794137,0.04662211239337921,0.054805077612400055,0.0,0.0
2781,0.0,0.0,0.0,0.0,0.0,0.0,0.0,0.0,0.0,0.0,0.0,0.0,0.0,0.0,0.0,0.0
2821,0.2576979696750641,0.16663163900375366,0.10598473995923996,0.20132030546665192,0.1905573010444641,0.12818367779254913,0.10054466128349304,0.1311165988445282,0.19771058857440948,0.1891050487756729,0.24123618006706238,0.22016751766204834,0.3303564786911011,0.0,0.19096575677394867,0.12686419486999512
2833,0.0,0.0,0.0,0.0,0.0,0.0,0.0,0.0,0.0,0.0,0.0,0.0,0.0,0.0,0.0,0.0
2856,0.0,0.0,0.0,0.1608240008354187,0.0,0.3240273594856262,0.0,0.0,0.1859154999256134,0.1501390039920807,0.11861100047826767,0.3195703327655792,0.0,0.08974700421094894,0.15533067286014557,0.1895633339881897
2860,0.30299556255340576,0.8773306608200073,0.4622332453727722,0.9254849553108215,0.9712265133857727,0.9505776166915894,0.41111382842063904,0.7233701944351196,0.8127367496490479,0.5931387543678284,0.7997627258300781,0.2673457860946655,0.7562499642372131,0.9918435215950012,0.8893160820007324,0.5580828189849854
2866,0.0,0.0,0.0,0.0,0.0,0.0946851298213005,0.0,0.0,0.0,0.0,0.0,0.0717395767569542,0.0,0.0,0.0,0.033708103001117706
2873,0.0,0.20112760365009308,0.0741020143032074,0.2348722368478775,0.26854071021080017,0.11418792605400085,0.159515842795372,0.14258365333080292,0.1416141539812088,0.0,0.0,0.16279853880405426,0.0,0.0,0.0,0.3481145203113556
2874,0.040828216820955276,0.05674072355031967,0.12518902122974396,0.05256282538175583,0.0,0.06876687705516815,0.0,0.03639562055468559,0.037101950496435165,0.0,0.0,0.0,0.0415707565844059,0.23699386417865753,0.0,0.0
2877,0.0,0.0,0.0,0.0,0.0,0.0,0.0,0.0,0.0,0.0,0.0,0.11621174961328506,0.0,0.2201707512140274,0.0,0.0
2879,0.0,0.0,0.0,0.0,0.0,0.0,0.0,0.0,0.0,0.0,0.0,0.0,0.0,0.0,0.0,0.0
2884,0.6186490058898926,0.0,0.0,0.0,0.0,0.8203579783439636,0.0,0.5929459929466248,0.7136690020561218,0.0,0.0,0.6190540194511414,0.0,0.0,0.8028240203857422,0.0
2887,0.0,0.0,0.0,0.0,0.0,0.0,0.0,0.0,0.0,0.0,0.0,0.0,0.0,0.0,0.0,0.0
2892,0.0,0.0,0.0,0.0,0.0,0.0,0.0,0.0,0.0,0.0,0.0,0.0,0.0,0.0,0.0,0.0
2906,0.004035611171275377,0.01626417599618435,0.08574210852384567,0.07745600491762161,0.06140563637018204,0.0,0.05096469447016716,0.0,0.0,0.0,0.0,0.0056895362213253975,0.04481044411659241,0.12964296340942383,0.10565242171287537,0.09482204914093018
2907,0.0,0.0,0.0,0.0,0.0,0.0,0.0,0.0,0.0,0.0,0.0,0.0,0.08175867050886154,0.0,0.0,0.0
2911,0.0,0.0,0.10175559669733047,0.08487442135810852,0.0,0.1700306385755539,0.0,0.0,0.17220455408096313,0.0,0.18758946657180786,0.0,0.1937796026468277,0.11804311722517014,0.0,0.15663780272006989
2913,0.3533516824245453,0.0,0.0,0.0,0.0,0.0,0.19476687908172607,0.0,0.0,0.0,0.0,0.0,0.0,0.0,0.0,0.0
2919,0.0,0.0,0.0,0.0,0.0,0.0,0.0,0.0,0.264168918132782,0.0,0.0,0.15807481110095978,0.0,0.0,0.0,0.0
2920,0.0,0.0,0.0,0.0,0.0,0.0,0.0,0.0,0.0,0.0,0.0,0.0,0.10771342366933823,0.0,0.0,0.0
2921,0.8274315595626831,0.40683862566947937,0.2344369888305664,0.7917564511299133,0.2790834903717041,0.7097060680389404,0.7604812979698181,0.9585418701171875,0.8285829424858093,0.8070499300956726,0.9920380115509033,0.2277834415435791,0.7884678840637207,0.7576684951782227,0.7007757425308228,0.7936893701553345
2934,0.0,0.0,0.0,0.0,0.0,0.0,0.0,0.0,0.0,0.0,0.0,0.0,0.0,0.0,0.0,0.0
2938,0.0,0.0,0.0,0.0,0.0,0.0,0.0,0.0,0.0,0.0,0.0,0.0,0.0,0.0,0.0,0.0
2942,0.0,0.0,0.0,0.0,0.0,0.0,0.0,0.0,0.0,0.0,0.0,0.0,0.0,0.0,0.0,0.0
2946,0.0,0.0,0.0,0.0,0.0,0.0,0.0,0.0,0.0,0.0,0.0,0.0,0.0,0.0,0.0,0.0
2948,0.0,0.0,0.0,0.0,0.0,0.0,0.0,0.0,0.0,0.0,0.0,0.0,0.0,0.0,0.0,0.0
2949,0.0,0.0,0.0,0.0,0.0,0.0,0.0,0.0,0.0,0.0,0.0,0.0,0.0,0.0,0.0,0.0
2956,0.0,0.0,0.0,0.0,0.0,0.0,0.0,0.0,0.0,0.0,0.0,0.0,0.0,0.0,0.0,0.0
2964,0.0,0.0,0.0,0.0,0.0,0.0,0.0,0.0,0.0,0.0,0.0,0.0,0.0,0.0,0.0,0.0
2970,0.0,0.0,0.0,0.0,0.0,0.0,0.0,0.0,0.0,0.0,0.0,0.0,0.0,0.0,0.0,0.0
2971,0.0,0.0,0.0,0.0,0.0,0.0,0.0,0.0,0.0,0.0,0.0,0.0,0.0,0.0,0.0,0.0
2972,0.0,0.0,0.0,0.0,0.0,0.0,0.0,0.0,0.0,0.0,0.0,0.0,0.0,0.0,0.0,0.0
2973,0.1786305010318756,0.0,0.15497249364852905,0.0,0.0,0.1721549928188324,0.11404799669981003,0.0,0.0,0.0,0.0,0.0,0.0,0.0,0.0,0.2120330035686493
2977,0.03552362322807312,0.015908999368548393,0.1306484043598175,0.0,0.10699412226676941,0.03939514234662056,0.04384694993495941,0.0,0.09612186998128891,0.018284624442458153,0.050073426216840744,0.3510657250881195,0.06477253884077072,0.4836253821849823,0.027779238298535347,0.0
2978,0.0,0.0,0.007115134038031101,0.0,0.2671240568161011,0.05972330644726753,0.0,0.0,0.0,0.0,0.0795285776257515,0.0,0.08494720607995987,0.0,0.22991995513439178,0.0
2993,0.34920209646224976,0.24886681139469147,0.0,0.34847286343574524,0.10698823630809784,0.0,0.05946255847811699,0.0,0.07899559289216995,0.2552712857723236,0.3140285015106201,0.0,0.18150953948497772,0.09355010092258453,0.19951079785823822,0.05949675664305687
2994,0.0,0.0,0.0,0.0,0.0,0.0,0.0,0.0,0.0,0.0,0.0,0.0,0.0,0.0,0.0,0.0
3013,0.0,0.0,0.0,0.0,0.0,0.0,0.0,0.0,0.0,0.0,0.0,0.0,0.0,0.0,0.0,0.0
3017,0.0,0.0,0.0,0.0,0.0,0.0,0.0,0.0,0.0,0.0,0.0,0.0,0.0,0.0,0.0,0.0
3018,0.3412824869155884,0.0,0.0,0.4474794864654541,0.41595250368118286,0.6382409930229187,0.8498635292053223,0.529584527015686,0.7052719593048096,0.0,0.8004105091094971,0.2756485044956207,0.0,0.3060380220413208,0.5721529722213745,0.9405969977378845
3023,0.0,0.0,0.2772601842880249,0.0,0.0,0.0,0.0,0.0,0.0,0.09016650170087814,0.0,0.0,0.0,0.0,0.0,0.0
3024,0.0,0.0,0.0,0.0,0.0,0.0,0.0,0.0,0.0,0.0,0.0,0.0,0.0,0.0,0.0,0.0
3025,0.0,0.0,0.0,0.0,0.0,0.0,0.0,0.0,0.0,0.0,0.0,0.0,0.0,0.0,0.0,0.0
3032,0.39171236753463745,0.388031005859375,0.06731799989938736,0.19677899777889252,0.1942293345928192,0.27183735370635986,0.21534466743469238,0.38611602783203125,0.8171150088310242,0.20855049788951874,0.11560433357954025,0.2536180019378662,0.6026214957237244,0.41372600197792053,0.4593845009803772,0.4444139897823334
3033,0.0,0.0,0.0,0.0,0.0,0.0,0.0,0.0,0.0,0.0,0.0,0.0,0.0,0.0,0.0,0.0
3036,0.0,0.9980440139770508,0.0,0.9160069823265076,0.0,0.0,0.0,0.0,0.0,0.0,0.0,0.0,0.0,0.15548866987228394,0.0,0.9932860136032104
3049,0.07254774868488312,0.07415749877691269,0.01294379960745573,0.0,0.04133066534996033,0.023997144773602486,0.0,0.022581715136766434,0.0,0.0,0.0,0.0,0.0,0.008517444133758545,0.045487601310014725,0.0
3051,0.0,0.5805302858352661,0.0,0.0,0.4322786331176758,0.49947524070739746,0.0,0.0,0.0,0.03159133344888687,0.0,0.0,0.0,0.0,0.16776449978351593,0.33944976329803467
3058,0.48877400159835815,0.27960100769996643,0.0,0.0,0.35296550393104553,0.476608008146286,0.0,0.10503549873828888,0.0,0.5652890205383301,0.28343552350997925,0.7337204813957214,0.3971024751663208,0.5535690188407898,0.3217400014400482,0.5877175331115723
3064,0.0,0.0,0.0,0.0,0.0,0.0,0.0,0.0,0.0,0.0,0.0,0.0,0.0,0.0,0.0,0.0
3068,0.08437124639749527,0.0,0.0,0.0,0.0,0.0,0.0,0.0,0.0,0.0,0.0,0.0,0.0,0.0,0.004895499907433987,0.0
3069,0.0,0.0,0.0,0.0,0.0,0.0,0.0,0.0,0.0,0.0,0.0,0.0,0.0,0.0,0.0,0.0
3071,0.1393856704235077,0.6473533511161804,0.053700000047683716,0.026135332882404327,0.0,0.27915534377098083,0.0,0.2719096839427948,0.3328486680984497,0.2177790105342865,0.5440373420715332,0.36663103103637695,0.362261027097702,0.3508639931678772,0.2426910102367401,0.8139256834983826
3077,0.0,0.0,0.0,0.0,0.0,0.0,0.0,0.0,0.0,0.0,0.0,0.0,0.0,0.0,0.0,0.0
3086,0.0,0.0,0.0,0.0,0.0,0.0,0.0,0.0,0.0,0.0,0.0,0.0,0.0,0.0,0.0,0.0
3094,0.0,0.0,0.0,0.0,0.0,0.0,0.0,0.0,0.0,0.0,0.0,0.0,0.0,0.0,0.0,0.0
3095,0.0,0.0,0.0,0.0,0.0,0.0,0.0,0.0,0.0,0.0,0.0,0.0,0.0,0.0,0.0,0.0
3101,0.0,0.950591504573822,0.4946780204772949,0.8306350111961365,0.4972445070743561,0.432046502828598,0.27799636125564575,0.0,0.355334997177124,0.2648335099220276,0.3860374987125397,0.644384503364563,0.0,0.0,0.09763550013303757,0.0
3104,0.0,0.0,0.0,0.0,0.0,0.0,0.0,0.0,0.0,0.0,0.0,0.0,0.0,0.0,0.0,0.0
3106,0.30645400285720825,0.12331049889326096,0.3638579845428467,0.867169976234436,0.41073697805404663,0.039043501019477844,0.16394299268722534,0.6498614549636841,0.0,0.0,0.28973549604415894,0.9226144552230835,0.45335501432418823,0.0,0.0,0.4312340021133423
3108,0.0,0.0,0.0,0.0,0.0,0.0,0.0,0.0,0.0,0.0,0.0,0.0,0.0,0.0,0.0,0.0
3113,0.0,0.0,0.0,0.0,0.0,0.0,0.0,0.0,0.0,0.0,0.0,0.0,0.0,0.0,0.0,0.0
3119,0.012076808139681816,0.0,0.0,0.0,0.031226884573698044,0.0,0.0,0.0,0.0,0.0,0.0,0.0,0.004089773632586002,0.0,0.0,0.0
3125,0.168795645236969,0.14399413764476776,0.12126889079809189,0.0,0.14112450182437897,0.0,0.0,0.14546754956245422,0.106646329164505,0.0,0.0,0.0,0.1490446925163269,0.0,0.13357137143611908,0.0
3126,0.5694918036460876,0.7146633863449097,0.0,0.6226803064346313,0.8917041420936584,0.06686057895421982,0.8099386096000671,0.8324257135391235,0.0,0.5920844078063965,0.6765866279602051,0.8372573256492615,0.4491707980632782,0.645723819732666,0.5956423282623291,0.7697142958641052
3129,0.0,0.0,0.0,0.0,0.0,0.0,0.0,0.0,0.0,0.0,0.0,0.0,0.0,0.0,0.0,0.13364115357398987
3132,0.0,0.1442255973815918,0.0,0.3825724720954895,0.22901825606822968,0.08043041825294495,0.0,0.0,0.1583668291568756,0.24801458418369293,0.20701922476291656,0.22038227319717407,0.39624691009521484,0.0,0.2548743188381195,0.2104119211435318
3133,0.0,0.038211479783058167,0.0,0.0,0.009887171909213066,0.0,0.0,0.09997661411762238,0.024011654779314995,0.0,0.0,0.07620743662118912,0.0,0.0,0.024539252743124962,0.20055532455444336
3134,0.0,0.0,0.0,0.0,0.0,0.0,0.0,0.0,0.0,0.0,0.0,0.0,0.0,0.0,0.0,0.0
3142,0.0,0.0,0.0,0.0,0.0,0.0,0.0,0.0,0.0,0.0,0.0,0.0,0.0,0.0,0.0,0.0
3143,0.0,0.0,0.0,0.0,0.26374754309654236,0.07557876408100128,0.0,0.14960137009620667,0.0,0.0,0.0,0.03512628376483917,0.0,0.0,0.0,0.1499229371547699
3147,0.0,0.0,0.0,0.0,0.0,0.0,0.0,0.0,0.0,0.0,0.0,0.0,0.0,0.0,0.0,0.0
3149,0.10084349662065506,0.22676649689674377,0.7722910046577454,0.05818749964237213,0.18276798725128174,0.40513500571250916,0.4017519950866699,0.0,0.4075084924697876,0.0,0.23122650384902954,0.7015010118484497,0.23738551139831543,0.32972198724746704,0.0,0.5076825022697449
3155,0.3044164776802063,0.0,0.1748192310333252,0.0,0.0,0.0,0.11674543470144272,0.0,0.0,0.1552044153213501,0.0,0.0,0.0,0.0,0.0,0.0
3156,0.0,0.0,0.0,0.0,0.0,0.0,0.0,0.0,0.9856826066970825,0.0,0.0,0.08248857408761978,0.0,0.0,0.0,0.0
3160,0.0,0.0,0.0,0.0,0.0,0.0,0.0,0.0,0.0,0.0,0.0,0.0,0.0,0.0,0.0,0.0
3161,0.0,0.9625189900398254,0.9173373579978943,0.024225667119026184,0.8535611629486084,0.9821414947509766,0.9920095205307007,0.0,0.953568696975708,0.9969993829727173,0.6652693748474121,0.9654619693756104,0.8319148421287537,0.9818382263183594,0.9386812448501587,0.0
3165,0.0,0.0,0.0,0.0,0.0,0.0,0.0,0.0,0.0,0.0,0.0,0.0,0.0,0.0,0.0,0.0
3168,0.0,0.0,0.0,0.0,0.0,0.0,0.0,0.0,0.0,0.0,0.0,0.0,0.0,0.0,0.0,0.0
3172,0.0,0.0,0.0,0.0,0.0,0.0,0.0,0.0,0.0,0.0,0.0,0.0,0.0,0.0,0.0,0.0
3173,0.0,0.0,0.0,0.0,0.0,0.0,0.0,0.0,0.0,0.0,0.0,0.0,0.0,0.0,0.0,0.0
3179,0.0,0.0,0.0,0.0,0.0,0.06527271866798401,0.028902625665068626,0.0,0.049571387469768524,0.0,0.1748102754354477,0.0,0.0,0.14352688193321228,0.18455667793750763,0.021752145141363144
3181,0.0,0.08675675094127655,0.43859171867370605,0.7267848253250122,0.08017155528068542,0.11527244746685028,0.05605914443731308,0.07661759853363037,0.1243290901184082,0.06351374834775925,0.6498016119003296,0.0843973308801651,0.5154589414596558,0.005479787010699511,0.40680429339408875,0.017483772709965706
3183,0.0,0.0,0.0,0.0,0.0,0.0,0.0,0.0,0.0,0.0,0.0,0.0,0.0,0.0,0.0,0.0
3187,0.0,0.14645607769489288,0.0,0.0,0.16357272863388062,0.05000455304980278,0.0,0.17241793870925903,0.1115918681025505,0.0,0.0,0.05096960440278053,0.0,0.0,0.0,0.0
3191,0.0,0.0,0.0,0.0,0.0,0.0,0.0,0.0,0.0,0.0,0.0,0.0,0.0,0.0,0.0,0.0
3192,0.0,0.0,0.03633827343583107,0.0,0.0,0.0026042084209620953,0.024214347824454308,0.0,0.0,0.0,0.0,0.0,0.0,0.0,0.00481628580018878,0.016515949741005898
3198,0.0,0.0,0.0,0.0,0.0,0.0,0.0,0.0,0.0,0.0,0.0,0.0,0.0,0.0,0.0,0.0
3204,0.328519344329834,0.17032575607299805,0.20475473999977112,0.1644824743270874,0.20353038609027863,0.1667134314775467,0.19530779123306274,0.13498243689537048,0.25835829973220825,0.18482139706611633,0.0,0.0,0.17584936320781708,0.0,0.2116805762052536,0.10626090317964554
3205,0.0,0.0,0.0,0.0,0.0,0.0,0.0,0.0,0.0,0.0,0.0,0.0,0.0,0.0,0.0,0.0
3207,0.0,0.0,0.0,0.0,0.0,0.4221374988555908,0.5656061768531799,0.0,0.0,0.0,0.6782256364822388,0.0,0.0,0.10525346547365189,0.0,0.6272062659263611
3208,0.0,0.0,0.0,0.0,0.0,0.0,0.0,0.0,0.0,0.0,0.0,0.0,0.0,0.0,0.0,0.0
3211,0.0,0.0,0.0,0.0,0.0,0.0,0.0,0.0,0.0,0.0,0.0,0.0,0.0,0.0,0.0,0.0
3212,0.0,0.09366124868392944,0.0,0.0,0.0,0.0,0.05522900074720383,0.0833517462015152,0.22637200355529785,0.0,0.0,0.0,0.12188725173473358,0.0,0.0,0.0
3217,0.0,0.0,0.0,0.0,0.0,0.0,0.0,0.0,0.0,0.0,0.0,0.0,0.0,0.0,0.0,0.0
3221,0.0,0.20708207786083221,0.0,0.01410385686904192,0.0,0.04389525204896927,0.0,0.011128627695143223,0.0,0.0,0.23599906265735626,0.0,0.1493360996246338,0.0,0.12054455280303955,0.0
3224,0.0,0.0,0.0,0.0,0.0,0.0,0.0,0.0,0.0,0.0,0.0,0.0,0.0,0.0,0.0,0.0
3228,0.0,0.0,0.0,0.0,0.0,0.0,0.0,0.0,0.0,0.0,0.0,0.0,0.0,0.0,0.0,0.2984228730201721
3229,0.0,0.0,0.0,0.0,0.0,0.0,0.0,0.0,0.0,0.0,0.0,0.0,0.0,0.0,0.0,0.0
3231,0.8090482354164124,0.0,0.3912310004234314,0.0,0.0,0.0,0.6788567304611206,0.692351758480072,0.9162904024124146,0.7430249452590942,0.4938740134239197,0.413444459438324,0.875335693359375,0.1492874026298523,0.6772567629814148,0.37751325964927673
3233,0.0,0.0,0.0,0.0,0.0,0.0,0.0,0.0,0.0,0.0,0.0,0.0,0.0,0.0,0.0,0.0
3235,0.4048781991004944,0.14878006279468536,0.06951900571584702,0.14455467462539673,0.06565138697624207,0.032121334224939346,0.4856656789779663,0.26710888743400574,0.35804998874664307,0.11807908862829208,0.0,0.1978176236152649,0.29787513613700867,0.04719410091638565,0.08883243054151535,0.15815086662769318
3236,0.021586164832115173,0.0,0.025565167888998985,0.48636388778686523,0.0,0.1943328082561493,0.0,0.0,0.03315766900777817,0.904637336730957,0.8409579992294312,0.0,0.0,0.0,0.0,0.0
3238,0.0,0.0,0.0,0.0,0.0,0.0,0.0,0.0,0.0,0.0,0.0,0.0,0.0,0.0,0.0,0.0
3246,0.1424877941608429,0.1791030466556549,0.18807527422904968,0.19875019788742065,0.17714865505695343,0.14773443341255188,0.5802096128463745,0.07537361234426498,0.9690976142883301,0.055199913680553436,0.22539940476417542,0.5920208692550659,0.3222861588001251,0.7299856543540955,0.1784822791814804,0.6435173749923706
3248,0.0,0.0,0.0,0.0,0.0,0.0,0.0,0.0,0.0,0.05037456378340721,0.0,0.0,0.0,0.0,0.0,0.0
3251,0.0,0.0,0.0,0.0,0.0,0.0,0.0,0.0,0.0,0.0,0.0,0.0,0.0,0.0,0.0,0.0
3252,0.0,0.0,0.0,0.0,0.0,0.0,0.0,0.0,0.0,0.0,0.0,0.0,0.0,0.0,0.0,0.0
3254,0.0,0.03646433353424072,0.11001180857419968,0.03113936446607113,0.0,0.05908111855387688,0.0,0.0,0.016469914466142654,0.09130223840475082,0.1745375394821167,0.057919614017009735,0.01893613114953041,0.2525043487548828,0.0,0.22908805310726166
3262,0.0,0.0,0.0,0.0,0.0,0.0,0.0,0.0,0.0,0.0,0.0,0.0,0.0,0.0,0.0,0.0
3265,0.0,0.0,0.0,0.0,0.0,0.0,0.0,0.0,0.0,0.0,0.0,0.0,0.0,0.0,0.0,0.0
3267,0.0,0.0,0.0,0.0,0.0,0.0,0.0,0.0,0.0,0.0,0.0,0.0,0.0,0.0,0.0,0.0
3268,0.0,0.0,0.0,0.0,0.0,0.040738001465797424,0.0,0.0,0.0,0.0,0.0,0.0,0.0,0.0,0.0,0.0
3272,0.0,0.0,0.0,0.0,0.0,0.0,0.0,0.0,0.0,0.0,0.0,0.0,0.0,0.0,0.0,0.0
3281,0.0,0.0,0.034677524119615555,0.0,0.0,0.0,0.0,0.0,0.0,0.0,0.0,0.0,0.0,0.0,0.0,0.0
3282,0.0,0.0,0.0,0.0,0.0,0.0,0.0,0.0,0.0,0.0,0.0,0.0,0.0,0.0,0.0,0.0
3284,0.0,0.0,0.0,0.0024253809824585915,0.0,0.0,0.03141454607248306,0.0,0.0,0.0,0.0,0.0,0.0,0.0,0.0,0.0
3285,0.01608480140566826,0.0,0.0,0.1753356009721756,0.0,0.0,0.1618059277534485,0.14419260621070862,0.0,0.023287000134587288,0.0,0.05362492799758911,0.0,0.0,0.0,0.0
3291,0.0,0.0,0.0,0.0,0.0,0.0,0.0,0.0,0.0,0.0,0.0,0.0,0.0,0.0,0.0,0.0
3298,0.0,0.0,0.0,0.0,0.0,0.0,0.0,0.0,0.0,0.0,0.0,0.0,0.0,0.0,0.0,0.0
3301,0.27067801356315613,0.2063242346048355,0.0,0.2222818285226822,0.23079466819763184,0.0,0.0,0.3469659686088562,0.26728352904319763,0.2241198867559433,0.26436129212379456,0.0,0.0,0.14871178567409515,0.0,0.24562017619609833
3302,0.0124669736251235,0.0,0.04968242719769478,0.0,0.0,0.0,0.0,0.0,0.0,0.06186011806130409,0.0,0.0,0.0,0.0,0.0,0.0
3303,0.12859728932380676,0.37575531005859375,0.2483891248703003,0.47422224283218384,0.035941231995821,0.051251623779535294,0.1399550586938858,0.7009838223457336,0.31531935930252075,0.11394943296909332,0.7927639484405518,0.055634647607803345,0.2516389489173889,0.06460009515285492,0.057992901653051376,0.03092847391963005
3304,0.0,0.12451693415641785,0.45869722962379456,0.22088469564914703,0.1358092874288559,0.6198391914367676,0.2500273287296295,0.5830031037330627,0.27032342553138733,0.10714958608150482,0.3839377760887146,0.02313130907714367,0.15646696090698242,0.554516077041626,0.11841035634279251,0.34197622537612915
3307,0.0,0.0,0.0,0.0,0.0,0.0,0.0,0.0,0.0,0.0,0.0,0.0,0.0,0.0,0.0,0.0
3311,0.017199929803609848,0.6220811009407043,0.345237135887146,0.17837649583816528,0.039799146354198456,0.32110175490379333,0.15569376945495605,0.5366464853286743,0.019938811659812927,0.3231329321861267,0.5598549842834473,0.19460563361644745,0.07352946698665619,0.0,0.16492241621017456,0.36579471826553345
3312,0.0,0.0,0.0,0.01242557168006897,0.0,0.0,0.0,0.0,0.0,0.0,0.0,0.0,0.0,0.0,0.0,0.0
3313,0.0,0.0,0.0,0.0,0.0,0.0,0.0,0.0,0.0,0.0,0.0,0.0,0.0,0.0,0.0,0.0
3314,0.24417540431022644,0.18501432240009308,0.15098725259304047,0.16365595161914825,0.16456010937690735,0.09084054082632065,0.0,0.0,0.16015395522117615,0.19375893473625183,0.0,0.0,0.0,0.0,0.0,0.21146614849567413
3316,0.0,0.17636534571647644,0.46710899472236633,0.26817673444747925,0.45531705021858215,0.3999130129814148,0.2536396086215973,0.46208685636520386,0.2573268711566925,0.4029066562652588,0.810935914516449,0.24679437279701233,0.4060463309288025,0.7024572491645813,0.0,0.06882933527231216
3318,0.0,0.0,0.0,0.0,0.0,0.0,0.0,0.0,0.0,0.0,0.0,0.0,0.0,0.0,0.0,0.0
3321,0.0,0.0,0.0,0.0,0.0,0.0,0.027651380747556686,0.0,0.05103752762079239,0.0,0.0,0.0,0.0,0.0,0.0,0.014120470732450485
3322,0.0,0.0,0.0,0.0,0.0,0.0,0.0,0.0,0.0,0.0,0.0,0.0,0.0,0.0,0.0,0.0
3323,0.0,0.0,0.0,0.0,0.0,0.0,0.0,0.0,0.0,0.12398774921894073,0.0,0.0,0.0,0.0,0.0,0.0
3325,0.03200548142194748,0.08374233543872833,0.0,0.0,0.059416379779577255,0.0,0.060270875692367554,0.0,0.0,0.0,0.9502630233764648,0.0,0.0,0.0,0.08610889315605164,0.0
3327,0.0,0.0,0.0,0.0,0.04058227688074112,0.0,0.0,0.0,0.0,0.010629723779857159,0.0,0.0,0.0,0.0,0.0,0.0
3330,0.1111111119389534,0.0,0.0,0.19734491407871246,0.0,0.1292012482881546,0.06533163040876389,0.2197275459766388,0.16538195312023163,0.1207905262708664,0.5727016925811768,0.20078064501285553,0.0,0.0908443033695221,0.0,0.09411878883838654
3337,0.0,0.0,0.0,0.0,0.0,0.0,0.0,0.0,0.0,0.0,0.0,0.0,0.0,0.0,0.0,0.0
3339,0.0,0.0,0.0,0.0,0.0,0.0,0.0,0.0,0.0,0.0,0.0,0.0,0.0,0.0,0.0,0.0
3340,0.0,0.1852569431066513,0.3621637225151062,0.22403743863105774,0.4654628336429596,0.69146728515625,0.4687987267971039,0.0,0.0,0.0,0.687849760055542,0.09060399979352951,0.0,0.0,0.7360228300094604,0.4514860510826111
3341,0.0,0.0,0.0,0.0,0.0,0.0,0.0,0.0,0.0,0.0,0.0,0.0,0.0,0.0,0.0,0.0
3342,0.0,0.0,0.0,0.0,0.0,0.0,0.0,0.0,0.0,0.0,0.0,0.0,0.0,0.0,0.0,0.0
3344,0.0,0.6983129978179932,0.0,0.07058033347129822,0.12759080529212952,0.5926478505134583,0.3510517477989197,0.0,0.0,0.4315601885318756,0.9870820045471191,0.0,0.0,0.0,0.0,0.0
3345,0.04176181182265282,0.07290405035018921,0.19666874408721924,0.0,0.0,0.0,0.0,0.0,0.03286510333418846,0.00768810510635376,0.009447700344026089,0.0,0.028220903128385544,0.013852300122380257,0.0,0.00492336368188262
3351,0.011458000168204308,0.032822202891111374,0.0,0.0,0.005546609405428171,0.0,0.0,0.0,0.0,0.039943844079971313,0.02040514163672924,0.06827057898044586,0.008367128670215607,0.0476405955851078,0.0,0.0
3352,0.0,0.0,0.0,0.0,0.0,0.0,0.0,0.0,0.0,0.0,0.0,0.0,0.0,0.0,0.0,0.0
3356,0.0,0.0,0.03377673029899597,0.0,0.0,0.0,0.024423375725746155,0.0,0.0,0.0,0.0,0.0,0.0,0.0,0.0,0.0
3360,0.0,0.252879798412323,0.0,0.3068106472492218,0.0,0.23688697814941406,0.0,0.30298539996147156,0.0,0.402628630399704,0.0,0.0,0.24678044021129608,0.24560485780239105,0.0,0.31109318137168884
3361,0.13124780356884003,0.2842842936515808,0.2939872741699219,0.0,0.47440046072006226,0.5437514781951904,0.021973300725221634,0.5648276805877686,0.0,0.623656153678894,0.0,0.4830174148082733,0.11797229200601578,0.0,0.017207715660333633,0.0
3362,0.8185537457466125,0.30137547850608826,0.2632182240486145,0.39799413084983826,0.7170642018318176,0.486734539270401,0.07689545303583145,0.2063584327697754,0.5821583867073059,0.39674845337867737,0.30824270844459534,0.5709419250488281,0.6997160315513611,0.43310120701789856,0.3680761456489563,0.4569423794746399
3363,0.0,0.0,0.0,0.0,0.0,0.0,0.0,0.0,0.0,0.0,0.0,0.0,0.0,0.0,0.0,0.0
3365,0.011625158600509167,0.016309577971696854,0.04943215847015381,0.0,0.0,0.0,0.0,0.0,0.009363592602312565,0.0,0.0,0.0,0.0,0.0,0.0,0.0
3367,0.0,0.0,0.08597400039434433,0.0,0.07654300332069397,0.0,0.0,0.0,0.0,0.0,0.0,0.0,0.0,0.0,0.0,0.0
3368,0.0,0.0,0.0,0.0,0.010614837519824505,0.0,0.022346846759319305,0.0,0.0,0.0,0.0,0.0,0.0,0.0,0.0,0.0
3369,0.0,0.0,0.0,0.0,0.0,0.0,0.0,0.0,0.0,0.0,0.0,0.0,0.0,0.0,0.0,0.0
3371,0.0,0.0,0.0,0.0,0.0,0.0,0.0,0.0,0.0,0.0,0.0,0.0,0.0,0.0,0.0,0.0
3373,0.0,0.0,0.0,0.0,0.0,0.0,0.0,0.0,0.0,0.0,0.0,0.0,0.0,0.0,0.0,0.0
3374,0.0,0.003574190428480506,0.0,0.01143933366984129,0.0,0.0,0.0,0.0,0.0,0.0,0.0,0.0,0.0,0.008545000106096268,0.0,0.0
3376,0.0,0.0,0.0,0.0,0.0,0.0,0.0,0.0,0.0,0.0,0.048352401703596115,0.0,0.0,0.0,0.0,0.0
3381,0.0,0.0,0.0,0.0,0.0,0.0,0.0,0.0,0.0,0.0,0.0,0.0,0.0,0.0,0.0,0.0
3382,0.0244510006159544,0.0,0.0,0.01228999998420477,0.0,0.0,0.0,0.0,0.0,0.01916700042784214,0.0,0.0,0.0,0.0,0.0,0.0
3391,0.0,0.0,0.0,0.0,0.0,0.0,0.0,0.0,0.0,0.0,0.0,0.0,0.0,0.0,0.0,0.0
3392,0.0,0.0,0.18601341545581818,0.0,0.20870867371559143,0.0,0.0,0.026922177523374557,0.15597976744174957,0.12043296545743942,0.0,0.036156751215457916,0.0,0.0,0.0,0.0
3393,0.0,0.0,0.0,0.0,0.0,0.0,0.0,0.0,0.0,0.0,0.0,0.0,0.0,0.0,0.0,0.0
3397,0.0,0.0,0.0,0.0,0.0,0.0,0.0,0.0,0.0,0.0,0.0,0.0,0.0,0.0,0.0,0.0
3399,0.0,0.0,0.0,0.0,0.0,0.0,0.0,0.0,0.0,0.0,0.0,0.0,0.0,0.0,0.0,0.0
3401,0.0,0.0,0.0,0.0,0.0,0.0,0.0,0.0,0.0,0.0,0.0,0.0,0.0,0.0,0.0,0.0
3404,0.0,0.0,0.0,0.0,0.0,0.0,0.0,0.0,0.0,0.0,0.0,0.0,0.0,0.0,0.0,0.0
3407,0.0,0.0,0.0,0.0,0.0,0.0,0.0,0.0,0.0,0.0,0.0,0.0,0.0,0.0,0.0,0.0
3411,0.0,0.0,0.0,0.0,0.0,0.0,0.0,0.0,0.0,0.0,0.0,0.0,0.0,0.0,0.0,0.0
3415,0.0,0.0441088005900383,0.0,0.0,0.0,0.0,0.0,0.0,0.8973900675773621,0.0,0.0,0.0,0.0,0.0,0.0,0.0
3416,0.0,0.0,0.0,0.0,0.0,0.0,0.0,0.0,0.0,0.0,0.0,0.0,0.0,0.0,0.0,0.0
3424,0.011675205081701279,0.0,0.0,0.0,0.006220409180969,0.047420959919691086,0.08025720715522766,0.0,0.049579035490751266,0.0,0.0,0.008458639495074749,0.011225249618291855,0.0948968380689621,0.0,0.025319788604974747
3425,0.0,0.0,0.0,0.0,0.0,0.0,0.0,0.0,0.0,0.0,0.0,0.0,0.0,0.0,0.0,0.0
3427,0.020944520831108093,0.030019886791706085,0.09266534447669983,0.05948943644762039,0.0,0.04942221939563751,0.0,0.05511927604675293,0.05728033930063248,0.01013300009071827,0.03542228415608406,0.024803176522254944,0.006542041897773743,0.17954634130001068,0.11253848671913147,0.0
3432,0.1803389936685562,0.0,0.18077078461647034,0.2185230851173401,0.0,0.2252548635005951,0.1596105992794037,0.15837521851062775,0.0,0.2588074803352356,0.0,0.3158700168132782,0.09699497371912003,0.130081444978714,0.0,0.2259414792060852
3435,0.0,0.0,0.04028036445379257,0.0,0.0,0.0,0.024396708235144615,0.0,0.0,0.0,0.0,0.0,0.0,0.0,0.0,0.0
3436,0.0,0.0,0.0,0.0,0.0,0.0,0.0,0.0,0.0,0.0,0.0,0.0,0.0,0.0,0.0,0.0
3442,0.0,0.0,0.0,0.0,0.0,0.0,0.0,0.0,0.0,0.0,0.0,0.0,0.0,0.0,0.0,0.0
3443,0.0,0.0,0.0,0.0,0.01890460029244423,0.0,0.02704109437763691,0.0,0.0,0.0,0.008749420754611492,0.0,0.0,0.0,0.02135755680501461,0.0
3444,0.0,0.0,0.0,0.0,0.0,0.0,0.0,0.0,0.0,0.0,0.0,0.0,0.0,0.0,0.0,0.0
3451,0.0,0.0,0.0,0.0,0.0,0.0,0.0,0.0,0.0,0.0,0.0,0.0,0.0,0.0,0.0,0.0
3453,0.0,0.0,0.0,0.0,0.0,0.0,0.0,0.0,0.0,0.0,0.0,0.0,0.0,0.0,0.0,0.0
3454,0.0,0.0,0.0,0.0,0.0,0.0,0.0,0.0,0.0,0.0,0.0,0.0,0.0,0.0,0.0,0.0
3456,0.0,0.043356381356716156,0.01425695326179266,0.010656842030584812,0.0036273000296205282,0.0,0.015094142407178879,0.0,0.0,0.0,0.0,0.0,0.0,0.0,0.0,0.0
3458,0.0,0.0,0.0,0.0,0.0,0.0,0.0,0.0,0.0,0.0,0.0,0.0,0.0,0.0,0.0,0.0
3460,0.0,0.011250682175159454,0.0,0.30491873621940613,0.1375979483127594,0.0,0.0,0.08142488449811935,0.11503466963768005,0.0,0.0,0.2932049036026001,0.22614839673042297,0.0,0.24882681667804718,0.0
3463,0.0,0.0,0.0,0.0,0.0,0.0,0.0,0.0,0.0,0.0,0.0,0.0,0.0,0.0,0.0,0.0
3464,0.0,0.0,0.0,0.0,0.0,0.0,0.0,0.0,0.0,0.0,0.0,0.0,0.0,0.0,0.0,0.0
3467,0.0,0.0,0.0,0.0,0.0,0.0,0.0,0.0,0.0,0.0,0.0,0.0,0.0,0.0,0.0,0.0
3468,0.0,0.0,0.0,0.0,0.0,0.0,0.0,0.0,0.0,0.0,0.0,0.0,0.0,0.0,0.0,0.0
3470,0.0,0.05007239058613777,0.002297125058248639,0.0535874105989933,0.0,0.0,0.0,0.0,0.07031252235174179,0.0,0.0,0.0,0.0,0.0,0.0,0.0
3473,0.0,0.0,0.031249046325683594,0.007543285842984915,0.0,0.0,0.0,0.0,0.0,0.0,0.0,0.0,0.0,0.0,0.0,0.0
3479,0.0,0.0,0.0,0.0,0.0,0.0,0.0,0.0,0.0,0.0,0.0,0.0,0.0,0.0,0.0,0.0
3485,0.0,0.0,0.0,0.0,0.0,0.0,0.0,0.0,0.0,0.0,0.0,0.0,0.0,0.0,0.0,0.0
3490,0.0,0.0,0.0,0.0,0.0,0.0,0.0,0.0,0.0,0.0,0.0,0.0,0.0,0.0,0.0,0.0
3492,0.0,0.0,0.0,0.0,0.0,0.0,0.0,0.0,0.0,0.0,0.0,0.0,0.0,0.0,0.0,0.0
3496,0.03828522935509682,0.031645774841308594,0.06839965283870697,0.012947475537657738,0.0,0.0,0.0,0.0,0.0,0.0,0.0,0.0,0.05748026445508003,0.0,0.0,0.0
3498,0.05177699774503708,0.0,0.11058250069618225,0.0,0.0,0.0,0.0,0.0,0.0,0.07183996587991714,0.0,0.0,0.0,0.06631296128034592,0.0,0.0
3501,0.0,0.009906611405313015,0.004233899991959333,0.0,0.0,0.0,0.007734333630651236,0.0,0.0,0.0,0.0,0.0,0.0389663502573967,0.0,0.0,0.0
3502,0.004030237905681133,0.03317166864871979,0.0,0.09968673437833786,0.0,0.0,0.0,0.0,0.0,0.0,0.0,0.0,0.010161391459405422,0.0,0.0,0.0
3503,0.0,0.13542316854000092,0.20625624060630798,0.05490981414914131,0.09905737638473511,0.0,0.03193876892328262,0.0,0.0,0.10428568720817566,0.08289767056703568,0.0,0.1355440616607666,0.0,0.18958012759685516,0.05469951406121254
3504,0.0,0.0,0.2742460072040558,1.0,0.0,0.0,0.0,0.0,0.6863099932670593,0.0,0.5243059992790222,0.440964013338089,0.0,0.5217080116271973,0.0,0.620173990726471
3505,0.0,0.0,0.0,0.0,0.0,0.0,0.0,0.0,0.0,0.0,0.0,0.0,0.0,0.0,0.0,0.0
3508,0.0,0.1752949208021164,0.0,0.0,0.14961744844913483,0.18828728795051575,0.18032951653003693,0.0,0.0,0.0,0.17092947661876678,0.3153742849826813,0.09810378402471542,0.1234576404094696,0.1261661797761917,0.0
3509,0.19973096251487732,0.15238279104232788,0.21652284264564514,0.18281300365924835,0.08380040526390076,0.11870443820953369,0.17031049728393555,0.1623532474040985,0.16139516234397888,0.061336010694503784,0.17015324532985687,0.24169136583805084,0.16656996309757233,0.1403658539056778,0.02581055276095867,0.3094990849494934
3511,0.0,0.0,0.0,0.0,0.0,0.0,0.0,0.0,0.0,0.10642848908901215,0.0,0.0,0.0,0.0,0.0,0.0
3519,0.0,0.0,0.0,0.0,0.0,0.0,0.0,0.0,0.0,0.0,0.0,0.0,0.0,0.0,0.0,0.0
3525,0.0,0.0,0.0,0.0,0.0,0.0,0.0,0.0,0.0,0.0,0.0,0.0,0.0,0.0,0.0,0.0
3526,0.0,0.0,0.0,0.0,0.0,0.0,0.0,0.0,0.0,0.0,0.0,0.0,0.0,0.0,0.0,0.0
3527,0.0,0.0,0.0,0.0,0.0,0.0,0.0,0.0,0.0,0.0,0.0,0.0,0.0,0.0,0.0,0.0
3533,0.0,0.0,0.0,0.0,0.0,0.0,0.0,0.0,0.0,0.0,0.0,0.0,0.0,0.0,0.0,0.0
3537,0.0,0.0,0.0,0.0,0.0,0.0,0.0,0.0,0.0,0.0,0.0,0.0,0.0,0.0,0.0,0.0
3538,0.012128381989896297,0.0,0.006986381020396948,0.011377272196114063,0.0,0.0,0.02032027393579483,0.0,0.0,0.0,0.014050000347197056,0.0,0.0,0.006688381545245647,0.0136942183598876,0.0
3540,0.0,0.0,0.0,0.0,0.0,0.0,0.0,0.0,0.0,0.0,0.0,0.0,0.0,0.0,0.0,0.0
3541,0.0,0.0,0.0,0.0,0.0,0.0,0.0,0.0,0.0,0.0,0.0,0.0,0.0,0.0,0.0,0.0
3542,0.0,0.0,0.0,0.0,0.0,0.0,0.0,0.0,0.0,0.0,0.0,0.0,0.0,0.0,0.0,0.0
3545,0.0,0.0,0.0,0.0,0.0,0.0,0.0,0.0,0.0,0.0,0.0,0.0,0.0,0.0,0.0,0.0
3546,0.23490512371063232,0.18624389171600342,0.0,0.0,0.23039619624614716,0.0,0.07308772206306458,0.020674332976341248,0.0,0.2522522509098053,0.052762679755687714,0.0,0.0974159985780716,0.2360328733921051,0.0,0.25602176785469055
3547,0.0,0.19951416552066803,0.0,0.0,0.0,0.2947562038898468,0.0,0.0,0.23650026321411133,0.0,0.14767788350582123,0.0,0.0,0.13440129160881042,0.0,0.0
3549,0.0,0.0,0.0,0.0,0.0,0.0,0.0,0.0,0.0,0.0,0.0,0.0,0.0,0.0,0.0,0.0
3552,0.043184857815504074,0.04410776123404503,0.08568445593118668,0.0055406843312084675,0.0,0.0,0.0,0.0,0.0080443499609828,0.011294158175587654,0.0,0.0,0.04020428657531738,0.0,0.0063100955449044704,0.0
3554,0.0,0.8063855767250061,0.0,0.0,0.0,0.0,0.0,0.0,0.0,0.8611207604408264,0.0,0.0,0.0,0.9026354551315308,0.0,0.0
3558,0.0,0.0,0.0,0.0,0.0,0.0,0.0,0.0,0.0,0.0,0.0,0.0,0.0,0.0,0.0,0.0
3559,0.9150218963623047,0.0,0.927436351776123,0.9678022265434265,0.39184707403182983,0.8190966248512268,0.9936557412147522,0.8222822546958923,0.8459488749504089,0.0,0.9172607064247131,0.0,0.928629994392395,0.9674915075302124,0.9966655969619751,0.7883013486862183
3563,0.0,0.044266827404499054,0.002763541880995035,0.052304863929748535,0.0,0.0,0.0,0.0,0.03570584952831268,0.0,0.0,0.0,0.0,0.0,0.0,0.0
3565,0.0,0.0,0.0,0.0,0.0,0.0,0.0,0.0,0.0,0.0,0.0,0.0,0.0,0.0,0.0,0.0
3566,0.0,0.2128305584192276,0.0,0.0,0.0,0.0,0.0,0.0,0.24748215079307556,0.1374828815460205,0.0,0.0,0.10437283664941788,0.10391531139612198,0.21843162178993225,0.0
3568,0.0,0.0,0.0,0.0,0.0,0.0,0.0,0.0,0.0,0.0,0.0,0.0,0.0,0.0,0.0,0.0
3570,0.0,0.0,0.0,0.0,0.0,0.0,0.0,0.0,0.0,0.0,0.0,0.0,0.0,0.0,0.0,0.0
3572,0.0,0.0,0.0,0.0,0.0,0.0,0.0,0.0,0.0,0.0,0.0,0.0,0.0,0.0,0.0,0.0
3573,0.0,0.0,0.0,0.0,0.1082116961479187,0.0,0.0,0.037482235580682755,0.12925657629966736,0.0,0.0,0.010482627898454666,0.0,0.11800113320350647,0.0,0.0
3575,0.0,0.0,0.22835823893547058,0.12370996177196503,0.2523604929447174,0.2546658217906952,0.20202937722206116,0.1382451206445694,0.2869876027107239,0.0,0.0,0.0,0.11908795684576035,0.1939629316329956,0.2304776906967163,0.0
3578,0.0,0.039771828800439835,0.0,0.09548523277044296,0.0,0.0,0.0,0.0,0.0,0.0,0.0,0.0,0.009750478900969028,0.0,0.0,0.0
3579,0.0,0.0,0.0,0.0,0.0,0.0,0.0,0.0,0.0,0.0,0.0,0.0,0.0,0.0,0.0,0.0
3581,0.0,0.0,0.0,0.0,0.0,0.0,0.0,0.0,0.0,0.0,0.0,0.0,0.0,0.0,0.0,0.0
3582,0.0,0.0,0.0,0.0,0.0,0.0,0.0,0.0,0.0,0.0,0.0,0.0,0.0,0.0,0.0,0.0
3583,0.0,0.0,0.0,0.0,0.0,0.0,0.0,0.0,0.0,0.0,0.0,0.0,0.0,0.0,0.0,0.0
3587,0.0,0.0,0.0,0.0,0.0,0.0,0.0,0.0,0.0,0.0,0.0,0.0,0.0,0.0,0.0,0.0
3588,0.0,0.0,0.0,0.0,0.0,0.0,0.0,0.0,0.0,0.0,0.0,0.0,0.0,0.0,0.0,0.0
3592,0.0,0.0,0.0,0.0,0.0,0.0,0.0,0.0,0.0,0.0,0.0,0.0,0.0,0.0,0.0,0.0
3593,0.161881685256958,0.0,0.0,0.0,0.28723251819610596,0.0,0.0,0.0,0.0,0.0,0.0,0.08525343239307404,0.0,0.0,0.0,0.1855067014694214
3596,0.0,0.05194782093167305,0.2373255044221878,0.0,0.033698052167892456,0.0,0.0,0.0,0.0,0.0,0.0,0.0,0.0,0.17971375584602356,0.0,0.0
3598,0.0,0.0,0.0,0.0,0.0,0.0,0.0,0.0,0.0,0.0,0.0,0.0,0.0,0.0,0.0,0.0
3601,0.0,0.2048460841178894,0.0,0.1415589451789856,0.10282056778669357,0.0,0.0,0.14448556303977966,0.0,0.0,0.0,0.11045592278242111,0.0,0.0,0.0,0.0
3602,0.8779725432395935,0.83980393409729,0.9829573631286621,0.9170684814453125,0.9457566738128662,0.9819308519363403,0.7648224830627441,0.889877438545227,0.8922189474105835,0.9027986526489258,0.8761076927185059,0.7836987376213074,0.9359775185585022,0.9144790768623352,0.9560320377349854,0.9918296337127686
3606,0.0,0.0,0.0,0.0,0.0,0.0,0.0,0.0,0.0,0.0,0.0,0.0,0.0,0.0,0.0,0.0
3607,0.0,0.09032082557678223,0.043453142046928406,0.050930485129356384,0.07243594527244568,0.05262533575296402,0.0,0.0,0.17193423211574554,0.07070052623748779,0.0,0.0,0.0,0.0,0.0,0.03421580791473389
3608,0.0,0.0,0.0,0.0,0.0,0.0,0.0,0.0,0.0,0.0,0.0,0.0,0.0,0.0,0.0,0.0
3610,0.0,0.0,0.0,0.03066674992442131,0.0,0.0,0.0,0.0,0.9982062578201294,0.0,0.0,0.0,0.0,0.053509000688791275,0.0,0.0
3611,0.29652661085128784,0.19815963506698608,0.24730588495731354,0.0,0.22026962041854858,0.2680734395980835,0.0,0.0,0.0,0.0,0.0,0.051655981689691544,0.0,0.0,0.15118493139743805,0.09067187458276749
3612,0.0,0.08175565302371979,0.0,0.06406819820404053,0.0693344995379448,0.030326848849654198,0.020944606512784958,0.0,0.06526727974414825,0.0,0.0,0.0,0.04337112978100777,0.04675504192709923,0.0,0.0
3619,0.0,0.0,0.0,0.20511876046657562,0.19962869584560394,0.0,0.0,0.3717482089996338,0.0,0.18355627357959747,0.0,0.130194753408432,0.0,0.1481233537197113,0.12448816746473312,0.0
3620,0.0,0.0,0.0,0.009702111594378948,0.0923316702246666,0.0,0.09306349605321884,0.0,0.04789383336901665,0.026652000844478607,0.0,0.09237616509199142,0.0,0.018818801268935204,0.10465016961097717,0.08823350071907043
3624,0.03222592547535896,0.0,0.227657288312912,0.0,0.27264413237571716,0.0,0.0,0.0,0.2915404438972473,0.0,0.20247597992420197,0.0,0.11617729067802429,0.0,0.25910842418670654,0.0
3628,0.0,0.0,0.0,0.0,0.0,0.0,0.0,0.0,0.0,0.0,0.0,0.0,0.0,0.0,0.0,0.0
3630,0.0039339447394013405,0.043965958058834076,0.07688592374324799,0.0,0.8878332376480103,0.08371579647064209,0.02572483941912651,0.12850657105445862,0.12915834784507751,0.0,0.2743350863456726,0.031130647286772728,0.06679374724626541,0.6802067756652832,0.009911913424730301,0.0
3632,0.0,0.0,0.0,0.0,0.0,0.0,0.0,0.0,0.0,0.0,0.0,0.0,0.0,0.0,0.0,0.0
3634,0.0,0.0,0.0,0.16596858203411102,0.0,0.0,0.15436142683029175,0.31428787112236023,0.0,0.16432392597198486,0.0,0.0,0.11221229285001755,0.0,0.0,0.10824166238307953
3636,0.0,0.2828897535800934,0.0,0.0,0.0,0.0,0.0,0.0,0.0,0.0,0.0,0.13140076398849487,0.14165471494197845,0.0,0.1231394037604332,0.27219298481941223
3637,0.07758013904094696,0.11608163267374039,0.02765270322561264,0.008344000205397606,0.0,0.36173567175865173,0.13894355297088623,0.09293623268604279,0.0,0.09437812119722366,0.0,0.019651535898447037,0.0963270291686058,0.010285800322890282,0.16792374849319458,0.06106840446591377
3638,0.0,0.0,0.0,0.0,0.0,0.0,0.0,0.0,0.0,0.0,0.0,0.0,0.0,0.0,0.0,0.0
3639,0.0,0.0,0.0,0.0,0.0,0.0,0.0,0.0,0.0,0.0,0.0,0.0,0.0,0.0,0.0,0.0
3640,0.0,0.6416351795196533,0.050801996141672134,0.0,0.022949600592255592,0.0,0.278941810131073,0.12465344369411469,0.2728089988231659,0.08238687366247177,0.6749569177627563,0.6197234392166138,0.38032689690589905,0.0,0.0,0.0
3642,0.014236601069569588,0.0,0.17868399620056152,0.009213167242705822,0.025057200342416763,0.02426300011575222,0.043337803333997726,0.04023220017552376,0.0,0.08703283965587616,0.012357499450445175,0.0,0.0,0.1426669955253601,0.1637292504310608,0.0
3644,0.0,0.0,0.5289568901062012,0.0,0.2167067527770996,0.0,0.6898590326309204,0.5803428292274475,0.8855123519897461,0.0,0.0,0.0,0.3619054853916168,0.0,0.5959727764129639,0.0
3645,0.0,0.10320960730314255,0.04986700043082237,0.06993920356035233,0.0,0.09547875076532364,0.0,0.14769099652767181,0.06399212777614594,0.0,0.0,0.14255249500274658,0.0,0.0,0.05240316689014435,0.04274288937449455
3648,0.0,0.0,0.0,0.0,0.0,0.0,0.0,0.0,0.0,0.0,0.0,0.0,0.0,0.0,0.0,0.0
3649,0.0,0.0,0.0,0.0,0.0,0.0,0.0,0.0,0.0,0.0,0.0,0.0,0.0,0.0,0.0,0.0
3651,0.0,0.0,0.20682744681835175,0.0,0.0,0.0627368912100792,0.029371751472353935,0.0,0.23315265774726868,0.10976404696702957,0.0970565602183342,0.0,0.14528788626194,0.11329881101846695,0.0,0.0
3652,0.0,0.0,0.0,0.0,0.0,0.0,0.0,0.0,0.0,0.0,0.0,0.0,0.0,0.0,0.0,0.0
3655,0.0,0.0,0.17141945660114288,0.2199353277683258,0.0,0.18163776397705078,0.09165185689926147,0.0,0.23017993569374084,0.0,0.0,0.12957584857940674,0.0,0.0,0.10847093909978867,0.14365226030349731
3661,0.0,0.0,0.0,0.0,0.0,0.0,0.0,0.0,0.0,0.0,0.0,0.0,0.0,0.0,0.0,0.0
3663,0.0,0.0,0.0,0.0,0.0,0.0,0.0,0.0,0.0,0.0,0.0,0.0,0.0,0.0,0.0,0.0
3664,0.20366886258125305,0.0,0.17656241357326508,0.19374927878379822,0.0,0.0,0.08410101383924484,0.0,0.2741055190563202,0.1648050993680954,0.0,0.0,0.10228898376226425,0.0,0.0,0.0
3666,0.1440960019826889,0.0,0.0,0.0,0.0,0.0,0.0,0.0,0.259552001953125,0.0,0.1465580016374588,0.0,0.0,0.0,0.0,0.0
3669,0.2632638216018677,0.12469301372766495,0.0,0.21734397113323212,0.0,0.24855497479438782,0.0,0.3485850989818573,0.13422712683677673,0.24917764961719513,0.2914580702781677,0.06804130226373672,0.12479392439126968,0.14180593192577362,0.12144843488931656,0.0
3671,0.0,0.0,0.0,0.0,0.0,0.0,0.0,0.0,0.0,0.0,0.0,0.0,0.0,0.0,0.0,0.0
3673,0.0,0.0,0.0,0.0,0.0,0.0,0.0,0.0,0.0,0.0,0.0,0.0,0.0,0.0,0.0,0.0
3677,0.0,0.0,0.0,0.0,0.0,0.0,0.0,0.0,0.0,0.0,0.0,0.0,0.0,0.0,0.0,0.0
3680,0.0,0.0,0.0,0.0,0.0,0.0,0.0,0.0,0.0,0.0,0.0,0.0,0.0,0.0,0.0,0.0
3681,0.0,0.0,0.32886606454849243,0.29448598623275757,0.0,0.3270327150821686,0.0,0.3720535933971405,0.0,0.2597537338733673,0.2565635144710541,0.15922926366329193,0.0,0.0,0.0,0.0
3682,0.0,0.26438871026039124,0.0,0.0,0.0,0.24314789474010468,0.22091658413410187,0.27851787209510803,0.14251276850700378,0.0,0.0,0.34534379839897156,0.2412363737821579,0.1951698511838913,0.0,0.0
3684,0.04663180187344551,0.0,0.061473336070775986,0.0101134292781353,0.0,0.08356659859418869,0.0924116000533104,0.055970001965761185,0.059869199991226196,0.0,0.0,0.05455000326037407,0.0,0.17090599238872528,0.19010674953460693,0.0
3685,0.0,0.0,0.0,0.0,0.0,0.0,0.0,0.0,0.0,0.0,0.0,0.0,0.0,0.0,0.0,0.0
3687,0.0,0.0,0.0,0.0,0.0,0.0,0.0,0.0,0.0,0.0,0.0,0.0,0.0,0.0,0.0,0.0
3690,0.0,0.0,0.0,0.0,0.0,0.0,0.0,0.0,0.0,0.0,0.0,0.0,0.0,0.0,0.0,0.0
3692,0.0,0.0,0.0,0.0,0.0,0.0,0.0,0.0,0.0,0.0,0.0,0.0,0.0,0.0,0.0,0.0
3693,0.0,0.0,0.0,0.0,0.0,0.0,0.0,0.0,0.0,0.0,0.0,0.0,0.0,0.0,0.0,0.0
3694,0.0,0.0,0.0,0.0,0.0,0.022133199498057365,0.0,0.0,0.0,0.0,0.0,0.0,0.0,0.0,0.0,0.0
3695,0.0,0.0,0.0,0.0,0.0,0.0,0.0,0.0,0.0,0.0,0.0,0.0,0.0,0.0,0.0,0.0
3696,0.0,0.0,0.0,0.0,0.0,0.0,0.0,0.0,0.0,0.0,0.0,0.0,0.0,0.0,0.0,0.0
3698,0.0,0.0,0.0,0.0,0.0,0.0,0.0,0.0,0.0,0.0,0.0,0.0,0.0,0.0,0.0,0.0
3699,0.0,0.0,0.0,0.0,0.0,0.0,0.0,0.0,0.0,0.0,0.0,0.0,0.0,0.0,0.0,0.0
3701,0.017599642276763916,0.0,0.0,0.0,0.08025778084993362,0.0,0.11683262139558792,0.0,0.16678810119628906,0.0,0.0,0.10190402716398239,0.0,0.0,0.0,0.0
3702,0.0,0.0,0.0,0.0,0.0,0.0,0.0,0.0,0.0,0.0,0.0,0.0,0.0,0.0,0.0,0.0
3703,0.0,0.0,0.0,0.0,0.0,0.0,0.0,0.0,0.0,0.0,0.0,0.0,0.0,0.0,0.0,0.08800583332777023
3704,0.0,0.0,0.0,0.0,0.0,0.0,0.0,0.0,0.0,0.0,0.0,0.0,0.0,0.0,0.0,0.0
3705,0.03220013529062271,0.02898009680211544,0.07608117163181305,0.002066047629341483,0.0,0.0,0.0,0.0,0.0,0.0,0.0,0.0,0.03865169361233711,0.0,0.0,0.0
3706,0.8042727708816528,0.9435685276985168,0.5798996090888977,0.6531599164009094,0.522415816783905,0.970257043838501,0.754183828830719,0.5847740173339844,0.9094544649124146,0.5916857719421387,0.9647685289382935,0.802120566368103,0.2007398009300232,0.030649548396468163,0.5449475049972534,0.0
3711,0.9029817581176758,0.9244161248207092,0.8273108601570129,0.783208429813385,0.974150538444519,0.9597250819206238,0.9649547338485718,0.03453424945473671,0.925301194190979,0.9742980599403381,0.9387423396110535,0.0,0.9352308511734009,0.9365246891975403,0.9693658947944641,0.8994237780570984
3714,0.0,0.0,0.0,0.0,0.0,0.0,0.0,0.0,0.0,0.0,0.0,0.0,0.0,0.0,0.0,0.0
3715,0.0,0.0,0.0,0.0,0.0,0.0,0.0,0.0,0.0,0.0,0.0,0.0,0.0,0.0,0.0,0.0
3718,0.0,0.0,0.0,0.0,0.0,0.0,0.0,0.0,0.0,0.0,0.0,0.0,0.0,0.0,0.0,0.0
3720,0.0,0.0,0.0,0.0,0.0,0.0,0.0,0.0,0.0,0.0,0.0,0.0,0.0,0.0,0.0,0.0
3723,0.0,0.0,0.45476311445236206,0.0,0.0,0.0,0.0,0.0,0.0,0.0,0.0,0.0,0.0,0.0,0.0,0.21836376190185547
3725,0.031223030760884285,0.0,0.0,0.0,0.0455036535859108,0.0,0.0,0.0,0.2526155114173889,0.0,0.0,0.0,0.0,0.13730692863464355,0.10906367748975754,0.0
3728,0.0,0.0,0.0,0.0,0.0,0.0,0.0,0.0,0.0,0.0,0.0,0.0,0.0,0.0,0.0,0.0
3732,0.0,0.0,0.0,0.0,0.0,0.0,0.0,0.0,0.0,0.0,0.0,0.0,0.0,0.0,0.0,0.0
3733,0.0,0.0,0.0,0.0,0.0,0.0,0.0,0.0,0.0,0.0,0.0,0.0,0.0,0.0,0.0,0.0
3735,0.0,0.0,0.0,0.0,0.0,0.0,0.0,0.0,0.0,0.0,0.0,0.0,0.0,0.0,0.0,0.0
3738,0.0,0.0,0.0,0.0,0.0,0.0,0.0,0.0,0.0,0.0,0.0,0.0,0.0,0.0,0.0,0.0
3739,0.26008743047714233,0.32414430379867554,0.2885908782482147,0.36148563027381897,0.4411257207393646,0.37636181712150574,0.3671591281890869,0.6106758117675781,0.24944935739040375,0.38520368933677673,0.33700594305992126,0.3485688269138336,0.5175765156745911,0.40907686948776245,0.309025377035141,0.3348033130168915
3741,0.039990317076444626,0.04107922688126564,0.06711604446172714,0.0,0.0,0.009766833856701851,0.0,0.0,0.0,0.0,0.0,0.0,0.040829259902238846,0.0,0.0,0.0
3742,0.0,0.0,0.0,0.0,0.07027588784694672,0.0,0.042912207543849945,0.0,0.14858095347881317,0.08108367770910263,0.08078160881996155,0.0,0.09205444902181625,0.08992618322372437,0.0,0.0
3748,0.0,0.0,0.0,0.0,0.0,0.0,0.0,0.0,0.0,0.0,0.0,0.0,0.0,0.0,0.0,0.0
3749,0.0,0.0,0.0,0.0,0.0,0.0,0.0,0.013506299816071987,0.0,0.0,0.0,0.0,0.0,0.0,0.0,0.0
3755,0.0,0.0,0.16956205666065216,0.07467979192733765,0.07402375340461731,0.024726686999201775,0.0,0.0,0.0,0.0,0.08247934281826019,0.0,0.0,0.12306207418441772,0.0,0.0
3756,0.0,0.0,0.0,0.0,0.0,0.0,0.0,0.0,0.0,0.0,0.0,0.0,0.0,0.0,0.0,0.0
3759,0.0,0.0,0.0,0.0,0.0,0.0,0.0,0.0,0.0,0.0,0.0,0.0,0.0,0.0,0.0,0.0
3763,0.0,0.0,0.0,0.0,0.0,0.0,0.0,0.0,0.0,0.0,0.0,0.0,0.0,0.0,0.0,0.0
3765,0.2623741030693054,0.0,0.0,0.14299699664115906,0.17962749302387238,0.24804528057575226,0.15816867351531982,0.2648719847202301,0.13537263870239258,0.0,0.0,0.0,0.17927558720111847,0.0,0.12118877470493317,0.0
3767,0.0,0.0,0.0,0.0,0.0,0.0,0.0,0.0,0.0,0.0,0.0,0.0,0.0,0.0,0.0,0.0
3769,0.0,0.0,0.0,0.0,0.0,0.0,0.0,0.0,0.0,0.0,0.0,0.0,0.0,0.0,0.0,0.0
3772,0.0,0.0,0.0,0.0,0.0,0.0,0.0,0.0,0.0,0.0,0.0,0.0,0.0,0.01710333302617073,0.0,0.0
3774,0.0871000736951828,0.0,0.0,0.061836328357458115,0.0,0.0,0.0,0.0,0.0,0.03171279653906822,0.06989527493715286,0.009840731509029865,0.0,0.0,0.0,0.03946565464138985
3777,0.0,0.0,0.0,0.0,0.0,0.0,0.0,0.0,0.0,0.0,0.0,0.0,0.0,0.0,0.0,0.0
3778,0.0,0.0,0.0,0.0,0.0,0.0,0.0,0.0,0.0,0.0,0.0,0.0,0.0,0.0,0.0,0.0
3779,0.0,0.0,0.0,0.0,0.0,0.0,0.0,0.0,0.0,0.0,0.0,0.0,0.0,0.0,0.0,0.0
3784,0.0,0.0,0.0,0.0,0.0,0.0,0.0,0.0,0.0,0.0,0.0,0.0,0.0,0.0,0.0,0.0
3787,0.27000662684440613,0.0,0.193837970495224,0.0,0.1982857584953308,0.0,0.0,0.35483360290527344,0.0,0.0,0.0,0.14004844427108765,0.13288506865501404,0.0,0.0,0.23294156789779663
3789,0.0,0.0,0.0,0.0,0.0,0.06544749438762665,0.0,0.0,0.0,0.0,0.0,0.0,0.01093466766178608,0.0,0.0,0.0
3793,0.0,0.0,0.0,0.0233325008302927,0.11669924855232239,0.0,0.0,0.0,0.0,0.0,0.0,0.0,0.0,0.0,0.6281459927558899,0.0
3794,0.0,0.0,0.0,0.0,0.0,0.0,0.0,0.0,0.0,0.10761292278766632,0.0,0.0,0.0,0.0,0.0,0.0
3798,0.06759800016880035,0.0,0.0,0.019263770431280136,0.333151638507843,0.21214629709720612,0.012903714552521706,0.0955830067396164,0.026799200102686882,0.0,0.10331428796052933,0.09210815280675888,0.01667724922299385,0.24742910265922546,0.0,0.1905834823846817
3800,0.3656701445579529,0.5466586351394653,0.45046964287757874,0.5168048739433289,0.08574727922677994,0.45146843791007996,0.732670247554779,0.594741940498352,0.7288298010826111,0.8636533617973328,0.0,0.4982147216796875,0.0,0.69197678565979,0.1899394541978836,0.27342885732650757
3802,0.0,0.0,0.0,0.0,0.0,0.0,0.0,0.0,0.0,0.0,0.0,0.0,0.0,0.0,0.0,0.0
3804,0.0,0.0,0.0,0.0,0.0,0.0,0.0,0.0,0.023330843076109886,0.0,0.0,0.0,0.03388604521751404,0.0,0.0,0.0
3806,0.0,0.08212725818157196,0.07506963610649109,0.032984863966703415,0.0,0.060914237052202225,0.0,0.04621076583862305,0.07007917016744614,0.05221696197986603,0.0,0.021208275109529495,0.13618464767932892,0.24451588094234467,0.0,0.013906938023865223
3807,0.0,0.0,0.0,0.0,0.0,0.0,0.0,0.0,0.0,0.0,0.0,0.0,0.0,0.0,0.0,0.0
3808,0.0,0.0,0.0,0.0,0.0,0.0,0.0,0.0,0.0,0.0,0.0,0.0,0.0,0.0,0.0,0.0
3814,0.0,0.0,0.0,0.0,0.0,0.0,0.0,0.0,0.0,0.0,0.0,0.0,0.0,0.0,0.0,0.0
3815,0.132468119263649,0.0,0.0,0.0,0.0,0.12769334018230438,0.0,0.2596864402294159,0.1737154722213745,0.130895733833313,0.0,0.08739432692527771,0.0,0.24077828228473663,0.049113333225250244,0.0
3819,0.0,0.0,0.0,0.0,0.0,0.0,0.0,0.0,0.0,0.0,0.0,0.0,0.0,0.0,0.0,0.0
3823,0.0,0.017651909962296486,0.0,0.13595089316368103,0.10829667001962662,0.20823995769023895,0.0,0.009863019920885563,0.032183002680540085,0.0,0.12812423706054688,0.15742994844913483,0.3085249960422516,0.234771266579628,0.0,0.35046133399009705
3824,0.0,0.0,0.0,0.0,0.0,0.0,0.0,0.0,0.0,0.0,0.0,0.0,0.0,0.0,0.0,0.0
3825,0.0,0.23628440499305725,0.0,0.0,0.15018627047538757,0.0,0.1989855170249939,0.07323645055294037,0.1351291537284851,0.0,0.0,0.11471201479434967,0.10857643932104111,0.0,0.0,0.11762867122888565
3826,0.0,0.0,0.0,0.0,0.0,0.0,0.0,0.0,0.0,0.0,0.0,0.0,0.0,0.0,0.0,0.0
3827,0.04159938171505928,0.04295076057314873,0.05847543478012085,0.0,0.0,0.0,0.0,0.0,0.0046463157050311565,0.0,0.0,0.0,0.03925936296582222,0.0,0.0,0.0
3829,0.493821382522583,0.7313628196716309,0.6724676489830017,0.5812764763832092,0.7388798594474792,0.6697093844413757,0.624971866607666,0.5784571170806885,0.3028552830219269,0.4602634012699127,0.8597041964530945,0.7078976631164551,0.8644421100616455,0.9950335025787354,0.7502464652061462,0.7976459264755249
3831,0.0,0.0,0.0,0.0,0.0,0.0,0.0,0.0,0.0,0.0,0.0,0.0,0.0,0.0,0.0,0.0
3832,0.0,0.0,0.0,0.0,0.0,0.0,0.0,0.0,0.0,0.0,0.0,0.0,0.0,0.0,0.0,0.0
3835,0.17910675704479218,0.0,0.0,0.0,0.0,0.0,0.0,0.0,0.03126966953277588,0.0,0.0,0.28879016637802124,0.0,0.0,0.0,0.0
3840,0.0,0.0,0.1119614765048027,0.03608919680118561,0.20368903875350952,0.08127515017986298,0.0,0.14798222482204437,0.13429208099842072,0.0,0.0,0.0,0.053935110569000244,0.1640985757112503,0.019977981224656105,0.12877832353115082
3846,0.079864002764225,0.0,0.0,0.0,0.18677300214767456,0.0,0.0,0.0,0.0,0.0,0.3735339939594269,0.5776000022888184,0.307218998670578,0.0,0.0,0.0
3848,0.04269157350063324,0.04547325149178505,0.04746512696146965,0.006106900051236153,0.0,0.0,0.0,0.0,0.047110844403505325,0.0,0.0,0.0,0.044628143310546875,0.0,0.0,0.020118333399295807
3849,0.0,0.0,0.0,0.0,0.0,0.0,0.0,0.0,0.0,0.0,0.0,0.0,0.0,0.0,0.0,0.0
3853,0.0,0.0,0.0,0.0,0.0,0.0,0.0,0.0,0.0,0.0,0.0,0.0,0.0,0.0,0.0,0.0
3854,0.0,0.0,0.0,0.0,0.0,0.0,0.0,0.0,0.0,0.0,0.0,0.0,0.0,0.0,0.0,0.0
3858,0.0,0.0,0.0,0.0,0.0,0.0,0.0,0.0,0.0,0.0,0.0,0.0,0.0,0.0,0.0,0.0
3860,0.0,0.0,0.0,0.0,0.0,0.0,0.0,0.0,0.0,0.0,0.0,0.0,0.0,0.0,0.0,0.0
3861,0.0,0.0,0.0,0.0,0.0,0.0,0.0,0.0,0.0,0.0,0.0,0.0,0.0,0.0,0.0,0.0
3863,0.3537927269935608,0.5972737073898315,0.14466740190982819,0.689145028591156,0.7949084639549255,0.9784537553787231,0.10476987808942795,0.3447057604789734,0.5566693544387817,0.43340131640434265,0.2661062479019165,0.9865164756774902,0.2987940013408661,0.8379427194595337,0.9955942630767822,0.8456073999404907
3866,0.0,0.0,0.0,0.0,0.0,0.0,0.0,0.0,0.0,0.0,0.0,0.0,0.0,0.0,0.0,0.0
3867,0.0,0.0,0.0,0.0,0.0,0.0,0.0,0.0,0.0,0.0,0.0,0.0,0.0,0.0,0.0,0.0
3868,0.0,0.0,0.0,0.0,0.0,0.0,0.0,0.0,0.0,0.0,0.0,0.0,0.0,0.0,0.0,0.0
3870,0.0,0.0,0.0,0.0,0.0,0.0,0.0,0.0,0.0,0.0,0.0,0.0,0.0,0.0,0.0,0.0
3871,0.0,0.0,0.0,0.0,0.0,0.0,0.0,0.0,0.0,0.0,0.0,0.0,0.0,0.0,0.0,0.0
3872,0.0,0.0,0.0,0.0,0.0,0.0,0.0,0.0,0.0,0.0,0.0,0.0,0.0,0.0,0.0,0.0
3875,0.0,0.0,0.0,0.0,0.0,0.0,0.0,0.0,0.0,0.0,0.0,0.0,0.0,0.0,0.0,0.0
3878,0.0,0.0,0.0,0.0,0.0,0.0,0.0,0.0,0.0,0.0,0.0,0.0,0.0,0.0,0.0,0.0
3879,0.0,0.0,0.0,0.0,0.0,0.0,0.0,0.0,0.0,0.0,0.0,0.0,0.0,0.0,0.0,0.0
3880,0.0,0.0,0.0,0.0,0.0,0.0,0.0,0.0,0.0,0.0,0.0,0.0,0.0,0.0,0.0,0.0
3887,0.0,0.0,0.0,0.0,0.0,0.0,0.0,0.0,0.0,0.0,0.0,0.0,0.0,0.0,0.0,0.0
3894,0.0,0.05915495753288269,0.24452175199985504,0.10372699797153473,0.15928083658218384,0.22233469784259796,0.21464695036411285,0.08991898596286774,0.26098182797431946,0.22495360672473907,0.2153199017047882,0.17858831584453583,0.0,0.02471436932682991,0.0,0.2620861530303955
3895,0.0,0.0,0.0,0.0,0.105497807264328,0.07074449956417084,0.0,0.10535566508769989,0.0,0.09968816488981247,0.0,0.12274229526519775,0.0,0.1846940964460373,0.0,0.0
3898,0.0,0.0,0.0,0.0,0.0,0.0,0.0,0.0,0.0,0.0,0.0,0.0,0.0,0.0,0.0,0.0
3899,0.0,0.0,0.0,0.0,0.0,0.0,0.0,0.0,0.0,0.0,0.0,0.0315437912940979,0.0,0.0,0.16624510288238525,0.0
3900,0.0,0.0,0.0,0.0,0.06530337780714035,0.021482858806848526,0.0548529289662838,0.04228237271308899,0.41150301694869995,0.0,0.2967259883880615,0.0,0.0,0.015273249708116055,0.0,0.0
3902,0.0,0.006798200309276581,0.0,0.03812059760093689,0.05757639929652214,0.0468246266245842,0.0,0.02676999941468239,0.0,0.032097797840833664,0.0,0.0,0.0,0.054853636771440506,0.045089442282915115,0.010161333717405796
3904,0.0,0.0,0.0,0.0,0.0,0.0,0.0,0.0,0.0,0.0,0.0,0.0,0.0,0.0,0.0,0.0
3907,0.0439714752137661,0.0431545227766037,0.06828483194112778,0.0,0.0,0.0,0.0,0.0,0.012147350236773491,0.0,0.0,0.0,0.03746604919433594,0.0,0.0,0.0
3911,0.0,0.0,0.0,0.0,0.0,0.0,0.0,0.0,0.0,0.0,0.0,0.0,0.0,0.0,0.0,0.0
3913,0.0,0.0,0.47378048300743103,0.0,0.0,0.0,0.0,0.0,0.0,0.0,0.0,0.0,0.0,0.0,0.0,0.0
3915,0.0,0.0,0.0,0.0,0.0,0.0,0.0,0.0,0.0,0.0,0.0,0.0,0.0,0.0,0.0,0.0
3917,0.0,0.0,0.0,0.0,0.0,0.0,0.0,0.0,0.0,0.0,0.0,0.0,0.0,0.0,0.0,0.0
3918,0.8378171920776367,0.3996311128139496,0.3735683262348175,0.0,0.3028525710105896,0.0,0.0,0.3011561930179596,0.4377470314502716,0.6830143332481384,0.0,0.0,0.6579111814498901,0.41930222511291504,0.3771020472049713,0.0
3920,0.0,0.0,0.0,0.0,0.0,0.0,0.0,0.0,0.0,0.0,0.0,0.0,0.0,0.0,0.0,0.0
3923,0.0,0.0,0.0,0.0,0.0,0.0,0.0,0.0,0.0,0.0,0.0,0.0,0.0,0.0,0.0,0.0
3926,0.0,0.0,0.31646013259887695,0.21627819538116455,0.17559155821800232,0.2598887085914612,0.08737611770629883,0.0,0.2232482135295868,0.0,0.0,0.0,0.0,0.0,0.0,0.16343334317207336
3933,0.0,0.0,0.16368241608142853,0.04147081449627876,0.0,0.060884542763233185,0.06772229075431824,0.03559468686580658,0.0,0.07036015391349792,0.0,0.0,0.02036888897418976,0.07148706167936325,0.08364646881818771,0.0
3934,0.0,0.0,0.0,0.0,0.0,0.0,0.0,0.0,0.0,0.0,0.0,0.0,0.0,0.0,0.0,0.0
3935,0.0,0.10452312231063843,0.22764022648334503,0.09819003194570541,0.16478462517261505,0.2344808131456375,0.21697509288787842,0.09053098410367966,0.2509562373161316,0.24862384796142578,0.1684248149394989,0.2464541494846344,0.1977062225341797,0.022501766681671143,0.0,0.4866635799407959
3939,0.0,0.0,0.0,0.0,0.0,0.0,0.0,0.0,0.0,0.0,0.0,0.0,0.0,0.0,0.0,0.0
3940,0.0,0.0,0.0,0.0,0.0,0.0,0.0,0.0,0.0,0.0,0.0,0.0,0.0,0.0,0.0,0.0
3943,0.0,0.0,0.4656562805175781,0.0,0.0,0.0,0.0,0.0,0.0,0.0,0.0,0.0,0.0,0.0,0.0,0.0
3944,0.0,0.0,0.0,0.0,0.0,0.0,0.0,0.0,0.0,0.0,0.0,0.0,0.0,0.0,0.0,0.0
3946,0.0,0.0,0.0,0.0,0.0,0.0,0.0,0.0,0.0,0.0,0.0,0.0,0.0,0.0,0.0,0.0
3948,0.0,0.0,0.0,0.0,0.0,0.0,0.0,0.0,0.0,0.0,0.0,0.0,0.0,0.0,0.0,0.0
3949,0.0,0.0,0.0,0.0,0.0,0.0,0.0,0.0,0.0,0.0,0.0,0.0,0.0,0.0,0.0,0.0
3958,0.0,0.0,0.45962828397750854,0.0,0.0,0.0,0.0,0.0,0.0,0.0,0.0,0.0,0.0,0.0,0.0,0.0
3960,0.0,0.0,0.0,0.0,0.0,0.0,0.0,0.0,0.0,0.0,0.0,0.0,0.0,0.0,0.0,0.0
3963,0.0,0.0,0.0,0.0,0.0,0.0,0.0,0.0,0.0,0.0,0.0,0.0,0.0,0.0,0.0,0.0
3967,0.0,0.0,0.0,0.0,0.0,0.0,0.0,0.0,0.0,0.0,0.0,0.0,0.0,0.0,0.0,0.0
3974,0.0,0.0,0.0,0.0,0.0,0.0,0.0,0.0,0.0,0.0,0.0,0.0,0.0,0.0,0.0,0.0
3978,0.0,0.0,0.4660481810569763,0.0,0.0,0.0,0.0,0.0,0.0,0.0,0.0,0.0,0.0,0.0,0.0,0.0
3982,0.0,0.0,0.0,0.0,0.0,0.0,0.0,0.0,0.0,0.0,0.0,0.0,0.0,0.0,0.0,0.0
3985,0.0,0.0,0.0,0.0,0.0,0.0,0.0,0.0,0.0,0.0,0.0,0.0,0.0,0.0,0.0,0.0
3987,0.1852116584777832,0.0,0.1881294995546341,0.0,0.19106550514698029,0.0,0.0,0.07034266740083694,0.0,0.0,0.0,0.41631099581718445,0.2962794899940491,0.0,0.0,0.0
3988,0.0,0.0,0.0,0.0,0.0,0.0,0.0,0.0,0.0,0.0,0.0,0.0,0.0,0.0,0.0,0.0
3992,0.0,0.0,0.10066158324480057,0.09132116287946701,0.0,0.1427312046289444,0.0,0.08284128457307816,0.0,0.07674954831600189,0.0,0.048379961401224136,0.0,0.0,0.0,0.0
3995,0.0,0.0,0.0,0.0,0.0,0.0,0.0,0.0,0.0,0.0,0.0,0.0,0.0,0.0,0.0,0.0
3997,0.0,0.160073921084404,0.0,0.0,0.0854942575097084,0.0,0.0,0.15100550651550293,0.0,0.00497641135007143,0.0,0.0,0.0,0.0,0.0,0.14508004486560822
3998,0.0,0.0,0.0,0.0,0.0,0.0,0.0,0.0,0.0,0.0,0.0,0.0,0.0,0.0,0.0,0.0
4002,0.9450539946556091,0.9559081196784973,0.8711349964141846,0.8896202445030212,0.9867848753929138,0.9228290915489197,0.5598879456520081,0.78422611951828,0.05090348795056343,0.7616657018661499,0.6684977412223816,0.8694965839385986,0.9274594783782959,0.4489811956882477,0.8586326241493225,0.6042040586471558
4004,0.0,0.0,0.0,0.0,0.0,0.0,0.0,0.0,0.0,0.0,0.0,0.0,0.0,0.0,0.0,0.0
4008,0.0,0.0,0.0,0.0,0.0,0.0,0.0,0.0,0.0,0.0,0.0,0.0,0.0,0.0,0.0,0.0
4010,0.0,0.11325996369123459,0.0,0.1793508380651474,0.0,0.24484339356422424,0.0,0.0,0.0,0.15715932846069336,0.23479026556015015,0.0448005311191082,0.0,0.08408214151859283,0.12166795879602432,0.0
4015,0.0,0.0,0.0,0.0,0.0,0.0,0.0,0.0,0.0,0.0,0.0,0.0,0.0,0.0,0.0,0.0
4018,0.0,0.0,0.0,0.0,0.0,0.0,0.0,0.0,0.0,0.0,0.0,0.0,0.0,0.0,0.0,0.0
4019,0.0,0.0,0.0,0.0,0.0,0.0,0.0,0.0,0.0,0.0,0.0,0.0,0.0,0.0,0.0,0.0
4025,0.0,0.0,0.0,0.0,0.0,0.0,0.0,0.0,0.0,0.0,0.0,0.0,0.0,0.0,0.0,0.0
4026,0.0,0.0,0.0,0.0,0.0,0.0,0.0,0.0,0.0,0.0,0.0,0.0,0.0,0.0,0.0,0.0
4027,0.0,0.0,0.0,0.0,0.0,0.0,0.0,0.0,0.0,0.0,0.0,0.0,0.0,0.0,0.0,0.0
4030,0.0,0.0,0.0,0.0,0.0,0.0,0.0,0.0,0.0,0.0,0.0,0.0,0.0,0.0,0.0,0.0
4041,0.0,0.0,0.0,0.0,0.0,0.0,0.0,0.0,0.0,0.0,0.0,0.0,0.0,0.0,0.0,0.0
4047,0.0,0.0,0.0,0.0,0.0,0.0,0.0,0.0,0.0,0.0,0.0,0.0,0.0,0.0,0.0,0.0
4051,0.0,0.0,0.0,0.0,0.0,0.0,0.0,0.0,0.0,0.0,0.0,0.0,0.0,0.0,0.0,0.0
4052,0.0,0.0,0.0,0.0,0.0,0.0,0.0,0.0,0.0,0.0,0.0,0.0,0.0,0.0,0.0,0.0
4059,0.0,0.0,0.0,0.0,0.0,0.0,0.0,0.0,0.0,0.0,0.0,0.0,0.0,0.0,0.0,0.0
4060,0.43860286474227905,0.4851040244102478,0.3667585849761963,0.4985046982765198,0.6700397729873657,0.3780721426010132,0.3169163763523102,0.20196667313575745,0.0,0.0,0.38777241110801697,0.3730202615261078,0.04757063463330269,0.09199890494346619,0.22901049256324768,0.008827285841107368
4062,0.0,0.0,0.0,0.0,0.0,0.0,0.0,0.0,0.0,0.0,0.0,0.0,0.0,0.0,0.0,0.0
4064,0.0,0.08658400177955627,0.1266700029373169,0.23749400675296783,0.0,0.0,0.0,0.43045100569725037,0.0,0.3583720028400421,0.25239598751068115,0.3175320029258728,0.0,0.4019390046596527,0.0,0.0
4066,0.0,0.0,0.0,0.0,0.0,0.0,0.0,0.0,0.0,0.0,0.0,0.0,0.0,0.0,0.0,0.0
4071,0.12325874716043472,0.15388664603233337,0.12212512642145157,0.0,0.0,0.0,0.0,0.1646699756383896,0.0,0.0,0.0,0.0,0.15356992185115814,0.0,0.0,0.0
4086,0.0,0.0,0.0,0.0,0.0,0.0,0.0,0.0,0.0,0.0,0.0,0.0,0.0,0.0,0.0,0.0
4121,0.0,0.0,0.0,0.0,0.0,0.0,0.0,0.0,0.0,0.0,0.0,0.0,0.0,0.0,0.0,0.0
4145,0.0,0.0,0.0,0.0,0.0,0.0,0.0,0.0,0.0,0.0,0.0,0.0,0.0,0.0,0.0,0.0
4222,0.2586032450199127,0.0,0.0,0.0,0.0,0.30482742190361023,0.0,0.28099605441093445,0.0,0.0,0.0,0.08045950531959534,0.12455909699201584,0.0,0.0,0.0
4231,0.0,0.0,0.0,0.0,0.0,0.0,0.0,0.0,0.0,0.0,0.0,0.0,0.0,0.0,0.0,0.0
4267,0.0,0.0,0.0,0.0,0.0,0.0,0.0,0.0,0.0,0.0,0.0,0.0,0.0,0.0,0.0,0.0
4268,0.15689006447792053,0.14536789059638977,0.12109488993883133,0.0,0.13237595558166504,0.11651086062192917,0.0,0.23000705242156982,0.0,0.20205353200435638,0.0,0.0,0.11999823898077011,0.0,0.0,0.1348782181739807
4269,0.0,0.0,0.0,0.0,0.0,0.0,0.0,0.0,0.0,0.0,0.0,0.0,0.0,0.0,0.0,0.0
4270,0.0,0.0,0.2676122188568115,0.21344201266765594,0.26107245683670044,0.0,0.0,0.38325536251068115,0.1438998132944107,0.2419629842042923,0.0,0.08382316678762436,0.0,0.14611750841140747,0.0,0.10471714287996292
4271,0.31856462359428406,0.2630428373813629,0.0,0.2634710371494293,0.0,0.0,0.0,0.37413597106933594,0.0,0.2710862159729004,0.0,0.0,0.2436235249042511,0.1428440362215042,0.11575514823198318,0.0
4295,0.0,0.0,0.0,0.0,0.25768420100212097,0.0,0.0,0.6648732423782349,0.0,0.0,0.0,0.0,0.0,0.0,0.2790812849998474,0.0
4296,0.0,0.0,0.0,0.0,0.0,0.0,0.0,0.0,0.0,0.0,0.0,0.0,0.0,0.0,0.0,0.0
4302,0.0,0.11656937748193741,0.0,0.0,0.0,0.0,0.0,0.12576013803482056,0.13372576236724854,0.10261045396327972,0.0,0.019913775846362114,0.015338944271206856,0.09838834404945374,0.0,0.0
4316,0.0,0.0,0.0,0.0,0.0,0.0,0.0,0.0,0.0,0.0,0.0,0.0,0.0,0.0,0.0,0.0
4317,0.0,0.0,0.0,0.0,0.0,0.0,0.0,0.0,0.0,0.0,0.0,0.0,0.0,0.0,0.0,0.0
4324,0.0,0.26313599944114685,0.5918327569961548,0.1264447569847107,0.0,0.0,0.3880560100078583,0.0,0.4871926009654999,0.0,0.4227941930294037,0.08573471754789352,0.0,0.0,0.20490361750125885,0.0
4353,0.0,0.0,0.0,0.0,0.0,0.0,0.0,0.0,0.0,0.0,0.7691861391067505,0.0,0.0,0.0,0.0,0.0
4357,0.043882474303245544,0.04932157322764397,0.11458408832550049,0.0032908949069678783,0.0,0.0,0.0,0.0,0.024098649621009827,0.013820474036037922,0.0,0.0,0.05075695365667343,0.0,0.0,0.0
4395,0.0,0.008305857889354229,0.0,0.0,0.0,0.0,0.0,0.05560312420129776,0.0,0.01233659964054823,0.0,0.0,0.0,0.0570702888071537,0.0,0.0
4473,0.41536322236061096,0.4170043468475342,0.24159538745880127,0.5298740863800049,0.71866375207901,0.49411797523498535,0.5509434938430786,0.20465801656246185,0.5868539214134216,0.6229629516601562,0.11075622588396072,0.5395982265472412,0.20793932676315308,0.2498844414949417,0.30352216958999634,0.3280884325504303
4480,0.0,0.0,0.0,0.0,0.0,0.0,0.0,0.0,0.0,0.0,0.0,0.0,0.0,0.0,0.0,0.0
4512,0.0,0.0,0.0,0.0,0.0,0.0,0.0,0.0,0.0,0.0,0.0,0.0,0.0,0.0,0.0,0.0
4515,0.0,0.0,0.0,0.0,0.0,0.0,0.0,0.0,0.0,0.0,0.0,0.0,0.0,0.0,0.0,0.0
4516,0.0,0.0,0.0,0.0,0.0,0.0,0.0,0.0,0.0,0.0,0.0,0.0,0.0,0.0,0.0,0.0
4524,0.0,0.0,0.0,0.0,0.0,0.0,0.0,0.0,0.0,0.0,0.0,0.0,0.0,0.0,0.0,0.0
4525,0.0,0.0,0.028697000816464424,0.009726786985993385,0.0,0.0,0.0,0.035548001527786255,0.0,0.0,0.0,0.0,0.0,0.0,0.0,0.016403667628765106
4529,0.0,0.0,0.0,0.0,0.0,0.0,0.0,0.0,0.0,0.0,0.0,0.0,0.0,0.0,0.0,0.0
4549,0.0,0.0,0.0,0.0,0.0,0.0,0.0,0.0,0.0,0.0,0.0,0.0,0.0,0.0,0.0,0.0
4558,0.0,0.0,0.0,0.0,0.0,0.0,0.0,0.0,0.0,0.0,0.0,0.0,0.0,0.0,0.0,0.0
4567,0.0,0.0,0.0,0.0,0.0,0.0,0.0,0.0,0.0,0.0,0.0,0.0,0.0,0.0,0.0,0.0
4596,0.0,0.0,0.0,0.0,0.0,0.0,0.0,0.0,0.0,0.0,0.0,0.0,0.0,0.0,0.0,0.0
4599,0.0,0.0,0.0,0.0,0.0,0.0,0.0,0.0,0.0,0.0,0.0,0.0,0.0,0.0,0.0,0.0
4600,0.0,0.0,0.0,0.0,0.0,0.0,0.0,0.0,0.0,0.0,0.0,0.0,0.0,0.0,0.0,0.0
4601,0.0,0.0,0.0,0.0,0.0,0.0,0.0,0.0,0.0,0.0,0.0,0.0,0.0,0.0,0.0,0.0
4602,0.0,0.0,0.0,0.0,0.0,0.0,0.0,0.0,0.0,0.0,0.0,0.0,0.0,0.0,0.0,0.0
