,0,1,2,3,4,5,6,7,8,9,10,11,12,13,14,15
0,0.0,0.0,0.0,0.0,0.0,0.0,0.0,0.0,0.0,0.0,0.0,0.0,0.0,0.0,0.0,0.0793989971280098
1,0.0,0.0,0.0,0.0,0.0,0.0,0.0,0.0,0.0,0.0,0.0,0.0,0.0,0.0,0.0,0.0
3,0.0,0.0,0.0,0.9889332056045532,0.0,0.0,0.0,0.0,0.0,0.0,0.0,0.0,0.0,0.0,0.9913400411605835,0.030027898028492928
7,0.0,0.0,0.0,0.0,0.0,0.0,0.0,0.0,0.0,0.0,0.0,0.0,0.0,0.0,0.0,0.0
20,0.0,0.0,0.0,0.6472887992858887,0.0,0.0,0.0,0.0,0.0,0.5826327800750732,0.0,0.0,0.0,0.0,0.0,0.0
31,0.9965966939926147,0.999670684337616,0.9973649978637695,0.9963779449462891,0.9649092555046082,0.8855166435241699,0.9367510676383972,0.999174952507019,0.9981589317321777,0.9401260018348694,0.9981535077095032,0.9116649627685547,0.9289026260375977,0.999240517616272,0.8999490141868591,0.9419684410095215
37,0.0,0.6544345021247864,0.8274705410003662,0.7698872685432434,0.0,0.8964554667472839,0.8973151445388794,0.7123647928237915,0.777102530002594,0.8560412526130676,0.0,0.6152296662330627,0.529392659664154,0.7193207740783691,0.0,0.8081763982772827
41,0.0,0.0,0.0,0.0,0.0,0.0,0.0,0.0,0.0,0.0,0.0,0.0,0.0,0.0,0.0,0.0
43,0.0,0.0,0.0,0.0,0.0,0.0,0.0,0.0,0.0,0.0,0.0,0.0,0.0,0.0,0.0,0.0
46,0.0,0.0,0.0,0.3871503472328186,0.0,0.0,0.0,0.0,0.0,0.0,0.0,0.0,0.0,0.0,0.0,0.0
48,0.7768636345863342,0.6555259227752686,0.4288524389266968,0.0,0.6946858763694763,0.0,0.0,0.0,0.0,0.0,0.6716605424880981,0.0,0.0,0.6608855128288269,0.0,0.778397262096405
49,0.0,0.0,0.0,0.0,0.0,0.0,0.0,0.0,0.0,0.0,0.0,0.0,0.0,0.0,0.0,0.0
51,0.0,0.0,0.0,0.0,0.0,0.0,0.0,0.49261200428009033,0.0,0.0,0.0,0.0,0.0,0.0,0.0,0.0
54,0.3098546862602234,0.0,0.0,0.0,0.0,0.5087326765060425,0.0,0.0,0.2798643410205841,0.038092248141765594,0.0,0.41058486700057983,0.0,0.0,0.0,0.0
58,0.0,0.0,0.0,0.0,0.0,0.0,0.0,0.0,0.0,0.0,0.0,0.0,0.0,0.0,0.0,0.0
89,0.0,0.18644961714744568,0.0,0.0,0.0,0.027634700760245323,0.0,0.0,0.0,0.13309212028980255,0.12109050154685974,0.0,0.15975812077522278,0.05688122287392616,0.0,0.0
95,0.0,0.0,0.0,0.0,0.0,0.0,0.0,0.0,0.0,0.0,0.0,0.0,0.0,0.0,0.0,0.0
99,0.0,0.0,0.0,0.0,0.0,0.0,0.0,0.0,0.0,0.0,0.0,0.0,0.0,0.0,0.0,0.0
104,0.0,0.0,0.0,0.0,0.0,0.0,0.0,0.013082142919301987,0.0,0.0,0.0,0.0,0.0,0.0,0.0,0.0
106,0.991566002368927,0.0,0.9951810240745544,0.9975249767303467,0.8955540060997009,0.9842480421066284,0.11704099178314209,0.9990949630737305,0.0,0.7387017607688904,0.7422893047332764,0.9878569841384888,0.05190575122833252,0.9672884941101074,0.7539994716644287,0.0
115,0.0,0.0,0.0,0.0,0.0,0.0,0.0,0.0,0.0,0.0,0.0,0.0,0.0,0.0,0.0,0.0
118,0.0,0.0,0.0,0.0,0.0,0.0,0.0,0.0,0.0,0.0,0.0,0.0,0.0,0.0,0.0,0.0
123,0.0,0.0,0.0,0.0,0.0,0.0,0.0,0.0,0.0,0.0,0.0,0.0,0.0,0.0,0.0,0.0
126,0.0,0.0,0.0,0.0,0.0,0.0,0.0,0.0,0.0,0.0,0.0,0.0,0.0,0.0,0.0,0.0
132,0.9268029928207397,0.9998469948768616,0.999455988407135,0.9987927675247192,0.9619580507278442,0.9991622567176819,0.9999866485595703,0.874930739402771,0.9679476618766785,0.9989243745803833,0.9958620071411133,0.9056614637374878,0.9984403848648071,0.9930820465087891,0.9845730066299438,0.8816737532615662
170,0.0,0.0,0.0,0.0,0.0,0.0,0.0,0.0,0.0,0.0,0.0,0.0,0.0,0.0,0.0,0.0
173,0.0,0.0,0.0,0.0,0.0,0.0,0.0,0.0,0.0,0.0,0.0,0.0,0.0,0.0,0.0,0.0
186,0.2814212441444397,0.054756250232458115,0.06271400302648544,0.12709900736808777,0.8020653128623962,0.02938699908554554,0.2293899953365326,0.4877157211303711,0.20290949940681458,0.33963698148727417,0.5211947560310364,0.189681738615036,0.5195972323417664,0.4083639681339264,0.3298107385635376,0.21759375929832458
191,0.13787250220775604,0.14973300695419312,0.056242749094963074,0.4450777769088745,0.1667412519454956,0.2091972529888153,0.0409572497010231,0.12270274758338928,0.13667523860931396,0.0,0.032579001039266586,0.1299096643924713,0.02041574940085411,0.33916768431663513,0.05611499771475792,0.13687250018119812
202,0.0,0.0,0.0,0.0,0.0,0.0,0.0,0.0,0.0,0.0,0.0,0.0,0.0,0.0,0.0,0.0
211,0.0,0.0,0.0,0.0,0.0,0.0,0.0,0.0,0.0,0.0,0.0,0.0,0.0,0.0,0.0,0.0
213,0.0,0.25589197874069214,0.08241116255521774,0.0,0.16168026626110077,0.0,0.10692192614078522,0.0,0.0,0.0,0.0,0.0,0.0,0.11343260854482651,0.12580645084381104,0.0
224,0.0,0.0,0.0,0.0,0.0,0.0,0.0,0.0,0.0,0.0,0.0,0.0,0.0,0.0,0.0,0.0
248,0.0,0.0,0.0,0.0,0.0,0.0,0.0,0.0,0.0,0.0,0.0,0.0,0.0,0.0,0.0,0.0
250,0.0,0.0,0.987863302230835,0.34509530663490295,0.08112549781799316,0.0,0.7517654299736023,0.0,0.23981930315494537,0.0,0.10523971915245056,0.11862486600875854,0.0,0.0,0.08501716703176498,0.0
253,0.0,0.0,0.0,0.0,0.0,0.0,0.0,0.0,0.0,0.0,0.0,0.0,0.0,0.0,0.0,0.0
254,0.0,0.0,0.0,0.0,0.0,0.0,0.0,0.0,0.0,0.0,0.0,0.0,0.0,0.0,0.0,0.0
256,0.0,0.0,0.0,0.0,0.0,0.0,0.0,0.0,0.0,0.0,0.0,0.0,0.0,0.0,0.0,0.0
258,0.043930087238550186,0.0,0.0,0.0,0.0,0.0,0.1578342169523239,0.21511909365653992,0.06338014453649521,0.0,0.0,0.0,0.0,0.0,0.0,0.0
262,0.0,0.0,0.5769978761672974,0.0,0.0,0.0,0.0,0.0,0.0,0.0,0.0,0.035544998943805695,0.2206370085477829,0.0,0.0,0.0
266,0.0,0.0,0.2509286105632782,0.10824110358953476,0.0,0.0,0.0,0.0,0.0,0.0,0.07714176923036575,0.0,0.0,0.0,0.06745171546936035,0.0
271,0.0,0.0,0.0,0.0,0.0,0.0,0.0,0.0,0.0,0.0,0.0,0.0,0.0,0.0,0.0,0.0
275,0.0,0.0,0.0,0.0,0.0,0.0,0.0,0.0,0.0,0.0,0.0,0.0,0.0,0.0,0.0,0.0
281,0.0,0.26262322068214417,0.0,0.0,0.0,0.0,0.0,0.0,0.30238398909568787,0.0,0.0,0.0,0.0,0.0,0.0,0.0
283,0.0,0.0,0.0,0.0,0.0,0.0,0.0,0.0,0.0,0.0,0.0,0.0,0.0,0.0,0.0,0.0
284,0.0,0.0,0.0,0.0,0.0,0.0,0.0,0.0,0.0,0.0,0.0,0.0,0.0,0.0,0.0,0.0
288,0.0,0.0,0.0,0.0,0.0,0.0,0.0,0.0,0.0,0.0,0.0,0.0,0.0,0.0,0.0,0.0
292,0.0,0.0,0.05061064288020134,0.0,0.10875300318002701,0.04745382070541382,0.0,0.1364157348871231,0.14241190254688263,0.0,0.0,0.0,0.0,0.06446375697851181,0.04581760987639427,0.0
296,0.0,0.0,0.0,0.0,0.0,0.0,0.0,0.0,0.0,0.0,0.0,0.0,0.0,0.0,0.0,0.0
313,0.0,0.0,0.0,0.0,0.0,0.0,0.0,0.0,0.0,0.0,0.0,0.0,0.0,0.0,0.0,0.0
316,0.0,0.0,0.0,0.0,0.0,0.0,0.0,0.0,0.0,0.0,0.0,0.0,0.0,0.0,0.0,0.0
324,0.0,0.0,0.0,0.0,0.0,0.0,0.0,0.0,0.0,0.0,0.0,0.0,0.0,0.0,0.0,0.0
326,0.0,0.0,0.0,0.0,0.0,0.0,0.0,0.0,0.0,0.0,0.0,0.0,0.0,0.0,0.0,0.0
346,0.9866706132888794,0.20605400204658508,0.33573001623153687,0.9394723773002625,0.627502977848053,0.9981467127799988,0.4610365033149719,0.4153500199317932,0.2384375035762787,0.9965435266494751,0.8672970533370972,0.3769579827785492,0.6422970294952393,0.7085710167884827,0.8923673033714294,0.8850564956665039
351,0.0,0.24081741273403168,0.0,0.0,0.20668739080429077,0.37815144658088684,0.0,0.0,0.0,0.3093790113925934,0.0,0.0,0.44267281889915466,0.0,0.7970775961875916,0.07000844180583954
355,0.0,0.0,0.0,0.0,0.0,0.0,0.0,0.0,0.0,0.0,0.0,0.0,0.0,0.0,0.0,0.0
361,0.0,0.0,0.0,0.0,0.0,0.0,0.0,0.0,0.0,0.0,0.0,0.0,0.0,0.0,0.0,0.0
368,0.0,0.0,0.0,0.0,0.0,0.0,0.0,0.0,0.0,0.0,0.0,0.0,0.0,0.0,0.0,0.0
369,0.42481622099876404,0.9563550353050232,0.728466808795929,0.4630579948425293,0.8215517401695251,0.7325088381767273,0.0,0.1735018789768219,0.3093256652355194,0.6755542755126953,0.612196683883667,0.3770715892314911,0.8940196633338928,0.7575952410697937,0.0,0.47040656208992004
374,0.0,0.0,0.0,0.0,0.0,0.0,0.0,0.0,0.0,0.0,0.0,0.0,0.0,0.0,0.0,0.0
385,0.0,0.0,0.11961666494607925,0.0,0.0,0.0,0.0,0.0,0.0,0.0,0.0,0.0,0.0,0.0,0.0,0.00913280714303255
388,0.0,0.45101600885391235,0.23045416176319122,0.727059006690979,0.0,0.4273011386394501,0.06298833340406418,0.5006641149520874,0.7468070387840271,0.4451422095298767,0.0,0.0,0.7408838272094727,0.7988889813423157,0.4006926417350769,0.03262307494878769
398,0.0,0.003369615413248539,0.4948057234287262,0.40475621819496155,0.0,0.47598081827163696,0.0,0.004263611510396004,0.07398823648691177,0.018681056797504425,0.3679933249950409,0.0,0.0,0.14358164370059967,0.0,0.005508374888449907
406,0.0,0.0,0.0,0.07978739589452744,0.0,0.0,0.4044782817363739,0.0,0.9080953598022461,0.8428564667701721,0.5993119478225708,0.11959760636091232,0.8848604559898376,0.0,0.04889100044965744,0.0
407,0.0,0.0,0.0,0.0,0.0,0.0,0.0,0.0,0.0,0.0,0.0,0.0,0.0,0.0,0.0,0.0
408,0.0,0.0,0.0,0.0,0.0,0.0,0.0,0.0,0.0,0.0,0.0,0.0,0.0,0.0,0.0,0.0
420,0.0,0.0,0.0,0.0,0.0,0.0,0.0,0.0,0.0,0.0,0.0,0.0,0.0,0.0,0.6101745963096619,0.0
421,0.0,0.0,0.0,0.0,0.0,0.0,0.0,0.0,0.0,0.0,0.0,0.0,0.0,0.0,0.0,0.0
426,0.0,0.0,0.18785570561885834,0.07383757084608078,0.0,0.1393304467201233,0.08585000038146973,0.45481595396995544,0.0629047378897667,0.7039726376533508,0.06436286866664886,0.3333967626094818,0.10701512545347214,0.5184289216995239,0.1595686972141266,0.0
428,0.5497733950614929,0.6738320589065552,0.7787650227546692,0.4782087802886963,0.06842425465583801,0.0,0.7563279271125793,0.9987185001373291,0.6998934745788574,0.9160312414169312,0.5443800091743469,0.8441622853279114,0.7410750985145569,0.5989465117454529,0.5645056962966919,0.13726912438869476
430,0.0,0.0,0.0,0.0,0.0,0.0,0.0,0.0,0.0,0.0,0.0,0.0,0.0,0.03991220146417618,0.0,0.0
435,0.5922470092773438,0.9808154106140137,0.8404901027679443,0.0,0.12860700488090515,0.6366615295410156,0.697651743888855,0.0,0.8670161962509155,0.9588253498077393,0.4752153754234314,0.8583074808120728,0.8181633949279785,0.4780634641647339,0.7567316293716431,0.7277135252952576
438,0.0,0.0,0.0,0.0,0.0,0.0,0.0,0.0,0.0,0.0,0.0,0.0,0.0,0.0,0.0,0.0
443,0.003468303708359599,0.02139458619058132,0.05376957729458809,0.030984120443463326,0.09597240388393402,0.49082642793655396,0.0,0.034296657890081406,0.03066089190542698,0.0,0.15996935963630676,0.02979791909456253,0.022512877359986305,0.031836919486522675,0.07375885546207428,0.0
447,0.0,0.0,0.0,0.0,0.0,0.0,0.0,0.0,0.0,0.0,0.0,0.0,0.0,0.0,0.0,0.0
449,0.9812396168708801,0.0,0.5874140858650208,0.0,0.0,0.9801861643791199,0.8906381726264954,0.6383333206176758,0.0,0.0,0.0,0.749413251876831,0.6554833650588989,0.0,0.866950273513794,0.4826219975948334
452,0.0,0.010569143109023571,0.0,0.0,0.0,0.0,0.0,0.0,0.0,0.010483857244253159,0.0,0.0,0.0,0.014948800206184387,0.0,0.0
464,0.0,0.2799622416496277,0.0,0.0,0.0,0.0,0.0,0.0,0.0,0.0,0.0,0.0,0.0,0.0,0.0,0.0
467,0.0,0.0,0.0,0.0,0.04840237647294998,0.0,0.0,0.0,0.0,0.0,0.0,0.0,0.14683645963668823,0.0,0.0,0.0
469,0.0,0.0,0.0,0.0,0.0,0.0,0.0,0.0,0.0,0.0,0.0,0.0,0.0,0.0,0.0,0.0
470,0.6915063858032227,0.0,0.15603189170360565,0.29165300726890564,0.19584958255290985,0.6613489985466003,0.698164165019989,0.0,0.54936683177948,0.19374020397663116,0.0,0.5963057279586792,0.4395720362663269,0.0,0.0,0.11086000502109528
474,0.0,0.0,0.0,0.0,0.0,0.0,0.0,0.0,0.0,0.0,0.0,0.0,0.0,0.0,0.0,0.0
477,0.0,0.0,0.0,0.0,0.0,0.0,0.0,0.0,0.0,0.0,0.0,0.0,0.0,0.0,0.0,0.0
479,0.0,0.0,0.0,0.0,0.0,0.0,0.0,0.0,0.0,0.0,0.0,0.0,0.0,0.0,0.0,0.0
480,0.017394790425896645,0.0,0.008637666702270508,0.00497353496029973,0.0,0.003014500020071864,0.0,0.028116608038544655,0.01715325191617012,0.025197472423315048,0.13862000405788422,0.012290296144783497,0.02802441269159317,0.011530891992151737,0.015918847173452377,0.007458555977791548
481,0.6974207758903503,0.26923900842666626,0.0,0.6598646640777588,0.09438369423151016,0.9757384061813354,0.0,0.0,0.0,0.0,0.8142730593681335,0.46582528948783875,0.0,0.8247228860855103,0.0,0.7804293632507324
487,0.0,0.0,0.5434127449989319,0.0,0.0,0.0,0.0,0.0,0.0,0.0,0.5814294219017029,0.0,0.0,0.0,0.0,0.0
494,0.0,0.0,0.0,0.0,0.0,0.0,0.0,0.4761994481086731,0.0,0.0,0.0,0.0,0.0,0.0,0.0,0.0
496,0.0,0.0,0.0,0.0,0.0,0.0,0.0,0.0,0.0,0.0,0.0,0.0,0.6029260158538818,0.0,0.0,0.0
505,0.0,0.0,0.0,0.0,0.0,0.0,0.0,0.0,0.0,0.0,0.0,0.0,0.0,0.0,0.0,0.0
513,0.0,0.0,0.0,0.0,0.0,0.0,0.0,0.0,0.0,0.0,0.0,0.0,0.0,0.0,0.0,0.0
518,0.0,0.0,0.0,0.0,0.0,0.0,0.0,0.0,0.0,0.0,0.0,0.0,0.0,0.0,0.0,0.0
520,0.0,0.11121100187301636,0.0,0.05489903688430786,0.019374743103981018,0.0,0.02232530526816845,0.0,0.07633166760206223,0.0,0.0,0.0,0.0,0.0,0.0,0.0
521,0.21365024149417877,0.0,0.0,0.22841894626617432,0.0,0.28490352630615234,0.0,0.0,0.0,0.20262204110622406,0.2289234697818756,0.0,0.2386191338300705,0.0,0.0,0.21410229802131653
531,0.0,0.0,0.0,0.0,0.0,0.0,0.0,0.0,0.0,0.0,0.0,0.0,0.0,0.0,0.0,0.0
545,0.0,0.0,0.0,0.0,0.1632838249206543,0.0,0.13647249341011047,0.14711430668830872,0.0,0.0,0.0,0.1117440015077591,0.3210369944572449,0.0,0.06749128550291061,0.0
547,0.0,0.0,0.0,0.0,0.0,0.0,0.0,0.0,0.0,0.0,0.0,0.0,0.0,0.0,0.0,0.0
554,0.3370492458343506,0.0,0.0,0.5213658213615417,0.2386721819639206,0.0,0.0,0.46198388934135437,0.5541647672653198,0.18836772441864014,0.5646094679832458,0.0,0.05184377729892731,0.18901203572750092,0.0,0.1930263787508011
555,0.0,0.0,0.0,0.0,0.0,0.0,0.0,0.0,0.0,0.0,0.0,0.0,0.0,0.0,0.0,0.0
557,0.0,0.0,0.0,0.0,0.0950031727552414,0.0,0.0,0.0,0.0,0.9249479174613953,0.0,0.0,0.0,0.0,0.0,0.9993211627006531
561,0.0,0.0,0.0,0.0,0.0,0.0,0.0,0.0,0.0,0.0,0.0,0.0,0.0,0.0,0.0,0.0
568,0.0,0.0,0.0,0.0,0.0,0.0,0.0,0.0,0.0,0.0,0.0,0.0,0.0,0.0,0.0,0.0
570,0.0,0.0,0.0,0.0,0.0,0.1320514976978302,0.0,0.0,0.0,0.0,0.0,0.0,0.0,0.0,0.0,0.0
577,0.0,0.0,0.0,0.0,0.0,0.0,0.0,0.0,0.0,0.0,0.0,0.0,0.0,0.0,0.0,0.0
588,0.0,0.0,0.0,0.0,0.0,0.0,0.0,0.0,0.0,0.0,0.0,0.0,0.0,0.0,0.0,0.0
603,0.9332159757614136,0.0,0.0,0.0,0.0,0.0,0.0,0.0,0.0,0.0,0.0,0.0,0.0,0.0,0.0,0.0
613,0.0,0.0,0.0,0.0,0.0,0.0,0.0,0.0,0.23087060451507568,0.8069707751274109,0.0,0.0,0.09571443498134613,0.0,0.2648473381996155,0.0
622,0.41119346022605896,0.01989114284515381,0.022969286888837814,0.0,0.07908525317907333,0.050352875143289566,0.08629872649908066,0.09817683696746826,0.04998662322759628,0.05301162600517273,0.041179124265909195,0.028098858892917633,0.04855100437998772,0.07017286121845245,0.1584399938583374,0.0
635,0.0,0.0,0.0,0.0,0.0,0.0,0.0,0.0,0.0,0.0,0.0,0.0,0.0,0.0,0.0,0.0
643,0.0,0.0,0.0,0.0,0.0,0.0,0.0,0.0,0.0,0.0,0.0,0.0,0.0,0.0,0.0,0.0
653,0.0,0.0,0.0,0.0,0.0,0.0,0.0,0.0,0.0,0.0,0.0,0.0,0.10990411043167114,0.0,0.0,0.0
661,0.08739972114562988,0.14794151484966278,0.4692971706390381,0.8663159012794495,0.7403550744056702,0.07756593078374863,0.06689143180847168,0.8019360899925232,0.3872184753417969,0.849168598651886,0.36741843819618225,0.6026583313941956,0.4942028820514679,0.1095706894993782,0.8569805026054382,0.4986596703529358
662,0.0,0.0,0.6904486417770386,0.03265383467078209,0.05786260589957237,0.09621447324752808,0.29555651545524597,0.0,0.008754500187933445,0.10083983838558197,0.6605521440505981,0.0,0.0,0.8117512464523315,0.0,0.0
664,0.0,0.0,0.0,0.0,0.0,0.0,0.0,0.0,0.0,0.0,0.0,0.0,0.0,0.0,0.0,0.0
677,0.0,0.0,0.0,0.0,0.0,0.0,0.0,0.0,0.0,0.0,0.0,0.0,0.0,0.0,0.0,0.0
678,0.0,0.0,0.0,0.0,0.2156846821308136,0.0,0.0,0.0,0.0,0.0,0.0,0.0,0.0,0.09903199970722198,0.0,0.0
680,0.0759224072098732,0.0,0.0,0.0,0.0069494289346039295,0.0,0.0,0.0,0.24024559557437897,0.27315858006477356,0.12330065667629242,0.0,0.2125970721244812,0.0,0.0,0.30329951643943787
681,0.2915896475315094,0.0,0.3097001910209656,0.0,0.0,0.0,0.3827168047428131,0.0,0.35623595118522644,0.6827282905578613,0.0854005292057991,0.04208741337060928,0.006065456662327051,0.013212552294135094,0.0,0.2541125416755676
684,0.402641624212265,0.0,0.0,0.0,0.0,0.24060530960559845,0.14099322259426117,0.27333301305770874,0.0,0.18769006431102753,0.0,0.0,0.3080024719238281,0.0,0.39474794268608093,0.0
689,0.0,0.0,0.0,0.0,0.0,0.0,0.0,0.0,0.0,0.0,0.0,0.0,0.0,0.0,0.0,0.0
695,0.0,0.0,0.0,0.0,0.0,0.0,0.0,0.0,0.020943250507116318,0.0,0.0,0.0,0.0,0.0,0.0,0.0
704,0.0,0.0,0.0,0.0,0.0,0.0,0.0,0.0,0.0,0.0,0.0,0.0,0.0,0.0,0.0,0.0
724,0.0,0.0,0.0,0.0,0.0,0.0,0.0,0.0,0.0,0.0,0.0,0.0,0.0,0.0,0.0,0.0
725,0.0,0.0,0.7505512237548828,0.0,0.0,0.27475684881210327,0.0,0.0,0.0,0.0,0.04281749948859215,0.0,0.0,0.0,0.0,0.0
731,0.0,0.0,0.0,0.0,0.0,0.0,0.0,0.0,0.0,0.0,0.0,0.0,0.0,0.0,0.0,0.0
737,0.0,0.0,0.0,0.0,0.0,0.0,0.0,0.0,0.0,0.0,0.0,0.0,0.0,0.0,0.0,0.0
738,0.0,0.0,0.0,0.0,0.0,0.0,0.0,0.0,0.0,0.0,0.0,0.0,0.0,0.0,0.0,0.0
751,0.0,0.0,0.0,0.0,0.10932979732751846,0.0,0.0,0.0,0.0,0.0,0.0,0.0,0.13133101165294647,0.0,0.0,0.0
753,0.6537705659866333,0.6424457430839539,0.0,0.7686684727668762,0.7468184232711792,0.7594114542007446,0.5200779438018799,0.7874389290809631,0.7991516590118408,0.7715305685997009,0.5735117197036743,0.7158173322677612,0.6186510920524597,0.7266023755073547,0.6290105581283569,0.7441585063934326
755,0.0,0.0,0.0,0.0,0.0,0.0,0.0,0.0,0.0,0.0,0.0,0.0,0.0,0.0,0.0,0.0
761,0.0,0.0,0.0,0.0,0.0,0.0,0.0,0.0,0.0,0.0,0.0,0.0,0.0,0.0,0.1641695499420166,0.0
762,0.0,0.0,0.0,0.0,0.0,0.0,0.0,0.0,0.0,0.0,0.0,0.0,0.0,0.0,0.0,0.0
766,0.0,0.0,0.0452364981174469,0.0,0.0,0.044987499713897705,0.0,0.3844040036201477,0.0,0.23797249794006348,0.0,0.0,0.0,0.0,0.0,0.0
767,0.0,0.0,0.0,0.0,0.0,0.0,0.0,0.0,0.0,0.0,0.0,0.0,0.0,0.0,0.0,0.0
772,0.0,0.0,0.0,0.0,0.0,0.0,0.0,0.0,0.0,0.0,0.0,0.0,0.0,0.0,0.0,0.0
776,0.0,0.0,0.0,0.0,0.0,0.0,0.0,0.0,0.0,0.0,0.0,0.0,0.0,0.0,0.0,0.0
788,0.0,0.0,0.0,0.0,0.0,0.0,0.0,0.0,0.0,0.0,0.0,0.0,0.0,0.0,0.0,0.0
796,0.0,0.0,0.0,0.0,0.0,0.0,0.0,0.0,0.0,0.0,0.0,0.0,0.0,0.0,0.0,0.0
802,0.0,0.0,0.0,0.0,0.0,0.0,0.0,0.0,0.0,0.0,0.0,0.0,0.0,0.0,0.0,0.0
806,0.0,0.0,0.0,0.0,0.0,0.0,0.14374400675296783,0.0,0.0,0.0,0.0,0.0,0.007403792813420296,0.0,0.0,0.0
814,0.0,0.0,0.0,0.0,0.0,0.0,0.0,0.0,0.0,0.0,0.0,0.0,0.0,0.0,0.0,0.0
846,0.0,0.0,0.0,0.0,0.0866200253367424,0.0,0.0,0.0,0.0,0.0,0.0,0.0,0.0,0.0,0.15862248837947845,0.0
849,0.44665390253067017,0.16750316321849823,0.20018629729747772,0.0,0.4541754722595215,0.0,0.0,0.30374258756637573,0.0,0.0,0.33937329053878784,0.09695332497358322,0.11981580406427383,0.10253943502902985,0.12010850012302399,0.0
858,0.0,0.0,0.0,0.0,0.0,0.0,0.0,0.0,0.0,0.0,0.0,0.0,0.0,0.0,0.0,0.0
865,0.0,0.0,0.0,0.0,0.005195916630327702,0.0,0.0,0.007045666221529245,0.024933556094765663,0.0,0.0,0.0,0.0,0.0,0.0,0.0
873,0.06064774841070175,0.0,0.0,0.0,0.03325212374329567,0.0,0.0,0.0,0.4177440404891968,0.13373316824436188,0.0,0.07772193104028702,0.0,0.0,0.4897618293762207,0.32014673948287964
882,0.0,0.0,0.0,0.0,0.0,0.0,0.0,0.0,0.0,0.0,0.0,0.0,0.0,0.0,0.0,0.03609483689069748
883,0.0,0.0,0.0,0.0,0.16804121434688568,0.0,0.0,0.0,0.003181436564773321,0.0,0.0,0.0,0.0,0.0,0.1143219992518425,0.0
888,0.0,0.0,0.0,0.0,0.0,0.0,0.0,0.0,0.0,0.0,0.0,0.0,0.0,0.0,0.0,0.0
889,0.38059863448143005,0.07175534963607788,0.3202642798423767,0.13708248734474182,0.4176715314388275,0.02016422338783741,0.16784349083900452,0.1057540625333786,0.2574029564857483,0.16866178810596466,0.12961620092391968,0.23061171174049377,0.1387455016374588,0.18762163817882538,0.021065669134259224,0.22057899832725525
893,0.6535868644714355,0.8704751133918762,0.8327931761741638,0.7688035368919373,0.1370975375175476,0.24157457053661346,0.13879336416721344,0.0,0.6314321756362915,0.1389050930738449,0.8558570146560669,0.8833874464035034,0.662169337272644,0.06268350034952164,0.0,0.46235141158103943
894,0.0,0.0,0.0,0.0,0.0,0.0,0.0,0.0,0.0,0.0,0.0,0.0,0.0,0.0,0.0,0.0
901,0.17222508788108826,0.0,0.35519999265670776,0.9005782604217529,0.2918843626976013,0.0,0.31167101860046387,0.8902432918548584,0.9207576513290405,0.6989974975585938,0.8465074896812439,0.0,0.6439841389656067,0.286937415599823,0.035576336085796356,0.7838870286941528
907,0.0,0.0,0.0,0.0,0.0,0.0,0.0,0.0,0.0,0.0,0.0,0.0,0.0,0.0,0.0,0.0
909,0.0,0.0,0.0,0.0,0.0,0.0,0.0,0.0,0.0,0.0,0.0,0.0,0.0,0.0,0.0,0.0
918,0.0,0.0,0.0,0.0,0.0,0.0,0.0,0.0,0.0,0.0,0.0,0.0,0.0,0.0,0.0,0.0
921,0.0,0.04945627599954605,0.0,0.0,0.0692494735121727,0.01982382871210575,0.0,0.0,0.04510147124528885,0.0,0.0,0.07237628847360611,0.0553375668823719,0.0,0.019643200561404228,0.02705107256770134
924,0.0,0.0,0.0,0.0,0.0,0.0,0.0,0.0,0.0,0.0,0.0,0.0,0.0,0.0,0.0,0.0
928,0.0,0.0,0.0,0.0,0.5348750352859497,0.0,0.0,0.0,0.0,0.0,0.0,0.36311689019203186,0.0,0.5318734049797058,0.0,0.0
933,0.0,0.0,0.0,0.0,0.0,0.0,0.0,0.0,0.0,0.0,0.0,0.0,0.0,0.0,0.0,0.0
934,0.0,0.0,0.0,0.0,0.0,0.0,0.0,0.0,0.0,0.0,0.0,0.0,0.0,0.0,0.0,0.0
938,0.0,0.0,0.0,0.0,0.0,0.0,0.0,0.0,0.0,0.0,0.0,0.0,0.0,0.0,0.0,0.0
941,0.0,0.0,0.0,0.0,0.0,0.0,0.0,0.0,0.0,0.0,0.0,0.0,0.0,0.0,0.0,0.0
950,0.0,0.0,0.11007066816091537,0.0,0.0,0.0,0.0,0.0,0.0,0.0,0.0,0.0,0.0,0.0,0.0,0.0
953,0.0,0.0,0.021623872220516205,0.09187371283769608,0.06234815716743469,0.030019985511898994,0.0,0.0,0.0,0.08383480459451675,0.0,0.0,0.0,0.1531357318162918,0.0,0.0
954,0.0,0.0,0.0,0.0,0.0,0.0,0.0,0.0,0.0,0.0,0.0,0.0,0.0,0.0,0.0,0.0
958,0.42473846673965454,0.4865339994430542,0.7508786916732788,0.46249935030937195,0.5546416640281677,0.21115897595882416,0.01118861511349678,0.0,0.16883976757526398,0.5252707600593567,0.7776406407356262,0.49192509055137634,0.6122898459434509,0.0,0.1325870007276535,0.07512159645557404
960,0.0,0.0,0.0,0.0,0.0,0.0,0.0,0.0,0.0,0.0,0.0,0.0,0.0,0.0,0.0,0.0
969,0.0,0.0,0.0,0.0,0.0,0.0,0.0,0.0,0.0,0.0,0.0,0.0,0.0,0.0,0.0,0.0
970,0.0,0.23243962228298187,0.29192474484443665,0.0,0.0,0.03725922480225563,0.39263778924942017,0.6954642534255981,0.32665735483169556,0.6525506973266602,0.6337460279464722,0.10823208838701248,0.14478690922260284,0.0,0.6345605254173279,0.5092546939849854
971,0.0,0.0,0.0,0.0,0.0,0.0,0.0,0.0,0.0,0.0,0.0,0.0,0.0,0.0,0.0,0.0
975,0.1030532494187355,0.0,0.030416250228881836,0.6775047779083252,0.08165375143289566,0.4495082497596741,0.16410019993782043,0.13813839852809906,0.3256746232509613,0.2091442495584488,0.018324334174394608,0.46902331709861755,0.15278774499893188,0.0270370002835989,0.11142460256814957,0.05300924926996231
994,0.24296094477176666,0.3117040991783142,0.27382561564445496,0.3000636398792267,0.2132229208946228,0.33592572808265686,0.18319977819919586,0.0,0.0,0.0,0.19956006109714508,0.18549324572086334,0.21320843696594238,0.1430412083864212,0.23321931064128876,0.0
997,0.0,0.0,0.0,0.0,0.0,0.0,0.0,0.0,0.0,0.0,0.0,0.0,0.0,0.0,0.0,0.0
1000,0.0,0.0,0.019383590668439865,0.0,0.0,0.0,0.0,0.0,0.0,0.0,0.0,0.02379721775650978,0.0,0.0,0.0032082609832286835,0.0
1003,0.0,0.0,0.0,0.0,0.0,0.0,0.0,0.0,0.0,0.0,0.0,0.0,0.0,0.0,0.0,0.0
1006,0.0,0.0,0.0,0.0,0.0,0.0,0.0,0.0,0.0,0.0,0.0,0.0,0.0,0.0,0.0,0.0
1007,0.0,0.0,0.0,0.0,0.0,0.0,0.0,0.0,0.0,0.0,0.0,0.0,0.0,0.0,0.0,0.0
1010,0.18414713442325592,0.19037935137748718,0.20538026094436646,0.22184932231903076,0.1375490128993988,0.134769007563591,0.27344435453414917,0.11708374321460724,0.04146883636713028,0.24256834387779236,0.30410686135292053,0.2583216726779938,0.0,0.0318668894469738,0.16004782915115356,0.15403814613819122
1014,0.16719087958335876,0.6583144068717957,0.25403597950935364,0.8605469465255737,0.5820347666740417,0.23038341104984283,0.4985924959182739,0.9511021971702576,0.4752286970615387,0.5610290169715881,0.4571387469768524,0.3971881866455078,0.28395265340805054,0.7011947631835938,0.6135476231575012,0.22016167640686035
1017,0.0,0.0,0.0,0.0,0.0,0.0,0.0,0.0,0.0,0.0,0.0,0.0,0.0,0.0,0.0,0.0
1018,0.26462340354919434,0.40153613686561584,0.27709585428237915,0.0,0.08479903638362885,0.04665367677807808,0.29957062005996704,0.7850934863090515,0.07300204038619995,0.12616106867790222,0.2275669425725937,0.25929516553878784,0.18361808359622955,0.13620135188102722,0.0,0.8441362380981445
1023,0.0,0.0,0.0,0.0,0.0,0.0,0.0,0.0,0.0,0.0,0.0,0.0,0.0,0.0,0.0,0.0
1029,0.0,0.0,0.0,0.0,0.0,0.0,0.0,0.0,0.0,0.0,0.0,0.0,0.0,0.0,0.0,0.0
1031,0.0,0.0,0.0,0.03941211476922035,0.0,0.0,0.0,0.0,0.0,0.0,0.0,0.0,0.0,0.0,0.0,0.0
1032,0.0,0.0,0.0,0.0,0.0,0.0,0.0,0.0,0.0,0.0,0.0,0.0,0.0,0.0,0.0,0.0
1035,0.18805526196956635,0.03957332670688629,0.1571277529001236,0.297151118516922,0.03862423077225685,0.21793891489505768,0.3734557330608368,0.3832644522190094,0.22358457744121552,0.08213824778795242,0.12999217212200165,0.2637902796268463,0.07850174605846405,0.013193938881158829,0.08340944349765778,0.2852815091609955
1040,0.0,0.0,0.0,0.0,0.0,0.0,0.0,0.0,0.0,0.0,0.0,0.0,0.0,0.0,0.0,0.0
1042,0.0,0.0,0.0,0.0,0.0,0.0,0.0,0.012178249657154083,0.0,0.0,0.0,0.0,0.0,0.0,0.0,0.0
1049,0.0,0.0,0.0,0.027054598554968834,0.0,0.2388731986284256,0.0,0.21040219068527222,0.0,0.16364115476608276,0.2789759933948517,0.17915400862693787,0.0,0.0,0.24016346037387848,0.0
1051,0.0,0.0,0.0,0.0,0.0,0.0,0.0,0.0,0.0,0.0,0.0,0.0,0.0,0.0,0.0,0.0
1052,0.0,0.5407190322875977,0.2590937912464142,0.7893145084381104,0.21871113777160645,0.3516894578933716,0.0,0.4660959839820862,0.0,0.22470435500144958,0.6599752306938171,0.7411474585533142,0.5015674233436584,0.18285727500915527,0.7854512333869934,0.8885890245437622
1060,0.0,0.0,0.0,0.0,0.0,0.0,0.0,0.0,0.0,0.0,0.0,0.0,0.0,0.0,0.0,0.0
1067,0.06193617731332779,0.5401498079299927,0.8759313821792603,0.0,0.0,0.62999027967453,0.0,0.10473467409610748,0.6505335569381714,0.47845134139060974,0.0,0.0,0.0,0.0,0.524772584438324,0.4868106245994568
1069,0.0,0.0,0.0,0.0,0.0,0.0,0.0,0.0,0.0,0.0,0.0,0.0,0.0,0.0,0.0,0.0
1070,0.0,0.0,0.0,0.0,0.0,0.0,0.0,0.0,0.0,0.0,0.0,0.0,0.0,0.0,0.0,0.0
1071,0.0,0.0,0.0,0.0,0.0,0.0,0.0,0.0,0.0,0.0,0.0,0.0,0.0,0.0,0.0,0.0
1075,0.0,0.0,0.0,0.0,0.0,0.0,0.0,0.0,0.0,0.0,0.0,0.0,0.0,0.0,0.0,0.0
1079,0.7271724343299866,0.0,0.9444004893302917,0.5462340116500854,0.8564950227737427,0.0,0.9976534843444824,0.44870901107788086,0.0,0.5224197506904602,0.0,0.0,0.0,0.0,0.0,0.8447250127792358
1083,0.3706691265106201,0.1075960025191307,0.0,0.0,0.16635839641094208,0.0,0.0,0.1748545616865158,0.2616743743419647,0.6496509909629822,0.0,0.0,0.06779033690690994,0.0,0.00782213918864727,0.20591063797473907
1086,0.0,0.0,0.0,0.0,0.0,0.0,0.0,0.0,0.0,0.0,0.0,0.0,0.0,0.0,0.0,0.0
1091,0.0,0.0,0.0,0.0,0.0,0.0,0.0,0.0,0.0,0.0,0.0,0.0,0.0,0.0,0.1791667938232422,0.0
1093,0.0,0.0,0.0,0.0,0.0,0.0,0.0,0.0,0.0,0.0,0.0,0.0,0.0,0.0,0.0,0.0
1103,0.05052425339818001,0.0,0.0,0.0,0.1984168142080307,0.0,0.03775155544281006,0.0,0.0,0.04806976765394211,0.0,0.11133299767971039,0.0,0.0,0.0,0.21291962265968323
1115,0.14562784135341644,0.0,0.12735266983509064,0.0,0.21294784545898438,0.0,0.1383025050163269,0.11078246682882309,0.1638801544904709,0.0,0.18257395923137665,0.11489398032426834,0.0,0.14077317714691162,0.2421337217092514,0.25606995820999146
1119,0.3083576261997223,0.17451532185077667,0.0,0.21658068895339966,0.0,0.275499552488327,0.18973083794116974,0.32343411445617676,0.07003435492515564,0.3935902714729309,0.20220306515693665,0.11683981120586395,0.0,0.07307340949773788,0.03711285814642906,0.3822724223136902
1122,0.0,0.0,0.0,0.0,0.3462669849395752,0.0,0.0,0.0,0.0058535002171993256,0.0,0.0,0.0,0.0,0.0,0.12546440958976746,0.0
1133,0.0,0.0,0.0,0.0,0.0,0.0,0.0,0.0,0.0,0.0,0.03707587346434593,0.0,0.0,0.0,0.0,0.0
1139,0.0,0.0,0.0,0.0,0.0,0.0,0.0,0.0,0.0,0.0,0.0,0.0,0.0,0.0,0.0,0.0
1145,0.0,0.0,0.0,0.0,0.0,0.0,0.0,0.0,0.0,0.0,0.0,0.0,0.0,0.0,0.0,0.0
1147,0.0,0.9403629899024963,0.23046448826789856,0.48376715183258057,0.45133817195892334,0.0,0.31862375140190125,0.7899625301361084,0.18819239735603333,0.24127566814422607,0.2025260031223297,0.0,0.0,0.0,0.6133931279182434,0.5025994181632996
1150,0.0,0.0,0.33729055523872375,0.0,0.0,0.0,0.0,0.0,0.0,0.1749146282672882,0.0,0.04295532405376434,0.0,0.0,0.2136339247226715,0.0
1154,0.0,0.0,0.0,0.0,0.0,0.0,0.0,0.0,0.0,0.0,0.0,0.0,0.0,0.0,0.0,0.0
1157,0.0,0.0,0.0,0.0,0.0,0.0,0.0,0.0,0.0,0.0,0.0,0.0,0.0,0.0,0.0,0.0
1164,0.664759635925293,0.4730697274208069,0.9100034832954407,0.008188393898308277,0.6109817624092102,0.6692689061164856,0.9587939977645874,0.9936627149581909,0.8486863970756531,0.9916149973869324,0.8872388005256653,0.48200225830078125,0.24363233149051666,0.47070547938346863,0.48252949118614197,0.5091937780380249
1165,0.0,0.0,0.0,0.0,0.26285699009895325,0.0,0.0,0.0,0.0,0.0,0.0,0.0,0.0,0.0,0.0,0.0
1191,0.0,0.0,0.0,0.0,0.0,0.0,0.0,0.0,0.0,0.0,0.0,0.0,0.0,0.0,0.0,0.0
1197,0.0,0.0,0.0,0.0,0.0,0.0,0.0,0.0,0.0,0.0,0.0,0.0,0.0,0.0,0.0,0.0
1200,0.0,0.0,0.0,0.0,0.0,0.0,0.0,0.0,0.0,0.0,0.0,0.0,0.0,0.0,0.0,0.0
1204,0.0,0.0,0.0,0.0,0.0,0.0,0.0,0.0,0.0,0.0,0.0,0.0,0.0,0.0,0.0,0.0
1207,0.0,0.0,0.0,0.0,0.0,0.0,0.0,0.0,0.0,0.0,0.0,0.0,0.0,0.0,0.0,0.0
1211,0.19869880378246307,0.9911420345306396,0.9975094795227051,0.06114276498556137,0.889316976070404,0.9669092297554016,0.9961714744567871,0.853169858455658,0.9736820459365845,0.571040153503418,0.992169201374054,0.7098976969718933,0.8979583978652954,0.6462699174880981,1.0,0.9288289546966553
1218,0.0,0.0,0.0,0.0,0.0,0.0,0.0,0.0,0.0,0.0,0.0,0.0,0.0,0.0,0.0,0.0
1240,0.0,0.0,0.0,0.0,0.0,0.0,0.0,0.0,0.0,0.0,0.0,0.0,0.0,0.0,0.0,0.0
1244,0.0,0.0,0.0,0.0,0.0,0.0,0.0,0.0,0.0,0.0,0.0,0.0,0.0,0.0,0.0,0.0
1246,0.0,0.0,0.0,0.0,0.0,0.0,0.0,0.0,0.0,0.0,0.0,0.0,0.0,0.0,0.0,0.0
1266,0.8801959753036499,0.9274240136146545,0.19246253371238708,0.8076000213623047,0.0,0.0,0.3320882320404053,0.0,0.24094149470329285,0.0,0.019315553829073906,0.0,0.0,0.3376085162162781,0.0,0.0
1270,0.0,0.0,0.0,0.0,0.0,0.0,0.0,0.0,0.0,0.0,0.0,0.0,0.0,0.0,0.0,0.0
1272,0.0,0.0,0.0,0.0,0.0,0.0,0.0,0.0,0.0,0.0,0.0,0.0,0.0,0.0,0.0,0.0
1274,0.0,0.0,0.0,0.0,0.0,0.0,0.0,0.0,0.0,0.0,0.0,0.0,0.0,0.0,0.0,0.0
1280,0.0,0.0,0.0,0.0,0.0,0.0,0.0,0.0,0.0,0.0,0.0,0.0,0.0,0.07898366451263428,0.0,0.0
1282,0.2315221130847931,0.5407217741012573,0.4209362864494324,0.6145741939544678,0.0,0.24405436217784882,0.47526273131370544,0.4614686369895935,0.5148774981498718,0.0,0.469061940908432,0.7180264592170715,0.48423540592193604,0.5448676347732544,0.32944455742836,0.8069696426391602
1295,0.0,0.0,0.0,0.0,0.0,0.0,0.0,0.0,0.0,0.0,0.0,0.0,0.0,0.0,0.0,0.0
1300,0.0,0.0,0.0,0.0,0.0,0.0,0.0,0.0,0.0,0.0,0.0,0.0,0.0,0.0,0.0,0.0
1301,0.0,0.0,0.0,0.0,0.0,0.0,0.16520099341869354,0.0,0.0,0.0,0.0,0.0,0.0,0.0,0.0,0.0
1321,0.0,0.0,0.0,0.0,0.0,0.0,0.0,0.0,0.0,0.0,0.0,0.0,0.0,0.0,0.0,0.0
1327,0.4077152609825134,0.0,0.0,0.0,0.27128276228904724,0.1858604997396469,0.7291048765182495,0.0,0.0,0.6564871072769165,0.0,0.159752756357193,0.0,0.0,0.0,0.0
1330,0.0,0.0,0.0,0.0,0.0,0.0,0.0,0.0,0.0,0.0,0.0,0.0,0.0,0.0,0.0,0.0
1337,0.6306990385055542,0.29056498408317566,0.87077796459198,0.32659101486206055,0.662584125995636,0.8947317004203796,0.2763707637786865,0.6344835758209229,0.9370068907737732,0.25628527998924255,0.7786645293235779,0.9867458343505859,0.95503830909729,0.18052619695663452,0.97578364610672,0.19883091747760773
1340,0.0,0.028482183814048767,0.0,0.0,0.0,0.0,0.0,0.0,0.0,0.0,0.0,0.0,0.0,0.0,0.0,0.0
1341,0.0,0.09436649829149246,0.0,0.0,0.0,0.0,0.0,0.044180456548929214,0.0,0.0,0.0,0.11116266250610352,0.0,0.0,0.0,0.06439200043678284
1344,0.0,0.0,0.0,0.28471699357032776,0.0,0.0,0.0,0.0,0.0,0.2083040028810501,0.0,0.0,0.0,0.0,0.0,0.0
1349,0.0,0.0,0.0,0.0,0.0,0.0,0.0,0.0,0.0,0.0,0.0,0.0,0.0,0.0,0.0,0.0
1358,0.0,0.0,0.0,0.0,0.0,0.0,0.0,0.0,0.0,0.0,0.0,0.0,0.0,0.0,0.0,0.0
1368,0.0,0.0,0.0,0.0,0.0,0.0,0.0,0.0,0.0,0.0,0.0,0.0,0.0,0.0,0.0,0.0
1372,0.0,0.19077299535274506,0.0,0.0,0.16878867149353027,0.0,0.0,0.23862500488758087,0.0,0.1657240092754364,0.14442625641822815,0.0,0.027509286999702454,0.18128067255020142,0.0,0.0
1375,0.0,0.0,0.0,0.0,0.0,0.0,0.0,0.0,0.0,0.0,0.0,0.0,0.0,0.0,0.0,0.0
1380,0.0,0.0,0.0,0.0,0.23300495743751526,0.0,0.0,0.0,0.0,0.0,0.0,0.0,0.0,0.0,0.0,0.0
1384,0.16067001223564148,0.0,0.0,0.040474750101566315,0.09600300341844559,0.030720999464392662,0.0,0.0,0.0,0.0,0.0,0.0,0.0,0.0,0.17262279987335205,0.0703829973936081
1388,0.0,0.0,0.0,0.0,0.0,0.0,0.0,0.0,0.0,0.0,0.0,0.0,0.0,0.0,0.0,0.15757599472999573
1391,0.0,0.0,0.0,0.0,0.0,0.0,0.0,0.0,0.0,0.0,0.0,0.0,0.0,0.0,0.0,0.0
1398,0.1919039934873581,0.0,0.4764285683631897,0.0,0.0,0.426765501499176,0.36441224813461304,0.0,0.0238675307482481,0.29399073123931885,0.0,0.0,0.0,0.1078696921467781,0.0,0.23896364867687225
1399,0.0,0.0,0.0,0.0,0.0,0.0,0.0,0.0,0.0,0.0,0.0,0.0,0.0,0.0,0.0,0.0
1404,0.929625391960144,0.9062837958335876,0.7053262591362,0.8306333422660828,0.10962627083063126,0.9940851926803589,0.997789204120636,0.7629976272583008,0.870133101940155,0.8240407705307007,0.6923596262931824,0.8769121170043945,0.9285515546798706,0.8086944818496704,0.8930327296257019,0.8967891931533813
1407,0.0,0.0,0.0,0.0,0.0,0.0,0.0,0.0,0.0,0.0,0.0,0.0,0.0,0.0,0.0,0.0
1410,0.48948851227760315,0.7475489974021912,0.8194701671600342,0.9752181768417358,0.0,0.9710580110549927,0.9731746912002563,0.7582773566246033,0.7601308226585388,0.4875144958496094,0.8078689575195312,0.48907148838043213,0.765586793422699,0.5296878218650818,0.7464067935943604,0.9745780229568481
1415,0.0,0.0,0.9685620069503784,0.982057511806488,0.0,0.9904000163078308,0.0,0.849684476852417,0.0,0.6197549700737,0.7415117025375366,0.0,0.0,0.9465826749801636,0.0,0.0
1417,0.0,0.0,0.0,0.0,0.0,0.0,0.0,0.0,0.0,0.0,0.0,0.0,0.0,0.0,0.0,0.0
1425,0.06877857446670532,0.0,0.0,0.0,0.0,0.012883249670267105,0.0,0.10035049915313721,0.022743571549654007,0.0,0.19658157229423523,0.0,0.009498374536633492,0.1148427203297615,0.0,0.050158001482486725
1429,0.0,0.0,0.0,0.0,0.0,0.0,0.0,0.0,0.0,0.0,0.0,0.0,0.0,0.0,0.0,0.0
1433,0.0,0.0,0.053141433745622635,0.0,0.0,0.0,0.0,0.0,0.0,0.0,0.0,0.0,0.0,0.0,0.0,0.037621431052684784
1436,0.0,0.0,0.0,0.0,0.0,0.0,0.0,0.0,0.0,0.0,0.0,0.0,0.0,0.0,0.0,0.0
1437,0.01177008356899023,0.0,0.033475086092948914,0.0,0.0,0.0,0.5956625938415527,0.12644125521183014,0.006795166991651058,0.0,0.27784910798072815,0.0,0.0,0.17446811497211456,0.0,0.06086983531713486
1438,0.0,0.0,0.0,0.0,0.0,0.0,0.0,0.0,0.0,0.0,0.0,0.0,0.0,0.0,0.0,0.0
1439,0.0,0.0,0.0,0.0,0.046593498438596725,0.0,0.0,0.0,0.0,0.0,0.0,0.0,0.17917099595069885,0.0,0.0,0.0
1441,0.0,0.0,0.06975330412387848,0.0,0.0,0.0,0.08594668656587601,0.12223729491233826,0.17097912728786469,0.19987836480140686,0.0,0.0,0.012037239968776703,0.0,0.0,0.13747602701187134
1452,0.0,0.0,1.0,0.08913999795913696,0.0,0.6124849915504456,0.0,0.10819000005722046,0.0,0.0,0.0,0.0,0.42357298731803894,0.46904900670051575,0.2270060032606125,0.3594149947166443
1457,0.08540228754281998,0.0,0.0,0.08570542931556702,0.0,0.037324145436286926,0.0,0.0,0.05712328851222992,0.11061428487300873,0.0,0.0,0.0,0.0,0.0,0.0
1465,0.0,0.0,0.0,0.0,0.0,0.0,0.0,0.0,0.0,0.0,0.0,0.0,0.0,0.0,0.0,0.0
1467,0.07836349308490753,0.0,0.0,0.0,0.0,0.0,0.0,0.0,0.0,0.0,0.0,0.0,0.09486749768257141,0.2175849974155426,0.0,0.694266140460968
1480,0.0,0.0,0.0,0.0,0.0,0.0,0.0,0.0,0.0,0.0,0.0,0.0,0.0,0.0,0.0,0.0
1481,0.0,0.0,0.0,0.0,0.0,0.0,0.0,0.0,0.0,0.0,0.0,0.0,0.0,0.0,0.0,0.0
1485,0.0,0.05391653627157211,0.07774963229894638,0.9692811965942383,0.1768520325422287,0.04636945202946663,0.09439170360565186,0.10434891283512115,0.0,0.0,0.04276153817772865,0.1275547444820404,0.0,0.008384374901652336,0.0,0.0
1486,0.0,0.0,0.0,0.0,0.43236076831817627,0.0,0.0,0.0,0.0,0.0,0.0,0.0,0.03234900161623955,0.0,0.0,0.0
1500,0.0,0.0,0.0,0.0,0.0,0.0,0.0,0.0,0.0,0.0,0.0,0.0,0.0,0.0,0.0,0.0
1501,0.154353529214859,0.03176853433251381,0.044965267181396484,0.06764063984155655,0.0,0.0,0.0,0.0,0.1095653772354126,0.0230094101279974,0.10235288739204407,0.0,0.0,0.0,0.0,0.0
1507,0.0,0.0,0.0,0.0,0.0,0.0,0.0,0.0,0.0,0.0,0.0,0.0,0.0,0.0,0.0,0.0
1515,0.9797710180282593,0.09608499705791473,0.765201985836029,0.9924070239067078,0.0,0.9713209867477417,0.0,0.9939481616020203,0.9271206259727478,0.32178300619125366,0.25356167554855347,0.0,0.8648180961608887,0.0,0.9672629833221436,0.9395439624786377
1517,0.0,0.0,0.0,0.0,0.0,0.0,0.0,0.0,0.0,0.0,0.0,0.0,0.0,0.0,0.0,0.0
1518,0.0,0.0,0.0,0.0,0.0,0.0,0.0,0.037094999104738235,0.0,0.0,0.0,0.0,0.0,0.0,0.0,0.0
1532,0.0,0.0,0.0,0.0,0.0,0.0,0.0,0.0,0.0,0.0,0.0,0.0,0.0,0.0,0.0,0.0
1533,0.0,0.0,0.0,0.0,0.0,0.0,0.0,0.0,0.0,0.0,0.0,0.0,0.009610000997781754,0.014031428843736649,0.0,0.0
1538,0.0,0.0,0.03663500025868416,0.0,0.0,0.0,0.0,0.0,0.0,0.0,0.0,0.0,0.0,0.0,0.0,0.0
1540,0.05708847939968109,0.0,0.16999533772468567,0.19832269847393036,0.16430039703845978,0.0,0.2800300717353821,0.08592268079519272,0.0,0.0,0.15398049354553223,0.0,0.0,0.2852880358695984,0.3144114911556244,0.0
1542,0.0,0.0,0.0,0.0,0.0,0.0,0.0,0.0,0.0,0.0,0.0,0.0,0.0,0.0,0.0,0.0
1547,0.14503152668476105,0.3030765950679779,0.2214241772890091,0.21256600320339203,0.25881078839302063,0.02303249016404152,0.0,0.0,0.0,0.44459494948387146,0.2816263437271118,0.16015703976154327,0.24537083506584167,0.0,0.056543514132499695,0.0
1558,0.0,0.03553071618080139,0.0,0.0,0.0,0.0,0.0,0.0,0.0,0.08736229687929153,0.0,0.011170857585966587,0.0,0.0,0.0,0.0
1560,0.0,0.041562750935554504,0.4351550042629242,0.7087753415107727,0.6640908122062683,0.0,0.4066757261753082,0.0,0.0,0.7781968116760254,0.0,0.08669012784957886,0.0,0.02531362511217594,0.0,0.0
1575,0.0,0.0,0.0,0.0,0.0,0.0,0.0,0.0,0.0,0.0,0.0,0.0,0.0,0.0,0.0,0.0
1576,0.0,0.03219417482614517,0.006978333927690983,0.4453306794166565,0.2024652063846588,0.27402350306510925,0.16119401156902313,0.02139587514102459,0.15352830290794373,0.039865002036094666,0.13409294188022614,0.018919801339507103,0.0,0.0,0.28468552231788635,0.0
1587,0.0,0.0,0.0,0.0,0.0,0.0,0.0,0.0,0.0,0.0,0.0,0.0,0.0,0.0,0.0,0.0
1588,0.0,0.0,0.0,0.0,0.0,0.0,0.0,0.0,0.0,0.0,0.0,0.0,0.0,0.0,0.0,0.0
1589,0.0,0.0,0.0,0.0,0.0,0.0,0.0,0.0,0.0,0.0,0.0,0.0,0.0,0.0,0.0,0.0
1591,0.14278258383274078,0.2523178458213806,0.18858754634857178,0.25843992829322815,0.22909869253635406,0.23141293227672577,0.3766060769557953,0.1539122611284256,0.5276073217391968,0.31642434000968933,0.18898026645183563,0.17926378548145294,0.21133312582969666,0.5102412104606628,0.1706521213054657,0.24804416298866272
1592,0.0,0.0,0.0,0.0,0.0,0.4440704882144928,0.0,0.0,0.0,0.1383207142353058,0.0,0.0,0.09478960186243057,0.11018425226211548,0.0,0.0
1595,0.0,0.0,0.0,0.0,0.0,0.0,0.0,0.0,0.0,0.0,0.0,0.0,0.0,0.0,0.0,0.0
1607,0.0,0.0,0.0,0.0,0.0,0.0,0.0,0.0,0.0,0.0,0.0,0.0,0.0,0.0,0.0,0.0
1611,0.0,0.0,0.0,0.0,0.0,0.0,0.020542461425065994,0.0,0.0,0.0,0.0,0.0,0.0,0.0,0.0,0.0
1630,0.0,0.0,0.0,0.0,0.0,0.0,0.0,0.0,0.0,0.0,0.0,0.0,0.0,0.0,0.0,0.0
1634,0.0,0.0,0.0,0.0,0.0,0.0,0.0,0.0,0.0,0.0,0.0,0.0,0.0,0.0,0.0,0.0
1653,0.0984082892537117,0.11494411528110504,0.13404452800750732,0.43400299549102783,0.0,0.0,0.22441519796848297,0.0,0.0,0.11651884764432907,0.0718189999461174,0.21480250358581543,0.3106558322906494,0.03922700136899948,0.0452381856739521,0.13483545184135437
1655,0.0,0.0,0.0,0.0,0.0,0.0,0.0,0.0,0.0,0.0,0.0,0.0,0.0,0.0,0.0,0.0
1664,0.6865304708480835,0.39946866035461426,0.8227983713150024,0.7445825934410095,0.4979455769062042,0.820936381816864,0.5710603594779968,0.6173575520515442,0.42803090810775757,0.8228490352630615,0.49183663725852966,0.5348080396652222,0.650984525680542,0.7561419010162354,0.6788994073867798,0.7709046602249146
1667,0.0,0.0564553365111351,0.13705399632453918,0.0,0.02733766660094261,0.0,0.18942634761333466,0.09212224930524826,0.10333725064992905,0.0,0.04707533121109009,0.07292033731937408,0.0,0.0,0.07631000131368637,0.0
1672,0.09532555937767029,0.12508367002010345,0.8849100470542908,0.8664673566818237,0.1534912884235382,0.1209145039319992,0.0,0.8187322020530701,0.4246574640274048,0.0,0.48921340703964233,0.7610890865325928,0.050099585205316544,0.7324300408363342,0.9096859097480774,0.6196584105491638
1684,0.0,0.0,0.0,0.0,0.0,0.0,0.0,0.0,0.0,0.0,0.0,0.0,0.0,0.0,0.0,0.0
1687,0.0,0.0,0.0,0.0,0.0,0.0,0.0,0.0,0.0,0.0,0.0,0.0,0.0,0.0,0.0,0.0
1707,0.0,0.0,0.03758249804377556,0.0,0.0,0.0,0.1094762533903122,0.040719665586948395,0.17797724902629852,0.07894399762153625,0.0,0.0,0.0,0.0,0.0,0.0
1709,0.0,0.0,0.0,0.0,0.0,0.0,0.0,0.0,0.0,0.0,0.0,0.0,0.0,0.0,0.0,0.0
1713,0.4830388128757477,0.3021879196166992,0.5641892552375793,0.7244899868965149,0.3443222641944885,0.24285073578357697,0.43178629875183105,0.35938534140586853,0.5389726758003235,0.5235199928283691,0.23304466903209686,0.43175363540649414,0.4573333263397217,0.3157688081264496,0.6097407937049866,0.5806674361228943
1718,0.0,0.0,0.32086092233657837,0.0,0.0,0.0,0.0,0.0,0.0,0.0,0.017502499744296074,0.0,0.0,0.0,0.0,0.0
1720,0.0,0.0,0.0,0.0,0.2158137559890747,0.0,0.0,0.0,0.0,0.022732747718691826,0.0,0.0,0.0,0.0,0.0,0.0
1721,0.11833366751670837,0.05960674211382866,0.07324402779340744,0.0,0.11773396283388138,0.07107958197593689,0.07400374114513397,0.12181181460618973,0.0,0.16850295662879944,0.0,0.1588008850812912,0.0,0.0,0.21402530372142792,0.1618148535490036
1726,0.0,0.11343519389629364,0.05939815193414688,0.1127488911151886,0.07030365616083145,0.21497006714344025,0.0,0.10964877158403397,0.1924029290676117,0.0660485103726387,0.0,0.0,0.10152655094861984,0.16554534435272217,0.0,0.0
1734,0.22155079245567322,0.18913458287715912,0.0,0.06311564147472382,0.0,0.0,0.18396443128585815,0.13072802126407623,0.1628667563199997,0.08334463089704514,0.0,0.12929576635360718,0.0,0.21010370552539825,0.0,0.0
1745,0.747733473777771,0.8610247373580933,0.841094970703125,0.7315595149993896,0.9699695110321045,0.8876825571060181,0.8243116140365601,0.8812018632888794,0.897576093673706,0.6806711554527283,0.7740554809570312,0.952293872833252,0.8493883609771729,0.8074588179588318,0.8332811594009399,0.9310407042503357
1749,0.0,0.0,0.0,0.0,0.0,0.0,0.0,0.0,0.010431124828755856,0.0,0.0,0.0,0.0,0.055499833077192307,0.0,0.029035402461886406
1753,0.0,0.2099863886833191,0.0,0.0,0.0,0.0,0.28285664319992065,0.08978535979986191,0.1849234253168106,0.0,0.0,0.0,0.10855869948863983,0.0,0.0,0.0
1757,0.0,0.14796556532382965,0.1345258206129074,0.0,0.0,0.0,0.0,0.0,0.0,0.0,0.0,0.0,0.0,0.0,0.0,0.0
1765,0.0,0.0,0.0,0.0,0.0,0.0,0.0,0.0,0.0,0.0,0.0,0.0,0.0,0.0,0.0,0.0
1772,0.0,0.0,0.0,0.0,0.0,0.0,0.0,0.0,0.0,0.0,0.0,0.0,0.0,0.0,0.0,0.0
1775,0.0,0.0,0.0,0.625364363193512,0.0,0.0,0.0,0.0,0.0,0.0,0.0,0.0,0.0,0.0,0.0,0.0
1782,0.0,0.0,0.0,0.0,0.0,0.0,0.0,0.0,0.0,0.0,0.0,0.0,0.0,0.0,0.0,0.0
1786,0.0,0.0,0.0,0.0,0.0,0.0,0.0,0.0,0.0,0.0,0.0,0.0,0.0,0.0,0.0,0.0
1788,0.0,0.0,0.0,0.0,0.0,0.0,0.0,0.0,0.0,0.0,0.0,0.0,0.0,0.0,0.0,0.0
1808,0.0,0.0,0.0,0.0,0.0,0.0,0.0,0.0,0.0,0.0,0.0,0.0,0.0,0.0,0.0,0.0
1816,0.0,0.0,0.0,0.0,0.0,0.0,0.0,0.0,0.0,0.0,0.0,0.0,0.0,0.0,0.0,0.0
1825,0.0,0.0,0.0,0.0,0.0,0.0,0.0,0.0,0.0,0.0,0.0,0.0,0.0,0.0,0.0,0.0
1833,0.0,0.0,0.0,0.0,0.0,0.0,0.0,0.0,0.0,0.0,0.0,0.0,0.0,0.0,0.0,0.0
1840,0.0,0.0,0.0,0.0,0.0,0.0,0.0,0.0,0.0,0.0,0.0,0.0,0.0,0.0,0.0,0.0
1850,0.0,0.0,0.0,0.0,0.0,0.0,0.0,0.0,0.0,0.0,0.35308223962783813,0.0,0.0,0.0,0.0,0.0
1856,0.0,0.0,0.0,0.0,0.0,0.0,0.0,0.0,0.0,0.0,0.0,0.0,0.0,0.0,0.0,0.0
1858,0.0,0.0,0.0,0.0,0.0,0.0,0.0,0.0,0.0,0.0,0.0,0.0,0.0,0.0,0.0,0.0
1860,0.0,0.0,0.0,0.0,0.6698827147483826,0.0,0.0,0.0,0.0,0.0,0.0,0.0,0.0,0.0,0.0,0.9776796698570251
1865,0.0,0.0,0.0,0.0,0.0,0.0,0.0,0.0,0.0,0.0,0.0,0.0,0.0,0.035224832594394684,0.0,0.0
1874,0.0,0.48355525732040405,0.0,0.0,0.36129000782966614,0.5367932915687561,0.46671321988105774,0.0,0.39251354336738586,0.0,0.0,0.6112256050109863,0.2806045711040497,0.0,0.30093926191329956,0.0
1880,0.7959593534469604,0.0,0.0,0.9541720151901245,0.9650579690933228,0.1009644940495491,0.5434620380401611,0.0691257044672966,0.0,0.10941090434789658,0.0,0.0,0.6938052177429199,0.0,0.4923675060272217,0.11593788117170334
1881,0.0,0.0,0.0,0.0,0.0,0.0,0.0,0.0,0.0,0.0,0.0,0.0,0.09713900089263916,0.0,0.0,0.0
1891,0.0,0.0,0.0,0.0,0.0,0.0,0.0,0.0,0.0,0.0,0.0,0.0,0.0,0.0,0.0,0.0
1899,0.0,0.0,0.0,0.0,0.0,0.0,0.0,0.0,0.0,0.0,0.0,0.0,0.0,0.0,0.0,0.0
1903,0.0,0.0,0.0,0.0,0.0,0.0,0.0,0.0,0.0,0.0,0.0,0.0,0.0,0.0,0.0,0.0
1907,0.0,0.0,0.0,0.0,0.0,0.0,0.0,0.0,0.0,0.0,0.0,0.0,0.0,0.0,0.0,0.0
1911,0.0,0.0,0.18409687280654907,0.04238550737500191,0.0,0.0,0.3040289580821991,0.0,0.2732013761997223,0.33833047747612,0.23339247703552246,0.0,0.13270138204097748,0.0,0.0,0.0
1920,0.0,0.0,0.0,0.0,0.0,0.0,0.0,0.0,0.0,0.0,0.0,0.0,0.0,0.0,0.0,0.0
1931,0.0,0.0,0.0,0.0,0.0,0.0,0.0,0.0,0.0,0.24531084299087524,0.6984130144119263,0.0,0.0,0.24894042313098907,0.0,0.0
1934,0.1147763654589653,0.0,0.0,0.0,0.0,0.0,0.020355474203824997,0.07152478396892548,0.0,0.0,0.0,0.032661404460668564,0.05871700122952461,0.0,0.0,0.0
1939,0.0,0.0,0.0,0.0,0.36341655254364014,0.0,0.0,0.6480168104171753,0.5067865252494812,0.666488528251648,0.0,0.0,0.0,0.0,0.7003147006034851,0.0
1946,0.0,0.0,0.0,0.0,0.0,0.0,0.0,0.0,0.0,0.0,0.0,0.0,0.0,0.0,0.0,0.0
1958,0.0,0.0,0.0,0.0,0.0,0.0,0.0,0.0,0.0,0.0,0.0,0.0,0.0,0.0,0.0,0.0
1960,0.0,0.0,0.0,0.0,0.0,0.0,0.0,0.0,0.0,0.0,0.0,0.0,0.0,0.0,0.0,0.0
1976,0.0,0.0,0.0,0.0,0.0,0.0,0.0,0.0,0.0,0.0,0.0,0.0,0.0,0.0,0.0,0.0
1984,0.0,0.0,0.0,0.0,0.0,0.0,0.0,0.0,0.0,0.0,0.0,0.0,0.0,0.0,0.0,0.0
1993,0.0,0.0,0.0,0.0,0.0,0.0,0.0,0.0,0.0,0.0,0.0,0.0,0.0,0.0,0.0,0.0
2001,0.0,0.0,0.0,0.0,0.0,0.0,0.0,0.0,0.0,0.0,0.0,0.0,0.0,0.05106792226433754,0.0,0.0
2005,0.0,0.0,0.0,0.0,0.0,0.0,0.0,0.0,0.0,0.0,0.0,0.0,0.0,0.0,0.0,0.0
2006,0.0,0.0,0.0,0.0,0.0,0.0,0.0,0.0,0.0,0.0,0.0,0.0,0.0,0.0,0.0,0.0
2009,0.04689669609069824,0.17266710102558136,0.08637217432260513,0.0,0.1536923050880432,0.07811390608549118,0.13033252954483032,0.10715685784816742,0.13689391314983368,0.1244901493191719,0.0,0.0,0.0,0.2435249388217926,0.0,0.22561344504356384
2013,0.2790512442588806,0.23263998329639435,0.28880101442337036,0.0,0.0,0.0,0.2637728452682495,0.18334761261940002,0.0,0.0,0.2464439570903778,0.0,0.08539434522390366,0.0,0.0,0.0
2015,0.0,0.17849400639533997,0.0,0.3108385503292084,0.2313385009765625,0.0,0.0894603356719017,0.03637849912047386,0.0,0.6874483823776245,0.09397740662097931,0.06583333015441895,0.2569482624530792,0.2746375799179077,0.6347759962081909,0.3113900125026703
2024,0.0,0.0,0.0,0.0,0.0,0.0,0.0,0.0,0.0,0.0,0.0,0.0,0.0,0.0,0.0,0.0
2026,0.9393996000289917,0.9826363921165466,0.922540009021759,0.9330229759216309,0.9190129041671753,0.9740355014801025,0.9826105833053589,0.8898866176605225,0.9873772263526917,0.941624641418457,0.929409384727478,0.9079211354255676,0.9096065163612366,0.9023036956787109,0.9008749723434448,0.910456120967865
2034,0.0,0.0,0.0,0.0,0.0,0.0,0.0,0.0,0.0,0.0,0.0,0.0,0.0,0.0,0.0,0.0
2039,0.0,0.0,0.0,0.0,0.0,0.0,0.0,0.0,0.0,0.0,0.0,0.0,0.0,0.0,0.0,0.0
2044,0.29595160484313965,0.14007090032100677,0.37766075134277344,0.0,0.252623975276947,0.18661056458950043,0.0,0.2941682040691376,0.27277427911758423,0.053658999502658844,0.33209288120269775,0.29859939217567444,0.3239576518535614,0.32158830761909485,0.37000083923339844,0.318758100271225
2048,0.9315569996833801,0.8731513023376465,0.10538022220134735,0.9256681203842163,0.0,0.30753228068351746,0.9609090685844421,0.8770658373832703,0.9732630252838135,0.9579827785491943,0.0,0.0,0.9439889788627625,0.9595629572868347,0.9528645277023315,0.32566341757774353
2053,0.0,0.0,0.0,0.0,0.0,0.0,0.0,0.0,0.0,0.0,0.0,0.0,0.0,0.0,0.0,0.0
2058,0.0,0.0,0.0,0.0,0.0,0.0,0.0,0.0,0.0,0.0,0.0,0.0,0.0,0.0,0.0,0.0
2060,0.0,0.0,0.05010955408215523,0.0,0.0,0.0,0.0,0.0,0.0,0.0,0.0,0.0,0.0,0.01914118230342865,0.0,0.0
2062,0.0,0.0,0.0,0.0,0.0,0.0,0.0,0.0,0.0,0.0,0.0,0.0,0.0,0.0,0.0,0.0
2072,0.0,0.0,0.0,0.0,0.0,0.0,0.0,0.0,0.0,0.0,0.0,0.0,0.0,0.0,0.0,0.0
2094,0.39517372846603394,0.5137421488761902,0.3317963182926178,0.0,0.0,0.0,0.46017512679100037,0.0,0.0,0.0,0.0,0.0,0.34535351395606995,0.0,0.0,0.0
2100,0.0,0.0,0.0,0.0,0.0,0.0,0.0,0.0,0.0,0.06771578639745712,0.0,0.0,0.0,0.0,0.0,0.0
2105,0.0,0.17523975670337677,0.0,0.8785294890403748,0.0,0.053284335881471634,0.9776003956794739,0.0,0.0,0.9765222668647766,0.0,0.0,0.0,0.0,0.6080164313316345,0.1261298805475235
2122,0.0,0.0,0.0,0.0,0.0,0.0,0.0,0.0,0.0,0.0,0.0,0.0,0.0,0.0,0.0,0.0
2125,0.0,0.0,0.0,0.0,0.0,0.0,0.0,0.0,0.0,0.0,0.0,0.0,0.0,0.0,0.0,0.0
2128,0.0,0.0,0.0,0.0,0.0,0.0,0.0,0.0,0.0,0.0,0.0,0.0,0.0,0.0,0.0,0.0
2129,0.0,0.0,0.0,0.0,0.0,0.0,0.0,0.0,0.0,0.0,0.0,0.0,0.0,0.0,0.0,0.0
2135,0.0,0.0,0.0,0.0,0.0,0.0,0.0,0.0,0.0,0.0,0.0,0.0,0.0,0.0,0.0,0.0
2141,0.0,0.0,0.0,0.0,0.0,0.0,0.0,0.0,0.0,0.0,0.0,0.0,0.0,0.0,0.0,0.0
2143,0.0,0.0,0.0,0.0,0.0,0.0,0.0,0.0,0.0,0.0,0.0,0.0,0.0,0.0,0.0,0.0
2149,0.0,0.0,0.0,0.0,0.0,0.0,0.0,0.0,0.0,0.0,0.0,0.0,0.0,0.0,0.0,0.0
2157,0.186732679605484,0.0,0.0,0.0,0.0484200194478035,0.0,0.0,0.0,0.0,0.0,0.0,0.0,0.03789447247982025,0.17667175829410553,0.0,0.0961705818772316
2166,0.0,0.0,0.0,0.0,0.0,0.0,0.0,0.0,0.0,0.0,0.0,0.0,0.0,0.0,0.0,0.0
2168,0.0,0.0,0.0,0.0,0.0,0.0,0.0,0.0,0.0,0.0,0.0,0.0,0.0,0.0,0.0,0.0
2173,0.0,0.019536666572093964,0.7772511839866638,0.021128999069333076,0.5335164070129395,0.17466723918914795,0.0615294985473156,0.0,0.0,0.0,0.062007248401641846,0.0,0.7046629786491394,0.0,0.0,0.0
2174,0.0,0.0,0.0,0.0,0.0,0.0,0.0,0.0,0.0,0.0,0.0,0.0,0.0,0.0,0.0,0.0
2189,0.0,0.0,0.0,0.0,0.0,0.0,0.0,0.0,0.0,0.0,0.0,0.0,0.0,0.0,0.0,0.0
2201,0.0,0.0,0.0,0.0,0.0,0.0,0.0,0.0,0.0,0.0,0.0,0.0,0.0,0.0,0.0,0.0
2202,0.0,0.0,0.0,0.0,0.0,0.0,0.0,0.0,0.0,0.0,0.0,0.0,0.0,0.0,0.0,0.0
2205,0.4681603014469147,0.12891417741775513,0.34094882011413574,0.0,0.5641617178916931,0.43907588720321655,0.2574787139892578,0.0,0.4296077489852905,0.44427475333213806,0.3641728460788727,0.14145037531852722,0.3879387080669403,0.21569667756557465,0.267226904630661,0.12655150890350342
2215,0.0,0.0,0.0,0.0,0.0,0.0,0.0,0.0,0.0,0.0,0.0,0.0,0.0,0.0,0.0,0.0
2217,0.07830788195133209,0.013469723053276539,0.06982079148292542,0.0,0.061135753989219666,0.07316843420267105,0.0770835354924202,0.02337309904396534,0.0,0.07379375398159027,0.0,0.03462962806224823,0.026372233405709267,0.0,0.14721748232841492,0.0
2230,0.03443083167076111,0.0,0.03953971713781357,0.0,0.0,0.0,0.0,0.0,0.06054443120956421,0.0018529630033299327,0.0,0.05189458280801773,0.0,0.07415899634361267,0.0,0.0
2243,0.0,0.0,0.0,0.0,0.0,0.0,0.0,0.0,0.0,0.0,0.0,0.0,0.0,0.0,0.0,0.0
2247,0.0,0.0,0.0,0.0,0.0,0.0,0.0,0.0,0.0,0.0,0.0,0.0,0.0,0.0,0.0,0.0
2255,0.0,0.0,0.0,0.0,0.0,0.0,0.0,0.0,0.0,0.0,0.0,0.0,0.0,0.0,0.0,0.0
2256,0.005983091425150633,0.0,0.5512184500694275,0.0,0.0,0.360689252614975,0.0,0.18243008852005005,0.5867490172386169,0.06764917820692062,0.0,0.0,0.0,0.0,0.6181930303573608,0.0
2272,0.0,0.0,0.0,0.0,0.24073949456214905,0.0,0.0,0.0,0.2701224982738495,0.0,0.0,0.0,0.0,0.03376249969005585,0.0,0.0
2302,0.9957906603813171,0.7711383700370789,0.9404910802841187,0.9352495074272156,0.9847768545150757,0.5894721746444702,0.7265002727508545,0.6422971487045288,0.4728183150291443,0.8975844383239746,0.8682019710540771,0.9260907173156738,0.10648476332426071,0.8452505469322205,0.7904107570648193,0.3486557900905609
2311,0.0,0.0638108029961586,0.0,0.0,0.0,0.926789402961731,0.0,0.0,0.5586616396903992,0.0,0.0,0.7776068449020386,0.4735336899757385,0.0,0.4676571786403656,0.39395982027053833
2316,0.0,0.0,0.0,0.0,0.0,0.055155131965875626,0.01641877368092537,0.05410854518413544,0.012535826303064823,0.0053806365467607975,0.0,0.05063927173614502,0.0,0.03991445153951645,0.0,0.0
2333,0.0,0.0,0.0,0.0,0.0,0.0,0.0,0.0,0.0,0.0,0.0,0.0,0.0,0.0,0.0,0.0
2336,0.0,0.38801711797714233,0.3481917679309845,0.5504656434059143,0.0,0.6296298503875732,0.0,0.0,0.46228790283203125,0.5041167140007019,0.21848808228969574,0.0,0.0,0.16468949615955353,0.01536664366722107,0.6794423460960388
2337,0.0,0.0,0.0,0.0,0.0,0.0,0.0,0.0,0.0,0.0,0.0,0.0,0.0,0.0,0.0,0.0
2341,0.0,0.0,0.0,0.0,0.0,0.0,0.0,0.0,0.0,0.0,0.0,0.0,0.0,0.0,0.0,0.0
2347,0.0,0.0,0.0,0.0,0.0,0.0,0.0,0.0,0.0,0.0,0.0,0.0,0.0,0.0,0.0,0.0
2351,0.0,0.0,0.0,0.0,0.0,0.0,0.0,0.0,0.0,0.0,0.0,0.0,0.0,0.0,0.0,0.0
2364,0.0,0.0,0.0,0.0,0.0,0.0,0.0,0.0,0.0,0.0,0.0,0.0,0.0,0.0,0.0,0.0
2365,0.3443959951400757,0.4155229926109314,0.31264299154281616,0.3365890085697174,0.0,0.0,0.0,0.5182740092277527,0.36865800619125366,0.0,0.0,0.28038400411605835,0.07881499826908112,0.31679898500442505,0.0,0.0
2374,0.0,0.0,0.0,0.0,0.0,0.0,0.0,0.0,0.0,0.0,0.0,0.0,0.0,0.0,0.0,0.0
2404,0.6986005306243896,0.0,0.0,0.5535318851470947,0.2412869930267334,0.04066441208124161,0.7256824970245361,0.7184880375862122,0.0,0.5278205275535583,0.7112044095993042,0.0,0.21617858111858368,0.5399410128593445,0.7385905385017395,0.6945633888244629
2412,0.0,0.0,0.203792005777359,0.35184499621391296,0.0,0.0,0.0569939985871315,0.0,0.0,0.0,0.0,0.0,0.0,0.0,0.0,0.0
2413,0.08675669133663177,0.061070654541254044,0.10809727013111115,0.0,0.11833677440881729,0.11222054809331894,0.001471235416829586,0.06398528069257736,0.010466208681464195,0.020045138895511627,0.24027539789676666,0.009607040323317051,0.006974271964281797,0.007027239538729191,0.012168890796601772,0.004768648650497198
2420,0.0,0.0,0.0,0.0,0.0,0.0,0.0,0.0,0.0,0.0,0.0,0.0,0.0,0.0,0.0,0.0
2429,0.0,0.0,0.0,0.0,0.0,0.0,0.0,0.0,0.0,0.0,0.0,0.0,0.0,0.0,0.0,0.007073000073432922
2430,0.0,0.0,0.0,0.0,0.0,0.0,0.0,0.0,0.0,0.0,0.0,0.0,0.0,0.0,0.0,0.0
2434,0.0,0.0,0.0,0.0,0.0,0.0,0.01768437586724758,0.0,0.06895066797733307,0.0,0.0,0.0,0.0,0.0,0.0,0.0
2456,0.0,0.030404800549149513,0.06300906836986542,0.03506939858198166,0.4689279794692993,0.01687922142446041,0.4059469401836395,0.826034426689148,0.5343114733695984,0.6654570698738098,0.0,0.613847553730011,0.004550529178231955,0.3007834553718567,0.8476323485374451,0.1081235483288765
2460,0.0,0.0,0.0,0.0,0.0,0.0,0.0,0.0,0.0,0.0,0.0,0.0,0.0,0.0,0.0,0.0
2470,0.0,0.0,0.0,0.0,0.0,0.0,0.0,0.0,0.0,0.0,0.0,0.0,0.0,0.0,0.0,0.060662440955638885
2474,0.0,0.0,0.0,0.0,0.0,0.0,0.0,0.0,0.0,0.0,0.0,0.0,0.0,0.0,0.0,0.0
2476,0.0,0.014477125369012356,0.0,0.0026106000877916813,0.020876199007034302,0.010888000018894672,0.0,0.03256693854928017,0.0,0.0,0.0,0.0,0.08320660144090652,0.0,0.0,0.0
2485,0.08304629474878311,0.0,0.0,0.0,0.054322514683008194,0.0,0.02464510314166546,0.0,0.11697718501091003,0.08460046350955963,0.09296982735395432,0.0,0.0,0.0011505283182486892,0.0,0.04718877747654915
2486,0.8608341217041016,0.7395500540733337,0.055929288268089294,0.6317370533943176,0.13564136624336243,0.06514447182416916,0.6575810313224792,0.5515695214271545,0.7575400471687317,0.10850796103477478,0.05643635243177414,0.24894483387470245,0.5989933609962463,0.0,0.6876360177993774,0.271937757730484
2495,0.0,0.0,0.0,0.0,0.0,0.0,0.0,0.0,0.0,0.0,0.0,0.0,0.0,0.0,0.0,0.0
2501,0.0,0.04652537405490875,0.0,0.0,0.0,0.0,0.0,0.0,0.0,0.0,0.0,0.0,0.0,0.0,0.0,0.0
2504,0.0,0.0,0.0,0.0,0.0,0.0,0.0,0.0,0.0,0.0,0.0,0.0,0.0,0.0,0.0,0.0
2509,0.0,0.0,0.0,0.0,0.0,0.0,0.0,0.0,0.0,0.0,0.0,0.0,0.0,0.0,0.0,0.0
2510,0.24402602016925812,0.39178407192230225,0.0,0.0,0.0,0.0,0.3113183081150055,0.0,0.0,0.0,0.9728172421455383,0.0,0.44809573888778687,0.04390459880232811,0.12420400232076645,0.3101535141468048
2523,0.35483479499816895,0.605464518070221,0.3040896952152252,0.24461616575717926,0.3834531903266907,0.48820731043815613,0.0,0.42294493317604065,0.2641270160675049,0.3609353005886078,0.0,0.25103622674942017,0.2241240292787552,0.25901082158088684,0.26964128017425537,0.0
2528,0.0,0.0,0.0,0.0,0.0,0.0,0.0,0.0,0.0,0.0,0.0,0.0,0.0,0.0,0.0,0.0
2531,0.0,0.0,0.0,0.0,0.0,0.0,0.0,0.0,0.0,0.0,0.0,0.0,0.0,0.0,0.0,0.0
2544,0.0,0.0,0.0,0.0,0.11748672276735306,0.0,0.0,0.0,0.0,0.2601717412471771,0.0,0.0,0.0,0.0,0.0849929079413414,0.0
2545,0.0,0.0,0.0,0.0,0.0,0.05989166721701622,0.0,0.0,0.0,0.0,0.0,0.0,0.0,0.0,0.0,0.0
2548,0.0,0.6967930197715759,0.0,0.0,0.0,0.3881169855594635,0.0,0.0,0.0,0.0,0.0,0.0,0.0,0.0,0.3365190029144287,0.0
2552,0.0,0.5154110193252563,0.0,0.0,0.0,0.0,0.0,0.0,0.0,0.38905149698257446,0.4055260121822357,0.37953799962997437,0.0,0.6527374982833862,0.394992470741272,0.5954700112342834
2556,0.34907880425453186,0.0,0.0,0.0,0.7421177625656128,0.0,0.0,0.2735885977745056,0.9044797420501709,0.7110313177108765,0.0,0.9074597954750061,0.7787697911262512,0.0,0.5555953979492188,0.0
2558,0.0,0.0,0.0,0.0,0.0,0.0,0.0,0.0,0.0,0.0,0.0,0.0,0.0,0.0,0.0,0.0
2562,0.0,0.0046102553606033325,0.22733327746391296,0.012634439393877983,0.013361570425331593,0.2642136514186859,0.0,0.016865108162164688,0.0,0.010840289294719696,0.29429060220718384,0.0854104608297348,0.037812210619449615,0.02043379656970501,0.0,0.2775663435459137
2564,0.0,0.0,0.0,0.0,0.0,0.0,0.0,0.0,0.0,0.0,0.0,0.0,0.0,0.0,0.0,0.0
2571,0.0,0.0,0.0,0.0,0.0,0.0,0.0,0.0,0.0,0.0,0.0,0.0,0.0,0.0,0.0,0.0
2598,0.05948507785797119,0.7771233916282654,0.010923526249825954,0.7897970676422119,0.4207920432090759,0.04095722362399101,0.5759849548339844,0.18331436812877655,0.39829176664352417,0.025236286222934723,0.05951257422566414,0.39916178584098816,0.5499429106712341,0.024699945002794266,0.1482858955860138,0.05365137755870819
2606,0.0,0.0,0.014728750102221966,0.0,0.0,0.0,0.0,0.0,0.0,0.0,0.0,0.0,0.0,0.0,0.0,0.0
2607,0.0,0.0,0.0,0.0,0.0,0.0,0.0,0.0,0.0,0.0,0.0,0.0,0.0,0.0,0.0,0.0
2620,0.0,0.0,0.0,0.0,0.0,0.652641236782074,0.0,0.0,0.5073094367980957,0.03260961174964905,0.0,0.0,0.0,0.0,0.0,0.0
2630,0.0,0.0,0.01260450016707182,0.0,0.0,0.0,0.0,0.0,0.11392398178577423,0.0,0.009799250401556492,0.0,0.0,0.0,0.0,0.0
2645,0.0,0.0,0.0,0.0,0.0,0.0,0.0,0.0,0.0,0.0,0.0,0.0,0.0,0.0,0.0,0.0
2658,0.0,0.0,0.0,0.0,0.0,0.0,0.0,0.0,0.0,0.0,0.0,0.0,0.0,0.0,0.0,0.0
2660,0.5826467871665955,0.0,0.0,0.0,0.0,0.0,0.013433136977255344,0.0,0.0,0.0,0.0,0.4886600375175476,0.0,0.0,0.0,0.19553939998149872
2665,0.0864994078874588,0.002287392970174551,0.3127059042453766,0.27963787317276,0.008853643201291561,0.25516000390052795,0.0,0.07783918082714081,0.2619231641292572,0.3635155260562897,0.4202940762042999,0.23903045058250427,0.003313304390758276,0.24791724979877472,0.17253127694129944,0.03460315987467766
2679,0.4997805058956146,0.5,0.7351580262184143,0.9396430253982544,0.4878714978694916,0.4975860118865967,0.49849599599838257,0.998216986656189,0.4998739957809448,0.0,0.01975962519645691,0.9926120042800903,0.0,0.9991660118103027,0.4985795021057129,0.4968709945678711
2690,0.0,0.0,0.0,0.0,0.0,0.0,0.0,0.0,0.0,0.0,0.0,0.0,0.0,0.0,0.0,0.0
2700,0.057029347866773605,0.0,0.0,0.004189781378954649,0.10653930902481079,0.057752277702093124,0.02976926788687706,0.0,0.0920305997133255,0.020677153021097183,0.0,0.0,0.05012273043394089,0.15012416243553162,0.0,0.07377904653549194
2707,0.5368202924728394,0.0,0.1629190444946289,0.23282279074192047,0.3319997787475586,0.0,0.20862658321857452,0.5562089085578918,0.2818537652492523,0.5373861193656921,0.26762253046035767,0.2639473080635071,0.48042842745780945,0.5226395130157471,0.555328369140625,0.4225212633609772
2709,0.0,0.0,0.0,0.0,0.0,0.0,0.0,0.0,0.0,0.0,0.0,0.0,0.0,0.0,0.0,0.0
2710,0.23958665132522583,0.8114603161811829,0.024113725870847702,0.8017643094062805,0.1121700331568718,0.0926576629281044,0.7064608335494995,0.18729551136493683,0.3133898973464966,0.31413841247558594,0.08995794504880905,0.21626901626586914,0.10649462044239044,0.11159801483154297,0.13473889231681824,0.28033941984176636
2711,0.24838607013225555,0.0,0.0,0.18848228454589844,0.267716646194458,0.3502568304538727,0.1988631933927536,0.1838713139295578,0.0,0.1676822304725647,0.3141181766986847,0.0,0.0,0.1977529525756836,0.29349377751350403,0.0
2714,0.0,0.0,0.0,0.0,0.0,0.0,0.0,0.0,0.0,0.0,0.0,0.0,0.0,0.0,0.0,0.0
2719,0.32715490460395813,0.6037669777870178,0.16979870200157166,0.33213376998901367,0.7111135721206665,0.43738800287246704,0.48219624161720276,0.3140985369682312,0.1692599356174469,0.5848299860954285,0.4674820005893707,0.4762932062149048,0.15475578606128693,0.45008498430252075,0.3785560131072998,0.25774234533309937
2728,0.0,0.0,0.0,0.0,0.0,0.0,0.0,0.0,0.0,0.0,0.0,0.0,0.0,0.0,0.0,0.0
2744,0.0,0.0,0.0,0.0,0.0,0.0,0.0,0.0,0.0,0.0,0.0,0.0,0.0,0.0,0.0,0.0
2753,0.0,0.14991262555122375,0.0,0.06765938550233841,0.06456006318330765,0.5447947382926941,0.5636216402053833,0.4499188959598541,0.44680148363113403,0.1870284080505371,0.04929120093584061,0.0,0.0,0.0,0.046075738966464996,0.009068608283996582
2766,0.0,0.0,0.0,0.0,0.0,0.0,0.0,0.0,0.0,0.0,0.0,0.0,0.0,0.0,0.0,0.0
2780,0.023483064025640488,0.0,0.0,0.06473220884799957,0.0,0.0,0.0,0.10163431614637375,0.0,0.0,0.12006913870573044,0.0,0.03149819001555443,0.12440751492977142,0.029699886217713356,0.0
2781,0.0,0.0,0.0,0.0,0.0,0.0,0.0,0.0,0.0,0.0,0.0,0.0,0.0,0.0,0.0,0.0
2821,0.24099719524383545,0.1295173466205597,0.0,0.0,0.17236988246440887,0.18842802941799164,0.0,0.12152240425348282,0.10152486711740494,0.13583622872829437,0.10560952126979828,0.0,0.06752842664718628,0.08727121353149414,0.0,0.18233948945999146
2833,0.0,0.0,0.0,0.0,0.0,0.0,0.0,0.0,0.0,0.0,0.0,0.0,0.0,0.0,0.0,0.0
2856,0.0,0.26730749011039734,0.0,0.0,0.056166332215070724,0.0,0.0,0.14247800409793854,0.15321901440620422,0.0,0.0,0.0,0.3257880210876465,0.0,0.0,0.0
2860,0.9559551477432251,0.3757484257221222,0.9288325309753418,0.7720234990119934,0.8809534311294556,0.9160946607589722,0.23959505558013916,0.6265023350715637,0.9831715822219849,0.7564515471458435,0.0,0.7264775037765503,0.5088052153587341,0.7513353228569031,0.10223938524723053,0.996357798576355
2866,0.12714311480522156,0.18278194963932037,0.0,0.0,0.1280975192785263,0.15186874568462372,0.0,0.0,0.0,0.0,0.0,0.1297782063484192,0.0,0.17290496826171875,0.0,0.0
2873,0.0,0.0,0.0,0.2642037570476532,0.07238516211509705,0.13666203618049622,0.0,0.0,0.0,0.0,0.11943372339010239,0.253811240196228,0.0,0.19103214144706726,0.3895881772041321,0.0
2874,0.0,0.007982684299349785,0.026415251195430756,0.0,0.008582965470850468,0.0,0.1506812572479248,0.018899768590927124,0.07042042165994644,0.18999674916267395,0.0,0.08992105722427368,0.0,0.11367908120155334,0.0,0.017065515741705894
2877,0.0,0.0,0.0,0.0,0.059539251029491425,0.0,0.0,0.0,0.0,0.0,0.0,0.0,0.0,0.0,0.0,0.1574140042066574
2879,0.0,0.0,0.0,0.0,0.0,0.0,0.0,0.0,0.0,0.0,0.0,0.0,0.0,0.0,0.0,0.0
2884,0.0,0.0,0.0,0.0,0.0,0.7079920172691345,0.0,0.0,0.0,0.0,0.0,0.0,0.0,0.0,0.0,0.0
2887,0.0,0.0,0.0,0.0,0.0,0.0,0.0,0.0,0.0,0.0,0.0,0.0,0.0,0.0,0.0,0.0
2892,0.0,0.0,0.0,0.0,0.0,0.0,0.0,0.0,0.0,0.0,0.0,0.0,0.0,0.0,0.0,0.0
2906,0.11065589636564255,0.0,0.0,0.09716932475566864,0.0,0.03639553487300873,0.026311514899134636,0.0,0.05018630251288414,0.055286724120378494,0.0,0.07187557965517044,0.0,0.12473732233047485,0.0,0.049083080142736435
2907,0.0,0.0,0.0,0.0,0.0,0.0,0.0,0.0,0.0,0.0,0.0,0.0,0.0,0.0,0.0,0.0
2911,0.0,0.0987648218870163,0.0,0.0,0.0,0.0,0.09837186336517334,0.1594672054052353,0.1685461550951004,0.0,0.0,0.0,0.13839338719844818,0.0,0.1991531103849411,0.13217680156230927
2913,0.0,0.0,0.0,0.0,0.0,0.0,0.0,0.0,0.0,0.0,0.0,0.0,0.0,0.0,0.0,0.0
2919,0.0,0.0,0.0,0.0,0.0,0.183466374874115,0.0,0.0,0.0,0.0,0.0,0.0,0.0,0.0,0.1955578625202179,0.0
2920,0.0,0.0,0.0,0.0,0.0870860368013382,0.0,0.0,0.0,0.0,0.11231078207492828,0.0,0.0,0.0,0.0,0.0,0.0
2921,0.7119700312614441,0.6209356188774109,0.7509915232658386,0.5494945049285889,0.8835734128952026,0.5562624335289001,0.1832137405872345,0.6677137017250061,0.8665819764137268,0.6988876461982727,0.4534730613231659,0.7785059213638306,0.765557587146759,0.7286694645881653,0.5350290536880493,0.8000496029853821
2934,0.0,0.0,0.0,0.0,0.0,0.0,0.0,0.0,0.0,0.0,0.0,0.0,0.0,0.0,0.0,0.0
2938,0.0,0.0,0.0,0.0,0.0,0.0,0.0,0.0,0.0,0.0,0.0,0.0,0.0,0.0,0.0,0.0
2942,0.0,0.0,0.0,0.0,0.0,0.0,0.0,0.0,0.0,0.0,0.0,0.0,0.0,0.0,0.0,0.0
2946,0.0,0.0,0.0,0.0,0.0,0.0,0.0,0.0,0.0,0.0,0.0,0.0,0.0,0.0,0.0,0.0
2948,0.0,0.0,0.0,0.0,0.0,0.0,0.0,0.0,0.0,0.0,0.0,0.0,0.0,0.0,0.0,0.0
2949,0.0,0.0,0.0,0.0,0.0,0.0,0.0,0.0,0.0,0.0,0.0,0.0,0.0,0.0,0.0,0.0
2956,0.0,0.0,0.0,0.0,0.0,0.0,0.0,0.0,0.0,0.0,0.0,0.0,0.0,0.0,0.0,0.0
2964,0.0,0.0,0.0,0.0,0.2481890171766281,0.0,0.0,0.0,0.0,0.0,0.0,0.0,0.0,0.0,0.0,0.0
2970,0.0,0.0,0.0,0.0,0.0,0.0,0.0,0.0,0.0,0.0,0.0,0.0,0.0,0.0,0.0,0.0
2971,0.0,0.0,0.0,0.0,0.0,0.0,0.0,0.0,0.0,0.0,0.0,0.0,0.0,0.0,0.0,0.0
2972,0.0,0.0,0.0,0.0,0.0,0.0,0.0,0.0,0.0,0.0,0.0,0.0,0.0,0.0,0.0,0.0
2973,0.2323179990053177,0.0,0.0,0.0,0.0,0.0,0.09258700162172318,0.0,0.0,0.0,0.0,0.0,0.0,0.0,0.0,0.0
2977,0.13801811635494232,0.206088587641716,0.06468100100755692,0.10061150044202805,0.0,0.04173027351498604,0.36840787529945374,0.1543712615966797,0.11197338253259659,0.11122249066829681,0.2686081528663635,0.10955113172531128,0.04062357172369957,0.034656304866075516,0.4024776220321655,0.24037577211856842
2978,0.0,0.0,0.0,0.0,0.0,0.0,0.0,0.0,0.0,0.07845712453126907,0.049689263105392456,0.0,0.0,0.0,0.0,0.0
2993,0.40253156423568726,0.0,0.0,0.0,0.0,0.0,0.0,0.0,0.0,0.0,0.0,0.0,0.21687115728855133,0.07810792326927185,0.23371902108192444,0.0
2994,0.0,0.0,0.0,0.0,0.0,0.0,0.0,0.0,0.0,0.0,0.0,0.0,0.0,0.0,0.0,0.0
3013,0.0,0.0,0.0,0.0,0.0,0.0,0.0,0.0,0.0,0.0,0.0,0.0,0.0,0.0,0.0,0.0
3017,0.0,0.0,0.0,0.0,0.0,0.0,0.0,0.0,0.0,0.0,0.0,0.0,0.0,0.0,0.0,0.0
3018,0.2975434958934784,0.5539264678955078,0.8118829727172852,0.49389398097991943,0.24219700694084167,0.324180006980896,0.0,0.37083449959754944,0.4111185073852539,0.7492995262145996,0.5871869921684265,0.38829049468040466,0.3776634931564331,0.23331500589847565,0.33104950189590454,0.7183319926261902
3023,0.0,0.0,0.0,0.0,0.037148501724004745,0.0,0.0,0.0,0.0,0.15929566323757172,0.0,0.0,0.27850717306137085,0.13069100677967072,0.0,0.0
3024,0.0,0.0,0.0,0.0,0.0,0.0,0.0,0.0,0.0,0.0,0.0,0.0,0.0,0.0,0.0,0.0
3025,0.0,0.0,0.0,0.0,0.0,0.0,0.0,0.0,0.0,0.0,0.0,0.0,0.0,0.0,0.0,0.0
3032,0.45165467262268066,0.0,0.8992605209350586,0.5018830299377441,0.32572901248931885,0.36882635951042175,0.33303600549697876,0.30797135829925537,0.29850634932518005,0.21759633719921112,0.561493992805481,0.0,0.44919198751449585,0.2089424878358841,0.6100814938545227,0.5517780184745789
3033,0.0,0.0,0.0,0.0,0.0,0.0,0.0,0.0,0.0,0.0,0.0,0.0,0.0,0.0,0.0,0.0
3036,0.9552819728851318,0.0,0.9933429956436157,0.0,0.0,0.0,0.6250209808349609,0.0,0.2584789991378784,0.0,0.0,0.0,0.6047919988632202,0.15762199461460114,0.5221539735794067,0.0
3049,0.0,0.0,0.0,0.0,0.0,0.0,0.09180600196123123,0.0,0.0,0.224808007478714,0.02348400093615055,0.00542800035327673,0.0,0.02097966894507408,0.04060424864292145,0.0
3051,0.18989533185958862,0.0,0.10042199492454529,0.0,0.0,0.02563900128006935,0.0,0.7494473457336426,0.13827300071716309,0.0,0.0,0.0,0.6483923196792603,0.0,0.0,0.06733600050210953
3058,0.2759785056114197,0.7174220085144043,0.0,0.5950415134429932,0.520782470703125,0.47251901030540466,0.3523139953613281,0.4230560064315796,0.9062299728393555,0.0,0.439859002828598,0.177606999874115,0.3411940038204193,0.7056260108947754,0.0,0.0
3064,0.0,0.0,0.0,0.0,0.0,0.0,0.0,0.0,0.0,0.0,0.0,0.0,0.0,0.0,0.0,0.0
3068,0.0,0.0,0.0,0.0,0.0,0.0,0.0,0.0,0.0,0.0,0.0,0.0,0.0,0.0,0.0,0.0
3069,0.0,0.0,0.0,0.0,0.0,0.0,0.0,0.0,0.0,0.0,0.0,0.0,0.0,0.0,0.0,0.0
3071,0.27153700590133667,0.41402333974838257,0.11127566546201706,0.23701566457748413,0.4766063392162323,0.333116352558136,0.0,0.2975206971168518,0.18823234736919403,0.0,0.9342352747917175,0.2879193425178528,0.172366663813591,0.0,0.29286301136016846,0.30306899547576904
3077,0.0,0.0,0.0,0.0,0.0,0.0,0.0,0.0,0.0,0.0,0.0,0.0,0.0,0.0,0.0,0.0
3086,0.0,0.0,0.0,0.0,0.0,0.0,0.0,0.0,0.0,0.0,0.0,0.0,0.0,0.0,0.0,0.0
3094,0.0,0.0,0.0,0.0,0.0,0.0,0.0,0.0,0.0,0.0,0.0,0.0,0.0,0.0,0.0,0.0
3095,0.0,0.0,0.0,0.0,0.017688143998384476,0.0,0.0,0.0,0.0,0.013672437518835068,0.0,0.0,0.0,0.0,0.0,0.0
3101,0.3200799822807312,0.7125149965286255,0.2568820118904114,0.0,0.0,0.07704450190067291,0.35772401094436646,0.22075149416923523,0.24574850499629974,0.5024049878120422,0.4965516924858093,0.5504094958305359,0.8120445013046265,0.4203544855117798,1.0,0.42528799176216125
3104,0.0,0.0,0.0,0.0,0.0,0.0,0.0,0.0,0.0,0.0,0.0,0.0,0.0,0.0,0.0,0.0
3106,0.4112814962863922,0.3863130211830139,0.0,0.0,0.0,0.38069748878479004,0.6696130037307739,0.0,0.9456095099449158,0.3102405071258545,0.3294849991798401,0.7445020079612732,0.9486644864082336,0.44708800315856934,0.3297170102596283,0.4833034873008728
3108,0.0,0.0,0.0,0.0,0.0,0.0,0.0,0.0,0.0,0.0,0.0,0.01657937467098236,0.0,0.0,0.0,0.0
3113,0.0,0.0,0.0,0.0,0.0,0.0,0.0,0.0,0.0,0.0,0.0,0.0,0.0,0.0,0.0,0.0
3119,0.0,0.0,0.0,0.019049188122153282,0.0,0.0,0.028407812118530273,0.0,0.0,0.0,0.0,0.0,0.0,0.0,0.0,0.0
3125,0.11618995666503906,0.0,0.11821048706769943,0.0,0.23255379498004913,0.0,0.09895356744527817,0.10908345133066177,0.1335524618625641,0.0,0.0,0.19135543704032898,0.08757630735635757,0.14488585293293,0.0,0.0
3126,0.0,0.772559404373169,0.6282323002815247,0.9353930354118347,0.7734657526016235,0.53804612159729,0.6917678713798523,0.3219793438911438,0.677015483379364,0.8035663962364197,0.020296728238463402,0.8891443610191345,0.2190362960100174,0.7735698223114014,0.1447409987449646,0.0
3129,0.0,0.0,0.0,0.0,0.0,0.0,0.0,0.0,0.0,0.0,0.0,0.0,0.0,0.0,0.0,0.0
3132,0.19642043113708496,0.0,0.0,0.2572883665561676,0.0,0.22813110053539276,0.2534467875957489,0.0,0.09411449730396271,0.41094139218330383,0.0,0.0,0.0,0.09932272136211395,0.0,0.25399550795555115
3133,0.0,0.0,0.11937545984983444,0.0,0.04254499822854996,0.0,0.05692954733967781,0.0,0.11514262109994888,0.04580841213464737,0.0,0.0,0.0,0.10528320074081421,0.0,0.039559897035360336
3134,0.0,0.0,0.0,0.0,0.0,0.0,0.0,0.0,0.0,0.0,0.0,0.0,0.0,0.0,0.0,0.0
3142,0.0,0.0,0.0,0.0,0.0,0.0,0.0,0.0,0.0,0.0,0.0,0.0,0.0,0.0,0.0,0.0
3143,0.044936005026102066,0.10532448440790176,0.0,0.0,0.0,0.0,0.0,0.0,0.1153031438589096,0.0,0.049238089472055435,0.0,0.0,0.0,0.026228254660964012,0.009676157496869564
3147,0.0,0.0,0.0,0.0,0.0,0.0,0.0,0.0,0.0,0.0,0.0,0.0,0.0,0.0,0.0,0.0
3149,0.49525952339172363,0.0,0.0,0.19049900770187378,0.3361094892024994,0.3478034734725952,0.0,0.4207009971141815,0.07015299797058105,0.21311600506305695,0.0,0.6098304986953735,0.0,0.6392800211906433,0.8404649496078491,0.0
3155,0.0,0.16988030076026917,0.0,0.0,0.21666963398456573,0.0,0.0,0.052603792399168015,0.0,0.04178868234157562,0.0,0.0,0.0,0.0,0.0,0.0
3156,0.0,0.0,0.0,0.0,0.0,0.0,0.026647111400961876,0.0,0.0,0.0,0.0,0.0,0.030426999554038048,0.0,0.0,0.0
3160,0.0,0.0,0.0,0.0,0.0,0.0,0.0,0.0,0.0,0.0,0.0,0.0,0.0,0.0,0.0,0.0
3161,0.5237406492233276,0.9702463150024414,0.9956545829772949,0.8902046084403992,0.8305597901344299,1.0,0.9249410033226013,0.9409890174865723,0.999194324016571,0.99150550365448,0.9654580354690552,0.9617897272109985,0.9820367097854614,0.9903415441513062,0.9639019966125488,0.0
3165,0.0,0.0,0.0,0.0,0.1522132009267807,0.0,0.0,0.0,0.0,0.0,0.0727740004658699,0.0,0.0,0.0,0.0,0.0
3168,0.0,0.0,0.0,0.0,0.0,0.0,0.0,0.0,0.0,0.0,0.0,0.0,0.0,0.0,0.0,0.0
3172,0.0,0.0,0.0,0.0,0.0,0.0,0.0,0.0,0.0,0.0,0.0,0.0,0.0,0.0,0.0,0.0
3173,0.0,0.0,0.0,0.0,0.0,0.0,0.0,0.0,0.0,0.0,0.0,0.0,0.0,0.0,0.0,0.0
3179,0.06475836783647537,0.04941689968109131,0.056571267545223236,0.22284166514873505,0.1047455295920372,0.26970982551574707,0.1922614574432373,0.0,0.10205957293510437,0.06928125023841858,0.24492815136909485,0.0,0.22341753542423248,0.13599437475204468,0.0,0.08860250562429428
3181,0.6807781457901001,0.04818742349743843,0.7621129751205444,0.7491653561592102,0.22546426951885223,0.2658223807811737,0.13380315899848938,0.0,0.5922316312789917,0.07553303241729736,0.2992737591266632,0.8076144456863403,0.4666854739189148,0.10814576596021652,0.01180616021156311,0.3252736032009125
3183,0.0,0.0,0.0,0.0,0.0,0.0,0.0,0.0,0.0,0.0,0.0,0.0,0.0,0.0,0.0,0.0
3187,0.2533467411994934,0.0,0.0,0.10146860033273697,0.0,0.0,0.0,0.0,0.0,0.0,0.03145711123943329,0.0,0.0,0.0,0.0,0.0
3191,0.0,0.0,0.0,0.0,0.0,0.0,0.0,0.0,0.0,0.0,0.0,0.0,0.0,0.0,0.0,0.0
3192,0.0,0.0,0.0,0.0,0.0,0.0,0.0,0.0,0.0,0.0,0.0,0.029409607872366905,0.0,0.0,0.0,0.0
3198,0.0,0.0,0.0,0.0,0.0,0.0,0.0,0.0,0.0,0.0,0.0,0.0,0.0,0.0,0.0,0.0
3204,0.14200754463672638,0.15478193759918213,0.17307855188846588,0.0,0.29720374941825867,0.257693886756897,0.28169870376586914,0.0,0.18808452785015106,0.32354822754859924,0.0,0.1748131811618805,0.07644785195589066,0.09533517062664032,0.0,0.263362318277359
3205,0.0,0.0,0.0,0.0,0.0,0.0,0.0,0.0,0.0,0.0,0.0,0.0,0.0,0.0,0.0,0.0
3207,0.30242735147476196,0.40753990411758423,0.0,0.0,0.0,0.0,0.6656708121299744,0.0,0.0,0.0,0.0,0.642816960811615,0.0,0.0,0.0,0.3814713656902313
3208,0.0,0.0,0.0,0.04975409060716629,0.0,0.0,0.0,0.0,0.0,0.0,0.0,0.0,0.0,0.0,0.0,0.0
3211,0.0,0.0,0.0,0.0,0.0,0.0,0.0,0.0,0.0,0.0,0.0,0.0,0.0,0.0,0.0,0.0
3212,0.0,0.0,0.08373499661684036,0.0,0.0,0.18463975191116333,0.0854635015130043,0.0,0.0,0.0,0.0,0.0,0.0,0.0,0.0,0.0
3217,0.0,0.0,0.0,0.0,0.0,0.0,0.0,0.0,0.0,0.0,0.0,0.0,0.0,0.0,0.0,0.0
3221,0.25464874505996704,0.0,0.14555729925632477,0.20236976444721222,0.0,0.0,0.0,0.21744504570960999,0.0,0.030578259378671646,0.18101055920124054,0.3303626775741577,0.0,0.2948073744773865,0.0,0.0
3224,0.0,0.0,0.0,0.0,0.0,0.0,0.0,0.0,0.0,0.0,0.0,0.0,0.0,0.0,0.0,0.0
3228,0.0,0.0,0.0,0.0,0.0,0.0,0.0,0.0,0.0,0.0,0.0,0.0,0.0,0.0,0.0,0.0
3229,0.0,0.0,0.0,0.0,0.0,0.0,0.0,0.0,0.0,0.0,0.0,0.0,0.0,0.0,0.0,0.0
3231,0.0,0.5840777158737183,0.7847233414649963,0.0,0.8455184102058411,0.9452486038208008,0.5157208442687988,0.0,0.5769848823547363,0.9366852045059204,0.04355528578162193,0.3003931939601898,0.0,0.6051452159881592,0.6809080243110657,0.8469528555870056
3233,0.0,0.0,0.0,0.0,0.0,0.0,0.0,0.0,0.0,0.0,0.0,0.0,0.0,0.0,0.0,0.0
3235,0.22432200610637665,0.08662142604589462,0.5368511080741882,0.187309131026268,0.2403048723936081,0.27029985189437866,0.0,0.2966631054878235,0.14934328198432922,0.272085964679718,0.2362896203994751,0.0,0.0785907581448555,0.08729134500026703,0.23750761151313782,0.056005556136369705
3236,0.0,0.0,0.0507916659116745,0.0,0.0,0.0,0.0,0.0,0.0,0.0,0.0,0.0,0.0,0.0,0.0,0.0
3238,0.0,0.0,0.0,0.0,0.0,0.0,0.0,0.0,0.0,0.08998249471187592,0.0,0.0,0.0,0.0,0.0,0.0
3246,0.16037671267986298,0.4343295693397522,0.1385316550731659,0.15677492320537567,0.23859664797782898,0.14013169705867767,0.29696860909461975,0.2914394438266754,0.2679458558559418,0.14027318358421326,0.6460771560668945,0.3643152713775635,0.10480610281229019,0.13149450719356537,0.14213374257087708,0.15156866610050201
3248,0.0,0.0,0.0,0.0,0.0,0.0,0.0,0.0,0.0,0.0,0.0,0.0,0.0,0.0,0.0,0.0
3251,0.0,0.0,0.0,0.0,0.0,0.0,0.0,0.0,0.0,0.0,0.0,0.0,0.0,0.0,0.0,0.0
3252,0.0,0.0,0.0,0.0,0.0,0.0,0.0,0.0,0.0,0.0,0.0,0.0,0.0,0.0,0.0,0.0
3254,0.0,0.11422048509120941,0.0,0.0,0.04818756878376007,0.0,0.0,0.03366890549659729,0.0,0.0,0.0,0.22597473859786987,0.030123982578516006,0.09846934676170349,0.0,0.0
3262,0.0,0.0,0.0,0.0,0.0,0.0,0.0,0.0,0.0,0.0,0.0,0.0,0.0,0.0,0.0,0.0
3265,0.0,0.0,0.0,0.0,0.0,0.0,0.07083003968000412,0.0,0.0,0.0,0.1206214427947998,0.03533821180462837,0.0,0.0,0.0,0.0
3267,0.0,0.0,0.0,0.0,0.0,0.0,0.0,0.0,0.0,0.0,0.0,0.0,0.0,0.0,0.0,0.0
3268,0.0,0.0,0.0,0.0,0.0,0.0,0.0,0.0,0.5277172327041626,0.0,0.0,0.0,0.04158002510666847,0.0,0.0,0.040593668818473816
3272,0.0,0.0,0.0,0.0,0.0,0.0,0.0,0.0,0.0,0.0,0.0,0.0,0.0,0.0,0.0,0.0
3281,0.0,0.0,0.0,0.0,0.0,0.0,0.0,0.010356116108596325,0.0,0.0,0.0,0.0,0.0,0.0,0.04797602444887161,0.0
3282,0.0,0.0,0.0,0.0,0.0,0.0,0.0,0.0,0.0,0.0,0.0,0.0,0.0,0.0,0.0,0.0
3284,0.0,0.0,0.0,0.0,0.0,0.0,0.0030934347305446863,0.0,0.0,0.0,0.030922899022698402,0.03250769525766373,0.0,0.009233045391738415,0.0,0.0
3285,0.028266750276088715,0.10650475323200226,0.0,0.43926528096199036,0.0,0.0,0.0,0.0,0.0,0.0,0.0,0.16059574484825134,0.061799269169569016,0.033122800290584564,0.0,0.0
3291,0.0,0.0,0.0,0.0,0.0,0.0,0.0,0.0,0.0,0.0,0.0,0.0,0.0,0.0,0.0,0.0
3298,0.0,0.0,0.0,0.0,0.0,0.0,0.0,0.0,0.0,0.0,0.0,0.0,0.0,0.0,0.0,0.0
3301,0.27024003863334656,0.0,0.0,0.0,0.0,0.3199121057987213,0.20722277462482452,0.0,0.0,0.13471320271492004,0.19815632700920105,0.08991707116365433,0.29321417212486267,0.0,0.0,0.06423350423574448
3302,0.0,0.0,0.0,0.0,0.17941641807556152,0.0,0.0,0.052133020013570786,0.0,0.008921667002141476,0.0,0.0,0.0,0.0,0.0,0.0
3303,0.33759957551956177,0.028229445219039917,0.1913585066795349,0.27958622574806213,0.43571481108665466,0.29097315669059753,0.02638917975127697,0.08904145658016205,0.1308433562517166,0.49730610847473145,0.1900598108768463,0.030837049707770348,0.31700411438941956,0.02054992876946926,0.5388771891593933,0.004840821959078312
3304,0.15070664882659912,0.08047633618116379,0.5338814854621887,0.37497037649154663,0.10513059049844742,0.06358285248279572,0.48533895611763,0.13577356934547424,0.16703642904758453,0.09176693111658096,0.4923109710216522,0.07994896918535233,0.4920762777328491,0.1009945273399353,0.24902310967445374,0.2433815598487854
3307,0.0,0.0,0.0,0.0,0.0,0.0,0.0,0.0,0.0,0.0,0.0,0.0,0.0,0.0,0.0,0.0
3311,0.19608987867832184,0.13257846236228943,0.02937859296798706,0.017007000744342804,0.5329893231391907,0.05280696973204613,0.018644189462065697,0.01430272962898016,0.0290629081428051,0.37101566791534424,0.15326908230781555,0.7135658264160156,0.29849371314048767,0.0,0.12611161172389984,0.44917190074920654
3312,0.0,0.0,0.0,0.0,0.0,0.0,0.03336447477340698,0.0,0.0,0.0,0.006220158189535141,0.024723652750253677,0.0,0.01681881956756115,0.0,0.0
3313,0.0,0.0,0.0,0.0,0.0,0.0,0.0,0.0,0.0,0.0,0.0,0.0,0.0,0.0,0.0,0.0
3314,0.0,0.0,0.11454955488443375,0.09747017920017242,0.0,0.20167133212089539,0.15031635761260986,0.14595972001552582,0.0,0.11435920745134354,0.0,0.22625179588794708,0.12627644836902618,0.1744036078453064,0.0,0.0
3316,0.0,0.0,0.4101051986217499,0.11389124393463135,0.11360300332307816,0.4350736141204834,0.0,0.2911258041858673,0.0,0.4527526795864105,0.23552480340003967,0.2944500148296356,0.055016569793224335,0.08595533668994904,0.0706935003399849,0.017851684242486954
3318,0.0,0.0,0.0,0.0,0.0,0.0,0.0,0.0,0.0,0.0,0.0,0.0,0.0,0.0,0.0,0.0
3321,0.0,0.0,0.0,0.0,0.0,0.0,0.0,0.0,0.0,0.04093490540981293,0.0,0.0,0.0,0.0,0.0,0.0
3322,0.0,0.0,0.0,0.0,0.0,0.0,0.0,0.0,0.0,0.0,0.0,0.0,0.0,0.0,0.0,0.0
3323,0.0,0.0,0.0,0.0,0.0,0.0,0.0,0.0,0.0,0.0,0.0,0.0,0.0,0.0,0.0,0.0
3325,0.0,0.028642334043979645,0.02630000188946724,0.07501735538244247,0.9947589635848999,0.0,0.0,0.0,0.0,0.0,0.0,0.0,0.0,0.0,0.0,0.0
3327,0.0,0.0,0.0,0.0,0.0,0.0,0.0,0.0,0.0,0.0,0.015032056719064713,0.0,0.0,0.0,0.0,0.0
3330,0.0,0.0,0.3543574810028076,0.16633090376853943,0.07846948504447937,0.0,0.19588790833950043,0.05379312485456467,0.021076800301671028,0.1368265300989151,0.0,0.09654200077056885,0.0637897402048111,0.08668576180934906,0.0,0.0
3337,0.0,0.0,0.0,0.0,0.0,0.0,0.0,0.0,0.0,0.0,0.0,0.0,0.0,0.0,0.0,0.0
3339,0.0,0.0,0.0,0.0,0.0,0.0,0.0,0.0,0.0,0.0,0.0,0.0,0.0,0.0,0.0,0.0
3340,0.0,0.08578372746706009,0.9912700653076172,0.0,0.6599963903427124,0.24982981383800507,0.8082179427146912,0.05185450240969658,0.6387686133384705,0.5172261595726013,0.24601058661937714,0.8420891761779785,0.0,0.698959231376648,0.051330000162124634,0.5261733531951904
3341,0.0,0.0,0.0,0.0,0.0,0.0,0.0,0.0,0.0,0.0,0.0,0.0,0.0,0.0,0.0,0.0
3342,0.0,0.0,0.0,0.0,0.0,0.0,0.0,0.0,0.0,0.0,0.0,0.0,0.0,0.0,0.0,0.0
3344,0.0,0.1471882462501526,0.35666024684906006,0.6527965068817139,0.0,0.0,0.0,0.7090440392494202,0.8003112077713013,0.9173297882080078,0.0,0.0,0.0,0.0,0.5797107219696045,0.0
3345,0.024213150143623352,0.0,0.0,0.0,0.0,0.10514873266220093,0.05064263939857483,0.0542634017765522,0.0,0.0,0.0,0.12498432397842407,0.0,0.0,0.031469713896512985,0.0
3351,0.0,0.010784227401018143,0.0,0.027285777032375336,0.0,0.004185900092124939,0.0,0.0,0.009470571763813496,0.012820420786738396,0.15819795429706573,0.03719509020447731,0.05089284107089043,0.011739684268832207,0.013227857649326324,0.09125934541225433
3352,0.0,0.0,0.0,0.0,0.0,0.0,0.0,0.0,0.0,0.0,0.0,0.0,0.0,0.0,0.0,0.0
3356,0.0,0.0,0.00789381843060255,0.0,0.0,0.0,0.0,0.0,0.0,0.0,0.00438249995931983,0.02534208633005619,0.0,0.0,0.002763391239568591,0.0
3360,0.0,0.3268160820007324,0.29740259051322937,0.0,0.0,0.0,0.28057780861854553,0.0,0.28019192814826965,0.141376793384552,0.0,0.19196635484695435,0.28942450881004333,0.21571214497089386,0.0,0.0
3361,0.0,0.0,0.0,0.12907516956329346,0.0,0.0,0.0,0.0,0.0,0.5555030107498169,0.57789546251297,0.5232354998588562,0.0,0.25425446033477783,0.0,0.4211161732673645
3362,0.16594138741493225,0.2430591583251953,0.7183465957641602,0.2536703050136566,0.10091044008731842,0.5406720042228699,0.40954217314720154,0.5813582539558411,0.3831211030483246,0.4565049111843109,0.40307164192199707,0.3283940851688385,0.40574193000793457,0.0,0.6129603981971741,0.7053585052490234
3363,0.0,0.0,0.050188079476356506,0.0,0.0,0.0,0.0,0.0,0.0,0.0,0.0,0.0,0.0,0.22478049993515015,0.0,0.0
3365,0.0,0.0,0.0,0.0,0.0,0.0,0.0,0.0,0.0,0.0,0.0,0.008495346643030643,0.0,0.0,0.0,0.0
3367,0.0,0.0,0.0,0.0,0.0,0.0,0.0,0.0,0.0,0.0,0.0,0.0,0.0,0.0,0.0,0.0
3368,0.0,0.0,0.0,0.0,0.014774342067539692,0.0,0.0,0.0,0.0,0.0,0.0,0.0,0.0,0.0,0.0,0.0
3369,0.0,0.0,0.0,0.0,0.0,0.0,0.0,0.0,0.0,0.0,0.0,0.0,0.0,0.0,0.0,0.0
3371,0.0,0.0,0.0,0.0,0.0,0.0,0.0,0.0,0.0,0.0,0.0,0.0,0.0,0.0,0.0,0.0
3373,0.2567879855632782,0.0,0.0,0.0,0.0,0.0,0.12313099950551987,0.0,0.0,0.0,0.0,0.0,0.0,0.0,0.0,0.5399690270423889
3374,0.0,0.0,0.0,0.0,0.0,0.0,0.0037675832863897085,0.0,0.0,0.0,0.0,0.024831479415297508,0.0,0.0,0.0,0.0
3376,0.0,0.0,0.0,0.0,0.0,0.0,0.0,0.0,0.0,0.0,0.0,0.0,0.0,0.0,0.0,0.0
3381,0.0,0.0,0.0,0.0,0.0,0.0,0.0,0.0,0.0,0.0,0.0,0.0,0.0,0.0,0.0,0.0
3382,0.0,0.0,0.0,0.0,0.0,0.0,0.0,0.0,0.0,0.0,0.0,0.0,0.0,0.019981199875473976,0.0,0.0
3391,0.0,0.0,0.0,0.0,0.0,0.0,0.0,0.0,0.0,0.0,0.0,0.0,0.0,0.0,0.0,0.0
3392,0.2146589308977127,0.0,0.09304691851139069,0.0,0.1133270263671875,0.0,0.0,0.0,0.0,0.0,0.024803871288895607,0.0,0.0,0.24152670800685883,0.0,0.04129227250814438
3393,0.0,0.0,0.0,0.0,0.0,0.0,0.0,0.0,0.0,0.0,0.0,0.0,0.0,0.0,0.0,0.0
3397,0.04423978179693222,0.0,0.0,0.0,0.0,0.0,0.0,0.0,0.0,0.9576933979988098,0.0,0.25074800848960876,0.0,0.018191110342741013,0.0,0.0
3399,0.0,0.0,0.0,0.0,0.0,0.03322850167751312,0.0,0.0,0.0,0.0,0.0,0.0,0.0,0.0,0.0,0.0
3401,0.0,0.0,0.0,0.0,0.0,0.0,0.0,0.30232101678848267,0.0,0.0,0.0,0.0,0.0,0.0,0.0,0.0
3404,0.0,0.0,0.0,0.0,0.0,0.0,0.0,0.0,0.0,0.0,0.0,0.0,0.0,0.0,0.0,0.0
3407,0.0,0.0,0.0,0.0,0.0,0.0,0.0,0.0,0.0,0.0,0.0,0.0,0.0,0.0,0.0,0.0
3411,0.0,0.0,0.0,0.0,0.0,0.0033499523997306824,0.0,0.0,0.0,0.0,0.047094523906707764,0.0,0.0,0.0,0.03043414279818535,0.0
3415,0.0,0.0,0.0,0.0,0.0,0.0,0.0,0.0,0.0,0.0,0.0,0.0696454644203186,0.0,0.0,0.0,0.0
3416,0.0,0.0,0.0,0.0,0.0,0.0,0.0,0.0,0.0,0.0,0.0,0.0,0.0,0.0,0.0,0.0
3424,0.0,0.0,0.004135590977966785,0.0,0.0,0.016372093930840492,0.0055979578755795956,0.0651397556066513,0.013031055219471455,0.0,0.0963970348238945,0.0,0.10444894433021545,0.0,0.09730096161365509,0.10899778455495834
3425,0.0,0.0,0.0,0.0,0.0,0.0,0.0,0.0,0.0,0.0,0.0,0.0,0.0,0.0,0.0,0.0
3427,0.050193384289741516,0.044432755559682846,0.04887152463197708,0.004297200124710798,0.024194445461034775,0.0,0.04635196924209595,0.0,0.05520772933959961,0.0,0.01850241981446743,0.032291229814291,0.045798901468515396,0.0596417635679245,0.0,0.025306781753897667
3432,0.13074666261672974,0.23362787067890167,0.17937950789928436,0.0,0.0,0.25303080677986145,0.2514006495475769,0.0,0.2402736246585846,0.0,0.0,0.0,0.19845034182071686,0.15235085785388947,0.0,0.0
3435,0.0,0.0,0.01802918314933777,0.0,0.0,0.0,0.0,0.0,0.0,0.0,0.0,0.027388520538806915,0.0,0.0,0.002755869645625353,0.0
3436,0.0,0.0,0.0,0.0,0.0,0.0,0.0,0.0,0.0,0.0,0.0,0.0,0.0,0.0,0.0,0.0
3442,0.0,0.0,0.0,0.0,0.0,0.0,0.0,0.0,0.0,0.0,0.0,0.0,0.0,0.0,0.0,0.0
3443,0.0,0.014503777027130127,0.0,0.0,0.0,0.0,0.0,0.0,0.0,0.0,0.0,0.011879181489348412,0.0,0.0,0.0,0.00842207670211792
3444,0.0,0.0,0.0,0.0,0.0,0.0,0.0,0.0,0.0,0.0,0.0,0.0,0.0,0.0,0.0,0.0
3451,0.0,0.0,0.0,0.06735856086015701,0.0,0.0,0.0,0.16595080494880676,0.0,0.0,0.0,0.0,0.0,0.0,0.24169288575649261,0.0
3453,0.0,0.0,0.0,0.0,0.0,0.0,0.0,0.0,0.0,0.0,0.0,0.0,0.0,0.0,0.0,0.0
3454,0.0,0.0,0.0,0.0,0.0,0.0,0.0,0.0,0.0,0.0,0.0,0.0,0.0,0.0,0.0,0.0
3456,0.0,0.0,0.0,0.0,0.0,0.04869614541530609,0.022158319130539894,0.0,0.0,0.003151762066408992,0.01214895211160183,0.0,0.0,0.0,0.0,0.0
3458,0.0,0.0,0.0,0.0,0.0,0.0,0.0,0.0,0.0,0.0,0.0,0.0,0.0,0.0,0.0,0.0
3460,0.0,0.269786536693573,0.24543815851211548,0.22862526774406433,0.32730355858802795,0.0,0.13535086810588837,0.23607443273067474,0.0,0.2815694510936737,0.0,0.0,0.0,0.0,0.2839801609516144,0.3273392915725708
3463,0.0,0.0,0.0,0.0,0.0,0.0,0.0,0.0,0.0,0.0,0.0,0.0,0.0,0.0,0.0,0.0
3464,0.0,0.0,0.0,0.0,0.0,0.0,0.0,0.0,0.0,0.0,0.0,0.0,0.0,0.0,0.0,0.0
3467,0.0,0.0,0.0,0.0,0.0,0.0,0.0,0.0,0.0,0.0,0.0,0.0,0.0,0.0,0.0,0.0
3468,0.0,0.0,0.0,0.0,0.0,0.0,0.0,0.0,0.0,0.0,0.0,0.0,0.0,0.0,0.0,0.0
3470,0.0,0.0,0.0,0.0,0.0,0.0,0.0,0.0,0.0,0.0,0.0,0.0,0.0,0.0,0.0,0.0
3473,0.0,0.0,0.013706667348742485,0.0,0.0,0.007666136138141155,0.0,0.0,0.0,0.0,0.0,0.02355191297829151,0.0,0.0,0.0,0.0
3479,0.0,0.0,0.0,0.0,0.0,0.0,0.0,0.0,0.0,0.0,0.0,0.0,0.0,0.0,0.0,0.0
3485,0.0,0.0,0.0,0.0,0.0,0.0,0.0,0.0,0.0,0.0,0.0,0.0,0.0,0.0,0.0,0.0
3490,0.0,0.0,0.0,0.0,0.0,0.0,0.0,0.0,0.0,0.0,0.0,0.0,0.0,0.0,0.0,0.0
3492,0.0,0.0,0.0,0.0,0.0,0.0,0.0,0.0,0.0,0.0,0.0,0.0,0.0,0.0,0.0,0.0
3496,0.0,0.0,0.0,0.0,0.0,0.011985227465629578,0.0,0.03672347962856293,0.0,0.0,0.0,0.0,0.0,0.0,0.00505177304148674,0.0
3498,0.02242116630077362,0.0,0.0,0.17237499356269836,0.0,0.0,0.04742435738444328,0.0,0.0766470804810524,0.068529412150383,0.0,0.11369727551937103,0.0,0.10237005352973938,0.0,0.05721313878893852
3501,0.0,0.0,0.0,0.0,0.0,0.0,0.03985000029206276,0.0,0.0,0.03126142919063568,0.0,0.0,0.0,0.0,0.0,0.0
3502,0.009287522174417973,0.0,0.0,0.0,0.0,0.0,0.0,0.005723279435187578,0.0,0.0,0.0,0.0,0.004695124924182892,0.0,0.0,0.0
3503,0.0,0.0,0.1405896097421646,0.1273399442434311,0.0,0.10206104815006256,0.07832798361778259,0.10906337201595306,0.14648577570915222,0.0,0.13153322041034698,0.08401815593242645,0.0,0.13310977816581726,0.0,0.0
3504,0.0,0.0,0.0,0.0,0.0,0.0,0.0,0.0,0.5750749707221985,0.0,0.6152240037918091,0.0,0.0,0.0,0.09007000178098679,0.0
3505,0.0,0.0,0.0,0.0,0.0,0.0,0.0,0.0,0.0,0.0,0.0,0.0,0.0,0.0,0.0,0.0
3508,0.13521221280097961,0.0,0.0,0.0,0.1539572775363922,0.2602376639842987,0.0,0.11535454541444778,0.0,0.12449602037668228,0.1926937699317932,0.1486213356256485,0.19273841381072998,0.0,0.0,0.0
3509,0.06636177748441696,0.35641929507255554,0.1759384423494339,0.6458574533462524,0.24486090242862701,0.15686599910259247,0.13333828747272491,0.15557041764259338,0.2768765389919281,0.16213446855545044,0.15513569116592407,0.0719219297170639,0.10113191604614258,0.24440203607082367,0.0,0.13895750045776367
3511,0.0,0.0,0.09812033176422119,0.0,0.0,0.0,0.0,0.0,0.0,0.0,0.0,0.0,0.0,0.0,0.0,0.0
3519,0.0,0.0,0.0,0.0,0.0,0.0,0.0,0.0,0.0,0.0,0.0,0.0,0.0,0.0,0.0,0.0
3525,0.0,0.0,0.0,0.0,0.0,0.0,0.0,0.0,0.0,0.0,0.0,0.0,0.0,0.0,0.0,0.0
3526,0.0,0.0,0.0,0.0,0.0,0.0,0.0,0.0,0.0,0.0,0.0,0.0,0.0,0.0,0.0,0.0
3527,0.0,0.0,0.0,0.0,0.0,0.0,0.0,0.0,0.0,0.0,0.0,0.0,0.0,0.0,0.0,0.0
3533,0.0,0.0,0.0,0.0,0.0,0.0,0.0,0.0,0.0,0.0,0.0,0.0,0.0,0.0,0.0,0.0
3537,0.0,0.0,0.0,0.0,0.0,0.0,0.0,0.0,0.0,0.0,0.0,0.0,0.0,0.0,0.0,0.0
3538,0.0,0.0,0.012898050248622894,0.015846429392695427,0.0,0.003736682003363967,0.0,0.013721653260290623,0.0,0.0,0.0,0.0,0.006529500242322683,0.0031448572408407927,0.0,0.028158381581306458
3540,0.0,0.0,0.0,0.0,0.0,0.0,0.0,0.0,0.0,0.0,0.0,0.0,0.0,0.0,0.0,0.0
3541,0.0,0.0,0.0,0.0,0.0,0.0,0.0,0.0,0.0,0.0,0.0,0.0,0.0,0.0,0.0,0.0
3542,0.0,0.0,0.0,0.0,0.0,0.0,0.0,0.0,0.0,0.0,0.0,0.0,0.0,0.0,0.0,0.0
3545,0.0,0.0,0.0,0.0,0.0,0.0,0.0,0.0,0.0,0.0,0.0,0.0,0.0,0.0,0.0,0.0
3546,0.0,0.25300607085227966,0.0,0.0,0.0,0.22547101974487305,0.0,0.25265032052993774,0.0,0.0,0.0,0.0,0.0,0.0,0.17681239545345306,0.0
3547,0.0,0.12872466444969177,0.0,0.0,0.0,0.0,0.23290018737316132,0.0,0.0,0.0,0.19728384912014008,0.0,0.0,0.13511554896831512,0.0,0.0
3549,0.0,0.0,0.0,0.0,0.0,0.0,0.0,0.0,0.0,0.0,0.0,0.0,0.0,0.0,0.0,0.0
3552,0.0,0.0,0.0,0.0,0.0,0.014426475390791893,0.01441772747784853,0.04882410541176796,0.0,0.0,0.014914631843566895,0.014821818098425865,0.0,0.0,0.021078238263726234,0.0
3554,0.0,0.0,0.0,0.0,0.0,0.0,0.0,0.9688024520874023,0.0,0.0,0.0,0.0,0.0,0.0,0.0,0.0
3558,0.0,0.0,0.0,0.0,0.0,0.0,0.0,0.0,0.0,0.0,0.0,0.0,0.0,0.0,0.0,0.0
3559,0.7793723344802856,0.7024864554405212,0.0,0.9517539739608765,0.9782772064208984,0.9990673065185547,0.9041107296943665,0.5422911643981934,0.787918746471405,0.0,0.7266151905059814,0.7576112151145935,0.9312425851821899,0.7406344413757324,0.909271776676178,0.8889578580856323
3563,0.0,0.0,0.0,0.0,0.0,0.0,0.0,0.0,0.0,0.0,0.0,0.0,0.0,0.0,0.0,0.0
3565,0.0,0.0,0.0,0.0,0.0,0.0,0.0,0.0,0.0,0.0,0.0,0.0,0.0,0.0,0.0,0.0
3566,0.09298232197761536,0.22129595279693604,0.0,0.23153047263622284,0.0,0.0,0.11331009864807129,0.0,0.11928032338619232,0.18899032473564148,0.0,0.0,0.0,0.0,0.18039663136005402,0.23314788937568665
3568,0.0,0.0,0.0,0.0,0.0,0.0,0.0,0.0,0.0,0.0,0.0,0.0,0.0,0.0,0.0,0.0
3570,0.0,0.0,0.0,0.0,0.0,0.0,0.0,0.0,0.0,0.0,0.0,0.0,0.0,0.0,0.0,0.0
3572,0.0,0.0,0.0,0.0,0.0,0.0,0.0,0.0,0.0,0.0,0.0,0.0,0.0,0.0,0.0,0.0
3573,0.08315607905387878,0.04698808491230011,0.045980751514434814,0.0,0.0,0.0,0.06902572512626648,0.0,0.09167845547199249,0.18265026807785034,0.0,0.0,0.0,0.04366585612297058,0.034263692796230316,0.1622808277606964
3575,0.22851526737213135,0.26956984400749207,0.1267026662826538,0.0,0.24604997038841248,0.0,0.0,0.0,0.08889659494161606,0.053762536495923996,0.0,0.10609520226716995,0.17162181437015533,0.20471958816051483,0.07296675443649292,0.0
3578,0.0,0.0,0.0,0.0,0.0,0.0,0.0032069047447293997,0.004377291537821293,0.0,0.0,0.0,0.0,0.0,0.0,0.0,0.0
3579,0.0,0.0,0.0,0.0,0.0,0.0,0.0,0.0,0.0,0.0,0.0,0.0,0.0,0.0,0.0,0.0
3581,0.0,0.0,0.0,0.0,0.0,0.0,0.0,0.0,0.0,0.0,0.0,0.0,0.0,0.0,0.0,0.0
3582,0.0,0.0,0.0,0.0,0.0,0.0,0.0,0.0,0.0,0.0,0.0,0.0,0.0,0.0,0.0,0.0
3583,0.0,0.0,0.0,0.0,0.0,0.0,0.0,0.0,0.0,0.0,0.0,0.0,0.0,0.0,0.0,0.0
3587,0.0,0.0,0.0,0.0,0.0,0.0,0.0,0.0,0.0,0.0,0.0,0.0,0.0,0.0,0.0,0.0
3588,0.0,0.0,0.0,0.0,0.0,0.0,0.0,0.0,0.0,0.0,0.0,0.0,0.0,0.0,0.0,0.0
3592,0.0,0.0,0.0,0.0,0.0,0.0,0.0,0.0,0.0,0.0,0.0,0.0,0.0,0.0,0.0,0.0
3593,0.0,0.0,0.0,0.0,0.0,0.0,0.0,0.19539710879325867,0.0,0.09980454295873642,0.0,0.0,0.0,0.0,0.0,0.0
3596,0.0,0.05747068673372269,0.0,0.0,0.0,0.0,0.11855175346136093,0.08946927636861801,0.0,0.06105722486972809,0.0,0.0,0.046563394367694855,0.07947821915149689,0.0,0.0
3598,0.0,0.0,0.0,0.0,0.0,0.0,0.0,0.0,0.0,0.0,0.0,0.0,0.0,0.0,0.0,0.0
3601,0.09481305629014969,0.12933894991874695,0.0,0.2316264659166336,0.21915528178215027,0.0,0.0,0.09977390617132187,0.13086365163326263,0.0,0.0,0.0,0.10506948828697205,0.0,0.1665159910917282,0.0
3602,0.8728736639022827,0.6221885681152344,0.9516502618789673,0.9715075492858887,0.9855355024337769,0.9880919456481934,0.995848536491394,0.8911615610122681,0.9989691972732544,0.9558768272399902,0.7196863293647766,0.9965449571609497,0.9793556332588196,0.7388111352920532,0.8976629972457886,0.982970654964447
3606,0.0,0.0,0.0,0.0,0.0,0.0,0.0,0.0,0.0,0.0,0.0,0.0,0.0,0.0,0.0,0.0
3607,0.1177426278591156,0.013226722367107868,0.11497613042593002,0.0,0.0,0.01862788200378418,0.03764437884092331,0.0,0.0,0.04841119050979614,0.1034872829914093,0.02251547947525978,0.0,0.0,0.09670668840408325,0.1081683561205864
3608,0.0,0.0,0.0,0.0,0.0,0.0,0.0,0.0,0.0,0.0,0.0,0.0,0.0,0.0,0.0,0.0
3610,0.0,0.0,0.0,0.0,0.0,0.0,0.0,0.0,0.15097501873970032,0.0,0.0,0.512676477432251,0.23272638022899628,0.0,0.17683500051498413,0.17874519526958466
3611,0.27140697836875916,0.0,0.0,0.18289180099964142,0.11910351365804672,0.16465750336647034,0.3137616813182831,0.0,0.30526065826416016,0.23417405784130096,0.0,0.0,0.1257844716310501,0.0,0.10789543390274048,0.23365627229213715
3612,0.0,0.0,0.04050758481025696,0.06176229938864708,0.02228395827114582,0.0,0.041507501155138016,0.0,0.0,0.0,0.0724533274769783,0.030670898035168648,0.023638742044568062,0.0,0.0,0.02806388959288597
3619,0.0,0.18579517304897308,0.18770228326320648,0.0,0.0886395275592804,0.2518768310546875,0.21628177165985107,0.13108916580677032,0.1758795529603958,0.0,0.0,0.10758261382579803,0.2979547381401062,0.0,0.0,0.1007106602191925
3620,0.0,0.0524820052087307,0.09637179970741272,0.0,0.0,0.0,0.0,0.0,0.03363899886608124,0.043678250163793564,0.0,0.0,0.016340667381882668,0.0,0.029225166887044907,0.1257668435573578
3624,0.0,0.0,0.11129218339920044,0.09761054813861847,0.0,0.0,0.0,0.19685544073581696,0.0,0.0,0.0,0.1683332324028015,0.1790405809879303,0.18911828100681305,0.0,0.0
3628,0.0,0.0,0.0,0.0,0.0,0.0,0.0,0.0,0.0,0.0,0.0,0.0,0.0,0.0,0.0,0.0
3630,0.0,0.10124625265598297,0.1357974410057068,0.0,0.870144784450531,0.39854714274406433,0.9545637369155884,0.02891204133629799,0.462368369102478,0.02862357720732689,0.10662233829498291,0.8595342636108398,0.0,0.3285994827747345,0.027247240766882896,0.002283399924635887
3632,0.0,0.0,0.0,0.0,0.0,0.0,0.0,0.0,0.0,0.0,0.0,0.0,0.0,0.0,0.0,0.0
3634,0.0,0.0,0.08899720013141632,0.15604934096336365,0.09447228908538818,0.13709013164043427,0.0,0.07556913048028946,0.18786194920539856,0.13880600035190582,0.17460961639881134,0.07206977158784866,0.0,0.0,0.08345679193735123,0.0
3636,0.0,0.0,0.0,0.2161625176668167,0.18874777853488922,0.30123037099838257,0.29601362347602844,0.2154855579137802,0.0,0.0,0.0,0.14176082611083984,0.0,0.0,0.0,0.11397270858287811
3637,0.058791764080524445,0.13925966620445251,0.16364212334156036,0.13045983016490936,0.11333378404378891,0.0,0.11190342158079147,0.0968240424990654,0.0,0.45760267972946167,0.1610342562198639,0.07452664524316788,0.17272073030471802,0.04364583268761635,0.0,0.0
3638,0.0,0.0,0.0,0.0,0.0,0.0,0.0,0.0,0.0,0.0,0.0,0.0,0.0,0.0,0.0,0.0
3639,0.0,0.0,0.0,0.0,0.0,0.0,0.0,0.0,0.0,0.0,0.0,0.0,0.0,0.0,0.0,0.0
3640,0.013936000876128674,0.6450214385986328,0.0,0.06981974840164185,0.0,0.0,0.0,0.0,0.0,0.0,0.0,0.05655260756611824,0.8474351167678833,0.0,0.0,0.07351233810186386
3642,0.12813401222229004,0.0,0.0,0.0,0.041646599769592285,0.06001880392432213,0.0,0.46439599990844727,0.0,0.0,0.014659000560641289,0.0,0.0,0.0,0.0,0.0
3644,0.0,0.0,0.0,0.04608120024204254,0.3261219263076782,0.28182122111320496,0.6668134331703186,0.350872278213501,0.4143121838569641,0.2475893348455429,0.0,0.0,0.0,0.0,0.5896520018577576,0.0
3645,0.1491725891828537,0.012103999964892864,0.0,0.0,0.0572969987988472,0.0,0.04467025026679039,0.0,0.10667433589696884,0.0,0.0,0.21470949053764343,0.0,0.0,0.0,0.0
3648,0.0,0.0,0.0,0.0,0.0,0.0,0.0,0.0,0.0,0.0,0.0,0.0,0.0,0.0,0.0,0.0
3649,0.0,0.0,0.0,0.0,0.0,0.0,0.008891909383237362,0.0,0.0,0.0,0.0,0.0,0.0,0.0,0.0,0.0
3651,0.0,0.0,0.0,0.0,0.1383911818265915,0.0,0.0,0.0,0.1537744253873825,0.15182387828826904,0.13236424326896667,0.07951197773218155,0.09006189554929733,0.0,0.0,0.0743216797709465
3652,0.0,0.0,0.0,0.0,0.0,0.0,0.0,0.0,0.0,0.0,0.0,0.0,0.0,0.0,0.0,0.0
3655,0.23788157105445862,0.1022542268037796,0.18703928589820862,0.0,0.0,0.2709771692752838,0.0,0.0,0.0,0.12653866410255432,0.2144741415977478,0.0,0.0,0.0,0.0,0.10243061929941177
3661,0.0,0.0,0.0,0.0,0.0,0.0,0.0,0.0,0.0,0.0,0.0,0.0,0.0,0.0,0.0,0.0
3663,0.0,0.0,0.0,0.0,0.0,0.0,0.0,0.0,0.0,0.0,0.0,0.0,0.0,0.0,0.0,0.0
3664,0.24444471299648285,0.1424153447151184,0.1855296641588211,0.19419409334659576,0.0,0.23195293545722961,0.17392592132091522,0.0,0.13616281747817993,0.0,0.169288769364357,0.09262510389089584,0.21351662278175354,0.1395856887102127,0.19824078679084778,0.07190066576004028
3666,0.0,0.11725199967622757,0.0,0.0,0.0,0.0,0.0,0.0,0.0,0.0,0.20489899814128876,0.0,0.0,0.0,0.0,0.0
3669,0.2826588749885559,0.0,0.09660506248474121,0.1616484373807907,0.0,0.13479849696159363,0.21317072212696075,0.0,0.2469007968902588,0.0,0.0,0.0,0.12371591478586197,0.10518349707126617,0.0,0.20514963567256927
3671,0.0,0.0,0.0,0.0,0.0,0.0,0.0,0.0,0.0,0.0,0.0,0.0,0.0,0.0,0.0,0.0
3673,0.0,0.0,0.0,0.0,0.0,0.0,0.0,0.0,0.0,0.0,0.0,0.0,0.0,0.0,0.0,0.0
3677,0.0,0.0,0.0,0.0,0.0,0.0,0.0,0.0,0.0,0.0,0.0,0.0,0.0,0.0,0.0,0.0
3680,0.0,0.0,0.0,0.0,0.0,0.0,0.0,0.0,0.0,0.0,0.0,0.0,0.0,0.0,0.0,0.0
3681,0.32282987236976624,0.16485187411308289,0.0,0.27350446581840515,0.0,0.3221356272697449,0.3727746605873108,0.0,0.0,0.0,0.0,0.0,0.30893707275390625,0.19517408311367035,0.32001733779907227,0.15371179580688477
3682,0.0,0.3463853895664215,0.2413695901632309,0.0,0.0,0.0,0.31541767716407776,0.1859564334154129,0.305827260017395,0.17168480157852173,0.0,0.0,0.0,0.0,0.32716625928878784,0.0
3684,0.0,0.0,0.0,0.01834220066666603,0.09710957854986191,0.02331860177218914,0.0,0.1752775013446808,0.0,0.0,0.0,0.09523019939661026,0.0,0.0,0.0,0.0
3685,0.0,0.0,0.0,0.0,0.0,0.0,0.0,0.0,0.0,0.0,0.0,0.0,0.0,0.0,0.0,0.0
3687,0.0,0.0,0.0,0.0,0.0,0.0,0.0,0.0,0.0,0.0,0.0,0.0,0.0,0.0,0.0,0.0
3690,0.0,0.0,0.0,0.0,0.0,0.0,0.0,0.0,0.0,0.0,0.0,0.0,0.0,0.0,0.0,0.0
3692,0.0,0.0,0.0,0.0,0.0,0.0,0.0,0.0,0.0,0.0,0.0,0.0,0.0,0.0,0.0,0.0
3693,0.0,0.0,0.0,0.0,0.0,0.0,0.0,0.0,0.0,0.0,0.0,0.0,0.0,0.0,0.0,0.0
3694,0.0,0.0,0.0,0.0,0.0,0.0,0.0,0.0,0.1722516119480133,0.017482001334428787,0.0,0.0,0.0,0.0,0.0,0.0
3695,0.0,0.0,0.0,0.0,0.0,0.0,0.0,0.0,0.0,0.0,0.0,0.0,0.0,0.0,0.0,0.0
3696,0.0,0.0,0.0,0.0,0.0,0.0,0.0,0.0,0.0,0.0,0.0,0.0,0.0,0.0,0.0,0.0
3698,0.0,0.0,0.0,0.0,0.0,0.0,0.0,0.0,0.0,0.0,0.0,0.0,0.0,0.0,0.0,0.0
3699,0.0,0.0,0.0,0.0,0.0,0.0,0.0,0.0,0.0,0.0,0.0,0.0,0.0,0.0,0.0,0.0
3701,0.0,0.0674743577837944,0.06858664751052856,0.0,0.0,0.0,0.2842353284358978,0.055351778864860535,0.0,0.07660531252622604,0.03377453237771988,0.0,0.05937878042459488,0.0,0.1697235107421875,0.2184934914112091
3702,0.0,0.0,0.0,0.0,0.0,0.0,0.0,0.0,0.0,0.0,0.0,0.0,0.0,0.0,0.0,0.0
3703,0.0,0.0,0.0,0.056907977908849716,0.0,0.0,0.0,0.04543326795101166,0.0,0.0,0.0,0.0,0.0,0.0,0.0,0.0
3704,0.0,0.0,0.0,0.0,0.0,0.0,0.0,0.0,0.0,0.0,0.0,0.0,0.0,0.0,0.0,0.0
3705,0.0,0.0,0.0,0.0,0.0,0.009603227488696575,0.0,0.038276951760053635,0.0,0.0,0.0,0.0,0.0,0.0,0.029640182852745056,0.0
3706,0.8313936591148376,0.6027508974075317,0.0,0.8967989087104797,0.7877368330955505,0.6929460763931274,0.9968203902244568,0.893288791179657,0.8291490077972412,0.8991231322288513,0.9103225469589233,0.0,0.7963935136795044,0.7308781743049622,0.6777894496917725,0.38580450415611267
3711,0.9493350386619568,0.8442744612693787,0.9561378359794617,0.9059140086174011,0.9983736872673035,0.9353046417236328,0.9877033233642578,0.9814650416374207,0.9124706983566284,0.9723465442657471,0.9491519331932068,0.9461532235145569,0.9853721261024475,0.9263321757316589,0.941186785697937,0.9496563673019409
3714,0.0,0.0,0.0,0.0,0.0,0.0,0.0,0.0,0.0,0.0,0.0,0.0,0.0,0.0,0.0,0.0
3715,0.0,0.0,0.0,0.0,0.0,0.0,0.0,0.0,0.0,0.0,0.0,0.0,0.0,0.0,0.0,0.0
3718,0.0,0.0,0.0,0.0,0.0,0.0,0.0,0.0,0.0,0.0,0.0,0.0,0.0,0.0,0.0,0.0
3720,0.0,0.0,0.0,0.0,0.0,0.0,0.0,0.0,0.0,0.0,0.0,0.0,0.0,0.0,0.0,0.0
3723,0.0,0.0,0.0,0.0,0.0,0.0,0.0,0.0,0.05950849503278732,0.0,0.0,0.0,0.0,0.0,0.00545542873442173,0.0
3725,0.13305270671844482,0.05555930733680725,0.0,0.0,0.02476593479514122,0.0,0.057598549872636795,0.0,0.183773010969162,0.0,0.1789202243089676,0.057614024728536606,0.0,0.17974919080734253,0.0,0.1536957025527954
3728,0.0,0.0,0.0,0.0,0.0,0.0,0.0,0.0,0.0,0.0,0.0,0.0,0.0,0.0,0.0,0.0
3732,0.0,0.0,0.0,0.0,0.0,0.0,0.0,0.0,0.0,0.0,0.0,0.0,0.0,0.0,0.0,0.0
3733,0.0,0.0,0.0,0.0,0.0,0.0,0.0,0.0,0.0,0.0,0.0,0.0,0.0,0.0,0.0,0.0
3735,0.0,0.0,0.0,0.0,0.0,0.0,0.0,0.0,0.0,0.0,0.0,0.0,0.0,0.0,0.0,0.0
3738,0.0,0.0,0.0,0.0,0.0,0.0,0.0,0.0,0.0,0.0,0.0,0.0,0.0,0.0,0.0,0.0
3739,0.5464670658111572,0.27872681617736816,0.5035315155982971,0.353847861289978,0.251149445772171,0.3797991871833801,0.23076781630516052,0.39130207896232605,0.2918781340122223,0.5431065559387207,0.47967076301574707,0.23087485134601593,0.26840418577194214,0.38348209857940674,0.302806556224823,0.371535986661911
3741,0.0,0.0,0.0,0.0,0.0,0.011670091189444065,0.0,0.028840666636824608,0.0,0.0,0.0,0.010993916541337967,0.0,0.0,0.021819500252604485,0.0
3742,0.12143094837665558,0.0,0.10733151435852051,0.03564496338367462,0.07183265686035156,0.0,0.0544954352080822,0.0,0.12713666260242462,0.0,0.08123581856489182,0.027847101911902428,0.0,0.0,0.09393911063671112,0.0
3748,0.0,0.0,0.0,0.0,0.0,0.0,0.0,0.0,0.0,0.0,0.0,0.0,0.0,0.0,0.0,0.0
3749,0.0,0.0,0.0,0.0,0.0,0.0,0.0,0.0,0.0,0.0,0.0,0.0,0.0,0.0,0.0,0.0
3755,0.09864626079797745,0.0,0.0,0.013315956108272076,0.0,0.0,0.0,0.07372391223907471,0.0,0.0,0.10447671264410019,0.03412467986345291,0.06655013561248779,0.0,0.0,0.0
3756,0.0,0.0,0.0,0.0,0.0,0.0,0.0,0.0,0.0,0.0,0.0,0.0,0.0,0.0,0.0,0.0
3759,0.0,0.0,0.0,0.0,0.0,0.0,0.0,0.0,0.0,0.0,0.0,0.0,0.0,0.0,0.0,0.0
3763,0.0,0.0,0.0,0.0,0.0,0.0,0.0,0.0,0.0,0.0,0.0,0.0,0.0,0.0,0.0,0.0
3765,0.2500687539577484,0.07133578509092331,0.0,0.0,0.08646774291992188,0.0,0.0,0.0,0.0,0.0,0.15892696380615234,0.0,0.1046023815870285,0.0,0.08752717822790146,0.2041786015033722
3767,0.0,0.0,0.0,0.0,0.0,0.0,0.0,0.0,0.0,0.0,0.0,0.0,0.0,0.0,0.0,0.0
3769,0.0,0.0,0.0,0.0,0.0,0.0,0.0,0.0,0.0,0.0,0.0,0.0,0.0,0.0,0.0,0.0
3772,0.0,0.0,0.0,0.0,0.0,0.0,0.0,0.0,0.0,0.0,0.0,0.0,0.015423200093209743,0.0,0.0,0.0
3774,0.0,0.0,0.04385005682706833,0.0,0.0,0.0,0.0,0.0,0.0,0.0899980366230011,0.0,0.0,0.0,0.0,0.0,0.0
3777,0.0,0.0,0.0,0.0,0.0,0.0,0.0,0.0,0.0,0.0,0.0,0.0,0.0,0.0,0.0,0.0
3778,0.0,0.0,0.0,0.0,0.0,0.0,0.0,0.0,0.0,0.0,0.0,0.0,0.0,0.0,0.0,0.0
3779,0.0,0.0,0.0,0.0,0.0,0.0,0.0,0.0,0.0,0.0,0.0,0.0,0.0,0.0,0.0,0.0
3784,0.0,0.0,0.0,0.0,0.0,0.0,0.0,0.0,0.0,0.0,0.0,0.0,0.0,0.0,0.0,0.0
3787,0.22867244482040405,0.1952148675918579,0.0,0.18827898800373077,0.10398919880390167,0.2362668514251709,0.27838119864463806,0.12973909080028534,0.13508938252925873,0.0,0.0,0.09499958157539368,0.0,0.0,0.34646716713905334,0.08482921868562698
3789,0.0,0.0,0.0,0.0,0.0,0.0,0.0,0.0,0.0,0.0,0.0,0.0,0.0,0.0,0.0,0.0
3793,0.0,0.0,0.0533907487988472,0.09130650013685226,0.0,0.08028724789619446,0.15863367915153503,0.0,0.18449434638023376,0.09736400097608566,0.40138834714889526,0.04091666638851166,0.0,0.0,0.7616620063781738,0.0
3794,0.0,0.0,0.12322176992893219,0.0,0.0,0.0,0.0,0.0,0.0,0.0,0.0,0.0,0.0,0.0,0.0,0.0
3798,0.0,0.2901027500629425,0.12580549716949463,0.820084810256958,0.2308235466480255,0.0,0.0,0.013366333208978176,0.07547800242900848,0.1664200723171234,0.3371891677379608,0.24603800475597382,0.0891771987080574,0.0,0.19651062786579132,0.06578049808740616
3800,0.28772225975990295,0.6729499697685242,0.20506732165813446,0.37065038084983826,0.4591805338859558,0.08868341892957687,0.1742948591709137,0.5188065767288208,0.2400786280632019,0.6851025223731995,0.6573225259780884,0.5464057326316833,0.4930509328842163,0.46060842275619507,0.3253452479839325,0.1888388693332672
3802,0.0,0.0,0.0,0.0,0.0,0.0,0.0,0.0,0.0,0.0,0.0,0.0,0.0,0.0,0.0,0.0
3804,0.0,0.0,0.0,0.0,0.0,0.0,0.004870652221143246,0.0,0.0,0.0,0.009042049758136272,0.0,0.0,0.0,0.0,0.0
3806,0.0,0.0,0.0,0.004175037611275911,0.042574070394039154,0.07457192242145538,0.09566468000411987,0.12638790905475616,0.1086055338382721,0.051733728498220444,0.0,0.0,0.06818406283855438,0.004244755022227764,0.0,0.0697464793920517
3807,0.0,0.0,0.0,0.0,0.0,0.0,0.0,0.0,0.0,0.0,0.0,0.0,0.0,0.0,0.0,0.0
3808,0.0,0.0,0.0,0.0,0.0,0.0,0.0,0.0,0.0,0.0,0.0,0.0,0.0,0.0,0.0,0.0
3814,0.0,0.0,0.0,0.0,0.0,0.0,0.0,0.0,0.0,0.0,0.0,0.0,0.0,0.0,0.0,0.0
3815,0.0,0.0,0.004535459913313389,0.23798871040344238,0.0,0.22189080715179443,0.0,0.0,0.0,0.0,0.0,0.0,0.0,0.0,0.0,0.0
3819,0.0,0.0,0.0,0.0,0.0,0.0,0.0,0.0,0.0,0.0,0.0,0.0,0.0,0.0,0.0,0.0
3823,0.0,0.0,0.0867239311337471,0.08815675228834152,0.0,0.06554015725851059,0.11139905452728271,0.11837103962898254,0.06077343970537186,0.022776488214731216,0.2542128562927246,0.0,0.10579569637775421,0.0,0.21245460212230682,0.2819204032421112
3824,0.0,0.0,0.0,0.0,0.0,0.0,0.0,0.0,0.0,0.0,0.0,0.0,0.0,0.0,0.0,0.0
3825,0.0,0.0,0.0,0.10553272813558578,0.0,0.0,0.09748035669326782,0.12460622191429138,0.18177737295627594,0.14121174812316895,0.0,0.0,0.0,0.1224990114569664,0.0,0.060716234147548676
3826,0.0,0.0,0.0,0.0,0.0,0.0,0.0,0.0,0.0,0.0,0.0,0.0,0.0,0.0,0.0,0.0
3827,0.0,0.0,0.0,0.0,0.0,0.013905908912420273,0.0,0.03022105060517788,0.0,0.0,0.0,0.029059000313282013,0.0,0.0,0.008400190621614456,0.0
3829,0.7914326190948486,0.7954979538917542,0.6444119215011597,0.5588322281837463,0.5748181343078613,0.5464407205581665,0.8315033912658691,0.5918769836425781,0.8729501962661743,0.8416626453399658,0.7973809838294983,0.8055778741836548,0.8206288814544678,0.6614989638328552,0.7578275799751282,0.6884964108467102
3831,0.0,0.0,0.0,0.0,0.0,0.0,0.0,0.0,0.0,0.0,0.0,0.0,0.0,0.0,0.0,0.0
3832,0.0,0.0,0.0,0.0,0.0,0.0,0.0,0.0,0.0,0.0,0.0,0.0,0.0,0.0,0.0,0.0
3835,0.0,0.0,0.0,0.0,0.0,0.0,0.3005352020263672,0.0,0.0,0.016242727637290955,0.0,0.0,0.0,0.0,0.0,0.0
3840,0.0,0.0,0.0,0.1010030135512352,0.19404372572898865,0.1340881884098053,0.04110799729824066,0.0,0.12085023522377014,0.11219988018274307,0.0,0.0,0.0,0.019627001136541367,0.0,0.044064220041036606
3846,0.0,0.0,0.48709699511528015,0.0,0.06728699803352356,0.4441879987716675,0.0,0.0,0.44013699889183044,0.0,0.0,0.7328060269355774,0.0,0.0,0.0,0.0
3848,0.0,0.0,0.0,0.0,0.0,0.01759118214249611,0.0,0.04340999945998192,0.0,0.0,0.0,0.035374321043491364,0.0,0.0,0.0126902861520648,0.0
3849,0.0,0.0,0.0,0.0,0.0,0.0,0.0,0.0,0.19387103617191315,0.0,0.0,0.0,0.0,0.0,0.0,0.0
3853,0.0,0.0,0.0,0.0,0.0,0.0,0.0,0.0,0.0,0.0,0.0,0.0,0.0,0.0,0.0,0.0
3854,0.0,0.0,0.0,0.0,0.0,0.0,0.0,0.0,0.0,0.0,0.0,0.0,0.0,0.0,0.0,0.0
3858,0.0,0.0,0.0,0.0,0.09163572639226913,0.0,0.0,0.0,0.0,0.0,0.0,0.0,0.0,0.0,0.0,0.0
3860,0.0,0.0,0.0,0.0,0.0,0.0,0.0,0.0,0.0,0.0,0.0,0.0,0.0,0.0,0.0,0.0
3861,0.0,0.0,0.0,0.0,0.0,0.0,0.0,0.0,0.0,0.0,0.0,0.0,0.0,0.0,0.0,0.0
3863,0.48657798767089844,0.44271934032440186,0.9799119830131531,0.5117784142494202,0.5232403874397278,0.12117329984903336,0.16617700457572937,0.6749387979507446,0.030427874997258186,0.9120483994483948,0.6609441637992859,0.9920367002487183,0.0,0.47462034225463867,0.5996096730232239,0.06102729216217995
3866,0.0,0.0,0.0,0.0,0.0,0.0,0.0,0.0,0.0,0.0,0.0,0.0,0.0,0.0,0.0,0.0
3867,0.0,0.0,0.0,0.0,0.0,0.0,0.0,0.0,0.0,0.0,0.0,0.0,0.0,0.0,0.0,0.0
3868,0.0,0.0,0.0,0.0,0.0,0.0,0.0,0.0,0.0,0.0,0.0,0.0,0.0,0.0,0.0,0.0
3870,0.0,0.0,0.0,0.0,0.0,0.0,0.0,0.0,0.0,0.0,0.0,0.0,0.0,0.0,0.0,0.0
3871,0.0,0.0,0.0,0.0,0.0,0.0,0.0,0.0,0.0,0.0,0.0,0.0,0.0,0.0,0.0,0.0
3872,0.0,0.0,0.0,0.0,0.0,0.0,0.0,0.0,0.0,0.0,0.0,0.0,0.0,0.0,0.0,0.0
3875,0.1913744956254959,0.0,0.0,0.08021485805511475,0.46760234236717224,0.0,0.0,0.0,0.0,0.41386350989341736,0.0,0.0,0.03654174506664276,0.0,0.0,0.0
3878,0.0,0.0,0.0,0.0,0.0,0.0,0.0,0.0,0.0,0.0,0.0,0.0,0.0,0.0,0.0,0.0
3879,0.0,0.0,0.0,0.0,0.0,0.0,0.0,0.0,0.0,0.0,0.0,0.0,0.0,0.0,0.0,0.0
3880,0.0,0.0,0.0,0.0,0.0,0.0,0.0,0.0,0.0,0.0,0.0,0.0,0.0,0.0,0.0,0.0
3887,0.0,0.0,0.0,0.0,0.0,0.0,0.0,0.0,0.0,0.0,0.0,0.0,0.0,0.0,0.0,0.0
3894,0.2257426679134369,0.22825007140636444,0.11926314979791641,0.257564902305603,0.14123794436454773,0.23030203580856323,0.07516133040189743,0.2108343094587326,0.11468904465436935,0.4170081317424774,0.3681989908218384,0.14166313409805298,0.039038363844156265,0.0,0.09103255718946457,0.13872118294239044
3895,0.0,0.0,0.09767969697713852,0.15487487614154816,0.0,0.0,0.13949711620807648,0.0,0.0587293803691864,0.0,0.0,0.0,0.0,0.0,0.07213743031024933,0.24988585710525513
3898,0.0,0.0,0.0,0.0,0.0,0.0,0.0,0.0,0.0,0.0,0.0,0.0,0.0,0.0,0.0,0.0
3899,0.0,0.0,0.0,0.0,0.0,0.088387131690979,0.0,0.0,0.0,0.0,0.0,0.0,0.0,0.0,0.0,0.0
3900,0.030657000839710236,0.0,0.0,0.0,0.22729374468326569,0.14453189074993134,0.0,0.0,0.0,0.0,0.0,0.0638468787074089,0.0,0.03553471714258194,0.0,0.05509520322084427
3902,0.009580133482813835,0.0,0.007131300400942564,0.045922547578811646,0.0,0.0,0.0,0.0,0.021450545638799667,0.005910692736506462,0.013089857064187527,0.0,0.05009954795241356,0.12818318605422974,0.0,0.05264812335371971
3904,0.0,0.0,0.0,0.0,0.0,0.0,0.0,0.0,0.0,0.0,0.0,0.0,0.0,0.0,0.0,0.0
3907,0.0,0.0,0.0,0.0,0.0,0.014424714259803295,0.042166367173194885,0.04779715836048126,0.0,0.0,0.007639947813004255,0.017773274332284927,0.0,0.0,0.02040385827422142,0.0
3911,0.0,0.0,0.0,0.0,0.0,0.0,0.0,0.0,0.0,0.0,0.0,0.0,0.0,0.0,0.0,0.0
3913,0.0,0.0,0.0,0.0,0.0,0.0,0.0,0.0,0.07372067123651505,0.0,0.0,0.0,0.0,0.0,0.008557857945561409,0.0
3915,0.0,0.0,0.0,0.0,0.14405152201652527,0.0,0.0,0.0,0.0,0.0,0.0,0.0,0.0,0.0,0.0,0.0
3917,0.0,0.0,0.0,0.0,0.0,0.0,0.0,0.0,0.0,0.0,0.0,0.0,0.0,0.0,0.0,0.0
3918,0.7168303728103638,0.5526010394096375,0.6885040402412415,0.6128302216529846,0.36159461736679077,0.37865015864372253,0.2724114656448364,0.3382885158061981,0.498802125453949,0.18366889655590057,0.0,0.3148456811904907,0.4069010615348816,0.21331092715263367,0.043993983417749405,0.0
3920,0.0,0.0,0.0,0.0,0.0,0.0,0.0,0.0,0.0,0.0,0.0,0.0,0.0,0.0,0.0,0.0
3923,0.0,0.0,0.0,0.0,0.0,0.0,0.0,0.0,0.0,0.0,0.0,0.0,0.0,0.0,0.0,0.0
3926,0.0,0.12217890471220016,0.0,0.1610485166311264,0.08040549606084824,0.0,0.0,0.12062344700098038,0.0,0.0,0.0,0.0,0.0,0.12974244356155396,0.18558606505393982,0.08331950753927231
3933,0.011206218041479588,0.04828188940882683,0.0,0.0,0.04310024902224541,0.14719519019126892,0.04327355697751045,0.07722023129463196,0.0,0.0,0.13047531247138977,0.053279295563697815,0.0,0.0,0.04566050320863724,0.0
3934,0.0,0.0,0.0,0.0,0.0,0.0,0.0,0.0,0.0,0.0,0.0,0.0,0.0,0.0,0.0,0.0
3935,0.21330626308918,0.2514036297798157,0.2626761794090271,0.0,0.2118387222290039,0.0,0.04761667549610138,0.20100992918014526,0.11681202054023743,0.4228498339653015,0.3557923436164856,0.03982892632484436,0.037046901881694794,0.18246999382972717,0.08864493668079376,0.12673158943653107
3939,0.0,0.0,0.0,0.0,0.0,0.0,0.0,0.0,0.0,0.0,0.0,0.0,0.0,0.0,0.0,0.0
3940,0.0,0.0,0.0,0.0,0.0,0.0,0.0,0.0,0.0,0.0,0.0,0.0,0.0,0.0,0.0,0.0
3943,0.0,0.0,0.0,0.0,0.0,0.0,0.0,0.0,0.06510644406080246,0.0,0.0,0.0,0.0,0.0,0.006558500695973635,0.0
3944,0.0,0.0,0.0,0.0,0.0,0.0,0.0,0.0,0.0,0.0,0.0,0.0,0.0,0.0,0.0,0.0
3946,0.0,0.0,0.0,0.0,0.0,0.0,0.0,0.0,0.0,0.0,0.0,0.0,0.0,0.0,0.0,0.0
3948,0.0,0.0,0.0,0.0,0.0,0.0,0.0,0.0,0.0,0.0,0.0,0.0,0.0,0.0,0.0,0.0
3949,0.0,0.0,0.0,0.0,0.0,0.0,0.0,0.0,0.0,0.0,0.0,0.0,0.0,0.0,0.0,0.0
3958,0.0,0.0,0.0,0.0,0.0,0.0,0.0,0.0,0.06365466862916946,0.0,0.0,0.0,0.0,0.0,0.006067072041332722,0.0
3960,0.0,0.0,0.0,0.0,0.0,0.0,0.0,0.0,0.0,0.0,0.0,0.0,0.0,0.0,0.0,0.0
3963,0.0,0.0,0.0,0.0,0.0,0.0,0.0,0.0,0.0,0.0,0.0,0.0,0.0,0.0,0.0,0.0
3967,0.0,0.0,0.0,0.0,0.0,0.0,0.0,0.0,0.0,0.0,0.0,0.0,0.0,0.0,0.0,0.0
3974,0.0,0.0,0.0,0.0,0.0,0.0,0.0,0.0,0.0,0.0,0.0,0.0,0.0,0.0,0.0,0.0
3978,0.0,0.0,0.0,0.0,0.0,0.0,0.0,0.0,0.06574550271034241,0.0,0.0,0.0,0.0,0.0,0.0068350001238286495,0.0
3982,0.0,0.0,0.0,0.0,0.0,0.0,0.0,0.0,0.0,0.0,0.0,0.0,0.0,0.0,0.0,0.0
3985,0.0,0.0,0.0,0.0,0.0,0.0,0.0,0.0,0.0,0.0,0.0,0.0,0.0,0.0,0.0,0.0
3987,0.0,0.0,0.0,0.0,0.0,0.0,0.0,0.431537002325058,0.0,0.0,0.0,0.0,0.0,0.12219949811697006,0.0,0.0
3988,0.0,0.0,0.0,0.0,0.0,0.0,0.0,0.0,0.0,0.0,0.0,0.0,0.0,0.0,0.0,0.0
3992,0.17733977735042572,0.08206694573163986,0.13770028948783875,0.0,0.08626000583171844,0.0,0.09823786467313766,0.0,0.07832171767950058,0.0,0.0,0.0,0.0,0.0,0.13148316740989685,0.12775377929210663
3995,0.0,0.0,0.0,0.0,0.0,0.0,0.0,0.0,0.0,0.0,0.0,0.0,0.0,0.0,0.0,0.0
3997,0.0,0.0,0.03396344184875488,0.0,0.010778211057186127,0.0,0.06963133811950684,0.0,0.10359439998865128,0.0,0.03608410805463791,0.0,0.014911361038684845,0.0,0.0,0.0
3998,0.0,0.0,0.0,0.0,0.0,0.0,0.0,0.0,0.0,0.0,0.0,0.0,0.0,0.0,0.0,0.0
4002,0.754844605922699,0.915221095085144,0.27459394931793213,0.9736689925193787,0.7823367118835449,0.7389512062072754,0.9555564522743225,0.9381556510925293,0.02630322240293026,0.89024418592453,0.9351420402526855,0.8099986910820007,0.7984960675239563,0.3163822293281555,0.8127257227897644,0.16562679409980774
4004,0.0,0.0,0.0,0.0,0.0,0.0,0.0,0.0,0.0,0.0,0.0,0.0,0.0,0.0,0.0,0.0
4008,0.0,0.0,0.0,0.0,0.0,0.0,0.0,0.0,0.0,0.12089399993419647,0.0,0.0,0.0,0.0,0.0,0.0
4010,0.24740120768547058,0.06813053041696548,0.0,0.0,0.0,0.13012845814228058,0.15879228711128235,0.0,0.14226219058036804,0.16737431287765503,0.0,0.0,0.1105833351612091,0.0,0.08627889305353165,0.18630334734916687
4015,0.0,0.0,0.0,0.0,0.0,0.0,0.0,0.0,0.0,0.0,0.0,0.0,0.0,0.0,0.0,0.0
4018,0.0,0.0,0.0,0.0,0.0,0.0,0.0,0.0,0.0,0.0,0.0,0.0,0.0,0.0,0.0,0.0
4019,0.0,0.0,0.0,0.0,0.0,0.0,0.0,0.0,0.0,0.0,0.0,0.0,0.0,0.0,0.0,0.0
4025,0.0,0.0,0.0,0.0,0.0,0.0,0.0,0.0,0.0,0.0,0.0,0.0,0.0,0.0,0.0,0.0
4026,0.0,0.0,0.0,0.0,0.0,0.0,0.0,0.0,0.0,0.0,0.0,0.0,0.0,0.0,0.0,0.0
4027,0.0,0.0,0.0,0.0,0.0,0.0,0.0,0.0,0.0,0.0,0.0,0.0,0.0,0.0,0.0,0.0
4030,0.0,0.0,0.0,0.0,0.0,0.0,0.0,0.0,0.0,0.0,0.0,0.0,0.0,0.0,0.0,0.0
4041,0.0,0.0,0.0,0.0,0.0,0.0,0.0,0.5172268748283386,0.0,0.0,0.0,0.0,0.0,0.0,0.0,0.0
4047,0.0,0.0,0.0,0.0,0.0,0.0,0.0,0.0,0.0,0.0,0.0,0.0,0.0,0.0,0.0,0.0
4051,0.0,0.0,0.0,0.0,0.0,0.0,0.0,0.0,0.0,0.0,0.0,0.0,0.0,0.0,0.0,0.0
4052,0.0,0.0,0.0,0.0,0.0,0.0,0.0,0.0,0.0,0.0,0.0,0.0,0.0,0.0,0.0,0.0
4059,0.0,0.0,0.0,0.0,0.0,0.0,0.0,0.0,0.0,0.0,0.0,0.0,0.0,0.0,0.0,0.0
4060,0.4247567355632782,0.38441669940948486,0.32297858595848083,0.0,0.275806725025177,0.0,0.5242714881896973,0.47805437445640564,0.5759292244911194,0.556300699710846,0.4344429075717926,0.21688489615917206,0.26545512676239014,0.5386869311332703,0.18616913259029388,0.299136221408844
4062,0.0,0.0,0.0,0.0,0.0,0.0,0.0,0.0,0.0,0.0,0.0,0.0,0.0,0.0,0.0,0.0
4064,0.0,0.0,0.2038249969482422,0.795536994934082,0.0,0.747422993183136,0.09804700314998627,0.0,0.0,0.10000800341367722,0.0,0.0,0.0,0.0,0.0,0.6049919724464417
4066,0.0,0.0,0.0,0.0,0.0,0.0,0.0,0.0,0.0,0.0,0.0,0.0,0.0,0.0,0.0,0.0
4071,0.0,0.0,0.0,0.0,0.09567221254110336,0.16349585354328156,0.0,0.10232661664485931,0.15526261925697327,0.0910717323422432,0.0,0.0,0.0,0.0,0.14325354993343353,0.0
4086,0.0,0.0,0.0,0.0,0.0,0.0,0.0,0.0,0.0,0.0,0.0,0.0,0.0,0.0,0.0,0.0
4121,0.0,0.0,0.0,0.0,0.0,0.0,0.0,0.0,0.0,0.0,0.0,0.0,0.0,0.0,0.0,0.0
4145,0.0,0.0,0.0,0.0,0.0,0.0,0.0,0.0,0.0,0.0,0.0,0.0,0.0,0.0,0.0,0.0
4222,0.29493847489356995,0.07274388521909714,0.0,0.16145174205303192,0.0,0.12991589307785034,0.0,0.0,0.14445263147354126,0.0,0.2449190765619278,0.05998784676194191,0.0,0.10839484632015228,0.08791261911392212,0.19108203053474426
4231,0.0,0.0,0.0,0.0,0.0,0.0,0.0,0.0,0.0,0.0,0.0,0.0,0.0,0.0,0.0,0.0
4267,0.0,0.0,0.0,0.0,0.0,0.0,0.0,0.0,0.0,0.0,0.0,0.0,0.0,0.0,0.0,0.0
4268,0.0,0.0,0.21958284080028534,0.10415185987949371,0.0,0.0,0.0,0.0,0.12896190583705902,0.10123639553785324,0.0,0.19170881807804108,0.11498977988958359,0.0,0.10675307363271713,0.16352581977844238
4269,0.0,0.0,0.0,0.0,0.0,0.0,0.0,0.0,0.0,0.0,0.0,0.0,0.0,0.0,0.0,0.0
4270,0.0,0.0,0.0,0.2847593426704407,0.0,0.0,0.0,0.0,0.0,0.18507884442806244,0.0,0.15617026388645172,0.0,0.0,0.10820948332548141,0.2025824934244156
4271,0.0,0.0,0.1330966353416443,0.0,0.15035763382911682,0.0,0.0,0.0,0.0,0.2486347258090973,0.2783145606517792,0.1483837515115738,0.0,0.0,0.0,0.3360241651535034
4295,0.6383144855499268,0.0,0.6779066324234009,0.0,0.0,0.7398546934127808,0.12338899821043015,0.0,0.1588584929704666,0.0,0.0,0.0,0.0,0.0,0.0,0.710582435131073
4296,0.0,0.0,0.0,0.0,0.0,0.0,0.0,0.0,0.0,0.0,0.0,0.0,0.0,0.0,0.0,0.0
4302,0.0,0.09653595834970474,0.0,0.10484915971755981,0.12087587267160416,0.0,0.0,0.0,0.06717614829540253,0.0,0.0,0.0,0.08265169709920883,0.0,0.0,0.07955644279718399
4316,0.0,0.0,0.0,0.0,0.0,0.029729250818490982,0.0,0.0,0.0,0.0,0.05014149844646454,0.0,0.0,0.0,0.0,0.0
4317,0.0,0.0,0.0,0.0,0.0,0.0,0.0,0.0,0.0,0.0,0.0,0.0,0.0,0.0,0.0,0.0
4324,0.0,0.0,0.0,0.23341237008571625,0.0,0.2978033125400543,0.11536379158496857,0.11722584068775177,0.0,0.5683026313781738,0.3094848096370697,0.2552433907985687,0.3577632009983063,0.0,0.7436262369155884,0.10099822282791138
4353,0.0,0.0,0.0,0.0,0.0,0.0,0.0,0.0,0.0,0.0,0.0,0.0,0.0,0.0,0.0,0.0
4357,0.0,0.0,0.0,0.0,0.0,0.030213475227355957,0.03012068197131157,0.050899896770715714,0.04048863798379898,0.0,0.0033114212565124035,0.034710273146629333,0.0,0.0,0.027303999289870262,0.0
4395,0.019552499055862427,0.0,0.0,0.0,0.0,0.0,0.0,0.0,0.0,0.0,0.0,0.0,0.0,0.0,0.0,0.0
4473,0.28998512029647827,0.4702189266681671,0.2345571666955948,0.47056686878204346,0.3290582299232483,0.6881154179573059,0.349743127822876,0.6175534129142761,0.2807130515575409,0.7163829803466797,0.5782595872879028,0.22261233627796173,0.23055759072303772,0.47300034761428833,0.17329852283000946,0.5486417412757874
4480,0.0,0.0,0.0,0.0,0.0,0.0,0.0,0.0,0.0,0.0,0.0,0.0,0.0,0.0,0.0,0.0
4512,0.0,0.0,0.0,0.0,0.0,0.0,0.0,0.0,0.0,0.0,0.0,0.0,0.0,0.0,0.0,0.0
4515,0.0,0.0,0.0,0.0,0.0,0.0,0.0,0.0,0.0,0.0,0.0,0.1399639993906021,0.0,0.0,0.0,0.0
4516,0.0,0.0,0.0,0.0,0.0,0.0,0.0,0.0,0.0,0.0,0.0,0.0,0.0,0.0,0.0,0.0
4524,0.0,0.0,0.0,0.0,0.0,0.0,0.0,0.0,0.0,0.0,0.0,0.0,0.0,0.0,0.0,0.0
4525,0.0,0.0,0.0,0.0,0.0,0.0,0.0,0.031470365822315216,0.0,0.0,0.0,0.0,0.0,0.0,0.0,0.0
4529,0.0,0.0,0.0,0.0,0.0,0.0,0.0,0.0,0.0,0.0,0.0,0.0,0.0,0.0,0.0,0.0
4549,0.0,0.0,0.0,0.0,0.0,0.0,0.0,0.0,0.0,0.0,0.0,0.0,0.0,0.0,0.0,0.0
4558,0.0,0.0,0.0,0.0,0.0,0.0,0.0,0.0,0.0,0.0,0.0,0.0,0.0,0.0,0.0,0.0
4567,0.0,0.0,0.0,0.0,0.0,0.0,0.0,0.0,0.0,0.0,0.0,0.0,0.0,0.0,0.0,0.0
4596,0.0,0.0,0.0,0.0,0.0,0.0,0.0,0.0,0.0,0.0,0.0,0.0,0.0,0.0,0.0,0.0
4599,0.0,0.0,0.0,0.0,0.0,0.0,0.0,0.0,0.0,0.0,0.0,0.0,0.0,0.0,0.0,0.0
4600,0.0,0.0,0.0,0.0,0.0,0.023586904630064964,0.0,0.0,0.0,0.0,0.0,0.0,0.0,0.0,0.0,0.0
4601,0.0,0.0,0.0,0.0,0.0,0.0,0.0,0.0,0.0,0.0,0.0,0.0,0.0,0.0,0.0,0.0
4602,0.0,0.0,0.0,0.0,0.0,0.0,0.0,0.0,0.0,0.0,0.0,0.0,0.0,0.0,0.0,0.0
