,0,1,2,3,4,5,6,7,8,9,10,11,12,13,14,15,16,17,18,19,20,21,22,23,24,25,26,27,28,29,30,31,32,33,34,35,36,37,38,39,40,41,42,43,44,45,46,47,48,49,50,51,52,53,54,55,56,57,58,59,60,61,62,63,64,65,66,67,68,69,70,71,72,73,74,75,76,77,78,79,80,81,82,83,84,85,86,87,88,89,90,91,92,93,94,95,96,97,98,99,100,101,102,103,104,105,106,107,108,109,110,111,112,113,114,115,116,117,118,119,120,121,122,123,124,125,126,127
0,0.0,0.0,0.0,0.0,0.0,0.0,0.0,0.0,0.0,0.0,0.0,0.0,0.0,0.0,0.0,0.0,0.0,0.0,0.0,0.0,0.0,0.0,0.0,0.0,0.0,0.0,0.0,0.0,0.0,0.0,0.0,0.0,0.0,0.0,0.0,0.0,0.0,0.0,0.0,0.0,0.0,0.0,0.109213002026081,0.0,0.0,0.0,0.0,0.0,0.0,0.0,0.0,0.0,0.0,0.0,0.0,0.0,0.0,0.0,0.0,0.0,0.0,0.0,0.0,0.0793989971280098,0.0,0.0,0.0,0.0,0.1299760043621063,0.0,0.0,0.0,0.0,0.0,0.0,0.0,0.0,0.0,0.0,0.0,0.0,0.0,0.0,0.1286299973726272,0.0,0.0,0.0,0.0,0.0,0.0,0.0,0.0,0.0,0.0,0.0,0.0,0.0,0.0,0.0,0.0,0.0,0.4368129968643188,0.0,0.0,0.0,0.0,0.0,0.0,0.0,0.0,0.0,0.0,0.1250669956207275,0.0,0.0,0.0,0.0,0.0,0.0,0.0,0.0,0.0,0.0,0.0,0.0,0.0,0.5124784708023071,0.0
1,0.0,0.0,0.0,0.0,0.0,0.0,0.0,0.0,0.0,0.0,0.0,0.0,0.0,0.0,0.0,0.0,0.0,0.0,0.0,0.0,0.0,0.0,0.0,0.0,0.0,0.0,0.0,0.0,0.0,0.0,0.0,0.0,0.0,0.0,0.0,0.0,0.0,0.0,0.0,0.0,0.0,0.0,0.0,0.0,0.0,0.0,0.0,0.0,0.0,0.0,0.0,0.0,0.0,0.0,0.0,0.0,0.0,0.0,0.0,0.0,0.0,0.0,0.0,0.0,0.0,0.0,0.0,0.0,0.0,0.0,0.0,0.0,0.0,0.0,0.0,0.6313849687576294,0.0,0.0,0.0,0.0,0.0,0.0,0.0,0.0,0.0,0.0,0.4669359922409057,0.0,0.0,0.0,0.0,0.0,0.0,0.0,0.0,0.0,0.0,0.0,0.0,0.0,0.0,0.0,0.0,0.0,0.0,0.0,0.0,0.0,0.0,0.0,0.0,0.0,0.0,0.0,0.0,0.0,0.0,0.0,0.0,0.0,0.0,0.0,0.0,0.0,0.0,0.0,0.0,0.0
3,0.0,0.0,0.0,0.0,0.0,0.0,0.0,0.0,0.0,0.0,0.0,0.0,0.0,0.0,0.0,0.0,0.0,0.0,0.0,0.0,0.0,0.0,0.0,0.0,0.0,0.0,0.0,0.0,0.0,0.0,0.0,0.0831553414463996,0.0,0.0,0.0,0.0,0.0,0.0,0.0,0.0,0.0,1.0,0.0,0.0,0.0,0.0,0.0,0.0,0.0,0.0,0.0,0.9889332056045532,0.0,0.0,0.0,0.0,0.0,0.0,0.0,0.0,0.0,0.0,0.9913400411605836,0.0300278980284929,0.0,0.0,0.0,0.0,0.0,0.0,0.0,0.0,0.0,0.0,0.073176734149456,0.0,0.9905712604522704,0.0,0.1050732880830764,0.1847508996725082,0.0,0.0,0.0,0.0,0.0,0.0,0.0,0.0,0.0,0.0,0.0,0.0,0.4164416790008545,0.0,0.0,0.0,0.0,0.0,0.0,0.0,0.0,0.0,0.0,0.0,0.8977932333946228,0.0,0.0,0.0,0.0,0.0,0.0,0.0,0.0,0.0,0.0,0.0,0.0,0.0,0.0,0.0,0.0,0.0,0.0,0.0,0.0016057727625593,0.0,0.0,0.0
7,0.0,0.0,0.0,0.0,0.0,0.0,0.0,0.0,0.0,0.0,0.0,0.0,0.0,0.0,0.0,0.0,0.0,0.0,0.0,0.0,0.0,0.0,0.0,0.0,0.0,0.0,0.0,0.0,0.0,0.0,0.0,0.0,0.0,0.0,0.0,0.0,0.0,0.0,0.0,0.0,0.0,0.0,0.0,0.0,0.0,0.0,0.0,0.0,0.0,0.0,0.0,0.0,0.0,0.0,0.0,0.0,0.0,0.0,0.0,0.0,0.0,0.0,0.0,0.0,0.0,0.0,0.0,0.0,0.0,0.0,0.0,0.0,0.0,0.0,0.0,0.0,0.0,0.0,0.0,0.0,0.0,0.0,0.0,0.0,0.0,0.0,0.0,0.0,0.0,0.0,0.0,0.0,0.0,0.0,0.0,0.0,0.0,0.0,0.0,0.0,0.0,0.0,0.0,0.0,0.0,0.0,0.0,0.0,0.0,0.0,0.0,0.0,0.0,0.0,0.0,0.0,0.0,0.0,0.0,0.0,0.0,0.0,0.0,0.0,0.0,0.0,0.0,0.0
20,0.0,0.0,0.0,0.0,0.0,0.0,0.0,0.0,0.0,0.0,0.0,0.0,0.0,0.0,0.0,0.0,0.0,0.0,0.0,0.4070579707622528,0.0,0.0,0.0,0.0,0.0,0.0,0.0,0.0,0.0,0.0,0.0,0.0,0.0,0.0,0.0,0.0,0.0,0.0,0.0,0.0,0.0,0.0,0.0,0.0,0.0,0.0,0.0,0.0,0.0,0.0,0.0,0.6472887992858887,0.0,0.0,0.0,0.0,0.0,0.5826327800750732,0.0,0.0,0.0,0.0,0.0,0.0,0.0,0.0,0.0,0.0,0.0,0.0,0.0,0.0,0.0,0.0,0.0,0.0,0.0,0.0,0.0,0.0,0.0,0.0,0.0,0.0,0.0,0.0,0.0,0.0,0.0,0.0,0.0,0.0,0.0,0.0,0.0,0.0,0.0,0.0,0.0,0.0,0.0,0.0,0.0,0.0,0.0,0.0,0.0,0.0,0.0,0.0,0.0,0.0,0.0,0.0,0.0,0.0,0.0,0.0,0.0,0.0,0.0,0.0,0.0,0.0,0.0,0.0,0.0,0.0
31,0.0,0.0,0.0,0.0,0.0,0.0,0.0,0.0,0.0,0.0,0.0,0.0,0.0,0.0,0.0,0.0,0.9980840086936952,0.8248042464256287,0.9664027094841005,0.9943203330039978,0.999413013458252,0.9812127351760864,0.8273230195045471,0.8994190096855164,0.999224066734314,0.9989305138587952,0.9975579977035522,0.9950439929962158,0.997991979122162,0.9989623427391052,0.998870015144348,0.9974233508110046,0.9944859743118286,0.8788310289382935,0.9989944696426392,0.9983299970626832,0.998092532157898,0.99603533744812,0.9993770122528076,0.9989174604415894,0.9611923098564148,0.9998953342437744,0.9983019828796388,0.9993513822555542,0.9990434646606444,0.9975646734237672,0.9981040358543396,1.0,0.9965966939926147,0.999670684337616,0.9973649978637696,0.9963779449462892,0.9649092555046082,0.8855166435241699,0.9367510676383972,0.999174952507019,0.9981589317321776,0.9401260018348694,0.9981535077095032,0.9116649627685548,0.9289026260375975,0.999240517616272,0.8999490141868591,0.9419684410095216,0.9995653033256532,0.9984560012817384,0.9757300615310668,0.0,0.94709974527359,0.9993463754653932,0.9977146983146667,0.9978833198547364,0.8197623491287231,0.9990323781967164,0.9983839988708496,0.9965595006942748,0.9982784986495972,0.9967384934425354,0.9956846237182616,0.9272463321685792,0.9952659606933594,0.9993610382080078,0.99696147441864,0.9049479961395264,0.9014257192611694,0.9991559982299804,0.9561769962310792,0.9922119975090028,0.9974946975708008,0.994809627532959,0.9989360570907592,0.9362075328826904,0.9605447053909302,0.9981870055198668,0.9657149314880372,0.8358023166656494,0.9995683431625366,0.9965883493423462,0.9999589920043944,0.999619483947754,0.997746467590332,0.9986290335655212,0.997077703475952,0.8586845397949219,0.9969824552536012,0.9569262266159058,0.8732540011405945,0.9989223480224608,0.9965890049934388,0.9999409914016724,0.9986225366592408,0.9999470114707948,0.9218029975891112,0.9993829727172852,0.9929683208465576,0.9949080348014832,0.9996923804283142,0.9164892435073853,0.9012420773506165,0.9502593874931335,0.9979305267333984,0.9954376220703124,0.998826026916504,0.959194004535675,0.9078397750854492,0.9944944977760316,1.0,0.9946759939193726
37,0.0,0.9422168135643004,0.8923963904380798,0.6450385451316833,0.0,0.0,0.0,0.8463804125785828,0.7384487986564636,0.0,0.7743068337440491,0.7545456290245056,0.7664589285850525,0.8583853840827942,0.9209429025650024,0.0,0.0,0.8848947286605835,0.8270506262779236,0.637872576713562,0.0,0.8922458291053772,0.6689580082893372,0.8622997403144836,0.8250782489776611,0.7274527549743652,0.8200487494468689,0.872468888759613,0.886827290058136,0.7925671339035034,0.8979554772377014,0.5998024940490723,0.4848420619964599,0.8671658635139465,0.8222357034683228,0.0,0.6272224187850952,0.7625187039375305,0.8596068024635315,0.6709737777709961,0.764407217502594,0.8951161503791809,0.0,0.6351780295372009,0.776494562625885,0.7706410884857178,0.9497604966163636,0.3086295425891876,0.0,0.6544345021247864,0.8274705410003662,0.7698872685432434,0.0,0.8964554667472839,0.8973151445388794,0.7123647928237915,0.777102530002594,0.8560412526130676,0.0,0.6152296662330627,0.529392659664154,0.7193207740783691,0.0,0.8081763982772827,0.7972569465637207,0.6334824562072754,0.5584395527839661,0.0,0.5726108551025391,0.8201768398284912,0.6082978248596191,0.9224810600280762,0.8704125881195068,0.7953871488571167,0.6894052028656006,0.0,0.6889115571975708,0.896416962146759,0.6771508455276489,0.6923012137413025,0.7779459953308105,0.8292744159698486,0.7812670469284058,0.9216688871383668,0.7689423561096191,0.7664158940315247,0.0,0.0,0.8862350583076477,0.7670729160308838,0.7669792771339417,0.6971776485443115,0.0,0.0,0.6333364844322205,0.0,0.6933159828186035,0.0,0.7567644119262695,0.0,0.0,0.8249834179878235,0.5743169784545898,0.7688982486724854,0.7983168959617615,0.9044228196144104,0.8879806399345398,0.8776347637176514,0.5191092491149902,0.7379128932952881,0.0,0.0,0.6696387529373169,0.6597775816917419,0.6918135285377502,0.8079476356506348,0.8044422268867493,0.7545135021209717,0.8717240691184998,0.0,0.6742157340049744,0.8473743796348572,0.0,0.0,0.7395500540733337,0.8944764733314514,0.0,0.799514889717102
41,0.0,0.0,0.0,0.0,0.0,0.0,0.0,0.0,0.0,0.0,0.0,0.0,0.0,0.0,0.0,0.0,0.0,0.0,0.0,0.0,0.0,0.0,0.0,0.0,0.0,0.0,0.0,0.0,0.0,0.0,0.0,0.0,0.0,0.0,0.0,0.0,0.0,0.0,0.0,0.0,0.0,0.0,0.0,0.0,0.0,0.0,0.0,0.0,0.0,0.0,0.0,0.0,0.0,0.0,0.0,0.0,0.0,0.0,0.0,0.0,0.0,0.0,0.0,0.0,0.0,0.0,0.0,0.0,0.0,0.0,0.0,0.0,0.0,0.0,0.0,0.0,0.0,0.0,0.0,0.0,0.0,0.0,0.0,0.0,0.0,0.0,0.0,0.0,0.0,0.0,0.0,0.0,0.0,0.0,0.0,0.0,0.0,0.0,0.0,0.0,0.0,0.0,0.0,0.0,0.0,0.0,0.0,0.0,0.0,0.0,0.0,0.0,0.0,0.0,0.0,0.0,0.0,0.0,0.0,0.0,0.0,0.0,0.0,0.0,0.0,0.0,0.0,0.0
43,0.0,0.0,0.0,0.0,0.0,0.0,0.0,0.0,0.0,0.0,0.0,0.0,0.0,0.0,0.0,0.0,0.0,0.0,0.0,0.0,0.0,0.0,0.0,0.0,0.0,0.0,0.0,0.0,0.0,0.0,0.0,0.0,0.0,0.0,0.0,0.0,0.0,0.0,0.0,0.0,0.0,0.0,0.0,0.0,0.0,0.0,0.0,0.0,0.0,0.0,0.0,0.0,0.0,0.0,0.0,0.0,0.0,0.0,0.0,0.0,0.0,0.0,0.0,0.0,0.0,0.0,0.0,0.0,0.0,0.0,0.0,0.0,0.0,0.0,0.0,0.0,0.0,0.0,0.0,0.0,0.0,0.0,0.0,0.0,0.0,0.0,0.0,0.0,0.0,0.0,0.0,0.0,0.0,0.0,0.0,0.0,0.0,0.0,0.0,0.0,0.0,0.0,0.0,0.0,0.0,0.0,0.0,0.0,0.0,0.0,0.0,0.0,0.0,0.0,0.0,0.0,0.0,0.0,0.0,0.0,0.0,0.0,0.0,0.0,0.0,0.0,0.0,0.0
46,0.0,0.0,0.0,0.0,0.0,0.0,0.0,0.0,0.0,0.0,0.0,0.0,0.0,0.0,0.0,0.0,0.0,0.0,0.0,0.0,0.0,0.0,0.0,0.0,0.0,0.0,0.0,0.0,0.0,0.0,0.0,0.0,0.0224171690642833,0.0,0.0,0.0,0.0,0.0,0.0,0.0,0.0,0.0,0.0,0.0,0.0,0.0,0.0,0.0,0.0,0.0,0.0,0.3871503472328186,0.0,0.0,0.0,0.0,0.0,0.0,0.0,0.0,0.0,0.0,0.0,0.0,0.0,0.0,0.0,0.0,0.0,0.0,0.0,0.0,0.0,0.0,0.0,0.0,0.0,0.0,0.0,0.0,0.0,0.0,0.0,0.0,0.0,0.0,0.0,0.0,0.0,0.0,0.0,0.0,0.0,0.0,0.0,0.0,0.0,0.0,0.0,0.0,0.0,0.0,0.0,0.0,0.0,0.0,0.0,0.0,0.0,0.0304931998252868,0.0,0.0,0.0,0.0,0.0,0.0,0.0,0.0,0.0,0.0,0.0,0.0,0.0,0.0,0.0,0.0,0.0,0.0
48,0.0,0.0,0.0,0.0,0.0,0.0,0.0,0.0,0.0125011252239346,0.0,0.0,0.0,0.811595618724823,0.7801116108894348,0.0,0.7728800773620605,0.0,0.0,0.6307752728462219,0.0,0.0,0.0,0.2036478370428085,0.0,0.6898255348205566,0.7426703572273254,0.0,0.0,0.0,0.0,0.655788779258728,0.0,0.5866929888725281,0.0,0.0,0.0,0.0,0.7357838153839111,0.5952659249305725,0.0,0.7090651988983154,0.0,0.6789199113845825,0.0,0.0,0.0,0.0,0.7386953234672546,0.7768636345863342,0.6555259227752686,0.4288524389266968,0.0,0.6946858763694763,0.0,0.0,0.0,0.0,0.0,0.6716605424880981,0.0,0.0,0.6608855128288269,0.0,0.778397262096405,0.0,0.7721626162528992,0.7550226449966431,0.6248534917831421,0.0,0.0,0.0,0.5151066184043884,0.0,0.7251842617988586,0.0,0.0,0.6809972524642944,0.0,0.6858726143836975,0.0,0.4301579594612121,0.0,0.0,0.8055036067962646,0.0,0.0,0.0,0.0,0.6457753777503967,0.5866293907165527,0.6114169955253601,0.6552168726921082,0.4873951375484466,0.0,0.5868839025497437,0.0,0.6707447171211243,0.0,0.7814362049102783,0.2029068917036056,0.0,0.7246421575546265,0.7067396640777588,0.5719249248504639,0.049507301300764,0.0,0.747943103313446,0.0,0.6615897417068481,0.685178816318512,0.0,0.0,0.7214928865432739,0.0,0.6664149761199951,0.6521825790405273,0.0,0.5996823310852051,0.0,0.6072090864181519,0.6328283548355103,0.0,0.0,0.0,0.5965479612350464,0.7342903017997742,0.0,0.0
49,0.0,0.0,0.0,0.0,0.0,0.0,0.0,0.0,0.0,0.0,0.0,0.0,0.0,0.0,0.0,0.0,0.0,0.0,0.0,0.0,0.0,0.0,0.0,0.0,0.0,0.0,0.0,0.0,0.0,0.0,0.0,0.0,0.0,0.0,0.0,0.0,0.0,0.0,0.0,0.0,0.0,0.0,0.0,0.0,0.0,0.0,0.0,0.0,0.0,0.0,0.0,0.0,0.0,0.0,0.0,0.0,0.0,0.0,0.0,0.0,0.0,0.0,0.0,0.0,0.0,0.0,0.0,0.0,0.0,0.0,0.0,0.0,0.0,0.0,0.0,0.0,0.0,0.0,0.0,0.0,0.0,0.0,0.0,0.0,0.0,0.0,0.0,0.0,0.0,0.0,0.0,0.0,0.0,0.0,0.0,0.0,0.0,0.0,0.0,0.0,0.0,0.0,0.0,0.0,0.0,0.0,0.0,0.0,0.0,0.0,0.0,0.0,0.0,0.0,0.0,0.0,0.0,0.0,0.0,0.0,0.0,0.0,0.0,0.0,0.0,0.0,0.0,0.0
51,0.0,0.0,0.0,0.0,0.0,0.0,0.0,0.0,0.0,0.0,0.0,0.0,0.0,0.0,0.0,0.0,0.216850996017456,0.0,0.0,0.7359849810600281,0.0,0.0,0.0,0.0,0.0,0.0,0.0,0.0,0.0,0.0,0.0,0.0,0.0,0.0,0.0,0.4809399843215942,0.0,0.0,0.0,0.0,0.0,0.2379810065031051,0.0,0.0,0.0,0.0,0.0,0.0,0.0,0.0,0.0,0.0,0.0,0.0,0.0,0.4926120042800903,0.0,0.0,0.0,0.0,0.0,0.0,0.0,0.0,0.0,0.0,0.0,0.0426687486469745,0.0,0.0,0.0,0.0,0.0,0.574352502822876,0.0,0.0,0.0,0.0,0.0,0.1879819929599762,0.0,0.0,0.0,0.0,0.0,0.0,0.6177229881286621,0.0,0.0,0.0,0.0,0.2492409944534301,0.0,0.0,0.0,0.1825879961252212,0.0,0.0,0.0,0.0,0.0,0.0,0.0,0.0651680007576942,0.0,0.0,0.0,0.0,0.0,0.0,0.0,0.0,0.0,0.0,0.0,0.0,0.0,0.0,0.0,0.0,0.0,0.0,0.0,0.0,0.0,0.0,0.4440569877624511,0.2868199944496155
54,0.0,0.0,0.0,0.0,0.0,0.0,0.0,0.0,0.0,0.0,0.0,0.0,0.0,0.0,0.0,0.0,0.0559960007667541,0.0,0.0,0.0,0.0,0.0317558348178863,0.0,0.1656186580657959,0.0244379993528127,0.0,0.0,0.0,0.0,0.0754936710000038,0.0,0.0,0.0,0.0,0.0225645005702972,0.0221229996532201,0.0,0.0,0.0,0.0,0.0,0.0128460004925727,0.0,0.0350570008158683,0.0,0.0,0.0691270008683204,0.0392136685550212,0.3098546862602234,0.0,0.0,0.0,0.0,0.5087326765060425,0.0,0.0,0.2798643410205841,0.0380922481417655,0.0,0.4105848670005798,0.0,0.0,0.0,0.0,0.0,0.0,0.1498630046844482,0.217625007033348,0.0,0.0,0.0,0.0,0.0,0.0,0.0,0.0,0.056801002472639,0.0,0.0,0.1694133281707763,0.0,0.0,0.0,0.0,0.1258520036935806,0.0,0.2308346927165985,0.0,0.0,0.0,0.0,0.0,0.0374963358044624,0.0,0.0,0.0,0.5048505067825317,0.0,0.0,0.2132149934768676,0.0,0.0,0.0,0.0,0.0,0.0,0.0,0.032443668693304,0.0273706670850515,0.0,0.0435070022940635,0.0,0.3354873359203338,0.1088493391871452,0.0505693368613719,0.0,0.0,0.0,0.5039615631103516,0.0,0.1784663498401641,0.2447636723518371,0.0,0.0,0.0,0.0,0.0,0.0
58,0.0,0.0,0.0,0.0,0.0,0.0,0.0,0.0,0.0,0.0,0.0,0.0,0.0,0.0,0.0,0.0,0.0,0.0,0.0,0.0,0.0,0.0,0.0,0.0,0.0,0.0,0.0,0.0,0.0,0.0,0.0,0.0,0.0,0.0,0.0,0.0,0.0,0.0,0.0,0.0,0.0,0.0,0.0,0.0,0.0,0.0,0.0,0.0,0.0,0.0,0.0,0.0,0.0,0.0,0.0,0.0,0.0,0.0,0.0,0.0,0.0,0.0,0.0,0.0,0.0,0.0,0.0,0.0,0.0,0.0,0.0,0.0,0.0,0.0,0.0,0.0,0.0,0.0,0.0,0.0,0.0,0.0,0.0,0.0,0.0,0.0,0.0,0.0,0.0,0.0,0.0,0.0,0.0,0.0,0.0,0.0,0.0,0.0,0.0,0.0,0.0,0.0,0.0,0.0,0.0,0.0,0.0,0.0,0.0,0.0,0.0,0.0,0.0,0.0,0.0,0.0,0.0,0.0,0.0,0.0,0.0,0.0,0.0,0.0,0.0,0.0,0.0,0.0
89,0.0,0.0,0.0,0.0,0.0,0.0485717728734016,0.0,0.0,0.0,0.0,0.0,0.0,0.0,0.0,0.0,0.0116237150505185,0.0662195682525634,0.0298981256783008,0.0,0.0,0.0502620004117488,0.0,0.0,0.0,0.0,0.0883926227688789,0.0,0.0,0.017229750752449,0.1501692533493042,0.0,0.0,0.0,0.0777634158730506,0.3228866457939148,0.0,0.0,0.0,0.1834637820720672,0.1778138726949691,0.0,0.1830909997224807,0.0,0.1614366769790649,0.0107723753899335,0.1033248901367187,0.0,0.0,0.0,0.1864496171474456,0.0,0.0,0.0,0.0276347007602453,0.0,0.0,0.0,0.1330921202898025,0.1210905015468597,0.0,0.1597581207752227,0.0568812228739261,0.0,0.0,0.0246465560048818,0.0,0.2541606724262237,0.0,0.0,0.0,0.1852436810731887,0.0,0.0095818750560283,0.0,0.0,0.37882199883461,0.0,0.0,0.0,0.0085744448006153,0.0,0.5030908584594727,0.0,0.2825392484664917,0.0,0.1711345016956329,0.0,0.0375324450433254,0.0786120668053627,0.0,0.2816497683525085,0.0,0.0,0.0,0.0,0.0,0.1337572336196899,0.0,0.0,0.0792146250605583,0.0,0.0,0.0,0.0,0.0,0.0,0.0,0.0,0.0,0.1906149983406067,0.0,0.0,0.0,0.0,0.0694189965724945,0.0,0.0423196256160736,0.0594549998641014,0.0154044292867183,0.019463999196887,0.0,0.0,0.0,0.1723504960536956,0.0701421424746513,0.0,0.0,0.0097377495840191
95,0.0,0.0,0.0,0.0,0.0,0.0,0.0,0.0,0.0,0.0,0.0,0.0,0.0,0.0,0.0,0.0,0.0,0.0,0.0,0.0,0.0,0.0,0.0,0.0,0.0,0.0,0.0,0.0,0.0,0.0,0.0,0.0,0.0,0.0,0.0,0.0,0.0,0.0,0.0,0.0,0.0045729232951998,0.0,0.0,0.0,0.0,0.0,0.0,0.0,0.0,0.0,0.0,0.0,0.0,0.0,0.0,0.0,0.0,0.0,0.0,0.0,0.0,0.0,0.0,0.0,0.0,0.0,0.0,0.0,0.0,0.0,0.0195031426846981,0.0,0.0,0.0,0.0,0.0,0.0,0.0,0.0,0.0,0.0,0.0,0.0,0.0,0.0,0.0,0.0,0.0,0.0,0.0,0.0,0.0,0.0,0.0,0.0,0.0,0.0,0.0,0.0,0.0,0.0,0.0,0.0,0.0,0.0,0.0,0.0,0.0,0.0,0.0,0.0,0.0,0.0217297151684761,0.0,0.0,0.0614944547414779,0.0,0.0,0.0,0.0,0.0,0.0,0.0,0.0,0.0,0.0,0.0,0.0
99,0.0,0.0,0.0,0.0,0.0,0.0,0.0,0.0,0.0,0.0,0.0,0.0,0.0,0.0,0.0,0.0,0.0,0.0,0.0,0.0,0.0,0.0,0.0,0.0,0.0,0.0,0.0,0.0,0.0,0.0,0.0,0.0,0.0,0.0,0.0,0.0,0.0,0.0,0.0,0.0,0.0,0.0,0.0,0.0,0.0,0.0,0.0,0.0,0.0,0.0,0.0,0.0,0.0,0.0,0.0,0.0,0.0,0.0,0.0,0.0,0.0,0.0,0.0,0.0,0.0,0.0,0.0,0.0,0.0,0.0,0.0,0.0,0.0,0.0,0.0,0.0,0.0,0.0,0.0,0.0,0.0,0.0,0.0,0.0,0.0,0.0,0.0,0.0,0.0,0.0,0.0,0.0,0.0,0.0,0.0,0.0,0.0,0.0,0.0,0.0,0.0,0.0,0.0,0.0,0.0,0.0,0.0,0.0,0.0,0.0,0.0,0.0,0.0,0.0,0.0,0.0,0.0,0.0,0.0,0.0,0.0,0.0,0.0,0.0,0.0,0.0,0.0,0.0
104,0.0,0.0,0.0,0.0,0.0,0.0,0.0,0.0,0.0,0.0,0.0,0.0,0.0,0.0,0.0,0.0,0.0,0.0,0.0,0.0,0.0,0.0,0.0,0.0,0.0,0.0476586148142814,0.0616697184741497,0.0,0.0,0.0,0.0,0.0,0.0,0.0,0.0,0.0,0.0,0.010093143209815,0.0,0.0,0.0,0.0,0.0,0.0,0.0,0.0,0.0,0.0,0.0,0.0,0.0,0.0,0.0,0.0,0.0,0.0130821429193019,0.0,0.0,0.0,0.0,0.0,0.0,0.0,0.0,0.0,0.0,0.0,0.0,0.0,0.0,0.0053210002370178,0.0,0.0,0.0,0.0,0.0,0.0,0.0,0.0,0.0,0.0,0.0,0.0,0.0,0.0,0.0,0.0,0.0,0.0,0.0,0.0,0.0,0.0157037507742643,0.0,0.0,0.0,0.0,0.0,0.021354429423809,0.0,0.0,0.0,0.0,0.0,0.0,0.0,0.0,0.0,0.0,0.0,0.0,0.0,0.0,0.0,0.0,0.028116500005126,0.0,0.0,0.0,0.0,0.0,0.0,0.0,0.0,0.0,0.0,0.0,0.0
106,0.989972710609436,0.0,0.997234046459198,0.99802565574646,0.1970089972019195,0.9034140110015868,0.9891250133514404,0.800544023513794,0.0,0.3904950022697449,0.9172232151031494,0.9961199760437012,0.2013400048017501,0.1713690012693405,0.0,0.2112136781215667,0.0,0.9753313064575196,0.2910326719284057,0.7860506176948547,0.9915790557861328,0.8453470468521118,0.9943482279777528,0.9905662536621094,0.8574403524398804,0.518588662147522,0.6195365190505981,0.3026947379112243,0.2591912746429443,0.3147227466106415,0.9739434719085692,0.9995449781417848,0.8125892281532288,0.0,0.0,0.3737736642360687,0.4968609809875488,0.0816809982061386,0.0,0.0,0.991661787033081,0.9886492490768432,0.226241335272789,0.9229427576065063,0.993870735168457,0.98628568649292,0.891137957572937,0.8928730487823486,0.991566002368927,0.0,0.9951810240745544,0.9975249767303468,0.8955540060997009,0.9842480421066284,0.117040991783142,0.9990949630737304,0.0,0.7387017607688904,0.7422893047332764,0.9878569841384888,0.0519057512283325,0.9672884941101074,0.7539994716644287,0.0,0.0,0.0,0.4582176804542541,0.8970580101013184,0.0,0.9825819730758668,0.9650090336799622,0.9020523428916932,0.9767720103263856,0.7168340086936951,0.9975470304489136,0.0,0.8956015110015869,0.9866864681243896,0.997708022594452,0.9798234701156616,0.6098020076751709,0.9863917231559752,0.9766979813575744,0.997642993927002,0.897548258304596,0.0,0.9981850385665894,0.7627140283584595,0.690468966960907,0.9840289950370787,0.0,0.703484296798706,0.7269660234451294,0.9927760362625122,0.6962239742279053,0.9595802426338196,0.919539988040924,0.9846182465553284,0.3089720010757446,0.9910805225372314,0.0,0.9634004831314088,0.9851704835891724,0.9944857358932496,0.9587464928627014,0.97966468334198,0.9985340237617492,0.0,0.9968770146369934,0.9344584941864014,0.2077572494745254,0.69343101978302,0.985374629497528,0.9910017251968384,0.0,0.6440486907958984,0.7452742457389832,0.9819887280464172,0.9855140447616576,0.9599950313568116,0.993132710456848,0.6914822459220886,0.0623275004327297,0.7540817260742188,0.0353529974818229,0.9563040137290956,0.1733162403106689,0.3663874864578247
115,0.0,0.0,0.0,0.0,0.0,0.0,0.0,0.0,0.0,0.0,0.0,0.0,0.0,0.0,0.0,0.0,0.0,0.0,0.0,0.0,0.0,0.0,0.0,0.0,0.0,0.0,0.0,0.0,0.0,0.0,0.0,0.0,0.0,0.0,0.0,0.0,0.0,0.0,0.0,0.0,0.0,0.0,0.0,0.0,0.0,0.0,0.0,0.0,0.0,0.0,0.0,0.0,0.0,0.0,0.0,0.0,0.0,0.0,0.0,0.0,0.0,0.0,0.0,0.0,0.0,0.0,0.0,0.0,0.0,0.0,0.0,0.0,0.0,0.0,0.0,0.0,0.0,0.0,0.0,0.0,0.0,0.0,0.0,0.0,0.0,0.0,0.0,0.0,0.0,0.0,0.0,0.0,0.0,0.0,0.0,0.0,0.0,0.0,0.0,0.0,0.0,0.0,0.0,0.0,0.0,0.0,0.0,0.0,0.0,0.0,0.0,0.0,0.0,0.0,0.0,0.0,0.0,0.0,0.0,0.0,0.0,0.0,0.0,0.0,0.0,0.0,0.0,0.0
118,0.0,0.0,0.0,0.0,0.0,0.0,0.0,0.0,0.0,0.0,0.0,0.0,0.0,0.0,0.0,0.0,0.0,0.0,0.0,0.0,0.0,0.0,0.0,0.0,0.0,0.0,0.0,0.0,0.0,0.0,0.0,0.0,0.0,0.0,0.0,0.0,0.0,0.0,0.0,0.0,0.0,0.0,0.0,0.0,0.0,0.0,0.0,0.0,0.0,0.0,0.0,0.0,0.0,0.0,0.0,0.0,0.0,0.0,0.0,0.0,0.0,0.0,0.0,0.0,0.0,0.0,0.0,0.0,0.0,0.0,0.0,0.0,0.0,0.0,0.0,0.0,0.0,0.0,0.0,0.0,0.0,0.0,0.0,0.0,0.0,0.0,0.0,0.0,0.0,0.0,0.0,0.0,0.0,0.0,0.0,0.0,0.0,0.0,0.0,0.0,0.0,0.0,0.0,0.0,0.0,0.0,0.0,0.0,0.0,0.0,0.0,0.0,0.0,0.0,0.0,0.0,0.0,0.0,0.0,0.0,0.0,0.0,0.0,0.0,0.0,0.0,0.0,0.0
123,0.0,0.0,0.0,0.0,0.0,0.0,0.0,0.0,0.0,0.0,0.0,0.0,0.0,0.0,0.0,0.0,0.0,0.0,0.0,0.0,0.0,0.0,0.0,0.0,0.0,0.0,0.0,0.0,0.0,0.0,0.0,0.0,0.0,0.0,0.0,0.0,0.0,0.0,0.0,0.0,0.0,0.0,0.0,0.0,0.0,0.0,0.0,0.0,0.0,0.0,0.0,0.0,0.0,0.0,0.0,0.0,0.0,0.0,0.0,0.0,0.0,0.0,0.0,0.0,0.0,0.0,0.0,0.0,0.0,0.0,0.0,0.0,0.0,0.0,0.0,0.0,0.0,0.0,0.0,0.0,0.0,0.0,0.0,0.0,0.0,0.0,0.0,0.0,0.0,0.0,0.0,0.0,0.0,0.0,0.0,0.0,0.0,0.0,0.0,0.0,0.0,0.0,0.0,0.0,0.0,0.0,0.0,0.0,0.0,0.0,0.0,0.0,0.0,0.0,0.0,0.0,0.0,0.0,0.0,0.0,0.0,0.0,0.0,0.0,0.0,0.0,0.0,0.0
126,0.0,0.0,0.0,0.0,0.0,0.0,0.0,0.0,0.0,0.0,0.0,0.0,0.0,0.0,0.0,0.0,0.0,0.0,0.0,0.0,0.0,0.0,0.0,0.0,0.0,0.0,0.0,0.0,0.0,0.0,0.0,0.0,0.0,0.0,0.0,0.0,0.0,0.0,0.0,0.0,0.0,0.0,0.0,0.0,0.0,0.0,0.0,0.0,0.0,0.0,0.0,0.0,0.0,0.0,0.0,0.0,0.0,0.0,0.0,0.0,0.0,0.0,0.0,0.0,0.0,0.0,0.0,0.0,0.0,0.0,0.0,0.0,0.0,0.0,0.0,0.0,0.0,0.0,0.0,0.0,0.0,0.0,0.0,0.0,0.0,0.0,0.0,0.0,0.0,0.0,0.0,0.0,0.0,0.0,0.0,0.0,0.0,0.0,0.0,0.0,0.0,0.0,0.0,0.0,0.0,0.0,0.0,0.0,0.0,0.0,0.0,0.0,0.0,0.0,0.0,0.0,0.0,0.0,0.0,0.0,0.0,0.0,0.0,0.0,0.0,0.0,0.0,0.0
132,0.0,0.0,0.0,0.0,0.0,0.0,0.0,0.0,0.0,0.0,0.0,0.0,0.0,0.0,0.0,0.0,0.986500918865204,0.9998465180397034,0.9271245002746582,0.918459951877594,0.9055759310722352,0.9985430240631104,0.9988390207290648,0.9896612167358398,0.9939562082290648,0.9297116994857788,0.8813106417655945,0.9493237733840942,0.997783362865448,0.9966659545898438,0.9340087175369264,0.999281644821167,0.949807345867157,1.0,0.9979602098464966,0.7872023582458496,0.9739940166473388,0.9141273498535156,0.8918055295944214,0.999724507331848,1.0,0.9977093935012816,0.9825587868690492,0.9963045120239258,0.932758331298828,0.8809299468994141,0.9456474781036376,0.9956740140914916,0.9268029928207396,0.9998469948768616,0.999455988407135,0.9987927675247192,0.9619580507278442,0.999162256717682,0.9999866485595704,0.874930739402771,0.9679476618766784,0.9989243745803832,0.9958620071411132,0.9056614637374878,0.9984403848648072,0.9930820465087892,0.9845730066299438,0.8816737532615662,0.999840497970581,0.9321176409721376,0.9022644758224488,0.9999514818191528,0.9566322565078736,0.9474340081214904,0.994703769683838,0.9577783346176147,0.9855034947395324,0.9961752891540528,0.869441032409668,0.952899694442749,0.9808640480041504,0.9318010210990906,0.0,0.9996713399887084,0.9961979985237122,0.9771100282669068,0.996734619140625,0.998993992805481,0.9996077418327332,0.9590440392494202,0.9368520379066468,0.9447925090789796,0.9182607531547546,0.923514723777771,0.9443309903144836,0.9982210397720336,0.9328933954238892,0.9862329959869384,0.9487844705581664,0.9983826875686646,0.994603991508484,0.9969753623008728,0.9999247789382936,0.9899649620056152,0.9980899691581726,0.9948863387107848,0.9950040578842164,0.9989399909973145,0.9174596667289734,0.8894914984703064,0.9608603715896606,0.9623154997825624,0.9770533442497252,1.0,0.9852744340896606,0.926632046699524,0.9945633411407472,0.999534010887146,0.997126281261444,0.9682509899139404,0.9636547565460204,0.9950370192527772,0.9978760480880736,0.9097819924354552,0.9141969680786132,1.0,0.9012755155563354,0.950358748435974,0.9914080500602722,0.9318810105323792,0.9964186549186708,0.997456431388855
170,0.0,0.0,0.0,0.0,0.0,0.0,0.0,0.0,0.0,0.0,0.0,0.0,0.0,0.0,0.0,0.0,0.0,0.0,0.0,0.0,0.0,0.0,0.0,0.0,0.0,0.0,0.0,0.0,0.0,0.0,0.0,0.0,0.0,0.0,0.0,0.0,0.0,0.0,0.0,0.0,0.0,0.0,0.0,0.0,0.0,0.0,0.0,0.0,0.0,0.0,0.0,0.0,0.0,0.0,0.0,0.0,0.0,0.0,0.0,0.0,0.0,0.0,0.0,0.0,0.0,0.0,0.0,0.0,0.0,0.0,0.0,0.0,0.0,0.0,0.0,0.0,0.0,0.0,0.0,0.0,0.0,0.0,0.0,0.0,0.0,0.0,0.0,0.0,0.0,0.0,0.0,0.0,0.0,0.0,0.0,0.0,0.0,0.0,0.0,0.0,0.0,0.0,0.0,0.0,0.0,0.0,0.0,0.0,0.0,0.0,0.0,0.0,0.0,0.0,0.0,0.0,0.0,0.0,0.0,0.0,0.0,0.0,0.0,0.0,0.0,0.0,0.0,0.0
173,0.0,0.0,0.0,0.0,0.0,0.0,0.0,0.0,0.0,0.0,0.0,0.0,0.0,0.0,0.0,0.0,0.0,0.0,0.0,0.0,0.0,0.0,0.0,0.0,0.0,0.0,0.0,0.0,0.0,0.0,0.0,0.0,0.0,0.0,0.0,0.0,0.0,0.0,0.0,0.0,0.0,0.0,0.0,0.0,0.0,0.0,0.0,0.0,0.0,0.0,0.0,0.0,0.0,0.0,0.0,0.0,0.0,0.0,0.0,0.0,0.0,0.0,0.0,0.0,0.0,0.0,0.0,0.0,0.0,0.0,0.0,0.0,0.0,0.0,0.0,0.0,0.0,0.0,0.0,0.0,0.0,0.0,0.0,0.0,0.0,0.0,0.0,0.0,0.0,0.0,0.0,0.0,0.0,0.0,0.0,0.0,0.0,0.0,0.0,0.0,0.0,0.0,0.0,0.0,0.0,0.0,0.0,0.0,0.0,0.0,0.0,0.0,0.0,0.0,0.0,0.0,0.0,0.0,0.0,0.0,0.0,0.0,0.0,0.0,0.0,0.0,0.0,0.0
186,0.1745247542858123,0.0158987492322921,0.0822219997644424,0.0,0.1467235088348388,0.0776669979095459,0.1863622367382049,0.1106637492775917,0.0483033321797847,0.0383822470903396,0.0813887491822242,0.0673302486538887,0.2483310103416443,0.0465652495622634,0.0676292479038238,0.0454535000026226,0.1815767437219619,0.3918014764785766,0.3525392413139343,0.0170109998434782,0.2978837490081787,0.195946991443634,0.3983180224895477,0.1741380095481872,0.3241922259330749,0.0504072494804859,0.4070709645748138,0.5176032185554504,0.3472792506217956,0.3630637526512146,0.2612887620925903,0.1529107540845871,0.3303972482681274,0.4002017378807068,0.5184837579727173,0.2989799976348877,0.4196842610836029,0.3794964253902435,0.2206725031137466,0.308917373418808,0.3670665025711059,0.0372292511165142,0.8196892142295837,0.2186007499694824,0.3390727639198303,0.0,0.0,0.1717009991407394,0.2814212441444397,0.0547562502324581,0.0627140030264854,0.1270990073680877,0.8020653128623962,0.0293869990855455,0.2293899953365326,0.4877157211303711,0.2029094994068145,0.3396369814872741,0.5211947560310364,0.189681738615036,0.5195972323417664,0.4083639681339264,0.3298107385635376,0.2175937592983245,0.1498064994812011,0.1500449925661087,0.4098312556743622,0.2616436183452606,0.1359575986862182,0.0479465015232563,0.694113552570343,0.0689742490649223,0.1366882622241974,0.4850904941558838,0.2679415047168731,0.0141082499176263,0.0189360007643699,0.5941962003707886,0.1728282570838928,0.060880497097969,0.290439248085022,0.2646792531013489,0.7360150218009949,0.3653500080108642,0.249244213104248,0.3941657543182373,0.1470935046672821,0.0872492492198944,0.1767809987068176,0.2071579992771148,0.481610506772995,0.5468705296516418,0.1685342490673065,0.2615457773208618,0.0,0.0905556008219719,0.3387410044670105,0.0,0.2319639921188354,0.3547447621822357,0.1742470115423202,0.1540862470865249,0.4202120304107666,0.327347993850708,0.2184677422046661,0.164919763803482,0.0240587498992681,0.3160562515258789,0.5347997546195984,0.2098945081233978,0.3853986859321594,0.119497999548912,0.314261257648468,0.5227959752082825,0.3209819793701172,0.3077365159988403,0.5163285136222839,0.2037785053253173,0.3081987500190735,0.499974250793457,0.3311672508716583,0.4444524943828583,0.3420019745826721,0.1518889963626861,0.1058667451143264,0.5734802484512329,0.362801730632782,0.2726615071296692
191,0.1839206665754318,0.1251859962940216,0.0777000039815902,0.0325529985129833,0.0655615031719207,0.2339282482862472,0.1568154990673065,0.0528725013136863,0.0278772506862878,0.0,0.0976653322577476,0.086574338376522,0.195784255862236,0.0468950010836124,0.2397415041923523,0.0,0.1392087489366531,0.1598899960517883,0.1243342608213424,0.0712509974837303,0.0,0.0994432494044303,0.3918757438659668,0.2530043423175812,0.0,0.1733710020780563,0.1343276798725128,0.0801659971475601,0.2201679944992065,0.0600077509880065,0.1150032430887222,0.0,0.2485256642103195,0.1110579967498779,0.0,0.2991254925727844,0.3028574883937835,0.0996410027146339,0.0613970011472702,0.1052777469158172,0.1494500041007995,0.1524479985237121,0.1734983325004577,0.244548499584198,0.2444275021553039,0.1481622457504272,0.0749483332037925,0.0285567492246627,0.137872502207756,0.1497330069541931,0.056242749094963,0.4450777769088745,0.1667412519454956,0.2091972529888153,0.0409572497010231,0.1227027475833892,0.1366752386093139,0.0,0.0325790010392665,0.1299096643924713,0.0204157494008541,0.3391676843166351,0.0561149977147579,0.1368725001811981,0.1849524974822998,0.0494677498936653,0.1076230034232139,0.2953539788722992,0.3922872543334961,0.0,0.3365730047225952,0.04605533182621,0.070882000029087,0.2105677425861358,0.168668508529663,0.0,0.2816700041294098,0.0323147512972354,0.1244275048375129,0.3456877470016479,0.2194229960441589,0.1647062599658966,0.0220387503504753,0.0,0.0850379988551139,0.631521463394165,0.3882143497467041,0.0,0.2803684771060943,0.0567754991352558,0.0491710007190704,0.114328496158123,0.1767864972352981,0.1543346643447876,0.1843484938144683,0.1777476668357849,0.2143764942884445,0.0,0.0735760033130645,0.1767792552709579,0.0447746664285659,0.0826670005917549,0.1669462472200393,0.0883933305740356,0.0,0.0,0.0,0.3848083615303039,0.062900997698307,0.0,0.3376437425613403,0.1476580053567886,0.0901136621832847,0.1593317538499832,0.0263090021908283,0.0499827489256858,0.1679607480764389,0.0223114993423223,0.3235517740249634,0.2097769975662231,0.2468707412481308,0.2438434958457946,0.1227776706218719,0.4304414987564087,0.0,0.1924857497215271,0.0761937499046325,0.116793006658554
202,0.0,0.0,0.0,0.0,0.0,0.0,0.0,0.0,0.0,0.0,0.0,0.0,0.0,0.0,0.0,0.0,0.0,0.0,0.0,0.0,0.0,0.0,0.0,0.0,0.0,0.0,0.0,0.0,0.0,0.0,0.0,0.0,0.0,0.0,0.0,0.0,0.0,0.0,0.0,0.0,0.0,0.0,0.0,0.0,0.0,0.0,0.0,0.0,0.0,0.0,0.0,0.0,0.0,0.0,0.0,0.0,0.0,0.0,0.0,0.0,0.0,0.0,0.0,0.0,0.0,0.0,0.0,0.0,0.0,0.0,0.0,0.0,0.0,0.0,0.0,0.0,0.0,0.0,0.0,0.0,0.0,0.0,0.0,0.0,0.0,0.0,0.0,0.0,0.0,0.0,0.0,0.0,0.0,0.0,0.0,0.0,0.0,0.0,0.0,0.0,0.0,0.0,0.0,0.0,0.0,0.0,0.0,0.0,0.0,0.0,0.0,0.0,0.0,0.0,0.0,0.0,0.0,0.0,0.0,0.0,0.0,0.0,0.0,0.0,0.0,0.0,0.0,0.0
211,0.0,0.0,0.0,0.0,0.0,0.0,0.0,0.0,0.0,0.0,0.0,0.0,0.0,0.0,0.0,0.0,0.0,0.0,0.0,0.0,0.0,0.0,0.0,0.0,0.0,0.0,0.0,0.0,0.0,0.0,0.0,0.0,0.0,0.0,0.0,0.0,0.0,0.0,0.0,0.0,0.0,0.0,0.0,0.0,0.0,0.0,0.0,0.0,0.0,0.0,0.0,0.0,0.0,0.0,0.0,0.0,0.0,0.0,0.0,0.0,0.0,0.0,0.0,0.0,0.0,0.0,0.0,0.0,0.0,0.0,0.0,0.0,0.0,0.0,0.0,0.0,0.0,0.0,0.0,0.0,0.0,0.0,0.0,0.0,0.0,0.0,0.0,0.0,0.0,0.0,0.0,0.0,0.0,0.0,0.0,0.0,0.0,0.0,0.0,0.0,0.0,0.0,0.0,0.0,0.0,0.0,0.0,0.0,0.0,0.0,0.0,0.0,0.0,0.0,0.0,0.0,0.0,0.0,0.0,0.0,0.0,0.0,0.0,0.0,0.0,0.0,0.0,0.0
213,0.3220459222793579,0.2328341007232666,0.0,0.0,0.0,0.0,0.0,0.2771885991096496,0.0,0.0,0.0,0.0,0.0,0.0703942775726318,0.2314885556697845,0.2316737622022628,0.1829334050416946,0.0,0.0,0.0443710573017597,0.0,0.0,0.1433045566082,0.1009350344538688,0.2554348111152649,0.0254969447851181,0.0,0.1907985806465149,0.0,0.0,0.2583798766136169,0.1883464455604553,0.0,0.0,0.2255958467721939,0.0,0.1808049827814102,0.1910794526338577,0.2358815968036651,0.0,0.0,0.2036785930395126,0.0,0.1851964294910431,0.0,0.2052326649427414,0.0,0.0,0.0,0.2558919787406921,0.0824111625552177,0.0,0.1616802662611007,0.0,0.1069219261407852,0.0,0.0,0.0,0.0,0.0,0.0,0.1134326085448265,0.125806450843811,0.0,0.0,0.0,0.0,0.0,0.0,0.0,0.1464509963989257,0.0781582295894622,0.2485947012901306,0.0,0.0,0.0,0.1160193085670471,0.0,0.1659640967845916,0.0,0.0758434385061264,0.2760838270187378,0.0,0.0,0.0,0.084998682141304,0.0,0.0087286354973912,0.0,0.0,0.0509469471871852,0.0,0.0,0.0,0.0604327954351902,0.0,0.0732619017362594,0.067420981824398,0.0536803044378757,0.0,0.0,0.0,0.2781349718570709,0.2760224342346191,0.277166336774826,0.2726626992225647,0.0,0.0,0.0,0.0,0.0,0.1420001536607742,0.0,0.0,0.0,0.2563530802726745,0.0,0.3440046012401581,0.1677633225917816,0.0,0.2011869400739669,0.074692003428936,0.0,0.0,0.0,0.0,0.0,0.0
224,0.0,0.0,0.0,0.0,0.0,0.0,0.0,0.0,0.0,0.0,0.0,0.0,0.0,0.0,0.0,0.0,0.0,0.0,0.0,0.0,0.0,0.0,0.0,0.0,0.0,0.0,0.0,0.0,0.0,0.0,0.0,0.0,0.0,0.0,0.0,0.0,0.0,0.0,0.0,0.0,0.0,0.0,0.0,0.0,0.0,0.0,0.0,0.0,0.0,0.0,0.0,0.0,0.0,0.0,0.0,0.0,0.0,0.0,0.0,0.0,0.0,0.0,0.0,0.0,0.0,0.0,0.0,0.0,0.0,0.0,0.0,0.0,0.0,0.0,0.0,0.0,0.0,0.0,0.0,0.0,0.0,0.0,0.0,0.0,0.0,0.0,0.0,0.0,0.0,0.0,0.0,0.0,0.0,0.0,0.0,0.0,0.0,0.0,0.0,0.0,0.0,0.0,0.0,0.0,0.0,0.0,0.0,0.0,0.0,0.0,0.0,0.0,0.0,0.0,0.0,0.0,0.0,0.0,0.0,0.0,0.0,0.0,0.0,0.0,0.0,0.0,0.0,0.0
248,0.0,0.0,0.0,0.0,0.0,0.0,0.0,0.0,0.0,0.0,0.0,0.0,0.0,0.0,0.0,0.0,0.0,0.0,0.0,0.0,0.0,0.0,0.0,0.0,0.0,0.0,0.0,0.0,0.0,0.0,0.0,0.0,0.0,0.0,0.0,0.0,0.0,0.0,0.0,0.0,0.0,0.0,0.0,0.0,0.0,0.0,0.0,0.0,0.0,0.0,0.0,0.0,0.0,0.0,0.0,0.0,0.0,0.0,0.0,0.0,0.0,0.0,0.0,0.0,0.0,0.0,0.0,0.0,0.0,0.0,0.0,0.0,0.0,0.0,0.0,0.0,0.0,0.0,0.0,0.0,0.0,0.0,0.0,0.0,0.0,0.0,0.0,0.0,0.0,0.0,0.0,0.0,0.0,0.0,0.0,0.0,0.0,0.0,0.0,0.0,0.0,0.0,0.0,0.0,0.0,0.0,0.0,0.0,0.0,0.0,0.0,0.0,0.0,0.0,0.0,0.0,0.0,0.0,0.0,0.0,0.0,0.0,0.0,0.0,0.0,0.0,0.0,0.0
250,0.0,0.9843400120735168,0.0,0.230791300535202,0.5448611974716187,0.0915212929248809,0.1507850140333175,0.0,0.0,0.0545614287257194,0.0,0.0,0.0,0.0,0.1988185793161392,0.0,0.0,0.013794332742691,0.0,0.0252888333052396,0.0,0.0,0.0,0.0,0.888556957244873,0.7533237338066101,0.0367270000278949,0.0,0.044586144387722,0.0,0.1500272750854492,0.0,0.0,0.0,0.0,0.0,0.0,0.0,0.0,0.0276104304939508,0.0298066660761833,0.0,0.1262298673391342,0.291088193655014,0.207358568906784,0.0,0.0,0.0552890002727508,0.0,0.0,0.987863302230835,0.3450953066349029,0.0811254978179931,0.0,0.7517654299736023,0.0,0.2398193031549453,0.0,0.1052397191524505,0.1186248660087585,0.0,0.0,0.0850171670317649,0.0,0.3375965654850006,0.5045074224472046,0.8094143271446228,0.9658657312393188,0.0,0.0677240043878555,0.0,0.1194072961807251,0.0342810004949569,0.0,0.1976781785488128,0.0352760031819343,0.0,0.0478885732591152,0.0,0.0,0.1179187148809433,0.9843140244483948,0.0793460011482238,0.7381630539894104,0.2329417467117309,0.0,0.3536309003829956,0.0,0.0,0.0132740009576082,0.0,0.1276291459798813,0.0082240002229809,0.5033252835273743,0.0,0.0,0.0,0.0,0.0,0.4319798946380615,0.9971063137054444,0.0,0.0,0.0,0.0,0.0,0.0,0.0,0.0,0.9935858845710754,0.0,0.0,0.0,0.0,0.0,0.0,0.0,0.9929081797599792,0.1960235685110092,0.0,0.0,0.0,0.2212143093347549,0.0,0.4197045862674713,0.0,0.0,0.0
253,0.0,0.0,0.0,0.0,0.0,0.0,0.0,0.0,0.0,0.0,0.0,0.0,0.0,0.0,0.0,0.0,0.0,0.0,0.0,0.0,0.0,0.0,0.0,0.0,0.0,0.0,0.0,0.0,0.0,0.0,0.0,0.0,0.0,0.0,0.0,0.0,0.0,0.0,0.0,0.0,0.0,0.0,0.0,0.0,0.0,0.0,0.0,0.0,0.0,0.0,0.0,0.0,0.0,0.0,0.0,0.0,0.0,0.0,0.0,0.0,0.0,0.0,0.0,0.0,0.0,0.0,0.0,0.0,0.0,0.0,0.0,0.0,0.0,0.0,0.0,0.0,0.0,0.0,0.0,0.0,0.0,0.0,0.0,0.0,0.0,0.0,0.0,0.0,0.0,0.0,0.0,0.0,0.0,0.0,0.0,0.0,0.0,0.0,0.0,0.0,0.0,0.0,0.0,0.0,0.0,0.0,0.0,0.0,0.0,0.0,0.0,0.0,0.0,0.0,0.0,0.0,0.0,0.0,0.0,0.0,0.0,0.0,0.0,0.0,0.0,0.0,0.0,0.0
254,0.0,0.0,0.0,0.0,0.0,0.0,0.0,0.0,0.0,0.0,0.0,0.0,0.0,0.0,0.0,0.0,0.0,0.0,0.0,0.0,0.0,0.0,0.0,0.0,0.0,0.0,0.0,0.0,0.0,0.0,0.0,0.0,0.0,0.0,0.0,0.0,0.0,0.0,0.0,0.0,0.0,0.0,0.0,0.0,0.0,0.0,0.0,0.0,0.0,0.0,0.0,0.0,0.0,0.0,0.0,0.0,0.0,0.0,0.0,0.0,0.0,0.0,0.0,0.0,0.0,0.0,0.0,0.0,0.0,0.0,0.0,0.0,0.0,0.0,0.0,0.0,0.0,0.0,0.0,0.0,0.0,0.0,0.0,0.0,0.0,0.0,0.0,0.0,0.0,0.0,0.0,0.0,0.0,0.0,0.0,0.0,0.0,0.0,0.0,0.0,0.0,0.0,0.0,0.0,0.0,0.0,0.0,0.0,0.0,0.0,0.0,0.0,0.0,0.0,0.0,0.0,0.0,0.0,0.0,0.0,0.0,0.0,0.0,0.0,0.0,0.0,0.0,0.0
256,0.0,0.0,0.0,0.0,0.0,0.0,0.0,0.0,0.0,0.0,0.0,0.0,0.0,0.0,0.0,0.0,0.0,0.0,0.0,0.0,0.0,0.0,0.0,0.0,0.0,0.0,0.0,0.0,0.0,0.0,0.0,0.0,0.0,0.0,0.0,0.0,0.0,0.0,0.0,0.0,0.0,0.0,0.0,0.0,0.0,0.0,0.0,0.0,0.0,0.0,0.0,0.0,0.0,0.0,0.0,0.0,0.0,0.0,0.0,0.0,0.0,0.0,0.0,0.0,0.0,0.0,0.0,0.0,0.0,0.0,0.0,0.0,0.0,0.0,0.0,0.0,0.0,0.0,0.0,0.0,0.0,0.0,0.0,0.0,0.0,0.0,0.0,0.0,0.0,0.0,0.0,0.0,0.0,0.0,0.0,0.0,0.0,0.0,0.0,0.0,0.0,0.0,0.0,0.0,0.0,0.0,0.0,0.0,0.0,0.0,0.0,0.0,0.0,0.0,0.0,0.0,0.0,0.0,0.0,0.0,0.0,0.0,0.0,0.0,0.0,0.0,0.0,0.0
258,0.0055049546062946,0.0416514314711093,0.0,0.4676879942417145,0.0,0.0,0.1339717358350753,0.0,0.0,0.0,0.1748258769512176,0.0,0.0,0.0,0.098101332783699,0.0,0.117006629705429,0.0,0.0457575172185897,0.1626491546630859,0.0375720746815204,0.1247759982943534,0.1784693598747253,0.1805007606744766,0.0,0.1336086243391037,0.0,0.0,0.0561192482709884,0.0456392727792263,0.0,0.0,0.04024588316679,0.0,0.0,0.1660899817943573,0.0,0.0,0.0,0.1470654010772705,0.0,0.0,0.0,0.0,0.0,0.0,0.1240783482789993,0.0,0.0439300872385501,0.0,0.0,0.0,0.0,0.0,0.1578342169523239,0.2151190936565399,0.0633801445364952,0.0,0.0,0.0,0.0,0.0,0.0,0.0,0.0,0.0564421452581882,0.2645607590675354,0.0794853419065475,0.0888503864407539,0.0594022385776042,0.0,0.0,0.0,0.0,0.0,0.0,0.0,0.0,0.2255559563636779,0.2036424577236175,0.0,0.0,0.0934309959411621,0.0,0.0,0.0,0.0688270553946495,0.0827601477503776,0.0,0.0,0.0326831862330436,0.0,0.0,0.0,0.0,0.0,0.2073884457349777,0.1058277562260627,0.0,0.0,0.0,0.0691437721252441,0.0480836406350135,0.024754274636507,0.0,0.0,0.1184017658233642,0.0,0.0,0.0,0.050140518695116,0.0,0.109175719320774,0.0,0.0,0.0,0.1431252658367157,0.2247827798128128,0.5576264262199402,0.0,0.0327104479074478,0.0,0.0,0.0620575323700904,0.0122132338583469,0.0,0.0,0.0
262,0.0232600010931491,0.5118137001991272,0.0,0.0,0.0,0.0,0.0,0.0,0.0,0.0,0.0,0.0,0.0,0.0,0.0,0.0,0.13945834338665,0.2938506603240967,0.0,0.0,0.0,0.0,0.0233203321695327,0.0,0.0,0.1416584104299545,0.0,0.0,0.0,0.0,0.1580809950828552,0.0,0.0,0.0752680003643035,0.1984363496303558,0.0,0.0,0.0,0.0,0.0,0.01664499938488,0.4601736068725586,0.2245469987392425,0.5905641317367554,0.0,0.0,0.0,0.0,0.0,0.0,0.5769978761672974,0.0,0.0,0.0,0.0,0.0,0.0,0.0,0.0,0.0355449989438056,0.2206370085477829,0.0,0.0,0.0,0.2890922725200653,0.0,0.0,0.0,0.2601034343242645,0.0,0.0,0.0390410013496875,0.0,0.0,0.0,0.0,0.0,0.1543594002723693,0.3708816766738891,0.0,0.0,0.0,0.131643608212471,0.0842259973287582,0.0,0.0,0.0,0.0196223333477973,0.0,0.0,0.0,0.0,0.024652000516653,0.0476886704564094,0.0,0.0240083336830139,0.3792773783206939,0.3420782089233398,0.0,0.0,0.0,0.0,0.1875443905591964,0.3680106997489929,0.0,0.0,0.0,0.0,0.0678543373942375,0.0,0.0,0.0,0.0,0.0,0.0,0.0,0.0,0.316594660282135,0.0,0.4490181505680084,0.0,0.0,0.0,0.0,0.0,0.0,0.0,0.0
266,0.151690274477005,0.0,0.0,0.0180235505104064,0.0,0.0,0.0,0.219355896115303,0.0,0.0,0.0,0.0,0.0,0.0,0.0,0.0,0.0,0.0,0.0,0.0,0.0,0.0,0.0,0.0245036389678716,0.0,0.0,0.1154505982995033,0.0,0.0,0.0684578046202659,0.0,0.0,0.1875374019145965,0.0353641882538795,0.0,0.0,0.0,0.0,0.0,0.0,0.0,0.0,0.0,0.0322580635547637,0.0,0.0,0.0,0.223626509308815,0.0,0.0,0.2509286105632782,0.1082411035895347,0.0,0.0,0.0,0.0,0.0,0.0,0.0771417692303657,0.0,0.0,0.0,0.0674517154693603,0.0,0.1693417131900787,0.1052093133330345,0.2871876358985901,0.1959158480167389,0.0,0.1679405868053436,0.0,0.0,0.0,0.0,0.0,0.1019416376948356,0.1488343179225921,0.0,0.1150217726826667,0.0,0.0240136682987213,0.0,0.0,0.0506602115929126,0.2024525254964828,0.1544956862926483,0.0,0.0,0.0,0.0,0.0,0.0,0.0,0.0,0.0,0.0,0.4145372211933136,0.0,0.0,0.0,0.1748402267694473,0.0903652161359787,0.0,0.0,0.0,0.0,0.1689340025186538,0.0932910963892936,0.0,0.0,0.2353412061929702,0.0,0.0,0.0959004759788513,0.0,0.0,0.0301413089036941,0.1596890538930893,0.2926230132579803,0.0,0.0590402632951736,0.0,0.0,0.0,0.0,0.0142317339777946,0.0,0.0
271,0.0,0.0,0.0,0.0,0.0,0.0,0.0,0.0,0.0,0.0,0.0,0.0,0.0,0.0,0.0,0.0,0.0,0.0,0.0,0.0,0.0,0.0,0.0,0.0,0.0,0.0,0.0,0.0,0.0,0.0,0.0,0.0,0.0,0.0,0.0,0.0,0.0,0.0,0.0,0.0,0.0,0.0,0.0,0.0,0.0,0.0,0.0,0.0,0.0,0.0,0.0,0.0,0.0,0.0,0.0,0.0,0.0,0.0,0.0,0.0,0.0,0.0,0.0,0.0,0.0,0.0,0.0,0.0,0.0,0.0,0.0,0.0,0.0,0.0,0.0,0.0,0.0,0.0,0.0,0.0,0.0,0.0,0.0,0.0,0.0,0.0,0.0,0.0,0.0,0.0,0.0,0.0,0.0,0.0,0.0,0.0,0.0,0.0,0.0,0.0,0.0,0.0,0.0,0.0,0.0,0.0,0.0,0.0,0.0,0.0,0.0,0.0,0.0,0.0,0.0,0.0,0.0,0.0,0.0,0.0,0.0,0.0,0.0,0.0,0.0,0.0,0.0,0.0
275,0.0,0.0,0.0,0.0,0.0,0.0,0.0,0.0,0.0,0.0,0.0,0.0,0.0,0.0,0.0,0.0,0.0,0.0,0.0,0.0,0.0,0.0,0.0,0.0,0.0,0.0,0.0,0.0,0.0,0.0,0.0,0.0,0.0,0.0,0.0,0.0,0.0,0.0,0.0,0.0,0.0,0.0,0.0,0.0,0.0,0.0,0.0,0.0,0.0,0.0,0.0,0.0,0.0,0.0,0.0,0.0,0.0,0.0,0.0,0.0,0.0,0.0,0.0,0.0,0.0,0.0,0.0,0.0,0.0,0.0,0.0,0.0,0.0,0.0,0.0,0.0,0.0,0.0,0.0,0.0,0.0,0.0,0.0,0.0,0.0,0.0,0.0,0.0,0.0,0.0,0.0,0.0,0.0,0.0,0.0,0.0,0.0,0.0,0.0,0.0,0.0,0.0,0.0,0.0,0.0,0.0,0.0,0.0,0.0,0.0,0.0,0.0,0.0,0.0,0.0,0.0,0.0,0.0,0.0,0.0,0.0,0.0,0.0,0.0,0.0,0.0,0.0,0.0
281,0.0,0.0,0.0,0.0,0.0,0.0,0.0,0.0,0.0,0.0,0.0,0.0,0.0,0.0,0.0,0.0,0.0,0.0,0.0,0.0,0.0256023332476615,0.0,0.0,0.0,0.0,0.0,0.0,0.022113999351859,0.0,0.086522676050663,0.0,0.0,0.0,0.0,0.0,0.0,0.0,0.0,0.0,0.0,0.0,0.0,0.0,0.0,0.0,0.3138889968395233,0.0,0.0,0.0,0.2626232206821441,0.0,0.0,0.0,0.0,0.0,0.0,0.3023839890956878,0.0,0.0,0.0,0.0,0.0,0.0,0.0,0.0,0.0,0.0,0.0,0.0,0.0,0.0,0.0,0.0,0.0229806676506996,0.4690375030040741,0.0,0.0,0.3498989939689636,0.0,0.0,0.0,0.0,0.0,0.0,0.0,0.0,0.0,0.0050505176186561,0.0,0.0,0.0,0.0,0.0,0.0,0.1508650034666061,0.0,0.0618840008974075,0.1428509950637817,0.0,0.0,0.1647157967090606,0.0,0.0,0.0,0.1395899951457977,0.0,0.0,0.0,0.0,0.0,0.0,0.0,0.0,0.0,0.0,0.0,0.0,0.0346454083919525,0.0,0.0,0.0,0.0,0.0,0.0,0.0,0.0,0.0,0.0
283,0.0,0.0,0.0,0.0,0.0,0.0,0.0,0.0,0.0,0.0,0.0,0.0,0.0,0.0,0.0,0.0,0.0,0.0,0.0,0.0,0.0,0.0,0.0,0.0,0.0,0.0,0.0,0.0,0.0,0.0,0.0,0.0,0.0,0.0,0.0,0.0,0.0,0.0,0.0,0.0,0.0,0.0,0.0,0.0,0.0,0.0,0.0,0.0,0.0,0.0,0.0,0.0,0.0,0.0,0.0,0.0,0.0,0.0,0.0,0.0,0.0,0.0,0.0,0.0,0.0,0.0,0.0,0.0,0.0,0.0,0.0,0.0,0.0,0.0,0.0,0.0,0.0,0.0,0.0,0.0,0.0,0.0,0.0,0.0,0.0,0.0,0.0,0.0,0.0,0.0,0.0,0.0,0.0,0.0,0.0,0.0,0.0,0.0,0.0,0.0,0.0,0.0,0.0,0.0,0.0,0.0,0.0,0.0,0.0,0.0,0.0,0.0,0.0,0.0,0.0,0.0,0.0,0.0,0.0,0.0,0.0,0.0,0.0,0.0,0.0,0.0,0.0,0.0
284,0.0,0.0228732004761695,0.0,0.0,0.0,0.0,0.0,0.0,0.0,0.0,0.0,0.0,0.0,0.0,0.0,0.0,0.0,0.0,0.0,0.0,0.0,0.0,0.0,0.0,0.0,0.0,0.0,0.0278600007295608,0.0,0.0,0.0,0.0,0.0,0.0,0.0,0.0,0.0,0.0,0.0,0.0,0.0,0.0,0.0,0.0,0.0,0.0,0.0,0.0,0.0,0.0,0.0,0.0,0.0,0.0,0.0,0.0,0.0,0.0,0.0,0.0,0.0,0.0,0.0,0.0,0.0,0.0,0.0,0.0,0.0,0.0,0.0,0.0,0.0,0.0,0.0,0.0,0.0,0.0835553333163261,0.0,0.0,0.0,0.0,0.0536207146942615,0.0,0.0,0.0,0.0,0.0,0.0,0.0,0.0,0.0,0.0,0.0,0.0,0.0,0.0,0.0,0.0,0.0,0.0,0.0,0.0,0.0,0.0,0.0,0.0,0.0,0.0,0.0,0.0,0.0,0.0,0.0,0.0,0.0,0.0,0.0,0.0,0.0,0.0,0.0,0.0,0.0,0.0,0.0,0.0,0.0
288,0.0,0.0,0.0,0.0,0.0,0.0,0.0,0.0,0.0,0.0,0.0,0.0,0.0,0.0,0.0,0.0,0.0,0.0,0.0,0.0,0.0,0.0,0.0,0.0,0.0,0.0,0.0,0.0,0.0,0.0,0.0,0.0,0.0,0.0,0.0,0.0,0.0,0.0,0.0,0.0,0.0,0.0,0.0,0.0,0.0,0.0,0.0,0.0,0.0,0.0,0.0,0.0,0.0,0.0,0.0,0.0,0.0,0.0,0.0,0.0,0.0,0.0,0.0,0.0,0.0,0.0,0.0,0.0,0.0,0.0,0.0,0.0,0.0,0.0,0.0,0.0,0.0,0.0,0.0,0.0,0.0,0.0,0.0,0.0,0.0,0.0,0.0,0.0,0.0,0.0,0.0,0.0,0.0,0.0,0.0,0.0,0.0,0.0,0.0,0.0,0.0,0.0,0.0,0.0,0.0,0.0,0.0,0.0,0.0,0.0,0.0,0.0,0.0,0.0,0.0,0.0,0.0,0.0,0.0,0.0,0.0,0.0,0.0,0.0,0.0,0.0,0.0,0.0
292,0.1482355743646621,0.0,0.1224818974733352,0.1155556514859199,0.0458071865141391,0.0,0.0,0.0,0.0,0.0,0.0161011386662721,0.0,0.0,0.1341171115636825,0.0,0.0,0.1610629260540008,0.0,0.0,0.0,0.0218806713819503,0.035085167735815,0.0,0.0,0.0,0.0,0.0812563076615333,0.0249017179012298,0.0,0.0,0.0,0.0,0.0623429790139198,0.0,0.0,0.2213678807020187,0.0,0.0,0.0,0.0,0.0,0.0,0.0616355277597904,0.0188696030527353,0.104688324034214,0.0,0.0,0.0,0.0,0.0,0.0506106428802013,0.0,0.108753003180027,0.0474538207054138,0.0,0.1364157348871231,0.1424119025468826,0.0,0.0,0.0,0.0,0.0644637569785118,0.0458176098763942,0.0,0.0,0.0,0.0,0.0,0.0,0.0,0.0,0.0,0.0,0.0,0.1092349961400032,0.0,0.0,0.0,0.0,0.0,0.1441106051206588,0.0,0.0302598346024751,0.0,0.0,0.0,0.0,0.0,0.0,0.0,0.0,0.0,0.0241073165088892,0.0,0.0,0.0,0.0,0.0599906891584396,0.0,0.0484332293272018,0.0,0.0877455994486808,0.0,0.0358953326940536,0.0,0.0,0.0,0.0,0.0,0.0,0.1898878663778305,0.0,0.0352009311318397,0.1694333851337433,0.0,0.0,0.0,0.2693256735801697,0.0,0.2968663573265075,0.0205210018903017,0.0,0.0,0.0,0.1137870475649833,0.0,0.0,0.0
296,0.0,0.0,0.0,0.0,0.0,0.0,0.0,0.0,0.0,0.0,0.0,0.0,0.0,0.0,0.0,0.0,0.0,0.0,0.0,0.0,0.0,0.0,0.0,0.0,0.0,0.0,0.0,0.0,0.0,0.0,0.0,0.0,0.0,0.0,0.0,0.0,0.0,0.0,0.0,0.0,0.0,0.0,0.0,0.0,0.0,0.0,0.0,0.0,0.0,0.0,0.0,0.0,0.0,0.0,0.0,0.0,0.0,0.0,0.0,0.0,0.0,0.0,0.0,0.0,0.0,0.0,0.0,0.0,0.0,0.0,0.0,0.0,0.0,0.0,0.0,0.0,0.0,0.0,0.0,0.0,0.0,0.0,0.0,0.0,0.0,0.0,0.0,0.0,0.0,0.0,0.0,0.0,0.0,0.0,0.0,0.0,0.0,0.0,0.0,0.0,0.0,0.0,0.0,0.0,0.0,0.2159308344125747,0.0,0.0,0.0,0.0,0.0,0.0,0.0,0.0,0.0,0.0,0.0,0.0,0.0,0.0,0.0,0.0,0.0,0.0,0.0,0.0,0.0,0.0
313,0.0,0.0,0.0,0.0,0.0,0.0,0.0,0.0,0.0,0.0,0.0,0.0,0.0,0.0,0.0,0.0,0.0,0.0,0.0,0.0,0.0,0.0,0.0,0.0,0.0,0.0,0.0,0.0,0.0,0.0,0.0,0.0,0.0,0.0,0.0,0.0,0.0,0.0,0.0,0.0,0.0,0.0,0.0,0.0,0.0,0.0,0.0,0.0,0.0,0.0,0.0,0.0,0.0,0.0,0.0,0.0,0.0,0.0,0.0,0.0,0.0,0.0,0.0,0.0,0.0,0.0,0.0,0.0,0.0,0.0,0.0,0.0,0.0,0.0,0.0,0.0,0.0,0.0,0.0,0.0,0.0,0.0,0.0,0.0,0.0,0.0,0.0,0.0,0.0,0.0,0.0,0.0,0.0,0.0,0.0,0.0,0.0,0.0,0.0,0.0,0.0,0.0,0.0,0.0,0.0,0.0,0.0,0.0,0.0,0.0,0.0,0.0,0.0,0.0,0.0,0.0,0.0,0.0,0.0,0.0,0.0,0.0,0.0,0.0,0.0,0.0,0.0,0.0
316,0.0,0.0,0.0,0.0,0.0,0.0,0.0,0.0,0.0,0.0,0.0,0.0,0.0,0.0,0.0,0.0,0.0,0.0,0.0,0.0,0.0,0.0,0.0,0.0,0.0,0.0,0.0,0.0,0.0,0.0,0.0,0.0,0.0,0.0,0.0,0.0,0.0,0.0,0.0,0.0,0.0,0.0,0.0,0.0,0.0,0.0,0.0,0.0,0.0,0.0,0.0,0.0,0.0,0.0,0.0,0.0,0.0,0.0,0.0,0.0,0.0,0.0,0.0,0.0,0.0,0.0,0.0,0.0,0.0,0.0,0.0,0.0,0.0,0.0,0.0,0.0,0.0,0.0,0.0,0.0,0.0,0.0,0.0,0.0,0.0,0.0,0.0,0.0,0.0,0.0,0.0,0.0,0.0,0.0,0.0,0.0,0.0,0.0,0.0,0.0,0.0,0.0,0.0,0.0,0.0,0.0,0.0,0.0,0.0,0.0,0.0,0.0,0.0,0.0,0.0,0.0,0.0,0.0,0.0,0.0,0.0,0.0,0.0,0.0,0.0,0.0,0.0,0.0
324,0.0,0.0,0.0,0.0,0.0,0.0,0.0,0.0,0.0,0.0,0.0,0.0,0.0,0.0,0.0,0.0,0.0,0.0,0.0,0.0,0.0,0.0,0.0,0.0,0.0,0.0,0.0,0.0,0.0,0.0,0.0,0.0,0.0,0.0,0.0,0.0,0.0,0.0,0.0,0.0,0.0,0.0,0.0,0.0,0.0,0.0,0.0,0.0,0.0,0.0,0.0,0.0,0.0,0.0,0.0,0.0,0.0,0.0,0.0,0.0,0.0,0.0,0.0,0.0,0.0,0.0,0.0,0.0,0.0,0.0,0.0,0.0,0.0,0.0,0.0,0.0,0.0,0.0,0.0,0.0,0.0,0.0,0.0,0.0,0.0,0.0,0.0,0.0,0.0,0.0,0.0,0.0,0.0,0.0,0.0,0.0,0.0,0.0,0.0,0.0,0.0,0.0,0.0,0.0,0.0,0.0,0.0,0.0,0.0,0.0,0.0,0.0,0.0,0.0,0.0,0.0,0.0,0.0,0.0,0.0,0.0,0.0,0.0,0.0,0.0,0.0,0.0,0.0
326,0.0,0.0,0.0,0.0,0.0,0.0,0.0,0.0,0.0,0.0,0.0,0.0,0.0,0.0,0.0,0.0,0.0,0.0,0.0,0.0,0.0,0.0,0.0,0.0,0.0,0.0,0.0,0.0,0.0,0.0,0.0,0.0,0.0,0.0,0.0,0.0,0.0,0.0,0.0,0.0,0.0,0.0,0.0,0.0,0.0,0.0,0.0,0.0,0.0,0.0,0.0,0.0,0.0,0.0,0.0,0.0,0.0,0.0,0.0,0.0,0.0,0.0,0.0,0.0,0.0,0.0,0.0,0.0,0.0,0.0,0.0,0.0,0.0,0.0,0.0,0.0,0.0,0.0,0.0,0.0,0.0,0.0,0.0,0.0,0.0,0.0,0.0,0.0,0.0,0.0,0.0,0.0,0.0,0.0,0.0,0.0,0.0,0.0,0.0,0.0,0.0,0.0,0.0,0.0,0.0,0.0,0.0,0.0,0.0,0.0,0.0,0.0,0.0,0.0,0.0,0.0,0.0,0.0,0.0,0.0,0.0,0.0,0.0,0.0,0.0,0.0,0.0,0.0
346,0.4749115109443664,0.9895581007003784,0.7347762584686279,0.4219586849212646,0.7548454999923706,0.881846010684967,0.6887835264205933,0.4978935122489929,0.9883815050125122,0.7249139547348022,0.7437310218811035,0.513511061668396,0.1472824960947036,0.6300240159034729,0.9699989557266236,0.463811993598938,0.8045904636383057,0.6244399547576904,0.9207592606544496,0.5323215126991272,0.9205855131149292,0.430015504360199,0.3739606738090515,0.9647824764251708,0.4972744882106781,0.600928008556366,0.6392790079116821,0.5701850056648254,0.4745975136756897,0.2440994977951049,0.3812974989414215,0.7092999815940857,0.0,0.972687005996704,0.967624008655548,0.7138620018959045,0.5748900175094604,0.5522720217704773,0.6335170269012451,0.813605010509491,0.7435489892959595,0.4490004777908325,0.4571409821510315,0.9978594779968262,0.8145389556884766,0.966367483139038,0.8205609917640686,0.8524789810180664,0.9866706132888794,0.206054002046585,0.3357300162315368,0.9394723773002625,0.627502977848053,0.9981467127799988,0.4610365033149719,0.4153500199317932,0.2384375035762787,0.9965435266494752,0.8672970533370972,0.3769579827785492,0.6422970294952393,0.7085710167884827,0.8923673033714294,0.8850564956665039,0.1618500053882599,0.4497389793395996,0.3277784883975982,0.0,0.651095986366272,0.4941946864128113,0.9784499406814576,0.3879320025444031,0.86456298828125,0.3779959976673126,0.329409509897232,0.5585309863090515,0.909116506576538,0.9987767338752748,0.97988098859787,0.3676759898662567,0.5063929557800293,0.3781740069389343,0.5119986534118652,0.4366010129451751,0.9992160201072692,0.9911490082740784,0.4355790019035339,0.9936345219612122,0.8813070058822632,0.58661949634552,0.3081195056438446,0.2794283628463745,0.6434166431427002,0.2671450078487396,0.9889709949493408,0.1974415034055709,0.357677012681961,0.4070257544517517,0.9539719820022584,0.3345299959182739,0.96919846534729,0.6562640070915222,0.555213987827301,0.3681125044822693,0.7151390314102173,0.653841495513916,0.4239364862442016,0.5134314894676208,0.7018735408782959,0.4894039928913116,0.1788070052862167,0.9039570093154908,0.9932135343551636,0.7968640327453613,0.2567004859447479,0.4551080167293548,0.4136679768562317,0.4688799977302551,0.922113001346588,0.9491524696350098,0.363833487033844,0.6130185127258301,0.8560565114021301,0.3501890003681183,0.5794910192489624,0.4744555056095123,0.3927910029888153,0.29185551404953
351,0.0,0.0,0.0,0.0,0.0,0.0,0.0,0.0,0.0,0.0,0.0,0.0,0.0,0.0,0.0,0.0,0.0,0.0,0.0,0.0,0.2623545229434967,0.0,0.696963369846344,0.0,0.0,0.0,0.0,0.0,0.0,0.0,0.0,0.0,0.0,0.0,0.0,0.0,0.0,0.0,0.0,0.0,0.0,0.0,0.0319325812160968,0.0,0.0,0.0,0.0,0.0,0.0,0.2408174127340316,0.0,0.0,0.2066873908042907,0.3781514465808868,0.0,0.0,0.0,0.3093790113925934,0.0,0.0,0.4426728188991546,0.0,0.7970775961875916,0.0700084418058395,0.0,0.0,0.0,0.0,0.0,0.6214281320571899,0.0062779998406767,0.0729335770010948,0.3071589171886444,0.0,0.1963304579257965,0.0,0.0,0.270764410495758,0.0,0.0,0.0,0.0,0.0,0.0,0.8897606730461121,0.0,0.0,0.0,0.0,0.0,0.0,0.0,0.0,0.0,0.5664971470832825,0.0,0.9065198302268982,0.0,0.0,0.0,0.0,0.0,0.8997761607170105,0.7691050171852112,0.0,0.0,0.0,0.0,0.0,0.0,0.3668319582939148,0.2759761810302734,0.0,0.0,0.0,0.0,0.0,0.3687083721160888,0.0,0.0,0.3448524177074432,0.0,0.0,0.0,0.0,0.0,0.0,0.0
355,0.0,0.0,0.0,0.0,0.0,0.0,0.0,0.0,0.0,0.0,0.0,0.0,0.0,0.0,0.0,0.0,0.0,0.0,0.0,0.0,0.0,0.0,0.0,0.0,0.0,0.0,0.0,0.0,0.0,0.0,0.0,0.0,0.0,0.0,0.0,0.0,0.0,0.0,0.0,0.0,0.0,0.0,0.0,0.0,0.0,0.0,0.0,0.0,0.0,0.0,0.0,0.0,0.0,0.0,0.0,0.0,0.0,0.0,0.0,0.0,0.0,0.0,0.0,0.0,0.0,0.0,0.0,0.0,0.0,0.0,0.0,0.0,0.0,0.0,0.0,0.0,0.0,0.0,0.0,0.0,0.0,0.0,0.0,0.0,0.0,0.0,0.0,0.0,0.0,0.0,0.0,0.0,0.0,0.0,0.0,0.0,0.0,0.0,0.0,0.0,0.0,0.0,0.0,0.0,0.0,0.0,0.0,0.0,0.0,0.0,0.0,0.0,0.0,0.0,0.0,0.0,0.0,0.0,0.0,0.0,0.0,0.0,0.0,0.0,0.0,0.0,0.0,0.0
361,0.0,0.0,0.0,0.0,0.0,0.0,0.0,0.0,0.0,0.0,0.0,0.0,0.0,0.0,0.0,0.0,0.0,0.0,0.0,0.0,0.0,0.0,0.0,0.0,0.0,0.0,0.0,0.0,0.0,0.0,0.0,0.0,0.0,0.0,0.0,0.0,0.0,0.0,0.0,0.0,0.0,0.0,0.0,0.0,0.0,0.0,0.0,0.0,0.0,0.0,0.0,0.0,0.0,0.0,0.0,0.0,0.0,0.0,0.0,0.0,0.0,0.0,0.0,0.0,0.0,0.0,0.0,0.0,0.0,0.0,0.0,0.0,0.0,0.0,0.0,0.0,0.0,0.0,0.0,0.0,0.0,0.0,0.0,0.0,0.0,0.0,0.0,0.0,0.0,0.0,0.0,0.0,0.0,0.0,0.0,0.0,0.0,0.0,0.0,0.0,0.0,0.0,0.0,0.0,0.0,0.0,0.0,0.0,0.0,0.0,0.0,0.0,0.0,0.0,0.0,0.0,0.0,0.0,0.0,0.0,0.0,0.0,0.0,0.0,0.0,0.0,0.0,0.0
368,0.0,0.0,0.0,0.0,0.0,0.0,0.0,0.0,0.0,0.0,0.0,0.0,0.0,0.0,0.0,0.0,0.0,0.0,0.0,0.0,0.0578599981963634,0.0,0.0,0.0,0.0,0.0,0.0,0.0,0.0,0.0,0.0,0.0,0.0,0.0,0.0,0.0,0.0,0.0,0.0,0.0,0.0,0.0,0.0,0.0,0.0,0.0,0.0,0.0,0.0,0.0,0.0,0.0,0.0,0.0,0.0,0.0,0.0,0.0,0.0,0.0,0.0,0.0,0.0,0.0,0.0,0.0,0.0,0.0,0.0,0.0,0.0,0.0,0.0,0.0,0.0,0.0,0.0,0.0,0.0,0.0,0.0,0.0,0.0,0.0,0.0,0.0,0.0,0.0,0.0,0.0,0.0,0.0,0.0,0.0,0.0,0.0,0.0,0.0,0.0,0.0,0.0,0.0,0.0,0.0,0.0,0.0,0.0,0.0,0.0,0.0,0.0,0.0,0.0,0.0,0.0,0.0,0.0,0.0,0.0,0.0,0.0,0.0,0.0,0.0,0.0,0.0,0.0,0.0
369,0.9844646453857422,0.0,0.0,0.7970103025436401,0.2241535037755966,0.4231788516044616,0.0,0.5657939314842224,0.7521990537643433,0.0,0.0,0.7547600865364075,0.6236953139305115,0.7471885085105896,0.3112410008907318,0.0,0.8537476062774658,0.4357511103153229,0.0,0.4113344848155975,0.6234038472175598,0.4579918384552002,0.8144218325614929,0.819105327129364,0.5999782085418701,0.5734235644340515,0.0,0.6345013380050659,0.5209872722625732,0.4891935288906097,0.5342473387718201,0.7531630992889404,0.412427693605423,0.6916372179985046,0.5940581560134888,0.1841765493154525,0.692437469959259,0.6602264046669006,0.5970558524131775,0.7871599793434143,0.7826982140541077,0.6417341232299805,0.9080312848091124,0.6109405159950256,0.6252222061157227,0.4600186347961426,0.7305781245231628,0.5928635597229004,0.424816220998764,0.9563550353050232,0.728466808795929,0.4630579948425293,0.8215517401695251,0.7325088381767273,0.0,0.1735018789768219,0.3093256652355194,0.6755542755126953,0.612196683883667,0.3770715892314911,0.8940196633338928,0.7575952410697937,0.0,0.47040656208992,0.0,0.0,0.0,0.9818154573440552,0.6825587749481201,0.4333724975585937,0.8282090425491333,0.5960220694541931,0.6545950174331665,0.4126170873641968,0.7477617263793945,0.7323085069656372,0.6905763745307922,0.5137838125228882,0.5602301955223083,0.4775199890136719,0.6351658701896667,0.4475014805793762,0.6751952767372131,0.5241687297821045,0.7280857563018799,0.678668737411499,0.9140176773071288,0.7858601212501526,0.3805619180202484,0.6840628981590271,0.6915113925933838,0.555130660533905,0.6279340386390686,0.6672983765602112,0.2057014554738998,0.4050260782241821,0.9748495221138,0.0,0.0,0.047534666955471,0.8722046613693237,0.0,0.5340087413787842,0.4086720049381256,0.5989753603935242,0.8039023876190186,0.5139803290367126,0.4713306427001953,0.0,0.6694321632385254,0.2444854974746704,0.8238009214401245,0.6950031518936157,0.5872824192047119,0.5579521656036377,0.6407896876335144,0.3413398861885071,0.4942539930343628,0.0,0.7257227897644043,0.6343191862106323,0.6270155310630798,0.6665630340576172,0.6670941114425659,0.1636535227298736,0.6842454671859741,0.4862432479858398,0.460155576467514
374,0.0,0.0,0.0,0.0,0.0,0.0,0.0,0.0,0.0,0.0,0.0,0.0,0.0,0.0,0.0,0.0,0.0,0.0,0.0,0.0,0.0,0.0,0.0,0.0,0.0,0.0,0.0,0.0,0.0,0.0,0.0,0.0,0.0,0.0,0.0,0.0,0.0,0.0,0.0,0.0,0.0,0.0,0.0,0.0,0.0,0.0,0.0,0.0,0.0,0.0,0.0,0.0,0.0,0.0,0.0,0.0,0.0,0.0,0.0,0.0,0.0,0.0,0.0,0.0,0.0,0.0,0.0,0.0,0.0,0.0,0.0,0.0,0.0,0.0,0.0,0.0,0.0,0.0,0.0,0.0,0.0,0.0,0.0,0.0,0.0,0.0,0.0,0.0,0.0,0.0,0.0,0.0,0.0,0.0,0.0,0.0,0.0,0.0,0.0,0.0,0.0,0.0,0.0,0.0,0.0,0.0,0.0,0.0,0.0,0.0,0.0,0.0,0.0,0.0,0.0,0.0,0.0,0.0,0.0,0.0,0.0,0.0,0.0,0.0,0.0,0.0,0.0,0.0
385,0.0,0.0,0.0,0.0,0.0,0.0,0.0,0.0,0.0,0.0,0.0,0.0,0.0,0.0,0.0,0.0,0.1445608288049698,0.0,0.0,0.0,0.0,0.0,0.0,0.0,0.0,0.0,0.0,0.0,0.0279524829238653,0.0,0.0,0.0,0.0,0.0,0.0,0.0,0.0,0.0,0.0,0.0,0.0,0.0,0.0,0.0,0.0,0.0,0.0,0.0,0.0,0.0,0.1196166649460792,0.0,0.0,0.0,0.0,0.0,0.0,0.0,0.0,0.0,0.0,0.0,0.0,0.0091328071430325,0.0,0.0,0.0,0.0,0.0,0.0,0.0,0.0,0.0,0.0,0.0530115365982055,0.0,0.0,0.0,0.0,0.0,0.0,0.0,0.0,0.0,0.0,0.0,0.0,0.0,0.0,0.0,0.0,0.0,0.0,0.0,0.0,0.0,0.0,0.0,0.0,0.0,0.0,0.0,0.0,0.0,0.0,0.0,0.0,0.0,0.0,0.0,0.0,0.0,0.0,0.0,0.0,0.0,0.0,0.0,0.0,0.0,0.0,0.032692153006792,0.0,0.0,0.0,0.0,0.0,0.0
388,0.0,0.6218141913414001,0.0,0.0,0.0,0.5914373397827148,0.158768892288208,0.3786914050579071,0.0172553639858961,0.0,0.0556877516210079,0.0,0.0,0.4374400079250335,0.7717291116714478,0.0,0.3777334988117218,0.2121681421995163,0.4014501571655273,0.1281015872955322,0.1975245922803878,0.0497077517211437,0.4251956045627594,0.6884576678276062,0.5491981506347656,0.0,0.3912281394004822,0.0,0.6236239671707153,0.0,0.8607816696166992,0.0,0.2175952494144439,0.0,0.1249833330512046,0.2088006734848022,0.3746886849403381,0.0312917716801166,0.3839120268821716,0.0,0.0449645034968853,0.0,0.2373342961072921,0.5120974183082581,0.4148194789886474,0.0,0.1397615224123001,0.4697758257389068,0.0,0.4510160088539123,0.2304541617631912,0.727059006690979,0.0,0.4273011386394501,0.0629883334040641,0.5006641149520874,0.7468070387840271,0.4451422095298767,0.0,0.0,0.7408838272094727,0.7988889813423157,0.4006926417350769,0.0326230749487876,0.2348277121782302,0.4308638274669647,0.3932043313980102,0.0,0.0,0.035376202315092,0.0439587347209453,0.0,0.7088786363601685,0.4393227994441986,0.0,0.371449202299118,0.1128888577222824,0.017864890396595,0.0,0.3027418851852417,0.0,0.2920163869857788,0.0405251234769821,0.5635024905204773,0.2473913878202438,0.7296337485313416,0.5057369470596313,0.0,0.4502960741519928,0.4988620281219482,0.3783094882965088,0.0,0.0,0.5183284282684326,0.5831794738769531,0.3250886499881744,0.0,0.2855218946933746,0.4418394863605499,0.0,0.0,0.6174004673957825,0.0,0.6453865766525269,0.1537851095199585,0.0,0.5854426026344299,0.0,0.3696348369121551,0.5706290006637573,0.1941884458065033,0.3366982340812683,0.3974131345748901,0.0,0.2909549474716186,0.1650138050317764,0.0,0.0,0.0,0.0996194630861282,0.2898971736431122,0.57669997215271,0.0,0.0,0.6766487956047058,0.1979446411132812,0.0,0.3898770213127136
398,0.1121020093560218,0.0,0.0,0.0,0.0,0.0423713512718677,0.1051286682486534,0.0,0.2331273704767227,0.0,0.0,0.0,0.0,0.0,0.0,0.0,0.011064214631915,0.0,0.1125729382038116,0.1046496033668518,0.0,0.0,0.2031757086515426,0.5723479986190796,0.0865285173058509,0.3723092973232269,0.121100053191185,0.0082663912326097,0.0,0.0767912864685058,0.1222748160362243,0.0838682278990745,0.4033267498016357,0.4887101054191589,0.100181832909584,0.1292537450790405,0.0,0.4922443628311157,0.0,0.0,0.4797818958759308,0.0,0.0,0.0,0.1227341368794441,0.0453943610191345,0.0,0.2471747100353241,0.0,0.0033696154132485,0.4948057234287262,0.4047562181949615,0.0,0.4759808182716369,0.0,0.004263611510396,0.0739882364869117,0.0186810567975044,0.3679933249950409,0.0,0.0,0.1435816437005996,0.0,0.0055083748884499,0.4651022851467132,0.0245603807270526,0.4563650488853454,0.0,0.0,0.0,0.0,0.0,0.2544801831245422,0.6607645153999329,0.30462846159935,0.0,0.1541577279567718,0.3263948559761047,0.105028748512268,0.0,0.0673774033784866,0.3333841562271118,0.2465887516736984,0.2207509726285934,0.1314190030097961,0.1819386929273605,0.0,0.2660061419010162,0.0,0.0711827799677848,0.1707602441310882,0.3043452203273773,0.3762528002262115,0.0135241765528917,0.2253994047641754,0.7592395544052124,0.4095113575458526,0.076514646410942,0.0,0.0,0.2362564206123352,0.2898876667022705,0.0526481568813324,0.4718105494976043,0.0,0.0,0.2567511200904846,0.3983539342880249,0.0,0.0,0.0,0.0718224719166755,0.0,0.0,0.0,0.2762946486473083,0.1119327917695045,0.4205876290798187,0.0,0.1575390547513961,0.0,0.0,0.3305593430995941,0.0366257801651954,0.2262438088655471,0.2115071266889572,0.4043751657009125,0.0
406,0.0,0.8642535209655762,0.0,0.3983261883258819,0.0,0.0,0.0,0.0,0.0,0.5421624779701233,0.0,0.0,0.4395887851715088,0.4560638964176178,0.0,0.0,0.0,0.7803266644477844,0.6210430860519409,0.0,0.4492408037185669,0.0,0.2980468869209289,0.2902491688728332,0.3270957767963409,0.7089201211929321,0.6321835517883301,0.4476234316825866,0.980952799320221,0.7584437727928162,0.0,0.7399898767471313,0.0,0.4806658625602722,0.0,0.5778999924659729,0.0,0.0,0.7401401996612549,0.0,0.0,0.1981265842914581,0.5980632901191711,0.0,0.0,0.4253830909729004,0.0,0.4156451523303985,0.0,0.0,0.0,0.0797873958945274,0.0,0.0,0.4044782817363739,0.0,0.908095359802246,0.8428564667701721,0.5993119478225708,0.1195976063609123,0.8848604559898376,0.0,0.0488910004496574,0.0,0.0161755997687578,0.0,0.0,0.7302515506744385,0.0300134997814893,0.6796239614486694,0.0,0.3719361424446106,0.3488230109214782,0.6634323596954346,0.609312891960144,0.0,0.0,0.5653784275054932,0.0,0.7584067583084106,0.5451250076293945,0.3355863988399505,0.5416749715805054,0.5765998959541321,0.3270887434482574,0.8555771112442017,0.0,0.3173431754112243,0.0,0.2560845911502838,0.0,0.2315638065338134,0.5241944193840027,0.0,0.0,0.0,0.941892683506012,0.1825558394193649,0.3282918035984039,0.0,0.4452293515205383,0.0324440002441406,0.5674449801445007,0.0,0.0,0.065498799085617,0.3679071068763733,0.8506749868392944,0.0,0.4654050469398498,0.1553845256567001,0.0,0.4390018582344055,0.0,0.2288840115070343,0.0,0.0,0.3366685509681701,0.0249645989388227,0.0,0.013107200153172,0.0,0.0,0.3799077570438385,0.0,0.0,0.0,0.1029080003499984
407,0.0,0.0,0.0,0.0,0.0,0.0,0.0,0.0,0.0,0.0,0.0,0.0,0.0,0.0,0.0,0.0,0.0,0.0,0.0,0.0,0.0,0.0,0.0,0.0,0.0,0.0,0.0,0.0,0.0,0.0,0.0,0.0,0.0,0.0,0.0,0.0,0.0,0.0,0.0,0.0,0.0,0.0,0.0,0.0,0.0,0.0,0.0,0.0,0.0,0.0,0.0,0.0,0.0,0.0,0.0,0.0,0.0,0.0,0.0,0.0,0.0,0.0,0.0,0.0,0.0,0.0,0.0,0.0,0.0,0.0,0.0,0.0,0.0,0.0,0.0,0.0,0.0,0.0,0.0,0.0,0.0,0.0,0.0,0.0,0.0,0.0,0.0,0.0,0.0,0.0,0.0,0.0,0.0,0.0,0.0,0.0,0.0,0.0,0.0,0.0,0.0,0.0,0.0,0.0,0.0,0.0,0.0,0.0,0.0,0.0,0.0,0.0,0.0,0.0,0.0,0.0,0.0,0.0,0.0,0.0,0.0,0.0,0.0,0.0,0.0,0.0,0.0,0.0
408,0.0,0.0,0.0,0.0,0.0,0.0,0.0,0.0,0.0,0.0,0.0,0.0,0.0,0.0,0.0,0.0,0.0,0.0,0.0,0.0,0.0,0.0,0.0,0.0,0.0,0.0,0.0,0.0,0.0,0.0,0.0,0.0,0.0,0.0,0.0,0.0,0.0,0.0,0.0,0.0,0.0,0.0,0.0,0.0,0.0,0.0,0.0,0.0,0.0,0.0,0.0,0.0,0.0,0.0,0.0,0.0,0.0,0.0,0.0,0.0,0.0,0.0,0.0,0.0,0.0,0.0,0.0,0.0,0.0,0.0,0.0,0.0,0.0,0.0,0.0,0.0,0.0,0.0,0.0,0.0,0.0,0.0,0.0,0.0,0.0,0.0,0.0,0.0,0.0,0.0,0.0,0.0,0.0,0.0,0.0,0.0,0.0,0.0,0.0,0.0,0.0,0.0,0.0,0.0,0.0,0.0,0.0,0.0,0.0,0.0,0.0,0.0,0.0,0.0,0.0,0.0,0.0,0.0,0.0,0.0,0.0,0.0,0.0,0.0,0.0,0.0,0.0,0.0
420,0.0,0.0,0.0,0.0,0.0,0.0,0.0,0.0,0.0,0.0,0.0,0.0,0.0,0.0,0.0279092993587255,0.0,0.0,0.0,0.0,0.0,0.0,0.0,0.0,0.0,0.0,0.0,0.0,0.0,0.0,0.0,0.0,0.0,0.0,0.0,0.1601074784994125,0.0,0.0,0.0,0.0,0.0,0.0,0.0,0.0,0.0,0.2738600969314575,0.0,0.0,0.0,0.0,0.0,0.0,0.0,0.0,0.0,0.0,0.0,0.0,0.0,0.0,0.0,0.0,0.0,0.6101745963096619,0.0,0.0,0.0,0.0,0.0,0.0,0.0,0.4968965053558349,0.0,0.0,0.0,0.0,0.0,0.0,0.0,0.0,0.0,0.0,0.3630065321922302,0.0,0.0,0.0,0.0,0.0,0.0,0.0,0.0,0.0,0.0,0.0,0.0,0.0,0.1231718584895134,0.0,0.0,0.0,0.0,0.309808075428009,0.0,0.0,0.0,0.0,0.0,0.0,0.0,0.0,0.0,0.0722021907567977,0.0,0.0,0.0,0.0,0.0,0.0,0.0,0.0,0.0,0.0,0.0,0.0,0.0,0.0,0.0,0.0,0.0
421,0.0,0.0,0.0,0.0,0.0,0.0,0.0,0.0,0.0,0.0,0.0,0.0,0.0,0.0,0.0,0.0,0.0,0.0,0.0,0.0,0.0,0.0,0.0,0.0,0.0,0.0,0.0,0.0,0.0,0.0,0.0,0.0,0.0,0.0,0.0,0.0,0.0,0.0,0.0,0.0,0.0,0.0,0.0,0.0,0.0,0.0,0.0,0.0,0.0,0.0,0.0,0.0,0.0,0.0,0.0,0.0,0.0,0.0,0.0,0.0,0.0,0.0,0.0,0.0,0.0,0.0,0.0,0.0,0.0,0.0,0.0,0.0,0.0,0.0,0.0,0.0,0.0,0.0,0.0,0.0,0.0,0.0,0.0,0.0,0.0,0.0,0.0,0.0,0.0,0.0,0.0,0.0,0.0,0.0,0.0,0.0,0.0,0.0,0.0,0.0,0.3068769872188568,0.0,0.0,0.0,0.0,0.0,0.0,0.0,0.0,0.0,0.0,0.0,0.0,0.0,0.0,0.0,0.0,0.0,0.0,0.0,0.0,0.0,0.0,0.0,0.0,0.0,0.0,0.0
426,0.0,0.0,0.424894630908966,0.2754198014736175,0.0621572881937027,0.4874329268932342,0.0673590004444122,0.1445205062627792,0.1893898546695709,0.1334944069385528,0.1773255318403244,0.206821784377098,0.2349188923835754,0.2841096520423889,0.4141111373901367,0.0059915459714829,0.0,0.8011952042579651,0.0260833762586116,0.4112274944782257,0.130976989865303,0.0701128020882606,0.6169500350952148,0.1823426634073257,0.6454453468322754,0.5643476843833923,0.0,0.1094531640410423,0.758703887462616,0.4576946198940277,0.3496016561985016,0.161427304148674,0.3110896050930023,0.0088513754308223,0.0302707366645336,0.052032247185707,0.5165210962295532,0.0489971525967121,0.2790192067623138,0.0,0.4195274114608764,0.0069351107813417,0.3432216346263885,0.1143704354763031,0.0,0.4043219983577728,0.2958124279975891,0.4437652230262756,0.0,0.0,0.1878557056188583,0.0738375708460807,0.0,0.1393304467201233,0.0858500003814697,0.4548159539699554,0.0629047378897667,0.7039726376533508,0.0643628686666488,0.3333967626094818,0.1070151254534721,0.5184289216995239,0.1595686972141266,0.0,0.2620733678340912,0.0623101443052291,0.4119093418121338,0.0932535529136657,0.231874406337738,0.0490060001611709,0.0,0.1126285791397094,0.6135379672050476,0.0,0.3997736573219299,0.0,0.0,0.0179993323981761,0.3339637219905853,0.020408933982253,0.0933094471693039,0.7496102452278137,0.0522792004048824,0.0,0.1270388811826706,0.0628594979643821,0.6296712160110474,0.3796666860580444,0.7816399931907654,0.0440057516098022,0.0,0.4599798023700714,0.2237195819616317,0.1972735375165939,0.6867557764053345,0.1361175328493118,0.0267361253499984,0.4587615728378296,0.1092589423060417,0.5159408450126648,0.7622246742248535,0.1659706830978393,0.6051906943321228,0.8817689418792725,0.2652799487113952,0.2501981854438782,0.0,0.0,0.5295618176460266,0.3205384612083435,0.0284733343869447,0.6793426871299744,0.2313964962959289,0.8900384902954102,0.0358105413615703,0.3763836622238159,0.0272993594408035,0.4512157738208771,0.1325227618217468,0.0,0.3887533843517303,0.2052067667245865,0.5118594169616699,0.0,0.2250745892524719,0.0584796369075775,0.1141888871788978,0.0327071845531463
428,0.7054159641265869,0.994724988937378,0.0,0.8200343251228333,0.0,0.629737138748169,0.4056354463100433,0.7542534470558167,0.6597403287887573,0.6270530223846436,0.0,0.6410603523254395,0.0067008398473262,0.6125919818878174,0.6450719833374023,0.0,0.0,0.0,0.4647246301174164,0.7204798460006714,0.1506002992391586,0.7213521003723145,0.8077152967453003,0.5795680284500122,0.2625585794448852,0.9084302186965942,0.9966405034065248,0.4567010402679443,0.4174808263778686,0.8515073657035828,0.6571874618530273,0.5684748291969299,0.6336591243743896,0.0,0.793326735496521,0.0132915461435914,0.6476743817329407,0.2294930666685104,0.7653399705886841,0.4706980884075165,0.99504554271698,0.0,0.8055362701416016,0.8621712923049927,0.7569802403450012,0.4114814102649688,0.6848583221435547,0.7797234654426575,0.5497733950614929,0.6738320589065552,0.7787650227546692,0.4782087802886963,0.068424254655838,0.0,0.7563279271125793,0.9987185001373292,0.6998934745788574,0.9160312414169312,0.5443800091743469,0.8441622853279114,0.7410750985145569,0.5989465117454529,0.5645056962966919,0.1372691243886947,0.1757567673921585,0.9894574880599976,0.7644928097724915,0.9291868805885316,0.7591121196746826,0.745843231678009,0.7362220287322998,0.753717303276062,0.7101311087608337,0.8397088050842285,0.9195823669433594,0.5901222229003906,0.0,0.785038411617279,0.7740960121154785,0.6937594413757324,0.9622533917427064,0.7655165791511536,0.4814386367797851,0.6846054196357727,0.6003848910331726,0.7487552165985107,0.6955927610397339,0.673707127571106,0.8052703738212585,0.8544968962669373,0.5465217232704163,0.1522465795278549,0.0727597773075103,0.6631773710250854,0.9091987013816832,0.0,0.9936699867248536,0.6664548516273499,0.8757175803184509,0.6927499771118164,0.595793604850769,0.0,0.5865913033485413,0.658425509929657,0.6182011961936951,0.9965574741363524,0.824523389339447,0.6578691601753235,0.7116984724998474,0.5868759155273438,0.822950541973114,0.6219512820243835,0.6527655124664307,0.2476286888122558,0.7464066743850708,0.5266533493995667,0.9137580394744872,0.9129801988601683,0.6944891810417175,0.0,0.0,0.0,0.0,0.5882771015167236,0.7679420709609985,0.8271780014038086,0.9222428202629088,0.7507633566856384
430,0.0,0.0,0.0,0.0,0.0,0.0,0.0,0.0,0.0,0.0,0.0,0.0,0.0,0.0,0.0,0.0,0.0583326667547225,0.0,0.0,0.0,0.0,0.0,0.0,0.0,0.0,0.0,0.0,0.0,0.0,0.0,0.0,0.0,0.0,0.0,0.0176097508519887,0.0,0.0,0.0,0.0,0.0,0.0,0.0,0.0,0.0,0.0,0.0479490011930465,0.0,0.0,0.0,0.0,0.0,0.0,0.0,0.0,0.0,0.0,0.0,0.0,0.0,0.0,0.0,0.0399122014641761,0.0,0.0,0.0,0.0,0.0192137490957975,0.0,0.0538100004196167,0.0,0.0149445002898573,0.0,0.0,0.0252160020172595,0.0,0.0,0.0,0.0,0.0,0.0,0.0475590005517005,0.0,0.014499400742352,0.0,0.0,0.0,0.0,0.0,0.0,0.0,0.0,0.0,0.0,0.0,0.0,0.0,0.0,0.0,0.0,0.0,0.0,0.0,0.0,0.0,0.0,0.0,0.0,0.0,0.0,0.0,0.0,0.0,0.0,0.0142540000379085,0.0,0.0,0.0,0.0,0.0,0.0,0.0,0.0,0.0,0.0,0.0,0.0087913330644369,0.0,0.0172155015170574
435,0.8592855334281921,0.0732230022549629,0.7103666663169861,0.0,0.0,0.9627115726470948,0.7701925039291382,0.7896847128868103,0.0,0.8960255980491638,0.9295235276222228,0.0,0.3727279901504516,0.6506010890007019,0.9548643827438354,0.0,0.0,0.6506359577178955,0.6162723302841187,0.780569851398468,0.7775029540061951,0.8278585076332092,0.6955869793891907,0.1765878498554229,0.6986165046691895,0.8497717380523682,0.722065806388855,0.2985427379608154,0.5970223546028137,0.8911185264587402,0.9026588797569276,0.6574339270591736,0.8181353807449341,0.0,0.7826875448226929,0.1184466704726219,0.6881184577941895,0.7557733058929443,0.8696483969688416,0.8194816708564758,0.6824562549591064,0.4003213346004486,0.6197131276130676,0.7552856206893921,0.5214802622795105,0.4677594602108001,0.8053632378578186,0.8055369853973389,0.5922470092773438,0.9808154106140136,0.8404901027679443,0.0,0.1286070048809051,0.6366615295410156,0.697651743888855,0.0,0.8670161962509155,0.9588253498077391,0.4752153754234314,0.8583074808120728,0.8181633949279785,0.4780634641647339,0.7567316293716431,0.7277135252952576,0.7096380591392517,0.0121741443872451,0.8432486057281494,0.9063163995742798,0.8293818831443787,0.8586069345474243,0.8413481712341309,0.9640687704086304,0.6995733976364136,0.8250654935836792,0.886724591255188,0.7337548136711121,0.0,0.8258594274520874,0.5417332649230957,0.656015932559967,0.8825989961624146,0.8526272177696228,0.538741409778595,0.0,0.7192614078521729,0.0,0.7639800906181335,0.6664184927940369,0.8760554194450378,0.9867068529129028,0.6873583197593689,0.5921732187271118,0.0695803016424179,0.0,0.7922823429107666,0.7023615837097168,0.7856742739677429,0.7879316806793213,0.8193886280059814,0.7164582014083862,0.893558144569397,0.7259351015090942,0.5523993372917175,0.7670066952705383,0.67806077003479,0.9961094856262208,0.61506187915802,0.6481465101242065,0.7576881051063538,0.5868613123893738,0.8214184641838074,0.8220862746238708,0.6451992392539978,0.5469631552696228,0.7662295699119568,0.6194683909416199,0.8221529722213745,0.6246782541275024,0.7391301393508911,0.7960945963859558,0.5994450449943542,0.7008472681045532,0.8209932446479797,0.7640461921691895,0.920539140701294,0.9474747776985168,0.9082058072090148,0.8513252139091492
438,0.0,0.0,0.0,0.0,0.0,0.0,0.0,0.0,0.0,0.0,0.0,0.0,0.0,0.0,0.0,0.0,0.0,0.0,0.0,0.0,0.0,0.0,0.0,0.0,0.0,0.0,0.0,0.0,0.0,0.0,0.0,0.0,0.0,0.0,0.0,0.0,0.0,0.0,0.0,0.0,0.0,0.0,0.0,0.0,0.0,0.0,0.0,0.0,0.0,0.0,0.0,0.0,0.0,0.0,0.0,0.0,0.0,0.0,0.0,0.0,0.0,0.0,0.0,0.0,0.0,0.0,0.0,0.0,0.0,0.0,0.0,0.0,0.0,0.0,0.0,0.0,0.0,0.0,0.0,0.0,0.0,0.0,0.0,0.0,0.0,0.0,0.0,0.0,0.0,0.0,0.0,0.0,0.0,0.0,0.0,0.0,0.0,0.0,0.0,0.0,0.0,0.0,0.0,0.0,0.0,0.0,0.0,0.0,0.0,0.0,0.0,0.0,0.0,0.0,0.0,0.0,0.0,0.0,0.0,0.0,0.0,0.0,0.0,0.0,0.0,0.0,0.0,0.0
443,0.0226294491440057,0.0415099821984767,0.0,0.008459985256195,0.0,0.0227787476032972,0.0401927419006824,0.0299126785248518,0.0,0.020770363509655,0.0178248975425958,0.0,0.0,0.0043092812411487,0.022718284279108,0.0240994691848754,0.0152332251891493,0.0087495138868689,0.0360451489686965,0.0169166680425405,0.0,0.0459120795130729,0.0142328040674328,0.0266372095793485,0.0235013496130704,0.0,0.0,0.1326838433742523,0.2051805406808853,0.0283145383000373,0.0099906614050269,0.0,0.0179524943232536,0.0,0.0241976268589496,0.0293248277157545,0.0,0.0,0.0242598485201597,0.0216551329940557,0.0,0.0243182331323623,0.1180907040834426,0.0674633011221885,0.0135173890739679,0.0,0.0438713133335113,0.0,0.0034683037083595,0.0213945861905813,0.053769577294588,0.0309841204434633,0.095972403883934,0.4908264279365539,0.0,0.0342966578900814,0.0306608919054269,0.0,0.1599693596363067,0.0297979190945625,0.0225128773599863,0.0318369194865226,0.0737588554620742,0.0,0.0459781698882579,0.0,0.0455116890370845,0.044946014881134,0.0196775887161493,0.026577329263091,0.0252744145691394,0.0,0.0093450360000133,0.0153774991631507,0.0,0.0147735774517059,0.0,0.0376995168626308,0.0406169295310974,0.0122685013338923,0.0146998446434736,0.01566725037992,0.0396706722676754,0.1772803664207458,0.0185158867388963,0.0,0.0208231881260871,0.0433019027113914,0.0462057143449783,0.0169061347842216,0.0459164455533027,0.0229831598699092,0.0513552725315094,0.0313974320888519,0.0450968258082866,0.0,0.0,0.0213764756917953,0.0241509489715099,0.0,0.0173913780599832,0.0315962806344032,0.0161754395812749,0.0387562215328216,0.0,0.02987901866436,0.0370147563517093,0.0,0.0600862428545951,0.1100082248449325,0.0313131362199783,0.0168211199343204,0.0104620959609746,0.0330521203577518,0.047815166413784,0.1473363190889358,0.0,0.0383800454437732,0.0262806341052055,0.0,0.0749465450644493,0.0147894509136676,0.0290546510368585,0.0,0.1635913848876953,0.016740970313549,0.0219390168786048,0.0167234111577272
447,0.0,0.0,0.0,0.0,0.0,0.0,0.0,0.0,0.0,0.0,0.0,0.0,0.0,0.0,0.0,0.0,0.0,0.0,0.0,0.0,0.0,0.0,0.0,0.0,0.0,0.0,0.0,0.0,0.0,0.0,0.0,0.0,0.0,0.0,0.0,0.0,0.0,0.0,0.0,0.0,0.0,0.0,0.0,0.0,0.0,0.0,0.0,0.0,0.0,0.0,0.0,0.0,0.0,0.0,0.0,0.0,0.0,0.0,0.0,0.0,0.0,0.0,0.0,0.0,0.0,0.0,0.0,0.0,0.0,0.0,0.0,0.0,0.0,0.0,0.0,0.0,0.0,0.0,0.0,0.0,0.0,0.0,0.0,0.0,0.0,0.0,0.0,0.0,0.0,0.0,0.0,0.0,0.0,0.0,0.0,0.0,0.0,0.0,0.0,0.0,0.0,0.0,0.0,0.0,0.0,0.0,0.0,0.0,0.0,0.0,0.0,0.0,0.0,0.0,0.0,0.0,0.0,0.0,0.0,0.0,0.0,0.0,0.0,0.0,0.0,0.0,0.0,0.0
449,0.0,0.5906082391738892,0.8592132329940796,0.0,0.0,0.9720786213874816,0.0,0.0,0.7758891582489014,0.6206526160240173,0.5901033282279968,0.8761176466941833,0.9067846536636353,0.9677537083625792,0.0,0.0,0.0,0.8854040503501892,0.811240553855896,0.8763675689697266,0.9652740359306335,0.0,0.8656889796257019,0.7447595000267029,0.8351348042488098,0.5214883685112,0.9386248588562012,0.7624872326850891,0.5687743425369263,0.0,0.8645197749137878,0.0,0.0,0.7128521800041199,0.7175344824790955,0.8011070489883423,0.7223626971244812,0.0,0.8334624171257019,0.8879844546318054,0.8196697235107422,0.0,0.0,0.5555188059806824,0.912548840045929,0.0,0.0,0.0,0.98123961687088,0.0,0.5874140858650208,0.0,0.0,0.98018616437912,0.8906381726264954,0.6383333206176758,0.0,0.0,0.0,0.749413251876831,0.6554833650588989,0.0,0.866950273513794,0.4826219975948334,0.0,0.0,0.0,0.6477628946304321,0.0,0.6178682446479797,0.795339047908783,0.0,0.0,0.5255561470985413,0.9128704071044922,0.0,0.8411734700202942,0.0,0.0,0.0,0.0,0.3769934773445129,0.0,0.0,0.7654553651809692,0.985690414905548,0.0,0.69819575548172,0.9538261294364928,0.0,0.0,0.0,0.0,0.6925222277641296,0.8829594850540161,0.69060879945755,0.0,0.912481129169464,0.0,0.8258084058761597,0.9554978609085084,0.664069414138794,0.0,0.6893278956413269,0.7375174760818481,0.9617573022842408,0.6677663922309875,0.9774550795555116,0.0,0.0,0.0,0.3056773543357849,0.0,0.8657878637313843,0.0,0.8896333575248718,0.0,0.0,0.856128454208374,0.8790736794471741,0.0,0.8112819194793701,0.0,0.9063668251037598,0.0,0.8807029724121094,0.8402790427207947,0.0
452,0.0101268338039517,0.0,0.0,0.0,0.0,0.0,0.0177322495728731,0.0,0.0,0.0,0.0,0.0,0.0,0.0,0.0,0.0,0.0,0.0,0.0254334993660449,0.020016198977828,0.0,0.0,0.0,0.0,0.0334805995225906,0.0,0.0,0.0,0.0074075004085898,0.0,0.0,0.0,0.0,0.0,0.0,0.0,0.0243778005242347,0.0,0.0,0.0,0.0,0.0,0.0348377488553524,0.0,0.0,0.0,0.0,0.0,0.0,0.0105691431090235,0.0,0.0,0.0,0.0,0.0,0.0,0.0,0.0104838572442531,0.0,0.0,0.0,0.0149488002061843,0.0,0.0,0.0307274013757705,0.0,0.0,0.0,0.0,0.0,0.0,0.0,0.0,0.0,0.0,0.0,0.0,0.0,0.0,0.0,0.0,0.0,0.0499110035598278,0.0,0.0,0.0,0.0,0.0,0.0,0.0,0.0,0.0,0.0,0.0,0.0,0.0,0.0,0.0,0.0236180014908313,0.0205622855573892,0.0,0.0,0.0,0.0,0.0,0.0,0.0,0.0,0.0,0.0,0.0,0.0,0.0,0.0,0.0,0.0,0.0154158342629671,0.0225490015000104,0.0,0.0,0.0,0.0,0.0,0.0,0.0,0.0,0.0,0.0
464,0.0,0.0,0.0,0.0,0.0,0.0,0.0,0.0,0.0,0.0,0.0,0.0,0.0,0.0,0.0,0.0,0.0,0.0,0.0,0.0,0.0,0.0,0.0,0.0,0.0,0.0,0.0,0.0,0.0,0.0,0.0,0.0,0.0,0.0,0.0,0.0,0.0,0.0,0.0,0.0,0.0,0.0,0.0,0.0,0.0,0.0,0.0,0.0,0.0,0.2799622416496277,0.0,0.0,0.0,0.0,0.0,0.0,0.0,0.0,0.0,0.0,0.0,0.0,0.0,0.0,0.0,0.0,0.0,0.0,0.0,0.0,0.0,0.0,0.0,0.0,0.0,0.0,0.0,0.0,0.0,0.0,0.0,0.0,0.0,0.0,0.0,0.0,0.0,0.0,0.0,0.0,0.0,0.0,0.0,0.0,0.0,0.0,0.0,0.0,0.0,0.0,0.0,0.0,0.0,0.0,0.0,0.0,0.0,0.0,0.0,0.0,0.0,0.0,0.0,0.0,0.0,0.0,0.0,0.0,0.0,0.0,0.0,0.0,0.0,0.0,0.0,0.0,0.0,0.0
467,0.0,0.0,0.0,0.0,0.0,0.0,0.1153580620884895,0.0,0.0,0.0,0.0,0.0,0.0,0.0,0.2472711950540542,0.0,0.0,0.0,0.0612898766994476,0.0,0.0,0.0,0.0,0.0,0.0,0.3880394995212555,0.0,0.0,0.0,0.0,0.0,0.0,0.0,0.0,0.0,0.0,0.0,0.0,0.0,0.0,0.0,0.0,0.2319374978542328,0.0,0.0,0.0,0.0,0.0,0.0,0.0,0.0,0.0,0.0484023764729499,0.0,0.0,0.0,0.0,0.0,0.0,0.0,0.1468364596366882,0.0,0.0,0.0,0.0,0.0,0.0,0.0,0.0,0.0,0.0,0.0,0.0,0.1554123908281326,0.0,0.0,0.0,0.0,0.0,0.0,0.0,0.0,0.0,0.0,0.0,0.0,0.0,0.0,0.0,0.0,0.0755292177200317,0.1436071991920471,0.0,0.0,0.0,0.0,0.0,0.0,0.0,0.0,0.0,0.0,0.0,0.0,0.0,0.0,0.0,0.0,0.0,0.0,0.0627394020557403,0.0,0.0,0.0,0.0,0.0,0.0,0.0,0.0,0.0,0.0,0.0,0.0,0.0,0.0,0.0,0.0,0.0
469,0.0,0.0,0.0,0.0,0.0,0.0,0.0,0.0,0.0,0.0,0.0,0.0,0.0,0.0,0.0,0.0,0.0,0.0,0.778095006942749,0.0,0.0,0.0,0.0,0.0,0.0,0.0,0.0,0.0,0.0,0.0,0.0,0.0,0.0,0.0,0.0,0.0,0.0,0.0,0.0068323411978781,0.0,0.0,0.0,0.0,0.054526999592781,0.0,0.8204180002212524,0.0,0.0,0.0,0.0,0.0,0.0,0.0,0.0,0.0,0.0,0.0,0.0,0.0,0.0,0.0,0.0,0.0,0.0,0.0,0.8044300079345703,0.0,0.0,0.0,0.0,0.0,0.0,0.0,0.0,0.0,0.0,0.0573179982602596,0.0,0.0,0.0,0.0,0.0,0.0,0.0,0.0,0.0,0.0,0.0,0.0,0.0,0.0,0.0,0.0,0.1091139987111091,0.0,0.0,0.0,0.0,0.0,0.0,0.0,0.0,0.0,0.0,0.0,0.0907080098986625,0.0,0.0,0.0,0.0,0.0,0.0,0.0,0.0,0.0,0.0,0.0532669983804225,0.0924212783575058,0.0,0.0,0.0,0.0,0.0,0.0,0.0,0.0,0.0,0.0
470,0.8435235023498535,0.3311700820922851,0.8418068885803223,0.0,0.3668678998947143,0.1990454941987991,0.0310382880270481,0.0,0.0,0.2515384554862976,0.0,0.0,0.0,0.3821137845516205,0.7413745522499084,0.0,0.0,0.0,0.7282923460006714,0.2179057300090789,0.9932734966278076,0.0,0.0,0.2306869924068451,0.0,0.0,0.0,0.2839315831661224,0.96578449010849,0.6157479882240295,0.0,0.0,0.7654474377632141,0.1581249982118606,0.0,0.1225209236145019,0.0684200078248977,0.2048629224300384,0.6650689840316772,0.0,0.0,0.181890994310379,0.0,0.9674644470214844,0.365742415189743,0.9224419593811036,0.6245660185813904,0.3836548030376434,0.6915063858032227,0.0,0.1560318917036056,0.2916530072689056,0.1958495825529098,0.6613489985466003,0.698164165019989,0.0,0.54936683177948,0.1937402039766311,0.0,0.5963057279586792,0.4395720362663269,0.0,0.0,0.1108600050210952,0.8513631820678711,0.8193382620811462,0.9298524856567384,0.0,0.6676428914070129,0.0,0.7559435367584229,0.1135187968611717,0.7067500352859497,0.0,0.3188032805919647,0.0,0.7987868785858154,0.0,0.0,0.0,0.6453816890716553,0.0,0.0,0.7567247748374939,0.7660530805587769,0.6509235501289368,0.0,0.8614929914474487,0.0,0.96237450838089,0.6504868865013123,0.9729629755020142,0.0,0.0,0.0,0.9529255032539368,0.6408987045288086,0.3599333465099334,0.0,0.1725188791751861,0.0,0.5041179656982422,0.0300762504339218,0.967294991016388,0.0,0.0,0.7565949559211731,0.9317549467086792,0.0895819962024688,0.2222405076026916,0.4833390116691589,0.955585479736328,0.0542283356189727,0.0,0.1732186675071716,0.0,0.9802144765853882,0.0,0.0,0.0,0.311271995306015,0.0,0.2149931788444519,0.2870925068855285,0.456465482711792,0.579239010810852,0.3020590543746948,0.4606395065784454
474,0.0,0.0,0.0,0.0,0.0,0.0,0.0,0.0,0.0,0.0,0.0,0.0,0.0,0.0,0.0,0.0,0.0,0.0,0.0,0.0,0.0,0.0,0.0,0.0,0.0,0.0,0.0,0.0,0.0,0.0,0.0,0.0,0.0,0.0,0.0,0.0,0.0,0.0,0.0,0.0,0.0,0.0,0.0,0.0,0.0,0.0,0.0,0.0,0.0,0.0,0.0,0.0,0.0,0.0,0.0,0.0,0.0,0.0,0.0,0.0,0.0,0.0,0.0,0.0,0.0,0.0,0.0,0.0,0.0,0.0,0.0,0.0,0.0,0.0,0.0,0.0,0.0,0.0,0.0,0.0,0.0,0.0,0.0,0.0,0.0,0.0,0.0,0.0,0.0,0.0,0.0,0.0,0.0,0.0,0.0,0.0,0.0,0.0,0.0,0.0,0.0,0.0,0.0,0.0,0.0,0.0,0.0,0.0,0.0,0.0,0.0,0.0,0.0,0.0,0.0,0.0,0.0,0.0,0.0,0.0,0.0,0.0,0.0,0.0,0.0,0.0,0.0,0.0
477,0.0,0.0,0.0,0.0,0.0,0.0,0.0,0.0,0.0,0.0,0.0,0.0,0.0,0.0,0.0,0.0,0.0,0.0,0.0,0.0,0.0,0.0,0.0,0.0,0.0,0.0,0.0,0.0,0.0,0.0,0.0,0.0,0.0,0.0,0.0,0.0,0.0,0.0,0.0,0.0,0.0,0.0,0.0,0.0,0.0,0.0,0.0,0.0,0.0,0.0,0.0,0.0,0.0,0.0,0.0,0.0,0.0,0.0,0.0,0.0,0.0,0.0,0.0,0.0,0.0,0.0,0.0,0.0,0.0,0.0,0.0,0.0,0.0,0.0,0.0,0.0,0.0,0.0,0.0,0.0,0.0,0.0,0.0,0.0,0.0,0.0,0.0,0.0,0.0,0.0,0.0,0.0,0.0,0.0,0.0,0.0,0.0,0.0,0.0,0.0,0.0,0.0,0.0,0.0,0.0,0.0,0.0,0.0,0.0,0.0,0.0,0.0,0.0,0.0,0.0,0.0,0.0,0.0,0.0,0.0,0.0,0.0,0.0,0.0,0.0,0.0,0.0,0.0
479,0.0,0.0,0.0,0.0,0.0,0.0,0.0,0.0,0.0,0.0,0.0,0.0,0.0,0.0,0.0,0.0,0.0,0.0,0.0,0.0,0.0,0.0,0.0,0.0,0.0,0.0,0.0,0.0,0.0,0.0,0.0,0.0,0.0,0.0,0.0,0.0,0.0,0.0,0.0,0.0,0.0,0.0,0.0,0.0,0.0,0.0,0.0,0.0,0.0,0.0,0.0,0.0,0.0,0.0,0.0,0.0,0.0,0.0,0.0,0.0,0.0,0.0,0.0,0.0,0.0,0.0,0.0,0.0,0.0,0.0,0.0,0.0,0.0,0.0,0.0,0.0,0.0,0.0,0.0,0.0,0.0,0.0,0.0,0.0,0.0,0.0,0.0,0.0,0.0,0.0,0.0,0.0,0.0,0.0,0.0,0.0,0.0,0.0,0.0,0.0,0.0,0.0,0.0,0.0,0.0,0.0,0.0,0.0,0.0,0.0,0.0,0.0,0.0,0.0,0.0,0.0,0.0,0.0,0.0,0.0,0.0,0.0,0.0,0.0,0.0,0.0,0.0,0.0
480,0.0889342278242111,0.0,0.0089774010702967,0.0,0.0,0.0,0.0,0.1096242293715477,0.0,0.0300270188599824,0.0187198370695114,0.1091489270329475,0.0,0.0116568226367235,0.07007347792387,0.0182667411863803,0.0657883733510971,0.0072259134612977,0.0851340144872665,0.1433776617050171,0.0250532738864421,0.01167469099164,0.0,0.0,0.0606726557016372,0.0,0.1034632623195648,0.0955913811922073,0.0454196482896804,0.0,0.0189779996871948,0.0,0.0061224224045872,0.0,0.0180984083563089,0.0,0.0,0.0,0.0,0.059998158365488,0.0,0.0440973341464996,0.0142212864011526,0.0,0.0132054770365357,0.0341971181333065,0.0552482865750789,0.0,0.0173947904258966,0.0,0.0086376667022705,0.0049735349602997,0.0,0.0030145000200718,0.0,0.0281166080385446,0.0171532519161701,0.025197472423315,0.1386200040578842,0.0122902961447834,0.0280244126915931,0.0115308919921517,0.0159188471734523,0.0074585559777915,0.0073053753003478,0.0,0.2182167172431945,0.2157547920942306,0.0138628976419568,0.0258777104318141,0.0,0.0423001125454902,0.0,0.0048368638381361,0.0,0.0455972589552402,0.0,0.1022415310144424,0.0331406667828559,0.0250537972897291,0.0,0.0287205018103122,0.014322355389595,0.0162151455879211,0.0398528948426246,0.1389518231153488,0.0,0.0106331668794155,0.0311659611761569,0.0709225609898567,0.0,0.0129746198654174,0.0392069779336452,0.0,0.0640891045331955,0.0,0.0,0.0141421603038907,0.0214829128235578,0.0471856258809566,0.0196753181517124,0.0377317555248737,0.0402442514896392,0.0466507747769355,0.016817757859826,0.0267956666648387,0.0569490566849708,0.0260667670518159,0.0192789603024721,0.0894150733947753,0.0322757400572299,0.0266341362148523,0.0,0.0217424593865871,0.0155998263508081,0.0646831691265106,0.0,0.0037165926769375,0.1194724962115287,0.0,0.0,0.0163320749998092,0.0313797183334827,0.0303825214505195,0.0367916971445083,0.0231987703591585,0.0189326666295528,0.0339009054005146
481,0.1368190050125122,0.0,0.9784079790115356,0.8827318549156189,0.0,0.8520960211753845,0.0,0.0,0.0,0.6504212021827698,0.0,0.0,0.0,0.0,0.0,0.825781524181366,0.9876992106437684,0.0,0.995311677455902,0.4693611264228821,0.6371514201164246,0.7441028952598572,0.0,0.0,0.8903118371963501,0.5458710193634033,0.8768724203109741,0.6601305603981018,0.0,0.033099889755249,0.85387122631073,0.0131716001778841,0.0,0.0133643997833132,0.230709046125412,0.7201234698295593,0.7711843848228455,0.501343309879303,0.6533967852592468,0.0141270002350211,0.7188249230384827,0.3958154320716858,0.7951788902282715,0.532359778881073,0.7059628367424011,0.8047327399253845,0.4864906668663025,0.7814865112304688,0.6974207758903503,0.2692390084266662,0.0,0.6598646640777588,0.0943836942315101,0.9757384061813354,0.0,0.0,0.0,0.0,0.8142730593681335,0.4658252894878387,0.0,0.8247228860855103,0.0,0.7804293632507324,0.0,0.99911367893219,0.7889206409454346,0.2442296892404556,0.7170726656913757,0.6962836384773254,0.0497003756463527,0.953384518623352,0.8889217376708984,0.7419881820678711,0.4059496223926544,0.7026224732398987,0.9822143912315368,0.822307288646698,0.5689473748207092,0.7504540085792542,0.0750147998332977,0.8029351234436035,0.7379693388938904,0.7282450795173645,0.6364560127258301,0.0,0.0,0.995252013206482,0.0,0.9700207710266112,0.7515348792076111,0.3947247266769409,0.0,0.8150085210800171,0.0473220236599445,0.0,0.0,0.0,0.5029667615890503,0.3853660225868225,0.9410568475723268,0.0,0.5874680280685425,0.9786615371704102,0.6134312748908997,0.9631242752075196,0.9727054834365844,0.0,0.7110727429389954,0.0,0.9885360598564148,0.0,0.0,0.6903049349784851,0.6938755512237549,0.4804899990558624,0.9047874212265016,0.0,0.2670629918575287,0.9370789527893066,0.929929494857788,0.9949453473091124,0.0,0.2090192437171936,0.0,0.6078909039497375,0.9278852343559264,0.5164982676506042
487,0.4134515523910522,0.0,0.0,0.0,0.0,0.0,0.0,0.0,0.0,0.0,0.0,0.0,0.0,0.0,0.0,0.0,0.0,0.0,0.0,0.4435585439205169,0.0,0.0,0.0,0.0,0.0,0.0,0.0,0.0,0.0,0.0,0.0,0.0,0.0,0.0,0.0,0.0,0.4966150224208832,0.0,0.0,0.0,0.0,0.0,0.0,0.0,0.0,0.0,0.0,0.0,0.0,0.0,0.5434127449989319,0.0,0.0,0.0,0.0,0.0,0.0,0.0,0.5814294219017029,0.0,0.0,0.0,0.0,0.0,0.0,0.0,0.0,0.0,0.0,0.0,0.0,0.0,0.0,0.0,0.0,0.0,0.0,0.0846979990601539,0.0,0.0,0.0,0.0,0.0,0.0,0.0,0.0,0.0,0.0,0.0,0.0,0.0,0.0,0.5110824704170227,0.0,0.0,0.0,0.0,0.3244774639606476,0.0,0.0,0.0,0.0,0.0,0.0,0.0,0.0,0.0,0.0,0.0,0.0,0.0,0.0,0.0,0.0,0.0,0.0,0.0,0.0,0.0,0.0,0.0,0.0,0.0,0.0,0.0,0.0,0.0,0.0
494,0.0,0.0,0.0,0.0,0.0,0.0,0.0,0.0,0.0,0.0,0.0,0.0,0.0,0.0,0.0,0.0,0.0,0.0,0.0,0.0,0.0385480001568794,0.0,0.0,0.0,0.0,0.0,0.0,0.0,0.0,0.0,0.0,0.0,0.0,0.0,0.0,0.0,0.0,0.0,0.0,0.0,0.0,0.0,0.0,0.0,0.0,0.1051907464861869,0.0,0.0,0.0,0.0,0.0,0.0,0.0,0.0,0.0,0.4761994481086731,0.0,0.0,0.0,0.0,0.0,0.0,0.0,0.0,0.0,0.0,0.0,0.0,0.0,0.0,0.0,0.0,0.0,0.0,0.0,0.0,0.0,0.0,0.0,0.0,0.0,0.0,0.0,0.0,0.0,0.0,0.0,0.0,0.0,0.0,0.0,0.0,0.0,0.0,0.0,0.0,0.0,0.0,0.0433650016784668,0.0,0.0,0.0,0.0,0.0,0.0,0.0,0.0,0.0,0.0,0.0,0.0324949994683265,0.0,0.0,0.0,0.0,0.0,0.0,0.0,0.0,0.0,0.0,0.0,0.0,0.0,0.0,0.0,0.0,0.0
496,0.1627702713012695,0.0,0.0,0.0,0.0,0.0,0.0,0.2168919891119003,0.0,0.0,0.0,0.0,0.0,0.0,0.0,0.0,0.0,0.0,0.0,0.0,0.0,0.0,0.0,0.0,0.0,0.0,0.0,0.0,0.0,0.08002720028162,0.0,0.0,0.1231594085693359,0.0,0.0,0.0,0.0,0.0,0.2277985513210296,0.0,0.0,0.0,0.2098774164915084,0.0,0.0,0.0,0.0855423510074615,0.0,0.0,0.0,0.0,0.0,0.0,0.0,0.0,0.0,0.0,0.0,0.0,0.0,0.6029260158538818,0.0,0.0,0.0,0.0,0.0,0.0,0.0,0.0,0.0,0.099517822265625,0.0,0.0,0.0492605417966842,0.0,0.0,0.0,0.0,0.0,0.0,0.0,0.0,0.0,0.0,0.0,0.0,0.0,0.0,0.0,0.0,0.0,0.0,0.0,0.0541596971452236,0.0,0.0,0.0,0.0,0.0,0.0,0.0,0.0,0.0,0.0,0.0,0.0,0.0,0.0,0.0,0.0,0.0,0.0,0.0,0.0,0.0,0.1400930136442184,0.0,0.1494626253843307,0.0,0.0,0.0,0.0,0.0,0.0,0.0,0.0,0.0,0.0309111718088388
505,0.0,0.0,0.0,0.0,0.0,0.0,0.0,0.0,0.0,0.0,0.0,0.0,0.0,0.0,0.0,0.0,0.0,0.0,0.0,0.0,0.0,0.0,0.0,0.0,0.0,0.0,0.0,0.0,0.0,0.0,0.0,0.0,0.0,0.0,0.0,0.0,0.0,0.0,0.0,0.0,0.0,0.0,0.0,0.0,0.0,0.0,0.0,0.0,0.0,0.0,0.0,0.0,0.0,0.0,0.0,0.0,0.0,0.0,0.0,0.0,0.0,0.0,0.0,0.0,0.0,0.0,0.0,0.0,0.0,0.0,0.0,0.0,0.0,0.0,0.0,0.0,0.0,0.0,0.0,0.0,0.0,0.0,0.0,0.0,0.0,0.0,0.0,0.0,0.0,0.0,0.0,0.0,0.0,0.0,0.0,0.0,0.0,0.0,0.0,0.0,0.0,0.0,0.0,0.0,0.0,0.0,0.0,0.0,0.0,0.0,0.0,0.0,0.0,0.0,0.0,0.0,0.0,0.0,0.0,0.0,0.0,0.0,0.0,0.0,0.0,0.0,0.0,0.0
513,0.0,0.0,0.0,0.0,0.0,0.0,0.0,0.0,0.0,0.0,0.0,0.0,0.0,0.0,0.0,0.0,0.0,0.0,0.0,0.0,0.0,0.0,0.0,0.0,0.0,0.0,0.0,0.0,0.0,0.0,0.0,0.0,0.0,0.0,0.0,0.0,0.0,0.0,0.0,0.0,0.0,0.0,0.0,0.0,0.0,0.0,0.0,0.0,0.0,0.0,0.0,0.0,0.0,0.0,0.0,0.0,0.0,0.0,0.0,0.0,0.0,0.0,0.0,0.0,0.0,0.0,0.0,0.0,0.0,0.0,0.0,0.0,0.0,0.0,0.0,0.0,0.0,0.0,0.0,0.0,0.0,0.0,0.0,0.0,0.0,0.0,0.0,0.0,0.0,0.0,0.0,0.0,0.0,0.0,0.0,0.0,0.0,0.0,0.0,0.0,0.0,0.0,0.0,0.0,0.0,0.0,0.0,0.0,0.0,0.0,0.0,0.0,0.0,0.0,0.0,0.0,0.0,0.0,0.0,0.0,0.0,0.0,0.0,0.0,0.0,0.0,0.0,0.0
518,0.0,0.0,0.0,0.0,0.0,0.0,0.0,0.0,0.0,0.0,0.0,0.0,0.0,0.0,0.0,0.0,0.0,0.0,0.0,0.0,0.0,0.0,0.0,0.0,0.0,0.0,0.0,0.0,0.0,0.0,0.0,0.0,0.0,0.0,0.0,0.0,0.0,0.0,0.0,0.0,0.0,0.0,0.0,0.0,0.0,0.0,0.0,0.0,0.0,0.0,0.0,0.0,0.0,0.0,0.0,0.0,0.0,0.0,0.0,0.0,0.0,0.0,0.0,0.0,0.0,0.0,0.0,0.0,0.0,0.0,0.0,0.0,0.0,0.0,0.0,0.0,0.0,0.0,0.0,0.0,0.0,0.0,0.0,0.0,0.0,0.0,0.0,0.0,0.0,0.0,0.0,0.0,0.0,0.0,0.0,0.0,0.0,0.0,0.0,0.0,0.0,0.0,0.0,0.0,0.0,0.0,0.0,0.0,0.0,0.0,0.0,0.0,0.0,0.0,0.0,0.0,0.0,0.0,0.0,0.0,0.0,0.0,0.0,0.0,0.0,0.0,0.0,0.0
520,0.2000000029802322,0.0,0.0,0.0557795241475105,0.0282417628914117,0.0,0.0,0.0726348310708999,0.0,0.0,0.0270275417715311,0.0833333358168602,0.0,0.0082830358296632,0.0,0.0496392101049423,0.0515841096639633,0.0,0.0,0.0079479180276393,0.2173243463039398,0.0,0.0,0.1179978176951408,0.0,0.0250390954315662,0.0,0.0,0.0,0.0649466142058372,0.0,0.0289977863430976,0.0752033367753028,0.04009909927845,0.0,0.0152871059253811,0.0282274056226015,0.0,0.0,0.0355011858046054,0.0,0.0265477560460567,0.0,0.0138079784810543,0.0,0.0331793799996376,0.0281694158911705,0.0,0.0,0.1112110018730163,0.0,0.0548990368843078,0.019374743103981,0.0,0.0223253052681684,0.0,0.0763316676020622,0.0,0.0,0.0,0.0,0.0,0.0,0.0,0.071025900542736,0.0698741897940635,0.0212765950709581,0.0,0.0352947227656841,0.0,0.0344827584922313,0.0350635237991809,0.0909090936183929,0.0214057434350252,0.0516779981553554,0.0,0.0,0.0268724486231803,0.1175078451633453,0.0428786091506481,0.0128918858245015,0.0,0.2443611472845077,0.0443948619067668,0.0652140900492668,0.1030249968171119,0.0251639485359191,0.0412098206579685,0.0,0.1782810240983963,0.0,0.0333333350718021,0.0,0.0,0.2241642922163009,0.0,0.060331180691719,0.0,0.0,0.0,0.0,0.0,0.0271443147212266,0.0,0.0,0.0,0.2975490093231201,0.0418306104838848,0.0,0.0642806738615036,0.0,0.0,0.0339032188057899,0.0,0.0311922039836645,0.0179715473204851,0.0,0.0,0.0,0.081174835562706,0.0,0.1037670001387596,0.0159622617065906,0.0059649422764778,0.0,0.0,0.035774502903223,0.2180423438549041
521,0.2598473131656647,0.1995570212602615,0.0,0.2853731513023376,0.2888457775115967,0.0,0.0,0.0,0.0,0.0,0.0,0.0,0.2001970261335373,0.2290142774581909,0.2229099124670028,0.0,0.2397544085979461,0.0,0.0,0.0,0.2036556899547577,0.1367459297180175,0.3194787800312042,0.2276394218206405,0.0,0.0,0.0,0.0,0.1740154176950454,0.2903999388217926,0.0,0.0,0.1999972313642501,0.2379694133996963,0.1534557789564132,0.0,0.0,0.0,0.0,0.2445817440748214,0.3043996095657348,0.0,0.2124359160661697,0.0,0.2121937274932861,0.0,0.0,0.0,0.2136502414941787,0.0,0.0,0.2284189462661743,0.0,0.2849035263061523,0.0,0.0,0.0,0.202622041106224,0.2289234697818756,0.0,0.2386191338300705,0.0,0.0,0.2141022980213165,0.0,0.2214594334363937,0.0,0.0,0.0,0.0,0.0,0.2365780025720596,0.2994589805603027,0.0,0.0,0.0,0.0,0.0,0.0,0.0,0.0,0.0,0.2587289810180664,0.0144580574706196,0.0,0.0,0.1805799454450607,0.1924650967121124,0.0,0.2698608636856079,0.0,0.2341367453336715,0.0,0.2428761273622512,0.0,0.2929129004478454,0.1614648848772049,0.2134947925806045,0.0,0.2372537702322006,0.0,0.2315445840358734,0.2762803137302398,0.0,0.3145576417446136,0.0,0.2136063873767852,0.1896671205759048,0.2232374399900436,0.0,0.1997149139642715,0.0,0.2354265749454498,0.122103102505207,0.0,0.137831375002861,0.2139968872070312,0.201199322938919,0.0,0.2620125412940979,0.2060320079326629,0.0,0.0,0.0,0.0,0.0,0.0,0.0
531,0.0,0.0,0.0,0.0,0.0,0.0,0.0,0.0,0.0,0.0,0.0,0.0,0.0,0.0,0.0,0.0,0.0,0.0,0.0,0.0,0.0,0.0,0.0,0.0,0.0,0.0,0.0,0.0,0.0,0.0,0.0,0.0,0.0,0.0,0.0,0.0,0.0,0.0,0.0,0.0,0.0,0.0,0.0,0.0,0.0,0.0,0.0,0.0,0.0,0.0,0.0,0.0,0.0,0.0,0.0,0.0,0.0,0.0,0.0,0.0,0.0,0.0,0.0,0.0,0.0,0.0,0.0,0.0,0.0,0.0,0.0,0.0,0.0,0.0,0.0,0.0,0.0,0.0,0.0,0.0,0.0,0.0,0.0,0.0,0.0,0.0,0.0,0.0,0.0,0.0,0.0,0.0,0.0,0.0,0.0,0.0,0.0,0.0,0.0,0.0,0.0,0.0,0.0,0.0,0.0,0.0,0.0,0.0,0.0,0.0,0.0,0.0,0.0,0.0,0.0,0.0,0.0,0.0,0.0,0.0,0.0,0.0,0.0,0.0,0.0,0.0,0.0,0.0
545,0.1623149961233139,0.0941955000162124,0.0,0.0,0.0,0.2401947975158691,0.0,0.019522501155734,0.0,0.0,0.0,0.0038913087919354,0.0,0.0,0.0,0.0,0.0,0.0,0.0,0.0,0.0,0.0343138016760349,0.0,0.0,0.0,0.1478263288736343,0.0729880034923553,0.0184014290571212,0.1546796858310699,0.0,0.0,0.0,0.0,0.0,0.0,0.224629744887352,0.0,0.0,0.0,0.0,0.0,0.0,0.0194572005420923,0.0,0.0,0.0,0.0,0.0,0.0,0.0,0.0,0.0,0.1632838249206543,0.0,0.1364724934101104,0.1471143066883087,0.0,0.0,0.0,0.1117440015077591,0.3210369944572449,0.0,0.0674912855029106,0.0,0.0,0.0,0.0,0.0,0.0,0.0,0.0,0.0,0.0,0.0,0.0,0.0,0.0,0.1049028858542442,0.1863850057125091,0.152207002043724,0.0,0.0,0.0,0.0,0.0,0.182247132062912,0.0,0.0,0.0614950023591518,0.2723318338394165,0.0,0.0747070014476776,0.0933760032057762,0.0,0.0,0.0,0.0,0.1195855066180229,0.0,0.1079491823911666,0.0,0.0502831637859344,0.0,0.1783470064401626,0.2137346714735031,0.0,0.1481746584177017,0.0,0.0,0.0794275999069213,0.0274963341653347,0.0797172784805297,0.0,0.0,0.0,0.082881860435009,0.0,0.0,0.0,0.0265285000205039,0.0,0.0,0.0,0.0,0.0,0.1147660017013549,0.0,0.1723594963550567
547,0.0,0.0,0.0,0.0,0.0,0.0,0.0,0.0,0.0,0.0,0.0,0.0,0.0,0.0,0.0,0.0,0.0,0.0,0.0,0.0,0.0,0.0,0.0,0.0,0.0,0.0,0.0,0.0,0.0,0.0,0.0,0.0,0.0,0.0,0.0,0.0,0.0,0.0,0.0,0.0,0.0,0.0,0.0,0.0,0.0,0.0,0.0,0.0,0.0,0.0,0.0,0.0,0.0,0.0,0.0,0.0,0.0,0.0,0.0,0.0,0.0,0.0,0.0,0.0,0.0,0.0,0.0,0.0,0.0,0.0,0.0,0.0,0.0,0.0,0.0,0.0,0.0,0.0,0.0,0.0,0.0,0.0,0.0,0.0,0.0,0.0,0.0,0.0,0.0,0.0,0.0,0.0,0.0,0.0,0.0,0.0,0.0,0.0,0.0,0.0,0.0,0.0,0.0,0.0,0.0,0.0,0.0,0.0,0.0,0.0,0.0,0.0,0.0,0.0,0.0,0.0,0.0,0.0,0.0,0.0,0.0,0.0,0.0,0.0,0.0,0.0,0.0,0.0
554,0.0,0.2031057476997375,0.316130518913269,0.0,0.4378062486648559,0.0,0.2642714083194732,0.5085532069206238,0.5527516007423401,0.2565316557884216,0.5872176885604858,0.6372234225273132,0.332149475812912,0.0,0.2900917828083038,0.3317709565162658,0.0,0.0,0.3350605368614197,0.1659718304872512,0.3875545561313629,0.2407802194356918,0.5714035630226135,0.0,0.3831386566162109,0.0,0.4399839043617248,0.5998944640159607,0.0,0.0,0.4408535063266754,0.1452273428440094,0.3127850592136383,0.0,0.4902233183383941,0.4231979250907898,0.5141042470932007,0.0,0.0490712635219097,0.0,0.0,0.5774638056755066,0.0,0.0,0.7140753269195557,0.1106519699096679,0.0,0.5681487917900085,0.3370492458343506,0.0,0.0,0.5213658213615417,0.2386721819639206,0.0,0.0,0.4619838893413543,0.5541647672653198,0.1883677244186401,0.5646094679832458,0.0,0.0518437772989273,0.1890120357275009,0.0,0.1930263787508011,0.1838130056858062,0.0,0.0,0.0,0.2007069289684295,0.4832477867603302,0.447931706905365,0.0,0.0,0.4714644253253937,0.668169379234314,0.3792804777622223,0.0,0.5076951384544373,0.0,0.0,0.3646275699138641,0.2706172168254852,0.0,0.5215561985969543,0.0,0.0,0.0,0.0900900810956955,0.4333224296569824,0.0,0.0,0.1672355383634567,0.1905553042888641,0.0,0.2694441676139831,0.3504661619663238,0.491459310054779,0.0,0.6140221953392029,0.2719297409057617,0.0,0.0,0.4909057319164276,0.0,0.0,0.0,0.0,0.0,0.2893494069576263,0.4288839101791382,0.0,0.0,0.2958687841892242,0.1907919645309448,0.0,0.1140157356858253,0.3393889367580414,0.5423243045806885,0.327002078294754,0.0,0.2620803117752075,0.472197026014328,0.6795650720596313,0.5703596472740173,0.3600395023822784,0.0,0.0,0.0
555,0.0,0.0,0.0,0.0,0.0,0.0,0.0,0.0,0.0,0.0,0.0,0.0,0.0,0.0,0.0,0.0,0.0,0.0,0.0,0.0,0.0,0.0,0.0,0.0,0.0,0.0,0.0,0.0,0.0,0.0,0.0,0.0,0.0,0.0,0.0,0.0,0.0,0.0,0.0,0.0,0.0,0.0,0.0,0.0,0.0,0.0,0.0,0.0,0.0,0.0,0.0,0.0,0.0,0.0,0.0,0.0,0.0,0.0,0.0,0.0,0.0,0.0,0.0,0.0,0.0,0.0,0.0,0.0,0.0,0.0,0.0,0.0,0.0,0.0,0.0,0.0,0.0,0.0,0.0,0.0,0.0,0.0,0.0,0.0,0.0,0.0,0.0,0.0,0.0,0.0,0.0,0.0,0.0,0.0,0.0,0.0,0.0,0.0,0.0,0.0,0.0,0.0,0.0,0.0,0.0,0.0,0.0,0.0,0.0,0.0,0.0,0.0,0.0,0.0,0.0,0.0,0.0,0.0,0.0,0.0,0.0,0.0,0.0,0.0,0.0,0.0,0.0,0.0
557,0.0,0.0,0.0,0.0,0.0,0.0,0.0,0.0,0.0,0.0,0.9930861592292786,0.0,0.0,0.0,0.0,0.0,0.0,0.0,0.997619926929474,0.0,0.0,0.0,0.0,0.0,0.0,0.0,0.0,0.0,0.0,0.0,0.0,0.0,0.0,0.0,0.0,0.0,0.0,0.1449088305234909,0.0,0.0,0.4499678909778595,0.0,0.0,0.908294439315796,0.0,0.0,0.0,0.0,0.0,0.0,0.0,0.0,0.0950031727552414,0.0,0.0,0.0,0.0,0.9249479174613952,0.0,0.0,0.0,0.0,0.0,0.9993211627006532,0.0,0.0,0.0,0.0,0.0,0.0,0.0,0.9795149564743042,0.1582502871751785,0.0,0.0,0.0,0.0,0.0,0.980816125869751,0.0,0.0,0.3679001629352569,0.0,0.0,0.0,0.0,0.9956605434417723,0.0,0.0,0.0,0.0,0.0,0.0,0.0,0.3670657277107239,0.0,0.0,0.0,0.0,0.0,0.0,0.0,0.0,0.0,0.0,0.0,0.0,0.0,0.8844609260559082,0.9869785904884338,0.0,0.0,0.9483254551887512,0.0,0.0,0.0,0.0,0.0,0.0,0.0,0.0,0.0,0.0,0.0,0.0,0.97171950340271,0.0,0.0
561,0.0,0.0,0.0,0.0,0.0,0.0,0.0,0.0,0.0,0.0,0.0,0.0,0.0,0.0,0.0,0.0,0.0,0.0,0.0,0.0,0.0,0.0,0.0,0.0,0.0,0.0,0.0,0.0,0.0,0.0,0.0,0.0,0.0,0.0,0.0,0.0,0.0,0.0,0.0,0.0,0.0,0.0,0.0,0.0,0.0,0.0,0.0,0.0,0.0,0.0,0.0,0.0,0.0,0.0,0.0,0.0,0.0,0.0,0.0,0.0,0.0,0.0,0.0,0.0,0.0,0.0,0.0,0.0,0.0,0.0,0.0,0.0,0.0,0.0,0.0,0.0,0.0,0.0,0.0,0.0,0.0,0.0,0.0,0.0,0.0,0.0,0.0,0.0,0.0,0.0,0.0,0.0,0.0,0.0,0.0,0.0,0.0,0.0,0.0,0.0,0.0,0.0,0.0,0.0,0.0,0.0,0.0,0.0,0.0,0.0,0.0,0.0,0.0,0.0,0.0,0.0,0.0,0.0,0.0,0.0,0.0,0.0,0.0,0.0,0.0,0.0,0.0,0.0
568,0.0,0.0,0.0,0.0,0.0,0.0,0.0,0.0,0.0,0.0,0.0,0.0,0.0,0.0,0.0,0.0,0.0,0.0,0.0,0.0,0.0,0.0,0.0,0.0,0.0,0.0,0.0,0.0,0.0,0.0,0.0,0.0,0.0,0.0,0.0,0.0,0.0,0.0,0.0,0.0,0.0,0.0,0.0,0.0,0.0,0.0,0.0,0.0,0.0,0.0,0.0,0.0,0.0,0.0,0.0,0.0,0.0,0.0,0.0,0.0,0.0,0.0,0.0,0.0,0.0,0.0,0.0,0.0,0.0,0.0,0.0,0.0,0.0,0.0,0.0,0.0,0.0,0.0,0.0,0.0,0.0,0.0,0.0,0.0,0.0,0.0,0.0,0.0,0.0,0.0,0.0,0.0,0.0,0.0,0.0,0.0,0.0,0.0,0.0,0.0,0.0,0.0,0.0,0.0,0.0,0.0,0.0,0.0,0.0,0.0,0.0,0.0,0.0,0.0,0.0,0.0,0.0,0.0,0.0,0.0,0.0,0.0,0.0,0.0,0.0,0.0,0.0,0.0
570,0.0,0.0,0.0,0.0,0.0,0.0,0.0,0.0,0.0,0.0,0.0,0.0,0.0,0.0,0.0,0.0,0.0,0.0,0.0,0.0,0.0,0.0,0.0,0.0,0.0,0.0,0.0,0.0,0.0,0.0,0.0,0.0,0.0,0.0,0.0,0.0,0.0,0.0,0.0,0.0,0.0,0.0,0.0,0.0,0.0,0.0,0.0,0.0,0.0,0.0,0.0,0.0,0.0,0.1320514976978302,0.0,0.0,0.0,0.0,0.0,0.0,0.0,0.0,0.0,0.0,0.0,0.0,0.0,0.0,0.0,0.0,0.0,0.0,0.0,0.0,0.0,0.0,0.0,0.0,0.0,0.0,0.0,0.0,0.0,0.0,0.0,0.0,0.0,0.0,0.0,0.0,0.0,0.0,0.0,0.0,0.0,0.0,0.0,0.6055653095245361,0.0,0.0,0.0,0.0,0.0,0.0,0.0,0.0,0.0,0.0,0.0,0.0,0.0,0.0,0.0,0.0,0.0,0.0,0.0,0.0,0.0,0.0,0.0,0.0,0.0,0.0,0.0,0.0,0.0,0.0
577,0.0,0.0,0.0,0.0,0.0,0.0,0.0,0.0,0.0,0.0,0.0,0.0,0.0,0.0,0.0,0.0,0.0,0.0,0.0,0.0,0.0,0.0,0.0,0.0,0.0,0.0,0.0,0.0,0.0,0.0,0.0,0.0,0.0,0.0,0.0,0.0,0.0,0.0,0.0,0.0,0.0,0.0,0.0,0.0,0.0,0.0,0.0,0.0,0.0,0.0,0.0,0.0,0.0,0.0,0.0,0.0,0.0,0.0,0.0,0.0,0.0,0.0,0.0,0.0,0.0,0.0,0.0,0.0,0.0,0.0,0.0,0.0,0.0,0.0,0.0,0.0,0.0,0.0,0.0,0.0,0.0,0.0,0.0,0.0,0.0,0.0,0.0,0.0,0.0,0.0,0.0,0.0,0.0,0.0,0.0,0.0,0.0,0.0,0.0,0.0,0.0,0.0,0.0,0.0,0.0,0.0,0.0,0.0,0.0,0.0,0.0,0.0,0.0,0.0,0.0,0.0,0.0,0.0,0.0,0.0,0.0,0.0,0.0,0.0,0.0,0.0,0.0,0.0
588,0.0,0.0,0.0,0.0,0.0,0.0,0.0,0.0,0.0,0.0,0.0,0.0,0.0,0.0,0.0,0.0,0.0,0.0,1.0,0.0,0.0,0.0,0.0,0.0,0.0,0.0,0.0,0.0,0.0,0.0,0.0,0.0,0.0,0.0,0.0,0.0,0.0,0.0,0.0,0.0,0.0,0.0,0.0,0.0,0.0,0.0,0.0,0.0,0.0,0.0,0.0,0.0,0.0,0.0,0.0,0.0,0.0,0.0,0.0,0.0,0.0,0.0,0.0,0.0,0.0,0.0,0.0,0.0,0.0,0.0,0.0,0.0,0.0,0.0,0.0,0.0,0.0,0.0,0.0,0.0,0.0,0.0,0.0,0.0,0.0,0.0,0.0,0.0,0.0,0.0,0.0,0.0,0.0,0.0,0.0,0.0,0.0,0.0,0.0,0.0,0.0,0.0,0.0,0.0,0.0,0.0,0.0,0.0,0.0,0.0,0.0,0.0,0.0,0.0,0.0,0.0,0.0,0.0,0.0,0.0,0.0,0.0,0.0,0.0,0.0,0.0,0.0,0.0
603,0.0,0.0,0.0,0.0,0.0,0.0,0.0,0.0,0.0,0.0,0.0,0.0,0.0,0.0,0.0,0.0,0.0,0.0,0.0,0.0,0.0,0.0,0.0,0.0,0.0,0.0,0.0,0.0,0.0,0.0,0.0,0.0,0.0,0.0,0.0,0.0,0.0,0.0,0.0,0.0,0.0,0.0,0.0,0.0,0.0,0.0,0.0,0.0,0.9332159757614136,0.0,0.0,0.0,0.0,0.0,0.0,0.0,0.0,0.0,0.0,0.0,0.0,0.0,0.0,0.0,0.0,0.0,0.0,0.0,0.0,0.0,0.0,0.0,0.0,0.0,0.0,0.0,0.0,0.0,0.0,0.0,0.0,0.0,0.0,0.0,0.0,0.0,0.0,0.0,0.0,0.0,0.0,0.0,0.0,0.0,0.0,0.0,0.0,0.0,0.0,0.0,0.0,0.0,0.0,0.0,0.0,0.0,0.0,0.0,0.0,0.0,0.0,0.0,0.0,0.0,0.0,0.0,0.0,0.0,0.0,0.0,0.0,0.0,0.2651410102844238,0.0,0.0,0.0,0.2454179972410202,0.0
613,0.0,0.0,0.0,0.0,0.0,0.9907756447792052,0.0,0.0,0.1277661472558975,0.2883050143718719,0.5097650289535522,0.3878377377986908,0.0,0.0,0.0,0.0,0.0,0.0,0.0,0.977846622467041,0.0,0.0,0.0,0.0,0.429278552532196,0.0,0.5805479884147644,0.0,0.0,0.0,0.9092038869857788,0.0,0.0,0.0,0.0,0.0,0.0,0.0,0.0,0.8245024681091309,0.0,0.0,0.0,0.0,0.0,0.0,0.0,0.0,0.0,0.0,0.0,0.0,0.0,0.0,0.0,0.0,0.2308706045150756,0.8069707751274109,0.0,0.0,0.0957144349813461,0.0,0.2648473381996155,0.0,0.0,0.0,0.4023585319519043,0.0,0.0,0.0,0.0,0.0,0.0,0.0,0.0,0.0,0.2508013248443603,0.0,0.6901671886444092,0.4159447252750397,0.0,0.0,0.0,0.0,0.0,0.0,0.5965067148208618,0.0,0.0,0.0,0.0,0.0,0.3307608366012573,0.8093047142028809,0.0,0.0,0.0,0.0,0.0,0.0,0.0,0.3338228762149811,0.0,0.0,0.930835783481598,0.2783961892127991,0.0,0.2480903267860412,0.0,0.0,0.0,0.0,0.0,0.0,0.0,0.6678311824798584,0.2876033782958984,0.0,0.0,0.0,0.0,0.3139676749706268,0.0,0.0,0.0,0.0,0.0,0.0
622,0.0,0.0,0.0,0.0,0.009315000846982,0.0205645002424716,0.0,0.0449022874236106,0.1055896058678627,0.0,0.0,0.0103903338313102,0.050205860286951,0.1374455094337463,0.0,0.0,0.0,0.0346724987030029,0.1534371227025985,0.0,0.3648726046085357,0.1025464981794357,0.2517086565494537,0.0,0.0,0.0,0.0529411472380161,0.0,0.0,0.0305516254156827,0.2451498359441757,0.0,0.1417235732078552,0.0486705563962459,0.0583437494933605,0.0809162482619285,0.065031498670578,0.0,0.1017519980669021,0.0,0.0,0.0,0.206038624048233,0.0,0.2926152050495147,0.1815270036458969,0.1842667162418365,0.041081503033638,0.4111934602260589,0.0198911428451538,0.0229692868888378,0.0,0.0790852531790733,0.0503528751432895,0.0862987264990806,0.0981768369674682,0.0499866232275962,0.0530116260051727,0.0411791242659091,0.0280988588929176,0.0485510043799877,0.0701728612184524,0.1584399938583374,0.0,0.4837557673454284,0.0,0.1239112839102745,0.0116133745759725,0.4269168376922607,0.0,0.3497404158115387,0.0140880001708865,0.0,0.0193188339471817,0.0227418895810842,0.4866293966770172,0.3703276813030243,0.0,0.1750333309173584,0.2315225005149841,0.0,0.0228392500430345,0.2464031130075454,0.2871683835983276,0.0240803323686122,0.0951087176799774,0.3676114380359649,0.351877212524414,0.5120448470115662,0.0530826672911644,0.1221897527575492,0.0363437123596668,0.033645000308752,0.0903516262769699,0.1335847526788711,0.3885575234889984,0.2102386653423309,0.1307464987039566,0.1102141439914703,0.1372710019350052,0.0,0.2690663933753967,0.2347828447818756,0.0205005705356597,0.4869804382324219,0.1022697538137435,0.2625260055065155,0.0307287499308586,0.2981937825679779,0.3247558176517486,0.0642150044441223,0.073961853981018,0.0845737159252166,0.173427015542984,0.1746438592672348,0.0,0.2218246161937713,0.2679457366466522,0.0,0.228009358048439,0.1293595731258392,0.0,0.0496087186038494,0.0086753750219941,0.2843216359615326,0.1615271270275116,0.1532167643308639,0.2469737976789474
635,0.0,0.0,0.0,0.0,0.0,0.0,0.0,0.0,0.0,0.0,0.0,0.0,0.0,0.0,0.0,0.0,0.0,0.0,0.0,0.0,0.0,0.0,0.0,0.0,0.0,0.0,0.0,0.0,0.0,0.0,0.0,0.0,0.0,0.0,0.0,0.0,0.0,0.0,0.0,0.0,0.0,0.0,0.0,0.0,0.0,0.0,0.0,0.0,0.0,0.0,0.0,0.0,0.0,0.0,0.0,0.0,0.0,0.0,0.0,0.0,0.0,0.0,0.0,0.0,0.0,0.0,0.0,0.0,0.0,0.0,0.0,0.0,0.0,0.0,0.0,0.0,0.0,0.0,0.0,0.0,0.0,0.0,0.0,0.0,0.0,0.0,0.0,0.0,0.0,0.0,0.0,0.0,0.0,0.0,0.0,0.0,0.0,0.0,0.0,0.0,0.0,0.0,0.0,0.0,0.0,0.0,0.0,0.0,0.0,0.0,0.0,0.0,0.0,0.0,0.0,0.0,0.0,0.0,0.0,0.0,0.0,0.0,0.0,0.0,0.0,0.0,0.0,0.0
643,0.0,0.0,0.0,0.0,0.0,0.0,0.0,0.0,0.0,0.0,0.0,0.0,0.0,0.0,0.0,0.0,0.0,0.0,0.0,0.0,0.0,0.0,0.0,0.0,0.0,0.0,0.0,0.0,0.0,0.0,0.0,0.0,0.0,0.0,0.0,0.0,0.0,0.0,0.0,0.0,0.0,0.0,0.0,0.0,0.0,0.0,0.0,0.0,0.0,0.0,0.0,0.0,0.0,0.0,0.0,0.0,0.0,0.0,0.0,0.0,0.0,0.0,0.0,0.0,0.0,0.0,0.0,0.0,0.0,0.0,0.0,0.0,0.0,0.0,0.0,0.0,0.0,0.0,0.0,0.0,0.0,0.0,0.0,0.0,0.0,0.0,0.0,0.0,0.0,0.0,0.0,0.0,0.0,0.0,0.0,0.0,0.0,0.0,0.0,0.0,0.0,0.0,0.0,0.0,0.0,0.0,0.0,0.0,0.0,0.0,0.0,0.0,0.0,0.0,0.0,0.0,0.0,0.0,0.0,0.0,0.0,0.0,0.0,0.0,0.0,0.0,0.0,0.0
653,0.0,0.0,0.031958919018507,0.0,0.0,0.0,0.0,0.0534083656966686,0.0,0.0,0.0,0.0,0.0058913333341479,0.0,0.0,0.0,0.0,0.0,0.0,0.0,0.0,0.0,0.0584442988038063,0.0,0.0,0.0,0.0,0.0,0.0465789139270782,0.0,0.0,0.4301382005214691,0.0,0.0,0.0,0.0,0.0,0.0,0.0974794551730156,0.0,0.0,0.0,0.0,0.0,0.0,0.0,0.2278902381658554,0.0,0.0,0.0,0.0,0.0,0.0,0.0,0.0,0.0,0.0,0.0,0.0,0.0,0.1099041104316711,0.0,0.0,0.0,0.0,0.0,0.0,0.0,0.0,0.0,0.0614449977874755,0.0,0.0,0.0,0.0,0.0,0.0,0.0,0.330384761095047,0.0,0.0,0.0,0.0,0.0,0.0,0.0,0.0,0.0,0.0,0.0,0.0,0.0,0.0,0.0,0.0,0.0,0.0,0.0350811704993248,0.7504087090492249,0.0,0.0,0.0,0.0,0.0,0.0,0.0,0.0,0.0,0.0,0.0,0.0,0.0,0.0,0.0,0.0,0.0,0.0,0.9092746376991272,0.0,0.0,0.0203997995704412,0.0,0.0,0.0,0.0,0.0,0.8753890991210938,0.0
661,0.9171615839004515,0.6261354088783264,0.7190263271331787,0.0758505463600158,0.411819189786911,0.406090497970581,0.0328160002827644,0.9387056827545166,0.5681198239326477,0.0240887477993965,0.6832141280174255,0.9290467500686646,0.715186595916748,0.8079632520675659,0.9167062640190125,0.794871985912323,0.1165369898080825,0.3577542603015899,0.5901594161987305,0.7112420797348022,0.8820585012435913,0.7529010772705078,0.606153666973114,0.0569550246000289,0.6998254656791687,0.016328452154994,0.6701257824897766,0.0712762400507927,0.052924495190382,0.0810730382800102,0.1710914671421051,0.4825730323791504,0.0499795153737068,0.6104820370674133,0.8496576547622681,0.4801062047481537,0.111302763223648,0.8981823325157166,0.8652426600456238,0.7104663252830505,0.1429984420537948,0.8485777378082275,0.5755308270454407,0.3538257181644439,0.7401806116104126,0.620621919631958,0.1922424882650375,0.1516187489032745,0.0873997211456298,0.1479415148496627,0.4692971706390381,0.8663159012794495,0.7403550744056702,0.0775659307837486,0.0668914318084716,0.8019360899925232,0.3872184753417969,0.849168598651886,0.3674184381961822,0.6026583313941956,0.4942028820514679,0.1095706894993782,0.8569805026054382,0.4986596703529358,0.2301863580942154,0.750582754611969,0.3269194960594177,0.08953458070755,0.4011624455451965,0.2456971257925033,0.7079249620437622,0.5158603191375732,0.7769290208816528,0.531576931476593,0.8682994842529297,0.3584891259670257,0.8528786897659302,0.511874794960022,0.0291730314493179,0.8542000651359558,0.9487836360931396,0.9071145057678224,0.9342513680458068,0.2161194831132888,0.864294171333313,0.780938446521759,0.8780868649482727,0.5084262490272522,0.920755922794342,0.7900456190109253,0.153315857052803,0.2267190068960189,0.1892233192920684,0.0275145843625068,0.7492623329162598,0.8423710465431213,0.5382944345474243,0.6096684336662292,0.4429429769515991,0.1509204655885696,0.8234097957611084,0.6751864552497864,0.7663519978523254,0.6392888426780701,0.8471204042434692,0.5685515403747559,0.7189388871192932,0.5906215310096741,0.0649036988615989,0.5394731760025024,0.1775833368301391,0.4345915913581848,0.8851985335350037,0.0267789475619792,0.9190300107002258,0.0510768294334411,0.5589357614517212,0.8497800230979919,0.5179688334465027,0.626157283782959,0.5948266386985779,0.1197832077741622,0.6708943247795105,0.4989599883556366,0.6003140807151794,0.5783769488334656,0.1061697974801063,0.398473709821701
662,0.0,0.03549624979496,0.8413538932800293,0.7887115478515625,0.0256292745471,0.0,0.2635765075683594,0.0654476732015609,0.72216796875,0.0,0.0718419998884201,0.0,0.0,0.029274582862854,0.5617315769195557,0.0273399166762828,0.0534147173166275,0.1360404640436172,0.0,0.0,0.8568825125694275,0.0,0.0482227504253387,0.3968358933925628,0.2366116493940353,0.2711767852306366,0.0,0.0320344977080822,0.0,0.1821055263280868,0.8905052542686462,0.0,0.8195187449455261,0.0092984288930892,0.0,0.4904048442840576,0.1562383621931076,0.0,0.7366126775741577,0.0,0.0062408335506916,0.5501505136489868,0.009926333092153,0.0,0.0,0.2971048355102539,0.0,0.1843144297599792,0.0,0.0,0.6904486417770386,0.032653834670782,0.0578626058995723,0.096214473247528,0.2955565154552459,0.0,0.0087545001879334,0.1008398383855819,0.6605521440505981,0.0,0.0,0.8117512464523315,0.0,0.0,0.0,0.0274437069892883,0.0,0.1000228375196456,0.0,0.2295710891485214,0.1070431992411613,0.6706200838088989,0.0,0.0,0.0492986962199211,0.4427266716957092,0.0,0.2722731530666351,0.0,0.0907360017299652,0.6666577458381653,0.9821837544441224,0.0086392499506473,0.2530182898044586,0.0,0.0,0.0,0.2196607440710067,0.2366655468940735,0.0,0.7647503614425659,0.0583744011819362,0.3181702494621277,0.3085961639881134,0.609468936920166,0.1238717883825302,0.11841931194067,0.6774673461914062,0.3361214995384216,0.2883857488632202,0.3131987750530243,0.4862669706344604,0.1147293895483017,0.6714152097702026,0.0,0.1189084127545356,0.134807288646698,0.0298839174211025,0.2795117497444153,0.0,0.0159224011003971,0.8177372813224792,0.0,0.1549833565950393,0.0,0.4598533511161804,0.7008841037750244,0.3792683780193329,0.2972969710826874,0.0,0.291530430316925,0.3552298545837402,0.0,0.1992083042860031,0.5620684623718262,0.0888914316892623,0.0405761562287807,0.5852383971214294
664,0.0,0.0,0.0,0.0,0.0,0.0,0.0,0.0,0.0,0.0,0.0,0.0,0.0,0.0,0.0,0.0,0.0,0.0,0.0,0.0,0.0,0.0,0.0,0.0,0.0,0.0,0.0,0.0,0.0,0.0,0.0,0.0,0.0,0.0,0.0,0.0,0.0,0.0,0.0,0.0,0.0,0.0,0.0,0.0,0.0,0.0,0.0,0.0,0.0,0.0,0.0,0.0,0.0,0.0,0.0,0.0,0.0,0.0,0.0,0.0,0.0,0.0,0.0,0.0,0.0,0.0,0.0,0.0,0.0,0.0,0.0,0.0,0.0,0.0,0.0,0.0,0.0,0.0,0.0,0.0,0.0,0.0,0.0,0.0,0.0,0.0,0.0,0.0,0.0,0.0,0.0,0.0,0.0,0.0,0.0,0.0,0.0,0.0,0.0,0.0,0.0,0.0,0.0,0.0,0.0,0.0,0.0,0.0,0.0,0.0,0.0,0.0,0.0,0.0,0.0,0.0,0.0,0.0,0.0,0.0,0.0,0.0,0.0,0.0,0.0,0.0,0.0,0.0
677,0.0,0.0,0.0,0.0,0.0,0.0,0.0,0.0,0.0,0.0,0.0,0.0,0.0,0.0,0.0,0.0,0.0,0.0,0.0,0.0,0.0,0.0,0.0,0.0,0.0,0.0,0.0,0.0,0.0,0.0,0.0,0.0,0.0,0.0,0.0,0.0,0.0,0.0,0.0,0.0,0.0,0.0,0.0,0.0,0.0,0.0,0.0,0.0,0.0,0.0,0.0,0.0,0.0,0.0,0.0,0.0,0.0,0.0,0.0,0.0,0.0,0.0,0.0,0.0,0.0,0.0,0.0,0.0,0.0,0.0,0.0,0.0,0.0,0.0,0.0,0.0,0.0,0.0,0.0,0.0,0.0,0.0,0.0,0.0,0.0,0.0,0.0,0.0,0.0,0.0,0.0,0.0,0.0,0.0,0.0,0.0,0.0,0.0,0.0,0.0,0.0,0.0,0.0,0.0,0.0,0.0,0.0,0.0,0.0,0.0,0.0,0.0,0.0,0.0,0.0,0.0,0.0,0.0,0.0,0.0,0.0,0.0,0.0,0.0,0.0,0.0,0.0,0.0
678,0.0,0.0,0.0,0.1900759935379028,0.0,0.0,0.0,0.0,0.0,0.0,0.0,0.155919998884201,0.0,0.0,0.0,0.0412399992346763,0.0,0.0,0.0,0.0,0.0,0.0,0.0,0.0,0.0,0.0,0.0,0.0,0.0,0.0,0.0,0.0,0.0,0.0,0.0,0.0,0.0,0.0,0.0,0.0,0.0,0.0,0.0,0.0,0.0,0.0,0.0,0.0,0.0,0.0,0.0,0.0,0.2156846821308136,0.0,0.0,0.0,0.0,0.0,0.0,0.0,0.0,0.0990319997072219,0.0,0.0,0.0,0.0,0.086898498237133,0.0,0.0,0.0,0.0,0.0,0.0,0.0,0.1521390974521637,0.0,0.0,0.0,0.1532801687717437,0.0,0.1620696932077407,0.0,0.0,0.0,0.0,0.0,0.0,0.0,0.0,0.0,0.0,0.0,0.0,0.0,0.0,0.0,0.0,0.0,0.0,0.0,0.0,0.0,0.0,0.0,0.0,0.0,0.0,0.0,0.0,0.0,0.0,0.0,0.0,0.0,0.0,0.0,0.0,0.0,0.0,0.0,0.0,0.0,0.0,0.0,0.0,0.0,0.0,0.0
680,0.1916103512048721,0.0,0.0642812997102737,0.0,0.0,0.0148407341912388,0.0,0.0,0.0628604590892791,0.0120274545624852,0.0,0.0,0.0,0.0,0.0,0.0,0.0,0.2233374714851379,0.0212086364626884,0.0,0.0,0.0,0.0,0.0,0.0,0.0629750341176986,0.0,0.0,0.0,0.2193976789712906,0.0,0.2808034121990204,0.0,0.0,0.0,0.0,0.0,0.0,0.0,0.1659566313028335,0.0,0.0,0.0,0.0,0.0,0.0,0.0,0.0,0.0759224072098732,0.0,0.0,0.0,0.0069494289346039,0.0,0.0,0.0,0.2402455955743789,0.2731585800647735,0.1233006566762924,0.0,0.2125970721244812,0.0,0.0,0.3032995164394378,0.0,0.1820961833000183,0.0480744987726211,0.0,0.0,0.1478354036808014,0.309795469045639,0.0,0.0,0.0,0.0,0.0,0.0,0.0,0.0,0.0,0.1214505732059478,0.2461530119180679,0.0,0.0,0.0,0.0,0.0,0.0,0.0,0.0,0.0,0.3463091552257538,0.3165228068828583,0.0,0.0,0.0,0.0955285802483558,0.0,0.0,0.0,0.1022197678685188,0.0,0.0,0.1796794682741165,0.0,0.0,0.0,0.0,0.0,0.2043378204107284,0.0,0.0,0.1076480522751808,0.0,0.0,0.0,0.3425799906253814,0.1607977747917175,0.0,0.0325080007314682,0.0,0.0,0.0,0.0925788283348083,0.0,0.0,0.0,0.0
681,0.3353244364261627,0.0,0.0,0.1111181750893592,0.0,0.6145716905593872,0.2826655507087707,0.0056024170480668,0.5936493873596191,0.7735158205032349,0.6961981654167175,0.0,0.0,0.0,0.0,0.3418543040752411,0.4412252008914947,0.1598071604967117,0.0419669523835182,0.2547838687896728,0.0,0.5044493675231934,0.0,0.0,0.2724599540233612,0.0,0.0,0.0,0.3465804159641266,0.1912818700075149,0.0839932262897491,0.1153395101428031,0.196965754032135,0.2720793485641479,0.3027525842189789,0.0423606187105178,0.0,0.0,0.0,0.0660119205713272,0.0664234608411789,0.0100681334733963,0.0,0.0,0.102197490632534,0.0,0.0,0.8212826251983643,0.2915896475315094,0.0,0.3097001910209656,0.0,0.0,0.0,0.3827168047428131,0.0,0.3562359511852264,0.6827282905578613,0.0854005292057991,0.0420874133706092,0.006065456662327,0.013212552294135,0.0,0.2541125416755676,0.0,0.6579184532165527,0.0,0.0419369041919708,0.0,0.6262309551239014,0.0,0.0,0.0,0.1210710331797599,0.741760790348053,0.0600179284811019,0.1340331137180328,0.0,0.191406637430191,0.565028965473175,0.0,0.1468742936849594,0.0356504246592521,0.034421719610691,0.6366830468177795,0.0,0.0346607416868209,0.0,0.0,0.0,0.5277094841003418,0.0,0.0123982457444071,0.0,0.2621458768844604,0.7323817014694214,0.7183698415756226,0.0,0.2139964401721954,0.0401480346918106,0.0,0.0038330000825226,0.2898963987827301,0.0168182328343391,0.524873673915863,0.2793701291084289,0.0,0.6663950085639954,0.0,0.6324677467346191,0.0,0.0304991882294416,0.6057977080345154,0.2683435976505279,0.0,0.066269002854824,0.0891120359301567,0.7268984317779541,0.18958680331707,0.2431634217500686,0.0,0.131248265504837,0.125575304031372,0.1371728777885437,0.0,0.0201008804142475,0.0,0.0
684,0.0,0.0,0.1272023618221283,0.0,0.0,0.0,0.0601646825671196,0.0,0.1164591908454895,0.0181941110640764,0.0,0.0235471501946449,0.0,0.0,0.2452900111675262,0.2074537128210067,0.0,0.3225978314876556,0.0,0.0,0.0,0.1721220016479492,0.0,0.0,0.0,0.4531281292438507,0.0,0.0998340770602226,0.0,0.0325576029717922,0.0,0.1539211273193359,0.0,0.0,0.0,0.0,0.0558582693338394,0.0,0.1612329483032226,0.0,0.0962319076061248,0.0,0.1774562895298004,0.2978561520576477,0.0,0.0,0.029689198359847,0.0,0.402641624212265,0.0,0.0,0.0,0.0,0.2406053096055984,0.1409932225942611,0.2733330130577087,0.0,0.1876900643110275,0.0,0.0,0.3080024719238281,0.0,0.3947479426860809,0.0,0.1408362835645675,0.147614911198616,0.0,0.0,0.0,0.1273611336946487,0.0,0.0,0.0,0.3681560456752777,0.0,0.1834827214479446,0.22850301861763,0.0,0.0,0.0,0.1483461856842041,0.0859624966979026,0.0,0.0,0.0,0.0228865854442119,0.0,0.0,0.0747027695178985,0.0,0.0604058988392353,0.2738426923751831,0.0492582656443119,0.0,0.0,0.0,0.0,0.0,0.0,0.1052504181861877,0.1697871685028076,0.3295191526412964,0.0,0.0,0.0,0.0,0.0,0.0,0.1356677711009979,0.0,0.0,0.0,0.1816893368959427,0.0,0.1925548315048217,0.0,0.0,0.1862016767263412,0.0,0.2795047760009765,0.0,0.0,0.412447065114975,0.2888130843639374,0.0531072504818439,0.0,0.0,0.0658569410443306
689,0.0,0.0,0.0,0.0,0.0,0.0,0.0,0.0,0.0,0.0,0.0,0.0,0.0,0.0,0.0,0.0,0.0,0.0,0.0,0.0,0.0,0.0,0.0,0.0,0.0,0.0,0.0,0.0,0.0,0.0,0.0,0.0,0.0,0.0,0.0,0.0,0.0,0.0,0.0,0.0,0.0,0.0,0.0,0.0,0.0,0.0,0.0,0.0,0.0,0.0,0.0,0.0,0.0,0.0,0.0,0.0,0.0,0.0,0.0,0.0,0.0,0.0,0.0,0.0,0.0,0.0,0.0,0.0,0.0,0.0,0.0,0.0,0.0,0.0,0.0,0.0,0.0,0.0,0.0,0.0,0.0,0.0,0.0,0.0,0.0,0.0,0.0,0.0,0.0,0.0,0.0,0.0,0.0,0.0,0.0,0.0,0.0,0.0,0.0,0.0,0.0,0.0,0.0,0.0,0.0,0.0,0.0,0.0,0.0,0.0,0.0,0.0,0.0,0.0,0.0,0.0,0.0,0.0,0.0,0.0,0.0,0.0,0.0,0.0,0.0,0.0,0.0,0.0
695,0.0,0.0,0.0367560014128685,0.0,0.0,0.0,0.0,0.0,0.0,0.0,0.0,0.0,0.0,0.0,0.0,0.0,0.0242090001702308,0.0,0.0,0.0,0.0870007500052452,0.0,0.0,0.0298240017145872,0.0,0.0,0.0,0.0,0.0,0.0,0.0,0.0,0.0,0.0,0.0,0.0,0.0,0.2580707371234894,0.0,0.0,0.0,0.0,0.1435260027647018,0.0,0.0,0.0,0.0,0.0,0.0,0.0,0.0,0.0,0.0,0.0,0.0,0.0,0.0209432505071163,0.0,0.0,0.0,0.0,0.0,0.0,0.0,0.063208669424057,0.0,0.0,0.0,0.0,0.0,0.0,0.0,0.0176918003708124,0.0,0.0,0.0,0.0,0.0,0.0,0.0,0.1303679943084716,0.0,0.2593044936656952,0.0,0.7344602346420288,0.1648040115833282,0.0,0.0,0.0,0.0,0.0,0.0,0.1161702424287796,0.0,0.0,0.175790250301361,0.202942743897438,0.0,0.0,0.0,0.0,0.0,0.0,0.0,0.0,0.0,0.0,0.0,0.0,0.0,0.0,0.0,0.0804633349180221,0.0575985014438629,0.0,0.0,0.0,0.0,0.0,0.0,0.0,0.0266602020710706,0.0369245000183582,0.0,0.0,0.0,0.0461257994174957,0.0333024002611637
704,0.0,0.0,0.0,0.0,0.0,0.0,0.0,0.0,0.0,0.0,0.0,0.0,0.0,0.0,0.0,0.0,0.0,0.0,0.0,0.0,0.0,0.0,0.0,0.0,0.0,0.0,0.0,0.0,0.0,0.0,0.0,0.0,0.0,0.0,0.0,0.0,0.0,0.0,0.0,0.0,0.0,0.0,0.0,0.0,0.0,0.0,0.0,0.0,0.0,0.0,0.0,0.0,0.0,0.0,0.0,0.0,0.0,0.0,0.0,0.0,0.0,0.0,0.0,0.0,0.0,0.0,0.0,0.0,0.0,0.0,0.0,0.0,0.0,0.0,0.0,0.0,0.0,0.0,0.0,0.0,0.0,0.0,0.0,0.0,0.0,0.0,0.0,0.0,0.0,0.0,0.0,0.0,0.0,0.0,0.0,0.0,0.0,0.0,0.0,0.0,0.0,0.0,0.0,0.0,0.0,0.0,0.0,0.0,0.0,0.0,0.0,0.0,0.0,0.0,0.0,0.0,0.0,0.0,0.0,0.0,0.0,0.0,0.0,0.0,0.0,0.0,0.0,0.0
724,0.0,0.0,0.0,0.0,0.0,0.0,0.0,0.0,0.0,0.0,0.0,0.0,0.0,0.0,0.0,0.0,0.0,0.0,0.0,0.0,0.0,0.0,0.0,0.0,0.0,0.0,0.0,0.0,0.0,0.0,0.0,0.0,0.0,0.0,0.0,0.0,0.0,0.0,0.0,0.0,0.0,0.0,0.0,0.0,0.0,0.0,0.0,0.0,0.0,0.0,0.0,0.0,0.0,0.0,0.0,0.0,0.0,0.0,0.0,0.0,0.0,0.0,0.0,0.0,0.0,0.0,0.0,0.0,0.0,0.0,0.0,0.0,0.0,0.0,0.0,0.0,0.0,0.0,0.0,0.0,0.0,0.0,0.0,0.0,0.0,0.0,0.0,0.0,0.0,0.0,0.0,0.0,0.0,0.0,0.0,0.0,0.0,0.0,0.0,0.0,0.0,0.0,0.0,0.0,0.0,0.0,0.0,0.0,0.0,0.0,0.0,0.0,0.0,0.0,0.0,0.0,0.0,0.0,0.0,0.0,0.0,0.0,0.0,0.0,0.0,0.0,0.0,0.0
725,0.0,0.0,0.0,0.0,0.0,0.0,0.0,0.0,0.0,0.0,0.1067899987101554,0.2428596764802932,0.0,0.0,0.0,0.0,0.0864082500338554,0.0,0.0,0.0,0.8487643599510193,0.0,0.0,0.0,0.0,0.0,0.0,0.1878929883241653,0.0,0.0,0.0,0.0,0.0,0.0,0.0,0.0,0.119717501103878,0.0,0.0,0.0,0.0,0.0,0.0,0.0,0.0,0.0,0.0,0.0,0.0,0.0,0.7505512237548828,0.0,0.0,0.2747568488121032,0.0,0.0,0.0,0.0,0.0428174994885921,0.0,0.0,0.0,0.0,0.0,0.0,0.5240466594696045,0.0159044992178678,0.0,0.0,0.0,0.2155198603868484,0.0,0.0,0.0,0.0,0.0,0.6149579882621765,0.0,0.0,0.0,0.0,0.0,0.0,0.0,0.0,0.0,0.3899815678596496,0.0846805796027183,0.0,0.0,0.4577690064907074,0.0,0.0,0.0,0.0,0.0,0.0,0.9856570959091188,0.0,0.0,0.0,0.0,0.6423854827880859,0.0,0.0,0.0,0.0,0.0976082533597946,0.0,0.0,0.4648619890213012,0.047274000942707,0.0,0.0831368044018745,0.0,0.0,0.0,0.0,0.0,0.0,0.0,0.0,0.0,0.0,0.3521407544612884,0.4928855895996094,0.0,0.0
731,0.0,0.0,0.0,0.0,0.0,0.0,0.0,0.0,0.0,0.0,0.0,0.0,0.0,0.0,0.0,0.0,0.0,0.0,0.0,0.0,0.0,0.0,0.0,0.0,0.0,0.0,0.0,0.0,0.0,0.0,0.0,0.0,0.0,0.0,0.0,0.0,0.0,0.0,0.0,0.0,0.0,0.0,0.0,0.0,0.0,0.0,0.0,0.0,0.0,0.0,0.0,0.0,0.0,0.0,0.0,0.0,0.0,0.0,0.0,0.0,0.0,0.0,0.0,0.0,0.0,0.0,0.0,0.0,0.0,0.0,0.0,0.0,0.0,0.0,0.0,0.0,0.0,0.0,0.0,0.0,0.0,0.0,0.0,0.0,0.0,0.0,0.0,0.0,0.0,0.0,0.0,0.0,0.0,0.0,0.0,0.0,0.0,0.0,0.0,0.0,0.0,0.0,0.0,0.0,0.0,0.0,0.0,0.0,0.0,0.0,0.0,0.0,0.0,0.0,0.0,0.0,0.0,0.0,0.0,0.0,0.0,0.0,0.0,0.0,0.0,0.0,0.0,0.0
737,0.0,0.0,0.0,0.0,0.0,0.0,0.0,0.0,0.0,0.0,0.0,0.0,0.0,0.0,0.0,0.0,0.0,0.0,0.0,0.0,0.0,0.0,0.0,0.0,0.0,0.0,0.0,0.0,0.0,0.0,0.0,0.0,0.0,0.0,0.0,0.0,0.0,0.0,0.0,0.0,0.0,0.0,0.0,0.0,0.0,0.0,0.0,0.0,0.0,0.0,0.0,0.0,0.0,0.0,0.0,0.0,0.0,0.0,0.0,0.0,0.0,0.0,0.0,0.0,0.0,0.0,0.0,0.0,0.0,0.0,0.0,0.0,0.0,0.0,0.0,0.0,0.0,0.0,0.0,0.0,0.0,0.0,0.0,0.0,0.0,0.0,0.0,0.0,0.0,0.0,0.0,0.0,0.0,0.0,0.0,0.0,0.0,0.0,0.0,0.0,0.0,0.0,0.0,0.0,0.0,0.0,0.0,0.0,0.0,0.0,0.0,0.0,0.0,0.0,0.0,0.0,0.0,0.0,0.0,0.0,0.0,0.0,0.0,0.0,0.0,0.0,0.0,0.0
738,0.0,0.0,0.0,0.0,0.0,0.0,0.0,0.0,0.0,0.0,0.0,0.0,0.0,0.0,0.0,0.0,0.0,0.0,0.0,0.0,0.0,0.0,0.0,0.0,0.0,0.0,0.0,0.0,0.0,0.0,0.0,0.0,0.0960059985518455,0.0,0.0,0.0,0.0,0.0,0.0,0.0,0.0,0.0,0.0,0.0,0.0,0.0,0.0,0.0,0.0,0.0,0.0,0.0,0.0,0.0,0.0,0.0,0.0,0.0,0.0,0.0,0.0,0.0,0.0,0.0,0.0,0.0,0.0,0.0,0.0,0.0,0.0,0.0,0.0,0.0,0.0,0.0,0.0,0.0,0.0,0.0,0.0,0.0,0.0,0.0,0.0,0.0,0.0,0.0,0.0,0.0,0.0,0.0,0.0,0.0,0.0,0.0,0.0,0.0,0.0,0.0,0.0,0.0,0.0,0.0,0.0,0.0,0.0,0.0,0.0,0.0,0.0,0.0,0.0,0.0,0.0,0.0,0.0,0.0,0.0,0.0,0.0,0.0,0.0,0.0,0.0,0.0,0.0,0.0
751,0.0,0.0,0.0,0.0,0.0,0.0,0.0,0.0,0.0,0.0,0.0,0.0,0.0,0.0,0.0,0.0,0.0,0.0,0.036039400845766,0.0,0.0,0.0,0.0,0.0,0.0,0.0,0.0,0.0,0.0,0.0,0.0,0.0,0.0,0.0,0.0,0.0,0.0,0.0,0.0662325993180275,0.0,0.0,0.0,0.0,0.0,0.0,0.0,0.0,0.0,0.0,0.0,0.0,0.0,0.1093297973275184,0.0,0.0,0.0,0.0,0.0,0.0,0.0,0.1313310116529464,0.0,0.0,0.0,0.0,0.0,0.0,0.0,0.0,0.0,0.0,0.0,0.0,0.0,0.0,0.0,0.0,0.0133952004835009,0.0,0.0142574002966284,0.0,0.0,0.0,0.0,0.0,0.0,0.0,0.0,0.0,0.0,0.0,0.0,0.0,0.0,0.0,0.0,0.5273230075836182,0.0,0.0,0.0,0.0,0.0,0.0,0.0,0.0,0.0,0.0,0.0,0.0,0.0,0.0,0.0,0.0,0.0,0.0,0.0,0.0,0.0,0.0,0.0,0.0,0.0,0.0,0.1235278025269508,0.0,0.0,0.0,0.0
753,0.7198946475982666,0.6296193599700928,0.7867226600646973,0.3483323156833648,0.6551975607872009,0.7273173928260803,0.7053523659706116,0.7323763966560364,0.7121337056159973,0.6474209427833557,0.7381937503814697,0.7901144027709961,0.6557794213294983,0.4516477286815643,0.7252330780029297,0.6021729707717896,0.7205279469490051,0.0,0.7155770063400269,0.5826717615127563,0.7001967430114746,0.0,0.7946089506149292,0.6471827030181885,0.6925246119499207,0.6964390873908997,0.702974259853363,0.8096928000450134,0.6648473739624023,0.7842828631401062,0.6367260813713074,0.6290135979652405,0.6295804977416992,0.6757974028587341,0.7094303369522095,0.7064151167869568,0.6183239817619324,0.5797141790390015,0.6839061379432678,0.815926730632782,0.7630802392959595,0.7753472328186035,0.6137690544128418,0.7379796504974365,0.757533848285675,0.6417571902275085,0.6575745344161987,0.5833852887153625,0.6537705659866333,0.6424457430839539,0.0,0.7686684727668762,0.7468184232711792,0.7594114542007446,0.5200779438018799,0.7874389290809631,0.7991516590118408,0.7715305685997009,0.5735117197036743,0.7158173322677612,0.6186510920524597,0.7266023755073547,0.6290105581283569,0.7441585063934326,0.522882342338562,0.6856105923652649,0.5091392397880554,0.0,0.6200915575027466,0.5841893553733826,0.6749614477157593,0.6107828617095947,0.6515443921089172,0.8840525150299072,0.7262828946113586,0.6745219230651855,0.5851900577545166,0.7851190567016602,0.7913670539855957,0.7099578976631165,0.6731452345848083,0.3814758062362671,0.7264552712440491,0.6344406604766846,0.6728461980819702,0.7264371514320374,0.6174029111862183,0.7826479077339172,0.6279072761535645,0.0,0.8141802549362183,0.3909089565277099,0.8297834992408752,0.7124390006065369,0.6711737513542175,0.4049942195415497,0.4765675067901611,0.782240092754364,0.6665090322494507,0.6738595962524414,0.7006039619445801,0.7542240023612976,0.7192978262901306,0.4766430854797363,0.6656224131584167,0.7469859719276428,0.7141632437705994,0.6492750644683838,0.788162112236023,0.0,0.6516473293304443,0.7602736949920654,0.7984908819198608,0.6996992230415344,0.5930383205413818,0.5178409218788147,0.6685259938240051,0.662902295589447,0.581937849521637,0.7416970729827881,0.6833828687667847,0.7162116765975952,0.6205231547355652,0.7625967860221863,0.7200597524642944,0.7805282473564148,0.5622743964195251,0.5549042820930481
755,0.0,0.0,0.0,0.0,0.0,0.0,0.0,0.0,0.0,0.0,0.0,0.0,0.0,0.0,0.0,0.0,0.0,0.0,0.0,0.0,0.0,0.0,0.0,0.0,0.0,0.0,0.0,0.0,0.0,0.0,0.0,0.0,0.0,0.0,0.0,0.0,0.0,0.0,0.0,0.0,0.0,0.0,0.0,0.0,0.0,0.0,0.0,0.0,0.0,0.0,0.0,0.0,0.0,0.0,0.0,0.0,0.0,0.0,0.0,0.0,0.0,0.0,0.0,0.0,0.0,0.0,0.0,0.0,0.0,0.0,0.0,0.0,0.0,0.0,0.0,0.0,0.0,0.0,0.0,0.0,0.0,0.0,0.0,0.0,0.0,0.0,0.0,0.0,0.0,0.0,0.0,0.0,0.0,0.0,0.0,0.0,0.0,0.0,0.0,0.0,0.0,0.0,0.0,0.0,0.0,0.0,0.0,0.0,0.0,0.0,0.0,0.0,0.0,0.0,0.0,0.0,0.0,0.0,0.0,0.0,0.0,0.0,0.0,0.0,0.0,0.0,0.0,0.0
761,0.0,0.0,0.0,0.0,0.0,0.0,0.0,0.0,0.0,0.0,0.0,0.0,0.0,0.0,0.0,0.0,0.0,0.0,0.0,0.0,0.0,0.0,0.0,0.0,0.0,0.0,0.0,0.0,0.0,0.0,0.0,0.0,0.0,0.0,0.0,0.0,0.0,0.0,0.0,0.0,0.0,0.0,0.0,0.0,0.0,0.0,0.0,0.0,0.0,0.0,0.0,0.0,0.0,0.0,0.0,0.0,0.0,0.0,0.0,0.0,0.0,0.0,0.1641695499420166,0.0,0.0,0.0,0.0,0.0,0.0,0.0,0.0,0.0,0.0,0.0,0.0,0.0,0.0,0.0,0.0,0.0,0.0,0.0,0.0,0.0,0.0,0.0,0.0,0.0,0.0,0.0,0.0,0.0,0.0,0.0,0.0,0.0,0.0,0.0,0.1022361293435096,0.0,0.0,0.0,0.0,0.0,0.0,0.0,0.0,0.0,0.0,0.0,0.0,0.0,0.0,0.0,0.0,0.0,0.0,0.0,0.0,0.0,0.023087291046977,0.0,0.0,0.0379821583628654,0.0,0.0,0.0,0.0
762,0.0,0.0,0.0,0.0,0.0,0.0,0.0,0.0,0.0,0.0,0.0,0.0,0.0,0.0,0.0,0.0,0.0,0.0,0.0,0.0,0.0,0.0,0.0,0.0,0.0,0.0,0.0,0.0,0.0,0.0,0.0,0.0,0.0,0.0,0.0,0.0,0.0,0.0,0.0,0.0,0.0,0.0,0.0,0.0,0.0,0.0,0.0,0.0,0.0,0.0,0.0,0.0,0.0,0.0,0.0,0.0,0.0,0.0,0.0,0.0,0.0,0.0,0.0,0.0,0.0,0.0,0.0,0.0,0.0,0.0,0.0,0.0,0.0,0.0,0.0,0.0,0.0,0.0,0.0,0.0,0.0,0.0,0.0,0.0,0.0,0.0,0.0,0.0,0.0,0.0,0.0,0.0,0.0,0.0,0.0,0.0,0.0,0.0,0.0,0.0,0.0,0.0,0.0,0.0,0.0,0.0,0.0,0.0,0.0,0.0,0.0,0.0,0.0,0.0,0.0,0.0,0.0,0.0,0.0,0.0,0.0,0.0,0.0,0.0,0.0,0.0,0.0,0.0
766,0.0,0.0,0.0,0.0,0.0,0.0,0.0,0.0,0.1470105051994323,0.0,0.0,0.1046949997544288,0.0,0.0,0.0,0.0,0.0,0.0,0.0,0.0,0.0,0.1490069925785064,0.2617239952087402,0.0,0.0,0.0,0.0,0.0,0.0,0.3255499899387359,0.0,0.0,0.0,0.0,0.0,0.0,0.0684159994125366,0.0,0.1250959932804107,0.0,0.0,0.1115803346037864,0.0,0.0362490005791187,0.0,0.310958981513977,0.0,0.1240559965372085,0.0,0.0,0.0452364981174469,0.0,0.0,0.0449874997138977,0.0,0.3844040036201477,0.0,0.2379724979400634,0.0,0.0,0.0,0.0,0.0,0.0,0.1764875054359436,0.0,0.0,0.2167264968156814,0.0,0.0,0.0,0.0,0.0,0.0,0.0,0.1575250029563903,0.0,0.5891109704971313,0.0,0.0,0.0,0.0,0.0,0.0,0.1855173408985138,0.2197380065917968,0.0420705005526542,0.0,0.4474295079708099,0.0,0.0,0.0356049984693527,0.0,0.0,0.0,0.0,0.0,0.0,0.0,0.0,0.259784996509552,0.0,0.0,0.0,0.0,0.0,0.0,0.0,0.0602150000631809,0.4150770008563995,0.1225539967417717,0.0,0.0,0.0,0.2323739975690841,0.4484310150146484,0.1443980038166046,0.0,0.0,0.0,0.0,0.0,0.1541259884834289,0.0,0.7912070155143738,0.0,0.0,0.0
767,0.0,0.0,0.0,0.0,0.0,0.0,0.0,0.0,0.0,0.0,0.0,0.0,0.0,0.0,0.0,0.0,0.0,0.0,0.0,0.0,0.0,0.0,0.0,0.0,0.0,0.0,0.0,0.0,0.0,0.0,0.0,0.0,0.0,0.0,0.0,0.0,0.0,0.0,0.0,0.0,0.0,0.0,0.0,0.0,0.0,0.0,0.0,0.0,0.0,0.0,0.0,0.0,0.0,0.0,0.0,0.0,0.0,0.0,0.0,0.0,0.0,0.0,0.0,0.0,0.0,0.0,0.0,0.0,0.0,0.0,0.0,0.0,0.0,0.0,0.0,0.0,0.0,0.0,0.0,0.0,0.0,0.0,0.0,0.0,0.0,0.0,0.0,0.0,0.0,0.0,0.0,0.0,0.0,0.0,0.0,0.0,0.0,0.0,0.0,0.0,0.0,0.0,0.0,0.0,0.0,0.0,0.0,0.0,0.0,0.0,0.0,0.0,0.0,0.0,0.0,0.0,0.0,0.0,0.0,0.0,0.0,0.0,0.0,0.0,0.0,0.0,0.0,0.0
772,0.0,0.0,0.0,0.0,0.0,0.0,0.0,0.0,0.0,0.0,0.0,0.0,0.0,0.0,0.0,0.0,0.0,0.0,0.0,0.0,0.0,0.0,0.0,0.0,0.0,0.0,0.0,0.0,0.0,0.0,0.0,0.0,0.0,0.0,0.0,0.0,0.0,0.0,0.0,0.0,0.0,0.0,0.0,0.0,0.0,0.0,0.0,0.0,0.0,0.0,0.0,0.0,0.0,0.0,0.0,0.0,0.0,0.0,0.0,0.0,0.0,0.0,0.0,0.0,0.0,0.0,0.0,0.0,0.0,0.0,0.0,0.0,0.0,0.0,0.0,0.0,0.0,0.0,0.0,0.0,0.0,0.0,0.0,0.0,0.0,0.0,0.0,0.0,0.0,0.0,0.0,0.0,0.0,0.0,0.0,0.0,0.0,0.0,0.0,0.0,0.0,0.0,0.0,0.0,0.0,0.0,0.0,0.0,0.0,0.0,0.0,0.0,0.0,0.0,0.0,0.0,0.0,0.0,0.0,0.0,0.0,0.0,0.0,0.0,0.0,0.0,0.0,0.0
776,0.0,0.0,0.0,0.0,0.0,0.0,0.0,0.0,0.0,0.0,0.0,0.0,0.0,0.0,0.0,0.0,0.0,0.0,0.0,0.0,0.0,0.0,0.0,0.0,0.0,0.0,0.0,0.0,0.0,0.0,0.0,0.0,0.0,0.0,0.0,0.0,0.0,0.0,0.0,0.0,0.0,0.0,0.0,0.0,0.0,0.0,0.0,0.0,0.0,0.0,0.0,0.0,0.0,0.0,0.0,0.0,0.0,0.0,0.0,0.0,0.0,0.0,0.0,0.0,0.0,0.0,0.0,0.0,0.0,0.0,0.0,0.0,0.0,0.0,0.0,0.0,0.0,0.0,0.0,0.0,0.0,0.0,0.0,0.0,0.0,0.0,0.0,0.0,0.0,0.0,0.0,0.0,0.0,0.0,0.0,0.0,0.0,0.0,0.0,0.0,0.0,0.0,0.0,0.0,0.0,0.0,0.0,0.0,0.0,0.0,0.0,0.0,0.0,0.0,0.0,0.0,0.0,0.0,0.0,0.0,0.0,0.0,0.0,0.0,0.0,0.0,0.0,0.0
788,0.0,0.0,0.0,0.0,0.0,0.0,0.0,0.0,0.0,0.0,0.0,0.0,0.0,0.0,0.0,0.0,0.0,0.0,0.0,0.0,0.0,0.0,0.0,0.0,0.0,0.0,0.0,0.0,0.0,0.0,0.0,0.0,0.0,0.0,0.0,0.0,0.0,0.0,0.0,0.0,0.0,0.0,0.0,0.0,0.0,0.0,0.0,0.0,0.0,0.0,0.0,0.0,0.0,0.0,0.0,0.0,0.0,0.0,0.0,0.0,0.0,0.0,0.0,0.0,0.0,0.0,0.0,0.0,0.0,0.0,0.0,0.0,0.0,0.0,0.0,0.0,0.0,0.0,0.0,0.0,0.0,0.0,0.0,0.0,0.0,0.0,0.0,0.0,0.0,0.0,0.0,0.0,0.0,0.0,0.0,0.0,0.0,0.0,0.0,0.0,0.0,0.0,0.0,0.0,0.0,0.0,0.0,0.0,0.0,0.0,0.0,0.0,0.0,0.0,0.0,0.0,0.0,0.0,0.0,0.0,0.0,0.0,0.0,0.0,0.0,0.0,0.0,0.0
796,0.0,0.0,0.0,0.0,0.0,0.0,0.0,0.0,0.0,0.0,0.0,0.0,0.0,0.0,0.0,0.0,0.0,0.0,0.0,0.0,0.0,0.0,0.0,0.0,0.0,0.0,0.0,0.0,0.0,0.0,0.0,0.0,0.0,0.0,0.0,0.0,0.0,0.0,0.0,0.0,0.0,0.0,0.0,0.0,0.0,0.0,0.0,0.0,0.0,0.0,0.0,0.0,0.0,0.0,0.0,0.0,0.0,0.0,0.0,0.0,0.0,0.0,0.0,0.0,0.0,0.0,0.0,0.0,0.0,0.0,0.0,0.0,0.0,0.0,0.0,0.0,0.0,0.0,0.0,0.0,0.0,0.0,0.0,0.0,0.0,0.0,0.0,0.0,0.0,0.0,0.0,0.0,0.0,0.0,0.0,0.0,0.0,0.0,0.0,0.0,0.0,0.0,0.0,0.0,0.0,0.0,0.0,0.0,0.0,0.0,0.0,0.0,0.0,0.0,0.0,0.0,0.0,0.0,0.0,0.0,0.0,0.0,0.0,0.0,0.0,0.0,0.0,0.0
802,0.0,0.0,0.0,0.0,0.0,0.0,0.0,0.0,0.0,0.0,0.0,0.0,0.0,0.0,0.0,0.0,0.0,0.0,0.0,0.0,0.0,0.0,0.0,0.0,0.0,0.0,0.0,0.0,0.0,0.0,0.0,0.0,0.0,0.0,0.0,0.0,0.0,0.0,0.0,0.0,0.0,0.0,0.0,0.0,0.0,0.0,0.0,0.0,0.0,0.0,0.0,0.0,0.0,0.0,0.0,0.0,0.0,0.0,0.0,0.0,0.0,0.0,0.0,0.0,0.0,0.0,0.0,0.0,0.0,0.0,0.0,0.0,0.0,0.0,0.0,0.0,0.0,0.0,0.0,0.0,0.0,0.0,0.0,0.0,0.0,0.0,0.0,0.0,0.0,0.0,0.0,0.0,0.0,0.0,0.0,0.0,0.0,0.0,0.0,0.0,0.0,0.0,0.0,0.0,0.0,0.0,0.0,0.0,0.0,0.0,0.0,0.0,0.0,0.0,0.0,0.0,0.0,0.0,0.0,0.0,0.0,0.1334739923477172,0.0,0.0,0.0,0.0,0.0,0.0
806,0.0,0.0,0.0,0.0,0.0,0.0,0.0,0.0,0.0,0.0,0.0,0.0,0.0,0.0,0.0,0.0187988616526126,0.0,0.0,0.0,0.0,0.0,0.0,0.0,0.0,0.0,0.0930612012743949,0.0,0.1218998655676841,0.0,0.0,0.0,0.0,0.0,0.0,0.0,0.0,0.0,0.0698919296264648,0.0,0.0,0.0,0.0,0.0,0.0,0.0,0.0,0.0,0.0,0.0,0.0,0.0,0.0,0.0,0.0,0.1437440067529678,0.0,0.0,0.0,0.0,0.0,0.0074037928134202,0.0,0.0,0.0,0.0,0.0,0.0,0.0,0.0,0.0,0.0,0.0,0.0,0.0,0.0,0.0,0.0,0.0,0.0,0.0,0.0,0.0,0.0,0.0,0.0,0.0,0.0,0.0,0.0,0.0,0.0,0.0498419180512428,0.0,0.0,0.0,0.0,0.0,0.0,0.0,0.0,0.0047373077832162,0.0,0.0,0.0,0.0,0.0,0.0,0.0,0.0,0.0,0.0,0.0,0.0,0.0,0.0,0.0,0.0,0.0,0.2204079926013946,0.0,0.0,0.0,0.0,0.0,0.0,0.0,0.0,0.0
814,0.0,0.0,0.0,0.0,0.0,0.0,0.0,0.0,0.0,0.0,0.0,0.0,0.0,0.0,0.0,0.0,0.0,0.0,0.0,0.0,0.0,0.0,0.0,0.0,0.0,0.0,0.0,0.0,0.0,0.0,0.0,0.0,0.0,0.0,0.0,0.0,0.0,0.0,0.0,0.0,0.0,0.0,0.0,0.0,0.0,0.0,0.0,0.0,0.0,0.0,0.0,0.0,0.0,0.0,0.0,0.0,0.0,0.0,0.0,0.0,0.0,0.0,0.0,0.0,0.0,0.0,0.0,0.0,0.0,0.0,0.0,0.0,0.0,0.0,0.0,0.0,0.0,0.0,0.0,0.0,0.0,0.0,0.0,0.0,0.0,0.0,0.0,0.0,0.0,0.0,0.0,0.0,0.0,0.0,0.0,0.0,0.0,0.0,0.0,0.0,0.0,0.0,0.0,0.0,0.0,0.0,0.0,0.0,0.0,0.0,0.0,0.0,0.0,0.0,0.0,0.0,0.0,0.0,0.0,0.0,0.0,0.0,0.0,0.0,0.0,0.0,0.0,0.0
846,0.0,0.0384623557329177,0.0,0.0999241843819618,0.1053440198302269,0.0,0.0,0.0,0.0,0.0,0.0,0.0,0.0,0.0,0.0,0.0,0.0,0.0,0.0,0.0,0.0,0.0,0.0,0.0,0.0,0.0607042945921421,0.0706174299120903,0.0,0.0,0.0,0.0,0.0,0.0,0.0,0.0,0.0,0.0,0.0,0.0,0.0,0.0,0.0,0.0,0.0,0.0986291095614433,0.0979626923799514,0.0,0.0172615591436624,0.0,0.0,0.0,0.0,0.0866200253367424,0.0,0.0,0.0,0.0,0.0,0.0,0.0,0.0,0.0,0.1586224883794784,0.0,0.0,0.0376921258866786,0.0,0.0,0.1025302931666374,0.1130858287215232,0.0,0.0,0.0,0.0,0.0,0.0,0.0,0.0,0.0,0.0,0.0943660959601402,0.0,0.0,0.0,0.0,0.0,0.0,0.0,0.0,0.0,0.0,0.0,0.0,0.0,0.0,0.0,0.0,0.0,0.0,0.0,0.0,0.0,0.0,0.0860708877444267,0.0,0.0,0.0,0.0,0.0,0.0,0.0,0.1133372113108635,0.0,0.0,0.0,0.0,0.0,0.0,0.0,0.0,0.0,0.0788458362221717,0.0,0.0,0.0,0.0,0.0,0.0
849,0.1726285219192505,0.3268643319606781,0.0955558121204376,0.0,0.0,0.1580792814493179,0.0643080845475196,0.2408686131238937,0.0,0.3699711263179779,0.517109751701355,0.0,0.1401839703321457,0.0625472962856292,0.3141035139560699,0.1673303842544555,0.0,0.3345792889595032,0.2419815957546234,0.0,0.1189791038632392,0.4083462357521057,0.0,0.5211427211761475,0.2722038626670837,0.2650136053562164,0.2441243380308151,0.2699825167655945,0.2399925887584686,0.2513556778430938,0.4929773211479187,0.3703046441078186,0.3000888228416443,0.0,0.5181882977485657,0.0,0.0,0.1326602101325988,0.5015597939491272,0.2260131388902664,0.1225031539797782,0.3970197141170501,0.4429362714290619,0.0,0.0,0.312045007944107,0.2057735472917556,0.0,0.4466539025306701,0.1675031632184982,0.2001862972974777,0.0,0.4541754722595215,0.0,0.0,0.3037425875663757,0.0,0.0,0.3393732905387878,0.0969533249735832,0.1198158040642738,0.1025394350290298,0.1201085001230239,0.0,0.0,0.678464949131012,0.1151646971702575,0.2790479660034179,0.1700918674468994,0.0,0.1020001769065857,0.0641392841935157,0.4066567122936249,0.0849238857626915,0.0880629643797874,0.4384922385215759,0.3361501693725586,0.239074021577835,0.4452247023582458,0.0,0.0623457841575145,0.4501190781593323,0.2227391600608825,0.0758367031812667,0.5179283022880554,0.0616674907505512,0.5122171640396118,0.0,0.0,0.1521503031253814,0.2566475570201874,0.4743833243846893,0.0942940488457679,0.2241674661636352,0.3019514381885528,0.244983896613121,0.2411627173423767,0.0,0.0,0.2201433032751083,0.0,0.0,0.4745617508888244,0.4430862069129944,0.0,0.2691707611083984,0.1390575170516967,0.0,0.0,0.1554603278636932,0.0,0.19345423579216,0.4475290179252624,0.4123132228851318,0.4128475785255432,0.3421071767807007,0.0,0.4610103368759155,0.3553608655929565,0.3565664887428283,0.1998800784349441,0.1990054696798324,0.0,0.0,0.5113604068756104,0.0,0.2521541714668274,0.5442565083503723
858,0.0,0.0,0.0,0.0,0.0,0.0,0.0,0.0,0.0,0.0,0.0,0.0,0.0,0.0,0.0,0.0,0.0,0.0,0.0,0.0,0.0,0.0,0.0,0.0,0.0,0.0,0.0,0.0,0.0,0.0,0.0,0.0,0.0,0.0,0.0,0.0,0.0,0.0,0.0,0.0,0.0,0.0,0.0,0.0,0.0,0.0,0.0,0.0,0.0,0.0,0.0,0.0,0.0,0.0,0.0,0.0,0.0,0.0,0.0,0.0,0.0,0.0,0.0,0.0,0.0,0.0,0.0,0.0,0.0,0.0,0.0,0.0,0.0,0.0,0.0,0.0,0.0,0.0,0.0,0.0,0.0,0.0,0.0,0.0,0.0,0.0,0.0,0.0,0.0,0.0,0.0,0.0,0.0,0.0,0.0,0.0,0.0,0.0,0.0,0.0,0.0,0.0,0.0,0.0,0.0,0.0,0.0,0.0,0.0,0.0,0.0,0.0,0.0,0.0,0.0,0.0,0.0,0.0,0.0,0.0,0.0,0.0,0.0,0.0,0.0,0.0,0.0,0.0
865,0.2892098128795624,0.0,0.0,0.0698676481842994,0.0,0.0,0.0,0.0238420013338327,0.0,0.0,0.0,0.0,0.0,0.0,0.0,0.0,0.0,0.0,0.0,0.0,0.0,0.0,0.0,0.0,0.0,0.0154412221163511,0.0,0.0,0.0,0.0,0.0,0.0,0.0,0.0,0.0397699996829032,0.0,0.0,0.0,0.0,0.0,0.0,0.0,0.0,0.0,0.0137061113491654,0.0,0.0,0.0,0.0,0.0,0.0,0.0,0.0051959166303277,0.0,0.0,0.0070456662215292,0.0249335560947656,0.0,0.0,0.0,0.0,0.0,0.0,0.0,0.0,0.0,0.0,0.0,0.0,0.0,0.0,0.0,0.0,0.0,0.0,0.0,0.0,0.0,0.0,0.0,0.0078257219865918,0.0,0.0388790927827358,0.0,0.0,0.0,0.0,0.0,0.0,0.0,0.0,0.0,0.0,0.0,0.0,0.0,0.0,0.0,0.0,0.0,0.0,0.0,0.0,0.0114298332482576,0.0,0.0,0.0,0.0,0.0,0.0,0.0,0.0,0.0,0.0,0.041860707104206,0.0,0.0,0.0,0.0,0.0,0.0320309996604919,0.0,0.0,0.0,0.0,0.0,0.0,0.0
873,0.0,0.5647372007369995,0.0,0.0,0.0,0.0,0.429648756980896,0.0,0.0,0.059957668185234,0.0,0.2981636822223663,0.0,0.0,0.0,0.0276944991201162,0.0,0.0,0.0,0.0,0.2699360847473144,0.0883890017867088,0.9726165533065796,0.1419380903244018,0.0536229982972145,0.0,0.0,0.0,0.0,0.0,0.710259735584259,0.0,0.7159502506256104,0.0,0.7926159501075745,0.0,0.0,0.7373002171516418,0.0,0.0,0.0,0.0,0.0,0.0,0.0,0.0359184443950653,0.0,0.2619967460632324,0.0606477484107017,0.0,0.0,0.0,0.0332521237432956,0.0,0.0,0.0,0.4177440404891968,0.1337331682443618,0.0,0.077721931040287,0.0,0.0,0.4897618293762207,0.3201467394828796,0.1273037940263748,0.0,0.0,0.0,0.0,0.2902064323425293,0.2365036904811859,0.0,0.0,0.0,0.0,0.0,0.0476547293365001,0.2798832356929779,0.0,0.0,0.0831153988838195,0.0,0.0,0.0,0.0,0.0,0.0,0.0,0.0,0.0109850000590085,0.0,0.0,0.1609774082899093,0.0,0.0751226842403411,0.0,0.0,0.0,0.0,0.0,0.0,0.0,0.0,0.0,0.0,0.0,0.0,0.0,0.0,0.0,0.0,0.0143110007047653,0.0,0.0,0.0,0.0,0.1272022724151611,0.2459937334060669,0.46475350856781,0.0,0.8259608745574951,0.0,0.0,0.354150116443634,0.0,0.0,0.0,0.0
882,0.0,0.0,0.0,0.0,0.0,0.0,0.0,0.0,0.0,0.0,0.0,0.0,0.0,0.0,0.0,0.0,0.0,0.0,0.0,0.0,0.0,0.0,0.0199215002357959,0.0,0.0,0.0,0.0,0.0,0.0,0.0,0.0,0.0,0.0,0.0,0.0,0.0,0.0,0.0,0.0,0.0,0.0,0.0,0.0,0.0,0.0,0.0,0.0,0.0,0.0,0.0,0.0,0.0,0.0,0.0,0.0,0.0,0.0,0.0,0.0,0.0,0.0,0.0,0.0,0.0360948368906974,0.0,0.0,0.0,0.0,0.0,0.0,0.0,0.0,0.0,0.0,0.0,0.0,0.0,0.0,0.0,0.0,0.0,0.0,0.0,0.0,0.0,0.0,0.5919126868247986,0.0,0.0,0.0,0.0,0.0,0.0,0.0,0.0,0.0,0.0,0.0,0.0,0.0,0.0,0.0,0.7605368494987488,0.0,0.0,0.0,0.0,0.0,0.0,0.0,0.0,0.0,0.0,0.0,0.0,0.0,0.0,0.0,0.0,0.0,0.0,0.0419326014816761,0.0,0.0,0.0,0.0,0.0,0.0
883,0.0,0.0,0.0,0.0,0.0,0.0,0.0,0.1195405796170234,0.0,0.0,0.0,0.0,0.0,0.0,0.0,0.0,0.0,0.0,0.0,0.0,0.0,0.0,0.0,0.030632859095931,0.0,0.0,0.0,0.0,0.0,0.0,0.0,0.0,0.8583714365959167,0.0,0.1212841719388961,0.0,0.0,0.0,0.0,0.0,0.0,0.0,0.0,0.0,0.0,0.0,0.0,0.0,0.0,0.0,0.0,0.0,0.1680412143468856,0.0,0.0,0.0,0.0031814365647733,0.0,0.0,0.0,0.0,0.0,0.1143219992518425,0.0,0.0,0.0,0.0,0.0,0.0,0.0,0.0,0.0,0.0,0.0,0.0,0.0,0.0,0.0115503789857029,0.0,0.0,0.2068538665771484,0.0,0.0,0.0,0.0,0.0,0.7365830540657043,0.0,0.0,0.0,0.0,0.0,0.0713215470314025,0.0,0.0,0.0,0.0,0.0,0.0,0.0,0.0,0.0,0.0,0.0589666031301021,0.0,0.0,0.0,0.0,0.0,0.0,0.07349743694067,0.0,0.0,0.0,0.0,0.0,0.0491415746510028,0.0,0.0,0.0,0.0,0.0,0.0,0.0,0.0,0.0,0.0,0.0
888,0.0,0.0,0.0,0.0,0.0,0.0,0.0,0.0,0.0,0.0,0.0,0.0,0.0,0.0,0.0,0.0,0.0,0.0,0.0,0.0,0.0,0.0,0.0,0.0,0.0,0.0,0.0,0.0,0.0,0.0,0.0,0.0,0.0,0.0,0.0,0.0,0.0,0.0,0.0,0.0,0.0,0.0,0.0,0.0,0.0,0.0,0.0,0.0,0.0,0.0,0.0,0.0,0.0,0.0,0.0,0.0,0.0,0.0,0.0,0.0,0.0,0.0,0.0,0.0,0.0,0.0,0.0,0.0,0.0,0.0,0.0,0.0,0.0,0.0,0.0,0.0,0.0,0.0,0.0,0.0,0.0,0.0,0.0,0.0,0.0,0.0,0.0,0.0,0.0,0.0,0.0,0.0,0.0,0.0,0.0,0.0,0.0,0.0,0.0,0.0,0.0,0.0,0.0,0.0,0.0,0.0,0.0,0.0,0.0,0.0,0.0,0.0,0.0,0.0,0.0,0.0,0.0,0.0,0.0,0.0,0.0,0.0,0.0,0.0,0.0,0.0,0.0,0.0
889,0.6240939497947693,0.0976802259683609,0.0250133965164423,0.2942224442958832,0.0829435959458351,0.1174197420477867,0.0715961977839469,0.0335275270044803,0.4345758855342865,0.2847958207130432,0.2480420023202896,0.1502245217561721,0.2674976289272308,0.2525846660137176,0.1249207705259323,0.0197609066963195,0.0341874510049819,0.027457945048809,0.0263021811842918,0.0999513417482376,0.023134384304285,0.2427024245262146,0.0544324144721031,0.4560625553131103,0.2706600129604339,0.0421636179089546,0.2009018063545227,0.0627446174621582,0.0546048767864704,0.0118102552369236,0.0831352025270462,0.1049995049834251,0.025043411180377,0.0687351524829864,0.1088879257440567,0.2032684981822967,0.1329874396324157,0.0174856428056955,0.1070181652903556,0.1256305873394012,0.0598989874124527,0.0566153898835182,0.0718969479203224,0.0038549455348402,0.2966088652610779,0.4331288635730743,0.1417996734380722,0.1912246942520141,0.38059863448143,0.0717553496360778,0.3202642798423767,0.1370824873447418,0.4176715314388275,0.0201642233878374,0.1678434908390045,0.1057540625333786,0.2574029564857483,0.1686617881059646,0.1296162009239196,0.2306117117404937,0.1387455016374588,0.1876216381788253,0.0210656691342592,0.2205789983272552,0.0459468699991703,0.0385313779115676,0.1272844970226287,0.0,0.110855221748352,0.1930342763662338,0.0505362525582313,0.1716575026512146,0.1499846130609512,0.3264299035072326,0.1813415884971618,0.1700160801410675,0.2179107069969177,0.2200332283973693,0.3723213374614715,0.0871045291423797,0.1325586140155792,0.1154859811067581,0.0135227711871266,0.2352523803710937,0.0088461805135011,0.0456721521914005,0.2077736407518386,0.5160632729530334,0.1091329678893089,0.0820599570870399,0.2831982672214508,0.0625469982624054,0.1831866651773452,0.2026224881410598,0.2031632661819458,0.0704859048128128,0.2137896716594696,0.2121682316064834,0.0981298089027404,0.1356722265481948,0.0211619399487972,0.1664162874221801,0.1440510153770446,0.1690727323293686,0.1444715410470962,0.2434229403734207,0.2138493955135345,0.4458200335502624,0.0730936229228973,0.2537152171134949,0.1205232143402099,0.2692874073982239,0.0286459382623434,0.1968090683221817,0.2397086471319198,0.1087616607546806,0.0770541206002235,0.2024826258420944,0.0974797680974006,0.0408131815493106,0.069485604763031,0.1891320943832397,0.03882747143507,0.053306758403778,0.1044097021222114,0.2798875868320465,0.018818087875843,0.3374544382095337
893,0.0404249541461467,0.0,0.738531768321991,0.0,0.129495084285736,0.2695412933826446,0.7308241724967957,0.6521241664886475,0.0687244907021522,0.6047715544700623,0.5079602599143982,0.8239480257034302,0.434232622385025,0.6102336645126343,0.910998523235321,0.1538200080394745,0.4431237578392029,0.0142335714772343,0.8293503522872925,0.1630513966083526,0.5806329846382141,0.205739289522171,0.0,0.1518686860799789,0.2249288409948349,0.4725964665412903,0.0,0.1257597506046295,0.7914374470710754,0.7281292080879211,0.7617210149765015,0.923844039440155,0.1351795196533203,0.1569291651248932,0.7436341643333435,0.0,0.0,0.0,0.0628929361701011,0.8194785118103027,0.3447500169277191,0.0,0.3276105225086212,0.460553765296936,0.0506708845496177,0.2931918501853943,0.0,0.6710951328277588,0.6535868644714355,0.8704751133918762,0.8327931761741638,0.7688035368919373,0.1370975375175476,0.2415745705366134,0.1387933641672134,0.0,0.6314321756362915,0.1389050930738449,0.8558570146560669,0.8833874464035034,0.662169337272644,0.0626835003495216,0.0,0.4623514115810394,0.5635607242584229,0.0642009079456329,0.0,0.595901370048523,0.8869566917419434,0.1027602329850196,0.1287952363491058,0.7585344314575195,0.4676964282989502,0.1114975363016128,0.5103446245193481,0.0,0.253795325756073,0.5057880878448486,0.1480648964643478,0.8247941136360168,0.0,0.1137915477156639,0.0753862559795379,0.138465479016304,0.9548657536506652,0.8587398529052734,0.1771724224090576,0.9148398637771606,0.0,0.0,0.2735210359096527,0.09156084805727,0.6867039203643799,0.1863860040903091,0.0,0.3774049580097198,0.8826727271080017,0.7128656506538391,0.0,0.3157289028167724,0.883248507976532,0.0,0.781997561454773,0.4531630873680115,0.9187448620796204,0.0,0.0,0.6533772349357605,0.3708322644233703,0.8225104212760925,0.1446994096040725,0.881834864616394,0.1765796244144439,0.0300447270274162,0.0,0.0,0.6666814684867859,0.4453441798686981,0.4756357073783874,0.7562501430511475,0.1242610961198806,0.7842581868171692,0.0,0.0,0.6483511328697205,0.1039080023765564,0.1855515986680984,0.1257406324148178
894,0.0,0.0,0.0,0.0,0.0,0.0,0.0,0.0,0.0,0.0,0.0,0.0,0.0,0.0,0.0,0.0,0.0,0.0,0.0,0.0,0.0,0.0,0.0,0.0,0.0,0.0,0.0,0.0,0.0,0.0,0.0,0.0,0.0,0.0,0.0,0.0,0.0,0.0,0.0,0.0,0.0,0.0,0.0,0.0,0.0,0.0,0.0,0.0,0.0,0.0,0.0,0.0,0.0,0.0,0.0,0.0,0.0,0.0,0.0,0.0,0.0,0.0,0.0,0.0,0.0,0.0,0.0,0.0,0.0,0.0,0.0,0.0,0.0,0.0,0.0,0.0,0.0,0.0,0.0,0.0,0.0,0.0,0.0,0.0,0.0,0.0,0.0,0.0,0.0,0.0,0.0,0.0,0.0,0.0,0.0,0.0,0.0,0.0,0.0,0.0,0.0,0.0,0.0,0.0,0.0,0.0,0.0,0.0,0.0,0.0,0.0,0.0,0.0,0.0,0.0,0.0,0.0,0.0,0.0,0.0,0.0,0.0,0.0,0.0,0.0,0.0,0.0,0.0
901,0.0,0.0,0.0,0.0,0.4331553876399994,0.8654383420944214,0.2850298881530761,0.9514238238334656,0.8807182908058167,0.6552578210830688,0.895704448223114,0.7296200394630432,0.0,0.4984427094459533,0.7815243601799011,0.0,0.0,0.4081445336341858,0.0,0.0,0.0,0.0,0.8887720704078674,0.2831099927425384,0.0,0.8741507530212402,0.0,0.0,0.0,0.0,0.2729749977588653,0.0,0.5652834177017212,0.0,0.0,0.0,0.0,0.0,0.2358653992414474,0.7392922639846802,0.8460608124732971,0.0,0.7783604860305786,0.0362051427364349,0.8557695150375366,0.6273494958877563,0.4160061776638031,0.0,0.1722250878810882,0.0,0.3551999926567077,0.9005782604217529,0.2918843626976013,0.0,0.3116710186004638,0.8902432918548584,0.9207576513290404,0.6989974975585938,0.8465074896812439,0.0,0.6439841389656067,0.286937415599823,0.0355763360857963,0.7838870286941528,0.0,0.0,0.9416004419326782,0.8249709010124207,0.7398568987846375,0.0,0.0,0.0,0.246575266122818,0.3801137208938598,0.4814165830612182,0.100684143602848,0.0,0.8464231491088867,0.0,0.0,0.0,0.0,0.0,0.0,0.0,0.9386705160140992,0.0,0.0,0.0,0.0,0.0,0.520872950553894,0.5594505071640015,0.8494741320610046,0.0,0.0,0.0,0.0,0.2890296578407287,0.9512659907341005,0.0,0.8052976727485657,0.3686088621616363,0.0,0.4250597357749939,0.0,0.0,0.0,0.3951924741268158,0.0,0.7477197647094727,0.2457447350025177,0.0,0.0,0.1394883841276168,0.1754191368818283,0.0,0.0,0.8485814332962036,0.2065679430961609,0.3499117493629455,0.0,0.8689018487930298,0.3474639058113098,0.0,0.0,0.0,0.0
907,0.0,0.0,0.0,0.0,0.0,0.0,0.0,0.0,0.0,0.0,0.0,0.0,0.0,0.0,0.0,0.0,0.0,0.0,0.0,0.0,0.0,0.0,0.0,0.0,0.0,0.0,0.0,0.0,0.0,0.0,0.0,0.0,0.0,0.0,0.0,0.0,0.0,0.0,0.0,0.0,0.0,0.0,0.0,0.0,0.0,0.0,0.0,0.0,0.0,0.0,0.0,0.0,0.0,0.0,0.0,0.0,0.0,0.0,0.0,0.0,0.0,0.0,0.0,0.0,0.0,0.0,0.0,0.0,0.0,0.0,0.0,0.0,0.0,0.0,0.0,0.0,0.0,0.0,0.0,0.0,0.0,0.0,0.0,0.0,0.0,0.0,0.0,0.0,0.0,0.0,0.0,0.0,0.0,0.0,0.0,0.0,0.0,0.0,0.0,0.0,0.0,0.0,0.0,0.0,0.0,0.0,0.0,0.0,0.0,0.0,0.0,0.0,0.0,0.0,0.0,0.0,0.0,0.0,0.0,0.0,0.0,0.0,0.0,0.0,0.0,0.0,0.0,0.0
909,0.0,0.0,0.0,0.0,0.0,0.0,0.0,0.0,0.0,0.0,0.0,0.0,0.0,0.0,0.0,0.0,0.3176040053367615,0.0,0.0,0.1126603335142135,0.0,0.0,0.0,0.0,0.0,0.0,0.0,0.0,0.0,0.0,0.0,0.0,0.0,0.0,0.0,0.0,0.0,0.0,0.0,0.0,0.0,0.0,0.0,0.0,0.0,0.0,0.0,0.0,0.0,0.0,0.0,0.0,0.0,0.0,0.0,0.0,0.0,0.0,0.0,0.0,0.0,0.0,0.0,0.0,0.0,0.0,0.0,0.0,0.0,0.0,0.0,0.0,0.0,0.0,0.0,0.0,0.0,0.0,0.0,0.0,0.0,0.0,0.0,0.0,0.0,0.0,0.0,0.0,0.0,0.0,0.0,0.0,0.0,0.0,0.0,0.0,0.0,0.0,0.0,0.0,0.0,0.0,0.0,0.0,0.0,0.0,0.0,0.0,0.0,0.0,0.0,0.0,0.0,0.0,0.0,0.0,0.0,0.0,0.0,0.0,0.0,0.0720919966697692,0.0,0.0,0.0,0.0,0.0,0.0
918,0.0,0.0,0.0,0.0,0.0,0.0,0.0,0.0,0.0,0.0,0.0,0.0,0.0,0.0,0.0,0.0,0.0,0.0,0.0,0.0,0.0,0.0,0.0,0.0,0.0,0.0,0.0,0.0,0.0,0.0,0.0,0.0,0.0,0.0,0.0,0.0,0.0,0.0,0.0,0.0,0.0,0.0,0.0,0.0,0.0,0.0,0.0,0.0,0.0,0.0,0.0,0.0,0.0,0.0,0.0,0.0,0.0,0.0,0.0,0.0,0.0,0.0,0.0,0.0,0.0,0.0,0.0,0.0,0.0,0.0,0.0,0.0,0.0,0.0,0.0,0.0,0.0,0.0,0.0,0.0,0.0,0.0,0.0,0.0,0.0,0.0,0.0,0.0,0.0,0.0,0.0,0.0,0.0,0.0,0.0,0.0,0.0,0.0,0.0,0.0,0.0,0.0,0.0,0.0,0.0,0.0,0.0,0.0,0.0,0.0,0.0,0.0,0.0,0.0,0.0,0.0,0.0,0.0,0.0,0.0,0.0,0.0,0.0,0.0,0.0,0.0,0.0,0.0
921,0.0341227315366268,0.0320335142314434,0.0246673021465539,0.0,0.0,0.0,0.004274389706552,0.0723292604088783,0.0,0.0,0.0455253757536411,0.0,0.0,0.0545647889375686,0.0,0.0452370233833789,0.0,0.0,0.0,0.0165447369217872,0.0,0.020164405927062,0.0,0.0128571009263396,0.0926882550120353,0.0,0.0,0.2242076098918914,0.020250204950571,0.0,0.0125049715861678,0.02589887753129,0.0663169547915458,0.0,0.0492454133927822,0.0433069393038749,0.0,0.0,0.0381611883640289,0.0425956845283508,0.0,0.5224490165710449,0.0540038980543613,0.0,0.0,0.0812256038188934,0.0477881878614425,0.0,0.0,0.049456275999546,0.0,0.0,0.0692494735121727,0.0198238287121057,0.0,0.0,0.0451014712452888,0.0,0.0,0.0723762884736061,0.0553375668823719,0.0,0.0196432005614042,0.0270510725677013,0.0207630414515733,0.0,0.0444607660174369,0.0,0.0,0.0183474160730838,0.024161847308278,0.0036546755582094,0.0,0.0234739165753126,0.0,0.0555244982242584,0.0120154172182083,0.0,0.0339746698737144,0.0,0.0093020601198077,0.0,0.0329394489526748,0.0298437271267175,0.0207473095506429,0.0,0.0587218850851058,0.0306625254452228,0.0383701436221599,0.0,0.0,0.0473920218646526,0.1053786799311637,0.023650100454688,0.0122630232945084,0.0,0.0186491608619689,0.0174454767256975,0.0276542045176029,0.0092529561370611,0.0232120230793952,0.0170657914131879,0.017859473824501,0.0420088768005371,0.027356281876564,0.0207772944122552,0.0,0.0,0.0451721027493476,0.1798484325408935,0.0551822930574417,0.0,0.0,0.0,0.0,0.1098018288612365,0.0,0.0787567794322967,0.1291785538196563,0.0,0.0495604984462261,0.0069889561273157,0.016330923885107,0.0,0.0,0.0084032053127884,0.0663343518972396,0.0
924,0.0,0.0,0.0,0.0,0.0,0.0,0.0,0.0,0.0,0.0,0.0,0.0,0.0,0.0,0.0,0.0,0.0,0.0,0.0,0.0,0.0,0.0,0.0,0.0,0.0,0.0,0.0,0.0,0.0,0.0,0.0,0.0,0.0,0.0,0.0,0.0,0.0,0.0,0.0,0.0,0.0,0.0,0.0,0.0,0.0,0.0,0.0,0.0,0.0,0.0,0.0,0.0,0.0,0.0,0.0,0.0,0.0,0.0,0.0,0.0,0.0,0.0,0.0,0.0,0.0,0.0,0.0,0.0,0.0,0.0,0.0,0.0,0.0,0.0,0.0,0.0,0.0,0.0,0.0,0.0,0.0,0.0,0.0,0.0,0.0,0.0,0.0,0.0,0.0,0.0,0.0,0.0,0.0,0.0,0.0,0.0,0.0,0.0,0.0,0.0,0.0,0.0,0.0,0.0,0.0,0.0,0.0,0.0,0.0,0.0,0.0,0.0,0.0,0.0,0.0,0.0,0.0,0.0,0.0,0.0,0.0,0.0,0.0,0.0,0.0,0.0,0.0,0.0
928,0.0,0.0,0.0,0.0,0.0,0.0,0.0,0.0,0.0,0.0,0.6220661401748657,0.234690174460411,0.0,0.4976021647453308,0.0,0.0,0.0,0.1416877806186676,0.0,0.0,0.0,0.4178280532360077,0.4768221378326416,0.0,0.0,0.0,0.0,0.0,0.0,0.0,0.0,0.0,0.0,0.0,0.0,0.0,0.6059882044792175,0.0,0.0,0.0,0.0,0.0,0.3692054152488708,0.0,0.0,0.0,0.0,0.0,0.0,0.0,0.0,0.0,0.5348750352859497,0.0,0.0,0.0,0.0,0.0,0.0,0.3631168901920318,0.0,0.5318734049797058,0.0,0.0,0.0,0.0,0.5328503847122192,0.0,0.0,0.4045895636081695,0.0,0.0,0.4979729354381561,0.0,0.0,0.5585505366325378,0.0,0.0,0.0,0.0,0.0,0.0,0.1223790571093559,0.0,0.0,0.0,0.0,0.0,0.0,0.0,0.0,0.0,0.0,0.0,0.0,0.0,0.0,0.0,0.0,0.5434408187866211,0.0,0.0,0.3432726263999939,0.0,0.0,0.0,0.0,0.0,0.0,0.0,0.0,0.0,0.0,0.0,0.4070628881454468,0.0,0.0,0.0,0.0,0.0,0.0,0.0,0.0,0.0,0.0,0.0,0.0,0.2255223393440246
933,0.0,0.0,0.0,0.0,0.0,0.0,0.0,0.0,0.0,0.0,0.0,0.0,0.0,0.0,0.0,0.0,0.0,0.0,0.0,0.0,0.0,0.0,0.0,0.0,0.0,0.0,0.0,0.0,0.0,0.0,0.0,0.0,0.0,0.0,0.0,0.0,0.0,0.0,0.0,0.0,0.0,0.0,0.0,0.0,0.0,0.0,0.0,0.0,0.0,0.0,0.0,0.0,0.0,0.0,0.0,0.0,0.0,0.0,0.0,0.0,0.0,0.0,0.0,0.0,0.0,0.0,0.0,0.0,0.0,0.0,0.0,0.0,0.0,0.0,0.0,0.0,0.0,0.0,0.0,0.0,0.0,0.0,0.0,0.0,0.0,0.0,0.0,0.0,0.0,0.0,0.0,0.0,0.0,0.0,0.0,0.0,0.0,0.0,0.0,0.0,0.0546019189059734,0.0,0.0,0.0,0.0,0.0,0.0,0.0,0.0,0.0,0.0,0.0,0.0,0.0,0.0,0.0,0.0,0.0,0.0,0.0,0.0,0.0,0.0,0.0,0.0,0.0,0.0,0.0
934,0.0,0.0,0.0,0.0,0.0,0.0,0.0,0.0,0.0,0.0,0.0,0.0,0.0,0.0,0.0,0.0,0.0,0.0,0.0,0.0,0.0,0.0,0.0,0.0,0.0,0.0,0.0,0.0,0.0,0.0,0.0,0.0,0.0,0.0,0.0,0.0,0.0,0.0,0.0,0.0,0.0,0.0,0.0,0.0,0.0,0.0,0.0,0.0,0.0,0.0,0.0,0.0,0.0,0.0,0.0,0.0,0.0,0.0,0.0,0.0,0.0,0.0,0.0,0.0,0.0,0.0,0.0,0.0,0.0,0.0,0.0,0.0,0.0,0.0,0.0,0.0,0.0,0.0,0.0,0.0,0.0,0.0,0.0,0.0,0.0,0.0,0.0,0.0,0.0,0.0,0.0,0.0,0.0,0.0,0.0,0.0,0.0,0.0,0.0,0.0,0.0,0.0,0.0,0.0,0.0,0.0,0.0,0.0,0.0,0.0,0.0,0.0,0.0,0.0,0.0,0.0,0.0,0.0,0.0,0.0,0.0,0.0,0.0,0.0,0.0,0.0,0.0,0.0
938,0.0,0.0,0.0,0.0,0.0,0.0,0.0,0.0,0.0,0.0,0.0,0.0,0.0,0.0,0.0,0.0,0.0,0.0,0.0,0.0,0.0,0.0,0.0,0.0,0.0,0.0,0.0,0.0,0.0,0.0,0.0,0.0,0.0,0.0,0.0,0.0,0.0,0.0,0.0,0.0,0.0,0.0,0.0,0.0,0.0,0.0,0.0,0.0,0.0,0.0,0.0,0.0,0.0,0.0,0.0,0.0,0.0,0.0,0.0,0.0,0.0,0.0,0.0,0.0,0.0,0.0,0.0,0.0,0.0,0.0,0.0,0.0,0.0,0.0,0.0,0.0,0.0,0.0,0.0,0.0,0.0,0.0,0.0,0.0,0.0,0.0,0.0,0.0,0.0,0.0,0.0,0.5623019933700562,0.0,0.0,0.0,0.0,0.0,0.0,0.0,0.0,0.0,0.0,0.0,0.0,0.0,0.0,0.0,0.0,0.0,0.0,0.0,0.0,0.0,0.0,0.0,0.1385959982872009,0.0,0.0,0.0,0.0,0.0,0.0,0.0,0.0,0.0,0.0,0.0,0.0
941,0.0,0.0,0.0,0.0,0.0,0.0,0.0,0.0,0.0,0.0,0.0,0.0,0.0,0.0,0.0,0.0,0.0,0.0,0.0,0.0,0.0,0.0,0.0,0.0,0.0,0.0,0.0,0.0,0.0,0.0,0.0,0.0,0.0,0.0,0.0,0.0,0.0,0.0,0.0,0.0,0.0,0.0,0.0,0.0,0.0,0.0,0.0,0.0,0.0,0.0,0.0,0.0,0.0,0.0,0.0,0.0,0.0,0.0,0.0,0.0,0.0,0.0,0.0,0.0,0.0,0.0,0.0,0.0,0.0,0.0,0.0,0.0,0.0,0.0,0.0,0.0,0.0,0.0,0.0,0.0,0.0,0.0,0.0,0.0,0.0,0.0,0.0,0.0,0.0,0.0,0.0,0.0,0.0,0.0,0.0,0.0,0.0,0.0,0.0,0.0,0.0,0.0,0.0,0.0,0.0,0.0,0.0,0.0,0.0,0.0,0.0,0.0,0.0,0.0,0.0,0.0,0.0,0.0,0.0,0.0,0.0,0.0,0.0,0.0,0.0,0.0,0.0,0.0
950,0.0,0.0,0.0,0.0,0.0,0.0,0.0,0.0,0.0,0.0,0.0,0.0,0.0,0.0,0.0,0.0,0.0,0.0,0.0,0.0,0.0,0.0,0.0,0.0,0.0,0.0,0.0,0.0,0.0,0.0,0.0,0.0,0.0,0.0,0.0,0.0,0.0,0.0,0.0,0.0,0.0,0.0,0.0,0.0,0.2052392065525055,0.0,0.0,0.0,0.0,0.0,0.1100706681609153,0.0,0.0,0.0,0.0,0.0,0.0,0.0,0.0,0.0,0.0,0.0,0.0,0.0,0.0,0.0,0.0,0.0,0.0,0.0,0.0,0.0,0.0,0.0,0.0,0.0,0.0,0.0,0.0,0.0,0.0,0.0,0.1190041303634643,0.0,0.0,0.0,0.0,0.0,0.0,0.0,0.0,0.0,0.0,0.0,0.0,0.0,0.0,0.0,0.0797950252890586,0.0,0.0,0.0,0.0,0.0,0.0,0.0,0.0,0.0,0.0,0.0,0.0,0.0,0.0,0.0,0.0,0.0,0.0,0.0,0.0,0.0,0.0,0.0,0.0,0.0,0.0,0.0,0.0,0.0
953,0.0600893162190914,0.0,0.0440886206924915,0.0,0.0,0.0,0.0,0.0282141007483005,0.0320725254714489,0.0599262155592441,0.0,0.0,0.0,0.1116766482591629,0.0014977599494159,0.0,0.2427596598863601,0.0,0.0,0.0202352907508611,0.0413053222000598,0.0,0.0,0.0,0.0814841017127037,0.0,0.0,0.0401991829276084,0.0,0.0,0.0,0.0,0.0598388090729713,0.0,0.0138126723468303,0.0,0.0,0.0,0.0,0.0,0.0,0.1041817888617515,0.0,0.0,0.0615423582494258,0.1859846115112304,0.0,0.0,0.0,0.0,0.0216238722205162,0.091873712837696,0.0623481571674346,0.0300199855118989,0.0,0.0,0.0,0.0838348045945167,0.0,0.0,0.0,0.1531357318162918,0.0,0.0,0.0,0.177884355187416,0.0,0.0,0.2287323474884033,0.1961203962564468,0.0,0.0676936209201812,0.0,0.0880243852734565,0.0,0.0,0.0,0.0977368429303169,0.1030343994498252,0.0,0.0,0.0,0.0,0.0,0.0,0.1049725338816642,0.0,0.0,0.0,0.2116849273443222,0.0,0.0,0.0,0.0355780571699142,0.0,0.0698388889431953,0.0,0.1244112774729728,0.0,0.064005434513092,0.0,0.0,0.0036410181783139,0.0,0.0411508381366729,0.1065774112939834,0.0,0.0270334668457508,0.0,0.0,0.0698368400335311,0.0559314787387847,0.0985785201191902,0.0,0.0293667130172252,0.0,0.1971685737371444,0.0,0.0,0.0251596588641405,0.0353109985589981,0.0267232935875654,0.0,0.1013833582401275,0.0,0.0272685904055833,0.0238372106105089,0.0
954,0.0,0.0,0.0,0.0,0.0,0.0,0.0,0.0,0.0,0.0,0.0,0.0,0.0,0.0,0.0,0.0,0.0,0.0,0.0,0.0,0.0,0.0,0.0,0.0,0.0,0.0,0.0,0.0,0.0,0.0,0.0,0.0,0.0,0.0,0.0,0.0,0.0,0.0,0.0,0.0,0.0,0.0,0.0,0.0,0.0,0.0,0.0,0.0,0.0,0.0,0.0,0.0,0.0,0.0,0.0,0.0,0.0,0.0,0.0,0.0,0.0,0.0,0.0,0.0,0.0,0.0,0.0,0.0,0.0,0.0,0.0,0.0,0.0,0.0,0.0,0.0,0.0,0.0,0.0,0.0,0.0,0.0,0.0,0.0,0.0,0.0,0.0,0.0,0.0,0.0,0.0,0.0,0.0,0.0,0.0,0.0,0.0,0.0,0.0,0.0,0.0,0.0,0.0,0.0,0.0,0.0,0.0,0.0,0.0,0.0,0.0,0.0,0.0,0.0,0.0,0.0,0.0,0.0,0.0,0.0,0.0,0.0,0.0,0.0,0.0,0.0,0.0,0.0
958,0.3530766665935516,0.6832175850868225,0.9371895790100098,0.0,0.1462798565626144,0.1452746987342834,0.5922996997833252,0.357260525226593,0.7586683034896851,0.0,0.5222789645195007,0.0,0.2690150141716003,0.2476812750101089,0.0443919375538826,0.4424066543579101,0.4882911741733551,0.1825671046972274,0.7247108817100525,0.021281799301505,0.1855734288692474,0.0255195014178752,0.314491331577301,0.1158496439456939,0.6603037714958191,0.035980500280857,0.0,0.6541489958763123,0.2086055129766464,0.0904367715120315,0.0,0.9002115726470947,0.0,0.0490216687321662,0.0,0.2517013251781463,0.0,0.2371143251657486,0.1874482631683349,0.2151345610618591,0.1836413592100143,0.0,0.0597459971904754,0.058896467089653,0.7889456152915955,0.0,0.281077116727829,0.672995388507843,0.4247384667396545,0.4865339994430542,0.7508786916732788,0.4624993503093719,0.5546416640281677,0.2111589759588241,0.0111886151134967,0.0,0.1688397675752639,0.5252707600593567,0.7776406407356262,0.4919250905513763,0.6122898459434509,0.0,0.1325870007276535,0.075121596455574,0.1382060050964355,0.0468702763319015,1.0,0.2986504435539245,0.7061981558799744,0.0716352462768554,0.0851859077811241,0.5427667498588562,0.7996427416801453,0.7116760015487671,0.3259944021701813,0.0,0.0141463335603475,0.5810158848762512,0.1239861100912094,0.695731520652771,0.7554733157157898,0.0104878181591629,0.0324814543128013,0.0478837750852108,0.2592446208000183,0.547552227973938,0.628691554069519,0.0773198530077934,0.1171025037765502,0.0,0.0164839178323745,0.1741328239440918,0.7499573826789856,0.170559212565422,0.5857037901878357,0.6334629058837891,0.0,0.1087770760059356,0.3419013023376465,0.3183512389659881,0.7294726967811584,0.0184113327413797,0.532232940196991,0.4791306257247925,0.7551910281181335,0.0,0.7604696154594421,0.2150246798992157,0.1438845992088318,0.0986443161964416,0.103786364197731,0.2931558787822723,0.0,0.0,0.4707330167293548,0.5638133883476257,0.4848646819591522,0.6772255301475525,0.3714756667613983,0.1789060086011886,0.6995453238487244,0.1537480801343917,0.3476757705211639,0.0,0.7984727621078491,0.1667264401912689,0.5664323568344116,0.0478221848607063
960,0.0,0.0,0.0,0.0,0.0,0.0,0.0,0.0,0.0,0.0,0.0,0.0,0.0,0.0,0.0,0.0,0.0,0.0,0.0,0.0,0.0,0.0,0.0,0.0,0.0,0.0,0.0,0.0,0.0,0.0,0.0,0.0,0.0,0.0,0.0,0.0,0.0,0.0,0.0,0.0,0.0,0.0,0.0,0.0,0.0,0.0,0.0,0.0,0.0,0.0,0.0,0.0,0.0,0.0,0.0,0.0,0.0,0.0,0.0,0.0,0.0,0.0,0.0,0.0,0.0,0.0,0.0,0.0,0.0,0.0,0.0,0.0,0.0,0.0,0.0,0.0,0.0,0.0,0.0,0.0,0.0,0.0,0.0,0.0,0.0,0.0,0.0,0.0,0.0,0.0,0.0,0.0,0.0,0.0,0.0,0.0,0.0,0.0,0.0,0.0,0.0,0.0,0.0,0.0,0.0,0.0,0.0,0.0,0.0,0.0,0.0,0.0,0.0,0.0,0.0,0.0,0.0,0.0,0.0,0.0,0.0,0.0,0.0,0.0,0.0,0.0,0.0,0.0
969,0.0,0.0,0.0,0.0,0.0,0.0,0.0,0.0,0.0,0.0,0.0,0.0,0.0,0.0,0.0,0.0,0.0,0.0,0.0,0.0,0.0,0.0,0.0,0.0,0.0,0.0,0.0,0.0,0.0,0.0,0.0,0.0,0.0,0.0,0.0,0.0,0.0,0.0,0.0,0.0,0.0,0.0,0.0,0.0,0.0,0.0,0.0,0.0,0.0,0.0,0.0,0.0,0.0,0.0,0.0,0.0,0.0,0.0,0.0,0.0,0.0,0.0,0.0,0.0,0.0,0.0,0.0,0.0,0.0,0.0,0.0,0.0,0.0,0.0,0.0,0.0,0.0,0.0,0.0,0.0,0.0,0.0,0.0,0.0,0.0,0.0,0.0,0.0,0.0,0.0,0.0,0.0,0.0,0.0,0.0,0.0,0.0,0.0,0.0,0.0,0.0,0.0,0.0,0.0,0.0,0.0,0.0,0.0,0.0,0.0,0.0,0.0,0.0,0.0,0.0,0.0,0.0,0.0,0.0,0.0,0.0,0.0,0.0,0.0,0.0,0.0,0.0,0.0
970,0.0,0.1676384955644607,0.5189284086227417,0.6015496253967285,0.7429236769676208,0.6675626039505005,0.0,0.5890302062034607,0.9388360381126404,0.0,0.3178937137126922,0.3823092579841614,0.6927812099456787,0.2532743215560913,0.8796710968017578,0.98588627576828,0.1266994923353195,0.774335503578186,0.0,0.0726401954889297,0.5010092854499817,0.0684936195611953,0.2427968680858612,0.1503348350524902,0.1443527787923813,0.1519079357385635,0.0,0.1313902884721756,0.5152264833450317,0.4916664958000183,0.0,0.8169662356376648,0.0925154834985733,0.0,0.1935180723667144,0.5975399613380432,0.0,0.2394221872091293,0.2355951070785522,0.5408050417900085,0.6604490876197815,0.0,0.7687647938728333,0.0,0.5886802673339844,0.2732827961444855,0.3634057641029358,0.1270513385534286,0.0,0.2324396222829818,0.2919247448444366,0.0,0.0,0.0372592248022556,0.3926377892494201,0.6954642534255981,0.3266573548316955,0.6525506973266602,0.6337460279464722,0.1082320883870124,0.1447869092226028,0.0,0.6345605254173279,0.5092546939849854,0.1463156640529632,0.1042290031909942,0.0,0.4018872678279876,0.4272889196872711,0.0,0.2061737030744552,0.0,0.636322021484375,0.2073204219341278,0.3206596672534942,0.3273134529590606,0.3666321337223053,0.0,0.1819801032543182,0.0,0.667474627494812,0.2948261797428131,0.1859218627214431,0.3448540270328522,0.172830730676651,0.1100142896175384,0.7401311993598938,0.1033148542046547,0.4011006951332092,0.6054162383079529,0.0879536345601081,0.4974426031112671,0.0948886647820472,0.665104329586029,0.0,0.0,0.2317084074020385,0.0509944446384906,0.289910227060318,0.2466281056404113,0.0,0.4174345433712005,0.7490302324295044,0.7223390936851501,0.527807354927063,0.0,0.2460031509399414,0.6659133434295654,0.770502507686615,0.0,0.3685407340526581,0.0709139183163642,0.0,0.0854754969477653,0.7184205055236816,0.6468293070793152,0.4209227561950683,0.3263090252876282,0.0,0.0,0.4166706502437591,0.0232840701937675,0.0,0.2877020537853241,0.0,0.2892640829086303,0.0,0.1049907878041267
971,0.0,0.0,0.0,0.0,0.0,0.0,0.0,0.0,0.0,0.0,0.0,0.0,0.0,0.0,0.0,0.0,0.0,0.0,0.0,0.0,0.0,0.0,0.0,0.0,0.0,0.0,0.0,0.0,0.0,0.0,0.0,0.0,0.0,0.0,0.0,0.0,0.0,0.0,0.0,0.0,0.0,0.0,0.0,0.0,0.0,0.0,0.0,0.0,0.0,0.0,0.0,0.0,0.0,0.0,0.0,0.0,0.0,0.0,0.0,0.0,0.0,0.0,0.0,0.0,0.0,0.0,0.0,0.0,0.0,0.0,0.0,0.0,0.0,0.0,0.0,0.0,0.0,0.0,0.0,0.0,0.0,0.0,0.0,0.0,0.0,0.0,0.0,0.0,0.0,0.0,0.0,0.0,0.0,0.0,0.0,0.0,0.0,0.0,0.0,0.0,0.0,0.0,0.0,0.0,0.0,0.0,0.0,0.0,0.0,0.0,0.0,0.0,0.0,0.0,0.0,0.0,0.0,0.0,0.0,0.0,0.0,0.0,0.0,0.0,0.0,0.0,0.0,0.0
975,0.0907732024788856,0.1593199968338012,0.1883002072572708,0.1830271929502487,0.0,0.1582308113574981,0.2262475937604904,0.0267248004674911,0.1473775058984756,0.1230619922280311,0.0287405997514724,0.1316490024328231,0.1888324916362762,0.069946601986885,0.1477400064468383,0.0294885002076625,0.301758736371994,0.0637277513742446,0.1245632469654083,0.0332027487456798,0.165949672460556,0.4923000335693359,0.1717560142278671,0.013468500226736,0.2314067929983139,0.0607916004955768,0.1308187544345855,0.0669373348355293,0.0763857513666153,0.0797777995467186,0.0,0.0275155007839202,0.5532674789428711,0.1955968737602234,0.121715173125267,0.0959877520799636,0.051010750234127,0.0933180078864097,0.0462164990603923,0.2724907398223877,0.1455122083425521,0.1003300100564956,0.0845002010464668,0.1466542035341262,0.0806268006563186,0.0342656001448631,0.0956673994660377,0.0641390010714531,0.1030532494187355,0.0,0.0304162502288818,0.6775047779083252,0.0816537514328956,0.4495082497596741,0.1641001999378204,0.138138398528099,0.3256746232509613,0.2091442495584488,0.0183243341743946,0.4690233170986175,0.1527877449989318,0.0270370002835989,0.1114246025681495,0.0530092492699623,0.1545772552490234,0.1356092393398285,0.1664686053991317,0.0259403344243764,0.3252427577972412,0.109112337231636,0.0,0.0779265984892845,0.1087419986724853,0.0839840024709701,0.0933864042162895,0.1173970028758049,0.1068003997206687,0.0,0.1542023867368698,0.2635205090045929,0.2135052531957626,0.3254312574863434,0.2555728256702423,0.2425686717033386,0.0806974098086357,0.1407157927751541,0.3489534854888916,0.0649882033467292,0.4579972624778747,0.219112753868103,0.0454065017402172,0.1013416051864624,0.0,0.0719565004110336,0.3712872564792633,0.3905494809150696,0.1436765044927597,0.4021615982055664,0.2376504987478256,0.1446722447872162,0.0313862487673759,0.1996864974498748,0.0393045023083686,0.0948307514190673,0.1141318008303642,0.0203102491796016,0.4794237613677978,0.1548994034528732,0.0834919959306716,0.0,0.344302237033844,0.0845792517066001,0.1510167419910431,0.1637037545442581,0.3379112184047699,0.4745062589645386,0.1356982886791229,0.1177288442850112,0.7603899836540222,0.3966518044471741,0.2029917985200882,0.0965814962983131,0.1136537492275238,0.2275319993495941,0.2138088047504425,0.1209210082888603,0.1368228048086166,0.2103917151689529
994,0.0,0.0,0.0,0.0,0.0,0.0,0.2242821902036667,0.2309132218360901,0.0,0.1983268111944198,0.0,0.0,0.2777910828590393,0.0,0.2700445055961609,0.0,0.2555314898490906,0.0,0.2612780630588531,0.157653123140335,0.1938506662845611,0.0,0.2951958775520324,0.164321482181549,0.3399298787117004,0.0,0.0,0.217149943113327,0.0,0.1914378255605697,0.0,0.0,0.2515400052070617,0.0,0.0,0.0,0.1147005856037139,0.2343385964632034,0.3082700371742248,0.1881018429994583,0.0,0.3096621930599212,0.0,0.0,0.0,0.3678745627403259,0.3094008862972259,0.2013026475906372,0.2429609447717666,0.3117040991783142,0.2738256156444549,0.3000636398792267,0.2132229208946228,0.3359257280826568,0.1831997781991958,0.0,0.0,0.0,0.199560061097145,0.1854932457208633,0.2132084369659423,0.1430412083864212,0.2332193106412887,0.0,0.0,0.0,0.0,0.2994585335254669,0.3075099587440491,0.1937777251005172,0.0,0.2275697290897369,0.1873157769441604,0.0,0.215420514345169,0.0,0.0,0.1771302968263626,0.2224103659391403,0.0,0.0,0.1919142603874206,0.1977317035198211,0.0,0.0,0.275162935256958,0.2929502427577972,0.2174853980541229,0.3264026939868927,0.0,0.240153968334198,0.2334225326776504,0.2505386769771576,0.0,0.2323601394891739,0.0,0.0,0.0,0.238029658794403,0.0,0.0,0.0,0.1806055754423141,0.2415651977062225,0.2320836931467056,0.2280520945787429,0.3051223754882812,0.3374158143997192,0.2690855860710144,0.2121025621891021,0.254789650440216,0.0,0.0,0.2671656608581543,0.2085136175155639,0.0,0.1824923455715179,0.2339051216840744,0.0,0.2470170855522155,0.0,0.3541043698787689,0.2105462551116943,0.3165405094623565,0.26014044880867,0.0,0.0,0.3072860240936279
997,0.0,0.0,0.0,0.0,0.0,0.0,0.0,0.0,0.0,0.0,0.0,0.0,0.0,0.0,0.0,0.0,0.0,0.0,0.0,0.0,0.0,0.0,0.0,0.0,0.0,0.0,0.0,0.0,0.0,0.0,0.0,0.0,0.0,0.0,0.0,0.0,0.0,0.0,0.0,0.0,0.0,0.0,0.0,0.0,0.0,0.0,0.0,0.0,0.0,0.0,0.0,0.0,0.0,0.0,0.0,0.0,0.0,0.0,0.0,0.0,0.0,0.0,0.0,0.0,0.0,0.0,0.0,0.0,0.0,0.0,0.0,0.0,0.0,0.0,0.0,0.0,0.0,0.0,0.0,0.0,0.0,0.0,0.0,0.0,0.0,0.0,0.0,0.0,0.0,0.0,0.0,0.0,0.0,0.0,0.0,0.0,0.0,0.0,0.0,0.0,0.0,0.0,0.0,0.0,0.0,0.0,0.0,0.0,0.0,0.0,0.0,0.0,0.0,0.0,0.0,0.0,0.0,0.0,0.0,0.0,0.0,0.0,0.0,0.0,0.0,0.0,0.0,0.0
1000,0.0,0.0310116074979305,0.0,0.0203187149018049,0.0129580004140734,0.0,0.0,0.0,0.0,0.0,0.0,0.0,0.0,0.0,0.0,0.0,0.0,0.0,0.0,0.0093001741915941,0.0318319573998451,0.0,0.0,0.0,0.0,0.0041857729665935,0.0102937389165163,0.0,0.0140124503523111,0.0,0.035724151879549,0.0317548215389251,0.0703437849879264,0.0,0.0,0.0,0.0,0.0,0.0,0.0,0.0305401738733053,0.0,0.0,0.0,0.0,0.0312904380261898,0.0,0.0,0.0,0.0,0.0193835906684398,0.0,0.0,0.0,0.0,0.0,0.0,0.0,0.0,0.0237972177565097,0.0,0.0,0.0032082609832286,0.0,0.0,0.0,0.0,0.0,0.0,0.0142628755420446,0.0,0.0,0.0,0.0090065598487854,0.0,0.0,0.0,0.0,0.0065926192328333,0.0,0.0,0.0,0.0093717593699693,0.0,0.0,0.0,0.0,0.0,0.0,0.0,0.0,0.0,0.0,0.0,0.0,0.0396469570696353,0.0,0.0,0.0047815418802201,0.0,0.0,0.0120589053258299,0.0101460954174399,0.0,0.0099415006116032,0.0,0.0,0.0,0.0,0.0,0.0,0.0081012919545173,0.0,0.0,0.0362002290785312,0.0,0.0,0.0,0.0112745417281985,0.0,0.0,0.0,0.0,0.0,0.0,0.0,0.0,0.0035868000704795
1003,0.0,0.0,0.0,0.0,0.0,0.0,0.0,0.1221223399043083,0.0,0.0,0.0,0.0,0.1448074430227279,0.0182815715670585,0.0,0.0,0.0,0.0,0.0,0.0,0.0,0.0,0.0,0.0,0.030936287716031,0.0310199260711669,0.0,0.0,0.0,0.0,0.0,0.0,0.0,0.0,0.0,0.0,0.0,0.1905471384525299,0.0,0.0,0.0,0.0,0.0,0.0,0.1102624088525772,0.0,0.0,0.0,0.0,0.0,0.0,0.0,0.0,0.0,0.0,0.0,0.0,0.0,0.0,0.0,0.0,0.0,0.0,0.0,0.0,0.1654209941625595,0.0612341240048408,0.0270638577640056,0.0,0.0109953340142965,0.0,0.0,0.0,0.0364528596401214,0.0,0.0,0.0,0.0,0.0,0.0085343746468424,0.0,0.0,0.0,0.0,0.0,0.0,0.013298500329256,0.0,0.0,0.0,0.0,0.0,0.0,0.0,0.0,0.0,0.0,0.0,0.0,0.0,0.0,0.0,0.0123594999313354,0.0,0.0,0.2067868411540985,0.0,0.0,0.0194666106253862,0.1256866753101349,0.0,0.0,0.0,0.0,0.1171073764562606,0.0,0.0,0.0,0.0,0.0,0.0,0.1000000014901161,0.0,0.0,0.0,0.0,0.0066614998504519,0.0
1006,0.0,0.0,0.0,0.0,0.0,0.0,0.0,0.0,0.0,0.0,0.0,0.0,0.0,0.0,0.0,0.0,0.0,0.0,0.0,0.0,0.0,0.0,0.0,0.0,0.0,0.0,0.0,0.0,0.0,0.0,0.0,0.0,0.0,0.0,0.0,0.0,0.0,0.0,0.0,0.0,0.0,0.0,0.4669836759567261,0.0,0.0,0.0,0.0,0.0,0.0,0.0,0.0,0.0,0.0,0.0,0.0,0.0,0.0,0.0,0.0,0.0,0.0,0.0,0.0,0.0,0.0,0.0,0.0,0.0,0.0,0.0,0.0,0.0,0.0,0.0,0.0,0.0,0.0,0.0,0.0,0.0,0.0,0.0,0.0,0.0,0.0,0.0,0.0437521934509277,0.0,0.0,0.0,0.0,0.0,0.0,0.0,0.0,0.0,0.0,0.0,0.0,0.0,0.0,0.0,0.0,0.0,0.0,0.0,0.0,0.0,0.0,0.0,0.0,0.0,0.0,0.0,0.0,0.0,0.0,0.0,0.0,0.0,0.0,0.0,0.0,0.0,0.0,0.0,0.0,0.0
1007,0.0,0.0,0.0,0.0,0.0,0.0,0.0,0.0,0.0,0.0,0.0,0.0,0.0,0.0,0.0,0.0,0.0,0.0,0.0,0.0,0.0,0.0,0.0,0.0,0.0,0.0,0.0,0.0,0.0,0.0,0.0,0.0,0.0,0.0,0.0,0.0,0.0,0.0,0.0,0.0,0.0,0.0,0.0,0.0,0.0,0.0,0.0,0.0,0.0,0.0,0.0,0.0,0.0,0.0,0.0,0.0,0.0,0.0,0.0,0.0,0.0,0.0,0.0,0.0,0.0,0.0,0.0,0.0,0.0,0.0,0.0,0.0,0.0,0.0,0.0,0.0,0.0,0.0,0.0,0.0,0.0,0.0,0.0,0.0,0.0,0.0,0.0,0.0,0.0,0.0,0.0,0.0,0.0,0.0,0.0,0.0,0.0,0.0,0.0,0.0,0.0,0.0,0.0,0.0,0.0,0.0,0.0,0.0,0.0,0.0,0.0,0.0,0.0,0.0,0.0,0.0,0.0,0.0,0.0,0.0,0.0,0.0,0.0,0.0,0.0,0.0,0.0,0.0
1010,0.0242072865366935,0.0721025019884109,0.0884953364729881,0.0263205002993345,0.0149630000814795,0.0964148715138435,0.0,0.0138048334047198,0.0,0.0,0.0,0.0251084994524717,0.0316158607602119,0.0179323330521583,0.0,0.0,0.1584594994783401,0.237123429775238,0.1099130064249038,0.222605675458908,0.1541467159986496,0.1614406108856201,0.0,0.0495600029826164,0.1366190016269683,0.1111280024051666,0.1826590001583099,0.2755770087242126,0.3142054975032806,0.3666972517967224,0.3221703171730041,0.156285285949707,0.0401528589427471,0.2079691439867019,0.2379093468189239,0.0713182911276817,0.2133911252021789,0.1471307575702667,0.2261942923069,0.4361145794391632,0.2148324400186538,0.1682881712913513,0.26053187251091,0.1274359971284866,0.1345351487398147,0.1220722943544387,0.0512005016207695,0.22124744951725,0.1841471344232559,0.1903793513774871,0.2053802609443664,0.2218493223190307,0.1375490128993988,0.134769007563591,0.2734443545341491,0.1170837432146072,0.0414688363671302,0.2425683438777923,0.3041068613529205,0.2583216726779938,0.0,0.0318668894469738,0.1600478291511535,0.1540381461381912,0.0,0.1949955075979232,0.186811625957489,0.2283590137958526,0.3393767476081848,0.0405245721340179,0.4147323071956634,0.0983066707849502,0.1415617167949676,0.3040935099124908,0.2484878599643707,0.0252393335103988,0.1820027530193328,0.1461971700191497,0.0808705687522888,0.2490894347429275,0.2860924303531647,0.2187985032796859,0.3403844833374023,0.1428471803665161,0.0822965800762176,0.2600322961807251,0.0879913419485092,0.3510343730449676,0.1590296626091003,0.4310296475887298,0.0120871663093566,0.1198874339461326,0.0360170006752014,0.2173483669757843,0.1570823490619659,0.2945778667926788,0.1589560061693191,0.2093418687582016,0.0200878586620092,0.165470153093338,0.3239912390708923,0.0,0.2340081632137298,0.2718868255615234,0.0820704326033592,0.1973481476306915,0.1983519941568374,0.0219962857663631,0.2227260172367096,0.3711533546447754,0.0959527194499969,0.0564068332314491,0.2788891792297363,0.3750883042812347,0.2643654942512512,0.0584364980459213,0.1792411804199218,0.5237679481506348,0.1317355632781982,0.0983930081129074,0.0,0.2842198312282562,0.183938667178154,0.0228358339518308,0.3520112931728363,0.0,0.2264818400144577,0.1406178474426269
1014,0.2374108731746673,0.8034222722053528,0.9312454462051392,0.419744998216629,0.2632228434085846,0.1296969056129455,0.0332555882632732,0.8494988679885864,0.6085841655731201,0.8697710037231445,0.9737269878387452,0.4893978238105774,0.3438283801078796,0.4812647104263305,0.8977476954460144,0.9470197558403016,0.7027233839035034,0.5529864430427551,0.2828428447246551,0.4875695407390594,0.5069218277931213,0.4153464138507843,0.9741764068603516,0.490494817495346,0.7843551635742188,0.3806537687778473,0.6898050308227539,0.864303469657898,0.7052196860313416,0.9529812932014464,0.1381986290216446,0.2201148122549057,0.2493790537118911,0.4118391573429107,0.0065231816843152,0.5300613045692444,0.7943770289421082,0.1554335802793502,0.9250672459602356,0.8091126084327698,0.4534699022769928,0.0401794575154781,0.645117461681366,0.4354770183563232,0.9579650163650512,0.1688129007816314,0.8117178082466125,0.8169831037521362,0.1671908795833587,0.6583144068717957,0.2540359795093536,0.8605469465255737,0.5820347666740417,0.2303834110498428,0.4985924959182739,0.9511021971702576,0.4752286970615387,0.5610290169715881,0.4571387469768524,0.3971881866455078,0.2839526534080505,0.7011947631835938,0.6135476231575012,0.2201616764068603,0.1320917904376983,0.4516323506832123,0.4250451624393463,0.5657690763473511,0.7725305557250977,0.0826470255851745,0.0394911505281925,0.0028960569761693,0.5662400126457214,0.0887255147099495,0.8291837573051453,0.5853185653686523,0.18839892745018,0.8572483658790588,0.2252355366945266,0.3955451548099518,0.2450075000524521,0.2069143056869506,0.2140582799911499,0.7893274426460266,0.2661056518554687,0.4089143276214599,0.2052695602178573,0.6494656801223755,0.6310752034187317,0.1805098950862884,0.0094288140535354,0.5226173400878906,0.2425161749124527,0.3156460225582123,0.8776640892028809,0.3889801204204559,0.0218271054327487,0.7491273283958435,0.8480355739593506,0.7270575761795044,0.8529149293899536,0.6443929076194763,0.8428447842597961,0.8056866526603699,0.1667488366365432,0.8410937190055847,0.3061871230602264,0.2090352326631546,0.9434650540351868,0.1585112363100052,0.262325257062912,0.8389559984207153,0.1844100952148437,0.7065542340278625,0.1456294059753418,0.8218151926994324,0.4989939928054809,0.343810111284256,0.7268619537353516,0.8684212565422058,0.012256278656423,0.8475841283798218,0.1957128047943115,0.2480354458093643,0.8792541027069092,0.720913290977478,0.0581578202545642,0.3013619482517242
1017,0.0,0.0,0.0,0.0,0.0,0.0,0.0,0.0,0.0,0.0,0.0,0.0,0.0,0.0,0.0,0.0,0.0,0.0,0.0,0.0,0.0,0.0,0.0,0.0,0.0,0.0,0.0,0.0,0.0,0.0,0.0,0.0,0.0,0.0,0.0,0.0,0.0,0.0,0.0,0.0,0.0,0.0,0.0,0.0,0.0,0.0,0.0,0.0,0.0,0.0,0.0,0.0,0.0,0.0,0.0,0.0,0.0,0.0,0.0,0.0,0.0,0.0,0.0,0.0,0.0,0.0,0.0,0.0,0.0,0.0,0.0,0.0,0.0,0.0,0.0,0.0,0.0,0.0,0.0,0.0,0.0,0.0,0.0,0.0,0.0,0.0,0.0,0.0,0.0,0.0,0.0,0.0,0.0,0.0,0.0,0.0,0.0,0.0,0.0,0.0,0.0,0.0,0.0,0.0,0.0,0.0,0.0,0.0,0.0,0.0,0.0,0.0,0.0,0.0,0.0,0.0,0.0,0.0,0.0,0.0,0.0,0.0,0.0,0.0,0.0,0.0,0.0,0.0
1018,0.0,0.4817507266998291,0.0404294244945049,0.0,0.2305172681808471,0.0,0.1040825396776199,0.0,0.0287141688168048,0.0,0.6959968209266663,0.0,0.5639342069625854,0.1012031584978103,0.0,0.0,0.3154980838298797,0.1512237936258316,0.2656750380992889,0.0667242258787155,0.5368940830230713,0.0712346360087394,0.0,0.3489324748516083,0.5015824437141418,0.0,0.5522823333740234,0.0,0.1784386187791824,0.0,0.0,0.0,0.0779688507318496,0.4998770356178283,0.3544581830501556,0.1057420074939727,0.0,0.4032402634620666,0.0627150610089302,0.0,0.6159785985946655,0.2440149337053299,0.0635839626193046,0.1037573739886283,0.1698675006628036,0.223192349076271,0.1736402213573455,0.5262561440467834,0.2646234035491943,0.4015361368656158,0.2770958542823791,0.0,0.0847990363836288,0.046653676778078,0.299570620059967,0.7850934863090515,0.0730020403861999,0.1261610686779022,0.2275669425725937,0.2592951655387878,0.1836180835962295,0.1362013518810272,0.0,0.8441362380981445,0.3684580028057098,0.2883850634098053,0.0,0.3001722991466522,0.7550646066665649,0.0,0.3058906197547912,0.0,0.0446960404515266,0.3040674924850464,0.0,0.129031166434288,0.3346094489097595,0.3957900404930115,0.2736843824386596,0.1391220092773437,0.6170347929000854,0.0808576419949531,0.4251040816307068,0.0461036451160907,0.212653711438179,0.329739511013031,0.5322746634483337,0.0714348256587982,0.3537213504314422,0.0,0.2751190960407257,0.186157613992691,0.6402658224105835,0.2194577306509018,0.0902231261134147,0.0791621878743171,0.0736999362707138,0.1453843414783477,0.1039505004882812,0.0,0.3146994709968567,0.7551011443138123,0.1313161998987198,0.6079152822494507,0.0,0.0634919479489326,0.0,0.4732120037078857,0.0,0.7887473106384277,0.0,0.0788295492529869,0.0,0.7332395315170288,0.5328553915023804,0.4411356747150421,0.5896381139755249,0.6173449754714966,0.6430209875106812,0.3701749145984649,0.0,0.140936478972435,0.2328781485557556,0.4322270452976227,0.3446939885616302,0.9396464824676514,0.8151593208312988,0.2884558737277984
1023,0.0,0.0,0.0,0.0,0.0,0.0,0.0,0.0,0.0,0.0,0.0,0.0,0.0,0.0,0.0,0.0,0.0,0.0,0.0,0.0,0.0,0.0,0.0,0.0,0.0,0.0,0.0,0.0,0.0,0.0,0.0,0.0,0.0,0.0,0.0,0.0,0.0,0.0,0.0,0.0,0.0,0.0,0.0,0.0,0.0,0.0,0.0,0.0,0.0,0.0,0.0,0.0,0.0,0.0,0.0,0.0,0.0,0.0,0.0,0.0,0.0,0.0,0.0,0.0,0.0,0.0,0.0,0.0,0.0,0.0,0.0,0.0,0.0,0.0,0.0,0.0,0.0,0.0,0.0,0.0,0.0,0.0,0.0,0.0,0.0,0.0,0.0,0.0,0.0,0.0,0.0,0.0,0.0,0.0,0.0,0.0,0.0,0.0,0.0,0.0,0.0,0.0,0.0,0.0,0.0,0.0,0.0,0.0,0.0,0.0,0.0,0.0,0.0,0.0,0.0,0.0,0.0,0.0,0.0,0.0,0.0,0.0,0.0,0.0,0.0,0.0,0.0,0.0
1029,0.0,0.0,0.0,0.0,0.0,0.0,0.0,0.0,0.0,0.0,0.0,0.0,0.0,0.0,0.0,0.0,0.0,0.0,0.0,0.0,0.0,0.0,0.0,0.0,0.0,0.0,0.0,0.0,0.0,0.0,0.0,0.0,0.0,0.0,0.0,0.0,0.0,0.0,0.0,0.0,0.0,0.0,0.0,0.0,0.0,0.0,0.0,0.0,0.0,0.0,0.0,0.0,0.0,0.0,0.0,0.0,0.0,0.0,0.0,0.0,0.0,0.0,0.0,0.0,0.0,0.0,0.0,0.0,0.0,0.0,0.0,0.0,0.0,0.0,0.0,0.0,0.0,0.0,0.0,0.0,0.0,0.0,0.0,0.0,0.0,0.0,0.0,0.0,0.0,0.0,0.0,0.0,0.0,0.0,0.0,0.0,0.0,0.0,0.0,0.0,0.0,0.0,0.0,0.0,0.0,0.0,0.0,0.0,0.0,0.0,0.0,0.0,0.0,0.0,0.0,0.0,0.0,0.0,0.0,0.0,0.0,0.0,0.0,0.0,0.0,0.0,0.0,0.0
1031,0.0,0.0,0.0,0.0,0.0,0.0786444023251533,0.0,0.0,0.0,0.0357838347554206,0.0,0.0,0.0,0.0,0.0,0.0755810067057609,0.0,0.0,0.0,0.0,0.0,0.0463164001703262,0.0230036005377769,0.0,0.0,0.0,0.0,0.0,0.0,0.0,0.0,0.0215545780956745,0.0,0.0,0.0,0.0,0.0,0.0,0.0,0.022679166868329,0.0271862316876649,0.0,0.0,0.0,0.0067620002664625,0.0,0.0,0.0,0.0,0.0,0.0,0.0394121147692203,0.0,0.0,0.0,0.0,0.0,0.0,0.0,0.0,0.0,0.0,0.0,0.0,0.0291413348168134,0.0,0.0269125010818243,0.0,0.0,0.0,0.0,0.0,0.0,0.0,0.0,0.0,0.0,0.0,0.0,0.0,0.0,0.0,0.0500803366303443,0.0,0.0,0.0,0.0,0.0,0.0,0.0,0.0,0.0,0.0,0.0,0.0,0.0,0.0,0.0,0.0,0.0,0.0,0.0,0.0,0.0,0.0,0.0,0.0,0.0,0.0,0.0,0.1253284066915512,0.0,0.0,0.0,0.0,0.0,0.0,0.0,0.0,0.0,0.0,0.0,0.0301875844597816,0.0,0.0,0.0,0.0,0.0
1032,0.0,0.0,0.0,0.0,0.0,0.0,0.0,0.0,0.0,0.0,0.0,0.0,0.0,0.0,0.0,0.0,0.0,0.0,0.0,0.0,0.0,0.0,0.0,0.0,0.0,0.0,0.0,0.0,0.0,0.0,0.0,0.0,0.0,0.0,0.0,0.0,0.0,0.0,0.0,0.0,0.0,0.0,0.0,0.0,0.0,0.0,0.0,0.0,0.0,0.0,0.0,0.0,0.0,0.0,0.0,0.0,0.0,0.0,0.0,0.0,0.0,0.0,0.0,0.0,0.0,0.0,0.0,0.0,0.0,0.0,0.0,0.0,0.0,0.0,0.0,0.0,0.0,0.0,0.0,0.0,0.0,0.0,0.0,0.0,0.0,0.0,0.0,0.0,0.0,0.0,0.0,0.0,0.0,0.0,0.0,0.0,0.0,0.0,0.0,0.0,0.0,0.0,0.0,0.0,0.0,0.0,0.0,0.0,0.0,0.0,0.0,0.0,0.0,0.0,0.0,0.0,0.0,0.0,0.0,0.0,0.0,0.0,0.0,0.0,0.0,0.0,0.0,0.0
1035,0.0,0.0,0.1046406552195549,0.027299789711833,0.0,0.0644566342234611,0.0181588046252727,0.0454509370028972,0.0350385606288909,0.1092733666300773,0.099566601216793,0.0559402145445346,0.0,0.0,0.1084427237510681,0.0913470536470413,0.0,0.3128565847873688,0.182979553937912,0.0,0.0,0.2836063206195831,0.3639343380928039,0.0607409104704856,0.0937512144446373,0.0,0.2778394222259521,0.2605243623256683,0.2998220026493072,0.1739615648984909,0.3449012339115143,0.0,0.2618220150470733,0.1254539936780929,0.3246777653694153,0.1364372223615646,0.1753966063261032,0.1215284913778305,0.3054637312889099,0.3571996390819549,0.1766652315855026,0.308184951543808,0.1248509511351585,0.2545801103115082,0.4870725274085998,0.0,0.2828617095947265,0.2325948178768158,0.1880552619695663,0.0395733267068862,0.1571277529001236,0.297151118516922,0.0386242307722568,0.2179389148950576,0.3734557330608368,0.3832644522190094,0.2235845774412155,0.0821382477879524,0.1299921721220016,0.2637902796268463,0.078501746058464,0.0131939388811588,0.0834094434976577,0.2852815091609955,0.26367849111557,0.0,0.2280525267124176,0.0143962064757943,0.0,0.0662744641304016,0.2599068582057953,0.065064825117588,0.0,0.190474584698677,0.0775159001350402,0.0589448474347591,0.0,0.1788217723369598,0.2537673711776733,0.2198898047208786,0.4143541157245636,0.2094496190547943,0.2648326754570007,0.0,0.2588868141174316,0.2278604209423065,0.2258382141590118,0.2322852462530136,0.1753280907869339,0.1839097291231155,0.3520291447639465,0.0562083907425403,0.2244977504014969,0.2580091953277588,0.4467441439628601,0.1437508165836334,0.0,0.0,0.2698493301868438,0.0,0.2142525464296341,0.0,0.3863216042518616,0.2673480212688446,0.0,0.1736070066690445,0.037359707057476,0.4717098176479339,0.1630049645900726,0.0,0.0532345995306968,0.0,0.1931013762950897,0.01199705991894,0.3918084502220154,0.0,0.1605011820793151,0.0963628739118576,0.3532313406467438,0.1007885262370109,0.2077870368957519,0.3301891982555389,0.2302595973014831,0.2489491254091262,0.288633644580841,0.2694528996944427,0.3139757215976715,0.4251534044742584
1040,0.0,0.0,0.0,0.0,0.0,0.0,0.0,0.0,0.0,0.0,0.0,0.0,0.0,0.0,0.0,0.0,0.0,0.0,0.0,0.0,0.0,0.0,0.0,0.0,0.0,0.0,0.0,0.0,0.0,0.0,0.0,0.0,0.0,0.0,0.0,0.0,0.0,0.0,0.0,0.0,0.0,0.0,0.0,0.0,0.0,0.0,0.0,0.0,0.0,0.0,0.0,0.0,0.0,0.0,0.0,0.0,0.0,0.0,0.0,0.0,0.0,0.0,0.0,0.0,0.0,0.0,0.0,0.0,0.0,0.0,0.0,0.0,0.0,0.0,0.0,0.0,0.0,0.0,0.0,0.0,0.0,0.0,0.0,0.0,0.0,0.0,0.0,0.0,0.0,0.0,0.0,0.0,0.0,0.0,0.0,0.0,0.0,0.0,0.0,0.0,0.0,0.0,0.0,0.0,0.0,0.0,0.0,0.0,0.0,0.0,0.0,0.0,0.0,0.0,0.0,0.0,0.0,0.0,0.0,0.0,0.0,0.0,0.0,0.0,0.0,0.0,0.0,0.0
1042,0.0,0.0,0.0,0.0,0.0,0.0,0.0,0.0,0.0,0.0,0.0,0.0,0.0,0.0,0.0,0.0,0.0,0.0,0.0,0.0,0.0,0.0,0.0,0.0,0.0,0.0,0.0,0.0,0.0,0.0,0.0,0.1043085008859634,0.0,0.0,0.0,0.0,0.0,0.1090863347053527,0.0,0.0,0.0,0.0,0.0,0.0,0.0,0.0,0.0829019993543624,0.0,0.0,0.0,0.0,0.0,0.0,0.0,0.0,0.012178249657154,0.0,0.0,0.0,0.0,0.0,0.0,0.0,0.0,0.0757544934749603,0.0,0.0,0.0,0.0,0.0,0.0,0.0,0.0,0.0,0.0,0.0,0.0,0.0,0.0,0.0,0.0,0.0,0.0,0.0,0.0,0.0,0.0,0.0,0.0,0.0,0.0,0.0,0.0,0.0,0.0,0.0,0.0,0.0,0.0,0.0,0.0,0.0,0.0,0.0,0.0,0.0,0.1209169998764991,0.0,0.0,0.0,0.0,0.0,0.0,0.0,0.0,0.0,0.0,0.0,0.0,0.0,0.0,0.0,0.0,0.0,0.0,0.0,0.0,0.0
1049,0.0,0.0,0.0,0.0,0.0,0.0,0.9492869973182678,0.0010713571682572,0.3524430096149444,0.0,0.0161879993975162,0.0989458039402961,0.0,0.0,0.0,0.0,0.0621934346854686,0.9874669909477234,0.0,0.118086002767086,0.0,0.2385050058364868,0.0,0.1997822523117065,0.5182890295982361,0.0,0.0459659993648529,0.0,0.0809010043740272,0.0,0.0,0.2441112548112869,0.3005255460739136,0.0,0.0,0.1944351196289062,0.0,0.3179162442684173,0.1976711750030517,0.2472234368324279,0.9797430038452148,0.0,0.0,0.0,0.4232819974422455,0.0,0.0,0.0,0.0,0.0,0.0,0.0270545985549688,0.0,0.2388731986284256,0.0,0.2104021906852722,0.0,0.1636411547660827,0.2789759933948517,0.1791540086269378,0.0,0.0,0.2401634603738784,0.0,0.0,0.0,0.0876241624355316,0.0233740005642175,0.0,0.1394466012716293,0.0,0.0,0.0,0.6306064128875732,0.0,0.1461600065231323,0.0,0.0,0.0,0.0,0.4557135105133056,0.0,0.0,0.0560559146106243,0.2471925020217895,0.0,0.0,0.0,0.0,0.0,0.0,0.1345226764678955,0.0,0.3138630092144012,0.2658122181892395,0.5733570456504822,0.9114760160446168,0.0,0.4974845051765442,0.4170500040054321,0.0,0.491054505109787,0.0,0.0,0.331177681684494,0.0,0.0,0.0,0.5357469916343689,0.1064611002802848,0.0,0.0,0.0,0.6176786422729492,0.0,0.6484780311584473,0.0,0.0380482003092765,0.0958293378353118,0.2810072600841522,0.7448232769966125,0.1442443430423736,0.0,0.0,0.2455540001392364,0.0,0.0,0.0
1051,0.0,0.0,0.0,0.0,0.0,0.0,0.0,0.0,0.0,0.0,0.0,0.0,0.0,0.0,0.0,0.0,0.0,0.0,0.0,0.0,0.0,0.0,0.0,0.0,0.0,0.0,0.0,0.0,0.0,0.0,0.0,0.0,0.0,0.0,0.0,0.0,0.0,0.0,0.0,0.0,0.0,0.0,0.0,0.0,0.0,0.0,0.0,0.0,0.0,0.0,0.0,0.0,0.0,0.0,0.0,0.0,0.0,0.0,0.0,0.0,0.0,0.0,0.0,0.0,0.0,0.0,0.0,0.0,0.0,0.0,0.0,0.0,0.0,0.0,0.0,0.0,0.0,0.0,0.0,0.0,0.0,0.0,0.0,0.0,0.0,0.0,0.0,0.0,0.0,0.0,0.0,0.0,0.0,0.0,0.0,0.0,0.0,0.0,0.0,0.0,0.0,0.0,0.0,0.0,0.0,0.0,0.0,0.0,0.0,0.0,0.0,0.0,0.0,0.0,0.0,0.0,0.0,0.0,0.0,0.0,0.0,0.0,0.0,0.0,0.0,0.0,0.0,0.0
1052,0.0,0.293590247631073,0.3030591309070587,0.9354842901229858,0.6264220476150513,0.2699135541915893,0.0,0.9274181127548218,0.9049988389015198,0.7583745718002319,0.3254458308219909,0.7834011912345886,0.0,0.0,0.0,0.8111042976379395,0.0,0.3037252128124237,0.3504400849342346,0.0,1.0,0.3472029864788055,0.0,0.2871028482913971,0.2774295210838318,0.9536120295524596,0.9365999698638916,0.2594620883464813,0.2325353324413299,0.0,0.0,0.8505633473396301,0.0,0.0220893006771802,0.2609578967094421,0.1242328435182571,0.0,0.4719789922237396,0.0,0.6856765747070312,0.5002662539482117,0.4045372903347015,0.6752539277076721,0.912431001663208,0.0514728501439094,0.0,0.2457800954580307,0.3352537453174591,0.0,0.5407190322875977,0.2590937912464142,0.7893145084381104,0.2187111377716064,0.3516894578933716,0.0,0.4660959839820862,0.0,0.2247043550014495,0.6599752306938171,0.7411474585533142,0.5015674233436584,0.1828572750091552,0.7854512333869934,0.8885890245437622,0.3997953236103058,0.9126298427581788,0.8703833818435669,0.0,0.6974495053291321,0.0,0.4381709098815918,0.0,0.2897578477859497,0.1971879303455352,0.0,0.3614361882209778,0.6166200041770935,0.7962347865104675,0.0,0.7725937962532043,0.7035808563232422,0.0,0.1951639950275421,0.6387112140655518,0.241019919514656,0.0,0.0,0.0,0.1570100039243698,0.0,0.4550209939479828,0.3228897154331207,0.0,0.0,0.2999966740608215,0.6155502200126648,0.3061568140983581,0.8157649040222168,0.5352681875228882,0.0,0.2813500165939331,0.0,0.0,0.6036794781684875,0.3077007532119751,0.0293842870742082,0.0783996134996414,0.2861679196357727,0.1610171049833297,0.744120717048645,0.7219836115837097,0.7303594946861267,0.0,0.0,0.5412825345993042,0.0,0.7555117011070251,0.0,0.0,0.0,0.0,0.4799331128597259,0.8259572386741638,0.6467190980911255,0.2159055024385452,0.0,0.9780349731445312,0.338415652513504
1060,0.0,0.0,0.0,0.0,0.0,0.0,0.0,0.0,0.0,0.0,0.0,0.0,0.0,0.0,0.0,0.0,0.0,0.0,0.0,0.0,0.0,0.0,0.0,0.0,0.0,0.0,0.0,0.0,0.0,0.0,0.0,0.0,0.0,0.0,0.0,0.0,0.0,0.0,0.0,0.0,0.0,0.0,0.0,0.0,0.0,0.0,0.0,0.0,0.0,0.0,0.0,0.0,0.0,0.0,0.0,0.0,0.0,0.0,0.0,0.0,0.0,0.0,0.0,0.0,0.0,0.0,0.0,0.0,0.0,0.0,0.0,0.0,0.0,0.0,0.0,0.0,0.0,0.0,0.0,0.0,0.0,0.0,0.0,0.0,0.0,0.0,0.0,0.0,0.0,0.0,0.0,0.0,0.0,0.0,0.0,0.0,0.0,0.0,0.0,0.0,0.0,0.0,0.0,0.0,0.0,0.0,0.0,0.0,0.0,0.0,0.0,0.0,0.0,0.0,0.0,0.0,0.0,0.0,0.0,0.0,0.0,0.0,0.0,0.0,0.0,0.0,0.0,0.0
1067,0.5386307239532471,0.6617664098739624,0.6043288707733154,0.0,0.674193799495697,0.0,0.0,0.0,0.0,0.0,0.0,0.0,0.0,0.2447126805782318,0.4080666005611419,0.4839857518672943,0.5828707814216614,0.6349167823791504,0.0,0.0,0.8241524696350098,0.0,0.0,0.0,0.0,0.3961804807186126,0.5525146126747131,0.5729453563690186,0.0,0.0,0.0,0.4191087484359741,0.1484233140945434,0.3098452091217041,0.3624262809753418,0.4977821707725525,0.0,0.1572385728359222,0.0544598363339901,0.556177020072937,0.0,0.8315243721008301,0.2164912521839141,0.5161392092704773,0.6729406118392944,0.4578376710414886,0.0,0.8711907267570496,0.0619361773133277,0.5401498079299927,0.8759313821792603,0.0,0.0,0.62999027967453,0.0,0.1047346740961074,0.6505335569381714,0.4784513413906097,0.0,0.0,0.0,0.0,0.524772584438324,0.4868106245994568,0.0,0.5796235203742981,0.489702969789505,0.0,0.0,0.4306670129299164,0.0,0.0,0.0,0.5743279457092285,0.4652431905269623,0.0,0.3475991785526275,0.0,0.0,0.5446194410324097,0.436200350522995,0.539893388748169,0.0,0.4575780034065246,0.2231333702802658,0.0,0.2677880823612213,0.531581699848175,0.5967069268226624,0.0,0.8713340163230896,0.5052342414855957,0.7223727107048035,0.4809324741363525,0.0,0.0,0.0,0.0,0.0,0.0,0.5508367419242859,0.5937910079956055,0.0,0.3321142196655273,0.2496830224990844,0.4531412720680237,0.3830744624137878,0.0,0.4316824972629547,0.4780997037887573,0.3446777164936065,0.3685111701488495,0.0,0.2787836194038391,0.0,0.0,0.3818452060222626,0.4830822348594665,0.2360854744911193,0.5495797991752625,0.0,0.5361363887786865,0.6366440653800964,0.0,0.0,0.3603494167327881,0.4518744051456451,0.666056215763092
1069,0.0,0.0,0.0,0.0,0.0,0.0,0.0,0.0,0.0,0.0,0.0,0.0,0.0,0.0,0.0,0.0,0.0,0.0,0.0,0.0,0.0,0.0,0.0,0.0,0.0,0.0,0.0,0.0,0.0,0.0,0.0,0.0,0.0,0.0,0.0,0.0,0.0,0.0,0.0,0.0,0.0,0.0,0.0,0.0,0.0,0.0,0.0,0.0,0.0,0.0,0.0,0.0,0.0,0.0,0.0,0.0,0.0,0.0,0.0,0.0,0.0,0.0,0.0,0.0,0.0,0.0,0.0,0.0,0.0,0.0,0.0,0.0219080001115798,0.0,0.0,0.0,0.0,0.0,0.0,0.1933404952287674,0.0,0.0,0.0,0.0,0.0,0.0,0.0,0.0,0.0,0.0,0.0,0.0,0.0,0.0,0.0,0.0,0.0,0.0,0.0,0.0,0.0,0.0,0.0,0.0,0.0,0.0,0.0,0.0,0.0,0.0,0.0,0.0,0.0,0.0,0.0,0.0,0.0,0.0,0.0,0.0,0.0,0.0,0.0,0.0,0.0,0.0,0.0,0.0,0.0
1070,0.0,0.0,0.0,0.0,0.0,0.0,0.0,0.0,0.0,0.0,0.0,0.0,0.0,0.0,0.0,0.0,0.0,0.0,0.0,0.0,0.0,0.0,0.0,0.0,0.0,0.0,0.0,0.0,0.0,0.0,0.0,0.0,0.0,0.0,0.0,0.0,0.0,0.0,0.0,0.0,0.0,0.0,0.0,0.0,0.0,0.0,0.0,0.0,0.0,0.0,0.0,0.0,0.0,0.0,0.0,0.0,0.0,0.0,0.0,0.0,0.0,0.0,0.0,0.0,0.0,0.0,0.0,0.0,0.0,0.0,0.0,0.0,0.0,0.0,0.0,0.0,0.0,0.0,0.0,0.0,0.0,0.0,0.0,0.0,0.0,0.0,0.0,0.0,0.0,0.0,0.0,0.0,0.0,0.0,0.0,0.0,0.0,0.0,0.0,0.0,0.0,0.0,0.0,0.0,0.0,0.0,0.0,0.0,0.0,0.0,0.0,0.0,0.0,0.0,0.0,0.0,0.0,0.0,0.0,0.0,0.0,0.0,0.0,0.0,0.0,0.0,0.0,0.0
1071,0.0,0.0,0.0,0.0,0.0,0.0,0.0,0.0,0.0,0.0,0.0,0.0,0.0,0.0,0.0,0.0,0.0,0.0,0.0,0.0,0.0,0.0,0.0,0.0,0.0,0.0,0.0,0.0,0.0,0.0,0.0,0.0,0.0,0.0,0.0,0.0,0.0,0.0,0.0,0.0,0.0,0.0,0.0,0.0,0.0,0.0,0.0,0.0,0.0,0.0,0.0,0.0,0.0,0.0,0.0,0.0,0.0,0.0,0.0,0.0,0.0,0.0,0.0,0.0,0.0,0.0,0.0,0.0,0.0,0.0,0.0,0.0,0.0,0.0,0.0,0.0,0.0,0.0,0.0,0.0,0.0,0.0,0.0,0.0,0.0,0.0,0.0,0.0,0.0,0.0,0.0,0.0,0.0,0.0,0.0,0.0,0.0,0.0,0.0,0.0,0.0,0.0,0.0,0.0,0.0,0.0,0.0,0.0,0.0,0.0,0.0,0.0,0.0,0.0,0.0,0.0,0.0,0.0,0.0,0.0,0.0,0.0,0.0,0.0,0.0,0.0,0.0,0.0
1075,0.0,0.0,0.0,0.0,0.0,0.0,0.0,0.0,0.0,0.0,0.0,0.0,0.0,0.0,0.0,0.0,0.0,0.0,0.0,0.0,0.0,0.0,0.0,0.0,0.0,0.0,0.0,0.0,0.0,0.0,0.0,0.0,0.0,0.0,0.0,0.0,0.0,0.0,0.0,0.0,0.0,0.0,0.0,0.0,0.0,0.0,0.0,0.0,0.0,0.0,0.0,0.0,0.0,0.0,0.0,0.0,0.0,0.0,0.0,0.0,0.0,0.0,0.0,0.0,0.0,0.0,0.0,0.0,0.0,0.0,0.0,0.0,0.0,0.0,0.0,0.0,0.0,0.0,0.0,0.0,0.0,0.0,0.0,0.0,0.0,0.0,0.0,0.0,0.0,0.0,0.0,0.0,0.0,0.0,0.0,0.0,0.0,0.0,0.0,0.0,0.0,0.0,0.0,0.0,0.0,0.0,0.0,0.0,0.0,0.0,0.0,0.0,0.0,0.0,0.0,0.0,0.0,0.0,0.0,0.0,0.0,0.0,0.0,0.0,0.0,0.0,0.0,0.0
1079,0.0,0.0,0.0,0.0,0.0,0.0,0.0,0.188094213604927,0.0,0.0,0.0,0.0,0.0,0.0,0.0,0.0,0.0,0.0,0.0,0.0,0.0,0.0,0.7766151428222656,0.0,0.0,0.0,0.0,0.0,0.0,0.3839696943759918,0.8833717107772827,0.6826379299163818,0.0,0.0,0.937009871006012,0.0,0.0,0.0,0.618316650390625,0.0,0.6331759095191956,0.0,0.0,0.0,0.7871649861335754,0.0,0.0,0.3317824900150299,0.7271724343299866,0.0,0.9444004893302916,0.5462340116500854,0.8564950227737427,0.0,0.9976534843444824,0.4487090110778808,0.0,0.5224197506904602,0.0,0.0,0.0,0.0,0.0,0.8447250127792358,0.0,0.0,0.0,0.0,0.0,0.0,0.0,0.6190552115440369,0.0,0.0,0.0,0.0,0.8385080099105835,0.0,0.0,0.5922059416770935,0.9004750847816467,0.0,0.0,0.0,0.0,0.0,0.0,0.0,0.0,0.0,0.0,0.9351867437362672,0.0,0.0,0.5690391659736633,0.0,0.580608606338501,0.0,0.1121060773730278,0.0,0.6713272929191589,0.3534845113754272,0.537507951259613,0.0,0.7934629917144775,0.7008201479911804,0.0,0.0,0.6331413388252258,0.0,0.0,0.697411835193634,0.0,0.8771809935569763,0.3503589332103729,0.0,0.0,0.0,0.8752233386039734,0.0,0.0,0.0,0.0,0.2403516173362732,0.0,0.0,0.8547089695930481,0.8058964610099792
1083,0.0,0.1242860034108161,0.7371940016746521,0.1092326045036315,0.0,0.0429270975291729,0.1309221982955932,0.2045852243900299,0.0,0.3147169947624206,0.1838292479515075,0.0,0.0,0.0,0.0,0.0,0.4915530085563659,0.0833509936928749,0.0,0.0,0.0,0.3322744965553283,0.0,0.1635210067033767,0.3185927867889404,0.0,0.0,0.1252605468034744,0.5710647106170654,0.4972574710845947,0.0037799093406647,0.4217095077037811,0.0984468534588813,0.0354085005819797,0.0,0.5348650217056274,0.0703520029783248,0.0,0.0,0.3061631023883819,0.0102038504555821,0.0,0.0,0.0978239998221397,0.0378153324127197,0.0,0.190596804022789,0.1282634288072586,0.3706691265106201,0.1075960025191307,0.0,0.0,0.166358396410942,0.0,0.0,0.1748545616865158,0.2616743743419647,0.6496509909629822,0.0,0.0,0.0677903369069099,0.0,0.0078221391886472,0.205910637974739,0.0,0.1594009846448898,0.2608518600463867,0.1211506500840187,0.1023910045623779,0.0,0.0,0.3089737892150879,0.1216508373618125,0.0,0.1006380021572113,0.2144143432378769,0.0,0.1540025025606155,0.0741581320762634,0.0,0.0,0.0,0.1972957998514175,0.2967930138111114,0.493983507156372,0.0,0.0924523770809173,0.988220989704132,0.3531301915645599,0.0,0.4361560046672821,0.0284460000693798,0.0,0.2794188559055328,0.0,0.9944919943809508,0.1387889981269836,0.0,0.4814125299453735,0.3210634887218475,0.0,0.2133249938488006,0.0,0.0,0.4055171906948089,0.2229944765567779,0.5956025123596191,0.0,0.1598494946956634,0.0,0.0,0.0,0.0,0.0,0.1592543423175811,0.30732461810112,0.0212931670248508,0.0304200686514377,0.0,0.019284401088953,0.0,0.3534815013408661,0.3287564218044281,0.0,0.1981882005929947,0.1280899941921234,0.2124282121658325,0.0
1086,0.0,0.0,0.0,0.0,0.0,0.0,0.0,0.0,0.0,0.0,0.0,0.0,0.0,0.0,0.0,0.0,0.0,0.0,0.0,0.0,0.0,0.0,0.0,0.0,0.0,0.0,0.0,0.0,0.0,0.0,0.0,0.0,0.0,0.0,0.0,0.0,0.0,0.0,0.0,0.0,0.0,0.0,0.0,0.0,0.0,0.0,0.0,0.0,0.0,0.0,0.0,0.0,0.0,0.0,0.0,0.0,0.0,0.0,0.0,0.0,0.0,0.0,0.0,0.0,0.0,0.0,0.0,0.0,0.0,0.0,0.0,0.0,0.0,0.0,0.0,0.0,0.0,0.0,0.0,0.0,0.0,0.0,0.0,0.0,0.0,0.0,0.0,0.0,0.0,0.0,0.0,0.0,0.0,0.0,0.0,0.0,0.0,0.0,0.0,0.0,0.0,0.0,0.0,0.0,0.0,0.0,0.0,0.0,0.0,0.0,0.0,0.0,0.0,0.0,0.0,0.0,0.0,0.0,0.0,0.0,0.0,0.0,0.0,0.0,0.0,0.0,0.0,0.0
1091,0.0,0.0,0.0,0.0,0.0,0.0,0.0,0.0,0.0994670018553733,0.0,0.0,0.0,0.0,0.0,0.0,0.0,0.0,0.0,0.0,0.0,0.0,0.0,0.0,0.0,0.0,0.0,0.0,0.0,0.0,0.0,0.0,0.0,0.0,0.0,0.0,0.0,0.0,0.0,0.0,0.0,0.0,0.0,0.0,0.0057202498428523,0.0,0.0,0.1716585755348205,0.0,0.0,0.0,0.0,0.0,0.0,0.0,0.0,0.0,0.0,0.0,0.0,0.0,0.0,0.0,0.1791667938232422,0.0,0.0,0.0683032497763633,0.0,0.0,0.0,0.0,0.1781759858131408,0.0,0.0,0.0,0.0,0.0,0.0,0.0,0.0,0.0,0.0,0.0,0.0,0.0,0.0,0.0,0.1246466115117073,0.0,0.0,0.0,0.0,0.0,0.0,0.0,0.0,0.0,0.0,0.0,0.0,0.0,0.0,0.0,0.0,0.0,0.0,0.0314314998686313,0.0,0.0,0.053235750645399,0.0,0.0,0.0,0.0,0.0,0.0,0.0,0.0,0.2190526723861694,0.0871712118387222,0.0,0.1307545006275177,0.0,0.0,0.0,0.0,0.0178954992443323,0.0,0.0
1093,0.0,0.0,0.0,0.0,0.0,0.0,0.0,0.0,0.0,0.0,0.0,0.0,0.0,0.0,0.0,0.0,0.0,0.0,0.0,0.0,0.0,0.0,0.0,0.0,0.0,0.0,0.0,0.0,0.0,0.0,0.0,0.0,0.0,0.0,0.0,0.0,0.0,0.0,0.0,0.0,0.0,0.0,0.0,0.0,0.0,0.0,0.0,0.0,0.0,0.0,0.0,0.0,0.0,0.0,0.0,0.0,0.0,0.0,0.0,0.0,0.0,0.0,0.0,0.0,0.0,0.0,0.0,0.0,0.0,0.0,0.0,0.0,0.0,0.0,0.0,0.0,0.0,0.0,0.0,0.0,0.0,0.0,0.0,0.0,0.0,0.0,0.0,0.0,0.0,0.0,0.0,0.0,0.0,0.0,0.0,0.0,0.0,0.0,0.0,0.0,0.0,0.0,0.0,0.0,0.0,0.0,0.0,0.0,0.0,0.0,0.0,0.0,0.0,0.0,0.0,0.0,0.0,0.0,0.0,0.0,0.0,0.0,0.0,0.0,0.0,0.0,0.0,0.0
1103,0.2416237145662307,0.0,0.1645949184894561,0.1488348245620727,0.109125442802906,0.0,0.0,0.0500164292752742,0.0277488939464092,0.1105204224586486,0.1641557961702346,0.0408745743334293,0.0,0.0,0.208126425743103,0.0603520013391971,0.5789241790771484,0.0549710467457771,0.0457596480846405,0.0,0.0878482535481453,0.022924531251192,0.0,0.062267854809761,0.0,0.0,0.0,0.0639038905501365,0.1048906594514846,0.050486572086811,0.0,0.0,0.0646670460700988,0.0,0.1608534902334213,0.0,0.0,0.0,0.0,0.031192185357213,0.0,0.0,0.1310636103153228,0.0537250004708766,0.0757628083229065,0.2446606755256652,0.0,0.0988151431083679,0.05052425339818,0.0,0.0,0.0,0.1984168142080307,0.0,0.03775155544281,0.0,0.0,0.0480697676539421,0.0,0.1113329976797103,0.0,0.0,0.0,0.2129196226596832,0.0,0.0,0.0,0.0,0.0,0.1146480962634086,0.0345396324992179,0.0,0.2478794455528259,0.0,0.0,0.044123101979494,0.200857400894165,0.1842100471258163,0.0305366721004247,0.0,0.0,0.0,0.6367545127868652,0.0820749178528785,0.0,0.0,0.0614386834204196,0.0,0.1553428471088409,0.2066630572080612,0.0413888469338417,0.473559707403183,0.0332789123058319,0.5927444696426392,0.0,0.0,0.0,0.0,0.1436191201210022,0.0,0.0,0.0274456888437271,0.231687381863594,0.0,0.0,0.0186729282140731,0.0,0.0,0.0906420201063156,0.0,0.0,0.0470000356435775,0.0438694283366203,0.0,0.627822995185852,0.0,0.0,0.220945656299591,0.095866248011589,0.0,0.0483108274638652,0.1276651471853256,0.0,0.0,0.0,0.0261227190494537,0.0,0.0882570296525955
1115,0.0,0.1461238414049148,0.1603332310914993,0.0,0.173404648900032,0.1437819302082061,0.1783166527748108,0.0,0.1975206881761551,0.1892591565847396,0.0,0.1770606637001037,0.0,0.2457855641841888,0.0,0.0,0.0,0.1595340520143509,0.0,0.0,0.1422272771596908,0.2236939817667007,0.189472958445549,0.2104082554578781,0.0,0.2356555610895156,0.2193264067173004,0.0,0.0,0.0,0.1872241348028183,0.0,0.0,0.0,0.0,0.2751758992671966,0.0,0.0784095302224159,0.1065013334155082,0.1068454533815383,0.1564028561115265,0.0,0.1617244631052017,0.0,0.0,0.1583046019077301,0.1609421968460083,0.0,0.1456278413534164,0.0,0.1273526698350906,0.0,0.2129478454589843,0.0,0.1383025050163269,0.110782466828823,0.1638801544904709,0.0,0.1825739592313766,0.1148939803242683,0.0,0.1407731771469116,0.2421337217092514,0.2560699582099914,0.2564570009708404,0.0,0.1036515459418296,0.1525248885154724,0.0,0.2199552357196808,0.0756710395216941,0.0,0.0,0.0,0.0,0.0,0.0,0.0,0.1731941401958465,0.0,0.1500331312417984,0.0,0.0,0.1601904779672622,0.2211111932992935,0.1523592621088028,0.1568425446748733,0.0,0.0,0.0,0.2151491045951843,0.0,0.1584429889917373,0.2634564042091369,0.2159371823072433,0.0,0.0,0.1394909471273422,0.151622325181961,0.1481200009584427,0.1002609208226203,0.0,0.1825311630964279,0.1316245347261428,0.1325494050979614,0.0791330486536026,0.1805789023637771,0.1694164127111435,0.1733126044273376,0.181312084197998,0.165809154510498,0.207750990986824,0.0,0.2275817543268203,0.0,0.1883541643619537,0.134719505906105,0.1428175717592239,0.1926334649324417,0.0,0.0,0.1720240414142608,0.0,0.0,0.0,0.0,0.2066546231508255,0.1802079528570175
1119,0.2413616180419922,0.2950654327869415,0.0,0.0,0.0,0.0433598048985004,0.0,0.2033524364233017,0.0260540843009948,0.0,0.2248425483703613,0.0,0.0,0.1824272572994232,0.3333691954612732,0.2287690341472625,0.2275016903877258,0.197186529636383,0.0734315067529678,0.0,0.0,0.3158243894577026,0.1477802544832229,0.4574569165706634,0.2388734966516494,0.0,0.3270473480224609,0.2241614460945129,0.2654410302639007,0.3205865621566772,0.5221444964408875,0.4407301545143127,0.4631413519382477,0.0,0.1970697492361068,0.2227931469678878,0.0,0.287564069032669,0.3619205951690674,0.0,0.0,0.3230238854885101,0.3333297371864319,0.3454424440860748,0.0,0.0,0.3687464594841003,0.0,0.3083576261997223,0.1745153218507766,0.0,0.2165806889533996,0.0,0.275499552488327,0.1897308379411697,0.3234341144561767,0.0700343549251556,0.3935902714729309,0.2022030651569366,0.1168398112058639,0.0,0.0730734094977378,0.037112858146429,0.3822724223136902,0.0,0.0,0.0,0.1514084488153457,0.1217833757400512,0.1672361642122268,0.0,0.0392543412744998,0.3660647869110107,0.0264705680310726,0.1069896072149276,0.2826435267925262,0.0,0.1123597547411918,0.3499300479888916,0.1992909163236618,0.0676707997918129,0.4595147967338562,0.1793667078018188,0.0796270072460174,0.5059468746185303,0.1109689474105835,0.5140278935432434,0.1725455075502395,0.1073017492890358,0.1083194985985755,0.0778560936450958,0.2510049343109131,0.0721912160515785,0.0,0.3315173089504242,0.2054826319217682,0.1272438168525695,0.2456141710281372,0.102701611816883,0.1945986151695251,0.3177015781402588,0.3141678273677826,0.468864232301712,0.3089402019977569,0.0,0.3059335350990295,0.0619973950088024,0.0,0.0,0.0653804987668991,0.3008608520030975,0.0,0.4504061937332153,0.3693720400333404,0.1934666931629181,0.4694152176380157,0.3761534392833709,0.2320047616958618,0.3516179621219635,0.2571510374546051,0.3443635404109955,0.4503690004348755,0.0,0.1218254119157791,0.2722712755203247,0.3356441855430603,0.511216402053833,0.0
1122,0.0,0.0,0.0,0.0812267512083053,0.2110278159379959,0.0,0.0,0.0,0.0,0.0,0.0,0.0,0.0,0.0,0.1210450083017349,0.0,0.0,0.0,0.0,0.0,0.0,0.0,0.0,0.0,0.1506839990615844,0.0,0.0,0.0,0.0,0.0,0.0,0.0,0.0,0.0,0.0,0.0,0.0,0.0,0.0,0.0,0.0,0.0,0.0,0.1392707526683807,0.0465041473507881,0.0,0.2656470239162445,0.0,0.0,0.0,0.0,0.0,0.3462669849395752,0.0,0.0,0.0,0.0058535002171993,0.0,0.0,0.0,0.0,0.0,0.1254644095897674,0.0,0.1111111119389534,0.0,0.0,0.0,0.0,0.0,0.0,0.1816006600856781,0.0,0.0,0.0,0.0,0.1890417635440826,0.0,0.0481628328561782,0.0,0.0,0.3307307362556457,0.0,0.0,0.0176152493804693,0.0,0.0,0.0642749294638633,0.3962753415107727,0.0,0.0,0.0,0.0,0.0,0.0,0.0,0.0,0.0,0.0,0.0,0.0,0.0,0.0,0.0,0.0,0.0506754294037818,0.144937664270401,0.0,0.0,0.0,0.0,0.0,0.0,0.0,0.0,0.0,0.0,0.1007290035486221,0.0,0.0862159132957458,0.128520667552948,0.0,0.0,0.0,0.0,0.0,0.0,0.1535414904356002
1133,0.0566696673631668,0.0,0.0,0.0,0.0332442782819271,0.0,0.0,0.0,0.0,0.0,0.0,0.0,0.0,0.0,0.0,0.0,0.0,0.0,0.0182074289768934,0.0,0.0,0.0,0.0,0.0,0.0294508896768093,0.0,0.0,0.0,0.0,0.0,0.0,0.0,0.0,0.0,0.0,0.0,0.0,0.0121312728151679,0.0,0.0139965005218982,0.0,0.0,0.068581499159336,0.1092927828431129,0.0,0.0,0.0,0.0,0.0,0.0,0.0,0.0,0.0,0.0,0.0,0.0,0.0,0.0,0.0370758734643459,0.0,0.0,0.0,0.0,0.0,0.0,0.0,0.0,0.0,0.0,0.0256248582154512,0.0,0.0,0.0,0.0,0.0204482804983854,0.0,0.0436702258884906,0.0,0.0,0.0,0.0,0.0,0.0,0.0,0.0,0.0,0.0,0.0,0.0,0.0160223748534917,0.041015625,0.0,0.0,0.0,0.0,0.0,0.0191358998417854,0.0,0.0,0.0,0.0,0.0,0.0,0.0,0.0,0.0692452490329742,0.0,0.0305471085011959,0.0,0.0561181232333183,0.0,0.0,0.0,0.0485491678118705,0.1007984429597854,0.0,0.0,0.0124897146597504,0.0,0.0,0.0,0.0,0.0513912886381149,0.0345956683158874,0.0,0.0,0.0,0.0
1139,0.0,0.0,0.0,0.0,0.0,0.0,0.0,0.0,0.0,0.0,0.0,0.0,0.0,0.0,0.0,0.0,0.0,0.0,0.0,0.0,0.0,0.0,0.0,0.0,0.0,0.0,0.0,0.0,0.0,0.0,0.0,0.0,0.0,0.0,0.0,0.0,0.0,0.0,0.0,0.0,0.0,0.0,0.0,0.0,0.0,0.0,0.0,0.0,0.0,0.0,0.0,0.0,0.0,0.0,0.0,0.0,0.0,0.0,0.0,0.0,0.0,0.0,0.0,0.0,0.0,0.0,0.0,0.0,0.0,0.0,0.0,0.0,0.0,0.0,0.0,0.0,0.0,0.0,0.0,0.0,0.0,0.0,0.0,0.0,0.0,0.0,0.0,0.0,0.0,0.0,0.0,0.0,0.0,0.0,0.0,0.0,0.0,0.0,0.0,0.0,0.0,0.0,0.0,0.0,0.0,0.0,0.0,0.0,0.0,0.0,0.0,0.0,0.0,0.0,0.0,0.0,0.0,0.0,0.0,0.0,0.0,0.0,0.0,0.0,0.0,0.0,0.0,0.0
1145,0.0,0.0,0.0,0.0,0.0,0.0,0.0,0.0,0.0,0.0,0.0,0.0,0.0,0.0,0.0,0.0,0.0,0.0,0.0,0.0,0.0,0.0,0.0,0.0,0.0,0.0,0.0,0.0,0.0,0.0,0.0,0.0,0.0,0.0,0.0,0.0,0.0,0.0,0.0,0.0,0.0,0.0,0.0,0.0,0.0,0.0,0.0,0.0,0.0,0.0,0.0,0.0,0.0,0.0,0.0,0.0,0.0,0.0,0.0,0.0,0.0,0.0,0.0,0.0,0.0,0.0,0.0,0.0,0.0,0.0,0.0,0.0,0.0,0.0,0.0,0.0,0.0,0.0,0.0,0.0,0.0,0.0,0.0,0.0,0.0,0.0,0.0,0.0,0.0,0.0,0.0,0.0,0.0,0.0,0.0,0.0,0.0,0.0,0.0,0.0,0.0,0.0,0.0,0.0,0.0,0.0,0.0,0.0,0.0,0.0,0.0,0.0,0.0,0.0,0.0,0.0,0.0,0.0,0.0,0.0,0.0,0.0,0.0,0.0,0.0,0.0,0.0,0.0
1147,0.6412810683250427,0.0157570000737905,0.8576359748840332,0.0,0.0,0.9871355295181274,0.477965384721756,0.0,0.3223924934864044,0.0,0.4874592423439026,0.9972355365753174,0.354717344045639,0.3458110094070434,0.5785657167434692,0.6363276243209839,0.0,0.999071478843689,0.6212617754936218,0.1658622771501541,0.1693812906742096,0.4965622425079345,0.5719430446624756,0.8086619973182678,0.7215194702148438,0.3863172233104706,0.9977940320968628,0.0,0.0,0.3302282989025116,0.9977779984474182,0.5197634100914001,0.9766005277633668,0.6525239944458008,0.4909557998180389,0.1059560030698776,0.9779775142669678,0.3999961912631988,0.8723276257514954,0.0,0.9971120357513428,0.0,0.0,0.5166478157043457,0.1118588745594024,0.0,0.0,0.5158383846282959,0.0,0.9403629899024964,0.2304644882678985,0.4837671518325805,0.4513381719589233,0.0,0.3186237514019012,0.7899625301361084,0.1881923973560333,0.241275668144226,0.2025260031223297,0.0,0.0,0.0,0.6133931279182434,0.5025994181632996,0.0,0.433836430311203,0.0,0.9975320100784302,0.0,0.0,0.0,0.7615450024604797,0.223830759525299,0.0,0.5616738796234131,1.0,0.0066595883108675,0.0,0.7997339963912964,0.0,0.6375946998596191,0.5521935820579529,0.0,0.487558901309967,0.0,0.2688334584236145,0.9938814640045166,0.8643969893455505,0.4591456949710846,0.340917021036148,0.7432952523231506,0.4991754293441772,0.6655867099761963,0.5129674077033997,0.0,0.5404483079910278,0.0,0.0,0.7335798144340515,0.0,0.9966529607772828,0.0,0.9760479927062988,0.9964889883995056,0.6270787715911865,0.409186989068985,0.2915057241916656,0.6160603165626526,0.997151017189026,0.0,0.0,0.9821959733963012,0.6877399682998657,0.0,0.0,0.0,0.792398989200592,0.0,0.0,0.8285625576972961,0.3984902203083038,0.0,0.9248169660568236,0.0,0.2728995978832245,0.3481262028217315,0.4542514383792877,0.6191883683204651
1150,0.0,0.0,0.0,0.0,0.0,0.0,0.0,0.0875600054860115,0.0,0.5478196740150452,0.0,0.0,0.0,0.0,0.0,0.0,0.0788650661706924,0.0,0.0,0.0,0.0,0.0,0.3629351556301117,0.0,0.0,0.0,0.0,0.4597859978675842,0.0,0.0,0.0,0.4744142889976501,0.0,0.0,0.0,0.0,0.0,0.0,0.0,0.0,0.8416879773139954,0.1510234624147415,0.0,0.0,0.0,0.0,0.0,0.0,0.0,0.0,0.3372905552387237,0.0,0.0,0.0,0.0,0.0,0.0,0.1749146282672882,0.0,0.0429553240537643,0.0,0.0,0.2136339247226715,0.0,0.0,0.0,0.0,0.0,0.0,0.0,0.2233041226863861,0.0,0.2064462751150131,0.0,0.1428610682487487,0.0,0.0,0.0,0.0,0.0,0.0,0.0,0.0,0.3278529942035675,0.0,0.0,0.0,0.0,0.0,0.0,0.0,0.0,0.0,0.0,0.0975323691964149,0.0,0.0,0.390359103679657,0.1582270264625549,0.0,0.0,0.0,0.0,0.0,0.0,0.0,0.0,0.0,0.0961130708456039,0.1561236977577209,0.0,0.0,0.0,0.0,0.2315730154514312,0.0,0.0,0.0,0.0,0.0,0.0,0.0,0.0,0.0,0.0,0.0,0.3061334490776062,0.0
1154,0.0,0.0,0.0,0.0,0.0,0.0,0.0,0.0,0.0,0.0,0.0,0.0,0.0,0.0,0.0,0.0,0.0,0.0,0.0,0.0,0.0,0.0,0.0,0.0,0.0,0.0,0.0,0.0,0.0,0.0,0.0,0.0,0.0,0.0,0.0,0.0,0.0,0.0,0.0,0.0,0.0,0.0,0.0,0.0,0.0,0.0,0.0,0.0,0.0,0.0,0.0,0.0,0.0,0.0,0.0,0.0,0.0,0.0,0.0,0.0,0.0,0.0,0.0,0.0,0.0,0.0,0.0,0.0,0.0,0.0,0.0,0.0,0.0,0.0,0.0,0.0,0.0,0.0,0.0,0.0,0.0,0.0,0.0,0.0,0.0,0.0,0.0207496713846921,0.0,0.0,0.0,0.0,0.0,0.0736525133252143,0.0,0.0,0.0,0.0,0.0,0.0,0.0497468188405036,0.0,0.0,0.0,0.0,0.0,0.0,0.0,0.0,0.0,0.0,0.0,0.0,0.2270340472459793,0.0,0.0,0.0,0.0,0.0,0.0,0.0,0.0,0.0,0.0,0.0,0.0,0.0,0.0,0.0
1157,0.0,0.0,0.0,0.0,0.0,0.0,0.0,0.0,0.0,0.0,0.0,0.0,0.0,0.0,0.0,0.0,0.0,0.0,0.0,0.0,0.0,0.0,0.0,0.0,0.0,0.0,0.0,0.0,0.0,0.0,0.0,0.0,0.0,0.0,0.0,0.0,0.0,0.0,0.0,0.0,0.0,0.0,0.0,0.0,0.0,0.0,0.0,0.0,0.0,0.0,0.0,0.0,0.0,0.0,0.0,0.0,0.0,0.0,0.0,0.0,0.0,0.0,0.0,0.0,0.0,0.0,0.0,0.0,0.0,0.0,0.0,0.0,0.0,0.0,0.0,0.0,0.0,0.0,0.0,0.0,0.0,0.0,0.0,0.0,0.0,0.0,0.0,0.0,0.0,0.0,0.0,0.0,0.0,0.0,0.0,0.0,0.0,0.0,0.0,0.0,0.0,0.0,0.0,0.0,0.0,0.0,0.0,0.0,0.0,0.0,0.0,0.0,0.0,0.0,0.0,0.0,0.0,0.0,0.0,0.0,0.0,0.0,0.0,0.0,0.0,0.0,0.0,0.0
1164,0.101872369647026,0.1917986422777176,0.0,0.5185454487800598,0.0866076424717903,0.6842067241668701,0.0,0.0,0.0,0.0,0.0771703571081161,0.645217776298523,0.0,0.7729220390319824,0.0,0.0,0.8348697423934937,0.7860910892486572,0.9505430459976196,0.865475058555603,0.9905546307563782,0.8543809652328491,0.7900704145431519,0.797245442867279,0.8617755770683289,0.4876019954681396,0.8368603587150574,0.9953410029411316,0.8348040580749512,0.5538105964660645,0.5744571685791016,0.8654157519340515,0.6231743097305298,0.9945217967033386,0.7684102654457092,0.0494225919246673,0.8239569664001465,0.9413173198699952,0.604971706867218,0.921970009803772,0.1379151195287704,0.4505363702774048,0.628212571144104,0.861421525478363,0.6202793121337891,0.6142003536224365,0.9994615316390992,0.7924247980117798,0.664759635925293,0.4730697274208069,0.9100034832954408,0.0081883938983082,0.6109817624092102,0.6692689061164856,0.9587939977645874,0.9936627149581908,0.8486863970756531,0.9916149973869324,0.8872388005256653,0.4820022583007812,0.2436323314905166,0.4707054793834686,0.4825294911861419,0.5091937780380249,0.9878007173538208,0.9462543725967408,0.8053312301635742,0.6321778297424316,0.2925120890140533,0.0081482306122779,0.528328001499176,0.990140974521637,0.0,0.1863200813531875,0.9726979732513428,0.2822184860706329,0.5228039622306824,0.6475610733032227,0.6565844416618347,0.9851767420768738,0.9921972751617432,0.6787572503089905,0.912916660308838,0.9365155696868896,0.8314428329467773,0.683307409286499,0.4627485573291778,0.6355929970741272,0.998542308807373,0.9632922410964966,0.7368614673614502,0.992277979850769,0.8252535462379456,0.0510993488132953,0.3715503811836242,0.2795186340808868,0.818215548992157,0.7438424825668335,0.3945580422878265,0.9968518018722534,0.9729812741279602,0.7433664798736572,0.7981136441230774,0.9669528007507324,0.9788525104522704,0.3019838333129883,0.9970687627792358,0.9642446637153624,0.2685816884040832,0.4785037338733673,0.7303462624549866,0.1096015125513076,0.3324045836925506,0.7235491275787354,0.9958152174949646,0.8092334866523743,0.99603271484375,0.1216301023960113,0.9834893941879272,0.5308546423912048,0.5497328639030457,0.1053499057888984,0.4655482172966003,0.7289384007453918,0.9742469787597656,0.6898793578147888,0.8393568396568298,0.253381997346878
1165,0.0,0.0,0.0,0.0,0.0,0.0,0.0,0.0,0.0,0.0,0.0,0.0,0.0,0.0,0.0,0.0,0.0,0.0,0.0,0.0,0.0,0.0,0.0,0.0,0.0,0.0,0.0,0.0,0.0,0.0,0.0,0.0,0.0,0.0,0.0,0.0,0.0,0.0,0.0,0.0,0.0,0.0,0.0,0.0,0.0,0.0,0.0,0.0,0.0,0.0,0.0,0.0,0.2628569900989532,0.0,0.0,0.0,0.0,0.0,0.0,0.0,0.0,0.0,0.0,0.0,0.0,0.0,0.0,0.0,0.0,0.0,0.0,0.0,0.0,0.0,0.0,0.0,0.0,0.0,0.0,0.0,0.0,0.0,0.0,0.0,0.0,0.0,0.0,0.0,0.0,0.0,0.0,0.0,0.0,0.0,0.0,0.0,0.0,0.0,0.0,0.0,0.0,0.0,0.0,0.0,0.0,0.0,0.0,0.0,0.0,0.0,0.0,0.0,0.0,0.0,0.0,0.0,0.0,0.0,0.0,0.0,0.0,0.0,0.0,0.0,0.0,0.0,0.0,0.0
1191,0.0,0.0,0.0,0.0,0.0,0.0,0.0,0.0,0.0,0.0,0.0,0.0,0.0,0.0,0.0,0.0,0.0,0.0,0.0,0.0,0.0,0.0,0.0,0.0,0.0,0.0,0.0,0.0,0.0,0.0,0.0,0.0,0.0,0.0,0.0,0.0,0.0,0.0,0.0,0.0,0.0,0.0,0.0,0.0,0.0,0.0,0.0,0.0,0.0,0.0,0.0,0.0,0.0,0.0,0.0,0.0,0.0,0.0,0.0,0.0,0.0,0.0,0.0,0.0,0.0,0.0,0.0,0.0,0.0,0.0,0.0,0.0,0.0,0.0,0.0,0.0,0.0,0.0,0.0,0.0,0.0,0.0,0.0,0.0,0.0,0.0,0.0,0.0,0.0,0.0,0.0,0.0,0.0,0.0,0.0,0.0,0.0,0.0,0.0,0.0,0.0,0.0,0.0,0.0,0.0,0.0,0.0,0.0,0.0,0.0,0.0,0.0,0.0,0.0,0.0,0.0,0.0,0.0,0.0,0.0,0.0,0.0,0.0,0.0,0.0,0.0,0.0,0.0
1197,0.0,0.0,0.0,0.0,0.0,0.0,0.0,0.0,0.0,0.0,0.0,0.0,0.0,0.0,0.0,0.0,0.0,0.0,0.0,0.0,0.0,0.0,0.0,0.0,0.0,0.0,0.0,0.0,0.0,0.0,0.0,0.0,0.0,0.0,0.0,0.0,0.0,0.0,0.0,0.0,0.0,0.0,0.0,0.0,0.0,0.0,0.0,0.0,0.0,0.0,0.0,0.0,0.0,0.0,0.0,0.0,0.0,0.0,0.0,0.0,0.0,0.0,0.0,0.0,0.0,0.0,0.0,0.0,0.0,0.0,0.0,0.0,0.0,0.0,0.0,0.0,0.0,0.0,0.0,0.0,0.0,0.0,0.0,0.0,0.0,0.0,0.0,0.0,0.0,0.0,0.0,0.0,0.0,0.0,0.0,0.0,0.0,0.0,0.0,0.0,0.0,0.0,0.0,0.0,0.0,0.0,0.0,0.0,0.0,0.0,0.0,0.0,0.0,0.0,0.0,0.0,0.0,0.0,0.0,0.0,0.0,0.0,0.0,0.0,0.0,0.0,0.0,0.0
1200,0.0,0.0,0.0,0.0,0.0,0.0,0.0,0.0,0.0,0.0,0.0,0.0,0.0,0.0,0.0,0.0,0.0,0.0,0.0,0.0,0.0,0.0,0.0,0.0,0.0,0.0,0.0,0.0,0.0,0.0,0.0,0.0,0.0,0.0,0.0,0.0,0.0,0.0,0.0,0.0,0.0,0.0,0.0,0.0,0.0,0.0,0.0,0.0,0.0,0.0,0.0,0.0,0.0,0.0,0.0,0.0,0.0,0.0,0.0,0.0,0.0,0.0,0.0,0.0,0.0,0.0,0.0,0.0,0.0,0.0,0.0,0.0,0.0,0.0,0.0,0.0,0.0,0.0,0.0,0.0,0.0,0.0,0.0,0.0,0.0,0.0,0.0,0.0,0.0,0.0,0.0,0.0,0.0,0.0,0.0,0.0,0.0,0.0,0.0,0.0,0.0,0.0,0.0,0.0,0.0,0.0,0.0,0.0,0.0,0.0,0.0,0.0,0.0,0.0,0.0,0.0,0.0,0.0,0.0,0.0,0.0,0.0,0.0,0.0,0.0,0.0,0.0,0.0
1204,0.0,0.0,0.0,0.0,0.0,0.0,0.0,0.0,0.0,0.0,0.0,0.0,0.0,0.0,0.0,0.0,0.0,0.0,0.0,0.0,0.0,0.0,0.0,0.0,0.0,0.0,0.0,0.0,0.0,0.0,0.0,0.0,0.0,0.0,0.0,0.0,0.0,0.0,0.0,0.0,0.0,0.0,0.0,0.0,0.0,0.0,0.0,0.0,0.0,0.0,0.0,0.0,0.0,0.0,0.0,0.0,0.0,0.0,0.0,0.0,0.0,0.0,0.0,0.0,0.0,0.0,0.0,0.0,0.0,0.0,0.0,0.0,0.0,0.0,0.0,0.0,0.0,0.0,0.0,0.0,0.0,0.0,0.0,0.0,0.0,0.0,0.0,0.0,0.0,0.0,0.0,0.0,0.0,0.0,0.0,0.0,0.0,0.0,0.0,0.0,0.0,0.0,0.0,0.0,0.0,0.0,0.0,0.0,0.0,0.0,0.0,0.0,0.0,0.0,0.0,0.0,0.0,0.0,0.0,0.0,0.0,0.0,0.0,0.0,0.0,0.0,0.0,0.0
1207,0.0,0.0,0.0,0.0,0.0,0.0,0.0,0.0,0.0,0.0,0.0,0.0,0.0,0.0,0.0,0.0,0.0,0.0,0.0,0.0,0.0,0.0,0.0,0.0,0.0,0.0,0.0,0.0,0.0,0.0,0.0,0.0,0.0,0.0,0.0,0.0,0.0,0.0,0.0,0.0,0.0,0.0,0.0,0.0,0.0,0.0,0.0,0.0,0.0,0.0,0.0,0.0,0.0,0.0,0.0,0.0,0.0,0.0,0.0,0.0,0.0,0.0,0.0,0.0,0.0,0.0,0.0,0.0,0.0,0.0,0.0,0.0,0.0,0.0,0.0,0.0,0.0,0.0,0.0,0.0,0.0,0.0,0.0,0.0,0.0,0.0,0.0,0.0,0.0,0.0,0.0,0.0,0.0,0.0,0.0,0.0,0.0,0.0,0.0,0.0,0.0,0.0,0.0,0.0,0.0,0.0,0.0,0.0,0.0,0.0,0.0,0.0,0.0,0.0,0.0,0.0,0.0,0.0,0.0,0.0,0.0,0.0,0.0,0.0,0.0,0.0,0.0,0.0
1211,0.1409714967012405,0.7742199897766113,0.0,0.7636014223098755,0.1089339032769203,0.5661031007766724,0.4612897634506225,0.0,0.5526354908943176,0.0,0.2007840126752853,0.3699617385864258,0.0,0.6578280329704285,0.5271142721176147,0.2904900014400482,0.699153482913971,0.6249133944511414,0.5089619159698486,0.9925869703292848,0.9969812035560608,0.9949455261230468,0.8284063339233398,0.4058326482772827,0.933518648147583,0.9524070620536804,0.8876606822013855,0.9967344999313354,0.9975563883781432,0.4326024949550628,0.9123452305793762,0.993446946144104,0.0176241993904113,0.0400823019444942,0.6575673222541809,0.3071177303791046,0.795581042766571,0.9949203729629515,0.13494673371315,0.10551518201828,0.9710968136787416,0.3633488118648529,0.1881359368562698,0.9769330024719238,0.6454178690910339,0.6134263277053833,0.8483490347862244,0.6227813959121704,0.198698803782463,0.9911420345306396,0.9975094795227052,0.0611427649855613,0.889316976070404,0.9669092297554016,0.9961714744567872,0.853169858455658,0.9736820459365844,0.571040153503418,0.992169201374054,0.7098976969718933,0.8979583978652954,0.6462699174880981,1.0,0.9288289546966552,0.746999979019165,0.9395389556884766,0.8494459986686707,0.1113971322774887,0.894413948059082,0.991536259651184,0.9777652025222778,0.9959309697151184,0.9806435108184814,0.9703059792518616,0.9648052453994752,0.0540120713412761,0.9974579811096193,0.9927064776420592,0.650554895401001,0.925104558467865,0.9987932443618774,0.4815371632575989,0.9323310256004332,0.9874634742736816,0.8432602882385254,0.609695553779602,0.7330718636512756,1.0,0.9973313212394714,0.6444682478904724,0.973622500896454,0.9950937032699584,0.9995119571685792,0.9964125156402588,0.996141791343689,0.4281677305698395,0.9896286129951476,0.9656867980957032,0.7791917324066162,0.896996259689331,0.993547022342682,0.99726802110672,0.9975165128707886,0.972343921661377,0.9876202344894408,0.999171018600464,0.9973050355911256,0.2068665474653244,0.8064417243003845,0.5098326802253723,0.9946025013923644,0.6951389908790588,0.5753554701805115,0.6585739850997925,0.9887264966964722,0.7386704683303833,0.972297728061676,0.5158473253250122,0.979286253452301,0.755005419254303,0.5878599286079407,0.9982399940490724,0.9981629848480223,0.94540274143219,0.5469374060630798,0.9936277270317078,0.9877085089683532,0.8981818556785583
1218,0.0,0.0,0.0,0.0,0.0,0.0,0.0,0.0,0.0,0.1064785048365593,0.0,0.0,0.0,0.0,0.0,0.0,0.0,0.0,0.0,0.0,0.0,0.0,0.0,0.0,0.0,0.0,0.0,0.0,0.0,0.0,0.0,0.0,0.0,0.0,0.0,0.0,0.0,0.0,0.0,0.0,0.0,0.0,0.0,0.0,0.0,0.0,0.0,0.0,0.0,0.0,0.0,0.0,0.0,0.0,0.0,0.0,0.0,0.0,0.0,0.0,0.0,0.0,0.0,0.0,0.0,0.0,0.0,0.0,0.0,0.0,0.0,0.0,0.0,0.0,0.0,0.0,0.0,0.0,0.0,0.0,0.0,0.0,0.0,0.0,0.0,0.0,0.0,0.0,0.0,0.0,0.0,0.0,0.0381955616176128,0.0,0.0,0.0,0.0,0.0,0.0,0.0,0.0,0.0,0.0,0.0,0.1135760024189949,0.0,0.0,0.0,0.0,0.0,0.0,0.0,0.0,0.0,0.0,0.0,0.0,0.0,0.0,0.0,0.0,0.0,0.0,0.0,0.0,0.0,0.0,0.0
1240,0.0,0.0,0.0,0.0,0.0,0.0,0.0,0.0,0.0,0.0,0.0,0.0,0.0,0.0,0.0,0.0,0.0,0.0,0.0,0.0,0.0,0.0,0.0,0.0,0.0,0.0,0.0,0.0,0.0,0.0,0.0,0.0,0.0,0.0,0.0,0.0,0.0,0.0,0.0,0.0,0.0,0.0,0.0,0.0,0.0,0.0,0.0,0.0,0.0,0.0,0.0,0.0,0.0,0.0,0.0,0.0,0.0,0.0,0.0,0.0,0.0,0.0,0.0,0.0,0.0,0.0,0.0,0.0,0.0,0.0,0.0,0.0,0.0,0.0,0.0,0.0,0.0,0.0,0.0,0.0,0.0,0.0,0.0,0.0,0.0,0.0,0.0,0.0,0.0,0.0,0.0,0.0,0.0,0.0,0.0,0.0,0.0,0.0,0.0,0.0,0.0,0.0,0.0,0.0284600462764501,0.0,0.0,0.0,0.0,0.0,0.0,0.0,0.0,0.0,0.0,0.0,0.0,0.0,0.0,0.0,0.0,0.0,0.0,0.0,0.0,0.0,0.0,0.0,0.0
1244,0.0,0.0,0.0,0.0,0.0,0.0,0.0,0.0,0.0,0.0,0.0,0.0,0.0,0.0,0.0,0.0,0.0,0.0,0.0,0.0,0.0,0.0,0.0,0.0,0.0,0.0,0.0,0.0,0.0,0.0,0.0,0.0,0.0,0.0,0.0,0.0,0.0,0.0,0.0,0.0,0.0,0.0,0.0,0.0,0.0,0.0,0.0,0.0,0.0,0.0,0.0,0.0,0.0,0.0,0.0,0.0,0.0,0.0,0.0,0.0,0.0,0.0,0.0,0.0,0.0,0.0,0.0,0.0,0.0,0.0,0.0,0.0,0.0,0.0,0.0,0.0,0.0,0.0,0.0,0.0,0.0,0.0,0.0,0.0,0.0,0.0,0.0,0.0,0.0,0.0,0.0,0.0,0.0,0.0,0.0,0.0,0.0,0.0,0.0,0.0,0.0,0.0,0.0,0.0,0.0,0.0,0.0,0.0,0.0,0.0,0.0,0.0,0.0,0.0,0.0,0.0,0.0,0.0,0.0,0.0,0.0,0.0,0.0,0.0,0.0,0.0,0.0,0.0
1246,0.0,0.0,0.0,0.0,0.0,0.0,0.0,0.0,0.0,0.0,0.0,0.0,0.0,0.0,0.0,0.0,0.0,0.0,0.0,0.0,0.0,0.0,0.0,0.0,0.0,0.0,0.0,0.0,0.0,0.0,0.0,0.0,0.0,0.0,0.0,0.0,0.0,0.0,0.0,0.0,0.0,0.0,0.0,0.0,0.0,0.0,0.0,0.0,0.0,0.0,0.0,0.0,0.0,0.0,0.0,0.0,0.0,0.0,0.0,0.0,0.0,0.0,0.0,0.0,0.0,0.0,0.0,0.0,0.0,0.0,0.0,0.0,0.0,0.0,0.0,0.0,0.0,0.0,0.0,0.0,0.0,0.0,0.0,0.0,0.0,0.0,0.0,0.0,0.0,0.0,0.0,0.0,0.0,0.0,0.0,0.0,0.0,0.0,0.0,0.0,0.0,0.0,0.0,0.0,0.0,0.0,0.0,0.0,0.0,0.0,0.0,0.0,0.0,0.0,0.0,0.0,0.0,0.0,0.0,0.0,0.0,0.0,0.9919959902763368,0.0,0.0,0.0,0.0,0.0
1266,0.0,0.1858093291521072,0.1334898322820663,0.0,0.8436326384544373,0.6962780356407166,0.0,0.0,0.3938511610031128,0.7651480436325073,0.2913219928741455,0.327774703502655,0.0,0.9732469916343688,0.4192924201488495,0.4084545969963074,0.0866138339042663,0.7354649901390076,0.5099859833717346,0.4247685372829437,0.0,0.0,0.8975124955177307,0.0,0.0,0.0784948021173477,0.3712053000926971,0.6178916096687317,0.2503098547458648,0.7376177906990051,0.0,0.3010156154632568,0.0462404638528823,0.0,0.0,0.0,0.2840414941310882,0.0,0.3730233609676361,0.0,0.0,0.0946031585335731,0.1671496480703354,0.3564536273479461,0.0,0.0239997394382953,0.7289193272590637,0.0,0.8801959753036499,0.9274240136146544,0.192462533712387,0.8076000213623047,0.0,0.0,0.3320882320404053,0.0,0.2409414947032928,0.0,0.0193155538290739,0.0,0.0,0.3376085162162781,0.0,0.0,0.9814239740371704,0.0337690189480781,0.1505588740110397,0.7720149755477905,0.0,0.4756700098514557,0.1658802032470703,0.4299212098121643,0.0,0.432835578918457,0.0,0.0,0.0,0.6959103345870972,0.0,0.5577833652496338,0.0226366743445396,0.4130870103836059,0.8201562762260437,0.1675281524658203,0.7021635174751282,0.0,0.9356882572174072,0.0,0.0,0.69336998462677,0.2969653308391571,0.0,0.97292959690094,0.3795576989650726,0.0,0.3285867571830749,0.0,0.3556602597236633,0.0,0.0,0.8332300186157227,0.9988380074501038,0.1260318160057068,0.0,0.5108144283294678,0.0,0.0,0.4155247211456299,0.0,0.0,0.5449382066726685,0.0,0.0,0.2205159664154052,0.860012412071228,0.0,0.4580915868282318,0.9391224980354308,0.2309515476226806,0.0,0.3330770134925842,0.4096538126468658,0.0176762696355581,0.0,0.2348474562168121,0.7646026611328125,0.0,0.2495727092027664
1270,0.0,0.0,0.0,0.0,0.0,0.0,0.0,0.0,0.0,0.0,0.0,0.0,0.0,0.0,0.0,0.0,0.0,0.0,0.0,0.0,0.0,0.0,0.0,0.0,0.0,0.0,0.0,0.0,0.0,0.0,0.0,0.0,0.0,0.0,0.0,0.0,0.0,0.0,0.0,0.0,0.0,0.0,0.0,0.0,0.0,0.0,0.0,0.0,0.0,0.0,0.0,0.0,0.0,0.0,0.0,0.0,0.0,0.0,0.0,0.0,0.0,0.0,0.0,0.0,0.0,0.0,0.0,0.0,0.0,0.0,0.0,0.0,0.0,0.0,0.0,0.0,0.0,0.0,0.0,0.0,0.0,0.0,0.0,0.0,0.0,0.0,0.0,0.0,0.0,0.0,0.0,0.0,0.0,0.0,0.0,0.0,0.0,0.0,0.0,0.0,0.0,0.0,0.0,0.0,0.0,0.0,0.0,0.0,0.0,0.0,0.0,0.0,0.0,0.0,0.0,0.0,0.0,0.0,0.0,0.0,0.0,0.0,0.0,0.0,0.0,0.0,0.0,0.0
1272,0.0,0.0,0.0,0.0,0.0,0.0,0.0,0.0,0.0,0.0,0.0,0.0,0.0,0.0,0.0,0.0,0.0,0.0,0.0,0.0,0.0,0.0,0.0,0.0,0.0,0.0,0.0,0.0,0.0,0.0,0.0,0.0,0.0,0.0,0.0,0.0,0.0,0.0,0.0,0.0,0.0,0.0,0.0,0.0,0.0,0.0,0.0,0.0,0.0,0.0,0.0,0.0,0.0,0.0,0.0,0.0,0.0,0.0,0.0,0.0,0.0,0.0,0.0,0.0,0.0,0.0,0.0,0.0,0.0,0.0,0.0,0.0,0.0,0.0,0.0,0.0,0.0,0.0,0.0,0.0,0.0,0.0,0.0,0.0,0.0,0.0,0.0,0.0,0.0,0.0,0.0,0.0,0.0,0.0,0.0,0.0,0.0,0.0,0.0,0.0,0.0,0.0,0.0,0.0,0.0,0.0,0.0,0.0,0.0,0.0,0.0,0.0,0.0,0.0,0.0,0.0,0.0,0.0,0.0,0.0,0.0,0.0,0.0,0.0,0.0,0.0,0.0,0.0
1274,0.0,0.0,0.0,0.0,0.0,0.0,0.0,0.0,0.0,0.0,0.0,0.0,0.0,0.073618084192276,0.0,0.0,0.0,0.0,0.3918539881706238,0.0,0.0,0.0,0.4476377367973327,0.0,0.0,0.0,0.0,0.0,0.0,0.0,0.0,0.0,0.0,0.0,0.0,0.0,0.0,0.0,0.0,0.0,0.0,0.2076735943555832,0.1399119049310684,0.0,0.0,0.0326750017702579,0.0,0.0,0.0,0.0,0.0,0.0,0.0,0.0,0.0,0.0,0.0,0.0,0.0,0.0,0.0,0.0,0.0,0.0,0.0,0.0,0.0,0.0,0.0,0.0,0.0,0.0,0.0,0.0,0.0,0.0,0.0,0.0,0.2596007585525512,0.0,0.0,0.0,0.0,0.0,0.0,0.0,0.0,0.0,0.0,0.0,0.0,0.0,0.0,0.4620540142059326,0.0,0.0,0.0,0.0,0.0,0.0,0.0,0.0647026821970939,0.0,0.0,0.0,0.0,0.0,0.0,0.0,0.0,0.0,0.0,0.0,0.0,0.0,0.0,0.0,0.0,0.0,0.0,0.0,0.0,0.0,0.0,0.2000599950551986,0.0,0.0,0.1061988547444343
1280,0.0,0.0,0.0,0.0,0.0,0.0,0.0,0.0,0.0,0.0,0.0,0.0,0.0,0.0,0.0,0.0,0.0,0.0,0.0212409999221563,0.0733304992318153,0.0,0.0,0.0,0.0,0.0,0.0,0.0,0.0,0.0,0.0,0.0,0.0,0.0,0.0,0.0,0.0,0.0,0.0,0.0,0.0,0.0,0.0,0.0,0.0,0.0,0.0,0.0,0.0,0.0,0.0,0.0,0.0,0.0,0.0,0.0,0.0,0.0,0.0,0.0,0.0,0.0,0.0789836645126342,0.0,0.0,0.0,0.0,0.0,0.0,0.0,0.0,0.0,0.0,0.0,0.0,0.0,0.0,0.0,0.0,0.0,0.0,0.0,0.0,0.0,0.0,0.0,0.0,0.0,0.0,0.0,0.0,0.0,0.0099637499079108,0.0,0.0,0.0,0.0,0.0,0.0,0.0,0.0,0.0,0.0,0.0,0.0,0.0,0.0,0.0,0.0,0.0,0.0,0.0,0.0,0.0,0.0,0.0,0.0,0.0,0.0,0.0,0.0,0.0,0.0,0.0,0.0,0.0,0.0,0.0,0.0
1282,0.423799455165863,0.0,0.3689218759536743,0.4467769563198089,0.2598127424716949,0.2809765934944153,0.5368094444274902,0.5983368754386902,0.4390614628791809,0.4836867749691009,0.392525851726532,0.4723826646804809,0.230228304862976,0.4646144211292267,0.4868827164173126,0.3887712359428406,0.5307087302207947,0.6845540404319763,0.243714690208435,0.5571309924125671,0.7750319838523865,0.4825099110603332,0.7375950217247009,0.328940749168396,0.5620642900466919,0.3378643989562988,0.431959331035614,0.5357117056846619,0.143030434846878,0.3766150772571563,0.2525343298912048,0.4487504363059997,0.2837467193603515,0.2648387551307678,0.321379005908966,0.4444376528263092,0.4097132086753845,0.0,0.4948395788669586,0.0,0.3979032039642334,0.3746688961982727,0.3214343786239624,0.5816245079040527,0.7343754768371582,0.2632312774658203,0.3075198531150818,0.6884064078330994,0.2315221130847931,0.5407217741012573,0.4209362864494324,0.6145741939544678,0.0,0.2440543621778488,0.4752627313137054,0.4614686369895935,0.5148774981498718,0.0,0.469061940908432,0.7180264592170715,0.484235405921936,0.5448676347732544,0.32944455742836,0.8069696426391602,0.0916396006941795,0.370072603225708,0.3209708929061889,0.222023993730545,0.4324566721916199,0.6023224592208862,0.3712083697319031,0.5973337888717651,0.2266814112663269,0.3333333432674408,0.3986117541790008,0.4721422493457794,0.3768085241317749,0.0,0.6203784942626953,0.5146009922027588,0.3218832314014435,0.429165631532669,0.0,0.724187970161438,0.2818386852741241,0.0,0.0,0.293231725692749,0.5270053148269653,0.5742062926292419,0.2791725695133209,0.4769026339054107,0.0381566248834133,0.7882572412490845,0.7481239438056946,0.3853771984577179,0.1982287317514419,0.4754478931427002,0.5649049282073975,0.7057634592056274,0.0135888997465372,0.4849893152713775,0.7506132125854492,0.491851806640625,0.589849591255188,0.4150800108909607,0.0,0.3481472730636596,0.4670594930648803,0.3926497399806976,0.0,0.5774684548377991,0.2429450005292892,0.5731726884841919,0.3973273336887359,0.3277601897716522,0.6429438591003418,0.0,0.2206732481718063,0.4547971189022064,0.7191859483718872,0.0638112053275108,0.6584921479225159,0.2857142984867096,0.0,0.2358944416046142,0.29508176445961,0.305212140083313
1295,0.0,0.0,0.0,0.0,0.0,0.0,0.0,0.0,0.0,0.0,0.0,0.0,0.0,0.0,0.0,0.0,0.0,0.0,0.0,0.0,0.0,0.0,0.0,0.0,0.0,0.0,0.0,0.0,0.0,0.0,0.0,0.0,0.0,0.0,0.0,0.0,0.0,0.0,0.0,0.0,0.0,0.0,0.0,0.0,0.0,0.0,0.0,0.0,0.0,0.0,0.0,0.0,0.0,0.0,0.0,0.0,0.0,0.0,0.0,0.0,0.0,0.0,0.0,0.0,0.0,0.0,0.0,0.0,0.0,0.0,0.0,0.0,0.0,0.0,0.0,0.0,0.0,0.0,0.0,0.0,0.0,0.0,0.0,0.0,0.0,0.0,0.0,0.0,0.0,0.0,0.0,0.0,0.0,0.0,0.0,0.0,0.0,0.0,0.0,0.0,0.0,0.0,0.0,0.0,0.0,0.0,0.0,0.0,0.0,0.0,0.0,0.0,0.0,0.0,0.0,0.0,0.0,0.0,0.0,0.0,0.0,0.0,0.0,0.0,0.0,0.0,0.0,0.0
1300,0.0,0.0,0.0,0.0,0.0,0.0,0.0,0.0,0.0,0.0,0.0,0.0,0.0,0.0,0.0,0.0,0.0,0.0,0.0,0.0,0.0,0.0,0.0,0.0,0.0,0.0,0.0,0.0,0.0,0.0,0.0,0.0,0.0,0.0,0.0,0.0,0.0,0.0,0.0,0.0,0.0,0.0,0.0,0.0,0.0,0.0,0.0,0.0,0.0,0.0,0.0,0.0,0.0,0.0,0.0,0.0,0.0,0.0,0.0,0.0,0.0,0.0,0.0,0.0,0.0,0.0,0.0,0.0,0.0,0.0,0.0,0.0,0.0,0.0,0.0,0.0,0.0,0.0,0.0,0.0,0.0,0.0,0.0,0.0,0.0,0.0,0.0,0.0,0.0,0.0,0.0,0.0,0.0,0.0,0.0,0.0,0.0,0.0,0.0,0.0,0.0,0.0,0.0,0.0,0.0,0.0,0.0,0.0,0.0,0.0,0.0,0.0,0.0,0.0,0.0,0.0,0.0,0.0,0.0,0.0,0.0,0.0,0.0,0.0,0.0,0.0,0.0,0.0
1301,0.0,0.0,0.0,0.0,0.0,0.0,0.0,0.0,0.0,0.0,0.0,0.0,0.0,0.0,0.0,0.0,0.0,0.0,0.0,0.0,0.0,0.0,0.0,0.0,0.0,0.0,0.0,0.0,0.0,0.0,0.0,0.0,0.0,0.0,0.0,0.0,0.0,0.0,0.0,0.0,0.0,0.0,0.0,0.0,0.0,0.0,0.0,0.0,0.0,0.0,0.0,0.0,0.0,0.0,0.1652009934186935,0.0,0.0,0.0,0.0,0.0,0.0,0.0,0.0,0.0,0.0,0.0,0.0,0.0,0.0,0.0,0.0,0.0,0.0,0.0,0.0,0.0,0.0,0.0,0.0,0.0,0.0376029983162879,0.0,0.0,0.0,0.0,0.0,0.0,0.0,0.0,0.0,0.0,0.0,0.0,0.0,0.0,0.0,0.0,0.0,0.0,0.0,0.0,0.0,0.0,0.0,0.0,0.0,0.0,0.0,0.0,0.0,0.0,0.0,0.0,0.0,0.0,0.0,0.0,0.0,0.0,0.0,0.0,0.0,0.0,0.0,0.0,0.0,0.0,0.0
1321,0.0,0.0,0.0,0.0,0.0,0.0,0.0,0.0,0.0,0.0,0.0,0.0,0.0,0.0,0.0,0.0,0.0,0.0,0.0,0.0,0.0,0.0,0.0,0.0,0.0,0.0,0.0,0.0,0.0,0.0,0.0,0.0,0.0,0.0,0.0,0.0,0.0,0.0,0.0,0.0,0.0,0.0,0.0,0.0,0.0,0.0,0.0,0.0,0.0,0.0,0.0,0.0,0.0,0.0,0.0,0.0,0.0,0.0,0.0,0.0,0.0,0.0,0.0,0.0,0.0,0.0,0.0,0.0,0.0,0.0,0.0,0.0,0.0,0.0,0.0,0.0,0.0,0.0,0.0,0.0,0.0,0.0,0.0,0.0,0.0,0.0,0.0,0.0,0.0,0.0,0.0,0.0,0.0,0.0,0.0,0.0,0.0,0.0,0.0,0.0,0.0,0.0,0.0,0.0,0.0,0.0,0.0,0.0,0.0,0.0,0.0,0.0,0.0,0.0,0.0,0.0,0.0,0.0,0.0,0.0,0.0,0.0,0.0,0.0,0.0,0.0,0.0,0.0
1327,0.0,0.0,0.0,0.2763292491436004,0.0,0.1502755135297775,0.0,0.0,0.0,0.1156334057450294,0.0518540032207965,0.0,0.0,0.0,0.3321880400180816,0.0,0.0,0.0,0.0,0.0,0.0,0.4275568723678589,0.0,0.0,0.0,0.0,0.1823849231004715,0.0,0.0,0.0,0.0,0.418591171503067,0.0,0.0,0.3288104236125946,0.0,0.0,0.0,0.2371483296155929,0.0987243875861167,0.0,0.0,0.0,0.0,0.7106565833091736,0.3503020703792572,0.0,0.0,0.4077152609825134,0.0,0.0,0.0,0.2712827622890472,0.1858604997396469,0.7291048765182495,0.0,0.0,0.6564871072769165,0.0,0.159752756357193,0.0,0.0,0.0,0.0,0.1191450506448745,0.992657482624054,0.0,0.0564136877655983,0.0,0.0,0.1383455544710159,0.262481689453125,0.0,0.0,0.1563262641429901,0.0,0.0,0.0,0.0,0.0,0.1505630910396576,0.4751171171665191,0.0,0.3311614394187927,0.3127850890159607,0.0,0.5083714723587036,0.0,0.4815579950809479,0.0085377860814332,0.2792700231075287,0.0,0.0,0.0,0.0,0.0,0.7279220223426819,0.0,0.4578157067298889,0.3069673478603363,0.0,0.3110296726226806,0.0168416257947683,0.0112191997468471,0.6958199143409729,0.2426328808069229,0.5579094290733337,0.0,0.2180769145488739,0.5985841155052185,0.5614137649536133,0.0,0.1450922787189483,0.3778547048568725,0.0,0.0,0.0,0.0,0.2376873344182968,0.0,0.8858355283737183,0.0,0.0,0.0,0.6374084949493408,0.0,0.0,0.0
1330,0.0,0.0,0.0,0.0,0.0,0.0,0.0,0.0,0.0,0.0,0.0,0.0,0.0,0.0,0.0,0.0,0.0,0.0,0.0,0.0,0.0,0.0,0.0,0.0,0.0,0.0,0.0,0.0,0.0,0.0,0.0,0.0,0.0,0.0,0.0,0.0,0.0,0.0,0.0,0.0,0.0,0.0,0.0,0.0,0.0,0.0,0.0,0.0,0.0,0.0,0.0,0.0,0.0,0.0,0.0,0.0,0.0,0.0,0.0,0.0,0.0,0.0,0.0,0.0,0.0,0.0,0.0,0.0,0.0,0.0,0.0,0.0,0.0,0.0,0.0,0.0,0.0,0.0,0.0,0.0,0.0,0.0,0.0,0.0,0.0,0.0,0.0,0.0,0.0,0.0,0.0,0.0,0.0,0.0,0.0,0.0,0.0,0.0,0.0,0.0,0.0,0.0,0.0,0.0,0.0,0.0,0.0,0.0,0.0,0.0,0.0,0.0,0.0,0.0,0.0,0.0,0.0,0.0,0.0,0.0,0.0,0.0,0.0,0.0,0.0,0.0,0.0,0.0
1337,0.2405549734830856,0.1899992674589157,0.149245798587799,0.5188776850700378,0.2242780327796936,0.5711700916290283,0.3012996315956116,0.0,0.4505667388439178,0.2070685774087906,0.2677874565124511,0.7989596128463745,0.0634863302111625,0.0102876247838139,0.3704164326190948,0.0872577503323555,0.7114421725273132,0.2962190806865692,0.1295306235551834,0.8299259543418884,0.9528927803039552,0.8504908084869385,0.23052679002285,0.7230860590934753,0.6371402144432068,0.2465205937623977,0.98179030418396,0.2183656841516494,0.2186931371688842,0.7793785929679871,0.4292628169059753,0.1619003117084503,0.9180771112442015,0.8059840798377991,0.3127470314502716,0.7866705060005188,0.1787959039211273,0.1740238219499588,0.9080705642700196,0.8480818867683411,0.3659363389015198,0.987971305847168,0.8653976321220398,0.9450359344482422,0.1045503839850425,0.968325138092041,0.9843243360519408,0.2852498590946197,0.6306990385055542,0.2905649840831756,0.87077796459198,0.3265910148620605,0.662584125995636,0.8947317004203796,0.2763707637786865,0.6344835758209229,0.9370068907737732,0.2562852799892425,0.7786645293235779,0.986745834350586,0.95503830909729,0.1805261969566345,0.97578364610672,0.1988309174776077,0.2653876543045044,0.6839784383773804,0.8815253376960754,0.2793057560920715,0.5210761427879333,0.2970647811889648,0.8459475636482239,0.893676221370697,0.2267126590013504,0.0930538773536682,0.1838268786668777,0.2005121558904647,0.9625460505485536,0.9449976086616516,0.7690218091011047,0.7169854044914246,0.0974828600883483,0.8545243740081787,0.8548433780670166,0.9401386380195618,0.9202516078948976,0.55607008934021,0.968771994113922,0.203460156917572,0.9185921549797058,0.8964734673500061,0.245439127087593,0.7871031165122986,0.1828308403491974,0.9467480182647704,0.883575975894928,0.6771414875984192,0.2629603743553161,0.8612467050552368,0.9767541289329528,0.3284156918525696,0.9985756278038024,0.4705867171287536,0.9846056699752808,0.955498456954956,0.8299332857131958,0.2674000561237335,0.8942856192588806,0.8185720443725586,0.8730781078338623,0.9036879539489746,0.1556868404150009,0.2476341277360916,0.8818145394325256,0.5303362607955933,0.1211008355021476,0.9934327006340028,0.4350133836269378,0.8133789300918579,0.1663275361061096,0.3439719974994659,0.8250879049301147,0.2693721055984497,0.9653534889221193,0.8151974081993103,0.3535517156124115,0.5803776979446411,0.980333685874939,0.9772366285324096
1340,0.0187831502407789,0.0,0.0,0.0,0.0,0.0,0.0073455832898616,0.0,0.0,0.0,0.0,0.0,0.0,0.0,0.0,0.0,0.0,0.0,0.0,0.0,0.0359340012073516,0.0,0.0,0.0,0.0,0.0,0.0,0.0,0.0,0.0,0.0,0.0,0.0,0.0,0.0,0.0,0.0,0.0,0.0125611061230301,0.0,0.0,0.0,0.0,0.0,0.0,0.0,0.0,0.0,0.0,0.0284821838140487,0.0,0.0,0.0,0.0,0.0,0.0,0.0,0.0,0.0,0.0,0.0,0.0,0.0,0.0,0.0,0.0,0.0,0.0,0.0,0.0,0.0,0.0183557067066431,0.0152888428419828,0.0,0.0,0.0,0.0,0.0,0.0,0.0,0.0,0.0,0.0,0.0,0.0,0.0,0.0,0.0,0.0,0.0,0.0,0.0,0.0,0.0,0.0,0.0,0.0452971085906028,0.0,0.0,0.0,0.0129550006240606,0.0,0.0,0.0,0.0,0.0,0.0,0.0,0.0,0.0678718462586402,0.0,0.0,0.0,0.0,0.0,0.0,0.0,0.0,0.0,0.0,0.0,0.0,0.0,0.0,0.0,0.0,0.0,0.0
1341,0.0,0.0,0.0,0.0,0.0,0.0,0.0,0.0,0.0,0.0,0.0,0.0,0.0,0.0,0.0,0.2330060005187988,0.0,0.0,0.1435800045728683,0.0,0.0,0.0,0.0,0.2574119865894317,0.0,0.0,0.0,0.0,0.0,0.0,0.0,0.0,0.0,0.0,0.0,0.0,0.0,0.0,0.0,0.0,0.0,0.0570739991962909,0.0,0.0,0.0,0.0,0.1285739988088607,0.0,0.0,0.0943664982914924,0.0,0.0,0.0,0.0,0.0,0.0441804565489292,0.0,0.0,0.0,0.1111626625061035,0.0,0.0,0.0,0.0643920004367828,0.0,0.0,0.0,0.0,0.0,0.107184998691082,0.0,0.0,0.0,0.0,0.0,0.0,0.0,0.0,0.0,0.0,0.0,0.0,0.0,0.0483075007796287,0.0,0.0,0.0,0.0,0.0,0.0,0.0,0.0524735003709793,0.0289939995855093,0.0,0.0,0.0,0.0,0.0,0.0,0.0,0.0,0.0,0.0,0.0,0.0,0.0,0.275296002626419,0.0,0.0,0.0,0.0307926647365093,0.0,0.0,0.0,0.0,0.0,0.0,0.0,0.0135180000215768,0.0,0.0305610001087188,0.0443979986011981,0.0,0.0,0.0,0.0,0.0,0.0
1344,0.0,0.0,0.0,0.0,0.0,0.0,0.0,0.0,0.0,0.5427640080451965,0.0,0.0,0.0,0.0,0.0,0.0,0.0,0.0,0.0,0.0,0.0,0.0,0.470443993806839,0.0,0.0,0.0,0.0,0.0,0.0,0.0,0.0,0.0,0.0,0.0,0.1183210015296936,0.365200012922287,0.0,0.1434150040149688,0.0,0.0,0.0,0.0,0.0,0.0,0.0,0.0,0.0,0.0,0.0,0.0,0.0,0.2847169935703277,0.0,0.0,0.0,0.0,0.0,0.2083040028810501,0.0,0.0,0.0,0.0,0.0,0.0,0.0,0.0,0.0,0.0,0.0,0.0,0.0,0.0,0.1650269925594329,0.0,0.0,0.0,0.0,0.0,0.0,0.0,0.0,0.0,0.0,0.0,0.0,0.174807995557785,0.0,0.0,0.0,0.0,0.0,0.0,0.0,0.2311960011720657,0.0,0.0,0.181657999753952,0.0595710016787052,0.0,0.0,0.0,0.0,0.1836715936660766,0.0,0.0,0.0,0.0,0.0,0.0,0.5376390218734741,0.0,0.0,0.0,0.3639965653419494,0.0,0.0,0.0,0.0879575014114379,0.0,0.0,0.0,0.1727035492658615,0.0,0.0,0.0,0.0,0.0,0.0
1349,0.0,0.0,0.0,0.0,0.0,0.0,0.0,0.0,0.0,0.0,0.0,0.0,0.0,0.0,0.0,0.0,0.0,0.0,0.0,0.0,0.0,0.0,0.1657669991254806,0.1625877469778061,0.0,0.0,0.0,0.0,0.0,0.0,0.0,0.0,0.0,0.0,0.0,0.0,0.0,0.0,0.0,0.0,0.0,0.0,0.0,0.0,0.0,0.0,0.0,0.0,0.0,0.0,0.0,0.0,0.0,0.0,0.0,0.0,0.0,0.0,0.0,0.0,0.0,0.0,0.0,0.0,0.0,0.0,0.0,0.0,0.0,0.0,0.0,0.0,0.0,0.0,0.0,0.0,0.0,0.0,0.0,0.0,0.0,0.0,0.0,0.0,0.0,0.0,0.0,0.0,0.0,0.0,0.0,0.0,0.0,0.0,0.0,0.0,0.0,0.0,0.0,0.0,0.0,0.0,0.0,0.0,0.0,0.0,0.0,0.0,0.0,0.0,0.0,0.0,0.0,0.0,0.0,0.0,0.0,0.0,0.0,0.0,0.0,0.0,0.0,0.0,0.0,0.0,0.0,0.0
1358,0.0,0.0,0.0,0.0,0.0,0.0,0.0,0.0,0.0,0.0,0.0,0.0,0.0,0.0,0.0,0.0,0.0,0.0,0.0,0.0,0.0,0.0,0.0,0.0,0.0,0.0,0.0,0.0,0.0,0.0,0.0,0.0,0.0,0.0,0.0,0.0,0.0,0.0,0.0,0.0,0.0,0.0,0.0,0.0,0.0,0.0,0.0,0.0,0.0,0.0,0.0,0.0,0.0,0.0,0.0,0.0,0.0,0.0,0.0,0.0,0.0,0.0,0.0,0.0,0.0,0.0,0.0,0.0,0.0,0.0,0.0,0.0,0.0,0.0,0.0,0.0,0.0,0.0,0.0,0.0,0.0,0.0,0.0,0.0,0.0,0.0,0.0,0.0,0.0,0.0,0.0,0.0,0.0,0.0,0.0,0.0,0.0,0.0,0.0,0.0,0.0,0.0,0.0,0.0,0.0,0.0,0.0,0.0,0.0,0.0,0.0,0.0,0.0,0.0,0.0,0.0,0.0,0.0,0.0,0.0,0.0,0.0,0.0,0.0,0.0,0.0,0.0,0.0
1368,0.0,0.0,0.0,0.0,0.0,0.0,0.0,0.0,0.0,0.0,0.0,0.0,0.0,0.0,0.0,0.0,0.0,0.0,0.0,0.0,0.0,0.0,0.0,0.0,0.0,0.0,0.0,0.0,0.0,0.0,0.0,0.0,0.0,0.0,0.0,0.0,0.0,0.0,0.0,0.0,0.0,0.0,0.0,0.0,0.0,0.0,0.0,0.0,0.0,0.0,0.0,0.0,0.0,0.0,0.0,0.0,0.0,0.0,0.0,0.0,0.0,0.0,0.0,0.0,0.0,0.0,0.0,0.0,0.0,0.0,0.0,0.0,0.0,0.0,0.0,0.0,0.0,0.0,0.0,0.0,0.0,0.0,0.0,0.0,0.0,0.0,0.0,0.0,0.0,0.0,0.0,0.0,0.0,0.0,0.0,0.0,0.0,0.0,0.0,0.0,0.0,0.0,0.0,0.0,0.0,0.0,0.0,0.0,0.0,0.0,0.0,0.0,0.0,0.0,0.0,0.0,0.0,0.0,0.0,0.0,0.0,0.0,0.0,0.0,0.0,0.0,0.0,0.0
1372,0.0,0.0,0.0,0.0,0.0,0.0,0.0,0.0,0.0,0.0,0.0,0.0,0.0,0.0,0.033024501055479,0.0,0.0,0.0,0.1205853372812271,0.1878386735916137,0.0,0.0,0.0,0.054683431982994,0.0,0.0,0.0,0.0,0.0,0.1746879965066909,0.0,0.1713535040616989,0.1866395026445388,0.0,0.0,0.0,0.0988912507891655,0.0,0.0,0.0307979993522167,0.0813885033130645,0.0,0.0,0.0,0.1278979927301406,0.1167865023016929,0.0,0.1305136680603027,0.0,0.190772995352745,0.0,0.0,0.1687886714935302,0.0,0.0,0.2386250048875808,0.0,0.1657240092754364,0.1444262564182281,0.0,0.0275092869997024,0.1812806725502014,0.0,0.0,0.1473560035228729,0.0,0.0,0.0,0.0,0.0,0.0,0.0,0.0,0.0,0.0,0.0,0.0,0.0,0.0,0.0,0.0,0.0,0.0,0.0,0.0,0.0,0.0,0.0,0.0337693355977535,0.0,0.0,0.0992399975657463,0.0,0.1220939978957176,0.0,0.0,0.0,0.0,0.0,0.1859350055456161,0.0724489986896514,0.0,0.0,0.1700180023908615,0.0,0.0,0.0,0.0504403337836265,0.0725314989686012,0.0,0.0,0.2967435121536255,0.1246203333139419,0.0,0.0,0.0,0.0,0.0,0.0,0.0,0.1929884999990463,0.0,0.0,0.0365869998931884,0.0808596611022949,0.0,0.0,0.2361630052328109
1375,0.0,0.0,0.0,0.0,0.0,0.0,0.0,0.0,0.0,0.0,0.0,0.0,0.0,0.0,0.0,0.0,0.0,0.0,0.0,0.0,0.0,0.0,0.0,0.0,0.0,0.0,0.0,0.0,0.0,0.0,0.0,0.0,0.0,0.0,0.0,0.0,0.0,0.0,0.0,0.0,0.0,0.0,0.0,0.0,0.0,0.0,0.0,0.0,0.0,0.0,0.0,0.0,0.0,0.0,0.0,0.0,0.0,0.0,0.0,0.0,0.0,0.0,0.0,0.0,0.0,0.0,0.0,0.0,0.0,0.0,0.0,0.0,0.0,0.0,0.0,0.0,0.0,0.0,0.0,0.0,0.0,0.0,0.0,0.0,0.0,0.0,0.0,0.0,0.0,0.0,0.0,0.0,0.0,0.0,0.0,0.0,0.0,0.0,0.0,0.0,0.0,0.0,0.0,0.0,0.0,0.0,0.0,0.0,0.0,0.0,0.0,0.0,0.0,0.0,0.0,0.0,0.0,0.0,0.0,0.0,0.0,0.0,0.0,0.0,0.0,0.0,0.0,0.0
1380,0.0,0.0,0.0,0.0,0.0,0.0532998703420162,0.0,0.0,0.0,0.0,0.0,0.0,0.0,0.0,0.0,0.0,0.0,0.0,0.0,0.0,0.0,0.0,0.0,0.0,0.0,0.0,0.0,0.0,0.0,0.0,0.0,0.0,0.0,0.0,0.0,0.0,0.0,0.0,0.0,0.3746628761291504,0.0,0.0,0.0,0.0,0.0,0.0,0.0,0.0,0.0,0.0,0.0,0.0,0.2330049574375152,0.0,0.0,0.0,0.0,0.0,0.0,0.0,0.0,0.0,0.0,0.0,0.0,0.0,0.0,0.0,0.0,0.1410021185874939,0.0,0.0,0.0,0.1523242741823196,0.025579223409295,0.0,0.0,0.0,0.0,0.0,0.0,0.0,0.0,0.0,0.0,0.0,0.0,0.0,0.0,0.0,0.0,0.1110398322343826,0.0,0.0,0.0,0.0,0.0,0.0,0.0,0.0,0.0,0.0,0.0,0.0,0.0,0.0,0.0,0.0,0.0,0.0,0.7880091667175293,0.0,0.0,0.0,0.0,0.0,0.0,0.0,0.0,0.0,0.0,0.0,0.0,0.0,0.0,0.0,0.0,0.171537846326828
1384,0.0,0.0,0.0,0.0,0.0,0.0356852486729621,0.0,0.0,0.0,0.0448826663196086,0.0,0.0,0.0,0.0,0.0,0.0,0.0,0.0517712496221065,0.0,0.0799704045057296,0.0,0.0,0.0,0.0,0.0,0.0,0.0,0.0,0.2777414917945862,0.3631904721260071,0.0,0.0196297504007816,0.0,0.0238570012152194,0.0741864070296287,0.0,0.110166996717453,0.0,0.0,0.0,0.0,0.0477080009877681,0.0,0.0,0.0,0.0,0.0,0.0,0.1606700122356414,0.0,0.0,0.0404747501015663,0.0960030034184455,0.0307209994643926,0.0,0.0,0.0,0.0,0.0,0.0,0.0,0.0,0.172622799873352,0.0703829973936081,0.0,0.0,0.0,0.0,0.1776507496833801,0.0,0.0,0.0,0.0,0.0,0.0,0.0548127517104148,0.0,0.0,0.0,0.0,0.0,0.0,0.0,0.0,0.0,0.0180837493389844,0.0,0.0800015032291412,0.0,0.0,0.0,0.0,0.0,0.0,0.0,0.0,0.0,0.0,0.0,0.0,0.0,0.0,0.0,0.0799589976668357,0.0,0.0,0.0,0.0,0.0,0.2175264954566955,0.1043527498841285,0.0,0.0,0.0828682482242584,0.0,0.0,0.0,0.0411640033125877,0.0,0.0219720005989074,0.0,0.0,0.002777999965474,0.0,0.0,0.0,0.0,0.0
1388,0.0,0.0,0.0,0.0,0.0,0.0,0.0,0.0,0.0,0.0,0.0,0.0,0.0,0.0363579988479614,0.0,0.0,0.0,0.0,0.0,0.0,0.0,0.0,0.0,0.0,0.0,0.0,0.0,0.0,0.0,0.0,0.0,0.0,0.0,0.0,0.0,0.0,0.0,0.0,0.0,0.0,0.0,0.0,0.1025390028953552,0.0,0.0,0.0,0.0,0.0,0.0,0.0,0.0,0.0,0.0,0.0,0.0,0.0,0.0,0.0,0.0,0.0,0.0,0.0,0.0,0.1575759947299957,0.0,0.0,0.0,0.0,0.0,0.0,0.0,0.0,0.0,0.0,0.0,0.0,0.0,0.0,0.0,0.0,0.0,0.0,0.0,0.0,0.0,0.0,0.0,0.0,0.0,0.0,0.0,0.0,0.0,0.0,0.0,0.0,0.0,0.0,0.0,0.0,0.0,0.0,0.0,0.0,0.0,0.0,0.0,0.0,0.0,0.0,0.0,0.0,0.0,0.0,0.0,0.0,0.0,0.0,0.0,0.0,0.0,0.0,0.0,0.0,0.0,0.0,0.0,0.0
1391,0.0,0.0,0.0,0.0,0.0,0.0,0.0,0.0,0.0,0.0,0.0,0.0,0.0,0.0,0.0,0.0,0.0,0.0,0.0,0.0,0.0,0.0,0.0,0.0,0.0,0.0,0.0,0.0,0.0,0.0,0.0,0.0,0.0,0.0,0.0,0.0,0.0,0.0,0.0,0.0,0.0,0.0,0.0,0.0,0.0,0.0,0.0,0.0,0.0,0.0,0.0,0.0,0.0,0.0,0.0,0.0,0.0,0.0,0.0,0.0,0.0,0.0,0.0,0.0,0.0,0.0,0.0,0.0,0.0,0.0,0.0,0.0,0.0,0.0,0.0,0.0,0.0,0.0,0.0,0.0,0.0,0.0,0.0,0.0,0.0,0.0,0.0,0.0,0.0,0.0,0.0,0.0,0.0,0.0,0.0,0.0,0.0,0.0,0.0,0.0,0.0,0.0,0.0,0.0,0.0,0.0,0.0,0.0,0.0,0.0,0.0,0.0,0.0,0.0,0.0,0.0,0.0,0.0,0.0,0.0,0.0,0.0,0.0,0.0,0.0,0.0,0.0,0.0
1398,0.0,0.0,0.0,0.0,0.0,0.402666687965393,0.0112024070695042,0.0685561448335647,0.0,0.0,0.0,0.0,0.0,0.0,0.0,0.0,0.0,0.0,0.0,0.0,0.0,0.0,0.2725058197975158,0.2482892721891403,0.0529949069023132,0.3644745647907257,0.0216554626822471,0.0,0.0,0.0,0.3931782841682434,0.0,0.5303334593772888,0.5625391602516174,0.0,0.0,0.0,0.0,0.0,0.0,0.0,0.0,0.0,0.0,0.0,0.0,0.0,0.2690433263778686,0.1919039934873581,0.0,0.4764285683631897,0.0,0.0,0.426765501499176,0.364412248134613,0.0,0.0238675307482481,0.2939907312393188,0.0,0.0,0.0,0.1078696921467781,0.0,0.2389636486768722,0.0,0.0,0.0,0.0372453667223453,0.0,0.0,0.0,0.404107928276062,0.0,0.0,0.0,0.0,0.0,0.0,0.0,0.0,0.0,0.3996401727199554,0.0,0.0,0.2508864998817444,0.0,0.0,0.0,0.0,0.0,0.1532883942127227,0.0,0.0,0.0362057238817215,0.1949308365583419,0.3719137907028198,0.0264591239392757,0.0,0.0,0.2478882074356079,0.3523758351802826,0.0,0.0,0.0,0.0,0.0,0.3747665882110595,0.0984186232089996,0.0,0.3112829923629761,0.0,0.0152450008317828,0.0,0.0,0.0,0.4252983629703522,0.0,0.0,0.0848010927438736,0.0,0.0,0.0,0.3566818237304687,0.0,0.260832130908966,0.0,0.2255448400974273,0.0
1399,0.0,0.0,0.0,0.0,0.0,0.0,0.0,0.0,0.0,0.0,0.0,0.0,0.0,0.0,0.0,0.0,0.0,0.0,0.0,0.0,0.0,0.0,0.0,0.0,0.0,0.0,0.0,0.0,0.0,0.0,0.0,0.0,0.0,0.0,0.0,0.0,0.0,0.0,0.0,0.0,0.0,0.0,0.0,0.0,0.0,0.0,0.0,0.0,0.0,0.0,0.0,0.0,0.0,0.0,0.0,0.0,0.0,0.0,0.0,0.0,0.0,0.0,0.0,0.0,0.0,0.0,0.0,0.0,0.0,0.0,0.0,0.0,0.0,0.0,0.0,0.0,0.0,0.0,0.0,0.0,0.0,0.0,0.0,0.0,0.0,0.0,0.0,0.0,0.0,0.0,0.0,0.0,0.0,0.0,0.0,0.0,0.0,0.0,0.0,0.0,0.0,0.0,0.0,0.0,0.0,0.0,0.0,0.0,0.0,0.0,0.0,0.0,0.0,0.0,0.0,0.0,0.0,0.0,0.0,0.0,0.0,0.0,0.0,0.0,0.0,0.0,0.0,0.0
1404,0.2926450967788696,0.3487496376037597,0.2717061042785644,0.5445826649665833,0.7229695916175842,0.0,0.7654327750205994,0.0,0.2444496154785156,0.1131195053458213,0.3660690784454345,0.5418196320533752,0.0272281244397163,0.2454110085964203,0.0339324437081813,0.2220654487609863,0.872352659702301,0.9363225102424622,0.9573049545288086,0.924315631389618,0.6687833666801453,0.8726826310157776,0.892016589641571,0.814361035823822,0.7504013180732727,0.802157998085022,0.8711476922035217,0.197958841919899,0.0839556455612182,0.9594651460647584,0.2915534675121307,0.1119770407676696,0.8221898674964905,0.2146551311016082,0.3501512110233307,0.6776860356330872,0.7933425903320312,0.1027151420712471,0.978343427181244,0.8869772553443909,0.8418720364570618,0.989130675792694,0.924181342124939,0.0901247486472129,0.8929057121276855,0.2396012097597122,0.8301955461502075,0.8485941290855408,0.929625391960144,0.9062837958335876,0.7053262591362,0.8306333422660828,0.1096262708306312,0.9940851926803588,0.997789204120636,0.7629976272583008,0.870133101940155,0.8240407705307007,0.6923596262931824,0.8769121170043945,0.9285515546798706,0.8086944818496704,0.8930327296257019,0.8967891931533813,0.5062429904937744,0.6074132919311523,0.8760982155799866,0.245072528719902,0.5458232760429382,0.2012944817543029,0.9431788325309752,0.850398600101471,0.8144614100456238,0.8611334562301636,0.3156410455703735,0.2750739753246307,0.9819585680961608,0.8817933201789856,0.9256301522254944,0.8012391328811646,0.1191121041774749,0.9443477392196656,0.7542110085487366,0.8080445528030396,0.830341637134552,0.6766811013221741,0.8532128930091858,0.8891326189041138,0.4019317924976349,0.8609762191772461,0.3453152775764465,0.7272233366966248,0.7380937337875366,0.3042971193790436,0.8300652503967285,0.9193757176399232,0.758144199848175,0.8630384802818298,0.7629201412200928,0.8904678821563721,0.978307604789734,0.2056230306625366,0.90092796087265,0.7930253744125366,0.9057015180587769,0.7311827540397644,0.1811507940292358,0.7891231775283813,0.8681656718254089,0.8236103057861328,0.2061048597097396,0.2031357586383819,0.8156469464302063,0.4335260689258575,0.9789170026779176,0.9513590335845948,0.9393031597137452,0.9607466459274292,0.95868718624115,0.3287991285324096,0.9829720854759216,0.7692760825157166,0.8698848485946655,0.6291888356208801,0.9565698504447936,0.4173211753368377,0.5800374150276184,0.8230968713760376
1407,0.0,0.0,0.0,0.0,0.0,0.0,0.0,0.0,0.0,0.0,0.0,0.0,0.0,0.0,0.0,0.0,0.0,0.0,0.0,0.0,0.0,0.0,0.0,0.0,0.0,0.0,0.0,0.0,0.0,0.0,0.0,0.0,0.0,0.0,0.0,0.0,0.0,0.0,0.0,0.0,0.0,0.0,0.0,0.0,0.0,0.0,0.0,0.0,0.0,0.0,0.0,0.0,0.0,0.0,0.0,0.0,0.0,0.0,0.0,0.0,0.0,0.0,0.0,0.0,0.558040976524353,0.0,0.0,0.0,0.0,0.0,0.0,0.0,0.0,0.0,0.0,0.0,0.0,0.360505998134613,0.0,0.0,0.0,0.0,0.0,0.0,0.0,0.0,0.0,0.0,0.0,0.0,0.0,0.0,0.0,0.0,0.0,0.0,0.0,0.0,0.0,0.0,0.0,0.0,0.0,0.0,0.0,0.0,0.0,0.0,0.0,0.0,0.2846579849720001,0.0,0.0,0.0,0.0,0.0,0.0,0.0,0.0,0.0,0.0,0.0,0.0,0.0,0.0,0.0,0.0,0.0
1410,0.4809491634368896,0.3093291819095611,0.4002775251865387,0.0958066210150718,0.4859330058097839,0.7570382356643677,0.483571708202362,0.1940876692533493,0.9587960243225098,0.0,0.1393872946500778,0.0,0.3092319071292877,0.7750898599624634,0.8450459837913513,0.1760429143905639,1.0,0.2577807605266571,0.7153574228286743,0.4861535131931305,0.1292046755552292,0.0,0.962332010269165,0.7314863204956055,0.8904680013656616,0.8809460401535034,0.4177640080451965,0.0,0.7709896564483643,0.965088665485382,0.4540235698223114,0.4708680212497711,0.297392189502716,0.140574425458908,0.2358682006597519,0.3609106540679931,0.276278555393219,0.0,0.0,0.6763894557952881,0.4404545724391937,0.4828220009803772,0.6651592254638672,0.1517582535743713,0.4848465025424957,0.0,0.5990999937057495,0.927174985408783,0.4894885122776031,0.7475489974021912,0.8194701671600342,0.9752181768417358,0.0,0.9710580110549928,0.9731746912002563,0.7582773566246033,0.7601308226585388,0.4875144958496094,0.8078689575195312,0.4890714883804321,0.765586793422699,0.5296878218650818,0.7464067935943604,0.974578022956848,0.0,0.4699310064315796,0.9647960066795348,0.970484972000122,0.7278734445571899,0.9697120189666748,0.0,0.2037229984998703,0.5351395010948181,0.6529487371444702,0.2575854957103729,0.0,0.8701357841491699,0.8973985314369202,0.0,0.0,0.7902066111564636,0.1725983321666717,0.9711139798164368,0.0,0.0,0.6590412855148315,0.0,0.5608801245689392,0.4970953464508056,0.4857400059700012,0.0,0.3109304904937744,0.0,0.0,0.4947009980678558,0.0,0.6686299443244934,0.9758390188217164,0.4902817606925964,0.3061891496181488,0.1316389292478561,0.0903147161006927,0.7347056865692139,0.4906139969825744,0.0,0.0,0.8081413507461548,0.8410797119140625,0.0,0.3901943564414978,0.4819389879703522,0.5013257265090942,0.591891348361969,0.9122137427330016,0.7219403982162476,0.0,0.0,0.738969624042511,0.4731830060482025,0.6545976996421814,0.5211330056190491,0.4083614945411682,0.6364863514900208,0.9762510061264038,0.0,0.0,0.8232463002204895,0.0874319970607757
1415,0.9890210032463074,0.4741474986076355,0.6176835298538208,0.5466646552085876,0.0,0.0,0.9201340079307556,0.0,0.9876930117607116,0.0,0.0,0.0,0.0,0.0,0.0,0.4860230088233948,0.0,0.2553384006023407,0.0,0.0,0.0,0.0,0.989771008491516,0.0,0.0,0.9803690314292908,0.0,0.7793921232223511,0.0,0.0,0.8395243287086487,0.9920929670333862,0.0,0.7294263243675232,0.9804760217666626,0.3530056476593017,0.9507316946983336,0.0,0.0,0.0,0.0835604965686798,0.4697020053863525,0.0,0.0,0.0,0.4843233525753021,0.0,0.0,0.0,0.0,0.9685620069503784,0.982057511806488,0.0,0.9904000163078308,0.0,0.849684476852417,0.0,0.6197549700737,0.7415117025375366,0.0,0.0,0.9465826749801636,0.0,0.0,0.0,0.5212793350219727,0.9254980087280272,0.969173014163971,0.7413852214813232,0.0,0.0,0.0,0.2236925065517425,0.1249189972877502,0.0,0.0,0.9827114939689636,0.9807119965553284,0.0,0.0,0.0,0.3107450008392334,0.0,0.0,0.0,0.9702320098876952,0.0,0.7721967697143555,0.4357540011405945,0.4834199845790863,0.0,0.0,0.1555960029363632,0.0,0.0,0.0,0.0,0.9659340381622314,0.9850149750709534,0.0,0.807386577129364,0.0419539436697959,0.0,0.7891931533813477,0.0,0.0,0.3220372498035431,0.0,0.0,0.7398844957351685,0.0,0.9772939682006836,0.4881052374839782,0.977860987186432,0.9408980011940002,0.0,0.0,0.4708510041236877,0.4752329885959625,0.0,0.96970397233963,0.0,0.0,0.0,0.0,0.0,0.0,0.1148120015859603
1417,0.0,0.0,0.0,0.0,0.0,0.0,0.0,0.0,0.0,0.0,0.0,0.0,0.0,0.0,0.0,0.0,0.0,0.0,0.0,0.0,0.0,0.0,0.0,0.0,0.0,0.0,0.0,0.0,0.0,0.0,0.0,0.0,0.0,0.0,0.0,0.0,0.0,0.0,0.0,0.0,0.0,0.0,0.0,0.0,0.0,0.0,0.0,0.0,0.0,0.0,0.0,0.0,0.0,0.0,0.0,0.0,0.0,0.0,0.0,0.0,0.0,0.0,0.0,0.0,0.0,0.0,0.0,0.0,0.0,0.0,0.0,0.0,0.0,0.0,0.0,0.0,0.0,0.0,0.0,0.0,0.0,0.0,0.0,0.0,0.0,0.0,0.0,0.0,0.0,0.0,0.0,0.0,0.0,0.0,0.0,0.0,0.0,0.0,0.0,0.0,0.0,0.0,0.0,0.0,0.0,0.0,0.0,0.0,0.0,0.0,0.0,0.0,0.0,0.0,0.0,0.0,0.0,0.0,0.0,0.0,0.0,0.0,0.0,0.0,0.0,0.0,0.0,0.0
1425,0.0,0.0,0.0,0.0,0.0,0.0,0.0,0.0,0.0,0.0,0.0,0.0,0.0,0.0,0.0,0.0,0.0447270013391971,0.0,0.0,0.0,0.0,0.16083624958992,0.0,0.0112044299021363,0.0,0.0,0.0,0.0,0.0,0.0,0.0183622501790523,0.0,0.0,0.0370526239275932,0.0,0.0,0.0,0.0,0.0,0.0178102869540452,0.0,0.0,0.0323465727269649,0.0,0.0,0.0,0.048200286924839,0.0345412492752075,0.0687785744667053,0.0,0.0,0.0,0.0,0.0128832496702671,0.0,0.1003504991531372,0.022743571549654,0.0,0.1965815722942352,0.0,0.0094983745366334,0.1148427203297615,0.0,0.0501580014824867,0.0,0.0,0.0,0.0,0.0,0.0314142517745494,0.0,0.0,0.0,0.0,0.0,0.0,0.0302684307098388,0.0,0.0,0.0437465719878673,0.0,0.0,0.0,0.035317875444889,0.0,0.070834144949913,0.0,0.0257705003023147,0.0324660018086433,0.0884603708982467,0.0,0.0,0.1439698636531829,0.1595543771982193,0.0,0.0,0.0145427146926522,0.0335532501339912,0.0300853755325078,0.2385807335376739,0.0,0.0,0.1552043706178665,0.1439724415540695,0.0,0.0,0.0490751266479492,0.0607018582522869,0.1161727160215377,0.1394908726215362,0.0397365689277648,0.1027817502617836,0.0,0.0,0.0,0.0165277160704135,0.0,0.0,0.0534061416983604,0.0,0.1729181557893753,0.033279288560152,0.0395857170224189,0.0307067148387432,0.0,0.0,0.0127558577805757,0.2794325053691864
1429,0.0,0.0,0.0,0.0,0.0,0.0,0.0,0.0,0.0,0.0,0.0,0.0,0.0,0.0,0.0,0.0,0.0,0.0,0.0,0.0,0.0,0.0,0.0,0.0,0.0,0.0,0.0,0.0,0.0,0.0,0.0,0.0,0.0,0.0,0.0,0.0,0.0,0.0,0.0,0.0,0.0,0.0,0.0,0.0,0.0,0.0,0.0,0.0,0.0,0.0,0.0,0.0,0.0,0.0,0.0,0.0,0.0,0.0,0.0,0.0,0.0,0.0,0.0,0.0,0.0,0.0,0.0,0.0,0.0,0.0,0.0,0.0,0.0,0.0,0.0,0.0,0.0,0.0,0.0,0.0,0.0,0.0,0.0,0.0,0.0,0.0,0.0,0.0,0.0,0.0,0.0,0.0,0.0,0.0,0.0,0.0,0.0,0.0,0.0,0.0,0.0,0.0,0.0,0.0,0.0,0.0,0.0,0.0,0.0,0.0,0.0,0.0,0.0,0.0,0.0,0.0,0.0,0.0,0.0,0.0,0.0,0.0,0.0,0.0,0.0,0.0,0.0,0.0
1433,0.0,0.0,0.0,0.0,0.0,0.0,0.0,0.0,0.0,0.0,0.0,0.0,0.0,0.0,0.0,0.0,0.0,0.0,0.0,0.0,0.0,0.0,0.0,0.0,0.0,0.0,0.0,0.0,0.0,0.0,0.0,0.0,0.0,0.0,0.0,0.0,0.0,0.0,0.0,0.0,0.0,0.0,0.0,0.0,0.0,0.0,0.0,0.0,0.0,0.0,0.0531414337456226,0.0,0.0,0.0,0.0,0.0,0.0,0.0,0.0,0.0,0.0,0.0,0.0,0.0376214310526847,0.0,0.0,0.0,0.0,0.0,0.0,0.0,0.2884943187236786,0.0,0.0,0.0,0.0,0.3339865207672119,0.0,0.0,0.0,0.0,0.0,0.0,0.8189759850502014,0.0,0.0,0.0,0.0,0.371190994977951,0.0049052000977098,0.0,0.0,0.0,0.0,0.0,0.0,0.0,0.0,0.0,0.0,0.0,0.0,0.0,0.0,0.0,0.0,0.0,0.0,0.0,0.0,0.0,0.0,0.0336465016007423,0.0,0.0,0.0,0.0,0.0,0.0,0.0,0.0,0.0,0.0,0.0,0.0,0.0,0.0,0.0
1436,0.0,0.0,0.0,0.0,0.0,0.0,0.0,0.0,0.0,0.0,0.0,0.0,0.0,0.0,0.0,0.0,0.0,0.0,0.0,0.0,0.0,0.0,0.0,0.0,0.0,0.0,0.0,0.0,0.0,0.0,0.0,0.0,0.0,0.0,0.0,0.0,0.0,0.0,0.0,0.0,0.0,0.0,0.0,0.0,0.0,0.0,0.0,0.0,0.0,0.0,0.0,0.0,0.0,0.0,0.0,0.0,0.0,0.0,0.0,0.0,0.0,0.0,0.0,0.0,0.0,0.0,0.0,0.0,0.0,0.0,0.0,0.0,0.0,0.0,0.0,0.0,0.0,0.0,0.0260676257312297,0.0,0.0,0.0,0.0,0.0,0.0,0.0,0.0,0.0,0.0,0.0,0.0,0.0,0.0,0.0,0.0,0.0,0.0,0.0,0.0,0.0,0.0,0.0,0.0,0.0,0.0,0.0,0.0,0.0,0.0,0.0,0.0,0.0,0.0,0.0,0.0,0.0,0.0,0.0,0.0,0.0,0.0,0.0,0.0,0.0,0.0,0.0,0.0,0.0
1437,0.0,0.0,0.0,0.0,0.0,0.0,0.0,0.0,0.0,0.0162264183163642,0.0,0.0,0.0,0.0,0.0,0.0058688465505838,0.0,0.1178525015711784,0.0247912518680095,0.1525176763534546,0.023817665874958,0.0104247508570551,0.0,0.4725401699542999,0.0147387282922863,0.5560157895088196,0.0718628391623497,0.5216224789619446,0.3092886209487915,0.0,0.0,0.0,0.0,0.0,0.0095078330487012,0.0,0.0446661673486232,0.048907421529293,0.0732304155826568,0.1205163449048996,0.0372734181582927,0.0337763354182243,0.0444626398384571,0.0075347498059272,0.0884565860033035,0.1032107397913932,0.2548438012599945,0.027545666322112,0.0117700835689902,0.0,0.0334750860929489,0.0,0.0,0.0,0.5956625938415527,0.1264412552118301,0.006795166991651,0.0,0.2778491079807281,0.0,0.0,0.1744681149721145,0.0,0.0608698353171348,0.5411621332168579,0.0366839990019798,0.0443531684577465,0.4593161940574646,0.0723901689052581,0.0257706679403781,0.041527334600687,0.1295659393072128,0.3164215683937073,0.0,0.0362259186804294,0.0,0.0,0.3491174578666687,0.345385193824768,0.0560252480208873,0.0458671674132347,0.0,0.0917609184980392,0.0294226668775081,0.0232067517936229,0.1321229189634323,0.0379996374249458,0.0,0.0,0.3530671596527099,0.0,0.1729181855916977,0.0329880006611347,0.0,0.0234874170273542,0.0805228352546691,0.0099494997411966,0.0404716692864894,0.6251646876335144,0.0,0.0,0.3176818788051605,0.0,0.0,0.1729445159435272,0.0,0.1445628702640533,0.3806938230991363,0.0325638353824615,0.0,0.0,0.1556393057107925,0.0,0.0115660838782787,0.0407114177942276,0.1081637665629386,0.1792551726102829,0.0347359180450439,0.0204241666942834,0.0225407518446445,0.0,0.0031984166707843,0.0235867500305175,0.0136326663196086,0.6033332943916321,0.0564743690192699,0.0,0.0
1438,0.0,0.0,0.0,0.0,0.0,0.0,0.0,0.0,0.0,0.0,0.0,0.0,0.0,0.0,0.0,0.0,0.0,0.0,0.0,0.0,0.0,0.0,0.0,0.0,0.0,0.0,0.0,0.0,0.0,0.0,0.0,0.0,0.0,0.0,0.0,0.0,0.0,0.0,0.0,0.0,0.0,0.0,0.0,0.0,0.0,0.0,0.0,0.0,0.0,0.0,0.0,0.0,0.0,0.0,0.0,0.0,0.0,0.0,0.0,0.0,0.0,0.0,0.0,0.0,0.0,0.0,0.0,0.0,0.0,0.0,0.0,0.0,0.0,0.0,0.0,0.0,0.0,0.0,0.0,0.0,0.0,0.0,0.0,0.0,0.0,0.0,0.0,0.0,0.0,0.0,0.0,0.0,0.0,0.0,0.0,0.0,0.0,0.0,0.0,0.0,0.0,0.0,0.0,0.0,0.0,0.0,0.0,0.0,0.0,0.0,0.0,0.0,0.0,0.0,0.0,0.0,0.0,0.0,0.0,0.0,0.0,0.0,0.0,0.0,0.0,0.0,0.0,0.0
1439,0.0,0.0,0.0,0.0,0.0,0.0,0.0,0.0,0.0,0.0,0.0,0.0,0.0,0.0,0.0,0.0,0.0,0.0,0.0,0.0,0.0,0.0,0.0,0.2045104950666427,0.0,0.0,0.0269639994949102,0.1993255019187927,0.0,0.0,0.0,0.0,0.0,0.0,0.0,0.0,0.0,0.0,0.0,0.0,0.0,0.0,0.0,0.0,0.0,0.0,0.1100094988942146,0.0295470003038644,0.0,0.0,0.0,0.0,0.0465934984385967,0.0,0.0,0.0,0.0,0.0,0.0,0.0,0.1791709959506988,0.0,0.0,0.0,0.0,0.0,0.0,0.0,0.2457605004310608,0.0,0.0,0.0,0.0,0.0,0.0,0.0,0.1591755002737045,0.0,0.0,0.0,0.0,0.0,0.0,0.0,0.175648495554924,0.0,0.0,0.0,0.0,0.0,0.0,0.0,0.0,0.0,0.0,0.0,0.2740775048732757,0.0,0.0,0.0,0.0,0.0,0.0,0.0,0.0,0.0,0.2851774990558624,0.0,0.0,0.0,0.0,0.0,0.0,0.0,0.0,0.10674300044775,0.0,0.0,0.0,0.0,0.0,0.0,0.0,0.0,0.0,0.0,0.0,0.0
1441,0.0,0.066209003329277,0.0,0.1126829981803894,0.0,0.2390542924404144,0.0,0.0,0.1323858946561813,0.0,0.2343466579914093,0.0,0.0,0.0,0.1364949643611908,0.0,0.1673539876937866,0.0,0.1275466680526733,0.0,0.1662460714578628,0.1590385884046554,0.181895762681961,0.0,0.1232161000370979,0.0,0.1119538396596908,0.1450171917676925,0.0193374883383512,0.0,0.0,0.2241345942020416,0.0,0.0,0.0,0.0904701203107833,0.0,0.0976233482360839,0.0,0.1645549833774566,0.0,0.0,0.0,0.0,0.1292358934879303,0.0,0.0736370757222175,0.100881353020668,0.0,0.0,0.0697533041238784,0.0,0.0,0.0,0.085946686565876,0.1222372949123382,0.1709791272878646,0.1998783648014068,0.0,0.0,0.0120372399687767,0.0,0.0,0.1374760270118713,0.0954302251338958,0.0,0.1152148395776748,0.0,0.0885656848549842,0.1728717982769012,0.118003062903881,0.0,0.0,0.0,0.0995868295431137,0.1344692260026931,0.133298635482788,0.0,0.1387055367231369,0.0,0.0,0.0677136704325676,0.0,0.0798766613006591,0.1565056592226028,0.1420352905988693,0.0,0.1760615110397339,0.0,0.2118685692548751,0.0,0.3041400611400604,0.0,0.0750138759613037,0.1045637428760528,0.1273913532495498,0.0,0.0,0.0,0.0689368471503257,0.1214303076267242,0.0,0.0,0.0,0.0,0.2274158596992492,0.0,0.1409857422113418,0.0,0.1727212816476822,0.0,0.0,0.0800115168094635,0.086477443575859,0.1265162229537964,0.0,0.121173121035099,0.1371807605028152,0.0,0.1463021486997604,0.086086593568325,0.121151864528656,0.0,0.1379720121622085,0.0,0.0,0.0829471126198768,0.2060765027999878
1452,0.0,0.0,0.0,0.0,0.0,0.0,0.1236049979925155,0.4063720107078552,0.0,0.0637319982051849,0.0,0.0,0.0,0.0,0.3801519870758056,0.0,0.0,0.0,0.1574400067329406,0.3547300100326538,0.0,0.4999279975891113,0.0,0.0,0.3496409952640533,0.0,0.0,0.0,0.2959530055522918,0.3896470069885254,0.6184319853782654,0.4700109958648681,0.3126839995384216,0.0,0.5689219832420349,0.0,0.3917790055274963,0.0,0.5257390141487122,0.5160170197486877,0.4529860019683838,0.3538770079612732,0.4541470110416412,0.0,0.0,0.0,0.0,0.3006829917430877,0.0,0.0,1.0,0.0891399979591369,0.0,0.6124849915504456,0.0,0.1081900000572204,0.0,0.0,0.0,0.0,0.4235729873180389,0.4690490067005157,0.2270060032606125,0.3594149947166443,0.0,0.0,0.0,0.0,0.4303590059280395,0.7990419864654541,0.0,0.3541800081729889,0.0,0.4097560048103332,0.2829850018024444,0.0,0.4233439862728119,0.2361129969358444,0.5569329857826233,0.0570250004529953,0.7667099833488464,0.401542991399765,0.0,0.0,0.0,0.1462350040674209,0.36353600025177,0.0,0.0,0.8210700154304504,0.147366002202034,0.0,0.0,0.0,0.2737469971179962,0.0,0.1140170022845268,0.0,0.5963929891586304,0.5538600087165833,0.0,0.904242992401123,0.4130649864673614,0.0,0.0,0.7820389866828918,0.0,0.5478919744491577,0.0,0.2853040099143982,0.0,0.0,0.6823359727859497,0.7274309992790222,0.3956179916858673,0.5102890133857727,0.2927030026912689,0.3348380029201507,0.557666003704071,0.0,0.0,0.1151489987969398,0.4026330113410949,0.6504889726638794,0.0,0.4079949855804443,0.0,0.3109700083732605
1457,0.0,0.0,0.0,0.0,0.0,0.0,0.0,0.0,0.0,0.0,0.0,0.0,0.0,0.0,0.0,0.0,0.0,0.0076631251722574,0.0,0.0,0.0,0.0,0.0,0.1032771989703178,0.0,0.0,0.0200280006974935,0.0,0.0,0.0,0.3399102389812469,0.1811522841453552,0.0144811440259218,0.008756666444242,0.0611072890460491,0.08259829133749,0.0,0.1656242907047271,0.0,0.0629031509160995,0.0,0.0,0.0,0.0,0.0,0.0,0.0,0.0820117220282554,0.0854022875428199,0.0,0.0,0.085705429315567,0.0,0.0373241454362869,0.0,0.0,0.0571232885122299,0.1106142848730087,0.0,0.0,0.0,0.0,0.0,0.0,0.0,0.2077657282352447,0.1506014317274093,0.0,0.0,0.0,0.0,0.0,0.0,0.0258632861077785,0.0450889989733696,0.039255004376173,0.0,0.0,0.0,0.0,0.0,0.0382445007562637,0.182916447520256,0.0,0.0,0.0,0.1700808703899383,0.0073048751801252,0.0,0.0,0.0,0.0,0.1005295738577842,0.0,0.0,0.0,0.0,0.0,0.0,0.0,0.0,0.0765362903475761,0.0,0.0,0.0,0.0,0.0534776635468006,0.0,0.0,0.0,0.0,0.0328292846679687,0.0448788590729236,0.0,0.0,0.3355748653411865,0.0,0.0229054298251867,0.0,0.0,0.086518719792366,0.0,0.0329278595745563,0.0084774289280176,0.154968574643135,0.0,0.2293684482574463,0.0
1465,0.0,0.0,0.0,0.0,0.0,0.0,0.0,0.0,0.0,0.0,0.0,0.0,0.0,0.0,0.0,0.0,0.0,0.0,0.0,0.0,0.0,0.0,0.0,0.0,0.0,0.0,0.0,0.0,0.0,0.0,0.0,0.0,0.0,0.0,0.0,0.0,0.0,0.0,0.0,0.0,0.0,0.0,0.0,0.0,0.0,0.0,0.0,0.0,0.0,0.0,0.0,0.0,0.0,0.0,0.0,0.0,0.0,0.0,0.0,0.0,0.0,0.0,0.0,0.0,0.0,0.0,0.0,0.0,0.0,0.0,0.0,0.0,0.0,0.0,0.0,0.0,0.0,0.0,0.0,0.0,0.0,0.0,0.0,0.0,0.0,0.0,0.0,0.0,0.0,0.0,0.0,0.0,0.0,0.0,0.0,0.0,0.0,0.0,0.0,0.0,0.0,0.0,0.0,0.0,0.0,0.0,0.0,0.0,0.0,0.0,0.0,0.0,0.0,0.0,0.0,0.0,0.0,0.0,0.0,0.0,0.0,0.0,0.0,0.0,0.0,0.0,0.0,0.0
1467,0.0674508288502693,0.2292785048484802,0.0,0.0,0.0,0.0,0.0,0.0,0.272289514541626,0.0942305028438568,0.0,0.0,0.0,0.2033025026321411,0.0,0.0608735010027885,0.0,0.0,0.0,0.0,0.0,0.9091770052909852,0.0,0.0,0.0,0.0,0.0969310030341148,0.0,0.0,0.0,0.0,0.0,0.2769129872322082,0.0,0.0,0.0,0.2054290026426315,0.0,0.0,0.208526000380516,0.1607619971036911,0.0,0.0968175008893013,0.0,0.0,0.0381321087479591,0.0,0.025722499936819,0.0783634930849075,0.0,0.0,0.0,0.0,0.0,0.0,0.0,0.0,0.0,0.0,0.0,0.0948674976825714,0.2175849974155426,0.0,0.694266140460968,0.14495550096035,0.0,0.0,0.0,0.0,0.0,0.0,0.0,0.0,0.0,0.0,0.0,0.0,0.0,0.0,0.0784350037574768,0.0766189992427825,0.3952850103378296,0.0613359995186328,0.120897501707077,0.0,0.0,0.0,0.0,0.0,0.0,0.0,0.046934001147747,0.0,0.1013275012373924,0.0,0.0,0.2031459957361221,0.0,0.0352910012006759,0.0,0.0,0.0,0.0,0.0,0.0,0.0,0.0,0.0,0.0649489983916282,0.0,0.0,0.0,0.0,0.0,0.0,0.0,0.1080084964632988,0.0,0.0,0.0,0.0,0.0,0.1145069971680641,0.0,0.0,0.0,0.0,0.0
1480,0.0,0.0,0.0,0.0,0.0,0.0,0.0,0.0,0.0,0.0,0.0,0.0,0.0,0.0,0.0,0.0,0.0,0.0,0.0,0.0,0.0,0.0,0.0,0.0,0.0,0.0,0.0,0.0,0.0,0.0,0.0,0.0,0.0,0.0,0.0,0.0,0.0,0.0,0.0,0.0,0.0,0.0,0.0,0.0,0.0,0.0,0.0,0.0,0.0,0.0,0.0,0.0,0.0,0.0,0.0,0.0,0.0,0.0,0.0,0.0,0.0,0.0,0.0,0.0,0.0,0.0,0.0,0.0,0.0,0.0,0.0,0.0,0.0,0.0,0.0,0.0,0.0,0.0,0.0,0.0,0.0,0.0,0.0,0.0,0.0,0.0,0.0,0.0,0.0,0.0,0.0,0.0,0.0,0.0,0.0,0.0,0.0,0.0,0.0,0.0,0.0,0.0,0.0,0.0,0.0,0.0,0.0,0.0,0.0,0.0,0.0,0.0,0.0,0.0,0.0,0.0,0.0,0.0,0.0,0.0,0.0,0.0,0.0,0.0,0.0,0.0,0.0,0.0
1481,0.0,0.0,0.0,0.0,0.0,0.0,0.0,0.0,0.0,0.0,0.0,0.0,0.0,0.0,0.0,0.0,0.0,0.0,0.0,0.0,0.0,0.0,0.0,0.0,0.0,0.0,0.0,0.0,0.0,0.0,0.0,0.2915615141391754,0.0,0.0,0.0,0.0,0.0,0.0,0.0,0.0,0.0,0.0,0.0,0.0,0.0,0.0,0.0,0.0,0.0,0.0,0.0,0.0,0.0,0.0,0.0,0.0,0.0,0.0,0.0,0.0,0.0,0.0,0.0,0.0,0.0,0.0,0.0,0.0,0.0,0.0,0.0,0.0,0.0,0.0,0.0,0.0,0.0,0.0,0.0,0.0,0.0,0.0,0.0,0.0,0.0,0.0,0.0,0.0,0.0,0.0,0.0,0.0,0.0,0.0,0.0,0.0,0.0,0.0,0.0,0.0,0.0,0.0,0.0,0.0,0.0,0.0,0.0,0.0,0.0,0.0,0.0,0.0,0.0,0.0,0.0,0.0,0.0,0.0,0.0,0.0,0.0,0.0,0.0,0.0,0.0,0.0,0.0,0.0
1485,0.0691822841763496,0.0,0.0,0.0869371518492698,0.0,0.0,0.0,0.8429886698722839,0.0,0.0,0.0750715062022209,0.0,0.0297864731401205,0.0,0.0428734011948108,0.0,0.0,0.246765911579132,0.0,0.0,0.0,0.0,0.0,0.0,0.1099013835191726,0.0731761455535888,0.0,0.0,0.222557708621025,0.1026507318019867,0.065189279615879,0.1120164021849632,0.0517338998615741,0.0902286395430564,0.0,0.0,0.0,0.0,0.1081827729940414,0.0,0.0576096437871456,0.0,0.1643458902835846,0.0,0.0,0.0954388976097107,0.0887151136994361,0.0,0.0,0.0539165362715721,0.0777496322989463,0.9692811965942384,0.1768520325422287,0.0463694520294666,0.0943917036056518,0.1043489128351211,0.0,0.0,0.0427615381777286,0.1275547444820404,0.0,0.0083843749016523,0.0,0.0,0.0,0.0,0.123595006763935,0.0,0.119571678340435,0.0,0.0,0.0,0.0792889073491096,0.0,0.0,0.0901608690619468,0.0457841828465461,0.7392392158508301,0.0,0.2708388268947601,0.0207124892622232,0.3513840436935425,0.0488884001970291,0.0929619297385215,0.0,0.0,0.1751869022846222,0.0,0.0,0.0,0.0,0.0732607394456863,0.0937206447124481,0.0,0.0,0.1422407776117324,0.0895508304238319,0.1220844462513923,0.0,0.0,0.1468342989683151,0.0,0.0,0.0,0.0,0.9432095289230348,0.0,0.0,0.0551118738949298,0.0,0.1143014580011367,0.0464632213115692,0.2324708849191665,0.1362469345331192,0.0,0.1022273227572441,0.7055975794792175,0.0,0.0,0.080558106303215,0.3184727132320404,0.0,0.1360514461994171,0.1197674870491027,0.2009392529726028,0.5302512645721436,0.6794145107269287,0.0
1486,0.0,0.0,0.0,0.0,0.0,0.0,0.0,0.0,0.0,0.0,0.0,0.0,0.0,0.0,0.0,0.0,0.0367001667618751,0.0,0.0,0.2728686928749084,0.0,0.0,0.0,0.1940682530403137,0.2963669896125793,0.0,0.0,0.1617069989442825,0.0211410000920295,0.0,0.0,0.0,0.1053902506828308,0.0,0.0214453991502523,0.0,0.0,0.0,0.0,0.0,0.050845667719841,0.1851579993963241,0.0,0.0,0.0,0.0,0.0,0.112479344010353,0.0,0.0,0.0,0.0,0.4323607683181762,0.0,0.0,0.0,0.0,0.0,0.0,0.0,0.0323490016162395,0.0,0.0,0.0,0.0,0.0,0.0,0.0,0.0,0.0,0.0,0.0,0.0,0.0,0.1627256721258163,0.1856212615966797,0.0,0.0,0.0,0.0,0.1615566611289978,0.0,0.2101211547851562,0.0613907165825367,0.0128542501479387,0.0,0.0,0.0,0.0,0.3492805063724518,0.0,0.0,0.0,0.0,0.0,0.0446344017982482,0.1872194111347198,0.0,0.0,0.0,0.0815310031175613,0.0,0.0,0.0,0.0,0.0,0.0907613337039947,0.0,0.0,0.0,0.3746885061264038,0.0,0.0,0.0,0.0,0.0,0.0,0.0,0.0,0.0,0.0,0.0,0.0,0.0,0.103442333638668,0.0,0.1382645070552826,0.0
1500,0.0,0.0,0.0,0.0,0.0,0.0,0.0,0.0,0.0,0.0,0.0,0.0,0.0,0.0,0.0,0.0,0.0,0.0,0.0,0.0,0.0,0.0,0.0,0.0,0.0,0.0,0.0,0.0,0.0,0.0,0.0,0.0,0.0,0.0,0.0,0.0,0.0,0.0,0.0,0.0,0.0,0.0,0.0,0.0,0.0,0.0,0.0,0.0,0.0,0.0,0.0,0.0,0.0,0.0,0.0,0.0,0.0,0.0,0.0,0.0,0.0,0.0,0.0,0.0,0.0,0.0,0.0,0.0,0.0,0.0,0.0,0.0,0.0,0.0,0.094169333577156,0.0,0.0,0.0,0.0,0.0,0.0,0.0,0.0,0.0,0.0,0.0,0.0,0.0,0.0,0.0,0.0,0.0,0.0,0.0,0.082263246178627,0.0,0.0,0.0,0.0,0.0,0.0,0.0,0.0,0.0,0.0,0.0,0.0,0.0,0.0,0.0,0.0,0.0,0.0,0.0,0.0,0.0,0.0,0.0,0.0,0.0,0.0,0.0,0.0,0.0,0.0,0.0,0.0,0.0
1501,0.0861762762069702,0.0380756966769695,0.0,0.0,0.0,0.0,0.0320116840302944,0.1231468841433525,0.0,0.0,0.0,0.0,0.0,0.0,0.0,0.1077952235937118,0.0571604631841182,0.1478782147169113,0.0,0.0559807047247886,0.0405483953654766,0.0,0.0,0.105666846036911,0.1659846156835556,0.0,0.0,0.0,0.1376252174377441,0.0921797156333923,0.0,0.0,0.0691552013158798,0.099432960152626,0.0,0.1494061201810836,0.0,0.1124255061149597,0.0,0.0,0.1169545352458953,0.0,0.1848253905773162,0.0473501682281494,0.0,0.0,0.0,0.0,0.154353529214859,0.0317685343325138,0.0449652671813964,0.0676406398415565,0.0,0.0,0.0,0.0,0.1095653772354126,0.0230094101279974,0.102352887392044,0.0,0.0,0.0,0.0,0.0,0.0,0.0,0.0437870696187019,0.0,0.1121700629591941,0.0900042653083801,0.0502372980117797,0.1629447042942047,0.0,0.0240630935877561,0.1080730780959129,0.0,0.0,0.0,0.077662892639637,0.0,0.1052821576595306,0.0,0.0666925460100174,0.2732616364955902,0.0,0.0,0.0,0.0593421310186386,0.1153220981359481,0.0730869323015213,0.0,0.0,0.0,0.0926084816455841,0.0,0.0690848305821418,0.14109767973423,0.0,0.0,0.0,0.089248277246952,0.0,0.1337736248970031,0.0641964152455329,0.0,0.1278280913829803,0.0787184163928031,0.1965470612049102,0.1319027543067932,0.0,0.147041454911232,0.0,0.0,0.0877064540982246,0.0,0.0776891484856605,0.0,0.0,0.0582970194518566,0.1173808202147483,0.1967597007751464,0.0738188624382019,0.0,0.0667159110307693,0.2239979058504104,0.0950448885560035,0.1173948347568512,0.0
1507,0.0,0.0,0.0,0.0,0.0,0.0,0.0,0.0,0.0,0.0,0.0,0.0,0.0,0.0,0.0,0.0,0.0,0.0,0.0,0.0,0.0,0.0,0.0,0.0,0.0,0.0,0.0,0.0,0.0,0.0,0.0,0.0,0.0,0.0,0.0,0.0,0.0,0.0,0.0,0.0,0.0,0.0,0.0,0.0,0.0,0.0,0.0,0.0,0.0,0.0,0.0,0.0,0.0,0.0,0.0,0.0,0.0,0.0,0.0,0.0,0.0,0.0,0.0,0.0,0.0,0.0,0.0,0.0,0.0,0.0,0.0,0.0,0.0,0.0,0.0,0.0,0.0,0.0,0.0,0.0,0.0,0.0,0.0,0.0,0.0,0.0,0.0,0.0,0.0,0.0,0.0,0.0,0.0,0.0,0.0,0.0,0.0,0.0,0.0,0.0,0.0,0.0,0.0,0.0,0.0,0.0,0.0,0.0,0.0,0.0,0.0,0.0,0.0,0.0,0.0,0.0,0.0,0.0,0.0,0.0,0.0,0.0,0.0,0.0,0.0,0.0,0.0,0.0
1515,0.9869572520256042,0.9806129932403564,0.0,0.0,0.9495260119438172,0.6594834923744202,0.0,0.0,0.9907090067863464,0.0,0.0,0.0,0.0,0.0,0.0,0.0,0.0,0.9815806746482848,0.953503966331482,0.0,0.0,0.0,0.9782742261886596,0.7725455164909363,0.989066481590271,0.9945189952850342,0.0,0.9765712022781372,0.0,0.970333456993103,0.9997940063476562,0.9909965395927428,0.0,0.8244684934616089,0.99519145488739,0.0,0.9889174699783324,0.0,0.9788914918899536,0.0,0.0,0.0,0.0,0.0,0.9827463626861572,0.9728342294692992,0.0,0.986409604549408,0.9797710180282592,0.0960849970579147,0.765201985836029,0.9924070239067078,0.0,0.9713209867477416,0.0,0.9939481616020204,0.9271206259727478,0.3217830061912536,0.2535616755485534,0.0,0.8648180961608887,0.0,0.9672629833221436,0.9395439624786376,0.0,0.9916433691978456,0.978656530380249,0.8250622749328613,0.9841665029525756,0.0,0.0,0.8011580109596252,0.988286018371582,0.0,0.0,0.0,0.7915212512016296,0.6946460008621216,0.8869045376777649,0.5759650468826294,0.1829929947853088,0.7240018844604492,0.9713574647903442,0.9395639896392822,0.0,0.0,0.0,0.9857520461082458,0.0,0.9998390078544616,0.0,0.0,0.2248719930648803,0.0,0.9828278422355652,0.0450326651334762,0.9827512502670288,0.0,0.0,0.3051030039787292,0.8990641832351685,0.8775822520256042,0.0,0.9914120435714722,0.0,0.0,0.0,0.9692929983139038,0.0,0.6463301777839661,0.9627829790115356,0.9567329287528992,0.9487488865852356,0.0907899960875511,0.9839934706687928,0.0,0.0,0.9880380034446716,0.9753732681274414,0.0,0.988057017326355,0.7847270369529724,0.0,0.9962016344070436,0.9863433241844176,0.0,0.0,0.5471130609512329
1517,0.0,0.0,0.0,0.0,0.0,0.0,0.0,0.0,0.0,0.0,0.0,0.0,0.0,0.0,0.0,0.0,0.0,0.0,0.0,0.0,0.0,0.0,0.0,0.0,0.0,0.0,0.0,0.0,0.0,0.0,0.0,0.0,0.0,0.0,0.0,0.0,0.0,0.0,0.0,0.0,0.0,0.0,0.0,0.0,0.0,0.0,0.0,0.0,0.0,0.0,0.0,0.0,0.0,0.0,0.0,0.0,0.0,0.0,0.0,0.0,0.0,0.0,0.0,0.0,0.0,0.0,0.0,0.0,0.0,0.0,0.0,0.0,0.0,0.0,0.0,0.0,0.0,0.0,0.0,0.0,0.0,0.0,0.0,0.0,0.0,0.0,0.0,0.0,0.0,0.0,0.0,0.0,0.0,0.0,0.0,0.0,0.0,0.0,0.0,0.0,0.0,0.0,0.0,0.0,0.0,0.0,0.0,0.0,0.0,0.0,0.0,0.0,0.0,0.0,0.0,0.0,0.0,0.0,0.0,0.0,0.0,0.0,0.0,0.0,0.0,0.0,0.0,0.0
1518,0.0,0.0,0.0,0.0,0.0,0.0,0.0,0.0,0.0,0.0,0.0,0.0,0.0,0.0,0.0,0.0,0.0,0.0,0.0,0.0,0.0,0.0,0.0,0.0,0.0,0.0,0.0,0.0,0.0,0.0,0.0,0.0,0.0,0.0,0.0,0.0,0.0,0.0,0.0,0.0,0.0,0.0,0.0,0.3777374923229217,0.0,0.0,0.0,0.0,0.0,0.0,0.0,0.0,0.0,0.0,0.0,0.0370949991047382,0.0,0.0,0.0,0.0,0.0,0.0,0.0,0.0,0.0,0.0,0.0,0.0,0.0,0.0,0.0,0.0,0.0,0.0,0.0,0.0,0.0,0.0,0.0,0.0821819975972175,0.0,0.0,0.0,0.0,0.0,0.0,0.0,0.0,0.0,0.0,0.0,0.0,0.0,0.0,0.0490829981863498,0.0,0.0,0.0,0.0736109986901283,0.0,0.0,0.0,0.0,0.0,0.0,0.0,0.0,0.0,0.0,0.1510490030050277,0.0,0.0,0.0,0.0,0.0,0.0,0.0,0.0,0.0,0.0,0.0,0.0,0.0,0.0,0.0,0.0,0.0,0.0
1532,0.0,0.0,0.0,0.0,0.0,0.0,0.0,0.0,0.0,0.0,0.0,0.0,0.0,0.0,0.0,0.0,0.0225438885390758,0.0,0.0,0.0,0.0,0.0,0.0,0.0141905453056097,0.0,0.0,0.0,0.0,0.0,0.0,0.0,0.0,0.0,0.0,0.0,0.0,0.0,0.0,0.0,0.0,0.0,0.0,0.0,0.0,0.0,0.0,0.0,0.0,0.0,0.0,0.0,0.0,0.0,0.0,0.0,0.0,0.0,0.0,0.0,0.0,0.0,0.0,0.0,0.0,0.0,0.0,0.0,0.0,0.0,0.0,0.0,0.0,0.0,0.0004664000298362,0.0,0.0,0.0,0.0,0.0,0.0,0.0,0.0,0.0,0.0,0.0,0.0,0.0,0.0,0.0,0.0,0.0,0.0,0.0,0.0,0.0,0.0,0.0,0.0,0.0,0.0,0.0,0.0,0.0,0.0,0.0,0.0,0.0,0.0,0.0,0.0466844998300075,0.0,0.0,0.0,0.0,0.0,0.0,0.0,0.0,0.0,0.0,0.0,0.0,0.0,0.0,0.0,0.0,0.0,0.0
1533,0.0,0.0,0.1135568022727966,0.0,0.0,0.0,0.0,0.0,0.0,0.0,0.0,0.0,0.0,0.0,0.0,0.0,0.0,0.0866442695260047,0.0,0.0,0.0,0.0,0.0,0.0,0.0,0.0,0.0,0.0,0.0,0.0,0.0,0.0,0.0,0.0,0.0,0.0,0.0,0.0,0.0,0.0,0.0,0.0,0.0,0.0,0.0,0.0667833685874939,0.0,0.0,0.0,0.0,0.0,0.0,0.0,0.0,0.0,0.0,0.0,0.0,0.0,0.0,0.0096100009977817,0.0140314288437366,0.0,0.0,0.0,0.0,0.0,0.0,0.0,0.0,0.0,0.0,0.0,0.0,0.0,0.0,0.0,0.0,0.0,0.0,0.0,0.0,0.0,0.0,0.0,0.0,0.0083237998187541,0.0,0.0,0.0,0.0,0.0,0.0,0.0,0.0,0.0,0.0,0.0,0.0,0.0,0.0,0.0,0.0,0.0,0.0,0.0,0.0,0.0,0.0,0.0,0.0,0.0,0.0,0.0,0.0,0.0,0.0,0.0,0.0,0.0,0.0,0.0,0.0,0.0,0.0,0.0,0.0,0.0
1538,0.0,0.0,0.0,0.0,0.0,0.0,0.0,0.0,0.0,0.0,0.0,0.0,0.0,0.0,0.0,0.0,0.0,0.0,0.0,0.0,0.0,0.0,0.0,0.0,0.0,0.0,0.0,0.0,0.0,0.0,0.0,0.0,0.0,0.0,0.0,0.0,0.0,0.0,0.0,0.0,0.0,0.0,0.0,0.0,0.0,0.0,0.0,0.0,0.0,0.0,0.0366350002586841,0.0,0.0,0.0,0.0,0.0,0.0,0.0,0.0,0.0,0.0,0.0,0.0,0.0,0.0,0.0,0.0,0.0,0.0,0.0,0.0,0.0,0.0,0.0,0.0,0.0,0.0,0.0,0.0,0.0,0.0,0.0,0.0,0.0,0.0,0.0,0.0,0.0,0.0,0.0,0.0,0.0300290025770664,0.0,0.0,0.0,0.0,0.0,0.0,0.0,0.0,0.0,0.0,0.0,0.0,0.0,0.0,0.0,0.0,0.0,0.0,0.0,0.0,0.0,0.0,0.0,0.0,0.0,0.0,0.0,0.0,0.0,0.0,0.0,0.0,0.0,0.0459065996110439,0.0,0.0
1540,0.0,0.0,0.1690659373998642,0.0,0.0,0.1007867529988288,0.0,0.0965651497244834,0.0,0.0,0.0,0.0,0.0,0.0,0.1640381813049316,0.0,0.1717911511659622,0.08244189620018,0.0,0.0,0.0,0.2144943475723266,0.0,0.1312393248081207,0.1750247925519943,0.3436352908611297,0.0,0.1459283828735351,0.0,0.1147998198866844,0.1000709310173988,0.0,0.0,0.0,0.0,0.3037272095680237,0.0,0.3258624076843261,0.0,0.127697616815567,0.1557531207799911,0.0,0.1611652076244354,0.0,0.1073887348175048,0.0,0.0,0.0905508175492286,0.057088479399681,0.0,0.1699953377246856,0.1983226984739303,0.1643003970384597,0.0,0.2800300717353821,0.0859226807951927,0.0,0.0,0.1539804935455322,0.0,0.0,0.2852880358695984,0.3144114911556244,0.0,0.0,0.3008646667003631,0.1312659680843353,0.1632459610700607,0.1369753628969192,0.1146027743816375,0.0,0.0626701042056083,0.225346177816391,0.0,0.0,0.0,0.1450376063585281,0.0,0.0,0.0818626284599304,0.0574360340833663,0.1483186483383178,0.0,0.0,0.0,0.0,0.0439400561153888,0.0,0.0,0.1274079382419586,0.1316398531198501,0.1671886593103408,0.2150112092494964,0.1557839959859848,0.0967701002955436,0.0,0.0521695204079151,0.1655293554067611,0.0,0.0,0.2133687436580658,0.0,0.1480373591184616,0.3709050118923187,0.0,0.0,0.0,0.0,0.0,0.0,0.0,0.1162279918789863,0.1611732691526413,0.2510895729064941,0.0,0.1850073635578155,0.2003045976161956,0.0,0.0,0.1768094003200531,0.1114121451973915,0.0,0.1643230468034744,0.2328717708587646,0.1356495916843414,0.0,0.0964093208312988,0.0
1542,0.0,0.0,0.0,0.0,0.0,0.0,0.0,0.0,0.0,0.0,0.0,0.0,0.0,0.0,0.0,0.0,0.0,0.0,0.0,0.0,0.0,0.0,0.0,0.0,0.0,0.0,0.0,0.0,0.0,0.0,0.0,0.0,0.0,0.0,0.0,0.0,0.0,0.0,0.0,0.0,0.0,0.0,0.0,0.0,0.0,0.0,0.0,0.0,0.0,0.0,0.0,0.0,0.0,0.0,0.0,0.0,0.0,0.0,0.0,0.0,0.0,0.0,0.0,0.0,0.0,0.0,0.0,0.0,0.0,0.0,0.0,0.0,0.0,0.0,0.0,0.0,0.0,0.0,0.0,0.0,0.0,0.0,0.0,0.0,0.0,0.0,0.0,0.0,0.0,0.0,0.0,0.0,0.0,0.0,0.0,0.0,0.0,0.0,0.0,0.0,0.0,0.0,0.0,0.0,0.0,0.0,0.0,0.0,0.0,0.0,0.0,0.0,0.0,0.0,0.0,0.0,0.0,0.0,0.0,0.0,0.0,0.0,0.0,0.0,0.0,0.0,0.0,0.0
1547,0.0,0.0,0.1269627809524536,0.0,0.0,0.4673775136470794,0.0,0.0,0.0,0.0,0.1537407785654068,0.0,0.1885558813810348,0.4149232506752014,0.1582177281379699,0.0471149459481239,0.0,0.0,0.2033875584602356,0.0651673600077629,0.2017676681280136,0.2818866372108459,0.0,0.0,0.0,0.0,0.0,0.0,0.0,0.2052165865898132,0.0,0.0,0.1332614421844482,0.0,0.1644376218318939,0.2215587347745895,0.0,0.0,0.2093297094106674,0.2698022723197937,0.2312689870595932,0.0,0.0,0.1859952062368393,0.0,0.3523292243480682,0.0616600140929222,0.0,0.145031526684761,0.3030765950679779,0.2214241772890091,0.212566003203392,0.2588107883930206,0.0230324901640415,0.0,0.0,0.0,0.4445949494838714,0.2816263437271118,0.1601570397615432,0.2453708350658416,0.0,0.0565435141324996,0.0,0.2359954714775085,0.0,0.0,0.1995178610086441,0.0,0.0,0.0,0.1643685102462768,0.1140893697738647,0.4308831691741943,0.1795546114444732,0.309106171131134,0.1895850300788879,0.1171285435557365,0.2239458858966827,0.0,0.2445257157087326,0.353603184223175,0.2861043810844421,0.0,0.3026856780052185,0.1772898733615875,0.0,0.3896515369415283,0.0,0.2176618576049804,0.2334470003843307,0.3250378966331482,0.1632725894451141,0.2099344283342361,0.0,0.3204244077205658,0.2015158534049987,0.0,0.0,0.0464505702257156,0.2008092552423477,0.2195817083120346,0.3976324796676636,0.1990331709384918,0.0,0.2136980295181274,0.0,0.0925827771425247,0.0,0.1705524921417236,0.1788968592882156,0.1449204236268997,0.0,0.1349613517522812,0.0481296889483928,0.0,0.1709343194961547,0.0,0.2291466146707534,0.2175468951463699,0.3715954422950744,0.3261514008045196,0.0,0.0,0.0821533575654029,0.0,0.1970089673995971,0.3039495944976806
1558,0.0,0.0,0.0,0.0,0.0,0.0,0.0,0.0,0.0,0.0,0.0,0.0,0.0,0.0,0.0,0.0,0.0,0.0,0.0,0.0,0.0,0.0,0.0,0.0,0.0,0.0,0.0,0.0,0.0,0.0,0.0,0.0,0.0,0.0,0.0,0.0,0.0,0.0,0.0,0.0,0.0,0.0,0.0,0.0,0.0,0.0550351031124591,0.0,0.0,0.0,0.0355307161808013,0.0,0.0,0.0,0.0,0.0,0.0,0.0,0.0873622968792915,0.0,0.0111708575859665,0.0,0.0,0.0,0.0,0.0,0.0,0.0,0.0,0.0,0.0,0.0,0.0,0.0,0.0,0.0,0.0,0.0,0.0,0.0,0.0,0.0,0.0,0.0,0.0,0.0,0.0,0.0,0.0,0.0427348054945468,0.0,0.0,0.0,0.0,0.0,0.0,0.0,0.0,0.0,0.0,0.0,0.0,0.0,0.0,0.0,0.0,0.0,0.0,0.0,0.0,0.0,0.0,0.0,0.0,0.0,0.0,0.0,0.0170016009360551,0.0,0.0,0.0,0.0,0.0,0.0,0.0,0.0,0.0,0.0,0.0
1560,0.1084949597716331,0.0,0.0392134450376033,0.0372574999928474,0.0209059994667768,0.0,0.2601309418678283,0.8337904214859009,0.0,0.4161952435970306,0.0,0.8597487807273865,0.540691614151001,0.0,0.0,0.731608510017395,0.0,0.5606978535652161,0.0,0.381525456905365,0.0,0.0,0.0,0.0,0.0,0.0,0.0698877498507499,0.0,0.0,0.0,0.4564679265022278,0.0,0.0,0.0156528577208518,0.0206550024449825,0.0,0.0,0.0482877492904663,0.0,0.0,0.0,0.0,0.0806566178798675,0.0,0.0683013349771499,0.0,0.1332453340291977,0.0,0.0,0.0415627509355545,0.4351550042629242,0.7087753415107727,0.6640908122062683,0.0,0.4066757261753082,0.0,0.0,0.7781968116760254,0.0,0.0866901278495788,0.0,0.0253136251121759,0.0,0.0,0.5392654538154602,0.0,0.0,0.0,0.0,0.476351261138916,0.0,0.0,0.0,0.0,0.0347194299101829,0.6798651814460754,0.0,0.0,0.0370420180261135,0.2526665031909942,0.0,0.0,0.1184030026197433,0.0618137679994106,0.1785601824522018,0.0,0.0,0.06288942694664,0.0,0.0,0.0,0.0,0.0,0.1039899960160255,0.0,0.0,0.0,0.1323346495628357,0.0,0.0,0.0,0.0,0.0830018371343612,0.0,0.0799863338470459,0.142873615026474,0.0,0.0,0.1410248875617981,0.0,0.0652270019054412,0.0,0.184341624379158,0.0,0.0,0.5828102827072144,0.0,0.0361392237246036,0.0,0.0409458354115486,0.5050635933876038,0.0,0.0864546746015548,0.0,0.7634286284446716,0.7016894221305847,0.0,0.0392110012471675
1575,0.0,0.0,0.0,0.0,0.0,0.0,0.0,0.0,0.0,0.0,0.0,0.0,0.0,0.0,0.0,0.0,0.0,0.0,0.0,0.0,0.0,0.0,0.0,0.0,0.0,0.0,0.0,0.0,0.0,0.0,0.0,0.0,0.0,0.0,0.0,0.0,0.0,0.0,0.0,0.0,0.0,0.0,0.0,0.0,0.0,0.0,0.0,0.0,0.0,0.0,0.0,0.0,0.0,0.0,0.0,0.0,0.0,0.0,0.0,0.0,0.0,0.0,0.0,0.0,0.0,0.0,0.0,0.0,0.0,0.0,0.0,0.0,0.0,0.0,0.0,0.0,0.0,0.0,0.0,0.0,0.0,0.0,0.0,0.0,0.0,0.0,0.0,0.0,0.0,0.0,0.0,0.0,0.0,0.0,0.0,0.0,0.0,0.0,0.0,0.0,0.0,0.0,0.0,0.0,0.0,0.0,0.0,0.0,0.0,0.0,0.0,0.0,0.0,0.0,0.0,0.0,0.0,0.0,0.0,0.0,0.0,0.0,0.0,0.0,0.0,0.0,0.0,0.0
1576,0.0111800013110041,0.0,0.0303343087434768,0.0,0.0601530037820339,0.0,0.0,0.1275637447834015,0.0344220027327537,0.5010861158370972,0.0869547203183174,0.1510357111692428,0.0394694171845912,0.0106299994513392,0.0,0.0,0.0,0.4624699354171753,0.2796088755130768,0.0,0.1623037010431289,0.1946407258510589,0.0487616956233978,0.3477325141429901,0.5137456655502319,0.0428900979459285,0.0116006769239902,0.0283474028110504,0.565581738948822,0.4089143574237823,0.4152264893054962,0.1467937529087066,0.0,0.0732077732682228,0.6218700408935547,0.0242212992161512,0.0893796980381012,0.0876445770263671,0.230739951133728,0.2227223664522171,0.2805421650409698,0.0783100873231887,0.0650864019989967,0.2120100855827331,0.263124942779541,0.1396641433238983,0.6413645148277283,0.0,0.0,0.0321941748261451,0.0069783339276909,0.4453306794166565,0.2024652063846588,0.2740235030651092,0.1611940115690231,0.0213958751410245,0.1535283029079437,0.0398650020360946,0.1340929418802261,0.0189198013395071,0.0,0.0,0.2846855223178863,0.0,0.3501016795635223,0.2350548356771469,0.0,0.0,0.5408356189727783,0.0091930916532874,0.0,0.0,0.0170562025159597,0.2239429354667663,0.0,0.3865301012992859,0.0,0.0,0.5102510452270508,0.6627531051635742,0.0764900892972946,0.4826357960700989,0.0,0.0,0.0,0.0,0.3098995387554168,0.0160235725343227,0.0,0.029538182541728,0.0436557494103908,0.1052151769399643,0.0195786673575639,0.1824508905410766,0.0,0.0560396201908588,0.1896909028291702,0.0342260412871837,0.0094739999622106,0.0,0.0826851949095726,0.0,0.2092568725347519,0.0769811123609542,0.1804665476083755,0.0242344550788402,0.0,0.8261700868606567,0.0884284153580665,0.5284711122512817,0.2222542017698288,0.384369432926178,0.0195102505385875,0.2472268790006637,0.1509071439504623,0.0,0.2937473654747009,0.0493507832288742,0.2078568488359451,0.1684018224477768,0.2037137001752853,0.6278882026672363,0.1261785328388214,0.0,0.0296468008309602,0.3775460124015808,0.2209056466817855,0.2100836783647537
1587,0.0,0.0,0.0,0.0,0.0,0.0,0.0,0.0,0.0,0.0,0.0,0.0,0.0,0.0,0.0,0.0,0.0,0.0,0.0,0.0,0.0,0.0,0.0,0.0,0.0,0.0,0.0,0.0,0.0,0.0,0.0,0.0,0.0,0.0,0.0,0.0,0.0,0.0,0.0,0.0,0.0,0.0,0.0,0.0,0.0,0.0,0.0,0.0,0.0,0.0,0.0,0.0,0.0,0.0,0.0,0.0,0.0,0.0,0.0,0.0,0.0,0.0,0.0,0.0,0.0,0.0,0.0,0.0,0.0,0.0,0.0,0.0,0.0,0.0,0.0,0.0,0.0,0.0,0.0,0.0,0.0,0.0,0.0,0.0,0.0,0.0,0.0,0.0,0.0,0.0,0.0,0.0,0.0,0.0,0.0,0.0,0.0,0.0,0.0,0.0,0.0,0.0,0.0,0.0,0.0,0.0,0.0,0.0,0.0,0.0,0.0,0.0,0.0,0.0,0.0,0.0,0.0,0.0,0.0,0.0,0.0,0.0,0.0,0.0,0.0,0.0,0.0,0.0
1588,0.0,0.0,0.0,0.0,0.0,0.0,0.0,0.0,0.0,0.0,0.0,0.0,0.0,0.0,0.0,0.0,0.0715392529964447,0.0,0.0,0.0529100000858306,0.0,0.0,0.0,0.0,0.0,0.0,0.0,0.0,0.0,0.0,0.0,0.0,0.0,0.0705353990197181,0.0,0.0,0.0,0.0,0.0,0.0,0.0738670006394386,0.0,0.0,0.0,0.0,0.0686217471957206,0.0,0.0,0.0,0.0,0.0,0.0,0.0,0.0,0.0,0.0,0.0,0.0,0.0,0.0,0.0,0.0,0.0,0.0,0.0,0.0,0.0,0.0,0.0,0.0,0.0,0.0,0.0,0.0,0.0,0.0,0.0,0.0,0.0,0.0,0.0,0.0,0.0,0.0,0.0,0.0,0.0,0.0,0.0,0.0,0.0,0.0,0.0,0.0,0.0,0.0,0.0,0.0,0.0,0.0,0.0,0.0,0.0,0.0,0.0,0.0,0.0,0.0,0.0,0.0,0.0,0.0,0.0,0.0,0.0,0.0,0.0,0.0,0.0,0.0,0.0,0.0,0.0,0.0,0.0,0.0295119993388652,0.0,0.0
1589,0.0,0.0,0.0,0.0,0.0,0.0,0.0,0.0,0.0,0.0,0.0,0.0,0.0,0.0,0.0,0.0,0.0,0.0,0.0,0.0,0.0,0.0,0.0,0.0,0.0,0.0,0.0,0.0,0.0,0.0,0.0,0.0,0.0,0.0,0.0,0.0,0.0,0.0,0.0,0.0,0.0,0.0,0.0,0.0,0.0,0.0,0.0,0.0,0.0,0.0,0.0,0.0,0.0,0.0,0.0,0.0,0.0,0.0,0.0,0.0,0.0,0.0,0.0,0.0,0.0,0.0,0.0,0.0,0.0,0.0,0.0,0.0,0.0,0.0,0.0,0.0,0.0,0.0,0.0,0.0,0.0,0.0,0.0,0.0,0.0,0.0,0.0,0.0,0.0,0.0,0.0,0.0,0.0,0.0,0.0,0.0,0.0,0.0,0.0,0.0,0.0,0.0,0.0,0.0,0.0,0.0,0.0,0.0,0.0,0.0,0.0,0.0,0.0,0.0,0.0,0.0,0.0,0.0,0.0,0.0,0.0,0.0,0.0,0.0,0.0,0.0,0.0,0.0
1591,0.2428548634052276,0.2894907891750335,0.3265668749809265,0.4061986207962036,0.8326699137687683,0.1906473934650421,0.3558856248855591,0.4431142807006836,0.3100196421146393,0.1849762499332428,0.3130060732364654,0.7548235058784485,0.2140072435140609,0.4799510836601257,0.5384395122528076,0.2002682983875274,0.8137378096580505,0.1648896187543869,0.6780070662498474,0.2351919561624527,0.0216695554554462,0.4891289472579956,0.8255677819252014,0.258575826883316,0.2725333869457245,0.3001959025859833,0.6432258486747742,0.1429750025272369,0.0198647659271955,0.2936868369579315,0.156933844089508,0.2320737242698669,0.226231575012207,0.3051298558712005,0.2975684702396393,0.8399021029472351,0.882652759552002,0.1913584917783737,0.2036280781030655,0.2343805283308029,0.300015926361084,0.7298107147216797,0.2318270653486251,0.3940585851669311,0.2173165082931518,0.7871553897857666,0.1492133736610412,0.8035814166069031,0.1427825838327407,0.2523178458213806,0.1885875463485717,0.2584399282932281,0.229098692536354,0.2314129322767257,0.3766060769557953,0.1539122611284256,0.5276073217391968,0.3164243400096893,0.1889802664518356,0.1792637854814529,0.2113331258296966,0.5102412104606628,0.1706521213054657,0.2480441629886627,0.0970004498958587,0.8991701006889343,0.346531480550766,0.5404263734817505,0.0387320704758167,0.3712649643421173,0.4599446356296539,0.8600759506225586,0.3820711374282837,0.2687666416168213,0.594142735004425,0.3469442129135132,0.2211191803216934,0.2333831340074539,0.0642648264765739,0.3212047815322876,0.116728201508522,0.2397100180387497,0.5121492743492126,0.2652044594287872,0.1422270685434341,0.7404197454452515,0.2956041693687439,0.2187831848859787,0.169317677617073,0.62041175365448,0.2255388349294662,0.2402864843606948,0.7785338163375854,0.1410406529903412,0.2372061163187027,0.2022841274738311,0.1495893746614456,0.7487847208976746,0.0286226402968168,0.8250044584274292,0.1191680580377578,0.490953117609024,0.0776207819581031,0.6060250401496887,0.2856304049491882,0.1166854351758956,0.1436765342950821,0.445874273777008,0.5196053385734558,0.166577011346817,0.0106968814507126,0.1622209250926971,0.3035704791545868,0.3409290313720703,0.3454129993915558,0.2963752746582031,0.2349685281515121,0.1648638248443603,0.4615029096603393,0.1959524303674698,0.2246453762054443,0.1679582893848419,0.8409553170204163,0.2151973694562912,0.6951763033866882,0.156542420387268,0.6342329978942871,0.4547061920166015
1592,0.0,0.0309497490525245,0.0,0.0,0.0,0.0341189987957477,0.0455518029630184,0.0,0.0127004999667406,0.0,0.0870445147156715,0.0,0.0,0.0,0.0,0.0438713356852531,0.0,0.0,0.1330445110797882,0.0683960020542144,0.0427432507276535,0.0,0.0727392062544822,0.0,0.0650507509708404,0.0,0.0,0.0,0.0690292492508888,0.0,0.0,0.0,0.0,0.1409142464399337,0.0,0.0,0.0253894999623298,0.0,0.0,0.4265152513980865,0.0708779990673065,0.0,0.0,0.0,0.0,0.1828278601169586,0.0,0.0,0.0,0.0,0.0,0.0,0.0,0.4440704882144928,0.0,0.0,0.0,0.1383207142353058,0.0,0.0,0.0947896018624305,0.1101842522621154,0.0,0.0,0.0,0.0,0.0,0.0,0.0,0.0728386640548706,0.0,0.0,0.0,0.0,0.0,0.0746140033006668,0.0,0.3885335028171539,0.0,0.0,0.2059688717126846,0.0,0.0,0.0,0.0,0.2104682624340057,0.0,0.2099875062704086,0.0,0.0615025572478771,0.1449813693761825,0.0,0.0,0.0,0.0,0.0,0.0,0.0,0.0,0.0822972878813743,0.0,0.1169226020574569,0.0,0.0756547152996063,0.0,0.0356030017137527,0.0655342489480972,0.0425406657159328,0.0,0.0,0.1382614970207214,0.0379942506551742,0.0189650002866983,0.0,0.0255407504737377,0.0,0.0623194985091686,0.0,0.0,0.0500300005078315,0.0,0.0,0.0,0.0,0.0,0.0,0.0,0.0
1595,0.0,0.0,0.0,0.0,0.0,0.0,0.0,0.0,0.0,0.0,0.0,0.0,0.0,0.0,0.0,0.0,0.0,0.0,0.0,0.0,0.0,0.0,0.0,0.0,0.0,0.0,0.0,0.0,0.0,0.0,0.0,0.0,0.0,0.0,0.0,0.0,0.0,0.0,0.0,0.0,0.0,0.0,0.0,0.0,0.0,0.0,0.0,0.0,0.0,0.0,0.0,0.0,0.0,0.0,0.0,0.0,0.0,0.0,0.0,0.0,0.0,0.0,0.0,0.0,0.0,0.0,0.0,0.0,0.0,0.0,0.0,0.0,0.0,0.0,0.0,0.0,0.0,0.0,0.0,0.0,0.0,0.0,0.0,0.0,0.0,0.0,0.0,0.0,0.0,0.0,0.0,0.0,0.0,0.0,0.0,0.0,0.0,0.0,0.0,0.0,0.0,0.0,0.0,0.0,0.0,0.0,0.0,0.0,0.0,0.0,0.0,0.0,0.0,0.0,0.0,0.0,0.0,0.0,0.0,0.0,0.0,0.0,0.0,0.0,0.0,0.0,0.0,0.0
1607,0.0,0.0,0.0,0.0,0.0,0.0,0.0,0.0,0.0,0.0,0.0,0.0,0.0,0.0,0.0,0.0,0.0,0.0,0.0,0.0,0.0,0.0,0.0,0.0,0.0,0.0,0.0,0.0,0.0,0.0,0.0,0.0,0.0,0.0,0.0,0.0,0.0,0.0,0.0,0.0,0.0,0.0,0.0,0.0,0.0,0.0,0.0,0.0,0.0,0.0,0.0,0.0,0.0,0.0,0.0,0.0,0.0,0.0,0.0,0.0,0.0,0.0,0.0,0.0,0.0,0.0,0.0,0.0,0.0,0.0,0.0,0.0,0.0,0.0,0.0,0.0,0.0,0.0,0.0,0.0,0.0,0.0,0.0,0.0,0.0,0.0,0.0,0.0,0.0,0.0,0.0,0.0,0.0,0.0,0.0,0.0,0.0,0.0,0.0,0.0,0.0,0.0,0.0,0.0,0.0,0.0,0.0,0.0,0.0,0.0,0.0,0.0,0.0,0.0,0.0,0.0,0.0,0.0,0.0,0.0,0.0,0.0,0.0,0.0,0.0,0.0,0.0,0.0
1611,0.0,0.0,0.0209938194602727,0.0,0.0,0.0,0.0,0.0,0.0,0.0,0.0198411531746387,0.0,0.0,0.0,0.0,0.0,0.0,0.0,0.0,0.0,0.0,0.0,0.0,0.0148646673187613,0.0,0.0,0.0,0.0,0.0,0.0,0.0550866685807704,0.0,0.0,0.0,0.0,0.0,0.0087144169956445,0.0,0.0,0.0,0.0,0.0219476949423551,0.0,0.0,0.0,0.0083632506430149,0.0,0.0,0.0,0.0,0.0,0.0,0.0,0.0,0.0205424614250659,0.0,0.0,0.0,0.0,0.0,0.0,0.0,0.0,0.0,0.0,0.0,0.0,0.0,0.0,0.0,0.0,0.0045315837487578,0.0,0.0178357511758804,0.0228609181940555,0.0,0.0,0.0,0.0,0.0217848177999258,0.0,0.0,0.0,0.0,0.0,0.0,0.0070284544490277,0.0,0.0,0.0420734472572803,0.0,0.0018531819805502,0.0,0.0101830838248133,0.0,0.0200213342905044,0.0,0.0,0.0,0.0,0.0,0.0191665850579738,0.0,0.0,0.0,0.0136519996449351,0.0,0.0,0.0,0.0,0.0,0.0,0.0,0.0,0.0,0.0,0.0,0.0,0.0,0.0,0.0,0.0,0.0,0.0,0.0,0.0,0.0,0.0
1630,0.0,0.0,0.0,0.0,0.0,0.0,0.0,0.0,0.0,0.0,0.0,0.0,0.0,0.0,0.0,0.0,0.0,0.0,0.0,0.0,0.0,0.0,0.0,0.0,0.0,0.0,0.0,0.0,0.0,0.0,0.0,0.0,0.0,0.0,0.0,0.0,0.0,0.0,0.0,0.0,0.0,0.0,0.0,0.0,0.0,0.0,0.0,0.0,0.0,0.0,0.0,0.0,0.0,0.0,0.0,0.0,0.0,0.0,0.0,0.0,0.0,0.0,0.0,0.0,0.0,0.0,0.0,0.0,0.0,0.0,0.0,0.0,0.0,0.0,0.0,0.0,0.0,0.0,0.0,0.0,0.0,0.0,0.0,0.0,0.0,0.0,0.0,0.0,0.0,0.0,0.0,0.0,0.0,0.0,0.0,0.0,0.0,0.0,0.0,0.0,0.0,0.0,0.0,0.0,0.0,0.0,0.0,0.0,0.0,0.0,0.0,0.0,0.0,0.0,0.0,0.0,0.0,0.0,0.0,0.0,0.0,0.0,0.0,0.0,0.0,0.0,0.0,0.0
1634,0.0,0.0,0.0,0.0,0.0,0.0,0.0,0.0,0.0,0.0,0.0,0.0,0.0,0.0,0.0,0.0,0.0,0.0,0.0,0.0,0.0,0.0,0.0,0.0,0.0,0.0,0.0,0.0,0.0,0.0,0.0,0.0,0.0,0.0,0.0,0.0,0.0,0.0,0.0,0.0,0.0,0.0,0.0,0.0,0.0,0.0,0.0,0.0,0.0,0.0,0.0,0.0,0.0,0.0,0.0,0.0,0.0,0.0,0.0,0.0,0.0,0.0,0.0,0.0,0.0,0.0,0.0,0.0,0.0,0.0,0.0,0.0,0.0,0.0,0.0,0.0,0.0,0.0,0.0,0.0,0.0,0.0,0.0,0.0,0.0,0.0,0.0,0.0,0.0,0.0,0.0,0.0,0.0,0.0,0.0,0.0,0.0,0.0,0.0,0.0,0.0,0.0,0.0,0.0,0.0,0.0,0.0,0.0,0.0,0.0,0.0,0.0,0.0,0.0,0.0,0.0,0.0,0.0,0.0,0.0,0.0,0.0,0.0,0.0,0.0,0.0,0.0,0.0
1653,0.0325525589287281,0.0208087787032127,0.0,0.0666793137788772,0.2885941863059997,0.0,0.0,0.0,0.0,0.790318489074707,0.0,0.0,0.0,0.6394296884536743,0.0,0.0,0.0,0.0,0.0,0.0921989753842353,0.0,0.0,0.4002834558486938,0.2672084271907806,0.0798757523298263,0.2416834086179733,0.0,0.0,0.0286243334412574,0.2894420027732849,0.3999622166156769,0.0,0.0916896387934684,0.0,0.1160652637481689,0.9421974420547484,0.0,0.0,0.1650863587856292,0.0,0.1522670239210128,0.0,0.1610147058963775,0.2370682209730148,0.8890584707260132,0.0,0.5423261523246765,0.0,0.0984082892537117,0.114944115281105,0.1340445280075073,0.4340029954910278,0.0,0.0,0.2244151979684829,0.0,0.0,0.116518847644329,0.0718189999461174,0.2148025035858154,0.3106558322906494,0.0392270013689994,0.0452381856739521,0.1348354518413543,0.1912230402231216,0.5030750036239624,0.7027999758720398,0.0,0.0,0.0296305585652589,0.1196093708276748,0.0,0.0718457698822021,0.9532954692840576,0.0715134292840957,0.0,0.0,0.1617318242788314,0.2686116397380829,0.0,0.209631934762001,0.0,0.0,0.2065228223800659,0.0,0.0,0.0841195657849311,0.2644886672496795,0.0,0.2188713103532791,0.143754169344902,0.1319062411785125,0.2258112877607345,0.1736053675413131,0.069847285747528,0.0,0.2294729948043823,0.0,0.0,0.1622652113437652,0.2946503162384033,0.1210840567946434,0.0928158536553382,0.245818942785263,0.4722194969654083,0.0,0.0459919236600399,0.1512416154146194,0.0,0.0,0.1683592945337295,0.1174395829439163,0.0,0.1258690506219864,0.1100950166583061,0.0,0.0,0.0,0.1599474847316742,0.0,0.0,0.1329853236675262,0.0237953923642635,0.4468186497688293,0.0795507133007049,0.1218751445412635,0.0,0.0
1655,0.0,0.0,0.0,0.0,0.0,0.0,0.0,0.0,0.0,0.0,0.0,0.0,0.0,0.0,0.0,0.0,0.0,0.0,0.0,0.0,0.0,0.0,0.0,0.0,0.0,0.0,0.0,0.0,0.0,0.0,0.0,0.0,0.0,0.0,0.0,0.0,0.0,0.0,0.0,0.0,0.0,0.0,0.0,0.0,0.0,0.0,0.0,0.0,0.0,0.0,0.0,0.0,0.0,0.0,0.0,0.0,0.0,0.0,0.0,0.0,0.0,0.0,0.0,0.0,0.0,0.0,0.0,0.0,0.0,0.0,0.0,0.0,0.0,0.0,0.0,0.0,0.0,0.0,0.0,0.0,0.0,0.0,0.0,0.0,0.0,0.0,0.0,0.0,0.0,0.0,0.0,0.0,0.0,0.0,0.0,0.0,0.0,0.0,0.0,0.0,0.0,0.0,0.0,0.0,0.0,0.0,0.0,0.0,0.0,0.0,0.0,0.0,0.0,0.0,0.0,0.0,0.0,0.0,0.0,0.0,0.0,0.0,0.0,0.0,0.0,0.0,0.0,0.0
1664,0.4646568894386291,0.2094257324934005,0.7367628812789917,0.7717384099960327,0.1983984410762787,0.740900993347168,0.5349961519241333,0.8305156230926514,0.4396115243434906,0.2275279015302658,0.6434409022331238,0.7749091386795044,0.4185753762722015,0.7290992736816406,0.2973577976226806,0.7761586904525757,0.0,0.8038671612739563,0.8675231337547302,0.9042051434516908,0.8075501322746277,0.63603675365448,0.5217511653900146,0.838330864906311,0.4545322060585022,0.857918381690979,0.616297721862793,0.4412801265716553,0.5632004141807556,0.3456281125545501,0.6050968170166016,0.7485042810440063,0.6256977915763855,0.7347210049629211,0.5917086005210876,0.356267362833023,0.4534331560134887,0.2545408904552459,0.8233940005302429,0.7772364020347595,0.6448677778244019,0.8103987574577332,0.8381238579750061,0.5514813661575317,0.8843472599983215,0.6833504438400269,0.5319396257400513,0.5877346992492676,0.6865304708480835,0.3994686603546142,0.8227983713150024,0.7445825934410095,0.4979455769062042,0.820936381816864,0.5710603594779968,0.6173575520515442,0.4280309081077575,0.8228490352630615,0.4918366372585296,0.5348080396652222,0.650984525680542,0.7561419010162354,0.6788994073867798,0.7709046602249146,0.6272634863853455,0.5072348713874817,0.497035950422287,0.5288090109825134,0.543240487575531,0.8663532733917236,0.2458281069993972,0.8673701286315918,0.7554787397384644,0.7202107310295105,0.6131742596626282,0.7263458371162415,0.4148887395858764,0.7545183300971985,0.5714276432991028,0.813884973526001,0.2110628336668014,0.5368513464927673,0.5122561454772949,0.3944589793682098,0.5174893140792847,0.2752058804035187,0.4509702622890472,0.7366833686828613,0.6941620111465454,0.7453209757804871,0.0449852496385574,0.4587830007076263,0.3730252385139465,0.6737254858016968,0.6243239641189575,0.6390889883041382,0.6878544688224792,0.7464157938957214,0.8685182332992554,0.2987778186798095,0.6726372838020325,0.1449046581983566,0.6848657131195068,0.732842206954956,0.6356884241104126,0.5276176333427429,0.7403198480606079,0.6645317673683167,0.8698707818984985,0.6707217693328857,0.5239360332489014,0.8404306769371033,0.313782662153244,0.602611780166626,0.7825677394866943,0.8773972392082214,0.7136567234992981,0.3027542233467102,0.8097658753395081,0.761735737323761,0.6439066529273987,0.610154390335083,0.6876174807548523,0.7388144135475159,0.6563997268676758,0.5307468771934509,0.3953934013843536,0.4901002943515777
1667,0.0,0.0,0.0,0.0,0.0,0.0,0.0,0.0,0.0,0.0,0.0,0.0,0.0,0.0,0.0,0.0,0.0445446670055389,0.0,0.0,0.0911473333835601,0.3354509770870209,0.0,0.1685643494129181,0.1103246733546257,0.0,0.0,0.0642810016870498,0.0726726651191711,0.1378723382949829,0.1018500030040741,0.1723216772079467,0.0990630015730857,0.1196544989943504,0.2742356657981872,0.0,0.1354866623878479,0.0996643304824829,0.0684686750173568,0.1076186746358871,0.0,0.0335710011422634,0.0895782485604286,0.0315346680581569,0.0240893345326185,0.0772743374109268,0.0,0.0,0.0,0.0,0.0564553365111351,0.1370539963245391,0.0,0.0273376666009426,0.0,0.1894263476133346,0.0921222493052482,0.103337250649929,0.0,0.04707533121109,0.072920337319374,0.0,0.0,0.0763100013136863,0.0,0.0,0.1115883290767669,0.0384000018239021,0.104093000292778,0.0678960010409355,0.0,0.0,0.0482037514448165,0.0615440011024475,0.0841957479715347,0.0,0.0252846684306859,0.0,0.0245730020105838,0.0,0.0,0.0,0.1241876706480979,0.1357820034027099,0.0,0.0337363332509994,0.0,0.0,0.0,0.1312233507633209,0.0,0.0,0.0,0.2184233367443084,0.0,0.2323173284530639,0.0263100005686283,0.0966574996709823,0.0,0.0,0.0,0.4321486949920654,0.2379796802997589,0.0,0.0330493338406086,0.1412713378667831,0.0,0.0510339997708797,0.0,0.0,0.0812963396310806,0.0887859985232353,0.0,0.407870352268219,0.2266683280467987,0.0239536669105291,0.1032643318176269,0.0,0.100843995809555,0.0884113311767578,0.0491483993828296,0.3319703340530395,0.0049270000308752,0.1048096641898155,0.0,0.0665013343095779,0.2075469940900802,0.2196213454008102,0.1196093410253524
1672,0.3635896742343902,0.6067330837249756,0.4126023650169372,0.1051187142729759,0.2784619033336639,0.5484393239021301,0.6871225833892822,0.7024767398834229,0.2805803716182709,0.0,0.6525444984436035,0.0,0.2130975872278213,0.6926200985908508,0.0,0.75483238697052,0.0715142637491226,0.8436112403869629,0.3607755899429321,0.4580169916152954,0.8218467831611633,0.5452930331230164,0.750042736530304,0.4882110059261322,0.0,0.5371670722961426,0.7928951978683472,0.2335298955440521,0.0917837023735046,0.8445426821708679,0.6038166880607605,0.145353689789772,0.976589858531952,0.6171765923500061,0.6871209740638733,0.2836920619010925,0.4515507519245147,0.7561560273170471,0.5895623564720154,0.842832088470459,0.2136063873767852,0.0886165201663971,0.8767647743225098,0.796878457069397,0.4569352865219116,0.2850299775600433,0.4657559692859649,0.5919075012207031,0.0953255593776702,0.1250836700201034,0.8849100470542908,0.8664673566818237,0.1534912884235382,0.1209145039319992,0.0,0.8187322020530701,0.4246574640274048,0.0,0.4892134070396423,0.7610890865325928,0.0500995852053165,0.7324300408363342,0.9096859097480774,0.6196584105491638,0.2831342816352844,0.5726752281188965,0.4760343134403229,0.6991016864776611,0.5104560852050781,0.7413482069969177,0.0620494186878204,0.494133859872818,0.6702380776405334,0.8550499677658081,0.3591979146003723,0.6182917952537537,0.4539836049079895,0.6474547386169434,0.2241130024194717,0.1171755120158195,0.6556428074836731,0.8708575367927551,0.878633975982666,0.472220629453659,0.0,0.0922735631465911,0.8220762014389038,0.5515111088752747,0.921710968017578,0.8161047101020813,0.1957997977733612,0.3479831218719482,0.1094210222363472,0.3728719651699066,0.0514849685132503,0.4512485265731811,0.7585665583610535,0.7840327620506287,0.8601520657539368,0.1008609309792518,0.5364201068878174,0.7519546151161194,0.0,0.6978029012680054,0.0,0.3194338083267212,0.0982652083039283,0.5423438549041748,0.8819843530654907,0.4577342569828033,0.2380629032850265,0.0254119466990232,0.7257565855979919,0.7247520685195923,0.8855621218681335,0.155753880739212,0.6351464986801147,0.7675245404243469,0.0555626489222049,0.8216488361358643,0.5100305080413818,0.0567748211324214,0.6101913452148438,0.8502458930015564,0.1661010980606079,0.3429018557071686,0.3788685500621795,0.6663073897361755
1684,0.0,0.0,0.0,0.0,0.0,0.0,0.0,0.0,0.0,0.0,0.0,0.0,0.0,0.0,0.0,0.0,0.0,0.0,0.0,0.0,0.0,0.0,0.0,0.0,0.0,0.0,0.0,0.0,0.0,0.0,0.0,0.0,0.0,0.0,0.0,0.0,0.0,0.0,0.0,0.0,0.0,0.0,0.0,0.0,0.0,0.0,0.0,0.0394548885524272,0.0,0.0,0.0,0.0,0.0,0.0,0.0,0.0,0.0,0.0,0.0,0.0,0.0,0.0,0.0,0.0,0.0,0.0,0.0,0.0,0.0,0.125,0.0,0.0,0.0,0.0,0.0,0.0,0.0,0.0,0.0,0.0,0.0,0.0,0.0,0.0,0.0,0.0,0.0,0.0,0.0,0.0,0.0,0.0,0.0,0.0,0.0,0.0,0.0,0.0,0.0,0.0,0.0,0.0,0.0,0.0,0.0,0.0,0.0,0.0,0.0,0.0,0.0,0.0,0.0,0.0,0.0,0.0,0.0,0.0,0.0,0.0,0.0,0.0,0.0,0.0,0.0,0.0,0.0,0.0
1687,0.0,0.0,0.0,0.0,0.0,0.0,0.0,0.0,0.0,0.0,0.0,0.0,0.0,0.0,0.0,0.0,0.0,0.0,0.0,0.0,0.0,0.0,0.0,0.0,0.0,0.0,0.0,0.0,0.0,0.0,0.0,0.0,0.0,0.0,0.0,0.0,0.0,0.0,0.0,0.0,0.0,0.0,0.0,0.0,0.0,0.0,0.0,0.0,0.0,0.0,0.0,0.0,0.0,0.0,0.0,0.0,0.0,0.0,0.0,0.0,0.0,0.0,0.0,0.0,0.0,0.0,0.0,0.1103089973330497,0.0,0.0,0.0,0.0,0.0,0.0,0.1118429973721504,0.0,0.0759159997105598,0.0,0.0,0.0,0.0,0.0822589993476867,0.0,0.0,0.0,0.0,0.0,0.0,0.0,0.0,0.0,0.0,0.0,0.0,0.0,0.0,0.0,0.0,0.0,0.0,0.0,0.0,0.0,0.0,0.0,0.0,0.0,0.0,0.0,0.0,0.0,0.0,0.0,0.0,0.0,0.0,0.0820909962058067,0.0,0.0,0.0,0.0,0.0,0.0,0.0,0.0542629994451999,0.0,0.0,0.0
1707,0.0,0.0,0.0,0.0,0.0,0.0,0.0,0.0,0.0,0.0,0.0,0.0,0.0,0.0,0.0,0.0,0.0383200012147426,0.0,0.0,0.0,0.0,0.0,0.0,0.0,0.0,0.0,0.0,0.0,0.0,0.0,0.0,0.0,0.0728090032935142,0.0,0.0,0.0442874990403652,0.0621194988489151,0.0,0.0,0.0,0.0685304999351501,0.1494752019643783,0.0,0.0,0.0,0.0,0.0,0.0,0.0,0.0,0.0375824980437755,0.0,0.0,0.0,0.1094762533903122,0.0407196655869483,0.1779772490262985,0.0789439976215362,0.0,0.0,0.0,0.0,0.0,0.0,0.0,0.0,0.0,0.0345552489161491,0.0,0.0,0.0326058007776737,0.0,0.0,0.0,0.0,0.0,0.0842656046152114,0.0,0.0,0.077608399093151,0.0,0.0,0.0,0.0,0.1660804003477096,0.0,0.0,0.0,0.0,0.0,0.0,0.0,0.0,0.0576639994978904,0.0,0.0,0.0,0.0,0.0,0.0,0.0,0.0328579992055892,0.0,0.1507889926433563,0.0,0.0155152501538395,0.0,0.0769976004958152,0.0739106684923172,0.0,0.0270445998758077,0.0621514990925788,0.0,0.0,0.2832653522491455,0.0,0.0,0.0,0.0254989992827177,0.0,0.0,0.0,0.0,0.0,0.0,0.0,0.0,0.0928350016474723
1709,0.0,0.0,0.0,0.0,0.0,0.0,0.0,0.0,0.0,0.0,0.0,0.0,0.0,0.0,0.0,0.0,0.0,0.0,0.0,0.0,0.0,0.0,0.0,0.0,0.0,0.0,0.0,0.0,0.0,0.0,0.0,0.0,0.0,0.0,0.0,0.0,0.0,0.0,0.0,0.0,0.0,0.0,0.0,0.0,0.0,0.0,0.0,0.0,0.0,0.0,0.0,0.0,0.0,0.0,0.0,0.0,0.0,0.0,0.0,0.0,0.0,0.0,0.0,0.0,0.0,0.0,0.0,0.0,0.0,0.0,0.0,0.0,0.0,0.0,0.0,0.0,0.0,0.0,0.0,0.0,0.0,0.0,0.0,0.0,0.0,0.0,0.0,0.0,0.0,0.0,0.0,0.0,0.0,0.0,0.0,0.0,0.0,0.0,0.0,0.0,0.0,0.0,0.0,0.0,0.0,0.0,0.0,0.0,0.0,0.0,0.0,0.0,0.0,0.0,0.0,0.0,0.0,0.0,0.0,0.0,0.0,0.0,0.0,0.0,0.0,0.0,0.0,0.0
1713,0.0292308423668146,0.0,0.2917016148567199,0.5767014026641846,0.3189071714878082,0.0174105297774076,0.1298458874225616,0.0,0.215578407049179,0.0033595557324588,0.0,0.1240947097539901,0.01214927341789,0.0233252868056297,0.0561720393598079,0.0712975263595581,0.0,0.282497376203537,0.6708805561065674,0.3376659154891968,0.6337741017341614,0.5276368260383606,0.5427981615066528,0.4359305500984192,0.5760551691055298,0.6156576871871948,0.4485499262809753,0.3017958998680115,0.3047183156013489,0.3415558338165283,0.3000049591064453,0.3181994259357452,0.4650678634643554,0.3036516904830932,0.6650782823562622,0.4438108503818512,0.7022385597229004,0.3781488835811615,0.65012526512146,0.5933459997177124,0.0,0.5094035863876343,0.4901970624923706,0.3674488067626953,0.3128225207328796,0.4353481233119964,0.2858411967754364,0.3744455873966217,0.4830388128757477,0.3021879196166992,0.5641892552375793,0.7244899868965149,0.3443222641944885,0.2428507357835769,0.431786298751831,0.3593853414058685,0.5389726758003235,0.5235199928283691,0.2330446690320968,0.4317536354064941,0.4573333263397217,0.3157688081264496,0.6097407937049866,0.5806674361228943,0.3582926392555237,0.300790011882782,0.6316373348236084,0.5813338756561279,0.4408406615257263,0.4697420299053192,0.4576508402824402,0.3472949862480163,0.4528992176055908,0.7270163297653198,0.6255958676338196,0.4565676152706146,0.2048674672842025,0.2848788201808929,0.7314465641975403,0.7716786861419678,0.4501115083694458,0.385363757610321,0.375747948884964,0.6864950060844421,0.4897539019584656,0.5038381814956665,0.7548019886016846,0.5362355709075928,0.4770492911338806,0.3855754733085632,0.5044313669204712,0.3541533946990967,0.4261827766895294,0.307029664516449,0.3858541846275329,0.3626124858856201,0.6284785866737366,0.6312891840934753,0.2116478085517883,0.7491855025291443,0.4160918295383453,0.2543031573295593,0.6382308602333069,0.1450143009424209,0.4262252151966095,0.219730794429779,0.6385348439216614,0.5554043054580688,0.377534806728363,0.0978268012404441,0.311016321182251,0.6395214796066284,0.3115087151527405,0.3089882731437683,0.3935399055480957,0.3793157935142517,0.6599858403205872,0.4270426332950592,0.4413537979125976,0.3285828232765198,0.5802826881408691,0.3435980677604675,0.5329282879829407,0.3325053751468658,0.6016774773597717,0.3537958562374115,0.2792837619781494,0.422985315322876
1718,0.0,0.0,0.0,0.0,0.0,0.0,0.0,0.0,0.0,0.1295876502990722,0.0,0.0,0.0,0.0,0.0,0.0,0.0,0.0,0.0,0.0,0.0,0.0,0.0,0.0,0.0,0.0,0.0,0.0,0.0,0.0,0.0,0.0,0.0,0.0,0.0,0.0,0.0,0.0,0.0,0.0,0.0,0.0,0.0,0.0,0.0,0.0,0.0,0.0,0.0,0.0,0.3208609223365783,0.0,0.0,0.0,0.0,0.0,0.0,0.0,0.017502499744296,0.0,0.0,0.0,0.0,0.0,0.0,0.0,0.0,0.0,0.0,0.0,0.0,0.0,0.0,0.0,0.7949185371398926,0.0,0.0,0.0,0.0,0.0,0.0,0.9793899059295654,0.0,0.0,0.0,0.0,0.0,0.0,0.0,0.0,0.0,0.0,0.0,0.0,0.0,0.1219380125403404,0.0,0.0,0.0,0.0,0.0,0.0,0.0,0.0,0.0,0.0,0.0,0.0,0.0,0.6459783911705017,0.0,0.6054953336715698,0.0,0.0,0.0,0.0,0.0,0.0,0.0,0.0,0.0,0.0,0.0,0.0,0.0,0.0,0.0,0.0
1720,0.1604524403810501,0.0,0.0,0.0,0.0800650790333747,0.0,0.0,0.1131301075220108,0.156913161277771,0.0,0.0,0.0,0.0,0.0,0.0,0.0,0.0,0.0,0.0,0.3231823742389679,0.0712423250079155,0.0,0.0,0.0,0.0,0.1061516925692558,0.0,0.0,0.0,0.0,0.0,0.0,0.2014930248260498,0.0,0.0,0.204628512263298,0.0,0.0,0.0,0.0,0.0,0.0,0.0,0.0,0.2198905050754547,0.0,0.0,0.0,0.0,0.0,0.0,0.0,0.2158137559890747,0.0,0.0,0.0,0.0,0.0227327477186918,0.0,0.0,0.0,0.0,0.0,0.0,0.0,0.0,0.0,0.0,0.0,0.0942751392722129,0.0,0.0,0.0,0.2095714062452316,0.1688681244850158,0.0,0.0419640839099884,0.0,0.1134002208709716,0.0,0.0,0.0,0.0,0.0,0.0,0.0,0.0,0.0,0.0,0.0,0.0226234998553991,0.1070943921804428,0.0,0.0,0.0,0.0,0.0,0.0,0.0,0.0053044753149151,0.0,0.0,0.0,0.0,0.0,0.0,0.0,0.0,0.0,0.0,0.15125373005867,0.0,0.0,0.0,0.0,0.0,0.0,0.0,0.0,0.0,0.2184724956750869,0.0,0.0,0.0,0.0,0.0,0.0,0.2537110447883606
1721,0.0,0.0507900714874267,0.0,0.0909437984228134,0.0,0.0,0.0820729732513427,0.0735615491867065,0.1104575842618942,0.0,0.1895637810230255,0.0,0.0667702704668045,0.0,0.0,0.0,0.1365239471197128,0.2473188042640686,0.1037006005644798,0.0,0.1365376263856887,0.0,0.0,0.0,0.0,0.110791228711605,0.0497062839567661,0.0,0.0,0.033388115465641,0.0514533147215843,0.2270423322916031,0.1218521520495414,0.0,0.0,0.0937660485506057,0.0,0.0,0.0,0.1718931198120117,0.0,0.0832896083593368,0.0404244996607303,0.1174592971801757,0.0,0.0,0.0469435416162014,0.142415165901184,0.1183336675167083,0.0596067421138286,0.0732440277934074,0.0,0.1177339628338813,0.0710795819759368,0.0740037411451339,0.1218118146061897,0.0,0.1685029566287994,0.0,0.1588008850812912,0.0,0.0,0.2140253037214279,0.1618148535490036,0.0,0.174697458744049,0.0,0.0,0.0,0.2272473275661468,0.1026654914021492,0.1378410458564758,0.0,0.0799669846892356,0.0,0.2115394473075866,0.0,0.1514979600906372,0.1634204685688018,0.045812714844942,0.0,0.0,0.0,0.0,0.1206941232085228,0.0,0.0624083988368511,0.2044499814510345,0.0312287993729114,0.2071998566389084,0.1405048370361328,0.0,0.1225671544671058,0.0,0.059209581464529,0.1278664916753769,0.0,0.0,0.0,0.0491774268448352,0.0,0.0,0.0441487990319728,0.0,0.0,0.0,0.0310637392103672,0.2132847309112548,0.0476709753274917,0.0,0.0897126644849777,0.0,0.0912898704409599,0.0,0.0,0.0495441183447837,0.0,0.0,0.0491237007081508,0.0,0.0,0.0,0.1074933186173439,0.1317998468875885,0.0,0.0511611774563789,0.0503833033144474,0.0
1726,0.0991973057389259,0.1349368244409561,0.0596842020750045,0.0440954081714153,0.1063995659351348,0.0,0.0,0.1298132538795471,0.0,0.1928291916847229,0.0,0.0,0.0997373387217521,0.0,0.0,0.0,0.0,0.0607340559363365,0.0,0.0,0.1124824285507202,0.0868063867092132,0.0459753163158893,0.0,0.0,0.1649270951747894,0.0,0.1444272100925445,0.2688653469085693,0.0,0.0,0.0702527090907096,0.0,0.0,0.0,0.0260711889714002,0.0,0.1844962388277053,0.1963937878608703,0.1191285625100135,0.1330891102552414,0.1228826195001602,0.1907360404729843,0.1291140913963318,0.0721502751111984,0.1279351860284805,0.0,0.0,0.0,0.1134351938962936,0.0593981519341468,0.1127488911151886,0.0703036561608314,0.2149700671434402,0.0,0.1096487715840339,0.1924029290676117,0.0660485103726387,0.0,0.0,0.1015265509486198,0.1655453443527221,0.0,0.0,0.0,0.0,0.1495468020439148,0.1960610151290893,0.0,0.1027190089225769,0.0,0.0,0.0,0.0507285222411155,0.042602926492691,0.049388226121664,0.0246250294148921,0.0,0.0,0.1959561556577682,0.0,0.1303505450487136,0.0381382443010807,0.0,0.2351246476173401,0.1115399748086929,0.1302058398723602,0.0,0.0,0.0381418652832508,0.0,0.0822376832365989,0.1433650404214859,0.19268798828125,0.1130391210317611,0.2589039802551269,0.0,0.0,0.1328485161066055,0.1940409392118454,0.0,0.0,0.1520675122737884,0.0,0.0,0.0705438032746315,0.0,0.1129951924085617,0.2413937002420425,0.0,0.0213018003851175,0.0,0.0,0.1938422322273254,0.0865460410714149,0.0,0.1797091215848922,0.0,0.0,0.0,0.0,0.1470351666212082,0.0,0.0654352903366088,0.0,0.1640864312648773,0.0996933281421661,0.0
1734,0.0,0.0,0.0,0.0,0.0,0.0,0.1141544058918953,0.0304254926741123,0.1170417070388794,0.1696265041828155,0.0,0.0,0.0,0.0594488270580768,0.1740715056657791,0.0,0.0,0.0504399612545967,0.1048736497759819,0.1213545873761177,0.0,0.0,0.0797988176345825,0.0,0.0,0.0,0.1026511639356613,0.1000004485249519,0.1297546774148941,0.2674873471260071,0.0,0.0,0.0,0.26802858710289,0.0,0.1624465584754943,0.0,0.0,0.124493658542633,0.0,0.0,0.1559378653764724,0.2087960988283157,0.0604381151497364,0.0,0.0,0.1256182789802551,0.0,0.2215507924556732,0.1891345828771591,0.0,0.0631156414747238,0.0,0.0,0.1839644312858581,0.1307280212640762,0.1628667563199997,0.0833446308970451,0.0,0.1292957663536071,0.0,0.2101037055253982,0.0,0.0,0.1105894520878791,0.2157623022794723,0.1221198067069053,0.0,0.0731884837150573,0.0,0.0,0.0516551546752452,0.1523972451686859,0.141478031873703,0.0,0.0,0.0933917686343193,0.1274849325418472,0.0,0.135930985212326,0.0,0.0,0.0,0.0326863639056682,0.1471575051546096,0.0676159486174583,0.1849542111158371,0.1822541505098343,0.1214416027069091,0.0,0.0,0.1699139177799224,0.1479089260101318,0.164978951215744,0.0893908590078353,0.0,0.0923964455723762,0.150788351893425,0.0,0.1465287655591964,0.0,0.0990276038646698,0.1362027376890182,0.1348421275615692,0.06337271630764,0.0,0.0620288774371147,0.0345526523888111,0.2174993157386779,0.2577996551990509,0.0,0.0,0.1897604167461395,0.077364332973957,0.1950047016143798,0.1078497543931007,0.0,0.1621228605508804,0.0,0.0941456258296966,0.0,0.0867903083562851,0.0,0.0,0.0,0.1721681356430053,0.0,0.1312859952449798
1745,0.9564998149871826,0.9934973120689392,0.993232011795044,0.962953507900238,0.9620508551597596,0.9774712324142456,0.9086360335350036,0.9980068802833556,0.8562377095222473,0.6098265647888184,0.995038628578186,0.8310338854789734,0.9281538724899292,0.1185176074504852,0.9917118549346924,0.9917097091674804,0.92727929353714,0.9031589031219482,0.7667858004570007,0.9616796374320984,0.8416460752487183,0.9147486686706544,0.7927438020706177,0.7692506313323975,0.6936284899711609,0.6298472881317139,0.9302934408187866,0.8152607679367065,0.7982425689697266,0.7741538286209106,0.824941098690033,0.8369571566581726,0.898169219493866,0.8558093905448914,0.9648512601852416,0.9177793860435486,0.8506023287773132,0.9413728713989258,0.7889069318771362,0.7060826420783997,0.9569672346115112,0.962976336479187,0.77144855260849,0.945068061351776,0.7633388638496399,0.8605540990829468,0.9406180381774902,0.8522277474403381,0.747733473777771,0.8610247373580933,0.841094970703125,0.7315595149993896,0.9699695110321044,0.8876825571060181,0.8243116140365601,0.8812018632888794,0.897576093673706,0.6806711554527283,0.7740554809570312,0.952293872833252,0.8493883609771729,0.8074588179588318,0.8332811594009399,0.9310407042503356,0.9356765151023864,0.8158486485481262,0.9485291838645936,0.9615045785903932,0.7862533926963806,0.6903473734855652,0.8069353699684143,0.8062439560890198,0.899032473564148,0.8345275521278381,0.6549501419067383,0.837865948677063,0.7941378355026245,0.9952892065048218,0.8087756037712097,0.800038754940033,0.8132110834121704,0.8413887023925781,0.6686148643493652,0.8360076546669006,0.8510587215423584,0.7925545573234558,0.7952633500099182,0.9405986666679382,0.8747164011001587,0.9693756103515624,0.8532387018203735,0.8211093544960022,0.8666473627090454,0.7746391892433167,0.9818286895751952,0.8649917840957642,0.965063750743866,0.9405125379562378,0.8296985030174255,0.8237335681915283,0.8676043748855591,0.8715413808822632,0.8425193428993225,0.6948585510253906,0.7987784147262573,0.7192339897155762,0.9220218658447266,0.858530580997467,0.9985243082046508,0.886493444442749,0.8030064702033997,0.838436484336853,0.8799510598182678,0.7932418584823608,0.8435265421867371,0.9254441261291504,0.9036602973937988,0.9643691182136536,0.8824807405471802,0.8917486071586609,0.974293887615204,0.8089295029640198,0.7468987107276917,0.9558148384094238,0.8087236285209656,0.9598686695098876,0.9235738515853882,0.8042394518852234
1749,0.0,0.0,0.0,0.0,0.0,0.0,0.0135798575356602,0.0,0.0,0.0,0.0,0.0,0.0,0.0,0.0,0.0,0.0,0.0,0.0,0.0,0.0,0.0,0.0,0.0,0.0,0.0617436692118644,0.0,0.0,0.0,0.0,0.0,0.0,0.0,0.0,0.0,0.0,0.0,0.0,0.0,0.0,0.0,0.0,0.0,0.0,0.0,0.0,0.0,0.0,0.0,0.0,0.0,0.0,0.0,0.0,0.0,0.0,0.0104311248287558,0.0,0.0,0.0,0.0,0.0554998330771923,0.0,0.0290354024618864,0.0,0.0,0.0,0.0,0.0,0.0,0.0,0.0,0.0,0.0,0.0,0.0,0.0,0.0,0.0,0.0,0.0,0.0,0.0,0.0,0.0,0.0,0.0,0.014179166406393,0.0,0.0,0.0,0.0,0.0114501109346747,0.0,0.0,0.0,0.0,0.0,0.0,0.0,0.0,0.0,0.0589640997350215,0.0,0.0,0.0,0.0,0.0,0.0,0.0,0.0024642858188599,0.0105100004002451,0.0,0.0,0.0,0.0,0.0,0.0,0.0,0.0,0.0,0.0,0.0,0.0,0.0,0.0,0.0,0.0
1753,0.0,0.2068013399839401,0.0,0.1770315319299698,0.0,0.0844438448548317,0.1810681670904159,0.0,0.0,0.0,0.0825849696993827,0.0,0.2589345574378967,0.1930029243230819,0.0,0.3217300772666931,0.0,0.0,0.0,0.0,0.1255582422018051,0.0,0.2228710651397705,0.0,0.1755984425544738,0.0,0.0,0.0,0.180021122097969,0.0719498917460441,0.0848066955804824,0.2703423202037811,0.0,0.0,0.0949291512370109,0.2487284690141677,0.0765668675303459,0.0,0.0,0.128590926527977,0.3490779399871826,0.2092507779598236,0.1862968802452087,0.0,0.0,0.2255965769290924,0.2169388681650161,0.0,0.0,0.2099863886833191,0.0,0.0,0.0,0.0,0.2828566431999206,0.0897853597998619,0.1849234253168106,0.0,0.0,0.0,0.1085586994886398,0.0,0.0,0.0,0.0,0.0,0.0,0.0,0.0,0.0825181230902671,0.0,0.0,0.2290068566799163,0.1872022449970245,0.0,0.0530751422047615,0.1395904272794723,0.2616483867168426,0.1378541737794876,0.1145348027348518,0.0,0.143083393573761,0.0,0.0,0.0812987461686134,0.0,0.0,0.0,0.0,0.0,0.0920532792806625,0.1855938583612442,0.1653016507625579,0.130159243941307,0.1527576893568039,0.0,0.1434525400400161,0.0,0.1495448350906372,0.0,0.0,0.0,0.0719595178961753,0.2285576909780502,0.0,0.1224245503544807,0.1069717556238174,0.173788383603096,0.242060124874115,0.1332296282052993,0.1897462457418441,0.0,0.1444725394248962,0.2116707414388656,0.0,0.0,0.0,0.1866538226604461,0.0,0.1538983732461929,0.0,0.0,0.0,0.2037148773670196,0.0,0.2438213378190994,0.1149385422468185,0.0
1757,0.0,0.0,0.0,0.1274273097515106,0.0,0.0,0.0,0.0,0.0,0.0,0.0833585187792778,0.0,0.0,0.0,0.3107462525367737,0.0,0.0,0.3113088011741638,0.0,0.0,0.0,0.0,0.0,0.4955469071865082,0.2858773171901703,0.1335130929946899,0.0,0.1068205907940864,0.0645452216267585,0.1711760908365249,0.4264678955078125,0.0,0.0,0.0,0.0,0.0,0.0,0.0,0.0,0.0,0.0,0.0,0.3605330288410187,0.0,0.0,0.0,0.330893725156784,0.0,0.0,0.1479655653238296,0.1345258206129074,0.0,0.0,0.0,0.0,0.0,0.0,0.0,0.0,0.0,0.0,0.0,0.0,0.0,0.0,0.0,0.0,0.0,0.0,0.0,0.1851481944322586,0.0,0.0,0.0390595383942127,0.0,0.0,0.3071359097957611,0.234894573688507,0.4487775266170501,0.0,0.0,0.0,0.0,0.0,0.0,0.0819438695907592,0.0,0.0,0.1112918555736541,0.0,0.0,0.2927525639533996,0.0853664875030517,0.1107756793498992,0.0,0.0,0.0,0.0,0.0,0.0,0.0,0.0,0.0,0.0,0.0,0.2794896066188812,0.0,0.0,0.0,0.0,0.0,0.0,0.4490383565425873,0.0,0.0,0.2793433368206024,0.0,0.2228189706802368,0.2637059092521667,0.0,0.0,0.2262190133333206,0.0,0.0,0.0,0.0,0.3504169583320617,0.0
1765,0.0,0.0,0.0,0.0,0.0,0.0,0.0,0.0,0.0,0.0,0.0,0.0,0.0,0.0,0.0,0.0,0.0,0.0,0.0,0.0,0.0,0.0,0.0,0.0,0.0,0.0,0.0,0.0,0.0,0.0,0.0,0.0,0.0,0.0,0.0,0.0,0.0,0.0,0.0,0.0,0.0,0.0,0.0,0.0,0.0,0.0,0.0,0.0,0.0,0.0,0.0,0.0,0.0,0.0,0.0,0.0,0.0,0.0,0.0,0.0,0.0,0.0,0.0,0.0,0.0,0.0,0.0,0.0,0.0,0.0,0.0,0.0,0.0,0.0,0.0,0.0,0.0,0.0,0.0,0.0,0.0,0.0,0.0,0.0,0.0,0.0,0.0,0.0,0.0,0.0,0.0,0.0,0.0,0.0,0.0,0.0,0.0,0.0,0.0,0.0,0.0,0.0,0.0,0.0,0.0,0.0,0.0,0.0,0.0,0.0,0.0,0.0,0.0,0.0,0.0,0.0,0.0,0.0,0.0,0.0,0.0,0.0,0.0,0.0,0.0,0.0,0.0,0.0
1772,0.0,0.0,0.0,0.0,0.0,0.0,0.0,0.0,0.0,0.0,0.0,0.0,0.0,0.0,0.0,0.0,0.0,0.0,0.0,0.0,0.0,0.0,0.0,0.0,0.0,0.0,0.0,0.0,0.0,0.0,0.0,0.0,0.0,0.0,0.0,0.0,0.0,0.0,0.0,0.0,0.0,0.0,0.0,0.0,0.0,0.0,0.0,0.0,0.0,0.0,0.0,0.0,0.0,0.0,0.0,0.0,0.0,0.0,0.0,0.0,0.0,0.0,0.0,0.0,0.0,0.0,0.0,0.0,0.0,0.0,0.0,0.0,0.0,0.0,0.0,0.0,0.0,0.0,0.0,0.0,0.0,0.0,0.0,0.0,0.0,0.0,0.0,0.0,0.0,0.0,0.0,0.0,0.0,0.0,0.0,0.0,0.0,0.0,0.0,0.0,0.0,0.0,0.0,0.0,0.0,0.0,0.0,0.0,0.0,0.0,0.0,0.0,0.0,0.0,0.0,0.0,0.0,0.0,0.0,0.0,0.0,0.0,0.0,0.0,0.0,0.0,0.0,0.0
1775,0.0,0.0,0.0,0.0,0.0,0.0,0.0,0.0,0.0,0.2827789783477783,0.0,0.0,0.0,0.0,0.4894085824489593,0.0,0.0,0.0,0.0,0.0,0.0,0.0,0.0,0.0,0.0,0.0,0.0,0.0,0.0,0.0,0.0,0.5266348123550415,0.0,0.0,0.0,0.0,0.0,0.0,0.0,0.1460392028093338,0.0,0.0,0.7304785847663879,0.0,0.0,0.542630136013031,0.0,0.0,0.0,0.0,0.0,0.625364363193512,0.0,0.0,0.0,0.0,0.0,0.0,0.0,0.0,0.0,0.0,0.0,0.0,0.0,0.0,0.0,0.0,0.0,0.0,0.0927461460232734,0.0,0.0,0.0,0.0,0.0,0.0351576656103134,0.0,0.0,0.6456778645515442,0.0,0.0,0.0,0.0,0.0,0.0,0.0,0.0,0.0,0.0,0.0,0.0,0.5602725744247437,0.4893205761909485,0.0,0.0,0.0,0.0,0.0,0.0,0.0,0.0,0.0,0.0,0.0,0.0,0.0,0.0,0.0,0.0,0.0,0.0,0.0,0.0,0.0,0.0,0.0,0.773589015007019,0.4112775921821594,0.0,0.0,0.0,0.0,0.0,0.0,0.0,0.0,0.0
1782,0.0,0.0,0.0,0.0,0.0,0.0,0.0,0.0,0.0,0.0,0.0,0.0,0.0,0.0,0.0,0.0,0.0,0.0,0.0,0.0,0.0,0.0,0.0,0.0,0.0,0.0,0.0,0.0,0.0,0.0,0.0,0.0,0.0,0.0,0.0,0.0,0.0,0.0,0.0,0.0,0.0,0.0,0.0,0.0,0.0,0.0,0.0,0.0,0.0,0.0,0.0,0.0,0.0,0.0,0.0,0.0,0.0,0.0,0.0,0.0,0.0,0.0,0.0,0.0,0.0,0.0,0.0,0.0,0.0,0.0,0.0,0.0,0.0,0.0,0.0,0.0,0.0,0.0,0.0,0.0,0.0,0.0,0.0,0.0,0.0,0.0,0.0,0.0,0.0,0.0,0.0,0.0,0.0,0.0,0.0,0.0,0.0,0.0,0.0,0.0,0.0,0.0,0.0,0.0,0.0,0.0,0.0,0.0,0.0,0.0,0.0,0.0,0.0,0.0,0.0,0.0,0.0,0.0,0.0,0.0,0.0,0.0,0.0,0.0,0.0,0.0,0.0,0.0
1786,0.0,0.0,0.0,0.0,0.0,0.0,0.0,0.0,0.0,0.0,0.0,0.0,0.0,0.0,0.0,0.0,0.0,0.0,0.0,0.0,0.0,0.0,0.0,0.0,0.0,0.0,0.0,0.0,0.0,0.0,0.0,0.0,0.0,0.0,0.0,0.0,0.0,0.0,0.0,0.0,0.0,0.0,0.0,0.0,0.0,0.0,0.0,0.0,0.0,0.0,0.0,0.0,0.0,0.0,0.0,0.0,0.0,0.0,0.0,0.0,0.0,0.0,0.0,0.0,0.0,0.0,0.0,0.0,0.0,0.0,0.0,0.0,0.0,0.0,0.0,0.0,0.0,0.0,0.0,0.0,0.0,0.0,0.0,0.0,0.0,0.0,0.0,0.0,0.0,0.0,0.0,0.0,0.0,0.0,0.0,0.0,0.0,0.0,0.0,0.0,0.0,0.0,0.0,0.0,0.0,0.0,0.0,0.0,0.0,0.0,0.0,0.0,0.0,0.0,0.0,0.0,0.0,0.0,0.0,0.0,0.0,0.0,0.0,0.0,0.0,0.0,0.0,0.0
1788,0.0,0.0,0.0,0.0,0.0,0.0,0.0,0.0,0.0,0.0,0.0,0.0,0.0,0.0,0.0,0.0,0.0,0.0,0.0,0.0,0.0,0.0,0.0,0.0,0.0,0.0,0.0,0.0,0.0,0.0,0.0,0.0,0.0,0.0,0.0,0.0,0.0,0.0,0.0,0.0,0.0,0.0,0.0,0.0,0.0,0.0,0.0,0.0,0.0,0.0,0.0,0.0,0.0,0.0,0.0,0.0,0.0,0.0,0.0,0.0,0.0,0.0,0.0,0.0,0.0,0.0,0.0,0.0,0.0,0.0,0.0,0.0,0.0,0.0,0.0,0.0,0.0,0.0,0.0,0.0,0.0,0.0,0.0,0.0,0.0,0.0,0.0,0.0,0.0,0.0,0.0,0.0,0.0,0.0,0.0,0.0,0.0,0.0,0.0,0.0,0.0,0.0,0.0,0.0,0.0,0.0,0.0,0.0,0.0,0.0,0.0,0.0,0.0,0.0,0.0,0.0,0.0,0.0,0.0,0.0,0.0,0.0,0.0,0.0,0.0,0.0,0.0,0.0
1808,0.0,0.0,0.0,0.0,0.0,0.0,0.0,0.0,0.0,0.827284038066864,0.0,0.0,0.0,0.0,0.0,0.0,0.0,0.0,0.0,0.0,0.0,0.0,0.0,0.0,0.0,0.0,0.0,0.0,0.0,0.0,0.0,0.0,0.0,0.0,0.0,0.0,0.0,0.4235000014305115,0.0,0.0,0.0,0.0,0.0,0.0,0.0,0.0,0.0,0.0,0.0,0.0,0.0,0.0,0.0,0.0,0.0,0.0,0.0,0.0,0.0,0.0,0.0,0.0,0.0,0.0,0.0,0.0,0.0,0.0,0.0,0.0,0.0,0.0,0.0,0.0,0.0,0.0,0.0,0.0,0.0,0.0,0.0,0.0,0.0,0.0,0.0,0.0,0.0,0.2475836724042892,0.0,0.0,0.0,0.0,0.58732670545578,0.0,0.0,0.0,0.0,0.0,0.0,0.0,0.0,0.0,0.0,0.0,0.0,0.0,0.0,0.0,0.0,0.0,0.0,0.0,0.0,0.0,0.0,0.0,0.0,0.0,0.0,0.0,0.0,0.0,0.0,0.0,0.0,0.0,0.0,0.0
1816,0.0,0.0,0.0,0.0,0.0,0.0,0.0,0.0,0.0,0.0,0.0,0.0,0.0,0.0,0.0,0.0,0.0,0.0,0.0,0.0,0.0,0.0,0.0,0.0,0.0,0.0,0.0,0.0,0.0,0.0,0.0,0.0,0.0,0.0,0.0,0.0,0.0,0.0,0.0,0.0,0.0,0.0,0.0,0.0,0.0,0.0,0.0,0.0,0.0,0.0,0.0,0.0,0.0,0.0,0.0,0.0,0.0,0.0,0.0,0.0,0.0,0.0,0.0,0.0,0.0,0.0,0.0,0.0,0.0,0.0,0.0,0.0,0.0,0.0,0.0,0.0,0.0,0.0,0.0,0.0,0.0,0.0,0.0,0.0,0.0,0.0,0.0,0.0,0.0,0.0,0.0,0.0,0.0,0.0,0.0,0.0,0.0,0.0,0.0,0.0,0.0,0.0,0.0,0.0,0.0,0.0,0.0,0.0,0.0,0.0,0.0,0.0,0.0,0.0,0.0,0.0,0.0,0.0,0.0,0.0,0.0,0.0,0.0,0.0,0.0,0.0,0.0,0.0
1825,0.0,0.0,0.0,0.0,0.0,0.0,0.0,0.0,0.0,0.0,0.0,0.0,0.0,0.0,0.0,0.0,0.0,0.0,0.0,0.0,0.0,0.0,0.0,0.0,0.0,0.0,0.0,0.0,0.0,0.0,0.0,0.0,0.0,0.0,0.0,0.0,0.0,0.0,0.0,0.0,0.0,0.0,0.0,0.0,0.0,0.0,0.0,0.0,0.0,0.0,0.0,0.0,0.0,0.0,0.0,0.0,0.0,0.0,0.0,0.0,0.0,0.0,0.0,0.0,0.0,0.0,0.0,0.0,0.0,0.0,0.0,0.0,0.0,0.0,0.0,0.0,0.0,0.0,0.0,0.0,0.0,0.0,0.0,0.0,0.0,0.0,0.0,0.0,0.0,0.0,0.0,0.0,0.0,0.0,0.0,0.0,0.0,0.0,0.0,0.0,0.0,0.0,0.0,0.0,0.0,0.0,0.0,0.0,0.0,0.0,0.0,0.0,0.0,0.0,0.0,0.0,0.0,0.0,0.0,0.0,0.0,0.0,0.0,0.0,0.0,0.0,0.0,0.0
1833,0.0,0.0,0.0,0.0,0.0,0.0,0.0,0.0,0.0,0.0,0.0,0.0,0.0,0.0,0.0,0.0,0.0,0.0,0.0504573360085487,0.0,0.0,0.0,0.1094833314418792,0.0,0.0,0.0,0.0,0.0,0.0,0.0,0.0,0.0,0.0,0.0,0.0,0.0,0.0,0.0,0.0,0.0,0.0,0.0,0.0,0.0,0.0,0.1934376806020736,0.0,0.0,0.0,0.0,0.0,0.0,0.0,0.0,0.0,0.0,0.0,0.0,0.0,0.0,0.0,0.0,0.0,0.0,0.0,0.0,0.0,0.0,0.0,0.0,0.0,0.0,0.0,0.0,0.0,0.0,0.0,0.0,0.0,0.0,0.0,0.0,0.0,0.0,0.0,0.0,0.0,0.0,0.0,0.0,0.0,0.0,0.0,0.0,0.0,0.0,0.0,0.0,0.0,0.0,0.0,0.0,0.0,0.0,0.0,0.0,0.0,0.0,0.0,0.0,0.0,0.0,0.0,0.0,0.0,0.0,0.0,0.0,0.0,0.0,0.0,0.0,0.0,0.0,0.0,0.0,0.0,0.0
1840,0.0,0.0,0.0,0.0,0.0,0.0,0.0,0.0,0.0,0.0,0.0,0.0,0.0,0.0,0.0,0.0,0.0,0.0,0.0,0.0,0.0,0.0,0.0,0.0,0.0,0.0,0.0,0.0,0.0,0.0,0.0,0.0,0.0,0.0,0.0,0.0,0.0,0.0,0.0,0.0,0.0,0.0,0.0,0.0,0.0,0.0,0.0,0.0,0.0,0.0,0.0,0.0,0.0,0.0,0.0,0.0,0.0,0.0,0.0,0.0,0.0,0.0,0.0,0.0,0.0,0.0,0.0,0.0,0.0,0.0,0.0,0.0,0.0,0.0,0.0,0.0,0.0,0.0,0.0,0.0,0.0,0.0,0.0,0.0,0.0,0.0,0.0,0.0,0.0,0.0,0.0,0.0,0.0,0.0,0.0,0.0,0.0,0.0,0.0,0.0,0.0,0.0,0.0,0.0,0.0,0.0,0.0,0.0,0.0,0.0,0.0,0.0,0.0,0.0,0.0,0.0,0.0,0.0,0.0,0.0,0.0,0.0,0.0,0.0,0.0,0.0,0.0,0.0
1850,0.0,0.0,0.0,0.0,0.0,0.0,0.0,0.0,0.0,0.0,0.0,0.8103470206260681,0.0,0.0,0.0,0.7431569695472717,0.0,0.8682420253753662,0.1212939992547035,0.0,0.0,0.0,0.3514599800109863,0.0,0.0,0.0,0.0,0.0813653990626335,0.0,0.0,0.0,0.0,0.0,0.0,0.0,0.0,0.0,0.0,0.9865859746932985,0.0,0.8284620046615601,0.0,0.0,0.0,0.0,0.0,0.0,0.3609459996223449,0.0,0.0,0.0,0.0,0.0,0.0,0.0,0.0,0.0,0.0,0.3530822396278381,0.0,0.0,0.0,0.0,0.0,0.0,0.0,0.0,0.0,0.1932384073734283,0.0,0.381188690662384,0.1723120063543319,0.0,0.2914983332157135,0.1889301985502243,0.1095563396811485,0.0,0.0,0.0,0.0,0.0,0.0,0.0,0.0,0.0,0.0,0.0,0.0,0.0,0.0,0.0,0.6030709743499756,0.0,0.4896129965782165,0.0,0.4096603393554687,0.0,0.1855269968509674,0.4382779896259308,0.0,0.0843299999833107,0.0,0.0,0.0,0.9924219846725464,0.0,0.2218190133571624,0.0,0.6286777257919312,0.0,0.0,0.0,0.969640016555786,0.0,0.0,0.0,0.0,0.2825589776039123,0.0,0.0,0.0,0.0,0.0,0.0,0.0,0.0,0.0,0.0
1856,0.0,0.0,0.0,0.0213469378650188,0.1108810007572174,0.0,0.0,0.0,0.0,0.0,0.0,0.0,0.0,0.0,0.0,0.0,0.0,0.0,0.014487000182271,0.0,0.0,0.0,0.0,0.0,0.0525614991784095,0.0,0.1151309981942176,0.0,0.0,0.0,0.0,0.0,0.0,0.0,0.0,0.0,0.0,0.0,0.0,0.0393934994935989,0.0,0.0,0.0,0.0193706676363945,0.0,0.118267610669136,0.0,0.0,0.0,0.0,0.0,0.0,0.0,0.0,0.0,0.0,0.0,0.0,0.0,0.0,0.0,0.0,0.0,0.0,0.0,0.0,0.0,0.0,0.0,0.0,0.0,0.0,0.0,0.0,0.0,0.0,0.2307180017232895,0.0,0.4486100077629089,0.0,0.0,0.0,0.0,0.0,0.1298294961452484,0.0,0.0,0.0,0.0,0.0,0.0,0.0,0.0,0.0,0.0335830003023147,0.0,0.0,0.0,0.0,0.0,0.0,0.0,0.0,0.0,0.0,0.0120890000835061,0.0,0.0,0.0,0.0,0.0,0.0,0.0,0.0,0.0,0.0,0.0,0.0,0.0,0.0,0.131972000002861,0.0698778331279754,0.0,0.0773179978132247,0.0,0.0,0.0,0.0807069987058639
1858,0.0,0.0,0.0,0.0,0.0,0.0,0.0,0.0,0.0,0.0,0.0,0.0,0.0,0.0,0.0,0.0,0.0,0.0,0.0,0.0,0.0,0.0,0.0,0.0,0.0,0.0,0.0,0.0,0.0,0.0,0.0,0.0,0.0,0.0,0.0,0.0,0.0,0.0,0.0,0.0,0.0,0.0,0.0,0.0,0.0,0.0,0.0,0.0,0.0,0.0,0.0,0.0,0.0,0.0,0.0,0.0,0.0,0.0,0.0,0.0,0.0,0.0,0.0,0.0,0.0,0.0,0.0,0.0,0.0,0.0,0.0,0.0,0.0,0.0,0.0,0.0,0.0,0.0,0.0,0.0,0.0,0.0,0.0,0.0,0.0,0.0,0.0,0.0,0.0,0.0,0.0,0.0,0.0,0.0,0.0,0.0,0.0,0.0,0.0,0.0,0.0,0.0,0.0,0.0,0.0,0.0,0.0,0.0,0.0,0.0,0.0,0.0,0.0,0.0,0.0,0.0,0.0,0.0,0.0,0.0,0.0,0.0,0.0,0.0,0.0,0.0,0.0,0.0
1860,0.0,0.0,0.0,0.0,0.0,0.0,0.0,0.0,0.0,0.0,0.0,0.0,0.0,0.0,0.0,0.0,0.7636560201644897,0.0,0.0,0.1255100071430206,0.6094092130661011,0.0,0.672484815120697,0.4815260171890259,0.0,0.0578165017068386,0.8619700074195862,0.7283301949501038,0.0,0.0,0.7242172956466675,0.975682497024536,0.0,0.0,0.9682862758636476,0.0,0.954674243927002,0.0,0.7238274812698364,0.0,0.0,0.4477323293685913,0.8035079836845398,0.0,0.0,0.5772020220756531,0.0,0.0,0.0,0.0,0.0,0.0,0.6698827147483826,0.0,0.0,0.0,0.0,0.0,0.0,0.0,0.0,0.0,0.0,0.9776796698570251,0.8501835465431213,0.0,0.0,0.0,0.0,0.0,0.0,0.7698614597320557,0.0,0.0,0.0,0.0,0.0,0.2223404943943023,0.0,0.0,0.0068858335725963,0.0,0.0,0.0,0.867887020111084,0.0,0.0,0.0344596654176712,0.0,0.9285907745361328,0.0,0.0,0.7698070406913757,0.0,0.0,0.0,0.0,0.498508483171463,0.0,0.0,0.0,0.0,0.0,0.0,0.0,0.0473764985799789,0.0,0.0,0.0,0.0,0.0,0.0,0.0,0.8973504900932312,0.0,0.0,0.0,0.0,0.0,0.0,0.0,0.0,0.0,0.0,0.0,0.0,0.7963887453079224,0.0
1865,0.0,0.0,0.0,0.0,0.0,0.0,0.0,0.0,0.0,0.0,0.0,0.0,0.0,0.0,0.0,0.0,0.0,0.0,0.0,0.0,0.0,0.0,0.0,0.0,0.0,0.0,0.0,0.0,0.0,0.0,0.0,0.019511941820383,0.0,0.0,0.0,0.0,0.0,0.0,0.0,0.0,0.0,0.0,0.0,0.0,0.0,0.0,0.0,0.0,0.0,0.0,0.0,0.0,0.0,0.0,0.0,0.0,0.0,0.0,0.0,0.0,0.0,0.0352248325943946,0.0,0.0,0.0,0.0,0.0,0.0,0.0,0.0,0.0,0.0,0.0,0.0,0.0,0.0,0.0,0.0,0.0,0.0,0.0,0.0,0.0,0.0,0.0,0.0,0.0,0.0,0.0075334617868065,0.0,0.0,0.0,0.0,0.0,0.0,0.0,0.0,0.0,0.0,0.0,0.0,0.0,0.0,0.0,0.0,0.0,0.0,0.0,0.0,0.0331219360232353,0.0,0.0,0.0,0.0,0.0,0.0,0.0,0.0,0.0,0.0,0.0,0.0,0.0437410846352577,0.0,0.0,0.0,0.0,0.0
1874,0.0,0.0,0.0,0.0,0.3422906994819641,0.0,0.0,0.1108129993081092,0.0,0.0520986430346965,0.1724397540092468,0.3045222163200378,0.0,0.0,0.0,0.4825241267681122,0.0,0.3418345749378204,0.0,0.4373559951782226,0.0,0.0405734293162822,0.3268656432628631,0.0062140002846717,0.0,0.2116942703723907,0.4316474497318268,0.370785653591156,0.0,0.0,0.0,0.0,0.1672790050506591,0.0,0.0,0.2742155790328979,0.3574538230895996,0.0,0.0,0.5506537556648254,0.0,0.0,0.0,0.4368080198764801,0.0,0.2310710251331329,0.1863985508680343,0.2955857515335083,0.0,0.483555257320404,0.0,0.0,0.3612900078296661,0.5367932915687561,0.4667132198810577,0.0,0.3925135433673858,0.0,0.0,0.6112256050109863,0.2806045711040497,0.0,0.3009392619132995,0.0,0.0832740813493728,0.0,0.5801697373390198,0.3537160158157348,0.4838348031044006,0.4198571741580963,0.0,0.3660338521003723,0.0,0.3631165027618408,0.1876473128795623,0.2829483449459076,0.2675545811653137,0.4791114330291748,0.3339127004146576,0.0,0.3338936269283294,0.0,0.4578079283237457,0.3663376569747925,0.4489001035690307,0.213450014591217,0.2331938445568084,0.0,0.3357833921909332,0.279314637184143,0.0,0.2840815782546997,0.2567060887813568,0.2660587430000305,0.1953046172857284,0.5024633407592773,0.0,0.2771365642547607,0.2548024654388428,0.0,0.0,0.326027899980545,0.3035060167312622,0.2891296744346618,0.3816920816898346,0.0,0.0,0.0,0.3946665525436401,0.0,0.0,0.0,0.4252626597881317,0.2754592001438141,0.0,0.3513908982276916,0.2744013369083404,0.2680459320545196,0.0,0.4397578835487366,0.0,0.0,0.3172282874584198,0.0,0.0,0.2369390726089477,0.2631286680698395,0.3244896233081817
1880,0.0,0.1965633183717727,0.0,0.0,0.0837196037173271,0.0,0.0,0.0,0.062069859355688,0.0,0.0,0.0,0.0,0.2746885120868683,0.1844435185194015,0.0,0.7998232841491699,0.636232316493988,0.0,0.1567708104848861,0.0,0.0,0.3154020309448242,0.1212309971451759,0.0,0.0707468837499618,0.0,0.1436640471220016,0.0,0.2079042792320251,0.8693493604660034,0.0,0.0540345348417758,0.6509140729904175,0.3621891140937805,0.0,0.1165426969528198,0.0,0.0,0.1931838244199752,0.0,0.108362391591072,0.9958173632621764,0.2683908939361572,0.746069073677063,0.4238829910755157,0.0,0.11759864538908,0.7959593534469604,0.0,0.0,0.9541720151901244,0.9650579690933228,0.1009644940495491,0.5434620380401611,0.0691257044672966,0.0,0.1094109043478965,0.0,0.0,0.6938052177429199,0.0,0.4923675060272217,0.1159378811717033,0.1242968961596489,0.0865425169467926,0.0,0.0477986671030521,0.0,0.0,0.0,0.139596551656723,0.1981873959302902,0.1074106022715568,0.0,0.8919347524642944,0.1308562159538269,0.0,0.1201153025031089,0.1579251885414123,0.0,0.8161011338233948,0.0,0.2156711369752884,0.0,0.0890306159853935,0.0,0.0,0.0,0.0,0.0967036187648773,0.6261489987373352,0.5322623252868652,0.1108864918351173,0.1522907316684723,0.1428571492433548,0.2189489752054214,0.0,0.0,0.8112688064575195,0.2433177977800369,0.2423103600740432,0.0431415811181068,0.6630296111106873,0.1899949759244918,0.1858730316162109,0.0,0.2037115097045898,0.0778477787971496,0.0,0.1440856456756591,0.0,0.0,0.1717648804187774,0.2996744215488434,0.8196450471878052,0.0,0.1037181317806243,0.0,0.0,0.2567444741725921,0.5113207101821899,0.0398891977965831,0.0,0.0,0.1315596103668213,0.1634498089551925,0.0
1881,0.0,0.0,0.0,0.0,0.0,0.1364931464195251,0.0,0.0,0.0535951666533947,0.0,0.0,0.0,0.0,0.0,0.0,0.0,0.0,0.0,0.0,0.1666666716337204,0.0,0.0,0.0,0.0,0.0,0.0,0.0,0.0,0.0,0.0,0.0,0.0,0.0,0.0,0.0,0.0,0.0,0.0,0.0,0.0,0.0363238528370857,0.0,0.0331131257116794,0.0,0.0,0.0,0.1194650083780288,0.0,0.0,0.0,0.0,0.0,0.0,0.0,0.0,0.0,0.0,0.0,0.0,0.0,0.0971390008926391,0.0,0.0,0.0,0.0,0.0,0.0,0.0,0.0,0.0,0.0,0.0,0.0,0.1069905906915664,0.0,0.0,0.0,0.0,0.0,0.0,0.0,0.0,0.0,0.2064686119556427,0.0,0.0,0.0,0.0,0.0,0.0,0.0,0.0,0.0,0.0,0.0,0.0,0.0,0.0,0.0,0.0,0.0,0.0,0.0,0.0,0.0057317675091326,0.0,0.0,0.0,0.0,0.0,0.0,0.0,0.0,0.1460377722978592,0.0,0.0,0.0387693755328655,0.0,0.0,0.0,0.0,0.0,0.0,0.0,0.0090985912829637,0.0,0.0,0.0
1891,0.0,0.0,0.0,0.0,0.0,0.0,0.0,0.0,0.0,0.0,0.0,0.0,0.0,0.0,0.0,0.0,0.0,0.0,0.0,0.0,0.0,0.0,0.0,0.0,0.0,0.0,0.0,0.0,0.0,0.0,0.0,0.0,0.0,0.0,0.0,0.0,0.0,0.0,0.0,0.0,0.0,0.0,0.069761998951435,0.0,0.0,0.0,0.0,0.0,0.0,0.0,0.0,0.0,0.0,0.0,0.0,0.0,0.0,0.0,0.0,0.0,0.0,0.0,0.0,0.0,0.0,0.0,0.0,0.0,0.0,0.0,0.0,0.0,0.0,0.0,0.0,0.0,0.0109488572925329,0.0,0.0,0.0,0.0,0.0,0.0,0.0,0.0,0.0,0.0,0.0,0.0,0.0,0.0,0.0,0.0,0.0,0.0,0.0,0.0,0.0,0.0,0.0,0.0,0.0,0.0,0.0,0.0,0.0,0.0,0.0,0.0,0.0,0.0,0.0,0.0,0.0,0.0,0.0,0.0,0.0450790002942085,0.0,0.0,0.0,0.0,0.0,0.0,0.0,0.0,0.0,0.0
1899,0.0,0.0,0.0,0.0,0.0,0.0,0.0,0.0,0.0,0.0,0.0,0.0,0.0,0.0,0.0,0.0,0.0,0.0,0.0,0.0,0.0,0.0,0.0,0.0,0.0,0.0,0.0,0.0,0.0,0.0,0.0,0.0,0.0,0.0,0.0,0.0,0.0,0.0,0.0,0.0,0.0,0.0,0.0,0.0,0.0,0.0,0.0,0.0,0.0,0.0,0.0,0.0,0.0,0.0,0.0,0.0,0.0,0.0,0.0,0.0,0.0,0.0,0.0,0.0,0.0,0.0,0.0,0.0,0.0,0.0,0.0,0.0,0.0,0.0,0.0,0.0,0.0,0.0,0.0,0.0,0.0,0.0,0.0,0.0,0.0,0.0,0.0,0.0,0.0,0.0,0.0,0.0,0.0,0.0,0.0,0.0,0.0,0.0,0.0,0.0,0.0,0.0,0.0,0.0,0.0,0.0,0.0,0.0,0.0,0.0,0.0,0.0,0.0,0.0,0.0,0.0,0.0,0.0,0.0,0.0,0.0,0.0,0.0,0.0,0.0,0.0,0.0,0.0
1903,0.0,0.0,0.0,0.0,0.0,0.0,0.0,0.0,0.0,0.0,0.0,0.0,0.0,0.0,0.0,0.0,0.0,0.0,0.0,0.0,0.0,0.0,0.0,0.0,0.0,0.0,0.0,0.0,0.0,0.0,0.0,0.0,0.0,0.0,0.0,0.0,0.0,0.0,0.0,0.0,0.0,0.0,0.0,0.0,0.0,0.0,0.0,0.0,0.0,0.0,0.0,0.0,0.0,0.0,0.0,0.0,0.0,0.0,0.0,0.0,0.0,0.0,0.0,0.0,0.0,0.0,0.0,0.0,0.0,0.0,0.0,0.0,0.0,0.0,0.0,0.0,0.0,0.0,0.0,0.0,0.0,0.0,0.0,0.0,0.0,0.0,0.0,0.0,0.0,0.0,0.0,0.0,0.0,0.0,0.0,0.0,0.0,0.0,0.0,0.0,0.0,0.0,0.0,0.0,0.0,0.0,0.0,0.0,0.0,0.0,0.0,0.0,0.0,0.0,0.0,0.0,0.0,0.0,0.0,0.0,0.0,0.0,0.0,0.0,0.0,0.0,0.0,0.0
1907,0.0,0.0,0.0,0.0,0.0,0.0,0.0,0.0,0.0,0.0,0.0,0.0,0.0,0.0,0.0,0.0,0.0,0.0,0.0,0.0,0.0,0.0,0.0,0.0,0.0,0.0,0.0,0.0,0.0,0.0,0.0,0.0,0.0,0.0,0.0,0.0,0.0,0.0,0.0,0.0,0.0,0.0,0.0,0.0,0.0,0.0,0.0,0.0,0.0,0.0,0.0,0.0,0.0,0.0,0.0,0.0,0.0,0.0,0.0,0.0,0.0,0.0,0.0,0.0,0.0,0.0,0.0,0.0,0.0,0.0,0.0,0.0,0.0,0.0,0.0,0.0,0.0,0.0,0.0,0.0,0.0,0.0,0.0,0.0,0.0,0.0,0.0,0.0,0.0,0.0,0.0,0.0,0.0,0.0,0.0,0.0,0.0,0.0,0.0,0.0,0.0,0.0,0.0,0.0,0.0,0.0,0.0,0.0,0.0,0.0,0.0,0.0,0.0,0.0,0.0,0.0,0.0,0.0,0.0,0.0,0.0,0.0,0.0,0.0,0.0,0.0,0.0,0.0
1911,0.0,0.1980882734060287,0.0,0.0,0.2262048721313476,0.0109142623841762,0.2767184674739837,0.1017382740974426,0.2243906855583191,0.0,0.0,0.0,0.0,0.0,0.0,0.0,0.0,0.0,0.0,0.0,0.2491227239370346,0.2360194325447082,0.0,0.1779032945632934,0.0,0.0,0.0,0.3580467104911804,0.0,0.0,0.1419175565242767,0.2729333937168121,0.0,0.0,0.0,0.0,0.2048997581005096,0.1282683461904525,0.0,0.0,0.0,0.0,0.0,0.1031670495867729,0.0,0.0,0.2518404126167297,0.0,0.0,0.0,0.184096872806549,0.0423855073750019,0.0,0.0,0.3040289580821991,0.0,0.2732013761997223,0.33833047747612,0.2333924770355224,0.0,0.1327013820409774,0.0,0.0,0.0,0.0091071324422955,0.0,0.0,0.0,0.2488986700773239,0.0,0.0,0.0,0.0,0.0,0.0384758748114109,0.0,0.0,0.0,0.1043202430009841,0.0,0.0,0.0,0.0,0.0,0.0249151792377233,0.0,0.0,0.0,0.0,0.0,0.0,0.2143523693084716,0.0289289783686399,0.0,0.0,0.2993855476379394,0.1071347072720527,0.0,0.0050603826530277,0.3080887496471405,0.0,0.0049834041856229,0.0,0.1385180205106735,0.0,0.2612707316875458,0.0136875389143824,0.2584582865238189,0.0,0.0,0.2530154287815094,0.0,0.1458439379930496,0.2436217665672302,0.0,0.2505998313426971,0.0,0.2340974807739257,0.2681950330734253,0.3045055270195007,0.2033823281526565,0.0,0.0,0.0,0.1969726830720901,0.228627324104309,0.1268076449632644,0.0
1920,0.0,0.0,0.0,0.0,0.0,0.0,0.0,0.0,0.0,0.0,0.0,0.0,0.0,0.0,0.0,0.0,0.0,0.0,0.0,0.0,0.0,0.0,0.0,0.0,0.0,0.0,0.0,0.0,0.0,0.0,0.0,0.0,0.0,0.0,0.0,0.0,0.0,0.0,0.0,0.0,0.0,0.0,0.0,0.0,0.0,0.0,0.0,0.0,0.0,0.0,0.0,0.0,0.0,0.0,0.0,0.0,0.0,0.0,0.0,0.0,0.0,0.0,0.0,0.0,0.0,0.0,0.0,0.0,0.0,0.0,0.0,0.0,0.0,0.0,0.0,0.0,0.0,0.0,0.0,0.0,0.0,0.0,0.0,0.0,0.0,0.0,0.0,0.0,0.0,0.0,0.0,0.0,0.0,0.0,0.0,0.0,0.0,0.0,0.0,0.0,0.0,0.0,0.0,0.0,0.0,0.0,0.0,0.006036783568561,0.0,0.0,0.0,0.0,0.0,0.0,0.0,0.0,0.0,0.0,0.0,0.0,0.0,0.0,0.0,0.0,0.0,0.0,0.0,0.0
1931,0.0,0.7632667422294617,0.0,0.0,0.0,0.0,0.555269718170166,0.0,0.6918178796768188,0.0,0.0,0.3912872672080993,0.7414913177490234,0.9409780502319336,0.0,0.0,0.0,0.0,0.0,0.0,0.916214644908905,0.0,0.0,0.0,0.0,0.0,0.0,0.5519901514053345,0.0,0.0,0.0,0.7481840252876282,0.7598415017127991,0.0,0.0,0.567210853099823,0.0,0.0,0.0,0.5653917193412781,0.0,0.0,0.0,0.0,0.0,0.0,0.0,0.0,0.0,0.0,0.0,0.0,0.0,0.0,0.0,0.0,0.0,0.2453108429908752,0.6984130144119263,0.0,0.0,0.248940423130989,0.0,0.0,0.0,0.0,0.0,0.0,0.0,0.0,0.0,0.0,0.0,0.0,0.0,0.3084701895713806,0.0,0.0,0.0,0.3080860376358032,0.0,0.0,0.6928642988204956,0.0,0.0,0.0,0.0,0.0,0.0,0.7214490175247192,0.0,0.5236486792564392,0.648900032043457,0.830479621887207,0.0,0.0,0.0209718998521566,0.7495787143707275,0.0,0.0,0.0,0.0,0.0,0.0,0.0,0.0,0.0,0.0,0.2566496729850769,0.0,0.0,0.0,0.0,0.0,0.0,0.0,0.6393681764602661,0.0,0.5901687145233154,0.3921498954296112,0.1785256266593933,0.0,0.0,0.0,0.0,0.0,0.0,0.4750273823738098
1934,0.0672382116317749,0.0333882607519626,0.0692922994494438,0.092028871178627,0.0,0.1114144995808601,0.0,0.0792238414287567,0.0290173962712287,0.0,0.0,0.0,0.0,0.1308695375919342,0.0,0.1177740544080734,0.0812842771410942,0.1337006986141204,0.0,0.0722334086894989,0.0,0.1352574974298477,0.0,0.1043436527252197,0.0,0.0800552144646644,0.0649305805563926,0.0827282443642616,0.1388302147388458,0.0,0.1417364329099655,0.0,0.0,0.0,0.0,0.1205807700753212,0.0,0.0,0.0,0.1325123608112335,0.0927863344550132,0.0,0.0,0.0332290716469287,0.100528560578823,0.0760384351015091,0.0,0.0,0.1147763654589653,0.0,0.0,0.0,0.0,0.0,0.0203554742038249,0.0715247839689254,0.0,0.0,0.0,0.0326614044606685,0.0587170012295246,0.0,0.0,0.0,0.1346326470375061,0.0,0.0430221855640411,0.0,0.0610678680241107,0.0,0.0602579303085804,0.1017955169081687,0.0,0.0,0.1233767569065094,0.0,0.0732876881957054,0.0,0.0,0.0,0.0779992863535881,0.0,0.0840358883142471,0.0840924605727195,0.1322768777608871,0.0538498051464557,0.0,0.0721457377076149,0.0,0.0,0.0,0.0,0.0,0.0845583006739616,0.1366744190454483,0.0,0.0,0.0,0.0863824114203453,0.1460763961076736,0.0509736388921737,0.1067257672548294,0.0,0.0387037731707096,0.1232648566365242,0.0626818686723709,0.0674933567643165,0.0610067769885063,0.0,0.0,0.0,0.0,0.0,0.0,0.0,0.0954426899552345,0.0,0.1116371154785156,0.0,0.0660973563790321,0.1379859745502472,0.0,0.0,0.0,0.1440525650978088,0.0,0.0,0.0453158840537071
1939,0.0,0.1509144604206085,0.0,0.4828556180000305,0.0,0.0,0.0,0.6984270215034485,0.0,0.0,0.0,0.0,0.0,0.0,0.0,0.0,0.0,0.0,0.0,0.3847554922103882,0.0,0.37612184882164,0.7521104216575623,0.0,0.0,0.6633476614952087,0.3846746385097503,0.7634961009025574,0.1688306480646133,0.0,0.283721774816513,0.5337891578674316,0.0,0.7482631802558899,0.430307388305664,0.3235595226287842,0.0,0.0,0.0,0.0,0.0,0.3844399750232696,0.0,0.3701474964618683,0.0,0.0,0.0,0.0,0.0,0.0,0.0,0.0,0.3634165525436401,0.0,0.0,0.6480168104171753,0.5067865252494812,0.666488528251648,0.0,0.0,0.0,0.0,0.7003147006034851,0.0,0.0,0.0,0.5891892910003662,0.0,0.6869532465934753,0.0,0.0,0.0,0.3289402425289154,0.0,0.0,0.0,0.0,0.241709291934967,0.9906770586967468,0.3928220272064209,0.468594491481781,0.0,0.0,0.0,0.0,0.0,0.0,0.0,0.0,0.0,0.5591562986373901,0.0,0.0,0.0,0.0,0.0,0.3381193578243255,0.0,0.0,0.0,0.0,0.3706245422363281,0.0,0.0,0.0,0.0,0.0,0.0,0.0,0.6557196974754333,0.0,0.6133691072463989,0.0,0.4227172434329986,0.0,0.0,0.0,0.383782684803009,0.0,0.2360918819904327,0.0,0.0,0.0,0.0,0.0,0.6545158624649048,0.0,0.0
1946,0.0,0.0,0.0,0.0,0.0,0.0,0.0,0.0,0.0,0.0,0.0,0.0,0.0,0.0,0.0,0.0,0.0,0.0,0.0,0.0,0.0,0.0,0.0,0.0,0.0,0.0,0.0,0.0,0.0,0.0,0.0,0.0,0.0,0.0,0.0,0.0,0.0,0.0,0.0,0.0,0.0,0.0,0.0,0.0,0.0,0.0,0.0,0.0,0.0,0.0,0.0,0.0,0.0,0.0,0.0,0.0,0.0,0.0,0.0,0.0,0.0,0.0,0.0,0.0,0.0,0.0,0.0,0.0,0.0,0.0,0.0,0.0,0.0,0.0,0.0,0.0,0.0,0.0,0.0,0.0,0.0,0.0,0.0,0.0,0.0,0.0,0.0,0.0,0.0,0.0,0.0,0.0,0.0,0.0,0.0,0.0,0.0,0.0,0.0,0.0,0.0,0.0,0.0,0.0,0.0,0.0,0.0,0.0,0.0,0.0,0.0,0.0,0.0,0.0,0.0,0.0,0.0,0.0,0.0,0.0,0.0,0.0,0.0,0.0,0.0,0.0,0.0,0.0
1958,0.0,0.0,0.0,0.0,0.0,0.0,0.0,0.0,0.0,0.0,0.0,0.0,0.0,0.0,0.0,0.0,0.0,0.0,0.0,0.0,0.0,0.0,0.0,0.0,0.0,0.0,0.0,0.0,0.0,0.0,0.0,0.0,0.0,0.0,0.0,0.0,0.0,0.0,0.0,0.0,0.0,0.0,0.0,0.0,0.148827388882637,0.0,0.0,0.0,0.0,0.0,0.0,0.0,0.0,0.0,0.0,0.0,0.0,0.0,0.0,0.0,0.0,0.0,0.0,0.0,0.0,0.0,0.0,0.0,0.0,0.0,0.0,0.0,0.0,0.0,0.0,0.0,0.0,0.0,0.0,0.0,0.0,0.0,0.0,0.0,0.0,0.0,0.0,0.0,0.0,0.0,0.0,0.0,0.0,0.0,0.0,0.0,0.0,0.0,0.0,0.0,0.0,0.0,0.0,0.0,0.0,0.0,0.0,0.0,0.0,0.0,0.0,0.0,0.0,0.0,0.0,0.0,0.0,0.0,0.0,0.0,0.0,0.0,0.0,0.0,0.0,0.0,0.0,0.164956122636795
1960,0.0,0.0,0.0,0.0,0.0,0.0,0.0,0.0,0.0,0.0,0.0,0.0,0.0,0.0,0.0,0.0,0.0,0.0,0.0,0.0,0.0,0.0,0.0,0.0,0.0,0.0,0.0,0.0,0.0,0.0,0.0,0.0,0.0,0.0,0.0,0.0,0.0,0.0,0.0,0.0,0.0,0.0,0.0,0.0,0.0,0.0,0.0,0.0,0.0,0.0,0.0,0.0,0.0,0.0,0.0,0.0,0.0,0.0,0.0,0.0,0.0,0.0,0.0,0.0,0.0,0.0,0.0,0.0,0.0,0.0,0.0,0.0,0.0,0.0,0.0,0.0,0.0,0.0,0.0,0.0,0.0,0.0,0.0,0.0,0.0,0.0,0.0,0.0,0.0,0.0,0.0,0.0,0.0,0.0,0.0,0.0,0.0,0.0,0.0,0.0,0.0,0.0,0.0,0.0,0.0,0.0,0.0,0.0,0.0,0.0,0.0,0.0,0.0,0.0,0.0,0.0,0.0,0.0,0.0,0.0,0.0,0.0,0.0,0.0,0.0,0.0,0.0,0.0
1976,0.0,0.0,0.0,0.0,0.0,0.0,0.0,0.0,0.0,0.0,0.0,0.0,0.0,0.0,0.0,0.0,0.0,0.0,0.0,0.0,0.0,0.0,0.0,0.0,0.0,0.0,0.0,0.0,0.0,0.0,0.0,0.0,0.0,0.0,0.0,0.0,0.0,0.0,0.0,0.0,0.0,0.0,0.0,0.0,0.0,0.0,0.0,0.0,0.0,0.0,0.0,0.0,0.0,0.0,0.0,0.0,0.0,0.0,0.0,0.0,0.0,0.0,0.0,0.0,0.0,0.0,0.0,0.0,0.0,0.0,0.0,0.0,0.0,0.0,0.0,0.0,0.0,0.0,0.0,0.0,0.0,0.0,0.0,0.0,0.0,0.0,0.0,0.0,0.0,0.0,0.0,0.0,0.0,0.0,0.0,0.0,0.0,0.0,0.0,0.0,0.0,0.0,0.0,0.0,0.0,0.0,0.0,0.0,0.0,0.0,0.0,0.0,0.0,0.0,0.0,0.0,0.0,0.0,0.0,0.0,0.0,0.0,0.0,0.0,0.0,0.0,0.0,0.0
1984,0.0,0.0,0.0,0.0,0.0,0.0,0.0,0.0,0.0,0.0,0.0,0.0,0.0,0.0,0.0,0.0,0.0,0.0,0.0,0.0,0.0,0.0,0.0,0.0,0.0,0.0,0.0,0.0,0.0,0.0,0.0,0.0,0.0,0.0,0.0,0.0,0.0,0.0,0.0,0.0,0.0,0.0,0.0,0.0,0.0,0.0,0.0,0.0,0.0,0.0,0.0,0.0,0.0,0.0,0.0,0.0,0.0,0.0,0.0,0.0,0.0,0.0,0.0,0.0,0.0,0.0,0.0,0.0,0.0,0.0,0.0,0.0,0.0,0.0,0.0,0.0,0.0,0.0,0.0,0.0,0.0,0.0,0.0,0.0,0.0,0.0,0.0,0.0,0.0,0.0,0.0,0.0,0.0,0.0,0.0,0.0,0.0,0.0,0.0,0.0,0.0,0.0,0.0,0.0,0.0,0.0,0.0,0.0,0.0,0.0,0.0,0.0,0.0,0.0,0.0,0.0,0.0,0.0,0.0,0.0,0.0,0.0,0.0,0.0,0.0,0.0,0.0,0.0
1993,0.0,0.0,0.0,0.0,0.0,0.0,0.0,0.0,0.0,0.0,0.0,0.0,0.0,0.0,0.0,0.0,0.0,0.0,0.0,0.0,0.0,0.0,0.0,0.0,0.0,0.0,0.0,0.0,0.0,0.0,0.0,0.0,0.0,0.0,0.0,0.0,0.0,0.0,0.0,0.0,0.0,0.0,0.0,0.0,0.0,0.0,0.0,0.0,0.0,0.0,0.0,0.0,0.0,0.0,0.0,0.0,0.0,0.0,0.0,0.0,0.0,0.0,0.0,0.0,0.0,0.0,0.0,0.0,0.0,0.0,0.0,0.0,0.0,0.0,0.0,0.0,0.0,0.0,0.0,0.0,0.0,0.0,0.0,0.0,0.0,0.0,0.0,0.0,0.0,0.0,0.0,0.0,0.0,0.0,0.0,0.0,0.0,0.0,0.0,0.0,0.0,0.0,0.0,0.0,0.0,0.0,0.0,0.0,0.0,0.0,0.0,0.0,0.0,0.0,0.0,0.0,0.0,0.0,0.0,0.0,0.0,0.0,0.0,0.0,0.0,0.0,0.0,0.0
2001,0.0,0.0,0.0,0.0,0.0,0.0,0.0,0.0,0.0,0.0,0.0,0.0,0.0,0.0,0.0,0.0,0.0,0.0,0.0,0.0,0.0,0.0,0.0093094445765018,0.0,0.0,0.0,0.0,0.0181614160537719,0.0,0.0,0.0,0.0,0.0,0.0,0.0,0.0,0.0,0.0,0.0,0.0,0.0,0.0,0.0,0.0,0.0,0.0,0.0,0.6585419774055481,0.0,0.0,0.0,0.0,0.0,0.0,0.0,0.0,0.0,0.0,0.0,0.0,0.0,0.0510679222643375,0.0,0.0,0.0,0.0096666468307375,0.0,0.0,0.0,0.0,0.0,0.0,0.0,0.0,0.0,0.0,0.0,0.0,0.0,0.0,0.0286442209035158,0.0,0.0,0.0,0.0,0.0,0.0,0.0,0.0,0.0,0.0,0.0,0.0,0.0,0.0,0.0,0.0,0.0,0.0,0.0,0.0,0.0,0.0,0.0,0.0,0.0,0.0,0.0,0.0119326114654541,0.0,0.0,0.0,0.0,0.0,0.0,0.0,0.0,0.0,0.0,0.0841659978032112,0.0,0.0,0.0,0.0,0.0,0.0,0.0,0.0
2005,0.0,0.0,0.0,0.0,0.0,0.0,0.0,0.0,0.0,0.0,0.0,0.0,0.0,0.0,0.0,0.0,0.0,0.0,0.0,0.0,0.0,0.0,0.0,0.0,0.0,0.0,0.0,0.0,0.0,0.0,0.0,0.0,0.0,0.0,0.0,0.0,0.0,0.0,0.0,0.0,0.0,0.0,0.0,0.0,0.0,0.0,0.0,0.0,0.0,0.0,0.0,0.0,0.0,0.0,0.0,0.0,0.0,0.0,0.0,0.0,0.0,0.0,0.0,0.0,0.0,0.0,0.0,0.0,0.0,0.0,0.0,0.0,0.0,0.0,0.0,0.0,0.0,0.0,0.0,0.0,0.0,0.0,0.0,0.0,0.0,0.0,0.0,0.0,0.0,0.0,0.0,0.0,0.0,0.0,0.0,0.0,0.0,0.0,0.0,0.0,0.0,0.0,0.0,0.0,0.0,0.0,0.0,0.0,0.0,0.0,0.0,0.0,0.0,0.0,0.0,0.0,0.0,0.0,0.0,0.0,0.0,0.0,0.0,0.0,0.0,0.0,0.0,0.0
2006,0.0,0.0,0.0,0.0,0.0,0.0,0.0,0.0,0.0,0.0,0.0,0.0,0.0,0.0,0.0,0.0,0.0,0.0,0.0,0.0,0.0,0.0,0.0,0.0,0.0,0.0,0.0,0.0,0.0,0.0,0.0,0.0,0.0,0.0,0.0,0.0,0.0,0.0,0.0,0.0,0.0,0.0,0.0,0.0,0.0,0.0,0.0,0.0,0.0,0.0,0.0,0.0,0.0,0.0,0.0,0.0,0.0,0.0,0.0,0.0,0.0,0.0,0.0,0.0,0.0,0.0,0.0,0.0,0.0,0.0,0.0,0.0,0.0,0.0,0.0,0.0,0.0,0.0,0.0,0.0,0.0,0.0,0.0,0.0,0.0,0.0,0.0,0.0,0.0,0.0,0.0,0.0,0.0,0.0,0.0,0.0,0.0,0.0,0.0,0.0,0.0,0.0,0.0,0.0,0.0,0.0,0.0,0.0,0.0,0.0,0.0,0.0,0.0,0.0,0.0,0.0,0.0,0.0,0.0,0.0,0.0,0.0,0.0,0.0,0.0,0.0,0.0,0.0
2009,0.1380184888839721,0.1752443462610244,0.0900707766413688,0.2091966569423675,0.0857768207788467,0.2174451053142547,0.0316433124244213,0.0,0.2306577116250991,0.1194898709654808,0.2527828216552734,0.0,0.0830627381801605,0.0464240051805973,0.0406882464885711,0.0223758872598409,0.1404646784067154,0.1353088170289993,0.0581281520426273,0.0,0.0,0.1851758360862732,0.0,0.2151899635791778,0.0690997466444969,0.2138661295175552,0.104017786681652,0.1086669042706489,0.0,0.2239693850278854,0.0,0.172945499420166,0.2340520322322845,0.0,0.0741036757826805,0.0865276455879211,0.0,0.0,0.1014256998896598,0.0503723546862602,0.2262601256370544,0.1092230156064033,0.1672681421041488,0.0162230189889669,0.1838438212871551,0.2126686871051788,0.0910162031650543,0.0,0.0468966960906982,0.1726671010255813,0.0863721743226051,0.0,0.1536923050880432,0.0781139060854911,0.1303325295448303,0.1071568578481674,0.1368939131498336,0.1244901493191719,0.0,0.0,0.0,0.2435249388217926,0.0,0.2256134450435638,0.0891690179705619,0.0538998991250991,0.0489150919020175,0.0908999592065811,0.2127417623996734,0.2100262939929962,0.0520651005208492,0.0,0.0845199301838874,0.2162182778120041,0.2169467210769653,0.0591417849063873,0.1373925358057022,0.1328567415475845,0.0697278976440429,0.2622219026088714,0.1624732762575149,0.0,0.0337103940546512,0.1122299507260322,0.1602465957403183,0.0759065896272659,0.0,0.1547141969203949,0.0,0.1164219230413436,0.1077208817005157,0.0,0.3220551609992981,0.0904687270522117,0.1279861479997635,0.1502472162246704,0.0,0.0762836933135986,0.1120965331792831,0.236016571521759,0.0,0.0,0.110156200826168,0.0455411374568939,0.0864951163530349,0.2267564088106155,0.1453631222248077,0.1693472564220428,0.0845298916101455,0.0,0.2143464088439941,0.2342547327280044,0.186874657869339,0.0,0.2346533238887787,0.0,0.1216640472412109,0.0922380238771438,0.2343244105577469,0.196598470211029,0.0,0.2865626513957977,0.0220482405275106,0.0531311221420764,0.0759881287813186,0.2098387032747268,0.0324345007538795,0.1639622449874878
2013,0.2698054313659668,0.2345484942197799,0.0,0.0,0.0,0.0,0.1766957193613052,0.3189980983734131,0.175430029630661,0.1924279332160949,0.3062586188316345,0.1792620420455932,0.0,0.0,0.0,0.2592913210391998,0.0599048100411891,0.2751622200012207,0.0,0.0,0.0,0.2514110207557678,0.0,0.0,0.1978920251131057,0.0,0.0,0.1470368206501007,0.0,0.283142626285553,0.0,0.0,0.0908039659261703,0.2665074169635772,0.1291998475790023,0.0,0.0,0.1445337235927581,0.0,0.3020171523094177,0.0,0.0,0.1930983364582061,0.0,0.1005740165710449,0.0,0.3185943067073822,0.0,0.2790512442588806,0.2326399832963943,0.2888010144233703,0.0,0.0,0.0,0.2637728452682495,0.1833476126194,0.0,0.0,0.2464439570903778,0.0,0.0853943452239036,0.0,0.0,0.0,0.1902911812067031,0.0,0.0,0.0788358226418495,0.0,0.0,0.0,0.0,0.0,0.1387257575988769,0.2056577354669571,0.1886500269174575,0.0,0.0,0.0,0.1159163266420364,0.0,0.2052658051252365,0.0,0.0,0.0,0.152458980679512,0.1931154429912567,0.0,0.0361565798521041,0.0,0.1318456530570984,0.0,0.0,0.0528006963431835,0.0,0.0,0.0458028055727481,0.34211266040802,0.0,0.0,0.0,0.1328631490468979,0.0,0.0269192680716514,0.0318340919911861,0.1993245780467987,0.0,0.0,0.0,0.0,0.0,0.1401469856500625,0.0,0.0,0.1381772607564926,0.1015947684645652,0.0,0.0,0.2715078890323639,0.0,0.0,0.0,0.0,0.0,0.0943573564291,0.3338614106178283,0.1127089262008667,0.0414256080985069
2015,0.6423332691192627,0.0,0.6131759881973267,0.2348303347826004,0.3733155131340027,0.0,0.0,0.0,0.0,0.7110762596130371,0.0,0.0,0.0,0.0,0.0,0.0,0.0806187540292739,0.5101810097694397,0.2243454605340957,0.6144973635673523,0.2980495095252991,0.0279517173767089,0.0447020009160041,0.4416703879833221,0.3733470439910888,0.0,0.0,0.2504010200500488,0.3726238906383514,0.7823774218559265,0.0424225032329559,0.5710483193397522,0.0,0.1618847548961639,0.42757248878479,0.0,0.1826740056276321,0.6200041174888611,0.437394231557846,0.229222685098648,0.028133001178503,0.0,0.3602093458175659,0.0,0.7423657178878784,0.5739486813545227,0.6323660612106323,0.1201815009117126,0.0,0.1784940063953399,0.0,0.3108385503292084,0.2313385009765625,0.0,0.0894603356719017,0.0363784991204738,0.0,0.6874483823776245,0.0939774066209793,0.0658333301544189,0.2569482624530792,0.2746375799179077,0.6347759962081909,0.3113900125026703,0.453991174697876,0.4566289484500885,0.0,0.4663983881473541,0.0,0.2832126319408417,0.5253670811653137,0.6173186898231506,0.5986849665641785,0.7786632776260376,0.691950261592865,0.2549811601638794,0.3781802356243133,0.6133851408958435,0.9977044463157654,0.745529055595398,0.1174290031194686,0.0640212520956993,0.2770017981529236,0.0177945997565984,0.8732955455780029,0.1023347973823547,0.5080472230911255,0.1881112456321716,0.1749177575111389,0.7027617692947388,0.8943626880645752,0.7327167987823486,0.0320785008370876,0.1746625900268554,0.0858504995703697,0.0135137503966689,0.0,0.3914806842803955,0.3449326753616333,0.8768289685249329,0.0,0.4900476634502411,0.7026814818382263,0.0,0.0,0.1435524076223373,0.3303256332874298,0.615407407283783,0.1202783435583114,0.0785972476005554,0.3134142458438873,0.1225484013557434,0.2409288138151168,0.3454276621341705,0.2389549911022186,0.1142476126551628,0.0,0.2745830118656158,0.6980233192443848,0.6238676309585571,0.1256937533617019,0.204814001917839,0.1092530041933059,0.0,0.6458796858787537,0.0,0.3947232067584991,0.129417598247528
2024,0.0,0.0,0.0,0.0,0.0,0.0,0.0,0.0,0.0,0.0,0.0,0.0,0.0,0.0,0.0,0.0,0.0,0.0,0.0,0.0,0.0,0.0,0.0,0.0,0.0,0.0,0.0,0.0,0.0,0.0,0.0,0.0,0.0,0.0,0.0,0.0,0.0,0.0,0.0,0.0,0.0,0.0,0.0,0.0,0.0,0.0,0.0,0.0,0.0,0.0,0.0,0.0,0.0,0.0,0.0,0.0,0.0,0.0,0.0,0.0,0.0,0.0,0.0,0.0,0.0,0.0,0.0,0.0,0.0,0.0,0.0,0.0,0.0,0.0,0.0,0.0,0.0,0.0,0.0,0.0,0.0,0.0,0.0,0.0,0.0,0.0,0.0,0.0,0.0,0.0,0.0,0.0,0.0,0.0,0.0,0.0,0.0,0.0,0.0,0.0,0.0,0.0,0.0,0.0,0.0,0.0,0.0,0.0,0.0,0.0,0.0,0.0,0.0,0.0,0.0,0.0,0.0,0.0,0.0,0.0,0.0,0.0,0.0,0.0,0.0,0.0,0.0,0.0
2026,0.9371703267097472,0.9320657849311828,0.9140482544898988,0.9461787343025208,0.9791841506958008,0.9554216861724854,0.8940146565437317,0.9563971161842346,0.94583660364151,0.9523653388023376,0.960570216178894,0.925037682056427,0.9479559063911438,0.9068003296852112,0.0,0.9074617028236388,0.887538731098175,0.9555465579032898,0.9886549711227416,0.947322964668274,0.989438533782959,0.9594127535820008,0.9914669990539552,0.8413325548171997,0.937228500843048,0.9649064540863036,0.9312461018562316,0.9922083616256714,0.9615590572357178,0.9061179757118224,0.9940627813339232,0.9895542860031128,0.923401951789856,0.9303938150405884,0.9345921277999878,0.9238778948783876,0.9703972935676576,0.8194567561149597,0.8938719034194946,0.9462757110595704,0.9163370132446288,0.984000325202942,0.8917971253395081,0.9361091256141664,0.991327166557312,0.937860667705536,0.9781715273857116,0.9616853594779968,0.9393996000289916,0.9826363921165466,0.922540009021759,0.9330229759216307,0.9190129041671752,0.9740355014801024,0.9826105833053588,0.8898866176605225,0.9873772263526917,0.941624641418457,0.929409384727478,0.9079211354255676,0.9096065163612366,0.9023036956787108,0.9008749723434448,0.910456120967865,0.9493478536605836,0.9360949397087096,0.8454915881156921,0.9821774959564208,0.94329172372818,0.942668318748474,0.9964858293533324,0.9179421067237854,0.8661152124404907,0.8972342014312744,0.9746860265731812,0.904997944831848,0.9333034157752992,0.9637432098388672,0.9543612003326416,0.8337898850440979,0.976045787334442,0.9918376803398132,0.944747269153595,0.9537139534950256,0.9924597144126892,0.9930890798568726,0.8917669057846069,0.940725803375244,0.8351130485534668,0.9339606761932372,0.936099886894226,0.929836094379425,0.9422005414962769,0.9384193420410156,0.9726884961128236,0.8945407867431641,0.9880773425102234,0.9270805716514589,0.9325129985809326,0.9188433289527892,0.98259174823761,0.9360148310661316,0.9301274418830872,0.942373514175415,0.9822509288787842,0.8620931506156921,0.8381684422492981,0.9953830242156982,0.8761837482452393,0.8840751647949219,0.9334045648574828,0.925639033317566,0.9516960382461548,0.9702873826026917,0.9012899398803712,0.9527087211608888,0.9005566835403442,0.8904256820678711,0.8992246389389038,0.0,0.8209662437438965,0.9879575371742249,0.941971480846405,0.9918065667152404,0.9924859404563904,0.8996558785438538,0.9858513474464417,0.9546237587928772
2034,0.0,0.0,0.0,0.0,0.0,0.0,0.0,0.0,0.0,0.0,0.0,0.0,0.0,0.0,0.0,0.0,0.0,0.0,0.0,0.0,0.0,0.0,0.0,0.0,0.0,0.0,0.0,0.0,0.0,0.0,0.0,0.0,0.0,0.0,0.0,0.0,0.0,0.0,0.0,0.0,0.0,0.0,0.0,0.0,0.0,0.0,0.0,0.0,0.0,0.0,0.0,0.0,0.0,0.0,0.0,0.0,0.0,0.0,0.0,0.0,0.0,0.0,0.0,0.0,0.0,0.0,0.0,0.0,0.0,0.0,0.0,0.0,0.0,0.0,0.0,0.0,0.0,0.0,0.0,0.0,0.0,0.0,0.0,0.0,0.0,0.0,0.0,0.0,0.0,0.0,0.0,0.0,0.0,0.0,0.0,0.0,0.0,0.0,0.0,0.0,0.0,0.0,0.0,0.0,0.0,0.0,0.0,0.0,0.0,0.0,0.0,0.0,0.0,0.0,0.0,0.0,0.0,0.0,0.0,0.0,0.0,0.0,0.0,0.0,0.0,0.0,0.0,0.0
2039,0.0,0.0,0.0,0.0,0.0,0.0,0.0,0.0,0.0,0.0,0.0,0.0,0.0,0.0,0.0,0.0,0.0,0.0,0.0,0.0,0.0,0.0,0.0,0.0,0.0,0.0,0.0,0.0,0.0,0.0,0.0,0.0,0.0,0.0,0.0,0.0,0.0,0.0,0.0,0.0,0.0,0.0,0.0,0.0,0.0,0.0,0.0,0.0,0.0,0.0,0.0,0.0,0.0,0.0,0.0,0.0,0.0,0.0,0.0,0.0,0.0,0.0,0.0,0.0,0.0,0.0,0.0,0.0,0.0,0.0,0.0,0.0,0.0,0.0,0.0,0.0,0.0,0.0,0.0,0.0,0.0,0.0,0.0,0.0,0.0,0.0,0.0,0.0,0.0,0.0,0.0,0.0,0.0,0.0,0.0,0.0,0.0,0.0,0.0,0.0,0.0,0.0,0.0,0.0,0.0,0.0,0.0,0.0,0.0,0.0,0.0,0.0,0.0,0.0,0.0,0.0,0.0,0.0,0.0,0.0,0.0,0.0,0.0,0.0,0.0,0.0,0.0,0.0
2044,0.0294384583830833,0.0711351186037063,0.0,0.2837136089801788,0.0,0.0275242291390895,0.4526560008525848,0.3972926139831543,0.0776968970894813,0.0949427634477615,0.1263612061738968,0.3283048570156097,0.2326353639364242,0.3643737733364105,0.1556685268878936,0.1888673156499862,0.3533044755458832,0.4890228807926178,0.2608602344989776,0.1409502774477005,0.2194993197917938,0.4061412811279297,0.2895016372203827,0.2537579536437988,0.6488372087478638,0.2952576875686645,0.4082524478435516,0.1115406304597854,0.2953869998455047,0.3343889713287353,0.0484132170677185,0.3620280027389526,0.2355764806270599,0.153569608926773,0.580086886882782,0.0,0.3385754823684692,0.0865504145622253,0.344692051410675,0.375601053237915,0.2472146451473236,0.3109424710273742,0.3375774323940277,0.4069220125675201,0.4774031639099121,0.213651567697525,0.2979280054569244,0.1942903399467468,0.2959516048431396,0.1400709003210067,0.3776607513427734,0.0,0.252623975276947,0.1866105645895004,0.0,0.2941682040691376,0.2727742791175842,0.0536589995026588,0.3320928812026977,0.2985993921756744,0.3239576518535614,0.3215883076190948,0.3700008392333984,0.318758100271225,0.2822116911411285,0.0,0.4198338687419891,0.202887162566185,0.3481257259845733,0.4345176815986633,0.112178087234497,0.2434773743152618,0.2265883088111877,0.4136209487915039,0.3071586489677429,0.2359031438827514,0.3219119310379028,0.1885332614183426,0.2376369535923004,0.0,0.2293107360601425,0.3416291773319244,0.1772541999816894,0.5450819730758667,0.5550569295883179,0.292884349822998,0.0417078360915184,0.0,0.2839979529380798,0.1790332794189453,0.3277739882469177,0.3312665224075317,0.3750674724578857,0.5039017796516418,0.1164226084947586,0.1860841959714889,0.2201689481735229,0.17564257979393,0.0,0.3263643383979797,0.0,0.4981032907962799,0.1824908703565597,0.336735337972641,0.3909277021884918,0.1330941468477249,0.1866085827350616,0.3534078001976013,0.0,0.0,0.4877669811248779,0.1626764088869094,0.0770832374691963,0.0,0.3487054109573364,0.1781000941991806,0.0,0.3794452846050262,0.2660093307495117,0.1293439418077469,0.6310858726501465,0.3169929385185241,0.0184679217636585,0.1719612330198288,0.0,0.3024609088897705,0.2233869284391403,0.2823176681995392
2048,0.9611822962760924,0.9878968000411988,0.9647579193115234,0.8759516477584839,0.8783331513404846,0.8599317073822021,0.8954991102218628,0.924623966217041,0.971566379070282,0.9759588241577148,0.1409710943698883,0.6566333174705505,0.900797963142395,0.9334333539009094,0.8758804202079773,0.9760234355926514,0.9816973209381104,0.8291975855827332,0.949100375175476,0.9830157160758972,0.976823091506958,0.9414097666740416,0.9341217279434204,0.8112027049064636,0.851772129535675,0.9916526079177856,0.9822100400924684,0.944282054901123,0.8013257384300232,0.8684254884719849,0.9173719882965088,0.88337641954422,0.9475363492965698,0.9138033390045166,0.9299871921539308,0.7295229434967041,0.8473879098892212,0.5311039090156555,0.9214212894439696,0.9522258043289183,0.7246881723403931,0.9820674657821656,0.7914267182350159,0.0,0.8246495127677917,0.95583176612854,0.9094969630241394,0.9415822625160216,0.93155699968338,0.8731513023376465,0.1053802222013473,0.9256681203842164,0.0,0.3075322806835174,0.960909068584442,0.8770658373832703,0.9732630252838136,0.9579827785491944,0.0,0.0,0.9439889788627625,0.9595629572868348,0.9528645277023317,0.3256634175777435,0.9659962058067322,0.8635085821151733,0.8954367637634277,0.8741394877433777,0.8494101762771606,0.9392341375350952,0.9917939901351928,0.8377260565757751,0.0,0.1611855626106262,0.0,0.4207795262336731,0.9467262625694276,0.9332096576690674,0.866548478603363,0.0,0.9715108275413512,0.8523050546646118,0.8795775175094604,0.9151774048805236,0.9905184507369996,0.9709471464157104,0.8557907342910767,0.9656508564949036,0.3257662653923034,0.9295470118522644,0.9087182879447936,0.8588201403617859,0.8131361603736877,0.9558427929878236,0.9552650451660156,0.5924009084701538,0.9036192893981934,0.9041975736618042,0.8729364275932312,0.8759838938713074,0.964730739593506,0.9381158351898192,0.667465090751648,0.9859632849693298,0.7920898199081421,0.6225453615188599,0.0,0.9445581436157228,0.9124893546104432,0.8953703045845032,0.9498265385627748,0.8985371589660645,0.1994034647941589,0.9525994658470154,0.9919824600219728,0.2100564986467361,0.9459131956100464,0.8746975064277649,0.7650002837181091,0.9592738151550292,0.7703527212142944,0.9417635798454284,0.9714769721031188,0.0,0.9715678691864014,0.951132833957672,0.9529646635055542,0.9892416000366212
2053,0.0,0.0,0.0,0.0,0.0,0.0,0.0,0.0,0.0,0.0,0.0,0.0,0.0,0.0,0.0,0.0,0.0,0.0,0.0,0.0,0.0,0.0,0.0,0.0,0.0,0.0,0.0,0.0,0.0,0.0,0.0,0.0,0.0,0.0,0.0,0.0,0.0,0.0,0.0,0.0,0.0,0.0,0.0,0.0,0.0,0.0,0.0,0.0,0.0,0.0,0.0,0.0,0.0,0.0,0.0,0.0,0.0,0.0,0.0,0.0,0.0,0.0,0.0,0.0,0.0,0.0,0.0,0.0,0.0,0.0,0.0,0.0,0.0,0.0,0.0,0.0,0.0,0.0,0.0,0.0,0.0,0.0,0.0,0.0,0.0,0.0,0.0,0.0,0.0,0.0,0.0,0.0,0.0,0.0,0.0,0.0,0.0,0.0,0.0,0.0,0.0,0.0,0.0,0.0,0.0,0.0,0.0,0.0,0.0,0.0,0.0,0.0,0.0,0.0,0.0,0.0,0.0,0.0,0.0,0.0,0.0,0.0,0.0,0.0,0.0,0.0,0.0,0.0
2058,0.0,0.0,0.0,0.0,0.0,0.0,0.0,0.0,0.0,0.0,0.0,0.0,0.0,0.0,0.0,0.0,0.0,0.0,0.0,0.0,0.0,0.0,0.0,0.0,0.0,0.0,0.0,0.0,0.0,0.0,0.0,0.0,0.0,0.0,0.0,0.0,0.0,0.0,0.0,0.0,0.0,0.0,0.0,0.0,0.0,0.0,0.0,0.0,0.0,0.0,0.0,0.0,0.0,0.0,0.0,0.0,0.0,0.0,0.0,0.0,0.0,0.0,0.0,0.0,0.0,0.0,0.0,0.0,0.0,0.0,0.0,0.0,0.0,0.0,0.0,0.0,0.0,0.0,0.0,0.0,0.0,0.0,0.0,0.0,0.0,0.0,0.0,0.0,0.0,0.0,0.0,0.0,0.0,0.0,0.0,0.0,0.0,0.0,0.0,0.0,0.0,0.0,0.0,0.0,0.0,0.0,0.0,0.0,0.0,0.0,0.0,0.0,0.0,0.0,0.0,0.0,0.0,0.0,0.0,0.0,0.0,0.0,0.0,0.0,0.0,0.0,0.0,0.0
2060,0.0239136852324008,0.0228694155812263,0.0,0.0134508339688181,0.0,0.0,0.0,0.0,0.0149260777980089,0.0069792503491044,0.0125004444271326,0.0,0.0193081013858318,0.0,0.0,0.0,0.0,0.0,0.0,0.0,0.0318112932145595,0.0,0.0,0.0,0.0,0.0371493324637413,0.0,0.0222000926733016,0.0,0.0,0.0,0.0,0.0,0.0,0.0,0.0074799000285565,0.0,0.0,0.0196002218872308,0.0,0.0,0.0,0.0,0.0,0.0,0.0,0.0,0.0227692499756813,0.0,0.0,0.0501095540821552,0.0,0.0,0.0,0.0,0.0,0.0,0.0,0.0,0.0,0.0,0.0191411823034286,0.0,0.0,0.0,0.0,0.0,0.0,0.0,0.0,0.0,0.0228310618549585,0.0,0.0,0.0,0.0,0.0283455401659011,0.0,0.0,0.0,0.0,0.0,0.0164417997002601,0.0,0.0,0.0,0.0,0.0,0.0,0.0,0.0,0.0,0.0156836006790399,0.0,0.0,0.0301775895059108,0.0312853008508682,0.0,0.0,0.0,0.0,0.0,0.0,0.0,0.0,0.0,0.0,0.0,0.0,0.0,0.0,0.0,0.0,0.0,0.0687462016940116,0.0,0.0,0.0,0.0,0.0,0.0,0.0,0.0,0.0,0.016682356595993,0.0,0.0,0.0
2062,0.0,0.0,0.0,0.0,0.0,0.0,0.0,0.0,0.0,0.0,0.0,0.0,0.0,0.0,0.0,0.0,0.0,0.0,0.0,0.0,0.0,0.0,0.0,0.0,0.0,0.0,0.0,0.0,0.0,0.0,0.0,0.0,0.0,0.0,0.0,0.0,0.0,0.0,0.0,0.0,0.0,0.0,0.0,0.0,0.0,0.0,0.0,0.0,0.0,0.0,0.0,0.0,0.0,0.0,0.0,0.0,0.0,0.0,0.0,0.0,0.0,0.0,0.0,0.0,0.0,0.0,0.0,0.0,0.0,0.0,0.0,0.0,0.0,0.0,0.0,0.0,0.0,0.0,0.0,0.0,0.0,0.0,0.0,0.0,0.0,0.0,0.0,0.0,0.0,0.0,0.0,0.0,0.0,0.0,0.0,0.0,0.0,0.0,0.0,0.0,0.0,0.0,0.0,0.0,0.0,0.0,0.0,0.0,0.0,0.0,0.0,0.0,0.0,0.0,0.0,0.0,0.0,0.0,0.0,0.0,0.0,0.0,0.0,0.0,0.0,0.0,0.0,0.0
2072,0.0,0.0,0.0,0.0,0.0,0.0,0.0,0.0,0.0,0.0,0.0,0.0,0.0,0.0,0.0,0.0,0.0,0.0,0.0,0.0,0.0,0.0,0.0,0.0,0.0,0.0,0.0,0.0,0.0,0.0,0.0,0.0,0.0,0.0,0.0,0.0,0.0,0.0,0.0,0.0,0.0,0.0,0.0,0.0,0.0,0.0,0.0,0.0,0.0,0.0,0.0,0.0,0.0,0.0,0.0,0.0,0.0,0.0,0.0,0.0,0.0,0.0,0.0,0.0,0.0,0.0,0.0,0.0,0.0,0.0,0.0,0.0,0.0,0.0,0.0,0.0,0.0,0.0,0.0,0.0,0.0,0.0,0.0,0.0,0.0,0.0,0.0,0.0,0.0,0.0,0.0,0.0,0.0,0.0,0.0,0.0,0.0,0.0,0.0,0.0,0.0,0.0,0.0,0.0,0.0,0.0,0.0,0.0,0.0,0.0,0.0,0.0,0.0,0.0,0.0,0.0,0.0,0.0,0.0,0.0,0.0,0.0,0.0,0.0,0.0,0.0,0.0,0.0
2094,0.0,0.0,0.0,0.604459285736084,0.0,0.0,0.3112240135669708,0.0,0.0,0.0,0.3481733798980713,0.0,0.0,0.0,0.0,0.2392240017652511,0.0,0.0,0.3002417087554931,0.0,0.0,0.0,0.0,0.0,0.0,0.0,0.2543686032295227,0.0,0.2684203684329986,0.2564656734466553,0.0,0.4935482740402221,0.0,0.0,0.0,0.0,0.0,0.0,0.0,0.0,0.0,0.0,0.0,0.5061657428741455,0.0,0.0,0.3395673334598541,0.0,0.3951737284660339,0.5137421488761902,0.3317963182926178,0.0,0.0,0.0,0.4601751267910003,0.0,0.0,0.0,0.0,0.0,0.3453535139560699,0.0,0.0,0.0,0.0,0.0,0.0,0.0,0.0,0.0,0.0,0.383797287940979,0.0,0.0,0.0,0.0,0.2124088108539581,0.0,0.0,0.9051494598388672,0.0,0.0,0.3864014446735382,0.0,0.3066907525062561,0.0,0.3600451052188873,0.0,0.0,0.0,0.0,0.2760790884494781,0.0,0.0,0.0,0.3627947568893432,0.0,0.0,0.0,0.2226107567548751,0.0,0.0,0.0,0.0,0.5504445433616638,0.0,0.0,0.0,0.0,0.4077633023262024,0.0,0.3198581635951996,0.0,0.2501276135444641,0.0,0.0,0.4872008264064789,0.0,0.0,0.1972128748893737,0.0,0.0,0.0,0.0,0.2586548328399658,0.0,0.0,0.3663731515407562
2100,0.0,0.0,0.0,0.0774179399013519,0.0,0.0,0.0,0.0560023002326488,0.0,0.0,0.0,0.0,0.0,0.0,0.0,0.0,0.0,0.0,0.0,0.0,0.0,0.0,0.0,0.0,0.0,0.0,0.0,0.0,0.0,0.0,0.103003479540348,0.0,0.0,0.0,0.0,0.0456999018788337,0.0,0.0,0.0,0.0,0.0,0.0,0.0728214532136917,0.0,0.0,0.0,0.0,0.0,0.0,0.0,0.0,0.0,0.0,0.0,0.0,0.0,0.0,0.0677157863974571,0.0,0.0,0.0,0.0,0.0,0.0,0.0,0.0376110784709453,0.0,0.0,0.0,0.0,0.0,0.0,0.0,0.0,0.0,0.0,0.0,0.0178623329848051,0.0,0.0,0.0,0.0,0.0212815087288618,0.0,0.0,0.0,0.0,0.0,0.0,0.0,0.0,0.0906460210680961,0.0,0.0,0.0,0.0,0.0,0.0,0.0,0.118448369204998,0.0,0.0,0.0,0.0,0.015312080271542,0.0,0.0970034897327423,0.0,0.0,0.0,0.0,0.0,0.0,0.0394797399640083,0.0,0.0,0.0,0.0,0.0,0.0305763222277164,0.0,0.028551623225212,0.0,0.0,0.0,0.0,0.0,0.1956210881471634
2105,0.0,0.0,0.0,0.0,0.0,0.0,0.0,0.0,0.0,0.0,0.0,0.0,0.0,0.0,0.0,0.0,0.0,0.961012065410614,0.9608997702598572,0.8795717358589172,0.3662282824516296,0.067165121436119,0.7850836515426636,0.0,0.0551901683211326,0.9650545120239258,0.2736607193946838,0.9043113589286804,0.0179131254553794,0.0,0.9444536566734314,0.0,0.8625073432922363,0.0,0.992709457874298,0.0812783762812614,0.7180275917053223,0.9982045292854308,0.0,0.0067066666670143,0.0,0.0522503741085529,0.0,0.0,0.862034797668457,0.0,0.0,0.584275484085083,0.0,0.1752397567033767,0.0,0.8785294890403748,0.0,0.0532843358814716,0.977600395679474,0.0,0.0,0.9765222668647766,0.0,0.0,0.0,0.0,0.6080164313316345,0.1261298805475235,0.928463339805603,0.9922976493835448,0.1258846670389175,0.0,0.0,0.036744225770235,0.0,0.96333646774292,0.9937182664871216,0.0,0.0,0.0,0.0,0.154469296336174,0.9781397581100464,0.9943035244941713,0.9825042486190796,0.734213650226593,0.947360634803772,0.960000455379486,0.0,0.985178768634796,0.0327292494475841,0.9268396496772766,0.0,0.091532215476036,0.3510735929012298,0.1171052232384681,0.9508487582206726,0.0,0.0,0.9746801257133484,0.2459311634302139,0.9982520937919616,0.9870936870574952,0.2898202538490295,0.1992372125387191,0.032779287546873,0.9199461340904236,0.0,0.9739791750907898,0.9147672653198242,0.9807155728340148,0.0058212499134242,0.0,0.9189783334732056,0.0899451225996017,0.8896716833114624,0.0,0.89954674243927,0.0,0.0,0.9763877391815186,0.9851583242416382,0.0,0.9991306662559508,0.8980169296264648,0.0277509987354278,0.0,0.2359225898981094,0.8925142288208008,0.0346975736320018,0.0,0.4785591661930084
2122,0.0,0.0,0.0,0.0,0.0,0.0,0.0,0.0,0.0,0.0,0.0,0.0,0.0,0.0,0.0,0.0,0.0,0.0,0.0,0.0,0.0,0.0,0.0,0.0,0.0,0.0,0.0,0.0,0.0,0.0,0.0,0.0,0.0,0.0,0.0,0.0,0.0,0.0,0.0,0.0,0.0,0.0,0.0,0.0,0.0,0.0,0.0,0.0,0.0,0.0,0.0,0.0,0.0,0.0,0.0,0.0,0.0,0.0,0.0,0.0,0.0,0.0,0.0,0.0,0.0,0.0,0.0,0.0,0.0,0.0,0.0,0.0,0.0,0.0,0.0,0.0,0.0,0.0,0.0,0.0,0.0,0.0,0.0,0.0,0.0,0.0,0.0,0.0,0.0,0.0,0.0,0.0,0.0,0.0,0.0,0.0,0.0,0.0,0.0,0.0,0.0,0.0,0.0,0.0,0.0,0.0,0.0,0.0,0.0,0.0,0.0,0.0,0.0,0.0,0.0,0.0,0.0,0.0,0.0,0.0,0.0,0.0,0.0,0.0,0.0,0.0,0.0,0.0
2125,0.0,0.0,0.0,0.0,0.0,0.0,0.0,0.0,0.0,0.0,0.0,0.0,0.0,0.0,0.0,0.0,0.0,0.0,0.0,0.0,0.0,0.0,0.0,0.0,0.0,0.0,0.0,0.0,0.0,0.0,0.0,0.0,0.0,0.0,0.0,0.0,0.0,0.0,0.0,0.0,0.0,0.0,0.0,0.0,0.0,0.0,0.0,0.0,0.0,0.0,0.0,0.0,0.0,0.0,0.0,0.0,0.0,0.0,0.0,0.0,0.0,0.0,0.0,0.0,0.0,0.0,0.0,0.0,0.0,0.0,0.0,0.0,0.0,0.0,0.0,0.0,0.0,0.0,0.0,0.0,0.0,0.0,0.0,0.0,0.0,0.0,0.0,0.0,0.0,0.0,0.0,0.0,0.0,0.0,0.0,0.0,0.0,0.0,0.0,0.0,0.0,0.0,0.0,0.0,0.0,0.0,0.0,0.0,0.0,0.0,0.0,0.0,0.0,0.0,0.0,0.0,0.0,0.0,0.0,0.0,0.0,0.0,0.0,0.0,0.0,0.0,0.0,0.0
2128,0.0,0.0,0.0,0.0,0.0,0.0,0.0,0.0,0.0,0.0,0.0,0.0,0.0,0.0,0.0,0.0,0.0,0.0,0.0,0.0,0.0,0.0,0.0,0.0,0.0,0.0,0.0,0.0,0.0,0.0,0.0,0.0,0.0,0.0,0.0,0.0,0.0,0.0,0.0,0.0,0.0,0.0,0.0,0.0,0.0,0.0,0.0,0.0,0.0,0.0,0.0,0.0,0.0,0.0,0.0,0.0,0.0,0.0,0.0,0.0,0.0,0.0,0.0,0.0,0.0,0.0,0.0,0.0,0.0,0.0,0.0,0.0,0.0,0.0,0.0,0.0,0.0,0.0,0.0,0.0,0.0,0.0,0.0,0.0,0.0,0.0,0.0,0.0,0.0,0.0,0.0,0.0,0.0,0.0,0.0,0.0,0.0,0.0,0.0,0.0,0.0,0.0,0.0,0.0,0.0,0.0,0.0,0.0,0.0,0.0,0.0,0.0,0.0,0.0,0.0,0.0,0.0,0.0,0.0,0.0,0.0,0.0,0.0,0.0,0.0,0.0,0.0,0.0
2129,0.0,0.0,0.0,0.0,0.0,0.0,0.0,0.0,0.0,0.0,0.0,0.0,0.0,0.0,0.0,0.0,0.0,0.0,0.0,0.0,0.0,0.0,0.0,0.0,0.0,0.0,0.0,0.0,0.0,0.0,0.0,0.0,0.0,0.0,0.0,0.0,0.0,0.0,0.0,0.0,0.0,0.0,0.0,0.0,0.0,0.0,0.0,0.0,0.0,0.0,0.0,0.0,0.0,0.0,0.0,0.0,0.0,0.0,0.0,0.0,0.0,0.0,0.0,0.0,0.0,0.0,0.0,0.0,0.0,0.0,0.0,0.0,0.0,0.0,0.0,0.0,0.0,0.0,0.0,0.0,0.0,0.0,0.0,0.0,0.0,0.0,0.0,0.0,0.0,0.0,0.0,0.0,0.0,0.0,0.0,0.0,0.0,0.0,0.0,0.0,0.0,0.0,0.0,0.0,0.0,0.0,0.0,0.0,0.0,0.0,0.0,0.0,0.0,0.0,0.0,0.0,0.0,0.0,0.0,0.1710850000381469,0.0,0.0,0.0,0.0,0.0,0.0,0.0,0.0
2135,0.0,0.0,0.0,0.0,0.0,0.0,0.0,0.0,0.0,0.0,0.0,0.0,0.0,0.0,0.0,0.0,0.0,0.0,0.0,0.0,0.0,0.0,0.0,0.0,0.0,0.0,0.0,0.0,0.0,0.0,0.0,0.0,0.0,0.0,0.0,0.0,0.0,0.0,0.0,0.0,0.0,0.0,0.0,0.0,0.0,0.0,0.0,0.0,0.0,0.0,0.0,0.0,0.0,0.0,0.0,0.0,0.0,0.0,0.0,0.0,0.0,0.0,0.0,0.0,0.0,0.0,0.0,0.0,0.0,0.0,0.0,0.0,0.0,0.0,0.0,0.0,0.0,0.0,0.0,0.0,0.0,0.0,0.0,0.0,0.0,0.0,0.0,0.0,0.0,0.0,0.0,0.0,0.0,0.0,0.0,0.0,0.0,0.0,0.0,0.0,0.0,0.0,0.0,0.0,0.0,0.0,0.0,0.0,0.0,0.0,0.0,0.0,0.0,0.0,0.0,0.0,0.0,0.0,0.0,0.0,0.0,0.0,0.0,0.0,0.0,0.0,0.0,0.0
2141,0.0,0.0,0.0,0.0,0.0,0.0,0.0,0.0,0.0,0.0,0.0,0.0,0.0,0.0,0.0,0.0,0.0,0.0,0.0,0.0,0.0,0.0,0.0,0.0,0.0,0.0,0.0,0.0,0.0,0.0,0.0,0.0,0.0,0.0,0.0,0.0,0.0,0.0,0.0,0.0,0.0,0.0,0.0,0.0,0.0,0.0,0.0,0.0,0.0,0.0,0.0,0.0,0.0,0.0,0.0,0.0,0.0,0.0,0.0,0.0,0.0,0.0,0.0,0.0,0.0,0.0,0.0,0.0,0.0,0.0,0.0,0.0,0.0,0.0,0.0,0.0,0.0,0.0,0.0,0.0,0.0,0.0,0.0,0.0,0.0,0.0,0.0,0.0,0.0,0.0,0.0,0.0,0.0,0.0,0.0,0.0,0.0,0.0,0.0,0.0,0.0,0.0,0.0,0.0,0.0,0.0,0.0,0.0,0.0,0.0,0.0,0.0,0.0,0.0,0.0,0.0,0.0,0.0,0.0,0.0,0.0,0.0,0.0,0.0,0.0,0.0,0.0,0.0
2143,0.0,0.0,0.0,0.0,0.0,0.0,0.0,0.0,0.0,0.0,0.0,0.0,0.0,0.0,0.0,0.0,0.0,0.0,0.0,0.0,0.0,0.0,0.0,0.0,0.0,0.0,0.0,0.0,0.0,0.0,0.0,0.0,0.0,0.0,0.0,0.0,0.0,0.0,0.0,0.0,0.0,0.0,0.0,0.0,0.0,0.0,0.0,0.0,0.0,0.0,0.0,0.0,0.0,0.0,0.0,0.0,0.0,0.0,0.0,0.0,0.0,0.0,0.0,0.0,0.0,0.0,0.0,0.0,0.0,0.0,0.0,0.0,0.0,0.0,0.0,0.0,0.0,0.0,0.0,0.0,0.0,0.0,0.0,0.0,0.0,0.0,0.0,0.0,0.0,0.0,0.0,0.0,0.0,0.0,0.0,0.0,0.0,0.0,0.0,0.0,0.0,0.0,0.0,0.0,0.0,0.0,0.0,0.0,0.0,0.0,0.0,0.0,0.0,0.0,0.0,0.0,0.0,0.0,0.0,0.0,0.0,0.0,0.0,0.0,0.0,0.0,0.0,0.0
2149,0.0,0.0,0.0,0.0,0.0,0.0,0.0,0.0,0.0,0.0,0.0,0.0,0.0,0.0,0.0,0.0,0.0,0.0,0.0,0.0,0.0,0.0,0.0,0.0,0.0,0.0,0.0,0.0,0.0,0.0,0.0,0.0,0.0,0.0,0.0,0.0,0.0,0.0,0.0,0.0,0.0,0.0,0.0,0.0,0.0,0.0,0.0,0.0,0.0,0.0,0.0,0.0,0.0,0.0,0.0,0.0,0.0,0.0,0.0,0.0,0.0,0.0,0.0,0.0,0.0,0.0,0.0,0.0,0.0,0.0,0.0,0.0,0.0,0.0,0.0,0.0,0.0,0.0,0.0,0.0,0.0,0.0,0.0,0.0,0.0,0.0,0.0,0.0,0.0,0.0,0.0,0.0,0.0,0.0,0.0,0.0,0.0,0.0,0.0,0.0,0.0,0.0,0.0,0.0,0.0,0.0,0.0,0.0,0.0,0.0,0.0,0.0,0.0,0.0,0.0,0.0,0.0,0.0,0.0,0.0,0.0,0.0,0.0,0.0,0.0,0.0,0.0,0.0
2157,0.0,0.0,0.109390415251255,0.0,0.0,0.0137716755270957,0.0,0.0,0.0,0.0,0.0,0.1677392274141311,0.0,0.0,0.1521919518709182,0.0,0.0,0.0,0.0,0.0,0.1235313713550567,0.0,0.0145866107195615,0.0,0.0393279865384101,0.0,0.0,0.0,0.0,0.0,0.0,0.0,0.1336671262979507,0.0311553832143545,0.0,0.0,0.0,0.0,0.1297609657049179,0.0,0.0,0.0995647236704826,0.0,0.0,0.0,0.0,0.0,0.0,0.186732679605484,0.0,0.0,0.0,0.0484200194478035,0.0,0.0,0.0,0.0,0.0,0.0,0.0,0.0378944724798202,0.1766717582941055,0.0,0.0961705818772316,0.0,0.0,0.0906092524528503,0.4121730327606201,0.1762409806251526,0.1461119353771209,0.0,0.0,0.0540737137198448,0.0377518460154533,0.0,0.0,0.0697605162858963,0.0901288092136383,0.14742112159729,0.0,0.0,0.1593961119651794,0.0,0.0,0.1605905592441558,0.0997115150094032,0.0,0.0,0.0,0.0,0.0,0.2508770823478699,0.0,0.0,0.0,0.0360822342336177,0.0,0.0,0.0,0.1135109364986419,0.2529187500476837,0.0669523179531097,0.0901302844285965,0.0,0.0557427704334259,0.0,0.0,0.0,0.1289711594581604,0.0,0.0313077643513679,0.0801947116851806,0.0,0.0,0.0,0.0333394631743431,0.0,0.176358550786972,0.0,0.0129745434969663,0.0,0.0,0.0,0.0,0.0,0.2125547677278518,0.0,0.0
2166,0.0,0.0,0.0,0.0,0.0,0.0,0.0,0.0,0.0,0.0,0.0,0.0,0.0,0.0,0.0,0.0,0.0,0.0,0.0,0.0,0.0,0.0,0.0,0.0,0.0,0.0,0.0,0.0,0.0,0.0,0.0,0.0,0.0,0.0,0.0,0.0,0.0,0.0,0.0,0.0,0.0,0.0,0.0,0.0,0.0,0.0,0.0,0.0,0.0,0.0,0.0,0.0,0.0,0.0,0.0,0.0,0.0,0.0,0.0,0.0,0.0,0.0,0.0,0.0,0.0,0.0,0.0,0.0,0.0,0.0,0.0,0.0,0.0,0.0,0.0,0.0,0.0,0.0,0.0,0.0,0.0,0.0,0.0,0.0,0.0,0.0,0.0,0.0,0.0,0.0,0.0,0.0,0.0,0.0,0.0,0.0,0.0,0.0,0.0,0.0,0.0,0.0,0.0,0.0,0.0,0.0,0.0,0.0,0.0,0.0,0.0,0.0,0.0,0.0,0.0,0.0,0.0,0.0,0.0,0.0,0.0,0.0,0.0,0.0,0.0,0.0,0.0,0.0
2168,0.0,0.0,0.0,0.0,0.0,0.0,0.0,0.0,0.0,0.0,0.0,0.0,0.0,0.0,0.0,0.0,0.0,0.0,0.0,0.0,0.0,0.0,0.0,0.0,0.0,0.0,0.0,0.0,0.0,0.0,0.0,0.0,0.0,0.0,0.0,0.0,0.0,0.0,0.0,0.0,0.0,0.0,0.0,0.0,0.0,0.0,0.0,0.0,0.0,0.0,0.0,0.0,0.0,0.0,0.0,0.0,0.0,0.0,0.0,0.0,0.0,0.0,0.0,0.0,0.0,0.0,0.0,0.0,0.0,0.0,0.0,0.0,0.0,0.0,0.0,0.0,0.0,0.0,0.0,0.0,0.0,0.0,0.0,0.0,0.0,0.0,0.0,0.0,0.0,0.0,0.0,0.0,0.0,0.0,0.0,0.0,0.0,0.0,0.0,0.0,0.0,0.0,0.0,0.0,0.0,0.0,0.0,0.0,0.0,0.0,0.0,0.0,0.0,0.0,0.0,0.0,0.0,0.0,0.0,0.0,0.0,0.0,0.0,0.0,0.0,0.0,0.0,0.0
2173,0.0544555000960826,0.0770266652107238,0.0,0.0,0.0,0.0,0.0,0.9833493232727052,0.0,0.0,0.0,0.9107651710510254,0.0,0.0,0.0,0.0,0.0427143350243568,0.0,0.0,0.0,0.0278200022876262,0.0,0.0,0.0,0.0825532525777816,0.0,0.9793311953544616,0.9977688193321228,0.9315008521080016,0.0,0.0,0.0203622505068779,0.0302667506039142,0.0,0.0,0.0,0.813318133354187,0.9749370813369752,0.0,0.1591495126485824,0.0,0.8805524110794067,0.0289637502282857,0.0,0.0,0.0,0.0,0.6163504123687744,0.0,0.0195366665720939,0.7772511839866638,0.021128999069333,0.5335164070129395,0.1746672391891479,0.0615294985473156,0.0,0.0,0.0,0.0620072484016418,0.0,0.7046629786491394,0.0,0.0,0.0,0.9094095826148988,0.0,0.7716259956359863,0.0,0.6321631669998169,0.0,0.0,0.0,0.0,0.0410100035369396,0.0,0.0,0.0,0.0,0.0,0.9508792757987976,0.6396171450614929,0.0,0.0,0.0702200010418891,0.0,0.0,0.0,0.9337939023971558,0.0,0.0,0.9795061945915222,0.3302746713161468,0.0,0.0,0.1221835017204284,0.0,0.9262478351593018,0.9713670015335084,0.0,0.0,0.0820583999156951,0.0,0.941955029964447,0.0,0.0342474989593029,0.9802594184875488,0.0,0.9947309494018556,0.1978185027837753,0.0,0.6756616234779358,0.0472432002425193,0.0,0.9829534292221068,0.061779499053955,0.0,0.9709311723709106,0.0,0.0,0.0438604988157749,0.0312371682375669,0.0,0.0,0.0,0.0,0.8098201751708984,0.0,0.7775575518608093
2174,0.0,0.0,0.0,0.0,0.0,0.0,0.0,0.0,0.0,0.0,0.0,0.0,0.0,0.0,0.0,0.0,0.0,0.0,0.0,0.0,0.0,0.0,0.0,0.0,0.0,0.0,0.0,0.0,0.0,0.0,0.0,0.0,0.0,0.0,0.0,0.0,0.0,0.0,0.0,0.0,0.0,0.0,0.0,0.0,0.0,0.0,0.0,0.0,0.0,0.0,0.0,0.0,0.0,0.0,0.0,0.0,0.0,0.0,0.0,0.0,0.0,0.0,0.0,0.0,0.0,0.0,0.0,0.0,0.0,0.0,0.0,0.0,0.0,0.0,0.0,0.0,0.0,0.0,0.0,0.0,0.0,0.0,0.0,0.0,0.0,0.0,0.0,0.0,0.0,0.0,0.0,0.0,0.0,0.0,0.0,0.0,0.0,0.0,0.0,0.0,0.0,0.0,0.0,0.0,0.0,0.0,0.0,0.0,0.0,0.0,0.0,0.0,0.0,0.0,0.0,0.0,0.0,0.0,0.0,0.0,0.0,0.0,0.0,0.0,0.0,0.0,0.0,0.0
2189,0.0,0.0,0.0,0.0,0.0,0.0,0.0,0.0,0.0,0.0,0.0,0.0,0.0,0.0,0.0,0.0,0.0,0.0,0.0,0.0,0.0,0.0,0.0,0.0,0.0,0.0,0.0,0.0,0.0,0.0,0.0,0.0,0.0,0.0,0.0,0.0,0.0,0.0,0.0,0.0,0.0,0.0,0.0,0.0,0.0,0.0,0.0,0.0,0.0,0.0,0.0,0.0,0.0,0.0,0.0,0.0,0.0,0.0,0.0,0.0,0.0,0.0,0.0,0.0,0.0,0.0,0.0,0.0,0.0,0.0,0.0,0.0,0.0,0.0,0.0,0.0,0.0,0.0,0.0,0.0,0.0,0.0,0.0,0.0,0.0,0.0,0.0,0.0,0.0,0.0,0.0,0.0,0.0,0.0,0.0,0.0,0.0,0.0,0.0,0.0,0.0,0.0,0.0,0.0,0.0,0.0,0.0,0.0,0.0,0.0,0.0,0.0,0.0,0.0,0.0,0.0,0.0,0.0,0.0,0.0,0.0,0.0,0.0,0.0,0.0,0.0,0.0,0.0
2201,0.0,0.0,0.0,0.0,0.0,0.0,0.0,0.0,0.0,0.0,0.0,0.0,0.0,0.0,0.0,0.0,0.0,0.0,0.0,0.0,0.0,0.0,0.0,0.0,0.0,0.0,0.0,0.0,0.0,0.0,0.0,0.0,0.0,0.0,0.0,0.0,0.0,0.0,0.0,0.0,0.0,0.0,0.0,0.0,0.0,0.0,0.0,0.0,0.0,0.0,0.0,0.0,0.0,0.0,0.0,0.0,0.0,0.0,0.0,0.0,0.0,0.0,0.0,0.0,0.0,0.0,0.0,0.0,0.0,0.0,0.0,0.0,0.0,0.0,0.0,0.0,0.0,0.0,0.0,0.0,0.0,0.0,0.0,0.0,0.0,0.0,0.0,0.0,0.0,0.0,0.0,0.0,0.0,0.0,0.0,0.0,0.0,0.0,0.0,0.0,0.0,0.0,0.0,0.0,0.0,0.0,0.0,0.0,0.0,0.0,0.0,0.0,0.0,0.0,0.0,0.0,0.0,0.0,0.0,0.0,0.0,0.0,0.0,0.0,0.0,0.0,0.0,0.0
2202,0.0,0.0,0.0,0.0,0.0,0.0,0.0,0.0,0.0,0.0,0.0,0.0,0.0,0.0,0.0,0.0,0.0,0.0,0.0,0.0,0.0,0.0,0.0,0.0,0.0,0.0,0.0,0.0,0.0,0.0,0.0,0.0,0.0,0.0,0.0,0.0,0.0,0.0,0.0,0.0,0.0,0.0,0.0,0.0,0.0,0.0,0.0,0.0,0.0,0.0,0.0,0.0,0.0,0.0,0.0,0.0,0.0,0.0,0.0,0.0,0.0,0.0,0.0,0.0,0.0,0.0,0.0,0.0,0.0,0.0,0.0,0.0,0.0,0.0,0.0,0.0,0.0,0.0,0.0,0.0,0.0,0.0,0.0,0.0,0.0,0.0,0.0,0.0,0.0,0.0,0.0,0.0,0.0,0.0,0.0,0.0,0.0,0.0,0.0,0.0,0.0,0.0,0.0,0.0,0.0,0.0,0.0,0.0,0.0,0.0,0.0,0.0,0.0,0.0,0.0,0.0,0.0,0.0,0.0,0.0,0.0,0.0,0.0,0.0,0.0,0.0,0.0,0.0
2205,0.4578690528869629,0.0,0.2371837198734283,0.2214140594005584,0.3507145047187805,0.1759912073612213,0.1873910129070282,0.4238136112689972,0.0,0.0,0.5876383781433105,0.30675208568573,0.5524020195007324,0.3966402113437652,0.0,0.4831203818321228,0.7346340417861938,0.1130168139934539,0.3613107204437256,0.1860917657613754,0.0,0.1628569960594177,0.5103909969329834,0.1345385462045669,0.0,0.4679547250270843,0.1608198285102844,0.3107072114944458,0.0,0.2940556704998016,0.0933421105146408,0.1746187359094619,0.4457813501358032,0.0,0.2558136582374573,0.0,0.0,0.2166358679533004,0.0,0.2137232720851898,0.1524090021848678,0.4082083404064178,0.3060511350631714,0.3702148795127868,0.1262852102518081,0.0188698004931211,0.1496088802814483,0.5889216065406799,0.4681603014469147,0.1289141774177551,0.3409488201141357,0.0,0.5641617178916931,0.4390758872032165,0.2574787139892578,0.0,0.4296077489852905,0.444274753332138,0.3641728460788727,0.1414503753185272,0.3879387080669403,0.2156966775655746,0.267226904630661,0.1265515089035034,0.1241924464702606,0.1310414969921112,0.3707074224948883,0.3062534928321838,0.6769749522209167,0.3886023461818695,0.0,0.0167835727334022,0.1402917057275772,0.5951977968215942,0.2070535868406295,0.1376276165246963,0.180818572640419,0.3276149928569793,0.1888308525085449,0.7275794148445129,0.4095043540000915,0.1339357644319534,0.0953486710786819,0.0751156285405159,0.2900386750698089,0.2121907472610473,0.0969501659274101,0.5027879476547241,0.197647675871849,0.2959595322608948,0.5745000243186951,0.6058318018913269,0.3971806764602661,0.5494313836097717,0.0900579392910003,0.1814738512039184,0.1465867608785629,0.5295636057853699,0.3946428298950195,0.6449056267738342,0.0805687308311462,0.372761070728302,0.109198935329914,0.1442305445671081,0.19917693734169,0.1523759961128235,0.1671294271945953,0.1533728986978531,0.0886447802186012,0.3073601722717285,0.4000369906425476,0.4202968776226043,0.0,0.0,0.0,0.2779065072536468,0.2883422374725342,0.1182741224765777,0.3863434195518493,0.0836787745356559,0.3219002783298492,0.3087469339370727,0.0978247821331024,0.5348906517028809,0.1921479254961013,0.2922772467136383,0.2754571735858917,0.5220574140548706
2215,0.0,0.0,0.0,0.0,0.0,0.0,0.0,0.0,0.0,0.0,0.0,0.0,0.0,0.0,0.0,0.0,0.0,0.0,0.0,0.0,0.0,0.0,0.0,0.0,0.0,0.0,0.0,0.0,0.0,0.0474143326282501,0.0,0.0,0.0,0.0,0.0,0.0,0.0,0.0,0.0,0.0,0.0,0.0,0.0,0.0,0.0,0.0,0.0,0.0,0.0,0.0,0.0,0.0,0.0,0.0,0.0,0.0,0.0,0.0,0.0,0.0,0.0,0.0,0.0,0.0,0.0,0.0,0.0,0.0,0.0,0.0,0.0,0.0,0.0,0.0,0.0,0.0,0.0,0.0,0.0,0.0,0.0,0.0,0.0,0.0,0.0,0.0,0.0,0.0,0.0,0.0,0.0,0.0,0.0,0.0,0.0,0.0,0.0,0.0,0.0,0.0,0.0,0.0,0.0,0.0,0.0,0.0,0.0,0.0,0.0,0.0,0.0,0.0,0.0,0.0,0.0,0.0,0.0,0.0,0.0,0.0,0.0,0.0,0.0,0.0,0.0,0.0,0.0082112001255154,0.0
2217,0.0,0.0517279356718063,0.0727202221751213,0.0,0.0539881847798824,0.0,0.0685360580682754,0.0712217539548873,0.0,0.0604287311434745,0.0176231395453214,0.0,0.0422269850969314,0.1177260801196098,0.0,0.0414509586989879,0.0,0.0,0.1096003651618957,0.0,0.1004839241504669,0.0,0.0375893786549568,0.0,0.118519902229309,0.0,0.0617901049554348,0.0392549112439155,0.0,0.0542066767811775,0.1878654658794403,0.0306598450988531,0.0,0.0,0.0547722205519676,0.0940436124801635,0.0475088581442832,0.0,0.0776111185550689,0.0,0.0,0.0,0.0,0.0,0.0,0.0,0.1106022149324417,0.0793667733669281,0.078307881951332,0.0134697230532765,0.0698207914829254,0.0,0.0611357539892196,0.073168434202671,0.0770835354924202,0.0233730990439653,0.0,0.0737937539815902,0.0,0.0346296280622482,0.0263722334057092,0.0,0.1472174823284149,0.0,0.0,0.0,0.0,0.0278818737715482,0.0,0.0,0.0330293700098991,0.0,0.0,0.0712909623980522,0.0,0.0,0.0,0.0,0.0,0.0484692566096782,0.0290790889412164,0.0203968156129121,0.0,0.0091065885499119,0.0,0.0,0.0,0.1527427434921264,0.1616118997335434,0.0,0.0,0.0288577713072299,0.0588876344263553,0.0547231882810592,0.0,0.0891647413372993,0.0595033131539821,0.0,0.0468757003545761,0.0229025986045599,0.0649750754237175,0.0,0.1008435860276222,0.0459351912140846,0.0,0.0724713429808616,0.0,0.0,0.0553932785987854,0.0117140812799334,0.0,0.0,0.0178992934525012,0.1432455033063888,0.0,0.0295312758535146,0.0,0.0,0.0,0.0,0.1647928804159164,0.0,0.0783958211541175,0.0,0.0,0.0440012998878955,0.063791774213314,0.0
2230,0.0981750935316085,0.0,0.046854518353939,0.0,0.0,0.0,0.0355919823050498,0.0,0.0,0.0366486720740795,0.014205471612513,0.0,0.0485365241765975,0.0994453430175781,0.0,0.0391823910176754,0.0,0.1025866121053695,0.053180631250143,0.0,0.0,0.0,0.0221613980829715,0.0936601758003234,0.0,0.0,0.0,0.074103444814682,0.0927672013640403,0.0,0.0,0.0,0.0,0.0,0.0720281600952148,0.0,0.0569779239594936,0.0,0.0449553132057189,0.0,0.0847854986786842,0.0,0.063148021697998,0.0972835421562194,0.044522039592266,0.0697416737675666,0.0741829648613929,0.0,0.0344308316707611,0.0,0.0395397171378135,0.0,0.0,0.0,0.0,0.0,0.0605444312095642,0.0018529630033299,0.0,0.0518945828080177,0.0,0.0741589963436126,0.0,0.0,0.0594814606010913,0.0502636581659317,0.0,0.0353073738515377,0.0,0.0658016726374626,0.0360176376998424,0.0,0.0,0.0760868489742279,0.0,0.0,0.0578140318393707,0.0851384252309799,0.0,0.0188324153423309,0.0172983519732952,0.0562116168439388,0.1087318137288093,0.0,0.0,0.0312068946659564,0.0,0.0227637533098459,0.0708000585436821,0.039965696632862,0.0737495198845863,0.0,0.0453868880867958,0.0,0.0435489453375339,0.0,0.0,0.0,0.0,0.0,0.0771836340427398,0.0,0.0,0.0495298318564891,0.0782712250947952,0.0,0.0,0.0,0.0,0.0441634468734264,0.0645210593938827,0.0,0.0391152054071426,0.07962666451931,0.0,0.0,0.0560896806418895,0.0500806011259555,0.0,0.0,0.0572257936000824,0.0575170032680034,0.0441376082599163,0.0525190904736518,0.0189141854643821,0.057319551706314,0.1045066490769386,0.0
2243,0.0,0.0,0.0,0.0,0.0,0.0,0.0,0.0,0.0,0.0,0.0,0.0,0.0,0.0,0.0,0.0,0.0,0.0,0.01587950065732,0.0,0.0,0.0,0.0,0.0,0.0,0.0,0.0,0.0,0.0,0.0,0.0,0.0,0.0,0.0,0.0,0.0,0.0,0.0,0.0,0.0,0.0,0.0,0.0,0.0,0.0,0.0,0.0,0.0,0.0,0.0,0.0,0.0,0.0,0.0,0.0,0.0,0.0,0.0,0.0,0.0,0.0,0.0,0.0,0.0,0.0,0.0,0.0,0.0,0.0,0.0,0.0,0.0,0.0,0.0,0.0,0.0,0.0,0.0,0.0,0.0,0.0,0.0,0.0,0.0,0.0,0.0,0.0,0.0,0.0,0.0,0.0,0.0,0.0,0.0,0.0,0.0,0.0,0.0,0.0,0.0,0.0,0.0,0.0,0.0,0.0,0.0,0.0,0.0,0.0,0.0,0.0,0.0,0.0,0.0,0.0,0.0,0.0,0.0,0.0,0.0,0.0,0.0,0.0,0.0,0.0,0.0,0.0,0.0
2247,0.0,0.0,0.0,0.0,0.0,0.0,0.0,0.0,0.0,0.0,0.0,0.0,0.0,0.0,0.0,0.0,0.0,0.0,0.0,0.0,0.0,0.0,0.0,0.0,0.0,0.0,0.0,0.0,0.0,0.0,0.0,0.0,0.0,0.0,0.0,0.0,0.0,0.0,0.0,0.0,0.0,0.0,0.0,0.0,0.0,0.0,0.0,0.0,0.0,0.0,0.0,0.0,0.0,0.0,0.0,0.0,0.0,0.0,0.0,0.0,0.0,0.0,0.0,0.0,0.0,0.0,0.399048238992691,0.0,0.0,0.0,0.0,0.0,0.0,0.0,0.0,0.0,0.0,0.0,0.0,0.0,0.0,0.0,0.0,0.0,0.0,0.0,0.0,0.0,0.0,0.0,0.0,0.0,0.0,0.0,0.0,0.0,0.0,0.0,0.0,0.0,0.0,0.0,0.0,0.0,0.0,0.0,0.0,0.0,0.0,0.0,0.0,0.0,0.0,0.0,0.0,0.0,0.0,0.0,0.0,0.0,0.0,0.0,0.0,0.0,0.0,0.0,0.0,0.0
2255,0.0,0.0,0.0,0.0,0.0,0.0,0.0,0.0,0.0,0.0,0.0,0.0,0.0,0.0,0.0,0.0,0.0,0.0,0.0,0.0,0.0,0.0,0.0,0.0,0.0,0.0,0.0,0.0,0.0,0.0,0.0,0.0,0.0,0.0,0.0,0.0,0.0,0.0,0.0,0.0,0.0,0.0,0.0,0.0,0.0,0.0,0.0,0.0,0.0,0.0,0.0,0.0,0.0,0.0,0.0,0.0,0.0,0.0,0.0,0.0,0.0,0.0,0.0,0.0,0.0,0.0,0.0,0.0,0.0,0.0,0.0,0.0,0.0,0.0,0.0,0.0,0.0,0.0,0.0,0.0,0.0,0.0,0.0,0.0,0.0,0.0,0.0,0.0,0.0,0.0,0.0,0.0,0.0,0.0,0.0,0.0,0.0,0.0,0.0,0.0,0.0,0.0,0.0,0.0,0.0,0.0,0.0,0.0,0.0,0.0,0.0,0.0,0.0,0.0,0.0,0.0,0.0,0.0,0.0,0.0,0.0,0.0,0.0,0.0,0.0,0.0,0.0,0.0
2256,0.0,0.005485882051289,0.6488057971000671,0.7884584665298462,0.0,0.0,0.5014692544937134,0.4813177585601806,0.0,0.0,0.0,0.0,0.3172764182090759,0.5958102345466614,0.7766968011856079,0.0279378741979599,0.0,0.0542731769382953,0.0,0.0608221888542175,0.0638470649719238,0.0414281263947486,0.0,0.8593490123748779,0.0,0.0,0.6648784875869751,0.0,0.0,0.0,0.4960169792175293,0.0469643175601959,0.7095391154289246,0.0380341559648513,0.0,0.0,0.0,0.0,0.0,0.0059593161568045,0.0517369993031024,0.0,0.0,0.0,0.798035740852356,0.0355518236756324,0.5425400137901306,0.0212054010480642,0.0059830914251506,0.0,0.5512184500694275,0.0,0.0,0.360689252614975,0.0,0.18243008852005,0.5867490172386169,0.0676491782069206,0.0,0.0,0.0,0.0,0.6181930303573608,0.0,0.1011257991194725,0.0118333343416452,0.0,0.0,0.0,0.654480516910553,0.0751071572303772,0.0396392680704593,0.0,0.068242073059082,0.2595614790916443,0.0900443345308303,0.0,0.0,0.0,0.0,0.0,0.0,0.7570182085037231,0.031992707401514,0.3745840191841125,0.1482153981924057,0.0,0.8527334928512573,0.0407097525894641,0.0470416024327278,0.0342867486178875,0.0,0.0,0.0,0.0,0.0080604618415236,0.0,0.0609258748590946,0.1045311689376831,0.0604214370250701,0.0,0.0,0.0,0.0,0.010151500813663,0.0,0.7875189781188965,0.0,0.0,0.0344400778412818,0.0,0.0,0.0,0.0600055009126663,0.0642177313566207,0.0353992693126201,0.2137258350849151,0.0,0.0575497485697269,0.7454917430877686,0.4972542524337768,0.0,0.0,0.0,0.0130502628162503,0.0,0.0,0.2394592463970184
2272,0.0,0.0,0.0577269978821277,0.0,0.0,0.0,0.0,0.0,0.0,0.0,0.0,0.0,0.0,0.0,0.0,0.0,0.0,0.0,0.0,0.0,0.0,0.0,0.0,0.0,0.0474166236817836,0.0,0.0,0.149877592921257,0.0,0.0,0.0,0.0,0.0,0.0,0.0,0.0,0.0,0.0,0.0,0.0,0.0,0.3022511899471283,0.1027744337916374,0.0,0.0,0.0,0.0522210001945495,0.0,0.0,0.0,0.0,0.0,0.240739494562149,0.0,0.0,0.0,0.2701224982738495,0.0,0.0,0.0,0.0,0.0337624996900558,0.0,0.0,0.0,0.2035930007696151,0.0,0.0,0.0,0.0,0.0,0.0,0.0,0.0,0.0,0.092655137181282,0.0,0.0,0.0,0.0,0.0,0.0609550550580024,0.0,0.0,0.0,0.0,0.0,0.0,0.0,0.0,0.0,0.0,0.0,0.0,0.0,0.0,0.1230147629976272,0.1802926659584045,0.0,0.0,0.0,0.058907400816679,0.0,0.0,0.0,0.0203676000237464,0.0,0.0,0.1075960993766784,0.0,0.0,0.089332602918148,0.0,0.0580819174647331,0.0840321779251098,0.0,0.0,0.0,0.0,0.0,0.0,0.0,0.0,0.0,0.0,0.0345100834965705,0.0,0.0
2302,0.6688823103904724,0.0118901440873742,0.468036025762558,0.2331863194704055,0.0235359538346529,0.0,0.03242152556777,0.0,0.2176727205514907,0.3030450344085693,0.7100465893745422,0.6399603486061096,0.0,0.0,0.4597095847129822,0.0,0.9872683882713318,0.1772723495960235,0.7740604281425476,0.97989022731781,0.810984194278717,0.673200249671936,0.8134268522262573,0.9006414413452148,0.8569966554641724,0.7736758589744568,0.97378808259964,0.9160887002944946,0.9222275018692015,0.9416411519050598,0.6953272819519043,0.9337799549102784,0.8448425531387329,0.8358242511749268,0.7270041108131409,0.9241164922714232,0.9680860638618468,0.4333406388759613,0.8566162586212158,0.9928535223007202,0.2119419276714325,0.8223366737365723,0.8599223494529724,0.9226008653640748,0.223370760679245,0.9826390743255616,0.8282479047775269,0.6079834699630737,0.9957906603813172,0.7711383700370789,0.9404910802841188,0.9352495074272156,0.9847768545150756,0.5894721746444702,0.7265002727508545,0.6422971487045288,0.4728183150291443,0.8975844383239746,0.8682019710540771,0.9260907173156738,0.1064847633242607,0.8452505469322205,0.7904107570648193,0.3486557900905609,0.9922854900360109,0.994687020778656,0.8005858659744263,0.9085906147956848,0.7562487721443176,0.9897202849388124,0.3297474682331085,0.918426752090454,0.9414439797401428,0.8114684224128723,0.8404980301856995,0.9673283100128174,0.8471598029136658,0.9989860653877258,0.8896957039833069,0.9215004444122314,0.965750813484192,0.9135923981666564,0.8053951859474182,0.2007925659418106,0.9785480499267578,0.6554597616195679,0.9511011838912964,0.965872585773468,0.5966426730155945,0.7514361143112183,0.2218923866748809,0.8908137679100037,0.8854549527168274,0.9140892624855042,0.0922354534268379,0.0466037914156913,0.925180435180664,0.8623343706130981,0.8111239075660706,0.84889817237854,0.7920330762863159,0.9140357971191406,0.9630905389785768,0.7220224738121033,0.9148029685020448,0.956350803375244,0.5528846383094788,0.1452407836914062,0.9783136248588562,0.2914081215858459,0.1697609573602676,0.8732054829597473,0.9191746115684508,0.3697663247585296,0.6108737587928772,0.978194773197174,0.0372730568051338,0.8089985847473145,0.980028510093689,0.9927798509597778,0.8339880704879761,0.9237443804740906,0.6823283433914185,0.991406798362732,0.9538450241088868,0.9180009365081788,0.8116177916526794,0.1811359822750091
2311,0.5335747599601746,0.0,0.0002652000111993,0.0,0.0,0.0,0.0,0.1948932111263275,0.0,0.6692540049552917,0.0,0.5810460448265076,0.0,0.0,0.0,0.444021463394165,0.0,0.0,0.4565824568271637,0.0,0.2886439859867096,0.0,0.0,0.0,0.0,0.0,0.1016808077692985,0.0,0.1257154047489166,0.0,0.0765886008739471,0.728130042552948,0.4138607084751129,0.0,0.0,0.0,0.0229668002575635,0.0,0.0,0.0,0.620482861995697,0.1797686070203781,0.0,0.0,0.0268289986997842,0.0,0.9704207181930542,0.0,0.0,0.0638108029961586,0.0,0.0,0.0,0.926789402961731,0.0,0.0,0.5586616396903992,0.0,0.0,0.7776068449020386,0.4735336899757385,0.0,0.4676571786403656,0.3939598202705383,0.5242179036140442,0.0551725998520851,0.6298989653587341,0.0,0.0,0.0,0.9404354095458984,0.2000000029802322,0.5669004321098328,0.4772695899009704,0.0,0.0,0.2960046231746673,0.0,0.0,0.0,0.2380115985870361,0.0936748012900352,0.0,0.0,0.0,0.0,0.0,0.0,0.0300632007420063,0.0939365997910499,0.3404292166233063,0.219115599989891,0.5118786096572876,0.5981147885322571,0.0,0.0,0.9919023513793944,0.0,0.0,0.5095596313476562,0.2812741994857788,0.0,0.5607699155807495,0.0,0.6611790060997009,0.2258559912443161,0.4760056138038635,0.0,0.0,0.0,0.0,0.4476260244846344,0.0,0.8316316604614258,0.0,0.0,0.3897850215435028,0.962467610836029,0.0,0.0,0.2801142036914825,0.0,0.9762964248657228,0.3466293811798095,0.0,0.2990488111972809,0.0,0.9977348446846008
2316,0.0406605675816535,0.0,0.0,0.0283185467123985,0.0,0.0844367817044258,0.018224174156785,0.0,0.0,0.0,0.0106898639351129,0.0,0.0177491419017314,0.1030244380235672,0.0866316333413124,0.0789015442132949,0.0,0.0,0.0126417828723788,0.0,0.1167476177215576,0.0755005478858947,0.0,0.1149602830410003,0.0292952507734298,0.0214005913585424,0.0102842384949326,0.0835752412676811,0.0,0.0,0.0591200925409793,0.0046526817604899,0.1211637258529663,0.0,0.0166552737355232,0.0412301905453205,0.0231032613664865,0.0034453333355486,0.0,0.0316586010158062,0.0,0.0,0.0546296834945678,0.0848264843225479,0.0032091818284243,0.1847663223743438,0.0,0.0275831259787082,0.0,0.0,0.0,0.0,0.0,0.0551551319658756,0.0164187736809253,0.0541085451841354,0.0125358263030648,0.0053806365467607,0.0,0.050639271736145,0.0,0.0399144515395164,0.0,0.0,0.0,0.0419438667595386,0.0040125455707311,0.0,0.0,0.0,0.0,0.0,0.0,0.0,0.0,0.0,0.0,0.015837850049138,0.0626721382141113,0.0,0.0,0.0,0.0,0.0839493945240974,0.0037896819412708,0.0140336183831095,0.0022802499588578,0.0,0.0,0.0,0.0,0.0405529998242855,0.003276739269495,0.0,0.0367640890181064,0.0401021242141723,0.0,0.0,0.1149670481681823,0.0,0.0,0.0489310026168823,0.0,0.0,0.014347000978887,0.0,0.0,0.077854000031948,0.0468620955944061,0.0144506376236677,0.0,0.0051216525025665,0.0,0.0611408650875091,0.0578509531915187,0.0,0.0,0.0337231270968914,0.0,0.0,0.0,0.0,0.0291659049689769,0.0040830476209521,0.0075421910732984,0.0,0.0,0.0
2333,0.0,0.0,0.0,0.0,0.0,0.0,0.0,0.0,0.0,0.0,0.0,0.0,0.0,0.0,0.0,0.0,0.0,0.6200550198554993,0.0,0.0,0.0,0.0,0.0,0.0,0.0,0.0,0.0,0.0,0.0,0.0,0.0,0.0,0.0,0.0,0.4903160035610199,0.0,0.0,0.0,0.0,0.0,0.0,0.0,0.0,0.0,0.0,0.0,0.1352030038833618,0.0,0.0,0.0,0.0,0.0,0.0,0.0,0.0,0.0,0.0,0.0,0.0,0.0,0.0,0.0,0.0,0.0,0.0,0.0,0.0,0.0,0.0,0.0,0.0,0.0,0.0,0.0,0.0,0.0,0.0,0.0,0.0,0.0,0.0,0.0,0.0,0.0,0.2885980010032654,0.0,0.0,0.0,0.0,0.0,0.0,0.0,0.0,0.0,0.0,0.0,0.0,0.0,0.0,0.0,0.0,0.0,0.0,0.0,0.0,0.0,0.0,0.0,0.0,0.0,0.0,0.0,0.0,0.0,0.0,0.0,0.0,0.0,0.0,0.0,0.0,0.0,0.0,0.1708890050649643,0.0,0.0,0.0,0.0
2336,0.6453397274017334,0.3791861832141876,0.5313786268234253,0.5989415645599365,0.1904580146074295,0.4616414308547973,0.5108144283294678,0.7028160095214844,0.2550807297229767,0.5508997440338135,0.4633728563785553,0.5669887065887451,0.4497582018375397,0.0,0.4169499278068542,0.0,0.3220188617706299,0.3874563574790954,0.6614219546318054,0.0,0.3748424351215362,0.273999959230423,0.3812958896160126,0.0946145355701446,0.440224140882492,0.5214982032775879,0.0,0.384475439786911,0.0,0.5010197162628174,0.2578606307506561,0.3795262277126312,0.0,0.2154846638441085,0.5746012330055237,0.1699440330266952,0.3341741859912872,0.6948854923248291,0.2853555679321289,0.5353243947029114,0.2069505602121353,0.0,0.4291999638080597,0.2136750817298889,0.0492697544395923,0.3538944721221924,0.6220812201499939,0.3800915479660034,0.0,0.3880171179771423,0.3481917679309845,0.5504656434059143,0.0,0.6296298503875732,0.0,0.0,0.4622879028320312,0.5041167140007019,0.2184880822896957,0.0,0.0,0.1646894961595535,0.015366643667221,0.6794423460960388,0.2745939195156097,0.1162127703428268,0.6360123753547668,0.4269834160804748,0.3709941506385803,0.4011363089084625,0.0,0.3674952089786529,0.1930195391178131,0.7730815410614014,0.0,0.0,0.3138181865215301,0.2744543850421905,0.5763153433799744,0.51845782995224,0.0,0.5146453976631165,0.1670234352350235,0.3119682371616363,0.3821712136268616,0.313630998134613,0.2620691359043121,0.3558635711669922,0.0,0.4010246098041534,0.6188181638717651,0.2267570197582245,0.0734433978796005,0.3783948421478271,0.4147541522979736,0.6432312726974487,0.2827753126621246,0.4780736565589905,0.0,0.0640268921852111,0.0419362187385559,0.4704444110393524,0.4383753836154938,0.3793672323226928,0.2704716026782989,0.3698205053806305,0.3963426649570465,0.4796514213085174,0.4365346133708954,0.3679593503475189,0.0771297812461853,0.4531516134738922,0.6072050929069519,0.389462262392044,0.6706105470657349,0.4698345065116882,0.0,0.5419656038284302,0.3418889343738556,0.4909616708755493,0.14972685277462,0.0,0.4058164954185486,0.0,0.1946834325790405,0.2638911008834839,0.4372354447841644,0.0
2337,0.0,0.0,0.0,0.0,0.0,0.0,0.0,0.0,0.0,0.0,0.0,0.0,0.0,0.0,0.0,0.0,0.0,0.0,0.0,0.0,0.0,0.0,0.0,0.0,0.0,0.0,0.0,0.0,0.0,0.0,0.0,0.0,0.0,0.0,0.0,0.0,0.0,0.0,0.0,0.0,0.0,0.0,0.0,0.0,0.0,0.0,0.0,0.0,0.0,0.0,0.0,0.0,0.0,0.0,0.0,0.0,0.0,0.0,0.0,0.0,0.0,0.0,0.0,0.0,0.0,0.0,0.0,0.0,0.0,0.0,0.0,0.0,0.0,0.0,0.0,0.0,0.0,0.0,0.0,0.0,0.0,0.0,0.0,0.0,0.0,0.0,0.0,0.0,0.0,0.0,0.0,0.0,0.0,0.0,0.0,0.0,0.0,0.0,0.0,0.0,0.0,0.0,0.0,0.0,0.0,0.0,0.0,0.0,0.0,0.0,0.0,0.0,0.0,0.0,0.0,0.0,0.0,0.0,0.0,0.0,0.0,0.0,0.0,0.0,0.0,0.0,0.0,0.0
2341,0.0,0.0,0.0,0.0,0.0,0.0,0.0,0.0,0.0,0.0,0.0,0.0,0.0,0.0,0.0,0.0,0.0,0.0,0.0,0.0,0.0,0.0,0.0,0.0,0.0,0.0,0.0,0.0,0.0,0.0,0.0,0.0,0.0,0.0,0.0,0.0,0.0,0.0,0.0,0.0,0.0,0.0,0.0,0.0,0.0,0.0,0.0,0.0,0.0,0.0,0.0,0.0,0.0,0.0,0.0,0.0,0.0,0.0,0.0,0.0,0.0,0.0,0.0,0.0,0.0,0.0,0.0,0.0,0.0,0.8382269740104675,0.0,0.0,0.0,0.0,0.0,0.0,0.0,0.0,0.0,0.0,0.0,0.0,0.0,0.0,0.0,0.0,0.0,0.0,0.0,0.0,0.0,0.0,0.0,0.0,0.0,0.0,0.0,0.0,0.0,0.0,0.0,0.0,0.0,0.0,0.0,0.0,0.0,0.0,0.0,0.0,0.0,0.0,0.0,0.0,0.0,0.0,0.0,0.0,0.0,0.0,0.0,0.0,0.0,0.0,0.0,0.0,0.0,0.0
2347,0.0,0.0,0.0,0.0,0.0,0.0,0.0,0.0,0.0,0.0,0.0,0.0,0.0,0.0,0.0,0.0,0.0,0.0,0.0,0.0,0.0,0.0,0.0,0.0,0.0,0.0,0.0,0.0,0.0,0.0,0.0,0.0,0.0,0.0,0.0,0.0,0.0,0.0,0.0,0.0,0.0,0.0,0.0,0.0,0.0,0.0,0.0,0.0,0.0,0.0,0.0,0.0,0.0,0.0,0.0,0.0,0.0,0.0,0.0,0.0,0.0,0.0,0.0,0.0,0.0,0.0,0.0,0.0,0.0,0.0,0.0,0.0,0.0,0.0,0.0,0.0,0.0,0.0,0.0,0.0,0.0,0.0,0.0,0.0,0.0,0.0,0.0,0.0,0.0,0.0,0.0,0.0,0.0,0.0,0.0,0.0,0.0,0.0,0.0,0.0,0.0,0.0,0.0,0.0,0.0,0.0,0.0,0.0,0.0,0.0,0.0,0.0,0.0,0.0,0.0,0.0,0.0,0.0,0.0,0.0,0.0,0.0,0.0,0.0,0.0,0.0,0.0,0.0
2351,0.0,0.0,0.0,0.0,0.0,0.0,0.0,0.0,0.0,0.0,0.0,0.0,0.0,0.0,0.0,0.0,0.0,0.0,0.0,0.0,0.0,0.0,0.0,0.0,0.0,0.0,0.0,0.0,0.0,0.0,0.0,0.0,0.0,0.0,0.0,0.0,0.0,0.0,0.0,0.0,0.0,0.0,0.0,0.0,0.0,0.0,0.0,0.0,0.0,0.0,0.0,0.0,0.0,0.0,0.0,0.0,0.0,0.0,0.0,0.0,0.0,0.0,0.0,0.0,0.0,0.0,0.0,0.0,0.0,0.0,0.0,0.0,0.0,0.0,0.0,0.0,0.0,0.0,0.0,0.0,0.0,0.0,0.0,0.0,0.0,0.0,0.0,0.0,0.0,0.0,0.0,0.0,0.0,0.0,0.0,0.0,0.0,0.0,0.0,0.0,0.0,0.0,0.0,0.0,0.0,0.0,0.0,0.0,0.0,0.0,0.0,0.0,0.0,0.0,0.0,0.0,0.0,0.0,0.0,0.0,0.0,0.0,0.0,0.0,0.0,0.0,0.0,0.0
2364,0.0,0.0,0.0,0.0,0.0,0.0,0.0,0.0,0.0,0.0,0.0,0.0,0.0,0.0,0.0,0.0,0.0,0.0,0.0,0.0,0.0,0.0,0.0,0.0,0.0,0.0,0.0,0.0,0.0,0.0,0.0,0.0,0.0,0.0,0.0,0.0,0.0,0.0,0.0,0.0,0.0,0.0,0.0,0.0,0.0,0.0,0.0,0.0,0.0,0.0,0.0,0.0,0.0,0.0,0.0,0.0,0.0,0.0,0.0,0.0,0.0,0.0,0.0,0.0,0.0,0.0,0.0,0.0,0.0,0.0,0.0,0.0,0.0,0.0,0.0,0.0,0.0,0.0,0.0,0.0,0.0,0.0,0.0,0.0,0.0,0.0,0.0,0.0,0.0,0.0,0.0,0.0,0.0,0.0,0.0,0.0,0.0,0.0,0.0,0.0,0.0,0.0,0.0,0.0,0.0,0.0,0.0,0.0,0.0,0.0,0.0,0.0,0.0,0.0,0.0,0.0,0.0,0.0,0.0,0.0,0.0,0.0,0.0,0.0,0.0,0.0,0.0,0.0
2365,0.0,0.0,0.0,0.530443012714386,0.0,0.0,0.0,0.0,0.0,0.0,0.0,0.0,0.0,0.0,0.0,0.0,0.7911710143089294,0.0,0.2661260068416595,0.1844380050897598,0.0,0.482371985912323,0.0,0.6775910258293152,0.178163006901741,0.0,0.0,0.0,0.0,0.0,0.1316599994897842,0.7576000094413757,0.0,0.0,0.489331990480423,0.0,0.0,0.3290300071239471,0.0,0.408378005027771,0.0,0.0,0.8505399823188782,0.1797370016574859,0.0,0.0,0.0866210013628006,0.5936110019683838,0.3443959951400757,0.4155229926109314,0.3126429915428161,0.3365890085697174,0.0,0.0,0.0,0.5182740092277527,0.3686580061912536,0.0,0.0,0.2803840041160583,0.0788149982690811,0.316798985004425,0.0,0.0,0.2654829919338226,0.0,0.776108980178833,0.2414440065622329,0.0,0.0,0.0,0.0,0.0,0.1039279997348785,0.0,0.0,0.0,0.0,0.0,0.0,0.4630959928035736,0.0,0.4115200042724609,0.0,0.8148120045661926,0.0,0.0,0.5403820276260376,0.6380800008773804,0.2514429986476898,0.3161630034446716,0.3655459880828857,0.3374809920787811,0.0,0.114835999906063,0.5775690078735352,0.0,0.0,0.415270984172821,0.0,0.0,0.0,0.677486002445221,0.4679329991340637,0.7277969717979431,0.9241300225257874,0.3311890065670013,0.3155100047588348,0.0,0.2018119990825653,0.6932730078697205,0.2560639977455139,0.0,0.0,0.0,0.3016400039196014,0.3362269997596741,0.5639650225639343,0.070032000541687,0.0,0.1216569989919662,0.0,0.0,0.0,0.0,0.4213320016860962,0.0,0.5042210221290588
2374,0.0,0.0,0.0,0.0,0.0,0.0,0.0,0.0,0.0,0.0,0.0,0.0,0.0,0.0,0.0,0.0,0.0,0.0,0.0,0.0,0.0,0.0,0.0,0.0,0.0,0.0,0.0,0.0,0.0,0.0,0.0,0.0,0.0,0.0,0.0,0.0,0.0,0.0,0.0,0.0,0.0,0.0,0.0,0.0,0.0,0.0,0.0,0.0,0.0,0.0,0.0,0.0,0.0,0.0,0.0,0.0,0.0,0.0,0.0,0.0,0.0,0.0,0.0,0.0,0.0,0.0,0.0,0.0,0.0,0.0,0.0,0.0,0.0,0.0,0.0,0.0,0.0,0.0,0.0,0.0,0.0,0.0,0.0,0.0,0.0,0.0,0.0,0.0,0.0,0.0,0.0,0.0,0.0,0.0,0.0,0.0,0.0,0.0,0.0,0.0,0.0,0.0,0.0,0.0,0.0,0.0,0.0,0.0,0.0,0.0,0.0,0.0,0.0,0.0,0.0,0.0,0.0,0.0,0.0,0.0,0.0,0.0,0.0,0.0,0.0,0.0,0.0,0.0
2404,0.0,0.556039571762085,0.1898640990257263,0.4380044639110565,0.5249907970428467,0.810946524143219,0.3662026822566986,0.3676596879959106,0.5309951901435852,0.0,0.0,0.7745581865310669,0.7635767459869385,0.7190238237380981,0.6797693371772766,0.8024026155471802,0.6188030242919922,0.8569382429122925,0.0,0.7148340940475464,0.0568816289305686,0.8617891669273376,0.0,0.3904610872268677,0.6228004693984985,0.0,0.0,0.6700513362884521,0.8147606253623962,0.7362526655197144,0.951983630657196,0.8107784986495972,0.2659564912319183,0.7628681063652039,0.7890021204948425,0.0,0.1415022164583206,0.0,0.7659304141998291,0.0,0.0,0.2388013303279876,0.3614090085029602,0.0,0.4634860157966614,0.7257093191146851,0.8354272842407227,0.5507741570472717,0.6986005306243896,0.0,0.0,0.5535318851470947,0.2412869930267334,0.0406644120812416,0.7256824970245361,0.7184880375862122,0.0,0.5278205275535583,0.7112044095993042,0.0,0.2161785811185836,0.5399410128593445,0.7385905385017395,0.6945633888244629,0.2763901054859161,0.1353980451822281,0.5803527235984802,0.0,0.3055094480514526,0.4506704211235046,0.774867594242096,0.0,0.490007996559143,0.0090687004849314,0.1811637282371521,0.4240919947624206,0.0,0.0,0.6658235192298889,0.7511484026908875,0.744097888469696,0.6520726680755615,0.0951552167534828,0.0,0.7058510184288025,0.7030251026153564,0.4126535952091217,0.7486060857772827,0.4616956710815429,0.4697804749011993,0.6213371753692627,0.7362679243087769,0.753968358039856,0.8559954762458801,0.4714280068874359,0.0,0.0277061592787504,0.5763581991195679,0.8417691588401794,0.0,0.0261150542646646,0.0,0.8234543800354004,0.0,0.0,0.3035078942775726,0.0,0.6138625144958496,0.4740285277366638,0.821140706539154,0.3070830404758453,0.0,0.440948337316513,0.7631662487983704,0.2460471391677856,0.8086301684379578,0.3593677580356598,0.7501100897789001,0.7426299452781677,0.0193630959838628,0.8435670137405396,0.0052523333579301,0.5488802194595337,0.6536656618118286,0.0908495262265205,0.6975337266921997,0.3386106491088867,0.8228590488433838
2412,0.0,0.0,0.0,0.0,0.0,0.0,0.0,0.0,0.0,0.0,0.0,0.0,0.0,0.0,0.0,0.0,0.0,0.1590909957885742,0.1316010057926178,0.0,0.0,0.0,0.0,0.0,0.0,0.0,0.0,0.0,0.0,0.0819410011172294,0.0,0.3483000099658966,0.0,0.4081549942493438,0.0,0.0,0.0,0.0,0.0,0.0,0.0,0.1730799973011016,0.0,0.0,0.2598220109939575,0.756197988986969,0.0,0.0,0.0,0.0,0.203792005777359,0.3518449962139129,0.0,0.0,0.0569939985871315,0.0,0.0,0.0,0.0,0.0,0.0,0.0,0.0,0.0,0.4547210037708282,0.3274230062961578,0.0,0.0,0.0,0.0,0.0,0.0,0.0,0.0,0.0,0.0,0.0,0.3047989904880523,0.0,0.0,0.0575160011649131,0.0,0.0,0.0,0.0,0.3186460137367248,0.0,0.0,0.0,0.0,0.0,0.0,0.0,0.0,0.0,0.1710170060396194,0.5019099712371826,0.0,0.0,0.0,0.2143210023641586,0.0,0.0,0.0,0.0,0.0,0.0,0.0,0.5514209866523743,0.0,0.0,0.0,0.0,0.0,0.0,0.0,0.0,0.0,0.0,0.0,0.0,0.0,0.0,0.0733119994401931,0.0,0.0,0.0,0.6530519723892212
2413,0.075966402888298,0.0,0.1128040328621864,0.0444857887923717,0.0134366452693939,0.089238665997982,0.0038944317493587,0.0211799051612615,0.0101138530299067,0.0330882892012596,0.0261490773409605,0.0494281724095344,0.0111181959509849,0.0379503332078456,0.0,0.063188187777996,0.01853559166193,0.2091713547706604,0.0171659179031848,0.0180019177496433,0.0120919486507773,0.0066301394253969,0.0,0.0242838431149721,0.0214676428586244,0.0300615485757589,0.0328031964600086,0.0164664220064878,0.0023129268083721,0.0052313017658889,0.0325904116034507,0.0027712888550013,0.0023980769328773,9.248717833543196e-05,0.0367551445960998,0.0069141942076385,0.0221787337213754,0.0258271936327219,0.0593471825122833,0.0204937998205423,0.0,0.0,0.0359979569911956,0.3320198059082031,0.0134848719462752,0.0192200820893049,0.0169510450214147,0.0144753009080886,0.0867566913366317,0.061070654541254,0.1080972701311111,0.0,0.1183367744088172,0.1122205480933189,0.0014712354168295,0.0639852806925773,0.0104662086814641,0.0200451388955116,0.2402753978967666,0.009607040323317,0.0069742719642817,0.0070272395387291,0.0121688907966017,0.0047686486504971,0.0,0.1708664298057556,0.0092141572386026,0.0227598417550325,0.0,0.016494795680046,0.0552848763763904,0.0872040838003158,0.0087704211473464,0.012292000465095,0.0842600390315055,0.0148802855983376,0.0326199308037757,0.0,0.0982057154178619,0.0191848892718553,0.0382604040205478,0.0136179365217685,0.0269207153469324,0.0130522390827536,0.0426701083779335,0.0172365214675664,0.0,0.00619563087821,0.1337706297636032,0.0446470528841018,0.0474516227841377,0.0024093573447316,0.0252107288688421,0.0689319297671318,0.011641651391983,0.0179206561297178,0.0370646826922893,0.0761113837361335,0.0524219423532485,0.097177617251873,0.0620081014931201,0.0,0.0,0.0150311989709734,0.027680380269885,0.0369742549955844,0.0009894545655697,0.0230441465973854,0.0133969588205218,0.2133159041404724,0.0246262028813362,0.0,0.0016161795938387,0.0057372427545487,0.0166952908039093,0.0746155455708503,0.278129905462265,0.0355192236602306,0.0101672420278191,0.1064107716083526,0.0053635453805327,0.0900230780243873,0.1326770931482315,0.0,0.0,0.0327698141336441,0.0753593668341636,0.0339987128973007
2420,0.0,0.0,0.0,0.0,0.0,0.0,0.0,0.0,0.0,0.0,0.0,0.0,0.0,0.0,0.0,0.0,0.0,0.0,0.0,0.0,0.0,0.0,0.0,0.0,0.0,0.0,0.0,0.0,0.0,0.0,0.0,0.0,0.2572231888771057,0.0,0.0,0.0,0.0,0.0,0.0,0.0,0.0,0.0,0.0,0.0,0.0,0.0,0.0,0.0,0.0,0.0,0.0,0.0,0.0,0.0,0.0,0.0,0.0,0.0,0.0,0.0,0.0,0.0,0.0,0.0,0.0,0.0,0.0,0.0,0.0,0.0,0.0,0.0,0.0,0.0,0.0,0.0,0.0,0.0,0.0,0.3676299154758453,0.0,0.0,0.0,0.0,0.0,0.0,0.0,0.0,0.0,0.0,0.0,0.0,0.0,0.0,0.0,0.0,0.0,0.0,0.0,0.3214966654777527,0.0,0.0,0.0,0.0,0.0,0.0,0.0,0.0,0.0,0.0,0.0,0.0,0.0,0.0,0.0,0.0,0.0,0.0,0.0,0.0,0.0,0.0,0.0,0.0,0.0,0.0,0.0,0.0
2429,0.0,0.0,0.0,0.0,0.0,0.0105761671438813,0.0,0.0,0.0,0.0,0.0,0.0,0.0,0.0,0.0,0.0,0.0,0.0,0.0,0.0,0.0,0.0,0.0,0.0,0.0,0.0,0.0,0.0,0.0,0.0,0.0,0.0,0.0306777041405439,0.0,0.0,0.0,0.0,0.0,0.0,0.0,0.0,0.0,0.0,0.0,0.0346285589039325,0.0,0.0,0.0,0.0,0.0,0.0,0.0,0.0,0.0,0.0,0.0,0.0,0.0,0.0,0.0,0.0,0.0,0.0,0.0070730000734329,0.0,0.0,0.0,0.0,0.0,0.0450221598148345,0.0,0.0,0.0,0.0,0.0,0.0,0.0133670670911669,0.0,0.0,0.0,0.0,0.0,0.0,0.0,0.0,0.0,0.0,0.0,0.0,0.0,0.0,0.0,0.0,0.0220246110111475,0.0057926666922867,0.0,0.0,0.0,0.0482853688299655,0.0,0.0,0.0,0.0,0.0,0.0,0.0,0.0,0.0,0.0,0.049847062677145,0.0,0.0,0.0,0.0,0.0,0.0,0.0,0.0,0.0,0.0,0.0,0.0,0.0467375256121158,0.0,0.0,0.0,0.0,0.0
2430,0.0,0.0,0.0,0.0,0.0,0.0,0.0,0.0,0.0,0.0,0.0,0.0,0.0,0.0,0.0,0.0,0.0,0.6084480285644531,0.0,0.0,0.0,0.0,0.0,0.0,0.0,0.0,0.0,0.0,0.0,0.0,0.226683497428894,0.6501988768577576,0.1210879981517791,0.0,0.0,0.0,0.0,0.0,0.0,0.0,0.0,0.0,0.0,0.0,0.0,0.0,0.0,0.0,0.0,0.0,0.0,0.0,0.0,0.0,0.0,0.0,0.0,0.0,0.0,0.0,0.0,0.0,0.0,0.0,0.0,0.0,0.0,0.0173516012728214,0.0,0.0,0.0,0.0,0.0,0.0,0.0,0.0,0.0,0.0,0.0,0.0,0.0,0.0,0.0,0.0,0.0,0.0,0.0,0.0,0.0,0.0,0.0,0.0,0.0,0.0,0.0,0.0,0.0,0.0,0.0,0.0,0.0,0.4744970202445984,0.1319504976272583,0.0,0.0,0.0,0.0,0.0,0.0,0.0,0.0,0.0,0.0,0.0,0.72096848487854,0.0,0.0,0.0,0.0,0.0,0.0,0.0,0.0,0.0,0.0,0.0,0.0,0.0
2434,0.0,0.0,0.0,0.0,0.0,0.0,0.0,0.0,0.0,0.0,0.0,0.0,0.0,0.0,0.0,0.0,0.0,0.0,0.0,0.0,0.0,0.0,0.0,0.1982931047677993,0.0,0.0146846668794751,0.0,0.0,0.0,0.0,0.0,0.0,0.0,0.0,0.0,0.0,0.0,0.0,0.0,0.0,0.0,0.0,0.0,0.0,0.0,0.0,0.0,0.0,0.0,0.0,0.0,0.0,0.0,0.0,0.0176843758672475,0.0,0.068950667977333,0.0,0.0,0.0,0.0,0.0,0.0,0.0,0.0,0.0,0.0,0.0,0.0,0.0,0.0,0.0386261120438575,0.0,0.0,0.0,0.0,0.0,0.0391274467110633,0.0,0.0,0.0,0.0,0.0,0.0,0.0,0.0,0.0,0.0,0.0,0.0,0.0,0.0,0.0,0.0,0.0,0.0,0.0,0.0,0.0,0.0,0.0,0.0,0.0,0.0,0.0,0.0,0.0123023334890604,0.0,0.0,0.0,0.0,0.0,0.0,0.0,0.0,0.0,0.0,0.1208181157708168,0.0,0.0,0.0,0.0,0.0,0.0,0.0,0.0,0.0,0.0
2456,0.7082407474517822,0.0,0.348367840051651,0.0,0.0,0.8313905000686646,0.7558181881904602,0.3892005681991577,0.6173169612884521,0.8336851000785828,0.2736344635486603,0.6937340497970581,0.3896306455135345,0.7272287011146545,0.0,0.2483137547969818,0.0151613345369696,0.791012704372406,0.2569684684276581,0.8334571719169617,0.7715533375740051,0.0,0.0104663744568824,0.0192670002579689,0.6705217361450195,0.6573339104652405,0.5240157246589661,0.8368067145347595,0.3165406584739685,0.6037497520446777,0.5681750774383545,0.0136548588052392,0.0143750002607703,0.758167564868927,0.1403896361589431,0.550226092338562,0.7394347786903381,0.6728019118309021,0.456170380115509,0.8480060696601868,0.3300205767154693,0.0303011387586593,0.0,0.0855782926082611,0.0297157857567071,0.910292148590088,0.0647954493761062,0.0,0.0,0.0304048005491495,0.0630090683698654,0.0350693985819816,0.4689279794692993,0.0168792214244604,0.4059469401836395,0.826034426689148,0.5343114733695984,0.6654570698738098,0.0,0.613847553730011,0.0045505291782319,0.3007834553718567,0.8476323485374451,0.1081235483288765,0.3387130796909332,0.0667215064167976,0.0044486001133918,0.0193274710327386,0.0455474331974983,0.6165662407875061,0.0,0.1433110535144806,0.0089083667844533,0.0683610588312149,0.0,0.0187621191143989,0.4743721485137939,0.1420844197273254,0.0224956441670656,0.0277632512152194,0.0763121470808982,0.2525879442691803,0.0074399476870894,0.0618288479745388,0.4711381196975708,0.1661470830440521,0.7463250756263733,0.6811137199401855,0.1032277718186378,0.0,0.0,0.7372477054595947,0.5721206665039062,0.0101055549457669,0.0766753554344177,0.7124080061912537,0.7293018102645874,0.7117605209350586,0.0918845385313034,0.2089492231607437,0.220625415444374,0.0,0.0228370800614357,0.0,0.6626507639884949,0.3366753458976745,0.0124940918758511,0.8347058296203613,0.0815098509192466,0.7404253482818604,0.2308574467897415,0.0945315659046173,0.3727112710475921,0.0,0.1186664029955864,0.0,0.064663715660572,0.0368290022015571,0.097926840186119,0.0,0.0,0.8154684901237488,0.850514829158783,0.0088093755766749,0.0038069374859333,0.0157658699899911,0.3608942627906799,0.0723560899496078
2460,0.0,0.0,0.0,0.0,0.0,0.0,0.0,0.0,0.0,0.0,0.0,0.0,0.0,0.0,0.0,0.0,0.0,0.0,0.0,0.0,0.0,0.0,0.0,0.0,0.0,0.0,0.0,0.0,0.0,0.0,0.0,0.0,0.0,0.0,0.0,0.0,0.0,0.0,0.0,0.0,0.0,0.0,0.0,0.0,0.0,0.0,0.0,0.0,0.0,0.0,0.0,0.0,0.0,0.0,0.0,0.0,0.0,0.0,0.0,0.0,0.0,0.0,0.0,0.0,0.0,0.0,0.0,0.0,0.0,0.0,0.0,0.0,0.0,0.0,0.0,0.0,0.0,0.0,0.0,0.0,0.0,0.0,0.0,0.0,0.0,0.0,0.0,0.0,0.0,0.0,0.0,0.0,0.0,0.0,0.0,0.0,0.0,0.0,0.0,0.0,0.0,0.0,0.0,0.0,0.0,0.0,0.0,0.0,0.0,0.0,0.0,0.0,0.0,0.0,0.0,0.0,0.0,0.0,0.0,0.0,0.0,0.0,0.0,0.0,0.0,0.0,0.0,0.0
2470,0.0,0.0,0.0,0.0,0.0,0.0,0.0,0.0,0.0,0.0,0.0,0.0,0.0,0.0,0.0,0.0,0.0,0.0,0.0,0.0,0.0,0.0,0.0,0.0,0.0,0.0472076795995235,0.0,0.0,0.0,0.0,0.0,0.0,0.0,0.0,0.0,0.0,0.0,0.0,0.0,0.0,0.0,0.0,0.0,0.0,0.0,0.0,0.0,0.0,0.0,0.0,0.0,0.0,0.0,0.0,0.0,0.0,0.0,0.0,0.0,0.0,0.0,0.0,0.0,0.0606624409556388,0.0,0.0,0.0,0.0,0.0,0.0,0.0,0.0,0.0,0.0,0.0,0.0,0.0,0.0,0.0,0.0283139422535896,0.0,0.0,0.0,0.0,0.0,0.0,0.0,0.0,0.0,0.0,0.0,0.0,0.0,0.0,0.0708202645182609,0.0,0.0,0.0,0.0,0.0,0.0,0.0,0.0,0.0,0.0,0.0,0.0,0.0,0.0,0.0,0.0,0.0,0.0025494168512523,0.0,0.0240740831941366,0.0,0.0,0.0,0.0,0.0,0.0494018755853176,0.0,0.0,0.0,0.0,0.0,0.0,0.0
2474,0.0,0.0,0.0,0.0,0.0,0.0,0.0,0.0,0.0,0.0,0.0,0.0,0.0,0.0,0.0,0.0,0.0,0.0,0.0,0.0,0.0,0.0,0.0,0.0,0.0,0.0,0.0,0.0,0.0,0.0,0.0,0.0,0.0,0.0,0.0,0.0,0.0,0.0,0.0,0.0,0.0,0.0,0.0,0.0,0.0,0.0,0.0,0.0,0.0,0.0,0.0,0.0,0.0,0.0,0.0,0.0,0.0,0.0,0.0,0.0,0.0,0.0,0.0,0.0,0.0,0.0,0.0,0.0,0.0,0.0,0.0,0.0,0.0,0.0,0.0,0.0,0.0,0.0,0.0,0.0,0.0,0.0,0.0,0.0,0.0,0.0,0.0,0.0,0.0,0.0,0.0,0.0,0.0,0.0,0.0,0.0,0.0,0.0,0.0,0.0,0.0,0.0,0.0,0.0,0.0,0.0,0.0,0.0,0.0,0.0,0.0,0.0,0.0,0.0,0.0,0.0,0.0,0.0,0.0,0.0,0.0,0.0,0.0,0.0,0.0,0.0,0.0,0.0
2476,0.0,0.0,0.0,0.0,0.0,0.0,0.0,0.0,0.0,0.0,0.0,0.0,0.0,0.0,0.0,0.0,0.0,0.0,0.0,0.0,0.0,0.0211659055203199,0.0118244504556059,0.0,0.0117138000205159,0.0,0.0248812511563301,0.0,0.0,0.0033860455732792,0.0204507149755954,0.0,0.0,0.0134355714544653,0.0315921492874622,0.0,0.0,0.0,0.0262676775455474,0.0170536842197179,0.0061666960828006,0.0,0.0,0.0,0.0,0.0,0.0,0.0,0.0,0.0144771253690123,0.0,0.0026106000877916,0.0208761990070343,0.0108880000188946,0.0,0.0325669385492801,0.0,0.0,0.0,0.0,0.0832066014409065,0.0,0.0,0.0,0.0,0.0,0.0029613333754241,0.0,0.0,0.0222110543400049,0.3877994120121002,0.0,0.0,0.0,0.033196784555912,0.0108187142759561,0.0,0.0,0.0153369409963488,0.0,0.0,0.0048508499749004,0.0,0.0,0.0347368009388446,0.0,0.0,0.0058377725072205,0.0,0.0,0.0,0.0,0.0,0.0051668332889676,0.0059858825989067,0.0,0.0,0.0265830010175704,0.0,0.0316121242940425,0.0,0.0,0.0113452859222888,0.0,0.0,0.0,0.0,0.0,0.0496895797550678,0.003594160079956,0.0,0.0,0.0,0.0,0.0,0.0486865788698196,0.0,0.0,0.0,0.0,0.0,0.0,0.0,0.0,0.0,0.0,0.0,0.0
2485,0.2104769647121429,0.0,0.0,0.0,0.1972601562738418,0.0,0.0400764271616935,0.1934221982955932,0.0,0.0975133627653122,0.0242776684463024,0.0,0.0816880762577056,0.2243582755327224,0.0,0.0,0.0,0.0494528114795684,0.0,0.0,0.0,0.0696185603737831,0.0,0.0,0.1019064933061599,0.0,0.0,0.0,0.1081565469503402,0.0266903769224882,0.0,0.0,0.0,0.0737946182489395,0.0939156711101532,0.0,0.0,0.0156100178137421,0.0012963137123733,0.0,0.0,0.138661041855812,0.1405780017375946,0.0,0.1647686660289764,0.1660364717245102,0.1271568387746811,0.0793615952134132,0.0830462947487831,0.0,0.0,0.0,0.0543225146830081,0.0,0.0246451031416654,0.0,0.11697718501091,0.0846004635095596,0.0929698273539543,0.0,0.0,0.0011505283182486,0.0,0.0471887774765491,0.1663183122873306,0.0,0.137462168931961,0.0,0.1761330515146255,0.0,0.112372376024723,0.1213956177234649,0.0,0.1574644297361374,0.0,0.0544590726494789,0.0,0.0738699063658714,0.0826764777302742,0.0,0.0,0.0,0.0,0.1486490368843078,0.0,0.1501620411872863,0.1203951612114906,0.0,0.0899557843804359,0.0,0.0625328943133354,0.0,0.0719770044088363,0.0037463335320353,0.0,0.0,0.1748331934213638,0.0726226568222045,0.0,0.0,0.0,0.0,0.0,0.0,0.0,0.0,0.0,0.0,0.0,0.0,0.0,0.0185486674308776,0.0,0.0,0.0,0.0220773518085479,0.1948433965444564,0.1183192506432533,0.0792863741517067,0.1108835339546203,0.0,0.0,0.0,0.0840101391077041,0.0,0.1679147481918335,0.0,0.1171303167939186
2486,0.4963220059871673,0.0044035003520548,0.7662294507026672,0.6252358555793762,0.1644732356071472,0.1051963344216346,0.57268887758255,0.0534138493239879,0.3041920065879822,0.7207476496696472,0.6218217611312866,0.1773293167352676,0.4541062414646148,0.6690457463264465,0.7474050521850586,0.2546989619731903,0.0526285544037818,0.0651523470878601,0.731345534324646,0.8192988634109497,0.7729544043540955,0.2671563923358917,0.958308219909668,0.0538938045501709,0.2211217433214187,0.6365127563476562,0.1537309437990188,0.3939892649650574,0.7463652491569519,0.0700197964906692,0.130356952548027,0.0689303502440452,0.5238438844680786,0.1812648624181747,0.2543142437934875,0.0152875268831849,0.5017182230949402,0.0700090527534484,0.5192175507545471,0.0971217006444931,0.1619854420423507,0.5731067657470703,0.0193232391029596,0.8198304772377014,0.2128642201423645,0.6682818531990051,0.2081135809421539,0.0408863723278045,0.8608341217041016,0.7395500540733337,0.0559292882680892,0.6317370533943176,0.1356413662433624,0.0651444718241691,0.6575810313224792,0.5515695214271545,0.7575400471687317,0.1085079610347747,0.0564363524317741,0.2489448338747024,0.5989933609962463,0.0,0.6876360177993774,0.271937757730484,0.034667644649744,0.5148888230323792,0.0713311359286308,0.0547598116099834,0.4951404631137848,0.0380696840584278,0.4439940154552459,0.407009869813919,0.0598185248672962,0.2669225633144378,0.8079895973205566,0.4607938528060913,0.4073390960693359,0.0991361513733863,0.2314980030059814,0.2699969112873077,0.1799861192703247,0.0352130495011806,0.2846656143665313,0.0942815393209457,0.7832853198051453,0.3543578684329986,0.3868313729763031,0.3178620040416717,0.0790567994117736,0.6737907528877258,0.0784304812550544,0.0,0.1344945281744003,0.1174875497817993,0.3161987960338592,0.3211634159088135,0.2016478329896927,0.2901569902896881,0.0146732004359364,0.9299004673957824,0.0,0.7926522493362427,0.0428622588515281,0.0638347119092941,0.1422309875488281,0.0760530605912208,0.7693762183189392,0.7451943755149841,0.0082741575315594,0.6992589831352234,0.0115685006603598,0.9579901099205016,0.6465905904769897,0.1103758439421653,0.1417137533426284,0.7161906361579895,0.2189460545778274,0.6750366687774658,0.0659281611442565,0.5557286143302917,0.522222638130188,0.6738075017929077,0.0061985002830624,0.1236499547958374,0.7318242788314819,0.3187315762042999,0.0169773902744054,0.748877227306366
2495,0.0394346676766872,0.0866440087556839,0.0,0.0,0.0,0.0,0.0,0.0,0.0,0.0,0.0,0.0,0.0,0.0,0.0,0.0,0.0,0.0,0.0328256674110889,0.0,0.0,0.1582649946212768,0.0,0.0,0.0,0.0,0.0,0.0,0.0,0.0,0.0,0.0,0.4980226755142212,0.0,0.0,0.0,0.0,0.0,0.0,0.0,0.0,0.0,0.0,0.0,0.0,0.489536702632904,0.0,0.0292766671627759,0.0,0.0,0.0,0.0,0.0,0.0,0.0,0.0,0.0,0.0,0.0,0.0,0.0,0.0,0.0,0.0,0.0,0.0,0.0,0.0,0.0,0.0,0.0,0.0,0.0,0.0,0.0,0.0,0.0,0.0,0.0,0.0981059968471527,0.0,0.0,0.0,0.1392320096492767,0.0,0.0,0.0,0.0,0.0,0.0,0.0,0.0,0.0,0.0,0.0,0.053431998938322,0.0,0.0,0.0,0.0,0.0,0.0,0.0,0.0,0.0,0.0,0.0,0.2205376625061035,0.0,0.0,0.0,0.2752526998519897,0.0,0.0,0.0,0.0,0.0,0.0,0.0,0.0,0.0,0.0,0.0,0.0,0.0,0.0,0.0060455501079559,0.0
2501,0.0,0.0,0.0,0.0,0.0,0.0,0.0,0.0,0.0,0.0,0.0,0.0,0.0,0.0,0.0,0.0,0.0,0.0,0.0,0.0,0.0,0.4764953255653381,0.0,0.0,0.0,0.0,0.0,0.0,0.0,0.0,0.0,0.0,0.0,0.0,0.0,0.0,0.0,0.0,0.0,0.0,0.0,0.0,0.0,0.0,0.0,0.0,0.0,0.0,0.0,0.0465253740549087,0.0,0.0,0.0,0.0,0.0,0.0,0.0,0.0,0.0,0.0,0.0,0.0,0.0,0.0,0.0,0.0,0.0,0.0,0.0,0.0,0.0,0.0,0.0,0.0,0.0,0.0408376231789588,0.0,0.0,0.0,0.0,0.0,0.0,0.0,0.0815204232931137,0.0,0.592890739440918,0.2694169580936432,0.0,0.0,0.0,0.0,0.0,0.0,0.0346755571663379,0.0,0.0,0.0,0.0,0.0,0.0,0.0,0.0,0.0,0.0,0.0,0.0,0.0,0.0,0.0,0.0,0.0,0.0,0.0118494052439928,0.0,0.0,0.0,0.0,0.0,0.1052410006523132,0.0,0.0,0.0,0.0,0.0,0.0,0.0,0.0,0.0
2504,0.0,0.0,0.0,0.0,0.0,0.0,0.0,0.0,0.0,0.0,0.0,0.0,0.0,0.0,0.0,0.0,0.0,0.0,0.0,0.0,0.0,0.0,0.0,0.0,0.0,0.0,0.0,0.0,0.0,0.0,0.0,0.0,0.0,0.0,0.0,0.0,0.0,0.0,0.0,0.0,0.0,0.0,0.0,0.0,0.0,0.0,0.0,0.0,0.0,0.0,0.0,0.0,0.0,0.0,0.0,0.0,0.0,0.0,0.0,0.0,0.0,0.0,0.0,0.0,0.0,0.0,0.0,0.0,0.0,0.0,0.0,0.0,0.0,0.0,0.0,0.0,0.0,0.0,0.0,0.0,0.0,0.0,0.0,0.0,0.0,0.0,0.0,0.0,0.0,0.0,0.0,0.0,0.0,0.0,0.0,0.0,0.0,0.0,0.0,0.0,0.0,0.0,0.0,0.0,0.0,0.0,0.0,0.0,0.0,0.0,0.0,0.0,0.0,0.0,0.0,0.0,0.0,0.0,0.0,0.0,0.0,0.0,0.0,0.0,0.0,0.0,0.0,0.0
2509,0.0,0.0,0.0,0.0,0.0,0.0,0.0,0.0,0.0,0.0,0.0,0.0,0.0,0.0,0.0,0.0,0.0,0.0,0.0,0.0,0.0,0.0,0.0,0.0,0.0,0.0,0.0,0.0,0.0,0.0,0.0,0.0,0.0,0.0,0.0,0.0,0.0,0.0,0.0,0.0,0.0,0.0,0.0,0.0,0.0,0.0,0.0,0.0,0.0,0.0,0.0,0.0,0.0,0.0,0.0,0.0,0.0,0.0,0.0,0.0,0.0,0.0,0.0,0.0,0.0,0.0,0.0,0.0,0.0,0.0,0.0,0.0,0.0,0.0,0.0,0.0,0.0,0.0,0.0,0.0,0.0,0.0,0.0,0.0,0.0,0.0,0.0,0.0,0.0,0.0,0.0,0.0,0.0,0.0,0.0,0.0,0.0,0.0,0.0,0.0,0.0,0.0,0.0,0.0,0.0,0.0,0.0,0.0,0.0,0.0,0.0,0.0,0.0,0.0,0.0,0.0,0.0,0.0,0.0,0.0,0.0,0.0,0.0,0.0,0.0,0.0,0.0,0.0
2510,0.0234838332980871,0.015137200243771,0.1836206018924713,0.403385728597641,0.0292291678488254,0.3458461165428161,0.0,0.1645391136407852,0.0,0.0,0.0616126023232936,0.0,0.5347510576248169,0.0,0.0,0.0349774993956089,0.0,0.1103680059313774,0.0127969998866319,0.3042404353618622,0.0,0.0,0.0,0.0509996004402637,0.4465569853782654,0.2379937618970871,0.0,0.184096097946167,0.02741583250463,0.0,0.0,0.1737781167030334,0.1514328569173813,0.0389868356287479,0.0,0.0,0.1212234944105148,0.0,0.1900088787078857,0.0,0.0,0.0,0.0,0.0,0.0,0.0,0.0,0.0,0.2440260201692581,0.3917840719223022,0.0,0.0,0.0,0.0,0.3113183081150055,0.0,0.0,0.0,0.9728172421455384,0.0,0.4480957388877868,0.0439045988023281,0.1242040023207664,0.3101535141468048,0.2040398716926574,0.1692700833082199,0.261036217212677,0.0,0.0,0.0,0.0,0.0,0.1106806620955467,0.0,0.0,0.0,0.2331172972917556,0.0448228009045124,0.0,0.0,0.0,0.3529084324836731,0.5196356177330017,0.0,0.0,0.5289042592048645,0.4900316596031189,0.0,0.275042712688446,0.4274141490459442,0.0,0.0,0.0,0.0,0.2589801251888275,0.0,0.2905387282371521,0.0,0.115083247423172,0.0,0.0,0.0,0.5239156484603882,0.0,0.0,0.0,0.2331064343452453,0.4073755145072937,0.0,0.0,0.018945749849081,0.0,0.0,0.1612247377634048,0.0,0.1438385099172592,0.0883132889866828,0.0,0.0,0.0476947985589504,0.1484387218952179,0.0,0.1679081171751022,0.0,0.0,0.1730151921510696,0.1315240114927292,0.0790214017033577
2523,0.063265636563301,0.3998548984527588,0.0,0.2727355062961578,0.0,0.0,0.0,0.0,0.0,0.0,0.578278124332428,0.0,0.3142362236976623,0.1329738050699234,0.6031282544136047,0.3392233550548553,0.0,0.2436467409133911,0.2528184652328491,0.0,0.3195768892765045,0.2756759524345398,0.0,0.2492753267288208,0.3396282494068146,0.271953821182251,0.0,0.2241416722536087,0.2752313017845154,0.2054662257432937,0.440871924161911,0.0,0.6363265514373779,0.0,0.0,0.0,0.0,0.2892033457756042,0.4054194688796997,0.2727679312229156,0.3005162477493286,0.2826951742172241,0.2857706844806671,0.3333321213722229,0.5389420986175537,0.1608787626028061,0.1691480278968811,0.0,0.3548347949981689,0.605464518070221,0.3040896952152252,0.2446161657571792,0.3834531903266907,0.4882073104381561,0.0,0.4229449331760406,0.2641270160675049,0.3609353005886078,0.0,0.2510362267494201,0.2241240292787552,0.2590108215808868,0.2696412801742553,0.0,0.3808028101921081,0.0,0.2695024311542511,0.0,0.0,0.0,0.2245004475116729,0.3067019879817962,0.182535246014595,0.1180522590875625,0.0,0.31508469581604,0.3095110058784485,0.2830185890197754,0.2031998932361602,0.0,0.3152127265930176,0.810496985912323,0.2441986799240112,0.0,0.3701696693897247,0.2770780324935913,0.7339563965797424,0.2695217132568359,0.2620204091072082,0.2016730457544326,0.3512688875198364,0.2098128050565719,0.3105499148368835,0.2626653909683227,0.2596481442451477,0.2910585105419159,0.2594197988510132,0.3594679832458496,0.2806193828582763,0.0,0.1489229649305343,0.3343966901302337,0.2024336904287338,0.0,0.5362305641174316,0.2407785058021545,0.3001118898391723,0.2296253442764282,0.0,0.0,0.6082902550697327,0.2646647691726684,0.3772048652172088,0.246362954378128,0.0,0.2733205556869507,0.3495427966117859,0.423174649477005,0.3001002073287964,0.2396394312381744,0.3212751150131225,0.1551505774259567,0.0,0.2141172289848327,0.266606718301773,0.3200347125530243,0.297672837972641,0.3329041600227356
2528,0.0,0.0,0.0,0.0,0.0,0.0,0.0,0.0,0.0,0.0,0.0,0.0,0.0,0.0,0.0,0.0,0.0,0.0,0.0,0.0,0.0,0.0,0.0,0.0,0.0,0.0,0.0,0.0,0.0,0.0,0.0,0.0,0.0,0.0,0.0,0.0,0.0,0.0,0.0,0.0,0.0,0.0,0.0,0.0,0.0,0.0,0.0,0.0,0.0,0.0,0.0,0.0,0.0,0.0,0.0,0.0,0.0,0.0,0.0,0.0,0.0,0.0,0.0,0.0,0.0,0.0,0.0,0.0,0.0,0.0,0.0,0.0,0.0,0.0,0.0,0.0,0.0,0.0,0.0,0.0,0.0,0.0,0.0,0.0,0.0,0.0,0.0,0.0,0.0,0.0,0.0,0.0,0.0,0.0,0.0,0.0,0.0,0.0,0.0,0.0,0.0,0.0,0.0,0.0,0.0,0.0,0.0,0.0,0.0,0.0,0.0,0.0,0.0,0.0,0.0,0.0,0.0,0.0,0.0,0.0,0.0,0.0,0.0,0.0,0.0,0.0,0.0,0.0
2531,0.0,0.0,0.0,0.0,0.0,0.0,0.0,0.0,0.0,0.0,0.0,0.0,0.0,0.0,0.0,0.0,0.0,0.0,0.0,0.0,0.0,0.0,0.0,0.0,0.0,0.0,0.0,0.0,0.0,0.0,0.0,0.0,0.0,0.0,0.0,0.0,0.0,0.0,0.0,0.0,0.0,0.0,0.0,0.0,0.0,0.0,0.0,0.0,0.0,0.0,0.0,0.0,0.0,0.0,0.0,0.0,0.0,0.0,0.0,0.0,0.0,0.0,0.0,0.0,0.0,0.0,0.0,0.0,0.0,0.0,0.0,0.0,0.0,0.0,0.0,0.0,0.0,0.0,0.0,0.0,0.0,0.0,0.0,0.0,0.0,0.0,0.0,0.0,0.0,0.0,0.0,0.0,0.0,0.0,0.0,0.0,0.0,0.0,0.0,0.0,0.0,0.0,0.0,0.0,0.0,0.0,0.0,0.0,0.0,0.0,0.0,0.0,0.0,0.0,0.0,0.0,0.0,0.0,0.0,0.0,0.0,0.0,0.0,0.0,0.0,0.0,0.0,0.0
2544,0.0,0.0,0.0884162634611129,0.0644451603293418,0.0993429198861122,0.0,0.0,0.0,0.0,0.0,0.0,0.0,0.1368765830993652,0.0336690247058868,0.1461607068777084,0.0893293395638465,0.0,0.0,0.2397079169750213,0.0,0.0,0.0,0.0,0.0,0.0,0.0,0.0,0.0,0.0442276671528816,0.0,0.0782355964183807,0.0,0.0541886277496814,0.0,0.0,0.0,0.0,0.0,0.0,0.0399068593978881,0.0,0.0,0.0343527309596538,0.0,0.0,0.0,0.0,0.0,0.0,0.0,0.0,0.0,0.117486722767353,0.0,0.0,0.0,0.0,0.2601717412471771,0.0,0.0,0.0,0.0,0.0849929079413414,0.0,0.0,0.0,0.0934108346700668,0.0,0.0,0.0,0.0605245269834995,0.0,0.0,0.0212693884968757,0.0,0.0,0.0,0.0,0.0180998891592025,0.0880680009722709,0.0,0.0,0.0592095516622066,0.0,0.2235964685678482,0.0,0.0,0.0,0.0,0.0982717722654342,0.0462929755449295,0.0517541691660881,0.0,0.0855285301804542,0.0660435706377029,0.0,0.0,0.0,0.0,0.0,0.0642500966787338,0.0872870236635208,0.0,0.0,0.0,0.0,0.0,0.0,0.0,0.5803267359733582,0.0,0.0,0.0,0.0,0.0,0.0,0.0,0.048809602856636,0.0778742134571075,0.0,0.0,0.1198661103844642,0.0,0.0,0.0,0.0712335258722305,0.0,0.0
2545,0.0,0.0,0.0,0.0,0.0,0.0,0.0,0.0,0.0,0.0,0.0,0.0,0.0,0.0,0.0,0.0,0.0,0.0,0.0,0.0,0.0,0.0,0.0,0.0,0.0,0.0,0.0,0.0,0.0,0.0,0.0,0.0,0.0,0.0,0.0,0.0,0.0,0.0,0.0,0.0,0.0,0.0,0.0,0.0,0.0,0.0,0.0,0.0,0.0,0.0,0.0,0.0,0.0,0.0598916672170162,0.0,0.0,0.0,0.0,0.0,0.0,0.0,0.0,0.0,0.0,0.0,0.0,0.0,0.0,0.0,0.0,0.0,0.0,0.0,0.0,0.0,0.0,0.0,0.0,0.0,0.0,0.0,0.0,0.0,0.0,0.0,0.0,0.0,0.0,0.0,0.0,0.0,0.0,0.0,0.0,0.0,0.0,0.0,0.0,0.0,0.0,0.0,0.0,0.0,0.0,0.0,0.0,0.0,0.0,0.0,0.0,0.0,0.0,0.0,0.0,0.0,0.0,0.0,0.0,0.0,0.0834924727678299,0.0,0.0,0.0,0.0,0.0,0.0,0.0,0.0
2548,0.0,0.0,0.0,0.0,0.0,0.0,0.0,0.0,0.0,0.0,0.0,0.0,0.0,0.0,0.0,0.0,0.0,0.0,0.0,0.0,0.0,0.0,0.7317879796028137,0.682781994342804,0.0,0.0,0.0,0.5515729784965515,0.0,0.0,0.0,0.0,0.0,0.0,0.3357070088386535,0.0,0.0,0.0,0.0,0.0,0.0,0.0,0.0,0.0,0.0,0.1335110068321228,0.0,0.0,0.0,0.6967930197715759,0.0,0.0,0.0,0.3881169855594635,0.0,0.0,0.0,0.0,0.0,0.0,0.0,0.0,0.3365190029144287,0.0,0.0,0.0,0.2475219964981079,0.0,0.0750470012426376,0.0,0.0,0.3290660083293915,0.0,0.1339350044727325,0.0,0.0,0.0,0.0,0.0,0.2978869974613189,0.0,0.0,0.0,0.0,0.0,0.0,0.0889810025691986,0.0,0.0,0.0,0.639868974685669,0.0,0.0,0.0,0.0,0.0,0.3370139896869659,0.0,0.0,0.0,0.0,0.0,0.0,0.0,0.0,0.0,0.0,0.0,0.0,0.0,0.0,0.0,0.0,0.0,0.0,0.436255007982254,0.0,0.0,0.1466390043497085,0.0,0.0,0.0,0.7277029752731323,0.6720709800720215,0.0,0.4028739929199219,0.0,0.5704820156097412
2552,0.0,0.0,0.0,0.0,0.0,0.0,0.0,0.0,0.0,0.0,0.0,0.0,0.0,0.0,0.0,0.0,0.0,0.0,0.0,0.0,0.0,0.0,0.069131001830101,0.3545700013637543,0.1682990044355392,0.3629460036754608,0.7390339970588684,0.0,0.0721509978175163,0.0,0.0,0.0,0.0,0.0,0.5201359987258911,0.2563610076904297,0.0,0.0,0.0,0.4260410070419311,0.0,0.5614529848098755,0.3543305099010467,0.022041667252779,0.780676007270813,0.0,0.4345639944076538,0.0,0.0,0.5154110193252563,0.0,0.0,0.0,0.0,0.0,0.0,0.0,0.3890514969825744,0.4055260121822357,0.3795379996299743,0.0,0.6527374982833862,0.394992470741272,0.5954700112342834,0.0,0.0,0.0709640011191368,0.0,0.0,0.0,0.0,0.0,0.0,0.0,0.1609929949045181,0.0,0.3595690131187439,0.0,0.0,0.0,0.0,0.6946510076522827,0.0,0.0,0.0,0.0,0.0,0.0,0.0,0.0,0.0,0.0,0.3265439867973327,0.0,0.0,0.0,0.0882079973816871,0.377005010843277,0.532151997089386,0.0,0.5121729969978333,0.0,0.0,0.0,0.1169990003108978,0.0,0.2808609902858734,0.0,0.4494220018386841,0.8959619998931885,0.1663900017738342,0.0,0.0909129977226257,0.0,0.0,0.0791239961981773,0.0,0.279119998216629,0.2249574959278106,0.0,0.5528479814529419,0.0,0.0,0.0,0.0,0.0,0.0,0.2380619943141937
2556,0.553933322429657,0.207197904586792,0.553152322769165,0.5138101577758789,0.0,0.0,0.0,0.6476377248764038,0.4308745265007019,0.0,0.798723578453064,0.0,0.523600161075592,0.44828000664711,0.0,0.0,0.2918413579463959,0.0,0.0,0.6268561482429504,0.2794554829597473,0.0,0.6630477905273438,0.0,0.0,0.0573495626449584,0.4515366554260254,0.8016005158424377,0.5593787431716919,0.0,0.791082501411438,0.5462332367897034,0.0,0.6383198499679565,0.1314648538827896,0.7211222648620605,0.3371970057487488,0.0,0.0,0.0,0.4084868133068084,0.8549336194992065,0.7702053785324097,0.977089822292328,0.8145678043365479,0.0,0.0,0.7766447067260742,0.3490788042545318,0.0,0.0,0.0,0.7421177625656128,0.0,0.0,0.2735885977745056,0.9044797420501708,0.7110313177108765,0.0,0.907459795475006,0.7787697911262512,0.0,0.5555953979492188,0.0,0.7521508932113647,0.3301707506179809,0.0,0.0,0.7205954194068909,0.0,0.0,0.0,0.0,0.0,0.0,0.5084701776504517,0.6071869134902954,0.6366881728172302,0.9518292546272278,0.0,0.0,0.460247665643692,0.8199526071548462,0.8299880027770996,0.0,0.0,0.0,0.0,0.0,0.8177570700645447,0.5765129923820496,0.0,0.7164192199707031,0.0,0.0,0.0,0.0,0.0,0.0,0.0,0.0,0.3328903019428253,0.0,0.0,0.0,0.3508661389350891,0.0,0.0,0.7974262833595276,0.0,0.8019400238990784,0.4471331536769867,0.2623337805271148,0.0,0.0,0.0,0.5408264398574829,0.3329281806945801,0.4390501379966736,0.3769771456718445,0.6151998043060303,0.0,0.0,0.892028272151947,0.7827780246734619,0.0,0.0,0.0
2558,0.0,0.0,0.0,0.0,0.0,0.0,0.0,0.0,0.0,0.0,0.0,0.0,0.0,0.0,0.0,0.0,0.0,0.0,0.0,0.0,0.0,0.0,0.0,0.0,0.0,0.0,0.0,0.0,0.0,0.0,0.0,0.0,0.0,0.0,0.0,0.0,0.0,0.0,0.0,0.0,0.0,0.0,0.0,0.0,0.0,0.0,0.0,0.0,0.0,0.0,0.0,0.0,0.0,0.0,0.0,0.0,0.0,0.0,0.0,0.0,0.0,0.0,0.0,0.0,0.0,0.0,0.0,0.0,0.0,0.0,0.0,0.0,0.0,0.0,0.0,0.0,0.0,0.0,0.0,0.0,0.0,0.0,0.0,0.0,0.0,0.0,0.0,0.0,0.0,0.0,0.0,0.0,0.0,0.0,0.0,0.0,0.0,0.0,0.0,0.0,0.0,0.0,0.0,0.0,0.0,0.0,0.0,0.0,0.0,0.0,0.0,0.0,0.0,0.0,0.0,0.0,0.0,0.0,0.0,0.0,0.0,0.0,0.0,0.0,0.0,0.0,0.0,0.0
2562,0.4902944564819336,0.0,0.1307766735553741,0.0082419831305742,0.0,0.1875486224889755,0.1106714755296707,0.0129592856392264,0.0132106468081474,0.0130163570865988,0.0173879005014896,0.0027590000536292,0.046731561422348,0.0029542653355747,0.0051317173056304,0.0036922127474099,0.0,0.008403300307691,0.1319927722215652,0.0065838294103741,0.0064250002615153,0.0830647125840187,0.0297261849045753,0.2166788280010223,0.0081227552145719,0.2135733217000961,0.402187705039978,0.0123976897448301,0.3723620474338531,0.0367479622364044,0.0033642728812992,0.0292558055371046,0.0317899659276008,0.0143525786697864,0.0508179180324077,0.068914495408535,0.3224119544029236,0.4692853391170501,0.090694785118103,0.0761073157191276,0.0005785399698652,0.0,0.0055192084982991,0.1668310612440109,0.0115746231749653,0.0114712268114089,0.001615326385945,0.0025693615898489,0.0,0.0046102553606033,0.2273332774639129,0.0126344393938779,0.0133615704253315,0.2642136514186859,0.0,0.0168651081621646,0.0,0.0108402892947196,0.2942906022071838,0.0854104608297348,0.0378122106194496,0.020433796569705,0.0,0.2775663435459137,0.0030156045686453,0.241675466299057,0.161534309387207,0.1186872497200965,0.0069308043457567,0.0,0.0374158360064029,0.0605656653642654,0.0193158816546201,0.0138507913798093,0.1439583301544189,0.0105057340115308,0.0092766964808106,0.0,0.041310828179121,0.0,0.0063149998895823,0.0098498482257127,0.0058409348130226,0.0220345612615346,0.0033966584596782,0.0703101754188537,0.0,0.1605174988508224,0.0062619359232485,0.0322974100708961,0.0068475524894893,0.0,0.3725736439228058,0.0055552199482917,0.1753770112991333,0.539053201675415,0.0177732929587364,0.1215288415551185,0.0120812086388468,0.0909660011529922,0.0070360223762691,0.0037166383117437,0.0431955456733703,0.0753258317708969,0.0110679557546973,0.058951262384653,0.0026695332489907,0.3917979598045349,0.0,0.1016390696167945,0.0133769121021032,0.0,0.0122784078121185,0.0682559981942176,0.13075552880764,0.1023231893777847,0.2065285444259643,0.1575106531381607,0.0,0.0286343488842248,0.1594284176826477,0.0344657935202121,0.1901716738939285,0.1476373225450515,0.0960798859596252,0.0,0.0033463914878666,0.0023965660948306
2564,0.0,0.0,0.0,0.0,0.0,0.0,0.0,0.0,0.0,0.0,0.0,0.0,0.0,0.0,0.0,0.0,0.0,0.0,0.0,0.0,0.0,0.0,0.0,0.0,0.0,0.0,0.0,0.0,0.0,0.0,0.0,0.0,0.0,0.0,0.0,0.0,0.0,0.0,0.0,0.0,0.0,0.0,0.0,0.0,0.0,0.0,0.0,0.0,0.0,0.0,0.0,0.0,0.0,0.0,0.0,0.0,0.0,0.0,0.0,0.0,0.0,0.0,0.0,0.0,0.0,0.0,0.0,0.0,0.0,0.0,0.0,0.0,0.0,0.0,0.0,0.0,0.0,0.0,0.0,0.0,0.0,0.0,0.0,0.0,0.0,0.0,0.0,0.0,0.0,0.0,0.0,0.0,0.0,0.0,0.0,0.0,0.0,0.0,0.0,0.0,0.0,0.0,0.0,0.0,0.0,0.0,0.0,0.0,0.0,0.0,0.0,0.0,0.0,0.0,0.0,0.0,0.0,0.0,0.0,0.0,0.0,0.0,0.0,0.0,0.0,0.0,0.0,0.0
2571,0.0,0.0,0.0,0.0,0.0,0.0,0.0,0.0,0.0,0.0,0.0,0.0,0.0,0.0,0.0,0.0,0.0,0.0,0.0,0.0,0.0,0.0,0.0,0.0,0.0,0.0,0.0,0.0,0.0,0.0,0.0,0.0,0.0,0.0,0.0,0.0,0.0,0.0,0.0,0.0,0.0,0.0,0.0,0.0,0.0,0.0,0.0,0.0,0.0,0.0,0.0,0.0,0.0,0.0,0.0,0.0,0.0,0.0,0.0,0.0,0.0,0.0,0.0,0.0,0.0,0.0,0.0,0.0,0.0,0.0,0.0,0.0,0.0,0.0,0.0,0.0,0.0,0.0,0.0,0.0,0.0,0.0,0.0,0.0,0.0,0.0,0.0,0.0,0.0,0.0,0.0,0.0,0.0,0.0,0.0,0.0,0.0,0.0,0.0,0.0,0.0,0.0,0.0,0.0,0.0,0.0,0.0,0.0,0.0,0.0,0.0,0.0,0.0,0.0,0.0,0.0,0.0,0.0,0.0,0.0,0.0,0.0,0.0,0.0,0.0,0.0,0.0,0.0
2598,0.7665991187095642,0.575260579586029,0.0115635190159082,0.0243455171585083,0.0153885735198855,0.0279336012899875,0.0881029069423675,0.6849884390830994,0.6993443965911865,0.0133811850100755,0.4543505311012268,0.1184854954481124,0.3864787518978119,0.1128774434328079,0.7639437913894653,0.2963722348213196,0.3561428189277649,0.0063942335546016,0.0080909188836812,0.2298437803983688,0.0109377987682819,0.0805103629827499,0.101521298289299,0.3323233723640442,0.0124597996473312,0.5373374819755554,0.0229746680706739,0.0413912087678909,0.0449751056730747,0.0099760172888636,0.323038786649704,0.0672199875116348,0.0127902068197727,0.0195084828883409,0.0568835400044918,0.3142056465148926,0.0935875251889228,0.0725040882825851,0.1521493047475814,0.4631443619728088,0.5201731324195862,0.3582912981510162,0.0334712527692317,0.0173434652388095,0.094969667494297,0.6537756323814392,0.0024885789025574,0.0217641573399305,0.0594850778579711,0.7771233916282654,0.0109235262498259,0.7897970676422119,0.4207920432090759,0.040957223623991,0.5759849548339844,0.1833143681287765,0.3982917666435241,0.0252362862229347,0.0595125742256641,0.3991617858409881,0.5499429106712341,0.0246999450027942,0.1482858955860138,0.0536513775587081,0.0420966185629367,0.0319884978234767,0.0463278070092201,0.1355426609516143,0.0204041674733161,0.5506183505058289,0.0322982333600521,0.5012045502662659,0.3032255470752716,0.651864230632782,0.0247086714953184,0.5918217301368713,0.3521225154399872,0.0636742264032363,0.7283015251159668,0.1036136448383331,0.0,0.2613770067691803,0.0220498405396938,0.0925760641694068,0.0466557070612907,0.7158147692680359,0.032563779503107,0.2743644416332245,0.0129130892455577,0.2777684330940246,0.0173437409102916,0.0207137893885374,0.0583138428628444,0.0067335716448724,0.0545195452868938,0.0140533987432718,0.6840763688087463,0.2884911298751831,0.0548632331192493,0.6420753598213196,0.039208211004734,0.120728425681591,0.0476033315062522,0.0167761389166116,0.0067374645732343,0.5623928904533386,0.0221169851720333,0.0072476835921406,0.021387493237853,0.0438735783100128,0.3299484252929687,0.7237704396247864,0.4804380238056183,0.3187968134880066,0.5414330959320068,0.0709202140569686,0.0233524069190025,0.0100923078134655,0.0199317149817943,0.017119362950325,0.0321667976677417,0.017904944717884,0.0,0.0271554198116064,0.0190255902707576,0.5729029774665833,0.0095692686736583,0.645302414894104
2606,0.0,0.0,0.0,0.0,0.0,0.0,0.0,0.0,0.0,0.0,0.0,0.0,0.0,0.0,0.0,0.0,0.0,0.0,0.0,0.0,0.0,0.0,0.0,0.0,0.0,0.0,0.0,0.0,0.0,0.0,0.0,0.0,0.0,0.0,0.0,0.0,0.0,0.0,0.0,0.0,0.0,0.0,0.0,0.0,0.0,0.0241997502744197,0.0,0.0,0.0,0.0,0.0147287501022219,0.0,0.0,0.0,0.0,0.0,0.0,0.0,0.0,0.0,0.0,0.0,0.0,0.0,0.0,0.0,0.0,0.0,0.0,0.0,0.0,0.0,0.0,0.0502525009214878,0.0,0.0,0.0,0.0,0.0,0.0,0.0,0.0,0.0,0.0,0.0,0.2684597671031952,0.0,0.0,0.0,0.0,0.0,0.0,0.0,0.0,0.0,0.0,0.0,0.0,0.0,0.0,0.0,0.0,0.0268840007483959,0.0,0.0,0.0,0.0,0.0,0.0,0.0,0.0,0.0,0.0,0.0,0.0,0.0,0.0,0.0,0.0,0.3069901764392853,0.0,0.0,0.0,0.0,0.0,0.0,0.0,0.0699691474437713
2607,0.0,0.0,0.0,0.0,0.0,0.0,0.0,0.0,0.0,0.0,0.0,0.0,0.0,0.0,0.0,0.0,0.0,0.0,0.0,0.0,0.0,0.0,0.0,0.0,0.0,0.0,0.0,0.0,0.0,0.0,0.0,0.0,0.0,0.0,0.0,0.0,0.0,0.0,0.0,0.0,0.0,0.0,0.0,0.0,0.0,0.0,0.0,0.0,0.0,0.0,0.0,0.0,0.0,0.0,0.0,0.0,0.0,0.0,0.0,0.0,0.0,0.0,0.0,0.0,0.0,0.0,0.0,0.0,0.0,0.0,0.0,0.0,0.0,0.0,0.0,0.0,0.0,0.0,0.0,0.0,0.0,0.0,0.0,0.0,0.0,0.0,0.0,0.0,0.0,0.0,0.0,0.0,0.0,0.0,0.0,0.0,0.0,0.0,0.0,0.0,0.0,0.0,0.0,0.0,0.0,0.0,0.0,0.0,0.0,0.0,0.0,0.0,0.0,0.0,0.0,0.0,0.0,0.0,0.0,0.0,0.0,0.0,0.0,0.0,0.0,0.0,0.0,0.0
2620,0.0,0.3181011378765106,0.0,0.0,0.0,0.0,0.0,0.0,0.0,0.0,0.0,0.0,0.0,0.0,0.0,0.0,0.0,0.0,0.0,0.0,0.0,0.0,0.4717040061950683,0.0,0.0,0.0,0.0319110713899135,0.0,0.3102632164955139,0.0,0.0905786603689193,0.4471847116947174,0.0,0.2775792181491852,0.0,0.3653131127357483,0.0,0.0,0.0,0.0,0.0,0.0,0.0,0.0434782616794109,0.0,0.0,0.0,0.0,0.0,0.0,0.0,0.0,0.0,0.652641236782074,0.0,0.0,0.5073094367980957,0.032609611749649,0.0,0.0,0.0,0.0,0.0,0.0,0.0,0.0,0.3834458291530609,0.0,0.0,0.0,0.0,0.0,0.0,0.0,0.0,0.0,0.0,0.0,0.0,0.0,0.0,0.0,0.0,0.0,0.0,0.0,0.0,0.0,0.0,0.0,0.0,0.0,0.0,0.0,0.0,0.0,0.0,0.0,0.0,0.0,0.0,0.0,0.0,0.0,0.341336041688919,0.0,0.0,0.0,0.0,0.0,0.0,0.0,0.0,0.0,0.0392268896102905,0.6699413657188416,0.0,0.0,0.0,0.7047245502471924,0.0,0.0,0.0,0.0,0.0,0.5372675657272339,0.0,0.0
2630,0.1287208646535873,0.0201679300516843,0.0,0.0,0.0,0.1273361295461654,0.0,0.0,0.0800232216715812,0.0,0.0,0.0,0.0,0.0,0.0,0.0,0.0,0.0882739126682281,0.0,0.0,0.0,0.0165028031915426,0.0,0.0,0.0,0.0482110977172851,0.0,0.0021093334071338,0.0,0.0,0.0,0.0086752222850918,0.0,0.1253438144922256,0.0,0.0,0.0,0.0801441147923469,0.0,0.0,0.0,0.0,0.0,0.0,0.0,0.1459891647100448,0.0,0.0135981710627675,0.0,0.0,0.0126045001670718,0.0,0.0,0.0,0.0,0.0,0.1139239817857742,0.0,0.0097992504015564,0.0,0.0,0.0,0.0,0.0,0.0,0.0,0.0,0.0,0.0,0.0158157013356685,0.0,0.0,0.0,0.110343113541603,0.0,0.0720268636941909,0.0,0.0,0.0,0.0,0.0,0.0,0.0,0.0,0.0,0.0848432704806327,0.1298025548458099,0.0,0.0,0.0,0.0,0.0,0.1513631939888,0.0,0.0578921288251876,0.0,0.0,0.0113151669502258,0.0,0.0,0.0,0.0,0.0,0.0,0.0,0.0218078214675188,0.0,0.0,0.0,0.0,0.0,0.0,0.0,0.0,0.0,0.0,0.0,0.0,0.0,0.0,0.0,0.0,0.0,0.0,0.0,0.0488833487033844,0.0514624379575252,0.0
2645,0.0,0.0,0.0,0.0,0.0,0.0,0.0,0.0,0.0,0.0,0.0,0.0,0.0,0.0,0.0,0.0,0.0,0.0,0.0,0.0,0.0,0.0,0.0,0.0,0.0,0.0,0.0,0.0,0.0,0.0,0.0,0.0,0.0,0.0,0.0,0.0,0.0,0.0,0.0,0.0,0.0,0.0,0.0,0.0,0.0,0.0,0.0,0.0,0.0,0.0,0.0,0.0,0.0,0.0,0.0,0.0,0.0,0.0,0.0,0.0,0.0,0.0,0.0,0.0,0.0,0.0,0.0,0.0,0.0,0.0,0.0,0.0,0.0,0.0,0.0,0.0,0.0,0.0,0.0,0.0,0.0,0.0,0.0,0.0,0.0,0.0,0.0,0.0,0.0,0.0,0.0,0.0,0.0,0.0,0.0,0.0,0.0,0.0,0.0,0.0,0.0,0.0,0.0,0.0,0.0,0.0,0.0,0.0,0.0,0.0,0.0,0.0,0.0,0.0,0.0,0.0,0.0,0.0,0.0,0.0,0.0,0.0,0.0,0.0,0.0,0.0,0.0,0.0
2658,0.0,0.0,0.0,0.0,0.0,0.0,0.0,0.0,0.0,0.0,0.0,0.0,0.0,0.0,0.0,0.0,0.0,0.0,0.0,0.0,0.0,0.0,0.0,0.0,0.0,0.0,0.0,0.0,0.0,0.0,0.0,0.0,0.0,0.0,0.0,0.0,0.0,0.0,0.0,0.0,0.0,0.0,0.0,0.0,0.0,0.0,0.0,0.0,0.0,0.0,0.0,0.0,0.0,0.0,0.0,0.0,0.0,0.0,0.0,0.0,0.0,0.0,0.0,0.0,0.0,0.0,0.0,0.0,0.0,0.0,0.0,0.0,0.0,0.0,0.0,0.0,0.0,0.0,0.0,0.0,0.0,0.0,0.0,0.0,0.0,0.0,0.0,0.0,0.0,0.0,0.0,0.0,0.0,0.0,0.0,0.0,0.0,0.0,0.0,0.0,0.0,0.0,0.0,0.0,0.0,0.0,0.0,0.0,0.0,0.0,0.0,0.0,0.0,0.0,0.0,0.0,0.0,0.0,0.0,0.0,0.0,0.0,0.0,0.0,0.0,0.0,0.0,0.0
2660,0.0,0.0,0.0,0.0,0.0,0.0,0.0,0.1182652488350868,0.1391736268997192,0.0,0.0,0.0,0.0664544701576232,0.0,0.0,0.0,0.0,0.7099884748458862,0.0,0.0,0.0,0.0,0.1806753426790237,0.2550355494022369,0.4845934808254242,0.0,0.0,0.0,0.0,0.4127918779850006,0.050390388816595,0.3023261129856109,0.0,0.0,0.0527895726263523,0.2582634091377258,0.0,0.0,0.0,0.340585708618164,0.4889444410800934,0.0,0.0263417772948741,0.0097992504015564,0.0,0.0,0.0,0.3005372881889343,0.5826467871665955,0.0,0.0,0.0,0.0,0.0,0.0134331369772553,0.0,0.0,0.0,0.0,0.4886600375175476,0.0,0.0,0.0,0.1955393999814987,0.0,0.0,0.0,0.0,0.0,0.0,0.0,0.5020667314529419,0.765263557434082,0.0,0.0,0.1860496550798416,0.0,0.0,0.0,0.0,0.0,0.0,0.0,0.4830589294433594,0.0,0.0,0.4009545743465423,0.0,0.329288512468338,0.0,0.0,0.0,0.2173975855112075,0.0,0.0,0.0,0.0,0.4996752738952636,0.0,0.0,0.2493111938238144,0.5959246158599854,0.0,0.0440074428915977,0.486227810382843,0.0,0.0910608544945716,0.0,0.7062950134277344,0.0,0.0,0.2436954975128173,0.0,0.4590439200401306,0.0,0.4398621618747711,0.3314977586269378,0.390913724899292,0.0,0.096214659512043,0.0,0.0,0.0,0.0,0.0,0.1316292136907577,0.0,0.4254640936851501
2665,0.2609504163265228,0.0,0.3169789314270019,0.0195181760936975,0.0077578891068696,0.0561484992504119,0.0545141994953155,0.0297128334641456,0.3650406301021576,0.1407263278961181,0.0,0.0043785297311842,0.1165050640702247,0.0158435255289077,0.6098931431770325,0.2107120007276535,0.1000033393502235,0.3241654336452484,0.2806208431720733,0.1208289638161659,0.4649764597415924,0.0,0.1958579421043396,0.072806067764759,0.1969158947467804,0.4501452445983886,0.1630577594041824,0.3352847993373871,0.3767742216587066,0.0113219171762466,0.0326019674539566,0.3640890419483185,0.0928380787372589,0.0132659999653697,0.0675903856754303,0.1008315533399581,0.109888270497322,0.1213343441486358,0.0256738103926181,0.3889695703983307,0.5035908222198486,0.001487931003794,0.3328795433044433,0.3682169318199157,0.0,0.11866495013237,0.0765561163425445,0.2694854736328125,0.0864994078874588,0.0022873929701745,0.3127059042453766,0.27963787317276,0.0088536432012915,0.2551600039005279,0.0,0.0778391808271408,0.2619231641292572,0.3635155260562897,0.4202940762042999,0.2390304505825042,0.0033133043907582,0.2479172497987747,0.1725312769412994,0.0346031598746776,0.4930609464645386,0.1885217130184173,0.3628003597259521,0.1077713742852211,0.2362366020679474,0.1225146725773811,0.1331760585308075,0.0,0.3434592187404632,0.092471107840538,0.0806356221437454,0.2796705365180969,0.362409383058548,0.0332501307129859,0.3643680512905121,0.1202158257365226,0.1414380520582199,0.1053127348423004,0.0,0.0,0.1997281908988952,0.0442082360386848,0.0263483338057994,0.2691141664981842,0.0,0.2567482590675354,0.0,0.1033684685826301,0.0906718894839286,0.181794062256813,0.2894903719425201,0.4363410472869873,0.042320717126131,0.3263397812843323,0.3019786179065704,0.0571924485266208,0.0037219584919512,0.1079460754990577,0.2828327119350433,0.0,0.4055710732936859,0.2704509794712066,0.2342561185359954,0.0025044616777449,0.2050070613622665,0.2670685946941376,0.2670484781265259,0.0041229166090488,0.1157507449388504,0.0342318229377269,0.2367522269487381,0.0736062005162239,0.4208241105079651,0.4252963960170746,0.1224951967597007,0.0052309585735201,0.0064358888193964,0.0662730783224105,0.1934222877025604,0.456969290971756,0.3064263164997101,0.3789828717708587,0.0404494181275367,0.2164123356342315
2679,0.0769230797886848,0.4807555079460144,0.9994739890098572,0.5,0.9276610016822816,0.4987255036830902,0.4984759986400604,0.4978795051574707,0.3558880090713501,0.0,0.1163295060396194,0.5,0.0,0.1822197884321212,1.0,0.7430559992790222,0.0519025437533855,1.0,0.0188752003014087,0.990776002407074,0.0,0.0,0.0,0.0,0.4998154938220978,0.4794600009918213,0.0,0.498493492603302,0.9965999722480774,1.0,0.0,0.9980459809303284,0.3564766645431518,0.4998224973678589,0.4651984870433807,0.0,0.0858779996633529,0.9665079712867736,0.4979524910449981,0.0511225871741771,0.597553014755249,0.9996029734611512,0.49965301156044,0.999642014503479,1.0,0.9947180151939392,0.9553489685058594,0.498863011598587,0.4997805058956146,0.5,0.7351580262184143,0.9396430253982544,0.4878714978694916,0.4975860118865967,0.4984959959983825,0.998216986656189,0.4998739957809448,0.0,0.0197596251964569,0.9926120042800904,0.0,0.9991660118103028,0.4985795021057129,0.4968709945678711,0.837150514125824,0.4991089999675751,0.9986159801483154,0.4993360042572021,0.4987384974956512,0.5,0.9983199834823608,0.6611153483390808,0.9971209764480592,0.9985020160675048,0.9973049759864808,1.0,0.0075556668452918,0.9959650039672852,0.1469154059886932,0.499732494354248,0.4967879951000213,0.0,0.994512975215912,0.992722988128662,0.0964152738451957,0.0,0.0,0.5,1.0,0.085959568619728,0.0,0.0320762693881988,0.3209766745567322,0.3312026858329773,0.0686096474528312,0.0700623616576194,0.3333333432674408,0.9996079802513124,0.999974012374878,0.9971269965171814,0.0,0.9911400079727172,0.0,0.4994499981403351,0.9728645086288452,0.4995409846305847,1.0,0.0389098711311817,0.3331460058689117,0.498912513256073,0.0,1.0,0.5,0.923657476902008,0.0782016217708587,0.3333333432674408,0.4999620020389557,1.0,0.998462975025177,0.4984929859638214,0.4982414841651916,0.5,0.5,0.9982609748840332,0.9978879690170288,0.4978955090045929,0.3677735030651092,0.065930999815464
2690,0.0,0.0,0.0,0.0,0.0,0.0,0.0,0.0,0.0,0.0,0.0,0.0,0.0,0.0,0.0,0.0,0.0,0.0,0.0,0.0,0.0,0.0,0.0,0.0,0.0,0.0,0.0,0.0,0.0,0.0,0.0,0.0,0.0,0.0,0.0,0.0,0.0,0.0,0.0,0.0,0.0,0.0,0.0,0.0,0.0,0.0,0.0,0.0,0.0,0.0,0.0,0.0,0.0,0.0,0.0,0.0,0.0,0.0,0.0,0.0,0.0,0.0,0.0,0.0,0.0,0.0,0.0,0.0,0.0,0.0,0.0,0.0,0.0,0.0,0.0,0.0,0.0,0.0,0.0,0.0,0.0,0.0,0.0,0.0,0.0,0.0,0.0,0.0,0.0,0.0,0.0,0.0,0.0,0.0,0.0,0.0,0.0,0.0,0.0,0.0,0.0,0.0,0.0,0.0,0.0,0.0,0.0,0.0,0.0,0.0,0.0,0.0,0.0,0.0,0.0,0.0,0.0,0.0,0.0,0.0,0.0,0.0,0.0,0.0,0.0,0.0,0.0,0.0
2700,0.0,0.0855111256241798,0.0923042595386505,0.0410075858235359,0.1249179020524025,0.113581545650959,0.0194422472268342,0.0,0.1288386434316635,0.0477490164339542,0.1837783604860305,0.0,0.0,0.0895657390356063,0.0,0.1448773443698883,0.1210433989763259,0.0,0.0038932394236326,0.0,0.0941344946622848,0.0682554244995117,0.0536449775099754,0.0,0.0250313282012939,0.037061907351017,0.0048994035460054,0.0488189831376075,0.0,0.0700263604521751,0.0,0.0,0.0846249163150787,0.0805051550269126,0.0450999736785888,0.1187742054462432,0.0559185743331909,0.0,0.0,0.0287756528705358,0.0442291460931301,0.0620173998177051,0.0042257290333509,0.0,0.0974615514278411,0.0474027618765831,0.0792472437024116,0.0382111072540283,0.0570293478667736,0.0,0.0,0.0041897813789546,0.1065393090248107,0.0577522777020931,0.029769267886877,0.0,0.0920305997133255,0.0206771530210971,0.0,0.0,0.0501227304339408,0.1501241624355316,0.0,0.0737790465354919,0.0397925153374671,0.0357641018927097,0.0572267547249794,0.0,0.0,0.0330059006810188,0.0,0.0315014943480491,0.0,0.0296560004353523,0.0788889229297638,0.0157275944948196,0.1549441367387771,0.0638014078140258,0.0,0.0099257724359631,0.0,0.1514404863119125,0.0271241795271635,0.0969636440277099,0.0566400252282619,0.1203671544790268,0.0,0.0,0.0888339430093765,0.0,0.0,0.0452657788991928,0.0,0.027770621702075,0.0,0.0,0.0,0.0702426433563232,0.086143672466278,0.0441923402249813,0.0299170725047588,0.0,0.0,0.0,0.0,0.02509724535048,0.0053447168320417,0.0106836482882499,0.058216743171215,0.0546933077275753,0.0,0.0,0.0407573096454143,0.0368758998811244,0.106385089457035,0.0602338463068008,0.0614358447492122,0.058208480477333,0.0,0.0608808435499668,0.0459599830210208,0.0357003211975097,0.038180124014616,0.0,0.0391303785145282,0.1473879814147949,0.0738222822546958,0.0514970645308494
2707,0.0,0.1098679155111312,0.0,0.0,0.0,0.0,0.0,0.0,0.5456907153129578,0.0680325403809547,0.0,0.0,0.0,0.0,0.0,0.0,0.2676507830619812,0.1089293211698532,0.0,0.3384211659431457,0.0,0.0,0.3047624826431274,0.0,0.465330570936203,0.2465480864048004,0.2625597417354584,0.2685134410858154,0.308432012796402,0.4365868866443634,0.0,0.4270021617412567,0.4333218336105346,0.4069837033748626,0.3849761188030243,0.5197433233261108,0.3790870308876037,0.4084109961986542,0.363895833492279,0.2292080521583557,0.2419105619192123,0.2733657658100128,0.4291724562644958,0.5959484577178955,0.4515646994113922,0.3884726464748382,0.4990957677364349,0.0,0.5368202924728394,0.0,0.1629190444946289,0.2328227907419204,0.3319997787475586,0.0,0.2086265832185745,0.5562089085578918,0.2818537652492523,0.5373861193656921,0.2676225304603576,0.2639473080635071,0.4804284274578094,0.5226395130157471,0.555328369140625,0.4225212633609772,0.2406188696622848,0.0,0.267718106508255,0.2368764877319336,0.3077424466609955,0.2374933511018753,0.108035072684288,0.2487693130970001,0.0,0.6016407012939453,0.431263655424118,0.3942811489105224,0.2798537015914917,0.529388427734375,0.046419221907854,0.386315107345581,0.2781982123851776,0.0,0.0,0.4367419481277466,0.3347139656543731,0.0,0.5728339552879333,0.404168426990509,0.0,0.4155116677284241,0.2069082707166671,0.2648747563362121,0.0,0.3680558800697326,0.3217413127422333,0.1562737077474594,0.0750639960169792,0.2981715500354767,0.4137914776802063,0.4057899117469787,0.0,0.4567650556564331,0.1669131219387054,0.2046611756086349,0.5659722685813904,0.0,0.0,0.5693436861038208,0.5349940657615662,0.4397106468677521,0.2139754146337509,0.3686499893665313,0.0,0.3522737920284271,0.0,0.1420649588108062,0.5618298053741455,0.3374799191951751,0.3288443386554718,0.387271523475647,0.1461712419986724,0.0786564126610755,0.0,0.3333805501461029,0.2506866157054901,0.2368757128715515,0.0,0.0
2709,0.0,0.2730970084667206,0.0,0.0,0.0,0.0,0.0,0.0,0.0,0.0,0.0,0.0,0.0,0.0,0.0,0.0,0.0,0.0,0.0,0.0,0.0,0.0,0.0,0.0,0.0,0.0,0.0,0.0,0.0,0.0,0.0,0.0,0.0,0.0,0.0,0.0,0.0,0.0,0.0,0.0,0.0,0.0,0.0,0.0,0.0,0.0,0.0,0.6122530102729797,0.0,0.0,0.0,0.0,0.0,0.0,0.0,0.0,0.0,0.0,0.0,0.0,0.0,0.0,0.0,0.0,0.0,0.0,0.0,0.0,0.0,0.0,0.0,0.0,0.0,0.0,0.0,0.0,0.0,0.0,0.0,0.0,0.0,0.0,0.0,0.0,0.0,0.0,0.0,0.0,0.0,0.0,0.0,0.0,0.0,0.0,0.0,0.0,0.0,0.0,0.0,0.0,0.0,0.0,0.0,0.0,0.0,0.0,0.0,0.0,0.3825550079345703,0.0,0.0,0.0,0.0,0.0,0.0,0.0,0.0,0.0,0.0,0.6215289831161499,0.0,0.0,0.0,0.0,0.0,0.0,0.0,0.0
2710,0.8480991125106812,0.0583269111812114,0.062051385641098,0.1734885424375534,0.0886223241686821,0.0121278399601578,0.1204825714230537,0.7766607999801636,0.7953658103942871,0.0660409778356552,0.6596475839614868,0.1299499273300171,0.1909794062376022,0.0419530533254146,0.7597737908363342,0.09577377140522,0.1431242674589157,0.0891357883810997,0.0144767863675951,0.3300977051258087,0.0379916913807392,0.1939381957054138,0.0184961669147014,0.0626417845487594,0.2305550277233123,0.124515563249588,0.1984713226556778,0.0669839605689048,0.8445125222206116,0.0370862260460853,0.0911737158894538,0.0981843173503875,0.0152097940444946,0.1960999071598053,0.1457259207963943,0.3719428181648254,0.0445519834756851,0.0447566471993923,0.0723131746053695,0.6279744505882263,0.1021415740251541,0.521491289138794,0.1245136186480522,0.3891230523586273,0.2851100862026214,0.040716528892517,0.2105316072702407,0.0543812550604343,0.2395866513252258,0.8114603161811829,0.0241137258708477,0.8017643094062805,0.1121700331568718,0.0926576629281044,0.7064608335494995,0.1872955113649368,0.3133898973464966,0.3141384124755859,0.089957945048809,0.2162690162658691,0.1064946204423904,0.1115980148315429,0.1347388923168182,0.2803394198417663,0.1858857721090316,0.0340815931558609,0.2224777936935424,0.0964019447565078,0.1564476639032364,0.5169345736503601,0.0335804522037506,0.3911155760288238,0.0798104032874107,0.6189907193183899,0.3151837289333343,0.0468016490340232,0.359050303697586,0.0630566403269767,0.8956196308135986,0.1279784739017486,0.0,0.3666934669017792,0.0826324895024299,0.0994260534644126,0.0424971394240856,0.1739367395639419,0.0703792199492454,0.0466357059776783,0.3015949130058288,0.5538609027862549,0.0091489078477025,0.1149844005703926,0.0423202849924564,0.2572530210018158,0.1924423575401306,0.144424483180046,0.7586140632629395,0.1145167425274849,0.0425890311598777,0.7540958523750305,0.0859765708446502,0.1994242370128631,0.0980398431420326,0.1556217968463897,0.192375972867012,0.0934838056564331,0.2499576061964035,0.0825202539563179,0.0175099335610866,0.1087818145751953,0.4244750738143921,0.7664077281951904,0.6986570954322815,0.4056731462478637,0.0889872759580612,0.002753178589046,0.0764012262225151,0.4322951734066009,0.3672294616699219,0.1924075335264206,0.1001648902893066,0.0403733626008033,0.0038478772621601,0.116009920835495,0.1364670097827911,0.4941599369049072,0.00816963147372,0.6530570983886719
2711,0.0,0.0,0.2203928083181381,0.0,0.0,0.0,0.0,0.0,0.2635238170623779,0.0,0.0,0.0,0.2487277239561081,0.1455656886100769,0.2750366330146789,0.0,0.1800660043954849,0.0,0.2134913951158523,0.0,0.2639613449573517,0.1994141489267349,0.2449903041124344,0.0,0.0,0.2658224999904632,0.0,0.1911281943321228,0.156522125005722,0.0,0.2117269188165664,0.2175240516662597,0.236183613538742,0.1831769347190857,0.2215343713760376,0.0,0.2127015888690948,0.1643521189689636,0.0,0.0,0.207645371556282,0.0,0.0,0.0,0.0,0.0,0.0,0.0,0.2483860701322555,0.0,0.0,0.1884822845458984,0.267716646194458,0.3502568304538727,0.1988631933927536,0.1838713139295578,0.0,0.1676822304725647,0.3141181766986847,0.0,0.0,0.1977529525756836,0.293493777513504,0.0,0.185535579919815,0.0974614918231964,0.0,0.0,0.1729975640773773,0.2304565906524658,0.0,0.0,0.1845896989107132,0.0,0.1860881745815277,0.0,0.0,0.2260224521160125,0.0,0.1688796728849411,0.0,0.2506854832172394,0.1855209320783615,0.174799770116806,0.0,0.2190705835819244,0.2346613258123397,0.1913343369960785,0.0,0.2686840891838074,0.2061468213796615,0.2497912943363189,0.0,0.2330858707427978,0.0,0.2874302566051483,0.0,0.0,0.1777201294898986,0.0,0.0,0.0,0.0,0.0,0.0,0.2128570079803466,0.0,0.0,0.1951788067817688,0.2224597185850143,0.2370845675468444,0.2081957459449768,0.0,0.2775559723377228,0.2024371773004531,0.1240994110703468,0.0,0.0,0.0,0.2096667289733886,0.2381120771169662,0.1952557116746902,0.2340857982635498,0.2241261005401611,0.0,0.3298358917236328,0.2288117110729217,0.0
2714,0.0,0.0,0.0,0.0,0.0,0.0,0.0,0.0,0.0,0.0,0.0,0.0,0.0,0.0,0.0,0.0,0.0,0.0,0.0,0.0,0.0,0.0,0.0,0.0,0.0,0.0,0.0,0.0,0.0,0.0,0.0,0.0,0.0,0.0,0.0,0.0,0.0,0.0,0.0,0.0,0.0,0.0,0.0,0.0,0.0,0.0,0.0,0.0,0.0,0.0,0.0,0.0,0.0,0.0,0.0,0.0,0.0,0.0,0.0,0.0,0.0,0.0,0.0,0.0,0.0,0.0,0.0,0.0,0.0,0.0,0.0,0.0,0.0,0.0,0.0,0.0,0.0,0.0,0.0,0.0,0.0,0.0,0.0,0.0,0.0,0.0,0.0,0.0,0.0,0.0,0.0,0.0,0.0,0.0,0.0,0.0,0.0,0.0,0.0,0.0,0.0,0.0,0.0,0.0,0.0,0.0,0.0,0.0,0.0,0.0,0.0,0.0,0.0,0.0,0.0,0.0,0.0,0.0,0.0,0.0,0.0,0.0,0.0,0.0,0.0,0.0,0.0,0.0
2719,0.3030682206153869,0.2595537304878235,0.657931923866272,0.4508060216903686,0.697419285774231,0.3224219083786011,0.1605757474899292,0.7761343121528625,0.2144621610641479,0.2506881356239319,0.3054126501083374,0.3765305876731872,0.679602324962616,0.7224745154380798,0.6310910582542419,0.8558772802352905,0.6715080142021179,0.1495186984539032,0.4988803267478943,0.1244972795248031,0.5784264802932739,0.499576210975647,0.3866879940032959,0.3674630522727966,0.4354868233203888,0.1858345568180084,0.2281008958816528,0.3803898096084595,0.5931738615036011,0.2258075177669525,0.2076472640037536,0.3472598791122436,0.517894983291626,0.4547545313835144,0.3552264273166656,0.1866513937711715,0.3217737078666687,0.5793359875679016,0.535492479801178,0.5128568410873413,0.4362703561782837,0.4525350928306579,0.4518278241157532,0.6858819127082825,0.4115358591079712,0.3164412081241607,0.2535160183906555,0.3433269560337066,0.3271549046039581,0.6037669777870178,0.1697987020015716,0.3321337699890136,0.7111135721206665,0.437388002872467,0.4821962416172027,0.3140985369682312,0.1692599356174469,0.5848299860954285,0.4674820005893707,0.4762932062149048,0.1547557860612869,0.4500849843025207,0.3785560131072998,0.2577423453330993,0.2971543073654175,0.2703973650932312,0.328444242477417,0.6017805337905884,0.2637955844402313,0.2126310318708419,0.5098819732666016,0.5963906049728394,0.5285771489143372,0.5234622955322266,0.4843197762966156,0.5013179183006287,0.158694252371788,0.6654058694839478,0.470527172088623,0.3698826134204864,0.3555387854576111,0.3308554887771606,0.1947937309741974,0.233145609498024,0.3513948619365692,0.458381325006485,0.4723499417304992,0.4837656617164612,0.3963063061237335,0.3294688761234283,0.3571314513683319,0.3373703956604004,0.5642324686050415,0.2488576918840408,0.5415561199188232,0.5097486972808838,0.2269093096256256,0.4452074468135834,0.4439540803432464,0.3309260010719299,0.203659638762474,0.4497780203819275,0.1733544915914535,0.4032959043979645,0.5305714011192322,0.3408961594104767,0.5619117021560669,0.4961118698120117,0.1109522506594657,0.3852790892124176,0.2033682763576507,0.6357654929161072,0.4222427308559418,0.2286996096372604,0.2306573241949081,0.2942367792129516,0.3095695376396179,0.4799051582813263,0.2002132534980774,0.3127511143684387,0.1309179216623306,0.592668354511261,0.5362540483474731,0.4277947247028351,0.5055045485496521,0.4425216615200043,0.5614025592803955,0.3930293917655945
2728,0.0,0.0,0.0,0.0,0.0,0.0,0.0,0.0,0.0,0.0,0.0,0.0,0.0,0.0,0.0,0.0,0.0,0.0,0.0,0.0,0.0,0.0,0.0,0.0,0.0,0.0,0.0,0.0,0.0,0.0,0.0,0.0,0.0,0.0,0.0,0.0,0.0,0.0,0.0,0.0,0.0,0.0,0.0,0.0,0.0,0.0,0.0,0.0,0.0,0.0,0.0,0.0,0.0,0.0,0.0,0.0,0.0,0.0,0.0,0.0,0.0,0.0,0.0,0.0,0.0,0.0,0.0,0.0,0.0,0.0,0.0,0.0,0.0,0.0,0.0,0.0,0.0,0.0,0.0,0.0,0.0,0.0,0.0,0.0,0.0,0.0,0.0,0.0,0.0,0.0,0.0,0.0,0.0,0.0,0.0,0.0,0.0,0.0,0.0,0.0,0.0,0.0,0.0,0.0,0.0,0.0,0.0,0.0,0.0,0.0,0.0,0.0,0.0,0.0,0.0,0.0,0.0,0.0,0.0,0.0,0.0,0.0,0.0,0.0,0.0,0.0,0.0,0.0
2744,0.0,0.0,0.0,0.0,0.0,0.0,0.0,0.0,0.0,0.0,0.0,0.0,0.0,0.0,0.0,0.0,0.0,0.0,0.0,0.0,0.0,0.0,0.0,0.0,0.0,0.0,0.0,0.0,0.0,0.0,0.0,0.0,0.0,0.0,0.0,0.0,0.0,0.0,0.0,0.0,0.0,0.0,0.0,0.0,0.0,0.0,0.0,0.0,0.0,0.0,0.0,0.0,0.0,0.0,0.0,0.0,0.0,0.0,0.0,0.0,0.0,0.0,0.0,0.0,0.0,0.0,0.0,0.0,0.0,0.0,0.0,0.0,0.0,0.0,0.0,0.0,0.0,0.0,0.0,0.0,0.0,0.0,0.0,0.0,0.0,0.0,0.0,0.0,0.0,0.0,0.0,0.0,0.0,0.0,0.0,0.0,0.0,0.0,0.0,0.0,0.0,0.0,0.0,0.0,0.0,0.0,0.0,0.0,0.0,0.0,0.0,0.0,0.0,0.0,0.0,0.0,0.0,0.0,0.0,0.0,0.0,0.0,0.0,0.0,0.0,0.0,0.0,0.0
2753,0.0,0.0,0.0,0.0,0.0,0.0,0.0,0.0,0.0,0.0,0.0380150005221366,0.0,0.0,0.0,0.0,0.0436609983444213,0.0,0.0,0.0510081648826599,0.0013965357793495,0.0657883360981941,0.0574167929589748,0.0,0.0793294459581375,0.0,0.0,0.2072312980890274,0.3022820055484772,0.0971702635288238,0.0,0.0,0.6102703213691711,0.7713315486907959,0.0146854473277926,0.5833661556243896,0.0,0.0,0.0,0.0,0.5466346144676208,0.0,0.0,0.0,0.0360629558563232,0.0618886984884738,0.0462964475154876,0.3155736327171325,0.0,0.0,0.1499126255512237,0.0,0.0676593855023384,0.0645600631833076,0.5447947382926941,0.5636216402053833,0.4499188959598541,0.446801483631134,0.1870284080505371,0.0492912009358406,0.0,0.0,0.0,0.0460757389664649,0.0090686082839965,0.0,0.4282366335391998,0.0939375162124633,0.9398592710494996,0.0,0.3491611778736114,0.3169836103916168,0.5390334129333496,0.0,0.2142368704080581,0.0,0.3584178388118744,0.0,0.3634681105613708,0.1973457485437393,0.4319484233856201,0.2114870250225067,0.0,0.0,0.0,0.058708868920803,0.0377790145576,0.0,0.0743633508682251,0.0726447999477386,0.0,0.0,0.0536052957177162,0.0,0.306695818901062,0.1399970054626464,0.704716145992279,0.0,0.0,0.748447060585022,0.1205808967351913,0.0,0.099633440375328,0.0987376272678375,0.4990061223506927,0.0,0.5622484683990479,0.0,0.0,0.0,0.0,0.0,0.0,0.1366457194089889,0.4287776350975036,0.592119038105011,0.0,0.2373115569353103,0.0,0.8590348958969116,0.0,0.0,0.0440816171467304,0.0,0.026827473193407,0.447907954454422,0.1185099929571151,0.0160273201763629,0.0
2766,0.0,0.0,0.0,0.0,0.0,0.0,0.0,0.0,0.0,0.0,0.0,0.0,0.0,0.0,0.0,0.0,0.0,0.0,0.0,0.0,0.0,0.0,0.0,0.0,0.0,0.0,0.0,0.0,0.0,0.0,0.0,0.0,0.0,0.0,0.0,0.0,0.0,0.0,0.0,0.0,0.0,0.0,0.0,0.0,0.0,0.0,0.0,0.0,0.0,0.0,0.0,0.0,0.0,0.0,0.0,0.0,0.0,0.0,0.0,0.0,0.0,0.0,0.0,0.0,0.0,0.0,0.0,0.0,0.0,0.0,0.0,0.0,0.0,0.0,0.0,0.0,0.0,0.0,0.0,0.0,0.0,0.0,0.0,0.0,0.0,0.0,0.0,0.0,0.0,0.0,0.0,0.0,0.0,0.0,0.0,0.0,0.0,0.0,0.0,0.0,0.0,0.0,0.0,0.0,0.0,0.0,0.0,0.0,0.0,0.0,0.0,0.0,0.0,0.0,0.0,0.0,0.0,0.0,0.0,0.0,0.0,0.0,0.0,0.0,0.0,0.0,0.0,0.0
2780,0.1015627384185791,0.0,0.0,0.0,0.0610624738037586,0.0498322769999504,0.0,0.021435959264636,0.0,0.0,0.0,0.1055926233530044,0.0658184215426445,0.0,0.1001825332641601,0.0,0.0645777732133865,0.0769229084253311,0.0157429985702037,0.0,0.0,0.0,0.0,0.0,0.0371337942779064,0.0,0.07050621509552,0.0,0.0,0.0,0.086618423461914,0.0583796352148056,0.0,0.1132384240627288,0.0,0.0366420410573482,0.0439268499612808,0.052666001021862,0.0487688705325126,0.0457191579043865,0.0306555107235908,0.1015716940164566,0.0,0.0597092919051647,0.0,0.0,0.0,0.0977832078933715,0.0234830640256404,0.0,0.0,0.0647322088479995,0.0,0.0,0.0,0.1016343161463737,0.0,0.0,0.1200691387057304,0.0,0.0314981900155544,0.1244075149297714,0.0296998862177133,0.0,0.0,0.0654206722974777,0.0612229667603969,0.0816992744803428,0.0,0.0976796001195907,0.0,0.1244613975286483,0.0,0.0676837265491485,0.0562969222664833,0.0,0.0671455189585685,0.0,0.0,0.0250082332640886,0.0,0.0,0.1028053164482116,0.0792981758713722,0.0617306306958198,0.0,0.0319961793720722,0.0,0.0,0.0382644720375537,0.0,0.0,0.0,0.0,0.0,0.0772183462977409,0.0,0.0,0.0,0.0677663683891296,0.0,0.052191887050867,0.0,0.0644300431013107,0.0,0.0,0.0,0.0,0.0,0.0,0.0,0.0511300042271614,0.0524243377149105,0.0,0.0810113251209259,0.0956903547048568,0.0,0.0,0.0,0.0613239370286464,0.0,0.0,0.0700616985559463,0.015803137794137,0.0466221123933792,0.0548050776124,0.0,0.0
2781,0.0,0.0,0.0,0.0,0.0,0.0,0.0,0.0,0.0,0.0,0.0,0.0,0.0,0.0,0.0,0.0,0.0,0.0,0.0,0.0,0.0,0.0,0.0,0.0,0.0,0.0,0.0,0.0,0.0,0.0,0.0,0.0,0.0,0.0,0.0,0.0,0.0,0.0,0.0,0.0,0.0,0.0,0.0,0.0,0.0,0.0,0.0,0.0,0.0,0.0,0.0,0.0,0.0,0.0,0.0,0.0,0.0,0.0,0.0,0.0,0.0,0.0,0.0,0.0,0.0,0.0,0.0,0.0,0.0,0.0,0.0,0.0,0.0,0.0,0.0,0.0,0.0,0.0,0.0,0.0,0.0,0.0,0.0,0.0,0.0,0.0,0.0,0.0,0.0,0.0,0.0,0.0,0.0,0.0,0.0,0.0,0.0,0.0,0.0,0.0,0.0,0.0,0.0,0.0,0.0,0.0,0.0,0.0,0.0,0.0,0.0,0.0,0.0,0.0,0.0,0.0,0.0,0.0,0.0,0.0,0.0,0.0,0.0,0.0,0.0,0.0,0.0,0.0
2821,0.2826003134250641,0.140773057937622,0.0669955462217331,0.2221575081348419,0.1401017606258392,0.0839933827519416,0.0797941759228706,0.0,0.2538385093212127,0.0,0.0772131979465484,0.0,0.2080132663249969,0.057992298156023,0.0583113655447959,0.117009736597538,0.0,0.0,0.0,0.0,0.0773323327302932,0.1265008151531219,0.0,0.3049997687339782,0.1946883648633957,0.0,0.0,0.2369705885648727,0.0891004800796508,0.1789232343435287,0.0,0.287190318107605,0.1607120037078857,0.0,0.1337113082408905,0.0,0.2008617967367172,0.2215721011161804,0.3035114705562591,0.0,0.063639223575592,0.1879895180463791,0.1259658336639404,0.2198452055454254,0.0,0.1597383767366409,0.248830959200859,0.0,0.2409971952438354,0.1295173466205597,0.0,0.0,0.1723698824644088,0.1884280294179916,0.0,0.1215224042534828,0.1015248671174049,0.1358362287282943,0.1056095212697982,0.0,0.0675284266471862,0.0872712135314941,0.0,0.1823394894599914,0.0,0.3414664566516876,0.1665078997611999,0.0,0.1327118277549743,0.0,0.1427132934331894,0.0915410667657852,0.1720977425575256,0.1385484635829925,0.1004974171519279,0.1197094991803169,0.1059757247567176,0.0,0.1315824836492538,0.2142674326896667,0.0284399390220642,0.0,0.2759265005588531,0.1149381622672081,0.2417423129081726,0.0408560782670974,0.3049835562705993,0.2247969508171081,0.0,0.1002264320850372,0.0573376268148422,0.1609594672918319,0.0731214731931686,0.1124249845743179,0.0,0.1174247860908508,0.0894744619727134,0.4001120924949646,0.0602863281965255,0.0,0.2074961364269256,0.1424596756696701,0.2006420195102691,0.1686938256025314,0.2177324146032333,0.2218743711709976,0.0,0.0,0.0,0.0,0.0,0.1256058514118194,0.2576979696750641,0.1666316390037536,0.1059847399592399,0.2013203054666519,0.1905573010444641,0.1281836777925491,0.100544661283493,0.1311165988445282,0.1977105885744094,0.1891050487756729,0.2412361800670623,0.2201675176620483,0.3303564786911011,0.0,0.1909657567739486,0.1268641948699951
2833,0.0,0.0,0.0,0.0,0.0,0.0,0.0,0.0,0.0,0.0,0.0,0.0,0.0,0.0,0.0,0.0,0.0,0.0,0.0,0.0,0.0,0.0,0.0,0.0,0.0,0.0,0.0,0.0,0.0,0.0,0.0,0.0,0.0,0.0,0.0,0.0,0.0,0.0,0.0,0.0,0.0,0.0,0.0,0.0,0.0,0.0,0.0,0.0,0.0,0.0,0.0,0.0,0.0,0.0,0.0,0.0,0.0,0.0,0.0,0.0,0.0,0.0,0.0,0.0,0.0,0.0,0.0,0.0,0.0,0.0,0.0,0.0,0.0,0.0,0.0,0.0,0.0,0.0,0.0,0.0,0.0,0.0,0.0,0.0,0.0,0.0,0.0,0.0,0.0,0.0,0.0,0.0,0.0,0.0,0.0,0.0,0.0,0.0,0.0,0.0,0.0,0.0,0.0,0.0,0.0,0.0,0.0,0.0,0.0,0.0,0.0,0.0,0.0,0.0,0.0,0.0,0.0,0.0,0.0,0.0,0.0,0.0,0.0,0.0,0.0,0.0,0.0,0.0
2856,0.0,0.0,0.0379314981400966,0.0,0.0,0.0,0.0,0.0,0.1296716630458831,0.0,0.0,0.0,0.0,0.0,0.0,0.0,0.1991309970617294,0.1931560039520263,0.0,0.0,0.0441420003771781,0.0,0.1544290035963058,0.0,0.2154226750135421,0.0,0.0,0.178980678319931,0.1393560022115707,0.0124800000339746,0.0434426665306091,0.2289399951696396,0.3102479875087738,0.0794645026326179,0.1566089987754821,0.0,0.3045626878738403,0.0,0.1087329983711242,0.3212135136127472,0.1671813428401947,0.0,0.1112200021743774,0.0,0.0,0.0,0.0,0.0,0.0,0.2673074901103973,0.0,0.0,0.0561663322150707,0.0,0.0,0.1424780040979385,0.1532190144062042,0.0,0.0,0.0,0.3257880210876465,0.0,0.0,0.0,0.2671926617622375,0.1225710064172744,0.0512076690793037,0.0,0.0,0.0,0.0,0.0,0.1076873391866684,0.1046779975295066,0.171912670135498,0.1381013393402099,0.0,0.0,0.308106005191803,0.1824284940958023,0.0,0.0,0.2108494937419891,0.0,0.0,0.0,0.1646666675806045,0.1638136804103851,0.0,0.0,0.0,0.0982740074396133,0.0,0.0,0.0,0.0,0.0,0.0340876653790473,0.0,0.1236680001020431,0.0,0.1723826825618744,0.0,0.0,0.0,0.1527329981327057,0.0,0.1412580013275146,0.2676886916160583,0.0,0.0,0.0,0.0,0.0,0.0,0.1608240008354187,0.0,0.3240273594856262,0.0,0.0,0.1859154999256134,0.1501390039920807,0.1186110004782676,0.3195703327655792,0.0,0.0897470042109489,0.1553306728601455,0.1895633339881897
2860,0.9338045120239258,0.0,0.9985162019729614,0.947905421257019,0.7937932014465332,0.9932252168655396,0.8652799725532532,0.9972228407859802,0.005995315965265,0.9962518811225892,0.7856878638267517,0.9856378436088562,0.4860303103923797,0.9929377436637878,0.9978223443031312,0.9760521650314332,0.2523693740367889,0.807796835899353,0.4999221861362457,0.9118413329124452,0.7831587195396423,0.7255131602287292,0.961337387561798,0.9087128639221193,0.8912400603294373,0.5565646290779114,0.6666578054428101,0.2867896258831024,0.3785573542118072,0.7314046621322632,0.6790176630020142,0.8130220174789429,0.4706782400608063,0.7432440519332886,0.9808807373046876,0.7560003399848938,0.417830228805542,0.982315480709076,0.8728093504905701,0.7581272125244141,0.986067533493042,0.9310232400894164,0.8543601036071777,0.952669084072113,0.8783485889434814,0.9411658644676208,0.9816315174102784,0.99201637506485,0.9559551477432252,0.3757484257221222,0.9288325309753418,0.7720234990119934,0.8809534311294556,0.9160946607589722,0.2395950555801391,0.6265023350715637,0.9831715822219848,0.7564515471458435,0.0,0.7264775037765503,0.5088052153587341,0.7513353228569031,0.1022393852472305,0.996357798576355,0.815014660358429,0.9861779808998108,0.4312089383602142,0.7106492519378662,0.2954698801040649,0.5985289216041565,0.7758582830429077,0.0,0.3824889361858368,0.737038791179657,0.6225371956825256,0.2588903307914734,0.4846636056900024,0.8081521987915039,0.9893803596496582,0.9943253397941588,0.9440938234329224,0.7459877729415894,0.8976818323135376,0.7550697326660156,0.8559159636497498,0.5686527490615845,0.9392341375350952,0.8553800582885742,0.9341585040092468,0.579999566078186,0.6460980176925659,0.7623640894889832,0.7823627591133118,0.9164198637008668,0.7640004754066467,0.421738713979721,0.2171148210763931,0.9556561708450316,0.6669621467590332,0.457776814699173,0.7692126631736755,0.938998520374298,0.8741992115974426,0.7771819829940796,0.8164307475090027,0.8298054933547974,0.9558308720588684,0.5592023730278015,0.957426905632019,0.8240727186203003,0.7845017910003662,0.984089970588684,0.3029955625534057,0.8773306608200073,0.4622332453727722,0.9254849553108216,0.9712265133857728,0.9505776166915894,0.411113828420639,0.7233701944351196,0.8127367496490479,0.5931387543678284,0.7997627258300781,0.2673457860946655,0.7562499642372131,0.9918435215950012,0.8893160820007324,0.5580828189849854
2866,0.0,0.0,0.1687290370464325,0.2000515908002853,0.0,0.0,0.0,0.0,0.0,0.0,0.0,0.0,0.0,0.0,0.0,0.1054529398679733,0.0,0.0,0.0,0.0,0.0510206408798694,0.0,0.0699297115206718,0.1171890795230865,0.0,0.0,0.1108500659465789,0.0,0.0,0.0,0.0351185463368892,0.103538803756237,0.1231362074613571,0.0801994353532791,0.0,0.0,0.0,0.0,0.1727093458175659,0.0,0.0,0.0,0.0,0.0,0.0,0.0471071451902389,0.0443570725619792,0.0,0.1271431148052215,0.1827819496393203,0.0,0.0,0.1280975192785263,0.1518687456846237,0.0,0.0,0.0,0.0,0.0,0.1297782063484192,0.0,0.1729049682617187,0.0,0.0,0.2672713696956634,0.0,0.1881683766841888,0.0456862896680831,0.0,0.0,0.0,0.0,0.0382441915571689,0.0,0.0,0.0,0.0747895017266273,0.0671011358499527,0.1317089647054672,0.0,0.0,0.0,0.0,0.0,0.1676356792449951,0.1340261548757553,0.0,0.0937354788184166,0.0,0.0722847431898117,0.0,0.2282940596342086,0.134954884648323,0.0,0.0,0.0,0.0,0.0,0.0,0.0,0.0,0.0,0.1136112436652183,0.0,0.1538764089345932,0.0,0.0,0.0,0.0,0.0,0.079794630408287,0.0,0.0,0.0,0.0,0.0,0.0,0.0946851298213005,0.0,0.0,0.0,0.0,0.0,0.0717395767569542,0.0,0.0,0.0,0.0337081030011177
2873,0.1201734766364097,0.0,0.0,0.0622920468449592,0.1190969422459602,0.1038133725523948,0.0,0.0,0.0,0.0,0.1133678704500198,0.0,0.1919781863689422,0.0,0.0,0.0,0.0,0.0,0.0729358121752739,0.0,0.1665625274181366,0.0,0.2997784316539764,0.0,0.1019198819994926,0.0,0.0,0.0848796963691711,0.07540775090456,0.0752776637673378,0.0,0.1262569427490234,0.2473729401826858,0.0,0.3263788819313049,0.0,0.0,0.0,0.015936417505145,0.0499427765607833,0.2836894690990448,0.203643336892128,0.0,0.0,0.1900061964988708,0.0,0.0,0.0,0.0,0.0,0.0,0.2642037570476532,0.072385162115097,0.1366620361804962,0.0,0.0,0.0,0.0,0.1194337233901023,0.253811240196228,0.0,0.1910321414470672,0.3895881772041321,0.0,0.0,0.2321166694164276,0.0,0.0,0.0,0.0,0.3218653798103332,0.0,0.0961349755525589,0.0,0.2939585149288177,0.1317437589168548,0.147826075553894,0.0813792869448661,0.1206207498908042,0.0,0.0,0.4054439067840576,0.1279949694871902,0.0,0.3535721004009247,0.0,0.0,0.3016810119152069,0.0540500022470951,0.0,0.0,0.0,0.1052612736821174,0.1085956394672393,0.2553510665893554,0.1395092904567718,0.0,0.2848708927631378,0.0,0.1852129846811294,0.0,0.3080059587955475,0.1311966925859451,0.0,0.0,0.123180091381073,0.0,0.2421173602342605,0.0,0.1431409120559692,0.19009330868721,0.0,0.0,0.201127603650093,0.0741020143032074,0.2348722368478775,0.2685407102108001,0.1141879260540008,0.159515842795372,0.1425836533308029,0.1416141539812088,0.0,0.0,0.1627985388040542,0.0,0.0,0.0,0.3481145203113556
2874,0.0036495614331215,0.1498445570468902,0.0041140192188322,0.1755715161561966,0.1270104944705963,0.0,0.0045589781366288,0.0,0.0,0.0476639680564403,0.0545451007783412,0.0249714348465204,0.0,0.0345520824193954,0.0,0.1325364559888839,0.0447479970753192,0.0,0.0,0.0,0.0,0.0,0.0,0.0356804765760898,0.0346376821398735,0.0,0.0961850956082344,0.0,0.029586274176836,0.0,0.177809327840805,0.0,0.0,0.0,0.1029876619577407,0.0603998750448226,0.0416224561631679,0.0115717053413391,0.0,0.0,0.0378611274063587,0.013920072466135,0.0727409198880195,0.0043203774839639,0.0572840459644794,0.0036563966423273,0.0968488901853561,0.0525012835860252,0.0,0.0079826842993497,0.0264152511954307,0.0,0.0085829654708504,0.0,0.1506812572479248,0.0188997685909271,0.0704204216599464,0.1899967491626739,0.0,0.0899210572242736,0.0,0.1136790812015533,0.0,0.0170655157417058,0.0192764643579721,0.048378974199295,0.2484487146139145,0.0,0.0,0.0,0.0,0.0277571659535169,0.0066799586638808,0.1138227060437202,0.0368555188179016,0.0324949361383914,0.1365214735269546,0.0446554757654666,0.0355441533029079,0.0049953777343034,0.0017009211005643,0.0933472290635109,0.0,0.175787940621376,0.1914988607168197,0.1505736261606216,0.0926291942596435,0.0655446872115135,0.0594643093645572,0.1963320225477218,0.0,0.0,0.0,0.2051082849502563,0.0230046845972538,0.0,0.0071390587836503,0.0,0.0289518162608146,0.0339876301586627,0.1475459337234497,0.0320750325918197,0.0,0.0,0.0993662625551223,0.0810929015278816,0.0056652002967894,0.0353867635130882,0.0131922038272023,0.0046109477989375,0.029747374355793,0.2012630999088287,0.0408282168209552,0.0567407235503196,0.1251890212297439,0.0525628253817558,0.0,0.0687668770551681,0.0,0.0363956205546855,0.0371019504964351,0.0,0.0,0.0,0.0415707565844059,0.2369938641786575,0.0,0.0
2877,0.0,0.0,0.0,0.0,0.0,0.0,0.021696500480175,0.0,0.0,0.0,0.0,0.0,0.0,0.0,0.0,0.0,0.0,0.0,0.0,0.0,0.0211343355476856,0.0,0.0,0.0,0.0,0.0,0.0,0.0,0.121894247829914,0.0,0.047154251486063,0.0,0.0,0.0,0.0,0.0,0.0,0.0,0.0,0.0,0.0390135012567043,0.0,0.0,0.1735012531280517,0.0,0.0,0.0,0.0443966686725616,0.0,0.0,0.0,0.0,0.0595392510294914,0.0,0.0,0.0,0.0,0.0,0.0,0.0,0.0,0.0,0.0,0.1574140042066574,0.0,0.0,0.0,0.0,0.0,0.0,0.0,0.0,0.0,0.0,0.0,0.0,0.0,0.0,0.0,0.0,0.0,0.0,0.0,0.0,0.0,0.0,0.0,0.0,0.0452474988996982,0.0,0.0,0.0,0.0,0.0,0.0,0.0,0.0,0.0,0.0,0.0,0.0,0.0,0.0,0.0,0.0,0.0,0.0,0.0,0.0,0.0,0.0,0.0,0.0,0.0,0.0,0.0,0.0,0.0,0.0,0.0,0.0,0.0,0.0,0.116211749613285,0.0,0.2201707512140274,0.0,0.0
2879,0.0,0.0,0.0,0.0,0.0,0.0,0.0,0.0,0.0,0.0,0.0,0.0,0.0,0.0,0.0,0.0,0.0,0.0,0.0,0.0,0.0,0.0,0.0,0.0,0.0,0.0,0.0,0.0,0.0,0.0,0.0,0.0,0.0,0.0,0.0,0.0,0.0,0.0,0.0,0.0,0.0,0.0,0.0,0.0,0.0,0.0,0.0,0.0,0.0,0.0,0.0,0.0,0.0,0.0,0.0,0.0,0.0,0.0,0.0,0.0,0.0,0.0,0.0,0.0,0.0,0.0,0.0,0.0,0.0,0.0,0.0,0.0,0.0,0.0,0.0,0.0,0.0,0.0,0.0,0.0,0.0,0.0,0.0,0.0,0.0,0.0,0.0,0.0,0.0,0.0,0.0,0.0,0.0,0.0,0.0,0.0,0.0,0.0,0.0,0.0,0.0,0.0,0.0,0.0,0.0,0.0,0.0,0.0,0.0,0.0,0.0,0.0,0.0,0.0,0.0,0.0,0.0,0.0,0.0,0.0,0.0,0.0,0.0,0.0,0.0,0.0,0.0,0.0
2884,0.0,0.0,0.0,0.0,0.0,0.0,0.0,0.0,0.0,0.0,0.0,0.0,0.0,0.0,0.0,0.0,0.0,0.0,0.4640479981899261,0.3160269856452942,0.0,0.0,0.0,0.3931750059127807,0.0,0.0,0.0,0.0,0.0,0.6998279690742493,0.0,0.0,0.0,0.0,0.0,0.4215570092201233,0.0,0.0,0.0,0.0,0.435943990945816,0.0,0.0,0.0,0.0,0.0,0.0,0.0,0.0,0.0,0.0,0.0,0.0,0.7079920172691345,0.0,0.0,0.0,0.0,0.0,0.0,0.0,0.0,0.0,0.0,0.8304010033607483,0.0,0.6511210203170776,0.5686820149421692,0.0703060030937194,0.0,0.0,0.410429984331131,0.0,0.6051589846611023,0.0,0.0,0.0,0.0,0.0,0.0,0.0,0.0,0.3350369930267334,0.0,0.0,0.7275509834289551,0.8130689859390259,0.3871625065803528,0.0,0.3993990123271942,0.4738030135631561,0.0,0.0,0.0,0.0,0.5079590082168579,0.7824379801750183,0.0,0.0,0.0,0.0,0.0,0.0,0.0,0.0,0.460777997970581,0.0,0.0,0.0,0.5152220129966736,0.0,0.913358986377716,0.6186490058898926,0.0,0.0,0.0,0.0,0.8203579783439636,0.0,0.5929459929466248,0.7136690020561218,0.0,0.0,0.6190540194511414,0.0,0.0,0.8028240203857422,0.0
2887,0.0,0.0,0.0,0.0,0.0,0.0,0.0,0.0,0.0,0.0,0.0,0.0,0.0,0.0,0.0,0.0,0.0,0.0,0.0,0.0,0.0,0.0,0.0,0.0,0.0,0.0,0.0,0.0,0.0,0.0,0.0,0.0,0.0,0.0,0.0,0.0,0.0,0.0,0.0,0.0,0.0,0.0,0.0,0.0,0.0,0.0,0.0,0.0,0.0,0.0,0.0,0.0,0.0,0.0,0.0,0.0,0.0,0.0,0.0,0.0,0.0,0.0,0.0,0.0,0.0,0.0,0.0,0.0,0.0,0.0,0.0,0.0,0.0,0.0,0.0,0.0,0.0,0.0,0.0,0.0,0.0,0.0,0.0,0.0,0.0,0.0,0.0,0.0,0.0,0.0,0.0,0.0,0.0,0.0,0.0,0.0,0.0,0.0,0.0,0.0,0.0,0.0,0.0,0.0,0.0,0.0,0.0,0.0,0.0,0.0,0.0,0.0,0.0,0.0,0.0,0.0,0.0,0.0,0.0,0.0,0.0,0.0,0.0,0.0,0.0,0.0,0.0,0.0
2892,0.0,0.0,0.0,0.0,0.0,0.0,0.0,0.0,0.0,0.0,0.0,0.0,0.0,0.0,0.0,0.0,0.0,0.0,0.0,0.0,0.0,0.0,0.0,0.0,0.0,0.0,0.0,0.0,0.0,0.0,0.0,0.0,0.0,0.0,0.0,0.0,0.0,0.0,0.0,0.0,0.0,0.0,0.0,0.0,0.0,0.0,0.0,0.0,0.0,0.0,0.0,0.0,0.0,0.0,0.0,0.0,0.0,0.0,0.0,0.0,0.0,0.0,0.0,0.0,0.0,0.0,0.0,0.0,0.0,0.0,0.0,0.0,0.0,0.0,0.0,0.0,0.0,0.0,0.0,0.0,0.0,0.0,0.0,0.0,0.0,0.0,0.0,0.0,0.0,0.0,0.0,0.0,0.0,0.0,0.0,0.0,0.0,0.0,0.0,0.0,0.0,0.0,0.0,0.0,0.0,0.0,0.0,0.0,0.0,0.0,0.0,0.0,0.0,0.0,0.0,0.0,0.0,0.0,0.0,0.0,0.0,0.0,0.0,0.0,0.0,0.0,0.0,0.0
2906,0.0,0.1567959785461425,0.081113301217556,0.0451861880719661,0.1659477353096008,0.1676288545131683,0.0,0.0239460505545139,0.0,0.0,0.2295375019311905,0.0,0.0,0.1273544728755951,0.1397869288921356,0.1572589427232742,0.0,0.0,0.0,0.0074855582788586,0.0931556597352027,0.0,0.0,0.0,0.1072658374905586,0.0303896013647317,0.0,0.0247113667428493,0.0344640016555786,0.0489945113658905,0.0161182135343551,0.0140128647908568,0.0,0.0585447698831558,0.0,0.0776616632938385,0.1818459331989288,0.1557489484548568,0.0413640961050987,0.0321307331323623,0.0,0.0763900205492973,0.0593755431473255,0.1602413654327392,0.0,0.2475033551454544,0.0,0.1086503714323043,0.1106558963656425,0.0,0.0,0.0971693247556686,0.0,0.0363955348730087,0.0263115148991346,0.0,0.0501863025128841,0.0552867241203784,0.0,0.0718755796551704,0.0,0.1247373223304748,0.0,0.0490830801427364,0.0597566030919551,0.0642489567399025,0.0112142609432339,0.0193168278783559,0.0,0.0,0.0427880957722663,0.0,0.0,0.0,0.0,0.0570507124066352,0.0,0.0943636074662208,0.0902183353900909,0.0,0.0617657601833343,0.1045122370123863,0.0,0.0687858313322067,0.0597023703157901,0.0429231524467468,0.0650182217359542,0.0,0.0414745733141899,0.2760831117630005,0.1242737919092178,0.0401849560439586,0.0,0.0,0.1107980012893676,0.0,0.0306055881083011,0.0779564902186393,0.1807832419872284,0.0390863828361034,0.153322234749794,0.0138815091922879,0.0674297213554382,0.0268961805850267,0.0629444569349289,0.0440756790339946,0.0311604775488376,0.0627165287733078,0.0602513328194618,0.0,0.0,0.0,0.0040356111712753,0.0162641759961843,0.0857421085238456,0.0774560049176216,0.061405636370182,0.0,0.0509646944701671,0.0,0.0,0.0,0.0,0.0056895362213253,0.0448104441165924,0.1296429634094238,0.1056524217128753,0.0948220491409301
2907,0.0,0.0,0.0,0.0,0.0,0.0,0.0,0.0,0.0,0.0,0.0,0.0,0.0,0.0,0.0,0.0,0.0,0.0,0.0,0.0565179996192455,0.0,0.0,0.0,0.0,0.0,0.0,0.0,0.0,0.0,0.0,0.0,0.0,0.0,0.0,0.0,0.0,0.0,0.0,0.0,0.0,0.0,0.0,0.0,0.0,0.0,0.0,0.0,0.0,0.0,0.0,0.0,0.0,0.0,0.0,0.0,0.0,0.0,0.0,0.0,0.0,0.0,0.0,0.0,0.0,0.0,0.0,0.0,0.0,0.0,0.0,0.0,0.0,0.0,0.0,0.0,0.0,0.0,0.0,0.0,0.0,0.0,0.0,0.0,0.0,0.0,0.0,0.0,0.0,0.0,0.0,0.0,0.0,0.0,0.0,0.0,0.0,0.0,0.0,0.0,0.0,0.0,0.0,0.0,0.0,0.0,0.0,0.0,0.0,0.0,0.2432960122823715,0.0,0.0,0.0,0.0,0.0,0.0,0.0,0.0,0.0,0.0,0.0,0.0,0.0,0.0,0.0817586705088615,0.0,0.0,0.0
2911,0.0972485914826393,0.1186217218637466,0.0,0.0,0.1852973401546478,0.0,0.0,0.0,0.0,0.0,0.0697628110647201,0.1778385639190673,0.0997718796133995,0.1043164953589439,0.1100603863596916,0.0,0.0,0.0,0.1161419078707695,0.0,0.1804885119199752,0.2767630517482757,0.1819472759962082,0.1634325534105301,0.0,0.0,0.1373397409915924,0.1361038237810135,0.221906691789627,0.1220863834023475,0.2206640243530273,0.1995991915464401,0.0,0.0,0.0,0.0,0.0,0.0,0.0,0.2049688100814819,0.0,0.0,0.0,0.0,0.0,0.1480311602354049,0.2325930595397949,0.0,0.0,0.0987648218870163,0.0,0.0,0.0,0.0,0.0983718633651733,0.1594672054052353,0.1685461550951004,0.0,0.0,0.0,0.1383933871984481,0.0,0.1991531103849411,0.1321768015623092,0.172361359000206,0.1785272657871246,0.1867752969264984,0.2681853473186493,0.0,0.0727113410830497,0.1412517577409744,0.0,0.1193154975771904,0.0,0.0,0.1911932528018951,0.1403893679380417,0.2510392367839813,0.1616555005311966,0.0,0.1434632241725921,0.1292987167835235,0.0,0.152624562382698,0.2406950742006302,0.1216189637780189,0.0,0.1530173271894455,0.0,0.1408907920122146,0.0,0.1730310171842575,0.1111388579010963,0.0,0.1934419870376587,0.1504138261079788,0.1412865817546844,0.0,0.1139966174960136,0.0,0.0,0.1741670966148376,0.2318738102912902,0.0,0.1830421239137649,0.0,0.1513563990592956,0.0,0.0,0.0,0.0,0.0,0.0,0.0,0.1017555966973304,0.0848744213581085,0.0,0.1700306385755539,0.0,0.0,0.1722045540809631,0.0,0.1875894665718078,0.0,0.1937796026468277,0.1180431172251701,0.0,0.1566378027200698
2913,0.0,0.0,0.0,0.0,0.0,0.0,0.0,0.0,0.0,0.0,0.0139051498845219,0.0,0.0,0.0,0.0,0.0,0.0,0.0,0.0,0.0,0.0,0.0,0.0,0.0,0.0,0.0,0.0,0.0,0.0,0.2237881422042846,0.0,0.0,0.0,0.0,0.0,0.0,0.0,0.0,0.0,0.0,0.0,0.0,0.0,0.0,0.0,0.0,0.0,0.0,0.0,0.0,0.0,0.0,0.0,0.0,0.0,0.0,0.0,0.0,0.0,0.0,0.0,0.0,0.0,0.0,0.0,0.0,0.0,0.0,0.0,0.0,0.0,0.0,0.0,0.0,0.0,0.0,0.0,0.0,0.1477448493242263,0.0,0.0,0.0,0.0,0.0,0.0,0.0,0.0,0.0,0.0,0.0,0.0,0.2178903967142105,0.0,0.0,0.0,0.0,0.0,0.0,0.0,0.0,0.0,0.0,0.0,0.0,0.0,0.0,0.0,0.0,0.0,0.0,0.0,0.0,0.3533516824245453,0.0,0.0,0.0,0.0,0.0,0.194766879081726,0.0,0.0,0.0,0.0,0.0,0.0,0.0,0.0,0.0
2919,0.0,0.0,0.1740048229694366,0.2341934144496917,0.0,0.0,0.0,0.0,0.0,0.0,0.0,0.0,0.0,0.0,0.0,0.0,0.0,0.0,0.0,0.0,0.0,0.0,0.1238847896456718,0.0,0.3304815888404846,0.0,0.0,0.0,0.0,0.0929223746061325,0.0,0.0,0.0,0.0,0.0,0.0,0.0,0.0,0.0,0.0,0.0,0.0,0.0,0.0,0.0,0.0,0.0,0.0,0.0,0.0,0.0,0.0,0.0,0.183466374874115,0.0,0.0,0.0,0.0,0.0,0.0,0.0,0.0,0.1955578625202179,0.0,0.1457345932722091,0.0640815570950508,0.0,0.0,0.0,0.0,0.0,0.0,0.0,0.0,0.0,0.0,0.0,0.0,0.082956962287426,0.0,0.0,0.0,0.0,0.0,0.0,0.0,0.0577073693275451,0.0,0.0,0.0,0.270620048046112,0.0,0.0511108115315437,0.0,0.0738751962780952,0.0,0.0777593776583671,0.0,0.0,0.0,0.0,0.0,0.0,0.0,0.3657865226268768,0.0,0.0,0.0,0.0,0.0680847391486167,0.0,0.0,0.0,0.0,0.0,0.0,0.0,0.0,0.0,0.0,0.264168918132782,0.0,0.0,0.1580748111009597,0.0,0.0,0.0,0.0
2920,0.0,0.0,0.0,0.0,0.0,0.0,0.0,0.0,0.0,0.0,0.0791774466633796,0.0,0.0,0.0,0.0,0.0,0.0,0.0,0.0,0.0,0.0,0.0,0.0,0.0,0.0,0.0,0.0,0.0,0.0,0.0,0.5618398189544678,0.0,0.0,0.0862273126840591,0.0,0.0,0.0,0.0,0.0,0.0,0.0,0.0,0.0,0.0,0.0,0.0,0.0,0.0781878605484962,0.0,0.0,0.0,0.0,0.0870860368013382,0.0,0.0,0.0,0.0,0.1123107820749282,0.0,0.0,0.0,0.0,0.0,0.0,0.0585307888686656,0.0253468882292509,0.0,0.0,0.1130937561392784,0.0,0.0,0.0,0.0,0.0,0.0,0.0,0.0,0.0,0.0,0.0,0.0,0.0,0.0,0.0,0.0,0.0,0.0,0.1184697970747947,0.0,0.0,0.0,0.0,0.0,0.0676878690719604,0.0,0.0,0.0,0.0,0.0,0.0526657998561859,0.0,0.0,0.0,0.0969280377030372,0.0,0.0,0.0,0.0,0.0,0.0,0.0,0.0180420018732547,0.0,0.0,0.0,0.0,0.0,0.0,0.0,0.0,0.0,0.0,0.0,0.0,0.1077134236693382,0.0,0.0,0.0
2921,0.0,0.0,0.0,0.0,0.1360412538051605,0.0042291767895221,0.0688705593347549,0.2187709957361221,0.0,0.040777999907732,0.0,0.0,0.0472019463777542,0.0,0.0,0.0,0.698004961013794,0.503526508808136,0.7474430799484253,0.6395249962806702,0.8390651345252991,0.7563130259513855,0.7660147547721863,0.5589354038238525,0.7307799458503723,0.7760117650032043,0.3935552537441253,0.7346972227096558,0.7996748089790344,0.5798255801200867,0.6825902462005615,0.4317976534366607,0.7110236883163452,0.5487923622131348,0.5246776938438416,0.6765908598899841,0.7818175554275513,0.7480369806289673,0.620579183101654,0.7042824625968933,0.9762482047080994,0.5303539037704468,0.6975103616714478,0.5693313479423523,0.568281352519989,0.6556071639060974,0.7230047583580017,0.5840449929237366,0.7119700312614441,0.6209356188774109,0.7509915232658386,0.5494945049285889,0.8835734128952026,0.5562624335289001,0.1832137405872345,0.6677137017250061,0.8665819764137268,0.6988876461982727,0.4534730613231659,0.7785059213638306,0.765557587146759,0.7286694645881653,0.5350290536880493,0.8000496029853821,0.7048909664154053,0.5929886102676392,0.3028373122215271,0.6779818534851074,0.4871667921543121,0.6665666699409485,0.6241815686225891,0.919574499130249,0.8382610082626343,0.957674205303192,0.6282857060432434,0.6473738551139832,0.7813207507133484,0.8831943869590759,0.5302460789680481,0.93727445602417,0.4723978042602539,0.8144842982292175,0.9986405372619628,0.6895523071289062,0.6646022796630859,0.4640757739543915,0.5077420473098755,0.3642964363098144,0.5440888404846191,0.4925190210342407,0.4996324181556701,0.6563215255737305,0.5986227989196777,0.8798658847808838,0.52043217420578,0.1052805259823799,0.4875726103782654,0.9824687838554382,0.8776466846466064,0.8855555057525635,0.4323983192443847,0.5703469514846802,0.7290278673171997,0.4675800204277038,0.6105333566665649,0.7428927421569824,0.6764480471611023,0.5781328082084656,0.7740018963813782,0.8264346122741699,0.6938661932945251,0.8011938333511353,0.8274315595626831,0.4068386256694793,0.2344369888305664,0.7917564511299133,0.2790834903717041,0.7097060680389404,0.7604812979698181,0.9585418701171876,0.8285829424858093,0.8070499300956726,0.9920380115509032,0.2277834415435791,0.7884678840637207,0.7576684951782227,0.7007757425308228,0.7936893701553345
2934,0.0,0.0,0.0,0.0,0.0,0.0,0.0,0.0,0.0,0.0,0.0,0.0,0.0,0.0,0.0,0.0,0.0,0.0,0.0,0.0,0.0,0.0,0.0,0.0,0.0,0.0,0.0,0.0,0.0,0.0,0.0,0.0,0.0,0.0,0.0,0.0,0.0,0.0,0.0,0.0,0.0,0.0,0.0,0.0,0.0,0.0,0.0,0.0,0.0,0.0,0.0,0.0,0.0,0.0,0.0,0.0,0.0,0.0,0.0,0.0,0.0,0.0,0.0,0.0,0.0,0.0,0.0,0.0,0.0,0.0,0.0,0.0,0.0,0.0,0.0,0.0,0.0,0.0,0.0,0.0,0.0,0.0,0.0,0.0,0.0,0.0,0.0,0.0,0.0,0.0,0.0,0.0,0.0,0.0,0.0,0.0,0.0,0.0,0.0,0.0,0.0,0.0,0.0,0.0,0.0,0.0,0.0,0.0,0.0,0.0,0.0,0.0,0.0,0.0,0.0,0.0,0.0,0.0,0.0,0.0,0.0,0.0,0.0,0.0,0.0,0.0,0.0,0.0
2938,0.0,0.0,0.0,0.0,0.0,0.0,0.0,0.0,0.0,0.0,0.0,0.0,0.0,0.0,0.0,0.0,0.0,0.0,0.0,0.0,0.0,0.0,0.0,0.0,0.0,0.0,0.0,0.0,0.0,0.0,0.0,0.0,0.0,0.1741652190685272,0.0,0.0,0.0,0.0,0.0,0.0,0.0,0.0,0.0,0.0,0.0,0.0,0.0,0.0,0.0,0.0,0.0,0.0,0.0,0.0,0.0,0.0,0.0,0.0,0.0,0.0,0.0,0.0,0.0,0.0,0.0,0.0,0.0,0.0,0.0,0.0,0.0,0.2333498150110244,0.0,0.0,0.0,0.0,0.0,0.0,0.0,0.0,0.0,0.0,0.0,0.0,0.0,0.0,0.0,0.0,0.0,0.0,0.0,0.0,0.0,0.0,0.0,0.0,0.0,0.0,0.1365881413221359,0.0,0.0,0.0,0.0,0.0,0.0,0.0,0.0,0.0,0.0,0.0,0.0,0.0,0.0,0.0,0.0,0.0,0.0,0.0,0.0,0.0,0.0,0.0,0.0,0.0,0.0,0.0,0.0,0.0
2942,0.0,0.0,0.0,0.0,0.0,0.0,0.0,0.0,0.0,0.0,0.0,0.0,0.0,0.0,0.0,0.0,0.0,0.0,0.0,0.0,0.0,0.0,0.0,0.0,0.0,0.0,0.0,0.0,0.0,0.0,0.0,0.0,0.0,0.0,0.0,0.0,0.0,0.0,0.0,0.0,0.0,0.0,0.0,0.0,0.0,0.0,0.0,0.0,0.0,0.0,0.0,0.0,0.0,0.0,0.0,0.0,0.0,0.0,0.0,0.0,0.0,0.0,0.0,0.0,0.0,0.0,0.0,0.0,0.0,0.0,0.0,0.0,0.0,0.0,0.0,0.0,0.0,0.0,0.0,0.0,0.0,0.0,0.0,0.0,0.0,0.0,0.0,0.0,0.0,0.0,0.0,0.0,0.0,0.0,0.0,0.0,0.0,0.0,0.0,0.0,0.0,0.0,0.0,0.0,0.0,0.0,0.0,0.0,0.0,0.0,0.0,0.0,0.0,0.0,0.0,0.0,0.0,0.0,0.0,0.0,0.0,0.0,0.0,0.0,0.0,0.0,0.0,0.0
2946,0.0,0.0,0.0,0.0,0.0,0.0,0.0,0.0,0.0,0.0,0.0,0.0,0.0,0.0,0.0,0.0,0.2714380025863647,0.0,0.0,0.0,0.0,0.0,0.0,0.0,0.0,0.0,0.0,0.0,0.0,0.0,0.16074800491333,0.0,0.0,0.0,0.0,0.0,0.0,0.0,0.0,0.0,0.0,0.0,0.0,0.0,0.0,0.0,0.0,0.0,0.0,0.0,0.0,0.0,0.0,0.0,0.0,0.0,0.0,0.0,0.0,0.0,0.0,0.0,0.0,0.0,0.0,0.0,0.0,0.0,0.0,0.0,0.0,0.0,0.3146359920501709,0.0,0.0,0.0,0.0,0.0,0.0,0.0,0.0,0.0,0.0,0.0,0.0,0.0,0.0,0.0,0.0,0.0,0.0,0.0,0.0,0.0,0.0,0.0,0.0,0.0,0.0,0.0,0.0,0.0,0.0,0.0,0.0,0.0,0.0,0.0,0.0,0.361732006072998,0.0,0.0,0.0,0.0,0.0,0.0,0.0,0.0,0.0,0.0,0.0,0.0,0.0,0.0,0.0,0.0,0.0,0.0
2948,0.0,0.0,0.0,0.0,0.0,0.0,0.0,0.0,0.0,0.0,0.0,0.0,0.0,0.0,0.0,0.0,0.0,0.0,0.3478200137615204,0.0,0.0,0.0,0.0,0.0,0.0,0.0,0.0,0.0,0.0,0.0,0.0,0.0,0.0,0.0,0.0,0.0,0.0,0.0,0.0,0.0,0.0,0.0,0.0,0.0,0.0,0.0,0.0,0.0,0.0,0.0,0.0,0.0,0.0,0.0,0.0,0.0,0.0,0.0,0.0,0.0,0.0,0.0,0.0,0.0,0.0,0.0,0.0,0.0,0.0,0.0,0.0,0.0,0.0,0.0,0.0,0.0,0.0,0.0,0.0,0.0,0.0,0.0,0.0,0.0,0.0,0.0,0.0,0.0,0.0,0.0,0.0,0.0,0.0,0.0,0.0,0.0,0.0,0.0,0.0,0.0,0.0,0.0,0.0,0.0,0.0,0.0,0.0,0.0,0.0,0.0,0.0,0.0,0.0,0.0,0.0,0.0,0.0,0.0,0.0,0.0,0.0,0.0,0.0,0.0,0.0,0.0,0.0,0.0
2949,0.0,0.0,0.0,0.0,0.0,0.0,0.0,0.0,0.0,0.0,0.0,0.0,0.0,0.0,0.0,0.0,0.0,0.0,0.0,0.0,0.0,0.0,0.0,0.0,0.0,0.0,0.0,0.0,0.0,0.0,0.0,0.0,0.0,0.0,0.0,0.0,0.0,0.0,0.0,0.0,0.0,0.0,0.0,0.0,0.0,0.0,0.0,0.0,0.0,0.0,0.0,0.0,0.0,0.0,0.0,0.0,0.0,0.0,0.0,0.0,0.0,0.0,0.0,0.0,0.0,0.0,0.0,0.0,0.0,0.0,0.0,0.0,0.0,0.0,0.0,0.0,0.0,0.0,0.0,0.0,0.0,0.0,0.0,0.0,0.0,0.0,0.0,0.0,0.0,0.0,0.0,0.0,0.0,0.0,0.0,0.0,0.0,0.0,0.0,0.0,0.0,0.0,0.0,0.0,0.0,0.0,0.0,0.0,0.0,0.0,0.0,0.0,0.0,0.0,0.0,0.0,0.0,0.0,0.0,0.0,0.0,0.0,0.0,0.0,0.0,0.0,0.0,0.0
2956,0.0,0.0,0.0,0.0,0.0,0.0,0.0,0.0,0.0,0.0,0.0,0.0,0.0,0.0,0.0,0.0,0.0,0.0,0.0,0.0,0.0,0.0,0.0,0.0,0.0,0.0,0.0,0.0,0.0,0.0,0.0,0.0,0.0,0.0,0.0,0.0,0.0,0.0,0.0,0.0,0.0,0.0,0.0,0.0,0.0,0.0,0.0,0.0,0.0,0.0,0.0,0.0,0.0,0.0,0.0,0.0,0.0,0.0,0.0,0.0,0.0,0.0,0.0,0.0,0.0,0.0,0.0,0.5068110227584839,0.0,0.0,0.0,0.0,0.0,0.0,0.0,0.0,0.0,0.0,0.0,0.0,0.0,0.0,0.0,0.0,0.0,0.0,0.0,0.0,0.0,0.0,0.0,0.0,0.0,0.0,0.0,0.0,0.0,0.0,0.0,0.0,0.0,0.0,0.0,0.0,0.0,0.0,0.0,0.0,0.0,0.0,0.0,0.0,0.0,0.0,0.0,0.0,0.0,0.0,0.0,0.0,0.0,0.0,0.0,0.0,0.0,0.0,0.0,0.0
2964,0.0,0.0,0.0,0.0,0.0,0.0,0.0,0.0,0.0,0.0,0.0,0.0,0.0,0.0,0.0,0.0,0.0,0.0,0.0,0.0,0.0,0.0,0.0,0.0,0.0,0.0,0.0,0.0,0.0,0.0,0.0,0.0,0.9329960942268372,0.0,0.0,0.0,0.0,0.0,0.0,0.0,0.0,0.0,0.0,0.0,0.0,0.0,0.0,0.0,0.0,0.0,0.0,0.0,0.2481890171766281,0.0,0.0,0.0,0.0,0.0,0.0,0.0,0.0,0.0,0.0,0.0,0.0,0.0,0.0,0.0,0.0,0.0,0.0,0.0,0.0,0.0,0.0,0.0,0.0,0.0,0.0,0.0,0.0,0.0,0.0,0.0,0.0,0.0,0.0,0.0,0.0,0.0,0.0,0.0,0.0,0.0,0.0,0.0,0.0,0.0,0.0,0.0,0.0,0.0,0.0,0.0,0.0,0.0,0.0,0.0,0.0,0.0,0.0,0.0,0.0,0.0,0.0,0.0,0.0,0.0,0.0,0.0,0.0,0.0,0.0,0.0,0.0,0.0,0.0,0.0
2970,0.0,0.0,0.0,0.0,0.0,0.0,0.0,0.0,0.0,0.0,0.0,0.0,0.0,0.0,0.0,0.0,0.0,0.0,0.0,0.0,0.0,0.0,0.0,0.0,0.0,0.0,0.0,0.0,0.0,0.0,0.0,0.0,0.0,0.0,0.0,0.0,0.0,0.0,0.0,0.0,0.0,0.0,0.0,0.0,0.0,0.0,0.0,0.0,0.0,0.0,0.0,0.0,0.0,0.0,0.0,0.0,0.0,0.0,0.0,0.0,0.0,0.0,0.0,0.0,0.0,0.0,0.0,0.0,0.0,0.0,0.0,0.0,0.0,0.0,0.0,0.0,0.0,0.0,0.0,0.0,0.0,0.0,0.0,0.0,0.0,0.0,0.0,0.0,0.0,0.0,0.0,0.0,0.0,0.0,0.0,0.0,0.0,0.0,0.0,0.0,0.0,0.0,0.0,0.0,0.0,0.0,0.0,0.0,0.0,0.0,0.0,0.0,0.0,0.0,0.0,0.0,0.0,0.0,0.0,0.0,0.0,0.0,0.0,0.0,0.0,0.0,0.0,0.0
2971,0.0,0.0,0.0,0.0,0.0,0.0,0.0,0.0,0.0,0.0,0.0,0.0,0.0,0.0,0.0,0.0,0.0,0.0,0.0,0.0,0.0,0.0,0.0,0.0,0.0,0.0,0.0,0.0,0.0,0.0,0.0,0.0,0.0,0.0,0.0,0.0,0.0,0.0,0.0,0.0,0.0,0.0,0.0,0.0,0.0,0.0,0.0,0.0,0.0,0.0,0.0,0.0,0.0,0.0,0.0,0.0,0.0,0.0,0.0,0.0,0.0,0.0,0.0,0.0,0.0,0.0,0.0,0.0,0.0,0.0,0.0,0.0,0.0,0.0,0.0,0.0,0.0,0.0,0.0,0.0,0.0,0.0,0.0,0.0,0.0,0.0,0.0,0.0,0.0,0.0,0.0,0.0,0.0,0.0,0.0,0.0,0.0,0.0,0.0,0.0,0.0,0.0,0.0,0.0,0.0,0.0,0.0,0.0,0.0,0.0,0.0,0.0,0.0,0.0,0.0,0.0,0.0,0.0,0.0,0.0,0.0,0.0,0.0,0.0,0.0,0.0,0.0,0.0
2972,0.0,0.0,0.0,0.0,0.0,0.0,0.0,0.0,0.0,0.0,0.0,0.0,0.0,0.0,0.0,0.0,0.0,0.0,0.0,0.0,0.0,0.0,0.0,0.0,0.0,0.0,0.0,0.0,0.0,0.0,0.0,0.0,0.0,0.0,0.0,0.0,0.0,0.0,0.0,0.0,0.0,0.0,0.0,0.0,0.0,0.0,0.0,0.0,0.0,0.0,0.0,0.0,0.0,0.0,0.0,0.0,0.0,0.0,0.0,0.0,0.0,0.0,0.0,0.0,0.0,0.0,0.0,0.0,0.0,0.0,0.0,0.0,0.0,0.0,0.0,0.0,0.0,0.0,0.0,0.0,0.0,0.0,0.0,0.0,0.0,0.0,0.0,0.0,0.0,0.0,0.0,0.0,0.0,0.0,0.0,0.0,0.0,0.0,0.0,0.0,0.0,0.0,0.0,0.0,0.0,0.0,0.0,0.0,0.0,0.0,0.0,0.0,0.0,0.0,0.0,0.0,0.0,0.0,0.0,0.0,0.0,0.0,0.0,0.0,0.0,0.0,0.0,0.0
2973,0.0,0.0,0.0,0.0,0.0,0.0,0.0,0.0,0.0,0.0,0.3583869934082031,0.0445365011692047,0.0,0.0,0.0,0.3561049997806549,0.0,0.0,0.0,0.0,0.0368615016341209,0.0402599982917308,0.0,0.0,0.0,0.1215540021657943,0.0,0.0,0.0,0.0,0.1589079946279525,0.0,0.097242496907711,0.0,0.0,0.0,0.0,0.0,0.0,0.0,0.1611520051956176,0.0,0.0,0.0,0.0,0.0,0.0,0.0,0.2323179990053177,0.0,0.0,0.0,0.0,0.0,0.0925870016217231,0.0,0.0,0.0,0.0,0.0,0.0,0.0,0.0,0.0,0.0,0.0,0.0,0.0,0.0,0.0,0.0,0.1141389980912208,0.0,0.0917970016598701,0.0,0.0,0.0,0.1254169940948486,0.0,0.0,0.0,0.2024179995059967,0.0,0.0,0.0,0.0,0.0817589983344078,0.0,0.0,0.0,0.4274705052375793,0.0,0.0,0.0,0.502249002456665,0.0,0.0,0.0,0.0,0.0,0.0,0.2605850100517273,0.0,0.0,0.0,0.0,0.0,0.0,0.0,0.0,0.0,0.0,0.1786305010318756,0.0,0.154972493648529,0.0,0.0,0.1721549928188324,0.11404799669981,0.0,0.0,0.0,0.0,0.0,0.0,0.0,0.0,0.2120330035686493
2977,0.0229644998908042,0.0,0.0541715174913406,0.0,0.1384717524051666,0.107199490070343,0.0236308816820383,0.0,0.0,0.0,0.3122307360172272,0.0177641436457633,0.0,0.0,0.2300128638744354,0.0330785922706127,0.084415003657341,0.0378891117870807,0.0364483408629894,0.094319000840187,0.0270256008952856,0.0,0.0,0.2702020704746246,0.1690806597471237,0.0,0.178224503993988,0.1895147562026977,0.0303939841687679,0.1234564557671547,0.0350529998540878,0.0818478912115097,0.0268537327647209,0.0926365926861763,0.0689368918538093,0.0,0.0,0.1703547537326812,0.298661857843399,0.0223151426762342,0.1681900024414062,0.0,0.0431475006043911,0.0341667160391807,0.0345057509839534,0.2603981494903564,0.0,0.041213933378458,0.1380181163549423,0.206088587641716,0.0646810010075569,0.100611500442028,0.0,0.041730273514986,0.3684078752994537,0.1543712615966797,0.1119733825325965,0.1112224906682968,0.2686081528663635,0.1095511317253112,0.0406235717236995,0.0346563048660755,0.4024776220321655,0.2403757721185684,0.2289806306362152,0.2210167795419693,0.1559269726276397,0.131716251373291,0.0830792039632797,0.2229051142930984,0.13921420276165,0.2377502173185348,0.0559167936444282,0.046509001404047,0.0392666235566139,0.0198372490704059,0.0,0.0,0.3939254581928253,0.0444846674799919,0.070129171013832,0.118261806666851,0.1268260627985,0.2088085114955902,0.0559309981763362,0.0,0.1300851702690124,0.09405417740345,0.0872401595115661,0.0295567493885755,0.0,0.1391946226358413,0.1415973305702209,0.0400747992098331,0.0,0.0,0.0,0.1793445348739624,0.1398983746767044,0.1907347440719604,0.0673340857028961,0.3041213750839233,0.0,0.0236881412565708,0.0934929996728897,0.4046019911766052,0.1115944012999534,0.140898123383522,0.0897682756185531,0.0953442454338073,0.0703297480940818,0.0112431673333048,0.0355236232280731,0.0159089993685483,0.1306484043598175,0.0,0.1069941222667694,0.0393951423466205,0.0438469499349594,0.0,0.0961218699812889,0.0182846244424581,0.0500734262168407,0.3510657250881195,0.0647725388407707,0.4836253821849823,0.0277792382985353,0.0
2978,0.0,0.0,0.0,0.0,0.0,0.0,0.0,0.0,0.0,0.0,0.0,0.0,0.0,0.0626662075519561,0.0,0.0,0.0,0.0,0.0,0.0,0.1000875607132911,0.0135783711448311,0.0124980583786964,0.0,0.0,0.0,0.0,0.0,0.0,0.0,0.0,0.0,0.2419717013835907,0.0125993527472019,0.0,0.0,0.0,0.0,0.0,0.0151488343253731,0.1648876368999481,0.058704137802124,0.0,0.0,0.0,0.0,0.0,0.0,0.0,0.0,0.0,0.0,0.0,0.0,0.0,0.0,0.0,0.078457124531269,0.0496892631053924,0.0,0.0,0.0,0.0,0.0,0.0,0.0,0.0,0.0,0.0,0.0,0.0,0.0,0.0,0.0374557934701442,0.0,0.0464700385928154,0.2492053806781768,0.0,0.0,0.0,0.0,0.0,0.0,0.0,0.0,0.0,0.0,0.0,0.0,0.0186193436384201,0.0418722070753574,0.0,0.0,0.0,0.0,0.0,0.0,0.0,0.0,0.0,0.0,0.0,0.0635870024561882,0.0,0.0,0.0,0.0,0.0,0.0,0.0838405713438987,0.0,0.0,0.0,0.0,0.0071151340380311,0.0,0.2671240568161011,0.0597233064472675,0.0,0.0,0.0,0.0,0.0795285776257515,0.0,0.0849472060799598,0.0,0.2299199551343917,0.0
2993,0.3162243962287903,0.1529183983802795,0.1456909328699112,0.1676144748926162,0.0,0.2876380980014801,0.0099299373105168,0.0,0.2393092364072799,0.0659012794494628,0.2173533141613006,0.0,0.1634714007377624,0.2599889934062958,0.0,0.1455686539411544,0.1586155891418457,0.0,0.0,0.0,0.228079468011856,0.0,0.0,0.0,0.0311312694102525,0.1286343783140182,0.0,0.0300704278051853,0.2760742604732513,0.0,0.0773413032293319,0.2920558452606201,0.0,0.1121057048439979,0.0,0.2239059805870056,0.2641052007675171,0.0,0.096311941742897,0.26743945479393,0.1356558948755264,0.0,0.0,0.0,0.0,0.1178140044212341,0.1462180465459823,0.2678377032279968,0.4025315642356872,0.0,0.0,0.0,0.0,0.0,0.0,0.0,0.0,0.0,0.0,0.0,0.2168711572885513,0.0781079232692718,0.2337190210819244,0.0,0.0,0.0,0.2252594232559204,0.0,0.0,0.0,0.0,0.0,0.0,0.0,0.0,0.1475104689598083,0.1341658681631088,0.0,0.016680983826518,0.0670448616147041,0.166567251086235,0.1875292062759399,0.0450495965778827,0.2146161645650863,0.0618275254964828,0.0,0.0,0.0,0.071318469941616,0.2696828544139862,0.0422407276928424,0.1658811420202255,0.0,0.3285371363162994,0.031032370403409,0.0,0.0800204277038574,0.0,0.0,0.0,0.1560531705617904,0.0,0.0965174436569213,0.2829990088939667,0.2389862835407257,0.0,0.0329907424747943,0.1702518463134765,0.0662032812833786,0.0,0.0,0.1613397747278213,0.3492020964622497,0.2488668113946914,0.0,0.3484728634357452,0.1069882363080978,0.0,0.0594625584781169,0.0,0.0789955928921699,0.2552712857723236,0.3140285015106201,0.0,0.1815095394849777,0.0935501009225845,0.1995107978582382,0.0594967566430568
2994,0.0,0.0,0.0,0.0,0.0,0.0,0.0,0.0,0.0,0.0,0.0,0.0,0.0,0.0,0.0,0.0,0.0,0.0,0.0,0.0,0.0,0.0,0.0,0.0,0.0,0.0,0.0,0.0,0.0,0.0,0.0,0.0,0.0,0.0,0.0,0.0,0.0,0.0,0.0,0.0,0.0,0.0,0.0,0.0,0.0,0.0,0.0,0.0,0.0,0.0,0.0,0.0,0.0,0.0,0.0,0.0,0.0,0.0,0.0,0.0,0.0,0.0,0.0,0.0,0.0,0.0,0.0,0.0,0.0,0.0,0.0,0.0,0.0,0.0,0.0,0.0,0.0,0.0,0.0,0.0,0.0,0.0,0.0,0.0,0.0,0.0,0.0,0.0,0.0,0.0,0.0,0.0,0.0,0.0,0.0,0.0,0.0,0.0,0.0,0.0,0.0,0.0,0.0,0.0,0.0,0.0,0.0,0.0,0.0,0.0,0.0,0.0,0.0,0.0,0.0,0.0,0.0,0.0,0.0,0.0,0.0,0.0,0.0,0.0,0.0,0.0,0.0,0.0
3013,0.0,0.0,0.0,0.0,0.0,0.0,0.0,0.0,0.0,0.0,0.0,0.0,0.0,0.0,0.0,0.0,0.0,0.0,0.0,0.0,0.0,0.0,0.0,0.0,0.0,0.0,0.0,0.0,0.0,0.0,0.0,0.0,0.0,0.0,0.0,0.0,0.0,0.0,0.0,0.0,0.0,0.0,0.0,0.0,0.0,0.0,0.0,0.0,0.0,0.0,0.0,0.0,0.0,0.0,0.0,0.0,0.0,0.0,0.0,0.0,0.0,0.0,0.0,0.0,0.0,0.0,0.0,0.0,0.0,0.0,0.0,0.0,0.0,0.0,0.0,0.0,0.0,0.0,0.0,0.0,0.0,0.0,0.0,0.0,0.0,0.0,0.0,0.0,0.0,0.0,0.0,0.0,0.0,0.0,0.0,0.0,0.0,0.0,0.0,0.0,0.0,0.0,0.0,0.0,0.0,0.0,0.0,0.0,0.0,0.0,0.0,0.0,0.0,0.0,0.0,0.0,0.0,0.0,0.0,0.0,0.0,0.0,0.0,0.0,0.0,0.0,0.0,0.0
3017,0.0,0.0,0.0,0.0,0.0,0.0,0.0,0.0,0.0,0.0,0.0,0.0,0.0,0.0,0.0,0.0,0.0,0.0,0.0,0.0,0.0,0.0,0.0,0.0,0.0,0.0,0.0,0.0,0.0,0.0,0.0,0.0,0.0,0.0,0.0,0.0,0.0,0.0,0.0,0.0,0.0,0.0,0.0,0.0,0.0,0.0,0.0,0.0,0.0,0.0,0.0,0.0,0.0,0.0,0.0,0.0,0.0,0.0,0.0,0.0,0.0,0.0,0.0,0.0,0.0,0.0,0.0,0.0,0.0,0.0,0.0,0.0,0.0,0.0,0.0,0.0,0.0,0.0,0.0,0.0,0.0,0.0,0.0,0.0,0.0,0.0,0.0,0.0,0.0,0.0,0.0,0.0,0.0,0.0,0.0,0.0,0.0,0.0,0.0,0.0,0.0,0.0,0.0,0.0,0.0,0.0,0.0,0.0,0.0,0.0,0.0,0.0,0.0,0.0,0.0,0.0,0.0,0.0,0.0,0.0,0.0,0.0,0.0,0.0,0.0,0.0,0.0,0.0
3018,0.0,0.0,0.2672956883907318,0.302973985671997,0.3148170113563537,0.4804520010948181,0.2813345193862915,0.4742065072059631,0.0,0.0,0.0,0.0,0.2162465006113052,0.7641270160675049,0.0,0.0,0.5341864824295044,0.4451475143432617,0.2632150053977966,0.0,0.6458070278167725,0.4203075170516968,0.7652454972267151,0.2679464817047119,0.9720849990844728,0.2944819927215576,0.3281750082969665,0.2453465014696121,0.0,0.4409934878349304,0.2171505093574524,0.0,0.0,0.3732540011405945,0.5998425483703613,0.0,0.7656534910202026,0.1226814985275268,0.0,0.7284159660339355,0.1969864964485168,0.5824404954910278,0.6115155220031738,0.1530759930610656,0.109666496515274,0.0,0.8350780010223389,0.8041784763336182,0.2975434958934784,0.5539264678955078,0.8118829727172852,0.4938939809799194,0.2421970069408416,0.324180006980896,0.0,0.3708344995975494,0.4111185073852539,0.7492995262145996,0.5871869921684265,0.3882904946804046,0.3776634931564331,0.2333150058984756,0.3310495018959045,0.7183319926261902,0.4578465223312378,0.0,0.9714130163192748,0.0,0.2005904912948608,0.5187165141105652,0.4951804876327514,0.0,0.3369504809379577,0.0,0.3574030101299286,0.0,0.3339114785194397,0.5737274885177612,0.0,0.4943159818649292,0.8874880075454712,0.4206839799880981,0.3905349969863891,0.2878074944019317,0.1193580031394958,0.0,0.0,0.3296214938163757,0.8079769611358643,0.0,0.1154820024967193,0.4071894884109497,0.0,0.4999499917030334,0.6408250331878662,0.0,0.0,0.0,0.9253325462341307,0.3830344974994659,0.0,0.0,0.085826002061367,0.254452496767044,0.0902905017137527,0.5225239992141724,0.9805709719657898,0.6682330369949341,0.0,0.3418540060520172,0.6786805391311646,0.3945339918136596,0.3412824869155884,0.0,0.0,0.4474794864654541,0.4159525036811828,0.6382409930229187,0.8498635292053223,0.529584527015686,0.7052719593048096,0.0,0.8004105091094971,0.2756485044956207,0.0,0.3060380220413208,0.5721529722213745,0.9405969977378844
3023,0.0,0.0,0.0,0.0,0.0,0.0,0.0,0.0,0.0,0.0,0.0,0.0,0.1533380001783371,0.0,0.0,0.0,0.0,0.0,0.0,0.0,0.0,0.1752990037202835,0.0,0.0,0.0,0.0,0.0,0.3186326920986175,0.0,0.0,0.0,0.471788227558136,0.0,0.0,0.0821002498269081,0.0,0.0,0.0,0.0,0.0,0.0,0.0,0.0,0.0,0.0,0.0,0.0,0.0,0.0,0.0,0.0,0.0,0.0371485017240047,0.0,0.0,0.0,0.0,0.1592956632375717,0.0,0.0,0.2785071730613708,0.1306910067796707,0.0,0.0,0.1052562519907951,0.0,0.150013193488121,0.0,0.0,0.0,0.0,0.0,0.0,0.0,0.0,0.0,0.1964544951915741,0.0,0.0,0.0,0.0,0.0,0.0,0.0,0.0,0.0,0.0,0.2321376651525497,0.0,0.0,0.2179180085659027,0.0,0.0,0.0,0.0,0.0,0.0910646617412567,0.0883616730570793,0.0,0.0,0.0,0.0,0.0,0.0,0.0,0.0,0.1143265068531036,0.0,0.0,0.0,0.0,0.0,0.0,0.0,0.2772601842880249,0.0,0.0,0.0,0.0,0.0,0.0,0.0901665017008781,0.0,0.0,0.0,0.0,0.0,0.0
3024,0.0,0.0,0.0,0.0,0.0,0.0,0.0,0.0,0.0,0.0,0.0,0.0,0.0,0.0,0.0,0.0,0.0,0.0,0.0,0.0,0.0,0.0,0.0,0.0,0.0,0.0,0.0,0.0,0.0,0.0,0.0,0.0,0.0,0.0,0.0,0.0,0.0,0.0,0.0,0.0,0.0,0.0,0.0,0.0,0.0,0.0,0.0,0.0,0.0,0.0,0.0,0.0,0.0,0.0,0.0,0.0,0.0,0.0,0.0,0.0,0.0,0.0,0.0,0.0,0.0,0.0,0.0,0.0,0.0,0.0,0.0,0.0,0.0,0.0,0.0,0.0,0.0,0.0,0.0,0.0,0.0,0.0,0.0,0.0,0.0,0.0,0.0,0.0,0.0,0.0,0.0,0.0,0.0,0.0,0.0,0.0,0.0,0.0,0.0,0.0,0.0,0.0,0.0,0.0,0.0,0.0,0.0,0.0,0.0,0.0,0.0,0.0,0.0,0.0,0.0,0.0,0.0,0.0,0.0,0.0,0.0,0.0,0.0,0.0,0.0,0.0,0.0,0.0
3025,0.0,0.0,0.0,0.0,0.0,0.0,0.0,0.0,0.0,0.0,0.0,0.0,0.0,0.0,0.0,0.0,0.0,0.0,0.0,0.0,0.0,0.0,0.0,0.0,0.0,0.0,0.0,0.0,0.0,0.0,0.0,0.0,0.0,0.0,0.0,0.0,0.0,0.0,0.0,0.0,0.0,0.0,0.0,0.0,0.0,0.0,0.0,0.0,0.0,0.0,0.0,0.0,0.0,0.0,0.0,0.0,0.0,0.0,0.0,0.0,0.0,0.0,0.0,0.0,0.0,0.0,0.0,0.0,0.0,0.0,0.0,0.0,0.0,0.0,0.0,0.0,0.0,0.0,0.0,0.0,0.0,0.0,0.0,0.0,0.0,0.0,0.0,0.0,0.0,0.0,0.0,0.0,0.0,0.0,0.0,0.0,0.0,0.0,0.0,0.0,0.0,0.0,0.0,0.0,0.0,0.0,0.0,0.0,0.0,0.0,0.0,0.0,0.0,0.0,0.0,0.0,0.0,0.0,0.0,0.0,0.0,0.0,0.0,0.0,0.0,0.0,0.0,0.0
3032,0.5694350004196167,0.0,0.0,0.0,0.0,0.0837830007076263,0.0525465011596679,0.0,0.0,0.0,0.0,0.0829730033874511,0.3549000024795532,0.0,0.0,0.2371889948844909,0.0775675028562545,0.6992493867874146,0.2118369936943054,0.0,0.1351394951343536,0.0,0.4704524874687195,0.0,0.4375635087490082,0.0599050000309944,0.2091553509235382,0.0555586665868759,0.380513995885849,0.4598695039749145,0.5970824956893921,0.170256495475769,0.0289280004799366,0.5810819864273071,0.4790675044059753,0.6602400541305542,0.0,0.3712280094623565,0.0,0.1805785000324249,0.4996474981307983,0.0,0.6328314542770386,0.779450535774231,0.3088085055351257,0.376097023487091,0.5815715193748474,0.5221415162086487,0.4516546726226806,0.0,0.8992605209350586,0.5018830299377441,0.3257290124893188,0.3688263595104217,0.3330360054969787,0.3079713582992553,0.29850634932518,0.2175963371992111,0.561493992805481,0.0,0.4491919875144958,0.2089424878358841,0.6100814938545227,0.5517780184745789,0.0,0.1320270001888275,0.3334609866142273,0.026967667043209,0.4022846817970276,0.3308626711368561,0.1256953477859497,0.1360140144824981,0.0,0.0,0.117617666721344,0.082005500793457,0.2988409996032715,0.3988530039787292,0.3282674849033355,0.3265926837921142,0.0,0.5044763088226318,0.4944890141487121,0.2251443266868591,0.4201086759567261,0.1502103358507156,0.1593844890594482,0.3371530175209045,0.4952419996261596,0.0,0.280639499425888,0.5030280351638794,0.2683005034923553,0.0,0.3843840062618255,0.0,0.0,0.8608955144882202,0.4806466698646545,0.0,0.2959839999675751,0.3605254888534546,0.2601785063743591,0.4033589959144592,0.0,0.0869349986314773,0.2206416726112365,0.0,0.0,0.2530216872692108,0.3640804886817932,0.0,0.3917123675346374,0.388031005859375,0.0673179998993873,0.1967789977788925,0.1942293345928192,0.2718373537063598,0.2153446674346923,0.3861160278320312,0.8171150088310242,0.2085504978895187,0.1156043335795402,0.2536180019378662,0.6026214957237244,0.4137260019779205,0.4593845009803772,0.4444139897823334
3033,0.0,0.0,0.0,0.0,0.0,0.0,0.0,0.0,0.0,0.0,0.0,0.0,0.0,0.0,0.0,0.0,0.0,0.0,0.0,0.0,0.0,0.0,0.0,0.0,0.0,0.0,0.0,0.0,0.0,0.0,0.0,0.0,0.0,0.0,0.0,0.0,0.0,0.0,0.0,0.0,0.0,0.0,0.0,0.0,0.0,0.0,0.0,0.0,0.0,0.0,0.0,0.0,0.0,0.0,0.0,0.0,0.0,0.0,0.0,0.0,0.0,0.0,0.0,0.0,0.0,0.0,0.0,0.0,0.0,0.0,0.0,0.0,0.0,0.0,0.0,0.0,0.0,0.0,0.0,0.0,0.0,0.0,0.0,0.0,0.0,0.0,0.0,0.0,0.0,0.0,0.0,0.0,0.0,0.0,0.0,0.0,0.0,0.0,0.0,0.0,0.0,0.0,0.0,0.0,0.0,0.0,0.0,0.0,0.0,0.0,0.0,0.0,0.0,0.0,0.0,0.0,0.0,0.0,0.0,0.0,0.0,0.0,0.0,0.0,0.0,0.0,0.0,0.0
3036,0.0,0.0,0.0,0.0,0.0,0.148166999220848,0.0,0.0,0.0,0.0,0.0,0.0,0.0,0.0,0.0,0.0,0.0,0.3620047569274902,0.0,0.9896399974822998,0.2903760075569153,0.0,0.0,0.0,0.0,0.0,0.0,0.0,0.0,0.9626060128211976,0.0,0.0,0.1694819927215576,0.0,0.8942189812660217,0.0,0.0,0.8865870237350464,0.8373559713363647,0.0,0.0,0.0,0.0,0.0,0.0,0.0,0.0,0.996047019958496,0.9552819728851318,0.0,0.9933429956436156,0.0,0.0,0.0,0.6250209808349609,0.0,0.2584789991378784,0.0,0.0,0.0,0.6047919988632202,0.1576219946146011,0.5221539735794067,0.0,0.0,0.0,0.4620519876480102,0.9999070167541504,0.9443169832229614,0.1529467105865478,0.0,0.0,0.0,0.0,0.6773459911346436,0.0,0.0,0.0,0.0,0.0,0.0,0.9927510023117064,0.0,0.0,0.8736119866371155,0.0,0.0,0.1150209978222847,0.313093364238739,0.0,0.0,0.0,0.0,0.0,0.9609739780426024,0.0,0.0,0.209306001663208,0.0,0.0236764810979366,0.0,0.0,0.9293379783630372,0.0,0.0,0.9728919863700868,0.0,0.0,0.9967619776725768,0.0,0.0,0.0,0.0,0.9980440139770508,0.0,0.9160069823265076,0.0,0.0,0.0,0.0,0.0,0.0,0.0,0.0,0.0,0.1554886698722839,0.0,0.9932860136032104
3049,0.0419609993696212,0.0,0.0,0.0,0.0,0.0,0.0,0.0,0.0,0.0,0.0,0.0,0.0,0.0,0.0,0.0,0.0,0.0832965970039367,0.0249247159808874,0.1480027437210083,0.0,0.094660498201847,0.0,0.0,0.0631576031446456,0.0,0.0659572035074234,0.0,0.0,0.0145844295620918,0.0,0.0154658006504178,0.0,0.0,0.0,0.0,0.0330664999783039,0.0,0.0,0.0,0.0,0.0,0.0,0.0,0.0831668004393577,0.0,0.0,0.0441821999847888,0.0,0.0,0.0,0.0,0.0,0.0,0.0918060019612312,0.0,0.0,0.224808007478714,0.0234840009361505,0.0054280003532767,0.0,0.020979668945074,0.0406042486429214,0.0,0.0512444972991943,0.0,0.0,0.0,0.0,0.0,0.0437866672873497,0.0,0.0,0.0,0.0624401681125164,0.0,0.0,0.0,0.0,0.0,0.1027644053101539,0.0,0.0,0.0,0.0,0.0522128567099571,0.0457995012402534,0.0,0.0377325005829334,0.0,0.026993429288268,0.0282786674797534,0.0754542872309684,0.0,0.0,0.0265044998377561,0.0402566008269786,0.0494667999446392,0.0,0.0201255735009908,0.014423250220716,0.0368419997394084,0.0,0.0,0.0,0.0332854315638542,0.0,0.0,0.0,0.0,0.0,0.0,0.0725477486848831,0.0741574987769126,0.0129437996074557,0.0,0.0413306653499603,0.0239971447736024,0.0,0.0225817151367664,0.0,0.0,0.0,0.0,0.0,0.0085174441337585,0.0454876013100147,0.0
3051,0.1827003359794616,0.0,0.0,0.0,0.0,0.1580016762018203,0.0,0.0983176678419113,0.0,0.0,0.0,0.0,0.0,0.0707070007920265,0.0,0.0255060009658336,0.0,0.0,0.0,0.0,0.0,0.3536553382873535,0.068081334233284,0.0,0.0,0.0,0.0,0.0,0.0,0.0,0.4536813199520111,0.0,0.0,0.0437920019030571,0.0,0.168981671333313,0.0,0.0,0.0344722494482994,0.0,0.1710174977779388,0.0,0.0,0.0,0.0,0.0,0.0360885001718997,0.206012338399887,0.1898953318595886,0.0,0.1004219949245452,0.0,0.0,0.0256390012800693,0.0,0.7494473457336426,0.138273000717163,0.0,0.0,0.0,0.6483923196792603,0.0,0.0,0.0673360005021095,0.0,0.0,0.1837449967861175,0.1389756798744201,0.2321889847517013,0.0,0.2017253339290619,0.0,0.0,0.0,0.0,0.0,0.0,0.0,0.0,0.0,0.0,0.0285219997167587,0.0,0.3995520174503326,0.0,0.3931260108947754,0.4817383289337158,0.0,0.0,0.0,0.2531983554363251,0.2898343503475189,0.1599950045347213,0.0,0.0,0.0,0.0,0.0,0.5383956432342529,0.4133214950561523,0.2457006871700287,0.1027606651186943,0.0,0.5778113603591919,0.0,0.0,0.3076316714286804,0.0,0.6275466680526733,0.0,0.0,0.1149436682462692,0.0,0.5805302858352661,0.0,0.0,0.4322786331176758,0.4994752407073974,0.0,0.0,0.0,0.0315913334488868,0.0,0.0,0.0,0.0,0.1677644997835159,0.3394497632980346
3058,0.0,0.0,0.4824619889259338,0.4688070118427276,0.1539939939975738,0.0,0.0789220035076141,0.6703069806098938,0.0,0.0,0.1069744974374771,0.3947895169258117,0.6793680191040039,0.3185270130634308,0.1734379976987838,0.0,0.416190505027771,0.8858039975166321,0.0,0.8933475017547607,0.3534184992313385,0.514891505241394,0.4967885017395019,0.0,0.0,0.5550010204315186,0.0,0.4861299991607666,0.3269035220146179,0.5448379516601562,0.2987160086631775,0.1932200044393539,0.5901005268096924,0.4069650173187256,0.3296599984169006,0.5167160034179688,0.4262235164642334,0.330377995967865,0.0,0.5806574821472168,0.5941489934921265,0.3817709982395172,0.1884890049695968,0.2381319999694824,0.6287959814071655,0.2705450057983398,0.0,0.9659249782562256,0.2759785056114197,0.7174220085144043,0.0,0.5950415134429932,0.520782470703125,0.4725190103054046,0.3523139953613281,0.4230560064315796,0.9062299728393556,0.0,0.439859002828598,0.177606999874115,0.3411940038204193,0.7056260108947754,0.0,0.0,0.7896429896354675,0.5226210355758667,0.038512498140335,0.0,0.0,0.377874493598938,0.29823899269104,0.4017165005207062,0.4418269991874695,0.1831760108470916,0.0,0.4202190041542053,0.0,0.3637920022010803,0.0,0.5394355058670044,0.0,0.4192804992198944,0.514308512210846,0.0,0.0,0.0,0.0,0.3267939984798431,0.4204514920711517,0.3914799988269806,0.2222445011138916,0.3396574854850769,0.0,0.4055284857749939,0.8910415172576904,0.0,0.0,0.5005204677581787,0.3474495112895965,0.331382006406784,0.3120650053024292,0.0,0.0,0.350843995809555,0.0,0.3067019879817962,0.4794284701347351,0.0,0.4395589828491211,0.0,0.2588955163955688,0.4237329959869385,0.4887740015983581,0.2796010076999664,0.0,0.0,0.3529655039310455,0.476608008146286,0.0,0.1050354987382888,0.0,0.5652890205383301,0.2834355235099792,0.7337204813957214,0.3971024751663208,0.5535690188407898,0.3217400014400482,0.5877175331115723
3064,0.0,0.0,0.0,0.0,0.0,0.0,0.0,0.0,0.0,0.0,0.0,0.0,0.0,0.0,0.0,0.0,0.0,0.0,0.0,0.0,0.0,0.0,0.0,0.0,0.0,0.0,0.0,0.0,0.0,0.0,0.0,0.0,0.0,0.0,0.0,0.0,0.0,0.0,0.0,0.0,0.0,0.0,0.0,0.0,0.0,0.0,0.0,0.0,0.0,0.0,0.0,0.0,0.0,0.0,0.0,0.0,0.0,0.0,0.0,0.0,0.0,0.0,0.0,0.0,0.0,0.0,0.0,0.0,0.0,0.0,0.0,0.0,0.0,0.0,0.0,0.0,0.0,0.0,0.0,0.0,0.0,0.0,0.0,0.0,0.0,0.0,0.0,0.0,0.0,0.0,0.0,0.0,0.0,0.0,0.0,0.0,0.0,0.0,0.0,0.0,0.0,0.0,0.0,0.0,0.0,0.0,0.0,0.0,0.0,0.0,0.0,0.0,0.0,0.0,0.0,0.0,0.0,0.0,0.0,0.0,0.0,0.0,0.0,0.0,0.0,0.0,0.0,0.0
3068,0.0,0.0,0.0,0.0,0.0,0.0,0.0,0.0,0.0,0.0,0.0,0.0,0.0,0.0,0.0,0.0,0.0,0.0970270037651062,0.0,0.0,0.0,0.0,0.0,0.0092837996780872,0.0,0.0,0.0,0.0,0.0,0.0,0.0,0.0,0.0,0.0,0.0,0.0,0.0,0.0,0.0,0.0,0.0,0.0,0.0,0.0,0.0,0.0,0.0,0.0,0.0,0.0,0.0,0.0,0.0,0.0,0.0,0.0,0.0,0.0,0.0,0.0,0.0,0.0,0.0,0.0,0.0,0.0,0.0,0.0,0.0,0.0042019998654723,0.0388020016252994,0.032040499150753,0.0,0.0724564045667648,0.0,0.0,0.0,0.0,0.0,0.0,0.0,0.0,0.0,0.0,0.0,0.0,0.0,0.0,0.0,0.0,0.0,0.0,0.0,0.0,0.0,0.0,0.0,0.0203837491571903,0.0,0.0,0.0,0.0,0.0,0.0,0.0,0.0637972503900528,0.0,0.0,0.0,0.0,0.0,0.0,0.0843712463974952,0.0,0.0,0.0,0.0,0.0,0.0,0.0,0.0,0.0,0.0,0.0,0.0,0.0,0.0048954999074339,0.0
3069,0.0,0.0,0.0,0.0,0.0,0.0,0.0,0.0,0.0,0.0,0.0,0.0,0.0,0.0,0.0,0.0,0.0,0.0,0.0,0.0,0.0,0.0,0.0,0.0,0.0,0.0,0.0,0.0,0.0,0.0,0.0,0.0,0.0,0.0,0.0,0.0,0.0,0.0,0.0,0.0,0.0,0.0,0.0,0.0,0.0,0.0,0.0,0.0,0.0,0.0,0.0,0.0,0.0,0.0,0.0,0.0,0.0,0.0,0.0,0.0,0.0,0.0,0.0,0.0,0.0,0.0,0.0,0.0,0.0,0.0,0.0,0.0,0.0,0.0,0.0,0.0,0.0,0.0,0.0,0.0,0.0,0.0,0.0,0.0,0.0,0.0,0.0,0.0,0.0,0.0,0.0,0.0,0.0,0.0,0.0,0.0,0.0,0.0,0.0,0.0,0.0,0.0,0.0,0.0,0.0,0.0,0.0,0.0,0.0,0.0,0.0,0.0,0.0,0.0,0.0,0.0,0.0,0.0,0.0,0.0,0.0,0.0,0.0,0.0,0.0,0.0,0.0,0.0
3071,0.0,0.0,0.1290536820888519,0.0,0.3825853765010834,0.2638240158557892,0.0,0.5768216848373413,0.0,0.026864668354392,0.2490983456373214,0.0,0.1201910004019737,0.0380330011248588,0.0275146663188934,0.0,0.6258246898651123,0.3802627027034759,0.1282044947147369,0.0,0.2434000074863433,0.0,0.3031406700611114,0.3738373219966888,0.2349533289670944,0.0,0.0,0.0,0.1915226876735687,0.1514820009469986,0.1617029905319214,0.3036593198776245,0.4889447689056396,0.0,0.26377934217453,0.0,0.8082535266876221,0.2351180016994476,0.5158003568649292,0.0,0.5579736828804016,0.4460369944572449,0.1573083400726318,0.5084553956985474,0.3404383659362793,0.3192986845970154,0.1059033274650573,0.605865478515625,0.2715370059013366,0.4140233397483825,0.111275665462017,0.2370156645774841,0.4766063392162323,0.333116352558136,0.0,0.2975206971168518,0.188232347369194,0.0,0.9342352747917176,0.2879193425178528,0.172366663813591,0.0,0.2928630113601684,0.303068995475769,0.494525671005249,0.1954293251037597,0.0,0.2518736720085144,0.0,0.3296020030975342,0.0,0.0,0.1930044889450073,0.6347140073776245,0.4919220209121704,0.4734683632850647,0.0897559970617294,0.4143409729003906,0.3110183477401733,0.018682001158595,0.4866136908531189,0.3003910183906555,0.0,0.1846593469381332,0.0,0.2175279855728149,0.1211093366146087,0.1469293385744094,0.0995766744017601,0.2196153402328491,0.4348576962947845,0.0,0.0,0.4847559928894043,0.3940423429012298,0.2047860026359558,0.6707572937011719,0.4889389872550964,0.0954513400793075,0.2491705119609832,0.1184829995036125,0.2468309998512268,0.0,0.2016993463039398,0.1746900081634521,0.0,0.5762823820114136,0.4226296842098236,0.0,0.4287976920604706,0.3468433320522308,0.7419869899749756,0.1393856704235077,0.6473533511161804,0.0537000000476837,0.0261353328824043,0.0,0.2791553437709808,0.0,0.2719096839427948,0.3328486680984497,0.2177790105342865,0.5440373420715332,0.3666310310363769,0.362261027097702,0.3508639931678772,0.2426910102367401,0.8139256834983826
3077,0.0,0.0,0.0,0.0,0.0,0.0,0.0,0.0,0.0,0.0,0.0,0.0,0.0,0.0,0.0,0.0,0.0,0.0,0.0,0.0,0.0,0.0,0.0,0.0,0.0,0.0,0.0,0.0,0.0,0.0,0.0,0.0,0.0,0.0,0.0,0.0,0.0,0.0,0.0,0.0,0.0,0.0,0.0,0.0,0.0,0.0,0.0,0.0,0.0,0.0,0.0,0.0,0.0,0.0,0.0,0.0,0.0,0.0,0.0,0.0,0.0,0.0,0.0,0.0,0.0,0.0,0.0,0.0,0.0,0.0,0.0,0.0,0.0,0.0,0.0,0.0,0.0,0.0,0.0,0.0,0.0,0.0,0.0,0.0,0.0,0.0,0.0,0.0,0.0,0.0,0.0,0.0,0.0,0.0,0.0,0.0,0.0,0.0,0.0,0.0,0.0,0.0,0.0,0.0,0.0,0.0,0.0,0.0,0.0,0.0,0.0,0.0,0.0,0.0,0.0,0.0,0.0,0.0,0.0,0.0,0.0,0.0,0.0,0.0,0.0,0.0,0.0,0.0
3086,0.0,0.0,0.0,0.0,0.0,0.0,0.0,0.0,0.0,0.0,0.0,0.0,0.0,0.0,0.0,0.0,0.0,0.0,0.0,0.0,0.0,0.0,0.0,0.0,0.0,0.0,0.0,0.0,0.0,0.0,0.0,0.0,0.0,0.0,0.0,0.0,0.0,0.0,0.0,0.0,0.0,0.0,0.0,0.0,0.0,0.0,0.0,0.0,0.0,0.0,0.0,0.0,0.0,0.0,0.0,0.0,0.0,0.0,0.0,0.0,0.0,0.0,0.0,0.0,0.0,0.0,0.0,0.0,0.0,0.0,0.0,0.0,0.0,0.0,0.0,0.0,0.0,0.0,0.0,0.0,0.0,0.0,0.0,0.0,0.0,0.0,0.0,0.0,0.0,0.0,0.0,0.0,0.0,0.0,0.0,0.0,0.0,0.0,0.0,0.0,0.0,0.0,0.0,0.0,0.0,0.0,0.0,0.0,0.0,0.0,0.0,0.0,0.0,0.0,0.0,0.0,0.0,0.0,0.0,0.0,0.0,0.0,0.0,0.0,0.0,0.0,0.0,0.0
3094,0.0,0.0,0.0,0.0,0.0,0.0,0.0,0.0,0.0,0.0,0.0,0.0,0.0,0.0,0.0,0.0,0.0,0.0,0.0,0.0,0.0,0.0,0.0,0.0,0.0,0.0,0.0,0.0,0.0,0.0,0.0,0.0,0.0,0.0,0.0,0.0,0.0,0.0,0.0,0.0,0.0,0.0,0.0,0.0,0.0,0.0,0.0,0.0,0.0,0.0,0.0,0.0,0.0,0.0,0.0,0.0,0.0,0.0,0.0,0.0,0.0,0.0,0.0,0.0,0.0,0.0,0.0,0.0,0.0,0.0,0.0,0.0,0.0,0.0,0.0,0.0,0.0,0.0,0.0,0.0,0.0,0.0,0.0,0.0,0.0,0.0,0.0,0.0,0.0,0.0,0.0,0.0,0.0,0.0,0.0,0.0,0.0,0.0,0.0,0.0,0.0,0.0,0.0,0.0,0.0,0.0,0.0,0.0,0.0,0.0,0.0,0.0,0.0,0.0,0.0,0.0,0.0,0.0,0.0,0.0,0.0,0.0,0.0,0.0,0.0,0.0,0.0,0.0
3095,0.0,0.0,0.0,0.0,0.0,0.0,0.0,0.0,0.0078104618005454,0.0,0.0,0.0045205624774098,0.0,0.0,0.0,0.0,0.0,0.0440314151346683,0.0,0.0,0.0,0.0,0.0,0.0,0.0,0.0,0.0,0.0,0.0,0.0,0.0,0.0,0.0,0.0,0.0,0.0,0.0,0.0,0.0,0.0,0.0,0.0,0.0,0.0,0.0,0.0,0.0,0.0,0.0,0.0,0.0,0.0,0.0176881439983844,0.0,0.0,0.0,0.0,0.013672437518835,0.0,0.0,0.0,0.0,0.0,0.0,0.0,0.0,0.0,0.0,0.0,0.0,0.0,0.0,0.0,0.0,0.0,0.0,0.0,0.0,0.0,0.0,0.0,0.0,0.0,0.0,0.0,0.0,0.0,0.0,0.0,0.0,0.0,0.0,0.0,0.0,0.0,0.0,0.0,0.0,0.0107226250693202,0.0,0.0,0.0,0.0,0.0,0.0,0.0,0.0085993334650993,0.0,0.0,0.0,0.0,0.0,0.0,0.0,0.0,0.0,0.0,0.0,0.0,0.0,0.0,0.0,0.0,0.0,0.0,0.0,0.0,0.0
3101,0.0,0.0,0.0848753303289413,0.0,0.0,0.1629755049943924,0.7416900396347046,0.0,0.0,0.1330039948225021,0.0,0.0,0.0869909971952438,0.0,0.0,0.0,0.2671899795532226,0.3389739990234375,0.0,0.4180060029029846,0.3587095141410827,0.9514434933662416,0.3928605020046234,0.2502624988555908,0.2287399917840957,0.0,0.4635629951953888,0.0,0.4239805042743683,0.2811349928379059,0.5253034830093384,0.9187214970588684,0.3255695104598999,0.2992755174636841,0.0,0.2419379949569702,0.1303794980049133,0.9102709889411926,0.0,0.625392496585846,0.5078954696655273,0.8174455165863037,0.0,0.9138699769973756,0.0913929939270019,0.0,0.8744649887084961,0.1694325059652328,0.3200799822807312,0.7125149965286255,0.2568820118904114,0.0,0.0,0.0770445019006729,0.3577240109443664,0.2207514941692352,0.2457485049962997,0.5024049878120422,0.4965516924858093,0.5504094958305359,0.8120445013046265,0.4203544855117798,1.0,0.4252879917621612,0.0,0.953115463256836,0.0,0.2841503620147705,0.6607973575592041,0.0,0.2692505121231079,0.0,0.4233565032482147,0.1821604967117309,0.3599749803543091,0.5409444570541382,0.1578705012798309,0.6729815006256104,0.2488704919815063,0.2984166741371155,0.4555069804191589,0.0,0.0,0.7963955402374268,0.4318516850471496,0.0,0.9696944952011108,0.2602564990520477,0.4362139999866485,0.2491635084152221,0.0,0.369720995426178,0.0,0.5317919850349426,0.1667445003986358,0.3008710145950317,0.410768985748291,0.3869999945163727,0.2809963226318359,0.0,0.5183280110359192,0.4956485033035278,0.3666055202484131,0.2953045070171356,0.0989395007491111,0.3208554983139038,0.4920305013656616,0.1971639990806579,0.0,0.5179897546768188,0.3709074854850769,0.5029150247573853,0.0,0.950591504573822,0.4946780204772949,0.8306350111961365,0.4972445070743561,0.432046502828598,0.2779963612556457,0.0,0.355334997177124,0.2648335099220276,0.3860374987125397,0.644384503364563,0.0,0.0,0.0976355001330375,0.0
3104,0.0,0.0,0.0,0.0,0.0,0.0,0.0,0.0,0.0,0.0,0.0,0.0,0.0,0.0,0.0,0.0,0.0,0.0,0.0,0.0,0.0,0.0,0.0,0.0,0.0,0.0,0.0,0.0,0.0,0.0,0.0,0.0,0.0,0.0,0.0,0.0,0.0,0.0,0.0,0.0,0.0,0.0,0.0,0.0,0.0,0.0,0.0,0.0,0.0,0.0,0.0,0.0,0.0,0.0,0.0,0.0,0.0,0.0,0.0,0.0,0.0,0.0,0.0,0.0,0.0,0.0,0.0,0.0,0.0,0.0,0.0,0.0,0.0,0.0,0.0,0.0,0.0,0.0,0.0,0.0,0.0,0.0,0.0,0.0,0.0,0.0,0.0,0.0,0.0,0.0,0.0,0.0,0.0,0.0,0.0,0.0,0.0,0.0,0.0,0.0,0.0,0.0,0.0,0.0,0.0,0.0,0.0,0.0,0.0,0.0,0.0,0.0,0.0,0.0,0.0,0.0,0.0,0.0,0.0,0.0,0.0,0.0,0.0,0.0,0.0,0.0,0.0,0.0
3106,0.7628805041313171,0.0,0.0,0.0,0.0,0.0,0.4655690193176269,0.4673145115375519,0.0,0.0395594984292984,0.0,0.1350789964199066,0.0,0.0,0.4706220030784607,0.0,0.3886995017528534,0.4436450004577636,0.0,0.0,0.6524385213851929,0.0,0.0,0.5572980046272278,0.0,0.5684109926223755,0.0,0.0,0.0,0.0,0.8676630258560181,0.2811200022697449,0.0,0.3682515025138855,0.0,0.0,0.2644649744033813,0.0,0.6525335311889648,0.7170469760894775,0.506076455116272,0.8334094882011414,0.8325204849243164,0.3161544799804687,0.5292965173721313,0.2065329849720001,0.7594934701919556,0.2045570015907287,0.4112814962863922,0.3863130211830139,0.0,0.0,0.0,0.38069748878479,0.6696130037307739,0.0,0.9456095099449158,0.3102405071258545,0.3294849991798401,0.7445020079612732,0.9486644864082336,0.4470880031585693,0.3297170102596283,0.4833034873008728,0.0,0.1841164976358413,0.0,0.0,0.482679009437561,0.7528250217437744,0.521448016166687,0.487399011850357,0.70489901304245,0.0,0.0,0.692113995552063,0.0,0.0,0.2352024912834167,0.8848370313644409,0.0,0.4501075148582458,0.3221774697303772,0.1918039917945861,0.4534274935722351,0.0,0.4036569893360138,0.0,0.0,0.0,0.0,0.6705440282821655,0.0,0.4428674876689911,0.0,0.9341984987258912,0.3278369903564453,0.0,0.2818180024623871,0.0,0.2808409929275512,0.6146489977836609,0.0,0.5311235189437866,0.5234094858169556,0.6500844955444336,0.2458084970712661,0.3985944986343384,0.0,0.3517565131187439,0.5089759826660156,0.3636434972286224,0.3064540028572082,0.1233104988932609,0.3638579845428467,0.867169976234436,0.4107369780540466,0.0390435010194778,0.1639429926872253,0.6498614549636841,0.0,0.0,0.2897354960441589,0.9226144552230836,0.4533550143241882,0.0,0.0,0.4312340021133423
3108,0.0,0.0,0.0,0.0,0.0,0.0,0.0,0.0,0.0,0.0,0.0,0.0,0.0,0.0,0.0,0.0,0.0,0.0,0.0,0.0,0.0,0.0,0.0,0.0,0.0,0.0,0.0,0.0,0.0,0.0,0.0,0.0,0.0,0.0,0.0,0.0,0.0,0.0,0.0,0.0,0.0,0.0,0.0,0.0,0.0,0.0,0.0,0.0,0.0,0.0,0.0,0.0,0.0,0.0,0.0,0.0,0.0,0.0,0.0,0.0165793746709823,0.0,0.0,0.0,0.0,0.0,0.0,0.0,0.0,0.0,0.0,0.0,0.0,0.0158952623605728,0.0,0.0,0.0,0.0,0.0,0.0,0.0,0.0,0.0,0.0,0.0,0.0,0.0,0.0,0.0,0.0,0.0,0.0,0.0,0.0,0.0,0.0,0.0,0.0097014997154474,0.0,0.0,0.0,0.0,0.0,0.0,0.0,0.0,0.0,0.0,0.0,0.0,0.0,0.0,0.0,0.0,0.0,0.0,0.0,0.0,0.0,0.0,0.0,0.0,0.0,0.0,0.0,0.0,0.0,0.0,0.0
3113,0.0,0.0,0.0,0.0,0.0,0.0,0.0,0.0,0.0,0.0,0.0,0.0,0.0,0.0,0.0,0.0,0.0,0.0,0.0,0.0,0.0,0.0,0.0,0.0,0.0,0.0,0.0,0.0,0.0,0.0,0.0,0.0,0.0,0.0,0.0,0.0,0.0,0.0,0.0,0.0,0.0,0.0,0.0,0.0,0.0,0.0,0.0,0.0,0.0,0.0,0.0,0.0,0.0,0.0,0.0,0.0,0.0,0.0,0.0,0.0,0.0,0.0,0.0,0.0,0.0,0.0,0.0,0.0,0.0,0.0,0.0,0.0,0.0,0.0,0.0,0.0,0.0,0.0,0.0,0.0,0.0,0.0,0.0,0.0,0.0,0.0,0.0,0.0,0.0,0.0,0.0,0.0,0.0,0.0,0.0,0.0,0.0,0.0,0.0,0.0,0.0,0.0,0.0,0.0,0.0,0.0,0.0,0.0,0.0,0.0,0.0,0.0,0.0,0.0,0.0,0.0,0.0,0.0,0.0,0.0,0.0,0.0,0.0,0.0,0.0,0.0,0.0,0.0
3119,0.0,0.0356102176010608,0.0,0.0,0.0932597219944,0.0,0.0,0.0060173333622515,0.0,0.0,0.0,0.0,0.0,0.0485221408307552,0.0,0.0,0.0,0.0,0.0,0.0143341952934861,0.0,0.0,0.0,0.0,0.0,0.0,0.0,0.0,0.0,0.0,0.0,0.0,0.0,0.051249511539936,0.0,0.0,0.0,0.0,0.0,0.0,0.0,0.0,0.0,0.0066210543736815,0.1324581652879715,0.0,0.0,0.0,0.0,0.0,0.0,0.0190491881221532,0.0,0.0,0.0284078121185302,0.0,0.0,0.0,0.0,0.0,0.0,0.0,0.0,0.0,0.0,0.0,0.0,0.0,0.0,0.0,0.0,0.0,0.0174864809960126,0.0,0.0,0.0,0.110020063817501,0.1097278594970703,0.0,0.0,0.0483904108405113,0.0,0.1369750946760177,0.1039016917347908,0.0,0.0,0.0,0.0,0.0,0.0996410772204399,0.0,0.0,0.0,0.0,0.0062723653391003,0.0666046515107154,0.0537764430046081,0.0,0.0,0.0,0.0,0.0,0.0,0.0,0.0,0.0,0.0,0.0,0.0,0.0,0.0,0.0,0.0120768081396818,0.0,0.0,0.0,0.031226884573698,0.0,0.0,0.0,0.0,0.0,0.0,0.0,0.004089773632586,0.0,0.0,0.0
3125,0.0214778240770101,0.0795288980007171,0.0,0.049027319997549,0.0,0.0,0.2012803554534912,0.0779609531164169,0.0,0.0,0.1526527404785156,0.0,0.0,0.1070146039128303,0.1172653809189796,0.0838207378983497,0.0,0.1309303790330886,0.2259035110473632,0.1329810619354248,0.0,0.0,0.0,0.1751866340637207,0.0,0.0,0.0681259036064148,0.1278362274169922,0.0863251835107803,0.0,0.1005425155162811,0.1215375363826751,0.0,0.0,0.1412362605333328,0.1284862905740738,0.109704740345478,0.1962998509407043,0.14323191344738,0.0,0.2026643902063369,0.0,0.0,0.0746487900614738,0.0,0.1600382030010223,0.0591312013566494,0.1735944002866745,0.116189956665039,0.0,0.1182104870676994,0.0,0.2325537949800491,0.0,0.0989535674452781,0.1090834513306617,0.1335524618625641,0.0,0.0,0.1913554370403289,0.0875763073563575,0.14488585293293,0.0,0.0,0.1221179366111755,0.0827605351805687,0.1086043417453765,0.0,0.0,0.1716100871562957,0.1008668690919876,0.1171676665544509,0.1764610707759857,0.1429059505462646,0.177643284201622,0.1170029938220977,0.1296124756336212,0.134035125374794,0.1948727816343307,0.0,0.0,0.0,0.0,0.0,0.0,0.0,0.1936607509851455,0.2598580121994018,0.0,0.1332707703113556,0.0,0.1506610959768295,0.1744692027568817,0.1666385978460312,0.1811931878328323,0.1352207511663437,0.0,0.0,0.0,0.0,0.0,0.0,0.244626984000206,0.0688723996281623,0.1521473228931427,0.0,0.0,0.0,0.0,0.0,0.1268554478883743,0.0,0.168795645236969,0.1439941376447677,0.1212688907980918,0.0,0.1411245018243789,0.0,0.0,0.1454675495624542,0.106646329164505,0.0,0.0,0.0,0.1490446925163269,0.0,0.133571371436119,0.0
3126,0.6080619096755981,0.0,0.7776113748550415,0.6834434270858765,0.7403985261917114,0.800409197807312,0.5605951547622681,0.8571568131446838,0.1869274973869323,0.7089840173721313,0.3557909429073334,0.7887272834777832,0.9129924774169922,0.5902560949325562,0.5169238448143005,0.7403391003608704,0.0548297353088855,0.8254386782646179,0.5622541308403015,0.0,0.4706145226955414,0.5979593396186829,0.4665485322475433,0.6186594367027283,0.750482439994812,0.0,0.6946157813072205,0.5055945515632629,0.9319339394569396,0.4719296395778656,0.0481030009686946,0.794511616230011,0.2744324803352356,0.1921760886907577,0.7030686736106873,0.0,0.6287557482719421,0.4670053720474243,0.0,0.0,0.6021702885627747,0.6538581848144531,0.2536596357822418,0.8573224544525146,0.6064716577529907,0.0,0.8892515897750854,0.0,0.0,0.772559404373169,0.6282323002815247,0.9353930354118348,0.7734657526016235,0.53804612159729,0.6917678713798523,0.3219793438911438,0.677015483379364,0.8035663962364197,0.0202967282384634,0.8891443610191345,0.2190362960100174,0.7735698223114014,0.1447409987449646,0.0,0.9764387011528016,0.6154602766036987,0.7894472479820251,0.5498745441436768,0.0,0.6227061152458191,0.4330650866031647,0.650291383266449,0.0,0.7687731981277466,0.3664319217205047,0.8755325675010681,0.7736254930496216,0.7572845816612244,0.1042589992284774,0.0,0.6803931593894958,0.0,0.7546233534812927,0.2143528759479522,0.6782999634742737,0.1449697017669677,0.5768164396286011,0.6260644793510437,0.0,0.0,0.2637591958045959,0.0,0.0125205991789698,0.8370646238327026,0.0,0.067731998860836,0.7550944089889526,0.909720778465271,0.0734409093856811,0.0,0.019841443747282,0.0,0.7735416889190674,0.0,0.4276350140571594,0.9861393570899964,0.0,0.6795758605003357,0.9113123416900636,0.8174360990524292,0.5545809268951416,0.6575505137443542,0.5694918036460876,0.7146633863449097,0.0,0.6226803064346313,0.8917041420936584,0.0668605789542198,0.8099386096000671,0.8324257135391235,0.0,0.5920844078063965,0.6765866279602051,0.8372573256492615,0.4491707980632782,0.645723819732666,0.5956423282623291,0.7697142958641052
3129,0.0,0.0,0.0,0.0,0.0,0.0,0.0,0.0,0.0,0.0,0.0,0.0,0.0,0.0,0.0,0.0,0.0,0.0905106663703918,0.0,0.0,0.0,0.0,0.0,0.0,0.0,0.0,0.0,0.0,0.0,0.0,0.0,0.0,0.0,0.0,0.5739740133285522,0.0,0.0,0.0,0.0,0.0,0.0,0.0,0.0,0.0,0.0,0.0,0.0,0.0,0.0,0.0,0.0,0.0,0.0,0.0,0.0,0.0,0.0,0.0,0.0,0.0,0.0,0.0,0.0,0.0,0.0,0.0,0.0,0.0,0.0,0.0,0.0,0.0,0.0,0.0,0.0,0.0,0.0,0.0,0.0,0.0,0.0,0.0,0.0,0.0,0.0,0.0,0.0,0.0,0.0,0.0,0.0,0.0,0.0,0.0,0.0,0.0,0.0,0.0,0.0,0.0,0.0,0.0,0.0,0.0,0.0,0.0,0.0,0.0,0.0,0.0,0.0,0.0,0.0,0.0,0.0,0.0,0.0,0.0,0.0,0.0,0.0,0.0,0.0,0.0,0.0,0.0,0.0,0.1336411535739898
3132,0.1664262861013412,0.1517346054315567,0.1976335346698761,0.2259541004896164,0.0296449419111013,0.0,0.2452516257762909,0.0,0.0,0.0,0.2747054398059845,0.0,0.0,0.1790657788515091,0.0695572718977928,0.0,0.0,0.0,0.2147321701049804,0.159760981798172,0.0,0.0,0.1665319204330444,0.2250661849975586,0.1631410717964172,0.0,0.1178901046514511,0.1928303688764572,0.2166069447994232,0.1306279450654983,0.0,0.1953067630529403,0.1629294902086258,0.1591608971357345,0.2031680345535278,0.0,0.0,0.2646094560623169,0.2252629101276397,0.2943206429481506,0.0,0.2008253186941146,0.0,0.0440762042999267,0.1050642803311348,0.0,0.1279109120368957,0.0,0.1964204311370849,0.0,0.0,0.2572883665561676,0.0,0.2281311005353927,0.2534467875957489,0.0,0.0941144973039627,0.4109413921833038,0.0,0.0,0.0,0.0993227213621139,0.0,0.2539955079555511,0.0,0.2796186506748199,0.0,0.0,0.0,0.0,0.2600082159042358,0.1721151024103164,0.2792806923389435,0.0,0.2920668423175812,0.0,0.2235676944255828,0.0,0.1374429911375045,0.0,0.0,0.0,0.0,0.2198209017515182,0.0,0.0738082006573677,0.0,0.0,0.1431927233934402,0.0537084415555,0.0,0.2585560083389282,0.3341579139232635,0.0,0.2672126293182373,0.0,0.1931606978178024,0.2653670012950897,0.0,0.1431009173393249,0.2285175919532776,0.3196357488632202,0.2890966534614563,0.0,0.0,0.0,0.0,0.0,0.2010769248008728,0.0,0.0,0.1566745191812515,0.0,0.1442255973815918,0.0,0.3825724720954895,0.2290182560682296,0.0804304182529449,0.0,0.0,0.1583668291568756,0.2480145841836929,0.2070192247629165,0.220382273197174,0.3962469100952148,0.0,0.2548743188381195,0.2104119211435318
3133,0.1314700841903686,0.0,0.0,0.0,0.0322745814919471,0.0853648409247398,0.0,0.0471695363521575,0.0,0.0918158441781997,0.0,0.0,0.1510802507400512,0.0706473663449287,0.0,0.0769957825541496,0.1197656244039535,0.1835994124412536,0.0288946516811847,0.199662834405899,0.0,0.0,0.0,0.0588950552046299,0.0714622437953949,0.0,0.0,0.0,0.1029934138059616,0.0603553690016269,0.0,0.0766937360167503,0.0667974948883056,0.1069993004202842,0.0,0.0,0.0,0.1029422059655189,0.0,0.0,0.0,0.0383035577833652,0.1125216633081436,0.0723343342542648,0.0852720066905021,0.2525865435600281,0.0090190982446074,0.08291757106781,0.0,0.0,0.1193754598498344,0.0,0.0425449982285499,0.0,0.0569295473396778,0.0,0.1151426210999488,0.0458084121346473,0.0,0.0,0.0,0.1052832007408142,0.0,0.0395598970353603,0.0,0.0,0.0967640355229377,0.0,0.1048508733510971,0.1451708823442459,0.0,0.2129472196102142,0.0,0.0,0.0,0.0536394603550434,0.0,0.0,0.0,0.0,0.0,0.0,0.0,0.2004606425762176,0.0,0.0944551602005958,0.0105527397245168,0.0,0.0860731974244117,0.0,0.0,0.0,0.0953390970826149,0.0,0.0,0.0,0.0432574152946472,0.0,0.0,0.1875373274087906,0.0588626451790332,0.0,0.0,0.0,0.0804831162095069,0.0195302758365869,0.0299270004034042,0.0,0.0,0.0,0.0,0.1069725230336189,0.0,0.0382114797830581,0.0,0.0,0.009887171909213,0.0,0.0,0.0999766141176223,0.0240116547793149,0.0,0.0,0.0762074366211891,0.0,0.0,0.0245392527431249,0.2005553245544433
3134,0.0,0.0,0.0,0.0,0.0,0.0,0.0,0.0,0.0,0.0,0.0,0.0,0.0,0.0,0.0,0.0,0.0,0.0,0.0,0.0,0.0,0.0,0.0,0.0,0.0,0.0,0.0,0.0,0.0,0.0,0.0,0.0,0.0,0.0,0.0,0.0,0.0,0.0,0.0,0.0,0.0,0.0,0.0,0.0,0.0,0.0,0.0,0.0,0.0,0.0,0.0,0.0,0.0,0.0,0.0,0.0,0.0,0.0,0.0,0.0,0.0,0.0,0.0,0.0,0.0,0.0,0.0,0.0,0.0,0.0,0.0,0.0,0.0,0.0,0.0,0.0,0.0,0.0,0.0,0.0,0.0,0.0,0.0,0.0,0.0,0.0,0.0,0.0,0.0,0.0,0.0,0.0,0.0,0.0,0.0,0.0,0.0,0.0,0.0,0.0,0.0,0.0,0.0,0.0,0.0,0.0,0.0,0.0,0.0,0.0,0.0,0.0,0.0,0.0,0.0,0.0,0.0,0.0,0.0,0.0,0.0,0.0,0.0,0.0,0.0,0.0,0.0,0.0
3142,0.0,0.0,0.0,0.0,0.0,0.0,0.0,0.0,0.0,0.0,0.0,0.0,0.0,0.0,0.0,0.0,0.0,0.0,0.0,0.0,0.0,0.0,0.0,0.0,0.0,0.0,0.0,0.0,0.0,0.0,0.0,0.0,0.0,0.0,0.0,0.0,0.0,0.0,0.0,0.0,0.0,0.0,0.0,0.0,0.0,0.0,0.0,0.0,0.0,0.0,0.0,0.0,0.0,0.0,0.0,0.0,0.0,0.0,0.0,0.0,0.0,0.0,0.0,0.0,0.0,0.0,0.0,0.0,0.0,0.0,0.0,0.0,0.0,0.0,0.0,0.0,0.0,0.0,0.0,0.0,0.0,0.0,0.0,0.0,0.0,0.0,0.0,0.0,0.0,0.0,0.0,0.0,0.0,0.0,0.0,0.0,0.0,0.0,0.0,0.0,0.0,0.0,0.0,0.0,0.0,0.0,0.0,0.0,0.0,0.0,0.0,0.0,0.0,0.0,0.0,0.0,0.0,0.0,0.0,0.0,0.0,0.0,0.0,0.0,0.0,0.0,0.0,0.0
3143,0.0,0.0,0.0,0.0,0.0,0.0,0.0,0.2184142917394638,0.0,0.0651567950844764,0.0,0.0,0.1352614164352417,0.0935007035732269,0.0,0.0,0.0,0.0386124551296234,0.0,0.2023811191320419,0.0,0.0953067019581794,0.0,0.0700607150793075,0.004275482147932,0.0,0.0,0.0,0.0701907500624656,0.0811696276068687,0.0,0.0828142240643501,0.0,0.0646604746580123,0.0,0.0424588695168495,0.0,0.0213085655122995,0.0,0.033507727086544,0.0,0.0,0.0,0.0497877560555934,0.0164487212896347,0.0,0.024421339854598,0.0900379419326782,0.044936005026102,0.1053244844079017,0.0,0.0,0.0,0.0,0.0,0.0,0.1153031438589096,0.0,0.0492380894720554,0.0,0.0,0.0,0.026228254660964,0.0096761574968695,0.0,0.0184067972004413,0.0,0.0,0.0509763769805431,0.0,0.0,0.1295726746320724,0.0,0.1289735585451126,0.1390895694494247,0.0236223880201578,0.0,0.0,0.0,0.0,0.0,0.0,0.0,0.1324370056390762,0.0,0.0,0.0,0.0,0.0,0.0,0.0,0.0,0.0281891450285911,0.0,0.0724795013666153,0.0,0.1103741973638534,0.0,0.0,0.0,0.0214065350592136,0.0,0.0,0.0595837533473968,0.0,0.0,0.013628558255732,0.0,0.0,0.0,0.0,0.1042599007487297,0.0,0.0,0.0,0.0,0.2637475430965423,0.0755787640810012,0.0,0.1496013700962066,0.0,0.0,0.0,0.0351262837648391,0.0,0.0,0.0,0.1499229371547699
3147,0.0,0.0,0.0,0.0,0.0,0.0,0.0,0.0,0.0,0.0,0.0,0.0,0.0,0.0,0.0,0.0,0.0,0.0,0.0,0.0,0.0,0.0,0.0,0.0,0.0,0.0,0.0,0.0,0.0,0.0,0.0,0.0,0.0,0.0,0.0,0.0,0.0,0.0,0.0,0.0,0.0,0.0,0.0,0.0,0.0,0.0,0.0,0.0,0.0,0.0,0.0,0.0,0.0,0.0,0.0,0.0,0.0,0.0,0.0,0.0,0.0,0.0,0.0,0.0,0.0,0.0,0.0,0.0,0.0,0.0,0.0,0.0,0.0,0.0,0.0,0.0,0.0,0.0,0.0,0.0,0.0,0.0,0.0,0.0,0.0,0.0,0.0,0.0,0.0,0.0,0.0,0.0,0.0,0.0,0.0,0.0,0.0,0.0,0.0,0.0,0.0,0.0,0.0,0.0,0.0,0.0,0.0,0.0,0.0,0.0,0.0,0.0,0.0,0.0,0.0,0.0,0.0,0.0,0.0,0.0,0.0,0.0,0.0,0.0,0.0,0.0,0.0,0.0
3149,0.0,0.0,0.418164998292923,0.3077170252799988,0.0,0.0,0.2081415057182312,0.5505474805831909,0.0,0.0,0.4664449989795685,0.0,0.0,0.0439594984054565,0.0,0.0,0.3433979749679565,0.0,0.0,0.0,0.7786495089530945,0.0,0.7844280004501343,0.4105289876461029,0.4278619885444641,0.4423060119152069,0.1982724964618683,0.0,0.0,0.280410498380661,0.3529635071754455,0.8035135269165039,0.9120534658432008,0.3356800079345703,0.212737500667572,0.0,0.2058179974555969,0.9403355121612548,0.0,0.3169944882392883,0.0,0.4752280116081238,0.3176940083503723,0.0,0.5972900390625,0.0,0.274507999420166,0.3895359933376312,0.4952595233917236,0.0,0.0,0.1904990077018737,0.3361094892024994,0.3478034734725952,0.0,0.4207009971141815,0.070152997970581,0.2131160050630569,0.0,0.6098304986953735,0.0,0.6392800211906433,0.8404649496078491,0.0,0.0,0.4276729822158813,0.0,0.3950989842414856,0.4622474908828735,0.0,0.2216619998216629,0.1511304974555969,0.2936620116233825,0.239062488079071,0.8152415156364441,0.0,0.2761200070381164,0.4906229972839355,0.3830125033855438,0.0,0.2220394909381866,0.2592020034790039,0.5519825220108032,0.375095009803772,0.0,0.1865945011377334,0.4504694938659668,0.9407899975776672,0.540900468826294,0.2451840043067932,0.392515480518341,0.373182475566864,0.6697194576263428,0.4855029881000519,0.2008669972419738,0.3889870047569275,0.3098390102386474,0.0,0.2748395204544067,0.2445704936981201,0.3461449742317199,0.3849765062332153,0.9880409836769104,0.7527095079421997,0.6379939913749695,0.4531899988651275,0.283220499753952,0.0,0.6417385339736938,0.4791554808616638,0.0,0.6206480264663696,0.100843496620655,0.2267664968967437,0.7722910046577454,0.0581874996423721,0.1827679872512817,0.4051350057125091,0.4017519950866699,0.0,0.4075084924697876,0.0,0.2312265038490295,0.7015010118484497,0.2373855113983154,0.329721987247467,0.0,0.5076825022697449
3155,0.0,0.0,0.0,0.0,0.0,0.0,0.0350507833063602,0.0,0.0,0.0,0.0,0.0,0.1245228126645088,0.1547982543706894,0.0,0.0,0.0,0.0,0.0,0.0,0.0,0.0,0.1090643480420112,0.0,0.0,0.0,0.0,0.0,0.0,0.0,0.0,0.0,0.0,0.0,0.0,0.0,0.0,0.0,0.0,0.2244029492139816,0.0,0.0,0.0144389485940337,0.0,0.0,0.0,0.0,0.0,0.0,0.1698803007602691,0.0,0.0,0.2166696339845657,0.0,0.0,0.052603792399168,0.0,0.0417886823415756,0.0,0.0,0.0,0.0,0.0,0.0,0.0817318186163902,0.0,0.2118274718523025,0.0,0.025772575289011,0.0,0.0,0.0,0.0,0.1188707202672958,0.0,0.1365784704685211,0.0,0.0,0.0430905558168888,0.0,0.0,0.0,0.3175704181194305,0.0,0.0,0.0,0.0,0.0,0.0,0.1948163509368896,0.0,0.0,0.0,0.2057228982448578,0.0,0.0279008317738771,0.0,0.0,0.0,0.0,0.0257294122129678,0.0,0.0,0.0,0.0,0.0154235986992716,0.0,0.0,0.0,0.0,0.0,0.1395263373851776,0.3044164776802063,0.0,0.1748192310333252,0.0,0.0,0.0,0.1167454347014427,0.0,0.0,0.1552044153213501,0.0,0.0,0.0,0.0,0.0,0.0
3156,0.0,0.0,0.0,0.0,0.0,0.0,0.0,0.0,0.0,0.0,0.0,0.0,0.0,0.0,0.0,0.0,0.0,0.0,0.0,0.0,0.0,0.0,0.0,0.0,0.0,0.0,0.0,0.0,0.0,0.0,0.0,0.0,0.0,0.0,0.0,0.0,0.0,0.0,0.0,0.0,0.0,0.0634438395500183,0.0,0.0,0.0,0.0,0.0,0.0,0.0,0.0,0.0,0.0,0.0,0.0,0.0266471114009618,0.0,0.0,0.0,0.0,0.0,0.030426999554038,0.0,0.0,0.0,0.0,0.0,0.0,0.0,0.0,0.0,0.0,0.0,0.0,0.0,0.0,0.0,0.0,0.0,0.0,0.0,0.0,0.0,0.0,0.0,0.0,0.0,0.0,0.0,0.0,0.0,0.0,0.0,0.0,0.0,0.0,0.0,0.0,0.0,0.0,0.0,0.0,0.0,0.0,0.0,0.0,0.0,0.0,0.0,0.0,0.0,0.0,0.0,0.0,0.0,0.0,0.0,0.0,0.0,0.0,0.0,0.9856826066970824,0.0,0.0,0.0824885740876197,0.0,0.0,0.0,0.0
3160,0.0,0.0,0.0,0.0,0.0,0.0,0.0,0.0,0.0,0.0,0.0,0.0,0.0,0.0,0.0,0.0,0.0,0.0,0.0,0.0,0.0,0.0,0.0,0.0,0.0,0.0,0.0,0.0,0.0,0.0,0.0,0.0,0.0,0.0,0.0,0.0,0.0,0.0,0.0,0.0,0.0,0.0,0.0,0.0,0.0,0.0,0.0,0.0,0.0,0.0,0.0,0.0,0.0,0.0,0.0,0.0,0.0,0.0,0.0,0.0,0.0,0.0,0.0,0.0,0.0,0.0,0.0,0.0,0.0,0.0,0.0,0.0,0.0,0.0,0.0,0.0,0.0,0.0,0.0,0.0,0.0,0.0,0.0,0.0,0.0,0.0,0.0,0.0,0.0,0.0,0.0,0.0,0.0,0.0,0.0,0.0,0.0,0.0,0.0,0.0,0.0,0.0,0.0,0.0,0.0,0.0,0.0,0.0,0.0,0.0,0.0,0.0,0.0,0.0,0.0,0.0,0.0,0.0,0.0,0.0,0.0,0.0,0.0,0.0,0.0,0.0,0.0,0.0
3161,0.0,0.0,0.0,0.0,0.0,0.0,0.0,0.0,0.0,0.558292031288147,0.0,0.0,0.0,0.0,0.0,0.0,0.608844518661499,0.0,0.3800293207168579,0.0,0.8318480253219604,0.9376932978630066,0.956668496131897,0.8129029870033264,0.8612416982650757,0.9961534738540648,0.94377338886261,0.0,0.9085230231285096,0.9191699028015136,0.9998940229415894,0.0,0.6179020404815674,0.8468170166015625,0.9743855595588684,0.8549655675888062,0.9508647918701172,0.8661796450614929,0.0,0.9998754858970642,0.829960823059082,0.7809027433395386,0.9599213600158693,0.926381528377533,0.0,0.8379873037338257,0.9193750619888306,0.0,0.5237406492233276,0.9702463150024414,0.9956545829772948,0.8902046084403992,0.8305597901344299,1.0,0.9249410033226012,0.9409890174865724,0.999194324016571,0.99150550365448,0.9654580354690552,0.9617897272109984,0.9820367097854614,0.9903415441513062,0.9639019966125488,0.0,0.9994484782218932,0.9673052430152892,0.0,0.9971389770507812,0.9870192408561708,0.618465006351471,0.0,0.9530092477798462,0.946690022945404,0.7936259508132935,0.7576262354850769,0.9969900250434875,0.7544384598731995,0.9877084493637084,0.9660184383392334,0.9903988242149352,0.9977060556411744,0.9730427265167236,0.6617046594619751,0.0,0.0,0.8708732724189758,0.8743256330490112,0.7617050409317017,0.9856056571006776,0.9909452199935912,0.0,0.9259710311889648,0.0,0.0,0.0,0.9223190546035768,0.9822022914886476,0.0,0.7678779363632202,0.9262474775314332,0.2288643419742584,0.9986940026283264,0.9780386090278624,0.9713475108146667,0.831794023513794,0.8782173991203308,0.7478623390197754,0.9994033575057985,0.9576796889305116,0.8807806968688965,0.923149585723877,0.8570587038993835,0.0,0.9625189900398254,0.9173373579978944,0.0242256671190261,0.8535611629486084,0.9821414947509766,0.9920095205307008,0.0,0.953568696975708,0.9969993829727172,0.6652693748474121,0.9654619693756104,0.8319148421287537,0.9818382263183594,0.9386812448501588,0.0
3165,0.0,0.0,0.0,0.0,0.0,0.0,0.0,0.0,0.0,0.0,0.0,0.0,0.0,0.0,0.0,0.0,0.0,0.0,0.0,0.0,0.0,0.0,0.0,0.0,0.0,0.0,0.0,0.0,0.0,0.0,0.0,0.0,0.0,0.0,0.0,0.0,0.0,0.0,0.0,0.0,0.0,0.3120969831943512,0.0,0.0,0.0,0.0,0.0,0.0,0.0,0.0,0.0,0.0,0.1522132009267807,0.0,0.0,0.0,0.0,0.0,0.0727740004658699,0.0,0.0,0.0,0.0,0.0,0.0,0.0,0.0,0.0,0.0,0.0,0.0,0.0,0.0,0.0,0.0,0.0,0.0,0.0,0.0862115025520324,0.0,0.0,0.0,0.0,0.0,0.0,0.0,0.0,0.0,0.0,0.0,0.0,0.0,0.0,0.0,0.0,0.0,0.0,0.0,0.0,0.0,0.0,0.0,0.0,0.0,0.0,0.0,0.0,0.0,0.0,0.0,0.0,0.0,0.0,0.0,0.0,0.0,0.0,0.0,0.0,0.0,0.0,0.0,0.0,0.0,0.0,0.0,0.0,0.0
3168,0.0,0.0,0.0,0.0,0.0,0.0,0.0,0.0,0.0,0.0,0.0,0.0,0.0,0.0,0.0,0.0,0.0,0.0,0.0,0.0,0.0,0.0,0.0,0.0,0.0,0.0,0.0,0.0,0.0,0.0,0.0,0.0,0.0,0.0,0.0,0.0,0.0,0.0,0.0,0.0,0.0,0.0,0.0,0.0,0.0,0.0,0.0,0.0,0.0,0.0,0.0,0.0,0.0,0.0,0.0,0.0,0.0,0.0,0.0,0.0,0.0,0.0,0.0,0.0,0.0,0.0,0.0,0.0,0.0,0.0,0.0,0.0,0.0,0.0,0.0,0.0,0.0,0.0,0.0,0.0,0.0,0.0,0.0,0.0,0.0,0.0,0.0,0.0,0.0,0.0,0.0,0.0,0.0,0.0,0.0,0.0,0.0,0.0,0.0,0.0,0.0,0.0,0.0,0.0,0.0,0.0,0.0,0.0,0.0,0.0,0.0,0.0,0.0,0.0,0.0,0.0,0.0,0.0,0.0,0.0,0.0,0.0,0.0,0.0,0.0,0.0,0.0,0.0
3172,0.0,0.0,0.0,0.0,0.0,0.0,0.0,0.0,0.0,0.0,0.0,0.0,0.0,0.0,0.0,0.0,0.0,0.0,0.0,0.0,0.0,0.0,0.0,0.0,0.0,0.0,0.0,0.0,0.0,0.0,0.0,0.0,0.0,0.0,0.0,0.0,0.0,0.0,0.0,0.0,0.0,0.0,0.0,0.0,0.0,0.0,0.0,0.0,0.0,0.0,0.0,0.0,0.0,0.0,0.0,0.0,0.0,0.0,0.0,0.0,0.0,0.0,0.0,0.0,0.0,0.0,0.0,0.0,0.0,0.0,0.0,0.0,0.0,0.0,0.0,0.0,0.0,0.0,0.0,0.0,0.0,0.0,0.0,0.0,0.0,0.0,0.0,0.0,0.0,0.0,0.0,0.0,0.0,0.0,0.0,0.0,0.0,0.0,0.0,0.0,0.0,0.0,0.0,0.0,0.0,0.0,0.0,0.0,0.0,0.0,0.0,0.0,0.0,0.0,0.0,0.0,0.0,0.0,0.0,0.0,0.0,0.0,0.0,0.0,0.0,0.0,0.0,0.0
3173,0.0,0.0,0.0,0.0,0.0,0.0,0.0,0.0,0.0,0.0,0.0,0.0,0.0,0.0,0.0,0.0,0.0,0.0,0.0,0.0,0.0,0.0,0.0,0.0,0.0,0.0,0.0,0.0,0.0,0.0,0.0,0.0,0.0,0.0,0.0,0.0,0.0,0.0,0.0,0.0,0.0,0.0,0.0,0.0,0.0,0.0,0.0,0.0,0.0,0.0,0.0,0.0,0.0,0.0,0.0,0.0,0.0,0.0,0.0,0.0,0.0,0.0,0.0,0.0,0.0,0.0,0.0,0.0,0.0,0.0,0.0,0.0,0.0,0.0,0.0,0.0,0.0,0.0,0.0,0.0,0.0,0.0,0.0,0.0,0.0,0.0,0.0,0.0,0.0,0.0,0.0,0.0,0.0,0.0,0.0,0.0,0.0,0.0,0.0,0.0,0.0,0.0,0.0,0.0,0.0,0.0,0.0,0.0,0.0,0.0,0.0,0.0,0.0,0.0,0.0,0.0,0.0,0.0,0.0,0.0,0.0,0.0,0.0,0.0,0.0,0.0,0.0,0.0
3179,0.0,0.2053052932024002,0.1096630096435546,0.1031259074807167,0.0,0.0422934889793396,0.0945913717150688,0.0475916303694248,0.2939661741256714,0.0852575674653053,0.2406572103500366,0.2857644855976105,0.0,0.0,0.1121526733040809,0.0488900877535343,0.0444382242858409,0.0,0.0,0.0921902135014534,0.0464083440601825,0.3731944262981415,0.0179599523544311,0.1946701258420944,0.0325480587780475,0.0486305765807628,0.1408357620239257,0.0,0.0224427711218595,0.0856808722019195,0.0680998936295509,0.0,0.0,0.0777188539505004,0.20563605427742,0.044508833438158,0.030622636899352,0.0984928011894226,0.0412580929696559,0.0317583866417408,0.0,0.0,0.1428153663873672,0.2233316004276275,0.0239408407360315,0.0295574739575386,0.1726825833320617,0.0,0.0647583678364753,0.0494168996810913,0.0565712675452232,0.222841665148735,0.1047455295920372,0.269709825515747,0.1922614574432373,0.0,0.1020595729351043,0.0692812502384185,0.2449281513690948,0.0,0.2234175354242324,0.1359943747520446,0.0,0.0886025056242942,0.015506524592638,0.0190070439130067,0.213581696152687,0.0,0.0,0.192785769701004,0.0598936453461647,0.0,0.1862983554601669,0.0,0.0,0.0,0.0,0.1670580357313156,0.0552249625325202,0.0246096085757017,0.1531922668218612,0.0051776804029941,0.2134330123662948,0.2039183527231216,0.0658793076872825,0.0474029704928398,0.0774966701865196,0.0,0.0904980152845382,0.0,0.0604030229151248,0.0421554371714592,0.0,0.0,0.1043499857187271,0.2723873853683471,0.0348585955798625,0.0,0.2146610915660858,0.0,0.0,0.0419833995401859,0.1110510304570198,0.1940930038690567,0.0360650010406971,0.0,0.0052858525887131,0.0825576409697532,0.0320395790040493,0.0136374328285455,0.0145818889141082,0.0,0.0,0.0,0.0,0.0,0.0,0.065272718667984,0.0289026256650686,0.0,0.0495713874697685,0.0,0.1748102754354477,0.0,0.0,0.1435268819332122,0.1845566779375076,0.0217521451413631
3181,0.9432886838912964,0.0134327681735157,0.2565568387508392,0.0113314250484108,0.0798983946442604,0.0,0.227060005068779,0.020569747313857,0.8621272444725037,0.0212571062147617,0.0773777514696121,0.0772284418344497,0.5071984529495239,0.0833811983466148,0.0120308799669146,0.0112280398607254,0.2553436756134033,0.1058132573962211,0.0837311074137687,0.0345565304160118,0.0,0.8167529106140137,0.3175436556339264,0.2776156663894653,0.5454001426696777,0.7564898133277893,0.0,0.6314741969108582,0.5242210030555725,0.0560385659337043,0.4679511487483978,0.1484357118606567,0.6502104997634888,0.624980628490448,0.6900896430015564,0.0224556848406791,0.366655170917511,0.4901372790336609,0.128950610756874,0.3317148983478546,0.7226604223251343,0.611358642578125,0.0426763594150543,0.0457605421543121,0.590543270111084,0.0969021767377853,0.0,0.0818897783756256,0.6807781457901001,0.0481874234974384,0.7621129751205444,0.7491653561592102,0.2254642695188522,0.2658223807811737,0.1338031589984893,0.0,0.5922316312789917,0.0755330324172973,0.2992737591266632,0.8076144456863403,0.4666854739189148,0.1081457659602165,0.0118061602115631,0.3252736032009125,0.3887721598148346,0.4647870063781738,0.148111417889595,0.0209388509392738,0.072767324745655,0.045820228755474,0.2978282272815704,0.1278326362371444,0.3412284553050995,0.6725144982337952,0.2563099861145019,0.0347858257591724,0.0161804538220167,0.0555909536778926,0.3211407661437988,0.3160868883132934,0.1619891971349716,0.7010008692741394,0.0741011723875999,0.0811281502246856,0.0334231741726398,0.1045530214905738,0.0843436941504478,0.6876534819602966,0.0,0.7593889236450195,0.0660510584712028,0.0124281188473105,0.6164754033088684,0.6123222708702087,0.700297474861145,0.6444081664085388,0.101091556251049,0.737148106098175,0.0649136826395988,0.1672989726066589,0.7160218358039856,0.7442134022712708,0.4257910251617431,0.4362658858299255,0.3411435186862945,0.0455414913594722,0.1259602606296539,0.6454458832740784,0.0382544919848442,0.6317300200462341,0.0887672826647758,0.5120614171028137,0.0,0.0867567509412765,0.438591718673706,0.7267848253250122,0.0801715552806854,0.1152724474668502,0.056059144437313,0.0766175985336303,0.1243290901184082,0.0635137483477592,0.6498016119003296,0.0843973308801651,0.5154589414596558,0.0054797870106995,0.4068042933940887,0.0174837727099657
3183,0.0,0.0,0.0,0.0,0.0,0.0,0.0,0.0,0.0,0.0,0.0,0.0,0.0,0.0,0.0,0.0,0.0,0.0,0.0,0.0,0.0,0.0,0.0,0.0,0.0,0.0,0.0,0.0,0.0,0.0,0.0,0.0,0.0,0.0,0.0,0.0,0.0,0.0,0.0,0.0,0.0,0.0,0.0,0.0,0.0,0.0,0.0,0.0,0.0,0.0,0.0,0.0,0.0,0.0,0.0,0.0,0.0,0.0,0.0,0.0,0.0,0.0,0.0,0.0,0.0,0.0,0.0,0.0,0.0,0.0,0.0,0.0,0.0,0.0,0.0,0.0,0.0,0.0,0.0,0.0,0.0,0.0,0.0,0.0,0.0,0.0,0.0,0.0,0.0,0.0,0.0,0.0,0.0,0.0,0.0,0.0,0.0,0.0,0.0,0.0,0.0,0.0,0.0,0.0,0.0,0.0,0.0,0.0,0.0,0.0,0.0,0.0,0.0,0.0,0.0,0.0,0.0,0.0,0.0,0.0,0.0,0.0,0.0,0.0,0.0,0.0,0.0,0.0
3187,0.0626024082303047,0.0,0.0,0.0,0.0,0.075528010725975,0.0,0.2591136395931244,0.0,0.047097772359848,0.0,0.0,0.0,0.064370572566986,0.0,0.0638804659247398,0.0,0.0506159327924251,0.0203720834106206,0.0,0.0,0.082423061132431,0.0,0.0,0.0,0.0,0.0,0.0,0.0663318559527397,0.0,0.0,0.0623473078012466,0.0,0.1631348580121994,0.0,0.1261277645826339,0.0,0.017099754884839,0.0,0.050803255289793,0.1742348372936248,0.0,0.1242054551839828,0.0,0.0674676895141601,0.1191268637776374,0.1008525118231773,0.0937404930591583,0.2533467411994934,0.0,0.0,0.1014686003327369,0.0,0.0,0.0,0.0,0.0,0.0,0.0314571112394332,0.0,0.0,0.0,0.0,0.0,0.0,0.0,0.0,0.0,0.0550563745200634,0.0949490889906883,0.0649807825684547,0.1464530825614929,0.0,0.159069150686264,0.142424464225769,0.0,0.0,0.179227203130722,0.0,0.0,0.0,0.1507319211959839,0.0,0.1557333767414093,0.0392390675842762,0.0,0.0646820366382598,0.0,0.0,0.0,0.0576207600533962,0.0,0.0,0.0,0.0,0.1130322590470314,0.0,0.0,0.0,0.2604958713054657,0.0757308527827262,0.0,0.0,0.0,0.0981052964925766,0.0,0.0207009483128786,0.0,0.0195351522415876,0.0,0.0,0.0848199650645256,0.0,0.1464560776948928,0.0,0.0,0.1635727286338806,0.0500045530498027,0.0,0.172417938709259,0.1115918681025505,0.0,0.0,0.0509696044027805,0.0,0.0,0.0,0.0
3191,0.0,0.0,0.0,0.0,0.0,0.0,0.0,0.0,0.0,0.0,0.0,0.0,0.0,0.0,0.0,0.0,0.0,0.0,0.0,0.0,0.0,0.0,0.0,0.0,0.0,0.0,0.0,0.0,0.0,0.0,0.0,0.0,0.0,0.0,0.0,0.0,0.0,0.0,0.0,0.0,0.0,0.0,0.0,0.0,0.0,0.0,0.0,0.0,0.0,0.0,0.0,0.0,0.0,0.0,0.0,0.0,0.0,0.0,0.0,0.0,0.0,0.0,0.0,0.0,0.0,0.0,0.0,0.0,0.0,0.0,0.0,0.0,0.0,0.0,0.0,0.0,0.0,0.0,0.0,0.0,0.0,0.0,0.0,0.0,0.0,0.0,0.0,0.0,0.0,0.0,0.0,0.0,0.0,0.0,0.0,0.0,0.0,0.0,0.0,0.0,0.0,0.0,0.0,0.0,0.0,0.0,0.0,0.0,0.0,0.0,0.0,0.0,0.0,0.0,0.0,0.0,0.0,0.0,0.0,0.0,0.0,0.0,0.0,0.0,0.0,0.0,0.0,0.0
3192,0.0,0.0434782616794109,0.0,0.0,0.0,0.0,0.0,0.0,0.0,0.0,0.0035745240747928,0.0,0.0,0.0,0.0,0.0,0.0,0.0,0.0,0.0134226083755493,0.0382142253220081,0.0,0.0,0.0,0.0,0.0099160913378,0.0,0.0,0.0,0.0,0.0360518507659435,0.0165734998881816,0.075109913945198,0.0,0.0,0.0,0.0,0.0,0.0,0.0,0.0320760421454906,0.0173500869423151,0.0,0.0,0.0,0.0425182394683361,0.0,0.0,0.0,0.0,0.0,0.0,0.0,0.0,0.0,0.0,0.0,0.0,0.0,0.0294096078723669,0.0,0.0,0.0,0.0,0.0,0.0,0.0,0.0,0.0,0.0180317498743534,0.0,0.0,0.0,0.035472709685564,0.0,0.0,0.0019335498800501,0.0,0.0090300953015685,0.0,0.0,0.0,0.0,0.0,0.0,0.0,0.0,0.0,0.0,0.0,0.0,0.0,0.0,0.0,0.0,0.0501441173255443,0.0,0.0,0.0082290833815932,0.0,0.0,0.004820333328098,0.0,0.0,0.0,0.0,0.0,0.0,0.0,0.0,0.0,0.0,0.0,0.0,0.036338273435831,0.0,0.0,0.002604208420962,0.0242143478244543,0.0,0.0,0.0,0.0,0.0,0.0,0.0,0.0048162858001887,0.0165159497410058
3198,0.0,0.0,0.0,0.0,0.0,0.0,0.0,0.0,0.0,0.0,0.0,0.0,0.0,0.0,0.0,0.0,0.0,0.0,0.0,0.0,0.0,0.0,0.0,0.0,0.0,0.0,0.0,0.0,0.0,0.0,0.0,0.0,0.0,0.0,0.0,0.0,0.0,0.0,0.0,0.0,0.0,0.0,0.0,0.0,0.0,0.0,0.0,0.0,0.0,0.0,0.0,0.0,0.0,0.0,0.0,0.0,0.0,0.0,0.0,0.0,0.0,0.0,0.0,0.0,0.0,0.0,0.0,0.0,0.0,0.0,0.0,0.0,0.0,0.0,0.0,0.0,0.0,0.0,0.0,0.0,0.0,0.0,0.0,0.0,0.0,0.0,0.0,0.0,0.0,0.0,0.0,0.0,0.0,0.0,0.0,0.0,0.0,0.0,0.0,0.0,0.0,0.0,0.0,0.0,0.0,0.0,0.0,0.0,0.0,0.0,0.0,0.0,0.0,0.0,0.0,0.0,0.0,0.0,0.0,0.0,0.0,0.0,0.0,0.0,0.0,0.0,0.0,0.0
3204,0.1961501091718673,0.1790195405483245,0.0,0.0,0.1389584690332412,0.0,0.2125273942947387,0.3134530186653137,0.0,0.0,0.0,0.0648168846964836,0.1647921949625015,0.0,0.087638184428215,0.1046641916036605,0.1564553081989288,0.0,0.1000000014901161,0.0,0.1074679344892501,0.0,0.1450886130332946,0.0,0.19633150100708,0.2130634039640426,0.0,0.2072357237339019,0.0,0.2026597112417221,0.247307002544403,0.1147660389542579,0.2285840213298797,0.1125896349549293,0.0,0.0,0.1463789343833923,0.204436719417572,0.2364843785762787,0.1983131468296051,0.0,0.1802292615175247,0.2339294403791427,0.0268524438142776,0.1976426392793655,0.1203207522630691,0.1803788244724273,0.1879587173461914,0.1420075446367263,0.1547819375991821,0.1730785518884658,0.0,0.2972037494182586,0.257693886756897,0.2816987037658691,0.0,0.188084527850151,0.3235482275485992,0.0,0.1748131811618805,0.0764478519558906,0.0953351706266403,0.0,0.263362318277359,0.067990556359291,0.2862172126770019,0.2992699146270752,0.1021362245082855,0.2857269942760467,0.0,0.0646639987826347,0.2009080797433853,0.02773417532444,0.1020758971571922,0.1719705015420913,0.1932184994220733,0.2325065732002258,0.1001860052347183,0.0,0.2162292152643203,0.0258788038045167,0.2935057878494262,0.0,0.1102883666753768,0.2030449360609054,0.1134855151176452,0.403403103351593,0.1478910893201828,0.0,0.0,0.0794657245278358,0.1892145276069641,0.1988134682178497,0.0963626056909561,0.0,0.2362949550151825,0.1814997792243957,0.1632060408592224,0.0,0.1893004029989242,0.144117847084999,0.0,0.1605473607778549,0.1492009758949279,0.2675285935401916,0.2247552573680877,0.1491678655147552,0.2256481796503067,0.0,0.0,0.16552734375,0.1540724337100982,0.328519344329834,0.170325756072998,0.2047547399997711,0.1644824743270874,0.2035303860902786,0.1667134314775467,0.1953077912330627,0.1349824368953704,0.2583582997322082,0.1848213970661163,0.0,0.0,0.175849363207817,0.0,0.2116805762052536,0.1062609031796455
3205,0.0,0.0,0.0,0.0,0.0,0.0,0.0,0.0,0.0,0.0,0.0,0.0,0.0,0.0,0.0,0.0,0.0,0.0,0.0,0.0,0.0,0.0,0.0,0.0,0.0,0.0,0.0,0.0,0.0,0.0,0.0,0.0,0.0,0.0,0.0,0.0,0.0,0.0,0.0,0.0,0.0,0.0,0.0,0.0,0.0,0.0,0.0,0.0,0.0,0.0,0.0,0.0,0.0,0.0,0.0,0.0,0.0,0.0,0.0,0.0,0.0,0.0,0.0,0.0,0.0,0.0,0.0,0.0,0.0,0.0,0.0,0.0,0.0,0.0,0.0,0.0,0.0,0.0,0.0,0.0,0.0,0.0,0.0,0.0,0.0,0.0,0.0,0.0,0.0,0.0,0.0,0.0,0.0,0.0,0.0,0.0,0.0,0.0,0.0,0.0,0.0,0.0,0.0,0.0,0.0,0.0,0.0,0.0,0.0,0.0,0.0,0.0,0.0,0.0,0.0,0.0,0.0,0.0,0.0,0.0,0.0,0.0,0.0,0.0,0.0,0.0,0.0,0.0
3207,0.0,0.0,0.4338760077953338,0.0,0.0,0.7131285071372986,0.0,0.4409046769142151,0.0,0.0,0.0,0.0,0.0,0.0,0.6229247450828552,0.0,0.0,0.0,0.0,0.0,0.0,0.6339426636695862,0.7539591193199158,0.0,0.0,0.0,0.0,0.0,0.0,0.0,0.0,0.0,0.0,0.0,0.2419620603322982,0.0,0.0,0.0,0.0,0.0,0.4358214437961578,0.0,0.2265277653932571,0.0,0.0,0.0,0.0,0.0,0.3024273514747619,0.4075399041175842,0.0,0.0,0.0,0.0,0.6656708121299744,0.0,0.0,0.0,0.0,0.642816960811615,0.0,0.0,0.0,0.3814713656902313,0.0,0.0,0.6785963177680969,0.0,0.0,0.0,0.0,0.0,0.7294548749923706,0.7153348922729492,0.0,0.4425525665283203,0.0,0.0,0.7728902697563171,0.0,0.0,0.6253154277801514,0.0,0.0,0.0,0.0,0.6426429748535156,0.0,0.0,0.0,0.0,0.0,0.1097068414092063,0.645038366317749,0.0,0.0,0.7912694215774536,0.0,0.0,0.7078130841255188,0.3133963346481323,0.0,0.0,0.0,0.2527717053890228,0.0,0.0,0.3979920446872711,0.0,0.0,0.0,0.032255545258522,0.0,0.0,0.0,0.0,0.0,0.4221374988555908,0.5656061768531799,0.0,0.0,0.0,0.6782256364822388,0.0,0.0,0.1052534654736518,0.0,0.6272062659263611
3208,0.0,0.0,0.0,0.0,0.0,0.0,0.0,0.0,0.0,0.0,0.0,0.0,0.0,0.0,0.0,0.0,0.0,0.0,0.0,0.0,0.0,0.0,0.0,0.0,0.0,0.0,0.0,0.0,0.0,0.0,0.0,0.0,0.0,0.0,0.0,0.0,0.0,0.0,0.0,0.0,0.0,0.0,0.0,0.0,0.0,0.0,0.0,0.0,0.0,0.0,0.0,0.0497540906071662,0.0,0.0,0.0,0.0,0.0,0.0,0.0,0.0,0.0,0.0,0.0,0.0,0.0,0.0,0.0,0.0,0.0,0.0,0.0,0.0,0.0,0.0,0.0,0.0,0.0,0.0,0.0,0.0,0.0,0.0,0.0,0.0,0.0,0.0,0.0,0.0,0.0,0.0798584148287773,0.0,0.0,0.0,0.0,0.0,0.0,0.0,0.0,0.0,0.0,0.1103964447975158,0.0,0.0,0.0,0.0,0.0,0.0,0.0,0.0,0.0,0.0,0.0,0.0,0.0,0.0,0.0,0.0,0.0,0.0,0.0,0.0,0.0,0.0,0.0,0.0,0.0,0.0,0.0
3211,0.0,0.0,0.0,0.0,0.0,0.0,0.0,0.0,0.0,0.0,0.0,0.0,0.0,0.0,0.0,0.0,0.0,0.0,0.0,0.0,0.0,0.0,0.0,0.0,0.0,0.0,0.0,0.0,0.0,0.0,0.0,0.0,0.0,0.0,0.0,0.0,0.0,0.0,0.0,0.0,0.0,0.0,0.0,0.0,0.0,0.0,0.0,0.0,0.0,0.0,0.0,0.0,0.0,0.0,0.0,0.0,0.0,0.0,0.0,0.0,0.0,0.0,0.0,0.0,0.0,0.0,0.0,0.0,0.0,0.0,0.0,0.0,0.0,0.0,0.0,0.0,0.0,0.0,0.0,0.0,0.0,0.0,0.0,0.0,0.0,0.0,0.0,0.0,0.0,0.0,0.0,0.0,0.0,0.0,0.0,0.0,0.0,0.0,0.0,0.0,0.0,0.0,0.0,0.0,0.0,0.0,0.0,0.0,0.0,0.0,0.0,0.0,0.0,0.0,0.0,0.0,0.0,0.0,0.0,0.0,0.0,0.0,0.0,0.0,0.0,0.0,0.0,0.0
3212,0.0,0.0,0.0,0.0,0.0,0.0,0.0,0.0,0.0,0.0,0.0,0.0,0.0,0.0,0.0,0.0,0.0649615004658699,0.0,0.0,0.0,0.0538727492094039,0.0,0.0,0.0,0.0,0.0531499981880188,0.0,0.0877175033092498,0.0373837500810623,0.1029104962944984,0.019820250570774,0.0,0.0,0.0,0.0317254997789859,0.0,0.0,0.0,0.0,0.0,0.0,0.0729160010814666,0.0,0.0,0.0,0.0,0.0263999998569488,0.096170499920845,0.0,0.0,0.0837349966168403,0.0,0.0,0.1846397519111633,0.0854635015130043,0.0,0.0,0.0,0.0,0.0,0.0,0.0,0.0,0.0,0.019047999754548,0.0368969999253749,0.0,0.0743497461080551,0.0,0.0,0.0361895002424716,0.0520757511258125,0.0,0.1027325019240379,0.0,0.0,0.1192580014467239,0.0646597519516944,0.0,0.0,0.0,0.0,0.0,0.0,0.0,0.0,0.1137557476758956,0.0,0.0955279991030693,0.0351443365216255,0.0,0.1017797514796257,0.0,0.0,0.1032200008630752,0.0,0.08245400339365,0.0206369999796152,0.0,0.0586844980716705,0.1226662471890449,0.0,0.0723975002765655,0.0,0.0,0.0306097492575645,0.1308120042085647,0.0,0.0427085012197494,0.0,0.1527134925127029,0.0,0.0,0.0936612486839294,0.0,0.0,0.0,0.0,0.0552290007472038,0.0833517462015152,0.2263720035552978,0.0,0.0,0.0,0.1218872517347335,0.0,0.0,0.0
3217,0.0,0.0,0.0,0.0,0.0,0.0,0.0,0.0,0.0,0.0,0.0,0.0,0.0,0.0,0.0,0.0,0.0,0.0,0.0,0.0,0.0,0.0,0.0,0.0,0.0,0.0,0.0,0.0,0.0,0.0,0.0,0.0,0.0,0.0,0.0,0.0,0.0,0.0,0.0,0.0,0.0,0.0,0.0,0.0,0.0,0.0,0.0,0.0,0.0,0.0,0.0,0.0,0.0,0.0,0.0,0.0,0.0,0.0,0.0,0.0,0.0,0.0,0.0,0.0,0.0,0.0,0.0,0.0,0.0,0.0,0.0,0.0,0.0,0.0,0.0,0.0,0.0,0.0,0.0,0.0,0.0,0.0,0.0,0.0,0.0,0.0,0.0,0.0,0.0,0.0,0.0,0.0,0.0,0.0,0.0,0.0,0.0,0.0,0.0,0.0,0.0,0.0,0.0,0.0,0.0,0.0,0.0,0.0,0.0,0.0,0.0,0.0,0.0,0.0,0.0,0.0,0.0,0.0,0.0,0.0,0.0,0.0,0.0,0.0,0.0,0.0,0.0,0.0
3221,0.3261437714099884,0.0,0.0,0.0,0.1921263039112091,0.0,0.1411820650100708,0.0,0.0,0.0,0.0,0.292653739452362,0.0,0.0,0.0,0.0,0.0723544880747795,0.1160358339548111,0.0,0.0,0.0,0.0,0.2451026886701584,0.0,0.0502400957047939,0.1591341644525528,0.0,0.0127884512767195,0.0,0.0,0.1309541314840316,0.1922305226325988,0.0158167295157909,0.1700665801763534,0.2509317398071289,0.0912941023707389,0.1395893394947052,0.1383560299873352,0.2267362177371978,0.0699676573276519,0.1684097200632095,0.0,0.0377145558595657,0.0,0.1128010153770446,0.0,0.303226113319397,0.0626992508769035,0.254648745059967,0.0,0.1455572992563247,0.2023697644472122,0.0,0.0,0.0,0.2174450457096099,0.0,0.0305782593786716,0.1810105592012405,0.3303626775741577,0.0,0.2948073744773865,0.0,0.0,0.0,0.0802294835448265,0.326997697353363,0.0,0.2602627575397491,0.0,0.0940966829657554,0.0,0.0,0.0808246880769729,0.0,0.0,0.0,0.0755674019455909,0.0,0.0,0.0,0.0,0.1866046041250229,0.0,0.0,0.0,0.0,0.2943785190582275,0.1286678165197372,0.0,0.1264636367559433,0.0,0.0737200900912284,0.0,0.2668113708496094,0.1588631719350814,0.0,0.0,0.0,0.2329138070344925,0.155153214931488,0.0,0.0,0.1423096656799316,0.0090126600116491,0.0,0.3083972036838531,0.2033279836177826,0.0,0.0,0.064306803047657,0.0,0.0,0.2070820778608322,0.0,0.0141038568690419,0.0,0.0438952520489692,0.0,0.0111286276951432,0.0,0.0,0.2359990626573562,0.0,0.1493360996246338,0.0,0.1205445528030395,0.0
3224,0.0,0.0,0.0,0.0,0.0,0.0,0.0,0.0,0.0,0.0,0.0,0.0,0.0,0.0,0.0,0.0,0.0,0.0,0.0,0.0,0.0,0.0,0.0,0.0,0.0,0.0,0.0,0.0,0.0,0.0,0.0,0.0,0.0,0.0,0.0,0.0,0.0,0.0,0.0,0.0,0.0,0.0,0.0,0.0,0.0,0.0,0.0,0.0,0.0,0.0,0.0,0.0,0.0,0.0,0.0,0.0,0.0,0.0,0.0,0.0,0.0,0.0,0.0,0.0,0.0,0.0,0.0,0.0,0.0,0.0,0.0,0.0,0.0,0.0,0.0,0.0,0.0,0.0,0.0,0.0,0.0,0.0,0.0,0.0,0.0,0.0,0.0,0.0,0.0,0.0,0.0,0.0,0.0,0.0,0.0,0.0,0.0,0.0,0.0,0.0,0.0,0.0,0.0,0.0,0.0,0.0,0.0,0.0,0.0,0.0,0.0,0.0,0.0,0.0,0.0,0.0,0.0,0.0,0.0,0.0,0.0,0.0,0.0,0.0,0.0,0.0,0.0,0.0
3228,0.0,0.0,0.0,0.0,0.0,0.0,0.0,0.0,0.0,0.0,0.0,0.0,0.0,0.0,0.0,0.0,0.0,0.0,0.0,0.0,0.0,0.0,0.0,0.0,0.0,0.0,0.0,0.0,0.0,0.0,0.0,0.0,0.0,0.0,0.0,0.0,0.0,0.166931003332138,0.0,0.0,0.0,0.0,0.0,0.0,0.0,0.0,0.0,0.0,0.0,0.0,0.0,0.0,0.0,0.0,0.0,0.0,0.0,0.0,0.0,0.0,0.0,0.0,0.0,0.0,0.0,0.0,0.0,0.0,0.0,0.0,0.0,0.0,0.0,0.0,0.0,0.0,0.0,0.0,0.0,0.0,0.0,0.0,0.0,0.0,0.0,0.0,0.0,0.0,0.0,0.0,0.0,0.0,0.0,0.0,0.0,0.0,0.0,0.0,0.0,0.0,0.0,0.0,0.0,0.0,0.0,0.0,0.0,0.0,0.0,0.0,0.0,0.0,0.0,0.0,0.0,0.0,0.0,0.0,0.0,0.0,0.0,0.0,0.0,0.0,0.0,0.0,0.0,0.2984228730201721
3229,0.0,0.0,0.0,0.0,0.0,0.0,0.0,0.0,0.0,0.0,0.0,0.0,0.0,0.0,0.0,0.0,0.0,0.0,0.0,0.0,0.0,0.0,0.0,0.0,0.0,0.0,0.0,0.0,0.0,0.0,0.0,0.0,0.0,0.0,0.0,0.0,0.0,0.0,0.0,0.0,0.0,0.0,0.0,0.0,0.0,0.0,0.0,0.0,0.0,0.0,0.0,0.0,0.0,0.0,0.0,0.0,0.0,0.0,0.0,0.0,0.0,0.0,0.0,0.0,0.0,0.0,0.0,0.0,0.0,0.0,0.0,0.0,0.0,0.0,0.0,0.0,0.0,0.0,0.0,0.0,0.0,0.0,0.0,0.0,0.0,0.0,0.0,0.0,0.0,0.0,0.0,0.0,0.0,0.0,0.0,0.0,0.0,0.0,0.0,0.0,0.0,0.0,0.0,0.0,0.0,0.0,0.0,0.0,0.0,0.0,0.0,0.0,0.0,0.0,0.0,0.0,0.0,0.0,0.0,0.0,0.0,0.0,0.0,0.0,0.0,0.0,0.0,0.0
3231,0.0,0.338221788406372,0.0,0.0,0.0,0.5996704697608948,0.9791245460510254,0.0,0.0,0.0,0.0,0.0,0.0,0.0,0.0,0.0970494970679283,0.0,0.518102765083313,0.9128813743591307,0.0,0.0,0.0,0.0,0.0,0.0,0.0,0.0,0.404834508895874,0.7299189567565918,0.662372887134552,0.5104690194129944,0.0,0.0,0.0,0.5667697191238403,0.0,0.8856062889099121,0.0,0.9141194820404052,0.9004026651382446,0.0,0.0,0.0,0.1027629971504211,0.0563240014016628,0.9697866439819336,0.5681591033935547,0.6072263121604919,0.0,0.5840777158737183,0.7847233414649963,0.0,0.8455184102058411,0.9452486038208008,0.5157208442687988,0.0,0.5769848823547363,0.9366852045059204,0.0435552857816219,0.3003931939601898,0.0,0.6051452159881592,0.6809080243110657,0.8469528555870056,0.5708020925521851,0.0,0.7251226305961609,0.8876029849052429,0.7449333071708679,0.7320130467414856,0.8170441389083862,0.6842297315597534,0.0,0.6192399859428406,0.0,0.9392035603523254,0.0,0.8781608939170837,0.0,0.2836791574954986,0.5923001766204834,0.4798972308635711,0.0586797893047332,0.0,0.263381153345108,0.0,0.0,0.921002209186554,0.5883378386497498,0.2844827473163605,0.3433820009231567,0.912336528301239,0.3412156403064728,0.0,0.0,0.8411725759506226,0.4868613481521606,0.6312049031257629,0.7012102007865906,0.2073428183794021,0.8291797637939453,0.0,0.0,0.0,0.0,0.0,0.7146939039230347,0.0763126015663147,0.4953691065311432,0.1861936748027801,0.7636855840682983,0.7040010094642639,0.8090482354164124,0.0,0.3912310004234314,0.0,0.0,0.0,0.6788567304611206,0.692351758480072,0.9162904024124146,0.7430249452590942,0.4938740134239197,0.413444459438324,0.875335693359375,0.1492874026298523,0.6772567629814148,0.3775132596492767
3233,0.0,0.0,0.0,0.0,0.0,0.0,0.0,0.0,0.0,0.0,0.0,0.0,0.0,0.0,0.0,0.0,0.0,0.0,0.0,0.0,0.0,0.0,0.0,0.0,0.0,0.0,0.0,0.0,0.0,0.0,0.0,0.0,0.0,0.0,0.0,0.0,0.0,0.0,0.0,0.0,0.0,0.0,0.0,0.0,0.0,0.0,0.0,0.0,0.0,0.0,0.0,0.0,0.0,0.0,0.0,0.0,0.0,0.0,0.0,0.0,0.0,0.0,0.0,0.0,0.0,0.0,0.0,0.0,0.0,0.0,0.0,0.0,0.0,0.0,0.0,0.0,0.0,0.0,0.0,0.0,0.0,0.0,0.0,0.0,0.0,0.0,0.0,0.0,0.0,0.0,0.0,0.0,0.0,0.0,0.0,0.0,0.0,0.0,0.0,0.0,0.0,0.0,0.0,0.0,0.0,0.0,0.0,0.0,0.0,0.0,0.0,0.0,0.0,0.0,0.0,0.0,0.0,0.0,0.0,0.0,0.0,0.0,0.0,0.0,0.0,0.0,0.0,0.0
3235,0.0693492218852043,0.0115110008046031,0.1981178671121597,0.1884490102529525,0.5186454057693481,0.3388240933418274,0.037526935338974,0.3853121697902679,0.1014644131064415,0.4331996738910675,0.1437579989433288,0.1374022811651229,0.0770635530352592,0.1256248354911804,0.0,0.3054578900337219,0.2564259767532348,0.1062868535518646,0.24749156832695,0.1290070414543151,0.4094999134540558,0.1224580034613609,0.0,0.102571777999401,0.2639251053333282,0.3640758097171783,0.2315516471862793,0.0,0.30581134557724,0.1733807325363159,0.0585077367722988,0.0485430024564266,0.345889151096344,0.2805506885051727,0.3153243660926819,0.1446687132120132,0.1537395119667053,0.4324202835559845,0.30348801612854,0.2764844596385956,0.4445856511592865,0.1613282561302185,0.1099675446748733,0.1340592205524444,0.2577579915523529,0.0477405004203319,0.4158802926540375,0.280278205871582,0.2243220061063766,0.0866214260458946,0.5368511080741882,0.187309131026268,0.2403048723936081,0.2702998518943786,0.0,0.2966631054878235,0.1493432819843292,0.272085964679718,0.2362896203994751,0.0,0.0785907581448555,0.087291345000267,0.2375076115131378,0.0560055561363697,0.1672915071249008,0.0545467995107173,0.1119186654686927,0.3880278468132019,0.0,0.4557395577430725,0.0996676832437515,0.311082124710083,0.2341031432151794,0.0,0.4135518670082092,0.1271927207708358,0.2639609277248382,0.3252829313278198,0.0,0.0,0.210229143500328,0.1017443388700485,0.3979428708553314,0.0251517500728368,0.2816168367862701,0.2315869927406311,0.0743714570999145,0.2757147550582886,0.2248536795377731,0.1395109891891479,0.0211705472320318,0.4134041666984558,0.3821771740913391,0.4863204956054687,0.8239886164665222,0.5144261121749878,0.0187932513654232,0.1250676661729812,0.1523202955722808,0.3586621582508087,0.4470397233963012,0.2799133956432342,0.0,0.067152701318264,0.1345546543598175,0.2376889884471893,0.0779607817530632,0.7350211143493652,0.2880099415779114,0.0774193331599235,0.4412835836410522,0.2601360976696014,0.4048781991004944,0.1487800627946853,0.069519005715847,0.1445546746253967,0.065651386976242,0.0321213342249393,0.4856656789779663,0.2671088874340057,0.358049988746643,0.118079088628292,0.0,0.1978176236152649,0.2978751361370086,0.0471941009163856,0.0888324305415153,0.1581508666276931
3236,0.0,0.0,0.0,0.0,0.0,0.0,0.0,0.0,0.0,0.0,0.0,0.0,0.0,0.0,0.0,0.0,0.0,0.7376710176467896,0.0,0.8561989068984985,0.0,0.0,0.0,0.0,0.4591941833496094,0.0,0.0,0.0,0.0,0.0,0.0,0.0132878581061959,0.0,0.2307712435722351,0.9048153758049012,0.0,0.0,0.619805097579956,0.0,0.0,0.7006595134735107,0.0,0.0,0.0,0.0,0.0213987492024898,0.0,0.0,0.0,0.0,0.0507916659116745,0.0,0.0,0.0,0.0,0.0,0.0,0.0,0.0,0.0,0.0,0.0,0.0,0.0,0.0,0.0,0.0,0.0,0.0,0.0,0.0810448005795478,0.0,0.0,0.0,0.0,0.0,0.0,0.0,0.0424663349986076,0.0,0.0,0.0,0.0,0.0,0.873116672039032,0.0,0.0,0.0,0.0,0.0496011450886726,0.0,0.0,0.0,0.0,0.0,0.0066592223010957,0.5782554745674133,0.0,0.0,0.0,0.0,0.0,0.0,0.0,0.8028048276901245,0.0,0.0,0.0,0.0141088822856545,0.0,0.0,0.0,0.0215861648321151,0.0,0.0255651678889989,0.4863638877868652,0.0,0.1943328082561493,0.0,0.0,0.0331576690077781,0.904637336730957,0.8409579992294312,0.0,0.0,0.0,0.0,0.0
3238,0.0,0.0,0.0,0.0,0.0,0.0,0.0,0.0,0.0,0.0,0.0,0.0,0.0,0.0,0.0,0.0,0.0,0.0,0.0,0.0,0.0,0.0,0.0,0.0,0.0,0.0,0.0,0.0,0.0,0.0,0.0,0.0,0.0,0.0,0.0,0.0,0.0,0.0,0.0,0.2656109929084778,0.0,0.0,0.0,0.0,0.0,0.0,0.0,0.0,0.0,0.0,0.0,0.0,0.0,0.0,0.0,0.0,0.0,0.0899824947118759,0.0,0.0,0.0,0.0,0.0,0.0,0.0,0.0,0.0,0.0,0.0,0.0,0.0,0.0,0.0,0.0,0.0417196676135063,0.0,0.0,0.0,0.0,0.0,0.0,0.0,0.0,0.0,0.0,0.0,0.0,0.0,0.0,0.0,0.0,0.0,0.0,0.0,0.0,0.0,0.0,0.0,0.0,0.0,0.0,0.0,0.0,0.0,0.0,0.0,0.0,0.0,0.0,0.0,0.0,0.0,0.0,0.0,0.0,0.0,0.0,0.0,0.0,0.0,0.0,0.0,0.0,0.0,0.0,0.0,0.0,0.0
3246,0.1827422380447387,0.1152078360319137,0.4556139409542084,0.0796112343668937,0.1945180594921112,0.2301009148359298,0.1445984095335006,0.3004412055015564,0.1079098135232925,0.1337771564722061,0.0991982743144035,0.228020891547203,0.1385776251554489,0.1683618426322937,0.0948851704597473,0.4633432030677795,0.203808456659317,0.1890013217926025,0.3025281131267547,0.5121079683303833,0.2903169393539428,0.2896283864974975,0.4035104811191559,0.3035201728343963,0.2404942959547042,0.0,0.1818834394216537,0.1194902807474136,0.3085013031959533,0.2460255473852157,0.17110675573349,0.1827856451272964,0.0907324627041816,0.1756675839424133,0.2752600312232971,0.2171035259962082,0.1888581067323684,0.3696140646934509,0.1277978718280792,0.1181087642908096,0.123682789504528,0.1247202455997467,0.4160041511058807,0.3549342751502991,0.1464526504278183,0.3563803136348724,0.1617040932178497,0.2910096347332001,0.1603767126798629,0.4343295693397522,0.1385316550731659,0.1567749232053756,0.2385966479778289,0.1401316970586776,0.2969686090946197,0.2914394438266754,0.2679458558559418,0.1402731835842132,0.6460771560668945,0.3643152713775635,0.1048061028122901,0.1314945071935653,0.142133742570877,0.151568666100502,0.0899676904082298,0.2654326856136322,0.0852560326457023,0.7338051795959473,0.1330524682998657,0.0,0.1573139876127243,0.1900701522827148,0.3888123333454132,0.1102687492966651,0.1846399456262588,0.1048536524176597,0.0503739081323146,0.3572761118412018,0.7151937484741211,0.1716553568840026,0.2546445429325104,0.1195229068398475,0.1481305658817291,0.1833574175834655,0.2118722051382064,0.2787660658359527,0.1069959327578544,0.1805885285139084,0.1420225203037262,0.3038005530834198,0.1747663617134094,0.2328655123710632,0.1100038886070251,0.134346604347229,0.0370576120913028,0.1275712102651596,0.2110820710659027,0.1868391185998916,0.1239771619439125,0.2270184159278869,0.1511503756046295,0.1653542965650558,0.0842245221138,0.1785630583763122,0.1827738732099533,0.1375858634710312,0.1688912063837051,0.2308278232812881,0.2797646522521972,0.1958825290203094,0.2798896431922912,0.1228396594524383,0.1424877941608429,0.1791030466556549,0.1880752742290496,0.1987501978874206,0.1771486550569534,0.1477344334125518,0.5802096128463745,0.0753736123442649,0.96909761428833,0.0551999136805534,0.2253994047641754,0.5920208692550659,0.3222861588001251,0.7299856543540955,0.1784822791814804,0.6435173749923706
3248,0.0,0.0,0.0,0.0,0.0,0.0,0.0,0.0,0.0,0.0,0.0,0.0,0.0,0.0,0.0,0.0,0.0,0.0,0.0,0.0,0.0,0.0,0.0,0.0,0.0,0.0,0.0,0.0,0.0,0.0,0.0,0.0,0.0,0.0,0.0,0.0,0.0,0.0,0.0,0.0,0.0,0.0,0.0,0.0,0.0,0.0,0.0,0.0,0.0,0.0,0.0,0.0,0.0,0.0,0.0,0.0,0.0,0.0,0.0,0.0,0.0,0.0,0.0,0.0,0.0,0.0,0.0,0.0,0.0,0.0,0.0,0.0,0.0,0.0,0.0,0.0,0.0,0.0,0.0,0.0,0.0,0.0,0.0,0.0,0.0,0.0,0.0,0.0,0.0,0.0,0.0,0.0,0.0,0.0,0.0,0.0,0.0,0.0,0.0,0.0,0.0,0.0,0.0,0.0,0.0,0.0,0.0,0.0,0.0,0.0,0.0,0.0,0.0,0.0,0.0,0.0,0.0,0.0,0.0,0.0,0.0,0.0503745637834072,0.0,0.0,0.0,0.0,0.0,0.0
3251,0.0,0.0,0.0,0.0,0.0,0.0,0.0,0.0,0.0,0.0,0.0,0.0,0.0,0.0,0.0,0.0,0.0,0.0,0.0,0.0,0.0,0.0,0.0,0.0,0.0,0.0,0.0,0.0,0.0,0.0,0.0,0.0,0.0,0.0,0.0,0.0,0.0,0.0,0.0,0.0,0.0,0.0,0.0,0.0,0.0,0.0,0.0,0.0,0.0,0.0,0.0,0.0,0.0,0.0,0.0,0.0,0.0,0.0,0.0,0.0,0.0,0.0,0.0,0.0,0.0,0.0,0.0,0.0,0.0,0.0,0.0,0.0,0.0,0.0,0.0,0.0,0.0,0.0,0.0,0.0,0.0,0.0,0.0,0.0,0.0,0.0,0.0,0.0,0.0,0.0,0.0,0.0,0.0,0.0,0.0,0.0,0.0,0.0,0.0,0.0,0.0,0.0,0.0,0.0,0.0,0.0,0.0,0.0,0.0,0.0,0.0,0.0,0.0,0.0,0.0,0.0,0.0,0.0,0.0,0.0,0.0,0.0,0.0,0.0,0.0,0.0,0.0,0.0
3252,0.0,0.0,0.0,0.0,0.0,0.0,0.0,0.0,0.0,0.0,0.0,0.0,0.0,0.0,0.0,0.0,0.0,0.0,0.0,0.0,0.0,0.0,0.0,0.0,0.0,0.0,0.0,0.0,0.0,0.0,0.0,0.0,0.0,0.0,0.0,0.0,0.0,0.0,0.0,0.0,0.0,0.0,0.0,0.0,0.0,0.0,0.0,0.0,0.0,0.0,0.0,0.0,0.0,0.0,0.0,0.0,0.0,0.0,0.0,0.0,0.0,0.0,0.0,0.0,0.0,0.0,0.0,0.0,0.0,0.0,0.0,0.0,0.2933929860591888,0.0,0.0,0.0,0.0,0.0,0.0,0.0,0.0,0.0,0.0,0.0,0.0,0.0,0.0,0.0,0.0,0.0,0.0,0.0,0.0,0.0,0.0,0.0,0.0,0.0155331436544656,0.0,0.0,0.0,0.0,0.0,0.0,0.0,0.0,0.0,0.0,0.0,0.0,0.0,0.0,0.0,0.0,0.0,0.0,0.0,0.0,0.0,0.0,0.0,0.0,0.0,0.0,0.0,0.0,0.0,0.0
3254,0.0366343222558498,0.0,0.0,0.0459950007498264,0.0459443517029285,0.0543997660279274,0.0,0.0719729363918304,0.170417919754982,0.0833703652024269,0.0,0.0287321209907531,0.0331756770610809,0.0587061718106269,0.0,0.0,0.0,0.0,0.0,0.1034945920109748,0.0319497138261795,0.0166000612080097,0.0,0.0,0.0,0.0,0.0,0.0,0.0,0.0980138033628463,0.1355627626180648,0.0,0.0,0.0,0.0,0.0974497348070144,0.0,0.0,0.0,0.0,0.0114759122952818,0.0,0.0,0.0446037836372852,0.0220436304807662,0.0,0.0,0.0,0.0,0.1142204850912094,0.0,0.0,0.04818756878376,0.0,0.0,0.0336689054965972,0.0,0.0,0.0,0.2259747385978698,0.030123982578516,0.0984693467617034,0.0,0.0,0.1567293405532837,0.0,0.0519511587917804,0.0,0.0603316649794578,0.0,0.0,0.1115512922406196,0.0,0.0,0.0,0.0,0.0042498270049691,0.0349055863916873,0.1044962257146835,0.0,0.0130352303385734,0.0,0.0,0.128645971417427,0.0,0.0446841046214103,0.0,0.0,0.0,0.0664647221565246,0.0,0.0319274738430976,0.0510698594152927,0.0,0.0083385268226265,0.1134796813130378,0.0,0.0729518458247184,0.0,0.0135874105617403,0.0,0.0127708651125431,0.0589830316603183,0.0,0.0083606075495481,0.0,0.2047593891620636,0.0,0.0,0.0275218803435564,0.0,0.0,0.0,0.0364643335342407,0.1100118085741996,0.0311393644660711,0.0,0.0590811185538768,0.0,0.0,0.0164699144661426,0.0913022384047508,0.1745375394821167,0.0579196140170097,0.0189361311495304,0.2525043487548828,0.0,0.2290880531072616
3262,0.0,0.0,0.0,0.0,0.0,0.0,0.0,0.0,0.0,0.0,0.0,0.0,0.0,0.0,0.0,0.0,0.0,0.0,0.0,0.0,0.0,0.0,0.0,0.0,0.0,0.0,0.0,0.0,0.0,0.0,0.0,0.0,0.0,0.0,0.0,0.0,0.0,0.0,0.0,0.0,0.0,0.0,0.0,0.0,0.0,0.0,0.0,0.0,0.0,0.0,0.0,0.0,0.0,0.0,0.0,0.0,0.0,0.0,0.0,0.0,0.0,0.0,0.0,0.0,0.0,0.0,0.0,0.0,0.0,0.0,0.0,0.0,0.0,0.0,0.0,0.0,0.0,0.0,0.0,0.0,0.0,0.0,0.0,0.0,0.0,0.0,0.0,0.0,0.0,0.0,0.0,0.0,0.0,0.0,0.0,0.0,0.0,0.0,0.0,0.0,0.0,0.0,0.0,0.0,0.0,0.0,0.0,0.0,0.0,0.0,0.0,0.0,0.0,0.0,0.0,0.0,0.0,0.0,0.0,0.0,0.0,0.0,0.0,0.0,0.0,0.0,0.0,0.0
3265,0.0,0.0,0.0,0.0,0.0,0.4830290079116821,0.0,0.0,0.0,0.0,0.0,0.0,0.0,0.0,0.0,0.0,0.0,0.0,0.0,0.0,0.0,0.0,0.0,0.0,0.0,0.0,0.0,0.0,0.0,0.0,0.0,0.1108879968523979,0.0,0.0,0.0976794958114624,0.0,0.0,0.0,0.0,0.0,0.0,0.0,0.0,0.0,0.0,0.0,0.0,0.0,0.0,0.0,0.0,0.0,0.0,0.0,0.0708300396800041,0.0,0.0,0.0,0.1206214427947998,0.0353382118046283,0.0,0.0,0.0,0.0,0.0,0.0,0.0,0.0,0.0,0.0,0.0,0.0,0.438288003206253,0.0,0.0,0.0,0.1086250022053718,0.016693266108632,0.0,0.0,0.0,0.0,0.0,0.0,0.0,0.0,0.0,0.0,0.0028949168045073,0.0,0.0,0.0,0.0,0.0,0.0,0.0,0.0,0.0,0.0,0.0,0.0,0.0,0.0,0.0,0.0,0.0,0.0,0.0,0.0162673462182283,0.0,0.0,0.0,0.0,0.0,0.0,0.0,0.0,0.0,0.0,0.0,0.0,0.0,0.0,0.0,0.0,0.0,0.0,0.0
3267,0.0,0.0,0.0,0.0,0.0,0.0,0.0,0.0,0.0,0.0,0.0,0.0,0.0,0.0,0.0,0.0,0.0,0.0,0.0,0.0,0.0,0.0,0.0,0.0,0.0,0.0,0.0,0.0,0.0,0.0,0.0,0.0,0.0,0.0,0.0,0.0,0.0,0.0,0.0,0.0,0.0,0.0,0.0,0.0,0.0,0.0,0.0,0.0,0.0,0.0,0.0,0.0,0.0,0.0,0.0,0.0,0.0,0.0,0.0,0.0,0.0,0.0,0.0,0.0,0.0,0.0,0.0,0.0,0.0,0.0,0.0,0.0,0.0,0.0,0.0,0.0,0.0,0.0,0.0,0.0,0.0,0.0,0.0,0.0,0.0,0.0,0.0,0.0,0.0,0.0,0.0,0.0,0.0,0.0,0.0,0.0,0.0,0.0,0.0,0.0,0.0,0.0,0.0,0.0,0.0,0.0,0.0,0.0,0.0,0.0,0.0,0.0,0.0,0.0,0.0,0.0,0.0,0.0,0.0,0.0,0.0,0.0,0.0,0.0,0.0,0.0,0.0,0.0
3268,0.0,0.0,0.0675176009535789,0.0,0.0,0.0,0.6481256484985352,0.0,0.0,0.0,0.0,0.0,0.0,0.0,0.0,0.0,0.0,0.0,0.0,0.0172442495822906,0.0,0.0,0.0,0.1043281555175781,0.0,0.0,0.0,0.0,0.0,0.1976169943809509,0.4931477606296539,0.0,0.0,0.0,0.0,0.0,0.0,0.0,0.0244891997426748,0.0,0.0,0.0,0.0,0.0,0.0,0.0,0.026612801477313,0.0,0.0,0.0,0.0,0.0,0.0,0.0,0.0,0.0,0.5277172327041626,0.0,0.0,0.0,0.0415800251066684,0.0,0.0,0.0405936688184738,0.0,0.7854279279708862,0.5253252387046814,0.0,0.0,0.0,0.0,0.0,0.0,0.0,0.0,0.0,0.0,0.0,0.0,0.0,0.0,0.0860996693372726,0.0,0.0,0.0,0.0,0.0,0.0,0.0,0.0,0.0,0.0,0.0,0.0,0.0,0.0,0.0,0.0,0.0,0.5249462127685547,0.0,0.0,0.0,0.0,0.036045666784048,0.0,0.0,0.0986133366823196,0.0,0.0,0.0,0.0,0.0,0.0,0.0,0.0,0.0,0.0407380014657974,0.0,0.0,0.0,0.0,0.0,0.0,0.0,0.0,0.0,0.0
3272,0.0,0.0,0.0,0.0,0.0,0.0,0.0,0.0,0.0,0.0,0.0,0.0,0.0,0.0,0.0,0.0,0.0,0.0,0.0,0.0,0.0,0.0,0.0,0.0,0.0,0.0,0.0,0.0,0.0,0.0,0.0,0.0,0.0,0.0,0.0,0.0,0.0,0.0,0.0,0.0,0.0,0.0,0.0,0.0,0.0,0.0,0.0,0.0,0.0,0.0,0.0,0.0,0.0,0.0,0.0,0.0,0.0,0.0,0.0,0.0,0.0,0.0,0.0,0.0,0.0,0.0,0.0,0.0,0.0,0.0,0.0,0.0,0.0,0.0,0.0,0.0,0.0,0.0,0.0,0.0,0.0,0.0,0.0,0.0,0.0,0.0,0.0,0.0,0.0,0.0,0.0,0.0,0.0,0.0,0.0,0.0,0.0,0.0,0.0,0.0,0.0,0.0,0.0,0.0,0.0,0.0,0.0,0.0,0.0,0.0,0.0,0.0,0.0,0.0,0.0,0.0,0.0,0.0,0.0,0.0,0.0,0.0,0.0,0.0,0.0,0.0,0.0,0.0
3281,0.0,0.0118717141449451,0.0201879143714904,0.0,0.1485764980316162,0.0,0.0094626797363162,0.0,0.0,0.0,0.0,0.0,0.0,0.1318760067224502,0.0,0.0087308334186673,0.0,0.0,0.0,0.0,0.3740519881248474,0.0,0.0,0.0,0.0,0.0,0.1911090016365051,0.0,0.0,0.0,0.0181081611663103,0.0,0.0,0.0,0.0,0.0,0.0,0.0,0.0,0.0,0.0074949995614588,0.0,0.0,0.0,0.029738400131464,0.0,0.0105195194482803,0.7084770202636719,0.0,0.0,0.0,0.0,0.0,0.0,0.0,0.0103561161085963,0.0,0.0,0.0,0.0,0.0,0.0,0.0479760244488716,0.0,0.0,0.0,0.0,0.0,0.0,0.0,0.0,0.1389659941196441,0.0,0.0,0.0,0.3317930102348327,0.0,0.0,0.0,0.0,0.3681449890136719,0.0340863578021526,0.0,0.0,0.0,0.0143946111202239,0.0,0.0,0.0,0.0,0.0,0.0,0.0,0.0,0.0,0.0,0.0,0.0246936473995447,0.0,0.0,0.031238617375493,0.0,0.0095171825960278,0.0,0.0,0.5508530139923096,0.0,0.0,0.0,0.0,0.0119794737547636,0.0,0.0,0.0,0.0346775241196155,0.0,0.0,0.0,0.0,0.0,0.0,0.0,0.0,0.0,0.0,0.0,0.0,0.0
3282,0.0,0.0,0.0,0.0,0.0,0.0,0.0,0.0,0.0,0.0,0.0,0.0,0.0,0.0,0.0,0.0,0.0,0.0,0.0,0.0,0.0,0.0,0.0,0.0,0.0,0.0,0.0,0.0,0.0,0.0,0.0,0.0,0.0,0.0,0.0,0.0,0.0,0.0,0.0,0.0,0.0,0.0,0.0,0.0,0.0,0.0,0.0,0.0,0.0,0.0,0.0,0.0,0.0,0.0,0.0,0.0,0.0,0.0,0.0,0.0,0.0,0.0,0.0,0.0,0.0,0.0,0.0,0.0,0.0,0.0,0.0,0.0,0.0,0.0,0.0,0.0,0.0,0.0,0.0,0.0,0.0,0.0,0.0,0.0,0.0,0.0,0.0,0.0,0.0,0.0,0.0,0.0,0.0,0.0,0.0,0.0,0.0,0.0,0.0,0.0,0.0,0.0,0.0,0.0,0.0,0.0,0.0,0.0,0.0,0.0,0.0,0.0,0.0,0.0,0.0,0.0,0.0,0.0,0.0,0.0,0.0,0.0,0.0,0.0,0.0,0.0,0.0,0.0
3284,0.0,0.0214413199573755,0.0,0.0,0.0,0.0039771366864442,0.0,0.0,0.0,0.0,0.0,0.0,0.0,0.0,0.0,0.0,0.0,0.0,0.0,0.0483765006065368,0.0467806831002235,0.0191278513520956,0.0,0.0280672088265419,0.0,0.0,0.0,0.0,0.0,0.0,0.0,0.0,0.0406760461628437,0.0,0.0,0.0,0.0,0.0,0.0,0.0,0.0307075008749961,0.0,0.0,0.0,0.0,0.0472580417990684,0.0,0.0416666679084301,0.0,0.0,0.0,0.0,0.0,0.0,0.0030934347305446,0.0,0.0,0.0,0.0309228990226984,0.0325076952576637,0.0,0.0092330453917384,0.0,0.0,0.0,0.0,0.0,0.0,0.0058708637952804,0.0337115824222564,0.0,0.0,0.019607150927186,0.0,0.0,0.0,0.0,0.0,0.0138691505417227,0.0,0.0,0.0117472279816865,0.0033074168022722,0.0084423758089542,0.0,0.0,0.0,0.0,0.0,0.0,0.0,0.0,0.0,0.0,0.0,0.062984362244606,0.0,0.0050391997210681,0.0452247820794582,0.0,0.0,0.0,0.0474235229194164,0.0,0.0,0.0,0.0,0.0,0.0,0.0,0.0,0.0,0.0,0.0,0.0,0.0024253809824585,0.0,0.0,0.031414546072483,0.0,0.0,0.0,0.0,0.0,0.0,0.0,0.0,0.0
3285,0.2357351630926132,0.0,0.0,0.0,0.0,0.0,0.0,0.0,0.0,0.0,0.1001154631376266,0.0,0.0,0.0,0.0,0.0,0.4731675088405609,0.0,0.0473435297608375,0.0,0.0,0.1354985386133194,0.1887140125036239,0.0,0.9606475830078124,0.0,0.101927600800991,0.0,0.0873063281178474,0.2093019932508468,0.0,0.250239223241806,0.0,0.0,0.0268691983073949,0.0,0.0,0.1844078004360199,0.2225584685802459,0.1531274765729904,0.0,0.0,0.0,0.3264532089233398,0.1101331934332847,0.0,0.0,0.0245117992162704,0.0282667502760887,0.1065047532320022,0.0,0.4392652809619903,0.0,0.0,0.0,0.0,0.0,0.0,0.0,0.1605957448482513,0.061799269169569,0.0331228002905845,0.0,0.0,0.0,0.0,0.0,0.0,0.0,0.0,0.136087417602539,0.0,0.2620632350444793,0.0606360994279384,0.0339533984661102,0.0,0.0682195425033569,0.0,0.2435609400272369,0.4253278076648712,0.0700852125883102,0.0,0.086071603000164,0.0,0.0,0.1056557446718216,0.0,0.058909498155117,0.0,0.0,0.0,0.1732707172632217,0.0195633992552757,0.0,0.0,0.0,0.0,0.0,0.0,0.0,0.0,0.0215520001947879,0.6139017343521118,0.0,0.2888607382774353,0.1816340088844299,0.0,0.0,0.0,0.0,0.0,0.0,0.0160848014056682,0.0,0.0,0.1753356009721756,0.0,0.0,0.1618059277534485,0.1441926062107086,0.0,0.0232870001345872,0.0,0.0536249279975891,0.0,0.0,0.0,0.0
3291,0.0,0.0,0.0,0.0,0.0,0.0,0.0,0.0,0.0,0.0,0.0,0.0,0.0,0.0,0.0,0.0,0.0,0.0,0.0,0.0,0.0,0.0,0.0,0.0,0.0,0.0,0.0,0.0,0.0,0.0,0.0,0.0,0.0,0.0,0.0,0.0,0.0,0.0,0.0,0.0,0.0,0.0,0.0,0.0,0.0,0.0,0.0,0.0,0.0,0.0,0.0,0.0,0.0,0.0,0.0,0.0,0.0,0.0,0.0,0.0,0.0,0.0,0.0,0.0,0.0,0.0,0.0,0.0,0.0,0.0,0.0,0.0,0.0,0.0,0.0,0.0,0.0,0.0,0.0,0.0,0.0,0.0,0.0,0.0,0.0,0.0,0.0,0.0,0.0,0.0,0.0,0.0,0.0,0.0,0.0,0.0,0.0,0.0,0.0,0.0,0.0,0.0,0.0,0.0,0.0,0.0,0.0,0.0,0.0,0.0,0.0,0.0,0.0,0.0,0.0,0.0,0.0,0.0,0.0,0.0,0.0,0.0,0.0,0.0,0.0,0.0,0.0,0.0
3298,0.0,0.0,0.0,0.0,0.0,0.0,0.0,0.0,0.0,0.0,0.0,0.0,0.0,0.0,0.0,0.0,0.0,0.0,0.0,0.0,0.0,0.0,0.0,0.0,0.0,0.0,0.0,0.0,0.0,0.0,0.0,0.0,0.0,0.0,0.0,0.0,0.0,0.0,0.0,0.0,0.0,0.0,0.0,0.0,0.0,0.0,0.0,0.0,0.0,0.0,0.0,0.0,0.0,0.0,0.0,0.0,0.0,0.0,0.0,0.0,0.0,0.0,0.0,0.0,0.0,0.0,0.0,0.0,0.0,0.0,0.0,0.0,0.0,0.0,0.0,0.0,0.0,0.0,0.0,0.0,0.0,0.0,0.0,0.0,0.0,0.0,0.0,0.0,0.0,0.0,0.0,0.0,0.0,0.0,0.0,0.0,0.0,0.0,0.0,0.0,0.0,0.0,0.0,0.0,0.0,0.0,0.0,0.0,0.0,0.0,0.0,0.0,0.0,0.0,0.0,0.0,0.0,0.0,0.0,0.0,0.0,0.0,0.0,0.0,0.0,0.0,0.0,0.0
3301,0.0,0.0852228477597236,0.1473989337682724,0.0,0.128307893872261,0.0,0.0,0.2130151838064193,0.1499354690313339,0.1990793496370315,0.3555279076099396,0.0,0.0981135219335556,0.0,0.1149569973349571,0.1495984345674514,0.1963198184967041,0.2832192182540893,0.2570133805274963,0.1690826117992401,0.0,0.0,0.0,0.0,0.1399119347333908,0.0,0.1497008502483368,0.0913804993033409,0.0,0.0,0.0,0.2734903693199157,0.0932283326983451,0.2561465799808502,0.2193548530340194,0.1830394715070724,0.0,0.2205408662557602,0.0,0.0,0.0,0.0,0.0,0.0,0.094842828810215,0.0862461775541305,0.0,0.0,0.2702400386333465,0.0,0.0,0.0,0.0,0.3199121057987213,0.2072227746248245,0.0,0.0,0.13471320271492,0.198156327009201,0.0899170711636543,0.2932141721248626,0.0,0.0,0.0642335042357444,0.0,0.1631681621074676,0.0,0.0,0.060420636087656,0.0,0.3416599035263061,0.0,0.0,0.0,0.187316283583641,0.0,0.0,0.1602173447608947,0.1684006005525589,0.0518812239170074,0.0,0.0479293651878833,0.3299860954284668,0.0,0.0,0.0,0.1563473641872406,0.2545358836650848,0.2587980628013611,0.1624306291341781,0.2873760759830475,0.0,0.1938403844833374,0.0,0.0,0.0,0.0,0.3191852867603302,0.0,0.0,0.0,0.0,0.1551631540060043,0.1688023209571838,0.192253291606903,0.1560422629117965,0.234063982963562,0.1480444818735122,0.2775048017501831,0.0,0.2922905087471008,0.2772524058818817,0.2706780135631561,0.2063242346048355,0.0,0.2222818285226822,0.2307946681976318,0.0,0.0,0.3469659686088562,0.2672835290431976,0.2241198867559433,0.2643612921237945,0.0,0.0,0.1487117856740951,0.0,0.2456201761960983
3302,0.0,0.0,0.0,0.0,0.0,0.0,0.0094102397561073,0.0,0.0,0.0,0.0,0.0,0.0170072559267282,0.0656554847955703,0.0,0.0,0.0,0.0,0.0,0.0,0.0,0.0,0.0,0.0,0.0,0.0,0.0,0.0,0.0,0.0,0.0,0.0,0.0,0.0,0.0,0.0,0.0,0.0,0.0,0.1843513995409011,0.0,0.0,0.0,0.0,0.0,0.0,0.0,0.0,0.0,0.0,0.0,0.0,0.1794164180755615,0.0,0.0,0.0521330200135707,0.0,0.0089216670021414,0.0,0.0,0.0,0.0,0.0,0.0,0.0786211416125297,0.0,0.2443136125802993,0.0,0.0,0.0,0.0,0.0,0.0,0.1694725006818771,0.0,0.0,0.0,0.0,0.0,0.0,0.0,0.0,0.2379096150398254,0.0,0.0,0.0,0.0,0.0,0.0,0.1708609163761139,0.0,0.0,0.0,0.2880556285381317,0.0809301063418388,0.1474152356386184,0.0,0.0,0.0,0.0728032067418098,0.0,0.0,0.0,0.0,0.0,0.1771134734153747,0.0,0.0,0.0,0.0,0.0,0.1544198989868164,0.0124669736251235,0.0,0.0496824271976947,0.0,0.0,0.0,0.0,0.0,0.0,0.061860118061304,0.0,0.0,0.0,0.0,0.0,0.0
3303,0.0568873099982738,0.0768643096089363,0.0677906945347786,0.0027509001083672,0.2259663790464401,0.0463385768234729,0.2068022340536117,0.0921389982104301,0.0717005282640457,0.3255481123924255,0.0676847919821739,0.0930563807487487,0.0863251537084579,0.1343966871500015,0.2344677895307541,0.1805208623409271,0.113004557788372,0.0708976164460182,0.0143703911453485,0.3554818034172058,0.6257710456848145,0.8724355697631836,0.0410617142915725,0.1933716982603073,0.54508376121521,0.3041528165340423,0.2976384162902832,0.0831422284245491,0.1274560093879699,0.0597612150013446,0.1578925549983978,0.063826709985733,0.0421851873397827,0.0414395257830619,0.3175423145294189,0.6986579895019531,0.1314680576324463,0.5627503395080566,0.1573592126369476,0.0593985617160797,0.5040587186813354,0.2476695924997329,0.4307194352149963,0.1748938560485839,0.9686939716339112,0.8582913279533386,0.6121838092803955,0.689854621887207,0.3375995755195617,0.0282294452190399,0.1913585066795349,0.2795862257480621,0.4357148110866546,0.2909731566905975,0.0263891797512769,0.089041456580162,0.1308433562517166,0.4973061084747314,0.1900598108768463,0.0308370497077703,0.3170041143894195,0.0205499287694692,0.5388771891593933,0.0048408219590783,0.0215982049703598,0.4122792184352875,0.307922750711441,0.0,0.030600057914853,0.0554202683269977,0.0990886911749839,0.7374683022499084,0.4079544842243194,0.2818255424499511,0.03625263646245,0.4970517754554748,0.0725019425153732,0.3083678781986236,0.4006331264972687,0.0931066423654556,0.0837586820125579,0.5963976383209229,0.0192783717066049,0.1587148010730743,0.3251779079437256,0.7026788592338562,0.5969811081886292,0.3725813627243042,0.1221997514367103,0.0761749073863029,0.1090916842222213,0.0742366164922714,0.3527537286281585,0.0456224977970123,0.0947599336504936,0.0625072717666626,0.0078844707459211,0.3091814219951629,0.7370731830596924,0.0104778669774532,0.0873129218816757,0.1201325431466102,0.2541530132293701,0.7531325221061707,0.3765338063240051,0.267075628042221,0.6662538647651672,0.048285249620676,0.0838778689503669,0.0583158992230892,0.183953583240509,0.3726722002029419,0.1285972893238067,0.3757553100585937,0.2483891248703003,0.4742222428321838,0.035941231995821,0.0512516237795352,0.1399550586938858,0.7009838223457336,0.3153193593025207,0.1139494329690933,0.7927639484405518,0.0556346476078033,0.2516389489173889,0.0646000951528549,0.0579929016530513,0.03092847391963
3304,0.0181592050939798,0.076594091951847,0.3734632134437561,0.2144450396299362,0.2574767768383026,0.0938772335648536,0.5140096545219421,0.0454545468091964,0.1231770738959312,0.1850840598344802,0.5595452189445496,0.0450571402907371,0.1072961464524269,0.0515371672809124,0.6361420750617981,0.2472999989986419,0.0502364076673984,0.1882728636264801,0.2493449598550796,0.3761147558689117,0.2253873795270919,0.1237615644931793,0.2151723802089691,0.4894004464149475,0.2831261754035949,0.4713258445262909,0.5299574136734009,0.5070388913154602,0.5618267059326172,0.120419405400753,0.4757705330848694,0.5256277322769165,0.2101029157638549,0.2809502482414245,0.0630860179662704,0.2116861343383789,0.0786243751645088,0.4748493134975433,0.1991872638463974,0.3500754833221435,0.0484989993274211,0.2246138751506805,0.2926035523414612,0.5841766595840454,0.1441809684038162,0.1137506365776062,0.474275529384613,0.0855502933263778,0.1507066488265991,0.0804763361811637,0.5338814854621887,0.3749703764915466,0.1051305904984474,0.0635828524827957,0.48533895611763,0.1357735693454742,0.1670364290475845,0.0917669311165809,0.4923109710216522,0.0799489691853523,0.4920762777328491,0.1009945273399353,0.2490231096744537,0.2433815598487854,0.2394680976867675,0.0359890013933181,0.2123101651668548,0.2630046904087066,0.3444391191005707,0.1866524517536163,0.4312848746776581,0.1211414784193039,0.4912504553794861,0.0194440279155969,0.1824159026145935,0.0907440036535263,0.5783300995826721,0.151415541768074,0.2784385979175567,0.1197228580713272,0.4487985372543335,0.1573385447263717,0.1874271482229232,0.4136526584625244,0.3080809414386749,0.520490825176239,0.5060735940933228,0.3111546635627746,0.3437510132789612,0.4453857243061065,0.0974176675081253,0.3736477792263031,0.2089968174695968,0.491642564535141,0.2896985411643982,0.4905225038528442,0.703041136264801,0.4544277191162109,0.2362850904464721,0.4548501670360565,0.2711795270442962,0.4877499639987945,0.0713231712579727,0.1200973540544509,0.5761095881462097,0.3700971007347107,0.128468170762062,0.3209567666053772,0.2202073633670807,0.7856117486953735,0.3468807637691498,0.604943573474884,0.0,0.1245169341564178,0.4586972296237945,0.220884695649147,0.1358092874288559,0.6198391914367676,0.2500273287296295,0.5830031037330627,0.2703234255313873,0.1071495860815048,0.3839377760887146,0.0231313090771436,0.1564669609069824,0.554516077041626,0.1184103563427925,0.3419762253761291
3307,0.0,0.0,0.0,0.0,0.0,0.0,0.0,0.0,0.0,0.0,0.0,0.0,0.0,0.0,0.0,0.0,0.0,0.0,0.0,0.0,0.0,0.0,0.0,0.0,0.0,0.0,0.0,0.0,0.0,0.0,0.0,0.0,0.0,0.0,0.0,0.0,0.0,0.0,0.0,0.0,0.0,0.0,0.0,0.0,0.0,0.0,0.0,0.0,0.0,0.0,0.0,0.0,0.0,0.0,0.0,0.0,0.0,0.0,0.0,0.0,0.0,0.0,0.0,0.0,0.0,0.0,0.0,0.0,0.0,0.0,0.0,0.0,0.0,0.0,0.0,0.0,0.0,0.0,0.0,0.0,0.0,0.0,0.0,0.0,0.0,0.0,0.0,0.0,0.0,0.0,0.0,0.0,0.0,0.0,0.0,0.0,0.0,0.0,0.0,0.0,0.0,0.0,0.0,0.0,0.0,0.0,0.0,0.0,0.0,0.0,0.0,0.0,0.0,0.0,0.0,0.0,0.0,0.0,0.0,0.0,0.0,0.0,0.0,0.0,0.0,0.0,0.0,0.0
3311,0.7295705676078796,0.052103329449892,0.4720777869224548,0.1023143380880355,0.0805365815758705,0.0,0.5618485808372498,0.0973586291074752,0.44232839345932,0.0747195780277252,0.005306533537805,0.0325769335031509,0.567046046257019,0.6077771186828613,0.0202941242605447,0.0011333529837429,0.0143115725368261,0.1731687784194946,0.0539223067462444,0.725659966468811,0.0469845831394195,0.4440473318099975,0.0580390244722366,0.0290849655866622,0.726963460445404,0.0318987928330898,0.159533753991127,0.4454143345355987,0.4602643549442291,0.0042602610774338,0.2530721426010132,0.5670440196990967,0.3773049116134643,0.4841773808002472,0.0494947768747806,0.4727530181407928,0.0069966400042176,0.0654217302799224,0.0319506749510765,0.4688813984394073,0.1379227340221405,0.0872207358479499,0.0422420017421245,0.6761316061019897,0.3846812844276428,0.3201166987419128,0.3759239315986633,0.3789168000221252,0.1960898786783218,0.1325784623622894,0.029378592967987,0.0170070007443428,0.5329893231391907,0.0528069697320461,0.0186441894620656,0.0143027296289801,0.0290629081428051,0.3710156679153442,0.1532690823078155,0.7135658264160156,0.2984937131404876,0.0,0.1261116117238998,0.4491719007492065,0.4660353064537048,0.673868715763092,0.0902715772390365,0.5189027190208435,0.6870140433311462,0.1412567049264907,0.2540730535984039,0.769020676612854,0.0046060001477599,0.5214955806732178,0.3609265685081482,0.2366389632225036,0.5038573145866394,0.008317083120346,0.3836866915225982,0.800852358341217,0.5669300556182861,0.8201218843460083,0.6434892416000366,0.4605737626552582,0.502605676651001,0.0495828501880168,0.172464519739151,0.8215639591217041,0.2603029012680053,0.1508119404315948,0.0386883653700351,0.0849730521440506,0.582091212272644,0.3772432506084442,0.0433452539145946,0.0865625366568565,0.6137044429779053,0.0714198127388954,0.3868100941181183,0.1866025626659393,0.5084710121154785,0.4079950451850891,0.239502876996994,0.0778199806809425,0.1986025124788284,0.5623815655708313,0.3544234931468963,0.2727365791797638,0.3399673998355865,0.3086799383163452,0.6087729930877686,0.1747797727584839,0.0171999298036098,0.6220811009407043,0.345237135887146,0.1783764958381652,0.0397991463541984,0.3211017549037933,0.155693769454956,0.5366464853286743,0.0199388116598129,0.3231329321861267,0.5598549842834473,0.1946056336164474,0.0735294669866561,0.0,0.1649224162101745,0.3657947182655334
3312,0.0,0.0,0.0,0.0,0.0,0.0,0.0,0.0,0.0,0.0,0.0,0.0,0.0,0.0,0.0,0.0,0.0,0.0,0.0,0.0171412508934736,0.0446886345744133,0.0,0.0231194738298654,0.0,0.0,0.0,0.0,0.0,0.0,0.0,0.0,0.0,0.0395768508315086,0.0,0.0,0.0,0.0,0.0,0.0,0.0,0.0394055917859077,0.0,0.0,0.0,0.0,0.0337218753993511,0.0183619558811187,0.0,0.0,0.0,0.0,0.0,0.0,0.0,0.0333644747734069,0.0,0.0,0.0,0.0062201581895351,0.0247236527502536,0.0,0.0168188195675611,0.0,0.0,0.0,0.0,0.0,0.0,0.0,0.0604325830936431,0.0169395003467798,0.0,0.0078718997538089,0.0,0.0,0.0,0.0,0.0,0.0,0.0,0.0,0.0111581366509199,0.0185496527701616,0.0089270435273647,0.0,0.0,0.0,0.0,0.0,0.0,0.0,0.0,0.0,0.0,0.0,0.0707037523388862,0.0,0.0,0.0647578164935112,0.0,0.0,0.0,0.0236931834369897,0.0,0.0,0.0,0.0,0.0,0.0,0.0,0.0,0.0,0.0,0.0,0.0,0.0124255716800689,0.0,0.0,0.0,0.0,0.0,0.0,0.0,0.0,0.0,0.0,0.0,0.0
3313,0.0,0.0,0.0,0.0,0.0,0.0,0.0,0.0,0.0,0.0,0.0,0.0,0.0,0.0,0.0,0.0,0.0,0.0,0.0,0.0,0.0,0.0,0.0,0.0,0.0,0.0,0.0,0.0,0.0,0.0,0.0,0.0,0.0,0.0,0.0,0.0,0.0,0.0,0.0,0.0,0.0,0.0,0.0,0.0,0.0,0.0,0.0,0.0,0.0,0.0,0.0,0.0,0.0,0.0,0.0,0.0,0.0,0.0,0.0,0.0,0.0,0.0,0.0,0.0,0.0,0.0,0.0,0.0,0.0,0.0,0.0,0.0,0.0,0.0,0.0,0.0,0.0,0.0,0.0,0.0,0.0,0.0,0.0,0.0,0.0,0.0,0.0,0.0,0.0,0.0,0.0,0.0,0.0,0.0,0.0,0.0,0.0,0.0,0.0,0.0,0.0,0.0,0.0,0.0,0.0,0.0,0.0,0.0,0.0,0.0,0.0,0.0,0.0,0.0,0.0,0.0,0.0,0.0,0.0,0.0,0.0,0.0,0.0,0.0,0.0,0.0,0.0,0.0
3314,0.0,0.0,0.1529038548469543,0.1101957559585571,0.1154870018362999,0.0,0.2213363051414489,0.0,0.0,0.0,0.1582541018724441,0.1954602599143982,0.0,0.1198097094893455,0.0,0.0827655419707298,0.1030441895127296,0.2048053741455078,0.0,0.0,0.0,0.2103868722915649,0.0,0.0,0.1685954481363296,0.1176157966256141,0.1337473541498184,0.1399661898612976,0.1554976552724838,0.0,0.1288335621356964,0.1926333457231521,0.0,0.0,0.0,0.0,0.0,0.0,0.0,0.298378050327301,0.0,0.1966022253036499,0.1191735789179802,0.1516126096248626,0.0,0.0,0.0,0.0,0.0,0.0,0.1145495548844337,0.0974701792001724,0.0,0.2016713321208953,0.1503163576126098,0.1459597200155258,0.0,0.1143592074513435,0.0,0.226251795887947,0.1262764483690261,0.1744036078453064,0.0,0.0,0.1519399434328079,0.0,0.1538256257772445,0.2659222781658172,0.0,0.0,0.1618157625198364,0.2037243247032165,0.1907811164855957,0.0,0.0,0.0,0.1433337330818176,0.1751541793346405,0.1636713147163391,0.1679488867521286,0.0,0.0733005255460739,0.0,0.193520963191986,0.0,0.2286144942045211,0.1921161711215973,0.0,0.2459974288940429,0.0,0.0,0.0,0.237052321434021,0.0,0.2235192954540252,0.165724441409111,0.2524062991142273,0.0,0.0,0.229484885931015,0.2555477619171142,0.0,0.2752776145935058,0.0,0.0,0.2203728109598159,0.0,0.1451974511146545,0.0,0.1873028576374054,0.0,0.0,0.2441754043102264,0.185014322400093,0.1509872525930404,0.1636559516191482,0.1645601093769073,0.0908405408263206,0.0,0.0,0.1601539552211761,0.1937589347362518,0.0,0.0,0.0,0.0,0.0,0.2114661484956741
3316,0.2488716691732406,0.1276490092277526,0.2109827399253845,0.4844042360782623,0.1585679948329925,0.1841873824596405,0.1031785011291503,0.1056246683001518,0.1790793389081955,0.3082189857959747,0.4785324931144714,0.2072775363922119,0.0,0.4487366080284118,0.3133784830570221,0.0636515989899635,0.0,0.4815761744976043,0.1170103400945663,0.0,0.0,0.2946168184280395,0.034548670053482,0.1242106705904007,0.3969556987285614,0.0319392494857311,0.0,0.6786054372787476,0.3225600123405456,0.2820417881011963,0.3602010011672973,0.1637285053730011,0.283304750919342,0.123598001897335,0.0,0.0,0.0,0.2327654659748077,0.0,0.0,0.3887574970722198,0.5320359468460083,0.1268233358860016,0.1592109948396682,0.0,0.4515019953250885,0.2589203119277954,0.4242415130138397,0.0,0.0,0.4101051986217499,0.1138912439346313,0.1136030033230781,0.4350736141204834,0.0,0.2911258041858673,0.0,0.4527526795864105,0.2355248034000396,0.2944500148296356,0.0550165697932243,0.085955336689949,0.0706935003399849,0.0178516842424869,0.4394178688526153,0.0,0.2844631373882293,0.1729329973459243,0.0413445010781288,0.0481200031936168,0.0256940927356481,0.0,0.4677850008010864,0.0871301740407943,0.1933447569608688,0.632611870765686,0.57589191198349,0.0,0.3849399983882904,0.4704435765743255,0.4078377485275268,0.4662612676620483,0.138043001294136,0.2102200090885162,0.0,0.415173202753067,0.2224146723747253,0.1770523488521576,0.4651863574981689,0.0345436260104179,0.1706838011741638,0.4539610147476196,0.0,0.4934157431125641,0.6560079455375671,0.0426963344216346,0.4761781096458435,0.4309112429618835,0.0,0.0,0.217190608382225,0.4306686818599701,0.0578540042042732,0.0,0.4601262509822845,0.461470365524292,0.2071289867162704,0.4066463410854339,0.0,0.2744534015655517,0.0354732498526573,0.4765763580799103,0.0,0.1763653457164764,0.4671089947223663,0.2681767344474792,0.4553170502185821,0.3999130129814148,0.2536396086215973,0.4620868563652038,0.2573268711566925,0.4029066562652588,0.810935914516449,0.2467943727970123,0.4060463309288025,0.7024572491645813,0.0,0.0688293352723121
3318,0.0,0.0,0.0,0.0,0.0,0.0,0.0,0.0,0.0,0.0,0.0,0.0,0.0,0.0,0.0,0.0,0.0,0.0,0.0,0.0,0.0,0.0,0.0,0.0,0.0,0.0,0.0,0.0,0.0,0.0,0.0,0.0,0.0,0.0,0.0,0.0,0.0,0.0,0.0,0.0,0.0,0.0,0.0,0.0,0.0,0.0,0.0,0.0,0.0,0.0,0.0,0.0,0.0,0.0,0.0,0.0,0.0,0.0,0.0,0.0,0.0,0.0,0.0,0.0,0.0,0.0,0.0,0.0,0.0,0.0,0.0,0.0,0.0,0.0,0.0,0.0,0.0,0.0,0.0,0.0,0.0,0.0,0.0,0.0,0.0,0.0,0.0,0.0,0.0,0.0,0.0,0.0,0.0,0.0,0.0,0.0,0.0,0.0,0.0,0.0,0.0,0.0,0.0,0.0,0.0,0.0,0.0,0.0,0.0,0.0,0.0,0.0,0.0,0.0,0.0,0.0,0.0,0.0,0.0,0.0,0.0,0.0,0.0,0.0,0.0,0.0,0.0,0.0
3321,0.0408783331513404,0.0,0.0,0.0,0.0,0.0,0.0,0.0,0.0,0.0,0.0,0.0,0.0,0.0,0.0,0.0,0.0,0.0246114283800125,0.0,0.0450541488826274,0.0,0.0,0.0,0.0,0.0,0.0,0.0,0.0,0.0,0.0,0.0,0.0412524305284023,0.0431498102843761,0.0,0.0,0.0,0.0,0.0,0.0,0.0,0.0,0.0,0.0,0.0,0.0431302227079868,0.0,0.0,0.0080412505194544,0.0,0.0,0.0,0.0,0.0,0.0,0.0,0.0,0.0,0.0409349054098129,0.0,0.0,0.0,0.0,0.0,0.0,0.0,0.0,0.0,0.0,0.0,0.0440316647291183,0.0484784021973609,0.0210921000689268,0.0,0.0,0.0,0.0,0.0,0.0,0.0,0.0,0.0,0.0,0.0,0.0,0.0056331111118197,0.0,0.0,0.0,0.0,0.0,0.0,0.0,0.0,0.0291557908058166,0.0,0.0,0.0,0.0,0.0841935276985168,0.0,0.0,0.0,0.0,0.0,0.047383788973093,0.05619553104043,0.0,0.0,0.0,0.0,0.0,0.0,0.0,0.0,0.0,0.0,0.0,0.0,0.0276513807475566,0.0,0.0510375276207923,0.0,0.0,0.0,0.0,0.0,0.0,0.0141204707324504
3322,0.0,0.0,0.0,0.0,0.0,0.0,0.0,0.0,0.0,0.0,0.0,0.0,0.0,0.0,0.0,0.0,0.0,0.0,0.0,0.0,0.0,0.0,0.0,0.0,0.0,0.0,0.0,0.0,0.0,0.0,0.0,0.0,0.0,0.0,0.0,0.0,0.0,0.0,0.0,0.0,0.0,0.0,0.0,0.0,0.0,0.0,0.0,0.0,0.0,0.0,0.0,0.0,0.0,0.0,0.0,0.0,0.0,0.0,0.0,0.0,0.0,0.0,0.0,0.0,0.0,0.0,0.0,0.0,0.0,0.0,0.0,0.0,0.0,0.0,0.0,0.0,0.0,0.0,0.0,0.0,0.0,0.0,0.0,0.0,0.0,0.0,0.0,0.0,0.0,0.0,0.0,0.0,0.0,0.0,0.0,0.0,0.0,0.0,0.0,0.0,0.0,0.0,0.0,0.0,0.0,0.0,0.0,0.0,0.0,0.0,0.0,0.0,0.0,0.0,0.0,0.0,0.0,0.0,0.0,0.0,0.0,0.0,0.0,0.0,0.0,0.0,0.0,0.0
3323,0.0,0.0,0.0,0.0,0.0,0.0,0.0,0.0,0.0,0.0,0.0,0.0,0.0,0.0,0.0,0.0,0.0,0.0,0.0,0.0527685992419719,0.0,0.0,0.0,0.0,0.0,0.0,0.0,0.0,0.0,0.0,0.0,0.0,0.0,0.0,0.0,0.0446073338389396,0.0,0.0836625024676323,0.0,0.0,0.0,0.0,0.0,0.0,0.0338930003345012,0.0,0.0,0.0,0.0,0.0,0.0,0.0,0.0,0.0,0.0,0.0,0.0,0.0,0.0,0.0,0.0,0.0,0.0,0.0,0.0,0.0,0.0856325030326843,0.1046136617660522,0.0,0.0,0.0,0.0,0.0,0.0,0.0,0.0,0.0,0.0,0.0,0.0,0.0,0.0,0.0,0.0,0.0,0.0,0.0,0.0,0.0,0.0061220000497996,0.0,0.0,0.0,0.0,0.0,0.0,0.0,0.0,0.2791250050067901,0.0,0.0,0.1030687466263771,0.0,0.0,0.0,0.0,0.0,0.0,0.0,0.0,0.0,0.0,0.0,0.0,0.0,0.0,0.0,0.0,0.0,0.0,0.0,0.1239877492189407,0.0,0.0,0.0,0.0,0.0,0.0
3325,0.0,0.0,0.0,0.975508451461792,0.0708435028791427,0.0,0.0,0.0,0.0,0.0,0.0,0.0,0.0,0.0,0.0,0.0,0.167478546500206,0.0,0.0629496201872825,0.9046602249145508,0.0735292732715606,0.986251711845398,0.0301109999418258,0.0,0.0718810409307479,0.0,0.0,0.0,0.082773670554161,0.0,0.8272222280502319,0.9461289644241332,0.0,0.9848015308380128,0.0,0.0,0.0,0.1294469386339187,0.0,0.0,0.0,0.0,0.994742751121521,0.0,0.0,0.0,0.0,0.9900325536727904,0.0,0.0286423340439796,0.0263000018894672,0.0750173553824424,0.9947589635849,0.0,0.0,0.0,0.0,0.0,0.0,0.0,0.0,0.0,0.0,0.0,0.0,0.9734770059585572,0.8111317753791809,0.0,0.0,0.0573530420660972,0.0,0.0,0.0,0.0,0.0,0.0,0.0,0.0,0.0,0.0,0.0,0.0,0.1112516075372695,0.0,0.0276702847331762,0.0230818167328834,0.0,0.0138186048716306,0.0740980803966522,0.0,0.0,0.0,0.0,0.0560443773865699,0.0414758957922458,0.7784289717674255,0.0327356271445751,0.0,0.0,0.021541578695178,0.9621437788009644,0.0,0.0,0.0,0.0833331942558288,0.0,0.0,0.0,0.0,0.5520017743110657,0.0,0.0,0.0320054814219474,0.0837423354387283,0.0,0.0,0.0594163797795772,0.0,0.0602708756923675,0.0,0.0,0.0,0.9502630233764648,0.0,0.0,0.0,0.0861088931560516,0.0
3327,0.0,0.0,0.0,0.0,0.0,0.0,0.0,0.0,0.0,0.0,0.0,0.0,0.0,0.0,0.0,0.0,0.0,0.0,0.0,0.0,0.0,0.0,0.0,0.0030583888292312,0.0,0.0,0.0,0.0,0.0,0.0,0.0,0.0,0.0,0.0,0.0,0.0,0.0,0.0,0.0,0.0463680401444435,0.0,0.0,0.0,0.0,0.0,0.0,0.0163763612508773,0.0240786187350749,0.0,0.0,0.0,0.0,0.0,0.0,0.0,0.0,0.0,0.0,0.0150320567190647,0.0,0.0,0.0,0.0,0.0,0.0,0.0,0.0,0.0103873126208782,0.0,0.0,0.0,0.0,0.0,0.0,0.0,0.0134909125044941,0.0,0.0,0.0,0.0,0.0,0.0,0.0,0.0,0.0,0.0,0.0081066405400633,0.0,0.0,0.0,0.0,0.0,0.0,0.0,0.0,0.0,0.0,0.0,0.0,0.0,0.0,0.0,0.0,0.0,0.0,0.0,0.0,0.0,0.0,0.0,0.0,0.0,0.0,0.0,0.0,0.0,0.0405822768807411,0.0,0.0,0.0,0.0,0.0106297237798571,0.0,0.0,0.0,0.0,0.0,0.0
3330,0.0,0.0967600047588348,0.2719743847846985,0.0,0.3488436639308929,0.0,0.0469683147966861,0.0,0.1222119182348251,0.0,0.0,0.2444281876087188,0.081649363040924,0.1616322696208953,0.2293705642223358,0.0,0.0,0.0280300863087177,0.0,0.0,0.0,0.0,0.0,0.0,0.0,0.0,0.0,0.1504045873880386,0.0,0.0781240910291671,0.205350786447525,0.0,0.0,0.1319236159324646,0.0,0.0,0.0,0.0936094671487808,0.0,0.0,0.108682595193386,0.0794575959444046,0.0849026516079902,0.0,0.0,0.058567825704813,0.0,0.4758495688438415,0.0,0.0,0.3543574810028076,0.1663309037685394,0.0784694850444793,0.0,0.1958879083395004,0.0537931248545646,0.021076800301671,0.1368265300989151,0.0,0.0965420007705688,0.0637897402048111,0.086685761809349,0.0,0.0,0.126858115196228,0.0,0.0,0.0227003991603851,0.0,0.0,0.2600486278533935,0.1550254374742508,0.0,0.0751245394349098,0.0,0.0273029636591672,0.0247405394911766,0.081497274339199,0.0836332663893699,0.0,0.0,0.0731496214866638,0.0,0.0428207889199256,0.0977070108056068,0.0,0.0,0.123423621058464,0.0492198951542377,0.0,0.1713216006755828,0.0,0.0,0.1212801784276962,0.1202322021126747,0.1145168468356132,0.0,0.0,0.1048260405659675,0.0631854757666587,0.1698257774114608,0.1772942990064621,0.1616246700286865,0.0,0.0,0.3759622573852539,0.0,0.0,0.0,0.1544483453035354,0.0639042183756828,0.0557758547365665,0.1111111119389534,0.0,0.0,0.1973449140787124,0.0,0.1292012482881546,0.0653316304087638,0.2197275459766388,0.1653819531202316,0.1207905262708664,0.5727016925811768,0.2007806450128555,0.0,0.0908443033695221,0.0,0.0941187888383865
3337,0.0,0.0,0.0,0.0,0.0,0.0,0.0,0.0,0.0,0.0,0.0,0.0,0.0,0.0,0.0,0.0,0.0,0.0,0.0,0.0,0.0,0.0,0.0,0.0,0.0,0.0,0.0,0.0,0.0,0.0,0.0,0.0,0.0,0.0,0.0,0.0,0.0,0.0,0.0,0.0,0.0,0.0,0.0,0.0,0.0,0.0,0.0,0.0,0.0,0.0,0.0,0.0,0.0,0.0,0.0,0.0,0.0,0.0,0.0,0.0,0.0,0.0,0.0,0.0,0.0,0.0,0.0,0.0,0.0,0.0,0.0,0.0,0.0,0.0,0.0,0.0,0.0,0.0,0.0,0.0,0.0,0.0,0.0,0.0,0.0,0.0,0.0,0.0,0.0,0.0,0.0,0.0,0.0,0.0,0.0,0.0,0.0,0.0,0.0,0.0,0.0,0.0,0.0,0.0,0.0,0.0,0.0,0.0,0.0,0.0,0.0,0.0,0.0,0.0,0.0,0.0,0.0,0.0,0.0,0.0,0.0,0.0,0.0,0.0,0.0,0.0,0.0,0.0
3339,0.0,0.0,0.0,0.0,0.0,0.0,0.0,0.0,0.0,0.0,0.0,0.0,0.0,0.0,0.0,0.0,0.0,0.0,0.0,0.0,0.0,0.0,0.0,0.0,0.0,0.0,0.0,0.0,0.0,0.0,0.0,0.0,0.0,0.0,0.0,0.0,0.0,0.0,0.0,0.0,0.0,0.0,0.0,0.0,0.0,0.0,0.0,0.0,0.0,0.0,0.0,0.0,0.0,0.0,0.0,0.0,0.0,0.0,0.0,0.0,0.0,0.0,0.0,0.0,0.0,0.0,0.0,0.0,0.0,0.0,0.0,0.0,0.0,0.0,0.0,0.0,0.0,0.0,0.0,0.0,0.0,0.0,0.0,0.0,0.0,0.0,0.0,0.0,0.0,0.0,0.0,0.0,0.0,0.0,0.0,0.0,0.0,0.0,0.0,0.0,0.0,0.0,0.0,0.0,0.0,0.0,0.0,0.0,0.0,0.0,0.0,0.0,0.0,0.0,0.0,0.0,0.0,0.0,0.0,0.0,0.0,0.0,0.0,0.0,0.0,0.0,0.0,0.0
3340,0.258849024772644,0.1109739989042282,0.4444336891174316,0.0,0.3311884701251983,0.7955980896949768,0.0552364997565746,0.0932330042123794,0.2573821246623993,0.8598339557647705,0.6129600405693054,0.0,0.1867211759090423,0.7248210906982422,0.0916823744773864,0.4008126854896545,0.0,0.0,0.299263447523117,0.0,0.0,0.0,0.449551910161972,0.0,0.0384777151048183,0.859732449054718,0.4155649840831756,0.0,0.2066070139408111,0.0,0.8428255319595337,0.7366381287574768,0.6034157872200012,0.0825405046343803,0.0,0.0976531654596328,0.0,0.8500250577926636,0.083002746105194,0.0,0.7907446622848511,0.4045453369617462,0.0,0.714762270450592,0.0429991446435451,0.0,0.0,0.3328745067119598,0.0,0.08578372746706,0.9912700653076172,0.0,0.6599963903427124,0.249829813838005,0.8082179427146912,0.0518545024096965,0.6387686133384705,0.5172261595726013,0.2460105866193771,0.8420891761779785,0.0,0.698959231376648,0.0513300001621246,0.5261733531951904,0.0,0.7982144951820374,0.2319485992193222,0.1899758726358413,0.745220422744751,0.0378079116344451,0.4173555970191955,0.0586196705698967,0.021743819117546,0.329900324344635,0.0,0.6084227561950684,0.777258574962616,0.0728184953331947,0.4192121922969818,0.7817977666854858,0.0,0.7698346972465515,0.6355318427085876,0.7796278595924377,0.8245198726654053,0.1319187730550766,0.8294711112976074,0.8994000554084778,0.763043999671936,0.2272779047489166,0.7836636304855347,0.8879101872444153,0.7766136527061462,0.0,0.0,0.8019425272941589,0.3523787260055542,0.6906771659851074,0.0679107308387756,0.2126782685518264,0.7340498566627502,0.7053296566009521,0.8128279447555542,0.0,0.8412498831748962,0.8145691752433777,0.0493317991495132,0.4468832910060882,0.5821183323860168,0.5697148442268372,0.8726457357406616,0.0,0.0,0.1852569431066513,0.3621637225151062,0.2240374386310577,0.4654628336429596,0.69146728515625,0.4687987267971039,0.0,0.0,0.0,0.687849760055542,0.0906039997935295,0.0,0.0,0.7360228300094604,0.4514860510826111
3341,0.0,0.0,0.0,0.0,0.0,0.0,0.0,0.0,0.0,0.0,0.0,0.0,0.0,0.0,0.0,0.0,0.0,0.0,0.0,0.0,0.0,0.0,0.0,0.0,0.0,0.0,0.0,0.0,0.0,0.0,0.0,0.0,0.0,0.0,0.0,0.0,0.0,0.0,0.0,0.0,0.0,0.0,0.0,0.0,0.0,0.0,0.0,0.0,0.0,0.0,0.0,0.0,0.0,0.0,0.0,0.0,0.0,0.0,0.0,0.0,0.0,0.0,0.0,0.0,0.0,0.0,0.0,0.0,0.0,0.0,0.0,0.0,0.0,0.0,0.0,0.0,0.0,0.0,0.0,0.0,0.0,0.0,0.0,0.0,0.0,0.0,0.0,0.0,0.0,0.0,0.0,0.0,0.0,0.0,0.0,0.0,0.0,0.0,0.0,0.0,0.0,0.0,0.0,0.0,0.0,0.0,0.0,0.0,0.0,0.0,0.0,0.0,0.0,0.0,0.0,0.0,0.0,0.0,0.0,0.0,0.0,0.0,0.0,0.0,0.0,0.0,0.0,0.0
3342,0.0,0.0,0.0,0.0,0.0,0.0,0.0,0.0,0.0,0.0,0.0,0.0,0.0,0.0,0.0,0.0,0.0,0.0,0.0,0.0,0.0,0.0,0.0,0.0,0.0,0.0,0.0,0.0,0.0,0.0,0.0,0.0,0.0,0.0,0.0,0.0,0.0,0.0,0.0,0.0,0.0,0.0,0.0,0.0,0.0,0.0,0.0,0.0,0.0,0.0,0.0,0.0,0.0,0.0,0.0,0.0,0.0,0.0,0.0,0.0,0.0,0.0,0.0,0.0,0.0,0.0,0.0,0.0,0.0,0.0,0.0,0.0,0.0,0.0,0.0,0.0,0.0,0.0,0.0,0.0,0.0,0.0,0.0,0.0,0.0,0.0,0.0,0.0,0.0,0.0,0.0,0.0,0.0,0.0,0.0,0.0,0.0,0.0,0.0,0.0,0.0,0.0,0.0,0.0,0.0,0.0,0.0,0.0,0.0,0.0,0.0,0.0,0.0,0.0,0.0,0.0,0.0,0.0,0.0,0.0,0.0,0.0,0.0,0.0,0.0,0.0,0.0,0.0
3344,0.3338694870471954,0.1167194992303848,0.0,0.0,0.0,0.1240328103303909,0.0,0.4450172483921051,0.2176174968481063,0.457515001296997,0.0,0.7750113010406494,0.4379004836082458,0.1563307493925094,0.0,0.3770607411861419,0.3765632510185241,0.0,0.6378903985023499,0.7325277328491211,0.4163337647914886,0.5280534625053406,0.0,0.5012003779411316,0.0,0.0,0.0,0.3701317310333252,0.57197105884552,0.0,0.0,0.7443141937255859,0.0,0.1960295140743255,0.0468432493507862,0.5101430416107178,0.0,0.7449572086334229,0.0,0.5174314975738525,0.2179484963417053,0.4084591865539551,0.0,0.2866800129413605,0.1462156027555465,0.0824884995818138,0.0,0.0,0.0,0.1471882462501526,0.35666024684906,0.6527965068817139,0.0,0.0,0.0,0.7090440392494202,0.8003112077713013,0.9173297882080078,0.0,0.0,0.0,0.0,0.5797107219696045,0.0,0.0,0.8964711427688599,0.3205762505531311,0.1194912493228912,0.3339890241622925,0.0,0.3321534097194671,0.0,0.4319714903831482,0.2937362492084503,0.0,0.0,0.0,0.3664651811122894,0.0,0.0,0.6086385250091553,0.0,0.2546447217464447,0.0995756015181541,0.3116450011730194,0.5782861709594727,0.0,0.0,0.5167457461357117,0.0,0.294414758682251,0.2346725165843963,0.0,0.0,0.0,0.0,0.3038085103034973,0.7160749435424805,0.0,0.2677892446517944,0.2193225026130676,0.0,0.0938320010900497,0.2625069916248321,0.0,0.0,0.5877929925918579,0.2536274790763855,0.6816650032997131,0.8746602535247803,0.0,0.5363755226135254,0.0,0.6983129978179932,0.0,0.0705803334712982,0.1275908052921295,0.5926478505134583,0.3510517477989197,0.0,0.0,0.4315601885318756,0.9870820045471193,0.0,0.0,0.0,0.0,0.0
3345,0.0409785658121109,0.025566091760993,0.0,0.0824881419539451,0.0,0.0827390924096107,0.0181471910327672,0.0,0.0,0.04356200248003,0.0110479528084397,0.0,0.0446500517427921,0.1878637671470642,0.095899723470211,0.0791321694850921,0.0,0.0,0.0,0.005599956959486,0.1149320527911186,0.040479227900505,0.0882418602705001,0.0918671414256095,0.0,0.0384987629950046,0.0,0.0027173808775842,0.0,0.0,0.0992385074496269,0.0,0.1315996944904327,0.0,0.0399024561047554,0.0,0.0290312282741069,0.01494160015136,0.0,0.0,0.0032690456137061,0.0513282716274261,0.115393042564392,0.0029995455406606,0.0430636182427406,0.2326256930828094,0.0072328639216721,0.0090523185208439,0.0242131501436233,0.0,0.0,0.0,0.0,0.1051487326622009,0.0506426393985748,0.0542634017765522,0.0,0.0,0.0,0.124984323978424,0.0,0.0,0.0314697138965129,0.0,0.0125127155333757,0.0,0.0,0.0,0.0158426668494939,0.0,0.0,0.0044018574990332,0.0375530458986759,0.0,0.0,0.0,0.0,0.0178871005773544,0.0489319004118442,0.0,0.0,0.0,0.0,0.1024943441152572,0.1471609622240066,0.0064998092129826,0.0029848001431673,0.0,0.0,0.0479185506701469,0.0,0.0436214990913867,0.0092887729406356,0.0,0.0,0.07737647742033,0.0,0.088647186756134,0.1043004617094993,0.0,0.0,0.1222409084439277,0.0,0.0141880009323358,0.0649509504437446,0.0053910478018224,0.0,0.1493486762046814,0.0475626997649669,0.0547423213720321,0.0,0.0166918635368347,0.0417618118226528,0.0729040503501892,0.1966687440872192,0.0,0.0,0.0,0.0,0.0,0.0328651033341884,0.0076881051063537,0.009447700344026,0.0,0.0282209031283855,0.0138523001223802,0.0,0.0049233636818826
3351,0.0,0.0,0.0,0.0,0.0,0.0,0.0146372662857174,0.0,0.0077624237164855,0.0,0.0,0.0,0.0,0.0,0.0061343251727521,0.0,0.0,0.0,0.0122072352096438,0.0439814776182174,0.0,0.0,0.0,0.0441435985267162,0.0,0.0,0.0089306673035025,0.0,0.0,0.0358740650117397,0.0495071746408939,0.0,0.0,0.0,0.0,0.0155287124216556,0.0,0.0,0.0,0.0,0.0198628939688205,0.0,0.0,0.0,0.0,0.0,0.0161615796387195,0.0,0.0,0.0107842274010181,0.0,0.0272857770323753,0.0,0.0041859000921249,0.0,0.0,0.0094705717638134,0.0128204207867383,0.1581979542970657,0.0371950902044773,0.0508928410708904,0.0117396842688322,0.0132278576493263,0.0912593454122543,0.0279453489929437,0.0,0.0267425011843442,0.0109173003584146,0.0,0.0204493422061204,0.0136193754151463,0.0105010000988841,0.0395333506166935,0.0,0.0457384213805198,0.0,0.053020916879177,0.0,0.0,0.0152468467131257,0.0,0.0,0.0,0.0,0.0,0.0122889997437596,0.0,0.0,0.0,0.0,0.0,0.0,0.0243087001144886,0.0,0.0,0.0,0.0050789266824722,0.0,0.0080314641818404,0.0,0.0,0.0,0.0,0.0062931631691753,0.0,0.0,0.0391411520540714,0.0,0.0289755947887897,0.0,0.0106805926188826,0.0,0.0114580001682043,0.0328222028911113,0.0,0.0,0.0055466094054281,0.0,0.0,0.0,0.0,0.0399438440799713,0.0204051416367292,0.0682705789804458,0.0083671286702156,0.0476405955851078,0.0,0.0
3352,0.0,0.0,0.0,0.0,0.0,0.0,0.0,0.0,0.0,0.0,0.0,0.0,0.0,0.0,0.0,0.0,0.0,0.0,0.0,0.0,0.0,0.0,0.0,0.0,0.0,0.0,0.0,0.0,0.0,0.0,0.0,0.0,0.0,0.0,0.0,0.0,0.0,0.0,0.0,0.0,0.0,0.0,0.0,0.0,0.0,0.0,0.0,0.0,0.0,0.0,0.0,0.0,0.0,0.0,0.0,0.0,0.0,0.0,0.0,0.0,0.0,0.0,0.0,0.0,0.0,0.0,0.0,0.0,0.0,0.0,0.0,0.0,0.0,0.0,0.0,0.0,0.0,0.0,0.0,0.0,0.0,0.0,0.0,0.0,0.0,0.0,0.0,0.0,0.0,0.0,0.0,0.0,0.0,0.0,0.0,0.0,0.0,0.0,0.0,0.0,0.0,0.0,0.0,0.0,0.0,0.0,0.0,0.0,0.0,0.0,0.0,0.0,0.0,0.0,0.0,0.0,0.0,0.0,0.0,0.0,0.0,0.0,0.0,0.0,0.0,0.0,0.0,0.0
3356,0.0,0.0434782616794109,0.0029019564390182,0.0278205256909132,0.011984190903604,0.0,0.0,0.0,0.0,0.0,0.0,0.0,0.0,0.0,0.0,0.0,0.0,0.0,0.0,0.0094431303441524,0.0282149109989404,0.0,0.0,0.0,0.0,0.0029911366291344,0.0093728257343173,0.0,0.0129384994506835,0.0,0.0362868495285511,0.0330279543995857,0.0701058730483055,0.0,0.0,0.0,0.0,0.0,0.0,0.0148926666006445,0.0263826958835124,0.0,0.0,0.0,0.0,0.0317048765718936,0.0,0.0,0.0,0.0,0.0078938184306025,0.0,0.0,0.0,0.0,0.0,0.0,0.0,0.0043824999593198,0.0253420863300561,0.0,0.0,0.0027633912395685,0.0,0.0,0.0,0.0,0.0,0.0,0.0054349168203771,0.0,0.0,0.0,0.0216162092983722,0.0,0.0,0.0,0.0,0.0160686187446117,0.0,0.0,0.0,0.0110308798030018,0.0,0.0,0.0,0.0,0.0,0.0,0.0,0.0,0.0,0.0,0.0,0.0,0.0399626791477203,0.0,0.0,0.0048117917031049,0.0,0.0,0.0153655242174863,0.0107137616723775,0.0,0.0,0.0,0.0,0.0,0.0,0.0,0.0,0.0116560002788901,0.0,0.0,0.0337767302989959,0.0,0.0,0.0,0.0244233757257461,0.0,0.0,0.0,0.0,0.0,0.0,0.0,0.0,0.0
3360,0.0,0.2695659101009369,0.2621970176696777,0.3128158748149872,0.2157655209302902,0.0,0.2046369165182113,0.0,0.0,0.2847355902194977,0.2607190012931824,0.0,0.0,0.0,0.2717002928256988,0.0,0.2208892703056335,0.0,0.237194076180458,0.0,0.0,0.2829060554504394,0.267623633146286,0.1840969771146774,0.0,0.0,0.0,0.0,0.0,0.2500534951686859,0.279518723487854,0.0,0.0,0.0,0.2787791788578033,0.2422525882720947,0.0,0.0,0.0,0.2145350277423858,0.0,0.295691967010498,0.3770807385444641,0.0,0.0,0.4445759356021881,0.308100014925003,0.3138572573661804,0.0,0.3268160820007324,0.2974025905132293,0.0,0.0,0.0,0.2805778086185455,0.0,0.2801919281482696,0.141376793384552,0.0,0.1919663548469543,0.2894245088100433,0.2157121449708938,0.0,0.0,0.226035475730896,0.266355961561203,0.2903265058994293,0.2955689430236816,0.309837281703949,0.2389917522668838,0.0,0.0,0.0,0.2807137072086334,0.2196405231952667,0.0,0.0,0.0,0.0,0.0,0.0,0.0,0.2240862548351287,0.2080232203006744,0.0,0.2647561728954315,0.3033093214035034,0.215909793972969,0.3602066934108734,0.2650889754295349,0.0,0.22349813580513,0.2247574031352996,0.2496081590652465,0.2871786952018738,0.0,0.315405786037445,0.1604687273502349,0.3016355335712433,0.0,0.0,0.0,0.2372949719429016,0.0,0.0,0.2675830125808716,0.0,0.0,0.0,0.2932197451591491,0.0,0.0,0.0,0.252879798412323,0.0,0.3068106472492218,0.0,0.236886978149414,0.0,0.3029853999614715,0.0,0.402628630399704,0.0,0.0,0.246780440211296,0.245604857802391,0.0,0.3110931813716888
3361,0.0847144946455955,0.0,0.0,0.0,0.0286279991269111,0.0687728747725486,0.0,0.0,0.0,0.0,0.0,0.0,0.0,0.0,0.0,0.0,0.0,0.0,0.0,0.0,0.0,0.048361200839281,0.0,0.4658535122871399,0.1950431615114212,0.0,0.1317067444324493,0.0,0.0,0.0,0.0137537149712443,0.603742778301239,0.3382844924926758,0.0,0.0,0.6186424493789673,0.1608489006757736,0.2968250215053558,0.5597935914993286,0.0749500095844268,0.0,0.5487901568412781,0.2788107991218567,0.0111403334885835,0.0,0.0426132008433342,0.6136153936386108,0.0,0.0,0.0,0.0,0.1290751695632934,0.0,0.0,0.0,0.0,0.0,0.5555030107498169,0.57789546251297,0.5232354998588562,0.0,0.2542544603347778,0.0,0.4211161732673645,0.467716634273529,0.0,0.0,0.2329929918050766,0.0,0.0,0.0,0.0,0.0,0.2637327313423157,0.0499363355338573,0.0,0.0,0.0,0.4074941575527191,0.4090794622898102,0.0,0.0,0.0,0.1114499941468238,0.0,0.8489580750465393,0.0,0.0,0.0,0.1680244505405426,0.0,0.0,0.4871869683265686,0.0,0.0981731116771698,0.0,0.346874862909317,0.0,0.4396765530109405,0.0,0.0,0.4791952967643738,0.0,0.2663403451442718,0.0,0.272953450679779,0.6953765153884888,0.5621234774589539,0.1809028685092926,0.0,0.0,0.0,0.13124780356884,0.2842842936515808,0.2939872741699219,0.0,0.4744004607200622,0.5437514781951904,0.0219733007252216,0.5648276805877686,0.0,0.623656153678894,0.0,0.4830174148082733,0.1179722920060157,0.0,0.0172077156603336,0.0
3362,0.0898275002837181,0.0,0.8509286046028137,0.491903156042099,0.4706100225448608,0.2337368279695511,0.0,0.0,0.0,0.0370765551924705,0.0,0.5471702814102173,0.3488678932189941,0.2358221709728241,0.0,0.0606862492859363,0.0879850015044212,0.5288515686988831,0.407353013753891,0.0452692024409771,0.9626476764678956,0.589901328086853,0.3258695602416992,0.1274978369474411,0.4458996951580047,0.2697643041610718,0.7525752186775208,0.5792330503463745,0.2502758502960205,0.8992938995361328,0.886938214302063,0.3116271793842315,0.4983196258544922,0.6108083128929138,0.4139434397220611,0.6489009261131287,0.6818704605102539,0.5619337558746338,0.3378668129444122,0.3143566250801086,0.2133385241031646,0.6118924617767334,0.5922762155532837,0.1636063009500503,0.6105530261993408,0.4368616044521332,0.4440066516399383,0.3805828094482422,0.1659413874149322,0.2430591583251953,0.7183465957641602,0.2536703050136566,0.1009104400873184,0.5406720042228699,0.4095421731472015,0.5813582539558411,0.3831211030483246,0.4565049111843109,0.403071641921997,0.3283940851688385,0.4057419300079345,0.0,0.6129603981971741,0.7053585052490234,0.4334588944911957,0.1368834525346756,0.5430102944374084,0.4169932305812835,0.7208675146102905,0.7493323087692261,0.0119978748261928,0.7964907288551331,0.4716054201126098,0.1165478229522705,0.0,0.3847259283065796,0.4519863128662109,0.299511194229126,0.4331594705581665,0.4326545894145965,0.0,0.2956413626670837,0.0810953974723815,0.4593394696712494,0.0313490368425846,0.4608348608016968,0.3747968077659607,0.7098910212516785,0.2735570073127746,0.5076388716697693,0.4017253220081329,0.3025818467140198,0.5975270867347717,0.4050532877445221,0.3116406798362732,0.0242844000458717,0.3094584941864013,0.4238823354244232,0.7756460309028625,0.2244814336299896,0.706817626953125,0.0,0.3077873587608337,0.3366057574748993,0.2045742720365524,0.1445710659027099,0.985775351524353,0.4314747154712677,0.4019849896430969,0.3287104964256286,0.3061333894729614,0.8965345621109009,0.8185537457466125,0.3013754785060882,0.2632182240486145,0.3979941308498382,0.7170642018318176,0.486734539270401,0.0768954530358314,0.2063584327697754,0.5821583867073059,0.3967484533786773,0.3082427084445953,0.5709419250488281,0.6997160315513611,0.4331012070178985,0.3680761456489563,0.4569423794746399
3363,0.0,0.0,0.0,0.0,0.0,0.0,0.0,0.0781745091080665,0.0,0.0,0.0,0.0,0.0,0.0,0.0,0.0,0.0,0.0,0.0,0.0,0.0,0.0,0.0,0.0,0.0,0.0,0.0,0.0,0.0257078893482685,0.0,0.0,0.0,0.0,0.0,0.0,0.0,0.0,0.0,0.0,0.0,0.0,0.2226231694221496,0.0,0.0,0.0257327500730752,0.0,0.0,0.0,0.0,0.0,0.0501880794763565,0.0,0.0,0.0,0.0,0.0,0.0,0.0,0.0,0.0,0.0,0.2247804999351501,0.0,0.0,0.0,0.0,0.0,0.0,0.0,0.0,0.0,0.0,0.0,0.0,0.0,0.0,0.0,0.0,0.0,0.0,0.0,0.0,0.0,0.0,0.0,0.0,0.0,0.0,0.0,0.0,0.0,0.2287090122699737,0.0,0.0,0.0,0.0,0.0,0.4431572556495666,0.0,0.0,0.0,0.0,0.0,0.0,0.0,0.0,0.0,0.0,0.0,0.0,0.0,0.1886657923460006,0.0,0.0,0.0,0.0,0.0,0.0,0.0,0.0,0.0,0.0,0.0,0.0,0.0,0.0,0.0,0.0
3365,0.0,0.0,0.0212462004274129,0.0,0.0,0.0,0.0090987924486398,0.0,0.0,0.0,0.0,0.0,0.0,0.0,0.0,0.0,0.0,0.0,0.0,0.0,0.0,0.0,0.0,0.0,0.0,0.0,0.0,0.0,0.0,0.0,0.0,0.0,0.0,0.0,0.0,0.0,0.0,0.0,0.0,0.0,0.0100427828729152,0.0,0.0,0.0,0.0,0.0,0.0,0.0,0.0,0.0,0.0,0.0,0.0,0.0,0.0,0.0,0.0,0.0,0.0,0.0084953466430306,0.0,0.0,0.0,0.0,0.0,0.0,0.0,0.0,0.0,0.0,0.0,0.0,0.0,0.0,0.0,0.5643799901008606,0.0,0.0,0.0,0.026533430442214,0.1878319978713989,0.0,0.0,0.0,0.0,0.0,0.0,0.0,0.0,0.0,0.0,0.0,0.0,0.0,0.0190343577414751,0.0,0.0,0.0,0.0,0.0,0.0,0.0,0.0,0.0,0.0,0.3272500038146972,0.0,0.0,0.0,0.0149186197668313,0.0,0.0,0.0116251586005091,0.0163095779716968,0.0494321584701538,0.0,0.0,0.0,0.0,0.0,0.0093635926023125,0.0,0.0,0.0,0.0,0.0,0.0,0.0
3367,0.0,0.0,0.0,0.0,0.0,0.0,0.0,0.0,0.0,0.0,0.0,0.0,0.0,0.0,0.0,0.0,0.0,0.0,0.0,0.0,0.0,0.0,0.0,0.0,0.0,0.0,0.0,0.0,0.0,0.0,0.0,0.0,0.0,0.0,0.0,0.0,0.0,0.0,0.0,0.0,0.0,0.0,0.0,0.0,0.0,0.0,0.0,0.0,0.0,0.0,0.0,0.0,0.0,0.0,0.0,0.0,0.0,0.0,0.0,0.0,0.0,0.0,0.0,0.0,0.0,0.0,0.0,0.0,0.0,0.0,0.0,0.0,0.0,0.0,0.0,0.0,0.0,0.1880439966917038,0.0,0.0,0.0,0.0,0.0,0.0,0.0,0.0,0.0,0.0,0.0,0.0,0.0,0.0,0.0,0.0,0.0,0.0,0.0,0.0,0.0,0.0,0.0,0.0,0.0,0.0,0.0,0.0,0.0,0.0,0.0,0.0,0.0,0.0,0.0,0.0,0.0859740003943443,0.0,0.0765430033206939,0.0,0.0,0.0,0.0,0.0,0.0,0.0,0.0,0.0,0.0,0.0
3368,0.0,0.0,0.0,0.0,0.0,0.0,0.0,0.0,0.0,0.0,0.0,0.0,0.0,0.0,0.0,0.0,0.0,0.0,0.0,0.0,0.0,0.0,0.0,0.0032309542875736,0.0,0.0,0.0,0.0,0.0,0.0,0.0,0.0,0.0,0.0,0.0,0.0,0.0,0.0,0.0,0.0499575771391391,0.0131356008350849,0.0,0.0,0.0,0.0,0.0,0.0,0.0,0.0,0.0,0.0,0.0,0.0147743420675396,0.0,0.0,0.0,0.0,0.0,0.0,0.0,0.0,0.0,0.0,0.0,0.0,0.0,0.0,0.0,0.0,0.0,0.0,0.0,0.0,0.0,0.0,0.0,0.0,0.0,0.0,0.0,0.0,0.0131479240953922,0.0,0.0,0.0,0.0,0.0,0.0,0.0,0.0,0.0,0.0,0.0,0.0,0.0182936377823352,0.0,0.0,0.0,0.0,0.0,0.0,0.0,0.0,0.0,0.0,0.0,0.0,0.0,0.0,0.0,0.0,0.0,0.0,0.0,0.0,0.0,0.0106148375198245,0.0,0.0223468467593193,0.0,0.0,0.0,0.0,0.0,0.0,0.0,0.0,0.0
3369,0.0,0.0,0.0,0.0,0.0,0.0,0.0,0.0,0.0,0.0,0.0,0.0,0.0,0.0,0.0,0.0,0.0,0.0,0.0,0.0,0.0,0.0,0.0,0.0,0.0,0.0,0.0,0.0,0.0,0.0,0.0,0.0,0.0,0.0,0.0,0.0,0.0,0.0,0.0,0.0,0.0,0.0,0.0,0.0,0.0,0.0,0.0,0.0,0.0,0.0,0.0,0.0,0.0,0.0,0.0,0.0,0.0,0.0,0.0,0.0,0.0,0.0,0.0,0.0,0.0,0.0,0.0,0.0,0.0,0.0,0.0,0.0,0.0,0.0,0.0,0.0,0.0,0.0,0.0,0.0,0.0,0.0,0.0,0.022716000676155,0.0,0.0,0.0,0.0,0.0,0.0,0.0,0.0,0.0,0.0,0.0,0.0,0.0,0.0,0.0,0.0,0.0,0.0,0.0,0.0,0.0,0.0,0.0,0.0,0.0,0.0,0.0,0.0,0.0,0.0,0.0,0.0,0.0,0.0,0.0,0.0,0.0,0.0,0.0,0.0,0.0,0.0,0.0,0.0
3371,0.0,0.0,0.0,0.0,0.0,0.0,0.0,0.0,0.0,0.0,0.0,0.0,0.0,0.0,0.0,0.0,0.0,0.0,0.0,0.0,0.0,0.0,0.0,0.0,0.0,0.0,0.0,0.0,0.0,0.0,0.0,0.0,0.0,0.0,0.0,0.0,0.0,0.0,0.0,0.0,0.0,0.0,0.0,0.0,0.0,0.0,0.0,0.0,0.0,0.0,0.0,0.0,0.0,0.0,0.0,0.0,0.0,0.0,0.0,0.0,0.0,0.0,0.0,0.0,0.0,0.0,0.0,0.0,0.0,0.0,0.0,0.0,0.0,0.0,0.0,0.0,0.0,0.0,0.0,0.0,0.0,0.0,0.0,0.0,0.0,0.0,0.0,0.0,0.0,0.0,0.0,0.0,0.0,0.0,0.0,0.0,0.0,0.0,0.0,0.0,0.0,0.0,0.0,0.0,0.0,0.0,0.0,0.0,0.0,0.0,0.0,0.0,0.0,0.0,0.0,0.0,0.0,0.0,0.0,0.0,0.0,0.0,0.0,0.0,0.0,0.0,0.0,0.0
3373,0.0,0.0,0.0,0.0,0.0,0.0,0.0,0.0,0.0,0.0,0.0,0.0,0.0,0.0,0.0,0.0,0.0,0.0,0.0,0.0,0.0,0.0,0.0,0.0,0.0,0.0,0.0,0.3555560111999511,0.0,0.0,0.0,0.0,0.0,0.0,0.0,0.0,0.0,0.0,0.0,0.2746950089931488,0.0,0.0,0.0,0.0,0.0,0.0,0.0,0.0,0.2567879855632782,0.0,0.0,0.0,0.0,0.0,0.1231309995055198,0.0,0.0,0.0,0.0,0.0,0.0,0.0,0.0,0.5399690270423889,0.0,0.0,0.0,0.577938973903656,0.0,0.0,0.0,0.0,0.0,0.0,0.0,0.0,0.0,0.0,0.0,0.0,0.0,0.0,0.0,0.0,0.0,0.0,0.0,0.0,0.0,0.0,0.0,0.0,0.0,0.0,0.0,0.0,0.0,0.0,0.0,0.0,0.0,0.0,0.0,0.0,0.0,0.0,0.0,0.0,0.0,0.0,0.0,0.0,0.0,0.0,0.0,0.0,0.0,0.0,0.0,0.0,0.0,0.0,0.0,0.0,0.0,0.0,0.0,0.0
3374,0.0,0.0336803197860717,0.0,0.0,0.0,0.0220997389405965,0.0,0.0,0.0,0.0,0.0,0.0,0.0,0.0,0.0,0.0,0.0,0.0,0.0,0.0,0.0389566682279109,0.0,0.0,0.0,0.0,0.0,0.0001385238138027,0.0,0.0,0.0,0.0,0.0,0.0374827273190021,0.0,0.0185047276318073,0.0,0.0,0.0,0.0,0.0,0.0229817740619182,0.0,0.0,0.0,0.0,0.0547890365123748,0.0,0.0160197596997022,0.0,0.0,0.0,0.0,0.0,0.0,0.0037675832863897,0.0,0.0,0.0,0.0,0.0248314794152975,0.0,0.0,0.0,0.0,0.0,0.0,0.0,0.0,0.0,0.0223092101514339,0.0083979563787579,0.0027261199429631,0.0,0.0,0.0,0.0,0.0,0.0,0.0,0.0,0.0,0.0,0.0,0.0,0.0,0.0,0.0,0.0,0.0052479999139904,0.0,0.0,0.0,0.0,0.0,0.0,0.0643793493509292,0.0,0.0,0.0433527529239654,0.0,0.0,0.0046484288759529,0.0065116821788251,0.0,0.0096293007954955,0.0,0.0,0.0,0.0194087512791156,0.021539818495512,0.0,0.0,0.0,0.0035741904284805,0.0,0.0114393336698412,0.0,0.0,0.0,0.0,0.0,0.0,0.0,0.0,0.0,0.0085450001060962,0.0,0.0
3376,0.0,0.0,0.0,0.0,0.0,0.0,0.0,0.0,0.0,0.0,0.0,0.0,0.0,0.0,0.0,0.1176522076129913,0.0,0.0,0.0,0.0,0.0,0.1778604239225387,0.0,0.0,0.0,0.0,0.0,0.0,0.0,0.0,0.0,0.0,0.0,0.0,0.0434195064008235,0.0,0.0,0.0611224099993705,0.1009405478835105,0.0,0.0,0.0,0.0,0.0,0.0,0.0,0.0,0.0,0.0,0.0,0.0,0.0,0.0,0.0,0.0,0.0,0.0,0.0,0.0,0.0,0.0,0.0,0.0,0.0,0.0985519737005233,0.0,0.0,0.0,0.0,0.0,0.0,0.0,0.0,0.0,0.0,0.0,0.0,0.1263664215803146,0.0,0.0,0.0,0.0,0.0,0.0,0.0,0.0,0.1077414900064468,0.0,0.0,0.0,0.0,0.0,0.0,0.0,0.1231138408184051,0.0,0.0,0.0,0.161077082157135,0.0,0.0,0.0,0.0,0.0,0.1222086399793624,0.0,0.0,0.0,0.0,0.0,0.0,0.0,0.0,0.0,0.0,0.0,0.0,0.0,0.0,0.0,0.0,0.0,0.0483524017035961,0.0,0.0,0.0,0.0,0.0
3381,0.0,0.0,0.0,0.0,0.0,0.0,0.0,0.0,0.0,0.0,0.0,0.0,0.0,0.0,0.0,0.0,0.0,0.0,0.0,0.0,0.0,0.0,0.0,0.0,0.0,0.0,0.0,0.0,0.0,0.0,0.0,0.0,0.0,0.0,0.0,0.0,0.0,0.0,0.0,0.0,0.0,0.0,0.0,0.0,0.0,0.0,0.0,0.0,0.0,0.0,0.0,0.0,0.0,0.0,0.0,0.0,0.0,0.0,0.0,0.0,0.0,0.0,0.0,0.0,0.0,0.0,0.0,0.0,0.0,0.0,0.0,0.0,0.0,0.0,0.0,0.0,0.0,0.0,0.0,0.0,0.0,0.0,0.0,0.0,0.0,0.0,0.0,0.0,0.0,0.0,0.0,0.0,0.0,0.0,0.0,0.0,0.0,0.0,0.0,0.0,0.0,0.0,0.0,0.0,0.0,0.0,0.0,0.0,0.0,0.0,0.0,0.0,0.0,0.0,0.0,0.0,0.0,0.0,0.0,0.0,0.0,0.0,0.0,0.0,0.0,0.0,0.0,0.0
3382,0.0,0.0,0.0,0.0,0.0,0.0,0.0,0.0,0.0,0.0,0.0,0.0,0.0,0.0,0.0,0.0,0.0,0.0,0.0205717999488115,0.0,0.0,0.0,0.0,0.0,0.0,0.0,0.0,0.0,0.0,0.0,0.0,0.0,0.0,0.0,0.0,0.04590680077672,0.0,0.0207650009542703,0.0,0.0,0.0,0.0,0.0,0.0,0.0,0.0,0.0,0.0,0.0,0.0,0.0,0.0,0.0,0.0,0.0,0.0,0.0,0.0,0.0,0.0,0.0,0.0199811998754739,0.0,0.0,0.0,0.0,0.0,0.0,0.0,0.0,0.0,0.0,0.0,0.0,0.0,0.0,0.0,0.0,0.0,0.0199538003653287,0.0,0.0,0.0,0.0,0.0,0.0,0.0,0.0,0.0,0.0,0.0,0.0,0.0,0.0,0.0,0.0,0.0311259981244802,0.0,0.0,0.0,0.0,0.0,0.0,0.0,0.0,0.0,0.0,0.0,0.0,0.0,0.0,0.0,0.0244510006159544,0.0,0.0,0.0122899999842047,0.0,0.0,0.0,0.0,0.0,0.0191670004278421,0.0,0.0,0.0,0.0,0.0,0.0
3391,0.0,0.0,0.0,0.0,0.0,0.0,0.0,0.0,0.0,0.0,0.0,0.0,0.0,0.0,0.0,0.0,0.0,0.0,0.0,0.0,0.0,0.0,0.0,0.0,0.0,0.0,0.0,0.0,0.0,0.0,0.0,0.0,0.0,0.0,0.0,0.0,0.0,0.0,0.0,0.0,0.0,0.0,0.0,0.0,0.0,0.0,0.0,0.0,0.0,0.0,0.0,0.0,0.0,0.0,0.0,0.0,0.0,0.0,0.0,0.0,0.0,0.0,0.0,0.0,0.0,0.0,0.0,0.0,0.0,0.0,0.0,0.0,0.0,0.0,0.0,0.0,0.0,0.0,0.0,0.0,0.0,0.0,0.0,0.0,0.0,0.0,0.0,0.0,0.0,0.0,0.0,0.0,0.0,0.0,0.0,0.0,0.0,0.0,0.0,0.0,0.0,0.0,0.0,0.0,0.0,0.0,0.0,0.0,0.0,0.0,0.0,0.0,0.0,0.0,0.0,0.0,0.0,0.0,0.0,0.0,0.0,0.0,0.0,0.0,0.0,0.0,0.0,0.0
3392,0.0,0.0,0.0,0.0,0.1167950928211212,0.0,0.0258596520870924,0.1902597546577453,0.0,0.100242793560028,0.0,0.0,0.0,0.0728785246610641,0.0,0.0,0.1904284358024597,0.0835677534341812,0.0,0.1880730837583542,0.0,0.0628392770886421,0.0,0.0,0.0291284807026386,0.0280317813158035,0.0,0.0,0.1199140846729278,0.1695710867643356,0.0,0.0,0.0,0.0584194175899028,0.1690695732831955,0.0,0.0200503822416067,0.0,0.0,0.0179422497749328,0.1516493707895279,0.0,0.0985995233058929,0.0,0.0172892864793539,0.0733796656131744,0.0,0.0,0.2146589308977127,0.0,0.0930469185113906,0.0,0.1133270263671875,0.0,0.0,0.0,0.0,0.0,0.0248038712888956,0.0,0.0,0.2415267080068588,0.0,0.0412922725081443,0.1357459276914596,0.0,0.0,0.0,0.0,0.0,0.0,0.0,0.0,0.1182375624775886,0.1124924346804618,0.0,0.0,0.0,0.0,0.0,0.0,0.173752412199974,0.0,0.1568991094827652,0.0,0.0,0.0,0.0,0.0,0.0,0.0550493262708187,0.0,0.0,0.0,0.0,0.0,0.3489296436309814,0.0,0.0,0.2484164834022522,0.0,0.0,0.3041845262050628,0.0,0.0,0.0,0.0054612904787063,0.0,0.0311652477830648,0.0,0.1384630501270294,0.0754011496901512,0.0,0.0,0.1860134154558181,0.0,0.2087086737155914,0.0,0.0,0.0269221775233745,0.1559797674417495,0.1204329654574394,0.0,0.0361567512154579,0.0,0.0,0.0,0.0
3393,0.0,0.0,0.0,0.0,0.0,0.0,0.0,0.0,0.0,0.0,0.0,0.0,0.0,0.0,0.0,0.0,0.0,0.0,0.0,0.0,0.0,0.0,0.0,0.0,0.0,0.0,0.0,0.0,0.0,0.0,0.0,0.0,0.0,0.0,0.0,0.0,0.0,0.0,0.0,0.0,0.0,0.0,0.0,0.0,0.0,0.0,0.0,0.0,0.0,0.0,0.0,0.0,0.0,0.0,0.0,0.0,0.0,0.0,0.0,0.0,0.0,0.0,0.0,0.0,0.0,0.0,0.0,0.0,0.0,0.0,0.0,0.0,0.0,0.0,0.0,0.0,0.0,0.0,0.0,0.0,0.0,0.0,0.0,0.0,0.0,0.0,0.0,0.0,0.0,0.0,0.0,0.0,0.0,0.0,0.0,0.0,0.0,0.0,0.0,0.0,0.0,0.0,0.0,0.0,0.0,0.0,0.0,0.0,0.0,0.0,0.0,0.0,0.0,0.0,0.0,0.0,0.0,0.0,0.0,0.0,0.0,0.0,0.0,0.0,0.0,0.0,0.0,0.0
3397,0.0,0.0,0.0,0.0,0.0,0.0,0.0,0.0,0.0,0.0,0.0,0.0,0.0,0.0,0.1107552275061607,0.0,0.0,0.0,0.0,0.0,0.0,0.0,0.0,0.0,0.0,0.0,0.0,0.0,0.0,0.0,0.0,0.0,0.0,0.0,0.0,0.0,0.0,0.0,0.0,0.0,0.0,0.0,0.0,0.0,0.0,0.0,0.0,0.0,0.0442397817969322,0.0,0.0,0.0,0.0,0.0,0.0,0.0,0.0,0.9576933979988098,0.0,0.2507480084896087,0.0,0.018191110342741,0.0,0.0,0.0,0.0,0.0,0.0,0.0,0.0,0.0,0.0,0.0,0.0,0.0,0.0,0.0,0.0,0.0,0.0,0.0,0.0,0.0,0.0,0.0,0.0,0.0,0.0,0.0,0.0,0.0,0.0,0.0,0.0,0.0,0.0,0.0,0.0,0.0,0.0,0.0,0.0,0.0,0.0,0.0,0.0,0.0,0.0,0.0,0.0,0.0,0.0,0.0,0.0,0.0,0.0,0.0,0.0,0.0,0.0,0.0,0.0,0.0,0.0,0.0,0.0,0.0,0.0
3399,0.0,0.0,0.0,0.0,0.0,0.0,0.0,0.0,0.0,0.0,0.0,0.0,0.0,0.0,0.0,0.0,0.0,0.0,0.0,0.0,0.0,0.0,0.0,0.0,0.0,0.0,0.0,0.0,0.0,0.0,0.0,0.0,0.0,0.0,0.0,0.0,0.0,0.0,0.0,0.0,0.0,0.0,0.0,0.0,0.0,0.0,0.0,0.0,0.0,0.0,0.0,0.0,0.0,0.0332285016775131,0.0,0.0,0.0,0.0,0.0,0.0,0.0,0.0,0.0,0.0,0.0,0.0,0.0,0.0,0.0,0.0,0.0,0.0,0.0,0.0,0.0,0.0,0.0,0.0,0.0,0.0,0.0,0.0,0.0,0.0,0.0,0.0,0.0,0.0,0.0,0.0,0.0,0.0,0.0,0.0,0.0,0.0,0.0,0.0,0.0,0.0,0.0,0.0,0.0,0.0,0.0,0.0,0.0,0.0,0.0,0.0,0.0,0.0,0.0,0.0,0.0,0.0,0.0,0.0,0.0,0.0,0.0,0.0,0.0,0.0,0.0,0.0,0.0,0.0
3401,0.0,0.0,0.0,0.0,0.0,0.0,0.0,0.0,0.0,0.144119381904602,0.0,0.0,0.0,0.0,0.0,0.0,0.0,0.0,0.0,0.0,0.0,0.0,0.0,0.0,0.0,0.0,0.0,0.0,0.0,0.0,0.1756541877985,0.0,0.0,0.0537512488663196,0.0,0.0,0.0,0.0,0.0,0.0,0.0134988585487008,0.1745991110801696,0.0,0.0,0.0,0.0,0.0,0.0,0.0,0.0,0.0,0.0,0.0,0.0,0.0,0.3023210167884826,0.0,0.0,0.0,0.0,0.0,0.0,0.0,0.0,0.0,0.0,0.259819358587265,0.0,0.0,0.0,0.0,0.0,0.0233984626829624,0.4058987200260162,0.0,0.0,0.0,0.0,0.0,0.0,0.5394608378410339,0.0,0.0,0.0,0.0,0.0,0.093799352645874,0.0,0.0,0.0,0.0,0.0,0.0,0.1153281107544899,0.0,0.0,0.0,0.0,0.0,0.0,0.0,0.0,0.0,0.4369014501571655,0.0,0.3395941257476806,0.0,0.0,0.0,0.0853108018636703,0.0,0.0121809998527169,0.0,0.0,0.0,0.0,0.0,0.0,0.0,0.0,0.0,0.0,0.0,0.0,0.0,0.0,0.0,0.0
3404,0.0,0.0,0.0,0.0,0.0,0.0,0.0,0.0,0.0,0.0,0.0,0.0,0.0,0.0,0.0,0.0,0.0,0.0,0.0,0.0,0.0,0.0,0.0,0.0,0.0,0.0,0.0,0.0,0.0,0.0,0.0,0.0,0.0,0.0,0.0,0.0,0.0,0.0,0.0,0.0,0.0,0.0,0.0,0.0,0.0,0.0,0.0,0.0,0.0,0.0,0.0,0.0,0.0,0.0,0.0,0.0,0.0,0.0,0.0,0.0,0.0,0.0,0.0,0.0,0.0,0.0,0.0,0.0,0.0,0.0,0.0,0.0,0.0,0.0,0.0,0.0,0.0,0.0,0.0,0.0,0.0,0.0,0.0,0.0,0.0,0.0,0.0,0.0,0.0,0.0,0.0,0.0,0.0,0.0,0.0,0.0,0.0,0.0,0.0,0.0,0.0,0.0,0.0,0.0,0.0,0.0,0.0,0.0,0.0,0.0,0.0,0.0,0.0,0.0,0.0,0.0,0.0,0.0,0.0,0.0,0.0,0.0,0.0,0.0,0.0,0.0,0.0,0.0
3407,0.0,0.0,0.0,0.0,0.0,0.0,0.0,0.0,0.0,0.0,0.0,0.0,0.0,0.0,0.0,0.0,0.0,0.0,0.0,0.0,0.0,0.0,0.0,0.0,0.0,0.0,0.0,0.0,0.0,0.0,0.0,0.0,0.0,0.0,0.0,0.0,0.0,0.0,0.0,0.0,0.0,0.0,0.0,0.0,0.0,0.0,0.0,0.0,0.0,0.0,0.0,0.0,0.0,0.0,0.0,0.0,0.0,0.0,0.0,0.0,0.0,0.0,0.0,0.0,0.0,0.0,0.0,0.0,0.0,0.0,0.0,0.0,0.0,0.0,0.0,0.0,0.0,0.0,0.0,0.0,0.0,0.0,0.0,0.0,0.0,0.0,0.0,0.0,0.0,0.0,0.0,0.0,0.0,0.0,0.0,0.0,0.0,0.0,0.0,0.0,0.0,0.0,0.0,0.0,0.0,0.0,0.0,0.0,0.0,0.0,0.0,0.0,0.0,0.0,0.0,0.0,0.0,0.0,0.0,0.0,0.0,0.0,0.0,0.0,0.0,0.0,0.0,0.0
3411,0.0,0.0,0.0,0.0,0.0,0.0,0.0,0.0,0.0,0.0,0.0,0.0,0.3420440554618835,0.0238091815263032,0.0324631743133068,0.0,0.0,0.0,0.0,0.0,0.1223493888974189,0.0,0.0,0.0224717911332845,0.0,0.0,0.0,0.0,0.0,0.0257162116467952,0.0,0.0,0.0,0.0,0.0,0.0442737489938735,0.0,0.0316247269511222,0.0,0.0,0.0,0.0,0.0,0.0,0.0,0.0,0.0,0.0,0.0,0.0,0.0,0.0,0.0,0.0033499523997306,0.0,0.0,0.0,0.0,0.0470945239067077,0.0,0.0,0.0,0.0304341427981853,0.0,0.0087595554068684,0.0,0.0,0.0028315454255789,0.0,0.0,0.0,0.0,0.0550800710916519,0.0,0.0,0.0,0.0,0.010935646481812,0.0,0.0,0.0,0.0,0.0142048001289367,0.0,0.0450560376048088,0.0,0.0,0.0175711661577224,0.0,0.3490231037139892,0.0,0.0,0.0,0.0,0.0,0.0,0.0,0.0,0.0,0.0,0.0,0.0,0.0,0.0,0.0,0.0,0.0,0.0,0.0,0.0121569521725177,0.0,0.0,0.0,0.0,0.0,0.0,0.0,0.0,0.0,0.0,0.0,0.0,0.0,0.0,0.0,0.0,0.0,0.0
3415,0.0,0.0,0.0,0.0,0.0,0.0,0.0,0.0,0.0,0.0,0.0,0.0,0.0,0.0,0.0,0.0,0.0,0.0,0.0,0.0,0.0,0.0,0.0,0.0,0.0,0.0,0.0,0.0,0.0,0.0,0.0,0.0,0.0,0.0,0.0,0.0276853330433368,0.0,0.0,0.0,0.0130140539258718,0.0,0.0,0.0,0.0,0.0,0.0,0.0,0.0,0.0,0.0,0.0,0.0,0.0,0.0,0.0,0.0,0.0,0.0,0.0,0.0696454644203186,0.0,0.0,0.0,0.0,0.0,0.0,0.0,0.0,0.0,0.0,0.0,0.0860638320446014,0.0,0.0,0.0,0.0,0.0,0.0,0.0,0.0,0.0,0.0,0.0,0.0,0.0,0.0,0.0,0.0,0.0,0.0,0.0,0.0,0.0,0.0,0.0,0.0,0.0,0.0,0.0267651788890361,0.0,0.0,0.0,0.0,0.0,0.0,0.0,0.0,0.0,0.0,0.0,0.0,0.0,0.0,0.0441088005900383,0.0,0.0,0.0,0.0,0.0,0.0,0.8973900675773621,0.0,0.0,0.0,0.0,0.0,0.0,0.0
3416,0.0,0.0,0.0,0.0,0.0,0.0,0.0,0.0,0.0,0.0,0.0,0.0,0.0,0.0,0.0,0.0,0.0,0.0,0.0,0.0,0.0,0.0,0.0,0.0,0.0,0.0,0.0,0.0,0.0,0.0,0.0,0.0,0.0,0.0,0.0,0.0,0.0,0.0,0.0,0.0,0.0,0.0,0.0,0.0,0.0,0.0,0.0,0.0,0.0,0.0,0.0,0.0,0.0,0.0,0.0,0.0,0.0,0.0,0.0,0.0,0.0,0.0,0.0,0.0,0.0,0.0,0.0,0.0,0.0,0.0,0.0,0.0,0.0,0.0,0.0,0.0,0.0,0.0,0.0,0.0,0.0,0.0,0.0,0.0,0.0,0.0,0.0,0.0,0.0,0.0,0.0,0.0,0.0,0.0,0.0,0.0,0.0,0.0,0.0,0.0,0.0,0.0,0.0,0.0,0.0,0.0,0.0,0.0,0.0,0.0,0.0,0.0,0.0,0.0,0.0,0.0,0.0,0.0,0.0,0.0,0.0,0.0,0.0,0.0,0.0,0.0,0.0,0.0
3424,0.0,0.0,0.0247779600322246,0.0085670687258243,0.0,0.0253079272806644,0.0238718148320913,0.0318827740848064,0.0,0.0294558871537446,0.0053370497189462,0.0158015228807926,0.0,0.0,0.0060177105478942,0.0203786380589008,0.0,0.0,0.012633666396141,0.0566369593143463,0.0,0.0,0.0,0.0,0.0,0.0,0.0,0.0083280000835657,0.0,0.0,0.0264284145087003,0.0,0.0,0.0392314754426479,0.0,0.0823457986116409,0.0,0.0,0.0461122989654541,0.0267227683216333,0.0,0.0,0.0115550504997372,0.0,0.0,0.0203212611377239,0.0,0.0,0.0,0.0,0.0041355909779667,0.0,0.0,0.0163720939308404,0.0055979578755795,0.0651397556066513,0.0130310552194714,0.0,0.0963970348238945,0.0,0.1044489443302154,0.0,0.097300961613655,0.1089977845549583,0.0,0.0,0.0,0.0,0.0094344615936279,0.0,0.0,0.0,0.0323632732033729,0.0438147261738777,0.0,0.0771528035402298,0.0,0.0074280314147472,0.0,0.0129893328994512,0.0,0.0,0.0,0.0,0.0,0.0,0.0,0.0,0.0634710565209388,0.0,0.0,0.0,0.0152881108224391,0.0146450856700539,0.0,0.0,0.0110950907692313,0.0,0.0,0.0,0.0090100932866334,0.0,0.0,0.0,0.0,0.022148685529828,0.0,0.0,0.0,0.0199344158172607,0.0,0.0341628044843673,0.0116752050817012,0.0,0.0,0.0,0.006220409180969,0.047420959919691,0.0802572071552276,0.0,0.0495790354907512,0.0,0.0,0.0084586394950747,0.0112252496182918,0.0948968380689621,0.0,0.0253197886049747
3425,0.0,0.0,0.0,0.0,0.0,0.0,0.0,0.0,0.0,0.0,0.0,0.0,0.0,0.0,0.0,0.0,0.0,0.0,0.0,0.0,0.0,0.0,0.0,0.0,0.0,0.0,0.0,0.0,0.0,0.0,0.0,0.0,0.0,0.0,0.0,0.0,0.0,0.0,0.0,0.0,0.0,0.0,0.0,0.0,0.0,0.0,0.0,0.0,0.0,0.0,0.0,0.0,0.0,0.0,0.0,0.0,0.0,0.0,0.0,0.0,0.0,0.0,0.0,0.0,0.0,0.0,0.0,0.0,0.0,0.0,0.0,0.0,0.0,0.0,0.0,0.0,0.0,0.0,0.0,0.0,0.0,0.0,0.0,0.0,0.0,0.0,0.0,0.0,0.0,0.0,0.0,0.0,0.0,0.0,0.0,0.0,0.0,0.0,0.0,0.0,0.0,0.0,0.0,0.0,0.0,0.0,0.0,0.0,0.0,0.0,0.0,0.0,0.0,0.0,0.0,0.0,0.0,0.0,0.0,0.0,0.0,0.0,0.0,0.0,0.0,0.0,0.0,0.0
3427,0.1814174056053161,0.1646572798490524,0.0046081696636974,0.1658085286617279,0.0883269682526588,0.0301595628261566,0.0270464941859245,0.0,0.0,0.0526127628982067,0.0499615557491779,0.0326798819005489,0.0078307995572686,0.0189375020563602,0.0587403438985347,0.2829874455928802,0.0460411049425601,0.1092953309416771,0.0,0.0543148256838321,0.0869178995490074,0.022694706916809,0.0338738858699798,0.0,0.0,0.017413705587387,0.0727759450674057,0.0,0.0434993132948875,0.0487163364887237,0.0796006396412849,0.0142901362851262,0.0318612083792686,0.0,0.030390728265047,0.103436954319477,0.0,0.0502588674426078,0.0345027521252632,0.0398608930408954,0.0,0.0,0.0404544845223426,0.0626151114702224,0.0,0.0,0.0372286960482597,0.0,0.0501933842897415,0.0444327555596828,0.048871524631977,0.0042972001247107,0.0241944454610347,0.0,0.0463519692420959,0.0,0.0552077293395996,0.0,0.0185024198144674,0.032291229814291,0.0457989014685153,0.0596417635679245,0.0,0.0253067817538976,0.0,0.0,0.0,0.0325264744460582,0.025880916044116,0.0,0.0,0.0185906905680894,0.0378364399075508,0.0415065363049507,0.0,0.0041238628327846,0.1204251945018768,0.0,0.0235356371849775,0.0443836748600006,0.0267406161874532,0.0726291313767433,0.0342799350619316,0.1398583501577377,0.0227595400065183,0.1376348286867141,0.0,0.0091539826244115,0.007656033616513,0.0,0.0,0.0379753559827804,0.0541978850960731,0.0,0.0463187843561172,0.0,0.0344498641788959,0.0494651719927787,0.0642303600907325,0.0,0.0,0.0,0.082497552037239,0.0,0.0369080267846584,0.0230706948786973,0.0,0.0669697225093841,0.0,0.0,0.0042042206041514,0.060449831187725,0.020944520831108,0.030019886791706,0.0926653444766998,0.0594894364476203,0.0,0.0494222193956375,0.0,0.0551192760467529,0.0572803393006324,0.0101330000907182,0.035422284156084,0.0248031765222549,0.0065420418977737,0.1795463413000106,0.1125384867191314,0.0
3432,0.2265865057706833,0.0,0.0,0.2325714081525802,0.0,0.2569113075733185,0.0,0.0,0.0,0.0,0.0,0.2247543632984161,0.0,0.3033276796340942,0.0,0.0,0.0,0.3211902379989624,0.207011878490448,0.2240842580795288,0.0,0.2301866263151168,0.0,0.1165918186306953,0.2360447347164154,0.0,0.3239004015922546,0.2261695563793182,0.0,0.0,0.0,0.0,0.1775449812412262,0.1011345162987709,0.2537447512149811,0.2770781219005584,0.0,0.0,0.2459432035684585,0.0,0.0,0.0,0.2467087656259536,0.2090944051742553,0.1269921064376831,0.0,0.266123503446579,0.0,0.1307466626167297,0.2336278706789016,0.1793795078992843,0.0,0.0,0.2530308067798614,0.2514006495475769,0.0,0.2402736246585846,0.0,0.0,0.0,0.1984503418207168,0.1523508578538894,0.0,0.0,0.2232170104980468,0.0995348617434501,0.0,0.2103209942579269,0.0,0.1602632105350494,0.1602122336626052,0.0,0.1340722292661667,0.3473692238330841,0.0744733363389968,0.0,0.0,0.1128596514463424,0.0,0.0,0.0,0.175832137465477,0.1304458528757095,0.0,0.0866321846842765,0.189428448677063,0.1882656067609787,0.0,0.0,0.0,0.0,0.2678147554397583,0.1750580966472625,0.1646597236394882,0.0,0.0,0.0,0.133144661784172,0.0,0.2123863697052002,0.0,0.1443551927804947,0.0,0.1401731669902801,0.0,0.1315312385559082,0.0,0.0,0.0,0.1507870554924011,0.0,0.0,0.1803389936685562,0.0,0.1807707846164703,0.2185230851173401,0.0,0.2252548635005951,0.1596105992794037,0.1583752185106277,0.0,0.2588074803352356,0.0,0.3158700168132782,0.09699497371912,0.130081444978714,0.0,0.2259414792060852
3435,0.0,0.0171649139374494,0.0048470869660377,0.028192238882184,0.0113522857427597,0.0,0.0,0.0,0.0,0.0,0.0,0.0,0.0,0.0,0.0,0.0,0.0,0.0,0.0,0.0143226962536573,0.0301017276942729,0.0,0.0,0.0,0.0,0.0030913639348,0.0,0.0,0.0,0.0,0.0387032516300678,0.0396773219108581,0.0732159093022346,0.0,0.0,0.0,0.0,0.0,0.0,0.0033760475926101,0.0284160878509283,0.0,0.0,0.0,0.0,0.034312680363655,0.0,0.0,0.0,0.0,0.0180291831493377,0.0,0.0,0.0,0.0,0.0,0.0,0.0,0.0,0.0273885205388069,0.0,0.0,0.0027558696456253,0.0,0.0,0.0,0.0,0.0,0.0,0.0038781666662544,0.0,0.0,0.0,0.0181545838713645,0.0,0.0,0.0,0.0,0.0228497609496116,0.0,0.0,0.0,0.0051314402371644,0.0,0.0,0.0,0.0,0.0,0.0,0.0,0.0,0.0,0.0,0.0,0.0,0.0452510379254817,0.0,0.0,0.0059240004047751,0.0,0.0,0.0,0.0,0.0,0.0,0.0,0.0,0.0,0.0,0.0,0.0,0.0044269999489188,0.0,0.0,0.0402803644537925,0.0,0.0,0.0,0.0243967082351446,0.0,0.0,0.0,0.0,0.0,0.0,0.0,0.0,0.0
3436,0.0,0.0,0.0,0.0,0.0,0.0,0.0,0.0,0.0,0.0,0.0,0.0,0.0,0.0,0.0,0.0,0.0,0.0,0.0,0.0,0.0,0.0,0.0,0.0,0.0,0.0,0.0,0.0,0.0,0.0,0.0,0.0,0.0,0.0,0.0,0.0,0.0,0.0,0.0,0.0,0.0,0.0,0.0,0.0,0.0,0.0,0.0,0.0,0.0,0.0,0.0,0.0,0.0,0.0,0.0,0.0,0.0,0.0,0.0,0.0,0.0,0.0,0.0,0.0,0.0,0.0,0.0,0.0,0.0,0.0,0.0,0.0,0.0,0.0,0.0,0.0,0.0,0.0,0.0,0.0,0.0,0.0,0.0,0.0,0.0,0.0,0.0,0.0,0.0,0.0,0.0,0.0,0.0,0.0,0.0,0.0,0.0,0.0,0.0,0.0,0.0,0.0,0.0,0.0,0.0,0.0,0.0,0.0,0.0,0.0,0.0,0.0,0.0,0.0,0.0,0.0,0.0,0.0,0.0,0.0,0.0,0.0,0.0,0.0,0.0,0.0,0.0,0.0
3442,0.0,0.0,0.0,0.0,0.0,0.0,0.0,0.0,0.0,0.0,0.0,0.0,0.0,0.0,0.0,0.0,0.0,0.0,0.0,0.0,0.0,0.0,0.0,0.0,0.0,0.0,0.0,0.0,0.0,0.0,0.0,0.0,0.0,0.0,0.0,0.0,0.0,0.0,0.0,0.0,0.0,0.0,0.0,0.0,0.0,0.0,0.0,0.0,0.0,0.0,0.0,0.0,0.0,0.0,0.0,0.0,0.0,0.0,0.0,0.0,0.0,0.0,0.0,0.0,0.0,0.0,0.0,0.0,0.0,0.0,0.0,0.0,0.0,0.0,0.0,0.0,0.0,0.0,0.0,0.0,0.0,0.0,0.0,0.0,0.0,0.0,0.0,0.0,0.0,0.0,0.0,0.0,0.0,0.0,0.0,0.0,0.0,0.0,0.0,0.0,0.0,0.0,0.0,0.0,0.0,0.0,0.0,0.0,0.0,0.0,0.0,0.0,0.0,0.0,0.0,0.0,0.0,0.0,0.0,0.0,0.0,0.0,0.0,0.0,0.0,0.0,0.0,0.0
3443,0.0225966684520244,0.0,0.0,0.0507665872573852,0.0,0.0,0.0,0.0,0.0,0.0080275340005755,0.0,0.0,0.0,0.0,0.0,0.0,0.0363529101014137,0.0,0.0,0.0284070018678903,0.0330998115241527,0.0416019260883331,0.0314375571906566,0.0,0.0,0.0162939243018627,0.0166373085230588,0.0,0.0,0.0,0.0,0.0133174555376172,0.0183889474719762,0.0,0.0,0.0,0.0,0.0,0.0,0.0430072508752346,0.0,0.0,0.0,0.0,0.0,0.0,0.0,0.0,0.0,0.0145037770271301,0.0,0.0,0.0,0.0,0.0,0.0,0.0,0.0,0.0,0.0118791814893484,0.0,0.0,0.0,0.0084220767021179,0.0,0.0,0.0162478014826774,0.0,0.0,0.0,0.0315138399600982,0.0452089495956897,0.0168533008545637,0.0,0.0,0.0,0.0,0.0,0.0,0.0,0.0,0.0,0.0,0.0,0.0324793346226215,0.0,0.0,0.0,0.0,0.0016085999086499,0.0,0.0,0.0,0.0,0.0141971008852124,0.0,0.0,0.0,0.0386196859180927,0.0,0.0,0.0,0.0,0.0210121162235736,0.0,0.0,0.0,0.0,0.0,0.051589410752058,0.0,0.0,0.0,0.0,0.0,0.0,0.0189046002924442,0.0,0.0270410943776369,0.0,0.0,0.0,0.0087494207546114,0.0,0.0,0.0,0.0213575568050146,0.0
3444,0.0,0.0,0.0,0.0,0.0,0.0,0.0,0.0,0.0,0.0,0.0,0.0,0.0,0.0,0.0,0.0,0.0,0.0,0.0,0.0,0.0,0.0,0.0,0.0,0.0,0.0,0.0,0.0,0.0,0.0,0.0,0.0,0.0,0.0,0.0,0.0,0.0,0.0,0.0,0.0,0.0,0.0,0.0,0.0,0.0,0.0,0.0,0.0,0.0,0.0,0.0,0.0,0.0,0.0,0.0,0.0,0.0,0.0,0.0,0.0,0.0,0.0,0.0,0.0,0.0,0.0,0.0,0.0,0.0,0.0,0.0,0.0,0.0,0.0,0.0,0.0,0.0,0.0,0.0,0.0,0.0,0.0,0.0,0.0,0.0,0.0,0.0,0.0,0.0,0.0,0.0,0.0,0.0,0.0,0.0,0.0,0.0,0.0,0.0,0.0,0.0,0.0,0.0,0.0,0.0,0.0,0.0,0.0,0.0,0.0,0.0,0.0,0.0,0.0,0.0,0.0,0.0,0.0,0.0,0.0,0.0,0.0,0.0,0.0,0.0,0.0,0.0,0.0
3451,0.0,0.0,0.0,0.0,0.0,0.0,0.0,0.0,0.0,0.0,0.1241176500916481,0.0,0.0,0.0,0.0,0.0,0.0,0.0,0.0,0.0,0.0,0.0,0.0,0.0,0.0,0.0,0.0,0.0,0.0,0.0820559114217758,0.0,0.0,0.0,0.0,0.0,0.0,0.0,0.0,0.0,0.0,0.0,0.0,0.0,0.0,0.0,0.0,0.0,0.0,0.0,0.0,0.0,0.067358560860157,0.0,0.0,0.0,0.1659508049488067,0.0,0.0,0.0,0.0,0.0,0.0,0.2416928857564926,0.0,0.0,0.0,0.0,0.0,0.0,0.1433884054422378,0.0,0.0,0.0,0.0,0.0,0.0,0.0,0.0646987706422805,0.0,0.0539258532226085,0.0240451209247112,0.0,0.0,0.0,0.0,0.0,0.0,0.0048198960721492,0.0,0.0,0.0,0.0,0.0,0.0,0.0,0.0,0.165258914232254,0.0,0.0,0.0,0.0452324338257312,0.0,0.0,0.0134701784700155,0.3630801737308502,0.0,0.0,0.0,0.0,0.0,0.0,0.0,0.0,0.0,0.0,0.0,0.0,0.0,0.0,0.0,0.0,0.0,0.0,0.0,0.0,0.0,0.0,0.0
3453,0.0,0.0,0.0,0.0,0.0,0.0,0.0,0.0,0.0,0.0,0.0,0.0,0.0,0.0,0.0,0.0,0.0,0.0,0.0,0.0,0.0,0.0,0.0,0.0,0.0,0.0,0.0,0.0,0.0,0.0,0.0,0.0,0.0,0.0,0.0,0.0,0.0,0.0,0.0,0.0,0.0,0.0,0.0,0.0,0.0,0.0,0.0,0.0,0.0,0.0,0.0,0.0,0.0,0.0,0.0,0.0,0.0,0.0,0.0,0.0,0.0,0.0,0.0,0.0,0.0,0.0,0.0,0.0,0.0,0.0,0.0,0.0,0.0,0.0,0.0,0.0,0.0,0.0,0.0,0.0,0.0,0.0,0.0,0.0,0.0,0.0,0.0,0.0,0.0,0.0,0.0,0.0,0.0,0.0,0.0,0.0,0.0,0.0,0.0,0.0,0.0,0.0,0.0,0.0,0.0,0.0,0.0,0.0,0.0,0.0,0.0,0.0,0.0,0.0,0.0,0.0,0.0,0.0,0.0,0.0,0.0,0.0,0.0,0.0,0.0,0.0,0.0,0.0
3454,0.0,0.0,0.0,0.0,0.0,0.0,0.0,0.0,0.0,0.0,0.0,0.0,0.0,0.0,0.0,0.0,0.0,0.0,0.0,0.0,0.0,0.0,0.0,0.0,0.0,0.0,0.0,0.0,0.0,0.0,0.0,0.0,0.0,0.0,0.0,0.0,0.0,0.0,0.0,0.0,0.0,0.0,0.0,0.0,0.0,0.0,0.0,0.0,0.0,0.0,0.0,0.0,0.0,0.0,0.0,0.0,0.0,0.0,0.0,0.0,0.0,0.0,0.0,0.0,0.0,0.0,0.0,0.0,0.0,0.0,0.0,0.0,0.0,0.0,0.0,0.0,0.0,0.0,0.0,0.0,0.0,0.0,0.0,0.0,0.0,0.0,0.0,0.0,0.0,0.0,0.0,0.0,0.0,0.0,0.0,0.0,0.0,0.0,0.0,0.0,0.0,0.0,0.0,0.0,0.0,0.0,0.0,0.0,0.0,0.0,0.0,0.0,0.0,0.0,0.0,0.0,0.0,0.0,0.0,0.0,0.0,0.0,0.0,0.0,0.0,0.0,0.0,0.0
3456,0.0,0.0,0.0,0.0,0.0,0.0156382862478494,0.0,0.0,0.0,0.0,0.0204590484499931,0.0,0.0,0.0997765585780143,0.0050192107446491,0.0,0.0,0.0,0.0031302610877901,0.0,0.0534125752747058,0.0,0.0,0.0066533996723592,0.0,0.0,0.0,0.0,0.0,0.0,0.0566081069409847,0.006755047943443,0.0941090956330299,0.0,0.0,0.0,0.0,0.0135236186906695,0.0,0.0,0.0,0.0,0.0,0.0,0.0,0.0901190489530563,0.0,0.0,0.0,0.0,0.0,0.0,0.0,0.048696145415306,0.0221583191305398,0.0,0.0,0.0031517620664089,0.0121489521116018,0.0,0.0,0.0,0.0,0.0,0.0,0.0039434093050658,0.0,0.0041345711797475,0.0,0.0,0.0,0.0,0.0,0.0131395002827048,0.0,0.0042125261388719,0.0159805789589881,0.0,0.0862887576222419,0.0,0.0,0.0,0.0,0.042764276266098,0.0,0.0057927998714149,0.0,0.0,0.0,0.0,0.0,0.0049636666662991,0.01970050111413,0.0,0.011572285555303,0.0,0.0,0.0,0.0495836809277534,0.0,0.0,0.0,0.0,0.0,0.0123960999771952,0.0,0.0,0.0184636004269123,0.0,0.0,0.0,0.0,0.0,0.0433563813567161,0.0142569532617926,0.0106568420305848,0.0036273000296205,0.0,0.0150941424071788,0.0,0.0,0.0,0.0,0.0,0.0,0.0,0.0,0.0
3458,0.0,0.0,0.0,0.0,0.0,0.0,0.0,0.0,0.0,0.0,0.0,0.0,0.0,0.0,0.0,0.0,0.0,0.0,0.0,0.0,0.0,0.0,0.0,0.0,0.0,0.0,0.0,0.0,0.0,0.0,0.0,0.0,0.0,0.0,0.0,0.0,0.0,0.0,0.0,0.0,0.0,0.0,0.0,0.0,0.0,0.0,0.0,0.0,0.0,0.0,0.0,0.0,0.0,0.0,0.0,0.0,0.0,0.0,0.0,0.0,0.0,0.0,0.0,0.0,0.0,0.0,0.0,0.0,0.0,0.0,0.0,0.0,0.0,0.0,0.0,0.0,0.0,0.0,0.0,0.0,0.0,0.0,0.0,0.0,0.0,0.0,0.0,0.0,0.0,0.0,0.0,0.0,0.0,0.0,0.0,0.0,0.0,0.0,0.0,0.0,0.0,0.0,0.0,0.0,0.0,0.0,0.0,0.0,0.0,0.0,0.0,0.0,0.0,0.0,0.0,0.0,0.0,0.0,0.0,0.0,0.0,0.0,0.0,0.0,0.0,0.0,0.0,0.0
3460,0.0,0.2285410612821579,0.1737962365150451,0.2672753930091858,0.0,0.0,0.3092553913593292,0.0,0.2830237746238708,0.0,0.0,0.0,0.1245292797684669,0.0,0.0,0.145086407661438,0.0,0.0,0.0,0.2380423098802566,0.0968611091375351,0.2354274690151214,0.1779368072748184,0.0,0.0,0.0,0.0,0.0,0.0,0.0,0.2154867500066757,0.246552899479866,0.0,0.1964176595211029,0.0,0.0,0.223667025566101,0.0,0.0,0.0035949482116848,0.0,0.1803233176469802,0.1769043654203415,0.0,0.1885201781988144,0.1429159492254257,0.0710466280579567,0.2446430772542953,0.0,0.269786536693573,0.2454381585121154,0.2286252677440643,0.3273035585880279,0.0,0.1353508681058883,0.2360744327306747,0.0,0.2815694510936737,0.0,0.0,0.0,0.0,0.2839801609516144,0.3273392915725708,0.0,0.0,0.0163455810397863,0.0,0.2219923436641693,0.0270081032067537,0.0,0.0,0.2662714421749115,0.0,0.2320111095905304,0.3147965371608734,0.2424700111150741,0.0,0.0,0.0137265846133232,0.1368887722492218,0.0,0.0,0.0,0.0,0.0,0.0084478771314024,0.0,0.3039993941783905,0.0319670028984546,0.197556659579277,0.0,0.0436698831617832,0.3963946104049682,0.0115985199809074,0.241410344839096,0.1972818970680236,0.0229919869452714,0.2337628155946731,0.1960004270076751,0.2398413270711898,0.3043064177036285,0.0,0.2638405561447143,0.0312639288604259,0.0,0.2601146399974823,0.0,0.1771710664033889,0.0,0.0,0.1522763669490814,0.0,0.0112506821751594,0.0,0.3049187362194061,0.1375979483127594,0.0,0.0,0.0814248844981193,0.11503466963768,0.0,0.0,0.2932049036026001,0.2261483967304229,0.0,0.2488268166780471,0.0
3463,0.0,0.0,0.0,0.0,0.0,0.0,0.0,0.0,0.0,0.0,0.0,0.0,0.0,0.0,0.0,0.0,0.0,0.0,0.0,0.0,0.0,0.0,0.0,0.0,0.0,0.0,0.0,0.0,0.0,0.0,0.0,0.0,0.0,0.0,0.0,0.0,0.0,0.0,0.0,0.0,0.0,0.0,0.0,0.0,0.0,0.0,0.0,0.0,0.0,0.0,0.0,0.0,0.0,0.0,0.0,0.0,0.0,0.0,0.0,0.0,0.0,0.0,0.0,0.0,0.0,0.0,0.0,0.0,0.0,0.0,0.0,0.0,0.0,0.0,0.0,0.0,0.0,0.0,0.0,0.0,0.0,0.0,0.0,0.0,0.0,0.0,0.0,0.0,0.0,0.0,0.0,0.0,0.0,0.0,0.0,0.0,0.0,0.0,0.0,0.0,0.0,0.0,0.0,0.0,0.0,0.0,0.0,0.0,0.0,0.0,0.0,0.0,0.0,0.0,0.0,0.0,0.0,0.0,0.0,0.0,0.0,0.0,0.0,0.0,0.0,0.0,0.0,0.0
3464,0.0,0.0,0.0,0.0,0.0,0.0,0.0,0.0,0.0,0.0,0.0,0.0,0.0,0.0,0.0,0.0,0.0,0.0,0.0,0.0,0.0,0.0,0.0,0.0,0.0,0.0,0.0,0.0,0.0,0.0,0.0,0.0,0.0,0.0,0.0,0.0,0.0,0.0,0.0,0.0,0.0,0.0,0.0,0.0,0.0,0.0,0.0,0.0,0.0,0.0,0.0,0.0,0.0,0.0,0.0,0.0,0.0,0.0,0.0,0.0,0.0,0.0,0.0,0.0,0.0,0.0,0.0,0.0,0.0,0.0,0.0,0.0,0.0,0.0,0.0,0.0,0.0,0.0,0.0,0.0,0.0,0.0,0.0,0.0,0.0,0.0,0.0,0.0,0.0,0.0,0.0,0.0,0.0,0.0,0.0,0.0,0.0,0.0,0.0,0.0,0.0,0.0,0.0,0.0,0.0,0.0,0.0,0.0,0.0,0.0,0.0,0.0,0.0,0.0,0.0,0.0,0.0,0.0,0.0,0.0,0.0,0.0,0.0,0.0,0.0,0.0,0.0,0.0
3467,0.0,0.0,0.0,0.0,0.0,0.0,0.0,0.0,0.0,0.0,0.0,0.0,0.0,0.0,0.0,0.0,0.0,0.0,0.0,0.0,0.0,0.0,0.0,0.0,0.0,0.0,0.0,0.0,0.0,0.0,0.0,0.0,0.0,0.0,0.0,0.0,0.0,0.0,0.0,0.0,0.0,0.0,0.0,0.0,0.0,0.0,0.0,0.0,0.0,0.0,0.0,0.0,0.0,0.0,0.0,0.0,0.0,0.0,0.0,0.0,0.0,0.0,0.0,0.0,0.0,0.0,0.0,0.0,0.0,0.0,0.0,0.0,0.0,0.0,0.0,0.0,0.0,0.0,0.0,0.0,0.0,0.0,0.0,0.0,0.0,0.0,0.0,0.0,0.0,0.0,0.0,0.0,0.0,0.0,0.0,0.0,0.0,0.0,0.0,0.0,0.0,0.0,0.0,0.0,0.0,0.0,0.0,0.0,0.0,0.0,0.0,0.0,0.0,0.0,0.0,0.0,0.0,0.0,0.0,0.0,0.0,0.0,0.0,0.0,0.0,0.0,0.0,0.0
3468,0.0,0.0,0.0,0.0,0.0,0.0,0.0,0.0,0.0,0.0,0.0,0.0,0.0,0.0,0.0,0.0,0.0,0.0,0.0,0.0,0.0,0.0,0.0,0.0,0.0,0.0,0.0,0.0,0.0,0.0,0.0,0.0,0.0,0.0,0.0,0.0,0.0,0.0,0.0,0.0,0.0,0.0,0.0,0.0,0.0,0.0,0.0,0.0,0.0,0.0,0.0,0.0,0.0,0.0,0.0,0.0,0.0,0.0,0.0,0.0,0.0,0.0,0.0,0.0,0.0,0.0,0.0,0.0,0.0,0.0,0.0,0.0,0.0,0.0,0.0,0.0,0.0,0.0,0.0,0.0,0.0,0.0,0.0,0.0,0.0,0.0,0.0,0.0,0.0,0.0,0.0,0.0,0.0,0.0,0.0,0.0,0.0,0.0,0.0,0.0,0.0,0.0,0.0,0.0,0.0,0.0,0.0,0.0,0.0,0.0,0.0,0.0,0.0,0.0,0.0,0.0,0.0,0.0,0.0,0.0,0.0,0.0,0.0,0.0,0.0,0.0,0.0,0.0
3470,0.0,0.0,0.0,0.0,0.0,0.0369432792067527,0.0,0.0,0.0,0.0,0.0,0.0,0.0,0.0405788570642471,0.0,0.0,0.0,0.0,0.0,0.0,0.0289909541606903,0.0,0.0,0.0,0.0,0.0,0.0180581752210855,0.0,0.0,0.0,0.0558679550886154,0.0,0.021304303780198,0.0,0.0,0.0,0.0,0.0,0.0,0.0,0.0,0.0,0.0,0.0,0.0,0.0854704603552818,0.0,0.0,0.0,0.0,0.0,0.0,0.0,0.0,0.0,0.0,0.0,0.0,0.0,0.0,0.0,0.0,0.0,0.0,0.0,0.022104499861598,0.0,0.0,0.0,0.0,0.0096914172172546,0.0,0.0,0.0,0.0,0.0,0.0236789118498563,0.0491136945784091,0.0,0.0,0.0,0.0,0.0,0.0,0.0,0.0,0.0,0.0,0.0,0.0,0.0,0.0,0.0,0.0,0.0,0.0,0.0,0.0,0.0500249117612838,0.0,0.0,0.0,0.0,0.0,0.0,0.0,0.0,0.0,0.0,0.0,0.0,0.0,0.0,0.0500723905861377,0.0022971250582486,0.0535874105989933,0.0,0.0,0.0,0.0,0.0703125223517417,0.0,0.0,0.0,0.0,0.0,0.0,0.0
3473,0.0,0.0372223630547523,0.0,0.0,0.0,0.0028491739649325,0.0,0.0,0.0,0.0,0.0,0.0,0.0,0.0,0.0,0.0,0.0,0.0,0.0105477627366781,0.0,0.0336593836545944,0.0,0.0,0.0,0.0,0.0,0.0,0.0,0.0,0.0,0.0,0.0,0.0481073446571826,0.0,0.013734727166593,0.0,0.0,0.0,0.0,0.0,0.0223844349384307,0.0,0.0,0.0,0.0,0.0492222793400287,0.0,0.0144525598734617,0.0,0.0,0.0137066673487424,0.0,0.0,0.0076661361381411,0.0,0.0,0.0,0.0,0.0,0.0235519129782915,0.0,0.0,0.0,0.0,0.0,0.0,0.0,0.0,0.0,0.0185286663472652,0.0118683045729994,0.02039759978652,0.0,0.0,0.0,0.0,0.0,0.0,0.0,0.0,0.0,0.0,0.0,0.0,0.0,0.0,0.0,0.0,0.0156008088961243,0.0,0.0,0.0,0.0,0.0,0.0,0.0561301186680793,0.0,0.0,0.0351082943379879,0.0,0.0,0.0,0.0151519998908042,0.0,0.0,0.0,0.0,0.0,0.0078709004446864,0.0160541366785764,0.0,0.0,0.0,0.0,0.0312490463256835,0.0075432858429849,0.0,0.0,0.0,0.0,0.0,0.0,0.0,0.0,0.0,0.0,0.0,0.0
3479,0.0,0.0,0.0,0.0,0.0,0.0,0.0,0.0,0.0,0.0,0.0,0.0,0.0,0.0,0.0,0.0,0.0,0.0,0.0,0.0,0.0,0.0,0.0,0.0,0.0,0.0,0.0,0.0,0.0,0.0,0.0,0.0,0.0,0.0,0.0,0.0,0.0,0.0,0.0,0.0,0.0,0.0,0.0,0.0,0.0,0.0,0.0,0.0,0.0,0.0,0.0,0.0,0.0,0.0,0.0,0.0,0.0,0.0,0.0,0.0,0.0,0.0,0.0,0.0,0.0,0.0,0.0,0.0,0.0,0.0,0.0,0.0,0.0,0.0,0.0,0.0,0.0,0.0,0.0,0.0,0.0,0.0,0.0,0.0,0.0,0.0,0.0,0.0,0.0,0.0,0.0,0.0,0.0,0.0,0.0,0.0,0.0,0.0,0.0,0.0,0.0,0.0,0.0,0.0,0.0,0.0,0.0,0.0,0.0,0.0,0.0,0.0,0.0,0.0,0.0,0.0,0.0,0.0,0.0,0.0,0.0,0.0,0.0,0.0,0.0,0.0,0.0,0.0
3485,0.0,0.0,0.0,0.0,0.0,0.0,0.0,0.0,0.0,0.0,0.0,0.0,0.0,0.0,0.0,0.0,0.0,0.0,0.0,0.0,0.0,0.0,0.0,0.0,0.0,0.0,0.0,0.0,0.0,0.0,0.0,0.0,0.0,0.0,0.0,0.0,0.0,0.0,0.0,0.0,0.0,0.0,0.0,0.0,0.0,0.0,0.0,0.0,0.0,0.0,0.0,0.0,0.0,0.0,0.0,0.0,0.0,0.0,0.0,0.0,0.0,0.0,0.0,0.0,0.0,0.0,0.0,0.0,0.0,0.0,0.0,0.0,0.0,0.0,0.0,0.0,0.0,0.0,0.0,0.0,0.0,0.0,0.0,0.0,0.0,0.0,0.0,0.0,0.0,0.0,0.0,0.0,0.0,0.0,0.0,0.0,0.0,0.0,0.0,0.0,0.0,0.0,0.0,0.0,0.0,0.0,0.0,0.0,0.0,0.0,0.0,0.0,0.0,0.0,0.0,0.0,0.0,0.0,0.0,0.0,0.0,0.0,0.0,0.0,0.0,0.0,0.0,0.0
3490,0.0,0.0,0.0,0.0,0.0,0.0,0.0,0.0,0.0,0.0,0.0,0.0,0.0,0.0,0.0,0.0,0.0,0.0,0.0,0.0,0.0,0.0,0.0,0.0,0.0,0.0,0.0,0.0,0.0,0.0,0.0,0.0,0.0,0.0,0.0,0.0,0.0,0.0,0.0,0.0,0.0,0.0,0.0,0.0,0.0,0.0,0.0,0.0,0.0,0.0,0.0,0.0,0.0,0.0,0.0,0.0,0.0,0.0,0.0,0.0,0.0,0.0,0.0,0.0,0.0,0.0,0.0,0.0,0.0,0.0,0.0,0.0,0.0,0.0,0.0,0.0,0.0,0.0,0.0,0.0,0.0,0.0,0.0,0.0,0.0,0.0,0.0,0.0,0.0,0.0,0.0,0.0,0.0,0.0,0.0,0.0,0.0,0.0,0.0,0.0,0.0,0.0,0.0,0.0,0.0,0.0,0.0,0.0,0.0,0.0,0.0,0.0,0.0,0.0,0.0,0.0,0.0,0.0,0.0,0.0,0.0,0.0,0.0,0.0,0.0,0.0,0.0,0.0
3492,0.0,0.0,0.0,0.0,0.0,0.0,0.0,0.0,0.0,0.0,0.0,0.0,0.0,0.0,0.0,0.0,0.0,0.0,0.0,0.0,0.0,0.0,0.0,0.0,0.0,0.0,0.0,0.0,0.0,0.0,0.0,0.0,0.0,0.0,0.0,0.0,0.0,0.0,0.0,0.0,0.0,0.0,0.0,0.0,0.0,0.0,0.0,0.0,0.0,0.0,0.0,0.0,0.0,0.0,0.0,0.0,0.0,0.0,0.0,0.0,0.0,0.0,0.0,0.0,0.0,0.0,0.0,0.0,0.0,0.0,0.0,0.0,0.0,0.0,0.0,0.0,0.0,0.0,0.0,0.0,0.0,0.0,0.0,0.0,0.0,0.0,0.0,0.0,0.0,0.0,0.0,0.0,0.0,0.0,0.0,0.0,0.0,0.0,0.0,0.0,0.0,0.0,0.0,0.0,0.0,0.0,0.0,0.0,0.0,0.0,0.0,0.0,0.0,0.0,0.0,0.0,0.0,0.0,0.0,0.0,0.0,0.0,0.0,0.0,0.0,0.0,0.0,0.0
3496,0.0,0.0034876521676778,0.0,0.0372808724641799,0.0,0.0443072281777858,0.0154262501746416,0.0,0.0,0.0,0.0,0.0,0.0042704003863036,0.0,0.0432972498238086,0.0,0.0,0.0,0.0,0.0,0.0690579116344451,0.0,0.0407771356403827,0.0,0.0,0.003292363602668,0.0,0.0,0.0,0.0,0.0435204021632671,0.0,0.0407190956175327,0.0,0.0,0.0,0.0,0.0,0.0,0.0,0.0,0.0,0.0249320473521947,0.0,0.0239768270403146,0.0773821696639061,0.0,0.0,0.0,0.0,0.0,0.0,0.0,0.0119852274656295,0.0,0.0367234796285629,0.0,0.0,0.0,0.0,0.0,0.0,0.0050517730414867,0.0,0.0,0.0,0.0,0.0,0.0,0.0,0.0,0.0,0.0,0.0,0.0,0.0,0.0,0.0350471027195453,0.0,0.0,0.0,0.0,0.0,0.0,0.0,0.0,0.0470310524106025,0.0,0.0,0.0,0.0,0.0299561005085706,0.0,0.0,0.0,0.0189768262207508,0.0,0.0388766974210739,0.0179983917623758,0.0,0.0,0.0,0.0,0.0,0.0068895453587174,0.0,0.0260758567601442,0.0395548194646835,0.0,0.0391565449535846,0.0,0.0,0.0382852293550968,0.0316457748413085,0.0683996528387069,0.0129474755376577,0.0,0.0,0.0,0.0,0.0,0.0,0.0,0.0,0.05748026445508,0.0,0.0,0.0
3498,0.1591795533895492,0.0378330834209919,0.098062939941883,0.0,0.0557745210826396,0.0,0.1236922293901443,0.0,0.0,0.1676924079656601,0.0232135728001594,0.0,0.0650576129555702,0.1805809736251831,0.1500472426414489,0.1093097925186157,0.1489777714014053,0.0376155823469162,0.0,0.0,0.0,0.0633635222911834,0.0,0.0,0.0,0.1354907900094986,0.0,0.1463995426893234,0.0,0.0,0.0608174204826355,0.082457810640335,0.0,0.0,0.0,0.0,0.1094662696123123,0.0510179847478866,0.0273851118981838,0.0837481394410133,0.0,0.0,0.0,0.0582654140889644,0.1244991570711135,0.1243605241179466,0.0,0.1127389296889305,0.0224211663007736,0.0,0.0,0.1723749935626983,0.0,0.0,0.0474243573844432,0.0,0.0766470804810524,0.068529412150383,0.0,0.113697275519371,0.0,0.1023700535297393,0.0,0.0572131387889385,0.1346403062343597,0.086040586233139,0.0985184088349342,0.0,0.0,0.1193438693881034,0.0,0.0,0.0,0.0,0.0,0.1041120812296867,0.0,0.1333187222480774,0.1073438972234726,0.0160237923264503,0.029775308445096,0.1617181152105331,0.0,0.1734703332185745,0.0867124274373054,0.0788667574524879,0.0458811409771442,0.0177327916026115,0.0632613077759742,0.0559685975313186,0.1973830610513687,0.0,0.149688109755516,0.0,0.0923021137714386,0.0,0.0,0.0611354000866413,0.0515426322817802,0.0,0.0,0.0,0.1315162181854248,0.0580289587378501,0.0439795441925525,0.1002741456031799,0.0,0.0390917956829071,0.0,0.0,0.0,0.0146195096895098,0.051776997745037,0.0,0.1105825006961822,0.0,0.0,0.0,0.0,0.0,0.0,0.0718399658799171,0.0,0.0,0.0,0.0663129612803459,0.0,0.0
3501,0.0058795502409338,0.0,0.0,0.0,0.0,0.0,0.0,0.0,0.0,0.0,0.0,0.0,0.0,0.0,0.0,0.0,0.0,0.0,0.0,0.0,0.0,0.0,0.0,0.0,0.0,0.0,0.0,0.0,0.0,0.0,0.0,0.0,0.0507409498095512,0.0,0.0,0.0,0.0,0.0,0.0,0.0,0.0,0.0,0.0,0.0,0.0117496000602841,0.0714257881045341,0.0,0.0434975512325763,0.0,0.0,0.0,0.0,0.0,0.0,0.0398500002920627,0.0,0.0,0.0312614291906356,0.0,0.0,0.0,0.0,0.0,0.0,0.0,0.0,0.0,0.0,0.0,0.0507185459136962,0.0,0.0,0.0,0.0,0.0,0.0,0.0043636667542159,0.0,0.0,0.0,0.0,0.0,0.0,0.0,0.0,0.0,0.0,0.0,0.0,0.0,0.0,0.0,0.0,0.0,0.0,0.0051437001675367,0.0,0.0,0.0525986701250076,0.0,0.0,0.0,0.0,0.0,0.0,0.0,0.0,0.0,0.0,0.0,0.0,0.0,0.0,0.009906611405313,0.0042338999919593,0.0,0.0,0.0,0.0077343336306512,0.0,0.0,0.0,0.0,0.0,0.0389663502573967,0.0,0.0,0.0
3502,0.0,0.0,0.0,0.0,0.0,0.0071283197030425,0.0,0.0,0.0,0.0,0.0,0.0,0.0,0.014602000825107,0.0,0.0,0.0,0.0,0.0,0.0,0.0655564367771148,0.0,0.0,0.0,0.0,0.0,0.0031798332929611,0.0,0.005575958173722,0.0,0.0667982771992683,0.0,0.0711722299456596,0.0,0.0,0.0077277505770325,0.0126600004732608,0.0093333041295409,0.0,0.0,0.0,0.0,0.0,0.0,0.0,0.224400520324707,0.0,0.0,0.0092875221744179,0.0,0.0,0.0,0.0,0.0,0.0,0.0057232794351875,0.0,0.0,0.0,0.0,0.0046951249241828,0.0,0.0,0.0,0.0,0.0391343347728252,0.0,0.0,0.0,0.0,0.0,0.0,0.0,0.0,0.0,0.0,0.0366183221340179,0.0479094125330448,0.0,0.0,0.0,0.0,0.0,0.0,0.0,0.0,0.0034856363199651,0.0,0.0,0.0,0.0,0.0051289130933582,0.0,0.0,0.0,0.0,0.0,0.0,0.1022242754697799,0.0,0.0,0.0,0.0,0.0,0.0,0.0,0.0,0.0,0.0,0.0,0.0,0.0,0.0040302379056811,0.0331716686487197,0.0,0.0996867343783378,0.0,0.0,0.0,0.0,0.0,0.0,0.0,0.0,0.0101613914594054,0.0,0.0,0.0
3503,0.0,0.0462781973183155,0.0,0.0,0.0,0.0,0.0,0.011859861202538,0.0750440508127212,0.0,0.1213736087083816,0.0,0.1327482312917709,0.0536458753049373,0.0925257876515388,0.0,0.0748350769281387,0.1921477317810058,0.1666554510593414,0.1417583674192428,0.1240817159414291,0.0,0.0502702109515666,0.0579496622085571,0.107782132923603,0.085645742714405,0.0,0.1689569652080536,0.0,0.0849991515278816,0.1384135037660598,0.0,0.0594347603619098,0.0,0.0,0.0,0.1504355669021606,0.0,0.0,0.0768646672368049,0.0,0.1478364616632461,0.0,0.0,0.0,0.1461604535579681,0.0,0.0,0.0,0.0,0.1405896097421646,0.1273399442434311,0.0,0.1020610481500625,0.0783279836177825,0.109063372015953,0.1464857757091522,0.0,0.1315332204103469,0.0840181559324264,0.0,0.1331097781658172,0.0,0.0,0.1241123676300048,0.0948445200920105,0.1136832535266876,0.0,0.1204714402556419,0.2061863839626312,0.0,0.0,0.1650343537330627,0.1219873055815696,0.0,0.0,0.153207316994667,0.0,0.0,0.0,0.0,0.0,0.0,0.1517287045717239,0.0597835294902324,0.0,0.0,0.1524052917957306,0.1826194673776626,0.1382794827222824,0.0812105759978294,0.0968045219779014,0.0,0.0897754654288292,0.184062972664833,0.0,0.1707070469856262,0.0,0.0,0.0641746819019317,0.0,0.0,0.1243605837225914,0.0,0.1124219894409179,0.0,0.0,0.132350891828537,0.1304870694875717,0.095387153327465,0.1082726269960403,0.0,0.0,0.1354231685400009,0.2062562406063079,0.0549098141491413,0.0990573763847351,0.0,0.0319387689232826,0.0,0.0,0.1042856872081756,0.0828976705670356,0.0,0.1355440616607666,0.0,0.1895801275968551,0.0546995140612125
3504,0.0,0.0,0.5168989896774292,0.0,0.0,0.0,0.0,0.0,0.0,0.0,0.0,0.4370360076427459,0.0,0.0,0.0,0.7138144969940186,0.0,0.0,0.0,0.2972249984741211,0.0,0.0,0.0,0.3464714884757995,0.0,0.0,0.0463370010256767,0.0,0.0,0.0,0.0,0.0,0.0,0.0,0.0,0.0,0.0,0.0,0.0,0.0,0.0,0.0,0.0,0.883961021900177,0.0,0.0,0.5240979790687561,0.0,0.0,0.0,0.0,0.0,0.0,0.0,0.0,0.0,0.5750749707221985,0.0,0.6152240037918091,0.0,0.0,0.0,0.0900700017809867,0.0,0.0,0.0,0.0,0.0,0.2215439975261688,0.0,0.0,0.0,0.1057920008897781,0.0,0.1331100016832351,0.0,0.0,0.0,0.0,0.4820939898490906,0.0,0.0,0.0,0.0,0.0,0.4390589892864227,0.0,0.0,0.0,0.0,0.3775660097599029,0.0,0.0,0.0,0.3146399855613708,0.0,0.0,0.0,0.0,0.3050850033760071,0.0,0.0,0.0,0.0,0.0,0.0,0.0,0.4092310070991516,0.0,1.0,0.2110729962587356,0.0,0.0,0.0,0.2742460072040558,1.0,0.0,0.0,0.0,0.0,0.6863099932670593,0.0,0.5243059992790222,0.440964013338089,0.0,0.5217080116271973,0.0,0.620173990726471
3505,0.0,0.0,0.0,0.0,0.0,0.0,0.0,0.0,0.0,0.0,0.0,0.0,0.0,0.0,0.0,0.0,0.0,0.0,0.0,0.0,0.0,0.0,0.0,0.0,0.0,0.0,0.0,0.0,0.0,0.0,0.0,0.0,0.0,0.0,0.0,0.0,0.0,0.0,0.0,0.0,0.0,0.0,0.0,0.0,0.0,0.0,0.0,0.0,0.0,0.0,0.0,0.0,0.0,0.0,0.0,0.0,0.0,0.0,0.0,0.0,0.0,0.0,0.0,0.0,0.0,0.0,0.0,0.0,0.0,0.0,0.0,0.0,0.0,0.0,0.0,0.0,0.0,0.0,0.0,0.0,0.0,0.0,0.0,0.0,0.0,0.0,0.0,0.0,0.0,0.0,0.0,0.0,0.0,0.0,0.0,0.0,0.0,0.0,0.0,0.0,0.0,0.0,0.0,0.0,0.0,0.0,0.0,0.0,0.0,0.0,0.0,0.0,0.0,0.0,0.0,0.0,0.0,0.0,0.0,0.0,0.0,0.0,0.0,0.0,0.0,0.0,0.0,0.0
3508,0.0,0.135352686047554,0.2327716648578643,0.0,0.0,0.2370482385158538,0.2316367775201797,0.0,0.2421422451734542,0.0,0.1285535395145416,0.2149656116962433,0.0,0.0,0.0,0.0,0.273520290851593,0.0,0.1981913745403289,0.0,0.1949968934059143,0.2285604476928711,0.0,0.1264212280511856,0.2370223850011825,0.1461539715528488,0.3229467868804931,0.2338388860225677,0.0,0.1537164449691772,0.0,0.0,0.0,0.1044312641024589,0.2441729307174682,0.0,0.0,0.2214255779981613,0.234318122267723,0.0,0.0,0.2635740935802459,0.0,0.2110859602689743,0.1174611747264862,0.3225203156471252,0.0,0.1869035512208938,0.1352122128009796,0.0,0.0,0.0,0.1539572775363922,0.2602376639842987,0.0,0.1153545454144477,0.0,0.1244960203766822,0.1926937699317932,0.1486213356256485,0.1927384138107299,0.0,0.0,0.0,0.0,0.0916060879826545,0.0,0.180729478597641,0.0,0.152156725525856,0.0,0.0,0.0,0.0,0.1362947523593902,0.17205411195755,0.3119095265865326,0.1132941916584968,0.1786582916975021,0.0,0.0,0.1268874406814575,0.0,0.2031947970390319,0.0853695198893547,0.0,0.0,0.209360122680664,0.0,0.1685286909341812,0.1952883303165435,0.2970321476459503,0.1718038022518158,0.1649935245513916,0.0,0.1521089673042297,0.2168848514556884,0.1335411816835403,0.256253033876419,0.0,0.0,0.0,0.1686344742774963,0.1513125598430633,0.2098952084779739,0.0,0.3240079283714294,0.2309009581804275,0.1566397994756698,0.0,0.2291770726442337,0.2514610290527344,0.0,0.1752949208021164,0.0,0.0,0.1496174484491348,0.1882872879505157,0.1803295165300369,0.0,0.0,0.0,0.1709294766187667,0.3153742849826813,0.0981037840247154,0.1234576404094696,0.1261661797761917,0.0
3509,0.0912405401468277,0.1706894934177398,0.1548726558685302,0.1421951353549957,0.0649551376700401,0.1018729284405708,0.1639111191034317,0.1997687965631485,0.1814150512218475,0.0969696938991546,0.1269607543945312,0.0,0.2644831836223602,0.1485939919948578,0.096681885421276,0.3196524381637573,0.1608055830001831,0.1351178288459777,0.2710022926330566,0.2604420185089111,0.2725557684898376,0.0,0.2308066487312317,0.0,0.1834803074598312,0.1345216631889343,0.2315388321876526,0.0,0.2085468471050262,0.3175578117370605,0.1175354048609733,0.1948829889297485,0.0984193086624145,0.0965099036693573,0.4184889495372772,0.3422020375728607,0.204949751496315,0.0,0.1588235050439834,0.1751400530338287,0.1204252541065216,0.2947052121162414,0.1986033022403717,0.0443277843296527,0.1650922894477844,0.1401790827512741,0.0,0.133656308054924,0.0663617774844169,0.3564192950725555,0.1759384423494339,0.6458574533462524,0.244860902428627,0.1568659991025924,0.1333382874727249,0.1555704176425933,0.2768765389919281,0.1621344685554504,0.155135691165924,0.0719219297170639,0.1011319160461425,0.2444020360708236,0.0,0.1389575004577636,0.257152259349823,0.0,0.1998710036277771,0.286821186542511,0.1551024466753006,0.440914511680603,0.2153798937797546,0.4813447594642639,0.1135128587484359,0.2384147047996521,0.1599883735179901,0.0901276841759681,0.1711537688970565,0.0847082957625389,0.2389328181743621,0.1857507675886154,0.2250881642103195,0.1083821654319763,0.1343304961919784,0.1893158853054046,0.2378144264221191,0.2913221716880798,0.4937044978141784,0.230923131108284,0.0,0.1278408318758011,0.1261831223964691,0.0860843807458877,0.0,0.1478217095136642,0.0249100178480148,0.1099960207939148,0.2657288312911987,0.4137714207172394,0.1528382450342178,0.2077701538801193,0.253443956375122,0.232118085026741,0.0864711105823516,0.2099486738443374,0.1488437205553054,0.1384626626968383,0.0938671752810478,0.2437878400087356,0.0,0.0,0.7595090270042419,0.0970676094293594,0.1997309625148773,0.1523827910423278,0.2165228426456451,0.1828130036592483,0.0838004052639007,0.1187044382095336,0.1703104972839355,0.1623532474040985,0.1613951623439788,0.0613360106945037,0.1701532453298568,0.2416913658380508,0.1665699630975723,0.1403658539056778,0.0258105527609586,0.3094990849494934
3511,0.0,0.0,0.0,0.0,0.0,0.0,0.0,0.0046541886404156,0.0,0.0,0.0,0.0,0.0,0.0,0.0,0.0,0.0453673787415027,0.0,0.0,0.1098622307181358,0.0,0.017946932464838,0.0,0.0,0.0,0.0,0.0,0.0,0.0,0.0,0.0,0.0,0.0,0.0,0.0,0.0,0.0,0.0,0.0,0.0,0.0,0.0,0.0,0.0,0.0,0.0,0.0,0.0,0.0,0.0,0.0981203317642211,0.0,0.0,0.0,0.0,0.0,0.0,0.0,0.0,0.0,0.0,0.0,0.0,0.0,0.0,0.0,0.0,0.0,0.0,0.0,0.0,0.0,0.0,0.0,0.1208845004439354,0.0,0.0,0.0,0.0,0.0,0.0,0.0,0.0,0.0,0.0,0.0,0.0,0.0,0.0,0.0,0.0,0.0,0.0,0.0,0.0,0.0,0.0,0.0,0.0,0.0,0.0,0.0,0.0,0.0,0.0,0.0,0.0,0.0,0.0,0.0,0.0,0.0,0.0,0.0,0.0,0.0,0.0,0.0,0.0,0.0,0.0,0.1064284890890121,0.0,0.0,0.0,0.0,0.0,0.0
3519,0.0,0.0,0.0,0.0,0.0,0.0,0.0,0.0,0.0,0.0,0.0,0.0,0.0,0.0,0.0,0.0,0.0,0.0,0.0,0.0,0.0,0.0,0.0,0.0,0.0,0.0,0.0,0.0,0.0,0.0,0.0,0.0,0.0,0.0,0.0,0.0,0.0,0.0,0.0,0.0,0.0,0.0,0.0,0.0,0.0,0.0,0.0,0.0,0.0,0.0,0.0,0.0,0.0,0.0,0.0,0.0,0.0,0.0,0.0,0.0,0.0,0.0,0.0,0.0,0.0,0.0,0.0,0.0,0.0,0.0,0.0,0.0,0.0,0.0,0.0,0.0,0.0,0.0,0.0,0.0,0.0,0.0,0.0,0.0,0.0,0.0,0.0,0.0,0.0,0.0,0.0,0.0,0.0,0.0,0.0,0.0,0.0,0.0,0.0,0.0,0.0,0.0,0.0,0.0,0.0,0.0,0.0,0.0,0.0,0.0,0.0,0.0,0.0,0.0,0.0,0.0,0.0,0.0,0.0,0.0,0.0,0.0,0.0,0.0,0.0,0.0,0.0,0.0
3525,0.0,0.0,0.0,0.0,0.0,0.0,0.0,0.0,0.0,0.0,0.0,0.0,0.0,0.0,0.0,0.0,0.0,0.0,0.0,0.0,0.0,0.0,0.0,0.0,0.0,0.0,0.0,0.0,0.0,0.0,0.0,0.0,0.0,0.0,0.0,0.0,0.0,0.0,0.0,0.0,0.0,0.0,0.0,0.0,0.0,0.0,0.0,0.0,0.0,0.0,0.0,0.0,0.0,0.0,0.0,0.0,0.0,0.0,0.0,0.0,0.0,0.0,0.0,0.0,0.0,0.0,0.0,0.0,0.0,0.0,0.0,0.0,0.0,0.0,0.0,0.0,0.0,0.0,0.0,0.0,0.0,0.0,0.0,0.0,0.0,0.0,0.0,0.0,0.0,0.0,0.0,0.0,0.0,0.0,0.0,0.0,0.0,0.0,0.0,0.0,0.0,0.0,0.0,0.0,0.0,0.0,0.0,0.0,0.0,0.0,0.0,0.0,0.0,0.0,0.0,0.0,0.0,0.0,0.0,0.0,0.0,0.0,0.0,0.0,0.0,0.0,0.0,0.0
3526,0.0,0.0,0.0,0.0,0.0,0.0,0.0,0.0,0.0,0.0,0.0,0.0,0.0,0.0,0.0,0.0,0.0,0.0,0.0,0.0,0.0,0.0,0.0,0.0,0.0,0.0,0.0,0.0,0.0,0.0,0.0,0.0,0.0,0.0,0.0,0.0,0.0,0.0,0.0,0.0,0.0,0.0,0.0,0.0,0.0,0.0,0.0,0.0,0.0,0.0,0.0,0.0,0.0,0.0,0.0,0.0,0.0,0.0,0.0,0.0,0.0,0.0,0.0,0.0,0.0,0.0,0.0,0.0,0.0,0.0,0.0,0.0,0.0,0.0,0.0,0.0,0.0,0.0,0.0,0.0,0.0,0.0,0.0,0.0,0.0,0.0,0.0,0.0,0.0,0.0,0.0,0.0,0.0,0.0,0.0,0.0,0.0,0.0,0.0,0.0,0.0,0.0,0.0,0.0,0.0,0.0,0.0,0.0,0.0,0.0,0.0,0.0,0.0,0.0,0.0,0.0,0.0,0.0,0.0,0.0,0.0,0.0,0.0,0.0,0.0,0.0,0.0,0.0
3527,0.0,0.0,0.0,0.0,0.0,0.0,0.0,0.0,0.0,0.0,0.0,0.0,0.0,0.0,0.0,0.0,0.0,0.0,0.0,0.0,0.0,0.0,0.0,0.0,0.0,0.0,0.0,0.0,0.0,0.0,0.0,0.0,0.0,0.0,0.0,0.0,0.0,0.0,0.0,0.0,0.0,0.0,0.0,0.0,0.0,0.0,0.0,0.0,0.0,0.0,0.0,0.0,0.0,0.0,0.0,0.0,0.0,0.0,0.0,0.0,0.0,0.0,0.0,0.0,0.0,0.0,0.0,0.0,0.0,0.0,0.0,0.0,0.0,0.0,0.0,0.0,0.0,0.0,0.0,0.0,0.0,0.0,0.0,0.0,0.0,0.0,0.0,0.0,0.0,0.0,0.0,0.0,0.0,0.0,0.0,0.0,0.0,0.0,0.0,0.0,0.0,0.0,0.0,0.0,0.0,0.0,0.0,0.0,0.0,0.0,0.0,0.0,0.0,0.0,0.0,0.0,0.0,0.0,0.0,0.0,0.0,0.0,0.0,0.0,0.0,0.0,0.0,0.0
3533,0.0,0.0,0.0,0.0,0.0,0.0,0.0,0.0,0.0,0.0,0.0,0.0,0.0,0.0,0.0,0.0,0.0,0.0,0.0,0.0,0.0,0.0,0.0,0.0,0.0,0.0,0.0,0.0,0.0,0.0,0.0,0.0,0.0,0.0,0.0,0.0,0.0,0.0,0.0,0.0,0.0,0.0,0.0,0.0,0.0,0.0,0.0,0.0,0.0,0.0,0.0,0.0,0.0,0.0,0.0,0.0,0.0,0.0,0.0,0.0,0.0,0.0,0.0,0.0,0.0,0.0,0.0,0.0,0.0,0.0,0.0,0.0,0.0,0.0,0.0,0.0,0.0,0.0,0.0,0.0,0.0,0.0,0.0,0.0,0.0,0.0,0.0,0.0,0.0,0.0,0.0,0.0,0.0,0.0,0.0822591260075569,0.0,0.0,0.0,0.0,0.0,0.0,0.0,0.0,0.0,0.0,0.0,0.0,0.0,0.0,0.0,0.0,0.0,0.0,0.0,0.0,0.0,0.0,0.0,0.0,0.0,0.0,0.0,0.0,0.0,0.0,0.0,0.0,0.0
3537,0.0,0.0,0.0,0.0,0.0,0.0,0.0,0.0,0.0,0.0,0.0,0.0,0.0,0.0,0.0,0.0,0.0,0.0,0.0,0.0,0.0,0.0,0.0,0.0,0.0,0.0,0.0,0.0,0.0,0.0,0.0,0.0,0.0,0.0,0.0,0.0,0.0,0.0,0.0,0.0,0.0,0.0,0.0,0.0,0.0,0.0,0.0,0.0,0.0,0.0,0.0,0.0,0.0,0.0,0.0,0.0,0.0,0.0,0.0,0.0,0.0,0.0,0.0,0.0,0.0,0.0,0.0,0.0,0.0,0.0,0.0,0.0,0.0,0.0,0.0,0.0,0.0,0.0,0.0,0.0,0.0,0.0,0.0,0.0,0.0,0.0,0.0,0.0,0.0,0.0,0.0,0.0,0.0,0.0,0.0,0.0,0.0,0.0,0.0,0.0,0.0,0.0,0.0,0.0,0.0,0.0,0.0,0.0,0.0,0.0,0.0,0.0,0.0,0.0,0.0,0.0,0.0,0.0,0.0,0.0,0.0,0.0,0.0,0.0,0.0,0.0,0.0,0.0
3538,0.0,0.0,0.0,0.0,0.0,0.0,0.0,0.0,0.0,0.0,0.0,0.0,0.0,0.0207025464624166,0.0,0.0,0.022081047296524,0.0,0.0072622178122401,0.0060021816752851,0.05475714802742,0.0,0.0,0.014959399588406,0.0,0.0078565450385212,0.0290281306952238,0.027624100446701,0.0,0.0230110958218574,0.1905615329742431,0.0,0.0678117275238037,0.0,0.0,0.0356096215546131,0.0053406958468258,0.0,0.0,0.0,0.0,0.0025746817700564,0.073255181312561,0.0221669543534517,0.0,0.2035674005746841,0.0,0.01192691270262,0.0,0.0,0.0128980502486228,0.0158464293926954,0.0,0.0037366820033639,0.0,0.0137216532602906,0.0,0.0,0.0,0.0,0.0065295002423226,0.0031448572408407,0.0,0.0281583815813064,0.0082273501902818,0.0,0.0035581905394792,0.0035699524451047,0.0,0.0,0.0,0.0,0.0,0.0,0.0,0.0,0.0142138572409749,0.0133377742022275,0.0,0.0064825001172721,0.0199168100953102,0.0,0.0148144094273447,0.0,0.0055591301061213,0.0,0.0115550002083182,0.0,0.0035287141799926,0.0230260901153087,0.0091815507039427,0.0078026815317571,0.0,0.0,0.0,0.0,0.0760796666145324,0.0,0.0204340443015098,0.0057187145575881,0.0106923002749681,0.0043315454386174,0.0,0.0,0.0144691439345479,0.0112377144396305,0.0,0.0,0.0094649996608495,0.0115419086068868,0.0,0.0,0.0121283819898962,0.0,0.0069863810203969,0.011377272196114,0.0,0.0,0.0203202739357948,0.0,0.0,0.0,0.014050000347197,0.0,0.0,0.0066883815452456,0.0136942183598876,0.0
3540,0.0,0.0,0.0,0.0,0.0,0.0,0.0,0.0,0.0,0.0,0.0,0.0,0.0,0.0,0.0,0.0,0.0,0.0,0.0,0.0,0.0,0.0,0.0,0.0,0.0,0.0,0.0,0.0,0.0,0.0,0.0,0.0,0.0,0.0,0.0,0.0,0.0,0.0,0.0,0.0,0.0,0.0,0.0,0.0,0.0,0.0,0.0,0.0,0.0,0.0,0.0,0.0,0.0,0.0,0.0,0.0,0.0,0.0,0.0,0.0,0.0,0.0,0.0,0.0,0.0,0.0,0.0,0.0,0.0,0.0,0.0,0.0,0.0,0.0,0.0,0.0,0.0,0.0,0.0,0.0,0.0,0.0,0.0,0.0,0.0,0.0,0.0,0.0,0.0,0.0,0.0,0.0,0.0,0.0,0.0,0.0,0.0,0.0,0.0,0.0,0.0,0.0,0.0,0.0,0.0,0.0,0.0,0.0,0.0,0.0,0.0,0.0,0.0,0.0,0.0,0.0,0.0,0.0,0.0,0.0,0.0,0.0,0.0,0.0,0.0,0.0,0.0,0.0
3541,0.0,0.0,0.0,0.0,0.0,0.0,0.0,0.0,0.0,0.0,0.0,0.0,0.0,0.0,0.0,0.0,0.0,0.0,0.0,0.0,0.0,0.0,0.0,0.0,0.0,0.0,0.0,0.0,0.0,0.0,0.0,0.0,0.0,0.0,0.0,0.0,0.0,0.0,0.0,0.0,0.0,0.0,0.0,0.0,0.0,0.0,0.0,0.0,0.0,0.0,0.0,0.0,0.0,0.0,0.0,0.0,0.0,0.0,0.0,0.0,0.0,0.0,0.0,0.0,0.0,0.0,0.0,0.0,0.0,0.0,0.0,0.0,0.0,0.0,0.0,0.0,0.0,0.0,0.0,0.0,0.0,0.0,0.0,0.0,0.0,0.0,0.0,0.0,0.0,0.0,0.0,0.0,0.0,0.0,0.0,0.0,0.0,0.0,0.0,0.0,0.0,0.0,0.0,0.0,0.0,0.0,0.0,0.0,0.0,0.0,0.0,0.0,0.0,0.0,0.0,0.0,0.0,0.0,0.0,0.0,0.0,0.0,0.0,0.0,0.0,0.0,0.0,0.0
3542,0.0,0.0,0.0,0.0,0.0,0.0,0.0,0.0,0.0,0.0,0.0,0.0,0.0,0.0,0.0,0.0,0.0,0.0,0.0,0.0,0.0,0.0,0.0,0.0,0.0,0.0,0.0,0.0,0.0,0.0,0.0,0.0,0.0,0.0,0.0,0.0,0.0,0.0,0.0,0.0,0.0,0.0,0.0,0.0,0.0,0.0,0.0,0.0,0.0,0.0,0.0,0.0,0.0,0.0,0.0,0.0,0.0,0.0,0.0,0.0,0.0,0.0,0.0,0.0,0.0,0.0,0.0,0.0,0.0,0.0,0.0,0.0,0.0,0.0,0.0,0.0,0.0,0.0,0.0,0.0,0.0,0.0,0.0,0.0,0.0,0.0,0.0,0.0,0.0,0.0,0.0,0.0,0.0,0.0,0.0,0.0,0.0,0.0,0.0,0.0,0.0,0.0,0.0,0.0,0.0,0.0,0.0,0.0,0.0,0.0,0.0,0.0,0.0,0.0,0.0,0.0,0.0,0.0,0.0,0.0,0.0,0.0,0.0,0.0,0.0,0.0,0.0,0.0
3545,0.0,0.0,0.0,0.0,0.0,0.0,0.0,0.0,0.0,0.0,0.0,0.0,0.0,0.0,0.0,0.0,0.0,0.0,0.0,0.0,0.0,0.0,0.0,0.0,0.0,0.0,0.0,0.0,0.0,0.0,0.0,0.0,0.0,0.0,0.0,0.0,0.0,0.0,0.0,0.0,0.0,0.0,0.0,0.0,0.0,0.0,0.0,0.0,0.0,0.0,0.0,0.0,0.0,0.0,0.0,0.0,0.0,0.0,0.0,0.0,0.0,0.0,0.0,0.0,0.0,0.0,0.0,0.0,0.0,0.0,0.0,0.0,0.0,0.0,0.0,0.0,0.0,0.0,0.0,0.0,0.0,0.0,0.0,0.0,0.0,0.0,0.0,0.0,0.0,0.0,0.0,0.0,0.0,0.0,0.0,0.0,0.0,0.0,0.0,0.0,0.0,0.0,0.0,0.0,0.0,0.0,0.0,0.0,0.0,0.0,0.0,0.0,0.0,0.0,0.0,0.0,0.0,0.0,0.0,0.0,0.0,0.0,0.0,0.0,0.0,0.0,0.0,0.0
3546,0.0,0.0,0.273215502500534,0.3153825104236603,0.0,0.1796460747718811,0.3344260454177856,0.1057862043380737,0.0,0.0,0.0,0.304281622171402,0.1613188087940216,0.0,0.0,0.2616493105888366,0.1103986799716949,0.1551060527563095,0.0,0.2734161019325256,0.0,0.0,0.2113344222307205,0.0,0.0,0.2160601019859314,0.0,0.287037044763565,0.0,0.1917221695184707,0.2151502668857574,0.1242278739809989,0.0,0.1755909323692321,0.0,0.0,0.1247797235846519,0.2240943163633346,0.0,0.1443984508514404,0.1732611954212188,0.0,0.2266659438610077,0.0387799069285392,0.0,0.0,0.0,0.0,0.0,0.2530060708522796,0.0,0.0,0.0,0.225471019744873,0.0,0.2526503205299377,0.0,0.0,0.0,0.0,0.0,0.0,0.176812395453453,0.0,0.2609672546386719,0.0,0.248815432190895,0.2334470152854919,0.1644120216369629,0.0,0.0,0.0,0.2110899686813354,0.2840573787689209,0.0,0.2182233184576034,0.1980868577957153,0.0,0.0,0.2281167209148407,0.2861074209213257,0.1457528322935104,0.0,0.0,0.0525134019553661,0.20456363260746,0.1793684810400009,0.2834072411060333,0.0,0.0,0.0,0.0,0.0252403933554887,0.3560002744197845,0.0,0.2401099205017089,0.2046188563108444,0.0113635845482349,0.1397870332002639,0.1910334974527359,0.3100814521312713,0.0,0.1371187418699264,0.0,0.0,0.0,0.283540278673172,0.2202469557523727,0.0,0.0,0.2382894158363342,0.0,0.2349051237106323,0.1862438917160034,0.0,0.0,0.2303961962461471,0.0,0.0730877220630645,0.0206743329763412,0.0,0.2522522509098053,0.0527626797556877,0.0,0.0974159985780716,0.2360328733921051,0.0,0.2560217678546905
3547,0.0,0.0,0.1636565923690796,0.0,0.1286706775426864,0.0,0.1046745851635932,0.2167174071073532,0.0983768627047538,0.1588388234376907,0.0,0.0693194419145584,0.0,0.1702475696802139,0.0,0.1514032930135727,0.1060536205768585,0.0,0.2082505375146865,0.0,0.0,0.0,0.2853084802627563,0.2493160963058471,0.0,0.0,0.221171498298645,0.0,0.0,0.0,0.2093212753534317,0.0,0.0,0.2280671149492263,0.0,0.1774290055036544,0.0,0.0,0.0,0.1375209689140319,0.1496355682611465,0.0,0.1729446202516555,0.0,0.0816615149378776,0.0,0.0,0.0,0.0,0.1287246644496917,0.0,0.0,0.0,0.0,0.2329001873731613,0.0,0.0,0.0,0.19728384912014,0.0,0.0,0.1351155489683151,0.0,0.0,0.0,0.141509547829628,0.0,0.0,0.0,0.0,0.243538498878479,0.0,0.2575743496417999,0.0988992676138877,0.1992464661598205,0.2794438004493713,0.0,0.1470011323690414,0.0,0.0,0.0,0.0,0.3241947591304779,0.0850037336349487,0.0,0.0,0.0,0.2497016638517379,0.1388864815235138,0.0,0.1759264767169952,0.0,0.0,0.1413768082857132,0.0,0.0,0.1735060364007949,0.2411610931158065,0.0,0.0,0.0,0.0,0.1620044410228729,0.0,0.3563767373561859,0.1125701665878295,0.1682785898447036,0.1881012320518493,0.0,0.0,0.0,0.2191645801067352,0.0,0.199514165520668,0.0,0.0,0.0,0.2947562038898468,0.0,0.0,0.2365002632141113,0.0,0.1476778835058212,0.0,0.0,0.1344012916088104,0.0,0.0
3549,0.0,0.0,0.0,0.0,0.0,0.2882972955703735,0.0,0.0,0.0,0.0,0.0,0.0,0.0,0.0,0.0,0.0,0.0,0.0,0.0,0.0,0.0,0.0,0.0,0.0,0.0,0.0,0.0,0.0,0.0,0.0,0.0,0.0,0.0,0.0,0.0,0.0,0.0,0.0,0.0,0.0,0.0,0.0,0.0,0.0,0.0,0.0,0.0,0.0,0.0,0.0,0.0,0.0,0.0,0.0,0.0,0.0,0.0,0.0,0.0,0.0,0.0,0.0,0.0,0.0,0.0,0.0,0.0,0.0,0.0,0.0,0.0,0.0,0.0,0.0,0.0,0.0,0.0,0.0,0.0,0.0,0.0,0.0,0.0,0.0,0.0,0.0,0.0,0.0,0.0,0.0,0.0,0.0,0.0,0.0,0.0,0.0,0.0,0.0,0.0,0.0,0.0,0.0,0.0,0.0,0.0,0.0,0.0,0.0,0.0,0.0,0.0,0.0,0.0,0.0,0.0,0.0,0.0,0.0,0.0,0.0,0.0,0.0,0.0,0.0,0.0,0.0,0.0,0.0
3552,0.0265197400003671,0.0269945003092288,0.0,0.044803999364376,0.0,0.0444959104061126,0.0124722383916378,0.0,0.0,0.0,0.0,0.0,0.0439572632312774,0.0,0.0480025000870227,0.0472462102770805,0.0,0.0,0.0,0.0,0.0995347201824188,0.0546541810035705,0.1037427634000778,0.07880250364542,0.0,0.0036424761638045,0.0,0.0,0.0,0.0,0.0691288039088249,0.0,0.1312104612588882,0.0,0.0398707725107669,0.0191007014364004,0.004627545364201,0.0,0.0,0.0035677501000463,0.0,0.0328079089522361,0.0647480487823486,0.0,0.0429206676781177,0.1508528739213943,0.022465381771326,0.0041164765134453,0.0,0.0,0.0,0.0,0.0,0.0144264753907918,0.0144177274778485,0.0488241054117679,0.0,0.0,0.0149146318435668,0.0148218180984258,0.0,0.0,0.0210782382637262,0.0,0.0450785793364048,0.0,0.0,0.0,0.0,0.0,0.0,0.0,0.003540952457115,0.0,0.0,0.0048947059549391,0.003208105219528,0.0055516501888632,0.0434970967471599,0.0,0.0,0.0,0.0,0.0389226973056793,0.0407339073717594,0.0,0.0092978505417704,0.0,0.0,0.0477487370371818,0.0,0.0254459995776414,0.0264108646661043,0.0,0.0,0.0205148644745349,0.0,0.0613499991595745,0.0905123651027679,0.0,0.0,0.0,0.0,0.0123248100280761,0.0770580545067787,0.0,0.0,0.0974250063300132,0.0100522506982088,0.0456390492618083,0.035435251891613,0.0032774785067886,0.043184857815504,0.044107761234045,0.0856844559311866,0.0055406843312084,0.0,0.0,0.0,0.0,0.0080443499609828,0.0112941581755876,0.0,0.0,0.0402042865753173,0.0,0.0063100955449044,0.0
3554,0.9099023938179016,0.722224771976471,0.0,0.9929893612861632,0.0,0.7869629859924316,0.0,0.0,0.0,0.0,0.0,0.0,0.0,0.0,0.0,0.0,0.0,0.0,0.0,0.0,0.0,0.4564254581928253,0.991220474243164,0.0,0.0,0.0,0.0,0.0,0.0,0.9118579030036926,0.0,0.0,0.0,0.8523303270339966,0.0,0.9904658198356628,0.0,0.0,0.0,0.0,0.0,0.9348506927490234,0.0,0.0,0.0,0.0,0.0,0.0,0.0,0.0,0.0,0.0,0.0,0.0,0.0,0.9688024520874025,0.0,0.0,0.0,0.0,0.0,0.0,0.0,0.0,0.0,0.0,0.0,0.0,0.0,0.0,0.9819838404655457,0.0,0.0,0.0,0.0,0.0,0.0,0.0,0.0,0.0,0.0,0.0,0.1356281191110611,0.0,0.0,0.0,0.9862126111984252,0.0,0.0,0.0,0.0,0.0,0.0,0.0,0.0,0.0,0.0,0.9894485473632812,0.0,0.0,0.0,0.0,0.0,0.0,0.9794998168945312,0.0,0.0,0.0,0.0,0.0,0.0,0.0,0.0,0.8063855767250061,0.0,0.0,0.0,0.0,0.0,0.0,0.0,0.8611207604408264,0.0,0.0,0.0,0.9026354551315308,0.0,0.0
3558,0.0,0.0,0.0,0.0,0.0,0.0,0.0,0.0,0.0,0.0,0.0,0.0,0.0,0.0,0.0,0.0,0.0,0.0,0.0,0.0,0.0,0.0,0.0,0.0,0.0,0.0,0.0,0.0,0.0,0.0,0.0,0.0,0.0,0.0,0.0,0.0,0.0,0.0,0.0,0.0,0.0,0.0,0.0,0.0,0.0,0.0,0.0,0.0,0.0,0.0,0.0,0.0,0.0,0.0,0.0,0.0,0.0,0.0,0.0,0.0,0.0,0.0,0.0,0.0,0.0,0.0,0.0,0.0,0.0,0.0,0.0,0.0,0.0,0.0,0.0,0.0,0.0,0.0,0.0,0.0,0.0,0.0,0.0,0.0,0.0,0.0,0.0,0.0,0.0,0.0,0.0,0.0,0.0,0.0,0.0,0.0,0.0,0.0,0.0,0.0,0.0,0.0,0.0,0.0,0.0,0.0,0.0,0.0,0.0,0.0,0.0,0.0,0.0,0.0,0.0,0.0,0.0,0.0,0.0,0.0,0.0,0.0,0.0,0.0,0.0,0.0,0.0,0.0
3559,0.0,0.8365749716758728,0.0,0.2549350261688232,0.1754383444786071,0.0,0.0,0.0,0.0,0.0,0.0,0.0,0.0,0.0,0.2867065966129303,0.0,0.0,0.7975683808326721,0.9823944568634032,0.7368249893188477,0.0,0.9372783303260804,0.7363102436065674,0.787726104259491,0.0,0.6708454489707947,0.7040863037109375,0.0,0.0,0.9383355975151062,0.9683504104614258,0.6370794773101807,0.9692055583000184,0.8990569710731506,0.8805762529373169,0.0,0.0,0.8571768999099731,0.0,0.8085271716117859,0.9851704239845276,0.882285475730896,0.993794858455658,0.9867057800292968,0.9798177480697632,0.7456735372543335,0.679573118686676,0.8379884958267212,0.7793723344802856,0.7024864554405212,0.0,0.9517539739608764,0.9782772064208984,0.9990673065185548,0.9041107296943665,0.5422911643981934,0.787918746471405,0.0,0.7266151905059814,0.7576112151145935,0.93124258518219,0.7406344413757324,0.909271776676178,0.8889578580856323,0.985282838344574,0.9294889569282532,0.963870644569397,0.8874536752700806,0.0,0.0,0.738156795501709,0.7574769258499146,0.920391082763672,0.0,0.0,0.9167781472206116,0.8716506361961365,0.6927383542060852,0.8248819708824158,0.810326337814331,0.7994151711463928,0.8614252805709839,0.9544124603271484,0.6886243224143982,0.9133109450340272,0.961691439151764,0.8011590242385864,0.0,0.859994113445282,0.8115557432174683,0.9037088751792908,0.5855352282524109,0.7734098434448242,0.4599703848361969,0.9983839988708496,0.9998816847801208,0.8597163558006287,0.8681493997573853,0.4896964430809021,0.915888488292694,0.832575798034668,0.7666302919387817,0.9579245448112488,0.962495744228363,0.0,0.8567135334014893,0.9584885239601136,0.7926943302154541,0.0,0.9508545398712158,0.8968051075935364,0.8172948956489563,0.9150218963623048,0.0,0.927436351776123,0.9678022265434264,0.3918470740318298,0.8190966248512268,0.9936557412147522,0.8222822546958923,0.8459488749504089,0.0,0.9172607064247132,0.0,0.928629994392395,0.9674915075302124,0.9966655969619752,0.7883013486862183
3563,0.0,0.0,0.0,0.0,0.0,0.0368379987776279,0.0,0.0,0.0,0.0,0.0,0.0,0.0,0.0418800935149192,0.0,0.0,0.0,0.0,0.0,0.0,0.0348554104566574,0.0,0.0,0.0,0.0,0.0,0.0154499132186174,0.0,0.0,0.0,0.0567540489137172,0.0,0.0234980024397373,0.0,0.0,0.0030658571049571,0.0,0.0,0.0,0.0,0.0,0.0,0.0,0.0,0.0,0.0863824188709259,0.0,0.0,0.0,0.0,0.0,0.0,0.0,0.0,0.0,0.0,0.0,0.0,0.0,0.0,0.0,0.0,0.0,0.0,0.0,0.0267665218561887,0.0,0.0,0.0,0.0,0.0093417502939701,0.0,0.0,0.0,0.0,0.0,0.0318200886249542,0.0549837425351142,0.0,0.0,0.0,0.0,0.0,0.0,0.0,0.0,0.0,0.0,0.0,0.0,0.0,0.0,0.0,0.0,0.0,0.0,0.0,0.0,0.0508117750287056,0.0,0.0,0.0,0.0,0.0,0.0,0.0,0.0,0.0,0.0,0.0,0.0,0.0,0.0,0.044266827404499,0.002763541880995,0.0523048639297485,0.0,0.0,0.0,0.0,0.0357058495283126,0.0,0.0,0.0,0.0,0.0,0.0,0.0
3565,0.0,0.0,0.0,0.0,0.0,0.0,0.0,0.0,0.0,0.0,0.0,0.0,0.0,0.0,0.0,0.0,0.0,0.0,0.0,0.0,0.0,0.0,0.0,0.0,0.0,0.0,0.0,0.0,0.0,0.0,0.0,0.0,0.0,0.0,0.0,0.0,0.0,0.0,0.0,0.0,0.0,0.0,0.0,0.0,0.0,0.0,0.0,0.0,0.0,0.0,0.0,0.0,0.0,0.0,0.0,0.0,0.0,0.0,0.0,0.0,0.0,0.0,0.0,0.0,0.0,0.0,0.0,0.0,0.0,0.0,0.0,0.0,0.0,0.0,0.0,0.0,0.0,0.0,0.0,0.0,0.0,0.0,0.0,0.0,0.0,0.0,0.0,0.0,0.0,0.0,0.0,0.0,0.0,0.0,0.0,0.0,0.0,0.0,0.0,0.0,0.0,0.0,0.0,0.0,0.0,0.0,0.0,0.0,0.0,0.0,0.0,0.0,0.0,0.0,0.0,0.0,0.0,0.0,0.0,0.0,0.0,0.0,0.0,0.0,0.0,0.0,0.0,0.0
3566,0.1194912642240524,0.0,0.1837867349386215,0.0,0.1329744458198547,0.0,0.1440040469169616,0.1849889159202575,0.1942571997642517,0.1595733165740966,0.1651159524917602,0.0,0.0,0.2441623955965042,0.1407344192266464,0.0,0.0,0.1080076768994331,0.0,0.0,0.0,0.202566459774971,0.1587944477796554,0.2361016571521759,0.0,0.0,0.0,0.0,0.1888354122638702,0.0,0.0,0.1485879868268966,0.0,0.0,0.1724225878715515,0.0,0.0,0.0,0.0,0.0,0.0,0.2580868601799011,0.0,0.0,0.0,0.1256045997142791,0.2135754525661468,0.0,0.0929823219776153,0.221295952796936,0.0,0.2315304726362228,0.0,0.0,0.1133100986480712,0.0,0.1192803233861923,0.1889903247356414,0.0,0.0,0.0,0.0,0.180396631360054,0.2331478893756866,0.0,0.0,0.0799362882971763,0.0,0.0,0.0,0.0,0.0,0.0,0.0978786721825599,0.0,0.0,0.1954562664031982,0.2089168429374694,0.1554722785949707,0.0,0.0,0.0,0.1036184355616569,0.0,0.1587923318147659,0.0,0.1205010116100311,0.2322230786085128,0.0,0.0508873835206031,0.0,0.0,0.143420472741127,0.0,0.2122872471809387,0.0,0.0,0.0936185270547866,0.0974021479487419,0.0848690196871757,0.0,0.0,0.1813260018825531,0.0652486905455589,0.0,0.0992995202541351,0.0,0.1626431792974472,0.0,0.1282243430614471,0.0,0.0,0.0,0.2128305584192276,0.0,0.0,0.0,0.0,0.0,0.0,0.2474821507930755,0.1374828815460205,0.0,0.0,0.1043728366494178,0.1039153113961219,0.2184316217899322,0.0
3568,0.0,0.0,0.0,0.0,0.0,0.0,0.0,0.0,0.0,0.0,0.0,0.0,0.0,0.0,0.0,0.0,0.0,0.0,0.0,0.0,0.0,0.0,0.0,0.0,0.0,0.0,0.0,0.0,0.0,0.0,0.0,0.0,0.0,0.0,0.0,0.0,0.0,0.0,0.0,0.0,0.0,0.0,0.0,0.0,0.0,0.0,0.0,0.0,0.0,0.0,0.0,0.0,0.0,0.0,0.0,0.0,0.0,0.0,0.0,0.0,0.0,0.0,0.0,0.0,0.0,0.0,0.0,0.0,0.0,0.0,0.0,0.0,0.0,0.0,0.0,0.0,0.0,0.0,0.0,0.0,0.0,0.0,0.0,0.0,0.0,0.0,0.0,0.0,0.0,0.0,0.0,0.0,0.0,0.0,0.0,0.0,0.0,0.0,0.0,0.0,0.0,0.0,0.0,0.0,0.0,0.0,0.0,0.0,0.0,0.0,0.0,0.0,0.0,0.0,0.0,0.0,0.0,0.0,0.0,0.0,0.0,0.0,0.0,0.0,0.0,0.0,0.0,0.0
3570,0.0,0.0,0.0,0.0,0.0,0.0,0.0,0.0,0.0,0.0,0.0,0.0,0.0,0.0,0.0,0.0,0.0,0.0,0.0,0.0,0.0,0.0,0.0,0.0,0.0,0.0,0.0,0.0,0.0,0.0,0.0,0.0,0.0,0.0,0.0,0.0,0.0,0.0,0.0,0.0,0.0,0.0,0.0,0.0,0.0,0.0,0.0,0.0,0.0,0.0,0.0,0.0,0.0,0.0,0.0,0.0,0.0,0.0,0.0,0.0,0.0,0.0,0.0,0.0,0.0,0.0,0.0,0.0,0.0,0.0,0.0,0.0,0.0,0.0,0.0,0.0,0.0,0.0,0.0,0.0,0.0,0.0,0.0,0.0,0.0,0.0,0.0,0.0,0.0,0.0,0.0,0.0,0.0,0.0,0.0,0.0,0.0,0.0,0.0,0.0,0.0,0.0,0.0,0.0,0.0,0.0,0.0,0.0,0.0,0.0,0.0,0.0,0.0,0.0,0.0,0.0,0.0,0.0,0.0,0.0,0.0,0.0,0.0,0.0,0.0,0.0,0.0,0.0
3572,0.0,0.0,0.0,0.0,0.0,0.0,0.0,0.0,0.0,0.0,0.0,0.0,0.0,0.0,0.0,0.0,0.0,0.0,0.0,0.0,0.0,0.0,0.0,0.0,0.0,0.0,0.0,0.0,0.0,0.0,0.0,0.0,0.0,0.0,0.0,0.0,0.0,0.0,0.0,0.0,0.0,0.0,0.0,0.0,0.0,0.0,0.0,0.0,0.0,0.0,0.0,0.0,0.0,0.0,0.0,0.0,0.0,0.0,0.0,0.0,0.0,0.0,0.0,0.0,0.0,0.0,0.0,0.0,0.0,0.0,0.0,0.0,0.0,0.0,0.0,0.0,0.0,0.0,0.0,0.0,0.0,0.0,0.0,0.0,0.0,0.0,0.0,0.0,0.0,0.0,0.0,0.0,0.0,0.0,0.0,0.0,0.0,0.0,0.0,0.0,0.0,0.0,0.0,0.0,0.0,0.0,0.0,0.0,0.0,0.0,0.0,0.0,0.0,0.0,0.0,0.0,0.0,0.0,0.0,0.0,0.0,0.0,0.0,0.0,0.0,0.0,0.0,0.0
3573,0.1082777231931686,0.0,0.0756728574633598,0.0,0.0,0.153809979557991,0.0,0.0,0.0,0.0,0.0436684787273407,0.0926261246204376,0.0489615052938461,0.167857751250267,0.0,0.0649944245815277,0.062114555388689,0.0,0.0,0.0,0.0,0.0629805549979209,0.2245743572711944,0.0,0.0,0.0,0.0,0.0,0.0,0.0,0.0423294566571712,0.0815905481576919,0.0135755855590105,0.0,0.0,0.1100601628422737,0.040185559540987,0.0537719838321208,0.0,0.0,0.1001643538475036,0.0,0.094823807477951,0.1398977488279342,0.0,0.0432837717235088,0.0171178579330444,0.0,0.0831560790538787,0.0469880849123001,0.0459807515144348,0.0,0.0,0.0,0.0690257251262664,0.0,0.0916784554719924,0.1826502680778503,0.0,0.0,0.0,0.0436658561229705,0.0342636927962303,0.1622808277606964,0.085283875465393,0.0,0.1014028117060661,0.0385354645550251,0.0,0.0985185801982879,0.0,0.0,0.0,0.0869358405470848,0.1452694684267044,0.0,0.0,0.0,0.0540365986526012,0.0,0.0713477879762649,0.0,0.1083911284804344,0.0,0.0317665301263332,0.0,0.0503024831414222,0.0,0.0728463158011436,0.0706421956419944,0.2078396081924438,0.1379799246788025,0.0811718553304672,0.0,0.0584861785173416,0.0,0.1295459121465683,0.0325416661798954,0.0548276118934154,0.0710042566061019,0.1737903505563736,0.1202763468027114,0.0396856181323528,0.0742726549506187,0.0446488857269287,0.0,0.0,0.0,0.0660216510295867,0.0,0.0372650437057018,0.0,0.0,0.0,0.0,0.0,0.1082116961479187,0.0,0.0,0.0374822355806827,0.1292565762996673,0.0,0.0,0.0104826278984546,0.0,0.1180011332035064,0.0,0.0
3575,0.2506355345249176,0.0,0.0,0.0,0.0,0.219822883605957,0.1749646812677383,0.0,0.0,0.0,0.0,0.1983346194028854,0.0,0.0,0.0,0.0,0.0434374287724494,0.0,0.0,0.0,0.2158670127391815,0.0,0.1055837348103523,0.0,0.2202842980623245,0.0,0.0,0.0,0.0,0.0,0.2166832983493805,0.0,0.2547017633914947,0.0571518689393997,0.2207751721143722,0.1655705571174621,0.1729179769754409,0.1593134999275207,0.0,0.0,0.1465016901493072,0.1751635819673538,0.1876022070646286,0.224784180521965,0.0,0.2391432672739029,0.224958136677742,0.2163833677768707,0.2285152673721313,0.269569844007492,0.1267026662826538,0.0,0.2460499703884124,0.0,0.0,0.0,0.088896594941616,0.0537625364959239,0.0,0.1060952022671699,0.1716218143701553,0.2047195881605148,0.0729667544364929,0.0,0.1468196362257003,0.0,0.0,0.0,0.0,0.0,0.0,0.2244410663843155,0.1934233158826828,0.0864578932523727,0.1175884082913398,0.1955786496400833,0.0,0.1819366216659546,0.0543250851333141,0.2028207778930664,0.0,0.0,0.0,0.0,0.0,0.1153271049261093,0.1880788803100586,0.1979847699403762,0.0,0.2340321093797683,0.2077893763780594,0.0,0.1901354640722274,0.1805662661790847,0.1475012302398681,0.0,0.0,0.2429469525814056,0.0,0.0,0.2170556634664535,0.0,0.2260085195302963,0.164455845952034,0.0,0.1333282887935638,0.0,0.1349733620882034,0.0,0.2186788618564605,0.0,0.0,0.0,0.0,0.2283582389354705,0.123709961771965,0.2523604929447174,0.2546658217906952,0.2020293772220611,0.1382451206445694,0.2869876027107239,0.0,0.0,0.0,0.1190879568457603,0.1939629316329956,0.2304776906967163,0.0
3578,0.0,0.0,0.0,0.0,0.0,0.0,0.0,0.0,0.0,0.0,0.0,0.0,0.0,0.0170564353466033,0.0,0.0024949598591774,0.0,0.0,0.0,0.0,0.0489310026168823,0.0,0.0,0.0,0.0,0.0,0.0,0.0,0.0048962086439132,0.0,0.0799005925655365,0.0,0.0772652253508567,0.0,0.0,0.0,0.0159321594983339,0.0166050009429454,0.0,0.0,0.0,0.0,0.0,0.0059630796313285,0.0,0.2167526185512542,0.0,0.0,0.0,0.0,0.0,0.0,0.0,0.0,0.0032069047447293,0.0043772915378212,0.0,0.0,0.0,0.0,0.0,0.0,0.0,0.0,0.0,0.0367939174175262,0.0,0.0,0.0,0.0,0.00349604152143,0.0,0.0,0.0,0.0,0.0,0.0306109115481376,0.0487965904176235,0.0,0.0,0.0,0.0,0.0,0.0,0.0,0.0,0.0034040911123156,0.0,0.0,0.0,0.0,0.0,0.0,0.0,0.0,0.0,0.0,0.0,0.0858828201889991,0.0,0.0,0.0,0.0,0.0,0.0,0.0,0.0,0.0,0.0,0.0,0.0,0.0,0.0,0.0397718288004398,0.0,0.0954852327704429,0.0,0.0,0.0,0.0,0.0,0.0,0.0,0.0,0.009750478900969,0.0,0.0,0.0
3579,0.0,0.0,0.0,0.0,0.0,0.0,0.0,0.0,0.0,0.0,0.0,0.0,0.0,0.0,0.0,0.0,0.0,0.0,0.0,0.0,0.0,0.0,0.0,0.0,0.0,0.0,0.0,0.0,0.0,0.0,0.0,0.0,0.0,0.0,0.0,0.0,0.0,0.0,0.0,0.0,0.0,0.0,0.0,0.0,0.0,0.0,0.0,0.0,0.0,0.0,0.0,0.0,0.0,0.0,0.0,0.0,0.0,0.0,0.0,0.0,0.0,0.0,0.0,0.0,0.0,0.0,0.0,0.0,0.0,0.0,0.0,0.0,0.0,0.0,0.0,0.0,0.0,0.0,0.0,0.0,0.0,0.0,0.0,0.0,0.0,0.0,0.0,0.0,0.0,0.0,0.0,0.0,0.0,0.0,0.0,0.0,0.0,0.0,0.0,0.0,0.0,0.0,0.0,0.0,0.0,0.0,0.0,0.0,0.0,0.0,0.0,0.0,0.0,0.0,0.0,0.0,0.0,0.0,0.0,0.0,0.0,0.0,0.0,0.0,0.0,0.0,0.0,0.0
3581,0.0,0.0,0.0,0.0,0.0,0.0,0.0,0.0,0.0,0.0,0.0,0.0,0.0,0.0,0.0,0.0,0.0,0.0,0.0,0.0,0.0,0.0,0.0,0.0,0.0,0.0,0.0,0.0,0.0,0.0,0.0,0.0,0.0,0.0,0.0,0.0,0.0,0.0,0.0,0.0,0.0,0.0,0.0,0.0,0.0,0.0,0.0,0.0,0.0,0.0,0.0,0.0,0.0,0.0,0.0,0.0,0.0,0.0,0.0,0.0,0.0,0.0,0.0,0.0,0.0,0.0,0.0,0.0,0.0,0.0,0.0,0.0,0.0,0.0,0.0,0.0,0.0,0.0,0.0,0.0,0.0,0.0,0.0,0.0,0.0,0.0,0.0,0.0,0.0,0.0,0.0,0.0,0.0,0.0,0.0,0.0,0.0,0.0,0.0,0.0,0.0,0.0,0.0,0.0,0.0,0.0,0.0,0.0,0.0,0.0,0.0,0.0,0.0,0.0,0.0,0.0,0.0,0.0,0.0,0.0,0.0,0.0,0.0,0.0,0.0,0.0,0.0,0.0
3582,0.0,0.0,0.0,0.0,0.0,0.0,0.0,0.0,0.0,0.0,0.0,0.0,0.0,0.0,0.0,0.0,0.0,0.0,0.0,0.0,0.0,0.0,0.0,0.0,0.0,0.0,0.0,0.0,0.0,0.0,0.0,0.0,0.0,0.0,0.0,0.0,0.0,0.0,0.0,0.0,0.0,0.0,0.0,0.0,0.0,0.0,0.0,0.0,0.0,0.0,0.0,0.0,0.0,0.0,0.0,0.0,0.0,0.0,0.0,0.0,0.0,0.0,0.0,0.0,0.0,0.0,0.0,0.0,0.0,0.0,0.0,0.0,0.0,0.0,0.0,0.0,0.0,0.0,0.0,0.0,0.0,0.0,0.0,0.0,0.0,0.0,0.0,0.0,0.0,0.0,0.0,0.0,0.0,0.0,0.0,0.0,0.0,0.0,0.0,0.0,0.0,0.0,0.0,0.0,0.0,0.0,0.0,0.0,0.0,0.0,0.0,0.0,0.0,0.0,0.0,0.0,0.0,0.0,0.0,0.0,0.0,0.0,0.0,0.0,0.0,0.0,0.0,0.0
3583,0.0,0.0,0.0,0.0,0.0,0.0,0.0,0.0,0.0,0.0,0.0,0.0,0.0,0.0,0.0,0.0,0.0,0.0,0.0,0.0,0.0,0.0,0.0,0.0,0.0,0.0,0.0,0.0,0.0,0.0,0.0,0.0,0.0,0.0,0.0,0.0,0.0,0.0,0.0,0.0,0.0,0.0,0.0,0.0,0.0,0.0,0.0,0.0,0.0,0.0,0.0,0.0,0.0,0.0,0.0,0.0,0.0,0.0,0.0,0.0,0.0,0.0,0.0,0.0,0.0,0.0,0.0,0.0,0.0,0.0,0.0,0.0,0.0,0.0,0.0,0.0,0.0,0.0,0.0,0.0,0.0,0.0,0.0,0.0,0.0,0.0,0.0,0.0,0.0,0.0,0.0,0.0,0.0,0.0,0.0,0.0,0.0,0.0,0.0,0.0,0.0,0.0,0.0,0.0,0.0,0.0,0.0,0.0,0.0,0.0,0.0,0.0,0.0,0.0,0.0,0.0,0.0,0.0,0.0,0.0,0.0,0.0,0.0,0.0,0.0,0.0,0.0,0.0
3587,0.0,0.0,0.0,0.0,0.0,0.0,0.0,0.0,0.0,0.0,0.0,0.0,0.0,0.0,0.0,0.0,0.0,0.0,0.0,0.0,0.0,0.0,0.0,0.0,0.0,0.0,0.0,0.0,0.0,0.0,0.0,0.0,0.0,0.0,0.0,0.0,0.0,0.0,0.0,0.0,0.0,0.0,0.0,0.0,0.0,0.0,0.0,0.0,0.0,0.0,0.0,0.0,0.0,0.0,0.0,0.0,0.0,0.0,0.0,0.0,0.0,0.0,0.0,0.0,0.0,0.0,0.0,0.0,0.0,0.0,0.0,0.0,0.0,0.0,0.0,0.0,0.0,0.0,0.0,0.0,0.0,0.0,0.0,0.0,0.0,0.0,0.0,0.0,0.0,0.0,0.0,0.0,0.0,0.0,0.0,0.0,0.0,0.0,0.0,0.0,0.0,0.0,0.0,0.0,0.0,0.0,0.0,0.0,0.0,0.0,0.0,0.0,0.0,0.0,0.0,0.0,0.0,0.0,0.0,0.0,0.0,0.0,0.0,0.0,0.0,0.0,0.0,0.0
3588,0.0,0.0,0.0,0.0,0.0,0.0,0.0,0.0,0.0,0.0,0.0,0.0,0.0,0.0,0.0,0.0,0.0,0.0,0.0,0.0,0.0,0.0,0.0,0.0,0.0,0.0,0.0,0.0,0.0,0.0,0.0,0.0,0.0,0.0,0.0,0.0,0.0,0.0,0.0,0.0,0.0,0.0,0.0,0.0,0.0,0.0,0.0,0.0,0.0,0.0,0.0,0.0,0.0,0.0,0.0,0.0,0.0,0.0,0.0,0.0,0.0,0.0,0.0,0.0,0.0,0.0,0.0,0.0,0.0,0.0,0.0,0.0,0.0,0.0,0.0,0.0,0.0,0.0,0.0,0.0,0.0,0.0,0.0,0.0,0.0,0.0,0.0,0.0,0.0,0.0,0.0,0.0,0.0,0.0,0.0,0.0,0.0,0.0,0.0,0.0,0.0,0.0,0.0,0.0,0.0,0.0,0.0,0.0,0.0,0.0,0.0,0.0,0.0,0.0,0.0,0.0,0.0,0.0,0.0,0.0,0.0,0.0,0.0,0.0,0.0,0.0,0.0,0.0
3592,0.0,0.0,0.0,0.0,0.0,0.0,0.0,0.0,0.0,0.0,0.0,0.0,0.0,0.0,0.0,0.0,0.0,0.0,0.0,0.0,0.0,0.0,0.0,0.0,0.0,0.0,0.0,0.0,0.0,0.0,0.0,0.0,0.0,0.0,0.0,0.0,0.0,0.0,0.0,0.0,0.0,0.0,0.0,0.0,0.0,0.0,0.0,0.0,0.0,0.0,0.0,0.0,0.0,0.0,0.0,0.0,0.0,0.0,0.0,0.0,0.0,0.0,0.0,0.0,0.0,0.0,0.0,0.0,0.0,0.0,0.0,0.0,0.0,0.0,0.0,0.0,0.0,0.0,0.0,0.0,0.0,0.0,0.0,0.0,0.0,0.0,0.0,0.0,0.0,0.0,0.0,0.0,0.0,0.0,0.0,0.0,0.0,0.0,0.0,0.0,0.0,0.0,0.0,0.0,0.0,0.0,0.0,0.0,0.0,0.0,0.0,0.0,0.0,0.0,0.0,0.0,0.0,0.0,0.0,0.0,0.0,0.0,0.0,0.0,0.0,0.0,0.0,0.0
3593,0.0708856731653213,0.0,0.0,0.0,0.0,0.3429477214813232,0.0,0.2777850031852722,0.0,0.0,0.0,0.0,0.0,0.0,0.1693314909934997,0.0,0.2721206545829773,0.0,0.0,0.0,0.0,0.0,0.0,0.0,0.1418712735176086,0.0,0.5205395221710205,0.0,0.0,0.2001761496067047,0.1557419598102569,0.4061358869075775,0.0,0.1247308477759361,0.0,0.0,0.0,0.0,0.0,0.1413802057504654,0.1089576706290245,0.0,0.0,0.1990515887737274,0.0,0.0,0.0,0.0,0.0,0.0,0.0,0.0,0.0,0.0,0.0,0.1953971087932586,0.0,0.0998045429587364,0.0,0.0,0.0,0.0,0.0,0.0,0.0,0.1553155332803726,0.3898899853229522,0.0,0.0977563858032226,0.0,0.0,0.0,0.0,0.0922090038657188,0.3795604109764099,0.0,0.2445901930332183,0.0,0.0,0.0,0.0,0.2593970894813537,0.0889242142438888,0.1543279290199279,0.0,0.0,0.0,0.0,0.4800911843776703,0.0,0.0,0.104040116071701,0.0,0.0,0.0,0.0,0.0,0.0,0.0364182405173778,0.0182868894189596,0.0,0.1257898509502411,0.0,0.0,0.0,0.0,0.0,0.1615403145551681,0.0,0.0,0.2314355969429016,0.375325083732605,0.161881685256958,0.0,0.0,0.0,0.2872325181961059,0.0,0.0,0.0,0.0,0.0,0.0,0.085253432393074,0.0,0.0,0.0,0.1855067014694214
3596,0.2869934737682342,0.0,0.0,0.0,0.2058249115943908,0.0,0.0,0.0,0.1045122146606445,0.0,0.0,0.1269364207983017,0.0,0.0212114620953798,0.0,0.0,0.0421336181461811,0.0,0.0,0.0,0.0,0.0287700295448303,0.0275859776884317,0.0,0.0,0.0434131398797035,0.0,0.0,0.0,0.0,0.0574766248464584,0.0,0.0,0.1063182428479194,0.0,0.1940928101539611,0.0,0.0,0.0039492361247539,0.0344714261591434,0.0216810517013072,0.0,0.0341461636126041,0.0839770659804344,0.0,0.1701322346925735,0.0,0.0200893580913543,0.0,0.0574706867337226,0.0,0.0,0.0,0.0,0.1185517534613609,0.089469276368618,0.0,0.061057224869728,0.0,0.0,0.0465633943676948,0.0794782191514968,0.0,0.0,0.1787217408418655,0.0,0.1804787516593933,0.0,0.0,0.0,0.0,0.0,0.0,0.0,0.2280472368001938,0.0,0.1036512032151222,0.0539922788739204,0.0374437645077705,0.0,0.0,0.0,0.0,0.0,0.1277769804000854,0.0,0.0,0.0,0.0,0.0467578843235969,0.0525537692010402,0.1103119552135467,0.0,0.0,0.0438174828886985,0.0,0.0,0.0,0.0989523530006408,0.0,0.0,0.0,0.0,0.0,0.0,0.0706817507743835,0.0,0.0633014664053917,0.0443129800260067,0.031134845688939,0.0085357287898659,0.0,0.0,0.051947820931673,0.2373255044221878,0.0,0.0336980521678924,0.0,0.0,0.0,0.0,0.0,0.0,0.0,0.0,0.1797137558460235,0.0,0.0
3598,0.0,0.0,0.0,0.0,0.0,0.0,0.0,0.0,0.0,0.0,0.0,0.0,0.0,0.0,0.0,0.0,0.0,0.0,0.0,0.0,0.0,0.0,0.0,0.0,0.0,0.0,0.0,0.0,0.0,0.0,0.0,0.0,0.0,0.0,0.0,0.0,0.0,0.0,0.0,0.0,0.0,0.0,0.0,0.0,0.0,0.0,0.0,0.0,0.0,0.0,0.0,0.0,0.0,0.0,0.0,0.0,0.0,0.0,0.0,0.0,0.0,0.0,0.0,0.0,0.0,0.0,0.0,0.0,0.0,0.0,0.0,0.0,0.0,0.0,0.0,0.0,0.0,0.0,0.0,0.0,0.0,0.0,0.0,0.0,0.0,0.0,0.0,0.0,0.0,0.0,0.0,0.0,0.0,0.0,0.0,0.0,0.0,0.0,0.0,0.0,0.0,0.0,0.0,0.0,0.0,0.0,0.0,0.0,0.0,0.0,0.0,0.0,0.0,0.0,0.0,0.0,0.0,0.0,0.0,0.0,0.0,0.0,0.0,0.0,0.0,0.0,0.0,0.0
3601,0.0,0.0,0.0,0.0,0.1249889582395553,0.0,0.1374198049306869,0.0,0.128040000796318,0.2079391926527023,0.0,0.1560628712177276,0.0,0.0,0.1379692703485489,0.1203788593411445,0.0,0.1166121438145637,0.0,0.0769476592540741,0.0,0.2019801139831543,0.0,0.2854712903499603,0.2097771167755127,0.2463200390338897,0.1786474883556366,0.0,0.0,0.0,0.1456750780344009,0.0,0.1587342768907547,0.0,0.1229786202311515,0.0,0.0,0.07623752951622,0.0,0.0963245406746864,0.1215577870607376,0.0,0.1172094494104385,0.0,0.0,0.0,0.0,0.1497362107038498,0.0948130562901496,0.1293389499187469,0.0,0.2316264659166336,0.2191552817821502,0.0,0.0,0.0997739061713218,0.1308636516332626,0.0,0.0,0.0,0.105069488286972,0.0,0.1665159910917282,0.0,0.2357514947652816,0.0,0.0789140984416008,0.1889333724975586,0.0,0.0,0.0,0.0,0.0,0.1107616201043129,0.0,0.0,0.0,0.2585621178150177,0.0,0.0,0.0,0.1492425948381424,0.0,0.0,0.0,0.0,0.1272827833890915,0.0,0.0,0.0,0.0,0.0,0.157093197107315,0.0,0.0,0.1097648739814758,0.0,0.0,0.0,0.1018187329173088,0.0,0.137883186340332,0.0,0.0,0.1385735869407653,0.0,0.1403732597827911,0.1648450791835785,0.0,0.0,0.1314089298248291,0.2284903079271316,0.0,0.2048460841178894,0.0,0.1415589451789856,0.1028205677866935,0.0,0.0,0.1444855630397796,0.0,0.0,0.0,0.1104559227824211,0.0,0.0,0.0,0.0
3602,0.0,0.0,0.0,0.0,0.0,0.0,0.0,0.0,0.0,0.0,0.0,0.0,0.0,0.0,0.0,0.0,0.9618698358535768,0.846499502658844,0.9577196836471558,0.9552370309829712,0.6555413007736206,0.9938933849334716,0.8413304090499878,0.8833043575286865,0.9274043440818788,0.9066755175590516,0.9847814440727234,0.8782118558883667,0.7714965343475342,0.9576016068458556,0.8568965792655945,0.9806160926818848,0.9450531601905824,0.7952115535736084,0.8882311582565308,0.915633261203766,0.9914051294326782,0.9075201749801636,0.9486010670661926,0.9850918650627136,0.8189685344696045,0.8774136304855347,0.9974462389945984,0.9091111421585084,0.9786848425865172,0.9387966394424438,0.9136340618133544,0.9701464772224426,0.8728736639022827,0.6221885681152344,0.9516502618789672,0.9715075492858888,0.9855355024337769,0.9880919456481934,0.995848536491394,0.8911615610122681,0.9989691972732544,0.9558768272399902,0.7196863293647766,0.9965449571609496,0.9793556332588196,0.7388111352920532,0.8976629972457886,0.982970654964447,0.9772883653640748,0.955411434173584,0.8538525700569153,0.9467313289642334,0.9567493200302124,0.994206726551056,0.7723216414451599,0.9651221036911012,0.832773745059967,0.9048137664794922,0.8884252309799194,0.8779562711715698,0.995474338531494,0.6091299057006836,0.8757883310317993,0.9802693724632264,0.9810461401939392,0.96854829788208,0.8072715997695923,0.907428503036499,0.9952303767204284,0.9438712000846864,0.9586301445961,0.9981285929679872,0.9175835251808168,0.727843701839447,0.8776847720146179,0.9526983499526978,0.9448738098144532,0.953484296798706,0.7910975813865662,0.9835832715034484,0.9505985379219056,0.8671717643737793,0.9152061343193054,0.9675034284591676,0.900201141834259,0.9601362943649292,0.9757927656173706,0.804070234298706,0.975797176361084,0.7975812554359436,0.871809184551239,0.9983369708061218,0.9080141186714172,0.9715995192527772,0.8508784770965576,0.6764323115348816,0.8779725432395935,0.83980393409729,0.982957363128662,0.9170684814453124,0.9457566738128662,0.9819308519363404,0.7648224830627441,0.889877438545227,0.8922189474105835,0.9027986526489258,0.8761076927185059,0.7836987376213074,0.9359775185585022,0.9144790768623352,0.9560320377349854,0.9918296337127686
3606,0.0,0.0,0.0,0.0,0.0,0.0,0.0,0.0,0.0,0.0,0.0,0.0,0.0,0.0,0.0,0.0,0.0,0.0,0.0,0.0,0.0,0.0,0.0,0.0,0.0,0.0,0.0,0.0,0.0,0.0,0.0,0.0,0.0,0.0,0.0,0.0,0.0,0.0,0.0,0.0,0.0,0.0,0.0,0.0,0.0,0.0,0.0,0.0,0.0,0.0,0.0,0.0,0.0,0.0,0.0,0.0,0.0,0.0,0.0,0.0,0.0,0.0,0.0,0.0,0.0,0.0,0.0,0.0,0.0,0.0,0.0,0.0,0.0,0.0,0.0,0.0,0.0,0.0,0.0,0.0,0.0,0.0,0.0,0.0,0.0,0.0,0.0,0.0,0.0,0.0,0.0,0.0,0.0,0.0,0.0,0.0,0.0,0.0,0.0,0.0,0.0,0.0,0.0,0.0,0.0,0.0,0.0,0.0,0.0,0.0,0.0,0.0,0.0,0.0,0.0,0.0,0.0,0.0,0.0,0.0,0.0,0.0,0.0,0.0,0.0,0.0,0.0,0.0
3607,0.0,0.0,0.0,0.0,0.0638424977660179,0.0812444910407066,0.0,0.0,0.0,0.0745439007878303,0.0384165607392787,0.057154756039381,0.0883618965744972,0.0,0.0462397597730159,0.1161577180027961,0.0,0.0,0.1218263134360313,0.0,0.0401340834796428,0.0,0.0,0.0741649195551872,0.1242788136005401,0.0510961674153804,0.1042721718549728,0.1142723187804222,0.0,0.0967527255415916,0.1638057231903076,0.1058706492185592,0.0,0.0952913537621498,0.0,0.0,0.1486072093248367,0.0361547656357288,0.0,0.0872461944818496,0.0,0.0,0.1508108675479889,0.0,0.0469883978366851,0.0531243272125721,0.0,0.0404701679944992,0.1177426278591156,0.0132267223671078,0.11497613042593,0.0,0.0,0.0186278820037841,0.0376443788409233,0.0,0.0,0.0484111905097961,0.1034872829914093,0.0225154794752597,0.0,0.0,0.0967066884040832,0.1081683561205864,0.0,0.0259246081113815,0.0,0.0737684741616249,0.0476601347327232,0.0,0.0,0.0570295229554176,0.0,0.0147598702460527,0.1577339023351669,0.1309677958488464,0.0,0.0499167554080486,0.0,0.0,0.088346242904663,0.0,0.1212732419371604,0.0,0.0,0.0674036741256713,0.0920043662190437,0.0,0.0826451703906059,0.0506870001554489,0.0724194273352623,0.0194572303444147,0.0,0.0,0.0,0.0,0.0914076268672943,0.0397563800215721,0.0,0.0,0.0,0.0,0.081729307770729,0.0,0.0,0.0,0.0557164177298545,0.1382507979869842,0.0386726148426532,0.0878373682498931,0.0,0.1029748916625976,0.0,0.0903208255767822,0.0434531420469284,0.0509304851293563,0.0724359452724456,0.052625335752964,0.0,0.0,0.1719342321157455,0.0707005262374877,0.0,0.0,0.0,0.0,0.0,0.0342158079147338
3608,0.0,0.0,0.0,0.0,0.0,0.0,0.0,0.0,0.0,0.0,0.0,0.0,0.0,0.0,0.0,0.0,0.0,0.0,0.0,0.0,0.0,0.0,0.0,0.0,0.0,0.0,0.0,0.0,0.0,0.0,0.0,0.0,0.0,0.0,0.0,0.0,0.0,0.0,0.0,0.0,0.0,0.0,0.0,0.0,0.0,0.0,0.0,0.0,0.0,0.0,0.0,0.0,0.0,0.0,0.0,0.0,0.0,0.0,0.0,0.0,0.0,0.0,0.0,0.0,0.0,0.0,0.0,0.0,0.0,0.0,0.0,0.0,0.0,0.0,0.0,0.0,0.0,0.0,0.0,0.0,0.0,0.0,0.0,0.0,0.0,0.0,0.0,0.0,0.0,0.0,0.0,0.0,0.0,0.0,0.0,0.0,0.0,0.0,0.0,0.0,0.0,0.0,0.0,0.0,0.0,0.0,0.0,0.0,0.0,0.0,0.0,0.0,0.0,0.0,0.0,0.0,0.0,0.0,0.0,0.0,0.0,0.0,0.0,0.0,0.0,0.0,0.0,0.0
3610,0.0,0.0,0.0,0.0,0.0,0.0,0.0,0.0,0.0,0.0,0.0,0.0,0.0,0.0,0.0,0.0,0.1902769953012466,0.0,0.0,0.0162909999489784,0.0,0.0,0.0,0.0,0.0,0.0272833332419395,0.0,0.0,0.0,0.291101336479187,0.2058824449777603,0.0,0.0,0.38714799284935,0.0,0.0,0.0,0.0,0.0,0.0,0.0,0.0,0.0,0.0,0.0,0.0,0.0,0.0,0.0,0.0,0.0,0.0,0.0,0.0,0.0,0.0,0.1509750187397003,0.0,0.0,0.512676477432251,0.2327263802289962,0.0,0.1768350005149841,0.1787451952695846,0.0643212497234344,0.0825709998607635,0.0,0.0,0.0,0.0,0.0,0.0,0.0,0.0,0.0473130010068416,0.0,0.1731310039758682,0.0,0.0,0.0,0.0,0.0,0.3618794977664947,0.0,0.0,0.0,0.0,0.0,0.0,0.0,0.0,0.0,0.0886458158493042,0.0,0.0,0.0,0.064323604106903,0.0,0.3136515021324157,0.0,0.0,0.0,0.1410796642303466,0.0,0.0,0.0,0.0,0.0,0.3929620087146759,0.0,0.0,0.234167993068695,0.0,0.0,0.0,0.0306667499244213,0.0,0.0,0.0,0.0,0.9982062578201294,0.0,0.0,0.0,0.0,0.0535090006887912,0.0,0.0
3611,0.0,0.0921445041894912,0.0,0.2102347165346145,0.0,0.0,0.2662286460399627,0.2037997990846634,0.0,0.112888678908348,0.0,0.0,0.0,0.1396362483501434,0.1208154335618019,0.0,0.0,0.3236022591590881,0.3225853443145752,0.2327272295951843,0.265110969543457,0.244439885020256,0.2708730101585388,0.2151626348495483,0.1452010571956634,0.0822287425398826,0.0,0.0,0.0,0.1117740347981453,0.0,0.0,0.0751837193965911,0.0,0.134752094745636,0.2607430219650268,0.223016619682312,0.0,0.0,0.1256206780672073,0.0,0.0,0.1961592435836792,0.0896715223789215,0.1237581446766853,0.0,0.0,0.0,0.2714069783687591,0.0,0.0,0.1828918009996414,0.1191035136580467,0.1646575033664703,0.3137616813182831,0.0,0.3052606582641601,0.2341740578413009,0.0,0.0,0.1257844716310501,0.0,0.1078954339027404,0.2336562722921371,0.277732104063034,0.0,0.0,0.0508980862796306,0.0,0.0,0.0,0.0,0.0,0.0623558349907398,0.0,0.0,0.0,0.0,0.0,0.1022496595978736,0.0,0.0,0.1835329681634903,0.0,0.0,0.0,0.0,0.0,0.0,0.0,0.0,0.1107667759060859,0.0,0.0,0.3024198114871979,0.0,0.0,0.2481662780046463,0.2348389476537704,0.3168489038944244,0.2178299576044082,0.0,0.2492763847112655,0.1427405625581741,0.0,0.0,0.1341287046670913,0.2509543299674988,0.2713960111141205,0.0,0.268391340970993,0.0,0.2965266108512878,0.198159635066986,0.2473058849573135,0.0,0.2202696204185485,0.2680734395980835,0.0,0.0,0.0,0.0,0.0,0.0516559816896915,0.0,0.0,0.151184931397438,0.0906718745827674
3612,0.0,0.0,0.0418915376067161,0.0,0.0556091479957103,0.0601871944963932,0.065412126481533,0.0,0.0,0.0847835540771484,0.0384741649031639,0.0162413045763969,0.0,0.0818477049469947,0.0899123325943946,0.0674752369523048,0.0,0.0778119340538978,0.0234228856861591,0.0981115996837616,0.0340670235455036,0.0826607197523117,0.1068118512630462,0.0486578047275543,0.0557271428406238,0.0813485234975814,0.0541278980672359,0.0,0.0581495687365531,0.1089653670787811,0.0,0.0556483268737793,0.0,0.0720284134149551,0.0642133206129074,0.0893457382917404,0.0,0.0521781183779239,0.0,0.0667485669255256,0.0,0.0370708517730236,0.0,0.0,0.0935532003641128,0.0,0.0,0.0,0.0,0.0,0.0405075848102569,0.061762299388647,0.0222839582711458,0.0,0.041507501155138,0.0,0.0,0.0,0.0724533274769783,0.0306708980351686,0.023638742044568,0.0,0.0,0.0280638895928859,0.0,0.0,0.078807957470417,0.0,0.0869965851306915,0.0,0.0,0.0355797819793224,0.0,0.0,0.0,0.0,0.0414236038923263,0.1429120898246765,0.0,0.0264173950999975,0.0421733781695365,0.0867697820067405,0.1022892668843269,0.0,0.0395628958940506,0.0390709787607193,0.0392808578908443,0.0,0.0,0.0,0.0,0.0569807142019271,0.0788716524839401,0.0,0.0,0.0854343622922897,0.0631552636623382,0.0,0.0410216227173805,0.0,0.1460292339324951,0.050337690860033,0.0615246966481208,0.0,0.0331580005586147,0.0,0.0174880176782608,0.0517356507480144,0.0,0.0589009448885917,0.0,0.0,0.0,0.0817556530237197,0.0,0.0640681982040405,0.0693344995379448,0.0303268488496541,0.0209446065127849,0.0,0.0652672797441482,0.0,0.0,0.0,0.0433711297810077,0.0467550419270992,0.0,0.0
3619,0.0,0.0792451575398445,0.1813296675682068,0.1807920932769775,0.0,0.1616174131631851,0.0,0.1549818813800811,0.0,0.1355303823947906,0.3289147913455963,0.0,0.0,0.0,0.0,0.0,0.1395954489707946,0.218408852815628,0.0,0.0,0.262589693069458,0.0,0.0,0.0,0.1013047099113464,0.0,0.0,0.0604619644582271,0.1011309698224067,0.1399934887886047,0.208415150642395,0.0,0.0,0.2805417478084564,0.1732162833213806,0.3031736016273498,0.0,0.0,0.0,0.152791678905487,0.1529103815555572,0.2890441417694092,0.0,0.0,0.0,0.090492695569992,0.0,0.0,0.0,0.185795173048973,0.1877022832632064,0.0,0.0886395275592804,0.2518768310546875,0.216281771659851,0.1310891658067703,0.1758795529603958,0.0,0.0,0.107582613825798,0.2979547381401062,0.0,0.0,0.1007106602191925,0.0,0.1768414378166198,0.0,0.0,0.1088373064994812,0.1849772334098816,0.2697230875492096,0.0,0.0,0.0,0.1995285451412201,0.0,0.2080654054880142,0.0,0.0,0.0,0.1864412128925323,0.0359196104109287,0.3318143486976623,0.0,0.0,0.1111992597579956,0.0,0.0,0.1584516614675521,0.1533949673175811,0.0,0.1268675327301025,0.1836346089839935,0.1420662105083465,0.0,0.0,0.0,0.0,0.0,0.1468669325113296,0.2256676703691482,0.15150186419487,0.2182310819625854,0.1053835898637771,0.3537505269050598,0.0,0.2419028729200363,0.0,0.0,0.2172548770904541,0.2478990405797958,0.0,0.0,0.0,0.0,0.2051187604665756,0.1996286958456039,0.0,0.0,0.3717482089996338,0.0,0.1835562735795974,0.0,0.130194753408432,0.0,0.1481233537197113,0.1244881674647331,0.0
3620,0.0,0.0,0.0153064001351594,0.0,0.0,0.0,0.0,0.0,0.0,0.0,0.0,0.0,0.0,0.0162645559757947,0.0,0.0,0.0,0.1131391748785972,0.0642614960670471,0.1440371721982956,0.0,0.0,0.0,0.1337466686964035,0.0836644321680069,0.5103845000267029,0.0492916665971279,0.0,0.0615667998790741,0.1299638003110885,0.0,0.0,0.0,0.0,0.0,0.0,0.0,0.0,0.0233153328299522,0.0,0.0042306669056415,0.0124944997951388,0.0,0.0433502197265625,0.0601290017366409,0.0,0.0,0.0145638342946767,0.0,0.0524820052087307,0.0963717997074127,0.0,0.0,0.0,0.0,0.0,0.0336389988660812,0.0436782501637935,0.0,0.0,0.0163406673818826,0.0,0.0292251668870449,0.1257668435573578,0.0,0.0479502007365226,0.0086511671543121,0.0,0.0196371003985404,0.0,0.0,0.0,0.4632872939109802,0.0,0.0195575729012489,0.0,0.0,0.0712691694498062,0.0,0.0,0.0,0.0147006660699844,0.0,0.0,0.0597224980592727,0.0584590025246143,0.0,0.0,0.0,0.0,0.1107515022158622,0.0,0.1557424962520599,0.0229885019361972,0.0,0.0,0.0,0.1331275701522827,0.0151381669566035,0.0,0.0266601666808128,0.025784833356738,0.0,0.1306549906730651,0.0138816004619002,0.0,0.0,0.0,0.0,0.0367641672492027,0.0470428392291069,0.0,0.0,0.0,0.0,0.0097021115943789,0.0923316702246666,0.0,0.0930634960532188,0.0,0.0478938333690166,0.0266520008444786,0.0,0.0923761650919914,0.0,0.0188188012689352,0.1046501696109771,0.0882335007190704
3624,0.2715307474136352,0.0,0.0,0.0,0.0,0.0,0.0,0.2315872907638549,0.0,0.1724806874990463,0.0,0.1786846369504928,0.0,0.0654476061463356,0.2263171970844268,0.2055059373378753,0.0318620018661022,0.1757391393184662,0.0,0.1856609582901001,0.2160468399524688,0.0964839607477188,0.0,0.0,0.2205415070056915,0.0,0.0332496874034404,0.1611079275608062,0.2030353099107742,0.0,0.0,0.0,0.0,0.0,0.2074218988418579,0.1701869219541549,0.0,0.1432199031114578,0.0244799498468637,0.0,0.0,0.0,0.2045576870441436,0.1995011866092682,0.1473891139030456,0.0,0.1615754067897796,0.0,0.0,0.0,0.1112921833992004,0.0976105481386184,0.0,0.0,0.0,0.1968554407358169,0.0,0.0,0.0,0.1683332324028015,0.1790405809879303,0.189118281006813,0.0,0.0,0.1680259257555008,0.0,0.0,0.2088629007339477,0.0,0.2025559097528457,0.1744209676980972,0.0,0.0,0.0172809213399887,0.1709932535886764,0.200839027762413,0.2137167900800705,0.0,0.0512884482741355,0.0652949959039688,0.0,0.2332870811223983,0.0,0.0,0.0,0.1061247438192367,0.2242316156625747,0.0,0.1072953715920448,0.2262575775384903,0.0,0.0,0.2074981033802032,0.0,0.1472715139389038,0.0885098502039909,0.0,0.2426231503486633,0.1787487268447876,0.0346491001546382,0.0,0.2259490638971328,0.0,0.0,0.162716656923294,0.216347798705101,0.0893295258283615,0.1421986222267151,0.2162430137395858,0.2025380134582519,0.0,0.2192232459783554,0.0322259254753589,0.0,0.227657288312912,0.0,0.2726441323757171,0.0,0.0,0.0,0.2915404438972473,0.0,0.2024759799242019,0.0,0.1161772906780242,0.0,0.2591084241867065,0.0
3628,0.0,0.0,0.0,0.0,0.0,0.0,0.0,0.0,0.0,0.0,0.0,0.0,0.0,0.0,0.0,0.0,0.0,0.0,0.0,0.0,0.0,0.0,0.0,0.0,0.0,0.0,0.0,0.0,0.0,0.0,0.0,0.0,0.0,0.0,0.0,0.0,0.0,0.0,0.0,0.0,0.0,0.0,0.0,0.0,0.0,0.0,0.0,0.0,0.0,0.0,0.0,0.0,0.0,0.0,0.0,0.0,0.0,0.0,0.0,0.0,0.0,0.0,0.0,0.0,0.0,0.0,0.0,0.0,0.0,0.0,0.0,0.0,0.0,0.0,0.0,0.0,0.0,0.0,0.0,0.0,0.0,0.0,0.0,0.0,0.0,0.0,0.0,0.0,0.0,0.0,0.0,0.0,0.0,0.0,0.0,0.0,0.0,0.0,0.0,0.0,0.0,0.0,0.0,0.0,0.0,0.0,0.0,0.0,0.0,0.0,0.0,0.0,0.0,0.0,0.0,0.0,0.0,0.0,0.0,0.0,0.0,0.0,0.0,0.0,0.0,0.0,0.0,0.0
3630,0.0383050665259361,0.2029706090688705,0.0066869994625449,0.2592256367206573,0.0,0.1277659982442855,0.1576676964759826,0.0,0.0,0.0,0.0,0.1478820890188217,0.067245528101921,0.0,0.0387842915952205,0.0374726876616478,0.6299201846122742,0.0364956296980381,0.1469485461711883,0.1713123172521591,0.0,0.0517157427966594,0.0170795004814863,0.0,0.3535369038581848,0.0,0.2003376930952072,0.2040458172559738,0.1388366669416427,0.5779433250427246,0.0161039549857378,0.0349829196929931,0.928321659564972,0.013122615404427,0.0,0.1207492724061012,0.0,0.0,0.5018605589866638,0.0368512235581874,0.0,0.0234567746520042,0.0152341499924659,0.016953220590949,0.7506535649299622,0.2579124867916107,0.0140721732750535,0.4545617997646332,0.0,0.1012462526559829,0.1357974410057068,0.0,0.870144784450531,0.3985471427440643,0.9545637369155884,0.0289120413362979,0.462368369102478,0.0286235772073268,0.1066223382949829,0.8595342636108398,0.0,0.3285994827747345,0.0272472407668828,0.0022833999246358,0.5207960605621338,0.1591415256261825,0.0427555441856384,0.1175024136900901,0.0,0.4903720617294311,0.0,0.084412470459938,0.0,0.0904173627495765,0.8103417158126831,0.0131890745833516,0.1788926273584365,0.1093796715140342,0.0,0.0662451162934303,0.0,0.3505978882312774,0.0357736647129058,0.0,0.644855797290802,0.0341519080102443,0.3377892673015594,0.0083091426640748,0.0,0.0279694739729166,0.6348777413368225,0.5865244269371033,0.4966982305049896,0.2943601906299591,0.1598230600357055,0.0,0.0292677115648984,0.0355632305145263,0.0434517078101635,0.5227727293968201,0.0151454824954271,0.6377978920936584,0.0264967698603868,0.0454868599772453,0.0408493466675281,0.0,0.0315145216882228,0.16500124335289,0.0453475937247276,0.0261248126626014,0.6444332599639893,0.3678630590438843,0.0039339447394013,0.043965958058834,0.0768859237432479,0.0,0.8878332376480103,0.083715796470642,0.0257248394191265,0.1285065710544586,0.1291583478450775,0.0,0.2743350863456726,0.0311306472867727,0.0667937472462654,0.6802067756652832,0.0099119134247303,0.0
3632,0.0,0.0,0.0,0.0,0.0,0.0,0.0,0.0,0.0,0.0,0.0,0.0,0.0,0.0,0.0,0.0,0.0,0.0,0.0,0.0,0.0,0.0,0.0,0.0,0.0,0.0,0.0,0.0,0.0,0.0,0.0,0.0,0.0,0.0,0.0,0.0,0.0,0.0,0.0,0.0,0.0,0.0,0.0,0.0,0.0,0.0,0.0,0.0,0.0,0.0,0.0,0.0,0.0,0.0,0.0,0.0,0.0,0.0,0.0,0.0,0.0,0.0,0.0,0.0,0.0,0.0,0.0,0.0,0.0,0.0,0.0,0.0,0.0,0.0,0.0,0.0,0.0,0.0,0.0,0.0,0.0,0.0,0.0,0.0,0.0,0.0,0.0,0.0,0.0,0.0,0.0,0.0,0.0,0.0,0.0,0.0,0.0,0.0,0.0,0.0,0.0,0.0,0.0,0.0,0.0,0.0,0.0,0.0,0.0,0.0,0.0,0.0,0.0,0.0,0.0,0.0,0.0,0.0,0.0,0.0,0.0,0.0,0.0,0.0,0.0,0.0,0.0,0.0
3634,0.0,0.0,0.0,0.0,0.0,0.1095578446984291,0.2295849025249481,0.1356114149093628,0.0,0.0,0.1175078526139259,0.07045279443264,0.0,0.1554987430572509,0.0963660031557083,0.0,0.1247159987688064,0.2231539487838745,0.2567047774791717,0.0,0.1918607205152511,0.0,0.2427445948123932,0.1999822705984115,0.1310761868953704,0.1076952591538429,0.1799502372741699,0.0,0.0,0.0,0.0,0.0,0.048223178833723,0.2051304280757904,0.1714425534009933,0.0,0.2285314202308654,0.1223095953464508,0.0,0.1185801997780799,0.0,0.2360793650150299,0.2101829797029495,0.0901459604501724,0.0,0.0,0.0,0.0821888968348503,0.0,0.0,0.0889972001314163,0.1560493409633636,0.0944722890853881,0.1370901316404342,0.0,0.0755691304802894,0.1878619492053985,0.1388060003519058,0.1746096163988113,0.0720697715878486,0.0,0.0,0.0834567919373512,0.0,0.1885164380073547,0.0,0.0,0.0392580740153789,0.0,0.0,0.0,0.0,0.0,0.0,0.0,0.0457543209195137,0.0,0.1291626393795013,0.1337641030550003,0.0,0.0,0.2716246545314789,0.1738021075725555,0.0,0.0,0.0,0.0,0.0,0.0,0.1215062066912651,0.0,0.1101624593138694,0.0,0.0,0.195572480559349,0.2058800756931305,0.0,0.0,0.0,0.0,0.0,0.0,0.1838200986385345,0.1589007675647735,0.0,0.0,0.0,0.1224465817213058,0.0,0.0,0.0,0.0,0.0,0.0,0.0,0.165968582034111,0.0,0.0,0.1543614268302917,0.3142878711223602,0.0,0.1643239259719848,0.0,0.0,0.1122122928500175,0.0,0.0,0.1082416623830795
3636,0.0,0.0,0.0,0.183511808514595,0.0,0.199476346373558,0.0,0.2973531186580658,0.0,0.0,0.3381677865982055,0.0,0.1207020580768585,0.2256115823984146,0.1351691335439682,0.1457884758710861,0.1452427208423614,0.0,0.0,0.2175564020872116,0.0,0.2203898727893829,0.0,0.0,0.1422045230865478,0.0,0.212524726986885,0.0,0.1333955377340316,0.1409163028001785,0.235807180404663,0.0,0.0,0.0,0.1896288096904754,0.0,0.0,0.2817278802394867,0.0,0.0,0.1527014225721359,0.0,0.0,0.0,0.0,0.1055595800280571,0.355204701423645,0.0,0.0,0.0,0.0,0.2161625176668167,0.1887477785348892,0.3012303709983825,0.2960136234760284,0.2154855579137802,0.0,0.0,0.0,0.1417608261108398,0.0,0.0,0.0,0.1139727085828781,0.0,0.2182028144598007,0.1442019492387771,0.0,0.0,0.2270904332399368,0.0,0.2131621688604354,0.0,0.0,0.0,0.3219569623470306,0.0,0.0,0.2315064221620559,0.0,0.0,0.0,0.0,0.1188965216279029,0.1845542639493942,0.0,0.0,0.0,0.2186089754104614,0.1784363090991974,0.3165115118026733,0.0,0.0,0.1553209275007248,0.2359315007925033,0.3106129467487335,0.2092320472002029,0.0,0.2838839292526245,0.0,0.2723190486431122,0.0,0.0,0.0,0.1578854620456695,0.0,0.2375225126743316,0.2152159214019775,0.2801218032836914,0.0,0.0,0.2791270613670349,0.0,0.2828897535800934,0.0,0.0,0.0,0.0,0.0,0.0,0.0,0.0,0.0,0.1314007639884948,0.1416547149419784,0.0,0.1231394037604332,0.2721929848194122
3637,0.0,0.6833879947662354,0.0716865584254264,0.2612540125846863,0.1820378303527832,0.6936159133911133,0.0994793176651001,0.7342511415481567,0.3191546201705932,0.2082013636827469,0.1601324826478958,0.5942785739898682,0.0,0.1351910382509231,0.0,0.1561929285526275,0.0,0.4836054444313049,0.0,0.2713098227977752,0.1566792130470276,0.1119052469730377,0.1852662563323974,0.0748190581798553,0.2096586525440216,0.0204127002507448,0.0892132446169853,0.123065210878849,0.0475317761301994,0.0,0.0,0.2397057861089706,0.0,0.1742665469646453,0.1335727274417877,0.0249234624207019,0.0555853135883808,0.0405468195676803,0.1376819461584091,0.0751743912696838,0.2067335695028305,0.0517777130007743,0.1395648270845413,0.0144142499193549,0.1166497394442558,0.1674365252256393,0.2707165479660034,0.1254395991563797,0.0587917640805244,0.1392596662044525,0.1636421233415603,0.1304598301649093,0.1133337840437889,0.0,0.1119034215807914,0.0968240424990654,0.0,0.4576026797294616,0.1610342562198639,0.0745266452431678,0.172720730304718,0.0436458326876163,0.0,0.0,0.1861947476863861,0.1152808293700218,0.1631766259670257,0.0072975005023181,0.0,0.0,0.0812669768929481,0.1370183378458023,0.0390398353338241,0.1329042017459869,0.1000465974211692,0.0,0.0,0.2261486202478408,0.4047086238861084,0.0,0.0089956847950816,0.0260346848517656,0.0186634995043277,0.1009567379951477,0.066833771765232,0.059269405901432,0.0,0.1751482039690017,0.1136151105165481,0.1447969824075698,0.3884972035884857,0.2896675765514374,0.0311537720263004,0.1018657460808754,0.0,0.059945024549961,0.0,0.3182679116725921,0.1505252122879028,0.0,0.1681876331567764,0.244613379240036,0.1262537837028503,0.0,0.1176539063453674,0.3752917051315307,0.1645780056715011,0.083378255367279,0.0515406876802444,0.0,0.0101302228868007,0.0542711690068244,0.0775801390409469,0.1160816326737403,0.0276527032256126,0.0083440002053976,0.0,0.3617356717586517,0.1389435529708862,0.0929362326860427,0.0,0.0943781211972236,0.0,0.019651535898447,0.0963270291686058,0.0102858003228902,0.1679237484931945,0.0610684044659137
3638,0.0,0.0,0.0,0.0,0.0,0.0,0.0,0.0,0.0,0.0,0.0,0.0,0.0,0.0,0.0,0.0,0.0,0.0,0.0,0.0,0.0,0.0,0.0,0.0,0.0,0.0,0.0,0.0,0.0,0.0,0.0,0.0,0.0,0.0,0.0,0.0,0.0,0.0,0.0,0.0,0.0,0.0,0.0,0.0,0.0,0.0,0.0,0.0,0.0,0.0,0.0,0.0,0.0,0.0,0.0,0.0,0.0,0.0,0.0,0.0,0.0,0.0,0.0,0.0,0.0,0.0,0.0,0.0,0.0,0.0,0.0,0.0,0.0,0.0,0.0,0.0,0.0,0.0,0.0,0.0,0.0,0.0,0.0,0.0,0.0,0.0,0.0,0.0,0.0,0.0,0.0,0.0,0.0,0.0,0.0,0.0,0.0,0.0,0.0,0.0,0.0,0.0,0.0,0.0,0.0,0.0,0.0,0.0,0.0,0.0,0.0,0.0,0.0,0.0,0.0,0.0,0.0,0.0,0.0,0.0,0.0,0.0,0.0,0.0,0.0,0.0,0.0,0.0
3639,0.0,0.0,0.0,0.0,0.0,0.0,0.0,0.0,0.0,0.0,0.0,0.0,0.0,0.0,0.0,0.0,0.0,0.0,0.0,0.0,0.0,0.0,0.0,0.0,0.0,0.0,0.0,0.0,0.0,0.0,0.0,0.0,0.0,0.0,0.0,0.0,0.0,0.0,0.0,0.0,0.0,0.0,0.0,0.0,0.0,0.0,0.0,0.0,0.0,0.0,0.0,0.0,0.0,0.0,0.0,0.0,0.0,0.0,0.0,0.0,0.0,0.0,0.0,0.0,0.0,0.0,0.0,0.0,0.0,0.0,0.0,0.0,0.0,0.0,0.0,0.0,0.0,0.0,0.0,0.0,0.0,0.0,0.0,0.0,0.0,0.0,0.0,0.0,0.0,0.0,0.0,0.0,0.0,0.0,0.0,0.0,0.0,0.0,0.0,0.0,0.0,0.0,0.0,0.0,0.0,0.0,0.0,0.0,0.0,0.0,0.0,0.0,0.0,0.0,0.0,0.0,0.0,0.0,0.0,0.0,0.0,0.0,0.0,0.0,0.0,0.0,0.0,0.0
3640,0.1374716162681579,0.0,0.0,0.0,0.0,0.0,0.0,0.0,0.0641335770487785,0.0,0.0,0.0,0.0,0.0693060979247093,0.2626993358135223,0.0,0.0,0.1408355087041854,0.7439602613449097,0.0653428584337234,0.0,0.2956428527832031,0.0,0.1994069963693618,0.535944402217865,0.064169555902481,0.8255284428596497,0.2393253296613693,0.04721549898386,0.0,0.8015381097793579,0.062017772346735,0.0,0.0,0.0876540914177894,0.852242112159729,0.0,0.1978870034217834,0.0,0.0,0.7864812612533569,0.0131565723568201,0.0666977167129516,0.1513752192258834,0.0810661762952804,0.0,0.127633050084114,0.0153574999421834,0.0139360008761286,0.6450214385986328,0.0,0.0698197484016418,0.0,0.0,0.0,0.0,0.0,0.0,0.0,0.0565526075661182,0.8474351167678833,0.0,0.0,0.0735123381018638,0.1131700649857521,0.0,0.0,0.1109134182333946,0.2025017142295837,0.0284344293177127,0.0,0.053099624812603,0.193463996052742,0.2359834015369415,0.0875783413648605,0.009235099889338,0.0731184333562851,0.1439587622880935,0.0,0.8053326606750488,0.0,0.0,0.4312629699707031,0.0,0.0,0.0,0.6174051761627197,0.0,0.0,0.3643917441368103,0.0393880009651184,0.0,0.0,0.0,0.0,0.0,0.0174480006098747,0.7780632972717285,0.1050838455557823,0.7387344837188721,0.959498643875122,0.0,0.2343006134033203,0.0153144551441073,0.0,0.0303807500749826,0.0,0.0776534005999565,0.0,0.1180450767278671,0.0621472485363483,0.1202298924326896,0.0,0.6416351795196533,0.0508019961416721,0.0,0.0229496005922555,0.0,0.278941810131073,0.1246534436941146,0.2728089988231659,0.0823868736624717,0.6749569177627563,0.6197234392166138,0.380326896905899,0.0,0.0,0.0
3642,0.0,0.0,0.0,0.0,0.0,0.0,0.0,0.0,0.0,0.0,0.0,0.0,0.0,0.0,0.0,0.0,0.0,0.0,0.0419813990592956,0.0,0.0,0.0,0.0657240003347396,0.0486083999276161,0.0,0.3238255977630615,0.0,0.0,0.0268558003008365,0.0,0.0,0.0,0.0,0.032013401389122,0.0206844005733728,0.0,0.023734800517559,0.0169530007988214,0.214963674545288,0.0,0.0,0.0,0.0,0.0212331674993038,0.0,0.2255206704139709,0.1029286012053489,0.0,0.12813401222229,0.0,0.0,0.0,0.0416465997695922,0.0600188039243221,0.0,0.4643959999084472,0.0,0.0,0.0146590005606412,0.0,0.0,0.0,0.0,0.0,0.0,0.0,0.0264571662992239,0.0,0.0684684067964553,0.0,0.0,0.0,0.0949498042464256,0.1434473991394043,0.0,0.0,0.0,0.0897770076990127,0.0,0.0,0.0,0.0,0.0,0.0998620018362999,0.0716878026723861,0.0714933350682258,0.1137025952339172,0.0,0.0,0.163565993309021,0.0820029973983764,0.0227607991546392,0.0340990014374256,0.0970351994037628,0.1793383955955505,0.0,0.1081612035632133,0.242898017168045,0.1015095934271812,0.0,0.0,0.0,0.0,0.0,0.2351740002632141,0.0,0.0,0.0,0.151545837521553,0.0900766029953956,0.0298560000956058,0.0,0.0142366010695695,0.0,0.1786839962005615,0.0092131672427058,0.0250572003424167,0.0242630001157522,0.0433378033339977,0.0402322001755237,0.0,0.0870328396558761,0.0123574994504451,0.0,0.0,0.1426669955253601,0.1637292504310608,0.0
3644,0.0,0.0,0.0,0.0,0.0,0.0,0.0,0.0,0.0,0.0,0.0240946002304554,0.0,0.0,0.0252967495471239,0.0,0.0,0.0,0.0,0.0358627513051033,0.5077416896820068,0.0,0.0,0.0,0.0,0.0,0.0,0.3653591275215149,0.1971645057201385,0.0,0.0,0.0,0.0,0.351933479309082,0.0,0.0,0.9366809725761414,0.0,0.0,0.0294112507253885,0.0,0.0,0.0,0.0,0.0,0.05961399897933,0.0,0.4526183307170868,0.0,0.0,0.0,0.0,0.0460812002420425,0.3261219263076782,0.2818212211132049,0.6668134331703186,0.350872278213501,0.4143121838569641,0.2475893348455429,0.0,0.0,0.0,0.0,0.5896520018577576,0.0,0.0,0.0,0.0,0.0,0.0,0.4272938072681427,0.0,0.0,0.0,0.0,0.0,0.4283892214298248,0.0,0.3420786261558532,0.0,0.0965392515063285,0.0,0.0,0.0,0.0,0.6815454959869385,0.2953029870986938,0.0,0.0,0.0,0.0,0.0,0.7747676372528076,0.0,0.0,0.0,0.7860434055328369,0.0,0.5899611711502075,0.0,0.0,0.0,0.2849183678627014,0.0192471109330654,0.601337730884552,0.7011085152626038,0.7111942172050476,0.0,0.0,0.0,0.0,0.0,0.0,0.0,0.0,0.5289568901062012,0.0,0.2167067527770996,0.0,0.6898590326309204,0.5803428292274475,0.8855123519897461,0.0,0.0,0.0,0.3619054853916168,0.0,0.5959727764129639,0.0
3645,0.0,0.0,0.0,0.0,0.0,0.0,0.0,0.0,0.0,0.0,0.0,0.0255196671932935,0.0,0.0,0.0,0.0,0.0,0.0,0.0524362027645111,0.0121003333479166,0.0,0.0,0.0552816689014434,0.0206487495452165,0.0,0.0,0.0,0.2464576065540313,0.0,0.0264171436429023,0.1015660017728805,0.0,0.0,0.0279859993606805,0.0,0.0668746009469032,0.0,0.0462414994835853,0.0,0.1041062921285629,0.1039735004305839,0.0263191424310207,0.0176291428506374,0.0,0.0,0.0194762498140335,0.0,0.1466386020183563,0.1491725891828537,0.0121039999648928,0.0,0.0,0.0572969987988472,0.0,0.0446702502667903,0.0,0.1066743358969688,0.0,0.0,0.2147094905376434,0.0,0.0,0.0,0.0,0.0,0.0135726006701588,0.1356813311576843,0.0,0.0113195721060037,0.0507712513208389,0.2610245943069458,0.0,0.0,0.0802118331193924,0.0321024022996425,0.1212998703122139,0.0,0.0,0.0312673337757587,0.0,0.046373002231121,0.0,0.1274794340133667,0.0946848765015602,0.1227200031280517,0.1724460124969482,0.0,0.0,0.056339394301176,0.0710204020142555,0.0178526006639003,0.0,0.0814270004630088,0.2524617314338684,0.1648842245340347,0.1662975996732711,0.2671204209327698,0.0503445714712142,0.0832974314689636,0.0,0.0,0.0,0.0,0.0,0.0,0.0,0.0590609982609748,0.0,0.0829355046153068,0.0,0.0,0.0,0.0,0.1032096073031425,0.0498670004308223,0.0699392035603523,0.0,0.0954787507653236,0.0,0.1476909965276718,0.0639921277761459,0.0,0.0,0.1425524950027465,0.0,0.0,0.0524031668901443,0.0427428893744945
3648,0.0,0.0,0.0,0.0,0.0,0.0,0.0,0.0,0.0,0.0,0.0,0.0,0.0,0.0,0.0,0.0,0.0,0.0,0.0,0.0,0.0,0.0,0.0,0.0,0.0,0.0,0.0,0.0,0.0,0.0,0.0,0.0,0.0,0.0,0.0,0.0,0.0,0.0,0.0,0.0,0.0,0.0,0.0,0.0,0.0,0.0,0.0,0.0,0.0,0.0,0.0,0.0,0.0,0.0,0.0,0.0,0.0,0.0,0.0,0.0,0.0,0.0,0.0,0.0,0.0,0.0,0.0,0.0,0.0,0.0,0.0,0.0,0.0,0.0,0.0,0.0,0.0,0.0,0.0,0.0,0.0,0.0,0.0,0.0,0.0,0.0,0.0,0.0,0.0,0.0,0.0,0.0,0.0,0.0,0.0,0.0,0.0,0.0,0.0,0.0,0.0,0.0,0.0,0.0,0.0,0.0,0.0,0.0,0.0,0.0,0.0,0.0,0.0,0.0,0.0,0.0,0.0,0.0,0.0,0.0,0.0,0.0,0.0,0.0,0.0,0.0,0.0,0.0
3649,0.0359292849898338,0.0036012001801282,0.0,0.0,0.0,0.0,0.0,0.0,0.0,0.0,0.0,0.0,0.0,0.0,0.0,0.0,0.0,0.0,0.0206942502409219,0.0132891004905104,0.0,0.0,0.0,0.0,0.0,0.0,0.0082388501614332,0.0,0.0,0.0,0.0,0.0,0.0851232931017875,0.0,0.0,0.0,0.0,0.0,0.0,0.0,0.0,0.0,0.0,0.0,0.0,0.0,0.0110181905329227,0.0,0.0,0.0,0.0,0.0,0.0,0.0,0.0088919093832373,0.0,0.0,0.0,0.0,0.0,0.0,0.0,0.0,0.0,0.0,0.0,0.0,0.0,0.0,0.0,0.0,0.0,0.0,0.0327023826539516,0.0,0.0,0.0,0.011554105207324,0.0,0.0,0.0,0.0,0.0,0.0,0.0,0.0,0.0,0.0,0.0,0.0,0.0,0.0,0.0,0.0027501052245497,0.0,0.0917049199342727,0.0,0.0,0.0299496818333864,0.0,0.0,0.0,0.0,0.0,0.0156171573325991,0.0,0.0,0.0,0.0,0.0097044212743639,0.0,0.0,0.0,0.0,0.0,0.0,0.0,0.0,0.0,0.0,0.0,0.0,0.0,0.0,0.0,0.0,0.0,0.0
3651,0.0,0.0462467558681964,0.0,0.12150190025568,0.1372103095054626,0.0,0.1207093968987464,0.0,0.0812140181660652,0.1004228293895721,0.0,0.1001698300242424,0.1381078511476516,0.0,0.0,0.0,0.0747802034020423,0.0,0.0,0.0,0.1121722534298896,0.0,0.0,0.0539853684604167,0.105685107409954,0.0810660570859909,0.1002699136734008,0.1789858490228653,0.0,0.0938635542988777,0.0,0.1087568551301956,0.0,0.1560273021459579,0.0,0.0861321240663528,0.1540863811969757,0.0,0.1370391249656677,0.0,0.0,0.0,0.0,0.0,0.1547104567289352,0.0,0.0,0.106638416647911,0.0,0.0,0.0,0.0,0.1383911818265915,0.0,0.0,0.0,0.1537744253873825,0.151823878288269,0.1323642432689666,0.0795119777321815,0.0900618955492973,0.0,0.0,0.0743216797709465,0.0,0.0,0.0,0.0,0.0,0.1209396794438362,0.0669765770435333,0.1471811681985855,0.0,0.0,0.0794609636068344,0.0,0.14882692694664,0.1751597076654434,0.0,0.1767002493143081,0.1455867886543274,0.0,0.1049277111887931,0.1537142843008041,0.0,0.1357555836439132,0.0387915596365928,0.1568823009729385,0.0,0.1524115055799484,0.0,0.0,0.1587037146091461,0.0,0.3188380599021911,0.0512016862630844,0.0,0.0,0.0,0.116062581539154,0.0,0.0,0.0,0.0,0.110753633081913,0.0,0.0,0.0,0.0,0.0,0.0,0.1532078683376312,0.0,0.0,0.2068274468183517,0.0,0.0,0.0627368912100792,0.0293717514723539,0.0,0.2331526577472686,0.1097640469670295,0.0970565602183342,0.0,0.14528788626194,0.1132988110184669,0.0,0.0
3652,0.0,0.0,0.0,0.0,0.0,0.0,0.0,0.0,0.0,0.0,0.0,0.0,0.0,0.0,0.0,0.0,0.0,0.0,0.0,0.0,0.0,0.0,0.0,0.0,0.0,0.0,0.0,0.0,0.0,0.0,0.0,0.0,0.0,0.0,0.0,0.0,0.0,0.0,0.0,0.0,0.0,0.0,0.0,0.0,0.0,0.0,0.0,0.0,0.0,0.0,0.0,0.0,0.0,0.0,0.0,0.0,0.0,0.0,0.0,0.0,0.0,0.0,0.0,0.0,0.0,0.0,0.0,0.0,0.0,0.0,0.0,0.0,0.0,0.0,0.0,0.0,0.0,0.0,0.0,0.0,0.0,0.0,0.0,0.0,0.0,0.0,0.0,0.0,0.0,0.0,0.0,0.0,0.0,0.0,0.0,0.0,0.0,0.0,0.0,0.0,0.0,0.0,0.0,0.0,0.0,0.0,0.0,0.0,0.0,0.0,0.0,0.0,0.0,0.0,0.0,0.0,0.0,0.0,0.0,0.0,0.0,0.0,0.0,0.0,0.0,0.0,0.0,0.0
3655,0.0,0.0938561260700225,0.1819899082183838,0.0,0.1206817477941513,0.1406303346157074,0.1038996875286102,0.1550199538469314,0.0899779200553894,0.1743744760751724,0.0,0.0,0.1406338214874267,0.1887941509485244,0.0,0.1008706167340278,0.1411995142698288,0.0,0.2837528586387634,0.1479168236255645,0.230924367904663,0.0,0.2288186997175216,0.2157181501388549,0.119910717010498,0.0,0.0,0.0600264221429824,0.1142211779952049,0.0,0.179189383983612,0.2467163354158401,0.0839463546872139,0.256378024816513,0.0,0.2272641062736511,0.0758633837103843,0.0,0.0,0.1308842897415161,0.0,0.0,0.0,0.0,0.0,0.0749153569340705,0.2285631746053695,0.1069615557789802,0.2378815710544586,0.1022542268037796,0.1870392858982086,0.0,0.0,0.2709771692752838,0.0,0.0,0.0,0.1265386641025543,0.2144741415977478,0.0,0.0,0.0,0.0,0.1024306192994117,0.2420594990253448,0.0,0.0,0.0,0.0,0.1598521769046783,0.2233963012695312,0.1902681291103363,0.2362421303987503,0.0,0.1946100741624832,0.0,0.0,0.1361099928617477,0.1591720581054687,0.0625883936882019,0.194779485464096,0.0497467890381813,0.3247822523117065,0.0,0.0,0.0755226910114288,0.0,0.2401717752218246,0.0,0.0,0.2917368710041046,0.0,0.1962734907865524,0.1133765205740928,0.0,0.2550469040870666,0.1539989411830902,0.0,0.0,0.1300108432769775,0.0,0.1568019092082977,0.1490907967090606,0.0975051745772361,0.0,0.1170358806848526,0.0,0.1224095225334167,0.0,0.1581221967935562,0.2103685885667801,0.0,0.0,0.0,0.1714194566011428,0.2199353277683258,0.0,0.1816377639770507,0.0916518568992614,0.0,0.2301799356937408,0.0,0.0,0.1295758485794067,0.0,0.0,0.1084709390997886,0.1436522603034973
3661,0.0,0.0,0.0,0.0,0.0,0.0,0.0,0.0,0.0,0.0,0.0,0.0,0.0,0.0,0.0,0.0,0.0,0.0,0.0,0.0,0.0,0.0,0.0,0.0,0.0,0.0,0.0,0.0,0.0,0.0,0.0,0.0,0.0,0.0,0.0,0.0,0.0,0.0,0.0,0.0,0.0,0.0,0.0,0.0,0.0,0.0,0.0,0.0,0.0,0.0,0.0,0.0,0.0,0.0,0.0,0.0,0.0,0.0,0.0,0.0,0.0,0.0,0.0,0.0,0.0,0.0,0.0,0.0,0.0,0.0,0.0,0.0,0.0,0.0,0.0,0.0,0.0,0.0,0.0,0.0,0.0,0.0,0.0,0.0,0.0,0.0,0.0,0.0,0.0,0.0,0.0,0.0,0.0,0.0,0.0,0.0,0.0,0.0,0.0,0.0,0.0,0.0,0.0,0.0,0.0,0.0,0.0,0.0,0.0,0.0,0.0,0.0,0.0,0.0,0.0,0.0,0.0,0.0,0.0,0.0,0.0,0.0,0.0,0.0,0.0,0.0,0.0,0.0
3663,0.0,0.0,0.0,0.0,0.0,0.0,0.0,0.0,0.0,0.0,0.0,0.0,0.0,0.0,0.0,0.0,0.0,0.0,0.0,0.0,0.0,0.0,0.0,0.0,0.0,0.0,0.0,0.0,0.0,0.0,0.0,0.0,0.0,0.0,0.0,0.0,0.0,0.0,0.0,0.0,0.0,0.0,0.0,0.0,0.0,0.0,0.0,0.0,0.0,0.0,0.0,0.0,0.0,0.0,0.0,0.0,0.0,0.0,0.0,0.0,0.0,0.0,0.0,0.0,0.0,0.0,0.0,0.0,0.0,0.0,0.0,0.0,0.0,0.0,0.0,0.0,0.0,0.0,0.0,0.0,0.0,0.0,0.0,0.0,0.0,0.0,0.0,0.0,0.0,0.0,0.0,0.0,0.0,0.0,0.0,0.0,0.0,0.0,0.0,0.0,0.0,0.0,0.0,0.0,0.0,0.0,0.0,0.0,0.0,0.0,0.0,0.0,0.0,0.0,0.0,0.0,0.0,0.0,0.0,0.0,0.0,0.0,0.0,0.0,0.0,0.0,0.0,0.0
3664,0.0405673459172248,0.0,0.0,0.1297359317541122,0.1223917156457901,0.0,0.1113960295915603,0.0,0.0,0.0,0.0,0.0,0.0877448245882988,0.2200126051902771,0.0941736474633216,0.0989097729325294,0.126305416226387,0.0,0.3125518262386322,0.1302942931652069,0.0,0.1938673108816146,0.2137680649757385,0.0,0.1085946559906005,0.0,0.0,0.0,0.0,0.1276154816150665,0.0,0.0,0.0707393139600753,0.0,0.1631292104721069,0.0,0.0,0.2076717615127563,0.0,0.1249713003635406,0.1313271969556808,0.2930622398853302,0.1483530551195144,0.0709923654794693,0.0,0.0,0.2778203189373016,0.0,0.2444447129964828,0.1424153447151184,0.1855296641588211,0.1941940933465957,0.0,0.2319529354572296,0.1739259213209152,0.0,0.1361628174781799,0.0,0.169288769364357,0.0926251038908958,0.2135166227817535,0.1395856887102127,0.1982407867908477,0.0719006657600402,0.2072166800498962,0.0,0.0772080570459365,0.0,0.0585497617721557,0.1320564746856689,0.2543951272964477,0.2097557336091995,0.0,0.1061304658651351,0.1801674664020538,0.0,0.2312445789575576,0.0,0.1695770174264907,0.0,0.1801479607820511,0.043199386447668,0.3230993747711181,0.1200668364763259,0.0,0.0,0.2046916931867599,0.2585557103157043,0.0,0.1167037263512611,0.0,0.1233000457286834,0.1980212926864624,0.1151836141943931,0.0,0.2184136658906936,0.0,0.0,0.2191970348358154,0.0,0.0,0.0,0.0,0.0,0.0,0.1175642684102058,0.0,0.0,0.0,0.1647829711437225,0.0,0.0,0.203668862581253,0.0,0.176562413573265,0.1937492787837982,0.0,0.0,0.0841010138392448,0.0,0.2741055190563202,0.1648050993680954,0.0,0.0,0.1022889837622642,0.0,0.0,0.0
3666,0.0,0.0,0.0,0.0,0.0,0.0,0.0,0.0,0.0,0.0,0.0,0.0,0.0,0.0,0.0,0.0,0.0,0.0,0.0,0.0,0.0,0.0,0.0,0.0,0.0,0.0,0.0,0.0,0.0706970021128654,0.0,0.2130369991064071,0.0,0.1889130026102066,0.0,0.0,0.0,0.0,0.0,0.0,0.0,0.0,0.0,0.1870699971914291,0.0,0.0,0.0,0.3288660049438476,0.0,0.0,0.1172519996762275,0.0,0.0,0.0,0.0,0.0,0.0,0.0,0.0,0.2048989981412887,0.0,0.0,0.0,0.0,0.0,0.0,0.0,0.0,0.0,0.0,0.0,0.0,0.0,0.0,0.0,0.0,0.0,0.0,0.3786759972572326,0.0,0.0,0.0,0.0862300023436546,0.0,0.0,0.0,0.0,0.0,0.0,0.0,0.0,0.0,0.0,0.0,0.0,0.0,0.0,0.0,0.0,0.119387000799179,0.0,0.0,0.0,0.0,0.0,0.3243269920349121,0.0,0.0,0.0,0.0,0.0,0.0,0.0,0.1440960019826889,0.0,0.0,0.0,0.0,0.0,0.0,0.0,0.259552001953125,0.0,0.1465580016374588,0.0,0.0,0.0,0.0,0.0
3669,0.0,0.0,0.180677130818367,0.2114647179841995,0.0,0.1121739521622657,0.2345256507396698,0.0,0.0,0.0,0.0,0.0,0.0,0.0,0.1008760780096054,0.0,0.1834880262613296,0.2558578550815582,0.0,0.1934163272380828,0.0,0.2158535122871399,0.0,0.1677867472171783,0.0,0.0989734977483749,0.0,0.0492968261241912,0.0,0.115443967282772,0.2120530605316162,0.1918057948350906,0.0,0.2120794504880905,0.171155035495758,0.0,0.2229424268007278,0.0,0.0,0.1184042096138,0.1454948484897613,0.0,0.0,0.0807492733001709,0.063060276210308,0.0705581530928611,0.0,0.0,0.2826588749885559,0.0,0.0966050624847412,0.1616484373807907,0.0,0.1347984969615936,0.2131707221269607,0.0,0.2469007968902588,0.0,0.0,0.0,0.1237159147858619,0.1051834970712661,0.0,0.2051496356725692,0.0,0.1129110008478164,0.2215810418128967,0.0309789665043354,0.0995531305670738,0.0,0.1141988337039947,0.2031261473894119,0.0,0.0463303625583648,0.1501373946666717,0.0,0.2977236211299896,0.0,0.0,0.1181938126683235,0.1018895432353019,0.2818886637687683,0.0,0.0,0.1951177716255188,0.1528812646865844,0.1162815764546394,0.2445912063121795,0.1664362102746963,0.1242185831069946,0.0,0.0,0.1276865005493164,0.2645678520202636,0.0,0.2261896580457687,0.0,0.0,0.0,0.1939855515956878,0.0,0.0,0.0,0.0,0.1228474602103233,0.0,0.0656934008002281,0.1382296085357666,0.1982103437185287,0.1675711423158645,0.3234235346317291,0.0,0.2632638216018677,0.1246930137276649,0.0,0.2173439711332321,0.0,0.2485549747943878,0.0,0.3485850989818573,0.1342271268367767,0.2491776496171951,0.2914580702781677,0.0680413022637367,0.1247939243912696,0.1418059319257736,0.1214484348893165,0.0
3671,0.0,0.0,0.0,0.0,0.0,0.0,0.0,0.0,0.0,0.0,0.0,0.0,0.0,0.0,0.0,0.0,0.0,0.0,0.0,0.0,0.0,0.0,0.0,0.0,0.0,0.0,0.0,0.0,0.0,0.0,0.0,0.0,0.0,0.0,0.0,0.0,0.0,0.0,0.0,0.0,0.0,0.0,0.0,0.0,0.0,0.0,0.0,0.0,0.0,0.0,0.0,0.0,0.0,0.0,0.0,0.0,0.0,0.0,0.0,0.0,0.0,0.0,0.0,0.0,0.0,0.0,0.0,0.0,0.0,0.0,0.0,0.0,0.0,0.0,0.0,0.0,0.0,0.0,0.0,0.0,0.0,0.0,0.0,0.0,0.0,0.0,0.0,0.0,0.0,0.0,0.0,0.0,0.0,0.0,0.0,0.0,0.0,0.0,0.0,0.0,0.0,0.0,0.0,0.0,0.0,0.0,0.0,0.0,0.0,0.0,0.0,0.0,0.0,0.0,0.0,0.0,0.0,0.0,0.0,0.0,0.0,0.0,0.0,0.0,0.0,0.0,0.0,0.0
3673,0.0,0.0,0.0,0.0,0.0,0.0,0.0,0.0,0.0,0.0,0.0,0.0,0.0,0.0,0.0,0.0,0.0,0.0,0.0,0.0,0.0,0.0,0.0,0.0,0.0,0.0,0.0,0.0,0.0,0.0,0.0,0.0,0.0,0.0,0.0,0.0,0.0,0.0,0.0,0.0,0.0,0.0,0.0,0.0,0.0,0.0,0.0,0.0,0.0,0.0,0.0,0.0,0.0,0.0,0.0,0.0,0.0,0.0,0.0,0.0,0.0,0.0,0.0,0.0,0.0,0.0,0.0,0.0,0.0,0.0,0.0,0.0,0.0,0.0,0.0,0.0,0.0,0.0,0.0,0.0,0.0,0.0,0.0,0.0,0.0,0.0,0.0,0.0,0.0,0.0,0.0,0.0,0.0,0.0,0.0,0.0,0.0,0.0,0.0,0.0,0.0,0.0,0.0,0.0,0.0,0.0,0.0,0.0,0.0,0.0,0.0,0.0,0.0,0.0,0.0,0.0,0.0,0.0,0.0,0.0,0.0,0.0,0.0,0.0,0.0,0.0,0.0,0.0
3677,0.0,0.0,0.0,0.0,0.0,0.0,0.0,0.0,0.0,0.0,0.0,0.0,0.0,0.0,0.0,0.0,0.0,0.0,0.0,0.0,0.0,0.0,0.0,0.0,0.0,0.0,0.0,0.0,0.0,0.0,0.0,0.0,0.0,0.0,0.0,0.0,0.0,0.0,0.0,0.0,0.0,0.0,0.0,0.0,0.0,0.0,0.0,0.0,0.0,0.0,0.0,0.0,0.0,0.0,0.0,0.0,0.0,0.0,0.0,0.0,0.0,0.0,0.0,0.0,0.0,0.0,0.0,0.0,0.0,0.0,0.0,0.0,0.0,0.0,0.0,0.0,0.0,0.0,0.0,0.0,0.0,0.0,0.0,0.0,0.0,0.0,0.0,0.0,0.0,0.0,0.0,0.0,0.0,0.0,0.0,0.0,0.0,0.0,0.0,0.0,0.0,0.0,0.0,0.0,0.0,0.0,0.0,0.0,0.0,0.0,0.0,0.0,0.0,0.0,0.0,0.0,0.0,0.0,0.0,0.0,0.0,0.0,0.0,0.0,0.0,0.0,0.0,0.0
3680,0.0,0.0,0.0,0.0,0.0,0.0,0.0,0.0,0.0,0.0,0.0,0.0,0.0,0.0,0.0,0.0,0.0,0.0,0.0,0.0,0.0,0.0,0.0,0.0,0.0,0.0,0.0,0.0,0.0,0.0,0.0,0.0,0.0,0.0,0.0,0.0,0.0,0.0,0.0,0.0,0.0,0.0,0.0,0.0,0.0,0.0,0.0,0.0,0.0,0.0,0.0,0.0,0.0,0.0,0.0,0.0,0.0,0.0,0.0,0.0,0.0,0.0,0.0,0.0,0.0,0.0,0.0,0.0,0.0,0.0,0.0,0.0,0.0,0.0,0.0,0.0,0.0,0.0,0.0,0.0,0.0,0.0,0.0,0.0,0.0,0.0,0.0,0.0,0.0,0.0,0.0,0.0,0.0,0.0,0.0,0.0,0.0,0.0,0.0,0.0,0.0,0.0,0.0,0.0,0.0,0.0,0.0,0.0,0.0,0.0,0.0,0.0,0.0,0.0,0.0,0.0,0.0,0.0,0.0,0.0,0.0,0.0,0.0,0.0,0.0,0.0,0.0,0.0
3681,0.068147137761116,0.0,0.1472957581281662,0.2244543731212616,0.0,0.0,0.1066364049911499,0.2507192492485046,0.0,0.0,0.0,0.0434859581291675,0.0,0.0,0.116014264523983,0.0,0.0,0.3578348755836487,0.0,0.2429971694946289,0.2857661843299866,0.0,0.0,0.0,0.0,0.3142691850662231,0.1896900683641433,0.1012125834822654,0.1517586559057235,0.0,0.0958778858184814,0.0,0.1286582797765731,0.3457917273044586,0.0,0.2356831580400467,0.0,0.3386153280735016,0.0,0.1750123649835586,0.0,0.363426923751831,0.0,0.0,0.0,0.1065064817667007,0.0,0.0,0.3228298723697662,0.1648518741130828,0.0,0.2735044658184051,0.0,0.3221356272697449,0.3727746605873108,0.0,0.0,0.0,0.0,0.0,0.3089370727539062,0.1951740831136703,0.3200173377990722,0.1537117958068847,0.2549289464950561,0.2915636599063873,0.0,0.1958266645669937,0.0,0.0,0.3411793708801269,0.077952966094017,0.3163651823997497,0.0,0.2235209792852401,0.2853063941001892,0.0,0.0,0.0,0.1075712665915489,0.0,0.0,0.0,0.0,0.0,0.0,0.2609764337539673,0.3160060048103332,0.0,0.1988967955112457,0.3144145309925079,0.1770255863666534,0.2542754113674164,0.1947333365678787,0.0,0.0,0.2474759370088577,0.2431896924972534,0.0,0.0,0.2777953743934631,0.0,0.0,0.1472964435815811,0.0,0.0,0.2337992489337921,0.1983255892992019,0.3185632824897766,0.2640807926654815,0.3346045911312103,0.0,0.0,0.0,0.3288660645484924,0.2944859862327575,0.0,0.3270327150821686,0.0,0.3720535933971405,0.0,0.2597537338733673,0.2565635144710541,0.1592292636632919,0.0,0.0,0.0,0.0
3682,0.229252278804779,0.0,0.2171244323253631,0.0,0.2089254558086395,0.0,0.2727378904819488,0.2191787362098693,0.0,0.0,0.0,0.0,0.0,0.3524635434150696,0.0,0.2009464651346206,0.0,0.2758048474788666,0.0,0.0,0.0,0.2893649041652679,0.0,0.0,0.3504391610622406,0.0,0.0,0.2257608324289322,0.0,0.0,0.0,0.280178815126419,0.0,0.0,0.2018809020519256,0.365506112575531,0.1954713761806488,0.2369593977928161,0.0,0.0,0.1567052453756332,0.3022409379482269,0.2843769490718841,0.0,0.0,0.0,0.3529537618160248,0.3213254809379577,0.0,0.3463853895664215,0.2413695901632309,0.0,0.0,0.0,0.3154176771640777,0.1859564334154129,0.305827260017395,0.1716848015785217,0.0,0.0,0.0,0.0,0.3271662592887878,0.0,0.2539916932582855,0.0,0.219457134604454,0.2517945766448974,0.2936769127845764,0.0,0.2553841769695282,0.0,0.0,0.0,0.1546599268913269,0.0,0.298801988363266,0.2294945120811462,0.0,0.0,0.0,0.1902449429035186,0.0,0.0,0.1746884882450103,0.2477049380540847,0.2641935050487518,0.0,0.0,0.2122956663370132,0.2526126503944397,0.2360603809356689,0.2974697351455688,0.2220650464296341,0.2649796605110168,0.2295680791139602,0.3265143930912018,0.0,0.0,0.2905561327934265,0.0,0.190371498465538,0.2450795322656631,0.0,0.2298994064331054,0.2527022063732147,0.3114063441753387,0.0,0.2420511692762375,0.0,0.0,0.3185811042785644,0.0,0.2643887102603912,0.0,0.0,0.0,0.2431478947401046,0.2209165841341018,0.278517872095108,0.1425127685070037,0.0,0.0,0.3453437983989715,0.2412363737821579,0.1951698511838913,0.0,0.0
3684,0.0,0.0,0.0,0.0,0.0,0.0,0.0,0.0,0.0,0.0,0.0,0.0,0.0,0.0,0.0,0.0,0.0,0.0941645801067352,0.0,0.0,0.0,0.0,0.0,0.0409053973853588,0.0386858358979225,0.0,0.0892810001969337,0.0548060052096843,0.0433214008808136,0.1820586621761322,0.0526450015604496,0.0130744995549321,0.0,0.0364755019545555,0.0,0.0446384325623512,0.0,0.2310957610607147,0.037076000124216,0.0,0.0,0.0,0.0,0.0,0.0979186743497848,0.0,0.0333383344113826,0.0828490033745765,0.0,0.0,0.0,0.018342200666666,0.0971095785498619,0.0233186017721891,0.0,0.1752775013446808,0.0,0.0,0.0,0.0952301993966102,0.0,0.0,0.0,0.0,0.0,0.1007347479462623,0.0,0.0611537173390388,0.0178386680781841,0.0,0.1656235009431839,0.0,0.0,0.0,0.0,0.0,0.0440950021147728,0.0,0.0319502502679824,0.0,0.0,0.1981943696737289,0.0,0.0,0.0,0.0,0.078352503478527,0.0,0.0,0.0401378348469734,0.0,0.085743598639965,0.0079537779092788,0.0,0.0,0.0439664982259273,0.0184074286371469,0.1492478102445602,0.0,0.0,0.1351751685142517,0.0723000019788742,0.0,0.0,0.0,0.0,0.0,0.0335981994867324,0.0218004304915666,0.0,0.0,0.0,0.0466318018734455,0.0,0.0614733360707759,0.0101134292781353,0.0,0.0835665985941886,0.0924116000533104,0.0559700019657611,0.0598691999912261,0.0,0.0,0.054550003260374,0.0,0.1709059923887252,0.1901067495346069,0.0
3685,0.0,0.0,0.0,0.0,0.0,0.0,0.0,0.0,0.0,0.0,0.0,0.0,0.0,0.0,0.0,0.0,0.0,0.0,0.0,0.0,0.0,0.0,0.0,0.0,0.0,0.0,0.0,0.0,0.0,0.0,0.0,0.0,0.0,0.0,0.0,0.0,0.0,0.0,0.0,0.0,0.0,0.0,0.0,0.0,0.0,0.0,0.0,0.0,0.0,0.0,0.0,0.0,0.0,0.0,0.0,0.0,0.0,0.0,0.0,0.0,0.0,0.0,0.0,0.0,0.0,0.0,0.0,0.0,0.0,0.0,0.0,0.0,0.0,0.0,0.0,0.0,0.0,0.0,0.0,0.0,0.0,0.0,0.0,0.0,0.0,0.0,0.0,0.0,0.0,0.0,0.0,0.0,0.0,0.0,0.0,0.0,0.0,0.0,0.0,0.0,0.0,0.0,0.0,0.0,0.0,0.0,0.0,0.0,0.0,0.0,0.0,0.0,0.0,0.0,0.0,0.0,0.0,0.0,0.0,0.0,0.0,0.0,0.0,0.0,0.0,0.0,0.0,0.0
3687,0.0,0.0,0.0,0.0,0.0,0.0,0.0,0.0,0.0,0.0,0.0,0.0,0.0,0.0,0.0,0.0,0.0,0.0,0.0,0.0,0.0,0.0,0.0,0.0,0.0,0.0,0.0,0.0,0.0,0.0,0.0,0.0,0.0,0.0,0.0,0.0,0.0,0.0,0.0,0.0,0.0,0.0,0.0,0.0,0.0,0.0,0.0,0.0,0.0,0.0,0.0,0.0,0.0,0.0,0.0,0.0,0.0,0.0,0.0,0.0,0.0,0.0,0.0,0.0,0.0,0.0,0.0,0.0,0.0,0.0,0.0,0.0,0.0,0.0,0.0,0.0,0.0,0.0,0.0,0.0,0.0,0.0,0.0,0.0,0.0,0.0,0.0,0.0,0.0,0.0,0.0,0.0,0.0,0.0,0.0,0.0,0.0,0.0,0.0,0.0,0.0,0.0,0.0,0.0,0.0,0.0,0.0,0.0,0.0,0.0,0.0,0.0,0.0,0.0,0.0,0.0,0.0,0.0,0.0,0.0,0.0,0.0,0.0,0.0,0.0,0.0,0.0,0.0
3690,0.0,0.0,0.0,0.0,0.0,0.0,0.0,0.0,0.0,0.0,0.0,0.0,0.0,0.0,0.0,0.0,0.0,0.0,0.0,0.0,0.0,0.0,0.0,0.0,0.0,0.0,0.0,0.0,0.0,0.0,0.0,0.0,0.0,0.0,0.0,0.0,0.0,0.0,0.0,0.0,0.0,0.0,0.0,0.0,0.0,0.0,0.0,0.0,0.0,0.0,0.0,0.0,0.0,0.0,0.0,0.0,0.0,0.0,0.0,0.0,0.0,0.0,0.0,0.0,0.0,0.0,0.0,0.0,0.0,0.0,0.0,0.0,0.0,0.0,0.0,0.0,0.0,0.0,0.0,0.0,0.0,0.0,0.0,0.0,0.0,0.0,0.0,0.0,0.0,0.0,0.0,0.0,0.0,0.0,0.0,0.0,0.0,0.0,0.0,0.0,0.0,0.0,0.0,0.0,0.0,0.0,0.0,0.0,0.0,0.0,0.0,0.0,0.0,0.0,0.0,0.0,0.0,0.0,0.0,0.0,0.0,0.0,0.0,0.0,0.0,0.0,0.0,0.0
3692,0.0,0.0,0.0,0.0,0.0,0.0,0.0,0.0,0.0,0.0,0.0,0.0,0.0,0.0,0.0,0.0,0.0,0.0,0.0,0.0,0.0,0.0,0.0,0.0,0.0,0.0,0.0,0.0,0.0,0.0,0.0,0.0,0.0,0.0,0.0,0.0,0.0,0.0,0.0,0.0,0.0,0.0,0.0,0.0,0.0,0.0,0.0,0.0,0.0,0.0,0.0,0.0,0.0,0.0,0.0,0.0,0.0,0.0,0.0,0.0,0.0,0.0,0.0,0.0,0.0,0.0,0.0,0.0,0.0,0.0,0.0,0.0,0.0,0.0,0.0,0.0,0.0,0.0,0.0,0.0,0.0,0.0,0.0,0.0,0.0,0.0,0.0,0.0,0.0,0.0,0.0,0.0,0.0,0.0,0.0,0.0,0.0,0.0,0.0,0.0,0.0,0.0,0.0,0.0,0.0,0.0,0.0,0.0,0.0,0.0,0.0,0.0,0.0,0.0,0.0,0.0,0.0,0.0,0.0,0.0,0.0,0.0,0.0,0.0,0.0,0.0,0.0,0.0
3693,0.0,0.0,0.0,0.0,0.0,0.0,0.0,0.0,0.0,0.0,0.0,0.0,0.0,0.0,0.0,0.0,0.0,0.0,0.0,0.0,0.0,0.0,0.0,0.0,0.0,0.0,0.0,0.0,0.0,0.0,0.0,0.0,0.0,0.0,0.0,0.0,0.0,0.0,0.0,0.0,0.0,0.0,0.0,0.0,0.0,0.0,0.0,0.0,0.0,0.0,0.0,0.0,0.0,0.0,0.0,0.0,0.0,0.0,0.0,0.0,0.0,0.0,0.0,0.0,0.0,0.0,0.0,0.0,0.0,0.0,0.0,0.0,0.0,0.0,0.0,0.0,0.0,0.0,0.0,0.0,0.0,0.0,0.0,0.0,0.0,0.0,0.0,0.0,0.0,0.0,0.0,0.0,0.0,0.0,0.0,0.0,0.0,0.0,0.0,0.0,0.0,0.0,0.0,0.0,0.0,0.0,0.0,0.0,0.0,0.0,0.0,0.0,0.0,0.0,0.0,0.0,0.0,0.0,0.0,0.0,0.0,0.0,0.0,0.0,0.0,0.0,0.0,0.0
3694,0.0,0.0,0.0,0.0,0.0,0.0,0.0,0.0,0.0,0.0,0.0,0.0,0.0,0.0,0.0,0.0,0.0,0.0,0.0,0.0,0.0,0.0,0.0,0.0,0.0,0.0,0.0,0.0,0.0,0.0,0.0,0.0,0.0,0.0,0.0,0.0,0.0,0.0,0.0,0.0,0.0,0.0,0.0,0.0,0.0,0.0,0.0,0.0,0.0,0.0,0.0,0.0,0.0,0.0,0.0,0.0,0.1722516119480133,0.0174820013344287,0.0,0.0,0.0,0.0,0.0,0.0,0.0,0.0,0.0,0.0,0.0,0.0,0.0,0.0,0.0,0.0,0.0424976013600826,0.0,0.0,0.0,0.0,0.0,0.0,0.0,0.0,0.0,0.0,0.0,0.0,0.0,0.0,0.0,0.0,0.0,0.0,0.0,0.0259214024990797,0.0,0.0,0.1044948026537895,0.0,0.0,0.0,0.0,0.0,0.0,0.0,0.0,0.0,0.0,0.0,0.0,0.0,0.0,0.0,0.0,0.0,0.0,0.0,0.0221331994980573,0.0,0.0,0.0,0.0,0.0,0.0,0.0,0.0,0.0,0.0
3695,0.0,0.0,0.0,0.0,0.0,0.0,0.0,0.0,0.0,0.0,0.0,0.0,0.0,0.0,0.0,0.0,0.0,0.0,0.0,0.0,0.0,0.0,0.0,0.0,0.0,0.0,0.0,0.0,0.0,0.0,0.0,0.0,0.0,0.0,0.0,0.0,0.0,0.0,0.0,0.0,0.0,0.0,0.0,0.0,0.0,0.0,0.0,0.0,0.0,0.0,0.0,0.0,0.0,0.0,0.0,0.0,0.0,0.0,0.0,0.0,0.0,0.0,0.0,0.0,0.0,0.0,0.0,0.0,0.0,0.0,0.0,0.0,0.0,0.0,0.0,0.0,0.0,0.0,0.0,0.0,0.0,0.0,0.0,0.0,0.0,0.0,0.0,0.0,0.0,0.0,0.0,0.0,0.0,0.0,0.0,0.0,0.0,0.0,0.0,0.0,0.0,0.0,0.0,0.0,0.0,0.0,0.0,0.0,0.0,0.0,0.0,0.0,0.0,0.0,0.0,0.0,0.0,0.0,0.0,0.0,0.0,0.0,0.0,0.0,0.0,0.0,0.0,0.0
3696,0.0,0.0,0.0,0.0,0.0,0.0,0.0,0.0,0.0,0.0,0.0,0.0,0.0,0.0,0.0,0.0,0.0,0.0,0.0,0.0,0.0,0.0,0.0,0.0,0.0,0.0,0.0,0.0,0.0,0.0,0.0,0.0,0.0,0.0,0.0,0.0,0.0,0.0,0.0,0.0,0.0,0.0,0.0,0.0,0.0,0.0,0.0,0.0,0.0,0.0,0.0,0.0,0.0,0.0,0.0,0.0,0.0,0.0,0.0,0.0,0.0,0.0,0.0,0.0,0.0,0.0,0.0,0.0,0.0,0.0,0.0,0.0,0.0,0.0,0.0,0.0,0.0,0.0,0.0,0.0,0.0,0.0,0.0,0.0,0.0,0.0,0.0,0.0,0.0,0.0,0.0,0.0,0.0,0.0,0.0,0.0,0.0,0.0,0.0,0.0,0.0,0.0,0.0,0.0,0.0,0.0,0.0,0.0,0.0,0.0,0.0,0.0,0.0,0.0,0.0,0.0,0.0,0.0,0.0,0.0,0.0,0.0,0.0,0.0,0.0,0.0,0.0,0.0
3698,0.0,0.0,0.0,0.0,0.0,0.0,0.0,0.0,0.0,0.0,0.0,0.0,0.0,0.0,0.0,0.0,0.0,0.0,0.0,0.0,0.0,0.0,0.0,0.0,0.0,0.0,0.0,0.0,0.0,0.0,0.0,0.0,0.0,0.0,0.0,0.0,0.0,0.0,0.0,0.0,0.0,0.0,0.0,0.0,0.0,0.0,0.0,0.0,0.0,0.0,0.0,0.0,0.0,0.0,0.0,0.0,0.0,0.0,0.0,0.0,0.0,0.0,0.0,0.0,0.0,0.0,0.0,0.0,0.0,0.0,0.0,0.0,0.0,0.0,0.0,0.0,0.0,0.0,0.0,0.0,0.0,0.0,0.0,0.0,0.0,0.0,0.0,0.0,0.0,0.0,0.0,0.0,0.0,0.0,0.0,0.0,0.0,0.0,0.0,0.0,0.0,0.0,0.0,0.0,0.0,0.0,0.0,0.0,0.0,0.0,0.0,0.0,0.0,0.0,0.0,0.0,0.0,0.0,0.0,0.0,0.0,0.0,0.0,0.0,0.0,0.0,0.0,0.0
3699,0.0,0.0,0.0,0.0,0.0,0.0,0.0,0.0,0.0,0.0,0.0,0.0,0.0,0.0,0.0,0.0,0.0,0.0,0.0,0.0,0.0,0.0,0.0,0.0,0.0,0.0,0.0,0.0,0.0,0.0,0.0,0.0,0.0,0.0,0.0,0.0,0.0,0.0,0.0,0.0,0.0,0.0,0.0,0.0,0.0,0.0,0.0,0.0,0.0,0.0,0.0,0.0,0.0,0.0,0.0,0.0,0.0,0.0,0.0,0.0,0.0,0.0,0.0,0.0,0.0,0.0,0.0,0.0,0.0,0.0,0.0,0.0,0.0,0.0,0.0,0.0,0.0,0.0,0.0,0.0,0.0,0.0,0.0,0.0,0.0,0.0,0.0,0.0,0.0,0.0,0.0,0.0,0.0,0.0,0.0,0.0,0.0,0.0,0.0,0.0,0.0,0.0,0.0,0.0,0.0,0.0,0.0,0.0,0.0,0.0,0.0,0.0,0.0,0.0,0.0,0.0,0.0,0.0,0.0,0.0,0.0,0.0,0.0,0.0,0.0,0.0,0.0,0.0
3701,0.0,0.0,0.0542311258614063,0.0,0.0,0.0,0.0735751166939735,0.032852366566658,0.0288805849850177,0.0,0.0622723065316677,0.0,0.0110979015007615,0.0641722902655601,0.0,0.0,0.0449401848018169,0.0,0.0,0.0,0.0,0.130907192826271,0.0432671681046485,0.0,0.0,0.0,0.0,0.0706177130341529,0.0,0.0,0.089168019592762,0.0482336580753326,0.0684841051697731,0.0,0.0,0.0859483107924461,0.0,0.0,0.0531523749232292,0.0,0.0,0.0,0.0,0.0,0.0,0.0,0.0,0.0,0.0,0.0674743577837944,0.0685866475105285,0.0,0.0,0.0,0.2842353284358978,0.0553517788648605,0.0,0.076605312526226,0.0337745323777198,0.0,0.0593787804245948,0.0,0.1697235107421875,0.2184934914112091,0.0724619105458259,0.0279243849217891,0.044135320931673,0.047342762351036,0.0432251207530498,0.0,0.0,0.0537381544709205,0.1518977582454681,0.0792713612318039,0.0,0.1617229729890823,0.0,0.1469735950231552,0.0166097413748502,0.0,0.0,0.0,0.0,0.1348453164100647,0.0,0.0197488609701395,0.0,0.0,0.0,0.0490494482219219,0.0,0.0536398068070411,0.0678590163588523,0.0,0.0368397235870361,0.026666160672903,0.0,0.0400480926036834,0.0530989058315753,0.0,0.0,0.0455752983689308,0.0,0.0,0.0,0.0,0.0,0.0,0.0,0.0,0.0329037494957447,0.0,0.0175996422767639,0.0,0.0,0.0,0.0802577808499336,0.0,0.1168326213955879,0.0,0.166788101196289,0.0,0.0,0.1019040271639823,0.0,0.0,0.0,0.0
3702,0.0,0.0,0.0,0.0,0.0,0.0,0.0,0.0,0.0,0.0,0.0,0.0,0.0,0.0,0.0,0.0,0.0,0.0,0.0,0.0,0.0,0.0,0.0,0.0,0.0,0.0,0.0,0.0,0.0,0.0,0.0,0.0,0.0,0.0,0.0,0.0,0.0,0.0,0.0,0.0,0.0,0.0,0.0,0.0,0.0,0.0,0.0,0.0,0.0,0.0,0.0,0.0,0.0,0.0,0.0,0.0,0.0,0.0,0.0,0.0,0.0,0.0,0.0,0.0,0.0,0.0,0.0,0.0,0.0,0.0,0.0,0.0,0.0,0.0,0.0,0.0,0.0,0.0,0.0,0.0,0.0,0.0,0.0,0.0,0.0,0.0,0.0,0.0,0.0,0.0,0.0,0.0,0.0,0.0,0.0,0.0,0.0,0.0,0.0,0.0,0.0,0.0,0.0,0.0,0.0,0.0,0.0,0.0,0.0,0.0,0.0,0.0,0.0,0.0,0.0,0.0,0.0,0.0,0.0,0.0,0.0,0.0,0.0,0.0,0.0,0.0,0.0,0.0
3703,0.0,0.0,0.0,0.0,0.0,0.0,0.0,0.0,0.0,0.0,0.0,0.0,0.0,0.0,0.0,0.0,0.0,0.0,0.0,0.0,0.0,0.0,0.0,0.1036383435130119,0.0,0.0,0.0,0.0,0.0,0.0,0.0,0.0,0.0,0.0,0.0,0.1173092052340507,0.0,0.0,0.0,0.0,0.0,0.0,0.0,0.0,0.0,0.0,0.0,0.0,0.0,0.0,0.0,0.0569079779088497,0.0,0.0,0.0,0.0454332679510116,0.0,0.0,0.0,0.0,0.0,0.0,0.0,0.0,0.0,0.0,0.0,0.0,0.0,0.0,0.0,0.0,0.0,0.0,0.0,0.0164794512093067,0.0,0.1117058098316192,0.0,0.0,0.0,0.0,0.0,0.0,0.0,0.0,0.0,0.0,0.0,0.0,0.2027210891246795,0.0,0.0,0.0,0.0,0.0,0.0,0.0,0.0,0.0,0.0,0.0,0.0152447251603007,0.0,0.0,0.0,0.0,0.0,0.0,0.0,0.0,0.0,0.0,0.0,0.0,0.0,0.0,0.0,0.0,0.0,0.0,0.0,0.0,0.0,0.0,0.0,0.0,0.0880058333277702
3704,0.0,0.0,0.0,0.0,0.0,0.0,0.0,0.0,0.0,0.0,0.0,0.0,0.0,0.0,0.0,0.0,0.0,0.0,0.0,0.0,0.0,0.0,0.0,0.0,0.0,0.0,0.0,0.0,0.0,0.0,0.0,0.0,0.0,0.0,0.0,0.0,0.0,0.0,0.0,0.0,0.0,0.0,0.0,0.0,0.0,0.0,0.0,0.0,0.0,0.0,0.0,0.0,0.0,0.0,0.0,0.0,0.0,0.0,0.0,0.0,0.0,0.0,0.0,0.0,0.0,0.0,0.0,0.0,0.0,0.0,0.0,0.0,0.0,0.0,0.0,0.0,0.0,0.0,0.0,0.0,0.0,0.0,0.0,0.0,0.0,0.0,0.0,0.0,0.0,0.0,0.0,0.0,0.0,0.0,0.0,0.0,0.0,0.0,0.0,0.0,0.0,0.0,0.0,0.0,0.0,0.0,0.0,0.0,0.0,0.0,0.0,0.0,0.0,0.0,0.0,0.0,0.0,0.0,0.0,0.0,0.0,0.0,0.0,0.0,0.0,0.0,0.0,0.0
3705,0.0,0.0042029563337564,0.0,0.038666408509016,0.0,0.0413711853325367,0.0353738591074943,0.0,0.0,0.0,0.0,0.0,0.0064485496841371,0.0,0.042645800858736,0.0,0.0,0.0,0.0,0.0,0.0806594789028167,0.0,0.0405694097280502,0.0,0.0,0.0040102275088429,0.0,0.0,0.0,0.0,0.0831739604473114,0.0,0.0590302757918834,0.0088198641315102,0.0,0.0,0.0,0.0,0.0,0.0,0.0,0.0,0.0246498100459575,0.0,0.026629826053977,0.0860053449869155,0.0,0.0,0.0,0.0,0.0,0.0,0.0,0.0096032274886965,0.0,0.0382769517600536,0.0,0.0,0.0,0.0,0.0,0.0,0.029640182852745,0.0,0.0,0.0,0.0,0.0,0.0,0.0,0.0,0.0,0.0,0.0,0.0,0.0,0.0,0.0095787504687905,0.0405095480382442,0.0,0.0,0.0,0.0,0.0,0.0,0.0,0.0131704732775688,0.0,0.0,0.0,0.0,0.0256313513964414,0.0,0.0,0.0,0.0133246099576354,0.0,0.0381373055279254,0.0141222178936004,0.0,0.0,0.0,0.0,0.0,0.0,0.0,0.0094824759289622,0.0373110026121139,0.0,0.0401256382465362,0.0,0.0,0.0322001352906227,0.0289800968021154,0.076081171631813,0.0020660476293414,0.0,0.0,0.0,0.0,0.0,0.0,0.0,0.0,0.0386516936123371,0.0,0.0,0.0
3706,0.0,0.0,0.0,0.0,0.0,0.0,0.0,0.0,0.0,0.0,0.0,0.0746482461690902,0.0,0.0,0.0,0.0,0.5916245579719543,0.9589691162109376,0.7792227864265442,0.0,0.7799014449119568,0.8856313824653625,0.7955584526062012,0.6934478282928467,0.6304091215133667,0.7156919836997986,0.7977871894836426,0.6708206534385681,0.6715691089630127,0.6984093189239502,0.7222838997840881,0.580449104309082,0.9818387627601624,0.7534900903701782,0.7908444404602051,0.5192845463752747,0.6115460395812988,0.6123552322387695,0.3080451488494873,0.5090031623840332,0.0194004997611045,0.6189497113227844,0.6769299507141113,0.9304681420326232,0.8169898390769958,0.7961862087249756,0.6116082072257996,0.9913532733917236,0.8313936591148376,0.6027508974075317,0.0,0.8967989087104797,0.7877368330955505,0.6929460763931274,0.9968203902244568,0.893288791179657,0.8291490077972412,0.8991231322288513,0.9103225469589232,0.0,0.7963935136795044,0.7308781743049622,0.6777894496917725,0.3858045041561126,0.3030199408531189,0.0,0.573401927947998,0.8759586811065674,0.0,0.6373428106307983,0.7062036395072937,0.9095389246940612,0.955360233783722,0.9864535927772522,0.7529827952384949,0.638689398765564,0.0910167321562767,0.5796955227851868,0.5632044076919556,0.8415523767471313,0.6292256116867065,0.9536035060882568,0.9430502653121948,0.4063080847263336,0.6433084607124329,0.7226446866989136,0.8878200054168701,0.6618188619613647,0.8663000464439392,0.0720202028751373,0.556678295135498,0.419975996017456,0.5888650417327881,0.9043518304824828,0.6036246418952942,0.8121553063392639,0.2504459917545318,0.7947701811790466,0.7659175395965576,0.0,0.7352058291435242,0.656446635723114,0.8210712671279907,0.0374847501516342,0.8544031977653503,0.7749858498573303,0.7111109495162964,0.6282742023468018,0.3551211655139923,0.7896243333816528,0.0731368213891983,0.7544313073158264,0.8042727708816528,0.9435685276985168,0.5798996090888977,0.6531599164009094,0.522415816783905,0.970257043838501,0.754183828830719,0.5847740173339844,0.9094544649124146,0.5916857719421387,0.9647685289382936,0.802120566368103,0.2007398009300232,0.0306495483964681,0.5449475049972534,0.0
3711,0.0,0.0,0.0,0.0,0.0,0.0,0.0,0.0,0.0,0.0,0.0,0.0,0.0,0.0,0.0,0.0,0.922294855117798,0.9327588081359864,0.927132487297058,0.920525312423706,0.980858325958252,0.8802511692047119,0.9399017095565796,0.8982136845588684,0.9202835559844972,0.9865441918373108,0.9285926818847656,0.9645652174949646,0.930602490901947,0.8921046853065491,0.965811014175415,0.1039706692099571,0.950349509716034,0.877678632736206,0.9861267805099488,0.9359591603279114,0.9680895805358888,0.935717225074768,0.8885683417320251,0.8064737319946289,0.7905651926994324,0.9222055077552797,0.9582448601722716,0.8976740837097168,0.9611809849739076,0.0,0.8885868787765503,0.9083537459373474,0.9493350386619568,0.8442744612693787,0.9561378359794616,0.9059140086174012,0.9983736872673036,0.9353046417236328,0.9877033233642578,0.9814650416374208,0.9124706983566284,0.9723465442657472,0.9491519331932068,0.9461532235145568,0.9853721261024476,0.9263321757316588,0.941186785697937,0.9496563673019408,0.9476285576820374,0.9881497621536256,0.9520056843757628,0.902016818523407,0.0,0.0,0.7788088917732239,0.8939842581748962,0.9239813685417176,0.9081560969352722,0.8920425772666931,0.976252019405365,0.8079777956008911,0.9979053139686584,0.0,0.9153488874435424,0.9565282464027404,0.8958314061164856,0.7433685064315796,0.8152773380279541,0.9075421690940856,0.9545087218284608,0.8121235370635986,0.7261555790901184,0.9131650328636168,0.0,0.8555095791816711,0.9833948612213136,0.9548487663269044,0.9218186140060424,0.9553650617599488,0.8874565958976746,0.9395167231559752,0.8310391902923584,0.7353165745735168,0.9701445698738098,0.8875808119773865,0.9363263249397278,0.9855272173881532,0.676477313041687,0.9891915321350098,0.8935855627059937,0.9970024824142456,0.0,0.9535332918167114,0.8779481053352356,0.9440634846687316,0.988582730293274,0.9029817581176758,0.9244161248207092,0.8273108601570129,0.783208429813385,0.974150538444519,0.9597250819206238,0.9649547338485718,0.0345342494547367,0.925301194190979,0.974298059940338,0.9387423396110536,0.0,0.9352308511734008,0.9365246891975404,0.969365894794464,0.8994237780570984
3714,0.0,0.0,0.0,0.0,0.0,0.0,0.0,0.0,0.0,0.0,0.0,0.0,0.0,0.0,0.0,0.0,0.0,0.0,0.0,0.0,0.0,0.0,0.0,0.0,0.0,0.0,0.0,0.0,0.0,0.0,0.0,0.0,0.0,0.0,0.0,0.0,0.0,0.0,0.0,0.0,0.0,0.0,0.0,0.0,0.0,0.0,0.0,0.0,0.0,0.0,0.0,0.0,0.0,0.0,0.0,0.0,0.0,0.0,0.0,0.0,0.0,0.0,0.0,0.0,0.0,0.0,0.0,0.0,0.0,0.0,0.0,0.0,0.0,0.0,0.0,0.0,0.0,0.0,0.0,0.0,0.0,0.0,0.0,0.0,0.0,0.0,0.0,0.0,0.0,0.0,0.0,0.0,0.0,0.0,0.0,0.0,0.0,0.0,0.0,0.0,0.0,0.0,0.0,0.0,0.0,0.0,0.0,0.0,0.0,0.0,0.0,0.0,0.0,0.0,0.0,0.0,0.0,0.0,0.0,0.0,0.0,0.0,0.0,0.0,0.0,0.0,0.0,0.0
3715,0.0,0.0,0.0,0.0,0.0,0.0,0.0,0.0,0.0,0.0,0.0,0.0,0.0,0.0,0.0,0.0,0.0,0.0,0.0,0.0,0.0,0.0,0.0,0.0,0.0,0.0,0.0,0.0,0.0,0.0,0.0,0.0,0.0,0.0,0.0,0.0,0.0,0.0,0.0,0.0,0.0,0.0,0.0,0.0,0.0,0.0,0.0,0.0,0.0,0.0,0.0,0.0,0.0,0.0,0.0,0.0,0.0,0.0,0.0,0.0,0.0,0.0,0.0,0.0,0.0,0.0,0.0,0.0,0.0,0.0,0.0,0.0,0.0,0.0,0.0,0.0,0.0,0.0,0.0,0.0,0.0,0.0,0.0,0.0,0.0,0.0,0.0,0.0,0.0,0.0,0.0,0.0,0.0,0.0,0.0,0.0,0.0,0.0,0.0,0.0,0.0,0.0,0.0,0.0,0.0,0.0,0.0,0.0,0.0,0.0,0.0,0.0,0.0,0.0,0.0,0.0,0.0,0.0,0.0,0.0,0.0,0.0,0.0,0.0,0.0,0.0,0.0,0.0
3718,0.0,0.0,0.0,0.0,0.0,0.0,0.0,0.0,0.0,0.0,0.0,0.0,0.0,0.0,0.0,0.0,0.0,0.0,0.0,0.0,0.0,0.0,0.0,0.0,0.0,0.0,0.0,0.0,0.0,0.0,0.0,0.0,0.0,0.0,0.0,0.0,0.0,0.0,0.0,0.0,0.0,0.0,0.0,0.0,0.0,0.0,0.0,0.0,0.0,0.0,0.0,0.0,0.0,0.0,0.0,0.0,0.0,0.0,0.0,0.0,0.0,0.0,0.0,0.0,0.0,0.0,0.0,0.0,0.0,0.0,0.0,0.0,0.0,0.0,0.0,0.0,0.0,0.0,0.0,0.0,0.0,0.0,0.0,0.0,0.0,0.0,0.0,0.0,0.0,0.0,0.0,0.0,0.0,0.0,0.0,0.0,0.0,0.0,0.0,0.0,0.0,0.0,0.0,0.0,0.0,0.0,0.0,0.0,0.0,0.0,0.0,0.0,0.0,0.0,0.0,0.0,0.0,0.0,0.0,0.0,0.0,0.0,0.0,0.0,0.0,0.0,0.0,0.0
3720,0.0,0.0,0.0,0.0,0.0,0.0,0.0,0.0,0.0,0.0,0.0,0.0,0.0,0.0,0.0,0.0,0.0,0.0,0.0,0.0,0.0,0.0,0.0,0.0,0.0,0.0,0.0,0.0,0.0,0.0,0.0,0.0,0.0,0.0,0.0,0.0,0.0,0.0,0.0,0.0,0.0,0.0,0.0,0.0,0.0,0.0,0.0,0.0,0.0,0.0,0.0,0.0,0.0,0.0,0.0,0.0,0.0,0.0,0.0,0.0,0.0,0.0,0.0,0.0,0.0,0.0,0.0,0.0,0.0,0.0,0.0,0.0,0.0,0.0,0.0,0.0,0.0,0.0,0.0,0.0,0.0,0.0,0.0,0.0,0.0,0.0,0.0,0.0,0.0,0.0,0.0,0.0,0.0,0.0,0.0,0.0,0.0,0.0,0.0,0.0,0.0,0.0,0.0,0.0,0.0,0.0,0.0,0.0,0.0,0.0,0.0,0.0,0.0,0.0,0.0,0.0,0.0,0.0,0.0,0.0,0.0,0.0,0.0,0.0,0.0,0.0,0.0,0.0
3723,0.0,0.0,0.2241987586021423,0.0,0.0,0.0,0.0797144398093223,0.0,0.0,0.0,0.0,0.456296443939209,0.0,0.0,0.0,0.0,0.0,0.0,0.0,0.0,0.0347448997199535,0.0,0.0,0.0,0.0,0.0,0.0,0.0,0.0,0.3832716941833496,0.0,0.4609773159027099,0.0,0.0,0.0,0.0,0.0,0.0,0.0,0.0,0.0,0.0,0.0,0.0,0.0,0.0,0.0,0.0,0.0,0.0,0.0,0.0,0.0,0.0,0.0,0.0,0.0595084950327873,0.0,0.0,0.0,0.0,0.0,0.0054554287344217,0.0,0.0,0.0,0.0,0.0,0.0,0.3117470443248749,0.0,0.0,0.0,0.0,0.0,0.0,0.0,0.0,0.0,0.0,0.0,0.0,0.0914041027426719,0.0,0.0,0.0,0.2096820026636123,0.0,0.0,0.0,0.0,0.3190631568431854,0.0,0.0,0.0,0.0,0.0,0.0,0.0,0.0,0.0,0.0,0.0,0.0,0.0,0.0,0.0,0.0,0.0,0.0,0.0,0.0,0.0,0.0,0.454763114452362,0.0,0.0,0.0,0.0,0.0,0.0,0.0,0.0,0.0,0.0,0.0,0.0,0.2183637619018554
3725,0.0,0.1181700900197029,0.1486938446760177,0.0,0.0,0.0,0.0,0.0299813132733106,0.0,0.0,0.0,0.0,0.0,0.0,0.0,0.0,0.0,0.0,0.0,0.0,0.0,0.0,0.1818960458040237,0.0,0.0,0.0648683980107307,0.0,0.0,0.1350142061710357,0.0,0.0,0.0,0.0,0.0,0.0,0.0380253344774246,0.1023024320602417,0.0,0.2377292811870575,0.0,0.0956600159406662,0.0,0.0,0.0,0.0,0.0,0.1833989918231964,0.0611305050551891,0.1330527067184448,0.0555593073368072,0.0,0.0,0.0247659347951412,0.0,0.0575985498726367,0.0,0.183773010969162,0.0,0.1789202243089676,0.0576140247285366,0.0,0.1797491908073425,0.0,0.1536957025527954,0.0,0.2872584462165832,0.1139458790421485,0.207606628537178,0.2085172235965728,0.1963964253664016,0.1967402249574661,0.0787992849946022,0.0,0.0,0.0,0.1827457398176193,0.1901911348104477,0.1953189074993133,0.0,0.0,0.2501156032085418,0.0,0.0,0.0,0.1340325027704239,0.1231289654970169,0.0,0.0829332172870636,0.1409021019935608,0.0,0.0,0.0,0.0,0.2333302646875381,0.1870746910572052,0.1014589965343475,0.24113430082798,0.0,0.0,0.0,0.0665789619088172,0.0,0.0,0.0637794509530067,0.0,0.1431024819612503,0.0,0.0,0.1444810181856155,0.0,0.0428007766604423,0.0564331151545047,0.0312230307608842,0.0,0.0,0.0,0.0455036535859108,0.0,0.0,0.0,0.2526155114173889,0.0,0.0,0.0,0.0,0.1373069286346435,0.1090636774897575,0.0
3728,0.0,0.0,0.0,0.0,0.0,0.0,0.0,0.0,0.0,0.0,0.0,0.0,0.0,0.0,0.0,0.0,0.0,0.0,0.0,0.0,0.0,0.0,0.0,0.0,0.0,0.0,0.0,0.0,0.0,0.0,0.0,0.0,0.0,0.0,0.0,0.0,0.0,0.0,0.0,0.0,0.0,0.0,0.0,0.0,0.0,0.0,0.0,0.0,0.0,0.0,0.0,0.0,0.0,0.0,0.0,0.0,0.0,0.0,0.0,0.0,0.0,0.0,0.0,0.0,0.0,0.0,0.0,0.0,0.0,0.0,0.0,0.0,0.0,0.0,0.0,0.0,0.0,0.0,0.0,0.0,0.0,0.0,0.0,0.0,0.0,0.0,0.0,0.0,0.0,0.0,0.0,0.0,0.0,0.0,0.0,0.0,0.0,0.0,0.0,0.0,0.0,0.0,0.0,0.0,0.0,0.0,0.0,0.0,0.0,0.0,0.0,0.0,0.0,0.0,0.0,0.0,0.0,0.0,0.0,0.0,0.0,0.0,0.0,0.0,0.0,0.0,0.0,0.0
3732,0.0,0.0,0.0,0.0,0.0,0.0,0.0,0.0,0.0,0.0,0.0,0.0,0.0,0.0,0.0,0.0,0.0,0.0,0.0,0.0,0.0,0.0,0.0,0.0,0.0,0.0,0.0,0.0,0.0,0.0,0.0,0.0,0.0,0.0,0.0,0.0,0.0,0.0,0.0,0.0,0.0,0.0,0.0,0.0,0.0,0.0,0.0,0.0,0.0,0.0,0.0,0.0,0.0,0.0,0.0,0.0,0.0,0.0,0.0,0.0,0.0,0.0,0.0,0.0,0.0,0.0,0.0,0.0,0.0,0.0,0.0,0.0,0.0,0.0,0.0,0.0,0.0,0.0,0.0,0.0,0.0,0.0,0.0,0.0,0.0,0.0,0.0,0.0,0.0,0.0,0.0,0.0,0.0,0.0,0.0,0.0,0.0,0.0,0.0,0.0,0.0,0.0,0.0,0.0,0.0,0.0,0.0,0.0,0.0,0.0,0.0,0.0,0.0,0.0,0.0,0.0,0.0,0.0,0.0,0.0,0.0,0.0,0.0,0.0,0.0,0.0,0.0,0.0
3733,0.0180845912545919,0.0,0.0,0.0,0.0,0.0,0.0,0.0,0.0,0.0,0.0,0.0,0.0,0.0,0.0,0.0,0.0,0.0,0.0,0.0,0.0,0.0,0.0,0.0,0.0,0.0,0.0,0.0,0.0,0.0,0.0,0.0,0.0,0.0,0.0,0.0,0.0,0.0,0.0,0.0,0.0,0.0,0.0,0.0,0.0,0.0,0.0,0.0,0.0,0.0,0.0,0.0,0.0,0.0,0.0,0.0,0.0,0.0,0.0,0.0,0.0,0.0,0.0,0.0,0.0,0.0,0.0,0.0,0.0,0.0,0.0,0.0,0.0,0.0,0.0,0.0,0.0,0.0,0.0,0.0,0.0,0.0,0.0,0.0,0.0,0.0,0.0,0.0,0.0,0.0,0.0,0.0,0.0,0.0,0.0,0.0,0.0,0.0,0.0,0.0,0.0,0.0,0.0,0.0,0.0,0.0,0.0,0.0,0.0,0.0,0.0,0.0,0.0,0.0,0.0,0.0,0.0,0.0,0.0,0.0,0.0,0.0,0.0,0.0,0.0,0.0,0.0,0.0
3735,0.0,0.0,0.0,0.0,0.0,0.0,0.0,0.0,0.0,0.0,0.0,0.0,0.0,0.0,0.0,0.0,0.0,0.0,0.0,0.0,0.0,0.0,0.0,0.0,0.0,0.0,0.0,0.0,0.0,0.0,0.0,0.0,0.0,0.0,0.0,0.0,0.0,0.0,0.0,0.0,0.0,0.0,0.0,0.0,0.0,0.0,0.0,0.0,0.0,0.0,0.0,0.0,0.0,0.0,0.0,0.0,0.0,0.0,0.0,0.0,0.0,0.0,0.0,0.0,0.0,0.0,0.0,0.0,0.0,0.0,0.0,0.0,0.0,0.0,0.0,0.0,0.0,0.0,0.0,0.0,0.0,0.0,0.0,0.0,0.0,0.0,0.0,0.0,0.0,0.0,0.0,0.0,0.0,0.0,0.0,0.0,0.0,0.0,0.0,0.0,0.0,0.0,0.0,0.0,0.0,0.0,0.0,0.0,0.0,0.0,0.0,0.0,0.0,0.0,0.0,0.0,0.0,0.0,0.0,0.0,0.0,0.0,0.0,0.0,0.0,0.0,0.0,0.0
3738,0.0,0.0,0.0,0.0,0.0,0.0,0.0,0.0,0.0,0.0,0.0,0.0,0.0,0.0,0.0,0.0,0.0,0.0,0.0,0.0,0.0,0.0,0.0,0.0,0.0,0.0,0.0,0.0,0.0,0.0,0.0,0.0,0.0,0.0,0.0,0.0,0.0,0.0,0.0,0.0,0.0,0.0,0.0,0.0,0.0,0.0,0.0,0.0,0.0,0.0,0.0,0.0,0.0,0.0,0.0,0.0,0.0,0.0,0.0,0.0,0.0,0.0,0.0,0.0,0.0,0.0,0.0,0.0,0.0,0.0,0.0,0.0,0.0,0.0,0.0,0.0,0.0,0.0,0.0,0.0,0.0,0.0,0.0,0.0,0.0,0.0,0.0,0.0,0.0,0.0,0.0,0.0,0.0,0.0,0.0,0.0,0.0,0.0,0.0,0.0,0.0,0.0,0.0,0.0,0.0,0.0,0.0,0.0,0.0,0.0,0.0,0.0,0.0,0.0,0.0,0.0,0.0,0.0,0.0,0.0,0.0,0.0,0.0,0.0,0.0,0.0,0.0,0.0
3739,0.4884229302406311,0.3643747568130493,0.226232960820198,0.4838045239448547,0.1720289587974548,0.4613816738128662,0.5386325716972351,0.1483247727155685,0.3304418623447418,0.2953638434410095,0.4396255016326904,0.2415192276239395,0.2630590796470642,0.2008846700191497,0.3653162121772766,0.4750747382640838,0.5451958179473877,0.390824556350708,0.1959623098373413,0.3294893205165863,0.3807737231254577,0.4005265831947326,0.3764553368091583,0.1781305819749832,0.2252717316150665,0.3636886477470398,0.2403098195791244,0.2199877798557281,0.24370738863945,0.4542854726314544,0.4736628830432892,0.4005672037601471,0.4008585214614868,0.2332052141427993,0.283361405134201,0.2949116826057434,0.2336864024400711,0.3156306743621826,0.3619258403778076,0.2868656814098358,0.2634992003440857,0.2950527369976043,0.4786732494831085,0.2785288691520691,0.4857739210128784,0.3066500425338745,0.372829407453537,0.4282630085945129,0.5464670658111572,0.2787268161773681,0.5035315155982971,0.353847861289978,0.251149445772171,0.3797991871833801,0.2307678163051605,0.391302078962326,0.2918781340122223,0.5431065559387207,0.479670763015747,0.2308748513460159,0.2684041857719421,0.3834820985794067,0.302806556224823,0.371535986661911,0.4790821969509125,0.2125535160303115,0.2949913442134857,0.326891154050827,0.3762976229190826,0.479387879371643,0.3443423211574554,0.3917620480060577,0.1963526457548141,0.6587583422660828,0.5014481544494629,0.5289395451545715,0.3686103224754333,0.260780930519104,0.1882836520671844,0.2892981767654419,0.1752495616674423,0.2669664025306701,0.3299101889133453,0.464625597000122,0.3778924345970154,0.2061794102191925,0.3513607382774353,0.2828906178474426,0.1664449721574783,0.4688465297222137,0.5677754878997803,0.3090788722038269,0.333146721124649,0.281870424747467,0.2539781630039215,0.3976263403892517,0.5456563234329224,0.4758351743221283,0.3286042213439941,0.3610678911209106,0.2872044146060943,0.3403995931148529,0.3320354521274566,0.5320934057235718,0.4461756646633148,0.5229564905166626,0.3189297914505005,0.2714970707893371,0.2703515589237213,0.4238665997982025,0.3436129987239837,0.3253237009048462,0.2600874304771423,0.3241443037986755,0.2885908782482147,0.3614856302738189,0.4411257207393646,0.3763618171215057,0.3671591281890869,0.6106758117675781,0.2494493573904037,0.3852036893367767,0.3370059430599212,0.3485688269138336,0.5175765156745911,0.4090768694877624,0.309025377035141,0.3348033130168915
3741,0.0,0.0040829582139849,0.0,0.0359172634780406,0.0,0.0380981303751468,0.0086055500432848,0.0,0.0,0.0,0.0,0.0,0.0145019050687551,0.0,0.0457247495651245,0.0,0.0,0.0,0.0,0.0,0.0512809567153453,0.0220799185335636,0.0384387411177158,0.0,0.0,0.0,0.0076045654714107,0.0,0.0,0.0,0.0301853008568286,0.0,0.0536513030529022,0.0,0.0064745214767754,0.0,0.0,0.0,0.0,0.0,0.0,0.0,0.0299139581620693,0.0,0.017084477469325,0.0623687915503978,0.0,0.0036925000604242,0.0,0.0,0.0,0.0,0.0,0.011670091189444,0.0,0.0288406666368246,0.0,0.0,0.0,0.0109939165413379,0.0,0.0,0.0218195002526044,0.0,0.0,0.0,0.0,0.0,0.0,0.0,0.0,0.0,0.0,0.0,0.0,0.0,0.0,0.0208915006369352,0.0,0.0,0.0,0.0,0.0,0.0043623750098049,0.0,0.0,0.0257876012474298,0.0,0.0,0.0,0.0,0.0090199001133441,0.0,0.0,0.0,0.0164486095309257,0.0,0.0339128710329532,0.0272120013833045,0.0,0.0,0.0,0.0,0.0,0.0,0.0,0.0194533802568912,0.0182348694652318,0.0,0.038648135960102,0.0,0.004053521901369,0.0399903170764446,0.0410792268812656,0.0671160444617271,0.0,0.0,0.0097668338567018,0.0,0.0,0.0,0.0,0.0,0.0,0.0408292599022388,0.0,0.0,0.0
3742,0.0,0.0345809087157249,0.0,0.0,0.035012848675251,0.0,0.0,0.0496868453919887,0.0,0.0841225832700729,0.0,0.0135013991966843,0.0,0.0,0.0,0.0,0.0537952333688735,0.1451429277658462,0.0567256174981594,0.1583463549613952,0.0,0.0,0.1048867404460907,0.0,0.0,0.0543320849537849,0.0,0.0,0.1049848422408104,0.0,0.1543638855218887,0.1220786646008491,0.0,0.0,0.068700797855854,0.082154132425785,0.0978972166776657,0.0,0.0957225561141967,0.0,0.0,0.0,0.0,0.0805060714483261,0.0335480384528636,0.0,0.1049965843558311,0.0,0.1214309483766555,0.0,0.1073315143585205,0.0356449633836746,0.0718326568603515,0.0,0.0544954352080822,0.0,0.1271366626024246,0.0,0.0812358185648918,0.0278471019119024,0.0,0.0,0.0939391106367111,0.0,0.1054030731320381,0.0235245712101459,0.0931431353092193,0.0,0.0,0.125974640250206,0.0,0.0,0.0,0.0,0.1499290913343429,0.0,0.0891593396663665,0.0480477735400199,0.0,0.0,0.0,0.1610219180583953,0.1007718592882156,0.1206581220030784,0.1478999108076095,0.0,0.1410191357135772,0.0578591413795948,0.0,0.0707413628697395,0.0,0.0320020578801631,0.125537022948265,0.0839257314801216,0.0912324637174606,0.1181564703583717,0.0,0.1058942079544067,0.0,0.0,0.0711138769984245,0.0,0.0,0.1112482994794845,0.1796418279409408,0.0,0.0,0.0,0.0,0.0810403004288673,0.0,0.0281666796654462,0.0,0.0,0.0,0.0,0.0702758878469467,0.0,0.0429122075438499,0.0,0.1485809534788131,0.0810836777091026,0.0807816088199615,0.0,0.0920544490218162,0.0899261832237243,0.0,0.0
3748,0.0,0.0,0.0,0.0,0.0,0.0,0.0,0.0,0.0,0.0,0.0,0.0,0.0,0.0,0.0,0.0,0.0,0.0,0.0,0.0,0.0,0.0,0.0,0.0,0.0,0.0,0.0,0.0,0.0,0.0,0.0,0.0,0.0,0.0,0.0,0.0,0.0,0.0,0.0,0.0,0.0,0.0,0.0,0.0,0.0,0.0,0.0,0.0,0.0,0.0,0.0,0.0,0.0,0.0,0.0,0.0,0.0,0.0,0.0,0.0,0.0,0.0,0.0,0.0,0.0,0.0,0.0,0.0,0.0,0.0,0.0,0.0,0.0,0.0,0.0,0.0,0.0,0.0,0.0,0.0,0.0,0.0,0.0,0.0,0.0,0.0,0.0,0.0,0.0,0.0,0.0,0.0,0.0,0.0,0.0,0.0,0.0,0.0,0.0,0.0,0.0,0.0,0.0,0.0,0.0,0.0,0.0,0.0,0.0,0.0,0.0,0.0,0.0,0.0,0.0,0.0,0.0,0.0,0.0,0.0,0.0,0.0,0.0,0.0,0.0,0.0,0.0,0.0
3749,0.0312887728214263,0.0,0.0,0.0,0.0,0.0,0.0,0.0,0.0,0.0,0.0,0.0,0.0,0.0,0.0,0.0102975238114595,0.0,0.0,0.0,0.0,0.0216343160718679,0.0,0.0,0.0,0.0,0.0,0.0,0.0,0.0,0.0,0.0,0.0,0.0,0.0,0.0,0.0,0.0,0.0,0.0,0.0,0.0,0.0,0.0,0.0081151742488145,0.0,0.0,0.0,0.0,0.0,0.0,0.0,0.0,0.0,0.0,0.0,0.0,0.0,0.0,0.0,0.0,0.0,0.0,0.0,0.0,0.0,0.0,0.0,0.0,0.0,0.0,0.0,0.0,0.0,0.0,0.0,0.0,0.0,0.0197814740240573,0.0,0.0,0.0,0.0,0.0,0.0,0.0,0.0,0.0,0.0,0.0,0.0,0.0,0.0,0.0,0.0,0.0,0.0,0.0,0.0,0.0,0.0,0.0,0.0063042500987648,0.0,0.0,0.0,0.0,0.0,0.0,0.0,0.0,0.0,0.0,0.0,0.0,0.0,0.0,0.0,0.0,0.0,0.0135062998160719,0.0,0.0,0.0,0.0,0.0,0.0,0.0,0.0
3755,0.0,0.061995793133974,0.0,0.0,0.0496327467262744,0.1248279809951782,0.0,0.0,0.0,0.0827522650361061,0.0072670397348701,0.0224902853369712,0.0898947417736053,0.1170807555317878,0.0719058513641357,0.0896795764565467,0.0564881414175033,0.0776621103286743,0.0,0.0,0.0,0.0274330396205186,0.0,0.0803396478295326,0.0,0.0,0.0649785622954368,0.025443872436881,0.0,0.1626861244440078,0.1257826536893844,0.0,0.0664735361933708,0.0,0.2299717962741851,0.0776049569249153,0.0,0.0512895584106445,0.0,0.1238564103841781,0.0649238750338554,0.0,0.1335498392581939,0.0,0.0,0.0495112314820289,0.1449171900749206,0.0638792514801025,0.0986462607979774,0.0,0.0,0.013315956108272,0.0,0.0,0.0,0.0737239122390747,0.0,0.0,0.1044767126441001,0.0341246798634529,0.0665501356124877,0.0,0.0,0.0,0.0,0.0641611814498901,0.0317473374307155,0.0777533277869224,0.1015485227108001,0.0,0.0,0.1427901983261108,0.0820555090904235,0.0960221737623214,0.0,0.1139407604932785,0.0,0.0,0.0650402531027793,0.0,0.092409461736679,0.0,0.0525415614247322,0.0,0.0,0.0,0.0914170891046524,0.1720984429121017,0.2028045654296875,0.0,0.0621700994670391,0.0,0.0,0.0574354864656925,0.0,0.1259394735097885,0.0,0.0,0.0912679880857467,0.0,0.0579633712768554,0.0,0.1838079839944839,0.0,0.0922651290893554,0.0393278151750564,0.0,0.1396791636943817,0.0,0.0241008941084146,0.1227326840162277,0.0669547393918037,0.0,0.0,0.1695620566606521,0.0746797919273376,0.0740237534046173,0.0247266869992017,0.0,0.0,0.0,0.0,0.0824793428182601,0.0,0.0,0.1230620741844177,0.0,0.0
3756,0.0,0.0,0.0,0.0,0.0,0.0,0.0,0.0,0.0,0.0,0.0,0.0,0.0,0.0,0.0,0.0,0.0,0.0,0.0,0.0,0.0,0.0,0.0,0.0,0.0,0.0,0.0,0.0,0.0,0.0,0.0,0.0,0.0,0.0,0.0,0.0,0.0,0.0,0.0,0.0,0.0,0.0,0.0,0.0,0.0,0.0,0.0,0.0,0.0,0.0,0.0,0.0,0.0,0.0,0.0,0.0,0.0,0.0,0.0,0.0,0.0,0.0,0.0,0.0,0.0,0.0,0.0,0.0,0.0,0.0,0.0,0.0,0.0,0.0,0.0,0.0,0.0,0.0,0.0,0.0,0.0,0.0,0.0,0.0,0.0,0.0,0.0,0.0,0.0,0.0,0.0,0.0,0.0,0.0,0.0,0.0,0.0,0.0,0.0,0.0,0.0,0.0,0.0,0.0,0.0,0.0,0.0,0.0,0.0,0.0,0.0,0.0,0.0,0.0,0.0,0.0,0.0,0.0,0.0,0.0,0.0,0.0,0.0,0.0,0.0,0.0,0.0,0.0
3759,0.0,0.0,0.0,0.0,0.0,0.0,0.0,0.0,0.0,0.0,0.0,0.0,0.0,0.0,0.0,0.0,0.0,0.0,0.0,0.0,0.0,0.0,0.0,0.0,0.0,0.0,0.0,0.0,0.0,0.0,0.0,0.0,0.0,0.0,0.0,0.0,0.0,0.0,0.0,0.0,0.0,0.0,0.0,0.0,0.0,0.0,0.0,0.0,0.0,0.0,0.0,0.0,0.0,0.0,0.0,0.0,0.0,0.0,0.0,0.0,0.0,0.0,0.0,0.0,0.0,0.0,0.0,0.0,0.0,0.0,0.0,0.0,0.0,0.0,0.0,0.0,0.0,0.0,0.0,0.0,0.0,0.0,0.0,0.0,0.0,0.0,0.0,0.0,0.0,0.0,0.0,0.0,0.0,0.0,0.0,0.0,0.0,0.0,0.0,0.0,0.0,0.0,0.0,0.0,0.0,0.0,0.0,0.0,0.0,0.0,0.0,0.0,0.0,0.0,0.0,0.0,0.0,0.0,0.0,0.0,0.0,0.0,0.0,0.0,0.0,0.0,0.0,0.0
3763,0.0,0.0,0.0,0.0,0.0,0.0,0.0,0.0,0.0,0.0,0.0,0.0,0.0,0.0,0.0,0.0,0.0,0.0,0.0,0.0,0.0,0.0,0.0,0.0,0.0,0.0,0.0,0.0,0.0,0.0,0.0,0.0,0.0,0.0,0.0,0.0,0.0,0.0,0.0,0.0,0.0,0.0,0.0,0.0,0.0,0.0,0.0,0.0,0.0,0.0,0.0,0.0,0.0,0.0,0.0,0.0,0.0,0.0,0.0,0.0,0.0,0.0,0.0,0.0,0.0,0.0,0.0,0.0,0.0,0.0,0.0,0.0,0.0,0.0,0.0,0.0,0.0,0.0,0.0,0.0,0.0,0.0,0.0,0.0,0.0,0.0,0.0,0.0,0.0,0.0,0.0,0.0,0.0,0.0,0.0,0.0,0.0,0.0,0.0,0.0,0.0,0.0,0.0,0.0,0.0,0.0,0.0,0.0,0.0,0.0,0.0,0.0,0.0,0.0,0.0,0.0,0.0,0.0,0.0,0.0,0.0,0.0,0.0,0.0,0.0,0.0,0.0,0.0
3765,0.0714402347803115,0.0,0.0,0.0,0.0,0.1121932044625282,0.0,0.0,0.0891809985041618,0.0,0.065854862332344,0.0,0.1319601833820343,0.0,0.1020670235157013,0.2218788266181945,0.0918018519878387,0.2032392472028732,0.0,0.0,0.2224381417036056,0.0,0.0,0.1512239426374435,0.1323674619197845,0.0,0.1121034622192382,0.0,0.0,0.0,0.2100785672664642,0.1840584278106689,0.0,0.2003267556428909,0.1755624711513519,0.0,0.0,0.1019844338297844,0.1506627053022384,0.0,0.1191186383366584,0.1934799253940582,0.2022964209318161,0.0812652856111526,0.058307196944952,0.0,0.1318632811307907,0.0656795799732208,0.2500687539577484,0.0713357850909233,0.0,0.0,0.0864677429199218,0.0,0.0,0.0,0.0,0.0,0.1589269638061523,0.0,0.1046023815870285,0.0,0.0875271782279014,0.2041786015033722,0.1748379021883011,0.0971173271536827,0.216337502002716,0.0475096441805362,0.1180349066853523,0.0911227986216545,0.1244987249374389,0.0,0.195511981844902,0.0,0.0,0.0442244671285152,0.2570856213569641,0.1240222081542015,0.0,0.1271750777959823,0.0632462725043296,0.2793388068675995,0.1295205503702163,0.0,0.1397795528173446,0.0,0.1183148920536041,0.0,0.0,0.1061034500598907,0.0,0.0,0.0,0.1686134487390518,0.0,0.1925822049379348,0.1618749052286148,0.0,0.0,0.2608256340026855,0.2793047130107879,0.1385163962841034,0.0,0.0831144452095031,0.1166309490799903,0.0,0.0870240405201911,0.0,0.0,0.0,0.0,0.157570332288742,0.2623741030693054,0.0,0.0,0.142996996641159,0.1796274930238723,0.2480452805757522,0.1581686735153198,0.2648719847202301,0.1353726387023925,0.0,0.0,0.0,0.1792755872011184,0.0,0.1211887747049331,0.0
3767,0.0,0.0,0.0,0.0,0.0,0.0,0.0,0.0,0.0,0.0,0.0,0.0,0.0,0.0,0.0,0.0,0.0,0.0,0.0,0.0,0.0,0.0,0.0,0.0,0.0,0.0,0.0,0.0,0.0,0.0,0.0,0.0,0.0,0.0,0.0,0.0,0.0,0.0,0.0,0.0,0.0,0.0,0.0,0.0,0.0,0.0,0.0,0.0,0.0,0.0,0.0,0.0,0.0,0.0,0.0,0.0,0.0,0.0,0.0,0.0,0.0,0.0,0.0,0.0,0.0,0.0,0.0,0.0,0.0,0.0,0.0,0.0,0.0,0.0,0.0,0.0,0.0,0.0,0.0,0.0,0.0,0.0,0.0,0.0,0.0,0.0,0.0,0.0,0.0,0.0,0.0,0.0,0.0,0.0,0.0,0.0,0.0,0.0,0.0,0.0,0.0,0.0,0.0,0.0,0.0,0.0,0.0,0.0,0.0,0.0,0.0,0.0,0.0,0.0,0.0,0.0,0.0,0.0,0.0,0.0,0.0,0.0,0.0,0.0,0.0,0.0,0.0,0.0
3769,0.0,0.0,0.0,0.0,0.0,0.0,0.0,0.0,0.0,0.0,0.0,0.0,0.0,0.0,0.0,0.0,0.0,0.0,0.0,0.0,0.0,0.0,0.0,0.0,0.0,0.0,0.0,0.0,0.0,0.0,0.0,0.0,0.0,0.0,0.0,0.0,0.0,0.0,0.0,0.0,0.0,0.0,0.0,0.0,0.0,0.0,0.0,0.0,0.0,0.0,0.0,0.0,0.0,0.0,0.0,0.0,0.0,0.0,0.0,0.0,0.0,0.0,0.0,0.0,0.0,0.0,0.0,0.0,0.0,0.0,0.0,0.0,0.0,0.0,0.0,0.0,0.0,0.0,0.0,0.0,0.0,0.0,0.0,0.0,0.0,0.0,0.0,0.0,0.0,0.0,0.0,0.0,0.0,0.0,0.0,0.0,0.0,0.0,0.0,0.0,0.0,0.0,0.0,0.0,0.0,0.0,0.0,0.0,0.0,0.0,0.0,0.0,0.0,0.0,0.0,0.0,0.0,0.0,0.0,0.0,0.0,0.0,0.0,0.0,0.0,0.0,0.0,0.0
3772,0.0,0.0,0.0,0.0,0.0,0.0,0.0,0.0,0.0,0.0,0.0,0.0,0.0,0.0,0.0,0.0,0.0,0.0,0.0,0.0,0.0,0.0,0.0,0.0,0.0,0.0,0.0,0.0,0.0,0.0,0.0,0.0,0.0,0.0,0.0,0.0,0.0,0.0,0.0,0.0,0.0,0.0,0.0,0.0,0.0129949999973177,0.0,0.0,0.0,0.0,0.0,0.0,0.0,0.0,0.0,0.0,0.0,0.0,0.0,0.0,0.0,0.0154232000932097,0.0,0.0,0.0,0.0,0.0,0.0,0.0,0.0,0.0,0.0,0.0,0.0,0.0,0.0,0.0,0.0,0.0,0.0,0.0,0.0,0.0,0.0,0.0,0.0,0.0,0.0,0.011612000875175,0.0,0.0,0.0,0.0180300008505582,0.0,0.0,0.0,0.0,0.0,0.0,0.0,0.0683559998869896,0.0,0.0,0.0,0.0,0.0,0.0,0.0,0.0,0.0,0.0,0.0,0.0,0.0,0.0,0.0,0.0,0.0,0.0,0.0,0.0,0.0,0.0,0.0,0.0,0.0,0.0171033330261707,0.0,0.0
3774,0.0959486961364746,0.0196603257209062,0.0750760063529014,0.0607768110930919,0.0,0.0539088808000087,0.0535154342651367,0.0,0.0,0.0,0.0512176267802715,0.0,0.0328044332563877,0.1322022378444671,0.0768317431211471,0.0,0.1083468720316886,0.0,0.0234478861093521,0.0,0.0258075781166553,0.111093632876873,0.0,0.0990533977746963,0.0496805198490619,0.0,0.0616402998566627,0.0,0.0,0.0,0.0,0.0,0.0,0.0,0.0,0.0,0.0,0.0542734339833259,0.0,0.0519693531095981,0.0244410019367933,0.0373115316033363,0.0989808067679405,0.092400312423706,0.0,0.0,0.0,0.0,0.0,0.0,0.0438500568270683,0.0,0.0,0.0,0.0,0.0,0.0,0.0899980366230011,0.0,0.0,0.0,0.0,0.0,0.0,0.0829316526651382,0.0,0.0,0.0,0.0505028180778026,0.0413213446736335,0.0,0.0337726771831512,0.0,0.0,0.061062965542078,0.0,0.05810571834445,0.1384273022413253,0.052423357963562,0.0267255213111639,0.0303221102803945,0.0,0.0,0.0735170766711235,0.0,0.0385610796511173,0.0,0.062901958823204,0.0682602450251579,0.0454659052193164,0.0507603287696838,0.0,0.0,0.0,0.0502666682004928,0.0772028937935829,0.0624009259045124,0.0,0.0,0.0,0.0799943953752517,0.0,0.1074014529585838,0.0754451602697372,0.0442656613886356,0.0438823364675045,0.1020158603787422,0.0196439139544963,0.0,0.0,0.0,0.0,0.0871000736951828,0.0,0.0,0.0618363283574581,0.0,0.0,0.0,0.0,0.0,0.0317127965390682,0.0698952749371528,0.0098407315090298,0.0,0.0,0.0,0.0394656546413898
3777,0.0,0.0,0.0,0.0,0.0,0.0,0.0,0.0,0.0,0.0,0.0,0.0,0.0,0.0,0.0,0.0,0.0,0.0,0.0,0.0,0.0,0.0,0.0,0.0,0.0,0.0,0.0,0.0,0.0,0.0,0.0,0.0,0.0,0.0,0.0,0.0,0.0,0.0,0.0,0.0,0.0,0.0,0.0,0.0,0.0,0.0,0.0,0.0,0.0,0.0,0.0,0.0,0.0,0.0,0.0,0.0,0.0,0.0,0.0,0.0,0.0,0.0,0.0,0.0,0.0,0.0,0.0,0.0,0.0,0.0,0.0,0.0,0.0,0.0,0.0,0.0,0.0,0.0,0.0,0.0,0.0,0.0,0.0,0.0,0.0,0.0,0.0,0.0,0.0,0.0,0.0,0.0,0.0,0.0,0.0,0.0,0.0,0.0,0.0,0.0,0.0,0.0,0.0,0.0,0.0,0.0,0.0,0.0,0.0,0.0,0.0,0.0,0.0,0.0,0.0,0.0,0.0,0.0,0.0,0.0,0.0,0.0,0.0,0.0,0.0,0.0,0.0,0.0
3778,0.0,0.0,0.0,0.0,0.0,0.0,0.0,0.0,0.0,0.0,0.0,0.0,0.0,0.0,0.0,0.0,0.0,0.0,0.0,0.0,0.0,0.0,0.0,0.0,0.0,0.0,0.0,0.0,0.0,0.0,0.0,0.0,0.9815919995307922,0.0,0.0,0.0,0.0,0.0,0.0,0.0,0.0,0.0,0.0,0.0,0.0,0.0,0.0,0.0,0.0,0.0,0.0,0.0,0.0,0.0,0.0,0.0,0.0,0.0,0.0,0.0,0.0,0.0,0.0,0.0,0.0,0.0,0.0,0.0,0.0,0.0,0.0,0.0,0.0,0.0,0.0,0.0,0.0,0.0,0.0,0.0,0.0,0.0,0.0,0.0,0.0,0.0,0.0,0.0,0.0,0.0,0.0,0.0,0.176823005080223,0.0,0.0,0.0,0.0,0.0,0.0,0.0,0.0,0.0,0.0,0.0,0.0,0.0,0.0,0.0,0.0,0.0,0.0,0.0,0.0,0.0,0.0,0.0,0.0,0.0,0.0,0.0,0.0,0.0,0.0,0.0,0.0,0.0,0.0,0.0
3779,0.0,0.0,0.0,0.0,0.0,0.0,0.0,0.0,0.0,0.0,0.0,0.0,0.0,0.0,0.0,0.0,0.0,0.0,0.0,0.0,0.0,0.0,0.0,0.0,0.0,0.0,0.0,0.0,0.0,0.0,0.0,0.0,0.0,0.0,0.0,0.0,0.0,0.0,0.0,0.0,0.0,0.0,0.0,0.0,0.0,0.0,0.0,0.0,0.0,0.0,0.0,0.0,0.0,0.0,0.0,0.0,0.0,0.0,0.0,0.0,0.0,0.0,0.0,0.0,0.0,0.0,0.0,0.0,0.0,0.0,0.0,0.0,0.0,0.0,0.0,0.0,0.0,0.0,0.0,0.0,0.0,0.0,0.0,0.0,0.0,0.0,0.0,0.0,0.0,0.0,0.0,0.0,0.0,0.0,0.0,0.0,0.0,0.0,0.0,0.0,0.0,0.0,0.0,0.0,0.0,0.0,0.0,0.0,0.0,0.0,0.0,0.0,0.0,0.0,0.0,0.0,0.0,0.0,0.0,0.0,0.0,0.0,0.0,0.0,0.0,0.0,0.0,0.0
3784,0.0,0.0,0.0,0.0,0.0,0.0,0.0,0.0,0.0,0.0,0.0,0.0,0.0,0.0,0.0,0.0,0.0,0.0,0.0,0.0,0.0,0.0,0.0,0.0,0.0,0.0,0.0,0.0,0.0,0.0,0.0,0.0,0.0,0.0,0.0,0.0,0.0,0.0,0.0,0.0,0.0,0.0,0.0,0.0,0.0,0.0,0.0,0.0,0.0,0.0,0.0,0.0,0.0,0.0,0.0,0.0,0.0,0.0,0.0,0.0,0.0,0.0,0.0,0.0,0.0,0.0,0.0,0.0,0.0,0.0,0.0,0.0,0.0,0.0,0.0,0.0,0.0,0.0,0.0,0.0,0.0,0.0,0.0,0.0,0.0,0.0,0.0,0.0,0.0,0.0,0.0,0.0,0.0,0.0,0.0,0.0,0.0,0.0,0.0,0.0,0.0,0.0,0.0,0.0,0.0,0.0,0.0,0.0,0.0,0.0,0.0,0.0,0.0,0.0,0.0,0.0,0.0,0.0,0.0,0.0,0.0,0.0,0.0,0.0,0.0,0.0,0.0,0.0
3787,0.0,0.0,0.0,0.1270018070936203,0.1181147098541259,0.1580966264009475,0.1085256859660148,0.0,0.1907235085964203,0.0,0.2463101148605346,0.0,0.1338251531124115,0.2334794998168945,0.1413334608078003,0.1492649912834167,0.2456277906894683,0.2540776431560516,0.0,0.0,0.2442499697208404,0.1295711249113083,0.0,0.3382605910301208,0.1118909418582916,0.162878006696701,0.148267313838005,0.0,0.0,0.1475919336080551,0.0,0.309780865907669,0.0,0.0,0.0,0.1959892511367797,0.0,0.2257290631532669,0.0,0.1638467460870742,0.0,0.2277066111564636,0.0,0.0,0.0,0.0855692699551582,0.31912362575531,0.0954125449061393,0.228672444820404,0.1952148675918579,0.0,0.1882789880037307,0.1039891988039016,0.2362668514251709,0.278381198644638,0.1297390908002853,0.1350893825292587,0.0,0.0,0.0949995815753936,0.0,0.0,0.3464671671390533,0.0848292186856269,0.235641673207283,0.0,0.0,0.1758702546358108,0.0,0.1932642459869384,0.2681435644626617,0.2136215418577194,0.2401349991559982,0.0,0.0,0.0,0.0,0.0,0.2006869912147522,0.0,0.1799145340919494,0.0,0.3219069540500641,0.0,0.0,0.0824622437357902,0.2039548754692077,0.2998414635658264,0.0928132608532905,0.0,0.1884906589984893,0.0,0.1710720807313919,0.0,0.235971063375473,0.2523218989372253,0.1890463978052139,0.2733169794082641,0.0,0.1403790414333343,0.0,0.0,0.1898076087236404,0.1307649761438369,0.3689694702625274,0.1190193444490432,0.1631246209144592,0.0,0.0,0.0,0.0,0.2307660728693008,0.2700066268444061,0.0,0.193837970495224,0.0,0.1982857584953308,0.0,0.0,0.3548336029052734,0.0,0.0,0.0,0.1400484442710876,0.132885068655014,0.0,0.0,0.2329415678977966
3789,0.0,0.0,0.0,0.0,0.0,0.0,0.0,0.0,0.1197362542152404,0.0,0.0,0.0,0.0,0.0,0.0,0.0,0.0,0.0,0.2042910158634185,0.0,0.0,0.0,0.0172892492264509,0.0382353998720645,0.0,0.0,0.0,0.0,0.0,0.0,0.0,0.0,0.0,0.0,0.0,0.0,0.0,0.0,0.0,0.0463555008172988,0.0,0.0,0.0,0.0,0.1019847467541694,0.0,0.0179032497107982,0.0245766006410121,0.0,0.0,0.0,0.0,0.0,0.0,0.0,0.0,0.0,0.0,0.0,0.0,0.0,0.0,0.0,0.0,0.0,0.0,0.0,0.0214813333004713,0.0,0.0,0.0,0.2815202474594116,0.0382734015583992,0.0,0.0,0.0,0.0,0.0,0.0,0.0,0.2148233354091644,0.0,0.0,0.0,0.1645246744155883,0.0,0.0,0.0,0.0,0.0,0.0,0.0,0.0,0.0,0.136476993560791,0.0,0.0,0.0,0.0,0.0,0.030621500685811,0.0,0.0,0.1811467558145523,0.0,0.0,0.0,0.0,0.0,0.0,0.0,0.0,0.0,0.0,0.0,0.0,0.0,0.0654474943876266,0.0,0.0,0.0,0.0,0.0,0.0,0.010934667661786,0.0,0.0,0.0
3793,0.0,0.0,0.0,0.0,0.0,0.0,0.0,0.0,0.0,0.0,0.0,0.0,0.0,0.0,0.0,0.0,0.0,0.2486843317747116,0.0,0.0,0.0,0.0,0.1208483427762985,0.0,0.0,0.0,0.0,0.0,0.0,0.0,0.1720103472471237,0.0,0.0,0.0,0.033214334398508,0.1791020035743713,0.0,0.1491186618804931,0.2344646751880645,0.0,0.0,0.0,0.0,0.2333423346281051,0.242656335234642,0.0,0.0,0.0,0.0,0.0,0.0533907487988472,0.0913065001368522,0.0,0.0802872478961944,0.158633679151535,0.0,0.1844943463802337,0.0973640009760856,0.4013883471488952,0.0409166663885116,0.0,0.0,0.7616620063781738,0.0,0.0,0.0,0.0,0.0,0.0,0.1327016651630401,0.0,0.0175572503358125,0.0,0.0394112505018711,0.0218943338841199,0.0472007505595684,0.0,0.2098446786403656,0.767412006855011,0.2340920120477676,0.0,0.0,0.0,0.0,0.0,0.0,0.0,0.0770260021090507,0.0,0.0,0.0,0.0,0.0,0.0,0.1518336683511734,0.0201213341206312,0.0,0.2200067490339279,0.0,0.0,0.5780276656150818,0.0,0.1909689903259277,0.39130699634552,0.0,0.072427250444889,0.0,0.0,0.0548090003430843,0.0,0.1795930117368698,0.2638187408447265,0.0,0.0,0.0,0.0233325008302927,0.1166992485523223,0.0,0.0,0.0,0.0,0.0,0.0,0.0,0.0,0.0,0.6281459927558899,0.0
3794,0.0,0.0,0.0,0.0,0.0,0.0,0.0,0.0,0.0,0.0,0.0,0.0,0.0,0.0,0.0,0.0,0.0,0.0,0.0,0.0233433488756418,0.0,0.0,0.0,0.0,0.0,0.0203568879514932,0.0,0.0217445157468318,0.0,0.0,0.0,0.0,0.0,0.0,0.0,0.0,0.0,0.0,0.0,0.0,0.0,0.0,0.0,0.0,0.0,0.0,0.0,0.0,0.0,0.0,0.1232217699289321,0.0,0.0,0.0,0.0,0.0,0.0,0.0,0.0,0.0,0.0,0.0,0.0,0.0,0.0,0.0,0.0,0.0,0.0,0.0,0.0,0.0,0.0,0.0,0.0,0.0,0.0,0.0,0.0,0.0,0.0,0.0,0.0,0.0,0.0,0.0,0.0,0.0,0.0,0.0,0.0,0.0,0.0,0.0,0.0,0.0,0.0,0.0,0.0,0.0,0.0,0.0,0.0,0.0,0.0,0.0,0.0,0.0,0.0,0.0,0.0,0.0,0.0,0.0,0.0,0.0,0.0,0.0,0.0,0.0,0.0,0.1076129227876663,0.0,0.0,0.0,0.0,0.0,0.0
3798,0.0,0.0305745005607604,0.0,0.0,0.0,0.1892888396978378,0.0,0.0,0.1750965118408203,0.2300311625003814,0.0146476253867149,0.1266586780548095,0.4031988382339477,0.0690869987010955,0.0307077169418334,0.0106195714324712,0.2239361256361007,0.341068685054779,0.0,0.3710203170776367,0.4546692371368408,0.2466883361339569,0.353043794631958,0.0138214007019996,0.0570883676409721,0.246068000793457,0.4272226989269256,0.0967302471399307,0.080134205520153,0.5930962562561035,0.0,0.0,0.1121030002832412,0.308388739824295,0.0,0.8676654100418091,0.1527431309223175,0.2318774461746215,0.7625744342803955,0.6391143202781677,0.3080508708953857,0.0,0.0194623339921236,0.0265311673283576,0.0373294577002525,0.2636235654354095,0.0074883261695504,0.2270250022411346,0.0,0.2901027500629425,0.1258054971694946,0.820084810256958,0.2308235466480255,0.0,0.0,0.0133663332089781,0.0754780024290084,0.1664200723171234,0.3371891677379608,0.2460380047559738,0.0891771987080574,0.0,0.1965106278657913,0.0657804980874061,0.1314830034971237,0.2854153513908386,0.0,0.1623156666755676,0.2028026580810547,0.0,0.1116101443767547,0.0,0.0,0.373127281665802,0.4495137631893158,0.0468113981187343,0.0767531991004943,0.0347644016146659,0.6175253987312317,0.5462791323661804,0.179132729768753,0.7095170617103577,0.152886152267456,0.2839328944683075,0.0,0.0,0.0308865923434495,0.0,0.0,0.0798748359084129,0.1986611634492874,0.3704245686531067,0.0,0.1915948390960693,0.0219758339226245,0.2858056426048279,0.0632862523198127,0.4672586023807525,0.1821338832378387,0.2795360088348388,0.0,0.7141115665435791,0.2662837505340576,0.5396238565444946,0.0792244002223014,0.3260047137737274,0.3261320292949676,0.0541734993457794,0.1063027456402778,0.4470910131931305,0.1501515507698059,0.2783920168876648,0.0675980001688003,0.0,0.0,0.0192637704312801,0.333151638507843,0.2121462970972061,0.0129037145525217,0.0955830067396164,0.0267992001026868,0.0,0.1033142879605293,0.0921081528067588,0.0166772492229938,0.2474291026592254,0.0,0.1905834823846817
3800,0.5013032555580139,0.5124282836914062,0.6489685773849487,0.1712837964296341,0.3529537916183471,0.4043548703193664,0.486343115568161,0.301698625087738,0.2587335109710693,0.4346562922000885,0.3997343480587005,0.3633305430412292,0.0,0.4048067331314087,0.3100462257862091,0.1699259281158447,0.5641186833381653,0.3017430603504181,0.5345066785812378,0.2371367067098617,0.3936358690261841,0.5902263522148132,0.1430016309022903,0.4968038499355316,0.52056884765625,0.5497516393661499,0.4897280037403106,0.70744788646698,0.8232375383377075,0.3419548869132995,0.5956746935844421,0.5245702266693115,0.2906118631362915,0.4721425473690033,0.3281520903110504,0.5004715919494629,0.2824410796165466,0.8060628771781921,0.688260018825531,0.5764418840408325,0.1634342521429062,0.4229674041271209,0.4951520264148712,0.3830443918704986,0.6919567584991455,0.3399162590503692,0.1793454140424728,0.7755821943283081,0.2877222597599029,0.6729499697685242,0.2050673216581344,0.3706503808498382,0.4591805338859558,0.0886834189295768,0.1742948591709137,0.5188065767288208,0.2400786280632019,0.6851025223731995,0.6573225259780884,0.5464057326316833,0.4930509328842163,0.460608422756195,0.3253452479839325,0.1888388693332672,0.386135458946228,0.5181686878204346,0.6743130087852478,0.7515254616737366,0.550111711025238,0.3979614078998565,0.5186567902565002,0.2039341926574707,0.4927980303764343,0.0,0.3167081773281097,0.5699209570884705,0.1887629777193069,0.7021204829216003,0.492079496383667,0.0,0.3410348892211914,0.4408191442489624,0.2434863001108169,0.4499079883098602,0.4068528115749359,0.2514184415340423,0.0,0.3672883808612823,0.2692982852458954,0.6106381416320801,0.4124558269977569,0.4603330492973327,0.2335613369941711,0.1506509929895401,0.5954654812812805,0.2082876861095428,0.2016063034534454,0.5973813533782959,0.7405000329017639,0.529536783695221,0.1922014057636261,0.6168506741523743,0.4578413367271423,0.4935066103935241,0.5452668070793152,0.6702597737312317,0.453839898109436,0.2784057855606079,0.5692965388298035,0.4988462924957275,0.4760394394397735,0.7488164305686951,0.3656701445579529,0.5466586351394653,0.4504696428775787,0.5168048739433289,0.0857472792267799,0.4514684379100799,0.732670247554779,0.594741940498352,0.7288298010826111,0.8636533617973328,0.0,0.4982147216796875,0.0,0.69197678565979,0.1899394541978836,0.2734288573265075
3802,0.0,0.0,0.0,0.0,0.0,0.0,0.0,0.0,0.0,0.0,0.0,0.0,0.0,0.0,0.0,0.0,0.0,0.0,0.0,0.0,0.0,0.0,0.0,0.0,0.0,0.0,0.0,0.0,0.0,0.0,0.0,0.0,0.0,0.0,0.0,0.0,0.0,0.0,0.0,0.0,0.0,0.0,0.0,0.0,0.0,0.0,0.0,0.0,0.0,0.0,0.0,0.0,0.0,0.0,0.0,0.0,0.0,0.0,0.0,0.0,0.0,0.0,0.0,0.0,0.0,0.0,0.0,0.0,0.0,0.0,0.0,0.0,0.0,0.0,0.0,0.0,0.0,0.0,0.0,0.0,0.0,0.0,0.0,0.0,0.0,0.0,0.0,0.0,0.0,0.0,0.0,0.0,0.0,0.0,0.0,0.0,0.0,0.0,0.0,0.0,0.0,0.0,0.0,0.0,0.0,0.0,0.0,0.0,0.0,0.0,0.0,0.0,0.0,0.0,0.0,0.0,0.0,0.0,0.0,0.0,0.0,0.0,0.0,0.0,0.0,0.0,0.0,0.0
3804,0.0,0.0,0.0,0.0365376845002174,0.0,0.0431049093604087,0.0,0.0,0.0,0.0,0.0,0.0,0.0,0.0,0.0,0.0,0.0,0.0,0.0,0.0,0.0400861576199531,0.0,0.0,0.0,0.0,0.0,0.0,0.0,0.0,0.0,0.0,0.0,0.0454801060259342,0.0,0.0,0.0,0.0,0.0,0.0,0.0,0.0,0.0,0.0,0.0388780012726783,0.0,0.0,0.0,0.0,0.0,0.0,0.0,0.0,0.0,0.0,0.0048706522211432,0.0,0.0,0.0,0.0090420497581362,0.0,0.0,0.0,0.0,0.0,0.0,0.0,0.0,0.0,0.0,0.0,0.0,0.0,0.0,0.0,0.0,0.0,0.0,0.0,0.0068670003674924,0.0,0.0,0.0,0.0,0.0048931362107396,0.0,0.0,0.0,0.0,0.0,0.0291305240243673,0.0,0.0,0.0,0.0,0.0,0.0,0.0,0.0,0.0571648217737674,0.0,0.0,0.0331439077854156,0.0,0.0,0.0,0.0087037896737456,0.0072655002586543,0.0136001817882061,0.0073535558767616,0.0,0.0,0.0,0.0,0.0,0.0,0.0,0.0,0.0,0.0,0.0,0.0233308430761098,0.0,0.0,0.0,0.033886045217514,0.0,0.0,0.0
3806,0.1204128563404083,0.1585366874933242,0.1418381333351135,0.0,0.0,0.0,0.0472628250718116,0.0456229858100414,0.0,0.0,0.0415283851325511,0.0,0.0,0.1981884092092514,0.0,0.1785004138946533,0.0870066955685615,0.0617223642766475,0.0386466719210147,0.0,0.1189521178603172,0.2377463430166244,0.0,0.0,0.1899008303880691,0.0,0.055273737758398,0.0255885329097509,0.1349753588438034,0.0322723500430583,0.0707451179623603,0.0393611453473567,0.0819486901164054,0.0150754190981388,0.06119354814291,0.0985845252871513,0.0169122759252786,0.0,0.0280466880649328,0.0,0.0295357927680015,0.0327192246913909,0.0,0.145388975739479,0.1744053065776825,0.0891588330268859,0.1133328378200531,0.0261557716876268,0.0,0.0,0.0,0.0041750376112759,0.0425740703940391,0.0745719224214553,0.0956646800041198,0.1263879090547561,0.1086055338382721,0.0517337284982204,0.0,0.0,0.0681840628385543,0.0042447550222277,0.0,0.0697464793920517,0.0051295580342411,0.1101760193705558,0.2005680948495865,0.0280801504850387,0.0845789462327957,0.1202914342284202,0.1922764480113983,0.0457025654613971,0.0,0.0647090598940849,0.0,0.0827201083302497,0.004334804136306,0.130422830581665,0.0,0.0,0.0725857242941856,0.2078662663698196,0.0,0.1775383502244949,0.1782913655042648,0.1004332154989242,0.0,0.0,0.0659016817808151,0.0,0.0374934412539005,0.0830752700567245,0.060311172157526,0.0,0.0,0.226711630821228,0.0,0.0093954810872673,0.0135806547477841,0.0,0.0414380207657814,0.0584882013499736,0.0437398105859756,0.0,0.1909008771181106,0.0,0.0,0.1063666120171547,0.0324123948812484,0.0,0.0256780702620744,0.0994891747832298,0.0,0.0821272581815719,0.075069636106491,0.0329848639667034,0.0,0.0609142370522022,0.0,0.046210765838623,0.0700791701674461,0.052216961979866,0.0,0.0212082751095294,0.1361846476793289,0.2445158809423446,0.0,0.0139069380238652
3807,0.0,0.0,0.0,0.0,0.0,0.0,0.0,0.0,0.0,0.0,0.0,0.0,0.0,0.0,0.0,0.0,0.0,0.0,0.0,0.0,0.0,0.0,0.0,0.0,0.0,0.0,0.0,0.0,0.0,0.0,0.0,0.0,0.0,0.0,0.0,0.0,0.0,0.0,0.0,0.0,0.0,0.0,0.0,0.0,0.0,0.0,0.0,0.0,0.0,0.0,0.0,0.0,0.0,0.0,0.0,0.0,0.0,0.0,0.0,0.0,0.0,0.0,0.0,0.0,0.0,0.0,0.0,0.0,0.0,0.0,0.0,0.0,0.0,0.0,0.0,0.0,0.0,0.0,0.0,0.0,0.0,0.0,0.0,0.0,0.0,0.0,0.0,0.0,0.0,0.0,0.0,0.0,0.0,0.0,0.0,0.0,0.0,0.0,0.0,0.0,0.0,0.0,0.0,0.0,0.0,0.0,0.0,0.0,0.0,0.0,0.0,0.0,0.0,0.0,0.0,0.0,0.0,0.0,0.0,0.0,0.0,0.0,0.0,0.0,0.0,0.0,0.0,0.0
3808,0.0,0.0,0.0,0.0,0.0,0.0,0.0,0.0,0.0,0.0,0.0,0.0,0.0,0.0,0.0,0.0,0.0,0.0,0.0,0.0,0.0,0.0,0.0,0.0,0.0,0.0,0.0,0.0,0.0,0.0,0.0,0.0,0.0,0.0,0.0,0.0,0.0,0.0,0.0,0.0,0.0,0.0,0.0,0.0,0.0,0.0,0.0,0.0,0.0,0.0,0.0,0.0,0.0,0.0,0.0,0.0,0.0,0.0,0.0,0.0,0.0,0.0,0.0,0.0,0.0,0.0,0.0,0.0,0.0,0.0,0.0,0.0,0.0,0.0,0.0,0.0,0.0,0.0,0.0,0.0,0.0,0.0,0.0,0.0,0.0,0.0,0.0,0.0,0.0,0.0,0.0,0.0,0.0,0.0,0.0,0.0,0.0,0.0,0.0,0.0,0.0,0.0,0.0,0.0,0.0,0.0,0.0,0.0,0.0,0.0,0.0,0.0,0.0,0.0,0.0,0.0,0.0,0.0,0.0,0.0,0.0,0.0,0.0,0.0,0.0,0.0,0.0,0.0
3814,0.0,0.0,0.0,0.0,0.0,0.0,0.0,0.0,0.0,0.0,0.0,0.0,0.0,0.0,0.0,0.0,0.0,0.0,0.0,0.0,0.0,0.0,0.0,0.0,0.0,0.0,0.0,0.0,0.0,0.0,0.0,0.0,0.0,0.0,0.0,0.0,0.0,0.0,0.0,0.0,0.0,0.0,0.0,0.0,0.0,0.0,0.0,0.0,0.0,0.0,0.0,0.0,0.0,0.0,0.0,0.0,0.0,0.0,0.0,0.0,0.0,0.0,0.0,0.0,0.0,0.0,0.0,0.0,0.0,0.0,0.0,0.0,0.0,0.0,0.0,0.0,0.0,0.0,0.0,0.0,0.0,0.0,0.0,0.0,0.0,0.0,0.0,0.0,0.0,0.0,0.0,0.0,0.0,0.0,0.0,0.0,0.0,0.0,0.0,0.0,0.0,0.0,0.0,0.0,0.0,0.0,0.0,0.0,0.0,0.0,0.0,0.0,0.0,0.0,0.0,0.0,0.0,0.0,0.0,0.0,0.0,0.0,0.0,0.0,0.0,0.0,0.0,0.0
3815,0.2216353416442871,0.0,0.6405157446861267,0.132140502333641,0.1526918411254882,0.0,0.2478152215480804,0.0,0.0463050156831741,0.0,0.0,0.0,0.0,0.1186929494142532,0.0,0.0968035012483596,0.1605577170848846,0.0,0.0,0.0,0.1344509422779083,0.1738837659358978,0.2922165095806122,0.1173851191997528,0.0,0.5318558216094971,0.2317821234464645,0.0,0.1186642497777938,0.2295531779527664,0.0,0.0,0.5348408222198486,0.1222382262349128,0.0,0.0,0.0,0.1037884876132011,0.0064719999209046,0.0,0.2186280786991119,0.0110552357509732,0.0,0.0,0.26332888007164,0.0,0.0,0.1008471474051475,0.0,0.0,0.0045354599133133,0.2379887104034423,0.0,0.2218908071517944,0.0,0.0,0.0,0.0,0.0,0.0,0.0,0.0,0.0,0.0,0.2816071808338165,0.2214214652776718,0.1139974743127822,0.0,0.1624655425548553,0.0,0.3288836181163788,0.3215619921684265,0.0128740007057785,0.0,0.0,0.1240870431065559,0.3777200877666473,0.2028147429227829,0.3099680840969085,0.0,0.0,0.0,0.0,0.0,0.2258903831243515,0.0,0.0,0.0,0.0,0.4835650324821472,0.2543586790561676,0.2254174649715423,0.0,0.0,0.0,0.0,0.0,0.0,0.0,0.1707729548215866,0.0,0.0134140439331531,0.1722690165042877,0.2030999362468719,0.3262695968151092,0.0,0.0,0.0088527146726846,0.6047125458717346,0.0,0.0,0.0,0.132468119263649,0.0,0.0,0.0,0.0,0.1276933401823043,0.0,0.2596864402294159,0.1737154722213745,0.130895733833313,0.0,0.0873943269252777,0.0,0.2407782822847366,0.0491133332252502,0.0
3819,0.0,0.0,0.0,0.0,0.0,0.0,0.0,0.0,0.0,0.0,0.0,0.0,0.0,0.0,0.0,0.0,0.0,0.0,0.0,0.0,0.0,0.0,0.0,0.0,0.0,0.0,0.0,0.0,0.0,0.0,0.0,0.0,0.0,0.0,0.0,0.0,0.0,0.0,0.0,0.0,0.0,0.0,0.0,0.0,0.0,0.0,0.0,0.0,0.0,0.0,0.0,0.0,0.0,0.0,0.0,0.0,0.0,0.0,0.0,0.0,0.0,0.0,0.0,0.0,0.0,0.0,0.0,0.0,0.0,0.0,0.0,0.0,0.0,0.0,0.0,0.0,0.0,0.0,0.0,0.0,0.0,0.0,0.0,0.0,0.0,0.0,0.0,0.0,0.0,0.0,0.0,0.0,0.0,0.0,0.0,0.0,0.0,0.0,0.0,0.0,0.0,0.0,0.0,0.0,0.0,0.0,0.0,0.0,0.0,0.0,0.0,0.0,0.0,0.0,0.0,0.0,0.0,0.0,0.0,0.0,0.0,0.0,0.0,0.0,0.0,0.0,0.0,0.0
3823,0.0381932146847248,0.0,0.1047720089554786,0.1924903392791748,0.0,0.0,0.1628515571355819,0.219514712691307,0.0,0.0998601615428924,0.0649391412734985,0.0,0.0,0.1108056381344795,0.0339375212788581,0.2529229521751404,0.1164426803588867,0.0169275999069213,0.0298182722181081,0.0,0.0340317487716674,0.1254170387983322,0.0,0.1100589334964752,0.283891886472702,0.182717889547348,0.0,0.2767179906368255,0.0,0.1919137090444564,0.0364365205168724,0.0,0.0,0.0,0.2946310341358185,0.0220796111971139,0.2926495671272278,0.0918230935931205,0.0297753997147083,0.2304070889949798,0.136062204837799,0.0,0.3184247612953186,0.2817176878452301,0.0116125000640749,0.1873955279588699,0.3026796877384186,0.0,0.0,0.0,0.0867239311337471,0.0881567522883415,0.0,0.0655401572585105,0.1113990545272827,0.1183710396289825,0.0607734397053718,0.0227764882147312,0.2542128562927246,0.0,0.1057956963777542,0.0,0.2124546021223068,0.2819204032421112,0.0,0.1153338178992271,0.3802022337913513,0.0375761128962039,0.0,0.2870310246944427,0.1479353010654449,0.0801827684044838,0.16651251912117,0.0666062831878662,0.111624538898468,0.0,0.1354515850543975,0.0,0.0489392913877964,0.1138931214809417,0.2677843868732452,0.2001071274280548,0.0,0.0327840596437454,0.018366364762187,0.1332765966653823,0.1585346758365631,0.0,0.155514121055603,0.0381823368370533,0.0477516464889049,0.0,0.0603892728686332,0.0,0.0355542860925197,0.0,0.0751664936542511,0.0199518334120512,0.1086741611361503,0.0054973848164081,0.0529131144285202,0.0751278474926948,0.0,0.0,0.037734854966402,0.02188141644001,0.0,0.2383790016174316,0.1792653053998947,0.2914052605628967,0.6878280639648438,0.0,0.0,0.0176519099622964,0.0,0.135950893163681,0.1082966700196266,0.2082399576902389,0.0,0.0098630199208855,0.03218300268054,0.0,0.1281242370605468,0.1574299484491348,0.3085249960422516,0.234771266579628,0.0,0.350461333990097
3824,0.0,0.0,0.0,0.0,0.0,0.0,0.0,0.0,0.0,0.0,0.0,0.0,0.0,0.0,0.0,0.0,0.0,0.0,0.0,0.0,0.0,0.0,0.0,0.0,0.0,0.0,0.0,0.0,0.0,0.0,0.0,0.0,0.0,0.0,0.0,0.0,0.0,0.0,0.0,0.0,0.0,0.0,0.0,0.0,0.0,0.0,0.0,0.0,0.0,0.0,0.0,0.0,0.0,0.0,0.0,0.0,0.0,0.0,0.0,0.0,0.0,0.0,0.0,0.0,0.0,0.0,0.0,0.0,0.0,0.0,0.0,0.0,0.0,0.0,0.0,0.0,0.0,0.0,0.0,0.0,0.0,0.0,0.0,0.0,0.0,0.0,0.0,0.0,0.0,0.0,0.0,0.0,0.0,0.0,0.0,0.0,0.0,0.0,0.0,0.0,0.0,0.0,0.0,0.0,0.0,0.0,0.0,0.0,0.0,0.0,0.0,0.0,0.0,0.0,0.0,0.0,0.0,0.0,0.0,0.0,0.0,0.0,0.0,0.0,0.0,0.0,0.0,0.0
3825,0.04271150380373,0.0,0.0,0.0,0.0,0.0,0.1093054041266441,0.0431321300566196,0.1412591189146042,0.0,0.0,0.0,0.1410345137119293,0.0,0.0498205944895744,0.0,0.0,0.0,0.1033470258116722,0.0,0.1042267307639122,0.1804599165916443,0.0,0.121891438961029,0.0,0.0,0.0674564242362976,0.1387445926666259,0.0,0.0,0.0,0.1113671362400055,0.1303508430719375,0.2365458458662033,0.0,0.1925774067640304,0.0,0.0,0.0919917374849319,0.202135682106018,0.3133262395858764,0.0,0.093347355723381,0.0,0.1185241341590881,0.0,0.1946456432342529,0.0,0.0,0.0,0.0,0.1055327281355857,0.0,0.0,0.0974803566932678,0.1246062219142913,0.1817773729562759,0.1412117481231689,0.0,0.0,0.0,0.1224990114569664,0.0,0.0607162341475486,0.133894994854927,0.1147927641868591,0.0,0.0,0.08671385794878,0.0,0.0768909007310867,0.0,0.0,0.0,0.1517035663127899,0.1711324751377105,0.0,0.1493874043226242,0.0,0.1337544620037078,0.0,0.0,0.0,0.0,0.0,0.0493321530520916,0.0376339256763458,0.105286881327629,0.2028058916330337,0.0,0.0,0.0,0.0545148737728595,0.0798989981412887,0.0,0.0,0.0570246465504169,0.1299710124731063,0.0,0.1561082750558853,0.0635874941945076,0.1584850251674652,0.0,0.0,0.0988558828830719,0.0,0.1136195510625839,0.0949781611561775,0.0818625092506408,0.0,0.0480941385030746,0.0,0.0,0.2362844049930572,0.0,0.0,0.1501862704753875,0.0,0.1989855170249939,0.0732364505529403,0.1351291537284851,0.0,0.0,0.1147120147943496,0.1085764393210411,0.0,0.0,0.1176286712288856
3826,0.0,0.0,0.0,0.0,0.0,0.0,0.0,0.0,0.0,0.0,0.0,0.0,0.0,0.0,0.0,0.0,0.0,0.0,0.0,0.0,0.0,0.0,0.0,0.0,0.0,0.0,0.0,0.0,0.0,0.0,0.0,0.0,0.0,0.0,0.0,0.0,0.0,0.0,0.0,0.0,0.0,0.0,0.0,0.0,0.0,0.0,0.0,0.0,0.0,0.0,0.0,0.0,0.0,0.0,0.0,0.0,0.0,0.0,0.0,0.0,0.0,0.0,0.0,0.0,0.0,0.0,0.0,0.0,0.0,0.0,0.0,0.0,0.0,0.0,0.0,0.0,0.0,0.0,0.0,0.0,0.0,0.0,0.0,0.0,0.0,0.0,0.0,0.0,0.0,0.0,0.0,0.0,0.0,0.0,0.0,0.0,0.0,0.0,0.0,0.0,0.0,0.0,0.0,0.0,0.0,0.0,0.0,0.0,0.0,0.0,0.0,0.0,0.0,0.0,0.0,0.0,0.0,0.0,0.0,0.0,0.0,0.0,0.0,0.0,0.0,0.0,0.0,0.0
3827,0.0,0.0095059545710682,0.0,0.0403106398880481,0.0,0.041581954807043,0.0238741375505924,0.0,0.0,0.0,0.0,0.0,0.02502535097301,0.0,0.0464594028890132,0.0041854586452245,0.0,0.0,0.0,0.0,0.0832851380109787,0.0386135913431644,0.0429502390325069,0.0,0.0,0.0,0.0,0.0,0.0,0.0,0.0695038065314292,0.0,0.1225430443882942,0.0,0.0291878692805767,0.0074452497065067,0.0,0.0,0.0,0.0,0.0,0.0,0.0442854277789592,0.0,0.0361584797501564,0.0839356482028961,0.0,0.0029525456484407,0.0,0.0,0.0,0.0,0.0,0.0139059089124202,0.0,0.0302210506051778,0.0,0.0,0.0,0.029059000313282,0.0,0.0,0.0084001906216144,0.0,0.0,0.0,0.0,0.0,0.0,0.0034122397191822,0.0,0.0,0.0,0.0,0.0,0.0,0.0058225789107382,0.0,0.0,0.0,0.0,0.0,0.0,0.0,0.0173594206571578,0.0,0.0,0.0,0.0,0.0,0.0,0.0255875252187252,0.0,0.0,0.0,0.0507917404174804,0.0,0.0391794554889202,0.0498527809977531,0.0,0.0,0.0,0.0,0.0,0.0,0.0,0.0,0.0401086173951625,0.0,0.0440718494355678,0.0,0.0,0.0415993817150592,0.0429507605731487,0.0584754347801208,0.0,0.0,0.0,0.0,0.0,0.0046463157050311,0.0,0.0,0.0,0.0392593629658222,0.0,0.0,0.0
3829,0.710703432559967,0.3895968198776245,0.6314936876296997,0.6025009155273438,0.9183403849601746,0.6338328123092651,0.6909255981445312,0.4466928541660309,0.5436104536056519,0.4390771687030792,0.6264919638633728,0.5725898146629333,0.6387938261032104,0.7441087365150452,0.6904919147491455,0.6817893981933594,0.2386930733919143,0.8231168389320374,0.6634816527366638,0.6607842445373535,0.6208117604255676,0.7093136310577393,0.5042154788970947,0.6658818125724792,0.6868793964385986,0.5613014698028564,0.8790470957756042,0.498479425907135,0.9430575966835022,0.7238990664482117,0.5951351523399353,0.6148372888565063,0.4254597127437591,0.7711102366447449,0.8212723731994629,0.5943828821182251,0.645245373249054,0.9829601049423218,0.5972945690155029,0.7871533036231995,0.7121939659118652,0.7327667474746704,0.5334936380386353,0.3469968438148498,0.7390546798706055,0.7407015562057495,0.6889594197273254,0.7877508401870728,0.7914326190948486,0.7954979538917542,0.6444119215011597,0.5588322281837463,0.5748181343078613,0.5464407205581665,0.8315033912658691,0.5918769836425781,0.8729501962661743,0.8416626453399658,0.7973809838294983,0.8055778741836548,0.8206288814544678,0.6614989638328552,0.7578275799751282,0.6884964108467102,0.7068108320236206,0.8685709834098816,0.7221111059188843,0.5870806574821472,0.7965911626815796,0.7291831374168396,0.8089315295219421,0.7355809807777405,0.4900735020637512,0.7411503195762634,0.3338891267776489,0.7896654009819031,0.7452543377876282,0.8109236359596252,0.8131794929504395,0.8507323861122131,0.5402742624282837,0.7418426871299744,0.752836287021637,0.7499029040336609,0.6838620901107788,0.6156224608421326,0.4850063025951385,0.6262148022651672,0.3725273311138153,0.8703672289848328,0.9964328408241272,0.9976577758789062,0.9904654026031494,0.4304083883762359,0.4382773041725158,0.7584842443466187,0.7922505736351013,0.5448570847511292,0.3000088632106781,0.876804769039154,0.529670774936676,0.4885205626487732,0.5740494132041931,0.776793360710144,0.7718721628189087,0.6043256521224976,0.4243176877498626,0.7683224678039551,0.8201025724411011,0.791772723197937,0.638372540473938,0.6801737546920776,0.493821382522583,0.7313628196716309,0.6724676489830017,0.5812764763832092,0.7388798594474792,0.6697093844413757,0.624971866607666,0.5784571170806885,0.3028552830219269,0.4602634012699127,0.8597041964530945,0.7078976631164551,0.8644421100616455,0.9950335025787354,0.7502464652061462,0.7976459264755249
3831,0.0,0.0,0.0,0.0,0.0,0.0,0.0,0.0,0.0,0.0,0.0,0.0,0.0,0.0,0.0,0.0,0.0,0.0,0.0,0.0,0.0,0.0,0.0,0.0,0.0,0.0,0.0,0.0,0.0,0.0,0.0,0.0,0.0,0.0,0.0,0.0,0.0,0.0,0.0,0.0,0.0,0.0,0.0,0.0,0.0,0.0,0.0,0.0,0.0,0.0,0.0,0.0,0.0,0.0,0.0,0.0,0.0,0.0,0.0,0.0,0.0,0.0,0.0,0.0,0.0,0.0,0.0,0.0,0.0,0.0,0.0,0.0,0.0,0.0,0.0,0.0,0.0,0.0,0.0,0.0,0.0,0.0,0.0,0.0,0.0,0.0,0.0,0.0,0.0,0.0,0.0,0.0,0.0,0.0,0.0,0.0,0.0,0.0,0.0,0.0,0.0,0.0,0.0,0.0,0.0,0.0,0.0,0.0,0.0,0.0,0.0,0.0,0.0,0.0,0.0,0.0,0.0,0.0,0.0,0.0,0.0,0.0,0.0,0.0,0.0,0.0,0.0,0.0
3832,0.0,0.0,0.0,0.0,0.0,0.0,0.0,0.0,0.0,0.0,0.0,0.0,0.0,0.0,0.0,0.0,0.0,0.0,0.0,0.0,0.0,0.0,0.0,0.0,0.0,0.0,0.0,0.0,0.0,0.0,0.0,0.0,0.0,0.0,0.0,0.0,0.0,0.0,0.0,0.0,0.0,0.0,0.0,0.0,0.0,0.0,0.0,0.0,0.0,0.0,0.0,0.0,0.0,0.0,0.0,0.0,0.0,0.0,0.0,0.0,0.0,0.0,0.0,0.0,0.0,0.0,0.0,0.0,0.0,0.0,0.0,0.0,0.0,0.0,0.0,0.0,0.0,0.0,0.0,0.0,0.0,0.0,0.0,0.0,0.0,0.0,0.0,0.0,0.0,0.0,0.0,0.0,0.0,0.0,0.0,0.0,0.0,0.0,0.0,0.0,0.0,0.0,0.0,0.0,0.0,0.0,0.0,0.0,0.0,0.0,0.0,0.0,0.0,0.0,0.0,0.0,0.0,0.0,0.0,0.0,0.0,0.0,0.0,0.0,0.0,0.0,0.0,0.0
3835,0.0,0.0394574999809265,0.0,0.1224507763981819,0.0,0.0,0.0,0.0,0.0,0.0,0.0,0.0,0.0,0.0,0.0,0.0,0.0,0.0,0.0,0.0,0.0,0.0,0.0746353343129158,0.0,0.0,0.1950596272945404,0.0,0.0,0.0,0.0,0.0,0.0987435355782508,0.0,0.0,0.0,0.0,0.0,0.0,0.0,0.047395221889019,0.0,0.1710894554853439,0.0,0.0,0.0,0.0,0.0,0.0568958595395088,0.0,0.0,0.0,0.0,0.0,0.0,0.3005352020263672,0.0,0.0,0.0162427276372909,0.0,0.0,0.0,0.0,0.0,0.0,0.0,0.0,0.0,0.0,0.0,0.1985560059547424,0.2342673540115356,0.0,0.0,0.0707494542002677,0.0380903333425521,0.0,0.0,0.0860641598701477,0.0,0.0,0.0,0.0,0.0,0.0,0.0,0.0,0.0,0.0271726995706558,0.1945889145135879,0.0795787498354911,0.0,0.0,0.0,0.0468090027570724,0.0,0.0,0.0,0.0,0.0,0.1749875992536544,0.0,0.0,0.0,0.0,0.0,0.2308417558670044,0.0,0.0,0.0,0.116967424750328,0.0,0.0,0.1791067570447921,0.0,0.0,0.0,0.0,0.0,0.0,0.0,0.0312696695327758,0.0,0.0,0.2887901663780212,0.0,0.0,0.0,0.0
3840,0.2331633567810058,0.0439184047281742,0.0363345257937908,0.0,0.0,0.0528967417776584,0.0,0.2257730066776275,0.1163506731390953,0.1433528065681457,0.0,0.0274763200432062,0.1229740381240844,0.1036451235413551,0.2254289537668228,0.0868764892220497,0.0,0.0525134950876235,0.0834942162036895,0.189702570438385,0.0611815378069877,0.0812190175056457,0.0,0.0,0.0881729573011398,0.1001080796122551,0.0,0.0,0.0767858698964119,0.0913351476192474,0.0,0.1015283316373825,0.1086789965629577,0.0,0.1036749109625816,0.1405742019414901,0.0,0.0,0.0,0.052584271878004,0.1838538348674774,0.0443128049373626,0.0,0.0,0.1755492985248565,0.0,0.0924727097153663,0.0,0.0,0.0,0.0,0.1010030135512352,0.1940437257289886,0.1340881884098053,0.0411079972982406,0.0,0.1208502352237701,0.112199880182743,0.0,0.0,0.0,0.0196270011365413,0.0,0.0440642200410366,0.0974099263548851,0.0170415639877319,0.0,0.0964551791548729,0.1583554744720459,0.1903267651796341,0.1087352037429809,0.1837860643863678,0.1774200052022934,0.1739291846752166,0.1346675008535385,0.0,0.0,0.0842426791787147,0.1452210545539856,0.0,0.0,0.0455163456499576,0.0625959262251854,0.1542442888021469,0.0,0.1557618826627731,0.0,0.0,0.0514737032353878,0.0645652562379837,0.0,0.182282879948616,0.0247637089341878,0.0310156662017107,0.0,0.0771298483014106,0.0,0.0,0.0,0.1899395287036895,0.0150879044085741,0.0,0.3474706709384918,0.0535032749176025,0.0,0.0,0.0,0.1451248079538345,0.033085536211729,0.0,0.1777094006538391,0.05717384070158,0.0,0.0,0.1119614765048027,0.0360891968011856,0.2036890387535095,0.0812751501798629,0.0,0.1479822248220443,0.1342920809984207,0.0,0.0,0.0,0.0539351105690002,0.1640985757112503,0.0199779812246561,0.1287783235311508
3846,0.0,0.0,0.0,0.0,0.0,0.0,0.0,0.0,0.0,0.0,0.0,0.5003920197486877,0.5749779939651489,0.2676149904727936,0.0,0.0,0.0748030021786689,0.3728190064430237,0.0,0.0,0.0,0.0,0.0,0.2596389949321747,0.0,0.0,0.0,0.0,0.0,0.0,0.0,0.1000619977712631,0.0,0.0,0.0,0.0,0.5862129926681519,0.0,0.6936669945716858,0.0,0.4339430034160614,0.0,0.4376330077648163,0.0,0.0,0.0,0.0,0.0,0.0,0.0,0.4870969951152801,0.0,0.0672869980335235,0.4441879987716675,0.0,0.0,0.4401369988918304,0.0,0.0,0.7328060269355774,0.0,0.0,0.0,0.0,0.0,0.0,0.0,0.1949779987335205,0.0,0.0,0.0,0.0,0.0,0.0,0.0,0.0,0.3705579936504364,0.3248080015182495,0.0,0.0,0.5118370056152344,0.0694490000605583,0.7156299948692322,0.4858799874782562,0.7143359780311584,0.0,0.0,0.2095700055360794,0.0,0.0,0.0,0.0,0.435573011636734,0.5139089822769165,0.0,0.0,0.0,0.0,0.7552940249443054,0.8708770275115967,0.2477030009031295,0.0,0.0,0.0802619978785514,0.0,0.0,0.5058149695396423,0.0,0.0,0.2302819937467575,0.0,0.0,0.079864002764225,0.0,0.0,0.0,0.1867730021476745,0.0,0.0,0.0,0.0,0.0,0.3735339939594269,0.5776000022888184,0.307218998670578,0.0,0.0,0.0
3848,0.0,0.0091199995949864,0.0,0.0420914106070995,0.0,0.0426584556698799,0.0453385487198829,0.0,0.0,0.0,0.0,0.0,0.0363781042397022,0.0,0.049617264419794,0.0325095430016517,0.0,0.0,0.0,0.0,0.0894922390580177,0.040471863001585,0.0429712384939193,0.0,0.0,0.0,0.0,0.0,0.0,0.0,0.0502629540860652,0.0,0.1258225440979004,0.0,0.039729181677103,0.0,0.0,0.0,0.0,0.0,0.0,0.0161408185958862,0.0489489138126373,0.0032898634672164,0.0416086204349994,0.1175737306475639,0.0,0.0035641363356262,0.0,0.0,0.0,0.0,0.0,0.0175911821424961,0.0,0.0434099994599819,0.0,0.0,0.0,0.0353743210434913,0.0,0.0,0.0126902861520648,0.0,0.0083894738927483,0.0,0.0,0.0,0.0,0.0,0.0,0.0,0.0,0.0,0.0,0.0,0.0,0.0,0.0,0.0336917899549007,0.0,0.0,0.0,0.0337167084217071,0.0423362366855144,0.0,0.0,0.0,0.0,0.0324781574308872,0.0,0.0291390009224414,0.0,0.0,0.0,0.0530790910124778,0.0,0.0741545632481575,0.0611519999802112,0.0,0.0,0.0,0.0,0.0,0.0,0.0,0.0,0.0455377139151096,0.0036159998271614,0.0431130491197109,0.0,0.0,0.0426915735006332,0.045473251491785,0.0474651269614696,0.0061069000512361,0.0,0.0,0.0,0.0,0.0471108444035053,0.0,0.0,0.0,0.0446281433105468,0.0,0.0,0.0201183333992958
3849,0.0,0.0,0.0,0.0,0.0,0.0,0.0,0.0,0.0,0.0,0.0,0.0,0.0,0.0,0.0,0.0,0.0,0.0,0.0,0.0,0.0,0.0,0.0,0.0,0.0,0.0,0.0,0.0,0.0,0.0,0.0,0.0,0.0,0.0,0.0,0.0,0.0,0.0,0.0,0.0,0.0,0.1198047995567321,0.0,0.0,0.0,0.0,0.0,0.0,0.0,0.0,0.0,0.0,0.0,0.0,0.0,0.0,0.1938710361719131,0.0,0.0,0.0,0.0,0.0,0.0,0.0,0.0,0.0,0.0,0.0,0.0,0.0,0.0,0.0,0.0,0.0,0.0,0.0,0.0,0.0,0.0,0.0,0.0,0.0,0.0,0.0,0.0,0.0,0.0,0.0,0.0,0.0,0.0,0.0,0.0,0.0,0.0,0.0,0.0,0.0,0.0,0.0,0.0,0.0,0.0,0.0,0.0,0.0,0.0,0.0,0.0,0.0,0.0,0.0,0.0,0.0,0.0,0.0,0.0,0.0,0.0,0.0,0.0,0.0,0.0,0.0,0.0,0.0,0.0,0.0
3853,0.0,0.0,0.0,0.0,0.0,0.0,0.0,0.0,0.0,0.0,0.0,0.0,0.0,0.0,0.0,0.0,0.0,0.0,0.0,0.0,0.0,0.0,0.0,0.0,0.0,0.0,0.0,0.0,0.0,0.0,0.0,0.0,0.0,0.0,0.0,0.0,0.0,0.0,0.0,0.0,0.0,0.0,0.0,0.0,0.0,0.0,0.0,0.0,0.0,0.0,0.0,0.0,0.0,0.0,0.0,0.0,0.0,0.0,0.0,0.0,0.0,0.0,0.0,0.0,0.0,0.0,0.0,0.0,0.0,0.0,0.0,0.0,0.0,0.0,0.0,0.0,0.0,0.0,0.0,0.0,0.0,0.0,0.0,0.0,0.0,0.0,0.0,0.0,0.0,0.0,0.0,0.0,0.0,0.0,0.0,0.0,0.0,0.0,0.0,0.0,0.0,0.0,0.0,0.0,0.0,0.0,0.0,0.0,0.0,0.0,0.0,0.0,0.0,0.0,0.0,0.0,0.0,0.0,0.0,0.0,0.0,0.0,0.0,0.0,0.0,0.0,0.0,0.0
3854,0.0,0.0,0.0,0.0,0.0,0.0,0.0,0.0,0.0,0.0,0.0,0.0,0.0,0.0,0.0,0.0,0.0,0.0,0.0,0.0,0.0,0.0,0.0,0.0,0.0,0.0,0.0,0.0,0.0,0.0,0.0,0.0,0.0,0.0,0.0,0.0,0.0,0.0,0.0,0.0,0.0,0.0,0.0,0.0,0.0,0.0,0.0,0.0,0.0,0.0,0.0,0.0,0.0,0.0,0.0,0.0,0.0,0.0,0.0,0.0,0.0,0.0,0.0,0.0,0.0,0.0,0.0,0.0,0.0,0.0,0.0,0.0,0.0,0.0,0.0,0.0,0.0,0.0,0.0,0.0,0.0,0.0,0.0,0.0,0.0,0.0,0.0,0.0,0.0,0.0,0.0,0.0,0.0,0.0,0.0,0.0,0.0,0.0,0.0,0.0,0.0,0.0,0.0,0.0,0.0,0.0,0.0,0.0,0.0,0.0,0.0,0.0,0.0,0.0,0.0,0.0,0.0,0.0,0.0,0.0,0.0,0.0,0.0,0.0,0.0,0.0,0.0,0.0
3858,0.0,0.0,0.0,0.0,0.0,0.0,0.0,0.0,0.0,0.0,0.0,0.0,0.0,0.0,0.0,0.0,0.0,0.0,0.0,0.0,0.0,0.0,0.0,0.0,0.0,0.0,0.0,0.0,0.0,0.0,0.0,0.0,0.0,0.0,0.0,0.0,0.0,0.0,0.0,0.0,0.0,0.0,0.0,0.0,0.0,0.0,0.0,0.0,0.0,0.0,0.0,0.0,0.0916357263922691,0.0,0.0,0.0,0.0,0.0,0.0,0.0,0.0,0.0,0.0,0.0,0.0,0.0,0.0,0.0,0.0,0.0,0.0,0.0,0.0,0.0,0.0,0.0,0.0,0.0,0.0,0.0,0.0,0.0,0.0,0.0,0.0,0.0,0.0,0.0,0.0,0.0,0.0,0.0,0.0,0.0,0.0,0.0,0.0,0.0,0.0,0.0,0.0,0.0,0.0,0.0,0.0,0.0,0.0,0.0,0.0,0.0,0.0,0.0,0.0,0.0,0.0,0.0,0.0,0.0,0.0,0.0,0.0,0.0,0.0,0.0,0.0,0.0,0.0,0.0
3860,0.0,0.0,0.0,0.0,0.0,0.0,0.0,0.0,0.0,0.0,0.0,0.0,0.0,0.0,0.0,0.0,0.0,0.0,0.0,0.0,0.0,0.0,0.0,0.0,0.0,0.0,0.0,0.0,0.0,0.0,0.0,0.0,0.0,0.0,0.0,0.0,0.0,0.0,0.0,0.0,0.0,0.0,0.0,0.0,0.0,0.0,0.0,0.0,0.0,0.0,0.0,0.0,0.0,0.0,0.0,0.0,0.0,0.0,0.0,0.0,0.0,0.0,0.0,0.0,0.0,0.0,0.0,0.0,0.0,0.0,0.0,0.0,0.0,0.0,0.0,0.0,0.0,0.0,0.0,0.0,0.0,0.0,0.0,0.0,0.0,0.0,0.0,0.0,0.0,0.0,0.0,0.0,0.0,0.0,0.0,0.0,0.0,0.0,0.0,0.0,0.0,0.0,0.0,0.0,0.0,0.0,0.0,0.0,0.0,0.0,0.0,0.0,0.0,0.0,0.0,0.0,0.0,0.0,0.0,0.0,0.0,0.0,0.0,0.0,0.0,0.0,0.0,0.0
3861,0.0,0.0,0.0,0.0,0.0,0.0,0.0,0.0,0.0,0.0,0.0,0.0,0.0,0.0,0.0,0.0,0.0,0.0,0.0,0.0,0.0,0.0,0.0,0.0,0.0,0.0,0.0,0.0,0.0,0.0,0.0,0.0,0.0,0.0,0.0,0.0,0.0,0.0,0.0,0.0,0.0,0.0,0.0,0.0,0.0,0.0,0.0,0.0,0.0,0.0,0.0,0.0,0.0,0.0,0.0,0.0,0.0,0.0,0.0,0.0,0.0,0.0,0.0,0.0,0.0,0.0,0.0,0.0,0.0,0.0,0.0,0.0,0.0,0.0,0.0,0.0,0.0,0.0,0.0,0.0,0.0,0.0,0.0,0.0,0.0,0.0,0.0,0.0,0.0,0.0,0.0,0.0,0.0,0.0,0.0,0.0,0.0,0.0,0.0,0.0,0.0,0.0,0.0,0.0,0.0,0.0,0.0,0.0,0.0,0.0,0.0,0.0,0.0,0.0,0.0,0.0,0.0,0.0,0.0,0.0,0.0,0.0,0.0,0.0,0.0,0.0,0.0,0.0
3863,0.049679335206747,0.0,0.0,0.1009110063314437,0.0,0.0,0.0,0.114618495106697,0.0587356686592102,0.0212006662040948,0.0254890024662017,0.0,0.0450917482376098,0.1209573373198509,0.0,0.0189796667546033,0.3412055075168609,0.6882120370864868,0.0882083773612976,0.37067312002182,0.9962949752807616,0.0513382516801357,0.9417024850845336,0.7957116365432739,0.4897496104240417,0.629148006439209,0.9945787191390992,0.6494468450546265,0.2301527708768844,0.5440244078636169,0.9726874828338624,0.6562278270721436,0.2404814958572387,0.7415797710418701,0.4297175407409668,0.6904691457748413,0.7394829988479614,0.6529871821403503,0.0,0.68678879737854,0.7360007762908936,0.6200592517852783,0.1249859780073165,0.8249349594116211,0.7078827619552612,0.6464270353317261,0.0389929637312889,0.9857064485549928,0.4865779876708984,0.4427193403244018,0.9799119830131532,0.5117784142494202,0.5232403874397278,0.1211732998490333,0.1661770045757293,0.6749387979507446,0.0304278749972581,0.9120483994483948,0.6609441637992859,0.9920367002487184,0.0,0.4746203422546386,0.5996096730232239,0.0610272921621799,0.336170881986618,0.9890362024307252,0.1243647187948226,0.3088812530040741,0.3889212012290954,0.5901077389717102,0.0758047401905059,0.0377359986305236,0.9964590072631836,0.5645190477371216,0.2193222790956497,0.5489997267723083,0.3771150112152099,0.6599931716918945,0.9967877864837646,0.6035053133964539,0.5589801669120789,0.5608556270599365,0.067147746682167,0.0629737228155136,0.9904715418815612,0.4717805087566376,0.9928709864616394,0.7556352019309998,0.3287176191806793,0.1803870797157287,0.4541358947753906,0.6949818730354309,0.3174908757209778,0.6719211935997009,0.0,0.485542356967926,0.7847216129302979,0.791111409664154,0.979190230369568,0.99235200881958,0.0418048352003097,0.4866712689399719,0.982514500617981,0.7954892516136169,0.986753225326538,0.3486721217632293,0.0,0.1866883486509323,0.7118175029754639,0.9870445132255554,0.7962371706962585,0.6618563532829285,0.3537927269935608,0.5972737073898315,0.1446674019098281,0.689145028591156,0.7949084639549255,0.9784537553787231,0.1047698780894279,0.3447057604789734,0.5566693544387817,0.4334013164043426,0.2661062479019165,0.9865164756774902,0.2987940013408661,0.8379427194595337,0.9955942630767822,0.8456073999404907
3866,0.0,0.0,0.0,0.0,0.0,0.0,0.0,0.0,0.0,0.0,0.0,0.0,0.0,0.0,0.0,0.0,0.0,0.0,0.0,0.0,0.0,0.0,0.0,0.0,0.0,0.0,0.0,0.0,0.0,0.0,0.0,0.0,0.0,0.0,0.0,0.0,0.0,0.0,0.0,0.0,0.0,0.0,0.0,0.0,0.0,0.0,0.0,0.0,0.0,0.0,0.0,0.0,0.0,0.0,0.0,0.0,0.0,0.0,0.0,0.0,0.0,0.0,0.0,0.0,0.0,0.0,0.0,0.0,0.0,0.0,0.0,0.0,0.0,0.0,0.0,0.0,0.0,0.0,0.0,0.0,0.0,0.0,0.0,0.0,0.0,0.0,0.0,0.0,0.0,0.0,0.0,0.0,0.0,0.0,0.0,0.0,0.0,0.0,0.0,0.0,0.0,0.0,0.0,0.0,0.0,0.0,0.0,0.0,0.0,0.0,0.0,0.0,0.0,0.0,0.0,0.0,0.0,0.0,0.0,0.0,0.0,0.0,0.0,0.0,0.0,0.0,0.0,0.0
3867,0.0,0.0,0.0,0.0,0.0,0.0,0.0,0.0,0.0,0.0,0.0,0.0,0.0,0.0,0.0,0.0,0.0,0.0,0.0,0.0,0.0,0.0,0.0,0.0,0.0,0.0,0.0,0.0,0.0,0.0,0.0,0.0,0.0,0.0,0.0,0.0,0.0,0.0,0.0,0.0,0.0,0.0,0.0,0.0,0.0,0.0,0.0,0.0,0.0,0.0,0.0,0.0,0.0,0.0,0.0,0.0,0.0,0.0,0.0,0.0,0.0,0.0,0.0,0.0,0.0,0.0,0.0,0.0,0.0,0.0,0.0,0.0,0.0,0.0,0.0,0.0,0.0,0.0,0.0,0.0,0.0,0.0,0.0,0.0,0.0,0.0,0.0,0.0,0.0,0.0,0.0,0.0,0.0,0.0,0.0,0.0,0.0,0.0,0.0,0.0,0.0,0.0,0.0,0.0,0.0,0.0,0.0,0.0,0.0,0.0,0.0,0.0,0.0,0.0,0.0,0.0,0.0,0.0,0.0,0.0,0.0,0.0,0.0,0.0,0.0,0.0,0.0,0.0
3868,0.0,0.0,0.0,0.0,0.0,0.0,0.0,0.0,0.0,0.0,0.0,0.0,0.0,0.0,0.0,0.0,0.0,0.0,0.0,0.0,0.0,0.0,0.0,0.0,0.0,0.0,0.0,0.0,0.0,0.0,0.0,0.0,0.0,0.0,0.0,0.0,0.0,0.0,0.0,0.0,0.0,0.0,0.0,0.0,0.0,0.0,0.0,0.0,0.0,0.0,0.0,0.0,0.0,0.0,0.0,0.0,0.0,0.0,0.0,0.0,0.0,0.0,0.0,0.0,0.0,0.0,0.0,0.0,0.0,0.0,0.0,0.0,0.0,0.0,0.0,0.0,0.0,0.0,0.0,0.0,0.0,0.0,0.0,0.0,0.0,0.0,0.0,0.0,0.0,0.0,0.0,0.0,0.0,0.0,0.0,0.0,0.0,0.0,0.0,0.0,0.0,0.0,0.0,0.0,0.0,0.0,0.0,0.0,0.0,0.0,0.0,0.0,0.0,0.0,0.0,0.0,0.0,0.0,0.0,0.0,0.0,0.0,0.0,0.0,0.0,0.0,0.0,0.0
3870,0.0,0.0,0.0,0.0,0.0,0.0,0.0,0.0,0.0,0.0,0.0,0.0,0.0,0.0,0.0,0.0,0.0,0.0,0.0,0.0,0.0,0.0,0.0,0.0,0.0,0.0,0.0,0.0,0.0,0.0,0.0,0.0,0.0,0.0,0.0,0.0,0.0,0.0,0.0,0.0,0.0,0.0,0.0,0.0,0.0,0.0,0.0,0.0,0.0,0.0,0.0,0.0,0.0,0.0,0.0,0.0,0.0,0.0,0.0,0.0,0.0,0.0,0.0,0.0,0.0,0.0,0.0,0.0,0.0,0.0,0.0,0.0,0.0,0.0,0.0,0.0,0.0,0.0,0.0,0.0,0.0,0.0,0.0,0.0,0.0,0.0,0.0,0.0,0.0,0.0,0.0,0.0,0.0,0.0,0.0,0.0,0.0,0.0,0.0,0.0,0.0,0.0,0.0,0.0,0.0,0.0,0.0,0.0,0.0,0.0,0.0,0.0,0.0,0.0,0.0,0.0,0.0,0.0,0.0,0.0,0.0,0.0,0.0,0.0,0.0,0.0,0.0,0.0
3871,0.0,0.0,0.0,0.0,0.0,0.0,0.0,0.0,0.0,0.0,0.0,0.0,0.0,0.0,0.0,0.0,0.0,0.0,0.0,0.0,0.0,0.0,0.0,0.0,0.0,0.0,0.0,0.0,0.0,0.0,0.0,0.0,0.0,0.0,0.0,0.0,0.0,0.0,0.0,0.0,0.0,0.0,0.0,0.0,0.0,0.0,0.0,0.0,0.0,0.0,0.0,0.0,0.0,0.0,0.0,0.0,0.0,0.0,0.0,0.0,0.0,0.0,0.0,0.0,0.0,0.0,0.0,0.0,0.0,0.0,0.0,0.0,0.0,0.0,0.0,0.0,0.0,0.0,0.0,0.0,0.0,0.0,0.0,0.0,0.0,0.0,0.0,0.0,0.0,0.0,0.0,0.0,0.0,0.0,0.0,0.0,0.0,0.0,0.0,0.0,0.0,0.0,0.0,0.0,0.0,0.0,0.0,0.0,0.0,0.0,0.0,0.0,0.0,0.0,0.0,0.0,0.0,0.0,0.0,0.0,0.0,0.0,0.0,0.0,0.0,0.0,0.0,0.0
3872,0.0,0.0,0.0,0.0,0.0,0.0,0.0,0.0,0.0,0.0,0.0,0.0,0.0,0.0,0.0,0.0,0.0,0.0,0.0,0.0,0.0,0.0,0.0,0.0,0.0,0.0,0.0,0.0,0.0,0.0,0.0,0.0,0.0,0.0,0.0,0.0,0.0,0.0,0.0,0.0,0.0,0.0,0.0,0.0,0.0,0.0,0.0,0.0,0.0,0.0,0.0,0.0,0.0,0.0,0.0,0.0,0.0,0.0,0.0,0.0,0.0,0.0,0.0,0.0,0.0,0.0159768685698509,0.0,0.0,0.0,0.0,0.0,0.0,0.0,0.0,0.0,0.0,0.0,0.0,0.0,0.0,0.0,0.0,0.0,0.0,0.0,0.0,0.0,0.0,0.0,0.0,0.0,0.0,0.0,0.0,0.0,0.0,0.0,0.0,0.0,0.0,0.0,0.0,0.0,0.0,0.0,0.0,0.0,0.0,0.0,0.0,0.0,0.0,0.0,0.0,0.0,0.0,0.0,0.0,0.0,0.0,0.0,0.0,0.0,0.0,0.0,0.0,0.0,0.0
3875,0.0,0.0,0.2743883728981018,0.0,0.0,0.0,0.0,0.0,0.0,0.0,0.0,0.1772212237119674,0.0,0.0,0.0,0.0,0.0,0.0,0.0,0.1325477510690689,0.0,0.0,0.0368693321943283,0.0,0.0,0.072443664073944,0.4304835796356201,0.0,0.1561018973588943,0.0,0.0,0.0,0.0,0.1125909984111785,0.1422400623559951,0.0334502235054969,0.0,0.0,0.0,0.5242456197738647,0.0,0.0,0.0,0.0,0.0,0.0,0.0,0.0,0.1913744956254959,0.0,0.0,0.0802148580551147,0.4676023423671722,0.0,0.0,0.0,0.0,0.4138635098934173,0.0,0.0,0.0365417450666427,0.0,0.0,0.0,0.0,0.0,0.1150398105382919,0.2947497069835663,0.0,0.0,0.4184813797473907,0.0,0.0,0.1978488564491272,0.0,0.0,0.0,0.131626158952713,0.0,0.0,0.0,0.0,0.0,0.0,0.0,0.0,0.0,0.0,0.3304077386856079,0.0,0.0,0.24373160302639,0.0,0.0,0.1296654194593429,0.0,0.0,0.0584231689572334,0.4178655445575714,0.0,0.0,0.0,0.1425563395023346,0.0,0.0,0.0,0.0,0.0,0.0,0.1158308312296867,0.0,0.0,0.0,0.0,0.0,0.0,0.0,0.0,0.0,0.0,0.0,0.0,0.0,0.0,0.0,0.0,0.0,0.0
3878,0.0,0.0,0.0,0.0,0.0,0.0,0.0,0.0,0.0,0.0,0.0,0.0,0.0,0.0,0.0,0.0,0.0,0.0,0.0,0.0,0.0,0.0,0.0,0.0,0.0,0.0,0.0,0.0,0.0,0.0,0.0,0.0,0.0,0.0,0.0,0.0,0.0,0.0,0.0,0.0,0.0,0.0,0.0,0.0,0.0,0.0,0.0,0.0,0.0,0.0,0.0,0.0,0.0,0.0,0.0,0.0,0.0,0.0,0.0,0.0,0.0,0.0,0.0,0.0,0.0,0.0,0.0,0.0,0.0,0.0,0.0,0.0,0.0,0.0,0.0,0.0,0.0,0.0,0.0,0.0,0.0,0.0,0.0,0.0,0.0,0.0,0.0,0.0,0.0,0.0,0.0,0.0,0.0,0.0,0.0,0.0,0.0,0.0,0.0,0.0,0.0,0.0,0.0,0.0,0.0,0.0,0.0,0.0,0.0,0.0,0.0,0.0,0.0,0.0,0.0,0.0,0.0,0.0,0.0,0.0,0.0,0.0,0.0,0.0,0.0,0.0,0.0,0.0
3879,0.0,0.0,0.0,0.0,0.0,0.0,0.0,0.0,0.0,0.0,0.0,0.0,0.0,0.0,0.0,0.0,0.0,0.0,0.0,0.0,0.0,0.0,0.0,0.0,0.0,0.0,0.0,0.0,0.0,0.0,0.0,0.0,0.0,0.0,0.0,0.0,0.0,0.0,0.0,0.0,0.0,0.0,0.0,0.0,0.0,0.0,0.0,0.0,0.0,0.0,0.0,0.0,0.0,0.0,0.0,0.0,0.0,0.0,0.0,0.0,0.0,0.0,0.0,0.0,0.0,0.0,0.0,0.0,0.0,0.0,0.0,0.0,0.0,0.0,0.0,0.0,0.0,0.0,0.0,0.0,0.0,0.0,0.0,0.0,0.0,0.0,0.0,0.0,0.0,0.0,0.0,0.0,0.0,0.0,0.0,0.0,0.0,0.0,0.0,0.0,0.0,0.0,0.0,0.0,0.0,0.0,0.0,0.0,0.0,0.0,0.0,0.0,0.0,0.0,0.0,0.0,0.0,0.0,0.0,0.0,0.0,0.0,0.0,0.0,0.0,0.0,0.0,0.0
3880,0.0,0.0,0.0,0.0,0.0,0.0,0.0,0.0,0.0,0.0,0.0,0.0,0.0,0.0,0.0,0.0,0.0,0.0,0.0,0.0,0.0,0.0,0.0,0.0,0.0,0.0,0.0,0.0,0.0,0.0,0.0,0.0,0.0,0.0,0.0,0.0,0.0,0.0,0.0,0.0,0.0,0.0,0.0,0.0,0.0,0.0,0.0,0.0,0.0,0.0,0.0,0.0,0.0,0.0,0.0,0.0,0.0,0.0,0.0,0.0,0.0,0.0,0.0,0.0,0.0,0.0,0.0,0.0,0.0,0.0,0.0,0.0,0.0,0.0,0.0,0.0,0.0,0.0,0.0,0.0,0.0,0.0,0.0,0.0,0.0,0.0,0.0,0.0,0.0,0.0,0.0,0.0,0.0,0.0,0.0,0.0,0.0,0.0,0.0,0.0,0.0,0.0,0.0,0.0,0.0,0.0,0.0,0.0,0.0,0.0,0.0,0.0,0.0,0.0,0.0,0.0,0.0,0.0,0.0,0.0,0.0,0.0,0.0,0.0,0.0,0.0,0.0,0.0
3887,0.0,0.0,0.0,0.0,0.0,0.0,0.0,0.0,0.0,0.0,0.0,0.0,0.0,0.0,0.0,0.0,0.0,0.0,0.0,0.0,0.0,0.0,0.0,0.0,0.0,0.0,0.0,0.0,0.0,0.0,0.0,0.0,0.0,0.0,0.0,0.0,0.0,0.0,0.0,0.0,0.0,0.0,0.0,0.0,0.0,0.0,0.0,0.0,0.0,0.0,0.0,0.0,0.0,0.0,0.0,0.0,0.0,0.0,0.0,0.0,0.0,0.0,0.0,0.0,0.0,0.0,0.0,0.0,0.0,0.0,0.0,0.0,0.0,0.0,0.0,0.0,0.0,0.0,0.0,0.0,0.0,0.0,0.0,0.0,0.0,0.0,0.0,0.0,0.0,0.0,0.0,0.0,0.0,0.0,0.0,0.0,0.0,0.0,0.0,0.0,0.0,0.0,0.0,0.0,0.0,0.0,0.0,0.0,0.0,0.0,0.0,0.0,0.0,0.0,0.0,0.0,0.0,0.0,0.0,0.0,0.0,0.0,0.0,0.0,0.0,0.0,0.0,0.0
3894,0.0,0.2227026522159576,0.2226385176181793,0.2326197475194931,0.2268906533718109,0.0,0.0,0.2389401793479919,0.1901993304491043,0.0943245068192482,0.1005432605743408,0.0,0.2667628526687622,0.2127031683921814,0.0,0.0942867845296859,0.1307214796543121,0.0,0.2306063920259475,0.2228067368268966,0.0,0.1801728159189224,0.2648041546344757,0.197340503334999,0.5192732810974121,0.1090995296835899,0.2530202269554138,0.0564039684832096,0.0064729354344308,0.1434710919857025,0.0568187311291694,0.3072670400142669,0.0,0.0,0.2500298023223877,0.1512192636728286,0.2111294865608215,0.3490252196788788,0.2477390468120575,0.2337668687105178,0.2175303548574447,0.0,0.099472776055336,0.1774170398712158,0.2615579664707184,0.0454001948237419,0.1208720058202743,0.2427193522453308,0.2257426679134369,0.2282500714063644,0.1192631497979164,0.257564902305603,0.1412379443645477,0.2303020358085632,0.0751613304018974,0.2108343094587326,0.1146890446543693,0.4170081317424774,0.3681989908218384,0.1416631340980529,0.0390383638441562,0.0,0.0910325571894645,0.1387211829423904,0.0,0.2200770676136016,0.0498713515698909,0.1365315914154052,0.1720992624759674,0.1408432722091674,0.0,0.1944249421358108,0.1668101400136947,0.5350658297538757,0.1772753298282623,0.2609556019306183,0.0407678075134754,0.0,0.0,0.0740976929664611,0.2716785967350006,0.1306502372026443,0.2386010289192199,0.118688516318798,0.2872999012470245,0.3811559677124023,0.0,0.2895466983318329,0.0943895429372787,0.1145992800593376,0.2195563018321991,0.0,0.0,0.0,0.0,0.0,0.1680873483419418,0.2851058542728424,0.1350289583206176,0.0,0.1971600353717804,0.0,0.2354706078767776,0.2379911094903946,0.2266918718814849,0.0,0.0,0.0,0.068680390715599,0.1766323745250702,0.2674497961997986,0.0,0.0,0.0591549575328826,0.244521751999855,0.1037269979715347,0.1592808365821838,0.2223346978425979,0.2146469503641128,0.0899189859628677,0.2609818279743194,0.224953606724739,0.2153199017047882,0.1785883158445358,0.0,0.0247143693268299,0.0,0.2620861530303955
3895,0.0,0.0548237152397632,0.024296648800373,0.0,0.0,0.0,0.0172070004045963,0.0688018053770065,0.0,0.0,0.0,0.0,0.0,0.0319799333810806,0.03920728713274,0.1271464377641677,0.0749566256999969,0.7709881663322449,0.0,0.0,0.0,0.0410145595669746,0.0,0.1681482046842575,0.3109135031700134,0.0,0.0,0.0,0.0,0.1256221383810043,0.0,0.0,0.0,0.0,0.0,0.0,0.0,0.2428927421569824,0.0,0.0,0.0,0.0,0.0,0.0,0.0,0.0,0.0,0.379248708486557,0.0,0.0,0.0976796969771385,0.1548748761415481,0.0,0.0,0.1394971162080764,0.0,0.0587293803691864,0.0,0.0,0.0,0.0,0.0,0.0721374303102493,0.2498858571052551,0.0806344002485275,0.0,0.1915080100297927,0.6000514030456543,0.0,0.0,0.7888523936271667,0.0,0.0,0.0406565740704536,0.069630891084671,0.0,0.183168888092041,0.0595264993607997,0.2329711765050888,0.4591127634048462,0.0,0.0,0.4171273112297058,0.5747808218002319,0.1779801398515701,0.1158523708581924,0.0,0.0434552505612373,0.3947974443435669,0.0,0.1252449303865432,0.0,0.0,0.1735401898622512,0.0,0.0,0.3151546120643616,0.0850817784667015,0.1232725530862808,0.0,0.0,0.0848866030573844,0.0,0.0,0.074507750570774,0.0998110100626945,0.0,0.0,0.0061661670915782,0.0,0.0,0.0,0.0,0.0,0.0,0.0,0.105497807264328,0.0707444995641708,0.0,0.1053556650876998,0.0,0.0996881648898124,0.0,0.1227422952651977,0.0,0.1846940964460373,0.0,0.0
3898,0.0,0.0,0.0,0.0,0.0,0.0,0.0,0.0,0.0,0.0,0.0,0.0,0.0,0.0,0.0,0.0,0.0,0.0,0.0,0.0,0.0,0.0,0.0,0.0,0.0,0.0,0.0,0.0,0.0,0.0,0.0,0.0,0.0,0.0,0.0,0.0,0.0,0.0,0.0,0.0,0.0,0.0,0.0,0.0,0.0,0.0,0.0,0.0,0.0,0.0,0.0,0.0,0.0,0.0,0.0,0.0,0.0,0.0,0.0,0.0,0.0,0.0,0.0,0.0,0.0,0.0,0.0,0.0,0.0,0.0,0.0,0.0,0.0,0.0,0.0,0.0,0.0,0.0,0.0,0.0,0.0,0.0,0.0,0.0,0.0,0.0,0.0,0.0,0.0,0.0,0.0,0.0,0.0,0.0,0.0,0.0,0.0,0.0,0.0,0.0,0.0,0.0,0.0,0.0,0.0,0.0,0.0,0.0,0.0,0.0,0.0,0.0,0.0,0.0,0.0,0.0,0.0,0.0,0.0,0.0,0.0,0.0,0.0,0.0,0.0,0.0,0.0,0.0
3899,0.0,0.0,0.0,0.0865532085299491,0.0662378743290901,0.0308328606188297,0.0,0.0,0.0,0.0,0.0,0.0,0.0143901500850915,0.0,0.0,0.0,0.0,0.0,0.0,0.1261817514896392,0.0,0.0,0.0,0.0099304895848035,0.0264172405004501,0.0,0.0,0.0,0.3064990937709808,0.1471307575702667,0.0,0.0,0.0,0.0,0.0,0.0,0.0,0.0,0.0051603657193481,0.0,0.0,0.0,0.0,0.0,0.0,0.0963840037584304,0.0,0.0,0.0,0.0,0.0,0.0,0.0,0.088387131690979,0.0,0.0,0.0,0.0,0.0,0.0,0.0,0.0,0.0,0.0,0.0,0.2585712075233459,0.3341962397098541,0.0,0.0,0.0,0.2401495724916458,0.0,0.1849294900894165,0.0,0.0,0.0,0.0,0.163194254040718,0.0,0.0,0.0,0.0,0.0,0.0,0.0,0.0,0.0,0.0,0.0698088705539703,0.0,0.0,0.0,0.0,0.0,0.0,0.0,0.0,0.0,0.0,0.0,0.0,0.0,0.0,0.0,0.3105045258998871,0.0,0.0,0.0,0.0,0.0,0.0,0.0342611335217952,0.0,0.0,0.0,0.0,0.0,0.0,0.0,0.0,0.0,0.0,0.0,0.0315437912940979,0.0,0.0,0.1662451028823852,0.0
3900,0.0,0.0,0.0,0.0091584995388984,0.0439372882246971,0.0,0.1437587440013885,0.0081409998238086,0.0,0.0,0.0,0.0,0.0728851407766342,0.138733372092247,0.0,0.0,0.048265628516674,0.0,0.0,0.0,0.0,0.0,0.0,0.0550126694142818,0.1768602281808853,0.0841893702745437,0.0555372461676597,0.0,0.0,0.0,0.0294731445610523,0.0,0.0,0.0371038764715194,0.0,0.0,0.0,0.3938304483890533,0.5592340230941772,0.0,0.0,0.0,0.0,0.0552870035171508,0.2354282289743423,0.2739574909210205,0.0,0.0,0.0306570008397102,0.0,0.0,0.0,0.2272937446832656,0.1445318907499313,0.0,0.0,0.0,0.0,0.0,0.0638468787074089,0.0,0.0355347171425819,0.0,0.0550952032208442,0.0,0.0239161439239978,0.0,0.3251588642597198,0.0,0.2482270002365112,0.0,0.0637478753924369,0.0478931665420532,0.0,0.0940714254975318,0.1169235780835151,0.0398996248841285,0.0328594967722892,0.0,0.2886865437030792,0.0,0.0850310027599334,0.3070734143257141,0.1082589104771614,0.0185042507946491,0.0349122881889343,0.0,0.1715586632490158,0.0,0.0365080013871192,0.0,0.0,0.0,0.0089181251823902,0.0455967523157596,0.0304986238479614,0.0,0.0,0.0,0.0,0.0151976253837347,0.0,0.0567901469767093,0.0,0.0,0.0,0.3562435507774353,0.0,0.0,0.0,0.0,0.1021697148680687,0.0,0.0,0.0,0.0,0.0653033778071403,0.0214828588068485,0.0548529289662838,0.0422823727130889,0.4115030169486999,0.0,0.2967259883880615,0.0,0.0,0.015273249708116,0.0,0.0
3902,0.0,0.0,0.0,0.0,0.0,0.0,0.0,0.0,0.0,0.0,0.0,0.0,0.0,0.0,0.0,0.0,0.0,0.0,0.0,0.0,0.0576090067625045,0.0,0.0,0.0,0.0,0.0,0.0132331661880016,0.0,0.0,0.0,0.0,0.0270688887685537,0.0,0.0088572222739458,0.0053232498466968,0.0397207774221897,0.0,0.0,0.0463928766548633,0.0,0.0,0.0071897273883223,0.0,0.0,0.0,0.0,0.0,0.0,0.0095801334828138,0.0,0.0071313004009425,0.0459225475788116,0.0,0.0,0.0,0.0,0.0214505456387996,0.0059106927365064,0.0130898570641875,0.0,0.0500995479524135,0.1281831860542297,0.0,0.0526481233537197,0.0,0.0,0.0,0.0,0.0,0.0899417549371719,0.0,0.0,0.0217757504433393,0.0,0.0,0.0,0.0,0.0,0.0564465001225471,0.0623604021966457,0.0,0.0,0.0,0.0644696280360221,0.0,0.0229174997657537,0.0,0.0276852212846279,0.0,0.0,0.0,0.017076401039958,0.0,0.0179769173264503,0.0347246937453746,0.0,0.01561133377254,0.0,0.0,0.0064466157928109,0.0,0.0,0.0215298887342214,0.0,0.0,0.0,0.0403979010879993,0.0,0.0210046675056219,0.0,0.0,0.0,0.0,0.0067982003092765,0.0,0.0381205976009368,0.0575763992965221,0.0468246266245842,0.0,0.0267699994146823,0.0,0.0320977978408336,0.0,0.0,0.0,0.0548536367714405,0.0450894422829151,0.0101613337174057
3904,0.0,0.0,0.0,0.0,0.0,0.0,0.0,0.0,0.0,0.0,0.0,0.0,0.0,0.0,0.0,0.0,0.0,0.0,0.0,0.0,0.0,0.0,0.0,0.0,0.0,0.0,0.0,0.0,0.0,0.0,0.0,0.0,0.0,0.0,0.0,0.0,0.0,0.0,0.0,0.0,0.0,0.0,0.0,0.0,0.0,0.0,0.0,0.0,0.0,0.0,0.0,0.0,0.0,0.0,0.0,0.0,0.0,0.0,0.0,0.0,0.0,0.0,0.0,0.0,0.0,0.0,0.0,0.0,0.0,0.0,0.0,0.0,0.0,0.0,0.0,0.0,0.0,0.0,0.0,0.0,0.0,0.0,0.0,0.0,0.0,0.0,0.0,0.0,0.0,0.0,0.0,0.0,0.0,0.0,0.0,0.0,0.0,0.0,0.0,0.0,0.0,0.0,0.0,0.0,0.0,0.0,0.0,0.0,0.0,0.0,0.0,0.0,0.0,0.0,0.0,0.0,0.0,0.0,0.0,0.0,0.0,0.0,0.0,0.0,0.0,0.0,0.0,0.0
3907,0.0175883471965789,0.0284896828234195,0.0,0.0528795719146728,0.0,0.0440716370940208,0.0120858568698167,0.0,0.0,0.0,0.0,0.0,0.0423303171992301,0.0,0.0474498011171817,0.0452972054481506,0.0,0.0,0.0,0.0,0.1201663836836814,0.0710585042834281,0.0840259939432144,0.0555554032325744,0.0,0.0035500002559274,0.0,0.0,0.0,0.0,0.0709470063447952,0.0,0.1320480406284332,0.0,0.0398661382496356,0.0,0.0114553477615118,0.0,0.0,0.0,0.0,0.0297039560973644,0.0649830028414726,0.0025423180777579,0.042918000370264,0.1560135036706924,0.034512773156166,0.0043175453320145,0.0,0.0,0.0,0.0,0.0,0.0144247142598032,0.0421663671731948,0.0477971583604812,0.0,0.0,0.0076399478130042,0.0177732743322849,0.0,0.0,0.0204038582742214,0.0,0.0475217513740062,0.0,0.0,0.0,0.0,0.0,0.0,0.0,0.0,0.0,0.0,0.0,0.0,0.005271450150758,0.0413842387497425,0.0,0.0,0.0,0.0,0.0448109582066535,0.0474478118121624,0.0,0.0085243498906493,0.0,0.0,0.0481137372553348,0.0,0.0428153984248638,0.0,0.0,0.0,0.0231004562228918,0.0,0.0604859553277492,0.0815788209438324,0.0,0.0109306005761027,0.0,0.0,0.0,0.0399386510252952,0.0362102836370468,0.0,0.0572543330490589,0.0473386012017726,0.0451429076492786,0.0225676000118255,0.0038019584026187,0.0439714752137661,0.0431545227766037,0.0682848319411277,0.0,0.0,0.0,0.0,0.0,0.0121473502367734,0.0,0.0,0.0,0.0374660491943359,0.0,0.0,0.0
3911,0.0,0.0,0.0,0.0,0.0,0.0,0.0,0.0,0.0,0.0,0.0,0.0,0.0,0.0,0.0,0.0,0.0,0.0,0.0,0.0,0.0,0.0,0.0,0.0,0.0,0.0,0.0,0.0,0.0,0.0,0.0,0.0,0.0,0.0,0.0,0.0,0.0,0.0,0.0,0.0,0.0,0.0,0.0,0.0,0.0,0.0,0.0,0.0,0.0,0.0,0.0,0.0,0.0,0.0,0.0,0.0,0.0,0.0,0.0,0.0,0.0,0.0,0.0,0.0,0.0,0.0,0.0,0.0,0.0,0.0,0.0,0.0,0.0,0.0,0.0,0.0,0.0,0.0,0.0,0.0,0.0,0.0,0.0,0.0,0.0,0.0,0.0,0.0,0.0,0.0,0.0,0.0,0.0,0.0,0.0,0.0,0.0,0.0,0.0,0.0,0.0,0.0,0.0,0.0,0.0,0.0,0.0,0.0,0.0,0.0,0.0,0.0,0.0,0.0,0.0,0.0,0.0,0.0,0.0,0.0,0.0,0.0,0.0,0.0,0.0,0.0,0.0,0.0
3913,0.0,0.0,0.220642864704132,0.0,0.0,0.0,0.0727999880909919,0.0,0.0,0.0,0.0,0.4607225358486175,0.0,0.0,0.0,0.0,0.0,0.0,0.0,0.0,0.0293179005384445,0.0,0.0,0.0,0.0,0.0,0.0,0.0,0.0,0.3979613482952118,0.0,0.4599824249744415,0.0,0.0,0.0,0.0,0.0,0.0,0.0,0.0,0.0,0.0,0.0,0.0,0.0,0.0,0.0,0.0,0.0,0.0,0.0,0.0,0.0,0.0,0.0,0.0,0.073720671236515,0.0,0.0,0.0,0.0,0.0,0.0085578579455614,0.0,0.0,0.0,0.0,0.0,0.0,0.4299631118774414,0.0,0.0,0.0,0.0,0.0,0.0,0.0,0.0,0.0,0.0,0.0,0.0,0.0926059111952781,0.0,0.0,0.0,0.2966659963130951,0.0,0.0,0.0,0.0,0.3367016315460205,0.0,0.0,0.0,0.0,0.0,0.0,0.0,0.0,0.0,0.0,0.0,0.0,0.0,0.0,0.0,0.0,0.0,0.0,0.0,0.0,0.0,0.0,0.473780483007431,0.0,0.0,0.0,0.0,0.0,0.0,0.0,0.0,0.0,0.0,0.0,0.0,0.0
3915,0.0,0.0,0.0,0.0,0.0,0.0,0.0,0.0,0.0,0.0,0.0,0.0,0.0,0.0,0.0,0.0,0.0,0.0,0.0,0.0,0.0,0.0,0.0,0.0,0.0,0.0,0.0,0.0,0.0,0.0,0.0,0.0,0.0,0.0,0.0,0.0,0.0,0.0,0.0,0.0,0.0,0.0,0.0,0.0,0.0,0.0,0.0,0.0,0.0,0.0,0.0,0.0,0.1440515220165252,0.0,0.0,0.0,0.0,0.0,0.0,0.0,0.0,0.0,0.0,0.0,0.0,0.0,0.0,0.0,0.0,0.0,0.0,0.0,0.0,0.0,0.0,0.0,0.0,0.0,0.0,0.0,0.0,0.0,0.0,0.0,0.0,0.0,0.0,0.0,0.0,0.0,0.0,0.0,0.0,0.0,0.0,0.0,0.0,0.0,0.0,0.0,0.0,0.0,0.0,0.0,0.0,0.0,0.0,0.0,0.0,0.0,0.0,0.0,0.0,0.0,0.0,0.0,0.0,0.0,0.0,0.0,0.0,0.0,0.0,0.0,0.0,0.0,0.0,0.0
3917,0.0,0.0,0.0,0.0,0.0,0.0,0.0,0.0,0.0,0.0,0.0,0.0,0.0,0.0,0.0,0.0,0.0,0.0,0.0,0.0,0.0,0.0,0.0,0.0,0.0,0.2611145079135895,0.0,0.0,0.0,0.0,0.0,0.0,0.0,0.0,0.0,0.0,0.0,0.0,0.0,0.0,0.0,0.0,0.0,0.0,0.0,0.0,0.0,0.1974419951438903,0.0,0.0,0.0,0.0,0.0,0.0,0.0,0.0,0.0,0.0,0.0,0.0,0.0,0.0,0.0,0.0,0.0,0.0629319995641708,0.0,0.0,0.0,0.0,0.0,0.0,0.0,0.0,0.0,0.0,0.1648249924182891,0.0,0.0,0.0,0.0,0.0,0.0,0.0,0.0,0.0,0.0,0.0,0.0,0.0,0.0,0.0,0.0,0.0,0.0,0.0,0.0,0.0899344980716705,0.0,0.0,0.0,0.0,0.0,0.0,0.0,0.0,0.0,0.0,0.0,0.0,0.0,0.0,0.0,0.0,0.0,0.0,0.0,0.0,0.0,0.0,0.0,0.0,0.0,0.0,0.0,0.0,0.0,0.0
3918,0.2298489660024643,0.1723712533712387,0.6082924604415894,0.4377906620502472,0.0,0.0,0.354346215724945,0.3701026737689972,0.4190497994422912,0.6942542195320129,0.0,0.4116935133934021,0.5191662907600403,0.3276772201061249,0.0,0.0,0.0,0.6721451878547668,0.8987970352172852,0.4676628708839416,0.4982081055641174,0.3995233178138733,0.3027868270874023,0.294415682554245,0.0,0.2899415493011474,0.4887661039829254,0.729755163192749,0.5675784349441528,0.3031371235847473,0.3816420137882232,0.3711800277233124,0.0,0.3375815153121948,0.2014719098806381,0.3283462524414062,0.4424965977668762,0.0,0.7147828936576843,0.4511803388595581,0.0239948257803916,0.0,0.0608810856938362,0.3595375418663025,0.0,0.1256157457828521,0.0,0.0,0.7168303728103638,0.5526010394096375,0.6885040402412415,0.6128302216529846,0.3615946173667907,0.3786501586437225,0.2724114656448364,0.3382885158061981,0.498802125453949,0.1836688965559005,0.0,0.3148456811904907,0.4069010615348816,0.2133109271526336,0.0439939834177494,0.0,0.4060412049293518,0.4738902449607849,0.4301689863204956,0.0,0.3664267659187317,0.0,0.657028079032898,0.94370299577713,0.5525175929069519,0.0,0.3385185897350311,0.3510057628154754,0.3866735100746155,0.4548572301864624,0.784052848815918,0.0,0.4712762534618377,0.3333133161067962,0.0,0.0,0.0,0.0,0.0,0.0,0.6191704869270325,0.0,0.3911460340023041,0.200868085026741,0.6093576550483704,0.0,0.0,0.0,0.8049879670143127,0.3841670453548431,0.0,0.2626339793205261,0.0,0.473156601190567,0.0,0.0,0.6040484309196472,0.3709779977798462,0.720325767993927,0.0,0.6149407625198364,0.3013278543949127,0.5218403339385986,0.462586760520935,0.8378171920776367,0.3996311128139496,0.3735683262348175,0.0,0.3028525710105896,0.0,0.0,0.3011561930179596,0.4377470314502716,0.6830143332481384,0.0,0.0,0.6579111814498901,0.419302225112915,0.3771020472049713,0.0
3920,0.0,0.0,0.0,0.0,0.0,0.0,0.0,0.0,0.0,0.0,0.0,0.0,0.0,0.0,0.0,0.0,0.0,0.0,0.0,0.0,0.0,0.0,0.0,0.0,0.0,0.0,0.0,0.0,0.0,0.0,0.0,0.0,0.0,0.0,0.0,0.0,0.0,0.0,0.0,0.0,0.0,0.0,0.0,0.0,0.0,0.0,0.0,0.0,0.0,0.0,0.0,0.0,0.0,0.0,0.0,0.0,0.0,0.0,0.0,0.0,0.0,0.0,0.0,0.0,0.0,0.0,0.0,0.0,0.0,0.0,0.0,0.0,0.0,0.0,0.0,0.0,0.0,0.0,0.0,0.0,0.0,0.0,0.0,0.0,0.0,0.0,0.0,0.0,0.0,0.0,0.0,0.0,0.0,0.0,0.0,0.0,0.0,0.0,0.0,0.0,0.0,0.0,0.0,0.0,0.0,0.0,0.0,0.0,0.0,0.0,0.0,0.0,0.0,0.0,0.0,0.0,0.0,0.0,0.0,0.0,0.0,0.0,0.0,0.0,0.0,0.0,0.0,0.0
3923,0.0,0.0,0.0,0.0,0.0,0.0,0.0,0.0,0.0,0.0,0.0,0.0,0.0,0.0,0.0,0.0,0.0,0.0,0.0,0.0,0.0,0.0,0.0,0.0,0.0,0.0,0.0,0.0,0.0,0.0,0.0,0.0,0.0,0.0,0.0,0.0,0.0,0.0,0.0,0.0,0.0,0.0,0.0,0.0,0.0,0.0,0.0,0.0,0.0,0.0,0.0,0.0,0.0,0.0,0.0,0.0,0.0,0.0,0.0,0.0,0.0,0.0,0.0,0.0,0.0,0.0,0.0,0.0,0.0,0.0,0.0,0.0,0.0,0.0,0.0,0.0,0.0,0.0,0.0,0.0,0.0,0.0,0.0,0.0,0.0,0.0,0.0,0.0,0.0,0.0,0.0,0.0,0.0,0.0,0.0,0.0,0.0,0.0,0.0,0.0,0.0,0.0,0.0,0.0,0.0,0.0,0.0,0.0,0.0,0.0,0.0,0.0,0.0,0.0,0.0,0.0,0.0,0.0,0.0,0.0,0.0,0.0,0.0,0.0,0.0,0.0,0.0,0.0
3926,0.1194973140954971,0.0913264006376266,0.0,0.0,0.1262478977441787,0.0,0.0,0.1536944061517715,0.0,0.0,0.0,0.0,0.0,0.1720854043960571,0.0,0.0,0.0,0.219140738248825,0.0,0.0,0.0,0.0,0.2423815280199051,0.2929837703704834,0.1319531053304672,0.0,0.0,0.0,0.0,0.1276497542858123,0.0,0.0,0.0,0.0,0.1432012617588043,0.0,0.1850854754447937,0.0,0.0,0.0,0.0,0.0,0.142384722828865,0.0,0.0,0.0,0.0,0.0,0.0,0.1221789047122001,0.0,0.1610485166311264,0.0804054960608482,0.0,0.0,0.1206234470009803,0.0,0.0,0.0,0.0,0.0,0.1297424435615539,0.1855860650539398,0.0833195075392723,0.2204910814762115,0.1275258362293243,0.0,0.1778417974710464,0.0755513533949852,0.1648260802030563,0.0,0.186115100979805,0.0,0.0,0.0,0.1933111995458603,0.0,0.1373082995414734,0.0,0.0,0.1904785633087158,0.0,0.3306916356086731,0.0976134836673736,0.2102823406457901,0.0,0.1896174848079681,0.0,0.1052377223968505,0.1652965396642685,0.0,0.118615835905075,0.0,0.2104535847902298,0.2714113891124725,0.2975485026836395,0.0,0.0,0.2165589779615402,0.1413011401891708,0.1386511772871017,0.0,0.0,0.1221570298075676,0.3486266732215881,0.0,0.1296586394309997,0.0,0.0,0.0,0.0,0.0,0.0,0.0,0.3164601325988769,0.2162781953811645,0.1755915582180023,0.2598887085914612,0.0873761177062988,0.0,0.2232482135295868,0.0,0.0,0.0,0.0,0.0,0.0,0.1634333431720733
3933,0.0,0.0,0.0720153823494911,0.0463043339550495,0.0,0.0580762028694152,0.0436655692756176,0.0,0.0,0.0332043170928955,0.0,0.0,0.0,0.0,0.0813835486769676,0.0,0.1524286121129989,0.1065224036574363,0.0844527259469032,0.0,0.0,0.0402837097644805,0.0289682652801275,0.0,0.0,0.0,0.1009359359741211,0.0,0.0,0.0,0.0,0.0452315658330917,0.0624528340995311,0.0488625057041645,0.1139797046780586,0.0369385108351707,0.0723490715026855,0.0,0.0,0.0,0.066573828458786,0.0511589981615543,0.0,0.0,0.0461675263941288,0.0,0.0,0.0474188141524791,0.0112062180414795,0.0482818894088268,0.0,0.0,0.0431002490222454,0.1471951901912689,0.0432735569775104,0.0772202312946319,0.0,0.0,0.1304753124713897,0.0532792955636978,0.0,0.0,0.0456605032086372,0.0,0.0,0.0,0.0869694948196411,0.0272103268653154,0.0463916845619678,0.075249083340168,0.0,0.0,0.0,0.0,0.0,0.071080632507801,0.0,0.0,0.0,0.0139572387561202,0.0052744694985449,0.0637209564447403,0.0,0.0521494597196579,0.0290421098470687,0.0255079586058855,0.0613883212208747,0.0,0.0703261718153953,0.035298652946949,0.0879047513008117,0.0493597351014614,0.0,0.0,0.0,0.1115502566099166,0.0,0.0620195940136909,0.0989384055137634,0.0361905097961425,0.0,0.0510886758565902,0.0365491509437561,0.0,0.0597104206681251,0.0207745432853698,0.0163141284137964,0.0,0.0,0.0,0.0808254778385162,0.0,0.0,0.0,0.1636824160814285,0.0414708144962787,0.0,0.0608845427632331,0.0677222907543182,0.0355946868658065,0.0,0.0703601539134979,0.0,0.0,0.0203688889741897,0.0714870616793632,0.0836464688181877,0.0
3934,0.0,0.0,0.0,0.0,0.0,0.0,0.0,0.0,0.0,0.0,0.0,0.0,0.0,0.0,0.0,0.0,0.0,0.0,0.0,0.0,0.0,0.0,0.0,0.0,0.0,0.0,0.0,0.0,0.0,0.0,0.0,0.0,0.0,0.0,0.0,0.0,0.0,0.0,0.0,0.0,0.0,0.0,0.0,0.0,0.0,0.0,0.0,0.0,0.0,0.0,0.0,0.0,0.0,0.0,0.0,0.0,0.0,0.0,0.0,0.0,0.0,0.0,0.0,0.0,0.0,0.0,0.0,0.0,0.0,0.0,0.0,0.0,0.0,0.0,0.0,0.0,0.0,0.0,0.0,0.0,0.0,0.0,0.0,0.0,0.0,0.0,0.0,0.0,0.0,0.0,0.0,0.0,0.0,0.0,0.0,0.0,0.0,0.0,0.0,0.0,0.0,0.0,0.0,0.0,0.0,0.0,0.0,0.0,0.0,0.0,0.0,0.0,0.0,0.0,0.0,0.0,0.0,0.0,0.0,0.0,0.0,0.0,0.0,0.0,0.0,0.0,0.0,0.0
3935,0.0,0.1811809688806533,0.2333319783210754,0.2222451418638229,0.0,0.0,0.1376187652349472,0.0,0.0,0.168573647737503,0.0930120572447776,0.0,0.0,0.4162425696849823,0.2494042813777923,0.0952631905674934,0.1325003653764724,0.2282997071743011,0.2002106755971908,0.2247890681028366,0.0,0.0,0.0,0.0,0.513237714767456,0.1127960160374641,0.0,0.1145873442292213,0.0,0.1566071808338165,0.0699550434947013,0.0911179110407829,0.2365721613168716,0.0,0.0857800543308258,0.1733963191509246,0.2366742044687271,0.339388757944107,0.2518231272697449,0.1730038523674011,0.1802031397819519,0.1610451936721801,0.1066732928156852,0.1851568222045898,0.0,0.0434123128652572,0.11633862555027,0.0,0.21330626308918,0.2514036297798157,0.2626761794090271,0.0,0.2118387222290039,0.0,0.0476166754961013,0.2010099291801452,0.1168120205402374,0.4228498339653015,0.3557923436164856,0.0398289263248443,0.0370469018816947,0.1824699938297271,0.0886449366807937,0.126731589436531,0.2640059888362884,0.0,0.0425529330968856,0.1368544548749923,0.1709846407175064,0.1224113628268241,0.2286260575056076,0.1960851401090622,0.1320731043815612,0.4320230484008789,0.0,0.0,0.2057138085365295,0.2430649548768997,0.0,0.0483280345797538,0.2891464829444885,0.150794118642807,0.2390747815370559,0.0,0.0,0.3688492476940155,0.0,0.2962396442890167,0.0916545614600181,0.1045019477605819,0.0,0.0,0.0,0.0,0.0,0.2572531104087829,0.1403551548719406,0.0,0.1401386708021164,0.0,0.2089380025863647,0.2441263347864151,0.0,0.225007951259613,0.2195897698402404,0.0,0.0,0.0,0.0648783296346664,0.1896512061357498,0.2504215538501739,0.0,0.0,0.1045231223106384,0.227640226483345,0.0981900319457054,0.164784625172615,0.2344808131456375,0.2169750928878784,0.0905309841036796,0.2509562373161316,0.2486238479614257,0.1684248149394989,0.2464541494846344,0.1977062225341797,0.0225017666816711,0.0,0.4866635799407959
3939,0.0,0.0,0.0,0.0,0.0,0.0,0.0,0.0,0.0,0.0,0.0,0.0,0.0,0.0,0.0,0.0,0.0,0.0,0.0,0.0,0.0,0.0,0.0,0.0,0.0,0.0,0.0,0.0,0.0,0.0,0.0,0.0,0.0,0.0,0.0,0.0,0.0,0.0,0.0,0.0,0.0,0.0,0.0,0.0,0.0,0.0,0.0,0.0,0.0,0.0,0.0,0.0,0.0,0.0,0.0,0.0,0.0,0.0,0.0,0.0,0.0,0.0,0.0,0.0,0.0,0.0,0.0,0.0,0.0,0.0,0.0,0.0,0.0,0.0,0.0,0.0,0.0,0.0,0.0,0.0,0.0,0.0,0.0,0.0,0.0,0.0,0.0,0.0,0.0,0.0,0.0,0.0,0.0,0.0,0.0,0.0,0.0,0.0,0.0,0.0,0.0,0.0,0.0,0.0,0.0,0.0,0.0,0.0,0.0,0.0,0.0,0.0,0.0,0.0,0.0,0.0,0.0,0.0,0.0,0.0,0.0,0.0,0.0,0.0,0.0,0.0,0.0,0.0
3940,0.0,0.0,0.0,0.0,0.0,0.0,0.0,0.0,0.0,0.0,0.0,0.0,0.0,0.0,0.0,0.0,0.0,0.0,0.0,0.0,0.0,0.0,0.0,0.0,0.0,0.0,0.0,0.0,0.0,0.0,0.0,0.0,0.0,0.0,0.0,0.0,0.0,0.0,0.0,0.0,0.0,0.0,0.0,0.0,0.0,0.0,0.0,0.0,0.0,0.0,0.0,0.0,0.0,0.0,0.0,0.0,0.0,0.0,0.0,0.0,0.0,0.0,0.0,0.0,0.0,0.0,0.0,0.0,0.0,0.0,0.0,0.0,0.0,0.0,0.0,0.0,0.0,0.0,0.0,0.0,0.0,0.0,0.0,0.0,0.0,0.0,0.0,0.0,0.0,0.0,0.0,0.0,0.0,0.0,0.0,0.0,0.0,0.0,0.0,0.0,0.0,0.0,0.0,0.0,0.0,0.0,0.0,0.0,0.0,0.0,0.0,0.0,0.0,0.0,0.0,0.0,0.0,0.0,0.0,0.0,0.0,0.0,0.0,0.0,0.0,0.0,0.0,0.0
3943,0.0,0.0,0.2230512499809265,0.0,0.0,0.0,0.0751332193613052,0.0,0.0,0.0,0.0,0.4639652371406555,0.0,0.0,0.0,0.0,0.0,0.0,0.0,0.0,0.0324263982474803,0.0,0.0,0.0,0.0,0.0,0.0,0.0,0.0,0.3912223875522613,0.0,0.4589570462703705,0.0,0.0,0.0,0.0,0.0,0.0,0.0,0.0,0.0,0.0,0.0,0.0,0.0,0.0,0.0,0.0,0.0,0.0,0.0,0.0,0.0,0.0,0.0,0.0,0.0651064440608024,0.0,0.0,0.0,0.0,0.0,0.0065585006959736,0.0,0.0,0.0,0.0,0.0,0.0,0.3175517916679382,0.0,0.0,0.0,0.0,0.0,0.0,0.0,0.0,0.0,0.0,0.0,0.0,0.0909409075975418,0.0,0.0,0.0,0.1333760023117065,0.0,0.0,0.0,0.0,0.3348983228206634,0.0,0.0,0.0,0.0,0.0,0.0,0.0,0.0,0.0,0.0,0.0,0.0,0.0,0.0,0.0,0.0,0.0,0.0,0.0,0.0,0.0,0.0,0.4656562805175781,0.0,0.0,0.0,0.0,0.0,0.0,0.0,0.0,0.0,0.0,0.0,0.0,0.0
3944,0.0,0.0,0.0,0.0,0.0,0.0,0.0,0.0,0.0,0.0,0.0,0.0,0.0,0.0,0.0,0.0,0.0,0.0,0.0,0.0,0.0,0.0,0.0,0.0,0.0,0.0,0.0,0.0,0.0,0.0,0.0,0.0,0.0,0.0,0.0,0.0,0.0,0.0,0.0,0.0,0.0,0.0,0.0,0.0,0.0,0.0,0.0,0.0,0.0,0.0,0.0,0.0,0.0,0.0,0.0,0.0,0.0,0.0,0.0,0.0,0.0,0.0,0.0,0.0,0.0,0.0,0.0,0.0,0.0,0.0,0.0,0.0,0.0,0.0,0.0,0.0,0.0,0.0,0.0,0.0,0.0,0.0,0.0,0.0,0.0,0.0,0.0,0.0,0.0,0.0,0.0,0.0,0.0,0.0,0.0,0.0,0.0,0.0,0.0,0.0,0.0,0.0,0.0,0.0,0.0,0.0,0.0,0.0,0.0,0.0,0.0,0.0,0.0,0.0,0.0,0.0,0.0,0.0,0.0,0.0,0.0,0.0,0.0,0.0,0.0,0.0,0.0,0.0
3946,0.0,0.0,0.0,0.0,0.0,0.0,0.0,0.0,0.0,0.0,0.0,0.0,0.0,0.0,0.0,0.0,0.0,0.0,0.0,0.0,0.0,0.0,0.0,0.0,0.0,0.0,0.0,0.0,0.0,0.0,0.0,0.0,0.0,0.0,0.0,0.0,0.0,0.0,0.0,0.0,0.0,0.0,0.0,0.0,0.0,0.0,0.0,0.0,0.0,0.0,0.0,0.0,0.0,0.0,0.0,0.0,0.0,0.0,0.0,0.0,0.0,0.0,0.0,0.0,0.0,0.0,0.0,0.0,0.0,0.0,0.0,0.0,0.0,0.0,0.0,0.0,0.0,0.0,0.0,0.0,0.0,0.0,0.0,0.0,0.0,0.0,0.0,0.0,0.0,0.0,0.0,0.0,0.0,0.0,0.0,0.0,0.0,0.0,0.0,0.0,0.0,0.0,0.0,0.0,0.0,0.0,0.0,0.0,0.0,0.0,0.0,0.0,0.0,0.0,0.0,0.0,0.0,0.0,0.0,0.0,0.0,0.0,0.0,0.0,0.0,0.0,0.0,0.0
3948,0.0,0.0,0.0,0.0,0.0,0.0,0.0,0.0,0.0,0.0,0.0,0.0,0.0,0.0,0.0,0.0,0.0,0.0,0.0,0.0,0.0,0.0,0.0,0.0,0.0,0.0,0.0,0.0,0.0,0.0,0.0,0.0,0.0,0.0,0.0,0.0,0.0,0.0,0.0,0.0,0.0,0.0,0.0,0.0,0.0,0.0,0.0,0.0,0.0,0.0,0.0,0.0,0.0,0.0,0.0,0.0,0.0,0.0,0.0,0.0,0.0,0.0,0.0,0.0,0.0,0.0,0.0,0.0,0.0,0.0,0.0,0.0,0.0,0.0,0.0,0.0,0.0,0.0,0.0,0.0,0.0,0.0,0.0,0.0,0.0,0.0,0.0,0.0,0.0,0.0,0.0,0.0,0.0,0.0,0.0,0.0,0.0,0.0,0.0,0.0,0.0,0.0,0.0,0.0,0.0,0.0,0.0,0.0,0.0,0.0,0.0,0.0,0.0,0.0,0.0,0.0,0.0,0.0,0.0,0.0,0.0,0.0,0.0,0.0,0.0,0.0,0.0,0.0
3949,0.0,0.0,0.0,0.0,0.0,0.0,0.0,0.0,0.0,0.0,0.0,0.0,0.0,0.0,0.0,0.0,0.0,0.0,0.0,0.0,0.0,0.0,0.0,0.0,0.0,0.0,0.0,0.0,0.0,0.0,0.0,0.0,0.0,0.0,0.0,0.0,0.0,0.0,0.0,0.0,0.0,0.0,0.0,0.0,0.0,0.0,0.0,0.0,0.0,0.0,0.0,0.0,0.0,0.0,0.0,0.0,0.0,0.0,0.0,0.0,0.0,0.0,0.0,0.0,0.0,0.0,0.0,0.0,0.0,0.0,0.0,0.0,0.0,0.0,0.0,0.0,0.0,0.0,0.0,0.0,0.0,0.0,0.0,0.0,0.0,0.0,0.0,0.0,0.0,0.0,0.0,0.0,0.0,0.0,0.0,0.0,0.0,0.0,0.0,0.0,0.0,0.0,0.0,0.0,0.0,0.0,0.0,0.0,0.0,0.0,0.0,0.0,0.0,0.0,0.0,0.0,0.0,0.0,0.0,0.0,0.0,0.0,0.0,0.0,0.0,0.0,0.0,0.0
3958,0.0,0.0,0.2234176099300384,0.0,0.0,0.0,0.0757775232195854,0.0,0.0,0.0,0.0,0.4635086059570312,0.0,0.0,0.0,0.0,0.0,0.0,0.0,0.0,0.0330847017467021,0.0,0.0,0.0,0.0,0.0,0.0,0.0,0.0,0.3886423707008362,0.0,0.4571319818496704,0.0,0.0,0.0,0.0,0.0,0.0,0.0,0.0,0.0,0.0,0.0,0.0,0.0,0.0,0.0,0.0,0.0,0.0,0.0,0.0,0.0,0.0,0.0,0.0,0.0636546686291694,0.0,0.0,0.0,0.0,0.0,0.0060670720413327,0.0,0.0,0.0,0.0,0.0,0.0,0.3129579126834869,0.0,0.0,0.0,0.0,0.0,0.0,0.0,0.0,0.0,0.0,0.0,0.0,0.0908272936940193,0.0,0.0,0.0,0.145455002784729,0.0,0.0,0.0,0.0,0.3211236596107483,0.0,0.0,0.0,0.0,0.0,0.0,0.0,0.0,0.0,0.0,0.0,0.0,0.0,0.0,0.0,0.0,0.0,0.0,0.0,0.0,0.0,0.0,0.4596282839775085,0.0,0.0,0.0,0.0,0.0,0.0,0.0,0.0,0.0,0.0,0.0,0.0,0.0
3960,0.0,0.0,0.0,0.0,0.0,0.0,0.0,0.0,0.0,0.0,0.0,0.0,0.0,0.0,0.0,0.0,0.0,0.0,0.0,0.0,0.0,0.0,0.0,0.0,0.0,0.0,0.0,0.0,0.0,0.0,0.0,0.0,0.0,0.0,0.0,0.0,0.0,0.0,0.0,0.0,0.0,0.0,0.0,0.0,0.0,0.0,0.0,0.0,0.0,0.0,0.0,0.0,0.0,0.0,0.0,0.0,0.0,0.0,0.0,0.0,0.0,0.0,0.0,0.0,0.0,0.0,0.0,0.0,0.0,0.0,0.0,0.0,0.0,0.0,0.0,0.0,0.0,0.0,0.0,0.0,0.0,0.0,0.0,0.0,0.0,0.0,0.0,0.0,0.0,0.0,0.0,0.0,0.0,0.0,0.0,0.0,0.0,0.0,0.0,0.0,0.0,0.0,0.0,0.0,0.0,0.0,0.0,0.0,0.0,0.0,0.0,0.0,0.0,0.0,0.0,0.0,0.0,0.0,0.0,0.0,0.0,0.0,0.0,0.0,0.0,0.0,0.0,0.0
3963,0.0,0.0,0.0,0.0,0.0,0.0,0.0,0.0,0.0,0.0,0.0,0.0,0.0,0.0,0.0,0.0,0.0,0.0,0.0,0.0,0.0,0.0,0.0,0.0,0.0,0.0,0.0,0.0,0.0,0.0,0.0,0.0,0.0,0.0,0.0,0.0,0.0,0.0,0.0,0.0,0.0,0.0,0.0,0.0,0.0,0.0,0.0,0.0,0.0,0.0,0.0,0.0,0.0,0.0,0.0,0.0,0.0,0.0,0.0,0.0,0.0,0.0,0.0,0.0,0.0,0.0,0.0,0.0,0.0,0.0,0.0,0.0,0.0,0.0,0.0,0.0,0.0,0.0,0.0,0.0,0.0,0.0,0.0,0.0,0.0,0.0,0.0,0.0,0.0,0.0,0.0,0.0,0.0,0.0,0.0,0.0,0.0,0.0,0.0,0.0,0.0,0.0,0.0,0.0,0.0,0.0,0.0,0.0,0.0,0.0,0.0,0.0,0.0,0.0,0.0,0.0,0.0,0.0,0.0,0.0,0.0,0.0,0.0,0.0,0.0,0.0,0.0,0.0
3967,0.0,0.0,0.0,0.0,0.0,0.0,0.0,0.0,0.0,0.0,0.0,0.0,0.0,0.0,0.0,0.0,0.0,0.0,0.0,0.0,0.0,0.0,0.0,0.0,0.0,0.0,0.0,0.0,0.0,0.0,0.0,0.0,0.0,0.0,0.0,0.0,0.0,0.0,0.0,0.0,0.0,0.0,0.0,0.0,0.0,0.0,0.0,0.0,0.0,0.0,0.0,0.0,0.0,0.0,0.0,0.0,0.0,0.0,0.0,0.0,0.0,0.0,0.0,0.0,0.0,0.0,0.0,0.0,0.0,0.0,0.0,0.0,0.0,0.0,0.0,0.0,0.0,0.0,0.0,0.0,0.0,0.0,0.0,0.0,0.0,0.0,0.0,0.0,0.0,0.0,0.0,0.0,0.0,0.0,0.0,0.0,0.0,0.0,0.0,0.0,0.0,0.0,0.0,0.0,0.0,0.0,0.0,0.0,0.0,0.0,0.0,0.0,0.0,0.0,0.0,0.0,0.0,0.0,0.0,0.0,0.0,0.0,0.0,0.0,0.0,0.0,0.0,0.0
3974,0.0,0.0,0.0,0.0,0.0,0.0,0.0,0.0,0.0,0.0,0.0,0.0,0.0,0.0,0.0,0.0,0.0,0.0,0.0,0.0,0.0,0.0,0.0,0.0,0.0,0.0,0.0,0.0,0.0,0.0,0.0,0.0,0.0,0.0,0.0,0.0,0.0,0.0,0.0,0.0,0.0,0.0,0.0,0.0,0.0,0.0,0.0,0.0,0.0,0.0,0.0,0.0,0.0,0.0,0.0,0.0,0.0,0.0,0.0,0.0,0.0,0.0,0.0,0.0,0.0,0.0,0.0,0.0,0.0,0.0,0.0,0.0,0.0,0.0,0.0,0.0,0.0,0.0,0.0,0.0,0.0,0.0,0.0,0.0,0.0,0.0,0.0,0.0,0.0,0.0,0.0,0.0,0.0,0.0,0.0,0.0,0.0,0.0,0.0,0.0,0.0,0.0,0.0,0.0,0.0,0.0,0.0,0.0,0.0,0.0,0.0,0.0,0.0,0.0,0.0,0.0,0.0,0.0,0.0,0.0,0.0,0.0,0.0,0.0,0.0,0.0,0.0,0.0
3978,0.0,0.0,0.2227191776037216,0.0,0.0,0.0,0.0747039094567298,0.0,0.0,0.0,0.0,0.4646232724189758,0.0,0.0,0.0,0.0,0.0,0.0,0.0,0.0,0.0321994014084339,0.0,0.0,0.0,0.0,0.0,0.0,0.0,0.0,0.3913628160953522,0.0,0.4579851031303406,0.0,0.0,0.0,0.0,0.0,0.0,0.0,0.0,0.0,0.0,0.0,0.0,0.0,0.0,0.0,0.0,0.0,0.0,0.0,0.0,0.0,0.0,0.0,0.0,0.0657455027103424,0.0,0.0,0.0,0.0,0.0,0.0068350001238286,0.0,0.0,0.0,0.0,0.0,0.0,0.3221414983272552,0.0,0.0,0.0,0.0,0.0,0.0,0.0,0.0,0.0,0.0,0.0,0.0,0.0909451991319656,0.0,0.0,0.0,0.107914999127388,0.0,0.0,0.0,0.0,0.3351103067398071,0.0,0.0,0.0,0.0,0.0,0.0,0.0,0.0,0.0,0.0,0.0,0.0,0.0,0.0,0.0,0.0,0.0,0.0,0.0,0.0,0.0,0.0,0.4660481810569763,0.0,0.0,0.0,0.0,0.0,0.0,0.0,0.0,0.0,0.0,0.0,0.0,0.0
3982,0.0,0.0,0.0,0.0,0.0,0.0,0.0,0.0,0.0,0.0,0.0,0.0,0.0,0.0,0.0,0.0,0.0,0.0,0.0,0.0,0.0,0.0,0.0,0.0,0.0,0.0,0.0,0.0,0.0,0.0,0.0,0.0,0.0,0.0,0.0,0.0,0.0,0.0,0.0,0.0,0.0,0.0,0.0,0.0,0.0,0.0,0.0,0.0,0.0,0.0,0.0,0.0,0.0,0.0,0.0,0.0,0.0,0.0,0.0,0.0,0.0,0.0,0.0,0.0,0.0,0.0,0.0,0.0,0.0,0.0,0.0,0.0,0.0,0.0,0.0,0.0,0.0,0.0,0.0,0.0,0.0,0.0,0.0,0.0,0.0,0.0,0.0,0.0,0.0,0.0,0.0,0.0,0.0,0.0,0.0,0.0,0.0,0.0,0.0,0.0,0.0,0.0,0.0,0.0,0.0,0.0,0.0,0.0,0.0,0.0,0.0,0.0,0.0,0.0,0.0,0.0,0.0,0.0,0.0,0.0,0.0,0.0,0.0,0.0,0.0,0.0,0.0,0.0
3985,0.0,0.0,0.0,0.0,0.0,0.0,0.0,0.0,0.0,0.0,0.0,0.0,0.0,0.0,0.0,0.0,0.0,0.0,0.0,0.0,0.0,0.0,0.0,0.0,0.0,0.0,0.0,0.0,0.0,0.0,0.0,0.0,0.0,0.0,0.0,0.0,0.0,0.0,0.0,0.0,0.0,0.0,0.0,0.0,0.0,0.0,0.0,0.0,0.0,0.0,0.0,0.0,0.0,0.0,0.0,0.0,0.0,0.0,0.0,0.0,0.0,0.0,0.0,0.0,0.0,0.0,0.0,0.0,0.0,0.0,0.0,0.0,0.0,0.0,0.0,0.0,0.0,0.0,0.0,0.0,0.0,0.0,0.0,0.0,0.0,0.0,0.0,0.0,0.0,0.0,0.0,0.0,0.0,0.0,0.0,0.0,0.0,0.0,0.0,0.0,0.0,0.0,0.0,0.0,0.0,0.0,0.0,0.0,0.0,0.0,0.0,0.0,0.0,0.0,0.0,0.0,0.0,0.0,0.0,0.0,0.0,0.0,0.0,0.0,0.0,0.0,0.0,0.0
3987,0.0410266667604446,0.0,0.0321103334426879,0.0,0.1085916683077812,0.0,0.0,0.0,0.0,0.0403940007090568,0.0,0.0775090008974075,0.0,0.0,0.0,0.0,0.0,0.0,0.0,0.0,0.0,0.0,0.0,0.0,0.0,0.0,0.3992019891738891,0.2564609944820404,0.1281214952468872,0.0,0.0,0.0,0.2580916881561279,0.0,0.0,0.0,0.0401144996285438,0.0,0.0211130008101463,0.0,0.0,0.0,0.0,0.0,0.0,0.0,0.0,0.0414060018956661,0.0,0.0,0.0,0.0,0.0,0.0,0.0,0.431537002325058,0.0,0.0,0.0,0.0,0.0,0.12219949811697,0.0,0.0,0.0,0.0,0.2143569886684417,0.2253510057926178,0.0,0.0,0.0,0.4647855162620544,0.0,0.0,0.0,0.1031209975481033,0.0,0.0,0.0,0.2468750029802322,0.0,0.0,0.0,0.0,0.0,0.0,0.2357749938964843,0.0,0.0,0.0,0.0,0.4232106804847717,0.0,0.3426060080528259,0.0,0.1397929936647415,0.2894720137119293,0.0,0.2369624972343444,0.0,0.0,0.0,0.0,0.0,0.0,0.0,0.0,0.0,0.0,0.0,0.0,0.0,0.1852116584777832,0.0,0.1881294995546341,0.0,0.1910655051469802,0.0,0.0,0.0703426674008369,0.0,0.0,0.0,0.4163109958171844,0.2962794899940491,0.0,0.0,0.0
3988,0.0,0.0,0.0,0.0,0.0,0.0,0.0,0.0,0.0,0.0,0.0,0.0,0.0,0.0,0.0,0.0,0.0,0.0,0.0,0.0,0.0,0.0,0.0,0.0,0.0,0.0,0.0,0.0,0.0,0.0,0.0,0.0,0.0,0.0,0.0,0.0,0.0,0.0,0.0,0.0,0.0,0.0,0.0,0.0,0.0,0.0,0.0,0.0,0.0,0.0,0.0,0.0,0.0,0.0,0.0,0.0,0.0,0.0,0.0,0.0,0.0,0.0,0.0,0.0,0.0,0.0,0.0,0.0,0.0,0.0,0.0,0.0,0.0,0.0,0.0,0.0,0.0,0.0,0.0,0.0,0.0,0.0,0.0,0.0,0.0,0.0,0.0,0.0,0.0,0.0,0.0,0.0,0.0,0.0,0.0,0.0,0.0,0.0,0.0,0.0,0.0,0.0,0.0,0.0,0.0,0.0,0.0,0.0,0.0,0.0,0.0,0.0,0.0,0.0,0.0,0.0,0.0,0.0,0.0,0.0,0.0,0.0,0.0,0.0,0.0,0.0,0.0,0.0
3992,0.0969944223761558,0.0,0.1091241911053657,0.0610845983028411,0.1247961670160293,0.0,0.0,0.0,0.0,0.0,0.0298037957400083,0.0,0.0,0.0427007749676704,0.0556696690618991,0.1126463860273361,0.0900125801563263,0.1305539309978485,0.089005596935749,0.0,0.0,0.0,0.123424232006073,0.0,0.1079959571361541,0.0967002287507057,0.1242394298315048,0.0758785158395767,0.0,0.0,0.1393442451953888,0.1063383445143699,0.1439379453659057,0.1880315244197845,0.2344899475574493,0.2253805249929428,0.0924380347132682,0.0,0.0,0.0,0.2950197756290436,0.0842983275651931,0.0,0.0570500642061233,0.1236001402139663,0.0819542631506919,0.2166810929775238,0.0,0.1773397773504257,0.0820669457316398,0.1377002894878387,0.0,0.0862600058317184,0.0,0.0982378646731376,0.0,0.0783217176795005,0.0,0.0,0.0,0.0,0.0,0.1314831674098968,0.1277537792921066,0.1350687444210052,0.1169341430068016,0.0,0.252227634191513,0.0,0.0862028524279594,0.0,0.0,0.0456194765865802,0.0,0.1046274378895759,0.0,0.0502690561115741,0.0,0.0,0.1155110225081443,0.0,0.0815635472536087,0.0,0.1559185981750488,0.0,0.0834145843982696,0.0,0.0,0.1923630833625793,0.0636519119143486,0.0,0.1258173435926437,0.0,0.0,0.1665367782115936,0.0903050154447555,0.0696604251861572,0.1348997354507446,0.0,0.0,0.0,0.0,0.1986658871173858,0.0,0.0,0.1703239530324936,0.0,0.0,0.1724050939083099,0.0661935806274414,0.0490103363990783,0.1495495587587356,0.0,0.0,0.1006615832448005,0.091321162879467,0.0,0.1427312046289444,0.0,0.0828412845730781,0.0,0.0767495483160018,0.0,0.0483799614012241,0.0,0.0,0.0,0.0
3995,0.0,0.0,0.0,0.0,0.0,0.0,0.0,0.0,0.0,0.0,0.0,0.0,0.0,0.0,0.0,0.0,0.0,0.0,0.0,0.0,0.0,0.0,0.0,0.0,0.0,0.0,0.0,0.0,0.0,0.0,0.0,0.0,0.0,0.0,0.0,0.0,0.0,0.0,0.0,0.0,0.0,0.0,0.0,0.0,0.0,0.0,0.0,0.0,0.0,0.0,0.0,0.0,0.0,0.0,0.0,0.0,0.0,0.0,0.0,0.0,0.0,0.0,0.0,0.0,0.0,0.0,0.0,0.0,0.0,0.0,0.0,0.0,0.0,0.0,0.0,0.0,0.0,0.0,0.0,0.0,0.0,0.0,0.0,0.0,0.0,0.0,0.0,0.0,0.0,0.0,0.0,0.0,0.0,0.0,0.0,0.0,0.0,0.0,0.0,0.0,0.0,0.0,0.0,0.0,0.0,0.0,0.0,0.0,0.0,0.0,0.0,0.0,0.0,0.0,0.0,0.0,0.0,0.0,0.0,0.0,0.0,0.0,0.0,0.0,0.0,0.0,0.0,0.0
3997,0.0378425903618335,0.0,0.0,0.0073871375061571,0.1689595878124237,0.0387881696224212,0.045664120465517,0.2510639429092407,0.0,0.0331849232316017,0.0,0.0131596978753805,0.0771267935633659,0.1042510569095611,0.0,0.0,0.2218991369009018,0.0522307939827442,0.0,0.1215231716632843,0.0,0.0797903016209602,0.0,0.0,0.0089172320440411,0.0,0.0,0.0,0.0816457122564315,0.1421834975481033,0.0,0.0,0.0,0.0524135455489158,0.0,0.0778566002845764,0.0210715010762214,0.0,0.0,0.0551752001047134,0.1809098869562149,0.0534189864993095,0.0,0.0444419234991073,0.0257567707449197,0.0267802495509386,0.0558187067508697,0.0965271219611167,0.0,0.0,0.0339634418487548,0.0,0.0107782110571861,0.0,0.0696313381195068,0.0,0.1035943999886512,0.0,0.0360841080546379,0.0,0.0149113610386848,0.0,0.0,0.0,0.0,0.0,0.0,0.0,0.0810533314943313,0.0188003610819578,0.0390506461262702,0.0,0.0,0.1107172742486,0.1036144942045211,0.026114210486412,0.0,0.0,0.0,0.0,0.0068407119251787,0.0,0.0,0.1598684638738632,0.0,0.0,0.0,0.0,0.1151474267244339,0.0751061141490936,0.0574661046266555,0.0,0.0,0.0,0.0,0.0,0.0502861514687538,0.0,0.0362523682415485,0.0,0.0154506545513868,0.0,0.0,0.0,0.1232881397008895,0.0,0.0212323982268571,0.0,0.0,0.0,0.0,0.0076151569373905,0.0,0.160073921084404,0.0,0.0,0.0854942575097084,0.0,0.0,0.1510055065155029,0.0,0.0049764113500714,0.0,0.0,0.0,0.0,0.0,0.1450800448656082
3998,0.0,0.0,0.0,0.0,0.0,0.0,0.0,0.0,0.0,0.0,0.0,0.0,0.0,0.0,0.0,0.0,0.0,0.0,0.0,0.0,0.0,0.0,0.0,0.0,0.0,0.0,0.0,0.0,0.0,0.0,0.0,0.0,0.0,0.0,0.0,0.0,0.0,0.0,0.0,0.0,0.0,0.0,0.0,0.0,0.0,0.0,0.0,0.0,0.0,0.0,0.0,0.0,0.0,0.0,0.0,0.0,0.0,0.0,0.0,0.0,0.0,0.0,0.0,0.0,0.0,0.0,0.0,0.0,0.0,0.0,0.0,0.0,0.0,0.0,0.0,0.0,0.0,0.0,0.0,0.0,0.0,0.0,0.0,0.0,0.0,0.0,0.0,0.0,0.0,0.0,0.0,0.0,0.0,0.0,0.0,0.0,0.0,0.0,0.0,0.0,0.0,0.0,0.0,0.0,0.0,0.0,0.0,0.0,0.0,0.0,0.0,0.0,0.0,0.0,0.0,0.0,0.0,0.0,0.0,0.0,0.0,0.0,0.0,0.0,0.0,0.0,0.0,0.0
4002,0.9201689958572388,0.916867971420288,0.981492280960083,0.8565691709518433,0.8057817220687866,0.3443678617477417,0.924164354801178,0.533685564994812,0.7209537029266357,0.7983100414276123,0.9595307111740112,0.6787391901016235,0.942714273929596,0.9790618419647216,0.97218918800354,0.8013392686843872,0.8934715390205383,0.5690221190452576,0.9107258915901184,0.7323712110519409,0.859781801700592,0.5381296277046204,0.8050674796104431,0.9749227166175842,0.8822149634361267,0.9283097386360168,0.393034279346466,0.8373082280158997,0.8165246844291687,0.7859945297241211,0.8890385627746582,0.8321068286895752,0.7604774236679077,0.7884454131126404,0.917345404624939,0.9478440880775452,0.907553493976593,0.6829184889793396,0.9167789220809937,0.8020181655883789,0.8478366732597351,0.8385930061340332,0.8437050580978394,0.7163994312286377,0.8820639252662659,0.8152937293052673,0.5010048747062683,0.9006714224815369,0.754844605922699,0.915221095085144,0.2745939493179321,0.9736689925193788,0.7823367118835449,0.7389512062072754,0.9555564522743224,0.9381556510925292,0.0263032224029302,0.89024418592453,0.9351420402526855,0.8099986910820007,0.7984960675239563,0.3163822293281555,0.8127257227897644,0.1656267940998077,0.9144232869148254,0.8774996995925903,0.827843427658081,0.7305460572242737,0.5793838500976562,0.7711787223815918,0.7638287544250488,0.9503588676452636,0.511236310005188,0.8121733069419861,0.0532675236463546,0.8702542781829834,0.9341161847114564,0.505509614944458,0.7480674386024475,0.4500927031040191,0.8557014465332031,0.9343520998954772,0.0675217062234878,0.5655284523963928,0.9340745806694032,0.8671950697898865,0.9452764391899108,0.964860498905182,0.687164306640625,0.7972684502601624,0.9438551664352416,0.938629150390625,0.9294405579566956,0.9126831889152528,0.9005842804908752,0.7955575585365295,0.903811812400818,0.8644362092018127,0.9672713875770568,0.8790799379348755,0.8335353136062622,0.8225690722465515,0.9088073968887328,0.959186553955078,0.8065396547317505,0.9856497645378112,0.774822473526001,0.9481829404830932,0.8205004930496216,0.1116513311862945,0.6949681639671326,0.8435755372047424,0.9450539946556092,0.9559081196784972,0.8711349964141846,0.8896202445030212,0.9867848753929138,0.9228290915489196,0.5598879456520081,0.78422611951828,0.0509034879505634,0.7616657018661499,0.6684977412223816,0.8694965839385986,0.927459478378296,0.4489811956882477,0.8586326241493225,0.6042040586471558
4004,0.0,0.0,0.0,0.0,0.0,0.0,0.0,0.0,0.0,0.0,0.0,0.0,0.0,0.0,0.0,0.0,0.0,0.0,0.0,0.0,0.0,0.0,0.0,0.0,0.0,0.0,0.0,0.0,0.0,0.0,0.0,0.0,0.0,0.0,0.0,0.0,0.0,0.0,0.0,0.0,0.0,0.0,0.0,0.0,0.0,0.0,0.0,0.0,0.0,0.0,0.0,0.0,0.0,0.0,0.0,0.0,0.0,0.0,0.0,0.0,0.0,0.0,0.0,0.0,0.0,0.0,0.0,0.0,0.0,0.0,0.0,0.0,0.0,0.0,0.0,0.0,0.0,0.0,0.0,0.0,0.0,0.0,0.0,0.0,0.0,0.0,0.0,0.0,0.0,0.0,0.0,0.0,0.0,0.0,0.0,0.0,0.0,0.0,0.0,0.0,0.0,0.0,0.0,0.0,0.0,0.0,0.0,0.0,0.0,0.0,0.0,0.0,0.0,0.0,0.0,0.0,0.0,0.0,0.0,0.0,0.0,0.0,0.0,0.0,0.0,0.0,0.0,0.0
4008,0.0,0.0,0.0,0.0,0.0,0.0,0.0,0.0,0.0,0.0,0.0,0.0,0.0,0.0,0.2131839990615844,0.0,0.0,0.0,0.2351264953613281,0.0,0.0,0.0,0.0,0.0,0.0,0.0,0.0,0.0,0.0,0.0,0.0,0.0,0.0,0.1826259940862655,0.0,0.0,0.0,0.0,0.0,0.0,0.0,0.0,0.0,0.2470635026693344,0.0,0.0,0.3760434985160827,0.0,0.0,0.0,0.0,0.0,0.0,0.0,0.0,0.0,0.0,0.1208939999341964,0.0,0.0,0.0,0.0,0.0,0.0,0.1125650033354759,0.0,0.0,0.0,0.0,0.0,0.0,0.0,0.0,0.0,0.1082129999995231,0.0,0.0,0.0,0.0,0.0,0.0,0.0,0.3361330032348633,0.0,0.0,0.0,0.0,0.1265745013952255,0.0,0.0,0.0,0.0,0.3289420008659363,0.0,0.0,0.0,0.0,0.0,0.0,0.0,0.0,0.0,0.0,0.0,0.0,0.0,0.0,0.0,0.0,0.0,0.0,0.0,0.0,0.0,0.0,0.0,0.0,0.0,0.0,0.0,0.0,0.0,0.0,0.0,0.0,0.0,0.0,0.0
4010,0.0,0.0547987706959247,0.0,0.0,0.1862160563468933,0.0,0.0,0.137589618563652,0.0675660371780395,0.0955681577324867,0.0,0.0787338241934776,0.0,0.1361086219549179,0.094012014567852,0.2203948497772216,0.1222823485732078,0.0,0.0,0.0,0.1870766133069992,0.2796874046325683,0.1799419969320297,0.1493516266345977,0.0,0.095550924539566,0.1214524060487747,0.0,0.0649662688374519,0.0,0.0,0.0,0.1377263367176056,0.0,0.0,0.0,0.2284952253103256,0.0,0.1782141923904419,0.1144832745194435,0.0,0.0,0.2230270355939865,0.081037200987339,0.0,0.0,0.1247510388493537,0.0985157713294029,0.2474012076854705,0.0681305304169654,0.0,0.0,0.0,0.1301284581422805,0.1587922871112823,0.0,0.142262190580368,0.167374312877655,0.0,0.0,0.1105833351612091,0.0,0.0862788930535316,0.1863033473491668,0.149023175239563,0.0,0.0,0.0,0.0,0.0,0.0956911370158195,0.0,0.1960432678461074,0.0,0.0,0.0518910400569438,0.0,0.0,0.1371817290782928,0.1281352788209915,0.1018233150243759,0.3172384202480316,0.1822355836629867,0.0,0.0,0.0,0.0,0.0,0.1188184767961502,0.1238321810960769,0.2442064434289932,0.1116149872541427,0.1323771476745605,0.0,0.0,0.0,0.1719544976949691,0.1758672446012497,0.0,0.0,0.1953625977039337,0.0,0.161056563258171,0.0453941039741039,0.0,0.0,0.0450318679213523,0.0,0.1739846020936966,0.2491715252399444,0.0,0.0,0.0,0.1132599636912345,0.0,0.1793508380651474,0.0,0.2448433935642242,0.0,0.0,0.0,0.1571593284606933,0.2347902655601501,0.0448005311191082,0.0,0.0840821415185928,0.1216679587960243,0.0
4015,0.0,0.0,0.0,0.0,0.0,0.0,0.0,0.0,0.0,0.0,0.0,0.0,0.0,0.0,0.0,0.0,0.0,0.0,0.0,0.0,0.0,0.0,0.0,0.0,0.0,0.0,0.0,0.0,0.0,0.0,0.0,0.0,0.0,0.0,0.0,0.0,0.0,0.0,0.0,0.0,0.0,0.0,0.0,0.0,0.0,0.0,0.0,0.0,0.0,0.0,0.0,0.0,0.0,0.0,0.0,0.0,0.0,0.0,0.0,0.0,0.0,0.0,0.0,0.0,0.0,0.0,0.0,0.0,0.0,0.0,0.0,0.0,0.0,0.0,0.0,0.0,0.0,0.0,0.0,0.0,0.0,0.0,0.0,0.0,0.0,0.0,0.0,0.0,0.0,0.0,0.0,0.0,0.0,0.0,0.0,0.0,0.0,0.0,0.0,0.0,0.0,0.0,0.0,0.0,0.0,0.0,0.0,0.0,0.0,0.0,0.0,0.0,0.0,0.0,0.0,0.0,0.0,0.0,0.0,0.0,0.0,0.0,0.0,0.0,0.0,0.0,0.0,0.0
4018,0.0,0.0,0.0,0.0,0.0,0.0,0.0,0.0,0.0,0.0,0.0,0.0,0.0,0.0,0.0,0.0,0.0,0.0,0.0,0.0,0.0,0.0,0.0,0.0,0.0,0.0,0.0,0.0,0.0,0.0,0.0,0.0,0.0,0.0,0.0,0.0,0.0,0.0,0.0,0.0,0.0,0.0,0.0,0.0,0.0,0.0,0.0,0.0,0.0,0.0,0.0,0.0,0.0,0.0,0.0,0.0,0.0,0.0,0.0,0.0,0.0,0.0,0.0,0.0,0.0,0.0,0.0,0.0,0.0,0.0,0.0,0.0,0.0,0.0,0.0,0.0,0.0,0.0,0.0,0.0,0.0,0.0,0.0,0.0,0.0,0.0,0.0,0.0,0.0,0.0,0.0,0.0,0.0,0.0,0.0,0.0,0.0,0.0,0.0,0.0,0.0,0.0,0.0,0.0,0.0,0.0,0.0,0.0,0.0,0.0,0.0,0.0,0.0,0.0,0.0,0.0,0.0,0.0,0.0,0.0,0.0,0.0,0.0,0.0,0.0,0.0,0.0,0.0
4019,0.0,0.0,0.0,0.0,0.0,0.0,0.0,0.0,0.0,0.0,0.0,0.0,0.0,0.0,0.0,0.0,0.0,0.0,0.0,0.0,0.0,0.0,0.0,0.0,0.0,0.0,0.0,0.0,0.0,0.0,0.0,0.0,0.0,0.0,0.0,0.0,0.0,0.0,0.0,0.0,0.0,0.0,0.0,0.0,0.0,0.0,0.0,0.0,0.0,0.0,0.0,0.0,0.0,0.0,0.0,0.0,0.0,0.0,0.0,0.0,0.0,0.0,0.0,0.0,0.0,0.0,0.0,0.0,0.0,0.0,0.0,0.0,0.0,0.0,0.0,0.0,0.0,0.0,0.0,0.0,0.0,0.0,0.0,0.0,0.0,0.0,0.0,0.0,0.0,0.0,0.0,0.0,0.0,0.0,0.0,0.0,0.0,0.0,0.0,0.0,0.0,0.0,0.0,0.0,0.0,0.0,0.0,0.0,0.0,0.0,0.0,0.0,0.0,0.0,0.0,0.0,0.0,0.0,0.0,0.0,0.0,0.0,0.0,0.0,0.0,0.0,0.0,0.0
4025,0.0,0.0,0.0,0.0,0.0,0.0,0.0,0.0,0.0,0.0,0.0,0.0,0.0,0.0,0.0,0.0,0.0,0.0,0.0,0.0,0.0,0.0,0.0,0.0,0.0,0.0,0.0,0.0,0.0,0.0,0.0,0.0,0.0,0.0,0.0,0.0,0.0,0.0,0.0,0.0,0.0,0.0,0.0,0.0,0.0,0.0,0.0,0.0,0.0,0.0,0.0,0.0,0.0,0.0,0.0,0.0,0.0,0.0,0.0,0.0,0.0,0.0,0.0,0.0,0.0,0.0,0.0,0.0,0.0,0.0,0.0,0.0,0.0,0.0,0.0,0.0,0.0,0.0,0.0,0.0,0.0,0.0,0.0,0.0,0.0,0.0,0.0,0.0,0.0,0.0,0.0,0.0,0.0,0.0,0.0,0.0,0.0,0.0,0.0,0.0,0.0,0.0,0.0,0.0,0.0,0.0,0.0,0.0,0.0,0.0,0.0,0.0,0.0,0.0,0.0,0.0,0.0,0.0,0.0,0.0,0.0,0.0,0.0,0.0,0.0,0.0,0.0,0.0
4026,0.0,0.0,0.0,0.0,0.0,0.0,0.0,0.0,0.0,0.0,0.0,0.0,0.0,0.0,0.0,0.0,0.0,0.0,0.0,0.0,0.0,0.0,0.0,0.0,0.0,0.0,0.0,0.0,0.0,0.0,0.0,0.0,0.0,0.0,0.0,0.0,0.0,0.0,0.0,0.0,0.0,0.0,0.0,0.0,0.0,0.0,0.0,0.0,0.0,0.0,0.0,0.0,0.0,0.0,0.0,0.0,0.0,0.0,0.0,0.0,0.0,0.0,0.0,0.0,0.0,0.0,0.0,0.0,0.0,0.0,0.0,0.0,0.0,0.0,0.0,0.0,0.0,0.0,0.0,0.0,0.0,0.0,0.0,0.0,0.0,0.0,0.0,0.0,0.0,0.0,0.0,0.0,0.0,0.0,0.0,0.0,0.0,0.0,0.0,0.0,0.0,0.0,0.0,0.0,0.0,0.0,0.0,0.0,0.0,0.0,0.0,0.0,0.0,0.0,0.0,0.0,0.0,0.0,0.0,0.0,0.0,0.0,0.0,0.0,0.0,0.0,0.0,0.0
4027,0.0,0.0,0.0,0.0,0.0,0.0,0.0,0.0,0.0,0.0,0.0,0.0,0.0,0.0,0.0,0.0,0.0,0.0,0.0,0.0,0.0,0.0,0.0,0.0,0.0,0.0,0.0,0.0,0.0,0.0,0.0,0.0,0.0,0.0,0.0,0.0,0.0,0.0,0.0,0.0,0.0,0.0,0.0,0.0,0.0,0.0,0.0,0.0,0.0,0.0,0.0,0.0,0.0,0.0,0.0,0.0,0.0,0.0,0.0,0.0,0.0,0.0,0.0,0.0,0.0,0.0,0.0,0.0,0.0,0.0,0.0,0.0,0.0,0.0,0.0,0.0,0.0,0.0,0.0,0.0,0.0,0.0,0.0,0.0,0.0,0.0,0.0,0.0,0.0,0.0,0.0,0.0,0.0,0.0,0.0,0.0,0.0,0.0,0.0,0.0,0.0,0.0,0.0,0.0,0.0,0.0,0.0,0.0,0.0,0.0,0.0,0.0,0.0,0.0,0.0,0.0,0.0,0.0,0.0,0.0,0.0,0.0,0.0,0.0,0.0,0.0,0.0,0.0
4030,0.0,0.0,0.0,0.0,0.0,0.0,0.0,0.0,0.0,0.0,0.0,0.0,0.0,0.0,0.0,0.0,0.0,0.0,0.0,0.0,0.0,0.0,0.0,0.0,0.0,0.0,0.0,0.0,0.0,0.0,0.0,0.0,0.0,0.0,0.0,0.0,0.0,0.0,0.0,0.0,0.0,0.0,0.0,0.0,0.0,0.0,0.0,0.0,0.0,0.0,0.0,0.0,0.0,0.0,0.0,0.0,0.0,0.0,0.0,0.0,0.0,0.0,0.0,0.0,0.0,0.0,0.0,0.0,0.0,0.0,0.0,0.0,0.0,0.0,0.0,0.0,0.0,0.0,0.0,0.0,0.0,0.0,0.0,0.0,0.0,0.0,0.0,0.0,0.0,0.0,0.0,0.0,0.0,0.0,0.0,0.0,0.0,0.0,0.0,0.0,0.0,0.0,0.0,0.0,0.0,0.0,0.0,0.0,0.0,0.0,0.0,0.0,0.0,0.0,0.0,0.0,0.0,0.0,0.0,0.0,0.0,0.0,0.0,0.0,0.0,0.0,0.0,0.0
4041,0.0,0.0,0.0,0.1583314687013626,0.0,0.0,0.0,0.0,0.0,0.0,0.0,0.0,0.0,0.0,0.0,0.6879671216011047,0.0,0.0,0.6699093580245972,0.0,0.0,0.0,0.2779451608657837,0.0,0.0,0.0,0.0,0.0,0.0,0.0,0.0,0.0,0.0,0.0,0.0,0.0,0.0,0.0,0.0,0.0,0.0,0.0,0.0,0.1881458014249801,0.0,0.0,0.0,0.082896664738655,0.0,0.0,0.0,0.0,0.0,0.0,0.0,0.5172268748283386,0.0,0.0,0.0,0.0,0.0,0.0,0.0,0.0,0.0,0.0,0.0,0.0,0.0,0.0,0.6930273175239563,0.0,0.0,0.0,0.0,0.0,0.0,0.0,0.0,0.0,0.7869576215744019,0.0,0.0,0.0,0.0,0.7696365118026733,0.0,0.0,0.0,0.0,0.0,0.0,0.0,0.0,0.2059119939804077,0.0,0.0,0.0,0.0,0.0,0.0,0.0,0.0,0.0,0.0,0.0,0.0,0.0,0.0,0.0,0.0,0.0,0.0,0.0,0.0,0.0,0.0,0.0,0.0,0.0,0.0,0.0,0.0,0.0,0.0,0.0,0.0,0.0
4047,0.0,0.0,0.0,0.0,0.0,0.0,0.0,0.0,0.0,0.0,0.0,0.0,0.0,0.0,0.0,0.0,0.0,0.0,0.0,0.0,0.0,0.0,0.0,0.0,0.0,0.0,0.0,0.0,0.0,0.0,0.0,0.0,0.0,0.0,0.0,0.0,0.0,0.0,0.0,0.0,0.0,0.0,0.0,0.0,0.0,0.0,0.0,0.0,0.0,0.0,0.0,0.0,0.0,0.0,0.0,0.0,0.0,0.0,0.0,0.0,0.0,0.0,0.0,0.0,0.0,0.0,0.0,0.0,0.0,0.0,0.0,0.0,0.0,0.0,0.0,0.0,0.0,0.0,0.0,0.0,0.0,0.0,0.0,0.0,0.0,0.0,0.0,0.0,0.0,0.0,0.0,0.0,0.0,0.0,0.0,0.0,0.0,0.0,0.0,0.0,0.0,0.0,0.0,0.0,0.0,0.0,0.0,0.0,0.0,0.0,0.0,0.0,0.0,0.0,0.0,0.0,0.0,0.0,0.0,0.0,0.0,0.0,0.0,0.0,0.0,0.0,0.0,0.0
4051,0.0,0.0,0.0,0.0,0.0,0.0,0.0,0.0,0.0,0.0,0.0,0.0,0.0,0.0,0.0,0.0,0.0,0.0,0.0,0.0,0.0,0.0,0.0,0.0,0.0,0.0,0.0,0.0,0.0,0.0,0.0,0.0,0.0,0.0,0.0,0.0,0.0,0.0,0.0,0.0,0.0,0.0,0.0,0.0,0.0,0.0,0.0,0.0,0.0,0.0,0.0,0.0,0.0,0.0,0.0,0.0,0.0,0.0,0.0,0.0,0.0,0.0,0.0,0.0,0.0,0.0,0.0,0.0,0.0,0.0,0.0,0.0,0.0,0.0,0.0,0.0,0.0,0.0,0.0,0.0,0.0,0.0,0.0,0.0,0.0,0.0,0.0,0.0,0.0,0.0,0.0,0.0,0.0,0.0,0.0,0.0,0.0,0.0,0.0,0.0,0.0,0.0,0.0,0.0,0.0,0.0,0.0,0.0,0.0,0.0,0.0,0.0,0.0,0.0,0.0,0.0,0.0,0.0,0.0,0.0,0.0,0.0,0.0,0.0,0.0,0.0,0.0,0.0
4052,0.0,0.0,0.0,0.0,0.0,0.0,0.0,0.0,0.0,0.0,0.0,0.0,0.0,0.0,0.0,0.0,0.0,0.0,0.0,0.0,0.0,0.0,0.0,0.0,0.0,0.0,0.0,0.0,0.0,0.0,0.0,0.0,0.0,0.0,0.0,0.0,0.0,0.0,0.0,0.0,0.0,0.0,0.0,0.0,0.0,0.0,0.0,0.0,0.0,0.0,0.0,0.0,0.0,0.0,0.0,0.0,0.0,0.0,0.0,0.0,0.0,0.0,0.0,0.0,0.0,0.0,0.0,0.0,0.0,0.0,0.0,0.0,0.0,0.0,0.0,0.0,0.0,0.0,0.0,0.0,0.0,0.0,0.0,0.0,0.0,0.0,0.0,0.0,0.0,0.0,0.0,0.0,0.0,0.0,0.0,0.0,0.0,0.0,0.0,0.0,0.0,0.0,0.0,0.0,0.0,0.0,0.0,0.0,0.0,0.0,0.0,0.0,0.0,0.0,0.0,0.0,0.0,0.0,0.0,0.0,0.0,0.0,0.0,0.0,0.0,0.0,0.0,0.0
4059,0.0,0.0,0.0,0.0,0.0,0.0,0.0,0.0,0.0,0.0,0.0,0.0,0.0,0.0,0.0,0.0,0.0,0.0,0.0,0.0,0.0,0.0,0.0,0.0,0.0,0.0,0.0,0.0,0.0,0.0,0.0,0.0,0.0,0.0,0.0,0.0,0.0,0.0,0.0,0.0,0.0,0.0,0.0,0.0,0.0,0.0,0.0,0.0,0.0,0.0,0.0,0.0,0.0,0.0,0.0,0.0,0.0,0.0,0.0,0.0,0.0,0.0,0.0,0.0,0.0,0.0,0.0,0.0,0.0,0.0,0.0,0.0,0.0,0.0,0.0,0.0,0.0,0.0,0.0,0.0,0.0,0.0,0.0,0.0,0.0,0.0,0.0,0.0,0.0,0.0,0.0,0.0,0.0,0.0,0.0,0.0,0.0,0.0,0.0,0.0,0.0,0.0,0.0,0.0,0.0,0.0,0.0,0.0,0.0,0.0,0.0,0.0,0.0,0.0,0.0,0.0,0.0,0.0,0.0,0.0,0.0,0.0,0.0,0.0,0.0,0.0,0.0,0.0
4060,0.4930549561977386,0.2299195230007171,0.3239333629608154,0.2517823576927185,0.014217572286725,0.3072134554386139,0.1965109854936599,0.3683626651763916,0.3646161556243896,0.1194443106651306,0.4882309734821319,0.250649094581604,0.3149787187576294,0.2362309396266937,0.1099644601345062,0.0532884821295738,0.0,0.3475121855735779,0.5952841639518738,0.3994746506214142,0.2609131336212158,0.417156457901001,0.5830796360969543,0.1390919387340545,0.024668538942933,0.0742105022072792,0.4217320680618286,0.6850976943969727,0.0,0.2886499166488647,0.3345017731189728,0.2332484275102615,0.5573229193687439,0.0135719003155827,0.0,0.433847427368164,0.4858939349651336,0.0,0.0,0.438314139842987,0.3230234384536743,0.216104969382286,0.2401495426893234,0.1902484446763992,0.0,0.0095923086628317,0.2921807169914245,0.0880229994654655,0.4247567355632782,0.3844166994094848,0.3229785859584808,0.0,0.275806725025177,0.0,0.5242714881896973,0.4780543744564056,0.5759292244911194,0.556300699710846,0.4344429075717926,0.216884896159172,0.2654551267623901,0.5386869311332703,0.1861691325902938,0.299136221408844,0.0,0.2201151549816131,0.1888327598571777,0.0685431361198425,0.0946676060557365,0.5223286747932434,0.414558470249176,0.4663287997245788,0.0546534396708011,0.3350970149040222,0.0926136672496795,0.1724565029144287,0.0637066736817359,0.0189059004187583,0.0352272242307662,0.0713186413049697,0.1433447748422622,0.3250645697116852,0.0,0.0714285746216774,0.3014145493507385,0.0,0.4858502149581909,0.492057740688324,0.027276599779725,0.3966721296310425,0.6094156503677368,0.6124646067619324,0.5893133878707886,0.0652948021888732,0.17420195043087,0.369579017162323,0.3371640741825104,0.2507299482822418,0.0,0.2432973533868789,0.6537461876869202,0.4955390393733978,0.265998899936676,0.2522568106651306,0.2142080068588256,0.4179405272006988,0.1117762923240661,0.4959259331226349,0.6242316365242004,0.5448719263076782,0.0089207692071795,0.0519762188196182,0.438602864742279,0.4851040244102478,0.3667585849761963,0.4985046982765198,0.6700397729873657,0.3780721426010132,0.3169163763523102,0.2019666731357574,0.0,0.0,0.3877724111080169,0.3730202615261078,0.0475706346333026,0.0919989049434661,0.2290104925632476,0.0088272858411073
4062,0.0,0.0,0.0,0.0,0.0,0.0,0.0,0.0,0.0,0.0,0.0,0.0,0.0,0.0,0.0,0.0,0.0,0.0,0.0,0.0,0.0,0.0,0.0,0.0,0.0,0.0,0.0,0.0,0.0,0.0,0.0,0.0,0.0,0.0,0.0,0.0,0.0,0.0,0.0,0.0,0.0,0.0,0.0,0.0,0.0,0.0,0.0,0.0,0.0,0.0,0.0,0.0,0.0,0.0,0.0,0.0,0.0,0.0,0.0,0.0,0.0,0.0,0.0,0.0,0.0,0.0,0.0,0.0,0.0,0.0,0.0,0.0,0.0,0.0,0.0,0.0,0.0,0.0,0.0,0.0,0.0,0.0,0.0,0.0,0.0,0.0,0.0,0.0,0.0,0.0,0.0,0.0,0.0,0.0,0.0,0.0,0.0,0.0,0.0,0.0,0.0,0.0,0.0,0.0,0.0,0.0,0.0,0.0,0.0,0.0,0.0,0.0,0.0,0.0,0.0,0.0,0.0,0.0,0.0,0.0,0.0,0.0,0.0,0.0,0.0,0.0,0.0,0.0
4064,0.0,0.6248980164527893,0.0,0.2060530036687851,0.0,0.0,0.0843259990215301,0.0,0.0,0.0,0.0,0.0,0.0,0.0,0.1202080026268959,0.0,0.0,0.7597529888153076,0.0,0.8244619965553284,0.0,0.0,0.3681809902191162,0.0,0.0,0.0,0.0,0.0,0.0,0.0,0.6928970217704773,0.0,0.1997119933366775,0.0,0.3284460008144378,0.0,0.3720830082893371,0.0,0.0,0.2279939949512481,0.0,0.3567590117454529,0.0,0.0,0.0,0.0,0.0,0.3034290075302124,0.0,0.0,0.2038249969482422,0.795536994934082,0.0,0.747422993183136,0.0980470031499862,0.0,0.0,0.1000080034136772,0.0,0.0,0.0,0.0,0.0,0.6049919724464417,0.0,0.0,0.6355069875717163,0.0,0.7186160087585449,0.3548559844493866,0.1099480018019676,0.0,0.0,0.0,0.3324350118637085,0.0,0.0,0.0,0.0,0.0,0.0,0.0,0.0824809968471527,0.8066520094871521,0.0,0.0,0.1765860021114349,0.0908849984407424,0.0,0.0,0.0,0.0,0.0,0.0,0.0,0.0,0.0,0.1790460050106048,0.6927629709243774,0.0,0.0,0.0,0.0,0.0750849992036819,0.3957139849662781,0.0,0.4917680025100708,0.0,0.0862800031900405,0.0,0.0,0.0,0.0,0.0865840017795562,0.1266700029373169,0.2374940067529678,0.0,0.0,0.0,0.4304510056972503,0.0,0.3583720028400421,0.2523959875106811,0.3175320029258728,0.0,0.4019390046596527,0.0,0.0
4066,0.0,0.0,0.0,0.0,0.0,0.0,0.0,0.8696042895317078,0.4464337527751922,0.0,0.0,0.0,0.0,0.0,0.0,0.5567073225975037,0.0,0.0,0.0,0.0,0.0,0.0,0.0,0.0,0.0,0.0,0.0,0.0,0.0,0.0,0.0,0.0,0.0,0.0,0.0,0.0,0.0,0.0,0.0,0.069399319589138,0.0,0.0,0.0,0.0,0.0,0.0,0.0,0.0,0.0,0.0,0.0,0.0,0.0,0.0,0.0,0.0,0.0,0.0,0.0,0.0,0.0,0.0,0.0,0.0,0.0,0.0,0.0,0.0,0.0,0.0,0.0,0.0,0.0,0.5198737978935242,0.211548775434494,0.0,0.0,0.0,0.6952067613601685,0.0,0.6773867607116699,0.0,0.0,0.0,0.0,0.0,0.0,0.0,0.0,0.0,0.0,0.0,0.0,0.0,0.0,0.0,0.0,0.0,0.0,0.0,0.0,0.0,0.0,0.0,0.0,0.0,0.0,0.0,0.0,0.0,0.0,0.0,0.0,0.0,0.0,0.0,0.0,0.0,0.0,0.0,0.0,0.0,0.0,0.0,0.0,0.0,0.0,0.0
4071,0.0,0.0,0.1400272101163864,0.0640280470252037,0.0,0.1226537674665451,0.0,0.050209492444992,0.078117124736309,0.0862439572811126,0.0,0.1621600985527038,0.1252051740884781,0.1016268730163574,0.0,0.0867347344756126,0.1191817000508308,0.0,0.0504311099648475,0.0,0.1127517446875572,0.1822973191738128,0.0,0.2539649307727813,0.1393347829580307,0.0,0.0310226809233427,0.0,0.0,0.2141233384609222,0.0,0.0,0.0,0.0,0.0,0.0,0.1963309496641159,0.0,0.0480473600327968,0.0,0.0669187605381012,0.0,0.0,0.1820587515830993,0.0,0.1401235163211822,0.0,0.0,0.0,0.0,0.0,0.0,0.0956722125411033,0.1634958535432815,0.0,0.1023266166448593,0.1552626192569732,0.0910717323422432,0.0,0.0,0.0,0.0,0.1432535499334335,0.0,0.0,0.0990803837776184,0.0,0.1644644290208816,0.0,0.1428325027227401,0.0,0.2007139474153518,0.0,0.0,0.0315484404563903,0.1459857076406479,0.0,0.0,0.0,0.1579462736845016,0.0,0.1241013184189796,0.126272976398468,0.0263094864785671,0.1491095572710037,0.0,0.0,0.0,0.0,0.0344185419380664,0.1460070013999939,0.0348620675504207,0.1691401451826095,0.0,0.0,0.1931156665086746,0.1333682984113693,0.2601592540740967,0.120653435587883,0.053318552672863,0.0,0.0,0.0,0.0,0.0797263160347938,0.0587148442864418,0.0,0.0,0.2143246978521347,0.0,0.1130265668034553,0.0,0.1232587471604347,0.1538866460323333,0.1221251264214515,0.0,0.0,0.0,0.0,0.1646699756383896,0.0,0.0,0.0,0.0,0.1535699218511581,0.0,0.0,0.0
4086,0.0,0.0,0.0,0.0,0.0,0.0,0.0,0.0,0.0,0.0,0.0,0.0,0.0,0.0,0.0,0.0,0.0,0.0,0.0,0.0,0.0,0.0,0.0,0.0,0.0,0.0,0.0,0.0,0.0,0.0,0.0,0.0,0.0,0.0,0.0,0.0,0.0,0.0,0.0,0.0,0.0,0.0,0.0,0.0,0.0,0.0,0.0,0.0,0.0,0.0,0.0,0.0,0.0,0.0,0.0,0.0,0.0,0.0,0.0,0.0,0.0,0.0,0.0,0.0,0.0,0.0,0.0,0.0,0.0,0.0,0.0,0.0,0.0,0.0,0.0,0.0,0.0,0.0,0.0,0.0,0.0,0.0,0.0,0.0,0.0,0.0,0.0,0.0,0.0,0.0,0.0,0.0,0.0,0.0,0.0,0.0,0.0,0.0,0.0,0.0,0.0,0.0,0.0,0.0,0.0,0.0,0.0,0.0,0.0,0.0,0.0,0.0,0.0,0.0,0.0,0.0,0.0,0.0,0.0,0.0,0.0,0.0,0.0,0.0,0.0,0.0,0.0,0.0
4121,0.0,0.0,0.0,0.0,0.0,0.0,0.0,0.0,0.0,0.0,0.0,0.0,0.0,0.0,0.0,0.0,0.0,0.0,0.0,0.0,0.0,0.0,0.0,0.0,0.0,0.0,0.0,0.0,0.0,0.0,0.0,0.0,0.0,0.0,0.0,0.0,0.0,0.0,0.0,0.0,0.0,0.0,0.0,0.0,0.0,0.0,0.0,0.0,0.0,0.0,0.0,0.0,0.0,0.0,0.0,0.0,0.0,0.0,0.0,0.0,0.0,0.0,0.0,0.0,0.0,0.0,0.0,0.0,0.0,0.0,0.0,0.0,0.0,0.0,0.0,0.0,0.0,0.0,0.0,0.0,0.0,0.0,0.0,0.0,0.0,0.0,0.0,0.0,0.0,0.0,0.0,0.0,0.0,0.0,0.0,0.0,0.0,0.0,0.0,0.0,0.0,0.0,0.0,0.0,0.0,0.0,0.0,0.0,0.0,0.0,0.0,0.0,0.0,0.0,0.0,0.0,0.0,0.0,0.0,0.0,0.0,0.0,0.0,0.0,0.0,0.0,0.0,0.0
4145,0.0,0.0,0.0,0.0,0.0,0.0,0.0,0.0,0.0,0.0,0.0,0.0,0.0,0.0,0.0,0.0,0.0,0.0,0.0,0.0,0.0,0.0,0.0,0.0,0.0,0.0,0.0,0.0,0.0,0.0,0.0,0.0,0.0,0.0,0.0,0.0,0.0,0.0,0.0,0.0,0.0,0.0,0.0,0.0,0.0,0.0,0.0,0.0,0.0,0.0,0.0,0.0,0.0,0.0,0.0,0.0,0.0,0.0,0.0,0.0,0.0,0.0,0.0,0.0,0.0,0.0,0.0,0.0,0.0,0.0,0.0,0.0,0.0,0.0,0.0,0.0,0.0,0.0,0.0,0.0,0.0,0.0,0.0,0.0,0.0,0.0,0.0,0.0,0.0,0.0,0.0,0.0,0.0,0.0,0.0,0.0,0.0,0.0,0.0,0.0,0.0,0.0,0.0,0.0,0.0,0.0,0.0,0.0,0.0,0.0,0.0,0.0,0.0,0.0,0.0,0.0,0.0,0.0,0.0,0.0,0.0,0.0,0.0,0.0,0.0,0.0,0.0,0.0
4222,0.0812674686312675,0.0578147545456886,0.1875828504562378,0.1269739419221878,0.2423569113016128,0.0,0.0,0.0,0.0,0.1236632838845253,0.0,0.0676652044057846,0.2282353043556213,0.1560408174991607,0.0,0.253855288028717,0.0,0.2577055692672729,0.2638398110866546,0.0,0.2322344332933426,0.2239156067371368,0.210898607969284,0.1542201340198516,0.1221308931708335,0.1040673032402992,0.1267834305763244,0.0605188719928264,0.0890637040138244,0.0,0.2040279954671859,0.0,0.0732831209897995,0.2607285976409912,0.1691050976514816,0.0,0.0,0.0,0.0,0.1526471972465515,0.1501905173063278,0.2018629908561706,0.0,0.0783773064613342,0.0,0.0693922340869903,0.0,0.0,0.2949384748935699,0.0727438852190971,0.0,0.1614517420530319,0.0,0.1299158930778503,0.0,0.0,0.1444526314735412,0.0,0.2449190765619278,0.0599878467619419,0.0,0.1083948463201522,0.0879126191139221,0.1910820305347442,0.1821781545877456,0.140895128250122,0.2157155573368072,0.0396929122507572,0.135069727897644,0.0909360647201538,0.0,0.0,0.2445086240768432,0.0,0.0,0.0635597333312034,0.0,0.1350379288196563,0.0,0.0,0.0,0.2814496159553528,0.1849386245012283,0.0,0.0,0.0,0.0,0.2638873755931854,0.0,0.0,0.2529494166374206,0.1045421510934829,0.0,0.2061662375926971,0.0,0.0,0.0,0.0,0.211839810013771,0.2248380929231643,0.0,0.0,0.0,0.1679261028766632,0.0,0.0,0.1115962415933609,0.0,0.0,0.0,0.3229340314865112,0.0,0.2586032450199127,0.0,0.0,0.0,0.0,0.3048274219036102,0.0,0.2809960544109344,0.0,0.0,0.0,0.0804595053195953,0.1245590969920158,0.0,0.0,0.0
4231,0.0,0.0,0.0,0.0,0.0,0.0,0.0,0.0,0.0,0.0,0.0,0.0,0.0,0.0,0.0,0.0,0.0,0.0,0.0,0.0,0.0,0.0,0.0,0.0,0.0,0.0,0.0,0.0,0.0,0.0,0.0,0.0,0.0,0.0,0.0,0.0,0.0,0.0,0.0,0.0,0.0,0.0,0.0,0.0,0.0,0.0,0.0,0.0,0.0,0.0,0.0,0.0,0.0,0.0,0.0,0.0,0.0,0.0,0.0,0.0,0.0,0.0,0.0,0.0,0.0,0.0,0.0,0.0,0.0,0.0,0.0,0.0,0.0,0.0,0.0,0.0,0.0,0.0,0.0,0.0,0.0,0.0,0.0,0.0,0.0,0.0,0.0,0.0,0.0,0.0,0.0,0.0,0.0,0.0,0.0,0.0,0.0,0.0,0.0,0.0,0.0,0.0,0.0,0.0,0.0,0.0,0.0,0.0,0.0,0.0,0.0,0.0,0.0,0.0,0.0,0.0,0.0,0.0,0.0,0.0,0.0,0.0,0.0,0.0,0.0,0.0,0.0,0.0
4267,0.0,0.0,0.0,0.0,0.0,0.0,0.0,0.0,0.0,0.0,0.0,0.0,0.0,0.0,0.0,0.0,0.0,0.0,0.0,0.0,0.0,0.0,0.0,0.0,0.0,0.0,0.0,0.0,0.0,0.0,0.0,0.0,0.0,0.0,0.0,0.0,0.0,0.0,0.0,0.0,0.0,0.0,0.0,0.0,0.0,0.0,0.0,0.0,0.0,0.0,0.0,0.0,0.0,0.0,0.0,0.0,0.0,0.0,0.0,0.0,0.0,0.0,0.0,0.0,0.0,0.0,0.0,0.0,0.0,0.0,0.0,0.0,0.0,0.0,0.0,0.0,0.0,0.0,0.0,0.0,0.0,0.0,0.0,0.0,0.0,0.0,0.0,0.0,0.0,0.0,0.0,0.0,0.0,0.0,0.0,0.0,0.0,0.0,0.0,0.0,0.0,0.0,0.0,0.0,0.0,0.0,0.0,0.0,0.0,0.0,0.0,0.0,0.0,0.0,0.0,0.0,0.0,0.0,0.0,0.0,0.0,0.0,0.0,0.0,0.0,0.0,0.0,0.0
4268,0.0,0.0,0.0943541526794433,0.0705444514751434,0.0,0.0750224664807319,0.0,0.0925375521183013,0.0215874630957841,0.2449892461299896,0.1448052823543548,0.0,0.1765394657850265,0.0837190523743629,0.1002215594053268,0.0,0.0,0.0,0.2461052387952804,0.1052708178758621,0.1800732314586639,0.1240616291761398,0.0462399423122406,0.1791483908891677,0.1048190295696258,0.0,0.0,0.1267247945070266,0.0,0.0,0.0838854983448982,0.0,0.1391317099332809,0.1912619918584823,0.1558956801891327,0.1816597282886505,0.1047243252396583,0.0,0.1454436630010604,0.0,0.1867803633213043,0.172674149274826,0.0,0.0601402185857296,0.0,0.0,0.1273744702339172,0.0,0.0,0.0,0.2195828408002853,0.1041518598794937,0.0,0.0,0.0,0.0,0.128961905837059,0.1012363955378532,0.0,0.191708818078041,0.1149897798895835,0.0,0.1067530736327171,0.1635258197784423,0.1275038868188858,0.0,0.104706771671772,0.0,0.2029273360967636,0.1922345906496048,0.1005140617489814,0.0,0.1574678868055343,0.0,0.2017841190099716,0.1241381242871284,0.0,0.0,0.2034530639648437,0.0,0.1721594631671905,0.1398002356290817,0.1679124385118484,0.0,0.1387830227613449,0.2536546587944031,0.1922581493854522,0.265621155500412,0.0,0.143487349152565,0.0960848554968833,0.1601160019636154,0.0,0.0,0.1220636069774627,0.0,0.2405735254287719,0.1666460335254669,0.1410179883241653,0.1780009865760803,0.0,0.0,0.0,0.1446762531995773,0.0,0.0,0.1747429966926574,0.0,0.1065560579299926,0.0,0.0,0.11326265335083,0.1568900644779205,0.1453678905963897,0.1210948899388313,0.0,0.132375955581665,0.1165108606219291,0.0,0.2300070524215698,0.0,0.2020535320043563,0.0,0.0,0.1199982389807701,0.0,0.0,0.1348782181739807
4269,0.0,0.0,0.0,0.0,0.0,0.0,0.0,0.0,0.0,0.0,0.0,0.0,0.0,0.0,0.0,0.0,0.0,0.0,0.0,0.0,0.0,0.0,0.0,0.0,0.0,0.0,0.0,0.0,0.0,0.0,0.0,0.0,0.0,0.0,0.0,0.0,0.0,0.0,0.0,0.0,0.0,0.0,0.0,0.0,0.0,0.0,0.0,0.0,0.0,0.0,0.0,0.0,0.0,0.0,0.0,0.0,0.0,0.0,0.0,0.0,0.0,0.0,0.0,0.0,0.0,0.0,0.0,0.0,0.0,0.0,0.0,0.0,0.0,0.0,0.0,0.0,0.0,0.0,0.0,0.0,0.0,0.0,0.0,0.0,0.0,0.0,0.0,0.0,0.0,0.0,0.0,0.0,0.0,0.0,0.0,0.0,0.0,0.0,0.0,0.0,0.0,0.0,0.0,0.0,0.0,0.0,0.0,0.0,0.0,0.0,0.0,0.0,0.0,0.0,0.0,0.0,0.0,0.0,0.0,0.0,0.0,0.0,0.0,0.0,0.0,0.0,0.0,0.0
4270,0.0,0.0591324083507061,0.0,0.0,0.2930511832237243,0.0,0.251964122056961,0.2265163958072662,0.1492694765329361,0.0985760241746902,0.1370383203029632,0.0,0.0,0.1533831357955932,0.1264971643686294,0.3466383814811706,0.1822882741689682,0.3352168500423431,0.0,0.0,0.2925383150577545,0.0,0.0,0.3462399840354919,0.0,0.0,0.0,0.0836492925882339,0.0,0.1108743324875831,0.0,0.288341075181961,0.0804014354944229,0.0,0.0,0.0,0.2239775657653808,0.0,0.0,0.0,0.1310611367225647,0.0,0.2148704379796981,0.0,0.0808722823858261,0.1319545656442642,0.1034474521875381,0.0993833541870117,0.0,0.0,0.0,0.2847593426704407,0.0,0.0,0.0,0.0,0.0,0.1850788444280624,0.0,0.1561702638864517,0.0,0.0,0.1082094833254814,0.2025824934244156,0.194942370057106,0.0,0.3421701490879059,0.0523577518761158,0.0,0.0,0.0,0.2181547135114669,0.2746378779411316,0.0629897937178611,0.0,0.0523712113499641,0.0,0.2076532542705536,0.2182452976703643,0.0,0.1591853201389312,0.2818502187728882,0.1746739149093628,0.1311484277248382,0.2316210865974426,0.0,0.127801239490509,0.0,0.0,0.0,0.0,0.111317329108715,0.0,0.0,0.2655842006206512,0.3426418602466583,0.0,0.0,0.0,0.2682588100433349,0.0,0.0,0.2474881261587143,0.0,0.0,0.15004463493824,0.132981926202774,0.1801003366708755,0.2729870975017547,0.0,0.2873663306236267,0.0,0.0,0.0,0.2676122188568115,0.2134420126676559,0.2610724568367004,0.0,0.0,0.3832553625106811,0.1438998132944107,0.2419629842042923,0.0,0.0838231667876243,0.0,0.1461175084114074,0.0,0.1047171428799629
4271,0.1002104580402374,0.1081065833568573,0.1521319299936294,0.2081343233585357,0.3095376789569855,0.0,0.0,0.2662017345428467,0.2017691880464553,0.0,0.096330314874649,0.0,0.0,0.0,0.0,0.348026305437088,0.1923465281724929,0.0,0.3255565166473388,0.2386253178119659,0.3149509131908417,0.3201877474784851,0.3082319796085357,0.0,0.0,0.0743428692221641,0.16792693734169,0.0719526261091232,0.1235576495528221,0.1061954200267791,0.0,0.0,0.0,0.0,0.147594079375267,0.2710436582565307,0.0,0.2101489454507827,0.2286223322153091,0.0,0.0,0.0,0.2229105830192566,0.0,0.0,0.0,0.0914565846323967,0.1120034456253051,0.0,0.0,0.1330966353416443,0.0,0.1503576338291168,0.0,0.0,0.0,0.0,0.2486347258090973,0.2783145606517792,0.1483837515115738,0.0,0.0,0.0,0.3360241651535034,0.2871903777122497,0.0,0.0,0.0,0.0,0.1903357803821563,0.0,0.1126587018370628,0.2717843055725097,0.0,0.0,0.0456684157252311,0.0,0.1979317665100097,0.0,0.0,0.2039540857076645,0.300953209400177,0.1780747771263122,0.0,0.2495812475681305,0.1350725144147873,0.0,0.257280021905899,0.0,0.1748739778995514,0.0,0.0,0.0,0.0,0.0,0.3473784625530243,0.2721270322799682,0.0,0.252311497926712,0.0,0.3688563108444214,0.2044442743062973,0.0,0.0,0.1306713372468948,0.0,0.119859479367733,0.2192621827125549,0.3289243876934051,0.0,0.0,0.0,0.318564623594284,0.2630428373813629,0.0,0.2634710371494293,0.0,0.0,0.0,0.3741359710693359,0.0,0.2710862159729004,0.0,0.0,0.2436235249042511,0.1428440362215042,0.1157551482319831,0.0
4295,0.0,1.0,0.0,0.8672167658805847,0.0,0.0,0.0,0.0,0.0,0.0,0.0,0.0,0.0,0.7590283751487732,0.6939339637756348,0.0,0.0,0.0,0.0,0.0,0.0,0.0,0.0,0.0,0.8280171751976013,0.0,0.0,0.0,0.0,0.5381997227668762,0.0,0.0,0.0,0.0,0.0,0.0,0.0,0.1997632384300232,0.0,0.0,0.0,0.0,0.5563268661499023,0.0,0.0,0.0,0.0,0.0,0.6383144855499268,0.0,0.6779066324234009,0.0,0.0,0.7398546934127808,0.1233889982104301,0.0,0.1588584929704666,0.0,0.0,0.0,0.0,0.0,0.0,0.710582435131073,0.0,0.4983868300914764,0.0,0.0,0.0,0.0,0.0,0.0,0.5544708967208862,0.0,0.0,0.0,0.0,0.0,0.0,0.4028778076171875,0.0,0.0,0.0,0.7695090174674988,0.7043535113334656,0.0,0.7185166478157043,0.0,0.6674189567565918,0.0,0.0,0.0,0.0,0.9022672176361084,0.0,0.0,0.0,0.0,0.0,0.0,0.0,0.0,0.0,0.0,0.2599058151245117,0.0,0.0,0.5402535796165466,0.0,0.0,0.0,0.0,0.0,0.0,0.0,0.0,0.2576842010021209,0.0,0.0,0.6648732423782349,0.0,0.0,0.0,0.0,0.0,0.0,0.2790812849998474,0.0
4296,0.0,0.0,0.0,0.0,0.0,0.0,0.0,0.0,0.0,0.0,0.0,0.0,0.0,0.0,0.0,0.0,0.0,0.0,0.0,0.0,0.0,0.0,0.0,0.0,0.0,0.0,0.0,0.0,0.0,0.0,0.0,0.0,0.0,0.0,0.0,0.0,0.0,0.0,0.0,0.0,0.0,0.0,0.0,0.0,0.0,0.0,0.0,0.0,0.0,0.0,0.0,0.0,0.0,0.0,0.0,0.0,0.0,0.0,0.0,0.0,0.0,0.0,0.0,0.0,0.0,0.0,0.0,0.0,0.0,0.0,0.0,0.0,0.0,0.0,0.0,0.0,0.0,0.0,0.0,0.0,0.0,0.0,0.0,0.0,0.0,0.0,0.0,0.0,0.0,0.0,0.0,0.0,0.0,0.0,0.0,0.0,0.0,0.0,0.0,0.0,0.0,0.0,0.0,0.0,0.0,0.0,0.0,0.0,0.0,0.0,0.0,0.0,0.0,0.0,0.0,0.0,0.0,0.0,0.0,0.0,0.0,0.0,0.0,0.0,0.0,0.0,0.0,0.0
4302,0.0,0.0,0.0,0.0,0.0,0.0596500635147094,0.0,0.0,0.0,0.0557157434523105,0.0,0.0,0.0,0.0682708695530891,0.0,0.0,0.2014753520488739,0.0667309612035751,0.0,0.1795946210622787,0.0,0.092267207801342,0.0,0.0,0.0499848276376724,0.0222462005913257,0.0,0.0,0.0265797153115272,0.0,0.0,0.0,0.0,0.1003637164831161,0.0,0.0,0.0198659989982843,0.0,0.0,0.0,0.1509101092815399,0.0277290921658277,0.0,0.052997637540102,0.0695503875613212,0.1691389679908752,0.0841600224375724,0.0199583601206541,0.0,0.0965359583497047,0.0,0.1048491597175598,0.1208758726716041,0.0,0.0,0.0,0.0671761482954025,0.0,0.0,0.0,0.0826516970992088,0.0,0.0,0.0795564427971839,0.0369842499494552,0.0,0.0,0.0,0.0283925496041774,0.0,0.0,0.0,0.0,0.0,0.0,0.0,0.0,0.0212446842342615,0.0,0.0,0.0,0.161573514342308,0.0,0.1542206406593322,0.0,0.0,0.0848413854837417,0.0,0.0,0.0706943348050117,0.0624934919178485,0.0,0.0,0.0,0.1080457717180252,0.0,0.0641188099980354,0.0,0.0,0.2127290666103363,0.0,0.0,0.3405973613262176,0.0,0.0908286049962043,0.0,0.0,0.0,0.0,0.0,0.0,0.0069535886868834,0.0,0.1165693774819374,0.0,0.0,0.0,0.0,0.0,0.1257601380348205,0.1337257623672485,0.1026104539632797,0.0,0.0199137758463621,0.0153389442712068,0.0983883440494537,0.0,0.0
4316,0.0,0.0,0.0,0.0,0.0,0.0,0.0,0.0,0.0,0.0,0.0,0.0,0.0,0.0,0.0,0.0,0.0,0.0,0.0,0.0,0.0,0.0,0.0,0.0,0.0,0.0,0.0,0.1260989755392074,0.0875837653875351,0.0,0.0,0.0,0.0,0.0,0.0,0.0,0.0665810033679008,0.0,0.0,0.0,0.0181237496435642,0.0,0.0,0.0,0.0,0.0,0.0,0.0,0.0,0.0,0.0,0.0,0.0,0.0297292508184909,0.0,0.0,0.0,0.0,0.0501414984464645,0.0,0.0,0.0,0.0,0.0,0.0,0.0,0.0,0.0,0.0,0.0,0.0,0.0,0.0,0.0,0.0,0.0,0.0,0.0,0.4602825045585632,0.0,0.0,0.0,0.0,0.0,0.0,0.0,0.0,0.0,0.0,0.1848250031471252,0.0,0.0,0.0,0.0,0.0,0.0,0.0,0.0,0.0,0.0,0.0,0.0,0.0,0.0,0.0,0.0,0.0,0.0,0.0,0.0606280304491519,0.0,0.0,0.0,0.0,0.0,0.0,0.0,0.0,0.0,0.0,0.0,0.0,0.0,0.0,0.0,0.0,0.0,0.0
4317,0.0,0.0,0.0,0.0,0.0,0.0,0.0,0.0,0.0,0.0,0.0,0.0,0.0,0.0,0.0,0.0,0.0,0.0,0.0,0.0,0.0,0.0,0.0,0.0,0.0,0.0,0.0,0.0,0.0,0.0,0.0,0.0,0.0,0.0,0.0,0.0,0.0,0.0,0.0,0.0,0.0,0.0,0.0,0.0,0.0,0.0,0.0,0.0,0.0,0.0,0.0,0.0,0.0,0.0,0.0,0.0,0.0,0.0,0.0,0.0,0.0,0.0,0.0,0.0,0.0,0.0,0.0,0.0,0.0,0.0,0.0,0.0,0.0,0.0,0.0,0.0,0.0,0.0,0.0,0.0,0.0,0.0,0.0,0.0,0.0,0.0,0.0,0.0,0.0,0.0,0.0,0.0,0.0,0.0,0.0,0.0,0.0,0.0,0.0,0.0,0.0,0.0,0.0,0.0,0.0,0.0,0.0,0.0,0.0,0.0,0.0,0.0,0.0,0.0,0.0,0.0,0.0,0.0,0.0,0.0,0.0,0.0,0.0,0.0,0.0,0.0,0.0,0.0
4324,0.0,0.1851020157337188,0.0,0.0,0.0,0.2252672016620636,0.197607547044754,0.088737778365612,0.0,0.0,0.0349290035665035,0.0,0.9369339942932128,0.0,0.0,0.0,0.2094948142766952,0.0,0.6169597506523132,0.0907211154699325,0.2510991096496582,0.0,0.1883235722780227,0.0,0.0,0.0,0.0,0.2408738136291504,0.0,0.5068952441215515,0.0,0.0,0.0998432859778404,0.0,0.225363403558731,0.227102592587471,0.2851808667182922,0.2352249771356582,0.3867070078849792,0.0,0.0,0.271382063627243,0.0,0.3862391710281372,0.0,0.4430904686450958,0.0,0.0,0.0,0.0,0.0,0.2334123700857162,0.0,0.2978033125400543,0.1153637915849685,0.1172258406877517,0.0,0.5683026313781738,0.3094848096370697,0.2552433907985687,0.3577632009983063,0.0,0.7436262369155884,0.1009982228279113,0.0,0.2975755333900451,0.4846490025520324,0.2272796630859375,0.0,0.0,0.1997143179178238,0.1063591241836547,0.3497370183467865,0.4969072639942169,0.0,0.0,0.1365119367837906,0.0504702441394329,0.0,0.0,0.1751722395420074,0.0,0.0,0.0,0.0,0.0,0.0,0.0,0.0,0.0,0.0,0.0977986380457878,0.0,0.5819799900054932,0.0,0.0,0.0,0.0,0.3033230006694793,0.0,0.0,0.2814521193504333,0.1544607132673263,0.0,0.0,0.8475139737129211,0.0,0.0079738507047295,0.0,0.0,0.0,0.1538523137569427,0.0,0.2631359994411468,0.5918327569961548,0.1264447569847107,0.0,0.0,0.3880560100078583,0.0,0.4871926009654999,0.0,0.4227941930294037,0.0857347175478935,0.0,0.0,0.2049036175012588,0.0
4353,0.0,0.0,0.0,0.0,0.0715080946683883,0.0,0.0,0.0,0.0,0.0,0.0,0.0,0.0,0.0,0.0,0.0,0.0,0.0,0.0,0.0,0.615482747554779,0.0,0.0,0.6806543469429016,0.0,0.8745117783546448,0.0,0.0,0.0,0.0,0.0,0.0,0.0,0.371784895658493,0.0,0.6524477601051331,0.0,0.0,0.7271974682807922,0.0,0.0,0.0,0.0,0.0,0.0,0.0,0.0,0.0,0.0,0.0,0.0,0.0,0.0,0.0,0.0,0.0,0.0,0.0,0.0,0.0,0.0,0.0,0.0,0.0,0.0,0.0,0.0,0.0,0.0,0.0,0.0,0.0,0.0,0.0,0.0,0.0,0.0,0.0,0.0,0.0,0.0,0.7288582921028137,0.0,0.0,0.9165958762168884,0.0,0.8973645567893982,0.0,0.0,0.0,0.0,0.0,0.9380835294723512,0.0,0.0,0.0,0.8824074268341064,0.0,0.0,0.7294496893882751,0.0,0.0,0.0,0.0,0.0,0.0,0.0,0.0,0.0,0.0,0.0,0.0,0.0,0.0,0.0,0.0,0.0,0.0,0.0,0.0,0.0,0.0,0.7691861391067505,0.0,0.0,0.0,0.0,0.0
4357,0.0387206971645355,0.0257325023412704,0.0,0.0457511916756629,0.0,0.0494564063847065,0.0311829540878534,0.0,0.0,0.0,0.0,0.0,0.0470525287091732,0.0307955797761678,0.0487073995172977,0.0458160005509853,0.0063213999383151,0.0,0.0,0.0,0.0958885252475738,0.0587469562888145,0.0443466678261756,0.1125960499048233,0.0,0.0071564763784408,0.0,0.0,0.0,0.0,0.080603003501892,0.0,0.1317034512758255,0.0,0.047254953533411,0.0,0.0470801815390586,0.0,0.0560367479920387,0.0,0.0,0.0364072285592556,0.0683552771806716,0.0078994091600179,0.0432431921362876,0.198500320315361,0.0413922891020774,0.0100469524040818,0.0,0.0,0.0,0.0,0.0,0.0302134752273559,0.0301206819713115,0.0508998967707157,0.0404886379837989,0.0,0.0033114212565124,0.0347102731466293,0.0,0.0,0.0273039992898702,0.0,0.0802852064371109,0.0,0.0,0.0060492004267871,0.0,0.0082965660840272,0.0,0.0,0.0297162849456071,0.0,0.0,0.0041052941232919,0.0,0.0057230498641729,0.0480392985045909,0.0,0.0,0.0,0.0,0.0549117401242256,0.0542777180671691,0.0,0.0056528500281274,0.0,0.0,0.0483438447117805,0.0,0.0423938520252704,0.0172228179872035,0.0,0.0034519473556429,0.0536921806633472,0.0,0.0889933705329895,0.107177086174488,0.0,0.0058786501176655,0.0083576198667287,0.0,0.0,0.0572229996323585,0.042223572731018,0.0062187002040445,0.1341501921415329,0.0472008995711803,0.051412995904684,0.0543354041874408,0.0147415455430746,0.0438824743032455,0.0493215732276439,0.1145840883255004,0.0032908949069678,0.0,0.0,0.0,0.0,0.0240986496210098,0.0138204740360379,0.0,0.0,0.0507569536566734,0.0,0.0,0.0
4395,0.0,0.0,0.0,0.0,0.0,0.0,0.0,0.0,0.0,0.0,0.0,0.0,0.0,0.0,0.0,0.0,0.0,0.0,0.0,0.0,0.0451194010674953,0.0136865554377436,0.0,0.0,0.0,0.0,0.0279649998992681,0.0,0.0089177777990698,0.0,0.0476906225085258,0.0261391252279281,0.0,0.0,0.0192654281854629,0.0,0.0560272224247455,0.0,0.0193517506122589,0.0,0.0,0.0,0.0,0.0,0.0,0.0,0.0,0.0,0.0195524990558624,0.0,0.0,0.0,0.0,0.0,0.0,0.0,0.0,0.0,0.0,0.0,0.0,0.0,0.0,0.0,0.0,0.0,0.0,0.0,0.0304807014763355,0.0,0.0,0.0,0.0,0.0,0.0211227498948574,0.0263166669756174,0.0,0.095270998775959,0.0,0.0,0.0,0.0,0.0,0.0,0.0,0.0,0.0,0.0,0.0,0.0095852222293615,0.0,0.0107451248914003,0.0,0.0,0.034185666590929,0.0,0.0,0.0,0.0,0.0,0.0,0.0,0.0,0.0,0.0,0.0,0.0,0.0,0.0,0.0,0.0,0.029076000675559,0.0,0.0083058578893542,0.0,0.0,0.0,0.0,0.0,0.0556031242012977,0.0,0.0123365996405482,0.0,0.0,0.0,0.0570702888071537,0.0,0.0
4473,0.699262797832489,0.265191376209259,0.0,0.231761023402214,0.3507499694824219,0.3098366856575012,0.4539276957511902,0.3896031677722931,0.0,0.1469840556383133,0.5946081280708313,0.0,0.385650485754013,0.1823891997337341,0.7224835157394409,0.5531736016273499,0.250545471906662,0.0,0.2944419085979461,0.1985569447278976,0.6787489652633667,0.3272377848625183,0.0,0.4639598429203033,0.6535360217094421,0.1882788687944412,0.0,0.0,0.2647548019886017,0.4748518764972687,0.326216459274292,0.392074316740036,0.4243427813053131,0.2491278499364853,0.2554567456245422,0.289726048707962,0.6540096402168274,0.571397602558136,0.4362193644046783,0.0,0.2959283590316772,0.3221519291400909,0.3071386814117431,0.1203298866748809,0.3179644346237182,0.2557191550731659,0.5959606170654297,0.4090138077735901,0.2899851202964782,0.4702189266681671,0.2345571666955948,0.4705668687820434,0.3290582299232483,0.6881154179573059,0.349743127822876,0.6175534129142761,0.2807130515575409,0.7163829803466797,0.5782595872879028,0.2226123362779617,0.2305575907230377,0.4730003476142883,0.1732985228300094,0.5486417412757874,0.7176223397254944,0.0950537398457527,0.4119410216808319,0.0,0.3306285738945007,0.1054942086338996,0.2192676365375518,0.4678785502910614,0.2586560249328613,0.1251108199357986,0.2813093662261963,0.3933122456073761,0.5302424430847168,0.4094949066638946,0.3410999476909637,0.0,0.4341441988945007,0.7076812982559204,0.2266280204057693,0.0,0.7025055885314941,0.3090628385543823,0.8261463642120361,0.7484590411186218,0.349884420633316,0.2751874923706054,0.2612741887569427,0.5141431093215942,0.3379637598991394,0.5500481724739075,0.0147602595388889,0.0952810198068618,0.3944375216960907,0.2683762609958648,0.5231299996376038,0.6245519518852234,0.229099228978157,0.4821978509426117,0.3802680969238281,0.114152081310749,0.6092132925987244,0.7954095005989075,0.2945240139961242,0.4650724530220032,0.3004257977008819,0.5587444305419922,0.5244117975234985,0.3750085830688476,0.4153632223606109,0.4170043468475342,0.2415953874588012,0.5298740863800049,0.71866375207901,0.4941179752349853,0.5509434938430786,0.2046580165624618,0.5868539214134216,0.6229629516601562,0.1107562258839607,0.5395982265472412,0.207939326763153,0.2498844414949417,0.3035221695899963,0.3280884325504303
4480,0.0,0.0,0.0,0.0,0.0,0.0,0.0,0.0,0.0,0.0,0.0,0.0,0.0,0.0,0.0,0.0,0.0,0.0,0.0,0.0,0.0,0.0,0.0,0.0,0.0,0.0,0.0,0.0,0.0,0.0,0.0,0.0,0.0,0.0,0.0,0.0,0.0,0.0,0.0,0.0,0.0,0.0,0.0,0.0,0.0,0.0,0.0,0.0,0.0,0.0,0.0,0.0,0.0,0.0,0.0,0.0,0.0,0.0,0.0,0.0,0.0,0.0,0.0,0.0,0.0,0.0,0.0,0.0,0.0,0.0,0.0,0.0,0.0,0.0,0.0,0.0,0.0,0.0,0.0,0.0,0.0,0.0,0.0,0.0,0.0,0.0,0.0,0.0,0.0,0.0,0.0,0.0,0.0,0.0,0.0,0.0,0.0,0.0,0.0,0.0,0.0,0.0,0.0,0.0,0.0,0.0,0.0,0.0,0.0,0.0,0.0,0.0,0.0,0.0,0.0,0.0,0.0,0.0,0.0,0.0,0.0,0.0,0.0,0.0,0.0,0.0,0.0,0.0
4512,0.0,0.0,0.0,0.0,0.0,0.0,0.0,0.0,0.0,0.0,0.0,0.0,0.0,0.0,0.0,0.0,0.0,0.0,0.0,0.0,0.0,0.0,0.0,0.0,0.0,0.0,0.0,0.0,0.0,0.0,0.0,0.0,0.0,0.0,0.0,0.0,0.0,0.0,0.0,0.0,0.0,0.0,0.0,0.0,0.0,0.0,0.0,0.0,0.0,0.0,0.0,0.0,0.0,0.0,0.0,0.0,0.0,0.0,0.0,0.0,0.0,0.0,0.0,0.0,0.0,0.0,0.0,0.0,0.0,0.0,0.0,0.0,0.0,0.0,0.0,0.0,0.0,0.0,0.0,0.0,0.0,0.0,0.0,0.0,0.0,0.0,0.0,0.0,0.0,0.0,0.0,0.0,0.0,0.0,0.0,0.0,0.0,0.0,0.0,0.0,0.0,0.0,0.0,0.0,0.0,0.0,0.0,0.0,0.0,0.0,0.0,0.0,0.0,0.0,0.0,0.0,0.0,0.0,0.0,0.0,0.0,0.0,0.0,0.0,0.0,0.0,0.0,0.0
4515,0.0,0.0,0.0,0.0,0.0,0.0,0.0,0.0,0.0,0.0,0.0,0.0,0.0,0.0,0.0,0.0,0.0,0.0,0.0,0.0,0.0,0.0,0.0,0.0,0.0,0.0,0.0,0.0,0.0,0.0,0.0,0.0,0.0,0.0,0.0,0.0,0.0,0.0,0.0,0.0,0.0,0.0,0.0,0.0,0.0,0.0,0.0,0.0,0.0,0.0,0.0,0.0,0.0,0.0,0.0,0.0,0.0,0.0,0.0,0.1399639993906021,0.0,0.0,0.0,0.0,0.0,0.0,0.0,0.0,0.0,0.0,0.0,0.0,0.0,0.0,0.0,0.0,0.0,0.0,0.0,0.0,0.0,0.0,0.0,0.0,0.0,0.0,0.0,0.0,0.0,0.0,0.0,0.0,0.0,0.0,0.0,0.0,0.0,0.0,0.0,0.0,0.0,0.0,0.0,0.0,0.0,0.0,0.0,0.0,0.0,0.0,0.0,0.0,0.0,0.0,0.0,0.0,0.0,0.0,0.0,0.0,0.0,0.0,0.0,0.0,0.0,0.0,0.0,0.0
4516,0.0,0.0,0.0,0.0,0.0,0.0,0.0,0.0,0.0,0.0,0.0,0.0,0.0,0.0,0.0,0.0,0.0,0.0,0.0,0.0,0.0,0.0,0.0,0.0,0.0,0.0,0.0,0.0,0.0,0.0,0.0,0.0,0.0,0.0,0.0,0.0,0.0,0.0,0.0,0.0,0.0,0.0,0.0,0.0,0.0,0.0,0.0,0.0,0.0,0.0,0.0,0.0,0.0,0.0,0.0,0.0,0.0,0.0,0.0,0.0,0.0,0.0,0.0,0.0,0.0,0.0,0.0,0.0,0.0,0.0,0.0,0.0,0.0,0.0,0.0,0.0,0.0,0.0,0.0,0.0,0.0,0.0,0.0,0.0,0.0,0.0,0.0,0.0,0.0,0.0,0.0,0.0,0.0,0.0,0.0,0.0,0.0,0.0,0.0,0.0,0.0,0.0,0.0,0.0,0.0,0.0,0.0,0.0,0.0,0.0,0.0,0.0,0.0,0.0,0.0,0.0,0.0,0.0,0.0,0.0,0.0,0.0,0.0,0.0,0.0,0.0,0.0,0.0
4524,0.0,0.0,0.0,0.0,0.0,0.0,0.0,0.0,0.0,0.0,0.0,0.0,0.0,0.0,0.0,0.0,0.0,0.0,0.0,0.0,0.0,0.0,0.0,0.0,0.0,0.0,0.0,0.0,0.0,0.0,0.0,0.0,0.0,0.0,0.0,0.0,0.0,0.0,0.0,0.0,0.0,0.0,0.0,0.0,0.0,0.0,0.0,0.0,0.0,0.0,0.0,0.0,0.0,0.0,0.0,0.0,0.0,0.0,0.0,0.0,0.0,0.0,0.0,0.0,0.0,0.0,0.0,0.0,0.0,0.0,0.0,0.0,0.0,0.0,0.0,0.0,0.0,0.0,0.0,0.0,0.0,0.0,0.0,0.0,0.0,0.0,0.0,0.0,0.0,0.0,0.0,0.0,0.0,0.0,0.0,0.0,0.0,0.0,0.0,0.0,0.0,0.0,0.0,0.0,0.0,0.0,0.0,0.0,0.0,0.0,0.0,0.0,0.0,0.0,0.0,0.0,0.0,0.0,0.0,0.0,0.0,0.0,0.0,0.0,0.0,0.0,0.0,0.0
4525,0.0,0.0,0.0,0.0,0.0,0.0,0.0,0.0,0.0,0.0,0.0,0.0,0.0,0.0,0.0,0.0,0.0,0.0,0.0,0.0,0.0,0.0,0.0,0.0,0.0,0.0,0.2220724374055862,0.0,0.0,0.0,0.0940872803330421,0.0,0.0,0.0,0.0,0.0079494547098875,0.0,0.0,0.0,0.0,0.0,0.0,0.0,0.0,0.023386463522911,0.0,0.0,0.0,0.0,0.0,0.0,0.0,0.0,0.0,0.0,0.0314703658223152,0.0,0.0,0.0,0.0,0.0,0.0,0.0,0.0,0.0,0.0,0.008974571712315,0.0,0.0,0.0332688018679618,0.0,0.0,0.0,0.0,0.0,0.0,0.0,0.0,0.0,0.0,0.0,0.0,0.0,0.0,0.0,0.0,0.0,0.0,0.0,0.0,0.0,0.0,0.0,0.0,0.0,0.0,0.0,0.0,0.0,0.0,0.0,0.0,0.0,0.0,0.061860155314207,0.0,0.0,0.0,0.0,0.0,0.0,0.0,0.0,0.0,0.0286970008164644,0.0097267869859933,0.0,0.0,0.0,0.0355480015277862,0.0,0.0,0.0,0.0,0.0,0.0,0.0,0.0164036676287651
4529,0.0,0.0,0.0,0.0,0.0,0.0,0.0,0.0,0.0,0.0,0.0,0.0,0.0,0.0,0.0,0.0,0.0,0.0,0.0,0.0,0.0,0.0,0.0,0.0,0.0,0.0,0.0,0.0,0.0,0.0,0.0,0.0,0.0,0.0,0.0,0.0,0.0,0.0,0.0,0.0,0.0,0.0,0.0,0.0,0.0,0.0,0.0,0.0,0.0,0.0,0.0,0.0,0.0,0.0,0.0,0.0,0.0,0.0,0.0,0.0,0.0,0.0,0.0,0.0,0.0,0.0,0.0,0.0,0.0,0.0,0.0,0.0,0.0,0.0,0.0,0.0,0.0,0.0,0.0,0.0,0.0,0.0,0.0,0.0,0.0,0.0,0.0,0.0,0.0,0.0,0.0,0.0,0.0,0.0,0.0,0.0,0.0,0.0,0.0,0.0,0.0,0.0,0.0,0.0,0.0,0.0,0.0,0.0,0.0,0.0,0.0,0.0,0.0,0.0,0.0,0.0,0.0,0.0,0.0,0.0,0.0,0.0,0.0,0.0,0.0,0.0,0.0,0.0
4549,0.0,0.0,0.0,0.0,0.0,0.0,0.0,0.0,0.0,0.0,0.0,0.0,0.0,0.0,0.0,0.0,0.0,0.0,0.0,0.0,0.0,0.0,0.0,0.0,0.0,0.0,0.0,0.0,0.0,0.0,0.0,0.049655333161354,0.0,0.0,0.0,0.0,0.0,0.0,0.0,0.0,0.0,0.0,0.0,0.0,0.0,0.0,0.0,0.0,0.0,0.0,0.0,0.0,0.0,0.0,0.0,0.0,0.0,0.0,0.0,0.0,0.0,0.0,0.0,0.0,0.0,0.0,0.0,0.0,0.0,0.0,0.0,0.0,0.0,0.0,0.0,0.0,0.0,0.0,0.0,0.0,0.1547396630048751,0.0,0.0,0.0,0.0,0.0,0.0,0.0,0.0,0.0,0.0,0.0,0.0,0.0,0.0,0.0,0.0,0.0,0.0,0.0,0.0,0.0,0.0,0.0,0.0,0.0,0.0,0.0,0.0,0.0,0.0,0.0,0.0,0.0,0.0,0.0,0.0,0.0,0.0,0.0,0.0,0.0,0.0,0.0,0.0,0.0,0.0,0.0
4558,0.0,0.0,0.0,0.0,0.0,0.0,0.0,0.0,0.0,0.0,0.0,0.0,0.0,0.0,0.0,0.0,0.0,0.0,0.0,0.0,0.0,0.0,0.0,0.0,0.0,0.0,0.0,0.0,0.0,0.0,0.0,0.0,0.0,0.0,0.0,0.0,0.0,0.0,0.0,0.0,0.0,0.0,0.0,0.0,0.0,0.0,0.0,0.0,0.0,0.0,0.0,0.0,0.0,0.0,0.0,0.0,0.0,0.0,0.0,0.0,0.0,0.0,0.0,0.0,0.0,0.0,0.0,0.0,0.0,0.0,0.0,0.0,0.0,0.0,0.0,0.0,0.0,0.0,0.0,0.0,0.0,0.0,0.0,0.0,0.0,0.0,0.0,0.0,0.0,0.0,0.0,0.0,0.0,0.0,0.0,0.0,0.0,0.0,0.0,0.0,0.0,0.0,0.0,0.0,0.0,0.0,0.0,0.0,0.0,0.0,0.0,0.0,0.0,0.0,0.0,0.0,0.0,0.0,0.0,0.0,0.0,0.0,0.0,0.0,0.0,0.0,0.0,0.0
4567,0.0,0.0,0.0,0.0,0.0,0.0,0.0,0.0,0.0,0.0,0.0,0.0,0.0,0.0,0.0,0.0,0.0,0.0,0.0,0.0,0.0,0.0,0.0,0.0,0.0,0.0,0.0,0.0,0.0,0.0,0.0,0.0,0.0,0.0,0.0,0.0,0.0,0.0,0.0,0.0,0.0,0.0,0.0,0.0,0.0,0.0,0.0,0.0,0.0,0.0,0.0,0.0,0.0,0.0,0.0,0.0,0.0,0.0,0.0,0.0,0.0,0.0,0.0,0.0,0.0,0.0,0.0,0.0,0.0,0.0,0.0,0.0,0.0,0.0,0.0,0.0,0.0,0.0,0.0,0.0,0.0,0.0,0.0,0.0,0.0,0.0,0.0,0.0,0.0,0.0,0.0,0.0,0.0,0.0,0.0,0.0,0.0,0.0,0.0,0.0,0.0,0.0,0.0,0.0,0.0,0.0,0.0,0.0,0.0,0.0,0.0,0.0,0.0,0.0,0.0,0.0,0.0,0.0,0.0,0.0,0.0,0.0,0.0,0.0,0.0,0.0,0.0,0.0
4596,0.0,0.0,0.0,0.0,0.0,0.0,0.0,0.0,0.0,0.0,0.0,0.0,0.0,0.0,0.0,0.0,0.0,0.0,0.0,0.0,0.0,0.0,0.0,0.0,0.0,0.0,0.0,0.0,0.0,0.0,0.0,0.0,0.0,0.0,0.0,0.0,0.0,0.0,0.0,0.0,0.0,0.0,0.0,0.0,0.0,0.0,0.0,0.0,0.0,0.0,0.0,0.0,0.0,0.0,0.0,0.0,0.0,0.0,0.0,0.0,0.0,0.0,0.0,0.0,0.0,0.0,0.0,0.0,0.0,0.0,0.0,0.0,0.0,0.0,0.0,0.0,0.0,0.0,0.0,0.0,0.0,0.0,0.0,0.0,0.0,0.0,0.0,0.0,0.0,0.0,0.0,0.0,0.0,0.0,0.0,0.0,0.0,0.0,0.0,0.0,0.0,0.0,0.0,0.0,0.0,0.0,0.0,0.0,0.0,0.0,0.0,0.0,0.0,0.0,0.0,0.0,0.0,0.0,0.0,0.0,0.0,0.0,0.0,0.0,0.0,0.0,0.0,0.0
4599,0.0,0.0,0.0,0.0,0.0,0.0,0.0,0.0,0.0,0.0,0.0,0.0,0.0,0.0,0.0,0.0,0.0,0.0,0.0,0.0,0.0,0.0,0.0,0.0,0.0,0.0,0.0,0.0,0.0,0.0,0.0,0.0,0.0,0.0,0.0,0.0,0.0,0.0,0.0,0.0,0.0,0.0,0.0,0.0,0.0,0.0,0.0,0.0,0.0,0.0,0.0,0.0,0.0,0.0,0.0,0.0,0.0,0.0,0.0,0.0,0.0,0.0,0.0,0.0,0.0,0.0,0.0,0.0,0.0,0.0,0.0,0.0,0.0,0.0,0.0,0.0,0.0,0.0,0.0,0.0,0.0,0.0,0.0,0.0,0.0,0.0,0.0,0.0,0.0,0.0,0.0,0.0,0.0,0.0,0.0,0.0,0.0,0.0,0.0,0.0,0.0,0.0,0.0,0.0,0.0,0.0,0.0,0.0,0.0,0.0,0.0,0.0,0.0,0.0,0.0,0.0,0.0,0.0,0.0,0.0,0.0,0.0,0.0,0.0,0.0,0.0,0.0,0.0
4600,0.0,0.0,0.0,0.0,0.0,0.0,0.0,0.0,0.0,0.0,0.0,0.0,0.0,0.0,0.0,0.0,0.0,0.0,0.0025742857251316,0.0,0.0434973165392875,0.0,0.0,0.0,0.0,0.0,0.0,0.0,0.0,0.0,0.0,0.0,0.080829381942749,0.0,0.0,0.0,0.0,0.0,0.0,0.0133042866364121,0.0,0.0,0.0386751517653465,0.0346707142889499,0.0,0.0,0.0,0.0,0.0,0.0,0.0,0.0,0.0,0.0235869046300649,0.0,0.0,0.0,0.0,0.0,0.0,0.0,0.0,0.0,0.0,0.0,0.0,0.0,0.0214016493409872,0.0018248999258503,0.0,0.0,0.0084199551492929,0.0,0.0,0.0,0.0,0.0,0.0,0.0,0.0,0.0,0.0,0.0,0.0,0.0,0.0,0.0,0.0,0.0,0.0,0.0,0.0,0.0,0.0,0.0,0.0,0.0,0.0318070016801357,0.0,0.0,0.0,0.0,0.0,0.0,0.0,0.0149270510300993,0.0,0.0,0.0,0.0,0.0,0.0,0.0,0.0,0.0,0.0,0.0,0.0,0.0,0.0,0.0,0.0,0.0,0.0,0.0,0.0,0.0,0.0
4601,0.0,0.0,0.0,0.0,0.0,0.0,0.0,0.0,0.0,0.0,0.0,0.0,0.0,0.0,0.0,0.0,0.0,0.0,0.0,0.0,0.0,0.0,0.0,0.0,0.0,0.0,0.0,0.0,0.0,0.0,0.0,0.0,0.0,0.0,0.0,0.0,0.0,0.0,0.0,0.0,0.0,0.0,0.0,0.0,0.0,0.0,0.0,0.0,0.0,0.0,0.0,0.0,0.0,0.0,0.0,0.0,0.0,0.0,0.0,0.0,0.0,0.0,0.0,0.0,0.0,0.0,0.0,0.0,0.0,0.0,0.0,0.0,0.0,0.0,0.0,0.0,0.0,0.0,0.0,0.0,0.0,0.0,0.0,0.0,0.0,0.0,0.0,0.0,0.0,0.0,0.0,0.0,0.0,0.0,0.0,0.0,0.0,0.0,0.0,0.0,0.0,0.0,0.0,0.0,0.0,0.0,0.0,0.0,0.0,0.0,0.0,0.0,0.0,0.0,0.0,0.0,0.0,0.0,0.0,0.0,0.0,0.0,0.0,0.0,0.0,0.0,0.0,0.0
4602,0.0,0.0,0.0,0.0,0.0,0.0,0.0,0.0,0.0,0.0,0.0,0.0,0.0,0.0,0.0,0.0,0.0,0.0,0.0,0.0,0.0,0.0,0.0,0.0,0.0,0.0,0.0,0.0,0.0,0.0,0.0,0.0,0.0,0.0,0.0,0.0,0.0,0.0,0.0,0.0,0.0,0.0,0.0,0.0,0.0,0.0,0.0,0.0,0.0,0.0,0.0,0.0,0.0,0.0,0.0,0.0,0.0,0.0,0.0,0.0,0.0,0.0,0.0,0.0,0.0,0.0,0.0,0.0,0.0,0.0,0.0,0.0,0.0,0.0,0.0,0.0,0.0,0.0,0.0,0.0,0.0,0.0,0.0,0.0,0.0,0.0,0.0,0.0,0.0,0.0,0.0,0.0,0.0,0.0,0.0,0.0,0.0,0.0,0.0,0.0,0.0,0.0,0.0,0.0,0.0,0.0,0.0,0.0,0.0,0.0,0.0,0.0,0.0,0.0,0.0,0.0,0.0,0.0,0.0,0.0,0.0,0.0,0.0,0.0,0.0,0.0,0.0,0.0
