,0,1,2,3,4,5,6,7,8,9,10,11,12,13,14,15,16,17,18,19,20,21,22,23,24,25,26,27,28,29,30,31,32,33,34,35,36,37,38,39,40,41,42,43,44,45,46,47,48,49,50,51,52,53,54,55,56,57,58,59,60,61,62,63,64,65,66,67,68,69,70,71,72,73,74,75,76,77,78,79,80,81,82,83,84,85,86,87,88,89,90,91,92,93,94,95,96,97,98,99,100,101,102,103,104,105,106,107,108,109,110,111,112,113,114,115,116,117,118,119,120,121,122,123,124,125,126,127
0,22.0,22.0,5.0,9.0,26.0,21.0,4.0,23.0,6.0,5.0,6.0,5.0,19.0,5.0,7.0,25.0,18.0,6.0,6.0,8.0,24.0,4.0,6.0,6.0,22.0,26.0,22.0,6.0,5.0,6.0,5.0,25.0,29.0,26.0,10.0,8.0,5.0,6.0,10.0,5.0,26.0,5.0,22.0,5.0,7.0,22.0,7.0,5.0,32.0,5.0,23.0,22.0,6.0,25.0,5.0,6.0,24.0,29.0,33.0,7.0,23.0,6.0,8.0,31.0,5.0,5.0,6.0,6.0,24.0,21.0,24.0,9.0,6.0,20.0,7.0,6.0,5.0,11.0,5.0,10.0,25.0,28.0,5.0,31.0,21.0,6.0,6.0,26.0,29.0,5.0,5.0,25.0,23.0,6.0,6.0,5.0,21.0,7.0,17.0,5.0,11.0,25.0,6.0,6.0,29.0,5.0,5.0,6.0,5.0,21.0,5.0,7.0,30.0,7.0,20.0,6.0,25.0,5.0,28.0,6.0,8.0,5.0,6.0,25.0,6.0,20.0,31.0,6.0
1,17.0,17.0,15.0,26.0,26.0,14.0,19.0,29.0,18.0,16.0,18.0,32.0,15.0,14.0,16.0,15.0,18.0,18.0,18.0,20.0,18.0,17.0,29.0,18.0,15.0,28.0,15.0,18.0,19.0,23.0,24.0,14.0,14.0,16.0,23.0,14.0,18.0,14.0,16.0,18.0,22.0,15.0,15.0,21.0,18.0,20.0,21.0,15.0,14.0,19.0,17.0,17.0,17.0,19.0,17.0,17.0,15.0,22.0,20.0,20.0,21.0,18.0,15.0,17.0,14.0,15.0,22.0,15.0,18.0,14.0,15.0,22.0,25.0,17.0,18.0,26.0,17.0,17.0,19.0,17.0,17.0,25.0,15.0,17.0,17.0,19.0,20.0,18.0,16.0,19.0,15.0,22.0,13.0,16.0,15.0,15.0,17.0,18.0,18.0,22.0,17.0,17.0,16.0,17.0,22.0,17.0,20.0,15.0,21.0,20.0,16.0,21.0,19.0,18.0,13.0,16.0,18.0,17.0,15.0,16.0,29.0,17.0,17.0,18.0,15.0,17.0,18.0,15.0
3,5.0,6.0,5.0,7.0,133.0,5.0,48.0,49.0,7.0,71.0,7.0,95.0,7.0,58.0,5.0,5.0,6.0,10.0,10.0,69.0,8.0,5.0,8.0,7.0,22.0,5.0,6.0,8.0,5.0,7.0,5.0,770.0,6.0,7.0,9.0,8.0,6.0,6.0,6.0,72.0,7.0,102.0,46.0,85.0,10.0,9.0,5.0,5.0,5.0,57.0,7.0,168.0,79.0,6.0,8.0,6.0,79.0,5.0,7.0,64.0,68.0,8.0,202.0,611.0,49.0,5.0,6.0,58.0,5.0,13.0,5.0,6.0,5.0,8.0,782.0,9.0,200.0,8.0,822.0,448.0,5.0,42.0,7.0,6.0,6.0,9.0,5.0,7.0,7.0,45.0,5.0,82.0,190.0,9.0,48.0,8.0,47.0,77.0,5.0,7.0,9.0,86.0,5.0,7.0,157.0,7.0,58.0,33.0,7.0,7.0,7.0,73.0,9.0,9.0,9.0,5.0,10.0,51.0,5.0,59.0,70.0,79.0,5.0,65.0,577.0,61.0,10.0,6.0
7,19.0,18.0,20.0,9.0,13.0,18.0,10.0,27.0,16.0,9.0,15.0,9.0,11.0,17.0,13.0,26.0,10.0,17.0,12.0,10.0,14.0,17.0,19.0,20.0,21.0,14.0,15.0,17.0,9.0,20.0,14.0,9.0,21.0,18.0,18.0,22.0,11.0,15.0,21.0,14.0,13.0,18.0,17.0,9.0,14.0,12.0,17.0,9.0,16.0,15.0,14.0,20.0,20.0,10.0,20.0,14.0,15.0,17.0,11.0,16.0,19.0,17.0,20.0,13.0,19.0,13.0,16.0,11.0,9.0,24.0,13.0,24.0,22.0,20.0,18.0,18.0,20.0,16.0,15.0,15.0,10.0,12.0,17.0,23.0,23.0,23.0,17.0,20.0,17.0,17.0,9.0,22.0,18.0,14.0,9.0,19.0,13.0,24.0,18.0,18.0,14.0,19.0,13.0,8.0,9.0,28.0,16.0,18.0,15.0,8.0,15.0,17.0,9.0,24.0,22.0,24.0,16.0,17.0,16.0,15.0,19.0,21.0,14.0,17.0,16.0,16.0,15.0,16.0
20,13.0,18.0,16.0,11.0,39.0,13.0,13.0,8.0,16.0,11.0,17.0,16.0,14.0,9.0,8.0,14.0,5.0,17.0,16.0,282.0,13.0,17.0,14.0,9.0,15.0,17.0,16.0,16.0,10.0,10.0,13.0,11.0,13.0,13.0,17.0,16.0,13.0,8.0,13.0,16.0,13.0,12.0,8.0,16.0,15.0,9.0,8.0,14.0,9.0,13.0,16.0,452.0,15.0,17.0,6.0,11.0,13.0,302.0,30.0,17.0,13.0,19.0,18.0,6.0,18.0,7.0,12.0,16.0,9.0,16.0,9.0,8.0,6.0,12.0,16.0,15.0,13.0,9.0,17.0,16.0,11.0,10.0,14.0,16.0,14.0,16.0,9.0,11.0,16.0,14.0,14.0,12.0,13.0,10.0,16.0,11.0,12.0,14.0,16.0,28.0,19.0,12.0,18.0,14.0,13.0,11.0,14.0,7.0,13.0,17.0,17.0,7.0,13.0,15.0,11.0,15.0,5.0,14.0,12.0,21.0,12.0,5.0,17.0,15.0,11.0,9.0,13.0,14.0
31,37.0,25.0,29.0,31.0,39.0,36.0,38.0,34.0,30.0,31.0,28.0,30.0,37.0,31.0,33.0,27.0,54.0,118.0,81.0,103.0,114.0,89.0,108.0,103.0,92.0,98.0,85.0,75.0,104.0,92.0,83.0,82.0,96.0,92.0,82.0,75.0,70.0,106.0,99.0,88.0,100.0,75.0,83.0,108.0,110.0,90.0,104.0,113.0,97.0,98.0,70.0,77.0,114.0,103.0,105.0,86.0,104.0,88.0,88.0,83.0,83.0,89.0,91.0,102.0,94.0,74.0,89.0,3.0,124.0,81.0,79.0,102.0,95.0,110.0,82.0,90.0,96.0,73.0,99.0,89.0,92.0,98.0,106.0,100.0,117.0,100.0,93.0,86.0,105.0,89.0,71.0,67.0,92.0,74.0,110.0,105.0,87.0,98.0,78.0,99.0,89.0,105.0,100.0,73.0,91.0,95.0,76.0,105.0,91.0,79.0,91.0,95.0,98.0,115.0,97.0,109.0,109.0,107.0,106.0,74.0,90.0,98.0,94.0,76.0,103.0,88.0,92.0,79.0
37,5.0,371.0,424.0,493.0,7.0,5.0,6.0,420.0,548.0,7.0,420.0,442.0,457.0,267.0,358.0,6.0,6.0,290.0,347.0,660.0,5.0,402.0,598.0,362.0,402.0,498.0,366.0,364.0,337.0,420.0,325.0,41.0,779.0,374.0,436.0,5.0,443.0,469.0,344.0,501.0,123.0,351.0,7.0,508.0,426.0,497.0,246.0,549.0,5.0,178.0,346.0,458.0,5.0,323.0,267.0,541.0,473.0,407.0,6.0,578.0,665.0,545.0,5.0,449.0,243.0,496.0,137.0,6.0,454.0,447.0,656.0,267.0,335.0,394.0,545.0,5.0,501.0,317.0,543.0,447.0,488.0,384.0,471.0,419.0,437.0,454.0,6.0,5.0,300.0,419.0,475.0,448.0,5.0,6.0,582.0,7.0,635.0,5.0,479.0,5.0,7.0,388.0,678.0,393.0,109.0,285.0,451.0,305.0,614.0,446.0,5.0,5.0,480.0,475.0,525.0,458.0,336.0,459.0,388.0,5.0,523.0,464.0,5.0,5.0,443.0,415.0,5.0,437.0
41,13.0,12.0,19.0,17.0,16.0,9.0,12.0,13.0,14.0,15.0,13.0,9.0,17.0,11.0,8.0,11.0,11.0,10.0,9.0,15.0,16.0,7.0,12.0,14.0,11.0,12.0,14.0,15.0,17.0,14.0,11.0,11.0,14.0,14.0,14.0,11.0,16.0,13.0,16.0,8.0,9.0,7.0,12.0,14.0,6.0,13.0,6.0,23.0,12.0,15.0,17.0,16.0,17.0,17.0,7.0,8.0,12.0,16.0,17.0,18.0,6.0,22.0,18.0,17.0,12.0,19.0,8.0,15.0,12.0,11.0,45.0,10.0,11.0,11.0,20.0,14.0,7.0,10.0,10.0,9.0,7.0,16.0,16.0,16.0,12.0,17.0,7.0,16.0,10.0,9.0,10.0,10.0,41.0,7.0,16.0,13.0,23.0,13.0,15.0,12.0,7.0,14.0,17.0,6.0,10.0,13.0,7.0,15.0,9.0,15.0,16.0,14.0,14.0,7.0,18.0,12.0,7.0,8.0,7.0,16.0,12.0,5.0,16.0,9.0,10.0,10.0,7.0,10.0
43,20.0,17.0,18.0,5.0,17.0,18.0,18.0,18.0,21.0,5.0,20.0,18.0,8.0,15.0,19.0,16.0,19.0,14.0,19.0,16.0,16.0,19.0,19.0,18.0,18.0,22.0,23.0,6.0,20.0,19.0,18.0,12.0,22.0,16.0,18.0,14.0,19.0,17.0,5.0,16.0,16.0,18.0,21.0,13.0,16.0,19.0,17.0,21.0,18.0,17.0,20.0,20.0,19.0,19.0,18.0,16.0,5.0,18.0,20.0,18.0,14.0,17.0,19.0,19.0,18.0,16.0,18.0,5.0,17.0,20.0,13.0,18.0,19.0,18.0,5.0,17.0,16.0,17.0,20.0,18.0,21.0,19.0,20.0,19.0,16.0,18.0,22.0,20.0,13.0,18.0,18.0,19.0,21.0,20.0,18.0,20.0,20.0,16.0,18.0,19.0,19.0,20.0,19.0,16.0,18.0,21.0,5.0,21.0,18.0,19.0,18.0,18.0,17.0,5.0,5.0,19.0,22.0,18.0,21.0,18.0,18.0,19.0,18.0,19.0,19.0,18.0,20.0,20.0
46,14.0,15.0,16.0,16.0,13.0,16.0,14.0,13.0,14.0,20.0,18.0,16.0,15.0,15.0,17.0,8.0,18.0,16.0,12.0,14.0,15.0,13.0,16.0,16.0,17.0,19.0,9.0,19.0,10.0,17.0,10.0,13.0,19.0,14.0,15.0,13.0,14.0,18.0,15.0,11.0,7.0,19.0,15.0,17.0,13.0,13.0,16.0,16.0,14.0,17.0,12.0,22.0,16.0,17.0,16.0,17.0,16.0,16.0,12.0,10.0,17.0,13.0,12.0,15.0,14.0,17.0,16.0,13.0,13.0,10.0,15.0,17.0,15.0,19.0,13.0,15.0,7.0,12.0,13.0,14.0,13.0,18.0,12.0,16.0,17.0,18.0,17.0,15.0,18.0,14.0,15.0,16.0,19.0,17.0,14.0,8.0,21.0,20.0,7.0,17.0,17.0,15.0,13.0,12.0,14.0,12.0,11.0,9.0,18.0,16.0,17.0,19.0,18.0,12.0,9.0,18.0,12.0,12.0,21.0,18.0,14.0,9.0,15.0,16.0,17.0,17.0,14.0,16.0
48,7.0,8.0,9.0,14.0,8.0,29.0,8.0,6.0,68.0,7.0,5.0,5.0,298.0,362.0,7.0,224.0,32.0,7.0,419.0,5.0,5.0,9.0,100.0,9.0,368.0,230.0,7.0,33.0,10.0,7.0,178.0,10.0,365.0,14.0,8.0,10.0,4.0,354.0,156.0,37.0,290.0,5.0,399.0,8.0,5.0,8.0,7.0,331.0,444.0,243.0,73.0,6.0,210.0,10.0,8.0,5.0,5.0,8.0,211.0,6.0,7.0,473.0,6.0,479.0,7.0,222.0,490.0,312.0,15.0,7.0,36.0,346.0,6.0,102.0,5.0,7.0,290.0,32.0,413.0,6.0,144.0,5.0,14.0,187.0,10.0,5.0,17.0,6.0,241.0,227.0,204.0,327.0,83.0,8.0,455.0,6.0,337.0,5.0,534.0,143.0,12.0,167.0,316.0,313.0,80.0,9.0,489.0,12.0,335.0,279.0,7.0,5.0,313.0,8.0,219.0,233.0,9.0,267.0,5.0,255.0,188.0,7.0,8.0,20.0,293.0,338.0,23.0,7.0
49,7.0,8.0,7.0,7.0,8.0,6.0,9.0,6.0,8.0,6.0,7.0,8.0,8.0,9.0,5.0,8.0,7.0,9.0,6.0,7.0,6.0,9.0,5.0,7.0,5.0,7.0,6.0,6.0,8.0,9.0,6.0,7.0,5.0,7.0,7.0,6.0,7.0,7.0,6.0,9.0,6.0,8.0,7.0,6.0,16.0,7.0,7.0,6.0,7.0,9.0,9.0,8.0,8.0,8.0,7.0,7.0,7.0,7.0,8.0,5.0,16.0,6.0,5.0,6.0,6.0,6.0,7.0,7.0,7.0,7.0,9.0,6.0,7.0,7.0,6.0,7.0,9.0,5.0,6.0,6.0,15.0,7.0,5.0,7.0,8.0,7.0,7.0,7.0,6.0,8.0,7.0,7.0,7.0,8.0,7.0,7.0,8.0,7.0,7.0,7.0,7.0,8.0,7.0,6.0,9.0,7.0,6.0,6.0,8.0,9.0,6.0,7.0,7.0,7.0,7.0,6.0,7.0,9.0,7.0,9.0,7.0,9.0,7.0,7.0,7.0,7.0,7.0,7.0
51,10.0,9.0,15.0,10.0,8.0,17.0,13.0,11.0,12.0,11.0,13.0,10.0,9.0,8.0,14.0,8.0,13.0,14.0,10.0,13.0,17.0,6.0,11.0,13.0,16.0,15.0,11.0,12.0,12.0,12.0,12.0,15.0,5.0,42.0,8.0,13.0,16.0,11.0,8.0,13.0,10.0,13.0,9.0,9.0,18.0,13.0,6.0,9.0,9.0,8.0,9.0,10.0,15.0,7.0,17.0,11.0,11.0,7.0,7.0,15.0,7.0,12.0,9.0,5.0,8.0,9.0,12.0,35.0,8.0,15.0,5.0,14.0,12.0,15.0,14.0,7.0,8.0,10.0,7.0,14.0,9.0,15.0,10.0,6.0,7.0,10.0,13.0,14.0,7.0,17.0,8.0,15.0,9.0,14.0,8.0,13.0,6.0,9.0,9.0,12.0,9.0,11.0,6.0,12.0,15.0,10.0,6.0,7.0,13.0,11.0,17.0,8.0,11.0,6.0,12.0,13.0,18.0,9.0,6.0,7.0,6.0,11.0,19.0,18.0,11.0,10.0,11.0,10.0
54,22.0,13.0,16.0,17.0,18.0,16.0,14.0,18.0,13.0,10.0,20.0,25.0,15.0,15.0,14.0,21.0,16.0,16.0,15.0,15.0,11.0,27.0,27.0,18.0,15.0,16.0,15.0,22.0,15.0,14.0,20.0,13.0,13.0,22.0,19.0,18.0,19.0,15.0,18.0,13.0,18.0,20.0,20.0,22.0,12.0,19.0,18.0,14.0,12.0,21.0,16.0,18.0,13.0,15.0,12.0,12.0,14.0,18.0,20.0,22.0,24.0,16.0,18.0,16.0,11.0,13.0,15.0,14.0,15.0,14.0,19.0,17.0,14.0,19.0,26.0,14.0,15.0,16.0,17.0,17.0,20.0,16.0,20.0,29.0,17.0,19.0,20.0,10.0,16.0,15.0,11.0,17.0,14.0,15.0,17.0,18.0,19.0,13.0,16.0,13.0,21.0,25.0,14.0,17.0,21.0,19.0,24.0,14.0,10.0,13.0,13.0,16.0,12.0,17.0,14.0,12.0,16.0,15.0,23.0,17.0,12.0,18.0,16.0,13.0,19.0,19.0,14.0,14.0
58,14.0,19.0,33.0,19.0,20.0,15.0,11.0,26.0,20.0,20.0,18.0,16.0,23.0,13.0,25.0,16.0,22.0,17.0,22.0,21.0,19.0,12.0,15.0,20.0,19.0,26.0,19.0,19.0,11.0,16.0,16.0,14.0,22.0,23.0,65.0,15.0,18.0,25.0,18.0,20.0,18.0,21.0,22.0,21.0,40.0,16.0,18.0,20.0,16.0,20.0,16.0,20.0,18.0,27.0,39.0,16.0,17.0,23.0,19.0,18.0,21.0,22.0,21.0,5.0,14.0,18.0,21.0,19.0,24.0,17.0,15.0,11.0,23.0,15.0,20.0,20.0,22.0,20.0,20.0,19.0,19.0,17.0,18.0,20.0,22.0,18.0,17.0,26.0,9.0,24.0,37.0,20.0,18.0,17.0,14.0,24.0,25.0,33.0,22.0,14.0,16.0,23.0,17.0,20.0,22.0,24.0,23.0,19.0,13.0,20.0,27.0,20.0,18.0,19.0,24.0,18.0,16.0,17.0,20.0,19.0,19.0,20.0,19.0,19.0,20.0,18.0,26.0,23.0
89,52.0,26.0,37.0,47.0,37.0,714.0,28.0,41.0,44.0,31.0,56.0,77.0,26.0,40.0,30.0,24.0,24.0,28.0,45.0,46.0,48.0,64.0,26.0,25.0,52.0,35.0,56.0,78.0,25.0,44.0,78.0,84.0,29.0,51.0,34.0,34.0,45.0,37.0,38.0,42.0,103.0,41.0,91.0,32.0,34.0,33.0,26.0,65.0,55.0,41.0,71.0,40.0,50.0,49.0,80.0,55.0,72.0,30.0,37.0,34.0,30.0,35.0,54.0,27.0,62.0,26.0,33.0,29.0,41.0,51.0,36.0,36.0,39.0,31.0,62.0,39.0,39.0,40.0,31.0,49.0,81.0,30.0,45.0,34.0,32.0,36.0,36.0,36.0,601.0,34.0,29.0,63.0,88.0,38.0,37.0,33.0,31.0,91.0,113.0,24.0,48.0,28.0,36.0,24.0,67.0,30.0,95.0,41.0,35.0,28.0,38.0,34.0,31.0,71.0,35.0,67.0,42.0,25.0,21.0,38.0,36.0,32.0,29.0,29.0,23.0,26.0,51.0,34.0
95,106.0,93.0,12.0,11.0,57.0,26.0,22.0,11.0,43.0,98.0,72.0,93.0,44.0,50.0,25.0,76.0,77.0,110.0,17.0,19.0,10.0,98.0,92.0,59.0,61.0,99.0,13.0,15.0,49.0,23.0,49.0,113.0,22.0,25.0,18.0,59.0,65.0,11.0,56.0,108.0,87.0,13.0,53.0,53.0,15.0,66.0,16.0,46.0,11.0,21.0,14.0,36.0,21.0,13.0,115.0,16.0,17.0,104.0,44.0,87.0,89.0,39.0,22.0,15.0,11.0,22.0,21.0,29.0,15.0,69.0,43.0,81.0,29.0,96.0,11.0,52.0,53.0,55.0,54.0,22.0,73.0,104.0,21.0,81.0,44.0,54.0,79.0,14.0,24.0,11.0,50.0,96.0,37.0,56.0,23.0,23.0,80.0,76.0,11.0,25.0,27.0,20.0,12.0,12.0,96.0,21.0,10.0,104.0,62.0,102.0,16.0,104.0,92.0,11.0,56.0,56.0,88.0,76.0,42.0,30.0,16.0,80.0,60.0,86.0,91.0,15.0,12.0,56.0
99,5.0,5.0,5.0,5.0,5.0,5.0,5.0,13.0,5.0,5.0,7.0,5.0,5.0,5.0,5.0,5.0,5.0,5.0,5.0,5.0,5.0,6.0,7.0,5.0,6.0,5.0,7.0,5.0,5.0,5.0,5.0,5.0,5.0,5.0,5.0,8.0,5.0,5.0,5.0,5.0,5.0,6.0,5.0,5.0,6.0,5.0,5.0,5.0,5.0,5.0,5.0,39.0,7.0,5.0,9.0,5.0,5.0,5.0,5.0,8.0,5.0,5.0,5.0,5.0,5.0,7.0,5.0,5.0,5.0,5.0,5.0,5.0,5.0,5.0,5.0,5.0,5.0,5.0,5.0,5.0,5.0,5.0,27.0,5.0,29.0,5.0,6.0,5.0,5.0,5.0,5.0,5.0,6.0,5.0,5.0,5.0,6.0,5.0,5.0,5.0,5.0,5.0,5.0,14.0,5.0,5.0,5.0,5.0,5.0,5.0,5.0,6.0,5.0,5.0,5.0,5.0,5.0,13.0,5.0,5.0,5.0,5.0,5.0,5.0,5.0,5.0,5.0,5.0
104,108.0,42.0,16.0,66.0,24.0,12.0,19.0,11.0,16.0,56.0,21.0,92.0,11.0,13.0,42.0,89.0,14.0,112.0,11.0,26.0,50.0,22.0,18.0,54.0,87.0,78.0,41.0,87.0,53.0,88.0,14.0,65.0,20.0,22.0,85.0,22.0,5.0,38.0,10.0,60.0,35.0,9.0,77.0,38.0,10.0,69.0,14.0,61.0,29.0,63.0,13.0,52.0,16.0,20.0,99.0,39.0,13.0,99.0,95.0,44.0,10.0,83.0,13.0,64.0,16.0,10.0,52.0,21.0,52.0,13.0,40.0,21.0,37.0,94.0,19.0,27.0,54.0,100.0,61.0,10.0,16.0,93.0,45.0,112.0,62.0,22.0,15.0,22.0,11.0,15.0,52.0,49.0,37.0,16.0,11.0,99.0,93.0,24.0,81.0,24.0,94.0,29.0,104.0,13.0,14.0,61.0,12.0,6.0,56.0,19.0,60.0,50.0,83.0,11.0,59.0,45.0,8.0,50.0,47.0,14.0,9.0,72.0,50.0,32.0,59.0,56.0,98.0,14.0
106,53.0,40.0,48.0,53.0,45.0,48.0,50.0,52.0,41.0,43.0,48.0,43.0,48.0,42.0,42.0,48.0,49.0,59.0,47.0,64.0,45.0,47.0,56.0,55.0,48.0,49.0,47.0,56.0,54.0,51.0,48.0,46.0,53.0,21.0,41.0,51.0,41.0,46.0,39.0,36.0,62.0,55.0,49.0,53.0,54.0,54.0,58.0,52.0,44.0,47.0,44.0,46.0,43.0,48.0,56.0,47.0,48.0,53.0,51.0,40.0,62.0,51.0,54.0,40.0,18.0,47.0,48.0,58.0,50.0,45.0,55.0,44.0,52.0,49.0,54.0,43.0,47.0,52.0,45.0,49.0,50.0,46.0,39.0,63.0,59.0,48.0,52.0,52.0,49.0,44.0,40.0,51.0,46.0,48.0,43.0,55.0,52.0,49.0,40.0,62.0,44.0,48.0,50.0,51.0,51.0,51.0,40.0,40.0,44.0,53.0,53.0,46.0,46.0,55.0,14.0,50.0,51.0,56.0,48.0,53.0,54.0,49.0,46.0,44.0,49.0,46.0,52.0,52.0
115,17.0,11.0,17.0,16.0,9.0,15.0,9.0,16.0,12.0,15.0,15.0,17.0,9.0,14.0,20.0,13.0,13.0,14.0,18.0,13.0,10.0,19.0,23.0,17.0,13.0,17.0,19.0,12.0,9.0,13.0,13.0,10.0,13.0,14.0,17.0,14.0,21.0,16.0,13.0,17.0,14.0,17.0,19.0,13.0,15.0,14.0,20.0,13.0,13.0,11.0,14.0,12.0,13.0,12.0,18.0,24.0,17.0,10.0,15.0,14.0,17.0,13.0,12.0,10.0,15.0,13.0,13.0,14.0,16.0,14.0,16.0,18.0,15.0,12.0,14.0,6.0,15.0,14.0,13.0,16.0,21.0,20.0,9.0,21.0,16.0,16.0,19.0,17.0,25.0,17.0,15.0,14.0,17.0,19.0,17.0,11.0,14.0,16.0,17.0,15.0,17.0,13.0,16.0,16.0,12.0,14.0,18.0,13.0,23.0,15.0,13.0,18.0,16.0,11.0,15.0,17.0,26.0,12.0,18.0,13.0,14.0,13.0,11.0,16.0,18.0,12.0,15.0,16.0
118,17.0,13.0,7.0,13.0,10.0,10.0,11.0,16.0,11.0,11.0,10.0,16.0,14.0,17.0,13.0,16.0,15.0,18.0,9.0,19.0,10.0,11.0,17.0,15.0,11.0,14.0,8.0,13.0,11.0,13.0,10.0,10.0,9.0,10.0,14.0,18.0,11.0,15.0,12.0,11.0,11.0,10.0,18.0,8.0,7.0,17.0,12.0,12.0,14.0,17.0,16.0,10.0,15.0,6.0,14.0,18.0,12.0,14.0,12.0,8.0,10.0,10.0,9.0,15.0,13.0,10.0,11.0,11.0,10.0,19.0,20.0,17.0,16.0,10.0,13.0,11.0,12.0,14.0,10.0,12.0,11.0,18.0,12.0,9.0,10.0,15.0,13.0,16.0,12.0,15.0,8.0,15.0,14.0,8.0,11.0,10.0,15.0,10.0,11.0,16.0,14.0,11.0,9.0,12.0,16.0,11.0,13.0,8.0,15.0,12.0,10.0,11.0,10.0,11.0,11.0,12.0,11.0,21.0,15.0,17.0,14.0,11.0,9.0,16.0,20.0,17.0,13.0,11.0
123,9.0,10.0,11.0,13.0,10.0,10.0,11.0,13.0,14.0,14.0,12.0,14.0,12.0,10.0,12.0,7.0,12.0,12.0,12.0,14.0,10.0,12.0,10.0,12.0,10.0,12.0,12.0,11.0,9.0,14.0,9.0,12.0,11.0,13.0,11.0,11.0,11.0,11.0,13.0,13.0,10.0,11.0,11.0,10.0,12.0,13.0,8.0,12.0,12.0,14.0,9.0,11.0,12.0,14.0,10.0,11.0,12.0,13.0,12.0,11.0,12.0,14.0,12.0,10.0,10.0,12.0,12.0,13.0,12.0,11.0,12.0,11.0,13.0,12.0,13.0,12.0,12.0,10.0,11.0,8.0,14.0,12.0,9.0,10.0,13.0,13.0,14.0,11.0,12.0,12.0,12.0,10.0,9.0,10.0,11.0,11.0,12.0,6.0,11.0,12.0,14.0,12.0,11.0,13.0,15.0,10.0,10.0,13.0,9.0,12.0,14.0,12.0,13.0,14.0,9.0,12.0,12.0,12.0,11.0,12.0,14.0,13.0,7.0,11.0,12.0,13.0,9.0,12.0
126,13.0,11.0,14.0,12.0,15.0,12.0,10.0,8.0,20.0,17.0,9.0,10.0,21.0,18.0,17.0,7.0,19.0,10.0,14.0,10.0,14.0,22.0,8.0,12.0,10.0,14.0,15.0,16.0,13.0,16.0,13.0,19.0,13.0,20.0,10.0,14.0,7.0,12.0,12.0,14.0,19.0,20.0,13.0,22.0,10.0,8.0,19.0,14.0,15.0,14.0,12.0,12.0,21.0,17.0,13.0,15.0,14.0,11.0,10.0,17.0,17.0,12.0,8.0,13.0,11.0,19.0,14.0,10.0,13.0,18.0,13.0,13.0,13.0,15.0,13.0,7.0,11.0,21.0,11.0,19.0,16.0,9.0,19.0,20.0,14.0,21.0,9.0,25.0,17.0,21.0,14.0,15.0,11.0,18.0,9.0,17.0,19.0,10.0,14.0,13.0,20.0,10.0,20.0,17.0,17.0,11.0,13.0,18.0,15.0,9.0,12.0,14.0,12.0,18.0,13.0,19.0,8.0,18.0,25.0,11.0,16.0,10.0,18.0,11.0,14.0,10.0,10.0,19.0
132,34.0,60.0,51.0,31.0,23.0,56.0,49.0,51.0,52.0,48.0,35.0,67.0,49.0,64.0,59.0,28.0,112.0,188.0,136.0,132.0,156.0,99.0,88.0,161.0,169.0,104.0,97.0,145.0,159.0,109.0,166.0,104.0,102.0,141.0,175.0,78.0,129.0,103.0,109.0,101.0,106.0,107.0,185.0,92.0,92.0,140.0,121.0,109.0,69.0,120.0,91.0,175.0,101.0,137.0,103.0,135.0,100.0,105.0,118.0,139.0,157.0,158.0,104.0,149.0,153.0,85.0,183.0,110.0,153.0,89.0,99.0,102.0,146.0,119.0,77.0,133.0,95.0,95.0,5.0,117.0,88.0,115.0,140.0,117.0,164.0,157.0,113.0,81.0,137.0,101.0,93.0,96.0,106.0,184.0,88.0,141.0,129.0,101.0,160.0,115.0,156.0,160.0,97.0,135.0,105.0,151.0,95.0,79.0,111.0,96.0,171.0,96.0,102.0,153.0,89.0,138.0,93.0,104.0,112.0,69.0,72.0,72.0,82.0,104.0,105.0,82.0,107.0,83.0
170,6.0,6.0,5.0,6.0,6.0,5.0,7.0,6.0,6.0,6.0,6.0,6.0,6.0,6.0,6.0,6.0,6.0,5.0,6.0,6.0,6.0,6.0,6.0,6.0,6.0,6.0,6.0,6.0,6.0,6.0,6.0,6.0,6.0,6.0,5.0,5.0,6.0,5.0,5.0,6.0,6.0,6.0,6.0,6.0,6.0,6.0,6.0,6.0,5.0,6.0,5.0,5.0,6.0,6.0,5.0,6.0,5.0,6.0,6.0,5.0,6.0,5.0,6.0,6.0,5.0,7.0,5.0,6.0,6.0,6.0,6.0,6.0,6.0,7.0,6.0,6.0,6.0,5.0,7.0,6.0,6.0,6.0,6.0,6.0,6.0,6.0,5.0,6.0,6.0,6.0,6.0,6.0,5.0,6.0,6.0,6.0,6.0,5.0,6.0,5.0,6.0,6.0,6.0,6.0,6.0,6.0,6.0,6.0,6.0,5.0,6.0,5.0,6.0,6.0,6.0,6.0,6.0,6.0,5.0,6.0,6.0,6.0,6.0,6.0,5.0,5.0,6.0,6.0
173,7.0,10.0,7.0,11.0,10.0,6.0,10.0,10.0,6.0,10.0,10.0,6.0,5.0,10.0,10.0,5.0,10.0,6.0,7.0,10.0,5.0,5.0,5.0,5.0,10.0,10.0,9.0,7.0,6.0,10.0,10.0,10.0,10.0,10.0,5.0,6.0,7.0,10.0,10.0,10.0,6.0,6.0,7.0,10.0,10.0,5.0,10.0,6.0,7.0,6.0,6.0,6.0,10.0,7.0,6.0,7.0,6.0,6.0,5.0,5.0,10.0,5.0,10.0,6.0,6.0,6.0,5.0,7.0,10.0,6.0,6.0,7.0,7.0,5.0,6.0,10.0,6.0,6.0,5.0,10.0,5.0,10.0,10.0,10.0,6.0,7.0,5.0,6.0,7.0,5.0,5.0,7.0,10.0,10.0,10.0,6.0,7.0,10.0,10.0,6.0,10.0,10.0,10.0,11.0,5.0,5.0,8.0,6.0,7.0,5.0,10.0,10.0,5.0,5.0,10.0,7.0,6.0,5.0,7.0,6.0,10.0,10.0,7.0,7.0,6.0,7.0,11.0,10.0
186,35.0,32.0,36.0,36.0,34.0,37.0,40.0,33.0,31.0,35.0,36.0,36.0,38.0,33.0,32.0,35.0,33.0,39.0,35.0,37.0,38.0,36.0,29.0,32.0,33.0,32.0,35.0,35.0,35.0,36.0,30.0,35.0,33.0,31.0,35.0,30.0,33.0,36.0,34.0,35.0,34.0,31.0,35.0,35.0,35.0,30.0,31.0,35.0,31.0,33.0,37.0,31.0,34.0,36.0,31.0,36.0,32.0,33.0,33.0,34.0,29.0,37.0,34.0,34.0,37.0,34.0,34.0,36.0,38.0,29.0,34.0,35.0,34.0,36.0,36.0,33.0,32.0,38.0,35.0,35.0,35.0,36.0,31.0,34.0,39.0,34.0,35.0,32.0,27.0,33.0,35.0,36.0,38.0,39.0,32.0,38.0,33.0,35.0,30.0,32.0,35.0,32.0,33.0,36.0,30.0,35.0,32.0,36.0,37.0,34.0,27.0,34.0,30.0,34.0,36.0,32.0,36.0,33.0,37.0,34.0,34.0,32.0,33.0,31.0,34.0,34.0,34.0,35.0
191,35.0,25.0,38.0,27.0,34.0,34.0,33.0,32.0,36.0,36.0,33.0,33.0,39.0,35.0,34.0,37.0,37.0,34.0,37.0,32.0,31.0,35.0,37.0,34.0,33.0,34.0,36.0,35.0,29.0,38.0,32.0,38.0,29.0,35.0,32.0,24.0,31.0,33.0,36.0,33.0,34.0,29.0,33.0,32.0,38.0,33.0,33.0,39.0,34.0,35.0,32.0,38.0,33.0,36.0,35.0,34.0,36.0,39.0,30.0,32.0,36.0,35.0,33.0,34.0,28.0,36.0,34.0,35.0,33.0,33.0,34.0,36.0,29.0,37.0,31.0,32.0,35.0,38.0,32.0,33.0,35.0,39.0,38.0,32.0,33.0,31.0,33.0,34.0,35.0,35.0,27.0,39.0,31.0,36.0,38.0,36.0,36.0,37.0,29.0,39.0,33.0,33.0,34.0,37.0,39.0,27.0,34.0,33.0,38.0,36.0,35.0,38.0,34.0,34.0,34.0,31.0,35.0,37.0,31.0,39.0,34.0,32.0,28.0,33.0,31.0,35.0,37.0,33.0
202,6.0,5.0,9.0,9.0,6.0,6.0,6.0,9.0,6.0,6.0,8.0,8.0,9.0,5.0,5.0,8.0,7.0,8.0,6.0,6.0,5.0,5.0,8.0,5.0,8.0,5.0,7.0,9.0,8.0,6.0,9.0,5.0,6.0,6.0,8.0,6.0,8.0,8.0,8.0,8.0,7.0,8.0,9.0,8.0,6.0,6.0,8.0,5.0,5.0,8.0,8.0,9.0,6.0,5.0,9.0,5.0,8.0,5.0,6.0,6.0,6.0,8.0,9.0,6.0,5.0,5.0,5.0,9.0,6.0,8.0,5.0,6.0,8.0,5.0,9.0,9.0,5.0,5.0,9.0,5.0,6.0,5.0,5.0,5.0,9.0,7.0,5.0,9.0,6.0,8.0,9.0,5.0,8.0,5.0,7.0,5.0,5.0,9.0,6.0,6.0,9.0,5.0,5.0,9.0,5.0,8.0,8.0,9.0,9.0,6.0,5.0,6.0,5.0,6.0,5.0,6.0,5.0,5.0,8.0,5.0,5.0,6.0,8.0,7.0,9.0,9.0,8.0,6.0
211,6.0,6.0,7.0,6.0,6.0,5.0,7.0,5.0,5.0,6.0,6.0,6.0,7.0,5.0,6.0,5.0,5.0,6.0,6.0,6.0,5.0,5.0,6.0,5.0,6.0,6.0,6.0,5.0,5.0,5.0,5.0,6.0,6.0,6.0,5.0,5.0,6.0,5.0,6.0,5.0,6.0,5.0,5.0,5.0,6.0,5.0,5.0,5.0,6.0,6.0,6.0,6.0,6.0,5.0,5.0,6.0,5.0,6.0,5.0,6.0,5.0,6.0,5.0,5.0,5.0,6.0,5.0,5.0,6.0,6.0,7.0,5.0,5.0,6.0,5.0,5.0,4.0,6.0,6.0,5.0,5.0,5.0,5.0,6.0,6.0,6.0,6.0,6.0,5.0,6.0,6.0,6.0,6.0,6.0,6.0,6.0,5.0,5.0,6.0,6.0,5.0,5.0,6.0,6.0,5.0,6.0,6.0,6.0,6.0,5.0,6.0,6.0,6.0,5.0,5.0,5.0,6.0,6.0,6.0,5.0,6.0,5.0,6.0,6.0,7.0,5.0,6.0,6.0
213,463.0,419.0,22.0,456.0,12.0,9.0,12.0,602.0,24.0,16.0,14.0,25.0,24.0,483.0,428.0,427.0,578.0,27.0,25.0,600.0,17.0,17.0,539.0,510.0,496.0,596.0,12.0,512.0,13.0,22.0,535.0,547.0,22.0,16.0,628.0,23.0,494.0,493.0,507.0,10.0,10.0,488.0,20.0,728.0,21.0,446.0,18.0,9.0,21.0,440.0,482.0,12.0,661.0,22.0,476.0,26.0,22.0,17.0,9.0,12.0,20.0,498.0,549.0,13.0,9.0,10.0,22.0,11.0,14.0,11.0,524.0,550.0,530.0,25.0,22.0,19.0,534.0,24.0,637.0,21.0,500.0,489.0,19.0,21.0,13.0,561.0,23.0,535.0,20.0,18.0,405.0,19.0,20.0,20.0,637.0,21.0,473.0,579.0,480.0,16.0,26.0,11.0,497.0,485.0,472.0,444.0,19.0,18.0,12.0,27.0,12.0,559.0,17.0,18.0,26.0,450.0,10.0,495.0,464.0,15.0,440.0,474.0,24.0,18.0,11.0,17.0,491.0,21.0
224,24.0,24.0,26.0,34.0,33.0,28.0,28.0,25.0,22.0,15.0,27.0,24.0,20.0,25.0,29.0,20.0,27.0,23.0,29.0,28.0,27.0,25.0,25.0,17.0,28.0,32.0,22.0,28.0,20.0,28.0,28.0,23.0,24.0,19.0,22.0,28.0,28.0,16.0,27.0,24.0,17.0,26.0,22.0,21.0,25.0,23.0,19.0,20.0,23.0,38.0,28.0,26.0,28.0,23.0,25.0,17.0,20.0,25.0,18.0,25.0,30.0,26.0,23.0,24.0,21.0,17.0,29.0,36.0,21.0,15.0,33.0,29.0,39.0,22.0,25.0,13.0,23.0,27.0,26.0,26.0,28.0,27.0,23.0,26.0,25.0,32.0,23.0,27.0,16.0,31.0,20.0,15.0,33.0,18.0,24.0,25.0,20.0,35.0,29.0,22.0,24.0,32.0,26.0,22.0,23.0,26.0,22.0,19.0,29.0,27.0,27.0,25.0,19.0,25.0,27.0,33.0,23.0,26.0,29.0,27.0,27.0,25.0,22.0,27.0,21.0,25.0,32.0,20.0
248,8.0,5.0,6.0,5.0,6.0,8.0,8.0,5.0,5.0,9.0,5.0,5.0,9.0,5.0,5.0,9.0,10.0,5.0,8.0,8.0,7.0,5.0,5.0,5.0,6.0,6.0,5.0,5.0,5.0,5.0,5.0,5.0,5.0,5.0,5.0,9.0,5.0,5.0,9.0,5.0,5.0,8.0,5.0,5.0,5.0,5.0,8.0,6.0,5.0,5.0,5.0,9.0,9.0,4.0,9.0,5.0,5.0,5.0,8.0,5.0,5.0,5.0,6.0,5.0,9.0,5.0,5.0,5.0,5.0,5.0,8.0,8.0,9.0,7.0,5.0,9.0,8.0,5.0,5.0,5.0,5.0,9.0,5.0,5.0,9.0,5.0,5.0,5.0,8.0,5.0,5.0,8.0,5.0,5.0,8.0,5.0,5.0,5.0,5.0,5.0,5.0,5.0,8.0,5.0,5.0,9.0,9.0,9.0,5.0,9.0,5.0,5.0,5.0,9.0,5.0,5.0,5.0,5.0,9.0,9.0,5.0,5.0,5.0,9.0,5.0,5.0,9.0,5.0
250,25.0,42.0,20.0,45.0,67.0,43.0,39.0,27.0,30.0,40.0,29.0,25.0,27.0,36.0,43.0,23.0,28.0,28.0,25.0,29.0,24.0,28.0,28.0,26.0,49.0,49.0,25.0,27.0,38.0,18.0,48.0,17.0,19.0,24.0,23.0,19.0,26.0,24.0,24.0,25.0,37.0,30.0,42.0,52.0,41.0,22.0,24.0,26.0,40.0,28.0,56.0,46.0,25.0,26.0,48.0,24.0,47.0,16.0,48.0,52.0,24.0,26.0,25.0,25.0,53.0,41.0,37.0,46.0,25.0,32.0,26.0,25.0,32.0,26.0,26.0,26.0,42.0,25.0,25.0,23.0,48.0,40.0,49.0,48.0,50.0,17.0,49.0,20.0,17.0,25.0,17.0,43.0,46.0,45.0,24.0,31.0,24.0,27.0,51.0,42.0,45.0,50.0,10.0,28.0,37.0,28.0,24.0,30.0,28.0,43.0,16.0,29.0,24.0,42.0,55.0,28.0,40.0,53.0,46.0,22.0,18.0,26.0,39.0,31.0,39.0,22.0,14.0,27.0
253,9.0,9.0,9.0,9.0,9.0,5.0,9.0,10.0,9.0,9.0,9.0,10.0,9.0,9.0,9.0,9.0,9.0,9.0,9.0,9.0,9.0,9.0,5.0,5.0,9.0,9.0,9.0,9.0,9.0,10.0,9.0,9.0,9.0,9.0,9.0,9.0,5.0,9.0,9.0,9.0,5.0,9.0,9.0,10.0,9.0,9.0,9.0,9.0,9.0,9.0,9.0,8.0,9.0,9.0,9.0,8.0,9.0,9.0,9.0,5.0,9.0,9.0,10.0,9.0,9.0,9.0,9.0,5.0,9.0,9.0,9.0,9.0,9.0,10.0,9.0,10.0,5.0,9.0,9.0,9.0,9.0,9.0,10.0,9.0,9.0,9.0,9.0,10.0,9.0,9.0,9.0,9.0,10.0,10.0,9.0,9.0,9.0,10.0,9.0,9.0,9.0,9.0,9.0,9.0,9.0,9.0,10.0,9.0,9.0,9.0,9.0,9.0,9.0,9.0,10.0,9.0,9.0,9.0,9.0,9.0,9.0,9.0,9.0,9.0,9.0,9.0,10.0,9.0
254,25.0,29.0,48.0,29.0,40.0,38.0,38.0,31.0,43.0,46.0,33.0,26.0,21.0,31.0,21.0,29.0,32.0,33.0,14.0,27.0,34.0,22.0,38.0,43.0,23.0,17.0,45.0,29.0,32.0,25.0,35.0,35.0,47.0,31.0,33.0,23.0,35.0,28.0,27.0,34.0,38.0,37.0,18.0,36.0,33.0,40.0,49.0,31.0,27.0,38.0,24.0,39.0,29.0,21.0,22.0,37.0,36.0,16.0,31.0,33.0,25.0,34.0,48.0,31.0,21.0,27.0,34.0,20.0,33.0,27.0,34.0,32.0,36.0,41.0,36.0,28.0,20.0,29.0,28.0,27.0,37.0,44.0,12.0,37.0,36.0,24.0,31.0,20.0,20.0,36.0,35.0,23.0,26.0,36.0,24.0,33.0,35.0,30.0,46.0,24.0,31.0,42.0,42.0,23.0,31.0,21.0,28.0,43.0,35.0,19.0,24.0,26.0,31.0,37.0,31.0,26.0,30.0,39.0,22.0,25.0,30.0,41.0,32.0,27.0,34.0,14.0,38.0,32.0
256,21.0,24.0,25.0,19.0,17.0,20.0,9.0,13.0,17.0,12.0,11.0,22.0,22.0,23.0,14.0,23.0,25.0,22.0,13.0,25.0,11.0,13.0,11.0,28.0,28.0,15.0,27.0,24.0,24.0,25.0,27.0,10.0,21.0,17.0,30.0,13.0,11.0,19.0,29.0,27.0,13.0,17.0,10.0,28.0,24.0,15.0,27.0,20.0,24.0,26.0,24.0,16.0,28.0,22.0,24.0,16.0,20.0,27.0,27.0,24.0,14.0,31.0,14.0,24.0,25.0,25.0,11.0,23.0,19.0,18.0,29.0,30.0,25.0,25.0,29.0,29.0,27.0,23.0,22.0,22.0,21.0,23.0,16.0,16.0,25.0,16.0,19.0,10.0,29.0,13.0,28.0,20.0,15.0,13.0,23.0,13.0,14.0,24.0,22.0,12.0,26.0,23.0,21.0,11.0,30.0,24.0,23.0,23.0,19.0,30.0,25.0,18.0,25.0,20.0,25.0,18.0,19.0,26.0,25.0,27.0,29.0,11.0,27.0,22.0,24.0,15.0,25.0,28.0
258,613.0,688.0,27.0,171.0,32.0,21.0,840.0,30.0,23.0,24.0,668.0,19.0,40.0,20.0,646.0,33.0,720.0,21.0,835.0,843.0,800.0,53.0,983.0,776.0,8.0,695.0,19.0,20.0,854.0,788.0,41.0,27.0,927.0,19.0,25.0,694.0,25.0,19.0,34.0,741.0,36.0,28.0,30.0,24.0,30.0,18.0,837.0,30.0,842.0,25.0,19.0,29.0,20.0,35.0,662.0,1023.0,695.0,23.0,33.0,25.0,32.0,32.0,39.0,20.0,16.0,814.0,898.0,675.0,761.0,807.0,43.0,17.0,40.0,22.0,23.0,17.0,24.0,38.0,766.0,996.0,32.0,35.0,702.0,40.0,27.0,35.0,813.0,890.0,35.0,21.0,775.0,17.0,26.0,33.0,30.0,23.0,958.0,781.0,26.0,21.0,19.0,810.0,847.0,892.0,29.0,20.0,880.0,31.0,22.0,28.0,857.0,32.0,233.0,46.0,27.0,17.0,756.0,696.0,224.0,38.0,724.0,32.0,16.0,802.0,770.0,28.0,39.0,21.0
262,62.0,130.0,85.0,102.0,102.0,84.0,78.0,69.0,88.0,82.0,59.0,98.0,76.0,95.0,94.0,73.0,187.0,209.0,90.0,98.0,99.0,157.0,91.0,84.0,103.0,147.0,88.0,114.0,78.0,101.0,215.0,77.0,86.0,92.0,81.0,88.0,92.0,104.0,97.0,103.0,71.0,229.0,197.0,262.0,70.0,98.0,114.0,94.0,91.0,83.0,243.0,163.0,62.0,87.0,104.0,69.0,80.0,86.0,89.0,82.0,66.0,75.0,112.0,114.0,218.0,100.0,108.0,89.0,165.0,105.0,115.0,78.0,92.0,99.0,66.0,99.0,159.0,171.0,209.0,83.0,112.0,84.0,144.0,96.0,87.0,100.0,168.0,81.0,87.0,86.0,107.0,87.0,70.0,80.0,78.0,81.0,249.0,251.0,76.0,96.0,99.0,104.0,198.0,226.0,101.0,92.0,120.0,129.0,85.0,90.0,102.0,72.0,99.0,95.0,93.0,103.0,101.0,265.0,93.0,271.0,84.0,101.0,107.0,94.0,99.0,106.0,109.0,72.0
266,786.0,19.0,19.0,266.0,11.0,12.0,16.0,864.0,13.0,16.0,15.0,18.0,9.0,16.0,17.0,26.0,24.0,12.0,20.0,7.0,6.0,18.0,13.0,101.0,20.0,15.0,1006.0,37.0,17.0,736.0,38.0,47.0,936.0,149.0,18.0,38.0,26.0,7.0,9.0,35.0,13.0,21.0,19.0,578.0,12.0,12.0,23.0,867.0,15.0,49.0,734.0,982.0,8.0,16.0,9.0,9.0,24.0,24.0,866.0,9.0,18.0,17.0,886.0,17.0,936.0,927.0,999.0,938.0,54.0,892.0,21.0,19.0,28.0,9.0,16.0,812.0,828.0,14.0,828.0,15.0,499.0,11.0,20.0,739.0,912.0,998.0,15.0,34.0,513.0,16.0,12.0,18.0,24.0,21.0,63.0,5.0,1062.0,14.0,19.0,34.0,949.0,767.0,25.0,13.0,17.0,18.0,39.0,944.0,15.0,25.0,913.0,12.0,17.0,810.0,19.0,75.0,794.0,853.0,809.0,10.0,837.0,19.0,16.0,7.0,12.0,131.0,34.0,18.0
271,23.0,13.0,11.0,9.0,10.0,9.0,9.0,13.0,12.0,11.0,11.0,25.0,8.0,8.0,13.0,11.0,12.0,9.0,11.0,10.0,11.0,46.0,13.0,10.0,9.0,11.0,12.0,8.0,11.0,13.0,9.0,12.0,8.0,12.0,13.0,10.0,14.0,13.0,10.0,12.0,14.0,12.0,9.0,11.0,11.0,12.0,11.0,16.0,8.0,13.0,9.0,11.0,14.0,9.0,12.0,13.0,9.0,12.0,11.0,13.0,14.0,16.0,10.0,13.0,11.0,10.0,13.0,11.0,13.0,13.0,12.0,14.0,17.0,11.0,8.0,12.0,14.0,13.0,8.0,14.0,9.0,10.0,9.0,15.0,9.0,9.0,10.0,10.0,13.0,9.0,13.0,11.0,13.0,10.0,13.0,12.0,8.0,11.0,19.0,13.0,13.0,12.0,14.0,14.0,12.0,22.0,9.0,13.0,12.0,12.0,11.0,11.0,14.0,8.0,13.0,12.0,12.0,11.0,9.0,11.0,13.0,46.0,15.0,11.0,10.0,9.0,13.0,14.0
275,11.0,13.0,7.0,7.0,7.0,6.0,7.0,7.0,6.0,15.0,7.0,6.0,6.0,7.0,12.0,10.0,14.0,7.0,5.0,7.0,6.0,7.0,5.0,6.0,5.0,6.0,5.0,6.0,7.0,7.0,6.0,5.0,6.0,5.0,7.0,5.0,7.0,5.0,6.0,7.0,7.0,14.0,7.0,5.0,5.0,12.0,7.0,7.0,7.0,7.0,7.0,7.0,7.0,5.0,5.0,11.0,7.0,7.0,6.0,11.0,5.0,7.0,12.0,6.0,7.0,5.0,6.0,5.0,7.0,13.0,7.0,6.0,10.0,7.0,6.0,6.0,6.0,5.0,7.0,14.0,6.0,5.0,13.0,6.0,7.0,7.0,5.0,6.0,14.0,7.0,5.0,6.0,6.0,15.0,5.0,5.0,6.0,6.0,6.0,11.0,7.0,5.0,5.0,6.0,7.0,7.0,6.0,5.0,6.0,6.0,5.0,7.0,15.0,6.0,10.0,13.0,6.0,5.0,6.0,7.0,6.0,5.0,6.0,5.0,5.0,5.0,6.0,7.0
281,5.0,5.0,13.0,15.0,12.0,49.0,15.0,9.0,11.0,6.0,15.0,29.0,13.0,18.0,33.0,18.0,12.0,51.0,38.0,16.0,47.0,13.0,4.0,10.0,13.0,6.0,18.0,50.0,14.0,836.0,5.0,14.0,17.0,15.0,62.0,5.0,16.0,11.0,10.0,7.0,21.0,5.0,16.0,18.0,17.0,28.0,5.0,6.0,48.0,884.0,43.0,58.0,14.0,13.0,6.0,5.0,13.0,10.0,13.0,15.0,51.0,28.0,13.0,15.0,45.0,6.0,11.0,19.0,12.0,6.0,5.0,15.0,23.0,36.0,48.0,5.0,15.0,18.0,27.0,14.0,15.0,7.0,36.0,5.0,12.0,39.0,14.0,672.0,34.0,9.0,12.0,5.0,52.0,14.0,20.0,5.0,48.0,29.0,12.0,8.0,872.0,27.0,6.0,53.0,17.0,20.0,19.0,29.0,11.0,11.0,19.0,14.0,5.0,14.0,5.0,27.0,46.0,651.0,5.0,5.0,15.0,6.0,23.0,17.0,15.0,17.0,5.0,5.0
283,6.0,6.0,7.0,5.0,6.0,5.0,7.0,6.0,6.0,6.0,6.0,6.0,6.0,6.0,6.0,6.0,6.0,5.0,5.0,5.0,5.0,6.0,7.0,6.0,5.0,7.0,6.0,6.0,5.0,7.0,5.0,5.0,5.0,5.0,6.0,5.0,7.0,6.0,6.0,6.0,6.0,6.0,6.0,6.0,6.0,6.0,5.0,6.0,5.0,5.0,6.0,6.0,5.0,6.0,5.0,5.0,6.0,5.0,7.0,5.0,6.0,6.0,6.0,5.0,5.0,7.0,5.0,5.0,7.0,5.0,7.0,5.0,6.0,6.0,6.0,5.0,6.0,7.0,5.0,5.0,5.0,5.0,5.0,7.0,6.0,5.0,7.0,6.0,5.0,6.0,6.0,6.0,5.0,6.0,5.0,6.0,5.0,5.0,5.0,6.0,6.0,6.0,6.0,6.0,6.0,6.0,6.0,6.0,7.0,6.0,6.0,6.0,5.0,5.0,6.0,6.0,5.0,6.0,7.0,5.0,6.0,5.0,5.0,6.0,6.0,6.0,5.0,6.0
284,68.0,63.0,40.0,35.0,64.0,52.0,39.0,32.0,40.0,38.0,43.0,36.0,44.0,28.0,46.0,33.0,39.0,48.0,38.0,22.0,38.0,51.0,26.0,52.0,26.0,44.0,47.0,62.0,67.0,27.0,45.0,35.0,54.0,62.0,37.0,77.0,37.0,34.0,34.0,27.0,23.0,50.0,40.0,56.0,37.0,62.0,40.0,38.0,73.0,36.0,30.0,44.0,57.0,59.0,46.0,58.0,46.0,67.0,34.0,48.0,59.0,32.0,39.0,41.0,67.0,40.0,49.0,36.0,30.0,32.0,26.0,42.0,44.0,51.0,27.0,34.0,42.0,47.0,36.0,70.0,36.0,33.0,78.0,23.0,31.0,46.0,84.0,34.0,58.0,34.0,36.0,40.0,24.0,57.0,33.0,38.0,78.0,38.0,46.0,29.0,24.0,38.0,63.0,35.0,25.0,30.0,51.0,51.0,48.0,52.0,56.0,66.0,33.0,13.0,84.0,34.0,72.0,80.0,49.0,35.0,41.0,69.0,69.0,39.0,53.0,61.0,50.0,26.0
288,10.0,18.0,31.0,21.0,10.0,17.0,18.0,21.0,30.0,10.0,20.0,14.0,16.0,21.0,24.0,19.0,13.0,22.0,19.0,22.0,15.0,16.0,24.0,18.0,20.0,19.0,13.0,20.0,15.0,24.0,8.0,15.0,13.0,21.0,26.0,8.0,25.0,19.0,19.0,19.0,18.0,22.0,16.0,30.0,27.0,23.0,22.0,5.0,24.0,24.0,17.0,22.0,16.0,21.0,17.0,10.0,24.0,9.0,23.0,25.0,25.0,18.0,23.0,22.0,28.0,27.0,32.0,23.0,28.0,21.0,19.0,9.0,9.0,20.0,26.0,13.0,18.0,27.0,21.0,14.0,11.0,38.0,21.0,10.0,18.0,28.0,26.0,16.0,12.0,18.0,16.0,17.0,21.0,21.0,24.0,22.0,24.0,32.0,15.0,13.0,25.0,19.0,20.0,16.0,29.0,32.0,26.0,25.0,18.0,19.0,15.0,20.0,17.0,12.0,28.0,28.0,30.0,21.0,19.0,12.0,21.0,19.0,24.0,24.0,23.0,23.0,9.0,20.0
292,528.0,18.0,708.0,622.0,714.0,23.0,24.0,16.0,10.0,18.0,630.0,24.0,34.0,607.0,28.0,25.0,556.0,20.0,20.0,33.0,730.0,725.0,23.0,18.0,5.0,26.0,727.0,909.0,9.0,26.0,22.0,23.0,743.0,27.0,21.0,511.0,22.0,29.0,22.0,19.0,28.0,32.0,742.0,724.0,735.0,13.0,29.0,5.0,6.0,20.0,690.0,32.0,22.0,788.0,26.0,733.0,641.0,11.0,11.0,8.0,8.0,765.0,771.0,17.0,22.0,7.0,12.0,36.0,24.0,9.0,19.0,30.0,16.0,24.0,20.0,19.0,22.0,11.0,36.0,14.0,694.0,29.0,637.0,15.0,19.0,17.0,32.0,12.0,11.0,33.0,23.0,31.0,702.0,18.0,20.0,11.0,24.0,614.0,19.0,582.0,20.0,699.0,26.0,37.0,31.0,14.0,19.0,26.0,20.0,21.0,690.0,23.0,662.0,708.0,9.0,24.0,32.0,789.0,7.0,646.0,683.0,24.0,8.0,398.0,974.0,6.0,20.0,10.0
296,9.0,19.0,12.0,5.0,9.0,16.0,10.0,14.0,10.0,14.0,8.0,9.0,13.0,8.0,10.0,12.0,7.0,15.0,16.0,7.0,8.0,10.0,13.0,8.0,11.0,12.0,9.0,15.0,15.0,10.0,14.0,7.0,7.0,13.0,14.0,15.0,12.0,14.0,10.0,12.0,8.0,15.0,12.0,15.0,10.0,12.0,14.0,11.0,15.0,13.0,14.0,15.0,11.0,11.0,13.0,12.0,6.0,10.0,11.0,6.0,8.0,7.0,13.0,13.0,6.0,7.0,8.0,12.0,13.0,5.0,7.0,5.0,11.0,13.0,10.0,7.0,7.0,11.0,8.0,11.0,12.0,11.0,13.0,8.0,10.0,16.0,13.0,11.0,13.0,6.0,10.0,7.0,10.0,10.0,10.0,10.0,7.0,7.0,13.0,12.0,12.0,11.0,7.0,15.0,10.0,459.0,14.0,12.0,11.0,7.0,9.0,13.0,11.0,8.0,13.0,12.0,14.0,14.0,14.0,8.0,11.0,8.0,11.0,13.0,6.0,14.0,15.0,15.0
313,5.0,5.0,6.0,5.0,5.0,5.0,7.0,5.0,6.0,5.0,6.0,5.0,5.0,5.0,6.0,5.0,5.0,5.0,5.0,5.0,5.0,5.0,5.0,5.0,6.0,5.0,5.0,4.0,5.0,6.0,5.0,5.0,5.0,5.0,5.0,5.0,5.0,5.0,5.0,5.0,5.0,5.0,5.0,6.0,5.0,5.0,5.0,5.0,5.0,5.0,5.0,6.0,5.0,5.0,5.0,5.0,5.0,5.0,5.0,5.0,5.0,5.0,5.0,6.0,5.0,6.0,5.0,5.0,5.0,5.0,6.0,5.0,5.0,5.0,5.0,6.0,5.0,5.0,5.0,5.0,6.0,5.0,5.0,5.0,5.0,7.0,5.0,5.0,5.0,5.0,5.0,7.0,5.0,5.0,5.0,5.0,5.0,5.0,5.0,5.0,5.0,5.0,5.0,6.0,7.0,5.0,5.0,5.0,5.0,6.0,5.0,5.0,5.0,5.0,6.0,5.0,5.0,5.0,5.0,5.0,5.0,5.0,7.0,5.0,5.0,6.0,6.0,6.0
316,5.0,38.0,58.0,8.0,62.0,9.0,9.0,10.0,30.0,30.0,40.0,48.0,5.0,41.0,11.0,8.0,10.0,33.0,29.0,90.0,20.0,5.0,64.0,12.0,5.0,40.0,17.0,34.0,5.0,11.0,96.0,9.0,9.0,52.0,48.0,9.0,35.0,10.0,50.0,53.0,32.0,17.0,39.0,7.0,6.0,39.0,54.0,55.0,19.0,46.0,10.0,31.0,15.0,33.0,8.0,6.0,19.0,36.0,6.0,22.0,8.0,45.0,8.0,73.0,34.0,47.0,10.0,7.0,11.0,56.0,7.0,14.0,5.0,58.0,5.0,9.0,4.0,11.0,12.0,9.0,60.0,10.0,17.0,38.0,5.0,8.0,11.0,5.0,40.0,8.0,5.0,40.0,9.0,6.0,6.0,5.0,32.0,37.0,45.0,5.0,43.0,61.0,55.0,12.0,46.0,18.0,6.0,56.0,11.0,5.0,36.0,67.0,9.0,31.0,29.0,6.0,39.0,8.0,45.0,21.0,18.0,10.0,57.0,61.0,10.0,15.0,33.0,41.0
324,6.0,5.0,5.0,5.0,6.0,7.0,7.0,12.0,5.0,6.0,6.0,8.0,5.0,7.0,6.0,6.0,9.0,6.0,9.0,5.0,8.0,8.0,5.0,6.0,5.0,6.0,14.0,8.0,8.0,7.0,8.0,7.0,5.0,6.0,8.0,8.0,7.0,7.0,7.0,6.0,6.0,8.0,5.0,6.0,6.0,8.0,5.0,5.0,8.0,5.0,10.0,6.0,8.0,6.0,6.0,7.0,13.0,5.0,5.0,5.0,7.0,13.0,6.0,5.0,13.0,8.0,6.0,7.0,10.0,7.0,5.0,14.0,6.0,7.0,6.0,5.0,5.0,6.0,8.0,6.0,8.0,6.0,7.0,5.0,7.0,6.0,6.0,7.0,8.0,8.0,7.0,12.0,8.0,4.0,5.0,6.0,8.0,8.0,8.0,8.0,6.0,6.0,5.0,13.0,6.0,5.0,5.0,5.0,7.0,5.0,5.0,6.0,6.0,5.0,7.0,8.0,7.0,7.0,8.0,7.0,5.0,9.0,5.0,8.0,5.0,13.0,6.0,8.0
326,6.0,10.0,13.0,13.0,18.0,18.0,8.0,10.0,18.0,13.0,18.0,20.0,7.0,20.0,15.0,18.0,12.0,17.0,15.0,23.0,9.0,12.0,15.0,20.0,17.0,11.0,8.0,25.0,14.0,7.0,18.0,17.0,12.0,12.0,14.0,17.0,17.0,14.0,9.0,20.0,9.0,21.0,12.0,18.0,19.0,22.0,16.0,13.0,12.0,13.0,15.0,13.0,13.0,19.0,21.0,12.0,11.0,8.0,26.0,11.0,11.0,13.0,14.0,22.0,20.0,20.0,22.0,11.0,16.0,18.0,23.0,14.0,8.0,17.0,14.0,11.0,15.0,12.0,11.0,19.0,12.0,20.0,10.0,16.0,8.0,17.0,28.0,22.0,17.0,18.0,12.0,14.0,17.0,16.0,18.0,10.0,6.0,26.0,13.0,16.0,25.0,8.0,21.0,13.0,10.0,15.0,17.0,25.0,24.0,17.0,16.0,22.0,24.0,15.0,11.0,14.0,12.0,10.0,28.0,14.0,12.0,15.0,18.0,8.0,15.0,23.0,7.0,14.0
346,81.0,115.0,89.0,94.0,74.0,47.0,64.0,61.0,86.0,81.0,51.0,111.0,55.0,86.0,64.0,58.0,63.0,83.0,130.0,72.0,68.0,63.0,79.0,90.0,68.0,52.0,67.0,139.0,65.0,68.0,54.0,92.0,7.0,98.0,86.0,66.0,75.0,70.0,49.0,46.0,94.0,58.0,75.0,101.0,82.0,109.0,66.0,86.0,122.0,67.0,91.0,135.0,53.0,137.0,76.0,70.0,81.0,86.0,60.0,70.0,70.0,46.0,84.0,87.0,52.0,83.0,59.0,23.0,97.0,78.0,74.0,80.0,67.0,57.0,67.0,66.0,60.0,127.0,95.0,45.0,65.0,56.0,86.0,44.0,83.0,88.0,84.0,86.0,76.0,121.0,71.0,105.0,94.0,42.0,69.0,53.0,59.0,89.0,77.0,69.0,75.0,40.0,70.0,75.0,88.0,62.0,50.0,58.0,63.0,68.0,58.0,78.0,56.0,73.0,69.0,82.0,66.0,74.0,44.0,87.0,71.0,68.0,110.0,79.0,85.0,71.0,32.0,54.0
351,7.0,5.0,7.0,41.0,71.0,35.0,48.0,9.0,10.0,57.0,7.0,11.0,6.0,11.0,15.0,7.0,8.0,7.0,7.0,6.0,153.0,5.0,172.0,5.0,5.0,6.0,7.0,7.0,7.0,6.0,12.0,6.0,17.0,11.0,6.0,6.0,5.0,7.0,6.0,5.0,6.0,11.0,763.0,5.0,5.0,5.0,10.0,6.0,5.0,398.0,6.0,7.0,138.0,271.0,6.0,5.0,7.0,124.0,7.0,5.0,222.0,5.0,133.0,407.0,10.0,5.0,5.0,5.0,10.0,111.0,761.0,490.0,137.0,5.0,513.0,9.0,5.0,267.0,6.0,6.0,5.0,5.0,6.0,7.0,123.0,8.0,10.0,6.0,7.0,7.0,73.0,6.0,6.0,6.0,256.0,5.0,124.0,6.0,6.0,5.0,5.0,11.0,127.0,38.0,7.0,5.0,5.0,12.0,5.0,7.0,195.0,143.0,8.0,7.0,7.0,7.0,6.0,282.0,5.0,5.0,144.0,5.0,5.0,5.0,12.0,6.0,10.0,8.0
355,10.0,5.0,10.0,10.0,10.0,5.0,5.0,8.0,5.0,5.0,5.0,12.0,10.0,6.0,5.0,10.0,12.0,5.0,8.0,10.0,10.0,10.0,10.0,6.0,9.0,662.0,11.0,5.0,10.0,10.0,10.0,11.0,5.0,10.0,11.0,10.0,5.0,8.0,14.0,5.0,10.0,11.0,7.0,6.0,14.0,10.0,6.0,10.0,9.0,13.0,10.0,10.0,5.0,16.0,10.0,10.0,14.0,10.0,6.0,8.0,10.0,10.0,10.0,11.0,10.0,10.0,10.0,10.0,5.0,10.0,10.0,10.0,10.0,11.0,10.0,12.0,7.0,10.0,10.0,10.0,10.0,10.0,5.0,10.0,10.0,10.0,10.0,5.0,10.0,15.0,10.0,7.0,10.0,5.0,10.0,5.0,10.0,10.0,10.0,7.0,10.0,10.0,10.0,10.0,25.0,6.0,8.0,10.0,10.0,10.0,5.0,10.0,10.0,10.0,10.0,10.0,6.0,10.0,10.0,10.0,5.0,86.0,5.0,11.0,4.0,9.0,5.0,10.0
361,65.0,48.0,51.0,63.0,46.0,55.0,65.0,55.0,54.0,57.0,58.0,54.0,71.0,51.0,59.0,59.0,67.0,65.0,47.0,58.0,61.0,67.0,58.0,56.0,49.0,45.0,65.0,47.0,42.0,44.0,62.0,53.0,55.0,64.0,63.0,54.0,58.0,51.0,54.0,49.0,62.0,46.0,61.0,52.0,77.0,56.0,55.0,55.0,57.0,44.0,51.0,58.0,61.0,60.0,50.0,75.0,55.0,73.0,55.0,52.0,57.0,51.0,51.0,45.0,61.0,62.0,52.0,63.0,44.0,65.0,50.0,76.0,75.0,45.0,56.0,67.0,58.0,49.0,71.0,57.0,49.0,46.0,53.0,58.0,55.0,53.0,62.0,56.0,64.0,59.0,43.0,62.0,45.0,45.0,52.0,49.0,57.0,62.0,58.0,60.0,63.0,60.0,83.0,62.0,65.0,53.0,54.0,44.0,52.0,69.0,43.0,52.0,62.0,64.0,66.0,63.0,51.0,56.0,58.0,49.0,62.0,62.0,60.0,49.0,49.0,47.0,48.0,58.0
368,28.0,44.0,27.0,40.0,33.0,26.0,52.0,13.0,56.0,20.0,37.0,40.0,43.0,47.0,50.0,24.0,22.0,51.0,25.0,17.0,52.0,26.0,48.0,22.0,33.0,50.0,64.0,37.0,22.0,26.0,25.0,49.0,28.0,17.0,25.0,41.0,16.0,37.0,28.0,28.0,15.0,13.0,23.0,20.0,61.0,14.0,18.0,24.0,31.0,42.0,27.0,15.0,22.0,52.0,49.0,56.0,22.0,39.0,21.0,37.0,40.0,32.0,28.0,27.0,7.0,27.0,12.0,30.0,51.0,22.0,22.0,13.0,88.0,67.0,28.0,16.0,34.0,51.0,40.0,28.0,49.0,27.0,23.0,30.0,65.0,65.0,34.0,52.0,56.0,24.0,25.0,66.0,56.0,22.0,26.0,58.0,20.0,29.0,30.0,41.0,32.0,21.0,38.0,72.0,44.0,20.0,26.0,24.0,48.0,69.0,31.0,69.0,19.0,43.0,20.0,29.0,24.0,21.0,24.0,21.0,16.0,40.0,42.0,38.0,68.0,18.0,47.0,15.0
369,209.0,5.0,12.0,207.0,104.0,282.0,17.0,203.0,199.0,5.0,8.0,174.0,186.0,180.0,223.0,7.0,194.0,304.0,18.0,330.0,225.0,314.0,106.0,226.0,229.0,258.0,5.0,278.0,217.0,258.0,249.0,202.0,269.0,220.0,237.0,155.0,183.0,224.0,120.0,213.0,155.0,238.0,210.0,262.0,297.0,267.0,166.0,244.0,212.0,169.0,185.0,301.0,178.0,207.0,15.0,121.0,229.0,230.0,227.0,280.0,194.0,218.0,20.0,243.0,12.0,19.0,6.0,145.0,197.0,279.0,193.0,190.0,222.0,210.0,208.0,235.0,280.0,226.0,253.0,265.0,213.0,320.0,228.0,161.0,237.0,202.0,217.0,175.0,275.0,205.0,182.0,236.0,233.0,242.0,581.0,273.0,143.0,13.0,13.0,121.0,186.0,37.0,248.0,258.0,251.0,250.0,267.0,267.0,32.0,123.0,140.0,233.0,163.0,257.0,280.0,227.0,297.0,303.0,7.0,231.0,278.0,243.0,210.0,155.0,614.0,207.0,245.0,140.0
374,5.0,6.0,8.0,5.0,7.0,6.0,6.0,6.0,6.0,6.0,7.0,6.0,6.0,6.0,7.0,5.0,6.0,6.0,7.0,7.0,7.0,6.0,6.0,6.0,6.0,7.0,7.0,6.0,6.0,7.0,6.0,7.0,7.0,6.0,6.0,6.0,6.0,6.0,6.0,6.0,7.0,7.0,7.0,6.0,6.0,7.0,7.0,6.0,7.0,7.0,6.0,6.0,7.0,6.0,6.0,7.0,8.0,6.0,6.0,7.0,7.0,7.0,6.0,6.0,7.0,7.0,6.0,7.0,6.0,6.0,6.0,7.0,6.0,7.0,6.0,7.0,6.0,5.0,6.0,7.0,7.0,6.0,6.0,6.0,7.0,6.0,7.0,6.0,7.0,6.0,6.0,5.0,6.0,6.0,6.0,7.0,6.0,6.0,7.0,7.0,7.0,6.0,7.0,7.0,6.0,7.0,6.0,6.0,6.0,6.0,6.0,6.0,7.0,6.0,7.0,7.0,7.0,6.0,7.0,7.0,7.0,7.0,6.0,6.0,6.0,6.0,6.0,6.0
385,10.0,7.0,9.0,5.0,16.0,9.0,15.0,8.0,13.0,9.0,11.0,8.0,8.0,24.0,7.0,12.0,576.0,11.0,7.0,20.0,6.0,35.0,10.0,11.0,10.0,40.0,7.0,31.0,760.0,23.0,7.0,9.0,8.0,61.0,9.0,9.0,7.0,8.0,10.0,22.0,21.0,7.0,12.0,7.0,10.0,11.0,7.0,14.0,34.0,9.0,925.0,8.0,16.0,7.0,37.0,18.0,16.0,5.0,8.0,16.0,10.0,10.0,17.0,746.0,10.0,9.0,10.0,9.0,9.0,16.0,16.0,7.0,9.0,7.0,686.0,30.0,8.0,13.0,10.0,32.0,8.0,5.0,7.0,40.0,10.0,7.0,9.0,34.0,21.0,7.0,22.0,5.0,10.0,37.0,10.0,7.0,22.0,7.0,20.0,7.0,5.0,9.0,25.0,10.0,28.0,10.0,14.0,8.0,10.0,12.0,27.0,21.0,8.0,15.0,7.0,7.0,35.0,7.0,7.0,14.0,7.0,682.0,13.0,14.0,7.0,8.0,8.0,13.0
388,69.0,219.0,8.0,124.0,132.0,215.0,341.0,176.0,241.0,165.0,154.0,10.0,32.0,152.0,250.0,180.0,174.0,187.0,267.0,198.0,409.0,218.0,254.0,202.0,291.0,6.0,177.0,8.0,348.0,133.0,223.0,13.0,356.0,10.0,150.0,180.0,230.0,281.0,232.0,11.0,254.0,190.0,323.0,345.0,345.0,274.0,323.0,374.0,14.0,412.0,463.0,235.0,10.0,363.0,239.0,274.0,204.0,379.0,8.0,131.0,234.0,278.0,290.0,222.0,194.0,189.0,304.0,112.0,7.0,207.0,292.0,130.0,345.0,370.0,126.0,276.0,195.0,228.0,124.0,465.0,122.0,212.0,193.0,381.0,376.0,217.0,338.0,5.0,330.0,501.0,271.0,60.0,171.0,192.0,297.0,432.0,225.0,298.0,434.0,146.0,174.0,281.0,143.0,247.0,386.0,97.0,334.0,143.0,374.0,113.0,346.0,375.0,234.0,7.0,295.0,283.0,220.0,8.0,65.0,251.0,259.0,199.0,13.0,87.0,380.0,282.0,9.0,416.0
398,76.0,148.0,8.0,5.0,12.0,343.0,351.0,28.0,337.0,10.0,90.0,5.0,36.0,5.0,43.0,5.0,331.0,6.0,284.0,532.0,297.0,6.0,503.0,375.0,410.0,543.0,409.0,442.0,17.0,403.0,525.0,305.0,155.0,317.0,434.0,268.0,18.0,439.0,5.0,26.0,324.0,391.0,291.0,12.0,389.0,299.0,5.0,495.0,5.0,280.0,319.0,360.0,269.0,462.0,5.0,442.0,250.0,296.0,309.0,10.0,34.0,452.0,313.0,304.0,387.0,469.0,467.0,325.0,6.0,8.0,9.0,12.0,481.0,107.0,425.0,36.0,497.0,362.0,283.0,10.0,378.0,461.0,317.0,478.0,116.0,411.0,6.0,298.0,5.0,499.0,89.0,546.0,470.0,306.0,454.0,73.0,519.0,381.0,15.0,298.0,381.0,349.0,340.0,205.0,12.0,9.0,314.0,335.0,5.0,6.0,264.0,534.0,275.0,35.0,269.0,459.0,452.0,452.0,6.0,449.0,14.0,208.0,501.0,284.0,385.0,474.0,324.0,289.0
406,42.0,481.0,43.0,546.0,30.0,39.0,25.0,42.0,25.0,407.0,38.0,45.0,449.0,367.0,19.0,40.0,33.0,322.0,485.0,56.0,414.0,38.0,439.0,502.0,479.0,369.0,341.0,509.0,377.0,372.0,29.0,392.0,37.0,748.0,42.0,323.0,38.0,38.0,279.0,57.0,48.0,413.0,402.0,40.0,52.0,370.0,32.0,438.0,39.0,34.0,35.0,40.0,38.0,47.0,449.0,35.0,338.0,368.0,328.0,41.0,66.0,35.0,40.0,42.0,43.0,39.0,36.0,389.0,35.0,349.0,34.0,425.0,357.0,406.0,508.0,36.0,41.0,337.0,41.0,365.0,405.0,365.0,355.0,415.0,484.0,296.0,42.0,436.0,41.0,442.0,32.0,490.0,357.0,35.0,32.0,47.0,354.0,481.0,505.0,45.0,391.0,44.0,300.0,48.0,41.0,38.0,493.0,408.0,48.0,450.0,713.0,41.0,420.0,39.0,312.0,44.0,37.0,459.0,43.0,30.0,42.0,36.0,37.0,490.0,45.0,31.0,36.0,29.0
407,6.0,13.0,15.0,11.0,9.0,8.0,11.0,14.0,10.0,12.0,10.0,5.0,18.0,7.0,16.0,8.0,19.0,10.0,8.0,13.0,9.0,8.0,9.0,12.0,11.0,8.0,10.0,15.0,7.0,15.0,10.0,13.0,8.0,25.0,14.0,7.0,6.0,9.0,20.0,16.0,10.0,5.0,9.0,11.0,5.0,17.0,12.0,15.0,8.0,7.0,14.0,11.0,25.0,8.0,12.0,10.0,12.0,10.0,15.0,14.0,16.0,7.0,4.0,12.0,9.0,14.0,9.0,16.0,11.0,7.0,16.0,8.0,8.0,24.0,10.0,5.0,5.0,22.0,15.0,22.0,12.0,14.0,11.0,13.0,6.0,7.0,11.0,16.0,10.0,14.0,9.0,16.0,16.0,9.0,21.0,9.0,9.0,6.0,20.0,14.0,14.0,9.0,6.0,7.0,7.0,21.0,9.0,15.0,8.0,18.0,6.0,10.0,9.0,10.0,14.0,17.0,11.0,16.0,4.0,10.0,9.0,10.0,7.0,11.0,8.0,11.0,5.0,12.0
408,32.0,27.0,36.0,15.0,25.0,56.0,17.0,27.0,34.0,30.0,26.0,26.0,22.0,16.0,43.0,20.0,34.0,11.0,30.0,44.0,33.0,71.0,25.0,42.0,32.0,64.0,84.0,24.0,41.0,14.0,78.0,23.0,19.0,34.0,25.0,46.0,27.0,15.0,24.0,25.0,43.0,19.0,29.0,22.0,20.0,16.0,31.0,19.0,33.0,27.0,29.0,13.0,25.0,15.0,23.0,26.0,85.0,26.0,16.0,20.0,22.0,35.0,35.0,22.0,13.0,36.0,30.0,21.0,21.0,17.0,109.0,21.0,32.0,18.0,47.0,25.0,21.0,14.0,14.0,22.0,27.0,28.0,20.0,20.0,23.0,42.0,19.0,31.0,54.0,18.0,37.0,32.0,26.0,24.0,33.0,19.0,17.0,19.0,63.0,48.0,21.0,20.0,26.0,27.0,27.0,18.0,16.0,25.0,36.0,44.0,27.0,20.0,34.0,21.0,36.0,27.0,28.0,23.0,19.0,45.0,13.0,19.0,30.0,12.0,70.0,38.0,36.0,27.0
420,7.0,14.0,19.0,7.0,14.0,17.0,14.0,16.0,15.0,17.0,8.0,16.0,7.0,12.0,307.0,10.0,11.0,18.0,13.0,7.0,9.0,7.0,16.0,11.0,10.0,12.0,5.0,14.0,7.0,12.0,8.0,16.0,7.0,15.0,415.0,7.0,11.0,14.0,14.0,12.0,19.0,16.0,14.0,9.0,227.0,21.0,6.0,12.0,11.0,6.0,6.0,5.0,12.0,14.0,17.0,10.0,8.0,14.0,18.0,12.0,20.0,16.0,424.0,16.0,12.0,8.0,19.0,5.0,11.0,16.0,422.0,10.0,16.0,10.0,13.0,7.0,14.0,8.0,13.0,11.0,17.0,361.0,10.0,14.0,19.0,12.0,8.0,6.0,18.0,14.0,14.0,9.0,11.0,10.0,6.0,367.0,16.0,13.0,9.0,8.0,458.0,6.0,12.0,16.0,9.0,7.0,13.0,8.0,5.0,17.0,383.0,7.0,17.0,10.0,14.0,10.0,15.0,16.0,20.0,14.0,7.0,11.0,21.0,6.0,8.0,9.0,7.0,11.0
421,30.0,23.0,33.0,27.0,32.0,23.0,36.0,29.0,36.0,25.0,26.0,18.0,25.0,25.0,28.0,31.0,29.0,21.0,23.0,29.0,29.0,22.0,25.0,15.0,24.0,23.0,32.0,23.0,31.0,32.0,20.0,28.0,24.0,26.0,19.0,34.0,18.0,25.0,35.0,27.0,34.0,30.0,24.0,30.0,20.0,23.0,27.0,38.0,29.0,31.0,28.0,27.0,24.0,23.0,30.0,22.0,28.0,29.0,30.0,29.0,20.0,27.0,27.0,26.0,30.0,28.0,33.0,30.0,24.0,19.0,21.0,27.0,29.0,27.0,38.0,27.0,28.0,25.0,28.0,22.0,28.0,22.0,19.0,36.0,27.0,29.0,20.0,24.0,21.0,22.0,28.0,38.0,37.0,32.0,29.0,19.0,22.0,38.0,21.0,20.0,34.0,22.0,24.0,33.0,34.0,43.0,18.0,26.0,28.0,20.0,25.0,26.0,38.0,19.0,23.0,28.0,29.0,13.0,29.0,31.0,30.0,30.0,38.0,23.0,24.0,20.0,29.0,27.0
426,199.0,59.0,214.0,275.0,207.0,173.0,157.0,193.0,194.0,160.0,311.0,283.0,257.0,275.0,137.0,173.0,116.0,254.0,336.0,100.0,160.0,132.0,204.0,224.0,187.0,244.0,148.0,125.0,166.0,157.0,154.0,225.0,230.0,224.0,243.0,162.0,188.0,216.0,204.0,72.0,198.0,156.0,189.0,153.0,53.0,156.0,129.0,192.0,146.0,197.0,139.0,129.0,125.0,222.0,154.0,221.0,230.0,196.0,208.0,241.0,143.0,227.0,218.0,171.0,229.0,209.0,217.0,253.0,200.0,199.0,137.0,247.0,239.0,164.0,238.0,176.0,150.0,164.0,169.0,220.0,235.0,182.0,171.0,149.0,194.0,101.0,234.0,164.0,128.0,135.0,140.0,169.0,203.0,193.0,245.0,242.0,232.0,184.0,213.0,128.0,219.0,205.0,166.0,167.0,239.0,180.0,65.0,136.0,175.0,242.0,195.0,210.0,143.0,212.0,196.0,263.0,180.0,343.0,194.0,164.0,214.0,216.0,192.0,134.0,143.0,191.0,157.0,178.0
428,223.0,116.0,5.0,156.0,8.0,234.0,229.0,210.0,103.0,132.0,6.0,166.0,312.0,264.0,144.0,8.0,191.0,9.0,204.0,204.0,444.0,276.0,239.0,253.0,311.0,216.0,118.0,288.0,199.0,229.0,248.0,225.0,273.0,5.0,298.0,247.0,169.0,254.0,228.0,234.0,130.0,9.0,176.0,230.0,299.0,218.0,231.0,237.0,227.0,250.0,237.0,170.0,229.0,5.0,249.0,105.0,307.0,212.0,220.0,244.0,254.0,270.0,222.0,387.0,231.0,109.0,279.0,210.0,273.0,168.0,255.0,251.0,245.0,208.0,231.0,189.0,6.0,229.0,265.0,242.0,248.0,271.0,216.0,225.0,267.0,142.0,223.0,248.0,245.0,253.0,221.0,245.0,215.0,126.0,183.0,5.0,155.0,266.0,291.0,260.0,159.0,7.0,271.0,264.0,186.0,81.0,319.0,200.0,259.0,296.0,257.0,196.0,223.0,291.0,266.0,236.0,177.0,187.0,212.0,5.0,14.0,7.0,7.0,264.0,231.0,242.0,251.0,263.0
430,122.0,114.0,101.0,103.0,118.0,108.0,113.0,83.0,140.0,98.0,75.0,125.0,101.0,118.0,97.0,110.0,119.0,109.0,92.0,115.0,78.0,116.0,113.0,97.0,107.0,89.0,83.0,132.0,130.0,103.0,118.0,93.0,89.0,134.0,114.0,82.0,117.0,119.0,91.0,116.0,81.0,81.0,69.0,99.0,75.0,123.0,64.0,62.0,105.0,107.0,103.0,125.0,108.0,95.0,125.0,116.0,104.0,94.0,103.0,82.0,100.0,108.0,131.0,76.0,131.0,108.0,90.0,78.0,106.0,72.0,117.0,109.0,89.0,122.0,95.0,82.0,109.0,76.0,98.0,122.0,138.0,138.0,134.0,113.0,101.0,112.0,100.0,96.0,94.0,126.0,72.0,81.0,110.0,131.0,88.0,84.0,136.0,75.0,120.0,92.0,90.0,79.0,129.0,84.0,82.0,107.0,86.0,147.0,89.0,115.0,119.0,85.0,116.0,153.0,110.0,102.0,113.0,121.0,97.0,92.0,110.0,109.0,70.0,100.0,69.0,91.0,117.0,89.0
435,250.0,208.0,246.0,6.0,17.0,286.0,275.0,230.0,8.0,250.0,156.0,10.0,247.0,263.0,147.0,5.0,9.0,307.0,224.0,300.0,292.0,257.0,276.0,226.0,236.0,212.0,243.0,225.0,210.0,253.0,179.0,256.0,295.0,6.0,238.0,246.0,270.0,274.0,214.0,282.0,250.0,212.0,271.0,241.0,260.0,260.0,255.0,261.0,265.0,301.0,268.0,5.0,210.0,224.0,275.0,5.0,271.0,294.0,312.0,250.0,250.0,221.0,301.0,334.0,313.0,824.0,275.0,252.0,239.0,267.0,275.0,251.0,294.0,253.0,279.0,253.0,7.0,267.0,266.0,367.0,235.0,326.0,227.0,7.0,316.0,8.0,294.0,252.0,280.0,233.0,195.0,285.0,238.0,15.0,223.0,270.0,294.0,241.0,293.0,244.0,177.0,222.0,270.0,228.0,316.0,141.0,272.0,216.0,223.0,257.0,258.0,265.0,275.0,258.0,256.0,268.0,281.0,225.0,275.0,251.0,284.0,269.0,226.0,218.0,286.0,214.0,323.0,264.0
438,13.0,13.0,13.0,12.0,13.0,13.0,13.0,13.0,13.0,11.0,13.0,13.0,13.0,13.0,12.0,13.0,13.0,13.0,13.0,13.0,13.0,13.0,13.0,11.0,12.0,13.0,12.0,14.0,13.0,13.0,13.0,13.0,12.0,12.0,13.0,13.0,11.0,11.0,13.0,12.0,13.0,13.0,13.0,13.0,13.0,12.0,13.0,12.0,12.0,12.0,12.0,13.0,12.0,13.0,13.0,13.0,13.0,13.0,13.0,13.0,12.0,11.0,13.0,12.0,12.0,13.0,13.0,12.0,13.0,13.0,13.0,13.0,13.0,12.0,13.0,12.0,13.0,12.0,13.0,13.0,13.0,13.0,13.0,14.0,14.0,13.0,13.0,13.0,12.0,13.0,13.0,13.0,13.0,13.0,13.0,13.0,13.0,12.0,13.0,12.0,12.0,13.0,13.0,12.0,12.0,12.0,13.0,13.0,13.0,13.0,11.0,13.0,14.0,11.0,12.0,12.0,13.0,13.0,13.0,13.0,12.0,13.0,13.0,13.0,14.0,13.0,13.0,13.0
443,735.0,727.0,6.0,780.0,5.0,716.0,524.0,678.0,8.0,670.0,650.0,6.0,5.0,653.0,653.0,743.0,625.0,453.0,690.0,726.0,5.0,689.0,549.0,538.0,648.0,5.0,5.0,825.0,829.0,732.0,731.0,7.0,665.0,5.0,667.0,698.0,5.0,5.0,725.0,407.0,5.0,441.0,639.0,563.0,565.0,5.0,675.0,5.0,584.0,735.0,614.0,683.0,592.0,549.0,6.0,721.0,744.0,6.0,865.0,721.0,700.0,749.0,650.0,7.0,718.0,7.0,658.0,596.0,658.0,691.0,601.0,6.0,661.0,640.0,5.0,683.0,7.0,720.0,567.0,659.0,664.0,654.0,644.0,808.0,786.0,6.0,671.0,681.0,688.0,628.0,665.0,699.0,805.0,607.0,631.0,7.0,7.0,681.0,561.0,7.0,696.0,610.0,511.0,659.0,5.0,699.0,729.0,5.0,665.0,914.0,696.0,476.0,721.0,725.0,748.0,834.0,6.0,669.0,718.0,7.0,694.0,483.0,676.0,7.0,883.0,683.0,660.0,649.0
447,37.0,31.0,17.0,24.0,29.0,28.0,22.0,19.0,20.0,25.0,23.0,24.0,20.0,30.0,28.0,30.0,23.0,30.0,17.0,29.0,17.0,30.0,21.0,36.0,22.0,32.0,24.0,27.0,28.0,35.0,32.0,24.0,28.0,25.0,36.0,22.0,20.0,19.0,41.0,29.0,33.0,16.0,25.0,35.0,29.0,33.0,25.0,46.0,16.0,29.0,19.0,15.0,28.0,32.0,23.0,26.0,25.0,29.0,27.0,19.0,24.0,29.0,35.0,24.0,19.0,25.0,25.0,21.0,32.0,27.0,17.0,22.0,24.0,24.0,30.0,27.0,19.0,24.0,15.0,21.0,35.0,19.0,28.0,20.0,18.0,19.0,39.0,23.0,13.0,19.0,22.0,18.0,23.0,27.0,26.0,24.0,21.0,25.0,26.0,25.0,22.0,34.0,30.0,21.0,29.0,34.0,20.0,35.0,22.0,23.0,32.0,33.0,30.0,21.0,27.0,27.0,33.0,36.0,22.0,18.0,19.0,17.0,16.0,30.0,23.0,33.0,21.0,18.0
449,23.0,76.0,110.0,6.0,68.0,109.0,10.0,8.0,95.0,116.0,98.0,104.0,96.0,101.0,7.0,10.0,84.0,104.0,111.0,106.0,89.0,21.0,99.0,108.0,94.0,95.0,109.0,128.0,110.0,8.0,98.0,12.0,27.0,99.0,113.0,94.0,98.0,15.0,120.0,131.0,106.0,52.0,10.0,110.0,89.0,19.0,8.0,19.0,84.0,7.0,105.0,16.0,61.0,84.0,131.0,106.0,8.0,13.0,7.0,100.0,101.0,19.0,103.0,117.0,8.0,10.0,11.0,116.0,22.0,109.0,105.0,22.0,55.0,95.0,81.0,7.0,106.0,9.0,8.0,62.0,11.0,129.0,9.0,53.0,125.0,79.0,13.0,106.0,76.0,10.0,8.0,17.0,6.0,115.0,101.0,121.0,67.0,109.0,17.0,101.0,80.0,112.0,5.0,111.0,134.0,103.0,102.0,86.0,19.0,8.0,17.0,117.0,19.0,115.0,108.0,93.0,9.0,10.0,113.0,118.0,8.0,108.0,8.0,81.0,57.0,102.0,97.0,21.0
452,105.0,102.0,126.0,115.0,141.0,132.0,89.0,100.0,111.0,111.0,114.0,131.0,94.0,125.0,139.0,119.0,128.0,84.0,132.0,134.0,114.0,134.0,118.0,70.0,130.0,113.0,87.0,128.0,140.0,114.0,95.0,87.0,94.0,148.0,82.0,100.0,133.0,110.0,120.0,118.0,82.0,129.0,122.0,123.0,106.0,121.0,92.0,85.0,78.0,130.0,108.0,134.0,132.0,131.0,130.0,87.0,123.0,128.0,134.0,89.0,105.0,128.0,109.0,91.0,129.0,129.0,125.0,126.0,120.0,123.0,103.0,122.0,127.0,149.0,120.0,85.0,132.0,146.0,95.0,125.0,151.0,152.0,123.0,104.0,136.0,105.0,119.0,124.0,93.0,128.0,90.0,101.0,102.0,117.0,119.0,124.0,115.0,110.0,100.0,115.0,86.0,80.0,89.0,87.0,111.0,118.0,119.0,116.0,101.0,118.0,128.0,106.0,87.0,139.0,134.0,117.0,145.0,100.0,100.0,88.0,115.0,118.0,94.0,135.0,103.0,107.0,111.0,114.0
464,36.0,33.0,28.0,23.0,31.0,26.0,196.0,29.0,32.0,35.0,65.0,28.0,29.0,98.0,40.0,33.0,34.0,34.0,34.0,28.0,34.0,22.0,24.0,229.0,30.0,32.0,34.0,25.0,35.0,96.0,27.0,33.0,150.0,33.0,28.0,29.0,39.0,36.0,29.0,40.0,33.0,82.0,34.0,21.0,36.0,31.0,28.0,33.0,34.0,383.0,40.0,43.0,36.0,37.0,48.0,35.0,93.0,30.0,34.0,150.0,30.0,44.0,37.0,34.0,27.0,29.0,28.0,34.0,36.0,31.0,25.0,28.0,97.0,139.0,30.0,34.0,37.0,46.0,31.0,28.0,29.0,24.0,85.0,49.0,27.0,32.0,39.0,39.0,34.0,36.0,101.0,25.0,113.0,38.0,30.0,29.0,98.0,101.0,28.0,26.0,31.0,29.0,35.0,83.0,28.0,28.0,32.0,35.0,38.0,32.0,25.0,37.0,33.0,26.0,33.0,30.0,28.0,28.0,34.0,30.0,33.0,37.0,32.0,39.0,34.0,91.0,34.0,22.0
467,36.0,14.0,27.0,7.0,6.0,23.0,224.0,19.0,5.0,26.0,26.0,4.0,12.0,31.0,1016.0,5.0,18.0,22.0,871.0,25.0,5.0,20.0,14.0,23.0,12.0,464.0,30.0,29.0,9.0,5.0,18.0,18.0,25.0,29.0,34.0,5.0,15.0,35.0,35.0,6.0,6.0,23.0,250.0,27.0,16.0,24.0,32.0,26.0,7.0,28.0,31.0,22.0,949.0,19.0,21.0,31.0,25.0,28.0,6.0,5.0,803.0,11.0,33.0,29.0,29.0,16.0,5.0,33.0,27.0,5.0,5.0,27.0,5.0,501.0,28.0,13.0,5.0,29.0,13.0,23.0,6.0,13.0,8.0,35.0,28.0,5.0,28.0,30.0,15.0,5.0,993.0,918.0,17.0,13.0,15.0,5.0,15.0,34.0,7.0,12.0,31.0,31.0,9.0,21.0,24.0,28.0,13.0,15.0,14.0,13.0,849.0,23.0,16.0,15.0,24.0,19.0,5.0,32.0,26.0,15.0,15.0,30.0,5.0,7.0,25.0,26.0,26.0,6.0
469,38.0,35.0,39.0,11.0,31.0,15.0,23.0,33.0,38.0,39.0,21.0,35.0,25.0,21.0,38.0,28.0,37.0,34.0,36.0,26.0,42.0,27.0,17.0,37.0,39.0,33.0,37.0,29.0,31.0,25.0,41.0,20.0,46.0,49.0,43.0,27.0,34.0,35.0,553.0,24.0,35.0,19.0,29.0,49.0,17.0,31.0,27.0,14.0,43.0,44.0,40.0,25.0,45.0,17.0,39.0,36.0,45.0,15.0,34.0,37.0,15.0,25.0,47.0,26.0,19.0,37.0,36.0,26.0,27.0,35.0,32.0,43.0,19.0,23.0,36.0,28.0,29.0,41.0,31.0,30.0,26.0,35.0,32.0,26.0,32.0,30.0,35.0,29.0,24.0,27.0,23.0,42.0,26.0,35.0,42.0,26.0,44.0,31.0,14.0,25.0,34.0,21.0,40.0,40.0,26.0,447.0,34.0,25.0,21.0,46.0,31.0,34.0,35.0,39.0,47.0,38.0,31.0,527.0,29.0,33.0,40.0,23.0,39.0,20.0,29.0,33.0,44.0,28.0
470,119.0,212.0,205.0,203.0,172.0,134.0,172.0,12.0,13.0,150.0,13.0,15.0,18.0,150.0,245.0,29.0,20.0,18.0,213.0,394.0,76.0,55.0,12.0,92.0,23.0,14.0,12.0,165.0,72.0,436.0,17.0,13.0,196.0,90.0,26.0,236.0,158.0,563.0,63.0,10.0,15.0,205.0,198.0,107.0,103.0,95.0,68.0,172.0,398.0,11.0,206.0,164.0,214.0,99.0,262.0,16.0,325.0,211.0,17.0,94.0,104.0,19.0,9.0,140.0,171.0,289.0,104.0,24.0,187.0,194.0,65.0,149.0,171.0,10.0,252.0,18.0,400.0,14.0,15.0,26.0,90.0,181.0,16.0,367.0,86.0,313.0,19.0,76.0,20.0,95.0,407.0,112.0,14.0,14.0,18.0,106.0,314.0,148.0,20.0,170.0,12.0,64.0,382.0,66.0,14.0,10.0,412.0,69.0,57.0,137.0,123.0,98.0,196.0,14.0,122.0,13.0,80.0,11.0,19.0,21.0,157.0,15.0,393.0,56.0,107.0,426.0,468.0,84.0
474,15.0,5.0,6.0,18.0,14.0,15.0,5.0,15.0,14.0,15.0,13.0,15.0,14.0,15.0,14.0,4.0,13.0,7.0,12.0,5.0,15.0,15.0,6.0,13.0,13.0,15.0,17.0,15.0,15.0,12.0,16.0,14.0,15.0,12.0,5.0,14.0,12.0,13.0,13.0,17.0,16.0,13.0,5.0,13.0,15.0,13.0,13.0,14.0,16.0,13.0,12.0,13.0,17.0,14.0,16.0,14.0,17.0,12.0,14.0,4.0,14.0,6.0,13.0,13.0,14.0,15.0,15.0,14.0,13.0,14.0,17.0,16.0,13.0,12.0,16.0,15.0,11.0,11.0,16.0,16.0,13.0,6.0,12.0,14.0,17.0,16.0,5.0,15.0,15.0,13.0,5.0,12.0,10.0,13.0,16.0,5.0,11.0,17.0,15.0,5.0,15.0,14.0,16.0,13.0,12.0,13.0,13.0,15.0,14.0,16.0,12.0,13.0,11.0,5.0,13.0,15.0,13.0,6.0,13.0,8.0,14.0,14.0,10.0,15.0,11.0,16.0,13.0,16.0
477,19.0,13.0,12.0,26.0,17.0,25.0,23.0,16.0,19.0,14.0,23.0,32.0,24.0,11.0,24.0,21.0,55.0,22.0,20.0,26.0,13.0,31.0,13.0,21.0,13.0,24.0,21.0,19.0,16.0,45.0,8.0,19.0,18.0,20.0,23.0,17.0,13.0,15.0,13.0,27.0,30.0,26.0,10.0,17.0,23.0,34.0,46.0,33.0,27.0,41.0,15.0,8.0,10.0,24.0,8.0,8.0,23.0,19.0,25.0,16.0,26.0,42.0,17.0,22.0,43.0,28.0,16.0,16.0,15.0,42.0,40.0,27.0,16.0,24.0,17.0,32.0,11.0,12.0,20.0,21.0,26.0,24.0,26.0,20.0,30.0,31.0,9.0,21.0,23.0,23.0,28.0,50.0,20.0,33.0,28.0,34.0,21.0,25.0,14.0,28.0,18.0,14.0,25.0,27.0,26.0,12.0,45.0,26.0,19.0,26.0,52.0,20.0,23.0,19.0,53.0,22.0,19.0,14.0,18.0,22.0,20.0,27.0,28.0,21.0,24.0,13.0,23.0,27.0
479,47.0,52.0,45.0,46.0,40.0,47.0,46.0,65.0,62.0,48.0,48.0,54.0,41.0,49.0,61.0,53.0,44.0,44.0,62.0,67.0,44.0,31.0,40.0,57.0,42.0,39.0,46.0,47.0,43.0,51.0,40.0,50.0,55.0,54.0,54.0,46.0,41.0,42.0,53.0,58.0,52.0,48.0,60.0,45.0,49.0,41.0,55.0,45.0,47.0,46.0,44.0,47.0,44.0,49.0,54.0,65.0,51.0,50.0,62.0,49.0,51.0,42.0,57.0,56.0,55.0,53.0,48.0,49.0,52.0,62.0,49.0,56.0,49.0,51.0,50.0,49.0,44.0,43.0,57.0,57.0,49.0,45.0,52.0,50.0,40.0,63.0,43.0,48.0,44.0,55.0,44.0,59.0,52.0,48.0,52.0,39.0,27.0,40.0,42.0,58.0,47.0,50.0,39.0,41.0,47.0,54.0,42.0,57.0,56.0,51.0,48.0,45.0,41.0,37.0,53.0,52.0,43.0,45.0,48.0,51.0,46.0,64.0,59.0,64.0,56.0,58.0,41.0,56.0
480,639.0,369.0,422.0,5.0,6.0,5.0,7.0,400.0,5.0,438.0,425.0,712.0,8.0,493.0,341.0,572.0,650.0,285.0,644.0,729.0,462.0,418.0,304.0,370.0,644.0,6.0,328.0,678.0,490.0,540.0,440.0,8.0,442.0,338.0,460.0,9.0,14.0,5.0,8.0,305.0,510.0,583.0,514.0,6.0,497.0,612.0,432.0,5.0,473.0,374.0,339.0,463.0,373.0,466.0,9.0,360.0,514.0,532.0,665.0,449.0,433.0,452.0,402.0,494.0,479.0,6.0,591.0,630.0,503.0,449.0,385.0,523.0,5.0,445.0,5.0,474.0,5.0,733.0,305.0,448.0,5.0,526.0,501.0,509.0,413.0,624.0,9.0,487.0,367.0,388.0,5.0,551.0,494.0,302.0,608.0,5.0,493.0,385.0,458.0,482.0,458.0,329.0,460.0,406.0,460.0,476.0,714.0,478.0,377.0,718.0,456.0,280.0,449.0,485.0,487.0,560.0,13.0,372.0,462.0,5.0,5.0,337.0,518.0,574.0,514.0,326.0,406.0,472.0
481,127.0,7.0,127.0,177.0,18.0,193.0,8.0,7.0,7.0,116.0,7.0,7.0,5.0,19.0,17.0,145.0,143.0,10.0,91.0,246.0,222.0,167.0,5.0,6.0,178.0,235.0,124.0,250.0,12.0,749.0,130.0,101.0,5.0,92.0,300.0,198.0,96.0,243.0,106.0,79.0,161.0,113.0,177.0,212.0,207.0,205.0,129.0,155.0,166.0,95.0,8.0,201.0,669.0,78.0,7.0,7.0,93.0,9.0,157.0,228.0,8.0,187.0,16.0,216.0,5.0,71.0,127.0,400.0,91.0,235.0,840.0,186.0,174.0,189.0,223.0,91.0,183.0,112.0,256.0,195.0,105.0,253.0,231.0,225.0,204.0,110.0,5.0,200.0,12.0,112.0,187.0,247.0,7.0,166.0,819.0,5.0,16.0,5.0,90.0,95.0,147.0,8.0,231.0,157.0,223.0,201.0,150.0,97.0,190.0,5.0,178.0,28.0,7.0,216.0,225.0,244.0,204.0,18.0,87.0,131.0,167.0,167.0,6.0,104.0,7.0,240.0,202.0,181.0
487,596.0,9.0,16.0,8.0,6.0,5.0,15.0,6.0,8.0,13.0,7.0,6.0,8.0,7.0,10.0,16.0,12.0,12.0,5.0,535.0,15.0,13.0,12.0,10.0,12.0,6.0,18.0,6.0,15.0,11.0,11.0,14.0,18.0,9.0,11.0,10.0,605.0,11.0,6.0,20.0,11.0,9.0,13.0,14.0,7.0,13.0,12.0,11.0,11.0,9.0,458.0,11.0,11.0,12.0,6.0,10.0,7.0,16.0,516.0,13.0,6.0,10.0,5.0,6.0,9.0,5.0,5.0,9.0,8.0,7.0,18.0,5.0,9.0,12.0,9.0,13.0,12.0,51.0,5.0,11.0,7.0,6.0,12.0,12.0,10.0,10.0,7.0,8.0,16.0,12.0,17.0,14.0,502.0,17.0,7.0,5.0,6.0,442.0,14.0,8.0,15.0,5.0,15.0,7.0,17.0,8.0,14.0,10.0,5.0,5.0,6.0,15.0,5.0,19.0,18.0,11.0,7.0,11.0,9.0,10.0,16.0,12.0,11.0,5.0,6.0,11.0,9.0,14.0
494,34.0,56.0,47.0,30.0,50.0,44.0,45.0,58.0,47.0,57.0,48.0,56.0,51.0,55.0,32.0,36.0,54.0,59.0,32.0,36.0,50.0,60.0,37.0,31.0,34.0,52.0,47.0,41.0,43.0,40.0,54.0,51.0,36.0,32.0,42.0,53.0,45.0,43.0,68.0,52.0,45.0,39.0,39.0,50.0,40.0,60.0,64.0,52.0,59.0,55.0,39.0,33.0,54.0,36.0,44.0,64.0,49.0,38.0,44.0,48.0,51.0,32.0,47.0,47.0,34.0,45.0,35.0,55.0,41.0,41.0,43.0,40.0,68.0,37.0,37.0,49.0,38.0,47.0,38.0,52.0,41.0,70.0,55.0,61.0,52.0,27.0,40.0,35.0,48.0,42.0,46.0,52.0,30.0,41.0,36.0,64.0,39.0,52.0,56.0,38.0,51.0,49.0,58.0,26.0,36.0,35.0,28.0,49.0,45.0,57.0,37.0,44.0,45.0,52.0,37.0,66.0,83.0,45.0,46.0,35.0,49.0,51.0,55.0,35.0,123.0,69.0,55.0,26.0
496,494.0,5.0,51.0,21.0,49.0,68.0,61.0,661.0,54.0,7.0,66.0,52.0,51.0,49.0,24.0,56.0,19.0,56.0,51.0,45.0,53.0,64.0,9.0,52.0,54.0,6.0,50.0,16.0,60.0,439.0,53.0,7.0,483.0,57.0,53.0,54.0,54.0,64.0,504.0,56.0,54.0,54.0,511.0,54.0,5.0,6.0,520.0,53.0,64.0,54.0,49.0,51.0,55.0,59.0,12.0,45.0,64.0,51.0,45.0,17.0,47.0,68.0,40.0,52.0,53.0,65.0,6.0,5.0,5.0,111.0,554.0,60.0,62.0,557.0,54.0,49.0,54.0,58.0,47.0,51.0,6.0,54.0,55.0,49.0,57.0,54.0,43.0,46.0,54.0,20.0,18.0,61.0,68.0,528.0,56.0,9.0,47.0,46.0,6.0,57.0,55.0,58.0,23.0,45.0,55.0,57.0,53.0,52.0,6.0,49.0,60.0,7.0,48.0,50.0,5.0,548.0,17.0,558.0,53.0,6.0,5.0,60.0,6.0,19.0,20.0,10.0,52.0,656.0
505,31.0,48.0,30.0,15.0,87.0,83.0,11.0,37.0,74.0,18.0,13.0,23.0,12.0,47.0,88.0,14.0,36.0,15.0,14.0,27.0,15.0,35.0,16.0,67.0,49.0,26.0,84.0,85.0,53.0,13.0,77.0,16.0,20.0,35.0,37.0,41.0,17.0,10.0,15.0,41.0,71.0,16.0,84.0,40.0,29.0,17.0,25.0,20.0,71.0,33.0,37.0,14.0,51.0,12.0,54.0,43.0,77.0,41.0,31.0,14.0,43.0,16.0,60.0,15.0,28.0,23.0,14.0,40.0,14.0,10.0,111.0,36.0,16.0,27.0,27.0,34.0,47.0,23.0,11.0,33.0,23.0,75.0,67.0,25.0,17.0,17.0,25.0,35.0,70.0,23.0,18.0,57.0,15.0,13.0,42.0,17.0,17.0,32.0,105.0,25.0,20.0,13.0,90.0,30.0,42.0,17.0,16.0,30.0,62.0,80.0,24.0,14.0,25.0,16.0,75.0,16.0,30.0,31.0,17.0,39.0,13.0,15.0,76.0,18.0,66.0,19.0,154.0,16.0
513,6.0,11.0,14.0,15.0,8.0,7.0,6.0,12.0,12.0,5.0,18.0,8.0,23.0,13.0,11.0,7.0,15.0,13.0,216.0,14.0,6.0,5.0,8.0,10.0,6.0,41.0,6.0,12.0,6.0,5.0,7.0,8.0,6.0,7.0,8.0,140.0,5.0,9.0,7.0,23.0,12.0,20.0,7.0,18.0,22.0,7.0,7.0,5.0,11.0,7.0,6.0,14.0,14.0,5.0,13.0,5.0,17.0,5.0,10.0,7.0,15.0,13.0,7.0,13.0,6.0,18.0,6.0,11.0,6.0,8.0,5.0,8.0,12.0,6.0,7.0,11.0,12.0,9.0,9.0,7.0,9.0,12.0,15.0,7.0,24.0,13.0,6.0,8.0,15.0,9.0,4.0,10.0,17.0,15.0,5.0,13.0,7.0,9.0,9.0,10.0,13.0,7.0,14.0,5.0,10.0,7.0,6.0,12.0,15.0,15.0,13.0,12.0,14.0,9.0,30.0,22.0,18.0,11.0,15.0,11.0,18.0,13.0,14.0,14.0,14.0,6.0,26.0,6.0
518,48.0,65.0,56.0,54.0,62.0,48.0,58.0,56.0,56.0,58.0,55.0,61.0,52.0,44.0,69.0,52.0,55.0,49.0,57.0,58.0,59.0,52.0,51.0,51.0,47.0,49.0,56.0,46.0,53.0,49.0,65.0,50.0,61.0,52.0,52.0,52.0,50.0,57.0,62.0,47.0,55.0,61.0,57.0,65.0,45.0,58.0,46.0,50.0,55.0,62.0,49.0,62.0,60.0,55.0,59.0,47.0,65.0,59.0,61.0,46.0,58.0,64.0,53.0,64.0,59.0,40.0,53.0,47.0,57.0,57.0,48.0,50.0,55.0,48.0,48.0,53.0,58.0,51.0,49.0,55.0,61.0,54.0,52.0,49.0,62.0,62.0,45.0,43.0,55.0,61.0,38.0,44.0,46.0,67.0,66.0,61.0,56.0,52.0,48.0,47.0,48.0,48.0,57.0,64.0,48.0,47.0,63.0,51.0,46.0,45.0,42.0,67.0,43.0,58.0,59.0,56.0,52.0,58.0,60.0,58.0,60.0,54.0,49.0,43.0,52.0,51.0,57.0,52.0
520,48.0,11.0,11.0,809.0,853.0,7.0,8.0,621.0,41.0,7.0,610.0,104.0,30.0,307.0,21.0,707.0,712.0,5.0,58.0,942.0,39.0,5.0,5.0,940.0,122.0,475.0,8.0,5.0,18.0,900.0,8.0,773.0,29.0,115.0,5.0,648.0,832.0,7.0,23.0,420.0,11.0,509.0,7.0,826.0,5.0,480.0,814.0,54.0,7.0,39.0,140.0,745.0,577.0,21.0,655.0,20.0,27.0,7.0,26.0,29.0,31.0,8.0,83.0,173.0,581.0,753.0,727.0,17.0,330.0,47.0,464.0,633.0,182.0,641.0,47.0,19.0,18.0,743.0,930.0,845.0,452.0,5.0,459.0,513.0,825.0,154.0,621.0,963.0,8.0,671.0,9.0,448.0,4.0,12.0,573.0,5.0,843.0,25.0,6.0,9.0,7.0,165.0,520.0,15.0,5.0,32.0,33.0,854.0,59.0,753.0,7.0,22.0,793.0,20.0,832.0,423.0,28.0,8.0,17.0,890.0,9.0,41.0,340.0,850.0,4.0,7.0,748.0,41.0
521,1441.0,1500.0,4.0,1301.0,1338.0,3.0,3.0,3.0,3.0,5.0,5.0,4.0,1331.0,1338.0,1430.0,4.0,1356.0,3.0,3.0,4.0,1482.0,1322.0,1383.0,1476.0,4.0,3.0,5.0,5.0,1488.0,1327.0,4.0,4.0,1456.0,1332.0,1447.0,5.0,4.0,4.0,3.0,1462.0,1409.0,3.0,1444.0,5.0,1458.0,3.0,2.0,4.0,1507.0,3.0,5.0,1322.0,4.0,1485.0,3.0,5.0,3.0,1484.0,1489.0,4.0,1618.0,5.0,4.0,1495.0,4.0,1506.0,4.0,2.0,3.0,5.0,3.0,1513.0,1450.0,4.0,5.0,4.0,4.0,4.0,3.0,3.0,5.0,3.0,1323.0,912.0,4.0,3.0,1471.0,1463.0,3.0,1496.0,4.0,1502.0,5.0,1513.0,3.0,1495.0,1390.0,1524.0,3.0,1294.0,5.0,1356.0,1729.0,4.0,1474.0,5.0,1320.0,1495.0,1484.0,5.0,1532.0,3.0,1340.0,1439.0,3.0,896.0,1502.0,1533.0,3.0,1307.0,1513.0,4.0,3.0,4.0,2.0,4.0,3.0,2.0
531,5.0,8.0,8.0,9.0,10.0,9.0,8.0,10.0,10.0,10.0,9.0,9.0,8.0,11.0,10.0,9.0,10.0,9.0,8.0,9.0,7.0,9.0,7.0,11.0,9.0,10.0,9.0,10.0,10.0,6.0,9.0,9.0,8.0,10.0,9.0,9.0,9.0,9.0,7.0,9.0,9.0,9.0,7.0,10.0,11.0,8.0,9.0,9.0,11.0,9.0,9.0,13.0,9.0,6.0,10.0,9.0,9.0,8.0,8.0,11.0,9.0,9.0,10.0,13.0,9.0,9.0,7.0,11.0,11.0,11.0,9.0,8.0,8.0,10.0,10.0,9.0,9.0,11.0,10.0,8.0,9.0,12.0,6.0,10.0,9.0,10.0,9.0,8.0,9.0,13.0,11.0,7.0,9.0,9.0,9.0,9.0,9.0,12.0,10.0,8.0,9.0,6.0,10.0,8.0,9.0,10.0,9.0,11.0,9.0,11.0,9.0,10.0,9.0,9.0,9.0,8.0,9.0,11.0,9.0,11.0,9.0,9.0,9.0,10.0,8.0,9.0,9.0,10.0
545,25.0,56.0,6.0,20.0,18.0,55.0,10.0,61.0,19.0,18.0,16.0,691.0,20.0,17.0,22.0,14.0,11.0,18.0,12.0,18.0,6.0,56.0,18.0,10.0,18.0,58.0,65.0,65.0,60.0,17.0,11.0,21.0,13.0,19.0,101.0,58.0,13.0,18.0,16.0,22.0,18.0,23.0,55.0,8.0,21.0,18.0,18.0,25.0,17.0,16.0,20.0,57.0,60.0,19.0,66.0,66.0,18.0,8.0,8.0,29.0,52.0,20.0,60.0,10.0,7.0,8.0,6.0,21.0,8.0,17.0,14.0,17.0,6.0,23.0,16.0,18.0,20.0,67.0,63.0,58.0,8.0,18.0,9.0,13.0,14.0,64.0,17.0,17.0,61.0,62.0,10.0,67.0,63.0,24.0,19.0,16.0,13.0,55.0,21.0,55.0,9.0,56.0,19.0,29.0,62.0,64.0,73.0,18.0,7.0,57.0,59.0,60.0,9.0,7.0,10.0,58.0,17.0,15.0,19.0,61.0,20.0,284.0,17.0,60.0,13.0,24.0,19.0,68.0
547,75.0,62.0,64.0,35.0,35.0,88.0,72.0,88.0,55.0,75.0,52.0,110.0,63.0,44.0,84.0,69.0,74.0,41.0,62.0,85.0,45.0,49.0,82.0,35.0,33.0,97.0,65.0,71.0,103.0,82.0,47.0,59.0,68.0,50.0,29.0,59.0,54.0,31.0,94.0,83.0,71.0,69.0,37.0,50.0,52.0,42.0,104.0,48.0,40.0,40.0,53.0,27.0,87.0,84.0,56.0,90.0,51.0,76.0,51.0,86.0,30.0,97.0,100.0,39.0,58.0,52.0,60.0,44.0,83.0,69.0,72.0,39.0,79.0,68.0,47.0,59.0,47.0,47.0,51.0,56.0,69.0,30.0,72.0,57.0,41.0,92.0,85.0,94.0,107.0,80.0,40.0,51.0,99.0,25.0,84.0,43.0,88.0,30.0,53.0,75.0,74.0,56.0,88.0,92.0,73.0,58.0,70.0,56.0,63.0,55.0,75.0,41.0,57.0,37.0,34.0,72.0,67.0,67.0,60.0,112.0,64.0,42.0,75.0,73.0,77.0,63.0,70.0,81.0
554,533.0,402.0,461.0,5.0,577.0,4.0,495.0,511.0,584.0,508.0,508.0,514.0,442.0,5.0,421.0,393.0,4.0,6.0,611.0,1202.0,447.0,420.0,531.0,5.0,517.0,5.0,566.0,545.0,5.0,5.0,560.0,1425.0,636.0,5.0,476.0,436.0,510.0,5.0,493.0,4.0,5.0,462.0,6.0,5.0,519.0,1205.0,5.0,492.0,505.0,4.0,6.0,536.0,554.0,7.0,5.0,479.0,529.0,362.0,553.0,4.0,1161.0,1392.0,5.0,1248.0,1354.0,5.0,6.0,5.0,1217.0,540.0,559.0,6.0,5.0,550.0,586.0,612.0,6.0,502.0,6.0,5.0,494.0,518.0,5.0,349.0,5.0,5.0,5.0,475.0,540.0,5.0,5.0,1341.0,505.0,5.0,657.0,506.0,613.0,5.0,606.0,545.0,5.0,5.0,501.0,5.0,6.0,5.0,5.0,4.0,521.0,532.0,9.0,5.0,544.0,452.0,5.0,1221.0,600.0,596.0,426.0,4.0,468.0,476.0,553.0,559.0,508.0,4.0,5.0,6.0
555,9.0,9.0,10.0,6.0,9.0,9.0,9.0,9.0,7.0,9.0,13.0,9.0,10.0,9.0,9.0,9.0,11.0,10.0,11.0,10.0,38.0,10.0,11.0,10.0,9.0,10.0,7.0,9.0,10.0,10.0,10.0,12.0,10.0,10.0,8.0,11.0,10.0,9.0,10.0,9.0,9.0,9.0,9.0,9.0,10.0,10.0,6.0,11.0,11.0,9.0,8.0,6.0,7.0,7.0,8.0,9.0,9.0,11.0,11.0,9.0,9.0,11.0,9.0,9.0,7.0,9.0,39.0,9.0,8.0,10.0,9.0,9.0,10.0,9.0,11.0,44.0,9.0,10.0,9.0,9.0,9.0,6.0,9.0,9.0,10.0,9.0,11.0,9.0,9.0,10.0,9.0,9.0,7.0,10.0,32.0,10.0,11.0,8.0,11.0,11.0,8.0,23.0,9.0,10.0,10.0,10.0,9.0,9.0,8.0,10.0,9.0,9.0,9.0,12.0,7.0,9.0,9.0,8.0,9.0,10.0,12.0,9.0,9.0,9.0,7.0,8.0,10.0,10.0
557,53.0,74.0,55.0,78.0,85.0,61.0,87.0,54.0,52.0,47.0,125.0,77.0,75.0,82.0,64.0,58.0,52.0,50.0,143.0,67.0,54.0,66.0,74.0,91.0,53.0,69.0,72.0,74.0,41.0,63.0,54.0,68.0,44.0,45.0,48.0,57.0,66.0,115.0,42.0,82.0,126.0,60.0,72.0,140.0,73.0,72.0,47.0,57.0,68.0,59.0,56.0,54.0,117.0,79.0,65.0,69.0,64.0,107.0,48.0,59.0,82.0,64.0,54.0,124.0,57.0,74.0,44.0,65.0,80.0,56.0,60.0,121.0,140.0,74.0,63.0,61.0,48.0,57.0,155.0,66.0,70.0,113.0,61.0,64.0,55.0,49.0,130.0,49.0,52.0,50.0,65.0,48.0,52.0,54.0,122.0,46.0,46.0,61.0,59.0,70.0,71.0,76.0,59.0,70.0,56.0,63.0,61.0,56.0,120.0,128.0,73.0,60.0,148.0,58.0,58.0,77.0,55.0,79.0,53.0,78.0,54.0,70.0,78.0,78.0,48.0,131.0,83.0,60.0
561,22.0,17.0,23.0,24.0,17.0,20.0,22.0,18.0,18.0,24.0,24.0,19.0,20.0,24.0,22.0,24.0,24.0,22.0,25.0,24.0,17.0,16.0,20.0,21.0,25.0,21.0,23.0,23.0,24.0,22.0,16.0,21.0,19.0,24.0,13.0,22.0,23.0,23.0,22.0,25.0,23.0,24.0,19.0,25.0,14.0,25.0,19.0,23.0,17.0,15.0,23.0,25.0,20.0,23.0,23.0,22.0,19.0,21.0,23.0,20.0,24.0,20.0,18.0,25.0,18.0,23.0,21.0,23.0,23.0,23.0,24.0,22.0,23.0,22.0,22.0,21.0,24.0,18.0,25.0,20.0,18.0,21.0,23.0,22.0,24.0,19.0,22.0,19.0,25.0,19.0,22.0,25.0,20.0,24.0,17.0,20.0,22.0,21.0,20.0,25.0,23.0,23.0,16.0,25.0,23.0,20.0,22.0,19.0,18.0,19.0,17.0,24.0,19.0,20.0,22.0,22.0,19.0,25.0,22.0,17.0,20.0,22.0,21.0,19.0,20.0,22.0,19.0,21.0
568,12.0,12.0,9.0,11.0,9.0,12.0,9.0,11.0,12.0,7.0,9.0,9.0,12.0,12.0,11.0,11.0,10.0,11.0,9.0,12.0,10.0,10.0,15.0,12.0,11.0,10.0,12.0,7.0,6.0,10.0,11.0,10.0,8.0,11.0,9.0,11.0,15.0,5.0,16.0,12.0,12.0,10.0,11.0,12.0,12.0,5.0,12.0,10.0,12.0,13.0,10.0,11.0,5.0,8.0,10.0,16.0,12.0,13.0,12.0,10.0,10.0,12.0,13.0,6.0,11.0,11.0,8.0,9.0,13.0,7.0,11.0,12.0,10.0,10.0,6.0,12.0,11.0,7.0,12.0,12.0,12.0,9.0,12.0,12.0,11.0,10.0,9.0,13.0,12.0,10.0,10.0,12.0,9.0,13.0,10.0,11.0,13.0,12.0,12.0,14.0,9.0,10.0,14.0,9.0,16.0,11.0,11.0,12.0,12.0,10.0,10.0,7.0,12.0,10.0,12.0,11.0,15.0,12.0,13.0,11.0,10.0,9.0,11.0,11.0,13.0,11.0,14.0,11.0
570,82.0,80.0,70.0,85.0,70.0,130.0,87.0,103.0,80.0,101.0,83.0,87.0,90.0,72.0,59.0,76.0,54.0,59.0,42.0,82.0,86.0,84.0,96.0,49.0,74.0,72.0,77.0,81.0,121.0,79.0,76.0,84.0,77.0,63.0,72.0,75.0,78.0,49.0,91.0,88.0,83.0,56.0,65.0,72.0,62.0,88.0,79.0,81.0,98.0,74.0,80.0,62.0,75.0,104.0,85.0,95.0,42.0,57.0,52.0,74.0,55.0,97.0,76.0,61.0,70.0,58.0,90.0,81.0,81.0,88.0,101.0,84.0,86.0,110.0,69.0,71.0,68.0,85.0,58.0,86.0,76.0,75.0,45.0,76.0,64.0,77.0,75.0,80.0,90.0,86.0,88.0,94.0,84.0,57.0,109.0,73.0,71.0,100.0,94.0,99.0,60.0,102.0,89.0,89.0,89.0,77.0,93.0,81.0,88.0,81.0,71.0,57.0,73.0,73.0,69.0,63.0,62.0,76.0,57.0,82.0,100.0,60.0,79.0,42.0,83.0,81.0,75.0,86.0
577,37.0,36.0,46.0,35.0,56.0,27.0,37.0,43.0,31.0,49.0,40.0,35.0,41.0,41.0,39.0,21.0,38.0,44.0,45.0,46.0,37.0,27.0,46.0,36.0,41.0,33.0,38.0,50.0,42.0,48.0,36.0,33.0,36.0,53.0,37.0,30.0,45.0,45.0,37.0,40.0,30.0,53.0,51.0,49.0,35.0,42.0,45.0,41.0,48.0,44.0,35.0,42.0,40.0,48.0,39.0,38.0,38.0,44.0,42.0,38.0,39.0,28.0,40.0,44.0,34.0,38.0,40.0,37.0,29.0,33.0,38.0,32.0,38.0,42.0,32.0,31.0,48.0,39.0,42.0,32.0,38.0,38.0,54.0,48.0,49.0,43.0,48.0,50.0,29.0,46.0,44.0,54.0,34.0,40.0,30.0,39.0,36.0,35.0,30.0,45.0,34.0,36.0,45.0,43.0,35.0,41.0,37.0,35.0,32.0,45.0,40.0,38.0,33.0,34.0,52.0,36.0,23.0,41.0,44.0,43.0,36.0,45.0,42.0,31.0,43.0,37.0,42.0,33.0
588,6.0,6.0,6.0,5.0,5.0,5.0,5.0,5.0,14.0,6.0,5.0,5.0,5.0,5.0,6.0,6.0,6.0,15.0,26.0,5.0,6.0,5.0,6.0,6.0,5.0,5.0,6.0,6.0,6.0,5.0,6.0,5.0,5.0,5.0,5.0,5.0,5.0,5.0,6.0,5.0,5.0,5.0,5.0,5.0,20.0,5.0,5.0,5.0,5.0,6.0,5.0,5.0,5.0,43.0,5.0,53.0,5.0,5.0,5.0,5.0,6.0,5.0,6.0,5.0,5.0,6.0,5.0,6.0,5.0,5.0,5.0,5.0,6.0,5.0,5.0,5.0,6.0,6.0,6.0,6.0,6.0,5.0,5.0,6.0,6.0,5.0,5.0,5.0,5.0,5.0,5.0,5.0,5.0,5.0,6.0,5.0,6.0,6.0,6.0,6.0,6.0,6.0,6.0,5.0,6.0,5.0,5.0,5.0,5.0,6.0,6.0,5.0,6.0,5.0,6.0,6.0,5.0,5.0,6.0,6.0,6.0,6.0,5.0,5.0,5.0,5.0,6.0,5.0
603,6.0,15.0,5.0,6.0,5.0,37.0,7.0,13.0,8.0,31.0,5.0,9.0,5.0,6.0,25.0,13.0,9.0,5.0,8.0,7.0,6.0,43.0,7.0,5.0,40.0,17.0,18.0,7.0,25.0,11.0,10.0,5.0,5.0,49.0,11.0,39.0,7.0,11.0,10.0,5.0,6.0,15.0,7.0,5.0,7.0,9.0,5.0,5.0,20.0,8.0,48.0,16.0,5.0,9.0,7.0,6.0,42.0,8.0,8.0,5.0,11.0,25.0,8.0,5.0,44.0,5.0,5.0,5.0,12.0,18.0,18.0,30.0,35.0,8.0,7.0,5.0,11.0,7.0,25.0,5.0,14.0,6.0,5.0,8.0,5.0,6.0,5.0,10.0,7.0,5.0,17.0,7.0,48.0,5.0,15.0,5.0,12.0,5.0,5.0,10.0,10.0,10.0,28.0,5.0,6.0,9.0,19.0,49.0,8.0,11.0,6.0,8.0,16.0,5.0,5.0,6.0,22.0,7.0,8.0,6.0,11.0,7.0,23.0,47.0,9.0,11.0,25.0,5.0
613,9.0,8.0,7.0,50.0,12.0,203.0,7.0,14.0,134.0,130.0,154.0,125.0,11.0,11.0,12.0,14.0,11.0,10.0,8.0,148.0,7.0,8.0,8.0,10.0,144.0,7.0,148.0,7.0,7.0,11.0,206.0,9.0,9.0,11.0,12.0,11.0,9.0,13.0,8.0,176.0,9.0,12.0,9.0,8.0,10.0,12.0,14.0,7.0,8.0,7.0,10.0,12.0,10.0,7.0,8.0,14.0,134.0,144.0,7.0,8.0,167.0,9.0,125.0,11.0,39.0,12.0,134.0,8.0,13.0,14.0,16.0,10.0,9.0,10.0,9.0,7.0,132.0,7.0,146.0,144.0,13.0,12.0,6.0,10.0,10.0,12.0,94.0,15.0,10.0,7.0,7.0,11.0,138.0,108.0,8.0,9.0,9.0,11.0,12.0,14.0,7.0,137.0,7.0,7.0,152.0,127.0,17.0,138.0,8.0,8.0,8.0,7.0,12.0,12.0,7.0,166.0,113.0,12.0,8.0,13.0,15.0,119.0,7.0,8.0,8.0,10.0,11.0,9.0
622,102.0,84.0,89.0,98.0,91.0,88.0,88.0,86.0,75.0,119.0,106.0,81.0,84.0,78.0,103.0,100.0,97.0,88.0,106.0,95.0,75.0,91.0,84.0,93.0,71.0,99.0,94.0,86.0,99.0,97.0,85.0,90.0,89.0,100.0,122.0,89.0,111.0,80.0,102.0,92.0,119.0,83.0,79.0,122.0,74.0,88.0,92.0,85.0,84.0,99.0,100.0,70.0,92.0,90.0,117.0,92.0,110.0,98.0,101.0,117.0,107.0,84.0,95.0,91.0,82.0,93.0,88.0,108.0,81.0,90.0,67.0,98.0,107.0,118.0,119.0,76.0,78.0,87.0,83.0,89.0,123.0,126.0,138.0,100.0,111.0,93.0,87.0,150.0,78.0,76.0,107.0,101.0,107.0,95.0,101.0,79.0,75.0,95.0,120.0,106.0,113.0,76.0,79.0,92.0,78.0,82.0,84.0,92.0,70.0,74.0,102.0,93.0,85.0,75.0,121.0,109.0,96.0,79.0,94.0,92.0,100.0,119.0,99.0,83.0,97.0,87.0,106.0,73.0
635,1.0,2.0,1.0,1.0,2.0,2.0,2.0,1.0,1.0,1.0,1.0,2.0,2.0,1.0,1.0,1.0,1.0,2.0,2.0,2.0,1.0,2.0,1.0,1.0,1.0,1.0,1.0,2.0,1.0,2.0,1.0,1.0,1.0,1.0,2.0,2.0,1.0,1.0,1.0,1.0,1.0,2.0,2.0,1.0,1.0,2.0,1.0,1.0,1.0,2.0,1.0,2.0,1.0,2.0,1.0,1.0,1.0,1.0,1.0,2.0,1.0,1.0,1.0,1.0,1.0,1.0,1.0,1.0,2.0,1.0,2.0,1.0,2.0,1.0,1.0,2.0,1.0,2.0,1.0,2.0,2.0,2.0,1.0,2.0,2.0,1.0,1.0,3.0,1.0,2.0,1.0,2.0,2.0,2.0,1.0,2.0,3.0,2.0,1.0,3.0,1.0,1.0,1.0,1.0,1.0,1.0,1.0,1.0,1.0,1.0,2.0,1.0,1.0,1.0,2.0,1.0,2.0,1.0,1.0,1.0,1.0,1.0,2.0,2.0,2.0,2.0,2.0,1.0
643,16.0,9.0,15.0,15.0,8.0,9.0,65.0,13.0,7.0,49.0,9.0,15.0,67.0,17.0,12.0,11.0,13.0,8.0,9.0,17.0,50.0,8.0,55.0,11.0,11.0,9.0,9.0,16.0,9.0,53.0,13.0,13.0,16.0,82.0,69.0,13.0,12.0,19.0,44.0,14.0,17.0,12.0,9.0,10.0,46.0,64.0,13.0,14.0,11.0,14.0,15.0,68.0,53.0,7.0,42.0,11.0,13.0,169.0,51.0,12.0,12.0,12.0,13.0,15.0,16.0,9.0,50.0,12.0,13.0,63.0,16.0,10.0,49.0,14.0,14.0,56.0,14.0,9.0,47.0,13.0,52.0,16.0,14.0,13.0,15.0,8.0,13.0,59.0,9.0,15.0,15.0,55.0,5.0,11.0,15.0,11.0,20.0,9.0,11.0,6.0,46.0,14.0,16.0,57.0,12.0,15.0,14.0,52.0,36.0,51.0,15.0,58.0,15.0,8.0,5.0,52.0,9.0,16.0,10.0,61.0,12.0,12.0,14.0,10.0,11.0,13.0,17.0,8.0
653,7.0,6.0,70.0,10.0,123.0,6.0,73.0,63.0,7.0,55.0,11.0,12.0,89.0,16.0,15.0,5.0,11.0,5.0,10.0,10.0,14.0,5.0,83.0,7.0,11.0,10.0,6.0,13.0,100.0,12.0,6.0,81.0,14.0,16.0,8.0,6.0,10.0,12.0,103.0,5.0,11.0,28.0,5.0,5.0,12.0,10.0,105.0,6.0,8.0,5.0,13.0,6.0,129.0,7.0,13.0,15.0,4.0,9.0,10.0,5.0,86.0,23.0,5.0,10.0,7.0,9.0,13.0,10.0,5.0,9.0,86.0,12.0,10.0,7.0,7.0,13.0,6.0,7.0,140.0,8.0,88.0,6.0,20.0,9.0,7.0,17.0,47.0,6.0,7.0,112.0,11.0,8.0,5.0,6.0,7.0,11.0,6.0,102.0,89.0,12.0,48.0,14.0,6.0,12.0,15.0,12.0,11.0,10.0,5.0,7.0,149.0,9.0,11.0,7.0,23.0,89.0,7.0,109.0,24.0,10.0,44.0,5.0,12.0,8.0,12.0,8.0,104.0,10.0
661,238.0,176.0,206.0,818.0,298.0,406.0,49.0,204.0,264.0,713.0,174.0,223.0,104.0,204.0,145.0,196.0,269.0,443.0,220.0,216.0,251.0,263.0,284.0,872.0,205.0,746.0,289.0,792.0,779.0,701.0,771.0,348.0,812.0,296.0,209.0,168.0,757.0,220.0,260.0,211.0,84.0,222.0,102.0,380.0,92.0,389.0,92.0,386.0,716.0,231.0,357.0,244.0,259.0,748.0,429.0,238.0,431.0,255.0,356.0,322.0,241.0,834.0,289.0,281.0,746.0,282.0,387.0,807.0,288.0,68.0,310.0,355.0,210.0,77.0,271.0,277.0,223.0,366.0,752.0,101.0,195.0,244.0,191.0,712.0,248.0,236.0,90.0,109.0,234.0,255.0,603.0,71.0,215.0,809.0,257.0,225.0,324.0,265.0,399.0,739.0,270.0,249.0,184.0,292.0,212.0,308.0,299.0,273.0,804.0,368.0,162.0,183.0,236.0,709.0,221.0,898.0,355.0,209.0,310.0,222.0,240.0,816.0,318.0,92.0,354.0,383.0,385.0,359.0
662,5.0,176.0,259.0,170.0,121.0,121.0,159.0,132.0,143.0,8.0,148.0,6.0,14.0,137.0,173.0,144.0,270.0,152.0,10.0,10.0,168.0,14.0,147.0,278.0,135.0,196.0,118.0,154.0,126.0,202.0,130.0,15.0,184.0,100.0,12.0,149.0,176.0,151.0,154.0,99.0,127.0,147.0,255.0,5.0,127.0,168.0,9.0,101.0,10.0,9.0,124.0,135.0,132.0,405.0,462.0,5.0,138.0,135.0,166.0,9.0,5.0,185.0,11.0,135.0,111.0,263.0,10.0,147.0,5.0,249.0,146.0,135.0,12.0,6.0,740.0,206.0,12.0,408.0,10.0,238.0,159.0,161.0,107.0,218.0,13.0,11.0,6.0,410.0,238.0,10.0,157.0,146.0,150.0,143.0,383.0,220.0,437.0,285.0,159.0,145.0,245.0,179.0,237.0,198.0,11.0,568.0,235.0,140.0,336.0,14.0,129.0,178.0,13.0,231.0,8.0,418.0,144.0,251.0,458.0,13.0,139.0,152.0,105.0,195.0,318.0,204.0,243.0,167.0
664,7.0,5.0,60.0,5.0,32.0,30.0,7.0,7.0,31.0,5.0,42.0,7.0,7.0,7.0,7.0,6.0,6.0,7.0,64.0,7.0,31.0,5.0,42.0,5.0,5.0,42.0,6.0,5.0,6.0,6.0,5.0,33.0,23.0,8.0,30.0,7.0,7.0,5.0,5.0,5.0,8.0,7.0,7.0,5.0,5.0,7.0,30.0,7.0,43.0,7.0,47.0,35.0,5.0,5.0,6.0,5.0,33.0,9.0,5.0,48.0,7.0,5.0,15.0,6.0,58.0,30.0,20.0,5.0,6.0,5.0,6.0,46.0,6.0,6.0,6.0,6.0,6.0,6.0,5.0,6.0,57.0,6.0,5.0,7.0,8.0,5.0,6.0,6.0,5.0,6.0,7.0,5.0,69.0,6.0,6.0,24.0,6.0,6.0,5.0,7.0,6.0,27.0,44.0,7.0,5.0,6.0,7.0,7.0,7.0,6.0,7.0,5.0,6.0,5.0,6.0,5.0,6.0,5.0,6.0,6.0,6.0,5.0,5.0,5.0,29.0,5.0,8.0,5.0
677,19.0,12.0,18.0,12.0,17.0,11.0,22.0,15.0,19.0,16.0,17.0,17.0,17.0,19.0,10.0,23.0,11.0,22.0,15.0,20.0,17.0,21.0,16.0,15.0,14.0,17.0,19.0,16.0,18.0,24.0,16.0,20.0,18.0,19.0,21.0,16.0,24.0,18.0,23.0,16.0,19.0,25.0,22.0,23.0,15.0,17.0,17.0,22.0,15.0,16.0,17.0,18.0,18.0,13.0,19.0,11.0,15.0,18.0,20.0,20.0,19.0,13.0,15.0,17.0,19.0,20.0,20.0,22.0,21.0,19.0,25.0,17.0,24.0,18.0,21.0,19.0,27.0,16.0,18.0,20.0,18.0,16.0,25.0,13.0,23.0,10.0,13.0,22.0,23.0,18.0,23.0,20.0,15.0,23.0,16.0,12.0,22.0,21.0,13.0,17.0,18.0,20.0,11.0,21.0,18.0,18.0,16.0,19.0,18.0,16.0,14.0,17.0,16.0,20.0,25.0,20.0,17.0,10.0,18.0,14.0,16.0,28.0,21.0,15.0,16.0,14.0,14.0,18.0
678,42.0,46.0,63.0,65.0,5.0,40.0,11.0,51.0,15.0,30.0,5.0,61.0,57.0,44.0,43.0,76.0,8.0,39.0,38.0,53.0,79.0,62.0,5.0,40.0,60.0,59.0,43.0,12.0,54.0,55.0,41.0,45.0,30.0,49.0,49.0,12.0,61.0,5.0,44.0,90.0,37.0,68.0,44.0,57.0,48.0,57.0,54.0,48.0,46.0,56.0,44.0,46.0,910.0,5.0,42.0,51.0,67.0,6.0,67.0,57.0,12.0,58.0,58.0,49.0,34.0,50.0,72.0,52.0,15.0,58.0,13.0,44.0,57.0,51.0,111.0,67.0,56.0,52.0,939.0,5.0,517.0,78.0,66.0,5.0,52.0,5.0,57.0,62.0,57.0,12.0,62.0,50.0,40.0,45.0,61.0,56.0,64.0,42.0,72.0,61.0,61.0,61.0,40.0,62.0,53.0,57.0,48.0,35.0,52.0,58.0,61.0,61.0,63.0,51.0,44.0,56.0,49.0,67.0,5.0,12.0,45.0,56.0,64.0,5.0,55.0,56.0,60.0,55.0
680,312.0,12.0,255.0,14.0,36.0,265.0,8.0,16.0,263.0,218.0,276.0,9.0,19.0,20.0,14.0,17.0,19.0,342.0,243.0,16.0,10.0,246.0,17.0,15.0,16.0,536.0,238.0,18.0,18.0,357.0,16.0,431.0,10.0,14.0,12.0,14.0,14.0,17.0,20.0,370.0,10.0,10.0,11.0,11.0,75.0,19.0,18.0,16.0,279.0,17.0,10.0,14.0,310.0,17.0,16.0,11.0,315.0,374.0,492.0,21.0,279.0,17.0,12.0,313.0,11.0,310.0,261.0,38.0,15.0,344.0,446.0,14.0,14.0,16.0,66.0,39.0,292.0,14.0,65.0,16.0,279.0,281.0,14.0,13.0,16.0,17.0,18.0,16.0,10.0,16.0,17.0,376.0,472.0,18.0,14.0,16.0,293.0,20.0,10.0,16.0,262.0,14.0,18.0,288.0,9.0,15.0,17.0,7.0,229.0,502.0,10.0,17.0,348.0,36.0,14.0,16.0,388.0,347.0,18.0,236.0,15.0,16.0,18.0,321.0,16.0,26.0,14.0,16.0
681,1181.0,5.0,3.0,345.0,5.0,371.0,909.0,515.0,370.0,293.0,312.0,4.0,4.0,4.0,4.0,960.0,508.0,939.0,857.0,976.0,5.0,351.0,4.0,4.0,395.0,4.0,4.0,5.0,1083.0,921.0,637.0,953.0,921.0,981.0,1019.0,804.0,4.0,4.0,4.0,864.0,499.0,470.0,4.0,4.0,881.0,4.0,355.0,378.0,598.0,4.0,926.0,4.0,4.0,4.0,940.0,4.0,963.0,361.0,830.0,579.0,436.0,709.0,4.0,927.0,4.0,401.0,4.0,555.0,4.0,376.0,4.0,4.0,4.0,950.0,365.0,804.0,1064.0,4.0,449.0,299.0,7.0,412.0,587.0,568.0,342.0,4.0,804.0,4.0,5.0,4.0,395.0,4.0,712.0,4.0,982.0,307.0,253.0,4.0,975.0,855.0,5.0,738.0,191.0,749.0,274.0,1023.0,6.0,372.0,5.0,341.0,4.0,771.0,353.0,954.0,4.0,938.0,887.0,327.0,949.0,979.0,4.0,1019.0,1176.0,842.0,4.0,676.0,340.0,5.0
684,14.0,16.0,254.0,5.0,15.0,46.0,303.0,18.0,281.0,201.0,14.0,314.0,16.0,21.0,201.0,288.0,15.0,432.0,16.0,20.0,14.0,255.0,19.0,15.0,168.0,387.0,45.0,284.0,14.0,321.0,21.0,401.0,23.0,34.0,17.0,15.0,304.0,12.0,392.0,14.0,265.0,13.0,351.0,341.0,42.0,16.0,227.0,191.0,325.0,84.0,14.0,12.0,21.0,460.0,273.0,423.0,16.0,391.0,206.0,14.0,331.0,14.0,435.0,10.0,433.0,876.0,11.0,19.0,15.0,322.0,19.0,250.0,59.0,84.0,16.0,314.0,354.0,9.0,41.0,18.0,320.0,223.0,16.0,85.0,18.0,268.0,26.0,205.0,247.0,15.0,240.0,367.0,270.0,56.0,39.0,48.0,243.0,22.0,15.0,359.0,231.0,390.0,16.0,13.0,12.0,46.0,11.0,14.0,325.0,14.0,100.0,16.0,300.0,41.0,614.0,22.0,17.0,273.0,42.0,370.0,12.0,16.0,435.0,365.0,246.0,14.0,95.0,312.0
689,7.0,8.0,7.0,9.0,9.0,8.0,7.0,7.0,8.0,8.0,9.0,8.0,8.0,8.0,8.0,6.0,8.0,6.0,8.0,8.0,9.0,8.0,7.0,8.0,8.0,8.0,8.0,8.0,7.0,8.0,8.0,8.0,7.0,8.0,7.0,8.0,8.0,7.0,9.0,9.0,8.0,7.0,8.0,9.0,8.0,8.0,9.0,8.0,9.0,9.0,10.0,8.0,8.0,9.0,8.0,8.0,7.0,6.0,10.0,9.0,10.0,10.0,8.0,8.0,8.0,8.0,8.0,8.0,8.0,8.0,8.0,10.0,8.0,8.0,8.0,8.0,8.0,8.0,8.0,8.0,8.0,8.0,9.0,8.0,9.0,8.0,8.0,8.0,8.0,8.0,7.0,8.0,8.0,8.0,8.0,8.0,8.0,8.0,8.0,7.0,7.0,8.0,7.0,9.0,10.0,8.0,8.0,7.0,8.0,8.0,8.0,9.0,9.0,8.0,10.0,10.0,8.0,8.0,10.0,8.0,7.0,9.0,10.0,8.0,8.0,10.0,8.0,8.0
695,62.0,70.0,53.0,79.0,61.0,65.0,66.0,86.0,75.0,64.0,74.0,20.0,61.0,69.0,56.0,67.0,71.0,64.0,65.0,76.0,85.0,72.0,68.0,70.0,69.0,56.0,81.0,72.0,85.0,53.0,70.0,86.0,73.0,62.0,56.0,48.0,73.0,64.0,69.0,67.0,80.0,60.0,60.0,77.0,61.0,71.0,65.0,70.0,67.0,74.0,74.0,78.0,79.0,81.0,70.0,75.0,64.0,51.0,65.0,73.0,84.0,65.0,65.0,61.0,50.0,76.0,67.0,57.0,57.0,60.0,67.0,48.0,78.0,62.0,85.0,76.0,62.0,78.0,75.0,68.0,77.0,26.0,67.0,84.0,74.0,59.0,73.0,53.0,64.0,89.0,73.0,84.0,64.0,66.0,71.0,71.0,67.0,71.0,72.0,57.0,83.0,81.0,95.0,78.0,73.0,83.0,68.0,70.0,78.0,63.0,68.0,59.0,52.0,58.0,59.0,73.0,65.0,79.0,53.0,61.0,73.0,78.0,61.0,74.0,67.0,78.0,91.0,77.0
704,6.0,5.0,5.0,7.0,5.0,6.0,5.0,6.0,6.0,7.0,7.0,5.0,7.0,118.0,5.0,6.0,5.0,7.0,6.0,5.0,5.0,8.0,7.0,6.0,6.0,6.0,5.0,6.0,6.0,6.0,6.0,6.0,5.0,6.0,6.0,5.0,5.0,6.0,6.0,169.0,9.0,6.0,6.0,6.0,6.0,7.0,6.0,6.0,6.0,6.0,7.0,7.0,6.0,6.0,5.0,6.0,5.0,6.0,6.0,6.0,5.0,6.0,6.0,6.0,6.0,6.0,7.0,6.0,6.0,5.0,6.0,6.0,5.0,6.0,6.0,6.0,7.0,6.0,6.0,6.0,6.0,6.0,6.0,6.0,6.0,9.0,6.0,7.0,6.0,6.0,6.0,6.0,6.0,8.0,5.0,6.0,11.0,5.0,5.0,6.0,7.0,7.0,9.0,5.0,6.0,6.0,5.0,6.0,5.0,6.0,6.0,8.0,6.0,7.0,7.0,7.0,7.0,6.0,7.0,6.0,9.0,7.0,5.0,6.0,6.0,6.0,6.0,7.0
724,9.0,7.0,9.0,8.0,7.0,7.0,9.0,9.0,9.0,8.0,8.0,7.0,9.0,8.0,8.0,8.0,8.0,8.0,10.0,8.0,8.0,9.0,6.0,8.0,8.0,8.0,7.0,10.0,9.0,9.0,8.0,9.0,8.0,7.0,8.0,8.0,8.0,9.0,9.0,7.0,9.0,6.0,9.0,9.0,8.0,9.0,9.0,9.0,9.0,8.0,9.0,5.0,5.0,8.0,7.0,9.0,7.0,9.0,8.0,9.0,6.0,8.0,8.0,7.0,7.0,8.0,9.0,8.0,8.0,9.0,9.0,9.0,6.0,8.0,7.0,9.0,7.0,7.0,8.0,7.0,8.0,7.0,8.0,8.0,8.0,9.0,8.0,8.0,9.0,8.0,8.0,8.0,9.0,8.0,7.0,8.0,8.0,7.0,8.0,9.0,7.0,7.0,7.0,8.0,8.0,5.0,8.0,8.0,9.0,9.0,8.0,8.0,8.0,10.0,7.0,8.0,9.0,9.0,9.0,9.0,8.0,8.0,7.0,7.0,8.0,7.0,7.0,7.0
725,9.0,8.0,8.0,7.0,8.0,8.0,9.0,9.0,9.0,20.0,132.0,164.0,9.0,8.0,8.0,9.0,83.0,48.0,8.0,44.0,68.0,7.0,8.0,9.0,8.0,9.0,8.0,156.0,30.0,8.0,8.0,32.0,9.0,7.0,9.0,8.0,93.0,9.0,94.0,8.0,8.0,8.0,8.0,40.0,9.0,8.0,22.0,7.0,9.0,8.0,82.0,8.0,7.0,115.0,40.0,8.0,7.0,8.0,139.0,11.0,8.0,13.0,9.0,19.0,8.0,106.0,82.0,7.0,10.0,9.0,146.0,8.0,10.0,184.0,10.0,33.0,74.0,8.0,9.0,39.0,8.0,8.0,9.0,8.0,38.0,28.0,202.0,166.0,8.0,8.0,107.0,9.0,8.0,8.0,10.0,37.0,8.0,66.0,8.0,35.0,11.0,7.0,101.0,9.0,8.0,8.0,12.0,84.0,11.0,8.0,102.0,64.0,39.0,111.0,8.0,7.0,12.0,8.0,9.0,8.0,8.0,9.0,38.0,45.0,82.0,89.0,9.0,9.0
731,5.0,5.0,8.0,6.0,5.0,12.0,13.0,5.0,9.0,7.0,9.0,5.0,9.0,5.0,7.0,8.0,5.0,8.0,5.0,5.0,5.0,11.0,7.0,9.0,11.0,5.0,5.0,5.0,9.0,5.0,5.0,5.0,11.0,11.0,5.0,9.0,12.0,7.0,5.0,5.0,7.0,6.0,5.0,5.0,9.0,9.0,5.0,5.0,11.0,5.0,9.0,5.0,5.0,6.0,9.0,5.0,7.0,5.0,14.0,5.0,13.0,5.0,9.0,12.0,10.0,5.0,5.0,5.0,5.0,9.0,5.0,5.0,5.0,13.0,5.0,5.0,8.0,5.0,9.0,5.0,12.0,10.0,5.0,6.0,5.0,5.0,11.0,9.0,9.0,10.0,5.0,9.0,11.0,13.0,5.0,6.0,9.0,5.0,12.0,5.0,9.0,5.0,5.0,4.0,5.0,5.0,10.0,8.0,5.0,10.0,10.0,7.0,5.0,5.0,10.0,5.0,11.0,5.0,9.0,9.0,12.0,9.0,5.0,5.0,10.0,6.0,9.0,5.0
737,6.0,5.0,5.0,6.0,6.0,8.0,6.0,6.0,5.0,6.0,5.0,6.0,8.0,6.0,8.0,8.0,5.0,8.0,6.0,8.0,5.0,8.0,5.0,6.0,5.0,5.0,6.0,5.0,5.0,5.0,6.0,7.0,6.0,6.0,6.0,6.0,6.0,6.0,5.0,6.0,6.0,8.0,6.0,5.0,5.0,8.0,6.0,5.0,6.0,8.0,6.0,5.0,6.0,6.0,5.0,6.0,6.0,8.0,6.0,8.0,6.0,5.0,6.0,6.0,5.0,6.0,8.0,6.0,5.0,6.0,5.0,5.0,5.0,8.0,5.0,4.0,6.0,8.0,8.0,5.0,6.0,8.0,8.0,8.0,8.0,6.0,7.0,6.0,5.0,5.0,8.0,5.0,5.0,8.0,7.0,8.0,6.0,6.0,6.0,6.0,6.0,5.0,6.0,5.0,6.0,5.0,6.0,5.0,6.0,5.0,5.0,6.0,7.0,5.0,6.0,6.0,5.0,6.0,5.0,6.0,6.0,8.0,5.0,5.0,8.0,6.0,5.0,5.0
738,11.0,14.0,11.0,18.0,13.0,12.0,13.0,12.0,32.0,14.0,16.0,14.0,12.0,13.0,12.0,13.0,13.0,17.0,12.0,12.0,15.0,14.0,14.0,19.0,14.0,13.0,11.0,12.0,13.0,13.0,12.0,14.0,11.0,14.0,12.0,13.0,12.0,13.0,13.0,11.0,12.0,14.0,12.0,11.0,9.0,12.0,14.0,12.0,12.0,17.0,12.0,13.0,15.0,16.0,15.0,12.0,16.0,12.0,14.0,8.0,11.0,12.0,13.0,10.0,12.0,12.0,13.0,12.0,19.0,13.0,10.0,11.0,13.0,13.0,12.0,13.0,12.0,14.0,12.0,13.0,14.0,13.0,13.0,14.0,12.0,14.0,15.0,9.0,15.0,12.0,15.0,12.0,11.0,11.0,12.0,13.0,13.0,8.0,14.0,12.0,12.0,13.0,17.0,12.0,13.0,13.0,16.0,18.0,20.0,12.0,13.0,14.0,7.0,13.0,13.0,14.0,15.0,16.0,13.0,12.0,17.0,13.0,12.0,12.0,14.0,11.0,13.0,13.0
751,100.0,89.0,118.0,94.0,107.0,96.0,108.0,107.0,103.0,118.0,123.0,101.0,101.0,94.0,105.0,104.0,108.0,101.0,101.0,98.0,101.0,117.0,116.0,95.0,98.0,102.0,118.0,110.0,126.0,111.0,84.0,102.0,93.0,97.0,96.0,101.0,116.0,98.0,84.0,96.0,83.0,121.0,113.0,109.0,83.0,108.0,111.0,96.0,96.0,113.0,116.0,92.0,79.0,89.0,90.0,106.0,100.0,90.0,87.0,92.0,96.0,101.0,86.0,101.0,82.0,90.0,113.0,107.0,95.0,89.0,109.0,92.0,98.0,99.0,104.0,105.0,128.0,114.0,98.0,90.0,89.0,93.0,114.0,103.0,109.0,115.0,73.0,97.0,102.0,100.0,101.0,113.0,102.0,98.0,102.0,117.0,105.0,102.0,92.0,105.0,101.0,96.0,101.0,98.0,84.0,84.0,96.0,116.0,107.0,104.0,88.0,111.0,99.0,84.0,94.0,97.0,100.0,98.0,94.0,95.0,108.0,96.0,105.0,83.0,100.0,109.0,102.0,95.0
753,222.0,453.0,468.0,184.0,633.0,552.0,351.0,498.0,500.0,475.0,510.0,488.0,300.0,290.0,505.0,221.0,379.0,5.0,489.0,539.0,158.0,5.0,474.0,495.0,442.0,624.0,299.0,434.0,473.0,360.0,614.0,266.0,614.0,501.0,581.0,427.0,336.0,441.0,478.0,443.0,357.0,453.0,537.0,419.0,214.0,408.0,427.0,114.0,436.0,480.0,6.0,482.0,447.0,529.0,265.0,213.0,450.0,407.0,320.0,630.0,323.0,546.0,584.0,474.0,416.0,368.0,421.0,5.0,310.0,467.0,382.0,177.0,484.0,208.0,547.0,561.0,374.0,495.0,322.0,368.0,337.0,76.0,606.0,220.0,547.0,404.0,269.0,405.0,306.0,5.0,426.0,143.0,367.0,461.0,601.0,186.0,605.0,385.0,543.0,483.0,363.0,465.0,305.0,135.0,359.0,210.0,408.0,411.0,344.0,5.0,585.0,164.0,451.0,437.0,298.0,273.0,491.0,603.0,164.0,437.0,282.0,413.0,202.0,600.0,503.0,403.0,497.0,126.0
755,11.0,10.0,11.0,5.0,13.0,6.0,5.0,6.0,5.0,11.0,13.0,9.0,10.0,11.0,5.0,5.0,11.0,10.0,13.0,5.0,10.0,13.0,6.0,6.0,5.0,10.0,6.0,5.0,10.0,5.0,9.0,5.0,11.0,11.0,11.0,11.0,8.0,6.0,5.0,12.0,5.0,5.0,5.0,12.0,5.0,6.0,5.0,11.0,10.0,9.0,8.0,5.0,6.0,5.0,11.0,9.0,10.0,11.0,11.0,10.0,11.0,9.0,11.0,12.0,11.0,11.0,11.0,5.0,8.0,5.0,9.0,12.0,5.0,14.0,5.0,5.0,13.0,5.0,9.0,5.0,6.0,5.0,5.0,5.0,5.0,9.0,5.0,12.0,12.0,6.0,5.0,11.0,9.0,8.0,10.0,11.0,11.0,10.0,5.0,10.0,12.0,11.0,13.0,12.0,5.0,5.0,5.0,5.0,12.0,12.0,5.0,10.0,8.0,11.0,5.0,6.0,11.0,5.0,11.0,5.0,5.0,11.0,4.0,5.0,11.0,11.0,5.0,11.0
761,5.0,12.0,9.0,10.0,40.0,10.0,45.0,8.0,9.0,11.0,10.0,8.0,8.0,12.0,11.0,14.0,6.0,12.0,10.0,8.0,13.0,9.0,9.0,8.0,9.0,43.0,12.0,15.0,8.0,8.0,9.0,11.0,9.0,8.0,8.0,8.0,12.0,39.0,11.0,7.0,7.0,9.0,11.0,6.0,6.0,11.0,5.0,10.0,14.0,12.0,10.0,7.0,10.0,11.0,39.0,10.0,12.0,12.0,8.0,331.0,9.0,10.0,701.0,108.0,11.0,12.0,8.0,44.0,6.0,10.0,8.0,10.0,39.0,44.0,7.0,8.0,13.0,5.0,11.0,11.0,10.0,30.0,8.0,10.0,7.0,11.0,7.0,13.0,10.0,7.0,11.0,13.0,6.0,7.0,12.0,8.0,12.0,10.0,729.0,9.0,13.0,10.0,6.0,55.0,10.0,7.0,9.0,50.0,10.0,10.0,8.0,6.0,53.0,48.0,7.0,6.0,9.0,16.0,8.0,12.0,503.0,8.0,9.0,385.0,7.0,11.0,8.0,9.0
762,5.0,6.0,7.0,5.0,7.0,8.0,6.0,6.0,5.0,6.0,6.0,6.0,6.0,6.0,8.0,5.0,5.0,8.0,5.0,6.0,5.0,5.0,8.0,5.0,5.0,6.0,6.0,5.0,7.0,6.0,8.0,6.0,6.0,6.0,5.0,6.0,5.0,6.0,5.0,6.0,6.0,5.0,5.0,5.0,6.0,6.0,5.0,6.0,5.0,6.0,6.0,6.0,6.0,7.0,6.0,6.0,9.0,6.0,7.0,6.0,6.0,6.0,6.0,5.0,7.0,6.0,7.0,8.0,5.0,6.0,6.0,5.0,6.0,6.0,6.0,5.0,8.0,6.0,6.0,6.0,6.0,5.0,6.0,8.0,6.0,5.0,8.0,6.0,5.0,5.0,6.0,6.0,7.0,8.0,7.0,6.0,5.0,6.0,6.0,6.0,6.0,5.0,6.0,5.0,6.0,6.0,6.0,6.0,5.0,6.0,6.0,5.0,6.0,5.0,5.0,6.0,6.0,6.0,6.0,5.0,5.0,6.0,6.0,6.0,6.0,7.0,6.0,6.0
766,118.0,116.0,109.0,115.0,130.0,121.0,117.0,109.0,120.0,112.0,109.0,90.0,96.0,115.0,109.0,127.0,115.0,116.0,112.0,114.0,101.0,113.0,90.0,120.0,85.0,110.0,129.0,105.0,117.0,101.0,105.0,131.0,108.0,112.0,115.0,115.0,113.0,119.0,119.0,109.0,120.0,128.0,126.0,102.0,123.0,116.0,112.0,123.0,112.0,119.0,111.0,105.0,112.0,120.0,109.0,103.0,110.0,112.0,138.0,97.0,121.0,121.0,114.0,106.0,134.0,113.0,115.0,97.0,117.0,106.0,110.0,102.0,126.0,94.0,101.0,98.0,119.0,107.0,116.0,114.0,126.0,120.0,114.0,107.0,128.0,104.0,100.0,118.0,117.0,122.0,132.0,108.0,105.0,114.0,111.0,122.0,114.0,110.0,95.0,116.0,109.0,118.0,123.0,118.0,104.0,128.0,131.0,134.0,115.0,110.0,109.0,95.0,139.0,120.0,101.0,102.0,117.0,119.0,119.0,108.0,130.0,118.0,124.0,110.0,112.0,118.0,118.0,131.0
767,5.0,14.0,4.0,16.0,15.0,13.0,17.0,15.0,5.0,15.0,17.0,13.0,13.0,16.0,5.0,5.0,5.0,6.0,14.0,4.0,15.0,5.0,6.0,5.0,5.0,14.0,15.0,15.0,5.0,15.0,18.0,16.0,5.0,5.0,6.0,5.0,5.0,5.0,5.0,12.0,15.0,16.0,5.0,5.0,5.0,5.0,11.0,5.0,5.0,15.0,6.0,16.0,6.0,5.0,16.0,13.0,5.0,17.0,18.0,16.0,5.0,4.0,18.0,11.0,5.0,14.0,5.0,14.0,5.0,17.0,5.0,14.0,9.0,13.0,12.0,11.0,4.0,5.0,16.0,6.0,5.0,15.0,13.0,18.0,5.0,5.0,16.0,15.0,6.0,5.0,5.0,12.0,5.0,12.0,5.0,15.0,17.0,13.0,5.0,16.0,17.0,5.0,15.0,9.0,6.0,12.0,5.0,13.0,5.0,11.0,15.0,6.0,11.0,10.0,5.0,17.0,13.0,9.0,5.0,15.0,5.0,5.0,16.0,5.0,5.0,5.0,16.0,5.0
772,5.0,7.0,8.0,9.0,5.0,6.0,114.0,6.0,6.0,6.0,6.0,6.0,6.0,6.0,8.0,8.0,8.0,5.0,6.0,6.0,5.0,6.0,6.0,7.0,6.0,6.0,6.0,6.0,5.0,6.0,6.0,8.0,5.0,5.0,6.0,8.0,6.0,10.0,6.0,5.0,6.0,5.0,6.0,9.0,5.0,6.0,6.0,5.0,5.0,6.0,6.0,5.0,6.0,10.0,6.0,6.0,6.0,10.0,6.0,5.0,6.0,30.0,5.0,8.0,6.0,6.0,6.0,7.0,5.0,6.0,7.0,6.0,7.0,5.0,6.0,5.0,9.0,6.0,6.0,6.0,6.0,6.0,7.0,6.0,6.0,6.0,5.0,86.0,6.0,10.0,8.0,6.0,6.0,6.0,6.0,6.0,8.0,7.0,6.0,6.0,5.0,663.0,6.0,10.0,6.0,7.0,9.0,7.0,6.0,6.0,6.0,6.0,6.0,5.0,6.0,6.0,6.0,5.0,6.0,9.0,6.0,10.0,8.0,6.0,6.0,10.0,6.0,7.0
776,20.0,18.0,12.0,17.0,18.0,18.0,17.0,20.0,13.0,18.0,19.0,17.0,17.0,18.0,17.0,17.0,19.0,17.0,18.0,17.0,18.0,18.0,18.0,18.0,17.0,18.0,18.0,19.0,18.0,13.0,11.0,18.0,16.0,13.0,19.0,18.0,20.0,17.0,18.0,19.0,18.0,18.0,17.0,21.0,17.0,11.0,17.0,17.0,20.0,17.0,18.0,16.0,18.0,18.0,18.0,18.0,17.0,15.0,18.0,15.0,17.0,18.0,16.0,17.0,18.0,19.0,16.0,19.0,17.0,16.0,18.0,15.0,18.0,15.0,19.0,18.0,19.0,19.0,15.0,18.0,18.0,17.0,17.0,18.0,18.0,17.0,15.0,17.0,18.0,19.0,13.0,17.0,17.0,18.0,17.0,18.0,18.0,19.0,18.0,17.0,18.0,14.0,18.0,18.0,20.0,17.0,16.0,22.0,10.0,22.0,17.0,18.0,18.0,16.0,18.0,22.0,18.0,14.0,17.0,23.0,14.0,17.0,18.0,18.0,16.0,19.0,19.0,17.0
788,23.0,30.0,32.0,29.0,26.0,37.0,29.0,26.0,35.0,28.0,35.0,38.0,32.0,25.0,36.0,26.0,38.0,26.0,30.0,28.0,30.0,29.0,24.0,36.0,43.0,32.0,29.0,37.0,29.0,28.0,28.0,36.0,37.0,27.0,29.0,31.0,31.0,24.0,26.0,30.0,30.0,38.0,41.0,31.0,40.0,37.0,26.0,30.0,29.0,30.0,30.0,42.0,27.0,42.0,32.0,36.0,27.0,30.0,25.0,31.0,32.0,36.0,33.0,32.0,34.0,28.0,30.0,35.0,44.0,29.0,32.0,39.0,27.0,28.0,27.0,33.0,29.0,23.0,30.0,39.0,36.0,43.0,43.0,33.0,33.0,30.0,31.0,30.0,36.0,20.0,32.0,28.0,29.0,37.0,33.0,28.0,30.0,29.0,37.0,37.0,24.0,30.0,28.0,27.0,29.0,35.0,27.0,30.0,21.0,29.0,31.0,33.0,33.0,35.0,30.0,22.0,33.0,34.0,44.0,38.0,28.0,36.0,28.0,33.0,43.0,34.0,22.0,31.0
796,8.0,7.0,6.0,7.0,7.0,11.0,8.0,7.0,7.0,8.0,7.0,7.0,7.0,8.0,6.0,7.0,8.0,8.0,7.0,7.0,7.0,7.0,7.0,8.0,7.0,7.0,8.0,9.0,7.0,8.0,7.0,7.0,7.0,7.0,8.0,7.0,7.0,12.0,7.0,7.0,7.0,7.0,6.0,7.0,6.0,6.0,7.0,7.0,8.0,7.0,7.0,7.0,7.0,7.0,7.0,7.0,7.0,7.0,7.0,7.0,6.0,7.0,8.0,9.0,7.0,7.0,7.0,6.0,6.0,7.0,7.0,8.0,7.0,7.0,7.0,8.0,7.0,7.0,7.0,7.0,7.0,7.0,7.0,7.0,7.0,7.0,6.0,7.0,7.0,7.0,6.0,7.0,7.0,7.0,7.0,7.0,7.0,8.0,7.0,6.0,8.0,7.0,7.0,7.0,7.0,7.0,7.0,12.0,7.0,7.0,7.0,7.0,10.0,7.0,6.0,8.0,7.0,7.0,11.0,7.0,5.0,6.0,7.0,7.0,7.0,8.0,7.0,7.0
802,8.0,36.0,46.0,26.0,33.0,37.0,9.0,22.0,10.0,23.0,27.0,30.0,23.0,25.0,33.0,35.0,16.0,27.0,17.0,26.0,23.0,17.0,18.0,21.0,24.0,26.0,22.0,16.0,32.0,22.0,31.0,35.0,34.0,22.0,34.0,17.0,14.0,13.0,21.0,8.0,16.0,23.0,11.0,34.0,30.0,16.0,18.0,24.0,13.0,28.0,38.0,22.0,8.0,26.0,10.0,7.0,14.0,26.0,8.0,15.0,24.0,33.0,30.0,7.0,17.0,16.0,31.0,18.0,28.0,38.0,18.0,27.0,57.0,24.0,27.0,27.0,33.0,39.0,44.0,22.0,18.0,34.0,21.0,33.0,31.0,34.0,23.0,29.0,27.0,27.0,31.0,28.0,55.0,20.0,31.0,7.0,15.0,40.0,40.0,19.0,21.0,10.0,26.0,70.0,8.0,41.0,14.0,32.0,17.0,36.0,32.0,31.0,23.0,18.0,5.0,5.0,24.0,21.0,33.0,19.0,20.0,33.0,20.0,23.0,30.0,28.0,24.0,23.0
806,58.0,46.0,10.0,50.0,32.0,46.0,45.0,47.0,7.0,7.0,6.0,7.0,11.0,19.0,7.0,973.0,33.0,19.0,35.0,18.0,8.0,54.0,59.0,16.0,34.0,107.0,8.0,66.0,22.0,8.0,8.0,19.0,7.0,15.0,27.0,35.0,153.0,767.0,56.0,17.0,33.0,18.0,10.0,15.0,10.0,49.0,8.0,512.0,66.0,16.0,32.0,41.0,21.0,12.0,9.0,54.0,16.0,7.0,7.0,36.0,704.0,10.0,30.0,28.0,7.0,7.0,39.0,7.0,76.0,20.0,9.0,47.0,13.0,36.0,8.0,6.0,18.0,17.0,7.0,16.0,14.0,9.0,31.0,24.0,7.0,12.0,16.0,25.0,33.0,8.0,46.0,104.0,16.0,6.0,5.0,30.0,26.0,9.0,50.0,61.0,619.0,10.0,15.0,8.0,5.0,15.0,32.0,31.0,9.0,7.0,33.0,36.0,17.0,9.0,7.0,8.0,15.0,10.0,10.0,9.0,8.0,30.0,27.0,7.0,5.0,8.0,56.0,16.0
814,39.0,30.0,41.0,37.0,26.0,31.0,50.0,46.0,32.0,37.0,27.0,31.0,37.0,35.0,41.0,35.0,31.0,23.0,29.0,36.0,41.0,35.0,24.0,22.0,34.0,41.0,33.0,33.0,30.0,32.0,24.0,40.0,38.0,37.0,36.0,32.0,33.0,36.0,35.0,38.0,33.0,33.0,27.0,41.0,34.0,32.0,37.0,36.0,34.0,31.0,34.0,43.0,37.0,24.0,34.0,41.0,49.0,41.0,40.0,40.0,49.0,37.0,32.0,35.0,25.0,38.0,35.0,36.0,24.0,38.0,36.0,38.0,34.0,33.0,33.0,38.0,26.0,36.0,40.0,31.0,43.0,35.0,44.0,31.0,28.0,44.0,30.0,32.0,33.0,43.0,22.0,32.0,23.0,35.0,39.0,34.0,35.0,31.0,42.0,25.0,28.0,37.0,29.0,38.0,36.0,35.0,39.0,30.0,32.0,40.0,42.0,41.0,41.0,54.0,33.0,31.0,32.0,36.0,35.0,33.0,29.0,31.0,33.0,30.0,41.0,36.0,34.0,37.0
846,4.0,731.0,5.0,764.0,726.0,6.0,6.0,7.0,7.0,6.0,10.0,8.0,6.0,4.0,5.0,4.0,3.0,5.0,6.0,5.0,5.0,5.0,6.0,6.0,7.0,861.0,857.0,5.0,6.0,5.0,8.0,5.0,6.0,12.0,7.0,7.0,6.0,3.0,5.0,8.0,9.0,5.0,6.0,5.0,863.0,837.0,5.0,828.0,13.0,5.0,5.0,6.0,829.0,8.0,7.0,4.0,7.0,5.0,7.0,8.0,6.0,5.0,875.0,5.0,5.0,830.0,10.0,9.0,889.0,854.0,5.0,6.0,5.0,5.0,4.0,5.0,11.0,5.0,5.0,5.0,828.0,6.0,6.0,4.0,6.0,6.0,8.0,5.0,5.0,5.0,14.0,6.0,9.0,10.0,4.0,5.0,5.0,8.0,5.0,6.0,4.0,3.0,5.0,846.0,10.0,5.0,7.0,5.0,5.0,5.0,8.0,844.0,5.0,3.0,4.0,3.0,6.0,5.0,9.0,5.0,4.0,825.0,5.0,9.0,6.0,5.0,6.0,5.0
849,620.0,546.0,662.0,26.0,23.0,618.0,620.0,740.0,13.0,679.0,575.0,24.0,605.0,587.0,611.0,567.0,5.0,780.0,726.0,9.0,684.0,642.0,18.0,734.0,678.0,790.0,693.0,701.0,652.0,600.0,673.0,748.0,766.0,13.0,840.0,14.0,7.0,900.0,720.0,715.0,758.0,598.0,696.0,9.0,21.0,604.0,718.0,10.0,592.0,631.0,743.0,21.0,790.0,23.0,20.0,576.0,15.0,19.0,818.0,609.0,599.0,614.0,736.0,13.0,22.0,831.0,743.0,671.0,684.0,23.0,684.0,614.0,585.0,693.0,640.0,617.0,629.0,754.0,667.0,13.0,606.0,768.0,674.0,697.0,641.0,671.0,709.0,6.0,24.0,774.0,574.0,676.0,626.0,646.0,715.0,670.0,682.0,18.0,19.0,650.0,5.0,10.0,761.0,566.0,5.0,652.0,689.0,8.0,5.0,631.0,5.0,721.0,605.0,638.0,635.0,766.0,14.0,623.0,632.0,600.0,669.0,742.0,7.0,25.0,635.0,23.0,848.0,862.0
858,6.0,7.0,6.0,6.0,6.0,8.0,9.0,6.0,7.0,9.0,8.0,7.0,6.0,6.0,6.0,9.0,6.0,6.0,7.0,6.0,6.0,6.0,8.0,6.0,6.0,6.0,9.0,10.0,7.0,8.0,14.0,7.0,6.0,7.0,7.0,10.0,13.0,6.0,9.0,6.0,6.0,5.0,6.0,15.0,7.0,6.0,8.0,9.0,7.0,6.0,7.0,9.0,8.0,11.0,6.0,6.0,7.0,6.0,10.0,7.0,9.0,6.0,10.0,6.0,8.0,10.0,5.0,7.0,7.0,6.0,6.0,13.0,14.0,9.0,6.0,6.0,6.0,6.0,6.0,6.0,6.0,7.0,6.0,6.0,8.0,6.0,9.0,9.0,7.0,6.0,9.0,6.0,8.0,10.0,6.0,5.0,6.0,8.0,6.0,11.0,11.0,5.0,7.0,7.0,12.0,6.0,6.0,7.0,6.0,7.0,8.0,10.0,8.0,6.0,7.0,6.0,7.0,7.0,8.0,10.0,8.0,6.0,6.0,7.0,10.0,7.0,9.0,8.0
865,191.0,156.0,133.0,133.0,118.0,131.0,124.0,147.0,143.0,131.0,141.0,134.0,129.0,129.0,142.0,147.0,135.0,150.0,137.0,160.0,148.0,155.0,153.0,143.0,124.0,126.0,152.0,141.0,147.0,135.0,132.0,172.0,149.0,126.0,141.0,139.0,129.0,144.0,137.0,152.0,148.0,152.0,159.0,173.0,146.0,145.0,137.0,156.0,129.0,139.0,117.0,145.0,104.0,151.0,155.0,130.0,133.0,153.0,160.0,152.0,133.0,131.0,148.0,140.0,104.0,143.0,132.0,129.0,137.0,143.0,131.0,140.0,161.0,132.0,122.0,124.0,133.0,124.0,140.0,135.0,124.0,139.0,67.0,177.0,143.0,150.0,151.0,127.0,111.0,123.0,135.0,151.0,136.0,133.0,141.0,142.0,131.0,137.0,151.0,147.0,132.0,127.0,143.0,149.0,143.0,136.0,135.0,169.0,142.0,147.0,129.0,161.0,122.0,145.0,129.0,101.0,132.0,123.0,147.0,141.0,126.0,155.0,147.0,82.0,156.0,134.0,123.0,122.0
873,25.0,239.0,84.0,25.0,25.0,80.0,250.0,20.0,24.0,164.0,19.0,206.0,26.0,25.0,56.0,101.0,28.0,24.0,23.0,23.0,179.0,86.0,123.0,333.0,103.0,71.0,26.0,100.0,50.0,19.0,112.0,21.0,230.0,23.0,132.0,23.0,79.0,94.0,22.0,70.0,25.0,21.0,23.0,19.0,65.0,127.0,22.0,101.0,101.0,21.0,20.0,23.0,159.0,19.0,24.0,67.0,326.0,341.0,17.0,460.0,21.0,21.0,100.0,91.0,163.0,23.0,24.0,100.0,21.0,151.0,313.0,81.0,21.0,20.0,19.0,21.0,320.0,286.0,62.0,79.0,170.0,24.0,118.0,55.0,22.0,21.0,155.0,42.0,45.0,194.0,20.0,24.0,165.0,21.0,304.0,53.0,48.0,20.0,25.0,22.0,28.0,97.0,72.0,24.0,21.0,18.0,18.0,23.0,42.0,25.0,24.0,99.0,19.0,21.0,20.0,19.0,220.0,254.0,83.0,23.0,176.0,28.0,58.0,345.0,67.0,18.0,78.0,23.0
882,78.0,30.0,34.0,7.0,103.0,13.0,16.0,105.0,8.0,25.0,127.0,79.0,10.0,87.0,34.0,21.0,41.0,30.0,26.0,15.0,48.0,28.0,127.0,26.0,28.0,45.0,28.0,21.0,6.0,12.0,127.0,69.0,98.0,94.0,30.0,11.0,123.0,8.0,18.0,45.0,9.0,8.0,9.0,47.0,11.0,52.0,5.0,111.0,8.0,13.0,38.0,15.0,9.0,11.0,27.0,11.0,12.0,30.0,48.0,10.0,108.0,95.0,12.0,115.0,9.0,5.0,21.0,25.0,13.0,10.0,9.0,27.0,35.0,28.0,27.0,107.0,24.0,56.0,76.0,9.0,8.0,49.0,8.0,48.0,17.0,92.0,174.0,165.0,69.0,46.0,129.0,14.0,46.0,37.0,13.0,49.0,79.0,73.0,18.0,8.0,20.0,7.0,158.0,79.0,117.0,14.0,7.0,42.0,63.0,18.0,35.0,145.0,140.0,109.0,16.0,9.0,8.0,34.0,11.0,7.0,38.0,103.0,9.0,11.0,131.0,107.0,13.0,16.0
883,25.0,23.0,23.0,22.0,23.0,29.0,27.0,124.0,120.0,24.0,21.0,124.0,22.0,27.0,99.0,17.0,21.0,33.0,20.0,18.0,19.0,20.0,26.0,141.0,26.0,22.0,16.0,26.0,26.0,23.0,22.0,35.0,201.0,27.0,105.0,122.0,25.0,22.0,25.0,23.0,20.0,25.0,26.0,35.0,159.0,28.0,28.0,29.0,22.0,176.0,25.0,124.0,182.0,21.0,20.0,22.0,975.0,19.0,22.0,126.0,24.0,18.0,122.0,176.0,24.0,22.0,24.0,22.0,24.0,115.0,18.0,20.0,29.0,29.0,25.0,94.0,234.0,399.0,21.0,28.0,140.0,27.0,21.0,159.0,35.0,30.0,233.0,24.0,17.0,29.0,296.0,19.0,135.0,24.0,26.0,21.0,29.0,26.0,34.0,29.0,20.0,16.0,28.0,134.0,75.0,30.0,28.0,24.0,74.0,28.0,163.0,24.0,115.0,30.0,21.0,19.0,163.0,21.0,21.0,22.0,115.0,162.0,22.0,37.0,22.0,28.0,23.0,21.0
888,38.0,48.0,37.0,32.0,34.0,34.0,40.0,54.0,34.0,35.0,32.0,41.0,32.0,37.0,41.0,34.0,34.0,40.0,33.0,49.0,33.0,40.0,30.0,36.0,30.0,48.0,32.0,33.0,32.0,36.0,33.0,38.0,33.0,37.0,34.0,40.0,31.0,41.0,36.0,43.0,42.0,33.0,40.0,34.0,40.0,33.0,38.0,34.0,37.0,42.0,36.0,40.0,35.0,40.0,33.0,53.0,44.0,31.0,36.0,41.0,32.0,39.0,31.0,41.0,36.0,36.0,31.0,33.0,36.0,43.0,31.0,34.0,38.0,41.0,32.0,42.0,42.0,42.0,33.0,59.0,31.0,36.0,45.0,33.0,40.0,34.0,37.0,35.0,40.0,33.0,32.0,44.0,31.0,31.0,33.0,32.0,34.0,39.0,44.0,43.0,31.0,46.0,37.0,38.0,34.0,30.0,34.0,34.0,30.0,33.0,29.0,48.0,24.0,33.0,48.0,37.0,48.0,37.0,34.0,34.0,31.0,39.0,30.0,49.0,38.0,43.0,47.0,34.0
889,619.0,877.0,907.0,673.0,862.0,747.0,823.0,778.0,664.0,669.0,799.0,765.0,831.0,810.0,773.0,718.0,813.0,823.0,858.0,796.0,694.0,803.0,767.0,793.0,716.0,874.0,820.0,975.0,1038.0,793.0,1049.0,907.0,871.0,953.0,861.0,714.0,963.0,894.0,887.0,841.0,806.0,789.0,800.0,914.0,787.0,498.0,889.0,932.0,844.0,896.0,778.0,939.0,761.0,901.0,1026.0,1017.0,958.0,901.0,1065.0,725.0,809.0,1076.0,970.0,902.0,1106.0,858.0,950.0,829.0,844.0,961.0,891.0,887.0,963.0,730.0,959.0,1017.0,616.0,537.0,824.0,989.0,852.0,818.0,892.0,919.0,817.0,845.0,967.0,680.0,974.0,907.0,750.0,1140.0,747.0,792.0,766.0,927.0,868.0,812.0,1071.0,877.0,889.0,856.0,949.0,773.0,1124.0,874.0,942.0,794.0,909.0,1135.0,853.0,818.0,794.0,870.0,777.0,852.0,944.0,923.0,836.0,905.0,950.0,859.0,845.0,895.0,1010.0,876.0,855.0,513.0
893,709.0,27.0,111.0,19.0,1016.0,924.0,108.0,130.0,760.0,70.0,135.0,71.0,76.0,125.0,94.0,813.0,112.0,166.0,86.0,968.0,147.0,172.0,71.0,700.0,164.0,171.0,81.0,132.0,113.0,146.0,87.0,87.0,796.0,121.0,159.0,61.0,12.0,96.0,196.0,137.0,108.0,10.0,760.0,180.0,784.0,107.0,48.0,184.0,167.0,148.0,97.0,167.0,791.0,1041.0,187.0,10.0,141.0,1054.0,143.0,149.0,148.0,85.0,97.0,166.0,126.0,669.0,15.0,67.0,91.0,279.0,908.0,130.0,175.0,894.0,157.0,98.0,151.0,111.0,600.0,149.0,49.0,174.0,176.0,762.0,177.0,102.0,808.0,166.0,18.0,42.0,161.0,743.0,182.0,158.0,48.0,183.0,139.0,157.0,96.0,106.0,137.0,101.0,173.0,177.0,114.0,140.0,44.0,171.0,92.0,100.0,775.0,83.0,149.0,173.0,17.0,67.0,121.0,159.0,62.0,114.0,829.0,139.0,50.0,18.0,113.0,183.0,99.0,694.0
894,7.0,8.0,8.0,8.0,7.0,8.0,8.0,6.0,8.0,9.0,9.0,7.0,8.0,8.0,7.0,7.0,8.0,9.0,7.0,8.0,8.0,7.0,8.0,5.0,7.0,8.0,7.0,8.0,8.0,8.0,8.0,8.0,8.0,7.0,8.0,9.0,8.0,9.0,8.0,6.0,8.0,9.0,8.0,7.0,8.0,8.0,8.0,8.0,8.0,8.0,8.0,8.0,8.0,8.0,8.0,8.0,7.0,7.0,8.0,8.0,8.0,8.0,8.0,9.0,8.0,9.0,8.0,8.0,9.0,8.0,9.0,8.0,8.0,8.0,8.0,8.0,8.0,8.0,8.0,8.0,9.0,8.0,7.0,7.0,8.0,8.0,6.0,7.0,7.0,8.0,8.0,8.0,8.0,9.0,8.0,8.0,8.0,8.0,7.0,8.0,9.0,9.0,10.0,8.0,8.0,8.0,8.0,8.0,8.0,8.0,8.0,8.0,6.0,8.0,8.0,8.0,8.0,7.0,7.0,8.0,9.0,8.0,8.0,7.0,8.0,9.0,8.0,8.0
901,8.0,6.0,5.0,5.0,281.0,163.0,324.0,73.0,84.0,47.0,64.0,101.0,5.0,102.0,43.0,16.0,5.0,394.0,6.0,5.0,27.0,6.0,89.0,41.0,12.0,104.0,5.0,11.0,12.0,11.0,272.0,6.0,529.0,5.0,6.0,55.0,5.0,5.0,283.0,144.0,57.0,7.0,104.0,76.0,60.0,116.0,42.0,6.0,466.0,5.0,41.0,52.0,421.0,5.0,43.0,140.0,124.0,381.0,128.0,7.0,49.0,298.0,58.0,67.0,5.0,5.0,68.0,100.0,53.0,5.0,5.0,12.0,351.0,473.0,50.0,763.0,34.0,142.0,11.0,5.0,5.0,12.0,5.0,6.0,5.0,71.0,5.0,6.0,7.0,5.0,38.0,219.0,33.0,140.0,5.0,9.0,5.0,6.0,285.0,67.0,5.0,60.0,405.0,5.0,47.0,5.0,6.0,34.0,147.0,5.0,62.0,139.0,8.0,8.0,256.0,431.0,35.0,5.0,132.0,333.0,41.0,5.0,61.0,525.0,6.0,41.0,5.0,5.0
907,31.0,33.0,41.0,41.0,31.0,36.0,42.0,47.0,55.0,35.0,14.0,14.0,47.0,64.0,17.0,40.0,46.0,13.0,47.0,34.0,52.0,45.0,41.0,35.0,43.0,39.0,10.0,40.0,40.0,39.0,55.0,38.0,46.0,53.0,53.0,32.0,68.0,19.0,37.0,40.0,38.0,40.0,37.0,51.0,41.0,37.0,95.0,37.0,35.0,48.0,48.0,13.0,43.0,47.0,57.0,89.0,48.0,63.0,31.0,35.0,41.0,62.0,16.0,53.0,46.0,41.0,44.0,36.0,47.0,48.0,42.0,61.0,39.0,45.0,62.0,40.0,50.0,44.0,38.0,47.0,49.0,42.0,44.0,41.0,39.0,58.0,43.0,40.0,38.0,52.0,46.0,57.0,46.0,46.0,43.0,30.0,29.0,42.0,42.0,36.0,45.0,33.0,50.0,40.0,62.0,11.0,50.0,49.0,50.0,39.0,56.0,43.0,29.0,44.0,41.0,39.0,52.0,50.0,17.0,56.0,49.0,87.0,50.0,28.0,37.0,12.0,59.0,55.0
909,36.0,30.0,20.0,26.0,25.0,34.0,21.0,24.0,17.0,27.0,22.0,13.0,24.0,25.0,19.0,35.0,13.0,19.0,20.0,19.0,29.0,26.0,25.0,29.0,17.0,27.0,21.0,21.0,18.0,18.0,24.0,35.0,25.0,34.0,30.0,20.0,30.0,41.0,15.0,25.0,18.0,32.0,17.0,22.0,26.0,33.0,24.0,27.0,14.0,36.0,24.0,36.0,32.0,32.0,21.0,19.0,20.0,19.0,22.0,21.0,31.0,36.0,33.0,30.0,30.0,17.0,25.0,21.0,22.0,41.0,27.0,19.0,19.0,15.0,25.0,31.0,14.0,21.0,18.0,40.0,15.0,21.0,44.0,26.0,33.0,37.0,34.0,39.0,19.0,16.0,35.0,19.0,26.0,33.0,26.0,27.0,22.0,33.0,20.0,15.0,20.0,23.0,34.0,28.0,23.0,24.0,38.0,31.0,24.0,26.0,32.0,36.0,30.0,28.0,27.0,20.0,17.0,43.0,32.0,47.0,27.0,25.0,33.0,47.0,20.0,33.0,45.0,30.0
918,15.0,15.0,10.0,20.0,18.0,21.0,15.0,15.0,15.0,12.0,19.0,20.0,14.0,18.0,16.0,18.0,14.0,16.0,16.0,17.0,20.0,17.0,24.0,18.0,16.0,14.0,15.0,19.0,19.0,24.0,22.0,17.0,21.0,14.0,20.0,16.0,14.0,18.0,11.0,19.0,18.0,16.0,16.0,14.0,16.0,14.0,16.0,21.0,15.0,20.0,14.0,15.0,21.0,18.0,16.0,15.0,12.0,18.0,21.0,15.0,18.0,24.0,16.0,16.0,14.0,18.0,20.0,17.0,18.0,18.0,17.0,14.0,19.0,15.0,15.0,15.0,19.0,16.0,18.0,16.0,18.0,20.0,15.0,18.0,18.0,5.0,25.0,25.0,18.0,17.0,23.0,16.0,19.0,10.0,18.0,17.0,16.0,16.0,20.0,16.0,19.0,15.0,15.0,24.0,22.0,16.0,15.0,14.0,19.0,15.0,21.0,19.0,13.0,21.0,16.0,17.0,18.0,11.0,15.0,15.0,16.0,15.0,17.0,18.0,30.0,16.0,18.0,18.0
921,469.0,382.0,468.0,494.0,15.0,30.0,491.0,451.0,15.0,21.0,390.0,20.0,14.0,450.0,32.0,474.0,22.0,400.0,25.0,527.0,23.0,550.0,248.0,514.0,617.0,35.0,31.0,601.0,397.0,515.0,528.0,575.0,387.0,31.0,423.0,458.0,25.0,16.0,458.0,525.0,16.0,40.0,481.0,28.0,18.0,507.0,399.0,33.0,36.0,520.0,28.0,36.0,385.0,513.0,12.0,519.0,517.0,30.0,17.0,506.0,466.0,29.0,504.0,534.0,595.0,19.0,533.0,17.0,34.0,487.0,531.0,521.0,18.0,367.0,19.0,39.0,416.0,39.0,604.0,27.0,517.0,30.0,477.0,596.0,580.0,35.0,395.0,520.0,535.0,25.0,35.0,407.0,505.0,523.0,588.0,23.0,408.0,273.0,475.0,305.0,540.0,272.0,545.0,386.0,546.0,559.0,41.0,14.0,275.0,566.0,370.0,500.0,29.0,18.0,27.0,535.0,17.0,282.0,483.0,20.0,53.0,488.0,520.0,37.0,18.0,491.0,379.0,263.0
924,17.0,21.0,24.0,20.0,15.0,19.0,23.0,21.0,18.0,19.0,8.0,17.0,18.0,16.0,19.0,16.0,18.0,23.0,17.0,21.0,18.0,21.0,24.0,13.0,22.0,18.0,18.0,20.0,20.0,8.0,8.0,14.0,17.0,21.0,18.0,15.0,12.0,12.0,20.0,18.0,15.0,16.0,19.0,26.0,17.0,18.0,8.0,21.0,21.0,18.0,20.0,19.0,20.0,21.0,19.0,24.0,21.0,17.0,20.0,17.0,16.0,20.0,21.0,19.0,17.0,20.0,21.0,14.0,18.0,17.0,19.0,19.0,14.0,17.0,17.0,18.0,18.0,21.0,16.0,17.0,21.0,17.0,15.0,18.0,17.0,15.0,11.0,23.0,16.0,18.0,20.0,24.0,19.0,9.0,17.0,17.0,17.0,22.0,20.0,23.0,17.0,15.0,22.0,24.0,27.0,22.0,20.0,22.0,11.0,19.0,20.0,25.0,21.0,18.0,23.0,19.0,24.0,19.0,19.0,20.0,17.0,21.0,19.0,21.0,25.0,20.0,21.0,576.0
928,21.0,27.0,11.0,16.0,23.0,15.0,18.0,23.0,30.0,8.0,469.0,427.0,31.0,482.0,18.0,17.0,24.0,216.0,13.0,6.0,11.0,310.0,415.0,16.0,17.0,6.0,20.0,14.0,21.0,23.0,7.0,10.0,11.0,28.0,6.0,19.0,522.0,18.0,24.0,8.0,27.0,29.0,137.0,28.0,19.0,6.0,10.0,21.0,6.0,28.0,19.0,26.0,536.0,28.0,11.0,6.0,15.0,9.0,14.0,565.0,6.0,569.0,8.0,6.0,23.0,21.0,550.0,6.0,14.0,343.0,26.0,28.0,150.0,24.0,22.0,531.0,6.0,9.0,27.0,7.0,8.0,23.0,247.0,17.0,5.0,23.0,6.0,14.0,6.0,17.0,8.0,6.0,6.0,26.0,18.0,12.0,22.0,26.0,10.0,476.0,6.0,21.0,651.0,18.0,11.0,6.0,9.0,19.0,8.0,10.0,17.0,26.0,24.0,31.0,428.0,8.0,18.0,24.0,30.0,6.0,20.0,33.0,24.0,34.0,16.0,9.0,22.0,192.0
933,9.0,26.0,9.0,9.0,9.0,48.0,23.0,51.0,9.0,10.0,9.0,35.0,9.0,42.0,9.0,17.0,11.0,24.0,37.0,9.0,43.0,34.0,36.0,21.0,11.0,9.0,47.0,9.0,17.0,20.0,11.0,25.0,9.0,30.0,40.0,9.0,34.0,38.0,28.0,42.0,10.0,21.0,10.0,34.0,30.0,10.0,37.0,65.0,37.0,10.0,10.0,9.0,26.0,11.0,34.0,9.0,9.0,30.0,10.0,10.0,8.0,9.0,55.0,11.0,11.0,610.0,42.0,10.0,34.0,9.0,28.0,9.0,9.0,39.0,39.0,39.0,10.0,35.0,32.0,11.0,37.0,45.0,10.0,41.0,9.0,9.0,10.0,44.0,32.0,10.0,24.0,58.0,36.0,9.0,29.0,23.0,35.0,38.0,37.0,10.0,394.0,11.0,33.0,50.0,35.0,45.0,11.0,36.0,36.0,21.0,33.0,37.0,11.0,36.0,9.0,9.0,42.0,21.0,30.0,10.0,9.0,27.0,9.0,10.0,10.0,25.0,29.0,25.0
934,29.0,30.0,34.0,26.0,33.0,30.0,27.0,32.0,31.0,31.0,34.0,30.0,35.0,37.0,35.0,27.0,33.0,32.0,34.0,33.0,35.0,35.0,37.0,35.0,35.0,35.0,30.0,33.0,38.0,33.0,35.0,33.0,35.0,38.0,39.0,33.0,37.0,26.0,38.0,34.0,33.0,35.0,34.0,34.0,32.0,29.0,35.0,30.0,30.0,27.0,30.0,29.0,39.0,34.0,34.0,37.0,31.0,40.0,32.0,32.0,36.0,34.0,36.0,35.0,35.0,37.0,33.0,36.0,32.0,41.0,36.0,37.0,35.0,23.0,39.0,31.0,38.0,33.0,30.0,35.0,33.0,38.0,32.0,30.0,35.0,39.0,32.0,31.0,37.0,32.0,32.0,34.0,29.0,37.0,27.0,30.0,30.0,34.0,36.0,27.0,33.0,30.0,38.0,45.0,37.0,31.0,35.0,30.0,32.0,31.0,31.0,36.0,40.0,38.0,41.0,39.0,42.0,37.0,27.0,33.0,28.0,28.0,35.0,33.0,35.0,29.0,37.0,34.0
938,10.0,17.0,18.0,9.0,10.0,15.0,25.0,12.0,11.0,11.0,14.0,22.0,10.0,14.0,12.0,14.0,8.0,23.0,18.0,7.0,12.0,19.0,12.0,14.0,10.0,14.0,5.0,11.0,11.0,10.0,16.0,15.0,10.0,17.0,12.0,19.0,17.0,20.0,14.0,10.0,12.0,10.0,22.0,12.0,8.0,14.0,20.0,17.0,18.0,14.0,20.0,15.0,17.0,15.0,10.0,16.0,15.0,9.0,10.0,15.0,13.0,21.0,14.0,19.0,13.0,9.0,19.0,13.0,12.0,14.0,19.0,13.0,13.0,15.0,11.0,9.0,16.0,15.0,19.0,14.0,9.0,11.0,8.0,23.0,18.0,14.0,11.0,17.0,21.0,18.0,11.0,13.0,16.0,10.0,16.0,20.0,12.0,9.0,14.0,10.0,12.0,10.0,27.0,13.0,12.0,12.0,8.0,21.0,8.0,23.0,18.0,17.0,8.0,9.0,12.0,14.0,12.0,15.0,15.0,13.0,11.0,15.0,20.0,16.0,9.0,10.0,13.0,22.0
941,23.0,23.0,17.0,22.0,23.0,5.0,21.0,20.0,18.0,25.0,21.0,22.0,25.0,16.0,19.0,20.0,24.0,18.0,23.0,24.0,19.0,16.0,26.0,24.0,22.0,5.0,16.0,22.0,20.0,17.0,23.0,20.0,6.0,21.0,27.0,20.0,23.0,15.0,22.0,18.0,15.0,14.0,21.0,5.0,18.0,26.0,5.0,21.0,14.0,18.0,25.0,18.0,23.0,18.0,27.0,19.0,17.0,25.0,21.0,25.0,24.0,29.0,26.0,25.0,18.0,20.0,18.0,20.0,15.0,24.0,5.0,30.0,17.0,32.0,18.0,18.0,25.0,26.0,23.0,17.0,26.0,25.0,22.0,15.0,20.0,24.0,21.0,23.0,14.0,21.0,20.0,25.0,17.0,14.0,21.0,5.0,6.0,21.0,21.0,19.0,18.0,21.0,29.0,12.0,29.0,25.0,18.0,19.0,25.0,20.0,17.0,22.0,23.0,17.0,24.0,26.0,25.0,21.0,22.0,26.0,22.0,19.0,27.0,20.0,18.0,15.0,20.0,23.0
950,6.0,5.0,7.0,5.0,7.0,5.0,6.0,7.0,8.0,5.0,8.0,5.0,5.0,5.0,6.0,7.0,5.0,5.0,4.0,7.0,6.0,5.0,6.0,6.0,5.0,5.0,5.0,8.0,7.0,9.0,6.0,5.0,5.0,5.0,5.0,5.0,6.0,7.0,5.0,5.0,5.0,6.0,8.0,5.0,925.0,5.0,6.0,5.0,6.0,6.0,897.0,7.0,4.0,5.0,7.0,6.0,5.0,5.0,7.0,6.0,6.0,10.0,8.0,5.0,5.0,5.0,5.0,11.0,5.0,4.0,4.0,5.0,7.0,6.0,8.0,6.0,7.0,5.0,5.0,8.0,5.0,8.0,915.0,7.0,7.0,8.0,6.0,5.0,4.0,7.0,6.0,7.0,5.0,5.0,6.0,6.0,5.0,5.0,902.0,4.0,6.0,5.0,6.0,7.0,8.0,5.0,5.0,6.0,6.0,5.0,5.0,5.0,5.0,7.0,6.0,5.0,6.0,6.0,5.0,5.0,6.0,6.0,5.0,5.0,7.0,5.0,6.0,5.0
953,769.0,35.0,783.0,39.0,39.0,33.0,46.0,656.0,803.0,807.0,50.0,22.0,24.0,691.0,572.0,27.0,650.0,49.0,38.0,775.0,766.0,45.0,35.0,32.0,890.0,41.0,22.0,952.0,27.0,381.0,26.0,23.0,902.0,54.0,711.0,51.0,63.0,30.0,663.0,50.0,47.0,846.0,24.0,34.0,831.0,889.0,19.0,25.0,52.0,707.0,665.0,910.0,839.0,758.0,43.0,28.0,27.0,885.0,28.0,22.0,44.0,853.0,22.0,21.0,21.0,576.0,18.0,448.0,731.0,946.0,52.0,853.0,90.0,737.0,55.0,22.0,70.0,859.0,672.0,21.0,49.0,73.0,65.0,64.0,24.0,559.0,35.0,39.0,33.0,916.0,52.0,91.0,36.0,658.0,74.0,762.0,48.0,861.0,38.0,572.0,21.0,20.0,690.0,32.0,750.0,886.0,22.0,792.0,18.0,56.0,903.0,799.0,567.0,46.0,666.0,25.0,939.0,46.0,77.0,627.0,693.0,696.0,22.0,902.0,20.0,663.0,717.0,32.0
954,18.0,17.0,24.0,10.0,19.0,21.0,19.0,17.0,15.0,18.0,19.0,19.0,16.0,24.0,14.0,17.0,20.0,18.0,18.0,17.0,15.0,6.0,20.0,18.0,17.0,20.0,14.0,9.0,15.0,16.0,14.0,20.0,22.0,18.0,20.0,20.0,25.0,17.0,18.0,17.0,24.0,20.0,15.0,12.0,13.0,13.0,10.0,25.0,11.0,26.0,18.0,17.0,24.0,14.0,9.0,24.0,20.0,13.0,14.0,18.0,19.0,15.0,9.0,17.0,20.0,22.0,19.0,22.0,8.0,13.0,16.0,21.0,25.0,21.0,13.0,19.0,23.0,14.0,11.0,24.0,20.0,18.0,17.0,21.0,18.0,22.0,14.0,13.0,26.0,11.0,32.0,20.0,20.0,15.0,10.0,7.0,20.0,21.0,12.0,17.0,19.0,18.0,21.0,17.0,19.0,16.0,22.0,8.0,18.0,25.0,20.0,20.0,17.0,17.0,11.0,17.0,20.0,11.0,19.0,15.0,14.0,12.0,26.0,22.0,12.0,19.0,17.0,10.0
958,119.0,106.0,110.0,24.0,181.0,179.0,115.0,208.0,143.0,13.0,143.0,10.0,86.0,128.0,227.0,152.0,172.0,220.0,136.0,181.0,157.0,203.0,84.0,216.0,182.0,203.0,15.0,86.0,96.0,203.0,43.0,147.0,178.0,124.0,95.0,186.0,74.0,156.0,183.0,171.0,122.0,20.0,207.0,194.0,172.0,98.0,132.0,166.0,189.0,146.0,183.0,76.0,168.0,1037.0,208.0,16.0,144.0,147.0,187.0,181.0,173.0,26.0,64.0,134.0,130.0,180.0,52.0,161.0,149.0,208.0,121.0,149.0,133.0,129.0,146.0,113.0,201.0,108.0,149.0,192.0,144.0,190.0,179.0,166.0,143.0,165.0,170.0,202.0,123.0,17.0,200.0,146.0,175.0,154.0,155.0,172.0,117.0,191.0,159.0,140.0,168.0,194.0,228.0,177.0,145.0,149.0,85.0,192.0,208.0,193.0,202.0,115.0,16.0,161.0,167.0,154.0,191.0,201.0,76.0,152.0,64.0,178.0,159.0,30.0,125.0,228.0,140.0,186.0
960,19.0,12.0,12.0,18.0,21.0,23.0,9.0,11.0,19.0,22.0,34.0,41.0,21.0,12.0,11.0,23.0,31.0,12.0,11.0,12.0,12.0,12.0,12.0,11.0,31.0,32.0,20.0,11.0,32.0,34.0,24.0,12.0,24.0,36.0,10.0,28.0,12.0,28.0,36.0,12.0,10.0,12.0,11.0,31.0,11.0,12.0,12.0,10.0,20.0,11.0,12.0,11.0,10.0,12.0,18.0,11.0,11.0,12.0,10.0,9.0,12.0,11.0,12.0,38.0,10.0,11.0,25.0,33.0,27.0,23.0,12.0,25.0,10.0,10.0,11.0,20.0,23.0,11.0,34.0,20.0,23.0,12.0,12.0,10.0,23.0,10.0,28.0,10.0,33.0,25.0,26.0,12.0,12.0,31.0,12.0,36.0,33.0,11.0,12.0,12.0,11.0,24.0,12.0,10.0,11.0,40.0,11.0,11.0,12.0,33.0,12.0,12.0,11.0,10.0,12.0,30.0,12.0,25.0,36.0,12.0,12.0,12.0,32.0,10.0,11.0,26.0,24.0,27.0
969,10.0,27.0,25.0,13.0,6.0,22.0,8.0,22.0,6.0,20.0,11.0,24.0,25.0,11.0,10.0,6.0,29.0,17.0,13.0,7.0,21.0,29.0,20.0,6.0,19.0,13.0,6.0,11.0,15.0,15.0,19.0,22.0,17.0,20.0,23.0,9.0,6.0,18.0,25.0,19.0,21.0,22.0,24.0,22.0,24.0,7.0,6.0,16.0,8.0,14.0,9.0,26.0,28.0,18.0,19.0,20.0,28.0,6.0,16.0,17.0,12.0,20.0,9.0,6.0,12.0,24.0,18.0,16.0,32.0,19.0,23.0,20.0,24.0,18.0,19.0,18.0,18.0,19.0,22.0,12.0,35.0,7.0,7.0,15.0,25.0,23.0,9.0,23.0,23.0,15.0,12.0,7.0,6.0,6.0,22.0,27.0,10.0,9.0,11.0,17.0,20.0,23.0,27.0,9.0,7.0,26.0,6.0,11.0,15.0,8.0,18.0,22.0,25.0,6.0,22.0,29.0,12.0,12.0,6.0,16.0,18.0,20.0,28.0,20.0,11.0,18.0,11.0,24.0
970,10.0,91.0,89.0,238.0,232.0,101.0,54.0,106.0,141.0,8.0,287.0,73.0,153.0,220.0,122.0,117.0,250.0,137.0,25.0,403.0,294.0,139.0,145.0,139.0,375.0,335.0,102.0,507.0,125.0,77.0,23.0,150.0,422.0,16.0,249.0,98.0,69.0,112.0,400.0,149.0,162.0,14.0,170.0,149.0,176.0,277.0,166.0,132.0,142.0,167.0,409.0,6.0,129.0,416.0,421.0,118.0,157.0,202.0,62.0,358.0,460.0,17.0,104.0,275.0,343.0,359.0,11.0,427.0,255.0,8.0,272.0,22.0,124.0,486.0,151.0,145.0,476.0,18.0,326.0,10.0,285.0,425.0,120.0,211.0,293.0,116.0,201.0,957.0,285.0,145.0,394.0,281.0,214.0,130.0,12.0,7.0,110.0,142.0,442.0,211.0,31.0,150.0,120.0,137.0,102.0,32.0,405.0,140.0,157.0,58.0,272.0,241.0,62.0,145.0,191.0,168.0,270.0,81.0,22.0,17.0,531.0,367.0,14.0,327.0,36.0,418.0,18.0,413.0
971,32.0,22.0,12.0,19.0,18.0,22.0,29.0,17.0,13.0,28.0,38.0,23.0,19.0,12.0,23.0,31.0,28.0,14.0,18.0,22.0,24.0,13.0,19.0,12.0,42.0,25.0,21.0,22.0,10.0,30.0,23.0,22.0,22.0,19.0,25.0,15.0,28.0,36.0,24.0,20.0,14.0,19.0,24.0,14.0,10.0,37.0,25.0,32.0,38.0,25.0,20.0,29.0,12.0,11.0,17.0,25.0,20.0,19.0,14.0,24.0,12.0,28.0,23.0,27.0,23.0,19.0,15.0,24.0,19.0,25.0,29.0,5.0,18.0,19.0,20.0,21.0,15.0,52.0,21.0,29.0,26.0,22.0,12.0,32.0,23.0,27.0,29.0,27.0,20.0,21.0,5.0,37.0,23.0,51.0,12.0,25.0,17.0,32.0,26.0,16.0,22.0,15.0,31.0,13.0,27.0,25.0,31.0,16.0,26.0,31.0,24.0,23.0,28.0,22.0,15.0,29.0,24.0,35.0,26.0,15.0,27.0,43.0,19.0,51.0,20.0,23.0,21.0,33.0
975,46.0,50.0,45.0,47.0,53.0,43.0,38.0,52.0,42.0,51.0,44.0,43.0,46.0,47.0,46.0,45.0,45.0,45.0,49.0,48.0,52.0,44.0,45.0,45.0,44.0,52.0,47.0,54.0,47.0,47.0,47.0,44.0,47.0,60.0,55.0,50.0,50.0,45.0,48.0,44.0,54.0,46.0,51.0,44.0,46.0,43.0,47.0,45.0,45.0,40.0,48.0,48.0,42.0,41.0,57.0,50.0,54.0,47.0,41.0,62.0,45.0,49.0,44.0,41.0,42.0,46.0,51.0,53.0,45.0,50.0,43.0,56.0,43.0,45.0,51.0,44.0,53.0,50.0,51.0,48.0,46.0,45.0,50.0,35.0,54.0,46.0,43.0,48.0,44.0,44.0,41.0,53.0,52.0,45.0,46.0,43.0,43.0,44.0,48.0,50.0,40.0,43.0,47.0,46.0,46.0,47.0,47.0,49.0,47.0,50.0,54.0,59.0,48.0,41.0,54.0,42.0,54.0,50.0,44.0,51.0,46.0,44.0,41.0,41.0,45.0,52.0,56.0,53.0
994,3.0,2.0,3.0,3.0,2.0,2.0,1438.0,1587.0,3.0,1646.0,2.0,3.0,1763.0,2.0,1494.0,2.0,1614.0,2.0,1502.0,1609.0,1708.0,3.0,1525.0,1390.0,1574.0,2.0,2.0,1900.0,2.0,1562.0,2.0,3.0,1362.0,3.0,2.0,2.0,1549.0,1716.0,1604.0,1673.0,3.0,1560.0,2.0,3.0,2.0,1507.0,1632.0,1672.0,1676.0,1507.0,1629.0,1434.0,1369.0,1617.0,1507.0,2.0,2.0,3.0,1730.0,1417.0,1646.0,1681.0,1542.0,3.0,3.0,2.0,2.0,1599.0,1914.0,1641.0,3.0,1735.0,1698.0,3.0,1557.0,3.0,3.0,1679.0,1720.0,3.0,2.0,1728.0,1452.0,2.0,3.0,1552.0,1490.0,1536.0,1641.0,2.0,1710.0,1627.0,1619.0,3.0,1677.0,2.0,2.0,3.0,1876.0,3.0,3.0,3.0,1789.0,1605.0,1715.0,1533.0,1588.0,1604.0,1453.0,1378.0,1661.0,2.0,2.0,1696.0,1684.0,2.0,1648.0,1688.0,2.0,1550.0,2.0,1681.0,1673.0,1567.0,1589.0,3.0,3.0,1627.0
997,25.0,25.0,21.0,23.0,24.0,103.0,24.0,25.0,57.0,20.0,102.0,29.0,101.0,113.0,34.0,28.0,38.0,26.0,23.0,90.0,36.0,28.0,33.0,23.0,30.0,23.0,25.0,23.0,61.0,31.0,25.0,24.0,25.0,31.0,25.0,26.0,89.0,35.0,22.0,30.0,77.0,25.0,22.0,33.0,21.0,32.0,23.0,27.0,17.0,28.0,20.0,29.0,24.0,29.0,27.0,29.0,32.0,27.0,22.0,32.0,93.0,27.0,28.0,31.0,25.0,23.0,30.0,68.0,37.0,32.0,65.0,24.0,27.0,87.0,101.0,24.0,107.0,31.0,27.0,64.0,32.0,77.0,34.0,24.0,38.0,30.0,26.0,25.0,26.0,32.0,27.0,32.0,25.0,36.0,19.0,24.0,34.0,27.0,29.0,31.0,27.0,30.0,30.0,28.0,23.0,25.0,83.0,66.0,29.0,25.0,34.0,25.0,23.0,32.0,37.0,38.0,24.0,29.0,70.0,29.0,28.0,26.0,33.0,34.0,27.0,23.0,22.0,34.0
1000,217.0,209.0,205.0,209.0,192.0,211.0,200.0,193.0,201.0,212.0,212.0,207.0,197.0,194.0,196.0,214.0,193.0,205.0,209.0,211.0,214.0,209.0,206.0,203.0,207.0,217.0,206.0,208.0,193.0,197.0,203.0,216.0,214.0,193.0,204.0,195.0,207.0,199.0,195.0,218.0,214.0,213.0,228.0,213.0,207.0,218.0,204.0,195.0,199.0,208.0,195.0,205.0,202.0,202.0,224.0,201.0,206.0,204.0,216.0,204.0,210.0,207.0,207.0,201.0,205.0,199.0,202.0,209.0,202.0,205.0,208.0,232.0,220.0,210.0,200.0,191.0,218.0,219.0,212.0,200.0,199.0,199.0,209.0,220.0,202.0,201.0,206.0,196.0,204.0,201.0,192.0,214.0,207.0,206.0,212.0,219.0,202.0,209.0,224.0,206.0,188.0,214.0,194.0,204.0,209.0,203.0,205.0,228.0,208.0,198.0,199.0,220.0,213.0,210.0,210.0,220.0,197.0,214.0,210.0,199.0,202.0,217.0,212.0,200.0,221.0,202.0,206.0,207.0
1003,214.0,169.0,155.0,150.0,172.0,137.0,5.0,243.0,162.0,146.0,62.0,155.0,236.0,204.0,215.0,205.0,211.0,102.0,151.0,201.0,156.0,160.0,145.0,142.0,205.0,361.0,186.0,182.0,168.0,6.0,88.0,136.0,164.0,117.0,204.0,135.0,231.0,254.0,216.0,147.0,153.0,192.0,205.0,102.0,608.0,196.0,79.0,163.0,115.0,209.0,158.0,157.0,165.0,192.0,39.0,257.0,5.0,129.0,183.0,212.0,132.0,125.0,175.0,15.0,142.0,235.0,250.0,191.0,21.0,203.0,205.0,152.0,193.0,210.0,105.0,5.0,162.0,194.0,201.0,264.0,131.0,161.0,239.0,5.0,176.0,210.0,221.0,217.0,179.0,137.0,169.0,147.0,181.0,126.0,160.0,169.0,225.0,73.0,249.0,206.0,113.0,201.0,218.0,156.0,181.0,190.0,170.0,149.0,218.0,301.0,161.0,173.0,216.0,161.0,250.0,56.0,108.0,166.0,5.0,15.0,151.0,170.0,148.0,126.0,192.0,166.0,205.0,5.0
1006,22.0,23.0,25.0,27.0,24.0,22.0,23.0,26.0,39.0,23.0,26.0,20.0,20.0,22.0,28.0,24.0,24.0,26.0,21.0,22.0,23.0,32.0,19.0,26.0,16.0,23.0,22.0,21.0,22.0,42.0,38.0,25.0,21.0,21.0,25.0,31.0,22.0,22.0,18.0,25.0,28.0,19.0,117.0,22.0,21.0,47.0,23.0,23.0,16.0,23.0,22.0,20.0,21.0,20.0,20.0,29.0,20.0,31.0,24.0,41.0,36.0,22.0,23.0,24.0,21.0,23.0,30.0,23.0,23.0,20.0,34.0,26.0,16.0,28.0,21.0,21.0,19.0,20.0,31.0,30.0,31.0,18.0,27.0,20.0,31.0,23.0,1090.0,20.0,27.0,27.0,25.0,21.0,41.0,40.0,27.0,26.0,37.0,20.0,22.0,23.0,23.0,42.0,16.0,26.0,28.0,40.0,30.0,22.0,19.0,29.0,23.0,21.0,24.0,19.0,29.0,24.0,22.0,16.0,27.0,28.0,23.0,22.0,21.0,24.0,22.0,30.0,26.0,21.0
1007,67.0,64.0,59.0,59.0,55.0,53.0,54.0,64.0,62.0,48.0,54.0,60.0,57.0,68.0,64.0,65.0,68.0,63.0,61.0,49.0,59.0,60.0,59.0,70.0,65.0,58.0,61.0,55.0,60.0,60.0,63.0,55.0,54.0,72.0,64.0,56.0,62.0,57.0,52.0,62.0,58.0,68.0,65.0,67.0,61.0,62.0,57.0,49.0,63.0,56.0,55.0,66.0,62.0,71.0,55.0,62.0,61.0,68.0,73.0,69.0,58.0,63.0,63.0,60.0,52.0,57.0,62.0,53.0,62.0,74.0,64.0,66.0,56.0,75.0,65.0,59.0,54.0,53.0,56.0,49.0,64.0,52.0,64.0,67.0,72.0,58.0,56.0,58.0,53.0,52.0,53.0,65.0,61.0,64.0,74.0,61.0,75.0,59.0,61.0,65.0,64.0,62.0,63.0,60.0,71.0,59.0,56.0,67.0,62.0,62.0,65.0,60.0,61.0,64.0,60.0,70.0,53.0,63.0,65.0,60.0,63.0,61.0,69.0,67.0,51.0,61.0,58.0,53.0
1010,49.0,50.0,42.0,51.0,43.0,50.0,46.0,46.0,41.0,46.0,43.0,55.0,55.0,47.0,46.0,53.0,37.0,51.0,43.0,44.0,51.0,54.0,47.0,41.0,52.0,56.0,50.0,43.0,42.0,48.0,47.0,53.0,50.0,51.0,38.0,56.0,50.0,46.0,39.0,43.0,49.0,43.0,46.0,54.0,48.0,49.0,42.0,49.0,56.0,42.0,57.0,42.0,49.0,46.0,42.0,45.0,40.0,50.0,48.0,39.0,45.0,58.0,51.0,49.0,57.0,48.0,47.0,51.0,53.0,51.0,41.0,44.0,39.0,43.0,56.0,53.0,50.0,40.0,48.0,45.0,49.0,56.0,41.0,47.0,49.0,45.0,46.0,45.0,54.0,42.0,47.0,49.0,49.0,48.0,43.0,52.0,41.0,45.0,50.0,51.0,50.0,40.0,44.0,40.0,42.0,53.0,46.0,47.0,38.0,45.0,51.0,50.0,44.0,49.0,46.0,48.0,49.0,34.0,60.0,42.0,46.0,43.0,43.0,45.0,45.0,52.0,45.0,46.0
1014,414.0,246.0,238.0,287.0,398.0,499.0,634.0,197.0,280.0,218.0,213.0,280.0,371.0,319.0,205.0,254.0,276.0,242.0,386.0,289.0,428.0,278.0,209.0,330.0,317.0,327.0,268.0,259.0,289.0,223.0,515.0,341.0,464.0,356.0,671.0,324.0,221.0,452.0,215.0,248.0,313.0,601.0,251.0,241.0,218.0,513.0,241.0,260.0,446.0,286.0,418.0,258.0,277.0,442.0,295.0,224.0,343.0,299.0,317.0,336.0,349.0,285.0,301.0,413.0,538.0,300.0,304.0,273.0,252.0,473.0,706.0,632.0,246.0,465.0,251.0,233.0,481.0,339.0,354.0,380.0,453.0,376.0,494.0,254.0,467.0,300.0,498.0,298.0,301.0,442.0,705.0,285.0,437.0,340.0,221.0,388.0,750.0,284.0,247.0,233.0,314.0,279.0,254.0,260.0,410.0,278.0,355.0,440.0,184.0,406.0,551.0,266.0,471.0,288.0,485.0,225.0,304.0,329.0,256.0,254.0,549.0,233.0,364.0,380.0,247.0,298.0,778.0,365.0
1017,12.0,5.0,11.0,10.0,5.0,5.0,5.0,5.0,5.0,5.0,5.0,5.0,5.0,5.0,5.0,5.0,5.0,11.0,5.0,5.0,5.0,5.0,5.0,5.0,5.0,5.0,5.0,5.0,5.0,5.0,5.0,5.0,5.0,5.0,5.0,5.0,5.0,5.0,5.0,5.0,5.0,5.0,5.0,5.0,5.0,10.0,5.0,9.0,5.0,5.0,5.0,5.0,5.0,7.0,5.0,5.0,5.0,5.0,5.0,5.0,5.0,5.0,12.0,5.0,5.0,5.0,5.0,5.0,5.0,12.0,5.0,5.0,5.0,5.0,5.0,5.0,5.0,10.0,5.0,5.0,5.0,11.0,11.0,5.0,5.0,5.0,5.0,5.0,5.0,5.0,5.0,5.0,5.0,5.0,5.0,5.0,6.0,6.0,5.0,5.0,5.0,5.0,5.0,5.0,5.0,5.0,11.0,5.0,5.0,5.0,5.0,5.0,5.0,5.0,5.0,5.0,5.0,5.0,5.0,5.0,5.0,5.0,5.0,5.0,5.0,5.0,5.0,5.0
1018,11.0,115.0,375.0,24.0,93.0,19.0,684.0,13.0,218.0,9.0,115.0,12.0,120.0,260.0,6.0,15.0,224.0,241.0,188.0,218.0,116.0,292.0,21.0,341.0,273.0,17.0,67.0,46.0,156.0,17.0,18.0,11.0,691.0,337.0,550.0,277.0,23.0,217.0,186.0,14.0,73.0,331.0,267.0,193.0,70.0,192.0,338.0,293.0,302.0,203.0,307.0,10.0,405.0,306.0,282.0,152.0,286.0,811.0,545.0,320.0,665.0,429.0,6.0,146.0,455.0,258.0,26.0,410.0,138.0,20.0,518.0,8.0,236.0,456.0,30.0,403.0,687.0,406.0,265.0,364.0,119.0,728.0,143.0,222.0,332.0,159.0,394.0,254.0,109.0,20.0,324.0,327.0,126.0,810.0,762.0,419.0,811.0,99.0,405.0,40.0,341.0,108.0,207.0,170.0,18.0,800.0,19.0,37.0,21.0,90.0,22.0,777.0,13.0,118.0,334.0,607.0,214.0,142.0,53.0,414.0,21.0,267.0,492.0,285.0,65.0,60.0,70.0,519.0
1023,38.0,30.0,33.0,41.0,34.0,37.0,43.0,43.0,30.0,29.0,38.0,31.0,35.0,28.0,36.0,31.0,33.0,35.0,35.0,39.0,32.0,36.0,38.0,36.0,37.0,40.0,25.0,36.0,34.0,38.0,32.0,36.0,41.0,40.0,40.0,33.0,34.0,40.0,31.0,46.0,36.0,29.0,35.0,41.0,30.0,27.0,35.0,36.0,40.0,37.0,32.0,36.0,37.0,41.0,37.0,41.0,37.0,38.0,29.0,40.0,36.0,37.0,35.0,41.0,33.0,40.0,36.0,35.0,35.0,38.0,30.0,42.0,38.0,54.0,37.0,37.0,38.0,30.0,34.0,34.0,30.0,33.0,35.0,35.0,39.0,28.0,32.0,42.0,35.0,31.0,37.0,36.0,37.0,44.0,40.0,37.0,32.0,35.0,39.0,38.0,37.0,38.0,30.0,35.0,38.0,34.0,34.0,36.0,38.0,40.0,34.0,37.0,35.0,39.0,43.0,35.0,36.0,38.0,35.0,37.0,38.0,39.0,43.0,41.0,33.0,38.0,36.0,25.0
1029,8.0,7.0,5.0,5.0,7.0,8.0,8.0,6.0,8.0,12.0,5.0,8.0,8.0,6.0,8.0,8.0,8.0,11.0,8.0,5.0,8.0,8.0,5.0,5.0,6.0,8.0,6.0,8.0,8.0,11.0,6.0,6.0,9.0,11.0,8.0,6.0,8.0,6.0,13.0,5.0,8.0,7.0,6.0,8.0,6.0,5.0,8.0,8.0,7.0,8.0,8.0,8.0,6.0,6.0,5.0,8.0,8.0,9.0,7.0,5.0,9.0,6.0,5.0,9.0,8.0,5.0,7.0,6.0,5.0,9.0,10.0,10.0,8.0,6.0,6.0,7.0,8.0,6.0,5.0,6.0,6.0,8.0,10.0,8.0,9.0,11.0,7.0,11.0,7.0,10.0,8.0,8.0,8.0,5.0,8.0,8.0,6.0,8.0,11.0,7.0,12.0,8.0,5.0,6.0,7.0,8.0,10.0,5.0,8.0,7.0,6.0,9.0,8.0,10.0,6.0,9.0,9.0,8.0,9.0,6.0,8.0,8.0,8.0,5.0,6.0,7.0,9.0,6.0
1031,133.0,126.0,85.0,93.0,31.0,74.0,122.0,66.0,32.0,82.0,128.0,139.0,75.0,48.0,59.0,91.0,97.0,131.0,81.0,132.0,146.0,105.0,98.0,36.0,124.0,125.0,108.0,111.0,90.0,131.0,64.0,173.0,92.0,64.0,132.0,109.0,22.0,28.0,136.0,173.0,123.0,123.0,110.0,134.0,107.0,126.0,64.0,130.0,39.0,101.0,59.0,135.0,80.0,70.0,58.0,39.0,81.0,153.0,63.0,113.0,84.0,125.0,75.0,54.0,119.0,72.0,117.0,114.0,125.0,32.0,135.0,138.0,92.0,125.0,86.0,33.0,43.0,111.0,62.0,118.0,82.0,117.0,83.0,138.0,45.0,27.0,45.0,53.0,68.0,107.0,65.0,118.0,130.0,82.0,72.0,80.0,66.0,135.0,37.0,70.0,102.0,111.0,82.0,88.0,122.0,121.0,88.0,110.0,109.0,91.0,80.0,120.0,90.0,30.0,34.0,71.0,118.0,138.0,130.0,83.0,77.0,132.0,116.0,68.0,151.0,128.0,85.0,101.0
1032,19.0,29.0,48.0,25.0,16.0,41.0,43.0,19.0,21.0,26.0,24.0,33.0,25.0,18.0,25.0,20.0,29.0,40.0,38.0,22.0,25.0,34.0,30.0,42.0,15.0,21.0,22.0,29.0,19.0,29.0,20.0,41.0,22.0,16.0,19.0,14.0,19.0,27.0,21.0,34.0,25.0,32.0,29.0,28.0,41.0,47.0,36.0,34.0,26.0,52.0,32.0,33.0,31.0,30.0,25.0,20.0,33.0,32.0,20.0,19.0,24.0,33.0,35.0,37.0,34.0,28.0,26.0,28.0,27.0,18.0,16.0,21.0,26.0,25.0,40.0,21.0,33.0,27.0,36.0,30.0,17.0,31.0,43.0,26.0,24.0,32.0,19.0,43.0,18.0,18.0,19.0,31.0,30.0,29.0,30.0,27.0,18.0,36.0,22.0,31.0,27.0,27.0,31.0,24.0,42.0,26.0,28.0,21.0,25.0,22.0,16.0,36.0,22.0,26.0,39.0,25.0,23.0,31.0,33.0,36.0,54.0,17.0,30.0,23.0,19.0,26.0,22.0,41.0
1035,6.0,11.0,538.0,542.0,8.0,491.0,534.0,245.0,850.0,854.0,614.0,470.0,8.0,5.0,435.0,567.0,6.0,579.0,609.0,7.0,9.0,582.0,515.0,790.0,1015.0,8.0,632.0,510.0,660.0,717.0,767.0,12.0,722.0,657.0,503.0,567.0,646.0,708.0,616.0,640.0,596.0,547.0,822.0,593.0,690.0,6.0,643.0,571.0,608.0,893.0,667.0,555.0,671.0,657.0,206.0,560.0,495.0,811.0,1021.0,597.0,556.0,883.0,862.0,507.0,557.0,9.0,526.0,774.0,33.0,893.0,643.0,887.0,8.0,546.0,664.0,951.0,9.0,673.0,590.0,524.0,542.0,643.0,594.0,40.0,638.0,545.0,633.0,549.0,554.0,533.0,518.0,890.0,661.0,534.0,684.0,651.0,7.0,5.0,532.0,5.0,598.0,9.0,711.0,831.0,6.0,469.0,1023.0,124.0,589.0,11.0,952.0,9.0,502.0,884.0,695.0,5.0,738.0,731.0,579.0,1006.0,612.0,474.0,548.0,532.0,543.0,595.0,669.0,509.0
1040,5.0,5.0,5.0,5.0,5.0,5.0,5.0,5.0,5.0,5.0,5.0,5.0,5.0,7.0,5.0,5.0,5.0,5.0,5.0,5.0,6.0,5.0,5.0,5.0,5.0,5.0,5.0,6.0,5.0,5.0,5.0,5.0,5.0,5.0,8.0,5.0,7.0,5.0,5.0,8.0,5.0,5.0,5.0,5.0,6.0,5.0,5.0,5.0,6.0,5.0,5.0,5.0,5.0,5.0,6.0,5.0,5.0,5.0,5.0,5.0,6.0,5.0,6.0,5.0,5.0,5.0,5.0,8.0,6.0,5.0,5.0,5.0,6.0,5.0,5.0,5.0,6.0,5.0,5.0,5.0,5.0,5.0,5.0,5.0,5.0,5.0,5.0,6.0,6.0,5.0,5.0,5.0,5.0,5.0,5.0,7.0,5.0,5.0,5.0,5.0,5.0,5.0,5.0,5.0,6.0,5.0,5.0,6.0,5.0,6.0,6.0,8.0,5.0,5.0,8.0,5.0,5.0,5.0,5.0,5.0,5.0,6.0,5.0,5.0,5.0,6.0,5.0,5.0
1042,35.0,25.0,22.0,29.0,46.0,44.0,28.0,22.0,49.0,44.0,29.0,15.0,42.0,50.0,21.0,39.0,34.0,20.0,60.0,35.0,19.0,37.0,26.0,33.0,12.0,49.0,50.0,35.0,49.0,42.0,44.0,62.0,25.0,36.0,23.0,24.0,29.0,84.0,22.0,37.0,15.0,49.0,38.0,44.0,26.0,46.0,75.0,19.0,33.0,19.0,41.0,60.0,21.0,15.0,295.0,303.0,26.0,57.0,30.0,27.0,36.0,17.0,35.0,34.0,68.0,17.0,58.0,38.0,32.0,60.0,29.0,20.0,24.0,27.0,86.0,19.0,24.0,33.0,41.0,53.0,29.0,23.0,25.0,25.0,39.0,35.0,44.0,21.0,47.0,27.0,50.0,31.0,37.0,54.0,21.0,27.0,43.0,55.0,32.0,33.0,22.0,23.0,64.0,34.0,79.0,21.0,64.0,58.0,26.0,19.0,23.0,29.0,49.0,24.0,24.0,37.0,48.0,29.0,48.0,33.0,34.0,44.0,30.0,17.0,45.0,27.0,38.0,25.0
1049,303.0,70.0,302.0,246.0,310.0,300.0,340.0,319.0,327.0,263.0,226.0,344.0,311.0,291.0,96.0,315.0,673.0,364.0,239.0,354.0,295.0,297.0,274.0,380.0,319.0,245.0,249.0,292.0,296.0,277.0,250.0,352.0,456.0,292.0,302.0,740.0,291.0,367.0,238.0,381.0,347.0,322.0,372.0,107.0,290.0,269.0,324.0,251.0,276.0,279.0,298.0,230.0,314.0,352.0,210.0,457.0,280.0,380.0,280.0,325.0,293.0,286.0,486.0,322.0,252.0,297.0,352.0,208.0,287.0,320.0,241.0,283.0,350.0,316.0,327.0,314.0,340.0,311.0,259.0,281.0,336.0,294.0,324.0,1143.0,383.0,341.0,265.0,98.0,315.0,307.0,318.0,338.0,313.0,326.0,336.0,377.0,334.0,288.0,336.0,320.0,339.0,327.0,269.0,247.0,399.0,311.0,254.0,343.0,364.0,391.0,248.0,271.0,245.0,340.0,310.0,359.0,329.0,358.0,363.0,320.0,386.0,321.0,305.0,330.0,326.0,338.0,202.0,250.0
1051,5.0,8.0,7.0,5.0,7.0,7.0,5.0,6.0,8.0,6.0,8.0,7.0,9.0,5.0,5.0,5.0,6.0,7.0,10.0,5.0,6.0,6.0,5.0,5.0,6.0,11.0,6.0,7.0,5.0,6.0,7.0,6.0,6.0,5.0,5.0,5.0,5.0,5.0,6.0,5.0,6.0,5.0,5.0,5.0,5.0,5.0,5.0,9.0,5.0,5.0,5.0,6.0,5.0,5.0,5.0,5.0,5.0,5.0,4.0,6.0,6.0,5.0,6.0,6.0,5.0,6.0,6.0,5.0,8.0,6.0,5.0,5.0,5.0,22.0,6.0,5.0,5.0,5.0,16.0,5.0,5.0,6.0,5.0,5.0,6.0,5.0,6.0,6.0,5.0,5.0,5.0,6.0,5.0,5.0,5.0,5.0,5.0,6.0,6.0,5.0,5.0,5.0,5.0,5.0,6.0,5.0,5.0,5.0,6.0,6.0,5.0,7.0,5.0,7.0,5.0,5.0,5.0,7.0,6.0,5.0,5.0,6.0,5.0,6.0,5.0,6.0,6.0,6.0
1052,5.0,285.0,319.0,114.0,253.0,331.0,45.0,100.0,116.0,156.0,226.0,181.0,24.0,61.0,17.0,85.0,21.0,304.0,166.0,20.0,45.0,233.0,19.0,381.0,269.0,122.0,60.0,347.0,359.0,5.0,34.0,124.0,21.0,122.0,436.0,449.0,20.0,331.0,33.0,200.0,75.0,65.0,88.0,89.0,140.0,47.0,341.0,56.0,99.0,67.0,204.0,102.0,509.0,388.0,15.0,58.0,6.0,92.0,183.0,157.0,54.0,576.0,139.0,83.0,320.0,75.0,95.0,9.0,69.0,14.0,192.0,10.0,494.0,323.0,19.0,59.0,48.0,89.0,8.0,84.0,140.0,18.0,55.0,121.0,508.0,29.0,15.0,32.0,45.0,22.0,69.0,442.0,13.0,21.0,383.0,71.0,432.0,98.0,75.0,22.0,246.0,23.0,25.0,170.0,392.0,271.0,246.0,403.0,127.0,82.0,182.0,79.0,8.0,21.0,101.0,35.0,222.0,24.0,12.0,36.0,9.0,168.0,84.0,510.0,232.0,22.0,99.0,618.0
1060,5.0,8.0,9.0,8.0,8.0,8.0,12.0,10.0,10.0,14.0,8.0,5.0,26.0,12.0,7.0,12.0,14.0,18.0,10.0,15.0,9.0,19.0,15.0,24.0,8.0,9.0,8.0,21.0,9.0,19.0,20.0,8.0,8.0,8.0,10.0,20.0,25.0,9.0,10.0,8.0,27.0,8.0,8.0,14.0,10.0,10.0,17.0,8.0,18.0,7.0,9.0,9.0,26.0,8.0,22.0,17.0,18.0,17.0,9.0,9.0,9.0,11.0,8.0,8.0,10.0,8.0,17.0,7.0,8.0,8.0,11.0,18.0,16.0,20.0,8.0,11.0,23.0,13.0,23.0,13.0,8.0,9.0,8.0,10.0,20.0,19.0,9.0,8.0,9.0,25.0,8.0,9.0,21.0,7.0,9.0,15.0,13.0,9.0,22.0,11.0,17.0,10.0,20.0,20.0,8.0,22.0,8.0,9.0,10.0,10.0,6.0,8.0,6.0,5.0,14.0,7.0,11.0,9.0,10.0,6.0,8.0,24.0,9.0,26.0,5.0,16.0,8.0,9.0
1067,57.0,89.0,83.0,8.0,187.0,12.0,12.0,20.0,9.0,14.0,18.0,6.0,8.0,186.0,144.0,66.0,106.0,112.0,8.0,15.0,49.0,8.0,8.0,14.0,15.0,65.0,92.0,82.0,13.0,8.0,13.0,125.0,151.0,79.0,214.0,90.0,7.0,453.0,86.0,81.0,9.0,107.0,52.0,134.0,82.0,129.0,10.0,57.0,460.0,269.0,82.0,6.0,6.0,128.0,20.0,91.0,145.0,62.0,8.0,23.0,14.0,9.0,133.0,107.0,11.0,131.0,150.0,23.0,19.0,173.0,7.0,72.0,7.0,79.0,118.0,16.0,117.0,5.0,15.0,69.0,93.0,110.0,127.0,69.0,440.0,8.0,163.0,129.0,91.0,18.0,55.0,140.0,119.0,98.0,36.0,8.0,14.0,12.0,20.0,6.0,173.0,141.0,88.0,84.0,69.0,117.0,97.0,10.0,38.0,72.0,313.0,78.0,7.0,170.0,17.0,13.0,264.0,144.0,171.0,94.0,12.0,140.0,115.0,10.0,6.0,157.0,150.0,79.0
1069,76.0,71.0,65.0,62.0,60.0,66.0,65.0,68.0,60.0,62.0,65.0,68.0,61.0,78.0,71.0,70.0,65.0,65.0,73.0,60.0,58.0,65.0,59.0,66.0,63.0,57.0,63.0,68.0,70.0,72.0,65.0,65.0,60.0,49.0,82.0,68.0,48.0,60.0,57.0,70.0,72.0,68.0,66.0,73.0,54.0,77.0,66.0,75.0,71.0,74.0,55.0,50.0,75.0,65.0,73.0,53.0,69.0,63.0,53.0,53.0,67.0,70.0,61.0,59.0,61.0,67.0,58.0,75.0,60.0,65.0,63.0,63.0,70.0,67.0,59.0,62.0,61.0,53.0,49.0,59.0,68.0,58.0,65.0,61.0,60.0,68.0,57.0,67.0,71.0,71.0,73.0,56.0,66.0,76.0,46.0,56.0,64.0,57.0,55.0,70.0,64.0,64.0,78.0,67.0,70.0,73.0,60.0,57.0,63.0,72.0,52.0,54.0,72.0,57.0,61.0,66.0,53.0,62.0,59.0,52.0,60.0,64.0,68.0,55.0,71.0,70.0,66.0,59.0
1070,8.0,7.0,9.0,8.0,8.0,8.0,5.0,9.0,8.0,8.0,9.0,7.0,8.0,7.0,7.0,7.0,8.0,6.0,8.0,9.0,8.0,9.0,136.0,8.0,9.0,8.0,7.0,8.0,8.0,8.0,8.0,7.0,8.0,6.0,8.0,8.0,8.0,10.0,9.0,8.0,8.0,7.0,8.0,7.0,7.0,8.0,8.0,8.0,5.0,7.0,6.0,8.0,8.0,8.0,8.0,7.0,8.0,9.0,10.0,8.0,7.0,8.0,9.0,8.0,5.0,7.0,11.0,8.0,7.0,6.0,8.0,6.0,7.0,9.0,6.0,6.0,9.0,8.0,8.0,8.0,8.0,9.0,8.0,6.0,7.0,7.0,8.0,8.0,8.0,7.0,5.0,7.0,9.0,6.0,9.0,8.0,8.0,6.0,8.0,7.0,8.0,8.0,9.0,9.0,8.0,9.0,8.0,8.0,8.0,9.0,6.0,5.0,9.0,9.0,8.0,8.0,8.0,5.0,9.0,5.0,7.0,8.0,6.0,9.0,9.0,9.0,8.0,8.0
1071,27.0,36.0,21.0,32.0,25.0,38.0,38.0,24.0,24.0,27.0,25.0,23.0,20.0,35.0,29.0,26.0,25.0,41.0,20.0,23.0,26.0,28.0,26.0,29.0,23.0,24.0,26.0,29.0,31.0,23.0,24.0,29.0,27.0,27.0,33.0,27.0,24.0,26.0,21.0,27.0,27.0,24.0,25.0,21.0,24.0,29.0,25.0,30.0,26.0,25.0,24.0,24.0,33.0,37.0,31.0,29.0,36.0,33.0,33.0,22.0,28.0,23.0,27.0,24.0,33.0,33.0,34.0,28.0,23.0,33.0,24.0,29.0,30.0,22.0,21.0,29.0,24.0,20.0,26.0,35.0,34.0,28.0,24.0,29.0,20.0,29.0,21.0,27.0,28.0,20.0,22.0,30.0,28.0,38.0,38.0,24.0,29.0,30.0,32.0,24.0,29.0,23.0,38.0,23.0,26.0,29.0,24.0,25.0,30.0,26.0,22.0,23.0,24.0,23.0,25.0,24.0,27.0,32.0,25.0,27.0,26.0,26.0,26.0,34.0,24.0,25.0,21.0,22.0
1075,26.0,25.0,24.0,26.0,27.0,23.0,24.0,24.0,22.0,26.0,25.0,27.0,24.0,24.0,24.0,26.0,23.0,25.0,24.0,24.0,21.0,23.0,24.0,24.0,22.0,24.0,23.0,23.0,23.0,26.0,25.0,25.0,24.0,22.0,25.0,23.0,24.0,26.0,24.0,22.0,23.0,26.0,27.0,23.0,23.0,23.0,24.0,22.0,25.0,24.0,24.0,24.0,24.0,25.0,24.0,25.0,23.0,24.0,23.0,23.0,24.0,24.0,23.0,24.0,23.0,25.0,23.0,25.0,24.0,25.0,23.0,23.0,25.0,26.0,23.0,23.0,23.0,22.0,23.0,23.0,24.0,23.0,24.0,25.0,23.0,24.0,24.0,21.0,24.0,25.0,26.0,23.0,23.0,23.0,24.0,26.0,24.0,27.0,22.0,24.0,23.0,24.0,23.0,23.0,23.0,24.0,25.0,26.0,24.0,23.0,24.0,23.0,25.0,25.0,25.0,27.0,22.0,24.0,25.0,25.0,26.0,22.0,23.0,24.0,24.0,25.0,26.0,23.0
1079,104.0,65.0,54.0,84.0,79.0,85.0,59.0,173.0,84.0,55.0,63.0,84.0,53.0,98.0,50.0,58.0,75.0,113.0,56.0,84.0,90.0,65.0,235.0,75.0,44.0,53.0,64.0,103.0,62.0,253.0,137.0,190.0,56.0,89.0,148.0,86.0,63.0,99.0,115.0,65.0,199.0,68.0,96.0,93.0,210.0,67.0,81.0,108.0,140.0,59.0,181.0,103.0,121.0,70.0,108.0,174.0,52.0,112.0,67.0,48.0,71.0,114.0,53.0,195.0,66.0,73.0,65.0,71.0,94.0,57.0,89.0,116.0,89.0,63.0,98.0,62.0,120.0,127.0,57.0,210.0,197.0,76.0,65.0,129.0,108.0,59.0,55.0,82.0,100.0,68.0,86.0,126.0,54.0,81.0,151.0,64.0,177.0,73.0,203.0,83.0,145.0,113.0,192.0,51.0,124.0,133.0,61.0,59.0,196.0,61.0,76.0,194.0,66.0,112.0,262.0,75.0,61.0,100.0,204.0,59.0,140.0,59.0,78.0,207.0,119.0,104.0,201.0,202.0
1083,288.0,369.0,87.0,319.0,313.0,527.0,334.0,321.0,285.0,82.0,326.0,308.0,225.0,350.0,385.0,331.0,91.0,348.0,236.0,331.0,295.0,423.0,253.0,318.0,345.0,399.0,288.0,508.0,131.0,591.0,457.0,283.0,818.0,357.0,259.0,104.0,296.0,276.0,281.0,395.0,539.0,272.0,310.0,442.0,370.0,301.0,565.0,556.0,411.0,376.0,244.0,338.0,358.0,289.0,333.0,525.0,601.0,88.0,323.0,16.0,294.0,332.0,788.0,427.0,295.0,503.0,730.0,422.0,434.0,248.0,298.0,408.0,857.0,269.0,327.0,378.0,283.0,309.0,532.0,288.0,274.0,303.0,326.0,74.0,365.0,231.0,437.0,106.0,544.0,295.0,84.0,303.0,260.0,322.0,283.0,325.0,295.0,506.0,92.0,313.0,263.0,293.0,90.0,84.0,391.0,628.0,101.0,318.0,365.0,332.0,87.0,290.0,309.0,219.0,474.0,754.0,320.0,481.0,247.0,318.0,385.0,391.0,324.0,15.0,348.0,339.0,602.0,301.0
1086,6.0,6.0,6.0,6.0,6.0,6.0,5.0,6.0,6.0,6.0,6.0,6.0,5.0,6.0,6.0,6.0,6.0,6.0,6.0,6.0,6.0,6.0,6.0,6.0,6.0,6.0,6.0,6.0,6.0,6.0,6.0,6.0,6.0,6.0,6.0,6.0,6.0,6.0,6.0,6.0,6.0,5.0,5.0,6.0,6.0,6.0,6.0,6.0,6.0,6.0,6.0,6.0,6.0,5.0,6.0,6.0,6.0,6.0,6.0,6.0,6.0,6.0,5.0,6.0,6.0,6.0,6.0,6.0,6.0,5.0,6.0,6.0,6.0,6.0,6.0,6.0,6.0,5.0,6.0,6.0,6.0,6.0,6.0,6.0,6.0,6.0,6.0,6.0,6.0,6.0,6.0,6.0,6.0,6.0,6.0,6.0,6.0,6.0,6.0,6.0,6.0,6.0,6.0,6.0,6.0,6.0,6.0,6.0,6.0,6.0,6.0,6.0,6.0,6.0,6.0,6.0,5.0,5.0,6.0,6.0,6.0,6.0,5.0,6.0,6.0,5.0,6.0,6.0
1091,5.0,8.0,24.0,8.0,12.0,14.0,8.0,41.0,40.0,5.0,5.0,14.0,5.0,17.0,9.0,5.0,6.0,20.0,10.0,5.0,14.0,5.0,11.0,16.0,73.0,9.0,8.0,10.0,9.0,16.0,10.0,10.0,12.0,9.0,19.0,5.0,11.0,129.0,11.0,10.0,20.0,13.0,7.0,164.0,11.0,7.0,123.0,22.0,7.0,8.0,13.0,10.0,7.0,9.0,64.0,6.0,5.0,16.0,12.0,9.0,5.0,15.0,88.0,10.0,18.0,46.0,8.0,16.0,5.0,5.0,45.0,10.0,6.0,10.0,6.0,7.0,13.0,7.0,5.0,16.0,13.0,6.0,5.0,10.0,19.0,12.0,148.0,5.0,12.0,14.0,8.0,8.0,7.0,10.0,10.0,9.0,8.0,17.0,6.0,21.0,14.0,6.0,9.0,9.0,11.0,87.0,14.0,96.0,55.0,7.0,11.0,14.0,6.0,8.0,8.0,8.0,8.0,56.0,236.0,13.0,54.0,7.0,10.0,6.0,96.0,54.0,5.0,18.0
1093,7.0,5.0,5.0,5.0,5.0,5.0,5.0,7.0,5.0,5.0,5.0,5.0,6.0,5.0,5.0,5.0,5.0,5.0,5.0,5.0,5.0,5.0,5.0,5.0,5.0,5.0,5.0,6.0,6.0,5.0,5.0,5.0,7.0,7.0,5.0,7.0,8.0,7.0,5.0,5.0,5.0,5.0,5.0,5.0,5.0,6.0,5.0,5.0,5.0,5.0,5.0,7.0,5.0,5.0,5.0,5.0,5.0,5.0,7.0,5.0,5.0,5.0,5.0,5.0,5.0,7.0,7.0,5.0,5.0,5.0,5.0,5.0,5.0,5.0,5.0,5.0,5.0,5.0,5.0,5.0,5.0,5.0,5.0,5.0,5.0,5.0,5.0,5.0,5.0,5.0,5.0,5.0,5.0,5.0,5.0,5.0,7.0,5.0,7.0,5.0,5.0,5.0,5.0,5.0,7.0,7.0,5.0,5.0,5.0,5.0,5.0,7.0,5.0,5.0,5.0,5.0,5.0,5.0,5.0,5.0,5.0,6.0,5.0,7.0,5.0,5.0,5.0,5.0
1103,80.0,74.0,782.0,114.0,738.0,43.0,48.0,602.0,662.0,738.0,99.0,687.0,20.0,21.0,639.0,705.0,85.0,629.0,678.0,72.0,638.0,549.0,22.0,533.0,80.0,20.0,21.0,109.0,748.0,787.0,17.0,52.0,476.0,7.0,801.0,60.0,5.0,37.0,42.0,485.0,4.0,27.0,718.0,710.0,579.0,808.0,22.0,776.0,267.0,43.0,16.0,22.0,668.0,30.0,112.0,10.0,24.0,562.0,9.0,79.0,69.0,10.0,18.0,86.0,18.0,35.0,18.0,82.0,60.0,282.0,291.0,22.0,87.0,21.0,21.0,710.0,73.0,852.0,588.0,26.0,60.0,22.0,64.0,643.0,29.0,5.0,661.0,94.0,860.0,841.0,622.0,90.0,707.0,108.0,8.0,55.0,75.0,72.0,818.0,60.0,23.0,161.0,858.0,22.0,75.0,212.0,9.0,53.0,774.0,14.0,76.0,649.0,734.0,23.0,59.0,23.0,18.0,88.0,658.0,21.0,553.0,699.0,8.0,81.0,100.0,845.0,71.0,412.0
1115,2.0,1273.0,1285.0,2.0,1324.0,1306.0,1328.0,2.0,1284.0,1233.0,2.0,1301.0,2.0,1375.0,2.0,2.0,2.0,1335.0,2.0,2.0,1323.0,1355.0,1305.0,1356.0,2.0,1342.0,1304.0,2.0,2.0,3.0,1316.0,2.0,2.0,2.0,2.0,1347.0,2.0,1358.0,1328.0,1337.0,1278.0,2.0,1308.0,88.0,2.0,1353.0,1319.0,2.0,1326.0,2.0,1310.0,2.0,1331.0,2.0,1379.0,1311.0,1397.0,2.0,1306.0,1336.0,2.0,1342.0,1341.0,1377.0,1373.0,3.0,1398.0,1376.0,2.0,1352.0,1318.0,2.0,3.0,2.0,2.0,2.0,2.0,2.0,1315.0,2.0,1337.0,2.0,2.0,1311.0,1319.0,1331.0,1314.0,2.0,2.0,2.0,1293.0,2.0,1300.0,1311.0,1371.0,2.0,2.0,1271.0,1359.0,1304.0,1319.0,2.0,1386.0,1336.0,1345.0,1290.0,1379.0,1344.0,1395.0,1426.0,1308.0,1329.0,2.0,1377.0,2.0,1349.0,1335.0,1341.0,1415.0,2.0,943.0,1326.0,2.0,2.0,2.0,2.0,1310.0,1314.0
1119,494.0,503.0,16.0,18.0,9.0,577.0,13.0,677.0,528.0,16.0,753.0,12.0,15.0,541.0,617.0,619.0,897.0,779.0,532.0,13.0,18.0,547.0,584.0,557.0,532.0,12.0,622.0,525.0,582.0,565.0,613.0,621.0,503.0,12.0,830.0,607.0,9.0,560.0,661.0,19.0,22.0,509.0,535.0,784.0,12.0,18.0,575.0,13.0,439.0,562.0,16.0,603.0,17.0,555.0,877.0,603.0,590.0,655.0,804.0,521.0,8.0,588.0,566.0,561.0,12.0,18.0,18.0,510.0,608.0,859.0,18.0,564.0,553.0,577.0,550.0,543.0,13.0,565.0,816.0,754.0,532.0,575.0,538.0,624.0,540.0,571.0,526.0,565.0,652.0,515.0,465.0,740.0,516.0,13.0,746.0,762.0,539.0,659.0,575.0,621.0,541.0,557.0,542.0,526.0,21.0,517.0,572.0,19.0,9.0,535.0,503.0,18.0,519.0,535.0,669.0,634.0,572.0,588.0,553.0,560.0,479.0,522.0,16.0,977.0,497.0,672.0,790.0,15.0
1122,7.0,9.0,5.0,173.0,72.0,12.0,5.0,16.0,6.0,6.0,16.0,5.0,7.0,8.0,84.0,15.0,6.0,5.0,13.0,14.0,7.0,74.0,7.0,7.0,36.0,5.0,12.0,5.0,25.0,8.0,6.0,9.0,7.0,81.0,48.0,8.0,19.0,13.0,11.0,10.0,18.0,12.0,54.0,67.0,84.0,16.0,41.0,12.0,6.0,7.0,9.0,7.0,58.0,6.0,16.0,6.0,69.0,12.0,6.0,9.0,8.0,5.0,81.0,8.0,127.0,7.0,10.0,5.0,6.0,13.0,68.0,46.0,9.0,46.0,7.0,5.0,160.0,28.0,92.0,10.0,7.0,51.0,9.0,25.0,67.0,10.0,10.0,420.0,43.0,9.0,8.0,64.0,11.0,15.0,6.0,7.0,8.0,20.0,5.0,14.0,6.0,6.0,5.0,6.0,54.0,68.0,43.0,6.0,12.0,94.0,11.0,15.0,6.0,6.0,11.0,5.0,5.0,66.0,8.0,154.0,43.0,9.0,13.0,10.0,102.0,8.0,9.0,105.0
1133,88.0,21.0,5.0,92.0,424.0,196.0,116.0,16.0,92.0,5.0,5.0,5.0,11.0,13.0,5.0,5.0,5.0,131.0,105.0,5.0,5.0,78.0,5.0,77.0,103.0,64.0,16.0,5.0,5.0,5.0,85.0,25.0,5.0,177.0,22.0,5.0,92.0,116.0,74.0,91.0,6.0,12.0,87.0,123.0,12.0,5.0,5.0,5.0,77.0,5.0,5.0,102.0,9.0,5.0,153.0,5.0,5.0,83.0,108.0,21.0,5.0,5.0,5.0,16.0,5.0,9.0,62.0,5.0,5.0,99.0,61.0,12.0,4.0,59.0,566.0,5.0,123.0,5.0,165.0,13.0,89.0,139.0,95.0,18.0,5.0,108.0,5.0,89.0,101.0,102.0,88.0,85.0,5.0,5.0,83.0,5.0,97.0,5.0,5.0,5.0,5.0,5.0,5.0,89.0,13.0,122.0,149.0,125.0,5.0,89.0,5.0,5.0,73.0,91.0,84.0,23.0,5.0,88.0,18.0,15.0,5.0,13.0,79.0,85.0,13.0,5.0,5.0,8.0
1139,13.0,14.0,15.0,15.0,13.0,13.0,14.0,14.0,15.0,14.0,13.0,13.0,14.0,13.0,14.0,15.0,13.0,14.0,13.0,13.0,13.0,13.0,15.0,14.0,13.0,15.0,14.0,13.0,13.0,13.0,14.0,13.0,14.0,14.0,14.0,14.0,14.0,14.0,13.0,13.0,13.0,13.0,14.0,14.0,15.0,15.0,14.0,13.0,13.0,13.0,14.0,13.0,13.0,13.0,14.0,14.0,13.0,13.0,15.0,13.0,14.0,14.0,14.0,14.0,14.0,13.0,13.0,14.0,14.0,13.0,15.0,13.0,14.0,13.0,13.0,13.0,13.0,13.0,13.0,15.0,14.0,13.0,13.0,14.0,15.0,14.0,14.0,13.0,14.0,15.0,13.0,13.0,14.0,14.0,15.0,13.0,13.0,14.0,14.0,13.0,13.0,13.0,13.0,13.0,14.0,14.0,13.0,13.0,14.0,13.0,15.0,13.0,13.0,13.0,13.0,13.0,14.0,13.0,13.0,14.0,13.0,13.0,14.0,13.0,13.0,13.0,13.0,14.0
1145,10.0,10.0,11.0,10.0,9.0,9.0,9.0,9.0,9.0,10.0,10.0,9.0,9.0,9.0,9.0,9.0,10.0,10.0,10.0,10.0,9.0,12.0,10.0,9.0,9.0,10.0,13.0,9.0,11.0,10.0,10.0,9.0,10.0,11.0,9.0,10.0,10.0,9.0,10.0,9.0,9.0,9.0,9.0,10.0,9.0,10.0,10.0,9.0,11.0,9.0,9.0,10.0,10.0,11.0,9.0,12.0,10.0,10.0,9.0,9.0,9.0,9.0,10.0,9.0,10.0,10.0,9.0,9.0,10.0,9.0,9.0,9.0,9.0,9.0,10.0,9.0,10.0,10.0,10.0,10.0,10.0,12.0,9.0,8.0,10.0,9.0,8.0,9.0,10.0,10.0,11.0,9.0,10.0,9.0,10.0,9.0,8.0,10.0,10.0,9.0,10.0,10.0,9.0,11.0,9.0,11.0,9.0,10.0,9.0,10.0,11.0,10.0,10.0,8.0,10.0,9.0,10.0,9.0,10.0,10.0,10.0,10.0,10.0,9.0,9.0,11.0,10.0,9.0
1147,306.0,220.0,86.0,35.0,46.0,85.0,403.0,34.0,97.0,48.0,92.0,90.0,102.0,199.0,142.0,341.0,37.0,101.0,426.0,176.0,139.0,117.0,121.0,92.0,70.0,122.0,88.0,48.0,32.0,183.0,100.0,266.0,85.0,100.0,326.0,90.0,90.0,114.0,242.0,17.0,97.0,18.0,31.0,187.0,161.0,43.0,50.0,107.0,39.0,108.0,71.0,174.0,293.0,40.0,215.0,85.0,207.0,152.0,148.0,44.0,14.0,67.0,124.0,413.0,20.0,335.0,38.0,106.0,44.0,20.0,52.0,68.0,169.0,50.0,139.0,106.0,226.0,20.0,76.0,31.0,93.0,461.0,45.0,139.0,14.0,104.0,91.0,85.0,263.0,189.0,325.0,120.0,107.0,102.0,31.0,426.0,30.0,15.0,119.0,49.0,101.0,23.0,80.0,106.0,149.0,73.0,210.0,401.0,85.0,44.0,49.0,83.0,75.0,38.0,39.0,32.0,73.0,45.0,46.0,289.0,211.0,46.0,95.0,50.0,155.0,97.0,437.0,126.0
1150,9.0,15.0,9.0,5.0,13.0,6.0,15.0,485.0,13.0,260.0,8.0,6.0,5.0,13.0,25.0,6.0,373.0,5.0,5.0,5.0,25.0,6.0,456.0,16.0,5.0,5.0,10.0,602.0,9.0,12.0,5.0,173.0,6.0,22.0,13.0,11.0,10.0,19.0,7.0,8.0,195.0,502.0,6.0,5.0,5.0,7.0,5.0,7.0,8.0,9.0,511.0,9.0,5.0,10.0,8.0,7.0,7.0,704.0,8.0,701.0,7.0,6.0,593.0,10.0,7.0,6.0,13.0,5.0,6.0,13.0,580.0,9.0,683.0,10.0,439.0,6.0,9.0,50.0,16.0,14.0,14.0,6.0,13.0,476.0,13.0,7.0,7.0,5.0,9.0,9.0,10.0,5.0,5.0,6.0,728.0,14.0,8.0,418.0,922.0,11.0,9.0,12.0,7.0,7.0,10.0,5.0,6.0,5.0,628.0,558.0,7.0,11.0,5.0,8.0,632.0,11.0,6.0,13.0,7.0,5.0,12.0,6.0,7.0,10.0,9.0,5.0,447.0,5.0
1154,22.0,11.0,12.0,15.0,15.0,15.0,17.0,10.0,13.0,17.0,15.0,11.0,16.0,14.0,14.0,22.0,17.0,13.0,14.0,14.0,18.0,10.0,15.0,25.0,15.0,13.0,14.0,17.0,14.0,18.0,16.0,13.0,12.0,15.0,14.0,22.0,20.0,12.0,10.0,15.0,11.0,15.0,12.0,15.0,15.0,17.0,15.0,15.0,16.0,21.0,12.0,8.0,22.0,14.0,13.0,19.0,16.0,13.0,20.0,15.0,14.0,13.0,15.0,15.0,15.0,28.0,11.0,15.0,16.0,15.0,11.0,11.0,11.0,17.0,13.0,15.0,15.0,15.0,16.0,11.0,12.0,10.0,15.0,16.0,19.0,16.0,1013.0,12.0,16.0,16.0,14.0,14.0,706.0,11.0,13.0,17.0,14.0,13.0,11.0,599.0,13.0,16.0,14.0,15.0,16.0,14.0,15.0,14.0,12.0,11.0,8.0,15.0,610.0,14.0,14.0,15.0,11.0,13.0,13.0,17.0,17.0,17.0,19.0,15.0,26.0,15.0,11.0,14.0
1157,14.0,13.0,13.0,13.0,13.0,13.0,13.0,13.0,14.0,13.0,14.0,14.0,13.0,13.0,14.0,13.0,14.0,14.0,13.0,13.0,13.0,13.0,13.0,13.0,14.0,13.0,13.0,13.0,13.0,13.0,13.0,13.0,13.0,13.0,13.0,13.0,14.0,13.0,13.0,13.0,13.0,13.0,14.0,13.0,13.0,13.0,13.0,13.0,14.0,14.0,13.0,14.0,14.0,14.0,13.0,13.0,14.0,13.0,13.0,13.0,13.0,13.0,13.0,14.0,13.0,13.0,14.0,13.0,13.0,13.0,13.0,13.0,13.0,13.0,13.0,13.0,13.0,13.0,14.0,14.0,14.0,13.0,13.0,13.0,14.0,13.0,13.0,13.0,13.0,13.0,14.0,13.0,14.0,13.0,13.0,13.0,13.0,13.0,13.0,13.0,14.0,13.0,13.0,13.0,14.0,14.0,13.0,14.0,13.0,13.0,14.0,14.0,13.0,13.0,14.0,14.0,14.0,13.0,13.0,14.0,14.0,13.0,13.0,13.0,14.0,14.0,13.0,13.0
1164,976.0,1034.0,72.0,95.0,900.0,123.0,57.0,44.0,71.0,81.0,839.0,522.0,69.0,92.0,75.0,53.0,97.0,503.0,89.0,71.0,146.0,100.0,98.0,106.0,102.0,74.0,152.0,123.0,92.0,535.0,570.0,98.0,388.0,129.0,88.0,452.0,154.0,81.0,515.0,101.0,963.0,833.0,369.0,96.0,461.0,515.0,78.0,127.0,393.0,88.0,95.0,567.0,95.0,273.0,83.0,81.0,72.0,111.0,110.0,468.0,996.0,439.0,57.0,85.0,79.0,88.0,96.0,278.0,581.0,454.0,56.0,71.0,25.0,894.0,55.0,54.0,98.0,540.0,527.0,81.0,97.0,284.0,87.0,110.0,121.0,554.0,392.0,69.0,80.0,91.0,86.0,114.0,89.0,473.0,73.0,598.0,91.0,79.0,519.0,90.0,96.0,88.0,108.0,113.0,116.0,580.0,95.0,127.0,1058.0,573.0,97.0,908.0,762.0,429.0,103.0,313.0,86.0,992.0,58.0,451.0,470.0,1064.0,528.0,114.0,126.0,80.0,136.0,61.0
1165,37.0,6.0,20.0,10.0,40.0,15.0,27.0,11.0,39.0,39.0,10.0,39.0,30.0,15.0,5.0,5.0,20.0,48.0,46.0,15.0,25.0,35.0,7.0,6.0,25.0,84.0,45.0,40.0,14.0,54.0,10.0,6.0,16.0,38.0,59.0,64.0,14.0,16.0,49.0,19.0,40.0,40.0,74.0,5.0,72.0,4.0,31.0,35.0,20.0,66.0,28.0,10.0,72.0,14.0,30.0,48.0,13.0,10.0,5.0,13.0,68.0,39.0,5.0,73.0,59.0,38.0,7.0,59.0,14.0,4.0,66.0,48.0,45.0,16.0,18.0,39.0,71.0,28.0,5.0,13.0,23.0,6.0,5.0,6.0,5.0,6.0,60.0,33.0,58.0,21.0,11.0,17.0,11.0,6.0,14.0,5.0,70.0,5.0,52.0,49.0,80.0,26.0,14.0,10.0,25.0,5.0,35.0,16.0,5.0,19.0,57.0,42.0,6.0,71.0,11.0,35.0,36.0,6.0,7.0,13.0,11.0,13.0,11.0,40.0,11.0,50.0,5.0,11.0
1191,7.0,7.0,7.0,7.0,7.0,7.0,7.0,7.0,7.0,7.0,7.0,7.0,7.0,7.0,7.0,7.0,7.0,7.0,7.0,7.0,7.0,7.0,7.0,7.0,7.0,7.0,7.0,7.0,7.0,7.0,7.0,7.0,7.0,7.0,7.0,7.0,7.0,7.0,7.0,7.0,7.0,7.0,7.0,7.0,7.0,7.0,7.0,7.0,7.0,7.0,7.0,7.0,7.0,7.0,7.0,7.0,7.0,7.0,7.0,7.0,7.0,7.0,7.0,7.0,7.0,7.0,7.0,7.0,7.0,7.0,7.0,7.0,7.0,7.0,7.0,7.0,7.0,7.0,7.0,7.0,7.0,7.0,7.0,7.0,7.0,7.0,7.0,7.0,7.0,7.0,7.0,7.0,7.0,7.0,7.0,7.0,7.0,7.0,7.0,7.0,7.0,7.0,7.0,7.0,7.0,7.0,7.0,7.0,7.0,7.0,7.0,7.0,7.0,7.0,7.0,7.0,7.0,7.0,7.0,7.0,7.0,7.0,7.0,7.0,7.0,7.0,7.0,7.0
1197,14.0,13.0,13.0,13.0,13.0,13.0,13.0,13.0,14.0,13.0,14.0,14.0,13.0,13.0,14.0,13.0,14.0,14.0,13.0,13.0,13.0,13.0,13.0,13.0,14.0,13.0,14.0,13.0,13.0,13.0,13.0,13.0,13.0,13.0,13.0,13.0,14.0,13.0,13.0,13.0,13.0,13.0,14.0,13.0,13.0,13.0,13.0,13.0,14.0,14.0,13.0,14.0,14.0,14.0,14.0,13.0,14.0,13.0,13.0,13.0,13.0,13.0,13.0,14.0,13.0,13.0,14.0,13.0,13.0,13.0,13.0,13.0,13.0,13.0,13.0,13.0,13.0,14.0,14.0,14.0,14.0,13.0,13.0,13.0,14.0,13.0,13.0,13.0,13.0,13.0,14.0,13.0,14.0,13.0,13.0,13.0,13.0,13.0,13.0,14.0,14.0,13.0,13.0,13.0,14.0,14.0,13.0,14.0,13.0,13.0,14.0,14.0,13.0,13.0,14.0,14.0,14.0,13.0,13.0,14.0,14.0,13.0,13.0,13.0,14.0,14.0,14.0,13.0
1200,66.0,194.0,167.0,182.0,56.0,197.0,63.0,158.0,176.0,169.0,190.0,193.0,63.0,170.0,86.0,194.0,50.0,162.0,198.0,194.0,48.0,192.0,169.0,183.0,84.0,176.0,75.0,103.0,159.0,69.0,182.0,192.0,68.0,73.0,192.0,86.0,201.0,163.0,159.0,194.0,159.0,61.0,175.0,180.0,192.0,199.0,198.0,156.0,170.0,157.0,185.0,64.0,165.0,167.0,193.0,65.0,93.0,175.0,180.0,153.0,199.0,179.0,142.0,195.0,191.0,99.0,200.0,179.0,191.0,174.0,171.0,67.0,187.0,174.0,172.0,69.0,63.0,178.0,87.0,87.0,170.0,177.0,58.0,55.0,37.0,68.0,67.0,200.0,77.0,203.0,182.0,169.0,57.0,189.0,180.0,53.0,177.0,153.0,158.0,168.0,204.0,54.0,170.0,182.0,57.0,61.0,57.0,103.0,200.0,194.0,171.0,183.0,91.0,68.0,190.0,175.0,168.0,182.0,187.0,156.0,197.0,154.0,65.0,181.0,151.0,152.0,172.0,79.0
1204,24.0,25.0,28.0,10.0,20.0,23.0,17.0,18.0,27.0,36.0,26.0,22.0,17.0,23.0,28.0,25.0,24.0,22.0,27.0,21.0,26.0,16.0,21.0,18.0,23.0,12.0,27.0,20.0,26.0,21.0,28.0,25.0,20.0,20.0,10.0,20.0,24.0,26.0,21.0,17.0,31.0,17.0,24.0,27.0,27.0,20.0,25.0,25.0,19.0,26.0,28.0,27.0,26.0,19.0,12.0,30.0,29.0,33.0,22.0,24.0,22.0,22.0,11.0,24.0,18.0,29.0,30.0,27.0,18.0,27.0,22.0,21.0,22.0,19.0,10.0,27.0,23.0,18.0,25.0,23.0,21.0,21.0,18.0,22.0,18.0,29.0,16.0,24.0,30.0,20.0,33.0,15.0,22.0,14.0,21.0,22.0,22.0,31.0,27.0,26.0,19.0,19.0,33.0,21.0,20.0,31.0,19.0,10.0,26.0,34.0,26.0,36.0,25.0,23.0,17.0,23.0,31.0,16.0,16.0,17.0,14.0,29.0,32.0,23.0,22.0,16.0,15.0,12.0
1207,7.0,6.0,7.0,7.0,7.0,7.0,7.0,7.0,7.0,6.0,7.0,6.0,6.0,7.0,6.0,6.0,7.0,6.0,7.0,7.0,7.0,7.0,7.0,6.0,6.0,6.0,6.0,7.0,7.0,6.0,7.0,8.0,7.0,7.0,7.0,7.0,7.0,7.0,7.0,6.0,6.0,7.0,7.0,6.0,7.0,7.0,7.0,7.0,6.0,7.0,7.0,6.0,6.0,7.0,6.0,6.0,7.0,7.0,7.0,6.0,7.0,7.0,7.0,6.0,7.0,7.0,7.0,7.0,7.0,7.0,7.0,7.0,6.0,6.0,7.0,7.0,7.0,7.0,7.0,7.0,7.0,8.0,8.0,7.0,7.0,7.0,8.0,7.0,7.0,7.0,7.0,7.0,7.0,7.0,7.0,7.0,7.0,7.0,7.0,7.0,7.0,7.0,7.0,7.0,6.0,7.0,7.0,7.0,7.0,7.0,7.0,7.0,7.0,6.0,6.0,6.0,7.0,7.0,7.0,6.0,6.0,7.0,6.0,7.0,7.0,7.0,7.0,7.0
1211,977.0,113.0,64.0,112.0,1049.0,649.0,87.0,58.0,115.0,47.0,101.0,105.0,66.0,97.0,661.0,70.0,109.0,488.0,537.0,109.0,102.0,87.0,94.0,571.0,90.0,110.0,133.0,106.0,89.0,543.0,109.0,116.0,582.0,611.0,244.0,473.0,106.0,88.0,487.0,541.0,130.0,710.0,497.0,103.0,534.0,559.0,96.0,197.0,1034.0,100.0,82.0,656.0,104.0,108.0,109.0,108.0,85.0,409.0,129.0,598.0,134.0,453.0,88.0,95.0,99.0,117.0,99.0,492.0,98.0,103.0,121.0,77.0,70.0,49.0,103.0,773.0,107.0,112.0,549.0,117.0,97.0,509.0,72.0,102.0,119.0,609.0,380.0,73.0,95.0,670.0,111.0,98.0,93.0,98.0,107.0,564.0,112.0,113.0,88.0,102.0,101.0,89.0,110.0,149.0,100.0,91.0,101.0,775.0,95.0,649.0,109.0,611.0,663.0,398.0,64.0,336.0,118.0,532.0,97.0,440.0,495.0,96.0,85.0,110.0,557.0,105.0,106.0,111.0
1218,128.0,108.0,25.0,94.0,149.0,24.0,111.0,21.0,28.0,1035.0,32.0,29.0,19.0,22.0,12.0,22.0,26.0,30.0,24.0,26.0,28.0,18.0,18.0,19.0,28.0,29.0,24.0,24.0,21.0,88.0,110.0,130.0,26.0,20.0,22.0,25.0,112.0,21.0,25.0,22.0,19.0,27.0,23.0,24.0,114.0,109.0,20.0,23.0,29.0,34.0,14.0,15.0,21.0,12.0,24.0,29.0,94.0,15.0,103.0,26.0,17.0,18.0,18.0,21.0,19.0,25.0,89.0,18.0,33.0,25.0,22.0,21.0,13.0,31.0,23.0,15.0,28.0,17.0,23.0,28.0,31.0,31.0,16.0,17.0,24.0,112.0,30.0,20.0,84.0,22.0,23.0,26.0,880.0,10.0,22.0,27.0,19.0,102.0,26.0,24.0,25.0,104.0,17.0,24.0,100.0,101.0,14.0,124.0,21.0,20.0,21.0,18.0,98.0,28.0,10.0,29.0,26.0,18.0,16.0,24.0,120.0,28.0,23.0,13.0,114.0,25.0,21.0,33.0
1240,6.0,6.0,6.0,7.0,6.0,6.0,6.0,6.0,6.0,6.0,6.0,7.0,6.0,6.0,6.0,6.0,7.0,5.0,6.0,6.0,5.0,6.0,5.0,6.0,6.0,6.0,5.0,6.0,6.0,6.0,6.0,6.0,7.0,6.0,6.0,6.0,6.0,7.0,6.0,6.0,6.0,6.0,6.0,6.0,6.0,5.0,7.0,5.0,6.0,6.0,5.0,6.0,6.0,6.0,5.0,6.0,6.0,5.0,6.0,6.0,7.0,6.0,6.0,5.0,6.0,7.0,6.0,6.0,7.0,5.0,5.0,5.0,5.0,5.0,6.0,7.0,7.0,6.0,6.0,6.0,6.0,5.0,7.0,5.0,6.0,5.0,5.0,6.0,5.0,6.0,7.0,7.0,5.0,6.0,5.0,6.0,6.0,5.0,7.0,6.0,7.0,6.0,6.0,776.0,7.0,6.0,7.0,6.0,6.0,6.0,6.0,6.0,6.0,6.0,6.0,6.0,138.0,5.0,6.0,5.0,6.0,6.0,5.0,5.0,5.0,7.0,5.0,6.0
1244,17.0,17.0,15.0,17.0,17.0,16.0,17.0,17.0,17.0,17.0,17.0,17.0,17.0,16.0,16.0,17.0,17.0,17.0,17.0,17.0,16.0,17.0,17.0,17.0,16.0,17.0,17.0,17.0,17.0,16.0,17.0,17.0,17.0,17.0,16.0,17.0,17.0,16.0,17.0,16.0,16.0,17.0,17.0,16.0,16.0,17.0,16.0,17.0,16.0,17.0,17.0,17.0,15.0,16.0,17.0,17.0,16.0,17.0,17.0,15.0,16.0,17.0,16.0,17.0,17.0,16.0,17.0,17.0,17.0,16.0,17.0,17.0,17.0,16.0,16.0,17.0,16.0,16.0,17.0,16.0,17.0,17.0,17.0,16.0,17.0,17.0,17.0,17.0,17.0,17.0,16.0,17.0,16.0,17.0,17.0,16.0,16.0,17.0,16.0,16.0,17.0,16.0,17.0,17.0,17.0,17.0,17.0,17.0,16.0,17.0,17.0,16.0,16.0,17.0,16.0,17.0,17.0,16.0,16.0,16.0,16.0,17.0,17.0,17.0,16.0,17.0,16.0,16.0
1246,20.0,44.0,37.0,25.0,32.0,34.0,27.0,41.0,23.0,29.0,31.0,26.0,24.0,22.0,21.0,33.0,28.0,40.0,28.0,32.0,28.0,34.0,31.0,36.0,29.0,36.0,25.0,30.0,26.0,35.0,34.0,28.0,33.0,27.0,34.0,42.0,25.0,38.0,35.0,22.0,30.0,35.0,37.0,44.0,26.0,31.0,22.0,32.0,30.0,45.0,30.0,29.0,23.0,35.0,28.0,32.0,29.0,41.0,25.0,33.0,33.0,24.0,28.0,22.0,33.0,41.0,36.0,26.0,25.0,20.0,28.0,20.0,39.0,35.0,32.0,30.0,28.0,25.0,31.0,27.0,37.0,31.0,33.0,20.0,34.0,39.0,40.0,25.0,27.0,42.0,42.0,36.0,45.0,33.0,32.0,32.0,33.0,26.0,30.0,34.0,21.0,21.0,30.0,39.0,31.0,37.0,28.0,31.0,43.0,26.0,29.0,28.0,26.0,33.0,36.0,26.0,28.0,23.0,39.0,29.0,26.0,39.0,58.0,26.0,32.0,31.0,28.0,35.0
1266,46.0,1034.0,460.0,67.0,217.0,248.0,44.0,78.0,263.0,203.0,163.0,250.0,56.0,169.0,293.0,385.0,514.0,222.0,230.0,382.0,58.0,197.0,195.0,51.0,93.0,223.0,262.0,278.0,500.0,233.0,50.0,266.0,907.0,183.0,145.0,81.0,396.0,36.0,240.0,96.0,54.0,503.0,399.0,386.0,39.0,948.0,265.0,53.0,203.0,177.0,363.0,237.0,73.0,195.0,475.0,44.0,214.0,33.0,969.0,44.0,720.0,372.0,51.0,37.0,176.0,918.0,412.0,239.0,86.0,198.0,476.0,256.0,63.0,277.0,81.0,33.0,41.0,187.0,186.0,230.0,751.0,201.0,257.0,488.0,177.0,51.0,209.0,49.0,60.0,218.0,207.0,56.0,238.0,216.0,58.0,229.0,79.0,255.0,178.0,58.0,189.0,217.0,354.0,81.0,359.0,57.0,51.0,337.0,54.0,57.0,258.0,54.0,59.0,492.0,237.0,41.0,255.0,234.0,499.0,70.0,192.0,232.0,625.0,73.0,277.0,238.0,45.0,442.0
1270,54.0,32.0,56.0,42.0,31.0,48.0,39.0,39.0,55.0,49.0,31.0,37.0,44.0,68.0,40.0,41.0,30.0,49.0,47.0,48.0,51.0,41.0,41.0,72.0,37.0,49.0,39.0,21.0,45.0,42.0,42.0,50.0,48.0,37.0,33.0,67.0,59.0,51.0,45.0,41.0,45.0,40.0,49.0,48.0,33.0,39.0,46.0,45.0,43.0,53.0,52.0,53.0,29.0,48.0,55.0,49.0,54.0,39.0,37.0,45.0,49.0,37.0,46.0,39.0,53.0,43.0,51.0,40.0,45.0,37.0,55.0,40.0,37.0,52.0,71.0,28.0,55.0,46.0,50.0,51.0,48.0,38.0,41.0,40.0,35.0,43.0,39.0,39.0,50.0,34.0,58.0,49.0,43.0,46.0,52.0,39.0,49.0,51.0,36.0,37.0,44.0,56.0,56.0,41.0,49.0,47.0,45.0,58.0,43.0,38.0,49.0,39.0,48.0,47.0,44.0,38.0,48.0,56.0,38.0,35.0,34.0,39.0,45.0,52.0,43.0,43.0,40.0,46.0
1272,8.0,10.0,9.0,8.0,9.0,8.0,10.0,10.0,9.0,8.0,9.0,10.0,10.0,8.0,10.0,10.0,7.0,10.0,6.0,9.0,7.0,9.0,9.0,9.0,7.0,8.0,7.0,8.0,10.0,10.0,10.0,8.0,10.0,5.0,10.0,6.0,10.0,8.0,9.0,9.0,10.0,9.0,9.0,9.0,8.0,10.0,7.0,8.0,8.0,8.0,8.0,8.0,6.0,8.0,9.0,7.0,10.0,7.0,9.0,6.0,9.0,8.0,8.0,9.0,10.0,8.0,10.0,8.0,9.0,8.0,8.0,9.0,9.0,10.0,6.0,9.0,10.0,8.0,10.0,8.0,8.0,8.0,7.0,9.0,8.0,10.0,7.0,10.0,10.0,10.0,10.0,9.0,7.0,8.0,9.0,9.0,8.0,6.0,9.0,7.0,7.0,8.0,8.0,7.0,8.0,9.0,8.0,9.0,8.0,8.0,9.0,9.0,10.0,9.0,8.0,7.0,9.0,8.0,9.0,7.0,8.0,10.0,10.0,9.0,8.0,10.0,7.0,8.0
1274,9.0,5.0,6.0,9.0,7.0,7.0,17.0,7.0,5.0,6.0,8.0,5.0,7.0,146.0,8.0,5.0,6.0,6.0,39.0,80.0,6.0,10.0,48.0,5.0,8.0,9.0,5.0,6.0,6.0,7.0,5.0,7.0,6.0,99.0,7.0,5.0,7.0,9.0,8.0,7.0,6.0,82.0,148.0,7.0,5.0,78.0,7.0,7.0,6.0,8.0,6.0,5.0,6.0,6.0,9.0,7.0,5.0,7.0,6.0,6.0,11.0,155.0,6.0,14.0,8.0,6.0,8.0,7.0,6.0,6.0,5.0,14.0,7.0,15.0,5.0,6.0,8.0,7.0,55.0,7.0,5.0,33.0,6.0,5.0,6.0,5.0,14.0,11.0,14.0,9.0,6.0,5.0,8.0,58.0,7.0,7.0,7.0,7.0,7.0,9.0,5.0,207.0,8.0,7.0,5.0,6.0,7.0,5.0,8.0,6.0,5.0,5.0,7.0,5.0,9.0,5.0,5.0,5.0,7.0,6.0,5.0,5.0,7.0,6.0,52.0,5.0,5.0,293.0
1280,26.0,22.0,24.0,21.0,25.0,32.0,19.0,21.0,23.0,19.0,18.0,23.0,25.0,18.0,18.0,20.0,23.0,23.0,25.0,20.0,22.0,20.0,25.0,22.0,18.0,27.0,19.0,28.0,23.0,25.0,18.0,23.0,24.0,20.0,25.0,25.0,26.0,22.0,21.0,16.0,25.0,16.0,23.0,23.0,26.0,24.0,21.0,25.0,30.0,24.0,18.0,25.0,22.0,29.0,20.0,25.0,15.0,24.0,24.0,24.0,15.0,26.0,27.0,22.0,23.0,24.0,53.0,29.0,21.0,23.0,21.0,19.0,22.0,23.0,19.0,24.0,23.0,20.0,23.0,24.0,18.0,24.0,25.0,20.0,25.0,23.0,16.0,25.0,32.0,22.0,21.0,26.0,20.0,24.0,20.0,24.0,22.0,20.0,23.0,18.0,29.0,24.0,25.0,23.0,20.0,24.0,22.0,18.0,24.0,11.0,14.0,25.0,64.0,20.0,27.0,26.0,24.0,24.0,25.0,23.0,23.0,27.0,20.0,24.0,20.0,17.0,21.0,24.0
1282,173.0,153.0,101.0,198.0,123.0,138.0,200.0,247.0,235.0,242.0,218.0,191.0,184.0,278.0,195.0,132.0,251.0,250.0,170.0,226.0,241.0,327.0,231.0,120.0,231.0,175.0,126.0,234.0,246.0,382.0,163.0,157.0,161.0,185.0,162.0,325.0,129.0,44.0,152.0,33.0,91.0,252.0,186.0,218.0,264.0,124.0,135.0,270.0,142.0,199.0,135.0,288.0,39.0,190.0,197.0,225.0,256.0,36.0,289.0,251.0,327.0,245.0,346.0,210.0,220.0,98.0,104.0,157.0,115.0,293.0,119.0,262.0,263.0,111.0,246.0,210.0,268.0,61.0,195.0,204.0,180.0,391.0,23.0,288.0,165.0,56.0,41.0,158.0,134.0,218.0,164.0,238.0,159.0,233.0,232.0,188.0,172.0,112.0,344.0,264.0,271.0,241.0,168.0,182.0,107.0,103.0,32.0,241.0,124.0,119.0,53.0,238.0,93.0,205.0,182.0,104.0,280.0,55.0,77.0,119.0,221.0,89.0,277.0,147.0,42.0,166.0,163.0,170.0
1295,7.0,5.0,5.0,5.0,7.0,5.0,6.0,5.0,5.0,6.0,5.0,5.0,7.0,5.0,5.0,6.0,6.0,7.0,5.0,5.0,8.0,6.0,5.0,5.0,6.0,6.0,5.0,7.0,5.0,6.0,5.0,5.0,5.0,7.0,6.0,8.0,5.0,5.0,8.0,7.0,6.0,5.0,5.0,5.0,6.0,6.0,5.0,6.0,5.0,5.0,6.0,6.0,7.0,5.0,5.0,5.0,7.0,5.0,5.0,6.0,5.0,5.0,5.0,6.0,5.0,6.0,5.0,5.0,5.0,5.0,5.0,5.0,6.0,6.0,5.0,5.0,6.0,5.0,6.0,5.0,5.0,6.0,5.0,6.0,5.0,6.0,5.0,5.0,5.0,6.0,5.0,6.0,6.0,5.0,5.0,6.0,5.0,6.0,5.0,6.0,5.0,6.0,6.0,7.0,7.0,6.0,5.0,6.0,5.0,6.0,5.0,5.0,6.0,5.0,5.0,6.0,6.0,6.0,6.0,5.0,5.0,6.0,5.0,5.0,6.0,6.0,5.0,5.0
1300,21.0,20.0,11.0,10.0,25.0,14.0,13.0,21.0,21.0,12.0,15.0,13.0,14.0,14.0,12.0,12.0,11.0,15.0,15.0,13.0,12.0,12.0,16.0,9.0,13.0,15.0,17.0,25.0,13.0,13.0,13.0,16.0,11.0,13.0,15.0,12.0,14.0,13.0,13.0,13.0,16.0,12.0,13.0,22.0,12.0,20.0,14.0,11.0,11.0,17.0,11.0,14.0,20.0,12.0,15.0,12.0,15.0,19.0,13.0,11.0,13.0,9.0,11.0,10.0,10.0,12.0,14.0,15.0,12.0,11.0,12.0,15.0,18.0,11.0,13.0,13.0,10.0,9.0,12.0,14.0,11.0,13.0,16.0,13.0,20.0,14.0,11.0,9.0,12.0,13.0,10.0,16.0,12.0,11.0,14.0,14.0,16.0,13.0,11.0,15.0,11.0,18.0,17.0,10.0,11.0,16.0,15.0,11.0,12.0,15.0,16.0,9.0,19.0,13.0,18.0,15.0,15.0,12.0,9.0,9.0,12.0,9.0,21.0,13.0,23.0,13.0,25.0,10.0
1301,12.0,16.0,5.0,13.0,14.0,10.0,9.0,24.0,30.0,17.0,7.0,8.0,14.0,25.0,11.0,11.0,11.0,7.0,9.0,15.0,26.0,23.0,33.0,27.0,10.0,13.0,14.0,22.0,9.0,20.0,5.0,14.0,13.0,11.0,16.0,7.0,30.0,14.0,9.0,27.0,9.0,8.0,11.0,13.0,8.0,9.0,14.0,25.0,13.0,12.0,8.0,5.0,13.0,7.0,16.0,13.0,13.0,6.0,9.0,13.0,7.0,24.0,10.0,9.0,5.0,6.0,12.0,11.0,14.0,26.0,8.0,9.0,6.0,9.0,13.0,7.0,16.0,6.0,14.0,8.0,15.0,12.0,13.0,6.0,22.0,11.0,10.0,25.0,19.0,8.0,5.0,13.0,30.0,17.0,5.0,26.0,14.0,6.0,21.0,15.0,14.0,29.0,7.0,13.0,8.0,10.0,19.0,33.0,9.0,24.0,8.0,19.0,27.0,8.0,11.0,12.0,27.0,21.0,7.0,6.0,12.0,8.0,30.0,9.0,13.0,6.0,22.0,10.0
1321,12.0,14.0,13.0,16.0,14.0,12.0,15.0,14.0,14.0,13.0,13.0,14.0,15.0,13.0,14.0,16.0,14.0,15.0,12.0,14.0,12.0,13.0,12.0,15.0,15.0,14.0,15.0,15.0,14.0,15.0,16.0,15.0,16.0,13.0,13.0,14.0,12.0,13.0,13.0,14.0,16.0,13.0,12.0,15.0,14.0,14.0,13.0,13.0,14.0,13.0,15.0,14.0,13.0,14.0,15.0,12.0,11.0,13.0,14.0,13.0,11.0,15.0,12.0,15.0,14.0,14.0,12.0,15.0,15.0,13.0,14.0,11.0,14.0,14.0,15.0,14.0,13.0,14.0,11.0,15.0,12.0,13.0,15.0,13.0,12.0,14.0,14.0,13.0,14.0,14.0,12.0,14.0,14.0,13.0,14.0,11.0,14.0,14.0,15.0,14.0,12.0,12.0,14.0,12.0,13.0,13.0,16.0,14.0,12.0,12.0,16.0,14.0,14.0,14.0,13.0,14.0,13.0,15.0,12.0,16.0,12.0,15.0,18.0,14.0,14.0,12.0,12.0,13.0
1327,10.0,5.0,213.0,253.0,29.0,308.0,75.0,6.0,238.0,152.0,105.0,61.0,5.0,5.0,613.0,10.0,20.0,5.0,6.0,5.0,5.0,300.0,6.0,19.0,11.0,8.0,275.0,14.0,13.0,9.0,25.0,289.0,5.0,5.0,262.0,7.0,6.0,6.0,63.0,329.0,18.0,68.0,6.0,128.0,107.0,185.0,5.0,5.0,104.0,26.0,5.0,5.0,129.0,136.0,145.0,5.0,37.0,127.0,19.0,623.0,7.0,253.0,16.0,46.0,975.0,82.0,9.0,398.0,14.0,94.0,145.0,133.0,21.0,5.0,276.0,5.0,6.0,6.0,43.0,14.0,347.0,307.0,14.0,186.0,282.0,14.0,250.0,5.0,48.0,284.0,209.0,26.0,21.0,30.0,6.0,15.0,177.0,46.0,282.0,170.0,5.0,169.0,133.0,280.0,224.0,143.0,208.0,5.0,349.0,268.0,255.0,59.0,617.0,218.0,5.0,114.0,4.0,5.0,66.0,7.0,189.0,74.0,5.0,64.0,201.0,16.0,19.0,19.0
1330,7.0,8.0,10.0,6.0,10.0,8.0,9.0,7.0,6.0,6.0,7.0,7.0,9.0,5.0,6.0,6.0,6.0,6.0,587.0,5.0,9.0,5.0,5.0,9.0,7.0,60.0,7.0,5.0,7.0,5.0,9.0,5.0,8.0,9.0,6.0,11.0,117.0,7.0,5.0,8.0,9.0,5.0,9.0,5.0,10.0,9.0,9.0,7.0,7.0,5.0,5.0,6.0,7.0,11.0,112.0,28.0,11.0,5.0,5.0,4.0,13.0,9.0,7.0,5.0,6.0,561.0,8.0,5.0,6.0,9.0,5.0,5.0,5.0,7.0,6.0,149.0,6.0,5.0,6.0,7.0,5.0,7.0,8.0,6.0,32.0,5.0,5.0,6.0,8.0,10.0,5.0,5.0,7.0,7.0,5.0,7.0,9.0,5.0,5.0,9.0,8.0,10.0,12.0,7.0,7.0,9.0,5.0,8.0,7.0,4.0,6.0,6.0,13.0,8.0,5.0,5.0,8.0,6.0,5.0,6.0,6.0,5.0,6.0,8.0,11.0,5.0,7.0,5.0
1337,554.0,722.0,169.0,208.0,728.0,375.0,98.0,166.0,103.0,697.0,666.0,261.0,160.0,131.0,809.0,139.0,223.0,848.0,829.0,192.0,235.0,174.0,576.0,181.0,207.0,545.0,221.0,628.0,543.0,452.0,532.0,952.0,184.0,173.0,530.0,215.0,892.0,683.0,172.0,174.0,585.0,214.0,171.0,123.0,811.0,198.0,119.0,839.0,441.0,818.0,166.0,778.0,454.0,181.0,673.0,532.0,131.0,703.0,187.0,155.0,142.0,736.0,213.0,671.0,774.0,506.0,182.0,745.0,501.0,630.0,264.0,209.0,894.0,640.0,800.0,612.0,141.0,200.0,202.0,468.0,631.0,155.0,180.0,169.0,153.0,397.0,140.0,763.0,213.0,139.0,697.0,216.0,760.0,193.0,192.0,193.0,790.0,175.0,175.0,604.0,172.0,465.0,228.0,172.0,150.0,728.0,166.0,410.0,207.0,212.0,726.0,580.0,207.0,525.0,279.0,170.0,840.0,210.0,743.0,301.0,138.0,775.0,185.0,400.0,747.0,560.0,191.0,141.0
1340,141.0,88.0,79.0,88.0,26.0,34.0,89.0,75.0,100.0,99.0,119.0,115.0,77.0,81.0,18.0,33.0,38.0,29.0,36.0,80.0,122.0,33.0,69.0,29.0,21.0,46.0,39.0,71.0,36.0,40.0,49.0,134.0,58.0,21.0,127.0,78.0,73.0,32.0,134.0,72.0,39.0,119.0,97.0,134.0,33.0,45.0,28.0,75.0,82.0,83.0,45.0,91.0,20.0,19.0,81.0,32.0,24.0,17.0,86.0,34.0,75.0,78.0,42.0,34.0,41.0,88.0,83.0,36.0,26.0,44.0,105.0,129.0,146.0,24.0,47.0,31.0,94.0,72.0,118.0,45.0,40.0,90.0,73.0,140.0,19.0,90.0,34.0,29.0,36.0,29.0,34.0,90.0,65.0,31.0,35.0,124.0,65.0,83.0,80.0,27.0,84.0,86.0,28.0,95.0,118.0,33.0,37.0,114.0,74.0,111.0,37.0,116.0,93.0,26.0,86.0,31.0,33.0,33.0,138.0,32.0,74.0,141.0,89.0,37.0,79.0,39.0,27.0,90.0
1341,60.0,57.0,58.0,61.0,66.0,50.0,56.0,52.0,53.0,53.0,60.0,55.0,61.0,61.0,60.0,55.0,49.0,67.0,41.0,67.0,58.0,60.0,59.0,60.0,55.0,50.0,54.0,47.0,57.0,47.0,63.0,53.0,54.0,57.0,52.0,71.0,58.0,51.0,62.0,52.0,60.0,53.0,57.0,67.0,52.0,55.0,61.0,52.0,57.0,60.0,56.0,50.0,59.0,52.0,50.0,76.0,57.0,62.0,61.0,66.0,64.0,49.0,63.0,59.0,61.0,59.0,51.0,46.0,43.0,50.0,56.0,60.0,54.0,56.0,68.0,63.0,49.0,48.0,64.0,49.0,71.0,59.0,49.0,55.0,60.0,51.0,62.0,57.0,59.0,60.0,54.0,68.0,59.0,48.0,47.0,51.0,56.0,53.0,50.0,58.0,63.0,63.0,61.0,59.0,59.0,50.0,59.0,55.0,65.0,61.0,545.0,55.0,57.0,63.0,61.0,58.0,48.0,58.0,52.0,50.0,63.0,44.0,58.0,56.0,56.0,55.0,49.0,64.0
1344,76.0,28.0,22.0,30.0,25.0,18.0,32.0,64.0,26.0,28.0,26.0,24.0,29.0,33.0,20.0,73.0,21.0,25.0,28.0,29.0,25.0,67.0,27.0,23.0,69.0,31.0,25.0,24.0,83.0,29.0,61.0,25.0,29.0,70.0,28.0,30.0,44.0,28.0,20.0,76.0,20.0,28.0,70.0,32.0,28.0,30.0,32.0,75.0,23.0,30.0,24.0,27.0,30.0,24.0,65.0,77.0,35.0,30.0,28.0,25.0,37.0,25.0,27.0,20.0,31.0,29.0,31.0,31.0,32.0,19.0,68.0,29.0,32.0,58.0,67.0,23.0,23.0,22.0,27.0,28.0,28.0,72.0,23.0,72.0,28.0,32.0,27.0,31.0,33.0,27.0,29.0,26.0,29.0,29.0,64.0,23.0,31.0,29.0,29.0,25.0,28.0,31.0,113.0,62.0,65.0,20.0,26.0,26.0,27.0,28.0,28.0,26.0,28.0,159.0,23.0,61.0,30.0,29.0,32.0,21.0,28.0,233.0,69.0,30.0,27.0,25.0,26.0,26.0
1349,19.0,19.0,21.0,15.0,14.0,17.0,20.0,16.0,20.0,19.0,18.0,18.0,16.0,20.0,17.0,15.0,18.0,18.0,20.0,14.0,16.0,10.0,25.0,28.0,18.0,16.0,19.0,21.0,17.0,17.0,16.0,18.0,19.0,17.0,17.0,15.0,19.0,15.0,14.0,15.0,18.0,16.0,15.0,19.0,20.0,25.0,20.0,22.0,21.0,19.0,21.0,21.0,19.0,18.0,15.0,16.0,7.0,17.0,17.0,24.0,20.0,15.0,21.0,17.0,16.0,21.0,24.0,22.0,17.0,20.0,19.0,20.0,21.0,19.0,22.0,19.0,25.0,14.0,18.0,21.0,15.0,19.0,18.0,16.0,17.0,20.0,21.0,16.0,16.0,15.0,21.0,15.0,18.0,16.0,15.0,16.0,15.0,16.0,18.0,14.0,18.0,15.0,19.0,18.0,16.0,16.0,21.0,18.0,20.0,18.0,24.0,15.0,15.0,16.0,17.0,16.0,22.0,17.0,21.0,21.0,17.0,21.0,15.0,16.0,23.0,19.0,17.0,15.0
1358,13.0,13.0,15.0,19.0,11.0,12.0,17.0,13.0,11.0,11.0,15.0,11.0,16.0,11.0,11.0,12.0,15.0,17.0,11.0,12.0,13.0,14.0,11.0,11.0,13.0,14.0,11.0,12.0,17.0,11.0,11.0,11.0,14.0,19.0,12.0,12.0,13.0,11.0,11.0,12.0,16.0,12.0,11.0,14.0,13.0,13.0,12.0,12.0,11.0,12.0,14.0,11.0,12.0,13.0,11.0,11.0,13.0,12.0,12.0,12.0,16.0,12.0,13.0,12.0,13.0,12.0,11.0,15.0,12.0,11.0,15.0,16.0,11.0,11.0,11.0,15.0,13.0,13.0,12.0,12.0,11.0,13.0,11.0,12.0,17.0,12.0,19.0,11.0,17.0,11.0,11.0,12.0,11.0,11.0,11.0,14.0,14.0,13.0,17.0,18.0,17.0,15.0,12.0,11.0,12.0,13.0,13.0,11.0,12.0,16.0,13.0,12.0,11.0,11.0,13.0,12.0,11.0,12.0,12.0,12.0,11.0,11.0,11.0,11.0,17.0,12.0,13.0,12.0
1368,5.0,4.0,5.0,5.0,5.0,5.0,5.0,5.0,5.0,5.0,7.0,5.0,5.0,6.0,5.0,5.0,5.0,6.0,6.0,5.0,5.0,5.0,5.0,5.0,5.0,10.0,5.0,5.0,5.0,7.0,5.0,5.0,5.0,6.0,6.0,5.0,6.0,5.0,5.0,6.0,5.0,5.0,5.0,6.0,5.0,7.0,6.0,5.0,5.0,5.0,5.0,5.0,5.0,5.0,6.0,9.0,5.0,6.0,5.0,5.0,6.0,6.0,5.0,6.0,4.0,5.0,5.0,6.0,5.0,5.0,15.0,5.0,5.0,5.0,13.0,5.0,5.0,5.0,5.0,6.0,5.0,5.0,5.0,5.0,6.0,4.0,6.0,11.0,5.0,11.0,5.0,5.0,6.0,5.0,5.0,5.0,7.0,5.0,6.0,6.0,5.0,11.0,99.0,4.0,5.0,11.0,5.0,5.0,5.0,7.0,5.0,6.0,5.0,6.0,5.0,5.0,7.0,7.0,5.0,5.0,6.0,9.0,5.0,5.0,6.0,12.0,5.0,7.0
1372,43.0,40.0,47.0,49.0,42.0,46.0,49.0,43.0,45.0,48.0,47.0,42.0,40.0,48.0,45.0,50.0,41.0,37.0,40.0,48.0,41.0,51.0,52.0,58.0,44.0,42.0,47.0,45.0,48.0,42.0,50.0,40.0,44.0,54.0,48.0,46.0,52.0,47.0,43.0,45.0,47.0,42.0,48.0,55.0,44.0,37.0,59.0,46.0,50.0,39.0,45.0,48.0,45.0,42.0,52.0,41.0,47.0,49.0,46.0,42.0,68.0,50.0,42.0,42.0,46.0,47.0,50.0,49.0,46.0,39.0,48.0,40.0,46.0,50.0,38.0,40.0,54.0,46.0,50.0,37.0,49.0,43.0,42.0,48.0,47.0,36.0,61.0,44.0,45.0,52.0,52.0,46.0,47.0,49.0,51.0,44.0,34.0,43.0,40.0,48.0,42.0,58.0,40.0,45.0,48.0,49.0,54.0,50.0,50.0,47.0,50.0,49.0,50.0,50.0,43.0,48.0,43.0,49.0,45.0,49.0,46.0,47.0,47.0,50.0,48.0,44.0,45.0,37.0
1375,6.0,6.0,6.0,6.0,6.0,6.0,6.0,7.0,6.0,6.0,6.0,6.0,6.0,6.0,6.0,6.0,6.0,6.0,6.0,6.0,6.0,6.0,6.0,6.0,6.0,6.0,7.0,6.0,6.0,6.0,6.0,6.0,6.0,6.0,6.0,6.0,6.0,6.0,6.0,6.0,6.0,6.0,6.0,6.0,6.0,6.0,6.0,6.0,6.0,6.0,6.0,6.0,6.0,7.0,6.0,6.0,6.0,6.0,6.0,7.0,6.0,6.0,6.0,6.0,7.0,6.0,6.0,6.0,7.0,6.0,7.0,6.0,6.0,6.0,6.0,6.0,6.0,6.0,6.0,6.0,6.0,6.0,6.0,6.0,6.0,6.0,6.0,6.0,6.0,7.0,6.0,6.0,6.0,6.0,6.0,6.0,6.0,6.0,6.0,6.0,7.0,6.0,6.0,6.0,7.0,6.0,6.0,6.0,6.0,6.0,6.0,6.0,6.0,6.0,6.0,6.0,6.0,6.0,7.0,6.0,6.0,6.0,6.0,6.0,6.0,6.0,7.0,6.0
1380,12.0,16.0,14.0,22.0,5.0,132.0,8.0,22.0,19.0,9.0,5.0,19.0,13.0,24.0,29.0,20.0,19.0,29.0,30.0,5.0,18.0,5.0,14.0,22.0,17.0,24.0,20.0,21.0,23.0,10.0,22.0,5.0,7.0,13.0,15.0,21.0,15.0,16.0,14.0,112.0,14.0,19.0,8.0,21.0,24.0,21.0,27.0,14.0,10.0,17.0,21.0,8.0,896.0,5.0,7.0,11.0,29.0,15.0,19.0,10.0,6.0,15.0,7.0,8.0,6.0,15.0,14.0,27.0,14.0,775.0,19.0,20.0,19.0,185.0,94.0,9.0,7.0,17.0,27.0,6.0,7.0,15.0,16.0,25.0,6.0,24.0,14.0,22.0,10.0,17.0,15.0,74.0,16.0,87.0,17.0,31.0,10.0,9.0,5.0,20.0,18.0,22.0,28.0,29.0,16.0,52.0,11.0,5.0,11.0,28.0,101.0,9.0,25.0,20.0,16.0,5.0,8.0,19.0,9.0,18.0,5.0,20.0,7.0,16.0,7.0,10.0,16.0,108.0
1384,43.0,25.0,30.0,36.0,29.0,30.0,25.0,29.0,38.0,27.0,29.0,26.0,27.0,35.0,23.0,31.0,26.0,26.0,35.0,39.0,42.0,34.0,23.0,29.0,39.0,32.0,29.0,38.0,33.0,27.0,39.0,28.0,33.0,48.0,35.0,27.0,29.0,28.0,27.0,33.0,41.0,22.0,34.0,27.0,35.0,24.0,30.0,31.0,27.0,25.0,49.0,29.0,30.0,33.0,29.0,29.0,33.0,28.0,30.0,27.0,47.0,28.0,34.0,24.0,27.0,28.0,38.0,50.0,29.0,50.0,34.0,29.0,30.0,32.0,32.0,30.0,28.0,29.0,37.0,33.0,37.0,29.0,27.0,30.0,31.0,31.0,33.0,34.0,33.0,33.0,23.0,24.0,26.0,25.0,40.0,41.0,27.0,24.0,36.0,24.0,27.0,38.0,47.0,31.0,28.0,25.0,34.0,32.0,37.0,29.0,30.0,33.0,29.0,29.0,35.0,31.0,38.0,25.0,43.0,27.0,33.0,30.0,37.0,36.0,31.0,35.0,30.0,45.0
1388,21.0,19.0,38.0,17.0,29.0,16.0,30.0,24.0,19.0,25.0,14.0,23.0,19.0,45.0,19.0,29.0,17.0,30.0,15.0,32.0,14.0,14.0,19.0,39.0,43.0,33.0,23.0,23.0,5.0,21.0,31.0,34.0,18.0,26.0,20.0,14.0,18.0,11.0,20.0,18.0,27.0,28.0,31.0,32.0,28.0,52.0,25.0,23.0,14.0,21.0,28.0,22.0,15.0,15.0,22.0,29.0,33.0,19.0,24.0,30.0,34.0,23.0,48.0,27.0,16.0,32.0,27.0,15.0,20.0,42.0,28.0,24.0,40.0,21.0,36.0,15.0,17.0,13.0,13.0,15.0,27.0,29.0,22.0,18.0,40.0,18.0,21.0,19.0,17.0,13.0,49.0,17.0,23.0,16.0,43.0,48.0,19.0,27.0,25.0,23.0,25.0,24.0,28.0,26.0,25.0,26.0,5.0,27.0,16.0,16.0,21.0,18.0,17.0,24.0,11.0,21.0,26.0,22.0,15.0,36.0,30.0,16.0,38.0,15.0,57.0,14.0,22.0,47.0
1391,36.0,29.0,32.0,33.0,24.0,24.0,23.0,34.0,31.0,37.0,27.0,27.0,24.0,26.0,28.0,26.0,32.0,25.0,27.0,29.0,27.0,20.0,29.0,31.0,26.0,28.0,25.0,24.0,29.0,30.0,26.0,33.0,31.0,30.0,37.0,29.0,28.0,28.0,32.0,27.0,33.0,35.0,29.0,27.0,34.0,25.0,32.0,29.0,23.0,26.0,37.0,28.0,40.0,32.0,30.0,28.0,31.0,26.0,29.0,32.0,32.0,23.0,33.0,32.0,32.0,31.0,29.0,28.0,38.0,25.0,30.0,35.0,31.0,31.0,30.0,27.0,28.0,25.0,37.0,28.0,34.0,29.0,31.0,31.0,29.0,33.0,32.0,31.0,26.0,30.0,35.0,33.0,26.0,33.0,26.0,26.0,32.0,36.0,34.0,28.0,30.0,27.0,25.0,33.0,26.0,36.0,30.0,32.0,24.0,32.0,25.0,29.0,30.0,37.0,31.0,32.0,33.0,28.0,31.0,37.0,29.0,33.0,31.0,25.0,26.0,31.0,33.0,28.0
1398,9.0,12.0,23.0,11.0,11.0,538.0,523.0,536.0,25.0,11.0,14.0,10.0,15.0,7.0,12.0,15.0,5.0,9.0,29.0,41.0,20.0,10.0,52.0,600.0,548.0,539.0,605.0,16.0,11.0,19.0,529.0,11.0,514.0,515.0,26.0,15.0,22.0,16.0,14.0,25.0,10.0,10.0,11.0,24.0,11.0,11.0,23.0,581.0,34.0,23.0,496.0,14.0,24.0,479.0,552.0,17.0,409.0,545.0,18.0,11.0,22.0,477.0,12.0,615.0,17.0,14.0,18.0,588.0,22.0,10.0,33.0,493.0,11.0,12.0,11.0,11.0,11.0,12.0,11.0,20.0,11.0,566.0,15.0,13.0,56.0,17.0,14.0,33.0,10.0,12.0,445.0,19.0,27.0,607.0,559.0,549.0,149.0,11.0,11.0,523.0,633.0,24.0,12.0,12.0,9.0,13.0,561.0,624.0,23.0,26.0,19.0,638.0,6.0,20.0,11.0,579.0,27.0,10.0,595.0,16.0,11.0,27.0,574.0,28.0,504.0,13.0,688.0,12.0
1399,12.0,12.0,12.0,12.0,12.0,12.0,12.0,12.0,12.0,12.0,12.0,14.0,12.0,12.0,12.0,12.0,12.0,12.0,12.0,12.0,12.0,12.0,12.0,12.0,12.0,12.0,12.0,11.0,12.0,11.0,12.0,12.0,12.0,12.0,12.0,12.0,12.0,12.0,12.0,12.0,12.0,12.0,12.0,12.0,12.0,12.0,12.0,12.0,12.0,12.0,12.0,12.0,11.0,12.0,12.0,12.0,12.0,12.0,12.0,12.0,12.0,12.0,12.0,12.0,12.0,12.0,12.0,12.0,13.0,12.0,12.0,12.0,12.0,12.0,12.0,12.0,12.0,12.0,12.0,12.0,12.0,12.0,12.0,12.0,12.0,12.0,12.0,11.0,12.0,12.0,12.0,12.0,12.0,12.0,12.0,12.0,12.0,12.0,12.0,12.0,12.0,12.0,12.0,12.0,12.0,12.0,12.0,12.0,12.0,12.0,12.0,12.0,13.0,11.0,12.0,12.0,12.0,12.0,12.0,12.0,12.0,12.0,12.0,12.0,12.0,12.0,12.0,12.0
1404,695.0,866.0,214.0,253.0,263.0,120.0,255.0,25.0,142.0,152.0,138.0,215.0,140.0,198.0,133.0,152.0,168.0,201.0,209.0,236.0,214.0,194.0,141.0,178.0,233.0,120.0,224.0,601.0,549.0,149.0,569.0,820.0,266.0,804.0,632.0,205.0,190.0,844.0,296.0,176.0,200.0,261.0,202.0,551.0,221.0,705.0,247.0,219.0,197.0,227.0,212.0,299.0,533.0,274.0,194.0,498.0,138.0,217.0,194.0,177.0,249.0,270.0,229.0,183.0,302.0,432.0,165.0,884.0,471.0,688.0,207.0,197.0,258.0,379.0,663.0,771.0,262.0,280.0,269.0,183.0,550.0,159.0,188.0,215.0,224.0,444.0,293.0,190.0,497.0,218.0,708.0,192.0,199.0,535.0,271.0,181.0,203.0,182.0,264.0,125.0,186.0,713.0,238.0,195.0,255.0,220.0,735.0,456.0,206.0,228.0,729.0,585.0,217.0,565.0,258.0,163.0,226.0,170.0,182.0,802.0,166.0,167.0,274.0,435.0,193.0,548.0,410.0,270.0
1407,10.0,8.0,8.0,10.0,8.0,8.0,8.0,8.0,8.0,8.0,8.0,8.0,7.0,8.0,11.0,7.0,10.0,8.0,9.0,8.0,8.0,8.0,7.0,8.0,8.0,8.0,8.0,8.0,8.0,8.0,9.0,9.0,8.0,9.0,7.0,7.0,8.0,8.0,10.0,8.0,7.0,8.0,8.0,8.0,9.0,12.0,10.0,8.0,8.0,10.0,8.0,10.0,8.0,8.0,8.0,7.0,8.0,9.0,8.0,8.0,7.0,8.0,10.0,8.0,10.0,10.0,8.0,8.0,8.0,8.0,8.0,8.0,11.0,8.0,8.0,8.0,11.0,12.0,8.0,8.0,11.0,11.0,8.0,9.0,9.0,8.0,8.0,10.0,8.0,9.0,8.0,9.0,8.0,8.0,8.0,7.0,9.0,7.0,8.0,9.0,7.0,8.0,8.0,8.0,8.0,8.0,7.0,8.0,8.0,8.0,10.0,8.0,8.0,8.0,8.0,8.0,8.0,8.0,8.0,8.0,8.0,8.0,8.0,8.0,9.0,8.0,9.0,8.0
1410,191.0,183.0,172.0,181.0,128.0,140.0,150.0,122.0,137.0,68.0,161.0,74.0,173.0,133.0,121.0,180.0,127.0,176.0,131.0,152.0,147.0,83.0,117.0,124.0,99.0,150.0,118.0,58.0,138.0,144.0,150.0,194.0,187.0,175.0,183.0,134.0,157.0,72.0,76.0,141.0,174.0,159.0,149.0,176.0,121.0,44.0,83.0,104.0,122.0,109.0,148.0,135.0,82.0,115.0,134.0,158.0,140.0,122.0,156.0,130.0,128.0,170.0,136.0,117.0,84.0,128.0,135.0,128.0,133.0,133.0,94.0,167.0,127.0,128.0,115.0,75.0,127.0,149.0,98.0,82.0,132.0,168.0,103.0,66.0,103.0,156.0,86.0,149.0,182.0,129.0,84.0,170.0,92.0,52.0,113.0,106.0,137.0,119.0,157.0,187.0,200.0,178.0,143.0,117.0,88.0,96.0,155.0,135.0,90.0,159.0,127.0,155.0,134.0,120.0,131.0,66.0,131.0,143.0,133.0,158.0,166.0,100.0,133.0,123.0,87.0,72.0,143.0,115.0
1415,130.0,121.0,127.0,152.0,76.0,66.0,135.0,76.0,125.0,69.0,70.0,63.0,86.0,85.0,71.0,126.0,61.0,168.0,71.0,82.0,77.0,83.0,103.0,58.0,62.0,133.0,77.0,140.0,61.0,101.0,132.0,119.0,72.0,137.0,115.0,132.0,112.0,49.0,69.0,75.0,125.0,95.0,69.0,52.0,56.0,156.0,87.0,60.0,74.0,74.0,116.0,119.0,64.0,112.0,63.0,159.0,72.0,106.0,139.0,72.0,98.0,129.0,68.0,59.0,77.0,132.0,125.0,107.0,128.0,77.0,77.0,79.0,127.0,88.0,81.0,75.0,117.0,108.0,58.0,61.0,59.0,142.0,62.0,56.0,50.0,119.0,59.0,141.0,132.0,129.0,77.0,72.0,82.0,35.0,58.0,83.0,79.0,111.0,133.0,87.0,126.0,181.0,84.0,142.0,83.0,82.0,141.0,65.0,72.0,137.0,80.0,120.0,151.0,116.0,107.0,67.0,66.0,104.0,134.0,86.0,121.0,79.0,75.0,105.0,62.0,62.0,86.0,119.0
1417,20.0,17.0,20.0,32.0,14.0,14.0,19.0,15.0,20.0,20.0,8.0,21.0,20.0,20.0,20.0,20.0,24.0,21.0,26.0,42.0,14.0,26.0,18.0,17.0,21.0,24.0,25.0,16.0,31.0,22.0,26.0,19.0,12.0,21.0,29.0,20.0,18.0,14.0,19.0,21.0,15.0,20.0,20.0,14.0,41.0,27.0,19.0,38.0,26.0,20.0,15.0,13.0,22.0,36.0,17.0,21.0,20.0,20.0,22.0,24.0,25.0,26.0,19.0,20.0,28.0,24.0,24.0,24.0,22.0,22.0,24.0,18.0,20.0,15.0,21.0,9.0,28.0,19.0,20.0,22.0,19.0,11.0,37.0,70.0,21.0,17.0,25.0,19.0,47.0,20.0,23.0,21.0,30.0,21.0,15.0,40.0,30.0,39.0,28.0,25.0,17.0,28.0,21.0,16.0,18.0,23.0,23.0,19.0,24.0,40.0,21.0,24.0,26.0,21.0,15.0,22.0,17.0,18.0,18.0,24.0,30.0,17.0,17.0,15.0,20.0,25.0,19.0,18.0
1425,97.0,91.0,99.0,93.0,90.0,101.0,94.0,94.0,92.0,94.0,92.0,91.0,92.0,98.0,95.0,92.0,83.0,102.0,97.0,105.0,97.0,104.0,94.0,102.0,96.0,96.0,104.0,100.0,96.0,96.0,94.0,92.0,92.0,97.0,91.0,90.0,97.0,91.0,86.0,97.0,96.0,87.0,102.0,97.0,91.0,93.0,104.0,96.0,100.0,92.0,87.0,88.0,96.0,101.0,91.0,96.0,99.0,101.0,95.0,101.0,105.0,94.0,102.0,97.0,86.0,91.0,97.0,101.0,84.0,96.0,98.0,98.0,102.0,96.0,96.0,89.0,95.0,96.0,100.0,98.0,93.0,90.0,98.0,100.0,102.0,94.0,103.0,101.0,95.0,99.0,92.0,93.0,98.0,93.0,97.0,101.0,94.0,105.0,102.0,88.0,80.0,79.0,93.0,101.0,100.0,97.0,97.0,86.0,102.0,105.0,94.0,93.0,102.0,96.0,106.0,99.0,99.0,95.0,97.0,95.0,98.0,94.0,93.0,102.0,99.0,96.0,100.0,100.0
1429,18.0,17.0,27.0,14.0,30.0,19.0,25.0,15.0,22.0,28.0,24.0,31.0,12.0,29.0,17.0,25.0,35.0,39.0,33.0,37.0,27.0,20.0,24.0,35.0,49.0,15.0,32.0,37.0,15.0,43.0,36.0,40.0,41.0,41.0,25.0,22.0,30.0,28.0,37.0,27.0,50.0,42.0,32.0,31.0,31.0,37.0,20.0,25.0,41.0,31.0,26.0,29.0,37.0,18.0,29.0,37.0,33.0,48.0,32.0,38.0,34.0,20.0,31.0,32.0,30.0,43.0,36.0,18.0,28.0,38.0,33.0,36.0,37.0,31.0,23.0,26.0,41.0,20.0,25.0,36.0,34.0,33.0,35.0,28.0,41.0,31.0,27.0,31.0,37.0,27.0,53.0,25.0,32.0,32.0,37.0,19.0,50.0,30.0,40.0,31.0,30.0,41.0,37.0,29.0,30.0,32.0,44.0,19.0,30.0,33.0,38.0,26.0,29.0,23.0,36.0,34.0,47.0,35.0,28.0,17.0,33.0,24.0,27.0,26.0,22.0,24.0,16.0,32.0
1433,15.0,23.0,14.0,23.0,14.0,20.0,13.0,34.0,5.0,13.0,21.0,49.0,6.0,8.0,61.0,22.0,93.0,20.0,5.0,13.0,96.0,17.0,13.0,10.0,5.0,6.0,7.0,14.0,48.0,22.0,21.0,19.0,74.0,19.0,10.0,14.0,7.0,17.0,18.0,13.0,10.0,13.0,6.0,19.0,13.0,18.0,36.0,22.0,5.0,5.0,552.0,12.0,13.0,17.0,17.0,5.0,6.0,19.0,11.0,15.0,5.0,19.0,40.0,78.0,13.0,6.0,39.0,14.0,6.0,4.0,14.0,327.0,56.0,21.0,35.0,50.0,302.0,10.0,13.0,13.0,6.0,16.0,19.0,26.0,41.0,21.0,20.0,14.0,22.0,62.0,24.0,5.0,18.0,10.0,15.0,44.0,21.0,8.0,16.0,5.0,17.0,24.0,18.0,9.0,14.0,53.0,5.0,59.0,12.0,12.0,29.0,31.0,93.0,22.0,14.0,5.0,11.0,5.0,21.0,7.0,13.0,12.0,6.0,7.0,22.0,19.0,5.0,20.0
1436,19.0,15.0,20.0,12.0,35.0,57.0,55.0,18.0,21.0,19.0,19.0,20.0,20.0,66.0,17.0,17.0,54.0,15.0,22.0,13.0,73.0,16.0,20.0,19.0,60.0,17.0,20.0,17.0,63.0,76.0,17.0,19.0,16.0,13.0,100.0,16.0,20.0,16.0,14.0,17.0,14.0,19.0,17.0,19.0,16.0,62.0,13.0,13.0,13.0,14.0,15.0,17.0,67.0,17.0,54.0,14.0,13.0,60.0,19.0,20.0,18.0,13.0,18.0,50.0,77.0,8.0,20.0,61.0,19.0,18.0,17.0,64.0,61.0,40.0,19.0,14.0,37.0,16.0,71.0,16.0,20.0,15.0,13.0,68.0,20.0,16.0,21.0,16.0,16.0,61.0,18.0,17.0,19.0,12.0,16.0,18.0,78.0,45.0,14.0,50.0,17.0,72.0,20.0,17.0,16.0,36.0,13.0,18.0,13.0,19.0,14.0,14.0,12.0,18.0,14.0,15.0,18.0,98.0,15.0,17.0,17.0,17.0,18.0,15.0,61.0,18.0,15.0,15.0
1437,94.0,91.0,86.0,92.0,90.0,92.0,98.0,88.0,95.0,113.0,97.0,87.0,94.0,93.0,89.0,87.0,89.0,86.0,100.0,87.0,85.0,88.0,88.0,148.0,89.0,175.0,97.0,190.0,157.0,78.0,94.0,96.0,90.0,93.0,88.0,84.0,92.0,92.0,98.0,153.0,86.0,84.0,108.0,95.0,91.0,154.0,161.0,124.0,93.0,90.0,96.0,92.0,110.0,90.0,182.0,154.0,89.0,81.0,176.0,92.0,89.0,162.0,93.0,88.0,179.0,91.0,84.0,160.0,91.0,89.0,84.0,143.0,194.0,88.0,85.0,85.0,93.0,178.0,163.0,94.0,87.0,90.0,93.0,99.0,92.0,84.0,85.0,81.0,90.0,150.0,84.0,162.0,97.0,92.0,89.0,130.0,96.0,84.0,182.0,91.0,94.0,190.0,95.0,89.0,128.0,89.0,155.0,193.0,97.0,88.0,87.0,163.0,93.0,96.0,96.0,136.0,85.0,89.0,90.0,84.0,95.0,90.0,87.0,92.0,172.0,91.0,90.0,94.0
1438,14.0,13.0,12.0,15.0,13.0,13.0,14.0,12.0,13.0,12.0,14.0,14.0,11.0,13.0,13.0,12.0,13.0,13.0,13.0,13.0,13.0,13.0,13.0,14.0,13.0,13.0,14.0,13.0,14.0,13.0,13.0,12.0,15.0,11.0,14.0,13.0,12.0,11.0,11.0,14.0,13.0,14.0,12.0,13.0,11.0,14.0,13.0,13.0,13.0,14.0,14.0,12.0,12.0,13.0,13.0,13.0,14.0,13.0,13.0,14.0,12.0,13.0,12.0,12.0,13.0,14.0,14.0,14.0,14.0,13.0,12.0,14.0,13.0,12.0,13.0,12.0,12.0,13.0,14.0,13.0,14.0,12.0,13.0,14.0,13.0,13.0,12.0,13.0,14.0,12.0,14.0,12.0,13.0,13.0,13.0,13.0,13.0,14.0,14.0,14.0,11.0,13.0,12.0,12.0,13.0,11.0,13.0,14.0,13.0,13.0,13.0,13.0,11.0,14.0,14.0,14.0,14.0,14.0,13.0,12.0,11.0,15.0,17.0,13.0,14.0,13.0,13.0,12.0
1439,27.0,21.0,24.0,26.0,24.0,24.0,16.0,26.0,24.0,24.0,17.0,23.0,25.0,14.0,22.0,29.0,22.0,27.0,19.0,27.0,26.0,23.0,22.0,30.0,24.0,19.0,31.0,27.0,19.0,14.0,14.0,19.0,27.0,25.0,27.0,30.0,29.0,28.0,12.0,25.0,25.0,33.0,25.0,21.0,28.0,18.0,26.0,30.0,16.0,28.0,21.0,19.0,26.0,20.0,23.0,21.0,12.0,22.0,22.0,30.0,25.0,24.0,21.0,27.0,15.0,24.0,20.0,23.0,27.0,31.0,26.0,27.0,26.0,24.0,21.0,25.0,30.0,18.0,24.0,18.0,21.0,28.0,24.0,27.0,29.0,26.0,24.0,24.0,16.0,23.0,22.0,29.0,29.0,15.0,25.0,31.0,31.0,24.0,32.0,23.0,18.0,25.0,23.0,23.0,22.0,22.0,28.0,21.0,25.0,29.0,29.0,26.0,23.0,20.0,25.0,31.0,22.0,24.0,23.0,24.0,23.0,19.0,19.0,19.0,25.0,25.0,13.0,28.0
1441,2.0,701.0,2.0,763.0,2.0,782.0,2.0,2.0,797.0,2.0,754.0,2.0,2.0,2.0,771.0,2.0,857.0,2.0,820.0,2.0,894.0,866.0,929.0,2.0,856.0,2.0,782.0,916.0,817.0,2.0,2.0,861.0,2.0,2.0,2.0,819.0,2.0,840.0,2.0,827.0,2.0,2.0,2.0,2.0,748.0,2.0,881.0,853.0,2.0,2.0,870.0,2.0,2.0,2.0,798.0,835.0,873.0,977.0,2.0,2.0,814.0,2.0,2.0,849.0,869.0,2.0,850.0,2.0,822.0,836.0,835.0,2.0,2.0,2.0,887.0,847.0,846.0,2.0,937.0,2.0,2.0,831.0,2.0,919.0,790.0,846.0,2.0,821.0,2.0,888.0,2.0,887.0,2.0,871.0,865.0,853.0,2.0,2.0,2.0,842.0,783.0,2.0,2.0,2.0,2.0,843.0,2.0,847.0,2.0,992.0,2.0,2.0,892.0,853.0,826.0,2.0,871.0,903.0,2.0,838.0,849.0,863.0,2.0,834.0,2.0,2.0,840.0,916.0
1452,23.0,23.0,19.0,22.0,22.0,22.0,24.0,23.0,23.0,25.0,21.0,23.0,25.0,23.0,21.0,22.0,21.0,22.0,24.0,22.0,24.0,24.0,21.0,22.0,21.0,25.0,24.0,22.0,24.0,22.0,24.0,21.0,21.0,20.0,23.0,25.0,23.0,23.0,24.0,18.0,22.0,24.0,22.0,21.0,20.0,25.0,22.0,23.0,22.0,21.0,23.0,19.0,24.0,20.0,22.0,22.0,20.0,23.0,22.0,22.0,25.0,20.0,24.0,25.0,23.0,20.0,22.0,23.0,23.0,22.0,20.0,21.0,20.0,22.0,20.0,23.0,23.0,21.0,24.0,21.0,24.0,23.0,23.0,24.0,23.0,23.0,22.0,23.0,22.0,24.0,23.0,23.0,23.0,23.0,23.0,22.0,22.0,23.0,23.0,24.0,22.0,22.0,20.0,21.0,22.0,22.0,23.0,25.0,22.0,22.0,21.0,24.0,23.0,23.0,23.0,23.0,24.0,24.0,24.0,22.0,22.0,22.0,22.0,22.0,25.0,24.0,25.0,20.0
1457,48.0,49.0,55.0,51.0,31.0,49.0,53.0,49.0,50.0,58.0,47.0,46.0,52.0,48.0,50.0,34.0,46.0,53.0,41.0,46.0,46.0,47.0,46.0,35.0,32.0,50.0,51.0,45.0,49.0,51.0,55.0,44.0,49.0,56.0,49.0,39.0,41.0,47.0,50.0,50.0,46.0,48.0,36.0,40.0,47.0,42.0,56.0,49.0,49.0,44.0,47.0,53.0,48.0,47.0,49.0,46.0,43.0,51.0,33.0,52.0,44.0,55.0,46.0,47.0,47.0,44.0,52.0,44.0,50.0,51.0,48.0,50.0,51.0,54.0,49.0,47.0,44.0,46.0,54.0,50.0,41.0,53.0,54.0,52.0,54.0,45.0,53.0,54.0,47.0,47.0,50.0,45.0,50.0,53.0,48.0,52.0,47.0,50.0,48.0,53.0,44.0,50.0,51.0,49.0,47.0,49.0,55.0,54.0,49.0,49.0,51.0,41.0,50.0,39.0,50.0,55.0,53.0,46.0,47.0,51.0,48.0,47.0,50.0,47.0,50.0,54.0,50.0,43.0
1465,33.0,43.0,38.0,21.0,29.0,34.0,38.0,62.0,17.0,49.0,40.0,36.0,39.0,60.0,24.0,40.0,36.0,37.0,22.0,49.0,40.0,32.0,45.0,31.0,53.0,44.0,30.0,43.0,44.0,51.0,31.0,26.0,35.0,55.0,41.0,61.0,28.0,27.0,35.0,36.0,50.0,30.0,24.0,51.0,26.0,32.0,51.0,54.0,37.0,25.0,38.0,30.0,46.0,35.0,33.0,47.0,49.0,40.0,48.0,40.0,45.0,37.0,65.0,31.0,45.0,23.0,46.0,33.0,28.0,42.0,23.0,41.0,49.0,40.0,42.0,45.0,44.0,48.0,30.0,28.0,35.0,33.0,36.0,43.0,36.0,37.0,30.0,39.0,35.0,48.0,31.0,45.0,28.0,26.0,44.0,33.0,46.0,42.0,37.0,41.0,45.0,29.0,26.0,43.0,28.0,24.0,40.0,30.0,32.0,50.0,26.0,31.0,27.0,42.0,36.0,48.0,47.0,33.0,22.0,54.0,43.0,22.0,30.0,23.0,29.0,19.0,39.0,30.0
1467,149.0,27.0,23.0,8.0,24.0,32.0,10.0,20.0,17.0,32.0,16.0,18.0,14.0,19.0,16.0,20.0,14.0,5.0,26.0,25.0,14.0,60.0,10.0,20.0,16.0,29.0,19.0,11.0,89.0,16.0,14.0,25.0,27.0,13.0,15.0,19.0,21.0,80.0,8.0,20.0,14.0,15.0,35.0,12.0,14.0,257.0,13.0,21.0,15.0,11.0,22.0,12.0,28.0,17.0,17.0,10.0,12.0,10.0,27.0,16.0,27.0,37.0,15.0,159.0,14.0,31.0,14.0,25.0,26.0,7.0,17.0,12.0,19.0,7.0,9.0,27.0,10.0,32.0,11.0,37.0,16.0,39.0,24.0,28.0,9.0,7.0,21.0,34.0,13.0,16.0,37.0,16.0,11.0,18.0,29.0,14.0,31.0,42.0,27.0,13.0,19.0,22.0,23.0,15.0,6.0,15.0,13.0,11.0,23.0,28.0,14.0,11.0,26.0,6.0,17.0,10.0,45.0,14.0,14.0,8.0,9.0,19.0,19.0,25.0,16.0,9.0,16.0,8.0
1480,16.0,16.0,16.0,18.0,18.0,17.0,17.0,19.0,19.0,22.0,16.0,18.0,16.0,16.0,16.0,18.0,19.0,18.0,17.0,18.0,7.0,7.0,16.0,17.0,17.0,17.0,19.0,18.0,15.0,16.0,18.0,13.0,17.0,20.0,16.0,16.0,16.0,18.0,21.0,15.0,16.0,14.0,16.0,17.0,20.0,7.0,15.0,16.0,16.0,9.0,18.0,20.0,20.0,8.0,7.0,18.0,17.0,16.0,7.0,7.0,17.0,18.0,16.0,17.0,18.0,19.0,21.0,16.0,19.0,18.0,16.0,19.0,18.0,18.0,16.0,16.0,16.0,14.0,19.0,7.0,15.0,17.0,18.0,17.0,18.0,16.0,18.0,15.0,7.0,18.0,7.0,16.0,17.0,16.0,16.0,16.0,17.0,13.0,7.0,25.0,17.0,16.0,7.0,19.0,7.0,19.0,7.0,17.0,8.0,7.0,8.0,15.0,16.0,18.0,17.0,17.0,17.0,21.0,16.0,19.0,7.0,16.0,7.0,16.0,16.0,13.0,18.0,9.0
1481,13.0,12.0,11.0,13.0,11.0,27.0,61.0,24.0,28.0,20.0,9.0,26.0,27.0,16.0,15.0,31.0,10.0,17.0,19.0,13.0,10.0,9.0,14.0,13.0,34.0,33.0,32.0,10.0,29.0,12.0,16.0,47.0,16.0,13.0,15.0,12.0,17.0,8.0,38.0,28.0,14.0,32.0,30.0,6.0,38.0,17.0,33.0,12.0,27.0,20.0,36.0,22.0,12.0,23.0,12.0,31.0,23.0,22.0,21.0,29.0,49.0,21.0,11.0,23.0,36.0,19.0,11.0,15.0,11.0,17.0,19.0,30.0,17.0,22.0,12.0,23.0,17.0,10.0,6.0,22.0,39.0,25.0,17.0,25.0,13.0,12.0,44.0,24.0,19.0,6.0,28.0,10.0,24.0,13.0,12.0,28.0,23.0,31.0,24.0,16.0,29.0,22.0,30.0,20.0,10.0,11.0,27.0,8.0,13.0,16.0,9.0,29.0,9.0,15.0,9.0,12.0,13.0,10.0,12.0,21.0,33.0,13.0,13.0,17.0,30.0,13.0,14.0,45.0
1485,578.0,404.0,30.0,93.0,33.0,30.0,28.0,123.0,29.0,48.0,121.0,33.0,605.0,28.0,125.0,27.0,28.0,405.0,70.0,30.0,33.0,30.0,30.0,88.0,591.0,761.0,29.0,31.0,359.0,626.0,645.0,814.0,109.0,135.0,66.0,25.0,33.0,26.0,778.0,71.0,766.0,26.0,668.0,23.0,31.0,670.0,728.0,85.0,88.0,702.0,643.0,153.0,837.0,669.0,714.0,546.0,22.0,34.0,127.0,703.0,71.0,91.0,74.0,82.0,31.0,32.0,618.0,75.0,687.0,30.0,76.0,28.0,748.0,32.0,31.0,662.0,114.0,121.0,30.0,436.0,629.0,368.0,85.0,735.0,28.0,24.0,763.0,124.0,29.0,32.0,59.0,705.0,377.0,29.0,23.0,693.0,714.0,818.0,35.0,36.0,665.0,31.0,31.0,29.0,56.0,184.0,30.0,27.0,151.0,30.0,113.0,104.0,607.0,692.0,25.0,836.0,155.0,34.0,27.0,452.0,107.0,121.0,752.0,876.0,95.0,142.0,147.0,32.0
1486,40.0,40.0,35.0,35.0,39.0,42.0,36.0,35.0,39.0,40.0,43.0,44.0,40.0,48.0,33.0,38.0,45.0,39.0,40.0,40.0,43.0,44.0,38.0,39.0,38.0,43.0,36.0,38.0,46.0,44.0,43.0,43.0,40.0,47.0,42.0,35.0,45.0,45.0,37.0,46.0,42.0,48.0,37.0,40.0,43.0,42.0,44.0,45.0,40.0,41.0,36.0,43.0,41.0,40.0,36.0,39.0,39.0,43.0,36.0,34.0,44.0,38.0,45.0,39.0,37.0,41.0,48.0,44.0,38.0,35.0,39.0,40.0,45.0,45.0,44.0,37.0,45.0,38.0,30.0,39.0,38.0,37.0,41.0,47.0,41.0,44.0,46.0,44.0,40.0,39.0,40.0,41.0,37.0,37.0,37.0,43.0,44.0,39.0,43.0,43.0,43.0,38.0,41.0,44.0,40.0,39.0,46.0,41.0,41.0,40.0,38.0,40.0,45.0,44.0,37.0,47.0,45.0,41.0,38.0,38.0,37.0,45.0,40.0,38.0,39.0,46.0,31.0,37.0
1500,57.0,28.0,21.0,22.0,21.0,55.0,24.0,58.0,27.0,19.0,7.0,47.0,7.0,22.0,22.0,41.0,30.0,16.0,20.0,33.0,21.0,29.0,26.0,25.0,18.0,63.0,19.0,55.0,20.0,18.0,20.0,22.0,30.0,45.0,20.0,20.0,38.0,23.0,21.0,51.0,18.0,27.0,20.0,20.0,43.0,23.0,40.0,25.0,18.0,23.0,27.0,19.0,20.0,34.0,20.0,32.0,19.0,9.0,50.0,32.0,24.0,33.0,35.0,26.0,21.0,31.0,19.0,18.0,44.0,39.0,22.0,28.0,34.0,32.0,64.0,30.0,29.0,45.0,29.0,38.0,23.0,21.0,21.0,22.0,37.0,17.0,39.0,20.0,26.0,24.0,48.0,60.0,20.0,19.0,79.0,17.0,32.0,16.0,43.0,26.0,39.0,22.0,31.0,23.0,21.0,19.0,45.0,41.0,41.0,59.0,56.0,16.0,35.0,17.0,18.0,32.0,15.0,66.0,43.0,20.0,22.0,19.0,44.0,19.0,22.0,15.0,19.0,22.0
1501,745.0,730.0,2.0,2.0,2.0,2.0,711.0,744.0,2.0,2.0,2.0,2.0,2.0,2.0,2.0,737.0,869.0,876.0,2.0,788.0,871.0,2.0,2.0,841.0,832.0,2.0,2.0,2.0,911.0,855.0,2.0,2.0,848.0,844.0,2.0,899.0,2.0,813.0,2.0,2.0,845.0,2.0,858.0,826.0,2.0,2.0,2.0,2.0,850.0,844.0,846.0,891.0,2.0,2.0,2.0,2.0,835.0,853.0,863.0,2.0,2.0,2.0,2.0,2.0,2.0,2.0,820.0,2.0,885.0,856.0,883.0,855.0,2.0,857.0,848.0,2.0,2.0,2.0,888.0,2.0,834.0,2.0,849.0,864.0,2.0,2.0,2.0,830.0,882.0,847.0,2.0,2.0,2.0,839.0,2.0,876.0,817.0,2.0,2.0,2.0,840.0,2.0,854.0,857.0,2.0,862.0,844.0,861.0,840.0,2.0,851.0,2.0,2.0,782.0,2.0,838.0,2.0,2.0,832.0,830.0,924.0,829.0,2.0,822.0,881.0,841.0,837.0,2.0
1507,9.0,8.0,9.0,8.0,8.0,7.0,6.0,8.0,7.0,8.0,9.0,9.0,7.0,8.0,7.0,7.0,7.0,8.0,7.0,8.0,7.0,8.0,7.0,8.0,7.0,8.0,8.0,7.0,7.0,10.0,8.0,8.0,8.0,8.0,7.0,8.0,7.0,8.0,9.0,7.0,8.0,7.0,8.0,8.0,8.0,7.0,7.0,8.0,7.0,8.0,10.0,8.0,8.0,7.0,8.0,8.0,7.0,9.0,8.0,8.0,8.0,7.0,9.0,7.0,6.0,7.0,11.0,7.0,8.0,8.0,7.0,7.0,7.0,7.0,8.0,9.0,8.0,8.0,7.0,7.0,10.0,7.0,7.0,7.0,7.0,8.0,9.0,7.0,7.0,7.0,7.0,8.0,8.0,8.0,8.0,8.0,7.0,8.0,8.0,8.0,8.0,8.0,6.0,8.0,8.0,9.0,8.0,7.0,7.0,7.0,7.0,7.0,7.0,8.0,8.0,6.0,9.0,6.0,7.0,8.0,8.0,7.0,8.0,8.0,7.0,9.0,8.0,7.0
1515,85.0,61.0,28.0,19.0,58.0,65.0,24.0,40.0,66.0,53.0,21.0,29.0,10.0,29.0,24.0,28.0,26.0,80.0,65.0,17.0,29.0,17.0,62.0,81.0,55.0,77.0,26.0,71.0,26.0,65.0,76.0,70.0,48.0,76.0,70.0,24.0,63.0,13.0,62.0,22.0,29.0,28.0,28.0,28.0,65.0,75.0,21.0,74.0,56.0,45.0,67.0,59.0,24.0,62.0,29.0,79.0,88.0,24.0,72.0,61.0,73.0,25.0,73.0,65.0,26.0,84.0,83.0,71.0,65.0,42.0,33.0,59.0,67.0,23.0,34.0,24.0,69.0,48.0,71.0,81.0,55.0,77.0,64.0,62.0,25.0,26.0,29.0,70.0,28.0,65.0,30.0,40.0,39.0,30.0,71.0,54.0,67.0,27.0,20.0,63.0,59.0,74.0,19.0,63.0,28.0,20.0,32.0,54.0,60.0,97.0,54.0,80.0,81.0,40.0,61.0,29.0,21.0,60.0,80.0,28.0,72.0,68.0,22.0,84.0,70.0,20.0,23.0,76.0
1517,7.0,8.0,8.0,8.0,8.0,8.0,8.0,8.0,8.0,8.0,8.0,7.0,8.0,8.0,7.0,10.0,10.0,7.0,8.0,10.0,8.0,8.0,8.0,8.0,7.0,8.0,8.0,7.0,6.0,8.0,8.0,8.0,8.0,8.0,8.0,8.0,7.0,7.0,7.0,8.0,8.0,8.0,8.0,7.0,8.0,8.0,7.0,9.0,8.0,7.0,7.0,7.0,7.0,8.0,8.0,8.0,8.0,8.0,7.0,8.0,8.0,8.0,8.0,8.0,8.0,7.0,8.0,8.0,8.0,8.0,7.0,8.0,8.0,6.0,7.0,8.0,8.0,7.0,8.0,6.0,8.0,7.0,8.0,8.0,9.0,8.0,8.0,8.0,8.0,7.0,8.0,8.0,8.0,10.0,8.0,8.0,8.0,6.0,8.0,8.0,7.0,9.0,8.0,9.0,8.0,8.0,8.0,8.0,8.0,7.0,8.0,7.0,9.0,9.0,8.0,8.0,10.0,8.0,8.0,8.0,8.0,6.0,8.0,7.0,8.0,6.0,7.0,8.0
1518,53.0,61.0,57.0,55.0,56.0,60.0,61.0,50.0,52.0,58.0,65.0,59.0,69.0,56.0,38.0,63.0,43.0,57.0,63.0,74.0,57.0,63.0,50.0,67.0,48.0,48.0,64.0,67.0,71.0,48.0,50.0,44.0,70.0,45.0,68.0,76.0,52.0,62.0,57.0,61.0,66.0,45.0,61.0,69.0,59.0,62.0,60.0,61.0,61.0,57.0,52.0,60.0,56.0,59.0,59.0,55.0,69.0,54.0,55.0,67.0,45.0,70.0,56.0,63.0,69.0,49.0,57.0,64.0,53.0,66.0,58.0,62.0,97.0,57.0,59.0,60.0,42.0,53.0,58.0,44.0,67.0,64.0,48.0,64.0,47.0,71.0,60.0,38.0,60.0,66.0,38.0,65.0,58.0,45.0,53.0,31.0,62.0,36.0,46.0,69.0,61.0,58.0,52.0,43.0,66.0,43.0,65.0,77.0,52.0,61.0,51.0,54.0,66.0,79.0,51.0,45.0,63.0,63.0,71.0,72.0,49.0,63.0,41.0,58.0,70.0,55.0,45.0,70.0
1532,75.0,72.0,60.0,54.0,64.0,81.0,100.0,76.0,81.0,62.0,95.0,94.0,59.0,41.0,51.0,73.0,71.0,110.0,56.0,69.0,61.0,58.0,60.0,69.0,68.0,87.0,58.0,84.0,78.0,73.0,87.0,64.0,79.0,89.0,77.0,55.0,79.0,79.0,75.0,68.0,62.0,67.0,78.0,67.0,77.0,59.0,75.0,91.0,60.0,71.0,73.0,50.0,79.0,82.0,89.0,78.0,75.0,66.0,92.0,76.0,62.0,90.0,79.0,57.0,63.0,65.0,90.0,83.0,80.0,88.0,75.0,62.0,64.0,99.0,83.0,86.0,74.0,63.0,76.0,91.0,75.0,58.0,89.0,63.0,87.0,57.0,72.0,75.0,72.0,64.0,62.0,75.0,54.0,56.0,80.0,72.0,74.0,61.0,88.0,60.0,70.0,85.0,76.0,87.0,72.0,50.0,84.0,100.0,75.0,45.0,80.0,60.0,94.0,71.0,66.0,81.0,70.0,64.0,78.0,82.0,69.0,50.0,81.0,59.0,51.0,82.0,63.0,50.0
1533,110.0,124.0,228.0,38.0,29.0,48.0,35.0,45.0,44.0,150.0,53.0,57.0,103.0,206.0,203.0,125.0,41.0,253.0,40.0,50.0,166.0,38.0,164.0,103.0,138.0,138.0,35.0,158.0,44.0,56.0,57.0,114.0,36.0,137.0,132.0,32.0,37.0,56.0,32.0,164.0,44.0,139.0,132.0,110.0,37.0,201.0,134.0,169.0,41.0,152.0,138.0,33.0,49.0,46.0,40.0,40.0,48.0,131.0,35.0,138.0,107.0,112.0,144.0,47.0,125.0,35.0,135.0,136.0,69.0,49.0,144.0,36.0,50.0,181.0,49.0,39.0,148.0,68.0,166.0,105.0,168.0,204.0,42.0,126.0,141.0,33.0,210.0,33.0,160.0,103.0,135.0,47.0,47.0,47.0,127.0,166.0,35.0,150.0,40.0,41.0,113.0,46.0,65.0,44.0,45.0,35.0,138.0,43.0,42.0,162.0,45.0,102.0,60.0,40.0,58.0,51.0,151.0,56.0,46.0,147.0,108.0,49.0,43.0,106.0,54.0,55.0,37.0,129.0
1538,15.0,26.0,26.0,79.0,23.0,18.0,17.0,14.0,17.0,64.0,22.0,20.0,34.0,30.0,15.0,27.0,23.0,7.0,23.0,73.0,26.0,29.0,21.0,21.0,19.0,52.0,27.0,16.0,22.0,47.0,27.0,24.0,28.0,28.0,24.0,20.0,18.0,20.0,21.0,51.0,21.0,27.0,17.0,28.0,14.0,7.0,27.0,21.0,21.0,17.0,83.0,29.0,27.0,17.0,73.0,20.0,17.0,63.0,57.0,19.0,24.0,45.0,16.0,24.0,39.0,20.0,37.0,52.0,57.0,25.0,24.0,22.0,29.0,65.0,26.0,19.0,21.0,17.0,26.0,20.0,21.0,20.0,16.0,23.0,15.0,18.0,33.0,27.0,38.0,20.0,25.0,71.0,27.0,12.0,19.0,20.0,14.0,24.0,22.0,24.0,23.0,32.0,31.0,22.0,20.0,34.0,27.0,22.0,16.0,13.0,21.0,15.0,59.0,30.0,20.0,13.0,18.0,16.0,22.0,27.0,27.0,17.0,26.0,20.0,57.0,56.0,32.0,22.0
1540,1.0,1.0,1223.0,1.0,1.0,1189.0,1.0,1099.0,1.0,1.0,1.0,1.0,1.0,1.0,1239.0,1.0,1272.0,1152.0,1.0,1.0,1.0,1319.0,1.0,1207.0,1288.0,1308.0,1.0,1302.0,1.0,1312.0,1256.0,1.0,1.0,1.0,1.0,1347.0,1.0,1261.0,1.0,1291.0,1210.0,1.0,1290.0,220.0,1275.0,1.0,1.0,1160.0,1014.0,1.0,1236.0,1315.0,1398.0,1.0,1253.0,1066.0,1.0,1.0,1325.0,1.0,1.0,1368.0,1476.0,1.0,1.0,1399.0,1345.0,1332.0,1262.0,1223.0,1.0,919.0,1372.0,1.0,1.0,1.0,1300.0,1.0,1.0,1195.0,1129.0,1260.0,1.0,1.0,1.0,1.0,1143.0,1.0,1.0,1329.0,1359.0,1365.0,1280.0,1245.0,1185.0,1.0,1144.0,1369.0,1.0,1.0,1266.0,1.0,1300.0,1297.0,1.0,1.0,1.0,1.0,1.0,1.0,1.0,1299.0,1192.0,1287.0,1.0,1331.0,1355.0,1.0,1.0,1344.0,1197.0,1.0,1295.0,1286.0,1310.0,1.0,1226.0,1.0
1542,6.0,6.0,6.0,6.0,7.0,5.0,6.0,5.0,8.0,9.0,7.0,8.0,5.0,8.0,5.0,6.0,6.0,5.0,6.0,6.0,6.0,5.0,7.0,5.0,5.0,7.0,10.0,6.0,6.0,7.0,8.0,6.0,8.0,5.0,4.0,6.0,6.0,6.0,7.0,6.0,6.0,6.0,5.0,5.0,6.0,8.0,6.0,6.0,5.0,6.0,6.0,6.0,7.0,6.0,8.0,6.0,12.0,9.0,6.0,7.0,5.0,7.0,6.0,5.0,5.0,5.0,10.0,7.0,5.0,8.0,7.0,5.0,7.0,7.0,5.0,7.0,7.0,12.0,10.0,6.0,7.0,7.0,10.0,8.0,7.0,6.0,10.0,9.0,7.0,8.0,5.0,5.0,9.0,11.0,8.0,6.0,10.0,6.0,5.0,6.0,6.0,6.0,8.0,9.0,5.0,5.0,7.0,10.0,6.0,8.0,5.0,6.0,7.0,8.0,6.0,6.0,8.0,5.0,6.0,8.0,6.0,7.0,7.0,8.0,5.0,7.0,8.0,9.0
1547,5.0,5.0,873.0,5.0,54.0,903.0,9.0,13.0,9.0,15.0,786.0,8.0,866.0,230.0,859.0,769.0,13.0,6.0,503.0,404.0,983.0,948.0,19.0,6.0,8.0,57.0,7.0,8.0,13.0,945.0,57.0,15.0,985.0,10.0,473.0,994.0,5.0,7.0,940.0,963.0,403.0,14.0,9.0,386.0,61.0,927.0,923.0,12.0,801.0,876.0,1031.0,509.0,979.0,902.0,11.0,19.0,8.0,944.0,965.0,423.0,961.0,12.0,790.0,11.0,880.0,16.0,18.0,466.0,13.0,11.0,42.0,985.0,975.0,479.0,996.0,403.0,967.0,805.0,447.0,8.0,941.0,402.0,926.0,58.0,952.0,920.0,14.0,915.0,5.0,968.0,926.0,653.0,513.0,971.0,19.0,370.0,922.0,39.0,31.0,797.0,1010.0,906.0,981.0,858.0,11.0,1022.0,10.0,906.0,10.0,445.0,865.0,926.0,29.0,1020.0,932.0,15.0,925.0,16.0,961.0,947.0,1045.0,983.0,10.0,12.0,970.0,21.0,477.0,409.0
1558,8.0,69.0,8.0,24.0,23.0,8.0,6.0,51.0,86.0,6.0,26.0,9.0,5.0,20.0,6.0,7.0,77.0,47.0,8.0,8.0,5.0,9.0,12.0,11.0,6.0,9.0,9.0,6.0,8.0,16.0,6.0,7.0,8.0,8.0,63.0,9.0,8.0,7.0,7.0,7.0,67.0,6.0,8.0,8.0,6.0,32.0,72.0,28.0,5.0,25.0,106.0,22.0,25.0,43.0,8.0,26.0,7.0,21.0,9.0,21.0,7.0,7.0,9.0,22.0,49.0,71.0,29.0,6.0,73.0,8.0,9.0,8.0,22.0,34.0,6.0,6.0,26.0,6.0,83.0,27.0,83.0,76.0,25.0,6.0,7.0,8.0,33.0,23.0,48.0,73.0,48.0,33.0,8.0,24.0,7.0,89.0,7.0,8.0,8.0,48.0,20.0,8.0,5.0,6.0,612.0,9.0,8.0,73.0,85.0,8.0,8.0,8.0,8.0,7.0,5.0,9.0,19.0,23.0,7.0,73.0,8.0,8.0,95.0,19.0,8.0,8.0,9.0,65.0
1560,547.0,59.0,67.0,72.0,100.0,82.0,201.0,106.0,38.0,189.0,45.0,100.0,97.0,44.0,67.0,109.0,9.0,89.0,44.0,354.0,34.0,11.0,77.0,41.0,48.0,41.0,85.0,50.0,71.0,54.0,335.0,42.0,54.0,71.0,98.0,86.0,12.0,564.0,46.0,45.0,40.0,71.0,551.0,41.0,70.0,35.0,149.0,34.0,46.0,70.0,82.0,78.0,124.0,38.0,77.0,42.0,53.0,83.0,50.0,603.0,27.0,65.0,37.0,31.0,98.0,39.0,13.0,34.0,11.0,92.0,46.0,11.0,39.0,46.0,76.0,115.0,78.0,61.0,766.0,351.0,64.0,62.0,50.0,621.0,333.0,10.0,91.0,70.0,42.0,44.0,34.0,35.0,40.0,139.0,12.0,57.0,10.0,888.0,55.0,50.0,42.0,53.0,68.0,46.0,245.0,554.0,30.0,42.0,106.0,44.0,61.0,40.0,516.0,57.0,10.0,98.0,38.0,75.0,39.0,58.0,77.0,38.0,104.0,45.0,93.0,103.0,77.0,68.0
1575,3.0,3.0,3.0,3.0,3.0,3.0,3.0,3.0,3.0,3.0,3.0,3.0,3.0,3.0,3.0,3.0,3.0,3.0,3.0,3.0,3.0,3.0,3.0,3.0,3.0,2.0,3.0,3.0,3.0,3.0,3.0,3.0,3.0,3.0,2.0,3.0,3.0,3.0,3.0,3.0,3.0,3.0,3.0,2.0,2.0,3.0,3.0,3.0,3.0,3.0,3.0,3.0,3.0,3.0,3.0,3.0,3.0,3.0,3.0,3.0,3.0,3.0,3.0,3.0,3.0,3.0,3.0,3.0,3.0,3.0,3.0,3.0,3.0,3.0,3.0,3.0,3.0,3.0,3.0,3.0,3.0,2.0,3.0,3.0,3.0,3.0,3.0,3.0,3.0,3.0,3.0,3.0,3.0,3.0,3.0,3.0,3.0,3.0,3.0,3.0,3.0,3.0,3.0,2.0,3.0,3.0,3.0,3.0,3.0,3.0,3.0,3.0,3.0,3.0,3.0,3.0,3.0,3.0,3.0,3.0,3.0,3.0,3.0,3.0,3.0,3.0,3.0,3.0
1576,245.0,5.0,243.0,168.0,244.0,5.0,79.0,857.0,144.0,277.0,259.0,213.0,225.0,225.0,168.0,250.0,6.0,230.0,280.0,61.0,913.0,222.0,254.0,418.0,248.0,191.0,779.0,303.0,275.0,292.0,250.0,822.0,8.0,199.0,250.0,189.0,229.0,244.0,863.0,791.0,260.0,838.0,228.0,884.0,250.0,293.0,235.0,5.0,254.0,293.0,203.0,269.0,850.0,248.0,242.0,98.0,824.0,220.0,852.0,239.0,5.0,179.0,315.0,240.0,313.0,797.0,193.0,138.0,278.0,345.0,6.0,188.0,321.0,808.0,177.0,247.0,53.0,5.0,379.0,298.0,781.0,345.0,156.0,183.0,250.0,8.0,205.0,63.0,253.0,238.0,288.0,812.0,74.0,833.0,5.0,769.0,899.0,1048.0,227.0,87.0,307.0,9.0,229.0,182.0,257.0,209.0,5.0,348.0,471.0,608.0,267.0,228.0,222.0,262.0,333.0,74.0,258.0,695.0,270.0,768.0,234.0,284.0,283.0,246.0,255.0,218.0,967.0,248.0
1587,23.0,31.0,33.0,20.0,19.0,20.0,20.0,34.0,23.0,14.0,44.0,31.0,24.0,19.0,17.0,42.0,16.0,16.0,18.0,43.0,21.0,19.0,17.0,25.0,16.0,37.0,18.0,21.0,26.0,14.0,27.0,22.0,33.0,25.0,21.0,22.0,21.0,25.0,16.0,39.0,19.0,21.0,20.0,18.0,22.0,20.0,19.0,19.0,16.0,26.0,22.0,25.0,16.0,29.0,27.0,23.0,13.0,44.0,27.0,20.0,25.0,33.0,26.0,35.0,19.0,34.0,18.0,26.0,33.0,20.0,20.0,22.0,19.0,16.0,31.0,24.0,17.0,21.0,17.0,15.0,22.0,18.0,17.0,20.0,26.0,20.0,20.0,17.0,21.0,18.0,41.0,35.0,15.0,26.0,21.0,17.0,23.0,16.0,48.0,15.0,22.0,18.0,22.0,13.0,18.0,19.0,41.0,21.0,24.0,18.0,33.0,18.0,26.0,20.0,12.0,17.0,14.0,24.0,22.0,20.0,18.0,16.0,20.0,18.0,19.0,14.0,15.0,32.0
1588,57.0,66.0,76.0,74.0,69.0,89.0,62.0,58.0,77.0,68.0,81.0,69.0,65.0,64.0,69.0,66.0,74.0,68.0,71.0,67.0,56.0,91.0,82.0,60.0,69.0,70.0,83.0,67.0,90.0,67.0,77.0,76.0,62.0,97.0,83.0,61.0,74.0,60.0,67.0,70.0,62.0,77.0,71.0,76.0,75.0,66.0,86.0,54.0,99.0,59.0,61.0,78.0,83.0,59.0,68.0,56.0,59.0,73.0,72.0,72.0,95.0,59.0,52.0,68.0,61.0,82.0,49.0,76.0,74.0,63.0,83.0,65.0,76.0,72.0,65.0,64.0,92.0,60.0,55.0,62.0,58.0,66.0,60.0,47.0,81.0,59.0,95.0,57.0,70.0,88.0,79.0,62.0,77.0,67.0,59.0,65.0,65.0,71.0,75.0,64.0,70.0,78.0,49.0,69.0,85.0,66.0,95.0,90.0,48.0,72.0,71.0,86.0,80.0,84.0,57.0,73.0,53.0,92.0,65.0,66.0,55.0,66.0,63.0,60.0,76.0,83.0,69.0,72.0
1589,20.0,33.0,29.0,32.0,25.0,27.0,30.0,28.0,28.0,24.0,36.0,29.0,20.0,24.0,37.0,28.0,21.0,23.0,22.0,27.0,31.0,25.0,26.0,28.0,28.0,24.0,29.0,26.0,22.0,28.0,22.0,37.0,32.0,29.0,20.0,26.0,26.0,25.0,24.0,27.0,32.0,34.0,25.0,31.0,29.0,25.0,35.0,28.0,22.0,27.0,32.0,26.0,34.0,43.0,41.0,26.0,33.0,32.0,41.0,25.0,30.0,35.0,20.0,29.0,31.0,22.0,29.0,21.0,39.0,31.0,25.0,31.0,36.0,28.0,23.0,22.0,30.0,27.0,22.0,21.0,25.0,25.0,24.0,21.0,22.0,22.0,26.0,28.0,35.0,22.0,34.0,27.0,22.0,35.0,35.0,24.0,42.0,30.0,36.0,26.0,23.0,25.0,33.0,40.0,26.0,24.0,23.0,28.0,37.0,23.0,34.0,20.0,23.0,23.0,26.0,22.0,20.0,26.0,39.0,23.0,31.0,28.0,30.0,28.0,20.0,23.0,23.0,22.0
1591,734.0,677.0,752.0,643.0,206.0,669.0,623.0,243.0,258.0,580.0,747.0,521.0,939.0,473.0,537.0,1001.0,257.0,488.0,563.0,895.0,657.0,493.0,193.0,990.0,730.0,699.0,259.0,947.0,652.0,727.0,992.0,760.0,1047.0,523.0,673.0,240.0,253.0,267.0,830.0,817.0,622.0,246.0,985.0,590.0,989.0,503.0,762.0,282.0,753.0,758.0,971.0,965.0,1011.0,811.0,648.0,1029.0,543.0,774.0,992.0,893.0,762.0,264.0,983.0,734.0,983.0,223.0,237.0,248.0,660.0,730.0,552.0,275.0,506.0,703.0,617.0,729.0,931.0,736.0,962.0,733.0,936.0,969.0,630.0,945.0,723.0,571.0,716.0,932.0,739.0,236.0,1011.0,757.0,541.0,740.0,755.0,692.0,703.0,525.0,734.0,375.0,1016.0,490.0,978.0,568.0,708.0,975.0,988.0,259.0,264.0,752.0,619.0,558.0,781.0,690.0,281.0,744.0,913.0,971.0,476.0,925.0,729.0,1009.0,254.0,735.0,538.0,719.0,570.0,639.0
1592,44.0,24.0,21.0,29.0,20.0,33.0,54.0,33.0,32.0,73.0,183.0,20.0,28.0,363.0,6.0,26.0,30.0,18.0,58.0,27.0,35.0,5.0,50.0,13.0,64.0,69.0,34.0,17.0,37.0,20.0,10.0,24.0,32.0,38.0,29.0,66.0,21.0,16.0,22.0,41.0,41.0,9.0,17.0,18.0,26.0,120.0,27.0,47.0,20.0,28.0,66.0,25.0,65.0,188.0,10.0,7.0,20.0,203.0,19.0,6.0,45.0,42.0,24.0,53.0,21.0,18.0,12.0,19.0,7.0,64.0,17.0,20.0,15.0,20.0,31.0,36.0,11.0,61.0,18.0,27.0,54.0,6.0,26.0,32.0,22.0,34.0,33.0,32.0,21.0,67.0,67.0,26.0,17.0,23.0,28.0,10.0,39.0,34.0,15.0,44.0,6.0,238.0,14.0,53.0,24.0,26.0,33.0,25.0,16.0,9.0,64.0,27.0,40.0,30.0,49.0,9.0,40.0,23.0,25.0,33.0,30.0,11.0,21.0,24.0,12.0,16.0,14.0,36.0
1595,2.0,2.0,2.0,2.0,2.0,2.0,2.0,2.0,2.0,2.0,2.0,2.0,2.0,2.0,2.0,2.0,2.0,2.0,2.0,2.0,2.0,2.0,2.0,2.0,2.0,2.0,2.0,2.0,2.0,2.0,2.0,2.0,2.0,2.0,2.0,2.0,2.0,2.0,2.0,2.0,2.0,2.0,2.0,2.0,2.0,2.0,2.0,2.0,2.0,2.0,2.0,2.0,2.0,2.0,2.0,2.0,2.0,2.0,2.0,2.0,2.0,2.0,2.0,2.0,2.0,2.0,2.0,2.0,2.0,2.0,2.0,2.0,2.0,2.0,2.0,2.0,2.0,2.0,2.0,2.0,2.0,2.0,2.0,2.0,2.0,2.0,2.0,2.0,2.0,2.0,2.0,2.0,2.0,2.0,2.0,2.0,2.0,2.0,2.0,2.0,2.0,2.0,2.0,2.0,2.0,2.0,2.0,2.0,2.0,2.0,2.0,2.0,2.0,2.0,2.0,2.0,2.0,2.0,2.0,2.0,2.0,2.0,2.0,2.0,2.0,2.0,2.0,2.0
1607,6.0,6.0,6.0,6.0,6.0,6.0,6.0,7.0,6.0,6.0,6.0,6.0,6.0,6.0,6.0,6.0,6.0,6.0,6.0,6.0,6.0,6.0,6.0,6.0,6.0,6.0,7.0,6.0,6.0,6.0,6.0,6.0,6.0,6.0,6.0,6.0,6.0,6.0,6.0,6.0,6.0,6.0,6.0,6.0,6.0,6.0,6.0,6.0,6.0,6.0,6.0,6.0,6.0,7.0,6.0,6.0,6.0,6.0,6.0,7.0,6.0,6.0,6.0,6.0,7.0,6.0,6.0,6.0,7.0,6.0,7.0,6.0,6.0,6.0,6.0,6.0,6.0,6.0,6.0,6.0,6.0,6.0,6.0,6.0,6.0,6.0,6.0,6.0,6.0,7.0,6.0,6.0,6.0,6.0,6.0,6.0,6.0,6.0,6.0,6.0,7.0,6.0,6.0,6.0,7.0,6.0,6.0,6.0,6.0,6.0,6.0,6.0,6.0,6.0,6.0,6.0,6.0,6.0,7.0,6.0,6.0,6.0,6.0,6.0,6.0,6.0,7.0,6.0
1611,150.0,125.0,172.0,175.0,224.0,27.0,251.0,187.0,32.0,116.0,215.0,38.0,115.0,162.0,217.0,156.0,200.0,225.0,156.0,201.0,194.0,182.0,146.0,139.0,164.0,170.0,167.0,193.0,181.0,195.0,279.0,99.0,171.0,137.0,187.0,123.0,139.0,160.0,131.0,93.0,190.0,267.0,176.0,180.0,242.0,238.0,131.0,206.0,34.0,150.0,172.0,150.0,35.0,183.0,223.0,241.0,161.0,132.0,171.0,154.0,169.0,177.0,136.0,119.0,161.0,34.0,176.0,130.0,34.0,195.0,145.0,159.0,161.0,256.0,185.0,36.0,188.0,190.0,154.0,207.0,154.0,210.0,212.0,214.0,239.0,170.0,180.0,141.0,201.0,126.0,112.0,146.0,137.0,149.0,163.0,146.0,29.0,159.0,178.0,151.0,162.0,153.0,205.0,182.0,27.0,145.0,194.0,29.0,177.0,212.0,189.0,179.0,203.0,167.0,36.0,168.0,238.0,204.0,135.0,133.0,158.0,243.0,170.0,137.0,164.0,183.0,176.0,216.0
1630,26.0,26.0,23.0,19.0,25.0,24.0,21.0,26.0,22.0,21.0,16.0,18.0,17.0,25.0,20.0,14.0,20.0,19.0,23.0,21.0,26.0,22.0,29.0,26.0,26.0,25.0,30.0,29.0,18.0,16.0,17.0,23.0,18.0,23.0,21.0,24.0,22.0,20.0,19.0,25.0,26.0,18.0,17.0,33.0,27.0,28.0,26.0,19.0,23.0,26.0,21.0,26.0,26.0,26.0,27.0,22.0,25.0,26.0,27.0,25.0,25.0,15.0,16.0,17.0,20.0,20.0,26.0,23.0,18.0,19.0,24.0,26.0,26.0,14.0,15.0,19.0,16.0,15.0,17.0,24.0,17.0,23.0,16.0,19.0,27.0,23.0,27.0,16.0,23.0,19.0,22.0,27.0,20.0,15.0,21.0,23.0,20.0,19.0,18.0,22.0,24.0,22.0,33.0,20.0,24.0,26.0,25.0,19.0,25.0,17.0,27.0,12.0,25.0,24.0,23.0,25.0,14.0,22.0,12.0,19.0,19.0,22.0,26.0,24.0,27.0,25.0,27.0,16.0
1634,6.0,4.0,6.0,5.0,5.0,7.0,5.0,5.0,5.0,7.0,5.0,6.0,5.0,5.0,5.0,5.0,5.0,6.0,7.0,4.0,4.0,5.0,4.0,4.0,6.0,5.0,5.0,5.0,8.0,5.0,5.0,5.0,4.0,4.0,5.0,6.0,5.0,5.0,4.0,4.0,4.0,4.0,4.0,4.0,5.0,4.0,5.0,4.0,5.0,5.0,6.0,5.0,5.0,4.0,5.0,4.0,7.0,4.0,6.0,5.0,4.0,4.0,4.0,5.0,5.0,4.0,4.0,4.0,5.0,5.0,5.0,5.0,5.0,4.0,5.0,4.0,4.0,4.0,4.0,4.0,4.0,6.0,4.0,5.0,5.0,5.0,5.0,4.0,5.0,6.0,6.0,7.0,5.0,7.0,5.0,4.0,6.0,4.0,6.0,5.0,4.0,4.0,5.0,7.0,7.0,6.0,5.0,4.0,5.0,6.0,5.0,4.0,5.0,4.0,5.0,6.0,6.0,5.0,5.0,5.0,5.0,4.0,5.0,7.0,6.0,5.0,4.0,4.0
1653,935.0,667.0,7.0,984.0,587.0,33.0,77.0,75.0,11.0,90.0,71.0,12.0,13.0,79.0,33.0,60.0,21.0,78.0,13.0,780.0,21.0,9.0,700.0,702.0,1015.0,643.0,78.0,18.0,83.0,48.0,690.0,13.0,757.0,71.0,1097.0,62.0,16.0,12.0,1018.0,15.0,608.0,7.0,1013.0,740.0,80.0,18.0,493.0,13.0,316.0,729.0,620.0,533.0,18.0,11.0,588.0,12.0,14.0,1190.0,38.0,87.0,666.0,89.0,878.0,754.0,716.0,41.0,58.0,12.0,16.0,689.0,1005.0,12.0,1183.0,68.0,973.0,9.0,19.0,574.0,779.0,8.0,657.0,184.0,10.0,1153.0,17.0,20.0,1162.0,657.0,18.0,694.0,860.0,539.0,691.0,580.0,1045.0,13.0,57.0,16.0,57.0,676.0,528.0,652.0,708.0,665.0,103.0,16.0,791.0,1239.0,46.0,15.0,675.0,665.0,34.0,995.0,848.0,16.0,19.0,13.0,718.0,12.0,14.0,1004.0,809.0,608.0,942.0,849.0,56.0,6.0
1655,23.0,25.0,24.0,28.0,16.0,24.0,24.0,31.0,25.0,25.0,27.0,24.0,30.0,21.0,27.0,25.0,20.0,25.0,31.0,31.0,27.0,25.0,32.0,27.0,26.0,25.0,29.0,17.0,25.0,24.0,34.0,30.0,23.0,27.0,28.0,25.0,28.0,22.0,29.0,25.0,23.0,21.0,28.0,23.0,26.0,22.0,25.0,24.0,25.0,25.0,26.0,23.0,30.0,29.0,26.0,22.0,28.0,22.0,30.0,25.0,31.0,27.0,24.0,23.0,21.0,25.0,29.0,23.0,30.0,27.0,20.0,24.0,29.0,25.0,25.0,24.0,17.0,28.0,27.0,13.0,28.0,24.0,19.0,24.0,24.0,25.0,24.0,32.0,26.0,23.0,20.0,25.0,23.0,27.0,19.0,25.0,28.0,23.0,25.0,24.0,26.0,22.0,24.0,29.0,19.0,21.0,27.0,25.0,38.0,21.0,35.0,25.0,21.0,22.0,26.0,22.0,28.0,21.0,27.0,25.0,34.0,26.0,17.0,25.0,20.0,25.0,21.0,32.0
1664,129.0,171.0,106.0,127.0,155.0,176.0,195.0,163.0,185.0,170.0,113.0,151.0,122.0,164.0,131.0,114.0,116.0,170.0,131.0,106.0,159.0,172.0,172.0,107.0,157.0,113.0,122.0,196.0,113.0,162.0,186.0,146.0,143.0,134.0,143.0,162.0,147.0,153.0,117.0,116.0,171.0,92.0,116.0,133.0,122.0,142.0,138.0,157.0,137.0,127.0,94.0,136.0,154.0,117.0,161.0,171.0,206.0,163.0,158.0,152.0,131.0,139.0,177.0,130.0,153.0,184.0,185.0,176.0,158.0,110.0,223.0,128.0,155.0,165.0,146.0,102.0,117.0,164.0,131.0,103.0,160.0,167.0,186.0,124.0,138.0,154.0,159.0,119.0,184.0,145.0,80.0,149.0,138.0,108.0,155.0,176.0,161.0,183.0,123.0,198.0,129.0,162.0,150.0,175.0,197.0,168.0,141.0,125.0,122.0,170.0,120.0,113.0,145.0,157.0,125.0,150.0,135.0,185.0,142.0,134.0,155.0,117.0,164.0,78.0,191.0,160.0,192.0,128.0
1667,33.0,39.0,33.0,36.0,42.0,32.0,36.0,33.0,39.0,43.0,43.0,32.0,38.0,35.0,34.0,35.0,37.0,34.0,39.0,43.0,34.0,38.0,32.0,33.0,35.0,33.0,42.0,40.0,34.0,34.0,36.0,37.0,33.0,37.0,38.0,35.0,34.0,38.0,31.0,43.0,36.0,38.0,33.0,32.0,38.0,35.0,35.0,38.0,39.0,33.0,34.0,33.0,40.0,38.0,41.0,32.0,31.0,35.0,34.0,34.0,39.0,35.0,36.0,33.0,38.0,43.0,34.0,35.0,34.0,33.0,39.0,33.0,30.0,32.0,34.0,36.0,34.0,35.0,41.0,45.0,35.0,33.0,40.0,33.0,39.0,34.0,41.0,33.0,36.0,37.0,31.0,35.0,38.0,39.0,35.0,35.0,40.0,39.0,44.0,34.0,34.0,33.0,47.0,32.0,36.0,32.0,36.0,40.0,35.0,33.0,33.0,34.0,35.0,38.0,40.0,36.0,33.0,34.0,34.0,44.0,38.0,35.0,34.0,36.0,39.0,34.0,36.0,36.0
1672,396.0,245.0,386.0,819.0,251.0,428.0,277.0,274.0,381.0,8.0,198.0,5.0,59.0,186.0,7.0,255.0,405.0,286.0,223.0,439.0,253.0,243.0,85.0,388.0,14.0,321.0,201.0,383.0,747.0,219.0,360.0,788.0,229.0,306.0,252.0,216.0,228.0,132.0,371.0,186.0,759.0,727.0,256.0,279.0,515.0,431.0,346.0,290.0,717.0,775.0,90.0,244.0,669.0,829.0,5.0,211.0,365.0,12.0,413.0,291.0,316.0,244.0,265.0,313.0,428.0,94.0,461.0,229.0,274.0,179.0,731.0,428.0,321.0,293.0,399.0,314.0,62.0,343.0,674.0,741.0,270.0,292.0,274.0,432.0,5.0,703.0,158.0,425.0,229.0,202.0,395.0,256.0,707.0,501.0,663.0,441.0,264.0,259.0,160.0,693.0,419.0,209.0,6.0,300.0,57.0,373.0,736.0,297.0,266.0,441.0,239.0,650.0,265.0,317.0,233.0,73.0,355.0,81.0,715.0,282.0,365.0,658.0,299.0,271.0,747.0,463.0,262.0,283.0
1684,5.0,8.0,9.0,9.0,9.0,11.0,9.0,8.0,9.0,17.0,11.0,9.0,11.0,5.0,13.0,9.0,7.0,9.0,7.0,6.0,8.0,6.0,5.0,6.0,7.0,5.0,8.0,9.0,12.0,7.0,9.0,9.0,9.0,10.0,10.0,15.0,5.0,5.0,10.0,6.0,12.0,12.0,10.0,10.0,7.0,6.0,9.0,20.0,10.0,6.0,9.0,9.0,14.0,8.0,5.0,6.0,10.0,8.0,9.0,6.0,7.0,5.0,8.0,8.0,10.0,11.0,5.0,7.0,5.0,19.0,14.0,9.0,9.0,10.0,5.0,6.0,6.0,5.0,9.0,8.0,6.0,12.0,12.0,5.0,5.0,6.0,7.0,10.0,9.0,6.0,5.0,10.0,8.0,5.0,7.0,12.0,7.0,8.0,5.0,14.0,6.0,5.0,6.0,24.0,6.0,9.0,7.0,10.0,7.0,6.0,12.0,9.0,6.0,8.0,8.0,7.0,8.0,10.0,8.0,9.0,5.0,9.0,7.0,8.0,7.0,9.0,9.0,5.0
1687,28.0,27.0,31.0,26.0,26.0,26.0,27.0,25.0,22.0,28.0,27.0,26.0,29.0,28.0,24.0,28.0,28.0,33.0,28.0,28.0,25.0,25.0,28.0,27.0,28.0,28.0,30.0,29.0,23.0,28.0,28.0,31.0,26.0,27.0,30.0,28.0,24.0,27.0,26.0,28.0,31.0,29.0,24.0,22.0,25.0,29.0,26.0,28.0,27.0,28.0,27.0,29.0,29.0,25.0,33.0,35.0,24.0,24.0,43.0,32.0,26.0,28.0,30.0,28.0,26.0,29.0,29.0,28.0,28.0,32.0,28.0,31.0,29.0,29.0,30.0,29.0,29.0,30.0,27.0,29.0,24.0,29.0,27.0,28.0,29.0,30.0,29.0,32.0,27.0,30.0,28.0,29.0,33.0,29.0,29.0,29.0,25.0,26.0,25.0,28.0,33.0,30.0,27.0,27.0,34.0,30.0,28.0,31.0,30.0,25.0,27.0,32.0,28.0,30.0,31.0,31.0,31.0,28.0,24.0,26.0,26.0,28.0,24.0,26.0,33.0,24.0,28.0,28.0
1707,66.0,67.0,77.0,80.0,69.0,71.0,74.0,71.0,80.0,74.0,86.0,73.0,71.0,76.0,63.0,69.0,72.0,75.0,73.0,69.0,57.0,74.0,74.0,51.0,68.0,66.0,76.0,75.0,78.0,73.0,80.0,73.0,60.0,95.0,77.0,65.0,71.0,59.0,66.0,64.0,70.0,85.0,68.0,73.0,79.0,75.0,68.0,61.0,87.0,56.0,67.0,83.0,70.0,69.0,68.0,62.0,59.0,74.0,59.0,75.0,76.0,60.0,57.0,73.0,79.0,79.0,68.0,70.0,83.0,70.0,80.0,65.0,73.0,73.0,68.0,64.0,79.0,71.0,58.0,63.0,58.0,64.0,80.0,58.0,82.0,52.0,81.0,63.0,71.0,83.0,57.0,62.0,72.0,66.0,63.0,73.0,72.0,79.0,81.0,81.0,87.0,82.0,54.0,64.0,86.0,66.0,83.0,82.0,58.0,73.0,74.0,74.0,70.0,77.0,60.0,74.0,53.0,77.0,64.0,80.0,55.0,74.0,71.0,55.0,80.0,76.0,68.0,73.0
1709,44.0,42.0,42.0,53.0,49.0,56.0,52.0,42.0,41.0,49.0,52.0,50.0,52.0,42.0,37.0,41.0,47.0,42.0,45.0,48.0,39.0,42.0,42.0,58.0,48.0,33.0,44.0,51.0,42.0,50.0,43.0,49.0,42.0,38.0,41.0,41.0,53.0,49.0,42.0,49.0,33.0,47.0,53.0,40.0,43.0,45.0,45.0,33.0,42.0,45.0,45.0,51.0,40.0,38.0,52.0,39.0,37.0,41.0,42.0,48.0,37.0,53.0,49.0,48.0,41.0,34.0,40.0,49.0,40.0,47.0,41.0,55.0,38.0,43.0,39.0,41.0,47.0,47.0,47.0,52.0,42.0,39.0,33.0,50.0,39.0,40.0,54.0,36.0,46.0,38.0,47.0,46.0,43.0,48.0,39.0,48.0,49.0,48.0,37.0,46.0,42.0,46.0,49.0,36.0,51.0,47.0,35.0,45.0,48.0,42.0,44.0,46.0,52.0,45.0,55.0,32.0,36.0,44.0,51.0,43.0,50.0,46.0,35.0,42.0,40.0,47.0,45.0,45.0
1713,420.0,392.0,827.0,374.0,827.0,538.0,539.0,383.0,786.0,420.0,405.0,416.0,412.0,451.0,462.0,591.0,219.0,696.0,474.0,748.0,539.0,547.0,566.0,577.0,537.0,520.0,537.0,666.0,569.0,675.0,846.0,530.0,608.0,624.0,517.0,533.0,544.0,819.0,466.0,578.0,201.0,556.0,596.0,653.0,589.0,644.0,687.0,619.0,635.0,594.0,503.0,566.0,895.0,887.0,528.0,601.0,508.0,557.0,930.0,577.0,559.0,598.0,609.0,473.0,626.0,611.0,561.0,516.0,570.0,553.0,578.0,638.0,569.0,501.0,516.0,573.0,852.0,606.0,574.0,497.0,528.0,594.0,652.0,561.0,606.0,469.0,521.0,597.0,574.0,655.0,564.0,622.0,501.0,528.0,745.0,691.0,555.0,519.0,688.0,543.0,617.0,514.0,570.0,1001.0,519.0,581.0,536.0,520.0,576.0,1117.0,1033.0,560.0,521.0,603.0,620.0,877.0,522.0,528.0,534.0,869.0,458.0,702.0,599.0,967.0,588.0,578.0,569.0,631.0
1718,18.0,6.0,7.0,7.0,6.0,6.0,5.0,17.0,17.0,49.0,5.0,17.0,10.0,6.0,12.0,7.0,6.0,34.0,17.0,18.0,14.0,5.0,5.0,18.0,20.0,23.0,7.0,8.0,7.0,13.0,8.0,6.0,8.0,9.0,7.0,7.0,4.0,6.0,36.0,6.0,23.0,5.0,5.0,5.0,23.0,6.0,11.0,9.0,6.0,7.0,74.0,6.0,12.0,38.0,6.0,7.0,6.0,12.0,41.0,17.0,9.0,5.0,7.0,5.0,7.0,47.0,6.0,7.0,5.0,30.0,20.0,6.0,6.0,6.0,58.0,10.0,17.0,7.0,21.0,9.0,27.0,55.0,6.0,5.0,6.0,6.0,6.0,17.0,43.0,5.0,20.0,5.0,8.0,5.0,8.0,47.0,36.0,7.0,9.0,5.0,8.0,22.0,14.0,9.0,27.0,5.0,7.0,5.0,9.0,113.0,7.0,109.0,13.0,21.0,6.0,7.0,7.0,8.0,5.0,32.0,7.0,6.0,14.0,5.0,6.0,12.0,7.0,7.0
1720,837.0,19.0,21.0,20.0,946.0,53.0,22.0,559.0,635.0,8.0,18.0,21.0,20.0,20.0,21.0,16.0,18.0,17.0,23.0,592.0,801.0,23.0,18.0,25.0,19.0,552.0,18.0,20.0,16.0,16.0,17.0,21.0,935.0,16.0,22.0,669.0,19.0,22.0,23.0,69.0,21.0,7.0,18.0,25.0,708.0,22.0,20.0,23.0,21.0,16.0,20.0,19.0,546.0,23.0,21.0,21.0,24.0,779.0,21.0,22.0,19.0,21.0,18.0,16.0,16.0,18.0,17.0,19.0,20.0,537.0,22.0,27.0,23.0,506.0,654.0,21.0,577.0,21.0,380.0,23.0,20.0,22.0,18.0,25.0,21.0,21.0,17.0,20.0,19.0,19.0,786.0,588.0,23.0,21.0,19.0,21.0,16.0,19.0,22.0,559.0,18.0,19.0,19.0,16.0,21.0,118.0,21.0,22.0,29.0,22.0,733.0,22.0,29.0,84.0,19.0,19.0,20.0,18.0,25.0,20.0,756.0,16.0,19.0,22.0,21.0,17.0,16.0,457.0
1721,1.0,695.0,1.0,763.0,1.0,1.0,765.0,807.0,797.0,1.0,752.0,1.0,796.0,1.0,1.0,1.0,851.0,798.0,812.0,1.0,886.0,1.0,1.0,1.0,1.0,865.0,800.0,1.0,1.0,849.0,836.0,855.0,859.0,1.0,1.0,817.0,1.0,1.0,1.0,819.0,1.0,798.0,819.0,823.0,1.0,1.0,868.0,884.0,886.0,831.0,868.0,1.0,835.0,865.0,806.0,839.0,1.0,959.0,1.0,825.0,1.0,1.0,901.0,852.0,1.0,835.0,1.0,1.0,1.0,836.0,831.0,867.0,1.0,804.0,1.0,850.0,1.0,865.0,939.0,830.0,1.0,1.0,1.0,1.0,788.0,1.0,850.0,823.0,858.0,883.0,937.0,1.0,919.0,1.0,863.0,840.0,1.0,1.0,1.0,836.0,1.0,1.0,876.0,1.0,1.0,1.0,864.0,847.0,877.0,1.0,861.0,1.0,894.0,1.0,1.0,837.0,1.0,1.0,830.0,1.0,1.0,1.0,873.0,838.0,1.0,844.0,837.0,1.0
1726,1066.0,1033.0,1044.0,983.0,995.0,3.0,3.0,1017.0,3.0,1020.0,3.0,3.0,1001.0,3.0,2.0,4.0,4.0,1042.0,3.0,3.0,1017.0,1028.0,1041.0,3.0,3.0,1029.0,3.0,1054.0,1027.0,3.0,3.0,1030.0,3.0,3.0,4.0,1039.0,3.0,1065.0,997.0,1050.0,1038.0,1044.0,1042.0,1026.0,981.0,1049.0,3.0,2.0,4.0,984.0,1020.0,1023.0,1062.0,1050.0,3.0,1002.0,1027.0,1023.0,3.0,3.0,1011.0,1043.0,3.0,3.0,3.0,3.0,1018.0,1041.0,3.0,1004.0,3.0,3.0,2.0,1034.0,975.0,975.0,987.0,3.0,3.0,1135.0,3.0,1023.0,996.0,4.0,1005.0,1049.0,1028.0,3.0,4.0,1044.0,4.0,1042.0,1023.0,1017.0,1062.0,1036.0,3.0,4.0,1106.0,1033.0,3.0,3.0,1140.0,3.0,3.0,1041.0,3.0,989.0,1099.0,3.0,1006.0,2.0,2.0,1031.0,1045.0,3.0,995.0,3.0,3.0,3.0,3.0,1015.0,4.0,1014.0,3.0,1044.0,1105.0,3.0
1734,3.0,2.0,3.0,3.0,3.0,3.0,1059.0,1014.0,1025.0,1015.0,2.0,3.0,2.0,989.0,1050.0,3.0,3.0,1063.0,1022.0,1081.0,3.0,2.0,1034.0,3.0,3.0,3.0,1046.0,1063.0,1029.0,1021.0,3.0,2.0,3.0,1059.0,3.0,1040.0,3.0,3.0,1004.0,3.0,3.0,1042.0,1070.0,1025.0,3.0,2.0,1044.0,3.0,1088.0,985.0,2.0,1026.0,3.0,2.0,1092.0,998.0,1041.0,1027.0,3.0,1101.0,3.0,1044.0,3.0,2.0,1081.0,1034.0,1018.0,3.0,1026.0,3.0,3.0,1023.0,1044.0,1038.0,3.0,3.0,988.0,1024.0,2.0,1133.0,3.0,3.0,3.0,1023.0,998.0,1046.0,1029.0,1039.0,1110.0,3.0,3.0,1040.0,1026.0,1016.0,1089.0,2.0,1009.0,1069.0,2.0,1032.0,3.0,1110.0,1141.0,1047.0,1031.0,3.0,1057.0,987.0,1104.0,1038.0,3.0,2.0,1064.0,1078.0,1056.0,1060.0,2.0,1039.0,3.0,1050.0,2.0,1016.0,3.0,2.0,3.0,1087.0,3.0,1032.0
1745,48.0,59.0,104.0,63.0,45.0,60.0,73.0,185.0,212.0,310.0,226.0,85.0,96.0,754.0,61.0,64.0,102.0,106.0,142.0,76.0,168.0,63.0,130.0,303.0,129.0,143.0,62.0,159.0,180.0,103.0,200.0,136.0,76.0,141.0,104.0,296.0,120.0,72.0,142.0,366.0,72.0,81.0,132.0,64.0,169.0,100.0,69.0,182.0,222.0,138.0,174.0,158.0,46.0,112.0,168.0,194.0,144.0,117.0,283.0,91.0,175.0,63.0,74.0,42.0,68.0,146.0,68.0,59.0,200.0,316.0,150.0,86.0,282.0,308.0,352.0,114.0,152.0,86.0,177.0,131.0,152.0,200.0,164.0,189.0,137.0,133.0,148.0,70.0,244.0,72.0,175.0,322.0,115.0,136.0,86.0,97.0,293.0,92.0,58.0,165.0,72.0,89.0,185.0,406.0,184.0,391.0,82.0,175.0,107.0,159.0,369.0,78.0,124.0,332.0,235.0,64.0,32.0,86.0,177.0,69.0,90.0,78.0,135.0,67.0,207.0,86.0,41.0,175.0
1749,81.0,96.0,195.0,111.0,129.0,36.0,109.0,95.0,97.0,98.0,98.0,539.0,117.0,126.0,113.0,97.0,127.0,159.0,97.0,103.0,85.0,99.0,104.0,85.0,105.0,95.0,89.0,126.0,126.0,126.0,141.0,103.0,86.0,100.0,111.0,91.0,124.0,100.0,89.0,109.0,129.0,132.0,106.0,95.0,124.0,142.0,113.0,104.0,103.0,114.0,101.0,120.0,97.0,122.0,105.0,103.0,116.0,75.0,70.0,117.0,101.0,86.0,97.0,89.0,82.0,103.0,109.0,122.0,46.0,88.0,114.0,109.0,120.0,88.0,103.0,37.0,124.0,169.0,87.0,95.0,96.0,140.0,98.0,94.0,121.0,111.0,143.0,93.0,104.0,81.0,93.0,101.0,109.0,119.0,100.0,116.0,104.0,84.0,104.0,119.0,97.0,105.0,160.0,109.0,108.0,99.0,97.0,116.0,77.0,133.0,104.0,90.0,96.0,107.0,43.0,127.0,111.0,129.0,75.0,100.0,99.0,134.0,94.0,88.0,98.0,98.0,132.0,117.0
1753,1.0,1399.0,1.0,1197.0,1.0,1136.0,1201.0,1.0,685.0,1.0,1141.0,1.0,1364.0,1207.0,1.0,1190.0,1.0,1.0,1.0,1.0,1279.0,1.0,1316.0,1.0,1270.0,1.0,1.0,1.0,1241.0,1223.0,1223.0,1368.0,1.0,1.0,1202.0,1279.0,1223.0,1.0,1.0,1290.0,1268.0,1391.0,1326.0,216.0,1.0,1315.0,1345.0,1.0,1.0,1305.0,1.0,1.0,1.0,1.0,1262.0,1073.0,1294.0,1.0,1.0,1.0,1253.0,1.0,1.0,1.0,1.0,1.0,1.0,1.0,1.0,1182.0,1.0,133.0,1379.0,1234.0,1.0,1012.0,1290.0,1368.0,1231.0,1296.0,1.0,1250.0,1.0,1.0,1180.0,1.0,1.0,1.0,1.0,1.0,1280.0,1387.0,1249.0,1280.0,1214.0,1.0,1238.0,1.0,1291.0,1.0,1.0,1.0,1221.0,1260.0,1.0,1263.0,1218.0,1223.0,1362.0,1235.0,1249.0,1.0,1185.0,1253.0,1.0,1.0,1.0,1318.0,1.0,1338.0,1.0,1.0,1.0,1255.0,1.0,1420.0,1210.0,1.0
1757,44.0,49.0,51.0,498.0,55.0,52.0,51.0,53.0,50.0,51.0,504.0,49.0,53.0,51.0,515.0,46.0,47.0,748.0,51.0,50.0,51.0,52.0,49.0,600.0,533.0,662.0,41.0,688.0,534.0,493.0,520.0,52.0,49.0,45.0,52.0,41.0,47.0,49.0,56.0,45.0,50.0,38.0,520.0,53.0,54.0,57.0,534.0,53.0,47.0,478.0,488.0,51.0,53.0,58.0,52.0,51.0,51.0,48.0,51.0,45.0,38.0,47.0,52.0,46.0,49.0,44.0,50.0,44.0,50.0,52.0,513.0,43.0,42.0,510.0,49.0,49.0,537.0,609.0,631.0,48.0,80.0,53.0,52.0,50.0,47.0,557.0,48.0,53.0,283.0,50.0,55.0,537.0,486.0,537.0,46.0,52.0,58.0,42.0,52.0,53.0,53.0,45.0,46.0,49.0,49.0,510.0,43.0,51.0,47.0,51.0,46.0,41.0,463.0,53.0,50.0,586.0,50.0,580.0,469.0,44.0,51.0,515.0,50.0,48.0,46.0,53.0,693.0,50.0
1765,15.0,15.0,14.0,15.0,15.0,15.0,15.0,16.0,15.0,13.0,15.0,12.0,16.0,15.0,15.0,15.0,14.0,15.0,15.0,15.0,14.0,15.0,14.0,15.0,14.0,15.0,13.0,12.0,15.0,13.0,16.0,15.0,14.0,14.0,15.0,14.0,14.0,14.0,15.0,15.0,15.0,14.0,15.0,15.0,15.0,15.0,15.0,15.0,13.0,15.0,15.0,15.0,16.0,15.0,13.0,15.0,14.0,15.0,15.0,15.0,16.0,15.0,14.0,15.0,15.0,13.0,15.0,15.0,13.0,14.0,15.0,15.0,16.0,14.0,14.0,14.0,15.0,15.0,15.0,16.0,15.0,15.0,14.0,15.0,14.0,14.0,13.0,15.0,14.0,15.0,15.0,14.0,15.0,15.0,15.0,15.0,15.0,15.0,15.0,15.0,15.0,15.0,13.0,15.0,15.0,15.0,14.0,15.0,14.0,14.0,15.0,15.0,13.0,16.0,14.0,15.0,15.0,14.0,15.0,15.0,14.0,15.0,15.0,14.0,15.0,14.0,16.0,15.0
1772,56.0,14.0,23.0,26.0,48.0,61.0,14.0,42.0,17.0,35.0,16.0,15.0,26.0,28.0,15.0,18.0,60.0,33.0,36.0,48.0,17.0,23.0,38.0,55.0,79.0,37.0,46.0,36.0,52.0,51.0,20.0,17.0,22.0,15.0,18.0,18.0,33.0,43.0,28.0,25.0,27.0,17.0,18.0,25.0,19.0,31.0,5.0,25.0,29.0,17.0,31.0,52.0,55.0,57.0,46.0,16.0,21.0,20.0,18.0,47.0,19.0,21.0,24.0,18.0,19.0,50.0,49.0,54.0,65.0,26.0,15.0,45.0,19.0,14.0,22.0,50.0,46.0,23.0,43.0,51.0,31.0,22.0,12.0,38.0,38.0,15.0,20.0,17.0,16.0,21.0,22.0,18.0,18.0,19.0,41.0,28.0,18.0,20.0,28.0,37.0,43.0,23.0,20.0,5.0,46.0,35.0,58.0,20.0,26.0,13.0,18.0,41.0,26.0,16.0,27.0,42.0,27.0,35.0,25.0,48.0,39.0,20.0,42.0,16.0,18.0,18.0,42.0,21.0
1775,16.0,5.0,6.0,9.0,15.0,5.0,16.0,6.0,15.0,95.0,21.0,6.0,5.0,27.0,101.0,14.0,41.0,24.0,15.0,6.0,14.0,12.0,7.0,7.0,31.0,20.0,7.0,20.0,6.0,6.0,16.0,98.0,5.0,10.0,4.0,13.0,11.0,6.0,23.0,66.0,56.0,5.0,81.0,12.0,25.0,91.0,7.0,17.0,22.0,14.0,15.0,85.0,29.0,29.0,11.0,8.0,71.0,23.0,40.0,5.0,6.0,6.0,10.0,53.0,38.0,30.0,19.0,5.0,42.0,7.0,88.0,5.0,22.0,20.0,14.0,39.0,64.0,26.0,12.0,95.0,9.0,29.0,10.0,27.0,6.0,9.0,26.0,32.0,42.0,6.0,9.0,28.0,82.0,71.0,6.0,5.0,6.0,6.0,53.0,54.0,20.0,26.0,50.0,24.0,6.0,8.0,5.0,71.0,51.0,15.0,25.0,22.0,12.0,27.0,7.0,17.0,42.0,102.0,73.0,15.0,9.0,6.0,22.0,12.0,17.0,37.0,33.0,66.0
1782,5.0,5.0,6.0,5.0,6.0,5.0,5.0,5.0,6.0,7.0,7.0,6.0,5.0,5.0,5.0,5.0,5.0,5.0,5.0,5.0,5.0,5.0,5.0,6.0,5.0,7.0,5.0,5.0,6.0,6.0,6.0,5.0,5.0,5.0,5.0,5.0,5.0,6.0,6.0,5.0,5.0,5.0,5.0,6.0,5.0,5.0,7.0,5.0,5.0,7.0,5.0,6.0,5.0,5.0,6.0,5.0,5.0,5.0,5.0,5.0,5.0,5.0,5.0,6.0,6.0,6.0,7.0,7.0,5.0,6.0,5.0,7.0,5.0,5.0,6.0,6.0,6.0,6.0,6.0,6.0,5.0,5.0,5.0,5.0,5.0,6.0,5.0,5.0,5.0,5.0,5.0,5.0,5.0,6.0,5.0,6.0,5.0,6.0,6.0,5.0,5.0,6.0,7.0,6.0,6.0,6.0,5.0,7.0,5.0,5.0,5.0,5.0,6.0,6.0,5.0,6.0,5.0,5.0,5.0,6.0,5.0,5.0,5.0,6.0,5.0,5.0,6.0,5.0
1786,7.0,8.0,7.0,8.0,5.0,9.0,7.0,11.0,7.0,11.0,5.0,6.0,7.0,5.0,6.0,5.0,5.0,8.0,7.0,6.0,5.0,7.0,6.0,8.0,5.0,9.0,6.0,7.0,8.0,7.0,7.0,8.0,6.0,8.0,6.0,6.0,7.0,6.0,11.0,7.0,7.0,8.0,5.0,9.0,5.0,6.0,6.0,5.0,7.0,6.0,6.0,7.0,8.0,9.0,9.0,6.0,6.0,5.0,5.0,6.0,6.0,7.0,8.0,6.0,7.0,11.0,7.0,9.0,6.0,5.0,8.0,7.0,5.0,7.0,7.0,7.0,6.0,5.0,5.0,5.0,7.0,8.0,7.0,9.0,8.0,9.0,5.0,7.0,6.0,6.0,5.0,5.0,7.0,7.0,8.0,5.0,6.0,10.0,6.0,7.0,6.0,6.0,5.0,8.0,7.0,6.0,7.0,7.0,8.0,5.0,7.0,6.0,7.0,8.0,6.0,6.0,5.0,6.0,5.0,8.0,7.0,5.0,7.0,7.0,7.0,5.0,6.0,5.0
1788,1.0,1.0,1.0,1.0,1.0,1.0,1.0,1.0,1.0,1.0,1.0,1.0,1.0,1.0,1.0,1.0,1.0,1.0,1.0,1.0,1.0,1.0,1.0,1.0,1.0,1.0,1.0,1.0,1.0,1.0,1.0,1.0,1.0,1.0,1.0,1.0,1.0,1.0,1.0,1.0,1.0,1.0,1.0,1.0,1.0,1.0,1.0,1.0,1.0,1.0,1.0,1.0,1.0,2.0,1.0,1.0,1.0,1.0,1.0,1.0,1.0,1.0,1.0,1.0,1.0,1.0,1.0,1.0,1.0,1.0,1.0,1.0,1.0,1.0,1.0,1.0,1.0,1.0,1.0,1.0,1.0,1.0,1.0,1.0,1.0,1.0,1.0,1.0,1.0,1.0,1.0,1.0,1.0,1.0,1.0,1.0,1.0,1.0,1.0,1.0,1.0,1.0,1.0,1.0,1.0,1.0,1.0,1.0,1.0,1.0,1.0,1.0,1.0,1.0,1.0,1.0,1.0,1.0,1.0,1.0,1.0,1.0,1.0,1.0,1.0,1.0,1.0,1.0
1808,31.0,20.0,22.0,17.0,22.0,17.0,17.0,21.0,35.0,103.0,14.0,19.0,20.0,34.0,24.0,47.0,29.0,22.0,38.0,16.0,17.0,21.0,63.0,17.0,29.0,31.0,23.0,21.0,50.0,29.0,20.0,21.0,25.0,19.0,14.0,26.0,24.0,98.0,14.0,11.0,23.0,19.0,21.0,20.0,17.0,38.0,25.0,28.0,26.0,21.0,87.0,27.0,25.0,20.0,17.0,19.0,34.0,42.0,18.0,19.0,26.0,51.0,72.0,36.0,24.0,25.0,26.0,30.0,16.0,28.0,18.0,16.0,21.0,20.0,44.0,19.0,16.0,15.0,18.0,33.0,30.0,28.0,16.0,20.0,67.0,23.0,24.0,104.0,23.0,21.0,18.0,27.0,136.0,23.0,44.0,22.0,47.0,29.0,18.0,22.0,27.0,23.0,19.0,14.0,33.0,26.0,18.0,25.0,28.0,20.0,18.0,17.0,14.0,46.0,12.0,19.0,38.0,18.0,27.0,28.0,49.0,27.0,49.0,15.0,15.0,13.0,18.0,23.0
1816,5.0,9.0,7.0,8.0,7.0,7.0,8.0,8.0,8.0,6.0,6.0,7.0,7.0,7.0,7.0,6.0,8.0,7.0,6.0,7.0,7.0,6.0,7.0,7.0,7.0,8.0,7.0,7.0,7.0,6.0,7.0,7.0,9.0,7.0,8.0,7.0,8.0,7.0,7.0,7.0,7.0,7.0,8.0,7.0,9.0,7.0,7.0,8.0,7.0,7.0,7.0,6.0,9.0,11.0,6.0,9.0,7.0,8.0,7.0,6.0,7.0,7.0,6.0,6.0,6.0,7.0,7.0,7.0,7.0,7.0,7.0,9.0,7.0,7.0,9.0,7.0,8.0,7.0,8.0,7.0,7.0,7.0,7.0,7.0,7.0,8.0,7.0,6.0,7.0,7.0,7.0,8.0,7.0,6.0,9.0,7.0,9.0,7.0,7.0,7.0,7.0,9.0,7.0,8.0,8.0,9.0,7.0,8.0,8.0,7.0,6.0,7.0,8.0,7.0,7.0,6.0,7.0,7.0,7.0,7.0,7.0,7.0,6.0,6.0,7.0,9.0,7.0,9.0
1825,71.0,43.0,65.0,53.0,67.0,50.0,43.0,58.0,70.0,52.0,71.0,59.0,64.0,65.0,51.0,61.0,69.0,71.0,61.0,50.0,44.0,73.0,54.0,69.0,67.0,71.0,76.0,65.0,61.0,65.0,61.0,59.0,56.0,74.0,64.0,41.0,65.0,67.0,68.0,51.0,60.0,56.0,42.0,91.0,46.0,58.0,64.0,57.0,66.0,47.0,57.0,55.0,62.0,63.0,63.0,47.0,55.0,59.0,58.0,63.0,52.0,54.0,73.0,68.0,61.0,60.0,61.0,57.0,44.0,56.0,60.0,76.0,67.0,52.0,59.0,56.0,48.0,67.0,66.0,56.0,59.0,52.0,61.0,55.0,77.0,62.0,52.0,79.0,58.0,59.0,42.0,56.0,58.0,51.0,72.0,77.0,56.0,51.0,37.0,69.0,76.0,42.0,60.0,58.0,58.0,62.0,51.0,72.0,56.0,72.0,65.0,54.0,50.0,96.0,52.0,68.0,45.0,62.0,61.0,59.0,61.0,75.0,77.0,60.0,64.0,60.0,64.0,60.0
1833,8.0,7.0,8.0,5.0,8.0,7.0,9.0,12.0,15.0,9.0,8.0,12.0,6.0,8.0,6.0,9.0,9.0,8.0,21.0,10.0,8.0,14.0,17.0,14.0,6.0,7.0,13.0,6.0,8.0,7.0,5.0,9.0,9.0,6.0,6.0,5.0,8.0,7.0,11.0,8.0,9.0,9.0,8.0,8.0,10.0,18.0,7.0,8.0,7.0,12.0,9.0,11.0,18.0,5.0,8.0,26.0,5.0,22.0,10.0,6.0,14.0,8.0,8.0,7.0,16.0,5.0,6.0,8.0,9.0,8.0,20.0,8.0,5.0,8.0,6.0,11.0,18.0,11.0,6.0,17.0,8.0,16.0,8.0,12.0,5.0,8.0,6.0,13.0,9.0,14.0,7.0,15.0,9.0,7.0,10.0,13.0,11.0,14.0,8.0,7.0,6.0,7.0,7.0,9.0,8.0,7.0,6.0,19.0,15.0,10.0,12.0,5.0,8.0,13.0,8.0,13.0,10.0,9.0,8.0,6.0,6.0,9.0,8.0,14.0,8.0,8.0,7.0,9.0
1840,11.0,11.0,11.0,11.0,11.0,11.0,11.0,11.0,11.0,11.0,11.0,11.0,11.0,11.0,11.0,11.0,11.0,11.0,11.0,11.0,11.0,11.0,11.0,11.0,11.0,11.0,11.0,11.0,11.0,11.0,11.0,11.0,11.0,10.0,11.0,11.0,11.0,11.0,11.0,11.0,11.0,11.0,11.0,11.0,11.0,11.0,11.0,11.0,11.0,11.0,11.0,11.0,11.0,11.0,11.0,11.0,11.0,11.0,11.0,11.0,11.0,11.0,11.0,11.0,11.0,11.0,11.0,11.0,11.0,11.0,11.0,10.0,11.0,11.0,11.0,11.0,11.0,11.0,11.0,11.0,11.0,11.0,11.0,11.0,11.0,11.0,11.0,11.0,11.0,10.0,11.0,11.0,11.0,11.0,11.0,11.0,11.0,11.0,11.0,11.0,11.0,11.0,11.0,11.0,11.0,12.0,11.0,12.0,11.0,11.0,11.0,12.0,11.0,11.0,11.0,11.0,11.0,11.0,11.0,11.0,11.0,11.0,11.0,11.0,11.0,11.0,11.0,11.0
1850,44.0,35.0,20.0,55.0,43.0,42.0,52.0,34.0,44.0,41.0,43.0,71.0,29.0,45.0,20.0,79.0,45.0,67.0,101.0,49.0,18.0,54.0,84.0,45.0,40.0,18.0,50.0,96.0,74.0,39.0,37.0,21.0,23.0,21.0,70.0,38.0,46.0,41.0,67.0,50.0,61.0,47.0,39.0,51.0,46.0,47.0,58.0,65.0,50.0,20.0,43.0,42.0,70.0,41.0,41.0,49.0,43.0,40.0,87.0,56.0,40.0,46.0,47.0,51.0,37.0,21.0,52.0,65.0,93.0,40.0,93.0,80.0,48.0,78.0,94.0,78.0,27.0,54.0,41.0,54.0,46.0,81.0,17.0,54.0,47.0,46.0,56.0,45.0,61.0,48.0,43.0,62.0,51.0,69.0,37.0,81.0,43.0,68.0,65.0,49.0,77.0,50.0,17.0,54.0,70.0,39.0,73.0,48.0,86.0,18.0,51.0,55.0,69.0,43.0,52.0,54.0,40.0,86.0,44.0,49.0,49.0,47.0,36.0,48.0,51.0,45.0,27.0,43.0
1856,27.0,20.0,43.0,166.0,35.0,22.0,25.0,22.0,22.0,19.0,42.0,23.0,37.0,38.0,25.0,38.0,36.0,182.0,42.0,25.0,29.0,31.0,24.0,39.0,37.0,33.0,31.0,40.0,30.0,34.0,30.0,37.0,83.0,40.0,36.0,23.0,32.0,50.0,30.0,36.0,26.0,32.0,45.0,125.0,36.0,117.0,22.0,38.0,35.0,22.0,19.0,35.0,33.0,33.0,27.0,21.0,20.0,35.0,26.0,44.0,28.0,21.0,21.0,41.0,34.0,54.0,31.0,24.0,28.0,22.0,21.0,40.0,40.0,6.0,24.0,22.0,35.0,22.0,38.0,42.0,27.0,46.0,32.0,32.0,37.0,47.0,22.0,26.0,29.0,30.0,32.0,41.0,40.0,35.0,35.0,44.0,29.0,47.0,24.0,6.0,33.0,28.0,40.0,35.0,47.0,37.0,51.0,21.0,26.0,38.0,52.0,97.0,22.0,32.0,21.0,29.0,31.0,20.0,23.0,45.0,37.0,106.0,24.0,38.0,41.0,24.0,24.0,36.0
1858,19.0,20.0,21.0,18.0,22.0,17.0,20.0,20.0,18.0,20.0,18.0,18.0,21.0,17.0,20.0,19.0,22.0,19.0,22.0,19.0,18.0,17.0,19.0,21.0,20.0,21.0,17.0,20.0,20.0,18.0,19.0,19.0,17.0,19.0,20.0,18.0,20.0,19.0,19.0,19.0,18.0,19.0,19.0,20.0,19.0,20.0,18.0,20.0,18.0,20.0,17.0,20.0,20.0,19.0,22.0,21.0,19.0,21.0,19.0,20.0,20.0,21.0,21.0,20.0,17.0,20.0,20.0,17.0,19.0,19.0,20.0,21.0,21.0,18.0,18.0,19.0,17.0,20.0,17.0,21.0,21.0,20.0,18.0,20.0,21.0,19.0,20.0,21.0,20.0,18.0,18.0,21.0,21.0,20.0,19.0,21.0,19.0,20.0,18.0,22.0,19.0,20.0,18.0,20.0,18.0,19.0,19.0,20.0,18.0,17.0,19.0,19.0,20.0,20.0,20.0,19.0,21.0,18.0,19.0,20.0,19.0,20.0,20.0,20.0,19.0,21.0,19.0,19.0
1860,42.0,43.0,17.0,32.0,54.0,55.0,21.0,14.0,21.0,63.0,14.0,34.0,46.0,59.0,15.0,56.0,88.0,30.0,21.0,60.0,94.0,35.0,97.0,104.0,20.0,38.0,109.0,105.0,39.0,33.0,130.0,106.0,53.0,33.0,110.0,31.0,116.0,12.0,115.0,12.0,15.0,71.0,96.0,31.0,48.0,83.0,21.0,47.0,16.0,20.0,47.0,19.0,86.0,36.0,18.0,43.0,26.0,27.0,50.0,31.0,18.0,9.0,20.0,90.0,95.0,12.0,28.0,44.0,13.0,53.0,65.0,109.0,33.0,19.0,32.0,42.0,40.0,43.0,41.0,48.0,310.0,25.0,45.0,69.0,94.0,32.0,10.0,90.0,29.0,103.0,31.0,15.0,85.0,30.0,39.0,16.0,23.0,74.0,36.0,27.0,22.0,34.0,29.0,60.0,24.0,57.0,33.0,34.0,46.0,39.0,53.0,57.0,19.0,109.0,37.0,55.0,46.0,33.0,14.0,34.0,37.0,24.0,25.0,23.0,14.0,16.0,105.0,10.0
1865,124.0,48.0,41.0,60.0,41.0,45.0,32.0,34.0,41.0,68.0,56.0,79.0,40.0,42.0,43.0,108.0,96.0,60.0,54.0,51.0,41.0,62.0,43.0,42.0,65.0,85.0,41.0,38.0,99.0,44.0,48.0,117.0,43.0,82.0,57.0,47.0,93.0,34.0,89.0,93.0,39.0,50.0,86.0,77.0,59.0,50.0,57.0,97.0,58.0,49.0,33.0,78.0,65.0,83.0,74.0,41.0,40.0,127.0,52.0,73.0,42.0,80.0,33.0,44.0,46.0,47.0,62.0,64.0,46.0,38.0,56.0,106.0,36.0,50.0,49.0,35.0,67.0,52.0,43.0,73.0,81.0,35.0,50.0,136.0,47.0,46.0,90.0,36.0,96.0,44.0,51.0,42.0,89.0,45.0,34.0,61.0,41.0,106.0,94.0,55.0,43.0,70.0,40.0,58.0,38.0,65.0,52.0,113.0,43.0,110.0,40.0,126.0,88.0,35.0,41.0,46.0,43.0,74.0,54.0,51.0,57.0,42.0,92.0,39.0,48.0,91.0,53.0,53.0
1874,50.0,63.0,72.0,106.0,136.0,103.0,70.0,129.0,73.0,587.0,132.0,138.0,115.0,76.0,123.0,115.0,146.0,161.0,90.0,159.0,63.0,89.0,143.0,152.0,77.0,130.0,128.0,115.0,98.0,95.0,85.0,77.0,175.0,92.0,57.0,130.0,167.0,70.0,104.0,108.0,117.0,84.0,86.0,122.0,93.0,134.0,150.0,174.0,61.0,103.0,79.0,70.0,121.0,128.0,124.0,79.0,164.0,61.0,44.0,111.0,159.0,94.0,130.0,109.0,138.0,79.0,105.0,130.0,130.0,140.0,134.0,154.0,88.0,139.0,147.0,144.0,125.0,141.0,129.0,87.0,116.0,106.0,149.0,160.0,137.0,139.0,175.0,91.0,127.0,102.0,68.0,106.0,110.0,131.0,130.0,121.0,112.0,125.0,128.0,95.0,88.0,146.0,141.0,166.0,149.0,83.0,70.0,117.0,128.0,54.0,114.0,74.0,122.0,130.0,110.0,193.0,147.0,161.0,101.0,102.0,60.0,71.0,125.0,122.0,142.0,163.0,142.0,116.0
1880,32.0,778.0,61.0,32.0,151.0,34.0,41.0,44.0,1252.0,62.0,64.0,46.0,39.0,756.0,331.0,36.0,73.0,142.0,54.0,1359.0,47.0,55.0,816.0,1233.0,19.0,1296.0,36.0,1309.0,11.0,948.0,64.0,20.0,1486.0,134.0,175.0,16.0,1264.0,15.0,20.0,1351.0,32.0,1112.0,110.0,833.0,132.0,158.0,42.0,1133.0,111.0,35.0,52.0,61.0,69.0,1436.0,82.0,889.0,28.0,1045.0,74.0,47.0,76.0,21.0,74.0,1381.0,1247.0,1201.0,42.0,109.0,32.0,15.0,61.0,996.0,979.0,1190.0,41.0,83.0,1224.0,41.0,1329.0,1189.0,48.0,113.0,54.0,142.0,92.0,1099.0,66.0,64.0,37.0,17.0,1087.0,84.0,134.0,939.0,1401.0,99.0,1329.0,58.0,43.0,111.0,941.0,1017.0,1240.0,82.0,939.0,1218.0,22.0,150.0,1249.0,78.0,1005.0,25.0,55.0,1141.0,971.0,94.0,30.0,1265.0,36.0,46.0,1061.0,123.0,111.0,14.0,25.0,1144.0,163.0,42.0
1881,14.0,546.0,17.0,26.0,39.0,29.0,41.0,356.0,46.0,1.0,113.0,22.0,90.0,306.0,29.0,13.0,28.0,23.0,13.0,43.0,14.0,13.0,29.0,50.0,24.0,53.0,31.0,107.0,20.0,28.0,1.0,50.0,8.0,30.0,28.0,583.0,10.0,13.0,43.0,38.0,886.0,11.0,56.0,25.0,35.0,87.0,57.0,106.0,37.0,24.0,38.0,31.0,27.0,34.0,1.0,7.0,126.0,20.0,616.0,26.0,75.0,33.0,63.0,15.0,37.0,9.0,359.0,68.0,13.0,22.0,1.0,475.0,1.0,1010.0,50.0,30.0,93.0,26.0,49.0,29.0,29.0,309.0,22.0,1035.0,38.0,13.0,19.0,231.0,30.0,49.0,38.0,542.0,23.0,323.0,22.0,38.0,25.0,44.0,24.0,39.0,33.0,22.0,5.0,24.0,628.0,22.0,41.0,237.0,30.0,31.0,28.0,473.0,43.0,955.0,32.0,47.0,61.0,34.0,1.0,22.0,11.0,243.0,1.0,25.0,787.0,32.0,1.0,14.0
1891,107.0,122.0,92.0,74.0,146.0,60.0,75.0,67.0,122.0,63.0,161.0,123.0,76.0,116.0,77.0,92.0,122.0,167.0,69.0,113.0,71.0,88.0,76.0,111.0,71.0,70.0,146.0,69.0,68.0,81.0,74.0,83.0,41.0,84.0,110.0,66.0,99.0,66.0,143.0,69.0,65.0,80.0,120.0,125.0,72.0,99.0,74.0,77.0,94.0,121.0,86.0,74.0,66.0,87.0,53.0,74.0,98.0,93.0,112.0,53.0,112.0,71.0,80.0,111.0,90.0,73.0,62.0,130.0,114.0,81.0,80.0,140.0,66.0,74.0,101.0,68.0,181.0,134.0,66.0,57.0,80.0,80.0,147.0,73.0,127.0,163.0,82.0,108.0,87.0,101.0,58.0,69.0,88.0,93.0,70.0,108.0,86.0,73.0,73.0,131.0,74.0,97.0,147.0,110.0,73.0,71.0,79.0,79.0,64.0,183.0,119.0,70.0,102.0,118.0,165.0,106.0,74.0,154.0,54.0,82.0,72.0,58.0,68.0,78.0,107.0,142.0,101.0,91.0
1899,8.0,7.0,7.0,5.0,5.0,10.0,6.0,7.0,8.0,6.0,10.0,10.0,5.0,5.0,8.0,9.0,7.0,11.0,6.0,7.0,5.0,10.0,5.0,6.0,10.0,11.0,9.0,11.0,7.0,5.0,5.0,6.0,8.0,7.0,5.0,5.0,8.0,7.0,8.0,7.0,5.0,8.0,6.0,6.0,7.0,7.0,5.0,5.0,8.0,6.0,8.0,6.0,8.0,7.0,5.0,9.0,10.0,5.0,7.0,9.0,9.0,7.0,6.0,5.0,7.0,9.0,6.0,5.0,6.0,8.0,6.0,5.0,6.0,5.0,6.0,6.0,7.0,5.0,5.0,6.0,9.0,5.0,5.0,11.0,5.0,6.0,6.0,6.0,8.0,7.0,8.0,5.0,5.0,6.0,11.0,5.0,5.0,9.0,7.0,8.0,7.0,6.0,6.0,5.0,6.0,5.0,6.0,7.0,10.0,6.0,7.0,6.0,9.0,6.0,5.0,7.0,7.0,7.0,6.0,5.0,6.0,6.0,8.0,7.0,5.0,8.0,9.0,10.0
1903,67.0,69.0,48.0,63.0,66.0,52.0,47.0,56.0,56.0,55.0,36.0,52.0,70.0,54.0,62.0,66.0,73.0,50.0,41.0,65.0,62.0,50.0,68.0,70.0,55.0,46.0,55.0,57.0,38.0,54.0,35.0,66.0,71.0,65.0,58.0,60.0,50.0,80.0,57.0,53.0,64.0,64.0,65.0,56.0,55.0,58.0,62.0,45.0,55.0,56.0,67.0,57.0,37.0,57.0,60.0,61.0,73.0,50.0,54.0,62.0,63.0,65.0,45.0,45.0,60.0,60.0,64.0,74.0,72.0,59.0,64.0,71.0,54.0,55.0,67.0,64.0,56.0,38.0,73.0,58.0,58.0,47.0,55.0,62.0,50.0,62.0,55.0,68.0,50.0,57.0,37.0,87.0,52.0,46.0,69.0,76.0,71.0,61.0,57.0,74.0,51.0,54.0,76.0,64.0,73.0,49.0,53.0,58.0,66.0,58.0,68.0,56.0,68.0,67.0,68.0,64.0,66.0,64.0,36.0,66.0,63.0,70.0,56.0,62.0,64.0,73.0,69.0,50.0
1907,10.0,10.0,7.0,9.0,8.0,10.0,10.0,10.0,10.0,10.0,7.0,9.0,10.0,8.0,8.0,9.0,10.0,9.0,10.0,8.0,9.0,10.0,10.0,8.0,10.0,9.0,9.0,7.0,9.0,10.0,9.0,8.0,7.0,10.0,9.0,9.0,9.0,7.0,10.0,9.0,8.0,9.0,10.0,10.0,9.0,9.0,9.0,10.0,9.0,9.0,7.0,10.0,8.0,9.0,9.0,9.0,9.0,9.0,9.0,9.0,10.0,9.0,9.0,10.0,7.0,10.0,10.0,10.0,9.0,9.0,10.0,10.0,8.0,10.0,9.0,10.0,9.0,10.0,9.0,10.0,10.0,10.0,10.0,9.0,10.0,9.0,8.0,10.0,9.0,9.0,9.0,9.0,8.0,9.0,10.0,10.0,8.0,9.0,10.0,10.0,9.0,10.0,8.0,9.0,9.0,10.0,9.0,10.0,8.0,10.0,9.0,10.0,8.0,9.0,9.0,10.0,9.0,9.0,9.0,9.0,9.0,9.0,8.0,10.0,10.0,10.0,10.0,9.0
1911,37.0,893.0,1.0,1.0,855.0,576.0,845.0,855.0,881.0,2.0,1.0,45.0,1.0,1.0,1.0,32.0,1.0,1.0,399.0,1.0,1040.0,987.0,24.0,980.0,470.0,1.0,16.0,1253.0,1.0,59.0,945.0,1008.0,25.0,1.0,20.0,1.0,1016.0,962.0,65.0,460.0,1.0,32.0,1.0,917.0,1.0,1.0,1106.0,1.0,29.0,1.0,1031.0,934.0,1.0,15.0,1044.0,103.0,1000.0,1147.0,1136.0,1.0,1111.0,1.0,1.0,488.0,768.0,1.0,101.0,1.0,1003.0,1.0,1.0,32.0,1.0,1.0,46.0,12.0,1.0,36.0,928.0,35.0,1.0,1.0,1.0,1.0,708.0,1.0,48.0,1.0,44.0,1.0,1.0,983.0,869.0,1.0,23.0,1029.0,915.0,1.0,617.0,1206.0,1.0,597.0,1.0,968.0,1.0,991.0,693.0,1309.0,104.0,1.0,952.0,1.0,892.0,965.0,1.0,1104.0,1.0,1009.0,1210.0,1361.0,1028.0,1.0,1.0,11.0,985.0,949.0,946.0,1.0
1920,58.0,59.0,14.0,18.0,12.0,6.0,6.0,13.0,20.0,6.0,55.0,5.0,6.0,6.0,23.0,60.0,5.0,60.0,16.0,6.0,56.0,51.0,25.0,6.0,50.0,19.0,43.0,49.0,25.0,66.0,5.0,67.0,6.0,6.0,53.0,57.0,74.0,6.0,73.0,5.0,6.0,7.0,67.0,17.0,5.0,23.0,5.0,5.0,6.0,57.0,6.0,51.0,56.0,61.0,8.0,63.0,5.0,6.0,6.0,70.0,6.0,6.0,59.0,5.0,6.0,50.0,20.0,6.0,6.0,16.0,6.0,5.0,15.0,6.0,6.0,10.0,10.0,57.0,6.0,6.0,6.0,16.0,19.0,6.0,11.0,6.0,65.0,18.0,11.0,15.0,5.0,6.0,6.0,30.0,22.0,58.0,7.0,21.0,6.0,66.0,12.0,71.0,50.0,57.0,6.0,5.0,6.0,735.0,6.0,36.0,5.0,55.0,6.0,6.0,17.0,6.0,53.0,5.0,49.0,65.0,6.0,6.0,15.0,5.0,5.0,5.0,6.0,6.0
1931,21.0,97.0,31.0,33.0,33.0,6.0,114.0,39.0,146.0,7.0,32.0,303.0,146.0,93.0,7.0,24.0,24.0,37.0,31.0,49.0,101.0,7.0,32.0,6.0,7.0,23.0,25.0,102.0,27.0,7.0,36.0,103.0,83.0,8.0,21.0,219.0,32.0,35.0,30.0,90.0,32.0,23.0,7.0,24.0,26.0,41.0,6.0,21.0,38.0,7.0,7.0,6.0,7.0,10.0,6.0,33.0,32.0,122.0,103.0,33.0,41.0,398.0,21.0,7.0,27.0,32.0,25.0,19.0,86.0,51.0,34.0,36.0,25.0,26.0,36.0,285.0,6.0,29.0,26.0,1003.0,19.0,26.0,112.0,29.0,7.0,65.0,7.0,20.0,39.0,111.0,25.0,73.0,87.0,86.0,41.0,29.0,634.0,76.0,24.0,28.0,33.0,32.0,466.0,33.0,6.0,34.0,6.0,6.0,86.0,27.0,40.0,33.0,29.0,19.0,25.0,32.0,95.0,18.0,105.0,265.0,313.0,22.0,7.0,35.0,33.0,43.0,7.0,91.0
1934,752.0,733.0,758.0,787.0,1.0,787.0,1.0,747.0,720.0,1.0,1.0,1.0,1.0,735.0,1.0,748.0,873.0,878.0,1.0,867.0,1.0,871.0,1.0,839.0,1.0,865.0,876.0,900.0,922.0,1.0,850.0,1.0,1.0,1.0,1.0,894.0,1.0,1.0,1.0,884.0,850.0,1.0,1.0,834.0,871.0,848.0,1.0,1.0,856.0,1.0,1.0,1.0,1.0,1.0,720.0,890.0,1.0,1.0,1.0,826.0,873.0,1.0,1.0,1.0,885.0,1.0,825.0,1.0,898.0,1.0,883.0,875.0,1.0,1.0,868.0,1.0,872.0,1.0,1.0,1.0,827.0,1.0,868.0,851.0,888.0,838.0,1.0,833.0,1.0,1.0,1.0,1.0,1.0,849.0,853.0,1.0,1.0,1.0,840.0,868.0,842.0,916.0,1.0,862.0,877.0,876.0,831.0,863.0,1.0,1.0,1.0,1.0,1.0,1.0,1.0,835.0,1.0,878.0,1.0,828.0,920.0,1.0,1.0,1.0,869.0,1.0,1.0,824.0
1939,7.0,354.0,6.0,299.0,7.0,6.0,6.0,87.0,9.0,7.0,7.0,6.0,9.0,8.0,8.0,6.0,7.0,9.0,7.0,324.0,7.0,348.0,162.0,8.0,10.0,366.0,396.0,155.0,825.0,7.0,838.0,361.0,12.0,223.0,136.0,377.0,8.0,7.0,7.0,8.0,7.0,263.0,9.0,254.0,7.0,7.0,9.0,7.0,6.0,6.0,9.0,9.0,370.0,15.0,11.0,88.0,322.0,276.0,7.0,7.0,7.0,6.0,106.0,11.0,9.0,6.0,254.0,7.0,89.0,9.0,8.0,7.0,239.0,9.0,8.0,8.0,7.0,904.0,81.0,52.0,300.0,7.0,7.0,7.0,14.0,7.0,9.0,6.0,7.0,7.0,368.0,7.0,8.0,8.0,6.0,7.0,344.0,9.0,7.0,9.0,7.0,362.0,7.0,7.0,7.0,6.0,12.0,6.0,8.0,96.0,8.0,331.0,9.0,207.0,54.0,7.0,8.0,290.0,8.0,377.0,8.0,7.0,7.0,7.0,8.0,185.0,9.0,6.0
1946,5.0,5.0,12.0,6.0,5.0,5.0,5.0,5.0,7.0,5.0,7.0,5.0,5.0,5.0,6.0,5.0,6.0,10.0,6.0,5.0,5.0,8.0,8.0,7.0,5.0,5.0,5.0,5.0,5.0,5.0,7.0,7.0,7.0,5.0,5.0,7.0,5.0,5.0,5.0,5.0,5.0,6.0,5.0,6.0,5.0,5.0,6.0,7.0,7.0,6.0,5.0,5.0,6.0,4.0,7.0,5.0,5.0,5.0,8.0,5.0,5.0,6.0,5.0,5.0,5.0,5.0,5.0,6.0,6.0,6.0,5.0,5.0,8.0,8.0,5.0,5.0,9.0,7.0,6.0,7.0,5.0,5.0,5.0,5.0,7.0,7.0,5.0,5.0,5.0,6.0,5.0,5.0,5.0,6.0,5.0,6.0,5.0,6.0,5.0,5.0,5.0,7.0,5.0,6.0,5.0,5.0,10.0,6.0,5.0,5.0,5.0,6.0,6.0,6.0,5.0,6.0,6.0,5.0,8.0,6.0,7.0,5.0,8.0,5.0,5.0,5.0,5.0,5.0
1958,22.0,23.0,25.0,28.0,23.0,34.0,24.0,28.0,20.0,34.0,19.0,23.0,23.0,25.0,25.0,26.0,30.0,89.0,25.0,29.0,27.0,28.0,25.0,30.0,22.0,32.0,19.0,24.0,29.0,105.0,22.0,20.0,32.0,23.0,25.0,26.0,22.0,28.0,24.0,21.0,22.0,28.0,27.0,23.0,876.0,29.0,37.0,20.0,26.0,37.0,32.0,77.0,22.0,20.0,29.0,31.0,33.0,26.0,26.0,26.0,27.0,24.0,26.0,23.0,23.0,18.0,18.0,27.0,19.0,27.0,20.0,18.0,26.0,33.0,32.0,80.0,26.0,25.0,30.0,25.0,19.0,29.0,24.0,26.0,25.0,26.0,109.0,23.0,23.0,515.0,32.0,34.0,31.0,32.0,100.0,31.0,25.0,26.0,28.0,27.0,19.0,22.0,31.0,25.0,26.0,24.0,22.0,21.0,25.0,28.0,24.0,32.0,31.0,31.0,24.0,26.0,27.0,23.0,30.0,25.0,27.0,19.0,20.0,23.0,24.0,37.0,32.0,159.0
1960,5.0,6.0,5.0,5.0,5.0,5.0,5.0,5.0,5.0,5.0,5.0,5.0,5.0,5.0,5.0,5.0,6.0,5.0,5.0,6.0,5.0,6.0,5.0,5.0,6.0,6.0,5.0,6.0,5.0,5.0,5.0,5.0,5.0,6.0,5.0,5.0,5.0,5.0,5.0,6.0,6.0,5.0,6.0,5.0,5.0,5.0,5.0,5.0,6.0,6.0,6.0,5.0,6.0,5.0,5.0,6.0,6.0,5.0,5.0,5.0,6.0,5.0,5.0,5.0,5.0,5.0,5.0,5.0,6.0,6.0,6.0,6.0,5.0,6.0,6.0,5.0,5.0,6.0,5.0,5.0,5.0,5.0,5.0,6.0,5.0,5.0,5.0,6.0,6.0,5.0,5.0,5.0,5.0,6.0,5.0,5.0,5.0,5.0,5.0,5.0,5.0,5.0,5.0,5.0,5.0,5.0,6.0,5.0,5.0,5.0,5.0,6.0,5.0,6.0,5.0,5.0,6.0,6.0,5.0,6.0,5.0,6.0,5.0,5.0,6.0,5.0,5.0,5.0
1976,10.0,7.0,7.0,5.0,9.0,6.0,10.0,8.0,7.0,9.0,9.0,7.0,8.0,10.0,5.0,9.0,10.0,9.0,7.0,28.0,7.0,10.0,6.0,7.0,7.0,9.0,7.0,5.0,6.0,4.0,7.0,7.0,5.0,5.0,7.0,8.0,9.0,7.0,7.0,9.0,9.0,7.0,10.0,8.0,6.0,7.0,10.0,5.0,5.0,5.0,5.0,7.0,5.0,5.0,5.0,6.0,9.0,7.0,8.0,6.0,7.0,8.0,7.0,11.0,7.0,7.0,7.0,8.0,8.0,10.0,10.0,5.0,6.0,7.0,11.0,7.0,5.0,8.0,5.0,5.0,5.0,5.0,6.0,11.0,7.0,5.0,10.0,5.0,5.0,10.0,7.0,7.0,5.0,6.0,7.0,7.0,8.0,6.0,6.0,7.0,7.0,7.0,7.0,8.0,6.0,6.0,7.0,7.0,7.0,7.0,7.0,7.0,7.0,9.0,5.0,8.0,7.0,8.0,7.0,8.0,5.0,5.0,7.0,7.0,7.0,7.0,7.0,5.0
1984,5.0,5.0,5.0,5.0,5.0,5.0,5.0,5.0,5.0,5.0,5.0,5.0,5.0,5.0,5.0,5.0,5.0,5.0,5.0,5.0,5.0,5.0,5.0,5.0,5.0,5.0,5.0,5.0,5.0,5.0,5.0,5.0,6.0,5.0,5.0,5.0,5.0,5.0,5.0,5.0,5.0,5.0,5.0,5.0,5.0,5.0,5.0,5.0,5.0,5.0,5.0,5.0,5.0,5.0,5.0,5.0,5.0,5.0,5.0,5.0,5.0,5.0,5.0,5.0,5.0,5.0,5.0,5.0,5.0,5.0,5.0,5.0,5.0,5.0,5.0,5.0,5.0,5.0,5.0,5.0,5.0,5.0,5.0,5.0,5.0,5.0,5.0,5.0,5.0,5.0,5.0,5.0,5.0,5.0,5.0,5.0,6.0,5.0,5.0,5.0,5.0,5.0,5.0,5.0,5.0,5.0,5.0,5.0,5.0,5.0,5.0,5.0,5.0,5.0,5.0,5.0,5.0,5.0,5.0,5.0,5.0,5.0,5.0,5.0,5.0,5.0,5.0,5.0
1993,6.0,5.0,6.0,5.0,7.0,5.0,6.0,5.0,7.0,6.0,7.0,6.0,6.0,6.0,5.0,6.0,7.0,6.0,6.0,5.0,5.0,7.0,6.0,6.0,5.0,5.0,7.0,5.0,6.0,6.0,5.0,5.0,6.0,6.0,6.0,5.0,5.0,6.0,5.0,6.0,6.0,5.0,5.0,5.0,6.0,5.0,5.0,6.0,6.0,6.0,5.0,6.0,6.0,5.0,5.0,6.0,6.0,6.0,6.0,7.0,6.0,5.0,5.0,6.0,6.0,6.0,6.0,6.0,5.0,5.0,5.0,5.0,6.0,6.0,6.0,5.0,6.0,7.0,5.0,6.0,6.0,6.0,5.0,6.0,6.0,5.0,5.0,5.0,5.0,5.0,6.0,5.0,6.0,6.0,6.0,6.0,5.0,5.0,6.0,5.0,6.0,5.0,5.0,5.0,5.0,6.0,5.0,5.0,6.0,6.0,5.0,5.0,6.0,6.0,6.0,6.0,6.0,6.0,6.0,6.0,6.0,6.0,6.0,5.0,5.0,6.0,6.0,5.0
2001,30.0,76.0,41.0,35.0,30.0,45.0,109.0,15.0,16.0,65.0,65.0,53.0,17.0,81.0,56.0,34.0,89.0,41.0,88.0,52.0,39.0,31.0,54.0,38.0,46.0,52.0,16.0,65.0,15.0,71.0,41.0,90.0,14.0,40.0,54.0,41.0,14.0,53.0,66.0,109.0,130.0,82.0,42.0,44.0,24.0,101.0,55.0,76.0,15.0,44.0,93.0,44.0,41.0,51.0,40.0,43.0,33.0,46.0,153.0,19.0,61.0,68.0,103.0,121.0,32.0,515.0,48.0,50.0,44.0,15.0,60.0,34.0,83.0,43.0,47.0,33.0,39.0,52.0,52.0,67.0,60.0,29.0,41.0,29.0,15.0,29.0,29.0,56.0,49.0,54.0,79.0,91.0,37.0,52.0,13.0,106.0,42.0,21.0,43.0,123.0,48.0,64.0,24.0,104.0,27.0,59.0,43.0,15.0,100.0,29.0,45.0,69.0,45.0,62.0,68.0,72.0,74.0,19.0,78.0,42.0,42.0,16.0,55.0,31.0,20.0,63.0,22.0,29.0
2005,50.0,46.0,32.0,33.0,43.0,43.0,45.0,48.0,39.0,48.0,40.0,42.0,40.0,42.0,54.0,48.0,40.0,37.0,45.0,48.0,45.0,11.0,52.0,47.0,43.0,30.0,44.0,35.0,43.0,29.0,31.0,49.0,14.0,44.0,38.0,31.0,44.0,43.0,13.0,41.0,49.0,49.0,47.0,45.0,34.0,65.0,51.0,51.0,39.0,33.0,40.0,40.0,44.0,10.0,33.0,46.0,55.0,45.0,55.0,39.0,47.0,27.0,46.0,35.0,35.0,10.0,35.0,44.0,37.0,58.0,47.0,45.0,41.0,44.0,40.0,38.0,38.0,46.0,42.0,43.0,38.0,40.0,9.0,28.0,79.0,37.0,44.0,41.0,46.0,43.0,34.0,48.0,52.0,41.0,32.0,49.0,46.0,49.0,53.0,47.0,42.0,34.0,43.0,47.0,44.0,33.0,37.0,46.0,9.0,55.0,52.0,47.0,44.0,54.0,39.0,48.0,47.0,60.0,46.0,41.0,38.0,45.0,34.0,62.0,29.0,47.0,29.0,10.0
2006,15.0,15.0,14.0,14.0,14.0,15.0,6.0,15.0,15.0,15.0,15.0,15.0,15.0,8.0,15.0,15.0,8.0,15.0,14.0,15.0,15.0,15.0,7.0,15.0,8.0,15.0,11.0,15.0,15.0,16.0,15.0,15.0,15.0,14.0,15.0,15.0,15.0,15.0,6.0,8.0,15.0,15.0,7.0,14.0,14.0,6.0,8.0,14.0,15.0,15.0,6.0,15.0,14.0,6.0,14.0,15.0,14.0,14.0,6.0,13.0,15.0,15.0,8.0,14.0,14.0,14.0,15.0,15.0,6.0,15.0,15.0,151.0,6.0,15.0,6.0,15.0,15.0,15.0,14.0,15.0,15.0,15.0,14.0,15.0,7.0,15.0,15.0,15.0,13.0,14.0,15.0,7.0,15.0,15.0,15.0,15.0,9.0,15.0,15.0,15.0,14.0,8.0,15.0,7.0,15.0,15.0,6.0,14.0,15.0,14.0,14.0,15.0,15.0,15.0,14.0,13.0,15.0,7.0,15.0,15.0,15.0,15.0,15.0,6.0,15.0,14.0,15.0,6.0
2009,524.0,592.0,648.0,754.0,632.0,698.0,754.0,51.0,707.0,562.0,565.0,6.0,471.0,270.0,483.0,589.0,539.0,569.0,760.0,30.0,41.0,659.0,93.0,571.0,785.0,567.0,643.0,802.0,52.0,676.0,497.0,669.0,845.0,7.0,876.0,544.0,27.0,66.0,737.0,540.0,592.0,539.0,692.0,787.0,661.0,676.0,592.0,51.0,646.0,779.0,682.0,34.0,588.0,625.0,696.0,648.0,860.0,809.0,49.0,53.0,29.0,782.0,42.0,693.0,873.0,490.0,907.0,531.0,619.0,668.0,650.0,72.0,722.0,597.0,667.0,460.0,611.0,630.0,536.0,608.0,680.0,33.0,769.0,660.0,606.0,489.0,60.0,606.0,8.0,670.0,534.0,61.0,668.0,666.0,505.0,723.0,52.0,819.0,619.0,597.0,65.0,58.0,601.0,647.0,665.0,739.0,897.0,604.0,582.0,74.0,558.0,596.0,642.0,29.0,593.0,27.0,526.0,612.0,706.0,643.0,37.0,726.0,747.0,679.0,743.0,628.0,763.0,507.0
2013,1250.0,1170.0,5.0,1.0,2.0,2.0,1100.0,1147.0,1216.0,1113.0,1187.0,1119.0,1.0,187.0,3.0,1131.0,1083.0,1233.0,511.0,543.0,3.0,1226.0,1.0,52.0,1257.0,1.0,1.0,1219.0,2.0,1296.0,826.0,2.0,1108.0,1281.0,1176.0,456.0,4.0,1258.0,2.0,1238.0,1.0,2.0,1193.0,3.0,1285.0,676.0,1250.0,21.0,1179.0,1241.0,1259.0,1.0,3.0,3.0,1236.0,1346.0,725.0,3.0,1289.0,2.0,1170.0,3.0,2.0,3.0,1294.0,1.0,1.0,1093.0,8.0,93.0,1.0,3.0,816.0,1192.0,1235.0,1240.0,2.0,3.0,2.0,1262.0,3.0,1266.0,1.0,3.0,3.0,1197.0,1163.0,5.0,992.0,910.0,1243.0,2.0,29.0,1086.0,3.0,1.0,1036.0,1202.0,5.0,3.0,2.0,1195.0,859.0,980.0,1002.0,1193.0,1.0,911.0,456.0,285.0,2.0,1144.0,1.0,1.0,1218.0,1144.0,1.0,5.0,1293.0,2.0,3.0,1.0,767.0,2.0,1078.0,1252.0,1153.0,1072.0
2015,344.0,32.0,342.0,247.0,330.0,29.0,44.0,28.0,67.0,130.0,48.0,29.0,30.0,53.0,36.0,44.0,49.0,37.0,531.0,175.0,44.0,107.0,55.0,255.0,519.0,59.0,32.0,46.0,119.0,87.0,49.0,476.0,40.0,42.0,42.0,42.0,61.0,142.0,33.0,34.0,38.0,33.0,513.0,44.0,39.0,38.0,32.0,36.0,45.0,47.0,44.0,295.0,31.0,31.0,114.0,46.0,50.0,129.0,45.0,39.0,405.0,539.0,51.0,512.0,98.0,542.0,45.0,60.0,44.0,47.0,466.0,252.0,359.0,40.0,461.0,96.0,310.0,291.0,59.0,505.0,31.0,49.0,352.0,50.0,29.0,57.0,53.0,39.0,30.0,149.0,39.0,49.0,32.0,54.0,105.0,61.0,37.0,29.0,150.0,57.0,57.0,44.0,43.0,38.0,15.0,76.0,373.0,494.0,39.0,53.0,38.0,60.0,361.0,513.0,61.0,45.0,53.0,56.0,40.0,491.0,37.0,108.0,41.0,41.0,165.0,55.0,516.0,67.0
2024,2.0,3.0,3.0,2.0,2.0,2.0,3.0,2.0,2.0,3.0,2.0,3.0,3.0,2.0,3.0,2.0,2.0,2.0,2.0,2.0,2.0,3.0,3.0,2.0,2.0,2.0,2.0,3.0,3.0,3.0,2.0,3.0,2.0,2.0,2.0,3.0,2.0,2.0,3.0,3.0,3.0,2.0,3.0,3.0,2.0,2.0,3.0,3.0,3.0,3.0,2.0,2.0,2.0,3.0,3.0,2.0,2.0,2.0,2.0,2.0,2.0,3.0,2.0,2.0,2.0,2.0,2.0,3.0,2.0,3.0,2.0,3.0,2.0,2.0,2.0,2.0,2.0,2.0,3.0,3.0,2.0,2.0,3.0,2.0,2.0,3.0,2.0,3.0,2.0,2.0,3.0,2.0,2.0,2.0,3.0,2.0,2.0,3.0,3.0,2.0,2.0,2.0,3.0,2.0,3.0,3.0,2.0,2.0,2.0,3.0,2.0,2.0,3.0,3.0,3.0,3.0,2.0,2.0,3.0,2.0,2.0,2.0,2.0,2.0,3.0,3.0,3.0,2.0
2026,184.0,172.0,150.0,198.0,176.0,163.0,204.0,145.0,180.0,156.0,182.0,189.0,181.0,198.0,45.0,195.0,146.0,173.0,150.0,173.0,179.0,179.0,142.0,232.0,153.0,173.0,176.0,165.0,186.0,176.0,160.0,191.0,174.0,191.0,182.0,184.0,149.0,238.0,193.0,225.0,164.0,150.0,170.0,185.0,205.0,170.0,196.0,205.0,176.0,160.0,172.0,156.0,216.0,208.0,175.0,213.0,182.0,189.0,212.0,147.0,210.0,138.0,187.0,203.0,154.0,146.0,197.0,161.0,182.0,199.0,133.0,170.0,157.0,176.0,152.0,176.0,175.0,196.0,193.0,241.0,159.0,190.0,189.0,184.0,163.0,138.0,221.0,179.0,195.0,164.0,147.0,188.0,167.0,175.0,142.0,180.0,142.0,179.0,167.0,189.0,132.0,211.0,171.0,179.0,189.0,195.0,181.0,174.0,157.0,208.0,177.0,180.0,167.0,158.0,172.0,196.0,174.0,187.0,184.0,25.0,233.0,159.0,177.0,141.0,161.0,183.0,156.0,128.0
2034,11.0,13.0,11.0,15.0,13.0,10.0,14.0,13.0,7.0,13.0,14.0,15.0,13.0,8.0,15.0,19.0,15.0,11.0,8.0,14.0,14.0,6.0,13.0,7.0,17.0,14.0,10.0,15.0,13.0,13.0,11.0,8.0,14.0,14.0,13.0,13.0,7.0,13.0,13.0,9.0,14.0,13.0,10.0,15.0,9.0,17.0,13.0,14.0,10.0,14.0,13.0,8.0,12.0,11.0,14.0,10.0,13.0,9.0,14.0,8.0,16.0,13.0,7.0,12.0,13.0,8.0,11.0,14.0,12.0,15.0,13.0,10.0,11.0,14.0,8.0,11.0,11.0,15.0,13.0,12.0,8.0,12.0,12.0,8.0,10.0,9.0,13.0,14.0,15.0,14.0,14.0,12.0,18.0,15.0,10.0,7.0,5.0,14.0,11.0,11.0,13.0,15.0,13.0,13.0,13.0,14.0,13.0,11.0,12.0,13.0,10.0,11.0,15.0,12.0,14.0,7.0,14.0,14.0,12.0,8.0,9.0,10.0,16.0,12.0,14.0,13.0,14.0,12.0
2039,19.0,23.0,22.0,24.0,19.0,22.0,28.0,22.0,21.0,21.0,19.0,19.0,22.0,19.0,22.0,20.0,22.0,20.0,19.0,21.0,20.0,20.0,21.0,23.0,19.0,22.0,19.0,19.0,21.0,20.0,22.0,23.0,20.0,22.0,19.0,21.0,19.0,19.0,23.0,20.0,22.0,21.0,23.0,21.0,22.0,21.0,20.0,23.0,19.0,19.0,19.0,20.0,22.0,23.0,19.0,23.0,20.0,23.0,21.0,21.0,24.0,22.0,19.0,24.0,21.0,20.0,20.0,20.0,19.0,22.0,23.0,20.0,20.0,22.0,21.0,20.0,24.0,20.0,23.0,22.0,23.0,21.0,20.0,20.0,19.0,21.0,19.0,23.0,22.0,21.0,22.0,21.0,20.0,23.0,22.0,21.0,24.0,19.0,29.0,19.0,27.0,20.0,20.0,20.0,20.0,28.0,22.0,20.0,20.0,20.0,21.0,22.0,19.0,23.0,20.0,22.0,21.0,20.0,24.0,22.0,23.0,19.0,20.0,19.0,22.0,27.0,23.0,20.0
2044,338.0,363.0,52.0,423.0,37.0,342.0,421.0,446.0,294.0,237.0,725.0,445.0,473.0,429.0,316.0,573.0,459.0,522.0,535.0,652.0,653.0,482.0,486.0,492.0,442.0,660.0,440.0,841.0,592.0,581.0,868.0,683.0,576.0,562.0,679.0,31.0,517.0,432.0,580.0,664.0,600.0,445.0,521.0,531.0,464.0,322.0,547.0,619.0,535.0,925.0,567.0,49.0,640.0,510.0,27.0,535.0,554.0,951.0,375.0,613.0,576.0,578.0,706.0,559.0,542.0,59.0,477.0,961.0,491.0,570.0,741.0,587.0,466.0,540.0,561.0,560.0,495.0,514.0,565.0,47.0,567.0,530.0,628.0,114.0,471.0,380.0,1057.0,43.0,510.0,566.0,523.0,710.0,577.0,491.0,601.0,608.0,513.0,1091.0,45.0,573.0,57.0,586.0,631.0,539.0,530.0,438.0,524.0,627.0,83.0,72.0,716.0,620.0,880.0,41.0,647.0,670.0,21.0,540.0,507.0,380.0,451.0,539.0,1147.0,523.0,44.0,592.0,494.0,518.0
2048,244.0,214.0,204.0,153.0,220.0,134.0,247.0,238.0,217.0,186.0,710.0,156.0,233.0,208.0,172.0,239.0,215.0,153.0,183.0,199.0,178.0,273.0,229.0,166.0,139.0,195.0,171.0,192.0,158.0,234.0,203.0,228.0,213.0,264.0,249.0,143.0,129.0,337.0,231.0,226.0,154.0,186.0,161.0,6.0,124.0,215.0,217.0,223.0,213.0,247.0,861.0,204.0,14.0,465.0,212.0,314.0,206.0,135.0,7.0,5.0,236.0,189.0,211.0,321.0,217.0,140.0,261.0,143.0,136.0,201.0,195.0,159.0,5.0,599.0,10.0,358.0,244.0,229.0,263.0,5.0,208.0,212.0,157.0,263.0,185.0,183.0,225.0,214.0,548.0,214.0,136.0,224.0,221.0,235.0,205.0,288.0,232.0,226.0,154.0,237.0,187.0,227.0,270.0,238.0,267.0,201.0,7.0,256.0,210.0,282.0,211.0,208.0,553.0,247.0,191.0,568.0,215.0,157.0,248.0,276.0,163.0,192.0,231.0,5.0,191.0,267.0,200.0,179.0
2053,10.0,10.0,10.0,9.0,10.0,10.0,10.0,11.0,8.0,9.0,11.0,10.0,10.0,10.0,11.0,11.0,11.0,10.0,11.0,10.0,10.0,10.0,12.0,10.0,9.0,11.0,10.0,10.0,10.0,10.0,10.0,10.0,10.0,9.0,10.0,11.0,9.0,10.0,10.0,9.0,10.0,10.0,10.0,10.0,10.0,10.0,10.0,10.0,10.0,11.0,10.0,11.0,9.0,10.0,9.0,10.0,9.0,9.0,11.0,10.0,10.0,10.0,10.0,10.0,10.0,10.0,10.0,10.0,11.0,10.0,10.0,10.0,10.0,10.0,11.0,9.0,9.0,10.0,10.0,10.0,9.0,10.0,10.0,10.0,9.0,10.0,8.0,10.0,10.0,10.0,10.0,9.0,10.0,10.0,10.0,9.0,10.0,10.0,10.0,10.0,10.0,10.0,11.0,9.0,9.0,8.0,10.0,9.0,10.0,10.0,10.0,8.0,10.0,10.0,10.0,10.0,10.0,10.0,10.0,11.0,10.0,10.0,11.0,9.0,10.0,10.0,9.0,9.0
2058,9.0,8.0,8.0,8.0,9.0,8.0,7.0,7.0,6.0,8.0,8.0,9.0,8.0,9.0,6.0,8.0,7.0,8.0,8.0,8.0,6.0,7.0,8.0,8.0,7.0,6.0,8.0,6.0,6.0,9.0,8.0,7.0,8.0,7.0,7.0,9.0,7.0,8.0,9.0,8.0,9.0,6.0,7.0,7.0,8.0,7.0,7.0,9.0,8.0,8.0,9.0,9.0,8.0,7.0,8.0,7.0,8.0,9.0,8.0,9.0,8.0,8.0,9.0,7.0,5.0,7.0,9.0,8.0,7.0,8.0,7.0,8.0,7.0,7.0,9.0,9.0,8.0,8.0,6.0,7.0,9.0,6.0,6.0,8.0,7.0,8.0,9.0,7.0,7.0,8.0,8.0,8.0,7.0,8.0,8.0,9.0,8.0,8.0,7.0,8.0,8.0,8.0,6.0,7.0,8.0,7.0,8.0,5.0,6.0,6.0,5.0,7.0,6.0,7.0,8.0,6.0,9.0,8.0,7.0,8.0,8.0,8.0,8.0,8.0,7.0,9.0,9.0,6.0
2060,136.0,90.0,86.0,94.0,34.0,39.0,86.0,79.0,95.0,95.0,120.0,124.0,77.0,90.0,24.0,36.0,37.0,44.0,42.0,90.0,125.0,46.0,89.0,33.0,27.0,61.0,39.0,78.0,38.0,44.0,73.0,133.0,83.0,28.0,132.0,77.0,72.0,38.0,131.0,68.0,38.0,113.0,93.0,139.0,35.0,39.0,32.0,90.0,85.0,79.0,65.0,92.0,32.0,24.0,127.0,33.0,30.0,27.0,82.0,37.0,88.0,76.0,41.0,42.0,46.0,87.0,77.0,37.0,34.0,95.0,108.0,128.0,145.0,30.0,48.0,35.0,94.0,85.0,95.0,76.0,75.0,81.0,72.0,135.0,31.0,88.0,62.0,36.0,35.0,34.0,46.0,96.0,73.0,39.0,33.0,129.0,72.0,85.0,89.0,38.0,79.0,85.0,31.0,94.0,108.0,40.0,40.0,118.0,78.0,92.0,71.0,109.0,116.0,25.0,82.0,33.0,36.0,37.0,138.0,38.0,71.0,137.0,99.0,38.0,100.0,43.0,46.0,88.0
2062,5.0,5.0,5.0,5.0,5.0,6.0,5.0,5.0,5.0,5.0,5.0,6.0,5.0,5.0,5.0,5.0,5.0,5.0,5.0,5.0,5.0,5.0,5.0,5.0,5.0,5.0,5.0,5.0,5.0,5.0,5.0,5.0,5.0,5.0,5.0,5.0,5.0,5.0,5.0,5.0,5.0,5.0,5.0,5.0,5.0,5.0,5.0,5.0,5.0,5.0,5.0,5.0,5.0,5.0,5.0,5.0,5.0,6.0,5.0,5.0,5.0,5.0,5.0,5.0,5.0,5.0,5.0,5.0,5.0,5.0,5.0,5.0,5.0,5.0,5.0,6.0,5.0,5.0,5.0,5.0,5.0,5.0,5.0,5.0,5.0,5.0,6.0,5.0,5.0,5.0,5.0,5.0,5.0,5.0,5.0,6.0,5.0,5.0,5.0,5.0,5.0,5.0,5.0,5.0,5.0,5.0,5.0,5.0,5.0,5.0,6.0,6.0,5.0,5.0,6.0,5.0,5.0,5.0,5.0,5.0,5.0,5.0,5.0,5.0,5.0,5.0,5.0,5.0
2072,11.0,10.0,11.0,8.0,10.0,11.0,11.0,11.0,8.0,10.0,10.0,8.0,8.0,10.0,9.0,10.0,10.0,10.0,10.0,9.0,10.0,10.0,9.0,9.0,11.0,10.0,9.0,9.0,11.0,8.0,11.0,9.0,10.0,9.0,8.0,8.0,8.0,10.0,10.0,10.0,10.0,8.0,11.0,10.0,8.0,10.0,11.0,8.0,9.0,9.0,9.0,9.0,11.0,10.0,9.0,9.0,10.0,8.0,11.0,11.0,9.0,8.0,9.0,10.0,9.0,9.0,10.0,10.0,9.0,10.0,10.0,11.0,9.0,11.0,11.0,9.0,11.0,8.0,10.0,11.0,11.0,9.0,9.0,8.0,10.0,11.0,10.0,10.0,9.0,9.0,8.0,11.0,9.0,11.0,9.0,11.0,10.0,10.0,9.0,10.0,9.0,10.0,10.0,10.0,10.0,10.0,10.0,8.0,11.0,9.0,9.0,10.0,9.0,11.0,11.0,10.0,8.0,10.0,9.0,9.0,11.0,10.0,10.0,11.0,10.0,10.0,9.0,9.0
2094,28.0,48.0,25.0,219.0,25.0,59.0,162.0,19.0,81.0,46.0,145.0,22.0,67.0,41.0,31.0,109.0,23.0,36.0,130.0,12.0,24.0,42.0,50.0,26.0,48.0,30.0,105.0,47.0,115.0,90.0,31.0,135.0,37.0,27.0,22.0,71.0,59.0,61.0,22.0,24.0,26.0,40.0,19.0,141.0,63.0,34.0,156.0,40.0,160.0,200.0,142.0,50.0,29.0,38.0,115.0,30.0,15.0,25.0,29.0,24.0,125.0,36.0,68.0,49.0,29.0,26.0,14.0,54.0,66.0,59.0,25.0,119.0,61.0,28.0,56.0,56.0,179.0,49.0,17.0,179.0,59.0,38.0,156.0,23.0,183.0,53.0,260.0,29.0,50.0,27.0,29.0,134.0,27.0,27.0,29.0,183.0,44.0,21.0,48.0,104.0,29.0,44.0,43.0,71.0,125.0,24.0,33.0,24.0,73.0,142.0,24.0,101.0,29.0,102.0,43.0,20.0,211.0,39.0,38.0,98.0,28.0,36.0,58.0,80.0,90.0,45.0,33.0,131.0
2100,80.0,27.0,50.0,674.0,29.0,82.0,26.0,705.0,30.0,36.0,32.0,35.0,33.0,40.0,32.0,23.0,28.0,40.0,109.0,37.0,28.0,66.0,31.0,27.0,36.0,23.0,35.0,28.0,70.0,34.0,683.0,81.0,38.0,83.0,30.0,672.0,92.0,30.0,31.0,95.0,42.0,34.0,710.0,78.0,33.0,24.0,35.0,34.0,33.0,47.0,30.0,23.0,29.0,47.0,26.0,34.0,30.0,761.0,28.0,32.0,40.0,33.0,34.0,37.0,40.0,707.0,27.0,26.0,31.0,33.0,40.0,30.0,31.0,36.0,36.0,77.0,38.0,596.0,25.0,32.0,27.0,29.0,658.0,38.0,38.0,28.0,32.0,36.0,33.0,31.0,23.0,699.0,24.0,34.0,29.0,28.0,30.0,74.0,31.0,611.0,32.0,25.0,35.0,33.0,619.0,38.0,722.0,38.0,40.0,36.0,21.0,72.0,32.0,747.0,34.0,28.0,35.0,41.0,43.0,650.0,26.0,630.0,93.0,25.0,27.0,35.0,34.0,590.0
2105,85.0,57.0,73.0,73.0,75.0,64.0,75.0,82.0,75.0,58.0,65.0,63.0,66.0,59.0,54.0,69.0,63.0,117.0,92.0,112.0,85.0,83.0,84.0,77.0,64.0,105.0,62.0,91.0,75.0,62.0,81.0,80.0,86.0,85.0,102.0,67.0,96.0,88.0,76.0,79.0,74.0,69.0,69.0,70.0,76.0,74.0,74.0,95.0,78.0,67.0,77.0,107.0,72.0,72.0,79.0,73.0,83.0,115.0,69.0,61.0,79.0,73.0,93.0,74.0,89.0,91.0,68.0,63.0,75.0,76.0,74.0,74.0,82.0,64.0,77.0,72.0,62.0,71.0,94.0,107.0,86.0,88.0,94.0,89.0,72.0,83.0,76.0,95.0,74.0,84.0,73.0,83.0,93.0,76.0,66.0,97.0,70.0,78.0,74.0,63.0,76.0,73.0,97.0,64.0,87.0,100.0,99.0,76.0,75.0,88.0,81.0,73.0,68.0,79.0,68.0,61.0,96.0,70.0,72.0,92.0,93.0,78.0,78.0,67.0,78.0,62.0,70.0,91.0
2122,5.0,4.0,4.0,4.0,6.0,5.0,5.0,5.0,6.0,5.0,5.0,5.0,5.0,6.0,6.0,4.0,4.0,6.0,5.0,5.0,5.0,4.0,7.0,6.0,4.0,5.0,4.0,7.0,5.0,4.0,6.0,5.0,6.0,5.0,6.0,6.0,5.0,5.0,6.0,5.0,4.0,5.0,6.0,4.0,6.0,4.0,7.0,4.0,4.0,5.0,5.0,6.0,5.0,5.0,5.0,6.0,4.0,5.0,5.0,5.0,6.0,6.0,5.0,6.0,6.0,5.0,5.0,5.0,6.0,5.0,6.0,5.0,5.0,5.0,4.0,6.0,4.0,6.0,5.0,6.0,5.0,4.0,5.0,4.0,6.0,5.0,4.0,4.0,5.0,4.0,6.0,5.0,5.0,5.0,5.0,5.0,5.0,4.0,4.0,4.0,5.0,5.0,5.0,5.0,5.0,5.0,6.0,5.0,4.0,5.0,6.0,7.0,4.0,6.0,4.0,4.0,4.0,4.0,4.0,4.0,5.0,6.0,4.0,4.0,4.0,4.0,5.0,6.0
2125,7.0,7.0,5.0,7.0,7.0,7.0,7.0,7.0,7.0,7.0,5.0,7.0,7.0,7.0,7.0,7.0,7.0,7.0,5.0,7.0,7.0,7.0,6.0,7.0,7.0,7.0,6.0,7.0,7.0,7.0,7.0,6.0,7.0,7.0,7.0,6.0,7.0,6.0,7.0,7.0,7.0,7.0,7.0,7.0,5.0,7.0,7.0,7.0,6.0,7.0,7.0,7.0,7.0,7.0,7.0,7.0,7.0,7.0,7.0,6.0,7.0,7.0,7.0,7.0,7.0,7.0,7.0,7.0,7.0,7.0,7.0,7.0,6.0,7.0,7.0,7.0,5.0,7.0,7.0,7.0,5.0,7.0,6.0,7.0,7.0,7.0,6.0,7.0,7.0,7.0,7.0,7.0,7.0,7.0,7.0,7.0,7.0,7.0,7.0,7.0,7.0,7.0,7.0,6.0,6.0,6.0,7.0,7.0,7.0,6.0,7.0,7.0,7.0,7.0,7.0,7.0,7.0,7.0,7.0,7.0,6.0,7.0,6.0,6.0,5.0,7.0,7.0,7.0
2128,22.0,24.0,19.0,10.0,14.0,26.0,11.0,13.0,29.0,9.0,12.0,12.0,10.0,12.0,10.0,13.0,44.0,12.0,10.0,8.0,10.0,9.0,12.0,44.0,11.0,13.0,11.0,9.0,13.0,34.0,12.0,12.0,9.0,12.0,13.0,12.0,25.0,9.0,24.0,12.0,34.0,12.0,13.0,12.0,12.0,11.0,11.0,19.0,12.0,12.0,23.0,8.0,11.0,9.0,11.0,14.0,11.0,22.0,8.0,9.0,11.0,8.0,21.0,10.0,11.0,10.0,11.0,14.0,11.0,10.0,13.0,8.0,32.0,11.0,33.0,9.0,28.0,11.0,11.0,12.0,25.0,10.0,12.0,9.0,32.0,12.0,27.0,13.0,8.0,12.0,10.0,13.0,12.0,8.0,12.0,8.0,12.0,12.0,13.0,11.0,12.0,11.0,9.0,11.0,12.0,12.0,12.0,9.0,11.0,12.0,12.0,11.0,8.0,8.0,13.0,11.0,9.0,12.0,10.0,11.0,12.0,12.0,26.0,8.0,49.0,9.0,13.0,13.0
2129,5.0,40.0,25.0,48.0,60.0,5.0,12.0,57.0,79.0,26.0,63.0,31.0,28.0,5.0,28.0,27.0,38.0,65.0,13.0,5.0,29.0,11.0,62.0,30.0,6.0,6.0,22.0,5.0,35.0,20.0,18.0,21.0,4.0,5.0,66.0,13.0,5.0,5.0,20.0,19.0,63.0,20.0,69.0,4.0,48.0,14.0,63.0,61.0,14.0,23.0,35.0,25.0,42.0,29.0,26.0,58.0,34.0,62.0,22.0,50.0,31.0,42.0,17.0,62.0,36.0,64.0,14.0,13.0,42.0,26.0,5.0,16.0,40.0,44.0,6.0,31.0,23.0,19.0,57.0,37.0,29.0,56.0,64.0,22.0,20.0,5.0,39.0,55.0,63.0,52.0,31.0,46.0,20.0,56.0,23.0,36.0,4.0,31.0,31.0,68.0,24.0,22.0,35.0,26.0,46.0,5.0,41.0,19.0,64.0,20.0,19.0,21.0,23.0,35.0,5.0,25.0,38.0,50.0,7.0,6.0,23.0,13.0,28.0,35.0,20.0,19.0,44.0,58.0
2135,12.0,12.0,11.0,12.0,12.0,12.0,12.0,11.0,11.0,12.0,12.0,11.0,12.0,12.0,12.0,12.0,12.0,11.0,10.0,12.0,12.0,11.0,12.0,12.0,11.0,12.0,12.0,11.0,12.0,11.0,12.0,11.0,12.0,11.0,12.0,11.0,11.0,13.0,12.0,12.0,12.0,12.0,11.0,12.0,12.0,11.0,11.0,12.0,11.0,11.0,11.0,12.0,12.0,12.0,12.0,12.0,12.0,10.0,11.0,11.0,12.0,12.0,11.0,12.0,11.0,12.0,11.0,11.0,12.0,12.0,12.0,10.0,12.0,11.0,12.0,11.0,11.0,12.0,11.0,12.0,12.0,12.0,12.0,12.0,12.0,12.0,11.0,11.0,11.0,12.0,12.0,12.0,12.0,12.0,12.0,12.0,10.0,11.0,11.0,11.0,12.0,11.0,10.0,12.0,11.0,12.0,13.0,12.0,12.0,12.0,11.0,11.0,12.0,12.0,12.0,12.0,10.0,12.0,12.0,12.0,11.0,11.0,12.0,11.0,11.0,12.0,12.0,12.0
2141,12.0,10.0,14.0,12.0,11.0,11.0,10.0,11.0,12.0,14.0,15.0,10.0,11.0,12.0,11.0,12.0,10.0,11.0,13.0,13.0,12.0,14.0,11.0,12.0,10.0,10.0,12.0,11.0,10.0,10.0,9.0,10.0,11.0,11.0,10.0,10.0,12.0,13.0,11.0,11.0,12.0,10.0,13.0,11.0,10.0,12.0,12.0,12.0,11.0,12.0,12.0,11.0,10.0,10.0,12.0,11.0,9.0,15.0,13.0,9.0,11.0,15.0,11.0,13.0,13.0,11.0,13.0,11.0,10.0,10.0,11.0,10.0,10.0,15.0,11.0,11.0,11.0,15.0,12.0,9.0,11.0,11.0,8.0,13.0,11.0,16.0,12.0,11.0,15.0,11.0,11.0,12.0,10.0,10.0,11.0,11.0,11.0,12.0,13.0,12.0,14.0,13.0,14.0,9.0,10.0,12.0,10.0,10.0,10.0,11.0,10.0,10.0,11.0,11.0,11.0,10.0,10.0,12.0,11.0,11.0,11.0,10.0,10.0,12.0,10.0,11.0,12.0,9.0
2143,8.0,8.0,8.0,8.0,8.0,6.0,8.0,8.0,7.0,8.0,8.0,8.0,7.0,7.0,8.0,7.0,7.0,8.0,6.0,8.0,5.0,8.0,7.0,8.0,7.0,8.0,6.0,7.0,8.0,8.0,8.0,7.0,8.0,5.0,8.0,7.0,8.0,7.0,6.0,6.0,8.0,8.0,8.0,8.0,7.0,8.0,7.0,7.0,8.0,7.0,8.0,8.0,6.0,8.0,7.0,6.0,8.0,6.0,7.0,5.0,8.0,7.0,8.0,7.0,8.0,7.0,8.0,8.0,8.0,7.0,8.0,8.0,8.0,8.0,7.0,7.0,8.0,8.0,8.0,8.0,6.0,8.0,6.0,7.0,8.0,8.0,8.0,8.0,8.0,8.0,8.0,8.0,7.0,5.0,8.0,8.0,8.0,6.0,8.0,6.0,8.0,8.0,8.0,6.0,8.0,8.0,7.0,7.0,8.0,7.0,8.0,8.0,8.0,8.0,7.0,8.0,7.0,8.0,8.0,7.0,8.0,8.0,8.0,8.0,5.0,7.0,8.0,8.0
2149,5.0,5.0,5.0,5.0,5.0,5.0,4.0,5.0,5.0,5.0,5.0,5.0,5.0,5.0,5.0,5.0,5.0,5.0,5.0,5.0,5.0,5.0,5.0,5.0,5.0,5.0,5.0,5.0,5.0,5.0,5.0,5.0,5.0,5.0,5.0,5.0,5.0,5.0,6.0,5.0,5.0,5.0,5.0,5.0,5.0,5.0,5.0,5.0,5.0,5.0,5.0,5.0,5.0,5.0,5.0,5.0,5.0,5.0,5.0,5.0,5.0,5.0,5.0,5.0,5.0,5.0,5.0,5.0,5.0,5.0,5.0,5.0,5.0,5.0,5.0,5.0,4.0,5.0,5.0,5.0,4.0,5.0,5.0,5.0,5.0,5.0,5.0,5.0,5.0,5.0,5.0,5.0,5.0,5.0,6.0,5.0,5.0,6.0,5.0,5.0,5.0,5.0,5.0,5.0,5.0,5.0,5.0,5.0,5.0,5.0,5.0,5.0,5.0,5.0,5.0,5.0,5.0,5.0,5.0,5.0,5.0,5.0,5.0,5.0,5.0,5.0,5.0,5.0
2157,16.0,7.0,804.0,20.0,17.0,590.0,12.0,13.0,8.0,7.0,9.0,1023.0,7.0,10.0,810.0,68.0,19.0,9.0,22.0,13.0,634.0,10.0,776.0,36.0,903.0,120.0,8.0,8.0,9.0,11.0,8.0,42.0,1002.0,841.0,20.0,41.0,10.0,356.0,923.0,8.0,12.0,874.0,10.0,5.0,25.0,11.0,8.0,11.0,733.0,8.0,7.0,9.0,647.0,21.0,22.0,32.0,38.0,8.0,8.0,8.0,608.0,773.0,8.0,669.0,8.0,22.0,870.0,130.0,701.0,689.0,10.0,54.0,772.0,498.0,8.0,11.0,843.0,788.0,889.0,7.0,16.0,816.0,61.0,23.0,1059.0,801.0,40.0,7.0,7.0,29.0,435.0,809.0,243.0,11.0,24.0,961.0,13.0,11.0,7.0,803.0,819.0,814.0,755.0,11.0,392.0,5.0,19.0,9.0,806.0,5.0,425.0,939.0,20.0,9.0,10.0,913.0,25.0,677.0,11.0,676.0,16.0,13.0,7.0,92.0,11.0,858.0,9.0,12.0
2166,7.0,7.0,7.0,7.0,6.0,7.0,7.0,7.0,7.0,6.0,7.0,7.0,7.0,7.0,7.0,5.0,7.0,7.0,7.0,7.0,7.0,6.0,7.0,7.0,6.0,6.0,5.0,7.0,5.0,7.0,7.0,7.0,7.0,6.0,7.0,5.0,7.0,7.0,7.0,7.0,7.0,7.0,7.0,6.0,7.0,5.0,7.0,7.0,5.0,6.0,7.0,6.0,7.0,6.0,7.0,7.0,7.0,7.0,7.0,7.0,7.0,7.0,7.0,7.0,7.0,7.0,7.0,6.0,7.0,7.0,7.0,7.0,7.0,6.0,7.0,7.0,7.0,7.0,6.0,7.0,7.0,7.0,7.0,7.0,6.0,7.0,7.0,5.0,7.0,6.0,7.0,7.0,7.0,7.0,7.0,7.0,6.0,7.0,5.0,7.0,6.0,7.0,7.0,7.0,5.0,7.0,7.0,6.0,7.0,7.0,7.0,7.0,7.0,7.0,7.0,6.0,7.0,7.0,7.0,7.0,7.0,7.0,6.0,6.0,7.0,6.0,6.0,5.0
2168,11.0,10.0,11.0,9.0,10.0,11.0,9.0,9.0,10.0,10.0,10.0,11.0,10.0,11.0,11.0,11.0,11.0,11.0,10.0,10.0,9.0,10.0,8.0,10.0,10.0,11.0,10.0,9.0,10.0,11.0,10.0,10.0,10.0,9.0,11.0,11.0,10.0,9.0,10.0,12.0,10.0,10.0,10.0,10.0,11.0,11.0,11.0,9.0,9.0,11.0,10.0,11.0,10.0,10.0,9.0,9.0,11.0,10.0,10.0,10.0,11.0,11.0,11.0,11.0,11.0,11.0,10.0,10.0,10.0,10.0,11.0,10.0,10.0,10.0,9.0,11.0,11.0,11.0,10.0,11.0,10.0,11.0,11.0,11.0,11.0,10.0,9.0,10.0,9.0,10.0,10.0,10.0,10.0,11.0,11.0,10.0,10.0,10.0,11.0,8.0,9.0,9.0,10.0,10.0,10.0,10.0,8.0,10.0,10.0,10.0,10.0,11.0,9.0,10.0,10.0,10.0,10.0,9.0,10.0,10.0,10.0,10.0,11.0,11.0,9.0,10.0,10.0,10.0
2173,51.0,41.0,47.0,58.0,49.0,61.0,52.0,72.0,39.0,58.0,38.0,64.0,56.0,47.0,48.0,53.0,59.0,43.0,53.0,42.0,65.0,61.0,53.0,13.0,53.0,47.0,69.0,66.0,76.0,48.0,31.0,51.0,53.0,29.0,47.0,51.0,75.0,61.0,52.0,64.0,53.0,59.0,43.0,57.0,52.0,55.0,47.0,148.0,63.0,38.0,59.0,44.0,58.0,56.0,61.0,40.0,56.0,64.0,51.0,41.0,56.0,41.0,50.0,54.0,64.0,40.0,78.0,52.0,69.0,56.0,49.0,52.0,45.0,57.0,55.0,43.0,61.0,51.0,8.0,64.0,107.0,54.0,63.0,48.0,65.0,59.0,50.0,66.0,49.0,56.0,68.0,88.0,51.0,44.0,57.0,42.0,70.0,66.0,35.0,51.0,56.0,10.0,72.0,47.0,56.0,85.0,42.0,65.0,139.0,48.0,66.0,56.0,67.0,76.0,49.0,45.0,63.0,62.0,55.0,45.0,59.0,55.0,9.0,60.0,53.0,68.0,41.0,70.0
2174,5.0,7.0,7.0,5.0,5.0,5.0,6.0,5.0,6.0,5.0,6.0,5.0,5.0,5.0,5.0,7.0,7.0,7.0,8.0,6.0,5.0,5.0,5.0,5.0,7.0,6.0,6.0,7.0,6.0,5.0,7.0,5.0,6.0,5.0,6.0,7.0,5.0,7.0,5.0,5.0,6.0,6.0,7.0,7.0,6.0,5.0,5.0,5.0,5.0,7.0,5.0,7.0,5.0,5.0,8.0,5.0,6.0,7.0,6.0,6.0,7.0,8.0,6.0,7.0,6.0,5.0,5.0,5.0,5.0,6.0,5.0,5.0,5.0,8.0,5.0,6.0,5.0,8.0,6.0,7.0,6.0,6.0,5.0,6.0,5.0,5.0,5.0,6.0,6.0,5.0,7.0,5.0,7.0,5.0,5.0,5.0,5.0,5.0,6.0,5.0,7.0,7.0,5.0,7.0,6.0,6.0,5.0,7.0,5.0,5.0,6.0,8.0,6.0,6.0,5.0,7.0,7.0,5.0,5.0,7.0,7.0,7.0,6.0,6.0,5.0,5.0,5.0,6.0
2189,10.0,10.0,11.0,10.0,11.0,10.0,10.0,11.0,11.0,8.0,10.0,10.0,10.0,9.0,11.0,8.0,10.0,10.0,10.0,10.0,9.0,11.0,12.0,9.0,10.0,10.0,10.0,11.0,10.0,11.0,10.0,11.0,10.0,10.0,12.0,9.0,9.0,12.0,11.0,10.0,10.0,10.0,9.0,11.0,11.0,10.0,8.0,9.0,10.0,11.0,11.0,10.0,10.0,13.0,11.0,10.0,10.0,11.0,11.0,11.0,8.0,9.0,12.0,10.0,12.0,11.0,11.0,11.0,8.0,10.0,10.0,9.0,10.0,10.0,11.0,11.0,8.0,10.0,11.0,11.0,10.0,11.0,10.0,10.0,12.0,11.0,11.0,10.0,11.0,10.0,8.0,12.0,10.0,7.0,9.0,10.0,9.0,10.0,10.0,9.0,10.0,11.0,10.0,10.0,11.0,10.0,11.0,11.0,9.0,10.0,8.0,10.0,10.0,10.0,12.0,9.0,10.0,8.0,11.0,11.0,9.0,10.0,7.0,10.0,11.0,10.0,10.0,10.0
2201,16.0,15.0,13.0,17.0,13.0,16.0,13.0,12.0,14.0,17.0,14.0,16.0,12.0,16.0,15.0,15.0,21.0,13.0,15.0,15.0,13.0,16.0,14.0,15.0,13.0,19.0,12.0,14.0,15.0,14.0,14.0,12.0,11.0,19.0,13.0,11.0,14.0,11.0,16.0,12.0,13.0,12.0,12.0,14.0,16.0,12.0,16.0,18.0,17.0,13.0,11.0,15.0,11.0,17.0,15.0,11.0,13.0,15.0,12.0,11.0,13.0,15.0,13.0,12.0,16.0,16.0,15.0,15.0,14.0,14.0,17.0,17.0,13.0,16.0,21.0,14.0,16.0,13.0,13.0,12.0,14.0,11.0,15.0,44.0,15.0,17.0,22.0,12.0,18.0,14.0,20.0,12.0,15.0,17.0,11.0,17.0,14.0,20.0,14.0,12.0,11.0,17.0,15.0,14.0,14.0,19.0,14.0,11.0,12.0,16.0,12.0,16.0,17.0,12.0,12.0,17.0,12.0,13.0,15.0,13.0,19.0,13.0,13.0,12.0,13.0,17.0,14.0,12.0
2202,5.0,7.0,7.0,7.0,7.0,6.0,7.0,7.0,7.0,7.0,6.0,5.0,6.0,7.0,6.0,7.0,6.0,7.0,7.0,7.0,7.0,7.0,5.0,6.0,7.0,7.0,7.0,7.0,7.0,7.0,7.0,7.0,7.0,7.0,7.0,7.0,7.0,7.0,7.0,7.0,6.0,7.0,6.0,6.0,6.0,6.0,7.0,7.0,7.0,6.0,7.0,7.0,7.0,6.0,6.0,6.0,7.0,6.0,6.0,6.0,7.0,6.0,7.0,7.0,6.0,7.0,7.0,6.0,6.0,7.0,7.0,6.0,7.0,7.0,7.0,7.0,7.0,7.0,7.0,7.0,7.0,5.0,7.0,7.0,7.0,7.0,7.0,6.0,7.0,7.0,6.0,7.0,6.0,7.0,7.0,6.0,7.0,7.0,5.0,7.0,6.0,6.0,6.0,6.0,6.0,7.0,7.0,7.0,7.0,6.0,7.0,7.0,7.0,7.0,6.0,6.0,7.0,7.0,7.0,7.0,7.0,5.0,7.0,7.0,7.0,6.0,7.0,7.0
2205,192.0,87.0,136.0,362.0,172.0,225.0,137.0,379.0,82.0,22.0,123.0,149.0,123.0,210.0,21.0,151.0,107.0,397.0,342.0,456.0,23.0,245.0,185.0,304.0,26.0,141.0,215.0,381.0,25.0,155.0,136.0,273.0,445.0,29.0,473.0,26.0,18.0,299.0,21.0,317.0,166.0,134.0,251.0,335.0,357.0,116.0,140.0,240.0,500.0,274.0,127.0,21.0,382.0,355.0,350.0,24.0,276.0,445.0,376.0,140.0,424.0,91.0,391.0,337.0,276.0,98.0,449.0,359.0,299.0,238.0,26.0,233.0,244.0,372.0,140.0,264.0,322.0,286.0,248.0,150.0,105.0,279.0,207.0,336.0,341.0,227.0,129.0,321.0,225.0,233.0,114.0,310.0,134.0,364.0,294.0,272.0,310.0,381.0,177.0,366.0,199.0,386.0,470.0,347.0,270.0,151.0,314.0,325.0,447.0,305.0,141.0,136.0,15.0,16.0,16.0,451.0,379.0,158.0,260.0,141.0,165.0,240.0,304.0,372.0,273.0,213.0,348.0,375.0
2215,21.0,49.0,46.0,48.0,19.0,46.0,41.0,24.0,48.0,46.0,17.0,22.0,18.0,23.0,21.0,22.0,22.0,49.0,19.0,47.0,21.0,18.0,18.0,46.0,19.0,22.0,42.0,17.0,46.0,26.0,22.0,19.0,18.0,22.0,23.0,24.0,47.0,50.0,47.0,22.0,18.0,23.0,20.0,45.0,23.0,20.0,47.0,50.0,25.0,47.0,25.0,21.0,44.0,17.0,22.0,19.0,52.0,55.0,46.0,18.0,18.0,51.0,51.0,18.0,48.0,49.0,46.0,23.0,18.0,21.0,20.0,46.0,52.0,51.0,45.0,58.0,16.0,46.0,44.0,54.0,24.0,20.0,29.0,54.0,17.0,20.0,20.0,50.0,21.0,20.0,15.0,41.0,49.0,43.0,50.0,47.0,42.0,42.0,49.0,23.0,46.0,21.0,51.0,20.0,18.0,18.0,56.0,45.0,47.0,45.0,30.0,20.0,49.0,18.0,46.0,43.0,48.0,19.0,45.0,44.0,49.0,51.0,45.0,16.0,47.0,20.0,51.0,19.0
2217,2.0,785.0,869.0,2.0,808.0,2.0,837.0,827.0,2.0,830.0,791.0,2.0,802.0,890.0,2.0,823.0,2.0,2.0,947.0,2.0,958.0,2.0,891.0,2.0,969.0,2.0,942.0,957.0,2.0,935.0,938.0,935.0,2.0,2.0,924.0,974.0,952.0,2.0,941.0,2.0,2.0,2.0,2.0,1.0,1.0,2.0,969.0,948.0,929.0,928.0,973.0,2.0,901.0,977.0,875.0,958.0,2.0,942.0,1.0,901.0,925.0,2.0,967.0,2.0,2.0,2.0,2.0,947.0,2.0,2.0,932.0,2.0,2.0,952.0,2.0,2.0,2.0,1.0,2.0,987.0,904.0,932.0,2.0,836.0,2.0,2.0,2.0,969.0,960.0,2.0,2.0,939.0,960.0,917.0,2.0,975.0,908.0,2.0,931.0,940.0,927.0,2.0,954.0,930.0,2.0,966.0,2.0,2.0,920.0,936.0,2.0,2.0,864.0,864.0,2.0,904.0,2.0,1.0,2.0,2.0,980.0,2.0,930.0,2.0,2.0,965.0,974.0,2.0
2230,873.0,3.0,893.0,2.0,2.0,1.0,865.0,1.0,1.0,878.0,849.0,2.0,864.0,901.0,1.0,837.0,3.0,941.0,960.0,1.0,1.0,1.0,959.0,960.0,2.0,1.0,1.0,994.0,949.0,2.0,2.0,2.0,1.0,1.0,923.0,3.0,954.0,2.0,973.0,1.0,944.0,1.0,944.0,930.0,951.0,942.0,949.0,2.0,963.0,1.0,952.0,1.0,1.0,1.0,1.0,1.0,986.0,930.0,1.0,935.0,1.0,994.0,1.0,1.0,985.0,960.0,2.0,955.0,2.0,976.0,973.0,1.0,1.0,956.0,1.0,1.0,975.0,982.0,1.0,968.0,968.0,985.0,936.0,3.0,1.0,959.0,1.0,961.0,954.0,983.0,968.0,1.0,963.0,2.0,978.0,1.0,3.0,3.0,1.0,1.0,929.0,1.0,1.0,959.0,944.0,2.0,1.0,1.0,1.0,988.0,963.0,1.0,948.0,932.0,1.0,1.0,967.0,956.0,4.0,2.0,946.0,970.0,973.0,952.0,963.0,947.0,945.0,1.0
2243,30.0,31.0,31.0,27.0,30.0,35.0,26.0,24.0,30.0,34.0,27.0,30.0,30.0,27.0,22.0,30.0,32.0,26.0,27.0,24.0,25.0,27.0,28.0,32.0,37.0,35.0,30.0,31.0,31.0,29.0,29.0,30.0,32.0,24.0,32.0,34.0,29.0,24.0,29.0,24.0,28.0,32.0,29.0,30.0,30.0,32.0,27.0,32.0,30.0,30.0,28.0,29.0,34.0,30.0,26.0,32.0,32.0,22.0,26.0,30.0,30.0,30.0,32.0,29.0,29.0,32.0,32.0,30.0,27.0,31.0,27.0,28.0,29.0,37.0,31.0,29.0,26.0,33.0,30.0,24.0,25.0,23.0,33.0,31.0,31.0,29.0,33.0,33.0,32.0,29.0,25.0,27.0,23.0,33.0,29.0,33.0,31.0,30.0,34.0,23.0,32.0,32.0,31.0,31.0,25.0,28.0,29.0,33.0,23.0,21.0,28.0,32.0,35.0,28.0,28.0,33.0,29.0,27.0,30.0,29.0,26.0,30.0,30.0,29.0,26.0,35.0,29.0,27.0
2247,6.0,82.0,7.0,5.0,7.0,6.0,14.0,5.0,6.0,5.0,6.0,5.0,5.0,30.0,8.0,5.0,6.0,7.0,5.0,5.0,6.0,9.0,8.0,15.0,65.0,7.0,9.0,7.0,5.0,11.0,11.0,8.0,6.0,5.0,5.0,6.0,15.0,10.0,5.0,7.0,7.0,9.0,5.0,5.0,79.0,5.0,6.0,5.0,121.0,6.0,9.0,74.0,9.0,6.0,5.0,8.0,10.0,6.0,6.0,6.0,5.0,8.0,7.0,7.0,6.0,8.0,41.0,5.0,9.0,7.0,6.0,10.0,5.0,6.0,5.0,7.0,6.0,5.0,5.0,8.0,11.0,5.0,5.0,7.0,5.0,11.0,5.0,9.0,5.0,6.0,8.0,7.0,6.0,5.0,5.0,5.0,11.0,6.0,47.0,5.0,5.0,8.0,5.0,27.0,6.0,5.0,8.0,5.0,6.0,9.0,6.0,7.0,5.0,5.0,62.0,5.0,8.0,6.0,5.0,7.0,5.0,8.0,6.0,5.0,5.0,66.0,4.0,670.0
2255,29.0,27.0,30.0,35.0,31.0,28.0,32.0,21.0,30.0,34.0,29.0,32.0,31.0,22.0,32.0,28.0,30.0,31.0,27.0,23.0,27.0,28.0,24.0,37.0,31.0,29.0,27.0,30.0,30.0,35.0,26.0,28.0,26.0,35.0,27.0,23.0,33.0,21.0,31.0,28.0,31.0,36.0,33.0,34.0,34.0,31.0,21.0,27.0,29.0,25.0,36.0,34.0,20.0,29.0,27.0,32.0,30.0,24.0,26.0,27.0,31.0,36.0,31.0,25.0,23.0,32.0,32.0,27.0,29.0,31.0,30.0,30.0,28.0,30.0,33.0,26.0,23.0,44.0,24.0,20.0,33.0,29.0,30.0,30.0,33.0,32.0,26.0,25.0,35.0,35.0,23.0,30.0,25.0,33.0,29.0,25.0,23.0,28.0,21.0,29.0,25.0,27.0,26.0,29.0,26.0,32.0,36.0,28.0,23.0,28.0,26.0,32.0,30.0,28.0,25.0,31.0,27.0,33.0,29.0,29.0,29.0,24.0,26.0,30.0,20.0,20.0,31.0,33.0
2256,119.0,117.0,67.0,59.0,56.0,96.0,64.0,62.0,92.0,94.0,123.0,121.0,64.0,56.0,59.0,109.0,61.0,119.0,55.0,123.0,114.0,107.0,103.0,60.0,98.0,99.0,57.0,113.0,105.0,105.0,64.0,131.0,69.0,97.0,100.0,75.0,104.0,95.0,105.0,130.0,114.0,119.0,110.0,109.0,63.0,117.0,72.0,102.0,87.0,99.0,64.0,112.0,95.0,60.0,95.0,81.0,69.0,124.0,46.0,110.0,72.0,87.0,74.0,99.0,60.0,92.0,94.0,92.0,95.0,70.0,101.0,112.0,106.0,106.0,67.0,67.0,106.0,102.0,104.0,98.0,95.0,97.0,62.0,122.0,71.0,63.0,101.0,65.0,89.0,65.0,54.0,111.0,98.0,97.0,70.0,103.0,110.0,111.0,116.0,106.0,102.0,105.0,88.0,100.0,107.0,86.0,57.0,123.0,109.0,91.0,97.0,130.0,106.0,108.0,102.0,100.0,73.0,88.0,120.0,64.0,63.0,106.0,103.0,97.0,129.0,102.0,90.0,56.0
2272,90.0,8.0,788.0,14.0,65.0,27.0,26.0,6.0,119.0,10.0,8.0,7.0,99.0,5.0,66.0,8.0,5.0,8.0,7.0,5.0,5.0,80.0,5.0,5.0,617.0,10.0,83.0,136.0,130.0,7.0,5.0,6.0,5.0,10.0,103.0,5.0,7.0,87.0,5.0,5.0,74.0,101.0,254.0,5.0,7.0,6.0,114.0,13.0,6.0,10.0,62.0,34.0,57.0,51.0,5.0,80.0,53.0,5.0,6.0,82.0,17.0,74.0,18.0,7.0,29.0,27.0,7.0,113.0,8.0,5.0,7.0,5.0,69.0,5.0,8.0,299.0,76.0,6.0,21.0,6.0,20.0,261.0,5.0,5.0,13.0,92.0,76.0,81.0,69.0,74.0,10.0,6.0,60.0,6.0,6.0,65.0,150.0,39.0,7.0,5.0,7.0,69.0,70.0,5.0,80.0,63.0,84.0,6.0,153.0,8.0,11.0,97.0,12.0,150.0,161.0,135.0,5.0,136.0,5.0,5.0,4.0,87.0,69.0,173.0,12.0,133.0,8.0,26.0
2302,166.0,125.0,211.0,166.0,208.0,100.0,182.0,138.0,159.0,232.0,191.0,152.0,142.0,127.0,182.0,147.0,87.0,203.0,147.0,120.0,159.0,186.0,124.0,119.0,120.0,148.0,124.0,162.0,122.0,110.0,146.0,104.0,128.0,137.0,165.0,126.0,125.0,177.0,151.0,104.0,261.0,127.0,151.0,109.0,231.0,105.0,154.0,164.0,112.0,177.0,137.0,104.0,114.0,179.0,161.0,165.0,174.0,149.0,127.0,133.0,297.0,173.0,185.0,253.0,124.0,124.0,126.0,153.0,138.0,105.0,261.0,119.0,124.0,149.0,149.0,124.0,159.0,107.0,134.0,121.0,134.0,108.0,173.0,222.0,133.0,180.0,116.0,113.0,179.0,128.0,204.0,122.0,146.0,114.0,207.0,210.0,100.0,137.0,148.0,130.0,115.0,115.0,126.0,106.0,166.0,137.0,198.0,291.0,130.0,207.0,239.0,130.0,127.0,270.0,177.0,140.0,197.0,125.0,120.0,108.0,136.0,130.0,190.0,94.0,119.0,90.0,129.0,206.0
2311,110.0,82.0,67.0,127.0,47.0,42.0,47.0,44.0,49.0,141.0,36.0,100.0,85.0,37.0,56.0,175.0,42.0,58.0,127.0,78.0,49.0,98.0,102.0,49.0,47.0,59.0,44.0,56.0,49.0,52.0,46.0,266.0,289.0,52.0,83.0,92.0,51.0,96.0,90.0,45.0,47.0,46.0,54.0,50.0,63.0,39.0,126.0,39.0,39.0,43.0,100.0,56.0,38.0,112.0,58.0,50.0,116.0,54.0,38.0,146.0,294.0,47.0,284.0,270.0,191.0,58.0,293.0,38.0,46.0,37.0,122.0,68.0,144.0,212.0,51.0,41.0,46.0,43.0,54.0,153.0,45.0,65.0,44.0,71.0,41.0,48.0,54.0,43.0,53.0,58.0,41.0,43.0,91.0,95.0,44.0,65.0,102.0,50.0,138.0,41.0,43.0,82.0,287.0,56.0,157.0,44.0,277.0,119.0,66.0,55.0,39.0,207.0,39.0,111.0,50.0,58.0,256.0,93.0,41.0,97.0,111.0,62.0,116.0,43.0,53.0,36.0,46.0,108.0
2316,210.0,196.0,193.0,201.0,189.0,200.0,196.0,187.0,191.0,202.0,198.0,190.0,190.0,195.0,193.0,198.0,187.0,201.0,199.0,201.0,202.0,197.0,198.0,194.0,191.0,199.0,199.0,200.0,192.0,181.0,188.0,205.0,197.0,190.0,192.0,188.0,203.0,196.0,194.0,199.0,201.0,196.0,212.0,205.0,198.0,199.0,199.0,194.0,191.0,193.0,186.0,191.0,191.0,199.0,205.0,196.0,195.0,189.0,202.0,200.0,198.0,200.0,207.0,196.0,197.0,196.0,195.0,197.0,188.0,198.0,199.0,208.0,216.0,195.0,193.0,190.0,210.0,210.0,204.0,187.0,188.0,189.0,198.0,202.0,212.0,191.0,192.0,187.0,192.0,194.0,176.0,201.0,202.0,196.0,199.0,212.0,199.0,195.0,213.0,195.0,191.0,194.0,193.0,193.0,197.0,194.0,191.0,207.0,200.0,197.0,190.0,211.0,189.0,201.0,201.0,204.0,185.0,201.0,198.0,190.0,193.0,200.0,196.0,199.0,205.0,193.0,198.0,201.0
2333,213.0,72.0,50.0,84.0,44.0,160.0,78.0,131.0,190.0,202.0,54.0,86.0,209.0,48.0,82.0,45.0,81.0,239.0,66.0,63.0,34.0,78.0,47.0,46.0,57.0,84.0,234.0,216.0,169.0,84.0,91.0,65.0,94.0,65.0,202.0,222.0,212.0,95.0,69.0,54.0,221.0,204.0,68.0,31.0,60.0,58.0,244.0,173.0,78.0,88.0,105.0,224.0,66.0,61.0,183.0,104.0,106.0,53.0,66.0,58.0,71.0,108.0,237.0,122.0,55.0,75.0,52.0,175.0,69.0,212.0,62.0,83.0,81.0,197.0,59.0,58.0,221.0,22.0,106.0,215.0,67.0,144.0,202.0,190.0,205.0,192.0,144.0,199.0,161.0,43.0,75.0,57.0,61.0,55.0,84.0,34.0,67.0,145.0,36.0,60.0,71.0,52.0,37.0,129.0,53.0,64.0,202.0,67.0,62.0,72.0,35.0,64.0,72.0,221.0,55.0,68.0,96.0,78.0,64.0,67.0,77.0,45.0,70.0,199.0,55.0,69.0,88.0,59.0
2336,473.0,452.0,460.0,429.0,259.0,598.0,635.0,430.0,567.0,396.0,545.0,391.0,363.0,61.0,595.0,45.0,423.0,626.0,396.0,51.0,577.0,682.0,558.0,882.0,623.0,611.0,41.0,618.0,92.0,579.0,284.0,870.0,37.0,865.0,400.0,595.0,759.0,499.0,726.0,383.0,262.0,41.0,433.0,622.0,810.0,551.0,429.0,508.0,94.0,602.0,669.0,500.0,52.0,381.0,89.0,115.0,518.0,542.0,360.0,134.0,40.0,467.0,163.0,443.0,669.0,329.0,354.0,570.0,661.0,320.0,38.0,653.0,625.0,425.0,49.0,58.0,382.0,613.0,398.0,443.0,56.0,571.0,309.0,623.0,811.0,401.0,696.0,720.0,36.0,496.0,515.0,399.0,461.0,643.0,387.0,390.0,400.0,435.0,53.0,443.0,433.0,785.0,604.0,618.0,620.0,572.0,647.0,520.0,444.0,617.0,397.0,592.0,497.0,728.0,559.0,548.0,37.0,474.0,670.0,648.0,909.0,115.0,543.0,26.0,464.0,704.0,425.0,33.0
2337,8.0,8.0,9.0,8.0,6.0,7.0,6.0,7.0,8.0,9.0,7.0,7.0,6.0,8.0,8.0,9.0,7.0,7.0,7.0,6.0,6.0,7.0,8.0,6.0,8.0,7.0,7.0,9.0,7.0,6.0,7.0,8.0,6.0,8.0,8.0,8.0,7.0,8.0,7.0,9.0,8.0,8.0,8.0,7.0,7.0,6.0,7.0,8.0,7.0,9.0,8.0,8.0,8.0,9.0,8.0,6.0,6.0,7.0,7.0,7.0,7.0,7.0,7.0,7.0,8.0,7.0,7.0,7.0,6.0,7.0,8.0,8.0,7.0,6.0,6.0,7.0,6.0,5.0,7.0,6.0,9.0,8.0,6.0,7.0,7.0,6.0,7.0,8.0,7.0,7.0,8.0,6.0,6.0,7.0,6.0,6.0,7.0,9.0,6.0,6.0,6.0,8.0,9.0,8.0,7.0,7.0,6.0,7.0,6.0,7.0,7.0,6.0,7.0,7.0,7.0,8.0,7.0,8.0,7.0,6.0,9.0,7.0,8.0,7.0,6.0,8.0,7.0,6.0
2341,80.0,81.0,82.0,7.0,49.0,91.0,135.0,71.0,51.0,88.0,99.0,98.0,63.0,149.0,140.0,95.0,199.0,74.0,135.0,129.0,65.0,138.0,67.0,97.0,73.0,181.0,77.0,91.0,74.0,76.0,122.0,94.0,103.0,73.0,67.0,60.0,66.0,169.0,102.0,108.0,61.0,103.0,140.0,46.0,72.0,136.0,49.0,46.0,82.0,149.0,181.0,62.0,174.0,51.0,59.0,105.0,104.0,85.0,82.0,196.0,61.0,179.0,71.0,114.0,107.0,101.0,108.0,57.0,88.0,165.0,124.0,123.0,165.0,64.0,173.0,62.0,48.0,77.0,134.0,121.0,97.0,74.0,77.0,77.0,35.0,98.0,72.0,84.0,88.0,25.0,85.0,106.0,67.0,75.0,188.0,79.0,162.0,78.0,64.0,96.0,7.0,117.0,89.0,41.0,62.0,109.0,61.0,114.0,89.0,147.0,54.0,108.0,124.0,52.0,98.0,149.0,163.0,139.0,122.0,45.0,123.0,48.0,150.0,73.0,127.0,106.0,97.0,98.0
2347,9.0,9.0,9.0,11.0,10.0,9.0,17.0,9.0,9.0,5.0,7.0,6.0,11.0,9.0,10.0,7.0,9.0,9.0,9.0,6.0,7.0,5.0,9.0,12.0,10.0,9.0,8.0,9.0,9.0,9.0,9.0,7.0,11.0,7.0,5.0,9.0,9.0,11.0,8.0,9.0,10.0,8.0,7.0,9.0,9.0,9.0,5.0,11.0,12.0,6.0,9.0,9.0,7.0,9.0,9.0,12.0,9.0,8.0,9.0,9.0,11.0,10.0,9.0,9.0,7.0,9.0,9.0,10.0,10.0,19.0,6.0,7.0,12.0,8.0,9.0,9.0,9.0,9.0,11.0,10.0,9.0,8.0,19.0,9.0,9.0,9.0,10.0,6.0,9.0,8.0,5.0,8.0,10.0,9.0,7.0,8.0,15.0,10.0,12.0,10.0,10.0,10.0,9.0,14.0,7.0,10.0,9.0,8.0,5.0,5.0,6.0,5.0,8.0,11.0,9.0,6.0,10.0,14.0,5.0,9.0,11.0,8.0,7.0,10.0,9.0,15.0,6.0,11.0
2351,28.0,26.0,30.0,76.0,69.0,70.0,32.0,75.0,34.0,29.0,25.0,35.0,22.0,66.0,31.0,63.0,60.0,76.0,63.0,64.0,57.0,26.0,71.0,31.0,33.0,26.0,23.0,24.0,68.0,27.0,82.0,62.0,77.0,84.0,30.0,78.0,68.0,62.0,25.0,72.0,29.0,66.0,100.0,54.0,69.0,72.0,59.0,30.0,45.0,72.0,72.0,22.0,69.0,24.0,40.0,81.0,35.0,90.0,63.0,82.0,67.0,83.0,59.0,93.0,25.0,58.0,68.0,59.0,82.0,84.0,27.0,52.0,71.0,26.0,88.0,25.0,64.0,79.0,81.0,29.0,29.0,69.0,57.0,79.0,62.0,60.0,22.0,35.0,37.0,66.0,57.0,62.0,29.0,70.0,27.0,29.0,66.0,67.0,66.0,75.0,76.0,93.0,24.0,65.0,59.0,33.0,58.0,76.0,62.0,63.0,64.0,61.0,65.0,72.0,69.0,27.0,63.0,25.0,60.0,96.0,30.0,82.0,97.0,59.0,76.0,31.0,26.0,71.0
2364,5.0,5.0,4.0,4.0,4.0,5.0,5.0,5.0,5.0,4.0,5.0,5.0,4.0,5.0,5.0,5.0,5.0,5.0,5.0,5.0,5.0,5.0,5.0,5.0,4.0,4.0,5.0,5.0,4.0,4.0,5.0,5.0,5.0,5.0,5.0,5.0,4.0,5.0,4.0,5.0,5.0,5.0,5.0,4.0,5.0,4.0,5.0,4.0,5.0,5.0,4.0,4.0,5.0,5.0,5.0,5.0,5.0,5.0,5.0,4.0,5.0,5.0,4.0,5.0,4.0,5.0,5.0,5.0,5.0,5.0,5.0,5.0,4.0,4.0,5.0,5.0,4.0,5.0,5.0,5.0,5.0,4.0,5.0,4.0,5.0,5.0,5.0,5.0,5.0,5.0,4.0,5.0,5.0,4.0,4.0,5.0,5.0,5.0,5.0,5.0,4.0,5.0,5.0,4.0,4.0,5.0,4.0,4.0,5.0,5.0,5.0,4.0,5.0,5.0,5.0,5.0,4.0,5.0,4.0,5.0,4.0,5.0,5.0,5.0,4.0,5.0,4.0,5.0
2365,26.0,26.0,28.0,29.0,27.0,28.0,29.0,25.0,27.0,29.0,28.0,29.0,27.0,27.0,26.0,27.0,26.0,25.0,28.0,26.0,28.0,24.0,26.0,26.0,25.0,28.0,30.0,24.0,29.0,27.0,28.0,26.0,27.0,26.0,27.0,27.0,24.0,25.0,27.0,25.0,27.0,29.0,27.0,28.0,27.0,27.0,23.0,28.0,27.0,29.0,30.0,28.0,25.0,27.0,27.0,29.0,27.0,28.0,26.0,28.0,25.0,27.0,27.0,30.0,30.0,29.0,26.0,27.0,29.0,26.0,28.0,26.0,25.0,26.0,24.0,29.0,27.0,26.0,28.0,27.0,28.0,28.0,27.0,30.0,29.0,25.0,25.0,28.0,30.0,27.0,29.0,28.0,26.0,29.0,24.0,26.0,29.0,29.0,30.0,25.0,28.0,27.0,26.0,27.0,29.0,27.0,28.0,31.0,28.0,27.0,28.0,27.0,26.0,28.0,28.0,27.0,30.0,28.0,30.0,31.0,27.0,24.0,29.0,29.0,30.0,30.0,29.0,29.0
2374,8.0,5.0,7.0,6.0,5.0,6.0,5.0,6.0,6.0,9.0,7.0,6.0,7.0,6.0,7.0,7.0,5.0,5.0,9.0,9.0,7.0,7.0,7.0,6.0,6.0,6.0,6.0,6.0,7.0,8.0,6.0,7.0,6.0,6.0,8.0,7.0,6.0,6.0,6.0,7.0,7.0,7.0,7.0,6.0,6.0,7.0,7.0,7.0,5.0,7.0,6.0,6.0,6.0,6.0,6.0,6.0,6.0,7.0,6.0,7.0,5.0,6.0,7.0,6.0,6.0,7.0,7.0,7.0,6.0,6.0,6.0,6.0,6.0,9.0,7.0,7.0,7.0,6.0,7.0,6.0,7.0,6.0,6.0,7.0,6.0,6.0,8.0,5.0,6.0,7.0,7.0,5.0,7.0,7.0,5.0,6.0,5.0,6.0,6.0,6.0,7.0,6.0,7.0,6.0,5.0,5.0,7.0,7.0,8.0,6.0,6.0,6.0,6.0,7.0,7.0,7.0,7.0,7.0,6.0,6.0,9.0,6.0,6.0,7.0,5.0,8.0,5.0,7.0
2404,9.0,97.0,105.0,115.0,140.0,109.0,89.0,140.0,102.0,112.0,5.0,78.0,87.0,81.0,104.0,55.0,41.0,74.0,5.0,92.0,101.0,56.0,9.0,97.0,74.0,10.0,6.0,29.0,37.0,41.0,40.0,68.0,82.0,79.0,105.0,10.0,94.0,7.0,88.0,106.0,10.0,28.0,114.0,10.0,48.0,41.0,88.0,106.0,87.0,5.0,7.0,40.0,132.0,131.0,98.0,98.0,10.0,101.0,77.0,5.0,105.0,84.0,70.0,86.0,120.0,141.0,102.0,5.0,113.0,84.0,90.0,9.0,98.0,118.0,124.0,95.0,23.0,5.0,83.0,103.0,52.0,103.0,112.0,5.0,82.0,48.0,93.0,118.0,125.0,95.0,106.0,91.0,39.0,99.0,45.0,6.0,139.0,62.0,68.0,11.0,96.0,30.0,55.0,5.0,5.0,89.0,8.0,63.0,50.0,41.0,97.0,5.0,41.0,35.0,81.0,90.0,149.0,85.0,85.0,117.0,67.0,91.0,90.0,106.0,130.0,80.0,107.0,48.0
2412,40.0,43.0,57.0,42.0,41.0,76.0,55.0,43.0,48.0,45.0,41.0,42.0,44.0,64.0,40.0,49.0,43.0,46.0,44.0,41.0,39.0,72.0,48.0,70.0,48.0,44.0,52.0,71.0,69.0,43.0,45.0,41.0,40.0,48.0,44.0,49.0,47.0,45.0,44.0,46.0,42.0,44.0,51.0,49.0,42.0,42.0,74.0,46.0,58.0,36.0,35.0,41.0,42.0,45.0,46.0,71.0,66.0,46.0,45.0,52.0,70.0,42.0,45.0,49.0,40.0,46.0,44.0,46.0,42.0,43.0,65.0,38.0,68.0,45.0,44.0,39.0,60.0,42.0,43.0,41.0,43.0,39.0,52.0,51.0,41.0,39.0,73.0,76.0,40.0,64.0,63.0,43.0,53.0,61.0,37.0,44.0,46.0,48.0,46.0,47.0,38.0,46.0,43.0,53.0,52.0,45.0,72.0,45.0,43.0,61.0,47.0,46.0,70.0,44.0,39.0,50.0,41.0,69.0,42.0,38.0,45.0,43.0,43.0,45.0,44.0,49.0,75.0,43.0
2413,826.0,826.0,859.0,836.0,813.0,772.0,798.0,664.0,823.0,863.0,807.0,820.0,778.0,868.0,777.0,835.0,817.0,902.0,887.0,818.0,861.0,883.0,758.0,932.0,898.0,907.0,894.0,982.0,920.0,992.0,907.0,768.0,914.0,856.0,1011.0,762.0,907.0,915.0,692.0,845.0,872.0,878.0,765.0,621.0,940.0,996.0,859.0,814.0,714.0,925.0,983.0,751.0,890.0,948.0,944.0,875.0,792.0,877.0,922.0,917.0,977.0,792.0,790.0,758.0,827.0,956.0,899.0,973.0,771.0,760.0,935.0,972.0,335.0,741.0,983.0,879.0,920.0,687.0,1029.0,948.0,805.0,904.0,911.0,848.0,816.0,895.0,839.0,762.0,927.0,934.0,941.0,856.0,822.0,590.0,778.0,933.0,826.0,864.0,690.0,914.0,937.0,870.0,1004.0,900.0,821.0,862.0,875.0,791.0,730.0,820.0,853.0,725.0,911.0,908.0,965.0,1076.0,699.0,950.0,863.0,889.0,925.0,1087.0,881.0,930.0,828.0,896.0,883.0,848.0
2420,5.0,5.0,5.0,5.0,9.0,5.0,5.0,5.0,4.0,6.0,5.0,6.0,5.0,5.0,5.0,7.0,5.0,7.0,5.0,31.0,9.0,5.0,5.0,5.0,6.0,4.0,5.0,6.0,5.0,5.0,5.0,6.0,938.0,6.0,5.0,6.0,5.0,5.0,6.0,5.0,6.0,7.0,6.0,6.0,5.0,5.0,7.0,5.0,6.0,5.0,5.0,5.0,5.0,8.0,6.0,6.0,5.0,5.0,5.0,5.0,5.0,6.0,6.0,5.0,5.0,5.0,6.0,6.0,5.0,6.0,5.0,5.0,5.0,5.0,6.0,5.0,5.0,5.0,6.0,959.0,6.0,5.0,4.0,6.0,5.0,6.0,5.0,4.0,6.0,6.0,6.0,6.0,5.0,6.0,5.0,5.0,6.0,6.0,5.0,885.0,5.0,5.0,10.0,6.0,6.0,8.0,6.0,6.0,6.0,4.0,5.0,5.0,5.0,5.0,7.0,5.0,5.0,5.0,6.0,6.0,5.0,8.0,5.0,6.0,7.0,6.0,5.0,8.0
2429,125.0,116.0,115.0,115.0,97.0,107.0,66.0,73.0,111.0,103.0,116.0,116.0,68.0,67.0,96.0,115.0,88.0,117.0,105.0,126.0,118.0,106.0,117.0,103.0,96.0,104.0,100.0,119.0,113.0,101.0,96.0,128.0,100.0,95.0,108.0,93.0,112.0,77.0,103.0,125.0,116.0,121.0,111.0,123.0,110.0,119.0,106.0,104.0,82.0,110.0,61.0,118.0,88.0,72.0,126.0,83.0,92.0,128.0,104.0,108.0,99.0,106.0,68.0,102.0,76.0,74.0,91.0,106.0,114.0,109.0,108.0,106.0,125.0,118.0,99.0,72.0,85.0,119.0,112.0,106.0,110.0,103.0,72.0,120.0,115.0,102.0,98.0,86.0,101.0,63.0,83.0,111.0,103.0,109.0,102.0,119.0,112.0,112.0,127.0,113.0,92.0,110.0,96.0,114.0,108.0,103.0,101.0,123.0,118.0,96.0,90.0,132.0,106.0,112.0,75.0,103.0,93.0,109.0,118.0,97.0,90.0,116.0,111.0,67.0,129.0,102.0,116.0,100.0
2430,39.0,62.0,35.0,95.0,83.0,49.0,63.0,43.0,75.0,46.0,34.0,49.0,81.0,45.0,53.0,46.0,56.0,100.0,40.0,116.0,36.0,40.0,33.0,42.0,55.0,61.0,47.0,36.0,37.0,69.0,98.0,116.0,37.0,60.0,60.0,63.0,56.0,38.0,43.0,41.0,44.0,38.0,53.0,49.0,58.0,43.0,43.0,69.0,27.0,57.0,53.0,35.0,48.0,42.0,37.0,45.0,37.0,34.0,29.0,55.0,33.0,40.0,97.0,56.0,47.0,56.0,43.0,92.0,95.0,48.0,49.0,41.0,72.0,69.0,55.0,77.0,56.0,44.0,48.0,45.0,43.0,51.0,44.0,52.0,43.0,52.0,58.0,50.0,38.0,43.0,45.0,59.0,47.0,48.0,49.0,32.0,50.0,46.0,37.0,46.0,40.0,107.0,43.0,40.0,52.0,78.0,46.0,45.0,43.0,33.0,43.0,52.0,42.0,47.0,95.0,38.0,47.0,69.0,54.0,57.0,43.0,36.0,39.0,41.0,50.0,32.0,47.0,40.0
2434,37.0,38.0,37.0,38.0,34.0,37.0,38.0,35.0,39.0,38.0,37.0,36.0,34.0,38.0,34.0,39.0,37.0,41.0,32.0,33.0,39.0,37.0,36.0,39.0,37.0,36.0,37.0,36.0,37.0,41.0,37.0,35.0,37.0,37.0,37.0,30.0,35.0,42.0,36.0,41.0,37.0,42.0,36.0,30.0,33.0,39.0,37.0,39.0,32.0,38.0,31.0,36.0,38.0,36.0,26.0,39.0,33.0,31.0,34.0,37.0,42.0,36.0,37.0,33.0,28.0,29.0,36.0,30.0,28.0,38.0,41.0,42.0,39.0,32.0,40.0,37.0,37.0,34.0,34.0,38.0,31.0,34.0,34.0,40.0,41.0,35.0,35.0,34.0,41.0,40.0,37.0,37.0,36.0,32.0,36.0,37.0,41.0,38.0,38.0,36.0,37.0,35.0,37.0,37.0,34.0,36.0,40.0,33.0,33.0,43.0,38.0,36.0,37.0,33.0,38.0,37.0,37.0,37.0,38.0,40.0,35.0,37.0,39.0,37.0,38.0,36.0,33.0,43.0
2456,353.0,77.0,162.0,42.0,314.0,194.0,185.0,189.0,132.0,198.0,200.0,395.0,222.0,225.0,44.0,343.0,116.0,208.0,328.0,176.0,206.0,46.0,281.0,361.0,159.0,376.0,185.0,184.0,152.0,154.0,291.0,346.0,382.0,179.0,332.0,128.0,382.0,143.0,142.0,209.0,254.0,340.0,82.0,163.0,155.0,155.0,104.0,67.0,79.0,137.0,297.0,129.0,140.0,386.0,219.0,392.0,150.0,185.0,74.0,386.0,241.0,144.0,172.0,354.0,331.0,304.0,326.0,164.0,156.0,150.0,120.0,315.0,334.0,169.0,363.0,391.0,187.0,304.0,349.0,317.0,137.0,150.0,225.0,204.0,186.0,122.0,372.0,123.0,158.0,69.0,49.0,138.0,174.0,256.0,300.0,172.0,194.0,213.0,318.0,167.0,158.0,93.0,340.0,75.0,157.0,133.0,322.0,165.0,373.0,382.0,378.0,192.0,125.0,83.0,316.0,69.0,322.0,114.0,166.0,49.0,334.0,230.0,159.0,316.0,248.0,328.0,158.0,327.0
2460,4.0,4.0,4.0,4.0,4.0,4.0,4.0,4.0,4.0,4.0,4.0,4.0,4.0,4.0,4.0,4.0,4.0,4.0,4.0,4.0,4.0,4.0,4.0,4.0,4.0,4.0,4.0,4.0,4.0,4.0,4.0,4.0,4.0,4.0,4.0,4.0,4.0,4.0,4.0,4.0,4.0,4.0,4.0,4.0,4.0,4.0,4.0,4.0,4.0,4.0,4.0,4.0,4.0,4.0,4.0,4.0,4.0,4.0,4.0,4.0,4.0,4.0,4.0,4.0,4.0,4.0,4.0,4.0,4.0,4.0,4.0,4.0,4.0,4.0,4.0,4.0,4.0,4.0,4.0,4.0,4.0,4.0,4.0,4.0,4.0,4.0,4.0,4.0,4.0,4.0,4.0,4.0,4.0,4.0,4.0,4.0,4.0,4.0,4.0,4.0,4.0,4.0,4.0,4.0,4.0,4.0,4.0,4.0,4.0,4.0,4.0,4.0,4.0,4.0,4.0,4.0,4.0,4.0,4.0,4.0,4.0,4.0,4.0,4.0,4.0,4.0,4.0,4.0
2470,47.0,15.0,17.0,39.0,5.0,10.0,54.0,6.0,13.0,6.0,5.0,75.0,118.0,10.0,30.0,8.0,34.0,27.0,16.0,28.0,8.0,12.0,76.0,34.0,69.0,839.0,10.0,82.0,13.0,75.0,51.0,32.0,57.0,22.0,60.0,10.0,44.0,24.0,17.0,32.0,10.0,15.0,20.0,6.0,15.0,26.0,12.0,12.0,21.0,10.0,20.0,63.0,78.0,13.0,44.0,13.0,13.0,18.0,16.0,7.0,82.0,24.0,45.0,135.0,94.0,7.0,11.0,23.0,55.0,33.0,62.0,10.0,7.0,17.0,72.0,25.0,60.0,65.0,18.0,259.0,20.0,11.0,16.0,27.0,31.0,15.0,16.0,20.0,27.0,79.0,73.0,76.0,39.0,7.0,1038.0,16.0,8.0,15.0,25.0,7.0,6.0,8.0,6.0,33.0,20.0,15.0,16.0,6.0,19.0,34.0,64.0,27.0,102.0,24.0,82.0,90.0,22.0,20.0,86.0,69.0,142.0,15.0,6.0,26.0,10.0,8.0,120.0,29.0
2474,4.0,4.0,4.0,4.0,4.0,4.0,4.0,4.0,4.0,4.0,4.0,4.0,4.0,4.0,4.0,4.0,4.0,4.0,4.0,4.0,4.0,4.0,4.0,4.0,4.0,4.0,4.0,4.0,4.0,4.0,4.0,4.0,4.0,4.0,4.0,4.0,4.0,4.0,4.0,4.0,4.0,4.0,4.0,4.0,4.0,4.0,4.0,4.0,4.0,4.0,4.0,4.0,4.0,4.0,4.0,4.0,4.0,4.0,4.0,4.0,4.0,4.0,4.0,4.0,4.0,4.0,4.0,4.0,4.0,4.0,4.0,4.0,4.0,4.0,4.0,4.0,4.0,4.0,4.0,4.0,4.0,4.0,4.0,4.0,4.0,4.0,4.0,4.0,4.0,4.0,4.0,4.0,4.0,4.0,4.0,4.0,4.0,4.0,4.0,4.0,4.0,4.0,4.0,4.0,4.0,4.0,4.0,4.0,4.0,4.0,4.0,4.0,4.0,4.0,4.0,4.0,4.0,4.0,4.0,4.0,4.0,4.0,4.0,4.0,4.0,4.0,4.0,4.0
2476,84.0,24.0,25.0,88.0,75.0,96.0,81.0,84.0,26.0,84.0,87.0,22.0,84.0,79.0,71.0,75.0,78.0,76.0,91.0,97.0,77.0,82.0,95.0,83.0,25.0,106.0,65.0,80.0,69.0,84.0,68.0,32.0,72.0,92.0,78.0,643.0,85.0,28.0,105.0,76.0,89.0,66.0,16.0,98.0,27.0,76.0,31.0,72.0,60.0,107.0,26.0,87.0,94.0,78.0,70.0,78.0,76.0,79.0,62.0,16.0,29.0,41.0,83.0,79.0,20.0,85.0,96.0,90.0,35.0,82.0,29.0,21.0,72.0,83.0,97.0,80.0,18.0,21.0,79.0,89.0,74.0,101.0,18.0,87.0,28.0,85.0,68.0,100.0,80.0,73.0,19.0,94.0,25.0,73.0,79.0,79.0,71.0,71.0,82.0,91.0,64.0,23.0,33.0,82.0,15.0,24.0,104.0,79.0,76.0,98.0,73.0,71.0,27.0,23.0,91.0,77.0,94.0,72.0,29.0,93.0,31.0,20.0,42.0,77.0,18.0,31.0,24.0,96.0
2485,529.0,11.0,41.0,5.0,969.0,5.0,845.0,959.0,42.0,821.0,804.0,28.0,545.0,629.0,35.0,5.0,7.0,880.0,5.0,5.0,25.0,863.0,5.0,37.0,758.0,4.0,13.0,5.0,915.0,712.0,44.0,5.0,22.0,965.0,34.0,46.0,5.0,762.0,621.0,5.0,5.0,941.0,1013.0,5.0,954.0,673.0,942.0,786.0,685.0,7.0,5.0,24.0,712.0,16.0,748.0,5.0,1020.0,692.0,987.0,33.0,5.0,682.0,24.0,787.0,680.0,46.0,941.0,17.0,879.0,39.0,986.0,704.0,27.0,946.0,6.0,924.0,44.0,823.0,671.0,5.0,40.0,40.0,26.0,665.0,712.0,537.0,784.0,7.0,898.0,5.0,763.0,34.0,36.0,632.0,41.0,42.0,994.0,837.0,5.0,34.0,5.0,20.0,53.0,36.0,5.0,48.0,10.0,32.0,5.0,5.0,21.0,580.0,13.0,5.0,39.0,771.0,1030.0,1011.0,824.0,825.0,41.0,5.0,42.0,726.0,5.0,561.0,22.0,907.0
2486,371.0,342.0,390.0,364.0,339.0,367.0,347.0,372.0,380.0,377.0,362.0,395.0,376.0,363.0,371.0,379.0,407.0,417.0,416.0,416.0,433.0,371.0,386.0,423.0,440.0,415.0,415.0,408.0,309.0,392.0,406.0,391.0,404.0,389.0,384.0,398.0,407.0,430.0,443.0,380.0,391.0,383.0,409.0,405.0,420.0,381.0,371.0,376.0,393.0,399.0,405.0,419.0,390.0,368.0,400.0,382.0,433.0,403.0,401.0,398.0,416.0,413.0,405.0,388.0,386.0,419.0,417.0,426.0,413.0,426.0,384.0,374.0,372.0,382.0,402.0,373.0,453.0,425.0,426.0,406.0,406.0,381.0,403.0,407.0,411.0,411.0,396.0,407.0,408.0,424.0,399.0,373.0,386.0,374.0,428.0,371.0,385.0,403.0,403.0,388.0,412.0,435.0,402.0,427.0,405.0,398.0,421.0,405.0,401.0,404.0,413.0,380.0,411.0,398.0,394.0,424.0,419.0,387.0,403.0,391.0,281.0,402.0,407.0,409.0,423.0,376.0,392.0,443.0
2495,19.0,16.0,20.0,10.0,20.0,37.0,21.0,34.0,29.0,27.0,34.0,33.0,19.0,29.0,21.0,40.0,30.0,24.0,20.0,34.0,29.0,18.0,21.0,31.0,5.0,23.0,29.0,29.0,10.0,20.0,15.0,13.0,20.0,6.0,25.0,23.0,37.0,19.0,9.0,39.0,19.0,29.0,27.0,18.0,21.0,22.0,24.0,18.0,34.0,40.0,26.0,22.0,41.0,179.0,23.0,41.0,43.0,41.0,29.0,17.0,31.0,22.0,22.0,35.0,19.0,16.0,12.0,35.0,26.0,21.0,19.0,21.0,34.0,29.0,24.0,24.0,26.0,15.0,21.0,22.0,34.0,21.0,35.0,25.0,35.0,22.0,24.0,20.0,31.0,22.0,9.0,42.0,20.0,24.0,37.0,22.0,10.0,33.0,25.0,15.0,24.0,28.0,6.0,22.0,22.0,20.0,21.0,21.0,38.0,36.0,27.0,22.0,8.0,19.0,34.0,33.0,21.0,20.0,7.0,5.0,35.0,12.0,37.0,9.0,15.0,18.0,646.0,22.0
2501,90.0,58.0,86.0,78.0,65.0,76.0,68.0,93.0,84.0,97.0,88.0,75.0,74.0,67.0,69.0,86.0,63.0,95.0,66.0,102.0,71.0,218.0,81.0,89.0,42.0,87.0,72.0,66.0,69.0,77.0,70.0,54.0,88.0,82.0,77.0,110.0,70.0,46.0,46.0,50.0,95.0,59.0,80.0,76.0,88.0,65.0,70.0,52.0,97.0,92.0,63.0,68.0,74.0,114.0,83.0,61.0,79.0,62.0,52.0,49.0,69.0,77.0,67.0,81.0,55.0,84.0,84.0,70.0,54.0,89.0,84.0,88.0,72.0,83.0,86.0,100.0,85.0,78.0,82.0,95.0,39.0,65.0,72.0,730.0,89.0,207.0,566.0,64.0,72.0,54.0,69.0,61.0,72.0,92.0,63.0,68.0,91.0,65.0,58.0,70.0,69.0,74.0,104.0,77.0,94.0,90.0,73.0,103.0,131.0,61.0,107.0,64.0,511.0,64.0,71.0,66.0,115.0,77.0,100.0,96.0,69.0,58.0,67.0,56.0,53.0,114.0,73.0,44.0
2504,22.0,30.0,34.0,35.0,12.0,39.0,36.0,45.0,36.0,27.0,26.0,17.0,40.0,38.0,40.0,40.0,37.0,40.0,30.0,37.0,33.0,39.0,31.0,26.0,42.0,38.0,33.0,44.0,45.0,32.0,41.0,33.0,34.0,28.0,41.0,36.0,34.0,38.0,42.0,35.0,37.0,41.0,34.0,14.0,36.0,37.0,28.0,35.0,36.0,35.0,33.0,32.0,40.0,37.0,34.0,28.0,28.0,47.0,48.0,29.0,40.0,20.0,31.0,34.0,44.0,31.0,35.0,37.0,31.0,29.0,36.0,56.0,37.0,41.0,29.0,47.0,27.0,24.0,33.0,31.0,39.0,47.0,44.0,41.0,39.0,46.0,35.0,33.0,36.0,31.0,29.0,36.0,35.0,52.0,30.0,14.0,32.0,34.0,40.0,23.0,41.0,32.0,30.0,40.0,40.0,40.0,29.0,33.0,30.0,25.0,31.0,40.0,46.0,41.0,30.0,31.0,39.0,37.0,34.0,42.0,34.0,34.0,39.0,38.0,37.0,33.0,42.0,50.0
2509,7.0,10.0,9.0,7.0,6.0,36.0,9.0,9.0,8.0,6.0,6.0,8.0,9.0,8.0,9.0,6.0,6.0,7.0,41.0,7.0,8.0,8.0,7.0,10.0,43.0,6.0,6.0,8.0,8.0,8.0,6.0,7.0,9.0,10.0,7.0,5.0,7.0,6.0,8.0,10.0,11.0,7.0,8.0,10.0,7.0,9.0,11.0,8.0,16.0,7.0,7.0,5.0,35.0,9.0,7.0,9.0,8.0,7.0,5.0,6.0,5.0,7.0,7.0,6.0,10.0,8.0,9.0,8.0,45.0,6.0,8.0,6.0,6.0,7.0,6.0,7.0,8.0,8.0,8.0,43.0,8.0,32.0,8.0,8.0,43.0,8.0,8.0,6.0,8.0,8.0,6.0,9.0,7.0,7.0,6.0,7.0,6.0,6.0,11.0,7.0,7.0,6.0,8.0,6.0,5.0,7.0,8.0,7.0,9.0,8.0,8.0,5.0,11.0,8.0,6.0,7.0,9.0,8.0,9.0,7.0,6.0,7.0,5.0,9.0,6.0,7.0,7.0,10.0
2510,123.0,122.0,150.0,280.0,135.0,180.0,192.0,170.0,117.0,113.0,110.0,172.0,226.0,182.0,166.0,122.0,110.0,200.0,212.0,410.0,183.0,171.0,119.0,133.0,363.0,256.0,158.0,215.0,130.0,168.0,170.0,195.0,271.0,207.0,145.0,120.0,120.0,172.0,158.0,145.0,181.0,133.0,160.0,164.0,190.0,152.0,255.0,142.0,229.0,210.0,120.0,141.0,110.0,134.0,218.0,125.0,164.0,168.0,142.0,176.0,279.0,130.0,149.0,134.0,242.0,231.0,344.0,178.0,154.0,132.0,138.0,165.0,223.0,172.0,118.0,158.0,211.0,184.0,295.0,155.0,132.0,340.0,128.0,192.0,205.0,185.0,322.0,128.0,324.0,286.0,111.0,129.0,116.0,145.0,233.0,185.0,200.0,200.0,201.0,137.0,136.0,131.0,311.0,209.0,181.0,121.0,293.0,207.0,282.0,280.0,118.0,138.0,134.0,260.0,146.0,280.0,197.0,151.0,176.0,135.0,163.0,147.0,271.0,191.0,159.0,151.0,127.0,146.0
2523,660.0,546.0,5.0,696.0,5.0,5.0,6.0,5.0,6.0,5.0,544.0,6.0,718.0,569.0,577.0,419.0,5.0,787.0,1032.0,6.0,963.0,884.0,4.0,706.0,1053.0,796.0,5.0,1027.0,532.0,674.0,547.0,5.0,480.0,6.0,6.0,5.0,5.0,1033.0,986.0,919.0,992.0,870.0,827.0,629.0,893.0,901.0,915.0,5.0,567.0,777.0,626.0,942.0,866.0,1017.0,6.0,777.0,765.0,898.0,6.0,809.0,946.0,896.0,981.0,6.0,959.0,5.0,639.0,5.0,5.0,5.0,615.0,999.0,924.0,1051.0,5.0,868.0,585.0,969.0,895.0,6.0,902.0,796.0,913.0,5.0,897.0,702.0,848.0,903.0,997.0,735.0,925.0,875.0,855.0,670.0,778.0,906.0,950.0,943.0,934.0,6.0,843.0,1021.0,995.0,5.0,608.0,798.0,977.0,966.0,5.0,5.0,906.0,852.0,936.0,736.0,5.0,1027.0,1013.0,518.0,582.0,983.0,886.0,717.0,5.0,757.0,729.0,834.0,1018.0,929.0
2528,1.0,1.0,2.0,1.0,2.0,2.0,2.0,2.0,2.0,1.0,2.0,2.0,2.0,2.0,2.0,1.0,2.0,2.0,2.0,1.0,2.0,2.0,1.0,1.0,1.0,2.0,2.0,1.0,2.0,2.0,2.0,2.0,2.0,2.0,2.0,2.0,2.0,2.0,2.0,2.0,2.0,2.0,2.0,2.0,1.0,1.0,2.0,2.0,2.0,1.0,1.0,1.0,2.0,2.0,2.0,2.0,2.0,1.0,1.0,2.0,2.0,2.0,2.0,2.0,2.0,1.0,1.0,2.0,2.0,2.0,2.0,2.0,1.0,2.0,2.0,2.0,2.0,2.0,1.0,1.0,2.0,1.0,1.0,1.0,2.0,1.0,2.0,2.0,2.0,2.0,1.0,2.0,2.0,2.0,2.0,2.0,2.0,2.0,2.0,1.0,1.0,1.0,2.0,1.0,2.0,1.0,2.0,2.0,2.0,1.0,2.0,1.0,2.0,2.0,2.0,2.0,2.0,2.0,2.0,2.0,2.0,2.0,2.0,2.0,2.0,1.0,2.0,2.0
2531,2.0,2.0,2.0,2.0,2.0,2.0,3.0,2.0,2.0,2.0,2.0,2.0,2.0,2.0,2.0,2.0,2.0,2.0,2.0,2.0,2.0,2.0,2.0,2.0,2.0,2.0,2.0,2.0,2.0,2.0,2.0,2.0,2.0,2.0,2.0,2.0,2.0,2.0,2.0,2.0,2.0,2.0,2.0,2.0,2.0,3.0,2.0,2.0,2.0,2.0,2.0,2.0,2.0,2.0,2.0,2.0,2.0,2.0,2.0,2.0,2.0,2.0,2.0,2.0,2.0,2.0,2.0,2.0,2.0,2.0,2.0,2.0,2.0,2.0,2.0,2.0,2.0,2.0,2.0,2.0,2.0,2.0,2.0,2.0,2.0,2.0,2.0,2.0,2.0,2.0,2.0,2.0,2.0,2.0,2.0,2.0,2.0,2.0,2.0,2.0,2.0,2.0,2.0,2.0,2.0,2.0,2.0,2.0,2.0,2.0,2.0,2.0,2.0,2.0,2.0,2.0,2.0,2.0,2.0,2.0,2.0,2.0,2.0,2.0,2.0,2.0,2.0,2.0
2544,39.0,63.0,426.0,456.0,586.0,61.0,40.0,64.0,42.0,39.0,10.0,10.0,447.0,441.0,382.0,473.0,31.0,45.0,534.0,54.0,14.0,56.0,63.0,11.0,10.0,12.0,10.0,10.0,453.0,10.0,596.0,62.0,434.0,10.0,56.0,9.0,10.0,46.0,49.0,452.0,51.0,41.0,447.0,9.0,10.0,12.0,45.0,10.0,52.0,41.0,9.0,7.0,601.0,55.0,8.0,59.0,11.0,121.0,50.0,58.0,10.0,11.0,320.0,50.0,54.0,53.0,563.0,21.0,44.0,12.0,448.0,51.0,43.0,434.0,55.0,35.0,40.0,36.0,363.0,197.0,8.0,23.0,403.0,37.0,388.0,11.0,47.0,40.0,11.0,485.0,491.0,522.0,49.0,420.0,449.0,14.0,55.0,45.0,10.0,58.0,436.0,411.0,9.0,9.0,11.0,34.0,75.0,76.0,38.0,102.0,12.0,54.0,55.0,10.0,48.0,40.0,43.0,439.0,549.0,40.0,15.0,348.0,9.0,54.0,10.0,431.0,7.0,10.0
2545,21.0,48.0,6.0,25.0,8.0,18.0,18.0,30.0,70.0,25.0,18.0,27.0,12.0,7.0,29.0,24.0,30.0,21.0,25.0,27.0,34.0,25.0,35.0,15.0,6.0,21.0,23.0,12.0,15.0,22.0,26.0,6.0,80.0,19.0,12.0,6.0,73.0,20.0,25.0,16.0,15.0,24.0,18.0,14.0,24.0,597.0,27.0,64.0,16.0,31.0,17.0,29.0,87.0,34.0,22.0,18.0,25.0,24.0,6.0,73.0,8.0,78.0,74.0,16.0,19.0,12.0,31.0,17.0,16.0,36.0,73.0,30.0,17.0,5.0,19.0,24.0,9.0,20.0,72.0,25.0,16.0,71.0,16.0,26.0,95.0,14.0,9.0,12.0,10.0,76.0,17.0,8.0,10.0,8.0,11.0,33.0,13.0,13.0,24.0,7.0,64.0,30.0,15.0,22.0,28.0,22.0,17.0,35.0,15.0,8.0,70.0,18.0,19.0,24.0,16.0,31.0,12.0,5.0,21.0,148.0,10.0,18.0,19.0,17.0,33.0,15.0,10.0,18.0
2548,23.0,25.0,24.0,26.0,24.0,26.0,24.0,24.0,23.0,25.0,23.0,24.0,24.0,23.0,26.0,23.0,25.0,23.0,23.0,24.0,23.0,23.0,27.0,23.0,23.0,25.0,23.0,23.0,24.0,24.0,23.0,23.0,23.0,25.0,24.0,23.0,23.0,23.0,23.0,23.0,23.0,24.0,24.0,24.0,23.0,24.0,22.0,25.0,24.0,25.0,22.0,26.0,23.0,23.0,25.0,25.0,22.0,24.0,24.0,23.0,24.0,27.0,25.0,26.0,23.0,25.0,25.0,23.0,25.0,28.0,25.0,24.0,23.0,24.0,24.0,24.0,23.0,24.0,23.0,24.0,26.0,23.0,25.0,23.0,23.0,24.0,24.0,24.0,24.0,23.0,24.0,24.0,23.0,24.0,24.0,24.0,24.0,24.0,23.0,24.0,24.0,25.0,25.0,24.0,23.0,24.0,23.0,23.0,26.0,24.0,25.0,23.0,24.0,24.0,24.0,24.0,25.0,23.0,23.0,23.0,23.0,24.0,24.0,24.0,23.0,25.0,25.0,24.0
2552,18.0,17.0,24.0,29.0,16.0,27.0,22.0,23.0,16.0,54.0,42.0,25.0,25.0,21.0,18.0,28.0,23.0,27.0,24.0,33.0,17.0,24.0,24.0,18.0,19.0,18.0,18.0,23.0,25.0,22.0,33.0,19.0,21.0,18.0,21.0,20.0,41.0,22.0,16.0,20.0,19.0,19.0,25.0,27.0,19.0,19.0,24.0,22.0,24.0,22.0,21.0,21.0,16.0,19.0,30.0,16.0,21.0,21.0,19.0,26.0,20.0,25.0,21.0,19.0,31.0,17.0,20.0,23.0,27.0,28.0,5.0,30.0,26.0,23.0,17.0,16.0,24.0,25.0,23.0,24.0,19.0,17.0,5.0,24.0,16.0,25.0,20.0,5.0,23.0,22.0,24.0,19.0,16.0,39.0,23.0,23.0,18.0,18.0,18.0,16.0,27.0,25.0,25.0,22.0,23.0,37.0,21.0,22.0,19.0,18.0,27.0,28.0,19.0,5.0,24.0,22.0,8.0,16.0,22.0,27.0,23.0,31.0,23.0,21.0,24.0,38.0,28.0,22.0
2556,261.0,391.0,155.0,309.0,80.0,34.0,45.0,137.0,273.0,37.0,172.0,65.0,252.0,307.0,25.0,31.0,362.0,44.0,49.0,199.0,314.0,88.0,176.0,19.0,29.0,366.0,284.0,171.0,244.0,38.0,185.0,248.0,77.0,168.0,318.0,232.0,153.0,29.0,30.0,39.0,326.0,193.0,174.0,173.0,167.0,63.0,29.0,148.0,247.0,23.0,33.0,76.0,180.0,51.0,44.0,176.0,191.0,165.0,38.0,185.0,167.0,60.0,290.0,27.0,157.0,473.0,101.0,31.0,200.0,97.0,93.0,90.0,25.0,69.0,41.0,255.0,165.0,278.0,149.0,33.0,86.0,433.0,187.0,179.0,21.0,94.0,38.0,31.0,69.0,196.0,334.0,43.0,190.0,21.0,113.0,45.0,38.0,33.0,31.0,24.0,72.0,222.0,53.0,35.0,44.0,280.0,43.0,29.0,147.0,112.0,161.0,155.0,228.0,90.0,105.0,23.0,346.0,391.0,148.0,392.0,137.0,168.0,67.0,157.0,150.0,110.0,34.0,32.0
2558,11.0,8.0,12.0,8.0,7.0,11.0,12.0,9.0,11.0,10.0,14.0,8.0,11.0,8.0,8.0,8.0,11.0,10.0,12.0,16.0,10.0,9.0,13.0,10.0,10.0,12.0,11.0,10.0,10.0,11.0,10.0,8.0,13.0,11.0,8.0,8.0,10.0,6.0,7.0,13.0,9.0,9.0,9.0,14.0,11.0,8.0,10.0,11.0,8.0,12.0,9.0,11.0,11.0,10.0,10.0,7.0,15.0,18.0,13.0,10.0,11.0,10.0,9.0,13.0,9.0,6.0,12.0,10.0,10.0,9.0,9.0,10.0,7.0,14.0,10.0,12.0,8.0,13.0,10.0,11.0,11.0,11.0,6.0,14.0,10.0,12.0,11.0,8.0,9.0,6.0,13.0,8.0,6.0,8.0,6.0,11.0,9.0,10.0,13.0,10.0,12.0,8.0,9.0,11.0,10.0,6.0,10.0,10.0,8.0,10.0,10.0,10.0,10.0,12.0,9.0,10.0,11.0,9.0,12.0,10.0,8.0,10.0,14.0,12.0,16.0,12.0,11.0,13.0
2562,378.0,611.0,744.0,674.0,623.0,903.0,876.0,642.0,674.0,646.0,658.0,674.0,665.0,646.0,622.0,666.0,206.0,675.0,800.0,663.0,709.0,903.0,693.0,368.0,644.0,332.0,316.0,693.0,324.0,680.0,649.0,726.0,682.0,616.0,642.0,724.0,385.0,310.0,700.0,741.0,689.0,629.0,651.0,796.0,631.0,693.0,639.0,646.0,653.0,664.0,282.0,661.0,618.0,968.0,309.0,704.0,678.0,650.0,846.0,803.0,701.0,693.0,657.0,309.0,651.0,1038.0,729.0,871.0,615.0,650.0,683.0,827.0,685.0,645.0,405.0,615.0,636.0,620.0,742.0,622.0,650.0,655.0,619.0,653.0,624.0,714.0,643.0,798.0,680.0,652.0,623.0,702.0,433.0,646.0,785.0,332.0,661.0,760.0,604.0,779.0,620.0,689.0,905.0,889.0,675.0,695.0,659.0,770.0,649.0,798.0,620.0,655.0,620.0,297.0,910.0,242.0,348.0,729.0,639.0,649.0,276.0,639.0,872.0,842.0,750.0,642.0,680.0,650.0
2564,2.0,2.0,2.0,2.0,2.0,2.0,2.0,2.0,2.0,2.0,2.0,2.0,2.0,2.0,2.0,2.0,2.0,2.0,2.0,2.0,2.0,2.0,2.0,2.0,2.0,2.0,2.0,2.0,2.0,2.0,2.0,2.0,2.0,2.0,2.0,2.0,2.0,2.0,2.0,2.0,2.0,2.0,2.0,2.0,2.0,2.0,2.0,2.0,2.0,2.0,2.0,2.0,2.0,2.0,2.0,2.0,2.0,2.0,2.0,2.0,2.0,2.0,2.0,2.0,2.0,2.0,2.0,2.0,2.0,2.0,2.0,2.0,2.0,2.0,2.0,2.0,2.0,2.0,2.0,2.0,2.0,2.0,2.0,2.0,2.0,2.0,2.0,2.0,2.0,2.0,2.0,2.0,2.0,2.0,2.0,2.0,2.0,1.0,2.0,2.0,2.0,2.0,2.0,2.0,1.0,2.0,2.0,2.0,2.0,2.0,2.0,2.0,2.0,1.0,2.0,2.0,4.0,2.0,2.0,2.0,2.0,2.0,2.0,2.0,2.0,2.0,2.0,2.0
2571,26.0,22.0,27.0,28.0,28.0,28.0,23.0,23.0,23.0,26.0,28.0,23.0,23.0,24.0,23.0,26.0,28.0,22.0,26.0,28.0,23.0,26.0,23.0,24.0,26.0,26.0,25.0,22.0,30.0,25.0,27.0,23.0,22.0,28.0,26.0,27.0,27.0,25.0,29.0,24.0,24.0,22.0,26.0,24.0,27.0,25.0,24.0,28.0,27.0,26.0,23.0,25.0,26.0,31.0,26.0,28.0,21.0,27.0,23.0,26.0,27.0,27.0,25.0,25.0,25.0,22.0,26.0,28.0,24.0,23.0,28.0,26.0,20.0,23.0,27.0,21.0,25.0,27.0,22.0,28.0,25.0,22.0,28.0,26.0,24.0,25.0,30.0,23.0,28.0,25.0,27.0,22.0,27.0,22.0,23.0,28.0,27.0,32.0,29.0,28.0,24.0,27.0,27.0,23.0,25.0,29.0,24.0,27.0,24.0,33.0,25.0,27.0,27.0,22.0,24.0,26.0,23.0,26.0,26.0,28.0,26.0,27.0,26.0,23.0,22.0,26.0,23.0,28.0
2598,538.0,611.0,697.0,645.0,660.0,690.0,776.0,627.0,576.0,666.0,578.0,679.0,564.0,670.0,555.0,629.0,584.0,748.0,742.0,750.0,718.0,706.0,890.0,673.0,696.0,592.0,682.0,882.0,707.0,697.0,585.0,641.0,824.0,799.0,704.0,620.0,936.0,946.0,909.0,630.0,565.0,606.0,699.0,757.0,730.0,610.0,723.0,729.0,762.0,621.0,691.0,576.0,614.0,737.0,587.0,480.0,630.0,719.0,717.0,633.0,617.0,718.0,685.0,787.0,867.0,650.0,926.0,687.0,720.0,622.0,732.0,673.0,843.0,582.0,724.0,563.0,656.0,678.0,603.0,883.0,6.0,618.0,659.0,650.0,721.0,551.0,652.0,652.0,699.0,542.0,675.0,695.0,642.0,698.0,783.0,708.0,680.0,884.0,764.0,551.0,793.0,1001.0,721.0,743.0,678.0,618.0,771.0,716.0,885.0,785.0,697.0,597.0,576.0,633.0,598.0,872.0,674.0,862.0,639.0,693.0,681.0,693.0,6.0,710.0,684.0,579.0,723.0,573.0
2606,60.0,89.0,41.0,50.0,44.0,37.0,32.0,43.0,42.0,47.0,44.0,97.0,44.0,40.0,48.0,40.0,46.0,43.0,74.0,47.0,104.0,45.0,110.0,37.0,48.0,37.0,32.0,71.0,47.0,50.0,63.0,101.0,43.0,42.0,42.0,50.0,45.0,51.0,55.0,44.0,42.0,107.0,36.0,40.0,152.0,35.0,55.0,36.0,44.0,39.0,84.0,32.0,44.0,38.0,45.0,74.0,47.0,49.0,38.0,46.0,42.0,45.0,42.0,46.0,47.0,43.0,50.0,44.0,95.0,118.0,42.0,43.0,90.0,44.0,93.0,40.0,90.0,33.0,39.0,38.0,41.0,43.0,39.0,39.0,49.0,269.0,46.0,43.0,46.0,79.0,38.0,108.0,37.0,43.0,46.0,32.0,35.0,46.0,37.0,33.0,50.0,32.0,54.0,42.0,40.0,45.0,35.0,36.0,49.0,93.0,101.0,38.0,57.0,45.0,45.0,31.0,38.0,42.0,31.0,173.0,41.0,33.0,49.0,37.0,41.0,42.0,33.0,135.0
2607,2.0,2.0,2.0,3.0,2.0,2.0,2.0,2.0,2.0,2.0,2.0,2.0,2.0,2.0,2.0,2.0,2.0,2.0,2.0,2.0,2.0,2.0,2.0,2.0,2.0,2.0,2.0,2.0,2.0,2.0,2.0,2.0,2.0,2.0,2.0,2.0,2.0,2.0,2.0,3.0,2.0,2.0,2.0,2.0,2.0,2.0,2.0,2.0,2.0,2.0,2.0,2.0,2.0,2.0,2.0,2.0,2.0,2.0,2.0,2.0,2.0,2.0,2.0,2.0,2.0,2.0,2.0,2.0,2.0,2.0,2.0,2.0,2.0,2.0,2.0,2.0,2.0,2.0,2.0,2.0,2.0,2.0,2.0,2.0,2.0,2.0,2.0,2.0,2.0,2.0,2.0,2.0,2.0,2.0,2.0,2.0,2.0,2.0,2.0,2.0,3.0,2.0,2.0,2.0,2.0,2.0,2.0,2.0,2.0,2.0,2.0,2.0,2.0,2.0,2.0,2.0,2.0,2.0,2.0,2.0,2.0,2.0,2.0,2.0,2.0,2.0,2.0,2.0
2620,72.0,500.0,50.0,89.0,32.0,51.0,62.0,82.0,67.0,59.0,47.0,94.0,61.0,66.0,56.0,63.0,38.0,43.0,29.0,56.0,72.0,48.0,244.0,26.0,54.0,64.0,514.0,57.0,452.0,58.0,390.0,441.0,33.0,383.0,75.0,420.0,68.0,55.0,58.0,89.0,61.0,69.0,38.0,436.0,42.0,81.0,67.0,39.0,40.0,44.0,80.0,42.0,58.0,144.0,65.0,62.0,280.0,448.0,71.0,102.0,27.0,40.0,84.0,54.0,45.0,53.0,284.0,71.0,370.0,35.0,130.0,37.0,58.0,33.0,75.0,55.0,43.0,64.0,53.0,64.0,59.0,41.0,52.0,38.0,59.0,33.0,82.0,78.0,28.0,70.0,71.0,53.0,91.0,59.0,67.0,110.0,80.0,47.0,60.0,58.0,20.0,86.0,88.0,70.0,229.0,66.0,74.0,68.0,52.0,307.0,40.0,46.0,41.0,62.0,226.0,142.0,69.0,53.0,28.0,502.0,43.0,58.0,35.0,48.0,62.0,279.0,58.0,53.0
2630,811.0,1031.0,150.0,102.0,162.0,1006.0,101.0,92.0,951.0,126.0,86.0,100.0,109.0,106.0,104.0,104.0,95.0,137.0,97.0,88.0,106.0,703.0,91.0,89.0,143.0,666.0,101.0,720.0,134.0,135.0,184.0,135.0,137.0,901.0,108.0,92.0,88.0,129.0,91.0,127.0,142.0,92.0,169.0,87.0,96.0,988.0,83.0,778.0,100.0,114.0,103.0,101.0,90.0,109.0,88.0,94.0,900.0,89.0,105.0,100.0,117.0,89.0,105.0,95.0,85.0,132.0,89.0,150.0,133.0,141.0,96.0,85.0,96.0,707.0,99.0,829.0,102.0,94.0,89.0,100.0,133.0,90.0,95.0,159.0,99.0,966.0,998.0,105.0,95.0,128.0,110.0,105.0,873.0,91.0,960.0,97.0,111.0,81.0,92.0,133.0,91.0,161.0,96.0,83.0,81.0,810.0,146.0,101.0,176.0,97.0,85.0,143.0,108.0,105.0,112.0,136.0,145.0,183.0,102.0,123.0,92.0,157.0,90.0,105.0,90.0,674.0,767.0,90.0
2645,3.0,3.0,3.0,3.0,2.0,3.0,3.0,3.0,3.0,3.0,3.0,3.0,3.0,3.0,3.0,3.0,3.0,3.0,3.0,3.0,3.0,3.0,3.0,3.0,3.0,3.0,3.0,3.0,3.0,3.0,3.0,3.0,3.0,3.0,3.0,3.0,3.0,3.0,3.0,3.0,3.0,3.0,3.0,3.0,3.0,3.0,3.0,3.0,3.0,3.0,3.0,3.0,3.0,3.0,3.0,3.0,3.0,3.0,3.0,3.0,3.0,3.0,3.0,3.0,3.0,3.0,3.0,3.0,3.0,3.0,3.0,3.0,3.0,3.0,3.0,3.0,3.0,3.0,3.0,3.0,3.0,3.0,3.0,3.0,3.0,3.0,3.0,3.0,3.0,3.0,3.0,3.0,3.0,3.0,2.0,3.0,3.0,3.0,3.0,3.0,3.0,3.0,3.0,3.0,3.0,3.0,3.0,3.0,3.0,3.0,3.0,3.0,3.0,3.0,3.0,3.0,3.0,3.0,3.0,3.0,3.0,3.0,3.0,3.0,3.0,3.0,3.0,3.0
2658,10.0,9.0,9.0,11.0,9.0,9.0,9.0,9.0,9.0,11.0,9.0,9.0,9.0,10.0,9.0,9.0,9.0,9.0,9.0,9.0,9.0,9.0,9.0,10.0,12.0,10.0,9.0,8.0,9.0,11.0,9.0,9.0,9.0,9.0,10.0,10.0,9.0,9.0,9.0,10.0,9.0,9.0,10.0,9.0,11.0,9.0,8.0,10.0,9.0,9.0,7.0,9.0,9.0,9.0,12.0,9.0,11.0,9.0,9.0,9.0,9.0,9.0,10.0,9.0,10.0,9.0,10.0,9.0,9.0,10.0,10.0,9.0,11.0,9.0,9.0,9.0,8.0,9.0,10.0,9.0,11.0,10.0,9.0,9.0,9.0,9.0,9.0,9.0,9.0,9.0,10.0,9.0,9.0,10.0,9.0,9.0,9.0,9.0,10.0,9.0,9.0,10.0,9.0,11.0,10.0,9.0,9.0,9.0,9.0,9.0,10.0,10.0,9.0,9.0,9.0,9.0,8.0,9.0,10.0,9.0,9.0,9.0,9.0,10.0,9.0,10.0,9.0,10.0
2660,16.0,31.0,12.0,5.0,146.0,13.0,12.0,149.0,193.0,6.0,16.0,66.0,267.0,5.0,17.0,5.0,6.0,229.0,16.0,15.0,6.0,10.0,261.0,275.0,254.0,10.0,14.0,10.0,6.0,211.0,412.0,230.0,19.0,11.0,188.0,246.0,10.0,6.0,25.0,224.0,201.0,12.0,217.0,204.0,13.0,22.0,5.0,259.0,109.0,7.0,19.0,40.0,10.0,13.0,343.0,15.0,17.0,16.0,13.0,295.0,14.0,14.0,16.0,89.0,14.0,13.0,31.0,16.0,5.0,11.0,30.0,234.0,262.0,16.0,5.0,201.0,16.0,14.0,6.0,7.0,12.0,21.0,42.0,292.0,6.0,6.0,266.0,14.0,212.0,11.0,22.0,16.0,276.0,5.0,13.0,23.0,6.0,253.0,5.0,13.0,254.0,156.0,5.0,285.0,268.0,18.0,396.0,43.0,250.0,26.0,10.0,182.0,16.0,280.0,10.0,154.0,266.0,258.0,6.0,347.0,17.0,13.0,16.0,153.0,12.0,345.0,14.0,231.0
2665,190.0,257.0,224.0,228.0,204.0,264.0,257.0,247.0,199.0,242.0,243.0,231.0,206.0,242.0,206.0,225.0,391.0,330.0,441.0,362.0,389.0,341.0,269.0,396.0,396.0,284.0,373.0,413.0,462.0,411.0,399.0,398.0,369.0,341.0,324.0,266.0,386.0,348.0,342.0,381.0,439.0,426.0,393.0,251.0,253.0,366.0,676.0,395.0,388.0,374.0,425.0,448.0,371.0,442.0,360.0,263.0,355.0,397.0,432.0,379.0,340.0,390.0,389.0,352.0,291.0,418.0,385.0,352.0,388.0,384.0,232.0,336.0,406.0,424.0,238.0,367.0,273.0,331.0,401.0,419.0,412.0,286.0,307.0,245.0,405.0,385.0,389.0,353.0,268.0,400.0,324.0,401.0,417.0,414.0,409.0,391.0,356.0,367.0,283.0,387.0,360.0,402.0,404.0,344.0,402.0,386.0,377.0,367.0,398.0,429.0,365.0,348.0,386.0,247.0,526.0,384.0,476.0,372.0,551.0,327.0,251.0,389.0,410.0,245.0,408.0,396.0,388.0,368.0
2679,226.0,146.0,140.0,156.0,130.0,140.0,149.0,135.0,103.0,36.0,218.0,147.0,42.0,543.0,127.0,86.0,364.0,105.0,225.0,144.0,77.0,39.0,37.0,40.0,143.0,104.0,46.0,148.0,123.0,106.0,41.0,96.0,134.0,129.0,140.0,89.0,99.0,107.0,110.0,329.0,126.0,114.0,162.0,101.0,129.0,121.0,102.0,139.0,127.0,164.0,90.0,134.0,148.0,134.0,135.0,130.0,147.0,30.0,235.0,87.0,65.0,117.0,127.0,154.0,157.0,118.0,94.0,122.0,118.0,136.0,115.0,149.0,97.0,125.0,143.0,131.0,239.0,131.0,622.0,127.0,132.0,31.0,104.0,94.0,296.0,92.0,46.0,124.0,134.0,898.0,129.0,246.0,133.0,148.0,220.0,232.0,141.0,131.0,132.0,101.0,37.0,104.0,31.0,129.0,126.0,123.0,85.0,240.0,140.0,140.0,110.0,125.0,150.0,131.0,325.0,173.0,158.0,110.0,100.0,136.0,136.0,137.0,151.0,122.0,140.0,96.0,115.0,87.0
2690,31.0,388.0,30.0,15.0,47.0,28.0,19.0,27.0,26.0,31.0,26.0,32.0,16.0,26.0,27.0,30.0,30.0,32.0,27.0,34.0,14.0,30.0,13.0,17.0,21.0,41.0,31.0,26.0,46.0,31.0,29.0,16.0,15.0,14.0,18.0,29.0,19.0,14.0,28.0,28.0,14.0,29.0,30.0,29.0,15.0,37.0,31.0,39.0,31.0,29.0,29.0,23.0,32.0,26.0,35.0,14.0,28.0,17.0,31.0,29.0,32.0,30.0,27.0,17.0,26.0,27.0,30.0,27.0,60.0,15.0,30.0,14.0,13.0,16.0,33.0,28.0,15.0,15.0,31.0,34.0,32.0,21.0,28.0,14.0,28.0,17.0,30.0,25.0,27.0,31.0,53.0,28.0,28.0,11.0,13.0,13.0,29.0,32.0,27.0,32.0,29.0,28.0,14.0,32.0,24.0,17.0,15.0,29.0,29.0,25.0,29.0,15.0,34.0,25.0,18.0,25.0,16.0,25.0,30.0,14.0,40.0,32.0,28.0,29.0,30.0,30.0,29.0,37.0
2700,4.0,909.0,863.0,868.0,964.0,954.0,834.0,4.0,880.0,883.0,991.0,5.0,4.0,929.0,5.0,983.0,974.0,4.0,840.0,4.0,1019.0,1075.0,894.0,4.0,892.0,878.0,700.0,960.0,6.0,920.0,564.0,5.0,815.0,947.0,1202.0,1113.0,815.0,5.0,4.0,931.0,886.0,890.0,768.0,9.0,853.0,906.0,851.0,971.0,820.0,738.0,4.0,755.0,939.0,1044.0,878.0,4.0,887.0,751.0,149.0,5.0,910.0,980.0,5.0,976.0,974.0,864.0,980.0,5.0,5.0,1027.0,4.0,935.0,724.0,739.0,830.0,819.0,893.0,919.0,5.0,797.0,791.0,989.0,925.0,938.0,846.0,998.0,654.0,664.0,902.0,565.0,353.0,824.0,4.0,903.0,462.0,4.0,687.0,797.0,893.0,953.0,697.0,599.0,5.0,4.0,4.0,861.0,871.0,721.0,873.0,905.0,4.0,5.0,971.0,888.0,874.0,879.0,955.0,903.0,777.0,907.0,782.0,994.0,896.0,509.0,876.0,1061.0,790.0,997.0
2707,11.0,454.0,16.0,8.0,14.0,7.0,160.0,10.0,461.0,469.0,8.0,18.0,54.0,14.0,15.0,53.0,546.0,700.0,187.0,542.0,14.0,8.0,472.0,9.0,396.0,293.0,490.0,665.0,481.0,469.0,27.0,477.0,387.0,387.0,437.0,486.0,437.0,405.0,456.0,458.0,476.0,676.0,445.0,383.0,557.0,430.0,427.0,6.0,431.0,15.0,733.0,491.0,509.0,8.0,550.0,424.0,570.0,388.0,516.0,685.0,483.0,373.0,372.0,541.0,504.0,12.0,606.0,376.0,541.0,479.0,799.0,453.0,29.0,394.0,485.0,486.0,473.0,375.0,1185.0,576.0,366.0,14.0,11.0,479.0,495.0,11.0,398.0,403.0,24.0,431.0,661.0,451.0,25.0,538.0,496.0,721.0,913.0,509.0,469.0,443.0,49.0,473.0,721.0,697.0,383.0,18.0,6.0,468.0,406.0,527.0,689.0,621.0,8.0,441.0,12.0,785.0,526.0,680.0,459.0,399.0,78.0,805.0,10.0,425.0,528.0,524.0,76.0,12.0
2709,12.0,15.0,13.0,12.0,11.0,13.0,12.0,13.0,12.0,12.0,14.0,14.0,11.0,12.0,13.0,12.0,13.0,12.0,12.0,14.0,11.0,11.0,11.0,13.0,12.0,12.0,12.0,14.0,12.0,12.0,14.0,13.0,12.0,12.0,13.0,13.0,13.0,14.0,13.0,14.0,11.0,13.0,14.0,11.0,12.0,12.0,13.0,14.0,12.0,12.0,13.0,12.0,13.0,12.0,13.0,12.0,13.0,11.0,12.0,12.0,12.0,13.0,12.0,11.0,12.0,14.0,11.0,13.0,13.0,14.0,13.0,12.0,13.0,12.0,11.0,12.0,12.0,12.0,13.0,11.0,11.0,13.0,12.0,12.0,14.0,11.0,12.0,13.0,13.0,12.0,11.0,11.0,12.0,13.0,13.0,11.0,13.0,11.0,11.0,12.0,12.0,11.0,12.0,13.0,14.0,13.0,12.0,13.0,14.0,13.0,12.0,13.0,14.0,13.0,13.0,13.0,13.0,12.0,13.0,15.0,11.0,14.0,12.0,11.0,16.0,14.0,11.0,13.0
2710,624.0,765.0,819.0,593.0,872.0,749.0,732.0,676.0,656.0,758.0,618.0,616.0,754.0,766.0,627.0,639.0,836.0,895.0,710.0,818.0,884.0,677.0,717.0,830.0,690.0,792.0,681.0,867.0,617.0,746.0,763.0,601.0,807.0,710.0,822.0,677.0,704.0,743.0,851.0,672.0,752.0,588.0,688.0,638.0,758.0,802.0,762.0,698.0,772.0,666.0,708.0,637.0,829.0,867.0,719.0,487.0,748.0,780.0,843.0,699.0,826.0,858.0,711.0,811.0,703.0,707.0,749.0,865.0,619.0,740.0,759.0,747.0,835.0,655.0,685.0,797.0,730.0,790.0,660.0,818.0,5.0,727.0,807.0,924.0,686.0,717.0,675.0,779.0,729.0,608.0,745.0,816.0,791.0,662.0,674.0,751.0,655.0,744.0,719.0,611.0,819.0,686.0,872.0,751.0,715.0,852.0,721.0,828.0,782.0,754.0,813.0,663.0,536.0,736.0,810.0,714.0,735.0,628.0,553.0,666.0,811.0,673.0,722.0,854.0,647.0,605.0,742.0,564.0
2711,2.0,2.0,1423.0,2.0,2.0,2.0,2.0,2.0,1461.0,3.0,3.0,2.0,1638.0,1385.0,1450.0,2.0,1322.0,3.0,1463.0,2.0,1477.0,1473.0,1360.0,2.0,2.0,1730.0,2.0,1550.0,1486.0,2.0,1548.0,1509.0,1480.0,1341.0,1516.0,3.0,1531.0,1540.0,2.0,2.0,1450.0,2.0,3.0,3.0,2.0,2.0,2.0,2.0,1524.0,2.0,3.0,1343.0,1329.0,1470.0,1357.0,1497.0,4.0,1276.0,1406.0,3.0,2.0,1540.0,1361.0,2.0,1491.0,1201.0,2.0,3.0,1354.0,1483.0,2.0,4.0,1548.0,2.0,1508.0,3.0,2.0,1479.0,2.0,1553.0,2.0,1489.0,1479.0,1335.0,2.0,1515.0,1456.0,1491.0,2.0,1508.0,1488.0,1500.0,2.0,1518.0,2.0,1413.0,2.0,2.0,1513.0,2.0,2.0,2.0,2.0,2.0,2.0,1576.0,2.0,2.0,1484.0,1493.0,1506.0,1467.0,2.0,1433.0,1480.0,910.0,2.0,2.0,2.0,1503.0,1477.0,1523.0,1585.0,1308.0,2.0,1459.0,1510.0,2.0
2714,4.0,4.0,4.0,3.0,3.0,4.0,3.0,4.0,4.0,4.0,4.0,4.0,4.0,4.0,4.0,4.0,4.0,4.0,4.0,4.0,4.0,4.0,4.0,4.0,4.0,4.0,3.0,4.0,4.0,4.0,3.0,4.0,4.0,4.0,4.0,4.0,4.0,4.0,4.0,4.0,4.0,4.0,4.0,4.0,4.0,4.0,4.0,4.0,4.0,4.0,4.0,4.0,4.0,3.0,4.0,4.0,4.0,4.0,4.0,4.0,4.0,4.0,4.0,3.0,4.0,4.0,4.0,4.0,4.0,4.0,4.0,4.0,3.0,4.0,4.0,3.0,3.0,4.0,4.0,4.0,4.0,3.0,4.0,4.0,3.0,4.0,4.0,4.0,4.0,3.0,3.0,3.0,3.0,4.0,4.0,3.0,4.0,4.0,4.0,4.0,4.0,3.0,4.0,3.0,4.0,4.0,4.0,4.0,4.0,4.0,4.0,4.0,4.0,3.0,4.0,4.0,4.0,4.0,4.0,3.0,3.0,4.0,4.0,4.0,4.0,4.0,4.0,4.0
2719,840.0,889.0,567.0,556.0,508.0,860.0,984.0,399.0,824.0,954.0,816.0,850.0,440.0,454.0,353.0,386.0,513.0,982.0,633.0,753.0,837.0,559.0,679.0,588.0,598.0,1106.0,1028.0,674.0,451.0,881.0,1012.0,610.0,902.0,787.0,713.0,1013.0,662.0,514.0,825.0,614.0,554.0,510.0,888.0,572.0,587.0,629.0,1034.0,570.0,628.0,657.0,988.0,616.0,402.0,631.0,730.0,578.0,873.0,821.0,624.0,579.0,1052.0,594.0,641.0,927.0,975.0,931.0,939.0,605.0,623.0,754.0,477.0,620.0,487.0,882.0,656.0,535.0,1010.0,575.0,525.0,560.0,407.0,610.0,967.0,1037.0,648.0,473.0,604.0,465.0,663.0,845.0,810.0,475.0,485.0,866.0,617.0,524.0,943.0,592.0,599.0,645.0,997.0,574.0,1080.0,821.0,560.0,646.0,512.0,608.0,957.0,616.0,805.0,559.0,381.0,1041.0,955.0,653.0,886.0,587.0,1070.0,578.0,981.0,634.0,584.0,603.0,508.0,577.0,483.0,636.0
2728,31.0,30.0,38.0,33.0,33.0,32.0,32.0,32.0,40.0,32.0,31.0,33.0,38.0,31.0,35.0,35.0,32.0,33.0,34.0,31.0,38.0,31.0,36.0,29.0,29.0,33.0,33.0,36.0,33.0,33.0,28.0,35.0,32.0,31.0,30.0,38.0,36.0,39.0,40.0,33.0,35.0,36.0,32.0,31.0,29.0,33.0,32.0,34.0,36.0,31.0,36.0,38.0,31.0,32.0,34.0,37.0,31.0,35.0,29.0,39.0,31.0,32.0,35.0,33.0,38.0,31.0,33.0,36.0,29.0,31.0,37.0,30.0,32.0,34.0,33.0,33.0,27.0,31.0,34.0,32.0,33.0,42.0,33.0,29.0,32.0,35.0,33.0,34.0,31.0,30.0,29.0,29.0,36.0,29.0,35.0,36.0,30.0,36.0,35.0,30.0,31.0,34.0,32.0,31.0,35.0,32.0,30.0,34.0,37.0,33.0,30.0,36.0,31.0,35.0,36.0,40.0,28.0,31.0,31.0,36.0,37.0,36.0,35.0,33.0,34.0,31.0,30.0,36.0
2744,9.0,8.0,9.0,9.0,9.0,9.0,9.0,9.0,9.0,9.0,10.0,8.0,8.0,9.0,9.0,9.0,9.0,9.0,9.0,9.0,8.0,9.0,9.0,8.0,8.0,8.0,8.0,9.0,8.0,9.0,8.0,9.0,9.0,9.0,8.0,9.0,9.0,9.0,9.0,9.0,9.0,9.0,9.0,9.0,9.0,8.0,9.0,8.0,10.0,9.0,9.0,8.0,9.0,9.0,9.0,9.0,9.0,9.0,9.0,8.0,8.0,8.0,9.0,8.0,8.0,9.0,9.0,9.0,8.0,9.0,8.0,9.0,8.0,8.0,9.0,8.0,9.0,9.0,9.0,9.0,9.0,9.0,8.0,9.0,9.0,9.0,9.0,9.0,9.0,9.0,9.0,9.0,8.0,9.0,9.0,9.0,9.0,9.0,9.0,8.0,9.0,9.0,9.0,8.0,9.0,9.0,9.0,9.0,10.0,8.0,8.0,9.0,9.0,8.0,9.0,9.0,9.0,9.0,9.0,9.0,9.0,9.0,9.0,9.0,9.0,8.0,8.0,9.0
2753,170.0,86.0,62.0,76.0,139.0,94.0,18.0,150.0,82.0,129.0,117.0,101.0,98.0,148.0,108.0,132.0,83.0,85.0,886.0,789.0,893.0,768.0,20.0,818.0,130.0,87.0,291.0,100.0,786.0,147.0,147.0,333.0,267.0,746.0,177.0,60.0,79.0,31.0,145.0,181.0,78.0,140.0,112.0,788.0,758.0,744.0,472.0,91.0,156.0,751.0,82.0,761.0,753.0,216.0,190.0,431.0,269.0,261.0,716.0,97.0,81.0,113.0,825.0,775.0,143.0,202.0,971.0,214.0,135.0,392.0,191.0,233.0,76.0,601.0,86.0,307.0,109.0,234.0,169.0,269.0,779.0,159.0,104.0,112.0,845.0,687.0,98.0,886.0,757.0,67.0,64.0,656.0,69.0,262.0,91.0,240.0,92.0,101.0,199.0,703.0,97.0,796.0,287.0,208.0,78.0,135.0,60.0,136.0,74.0,105.0,151.0,70.0,940.0,312.0,120.0,58.0,282.0,64.0,199.0,71.0,44.0,750.0,44.0,739.0,373.0,677.0,880.0,86.0
2766,10.0,11.0,10.0,10.0,10.0,11.0,11.0,10.0,10.0,11.0,10.0,9.0,10.0,10.0,10.0,11.0,10.0,10.0,10.0,9.0,9.0,10.0,10.0,10.0,10.0,10.0,10.0,11.0,10.0,10.0,10.0,10.0,9.0,10.0,10.0,10.0,10.0,9.0,10.0,10.0,10.0,11.0,9.0,10.0,10.0,10.0,10.0,10.0,9.0,10.0,10.0,10.0,10.0,10.0,10.0,9.0,9.0,10.0,10.0,10.0,10.0,9.0,10.0,9.0,10.0,10.0,10.0,10.0,10.0,10.0,11.0,11.0,10.0,10.0,10.0,9.0,9.0,10.0,9.0,10.0,10.0,10.0,9.0,10.0,10.0,10.0,11.0,10.0,11.0,10.0,10.0,10.0,10.0,11.0,10.0,9.0,10.0,11.0,10.0,10.0,9.0,8.0,10.0,11.0,11.0,10.0,11.0,10.0,10.0,10.0,10.0,10.0,10.0,10.0,10.0,10.0,9.0,10.0,10.0,9.0,10.0,9.0,10.0,10.0,10.0,11.0,10.0,10.0
2780,842.0,2.0,2.0,2.0,830.0,848.0,2.0,812.0,2.0,2.0,2.0,850.0,909.0,1.0,828.0,2.0,934.0,870.0,891.0,2.0,1.0,2.0,1.0,2.0,890.0,1.0,945.0,2.0,1.0,1.0,915.0,911.0,2.0,878.0,1.0,905.0,905.0,926.0,902.0,932.0,892.0,858.0,1.0,886.0,2.0,2.0,1.0,906.0,909.0,2.0,1.0,990.0,2.0,2.0,1.0,909.0,1.0,1.0,946.0,2.0,901.0,927.0,904.0,2.0,2.0,892.0,897.0,917.0,2.0,940.0,1.0,900.0,1.0,903.0,907.0,2.0,962.0,2.0,1.0,932.0,2.0,1.0,890.0,976.0,890.0,2.0,900.0,2.0,1.0,914.0,2.0,1.0,2.0,1.0,2.0,880.0,1.0,1.0,1.0,926.0,2.0,932.0,2.0,894.0,1.0,1.0,2.0,1.0,2.0,2.0,2.0,863.0,905.0,2.0,914.0,891.0,1.0,1.0,2.0,914.0,2.0,1.0,922.0,899.0,928.0,904.0,1.0,2.0
2781,5.0,5.0,13.0,5.0,13.0,6.0,5.0,5.0,8.0,18.0,5.0,9.0,7.0,6.0,7.0,8.0,7.0,7.0,20.0,27.0,8.0,7.0,7.0,9.0,6.0,5.0,7.0,13.0,8.0,5.0,24.0,13.0,6.0,15.0,31.0,6.0,12.0,6.0,17.0,13.0,7.0,11.0,16.0,5.0,7.0,6.0,8.0,5.0,8.0,6.0,11.0,5.0,6.0,5.0,9.0,7.0,16.0,31.0,12.0,7.0,10.0,5.0,14.0,12.0,9.0,5.0,10.0,5.0,6.0,5.0,6.0,14.0,13.0,8.0,5.0,12.0,11.0,5.0,8.0,6.0,7.0,6.0,18.0,13.0,6.0,10.0,5.0,9.0,5.0,5.0,9.0,6.0,5.0,5.0,5.0,10.0,10.0,15.0,9.0,5.0,5.0,5.0,5.0,5.0,13.0,13.0,5.0,5.0,5.0,16.0,12.0,8.0,11.0,5.0,6.0,18.0,6.0,14.0,7.0,5.0,8.0,5.0,13.0,5.0,18.0,5.0,5.0,8.0
2821,530.0,488.0,526.0,596.0,557.0,556.0,547.0,21.0,644.0,11.0,489.0,15.0,479.0,536.0,482.0,509.0,6.0,17.0,26.0,17.0,583.0,703.0,15.0,566.0,600.0,17.0,13.0,1031.0,714.0,576.0,24.0,658.0,481.0,16.0,720.0,15.0,673.0,620.0,614.0,16.0,740.0,540.0,623.0,812.0,9.0,479.0,574.0,14.0,535.0,583.0,16.0,20.0,813.0,659.0,18.0,510.0,759.0,807.0,752.0,16.0,678.0,525.0,41.0,578.0,10.0,772.0,543.0,27.0,714.0,10.0,559.0,764.0,721.0,840.0,850.0,713.0,548.0,34.0,808.0,967.0,624.0,14.0,587.0,652.0,655.0,704.0,661.0,695.0,17.0,529.0,580.0,752.0,638.0,709.0,22.0,573.0,677.0,877.0,713.0,12.0,633.0,627.0,731.0,787.0,673.0,469.0,12.0,14.0,14.0,9.0,13.0,612.0,550.0,631.0,700.0,317.0,620.0,704.0,582.0,652.0,454.0,730.0,831.0,766.0,476.0,21.0,779.0,784.0
2833,12.0,13.0,12.0,14.0,12.0,13.0,13.0,14.0,11.0,14.0,15.0,13.0,12.0,14.0,14.0,14.0,12.0,13.0,14.0,13.0,14.0,11.0,13.0,14.0,10.0,12.0,12.0,13.0,13.0,14.0,15.0,14.0,13.0,14.0,14.0,13.0,15.0,14.0,13.0,14.0,13.0,13.0,14.0,13.0,14.0,13.0,12.0,11.0,14.0,13.0,12.0,13.0,14.0,13.0,14.0,13.0,14.0,13.0,14.0,13.0,11.0,13.0,14.0,13.0,13.0,13.0,12.0,15.0,12.0,13.0,14.0,14.0,15.0,14.0,13.0,13.0,14.0,13.0,14.0,13.0,12.0,14.0,13.0,13.0,14.0,11.0,14.0,13.0,12.0,13.0,13.0,11.0,13.0,14.0,13.0,14.0,11.0,12.0,11.0,15.0,12.0,13.0,13.0,14.0,11.0,15.0,11.0,14.0,14.0,14.0,14.0,14.0,15.0,14.0,14.0,13.0,14.0,13.0,14.0,15.0,13.0,13.0,13.0,11.0,15.0,14.0,11.0,14.0
2856,28.0,16.0,23.0,37.0,16.0,35.0,13.0,15.0,23.0,12.0,16.0,13.0,30.0,34.0,31.0,17.0,15.0,35.0,39.0,15.0,39.0,39.0,33.0,12.0,31.0,27.0,16.0,32.0,33.0,38.0,35.0,34.0,25.0,33.0,28.0,12.0,24.0,15.0,33.0,35.0,39.0,13.0,32.0,15.0,15.0,34.0,13.0,16.0,14.0,22.0,14.0,14.0,30.0,13.0,22.0,29.0,20.0,15.0,33.0,16.0,33.0,33.0,34.0,14.0,32.0,26.0,39.0,12.0,12.0,32.0,13.0,33.0,30.0,24.0,29.0,31.0,28.0,16.0,34.0,17.0,14.0,30.0,17.0,14.0,13.0,14.0,35.0,30.0,11.0,14.0,15.0,31.0,12.0,13.0,14.0,13.0,14.0,37.0,13.0,25.0,14.0,34.0,16.0,14.0,17.0,26.0,13.0,35.0,38.0,13.0,15.0,13.0,12.0,35.0,17.0,33.0,30.0,25.0,14.0,13.0,33.0,27.0,35.0,30.0,15.0,35.0,35.0,36.0
2860,153.0,100.0,145.0,204.0,190.0,139.0,212.0,148.0,130.0,154.0,237.0,138.0,134.0,147.0,138.0,193.0,163.0,291.0,178.0,177.0,238.0,266.0,164.0,258.0,233.0,176.0,178.0,206.0,164.0,247.0,184.0,239.0,178.0,172.0,157.0,242.0,255.0,174.0,293.0,238.0,164.0,227.0,315.0,227.0,265.0,280.0,236.0,177.0,181.0,185.0,253.0,235.0,227.0,229.0,195.0,189.0,143.0,251.0,186.0,180.0,176.0,254.0,182.0,162.0,153.0,176.0,190.0,257.0,192.0,156.0,236.0,50.0,168.0,233.0,199.0,203.0,194.0,261.0,265.0,172.0,148.0,240.0,243.0,182.0,269.0,241.0,304.0,231.0,256.0,201.0,242.0,296.0,246.0,229.0,184.0,189.0,179.0,155.0,172.0,167.0,246.0,244.0,190.0,244.0,266.0,193.0,165.0,204.0,178.0,200.0,228.0,166.0,162.0,141.0,196.0,171.0,167.0,254.0,188.0,240.0,243.0,181.0,134.0,187.0,153.0,155.0,232.0,147.0
2866,14.0,20.0,778.0,804.0,10.0,33.0,8.0,6.0,19.0,352.0,5.0,5.0,8.0,6.0,9.0,846.0,6.0,5.0,110.0,20.0,1159.0,8.0,1010.0,575.0,6.0,34.0,785.0,18.0,9.0,5.0,946.0,917.0,1161.0,413.0,7.0,21.0,7.0,15.0,785.0,7.0,5.0,5.0,7.0,26.0,8.0,691.0,626.0,8.0,606.0,906.0,53.0,6.0,775.0,789.0,15.0,7.0,23.0,7.0,7.0,834.0,48.0,767.0,5.0,21.0,325.0,17.0,790.0,544.0,134.0,8.0,8.0,7.0,787.0,24.0,5.0,60.0,925.0,769.0,978.0,25.0,9.0,5.0,30.0,6.0,965.0,692.0,24.0,672.0,6.0,638.0,7.0,784.0,733.0,24.0,13.0,16.0,19.0,6.0,20.0,27.0,30.0,36.0,771.0,8.0,879.0,739.0,8.0,39.0,51.0,7.0,844.0,7.0,18.0,5.0,7.0,5.0,8.0,997.0,7.0,13.0,5.0,10.0,7.0,765.0,20.0,18.0,7.0,732.0
2873,1073.0,1.0,1.0,1143.0,1052.0,1305.0,1.0,1.0,2.0,1.0,946.0,3.0,1420.0,2.0,1.0,2.0,2.0,1.0,1196.0,1.0,1205.0,1.0,1508.0,1.0,1117.0,2.0,1.0,1093.0,1066.0,1235.0,1.0,1282.0,1505.0,1.0,1691.0,606.0,1009.0,944.0,938.0,1230.0,1606.0,1620.0,1.0,1.0,1516.0,1.0,2.0,1.0,1.0,2.0,2.0,1487.0,1139.0,1179.0,2.0,1.0,1.0,2.0,1105.0,1568.0,1.0,1476.0,1610.0,1.0,1.0,1406.0,1.0,2.0,1.0,3.0,1552.0,1.0,1175.0,1.0,1588.0,1137.0,1065.0,1130.0,1053.0,1.0,2.0,1639.0,1182.0,1.0,1550.0,1.0,1.0,1525.0,1147.0,1.0,1.0,1.0,1115.0,1138.0,1459.0,1044.0,1.0,1792.0,1.0,1534.0,1.0,1774.0,1101.0,1.0,2.0,1204.0,1.0,1591.0,1.0,1099.0,1136.0,1.0,1.0,1408.0,1289.0,1541.0,1313.0,1205.0,1768.0,1112.0,1425.0,1.0,1.0,1094.0,1.0,1.0,3.0,1569.0
2874,735.0,876.0,697.0,926.0,976.0,4.0,642.0,5.0,3.0,871.0,842.0,816.0,5.0,867.0,4.0,981.0,927.0,4.0,11.0,7.0,5.0,665.0,4.0,940.0,981.0,8.0,795.0,5.0,799.0,461.0,1194.0,765.0,491.0,6.0,1352.0,917.0,794.0,804.0,4.0,4.0,872.0,778.0,932.0,861.0,836.0,769.0,861.0,1063.0,5.0,772.0,737.0,152.0,759.0,675.0,1056.0,931.0,917.0,969.0,633.0,846.0,5.0,946.0,24.0,848.0,886.0,884.0,944.0,5.0,6.0,5.0,4.0,868.0,804.0,858.0,771.0,891.0,904.0,878.0,903.0,748.0,765.0,941.0,13.0,1268.0,955.0,989.0,1249.0,918.0,896.0,983.0,4.0,534.0,572.0,1395.0,796.0,641.0,759.0,4.0,862.0,790.0,875.0,820.0,725.0,6.0,948.0,991.0,842.0,839.0,774.0,720.0,844.0,1285.0,939.0,882.0,926.0,828.0,283.0,917.0,5.0,866.0,792.0,7.0,4.0,747.0,1065.0,1093.0,131.0,551.0
2877,18.0,18.0,18.0,18.0,17.0,16.0,18.0,17.0,16.0,17.0,16.0,16.0,18.0,17.0,16.0,15.0,18.0,19.0,20.0,18.0,15.0,17.0,17.0,17.0,17.0,19.0,15.0,16.0,17.0,17.0,18.0,17.0,15.0,16.0,18.0,18.0,17.0,18.0,17.0,16.0,17.0,17.0,18.0,18.0,16.0,21.0,17.0,16.0,17.0,22.0,18.0,17.0,17.0,20.0,17.0,17.0,17.0,16.0,18.0,16.0,22.0,16.0,20.0,18.0,18.0,19.0,21.0,19.0,18.0,16.0,19.0,17.0,16.0,18.0,18.0,19.0,23.0,17.0,18.0,17.0,16.0,17.0,22.0,18.0,17.0,17.0,17.0,22.0,17.0,18.0,19.0,17.0,17.0,16.0,17.0,19.0,18.0,16.0,17.0,20.0,19.0,19.0,16.0,17.0,16.0,18.0,19.0,17.0,18.0,18.0,16.0,15.0,21.0,16.0,20.0,18.0,15.0,16.0,17.0,16.0,16.0,17.0,18.0,17.0,18.0,18.0,19.0,23.0
2879,19.0,20.0,21.0,19.0,19.0,19.0,20.0,19.0,18.0,19.0,21.0,19.0,19.0,20.0,21.0,20.0,19.0,20.0,19.0,20.0,21.0,20.0,21.0,21.0,20.0,23.0,19.0,19.0,20.0,19.0,22.0,19.0,20.0,19.0,20.0,19.0,20.0,20.0,23.0,19.0,20.0,19.0,23.0,19.0,19.0,20.0,19.0,19.0,19.0,23.0,19.0,20.0,19.0,20.0,19.0,20.0,19.0,21.0,19.0,19.0,21.0,20.0,19.0,19.0,19.0,19.0,19.0,19.0,19.0,20.0,20.0,22.0,20.0,19.0,19.0,19.0,21.0,18.0,21.0,19.0,19.0,20.0,19.0,20.0,19.0,20.0,19.0,19.0,20.0,19.0,20.0,18.0,21.0,19.0,20.0,23.0,19.0,19.0,19.0,17.0,20.0,19.0,21.0,19.0,19.0,21.0,20.0,21.0,19.0,19.0,20.0,21.0,20.0,20.0,19.0,19.0,22.0,20.0,21.0,19.0,18.0,19.0,18.0,21.0,18.0,20.0,23.0,21.0
2884,19.0,18.0,20.0,20.0,18.0,18.0,18.0,20.0,19.0,18.0,18.0,18.0,18.0,20.0,20.0,20.0,19.0,18.0,19.0,19.0,19.0,20.0,18.0,22.0,19.0,20.0,20.0,19.0,19.0,20.0,20.0,19.0,20.0,21.0,20.0,18.0,18.0,19.0,22.0,21.0,20.0,21.0,18.0,20.0,21.0,19.0,21.0,20.0,18.0,18.0,19.0,18.0,19.0,20.0,20.0,20.0,18.0,20.0,18.0,20.0,21.0,19.0,18.0,21.0,19.0,18.0,18.0,18.0,20.0,19.0,21.0,18.0,21.0,19.0,21.0,18.0,20.0,19.0,20.0,18.0,21.0,20.0,18.0,19.0,18.0,18.0,18.0,21.0,17.0,18.0,19.0,20.0,20.0,19.0,18.0,18.0,18.0,20.0,20.0,21.0,20.0,17.0,20.0,19.0,20.0,17.0,20.0,18.0,19.0,19.0,20.0,18.0,20.0,21.0,18.0,21.0,18.0,18.0,19.0,20.0,19.0,19.0,19.0,19.0,18.0,20.0,19.0,20.0
2887,60.0,27.0,45.0,46.0,47.0,48.0,50.0,43.0,58.0,45.0,43.0,43.0,48.0,52.0,51.0,50.0,46.0,50.0,44.0,50.0,56.0,55.0,46.0,51.0,47.0,55.0,53.0,43.0,50.0,49.0,51.0,46.0,55.0,44.0,32.0,43.0,30.0,49.0,57.0,48.0,41.0,52.0,50.0,57.0,42.0,52.0,43.0,57.0,55.0,48.0,56.0,41.0,42.0,42.0,46.0,56.0,46.0,54.0,46.0,46.0,36.0,56.0,43.0,48.0,99.0,59.0,47.0,59.0,50.0,46.0,49.0,50.0,50.0,44.0,48.0,47.0,51.0,48.0,48.0,51.0,41.0,48.0,59.0,45.0,44.0,57.0,51.0,61.0,44.0,44.0,53.0,44.0,43.0,42.0,43.0,48.0,51.0,60.0,45.0,46.0,45.0,48.0,54.0,42.0,45.0,44.0,59.0,41.0,49.0,43.0,43.0,42.0,44.0,32.0,50.0,56.0,58.0,42.0,51.0,47.0,47.0,46.0,55.0,52.0,49.0,49.0,49.0,53.0
2892,8.0,9.0,8.0,9.0,8.0,8.0,9.0,9.0,9.0,9.0,9.0,8.0,8.0,8.0,9.0,8.0,9.0,8.0,9.0,8.0,9.0,8.0,8.0,8.0,8.0,8.0,8.0,8.0,9.0,8.0,8.0,8.0,8.0,8.0,8.0,8.0,8.0,8.0,8.0,9.0,8.0,8.0,8.0,8.0,8.0,8.0,8.0,9.0,9.0,8.0,8.0,8.0,9.0,8.0,8.0,8.0,8.0,8.0,8.0,8.0,8.0,8.0,9.0,8.0,8.0,8.0,8.0,8.0,8.0,9.0,9.0,8.0,8.0,9.0,8.0,9.0,8.0,9.0,8.0,9.0,8.0,9.0,8.0,8.0,8.0,9.0,9.0,9.0,8.0,8.0,8.0,8.0,9.0,8.0,8.0,8.0,8.0,9.0,8.0,7.0,8.0,8.0,8.0,8.0,9.0,8.0,8.0,8.0,8.0,9.0,8.0,8.0,9.0,8.0,8.0,8.0,9.0,8.0,8.0,8.0,9.0,8.0,9.0,9.0,8.0,9.0,8.0,9.0
2906,1.0,913.0,803.0,753.0,1171.0,1106.0,358.0,871.0,570.0,698.0,922.0,1.0,6.0,1236.0,1066.0,988.0,601.0,1.0,1.0,769.0,1001.0,1.0,80.0,566.0,1096.0,871.0,666.0,837.0,817.0,799.0,802.0,813.0,6.0,909.0,380.0,928.0,947.0,1193.0,855.0,874.0,711.0,920.0,912.0,1030.0,12.0,1332.0,121.0,1320.0,1035.0,310.0,2.0,853.0,309.0,849.0,850.0,301.0,853.0,1023.0,1.0,820.0,1.0,1017.0,496.0,1039.0,982.0,1128.0,900.0,954.0,754.0,1.0,816.0,99.0,635.0,539.0,1.0,976.0,559.0,930.0,921.0,6.0,967.0,960.0,393.0,899.0,848.0,904.0,1081.0,1.0,865.0,1444.0,939.0,783.0,1.0,314.0,947.0,1.0,944.0,806.0,1127.0,932.0,875.0,806.0,911.0,732.0,1017.0,885.0,984.0,862.0,878.0,6.0,620.0,12.0,787.0,807.0,807.0,921.0,953.0,12.0,866.0,6.0,609.0,1.0,3.0,783.0,823.0,1051.0,796.0,1040.0
2907,20.0,18.0,19.0,16.0,22.0,26.0,23.0,17.0,18.0,19.0,15.0,18.0,26.0,23.0,18.0,18.0,19.0,15.0,20.0,19.0,27.0,18.0,18.0,18.0,24.0,20.0,20.0,27.0,18.0,22.0,19.0,22.0,21.0,18.0,19.0,22.0,21.0,18.0,19.0,18.0,20.0,22.0,18.0,19.0,25.0,26.0,19.0,23.0,23.0,18.0,18.0,18.0,25.0,20.0,18.0,21.0,21.0,19.0,24.0,19.0,18.0,22.0,18.0,22.0,25.0,23.0,19.0,20.0,16.0,19.0,13.0,18.0,18.0,20.0,21.0,18.0,20.0,18.0,13.0,15.0,19.0,16.0,20.0,18.0,22.0,19.0,21.0,20.0,24.0,16.0,16.0,19.0,17.0,18.0,20.0,18.0,18.0,21.0,20.0,18.0,19.0,26.0,19.0,26.0,17.0,18.0,18.0,18.0,18.0,17.0,18.0,18.0,25.0,20.0,18.0,18.0,21.0,18.0,19.0,19.0,18.0,21.0,20.0,16.0,18.0,22.0,20.0,20.0
2911,955.0,951.0,2.0,2.0,958.0,2.0,2.0,2.0,2.0,2.0,906.0,1565.0,966.0,986.0,956.0,2.0,2.0,2.0,1037.0,2.0,1044.0,1083.0,1622.0,1015.0,2.0,2.0,989.0,1042.0,1103.0,1000.0,1553.0,1657.0,2.0,2.0,2.0,2.0,2.0,2.0,2.0,1051.0,2.0,2.0,2.0,2.0,2.0,1017.0,1583.0,2.0,2.0,1010.0,2.0,2.0,2.0,2.0,998.0,1038.0,1031.0,2.0,2.0,2.0,1073.0,2.0,1635.0,984.0,1028.0,1643.0,1615.0,1050.0,2.0,989.0,1034.0,2.0,1036.0,2.0,2.0,1034.0,997.0,1067.0,1040.0,2.0,940.0,1615.0,2.0,1018.0,1505.0,1016.0,2.0,1075.0,2.0,1001.0,2.0,1026.0,1032.0,2.0,1637.0,1030.0,1007.0,2.0,1065.0,2.0,2.0,1626.0,1075.0,2.0,1046.0,2.0,1007.0,2.0,2.0,2.0,2.0,2.0,2.0,2.0,1011.0,1035.0,2.0,1056.0,2.0,2.0,1624.0,2.0,1561.0,2.0,1026.0,1034.0,2.0,1012.0
2913,16.0,16.0,30.0,14.0,14.0,13.0,17.0,20.0,14.0,17.0,440.0,19.0,15.0,10.0,15.0,15.0,18.0,12.0,22.0,14.0,13.0,17.0,17.0,13.0,13.0,12.0,14.0,14.0,16.0,464.0,15.0,14.0,18.0,18.0,16.0,17.0,17.0,13.0,13.0,15.0,14.0,14.0,18.0,18.0,12.0,17.0,19.0,15.0,13.0,453.0,19.0,29.0,13.0,13.0,14.0,13.0,20.0,14.0,14.0,18.0,18.0,14.0,17.0,19.0,15.0,16.0,13.0,12.0,13.0,14.0,14.0,19.0,12.0,18.0,13.0,15.0,13.0,14.0,727.0,13.0,15.0,16.0,12.0,15.0,16.0,15.0,15.0,15.0,13.0,11.0,15.0,574.0,13.0,12.0,12.0,12.0,12.0,12.0,13.0,12.0,15.0,16.0,17.0,15.0,14.0,21.0,13.0,14.0,17.0,13.0,14.0,14.0,475.0,14.0,17.0,13.0,17.0,17.0,477.0,16.0,12.0,14.0,15.0,13.0,17.0,13.0,12.0,16.0
2919,12.0,17.0,806.0,755.0,8.0,16.0,13.0,3.0,15.0,29.0,3.0,4.0,16.0,12.0,634.0,13.0,10.0,9.0,3.0,3.0,17.0,5.0,838.0,13.0,886.0,6.0,2.0,15.0,3.0,791.0,3.0,8.0,3.0,5.0,12.0,3.0,3.0,14.0,3.0,14.0,5.0,14.0,3.0,11.0,13.0,13.0,15.0,11.0,4.0,10.0,4.0,13.0,4.0,909.0,12.0,4.0,13.0,14.0,3.0,3.0,3.0,13.0,922.0,8.0,886.0,844.0,21.0,3.0,3.0,10.0,4.0,4.0,13.0,3.0,17.0,5.0,5.0,3.0,940.0,19.0,7.0,23.0,16.0,4.0,10.0,11.0,809.0,4.0,6.0,14.0,877.0,16.0,900.0,20.0,877.0,3.0,845.0,13.0,10.0,5.0,3.0,16.0,4.0,15.0,788.0,17.0,14.0,13.0,3.0,857.0,24.0,13.0,4.0,12.0,15.0,4.0,5.0,3.0,5.0,13.0,949.0,4.0,12.0,893.0,11.0,14.0,20.0,5.0
2920,5.0,5.0,26.0,27.0,23.0,20.0,22.0,27.0,5.0,25.0,399.0,18.0,22.0,95.0,21.0,23.0,19.0,111.0,22.0,44.0,22.0,82.0,76.0,18.0,6.0,19.0,38.0,5.0,4.0,19.0,361.0,20.0,5.0,117.0,28.0,17.0,20.0,19.0,19.0,6.0,18.0,81.0,21.0,128.0,65.0,20.0,6.0,282.0,5.0,19.0,18.0,14.0,268.0,19.0,5.0,5.0,5.0,258.0,28.0,28.0,5.0,74.0,5.0,18.0,125.0,103.0,20.0,6.0,227.0,5.0,5.0,20.0,21.0,19.0,22.0,19.0,17.0,64.0,20.0,23.0,20.0,20.0,5.0,4.0,5.0,19.0,19.0,202.0,22.0,18.0,94.0,18.0,70.0,227.0,20.0,19.0,20.0,20.0,6.0,51.0,19.0,19.0,5.0,310.0,23.0,18.0,21.0,6.0,19.0,5.0,96.0,116.0,112.0,5.0,20.0,6.0,24.0,20.0,20.0,5.0,20.0,19.0,20.0,86.0,269.0,6.0,17.0,18.0
2921,98.0,74.0,208.0,101.0,237.0,218.0,260.0,100.0,23.0,212.0,107.0,139.0,221.0,123.0,160.0,139.0,206.0,341.0,230.0,331.0,205.0,193.0,225.0,254.0,257.0,218.0,261.0,203.0,187.0,159.0,233.0,273.0,241.0,240.0,293.0,180.0,186.0,204.0,216.0,159.0,193.0,264.0,177.0,246.0,264.0,170.0,247.0,320.0,198.0,163.0,247.0,334.0,193.0,265.0,352.0,256.0,190.0,262.0,247.0,268.0,212.0,153.0,286.0,217.0,302.0,209.0,268.0,213.0,216.0,211.0,203.0,231.0,252.0,184.0,209.0,229.0,194.0,194.0,293.0,178.0,220.0,251.0,107.0,283.0,240.0,225.0,307.0,192.0,326.0,265.0,156.0,216.0,168.0,172.0,238.0,334.0,265.0,187.0,178.0,249.0,246.0,235.0,256.0,337.0,262.0,227.0,245.0,237.0,216.0,241.0,212.0,225.0,158.0,271.0,234.0,197.0,302.0,246.0,290.0,221.0,189.0,199.0,132.0,241.0,186.0,189.0,193.0,191.0
2934,10.0,18.0,14.0,11.0,19.0,11.0,12.0,16.0,16.0,17.0,12.0,11.0,10.0,16.0,13.0,13.0,11.0,14.0,12.0,13.0,12.0,11.0,14.0,15.0,12.0,16.0,17.0,10.0,12.0,14.0,12.0,15.0,12.0,15.0,13.0,16.0,12.0,15.0,14.0,15.0,11.0,12.0,11.0,14.0,11.0,14.0,18.0,12.0,12.0,10.0,11.0,13.0,16.0,11.0,11.0,14.0,17.0,17.0,15.0,13.0,14.0,12.0,11.0,11.0,17.0,19.0,12.0,10.0,18.0,12.0,12.0,11.0,14.0,11.0,14.0,17.0,19.0,10.0,11.0,12.0,11.0,16.0,14.0,13.0,12.0,14.0,12.0,11.0,12.0,11.0,12.0,11.0,13.0,11.0,16.0,16.0,11.0,12.0,12.0,12.0,16.0,17.0,12.0,12.0,16.0,15.0,13.0,12.0,12.0,13.0,11.0,12.0,11.0,13.0,12.0,11.0,15.0,10.0,11.0,12.0,14.0,18.0,11.0,17.0,13.0,12.0,10.0,11.0
2938,67.0,45.0,23.0,59.0,47.0,45.0,100.0,42.0,21.0,32.0,62.0,62.0,128.0,65.0,61.0,576.0,18.0,52.0,81.0,6.0,55.0,81.0,61.0,58.0,22.0,12.0,661.0,39.0,32.0,2.0,61.0,486.0,301.0,868.0,66.0,79.0,80.0,50.0,17.0,70.0,51.0,18.0,42.0,641.0,77.0,23.0,61.0,51.0,54.0,63.0,81.0,49.0,39.0,50.0,49.0,64.0,44.0,55.0,62.0,50.0,628.0,175.0,61.0,41.0,62.0,47.0,5.0,88.0,52.0,515.0,66.0,956.0,67.0,68.0,546.0,77.0,6.0,75.0,55.0,56.0,53.0,41.0,50.0,504.0,57.0,127.0,44.0,42.0,54.0,48.0,58.0,60.0,51.0,46.0,80.0,65.0,88.0,6.0,835.0,19.0,64.0,562.0,6.0,47.0,53.0,53.0,59.0,65.0,47.0,15.0,79.0,55.0,3.0,5.0,20.0,64.0,60.0,48.0,401.0,60.0,49.0,56.0,63.0,49.0,65.0,70.0,65.0,48.0
2942,5.0,8.0,7.0,5.0,8.0,5.0,7.0,10.0,5.0,5.0,5.0,5.0,6.0,5.0,6.0,5.0,5.0,7.0,7.0,6.0,9.0,11.0,5.0,9.0,8.0,5.0,6.0,6.0,7.0,8.0,10.0,5.0,5.0,11.0,6.0,5.0,8.0,9.0,5.0,7.0,10.0,6.0,6.0,6.0,7.0,5.0,7.0,5.0,5.0,9.0,8.0,5.0,5.0,8.0,6.0,10.0,5.0,5.0,5.0,8.0,6.0,9.0,5.0,6.0,6.0,6.0,6.0,9.0,10.0,5.0,5.0,5.0,9.0,10.0,6.0,5.0,9.0,5.0,6.0,5.0,5.0,5.0,7.0,7.0,9.0,5.0,8.0,6.0,5.0,6.0,8.0,5.0,5.0,5.0,8.0,5.0,5.0,6.0,8.0,6.0,8.0,6.0,5.0,5.0,5.0,10.0,7.0,10.0,5.0,6.0,5.0,5.0,6.0,8.0,5.0,6.0,7.0,9.0,12.0,6.0,13.0,8.0,5.0,5.0,5.0,5.0,5.0,8.0
2946,32.0,32.0,29.0,33.0,30.0,29.0,29.0,31.0,31.0,31.0,33.0,30.0,31.0,28.0,33.0,33.0,27.0,30.0,31.0,27.0,35.0,31.0,32.0,32.0,33.0,31.0,31.0,33.0,31.0,35.0,29.0,32.0,31.0,27.0,30.0,33.0,24.0,30.0,30.0,31.0,31.0,28.0,31.0,31.0,34.0,31.0,30.0,30.0,30.0,28.0,30.0,32.0,31.0,34.0,31.0,29.0,33.0,32.0,31.0,31.0,29.0,34.0,31.0,29.0,29.0,29.0,31.0,28.0,33.0,33.0,30.0,28.0,26.0,26.0,30.0,31.0,31.0,31.0,32.0,32.0,28.0,31.0,31.0,31.0,29.0,30.0,30.0,34.0,33.0,31.0,30.0,33.0,31.0,30.0,31.0,32.0,30.0,31.0,30.0,29.0,31.0,30.0,27.0,31.0,30.0,33.0,30.0,32.0,33.0,29.0,31.0,31.0,25.0,34.0,28.0,31.0,29.0,31.0,31.0,26.0,27.0,31.0,29.0,35.0,34.0,29.0,30.0,31.0
2948,56.0,54.0,41.0,33.0,48.0,88.0,35.0,64.0,50.0,81.0,48.0,46.0,52.0,42.0,71.0,59.0,54.0,40.0,60.0,41.0,37.0,56.0,43.0,56.0,63.0,61.0,47.0,52.0,59.0,69.0,58.0,41.0,45.0,44.0,62.0,57.0,41.0,46.0,42.0,42.0,45.0,40.0,50.0,43.0,37.0,49.0,41.0,38.0,65.0,49.0,43.0,55.0,46.0,36.0,48.0,55.0,47.0,54.0,39.0,31.0,60.0,61.0,47.0,40.0,49.0,56.0,37.0,44.0,49.0,57.0,38.0,70.0,54.0,50.0,44.0,44.0,60.0,37.0,62.0,58.0,36.0,46.0,47.0,37.0,50.0,55.0,41.0,45.0,64.0,54.0,74.0,47.0,40.0,44.0,60.0,45.0,41.0,38.0,35.0,43.0,41.0,48.0,43.0,45.0,38.0,49.0,50.0,65.0,32.0,38.0,45.0,58.0,59.0,44.0,45.0,53.0,47.0,52.0,37.0,44.0,55.0,43.0,37.0,46.0,52.0,67.0,69.0,46.0
2949,36.0,23.0,36.0,28.0,35.0,23.0,27.0,29.0,22.0,31.0,24.0,20.0,26.0,33.0,33.0,29.0,31.0,37.0,29.0,28.0,33.0,26.0,24.0,27.0,30.0,26.0,26.0,33.0,24.0,28.0,23.0,34.0,26.0,27.0,28.0,22.0,27.0,26.0,24.0,23.0,31.0,34.0,32.0,30.0,19.0,35.0,24.0,20.0,30.0,33.0,34.0,41.0,23.0,34.0,28.0,18.0,23.0,23.0,25.0,24.0,32.0,24.0,25.0,27.0,21.0,27.0,34.0,35.0,21.0,27.0,26.0,20.0,29.0,32.0,27.0,22.0,25.0,37.0,29.0,38.0,30.0,41.0,32.0,26.0,24.0,33.0,35.0,34.0,32.0,18.0,24.0,18.0,26.0,27.0,23.0,24.0,35.0,27.0,33.0,26.0,27.0,22.0,28.0,29.0,20.0,28.0,24.0,25.0,21.0,24.0,25.0,29.0,23.0,36.0,32.0,30.0,34.0,33.0,22.0,25.0,27.0,30.0,23.0,34.0,27.0,21.0,23.0,32.0
2956,14.0,18.0,19.0,14.0,17.0,16.0,19.0,10.0,8.0,20.0,17.0,18.0,17.0,14.0,16.0,13.0,19.0,13.0,22.0,17.0,17.0,16.0,22.0,18.0,13.0,18.0,12.0,15.0,14.0,15.0,21.0,14.0,20.0,15.0,22.0,16.0,14.0,16.0,16.0,13.0,13.0,24.0,22.0,15.0,16.0,14.0,13.0,18.0,14.0,28.0,30.0,10.0,20.0,16.0,19.0,10.0,16.0,14.0,16.0,18.0,16.0,20.0,14.0,16.0,20.0,18.0,14.0,18.0,17.0,18.0,18.0,22.0,16.0,17.0,14.0,17.0,27.0,19.0,21.0,20.0,15.0,19.0,16.0,23.0,15.0,18.0,18.0,18.0,15.0,15.0,19.0,10.0,14.0,15.0,16.0,19.0,31.0,20.0,16.0,15.0,15.0,17.0,23.0,25.0,14.0,19.0,14.0,18.0,15.0,17.0,20.0,16.0,20.0,16.0,18.0,15.0,21.0,16.0,14.0,17.0,22.0,12.0,18.0,17.0,16.0,26.0,17.0,17.0
2964,15.0,9.0,12.0,8.0,5.0,8.0,7.0,8.0,21.0,11.0,6.0,10.0,10.0,11.0,5.0,5.0,6.0,8.0,8.0,9.0,12.0,10.0,5.0,9.0,7.0,7.0,7.0,7.0,10.0,11.0,8.0,9.0,117.0,11.0,7.0,8.0,8.0,6.0,11.0,9.0,5.0,12.0,43.0,5.0,8.0,21.0,9.0,8.0,11.0,9.0,5.0,12.0,77.0,9.0,6.0,11.0,7.0,5.0,6.0,5.0,6.0,8.0,8.0,8.0,5.0,11.0,9.0,5.0,11.0,13.0,8.0,8.0,9.0,8.0,8.0,6.0,59.0,5.0,8.0,12.0,11.0,7.0,6.0,7.0,11.0,8.0,12.0,10.0,8.0,8.0,6.0,11.0,7.0,7.0,8.0,8.0,7.0,13.0,6.0,11.0,8.0,10.0,9.0,6.0,8.0,13.0,12.0,5.0,6.0,5.0,12.0,7.0,8.0,6.0,8.0,9.0,8.0,8.0,5.0,8.0,9.0,5.0,7.0,8.0,8.0,8.0,6.0,8.0
2970,21.0,24.0,24.0,24.0,24.0,24.0,22.0,21.0,22.0,24.0,24.0,23.0,22.0,23.0,21.0,32.0,24.0,22.0,24.0,24.0,22.0,24.0,22.0,21.0,24.0,26.0,23.0,20.0,27.0,21.0,24.0,24.0,22.0,30.0,24.0,23.0,24.0,23.0,26.0,23.0,22.0,20.0,23.0,20.0,25.0,24.0,23.0,29.0,25.0,21.0,20.0,24.0,24.0,28.0,23.0,23.0,23.0,24.0,23.0,21.0,24.0,26.0,22.0,23.0,23.0,21.0,24.0,24.0,22.0,23.0,25.0,24.0,20.0,22.0,26.0,20.0,23.0,22.0,20.0,24.0,25.0,21.0,22.0,29.0,23.0,24.0,29.0,22.0,30.0,22.0,23.0,22.0,24.0,23.0,20.0,25.0,23.0,29.0,25.0,25.0,20.0,24.0,23.0,24.0,23.0,26.0,21.0,35.0,24.0,30.0,24.0,26.0,24.0,20.0,21.0,22.0,23.0,23.0,23.0,24.0,22.0,23.0,27.0,22.0,20.0,26.0,23.0,23.0
2971,5.0,5.0,5.0,5.0,5.0,5.0,5.0,5.0,5.0,5.0,5.0,5.0,5.0,5.0,5.0,5.0,5.0,5.0,5.0,5.0,5.0,5.0,5.0,5.0,5.0,5.0,5.0,5.0,5.0,5.0,5.0,5.0,5.0,5.0,5.0,5.0,5.0,5.0,5.0,5.0,5.0,5.0,5.0,5.0,5.0,5.0,5.0,5.0,5.0,5.0,5.0,5.0,5.0,5.0,5.0,5.0,5.0,5.0,5.0,5.0,5.0,5.0,5.0,5.0,5.0,5.0,5.0,5.0,5.0,5.0,5.0,5.0,5.0,5.0,5.0,5.0,5.0,5.0,5.0,5.0,5.0,5.0,5.0,5.0,5.0,5.0,5.0,5.0,5.0,5.0,5.0,5.0,5.0,5.0,5.0,5.0,5.0,5.0,5.0,5.0,5.0,5.0,5.0,5.0,5.0,5.0,5.0,5.0,5.0,5.0,5.0,5.0,5.0,5.0,5.0,5.0,5.0,5.0,5.0,5.0,5.0,5.0,5.0,5.0,5.0,5.0,5.0,5.0
2972,7.0,8.0,6.0,10.0,9.0,7.0,27.0,10.0,8.0,36.0,13.0,10.0,7.0,14.0,18.0,6.0,6.0,7.0,5.0,12.0,7.0,29.0,5.0,9.0,8.0,5.0,5.0,5.0,7.0,10.0,11.0,8.0,12.0,16.0,9.0,6.0,12.0,8.0,10.0,10.0,6.0,10.0,9.0,8.0,5.0,12.0,9.0,26.0,5.0,9.0,12.0,21.0,5.0,9.0,13.0,15.0,13.0,5.0,6.0,11.0,6.0,7.0,9.0,14.0,9.0,38.0,13.0,10.0,7.0,5.0,6.0,6.0,8.0,28.0,9.0,7.0,9.0,7.0,7.0,12.0,8.0,5.0,6.0,5.0,7.0,9.0,10.0,6.0,12.0,11.0,8.0,9.0,5.0,21.0,8.0,8.0,13.0,7.0,9.0,7.0,12.0,9.0,10.0,15.0,9.0,5.0,37.0,5.0,15.0,7.0,14.0,5.0,5.0,8.0,5.0,6.0,9.0,11.0,13.0,9.0,5.0,5.0,8.0,6.0,10.0,16.0,5.0,7.0
2973,15.0,10.0,14.0,13.0,14.0,13.0,16.0,15.0,14.0,13.0,33.0,26.0,16.0,14.0,11.0,18.0,13.0,14.0,13.0,17.0,21.0,24.0,21.0,22.0,16.0,16.0,14.0,14.0,9.0,12.0,19.0,19.0,25.0,13.0,11.0,14.0,10.0,17.0,14.0,13.0,26.0,13.0,11.0,12.0,12.0,12.0,13.0,12.0,20.0,16.0,13.0,14.0,14.0,16.0,17.0,12.0,11.0,19.0,15.0,19.0,12.0,15.0,14.0,11.0,8.0,13.0,14.0,16.0,26.0,25.0,14.0,20.0,14.0,16.0,15.0,13.0,19.0,23.0,19.0,17.0,15.0,20.0,18.0,15.0,10.0,13.0,17.0,18.0,13.0,13.0,21.0,15.0,11.0,9.0,19.0,10.0,10.0,13.0,12.0,24.0,12.0,17.0,15.0,14.0,11.0,15.0,12.0,11.0,14.0,11.0,19.0,15.0,25.0,15.0,22.0,9.0,15.0,20.0,19.0,15.0,15.0,13.0,10.0,13.0,12.0,14.0,31.0,17.0
2977,37.0,33.0,702.0,48.0,687.0,725.0,686.0,31.0,34.0,44.0,589.0,40.0,43.0,35.0,522.0,668.0,26.0,59.0,657.0,30.0,19.0,33.0,45.0,667.0,717.0,46.0,39.0,40.0,696.0,667.0,38.0,626.0,704.0,721.0,693.0,25.0,41.0,16.0,40.0,33.0,31.0,45.0,36.0,36.0,36.0,32.0,39.0,681.0,743.0,39.0,40.0,44.0,38.0,703.0,42.0,567.0,37.0,725.0,36.0,41.0,611.0,674.0,40.0,790.0,41.0,592.0,705.0,16.0,646.0,42.0,698.0,621.0,676.0,25.0,693.0,43.0,43.0,18.0,36.0,35.0,31.0,671.0,608.0,41.0,29.0,39.0,30.0,737.0,701.0,40.0,41.0,42.0,563.0,19.0,49.0,41.0,38.0,690.0,44.0,40.0,706.0,43.0,41.0,743.0,43.0,35.0,32.0,741.0,746.0,769.0,40.0,39.0,48.0,34.0,541.0,41.0,40.0,33.0,649.0,42.0,664.0,34.0,729.0,40.0,641.0,40.0,709.0,46.0
2978,37.0,34.0,59.0,17.0,42.0,6.0,14.0,230.0,343.0,280.0,12.0,39.0,710.0,911.0,40.0,6.0,34.0,20.0,17.0,470.0,981.0,736.0,938.0,551.0,7.0,15.0,23.0,8.0,15.0,6.0,191.0,7.0,1127.0,785.0,6.0,18.0,22.0,23.0,6.0,739.0,871.0,926.0,25.0,5.0,27.0,619.0,7.0,383.0,16.0,10.0,153.0,5.0,589.0,14.0,700.0,15.0,6.0,846.0,801.0,10.0,6.0,21.0,674.0,18.0,24.0,19.0,16.0,13.0,27.0,34.0,5.0,15.0,554.0,804.0,32.0,913.0,786.0,180.0,17.0,7.0,7.0,11.0,56.0,23.0,6.0,8.0,166.0,9.0,24.0,875.0,812.0,13.0,23.0,136.0,39.0,6.0,7.0,27.0,80.0,6.0,6.0,20.0,1087.0,125.0,5.0,93.0,31.0,6.0,6.0,930.0,12.0,17.0,31.0,5.0,834.0,19.0,811.0,989.0,6.0,13.0,5.0,549.0,903.0,35.0,1064.0,599.0,899.0,6.0
2993,1494.0,958.0,899.0,914.0,2.0,1322.0,815.0,3.0,1287.0,891.0,927.0,2.0,1368.0,1350.0,2.0,948.0,1100.0,2.0,1.0,2.0,1345.0,3.0,2.0,433.0,897.0,935.0,2.0,838.0,1060.0,2.0,859.0,1321.0,3.0,958.0,2.0,1428.0,1222.0,3.0,954.0,1064.0,998.0,2.0,2.0,2.0,2.0,1046.0,940.0,1482.0,1398.0,2.0,3.0,1.0,3.0,2.0,2.0,3.0,2.0,2.0,2.0,3.0,1395.0,1005.0,1323.0,3.0,2.0,2.0,967.0,6.0,3.0,2.0,2.0,3.0,1.0,2.0,2.0,1055.0,876.0,2.0,785.0,873.0,1385.0,992.0,1169.0,988.0,837.0,2.0,457.0,3.0,851.0,1476.0,846.0,902.0,2.0,1533.0,840.0,2.0,1285.0,1.0,2.0,2.0,878.0,3.0,938.0,856.0,1431.0,2.0,1001.0,953.0,920.0,3.0,2.0,1053.0,1507.0,1360.0,2.0,971.0,987.0,3.0,872.0,2.0,822.0,1211.0,1414.0,2.0,956.0,988.0,835.0,978.0
2994,34.0,35.0,35.0,26.0,34.0,40.0,25.0,29.0,27.0,36.0,30.0,30.0,33.0,28.0,39.0,34.0,41.0,26.0,28.0,21.0,25.0,30.0,28.0,27.0,31.0,35.0,27.0,28.0,29.0,35.0,36.0,30.0,32.0,36.0,41.0,35.0,31.0,28.0,34.0,34.0,30.0,31.0,35.0,29.0,27.0,32.0,27.0,25.0,33.0,32.0,36.0,30.0,29.0,23.0,39.0,31.0,28.0,40.0,28.0,27.0,33.0,33.0,27.0,25.0,30.0,34.0,22.0,30.0,30.0,28.0,28.0,34.0,25.0,36.0,25.0,32.0,31.0,26.0,38.0,30.0,24.0,25.0,26.0,28.0,40.0,34.0,26.0,28.0,35.0,29.0,37.0,36.0,25.0,33.0,32.0,38.0,26.0,25.0,26.0,28.0,23.0,29.0,35.0,31.0,26.0,33.0,26.0,46.0,26.0,25.0,38.0,33.0,31.0,29.0,31.0,34.0,28.0,28.0,27.0,29.0,29.0,26.0,28.0,26.0,37.0,36.0,29.0,36.0
3013,35.0,34.0,26.0,24.0,34.0,34.0,25.0,34.0,24.0,24.0,34.0,35.0,35.0,34.0,24.0,24.0,34.0,34.0,35.0,35.0,24.0,35.0,35.0,24.0,34.0,34.0,34.0,24.0,26.0,35.0,25.0,24.0,24.0,24.0,35.0,34.0,35.0,35.0,34.0,34.0,34.0,35.0,35.0,23.0,23.0,34.0,34.0,25.0,24.0,35.0,31.0,34.0,35.0,24.0,24.0,35.0,34.0,35.0,34.0,34.0,35.0,34.0,32.0,24.0,25.0,35.0,23.0,35.0,35.0,35.0,34.0,34.0,35.0,35.0,34.0,25.0,35.0,24.0,34.0,34.0,35.0,34.0,34.0,35.0,34.0,24.0,34.0,34.0,34.0,34.0,34.0,35.0,25.0,35.0,34.0,35.0,34.0,35.0,34.0,24.0,24.0,34.0,24.0,33.0,34.0,24.0,35.0,24.0,34.0,34.0,35.0,34.0,35.0,34.0,25.0,34.0,23.0,35.0,35.0,35.0,33.0,25.0,34.0,34.0,33.0,35.0,35.0,24.0
3017,14.0,15.0,14.0,16.0,14.0,17.0,16.0,15.0,15.0,16.0,15.0,16.0,14.0,16.0,16.0,16.0,15.0,16.0,17.0,15.0,17.0,16.0,17.0,16.0,14.0,16.0,17.0,17.0,17.0,16.0,17.0,16.0,14.0,16.0,17.0,16.0,16.0,16.0,15.0,14.0,17.0,16.0,17.0,17.0,16.0,14.0,16.0,17.0,14.0,16.0,17.0,17.0,16.0,16.0,16.0,16.0,15.0,16.0,16.0,14.0,17.0,17.0,16.0,16.0,15.0,16.0,15.0,15.0,15.0,16.0,17.0,16.0,15.0,16.0,16.0,15.0,15.0,17.0,17.0,17.0,15.0,16.0,17.0,16.0,17.0,15.0,17.0,16.0,16.0,17.0,15.0,15.0,17.0,17.0,16.0,16.0,15.0,17.0,15.0,14.0,16.0,15.0,15.0,15.0,17.0,17.0,16.0,17.0,15.0,16.0,16.0,16.0,16.0,17.0,17.0,17.0,15.0,17.0,15.0,16.0,16.0,17.0,15.0,17.0,16.0,16.0,15.0,15.0
3018,22.0,18.0,22.0,20.0,22.0,23.0,16.0,17.0,19.0,18.0,23.0,20.0,17.0,17.0,15.0,16.0,24.0,18.0,23.0,18.0,22.0,18.0,21.0,20.0,21.0,16.0,20.0,17.0,21.0,22.0,17.0,18.0,19.0,22.0,19.0,19.0,22.0,18.0,22.0,19.0,16.0,23.0,18.0,20.0,18.0,20.0,16.0,21.0,22.0,19.0,20.0,18.0,22.0,25.0,18.0,19.0,19.0,23.0,22.0,24.0,18.0,19.0,19.0,24.0,20.0,22.0,19.0,18.0,17.0,21.0,18.0,20.0,20.0,20.0,20.0,19.0,17.0,22.0,15.0,21.0,18.0,22.0,22.0,21.0,21.0,20.0,19.0,18.0,17.0,20.0,21.0,15.0,21.0,21.0,21.0,19.0,16.0,22.0,16.0,15.0,23.0,15.0,18.0,15.0,20.0,17.0,14.0,24.0,23.0,17.0,20.0,18.0,19.0,20.0,22.0,17.0,17.0,18.0,23.0,20.0,18.0,19.0,18.0,17.0,21.0,17.0,21.0,21.0
3023,49.0,50.0,62.0,31.0,26.0,68.0,45.0,45.0,54.0,59.0,68.0,44.0,64.0,52.0,35.0,38.0,37.0,58.0,60.0,65.0,52.0,49.0,38.0,59.0,61.0,57.0,45.0,72.0,58.0,56.0,24.0,144.0,39.0,61.0,134.0,41.0,32.0,61.0,54.0,68.0,75.0,45.0,43.0,73.0,56.0,37.0,43.0,69.0,57.0,37.0,40.0,56.0,62.0,33.0,49.0,60.0,56.0,68.0,46.0,28.0,151.0,74.0,47.0,44.0,43.0,39.0,126.0,43.0,41.0,57.0,34.0,48.0,30.0,71.0,39.0,50.0,59.0,39.0,45.0,44.0,75.0,52.0,48.0,37.0,63.0,55.0,50.0,52.0,67.0,59.0,126.0,64.0,59.0,46.0,47.0,51.0,78.0,84.0,53.0,59.0,73.0,69.0,59.0,55.0,72.0,44.0,69.0,60.0,37.0,68.0,30.0,48.0,58.0,71.0,138.0,41.0,33.0,53.0,45.0,59.0,27.0,87.0,53.0,39.0,42.0,53.0,60.0,45.0
3024,5.0,5.0,5.0,5.0,5.0,5.0,5.0,5.0,5.0,5.0,5.0,5.0,5.0,5.0,5.0,5.0,4.0,5.0,5.0,5.0,5.0,5.0,5.0,5.0,5.0,4.0,5.0,5.0,4.0,5.0,5.0,5.0,5.0,5.0,5.0,5.0,5.0,5.0,5.0,5.0,5.0,5.0,5.0,5.0,5.0,5.0,5.0,5.0,5.0,5.0,5.0,5.0,5.0,5.0,4.0,5.0,5.0,5.0,5.0,5.0,5.0,5.0,5.0,5.0,5.0,5.0,5.0,4.0,5.0,5.0,5.0,5.0,5.0,5.0,5.0,5.0,5.0,5.0,5.0,5.0,5.0,5.0,5.0,5.0,5.0,5.0,5.0,5.0,5.0,5.0,5.0,5.0,5.0,5.0,5.0,5.0,4.0,5.0,5.0,5.0,5.0,5.0,5.0,5.0,5.0,5.0,5.0,5.0,5.0,5.0,5.0,5.0,5.0,5.0,5.0,5.0,5.0,5.0,5.0,5.0,5.0,5.0,5.0,5.0,4.0,5.0,4.0,5.0
3025,9.0,8.0,8.0,9.0,9.0,8.0,8.0,9.0,8.0,7.0,9.0,7.0,7.0,7.0,9.0,10.0,8.0,9.0,7.0,9.0,7.0,8.0,8.0,8.0,7.0,8.0,9.0,8.0,8.0,7.0,7.0,7.0,7.0,7.0,9.0,9.0,8.0,7.0,9.0,7.0,9.0,9.0,8.0,8.0,7.0,9.0,8.0,9.0,9.0,8.0,9.0,8.0,7.0,7.0,7.0,8.0,8.0,7.0,8.0,7.0,8.0,9.0,9.0,7.0,8.0,8.0,9.0,9.0,8.0,7.0,8.0,9.0,8.0,9.0,8.0,7.0,9.0,7.0,9.0,7.0,7.0,7.0,7.0,9.0,9.0,10.0,8.0,8.0,8.0,8.0,8.0,8.0,8.0,9.0,8.0,8.0,7.0,8.0,7.0,8.0,8.0,9.0,8.0,9.0,8.0,9.0,7.0,10.0,8.0,7.0,9.0,9.0,7.0,7.0,9.0,9.0,9.0,8.0,8.0,9.0,9.0,8.0,8.0,8.0,9.0,7.0,9.0,9.0
3032,30.0,30.0,30.0,29.0,32.0,29.0,25.0,27.0,30.0,34.0,33.0,27.0,28.0,27.0,28.0,28.0,30.0,28.0,31.0,27.0,30.0,29.0,29.0,30.0,29.0,25.0,31.0,28.0,30.0,30.0,28.0,24.0,31.0,29.0,26.0,26.0,26.0,30.0,32.0,32.0,30.0,26.0,30.0,28.0,28.0,30.0,24.0,29.0,34.0,28.0,26.0,28.0,31.0,34.0,30.0,28.0,30.0,31.0,28.0,29.0,27.0,26.0,27.0,30.0,28.0,26.0,28.0,32.0,32.0,30.0,31.0,27.0,31.0,27.0,29.0,25.0,32.0,31.0,26.0,32.0,27.0,32.0,30.0,29.0,31.0,31.0,30.0,29.0,28.0,27.0,27.0,25.0,28.0,28.0,29.0,28.0,28.0,30.0,31.0,27.0,30.0,26.0,27.0,26.0,33.0,27.0,29.0,28.0,30.0,30.0,27.0,27.0,31.0,28.0,34.0,28.0,29.0,31.0,30.0,30.0,30.0,27.0,29.0,27.0,32.0,29.0,28.0,31.0
3033,17.0,14.0,11.0,13.0,9.0,10.0,11.0,7.0,15.0,8.0,11.0,9.0,13.0,7.0,23.0,12.0,17.0,18.0,13.0,14.0,16.0,5.0,7.0,5.0,16.0,9.0,22.0,10.0,15.0,16.0,8.0,6.0,12.0,18.0,18.0,22.0,5.0,13.0,17.0,18.0,24.0,10.0,14.0,18.0,14.0,20.0,8.0,12.0,10.0,15.0,15.0,19.0,20.0,8.0,14.0,10.0,12.0,5.0,7.0,6.0,9.0,6.0,13.0,11.0,8.0,13.0,23.0,9.0,17.0,12.0,11.0,14.0,7.0,13.0,14.0,11.0,16.0,8.0,10.0,6.0,11.0,19.0,24.0,9.0,8.0,14.0,13.0,12.0,6.0,7.0,9.0,8.0,22.0,22.0,14.0,20.0,12.0,8.0,16.0,6.0,6.0,9.0,5.0,6.0,6.0,15.0,13.0,21.0,16.0,17.0,6.0,11.0,9.0,9.0,20.0,11.0,5.0,24.0,11.0,5.0,12.0,10.0,14.0,8.0,19.0,16.0,15.0,5.0
3036,27.0,6.0,24.0,29.0,18.0,28.0,11.0,32.0,35.0,17.0,28.0,12.0,11.0,32.0,22.0,26.0,26.0,109.0,9.0,34.0,22.0,11.0,6.0,28.0,11.0,27.0,20.0,27.0,18.0,31.0,9.0,34.0,22.0,6.0,33.0,40.0,8.0,68.0,55.0,20.0,30.0,8.0,29.0,25.0,103.0,44.0,23.0,69.0,58.0,29.0,57.0,17.0,60.0,61.0,67.0,9.0,45.0,22.0,15.0,32.0,59.0,32.0,56.0,23.0,19.0,34.0,59.0,45.0,38.0,358.0,10.0,27.0,24.0,24.0,53.0,19.0,20.0,6.0,25.0,36.0,22.0,43.0,8.0,23.0,54.0,40.0,6.0,39.0,105.0,35.0,30.0,36.0,34.0,42.0,61.0,19.0,30.0,37.0,10.0,753.0,31.0,5.0,41.0,32.0,32.0,38.0,6.0,8.0,30.0,6.0,26.0,27.0,7.0,34.0,22.0,47.0,24.0,20.0,24.0,10.0,23.0,23.0,8.0,42.0,30.0,120.0,5.0,25.0
3049,96.0,93.0,82.0,99.0,86.0,88.0,82.0,96.0,79.0,100.0,82.0,112.0,83.0,102.0,96.0,97.0,81.0,92.0,110.0,89.0,79.0,98.0,82.0,91.0,90.0,89.0,92.0,112.0,94.0,91.0,85.0,85.0,85.0,95.0,87.0,87.0,81.0,142.0,103.0,85.0,91.0,97.0,83.0,103.0,91.0,91.0,95.0,95.0,100.0,90.0,113.0,93.0,81.0,82.0,89.0,97.0,80.0,86.0,87.0,76.0,106.0,91.0,87.0,84.0,93.0,89.0,106.0,94.0,128.0,106.0,95.0,69.0,87.0,90.0,91.0,82.0,82.0,103.0,111.0,103.0,93.0,96.0,83.0,88.0,87.0,96.0,104.0,83.0,93.0,88.0,96.0,93.0,105.0,104.0,90.0,72.0,90.0,95.0,100.0,100.0,83.0,88.0,105.0,88.0,92.0,114.0,92.0,114.0,95.0,101.0,101.0,84.0,90.0,83.0,91.0,93.0,109.0,101.0,65.0,94.0,81.0,76.0,86.0,82.0,123.0,114.0,88.0,96.0
3051,24.0,24.0,26.0,26.0,26.0,24.0,24.0,24.0,25.0,26.0,25.0,24.0,23.0,24.0,24.0,25.0,24.0,25.0,25.0,22.0,24.0,24.0,24.0,25.0,24.0,27.0,29.0,25.0,24.0,26.0,24.0,26.0,23.0,25.0,25.0,24.0,25.0,25.0,26.0,27.0,27.0,25.0,25.0,23.0,26.0,26.0,26.0,25.0,24.0,24.0,25.0,25.0,24.0,25.0,25.0,24.0,22.0,26.0,24.0,25.0,24.0,27.0,22.0,27.0,25.0,21.0,25.0,24.0,28.0,26.0,25.0,24.0,24.0,24.0,27.0,25.0,27.0,24.0,24.0,24.0,25.0,24.0,24.0,25.0,24.0,25.0,26.0,27.0,24.0,25.0,25.0,25.0,24.0,23.0,24.0,25.0,25.0,28.0,24.0,26.0,26.0,24.0,26.0,24.0,24.0,22.0,24.0,25.0,24.0,25.0,25.0,24.0,24.0,25.0,24.0,26.0,24.0,25.0,28.0,24.0,25.0,24.0,24.0,26.0,24.0,25.0,25.0,26.0
3058,15.0,17.0,16.0,16.0,14.0,14.0,13.0,14.0,15.0,15.0,16.0,14.0,14.0,14.0,15.0,15.0,16.0,13.0,16.0,15.0,15.0,14.0,17.0,13.0,17.0,12.0,15.0,13.0,16.0,18.0,15.0,12.0,16.0,15.0,15.0,14.0,14.0,15.0,17.0,17.0,13.0,15.0,14.0,14.0,14.0,14.0,12.0,13.0,18.0,17.0,14.0,14.0,14.0,18.0,15.0,13.0,14.0,15.0,16.0,13.0,13.0,12.0,16.0,14.0,15.0,14.0,15.0,15.0,15.0,16.0,16.0,17.0,13.0,14.0,14.0,13.0,12.0,16.0,13.0,16.0,13.0,15.0,16.0,14.0,15.0,15.0,15.0,15.0,15.0,15.0,14.0,14.0,14.0,15.0,14.0,14.0,15.0,14.0,15.0,14.0,14.0,14.0,13.0,14.0,16.0,16.0,14.0,14.0,18.0,14.0,14.0,14.0,14.0,12.0,16.0,15.0,14.0,12.0,14.0,18.0,15.0,15.0,14.0,15.0,16.0,17.0,15.0,16.0
3064,6.0,5.0,5.0,4.0,4.0,5.0,4.0,7.0,5.0,4.0,5.0,4.0,4.0,5.0,6.0,6.0,4.0,6.0,7.0,4.0,5.0,6.0,5.0,5.0,5.0,5.0,7.0,5.0,5.0,4.0,5.0,4.0,6.0,5.0,5.0,4.0,5.0,6.0,4.0,4.0,4.0,4.0,7.0,7.0,4.0,4.0,4.0,4.0,5.0,4.0,4.0,4.0,5.0,4.0,5.0,6.0,6.0,4.0,4.0,7.0,5.0,5.0,5.0,5.0,5.0,4.0,5.0,5.0,6.0,4.0,4.0,5.0,4.0,4.0,4.0,6.0,6.0,4.0,6.0,5.0,5.0,5.0,7.0,5.0,5.0,5.0,4.0,6.0,4.0,5.0,4.0,6.0,5.0,5.0,4.0,6.0,5.0,7.0,4.0,6.0,4.0,4.0,4.0,4.0,5.0,5.0,4.0,4.0,5.0,4.0,5.0,5.0,7.0,4.0,4.0,4.0,6.0,4.0,4.0,6.0,6.0,5.0,5.0,6.0,5.0,4.0,5.0,4.0
3068,27.0,31.0,27.0,25.0,29.0,35.0,25.0,23.0,28.0,38.0,25.0,27.0,35.0,26.0,25.0,35.0,31.0,24.0,30.0,23.0,24.0,25.0,25.0,34.0,36.0,39.0,30.0,28.0,33.0,29.0,32.0,28.0,26.0,24.0,35.0,30.0,29.0,27.0,26.0,25.0,25.0,25.0,27.0,32.0,33.0,29.0,25.0,30.0,32.0,28.0,28.0,29.0,30.0,30.0,25.0,35.0,34.0,24.0,31.0,24.0,30.0,28.0,24.0,25.0,34.0,29.0,29.0,26.0,25.0,33.0,27.0,31.0,25.0,36.0,33.0,27.0,27.0,32.0,33.0,27.0,26.0,26.0,34.0,26.0,29.0,23.0,27.0,30.0,33.0,26.0,27.0,29.0,24.0,30.0,29.0,33.0,26.0,25.0,31.0,24.0,31.0,32.0,29.0,31.0,23.0,28.0,26.0,33.0,24.0,24.0,28.0,36.0,38.0,25.0,25.0,31.0,31.0,26.0,26.0,24.0,30.0,28.0,25.0,26.0,27.0,37.0,29.0,29.0
3069,5.0,7.0,8.0,6.0,7.0,6.0,6.0,5.0,5.0,7.0,8.0,10.0,8.0,54.0,5.0,6.0,6.0,6.0,5.0,6.0,6.0,12.0,6.0,5.0,9.0,6.0,34.0,6.0,5.0,8.0,6.0,6.0,13.0,7.0,26.0,4.0,5.0,5.0,5.0,5.0,6.0,5.0,6.0,5.0,6.0,10.0,11.0,5.0,5.0,7.0,5.0,6.0,7.0,7.0,5.0,7.0,10.0,7.0,6.0,8.0,9.0,7.0,12.0,7.0,14.0,13.0,5.0,7.0,10.0,10.0,6.0,8.0,7.0,84.0,31.0,6.0,5.0,7.0,7.0,5.0,7.0,5.0,42.0,5.0,5.0,5.0,7.0,14.0,5.0,5.0,10.0,12.0,5.0,8.0,7.0,5.0,5.0,5.0,11.0,8.0,7.0,9.0,76.0,7.0,6.0,7.0,5.0,7.0,71.0,7.0,7.0,8.0,7.0,7.0,6.0,6.0,8.0,5.0,6.0,5.0,7.0,51.0,5.0,5.0,6.0,6.0,6.0,5.0
3071,37.0,34.0,35.0,34.0,36.0,33.0,33.0,32.0,36.0,37.0,37.0,35.0,31.0,33.0,36.0,35.0,33.0,34.0,35.0,33.0,36.0,35.0,37.0,34.0,32.0,29.0,35.0,32.0,36.0,34.0,33.0,33.0,37.0,37.0,31.0,30.0,30.0,34.0,36.0,39.0,36.0,34.0,38.0,31.0,32.0,35.0,32.0,32.0,36.0,36.0,32.0,32.0,34.0,37.0,36.0,33.0,35.0,36.0,36.0,31.0,35.0,29.0,37.0,34.0,33.0,35.0,36.0,35.0,34.0,34.0,36.0,34.0,37.0,31.0,33.0,31.0,34.0,36.0,34.0,36.0,33.0,33.0,33.0,32.0,34.0,33.0,32.0,35.0,35.0,33.0,34.0,34.0,34.0,36.0,31.0,34.0,33.0,34.0,35.0,32.0,35.0,33.0,33.0,30.0,37.0,31.0,33.0,35.0,35.0,34.0,32.0,34.0,38.0,34.0,37.0,32.0,30.0,34.0,32.0,36.0,34.0,32.0,31.0,36.0,38.0,32.0,32.0,32.0
3077,17.0,5.0,7.0,13.0,5.0,18.0,16.0,21.0,18.0,8.0,11.0,27.0,5.0,11.0,5.0,25.0,5.0,19.0,14.0,10.0,18.0,11.0,12.0,5.0,16.0,9.0,7.0,10.0,19.0,8.0,9.0,17.0,15.0,5.0,17.0,12.0,6.0,6.0,5.0,6.0,5.0,7.0,10.0,11.0,7.0,20.0,5.0,15.0,14.0,15.0,7.0,18.0,18.0,18.0,12.0,8.0,5.0,16.0,30.0,8.0,13.0,5.0,12.0,17.0,11.0,16.0,19.0,11.0,6.0,10.0,11.0,5.0,6.0,16.0,22.0,11.0,8.0,14.0,19.0,31.0,13.0,11.0,5.0,17.0,6.0,5.0,8.0,16.0,14.0,13.0,9.0,11.0,11.0,7.0,14.0,18.0,15.0,8.0,11.0,7.0,13.0,13.0,14.0,8.0,28.0,6.0,16.0,20.0,5.0,5.0,6.0,5.0,10.0,12.0,11.0,26.0,16.0,17.0,11.0,18.0,6.0,16.0,27.0,11.0,13.0,6.0,5.0,11.0
3086,3.0,3.0,3.0,3.0,3.0,3.0,3.0,3.0,3.0,3.0,3.0,3.0,3.0,3.0,3.0,3.0,3.0,3.0,3.0,3.0,3.0,3.0,3.0,3.0,3.0,3.0,3.0,3.0,3.0,3.0,3.0,3.0,3.0,3.0,3.0,3.0,3.0,3.0,3.0,3.0,3.0,2.0,3.0,3.0,3.0,3.0,3.0,3.0,3.0,3.0,3.0,3.0,3.0,3.0,3.0,3.0,3.0,3.0,3.0,3.0,3.0,3.0,3.0,3.0,3.0,3.0,3.0,3.0,3.0,3.0,3.0,3.0,3.0,3.0,3.0,3.0,3.0,3.0,3.0,3.0,3.0,3.0,3.0,3.0,3.0,3.0,3.0,3.0,3.0,3.0,3.0,3.0,3.0,3.0,3.0,3.0,3.0,3.0,3.0,3.0,3.0,3.0,3.0,3.0,3.0,3.0,3.0,3.0,3.0,3.0,3.0,3.0,3.0,3.0,3.0,3.0,4.0,3.0,3.0,3.0,3.0,3.0,3.0,3.0,3.0,3.0,3.0,3.0
3094,35.0,34.0,25.0,23.0,34.0,34.0,24.0,34.0,24.0,24.0,34.0,35.0,35.0,34.0,24.0,24.0,34.0,34.0,35.0,35.0,24.0,35.0,35.0,24.0,34.0,34.0,34.0,24.0,26.0,35.0,24.0,24.0,24.0,24.0,35.0,34.0,35.0,35.0,34.0,34.0,34.0,35.0,35.0,23.0,23.0,34.0,34.0,24.0,24.0,35.0,25.0,34.0,35.0,24.0,23.0,35.0,34.0,35.0,34.0,34.0,35.0,34.0,26.0,23.0,25.0,35.0,23.0,35.0,35.0,35.0,34.0,25.0,35.0,35.0,34.0,25.0,35.0,24.0,25.0,34.0,35.0,34.0,34.0,35.0,34.0,24.0,34.0,24.0,34.0,34.0,34.0,35.0,24.0,35.0,34.0,35.0,34.0,35.0,34.0,24.0,24.0,34.0,24.0,24.0,34.0,24.0,35.0,24.0,34.0,24.0,34.0,34.0,35.0,25.0,25.0,34.0,23.0,35.0,35.0,35.0,33.0,24.0,34.0,34.0,25.0,35.0,35.0,24.0
3095,119.0,84.0,75.0,69.0,65.0,60.0,65.0,66.0,80.0,79.0,111.0,103.0,66.0,64.0,76.0,78.0,59.0,105.0,55.0,71.0,68.0,75.0,112.0,68.0,67.0,71.0,66.0,71.0,70.0,93.0,64.0,120.0,66.0,68.0,95.0,70.0,101.0,70.0,77.0,112.0,106.0,73.0,63.0,107.0,66.0,69.0,64.0,74.0,57.0,96.0,63.0,82.0,88.0,61.0,102.0,74.0,61.0,102.0,81.0,104.0,65.0,74.0,70.0,74.0,60.0,73.0,72.0,68.0,95.0,76.0,71.0,98.0,112.0,78.0,59.0,70.0,80.0,79.0,78.0,85.0,69.0,71.0,72.0,108.0,81.0,56.0,62.0,70.0,71.0,68.0,67.0,77.0,73.0,76.0,65.0,68.0,76.0,78.0,113.0,74.0,78.0,76.0,77.0,69.0,74.0,80.0,61.0,92.0,76.0,66.0,68.0,114.0,96.0,67.0,73.0,71.0,67.0,80.0,71.0,58.0,62.0,93.0,86.0,67.0,114.0,62.0,112.0,67.0
3101,28.0,27.0,26.0,26.0,28.0,25.0,25.0,26.0,23.0,30.0,30.0,25.0,26.0,25.0,25.0,27.0,30.0,25.0,26.0,28.0,32.0,28.0,26.0,25.0,26.0,23.0,29.0,26.0,26.0,29.0,24.0,26.0,28.0,26.0,26.0,28.0,23.0,29.0,28.0,27.0,27.0,28.0,26.0,27.0,25.0,27.0,22.0,27.0,29.0,27.0,27.0,26.0,26.0,30.0,30.0,24.0,27.0,29.0,27.0,27.0,25.0,25.0,26.0,28.0,27.0,28.0,24.0,29.0,30.0,26.0,25.0,27.0,27.0,26.0,27.0,26.0,26.0,28.0,23.0,28.0,24.0,30.0,27.0,27.0,30.0,29.0,27.0,27.0,28.0,26.0,28.0,25.0,26.0,28.0,25.0,30.0,28.0,28.0,28.0,27.0,25.0,27.0,27.0,23.0,28.0,25.0,23.0,29.0,27.0,26.0,25.0,24.0,29.0,29.0,34.0,26.0,27.0,25.0,29.0,29.0,27.0,26.0,23.0,26.0,30.0,25.0,26.0,26.0
3104,35.0,35.0,34.0,26.0,35.0,34.0,35.0,34.0,25.0,31.0,34.0,35.0,35.0,34.0,26.0,34.0,34.0,35.0,35.0,35.0,24.0,35.0,35.0,35.0,34.0,34.0,34.0,34.0,34.0,35.0,34.0,35.0,25.0,34.0,35.0,34.0,35.0,35.0,34.0,34.0,34.0,35.0,35.0,24.0,24.0,34.0,34.0,34.0,35.0,35.0,34.0,34.0,35.0,31.0,35.0,35.0,34.0,35.0,34.0,35.0,35.0,34.0,33.0,34.0,35.0,35.0,34.0,35.0,35.0,35.0,35.0,35.0,35.0,35.0,34.0,34.0,35.0,25.0,34.0,34.0,35.0,34.0,35.0,35.0,34.0,24.0,34.0,34.0,34.0,34.0,34.0,35.0,34.0,35.0,34.0,35.0,34.0,35.0,35.0,25.0,34.0,35.0,27.0,33.0,34.0,35.0,35.0,34.0,35.0,34.0,35.0,34.0,35.0,35.0,35.0,34.0,34.0,35.0,35.0,35.0,33.0,34.0,34.0,34.0,34.0,35.0,35.0,35.0
3106,27.0,25.0,24.0,25.0,26.0,24.0,24.0,25.0,22.0,27.0,28.0,27.0,27.0,24.0,25.0,27.0,28.0,23.0,27.0,27.0,27.0,27.0,27.0,25.0,24.0,25.0,27.0,27.0,29.0,25.0,23.0,22.0,24.0,24.0,26.0,25.0,25.0,27.0,27.0,27.0,27.0,22.0,25.0,25.0,27.0,25.0,21.0,25.0,28.0,26.0,27.0,26.0,26.0,27.0,27.0,24.0,26.0,27.0,26.0,28.0,22.0,24.0,26.0,27.0,26.0,24.0,27.0,28.0,24.0,27.0,25.0,27.0,26.0,21.0,27.0,25.0,22.0,26.0,24.0,27.0,25.0,27.0,26.0,26.0,26.0,26.0,27.0,26.0,27.0,24.0,27.0,24.0,26.0,26.0,25.0,28.0,23.0,25.0,27.0,27.0,25.0,26.0,22.0,24.0,26.0,23.0,24.0,27.0,26.0,26.0,26.0,24.0,27.0,27.0,26.0,25.0,24.0,27.0,26.0,27.0,24.0,22.0,27.0,28.0,28.0,26.0,27.0,26.0
3108,136.0,108.0,66.0,93.0,28.0,37.0,71.0,65.0,82.0,79.0,91.0,126.0,63.0,75.0,27.0,61.0,44.0,90.0,69.0,91.0,127.0,74.0,95.0,39.0,28.0,64.0,65.0,77.0,39.0,57.0,69.0,139.0,105.0,26.0,126.0,78.0,71.0,56.0,124.0,65.0,66.0,116.0,96.0,143.0,63.0,34.0,33.0,78.0,73.0,72.0,82.0,91.0,23.0,40.0,117.0,36.0,24.0,65.0,79.0,59.0,80.0,58.0,41.0,28.0,40.0,82.0,76.0,35.0,65.0,106.0,104.0,125.0,143.0,28.0,51.0,33.0,96.0,84.0,80.0,82.0,71.0,65.0,61.0,105.0,64.0,82.0,78.0,37.0,30.0,32.0,64.0,91.0,75.0,53.0,37.0,86.0,59.0,72.0,91.0,75.0,80.0,102.0,21.0,90.0,92.0,36.0,40.0,105.0,73.0,79.0,90.0,102.0,122.0,22.0,58.0,27.0,31.0,31.0,134.0,32.0,69.0,115.0,91.0,30.0,107.0,50.0,76.0,76.0
3113,17.0,17.0,17.0,17.0,17.0,17.0,17.0,17.0,17.0,17.0,17.0,17.0,17.0,17.0,17.0,17.0,17.0,17.0,17.0,17.0,17.0,17.0,17.0,17.0,17.0,17.0,17.0,17.0,17.0,17.0,17.0,17.0,17.0,17.0,17.0,17.0,17.0,17.0,17.0,17.0,17.0,17.0,17.0,17.0,17.0,16.0,17.0,17.0,17.0,17.0,17.0,17.0,17.0,17.0,17.0,17.0,17.0,17.0,17.0,17.0,17.0,17.0,16.0,17.0,17.0,17.0,17.0,17.0,17.0,17.0,17.0,17.0,17.0,17.0,17.0,17.0,17.0,17.0,17.0,17.0,17.0,17.0,17.0,17.0,17.0,17.0,17.0,17.0,17.0,17.0,17.0,17.0,17.0,17.0,17.0,17.0,17.0,17.0,17.0,17.0,16.0,17.0,17.0,16.0,17.0,17.0,17.0,17.0,17.0,17.0,17.0,17.0,17.0,17.0,17.0,17.0,17.0,17.0,17.0,17.0,16.0,17.0,17.0,17.0,17.0,17.0,17.0,17.0
3119,7.0,770.0,11.0,7.0,659.0,9.0,611.0,536.0,197.0,11.0,12.0,10.0,10.0,788.0,11.0,8.0,7.0,99.0,7.0,679.0,16.0,22.0,5.0,8.0,20.0,9.0,9.0,7.0,368.0,22.0,31.0,8.0,541.0,860.0,529.0,8.0,36.0,718.0,7.0,23.0,29.0,20.0,14.0,819.0,874.0,134.0,18.0,7.0,7.0,12.0,11.0,612.0,8.0,7.0,439.0,22.0,7.0,13.0,135.0,11.0,7.0,8.0,11.0,8.0,10.0,7.0,10.0,10.0,8.0,27.0,455.0,28.0,795.0,19.0,25.0,7.0,614.0,774.0,10.0,659.0,929.0,11.0,1030.0,432.0,8.0,9.0,7.0,8.0,11.0,740.0,11.0,477.0,7.0,5.0,621.0,1036.0,844.0,22.0,40.0,11.0,11.0,8.0,11.0,621.0,6.0,5.0,10.0,16.0,7.0,10.0,11.0,29.0,749.0,12.0,61.0,26.0,622.0,8.0,7.0,83.0,35.0,9.0,719.0,7.0,823.0,8.0,45.0,29.0
3125,1277.0,1112.0,1.0,1296.0,1.0,1.0,1595.0,1242.0,1.0,1.0,1132.0,1.0,1.0,1319.0,1241.0,1239.0,1.0,1262.0,1374.0,1388.0,1.0,1.0,1.0,1501.0,1.0,1.0,1323.0,1547.0,1249.0,1.0,1320.0,1469.0,1.0,1.0,1253.0,1427.0,1239.0,1655.0,1511.0,1.0,1263.0,1.0,1.0,1316.0,1.0,1387.0,1337.0,1341.0,1339.0,1.0,1259.0,1.0,1597.0,1.0,1242.0,1353.0,1240.0,1.0,1.0,1619.0,1161.0,1298.0,1.0,1.0,1281.0,1310.0,1315.0,1.0,1.0,1689.0,1271.0,1337.0,1290.0,1287.0,1308.0,1327.0,1366.0,1578.0,1617.0,1.0,1.0,1.0,1.0,1.0,1.0,1.0,1215.0,1691.0,1.0,1379.0,1.0,1338.0,1339.0,1308.0,1626.0,1387.0,1.0,1.0,1.0,1.0,1.0,1.0,1679.0,1270.0,1291.0,1.0,1.0,1.0,1.0,1.0,1245.0,1.0,1632.0,1243.0,1273.0,1.0,1281.0,1.0,1.0,1607.0,1357.0,1.0,1.0,1.0,1273.0,1.0,1273.0,1.0
3126,114.0,83.0,107.0,78.0,103.0,109.0,94.0,126.0,72.0,100.0,131.0,101.0,132.0,111.0,83.0,101.0,91.0,82.0,126.0,81.0,82.0,107.0,98.0,88.0,86.0,64.0,102.0,93.0,134.0,106.0,101.0,137.0,89.0,98.0,95.0,64.0,74.0,99.0,63.0,60.0,134.0,100.0,83.0,114.0,115.0,79.0,108.0,60.0,89.0,94.0,95.0,116.0,110.0,86.0,99.0,83.0,109.0,118.0,80.0,108.0,72.0,91.0,86.0,77.0,126.0,118.0,87.0,128.0,48.0,102.0,108.0,84.0,56.0,85.0,82.0,111.0,79.0,98.0,82.0,84.0,88.0,80.0,86.0,114.0,95.0,83.0,133.0,95.0,67.0,81.0,75.0,59.0,76.0,116.0,69.0,117.0,102.0,120.0,80.0,71.0,66.0,78.0,93.0,61.0,85.0,149.0,63.0,99.0,146.0,107.0,107.0,91.0,97.0,95.0,67.0,101.0,143.0,95.0,98.0,84.0,64.0,90.0,134.0,108.0,168.0,120.0,124.0,85.0
3129,17.0,5.0,553.0,15.0,5.0,22.0,15.0,10.0,17.0,5.0,8.0,18.0,17.0,20.0,5.0,5.0,32.0,76.0,9.0,16.0,22.0,14.0,10.0,5.0,17.0,51.0,6.0,17.0,14.0,18.0,20.0,9.0,23.0,18.0,129.0,20.0,5.0,44.0,5.0,5.0,19.0,17.0,18.0,20.0,17.0,39.0,33.0,36.0,27.0,13.0,7.0,25.0,32.0,19.0,15.0,8.0,8.0,11.0,16.0,19.0,21.0,26.0,5.0,50.0,5.0,403.0,17.0,18.0,18.0,24.0,28.0,5.0,18.0,26.0,19.0,16.0,7.0,18.0,28.0,14.0,5.0,47.0,22.0,10.0,23.0,7.0,9.0,23.0,5.0,14.0,37.0,5.0,11.0,17.0,17.0,5.0,12.0,5.0,5.0,7.0,18.0,5.0,24.0,22.0,20.0,14.0,5.0,24.0,25.0,13.0,23.0,22.0,5.0,44.0,25.0,14.0,15.0,5.0,5.0,17.0,16.0,18.0,9.0,17.0,16.0,25.0,19.0,99.0
3132,1467.0,1328.0,1510.0,1478.0,1040.0,1.0,1680.0,1.0,1.0,2.0,1490.0,1.0,1.0,1478.0,1144.0,1.0,1.0,1.0,1605.0,1486.0,517.0,1.0,1546.0,1636.0,1460.0,1.0,1539.0,1549.0,1234.0,1475.0,1.0,1479.0,1492.0,1362.0,1474.0,1.0,1.0,1504.0,1485.0,1819.0,1.0,1479.0,1.0,1134.0,1431.0,2.0,1425.0,1.0,1800.0,2.0,1.0,1487.0,1.0,1514.0,1405.0,1.0,1192.0,1510.0,2.0,1.0,1.0,1407.0,1.0,1836.0,2.0,1759.0,2.0,1.0,1.0,2.0,1562.0,1503.0,1606.0,2.0,1547.0,1.0,1497.0,1.0,1267.0,1.0,1.0,2.0,2.0,1467.0,1.0,1169.0,1.0,2.0,1478.0,1163.0,1.0,1487.0,1542.0,1.0,1410.0,2.0,1625.0,1525.0,1.0,1369.0,1496.0,1773.0,1554.0,1.0,1.0,1.0,1.0,2.0,1466.0,2.0,2.0,1461.0,1.0,1435.0,1.0,1590.0,1243.0,1396.0,2.0,2.0,1407.0,1532.0,1476.0,1490.0,1602.0,1.0,1623.0,1456.0
3133,523.0,23.0,28.0,30.0,731.0,767.0,37.0,639.0,56.0,820.0,41.0,13.0,562.0,630.0,41.0,833.0,575.0,1013.0,795.0,831.0,34.0,36.0,32.0,736.0,779.0,19.0,41.0,7.0,905.0,806.0,19.0,811.0,816.0,1002.0,31.0,39.0,48.0,952.0,53.0,365.0,21.0,690.0,983.0,945.0,754.0,597.0,622.0,883.0,39.0,42.0,930.0,40.0,692.0,26.0,804.0,34.0,985.0,690.0,31.0,59.0,24.0,769.0,12.0,771.0,45.0,359.0,879.0,44.0,762.0,695.0,42.0,748.0,46.0,37.0,56.0,922.0,32.0,20.0,600.0,19.0,46.0,34.0,35.0,681.0,13.0,544.0,598.0,39.0,704.0,36.0,628.0,36.0,610.0,46.0,48.0,44.0,832.0,57.0,40.0,519.0,866.0,14.0,508.0,28.0,814.0,669.0,813.0,48.0,54.0,47.0,39.0,589.0,11.0,679.0,29.0,19.0,717.0,44.0,32.0,813.0,673.0,35.0,10.0,750.0,44.0,42.0,677.0,556.0
3134,11.0,11.0,11.0,11.0,11.0,11.0,11.0,11.0,11.0,11.0,11.0,11.0,11.0,11.0,11.0,11.0,11.0,11.0,11.0,11.0,11.0,11.0,11.0,11.0,11.0,11.0,11.0,11.0,11.0,11.0,11.0,11.0,11.0,11.0,11.0,11.0,11.0,11.0,11.0,11.0,11.0,11.0,11.0,11.0,11.0,11.0,11.0,11.0,11.0,11.0,11.0,11.0,11.0,11.0,11.0,11.0,11.0,11.0,11.0,11.0,11.0,11.0,11.0,11.0,11.0,11.0,11.0,11.0,11.0,11.0,11.0,11.0,11.0,11.0,11.0,11.0,11.0,11.0,11.0,11.0,11.0,11.0,11.0,11.0,11.0,11.0,11.0,11.0,11.0,11.0,11.0,11.0,11.0,11.0,11.0,11.0,11.0,11.0,11.0,11.0,11.0,11.0,11.0,11.0,11.0,11.0,11.0,11.0,11.0,11.0,11.0,11.0,11.0,11.0,11.0,11.0,11.0,11.0,11.0,11.0,11.0,11.0,11.0,11.0,11.0,11.0,11.0,11.0
3142,3.0,3.0,3.0,3.0,3.0,3.0,3.0,3.0,3.0,3.0,3.0,3.0,3.0,3.0,3.0,4.0,3.0,3.0,3.0,3.0,3.0,3.0,3.0,3.0,3.0,3.0,3.0,3.0,3.0,3.0,3.0,3.0,3.0,3.0,3.0,3.0,3.0,3.0,3.0,3.0,3.0,3.0,3.0,3.0,3.0,3.0,3.0,3.0,3.0,3.0,3.0,3.0,3.0,3.0,3.0,3.0,3.0,3.0,3.0,3.0,3.0,3.0,3.0,3.0,3.0,3.0,3.0,3.0,3.0,3.0,3.0,3.0,3.0,3.0,3.0,3.0,3.0,3.0,3.0,3.0,3.0,3.0,3.0,3.0,3.0,3.0,3.0,3.0,3.0,3.0,3.0,3.0,3.0,3.0,3.0,3.0,3.0,3.0,3.0,3.0,3.0,3.0,3.0,3.0,3.0,3.0,3.0,3.0,3.0,3.0,3.0,3.0,3.0,3.0,3.0,3.0,3.0,3.0,3.0,3.0,3.0,3.0,3.0,3.0,3.0,3.0,3.0,3.0
3143,44.0,38.0,54.0,18.0,29.0,38.0,32.0,628.0,36.0,691.0,39.0,14.0,567.0,639.0,40.0,48.0,24.0,921.0,667.0,800.0,38.0,754.0,18.0,714.0,644.0,11.0,22.0,7.0,836.0,682.0,35.0,797.0,25.0,900.0,22.0,616.0,32.0,895.0,37.0,735.0,15.0,46.0,39.0,929.0,691.0,34.0,668.0,811.0,790.0,958.0,475.0,38.0,46.0,12.0,76.0,23.0,658.0,39.0,785.0,44.0,40.0,41.0,945.0,757.0,45.0,605.0,45.0,29.0,686.0,44.0,27.0,709.0,37.0,650.0,938.0,707.0,15.0,60.0,38.0,9.0,35.0,16.0,26.0,648.0,27.0,34.0,41.0,15.0,47.0,31.0,27.0,29.0,639.0,43.0,36.0,40.0,947.0,40.0,31.0,19.0,796.0,46.0,42.0,908.0,38.0,50.0,883.0,42.0,45.0,49.0,27.0,600.0,26.0,40.0,35.0,30.0,673.0,934.0,18.0,616.0,51.0,615.0,31.0,700.0,32.0,36.0,47.0,547.0
3147,35.0,34.0,25.0,23.0,34.0,34.0,24.0,34.0,24.0,24.0,33.0,35.0,35.0,34.0,24.0,24.0,34.0,33.0,35.0,35.0,24.0,35.0,35.0,24.0,34.0,34.0,34.0,24.0,26.0,35.0,24.0,24.0,24.0,24.0,35.0,34.0,35.0,35.0,34.0,34.0,34.0,35.0,35.0,23.0,23.0,34.0,34.0,24.0,24.0,35.0,25.0,34.0,35.0,24.0,23.0,35.0,34.0,35.0,34.0,34.0,35.0,34.0,26.0,23.0,25.0,35.0,23.0,35.0,35.0,35.0,34.0,25.0,35.0,35.0,34.0,25.0,35.0,24.0,25.0,34.0,35.0,34.0,34.0,35.0,34.0,23.0,34.0,24.0,34.0,34.0,34.0,35.0,24.0,35.0,34.0,35.0,34.0,35.0,34.0,24.0,24.0,34.0,24.0,24.0,34.0,24.0,35.0,24.0,34.0,24.0,34.0,34.0,35.0,24.0,24.0,33.0,23.0,35.0,35.0,35.0,33.0,24.0,34.0,34.0,25.0,35.0,35.0,24.0
3149,19.0,24.0,20.0,18.0,20.0,20.0,17.0,17.0,20.0,18.0,21.0,20.0,19.0,18.0,17.0,17.0,20.0,19.0,21.0,17.0,22.0,16.0,21.0,18.0,21.0,15.0,20.0,20.0,22.0,21.0,22.0,21.0,22.0,22.0,17.0,17.0,20.0,21.0,20.0,19.0,19.0,18.0,19.0,22.0,17.0,16.0,15.0,17.0,21.0,20.0,18.0,20.0,20.0,22.0,19.0,17.0,16.0,21.0,19.0,19.0,18.0,19.0,20.0,17.0,17.0,21.0,18.0,19.0,19.0,22.0,21.0,19.0,20.0,19.0,16.0,17.0,16.0,19.0,16.0,21.0,20.0,20.0,19.0,15.0,21.0,19.0,19.0,19.0,20.0,17.0,18.0,17.0,18.0,22.0,20.0,21.0,17.0,24.0,22.0,17.0,20.0,16.0,16.0,17.0,19.0,18.0,21.0,17.0,22.0,21.0,17.0,21.0,19.0,21.0,24.0,18.0,18.0,18.0,18.0,23.0,20.0,19.0,16.0,18.0,21.0,19.0,17.0,21.0
3155,9.0,12.0,13.0,9.0,7.0,13.0,346.0,9.0,9.0,12.0,7.0,14.0,807.0,779.0,6.0,6.0,12.0,14.0,9.0,9.0,6.0,10.0,713.0,9.0,9.0,7.0,8.0,10.0,9.0,11.0,8.0,8.0,11.0,9.0,8.0,10.0,11.0,7.0,10.0,826.0,7.0,12.0,397.0,10.0,9.0,13.0,13.0,12.0,8.0,724.0,9.0,8.0,766.0,11.0,9.0,313.0,10.0,293.0,11.0,12.0,11.0,9.0,8.0,6.0,569.0,8.0,805.0,9.0,441.0,10.0,7.0,8.0,9.0,775.0,8.0,902.0,10.0,10.0,820.0,7.0,10.0,8.0,760.0,10.0,7.0,6.0,11.0,11.0,9.0,643.0,8.0,9.0,12.0,799.0,8.0,567.0,9.0,7.0,9.0,13.0,392.0,325.0,9.0,7.0,7.0,367.0,16.0,11.0,11.0,10.0,7.0,831.0,746.0,8.0,846.0,9.0,10.0,7.0,852.0,9.0,14.0,799.0,16.0,8.0,9.0,8.0,8.0,11.0
3156,25.0,18.0,26.0,10.0,9.0,20.0,18.0,25.0,10.0,29.0,22.0,26.0,9.0,26.0,504.0,62.0,21.0,15.0,11.0,32.0,8.0,10.0,23.0,24.0,14.0,9.0,28.0,21.0,26.0,18.0,30.0,25.0,24.0,19.0,16.0,44.0,57.0,12.0,11.0,19.0,20.0,60.0,14.0,53.0,19.0,26.0,15.0,14.0,49.0,24.0,14.0,10.0,11.0,11.0,52.0,26.0,15.0,8.0,16.0,27.0,54.0,51.0,11.0,19.0,33.0,21.0,12.0,25.0,28.0,9.0,20.0,11.0,30.0,8.0,11.0,25.0,15.0,22.0,28.0,26.0,22.0,22.0,14.0,29.0,15.0,53.0,31.0,12.0,52.0,11.0,28.0,12.0,25.0,12.0,51.0,33.0,22.0,10.0,17.0,54.0,13.0,31.0,27.0,19.0,45.0,21.0,12.0,25.0,21.0,13.0,16.0,57.0,29.0,17.0,13.0,18.0,18.0,17.0,14.0,29.0,71.0,35.0,11.0,42.0,15.0,22.0,14.0,17.0
3160,5.0,6.0,6.0,5.0,6.0,6.0,6.0,5.0,7.0,7.0,7.0,6.0,7.0,8.0,6.0,7.0,6.0,5.0,6.0,7.0,7.0,5.0,7.0,5.0,6.0,6.0,7.0,7.0,5.0,5.0,8.0,7.0,6.0,7.0,7.0,66.0,6.0,6.0,7.0,6.0,7.0,7.0,6.0,7.0,6.0,5.0,5.0,8.0,5.0,5.0,6.0,7.0,7.0,6.0,5.0,7.0,7.0,6.0,5.0,7.0,6.0,7.0,7.0,7.0,7.0,8.0,7.0,7.0,5.0,7.0,7.0,7.0,7.0,6.0,5.0,6.0,5.0,5.0,7.0,5.0,7.0,7.0,5.0,7.0,580.0,7.0,5.0,5.0,6.0,7.0,7.0,7.0,7.0,5.0,5.0,7.0,7.0,6.0,7.0,5.0,6.0,6.0,7.0,6.0,8.0,6.0,7.0,112.0,5.0,7.0,5.0,7.0,7.0,4.0,7.0,6.0,7.0,7.0,5.0,5.0,7.0,8.0,6.0,7.0,6.0,5.0,5.0,5.0
3161,38.0,47.0,36.0,37.0,15.0,25.0,28.0,26.0,19.0,19.0,37.0,16.0,47.0,12.0,33.0,21.0,48.0,18.0,44.0,29.0,56.0,82.0,74.0,36.0,71.0,40.0,72.0,11.0,72.0,75.0,88.0,26.0,44.0,55.0,120.0,97.0,65.0,63.0,28.0,47.0,63.0,54.0,69.0,66.0,14.0,66.0,81.0,15.0,32.0,77.0,80.0,79.0,83.0,57.0,34.0,75.0,57.0,94.0,84.0,62.0,79.0,34.0,92.0,16.0,88.0,59.0,17.0,42.0,76.0,39.0,12.0,77.0,91.0,36.0,51.0,94.0,49.0,31.0,71.0,69.0,72.0,59.0,59.0,9.0,15.0,62.0,113.0,40.0,82.0,82.0,17.0,57.0,10.0,14.0,18.0,59.0,69.0,20.0,103.0,65.0,46.0,46.0,92.0,59.0,73.0,80.0,48.0,95.0,57.0,84.0,73.0,51.0,34.0,70.0,50.0,22.0,101.0,91.0,94.0,16.0,82.0,82.0,44.0,68.0,80.0,62.0,80.0,5.0
3165,5.0,5.0,5.0,5.0,7.0,6.0,7.0,5.0,5.0,5.0,5.0,5.0,5.0,5.0,65.0,5.0,5.0,7.0,5.0,7.0,12.0,5.0,5.0,9.0,5.0,5.0,5.0,5.0,5.0,5.0,97.0,7.0,7.0,7.0,5.0,5.0,5.0,5.0,5.0,7.0,5.0,79.0,7.0,7.0,5.0,58.0,5.0,5.0,5.0,5.0,5.0,5.0,235.0,16.0,5.0,7.0,5.0,7.0,161.0,5.0,5.0,5.0,5.0,5.0,5.0,5.0,7.0,5.0,6.0,6.0,6.0,5.0,5.0,5.0,14.0,5.0,5.0,5.0,42.0,5.0,7.0,6.0,6.0,5.0,5.0,5.0,5.0,5.0,5.0,5.0,7.0,7.0,6.0,7.0,5.0,5.0,5.0,5.0,5.0,5.0,5.0,5.0,6.0,7.0,5.0,7.0,11.0,5.0,5.0,7.0,5.0,5.0,5.0,5.0,7.0,5.0,5.0,5.0,7.0,100.0,5.0,5.0,5.0,5.0,5.0,5.0,6.0,5.0
3168,4.0,4.0,4.0,4.0,4.0,5.0,4.0,5.0,4.0,4.0,4.0,4.0,4.0,4.0,6.0,5.0,4.0,4.0,5.0,4.0,5.0,5.0,4.0,5.0,4.0,4.0,5.0,5.0,4.0,4.0,4.0,4.0,4.0,4.0,4.0,4.0,4.0,4.0,4.0,4.0,4.0,4.0,4.0,6.0,4.0,4.0,4.0,4.0,4.0,4.0,4.0,4.0,4.0,4.0,4.0,6.0,4.0,4.0,4.0,6.0,5.0,4.0,4.0,4.0,4.0,4.0,4.0,4.0,5.0,4.0,4.0,4.0,4.0,4.0,4.0,4.0,5.0,4.0,4.0,4.0,5.0,4.0,5.0,4.0,4.0,4.0,4.0,5.0,4.0,4.0,4.0,4.0,4.0,4.0,4.0,6.0,4.0,4.0,4.0,5.0,4.0,4.0,4.0,4.0,4.0,5.0,4.0,4.0,4.0,4.0,4.0,4.0,5.0,4.0,4.0,4.0,5.0,4.0,4.0,4.0,6.0,4.0,4.0,4.0,4.0,4.0,5.0,4.0
3172,15.0,15.0,15.0,15.0,14.0,15.0,13.0,15.0,15.0,15.0,14.0,14.0,15.0,15.0,15.0,14.0,14.0,13.0,14.0,15.0,15.0,14.0,15.0,15.0,15.0,16.0,14.0,13.0,15.0,13.0,15.0,14.0,15.0,15.0,15.0,14.0,15.0,15.0,14.0,13.0,15.0,14.0,15.0,15.0,15.0,14.0,14.0,13.0,14.0,14.0,15.0,14.0,15.0,13.0,15.0,13.0,13.0,15.0,15.0,13.0,15.0,13.0,15.0,13.0,15.0,15.0,14.0,15.0,15.0,15.0,15.0,14.0,15.0,15.0,14.0,14.0,15.0,12.0,14.0,14.0,14.0,15.0,13.0,13.0,15.0,14.0,14.0,13.0,13.0,14.0,14.0,13.0,15.0,15.0,15.0,15.0,13.0,13.0,15.0,13.0,15.0,15.0,15.0,14.0,13.0,15.0,14.0,14.0,14.0,15.0,13.0,15.0,13.0,15.0,14.0,13.0,15.0,15.0,14.0,15.0,14.0,14.0,12.0,15.0,13.0,14.0,14.0,15.0
3173,3.0,3.0,3.0,3.0,3.0,3.0,3.0,3.0,3.0,3.0,3.0,3.0,3.0,3.0,3.0,3.0,3.0,2.0,3.0,3.0,2.0,3.0,3.0,3.0,3.0,3.0,3.0,3.0,3.0,3.0,3.0,3.0,3.0,3.0,3.0,3.0,3.0,3.0,3.0,3.0,3.0,3.0,3.0,3.0,3.0,3.0,3.0,3.0,3.0,3.0,3.0,3.0,3.0,3.0,3.0,3.0,3.0,3.0,3.0,3.0,3.0,3.0,3.0,3.0,3.0,3.0,3.0,3.0,3.0,3.0,3.0,3.0,3.0,3.0,3.0,3.0,3.0,3.0,3.0,2.0,3.0,3.0,3.0,3.0,3.0,3.0,3.0,3.0,3.0,3.0,3.0,3.0,3.0,3.0,3.0,3.0,3.0,3.0,3.0,3.0,3.0,3.0,3.0,3.0,3.0,3.0,3.0,3.0,3.0,3.0,2.0,3.0,3.0,3.0,3.0,3.0,3.0,3.0,3.0,2.0,3.0,3.0,3.0,3.0,3.0,3.0,3.0,3.0
3179,1.0,947.0,894.0,914.0,699.0,866.0,1001.0,1052.0,950.0,895.0,1020.0,1422.0,2.0,1.0,909.0,877.0,892.0,1.0,1.0,972.0,1051.0,1444.0,812.0,1456.0,958.0,889.0,828.0,60.0,739.0,924.0,837.0,2.0,672.0,944.0,987.0,818.0,769.0,961.0,860.0,826.0,344.0,625.0,962.0,1220.0,759.0,844.0,975.0,1.0,837.0,911.0,808.0,1028.0,900.0,1402.0,992.0,2.0,901.0,923.0,1412.0,11.0,1395.0,943.0,4.0,900.0,879.0,806.0,1009.0,2.0,2.0,1248.0,848.0,4.0,1316.0,2.0,1.0,1.0,576.0,1038.0,908.0,823.0,1196.0,677.0,1358.0,960.0,825.0,941.0,1117.0,1.0,906.0,1.0,888.0,824.0,1.0,2.0,928.0,1301.0,1034.0,1.0,1204.0,476.0,227.0,840.0,945.0,833.0,843.0,1.0,881.0,936.0,836.0,767.0,844.0,1.0,609.0,4.0,657.0,308.0,598.0,929.0,827.0,691.0,798.0,389.0,1318.0,294.0,557.0,1054.0,822.0,778.0
3181,271.0,802.0,443.0,640.0,376.0,199.0,542.0,780.0,246.0,722.0,882.0,799.0,388.0,732.0,729.0,696.0,370.0,673.0,824.0,891.0,64.0,393.0,409.0,1105.0,436.0,413.0,115.0,486.0,547.0,822.0,508.0,770.0,541.0,229.0,470.0,880.0,285.0,481.0,514.0,582.0,304.0,489.0,710.0,986.0,273.0,835.0,106.0,697.0,499.0,661.0,425.0,269.0,523.0,687.0,630.0,83.0,534.0,828.0,249.0,241.0,495.0,753.0,774.0,664.0,450.0,668.0,973.0,746.0,832.0,887.0,687.0,723.0,612.0,537.0,216.0,661.0,614.0,960.0,306.0,612.0,699.0,319.0,871.0,839.0,707.0,851.0,824.0,475.0,131.0,393.0,894.0,746.0,417.0,516.0,482.0,434.0,707.0,332.0,729.0,857.0,406.0,320.0,408.0,503.0,535.0,837.0,903.0,479.0,793.0,486.0,980.0,438.0,63.0,946.0,639.0,375.0,934.0,588.0,860.0,732.0,831.0,1027.0,317.0,810.0,583.0,693.0,392.0,772.0
3183,2.0,2.0,1.0,2.0,2.0,1.0,1.0,2.0,2.0,2.0,2.0,1.0,2.0,2.0,2.0,2.0,2.0,1.0,1.0,2.0,2.0,1.0,2.0,2.0,2.0,1.0,1.0,1.0,1.0,2.0,2.0,1.0,1.0,2.0,1.0,1.0,1.0,2.0,2.0,1.0,2.0,1.0,1.0,2.0,1.0,1.0,1.0,2.0,2.0,2.0,2.0,2.0,1.0,1.0,2.0,1.0,2.0,2.0,2.0,1.0,2.0,2.0,2.0,1.0,2.0,1.0,2.0,2.0,2.0,2.0,1.0,2.0,1.0,2.0,2.0,2.0,2.0,2.0,1.0,1.0,2.0,1.0,1.0,2.0,2.0,2.0,2.0,2.0,1.0,2.0,2.0,2.0,1.0,1.0,2.0,2.0,2.0,2.0,1.0,1.0,1.0,1.0,2.0,1.0,2.0,1.0,2.0,1.0,1.0,2.0,1.0,2.0,1.0,1.0,2.0,2.0,2.0,2.0,1.0,2.0,2.0,2.0,1.0,2.0,2.0,1.0,2.0,1.0
3187,514.0,38.0,32.0,34.0,6.0,896.0,36.0,662.0,27.0,637.0,38.0,29.0,39.0,1005.0,34.0,830.0,6.0,761.0,821.0,6.0,24.0,724.0,18.0,19.0,42.0,43.0,11.0,32.0,862.0,24.0,21.0,849.0,40.0,1085.0,31.0,561.0,25.0,785.0,35.0,675.0,534.0,40.0,983.0,43.0,732.0,546.0,712.0,901.0,671.0,23.0,24.0,967.0,36.0,11.0,35.0,25.0,44.0,43.0,909.0,556.0,43.0,17.0,12.0,39.0,48.0,48.0,45.0,27.0,752.0,677.0,886.0,726.0,34.0,908.0,952.0,36.0,33.0,895.0,37.0,52.0,15.0,666.0,10.0,752.0,760.0,19.0,733.0,5.0,56.0,35.0,706.0,39.0,25.0,57.0,38.0,920.0,623.0,32.0,672.0,529.0,926.0,33.0,49.0,39.0,901.0,40.0,778.0,29.0,840.0,31.0,47.0,587.0,20.0,708.0,29.0,26.0,997.0,657.0,18.0,864.0,947.0,6.0,35.0,717.0,23.0,44.0,12.0,33.0
3191,15.0,15.0,13.0,13.0,12.0,13.0,14.0,14.0,13.0,13.0,15.0,14.0,13.0,11.0,13.0,13.0,12.0,15.0,14.0,13.0,12.0,14.0,13.0,15.0,13.0,11.0,14.0,12.0,14.0,12.0,14.0,14.0,14.0,12.0,13.0,15.0,13.0,13.0,14.0,12.0,12.0,12.0,15.0,13.0,14.0,12.0,14.0,13.0,15.0,15.0,12.0,13.0,14.0,14.0,13.0,13.0,12.0,13.0,12.0,14.0,11.0,14.0,13.0,15.0,14.0,13.0,12.0,13.0,11.0,15.0,12.0,14.0,14.0,15.0,14.0,14.0,15.0,14.0,14.0,12.0,14.0,14.0,12.0,13.0,15.0,11.0,15.0,12.0,15.0,14.0,12.0,11.0,13.0,15.0,13.0,15.0,14.0,12.0,13.0,12.0,12.0,12.0,12.0,13.0,13.0,15.0,12.0,13.0,15.0,12.0,15.0,12.0,13.0,14.0,12.0,15.0,13.0,13.0,13.0,13.0,14.0,15.0,12.0,13.0,13.0,15.0,13.0,14.0
3192,201.0,191.0,187.0,192.0,177.0,193.0,184.0,175.0,183.0,198.0,194.0,189.0,180.0,177.0,185.0,197.0,176.0,192.0,194.0,196.0,204.0,192.0,192.0,189.0,190.0,201.0,192.0,190.0,183.0,179.0,187.0,202.0,197.0,179.0,189.0,179.0,191.0,180.0,182.0,205.0,199.0,195.0,215.0,198.0,193.0,200.0,189.0,178.0,182.0,190.0,179.0,187.0,184.0,192.0,208.0,184.0,188.0,187.0,199.0,187.0,191.0,191.0,192.0,186.0,190.0,185.0,186.0,193.0,184.0,191.0,191.0,215.0,204.0,192.0,183.0,184.0,206.0,211.0,195.0,185.0,184.0,179.0,191.0,206.0,187.0,184.0,187.0,182.0,187.0,183.0,177.0,197.0,189.0,190.0,195.0,202.0,186.0,192.0,206.0,189.0,175.0,199.0,179.0,187.0,192.0,186.0,188.0,209.0,192.0,182.0,186.0,204.0,195.0,193.0,192.0,200.0,181.0,196.0,194.0,180.0,187.0,204.0,193.0,182.0,202.0,185.0,190.0,193.0
3198,14.0,15.0,17.0,18.0,17.0,17.0,15.0,16.0,15.0,18.0,17.0,16.0,16.0,15.0,15.0,17.0,18.0,15.0,17.0,18.0,15.0,14.0,16.0,17.0,16.0,16.0,16.0,16.0,19.0,17.0,16.0,15.0,16.0,18.0,17.0,17.0,17.0,17.0,17.0,17.0,17.0,16.0,16.0,15.0,18.0,17.0,16.0,18.0,19.0,17.0,16.0,16.0,17.0,20.0,15.0,17.0,17.0,16.0,16.0,15.0,17.0,18.0,17.0,16.0,17.0,17.0,16.0,17.0,15.0,16.0,17.0,16.0,16.0,16.0,18.0,16.0,18.0,17.0,15.0,17.0,16.0,16.0,16.0,17.0,16.0,15.0,20.0,16.0,18.0,16.0,15.0,16.0,19.0,16.0,15.0,19.0,17.0,19.0,19.0,18.0,16.0,16.0,17.0,17.0,17.0,19.0,17.0,19.0,16.0,20.0,17.0,17.0,18.0,15.0,16.0,16.0,17.0,16.0,17.0,17.0,19.0,17.0,18.0,17.0,15.0,17.0,17.0,17.0
3204,550.0,528.0,30.0,22.0,659.0,64.0,686.0,695.0,31.0,19.0,38.0,733.0,612.0,22.0,510.0,591.0,950.0,25.0,326.0,24.0,693.0,21.0,786.0,25.0,723.0,595.0,8.0,699.0,19.0,718.0,777.0,755.0,842.0,639.0,19.0,21.0,668.0,737.0,691.0,848.0,27.0,803.0,510.0,628.0,835.0,673.0,682.0,656.0,770.0,589.0,601.0,25.0,896.0,865.0,822.0,23.0,841.0,720.0,21.0,751.0,651.0,728.0,28.0,759.0,640.0,619.0,912.0,779.0,903.0,18.0,412.0,675.0,531.0,728.0,627.0,561.0,594.0,672.0,25.0,915.0,564.0,582.0,26.0,498.0,791.0,649.0,615.0,840.0,27.0,21.0,469.0,915.0,642.0,791.0,24.0,740.0,806.0,765.0,18.0,642.0,665.0,9.0,704.0,597.0,673.0,758.0,700.0,595.0,34.0,12.0,680.0,795.0,559.0,541.0,653.0,619.0,606.0,694.0,762.0,551.0,768.0,730.0,38.0,19.0,798.0,24.0,801.0,751.0
3205,35.0,34.0,25.0,23.0,34.0,34.0,25.0,34.0,24.0,24.0,34.0,35.0,35.0,34.0,24.0,24.0,34.0,34.0,35.0,35.0,24.0,35.0,35.0,24.0,34.0,34.0,34.0,24.0,26.0,35.0,25.0,24.0,24.0,24.0,35.0,34.0,35.0,35.0,34.0,34.0,34.0,35.0,35.0,23.0,23.0,34.0,34.0,24.0,24.0,35.0,29.0,34.0,35.0,24.0,23.0,35.0,34.0,35.0,34.0,34.0,35.0,34.0,28.0,23.0,25.0,35.0,23.0,35.0,35.0,35.0,34.0,31.0,35.0,35.0,34.0,25.0,35.0,24.0,25.0,34.0,35.0,34.0,34.0,35.0,34.0,24.0,34.0,25.0,34.0,34.0,34.0,35.0,24.0,35.0,34.0,35.0,34.0,35.0,34.0,24.0,24.0,34.0,24.0,24.0,34.0,24.0,35.0,24.0,34.0,33.0,34.0,34.0,35.0,27.0,25.0,34.0,23.0,35.0,35.0,35.0,33.0,24.0,34.0,34.0,25.0,35.0,35.0,24.0
3207,41.0,37.0,174.0,40.0,55.0,192.0,47.0,125.0,23.0,45.0,39.0,46.0,23.0,27.0,153.0,30.0,22.0,38.0,55.0,46.0,23.0,157.0,123.0,25.0,46.0,28.0,30.0,19.0,39.0,35.0,35.0,24.0,38.0,36.0,111.0,47.0,20.0,49.0,19.0,17.0,170.0,20.0,101.0,35.0,24.0,44.0,43.0,21.0,161.0,187.0,21.0,31.0,36.0,39.0,177.0,19.0,19.0,47.0,38.0,162.0,39.0,23.0,45.0,143.0,55.0,16.0,141.0,45.0,39.0,40.0,30.0,45.0,193.0,136.0,17.0,173.0,42.0,37.0,158.0,39.0,27.0,188.0,23.0,42.0,35.0,49.0,179.0,40.0,44.0,27.0,45.0,40.0,176.0,174.0,20.0,23.0,162.0,37.0,42.0,177.0,129.0,42.0,21.0,24.0,153.0,28.0,43.0,131.0,41.0,24.0,37.0,149.0,20.0,22.0,29.0,29.0,40.0,166.0,136.0,41.0,46.0,162.0,163.0,39.0,33.0,101.0,46.0,144.0
3208,12.0,5.0,5.0,6.0,14.0,21.0,618.0,6.0,10.0,4.0,5.0,5.0,5.0,33.0,6.0,4.0,11.0,7.0,49.0,5.0,5.0,7.0,6.0,584.0,7.0,8.0,5.0,3.0,5.0,12.0,5.0,27.0,16.0,9.0,7.0,10.0,16.0,6.0,4.0,6.0,5.0,6.0,9.0,11.0,7.0,8.0,7.0,16.0,5.0,18.0,6.0,873.0,7.0,4.0,7.0,6.0,5.0,13.0,16.0,5.0,5.0,19.0,6.0,8.0,5.0,8.0,23.0,6.0,5.0,6.0,5.0,22.0,7.0,9.0,11.0,6.0,5.0,5.0,6.0,14.0,24.0,9.0,11.0,6.0,6.0,18.0,5.0,8.0,11.0,875.0,6.0,16.0,14.0,17.0,12.0,5.0,7.0,9.0,5.0,5.0,835.0,16.0,3.0,10.0,6.0,11.0,5.0,16.0,11.0,7.0,14.0,13.0,6.0,5.0,5.0,23.0,7.0,7.0,6.0,14.0,545.0,11.0,12.0,6.0,3.0,22.0,12.0,5.0
3211,18.0,18.0,18.0,18.0,18.0,17.0,18.0,18.0,17.0,18.0,17.0,18.0,18.0,18.0,17.0,17.0,18.0,18.0,18.0,18.0,17.0,18.0,18.0,18.0,17.0,17.0,18.0,17.0,18.0,18.0,18.0,18.0,17.0,17.0,18.0,18.0,18.0,18.0,17.0,18.0,17.0,18.0,18.0,17.0,18.0,17.0,18.0,18.0,18.0,18.0,18.0,17.0,18.0,17.0,18.0,18.0,18.0,18.0,17.0,18.0,18.0,18.0,17.0,17.0,18.0,18.0,18.0,18.0,18.0,18.0,18.0,18.0,18.0,18.0,17.0,17.0,18.0,17.0,18.0,18.0,18.0,17.0,18.0,18.0,18.0,18.0,17.0,18.0,18.0,17.0,18.0,18.0,18.0,18.0,18.0,18.0,18.0,18.0,18.0,18.0,17.0,18.0,17.0,17.0,18.0,18.0,18.0,18.0,18.0,17.0,18.0,17.0,18.0,18.0,18.0,17.0,18.0,18.0,18.0,18.0,17.0,17.0,18.0,18.0,17.0,18.0,18.0,18.0
3212,128.0,99.0,124.0,120.0,118.0,128.0,99.0,114.0,112.0,145.0,136.0,120.0,97.0,142.0,106.0,114.0,126.0,118.0,155.0,113.0,116.0,166.0,110.0,107.0,123.0,117.0,137.0,102.0,137.0,142.0,115.0,154.0,109.0,102.0,130.0,116.0,122.0,142.0,126.0,110.0,111.0,116.0,115.0,162.0,92.0,107.0,109.0,122.0,119.0,134.0,105.0,126.0,124.0,139.0,107.0,124.0,114.0,145.0,137.0,119.0,113.0,155.0,124.0,133.0,115.0,119.0,121.0,112.0,142.0,120.0,108.0,122.0,121.0,119.0,135.0,119.0,123.0,151.0,146.0,130.0,152.0,113.0,108.0,111.0,136.0,106.0,113.0,118.0,129.0,106.0,117.0,147.0,114.0,103.0,118.0,119.0,129.0,113.0,117.0,104.0,133.0,107.0,120.0,141.0,136.0,148.0,128.0,125.0,109.0,159.0,113.0,133.0,111.0,107.0,124.0,120.0,126.0,106.0,122.0,118.0,135.0,105.0,106.0,124.0,114.0,123.0,123.0,116.0
3217,36.0,35.0,25.0,23.0,34.0,35.0,25.0,35.0,24.0,25.0,34.0,35.0,36.0,34.0,24.0,25.0,34.0,35.0,36.0,36.0,25.0,36.0,35.0,25.0,34.0,34.0,35.0,25.0,26.0,36.0,25.0,25.0,25.0,25.0,35.0,35.0,35.0,36.0,34.0,34.0,34.0,36.0,36.0,24.0,24.0,35.0,34.0,25.0,24.0,35.0,26.0,34.0,35.0,24.0,24.0,35.0,35.0,35.0,35.0,35.0,35.0,35.0,28.0,23.0,26.0,35.0,24.0,35.0,35.0,35.0,34.0,25.0,36.0,36.0,34.0,25.0,35.0,24.0,25.0,34.0,35.0,34.0,35.0,36.0,34.0,24.0,34.0,25.0,34.0,34.0,35.0,36.0,24.0,36.0,35.0,35.0,34.0,35.0,34.0,24.0,25.0,35.0,24.0,24.0,34.0,25.0,35.0,24.0,34.0,32.0,35.0,34.0,36.0,25.0,26.0,34.0,23.0,36.0,35.0,35.0,34.0,25.0,34.0,35.0,26.0,35.0,36.0,24.0
3221,1612.0,3.0,3.0,3.0,1540.0,3.0,1141.0,3.0,4.0,3.0,3.0,1516.0,3.0,4.0,3.0,4.0,1608.0,1463.0,3.0,3.0,4.0,3.0,1561.0,3.0,1181.0,1294.0,1034.0,1039.0,3.0,4.0,1364.0,1489.0,958.0,1362.0,1574.0,1394.0,1183.0,1155.0,1463.0,1204.0,1491.0,3.0,1149.0,3.0,1391.0,3.0,1455.0,1233.0,1647.0,4.0,1412.0,1468.0,3.0,3.0,4.0,1460.0,3.0,1078.0,1138.0,1525.0,3.0,1375.0,3.0,3.0,3.0,1288.0,1558.0,4.0,1532.0,36.0,1359.0,3.0,3.0,1182.0,3.0,3.0,3.0,1175.0,3.0,3.0,884.0,3.0,1166.0,3.0,3.0,3.0,3.0,1697.0,1375.0,3.0,1317.0,3.0,1195.0,3.0,1415.0,1127.0,3.0,3.0,3.0,1439.0,1563.0,4.0,3.0,1190.0,1046.0,3.0,1499.0,1454.0,3.0,3.0,1141.0,3.0,3.0,1408.0,3.0,1008.0,3.0,1164.0,3.0,1016.0,3.0,715.0,1402.0,3.0,1497.0,3.0,1527.0,3.0
3224,3.0,4.0,4.0,3.0,4.0,4.0,3.0,3.0,4.0,4.0,3.0,3.0,3.0,3.0,3.0,3.0,4.0,4.0,4.0,3.0,3.0,4.0,3.0,4.0,3.0,3.0,4.0,3.0,3.0,4.0,4.0,4.0,3.0,4.0,3.0,3.0,4.0,3.0,3.0,4.0,4.0,3.0,3.0,4.0,3.0,3.0,4.0,3.0,4.0,4.0,3.0,3.0,3.0,3.0,3.0,4.0,3.0,4.0,3.0,3.0,4.0,3.0,3.0,3.0,4.0,3.0,4.0,3.0,3.0,3.0,4.0,3.0,3.0,3.0,4.0,3.0,4.0,4.0,3.0,3.0,4.0,3.0,3.0,4.0,3.0,3.0,4.0,3.0,3.0,3.0,3.0,3.0,3.0,4.0,3.0,3.0,3.0,3.0,4.0,3.0,3.0,3.0,3.0,3.0,4.0,3.0,3.0,3.0,3.0,3.0,3.0,4.0,3.0,3.0,3.0,3.0,4.0,3.0,3.0,4.0,3.0,4.0,4.0,3.0,4.0,3.0,3.0,3.0
3228,25.0,29.0,34.0,27.0,40.0,19.0,27.0,30.0,14.0,32.0,61.0,39.0,67.0,30.0,22.0,21.0,16.0,30.0,29.0,73.0,27.0,28.0,32.0,34.0,32.0,26.0,27.0,33.0,44.0,20.0,44.0,28.0,44.0,15.0,49.0,20.0,24.0,26.0,28.0,45.0,18.0,36.0,18.0,30.0,15.0,29.0,30.0,29.0,32.0,23.0,17.0,32.0,32.0,27.0,45.0,34.0,19.0,19.0,27.0,31.0,29.0,32.0,45.0,29.0,21.0,25.0,31.0,17.0,30.0,24.0,23.0,47.0,33.0,30.0,33.0,32.0,14.0,33.0,35.0,27.0,41.0,19.0,18.0,29.0,21.0,16.0,27.0,23.0,46.0,21.0,11.0,33.0,29.0,36.0,9.0,20.0,21.0,22.0,24.0,33.0,28.0,30.0,29.0,30.0,25.0,37.0,32.0,24.0,20.0,30.0,29.0,30.0,17.0,28.0,23.0,9.0,11.0,18.0,43.0,12.0,22.0,29.0,32.0,13.0,37.0,36.0,31.0,87.0
3229,10.0,6.0,6.0,11.0,9.0,9.0,13.0,8.0,11.0,11.0,8.0,7.0,9.0,10.0,9.0,5.0,7.0,9.0,7.0,5.0,8.0,5.0,6.0,5.0,7.0,10.0,6.0,11.0,12.0,7.0,12.0,10.0,9.0,10.0,9.0,6.0,9.0,7.0,9.0,8.0,6.0,7.0,12.0,7.0,675.0,7.0,10.0,9.0,6.0,10.0,10.0,6.0,11.0,6.0,7.0,6.0,11.0,6.0,5.0,7.0,10.0,6.0,5.0,4.0,8.0,7.0,9.0,10.0,6.0,4.0,5.0,8.0,7.0,12.0,7.0,8.0,9.0,5.0,7.0,7.0,11.0,7.0,9.0,7.0,5.0,12.0,10.0,8.0,6.0,7.0,5.0,10.0,5.0,6.0,7.0,5.0,8.0,7.0,8.0,5.0,8.0,8.0,7.0,10.0,5.0,9.0,9.0,10.0,11.0,7.0,8.0,10.0,6.0,9.0,5.0,9.0,8.0,9.0,6.0,11.0,6.0,12.0,7.0,8.0,6.0,8.0,5.0,5.0
3231,81.0,116.0,47.0,27.0,29.0,147.0,149.0,62.0,42.0,49.0,29.0,52.0,74.0,81.0,38.0,32.0,61.0,174.0,171.0,52.0,59.0,56.0,54.0,57.0,44.0,58.0,68.0,129.0,206.0,208.0,163.0,92.0,53.0,42.0,114.0,76.0,163.0,54.0,204.0,154.0,56.0,56.0,44.0,61.0,177.0,159.0,223.0,212.0,61.0,191.0,173.0,56.0,168.0,166.0,208.0,59.0,219.0,180.0,151.0,120.0,47.0,120.0,201.0,158.0,233.0,41.0,166.0,145.0,199.0,217.0,196.0,189.0,79.0,224.0,102.0,170.0,8.0,179.0,52.0,197.0,136.0,191.0,605.0,66.0,161.0,44.0,45.0,146.0,157.0,128.0,126.0,183.0,222.0,68.0,64.0,173.0,200.0,192.0,159.0,162.0,143.0,53.0,56.0,65.0,52.0,16.0,203.0,150.0,193.0,184.0,177.0,133.0,141.0,52.0,188.0,50.0,88.0,55.0,173.0,198.0,160.0,196.0,57.0,181.0,175.0,289.0,206.0,188.0
3233,14.0,17.0,15.0,18.0,16.0,17.0,17.0,17.0,17.0,15.0,18.0,16.0,16.0,15.0,15.0,15.0,17.0,22.0,17.0,20.0,15.0,17.0,17.0,17.0,15.0,16.0,16.0,26.0,15.0,33.0,18.0,15.0,17.0,17.0,15.0,17.0,19.0,17.0,15.0,17.0,17.0,14.0,15.0,17.0,15.0,17.0,15.0,15.0,20.0,18.0,18.0,17.0,17.0,15.0,17.0,17.0,17.0,15.0,15.0,15.0,17.0,15.0,15.0,15.0,15.0,16.0,15.0,15.0,19.0,16.0,17.0,17.0,15.0,15.0,17.0,15.0,15.0,15.0,15.0,15.0,20.0,14.0,14.0,22.0,15.0,16.0,17.0,17.0,17.0,17.0,17.0,15.0,15.0,17.0,15.0,17.0,20.0,17.0,17.0,15.0,15.0,17.0,15.0,18.0,19.0,17.0,15.0,15.0,14.0,22.0,15.0,17.0,15.0,17.0,15.0,16.0,17.0,19.0,15.0,18.0,15.0,17.0,15.0,16.0,15.0,15.0,15.0,17.0
3235,420.0,127.0,350.0,173.0,380.0,409.0,331.0,218.0,279.0,309.0,163.0,382.0,332.0,203.0,247.0,407.0,238.0,334.0,204.0,400.0,373.0,346.0,397.0,284.0,303.0,576.0,212.0,217.0,313.0,257.0,485.0,185.0,284.0,279.0,356.0,454.0,383.0,543.0,257.0,535.0,486.0,115.0,358.0,362.0,129.0,213.0,403.0,310.0,266.0,391.0,292.0,289.0,255.0,220.0,159.0,324.0,406.0,394.0,352.0,340.0,383.0,299.0,355.0,263.0,447.0,445.0,275.0,220.0,144.0,436.0,335.0,293.0,373.0,176.0,423.0,219.0,431.0,335.0,192.0,207.0,365.0,306.0,471.0,205.0,455.0,264.0,311.0,237.0,351.0,270.0,286.0,189.0,245.0,286.0,169.0,467.0,431.0,452.0,220.0,439.0,334.0,282.0,215.0,214.0,387.0,228.0,386.0,186.0,354.0,155.0,275.0,265.0,523.0,410.0,375.0,290.0,254.0,185.0,335.0,308.0,233.0,273.0,202.0,481.0,269.0,319.0,245.0,353.0
3236,160.0,61.0,183.0,90.0,79.0,188.0,91.0,171.0,136.0,174.0,214.0,114.0,111.0,85.0,76.0,158.0,53.0,215.0,150.0,215.0,161.0,106.0,168.0,200.0,155.0,74.0,85.0,178.0,258.0,182.0,110.0,209.0,100.0,215.0,208.0,116.0,168.0,231.0,180.0,150.0,243.0,142.0,91.0,212.0,81.0,204.0,168.0,151.0,198.0,78.0,178.0,200.0,60.0,221.0,136.0,82.0,162.0,209.0,101.0,96.0,160.0,163.0,89.0,59.0,190.0,117.0,75.0,108.0,194.0,191.0,173.0,142.0,104.0,127.0,137.0,62.0,145.0,76.0,237.0,222.0,179.0,130.0,110.0,112.0,191.0,100.0,180.0,76.0,169.0,188.0,175.0,81.0,133.0,161.0,152.0,212.0,255.0,199.0,97.0,70.0,177.0,163.0,74.0,83.0,229.0,79.0,193.0,135.0,264.0,173.0,183.0,163.0,211.0,250.0,183.0,220.0,244.0,201.0,143.0,152.0,201.0,195.0,265.0,153.0,103.0,163.0,121.0,91.0
3238,9.0,6.0,9.0,9.0,8.0,19.0,10.0,10.0,16.0,9.0,17.0,8.0,20.0,22.0,9.0,21.0,9.0,16.0,23.0,9.0,9.0,19.0,10.0,9.0,26.0,9.0,9.0,21.0,8.0,8.0,23.0,15.0,9.0,9.0,8.0,9.0,13.0,9.0,9.0,17.0,24.0,8.0,23.0,8.0,17.0,20.0,9.0,8.0,9.0,9.0,9.0,8.0,9.0,8.0,23.0,9.0,9.0,23.0,9.0,26.0,19.0,8.0,8.0,8.0,25.0,8.0,8.0,14.0,9.0,8.0,9.0,9.0,7.0,20.0,22.0,8.0,15.0,9.0,9.0,8.0,9.0,9.0,9.0,12.0,8.0,9.0,23.0,9.0,9.0,9.0,8.0,9.0,9.0,9.0,9.0,25.0,22.0,22.0,9.0,8.0,8.0,8.0,8.0,10.0,9.0,9.0,13.0,16.0,9.0,9.0,9.0,9.0,8.0,9.0,7.0,19.0,9.0,9.0,9.0,9.0,19.0,16.0,9.0,8.0,9.0,9.0,8.0,9.0
3246,251.0,922.0,220.0,1047.0,326.0,381.0,1030.0,287.0,527.0,1019.0,961.0,414.0,404.0,777.0,994.0,162.0,418.0,1021.0,455.0,155.0,296.0,447.0,285.0,402.0,421.0,28.0,1055.0,1125.0,250.0,869.0,1066.0,353.0,1081.0,503.0,275.0,754.0,986.0,354.0,880.0,993.0,405.0,365.0,368.0,341.0,693.0,453.0,709.0,277.0,1014.0,213.0,988.0,1071.0,804.0,1059.0,195.0,116.0,960.0,1029.0,149.0,418.0,1081.0,393.0,508.0,989.0,1013.0,183.0,783.0,159.0,1085.0,32.0,1010.0,531.0,367.0,822.0,445.0,1079.0,1122.0,418.0,162.0,1055.0,197.0,1098.0,1069.0,363.0,1005.0,498.0,1091.0,854.0,477.0,330.0,948.0,349.0,574.0,1058.0,915.0,879.0,889.0,253.0,1038.0,503.0,688.0,1001.0,1051.0,1053.0,777.0,984.0,979.0,315.0,429.0,399.0,886.0,1040.0,1000.0,405.0,857.0,995.0,323.0,384.0,139.0,1001.0,147.0,967.0,449.0,173.0,416.0,144.0,902.0,156.0
3248,21.0,17.0,15.0,18.0,17.0,18.0,18.0,24.0,17.0,18.0,17.0,17.0,17.0,20.0,17.0,22.0,30.0,19.0,17.0,30.0,15.0,31.0,17.0,21.0,17.0,38.0,15.0,41.0,17.0,17.0,17.0,18.0,20.0,50.0,15.0,21.0,19.0,18.0,17.0,19.0,19.0,15.0,18.0,18.0,19.0,17.0,17.0,17.0,20.0,26.0,42.0,17.0,23.0,17.0,19.0,19.0,18.0,17.0,18.0,17.0,17.0,16.0,17.0,19.0,15.0,17.0,17.0,18.0,21.0,17.0,18.0,18.0,17.0,20.0,31.0,22.0,15.0,21.0,17.0,17.0,18.0,15.0,15.0,46.0,16.0,17.0,21.0,36.0,35.0,17.0,20.0,17.0,17.0,19.0,18.0,17.0,23.0,19.0,22.0,17.0,17.0,17.0,17.0,18.0,23.0,18.0,20.0,16.0,19.0,20.0,17.0,20.0,15.0,24.0,17.0,17.0,33.0,19.0,18.0,23.0,17.0,844.0,15.0,17.0,17.0,16.0,18.0,17.0
3251,12.0,8.0,5.0,7.0,6.0,5.0,10.0,12.0,9.0,7.0,7.0,8.0,5.0,6.0,6.0,6.0,15.0,9.0,7.0,8.0,6.0,9.0,10.0,7.0,8.0,5.0,6.0,8.0,8.0,6.0,6.0,8.0,10.0,7.0,7.0,11.0,5.0,7.0,6.0,5.0,6.0,6.0,9.0,6.0,10.0,14.0,6.0,5.0,7.0,8.0,10.0,6.0,7.0,6.0,5.0,5.0,7.0,6.0,8.0,9.0,6.0,7.0,6.0,13.0,7.0,6.0,8.0,5.0,6.0,6.0,7.0,8.0,6.0,6.0,6.0,5.0,7.0,7.0,7.0,6.0,6.0,6.0,7.0,16.0,6.0,10.0,15.0,7.0,7.0,7.0,5.0,4.0,6.0,6.0,9.0,6.0,5.0,10.0,7.0,6.0,11.0,8.0,11.0,6.0,8.0,10.0,6.0,5.0,10.0,5.0,5.0,9.0,5.0,8.0,8.0,5.0,6.0,11.0,7.0,10.0,6.0,8.0,5.0,7.0,5.0,8.0,8.0,10.0
3252,23.0,15.0,9.0,14.0,10.0,7.0,11.0,19.0,12.0,20.0,10.0,10.0,8.0,9.0,9.0,8.0,10.0,8.0,9.0,8.0,8.0,18.0,7.0,20.0,9.0,14.0,9.0,11.0,11.0,36.0,10.0,10.0,14.0,13.0,19.0,11.0,12.0,10.0,10.0,19.0,8.0,37.0,12.0,15.0,10.0,14.0,14.0,9.0,10.0,12.0,9.0,10.0,9.0,9.0,10.0,14.0,9.0,8.0,11.0,13.0,13.0,11.0,15.0,7.0,29.0,14.0,10.0,32.0,13.0,11.0,11.0,18.0,13.0,10.0,10.0,10.0,13.0,11.0,14.0,10.0,11.0,11.0,8.0,10.0,24.0,8.0,14.0,20.0,11.0,14.0,21.0,19.0,9.0,6.0,10.0,10.0,10.0,32.0,6.0,10.0,34.0,23.0,8.0,8.0,20.0,7.0,8.0,7.0,8.0,20.0,13.0,15.0,9.0,11.0,17.0,14.0,21.0,14.0,10.0,11.0,9.0,14.0,11.0,12.0,8.0,12.0,17.0,11.0
3254,802.0,618.0,4.0,1219.0,868.0,873.0,5.0,879.0,1175.0,821.0,4.0,847.0,873.0,853.0,714.0,596.0,29.0,428.0,9.0,1345.0,937.0,828.0,39.0,749.0,5.0,7.0,44.0,5.0,5.0,1499.0,912.0,4.0,5.0,726.0,47.0,1325.0,481.0,4.0,754.0,5.0,729.0,10.0,4.0,908.0,756.0,365.0,4.0,4.0,7.0,1286.0,4.0,5.0,889.0,4.0,572.0,842.0,5.0,734.0,5.0,1601.0,827.0,1280.0,5.0,4.0,1263.0,4.0,914.0,6.0,1502.0,630.0,458.0,1231.0,798.0,644.0,176.0,712.0,675.0,845.0,1530.0,4.0,902.0,96.0,142.0,986.0,4.0,923.0,5.0,8.0,4.0,965.0,618.0,794.0,859.0,5.0,1045.0,1251.0,454.0,1170.0,641.0,794.0,11.0,772.0,943.0,4.0,1089.0,4.0,1607.0,4.0,5.0,789.0,64.0,566.0,4.0,898.0,828.0,889.0,4.0,876.0,4.0,798.0,777.0,1168.0,1435.0,880.0,1052.0,1003.0,6.0,1588.0
3262,16.0,17.0,15.0,16.0,18.0,15.0,18.0,16.0,17.0,17.0,16.0,17.0,17.0,17.0,17.0,16.0,16.0,16.0,17.0,17.0,16.0,17.0,17.0,17.0,16.0,17.0,17.0,16.0,17.0,17.0,17.0,17.0,17.0,16.0,17.0,16.0,17.0,17.0,18.0,15.0,16.0,16.0,18.0,15.0,17.0,17.0,17.0,17.0,17.0,15.0,16.0,17.0,17.0,16.0,14.0,17.0,17.0,17.0,18.0,16.0,16.0,17.0,16.0,17.0,17.0,15.0,15.0,17.0,17.0,18.0,16.0,17.0,16.0,16.0,17.0,14.0,17.0,17.0,17.0,17.0,17.0,18.0,17.0,17.0,15.0,17.0,16.0,18.0,15.0,14.0,17.0,15.0,16.0,17.0,17.0,17.0,16.0,15.0,17.0,17.0,17.0,15.0,17.0,18.0,16.0,18.0,17.0,16.0,17.0,17.0,16.0,17.0,18.0,17.0,16.0,18.0,16.0,15.0,17.0,17.0,17.0,17.0,16.0,16.0,17.0,17.0,17.0,16.0
3265,5.0,16.0,32.0,55.0,12.0,70.0,6.0,18.0,22.0,11.0,812.0,898.0,6.0,2.0,24.0,7.0,4.0,8.0,17.0,5.0,12.0,8.0,524.0,3.0,28.0,10.0,5.0,199.0,8.0,7.0,392.0,62.0,11.0,42.0,69.0,2.0,12.0,6.0,7.0,32.0,9.0,15.0,11.0,2.0,8.0,14.0,2.0,24.0,12.0,32.0,3.0,221.0,6.0,779.0,1257.0,11.0,25.0,8.0,1272.0,1199.0,5.0,4.0,8.0,4.0,6.0,5.0,5.0,4.0,17.0,780.0,30.0,5.0,50.0,12.0,24.0,3.0,41.0,1285.0,33.0,11.0,24.0,32.0,616.0,6.0,3.0,5.0,5.0,5.0,1129.0,890.0,21.0,4.0,19.0,2.0,23.0,20.0,5.0,6.0,9.0,6.0,15.0,8.0,2.0,24.0,6.0,6.0,9.0,5.0,1257.0,14.0,5.0,7.0,54.0,5.0,3.0,11.0,5.0,5.0,5.0,25.0,10.0,13.0,14.0,8.0,25.0,2.0,25.0,6.0
3267,11.0,10.0,10.0,11.0,10.0,10.0,10.0,11.0,10.0,10.0,10.0,10.0,10.0,11.0,10.0,10.0,11.0,11.0,10.0,11.0,10.0,11.0,10.0,10.0,10.0,10.0,11.0,11.0,10.0,10.0,11.0,10.0,11.0,11.0,11.0,11.0,11.0,10.0,11.0,10.0,10.0,11.0,10.0,11.0,11.0,11.0,11.0,10.0,10.0,10.0,11.0,11.0,10.0,10.0,11.0,11.0,11.0,11.0,10.0,10.0,11.0,10.0,11.0,11.0,11.0,11.0,11.0,11.0,11.0,10.0,11.0,10.0,11.0,10.0,11.0,11.0,10.0,11.0,11.0,11.0,10.0,11.0,10.0,11.0,11.0,10.0,11.0,10.0,11.0,10.0,10.0,11.0,10.0,11.0,11.0,10.0,10.0,11.0,11.0,10.0,11.0,10.0,11.0,10.0,10.0,11.0,10.0,10.0,11.0,10.0,11.0,11.0,10.0,10.0,10.0,11.0,10.0,11.0,10.0,10.0,11.0,11.0,11.0,11.0,11.0,10.0,11.0,10.0
3268,8.0,12.0,47.0,37.0,21.0,5.0,87.0,61.0,7.0,5.0,16.0,13.0,6.0,16.0,5.0,8.0,15.0,5.0,9.0,32.0,5.0,5.0,5.0,901.0,8.0,41.0,34.0,24.0,27.0,63.0,38.0,9.0,14.0,7.0,39.0,44.0,36.0,4.0,37.0,6.0,36.0,5.0,6.0,17.0,5.0,6.0,33.0,9.0,5.0,13.0,41.0,11.0,11.0,6.0,13.0,6.0,71.0,6.0,12.0,5.0,798.0,42.0,10.0,46.0,7.0,71.0,50.0,5.0,13.0,28.0,7.0,5.0,5.0,40.0,8.0,35.0,38.0,25.0,6.0,5.0,6.0,52.0,13.0,15.0,26.0,5.0,5.0,28.0,37.0,5.0,17.0,7.0,5.0,5.0,7.0,5.0,32.0,41.0,6.0,39.0,5.0,30.0,12.0,21.0,45.0,29.0,10.0,48.0,10.0,34.0,29.0,6.0,10.0,15.0,34.0,21.0,9.0,57.0,29.0,14.0,7.0,13.0,6.0,26.0,8.0,9.0,37.0,15.0
3272,10.0,8.0,10.0,9.0,8.0,7.0,9.0,9.0,9.0,9.0,8.0,11.0,9.0,9.0,9.0,8.0,10.0,9.0,9.0,9.0,8.0,9.0,11.0,9.0,9.0,9.0,9.0,8.0,8.0,9.0,8.0,9.0,8.0,9.0,9.0,8.0,9.0,8.0,9.0,9.0,8.0,8.0,7.0,10.0,8.0,9.0,9.0,9.0,8.0,9.0,8.0,9.0,8.0,10.0,9.0,8.0,9.0,7.0,10.0,9.0,9.0,9.0,10.0,9.0,10.0,9.0,8.0,9.0,9.0,9.0,8.0,8.0,10.0,7.0,8.0,8.0,9.0,7.0,7.0,8.0,8.0,10.0,11.0,8.0,9.0,9.0,7.0,10.0,8.0,10.0,10.0,8.0,9.0,10.0,9.0,10.0,9.0,8.0,10.0,8.0,8.0,8.0,9.0,9.0,12.0,8.0,9.0,10.0,8.0,8.0,8.0,10.0,10.0,9.0,8.0,9.0,9.0,7.0,7.0,9.0,9.0,10.0,9.0,7.0,8.0,8.0,8.0,8.0
3281,200.0,465.0,397.0,40.0,42.0,382.0,569.0,5.0,43.0,300.0,287.0,126.0,26.0,35.0,7.0,471.0,7.0,24.0,5.0,371.0,29.0,23.0,7.0,95.0,5.0,5.0,48.0,103.0,5.0,12.0,656.0,27.0,151.0,19.0,48.0,5.0,5.0,357.0,15.0,6.0,750.0,733.0,22.0,9.0,993.0,616.0,343.0,34.0,292.0,164.0,5.0,5.0,6.0,11.0,15.0,499.0,5.0,217.0,7.0,5.0,5.0,9.0,980.0,283.0,13.0,12.0,613.0,22.0,235.0,21.0,6.0,96.0,17.0,555.0,45.0,26.0,5.0,9.0,7.0,12.0,37.0,196.0,231.0,5.0,37.0,310.0,5.0,8.0,5.0,51.0,5.0,6.0,7.0,5.0,565.0,5.0,90.0,209.0,5.0,5.0,166.0,160.0,421.0,6.0,623.0,52.0,9.0,5.0,6.0,1.0,276.0,130.0,8.0,5.0,973.0,658.0,667.0,437.0,15.0,706.0,5.0,10.0,5.0,183.0,41.0,301.0,5.0,10.0
3282,8.0,8.0,8.0,8.0,8.0,8.0,8.0,8.0,8.0,8.0,7.0,7.0,8.0,7.0,8.0,8.0,7.0,8.0,8.0,8.0,8.0,8.0,8.0,8.0,8.0,8.0,8.0,8.0,8.0,8.0,8.0,8.0,8.0,8.0,8.0,8.0,8.0,8.0,7.0,8.0,8.0,8.0,8.0,8.0,7.0,8.0,8.0,7.0,7.0,8.0,7.0,8.0,8.0,8.0,8.0,8.0,8.0,8.0,7.0,8.0,8.0,8.0,8.0,8.0,8.0,7.0,8.0,8.0,8.0,7.0,7.0,7.0,8.0,8.0,7.0,8.0,7.0,6.0,8.0,8.0,7.0,8.0,8.0,8.0,8.0,8.0,8.0,8.0,8.0,8.0,8.0,8.0,7.0,8.0,8.0,8.0,8.0,8.0,8.0,8.0,8.0,8.0,8.0,8.0,7.0,8.0,8.0,8.0,8.0,7.0,8.0,7.0,8.0,8.0,8.0,8.0,8.0,8.0,8.0,7.0,8.0,8.0,8.0,8.0,7.0,8.0,8.0,8.0
3284,209.0,200.0,191.0,202.0,188.0,208.0,187.0,183.0,191.0,205.0,201.0,196.0,195.0,196.0,192.0,207.0,185.0,201.0,201.0,211.0,210.0,201.0,197.0,195.0,196.0,208.0,199.0,221.0,195.0,195.0,198.0,205.0,202.0,193.0,197.0,190.0,204.0,188.0,190.0,221.0,205.0,201.0,235.0,201.0,202.0,211.0,202.0,200.0,188.0,200.0,182.0,199.0,198.0,198.0,228.0,192.0,196.0,197.0,222.0,200.0,197.0,205.0,205.0,196.0,206.0,191.0,194.0,204.0,199.0,202.0,198.0,221.0,217.0,197.0,188.0,195.0,219.0,218.0,208.0,199.0,193.0,198.0,200.0,214.0,198.0,191.0,199.0,196.0,196.0,189.0,180.0,214.0,204.0,195.0,205.0,218.0,194.0,195.0,217.0,199.0,187.0,214.0,198.0,197.0,207.0,197.0,197.0,234.0,211.0,196.0,192.0,209.0,205.0,199.0,205.0,201.0,191.0,205.0,201.0,188.0,190.0,208.0,201.0,190.0,210.0,191.0,202.0,197.0
3285,613.0,28.0,13.0,27.0,121.0,134.0,74.0,117.0,97.0,143.0,741.0,75.0,90.0,98.0,110.0,100.0,269.0,103.0,580.0,97.0,76.0,709.0,74.0,88.0,114.0,116.0,123.0,108.0,620.0,585.0,108.0,694.0,95.0,113.0,80.0,148.0,108.0,736.0,709.0,811.0,82.0,108.0,96.0,100.0,81.0,72.0,91.0,101.0,62.0,637.0,81.0,333.0,88.0,92.0,97.0,98.0,101.0,75.0,93.0,632.0,657.0,75.0,142.0,96.0,91.0,18.0,105.0,16.0,94.0,91.0,674.0,87.0,644.0,629.0,92.0,105.0,602.0,26.0,939.0,353.0,601.0,90.0,92.0,36.0,87.0,806.0,96.0,68.0,94.0,91.0,101.0,706.0,120.0,100.0,77.0,92.0,87.0,82.0,81.0,106.0,96.0,83.0,305.0,78.0,272.0,248.0,105.0,21.0,22.0,66.0,70.0,25.0,81.0,23.0,24.0,667.0,86.0,94.0,713.0,109.0,97.0,102.0,75.0,719.0,100.0,122.0,81.0,76.0
3291,21.0,22.0,21.0,22.0,22.0,22.0,20.0,19.0,24.0,22.0,22.0,21.0,24.0,19.0,19.0,22.0,21.0,23.0,22.0,19.0,21.0,20.0,16.0,19.0,26.0,21.0,19.0,22.0,20.0,19.0,17.0,18.0,22.0,20.0,23.0,20.0,23.0,25.0,19.0,19.0,23.0,24.0,24.0,24.0,28.0,19.0,23.0,21.0,19.0,21.0,17.0,24.0,23.0,21.0,22.0,21.0,21.0,22.0,21.0,16.0,26.0,23.0,21.0,22.0,18.0,19.0,17.0,22.0,17.0,24.0,20.0,18.0,20.0,24.0,21.0,22.0,23.0,16.0,19.0,20.0,20.0,23.0,21.0,23.0,22.0,23.0,24.0,21.0,25.0,18.0,22.0,22.0,21.0,20.0,25.0,21.0,20.0,23.0,22.0,17.0,22.0,22.0,19.0,19.0,16.0,24.0,24.0,22.0,21.0,18.0,19.0,24.0,21.0,21.0,19.0,22.0,19.0,22.0,18.0,20.0,20.0,25.0,23.0,24.0,21.0,22.0,22.0,20.0
3298,8.0,8.0,7.0,7.0,7.0,7.0,7.0,6.0,6.0,7.0,8.0,8.0,7.0,7.0,7.0,8.0,7.0,7.0,7.0,7.0,8.0,7.0,7.0,7.0,7.0,8.0,7.0,8.0,8.0,8.0,8.0,7.0,7.0,8.0,7.0,7.0,7.0,7.0,7.0,7.0,7.0,7.0,8.0,7.0,6.0,8.0,7.0,6.0,8.0,7.0,8.0,7.0,8.0,7.0,7.0,7.0,7.0,7.0,7.0,6.0,7.0,8.0,6.0,8.0,7.0,6.0,7.0,8.0,8.0,6.0,8.0,7.0,8.0,7.0,7.0,7.0,6.0,8.0,8.0,8.0,8.0,7.0,8.0,7.0,7.0,6.0,7.0,7.0,8.0,7.0,7.0,8.0,7.0,9.0,6.0,8.0,7.0,8.0,8.0,7.0,8.0,7.0,7.0,6.0,7.0,7.0,7.0,8.0,8.0,8.0,7.0,8.0,7.0,7.0,8.0,6.0,8.0,7.0,8.0,7.0,8.0,7.0,7.0,7.0,8.0,7.0,7.0,6.0
3301,1.0,1061.0,1098.0,1.0,1032.0,1.0,1.0,1052.0,982.0,1040.0,1066.0,1.0,1066.0,1.0,1104.0,1106.0,1108.0,1151.0,1138.0,1120.0,1.0,1.0,1.0,1.0,1098.0,1.0,1171.0,1116.0,1.0,1.0,1.0,1116.0,1187.0,1080.0,1120.0,1174.0,1.0,1142.0,1.0,1.0,1.0,1.0,1.0,1.0,1197.0,1250.0,1.0,1.0,1076.0,1.0,1.0,1.0,1.0,1213.0,1048.0,1.0,1.0,1187.0,1162.0,1187.0,1132.0,1.0,1.0,1139.0,1.0,1098.0,1.0,1.0,1258.0,1.0,1205.0,1.0,1.0,1.0,1136.0,1.0,1.0,1177.0,1058.0,1154.0,1.0,1193.0,1319.0,1.0,1.0,1.0,1154.0,1163.0,1163.0,1093.0,1102.0,1.0,1245.0,1.0,1.0,1.0,1.0,1179.0,1.0,1.0,1.0,1.0,1114.0,1284.0,1179.0,1040.0,1192.0,1103.0,1151.0,1.0,1161.0,1177.0,1092.0,1142.0,1.0,1163.0,1064.0,1.0,1.0,1083.0,1160.0,1087.0,1159.0,1.0,1.0,1154.0,1.0,1173.0
3302,12.0,19.0,21.0,17.0,17.0,24.0,307.0,14.0,14.0,20.0,9.0,11.0,618.0,621.0,22.0,11.0,24.0,12.0,24.0,15.0,8.0,15.0,356.0,20.0,13.0,18.0,16.0,27.0,19.0,15.0,15.0,15.0,11.0,16.0,6.0,14.0,15.0,12.0,22.0,730.0,12.0,19.0,25.0,17.0,21.0,14.0,19.0,6.0,21.0,22.0,16.0,14.0,694.0,21.0,16.0,678.0,11.0,335.0,26.0,19.0,20.0,12.0,20.0,14.0,670.0,12.0,660.0,212.0,17.0,10.0,10.0,15.0,16.0,628.0,19.0,396.0,19.0,11.0,24.0,10.0,22.0,24.0,613.0,19.0,17.0,14.0,19.0,9.0,20.0,611.0,18.0,27.0,21.0,606.0,433.0,662.0,19.0,14.0,12.0,416.0,20.0,397.0,24.0,16.0,13.0,527.0,24.0,18.0,17.0,28.0,28.0,391.0,487.0,25.0,737.0,25.0,18.0,15.0,16.0,18.0,16.0,708.0,28.0,13.0,13.0,18.0,20.0,9.0
3303,394.0,644.0,552.0,541.0,265.0,350.0,409.0,391.0,280.0,281.0,417.0,489.0,472.0,298.0,420.0,298.0,201.0,389.0,519.0,211.0,224.0,167.0,377.0,371.0,245.0,341.0,226.0,568.0,272.0,415.0,249.0,494.0,439.0,277.0,247.0,225.0,332.0,242.0,255.0,221.0,230.0,282.0,223.0,232.0,126.0,241.0,226.0,210.0,215.0,371.0,289.0,187.0,243.0,323.0,268.0,385.0,324.0,226.0,314.0,493.0,172.0,240.0,314.0,377.0,582.0,267.0,318.0,54.0,224.0,397.0,245.0,270.0,232.0,167.0,389.0,266.0,239.0,182.0,295.0,345.0,387.0,255.0,431.0,229.0,249.0,204.0,311.0,250.0,247.0,219.0,241.0,522.0,226.0,311.0,372.0,351.0,270.0,225.0,255.0,395.0,221.0,231.0,216.0,215.0,371.0,213.0,176.0,204.0,330.0,306.0,354.0,320.0,392.0,253.0,269.0,322.0,267.0,515.0,313.0,253.0,308.0,234.0,238.0,189.0,193.0,314.0,472.0,265.0
3304,768.0,662.0,579.0,340.0,843.0,629.0,542.0,411.0,814.0,835.0,478.0,745.0,265.0,818.0,426.0,268.0,1139.0,796.0,651.0,293.0,654.0,822.0,872.0,465.0,523.0,347.0,429.0,507.0,347.0,636.0,528.0,449.0,739.0,621.0,798.0,625.0,850.0,339.0,731.0,802.0,520.0,784.0,577.0,464.0,688.0,979.0,325.0,1063.0,574.0,723.0,513.0,513.0,881.0,753.0,474.0,799.0,903.0,1004.0,293.0,862.0,353.0,880.0,866.0,750.0,548.0,831.0,779.0,782.0,395.0,621.0,494.0,712.0,330.0,757.0,487.0,493.0,576.0,833.0,768.0,912.0,331.0,821.0,748.0,527.0,770.0,498.0,522.0,511.0,837.0,418.0,649.0,549.0,700.0,325.0,844.0,346.0,490.0,585.0,799.0,544.0,702.0,333.0,1324.0,586.0,337.0,437.0,292.0,499.0,770.0,298.0,312.0,307.0,367.0,1155.0,380.0,466.0,803.0,493.0,752.0,354.0,745.0,955.0,500.0,1054.0,798.0,328.0,850.0,790.0
3307,9.0,9.0,9.0,9.0,9.0,9.0,10.0,11.0,9.0,10.0,9.0,9.0,9.0,9.0,9.0,9.0,10.0,10.0,10.0,9.0,10.0,10.0,9.0,10.0,9.0,10.0,9.0,9.0,9.0,8.0,9.0,8.0,9.0,9.0,9.0,9.0,9.0,10.0,9.0,9.0,9.0,9.0,9.0,9.0,9.0,10.0,9.0,9.0,9.0,9.0,9.0,9.0,10.0,10.0,9.0,9.0,9.0,9.0,9.0,8.0,9.0,9.0,9.0,9.0,9.0,10.0,9.0,9.0,10.0,10.0,8.0,9.0,9.0,8.0,9.0,9.0,9.0,10.0,9.0,9.0,9.0,10.0,9.0,9.0,9.0,9.0,9.0,9.0,10.0,9.0,9.0,9.0,9.0,9.0,10.0,8.0,10.0,9.0,9.0,9.0,8.0,10.0,10.0,10.0,9.0,8.0,9.0,9.0,9.0,9.0,9.0,9.0,9.0,9.0,9.0,10.0,9.0,9.0,10.0,9.0,10.0,10.0,9.0,9.0,9.0,9.0,9.0,9.0
3311,509.0,651.0,461.0,448.0,773.0,487.0,486.0,471.0,541.0,498.0,471.0,455.0,429.0,500.0,459.0,599.0,587.0,620.0,514.0,659.0,1010.0,578.0,699.0,645.0,568.0,800.0,600.0,683.0,582.0,535.0,571.0,585.0,567.0,548.0,586.0,493.0,680.0,713.0,747.0,560.0,673.0,536.0,536.0,533.0,638.0,557.0,566.0,554.0,688.0,725.0,645.0,641.0,577.0,721.0,535.0,710.0,473.0,563.0,565.0,508.0,566.0,652.0,745.0,727.0,657.0,589.0,656.0,585.0,519.0,1085.0,562.0,568.0,603.0,571.0,582.0,561.0,534.0,531.0,649.0,609.0,536.0,570.0,501.0,566.0,585.0,507.0,565.0,575.0,580.0,481.0,528.0,563.0,527.0,568.0,548.0,688.0,678.0,500.0,564.0,538.0,553.0,535.0,603.0,792.0,756.0,560.0,606.0,585.0,617.0,608.0,565.0,518.0,626.0,575.0,569.0,747.0,606.0,581.0,484.0,477.0,817.0,565.0,610.0,630.0,533.0,450.0,606.0,557.0
3312,204.0,193.0,186.0,198.0,184.0,202.0,185.0,180.0,186.0,204.0,198.0,191.0,187.0,189.0,188.0,202.0,180.0,197.0,196.0,204.0,209.0,198.0,196.0,191.0,190.0,204.0,195.0,209.0,191.0,189.0,192.0,200.0,196.0,192.0,193.0,186.0,199.0,186.0,185.0,214.0,201.0,194.0,225.0,200.0,198.0,206.0,199.0,194.0,184.0,198.0,179.0,195.0,194.0,195.0,219.0,188.0,191.0,195.0,216.0,196.0,194.0,199.0,201.0,194.0,200.0,188.0,188.0,201.0,195.0,196.0,193.0,218.0,209.0,191.0,187.0,190.0,213.0,215.0,204.0,189.0,185.0,193.0,196.0,207.0,194.0,188.0,193.0,186.0,195.0,184.0,174.0,206.0,199.0,192.0,197.0,213.0,191.0,188.0,212.0,196.0,184.0,205.0,193.0,191.0,201.0,191.0,192.0,227.0,207.0,192.0,188.0,204.0,202.0,196.0,202.0,199.0,186.0,200.0,192.0,183.0,193.0,202.0,196.0,184.0,208.0,188.0,198.0,194.0
3313,5.0,5.0,5.0,5.0,5.0,5.0,5.0,5.0,4.0,4.0,5.0,5.0,5.0,4.0,5.0,5.0,5.0,5.0,4.0,5.0,4.0,5.0,5.0,5.0,5.0,5.0,5.0,4.0,4.0,5.0,5.0,4.0,4.0,5.0,5.0,5.0,5.0,5.0,5.0,5.0,5.0,5.0,5.0,4.0,5.0,5.0,5.0,5.0,5.0,5.0,5.0,5.0,4.0,5.0,4.0,5.0,5.0,4.0,4.0,4.0,4.0,5.0,5.0,5.0,5.0,5.0,5.0,5.0,5.0,4.0,5.0,5.0,5.0,5.0,5.0,4.0,5.0,4.0,5.0,5.0,4.0,5.0,5.0,5.0,4.0,5.0,5.0,5.0,5.0,5.0,4.0,5.0,5.0,5.0,5.0,5.0,5.0,4.0,4.0,5.0,5.0,5.0,5.0,5.0,4.0,5.0,4.0,5.0,5.0,4.0,5.0,5.0,5.0,4.0,5.0,5.0,5.0,5.0,5.0,5.0,5.0,4.0,5.0,5.0,5.0,4.0,5.0,5.0
3314,3.0,3.0,1198.0,1285.0,1242.0,3.0,1312.0,3.0,3.0,3.0,1133.0,1364.0,3.0,1315.0,4.0,1184.0,1316.0,1252.0,4.0,3.0,3.0,1590.0,4.0,3.0,1285.0,1307.0,1326.0,1538.0,1252.0,3.0,1321.0,1370.0,3.0,3.0,4.0,3.0,3.0,4.0,3.0,1678.0,3.0,1223.0,1205.0,1316.0,4.0,3.0,3.0,3.0,4.0,3.0,1243.0,1256.0,3.0,1245.0,1245.0,1351.0,3.0,1260.0,3.0,1603.0,1164.0,1302.0,4.0,3.0,1282.0,3.0,1318.0,1620.0,3.0,3.0,1271.0,1271.0,1291.0,4.0,3.0,3.0,1359.0,1557.0,1564.0,1438.0,3.0,1104.0,3.0,1379.0,3.0,1591.0,1218.0,3.0,1623.0,3.0,494.0,3.0,1324.0,4.0,1620.0,1264.0,1617.0,3.0,4.0,1629.0,1661.0,3.0,1638.0,3.0,4.0,1347.0,3.0,1251.0,3.0,1325.0,3.0,4.0,1630.0,1247.0,1055.0,1495.0,1285.0,1244.0,3.0,3.0,1357.0,1193.0,3.0,4.0,3.0,3.0,3.0,1626.0
3316,171.0,161.0,154.0,196.0,152.0,194.0,148.0,149.0,154.0,131.0,150.0,458.0,148.0,188.0,197.0,154.0,145.0,170.0,140.0,165.0,169.0,171.0,148.0,147.0,155.0,240.0,136.0,215.0,166.0,199.0,196.0,171.0,190.0,160.0,140.0,172.0,129.0,213.0,151.0,160.0,148.0,208.0,149.0,145.0,134.0,136.0,191.0,179.0,154.0,129.0,174.0,143.0,347.0,186.0,138.0,174.0,158.0,143.0,184.0,178.0,360.0,243.0,150.0,246.0,191.0,161.0,193.0,138.0,163.0,150.0,255.0,161.0,200.0,336.0,148.0,180.0,180.0,47.0,147.0,228.0,173.0,159.0,145.0,159.0,156.0,196.0,164.0,158.0,181.0,174.0,191.0,169.0,139.0,211.0,200.0,146.0,168.0,155.0,156.0,151.0,174.0,158.0,158.0,130.0,148.0,183.0,176.0,178.0,152.0,209.0,161.0,193.0,153.0,133.0,166.0,194.0,182.0,150.0,189.0,185.0,195.0,162.0,204.0,157.0,191.0,211.0,121.0,164.0
3318,16.0,16.0,15.0,15.0,16.0,16.0,16.0,16.0,16.0,16.0,16.0,16.0,16.0,16.0,16.0,16.0,15.0,16.0,15.0,16.0,15.0,16.0,16.0,16.0,16.0,16.0,16.0,15.0,16.0,16.0,16.0,16.0,16.0,15.0,16.0,15.0,16.0,15.0,16.0,16.0,16.0,16.0,16.0,14.0,16.0,16.0,16.0,16.0,17.0,17.0,16.0,16.0,16.0,15.0,16.0,17.0,16.0,16.0,16.0,16.0,16.0,16.0,16.0,15.0,16.0,16.0,16.0,16.0,17.0,16.0,16.0,16.0,16.0,16.0,16.0,14.0,17.0,15.0,16.0,16.0,17.0,15.0,16.0,17.0,16.0,16.0,16.0,15.0,16.0,16.0,15.0,16.0,16.0,16.0,16.0,16.0,16.0,16.0,16.0,15.0,15.0,16.0,16.0,16.0,16.0,16.0,16.0,16.0,16.0,16.0,16.0,16.0,16.0,16.0,16.0,16.0,16.0,16.0,17.0,16.0,16.0,16.0,16.0,16.0,14.0,16.0,15.0,16.0
3321,159.0,144.0,129.0,147.0,118.0,128.0,133.0,130.0,132.0,132.0,139.0,138.0,123.0,101.0,126.0,135.0,109.0,155.0,132.0,155.0,154.0,138.0,148.0,112.0,132.0,138.0,108.0,145.0,135.0,126.0,132.0,161.0,147.0,78.0,147.0,127.0,131.0,137.0,149.0,131.0,136.0,145.0,144.0,156.0,130.0,134.0,129.0,144.0,114.0,135.0,132.0,141.0,82.0,141.0,151.0,95.0,83.0,156.0,131.0,131.0,136.0,123.0,133.0,126.0,129.0,119.0,142.0,110.0,138.0,149.0,139.0,148.0,154.0,87.0,130.0,95.0,137.0,144.0,141.0,139.0,140.0,130.0,98.0,150.0,133.0,137.0,142.0,124.0,116.0,91.0,130.0,144.0,136.0,136.0,97.0,143.0,135.0,131.0,154.0,141.0,131.0,142.0,67.0,141.0,134.0,124.0,89.0,151.0,144.0,139.0,142.0,153.0,136.0,116.0,97.0,97.0,105.0,88.0,152.0,121.0,131.0,158.0,140.0,89.0,153.0,132.0,146.0,125.0
3322,16.0,16.0,16.0,16.0,16.0,16.0,16.0,16.0,16.0,17.0,16.0,16.0,17.0,16.0,16.0,16.0,16.0,16.0,16.0,16.0,15.0,16.0,16.0,16.0,16.0,16.0,16.0,16.0,16.0,17.0,16.0,17.0,16.0,16.0,17.0,16.0,16.0,16.0,16.0,16.0,16.0,17.0,16.0,15.0,16.0,16.0,16.0,16.0,17.0,17.0,16.0,16.0,16.0,15.0,16.0,17.0,16.0,17.0,16.0,16.0,17.0,16.0,15.0,15.0,16.0,16.0,16.0,17.0,17.0,16.0,16.0,16.0,16.0,17.0,16.0,15.0,17.0,16.0,16.0,16.0,17.0,16.0,16.0,17.0,16.0,16.0,16.0,16.0,16.0,16.0,15.0,17.0,16.0,17.0,16.0,17.0,16.0,16.0,16.0,16.0,15.0,16.0,16.0,15.0,16.0,16.0,17.0,16.0,16.0,16.0,16.0,16.0,16.0,17.0,16.0,16.0,16.0,17.0,17.0,16.0,15.0,16.0,16.0,16.0,16.0,16.0,16.0,16.0
3323,6.0,32.0,29.0,8.0,25.0,5.0,14.0,9.0,31.0,37.0,5.0,7.0,7.0,42.0,49.0,7.0,7.0,65.0,45.0,46.0,6.0,5.0,6.0,31.0,29.0,7.0,7.0,57.0,11.0,5.0,9.0,20.0,19.0,5.0,5.0,40.0,62.0,43.0,7.0,46.0,7.0,50.0,17.0,37.0,35.0,15.0,6.0,19.0,25.0,31.0,8.0,7.0,18.0,13.0,11.0,5.0,7.0,43.0,76.0,5.0,20.0,7.0,5.0,8.0,6.0,40.0,34.0,20.0,48.0,7.0,7.0,6.0,6.0,9.0,18.0,7.0,50.0,15.0,46.0,27.0,17.0,8.0,6.0,9.0,5.0,7.0,36.0,8.0,5.0,35.0,9.0,46.0,46.0,26.0,5.0,30.0,8.0,41.0,31.0,6.0,17.0,44.0,12.0,63.0,5.0,54.0,43.0,46.0,5.0,21.0,11.0,8.0,14.0,7.0,46.0,9.0,56.0,6.0,6.0,41.0,5.0,38.0,15.0,5.0,5.0,5.0,5.0,6.0
3325,18.0,8.0,4.0,22.0,23.0,5.0,3.0,4.0,10.0,13.0,3.0,17.0,3.0,3.0,6.0,4.0,946.0,4.0,910.0,29.0,892.0,23.0,910.0,386.0,896.0,5.0,7.0,4.0,903.0,4.0,30.0,24.0,3.0,27.0,5.0,21.0,5.0,913.0,4.0,7.0,14.0,10.0,25.0,5.0,12.0,3.0,3.0,27.0,16.0,913.0,916.0,1004.0,23.0,3.0,5.0,3.0,17.0,9.0,4.0,9.0,11.0,11.0,28.0,12.0,7.0,33.0,29.0,18.0,7.0,943.0,5.0,4.0,3.0,3.0,15.0,9.0,4.0,4.0,5.0,4.0,8.0,2.0,895.0,7.0,914.0,927.0,3.0,927.0,926.0,22.0,10.0,23.0,18.0,896.0,950.0,26.0,939.0,5.0,4.0,935.0,30.0,11.0,3.0,7.0,892.0,6.0,4.0,7.0,10.0,26.0,5.0,3.0,911.0,891.0,9.0,11.0,939.0,3.0,924.0,4.0,20.0,13.0,26.0,6.0,16.0,18.0,910.0,3.0
3327,12.0,12.0,11.0,12.0,712.0,5.0,12.0,12.0,11.0,12.0,9.0,5.0,12.0,11.0,12.0,9.0,12.0,599.0,596.0,206.0,12.0,72.0,12.0,987.0,627.0,10.0,10.0,12.0,11.0,607.0,12.0,458.0,12.0,6.0,12.0,16.0,12.0,11.0,12.0,1104.0,12.0,445.0,12.0,11.0,3.0,12.0,819.0,976.0,12.0,6.0,12.0,5.0,10.0,140.0,11.0,12.0,12.0,12.0,979.0,12.0,736.0,13.0,455.0,5.0,10.0,620.0,529.0,900.0,12.0,538.0,7.0,5.0,9.0,202.0,12.0,986.0,10.0,5.0,13.0,751.0,12.0,12.0,12.0,12.0,8.0,12.0,862.0,5.0,12.0,5.0,12.0,489.0,12.0,10.0,677.0,12.0,5.0,13.0,11.0,12.0,10.0,922.0,12.0,12.0,14.0,12.0,12.0,10.0,13.0,7.0,12.0,325.0,612.0,12.0,12.0,12.0,1005.0,712.0,12.0,13.0,5.0,890.0,11.0,12.0,12.0,12.0,5.0,17.0
3330,50.0,229.0,115.0,39.0,124.0,10.0,281.0,99.0,304.0,54.0,29.0,484.0,263.0,306.0,107.0,59.0,70.0,254.0,147.0,88.0,79.0,23.0,87.0,60.0,12.0,30.0,67.0,490.0,92.0,310.0,417.0,33.0,148.0,243.0,76.0,28.0,66.0,299.0,9.0,94.0,310.0,349.0,296.0,39.0,72.0,303.0,37.0,131.0,113.0,68.0,125.0,305.0,467.0,48.0,110.0,295.0,113.0,258.0,34.0,283.0,290.0,322.0,83.0,35.0,310.0,107.0,34.0,234.0,36.0,72.0,428.0,384.0,29.0,311.0,85.0,295.0,267.0,300.0,249.0,10.0,39.0,299.0,87.0,149.0,292.0,24.0,105.0,150.0,312.0,97.0,278.0,29.0,96.0,363.0,433.0,334.0,34.0,84.0,279.0,305.0,301.0,108.0,328.0,67.0,54.0,126.0,21.0,26.0,64.0,499.0,152.0,284.0,111.0,99.0,32.0,448.0,40.0,290.0,326.0,539.0,514.0,314.0,171.0,487.0,21.0,365.0,62.0,286.0
3337,17.0,17.0,16.0,17.0,16.0,17.0,16.0,17.0,17.0,17.0,17.0,17.0,17.0,16.0,19.0,16.0,16.0,17.0,17.0,17.0,17.0,16.0,18.0,17.0,17.0,20.0,17.0,17.0,17.0,16.0,19.0,16.0,19.0,15.0,17.0,18.0,18.0,16.0,18.0,14.0,16.0,17.0,18.0,17.0,18.0,18.0,15.0,17.0,17.0,18.0,17.0,18.0,17.0,16.0,16.0,17.0,15.0,19.0,16.0,15.0,17.0,17.0,17.0,17.0,17.0,16.0,17.0,15.0,17.0,17.0,18.0,18.0,16.0,17.0,17.0,17.0,17.0,14.0,16.0,17.0,18.0,17.0,17.0,16.0,18.0,17.0,17.0,17.0,17.0,16.0,16.0,16.0,16.0,17.0,19.0,18.0,16.0,16.0,17.0,17.0,16.0,16.0,16.0,17.0,17.0,16.0,16.0,18.0,15.0,16.0,16.0,17.0,15.0,18.0,17.0,17.0,18.0,17.0,17.0,17.0,17.0,16.0,15.0,18.0,16.0,18.0,18.0,17.0
3339,9.0,9.0,11.0,14.0,9.0,10.0,9.0,11.0,9.0,10.0,9.0,10.0,10.0,9.0,13.0,9.0,12.0,8.0,9.0,11.0,10.0,11.0,12.0,10.0,9.0,9.0,9.0,8.0,9.0,9.0,8.0,14.0,9.0,10.0,8.0,11.0,12.0,14.0,9.0,9.0,9.0,9.0,8.0,9.0,9.0,11.0,10.0,8.0,9.0,11.0,9.0,9.0,10.0,9.0,10.0,9.0,14.0,9.0,9.0,9.0,9.0,9.0,10.0,9.0,9.0,10.0,9.0,10.0,9.0,9.0,10.0,9.0,9.0,9.0,9.0,9.0,9.0,8.0,9.0,9.0,9.0,9.0,9.0,9.0,13.0,9.0,9.0,9.0,10.0,12.0,9.0,13.0,9.0,9.0,9.0,10.0,9.0,10.0,9.0,9.0,9.0,9.0,12.0,10.0,12.0,9.0,9.0,9.0,9.0,9.0,18.0,9.0,9.0,9.0,9.0,9.0,10.0,10.0,11.0,10.0,11.0,9.0,9.0,9.0,9.0,10.0,10.0,10.0
3340,65.0,64.0,92.0,35.0,119.0,170.0,54.0,73.0,73.0,212.0,120.0,33.0,61.0,156.0,108.0,107.0,26.0,40.0,42.0,40.0,26.0,12.0,87.0,38.0,69.0,135.0,95.0,25.0,64.0,35.0,156.0,216.0,97.0,46.0,36.0,56.0,31.0,147.0,80.0,39.0,140.0,64.0,37.0,142.0,61.0,55.0,61.0,154.0,34.0,59.0,76.0,30.0,123.0,137.0,181.0,53.0,80.0,143.0,107.0,152.0,27.0,119.0,37.0,63.0,28.0,170.0,51.0,67.0,124.0,90.0,117.0,51.0,74.0,78.0,47.0,116.0,109.0,50.0,41.0,156.0,40.0,124.0,77.0,170.0,176.0,80.0,87.0,82.0,63.0,91.0,204.0,138.0,49.0,27.0,31.0,168.0,74.0,122.0,107.0,114.0,170.0,139.0,129.0,43.0,209.0,161.0,52.0,58.0,106.0,152.0,153.0,35.0,30.0,136.0,128.0,68.0,135.0,131.0,52.0,67.0,37.0,27.0,115.0,45.0,41.0,45.0,129.0,127.0
3341,35.0,34.0,25.0,23.0,34.0,34.0,24.0,34.0,24.0,24.0,33.0,35.0,35.0,34.0,24.0,24.0,34.0,33.0,35.0,35.0,24.0,35.0,35.0,24.0,34.0,34.0,34.0,24.0,26.0,35.0,24.0,24.0,24.0,24.0,35.0,34.0,35.0,35.0,34.0,34.0,34.0,35.0,35.0,23.0,23.0,34.0,34.0,24.0,24.0,35.0,25.0,34.0,35.0,24.0,23.0,35.0,34.0,35.0,34.0,34.0,35.0,34.0,26.0,23.0,25.0,35.0,23.0,35.0,35.0,35.0,34.0,25.0,35.0,35.0,34.0,25.0,35.0,24.0,25.0,34.0,35.0,34.0,34.0,35.0,34.0,23.0,34.0,24.0,34.0,34.0,34.0,35.0,24.0,35.0,34.0,35.0,34.0,35.0,34.0,24.0,24.0,34.0,24.0,24.0,34.0,24.0,35.0,24.0,34.0,24.0,34.0,34.0,35.0,24.0,25.0,34.0,23.0,35.0,35.0,35.0,33.0,24.0,34.0,34.0,25.0,35.0,35.0,24.0
3342,16.0,16.0,15.0,15.0,16.0,16.0,16.0,16.0,16.0,16.0,16.0,16.0,16.0,16.0,16.0,16.0,15.0,16.0,15.0,16.0,15.0,16.0,16.0,16.0,16.0,16.0,16.0,15.0,16.0,16.0,16.0,16.0,16.0,15.0,16.0,15.0,16.0,15.0,16.0,16.0,16.0,16.0,16.0,14.0,16.0,16.0,16.0,16.0,17.0,17.0,16.0,16.0,16.0,15.0,16.0,17.0,16.0,16.0,16.0,16.0,16.0,16.0,14.0,15.0,16.0,16.0,16.0,16.0,17.0,16.0,16.0,16.0,16.0,16.0,16.0,14.0,17.0,16.0,16.0,16.0,17.0,15.0,16.0,17.0,16.0,16.0,16.0,15.0,16.0,16.0,15.0,16.0,16.0,16.0,16.0,16.0,16.0,16.0,16.0,15.0,15.0,16.0,16.0,15.0,16.0,16.0,16.0,16.0,16.0,16.0,16.0,16.0,16.0,16.0,16.0,16.0,16.0,16.0,17.0,16.0,15.0,16.0,16.0,16.0,14.0,16.0,15.0,16.0
3344,54.0,44.0,18.0,22.0,50.0,39.0,11.0,35.0,58.0,42.0,15.0,71.0,53.0,62.0,15.0,44.0,45.0,16.0,75.0,45.0,63.0,46.0,23.0,55.0,23.0,12.0,13.0,60.0,45.0,14.0,15.0,86.0,11.0,56.0,41.0,55.0,14.0,63.0,18.0,47.0,37.0,40.0,14.0,44.0,67.0,44.0,14.0,12.0,16.0,56.0,51.0,50.0,12.0,19.0,19.0,66.0,58.0,92.0,18.0,15.0,16.0,12.0,50.0,14.0,10.0,109.0,48.0,41.0,37.0,11.0,60.0,12.0,66.0,61.0,10.0,18.0,12.0,90.0,22.0,17.0,63.0,17.0,75.0,78.0,44.0,63.0,14.0,14.0,142.0,12.0,40.0,48.0,11.0,15.0,15.0,11.0,52.0,58.0,13.0,49.0,59.0,11.0,55.0,42.0,14.0,52.0,81.0,49.0,55.0,52.0,14.0,36.0,13.0,59.0,17.0,70.0,37.0,100.0,48.0,12.0,19.0,67.0,60.0,50.0,14.0,26.0,15.0,14.0
3345,202.0,182.0,185.0,195.0,179.0,192.0,187.0,182.0,182.0,197.0,189.0,186.0,182.0,182.0,183.0,191.0,173.0,194.0,191.0,200.0,197.0,189.0,188.0,188.0,187.0,196.0,188.0,194.0,186.0,181.0,181.0,192.0,192.0,180.0,187.0,172.0,188.0,187.0,177.0,195.0,197.0,186.0,205.0,193.0,191.0,197.0,188.0,184.0,182.0,188.0,180.0,186.0,188.0,193.0,199.0,182.0,191.0,183.0,198.0,197.0,192.0,192.0,194.0,186.0,188.0,183.0,188.0,190.0,184.0,194.0,188.0,202.0,206.0,187.0,186.0,181.0,200.0,203.0,195.0,186.0,181.0,189.0,187.0,203.0,201.0,183.0,181.0,176.0,183.0,186.0,171.0,195.0,189.0,185.0,188.0,202.0,188.0,189.0,208.0,184.0,177.0,189.0,188.0,184.0,193.0,188.0,183.0,199.0,196.0,185.0,182.0,205.0,189.0,191.0,195.0,198.0,178.0,190.0,188.0,183.0,186.0,193.0,186.0,185.0,197.0,181.0,195.0,193.0
3351,5.0,2.0,3.0,19.0,73.0,2.0,925.0,16.0,684.0,3.0,14.0,38.0,7.0,9.0,845.0,684.0,203.0,173.0,255.0,927.0,5.0,3.0,53.0,867.0,108.0,12.0,882.0,2.0,373.0,1134.0,1095.0,225.0,143.0,72.0,2.0,904.0,16.0,3.0,553.0,5.0,444.0,688.0,3.0,259.0,257.0,597.0,548.0,513.0,6.0,507.0,3.0,965.0,2.0,1028.0,2.0,287.0,491.0,381.0,1030.0,1096.0,937.0,306.0,670.0,940.0,955.0,214.0,1067.0,398.0,271.0,872.0,262.0,327.0,905.0,684.0,892.0,3.0,878.0,388.0,3.0,902.0,124.0,3.0,5.0,3.0,3.0,257.0,2.0,13.0,3.0,649.0,57.0,8.0,1061.0,3.0,779.0,371.0,828.0,149.0,667.0,696.0,472.0,771.0,518.0,641.0,177.0,5.0,931.0,15.0,1032.0,5.0,434.0,314.0,416.0,1006.0,3.0,175.0,805.0,3.0,754.0,309.0,407.0,916.0,930.0,950.0,726.0,992.0,5.0,59.0
3352,16.0,16.0,15.0,15.0,16.0,16.0,16.0,16.0,16.0,16.0,16.0,16.0,16.0,16.0,16.0,16.0,15.0,16.0,15.0,16.0,15.0,16.0,16.0,16.0,16.0,16.0,16.0,15.0,16.0,16.0,16.0,16.0,16.0,15.0,16.0,15.0,16.0,15.0,16.0,16.0,16.0,16.0,16.0,14.0,16.0,16.0,16.0,16.0,17.0,17.0,16.0,16.0,16.0,15.0,16.0,17.0,16.0,16.0,16.0,16.0,16.0,16.0,16.0,15.0,16.0,16.0,16.0,16.0,17.0,16.0,16.0,16.0,16.0,16.0,16.0,14.0,17.0,15.0,16.0,16.0,17.0,15.0,16.0,17.0,16.0,16.0,16.0,15.0,16.0,16.0,15.0,16.0,16.0,16.0,16.0,16.0,16.0,16.0,16.0,15.0,15.0,16.0,16.0,16.0,16.0,16.0,16.0,16.0,16.0,16.0,16.0,16.0,16.0,16.0,16.0,16.0,16.0,16.0,17.0,16.0,16.0,16.0,16.0,16.0,14.0,16.0,15.0,16.0
3356,199.0,192.0,185.0,193.0,176.0,193.0,183.0,176.0,183.0,199.0,195.0,188.0,180.0,176.0,185.0,197.0,177.0,189.0,194.0,196.0,204.0,192.0,192.0,185.0,190.0,199.0,190.0,190.0,182.0,178.0,186.0,200.0,197.0,177.0,186.0,177.0,189.0,181.0,179.0,202.0,199.0,195.0,212.0,197.0,190.0,202.0,188.0,178.0,182.0,190.0,178.0,186.0,184.0,191.0,204.0,184.0,188.0,187.0,198.0,187.0,191.0,190.0,189.0,184.0,188.0,182.0,185.0,192.0,184.0,188.0,190.0,215.0,202.0,191.0,182.0,180.0,205.0,209.0,195.0,184.0,183.0,182.0,191.0,202.0,186.0,184.0,187.0,179.0,185.0,180.0,175.0,197.0,189.0,187.0,195.0,201.0,184.0,190.0,207.0,190.0,169.0,197.0,177.0,188.0,192.0,185.0,187.0,210.0,191.0,183.0,187.0,204.0,194.0,192.0,191.0,202.0,179.0,196.0,195.0,181.0,185.0,201.0,193.0,180.0,202.0,184.0,190.0,190.0
3360,1.0,1629.0,1446.0,1685.0,1707.0,1.0,1742.0,1.0,1.0,1641.0,1462.0,1.0,1.0,1.0,1492.0,1.0,1572.0,1.0,1510.0,1.0,1.0,1542.0,1515.0,1369.0,1.0,1.0,1.0,1.0,1.0,1540.0,1498.0,1.0,1.0,1.0,1438.0,1486.0,1.0,1.0,1.0,1674.0,1.0,1536.0,1430.0,1.0,1.0,1506.0,1626.0,1567.0,1.0,1505.0,1628.0,1.0,1.0,1.0,1554.0,1.0,1669.0,1251.0,1.0,1386.0,1615.0,1645.0,1.0,1.0,1676.0,1600.0,1676.0,1602.0,1747.0,1624.0,1.0,1.0,1.0,1399.0,1541.0,1.0,1.0,1.0,1.0,1.0,1.0,1.0,1430.0,1455.0,1.0,1556.0,1424.0,1519.0,1666.0,1463.0,1.0,1474.0,1495.0,1668.0,1670.0,1.0,1641.0,1675.0,1648.0,1.0,1.0,1.0,1764.0,1.0,1.0,1523.0,1.0,1.0,1.0,1529.0,1.0,1.0,1.0,1686.0,1.0,1573.0,1.0,1688.0,1.0,1450.0,1.0,1652.0,1.0,1.0,1544.0,1432.0,1.0,1595.0
3361,80.0,58.0,73.0,73.0,68.0,75.0,57.0,39.0,160.0,145.0,160.0,46.0,59.0,148.0,54.0,56.0,82.0,141.0,56.0,66.0,64.0,104.0,68.0,158.0,81.0,81.0,73.0,64.0,53.0,52.0,60.0,175.0,150.0,69.0,42.0,176.0,82.0,142.0,180.0,75.0,70.0,174.0,177.0,73.0,97.0,59.0,166.0,47.0,93.0,47.0,100.0,80.0,52.0,63.0,54.0,66.0,63.0,174.0,162.0,152.0,69.0,82.0,84.0,174.0,173.0,46.0,48.0,69.0,125.0,78.0,51.0,70.0,52.0,177.0,63.0,59.0,64.0,55.0,163.0,195.0,45.0,45.0,64.0,74.0,57.0,162.0,57.0,44.0,48.0,188.0,78.0,69.0,167.0,95.0,167.0,180.0,164.0,55.0,186.0,71.0,83.0,164.0,43.0,190.0,67.0,162.0,180.0,177.0,156.0,79.0,54.0,52.0,83.0,63.0,68.0,85.0,185.0,176.0,184.0,162.0,45.0,171.0,60.0,76.0,80.0,86.0,72.0,63.0
3362,161.0,64.0,164.0,186.0,187.0,135.0,96.0,62.0,94.0,129.0,54.0,120.0,110.0,163.0,32.0,112.0,393.0,168.0,245.0,144.0,81.0,174.0,232.0,276.0,200.0,257.0,92.0,118.0,213.0,79.0,76.0,218.0,153.0,154.0,335.0,186.0,209.0,378.0,237.0,280.0,237.0,169.0,252.0,306.0,91.0,173.0,205.0,255.0,315.0,239.0,130.0,245.0,950.0,138.0,249.0,144.0,191.0,204.0,80.0,260.0,262.0,204.0,286.0,86.0,256.0,257.0,197.0,243.0,147.0,161.0,248.0,165.0,210.0,186.0,108.0,406.0,289.0,199.0,265.0,235.0,74.0,179.0,186.0,186.0,327.0,207.0,201.0,94.0,13.0,239.0,388.0,247.0,404.0,217.0,223.0,111.0,264.0,11.0,101.0,292.0,204.0,135.0,272.0,245.0,138.0,240.0,78.0,204.0,241.0,231.0,172.0,83.0,61.0,218.0,209.0,238.0,152.0,169.0,111.0,369.0,86.0,253.0,305.0,197.0,194.0,267.0,264.0,415.0
3363,5.0,5.0,5.0,8.0,7.0,6.0,8.0,200.0,12.0,6.0,13.0,5.0,7.0,9.0,7.0,6.0,7.0,5.0,7.0,6.0,7.0,6.0,7.0,53.0,7.0,5.0,7.0,7.0,115.0,5.0,9.0,8.0,7.0,6.0,8.0,5.0,7.0,7.0,7.0,5.0,5.0,102.0,6.0,11.0,109.0,9.0,7.0,11.0,28.0,10.0,230.0,7.0,7.0,7.0,6.0,7.0,7.0,9.0,6.0,6.0,7.0,41.0,10.0,11.0,10.0,7.0,7.0,8.0,7.0,6.0,91.0,25.0,6.0,8.0,7.0,73.0,65.0,8.0,6.0,14.0,8.0,7.0,5.0,41.0,8.0,17.0,7.0,7.0,7.0,5.0,5.0,47.0,6.0,8.0,10.0,7.0,7.0,52.0,7.0,8.0,7.0,7.0,7.0,6.0,6.0,7.0,63.0,5.0,6.0,100.0,9.0,78.0,15.0,6.0,7.0,5.0,7.0,5.0,6.0,5.0,5.0,68.0,9.0,6.0,6.0,86.0,7.0,8.0
3365,9.0,319.0,337.0,15.0,22.0,7.0,645.0,6.0,7.0,283.0,249.0,6.0,154.0,9.0,9.0,233.0,6.0,27.0,6.0,5.0,7.0,6.0,215.0,82.0,7.0,7.0,27.0,266.0,9.0,11.0,14.0,32.0,217.0,154.0,7.0,6.0,5.0,309.0,12.0,7.0,431.0,7.0,293.0,12.0,443.0,317.0,256.0,6.0,206.0,693.0,10.0,7.0,6.0,281.0,12.0,24.0,7.0,41.0,296.0,501.0,183.0,9.0,280.0,7.0,321.0,654.0,387.0,58.0,293.0,249.0,7.0,102.0,267.0,654.0,250.0,34.0,630.0,317.0,778.0,624.0,27.0,10.0,5.0,13.0,6.0,286.0,11.0,744.0,132.0,80.0,107.0,7.0,432.0,202.0,910.0,694.0,97.0,168.0,10.0,68.0,149.0,9.0,366.0,7.0,181.0,36.0,115.0,70.0,5.0,994.0,5.0,121.0,323.0,486.0,1019.0,331.0,71.0,9.0,5.0,8.0,507.0,156.0,7.0,10.0,87.0,361.0,131.0,58.0
3367,32.0,29.0,28.0,33.0,44.0,27.0,47.0,25.0,46.0,35.0,31.0,29.0,42.0,39.0,37.0,40.0,30.0,50.0,35.0,47.0,42.0,37.0,29.0,36.0,49.0,33.0,33.0,41.0,46.0,29.0,28.0,27.0,31.0,36.0,34.0,27.0,47.0,38.0,31.0,31.0,39.0,31.0,47.0,24.0,27.0,27.0,33.0,42.0,27.0,41.0,41.0,45.0,33.0,35.0,36.0,27.0,38.0,27.0,28.0,27.0,28.0,34.0,42.0,37.0,24.0,29.0,27.0,31.0,43.0,27.0,30.0,33.0,37.0,31.0,29.0,25.0,50.0,47.0,37.0,29.0,47.0,45.0,47.0,28.0,31.0,37.0,29.0,26.0,44.0,33.0,29.0,27.0,29.0,26.0,26.0,25.0,36.0,26.0,38.0,38.0,26.0,26.0,27.0,30.0,27.0,40.0,35.0,46.0,32.0,33.0,38.0,34.0,28.0,46.0,48.0,33.0,46.0,47.0,32.0,32.0,40.0,42.0,28.0,29.0,28.0,40.0,33.0,28.0
3368,7.0,7.0,7.0,13.0,7.0,5.0,8.0,12.0,11.0,12.0,188.0,886.0,12.0,721.0,7.0,1.0,577.0,7.0,8.0,11.0,6.0,7.0,5.0,930.0,40.0,7.0,11.0,7.0,6.0,5.0,578.0,11.0,19.0,7.0,12.0,650.0,7.0,5.0,8.0,1110.0,916.0,12.0,7.0,7.0,730.0,7.0,8.0,562.0,8.0,7.0,6.0,5.0,914.0,538.0,6.0,7.0,13.0,12.0,8.0,8.0,459.0,761.0,12.0,7.0,6.0,593.0,523.0,13.0,13.0,838.0,8.0,12.0,7.0,7.0,7.0,840.0,9.0,748.0,11.0,611.0,492.0,821.0,7.0,13.0,7.0,12.0,8.0,18.0,5.0,7.0,48.0,425.0,6.0,7.0,994.0,8.0,12.0,12.0,8.0,6.0,731.0,6.0,11.0,5.0,7.0,5.0,13.0,7.0,5.0,716.0,7.0,743.0,13.0,12.0,5.0,5.0,922.0,12.0,1165.0,11.0,7.0,5.0,11.0,300.0,5.0,6.0,12.0,378.0
3369,17.0,46.0,34.0,19.0,30.0,23.0,46.0,19.0,20.0,38.0,52.0,19.0,22.0,19.0,59.0,18.0,22.0,20.0,27.0,40.0,66.0,52.0,38.0,19.0,18.0,22.0,77.0,20.0,39.0,40.0,42.0,19.0,53.0,18.0,27.0,19.0,25.0,41.0,56.0,17.0,18.0,19.0,20.0,20.0,23.0,41.0,35.0,18.0,19.0,20.0,20.0,46.0,21.0,32.0,36.0,19.0,19.0,19.0,46.0,17.0,40.0,18.0,19.0,19.0,34.0,40.0,19.0,17.0,19.0,22.0,19.0,19.0,19.0,41.0,20.0,19.0,16.0,38.0,19.0,54.0,19.0,26.0,19.0,82.0,19.0,18.0,20.0,19.0,38.0,18.0,34.0,34.0,54.0,40.0,19.0,34.0,19.0,16.0,20.0,19.0,16.0,19.0,24.0,17.0,24.0,20.0,18.0,15.0,19.0,21.0,19.0,25.0,36.0,19.0,46.0,25.0,38.0,43.0,18.0,19.0,20.0,39.0,19.0,60.0,25.0,20.0,18.0,18.0
3371,8.0,7.0,8.0,7.0,8.0,8.0,7.0,7.0,7.0,7.0,8.0,7.0,7.0,8.0,8.0,8.0,7.0,8.0,8.0,7.0,7.0,8.0,7.0,8.0,7.0,8.0,7.0,7.0,7.0,8.0,7.0,7.0,7.0,7.0,7.0,7.0,7.0,7.0,7.0,8.0,7.0,7.0,7.0,7.0,7.0,7.0,7.0,7.0,7.0,8.0,8.0,8.0,7.0,7.0,7.0,7.0,8.0,8.0,8.0,7.0,8.0,8.0,7.0,8.0,7.0,8.0,7.0,7.0,8.0,7.0,8.0,7.0,7.0,8.0,8.0,8.0,8.0,8.0,7.0,7.0,8.0,8.0,7.0,8.0,7.0,7.0,7.0,8.0,7.0,7.0,7.0,8.0,7.0,7.0,8.0,8.0,7.0,7.0,8.0,7.0,7.0,7.0,7.0,7.0,7.0,8.0,7.0,7.0,8.0,7.0,7.0,7.0,7.0,7.0,8.0,8.0,7.0,7.0,7.0,8.0,8.0,7.0,7.0,8.0,7.0,7.0,7.0,7.0
3373,8.0,6.0,7.0,9.0,9.0,17.0,10.0,13.0,17.0,19.0,16.0,19.0,13.0,8.0,17.0,17.0,9.0,19.0,16.0,14.0,17.0,16.0,8.0,20.0,24.0,17.0,9.0,19.0,8.0,7.0,19.0,19.0,7.0,7.0,17.0,8.0,14.0,19.0,9.0,17.0,19.0,8.0,8.0,9.0,8.0,19.0,18.0,15.0,23.0,15.0,17.0,8.0,9.0,19.0,19.0,17.0,24.0,15.0,8.0,20.0,18.0,15.0,9.0,21.0,20.0,17.0,9.0,17.0,9.0,19.0,18.0,8.0,21.0,17.0,9.0,6.0,9.0,17.0,9.0,16.0,18.0,22.0,8.0,16.0,26.0,7.0,16.0,16.0,9.0,9.0,9.0,8.0,7.0,18.0,7.0,8.0,19.0,15.0,19.0,7.0,15.0,15.0,7.0,8.0,8.0,8.0,17.0,18.0,9.0,8.0,9.0,18.0,7.0,9.0,9.0,17.0,19.0,9.0,8.0,18.0,21.0,15.0,19.0,16.0,18.0,18.0,21.0,8.0
3374,206.0,197.0,195.0,200.0,188.0,202.0,189.0,182.0,192.0,206.0,202.0,195.0,191.0,193.0,191.0,203.0,186.0,199.0,202.0,204.0,209.0,202.0,197.0,195.0,195.0,206.0,196.0,208.0,192.0,190.0,192.0,205.0,201.0,195.0,195.0,188.0,201.0,188.0,189.0,219.0,205.0,201.0,231.0,202.0,202.0,211.0,197.0,195.0,187.0,199.0,184.0,200.0,194.0,199.0,220.0,192.0,196.0,195.0,216.0,198.0,200.0,199.0,204.0,193.0,202.0,189.0,192.0,205.0,195.0,202.0,195.0,221.0,213.0,198.0,186.0,195.0,214.0,216.0,206.0,196.0,190.0,194.0,199.0,214.0,195.0,192.0,194.0,192.0,195.0,188.0,178.0,210.0,203.0,197.0,201.0,215.0,193.0,197.0,216.0,197.0,184.0,208.0,191.0,195.0,204.0,194.0,194.0,226.0,203.0,193.0,191.0,209.0,204.0,199.0,203.0,204.0,192.0,202.0,199.0,186.0,194.0,207.0,197.0,186.0,209.0,192.0,198.0,198.0
3376,10.0,11.0,649.0,16.0,5.0,9.0,5.0,7.0,13.0,6.0,6.0,4.0,6.0,6.0,11.0,787.0,8.0,6.0,4.0,6.0,5.0,911.0,10.0,11.0,9.0,6.0,6.0,3.0,6.0,20.0,6.0,5.0,6.0,8.0,875.0,9.0,5.0,915.0,905.0,6.0,3.0,8.0,6.0,10.0,7.0,6.0,6.0,6.0,7.0,6.0,6.0,5.0,5.0,4.0,6.0,6.0,9.0,613.0,9.0,10.0,6.0,6.0,6.0,7.0,930.0,17.0,5.0,8.0,10.0,6.0,8.0,6.0,5.0,10.0,8.0,6.0,5.0,927.0,8.0,8.0,5.0,7.0,8.0,8.0,7.0,4.0,888.0,7.0,6.0,11.0,4.0,6.0,6.0,10.0,927.0,7.0,6.0,6.0,907.0,10.0,6.0,11.0,10.0,4.0,865.0,5.0,11.0,5.0,6.0,6.0,8.0,11.0,8.0,3.0,6.0,7.0,3.0,5.0,6.0,11.0,5.0,10.0,920.0,8.0,4.0,13.0,5.0,6.0
3381,5.0,5.0,5.0,5.0,5.0,5.0,5.0,5.0,5.0,5.0,5.0,5.0,5.0,5.0,5.0,5.0,6.0,5.0,5.0,5.0,5.0,5.0,5.0,5.0,5.0,5.0,5.0,5.0,5.0,5.0,5.0,5.0,5.0,5.0,5.0,5.0,5.0,5.0,5.0,5.0,5.0,5.0,5.0,5.0,5.0,5.0,5.0,5.0,5.0,5.0,5.0,5.0,5.0,5.0,5.0,5.0,5.0,5.0,5.0,5.0,5.0,5.0,5.0,5.0,5.0,5.0,6.0,5.0,5.0,5.0,5.0,5.0,5.0,5.0,5.0,4.0,5.0,5.0,5.0,5.0,5.0,5.0,5.0,5.0,5.0,5.0,5.0,5.0,5.0,5.0,5.0,5.0,5.0,5.0,5.0,5.0,5.0,5.0,5.0,5.0,5.0,5.0,5.0,5.0,5.0,5.0,5.0,5.0,5.0,5.0,5.0,5.0,5.0,5.0,5.0,5.0,5.0,5.0,5.0,5.0,5.0,5.0,5.0,5.0,5.0,5.0,5.0,5.0
3382,44.0,46.0,45.0,47.0,43.0,44.0,48.0,47.0,44.0,46.0,24.0,39.0,25.0,25.0,23.0,41.0,42.0,48.0,49.0,46.0,49.0,24.0,39.0,50.0,41.0,47.0,41.0,27.0,47.0,46.0,26.0,48.0,39.0,43.0,38.0,23.0,44.0,47.0,27.0,47.0,26.0,48.0,51.0,46.0,46.0,53.0,24.0,49.0,37.0,23.0,52.0,26.0,47.0,43.0,27.0,41.0,26.0,46.0,25.0,44.0,26.0,46.0,50.0,21.0,50.0,49.0,42.0,25.0,25.0,47.0,27.0,26.0,41.0,26.0,38.0,40.0,22.0,47.0,38.0,42.0,25.0,49.0,42.0,23.0,45.0,25.0,41.0,48.0,40.0,24.0,44.0,46.0,48.0,25.0,42.0,26.0,48.0,45.0,46.0,23.0,45.0,46.0,46.0,23.0,52.0,26.0,47.0,26.0,39.0,22.0,48.0,24.0,45.0,28.0,48.0,49.0,26.0,25.0,31.0,24.0,23.0,50.0,23.0,42.0,25.0,46.0,47.0,47.0
3391,38.0,37.0,27.0,25.0,36.0,36.0,26.0,37.0,26.0,26.0,33.0,38.0,37.0,36.0,26.0,26.0,36.0,34.0,37.0,37.0,26.0,37.0,37.0,27.0,36.0,36.0,36.0,26.0,29.0,37.0,26.0,26.0,26.0,26.0,37.0,36.0,38.0,37.0,36.0,36.0,36.0,37.0,37.0,26.0,25.0,36.0,36.0,26.0,26.0,37.0,27.0,36.0,37.0,26.0,25.0,38.0,36.0,37.0,36.0,36.0,37.0,36.0,28.0,26.0,27.0,37.0,25.0,37.0,37.0,38.0,36.0,27.0,37.0,37.0,36.0,28.0,37.0,26.0,28.0,36.0,37.0,36.0,36.0,37.0,36.0,26.0,36.0,26.0,36.0,36.0,36.0,37.0,26.0,37.0,37.0,37.0,36.0,37.0,36.0,26.0,26.0,37.0,26.0,26.0,36.0,26.0,37.0,26.0,36.0,26.0,35.0,36.0,38.0,26.0,26.0,34.0,25.0,37.0,37.0,37.0,35.0,26.0,36.0,36.0,28.0,37.0,37.0,26.0
3392,8.0,31.0,11.0,34.0,891.0,35.0,729.0,634.0,23.0,683.0,41.0,27.0,493.0,921.0,8.0,45.0,613.0,716.0,43.0,773.0,7.0,690.0,18.0,29.0,677.0,579.0,12.0,11.0,926.0,932.0,23.0,36.0,38.0,941.0,987.0,45.0,882.0,37.0,28.0,631.0,532.0,35.0,931.0,7.0,665.0,34.0,36.0,7.0,766.0,23.0,884.0,24.0,942.0,7.0,13.0,20.0,32.0,19.0,860.0,27.0,14.0,664.0,34.0,780.0,677.0,23.0,39.0,10.0,51.0,38.0,37.0,35.0,14.0,638.0,784.0,35.0,20.0,42.0,31.0,46.0,7.0,686.0,10.0,661.0,36.0,18.0,33.0,23.0,370.0,42.0,702.0,28.0,24.0,42.0,25.0,14.0,839.0,14.0,37.0,507.0,30.0,12.0,901.0,35.0,29.0,29.0,707.0,17.0,931.0,38.0,674.0,585.0,10.0,42.0,723.0,13.0,1098.0,17.0,26.0,613.0,921.0,939.0,41.0,706.0,12.0,36.0,10.0,19.0
3393,8.0,7.0,7.0,8.0,5.0,9.0,5.0,6.0,7.0,9.0,7.0,7.0,7.0,5.0,7.0,8.0,8.0,7.0,7.0,7.0,6.0,7.0,7.0,8.0,7.0,9.0,9.0,6.0,7.0,9.0,5.0,7.0,9.0,7.0,9.0,9.0,9.0,5.0,6.0,5.0,6.0,5.0,7.0,7.0,6.0,7.0,9.0,7.0,9.0,8.0,7.0,9.0,7.0,5.0,5.0,5.0,7.0,7.0,8.0,7.0,9.0,9.0,9.0,9.0,9.0,5.0,7.0,8.0,7.0,7.0,5.0,7.0,7.0,7.0,9.0,5.0,6.0,8.0,5.0,9.0,8.0,9.0,5.0,7.0,8.0,7.0,7.0,9.0,7.0,8.0,5.0,5.0,8.0,7.0,7.0,6.0,5.0,6.0,5.0,8.0,5.0,7.0,5.0,8.0,6.0,6.0,5.0,8.0,6.0,6.0,7.0,8.0,9.0,8.0,7.0,8.0,7.0,5.0,8.0,7.0,7.0,6.0,9.0,6.0,9.0,6.0,9.0,6.0
3397,8.0,19.0,15.0,5.0,8.0,6.0,15.0,17.0,7.0,8.0,6.0,9.0,7.0,8.0,45.0,10.0,32.0,25.0,5.0,6.0,21.0,13.0,8.0,6.0,25.0,7.0,5.0,15.0,17.0,22.0,9.0,17.0,5.0,22.0,21.0,22.0,8.0,12.0,8.0,6.0,21.0,18.0,38.0,19.0,10.0,10.0,8.0,8.0,644.0,20.0,18.0,12.0,9.0,19.0,19.0,24.0,11.0,45.0,8.0,19.0,22.0,42.0,7.0,8.0,22.0,6.0,10.0,9.0,22.0,20.0,5.0,18.0,46.0,6.0,8.0,20.0,20.0,11.0,19.0,8.0,48.0,7.0,27.0,9.0,25.0,16.0,53.0,8.0,6.0,29.0,20.0,5.0,6.0,6.0,13.0,5.0,8.0,19.0,8.0,12.0,6.0,6.0,17.0,19.0,8.0,14.0,16.0,8.0,11.0,11.0,8.0,6.0,7.0,22.0,14.0,47.0,9.0,9.0,26.0,17.0,17.0,6.0,8.0,32.0,7.0,19.0,18.0,33.0
3399,94.0,61.0,75.0,31.0,54.0,68.0,31.0,28.0,34.0,36.0,32.0,64.0,60.0,71.0,32.0,36.0,34.0,34.0,33.0,95.0,33.0,67.0,60.0,34.0,32.0,95.0,37.0,33.0,62.0,57.0,54.0,37.0,57.0,35.0,66.0,45.0,34.0,31.0,104.0,32.0,67.0,72.0,63.0,31.0,89.0,33.0,64.0,95.0,31.0,35.0,31.0,61.0,68.0,109.0,70.0,50.0,49.0,67.0,57.0,34.0,28.0,67.0,115.0,86.0,33.0,35.0,31.0,30.0,59.0,97.0,48.0,93.0,35.0,48.0,34.0,33.0,31.0,33.0,34.0,33.0,73.0,35.0,36.0,67.0,32.0,64.0,32.0,70.0,58.0,70.0,33.0,54.0,117.0,65.0,62.0,58.0,63.0,32.0,37.0,34.0,34.0,258.0,70.0,72.0,69.0,35.0,61.0,104.0,35.0,32.0,36.0,91.0,102.0,32.0,34.0,64.0,36.0,34.0,61.0,67.0,32.0,94.0,40.0,65.0,57.0,34.0,61.0,51.0
3401,31.0,31.0,26.0,55.0,63.0,5.0,17.0,25.0,29.0,100.0,27.0,36.0,33.0,28.0,39.0,28.0,17.0,44.0,6.0,31.0,25.0,33.0,5.0,30.0,5.0,60.0,17.0,6.0,27.0,39.0,72.0,23.0,26.0,28.0,65.0,44.0,5.0,29.0,28.0,9.0,30.0,79.0,16.0,16.0,53.0,30.0,61.0,13.0,20.0,5.0,24.0,5.0,40.0,34.0,34.0,97.0,27.0,30.0,18.0,7.0,7.0,17.0,23.0,42.0,26.0,26.0,90.0,36.0,34.0,5.0,27.0,21.0,53.0,86.0,5.0,33.0,19.0,31.0,5.0,5.0,90.0,32.0,8.0,29.0,57.0,15.0,82.0,31.0,8.0,28.0,15.0,52.0,17.0,92.0,47.0,21.0,13.0,5.0,30.0,30.0,31.0,5.0,47.0,88.0,18.0,104.0,29.0,6.0,33.0,27.0,60.0,74.0,38.0,32.0,23.0,26.0,33.0,24.0,5.0,34.0,5.0,25.0,31.0,17.0,5.0,56.0,5.0,5.0
3404,4.0,4.0,4.0,4.0,4.0,4.0,4.0,4.0,4.0,4.0,4.0,4.0,4.0,4.0,4.0,4.0,4.0,4.0,4.0,4.0,4.0,4.0,4.0,4.0,4.0,4.0,4.0,4.0,4.0,4.0,4.0,4.0,4.0,4.0,4.0,4.0,4.0,4.0,4.0,4.0,4.0,4.0,4.0,4.0,4.0,4.0,4.0,4.0,4.0,4.0,4.0,4.0,4.0,4.0,4.0,4.0,4.0,4.0,4.0,4.0,4.0,4.0,4.0,4.0,4.0,4.0,4.0,4.0,4.0,4.0,4.0,4.0,4.0,4.0,4.0,4.0,4.0,4.0,4.0,4.0,4.0,4.0,4.0,4.0,4.0,4.0,4.0,4.0,4.0,4.0,4.0,4.0,4.0,4.0,4.0,4.0,4.0,4.0,4.0,4.0,4.0,4.0,4.0,4.0,4.0,4.0,4.0,4.0,4.0,4.0,4.0,4.0,4.0,4.0,4.0,4.0,4.0,4.0,4.0,4.0,4.0,4.0,4.0,4.0,4.0,4.0,4.0,4.0
3407,4.0,4.0,4.0,4.0,4.0,4.0,4.0,4.0,4.0,4.0,4.0,4.0,4.0,4.0,4.0,4.0,4.0,4.0,4.0,4.0,4.0,4.0,4.0,4.0,4.0,4.0,4.0,4.0,4.0,4.0,3.0,4.0,4.0,4.0,3.0,4.0,4.0,4.0,4.0,3.0,4.0,4.0,4.0,4.0,4.0,4.0,4.0,4.0,4.0,4.0,4.0,3.0,4.0,4.0,4.0,4.0,4.0,4.0,4.0,4.0,3.0,3.0,4.0,4.0,4.0,4.0,3.0,4.0,4.0,4.0,4.0,4.0,4.0,4.0,3.0,4.0,4.0,4.0,4.0,4.0,3.0,4.0,4.0,4.0,4.0,3.0,4.0,4.0,4.0,4.0,4.0,4.0,4.0,3.0,4.0,4.0,3.0,4.0,4.0,3.0,4.0,4.0,4.0,4.0,4.0,4.0,3.0,4.0,4.0,3.0,4.0,4.0,4.0,4.0,4.0,4.0,3.0,4.0,4.0,4.0,4.0,4.0,4.0,4.0,4.0,4.0,4.0,3.0
3411,206.0,212.0,217.0,219.0,159.0,259.0,145.0,146.0,201.0,267.0,191.0,202.0,258.0,241.0,194.0,199.0,186.0,183.0,204.0,193.0,324.0,206.0,340.0,314.0,315.0,204.0,205.0,313.0,183.0,252.0,178.0,226.0,202.0,194.0,200.0,218.0,248.0,303.0,192.0,243.0,216.0,207.0,204.0,235.0,187.0,217.0,201.0,182.0,177.0,219.0,249.0,194.0,293.0,228.0,271.0,161.0,189.0,217.0,370.0,239.0,169.0,357.0,276.0,201.0,204.0,182.0,197.0,268.0,209.0,195.0,185.0,248.0,372.0,198.0,182.0,191.0,309.0,223.0,186.0,201.0,196.0,202.0,252.0,230.0,296.0,184.0,201.0,281.0,198.0,350.0,183.0,350.0,222.0,181.0,192.0,233.0,193.0,181.0,228.0,215.0,209.0,235.0,195.0,209.0,190.0,192.0,377.0,276.0,255.0,286.0,205.0,230.0,213.0,209.0,238.0,199.0,177.0,196.0,199.0,169.0,210.0,183.0,210.0,164.0,316.0,224.0,189.0,182.0
3415,16.0,8.0,9.0,9.0,8.0,87.0,93.0,79.0,8.0,7.0,85.0,44.0,68.0,73.0,7.0,95.0,8.0,5.0,91.0,9.0,90.0,72.0,23.0,8.0,69.0,7.0,73.0,86.0,75.0,74.0,26.0,7.0,18.0,8.0,80.0,80.0,73.0,5.0,8.0,419.0,103.0,84.0,72.0,75.0,8.0,79.0,87.0,7.0,48.0,77.0,82.0,7.0,74.0,5.0,7.0,94.0,7.0,7.0,8.0,575.0,9.0,306.0,17.0,8.0,5.0,74.0,144.0,6.0,8.0,88.0,89.0,536.0,7.0,85.0,7.0,6.0,34.0,88.0,39.0,6.0,80.0,77.0,31.0,86.0,114.0,77.0,80.0,40.0,5.0,37.0,76.0,80.0,66.0,77.0,5.0,5.0,119.0,7.0,507.0,76.0,6.0,76.0,27.0,65.0,35.0,91.0,70.0,6.0,8.0,80.0,9.0,63.0,74.0,84.0,7.0,84.0,21.0,75.0,6.0,6.0,104.0,21.0,76.0,8.0,9.0,7.0,82.0,84.0
3416,6.0,7.0,6.0,5.0,6.0,5.0,5.0,5.0,5.0,6.0,5.0,5.0,6.0,6.0,6.0,6.0,6.0,7.0,6.0,7.0,6.0,6.0,6.0,5.0,7.0,7.0,5.0,6.0,5.0,6.0,7.0,6.0,6.0,7.0,7.0,6.0,7.0,6.0,7.0,6.0,6.0,6.0,6.0,6.0,7.0,6.0,6.0,7.0,6.0,7.0,5.0,6.0,5.0,6.0,7.0,7.0,6.0,6.0,6.0,5.0,7.0,6.0,5.0,6.0,5.0,5.0,7.0,6.0,6.0,6.0,5.0,5.0,7.0,6.0,6.0,5.0,5.0,5.0,6.0,6.0,7.0,5.0,6.0,6.0,5.0,7.0,6.0,6.0,7.0,5.0,5.0,6.0,5.0,5.0,7.0,5.0,5.0,6.0,7.0,6.0,5.0,5.0,6.0,6.0,6.0,6.0,7.0,6.0,6.0,6.0,5.0,6.0,6.0,6.0,6.0,6.0,6.0,6.0,6.0,5.0,5.0,6.0,5.0,5.0,6.0,7.0,6.0,7.0
3424,6.0,2.0,884.0,698.0,12.0,531.0,1041.0,876.0,118.0,888.0,826.0,870.0,2.0,5.0,850.0,987.0,5.0,221.0,292.0,1015.0,826.0,2.0,308.0,2.0,212.0,393.0,2.0,596.0,669.0,2.0,775.0,146.0,5.0,818.0,2.0,1080.0,301.0,338.0,1059.0,738.0,437.0,23.0,394.0,2.0,5.0,1098.0,2.0,128.0,8.0,109.0,953.0,2.0,189.0,1113.0,1060.0,1213.0,626.0,5.0,1129.0,2.0,986.0,2.0,1198.0,1033.0,2.0,223.0,2.0,377.0,484.0,2.0,5.0,250.0,931.0,1122.0,2.0,966.0,2.0,840.0,2.0,773.0,6.0,12.0,10.0,12.0,5.0,27.0,69.0,5.0,1014.0,673.0,306.0,19.0,1064.0,681.0,544.0,771.0,1009.0,234.0,2.0,6.0,881.0,2.0,2.0,3.0,5.0,271.0,10.0,5.0,331.0,1113.0,32.0,948.0,1012.0,630.0,536.0,12.0,921.0,1014.0,932.0,2.0,1143.0,2.0,641.0,812.0,369.0,1076.0,5.0,946.0
3425,36.0,35.0,26.0,24.0,35.0,35.0,25.0,35.0,25.0,25.0,33.0,36.0,36.0,35.0,25.0,25.0,35.0,33.0,36.0,36.0,25.0,36.0,36.0,25.0,35.0,35.0,35.0,25.0,27.0,36.0,25.0,25.0,25.0,25.0,36.0,35.0,36.0,36.0,35.0,35.0,35.0,36.0,36.0,24.0,24.0,35.0,35.0,25.0,25.0,36.0,26.0,35.0,36.0,25.0,24.0,36.0,35.0,36.0,35.0,35.0,36.0,35.0,26.0,24.0,25.0,36.0,24.0,36.0,36.0,36.0,35.0,26.0,36.0,36.0,35.0,26.0,36.0,25.0,26.0,35.0,36.0,35.0,35.0,36.0,35.0,24.0,35.0,25.0,35.0,35.0,35.0,36.0,25.0,36.0,35.0,36.0,35.0,36.0,35.0,25.0,25.0,35.0,24.0,25.0,35.0,25.0,36.0,25.0,35.0,25.0,35.0,35.0,36.0,25.0,25.0,32.0,24.0,36.0,36.0,36.0,34.0,25.0,35.0,35.0,26.0,36.0,36.0,25.0
3427,1330.0,928.0,694.0,965.0,948.0,841.0,845.0,730.0,759.0,846.0,826.0,917.0,833.0,800.0,858.0,999.0,918.0,1158.0,379.0,846.0,1023.0,800.0,826.0,436.0,443.0,813.0,777.0,660.0,823.0,797.0,912.0,818.0,770.0,608.0,992.0,981.0,8.0,900.0,817.0,878.0,4.0,12.0,872.0,951.0,5.0,727.0,758.0,679.0,807.0,933.0,781.0,717.0,817.0,743.0,896.0,3.0,887.0,6.0,951.0,732.0,882.0,907.0,3.0,817.0,489.0,756.0,701.0,882.0,902.0,3.0,485.0,846.0,827.0,773.0,9.0,691.0,877.0,125.0,781.0,816.0,928.0,888.0,816.0,1036.0,846.0,989.0,475.0,802.0,778.0,3.0,670.0,786.0,893.0,35.0,913.0,77.0,990.0,767.0,920.0,484.0,512.0,462.0,927.0,4.0,928.0,823.0,4.0,876.0,5.0,67.0,768.0,766.0,863.0,852.0,830.0,866.0,253.0,871.0,223.0,895.0,811.0,815.0,858.0,889.0,769.0,1119.0,793.0,546.0
3432,1521.0,1.0,1.0,1700.0,1.0,1622.0,1.0,1.0,1.0,1.0,1.0,1695.0,1.0,1430.0,1.0,1.0,1.0,1686.0,1589.0,1638.0,1.0,1559.0,1.0,1400.0,1583.0,1.0,1678.0,1921.0,1.0,1.0,1.0,1.0,1419.0,1607.0,1668.0,1630.0,1.0,1.0,1657.0,1.0,1.0,1.0,1461.0,1556.0,1676.0,1.0,1628.0,1.0,1675.0,1514.0,1628.0,1.0,1.0,1730.0,1658.0,1.0,1737.0,1.0,1.0,1.0,1655.0,1674.0,1.0,1.0,1731.0,1632.0,1.0,1614.0,1.0,1631.0,1632.0,1.0,1709.0,1594.0,1554.0,1.0,1.0,1691.0,1.0,1.0,1.0,1719.0,1513.0,1.0,1663.0,1622.0,1516.0,1.0,1.0,1.0,1.0,1623.0,1598.0,1678.0,1.0,1.0,1.0,1688.0,1.0,1593.0,1.0,1639.0,1.0,1632.0,1.0,1537.0,1.0,1.0,1.0,1417.0,1.0,1.0,1686.0,1.0,1694.0,1592.0,1.0,1690.0,1668.0,1739.0,1.0,1692.0,1.0,1583.0,1608.0,1518.0,1.0,1638.0
3435,200.0,192.0,185.0,193.0,176.0,193.0,183.0,176.0,183.0,199.0,195.0,188.0,181.0,176.0,186.0,197.0,177.0,189.0,194.0,196.0,204.0,192.0,192.0,185.0,189.0,199.0,190.0,190.0,182.0,178.0,186.0,200.0,197.0,178.0,188.0,178.0,189.0,181.0,179.0,203.0,199.0,195.0,213.0,197.0,190.0,202.0,188.0,178.0,183.0,190.0,179.0,187.0,184.0,191.0,205.0,185.0,188.0,187.0,199.0,187.0,191.0,190.0,189.0,184.0,188.0,183.0,186.0,192.0,184.0,188.0,191.0,215.0,203.0,191.0,182.0,181.0,205.0,211.0,195.0,185.0,183.0,182.0,191.0,202.0,186.0,184.0,187.0,179.0,186.0,180.0,175.0,197.0,189.0,188.0,195.0,202.0,185.0,192.0,207.0,190.0,171.0,197.0,177.0,188.0,192.0,186.0,187.0,210.0,191.0,181.0,187.0,204.0,194.0,192.0,191.0,202.0,179.0,196.0,195.0,181.0,185.0,201.0,193.0,182.0,203.0,184.0,190.0,192.0
3436,5.0,5.0,5.0,5.0,5.0,5.0,5.0,5.0,5.0,5.0,5.0,5.0,5.0,5.0,5.0,5.0,5.0,5.0,5.0,5.0,5.0,5.0,5.0,5.0,5.0,5.0,5.0,5.0,5.0,5.0,5.0,5.0,5.0,5.0,5.0,5.0,5.0,5.0,5.0,5.0,5.0,5.0,5.0,5.0,5.0,5.0,5.0,5.0,5.0,5.0,5.0,5.0,5.0,5.0,5.0,5.0,5.0,5.0,5.0,5.0,5.0,5.0,5.0,5.0,5.0,5.0,5.0,5.0,5.0,5.0,5.0,5.0,5.0,5.0,5.0,5.0,5.0,5.0,5.0,5.0,5.0,5.0,5.0,5.0,5.0,5.0,5.0,5.0,5.0,5.0,5.0,5.0,5.0,5.0,5.0,5.0,5.0,5.0,5.0,5.0,5.0,5.0,5.0,5.0,5.0,5.0,5.0,5.0,5.0,5.0,5.0,5.0,5.0,5.0,5.0,5.0,5.0,5.0,5.0,5.0,5.0,5.0,5.0,5.0,5.0,5.0,5.0,5.0
3442,40.0,38.0,28.0,26.0,37.0,38.0,27.0,38.0,27.0,27.0,35.0,39.0,40.0,38.0,28.0,27.0,38.0,35.0,39.0,40.0,28.0,39.0,38.0,28.0,38.0,38.0,39.0,28.0,29.0,40.0,27.0,28.0,27.0,28.0,39.0,39.0,39.0,40.0,38.0,38.0,38.0,40.0,39.0,26.0,28.0,38.0,38.0,27.0,27.0,39.0,28.0,38.0,39.0,27.0,26.0,39.0,39.0,39.0,39.0,38.0,39.0,39.0,28.0,26.0,29.0,39.0,27.0,39.0,38.0,39.0,38.0,29.0,38.0,38.0,38.0,29.0,39.0,27.0,28.0,38.0,39.0,38.0,38.0,40.0,38.0,26.0,37.0,27.0,38.0,38.0,37.0,39.0,27.0,39.0,38.0,38.0,38.0,39.0,38.0,27.0,28.0,37.0,27.0,27.0,38.0,28.0,39.0,27.0,38.0,27.0,36.0,38.0,39.0,27.0,28.0,34.0,27.0,39.0,39.0,39.0,37.0,27.0,38.0,38.0,28.0,39.0,39.0,27.0
3443,154.0,138.0,96.0,140.0,39.0,83.0,94.0,95.0,108.0,117.0,130.0,134.0,93.0,91.0,33.0,91.0,77.0,97.0,90.0,131.0,148.0,89.0,133.0,58.0,36.0,97.0,85.0,90.0,80.0,114.0,88.0,146.0,133.0,30.0,142.0,94.0,86.0,88.0,146.0,112.0,88.0,133.0,141.0,155.0,85.0,70.0,65.0,130.0,97.0,125.0,94.0,136.0,32.0,35.0,144.0,73.0,31.0,85.0,97.0,80.0,121.0,85.0,88.0,85.0,84.0,95.0,107.0,45.0,86.0,135.0,133.0,145.0,155.0,29.0,88.0,71.0,133.0,119.0,135.0,115.0,114.0,91.0,89.0,144.0,77.0,117.0,86.0,70.0,50.0,67.0,83.0,136.0,98.0,89.0,69.0,141.0,89.0,95.0,138.0,93.0,109.0,129.0,25.0,127.0,130.0,76.0,71.0,134.0,126.0,131.0,111.0,143.0,135.0,28.0,93.0,35.0,72.0,66.0,148.0,70.0,123.0,151.0,136.0,76.0,137.0,79.0,120.0,107.0
3444,6.0,5.0,5.0,5.0,5.0,5.0,5.0,5.0,5.0,5.0,5.0,5.0,5.0,5.0,5.0,5.0,5.0,5.0,5.0,5.0,5.0,6.0,5.0,5.0,5.0,5.0,5.0,5.0,5.0,5.0,6.0,5.0,5.0,5.0,5.0,5.0,5.0,5.0,5.0,5.0,5.0,5.0,5.0,5.0,5.0,5.0,5.0,5.0,5.0,5.0,5.0,5.0,5.0,5.0,5.0,5.0,5.0,5.0,5.0,5.0,5.0,5.0,5.0,5.0,5.0,5.0,5.0,5.0,5.0,5.0,5.0,5.0,5.0,6.0,5.0,5.0,5.0,5.0,5.0,5.0,5.0,5.0,5.0,5.0,5.0,5.0,5.0,5.0,5.0,5.0,5.0,5.0,5.0,5.0,5.0,5.0,5.0,5.0,5.0,5.0,5.0,5.0,5.0,5.0,5.0,5.0,5.0,5.0,5.0,5.0,5.0,5.0,5.0,5.0,5.0,5.0,5.0,5.0,5.0,5.0,5.0,5.0,5.0,5.0,5.0,5.0,5.0,5.0
3451,8.0,6.0,3.0,7.0,3.0,4.0,5.0,16.0,7.0,2.0,740.0,7.0,5.0,14.0,19.0,6.0,12.0,6.0,8.0,7.0,5.0,12.0,3.0,3.0,691.0,6.0,7.0,3.0,6.0,817.0,3.0,6.0,2.0,9.0,8.0,4.0,6.0,6.0,3.0,9.0,9.0,7.0,7.0,10.0,3.0,8.0,7.0,5.0,3.0,8.0,9.0,880.0,4.0,3.0,6.0,902.0,6.0,6.0,10.0,9.0,7.0,14.0,927.0,3.0,7.0,4.0,4.0,13.0,6.0,857.0,5.0,3.0,5.0,7.0,9.0,9.0,13.0,887.0,7.0,901.0,815.0,6.0,6.0,3.0,15.0,5.0,5.0,871.0,6.0,2.0,2.0,11.0,16.0,5.0,8.0,9.0,855.0,812.0,7.0,9.0,832.0,3.0,5.0,841.0,784.0,10.0,21.0,3.0,14.0,8.0,6.0,8.0,7.0,8.0,6.0,8.0,6.0,4.0,3.0,4.0,9.0,7.0,9.0,4.0,6.0,11.0,10.0,11.0
3453,35.0,34.0,25.0,23.0,34.0,34.0,24.0,34.0,24.0,24.0,31.0,35.0,35.0,34.0,24.0,24.0,34.0,32.0,35.0,35.0,24.0,35.0,35.0,24.0,34.0,34.0,34.0,24.0,26.0,35.0,24.0,24.0,24.0,24.0,35.0,34.0,35.0,35.0,34.0,34.0,34.0,35.0,35.0,23.0,23.0,34.0,34.0,24.0,24.0,35.0,25.0,34.0,35.0,24.0,23.0,35.0,34.0,35.0,34.0,34.0,35.0,34.0,25.0,23.0,25.0,35.0,23.0,35.0,35.0,35.0,34.0,25.0,35.0,35.0,34.0,25.0,35.0,24.0,25.0,34.0,35.0,34.0,34.0,35.0,34.0,23.0,34.0,24.0,34.0,34.0,34.0,35.0,24.0,35.0,34.0,35.0,34.0,35.0,34.0,24.0,24.0,34.0,24.0,24.0,34.0,24.0,35.0,24.0,34.0,24.0,34.0,34.0,35.0,24.0,24.0,31.0,23.0,35.0,35.0,35.0,33.0,24.0,34.0,34.0,25.0,35.0,35.0,24.0
3454,10.0,11.0,13.0,9.0,7.0,12.0,7.0,11.0,10.0,8.0,7.0,8.0,12.0,11.0,13.0,7.0,9.0,9.0,8.0,13.0,12.0,8.0,12.0,8.0,9.0,13.0,8.0,9.0,9.0,10.0,11.0,8.0,11.0,12.0,10.0,8.0,12.0,11.0,11.0,9.0,11.0,7.0,11.0,9.0,12.0,10.0,8.0,7.0,9.0,9.0,9.0,9.0,8.0,7.0,12.0,8.0,8.0,12.0,11.0,8.0,9.0,8.0,12.0,10.0,8.0,9.0,8.0,10.0,11.0,10.0,12.0,8.0,10.0,12.0,8.0,8.0,9.0,6.0,13.0,7.0,8.0,7.0,8.0,8.0,12.0,11.0,7.0,8.0,11.0,7.0,11.0,8.0,11.0,11.0,12.0,13.0,8.0,9.0,10.0,8.0,11.0,11.0,7.0,9.0,7.0,9.0,9.0,9.0,8.0,10.0,7.0,10.0,8.0,9.0,7.0,7.0,12.0,12.0,10.0,7.0,12.0,10.0,8.0,11.0,9.0,9.0,7.0,12.0
3456,187.0,171.0,176.0,182.0,170.0,187.0,171.0,163.0,179.0,182.0,180.0,175.0,156.0,175.0,168.0,176.0,158.0,177.0,170.0,186.0,173.0,173.0,170.0,174.0,180.0,182.0,179.0,181.0,171.0,163.0,168.0,186.0,176.0,165.0,172.0,162.0,187.0,182.0,176.0,185.0,180.0,172.0,177.0,181.0,173.0,175.0,179.0,176.0,169.0,171.0,170.0,171.0,175.0,178.0,185.0,163.0,171.0,171.0,188.0,188.0,180.0,174.0,182.0,167.0,172.0,177.0,157.0,170.0,170.0,180.0,171.0,190.0,184.0,179.0,172.0,170.0,181.0,185.0,184.0,163.0,164.0,172.0,174.0,189.0,164.0,174.0,169.0,170.0,176.0,162.0,162.0,186.0,179.0,168.0,171.0,190.0,178.0,176.0,191.0,173.0,161.0,180.0,174.0,161.0,186.0,171.0,176.0,186.0,181.0,176.0,169.0,194.0,178.0,179.0,178.0,174.0,163.0,167.0,176.0,166.0,175.0,180.0,173.0,162.0,186.0,171.0,160.0,178.0
3458,1.0,1.0,1.0,1.0,1.0,1.0,1.0,1.0,1.0,1.0,1.0,1.0,1.0,1.0,1.0,1.0,1.0,1.0,1.0,1.0,1.0,1.0,1.0,1.0,1.0,1.0,1.0,1.0,1.0,1.0,1.0,1.0,1.0,1.0,1.0,1.0,1.0,1.0,1.0,1.0,1.0,1.0,1.0,1.0,1.0,1.0,1.0,1.0,1.0,1.0,1.0,1.0,1.0,1.0,1.0,1.0,1.0,1.0,1.0,1.0,1.0,1.0,1.0,1.0,1.0,1.0,1.0,1.0,1.0,1.0,1.0,1.0,1.0,1.0,1.0,1.0,1.0,1.0,1.0,1.0,1.0,1.0,1.0,1.0,1.0,1.0,1.0,1.0,1.0,1.0,1.0,1.0,1.0,1.0,1.0,1.0,1.0,1.0,1.0,1.0,1.0,1.0,1.0,1.0,1.0,1.0,1.0,1.0,1.0,1.0,1.0,1.0,1.0,1.0,1.0,1.0,1.0,1.0,1.0,1.0,1.0,1.0,1.0,1.0,1.0,1.0,1.0,1.0
3460,2.0,1314.0,1379.0,1428.0,2.0,2.0,1611.0,2.0,1457.0,2.0,2.0,2.0,1337.0,3.0,2.0,1179.0,2.0,2.0,2.0,1471.0,1342.0,1468.0,1486.0,653.0,8.0,2.0,1.0,2.0,2.0,2.0,1417.0,1469.0,2.0,1353.0,2.0,2.0,1477.0,3.0,2.0,923.0,2.0,1458.0,1407.0,3.0,1499.0,1384.0,1275.0,1450.0,513.0,1479.0,1494.0,1470.0,1513.0,2.0,1318.0,1689.0,3.0,1395.0,2.0,3.0,2.0,2.0,1535.0,1779.0,3.0,622.0,839.0,733.0,1474.0,1354.0,2.0,2.0,1790.0,3.0,1482.0,1617.0,1475.0,517.0,2.0,969.0,1479.0,2.0,3.0,2.0,2.0,2.0,1293.0,2.0,1607.0,1134.0,1429.0,2.0,1014.0,1755.0,1153.0,1480.0,1540.0,1059.0,1376.0,1402.0,1451.0,1682.0,2.0,1462.0,1294.0,2.0,1464.0,2.0,1392.0,3.0,2.0,1453.0,2.0,1138.0,2.0,1428.0,1168.0,514.0,2.0,1190.0,1293.0,2.0,4.0,1490.0,1428.0,2.0,1740.0,2.0
3463,16.0,16.0,15.0,15.0,16.0,16.0,16.0,16.0,16.0,16.0,16.0,16.0,17.0,16.0,16.0,16.0,16.0,16.0,16.0,16.0,15.0,16.0,16.0,16.0,16.0,16.0,16.0,16.0,16.0,17.0,16.0,17.0,16.0,16.0,16.0,15.0,16.0,16.0,16.0,16.0,16.0,16.0,16.0,15.0,16.0,16.0,16.0,16.0,17.0,17.0,16.0,16.0,16.0,15.0,16.0,17.0,16.0,17.0,16.0,16.0,17.0,16.0,16.0,15.0,16.0,16.0,16.0,16.0,17.0,16.0,16.0,16.0,16.0,17.0,16.0,15.0,17.0,16.0,16.0,16.0,17.0,15.0,16.0,17.0,16.0,16.0,16.0,16.0,16.0,16.0,15.0,17.0,16.0,16.0,16.0,16.0,16.0,16.0,16.0,15.0,15.0,16.0,16.0,16.0,16.0,16.0,16.0,16.0,16.0,16.0,16.0,16.0,16.0,16.0,16.0,16.0,16.0,16.0,17.0,16.0,16.0,16.0,16.0,16.0,15.0,16.0,15.0,16.0
3464,4.0,4.0,4.0,4.0,4.0,4.0,4.0,4.0,4.0,4.0,4.0,4.0,3.0,4.0,4.0,4.0,4.0,4.0,4.0,4.0,4.0,4.0,4.0,4.0,4.0,4.0,4.0,4.0,4.0,4.0,4.0,4.0,4.0,4.0,4.0,4.0,4.0,4.0,4.0,4.0,4.0,4.0,4.0,4.0,4.0,4.0,4.0,4.0,4.0,4.0,4.0,4.0,4.0,4.0,4.0,4.0,4.0,4.0,4.0,4.0,4.0,4.0,4.0,4.0,4.0,4.0,4.0,4.0,4.0,4.0,4.0,4.0,4.0,4.0,4.0,4.0,4.0,4.0,4.0,4.0,4.0,4.0,4.0,4.0,4.0,4.0,4.0,4.0,4.0,4.0,4.0,4.0,4.0,4.0,4.0,4.0,4.0,4.0,4.0,4.0,4.0,4.0,4.0,4.0,4.0,4.0,4.0,4.0,4.0,4.0,4.0,4.0,4.0,4.0,4.0,4.0,4.0,4.0,4.0,4.0,4.0,4.0,4.0,4.0,4.0,4.0,4.0,4.0
3467,3.0,3.0,3.0,3.0,3.0,3.0,3.0,3.0,3.0,3.0,3.0,3.0,3.0,3.0,3.0,3.0,3.0,3.0,3.0,3.0,3.0,3.0,3.0,3.0,3.0,3.0,3.0,3.0,3.0,3.0,3.0,3.0,3.0,3.0,3.0,3.0,3.0,3.0,3.0,3.0,3.0,3.0,3.0,3.0,3.0,3.0,3.0,3.0,3.0,3.0,3.0,3.0,3.0,3.0,3.0,3.0,3.0,3.0,3.0,3.0,3.0,3.0,3.0,3.0,3.0,3.0,3.0,3.0,3.0,3.0,3.0,3.0,3.0,3.0,3.0,3.0,3.0,3.0,3.0,3.0,3.0,3.0,3.0,3.0,3.0,3.0,3.0,3.0,3.0,3.0,3.0,3.0,3.0,3.0,3.0,3.0,3.0,3.0,3.0,3.0,3.0,3.0,3.0,3.0,3.0,3.0,3.0,3.0,3.0,3.0,3.0,3.0,3.0,3.0,3.0,3.0,3.0,3.0,3.0,3.0,3.0,3.0,3.0,3.0,3.0,3.0,3.0,3.0
3468,38.0,37.0,28.0,26.0,29.0,37.0,27.0,37.0,27.0,27.0,30.0,38.0,38.0,37.0,27.0,27.0,34.0,30.0,37.0,38.0,27.0,38.0,38.0,27.0,37.0,37.0,37.0,27.0,29.0,38.0,27.0,27.0,27.0,27.0,38.0,37.0,38.0,37.0,37.0,37.0,37.0,38.0,38.0,26.0,26.0,37.0,37.0,27.0,27.0,38.0,28.0,37.0,38.0,27.0,26.0,38.0,37.0,38.0,37.0,37.0,38.0,37.0,28.0,26.0,28.0,37.0,26.0,38.0,38.0,38.0,37.0,28.0,38.0,37.0,37.0,28.0,38.0,27.0,28.0,37.0,38.0,37.0,36.0,38.0,36.0,26.0,35.0,27.0,37.0,37.0,37.0,38.0,27.0,38.0,37.0,38.0,37.0,38.0,37.0,27.0,27.0,37.0,27.0,27.0,37.0,27.0,38.0,27.0,37.0,27.0,34.0,37.0,38.0,27.0,27.0,30.0,26.0,38.0,38.0,38.0,36.0,27.0,37.0,37.0,28.0,38.0,37.0,27.0
3470,168.0,158.0,161.0,158.0,148.0,164.0,153.0,150.0,156.0,164.0,164.0,164.0,158.0,147.0,156.0,156.0,157.0,162.0,157.0,167.0,166.0,169.0,160.0,139.0,156.0,162.0,163.0,165.0,165.0,150.0,151.0,168.0,161.0,152.0,162.0,148.0,163.0,151.0,155.0,170.0,165.0,164.0,157.0,168.0,162.0,172.0,158.0,161.0,151.0,153.0,139.0,155.0,157.0,161.0,173.0,155.0,157.0,153.0,162.0,169.0,163.0,167.0,152.0,158.0,154.0,154.0,154.0,162.0,158.0,158.0,157.0,171.0,176.0,168.0,164.0,158.0,159.0,159.0,168.0,153.0,158.0,148.0,133.0,162.0,165.0,154.0,153.0,152.0,159.0,166.0,146.0,163.0,168.0,164.0,161.0,174.0,163.0,164.0,172.0,156.0,144.0,148.0,161.0,152.0,146.0,157.0,150.0,164.0,168.0,163.0,159.0,175.0,156.0,153.0,167.0,158.0,154.0,165.0,164.0,154.0,144.0,164.0,154.0,158.0,170.0,150.0,163.0,161.0
3473,206.0,196.0,195.0,198.0,188.0,201.0,189.0,181.0,191.0,206.0,199.0,195.0,189.0,191.0,191.0,203.0,184.0,199.0,202.0,204.0,209.0,200.0,197.0,195.0,196.0,207.0,196.0,206.0,191.0,190.0,193.0,206.0,201.0,193.0,197.0,188.0,197.0,186.0,189.0,217.0,207.0,200.0,228.0,202.0,200.0,211.0,195.0,193.0,185.0,199.0,184.0,197.0,192.0,201.0,219.0,192.0,196.0,194.0,216.0,197.0,199.0,198.0,202.0,193.0,204.0,189.0,193.0,204.0,194.0,203.0,195.0,220.0,213.0,199.0,185.0,194.0,214.0,215.0,206.0,195.0,190.0,192.0,198.0,214.0,193.0,192.0,194.0,190.0,195.0,188.0,179.0,210.0,200.0,195.0,201.0,215.0,193.0,201.0,215.0,197.0,183.0,208.0,188.0,195.0,200.0,192.0,195.0,225.0,203.0,192.0,191.0,209.0,203.0,200.0,202.0,203.0,192.0,201.0,196.0,187.0,192.0,208.0,197.0,186.0,209.0,191.0,198.0,198.0
3479,18.0,17.0,15.0,16.0,15.0,17.0,9.0,13.0,13.0,13.0,15.0,10.0,13.0,14.0,16.0,14.0,12.0,12.0,12.0,12.0,13.0,12.0,10.0,11.0,15.0,13.0,13.0,15.0,10.0,17.0,15.0,16.0,10.0,16.0,13.0,15.0,15.0,13.0,11.0,14.0,11.0,15.0,11.0,12.0,9.0,12.0,14.0,10.0,13.0,18.0,15.0,14.0,16.0,13.0,15.0,15.0,14.0,15.0,12.0,14.0,16.0,14.0,14.0,9.0,14.0,12.0,11.0,11.0,10.0,16.0,14.0,14.0,11.0,13.0,12.0,14.0,11.0,10.0,14.0,14.0,13.0,10.0,12.0,13.0,15.0,12.0,13.0,13.0,10.0,14.0,12.0,20.0,11.0,14.0,13.0,14.0,13.0,14.0,10.0,11.0,9.0,14.0,12.0,16.0,10.0,12.0,9.0,13.0,14.0,13.0,14.0,14.0,16.0,14.0,15.0,15.0,12.0,13.0,11.0,11.0,15.0,9.0,14.0,11.0,13.0,14.0,14.0,10.0
3485,21.0,21.0,21.0,21.0,22.0,20.0,21.0,21.0,20.0,20.0,22.0,20.0,22.0,21.0,22.0,21.0,20.0,20.0,20.0,22.0,22.0,20.0,22.0,21.0,21.0,23.0,20.0,20.0,21.0,21.0,21.0,20.0,22.0,20.0,22.0,22.0,23.0,21.0,23.0,19.0,22.0,21.0,22.0,22.0,22.0,21.0,21.0,21.0,20.0,22.0,20.0,22.0,20.0,20.0,20.0,20.0,19.0,22.0,20.0,21.0,21.0,21.0,21.0,21.0,20.0,21.0,22.0,21.0,22.0,22.0,23.0,20.0,21.0,21.0,21.0,18.0,22.0,17.0,20.0,20.0,20.0,22.0,20.0,20.0,22.0,20.0,20.0,21.0,20.0,20.0,20.0,20.0,21.0,21.0,22.0,22.0,22.0,21.0,23.0,21.0,21.0,22.0,23.0,21.0,21.0,22.0,21.0,22.0,20.0,21.0,22.0,21.0,20.0,22.0,19.0,20.0,22.0,21.0,23.0,21.0,21.0,20.0,18.0,23.0,18.0,22.0,23.0,23.0
3490,2.0,2.0,2.0,2.0,2.0,2.0,2.0,2.0,2.0,2.0,2.0,2.0,2.0,2.0,2.0,2.0,2.0,2.0,2.0,2.0,2.0,2.0,2.0,2.0,2.0,2.0,2.0,2.0,2.0,2.0,2.0,2.0,2.0,2.0,2.0,2.0,2.0,2.0,2.0,2.0,2.0,2.0,2.0,2.0,2.0,2.0,2.0,2.0,2.0,2.0,2.0,2.0,2.0,2.0,2.0,2.0,2.0,2.0,2.0,2.0,2.0,2.0,2.0,2.0,2.0,2.0,2.0,2.0,2.0,2.0,2.0,2.0,2.0,2.0,2.0,2.0,2.0,2.0,2.0,2.0,2.0,2.0,2.0,2.0,2.0,2.0,2.0,2.0,2.0,2.0,2.0,2.0,2.0,2.0,2.0,2.0,2.0,2.0,2.0,2.0,2.0,2.0,2.0,2.0,2.0,2.0,2.0,2.0,2.0,2.0,2.0,2.0,2.0,2.0,2.0,2.0,2.0,2.0,2.0,2.0,2.0,2.0,2.0,2.0,2.0,2.0,2.0,2.0
3492,24.0,41.0,41.0,50.0,27.0,44.0,31.0,27.0,52.0,23.0,47.0,23.0,38.0,39.0,32.0,17.0,10.0,27.0,33.0,33.0,33.0,32.0,52.0,54.0,33.0,30.0,40.0,31.0,28.0,29.0,23.0,39.0,32.0,46.0,56.0,36.0,30.0,30.0,27.0,55.0,57.0,17.0,23.0,24.0,33.0,35.0,38.0,24.0,23.0,34.0,22.0,23.0,28.0,24.0,30.0,38.0,25.0,31.0,16.0,26.0,30.0,46.0,26.0,30.0,36.0,25.0,31.0,23.0,27.0,22.0,32.0,23.0,39.0,40.0,30.0,56.0,26.0,31.0,23.0,25.0,28.0,25.0,31.0,14.0,29.0,18.0,22.0,44.0,41.0,34.0,30.0,43.0,33.0,41.0,29.0,36.0,27.0,67.0,24.0,56.0,27.0,31.0,11.0,36.0,35.0,34.0,60.0,31.0,38.0,20.0,40.0,20.0,34.0,26.0,41.0,23.0,31.0,36.0,66.0,32.0,29.0,52.0,27.0,23.0,22.0,25.0,36.0,35.0
3496,194.0,176.0,165.0,185.0,156.0,181.0,167.0,165.0,169.0,185.0,182.0,185.0,172.0,164.0,170.0,190.0,155.0,184.0,187.0,188.0,186.0,181.0,185.0,173.0,172.0,180.0,171.0,181.0,165.0,159.0,165.0,183.0,180.0,162.0,177.0,163.0,177.0,166.0,166.0,181.0,188.0,173.0,198.0,191.0,178.0,189.0,175.0,169.0,170.0,179.0,161.0,177.0,170.0,179.0,196.0,179.0,179.0,171.0,179.0,175.0,183.0,176.0,173.0,173.0,175.0,171.0,181.0,172.0,168.0,175.0,179.0,200.0,191.0,171.0,178.0,163.0,184.0,194.0,177.0,171.0,169.0,171.0,183.0,186.0,175.0,176.0,171.0,164.0,175.0,161.0,159.0,175.0,170.0,172.0,180.0,183.0,172.0,171.0,201.0,176.0,158.0,181.0,164.0,180.0,176.0,173.0,168.0,194.0,180.0,170.0,170.0,193.0,179.0,179.0,182.0,190.0,165.0,178.0,178.0,171.0,166.0,184.0,181.0,171.0,193.0,168.0,176.0,185.0
3498,841.0,820.0,835.0,1.0,832.0,1.0,832.0,1.0,1.0,932.0,836.0,1.0,908.0,859.0,831.0,819.0,933.0,852.0,1.0,2.0,1.0,899.0,1.0,1.0,3.0,902.0,1.0,958.0,1.0,2.0,913.0,910.0,1.0,1.0,1.0,1.0,902.0,929.0,904.0,930.0,2.0,1.0,1.0,886.0,918.0,901.0,1.0,906.0,912.0,1.0,1.0,992.0,1.0,1.0,864.0,1.0,927.0,923.0,1.0,907.0,2.0,925.0,2.0,887.0,946.0,889.0,896.0,1.0,1.0,937.0,1.0,1.0,2.0,1.0,1.0,907.0,1.0,939.0,924.0,931.0,917.0,914.0,1.0,960.0,890.0,898.0,900.0,879.0,923.0,919.0,920.0,1.0,934.0,1.0,947.0,1.0,2.0,884.0,939.0,1.0,1.0,2.0,933.0,900.0,853.0,907.0,2.0,911.0,1.0,1.0,1.0,855.0,905.0,2.0,914.0,1.0,1.0,1.0,1.0,1.0,1.0,906.0,1.0,1.0,1.0,905.0,1.0,2.0
3501,147.0,127.0,139.0,135.0,131.0,129.0,134.0,125.0,126.0,135.0,141.0,135.0,120.0,119.0,125.0,137.0,125.0,141.0,130.0,147.0,144.0,134.0,141.0,121.0,131.0,137.0,132.0,137.0,131.0,130.0,132.0,151.0,138.0,128.0,134.0,126.0,142.0,125.0,129.0,147.0,139.0,138.0,140.0,145.0,129.0,144.0,141.0,138.0,134.0,137.0,123.0,136.0,120.0,131.0,143.0,121.0,127.0,144.0,143.0,140.0,127.0,128.0,129.0,131.0,127.0,133.0,128.0,135.0,133.0,130.0,135.0,140.0,143.0,141.0,134.0,125.0,131.0,144.0,132.0,130.0,135.0,129.0,128.0,157.0,141.0,134.0,137.0,124.0,129.0,123.0,113.0,139.0,134.0,127.0,126.0,145.0,134.0,136.0,151.0,137.0,127.0,134.0,130.0,129.0,142.0,132.0,130.0,145.0,142.0,131.0,128.0,146.0,139.0,138.0,132.0,140.0,134.0,135.0,146.0,127.0,126.0,142.0,129.0,125.0,147.0,126.0,132.0,127.0
3502,175.0,166.0,164.0,168.0,167.0,166.0,162.0,164.0,169.0,170.0,171.0,165.0,164.0,158.0,167.0,173.0,163.0,170.0,160.0,179.0,177.0,175.0,165.0,156.0,166.0,170.0,171.0,169.0,173.0,160.0,168.0,171.0,163.0,168.0,163.0,156.0,169.0,161.0,157.0,170.0,171.0,173.0,177.0,175.0,170.0,175.0,167.0,172.0,162.0,162.0,156.0,168.0,162.0,173.0,177.0,167.0,166.0,159.0,176.0,173.0,164.0,174.0,174.0,167.0,163.0,165.0,161.0,168.0,162.0,169.0,165.0,175.0,180.0,173.0,169.0,164.0,168.0,169.0,173.0,162.0,167.0,162.0,168.0,175.0,177.0,158.0,166.0,161.0,162.0,170.0,153.0,170.0,174.0,171.0,171.0,179.0,168.0,169.0,175.0,162.0,161.0,166.0,172.0,164.0,172.0,168.0,172.0,172.0,171.0,176.0,164.0,181.0,162.0,171.0,174.0,169.0,165.0,179.0,168.0,164.0,157.0,172.0,164.0,172.0,174.0,165.0,171.0,173.0
3503,1.0,1184.0,1.0,1.0,1.0,1.0,1.0,1205.0,1415.0,1.0,1345.0,1.0,1382.0,1329.0,1428.0,1.0,1523.0,1614.0,1423.0,1559.0,1501.0,1.0,1345.0,1371.0,1427.0,1394.0,1.0,1595.0,1.0,1366.0,1428.0,1.0,1379.0,1.0,1.0,1.0,1399.0,1.0,1.0,1442.0,1.0,1412.0,1.0,1.0,1.0,1406.0,1.0,1.0,1.0,1.0,1476.0,1451.0,1.0,1410.0,1382.0,1421.0,1490.0,1.0,1425.0,1416.0,1.0,1383.0,1.0,1.0,1405.0,1481.0,1434.0,1.0,1414.0,1476.0,1.0,1.0,1566.0,1610.0,1.0,1.0,1450.0,1.0,1.0,1.0,1.0,1.0,1.0,1317.0,1568.0,1.0,1.0,1276.0,1630.0,1407.0,1391.0,1241.0,1.0,1438.0,1449.0,1.0,1500.0,1.0,1.0,1400.0,1.0,1.0,1484.0,1.0,1487.0,1.0,1.0,1461.0,1438.0,1550.0,1482.0,1.0,1.0,1341.0,1500.0,1215.0,1358.0,1.0,1321.0,1.0,1.0,1485.0,1426.0,1.0,1473.0,1.0,1365.0,1411.0
3504,24.0,22.0,31.0,22.0,22.0,22.0,40.0,21.0,20.0,30.0,26.0,27.0,25.0,26.0,28.0,29.0,22.0,26.0,31.0,23.0,23.0,27.0,23.0,28.0,25.0,23.0,27.0,26.0,23.0,23.0,20.0,23.0,20.0,20.0,22.0,29.0,25.0,30.0,22.0,26.0,24.0,21.0,24.0,20.0,20.0,21.0,26.0,26.0,23.0,20.0,25.0,26.0,24.0,29.0,20.0,19.0,22.0,20.0,23.0,28.0,23.0,24.0,23.0,29.0,25.0,26.0,24.0,26.0,24.0,23.0,27.0,26.0,33.0,18.0,24.0,21.0,26.0,20.0,25.0,29.0,24.0,25.0,25.0,17.0,22.0,24.0,24.0,32.0,26.0,25.0,26.0,23.0,3.0,29.0,30.0,24.0,23.0,22.0,19.0,24.0,25.0,26.0,17.0,25.0,24.0,22.0,18.0,21.0,25.0,29.0,29.0,24.0,28.0,21.0,24.0,25.0,33.0,7.0,30.0,33.0,21.0,22.0,29.0,24.0,24.0,25.0,26.0,22.0
3505,5.0,9.0,86.0,5.0,7.0,6.0,7.0,5.0,497.0,7.0,7.0,7.0,9.0,6.0,5.0,5.0,6.0,7.0,5.0,5.0,7.0,5.0,7.0,6.0,6.0,8.0,5.0,5.0,7.0,6.0,7.0,5.0,5.0,9.0,5.0,5.0,5.0,5.0,7.0,9.0,5.0,145.0,6.0,143.0,7.0,8.0,7.0,6.0,5.0,8.0,8.0,6.0,5.0,7.0,7.0,5.0,5.0,5.0,5.0,5.0,5.0,8.0,6.0,7.0,7.0,6.0,7.0,5.0,6.0,5.0,6.0,5.0,5.0,9.0,6.0,6.0,5.0,7.0,6.0,5.0,7.0,7.0,7.0,5.0,6.0,4.0,132.0,8.0,117.0,8.0,7.0,5.0,8.0,6.0,5.0,6.0,8.0,6.0,8.0,8.0,7.0,6.0,5.0,5.0,5.0,6.0,5.0,7.0,6.0,6.0,6.0,12.0,7.0,630.0,8.0,7.0,53.0,5.0,6.0,6.0,5.0,5.0,6.0,5.0,6.0,5.0,6.0,8.0
3508,1.0,1631.0,1443.0,1.0,1.0,1624.0,1505.0,1.0,1580.0,1.0,1633.0,1701.0,1.0,1.0,1.0,1.0,1736.0,1.0,1591.0,1.0,1705.0,1552.0,1.0,1397.0,1588.0,1449.0,1692.0,1913.0,1.0,1568.0,1.0,1.0,1.0,1609.0,1654.0,1.0,1.0,1722.0,1686.0,1.0,1.0,1570.0,1.0,1560.0,1678.0,1510.0,1.0,1706.0,1677.0,1.0,1.0,1.0,1370.0,1708.0,1.0,1707.0,1.0,1379.0,1725.0,1449.0,1660.0,1.0,1.0,1.0,1.0,1628.0,1.0,1618.0,1.0,1634.0,1.0,1.0,1.0,1.0,1554.0,1480.0,1558.0,1688.0,1728.0,1.0,1.0,1727.0,1.0,1454.0,1662.0,1.0,1.0,1531.0,1.0,1530.0,1721.0,1622.0,1598.0,1677.0,1.0,1685.0,1658.0,1690.0,1713.0,1.0,1.0,1.0,1798.0,1626.0,1726.0,1.0,1569.0,1593.0,1461.0,1.0,1673.0,1398.0,1.0,1704.0,1.0,1.0,1608.0,1695.0,1667.0,1.0,1.0,1.0,1673.0,1570.0,1611.0,1501.0,1715.0,1.0
3509,377.0,915.0,404.0,952.0,736.0,913.0,985.0,353.0,940.0,950.0,572.0,24.0,871.0,884.0,992.0,310.0,634.0,1030.0,358.0,352.0,299.0,62.0,458.0,34.0,456.0,1017.0,933.0,31.0,764.0,875.0,986.0,433.0,1079.0,618.0,349.0,484.0,980.0,22.0,847.0,1023.0,560.0,733.0,584.0,408.0,1068.0,1055.0,35.0,635.0,766.0,376.0,1012.0,141.0,774.0,1213.0,483.0,372.0,933.0,1025.0,290.0,480.0,1048.0,429.0,22.0,974.0,223.0,17.0,280.0,398.0,945.0,90.0,1018.0,84.0,434.0,799.0,476.0,1070.0,967.0,537.0,325.0,1032.0,388.0,1109.0,1084.0,528.0,1026.0,708.0,52.0,837.0,28.0,574.0,1043.0,613.0,28.0,791.0,911.0,989.0,490.0,877.0,1024.0,1011.0,952.0,889.0,1049.0,1052.0,765.0,983.0,502.0,503.0,21.0,17.0,138.0,1024.0,555.0,520.0,859.0,978.0,573.0,591.0,376.0,546.0,1064.0,960.0,1128.0,252.0,498.0,1032.0,602.0,397.0
3511,23.0,18.0,19.0,18.0,19.0,24.0,31.0,625.0,19.0,31.0,23.0,22.0,18.0,28.0,21.0,38.0,585.0,35.0,16.0,764.0,16.0,678.0,21.0,30.0,19.0,47.0,15.0,829.0,23.0,23.0,17.0,17.0,23.0,65.0,18.0,33.0,35.0,21.0,19.0,36.0,30.0,16.0,30.0,25.0,36.0,25.0,33.0,19.0,21.0,36.0,897.0,20.0,21.0,13.0,18.0,28.0,15.0,17.0,46.0,20.0,18.0,17.0,21.0,45.0,20.0,17.0,21.0,22.0,31.0,20.0,15.0,20.0,16.0,40.0,41.0,45.0,17.0,27.0,16.0,21.0,17.0,17.0,15.0,67.0,18.0,16.0,40.0,545.0,33.0,22.0,416.0,16.0,22.0,39.0,18.0,22.0,43.0,18.0,38.0,17.0,19.0,19.0,19.0,22.0,46.0,17.0,37.0,16.0,22.0,36.0,19.0,33.0,17.0,39.0,15.0,18.0,49.0,22.0,19.0,50.0,16.0,919.0,23.0,18.0,20.0,16.0,20.0,16.0
3519,36.0,35.0,26.0,24.0,35.0,35.0,25.0,35.0,25.0,25.0,32.0,36.0,36.0,35.0,25.0,25.0,35.0,31.0,36.0,36.0,25.0,36.0,36.0,25.0,35.0,35.0,34.0,25.0,27.0,36.0,25.0,24.0,25.0,25.0,36.0,35.0,36.0,36.0,35.0,35.0,35.0,36.0,36.0,24.0,24.0,35.0,35.0,25.0,25.0,36.0,26.0,35.0,36.0,25.0,24.0,36.0,35.0,36.0,35.0,35.0,36.0,35.0,27.0,24.0,26.0,36.0,24.0,36.0,36.0,36.0,35.0,26.0,36.0,36.0,35.0,26.0,35.0,25.0,26.0,34.0,36.0,35.0,35.0,36.0,35.0,24.0,34.0,25.0,35.0,35.0,35.0,36.0,25.0,36.0,35.0,36.0,35.0,36.0,35.0,25.0,25.0,35.0,25.0,25.0,35.0,25.0,36.0,25.0,35.0,25.0,33.0,35.0,35.0,25.0,26.0,32.0,24.0,35.0,9.0,36.0,34.0,25.0,35.0,35.0,26.0,36.0,36.0,25.0
3525,12.0,12.0,11.0,11.0,10.0,11.0,12.0,12.0,10.0,12.0,15.0,10.0,11.0,9.0,12.0,10.0,11.0,12.0,11.0,12.0,10.0,12.0,12.0,13.0,10.0,10.0,13.0,10.0,11.0,10.0,13.0,10.0,13.0,12.0,11.0,12.0,12.0,10.0,12.0,10.0,12.0,11.0,12.0,9.0,12.0,12.0,11.0,12.0,12.0,14.0,10.0,12.0,12.0,12.0,10.0,12.0,9.0,12.0,10.0,10.0,9.0,12.0,12.0,12.0,12.0,12.0,9.0,11.0,9.0,10.0,11.0,12.0,13.0,12.0,12.0,12.0,11.0,12.0,11.0,11.0,11.0,10.0,9.0,11.0,13.0,11.0,12.0,12.0,10.0,11.0,11.0,10.0,10.0,13.0,12.0,13.0,10.0,9.0,11.0,9.0,10.0,10.0,11.0,10.0,11.0,12.0,10.0,12.0,13.0,10.0,13.0,12.0,12.0,12.0,10.0,12.0,10.0,12.0,12.0,11.0,12.0,11.0,11.0,11.0,13.0,12.0,11.0,13.0
3526,1.0,1.0,1.0,1.0,1.0,1.0,1.0,1.0,1.0,1.0,1.0,1.0,1.0,1.0,1.0,1.0,1.0,1.0,1.0,1.0,1.0,1.0,1.0,1.0,1.0,1.0,1.0,1.0,1.0,1.0,1.0,1.0,1.0,1.0,1.0,1.0,1.0,1.0,1.0,1.0,1.0,1.0,1.0,1.0,1.0,1.0,1.0,1.0,1.0,1.0,1.0,1.0,1.0,1.0,1.0,1.0,1.0,1.0,1.0,1.0,1.0,1.0,1.0,1.0,1.0,1.0,1.0,1.0,1.0,1.0,1.0,1.0,1.0,1.0,1.0,1.0,1.0,1.0,1.0,1.0,1.0,1.0,1.0,1.0,1.0,1.0,1.0,1.0,1.0,1.0,1.0,1.0,1.0,1.0,1.0,1.0,1.0,1.0,1.0,1.0,1.0,1.0,1.0,1.0,1.0,1.0,1.0,1.0,1.0,1.0,1.0,1.0,1.0,1.0,1.0,1.0,1.0,1.0,1.0,1.0,1.0,1.0,1.0,1.0,1.0,1.0,1.0,1.0
3527,26.0,25.0,28.0,28.0,27.0,26.0,24.0,28.0,27.0,25.0,29.0,25.0,28.0,25.0,27.0,26.0,25.0,23.0,26.0,28.0,27.0,25.0,29.0,28.0,25.0,29.0,28.0,22.0,26.0,26.0,29.0,24.0,29.0,25.0,27.0,31.0,29.0,28.0,30.0,25.0,28.0,28.0,30.0,26.0,27.0,29.0,24.0,23.0,26.0,25.0,25.0,27.0,30.0,24.0,26.0,24.0,23.0,27.0,23.0,21.0,26.0,26.0,29.0,26.0,26.0,25.0,25.0,27.0,26.0,25.0,27.0,28.0,26.0,24.0,26.0,25.0,27.0,21.0,29.0,26.0,26.0,28.0,24.0,24.0,28.0,26.0,27.0,26.0,25.0,24.0,29.0,25.0,29.0,26.0,29.0,31.0,26.0,27.0,29.0,26.0,29.0,25.0,28.0,26.0,26.0,25.0,24.0,27.0,21.0,28.0,26.0,25.0,24.0,24.0,25.0,25.0,31.0,27.0,29.0,25.0,26.0,25.0,22.0,28.0,23.0,34.0,34.0,33.0
3533,8.0,9.0,7.0,6.0,5.0,9.0,7.0,9.0,7.0,6.0,8.0,10.0,11.0,12.0,6.0,8.0,9.0,7.0,4.0,9.0,8.0,8.0,4.0,6.0,6.0,11.0,6.0,7.0,5.0,14.0,6.0,10.0,8.0,8.0,8.0,12.0,5.0,3.0,8.0,8.0,9.0,9.0,13.0,7.0,10.0,8.0,7.0,8.0,10.0,5.0,5.0,5.0,6.0,7.0,12.0,9.0,10.0,8.0,5.0,5.0,7.0,12.0,9.0,10.0,7.0,5.0,6.0,8.0,11.0,5.0,10.0,6.0,5.0,8.0,10.0,6.0,6.0,9.0,8.0,5.0,7.0,10.0,6.0,5.0,5.0,6.0,6.0,9.0,7.0,7.0,7.0,8.0,7.0,9.0,928.0,14.0,9.0,5.0,6.0,10.0,14.0,8.0,5.0,13.0,6.0,9.0,13.0,12.0,14.0,7.0,6.0,5.0,5.0,14.0,5.0,5.0,9.0,9.0,5.0,7.0,8.0,6.0,14.0,6.0,5.0,7.0,5.0,7.0
3537,10.0,10.0,11.0,11.0,11.0,10.0,10.0,11.0,11.0,10.0,11.0,10.0,10.0,11.0,11.0,11.0,10.0,11.0,11.0,10.0,11.0,10.0,10.0,11.0,11.0,11.0,11.0,11.0,10.0,11.0,11.0,10.0,11.0,10.0,11.0,10.0,11.0,11.0,11.0,10.0,10.0,10.0,11.0,11.0,11.0,10.0,11.0,10.0,11.0,10.0,11.0,10.0,11.0,12.0,11.0,11.0,11.0,11.0,10.0,10.0,11.0,10.0,11.0,11.0,11.0,11.0,11.0,11.0,11.0,11.0,11.0,10.0,10.0,10.0,11.0,11.0,11.0,11.0,11.0,11.0,11.0,11.0,11.0,11.0,10.0,11.0,11.0,11.0,11.0,11.0,11.0,10.0,11.0,11.0,10.0,11.0,11.0,11.0,10.0,11.0,10.0,10.0,11.0,11.0,11.0,11.0,11.0,10.0,11.0,11.0,11.0,10.0,10.0,11.0,11.0,10.0,11.0,10.0,11.0,10.0,10.0,10.0,10.0,10.0,11.0,11.0,11.0,11.0
3538,217.0,204.0,203.0,213.0,195.0,209.0,207.0,200.0,204.0,211.0,204.0,198.0,196.0,205.0,209.0,208.0,199.0,206.0,208.0,218.0,213.0,213.0,206.0,208.0,199.0,212.0,207.0,213.0,203.0,193.0,203.0,210.0,208.0,200.0,203.0,195.0,208.0,208.0,206.0,215.0,207.0,202.0,217.0,210.0,208.0,205.0,216.0,203.0,198.0,201.0,200.0,208.0,207.0,208.0,212.0,211.0,208.0,196.0,217.0,206.0,206.0,211.0,215.0,204.0,206.0,202.0,201.0,206.0,203.0,216.0,210.0,216.0,228.0,209.0,210.0,205.0,226.0,231.0,208.0,192.0,198.0,207.0,204.0,213.0,219.0,199.0,203.0,197.0,204.0,207.0,181.0,208.0,208.0,204.0,207.0,219.0,206.0,203.0,220.0,196.0,192.0,207.0,201.0,205.0,213.0,205.0,210.0,218.0,219.0,208.0,206.0,224.0,195.0,212.0,215.0,216.0,201.0,208.0,205.0,202.0,207.0,202.0,202.0,213.0,218.0,207.0,211.0,209.0
3540,14.0,17.0,15.0,18.0,16.0,17.0,17.0,17.0,17.0,15.0,18.0,16.0,16.0,15.0,15.0,15.0,17.0,22.0,17.0,20.0,15.0,17.0,17.0,17.0,15.0,16.0,16.0,26.0,15.0,33.0,18.0,15.0,17.0,17.0,15.0,17.0,19.0,17.0,15.0,17.0,17.0,14.0,15.0,17.0,15.0,17.0,15.0,15.0,20.0,18.0,18.0,17.0,17.0,15.0,17.0,17.0,17.0,15.0,15.0,15.0,17.0,15.0,15.0,15.0,15.0,16.0,15.0,15.0,19.0,16.0,17.0,17.0,15.0,15.0,17.0,15.0,15.0,15.0,15.0,15.0,20.0,14.0,14.0,22.0,15.0,16.0,17.0,17.0,17.0,17.0,17.0,15.0,15.0,17.0,15.0,17.0,20.0,17.0,17.0,15.0,15.0,17.0,15.0,18.0,19.0,17.0,15.0,15.0,14.0,22.0,15.0,17.0,15.0,17.0,15.0,16.0,17.0,19.0,15.0,18.0,15.0,17.0,15.0,16.0,15.0,15.0,15.0,17.0
3541,2.0,2.0,2.0,2.0,2.0,2.0,2.0,2.0,2.0,2.0,2.0,2.0,2.0,2.0,2.0,2.0,2.0,2.0,2.0,2.0,2.0,2.0,2.0,2.0,2.0,2.0,2.0,2.0,2.0,2.0,2.0,2.0,2.0,2.0,2.0,2.0,2.0,2.0,2.0,2.0,2.0,2.0,2.0,2.0,2.0,2.0,2.0,2.0,2.0,2.0,2.0,2.0,2.0,2.0,2.0,2.0,2.0,2.0,2.0,2.0,2.0,2.0,2.0,2.0,2.0,2.0,2.0,2.0,2.0,2.0,2.0,2.0,2.0,2.0,2.0,2.0,2.0,2.0,2.0,2.0,2.0,2.0,2.0,2.0,2.0,2.0,2.0,2.0,2.0,2.0,2.0,2.0,2.0,2.0,2.0,2.0,2.0,2.0,2.0,2.0,2.0,2.0,2.0,2.0,2.0,2.0,2.0,2.0,2.0,2.0,2.0,2.0,2.0,2.0,2.0,2.0,2.0,2.0,2.0,2.0,2.0,2.0,2.0,2.0,2.0,2.0,2.0,2.0
3542,14.0,17.0,16.0,18.0,16.0,17.0,17.0,17.0,17.0,15.0,18.0,16.0,16.0,15.0,15.0,15.0,17.0,22.0,17.0,21.0,15.0,17.0,17.0,17.0,15.0,16.0,16.0,26.0,15.0,34.0,18.0,15.0,17.0,19.0,15.0,17.0,19.0,17.0,15.0,20.0,17.0,14.0,15.0,17.0,15.0,17.0,15.0,15.0,20.0,18.0,18.0,17.0,17.0,15.0,17.0,17.0,17.0,15.0,15.0,16.0,17.0,15.0,15.0,15.0,15.0,16.0,15.0,15.0,19.0,16.0,17.0,17.0,15.0,15.0,17.0,15.0,15.0,16.0,15.0,15.0,20.0,14.0,14.0,22.0,16.0,17.0,17.0,17.0,17.0,17.0,17.0,15.0,15.0,17.0,15.0,17.0,20.0,17.0,17.0,15.0,15.0,17.0,15.0,18.0,20.0,17.0,15.0,15.0,14.0,22.0,15.0,17.0,15.0,17.0,15.0,16.0,17.0,19.0,15.0,20.0,15.0,17.0,15.0,16.0,15.0,15.0,15.0,17.0
3545,13.0,14.0,13.0,13.0,13.0,13.0,13.0,13.0,13.0,13.0,13.0,13.0,13.0,14.0,13.0,13.0,13.0,13.0,13.0,13.0,13.0,13.0,13.0,13.0,13.0,13.0,14.0,13.0,13.0,13.0,13.0,14.0,14.0,13.0,13.0,13.0,13.0,13.0,13.0,13.0,13.0,14.0,13.0,13.0,13.0,13.0,13.0,13.0,14.0,13.0,14.0,13.0,13.0,13.0,13.0,14.0,13.0,14.0,14.0,13.0,13.0,14.0,13.0,13.0,13.0,13.0,13.0,14.0,13.0,14.0,14.0,13.0,13.0,13.0,13.0,13.0,14.0,13.0,13.0,14.0,13.0,13.0,14.0,13.0,13.0,13.0,13.0,13.0,13.0,13.0,13.0,13.0,13.0,13.0,13.0,13.0,13.0,13.0,13.0,13.0,14.0,13.0,14.0,13.0,14.0,13.0,13.0,14.0,14.0,13.0,13.0,13.0,13.0,13.0,13.0,14.0,13.0,13.0,13.0,13.0,13.0,13.0,13.0,13.0,13.0,13.0,13.0,13.0
3546,2.0,2.0,1494.0,1446.0,1.0,1307.0,1624.0,1192.0,2.0,2.0,2.0,1580.0,1374.0,2.0,2.0,1382.0,1425.0,1419.0,2.0,1450.0,9.0,2.0,1531.0,2.0,2.0,1412.0,1.0,1531.0,2.0,1439.0,1415.0,1354.0,2.0,1360.0,2.0,2.0,1403.0,1428.0,641.0,1504.0,1560.0,2.0,1435.0,1155.0,2.0,1.0,2.0,2.0,2.0,1450.0,2.0,2.0,2.0,1514.0,2.0,1730.0,2.0,2.0,2.0,2.0,2.0,2.0,1480.0,2.0,1460.0,2.0,1799.0,1506.0,1414.0,2.0,2.0,2.0,1707.0,1472.0,2.0,1519.0,1445.0,2.0,6.0,1563.0,1551.0,1294.0,2.0,2.0,1284.0,1420.0,1461.0,1432.0,2.0,2.0,2.0,2.0,944.0,1711.0,672.0,1481.0,1538.0,803.0,1381.0,1399.0,1480.0,887.0,1441.0,2.0,2.0,2.0,1447.0,1391.0,2.0,2.0,1550.0,2.0,1459.0,1437.0,2.0,2.0,1182.0,2.0,1297.0,1153.0,2.0,1522.0,1286.0,2.0,1135.0,1481.0,2.0,1429.0
3547,1.0,1.0,1099.0,1.0,1028.0,1.0,1130.0,1043.0,976.0,1064.0,1.0,1052.0,1.0,1062.0,1.0,1095.0,1109.0,1.0,1137.0,1.0,1.0,1.0,1108.0,1146.0,1.0,1.0,1162.0,1.0,1.0,1.0,1128.0,1.0,1.0,1080.0,1.0,1182.0,1.0,1.0,1.0,1110.0,1146.0,1.0,1079.0,1.0,1176.0,1.0,1.0,1.0,1.0,1105.0,1.0,1.0,1.0,1.0,1038.0,1.0,1.0,1.0,1165.0,1.0,1.0,1169.0,1.0,1.0,1.0,1096.0,1.0,1.0,1.0,1.0,1210.0,1.0,1141.0,1257.0,1137.0,1119.0,1.0,1178.0,1.0,1.0,1.0,1.0,1319.0,1151.0,1.0,1.0,1.0,1170.0,1195.0,1.0,1109.0,1.0,1.0,1196.0,1.0,1.0,1125.0,1174.0,1.0,1.0,1.0,1.0,1112.0,1.0,1323.0,1055.0,1187.0,1095.0,1.0,1.0,1.0,1177.0,1.0,1152.0,1.0,1.0,1.0,1200.0,1.0,1.0,1160.0,1.0,1132.0,1.0,1.0,1152.0,1.0,1.0
3549,6.0,7.0,11.0,8.0,5.0,100.0,10.0,11.0,8.0,9.0,8.0,8.0,11.0,10.0,11.0,7.0,9.0,10.0,11.0,9.0,10.0,8.0,9.0,9.0,9.0,7.0,7.0,9.0,10.0,9.0,9.0,9.0,7.0,7.0,7.0,8.0,11.0,7.0,10.0,7.0,12.0,8.0,9.0,11.0,7.0,8.0,9.0,29.0,8.0,11.0,9.0,8.0,10.0,6.0,10.0,9.0,7.0,9.0,13.0,8.0,8.0,10.0,9.0,10.0,9.0,7.0,10.0,9.0,9.0,7.0,9.0,10.0,11.0,34.0,9.0,9.0,7.0,7.0,11.0,9.0,10.0,10.0,9.0,10.0,31.0,6.0,7.0,8.0,10.0,11.0,10.0,8.0,10.0,10.0,6.0,11.0,8.0,8.0,10.0,9.0,10.0,11.0,8.0,11.0,8.0,9.0,10.0,9.0,8.0,12.0,11.0,10.0,9.0,6.0,9.0,9.0,5.0,12.0,11.0,7.0,6.0,7.0,9.0,6.0,9.0,8.0,7.0,7.0
3552,197.0,180.0,181.0,188.0,170.0,184.0,179.0,173.0,176.0,191.0,183.0,180.0,177.0,174.0,176.0,188.0,169.0,193.0,189.0,194.0,193.0,186.0,183.0,179.0,182.0,191.0,182.0,186.0,181.0,176.0,178.0,190.0,187.0,180.0,179.0,172.0,182.0,179.0,167.0,190.0,192.0,183.0,202.0,190.0,186.0,193.0,183.0,179.0,179.0,183.0,168.0,181.0,181.0,182.0,196.0,179.0,180.0,180.0,188.0,182.0,185.0,182.0,187.0,177.0,179.0,180.0,182.0,187.0,178.0,187.0,184.0,201.0,197.0,185.0,183.0,172.0,198.0,195.0,187.0,177.0,175.0,179.0,184.0,196.0,190.0,180.0,177.0,176.0,179.0,176.0,165.0,188.0,178.0,182.0,182.0,198.0,180.0,186.0,204.0,181.0,171.0,185.0,180.0,182.0,181.0,179.0,177.0,200.0,186.0,179.0,177.0,203.0,185.0,187.0,185.0,192.0,174.0,186.0,185.0,174.0,176.0,192.0,182.0,177.0,194.0,177.0,183.0,184.0
3554,60.0,52.0,106.0,54.0,90.0,49.0,102.0,84.0,74.0,75.0,82.0,68.0,80.0,81.0,73.0,80.0,107.0,92.0,81.0,44.0,78.0,47.0,55.0,68.0,32.0,81.0,77.0,90.0,98.0,48.0,82.0,94.0,72.0,43.0,66.0,48.0,79.0,100.0,93.0,107.0,89.0,61.0,78.0,84.0,88.0,84.0,90.0,101.0,100.0,60.0,62.0,97.0,94.0,97.0,73.0,57.0,93.0,95.0,107.0,75.0,68.0,75.0,95.0,92.0,66.0,99.0,83.0,87.0,99.0,116.0,53.0,74.0,108.0,96.0,75.0,81.0,68.0,65.0,77.0,88.0,83.0,54.0,41.0,82.0,78.0,100.0,61.0,71.0,87.0,106.0,91.0,68.0,66.0,70.0,24.0,84.0,76.0,54.0,102.0,68.0,100.0,78.0,64.0,93.0,56.0,100.0,90.0,88.0,95.0,90.0,89.0,87.0,67.0,43.0,86.0,105.0,84.0,89.0,21.0,85.0,75.0,47.0,68.0,75.0,86.0,46.0,59.0,73.0
3558,21.0,22.0,23.0,22.0,23.0,24.0,22.0,24.0,21.0,23.0,23.0,22.0,21.0,23.0,23.0,20.0,22.0,22.0,23.0,22.0,23.0,23.0,21.0,22.0,21.0,25.0,22.0,23.0,22.0,23.0,23.0,24.0,22.0,24.0,23.0,24.0,23.0,21.0,23.0,23.0,22.0,24.0,24.0,22.0,23.0,22.0,23.0,24.0,22.0,24.0,22.0,23.0,23.0,23.0,22.0,24.0,21.0,22.0,24.0,23.0,20.0,21.0,21.0,23.0,24.0,24.0,21.0,23.0,24.0,22.0,22.0,22.0,23.0,24.0,23.0,23.0,22.0,24.0,23.0,24.0,20.0,24.0,23.0,24.0,22.0,25.0,24.0,23.0,22.0,23.0,22.0,23.0,21.0,22.0,24.0,22.0,22.0,23.0,22.0,21.0,22.0,22.0,24.0,24.0,22.0,22.0,24.0,24.0,21.0,23.0,22.0,22.0,22.0,23.0,23.0,23.0,23.0,24.0,23.0,22.0,23.0,24.0,22.0,25.0,23.0,24.0,23.0,24.0
3559,48.0,168.0,65.0,94.0,153.0,105.0,50.0,136.0,34.0,13.0,62.0,12.0,10.0,123.0,181.0,20.0,9.0,205.0,181.0,154.0,7.0,225.0,180.0,209.0,9.0,247.0,198.0,9.0,13.0,176.0,191.0,192.0,135.0,229.0,185.0,14.0,12.0,158.0,12.0,153.0,188.0,263.0,226.0,181.0,235.0,360.0,186.0,196.0,174.0,374.0,7.0,172.0,154.0,107.0,232.0,374.0,112.0,9.0,107.0,150.0,181.0,170.0,215.0,254.0,244.0,201.0,189.0,163.0,18.0,7.0,100.0,202.0,237.0,13.0,10.0,217.0,125.0,209.0,208.0,203.0,159.0,148.0,155.0,187.0,223.0,177.0,262.0,12.0,175.0,176.0,238.0,119.0,146.0,399.0,145.0,118.0,251.0,152.0,430.0,133.0,195.0,151.0,207.0,161.0,12.0,146.0,184.0,139.0,8.0,122.0,207.0,211.0,154.0,18.0,153.0,134.0,405.0,176.0,142.0,223.0,166.0,17.0,176.0,10.0,101.0,132.0,179.0,152.0
3563,168.0,159.0,160.0,158.0,147.0,164.0,152.0,151.0,156.0,164.0,164.0,164.0,158.0,146.0,154.0,156.0,157.0,163.0,157.0,167.0,165.0,169.0,162.0,138.0,156.0,163.0,163.0,165.0,165.0,150.0,151.0,169.0,161.0,153.0,162.0,148.0,163.0,150.0,155.0,168.0,165.0,165.0,156.0,167.0,162.0,173.0,158.0,162.0,151.0,153.0,138.0,159.0,157.0,161.0,173.0,156.0,157.0,153.0,163.0,169.0,163.0,167.0,152.0,158.0,154.0,154.0,154.0,161.0,158.0,158.0,156.0,171.0,176.0,169.0,164.0,159.0,159.0,159.0,168.0,153.0,158.0,146.0,133.0,162.0,165.0,154.0,153.0,152.0,156.0,166.0,146.0,163.0,168.0,164.0,160.0,174.0,164.0,164.0,172.0,155.0,144.0,148.0,161.0,150.0,146.0,156.0,150.0,165.0,168.0,162.0,159.0,174.0,156.0,153.0,166.0,158.0,154.0,165.0,164.0,154.0,143.0,164.0,154.0,158.0,170.0,151.0,163.0,161.0
3565,11.0,11.0,11.0,11.0,11.0,11.0,11.0,11.0,11.0,11.0,11.0,11.0,11.0,11.0,11.0,11.0,11.0,11.0,11.0,11.0,11.0,11.0,11.0,11.0,11.0,11.0,11.0,11.0,11.0,11.0,11.0,11.0,11.0,11.0,11.0,11.0,11.0,11.0,11.0,11.0,11.0,11.0,11.0,11.0,11.0,11.0,11.0,11.0,11.0,11.0,11.0,11.0,11.0,11.0,11.0,11.0,11.0,11.0,11.0,11.0,11.0,11.0,11.0,11.0,11.0,11.0,11.0,11.0,11.0,11.0,11.0,11.0,11.0,11.0,11.0,11.0,11.0,11.0,11.0,11.0,11.0,11.0,11.0,11.0,11.0,11.0,11.0,11.0,11.0,11.0,11.0,11.0,11.0,11.0,11.0,11.0,11.0,11.0,11.0,11.0,11.0,11.0,11.0,11.0,11.0,11.0,11.0,11.0,11.0,11.0,11.0,11.0,11.0,11.0,11.0,11.0,11.0,11.0,11.0,11.0,11.0,11.0,11.0,11.0,11.0,11.0,11.0,11.0
3566,1307.0,1.0,1333.0,1.0,1326.0,1.0,1334.0,1293.0,1284.0,1239.0,1286.0,1.0,1.0,1391.0,1282.0,1.0,1.0,1327.0,1.0,1.0,1.0,1352.0,1301.0,1373.0,1.0,1.0,1.0,1.0,1354.0,1.0,1.0,1325.0,1.0,1.0,1343.0,1.0,1.0,1.0,1.0,1.0,1.0,1376.0,1.0,1.0,1.0,1351.0,1355.0,1.0,1388.0,1339.0,1.0,1380.0,1.0,1.0,1376.0,1.0,1409.0,1354.0,1.0,1.0,1.0,2.0,1342.0,1387.0,2.0,1.0,1400.0,1.0,1.0,1.0,1.0,1.0,2.0,1290.0,1.0,1.0,1269.0,1431.0,1334.0,1.0,1.0,1.0,1336.0,1.0,1323.0,1.0,1347.0,1359.0,1.0,1343.0,1.0,1.0,1309.0,1.0,1377.0,1.0,1.0,1280.0,1364.0,1326.0,1.0,1.0,1390.0,1347.0,1.0,1323.0,1.0,1361.0,1.0,1399.0,1.0,1.0,1.0,1390.0,1.0,1.0,1.0,1.0,1.0,1.0,1331.0,1318.0,1.0,1.0,1335.0,1275.0,1319.0,1.0
3568,30.0,9.0,9.0,8.0,9.0,8.0,9.0,7.0,12.0,10.0,9.0,18.0,10.0,17.0,9.0,5.0,9.0,14.0,10.0,22.0,9.0,5.0,9.0,22.0,7.0,6.0,10.0,10.0,10.0,8.0,9.0,9.0,9.0,8.0,15.0,7.0,9.0,14.0,8.0,10.0,13.0,5.0,19.0,9.0,14.0,9.0,10.0,16.0,8.0,9.0,23.0,7.0,8.0,6.0,13.0,9.0,12.0,9.0,9.0,11.0,7.0,9.0,9.0,6.0,12.0,8.0,13.0,9.0,11.0,9.0,9.0,10.0,9.0,8.0,12.0,9.0,5.0,8.0,13.0,6.0,8.0,6.0,5.0,11.0,9.0,34.0,26.0,11.0,5.0,10.0,9.0,5.0,9.0,9.0,5.0,9.0,6.0,9.0,11.0,9.0,12.0,9.0,9.0,14.0,6.0,6.0,9.0,5.0,14.0,14.0,6.0,17.0,9.0,16.0,11.0,10.0,10.0,9.0,11.0,9.0,12.0,6.0,9.0,9.0,9.0,7.0,9.0,13.0
3570,1.0,1.0,1.0,1.0,1.0,1.0,1.0,1.0,1.0,1.0,1.0,1.0,1.0,1.0,1.0,1.0,1.0,1.0,1.0,1.0,1.0,1.0,1.0,1.0,1.0,1.0,1.0,1.0,1.0,1.0,1.0,1.0,1.0,1.0,1.0,1.0,1.0,1.0,1.0,1.0,1.0,1.0,1.0,1.0,1.0,1.0,1.0,1.0,1.0,1.0,1.0,1.0,1.0,1.0,1.0,1.0,1.0,1.0,1.0,1.0,1.0,1.0,1.0,1.0,1.0,1.0,1.0,1.0,1.0,1.0,1.0,1.0,1.0,1.0,1.0,1.0,1.0,1.0,1.0,1.0,1.0,1.0,1.0,1.0,1.0,1.0,1.0,1.0,1.0,1.0,1.0,1.0,1.0,1.0,1.0,1.0,1.0,1.0,1.0,1.0,1.0,1.0,1.0,1.0,1.0,1.0,1.0,1.0,1.0,1.0,1.0,1.0,1.0,1.0,1.0,1.0,1.0,1.0,1.0,1.0,1.0,1.0,1.0,1.0,1.0,1.0,1.0,1.0
3572,2.0,2.0,2.0,2.0,2.0,2.0,2.0,2.0,2.0,2.0,2.0,2.0,2.0,2.0,2.0,2.0,2.0,2.0,2.0,2.0,2.0,2.0,2.0,2.0,2.0,2.0,2.0,2.0,2.0,2.0,2.0,2.0,2.0,2.0,2.0,2.0,2.0,2.0,2.0,2.0,2.0,2.0,2.0,2.0,2.0,2.0,2.0,2.0,2.0,2.0,2.0,2.0,2.0,2.0,2.0,2.0,2.0,2.0,2.0,2.0,2.0,2.0,2.0,2.0,2.0,2.0,2.0,2.0,2.0,2.0,2.0,2.0,2.0,2.0,2.0,2.0,2.0,2.0,2.0,2.0,2.0,2.0,2.0,2.0,2.0,2.0,2.0,2.0,2.0,2.0,2.0,2.0,2.0,2.0,2.0,2.0,2.0,2.0,2.0,2.0,2.0,2.0,2.0,2.0,2.0,2.0,2.0,2.0,2.0,2.0,2.0,2.0,2.0,2.0,2.0,2.0,2.0,2.0,2.0,2.0,2.0,2.0,2.0,2.0,2.0,2.0,2.0,2.0
3573,841.0,2.0,844.0,1.0,1.0,851.0,1.0,1.0,2.0,1.0,851.0,848.0,902.0,852.0,1.0,824.0,933.0,1.0,1.0,2.0,1.0,906.0,914.0,1.0,2.0,2.0,1.0,2.0,1.0,2.0,912.0,909.0,931.0,1.0,1.0,906.0,906.0,937.0,1.0,1.0,890.0,1.0,886.0,886.0,2.0,898.0,892.0,2.0,911.0,923.0,914.0,1.0,1.0,1.0,864.0,2.0,926.0,884.0,1.0,1.0,2.0,925.0,906.0,886.0,948.0,2.0,893.0,916.0,1.0,942.0,1.0,2.0,1.0,903.0,908.0,1.0,1.0,1.0,925.0,2.0,923.0,1.0,890.0,1.0,892.0,2.0,896.0,1.0,921.0,917.0,955.0,951.0,934.0,1.0,947.0,1.0,930.0,885.0,937.0,928.0,886.0,932.0,935.0,893.0,855.0,2.0,2.0,1.0,930.0,1.0,900.0,1.0,1.0,2.0,1.0,2.0,908.0,1.0,1.0,917.0,933.0,1.0,1.0,899.0,1.0,908.0,1.0,2.0
3575,1488.0,1.0,1.0,1.0,1.0,1453.0,1528.0,1.0,1.0,1.0,1.0,1432.0,1.0,1.0,1.0,1.0,1342.0,1.0,1.0,1.0,1482.0,1.0,1396.0,1.0,1523.0,1.0,1.0,1.0,1.0,1.0,1571.0,1.0,1489.0,1347.0,1523.0,1449.0,1553.0,1560.0,1.0,1.0,1445.0,1349.0,1460.0,1670.0,1.0,1496.0,1745.0,1548.0,1529.0,1497.0,1394.0,1.0,1641.0,1.0,1.0,1.0,1325.0,1293.0,1.0,1629.0,1489.0,1553.0,1448.0,1.0,1518.0,1.0,1.0,1.0,1.0,1.0,1.0,1532.0,1574.0,1203.0,1518.0,1521.0,1.0,1485.0,1339.0,1333.0,1.0,1.0,1.0,1.0,1.0,1512.0,1464.0,1501.0,1.0,1505.0,1491.0,1.0,1483.0,1519.0,1490.0,1.0,1.0,1522.0,1.0,1.0,1505.0,1.0,1535.0,1482.0,1.0,1648.0,1.0,1500.0,1.0,1501.0,1.0,1.0,1.0,1.0,1500.0,914.0,1485.0,1537.0,1444.0,1528.0,1486.0,1.0,1.0,1.0,1487.0,1525.0,1534.0,1.0
3578,174.0,163.0,161.0,167.0,162.0,168.0,162.0,161.0,168.0,170.0,170.0,165.0,159.0,157.0,164.0,171.0,160.0,169.0,163.0,178.0,174.0,174.0,164.0,161.0,164.0,167.0,170.0,169.0,172.0,158.0,167.0,170.0,163.0,167.0,163.0,157.0,166.0,160.0,156.0,170.0,170.0,171.0,175.0,175.0,168.0,171.0,168.0,171.0,160.0,160.0,153.0,167.0,162.0,170.0,176.0,164.0,164.0,159.0,176.0,171.0,165.0,174.0,174.0,168.0,163.0,165.0,158.0,167.0,163.0,169.0,164.0,173.0,180.0,172.0,166.0,165.0,167.0,168.0,174.0,162.0,161.0,160.0,167.0,173.0,178.0,157.0,164.0,160.0,165.0,169.0,152.0,168.0,171.0,167.0,170.0,176.0,168.0,170.0,175.0,162.0,160.0,166.0,172.0,161.0,170.0,163.0,171.0,170.0,171.0,175.0,164.0,180.0,161.0,166.0,175.0,169.0,163.0,177.0,167.0,164.0,157.0,171.0,163.0,172.0,173.0,160.0,171.0,172.0
3579,6.0,4.0,4.0,4.0,4.0,4.0,4.0,4.0,4.0,4.0,4.0,4.0,4.0,4.0,4.0,4.0,4.0,4.0,7.0,4.0,4.0,4.0,4.0,4.0,4.0,4.0,4.0,4.0,4.0,4.0,5.0,6.0,7.0,4.0,4.0,7.0,4.0,4.0,4.0,4.0,4.0,4.0,4.0,4.0,4.0,4.0,4.0,4.0,7.0,4.0,4.0,4.0,5.0,4.0,4.0,4.0,5.0,4.0,4.0,4.0,4.0,4.0,4.0,4.0,4.0,4.0,4.0,4.0,4.0,4.0,4.0,4.0,5.0,6.0,4.0,4.0,4.0,4.0,4.0,5.0,4.0,7.0,4.0,4.0,4.0,4.0,5.0,4.0,4.0,5.0,4.0,7.0,4.0,5.0,4.0,4.0,4.0,4.0,4.0,4.0,6.0,4.0,4.0,4.0,4.0,5.0,6.0,4.0,5.0,4.0,4.0,4.0,4.0,4.0,4.0,4.0,4.0,4.0,4.0,4.0,4.0,4.0,4.0,4.0,4.0,6.0,6.0,6.0
3581,14.0,17.0,15.0,18.0,16.0,17.0,17.0,17.0,17.0,15.0,18.0,16.0,16.0,15.0,15.0,15.0,17.0,22.0,17.0,20.0,15.0,17.0,17.0,17.0,15.0,16.0,16.0,26.0,15.0,33.0,18.0,15.0,17.0,17.0,15.0,17.0,19.0,17.0,15.0,17.0,17.0,14.0,15.0,17.0,15.0,17.0,15.0,15.0,20.0,18.0,18.0,17.0,17.0,15.0,17.0,17.0,17.0,15.0,15.0,15.0,17.0,15.0,15.0,15.0,15.0,16.0,15.0,15.0,19.0,16.0,17.0,17.0,15.0,15.0,17.0,15.0,15.0,15.0,15.0,15.0,20.0,14.0,14.0,22.0,15.0,16.0,17.0,17.0,17.0,17.0,17.0,15.0,15.0,17.0,15.0,17.0,20.0,17.0,17.0,15.0,15.0,17.0,15.0,18.0,19.0,17.0,15.0,15.0,14.0,22.0,15.0,17.0,15.0,17.0,15.0,16.0,17.0,19.0,15.0,18.0,15.0,17.0,15.0,16.0,15.0,15.0,15.0,17.0
3582,2.0,2.0,2.0,2.0,2.0,2.0,2.0,2.0,2.0,2.0,2.0,2.0,2.0,2.0,2.0,2.0,2.0,2.0,2.0,2.0,2.0,2.0,2.0,2.0,2.0,2.0,2.0,2.0,2.0,2.0,2.0,2.0,2.0,2.0,2.0,2.0,2.0,2.0,2.0,2.0,2.0,2.0,2.0,2.0,2.0,2.0,2.0,2.0,2.0,2.0,2.0,2.0,2.0,2.0,2.0,2.0,2.0,2.0,2.0,2.0,2.0,2.0,2.0,2.0,2.0,2.0,2.0,2.0,2.0,2.0,2.0,2.0,2.0,2.0,2.0,2.0,2.0,2.0,2.0,2.0,2.0,2.0,2.0,2.0,2.0,2.0,2.0,2.0,2.0,2.0,2.0,2.0,2.0,2.0,2.0,2.0,2.0,2.0,2.0,2.0,2.0,2.0,2.0,2.0,2.0,2.0,2.0,2.0,2.0,2.0,2.0,2.0,2.0,2.0,2.0,2.0,2.0,2.0,2.0,2.0,2.0,2.0,2.0,2.0,2.0,2.0,2.0,2.0
3583,11.0,12.0,8.0,10.0,14.0,53.0,8.0,13.0,9.0,11.0,14.0,13.0,10.0,13.0,11.0,9.0,12.0,9.0,11.0,12.0,13.0,14.0,13.0,11.0,9.0,10.0,15.0,12.0,11.0,11.0,11.0,9.0,12.0,8.0,14.0,10.0,12.0,13.0,8.0,10.0,11.0,14.0,10.0,13.0,12.0,9.0,18.0,8.0,14.0,11.0,13.0,11.0,7.0,13.0,13.0,13.0,8.0,14.0,10.0,13.0,13.0,8.0,9.0,11.0,7.0,12.0,15.0,8.0,11.0,6.0,9.0,11.0,15.0,9.0,32.0,14.0,7.0,8.0,13.0,9.0,11.0,14.0,11.0,12.0,12.0,7.0,16.0,9.0,11.0,9.0,11.0,11.0,11.0,12.0,13.0,14.0,11.0,11.0,13.0,8.0,11.0,44.0,12.0,11.0,11.0,9.0,11.0,12.0,7.0,11.0,11.0,14.0,8.0,8.0,16.0,11.0,6.0,14.0,11.0,14.0,11.0,7.0,8.0,7.0,13.0,14.0,9.0,11.0
3587,7.0,7.0,7.0,7.0,7.0,7.0,7.0,7.0,7.0,7.0,7.0,7.0,7.0,7.0,7.0,7.0,7.0,7.0,7.0,7.0,7.0,7.0,7.0,7.0,7.0,7.0,7.0,7.0,7.0,7.0,7.0,7.0,7.0,7.0,7.0,7.0,7.0,7.0,7.0,7.0,7.0,7.0,7.0,7.0,7.0,7.0,7.0,7.0,7.0,7.0,7.0,7.0,7.0,7.0,7.0,7.0,7.0,7.0,7.0,7.0,7.0,7.0,7.0,7.0,7.0,7.0,7.0,7.0,7.0,7.0,7.0,7.0,7.0,7.0,7.0,7.0,7.0,7.0,7.0,7.0,7.0,7.0,7.0,7.0,7.0,7.0,7.0,7.0,7.0,7.0,7.0,7.0,7.0,7.0,7.0,7.0,7.0,7.0,7.0,7.0,7.0,7.0,7.0,7.0,7.0,7.0,7.0,7.0,7.0,7.0,7.0,7.0,7.0,7.0,7.0,7.0,7.0,7.0,7.0,7.0,7.0,7.0,7.0,7.0,7.0,7.0,7.0,7.0
3588,10.0,10.0,10.0,10.0,10.0,10.0,10.0,10.0,10.0,9.0,10.0,10.0,10.0,10.0,10.0,10.0,10.0,10.0,10.0,10.0,10.0,10.0,10.0,10.0,10.0,10.0,10.0,10.0,10.0,10.0,10.0,10.0,10.0,10.0,10.0,10.0,10.0,10.0,10.0,10.0,10.0,10.0,10.0,10.0,10.0,10.0,10.0,10.0,10.0,10.0,10.0,10.0,10.0,10.0,10.0,10.0,10.0,10.0,10.0,10.0,10.0,10.0,10.0,10.0,10.0,10.0,10.0,10.0,10.0,10.0,10.0,10.0,10.0,10.0,10.0,10.0,10.0,10.0,10.0,10.0,10.0,10.0,10.0,10.0,10.0,10.0,10.0,10.0,10.0,10.0,10.0,10.0,10.0,10.0,10.0,10.0,10.0,10.0,10.0,10.0,10.0,10.0,10.0,10.0,10.0,10.0,10.0,10.0,10.0,10.0,10.0,10.0,10.0,10.0,10.0,10.0,10.0,10.0,10.0,10.0,10.0,10.0,10.0,10.0,10.0,10.0,10.0,9.0
3592,14.0,16.0,14.0,15.0,15.0,16.0,15.0,15.0,14.0,14.0,15.0,16.0,15.0,16.0,16.0,16.0,15.0,15.0,16.0,15.0,16.0,15.0,17.0,15.0,15.0,17.0,16.0,15.0,16.0,16.0,16.0,16.0,15.0,14.0,16.0,15.0,16.0,15.0,15.0,15.0,16.0,16.0,16.0,15.0,15.0,14.0,15.0,15.0,15.0,16.0,16.0,16.0,15.0,16.0,16.0,16.0,15.0,16.0,15.0,15.0,16.0,16.0,17.0,15.0,14.0,17.0,14.0,15.0,16.0,16.0,16.0,15.0,14.0,16.0,17.0,14.0,16.0,16.0,16.0,16.0,15.0,16.0,15.0,16.0,16.0,15.0,16.0,15.0,16.0,16.0,16.0,14.0,16.0,16.0,15.0,15.0,15.0,15.0,16.0,15.0,16.0,16.0,15.0,15.0,16.0,16.0,15.0,17.0,16.0,16.0,17.0,15.0,16.0,16.0,16.0,16.0,16.0,16.0,15.0,16.0,15.0,16.0,14.0,16.0,16.0,15.0,15.0,14.0
3593,52.0,38.0,23.0,31.0,28.0,171.0,27.0,87.0,25.0,32.0,25.0,50.0,30.0,8.0,239.0,44.0,286.0,37.0,13.0,15.0,5.0,23.0,47.0,24.0,1058.0,18.0,256.0,44.0,20.0,962.0,986.0,406.0,12.0,1062.0,18.0,18.0,24.0,10.0,12.0,162.0,45.0,5.0,21.0,151.0,65.0,19.0,20.0,5.0,16.0,11.0,23.0,26.0,41.0,21.0,61.0,128.0,34.0,1124.0,24.0,5.0,61.0,32.0,38.0,12.0,14.0,1077.0,235.0,28.0,249.0,14.0,19.0,11.0,24.0,37.0,172.0,50.0,1023.0,32.0,31.0,25.0,36.0,757.0,1079.0,980.0,18.0,18.0,10.0,44.0,200.0,22.0,16.0,965.0,23.0,18.0,41.0,18.0,41.0,25.0,744.0,197.0,48.0,159.0,31.0,21.0,19.0,13.0,9.0,1077.0,14.0,19.0,884.0,399.0,150.0,14.0,27.0,10.0,903.0,24.0,29.0,40.0,36.0,37.0,28.0,74.0,26.0,34.0,38.0,218.0
3596,1449.0,5.0,4.0,5.0,1284.0,4.0,399.0,5.0,979.0,5.0,5.0,912.0,5.0,840.0,5.0,604.0,899.0,4.0,3.0,5.0,6.0,884.0,849.0,4.0,5.0,905.0,5.0,5.0,605.0,5.0,846.0,433.0,5.0,941.0,3.0,1104.0,5.0,4.0,747.0,917.0,775.0,5.0,856.0,974.0,5.0,1264.0,5.0,954.0,6.0,938.0,5.0,5.0,5.0,5.0,1016.0,972.0,5.0,899.0,5.0,5.0,849.0,954.0,5.0,5.0,991.0,5.0,927.0,6.0,6.0,3.0,3.0,6.0,5.0,7.0,976.0,5.0,936.0,908.0,937.0,5.0,5.0,5.0,5.0,7.0,994.0,5.0,238.0,4.0,5.0,1285.0,872.0,1021.0,3.0,5.0,901.0,5.0,5.0,5.0,926.0,5.0,5.0,5.0,5.0,5.0,5.0,1027.0,5.0,966.0,911.0,903.0,814.0,5.0,5.0,929.0,970.0,5.0,989.0,3.0,5.0,5.0,5.0,438.0,5.0,5.0,370.0,1099.0,5.0,6.0
3598,25.0,26.0,25.0,26.0,25.0,24.0,26.0,26.0,26.0,26.0,26.0,26.0,24.0,24.0,27.0,24.0,26.0,24.0,26.0,26.0,24.0,25.0,26.0,26.0,25.0,26.0,26.0,24.0,24.0,26.0,26.0,26.0,26.0,26.0,27.0,20.0,25.0,22.0,24.0,23.0,26.0,26.0,24.0,26.0,26.0,26.0,26.0,24.0,26.0,24.0,26.0,25.0,26.0,26.0,26.0,24.0,25.0,26.0,24.0,24.0,26.0,24.0,24.0,26.0,26.0,27.0,24.0,24.0,26.0,25.0,26.0,26.0,26.0,26.0,26.0,26.0,26.0,26.0,24.0,23.0,26.0,26.0,26.0,26.0,26.0,26.0,26.0,26.0,24.0,26.0,26.0,25.0,25.0,23.0,26.0,26.0,26.0,26.0,26.0,25.0,26.0,26.0,22.0,26.0,24.0,26.0,26.0,26.0,25.0,26.0,25.0,26.0,26.0,26.0,21.0,27.0,25.0,28.0,23.0,26.0,22.0,26.0,22.0,25.0,26.0,26.0,26.0,26.0
3601,1.0,1.0,1.0,1.0,1328.0,1.0,1334.0,1.0,1285.0,1263.0,1.0,1307.0,1.0,1.0,1282.0,1339.0,1.0,1332.0,1.0,1381.0,1.0,1352.0,1.0,1377.0,1361.0,1351.0,1310.0,1.0,1.0,1.0,1314.0,1.0,1375.0,1.0,1373.0,1.0,1.0,1354.0,1.0,1333.0,1283.0,1.0,1319.0,1.0,1.0,1.0,1.0,1370.0,1382.0,1338.0,1.0,1379.0,1329.0,1.0,1.0,1318.0,1409.0,1.0,1.0,1.0,1357.0,1.0,1343.0,1.0,1365.0,1.0,1402.0,1379.0,1.0,1.0,1.0,1.0,1.0,1280.0,1.0,1.0,1.0,1403.0,1.0,1.0,1.0,1423.0,1.0,1.0,1.0,1.0,1351.0,1.0,1.0,1.0,1.0,1.0,1302.0,1.0,1.0,1364.0,1.0,1.0,1.0,1324.0,1.0,1345.0,1.0,1.0,1343.0,1.0,1376.0,1360.0,1.0,1.0,1343.0,1331.0,1.0,1387.0,1.0,1362.0,1333.0,1.0,1.0,1318.0,1.0,1.0,1.0,1319.0,1.0,1.0,1.0,1.0
3602,153.0,136.0,128.0,139.0,153.0,141.0,145.0,111.0,136.0,132.0,136.0,142.0,156.0,121.0,140.0,145.0,237.0,222.0,221.0,219.0,219.0,219.0,234.0,234.0,219.0,217.0,239.0,218.0,220.0,225.0,222.0,231.0,245.0,210.0,238.0,228.0,222.0,232.0,231.0,231.0,229.0,235.0,229.0,228.0,222.0,211.0,227.0,230.0,236.0,219.0,207.0,239.0,216.0,214.0,209.0,238.0,225.0,228.0,249.0,210.0,210.0,232.0,245.0,218.0,226.0,230.0,220.0,219.0,223.0,214.0,233.0,233.0,223.0,223.0,216.0,226.0,220.0,202.0,231.0,226.0,191.0,215.0,242.0,237.0,211.0,230.0,209.0,224.0,237.0,233.0,218.0,218.0,217.0,245.0,204.0,201.0,242.0,218.0,223.0,213.0,210.0,222.0,199.0,223.0,216.0,219.0,228.0,218.0,235.0,223.0,221.0,225.0,210.0,230.0,216.0,244.0,215.0,242.0,225.0,208.0,248.0,241.0,220.0,234.0,241.0,220.0,246.0,240.0
3606,3.0,3.0,3.0,3.0,3.0,3.0,3.0,3.0,3.0,3.0,3.0,3.0,3.0,3.0,3.0,3.0,3.0,3.0,3.0,3.0,3.0,3.0,3.0,3.0,3.0,3.0,3.0,3.0,3.0,3.0,3.0,3.0,3.0,3.0,3.0,3.0,3.0,3.0,3.0,3.0,3.0,3.0,3.0,3.0,3.0,3.0,3.0,3.0,3.0,3.0,3.0,3.0,3.0,3.0,3.0,3.0,3.0,3.0,3.0,3.0,3.0,3.0,3.0,3.0,3.0,3.0,3.0,3.0,3.0,3.0,3.0,3.0,3.0,3.0,3.0,3.0,3.0,3.0,3.0,3.0,3.0,3.0,3.0,3.0,3.0,3.0,3.0,3.0,3.0,3.0,3.0,3.0,3.0,3.0,3.0,3.0,3.0,3.0,3.0,3.0,3.0,3.0,3.0,3.0,3.0,3.0,3.0,3.0,3.0,3.0,3.0,3.0,3.0,3.0,3.0,3.0,3.0,3.0,3.0,3.0,3.0,3.0,3.0,3.0,3.0,3.0,3.0,3.0
3607,1.0,1.0,1.0,1.0,754.0,813.0,22.0,1.0,1.0,758.0,763.0,771.0,778.0,1.0,764.0,771.0,1.0,1.0,863.0,1.0,890.0,1.0,1.0,894.0,872.0,913.0,877.0,905.0,1.0,875.0,892.0,915.0,1.0,868.0,1.0,1.0,903.0,851.0,1.0,904.0,1.0,1.0,893.0,1.0,911.0,882.0,1.0,888.0,882.0,886.0,921.0,1.0,1.0,936.0,743.0,1.0,1.0,924.0,907.0,858.0,1.0,1.0,905.0,871.0,1.0,846.0,1.0,891.0,927.0,1.0,1.0,914.0,1.0,893.0,904.0,884.0,1.0,883.0,1.0,1.0,881.0,1.0,900.0,1.0,1.0,883.0,865.0,1.0,918.0,889.0,901.0,893.0,1.0,1.0,1.0,1.0,885.0,894.0,1.0,1.0,1.0,1.0,918.0,1.0,1.0,1.0,871.0,916.0,895.0,867.0,1.0,881.0,1.0,821.0,873.0,883.0,880.0,892.0,1.0,1.0,964.0,880.0,1.0,1.0,1.0,1.0,1.0,874.0
3608,2.0,2.0,2.0,2.0,2.0,2.0,2.0,2.0,2.0,2.0,2.0,2.0,2.0,2.0,2.0,2.0,2.0,2.0,2.0,2.0,2.0,2.0,2.0,2.0,2.0,2.0,2.0,2.0,2.0,2.0,2.0,2.0,2.0,2.0,2.0,2.0,2.0,2.0,2.0,2.0,2.0,2.0,2.0,2.0,2.0,2.0,2.0,2.0,2.0,2.0,2.0,2.0,2.0,2.0,2.0,2.0,2.0,2.0,2.0,2.0,2.0,2.0,2.0,2.0,2.0,2.0,2.0,2.0,2.0,2.0,2.0,2.0,2.0,2.0,2.0,2.0,2.0,2.0,2.0,2.0,2.0,2.0,2.0,2.0,2.0,2.0,2.0,2.0,2.0,2.0,2.0,2.0,2.0,2.0,2.0,2.0,2.0,2.0,2.0,2.0,2.0,2.0,2.0,2.0,2.0,2.0,2.0,2.0,2.0,2.0,2.0,2.0,2.0,2.0,2.0,2.0,2.0,2.0,2.0,2.0,2.0,2.0,2.0,2.0,2.0,2.0,2.0,2.0
3610,15.0,15.0,14.0,12.0,21.0,19.0,6.0,13.0,15.0,19.0,23.0,18.0,10.0,12.0,11.0,13.0,14.0,17.0,20.0,26.0,17.0,11.0,42.0,37.0,34.0,24.0,16.0,19.0,26.0,24.0,53.0,21.0,20.0,12.0,13.0,12.0,16.0,9.0,21.0,14.0,18.0,23.0,44.0,44.0,15.0,17.0,28.0,13.0,11.0,30.0,36.0,19.0,16.0,16.0,9.0,17.0,28.0,33.0,15.0,21.0,36.0,18.0,30.0,28.0,43.0,13.0,10.0,19.0,21.0,13.0,17.0,20.0,16.0,23.0,19.0,22.0,19.0,28.0,31.0,36.0,9.0,15.0,21.0,18.0,21.0,30.0,15.0,16.0,10.0,13.0,19.0,35.0,54.0,14.0,42.0,32.0,29.0,9.0,23.0,22.0,22.0,17.0,23.0,20.0,16.0,43.0,40.0,6.0,11.0,17.0,14.0,23.0,17.0,18.0,11.0,32.0,21.0,5.0,23.0,35.0,47.0,22.0,37.0,14.0,24.0,32.0,43.0,14.0
3611,1.0,887.0,1.0,886.0,1.0,1.0,874.0,942.0,1.0,909.0,1.0,1.0,1.0,914.0,930.0,1.0,1.0,1062.0,1005.0,963.0,999.0,1023.0,988.0,1021.0,1016.0,1004.0,1.0,1.0,1.0,1177.0,1.0,1.0,1013.0,1.0,992.0,1057.0,965.0,1.0,1.0,1023.0,1.0,1.0,934.0,921.0,1000.0,1.0,1.0,1.0,890.0,1.0,1.0,1045.0,935.0,1085.0,884.0,1.0,984.0,1062.0,1.0,1.0,1142.0,1.0,1038.0,991.0,997.0,1.0,1.0,1010.0,1.0,1.0,1.0,1.0,1.0,997.0,1.0,1.0,1.0,1.0,1.0,979.0,1.0,1.0,1000.0,1.0,1.0,1.0,1.0,1.0,1.0,1.0,1.0,1018.0,1.0,1.0,976.0,1.0,1.0,1032.0,1015.0,1018.0,1009.0,1.0,929.0,915.0,1.0,1.0,976.0,935.0,986.0,1.0,980.0,1.0,967.0,929.0,1020.0,1.0,965.0,1070.0,1.0,1.0,1.0,1.0,1.0,937.0,1.0,1.0,1045.0,984.0
3612,1.0,1.0,840.0,1.0,831.0,854.0,836.0,1.0,1.0,932.0,855.0,849.0,1.0,859.0,830.0,824.0,1.0,870.0,900.0,905.0,874.0,904.0,942.0,907.0,896.0,897.0,941.0,1.0,909.0,908.0,1.0,912.0,1.0,878.0,893.0,910.0,1.0,934.0,1.0,926.0,1.0,854.0,1.0,1.0,918.0,1.0,1.0,1.0,1.0,1.0,918.0,992.0,902.0,1.0,865.0,1.0,1.0,1.0,972.0,910.0,892.0,1.0,1.0,889.0,1.0,1.0,898.0,1.0,907.0,1.0,1.0,896.0,1.0,1.0,1.0,1.0,963.0,938.0,1.0,933.0,926.0,912.0,891.0,1.0,890.0,899.0,894.0,1.0,1.0,1.0,1.0,958.0,933.0,1.0,1.0,879.0,930.0,1.0,936.0,1.0,885.0,934.0,938.0,1.0,854.0,1.0,934.0,905.0,1.0,980.0,1.0,1.0,1.0,907.0,1.0,893.0,903.0,886.0,908.0,1.0,936.0,1.0,1.0,1.0,930.0,904.0,1.0,1.0
3619,1.0,1059.0,1102.0,1055.0,1.0,1140.0,1.0,1043.0,1.0,1064.0,1063.0,1.0,1.0,1.0,1.0,1.0,1109.0,1152.0,1.0,1.0,1112.0,1.0,1.0,1.0,1101.0,1.0,1.0,1106.0,1157.0,1292.0,1128.0,1.0,1.0,1077.0,1119.0,1170.0,1.0,1.0,1.0,1102.0,1146.0,1105.0,1.0,1.0,1.0,1239.0,1.0,1.0,1.0,1104.0,1299.0,1.0,1131.0,1225.0,1038.0,1195.0,1159.0,1.0,1.0,1174.0,1128.0,1.0,1.0,1136.0,1.0,1096.0,1.0,1.0,1318.0,1187.0,1210.0,1.0,1.0,1.0,1137.0,1.0,1172.0,1.0,1.0,1.0,1111.0,1159.0,1319.0,1.0,1.0,1073.0,1.0,1.0,1195.0,1092.0,1.0,1193.0,1209.0,1196.0,1.0,1.0,1.0,1.0,1.0,1103.0,1202.0,1148.0,1111.0,1256.0,1323.0,1.0,1187.0,1.0,1.0,1128.0,1165.0,1.0,1.0,1.0,1.0,1162.0,1065.0,1.0,1.0,1062.0,1.0,1090.0,1.0,1044.0,1.0,1150.0,1190.0,1.0
3620,104.0,142.0,108.0,105.0,95.0,151.0,95.0,82.0,129.0,97.0,110.0,75.0,104.0,148.0,152.0,108.0,120.0,141.0,121.0,129.0,127.0,104.0,136.0,83.0,129.0,76.0,120.0,135.0,113.0,119.0,115.0,97.0,128.0,113.0,130.0,147.0,113.0,126.0,119.0,125.0,121.0,123.0,126.0,163.0,126.0,117.0,116.0,119.0,153.0,116.0,122.0,125.0,110.0,101.0,115.0,115.0,63.0,162.0,139.0,59.0,129.0,116.0,124.0,108.0,136.0,111.0,111.0,128.0,169.0,168.0,116.0,138.0,122.0,153.0,125.0,119.0,149.0,126.0,143.0,124.0,79.0,117.0,112.0,133.0,145.0,111.0,123.0,133.0,117.0,130.0,62.0,109.0,58.0,147.0,125.0,126.0,151.0,114.0,110.0,135.0,134.0,119.0,114.0,121.0,114.0,121.0,122.0,138.0,122.0,106.0,128.0,159.0,109.0,132.0,104.0,151.0,121.0,88.0,125.0,121.0,134.0,121.0,120.0,116.0,65.0,92.0,120.0,126.0
3624,1489.0,1.0,1.0,1.0,1.0,1.0,1.0,1466.0,1.0,1455.0,1.0,1423.0,1.0,1429.0,1458.0,1466.0,1325.0,1515.0,1.0,1533.0,1476.0,1497.0,1.0,1.0,1521.0,1.0,1335.0,1563.0,1502.0,1.0,1.0,1.0,1.0,1.0,1523.0,1445.0,1.0,1532.0,1332.0,1.0,1.0,1.0,1458.0,1610.0,1472.0,1.0,1672.0,1.0,1.0,1.0,1329.0,1326.0,1.0,1.0,1.0,1487.0,1.0,1.0,1.0,1693.0,1481.0,1554.0,1.0,1.0,1516.0,1.0,1.0,1520.0,1.0,1474.0,1429.0,1.0,1.0,1187.0,1508.0,1512.0,1471.0,1.0,1340.0,1341.0,1.0,1485.0,1.0,1.0,1.0,1515.0,1450.0,1.0,1377.0,1505.0,1.0,1.0,1475.0,1.0,1486.0,1493.0,1.0,1508.0,1527.0,1317.0,1.0,1582.0,1.0,1.0,1593.0,1604.0,1314.0,1484.0,1529.0,1490.0,1.0,1479.0,1352.0,1.0,1490.0,1.0,1477.0,1.0,1.0,1.0,1484.0,1.0,1668.0,1.0,1476.0,1.0,1502.0,1.0
3628,6.0,6.0,6.0,6.0,6.0,6.0,6.0,6.0,6.0,7.0,6.0,6.0,6.0,6.0,7.0,6.0,6.0,6.0,6.0,6.0,6.0,6.0,6.0,6.0,6.0,7.0,6.0,6.0,6.0,6.0,6.0,6.0,6.0,6.0,6.0,6.0,6.0,6.0,6.0,7.0,6.0,6.0,6.0,6.0,6.0,6.0,6.0,6.0,6.0,6.0,6.0,6.0,6.0,7.0,7.0,6.0,6.0,6.0,6.0,6.0,6.0,6.0,6.0,6.0,6.0,6.0,6.0,6.0,6.0,6.0,7.0,7.0,6.0,6.0,6.0,6.0,6.0,6.0,6.0,6.0,6.0,6.0,6.0,6.0,6.0,6.0,6.0,6.0,6.0,6.0,6.0,6.0,6.0,6.0,6.0,6.0,6.0,6.0,6.0,6.0,6.0,6.0,6.0,6.0,6.0,6.0,6.0,6.0,6.0,6.0,6.0,6.0,6.0,6.0,6.0,6.0,6.0,6.0,6.0,6.0,6.0,7.0,6.0,6.0,6.0,6.0,6.0,6.0
3630,164.0,225.0,508.0,394.0,231.0,344.0,364.0,57.0,248.0,47.0,203.0,427.0,258.0,416.0,412.0,234.0,401.0,485.0,330.0,679.0,336.0,489.0,498.0,406.0,435.0,436.0,573.0,355.0,756.0,362.0,413.0,399.0,186.0,861.0,451.0,457.0,354.0,333.0,409.0,447.0,393.0,392.0,354.0,445.0,302.0,484.0,409.0,373.0,374.0,429.0,481.0,408.0,273.0,440.0,189.0,422.0,455.0,435.0,527.0,172.0,409.0,370.0,467.0,370.0,484.0,817.0,399.0,354.0,413.0,412.0,407.0,877.0,422.0,478.0,159.0,458.0,501.0,537.0,492.0,487.0,358.0,402.0,414.0,360.0,162.0,289.0,424.0,367.0,496.0,401.0,270.0,424.0,363.0,448.0,501.0,440.0,410.0,428.0,413.0,453.0,448.0,366.0,478.0,453.0,444.0,362.0,429.0,500.0,479.0,455.0,338.0,383.0,353.0,401.0,435.0,391.0,152.0,451.0,440.0,408.0,393.0,322.0,422.0,347.0,476.0,461.0,447.0,418.0
3632,14.0,11.0,10.0,15.0,15.0,12.0,10.0,12.0,13.0,8.0,7.0,13.0,17.0,12.0,15.0,14.0,13.0,11.0,9.0,19.0,10.0,12.0,18.0,8.0,16.0,9.0,11.0,50.0,15.0,14.0,11.0,14.0,9.0,13.0,10.0,13.0,14.0,8.0,15.0,14.0,14.0,12.0,10.0,12.0,12.0,15.0,10.0,10.0,13.0,12.0,14.0,14.0,9.0,12.0,13.0,10.0,14.0,12.0,14.0,14.0,13.0,11.0,14.0,59.0,13.0,11.0,11.0,18.0,12.0,15.0,13.0,11.0,10.0,15.0,27.0,13.0,13.0,11.0,11.0,13.0,9.0,14.0,12.0,7.0,13.0,15.0,9.0,11.0,27.0,10.0,14.0,14.0,12.0,12.0,12.0,14.0,8.0,11.0,13.0,14.0,11.0,12.0,14.0,12.0,12.0,14.0,17.0,8.0,11.0,10.0,12.0,8.0,15.0,7.0,17.0,11.0,9.0,14.0,11.0,12.0,13.0,10.0,11.0,12.0,9.0,27.0,9.0,17.0
3634,1.0,1.0,1.0,1.0,1.0,944.0,884.0,943.0,1.0,1.0,912.0,908.0,1.0,917.0,930.0,1.0,993.0,1070.0,1014.0,1.0,999.0,1.0,985.0,1021.0,1016.0,1008.0,1007.0,1.0,1.0,1.0,1.0,1.0,1013.0,1011.0,992.0,1.0,978.0,957.0,1.0,1024.0,1.0,992.0,934.0,919.0,1.0,1.0,1.0,1014.0,1.0,1.0,1151.0,1047.0,934.0,1087.0,1.0,1012.0,996.0,1063.0,1026.0,960.0,1.0,1.0,1039.0,1.0,1055.0,1.0,1.0,1009.0,1.0,1.0,1.0,1.0,1.0,1.0,1.0,950.0,1.0,1030.0,999.0,1.0,1.0,1026.0,1000.0,1.0,1.0,1.0,1.0,1.0,1.0,1003.0,1.0,1015.0,1.0,1.0,988.0,1042.0,1.0,1.0,1.0,1.0,1.0,1.0,926.0,915.0,1.0,1.0,1.0,936.0,1.0,1.0,1.0,1.0,1.0,1.0,1.0,977.0,1.0,1.0,962.0,951.0,1.0,972.0,1.0,1.0,989.0,1.0,1.0,983.0
3636,1.0,1.0,1.0,1055.0,1.0,1138.0,1.0,1041.0,1.0,1.0,1057.0,1.0,1061.0,1062.0,1106.0,1098.0,1109.0,1.0,1.0,1124.0,1.0,1273.0,1.0,1.0,1100.0,1.0,1162.0,1.0,1147.0,1292.0,1125.0,1.0,1.0,1.0,1117.0,1.0,1.0,1138.0,1.0,1.0,1146.0,1.0,1.0,1.0,1.0,1239.0,1153.0,1.0,1.0,1.0,1.0,1116.0,1127.0,1221.0,1037.0,1182.0,1.0,1.0,1.0,1173.0,1.0,1.0,1.0,1136.0,1.0,1095.0,1077.0,1.0,1.0,1186.0,1.0,1058.0,1.0,1.0,1.0,1104.0,1.0,1.0,1056.0,1.0,1.0,1.0,1.0,1150.0,1115.0,1.0,1.0,1.0,1151.0,1088.0,1082.0,1.0,1.0,1196.0,1169.0,1193.0,1124.0,1.0,1171.0,1.0,1197.0,1.0,1.0,1.0,1222.0,1.0,1188.0,1095.0,1151.0,1.0,1.0,1174.0,1.0,1152.0,1.0,1.0,1.0,1.0,1.0,1.0,1.0,1.0,1.0,1047.0,1117.0,1.0,1190.0,1167.0
3637,113.0,144.0,859.0,739.0,322.0,350.0,379.0,498.0,918.0,398.0,346.0,362.0,124.0,851.0,136.0,347.0,211.0,647.0,282.0,389.0,383.0,984.0,507.0,434.0,736.0,344.0,1051.0,374.0,316.0,343.0,287.0,395.0,223.0,775.0,899.0,358.0,482.0,359.0,606.0,400.0,719.0,566.0,396.0,562.0,858.0,553.0,404.0,874.0,462.0,734.0,341.0,385.0,382.0,344.0,941.0,335.0,211.0,698.0,358.0,884.0,427.0,434.0,261.0,323.0,231.0,365.0,437.0,379.0,209.0,394.0,463.0,841.0,411.0,361.0,241.0,340.0,385.0,428.0,383.0,176.0,422.0,699.0,419.0,859.0,826.0,391.0,427.0,370.0,940.0,898.0,405.0,703.0,365.0,873.0,424.0,690.0,281.0,425.0,810.0,341.0,491.0,322.0,590.0,352.0,827.0,656.0,419.0,807.0,426.0,209.0,449.0,340.0,935.0,610.0,672.0,378.0,347.0,482.0,440.0,423.0,351.0,846.0,330.0,616.0,412.0,432.0,435.0,337.0
3638,6.0,6.0,6.0,6.0,6.0,6.0,6.0,6.0,6.0,6.0,6.0,6.0,6.0,6.0,6.0,6.0,6.0,6.0,6.0,6.0,6.0,6.0,6.0,6.0,6.0,6.0,6.0,6.0,6.0,6.0,6.0,6.0,6.0,6.0,6.0,6.0,6.0,6.0,6.0,6.0,6.0,6.0,6.0,6.0,6.0,6.0,6.0,6.0,6.0,6.0,6.0,6.0,6.0,6.0,6.0,6.0,6.0,6.0,6.0,6.0,6.0,6.0,6.0,6.0,6.0,6.0,6.0,6.0,6.0,6.0,6.0,6.0,6.0,6.0,6.0,6.0,6.0,6.0,6.0,6.0,6.0,6.0,6.0,6.0,6.0,6.0,6.0,6.0,6.0,6.0,6.0,6.0,6.0,6.0,6.0,6.0,6.0,6.0,6.0,6.0,6.0,6.0,6.0,6.0,6.0,6.0,6.0,6.0,6.0,6.0,6.0,6.0,6.0,6.0,6.0,6.0,6.0,6.0,6.0,6.0,6.0,6.0,6.0,6.0,6.0,6.0,6.0,6.0
3639,3.0,3.0,3.0,3.0,3.0,3.0,3.0,3.0,3.0,3.0,3.0,3.0,3.0,3.0,3.0,3.0,3.0,3.0,3.0,3.0,3.0,3.0,3.0,3.0,3.0,3.0,3.0,3.0,3.0,3.0,3.0,3.0,3.0,3.0,3.0,3.0,3.0,3.0,3.0,3.0,3.0,3.0,3.0,3.0,3.0,3.0,3.0,3.0,3.0,3.0,3.0,3.0,3.0,3.0,3.0,3.0,3.0,3.0,3.0,3.0,3.0,3.0,3.0,3.0,3.0,3.0,3.0,3.0,3.0,3.0,3.0,3.0,3.0,3.0,3.0,3.0,3.0,3.0,3.0,3.0,3.0,3.0,3.0,3.0,3.0,3.0,3.0,3.0,3.0,3.0,3.0,3.0,3.0,3.0,3.0,3.0,3.0,3.0,3.0,3.0,3.0,3.0,3.0,3.0,3.0,3.0,3.0,3.0,3.0,3.0,3.0,3.0,3.0,3.0,3.0,3.0,3.0,3.0,3.0,3.0,3.0,3.0,3.0,3.0,3.0,3.0,3.0,3.0
3640,59.0,82.0,43.0,98.0,67.0,40.0,50.0,139.0,39.0,89.0,37.0,33.0,75.0,452.0,488.0,88.0,49.0,50.0,128.0,103.0,121.0,126.0,65.0,115.0,123.0,166.0,128.0,52.0,126.0,50.0,136.0,556.0,110.0,60.0,497.0,122.0,101.0,57.0,55.0,55.0,115.0,59.0,58.0,173.0,479.0,112.0,560.0,59.0,60.0,116.0,658.0,58.0,56.0,52.0,123.0,73.0,55.0,60.0,59.0,507.0,110.0,64.0,54.0,92.0,541.0,37.0,55.0,166.0,66.0,106.0,115.0,503.0,108.0,118.0,103.0,100.0,100.0,444.0,59.0,104.0,119.0,47.0,59.0,42.0,122.0,95.0,133.0,59.0,45.0,57.0,115.0,59.0,103.0,53.0,51.0,111.0,56.0,127.0,501.0,153.0,123.0,89.0,109.0,112.0,54.0,55.0,115.0,455.0,57.0,166.0,56.0,531.0,54.0,72.0,99.0,63.0,114.0,59.0,208.0,112.0,113.0,50.0,122.0,158.0,105.0,60.0,34.0,55.0
3642,78.0,38.0,12.0,44.0,45.0,42.0,19.0,9.0,36.0,34.0,40.0,16.0,21.0,29.0,40.0,35.0,51.0,71.0,55.0,51.0,46.0,25.0,47.0,54.0,46.0,34.0,32.0,12.0,48.0,50.0,52.0,50.0,49.0,34.0,50.0,43.0,45.0,51.0,22.0,60.0,53.0,49.0,36.0,39.0,8.0,48.0,51.0,10.0,34.0,52.0,61.0,42.0,48.0,43.0,46.0,19.0,51.0,41.0,68.0,52.0,32.0,40.0,46.0,33.0,34.0,8.0,51.0,8.0,34.0,36.0,44.0,41.0,48.0,36.0,48.0,43.0,33.0,33.0,36.0,54.0,43.0,39.0,41.0,54.0,51.0,41.0,37.0,40.0,40.0,47.0,61.0,47.0,25.0,35.0,43.0,40.0,38.0,23.0,34.0,55.0,59.0,10.0,51.0,11.0,12.0,43.0,37.0,63.0,48.0,36.0,48.0,48.0,46.0,50.0,19.0,92.0,46.0,57.0,42.0,42.0,51.0,50.0,50.0,40.0,47.0,45.0,47.0,7.0
3644,146.0,83.0,84.0,77.0,80.0,85.0,78.0,121.0,80.0,147.0,119.0,144.0,80.0,124.0,69.0,128.0,121.0,69.0,189.0,153.0,107.0,76.0,95.0,97.0,63.0,66.0,246.0,163.0,69.0,110.0,103.0,162.0,166.0,82.0,76.0,166.0,88.0,84.0,90.0,102.0,72.0,127.0,75.0,69.0,83.0,86.0,211.0,90.0,88.0,137.0,88.0,126.0,229.0,165.0,194.0,288.0,192.0,284.0,53.0,93.0,67.0,68.0,161.0,152.0,70.0,109.0,63.0,124.0,102.0,364.0,106.0,103.0,70.0,80.0,95.0,232.0,86.0,188.0,151.0,196.0,64.0,47.0,82.0,135.0,169.0,83.0,82.0,97.0,80.0,60.0,57.0,187.0,77.0,127.0,66.0,252.0,61.0,167.0,64.0,66.0,60.0,169.0,169.0,272.0,79.0,255.0,66.0,102.0,70.0,83.0,144.0,102.0,98.0,132.0,140.0,86.0,267.0,56.0,134.0,160.0,142.0,63.0,96.0,58.0,341.0,92.0,203.0,65.0
3645,224.0,184.0,201.0,186.0,242.0,191.0,170.0,229.0,211.0,206.0,212.0,212.0,207.0,210.0,220.0,208.0,274.0,240.0,241.0,228.0,225.0,290.0,276.0,238.0,266.0,242.0,238.0,269.0,251.0,257.0,265.0,252.0,254.0,252.0,249.0,246.0,257.0,260.0,235.0,253.0,251.0,248.0,270.0,241.0,245.0,256.0,236.0,241.0,249.0,268.0,291.0,254.0,267.0,268.0,232.0,253.0,246.0,257.0,279.0,211.0,255.0,235.0,271.0,296.0,274.0,243.0,241.0,272.0,296.0,253.0,255.0,273.0,259.0,229.0,225.0,243.0,235.0,245.0,257.0,264.0,217.0,255.0,287.0,274.0,274.0,274.0,242.0,246.0,259.0,241.0,241.0,243.0,232.0,289.0,288.0,268.0,247.0,247.0,261.0,239.0,289.0,220.0,233.0,252.0,261.0,247.0,274.0,248.0,259.0,237.0,247.0,221.0,239.0,269.0,250.0,258.0,257.0,283.0,246.0,231.0,274.0,252.0,225.0,277.0,243.0,254.0,310.0,314.0
3648,10.0,10.0,11.0,10.0,10.0,11.0,10.0,10.0,14.0,10.0,10.0,10.0,13.0,13.0,12.0,10.0,10.0,12.0,12.0,12.0,11.0,12.0,8.0,13.0,14.0,10.0,10.0,12.0,12.0,8.0,12.0,10.0,10.0,10.0,10.0,10.0,10.0,10.0,11.0,10.0,10.0,10.0,13.0,10.0,10.0,8.0,10.0,10.0,10.0,12.0,12.0,13.0,10.0,11.0,10.0,11.0,10.0,10.0,10.0,10.0,11.0,10.0,10.0,10.0,11.0,10.0,14.0,12.0,10.0,11.0,11.0,10.0,12.0,11.0,9.0,10.0,12.0,10.0,10.0,9.0,10.0,10.0,13.0,10.0,11.0,10.0,10.0,10.0,12.0,10.0,11.0,11.0,9.0,10.0,7.0,10.0,10.0,11.0,12.0,10.0,11.0,11.0,10.0,10.0,9.0,10.0,12.0,13.0,10.0,12.0,12.0,12.0,11.0,12.0,10.0,12.0,11.0,11.0,10.0,10.0,10.0,10.0,11.0,13.0,11.0,9.0,10.0,13.0
3649,205.0,187.0,178.0,193.0,174.0,197.0,175.0,172.0,184.0,204.0,193.0,185.0,186.0,177.0,184.0,200.0,175.0,194.0,193.0,204.0,202.0,195.0,187.0,179.0,189.0,197.0,181.0,209.0,191.0,179.0,182.0,200.0,194.0,178.0,197.0,179.0,191.0,178.0,175.0,201.0,204.0,185.0,218.0,199.0,190.0,206.0,187.0,185.0,179.0,192.0,175.0,195.0,187.0,187.0,208.0,187.0,187.0,184.0,201.0,187.0,186.0,191.0,189.0,185.0,190.0,181.0,188.0,193.0,184.0,194.0,186.0,208.0,201.0,192.0,183.0,175.0,199.0,217.0,194.0,182.0,183.0,184.0,191.0,203.0,195.0,185.0,184.0,180.0,188.0,173.0,165.0,205.0,190.0,183.0,188.0,199.0,182.0,181.0,205.0,186.0,179.0,206.0,186.0,185.0,197.0,185.0,183.0,216.0,202.0,192.0,185.0,203.0,191.0,189.0,190.0,200.0,177.0,190.0,192.0,176.0,177.0,197.0,189.0,180.0,202.0,181.0,194.0,190.0
3651,1.0,1187.0,1.0,1347.0,1283.0,1.0,1388.0,1.0,1411.0,1357.0,1.0,1401.0,1386.0,1.0,1.0,1.0,1540.0,1.0,2.0,1.0,1500.0,1.0,2.0,1370.0,1423.0,1383.0,1443.0,1597.0,1.0,1395.0,1.0,1604.0,1.0,1611.0,1.0,1440.0,1402.0,1.0,1494.0,1.0,1.0,1.0,1.0,1.0,1629.0,1.0,1.0,1479.0,1.0,1.0,1.0,1.0,1394.0,1.0,1.0,1.0,1486.0,1457.0,1425.0,1421.0,1393.0,1.0,1.0,1454.0,1.0,1.0,1.0,1.0,2.0,1452.0,1395.0,1359.0,1.0,1.0,1400.0,1.0,1452.0,1437.0,1.0,1652.0,1410.0,1.0,1349.0,1310.0,1.0,1425.0,1367.0,1288.0,1.0,1403.0,1.0,2.0,1394.0,2.0,1453.0,1339.0,1.0,2.0,1.0,1410.0,1.0,1.0,1.0,1.0,1479.0,1.0,1.0,1.0,1.0,2.0,1.0,1570.0,2.0,1.0,1485.0,1.0,1.0,1427.0,1315.0,1.0,1508.0,1483.0,1427.0,1.0,1480.0,1374.0,1.0,1.0
3652,18.0,19.0,24.0,24.0,19.0,18.0,24.0,24.0,22.0,22.0,22.0,24.0,19.0,22.0,23.0,18.0,24.0,22.0,23.0,20.0,20.0,20.0,23.0,19.0,21.0,24.0,22.0,21.0,20.0,21.0,24.0,24.0,23.0,24.0,23.0,16.0,17.0,17.0,19.0,17.0,23.0,24.0,17.0,22.0,24.0,25.0,20.0,19.0,25.0,22.0,24.0,24.0,24.0,21.0,24.0,23.0,21.0,24.0,17.0,20.0,23.0,18.0,21.0,23.0,24.0,24.0,18.0,22.0,25.0,20.0,23.0,22.0,24.0,22.0,20.0,23.0,21.0,23.0,19.0,17.0,24.0,20.0,24.0,23.0,23.0,19.0,24.0,22.0,21.0,21.0,24.0,20.0,20.0,23.0,23.0,23.0,23.0,23.0,21.0,18.0,24.0,23.0,18.0,24.0,19.0,23.0,24.0,23.0,21.0,24.0,23.0,24.0,19.0,18.0,18.0,23.0,21.0,25.0,23.0,24.0,18.0,23.0,16.0,19.0,24.0,22.0,20.0,23.0
3655,1.0,1057.0,1101.0,1.0,1032.0,1148.0,1175.0,1053.0,984.0,1040.0,1.0,1.0,1072.0,1067.0,1.0,1109.0,1109.0,1.0,1136.0,1120.0,1117.0,1.0,1113.0,1153.0,1098.0,1.0,1.0,1113.0,1169.0,1.0,1130.0,1125.0,1187.0,1080.0,1.0,1171.0,1169.0,1.0,1.0,1109.0,1.0,1.0,1.0,1.0,1.0,1254.0,1183.0,1124.0,1083.0,1106.0,1357.0,1.0,1.0,1221.0,1.0,1.0,1.0,1187.0,1162.0,1.0,1.0,1.0,1.0,1138.0,1205.0,1.0,1.0,1.0,1.0,1182.0,1210.0,1065.0,1140.0,1.0,1136.0,1.0,1.0,1182.0,1058.0,1156.0,1113.0,1192.0,1320.0,1.0,1.0,1074.0,1.0,1166.0,1.0,1.0,1100.0,1.0,1248.0,1190.0,1.0,1205.0,1128.0,1.0,1.0,1127.0,1.0,1150.0,1115.0,1290.0,1.0,1053.0,1.0,1103.0,1.0,1149.0,1169.0,1.0,1.0,1.0,1166.0,1162.0,1.0,1208.0,1099.0,1.0,1163.0,1.0,1.0,1046.0,1.0,1.0,1198.0,1175.0
3661,13.0,13.0,13.0,13.0,13.0,12.0,13.0,13.0,13.0,13.0,13.0,13.0,12.0,12.0,13.0,12.0,13.0,12.0,13.0,12.0,12.0,13.0,13.0,13.0,12.0,13.0,13.0,13.0,13.0,13.0,12.0,12.0,13.0,12.0,14.0,12.0,12.0,12.0,13.0,12.0,12.0,13.0,12.0,12.0,12.0,13.0,13.0,13.0,12.0,13.0,13.0,13.0,13.0,13.0,12.0,13.0,12.0,13.0,12.0,12.0,13.0,12.0,12.0,13.0,12.0,13.0,13.0,13.0,12.0,12.0,12.0,12.0,13.0,12.0,12.0,14.0,12.0,12.0,12.0,12.0,13.0,12.0,13.0,13.0,13.0,12.0,14.0,13.0,12.0,12.0,13.0,13.0,14.0,13.0,13.0,13.0,13.0,14.0,13.0,12.0,13.0,12.0,12.0,13.0,12.0,13.0,13.0,12.0,12.0,13.0,12.0,13.0,12.0,13.0,13.0,13.0,13.0,14.0,13.0,13.0,14.0,13.0,12.0,12.0,13.0,13.0,12.0,12.0
3663,10.0,9.0,8.0,10.0,9.0,10.0,11.0,12.0,7.0,11.0,9.0,9.0,6.0,11.0,9.0,9.0,8.0,8.0,10.0,9.0,8.0,10.0,11.0,11.0,8.0,10.0,8.0,7.0,11.0,9.0,10.0,11.0,8.0,10.0,8.0,10.0,10.0,11.0,8.0,10.0,9.0,7.0,11.0,9.0,8.0,11.0,8.0,8.0,9.0,11.0,11.0,4.0,9.0,11.0,8.0,11.0,11.0,10.0,10.0,8.0,9.0,9.0,6.0,9.0,9.0,10.0,12.0,8.0,7.0,10.0,10.0,8.0,11.0,8.0,7.0,13.0,7.0,8.0,9.0,11.0,6.0,12.0,8.0,9.0,10.0,10.0,8.0,11.0,9.0,8.0,12.0,10.0,9.0,11.0,6.0,9.0,9.0,12.0,12.0,11.0,10.0,6.0,10.0,12.0,8.0,13.0,9.0,12.0,12.0,8.0,12.0,12.0,10.0,10.0,9.0,8.0,9.0,12.0,12.0,11.0,6.0,11.0,12.0,10.0,10.0,11.0,11.0,12.0
3664,1079.0,1.0,1.0,1056.0,1032.0,1.0,1170.0,1.0,1.0,1.0,1.0,1.0,1068.0,1063.0,1106.0,1110.0,1108.0,1.0,1136.0,1120.0,1.0,1274.0,1113.0,1.0,1098.0,1.0,1.0,1.0,1.0,1285.0,1.0,1.0,1188.0,1.0,1122.0,1.0,1.0,1141.0,1.0,1110.0,1148.0,1111.0,1076.0,1093.0,1.0,1.0,1171.0,1.0,1083.0,1103.0,1359.0,1186.0,1.0,1220.0,1046.0,1.0,1178.0,1.0,1162.0,1187.0,1155.0,1168.0,1201.0,1139.0,1211.0,1.0,1100.0,1.0,1264.0,1180.0,1210.0,1060.0,1.0,1267.0,1136.0,1.0,1163.0,1.0,1058.0,1.0,1116.0,1188.0,1319.0,1162.0,1.0,1.0,1160.0,1161.0,1.0,1096.0,1.0,1198.0,1242.0,1195.0,1.0,1205.0,1.0,1.0,1186.0,1.0,1.0,1.0,1.0,1.0,1.0,1052.0,1.0,1.0,1.0,1144.0,1.0,1.0,1099.0,1.0,1163.0,1166.0,1.0,1.0,1097.0,1.0,1159.0,1089.0,1.0,1.0,1124.0,1.0,1.0,1.0
3666,21.0,22.0,40.0,42.0,44.0,19.0,23.0,21.0,22.0,37.0,39.0,23.0,45.0,44.0,39.0,22.0,26.0,23.0,35.0,44.0,24.0,42.0,39.0,22.0,22.0,23.0,21.0,20.0,40.0,21.0,40.0,43.0,43.0,22.0,23.0,36.0,22.0,23.0,38.0,40.0,22.0,22.0,46.0,21.0,36.0,22.0,38.0,21.0,42.0,43.0,24.0,19.0,37.0,36.0,27.0,20.0,21.0,20.0,40.0,20.0,43.0,24.0,19.0,23.0,39.0,22.0,21.0,20.0,41.0,39.0,23.0,37.0,42.0,20.0,39.0,39.0,23.0,44.0,24.0,29.0,22.0,43.0,20.0,36.0,21.0,24.0,23.0,23.0,20.0,21.0,21.0,42.0,22.0,45.0,21.0,22.0,21.0,22.0,43.0,41.0,23.0,39.0,24.0,23.0,44.0,41.0,39.0,24.0,24.0,20.0,22.0,20.0,40.0,22.0,39.0,22.0,23.0,22.0,22.0,41.0,41.0,38.0,39.0,39.0,42.0,44.0,42.0,23.0
3669,1.0,1.0,953.0,885.0,1.0,944.0,882.0,1.0,1.0,1.0,1.0,1.0,1.0,1.0,930.0,1.0,993.0,1065.0,1.0,963.0,1.0,1026.0,1.0,1020.0,1.0,1004.0,1.0,945.0,1.0,1176.0,929.0,1046.0,1.0,1011.0,992.0,1.0,969.0,1.0,1.0,1024.0,982.0,1.0,1.0,920.0,999.0,985.0,1.0,1.0,937.0,1.0,1151.0,1047.0,1.0,1087.0,884.0,1.0,990.0,1.0,1.0,1.0,1144.0,982.0,1.0,993.0,1.0,982.0,959.0,1010.0,1009.0,1.0,999.0,910.0,1.0,997.0,999.0,1.0,1004.0,1.0,1.0,984.0,982.0,1024.0,1.0,1.0,949.0,960.0,993.0,998.0,1020.0,1003.0,1.0,1.0,1029.0,982.0,1.0,1042.0,1.0,1.0,1.0,1021.0,1.0,1.0,1.0,1.0,988.0,1.0,975.0,935.0,995.0,928.0,1002.0,1.0,968.0,929.0,1.0,977.0,1.0,1067.0,1.0,906.0,985.0,971.0,992.0,935.0,987.0,1001.0,1071.0,1.0
3671,4.0,4.0,3.0,4.0,4.0,4.0,4.0,4.0,4.0,4.0,4.0,4.0,4.0,4.0,4.0,4.0,4.0,3.0,4.0,4.0,4.0,4.0,4.0,4.0,4.0,4.0,4.0,4.0,4.0,4.0,4.0,4.0,4.0,4.0,4.0,4.0,4.0,4.0,3.0,3.0,4.0,4.0,4.0,4.0,4.0,4.0,4.0,4.0,4.0,4.0,4.0,4.0,3.0,4.0,4.0,4.0,4.0,4.0,4.0,3.0,4.0,4.0,4.0,4.0,4.0,4.0,4.0,4.0,4.0,4.0,4.0,4.0,4.0,4.0,4.0,4.0,4.0,4.0,4.0,4.0,4.0,4.0,4.0,4.0,4.0,4.0,4.0,4.0,4.0,4.0,4.0,4.0,4.0,4.0,4.0,4.0,4.0,4.0,4.0,4.0,4.0,4.0,3.0,4.0,4.0,4.0,4.0,4.0,4.0,4.0,4.0,4.0,4.0,4.0,4.0,4.0,4.0,4.0,4.0,4.0,4.0,4.0,4.0,4.0,4.0,4.0,4.0,4.0
3673,3.0,3.0,3.0,2.0,3.0,3.0,3.0,3.0,3.0,3.0,3.0,3.0,2.0,3.0,3.0,3.0,3.0,3.0,3.0,3.0,3.0,3.0,3.0,3.0,2.0,3.0,2.0,2.0,3.0,2.0,3.0,3.0,3.0,3.0,3.0,3.0,3.0,3.0,2.0,3.0,3.0,3.0,3.0,3.0,3.0,3.0,2.0,3.0,2.0,3.0,3.0,2.0,3.0,3.0,3.0,3.0,3.0,3.0,3.0,3.0,2.0,3.0,3.0,3.0,3.0,3.0,2.0,2.0,3.0,3.0,3.0,3.0,3.0,3.0,3.0,3.0,2.0,3.0,3.0,3.0,3.0,3.0,3.0,3.0,3.0,2.0,3.0,3.0,3.0,3.0,3.0,2.0,3.0,3.0,3.0,3.0,3.0,2.0,3.0,2.0,3.0,3.0,2.0,3.0,3.0,3.0,3.0,3.0,2.0,3.0,2.0,3.0,2.0,3.0,2.0,2.0,2.0,3.0,3.0,3.0,3.0,3.0,3.0,3.0,3.0,2.0,3.0,3.0
3677,5.0,5.0,5.0,5.0,5.0,5.0,5.0,5.0,5.0,5.0,5.0,5.0,5.0,5.0,5.0,5.0,5.0,5.0,5.0,5.0,5.0,5.0,5.0,5.0,5.0,5.0,5.0,5.0,5.0,5.0,5.0,5.0,5.0,5.0,5.0,5.0,5.0,5.0,5.0,5.0,5.0,5.0,5.0,5.0,5.0,5.0,5.0,5.0,5.0,5.0,5.0,5.0,5.0,5.0,5.0,5.0,5.0,5.0,5.0,5.0,5.0,5.0,5.0,5.0,5.0,5.0,5.0,5.0,5.0,5.0,5.0,5.0,5.0,5.0,5.0,5.0,5.0,5.0,5.0,5.0,5.0,5.0,5.0,5.0,5.0,5.0,5.0,5.0,5.0,5.0,5.0,5.0,5.0,5.0,5.0,5.0,5.0,5.0,5.0,5.0,5.0,5.0,5.0,5.0,5.0,5.0,5.0,5.0,5.0,5.0,5.0,5.0,5.0,5.0,5.0,5.0,5.0,5.0,5.0,5.0,5.0,5.0,5.0,5.0,5.0,5.0,5.0,5.0
3680,3.0,3.0,3.0,3.0,3.0,3.0,3.0,3.0,3.0,3.0,3.0,3.0,3.0,2.0,2.0,3.0,3.0,3.0,3.0,3.0,3.0,3.0,3.0,3.0,3.0,3.0,3.0,3.0,3.0,3.0,3.0,3.0,3.0,3.0,3.0,3.0,3.0,3.0,2.0,3.0,3.0,3.0,2.0,3.0,3.0,3.0,3.0,3.0,3.0,3.0,3.0,3.0,3.0,3.0,3.0,3.0,3.0,3.0,3.0,3.0,3.0,3.0,3.0,3.0,3.0,3.0,3.0,3.0,3.0,3.0,3.0,3.0,3.0,3.0,3.0,3.0,3.0,3.0,3.0,3.0,3.0,3.0,3.0,3.0,3.0,3.0,3.0,3.0,3.0,3.0,3.0,3.0,3.0,3.0,3.0,3.0,3.0,3.0,3.0,2.0,3.0,3.0,3.0,3.0,3.0,3.0,3.0,2.0,3.0,3.0,3.0,3.0,3.0,3.0,3.0,3.0,3.0,3.0,3.0,3.0,3.0,3.0,2.0,3.0,3.0,3.0,3.0,3.0
3681,1079.0,1.0,1098.0,1053.0,1.0,1.0,1127.0,1051.0,3.0,2.0,2.0,885.0,4.0,1.0,1105.0,1.0,2.0,1141.0,1.0,1118.0,1107.0,3.0,1.0,2.0,1.0,1196.0,1163.0,1112.0,1162.0,1.0,1055.0,2.0,1187.0,1069.0,1.0,1172.0,2.0,1138.0,2.0,1098.0,3.0,1099.0,2.0,2.0,2.0,1251.0,2.0,1.0,1055.0,1104.0,3.0,1185.0,1.0,1218.0,1042.0,1.0,2.0,2.0,1.0,3.0,1077.0,1166.0,1191.0,1132.0,1184.0,1090.0,1.0,1143.0,1.0,1.0,1206.0,1044.0,1139.0,2.0,1134.0,1114.0,1.0,1.0,1.0,1148.0,1.0,1.0,2.0,1.0,2.0,2.0,1133.0,1127.0,3.0,1084.0,1091.0,1189.0,1215.0,1192.0,1.0,1.0,1125.0,1114.0,1.0,1.0,1205.0,1.0,1.0,1226.0,1.0,1.0,1189.0,1102.0,1148.0,1144.0,1145.0,1.0,1.0,1.0,1140.0,1162.0,2.0,1197.0,2.0,1069.0,1.0,1080.0,1164.0,1041.0,1.0,2.0,2.0,2.0
3682,1464.0,2.0,1433.0,3.0,1717.0,3.0,1746.0,1561.0,3.0,4.0,3.0,2.0,2.0,1419.0,3.0,1408.0,2.0,1645.0,2.0,3.0,2.0,1513.0,3.0,3.0,1546.0,3.0,3.0,1880.0,4.0,3.0,2.0,1562.0,2.0,3.0,1606.0,1564.0,1543.0,1718.0,3.0,2.0,1431.0,1541.0,1366.0,3.0,3.0,2.0,1626.0,1588.0,4.0,1640.0,1628.0,4.0,3.0,3.0,1652.0,1691.0,1698.0,1374.0,2.0,3.0,2.0,3.0,1515.0,2.0,1731.0,2.0,1694.0,1558.0,1643.0,3.0,1674.0,3.0,3.0,3.0,1564.0,2.0,1528.0,1692.0,3.0,3.0,3.0,1404.0,3.0,3.0,1665.0,1562.0,1492.0,4.0,3.0,1502.0,1677.0,1567.0,1527.0,1679.0,1687.0,1446.0,1616.0,3.0,2.0,1401.0,2.0,1641.0,1760.0,3.0,1719.0,1549.0,1570.0,3.0,1459.0,3.0,2.0,1373.0,3.0,1683.0,2.0,3.0,3.0,1686.0,1677.0,1567.0,1676.0,2.0,3.0,1586.0,1587.0,1450.0,3.0,2.0
3684,33.0,62.0,69.0,65.0,32.0,31.0,64.0,62.0,69.0,67.0,35.0,69.0,69.0,63.0,66.0,62.0,59.0,67.0,65.0,60.0,60.0,60.0,60.0,57.0,63.0,59.0,59.0,68.0,64.0,19.0,59.0,60.0,70.0,32.0,52.0,66.0,63.0,52.0,56.0,63.0,63.0,30.0,57.0,49.0,61.0,54.0,58.0,67.0,71.0,62.0,58.0,65.0,68.0,61.0,59.0,33.0,63.0,64.0,66.0,66.0,56.0,60.0,37.0,24.0,55.0,32.0,58.0,69.0,69.0,68.0,67.0,64.0,60.0,60.0,64.0,59.0,76.0,67.0,35.0,57.0,53.0,62.0,39.0,27.0,57.0,52.0,56.0,68.0,64.0,75.0,56.0,63.0,64.0,61.0,15.0,67.0,60.0,54.0,57.0,59.0,60.0,56.0,52.0,61.0,62.0,62.0,62.0,67.0,69.0,50.0,58.0,68.0,61.0,71.0,58.0,65.0,59.0,58.0,64.0,56.0,60.0,65.0,53.0,62.0,55.0,64.0,40.0,72.0
3685,21.0,22.0,23.0,22.0,23.0,23.0,22.0,23.0,21.0,23.0,23.0,22.0,21.0,23.0,23.0,20.0,22.0,22.0,22.0,22.0,23.0,23.0,21.0,22.0,21.0,24.0,22.0,22.0,22.0,23.0,23.0,23.0,22.0,24.0,23.0,23.0,23.0,21.0,22.0,23.0,22.0,23.0,23.0,22.0,23.0,22.0,23.0,23.0,22.0,24.0,22.0,23.0,23.0,23.0,22.0,23.0,21.0,22.0,24.0,23.0,20.0,21.0,21.0,23.0,23.0,23.0,21.0,22.0,23.0,22.0,22.0,22.0,22.0,23.0,22.0,23.0,22.0,23.0,22.0,23.0,20.0,23.0,22.0,23.0,22.0,24.0,24.0,23.0,22.0,22.0,22.0,23.0,21.0,22.0,23.0,21.0,22.0,22.0,22.0,21.0,22.0,22.0,23.0,23.0,22.0,22.0,23.0,23.0,21.0,22.0,22.0,22.0,21.0,23.0,23.0,23.0,22.0,23.0,22.0,21.0,22.0,23.0,22.0,24.0,23.0,23.0,23.0,23.0
3687,9.0,9.0,9.0,9.0,9.0,9.0,9.0,9.0,9.0,9.0,9.0,9.0,9.0,9.0,9.0,9.0,9.0,9.0,9.0,9.0,9.0,9.0,9.0,9.0,9.0,9.0,9.0,9.0,9.0,9.0,9.0,9.0,9.0,9.0,9.0,9.0,9.0,9.0,9.0,9.0,9.0,9.0,9.0,9.0,9.0,9.0,9.0,9.0,9.0,9.0,9.0,9.0,9.0,8.0,9.0,9.0,9.0,9.0,9.0,9.0,9.0,9.0,9.0,9.0,9.0,9.0,9.0,9.0,9.0,9.0,9.0,9.0,9.0,9.0,9.0,9.0,9.0,9.0,9.0,9.0,9.0,9.0,9.0,9.0,9.0,9.0,9.0,9.0,9.0,9.0,9.0,9.0,9.0,9.0,9.0,9.0,9.0,9.0,9.0,9.0,9.0,9.0,9.0,9.0,9.0,9.0,9.0,9.0,9.0,9.0,9.0,9.0,9.0,9.0,9.0,9.0,9.0,9.0,9.0,9.0,9.0,9.0,9.0,9.0,9.0,9.0,9.0,9.0
3690,7.0,7.0,7.0,7.0,7.0,7.0,7.0,7.0,7.0,7.0,7.0,7.0,7.0,7.0,7.0,7.0,7.0,7.0,7.0,7.0,7.0,8.0,7.0,7.0,7.0,7.0,7.0,7.0,7.0,7.0,7.0,6.0,8.0,7.0,7.0,7.0,7.0,7.0,7.0,7.0,7.0,8.0,7.0,8.0,7.0,7.0,7.0,7.0,7.0,7.0,7.0,8.0,7.0,7.0,7.0,7.0,7.0,7.0,7.0,7.0,7.0,8.0,7.0,7.0,7.0,7.0,7.0,7.0,7.0,7.0,7.0,7.0,7.0,7.0,7.0,7.0,8.0,7.0,7.0,7.0,7.0,6.0,7.0,7.0,7.0,8.0,7.0,7.0,7.0,7.0,7.0,7.0,7.0,7.0,7.0,7.0,7.0,7.0,7.0,7.0,7.0,7.0,7.0,7.0,8.0,7.0,7.0,7.0,7.0,7.0,7.0,7.0,7.0,7.0,8.0,7.0,7.0,7.0,7.0,7.0,7.0,7.0,7.0,7.0,7.0,7.0,7.0,7.0
3692,11.0,12.0,8.0,8.0,11.0,10.0,9.0,10.0,11.0,13.0,12.0,9.0,11.0,10.0,10.0,10.0,9.0,9.0,9.0,8.0,9.0,8.0,10.0,12.0,11.0,9.0,8.0,9.0,9.0,10.0,8.0,11.0,12.0,12.0,14.0,9.0,9.0,8.0,12.0,8.0,8.0,8.0,13.0,9.0,9.0,8.0,11.0,11.0,12.0,10.0,9.0,9.0,10.0,7.0,8.0,9.0,9.0,10.0,9.0,9.0,13.0,9.0,8.0,9.0,10.0,8.0,8.0,9.0,13.0,9.0,13.0,10.0,9.0,9.0,12.0,8.0,11.0,15.0,9.0,9.0,9.0,8.0,9.0,11.0,9.0,10.0,12.0,8.0,12.0,8.0,9.0,13.0,9.0,9.0,8.0,12.0,9.0,9.0,11.0,10.0,11.0,9.0,9.0,9.0,9.0,10.0,9.0,9.0,9.0,11.0,8.0,9.0,9.0,8.0,9.0,8.0,8.0,11.0,9.0,9.0,11.0,11.0,14.0,10.0,8.0,14.0,9.0,9.0
3693,6.0,6.0,6.0,6.0,6.0,6.0,6.0,6.0,6.0,6.0,6.0,6.0,6.0,6.0,6.0,6.0,6.0,6.0,6.0,6.0,6.0,6.0,6.0,6.0,6.0,6.0,6.0,6.0,6.0,6.0,6.0,6.0,6.0,6.0,6.0,6.0,6.0,6.0,6.0,6.0,6.0,6.0,6.0,6.0,6.0,6.0,6.0,6.0,6.0,6.0,6.0,6.0,6.0,6.0,6.0,6.0,6.0,6.0,6.0,6.0,6.0,6.0,6.0,6.0,6.0,6.0,6.0,6.0,6.0,6.0,6.0,6.0,6.0,6.0,6.0,6.0,6.0,6.0,6.0,6.0,6.0,6.0,6.0,6.0,6.0,6.0,6.0,6.0,6.0,6.0,6.0,6.0,6.0,6.0,6.0,6.0,6.0,6.0,6.0,6.0,6.0,6.0,6.0,6.0,6.0,6.0,6.0,6.0,6.0,6.0,6.0,6.0,6.0,6.0,6.0,6.0,6.0,6.0,6.0,6.0,6.0,6.0,6.0,6.0,6.0,6.0,6.0,6.0
3694,13.0,13.0,13.0,13.0,13.0,13.0,13.0,13.0,13.0,14.0,13.0,13.0,13.0,12.0,13.0,13.0,13.0,13.0,13.0,16.0,15.0,13.0,13.0,13.0,13.0,14.0,13.0,13.0,13.0,13.0,13.0,13.0,13.0,14.0,13.0,12.0,13.0,13.0,13.0,13.0,13.0,15.0,13.0,13.0,13.0,13.0,13.0,14.0,13.0,13.0,12.0,15.0,13.0,13.0,13.0,13.0,14.0,13.0,13.0,13.0,13.0,13.0,13.0,13.0,14.0,13.0,16.0,13.0,13.0,13.0,13.0,13.0,14.0,13.0,13.0,13.0,13.0,15.0,13.0,13.0,13.0,12.0,13.0,13.0,13.0,13.0,13.0,13.0,13.0,13.0,13.0,13.0,13.0,13.0,13.0,13.0,13.0,13.0,13.0,13.0,12.0,13.0,13.0,13.0,12.0,13.0,13.0,14.0,13.0,15.0,13.0,13.0,14.0,13.0,13.0,13.0,12.0,13.0,14.0,15.0,12.0,13.0,13.0,13.0,13.0,12.0,13.0,13.0
3695,15.0,16.0,15.0,16.0,16.0,15.0,16.0,17.0,17.0,17.0,16.0,15.0,15.0,15.0,17.0,14.0,17.0,15.0,15.0,15.0,14.0,16.0,15.0,15.0,15.0,17.0,17.0,15.0,14.0,16.0,15.0,16.0,17.0,15.0,19.0,14.0,16.0,12.0,16.0,15.0,17.0,18.0,15.0,16.0,15.0,15.0,14.0,15.0,14.0,15.0,17.0,15.0,15.0,16.0,15.0,16.0,15.0,17.0,15.0,14.0,17.0,16.0,16.0,17.0,15.0,15.0,15.0,17.0,15.0,16.0,15.0,17.0,17.0,16.0,14.0,16.0,17.0,16.0,15.0,14.0,15.0,15.0,15.0,16.0,15.0,16.0,16.0,15.0,15.0,15.0,16.0,15.0,14.0,15.0,17.0,16.0,17.0,17.0,16.0,15.0,15.0,14.0,13.0,16.0,14.0,15.0,17.0,16.0,16.0,15.0,15.0,17.0,15.0,14.0,15.0,17.0,16.0,16.0,15.0,16.0,16.0,16.0,14.0,15.0,15.0,16.0,16.0,17.0
3696,2.0,2.0,2.0,2.0,2.0,2.0,2.0,2.0,2.0,2.0,2.0,2.0,2.0,2.0,2.0,2.0,2.0,2.0,2.0,2.0,2.0,2.0,2.0,2.0,2.0,2.0,2.0,2.0,2.0,2.0,2.0,2.0,2.0,2.0,2.0,2.0,2.0,2.0,2.0,2.0,2.0,2.0,2.0,2.0,2.0,2.0,2.0,2.0,2.0,2.0,2.0,2.0,2.0,2.0,2.0,2.0,2.0,2.0,2.0,2.0,2.0,2.0,2.0,2.0,2.0,2.0,2.0,2.0,2.0,2.0,2.0,2.0,2.0,2.0,2.0,2.0,2.0,2.0,2.0,2.0,2.0,2.0,2.0,2.0,2.0,2.0,2.0,2.0,2.0,2.0,2.0,2.0,2.0,2.0,2.0,2.0,2.0,2.0,2.0,2.0,2.0,2.0,2.0,2.0,2.0,2.0,2.0,2.0,2.0,2.0,2.0,2.0,2.0,2.0,2.0,2.0,2.0,2.0,2.0,2.0,2.0,2.0,2.0,2.0,2.0,2.0,2.0,2.0
3698,9.0,10.0,9.0,10.0,11.0,8.0,9.0,11.0,10.0,11.0,12.0,10.0,12.0,10.0,8.0,9.0,8.0,9.0,10.0,11.0,9.0,9.0,9.0,11.0,11.0,10.0,10.0,8.0,10.0,10.0,8.0,11.0,11.0,11.0,13.0,9.0,9.0,9.0,11.0,9.0,9.0,8.0,11.0,8.0,11.0,10.0,11.0,12.0,11.0,9.0,10.0,9.0,9.0,8.0,8.0,9.0,9.0,9.0,9.0,9.0,12.0,8.0,8.0,11.0,11.0,9.0,9.0,9.0,12.0,9.0,12.0,10.0,8.0,9.0,10.0,10.0,10.0,13.0,8.0,9.0,9.0,8.0,9.0,10.0,9.0,11.0,11.0,8.0,12.0,8.0,9.0,11.0,8.0,9.0,11.0,13.0,10.0,8.0,10.0,10.0,11.0,10.0,9.0,8.0,9.0,8.0,10.0,8.0,9.0,11.0,9.0,10.0,9.0,9.0,11.0,9.0,9.0,8.0,9.0,8.0,9.0,9.0,13.0,8.0,9.0,13.0,9.0,9.0
3699,5.0,5.0,5.0,5.0,5.0,5.0,5.0,5.0,5.0,5.0,5.0,5.0,5.0,5.0,5.0,5.0,7.0,5.0,5.0,7.0,4.0,5.0,5.0,5.0,5.0,5.0,5.0,5.0,4.0,5.0,4.0,5.0,5.0,7.0,4.0,5.0,5.0,5.0,5.0,5.0,5.0,4.0,5.0,5.0,5.0,5.0,5.0,5.0,5.0,5.0,7.0,5.0,5.0,4.0,5.0,5.0,4.0,5.0,5.0,5.0,5.0,5.0,5.0,6.0,4.0,5.0,5.0,5.0,5.0,5.0,5.0,5.0,5.0,5.0,5.0,4.0,5.0,5.0,5.0,4.0,5.0,4.0,4.0,6.0,5.0,5.0,5.0,7.0,5.0,5.0,5.0,4.0,4.0,5.0,5.0,4.0,5.0,5.0,5.0,5.0,4.0,4.0,4.0,5.0,5.0,5.0,5.0,5.0,5.0,6.0,4.0,5.0,4.0,5.0,5.0,4.0,7.0,5.0,5.0,5.0,5.0,7.0,5.0,5.0,5.0,5.0,5.0,5.0
3701,280.0,3.0,926.0,246.0,4.0,440.0,1052.0,882.0,880.0,4.0,441.0,174.0,878.0,893.0,3.0,3.0,965.0,4.0,3.0,3.0,4.0,1238.0,827.0,300.0,4.0,427.0,3.0,1094.0,3.0,4.0,1041.0,968.0,1134.0,168.0,3.0,1050.0,4.0,6.0,582.0,3.0,4.0,3.0,3.0,3.0,4.0,4.0,3.0,83.0,3.0,823.0,1245.0,4.0,4.0,4.0,1015.0,1100.0,3.0,853.0,1025.0,293.0,689.0,3.0,1117.0,1103.0,873.0,968.0,986.0,959.0,1092.0,56.0,4.0,1008.0,1082.0,950.0,3.0,1033.0,237.0,1127.0,362.0,3.0,116.0,3.0,4.0,1098.0,4.0,851.0,3.0,183.0,3.0,922.0,4.0,932.0,1100.0,3.0,995.0,835.0,3.0,960.0,998.0,295.0,3.0,1010.0,3.0,4.0,4.0,281.0,3.0,4.0,3.0,100.0,993.0,220.0,918.0,3.0,3.0,3.0,994.0,5.0,1012.0,3.0,1035.0,3.0,37.0,1018.0,4.0,3.0,3.0,4.0
3702,1.0,1.0,1.0,1.0,1.0,1.0,1.0,1.0,1.0,1.0,1.0,1.0,1.0,1.0,1.0,1.0,1.0,1.0,1.0,1.0,1.0,1.0,1.0,1.0,1.0,1.0,1.0,1.0,1.0,1.0,1.0,1.0,1.0,1.0,1.0,1.0,1.0,1.0,1.0,1.0,1.0,1.0,1.0,1.0,1.0,1.0,1.0,1.0,1.0,1.0,1.0,1.0,1.0,1.0,1.0,1.0,1.0,1.0,1.0,1.0,1.0,1.0,1.0,1.0,1.0,1.0,1.0,1.0,1.0,1.0,1.0,1.0,1.0,1.0,1.0,1.0,1.0,1.0,1.0,1.0,1.0,1.0,1.0,1.0,1.0,1.0,1.0,1.0,1.0,1.0,1.0,1.0,1.0,1.0,1.0,1.0,1.0,1.0,1.0,1.0,1.0,1.0,1.0,1.0,1.0,1.0,1.0,1.0,1.0,1.0,1.0,1.0,1.0,1.0,1.0,1.0,1.0,1.0,1.0,1.0,1.0,1.0,1.0,1.0,1.0,1.0,1.0,1.0
3703,7.0,6.0,10.0,2.0,12.0,8.0,7.0,9.0,6.0,6.0,7.0,7.0,5.0,13.0,8.0,6.0,11.0,6.0,7.0,8.0,8.0,12.0,7.0,851.0,9.0,7.0,4.0,6.0,11.0,5.0,12.0,6.0,6.0,11.0,5.0,904.0,13.0,12.0,8.0,7.0,6.0,10.0,3.0,5.0,12.0,11.0,9.0,6.0,5.0,8.0,3.0,879.0,3.0,4.0,6.0,845.0,7.0,7.0,6.0,3.0,6.0,6.0,8.0,3.0,3.0,11.0,6.0,8.0,6.0,6.0,11.0,10.0,7.0,6.0,13.0,838.0,13.0,857.0,10.0,13.0,12.0,14.0,7.0,8.0,4.0,11.0,13.0,4.0,6.0,8.0,899.0,14.0,11.0,11.0,13.0,7.0,5.0,15.0,8.0,6.0,3.0,5.0,754.0,13.0,3.0,7.0,11.0,12.0,5.0,5.0,11.0,7.0,7.0,685.0,7.0,6.0,9.0,11.0,4.0,12.0,7.0,3.0,6.0,5.0,3.0,6.0,6.0,843.0
3704,25.0,14.0,12.0,13.0,13.0,25.0,27.0,27.0,27.0,27.0,12.0,13.0,26.0,12.0,27.0,12.0,27.0,14.0,27.0,25.0,25.0,25.0,27.0,25.0,27.0,27.0,27.0,12.0,12.0,27.0,27.0,27.0,27.0,27.0,27.0,22.0,26.0,12.0,27.0,14.0,27.0,28.0,25.0,27.0,27.0,27.0,15.0,13.0,12.0,25.0,13.0,12.0,27.0,25.0,14.0,25.0,24.0,27.0,23.0,25.0,27.0,24.0,13.0,27.0,27.0,28.0,17.0,25.0,27.0,25.0,27.0,12.0,27.0,27.0,27.0,27.0,27.0,25.0,23.0,12.0,26.0,26.0,14.0,25.0,13.0,25.0,27.0,25.0,25.0,27.0,27.0,13.0,26.0,26.0,27.0,13.0,27.0,27.0,27.0,25.0,27.0,12.0,23.0,27.0,25.0,27.0,27.0,27.0,24.0,27.0,25.0,27.0,14.0,27.0,23.0,27.0,27.0,29.0,24.0,27.0,23.0,27.0,25.0,24.0,27.0,27.0,27.0,27.0
3705,199.0,177.0,174.0,185.0,160.0,184.0,172.0,166.0,173.0,188.0,185.0,184.0,175.0,166.0,172.0,190.0,160.0,184.0,187.0,188.0,189.0,185.0,185.0,176.0,174.0,184.0,176.0,180.0,170.0,163.0,177.0,190.0,184.0,168.0,184.0,165.0,180.0,170.0,170.0,185.0,187.0,182.0,197.0,191.0,182.0,191.0,178.0,174.0,170.0,182.0,166.0,175.0,172.0,182.0,197.0,179.0,180.0,174.0,180.0,179.0,184.0,180.0,175.0,175.0,175.0,178.0,181.0,175.0,174.0,182.0,179.0,205.0,190.0,177.0,178.0,167.0,185.0,196.0,181.0,176.0,175.0,176.0,183.0,190.0,180.0,178.0,174.0,171.0,179.0,165.0,162.0,179.0,178.0,175.0,182.0,190.0,176.0,178.0,202.0,179.0,160.0,184.0,167.0,182.0,179.0,176.0,175.0,198.0,181.0,175.0,173.0,195.0,183.0,181.0,186.0,194.0,170.0,181.0,182.0,171.0,167.0,192.0,181.0,173.0,195.0,174.0,178.0,184.0
3706,141.0,99.0,101.0,148.0,97.0,110.0,89.0,113.0,123.0,138.0,130.0,24.0,101.0,123.0,142.0,127.0,173.0,216.0,157.0,23.0,207.0,191.0,196.0,204.0,198.0,180.0,143.0,162.0,174.0,200.0,53.0,154.0,224.0,132.0,146.0,175.0,206.0,153.0,206.0,185.0,27.0,179.0,194.0,192.0,212.0,184.0,192.0,49.0,202.0,176.0,92.0,147.0,130.0,156.0,50.0,178.0,149.0,206.0,160.0,9.0,191.0,180.0,206.0,171.0,201.0,18.0,156.0,186.0,178.0,209.0,181.0,194.0,181.0,202.0,180.0,192.0,193.0,142.0,200.0,188.0,142.0,209.0,154.0,184.0,207.0,180.0,199.0,148.0,153.0,183.0,184.0,205.0,135.0,181.0,190.0,169.0,189.0,49.0,194.0,37.0,203.0,62.0,162.0,31.0,62.0,212.0,152.0,200.0,201.0,209.0,185.0,198.0,183.0,65.0,191.0,189.0,190.0,197.0,206.0,199.0,55.0,221.0,186.0,199.0,201.0,458.0,196.0,9.0
3711,138.0,94.0,136.0,88.0,81.0,76.0,79.0,89.0,129.0,74.0,74.0,71.0,87.0,82.0,78.0,79.0,117.0,163.0,131.0,137.0,132.0,125.0,138.0,201.0,116.0,140.0,125.0,128.0,124.0,119.0,152.0,114.0,146.0,126.0,195.0,122.0,146.0,130.0,137.0,128.0,128.0,128.0,133.0,153.0,191.0,197.0,124.0,139.0,126.0,170.0,127.0,130.0,136.0,155.0,132.0,127.0,120.0,148.0,137.0,138.0,152.0,127.0,128.0,132.0,125.0,131.0,160.0,172.0,125.0,107.0,123.0,128.0,149.0,190.0,138.0,131.0,112.0,134.0,53.0,156.0,147.0,128.0,107.0,122.0,162.0,166.0,154.0,130.0,136.0,104.0,173.0,117.0,138.0,123.0,157.0,141.0,129.0,191.0,103.0,138.0,132.0,129.0,142.0,132.0,145.0,129.0,141.0,196.0,143.0,130.0,106.0,120.0,121.0,132.0,137.0,127.0,190.0,120.0,150.0,127.0,140.0,133.0,189.0,123.0,123.0,118.0,124.0,144.0
3714,6.0,6.0,5.0,6.0,7.0,6.0,6.0,7.0,6.0,6.0,5.0,6.0,5.0,6.0,7.0,5.0,6.0,6.0,7.0,6.0,5.0,7.0,6.0,6.0,6.0,6.0,5.0,9.0,5.0,7.0,6.0,6.0,6.0,6.0,6.0,6.0,6.0,5.0,6.0,6.0,6.0,7.0,6.0,6.0,7.0,5.0,7.0,6.0,6.0,7.0,6.0,6.0,5.0,6.0,5.0,7.0,5.0,6.0,6.0,6.0,6.0,6.0,6.0,5.0,7.0,7.0,6.0,6.0,6.0,6.0,6.0,6.0,6.0,7.0,6.0,6.0,6.0,6.0,6.0,6.0,6.0,6.0,6.0,6.0,5.0,6.0,6.0,6.0,6.0,6.0,6.0,7.0,5.0,6.0,6.0,6.0,6.0,6.0,6.0,6.0,6.0,5.0,6.0,7.0,6.0,7.0,7.0,6.0,6.0,6.0,5.0,5.0,6.0,5.0,6.0,6.0,6.0,6.0,6.0,5.0,7.0,8.0,6.0,7.0,6.0,6.0,6.0,6.0
3715,21.0,22.0,23.0,22.0,23.0,23.0,22.0,23.0,21.0,23.0,23.0,22.0,21.0,23.0,23.0,20.0,22.0,22.0,22.0,22.0,23.0,23.0,21.0,22.0,21.0,24.0,22.0,22.0,22.0,23.0,23.0,23.0,22.0,24.0,23.0,23.0,23.0,21.0,22.0,23.0,22.0,23.0,23.0,22.0,23.0,22.0,23.0,23.0,22.0,24.0,22.0,23.0,23.0,23.0,22.0,23.0,21.0,22.0,24.0,23.0,20.0,21.0,21.0,23.0,23.0,23.0,21.0,22.0,23.0,22.0,22.0,22.0,22.0,23.0,22.0,23.0,22.0,23.0,22.0,23.0,20.0,23.0,22.0,23.0,22.0,24.0,24.0,23.0,22.0,22.0,22.0,23.0,21.0,22.0,23.0,21.0,22.0,22.0,22.0,21.0,22.0,22.0,23.0,23.0,22.0,22.0,23.0,23.0,21.0,22.0,22.0,22.0,21.0,23.0,23.0,23.0,22.0,23.0,22.0,21.0,22.0,23.0,22.0,24.0,23.0,23.0,23.0,23.0
3718,1.0,1.0,1.0,1.0,1.0,1.0,1.0,1.0,1.0,1.0,1.0,1.0,1.0,1.0,1.0,1.0,1.0,1.0,1.0,1.0,1.0,1.0,1.0,1.0,1.0,1.0,1.0,1.0,1.0,1.0,1.0,1.0,1.0,1.0,1.0,1.0,1.0,1.0,1.0,1.0,1.0,1.0,1.0,1.0,1.0,1.0,1.0,1.0,1.0,1.0,1.0,1.0,1.0,1.0,1.0,1.0,1.0,1.0,1.0,1.0,1.0,1.0,1.0,1.0,1.0,1.0,1.0,1.0,1.0,1.0,1.0,1.0,1.0,1.0,1.0,1.0,1.0,1.0,1.0,1.0,1.0,1.0,1.0,1.0,1.0,1.0,1.0,1.0,1.0,1.0,1.0,1.0,1.0,1.0,1.0,1.0,1.0,1.0,1.0,1.0,1.0,1.0,1.0,1.0,1.0,1.0,1.0,1.0,1.0,1.0,1.0,1.0,1.0,1.0,1.0,1.0,1.0,1.0,1.0,1.0,1.0,1.0,1.0,1.0,1.0,1.0,1.0,1.0
3720,2.0,2.0,2.0,2.0,2.0,2.0,2.0,2.0,2.0,2.0,2.0,2.0,2.0,2.0,2.0,2.0,2.0,2.0,2.0,2.0,2.0,2.0,2.0,2.0,2.0,2.0,2.0,2.0,2.0,2.0,2.0,2.0,2.0,2.0,2.0,2.0,2.0,2.0,2.0,2.0,2.0,2.0,2.0,2.0,2.0,2.0,2.0,2.0,2.0,2.0,2.0,2.0,2.0,2.0,2.0,2.0,2.0,2.0,2.0,2.0,2.0,2.0,2.0,2.0,2.0,2.0,2.0,2.0,2.0,2.0,2.0,2.0,2.0,2.0,2.0,2.0,2.0,2.0,2.0,2.0,2.0,2.0,2.0,2.0,2.0,2.0,2.0,2.0,2.0,2.0,2.0,2.0,2.0,2.0,2.0,2.0,2.0,2.0,2.0,2.0,2.0,2.0,2.0,2.0,2.0,2.0,2.0,2.0,2.0,2.0,2.0,2.0,2.0,2.0,2.0,2.0,2.0,2.0,2.0,2.0,2.0,2.0,2.0,2.0,2.0,1.0,2.0,2.0
3723,57.0,39.0,294.0,66.0,45.0,70.0,419.0,53.0,52.0,36.0,62.0,390.0,45.0,58.0,54.0,54.0,41.0,107.0,53.0,61.0,161.0,43.0,65.0,50.0,45.0,54.0,56.0,86.0,64.0,430.0,106.0,482.0,45.0,61.0,51.0,46.0,126.0,67.0,79.0,66.0,118.0,59.0,72.0,57.0,45.0,50.0,64.0,60.0,57.0,56.0,73.0,58.0,66.0,47.0,55.0,71.0,236.0,53.0,31.0,152.0,56.0,74.0,175.0,58.0,64.0,56.0,43.0,68.0,57.0,368.0,49.0,103.0,47.0,62.0,58.0,60.0,45.0,68.0,45.0,55.0,60.0,61.0,325.0,53.0,48.0,41.0,79.0,56.0,53.0,69.0,62.0,402.0,73.0,61.0,50.0,52.0,41.0,55.0,63.0,53.0,50.0,60.0,111.0,72.0,54.0,61.0,54.0,61.0,126.0,114.0,68.0,88.0,58.0,46.0,334.0,72.0,84.0,51.0,129.0,58.0,52.0,155.0,53.0,64.0,45.0,57.0,68.0,1361.0
3725,58.0,1044.0,972.0,1.0,1.0,6.0,2.0,913.0,1.0,1.0,2.0,380.0,1.0,1.0,1.0,1.0,2.0,2.0,1.0,1.0,31.0,1.0,1042.0,1.0,2.0,1039.0,1.0,1.0,1099.0,1.0,1.0,1.0,1.0,1.0,314.0,1002.0,1081.0,332.0,1076.0,1.0,1115.0,1.0,1.0,1.0,2.0,1.0,1113.0,999.0,979.0,965.0,50.0,2.0,1000.0,221.0,981.0,1.0,1146.0,1.0,1104.0,1020.0,97.0,1125.0,1.0,1128.0,1.0,1086.0,1035.0,1119.0,1312.0,1088.0,1114.0,1024.0,1.0,1.0,1.0,1049.0,1097.0,1163.0,235.0,1.0,1076.0,2.0,3.0,1.0,1057.0,1058.0,1.0,1053.0,1084.0,2.0,2.0,2.0,2.0,1144.0,1052.0,1081.0,1098.0,1.0,2.0,2.0,1046.0,61.0,1.0,1156.0,2.0,1038.0,1.0,277.0,1064.0,2.0,1047.0,777.0,677.0,1.0,1.0,1.0,455.0,1.0,291.0,1.0,1072.0,19.0,2.0,1.0,190.0,1135.0,1102.0,2.0
3728,9.0,8.0,9.0,9.0,10.0,9.0,8.0,9.0,8.0,9.0,9.0,9.0,8.0,10.0,10.0,9.0,8.0,11.0,9.0,9.0,8.0,9.0,8.0,8.0,8.0,9.0,8.0,8.0,8.0,10.0,8.0,9.0,9.0,8.0,9.0,8.0,9.0,10.0,9.0,9.0,9.0,8.0,8.0,8.0,9.0,9.0,8.0,9.0,8.0,8.0,9.0,11.0,10.0,8.0,8.0,8.0,9.0,8.0,9.0,8.0,10.0,9.0,9.0,10.0,10.0,9.0,8.0,10.0,9.0,9.0,10.0,8.0,8.0,9.0,9.0,10.0,9.0,9.0,8.0,9.0,9.0,9.0,9.0,9.0,10.0,8.0,10.0,10.0,9.0,8.0,8.0,9.0,8.0,9.0,10.0,8.0,9.0,10.0,10.0,9.0,8.0,8.0,8.0,10.0,8.0,9.0,9.0,8.0,9.0,8.0,8.0,10.0,10.0,10.0,10.0,10.0,8.0,9.0,9.0,9.0,9.0,9.0,9.0,10.0,8.0,9.0,8.0,9.0
3732,14.0,15.0,14.0,16.0,15.0,16.0,15.0,15.0,15.0,16.0,16.0,15.0,15.0,16.0,16.0,15.0,15.0,16.0,17.0,16.0,15.0,15.0,16.0,16.0,15.0,16.0,15.0,15.0,16.0,15.0,16.0,16.0,15.0,14.0,18.0,15.0,17.0,16.0,16.0,16.0,16.0,15.0,17.0,15.0,16.0,15.0,16.0,16.0,16.0,16.0,15.0,16.0,15.0,17.0,15.0,16.0,16.0,16.0,16.0,16.0,16.0,16.0,17.0,16.0,15.0,16.0,14.0,16.0,16.0,15.0,15.0,16.0,15.0,16.0,16.0,16.0,16.0,15.0,16.0,16.0,16.0,15.0,16.0,15.0,16.0,15.0,16.0,16.0,17.0,17.0,15.0,16.0,16.0,16.0,15.0,15.0,16.0,15.0,16.0,15.0,16.0,15.0,14.0,15.0,16.0,16.0,16.0,18.0,16.0,15.0,16.0,15.0,16.0,16.0,15.0,16.0,15.0,16.0,15.0,16.0,14.0,16.0,14.0,16.0,16.0,16.0,15.0,15.0
3733,204.0,16.0,17.0,19.0,18.0,17.0,18.0,19.0,19.0,18.0,17.0,18.0,19.0,19.0,17.0,18.0,18.0,18.0,18.0,19.0,18.0,19.0,17.0,18.0,18.0,18.0,17.0,19.0,19.0,17.0,18.0,17.0,19.0,17.0,19.0,18.0,19.0,18.0,19.0,17.0,19.0,18.0,22.0,19.0,19.0,18.0,19.0,18.0,19.0,18.0,19.0,19.0,19.0,18.0,19.0,19.0,18.0,19.0,16.0,17.0,19.0,16.0,18.0,19.0,19.0,19.0,19.0,18.0,17.0,16.0,19.0,19.0,19.0,18.0,19.0,18.0,17.0,18.0,19.0,17.0,18.0,17.0,19.0,18.0,19.0,19.0,19.0,18.0,18.0,17.0,18.0,18.0,17.0,19.0,18.0,17.0,17.0,18.0,19.0,18.0,18.0,17.0,18.0,18.0,17.0,19.0,18.0,17.0,19.0,18.0,17.0,19.0,17.0,19.0,19.0,19.0,18.0,19.0,19.0,19.0,19.0,18.0,17.0,19.0,19.0,19.0,19.0,18.0
3735,5.0,6.0,5.0,5.0,5.0,5.0,6.0,6.0,6.0,6.0,5.0,6.0,5.0,5.0,5.0,6.0,5.0,6.0,6.0,6.0,6.0,5.0,8.0,6.0,6.0,6.0,6.0,6.0,6.0,6.0,5.0,5.0,6.0,6.0,5.0,6.0,6.0,6.0,6.0,6.0,6.0,5.0,6.0,5.0,6.0,5.0,6.0,6.0,6.0,5.0,5.0,5.0,6.0,6.0,5.0,6.0,5.0,7.0,5.0,6.0,6.0,6.0,6.0,5.0,5.0,5.0,5.0,6.0,5.0,6.0,6.0,5.0,6.0,5.0,5.0,5.0,5.0,6.0,6.0,6.0,6.0,6.0,5.0,6.0,6.0,6.0,5.0,6.0,5.0,5.0,6.0,6.0,5.0,5.0,7.0,6.0,5.0,6.0,6.0,5.0,5.0,5.0,6.0,6.0,5.0,6.0,6.0,5.0,5.0,6.0,6.0,5.0,5.0,6.0,6.0,5.0,6.0,6.0,6.0,5.0,5.0,5.0,6.0,6.0,5.0,5.0,6.0,6.0
3738,7.0,7.0,7.0,7.0,7.0,7.0,6.0,7.0,6.0,7.0,6.0,7.0,6.0,6.0,6.0,7.0,7.0,7.0,7.0,8.0,7.0,7.0,6.0,5.0,6.0,7.0,6.0,7.0,7.0,6.0,7.0,7.0,7.0,6.0,7.0,6.0,6.0,7.0,7.0,7.0,6.0,6.0,6.0,8.0,6.0,6.0,7.0,6.0,7.0,7.0,6.0,7.0,7.0,6.0,6.0,6.0,6.0,7.0,6.0,6.0,7.0,8.0,6.0,7.0,7.0,7.0,7.0,7.0,6.0,7.0,6.0,6.0,7.0,6.0,6.0,7.0,8.0,7.0,6.0,7.0,7.0,5.0,6.0,7.0,7.0,7.0,6.0,6.0,7.0,6.0,6.0,6.0,6.0,6.0,5.0,7.0,7.0,6.0,6.0,6.0,7.0,7.0,7.0,6.0,6.0,6.0,6.0,7.0,7.0,6.0,5.0,6.0,6.0,6.0,7.0,7.0,6.0,6.0,7.0,6.0,7.0,6.0,7.0,7.0,7.0,6.0,7.0,6.0
3739,906.0,918.0,1010.0,902.0,1006.0,858.0,934.0,595.0,915.0,926.0,866.0,987.0,726.0,1019.0,919.0,868.0,923.0,908.0,1037.0,523.0,1003.0,889.0,983.0,484.0,1030.0,1036.0,524.0,1047.0,991.0,1005.0,951.0,1002.0,893.0,1025.0,933.0,1011.0,1119.0,926.0,896.0,511.0,1036.0,1013.0,873.0,1061.0,985.0,519.0,858.0,1012.0,872.0,945.0,921.0,1057.0,1028.0,974.0,1134.0,453.0,464.0,921.0,798.0,954.0,948.0,937.0,485.0,915.0,1050.0,512.0,900.0,1080.0,974.0,1078.0,1020.0,916.0,1031.0,814.0,887.0,867.0,781.0,876.0,624.0,973.0,1050.0,947.0,946.0,845.0,998.0,986.0,880.0,1033.0,534.0,870.0,421.0,943.0,1050.0,871.0,973.0,952.0,907.0,880.0,898.0,659.0,1002.0,1046.0,878.0,1011.0,969.0,890.0,1046.0,975.0,488.0,941.0,1002.0,1035.0,923.0,1047.0,600.0,886.0,934.0,1007.0,962.0,880.0,869.0,919.0,1026.0,940.0,910.0,1049.0,1004.0,943.0
3741,184.0,171.0,162.0,176.0,156.0,172.0,152.0,159.0,162.0,177.0,173.0,169.0,165.0,153.0,164.0,175.0,149.0,174.0,175.0,179.0,175.0,177.0,175.0,164.0,165.0,177.0,166.0,174.0,136.0,153.0,162.0,181.0,176.0,157.0,165.0,154.0,165.0,159.0,162.0,175.0,176.0,169.0,193.0,180.0,174.0,177.0,164.0,166.0,162.0,171.0,156.0,169.0,163.0,169.0,186.0,167.0,169.0,168.0,134.0,171.0,173.0,170.0,163.0,167.0,169.0,167.0,169.0,169.0,165.0,171.0,170.0,188.0,185.0,167.0,170.0,156.0,172.0,180.0,172.0,163.0,164.0,162.0,171.0,175.0,167.0,169.0,166.0,164.0,171.0,155.0,152.0,171.0,166.0,164.0,170.0,177.0,164.0,168.0,189.0,169.0,156.0,175.0,163.0,167.0,174.0,165.0,160.0,187.0,171.0,165.0,164.0,187.0,171.0,175.0,171.0,183.0,158.0,169.0,171.0,163.0,158.0,174.0,167.0,160.0,186.0,157.0,170.0,175.0
3742,1.0,759.0,1.0,1.0,759.0,1.0,1.0,768.0,1.0,759.0,1.0,771.0,1.0,1.0,1.0,1.0,903.0,903.0,850.0,928.0,1.0,1.0,893.0,1.0,1.0,914.0,1.0,1.0,955.0,1.0,894.0,916.0,1.0,1.0,871.0,938.0,911.0,1.0,885.0,1.0,1.0,1.0,1.0,857.0,904.0,1.0,894.0,1.0,883.0,1.0,922.0,922.0,876.0,1.0,736.0,1.0,899.0,1.0,907.0,861.0,1.0,1.0,904.0,1.0,918.0,847.0,866.0,1.0,1.0,900.0,1.0,1.0,1.0,1.0,906.0,1.0,892.0,881.0,1.0,1.0,1.0,886.0,897.0,898.0,904.0,1.0,866.0,871.0,1.0,890.0,1.0,893.0,880.0,883.0,869.0,900.0,1.0,892.0,1.0,1.0,865.0,1.0,1.0,900.0,877.0,1.0,1.0,1.0,1.0,865.0,1.0,840.0,1.0,1.0,1.0,1.0,879.0,1.0,868.0,1.0,965.0,880.0,903.0,1.0,942.0,885.0,1.0,1.0
3748,2.0,2.0,2.0,2.0,2.0,2.0,2.0,2.0,2.0,2.0,2.0,2.0,2.0,2.0,2.0,2.0,2.0,2.0,2.0,2.0,2.0,2.0,2.0,2.0,2.0,2.0,2.0,2.0,2.0,2.0,2.0,2.0,2.0,2.0,2.0,2.0,2.0,2.0,2.0,2.0,2.0,2.0,2.0,2.0,2.0,2.0,2.0,2.0,2.0,2.0,2.0,2.0,2.0,2.0,2.0,2.0,2.0,2.0,2.0,2.0,2.0,2.0,2.0,2.0,2.0,2.0,2.0,2.0,2.0,2.0,2.0,2.0,2.0,2.0,2.0,2.0,2.0,2.0,2.0,2.0,2.0,2.0,2.0,2.0,2.0,2.0,2.0,2.0,2.0,2.0,2.0,2.0,2.0,2.0,2.0,2.0,2.0,2.0,2.0,2.0,2.0,2.0,2.0,2.0,2.0,2.0,2.0,2.0,2.0,2.0,2.0,2.0,2.0,2.0,2.0,2.0,2.0,2.0,2.0,2.0,2.0,2.0,2.0,2.0,2.0,2.0,2.0,2.0
3749,202.0,21.0,19.0,198.0,19.0,187.0,19.0,178.0,25.0,26.0,19.0,20.0,24.0,23.0,22.0,199.0,19.0,191.0,19.0,21.0,196.0,193.0,20.0,19.0,190.0,19.0,19.0,196.0,25.0,19.0,19.0,19.0,26.0,19.0,25.0,22.0,190.0,20.0,21.0,19.0,201.0,19.0,217.0,197.0,21.0,21.0,21.0,19.0,180.0,25.0,21.0,24.0,186.0,18.0,21.0,21.0,21.0,22.0,20.0,20.0,21.0,19.0,20.0,188.0,24.0,19.0,27.0,19.0,19.0,19.0,25.0,20.0,200.0,25.0,19.0,19.0,21.0,209.0,22.0,19.0,19.0,19.0,25.0,19.0,24.0,20.0,28.0,19.0,19.0,19.0,19.0,19.0,18.0,187.0,19.0,19.0,18.0,19.0,215.0,22.0,20.0,199.0,18.0,28.0,17.0,187.0,19.0,22.0,195.0,19.0,19.0,25.0,19.0,21.0,21.0,205.0,19.0,24.0,23.0,180.0,23.0,19.0,19.0,22.0,25.0,25.0,190.0,189.0
3755,2.0,723.0,2.0,2.0,761.0,823.0,2.0,2.0,2.0,755.0,746.0,778.0,768.0,824.0,774.0,784.0,858.0,902.0,2.0,2.0,1.0,870.0,2.0,876.0,2.0,2.0,860.0,907.0,2.0,866.0,874.0,2.0,886.0,2.0,903.0,917.0,2.0,865.0,2.0,920.0,854.0,2.0,773.0,2.0,2.0,870.0,892.0,870.0,887.0,2.0,2.0,876.0,2.0,2.0,2.0,905.0,2.0,2.0,940.0,849.0,851.0,2.0,2.0,2.0,1.0,848.0,838.0,857.0,890.0,2.0,2.0,895.0,849.0,882.0,2.0,869.0,2.0,2.0,928.0,2.0,843.0,2.0,864.0,2.0,2.0,2.0,819.0,898.0,911.0,2.0,886.0,2.0,2.0,877.0,2.0,908.0,2.0,2.0,869.0,2.0,860.0,2.0,901.0,2.0,857.0,770.0,2.0,785.0,2.0,858.0,904.0,871.0,2.0,2.0,874.0,833.0,863.0,893.0,2.0,2.0,2.0,2.0,898.0,2.0,2.0,896.0,2.0,2.0
3756,7.0,7.0,9.0,8.0,8.0,7.0,7.0,9.0,8.0,8.0,9.0,7.0,9.0,8.0,8.0,8.0,8.0,7.0,8.0,8.0,8.0,8.0,9.0,10.0,8.0,8.0,8.0,7.0,8.0,9.0,7.0,8.0,8.0,8.0,8.0,9.0,8.0,8.0,7.0,8.0,7.0,7.0,8.0,7.0,8.0,8.0,8.0,9.0,9.0,7.0,7.0,8.0,8.0,7.0,7.0,8.0,8.0,10.0,8.0,7.0,10.0,8.0,8.0,8.0,9.0,9.0,8.0,9.0,10.0,8.0,9.0,7.0,8.0,7.0,8.0,8.0,8.0,9.0,7.0,9.0,7.0,9.0,7.0,8.0,9.0,9.0,8.0,8.0,8.0,8.0,9.0,9.0,7.0,8.0,8.0,9.0,9.0,8.0,8.0,8.0,7.0,7.0,8.0,8.0,7.0,8.0,8.0,7.0,8.0,8.0,7.0,7.0,7.0,8.0,9.0,7.0,8.0,8.0,8.0,7.0,7.0,7.0,11.0,8.0,7.0,8.0,7.0,7.0
3759,1.0,1.0,1.0,1.0,2.0,1.0,2.0,1.0,1.0,1.0,2.0,2.0,2.0,2.0,1.0,1.0,2.0,1.0,2.0,1.0,2.0,1.0,1.0,2.0,2.0,2.0,1.0,2.0,1.0,1.0,1.0,1.0,2.0,1.0,1.0,1.0,2.0,1.0,2.0,1.0,2.0,2.0,2.0,2.0,1.0,1.0,2.0,2.0,2.0,2.0,1.0,1.0,1.0,2.0,2.0,2.0,2.0,2.0,1.0,2.0,2.0,1.0,1.0,2.0,2.0,1.0,2.0,2.0,2.0,2.0,1.0,1.0,2.0,2.0,2.0,2.0,2.0,1.0,1.0,1.0,1.0,2.0,1.0,2.0,2.0,2.0,1.0,2.0,1.0,2.0,1.0,1.0,1.0,1.0,1.0,1.0,1.0,2.0,2.0,2.0,1.0,2.0,2.0,1.0,2.0,1.0,1.0,2.0,1.0,2.0,2.0,2.0,1.0,2.0,1.0,2.0,2.0,2.0,2.0,1.0,1.0,2.0,2.0,2.0,1.0,2.0,2.0,1.0
3763,4.0,4.0,4.0,4.0,4.0,4.0,4.0,4.0,4.0,4.0,4.0,4.0,4.0,4.0,4.0,4.0,4.0,4.0,4.0,4.0,4.0,4.0,4.0,4.0,4.0,4.0,4.0,4.0,4.0,4.0,4.0,4.0,4.0,4.0,4.0,4.0,4.0,4.0,4.0,4.0,4.0,4.0,4.0,4.0,4.0,4.0,4.0,4.0,4.0,4.0,4.0,4.0,4.0,4.0,4.0,4.0,4.0,4.0,4.0,4.0,4.0,4.0,4.0,4.0,4.0,4.0,4.0,4.0,4.0,4.0,4.0,4.0,4.0,4.0,4.0,4.0,4.0,4.0,4.0,4.0,4.0,4.0,4.0,4.0,4.0,4.0,4.0,4.0,4.0,4.0,4.0,4.0,4.0,4.0,4.0,4.0,4.0,4.0,4.0,4.0,4.0,4.0,4.0,4.0,4.0,4.0,4.0,4.0,4.0,4.0,4.0,4.0,4.0,4.0,4.0,4.0,4.0,4.0,4.0,4.0,4.0,4.0,4.0,4.0,4.0,4.0,4.0,4.0
3765,974.0,1.0,1.0,1.0,1.0,948.0,1.0,1.0,869.0,1.0,963.0,1.0,811.0,1.0,930.0,925.0,994.0,1070.0,1.0,1.0,999.0,1.0,1.0,1021.0,1016.0,1.0,1015.0,1.0,1.0,1.0,928.0,1044.0,1.0,1012.0,993.0,1.0,1.0,959.0,1004.0,1.0,983.0,995.0,936.0,922.0,1000.0,1.0,1003.0,1015.0,947.0,996.0,1.0,1.0,935.0,1.0,1.0,1.0,1.0,1.0,1026.0,1.0,1142.0,1.0,1040.0,993.0,1061.0,982.0,959.0,1010.0,1009.0,979.0,999.0,1.0,988.0,1.0,1.0,956.0,1011.0,1032.0,1.0,988.0,984.0,1026.0,1001.0,1.0,955.0,1.0,990.0,1.0,1.0,1004.0,1.0,1.0,1.0,986.0,1.0,1042.0,986.0,1.0,1.0,1020.0,1007.0,1058.0,1.0,915.0,989.0,1.0,978.0,1.0,1.0,1.0,1.0,1028.0,968.0,1.0,1.0,979.0,965.0,1070.0,962.0,960.0,996.0,1.0,1.0,1.0,983.0,1.0,1071.0,1.0
3767,2.0,2.0,2.0,2.0,2.0,2.0,2.0,2.0,2.0,2.0,2.0,2.0,2.0,2.0,2.0,2.0,2.0,2.0,2.0,2.0,2.0,2.0,2.0,2.0,2.0,2.0,2.0,2.0,2.0,2.0,2.0,2.0,2.0,2.0,2.0,2.0,2.0,2.0,2.0,2.0,2.0,2.0,2.0,2.0,2.0,2.0,2.0,2.0,2.0,2.0,2.0,2.0,2.0,2.0,2.0,2.0,2.0,2.0,2.0,2.0,2.0,2.0,2.0,2.0,2.0,2.0,2.0,2.0,2.0,2.0,2.0,2.0,2.0,2.0,2.0,2.0,2.0,2.0,2.0,2.0,2.0,2.0,2.0,2.0,2.0,2.0,2.0,2.0,2.0,2.0,2.0,2.0,2.0,2.0,2.0,2.0,2.0,2.0,2.0,2.0,2.0,2.0,2.0,2.0,2.0,2.0,2.0,2.0,2.0,2.0,2.0,2.0,2.0,2.0,2.0,2.0,2.0,2.0,2.0,2.0,2.0,2.0,2.0,2.0,2.0,2.0,2.0,2.0
3769,7.0,7.0,7.0,7.0,7.0,7.0,7.0,7.0,7.0,7.0,7.0,7.0,7.0,7.0,7.0,7.0,7.0,7.0,7.0,7.0,7.0,7.0,7.0,7.0,7.0,7.0,7.0,7.0,7.0,7.0,7.0,7.0,7.0,7.0,7.0,7.0,7.0,7.0,7.0,7.0,7.0,7.0,7.0,7.0,7.0,7.0,7.0,7.0,7.0,7.0,7.0,7.0,7.0,7.0,7.0,7.0,7.0,7.0,7.0,7.0,7.0,7.0,7.0,7.0,7.0,7.0,7.0,7.0,7.0,7.0,7.0,7.0,7.0,7.0,7.0,7.0,7.0,7.0,7.0,7.0,7.0,7.0,7.0,7.0,7.0,7.0,7.0,7.0,7.0,7.0,7.0,7.0,7.0,7.0,7.0,7.0,7.0,7.0,7.0,7.0,7.0,7.0,7.0,7.0,7.0,7.0,7.0,7.0,7.0,7.0,7.0,7.0,7.0,7.0,7.0,7.0,7.0,7.0,7.0,7.0,7.0,7.0,7.0,7.0,7.0,7.0,7.0,7.0
3772,100.0,96.0,106.0,101.0,89.0,91.0,79.0,84.0,94.0,81.0,105.0,112.0,94.0,99.0,105.0,97.0,94.0,103.0,102.0,94.0,83.0,91.0,93.0,109.0,89.0,105.0,95.0,90.0,97.0,100.0,94.0,93.0,107.0,90.0,108.0,91.0,88.0,105.0,102.0,91.0,103.0,102.0,100.0,88.0,94.0,89.0,93.0,86.0,78.0,93.0,96.0,95.0,82.0,92.0,100.0,92.0,110.0,90.0,108.0,93.0,105.0,94.0,92.0,89.0,112.0,83.0,99.0,95.0,105.0,90.0,92.0,87.0,92.0,83.0,98.0,91.0,89.0,87.0,106.0,97.0,112.0,103.0,97.0,113.0,99.0,95.0,101.0,97.0,94.0,111.0,109.0,93.0,94.0,82.0,97.0,104.0,106.0,80.0,94.0,105.0,104.0,110.0,99.0,89.0,79.0,104.0,88.0,118.0,103.0,106.0,91.0,89.0,86.0,101.0,95.0,106.0,92.0,113.0,103.0,106.0,109.0,96.0,97.0,111.0,89.0,117.0,97.0,104.0
3774,841.0,816.0,845.0,831.0,1.0,853.0,837.0,1.0,1.0,1.0,851.0,1.0,903.0,857.0,831.0,1.0,932.0,1.0,904.0,1.0,875.0,901.0,1.0,907.0,899.0,1.0,940.0,1.0,1.0,1.0,1.0,1.0,1.0,1.0,1.0,1.0,1.0,933.0,1.0,926.0,893.0,852.0,883.0,883.0,1.0,1.0,1.0,1.0,1.0,1.0,915.0,1.0,1.0,1.0,1.0,1.0,1.0,914.0,1.0,1.0,1.0,1.0,1.0,1.0,947.0,1.0,1.0,1.0,907.0,937.0,1.0,895.0,1.0,1.0,909.0,1.0,963.0,942.0,921.0,933.0,928.0,1.0,1.0,974.0,1.0,898.0,1.0,907.0,925.0,914.0,963.0,1.0,1.0,1.0,944.0,878.0,929.0,1.0,1.0,1.0,883.0,1.0,934.0,886.0,852.0,910.0,929.0,906.0,1.0,1.0,1.0,1.0,905.0,1.0,1.0,891.0,1.0,1.0,1.0,1.0,1.0,913.0,923.0,902.0,1.0,1.0,1.0,881.0
3777,3.0,3.0,3.0,3.0,3.0,3.0,3.0,3.0,3.0,3.0,3.0,3.0,3.0,3.0,3.0,3.0,3.0,3.0,3.0,3.0,3.0,3.0,3.0,3.0,3.0,3.0,3.0,3.0,3.0,3.0,3.0,3.0,3.0,3.0,3.0,3.0,3.0,3.0,3.0,3.0,3.0,3.0,3.0,3.0,3.0,3.0,3.0,3.0,3.0,3.0,3.0,3.0,3.0,3.0,3.0,3.0,3.0,3.0,3.0,3.0,3.0,3.0,3.0,3.0,3.0,3.0,3.0,3.0,3.0,3.0,3.0,3.0,3.0,3.0,3.0,3.0,3.0,3.0,3.0,3.0,3.0,3.0,3.0,3.0,3.0,3.0,3.0,3.0,3.0,3.0,3.0,3.0,3.0,3.0,3.0,3.0,3.0,3.0,3.0,3.0,3.0,3.0,3.0,3.0,3.0,3.0,3.0,3.0,3.0,3.0,3.0,3.0,3.0,3.0,3.0,3.0,3.0,3.0,3.0,3.0,3.0,3.0,3.0,3.0,3.0,3.0,3.0,3.0
3778,12.0,12.0,11.0,13.0,16.0,13.0,13.0,11.0,13.0,13.0,17.0,17.0,12.0,13.0,11.0,12.0,12.0,10.0,11.0,14.0,12.0,13.0,12.0,15.0,14.0,14.0,11.0,11.0,11.0,11.0,11.0,11.0,23.0,12.0,15.0,12.0,11.0,11.0,12.0,12.0,11.0,11.0,11.0,13.0,12.0,11.0,11.0,12.0,11.0,12.0,13.0,11.0,11.0,9.0,11.0,11.0,11.0,11.0,12.0,11.0,13.0,12.0,11.0,12.0,13.0,11.0,10.0,13.0,11.0,14.0,13.0,14.0,12.0,12.0,11.0,11.0,11.0,17.0,11.0,13.0,14.0,11.0,11.0,11.0,12.0,12.0,13.0,12.0,14.0,12.0,11.0,14.0,11.0,14.0,13.0,13.0,14.0,11.0,14.0,14.0,12.0,11.0,13.0,11.0,13.0,11.0,12.0,11.0,12.0,13.0,11.0,11.0,11.0,13.0,13.0,11.0,10.0,14.0,11.0,11.0,24.0,13.0,14.0,10.0,11.0,11.0,13.0,11.0
3779,2.0,2.0,2.0,2.0,2.0,2.0,2.0,2.0,2.0,2.0,2.0,2.0,2.0,2.0,2.0,2.0,2.0,2.0,2.0,2.0,2.0,2.0,2.0,2.0,2.0,2.0,2.0,2.0,2.0,2.0,2.0,2.0,2.0,2.0,2.0,2.0,2.0,2.0,2.0,2.0,2.0,2.0,2.0,2.0,2.0,2.0,2.0,2.0,2.0,2.0,2.0,2.0,2.0,2.0,2.0,2.0,2.0,2.0,2.0,2.0,2.0,2.0,2.0,2.0,2.0,2.0,2.0,2.0,2.0,2.0,2.0,2.0,2.0,2.0,2.0,2.0,2.0,2.0,2.0,2.0,2.0,2.0,2.0,2.0,2.0,2.0,2.0,2.0,2.0,2.0,2.0,2.0,2.0,2.0,2.0,2.0,2.0,2.0,2.0,2.0,2.0,2.0,2.0,2.0,2.0,2.0,2.0,2.0,2.0,2.0,2.0,2.0,2.0,2.0,2.0,2.0,2.0,2.0,2.0,2.0,2.0,2.0,2.0,2.0,2.0,2.0,2.0,2.0
3784,8.0,7.0,6.0,7.0,5.0,7.0,8.0,8.0,7.0,8.0,6.0,5.0,7.0,5.0,7.0,6.0,7.0,7.0,8.0,6.0,5.0,8.0,5.0,7.0,5.0,8.0,7.0,5.0,6.0,6.0,8.0,7.0,8.0,8.0,6.0,6.0,6.0,5.0,7.0,5.0,6.0,7.0,8.0,8.0,8.0,7.0,8.0,8.0,5.0,6.0,6.0,6.0,6.0,7.0,5.0,8.0,5.0,8.0,8.0,6.0,7.0,8.0,6.0,7.0,8.0,8.0,6.0,8.0,8.0,7.0,7.0,7.0,5.0,8.0,7.0,7.0,8.0,8.0,7.0,7.0,7.0,8.0,5.0,6.0,7.0,8.0,7.0,8.0,8.0,5.0,7.0,7.0,8.0,9.0,7.0,7.0,7.0,5.0,8.0,8.0,7.0,5.0,5.0,7.0,7.0,8.0,7.0,8.0,7.0,8.0,7.0,8.0,6.0,8.0,7.0,8.0,8.0,8.0,8.0,7.0,7.0,6.0,6.0,8.0,8.0,8.0,7.0,7.0
3787,1.0,1.0,1.0,1054.0,1028.0,1136.0,1126.0,1.0,975.0,1.0,1075.0,1.0,1059.0,1058.0,1108.0,1094.0,1074.0,1150.0,1.0,1.0,1117.0,1272.0,1.0,1140.0,1103.0,1238.0,1163.0,1.0,1.0,1293.0,1.0,1108.0,1.0,1.0,1.0,1185.0,1.0,1141.0,1.0,1102.0,1.0,1105.0,1.0,1.0,1.0,1238.0,1167.0,1123.0,1083.0,1105.0,1.0,1182.0,1130.0,1225.0,1038.0,1195.0,1160.0,1.0,1.0,1175.0,1.0,1.0,1189.0,1136.0,1201.0,1.0,1.0,1137.0,1.0,1186.0,1210.0,1058.0,1141.0,1.0,1.0,1.0,1.0,1.0,1058.0,1.0,1115.0,1.0,1318.0,1.0,1.0,1072.0,1164.0,1178.0,1184.0,1.0,1108.0,1.0,1210.0,1.0,1172.0,1193.0,1123.0,1174.0,1.0,1103.0,1.0,1.0,1112.0,1253.0,1321.0,1054.0,1187.0,1.0,1.0,1.0,1.0,1176.0,1098.0,1.0,1169.0,1.0,1066.0,1.0,1.0,1085.0,1.0,1.0,1.0,1047.0,1118.0,1.0,1.0,1171.0
3789,19.0,17.0,23.0,16.0,15.0,14.0,18.0,18.0,15.0,16.0,17.0,20.0,16.0,17.0,17.0,17.0,15.0,17.0,17.0,20.0,17.0,15.0,14.0,17.0,19.0,19.0,15.0,16.0,17.0,16.0,15.0,20.0,20.0,19.0,18.0,19.0,17.0,19.0,18.0,19.0,18.0,20.0,16.0,19.0,15.0,16.0,16.0,18.0,15.0,17.0,18.0,19.0,20.0,18.0,18.0,18.0,19.0,18.0,18.0,21.0,15.0,17.0,16.0,18.0,17.0,18.0,16.0,13.0,15.0,18.0,23.0,15.0,18.0,17.0,17.0,18.0,19.0,16.0,20.0,18.0,13.0,17.0,19.0,20.0,14.0,17.0,18.0,17.0,16.0,14.0,22.0,19.0,16.0,16.0,15.0,15.0,17.0,19.0,15.0,15.0,15.0,16.0,16.0,15.0,19.0,14.0,18.0,18.0,16.0,18.0,17.0,16.0,20.0,15.0,18.0,17.0,19.0,15.0,18.0,17.0,19.0,19.0,18.0,18.0,20.0,19.0,14.0,18.0
3793,88.0,67.0,74.0,83.0,98.0,72.0,78.0,90.0,96.0,94.0,83.0,74.0,90.0,75.0,83.0,71.0,128.0,105.0,113.0,116.0,114.0,136.0,126.0,118.0,125.0,109.0,124.0,121.0,109.0,121.0,117.0,122.0,102.0,111.0,115.0,136.0,131.0,112.0,108.0,124.0,118.0,117.0,116.0,111.0,117.0,124.0,125.0,120.0,105.0,112.0,133.0,146.0,109.0,135.0,114.0,116.0,100.0,130.0,117.0,119.0,112.0,122.0,113.0,129.0,148.0,109.0,108.0,125.0,133.0,118.0,117.0,123.0,134.0,107.0,111.0,122.0,130.0,118.0,128.0,130.0,106.0,136.0,123.0,108.0,127.0,111.0,129.0,106.0,127.0,108.0,114.0,125.0,107.0,133.0,110.0,110.0,111.0,132.0,120.0,123.0,129.0,116.0,122.0,111.0,125.0,127.0,119.0,119.0,117.0,124.0,119.0,108.0,108.0,109.0,124.0,106.0,145.0,129.0,115.0,113.0,120.0,122.0,117.0,116.0,103.0,110.0,131.0,137.0
3794,25.0,21.0,16.0,21.0,20.0,25.0,24.0,28.0,20.0,25.0,23.0,18.0,20.0,23.0,22.0,36.0,44.0,36.0,19.0,751.0,16.0,47.0,18.0,21.0,21.0,587.0,17.0,963.0,25.0,17.0,19.0,23.0,22.0,71.0,17.0,40.0,39.0,19.0,22.0,27.0,21.0,18.0,29.0,27.0,36.0,23.0,27.0,17.0,32.0,44.0,947.0,20.0,33.0,15.0,27.0,30.0,36.0,18.0,20.0,18.0,23.0,18.0,21.0,45.0,17.0,18.0,20.0,17.0,38.0,26.0,25.0,21.0,18.0,32.0,47.0,40.0,17.0,30.0,19.0,20.0,19.0,16.0,17.0,62.0,20.0,16.0,40.0,69.0,37.0,27.0,34.0,16.0,19.0,41.0,17.0,17.0,41.0,21.0,41.0,16.0,20.0,18.0,19.0,18.0,39.0,19.0,24.0,20.0,33.0,38.0,19.0,42.0,17.0,38.0,16.0,17.0,56.0,22.0,20.0,34.0,19.0,906.0,22.0,21.0,23.0,18.0,22.0,17.0
3798,84.0,121.0,45.0,107.0,122.0,122.0,168.0,97.0,142.0,113.0,131.0,140.0,115.0,99.0,106.0,118.0,120.0,124.0,160.0,112.0,218.0,135.0,106.0,49.0,134.0,173.0,85.0,40.0,52.0,124.0,47.0,48.0,38.0,130.0,50.0,134.0,98.0,119.0,111.0,124.0,162.0,45.0,50.0,50.0,674.0,130.0,696.0,116.0,140.0,136.0,57.0,169.0,834.0,51.0,52.0,58.0,45.0,950.0,99.0,122.0,43.0,42.0,121.0,40.0,36.0,89.0,90.0,129.0,119.0,53.0,143.0,56.0,58.0,116.0,123.0,41.0,43.0,49.0,169.0,132.0,131.0,109.0,54.0,130.0,37.0,113.0,676.0,45.0,54.0,42.0,129.0,119.0,42.0,123.0,56.0,116.0,41.0,103.0,124.0,135.0,47.0,92.0,129.0,192.0,52.0,119.0,108.0,54.0,123.0,132.0,129.0,130.0,36.0,51.0,50.0,163.0,125.0,112.0,110.0,90.0,49.0,50.0,119.0,59.0,117.0,162.0,48.0,146.0
3800,386.0,416.0,431.0,95.0,384.0,153.0,395.0,268.0,78.0,465.0,302.0,287.0,35.0,300.0,224.0,483.0,328.0,582.0,453.0,643.0,532.0,481.0,696.0,550.0,683.0,416.0,65.0,270.0,292.0,494.0,233.0,320.0,693.0,264.0,625.0,331.0,570.0,255.0,455.0,566.0,91.0,471.0,158.0,620.0,499.0,116.0,127.0,448.0,582.0,347.0,92.0,87.0,500.0,230.0,682.0,334.0,326.0,241.0,285.0,383.0,355.0,339.0,245.0,604.0,693.0,115.0,14.0,481.0,393.0,539.0,201.0,242.0,500.0,76.0,585.0,290.0,615.0,376.0,49.0,23.0,258.0,304.0,386.0,543.0,455.0,232.0,6.0,506.0,300.0,470.0,515.0,318.0,86.0,53.0,163.0,659.0,655.0,233.0,454.0,395.0,646.0,363.0,420.0,240.0,311.0,354.0,384.0,255.0,508.0,448.0,618.0,503.0,297.0,513.0,425.0,534.0,600.0,492.0,110.0,388.0,101.0,103.0,58.0,316.0,83.0,491.0,630.0,725.0
3802,35.0,28.0,34.0,27.0,23.0,32.0,33.0,27.0,32.0,32.0,22.0,34.0,30.0,29.0,33.0,30.0,43.0,34.0,39.0,35.0,46.0,47.0,47.0,49.0,30.0,44.0,34.0,47.0,50.0,49.0,30.0,35.0,37.0,32.0,48.0,31.0,36.0,37.0,44.0,32.0,42.0,38.0,33.0,46.0,50.0,30.0,36.0,39.0,17.0,39.0,39.0,44.0,34.0,31.0,45.0,46.0,37.0,36.0,31.0,22.0,42.0,47.0,43.0,28.0,39.0,32.0,39.0,45.0,40.0,42.0,31.0,31.0,36.0,33.0,24.0,33.0,38.0,32.0,44.0,46.0,32.0,22.0,37.0,41.0,34.0,26.0,29.0,35.0,31.0,35.0,31.0,39.0,37.0,46.0,40.0,32.0,25.0,37.0,31.0,38.0,45.0,34.0,45.0,28.0,36.0,37.0,42.0,52.0,38.0,42.0,46.0,23.0,41.0,33.0,36.0,32.0,41.0,43.0,30.0,30.0,31.0,39.0,37.0,33.0,38.0,40.0,45.0,50.0
3804,172.0,160.0,160.0,170.0,155.0,169.0,151.0,137.0,161.0,167.0,171.0,165.0,136.0,159.0,157.0,155.0,143.0,169.0,139.0,166.0,163.0,160.0,158.0,158.0,166.0,158.0,157.0,165.0,155.0,151.0,151.0,177.0,152.0,153.0,160.0,145.0,171.0,162.0,166.0,173.0,174.0,160.0,162.0,172.0,161.0,156.0,162.0,164.0,151.0,151.0,155.0,160.0,161.0,166.0,178.0,134.0,153.0,166.0,168.0,168.0,172.0,152.0,167.0,154.0,155.0,159.0,131.0,148.0,157.0,168.0,147.0,187.0,161.0,161.0,152.0,152.0,156.0,167.0,169.0,155.0,156.0,153.0,160.0,177.0,137.0,169.0,153.0,157.0,170.0,142.0,150.0,162.0,166.0,152.0,149.0,181.0,160.0,166.0,173.0,166.0,146.0,167.0,159.0,140.0,172.0,159.0,164.0,176.0,161.0,156.0,158.0,176.0,172.0,163.0,163.0,163.0,152.0,144.0,163.0,151.0,156.0,151.0,162.0,138.0,175.0,159.0,136.0,162.0
3806,927.0,988.0,919.0,2.0,456.0,2.0,1046.0,792.0,3.0,762.0,892.0,2.0,3.0,1308.0,2.0,988.0,1016.0,889.0,954.0,2.0,991.0,1453.0,173.0,2.0,994.0,3.0,755.0,734.0,938.0,746.0,932.0,851.0,817.0,756.0,978.0,1023.0,772.0,2.0,968.0,170.0,786.0,911.0,630.0,1030.0,867.0,957.0,875.0,904.0,604.0,496.0,3.0,702.0,897.0,923.0,962.0,968.0,824.0,1012.0,13.0,48.0,1016.0,818.0,22.0,893.0,746.0,912.0,1089.0,1087.0,1153.0,1128.0,893.0,906.0,2.0,794.0,5.0,908.0,683.0,961.0,638.0,538.0,959.0,922.0,2.0,979.0,960.0,1095.0,5.0,2.0,872.0,2.0,858.0,845.0,1002.0,3.0,161.0,1250.0,292.0,686.0,752.0,3.0,857.0,860.0,912.0,62.0,1452.0,2.0,766.0,813.0,824.0,43.0,962.0,1023.0,2.0,968.0,796.0,789.0,12.0,892.0,126.0,981.0,826.0,898.0,2.0,994.0,1352.0,980.0,495.0,842.0
3807,36.0,36.0,25.0,24.0,35.0,35.0,24.0,35.0,25.0,26.0,31.0,36.0,37.0,34.0,25.0,25.0,35.0,32.0,36.0,37.0,26.0,36.0,36.0,26.0,34.0,36.0,35.0,25.0,28.0,36.0,24.0,26.0,24.0,24.0,36.0,35.0,36.0,36.0,35.0,35.0,35.0,35.0,36.0,25.0,23.0,35.0,34.0,24.0,25.0,36.0,26.0,35.0,36.0,26.0,23.0,36.0,35.0,35.0,35.0,36.0,36.0,35.0,26.0,25.0,25.0,37.0,25.0,35.0,35.0,36.0,35.0,26.0,36.0,36.0,35.0,26.0,37.0,25.0,27.0,34.0,37.0,36.0,35.0,37.0,34.0,24.0,34.0,26.0,34.0,34.0,36.0,37.0,26.0,37.0,35.0,35.0,34.0,36.0,34.0,26.0,26.0,36.0,23.0,24.0,36.0,26.0,37.0,24.0,35.0,26.0,33.0,34.0,36.0,25.0,25.0,32.0,23.0,36.0,36.0,35.0,35.0,25.0,34.0,35.0,26.0,36.0,35.0,24.0
3808,1.0,1.0,1.0,1.0,1.0,1.0,1.0,1.0,1.0,1.0,1.0,1.0,1.0,1.0,1.0,1.0,1.0,1.0,1.0,1.0,1.0,1.0,1.0,1.0,1.0,1.0,1.0,1.0,1.0,1.0,1.0,1.0,1.0,1.0,1.0,1.0,1.0,1.0,1.0,1.0,1.0,1.0,1.0,1.0,1.0,1.0,1.0,1.0,1.0,1.0,1.0,1.0,1.0,1.0,1.0,1.0,1.0,1.0,1.0,1.0,1.0,1.0,1.0,1.0,1.0,1.0,1.0,1.0,1.0,1.0,1.0,1.0,1.0,1.0,1.0,1.0,1.0,1.0,1.0,1.0,1.0,1.0,1.0,1.0,1.0,1.0,1.0,1.0,1.0,1.0,1.0,1.0,1.0,1.0,1.0,1.0,1.0,1.0,1.0,1.0,1.0,1.0,1.0,1.0,1.0,1.0,1.0,1.0,1.0,1.0,1.0,1.0,1.0,1.0,1.0,1.0,1.0,1.0,1.0,1.0,1.0,1.0,1.0,1.0,1.0,1.0,1.0,1.0
3814,22.0,22.0,23.0,22.0,23.0,24.0,22.0,24.0,21.0,23.0,23.0,22.0,21.0,24.0,23.0,20.0,23.0,22.0,23.0,23.0,23.0,23.0,21.0,22.0,21.0,25.0,22.0,23.0,22.0,23.0,23.0,24.0,22.0,24.0,23.0,24.0,23.0,21.0,23.0,23.0,22.0,24.0,24.0,22.0,24.0,23.0,23.0,24.0,22.0,25.0,22.0,23.0,23.0,24.0,22.0,24.0,21.0,22.0,24.0,23.0,20.0,22.0,21.0,23.0,24.0,24.0,21.0,23.0,24.0,22.0,23.0,23.0,23.0,24.0,23.0,23.0,22.0,24.0,23.0,24.0,20.0,24.0,23.0,24.0,22.0,25.0,24.0,23.0,22.0,23.0,22.0,23.0,22.0,22.0,24.0,22.0,22.0,23.0,22.0,22.0,22.0,22.0,24.0,24.0,22.0,22.0,24.0,24.0,21.0,23.0,22.0,22.0,22.0,23.0,24.0,23.0,23.0,24.0,23.0,22.0,23.0,24.0,22.0,25.0,23.0,24.0,23.0,24.0
3815,657.0,5.0,425.0,703.0,751.0,7.0,628.0,5.0,824.0,5.0,7.0,6.0,7.0,798.0,27.0,605.0,912.0,7.0,5.0,399.0,820.0,676.0,708.0,672.0,7.0,721.0,713.0,30.0,836.0,609.0,7.0,22.0,373.0,578.0,63.0,6.0,8.0,604.0,369.0,5.0,693.0,651.0,5.0,6.0,857.0,8.0,7.0,680.0,6.0,22.0,574.0,1125.0,5.0,804.0,6.0,5.0,7.0,5.0,18.0,31.0,5.0,41.0,8.0,34.0,631.0,515.0,728.0,47.0,666.0,10.0,860.0,575.0,353.0,366.0,11.0,646.0,755.0,766.0,631.0,6.0,6.0,7.0,20.0,7.0,850.0,16.0,415.0,11.0,8.0,689.0,830.0,708.0,7.0,7.0,7.0,8.0,317.0,6.0,10.0,594.0,28.0,190.0,38.0,956.0,882.0,7.0,10.0,214.0,321.0,24.0,6.0,10.0,610.0,17.0,7.0,13.0,54.0,733.0,13.0,652.0,777.0,772.0,7.0,902.0,6.0,853.0,178.0,5.0
3819,7.0,7.0,5.0,5.0,7.0,6.0,7.0,7.0,5.0,7.0,8.0,7.0,5.0,6.0,5.0,7.0,10.0,7.0,7.0,11.0,5.0,8.0,7.0,5.0,7.0,10.0,6.0,7.0,7.0,5.0,5.0,7.0,4.0,19.0,5.0,6.0,7.0,7.0,7.0,7.0,7.0,4.0,7.0,6.0,7.0,7.0,6.0,7.0,6.0,6.0,17.0,5.0,8.0,4.0,7.0,7.0,7.0,7.0,7.0,6.0,7.0,7.0,6.0,8.0,5.0,4.0,7.0,6.0,9.0,5.0,6.0,7.0,6.0,10.0,12.0,6.0,5.0,7.0,5.0,6.0,7.0,5.0,5.0,10.0,5.0,7.0,7.0,9.0,8.0,7.0,11.0,4.0,5.0,9.0,7.0,4.0,8.0,6.0,7.0,5.0,5.0,5.0,4.0,7.0,6.0,6.0,7.0,5.0,7.0,20.0,5.0,7.0,5.0,7.0,5.0,5.0,10.0,6.0,7.0,9.0,7.0,10.0,5.0,6.0,5.0,5.0,5.0,7.0
3823,667.0,136.0,208.0,335.0,95.0,234.0,262.0,224.0,139.0,530.0,514.0,128.0,143.0,416.0,520.0,306.0,204.0,337.0,170.0,126.0,390.0,368.0,142.0,759.0,363.0,438.0,112.0,456.0,133.0,346.0,524.0,117.0,116.0,129.0,385.0,219.0,412.0,248.0,110.0,255.0,377.0,231.0,385.0,346.0,123.0,204.0,317.0,130.0,137.0,119.0,526.0,264.0,193.0,488.0,226.0,347.0,502.0,579.0,402.0,221.0,437.0,162.0,456.0,344.0,144.0,441.0,362.0,473.0,203.0,375.0,211.0,212.0,412.0,441.0,519.0,115.0,481.0,94.0,646.0,346.0,526.0,409.0,110.0,191.0,127.0,281.0,323.0,128.0,368.0,179.0,204.0,116.0,122.0,125.0,129.0,133.0,689.0,139.0,548.0,149.0,238.0,173.0,114.0,128.0,331.0,498.0,184.0,259.0,248.0,430.0,159.0,127.0,132.0,241.0,125.0,510.0,435.0,292.0,126.0,516.0,139.0,129.0,271.0,379.0,240.0,373.0,136.0,356.0
3824,6.0,6.0,5.0,6.0,5.0,5.0,5.0,5.0,6.0,6.0,6.0,5.0,5.0,6.0,5.0,6.0,5.0,5.0,6.0,5.0,5.0,6.0,6.0,5.0,5.0,6.0,5.0,6.0,5.0,6.0,6.0,6.0,5.0,6.0,6.0,5.0,6.0,6.0,5.0,5.0,6.0,5.0,6.0,6.0,6.0,6.0,6.0,6.0,5.0,5.0,6.0,6.0,6.0,6.0,6.0,6.0,6.0,6.0,6.0,5.0,5.0,6.0,6.0,6.0,6.0,5.0,6.0,6.0,5.0,5.0,6.0,6.0,5.0,5.0,5.0,5.0,6.0,6.0,5.0,6.0,5.0,6.0,6.0,5.0,6.0,5.0,6.0,6.0,6.0,6.0,5.0,5.0,5.0,6.0,6.0,5.0,5.0,6.0,6.0,5.0,5.0,6.0,5.0,6.0,6.0,6.0,5.0,5.0,6.0,5.0,5.0,6.0,6.0,5.0,5.0,6.0,5.0,6.0,5.0,6.0,6.0,6.0,6.0,6.0,5.0,6.0,5.0,6.0
3825,954.0,1.0,1.0,1.0,1.0,1.0,951.0,926.0,898.0,1.0,1.0,1.0,964.0,1.0,955.0,1.0,1.0,1.0,1039.0,1.0,1043.0,1083.0,1.0,1015.0,1.0,1.0,993.0,1041.0,1.0,1.0,1.0,1666.0,1654.0,1189.0,1.0,1602.0,1.0,1.0,1027.0,1051.0,1433.0,1.0,1033.0,1.0,1033.0,1.0,1592.0,1.0,1.0,1.0,1.0,1003.0,1.0,1.0,998.0,1043.0,1030.0,1575.0,1.0,1.0,1.0,1050.0,1.0,987.0,1028.0,1671.0,1.0,1.0,1115.0,1.0,1033.0,1.0,1.0,1.0,1059.0,1033.0,1.0,1088.0,1.0,1092.0,1.0,1.0,1.0,1.0,1.0,1015.0,1018.0,1075.0,1061.0,1.0,1.0,1.0,1031.0,1038.0,1.0,1.0,1005.0,1661.0,1.0,1572.0,1039.0,1638.0,1.0,1.0,1046.0,1.0,1010.0,1020.0,1032.0,1.0,1069.0,1.0,1.0,1250.0,1.0,1.0,1057.0,1.0,1034.0,1030.0,1638.0,1.0,1.0,1051.0,1031.0,1.0,1.0,1012.0
3826,6.0,6.0,6.0,6.0,6.0,6.0,6.0,6.0,6.0,6.0,6.0,6.0,6.0,6.0,6.0,6.0,6.0,6.0,6.0,6.0,6.0,6.0,6.0,6.0,6.0,6.0,6.0,6.0,6.0,6.0,6.0,6.0,6.0,6.0,6.0,6.0,6.0,6.0,6.0,6.0,6.0,6.0,6.0,6.0,6.0,6.0,6.0,6.0,6.0,6.0,6.0,6.0,6.0,6.0,6.0,6.0,6.0,6.0,6.0,6.0,6.0,6.0,6.0,6.0,6.0,6.0,6.0,6.0,6.0,6.0,6.0,6.0,6.0,6.0,6.0,6.0,6.0,6.0,6.0,6.0,6.0,6.0,6.0,6.0,6.0,6.0,6.0,6.0,7.0,6.0,6.0,6.0,6.0,6.0,6.0,6.0,6.0,6.0,6.0,7.0,6.0,6.0,6.0,6.0,6.0,6.0,6.0,7.0,6.0,6.0,6.0,6.0,6.0,6.0,6.0,6.0,6.0,6.0,6.0,6.0,6.0,6.0,6.0,6.0,6.0,6.0,6.0,6.0
3827,190.0,173.0,167.0,179.0,160.0,181.0,167.0,164.0,169.0,181.0,178.0,174.0,171.0,162.0,169.0,181.0,158.0,179.0,181.0,184.0,183.0,181.0,181.0,173.0,171.0,181.0,173.0,177.0,167.0,166.0,170.0,181.0,182.0,166.0,173.0,161.0,172.0,164.0,166.0,180.0,183.0,176.0,196.0,188.0,180.0,184.0,168.0,172.0,170.0,171.0,159.0,175.0,168.0,176.0,192.0,171.0,173.0,169.0,178.0,174.0,179.0,172.0,173.0,169.0,173.0,171.0,176.0,175.0,174.0,178.0,175.0,196.0,189.0,177.0,176.0,165.0,179.0,184.0,178.0,170.0,170.0,170.0,178.0,181.0,174.0,173.0,170.0,167.0,172.0,167.0,159.0,178.0,172.0,167.0,171.0,183.0,168.0,176.0,196.0,172.0,159.0,177.0,168.0,173.0,177.0,169.0,168.0,193.0,179.0,168.0,172.0,191.0,175.0,176.0,175.0,183.0,171.0,173.0,176.0,167.0,167.0,187.0,173.0,167.0,187.0,166.0,175.0,177.0
3829,334.0,225.0,353.0,381.0,239.0,312.0,361.0,351.0,323.0,353.0,291.0,384.0,304.0,365.0,347.0,293.0,280.0,359.0,348.0,386.0,278.0,340.0,342.0,360.0,360.0,386.0,276.0,406.0,218.0,306.0,318.0,365.0,414.0,352.0,339.0,313.0,352.0,260.0,297.0,320.0,360.0,296.0,398.0,407.0,309.0,310.0,355.0,307.0,317.0,336.0,355.0,303.0,362.0,273.0,329.0,345.0,339.0,334.0,290.0,331.0,331.0,339.0,325.0,334.0,310.0,351.0,367.0,330.0,349.0,272.0,358.0,400.0,404.0,369.0,413.0,358.0,242.0,333.0,325.0,356.0,327.0,307.0,365.0,356.0,410.0,355.0,273.0,360.0,399.0,329.0,222.0,236.0,234.0,351.0,390.0,360.0,305.0,354.0,472.0,364.0,344.0,337.0,386.0,338.0,328.0,382.0,371.0,269.0,318.0,346.0,334.0,355.0,367.0,288.0,344.0,391.0,396.0,296.0,384.0,327.0,388.0,354.0,327.0,322.0,345.0,208.0,320.0,316.0
3831,6.0,6.0,6.0,6.0,6.0,6.0,6.0,6.0,6.0,6.0,6.0,6.0,6.0,6.0,6.0,6.0,6.0,6.0,6.0,6.0,6.0,6.0,6.0,6.0,6.0,6.0,6.0,6.0,6.0,6.0,6.0,6.0,6.0,6.0,6.0,6.0,6.0,6.0,6.0,6.0,6.0,6.0,6.0,6.0,6.0,6.0,6.0,6.0,6.0,6.0,6.0,6.0,6.0,6.0,6.0,6.0,6.0,6.0,6.0,6.0,6.0,6.0,6.0,6.0,6.0,6.0,6.0,6.0,6.0,6.0,6.0,6.0,6.0,6.0,6.0,6.0,6.0,6.0,6.0,6.0,6.0,6.0,6.0,6.0,6.0,6.0,6.0,6.0,6.0,6.0,6.0,6.0,6.0,6.0,6.0,6.0,6.0,6.0,6.0,6.0,6.0,6.0,6.0,6.0,6.0,6.0,6.0,6.0,6.0,6.0,6.0,6.0,6.0,6.0,6.0,6.0,6.0,6.0,6.0,6.0,6.0,6.0,6.0,6.0,6.0,6.0,6.0,6.0
3832,1.0,1.0,1.0,1.0,1.0,1.0,1.0,1.0,1.0,1.0,1.0,1.0,1.0,1.0,1.0,1.0,1.0,1.0,1.0,1.0,1.0,1.0,1.0,1.0,1.0,1.0,1.0,1.0,1.0,1.0,1.0,1.0,1.0,1.0,1.0,1.0,1.0,1.0,1.0,1.0,1.0,1.0,1.0,1.0,1.0,1.0,1.0,1.0,1.0,1.0,1.0,1.0,1.0,1.0,1.0,1.0,1.0,1.0,1.0,1.0,1.0,1.0,1.0,1.0,1.0,1.0,1.0,1.0,1.0,1.0,1.0,1.0,1.0,1.0,1.0,1.0,1.0,1.0,1.0,1.0,1.0,1.0,1.0,1.0,1.0,1.0,1.0,1.0,1.0,1.0,1.0,1.0,1.0,1.0,1.0,1.0,1.0,1.0,1.0,1.0,1.0,1.0,1.0,1.0,1.0,1.0,1.0,1.0,1.0,1.0,1.0,1.0,1.0,1.0,1.0,1.0,1.0,1.0,1.0,1.0,1.0,1.0,1.0,1.0,1.0,1.0,1.0,1.0
3835,13.0,93.0,34.0,238.0,75.0,13.0,48.0,37.0,9.0,25.0,17.0,28.0,13.0,9.0,21.0,27.0,13.0,9.0,24.0,13.0,17.0,28.0,35.0,40.0,13.0,217.0,41.0,11.0,19.0,23.0,18.0,173.0,26.0,18.0,30.0,28.0,18.0,13.0,11.0,112.0,9.0,188.0,33.0,40.0,13.0,58.0,36.0,99.0,29.0,20.0,28.0,30.0,31.0,58.0,255.0,15.0,27.0,61.0,18.0,11.0,31.0,22.0,8.0,49.0,19.0,17.0,23.0,33.0,13.0,38.0,200.0,7.0,14.0,208.0,32.0,18.0,12.0,48.0,27.0,51.0,12.0,19.0,9.0,11.0,26.0,21.0,8.0,138.0,242.0,121.0,9.0,31.0,9.0,124.0,16.0,46.0,13.0,31.0,30.0,65.0,15.0,18.0,27.0,22.0,23.0,40.0,27.0,26.0,31.0,185.0,28.0,23.0,132.0,19.0,38.0,20.0,19.0,21.0,8.0,38.0,38.0,44.0,15.0,204.0,49.0,22.0,39.0,14.0
3840,559.0,751.0,689.0,49.0,10.0,874.0,7.0,734.0,706.0,925.0,53.0,780.0,552.0,885.0,517.0,870.0,10.0,910.0,947.0,826.0,916.0,811.0,7.0,49.0,761.0,602.0,42.0,9.0,826.0,853.0,45.0,896.0,949.0,21.0,923.0,570.0,24.0,46.0,44.0,700.0,540.0,749.0,7.0,7.0,1030.0,7.0,902.0,11.0,8.0,8.0,8.0,924.0,874.0,975.0,607.0,5.0,1035.0,781.0,15.0,40.0,10.0,759.0,7.0,788.0,1027.0,617.0,41.0,972.0,1036.0,1066.0,982.0,738.0,762.0,1028.0,920.0,7.0,62.0,849.0,982.0,5.0,7.0,630.0,851.0,666.0,7.0,537.0,13.0,7.0,840.0,767.0,7.0,933.0,629.0,967.0,56.0,831.0,36.0,41.0,10.0,509.0,656.0,7.0,742.0,958.0,9.0,45.0,7.0,1046.0,996.0,7.0,679.0,586.0,32.0,7.0,831.0,912.0,1049.0,970.0,33.0,885.0,934.0,22.0,8.0,42.0,869.0,561.0,699.0,537.0
3846,14.0,14.0,14.0,14.0,14.0,14.0,15.0,14.0,13.0,14.0,14.0,14.0,14.0,14.0,14.0,14.0,13.0,14.0,15.0,14.0,14.0,13.0,14.0,14.0,14.0,14.0,14.0,14.0,14.0,14.0,14.0,13.0,13.0,14.0,14.0,13.0,14.0,15.0,14.0,14.0,14.0,14.0,13.0,14.0,14.0,14.0,13.0,13.0,14.0,14.0,14.0,14.0,14.0,14.0,14.0,12.0,14.0,13.0,12.0,14.0,14.0,14.0,14.0,14.0,14.0,13.0,15.0,14.0,14.0,14.0,14.0,13.0,13.0,13.0,14.0,13.0,14.0,14.0,13.0,14.0,14.0,15.0,14.0,16.0,14.0,12.0,14.0,14.0,14.0,13.0,14.0,14.0,14.0,14.0,13.0,14.0,14.0,12.0,15.0,14.0,13.0,15.0,15.0,14.0,13.0,13.0,14.0,14.0,14.0,13.0,14.0,14.0,14.0,14.0,14.0,14.0,13.0,14.0,14.0,14.0,13.0,14.0,14.0,14.0,13.0,14.0,14.0,14.0
3848,194.0,177.0,180.0,188.0,169.0,185.0,175.0,168.0,176.0,188.0,184.0,182.0,175.0,170.0,173.0,187.0,167.0,189.0,186.0,191.0,192.0,186.0,184.0,174.0,183.0,189.0,178.0,187.0,174.0,172.0,175.0,191.0,189.0,176.0,180.0,169.0,182.0,173.0,168.0,188.0,191.0,181.0,199.0,191.0,184.0,193.0,175.0,180.0,176.0,177.0,164.0,180.0,176.0,179.0,198.0,180.0,179.0,178.0,183.0,183.0,185.0,178.0,181.0,174.0,177.0,177.0,180.0,184.0,178.0,185.0,180.0,202.0,193.0,180.0,180.0,174.0,190.0,193.0,182.0,177.0,175.0,176.0,183.0,193.0,184.0,177.0,175.0,173.0,178.0,173.0,162.0,184.0,177.0,176.0,178.0,192.0,177.0,183.0,203.0,182.0,165.0,185.0,177.0,183.0,182.0,175.0,172.0,198.0,187.0,175.0,175.0,197.0,183.0,181.0,186.0,191.0,174.0,183.0,182.0,173.0,174.0,190.0,182.0,172.0,193.0,172.0,181.0,184.0
3849,5.0,5.0,6.0,5.0,5.0,5.0,6.0,5.0,5.0,5.0,6.0,5.0,5.0,5.0,5.0,5.0,5.0,5.0,5.0,5.0,6.0,5.0,5.0,5.0,5.0,4.0,6.0,5.0,5.0,5.0,5.0,5.0,5.0,5.0,5.0,5.0,5.0,5.0,5.0,5.0,5.0,881.0,5.0,5.0,5.0,5.0,5.0,5.0,5.0,5.0,5.0,5.0,4.0,5.0,5.0,5.0,900.0,5.0,5.0,4.0,4.0,5.0,5.0,5.0,5.0,5.0,5.0,5.0,5.0,5.0,5.0,5.0,5.0,4.0,5.0,5.0,5.0,5.0,5.0,5.0,5.0,5.0,5.0,5.0,5.0,5.0,5.0,5.0,5.0,5.0,5.0,5.0,5.0,5.0,5.0,5.0,5.0,5.0,5.0,4.0,5.0,5.0,5.0,5.0,5.0,5.0,5.0,5.0,5.0,5.0,5.0,5.0,5.0,5.0,6.0,5.0,5.0,5.0,5.0,5.0,5.0,5.0,6.0,5.0,6.0,5.0,5.0,5.0
3853,2.0,2.0,2.0,2.0,2.0,2.0,2.0,2.0,2.0,2.0,2.0,2.0,2.0,2.0,2.0,2.0,2.0,2.0,2.0,2.0,2.0,2.0,2.0,2.0,2.0,2.0,2.0,2.0,2.0,2.0,2.0,2.0,2.0,2.0,2.0,2.0,2.0,2.0,2.0,2.0,2.0,2.0,2.0,2.0,2.0,2.0,2.0,2.0,2.0,2.0,2.0,2.0,2.0,2.0,2.0,2.0,2.0,2.0,2.0,2.0,2.0,2.0,2.0,2.0,2.0,2.0,2.0,2.0,2.0,2.0,2.0,2.0,2.0,2.0,2.0,2.0,2.0,2.0,2.0,2.0,2.0,2.0,2.0,2.0,2.0,2.0,2.0,2.0,2.0,2.0,2.0,2.0,2.0,2.0,2.0,2.0,2.0,2.0,2.0,2.0,2.0,2.0,2.0,2.0,2.0,2.0,2.0,2.0,2.0,2.0,2.0,2.0,2.0,2.0,2.0,2.0,2.0,2.0,2.0,2.0,2.0,2.0,2.0,2.0,2.0,2.0,2.0,2.0
3854,5.0,5.0,5.0,5.0,5.0,5.0,5.0,5.0,5.0,5.0,5.0,5.0,5.0,5.0,5.0,5.0,5.0,5.0,5.0,5.0,5.0,5.0,5.0,5.0,5.0,5.0,5.0,5.0,5.0,5.0,5.0,5.0,5.0,5.0,5.0,5.0,5.0,5.0,5.0,5.0,5.0,5.0,5.0,5.0,5.0,5.0,5.0,5.0,5.0,5.0,5.0,5.0,5.0,5.0,5.0,5.0,5.0,5.0,5.0,5.0,5.0,5.0,5.0,5.0,5.0,4.0,5.0,5.0,5.0,5.0,5.0,5.0,5.0,5.0,5.0,5.0,5.0,5.0,5.0,5.0,5.0,5.0,5.0,5.0,5.0,5.0,5.0,5.0,5.0,5.0,5.0,5.0,5.0,5.0,5.0,5.0,5.0,5.0,5.0,5.0,5.0,5.0,5.0,5.0,5.0,5.0,5.0,5.0,5.0,5.0,5.0,5.0,5.0,5.0,5.0,5.0,5.0,5.0,5.0,5.0,5.0,5.0,5.0,5.0,5.0,5.0,5.0,5.0
3858,15.0,9.0,26.0,8.0,14.0,19.0,9.0,14.0,10.0,21.0,17.0,39.0,10.0,11.0,19.0,9.0,14.0,11.0,20.0,16.0,46.0,8.0,13.0,8.0,21.0,8.0,21.0,14.0,21.0,22.0,21.0,24.0,19.0,8.0,20.0,7.0,8.0,23.0,15.0,17.0,38.0,8.0,18.0,18.0,22.0,9.0,20.0,33.0,17.0,19.0,14.0,20.0,929.0,19.0,20.0,22.0,19.0,18.0,38.0,18.0,23.0,25.0,19.0,23.0,18.0,16.0,11.0,13.0,17.0,14.0,17.0,19.0,17.0,9.0,17.0,24.0,21.0,15.0,15.0,21.0,8.0,24.0,8.0,23.0,20.0,18.0,19.0,16.0,23.0,15.0,18.0,22.0,8.0,9.0,8.0,9.0,17.0,11.0,23.0,46.0,20.0,15.0,18.0,15.0,8.0,18.0,16.0,17.0,21.0,12.0,21.0,17.0,19.0,22.0,19.0,35.0,16.0,52.0,26.0,18.0,20.0,20.0,10.0,18.0,16.0,19.0,17.0,17.0
3860,171.0,10.0,6.0,9.0,6.0,9.0,6.0,12.0,9.0,10.0,6.0,7.0,7.0,6.0,7.0,11.0,6.0,9.0,6.0,8.0,10.0,9.0,6.0,6.0,7.0,7.0,6.0,9.0,9.0,8.0,7.0,9.0,7.0,7.0,8.0,7.0,8.0,6.0,7.0,7.0,10.0,6.0,9.0,8.0,7.0,7.0,7.0,5.0,9.0,9.0,6.0,8.0,8.0,8.0,7.0,6.0,7.0,7.0,7.0,8.0,9.0,7.0,7.0,9.0,7.0,6.0,10.0,6.0,7.0,6.0,9.0,7.0,10.0,7.0,7.0,6.0,6.0,9.0,10.0,7.0,7.0,7.0,9.0,6.0,7.0,7.0,10.0,6.0,7.0,6.0,7.0,7.0,6.0,7.0,7.0,6.0,6.0,6.0,7.0,8.0,7.0,6.0,6.0,8.0,7.0,8.0,5.0,7.0,10.0,10.0,6.0,8.0,7.0,7.0,7.0,9.0,6.0,10.0,10.0,8.0,6.0,7.0,6.0,7.0,8.0,7.0,8.0,7.0
3861,10.0,8.0,10.0,10.0,9.0,9.0,10.0,10.0,10.0,9.0,10.0,10.0,10.0,9.0,8.0,10.0,10.0,9.0,8.0,9.0,9.0,8.0,8.0,9.0,9.0,8.0,9.0,10.0,8.0,9.0,9.0,9.0,10.0,9.0,9.0,9.0,9.0,8.0,10.0,9.0,10.0,9.0,10.0,10.0,9.0,9.0,10.0,10.0,9.0,8.0,8.0,10.0,10.0,10.0,10.0,9.0,8.0,8.0,8.0,9.0,10.0,8.0,9.0,10.0,10.0,10.0,10.0,10.0,10.0,8.0,10.0,10.0,10.0,9.0,8.0,10.0,9.0,9.0,10.0,10.0,9.0,9.0,10.0,9.0,10.0,10.0,10.0,9.0,8.0,9.0,8.0,10.0,9.0,10.0,9.0,8.0,10.0,10.0,9.0,9.0,9.0,9.0,10.0,9.0,8.0,8.0,9.0,9.0,10.0,9.0,9.0,9.0,8.0,8.0,8.0,9.0,8.0,8.0,10.0,8.0,10.0,10.0,10.0,9.0,10.0,9.0,10.0,9.0
3863,81.0,122.0,266.0,131.0,215.0,248.0,206.0,115.0,124.0,205.0,362.0,105.0,187.0,33.0,352.0,148.0,163.0,120.0,211.0,208.0,165.0,116.0,101.0,113.0,300.0,241.0,126.0,265.0,467.0,133.0,119.0,136.0,270.0,186.0,288.0,145.0,111.0,231.0,20.0,113.0,111.0,125.0,791.0,106.0,126.0,221.0,701.0,140.0,105.0,531.0,136.0,293.0,529.0,308.0,265.0,110.0,382.0,323.0,144.0,132.0,214.0,224.0,375.0,222.0,254.0,104.0,263.0,129.0,473.0,268.0,805.0,145.0,114.0,245.0,575.0,399.0,452.0,214.0,115.0,146.0,242.0,177.0,114.0,353.0,123.0,168.0,125.0,139.0,456.0,453.0,270.0,251.0,260.0,122.0,133.0,324.0,129.0,117.0,143.0,208.0,199.0,265.0,112.0,117.0,121.0,332.0,20.0,616.0,371.0,119.0,157.0,230.0,218.0,116.0,735.0,139.0,127.0,183.0,871.0,105.0,264.0,311.0,156.0,158.0,250.0,133.0,114.0,220.0
3866,10.0,11.0,11.0,12.0,12.0,11.0,14.0,12.0,23.0,11.0,11.0,12.0,11.0,10.0,12.0,10.0,13.0,10.0,10.0,9.0,10.0,12.0,9.0,9.0,11.0,11.0,10.0,13.0,11.0,10.0,12.0,10.0,10.0,10.0,10.0,14.0,11.0,11.0,10.0,11.0,10.0,11.0,11.0,10.0,10.0,10.0,10.0,11.0,10.0,11.0,10.0,10.0,11.0,11.0,10.0,13.0,11.0,9.0,15.0,10.0,14.0,12.0,10.0,10.0,12.0,11.0,10.0,10.0,19.0,11.0,22.0,11.0,11.0,15.0,11.0,12.0,11.0,11.0,13.0,13.0,11.0,10.0,13.0,12.0,10.0,13.0,11.0,10.0,10.0,17.0,10.0,9.0,10.0,12.0,11.0,11.0,11.0,10.0,12.0,10.0,11.0,10.0,10.0,15.0,10.0,11.0,11.0,10.0,10.0,12.0,11.0,10.0,10.0,12.0,10.0,11.0,9.0,11.0,13.0,21.0,11.0,11.0,12.0,14.0,10.0,12.0,11.0,11.0
3867,21.0,22.0,23.0,22.0,23.0,23.0,22.0,24.0,21.0,23.0,23.0,22.0,21.0,23.0,23.0,20.0,22.0,22.0,23.0,22.0,23.0,23.0,22.0,22.0,21.0,24.0,22.0,23.0,22.0,23.0,23.0,23.0,22.0,24.0,23.0,23.0,23.0,21.0,22.0,23.0,22.0,24.0,24.0,22.0,23.0,22.0,23.0,23.0,22.0,24.0,22.0,23.0,23.0,23.0,22.0,23.0,21.0,22.0,24.0,23.0,20.0,21.0,21.0,23.0,23.0,24.0,21.0,22.0,24.0,22.0,22.0,22.0,23.0,24.0,22.0,23.0,22.0,23.0,23.0,23.0,20.0,23.0,22.0,23.0,22.0,24.0,24.0,23.0,22.0,23.0,22.0,23.0,21.0,22.0,23.0,21.0,22.0,22.0,22.0,21.0,22.0,22.0,24.0,24.0,22.0,22.0,23.0,23.0,21.0,22.0,22.0,22.0,22.0,23.0,23.0,23.0,22.0,24.0,23.0,22.0,22.0,23.0,22.0,24.0,23.0,23.0,23.0,24.0
3868,7.0,7.0,7.0,8.0,7.0,7.0,6.0,7.0,8.0,7.0,7.0,7.0,8.0,8.0,6.0,8.0,7.0,7.0,8.0,7.0,6.0,7.0,7.0,7.0,7.0,8.0,8.0,8.0,8.0,7.0,7.0,8.0,8.0,8.0,8.0,8.0,8.0,7.0,8.0,8.0,7.0,7.0,7.0,7.0,6.0,8.0,8.0,8.0,7.0,7.0,7.0,8.0,8.0,6.0,7.0,6.0,7.0,7.0,7.0,6.0,8.0,7.0,7.0,6.0,8.0,8.0,8.0,7.0,6.0,7.0,7.0,8.0,8.0,6.0,6.0,7.0,7.0,7.0,7.0,8.0,6.0,6.0,9.0,7.0,8.0,7.0,7.0,7.0,7.0,8.0,7.0,7.0,6.0,7.0,6.0,6.0,8.0,8.0,6.0,6.0,8.0,7.0,8.0,8.0,8.0,7.0,9.0,6.0,8.0,7.0,7.0,7.0,7.0,7.0,7.0,6.0,7.0,6.0,8.0,8.0,9.0,8.0,8.0,8.0,8.0,7.0,8.0,8.0
3870,5.0,5.0,5.0,5.0,5.0,5.0,5.0,5.0,5.0,5.0,5.0,5.0,5.0,5.0,5.0,5.0,5.0,5.0,5.0,5.0,5.0,5.0,5.0,5.0,5.0,5.0,5.0,5.0,5.0,5.0,5.0,5.0,5.0,5.0,5.0,5.0,5.0,5.0,5.0,5.0,5.0,5.0,5.0,5.0,5.0,5.0,5.0,5.0,5.0,5.0,5.0,5.0,5.0,5.0,5.0,5.0,5.0,5.0,5.0,5.0,5.0,5.0,5.0,5.0,5.0,5.0,5.0,5.0,5.0,5.0,5.0,5.0,5.0,5.0,5.0,5.0,5.0,5.0,5.0,5.0,5.0,5.0,5.0,5.0,5.0,5.0,5.0,5.0,5.0,5.0,5.0,5.0,5.0,5.0,5.0,5.0,5.0,5.0,5.0,5.0,5.0,5.0,5.0,5.0,5.0,5.0,5.0,5.0,5.0,5.0,5.0,5.0,5.0,5.0,5.0,5.0,5.0,5.0,5.0,5.0,5.0,5.0,5.0,5.0,5.0,5.0,5.0,5.0
3871,4.0,5.0,5.0,5.0,5.0,5.0,6.0,5.0,5.0,5.0,5.0,5.0,5.0,5.0,5.0,5.0,5.0,5.0,5.0,5.0,5.0,5.0,4.0,5.0,5.0,5.0,5.0,5.0,5.0,5.0,5.0,5.0,5.0,5.0,5.0,5.0,5.0,5.0,5.0,4.0,5.0,5.0,5.0,5.0,5.0,5.0,5.0,5.0,4.0,5.0,5.0,5.0,5.0,5.0,5.0,5.0,5.0,5.0,5.0,5.0,6.0,5.0,5.0,5.0,5.0,5.0,5.0,5.0,5.0,4.0,5.0,5.0,5.0,5.0,5.0,5.0,5.0,5.0,5.0,4.0,5.0,5.0,5.0,6.0,5.0,5.0,5.0,5.0,5.0,5.0,7.0,5.0,4.0,5.0,5.0,5.0,5.0,6.0,5.0,5.0,5.0,5.0,5.0,5.0,4.0,5.0,5.0,5.0,5.0,5.0,5.0,5.0,5.0,5.0,5.0,5.0,5.0,5.0,5.0,5.0,5.0,5.0,5.0,4.0,5.0,5.0,5.0,5.0
3872,5.0,5.0,5.0,5.0,5.0,5.0,5.0,5.0,5.0,5.0,5.0,5.0,5.0,5.0,5.0,5.0,5.0,5.0,5.0,6.0,5.0,5.0,6.0,5.0,5.0,5.0,5.0,5.0,5.0,5.0,6.0,6.0,6.0,6.0,5.0,5.0,5.0,6.0,5.0,5.0,5.0,6.0,5.0,5.0,5.0,5.0,5.0,5.0,5.0,5.0,6.0,6.0,5.0,6.0,5.0,5.0,5.0,5.0,5.0,5.0,5.0,5.0,5.0,5.0,5.0,698.0,6.0,6.0,5.0,5.0,6.0,5.0,6.0,5.0,5.0,5.0,5.0,5.0,6.0,6.0,5.0,5.0,5.0,5.0,5.0,5.0,5.0,5.0,5.0,5.0,5.0,5.0,5.0,5.0,6.0,5.0,5.0,5.0,5.0,5.0,5.0,5.0,6.0,5.0,5.0,5.0,5.0,5.0,6.0,5.0,5.0,5.0,6.0,5.0,5.0,5.0,5.0,5.0,5.0,6.0,5.0,5.0,5.0,6.0,6.0,6.0,6.0,5.0
3875,17.0,38.0,101.0,19.0,27.0,14.0,28.0,13.0,29.0,13.0,38.0,212.0,17.0,12.0,42.0,32.0,14.0,15.0,24.0,85.0,55.0,17.0,145.0,6.0,13.0,47.0,220.0,48.0,252.0,15.0,31.0,12.0,8.0,15.0,171.0,193.0,19.0,26.0,21.0,277.0,9.0,49.0,15.0,14.0,13.0,21.0,29.0,51.0,104.0,12.0,14.0,145.0,256.0,44.0,5.0,5.0,37.0,194.0,14.0,11.0,619.0,22.0,15.0,14.0,35.0,30.0,154.0,223.0,7.0,19.0,264.0,26.0,10.0,307.0,14.0,16.0,14.0,768.0,22.0,22.0,13.0,96.0,11.0,16.0,20.0,20.0,8.0,12.0,205.0,16.0,51.0,153.0,15.0,22.0,759.0,21.0,12.0,52.0,101.0,22.0,17.0,33.0,60.0,12.0,19.0,36.0,5.0,34.0,14.0,702.0,147.0,24.0,25.0,57.0,14.0,20.0,65.0,59.0,17.0,8.0,23.0,18.0,19.0,21.0,13.0,41.0,59.0,14.0
3878,5.0,5.0,5.0,5.0,5.0,5.0,5.0,5.0,5.0,5.0,5.0,5.0,5.0,5.0,5.0,5.0,5.0,5.0,5.0,5.0,5.0,5.0,5.0,5.0,5.0,5.0,5.0,5.0,5.0,5.0,5.0,5.0,5.0,5.0,5.0,5.0,5.0,5.0,5.0,5.0,5.0,5.0,5.0,5.0,5.0,5.0,5.0,5.0,5.0,5.0,5.0,5.0,5.0,5.0,5.0,5.0,5.0,5.0,5.0,5.0,5.0,5.0,5.0,5.0,5.0,5.0,5.0,5.0,5.0,5.0,5.0,5.0,5.0,5.0,5.0,5.0,5.0,5.0,5.0,5.0,5.0,5.0,5.0,5.0,5.0,5.0,5.0,5.0,5.0,5.0,5.0,5.0,5.0,5.0,5.0,5.0,5.0,5.0,5.0,5.0,5.0,5.0,5.0,5.0,5.0,5.0,5.0,5.0,5.0,5.0,5.0,5.0,5.0,5.0,5.0,5.0,5.0,5.0,5.0,5.0,5.0,5.0,5.0,5.0,5.0,5.0,5.0,5.0
3879,8.0,8.0,8.0,9.0,8.0,9.0,8.0,8.0,9.0,8.0,8.0,9.0,8.0,8.0,8.0,8.0,8.0,8.0,9.0,8.0,8.0,8.0,9.0,8.0,8.0,9.0,8.0,8.0,8.0,8.0,8.0,9.0,8.0,9.0,9.0,8.0,8.0,8.0,8.0,8.0,8.0,8.0,9.0,8.0,8.0,8.0,8.0,8.0,8.0,8.0,9.0,8.0,8.0,8.0,8.0,7.0,8.0,9.0,8.0,8.0,8.0,8.0,8.0,9.0,8.0,8.0,8.0,8.0,8.0,8.0,8.0,8.0,9.0,9.0,9.0,9.0,8.0,8.0,8.0,8.0,9.0,9.0,8.0,8.0,9.0,8.0,8.0,8.0,8.0,8.0,8.0,8.0,8.0,8.0,8.0,8.0,8.0,8.0,8.0,8.0,8.0,8.0,8.0,9.0,9.0,9.0,9.0,8.0,8.0,8.0,8.0,8.0,8.0,8.0,8.0,9.0,8.0,9.0,8.0,8.0,7.0,9.0,8.0,8.0,9.0,9.0,8.0,9.0
3880,12.0,12.0,11.0,11.0,9.0,12.0,12.0,12.0,12.0,12.0,12.0,12.0,12.0,12.0,12.0,12.0,12.0,12.0,12.0,12.0,12.0,12.0,12.0,12.0,12.0,12.0,12.0,12.0,10.0,12.0,12.0,12.0,12.0,12.0,12.0,11.0,12.0,12.0,12.0,12.0,12.0,12.0,12.0,12.0,12.0,12.0,9.0,12.0,12.0,12.0,12.0,12.0,11.0,12.0,12.0,12.0,12.0,12.0,12.0,12.0,12.0,12.0,12.0,12.0,12.0,12.0,12.0,10.0,12.0,12.0,11.0,11.0,12.0,11.0,12.0,11.0,12.0,12.0,12.0,12.0,12.0,11.0,11.0,12.0,12.0,12.0,12.0,12.0,12.0,12.0,11.0,12.0,12.0,9.0,12.0,12.0,12.0,11.0,12.0,12.0,12.0,12.0,12.0,11.0,12.0,11.0,12.0,12.0,12.0,12.0,10.0,12.0,11.0,12.0,11.0,12.0,12.0,12.0,12.0,12.0,12.0,12.0,11.0,12.0,12.0,12.0,11.0,12.0
3887,8.0,8.0,8.0,8.0,8.0,8.0,8.0,8.0,8.0,8.0,8.0,8.0,8.0,8.0,8.0,8.0,8.0,8.0,8.0,8.0,8.0,8.0,8.0,8.0,8.0,8.0,8.0,8.0,8.0,8.0,8.0,8.0,8.0,8.0,8.0,8.0,8.0,8.0,8.0,8.0,8.0,8.0,8.0,8.0,8.0,8.0,8.0,8.0,8.0,8.0,8.0,8.0,8.0,8.0,8.0,8.0,8.0,8.0,8.0,8.0,8.0,8.0,8.0,8.0,8.0,8.0,8.0,8.0,8.0,8.0,8.0,8.0,8.0,8.0,8.0,8.0,8.0,8.0,8.0,8.0,8.0,8.0,8.0,8.0,8.0,8.0,8.0,8.0,8.0,8.0,8.0,8.0,8.0,8.0,8.0,8.0,8.0,8.0,8.0,8.0,8.0,8.0,8.0,8.0,8.0,8.0,8.0,8.0,8.0,8.0,8.0,8.0,8.0,8.0,8.0,8.0,8.0,8.0,8.0,8.0,8.0,8.0,8.0,8.0,8.0,8.0,8.0,8.0
3894,1.0,1083.0,1150.0,481.0,1097.0,294.0,1.0,1110.0,1082.0,916.0,592.0,1.0,1168.0,1091.0,1.0,642.0,392.0,1.0,1191.0,1053.0,1.0,1108.0,1180.0,1055.0,471.0,677.0,1120.0,493.0,551.0,920.0,559.0,606.0,1.0,1.0,518.0,1037.0,486.0,469.0,1152.0,387.0,426.0,1.0,415.0,1048.0,1218.0,418.0,378.0,1143.0,1155.0,1203.0,400.0,1163.0,599.0,568.0,760.0,465.0,695.0,448.0,470.0,602.0,655.0,1.0,708.0,474.0,1.0,1157.0,780.0,714.0,462.0,600.0,1.0,360.0,456.0,492.0,1067.0,1197.0,885.0,1.0,1.0,417.0,1118.0,564.0,1085.0,932.0,1138.0,346.0,1.0,1158.0,773.0,316.0,1128.0,1.0,1.0,1.0,1.0,1.0,490.0,1202.0,1234.0,1.0,1114.0,1.0,1234.0,1203.0,1145.0,1.0,1.0,1.0,418.0,459.0,1116.0,1.0,1.0,496.0,1097.0,892.0,472.0,1211.0,1055.0,715.0,1187.0,1110.0,388.0,503.0,1.0,565.0,1.0,448.0
3895,18.0,84.0,820.0,14.0,40.0,20.0,76.0,75.0,18.0,44.0,31.0,33.0,25.0,696.0,78.0,103.0,847.0,101.0,22.0,17.0,10.0,693.0,30.0,72.0,85.0,7.0,23.0,6.0,52.0,664.0,54.0,5.0,10.0,38.0,32.0,30.0,6.0,76.0,22.0,25.0,33.0,5.0,49.0,5.0,22.0,5.0,5.0,78.0,39.0,5.0,977.0,84.0,61.0,25.0,91.0,6.0,547.0,47.0,33.0,10.0,59.0,31.0,688.0,91.0,37.0,5.0,848.0,84.0,22.0,12.0,112.0,20.0,32.0,144.0,790.0,19.0,89.0,37.0,84.0,100.0,5.0,22.0,79.0,123.0,90.0,739.0,34.0,30.0,372.0,24.0,1088.0,19.0,23.0,183.0,5.0,26.0,87.0,73.0,106.0,9.0,15.0,61.0,13.0,24.0,1046.0,661.0,16.0,14.0,56.0,5.0,21.0,5.0,53.0,38.0,5.0,32.0,687.0,850.0,47.0,784.0,49.0,918.0,31.0,76.0,24.0,979.0,29.0,20.0
3898,3.0,3.0,3.0,3.0,3.0,3.0,3.0,3.0,3.0,3.0,3.0,3.0,3.0,3.0,3.0,3.0,3.0,3.0,3.0,3.0,3.0,3.0,3.0,3.0,3.0,3.0,3.0,3.0,3.0,3.0,3.0,3.0,3.0,3.0,3.0,3.0,3.0,3.0,3.0,3.0,3.0,3.0,3.0,3.0,3.0,3.0,3.0,3.0,3.0,3.0,3.0,3.0,3.0,3.0,3.0,3.0,3.0,3.0,3.0,3.0,3.0,3.0,3.0,3.0,3.0,3.0,3.0,3.0,3.0,3.0,3.0,3.0,3.0,3.0,3.0,3.0,3.0,3.0,3.0,3.0,3.0,3.0,3.0,3.0,3.0,3.0,3.0,3.0,3.0,3.0,3.0,3.0,3.0,3.0,3.0,3.0,3.0,3.0,3.0,3.0,3.0,3.0,3.0,3.0,3.0,3.0,3.0,3.0,3.0,3.0,3.0,3.0,3.0,3.0,3.0,3.0,3.0,3.0,3.0,3.0,3.0,3.0,3.0,3.0,3.0,3.0,3.0,3.0
3899,8.0,5.0,7.0,793.0,742.0,684.0,6.0,8.0,8.0,8.0,6.0,8.0,191.0,6.0,8.0,5.0,5.0,5.0,5.0,901.0,7.0,5.0,19.0,623.0,401.0,8.0,6.0,6.0,840.0,720.0,7.0,12.0,8.0,6.0,9.0,27.0,8.0,11.0,448.0,8.0,5.0,13.0,5.0,5.0,8.0,31.0,5.0,7.0,18.0,6.0,6.0,8.0,5.0,844.0,5.0,5.0,6.0,6.0,7.0,8.0,6.0,6.0,5.0,5.0,8.0,777.0,759.0,12.0,8.0,5.0,731.0,8.0,1094.0,405.0,7.0,8.0,8.0,769.0,5.0,5.0,5.0,5.0,10.0,21.0,24.0,5.0,6.0,8.0,470.0,8.0,8.0,25.0,5.0,6.0,5.0,6.0,8.0,7.0,8.0,5.0,7.0,9.0,5.0,5.0,760.0,15.0,7.0,7.0,8.0,80.0,8.0,305.0,8.0,14.0,6.0,7.0,5.0,6.0,6.0,18.0,28.0,7.0,6.0,761.0,8.0,19.0,880.0,6.0
3900,11.0,10.0,24.0,89.0,77.0,14.0,104.0,84.0,16.0,14.0,78.0,14.0,75.0,89.0,93.0,14.0,83.0,64.0,15.0,149.0,12.0,17.0,60.0,74.0,158.0,118.0,79.0,15.0,14.0,16.0,76.0,13.0,43.0,124.0,14.0,18.0,14.0,144.0,148.0,44.0,11.0,15.0,16.0,167.0,154.0,108.0,86.0,10.0,59.0,16.0,15.0,14.0,107.0,165.0,138.0,75.0,13.0,48.0,15.0,96.0,15.0,98.0,16.0,159.0,84.0,78.0,179.0,89.0,16.0,181.0,15.0,109.0,71.0,16.0,85.0,57.0,86.0,147.0,15.0,94.0,15.0,93.0,172.0,204.0,97.0,92.0,17.0,56.0,80.0,99.0,16.0,70.0,23.0,91.0,131.0,89.0,14.0,11.0,14.0,87.0,138.0,17.0,73.0,16.0,16.0,38.0,129.0,54.0,51.0,69.0,16.0,91.0,100.0,122.0,15.0,16.0,107.0,134.0,150.0,81.0,76.0,11.0,82.0,15.0,91.0,107.0,15.0,15.0
3902,145.0,123.0,133.0,109.0,120.0,136.0,127.0,135.0,143.0,136.0,133.0,129.0,139.0,121.0,107.0,104.0,183.0,171.0,199.0,147.0,189.0,180.0,197.0,191.0,206.0,158.0,197.0,184.0,186.0,182.0,186.0,187.0,176.0,190.0,159.0,204.0,220.0,197.0,183.0,183.0,183.0,184.0,191.0,180.0,197.0,190.0,188.0,178.0,190.0,194.0,178.0,202.0,199.0,191.0,169.0,196.0,182.0,200.0,152.0,166.0,190.0,171.0,166.0,176.0,181.0,198.0,176.0,183.0,182.0,187.0,201.0,209.0,194.0,168.0,180.0,212.0,157.0,176.0,204.0,208.0,182.0,173.0,174.0,152.0,190.0,191.0,191.0,189.0,178.0,187.0,174.0,212.0,177.0,181.0,181.0,175.0,174.0,179.0,177.0,198.0,170.0,160.0,188.0,178.0,181.0,172.0,188.0,203.0,187.0,187.0,174.0,184.0,188.0,155.0,185.0,185.0,198.0,177.0,179.0,164.0,168.0,192.0,188.0,175.0,181.0,181.0,198.0,189.0
3904,2.0,2.0,2.0,2.0,2.0,2.0,2.0,2.0,2.0,2.0,2.0,2.0,2.0,2.0,2.0,2.0,2.0,2.0,2.0,2.0,2.0,2.0,2.0,2.0,2.0,2.0,2.0,2.0,2.0,2.0,2.0,2.0,2.0,2.0,2.0,2.0,2.0,2.0,2.0,2.0,2.0,2.0,2.0,2.0,2.0,2.0,2.0,2.0,2.0,2.0,2.0,2.0,2.0,2.0,2.0,2.0,2.0,2.0,2.0,2.0,2.0,2.0,2.0,2.0,2.0,2.0,2.0,2.0,2.0,2.0,2.0,2.0,2.0,2.0,2.0,2.0,2.0,2.0,2.0,2.0,2.0,2.0,2.0,2.0,2.0,2.0,2.0,2.0,2.0,2.0,2.0,2.0,2.0,2.0,2.0,2.0,2.0,2.0,2.0,2.0,2.0,2.0,2.0,2.0,2.0,2.0,2.0,2.0,2.0,2.0,2.0,2.0,2.0,2.0,2.0,2.0,2.0,2.0,2.0,2.0,2.0,2.0,2.0,2.0,2.0,2.0,2.0,2.0
3907,200.0,179.0,185.0,191.0,174.0,185.0,181.0,176.0,177.0,194.0,184.0,184.0,180.0,177.0,179.0,188.0,172.0,195.0,191.0,197.0,197.0,189.0,186.0,182.0,183.0,192.0,184.0,186.0,183.0,178.0,179.0,191.0,190.0,180.0,181.0,176.0,183.0,182.0,169.0,190.0,191.0,183.0,204.0,193.0,188.0,195.0,186.0,181.0,182.0,185.0,170.0,183.0,180.0,182.0,198.0,182.0,184.0,182.0,192.0,182.0,189.0,184.0,188.0,177.0,184.0,183.0,187.0,189.0,180.0,188.0,186.0,204.0,200.0,187.0,185.0,173.0,199.0,194.0,187.0,179.0,178.0,182.0,184.0,196.0,190.0,181.0,177.0,177.0,179.0,179.0,168.0,191.0,181.0,181.0,183.0,200.0,180.0,187.0,206.0,181.0,172.0,187.0,183.0,184.0,184.0,182.0,178.0,202.0,187.0,182.0,181.0,206.0,186.0,187.0,185.0,194.0,177.0,188.0,186.0,175.0,179.0,194.0,184.0,179.0,197.0,176.0,185.0,190.0
3911,1.0,1.0,1.0,1.0,1.0,1.0,1.0,1.0,1.0,1.0,1.0,1.0,1.0,1.0,1.0,1.0,1.0,1.0,1.0,1.0,1.0,1.0,1.0,1.0,1.0,1.0,1.0,1.0,1.0,1.0,1.0,1.0,1.0,1.0,1.0,1.0,1.0,1.0,1.0,1.0,1.0,1.0,1.0,1.0,1.0,1.0,1.0,1.0,1.0,1.0,1.0,1.0,1.0,1.0,1.0,1.0,1.0,1.0,1.0,1.0,1.0,1.0,1.0,1.0,1.0,1.0,1.0,1.0,1.0,1.0,1.0,1.0,1.0,1.0,1.0,1.0,1.0,1.0,1.0,1.0,1.0,1.0,1.0,1.0,1.0,1.0,1.0,1.0,1.0,1.0,1.0,1.0,1.0,1.0,1.0,1.0,1.0,1.0,1.0,1.0,1.0,1.0,1.0,1.0,1.0,1.0,1.0,1.0,1.0,1.0,1.0,1.0,1.0,1.0,1.0,1.0,1.0,1.0,1.0,1.0,1.0,1.0,1.0,1.0,1.0,1.0,1.0,1.0
3913,57.0,39.0,294.0,66.0,45.0,70.0,422.0,53.0,52.0,36.0,61.0,390.0,45.0,58.0,54.0,54.0,41.0,107.0,53.0,61.0,161.0,43.0,65.0,50.0,45.0,54.0,56.0,86.0,64.0,431.0,106.0,485.0,45.0,61.0,51.0,46.0,126.0,67.0,79.0,66.0,118.0,59.0,72.0,57.0,45.0,50.0,64.0,60.0,57.0,56.0,73.0,58.0,66.0,47.0,55.0,71.0,235.0,53.0,31.0,152.0,55.0,74.0,175.0,58.0,64.0,56.0,43.0,68.0,57.0,368.0,49.0,105.0,47.0,62.0,59.0,60.0,45.0,68.0,45.0,55.0,60.0,61.0,325.0,53.0,48.0,41.0,79.0,56.0,53.0,69.0,63.0,403.0,73.0,61.0,50.0,52.0,41.0,55.0,63.0,53.0,50.0,60.0,111.0,72.0,54.0,61.0,54.0,61.0,126.0,114.0,68.0,88.0,58.0,46.0,333.0,72.0,84.0,51.0,129.0,58.0,52.0,155.0,53.0,64.0,45.0,57.0,68.0,1.0
3915,9.0,10.0,10.0,37.0,39.0,8.0,35.0,33.0,35.0,47.0,15.0,30.0,31.0,33.0,36.0,39.0,34.0,18.0,7.0,46.0,38.0,34.0,36.0,11.0,11.0,31.0,39.0,9.0,8.0,8.0,7.0,7.0,8.0,9.0,9.0,33.0,6.0,39.0,49.0,39.0,31.0,8.0,10.0,12.0,9.0,10.0,50.0,36.0,33.0,34.0,8.0,38.0,871.0,11.0,9.0,7.0,8.0,38.0,28.0,43.0,10.0,7.0,37.0,35.0,13.0,32.0,35.0,10.0,9.0,44.0,14.0,46.0,10.0,14.0,12.0,10.0,14.0,7.0,35.0,12.0,34.0,8.0,32.0,17.0,12.0,12.0,8.0,42.0,11.0,46.0,15.0,18.0,19.0,35.0,8.0,9.0,8.0,9.0,9.0,29.0,14.0,34.0,37.0,29.0,10.0,36.0,9.0,16.0,8.0,9.0,9.0,11.0,10.0,9.0,36.0,49.0,37.0,34.0,17.0,34.0,38.0,9.0,9.0,9.0,42.0,32.0,33.0,10.0
3917,23.0,20.0,20.0,22.0,23.0,18.0,19.0,19.0,19.0,21.0,23.0,19.0,21.0,23.0,20.0,24.0,20.0,20.0,24.0,20.0,19.0,21.0,20.0,25.0,21.0,21.0,23.0,19.0,20.0,22.0,20.0,23.0,20.0,21.0,21.0,22.0,22.0,19.0,22.0,19.0,22.0,20.0,21.0,20.0,20.0,20.0,23.0,23.0,22.0,20.0,19.0,21.0,22.0,23.0,18.0,20.0,22.0,24.0,21.0,24.0,21.0,22.0,19.0,22.0,21.0,18.0,19.0,20.0,21.0,26.0,20.0,19.0,23.0,21.0,22.0,20.0,20.0,20.0,19.0,19.0,20.0,23.0,23.0,22.0,22.0,21.0,21.0,24.0,20.0,19.0,22.0,21.0,21.0,22.0,20.0,22.0,19.0,23.0,22.0,20.0,21.0,20.0,21.0,21.0,21.0,19.0,20.0,21.0,19.0,22.0,23.0,21.0,22.0,20.0,20.0,21.0,19.0,20.0,19.0,21.0,19.0,21.0,20.0,23.0,20.0,19.0,20.0,21.0
3918,394.0,639.0,77.0,452.0,12.0,8.0,74.0,261.0,378.0,68.0,7.0,489.0,430.0,264.0,16.0,13.0,14.0,63.0,65.0,429.0,293.0,398.0,363.0,203.0,11.0,456.0,346.0,128.0,424.0,186.0,354.0,449.0,11.0,426.0,443.0,472.0,461.0,11.0,91.0,459.0,737.0,6.0,723.0,395.0,7.0,40.0,5.0,16.0,62.0,57.0,67.0,84.0,423.0,185.0,219.0,421.0,414.0,514.0,31.0,301.0,274.0,523.0,655.0,5.0,269.0,94.0,396.0,14.0,451.0,8.0,449.0,59.0,333.0,8.0,202.0,408.0,146.0,381.0,70.0,6.0,421.0,408.0,5.0,10.0,11.0,14.0,10.0,10.0,103.0,10.0,421.0,431.0,119.0,13.0,11.0,10.0,79.0,408.0,14.0,149.0,13.0,447.0,13.0,12.0,79.0,389.0,84.0,8.0,93.0,403.0,235.0,439.0,73.0,397.0,348.0,15.0,458.0,8.0,5.0,533.0,478.0,327.0,5.0,8.0,75.0,402.0,446.0,8.0
3920,5.0,5.0,5.0,5.0,5.0,5.0,5.0,5.0,5.0,5.0,5.0,5.0,5.0,5.0,5.0,5.0,5.0,5.0,5.0,5.0,5.0,5.0,5.0,5.0,5.0,5.0,5.0,5.0,5.0,5.0,5.0,5.0,5.0,5.0,5.0,5.0,5.0,5.0,5.0,5.0,5.0,5.0,5.0,5.0,5.0,5.0,5.0,5.0,5.0,5.0,5.0,5.0,5.0,5.0,5.0,5.0,5.0,5.0,5.0,5.0,5.0,5.0,5.0,5.0,5.0,5.0,5.0,5.0,5.0,5.0,5.0,5.0,5.0,5.0,5.0,5.0,5.0,5.0,5.0,5.0,5.0,5.0,5.0,5.0,5.0,5.0,5.0,5.0,5.0,5.0,5.0,5.0,5.0,5.0,5.0,5.0,5.0,5.0,5.0,5.0,5.0,5.0,5.0,5.0,5.0,5.0,5.0,5.0,5.0,5.0,5.0,5.0,5.0,5.0,5.0,5.0,5.0,5.0,5.0,5.0,5.0,5.0,5.0,5.0,5.0,5.0,5.0,5.0
3923,3.0,3.0,3.0,3.0,3.0,3.0,3.0,3.0,3.0,3.0,3.0,3.0,3.0,3.0,3.0,3.0,3.0,3.0,3.0,3.0,3.0,3.0,3.0,3.0,3.0,3.0,3.0,3.0,3.0,3.0,3.0,3.0,3.0,3.0,3.0,3.0,3.0,3.0,3.0,3.0,3.0,3.0,3.0,3.0,3.0,3.0,3.0,3.0,3.0,3.0,3.0,3.0,3.0,3.0,3.0,3.0,3.0,3.0,3.0,3.0,3.0,3.0,3.0,3.0,3.0,3.0,3.0,3.0,3.0,3.0,3.0,3.0,3.0,3.0,3.0,3.0,3.0,3.0,3.0,3.0,3.0,3.0,3.0,3.0,3.0,3.0,3.0,3.0,3.0,3.0,3.0,3.0,3.0,3.0,3.0,3.0,3.0,3.0,3.0,3.0,3.0,3.0,3.0,3.0,3.0,3.0,3.0,3.0,3.0,3.0,3.0,3.0,3.0,3.0,3.0,3.0,3.0,3.0,3.0,3.0,3.0,3.0,3.0,3.0,3.0,3.0,3.0,3.0
3926,1080.0,1060.0,1.0,1.0,1028.0,1.0,1.0,1043.0,1.0,1.0,1.0,1.0,1.0,1062.0,1.0,1.0,1.0,1152.0,1.0,1.0,1.0,1.0,1110.0,1145.0,1103.0,1.0,1.0,1.0,1.0,1292.0,1.0,1.0,1.0,1.0,1121.0,1.0,1171.0,1.0,1.0,1.0,1.0,1.0,1079.0,1.0,1.0,1.0,1.0,1.0,1.0,1108.0,1.0,1184.0,1132.0,1.0,1.0,1195.0,1.0,1.0,1.0,1.0,1.0,1169.0,1210.0,1136.0,1220.0,1096.0,1.0,1138.0,1317.0,1187.0,1.0,1062.0,1.0,1.0,1.0,1125.0,1.0,1178.0,1.0,1.0,1112.0,1.0,1319.0,1151.0,1114.0,1.0,1166.0,1.0,1187.0,1091.0,1.0,1194.0,1.0,1193.0,1158.0,1193.0,1.0,1.0,1185.0,1103.0,1203.0,1.0,1.0,1256.0,1323.0,1.0,1187.0,1.0,1.0,1.0,1.0,1.0,1.0,1.0,1166.0,1162.0,1065.0,1203.0,1092.0,1.0,1162.0,1.0,1.0,1.0,1.0,1.0,1.0,1171.0
3933,2.0,2.0,806.0,809.0,2.0,826.0,816.0,2.0,2.0,822.0,2.0,2.0,2.0,2.0,823.0,2.0,924.0,884.0,898.0,2.0,2.0,901.0,886.0,2.0,2.0,2.0,874.0,2.0,2.0,2.0,2.0,894.0,929.0,886.0,874.0,879.0,886.0,2.0,2.0,2.0,895.0,880.0,2.0,2.0,896.0,2.0,2.0,909.0,908.0,896.0,2.0,2.0,884.0,913.0,857.0,889.0,2.0,2.0,921.0,887.0,2.0,2.0,895.0,2.0,2.0,2.0,909.0,886.0,894.0,924.0,2.0,2.0,2.0,2.0,2.0,885.0,2.0,2.0,2.0,906.0,901.0,899.0,2.0,894.0,876.0,890.0,883.0,2.0,889.0,911.0,908.0,891.0,2.0,2.0,2.0,882.0,2.0,892.0,941.0,901.0,2.0,904.0,923.0,2.0,869.0,904.0,906.0,2.0,2.0,2.0,899.0,2.0,2.0,2.0,903.0,903.0,2.0,884.0,899.0,887.0,2.0,898.0,2.0,2.0,886.0,888.0,887.0,2.0
3934,1.0,1.0,1.0,1.0,1.0,1.0,1.0,1.0,1.0,1.0,1.0,1.0,1.0,1.0,1.0,1.0,1.0,1.0,1.0,1.0,1.0,1.0,1.0,1.0,1.0,1.0,1.0,1.0,1.0,1.0,1.0,1.0,1.0,1.0,1.0,1.0,1.0,1.0,1.0,1.0,1.0,1.0,1.0,1.0,1.0,1.0,1.0,1.0,1.0,1.0,1.0,1.0,1.0,1.0,1.0,1.0,1.0,1.0,1.0,1.0,1.0,1.0,1.0,1.0,1.0,1.0,1.0,1.0,1.0,1.0,1.0,1.0,1.0,1.0,1.0,1.0,1.0,1.0,1.0,1.0,1.0,1.0,1.0,1.0,1.0,1.0,1.0,1.0,1.0,1.0,1.0,1.0,1.0,1.0,1.0,1.0,1.0,1.0,1.0,1.0,1.0,1.0,1.0,1.0,1.0,1.0,1.0,1.0,1.0,1.0,1.0,1.0,1.0,1.0,1.0,1.0,1.0,1.0,1.0,1.0,1.0,1.0,1.0,1.0,1.0,1.0,1.0,1.0
3935,1.0,1085.0,1151.0,483.0,1.0,298.0,977.0,1.0,1.0,706.0,589.0,1.0,1.0,678.0,1115.0,643.0,396.0,1032.0,1203.0,1064.0,1.0,1.0,1.0,1.0,474.0,679.0,1.0,519.0,555.0,991.0,511.0,790.0,1159.0,1.0,670.0,1066.0,483.0,468.0,1166.0,400.0,430.0,999.0,416.0,1049.0,1.0,414.0,387.0,1.0,1087.0,1194.0,403.0,1.0,470.0,1.0,872.0,472.0,704.0,445.0,469.0,912.0,662.0,1087.0,696.0,478.0,1153.0,1.0,790.0,717.0,470.0,585.0,1199.0,375.0,476.0,502.0,1.0,1.0,621.0,1253.0,1.0,430.0,1116.0,559.0,1083.0,1.0,1.0,343.0,1.0,1124.0,579.0,314.0,1.0,1.0,1.0,1.0,1.0,1215.0,485.0,1.0,1226.0,1.0,1080.0,1171.0,1.0,1208.0,1151.0,1.0,1.0,1.0,425.0,444.0,1117.0,1.0,1.0,369.0,1119.0,907.0,471.0,1209.0,1070.0,718.0,1181.0,1105.0,382.0,503.0,1149.0,570.0,1.0,437.0
3939,3.0,3.0,3.0,3.0,3.0,3.0,3.0,3.0,3.0,3.0,3.0,3.0,3.0,3.0,3.0,3.0,3.0,3.0,3.0,3.0,3.0,3.0,3.0,3.0,3.0,3.0,3.0,3.0,3.0,3.0,3.0,3.0,3.0,3.0,3.0,3.0,3.0,3.0,3.0,3.0,3.0,3.0,3.0,3.0,3.0,3.0,3.0,3.0,3.0,3.0,3.0,3.0,3.0,3.0,3.0,3.0,3.0,3.0,3.0,3.0,3.0,3.0,3.0,3.0,3.0,3.0,3.0,3.0,3.0,3.0,3.0,3.0,3.0,3.0,3.0,3.0,3.0,3.0,3.0,3.0,3.0,3.0,3.0,3.0,3.0,3.0,3.0,3.0,3.0,3.0,3.0,3.0,3.0,3.0,3.0,3.0,3.0,3.0,3.0,3.0,3.0,3.0,3.0,3.0,3.0,3.0,3.0,3.0,3.0,3.0,3.0,3.0,3.0,3.0,3.0,3.0,3.0,3.0,3.0,3.0,3.0,3.0,3.0,3.0,3.0,3.0,3.0,3.0
3940,5.0,5.0,5.0,5.0,5.0,5.0,5.0,5.0,5.0,5.0,5.0,5.0,5.0,5.0,5.0,5.0,5.0,5.0,5.0,5.0,5.0,5.0,5.0,5.0,5.0,5.0,5.0,5.0,5.0,5.0,5.0,5.0,5.0,5.0,5.0,5.0,5.0,5.0,5.0,5.0,5.0,5.0,5.0,5.0,5.0,5.0,5.0,5.0,5.0,5.0,5.0,5.0,5.0,5.0,5.0,5.0,5.0,5.0,5.0,5.0,5.0,5.0,5.0,5.0,5.0,5.0,5.0,5.0,5.0,5.0,5.0,5.0,5.0,5.0,5.0,5.0,5.0,5.0,5.0,5.0,5.0,5.0,5.0,5.0,5.0,5.0,5.0,5.0,5.0,5.0,5.0,5.0,5.0,5.0,5.0,5.0,5.0,5.0,5.0,5.0,5.0,5.0,5.0,5.0,5.0,5.0,5.0,5.0,5.0,5.0,5.0,5.0,5.0,5.0,5.0,5.0,5.0,5.0,5.0,5.0,5.0,5.0,5.0,5.0,5.0,5.0,5.0,5.0
3943,57.0,39.0,294.0,66.0,45.0,70.0,420.0,53.0,52.0,36.0,61.0,390.0,45.0,58.0,54.0,54.0,41.0,107.0,53.0,61.0,161.0,43.0,65.0,50.0,45.0,54.0,56.0,86.0,64.0,431.0,106.0,482.0,45.0,61.0,51.0,46.0,126.0,67.0,79.0,66.0,118.0,59.0,72.0,57.0,45.0,50.0,64.0,60.0,57.0,56.0,73.0,58.0,66.0,47.0,55.0,71.0,235.0,53.0,31.0,152.0,55.0,74.0,175.0,58.0,64.0,56.0,43.0,68.0,57.0,368.0,49.0,104.0,47.0,62.0,58.0,60.0,45.0,68.0,45.0,55.0,60.0,61.0,325.0,53.0,48.0,41.0,79.0,56.0,53.0,69.0,62.0,402.0,73.0,61.0,50.0,52.0,41.0,55.0,63.0,53.0,50.0,60.0,111.0,72.0,54.0,61.0,54.0,61.0,126.0,114.0,68.0,87.0,58.0,46.0,333.0,72.0,84.0,51.0,129.0,58.0,52.0,155.0,53.0,64.0,45.0,57.0,68.0,1.0
3944,5.0,5.0,5.0,5.0,5.0,5.0,5.0,5.0,5.0,5.0,5.0,5.0,5.0,5.0,5.0,5.0,5.0,5.0,5.0,5.0,5.0,5.0,5.0,5.0,5.0,5.0,5.0,5.0,5.0,5.0,5.0,5.0,5.0,5.0,5.0,5.0,5.0,5.0,5.0,5.0,5.0,5.0,5.0,5.0,5.0,5.0,5.0,5.0,5.0,5.0,5.0,5.0,5.0,5.0,5.0,5.0,5.0,5.0,5.0,5.0,5.0,5.0,5.0,5.0,5.0,5.0,5.0,5.0,5.0,5.0,5.0,5.0,5.0,5.0,5.0,5.0,5.0,5.0,5.0,5.0,5.0,5.0,5.0,5.0,5.0,5.0,5.0,5.0,5.0,5.0,5.0,5.0,5.0,5.0,5.0,5.0,5.0,5.0,5.0,5.0,5.0,5.0,5.0,5.0,5.0,5.0,5.0,5.0,5.0,5.0,5.0,5.0,5.0,5.0,5.0,5.0,5.0,5.0,5.0,5.0,5.0,5.0,5.0,5.0,5.0,5.0,5.0,5.0
3946,5.0,5.0,5.0,5.0,5.0,5.0,5.0,5.0,5.0,5.0,5.0,5.0,5.0,5.0,5.0,5.0,5.0,5.0,5.0,5.0,5.0,5.0,5.0,5.0,5.0,5.0,5.0,5.0,5.0,5.0,5.0,5.0,5.0,5.0,5.0,5.0,5.0,5.0,5.0,5.0,5.0,5.0,5.0,5.0,5.0,5.0,5.0,5.0,5.0,5.0,5.0,5.0,5.0,5.0,5.0,5.0,5.0,5.0,5.0,5.0,5.0,5.0,5.0,5.0,5.0,5.0,5.0,5.0,5.0,5.0,5.0,5.0,5.0,5.0,5.0,5.0,5.0,5.0,5.0,5.0,5.0,5.0,5.0,5.0,5.0,5.0,5.0,5.0,5.0,5.0,5.0,5.0,5.0,5.0,5.0,5.0,5.0,5.0,5.0,5.0,5.0,5.0,5.0,5.0,5.0,5.0,5.0,5.0,5.0,5.0,5.0,5.0,5.0,5.0,5.0,5.0,5.0,5.0,5.0,5.0,5.0,5.0,5.0,5.0,5.0,5.0,5.0,5.0
3948,4.0,4.0,4.0,4.0,4.0,4.0,4.0,4.0,4.0,4.0,4.0,4.0,4.0,4.0,4.0,4.0,4.0,4.0,3.0,4.0,4.0,4.0,4.0,4.0,4.0,4.0,4.0,4.0,4.0,4.0,4.0,4.0,3.0,4.0,4.0,4.0,4.0,4.0,4.0,4.0,4.0,4.0,4.0,4.0,4.0,4.0,4.0,4.0,4.0,4.0,4.0,4.0,4.0,4.0,4.0,4.0,4.0,4.0,4.0,4.0,4.0,4.0,4.0,4.0,4.0,4.0,4.0,4.0,4.0,4.0,4.0,4.0,4.0,4.0,4.0,4.0,4.0,4.0,4.0,4.0,4.0,4.0,4.0,4.0,4.0,4.0,4.0,4.0,4.0,4.0,4.0,4.0,4.0,4.0,4.0,4.0,4.0,4.0,4.0,4.0,4.0,4.0,4.0,4.0,4.0,4.0,4.0,4.0,4.0,4.0,4.0,4.0,4.0,4.0,4.0,4.0,4.0,4.0,3.0,4.0,4.0,4.0,4.0,4.0,3.0,4.0,4.0,3.0
3949,3.0,3.0,3.0,3.0,3.0,3.0,3.0,3.0,3.0,3.0,3.0,3.0,3.0,3.0,3.0,3.0,3.0,3.0,3.0,3.0,3.0,3.0,3.0,3.0,3.0,3.0,3.0,3.0,3.0,3.0,3.0,3.0,3.0,3.0,3.0,3.0,3.0,3.0,3.0,3.0,3.0,3.0,3.0,3.0,3.0,3.0,3.0,3.0,3.0,3.0,3.0,3.0,3.0,3.0,3.0,3.0,3.0,3.0,3.0,3.0,3.0,3.0,3.0,3.0,3.0,3.0,3.0,3.0,3.0,3.0,3.0,3.0,3.0,3.0,3.0,3.0,3.0,3.0,3.0,3.0,3.0,3.0,3.0,3.0,3.0,3.0,3.0,3.0,3.0,3.0,3.0,3.0,3.0,3.0,3.0,3.0,3.0,3.0,3.0,3.0,3.0,3.0,3.0,3.0,3.0,3.0,3.0,3.0,3.0,3.0,3.0,3.0,3.0,3.0,3.0,3.0,3.0,3.0,3.0,3.0,3.0,3.0,3.0,3.0,3.0,3.0,3.0,3.0
3958,57.0,39.0,294.0,66.0,45.0,70.0,420.0,53.0,52.0,36.0,61.0,390.0,45.0,58.0,54.0,54.0,41.0,107.0,53.0,61.0,161.0,43.0,65.0,50.0,45.0,54.0,56.0,86.0,64.0,430.0,106.0,485.0,45.0,61.0,51.0,46.0,126.0,67.0,79.0,66.0,118.0,59.0,72.0,57.0,45.0,50.0,64.0,60.0,57.0,56.0,73.0,58.0,66.0,47.0,55.0,71.0,235.0,53.0,31.0,152.0,55.0,74.0,175.0,58.0,64.0,56.0,43.0,68.0,57.0,368.0,49.0,104.0,47.0,62.0,58.0,60.0,45.0,68.0,45.0,55.0,60.0,61.0,325.0,53.0,48.0,41.0,79.0,56.0,53.0,69.0,62.0,402.0,73.0,61.0,50.0,52.0,41.0,55.0,63.0,53.0,50.0,60.0,111.0,72.0,54.0,61.0,54.0,61.0,126.0,114.0,68.0,87.0,58.0,46.0,333.0,72.0,84.0,51.0,129.0,58.0,52.0,155.0,53.0,64.0,45.0,57.0,68.0,1.0
3960,5.0,5.0,5.0,5.0,5.0,5.0,5.0,5.0,5.0,5.0,5.0,5.0,5.0,5.0,5.0,5.0,5.0,5.0,5.0,5.0,5.0,5.0,5.0,5.0,5.0,5.0,5.0,5.0,5.0,5.0,5.0,5.0,5.0,5.0,5.0,5.0,5.0,5.0,5.0,5.0,5.0,5.0,5.0,5.0,5.0,5.0,5.0,5.0,5.0,5.0,5.0,5.0,5.0,5.0,5.0,5.0,5.0,5.0,5.0,5.0,5.0,5.0,5.0,5.0,5.0,5.0,5.0,5.0,5.0,5.0,5.0,5.0,5.0,5.0,5.0,5.0,5.0,5.0,5.0,5.0,5.0,5.0,5.0,5.0,5.0,5.0,5.0,5.0,5.0,5.0,5.0,5.0,5.0,5.0,5.0,5.0,5.0,5.0,5.0,5.0,5.0,5.0,5.0,5.0,5.0,5.0,5.0,5.0,5.0,5.0,5.0,5.0,5.0,5.0,5.0,5.0,5.0,5.0,5.0,5.0,5.0,5.0,5.0,5.0,5.0,5.0,5.0,5.0
3963,5.0,6.0,5.0,6.0,6.0,6.0,6.0,6.0,6.0,6.0,5.0,6.0,5.0,6.0,7.0,5.0,6.0,6.0,6.0,6.0,5.0,7.0,6.0,6.0,6.0,6.0,5.0,7.0,5.0,6.0,5.0,6.0,5.0,6.0,6.0,6.0,6.0,5.0,6.0,6.0,6.0,6.0,6.0,6.0,6.0,5.0,6.0,6.0,5.0,6.0,6.0,6.0,5.0,6.0,5.0,7.0,5.0,6.0,6.0,5.0,5.0,6.0,6.0,5.0,6.0,6.0,5.0,6.0,6.0,6.0,6.0,6.0,6.0,7.0,6.0,5.0,6.0,6.0,6.0,6.0,6.0,6.0,6.0,6.0,5.0,5.0,5.0,6.0,6.0,6.0,6.0,6.0,5.0,5.0,6.0,6.0,6.0,6.0,6.0,5.0,6.0,5.0,6.0,7.0,6.0,7.0,6.0,6.0,5.0,6.0,5.0,5.0,6.0,5.0,6.0,6.0,6.0,6.0,5.0,5.0,6.0,7.0,5.0,6.0,6.0,6.0,6.0,6.0
3967,2.0,2.0,2.0,2.0,2.0,2.0,2.0,2.0,2.0,2.0,2.0,2.0,2.0,2.0,2.0,2.0,2.0,2.0,2.0,2.0,2.0,2.0,2.0,2.0,2.0,2.0,2.0,2.0,2.0,2.0,2.0,2.0,2.0,2.0,2.0,2.0,2.0,2.0,2.0,2.0,2.0,2.0,2.0,2.0,2.0,2.0,2.0,2.0,2.0,2.0,2.0,2.0,2.0,2.0,2.0,2.0,2.0,2.0,2.0,2.0,2.0,2.0,2.0,2.0,2.0,2.0,2.0,2.0,2.0,2.0,2.0,2.0,2.0,2.0,2.0,2.0,2.0,2.0,2.0,2.0,2.0,2.0,2.0,2.0,2.0,2.0,2.0,2.0,2.0,2.0,2.0,2.0,2.0,2.0,2.0,2.0,2.0,2.0,2.0,2.0,2.0,2.0,2.0,2.0,2.0,2.0,2.0,2.0,2.0,2.0,2.0,2.0,2.0,2.0,2.0,2.0,2.0,2.0,2.0,2.0,2.0,2.0,2.0,2.0,2.0,2.0,2.0,2.0
3974,5.0,5.0,5.0,5.0,5.0,5.0,5.0,5.0,5.0,5.0,5.0,5.0,5.0,5.0,5.0,5.0,5.0,5.0,5.0,5.0,5.0,5.0,5.0,5.0,5.0,5.0,5.0,5.0,5.0,5.0,5.0,5.0,5.0,5.0,5.0,5.0,5.0,5.0,5.0,5.0,5.0,5.0,5.0,5.0,5.0,5.0,5.0,5.0,5.0,5.0,5.0,5.0,5.0,5.0,5.0,5.0,5.0,5.0,5.0,5.0,5.0,5.0,5.0,5.0,5.0,5.0,5.0,5.0,5.0,5.0,5.0,5.0,5.0,5.0,5.0,5.0,5.0,5.0,5.0,5.0,5.0,5.0,5.0,5.0,5.0,5.0,5.0,5.0,5.0,5.0,5.0,5.0,5.0,5.0,5.0,5.0,5.0,5.0,5.0,5.0,5.0,5.0,5.0,5.0,5.0,5.0,5.0,5.0,5.0,5.0,5.0,5.0,5.0,5.0,5.0,5.0,5.0,5.0,5.0,5.0,5.0,5.0,5.0,5.0,5.0,5.0,5.0,5.0
3978,57.0,39.0,294.0,66.0,45.0,70.0,421.0,53.0,52.0,36.0,61.0,390.0,45.0,58.0,54.0,54.0,41.0,107.0,53.0,61.0,161.0,43.0,65.0,50.0,45.0,54.0,56.0,86.0,64.0,430.0,106.0,484.0,45.0,61.0,51.0,46.0,126.0,67.0,79.0,65.0,118.0,59.0,72.0,57.0,45.0,50.0,64.0,60.0,57.0,56.0,73.0,58.0,66.0,47.0,55.0,71.0,235.0,53.0,31.0,152.0,55.0,74.0,175.0,58.0,64.0,56.0,43.0,68.0,57.0,368.0,49.0,105.0,47.0,62.0,58.0,60.0,45.0,68.0,45.0,55.0,60.0,61.0,325.0,53.0,48.0,41.0,79.0,56.0,53.0,69.0,62.0,402.0,73.0,61.0,50.0,52.0,41.0,55.0,63.0,53.0,50.0,60.0,111.0,72.0,54.0,61.0,54.0,61.0,126.0,114.0,68.0,88.0,58.0,46.0,333.0,72.0,84.0,51.0,129.0,58.0,52.0,155.0,53.0,64.0,45.0,57.0,68.0,1.0
3982,5.0,5.0,5.0,5.0,5.0,5.0,5.0,5.0,5.0,5.0,5.0,5.0,5.0,5.0,5.0,5.0,5.0,5.0,5.0,5.0,5.0,5.0,5.0,5.0,5.0,5.0,5.0,5.0,5.0,6.0,5.0,5.0,5.0,5.0,5.0,5.0,5.0,5.0,5.0,5.0,5.0,5.0,5.0,5.0,5.0,5.0,5.0,5.0,8.0,5.0,5.0,5.0,5.0,5.0,5.0,5.0,5.0,6.0,5.0,5.0,8.0,5.0,7.0,5.0,5.0,5.0,5.0,6.0,5.0,5.0,5.0,5.0,6.0,5.0,5.0,5.0,5.0,5.0,5.0,5.0,5.0,5.0,5.0,5.0,5.0,5.0,6.0,5.0,5.0,5.0,5.0,5.0,5.0,5.0,5.0,5.0,5.0,5.0,5.0,5.0,5.0,7.0,5.0,5.0,7.0,5.0,10.0,5.0,5.0,5.0,5.0,5.0,5.0,5.0,83.0,6.0,5.0,10.0,5.0,5.0,5.0,6.0,7.0,5.0,5.0,5.0,5.0,5.0
3985,4.0,4.0,4.0,4.0,4.0,4.0,4.0,4.0,4.0,4.0,4.0,4.0,4.0,4.0,4.0,4.0,4.0,4.0,4.0,4.0,4.0,4.0,4.0,4.0,4.0,4.0,4.0,4.0,4.0,4.0,4.0,4.0,4.0,4.0,4.0,4.0,4.0,4.0,4.0,4.0,4.0,4.0,4.0,4.0,4.0,4.0,4.0,4.0,4.0,4.0,4.0,4.0,4.0,4.0,4.0,4.0,4.0,4.0,4.0,4.0,4.0,4.0,4.0,4.0,4.0,4.0,4.0,4.0,4.0,4.0,4.0,4.0,4.0,4.0,4.0,4.0,4.0,4.0,4.0,4.0,4.0,4.0,4.0,4.0,4.0,4.0,4.0,4.0,4.0,4.0,4.0,4.0,4.0,4.0,4.0,4.0,4.0,4.0,4.0,4.0,4.0,4.0,4.0,4.0,4.0,4.0,4.0,4.0,4.0,4.0,4.0,4.0,4.0,4.0,4.0,4.0,4.0,4.0,4.0,4.0,4.0,4.0,4.0,4.0,4.0,4.0,4.0,4.0
3987,23.0,20.0,22.0,22.0,24.0,20.0,24.0,21.0,18.0,29.0,20.0,28.0,21.0,24.0,20.0,21.0,20.0,22.0,21.0,19.0,23.0,21.0,17.0,24.0,23.0,21.0,24.0,20.0,21.0,21.0,20.0,19.0,19.0,22.0,23.0,22.0,19.0,23.0,19.0,20.0,20.0,22.0,20.0,23.0,19.0,24.0,20.0,20.0,20.0,23.0,22.0,25.0,29.0,18.0,22.0,23.0,25.0,18.0,17.0,24.0,19.0,20.0,25.0,25.0,20.0,18.0,19.0,25.0,19.0,17.0,23.0,23.0,17.0,19.0,16.0,19.0,22.0,24.0,24.0,18.0,21.0,23.0,25.0,22.0,21.0,22.0,22.0,22.0,19.0,19.0,20.0,26.0,22.0,19.0,19.0,17.0,23.0,21.0,20.0,20.0,24.0,24.0,18.0,24.0,20.0,19.0,23.0,24.0,23.0,23.0,15.0,22.0,25.0,20.0,19.0,22.0,19.0,23.0,20.0,23.0,19.0,18.0,31.0,20.0,21.0,28.0,18.0,21.0
3988,2.0,2.0,2.0,2.0,2.0,2.0,2.0,2.0,2.0,2.0,2.0,2.0,2.0,2.0,2.0,2.0,2.0,2.0,2.0,2.0,2.0,2.0,2.0,2.0,2.0,2.0,2.0,2.0,2.0,2.0,2.0,2.0,2.0,2.0,2.0,2.0,2.0,2.0,2.0,2.0,2.0,2.0,2.0,2.0,2.0,2.0,2.0,2.0,2.0,2.0,2.0,2.0,2.0,2.0,2.0,2.0,2.0,2.0,2.0,2.0,2.0,2.0,2.0,2.0,2.0,2.0,2.0,2.0,2.0,2.0,2.0,2.0,2.0,2.0,2.0,2.0,2.0,2.0,2.0,2.0,2.0,2.0,2.0,2.0,2.0,2.0,2.0,2.0,2.0,2.0,2.0,2.0,2.0,2.0,2.0,2.0,2.0,2.0,2.0,2.0,2.0,2.0,2.0,2.0,2.0,2.0,2.0,2.0,2.0,2.0,2.0,2.0,2.0,2.0,2.0,2.0,2.0,2.0,2.0,2.0,2.0,2.0,2.0,2.0,2.0,2.0,2.0,2.0
3992,951.0,1.0,987.0,998.0,957.0,1.0,1.0,1.0,1.0,1.0,901.0,1.0,1.0,981.0,954.0,926.0,1322.0,1063.0,1030.0,1.0,1.0,1.0,1635.0,1.0,1035.0,1014.0,990.0,1039.0,1.0,1.0,1583.0,1668.0,1648.0,1288.0,1609.0,1574.0,1040.0,1.0,1.0,1.0,1428.0,1046.0,1.0,959.0,1032.0,1014.0,1586.0,1.0,1052.0,1013.0,1637.0,1.0,975.0,1.0,996.0,1.0,1032.0,1.0,1.0,1.0,1.0,1.0,1662.0,982.0,1028.0,1672.0,1.0,1045.0,1.0,985.0,1.0,1.0,1032.0,1.0,1060.0,1.0,994.0,1.0,1.0,1092.0,1.0,1630.0,1.0,1019.0,1.0,1014.0,1.0,1.0,1058.0,1009.0,1.0,1030.0,1.0,1.0,1651.0,1027.0,1004.0,1660.0,1.0,1.0,1.0,1.0,1069.0,1.0,1.0,1043.0,1.0,1.0,1029.0,1044.0,1069.0,1572.0,1.0,1.0,1009.0,1027.0,1.0,1051.0,1.0,1031.0,1.0,1069.0,1.0,1050.0,1.0,1.0,1.0,1.0
3995,6.0,6.0,6.0,6.0,4.0,4.0,6.0,6.0,4.0,5.0,6.0,5.0,11.0,4.0,3.0,7.0,3.0,6.0,5.0,6.0,5.0,9.0,6.0,5.0,6.0,4.0,5.0,9.0,6.0,6.0,4.0,4.0,3.0,6.0,4.0,6.0,6.0,7.0,6.0,6.0,6.0,6.0,6.0,6.0,4.0,4.0,4.0,6.0,3.0,3.0,5.0,4.0,8.0,5.0,6.0,6.0,4.0,4.0,5.0,5.0,11.0,6.0,6.0,4.0,7.0,7.0,6.0,4.0,6.0,6.0,6.0,7.0,5.0,5.0,5.0,5.0,6.0,6.0,4.0,5.0,10.0,6.0,5.0,5.0,4.0,6.0,6.0,7.0,6.0,9.0,4.0,7.0,6.0,6.0,6.0,3.0,5.0,6.0,8.0,6.0,4.0,6.0,5.0,6.0,5.0,6.0,7.0,3.0,6.0,5.0,5.0,4.0,7.0,3.0,5.0,7.0,6.0,7.0,4.0,8.0,4.0,6.0,6.0,7.0,6.0,6.0,6.0,6.0
3997,516.0,40.0,24.0,540.0,986.0,698.0,860.0,662.0,44.0,612.0,49.0,582.0,549.0,635.0,42.0,583.0,605.0,870.0,53.0,970.0,28.0,798.0,50.0,50.0,637.0,27.0,28.0,16.0,882.0,31.0,36.0,606.0,39.0,886.0,20.0,664.0,822.0,34.0,39.0,668.0,527.0,802.0,53.0,907.0,693.0,553.0,844.0,787.0,49.0,27.0,755.0,22.0,635.0,20.0,63.0,15.0,641.0,38.0,771.0,38.0,715.0,39.0,50.0,41.0,27.0,42.0,45.0,23.0,702.0,664.0,753.0,51.0,39.0,835.0,898.0,881.0,27.0,71.0,32.0,686.0,577.0,8.0,35.0,660.0,45.0,30.0,44.0,31.0,695.0,792.0,685.0,30.0,53.0,59.0,17.0,26.0,821.0,41.0,797.0,13.0,673.0,35.0,47.0,34.0,958.0,37.0,779.0,23.0,50.0,37.0,48.0,581.0,18.0,690.0,24.0,48.0,885.0,45.0,30.0,852.0,35.0,658.0,47.0,189.0,46.0,23.0,29.0,538.0
3998,1.0,1.0,1.0,1.0,1.0,1.0,1.0,1.0,1.0,1.0,1.0,1.0,1.0,1.0,1.0,1.0,1.0,1.0,1.0,1.0,1.0,1.0,1.0,1.0,1.0,1.0,1.0,1.0,1.0,1.0,1.0,1.0,1.0,1.0,1.0,1.0,1.0,1.0,1.0,1.0,1.0,1.0,1.0,1.0,1.0,1.0,1.0,1.0,1.0,1.0,1.0,1.0,1.0,1.0,1.0,1.0,1.0,1.0,1.0,1.0,1.0,1.0,1.0,1.0,1.0,1.0,1.0,1.0,1.0,1.0,1.0,1.0,1.0,1.0,1.0,1.0,1.0,1.0,1.0,1.0,1.0,1.0,1.0,1.0,1.0,1.0,1.0,1.0,1.0,1.0,1.0,1.0,1.0,1.0,1.0,1.0,1.0,1.0,1.0,1.0,1.0,1.0,1.0,1.0,1.0,1.0,1.0,1.0,1.0,1.0,1.0,1.0,1.0,1.0,1.0,1.0,1.0,1.0,1.0,1.0,1.0,1.0,1.0,1.0,1.0,1.0,1.0,1.0
4002,278.0,247.0,228.0,243.0,259.0,241.0,235.0,244.0,275.0,181.0,252.0,264.0,221.0,230.0,250.0,253.0,237.0,277.0,213.0,297.0,223.0,231.0,254.0,265.0,280.0,270.0,296.0,260.0,221.0,224.0,274.0,283.0,247.0,249.0,275.0,237.0,261.0,272.0,282.0,236.0,227.0,288.0,237.0,254.0,259.0,274.0,271.0,262.0,261.0,224.0,286.0,258.0,264.0,250.0,228.0,295.0,241.0,217.0,195.0,241.0,251.0,325.0,261.0,268.0,245.0,205.0,246.0,251.0,275.0,254.0,230.0,254.0,282.0,278.0,252.0,257.0,259.0,319.0,269.0,396.0,254.0,290.0,238.0,266.0,271.0,246.0,276.0,248.0,283.0,237.0,241.0,258.0,276.0,258.0,239.0,222.0,239.0,252.0,223.0,254.0,231.0,275.0,285.0,233.0,285.0,238.0,284.0,227.0,271.0,772.0,244.0,238.0,261.0,233.0,278.0,264.0,280.0,276.0,251.0,270.0,721.0,239.0,253.0,260.0,260.0,262.0,232.0,289.0
4004,5.0,5.0,5.0,5.0,5.0,5.0,5.0,5.0,5.0,5.0,5.0,5.0,5.0,5.0,5.0,5.0,5.0,5.0,5.0,5.0,5.0,5.0,5.0,5.0,5.0,5.0,5.0,5.0,5.0,5.0,5.0,5.0,5.0,5.0,5.0,5.0,5.0,5.0,5.0,5.0,5.0,5.0,5.0,5.0,5.0,5.0,5.0,5.0,5.0,5.0,5.0,5.0,5.0,5.0,5.0,5.0,5.0,5.0,5.0,5.0,5.0,5.0,5.0,5.0,5.0,5.0,5.0,5.0,5.0,5.0,5.0,5.0,5.0,5.0,5.0,5.0,5.0,5.0,5.0,5.0,5.0,5.0,5.0,5.0,5.0,5.0,5.0,5.0,5.0,5.0,5.0,5.0,5.0,5.0,5.0,5.0,5.0,5.0,5.0,5.0,5.0,5.0,5.0,5.0,5.0,5.0,5.0,5.0,5.0,5.0,5.0,5.0,5.0,5.0,5.0,5.0,5.0,5.0,5.0,5.0,5.0,5.0,5.0,5.0,5.0,5.0,5.0,5.0
4008,20.0,14.0,16.0,16.0,20.0,14.0,14.0,13.0,14.0,17.0,21.0,15.0,17.0,20.0,17.0,20.0,14.0,17.0,19.0,17.0,16.0,19.0,17.0,22.0,18.0,16.0,21.0,17.0,17.0,20.0,16.0,19.0,17.0,17.0,16.0,16.0,18.0,15.0,17.0,14.0,16.0,16.0,16.0,17.0,17.0,16.0,19.0,19.0,15.0,15.0,20.0,15.0,13.0,21.0,14.0,16.0,16.0,21.0,19.0,20.0,17.0,18.0,17.0,14.0,19.0,14.0,16.0,17.0,19.0,21.0,15.0,14.0,18.0,16.0,18.0,17.0,16.0,14.0,15.0,15.0,16.0,21.0,20.0,18.0,18.0,18.0,18.0,20.0,14.0,15.0,22.0,15.0,17.0,18.0,16.0,18.0,13.0,20.0,19.0,15.0,19.0,14.0,16.0,18.0,16.0,14.0,18.0,16.0,19.0,16.0,21.0,16.0,18.0,16.0,17.0,19.0,16.0,17.0,14.0,16.0,15.0,17.0,17.0,20.0,16.0,14.0,17.0,20.0
4010,1.0,887.0,1.0,1.0,914.0,1.0,1.0,943.0,869.0,912.0,1.0,909.0,1.0,924.0,930.0,925.0,993.0,1.0,1.0,1.0,1000.0,1021.0,989.0,1021.0,1.0,1008.0,1015.0,1.0,1007.0,1.0,1.0,1.0,1012.0,1.0,1.0,1.0,989.0,1.0,1002.0,1026.0,1.0,1.0,935.0,922.0,1.0,1.0,1003.0,1015.0,951.0,997.0,1.0,1.0,1.0,1089.0,886.0,1.0,1000.0,1064.0,1.0,1.0,1142.0,1.0,1040.0,993.0,1065.0,1.0,1.0,1.0,1.0,1.0,1001.0,1.0,988.0,1.0,1.0,956.0,1.0,1.0,1000.0,988.0,985.0,1022.0,1000.0,1.0,1.0,1.0,1.0,1.0,1020.0,1004.0,985.0,1019.0,1031.0,1.0,1.0,1.0,986.0,1038.0,1.0,1.0,1011.0,1.0,929.0,915.0,1.0,1.0,978.0,1.0,995.0,929.0,1.0,1.0,1.0,931.0,1.0,979.0,1.0,1070.0,1.0,1.0,1.0,972.0,998.0,939.0,1.0,1002.0,1071.0,1.0
4015,2.0,2.0,2.0,2.0,2.0,2.0,2.0,2.0,2.0,2.0,2.0,2.0,2.0,2.0,2.0,2.0,2.0,2.0,2.0,2.0,2.0,2.0,2.0,2.0,2.0,2.0,2.0,2.0,2.0,2.0,2.0,2.0,2.0,2.0,2.0,2.0,2.0,2.0,2.0,2.0,2.0,2.0,2.0,2.0,2.0,2.0,2.0,2.0,2.0,2.0,2.0,2.0,2.0,2.0,2.0,2.0,2.0,2.0,2.0,2.0,2.0,2.0,2.0,2.0,2.0,2.0,2.0,2.0,2.0,2.0,2.0,2.0,2.0,2.0,2.0,2.0,2.0,2.0,2.0,2.0,2.0,2.0,2.0,2.0,2.0,2.0,2.0,2.0,2.0,2.0,2.0,2.0,2.0,2.0,2.0,2.0,2.0,2.0,2.0,2.0,2.0,2.0,2.0,2.0,2.0,2.0,2.0,2.0,2.0,2.0,2.0,2.0,2.0,2.0,2.0,2.0,2.0,2.0,2.0,2.0,2.0,2.0,2.0,2.0,2.0,2.0,2.0,2.0
4018,4.0,3.0,4.0,3.0,4.0,3.0,4.0,4.0,4.0,4.0,4.0,5.0,3.0,3.0,4.0,4.0,4.0,4.0,4.0,4.0,3.0,5.0,3.0,4.0,4.0,4.0,4.0,4.0,3.0,3.0,4.0,4.0,4.0,4.0,4.0,4.0,4.0,4.0,4.0,3.0,4.0,4.0,4.0,4.0,4.0,4.0,4.0,4.0,3.0,4.0,3.0,4.0,3.0,4.0,4.0,3.0,4.0,4.0,4.0,5.0,4.0,4.0,3.0,4.0,4.0,4.0,4.0,4.0,4.0,4.0,4.0,3.0,4.0,4.0,3.0,3.0,4.0,4.0,3.0,4.0,4.0,4.0,4.0,4.0,4.0,4.0,4.0,3.0,4.0,4.0,4.0,4.0,3.0,3.0,5.0,4.0,4.0,4.0,4.0,4.0,4.0,4.0,4.0,4.0,4.0,4.0,4.0,4.0,4.0,3.0,4.0,5.0,4.0,4.0,4.0,4.0,4.0,4.0,4.0,4.0,4.0,4.0,4.0,4.0,4.0,4.0,3.0,4.0
4019,3.0,3.0,3.0,3.0,3.0,3.0,3.0,3.0,3.0,3.0,3.0,3.0,3.0,3.0,3.0,3.0,3.0,3.0,3.0,3.0,3.0,3.0,3.0,3.0,3.0,3.0,3.0,3.0,3.0,3.0,3.0,3.0,3.0,3.0,3.0,3.0,3.0,3.0,3.0,3.0,3.0,3.0,3.0,3.0,3.0,3.0,3.0,3.0,3.0,3.0,3.0,3.0,3.0,3.0,3.0,3.0,3.0,3.0,3.0,3.0,3.0,3.0,3.0,3.0,3.0,3.0,3.0,3.0,3.0,3.0,3.0,3.0,3.0,3.0,3.0,3.0,3.0,3.0,3.0,3.0,3.0,3.0,3.0,3.0,3.0,3.0,3.0,3.0,3.0,3.0,3.0,3.0,3.0,3.0,3.0,3.0,3.0,3.0,3.0,3.0,3.0,3.0,3.0,3.0,3.0,3.0,3.0,3.0,3.0,3.0,3.0,3.0,3.0,3.0,3.0,3.0,3.0,3.0,3.0,3.0,3.0,3.0,3.0,3.0,3.0,3.0,3.0,3.0
4025,3.0,3.0,3.0,3.0,3.0,3.0,3.0,3.0,3.0,3.0,3.0,3.0,3.0,3.0,3.0,3.0,3.0,3.0,3.0,3.0,3.0,3.0,3.0,3.0,3.0,3.0,3.0,3.0,3.0,3.0,3.0,3.0,3.0,3.0,3.0,3.0,3.0,3.0,3.0,3.0,3.0,3.0,3.0,3.0,3.0,3.0,3.0,3.0,3.0,3.0,3.0,3.0,3.0,3.0,3.0,3.0,3.0,3.0,3.0,3.0,3.0,3.0,3.0,3.0,3.0,3.0,3.0,3.0,3.0,3.0,3.0,3.0,3.0,3.0,3.0,3.0,3.0,3.0,3.0,3.0,3.0,3.0,3.0,3.0,3.0,3.0,3.0,3.0,3.0,3.0,3.0,3.0,3.0,3.0,3.0,3.0,3.0,3.0,3.0,3.0,3.0,3.0,3.0,3.0,3.0,3.0,3.0,3.0,3.0,3.0,3.0,3.0,2.0,3.0,3.0,3.0,3.0,3.0,3.0,3.0,3.0,3.0,3.0,3.0,3.0,3.0,3.0,3.0
4026,3.0,3.0,3.0,3.0,3.0,3.0,3.0,3.0,3.0,3.0,3.0,3.0,3.0,3.0,3.0,3.0,3.0,3.0,3.0,3.0,3.0,3.0,3.0,3.0,3.0,3.0,3.0,3.0,3.0,3.0,3.0,3.0,3.0,3.0,3.0,3.0,3.0,3.0,3.0,3.0,3.0,3.0,3.0,3.0,3.0,3.0,3.0,3.0,3.0,3.0,3.0,3.0,3.0,3.0,3.0,3.0,3.0,4.0,3.0,3.0,3.0,3.0,3.0,3.0,3.0,3.0,3.0,3.0,3.0,3.0,3.0,3.0,3.0,4.0,3.0,3.0,3.0,3.0,3.0,3.0,3.0,3.0,3.0,3.0,3.0,3.0,3.0,3.0,3.0,3.0,3.0,3.0,3.0,3.0,3.0,3.0,3.0,3.0,3.0,3.0,3.0,3.0,3.0,3.0,3.0,3.0,3.0,3.0,3.0,3.0,3.0,3.0,3.0,3.0,3.0,3.0,3.0,3.0,3.0,3.0,3.0,3.0,3.0,3.0,3.0,3.0,3.0,3.0
4027,7.0,9.0,7.0,6.0,7.0,8.0,7.0,8.0,7.0,7.0,7.0,7.0,7.0,8.0,7.0,8.0,7.0,7.0,7.0,7.0,8.0,7.0,6.0,9.0,8.0,8.0,8.0,8.0,7.0,6.0,6.0,8.0,7.0,7.0,8.0,7.0,7.0,6.0,7.0,9.0,8.0,7.0,7.0,10.0,10.0,7.0,7.0,7.0,8.0,7.0,7.0,7.0,8.0,7.0,9.0,9.0,8.0,8.0,7.0,7.0,6.0,6.0,7.0,7.0,6.0,8.0,7.0,8.0,7.0,7.0,7.0,8.0,7.0,6.0,8.0,7.0,6.0,7.0,7.0,7.0,7.0,8.0,8.0,7.0,8.0,8.0,7.0,7.0,8.0,6.0,8.0,8.0,8.0,8.0,7.0,7.0,9.0,7.0,7.0,6.0,7.0,7.0,8.0,8.0,8.0,7.0,8.0,7.0,8.0,6.0,8.0,6.0,9.0,10.0,8.0,7.0,6.0,8.0,6.0,7.0,7.0,9.0,8.0,8.0,6.0,6.0,9.0,6.0
4030,2.0,2.0,2.0,2.0,2.0,2.0,2.0,2.0,2.0,2.0,2.0,2.0,2.0,2.0,2.0,2.0,2.0,2.0,2.0,2.0,2.0,2.0,2.0,2.0,2.0,2.0,2.0,2.0,2.0,2.0,2.0,2.0,2.0,2.0,2.0,2.0,2.0,2.0,2.0,2.0,2.0,2.0,2.0,2.0,2.0,2.0,2.0,2.0,2.0,2.0,2.0,2.0,2.0,2.0,2.0,2.0,2.0,2.0,2.0,2.0,2.0,2.0,2.0,2.0,2.0,2.0,2.0,2.0,2.0,2.0,2.0,2.0,2.0,2.0,2.0,2.0,2.0,2.0,2.0,2.0,2.0,2.0,2.0,2.0,2.0,2.0,2.0,2.0,2.0,2.0,2.0,2.0,2.0,2.0,2.0,2.0,2.0,2.0,2.0,2.0,2.0,2.0,2.0,2.0,2.0,2.0,2.0,2.0,2.0,2.0,2.0,2.0,2.0,2.0,2.0,2.0,2.0,2.0,2.0,2.0,2.0,2.0,2.0,2.0,2.0,2.0,2.0,2.0
4041,5.0,6.0,12.0,141.0,7.0,9.0,21.0,7.0,7.0,26.0,19.0,6.0,14.0,9.0,11.0,118.0,8.0,9.0,114.0,11.0,9.0,11.0,135.0,18.0,10.0,10.0,6.0,7.0,10.0,10.0,5.0,12.0,10.0,8.0,27.0,13.0,6.0,5.0,7.0,12.0,6.0,12.0,11.0,141.0,7.0,5.0,6.0,705.0,14.0,13.0,7.0,11.0,20.0,6.0,14.0,147.0,13.0,10.0,10.0,6.0,26.0,7.0,14.0,11.0,13.0,7.0,5.0,17.0,12.0,7.0,165.0,5.0,6.0,6.0,12.0,13.0,7.0,12.0,95.0,16.0,118.0,5.0,15.0,5.0,9.0,101.0,6.0,7.0,5.0,9.0,20.0,6.0,6.0,13.0,18.0,8.0,20.0,10.0,5.0,8.0,13.0,12.0,22.0,6.0,5.0,10.0,12.0,5.0,7.0,20.0,8.0,7.0,6.0,12.0,11.0,6.0,9.0,9.0,5.0,8.0,13.0,8.0,12.0,16.0,18.0,11.0,5.0,9.0
4047,3.0,3.0,3.0,3.0,3.0,3.0,3.0,3.0,3.0,3.0,3.0,3.0,3.0,3.0,3.0,3.0,3.0,3.0,3.0,3.0,3.0,3.0,3.0,3.0,3.0,3.0,3.0,3.0,3.0,3.0,3.0,3.0,3.0,3.0,3.0,3.0,3.0,3.0,3.0,3.0,3.0,3.0,3.0,3.0,3.0,3.0,3.0,3.0,3.0,3.0,3.0,3.0,3.0,3.0,3.0,3.0,3.0,3.0,3.0,3.0,3.0,3.0,3.0,3.0,3.0,3.0,3.0,3.0,3.0,3.0,3.0,3.0,3.0,3.0,3.0,3.0,3.0,3.0,3.0,3.0,3.0,3.0,3.0,3.0,3.0,3.0,3.0,3.0,3.0,3.0,3.0,3.0,3.0,3.0,3.0,3.0,3.0,3.0,3.0,3.0,3.0,3.0,3.0,3.0,3.0,3.0,3.0,3.0,3.0,3.0,3.0,3.0,3.0,3.0,3.0,3.0,3.0,3.0,3.0,3.0,3.0,3.0,3.0,3.0,3.0,3.0,3.0,3.0
4051,4.0,4.0,4.0,4.0,4.0,4.0,4.0,4.0,4.0,4.0,4.0,4.0,4.0,4.0,4.0,4.0,4.0,4.0,4.0,4.0,4.0,4.0,4.0,4.0,4.0,4.0,4.0,4.0,4.0,4.0,4.0,4.0,4.0,4.0,4.0,4.0,4.0,4.0,4.0,4.0,4.0,4.0,4.0,4.0,4.0,4.0,4.0,4.0,4.0,4.0,4.0,4.0,4.0,4.0,4.0,4.0,4.0,4.0,4.0,4.0,4.0,4.0,4.0,4.0,4.0,4.0,4.0,4.0,4.0,4.0,4.0,4.0,4.0,4.0,4.0,4.0,4.0,4.0,4.0,4.0,4.0,4.0,4.0,4.0,4.0,4.0,4.0,4.0,4.0,4.0,4.0,4.0,4.0,4.0,4.0,4.0,4.0,4.0,4.0,4.0,4.0,4.0,4.0,4.0,4.0,4.0,4.0,4.0,4.0,4.0,4.0,4.0,4.0,4.0,4.0,4.0,4.0,4.0,4.0,4.0,4.0,4.0,4.0,4.0,4.0,4.0,4.0,4.0
4052,2.0,2.0,2.0,2.0,2.0,2.0,2.0,2.0,2.0,2.0,2.0,2.0,2.0,2.0,2.0,2.0,2.0,2.0,2.0,2.0,2.0,2.0,2.0,2.0,2.0,2.0,2.0,2.0,2.0,2.0,2.0,2.0,2.0,2.0,2.0,2.0,2.0,2.0,2.0,2.0,2.0,2.0,2.0,2.0,2.0,2.0,2.0,2.0,2.0,2.0,2.0,2.0,2.0,2.0,2.0,2.0,2.0,2.0,2.0,2.0,2.0,2.0,2.0,2.0,2.0,2.0,2.0,2.0,2.0,2.0,2.0,2.0,2.0,2.0,2.0,2.0,2.0,2.0,2.0,2.0,2.0,2.0,2.0,2.0,2.0,2.0,2.0,2.0,2.0,2.0,2.0,2.0,2.0,2.0,2.0,2.0,2.0,2.0,2.0,2.0,2.0,2.0,2.0,2.0,2.0,2.0,2.0,2.0,2.0,2.0,2.0,2.0,2.0,2.0,2.0,2.0,2.0,2.0,2.0,2.0,2.0,2.0,2.0,2.0,2.0,2.0,2.0,2.0
4059,27.0,21.0,25.0,21.0,17.0,26.0,31.0,23.0,25.0,20.0,19.0,33.0,24.0,24.0,25.0,20.0,25.0,20.0,24.0,27.0,30.0,34.0,30.0,31.0,20.0,37.0,23.0,35.0,45.0,31.0,17.0,16.0,27.0,19.0,26.0,17.0,18.0,21.0,26.0,18.0,34.0,33.0,23.0,32.0,36.0,18.0,24.0,32.0,16.0,26.0,20.0,34.0,30.0,21.0,29.0,25.0,19.0,36.0,21.0,18.0,33.0,31.0,34.0,20.0,33.0,24.0,28.0,32.0,32.0,26.0,24.0,21.0,29.0,28.0,17.0,29.0,22.0,19.0,18.0,24.0,19.0,17.0,31.0,29.0,23.0,16.0,22.0,30.0,21.0,17.0,19.0,32.0,26.0,32.0,32.0,26.0,16.0,30.0,20.0,17.0,29.0,29.0,35.0,18.0,24.0,28.0,33.0,47.0,31.0,19.0,38.0,17.0,21.0,27.0,20.0,29.0,21.0,36.0,21.0,23.0,23.0,28.0,29.0,23.0,32.0,25.0,33.0,29.0
4060,389.0,397.0,314.0,432.0,240.0,428.0,439.0,399.0,451.0,327.0,500.0,549.0,474.0,374.0,404.0,442.0,129.0,309.0,275.0,332.0,483.0,304.0,293.0,359.0,269.0,191.0,357.0,355.0,257.0,269.0,484.0,340.0,376.0,215.0,86.0,285.0,332.0,222.0,229.0,343.0,442.0,482.0,532.0,424.0,138.0,255.0,392.0,254.0,441.0,453.0,386.0,219.0,254.0,92.0,362.0,320.0,280.0,264.0,300.0,475.0,304.0,304.0,232.0,467.0,302.0,290.0,291.0,322.0,243.0,318.0,420.0,311.0,270.0,292.0,100.0,252.0,237.0,218.0,242.0,246.0,202.0,277.0,255.0,235.0,300.0,255.0,442.0,337.0,262.0,409.0,300.0,321.0,376.0,245.0,352.0,463.0,320.0,478.0,201.0,316.0,284.0,355.0,510.0,463.0,338.0,463.0,295.0,422.0,314.0,332.0,288.0,274.0,281.0,441.0,372.0,378.0,300.0,347.0,439.0,278.0,241.0,270.0,271.0,279.0,256.0,246.0,510.0,267.0
4062,2.0,2.0,2.0,2.0,2.0,2.0,2.0,2.0,2.0,2.0,2.0,2.0,2.0,2.0,2.0,2.0,2.0,2.0,2.0,2.0,2.0,2.0,2.0,2.0,2.0,2.0,2.0,2.0,2.0,2.0,2.0,2.0,2.0,2.0,2.0,2.0,2.0,2.0,2.0,2.0,2.0,2.0,2.0,2.0,2.0,2.0,2.0,2.0,2.0,2.0,2.0,2.0,2.0,2.0,2.0,2.0,2.0,2.0,2.0,2.0,2.0,2.0,2.0,2.0,2.0,2.0,2.0,2.0,2.0,2.0,2.0,2.0,2.0,2.0,2.0,2.0,2.0,2.0,2.0,2.0,2.0,2.0,2.0,2.0,2.0,2.0,2.0,2.0,2.0,2.0,2.0,2.0,2.0,2.0,2.0,2.0,2.0,2.0,2.0,2.0,2.0,2.0,2.0,2.0,2.0,2.0,2.0,2.0,2.0,2.0,2.0,2.0,2.0,2.0,2.0,2.0,2.0,2.0,2.0,2.0,2.0,2.0,2.0,2.0,2.0,2.0,2.0,2.0
4064,10.0,8.0,9.0,10.0,10.0,10.0,7.0,10.0,8.0,8.0,10.0,10.0,6.0,9.0,8.0,11.0,10.0,8.0,10.0,10.0,10.0,10.0,7.0,10.0,11.0,10.0,10.0,8.0,8.0,10.0,10.0,10.0,10.0,10.0,10.0,9.0,10.0,10.0,10.0,10.0,10.0,10.0,7.0,10.0,10.0,10.0,10.0,10.0,10.0,8.0,8.0,9.0,10.0,11.0,8.0,10.0,8.0,10.0,10.0,10.0,11.0,10.0,7.0,9.0,10.0,8.0,8.0,8.0,10.0,11.0,10.0,8.0,10.0,8.0,10.0,9.0,10.0,8.0,10.0,10.0,10.0,10.0,10.0,8.0,10.0,10.0,9.0,10.0,8.0,10.0,10.0,10.0,10.0,10.0,9.0,10.0,10.0,10.0,10.0,10.0,10.0,8.0,10.0,10.0,10.0,9.0,10.0,8.0,10.0,10.0,10.0,6.0,12.0,10.0,10.0,10.0,10.0,10.0,10.0,8.0,9.0,8.0,11.0,9.0,9.0,10.0,9.0,10.0
4066,11.0,9.0,20.0,15.0,10.0,9.0,4.0,147.0,95.0,12.0,4.0,9.0,15.0,9.0,8.0,109.0,22.0,15.0,11.0,16.0,17.0,9.0,15.0,13.0,12.0,12.0,10.0,102.0,11.0,12.0,17.0,13.0,13.0,10.0,10.0,20.0,9.0,12.0,13.0,311.0,12.0,11.0,17.0,13.0,6.0,16.0,14.0,16.0,12.0,22.0,11.0,20.0,6.0,67.0,8.0,16.0,26.0,17.0,20.0,11.0,12.0,13.0,12.0,17.0,9.0,10.0,9.0,15.0,21.0,8.0,12.0,8.0,14.0,102.0,118.0,11.0,7.0,18.0,274.0,21.0,110.0,13.0,17.0,16.0,9.0,13.0,15.0,16.0,16.0,11.0,11.0,7.0,18.0,13.0,12.0,12.0,14.0,14.0,9.0,10.0,7.0,20.0,24.0,10.0,9.0,18.0,7.0,10.0,6.0,15.0,13.0,5.0,17.0,7.0,19.0,10.0,13.0,7.0,13.0,5.0,20.0,12.0,20.0,9.0,17.0,17.0,11.0,5.0
4071,4.0,4.0,1046.0,986.0,4.0,1032.0,4.0,1018.0,1029.0,1020.0,4.0,1018.0,1002.0,993.0,3.0,1052.0,1067.0,4.0,1025.0,4.0,1016.0,1025.0,4.0,1029.0,1002.0,4.0,1050.0,4.0,4.0,1026.0,4.0,4.0,4.0,3.0,4.0,3.0,1018.0,4.0,1006.0,4.0,1038.0,4.0,4.0,1033.0,4.0,1054.0,4.0,4.0,4.0,4.0,4.0,4.0,1069.0,1051.0,4.0,1001.0,1035.0,1028.0,4.0,4.0,4.0,4.0,1072.0,3.0,4.0,1039.0,4.0,1039.0,3.0,1006.0,4.0,1022.0,4.0,4.0,976.0,974.0,4.0,4.0,4.0,1131.0,4.0,1025.0,1014.0,1026.0,1003.0,4.0,3.0,4.0,4.0,1059.0,984.0,1051.0,1027.0,4.0,4.0,1054.0,1006.0,1043.0,1107.0,1040.0,4.0,4.0,4.0,4.0,1034.0,1046.0,4.0,4.0,1105.0,4.0,1008.0,4.0,1074.0,1045.0,1049.0,4.0,4.0,4.0,4.0,1043.0,4.0,4.0,4.0,4.0,1018.0,4.0,4.0,3.0
4086,2.0,2.0,2.0,2.0,2.0,2.0,2.0,2.0,2.0,2.0,2.0,2.0,2.0,2.0,2.0,2.0,2.0,2.0,2.0,2.0,2.0,2.0,2.0,2.0,2.0,2.0,2.0,2.0,2.0,2.0,2.0,2.0,2.0,2.0,2.0,2.0,2.0,2.0,2.0,2.0,2.0,2.0,2.0,2.0,2.0,2.0,2.0,2.0,2.0,2.0,2.0,2.0,2.0,2.0,2.0,2.0,2.0,2.0,2.0,2.0,2.0,2.0,2.0,2.0,2.0,2.0,2.0,2.0,2.0,2.0,2.0,2.0,2.0,2.0,2.0,2.0,2.0,2.0,2.0,2.0,2.0,2.0,2.0,2.0,2.0,2.0,2.0,2.0,2.0,2.0,2.0,2.0,2.0,2.0,2.0,2.0,2.0,2.0,2.0,2.0,2.0,2.0,2.0,2.0,2.0,2.0,2.0,2.0,2.0,2.0,2.0,2.0,2.0,2.0,2.0,2.0,2.0,2.0,2.0,2.0,2.0,2.0,2.0,2.0,2.0,2.0,2.0,2.0
4121,22.0,28.0,21.0,25.0,25.0,27.0,25.0,24.0,24.0,26.0,25.0,23.0,24.0,24.0,27.0,27.0,25.0,26.0,23.0,22.0,23.0,27.0,27.0,24.0,27.0,26.0,27.0,27.0,24.0,26.0,25.0,25.0,26.0,22.0,26.0,24.0,24.0,25.0,27.0,24.0,25.0,24.0,26.0,24.0,25.0,23.0,29.0,21.0,29.0,26.0,21.0,25.0,24.0,26.0,23.0,25.0,25.0,25.0,27.0,25.0,28.0,24.0,24.0,23.0,27.0,25.0,26.0,25.0,24.0,23.0,27.0,25.0,24.0,28.0,26.0,24.0,25.0,27.0,22.0,25.0,26.0,25.0,23.0,26.0,22.0,26.0,23.0,25.0,24.0,26.0,28.0,26.0,23.0,26.0,24.0,26.0,24.0,23.0,25.0,30.0,24.0,21.0,26.0,24.0,24.0,26.0,21.0,26.0,29.0,26.0,21.0,27.0,25.0,25.0,26.0,26.0,21.0,28.0,24.0,26.0,26.0,25.0,26.0,33.0,25.0,26.0,22.0,28.0
4145,5.0,5.0,5.0,5.0,5.0,5.0,5.0,5.0,5.0,5.0,5.0,5.0,5.0,5.0,5.0,5.0,5.0,5.0,5.0,5.0,5.0,5.0,5.0,5.0,5.0,5.0,5.0,5.0,5.0,5.0,5.0,5.0,5.0,5.0,5.0,5.0,5.0,5.0,5.0,5.0,5.0,5.0,5.0,5.0,5.0,5.0,5.0,5.0,5.0,5.0,5.0,5.0,5.0,5.0,5.0,5.0,5.0,5.0,5.0,5.0,5.0,5.0,5.0,5.0,5.0,5.0,5.0,5.0,5.0,5.0,5.0,5.0,5.0,5.0,5.0,5.0,5.0,5.0,5.0,5.0,5.0,5.0,5.0,5.0,5.0,5.0,5.0,5.0,5.0,5.0,5.0,5.0,5.0,5.0,5.0,5.0,5.0,5.0,5.0,5.0,5.0,5.0,5.0,5.0,5.0,5.0,5.0,5.0,5.0,5.0,5.0,5.0,5.0,5.0,5.0,5.0,5.0,5.0,5.0,5.0,5.0,5.0,5.0,5.0,5.0,5.0,5.0,5.0
4222,974.0,887.0,953.0,886.0,912.0,1.0,1.0,1.0,1.0,905.0,1.0,908.0,809.0,913.0,1.0,925.0,1.0,1064.0,1013.0,1.0,998.0,1026.0,988.0,1021.0,1016.0,1008.0,1015.0,944.0,1006.0,1.0,928.0,1.0,1013.0,1004.0,992.0,1.0,1.0,1.0,1.0,1020.0,982.0,994.0,1.0,922.0,1.0,988.0,1.0,1.0,932.0,996.0,1.0,1047.0,1.0,1090.0,1.0,1.0,1000.0,1.0,1019.0,960.0,1.0,981.0,1040.0,993.0,1061.0,981.0,959.0,1010.0,1009.0,978.0,1.0,1.0,984.0,1.0,1.0,952.0,1.0,1031.0,1.0,1.0,1.0,1025.0,998.0,1.0,1.0,1.0,1.0,991.0,1.0,1.0,981.0,1017.0,1.0,986.0,1.0,1.0,1.0,1.0,1015.0,1022.0,1.0,1.0,1.0,915.0,1.0,1.0,976.0,1.0,1.0,1.0,1002.0,1.0,968.0,1.0,1.0,1.0,1.0,1069.0,1.0,955.0,1.0,1.0,1.0,937.0,988.0,1.0,1.0,1.0
4231,2.0,2.0,2.0,2.0,2.0,2.0,2.0,2.0,2.0,2.0,2.0,2.0,2.0,2.0,2.0,2.0,2.0,2.0,2.0,2.0,2.0,2.0,2.0,2.0,2.0,2.0,2.0,2.0,2.0,2.0,2.0,2.0,2.0,2.0,2.0,2.0,2.0,2.0,2.0,2.0,2.0,2.0,2.0,2.0,2.0,2.0,2.0,2.0,2.0,2.0,2.0,2.0,2.0,2.0,2.0,2.0,2.0,2.0,2.0,2.0,2.0,2.0,2.0,2.0,2.0,2.0,2.0,2.0,2.0,2.0,2.0,2.0,2.0,2.0,2.0,2.0,2.0,2.0,2.0,2.0,2.0,2.0,2.0,2.0,2.0,2.0,2.0,2.0,2.0,2.0,2.0,2.0,2.0,2.0,2.0,2.0,2.0,2.0,2.0,2.0,2.0,2.0,2.0,2.0,2.0,2.0,2.0,2.0,2.0,2.0,2.0,2.0,2.0,2.0,2.0,2.0,2.0,2.0,2.0,2.0,2.0,2.0,2.0,2.0,2.0,2.0,2.0,2.0
4267,3.0,4.0,3.0,3.0,4.0,4.0,4.0,3.0,3.0,4.0,3.0,3.0,3.0,3.0,4.0,4.0,4.0,4.0,4.0,4.0,3.0,4.0,3.0,4.0,3.0,4.0,3.0,4.0,3.0,4.0,4.0,3.0,4.0,4.0,3.0,3.0,4.0,3.0,4.0,4.0,4.0,3.0,4.0,3.0,3.0,4.0,3.0,3.0,4.0,4.0,4.0,4.0,4.0,3.0,3.0,4.0,4.0,4.0,4.0,3.0,4.0,3.0,3.0,4.0,3.0,3.0,4.0,3.0,4.0,4.0,4.0,3.0,3.0,3.0,5.0,4.0,4.0,4.0,3.0,3.0,4.0,3.0,3.0,4.0,3.0,3.0,3.0,4.0,4.0,3.0,4.0,3.0,3.0,4.0,4.0,3.0,4.0,3.0,4.0,3.0,3.0,3.0,3.0,3.0,3.0,3.0,3.0,3.0,4.0,3.0,3.0,4.0,3.0,4.0,3.0,3.0,4.0,4.0,3.0,4.0,3.0,4.0,4.0,3.0,3.0,3.0,4.0,3.0
4268,1.0,1.0,1199.0,1291.0,1.0,1384.0,1.0,1241.0,1179.0,1619.0,1132.0,1.0,1194.0,1313.0,1240.0,1.0,1.0,1.0,1365.0,1385.0,1605.0,1601.0,1418.0,1498.0,1282.0,1.0,1.0,1547.0,1.0,1.0,1325.0,1.0,1636.0,1299.0,1254.0,1434.0,1240.0,1.0,1511.0,1.0,1254.0,1233.0,1.0,1315.0,1.0,1.0,1336.0,1.0,1.0,1.0,1254.0,1412.0,1.0,1.0,1.0,1.0,1239.0,1258.0,1.0,1616.0,1161.0,1.0,1273.0,1424.0,1280.0,1.0,1316.0,1.0,1530.0,1686.0,1269.0,1.0,1290.0,1.0,1304.0,1327.0,1.0,1.0,1618.0,1.0,1391.0,1248.0,1233.0,1.0,1279.0,1607.0,1216.0,1690.0,1.0,1380.0,1323.0,1332.0,1.0,1.0,1629.0,1.0,1680.0,1281.0,1200.0,1634.0,1.0,1.0,1.0,1271.0,1.0,1.0,1636.0,1.0,1228.0,1.0,1.0,1321.0,1632.0,1244.0,1273.0,1.0,1283.0,1271.0,1.0,1599.0,1.0,1257.0,1.0,1.0,1273.0,1.0,1.0,1631.0
4269,14.0,17.0,15.0,18.0,16.0,17.0,17.0,17.0,17.0,15.0,18.0,16.0,16.0,15.0,15.0,15.0,17.0,22.0,17.0,20.0,15.0,17.0,17.0,17.0,15.0,16.0,16.0,26.0,15.0,33.0,18.0,15.0,17.0,17.0,15.0,17.0,19.0,17.0,15.0,17.0,17.0,14.0,15.0,17.0,15.0,17.0,15.0,15.0,20.0,18.0,18.0,17.0,17.0,15.0,17.0,17.0,17.0,15.0,15.0,15.0,17.0,15.0,15.0,15.0,15.0,16.0,15.0,15.0,19.0,16.0,17.0,17.0,15.0,15.0,17.0,15.0,15.0,15.0,15.0,15.0,20.0,14.0,14.0,22.0,15.0,16.0,17.0,17.0,17.0,17.0,17.0,15.0,15.0,17.0,15.0,17.0,20.0,17.0,17.0,15.0,15.0,17.0,15.0,18.0,19.0,17.0,15.0,15.0,14.0,22.0,15.0,17.0,15.0,17.0,15.0,16.0,17.0,19.0,15.0,18.0,15.0,17.0,15.0,16.0,15.0,15.0,15.0,17.0
4270,1.0,887.0,1.0,1.0,911.0,1.0,880.0,941.0,869.0,904.0,912.0,1.0,1.0,912.0,929.0,924.0,993.0,1058.0,1.0,1.0,996.0,1.0,1.0,1013.0,1.0,1.0,1.0,944.0,1.0,1177.0,1.0,1014.0,1013.0,1.0,1.0,1.0,970.0,1.0,1.0,1.0,982.0,1.0,932.0,1.0,1000.0,984.0,1003.0,1014.0,1.0,1.0,1.0,1043.0,1.0,1.0,1.0,1.0,1.0,1063.0,1.0,944.0,1.0,1.0,1037.0,993.0,1054.0,1.0,950.0,1009.0,1.0,1.0,1.0,907.0,969.0,997.0,1.0,949.0,1.0,1029.0,998.0,1.0,982.0,1024.0,1000.0,900.0,948.0,1.0,986.0,1.0,1.0,1.0,1.0,1016.0,1.0,1.0,979.0,1007.0,1.0,1.0,1.0,1019.0,1.0,1.0,926.0,1.0,1.0,932.0,973.0,935.0,985.0,1.0,1009.0,1.0,1.0,1.0,1019.0,977.0,964.0,1.0,1.0,933.0,987.0,971.0,1.0,935.0,1.0,999.0,1.0,983.0
4271,974.0,887.0,948.0,886.0,893.0,1.0,1.0,929.0,867.0,1.0,963.0,1.0,1.0,1.0,1.0,924.0,994.0,1.0,993.0,963.0,987.0,1004.0,988.0,1.0,1.0,1000.0,1012.0,945.0,1005.0,1175.0,1.0,1.0,1.0,1.0,992.0,1054.0,1.0,959.0,1001.0,1.0,1.0,1.0,935.0,1.0,1.0,1.0,975.0,1015.0,1.0,1.0,1152.0,1.0,930.0,1.0,1.0,1.0,1.0,1062.0,1012.0,961.0,1.0,1.0,1.0,971.0,1014.0,1.0,1.0,1.0,1.0,977.0,1.0,894.0,959.0,1.0,1.0,955.0,1.0,1031.0,1.0,1.0,982.0,1022.0,999.0,1.0,949.0,955.0,1.0,955.0,1.0,1001.0,1.0,1.0,1.0,1.0,1.0,1009.0,974.0,1.0,1015.0,1.0,985.0,1057.0,1.0,1.0,989.0,1.0,978.0,935.0,970.0,1.0,1.0,1.0,961.0,928.0,1.0,978.0,1.0,1.0,1.0,937.0,1.0,969.0,1.0,1.0,978.0,998.0,1069.0,1.0
4295,4.0,46.0,3.0,79.0,6.0,6.0,8.0,4.0,12.0,4.0,4.0,10.0,7.0,70.0,60.0,7.0,3.0,13.0,19.0,9.0,7.0,9.0,3.0,12.0,58.0,7.0,4.0,3.0,12.0,58.0,6.0,10.0,10.0,9.0,10.0,10.0,5.0,73.0,12.0,4.0,7.0,4.0,74.0,8.0,3.0,9.0,11.0,6.0,79.0,5.0,66.0,9.0,4.0,91.0,47.0,3.0,68.0,5.0,8.0,5.0,6.0,7.0,7.0,75.0,15.0,71.0,3.0,6.0,14.0,4.0,8.0,4.0,88.0,4.0,8.0,8.0,10.0,3.0,3.0,263.0,3.0,6.0,9.0,97.0,69.0,13.0,70.0,5.0,69.0,7.0,10.0,9.0,12.0,83.0,6.0,3.0,7.0,6.0,13.0,7.0,14.0,8.0,7.0,5.0,206.0,5.0,15.0,66.0,7.0,5.0,3.0,9.0,9.0,4.0,4.0,7.0,62.0,7.0,5.0,126.0,20.0,6.0,10.0,5.0,12.0,5.0,244.0,5.0
4296,7.0,7.0,9.0,7.0,8.0,8.0,7.0,8.0,9.0,7.0,6.0,8.0,9.0,9.0,7.0,7.0,9.0,8.0,8.0,9.0,9.0,8.0,9.0,7.0,9.0,9.0,7.0,7.0,8.0,8.0,8.0,9.0,8.0,8.0,9.0,9.0,6.0,7.0,8.0,7.0,8.0,8.0,8.0,9.0,8.0,7.0,8.0,7.0,7.0,7.0,9.0,8.0,7.0,6.0,7.0,7.0,7.0,9.0,7.0,8.0,8.0,8.0,7.0,7.0,7.0,7.0,7.0,8.0,8.0,8.0,9.0,8.0,8.0,8.0,8.0,7.0,7.0,8.0,6.0,7.0,8.0,6.0,8.0,8.0,8.0,9.0,9.0,8.0,8.0,7.0,9.0,8.0,9.0,8.0,6.0,7.0,6.0,7.0,9.0,9.0,7.0,8.0,8.0,5.0,5.0,8.0,7.0,8.0,9.0,9.0,8.0,7.0,9.0,9.0,7.0,7.0,7.0,6.0,8.0,7.0,7.0,7.0,8.0,7.0,7.0,8.0,8.0,8.0
4302,14.0,47.0,19.0,20.0,22.0,844.0,37.0,531.0,17.0,768.0,44.0,17.0,18.0,912.0,20.0,33.0,595.0,774.0,224.0,774.0,37.0,763.0,11.0,22.0,740.0,578.0,17.0,13.0,750.0,29.0,15.0,5.0,22.0,1000.0,47.0,16.0,783.0,18.0,36.0,5.0,535.0,677.0,645.0,923.0,734.0,550.0,831.0,757.0,50.0,995.0,16.0,939.0,966.0,7.0,32.0,40.0,643.0,28.0,9.0,8.0,773.0,26.0,396.0,775.0,942.0,15.0,35.0,8.0,666.0,9.0,38.0,9.0,9.0,576.0,39.0,93.0,39.0,656.0,29.0,643.0,34.0,668.0,11.0,661.0,38.0,14.0,767.0,14.0,41.0,35.0,693.0,14.0,12.0,60.0,665.0,28.0,763.0,29.0,61.0,507.0,30.0,8.0,911.0,28.0,885.0,11.0,19.0,36.0,51.0,35.0,30.0,581.0,12.0,691.0,27.0,31.0,22.0,44.0,33.0,846.0,901.0,896.0,12.0,691.0,659.0,558.0,23.0,368.0
4316,268.0,246.0,279.0,257.0,264.0,259.0,238.0,242.0,312.0,253.0,229.0,226.0,282.0,210.0,267.0,290.0,275.0,313.0,325.0,302.0,350.0,302.0,283.0,285.0,327.0,290.0,287.0,614.0,606.0,307.0,392.0,309.0,280.0,291.0,290.0,329.0,311.0,276.0,307.0,297.0,333.0,306.0,323.0,318.0,438.0,360.0,272.0,346.0,297.0,271.0,356.0,364.0,248.0,305.0,353.0,326.0,292.0,266.0,309.0,319.0,308.0,289.0,322.0,347.0,323.0,329.0,294.0,286.0,283.0,288.0,281.0,274.0,288.0,319.0,341.0,316.0,301.0,309.0,326.0,278.0,301.0,354.0,279.0,241.0,308.0,275.0,265.0,271.0,284.0,333.0,296.0,291.0,262.0,307.0,368.0,351.0,305.0,322.0,268.0,326.0,295.0,265.0,409.0,316.0,272.0,335.0,328.0,379.0,291.0,716.0,263.0,320.0,380.0,264.0,336.0,281.0,365.0,253.0,298.0,329.0,314.0,282.0,303.0,276.0,349.0,315.0,315.0,278.0
4317,16.0,16.0,16.0,17.0,17.0,17.0,17.0,15.0,17.0,16.0,17.0,17.0,17.0,17.0,17.0,16.0,17.0,16.0,16.0,16.0,16.0,17.0,15.0,16.0,17.0,16.0,16.0,16.0,17.0,16.0,17.0,17.0,16.0,17.0,15.0,15.0,17.0,16.0,16.0,18.0,16.0,16.0,17.0,17.0,17.0,15.0,17.0,17.0,16.0,16.0,17.0,17.0,17.0,17.0,15.0,16.0,16.0,18.0,16.0,16.0,17.0,17.0,17.0,17.0,17.0,17.0,17.0,17.0,17.0,16.0,14.0,15.0,16.0,17.0,17.0,16.0,17.0,17.0,17.0,17.0,17.0,17.0,17.0,17.0,16.0,17.0,17.0,17.0,17.0,17.0,16.0,16.0,16.0,17.0,16.0,16.0,15.0,16.0,17.0,17.0,17.0,20.0,15.0,17.0,14.0,17.0,19.0,16.0,16.0,17.0,17.0,15.0,17.0,16.0,19.0,16.0,17.0,16.0,16.0,17.0,17.0,16.0,17.0,17.0,17.0,16.0,17.0,17.0
4324,5.0,940.0,5.0,4.0,4.0,49.0,897.0,957.0,5.0,4.0,42.0,4.0,18.0,4.0,687.0,5.0,46.0,399.0,56.0,1000.0,986.0,4.0,1131.0,5.0,4.0,5.0,4.0,1134.0,5.0,55.0,130.0,5.0,1047.0,5.0,54.0,46.0,64.0,1140.0,54.0,4.0,5.0,1112.0,5.0,68.0,5.0,44.0,5.0,4.0,5.0,4.0,4.0,1070.0,4.0,1028.0,1051.0,52.0,4.0,158.0,45.0,75.0,50.0,5.0,47.0,80.0,5.0,1092.0,55.0,1107.0,5.0,5.0,1119.0,1035.0,43.0,180.0,69.0,5.0,1068.0,944.0,4.0,5.0,1006.0,4.0,4.0,4.0,5.0,5.0,6.0,5.0,4.0,5.0,15.0,1007.0,5.0,51.0,5.0,5.0,4.0,3.0,18.0,4.0,5.0,1154.0,1118.0,5.0,4.0,18.0,5.0,737.0,4.0,5.0,5.0,933.0,5.0,70.0,125.0,41.0,5.0,4.0,50.0,69.0,44.0,5.0,42.0,70.0,4.0,4.0,1147.0,5.0
4353,18.0,22.0,17.0,19.0,988.0,17.0,180.0,18.0,46.0,18.0,17.0,18.0,16.0,18.0,24.0,26.0,19.0,17.0,28.0,19.0,110.0,17.0,18.0,110.0,19.0,169.0,28.0,37.0,20.0,25.0,18.0,18.0,19.0,117.0,19.0,107.0,20.0,17.0,201.0,17.0,20.0,17.0,19.0,22.0,21.0,22.0,17.0,19.0,27.0,31.0,16.0,19.0,22.0,18.0,28.0,26.0,24.0,20.0,20.0,28.0,21.0,14.0,25.0,24.0,20.0,27.0,23.0,18.0,21.0,18.0,18.0,22.0,15.0,21.0,20.0,24.0,21.0,24.0,20.0,13.0,17.0,137.0,17.0,23.0,122.0,25.0,163.0,25.0,39.0,19.0,20.0,18.0,135.0,17.0,21.0,17.0,186.0,19.0,18.0,111.0,15.0,21.0,19.0,17.0,27.0,17.0,17.0,18.0,28.0,19.0,20.0,18.0,20.0,21.0,23.0,16.0,25.0,21.0,16.0,24.0,17.0,20.0,113.0,18.0,20.0,25.0,22.0,20.0
4357,197.0,178.0,184.0,191.0,176.0,185.0,184.0,176.0,180.0,194.0,185.0,185.0,177.0,178.0,177.0,190.0,172.0,193.0,191.0,196.0,195.0,187.0,184.0,183.0,184.0,192.0,182.0,187.0,181.0,177.0,179.0,192.0,191.0,180.0,184.0,177.0,188.0,183.0,169.0,189.0,192.0,183.0,204.0,193.0,185.0,196.0,184.0,182.0,181.0,184.0,168.0,181.0,180.0,182.0,197.0,182.0,183.0,183.0,194.0,184.0,188.0,183.0,188.0,178.0,183.0,184.0,185.0,188.0,179.0,186.0,185.0,203.0,199.0,185.0,184.0,173.0,203.0,197.0,188.0,178.0,177.0,179.0,187.0,197.0,194.0,180.0,176.0,176.0,179.0,178.0,168.0,188.0,180.0,183.0,182.0,199.0,182.0,188.0,205.0,181.0,173.0,187.0,182.0,183.0,184.0,181.0,178.0,200.0,189.0,183.0,180.0,206.0,187.0,188.0,187.0,194.0,176.0,190.0,186.0,175.0,178.0,194.0,184.0,182.0,197.0,176.0,185.0,191.0
4395,120.0,109.0,125.0,121.0,112.0,130.0,138.0,118.0,123.0,122.0,87.0,116.0,112.0,119.0,134.0,120.0,212.0,280.0,198.0,256.0,249.0,223.0,232.0,212.0,228.0,218.0,210.0,214.0,202.0,170.0,233.0,195.0,228.0,232.0,199.0,182.0,226.0,198.0,207.0,248.0,222.0,198.0,211.0,228.0,226.0,201.0,211.0,213.0,224.0,201.0,168.0,217.0,162.0,196.0,221.0,208.0,170.0,237.0,195.0,217.0,206.0,195.0,186.0,189.0,171.0,208.0,233.0,216.0,212.0,202.0,233.0,222.0,249.0,231.0,226.0,214.0,224.0,199.0,201.0,198.0,190.0,229.0,218.0,231.0,246.0,172.0,214.0,232.0,218.0,209.0,201.0,194.0,163.0,207.0,203.0,238.0,218.0,215.0,221.0,180.0,213.0,209.0,242.0,219.0,199.0,215.0,233.0,212.0,215.0,217.0,211.0,216.0,182.0,221.0,218.0,205.0,214.0,201.0,203.0,197.0,218.0,218.0,213.0,240.0,208.0,185.0,222.0,202.0
4473,532.0,655.0,3.0,673.0,585.0,722.0,749.0,655.0,370.0,832.0,490.0,5.0,512.0,546.0,515.0,532.0,870.0,3.0,519.0,1028.0,737.0,815.0,3.0,893.0,720.0,891.0,3.0,3.0,781.0,477.0,624.0,702.0,843.0,974.0,946.0,1069.0,786.0,560.0,800.0,3.0,816.0,822.0,637.0,969.0,807.0,670.0,844.0,886.0,817.0,529.0,463.0,913.0,778.0,845.0,720.0,553.0,1039.0,811.0,731.0,723.0,763.0,800.0,607.0,581.0,810.0,852.0,749.0,395.0,818.0,958.0,625.0,719.0,863.0,630.0,905.0,579.0,829.0,716.0,785.0,258.0,799.0,747.0,712.0,3.0,732.0,806.0,545.0,741.0,884.0,799.0,767.0,579.0,837.0,774.0,623.0,627.0,832.0,971.0,886.0,810.0,679.0,836.0,877.0,552.0,819.0,509.0,656.0,830.0,932.0,531.0,744.0,767.0,672.0,816.0,697.0,781.0,578.0,525.0,690.0,745.0,556.0,779.0,955.0,834.0,541.0,882.0,1000.0,700.0
4480,2.0,2.0,2.0,2.0,2.0,2.0,2.0,2.0,2.0,2.0,2.0,2.0,2.0,2.0,2.0,2.0,2.0,2.0,2.0,2.0,2.0,2.0,2.0,2.0,2.0,2.0,2.0,2.0,2.0,2.0,2.0,2.0,2.0,2.0,2.0,2.0,2.0,2.0,2.0,2.0,2.0,2.0,2.0,2.0,2.0,2.0,2.0,2.0,2.0,2.0,2.0,2.0,2.0,2.0,2.0,2.0,2.0,2.0,2.0,2.0,2.0,2.0,2.0,2.0,2.0,2.0,2.0,2.0,2.0,2.0,2.0,2.0,2.0,2.0,2.0,2.0,2.0,2.0,2.0,2.0,2.0,2.0,2.0,2.0,2.0,2.0,2.0,2.0,2.0,2.0,2.0,2.0,2.0,2.0,2.0,2.0,2.0,2.0,2.0,2.0,2.0,2.0,2.0,2.0,2.0,2.0,2.0,2.0,2.0,2.0,2.0,2.0,2.0,2.0,2.0,2.0,2.0,2.0,2.0,2.0,2.0,2.0,2.0,2.0,2.0,2.0,2.0,2.0
4512,3.0,3.0,3.0,3.0,3.0,3.0,3.0,3.0,3.0,3.0,3.0,3.0,3.0,3.0,3.0,3.0,3.0,3.0,3.0,3.0,3.0,3.0,3.0,3.0,3.0,3.0,3.0,3.0,3.0,3.0,3.0,3.0,3.0,3.0,3.0,3.0,3.0,3.0,3.0,3.0,3.0,3.0,3.0,3.0,3.0,3.0,3.0,3.0,3.0,3.0,3.0,3.0,3.0,3.0,3.0,3.0,3.0,3.0,3.0,3.0,3.0,3.0,3.0,3.0,3.0,3.0,3.0,3.0,3.0,3.0,3.0,3.0,3.0,3.0,3.0,3.0,3.0,3.0,3.0,3.0,3.0,3.0,3.0,3.0,3.0,3.0,3.0,3.0,3.0,3.0,3.0,3.0,3.0,3.0,3.0,3.0,3.0,3.0,3.0,3.0,3.0,3.0,3.0,3.0,3.0,3.0,3.0,3.0,3.0,3.0,3.0,3.0,3.0,3.0,3.0,3.0,3.0,3.0,3.0,3.0,3.0,3.0,3.0,3.0,3.0,3.0,3.0,3.0
4515,20.0,19.0,19.0,21.0,21.0,15.0,19.0,18.0,17.0,20.0,23.0,18.0,18.0,21.0,19.0,22.0,18.0,19.0,22.0,18.0,18.0,19.0,18.0,23.0,20.0,20.0,21.0,18.0,18.0,21.0,19.0,22.0,20.0,19.0,20.0,20.0,20.0,16.0,21.0,18.0,22.0,19.0,19.0,18.0,19.0,18.0,21.0,22.0,20.0,19.0,18.0,18.0,20.0,22.0,17.0,19.0,20.0,22.0,19.0,22.0,20.0,22.0,19.0,20.0,19.0,15.0,18.0,20.0,20.0,25.0,19.0,18.0,21.0,19.0,20.0,19.0,20.0,19.0,18.0,19.0,20.0,21.0,22.0,19.0,20.0,18.0,19.0,24.0,18.0,18.0,20.0,20.0,20.0,20.0,19.0,21.0,18.0,23.0,21.0,19.0,19.0,19.0,19.0,19.0,21.0,17.0,19.0,20.0,18.0,20.0,21.0,21.0,21.0,19.0,20.0,19.0,17.0,18.0,17.0,20.0,17.0,19.0,20.0,22.0,19.0,18.0,19.0,20.0
4516,19.0,18.0,23.0,24.0,21.0,18.0,21.0,24.0,21.0,21.0,18.0,23.0,20.0,18.0,22.0,18.0,22.0,18.0,19.0,18.0,18.0,19.0,22.0,18.0,18.0,25.0,21.0,18.0,20.0,19.0,21.0,24.0,21.0,25.0,23.0,17.0,18.0,18.0,18.0,18.0,20.0,22.0,17.0,21.0,23.0,23.0,21.0,17.0,22.0,18.0,25.0,25.0,19.0,21.0,22.0,21.0,17.0,24.0,18.0,19.0,23.0,18.0,22.0,23.0,21.0,25.0,18.0,23.0,25.0,18.0,22.0,22.0,25.0,23.0,18.0,21.0,20.0,22.0,16.0,18.0,23.0,19.0,23.0,23.0,22.0,18.0,25.0,20.0,18.0,18.0,18.0,18.0,18.0,19.0,22.0,21.0,23.0,23.0,21.0,18.0,24.0,22.0,18.0,24.0,18.0,24.0,25.0,24.0,18.0,21.0,23.0,24.0,21.0,20.0,18.0,22.0,18.0,24.0,19.0,25.0,21.0,25.0,17.0,18.0,23.0,22.0,18.0,23.0
4524,10.0,11.0,11.0,11.0,11.0,10.0,11.0,10.0,11.0,12.0,11.0,12.0,11.0,11.0,11.0,11.0,11.0,10.0,10.0,10.0,11.0,10.0,10.0,11.0,11.0,11.0,9.0,11.0,11.0,11.0,11.0,11.0,11.0,11.0,11.0,10.0,11.0,11.0,10.0,11.0,10.0,11.0,10.0,11.0,10.0,10.0,11.0,11.0,11.0,12.0,9.0,11.0,10.0,10.0,11.0,11.0,10.0,10.0,11.0,11.0,10.0,10.0,11.0,10.0,11.0,11.0,11.0,11.0,11.0,10.0,11.0,11.0,11.0,11.0,10.0,9.0,9.0,11.0,10.0,10.0,10.0,10.0,9.0,11.0,10.0,11.0,11.0,11.0,10.0,11.0,11.0,11.0,9.0,11.0,10.0,10.0,11.0,11.0,10.0,11.0,11.0,9.0,11.0,11.0,9.0,10.0,11.0,10.0,11.0,11.0,11.0,10.0,10.0,11.0,11.0,10.0,11.0,11.0,11.0,10.0,11.0,11.0,9.0,11.0,11.0,11.0,11.0,11.0
4525,120.0,107.0,57.0,98.0,50.0,88.0,97.0,85.0,91.0,99.0,108.0,115.0,77.0,24.0,91.0,120.0,98.0,115.0,96.0,95.0,115.0,103.0,98.0,89.0,95.0,116.0,52.0,94.0,113.0,91.0,82.0,136.0,95.0,100.0,94.0,78.0,104.0,28.0,115.0,119.0,100.0,104.0,94.0,113.0,97.0,110.0,94.0,109.0,87.0,96.0,31.0,111.0,96.0,97.0,102.0,81.0,94.0,129.0,97.0,103.0,26.0,100.0,54.0,86.0,80.0,98.0,93.0,106.0,91.0,58.0,100.0,101.0,107.0,100.0,77.0,75.0,98.0,87.0,102.0,101.0,104.0,100.0,93.0,125.0,73.0,82.0,109.0,45.0,92.0,87.0,57.0,109.0,101.0,87.0,36.0,107.0,54.0,107.0,111.0,99.0,98.0,96.0,80.0,109.0,95.0,96.0,95.0,112.0,110.0,112.0,85.0,113.0,104.0,26.0,51.0,89.0,96.0,104.0,113.0,63.0,98.0,103.0,111.0,56.0,123.0,102.0,90.0,91.0
4529,6.0,6.0,6.0,6.0,6.0,6.0,6.0,6.0,6.0,6.0,6.0,6.0,6.0,6.0,7.0,6.0,6.0,6.0,6.0,6.0,6.0,6.0,6.0,6.0,6.0,6.0,6.0,6.0,6.0,6.0,6.0,8.0,6.0,6.0,6.0,6.0,6.0,6.0,6.0,6.0,6.0,6.0,6.0,6.0,8.0,7.0,6.0,7.0,6.0,6.0,7.0,6.0,6.0,6.0,6.0,6.0,6.0,6.0,6.0,6.0,6.0,6.0,6.0,6.0,6.0,6.0,6.0,6.0,6.0,6.0,6.0,6.0,6.0,6.0,6.0,6.0,6.0,6.0,6.0,6.0,6.0,6.0,6.0,6.0,6.0,7.0,6.0,6.0,6.0,7.0,6.0,6.0,6.0,6.0,6.0,6.0,6.0,6.0,6.0,6.0,6.0,6.0,6.0,6.0,6.0,6.0,6.0,6.0,6.0,6.0,7.0,7.0,6.0,6.0,6.0,6.0,6.0,6.0,6.0,6.0,5.0,6.0,6.0,6.0,6.0,6.0,6.0,6.0
4549,71.0,35.0,44.0,37.0,23.0,22.0,34.0,23.0,21.0,31.0,14.0,22.0,25.0,15.0,25.0,13.0,15.0,20.0,27.0,39.0,30.0,19.0,20.0,14.0,24.0,23.0,16.0,23.0,16.0,16.0,17.0,24.0,18.0,28.0,17.0,20.0,18.0,19.0,18.0,36.0,29.0,35.0,22.0,20.0,26.0,17.0,32.0,28.0,21.0,20.0,47.0,38.0,23.0,30.0,33.0,28.0,20.0,29.0,38.0,12.0,28.0,17.0,23.0,17.0,15.0,22.0,24.0,30.0,25.0,34.0,15.0,29.0,19.0,21.0,18.0,25.0,26.0,28.0,22.0,28.0,32.0,25.0,25.0,14.0,19.0,15.0,28.0,22.0,18.0,25.0,10.0,21.0,21.0,17.0,13.0,20.0,17.0,14.0,20.0,20.0,18.0,12.0,21.0,20.0,29.0,21.0,20.0,20.0,16.0,19.0,11.0,25.0,15.0,29.0,26.0,41.0,24.0,23.0,13.0,35.0,22.0,19.0,22.0,18.0,15.0,26.0,26.0,12.0
4558,6.0,7.0,6.0,7.0,7.0,5.0,5.0,7.0,6.0,7.0,7.0,7.0,7.0,6.0,5.0,7.0,5.0,7.0,5.0,7.0,7.0,6.0,5.0,7.0,7.0,6.0,7.0,6.0,7.0,7.0,7.0,6.0,7.0,7.0,7.0,5.0,7.0,7.0,7.0,5.0,7.0,7.0,7.0,7.0,6.0,7.0,5.0,7.0,6.0,7.0,6.0,7.0,6.0,5.0,6.0,7.0,5.0,7.0,7.0,6.0,7.0,5.0,5.0,7.0,6.0,7.0,7.0,7.0,7.0,7.0,7.0,6.0,7.0,7.0,6.0,7.0,6.0,7.0,7.0,5.0,5.0,6.0,6.0,6.0,7.0,6.0,7.0,7.0,7.0,7.0,7.0,5.0,6.0,5.0,6.0,7.0,5.0,7.0,6.0,7.0,7.0,6.0,5.0,6.0,6.0,6.0,6.0,6.0,5.0,6.0,7.0,7.0,6.0,7.0,6.0,7.0,6.0,7.0,6.0,5.0,5.0,7.0,7.0,5.0,7.0,7.0,6.0,7.0
4567,38.0,34.0,18.0,30.0,23.0,31.0,29.0,27.0,34.0,32.0,29.0,17.0,32.0,29.0,29.0,29.0,24.0,30.0,22.0,35.0,28.0,29.0,31.0,34.0,34.0,17.0,27.0,28.0,20.0,34.0,29.0,28.0,32.0,30.0,31.0,27.0,31.0,36.0,29.0,31.0,30.0,32.0,33.0,22.0,30.0,28.0,31.0,31.0,30.0,25.0,35.0,32.0,30.0,29.0,35.0,31.0,31.0,28.0,30.0,33.0,29.0,32.0,30.0,26.0,34.0,31.0,30.0,37.0,35.0,30.0,29.0,35.0,16.0,30.0,36.0,36.0,20.0,31.0,37.0,31.0,25.0,24.0,28.0,31.0,26.0,33.0,33.0,30.0,24.0,29.0,21.0,37.0,25.0,21.0,35.0,31.0,35.0,32.0,29.0,36.0,25.0,33.0,31.0,35.0,33.0,28.0,29.0,26.0,31.0,20.0,30.0,29.0,31.0,34.0,29.0,29.0,30.0,29.0,31.0,30.0,35.0,37.0,21.0,30.0,36.0,31.0,40.0,28.0
4596,3.0,3.0,3.0,3.0,3.0,3.0,3.0,3.0,3.0,3.0,3.0,3.0,3.0,3.0,3.0,3.0,3.0,3.0,3.0,3.0,3.0,3.0,3.0,3.0,3.0,3.0,3.0,3.0,3.0,3.0,3.0,3.0,3.0,3.0,3.0,3.0,3.0,3.0,3.0,3.0,3.0,3.0,3.0,3.0,3.0,3.0,3.0,3.0,3.0,3.0,3.0,3.0,3.0,3.0,3.0,3.0,3.0,3.0,3.0,3.0,3.0,3.0,3.0,3.0,3.0,3.0,3.0,3.0,3.0,3.0,3.0,3.0,3.0,3.0,3.0,3.0,3.0,3.0,3.0,3.0,3.0,3.0,3.0,3.0,3.0,3.0,3.0,3.0,3.0,3.0,3.0,3.0,3.0,3.0,3.0,3.0,3.0,3.0,3.0,3.0,3.0,3.0,3.0,3.0,3.0,3.0,3.0,3.0,3.0,3.0,3.0,3.0,3.0,3.0,3.0,3.0,3.0,3.0,3.0,3.0,3.0,3.0,3.0,3.0,3.0,3.0,3.0,3.0
4599,5.0,7.0,5.0,5.0,5.0,10.0,58.0,19.0,8.0,6.0,17.0,5.0,5.0,13.0,7.0,9.0,5.0,5.0,9.0,7.0,15.0,7.0,5.0,5.0,5.0,7.0,7.0,6.0,9.0,5.0,10.0,5.0,8.0,5.0,11.0,5.0,5.0,5.0,7.0,5.0,5.0,7.0,8.0,6.0,6.0,11.0,7.0,5.0,5.0,6.0,5.0,6.0,5.0,5.0,8.0,7.0,5.0,5.0,5.0,6.0,6.0,8.0,5.0,5.0,5.0,5.0,10.0,5.0,5.0,5.0,7.0,6.0,5.0,9.0,5.0,5.0,11.0,8.0,5.0,5.0,14.0,5.0,8.0,5.0,5.0,8.0,8.0,5.0,6.0,5.0,6.0,5.0,9.0,5.0,5.0,8.0,5.0,6.0,5.0,520.0,5.0,8.0,5.0,5.0,78.0,7.0,5.0,17.0,5.0,8.0,6.0,5.0,9.0,5.0,5.0,5.0,9.0,5.0,8.0,6.0,6.0,5.0,5.0,6.0,7.0,5.0,5.0,38.0
4600,189.0,188.0,16.0,193.0,177.0,184.0,176.0,172.0,179.0,186.0,188.0,182.0,178.0,174.0,180.0,189.0,173.0,185.0,189.0,191.0,183.0,184.0,189.0,174.0,181.0,188.0,184.0,184.0,183.0,181.0,181.0,195.0,184.0,174.0,186.0,175.0,186.0,175.0,177.0,192.0,193.0,181.0,191.0,191.0,187.0,185.0,179.0,10.0,175.0,185.0,172.0,189.0,179.0,187.0,193.0,177.0,183.0,183.0,185.0,188.0,179.0,187.0,182.0,181.0,168.0,185.0,178.0,184.0,179.0,15.0,185.0,205.0,187.0,185.0,178.0,177.0,189.0,188.0,190.0,187.0,182.0,178.0,181.0,199.0,186.0,183.0,185.0,180.0,185.0,171.0,163.0,16.0,186.0,179.0,189.0,18.0,184.0,183.0,198.0,189.0,178.0,184.0,184.0,182.0,182.0,180.0,18.0,196.0,185.0,184.0,180.0,202.0,188.0,187.0,189.0,190.0,177.0,185.0,183.0,174.0,173.0,192.0,186.0,173.0,195.0,181.0,187.0,186.0
4601,6.0,7.0,6.0,6.0,6.0,6.0,6.0,6.0,6.0,6.0,6.0,6.0,6.0,6.0,6.0,6.0,6.0,6.0,6.0,6.0,6.0,6.0,6.0,6.0,6.0,6.0,6.0,6.0,6.0,6.0,6.0,6.0,6.0,6.0,6.0,6.0,6.0,6.0,6.0,6.0,6.0,6.0,6.0,7.0,6.0,6.0,6.0,6.0,6.0,6.0,6.0,6.0,6.0,6.0,7.0,6.0,7.0,6.0,6.0,6.0,6.0,6.0,6.0,6.0,6.0,7.0,6.0,6.0,6.0,6.0,6.0,6.0,6.0,6.0,6.0,6.0,6.0,6.0,6.0,6.0,6.0,6.0,6.0,6.0,6.0,6.0,6.0,6.0,6.0,6.0,6.0,7.0,6.0,6.0,6.0,6.0,6.0,6.0,6.0,6.0,6.0,6.0,7.0,6.0,6.0,6.0,6.0,6.0,6.0,6.0,6.0,6.0,7.0,8.0,6.0,6.0,6.0,7.0,6.0,6.0,6.0,6.0,6.0,6.0,6.0,6.0,6.0,6.0
4602,7.0,7.0,7.0,6.0,6.0,7.0,7.0,7.0,7.0,7.0,5.0,7.0,6.0,7.0,6.0,7.0,7.0,7.0,7.0,7.0,7.0,7.0,7.0,5.0,7.0,6.0,7.0,7.0,7.0,7.0,8.0,7.0,7.0,7.0,7.0,7.0,7.0,7.0,7.0,7.0,7.0,6.0,6.0,7.0,7.0,7.0,6.0,7.0,7.0,7.0,5.0,7.0,7.0,7.0,7.0,6.0,7.0,6.0,4.0,5.0,7.0,7.0,7.0,4.0,7.0,6.0,6.0,7.0,7.0,6.0,6.0,7.0,6.0,7.0,7.0,7.0,6.0,7.0,6.0,7.0,7.0,7.0,7.0,7.0,7.0,7.0,7.0,7.0,7.0,6.0,7.0,7.0,5.0,7.0,7.0,7.0,7.0,7.0,7.0,7.0,7.0,7.0,7.0,7.0,7.0,7.0,7.0,6.0,6.0,7.0,6.0,7.0,7.0,7.0,7.0,7.0,6.0,7.0,7.0,7.0,6.0,7.0,7.0,7.0,7.0,7.0,7.0,7.0
