,0,1,2,3,4,5,6,7,8,9,10,11,12,13,14,15
0,0.0,0.0,0.0,0.12862999737262726,0.0,0.0,0.0,0.0,0.0,0.0,0.0,0.0,0.0,0.0,0.0,0.0
1,0.0,0.0,0.0,0.0,0.0,0.0,0.46693599224090576,0.0,0.0,0.0,0.0,0.0,0.0,0.0,0.0,0.0
3,0.0,0.0,0.0,0.0,0.0,0.0,0.0,0.0,0.0,0.0,0.0,0.0,0.4164416790008545,0.0,0.0,0.0
7,0.0,0.0,0.0,0.0,0.0,0.0,0.0,0.0,0.0,0.0,0.0,0.0,0.0,0.0,0.0,0.0
20,0.0,0.0,0.0,0.0,0.0,0.0,0.0,0.0,0.0,0.0,0.0,0.0,0.0,0.0,0.0,0.0
31,0.9952659606933594,0.9993610382080078,0.9969614744186401,0.9049479961395264,0.9014257192611694,0.9991559982299805,0.9561769962310791,0.9922119975090027,0.9974946975708008,0.994809627532959,0.9989360570907593,0.9362075328826904,0.9605447053909302,0.9981870055198669,0.9657149314880371,0.8358023166656494
37,0.7779459953308105,0.8292744159698486,0.7812670469284058,0.9216688871383667,0.7689423561096191,0.7664158940315247,0.0,0.0,0.8862350583076477,0.7670729160308838,0.7669792771339417,0.6971776485443115,0.0,0.0,0.6333364844322205,0.0
41,0.0,0.0,0.0,0.0,0.0,0.0,0.0,0.0,0.0,0.0,0.0,0.0,0.0,0.0,0.0,0.0
43,0.0,0.0,0.0,0.0,0.0,0.0,0.0,0.0,0.0,0.0,0.0,0.0,0.0,0.0,0.0,0.0
46,0.0,0.0,0.0,0.0,0.0,0.0,0.0,0.0,0.0,0.0,0.0,0.0,0.0,0.0,0.0,0.0
48,0.43015795946121216,0.0,0.0,0.8055036067962646,0.0,0.0,0.0,0.0,0.6457753777503967,0.5866293907165527,0.6114169955253601,0.6552168726921082,0.48739513754844666,0.0,0.5868839025497437,0.0
49,0.0,0.0,0.0,0.0,0.0,0.0,0.0,0.0,0.0,0.0,0.0,0.0,0.0,0.0,0.0,0.0
51,0.0,0.0,0.0,0.0,0.0,0.0,0.6177229881286621,0.0,0.0,0.0,0.0,0.24924099445343018,0.0,0.0,0.0,0.18258799612522125
54,0.0,0.0,0.0,0.0,0.12585200369358063,0.0,0.2308346927165985,0.0,0.0,0.0,0.0,0.0,0.03749633580446243,0.0,0.0,0.0
58,0.0,0.0,0.0,0.0,0.0,0.0,0.0,0.0,0.0,0.0,0.0,0.0,0.0,0.0,0.0,0.0
89,0.0,0.5030908584594727,0.0,0.2825392484664917,0.0,0.17113450169563293,0.0,0.037532445043325424,0.0786120668053627,0.0,0.28164976835250854,0.0,0.0,0.0,0.0,0.0
95,0.0,0.0,0.0,0.0,0.0,0.0,0.0,0.0,0.0,0.0,0.0,0.0,0.0,0.0,0.0,0.0
99,0.0,0.0,0.0,0.0,0.0,0.0,0.0,0.0,0.0,0.0,0.0,0.0,0.0,0.0,0.0,0.0
104,0.0,0.0,0.0,0.0,0.0,0.0,0.0,0.0,0.0,0.0,0.0,0.0,0.015703750774264336,0.0,0.0,0.0
106,0.6098020076751709,0.9863917231559753,0.9766979813575745,0.997642993927002,0.897548258304596,0.0,0.9981850385665894,0.7627140283584595,0.690468966960907,0.9840289950370789,0.0,0.703484296798706,0.7269660234451294,0.9927760362625122,0.6962239742279053,0.9595802426338196
115,0.0,0.0,0.0,0.0,0.0,0.0,0.0,0.0,0.0,0.0,0.0,0.0,0.0,0.0,0.0,0.0
118,0.0,0.0,0.0,0.0,0.0,0.0,0.0,0.0,0.0,0.0,0.0,0.0,0.0,0.0,0.0,0.0
123,0.0,0.0,0.0,0.0,0.0,0.0,0.0,0.0,0.0,0.0,0.0,0.0,0.0,0.0,0.0,0.0
126,0.0,0.0,0.0,0.0,0.0,0.0,0.0,0.0,0.0,0.0,0.0,0.0,0.0,0.0,0.0,0.0
132,0.9961979985237122,0.9771100282669067,0.996734619140625,0.998993992805481,0.9996077418327332,0.9590440392494202,0.9368520379066467,0.9447925090789795,0.9182607531547546,0.923514723777771,0.9443309903144836,0.9982210397720337,0.9328933954238892,0.9862329959869385,0.9487844705581665,0.9983826875686646
170,0.0,0.0,0.0,0.0,0.0,0.0,0.0,0.0,0.0,0.0,0.0,0.0,0.0,0.0,0.0,0.0
173,0.0,0.0,0.0,0.0,0.0,0.0,0.0,0.0,0.0,0.0,0.0,0.0,0.0,0.0,0.0,0.0
186,0.290439248085022,0.2646792531013489,0.7360150218009949,0.36535000801086426,0.24924421310424805,0.3941657543182373,0.1470935046672821,0.08724924921989441,0.17678099870681763,0.20715799927711487,0.481610506772995,0.5468705296516418,0.16853424906730652,0.2615457773208618,0.0,0.0905556008219719
191,0.21942299604415894,0.1647062599658966,0.02203875035047531,0.0,0.08503799885511398,0.631521463394165,0.3882143497467041,0.0,0.28036847710609436,0.056775499135255814,0.049171000719070435,0.11432849615812302,0.17678649723529816,0.1543346643447876,0.18434849381446838,0.1777476668357849
202,0.0,0.0,0.0,0.0,0.0,0.0,0.0,0.0,0.0,0.0,0.0,0.0,0.0,0.0,0.0,0.0
211,0.0,0.0,0.0,0.0,0.0,0.0,0.0,0.0,0.0,0.0,0.0,0.0,0.0,0.0,0.0,0.0
213,0.0758434385061264,0.2760838270187378,0.0,0.0,0.0,0.08499868214130402,0.0,0.008728635497391224,0.0,0.0,0.05094694718718529,0.0,0.0,0.0,0.0604327954351902,0.0
224,0.0,0.0,0.0,0.0,0.0,0.0,0.0,0.0,0.0,0.0,0.0,0.0,0.0,0.0,0.0,0.0
248,0.0,0.0,0.0,0.0,0.0,0.0,0.0,0.0,0.0,0.0,0.0,0.0,0.0,0.0,0.0,0.0
250,0.1179187148809433,0.9843140244483948,0.07934600114822388,0.7381630539894104,0.23294174671173096,0.0,0.3536309003829956,0.0,0.0,0.013274000957608223,0.0,0.1276291459798813,0.008224000222980976,0.5033252835273743,0.0,0.0
253,0.0,0.0,0.0,0.0,0.0,0.0,0.0,0.0,0.0,0.0,0.0,0.0,0.0,0.0,0.0,0.0
254,0.0,0.0,0.0,0.0,0.0,0.0,0.0,0.0,0.0,0.0,0.0,0.0,0.0,0.0,0.0,0.0
256,0.0,0.0,0.0,0.0,0.0,0.0,0.0,0.0,0.0,0.0,0.0,0.0,0.0,0.0,0.0,0.0
258,0.0,0.0,0.09343099594116211,0.0,0.0,0.0,0.0688270553946495,0.08276014775037766,0.0,0.0,0.03268318623304367,0.0,0.0,0.0,0.0,0.0
262,0.0,0.0,0.131643608212471,0.08422599732875824,0.0,0.0,0.0,0.019622333347797394,0.0,0.0,0.0,0.0,0.02465200051665306,0.047688670456409454,0.0,0.024008333683013916
266,0.024013668298721313,0.0,0.0,0.050660211592912674,0.20245252549648285,0.15449568629264832,0.0,0.0,0.0,0.0,0.0,0.0,0.0,0.0,0.0,0.0
271,0.0,0.0,0.0,0.0,0.0,0.0,0.0,0.0,0.0,0.0,0.0,0.0,0.0,0.0,0.0,0.0
275,0.0,0.0,0.0,0.0,0.0,0.0,0.0,0.0,0.0,0.0,0.0,0.0,0.0,0.0,0.0,0.0
281,0.0,0.0,0.0,0.0,0.0,0.0,0.0,0.0050505176186561584,0.0,0.0,0.0,0.0,0.0,0.0,0.15086500346660614,0.0
283,0.0,0.0,0.0,0.0,0.0,0.0,0.0,0.0,0.0,0.0,0.0,0.0,0.0,0.0,0.0,0.0
284,0.0,0.0,0.05362071469426155,0.0,0.0,0.0,0.0,0.0,0.0,0.0,0.0,0.0,0.0,0.0,0.0,0.0
288,0.0,0.0,0.0,0.0,0.0,0.0,0.0,0.0,0.0,0.0,0.0,0.0,0.0,0.0,0.0,0.0
292,0.14411060512065887,0.0,0.030259834602475166,0.0,0.0,0.0,0.0,0.0,0.0,0.0,0.0,0.0,0.0241073165088892,0.0,0.0,0.0
296,0.0,0.0,0.0,0.0,0.0,0.0,0.0,0.0,0.0,0.0,0.0,0.0,0.0,0.0,0.0,0.0
313,0.0,0.0,0.0,0.0,0.0,0.0,0.0,0.0,0.0,0.0,0.0,0.0,0.0,0.0,0.0,0.0
316,0.0,0.0,0.0,0.0,0.0,0.0,0.0,0.0,0.0,0.0,0.0,0.0,0.0,0.0,0.0,0.0
324,0.0,0.0,0.0,0.0,0.0,0.0,0.0,0.0,0.0,0.0,0.0,0.0,0.0,0.0,0.0,0.0
326,0.0,0.0,0.0,0.0,0.0,0.0,0.0,0.0,0.0,0.0,0.0,0.0,0.0,0.0,0.0,0.0
346,0.5063929557800293,0.3781740069389343,0.5119986534118652,0.43660101294517517,0.9992160201072693,0.9911490082740784,0.43557900190353394,0.9936345219612122,0.8813070058822632,0.58661949634552,0.3081195056438446,0.2794283628463745,0.6434166431427002,0.2671450078487396,0.9889709949493408,0.19744150340557098
351,0.0,0.0,0.0,0.0,0.8897606730461121,0.0,0.0,0.0,0.0,0.0,0.0,0.0,0.0,0.0,0.5664971470832825,0.0
355,0.0,0.0,0.0,0.0,0.0,0.0,0.0,0.0,0.0,0.0,0.0,0.0,0.0,0.0,0.0,0.0
361,0.0,0.0,0.0,0.0,0.0,0.0,0.0,0.0,0.0,0.0,0.0,0.0,0.0,0.0,0.0,0.0
368,0.0,0.0,0.0,0.0,0.0,0.0,0.0,0.0,0.0,0.0,0.0,0.0,0.0,0.0,0.0,0.0
369,0.6351658701896667,0.4475014805793762,0.6751952767372131,0.5241687297821045,0.7280857563018799,0.678668737411499,0.9140176773071289,0.7858601212501526,0.3805619180202484,0.6840628981590271,0.6915113925933838,0.555130660533905,0.6279340386390686,0.6672983765602112,0.20570145547389984,0.40502607822418213
374,0.0,0.0,0.0,0.0,0.0,0.0,0.0,0.0,0.0,0.0,0.0,0.0,0.0,0.0,0.0,0.0
385,0.0,0.0,0.0,0.0,0.0,0.0,0.0,0.0,0.0,0.0,0.0,0.0,0.0,0.0,0.0,0.0
388,0.0,0.2920163869857788,0.04052512347698212,0.5635024905204773,0.24739138782024384,0.7296337485313416,0.5057369470596313,0.0,0.4502960741519928,0.49886202812194824,0.3783094882965088,0.0,0.0,0.5183284282684326,0.5831794738769531,0.32508864998817444
398,0.06737740337848663,0.3333841562271118,0.24658875167369843,0.22075097262859344,0.13141900300979614,0.18193869292736053,0.0,0.26600614190101624,0.0,0.07118277996778488,0.17076024413108826,0.3043452203273773,0.37625280022621155,0.013524176552891731,0.22539940476417542,0.7592395544052124
406,0.5451250076293945,0.33558639883995056,0.5416749715805054,0.5765998959541321,0.32708874344825745,0.8555771112442017,0.0,0.31734317541122437,0.0,0.2560845911502838,0.0,0.23156380653381348,0.5241944193840027,0.0,0.0,0.0
407,0.0,0.0,0.0,0.0,0.0,0.0,0.0,0.0,0.0,0.0,0.0,0.0,0.0,0.0,0.0,0.0
408,0.0,0.0,0.0,0.0,0.0,0.0,0.0,0.0,0.0,0.0,0.0,0.0,0.0,0.0,0.0,0.0
420,0.0,0.3630065321922302,0.0,0.0,0.0,0.0,0.0,0.0,0.0,0.0,0.0,0.0,0.0,0.0,0.0,0.1231718584895134
421,0.0,0.0,0.0,0.0,0.0,0.0,0.0,0.0,0.0,0.0,0.0,0.0,0.0,0.0,0.0,0.0
426,0.0933094471693039,0.7496102452278137,0.05227920040488243,0.0,0.1270388811826706,0.06285949796438217,0.6296712160110474,0.37966668605804443,0.7816399931907654,0.044005751609802246,0.0,0.4599798023700714,0.22371958196163177,0.19727353751659393,0.6867557764053345,0.13611753284931183
428,0.9622533917427063,0.7655165791511536,0.48143863677978516,0.6846054196357727,0.6003848910331726,0.7487552165985107,0.6955927610397339,0.673707127571106,0.8052703738212585,0.8544968962669373,0.5465217232704163,0.15224657952785492,0.07275977730751038,0.6631773710250854,0.9091987013816833,0.0
430,0.04755900055170059,0.0,0.014499400742352009,0.0,0.0,0.0,0.0,0.0,0.0,0.0,0.0,0.0,0.0,0.0,0.0,0.0
435,0.8825989961624146,0.8526272177696228,0.538741409778595,0.0,0.7192614078521729,0.0,0.7639800906181335,0.6664184927940369,0.8760554194450378,0.9867068529129028,0.6873583197593689,0.5921732187271118,0.06958030164241791,0.0,0.7922823429107666,0.7023615837097168
438,0.0,0.0,0.0,0.0,0.0,0.0,0.0,0.0,0.0,0.0,0.0,0.0,0.0,0.0,0.0,0.0
443,0.014699844643473625,0.015667250379920006,0.0396706722676754,0.17728036642074585,0.01851588673889637,0.0,0.02082318812608719,0.04330190271139145,0.04620571434497833,0.01690613478422165,0.045916445553302765,0.022983159869909286,0.0513552725315094,0.03139743208885193,0.04509682580828667,0.0
447,0.0,0.0,0.0,0.0,0.0,0.0,0.0,0.0,0.0,0.0,0.0,0.0,0.0,0.0,0.0,0.0
449,0.0,0.37699347734451294,0.0,0.0,0.7654553651809692,0.9856904149055481,0.0,0.69819575548172,0.9538261294364929,0.0,0.0,0.0,0.0,0.6925222277641296,0.8829594850540161,0.69060879945755
452,0.0,0.0,0.049911003559827805,0.0,0.0,0.0,0.0,0.0,0.0,0.0,0.0,0.0,0.0,0.0,0.0,0.0
464,0.0,0.0,0.0,0.0,0.0,0.0,0.0,0.0,0.0,0.0,0.0,0.0,0.0,0.0,0.0,0.0
467,0.0,0.0,0.0,0.0,0.0,0.0,0.0,0.0,0.0,0.0,0.07552921772003174,0.14360719919204712,0.0,0.0,0.0,0.0
469,0.0,0.0,0.0,0.0,0.0,0.0,0.0,0.0,0.0,0.0,0.0,0.0,0.0,0.10911399871110916,0.0,0.0
470,0.6453816890716553,0.0,0.0,0.7567247748374939,0.7660530805587769,0.6509235501289368,0.0,0.8614929914474487,0.0,0.9623745083808899,0.6504868865013123,0.9729629755020142,0.0,0.0,0.0,0.9529255032539368
474,0.0,0.0,0.0,0.0,0.0,0.0,0.0,0.0,0.0,0.0,0.0,0.0,0.0,0.0,0.0,0.0
477,0.0,0.0,0.0,0.0,0.0,0.0,0.0,0.0,0.0,0.0,0.0,0.0,0.0,0.0,0.0,0.0
479,0.0,0.0,0.0,0.0,0.0,0.0,0.0,0.0,0.0,0.0,0.0,0.0,0.0,0.0,0.0,0.0
480,0.0,0.02872050181031227,0.014322355389595032,0.016215145587921143,0.039852894842624664,0.13895182311534882,0.0,0.010633166879415512,0.031165961176156998,0.07092256098985672,0.0,0.01297461986541748,0.03920697793364525,0.0,0.0640891045331955,0.0
481,0.07501479983329773,0.8029351234436035,0.7379693388938904,0.7282450795173645,0.6364560127258301,0.0,0.0,0.9952520132064819,0.0,0.9700207710266113,0.7515348792076111,0.3947247266769409,0.0,0.8150085210800171,0.047322023659944534,0.0
487,0.0,0.0,0.0,0.0,0.0,0.0,0.0,0.0,0.0,0.0,0.0,0.0,0.5110824704170227,0.0,0.0,0.0
494,0.0,0.0,0.0,0.0,0.0,0.0,0.0,0.0,0.0,0.0,0.0,0.0,0.0,0.0,0.0,0.0
496,0.0,0.0,0.0,0.0,0.0,0.0,0.0,0.0,0.0,0.0,0.0,0.0,0.0,0.05415969714522362,0.0,0.0
505,0.0,0.0,0.0,0.0,0.0,0.0,0.0,0.0,0.0,0.0,0.0,0.0,0.0,0.0,0.0,0.0
513,0.0,0.0,0.0,0.0,0.0,0.0,0.0,0.0,0.0,0.0,0.0,0.0,0.0,0.0,0.0,0.0
518,0.0,0.0,0.0,0.0,0.0,0.0,0.0,0.0,0.0,0.0,0.0,0.0,0.0,0.0,0.0,0.0
520,0.012891885824501514,0.0,0.24436114728450775,0.04439486190676689,0.06521409004926682,0.10302499681711197,0.02516394853591919,0.04120982065796852,0.0,0.1782810240983963,0.0,0.03333333507180214,0.0,0.0,0.22416429221630096,0.0
521,0.0,0.0,0.2587289810180664,0.014458057470619678,0.0,0.0,0.18057994544506073,0.19246509671211243,0.0,0.2698608636856079,0.0,0.23413674533367157,0.0,0.24287612736225128,0.0,0.29291290044784546
531,0.0,0.0,0.0,0.0,0.0,0.0,0.0,0.0,0.0,0.0,0.0,0.0,0.0,0.0,0.0,0.0
545,0.0,0.0,0.0,0.0,0.0,0.182247132062912,0.0,0.0,0.06149500235915184,0.2723318338394165,0.0,0.07470700144767761,0.09337600320577621,0.0,0.0,0.0
547,0.0,0.0,0.0,0.0,0.0,0.0,0.0,0.0,0.0,0.0,0.0,0.0,0.0,0.0,0.0,0.0
554,0.36462756991386414,0.27061721682548523,0.0,0.5215561985969543,0.0,0.0,0.0,0.0900900810956955,0.4333224296569824,0.0,0.0,0.16723553836345673,0.19055530428886414,0.0,0.26944416761398315,0.35046616196632385
555,0.0,0.0,0.0,0.0,0.0,0.0,0.0,0.0,0.0,0.0,0.0,0.0,0.0,0.0,0.0,0.0
557,0.0,0.36790016293525696,0.0,0.0,0.0,0.0,0.9956605434417725,0.0,0.0,0.0,0.0,0.0,0.0,0.0,0.3670657277107239,0.0
561,0.0,0.0,0.0,0.0,0.0,0.0,0.0,0.0,0.0,0.0,0.0,0.0,0.0,0.0,0.0,0.0
568,0.0,0.0,0.0,0.0,0.0,0.0,0.0,0.0,0.0,0.0,0.0,0.0,0.0,0.0,0.0,0.0
570,0.0,0.0,0.0,0.0,0.0,0.0,0.0,0.0,0.0,0.0,0.0,0.0,0.0,0.0,0.0,0.0
577,0.0,0.0,0.0,0.0,0.0,0.0,0.0,0.0,0.0,0.0,0.0,0.0,0.0,0.0,0.0,0.0
588,0.0,0.0,0.0,0.0,0.0,0.0,0.0,0.0,0.0,0.0,0.0,0.0,0.0,0.0,0.0,0.0
603,0.0,0.0,0.0,0.0,0.0,0.0,0.0,0.0,0.0,0.0,0.0,0.0,0.0,0.0,0.0,0.0
613,0.0,0.0,0.0,0.0,0.0,0.0,0.5965067148208618,0.0,0.0,0.0,0.0,0.0,0.3307608366012573,0.8093047142028809,0.0,0.0
622,0.0,0.022839250043034554,0.24640311300754547,0.28716838359832764,0.02408033236861229,0.09510871767997742,0.36761143803596497,0.35187721252441406,0.5120448470115662,0.0530826672911644,0.12218975275754929,0.036343712359666824,0.03364500030875206,0.09035162627696991,0.13358475267887115,0.3885575234889984
635,0.0,0.0,0.0,0.0,0.0,0.0,0.0,0.0,0.0,0.0,0.0,0.0,0.0,0.0,0.0,0.0
643,0.0,0.0,0.0,0.0,0.0,0.0,0.0,0.0,0.0,0.0,0.0,0.0,0.0,0.0,0.0,0.0
653,0.0,0.0,0.0,0.0,0.0,0.0,0.0,0.0,0.0,0.0,0.0,0.0,0.0,0.0,0.0,0.0
661,0.9487836360931396,0.9071145057678223,0.9342513680458069,0.21611948311328888,0.864294171333313,0.780938446521759,0.8780868649482727,0.5084262490272522,0.920755922794342,0.7900456190109253,0.15331585705280304,0.22671900689601898,0.18922331929206848,0.027514584362506866,0.7492623329162598,0.8423710465431213
662,0.6666577458381653,0.9821837544441223,0.008639249950647354,0.2530182898044586,0.0,0.0,0.0,0.21966074407100677,0.2366655468940735,0.0,0.7647503614425659,0.058374401181936264,0.3181702494621277,0.3085961639881134,0.609468936920166,0.12387178838253021
664,0.0,0.0,0.0,0.0,0.0,0.0,0.0,0.0,0.0,0.0,0.0,0.0,0.0,0.0,0.0,0.0
677,0.0,0.0,0.0,0.0,0.0,0.0,0.0,0.0,0.0,0.0,0.0,0.0,0.0,0.0,0.0,0.0
678,0.16206969320774078,0.0,0.0,0.0,0.0,0.0,0.0,0.0,0.0,0.0,0.0,0.0,0.0,0.0,0.0,0.0
680,0.12145057320594788,0.24615301191806793,0.0,0.0,0.0,0.0,0.0,0.0,0.0,0.0,0.0,0.3463091552257538,0.3165228068828583,0.0,0.0,0.0
681,0.0,0.1468742936849594,0.03565042465925217,0.03442171961069107,0.6366830468177795,0.0,0.034660741686820984,0.0,0.0,0.0,0.5277094841003418,0.0,0.012398245744407177,0.0,0.26214587688446045,0.7323817014694214
684,0.1483461856842041,0.08596249669790268,0.0,0.0,0.0,0.02288658544421196,0.0,0.0,0.07470276951789856,0.0,0.060405898839235306,0.2738426923751831,0.049258265644311905,0.0,0.0,0.0
689,0.0,0.0,0.0,0.0,0.0,0.0,0.0,0.0,0.0,0.0,0.0,0.0,0.0,0.0,0.0,0.0
695,0.13036799430847168,0.0,0.2593044936656952,0.0,0.7344602346420288,0.16480401158332825,0.0,0.0,0.0,0.0,0.0,0.0,0.1161702424287796,0.0,0.0,0.17579025030136108
704,0.0,0.0,0.0,0.0,0.0,0.0,0.0,0.0,0.0,0.0,0.0,0.0,0.0,0.0,0.0,0.0
724,0.0,0.0,0.0,0.0,0.0,0.0,0.0,0.0,0.0,0.0,0.0,0.0,0.0,0.0,0.0,0.0
725,0.0,0.0,0.0,0.0,0.0,0.0,0.38998156785964966,0.08468057960271835,0.0,0.0,0.4577690064907074,0.0,0.0,0.0,0.0,0.0
731,0.0,0.0,0.0,0.0,0.0,0.0,0.0,0.0,0.0,0.0,0.0,0.0,0.0,0.0,0.0,0.0
737,0.0,0.0,0.0,0.0,0.0,0.0,0.0,0.0,0.0,0.0,0.0,0.0,0.0,0.0,0.0,0.0
738,0.0,0.0,0.0,0.0,0.0,0.0,0.0,0.0,0.0,0.0,0.0,0.0,0.0,0.0,0.0,0.0
751,0.0,0.0,0.0,0.0,0.0,0.0,0.0,0.0,0.0,0.0,0.0,0.0,0.0,0.0,0.0,0.0
753,0.6731452345848083,0.3814758062362671,0.7264552712440491,0.6344406604766846,0.6728461980819702,0.7264371514320374,0.6174029111862183,0.7826479077339172,0.6279072761535645,0.0,0.8141802549362183,0.39090895652770996,0.8297834992408752,0.7124390006065369,0.6711737513542175,0.4049942195415497
755,0.0,0.0,0.0,0.0,0.0,0.0,0.0,0.0,0.0,0.0,0.0,0.0,0.0,0.0,0.0,0.0
761,0.0,0.0,0.0,0.0,0.0,0.0,0.0,0.0,0.0,0.0,0.0,0.0,0.0,0.0,0.0,0.0
762,0.0,0.0,0.0,0.0,0.0,0.0,0.0,0.0,0.0,0.0,0.0,0.0,0.0,0.0,0.0,0.0
766,0.0,0.0,0.0,0.0,0.1855173408985138,0.21973800659179688,0.042070500552654266,0.0,0.44742950797080994,0.0,0.0,0.03560499846935272,0.0,0.0,0.0,0.0
767,0.0,0.0,0.0,0.0,0.0,0.0,0.0,0.0,0.0,0.0,0.0,0.0,0.0,0.0,0.0,0.0
772,0.0,0.0,0.0,0.0,0.0,0.0,0.0,0.0,0.0,0.0,0.0,0.0,0.0,0.0,0.0,0.0
776,0.0,0.0,0.0,0.0,0.0,0.0,0.0,0.0,0.0,0.0,0.0,0.0,0.0,0.0,0.0,0.0
788,0.0,0.0,0.0,0.0,0.0,0.0,0.0,0.0,0.0,0.0,0.0,0.0,0.0,0.0,0.0,0.0
796,0.0,0.0,0.0,0.0,0.0,0.0,0.0,0.0,0.0,0.0,0.0,0.0,0.0,0.0,0.0,0.0
802,0.0,0.0,0.0,0.0,0.0,0.0,0.0,0.0,0.0,0.0,0.0,0.0,0.0,0.0,0.0,0.0
806,0.0,0.0,0.0,0.0,0.0,0.0,0.0,0.0,0.0,0.0,0.0,0.04984191805124283,0.0,0.0,0.0,0.0
814,0.0,0.0,0.0,0.0,0.0,0.0,0.0,0.0,0.0,0.0,0.0,0.0,0.0,0.0,0.0,0.0
846,0.09436609596014023,0.0,0.0,0.0,0.0,0.0,0.0,0.0,0.0,0.0,0.0,0.0,0.0,0.0,0.0,0.0
849,0.06234578415751457,0.4501190781593323,0.22273916006088257,0.07583670318126678,0.5179283022880554,0.061667490750551224,0.5122171640396118,0.0,0.0,0.15215030312538147,0.2566475570201874,0.47438332438468933,0.09429404884576797,0.22416746616363525,0.30195143818855286,0.24498389661312103
858,0.0,0.0,0.0,0.0,0.0,0.0,0.0,0.0,0.0,0.0,0.0,0.0,0.0,0.0,0.0,0.0
865,0.007825721986591816,0.0,0.038879092782735825,0.0,0.0,0.0,0.0,0.0,0.0,0.0,0.0,0.0,0.0,0.0,0.0,0.0
873,0.08311539888381958,0.0,0.0,0.0,0.0,0.0,0.0,0.0,0.0,0.010985000059008598,0.0,0.0,0.16097740828990936,0.0,0.07512268424034119,0.0
882,0.0,0.0,0.0,0.0,0.0,0.0,0.5919126868247986,0.0,0.0,0.0,0.0,0.0,0.0,0.0,0.0,0.0
883,0.20685386657714844,0.0,0.0,0.0,0.0,0.0,0.7365830540657043,0.0,0.0,0.0,0.0,0.0,0.07132154703140259,0.0,0.0,0.0
888,0.0,0.0,0.0,0.0,0.0,0.0,0.0,0.0,0.0,0.0,0.0,0.0,0.0,0.0,0.0,0.0
889,0.13255861401557922,0.11548598110675812,0.013522771187126637,0.23525238037109375,0.008846180513501167,0.04567215219140053,0.20777364075183868,0.5160632729530334,0.10913296788930893,0.08205995708703995,0.2831982672214508,0.0625469982624054,0.18318666517734528,0.20262248814105988,0.2031632661819458,0.0704859048128128
893,0.0,0.11379154771566391,0.07538625597953796,0.13846547901630402,0.9548657536506653,0.8587398529052734,0.17717242240905762,0.9148398637771606,0.0,0.0,0.2735210359096527,0.09156084805727005,0.6867039203643799,0.18638600409030914,0.0,0.37740495800971985
894,0.0,0.0,0.0,0.0,0.0,0.0,0.0,0.0,0.0,0.0,0.0,0.0,0.0,0.0,0.0,0.0
901,0.0,0.0,0.0,0.0,0.0,0.9386705160140991,0.0,0.0,0.0,0.0,0.0,0.520872950553894,0.5594505071640015,0.8494741320610046,0.0,0.0
907,0.0,0.0,0.0,0.0,0.0,0.0,0.0,0.0,0.0,0.0,0.0,0.0,0.0,0.0,0.0,0.0
909,0.0,0.0,0.0,0.0,0.0,0.0,0.0,0.0,0.0,0.0,0.0,0.0,0.0,0.0,0.0,0.0
918,0.0,0.0,0.0,0.0,0.0,0.0,0.0,0.0,0.0,0.0,0.0,0.0,0.0,0.0,0.0,0.0
921,0.00930206011980772,0.0,0.032939448952674866,0.029843727126717567,0.020747309550642967,0.0,0.058721885085105896,0.030662525445222855,0.03837014362215996,0.0,0.0,0.047392021864652634,0.10537867993116379,0.023650100454688072,0.012263023294508457,0.0
924,0.0,0.0,0.0,0.0,0.0,0.0,0.0,0.0,0.0,0.0,0.0,0.0,0.0,0.0,0.0,0.0
928,0.0,0.0,0.12237905710935593,0.0,0.0,0.0,0.0,0.0,0.0,0.0,0.0,0.0,0.0,0.0,0.0,0.0
933,0.0,0.0,0.0,0.0,0.0,0.0,0.0,0.0,0.0,0.0,0.0,0.0,0.0,0.0,0.0,0.0
934,0.0,0.0,0.0,0.0,0.0,0.0,0.0,0.0,0.0,0.0,0.0,0.0,0.0,0.0,0.0,0.0
938,0.0,0.0,0.0,0.0,0.0,0.0,0.0,0.0,0.0,0.0,0.0,0.5623019933700562,0.0,0.0,0.0,0.0
941,0.0,0.0,0.0,0.0,0.0,0.0,0.0,0.0,0.0,0.0,0.0,0.0,0.0,0.0,0.0,0.0
950,0.0,0.0,0.11900413036346436,0.0,0.0,0.0,0.0,0.0,0.0,0.0,0.0,0.0,0.0,0.0,0.0,0.0
953,0.0,0.0,0.0,0.0,0.0,0.10497253388166428,0.0,0.0,0.0,0.2116849273443222,0.0,0.0,0.0,0.035578057169914246,0.0,0.06983888894319534
954,0.0,0.0,0.0,0.0,0.0,0.0,0.0,0.0,0.0,0.0,0.0,0.0,0.0,0.0,0.0,0.0
958,0.7554733157157898,0.010487818159162998,0.03248145431280136,0.0478837750852108,0.2592446208000183,0.547552227973938,0.628691554069519,0.07731985300779343,0.11710250377655029,0.0,0.016483917832374573,0.1741328239440918,0.7499573826789856,0.17055921256542206,0.5857037901878357,0.6334629058837891
960,0.0,0.0,0.0,0.0,0.0,0.0,0.0,0.0,0.0,0.0,0.0,0.0,0.0,0.0,0.0,0.0
969,0.0,0.0,0.0,0.0,0.0,0.0,0.0,0.0,0.0,0.0,0.0,0.0,0.0,0.0,0.0,0.0
970,0.667474627494812,0.2948261797428131,0.18592186272144318,0.3448540270328522,0.172830730676651,0.11001428961753845,0.7401311993598938,0.1033148542046547,0.40110069513320923,0.6054162383079529,0.08795363456010818,0.4974426031112671,0.09488866478204727,0.665104329586029,0.0,0.0
971,0.0,0.0,0.0,0.0,0.0,0.0,0.0,0.0,0.0,0.0,0.0,0.0,0.0,0.0,0.0,0.0
975,0.21350525319576263,0.3254312574863434,0.2555728256702423,0.24256867170333862,0.08069740980863571,0.1407157927751541,0.3489534854888916,0.06498820334672928,0.45799726247787476,0.21911275386810303,0.04540650174021721,0.1013416051864624,0.0,0.07195650041103363,0.3712872564792633,0.3905494809150696
994,0.0,0.19191426038742065,0.19773170351982117,0.0,0.0,0.275162935256958,0.29295024275779724,0.21748539805412292,0.3264026939868927,0.0,0.240153968334198,0.23342253267765045,0.2505386769771576,0.0,0.2323601394891739,0.0
997,0.0,0.0,0.0,0.0,0.0,0.0,0.0,0.0,0.0,0.0,0.0,0.0,0.0,0.0,0.0,0.0
1000,0.0,0.0,0.009371759369969368,0.0,0.0,0.0,0.0,0.0,0.0,0.0,0.0,0.0,0.0,0.0,0.0,0.03964695706963539
1003,0.0,0.0,0.0,0.0,0.0,0.0,0.013298500329256058,0.0,0.0,0.0,0.0,0.0,0.0,0.0,0.0,0.0
1006,0.0,0.0,0.0,0.0,0.0,0.0,0.043752193450927734,0.0,0.0,0.0,0.0,0.0,0.0,0.0,0.0,0.0
1007,0.0,0.0,0.0,0.0,0.0,0.0,0.0,0.0,0.0,0.0,0.0,0.0,0.0,0.0,0.0,0.0
1010,0.2860924303531647,0.21879850327968597,0.34038448333740234,0.1428471803665161,0.08229658007621765,0.2600322961807251,0.08799134194850922,0.35103437304496765,0.15902966260910034,0.43102964758872986,0.01208716630935669,0.11988743394613266,0.036017000675201416,0.2173483669757843,0.15708234906196594,0.29457786679267883
1014,0.2450075000524521,0.20691430568695068,0.2140582799911499,0.7893274426460266,0.26610565185546875,0.40891432762145996,0.20526956021785736,0.6494656801223755,0.6310752034187317,0.18050989508628845,0.009428814053535461,0.5226173400878906,0.2425161749124527,0.3156460225582123,0.8776640892028809,0.38898012042045593
1017,0.0,0.0,0.0,0.0,0.0,0.0,0.0,0.0,0.0,0.0,0.0,0.0,0.0,0.0,0.0,0.0
1018,0.6170347929000854,0.08085764199495316,0.4251040816307068,0.046103645116090775,0.21265371143817902,0.329739511013031,0.5322746634483337,0.07143482565879822,0.35372135043144226,0.0,0.2751190960407257,0.18615761399269104,0.6402658224105835,0.2194577306509018,0.09022312611341476,0.07916218787431717
1023,0.0,0.0,0.0,0.0,0.0,0.0,0.0,0.0,0.0,0.0,0.0,0.0,0.0,0.0,0.0,0.0
1029,0.0,0.0,0.0,0.0,0.0,0.0,0.0,0.0,0.0,0.0,0.0,0.0,0.0,0.0,0.0,0.0
1031,0.0,0.0,0.05008033663034439,0.0,0.0,0.0,0.0,0.0,0.0,0.0,0.0,0.0,0.0,0.0,0.0,0.0
1032,0.0,0.0,0.0,0.0,0.0,0.0,0.0,0.0,0.0,0.0,0.0,0.0,0.0,0.0,0.0,0.0
1035,0.4143541157245636,0.2094496190547943,0.26483267545700073,0.0,0.25888681411743164,0.22786042094230652,0.22583821415901184,0.2322852462530136,0.1753280907869339,0.18390972912311554,0.35202914476394653,0.05620839074254036,0.2244977504014969,0.2580091953277588,0.4467441439628601,0.14375081658363342
1040,0.0,0.0,0.0,0.0,0.0,0.0,0.0,0.0,0.0,0.0,0.0,0.0,0.0,0.0,0.0,0.0
1042,0.0,0.0,0.0,0.0,0.0,0.0,0.0,0.0,0.0,0.0,0.0,0.0,0.0,0.0,0.0,0.0
1049,0.45571351051330566,0.0,0.0,0.05605591461062431,0.24719250202178955,0.0,0.0,0.0,0.0,0.0,0.0,0.1345226764678955,0.0,0.31386300921440125,0.2658122181892395,0.5733570456504822
1051,0.0,0.0,0.0,0.0,0.0,0.0,0.0,0.0,0.0,0.0,0.0,0.0,0.0,0.0,0.0,0.0
1052,0.7035808563232422,0.0,0.19516399502754211,0.6387112140655518,0.24101991951465607,0.0,0.0,0.0,0.1570100039243698,0.0,0.4550209939479828,0.3228897154331207,0.0,0.0,0.29999667406082153,0.6155502200126648
1060,0.0,0.0,0.0,0.0,0.0,0.0,0.0,0.0,0.0,0.0,0.0,0.0,0.0,0.0,0.0,0.0
1067,0.436200350522995,0.539893388748169,0.0,0.45757800340652466,0.2231333702802658,0.0,0.2677880823612213,0.531581699848175,0.5967069268226624,0.0,0.8713340163230896,0.5052342414855957,0.7223727107048035,0.48093247413635254,0.0,0.0
1069,0.0,0.0,0.0,0.0,0.0,0.0,0.0,0.0,0.0,0.0,0.0,0.0,0.0,0.0,0.0,0.0
1070,0.0,0.0,0.0,0.0,0.0,0.0,0.0,0.0,0.0,0.0,0.0,0.0,0.0,0.0,0.0,0.0
1071,0.0,0.0,0.0,0.0,0.0,0.0,0.0,0.0,0.0,0.0,0.0,0.0,0.0,0.0,0.0,0.0
1075,0.0,0.0,0.0,0.0,0.0,0.0,0.0,0.0,0.0,0.0,0.0,0.0,0.0,0.0,0.0,0.0
1079,0.9004750847816467,0.0,0.0,0.0,0.0,0.0,0.0,0.0,0.0,0.0,0.0,0.9351867437362671,0.0,0.0,0.5690391659736633,0.0
1083,0.0,0.0,0.19729579985141754,0.29679301381111145,0.49398350715637207,0.0,0.09245237708091736,0.9882209897041321,0.35313019156455994,0.0,0.4361560046672821,0.028446000069379807,0.0,0.27941885590553284,0.0,0.9944919943809509
1086,0.0,0.0,0.0,0.0,0.0,0.0,0.0,0.0,0.0,0.0,0.0,0.0,0.0,0.0,0.0,0.0
1091,0.0,0.0,0.0,0.0,0.0,0.0,0.1246466115117073,0.0,0.0,0.0,0.0,0.0,0.0,0.0,0.0,0.0
1093,0.0,0.0,0.0,0.0,0.0,0.0,0.0,0.0,0.0,0.0,0.0,0.0,0.0,0.0,0.0,0.0
1103,0.0,0.0,0.6367545127868652,0.08207491785287857,0.0,0.0,0.06143868342041969,0.0,0.15534284710884094,0.20666305720806122,0.041388846933841705,0.473559707403183,0.03327891230583191,0.5927444696426392,0.0,0.0
1115,0.1500331312417984,0.0,0.0,0.16019047796726227,0.22111119329929352,0.1523592621088028,0.15684254467487335,0.0,0.0,0.0,0.21514910459518433,0.0,0.15844298899173737,0.26345640420913696,0.21593718230724335,0.0
1119,0.0676707997918129,0.4595147967338562,0.17936670780181885,0.07962700724601746,0.5059468746185303,0.1109689474105835,0.5140278935432434,0.17254550755023956,0.1073017492890358,0.10831949859857559,0.07785609364509583,0.2510049343109131,0.07219121605157852,0.0,0.3315173089504242,0.2054826319217682
1122,0.0,0.33073073625564575,0.0,0.0,0.017615249380469322,0.0,0.0,0.06427492946386337,0.3962753415107727,0.0,0.0,0.0,0.0,0.0,0.0,0.0
1133,0.0,0.0,0.0,0.0,0.0,0.0,0.0,0.0,0.0,0.016022374853491783,0.041015625,0.0,0.0,0.0,0.0,0.0
1139,0.0,0.0,0.0,0.0,0.0,0.0,0.0,0.0,0.0,0.0,0.0,0.0,0.0,0.0,0.0,0.0
1145,0.0,0.0,0.0,0.0,0.0,0.0,0.0,0.0,0.0,0.0,0.0,0.0,0.0,0.0,0.0,0.0
1147,0.6375946998596191,0.5521935820579529,0.0,0.48755890130996704,0.0,0.2688334584236145,0.9938814640045166,0.8643969893455505,0.4591456949710846,0.34091702103614807,0.7432952523231506,0.49917542934417725,0.6655867099761963,0.5129674077033997,0.0,0.5404483079910278
1150,0.0,0.0,0.0,0.3278529942035675,0.0,0.0,0.0,0.0,0.0,0.0,0.0,0.0,0.0,0.0,0.09753236919641495,0.0
1154,0.0,0.0,0.0,0.0,0.0,0.0,0.020749671384692192,0.0,0.0,0.0,0.0,0.0,0.07365251332521439,0.0,0.0,0.0
1157,0.0,0.0,0.0,0.0,0.0,0.0,0.0,0.0,0.0,0.0,0.0,0.0,0.0,0.0,0.0,0.0
1164,0.9921972751617432,0.6787572503089905,0.9129166603088379,0.9365155696868896,0.8314428329467773,0.683307409286499,0.46274855732917786,0.6355929970741272,0.998542308807373,0.9632922410964966,0.7368614673614502,0.992277979850769,0.8252535462379456,0.051099348813295364,0.37155038118362427,0.27951863408088684
1165,0.0,0.0,0.0,0.0,0.0,0.0,0.0,0.0,0.0,0.0,0.0,0.0,0.0,0.0,0.0,0.0
1191,0.0,0.0,0.0,0.0,0.0,0.0,0.0,0.0,0.0,0.0,0.0,0.0,0.0,0.0,0.0,0.0
1197,0.0,0.0,0.0,0.0,0.0,0.0,0.0,0.0,0.0,0.0,0.0,0.0,0.0,0.0,0.0,0.0
1200,0.0,0.0,0.0,0.0,0.0,0.0,0.0,0.0,0.0,0.0,0.0,0.0,0.0,0.0,0.0,0.0
1204,0.0,0.0,0.0,0.0,0.0,0.0,0.0,0.0,0.0,0.0,0.0,0.0,0.0,0.0,0.0,0.0
1207,0.0,0.0,0.0,0.0,0.0,0.0,0.0,0.0,0.0,0.0,0.0,0.0,0.0,0.0,0.0,0.0
1211,0.9987932443618774,0.4815371632575989,0.9323310256004333,0.9874634742736816,0.8432602882385254,0.609695553779602,0.7330718636512756,1.0,0.9973313212394714,0.6444682478904724,0.9736225008964539,0.9950937032699585,0.9995119571685791,0.9964125156402588,0.996141791343689,0.4281677305698395
1218,0.0,0.0,0.0,0.0,0.0,0.0,0.0,0.0,0.0,0.0,0.0,0.0,0.03819556161761284,0.0,0.0,0.0
1240,0.0,0.0,0.0,0.0,0.0,0.0,0.0,0.0,0.0,0.0,0.0,0.0,0.0,0.0,0.0,0.0
1244,0.0,0.0,0.0,0.0,0.0,0.0,0.0,0.0,0.0,0.0,0.0,0.0,0.0,0.0,0.0,0.0
1246,0.0,0.0,0.0,0.0,0.0,0.0,0.0,0.0,0.0,0.0,0.0,0.0,0.0,0.0,0.0,0.0
1266,0.022636674344539642,0.41308701038360596,0.8201562762260437,0.1675281524658203,0.7021635174751282,0.0,0.9356882572174072,0.0,0.0,0.69336998462677,0.2969653308391571,0.0,0.9729295969009399,0.37955769896507263,0.0,0.32858675718307495
1270,0.0,0.0,0.0,0.0,0.0,0.0,0.0,0.0,0.0,0.0,0.0,0.0,0.0,0.0,0.0,0.0
1272,0.0,0.0,0.0,0.0,0.0,0.0,0.0,0.0,0.0,0.0,0.0,0.0,0.0,0.0,0.0,0.0
1274,0.0,0.0,0.0,0.0,0.0,0.0,0.0,0.0,0.0,0.0,0.0,0.0,0.0,0.4620540142059326,0.0,0.0
1280,0.0,0.0,0.0,0.0,0.0,0.0,0.0,0.0,0.0,0.0,0.0,0.009963749907910824,0.0,0.0,0.0,0.0
1282,0.3218832314014435,0.42916563153266907,0.0,0.724187970161438,0.28183868527412415,0.0,0.0,0.293231725692749,0.5270053148269653,0.5742062926292419,0.2791725695133209,0.47690263390541077,0.038156624883413315,0.7882572412490845,0.7481239438056946,0.3853771984577179
1295,0.0,0.0,0.0,0.0,0.0,0.0,0.0,0.0,0.0,0.0,0.0,0.0,0.0,0.0,0.0,0.0
1300,0.0,0.0,0.0,0.0,0.0,0.0,0.0,0.0,0.0,0.0,0.0,0.0,0.0,0.0,0.0,0.0
1301,0.037602998316287994,0.0,0.0,0.0,0.0,0.0,0.0,0.0,0.0,0.0,0.0,0.0,0.0,0.0,0.0,0.0
1321,0.0,0.0,0.0,0.0,0.0,0.0,0.0,0.0,0.0,0.0,0.0,0.0,0.0,0.0,0.0,0.0
1327,0.1505630910396576,0.47511711716651917,0.0,0.3311614394187927,0.3127850890159607,0.0,0.5083714723587036,0.0,0.4815579950809479,0.008537786081433296,0.2792700231075287,0.0,0.0,0.0,0.0,0.0
1330,0.0,0.0,0.0,0.0,0.0,0.0,0.0,0.0,0.0,0.0,0.0,0.0,0.0,0.0,0.0,0.0
1337,0.09748286008834839,0.8545243740081787,0.8548433780670166,0.9401386380195618,0.9202516078948975,0.55607008934021,0.9687719941139221,0.20346015691757202,0.9185921549797058,0.8964734673500061,0.24543912708759308,0.7871031165122986,0.1828308403491974,0.9467480182647705,0.883575975894928,0.6771414875984192
1340,0.0,0.0,0.0,0.0,0.0,0.0,0.0,0.0,0.0,0.0,0.0,0.0,0.0,0.0,0.0,0.0
1341,0.0,0.0,0.0,0.048307500779628754,0.0,0.0,0.0,0.0,0.0,0.0,0.0,0.05247350037097931,0.0289939995855093,0.0,0.0,0.0
1344,0.0,0.0,0.0,0.0,0.0,0.17480799555778503,0.0,0.0,0.0,0.0,0.0,0.0,0.0,0.23119600117206573,0.0,0.0
1349,0.0,0.0,0.0,0.0,0.0,0.0,0.0,0.0,0.0,0.0,0.0,0.0,0.0,0.0,0.0,0.0
1358,0.0,0.0,0.0,0.0,0.0,0.0,0.0,0.0,0.0,0.0,0.0,0.0,0.0,0.0,0.0,0.0
1368,0.0,0.0,0.0,0.0,0.0,0.0,0.0,0.0,0.0,0.0,0.0,0.0,0.0,0.0,0.0,0.0
1372,0.0,0.0,0.0,0.0,0.0,0.0,0.0,0.0,0.033769335597753525,0.0,0.0,0.09923999756574631,0.0,0.12209399789571762,0.0,0.0
1375,0.0,0.0,0.0,0.0,0.0,0.0,0.0,0.0,0.0,0.0,0.0,0.0,0.0,0.0,0.0,0.0
1380,0.0,0.0,0.0,0.0,0.0,0.0,0.0,0.0,0.0,0.0,0.0,0.11103983223438263,0.0,0.0,0.0,0.0
1384,0.0,0.0,0.0,0.0,0.0,0.01808374933898449,0.0,0.08000150322914124,0.0,0.0,0.0,0.0,0.0,0.0,0.0,0.0
1388,0.0,0.0,0.0,0.0,0.0,0.0,0.0,0.0,0.0,0.0,0.0,0.0,0.0,0.0,0.0,0.0
1391,0.0,0.0,0.0,0.0,0.0,0.0,0.0,0.0,0.0,0.0,0.0,0.0,0.0,0.0,0.0,0.0
1398,0.0,0.39964017271995544,0.0,0.0,0.2508864998817444,0.0,0.0,0.0,0.0,0.0,0.15328839421272278,0.0,0.0,0.0362057238817215,0.19493083655834198,0.3719137907028198
1399,0.0,0.0,0.0,0.0,0.0,0.0,0.0,0.0,0.0,0.0,0.0,0.0,0.0,0.0,0.0,0.0
1404,0.11911210417747498,0.9443477392196655,0.7542110085487366,0.8080445528030396,0.830341637134552,0.6766811013221741,0.8532128930091858,0.8891326189041138,0.4019317924976349,0.8609762191772461,0.34531527757644653,0.7272233366966248,0.7380937337875366,0.3042971193790436,0.8300652503967285,0.9193757176399231
1407,0.0,0.0,0.0,0.0,0.0,0.0,0.0,0.0,0.0,0.0,0.0,0.0,0.0,0.0,0.0,0.0
1410,0.7902066111564636,0.17259833216667175,0.9711139798164368,0.0,0.0,0.6590412855148315,0.0,0.5608801245689392,0.49709534645080566,0.4857400059700012,0.0,0.3109304904937744,0.0,0.0,0.49470099806785583,0.0
1415,0.0,0.3107450008392334,0.0,0.0,0.0,0.9702320098876953,0.0,0.7721967697143555,0.4357540011405945,0.4834199845790863,0.0,0.0,0.15559600293636322,0.0,0.0,0.0
1417,0.0,0.0,0.0,0.0,0.0,0.0,0.0,0.0,0.0,0.0,0.0,0.0,0.0,0.0,0.0,0.0
1425,0.0,0.0,0.0,0.03531787544488907,0.0,0.07083414494991302,0.0,0.02577050030231476,0.03246600180864334,0.08846037089824677,0.0,0.0,0.14396986365318298,0.1595543771982193,0.0,0.0
1429,0.0,0.0,0.0,0.0,0.0,0.0,0.0,0.0,0.0,0.0,0.0,0.0,0.0,0.0,0.0,0.0
1433,0.0,0.0,0.0,0.8189759850502014,0.0,0.0,0.0,0.0,0.37119099497795105,0.004905200097709894,0.0,0.0,0.0,0.0,0.0,0.0
1436,0.0,0.0,0.0,0.0,0.0,0.0,0.0,0.0,0.0,0.0,0.0,0.0,0.0,0.0,0.0,0.0
1437,0.04586716741323471,0.0,0.09176091849803925,0.029422666877508163,0.02320675179362297,0.1321229189634323,0.03799963742494583,0.0,0.0,0.35306715965270996,0.0,0.1729181855916977,0.03298800066113472,0.0,0.02348741702735424,0.08052283525466919
1438,0.0,0.0,0.0,0.0,0.0,0.0,0.0,0.0,0.0,0.0,0.0,0.0,0.0,0.0,0.0,0.0
1439,0.0,0.0,0.0,0.0,0.175648495554924,0.0,0.0,0.0,0.0,0.0,0.0,0.0,0.0,0.0,0.0,0.0
1441,0.0,0.0677136704325676,0.0,0.07987666130065918,0.15650565922260284,0.14203529059886932,0.0,0.1760615110397339,0.0,0.21186856925487518,0.0,0.3041400611400604,0.0,0.07501387596130371,0.10456374287605286,0.12739135324954987
1452,0.7667099833488464,0.401542991399765,0.0,0.0,0.0,0.14623500406742096,0.36353600025177,0.0,0.0,0.8210700154304504,0.147366002202034,0.0,0.0,0.0,0.2737469971179962,0.0
1457,0.0,0.03824450075626373,0.18291644752025604,0.0,0.0,0.0,0.17008087038993835,0.0073048751801252365,0.0,0.0,0.0,0.0,0.10052957385778427,0.0,0.0,0.0
1465,0.0,0.0,0.0,0.0,0.0,0.0,0.0,0.0,0.0,0.0,0.0,0.0,0.0,0.0,0.0,0.0
1467,0.07661899924278259,0.3952850103378296,0.06133599951863289,0.12089750170707703,0.0,0.0,0.0,0.0,0.0,0.0,0.0,0.04693400114774704,0.0,0.10132750123739243,0.0,0.0
1480,0.0,0.0,0.0,0.0,0.0,0.0,0.0,0.0,0.0,0.0,0.0,0.0,0.0,0.0,0.0,0.0
1481,0.0,0.0,0.0,0.0,0.0,0.0,0.0,0.0,0.0,0.0,0.0,0.0,0.0,0.0,0.0,0.0
1485,0.020712489262223244,0.3513840436935425,0.048888400197029114,0.09296192973852158,0.0,0.0,0.1751869022846222,0.0,0.0,0.0,0.0,0.07326073944568634,0.09372064471244812,0.0,0.0,0.14224077761173248
1486,0.1615566611289978,0.0,0.21012115478515625,0.0613907165825367,0.012854250147938728,0.0,0.0,0.0,0.0,0.3492805063724518,0.0,0.0,0.0,0.0,0.0,0.04463440179824829
1500,0.0,0.0,0.0,0.0,0.0,0.0,0.0,0.0,0.0,0.0,0.0,0.0,0.0,0.0,0.08226324617862701,0.0
1501,0.10528215765953064,0.0,0.0666925460100174,0.2732616364955902,0.0,0.0,0.0,0.05934213101863861,0.11532209813594818,0.0730869323015213,0.0,0.0,0.0,0.0926084816455841,0.0,0.06908483058214188
1507,0.0,0.0,0.0,0.0,0.0,0.0,0.0,0.0,0.0,0.0,0.0,0.0,0.0,0.0,0.0,0.0
1515,0.18299299478530884,0.7240018844604492,0.9713574647903442,0.9395639896392822,0.0,0.0,0.0,0.9857520461082458,0.0,0.9998390078544617,0.0,0.0,0.22487199306488037,0.0,0.9828278422355652,0.04503266513347626
1517,0.0,0.0,0.0,0.0,0.0,0.0,0.0,0.0,0.0,0.0,0.0,0.0,0.0,0.0,0.0,0.0
1518,0.0,0.0,0.0,0.0,0.0,0.0,0.0,0.0,0.0,0.0,0.0,0.0,0.0,0.0,0.04908299818634987,0.0
1532,0.0,0.0,0.0,0.0,0.0,0.0,0.0,0.0,0.0,0.0,0.0,0.0,0.0,0.0,0.0,0.0
1533,0.0,0.0,0.0,0.0,0.0,0.0,0.008323799818754196,0.0,0.0,0.0,0.0,0.0,0.0,0.0,0.0,0.0
1538,0.0,0.0,0.0,0.0,0.0,0.0,0.0,0.0,0.0,0.0,0.0,0.03002900257706642,0.0,0.0,0.0,0.0
1540,0.057436034083366394,0.14831864833831787,0.0,0.0,0.0,0.0,0.04394005611538887,0.0,0.0,0.12740793824195862,0.13163985311985016,0.16718865931034088,0.21501120924949646,0.1557839959859848,0.09677010029554367,0.0
1542,0.0,0.0,0.0,0.0,0.0,0.0,0.0,0.0,0.0,0.0,0.0,0.0,0.0,0.0,0.0,0.0
1547,0.2445257157087326,0.35360318422317505,0.28610438108444214,0.0,0.3026856780052185,0.17728987336158752,0.0,0.3896515369415283,0.0,0.21766185760498047,0.23344700038433075,0.3250378966331482,0.16327258944511414,0.20993442833423615,0.0,0.3204244077205658
1558,0.0,0.0,0.0,0.0,0.0,0.0,0.0,0.0,0.04273480549454689,0.0,0.0,0.0,0.0,0.0,0.0,0.0
1560,0.0,0.0,0.11840300261974335,0.06181376799941063,0.17856018245220184,0.0,0.0,0.06288942694664001,0.0,0.0,0.0,0.0,0.0,0.10398999601602554,0.0,0.0
1575,0.0,0.0,0.0,0.0,0.0,0.0,0.0,0.0,0.0,0.0,0.0,0.0,0.0,0.0,0.0,0.0
1576,0.07649008929729462,0.4826357960700989,0.0,0.0,0.0,0.0,0.30989953875541687,0.01602357253432274,0.0,0.02953818254172802,0.043655749410390854,0.1052151769399643,0.019578667357563972,0.18245089054107666,0.0,0.05603962019085884
1587,0.0,0.0,0.0,0.0,0.0,0.0,0.0,0.0,0.0,0.0,0.0,0.0,0.0,0.0,0.0,0.0
1588,0.0,0.0,0.0,0.0,0.0,0.0,0.0,0.0,0.0,0.0,0.0,0.0,0.0,0.0,0.0,0.0
1589,0.0,0.0,0.0,0.0,0.0,0.0,0.0,0.0,0.0,0.0,0.0,0.0,0.0,0.0,0.0,0.0
1591,0.11672820150852203,0.2397100180387497,0.5121492743492126,0.26520445942878723,0.14222706854343414,0.7404197454452515,0.2956041693687439,0.2187831848859787,0.16931767761707306,0.62041175365448,0.22553883492946625,0.24028648436069489,0.7785338163375854,0.1410406529903412,0.2372061163187027,0.20228412747383118
1592,0.20596887171268463,0.0,0.0,0.0,0.0,0.21046826243400574,0.0,0.20998750627040863,0.0,0.06150255724787712,0.14498136937618256,0.0,0.0,0.0,0.0,0.0
1595,0.0,0.0,0.0,0.0,0.0,0.0,0.0,0.0,0.0,0.0,0.0,0.0,0.0,0.0,0.0,0.0
1607,0.0,0.0,0.0,0.0,0.0,0.0,0.0,0.0,0.0,0.0,0.0,0.0,0.0,0.0,0.0,0.0
1611,0.0,0.0,0.0,0.0,0.0,0.0,0.007028454449027777,0.0,0.0,0.04207344725728035,0.0,0.0018531819805502892,0.0,0.010183083824813366,0.0,0.020021334290504456
1630,0.0,0.0,0.0,0.0,0.0,0.0,0.0,0.0,0.0,0.0,0.0,0.0,0.0,0.0,0.0,0.0
1634,0.0,0.0,0.0,0.0,0.0,0.0,0.0,0.0,0.0,0.0,0.0,0.0,0.0,0.0,0.0,0.0
1653,0.20963193476200104,0.0,0.0,0.20652282238006592,0.0,0.0,0.08411956578493118,0.26448866724967957,0.0,0.2188713103532791,0.14375416934490204,0.13190624117851257,0.22581128776073456,0.17360536754131317,0.06984728574752808,0.0
1655,0.0,0.0,0.0,0.0,0.0,0.0,0.0,0.0,0.0,0.0,0.0,0.0,0.0,0.0,0.0,0.0
1664,0.21106283366680145,0.5368513464927673,0.5122561454772949,0.39445897936820984,0.5174893140792847,0.2752058804035187,0.45097026228904724,0.7366833686828613,0.6941620111465454,0.7453209757804871,0.044985249638557434,0.45878300070762634,0.37302523851394653,0.6737254858016968,0.6243239641189575,0.6390889883041382
1667,0.0,0.12418767064809799,0.13578200340270996,0.0,0.03373633325099945,0.0,0.0,0.0,0.13122335076332092,0.0,0.0,0.0,0.21842333674430847,0.0,0.23231732845306396,0.02631000056862831
1672,0.6556428074836731,0.8708575367927551,0.878633975982666,0.47222062945365906,0.0,0.09227356314659119,0.8220762014389038,0.5515111088752747,0.9217109680175781,0.8161047101020813,0.1957997977733612,0.34798312187194824,0.1094210222363472,0.3728719651699066,0.05148496851325035,0.45124852657318115
1684,0.0,0.0,0.0,0.0,0.0,0.0,0.0,0.0,0.0,0.0,0.0,0.0,0.0,0.0,0.0,0.0
1687,0.0,0.08225899934768677,0.0,0.0,0.0,0.0,0.0,0.0,0.0,0.0,0.0,0.0,0.0,0.0,0.0,0.0
1707,0.0,0.0,0.0,0.0,0.16608040034770966,0.0,0.0,0.0,0.0,0.0,0.0,0.0,0.0,0.05766399949789047,0.0,0.0
1709,0.0,0.0,0.0,0.0,0.0,0.0,0.0,0.0,0.0,0.0,0.0,0.0,0.0,0.0,0.0,0.0
1713,0.4501115083694458,0.38536375761032104,0.375747948884964,0.6864950060844421,0.4897539019584656,0.5038381814956665,0.7548019886016846,0.5362355709075928,0.4770492911338806,0.38557547330856323,0.5044313669204712,0.3541533946990967,0.4261827766895294,0.307029664516449,0.38585418462753296,0.3626124858856201
1718,0.0,0.9793899059295654,0.0,0.0,0.0,0.0,0.0,0.0,0.0,0.0,0.0,0.0,0.0,0.0,0.0,0.12193801254034042
1720,0.0,0.0,0.0,0.0,0.0,0.0,0.0,0.0,0.0,0.0,0.022623499855399132,0.10709439218044281,0.0,0.0,0.0,0.0
1721,0.0,0.0,0.0,0.0,0.1206941232085228,0.0,0.06240839883685112,0.20444998145103455,0.031228799372911453,0.2071998566389084,0.1405048370361328,0.0,0.12256715446710587,0.0,0.05920958146452904,0.1278664916753769
1726,0.0,0.13035054504871368,0.038138244301080704,0.0,0.2351246476173401,0.11153997480869293,0.13020583987236023,0.0,0.0,0.03814186528325081,0.0,0.08223768323659897,0.1433650404214859,0.19268798828125,0.11303912103176117,0.25890398025512695
1734,0.0,0.0,0.0,0.03268636390566826,0.14715750515460968,0.06761594861745834,0.1849542111158371,0.1822541505098343,0.12144160270690918,0.0,0.0,0.16991391777992249,0.14790892601013184,0.16497895121574402,0.08939085900783539,0.0
1745,0.8132110834121704,0.8413887023925781,0.6686148643493652,0.8360076546669006,0.8510587215423584,0.7925545573234558,0.7952633500099182,0.9405986666679382,0.8747164011001587,0.9693756103515625,0.8532387018203735,0.8211093544960022,0.8666473627090454,0.7746391892433167,0.9818286895751953,0.8649917840957642
1749,0.0,0.0,0.0,0.0,0.0,0.0,0.0,0.014179166406393051,0.0,0.0,0.0,0.0,0.01145011093467474,0.0,0.0,0.0
1753,0.0,0.143083393573761,0.0,0.0,0.08129874616861343,0.0,0.0,0.0,0.0,0.0,0.09205327928066254,0.1855938583612442,0.16530165076255798,0.13015924394130707,0.1527576893568039,0.0
1757,0.0,0.0,0.0,0.0,0.0,0.08194386959075928,0.0,0.0,0.11129185557365417,0.0,0.0,0.29275256395339966,0.08536648750305176,0.11077567934989929,0.0,0.0
1765,0.0,0.0,0.0,0.0,0.0,0.0,0.0,0.0,0.0,0.0,0.0,0.0,0.0,0.0,0.0,0.0
1772,0.0,0.0,0.0,0.0,0.0,0.0,0.0,0.0,0.0,0.0,0.0,0.0,0.0,0.0,0.0,0.0
1775,0.0,0.0,0.0,0.0,0.0,0.0,0.0,0.0,0.0,0.0,0.0,0.0,0.5602725744247437,0.4893205761909485,0.0,0.0
1782,0.0,0.0,0.0,0.0,0.0,0.0,0.0,0.0,0.0,0.0,0.0,0.0,0.0,0.0,0.0,0.0
1786,0.0,0.0,0.0,0.0,0.0,0.0,0.0,0.0,0.0,0.0,0.0,0.0,0.0,0.0,0.0,0.0
1788,0.0,0.0,0.0,0.0,0.0,0.0,0.0,0.0,0.0,0.0,0.0,0.0,0.0,0.0,0.0,0.0
1808,0.0,0.0,0.0,0.0,0.0,0.0,0.0,0.24758367240428925,0.0,0.0,0.0,0.0,0.58732670545578,0.0,0.0,0.0
1816,0.0,0.0,0.0,0.0,0.0,0.0,0.0,0.0,0.0,0.0,0.0,0.0,0.0,0.0,0.0,0.0
1825,0.0,0.0,0.0,0.0,0.0,0.0,0.0,0.0,0.0,0.0,0.0,0.0,0.0,0.0,0.0,0.0
1833,0.0,0.0,0.0,0.0,0.0,0.0,0.0,0.0,0.0,0.0,0.0,0.0,0.0,0.0,0.0,0.0
1840,0.0,0.0,0.0,0.0,0.0,0.0,0.0,0.0,0.0,0.0,0.0,0.0,0.0,0.0,0.0,0.0
1850,0.0,0.0,0.0,0.0,0.0,0.0,0.0,0.0,0.0,0.0,0.0,0.6030709743499756,0.0,0.48961299657821655,0.0,0.40966033935546875
1856,0.0,0.0,0.0,0.0,0.1298294961452484,0.0,0.0,0.0,0.0,0.0,0.0,0.0,0.0,0.0,0.03358300030231476,0.0
1858,0.0,0.0,0.0,0.0,0.0,0.0,0.0,0.0,0.0,0.0,0.0,0.0,0.0,0.0,0.0,0.0
1860,0.006885833572596312,0.0,0.0,0.0,0.867887020111084,0.0,0.0,0.034459665417671204,0.0,0.9285907745361328,0.0,0.0,0.7698070406913757,0.0,0.0,0.0
1865,0.0,0.0,0.0,0.0,0.0,0.0,0.0,0.0,0.007533461786806583,0.0,0.0,0.0,0.0,0.0,0.0,0.0
1874,0.33389362692832947,0.0,0.4578079283237457,0.3663376569747925,0.44890010356903076,0.21345001459121704,0.23319384455680847,0.0,0.3357833921909332,0.27931463718414307,0.0,0.2840815782546997,0.2567060887813568,0.2660587430000305,0.19530461728572845,0.5024633407592773
1880,0.0,0.8161011338233948,0.0,0.2156711369752884,0.0,0.08903061598539352,0.0,0.0,0.0,0.0,0.09670361876487732,0.6261489987373352,0.5322623252868652,0.11088649183511734,0.1522907316684723,0.1428571492433548
1881,0.0,0.0,0.0,0.2064686119556427,0.0,0.0,0.0,0.0,0.0,0.0,0.0,0.0,0.0,0.0,0.0,0.0
1891,0.0,0.0,0.0,0.0,0.0,0.0,0.0,0.0,0.0,0.0,0.0,0.0,0.0,0.0,0.0,0.0
1899,0.0,0.0,0.0,0.0,0.0,0.0,0.0,0.0,0.0,0.0,0.0,0.0,0.0,0.0,0.0,0.0
1903,0.0,0.0,0.0,0.0,0.0,0.0,0.0,0.0,0.0,0.0,0.0,0.0,0.0,0.0,0.0,0.0
1907,0.0,0.0,0.0,0.0,0.0,0.0,0.0,0.0,0.0,0.0,0.0,0.0,0.0,0.0,0.0,0.0
1911,0.0,0.0,0.0,0.0,0.02491517923772335,0.0,0.0,0.0,0.0,0.0,0.0,0.21435236930847168,0.028928978368639946,0.0,0.0,0.29938554763793945
1920,0.0,0.0,0.0,0.0,0.0,0.0,0.0,0.0,0.0,0.0,0.0,0.0,0.0,0.0,0.0,0.0
1931,0.0,0.0,0.6928642988204956,0.0,0.0,0.0,0.0,0.0,0.0,0.7214490175247192,0.0,0.5236486792564392,0.648900032043457,0.830479621887207,0.0,0.0
1934,0.0779992863535881,0.0,0.08403588831424713,0.08409246057271957,0.13227687776088715,0.053849805146455765,0.0,0.0721457377076149,0.0,0.0,0.0,0.0,0.0,0.08455830067396164,0.1366744190454483,0.0
1939,0.468594491481781,0.0,0.0,0.0,0.0,0.0,0.0,0.0,0.0,0.0,0.5591562986373901,0.0,0.0,0.0,0.0,0.0
1946,0.0,0.0,0.0,0.0,0.0,0.0,0.0,0.0,0.0,0.0,0.0,0.0,0.0,0.0,0.0,0.0
1958,0.0,0.0,0.0,0.0,0.0,0.0,0.0,0.0,0.0,0.0,0.0,0.0,0.0,0.0,0.0,0.0
1960,0.0,0.0,0.0,0.0,0.0,0.0,0.0,0.0,0.0,0.0,0.0,0.0,0.0,0.0,0.0,0.0
1976,0.0,0.0,0.0,0.0,0.0,0.0,0.0,0.0,0.0,0.0,0.0,0.0,0.0,0.0,0.0,0.0
1984,0.0,0.0,0.0,0.0,0.0,0.0,0.0,0.0,0.0,0.0,0.0,0.0,0.0,0.0,0.0,0.0
1993,0.0,0.0,0.0,0.0,0.0,0.0,0.0,0.0,0.0,0.0,0.0,0.0,0.0,0.0,0.0,0.0
2001,0.028644220903515816,0.0,0.0,0.0,0.0,0.0,0.0,0.0,0.0,0.0,0.0,0.0,0.0,0.0,0.0,0.0
2005,0.0,0.0,0.0,0.0,0.0,0.0,0.0,0.0,0.0,0.0,0.0,0.0,0.0,0.0,0.0,0.0
2006,0.0,0.0,0.0,0.0,0.0,0.0,0.0,0.0,0.0,0.0,0.0,0.0,0.0,0.0,0.0,0.0
2009,0.16247327625751495,0.0,0.03371039405465126,0.11222995072603226,0.1602465957403183,0.07590658962726593,0.0,0.1547141969203949,0.0,0.11642192304134369,0.10772088170051575,0.0,0.3220551609992981,0.09046872705221176,0.1279861479997635,0.1502472162246704
2013,0.0,0.2052658051252365,0.0,0.0,0.0,0.15245898067951202,0.1931154429912567,0.0,0.03615657985210419,0.0,0.1318456530570984,0.0,0.0,0.05280069634318352,0.0,0.0
2015,0.11742900311946869,0.06402125209569931,0.2770017981529236,0.017794599756598473,0.8732955455780029,0.10233479738235474,0.5080472230911255,0.18811124563217163,0.17491775751113892,0.7027617692947388,0.8943626880645752,0.7327167987823486,0.03207850083708763,0.17466259002685547,0.08585049957036972,0.013513750396668911
2024,0.0,0.0,0.0,0.0,0.0,0.0,0.0,0.0,0.0,0.0,0.0,0.0,0.0,0.0,0.0,0.0
2026,0.9760457873344421,0.9918376803398132,0.944747269153595,0.9537139534950256,0.9924597144126892,0.9930890798568726,0.8917669057846069,0.9407258033752441,0.8351130485534668,0.9339606761932373,0.9360998868942261,0.929836094379425,0.9422005414962769,0.9384193420410156,0.9726884961128235,0.8945407867431641
2034,0.0,0.0,0.0,0.0,0.0,0.0,0.0,0.0,0.0,0.0,0.0,0.0,0.0,0.0,0.0,0.0
2039,0.0,0.0,0.0,0.0,0.0,0.0,0.0,0.0,0.0,0.0,0.0,0.0,0.0,0.0,0.0,0.0
2044,0.22931073606014252,0.34162917733192444,0.17725419998168945,0.5450819730758667,0.5550569295883179,0.29288434982299805,0.0417078360915184,0.0,0.28399795293807983,0.1790332794189453,0.3277739882469177,0.33126652240753174,0.37506747245788574,0.5039017796516418,0.1164226084947586,0.18608419597148895
2048,0.9715108275413513,0.8523050546646118,0.8795775175094604,0.9151774048805237,0.9905184507369995,0.9709471464157104,0.8557907342910767,0.9656508564949036,0.32576626539230347,0.9295470118522644,0.9087182879447937,0.8588201403617859,0.8131361603736877,0.9558427929878235,0.9552650451660156,0.5924009084701538
2053,0.0,0.0,0.0,0.0,0.0,0.0,0.0,0.0,0.0,0.0,0.0,0.0,0.0,0.0,0.0,0.0
2058,0.0,0.0,0.0,0.0,0.0,0.0,0.0,0.0,0.0,0.0,0.0,0.0,0.0,0.0,0.0,0.0
2060,0.0,0.0,0.016441799700260162,0.0,0.0,0.0,0.0,0.0,0.0,0.0,0.0,0.0,0.015683600679039955,0.0,0.0,0.030177589505910873
2062,0.0,0.0,0.0,0.0,0.0,0.0,0.0,0.0,0.0,0.0,0.0,0.0,0.0,0.0,0.0,0.0
2072,0.0,0.0,0.0,0.0,0.0,0.0,0.0,0.0,0.0,0.0,0.0,0.0,0.0,0.0,0.0,0.0
2094,0.0,0.0,0.3864014446735382,0.0,0.3066907525062561,0.0,0.36004510521888733,0.0,0.0,0.0,0.0,0.27607908844947815,0.0,0.0,0.0,0.36279475688934326
2100,0.0,0.0,0.02128150872886181,0.0,0.0,0.0,0.0,0.0,0.0,0.0,0.0,0.09064602106809616,0.0,0.0,0.0,0.0
2105,0.9825042486190796,0.734213650226593,0.947360634803772,0.9600004553794861,0.0,0.9851787686347961,0.03272924944758415,0.9268396496772766,0.0,0.09153221547603607,0.35107359290122986,0.11710522323846817,0.9508487582206726,0.0,0.0,0.9746801257133484
2122,0.0,0.0,0.0,0.0,0.0,0.0,0.0,0.0,0.0,0.0,0.0,0.0,0.0,0.0,0.0,0.0
2125,0.0,0.0,0.0,0.0,0.0,0.0,0.0,0.0,0.0,0.0,0.0,0.0,0.0,0.0,0.0,0.0
2128,0.0,0.0,0.0,0.0,0.0,0.0,0.0,0.0,0.0,0.0,0.0,0.0,0.0,0.0,0.0,0.0
2129,0.0,0.0,0.0,0.0,0.0,0.0,0.0,0.0,0.0,0.0,0.0,0.0,0.0,0.0,0.0,0.0
2135,0.0,0.0,0.0,0.0,0.0,0.0,0.0,0.0,0.0,0.0,0.0,0.0,0.0,0.0,0.0,0.0
2141,0.0,0.0,0.0,0.0,0.0,0.0,0.0,0.0,0.0,0.0,0.0,0.0,0.0,0.0,0.0,0.0
2143,0.0,0.0,0.0,0.0,0.0,0.0,0.0,0.0,0.0,0.0,0.0,0.0,0.0,0.0,0.0,0.0
2149,0.0,0.0,0.0,0.0,0.0,0.0,0.0,0.0,0.0,0.0,0.0,0.0,0.0,0.0,0.0,0.0
2157,0.0,0.15939611196517944,0.0,0.0,0.16059055924415588,0.09971151500940323,0.0,0.0,0.0,0.0,0.0,0.2508770823478699,0.0,0.0,0.0,0.03608223423361778
2166,0.0,0.0,0.0,0.0,0.0,0.0,0.0,0.0,0.0,0.0,0.0,0.0,0.0,0.0,0.0,0.0
2168,0.0,0.0,0.0,0.0,0.0,0.0,0.0,0.0,0.0,0.0,0.0,0.0,0.0,0.0,0.0,0.0
2173,0.6396171450614929,0.0,0.0,0.07022000104188919,0.0,0.0,0.0,0.9337939023971558,0.0,0.0,0.9795061945915222,0.33027467131614685,0.0,0.0,0.12218350172042847,0.0
2174,0.0,0.0,0.0,0.0,0.0,0.0,0.0,0.0,0.0,0.0,0.0,0.0,0.0,0.0,0.0,0.0
2189,0.0,0.0,0.0,0.0,0.0,0.0,0.0,0.0,0.0,0.0,0.0,0.0,0.0,0.0,0.0,0.0
2201,0.0,0.0,0.0,0.0,0.0,0.0,0.0,0.0,0.0,0.0,0.0,0.0,0.0,0.0,0.0,0.0
2202,0.0,0.0,0.0,0.0,0.0,0.0,0.0,0.0,0.0,0.0,0.0,0.0,0.0,0.0,0.0,0.0
2205,0.40950435400009155,0.13393576443195343,0.09534867107868195,0.0751156285405159,0.29003867506980896,0.21219074726104736,0.09695016592741013,0.5027879476547241,0.19764767587184906,0.2959595322608948,0.5745000243186951,0.6058318018913269,0.3971806764602661,0.5494313836097717,0.09005793929100037,0.18147385120391846
2215,0.0,0.0,0.0,0.0,0.0,0.0,0.0,0.0,0.0,0.0,0.0,0.0,0.0,0.0,0.0,0.0
2217,0.02907908894121647,0.020396815612912178,0.0,0.009106588549911976,0.0,0.0,0.0,0.15274274349212646,0.1616118997335434,0.0,0.0,0.028857771307229996,0.05888763442635536,0.054723188281059265,0.0,0.08916474133729935
2230,0.017298351973295212,0.05621161684393883,0.10873181372880936,0.0,0.0,0.031206894665956497,0.0,0.022763753309845924,0.0708000585436821,0.03996569663286209,0.07374951988458633,0.0,0.04538688808679581,0.0,0.04354894533753395,0.0
2243,0.0,0.0,0.0,0.0,0.0,0.0,0.0,0.0,0.0,0.0,0.0,0.0,0.0,0.0,0.0,0.0
2247,0.0,0.0,0.0,0.0,0.0,0.0,0.0,0.0,0.0,0.0,0.0,0.0,0.0,0.0,0.0,0.0
2255,0.0,0.0,0.0,0.0,0.0,0.0,0.0,0.0,0.0,0.0,0.0,0.0,0.0,0.0,0.0,0.0
2256,0.0,0.0,0.7570182085037231,0.03199270740151405,0.37458401918411255,0.1482153981924057,0.0,0.8527334928512573,0.04070975258946419,0.047041602432727814,0.0342867486178875,0.0,0.0,0.0,0.0,0.008060461841523647
2272,0.0,0.06095505505800247,0.0,0.0,0.0,0.0,0.0,0.0,0.0,0.0,0.0,0.0,0.0,0.0,0.0,0.0
2302,0.9657508134841919,0.9135923981666565,0.8053951859474182,0.2007925659418106,0.9785480499267578,0.6554597616195679,0.9511011838912964,0.965872585773468,0.5966426730155945,0.7514361143112183,0.22189238667488098,0.8908137679100037,0.8854549527168274,0.9140892624855042,0.09223545342683792,0.046603791415691376
2311,0.23801159858703613,0.09367480129003525,0.0,0.0,0.0,0.0,0.0,0.0,0.030063200742006302,0.09393659979104996,0.3404292166233063,0.21911559998989105,0.5118786096572876,0.5981147885322571,0.0,0.0
2316,0.0,0.0,0.0,0.08394939452409744,0.0037896819412708282,0.01403361838310957,0.002280249958857894,0.0,0.0,0.0,0.0,0.04055299982428551,0.0032767392694950104,0.0,0.03676408901810646,0.04010212421417236
2333,0.0,0.0,0.0,0.0,0.2885980010032654,0.0,0.0,0.0,0.0,0.0,0.0,0.0,0.0,0.0,0.0,0.0
2336,0.0,0.5146453976631165,0.1670234352350235,0.31196823716163635,0.3821712136268616,0.31363099813461304,0.26206913590431213,0.3558635711669922,0.0,0.40102460980415344,0.6188181638717651,0.2267570197582245,0.07344339787960052,0.37839484214782715,0.41475415229797363,0.6432312726974487
2337,0.0,0.0,0.0,0.0,0.0,0.0,0.0,0.0,0.0,0.0,0.0,0.0,0.0,0.0,0.0,0.0
2341,0.0,0.0,0.0,0.0,0.0,0.0,0.0,0.0,0.0,0.0,0.0,0.0,0.0,0.0,0.0,0.0
2347,0.0,0.0,0.0,0.0,0.0,0.0,0.0,0.0,0.0,0.0,0.0,0.0,0.0,0.0,0.0,0.0
2351,0.0,0.0,0.0,0.0,0.0,0.0,0.0,0.0,0.0,0.0,0.0,0.0,0.0,0.0,0.0,0.0
2364,0.0,0.0,0.0,0.0,0.0,0.0,0.0,0.0,0.0,0.0,0.0,0.0,0.0,0.0,0.0,0.0
2365,0.4630959928035736,0.0,0.41152000427246094,0.0,0.8148120045661926,0.0,0.0,0.5403820276260376,0.6380800008773804,0.2514429986476898,0.31616300344467163,0.36554598808288574,0.33748099207878113,0.0,0.11483599990606308,0.5775690078735352
2374,0.0,0.0,0.0,0.0,0.0,0.0,0.0,0.0,0.0,0.0,0.0,0.0,0.0,0.0,0.0,0.0
2404,0.744097888469696,0.6520726680755615,0.09515521675348282,0.0,0.7058510184288025,0.7030251026153564,0.4126535952091217,0.7486060857772827,0.46169567108154297,0.46978047490119934,0.6213371753692627,0.7362679243087769,0.753968358039856,0.8559954762458801,0.4714280068874359,0.0
2412,0.05751600116491318,0.0,0.0,0.0,0.0,0.31864601373672485,0.0,0.0,0.0,0.0,0.0,0.0,0.0,0.0,0.0,0.17101700603961945
2413,0.03826040402054787,0.01361793652176857,0.02692071534693241,0.013052239082753658,0.0426701083779335,0.01723652146756649,0.0,0.006195630878210068,0.1337706297636032,0.04464705288410187,0.047451622784137726,0.0024093573447316885,0.025210728868842125,0.0689319297671318,0.011641651391983032,0.017920656129717827
2420,0.0,0.0,0.0,0.0,0.0,0.0,0.0,0.0,0.0,0.0,0.0,0.0,0.0,0.0,0.0,0.0
2429,0.0,0.0,0.0,0.0,0.0,0.0,0.0,0.0,0.0,0.0,0.0,0.0,0.0,0.0220246110111475,0.00579266669228673,0.0
2430,0.0,0.0,0.0,0.0,0.0,0.0,0.0,0.0,0.0,0.0,0.0,0.0,0.0,0.0,0.0,0.0
2434,0.0,0.0,0.0,0.0,0.0,0.0,0.0,0.0,0.0,0.0,0.0,0.0,0.0,0.0,0.0,0.0
2456,0.07631214708089828,0.2525879442691803,0.007439947687089443,0.0618288479745388,0.4711381196975708,0.16614708304405212,0.7463250756263733,0.6811137199401855,0.10322777181863785,0.0,0.0,0.7372477054595947,0.5721206665039062,0.010105554945766926,0.07667535543441772,0.7124080061912537
2460,0.0,0.0,0.0,0.0,0.0,0.0,0.0,0.0,0.0,0.0,0.0,0.0,0.0,0.0,0.0,0.0
2470,0.0,0.0,0.0,0.0,0.0,0.0,0.0,0.0,0.0,0.0,0.0,0.0,0.0,0.0,0.07082026451826096,0.0
2474,0.0,0.0,0.0,0.0,0.0,0.0,0.0,0.0,0.0,0.0,0.0,0.0,0.0,0.0,0.0,0.0
2476,0.0,0.004850849974900484,0.0,0.0,0.03473680093884468,0.0,0.0,0.005837772507220507,0.0,0.0,0.0,0.0,0.0,0.005166833288967609,0.0059858825989067554,0.0
2485,0.0,0.0,0.0,0.14864903688430786,0.0,0.15016204118728638,0.12039516121149063,0.0,0.08995578438043594,0.0,0.06253289431333542,0.0,0.07197700440883636,0.003746333532035351,0.0,0.0
2486,0.1799861192703247,0.03521304950118065,0.28466561436653137,0.09428153932094574,0.7832853198051453,0.35435786843299866,0.3868313729763031,0.31786200404167175,0.07905679941177368,0.6737907528877258,0.07843048125505447,0.0,0.13449452817440033,0.11748754978179932,0.31619879603385925,0.3211634159088135
2495,0.0,0.0,0.0,0.13923200964927673,0.0,0.0,0.0,0.0,0.0,0.0,0.0,0.0,0.0,0.0,0.0,0.05343199893832207
2501,0.0,0.0,0.0,0.08152042329311371,0.0,0.592890739440918,0.2694169580936432,0.0,0.0,0.0,0.0,0.0,0.0,0.03467555716633797,0.0,0.0
2504,0.0,0.0,0.0,0.0,0.0,0.0,0.0,0.0,0.0,0.0,0.0,0.0,0.0,0.0,0.0,0.0
2509,0.0,0.0,0.0,0.0,0.0,0.0,0.0,0.0,0.0,0.0,0.0,0.0,0.0,0.0,0.0,0.0
2510,0.0,0.3529084324836731,0.5196356177330017,0.0,0.0,0.5289042592048645,0.4900316596031189,0.0,0.27504271268844604,0.4274141490459442,0.0,0.0,0.0,0.0,0.2589801251888275,0.0
2523,0.3152127265930176,0.810496985912323,0.24419867992401123,0.0,0.37016966938972473,0.2770780324935913,0.7339563965797424,0.26952171325683594,0.26202040910720825,0.20167304575443268,0.3512688875198364,0.20981280505657196,0.31054991483688354,0.26266539096832275,0.2596481442451477,0.2910585105419159
2528,0.0,0.0,0.0,0.0,0.0,0.0,0.0,0.0,0.0,0.0,0.0,0.0,0.0,0.0,0.0,0.0
2531,0.0,0.0,0.0,0.0,0.0,0.0,0.0,0.0,0.0,0.0,0.0,0.0,0.0,0.0,0.0,0.0
2544,0.0,0.0,0.05920955166220665,0.0,0.2235964685678482,0.0,0.0,0.0,0.0,0.09827177226543427,0.046292975544929504,0.051754169166088104,0.0,0.08552853018045425,0.06604357063770294,0.0
2545,0.0,0.0,0.0,0.0,0.0,0.0,0.0,0.0,0.0,0.0,0.0,0.0,0.0,0.0,0.0,0.0
2548,0.0,0.0,0.0,0.0,0.0,0.0,0.08898100256919861,0.0,0.0,0.0,0.639868974685669,0.0,0.0,0.0,0.0,0.0
2552,0.0,0.6946510076522827,0.0,0.0,0.0,0.0,0.0,0.0,0.0,0.0,0.0,0.0,0.32654398679733276,0.0,0.0,0.0
2556,0.0,0.460247665643692,0.8199526071548462,0.8299880027770996,0.0,0.0,0.0,0.0,0.0,0.8177570700645447,0.5765129923820496,0.0,0.7164192199707031,0.0,0.0,0.0
2558,0.0,0.0,0.0,0.0,0.0,0.0,0.0,0.0,0.0,0.0,0.0,0.0,0.0,0.0,0.0,0.0
2562,0.0063149998895823956,0.009849848225712776,0.0058409348130226135,0.02203456126153469,0.0033966584596782923,0.07031017541885376,0.0,0.16051749885082245,0.0062619359232485294,0.03229741007089615,0.006847552489489317,0.0,0.3725736439228058,0.0055552199482917786,0.1753770112991333,0.539053201675415
2564,0.0,0.0,0.0,0.0,0.0,0.0,0.0,0.0,0.0,0.0,0.0,0.0,0.0,0.0,0.0,0.0
2571,0.0,0.0,0.0,0.0,0.0,0.0,0.0,0.0,0.0,0.0,0.0,0.0,0.0,0.0,0.0,0.0
2598,0.0,0.2613770067691803,0.022049840539693832,0.09257606416940689,0.04665570706129074,0.7158147692680359,0.03256377950310707,0.2743644416332245,0.012913089245557785,0.27776843309402466,0.017343740910291672,0.020713789388537407,0.05831384286284447,0.006733571644872427,0.054519545286893845,0.014053398743271828
2606,0.0,0.0,0.0,0.0,0.0,0.2684597671031952,0.0,0.0,0.0,0.0,0.0,0.0,0.0,0.0,0.0,0.0
2607,0.0,0.0,0.0,0.0,0.0,0.0,0.0,0.0,0.0,0.0,0.0,0.0,0.0,0.0,0.0,0.0
2620,0.0,0.0,0.0,0.0,0.0,0.0,0.0,0.0,0.0,0.0,0.0,0.0,0.0,0.0,0.0,0.0
2630,0.0,0.0,0.0,0.0,0.0,0.08484327048063278,0.12980255484580994,0.0,0.0,0.0,0.0,0.0,0.15136319398880005,0.0,0.05789212882518768,0.0
2645,0.0,0.0,0.0,0.0,0.0,0.0,0.0,0.0,0.0,0.0,0.0,0.0,0.0,0.0,0.0,0.0
2658,0.0,0.0,0.0,0.0,0.0,0.0,0.0,0.0,0.0,0.0,0.0,0.0,0.0,0.0,0.0,0.0
2660,0.0,0.0,0.0,0.4830589294433594,0.0,0.0,0.40095457434654236,0.0,0.329288512468338,0.0,0.0,0.0,0.21739758551120758,0.0,0.0,0.0
2665,0.1414380520582199,0.10531273484230042,0.0,0.0,0.19972819089889526,0.044208236038684845,0.026348333805799484,0.2691141664981842,0.0,0.2567482590675354,0.0,0.10336846858263016,0.09067188948392868,0.18179406225681305,0.28949037194252014,0.4363410472869873
2679,0.49678799510002136,0.0,0.9945129752159119,0.9927229881286621,0.09641527384519577,0.0,0.0,0.5,1.0,0.08595956861972809,0.0,0.03207626938819885,0.3209766745567322,0.3312026858329773,0.06860964745283127,0.07006236165761948
2690,0.0,0.0,0.0,0.0,0.0,0.0,0.0,0.0,0.0,0.0,0.0,0.0,0.0,0.0,0.0,0.0
2700,0.0,0.15144048631191254,0.027124179527163506,0.09696364402770996,0.05664002522826195,0.1203671544790268,0.0,0.0,0.08883394300937653,0.0,0.0,0.04526577889919281,0.0,0.027770621702075005,0.0,0.0
2707,0.2781982123851776,0.0,0.0,0.4367419481277466,0.33471396565437317,0.0,0.5728339552879333,0.40416842699050903,0.0,0.4155116677284241,0.20690827071666718,0.26487475633621216,0.0,0.36805588006973267,0.3217413127422333,0.1562737077474594
2709,0.0,0.0,0.0,0.0,0.0,0.0,0.0,0.0,0.0,0.0,0.0,0.0,0.0,0.0,0.0,0.0
2710,0.0,0.3666934669017792,0.08263248950242996,0.09942605346441269,0.04249713942408562,0.17393673956394196,0.07037921994924545,0.0466357059776783,0.30159491300582886,0.5538609027862549,0.009148907847702503,0.11498440057039261,0.042320284992456436,0.2572530210018158,0.19244235754013062,0.14442448318004608
2711,0.0,0.2506854832172394,0.1855209320783615,0.17479977011680603,0.0,0.21907058358192444,0.23466132581233978,0.1913343369960785,0.0,0.2686840891838074,0.20614682137966156,0.24979129433631897,0.0,0.23308587074279785,0.0,0.2874302566051483
2714,0.0,0.0,0.0,0.0,0.0,0.0,0.0,0.0,0.0,0.0,0.0,0.0,0.0,0.0,0.0,0.0
2719,0.3555387854576111,0.33085548877716064,0.1947937309741974,0.233145609498024,0.3513948619365692,0.458381325006485,0.47234994173049927,0.4837656617164612,0.3963063061237335,0.32946887612342834,0.3571314513683319,0.3373703956604004,0.5642324686050415,0.24885769188404083,0.5415561199188232,0.5097486972808838
2728,0.0,0.0,0.0,0.0,0.0,0.0,0.0,0.0,0.0,0.0,0.0,0.0,0.0,0.0,0.0,0.0
2744,0.0,0.0,0.0,0.0,0.0,0.0,0.0,0.0,0.0,0.0,0.0,0.0,0.0,0.0,0.0,0.0
2753,0.2114870250225067,0.0,0.0,0.0,0.05870886892080307,0.03777901455760002,0.0,0.0743633508682251,0.07264479994773865,0.0,0.0,0.05360529571771622,0.0,0.306695818901062,0.13999700546264648,0.704716145992279
2766,0.0,0.0,0.0,0.0,0.0,0.0,0.0,0.0,0.0,0.0,0.0,0.0,0.0,0.0,0.0,0.0
2780,0.0,0.0,0.10280531644821167,0.07929817587137222,0.061730630695819855,0.0,0.03199617937207222,0.0,0.0,0.03826447203755379,0.0,0.0,0.0,0.0,0.0,0.07721834629774094
2781,0.0,0.0,0.0,0.0,0.0,0.0,0.0,0.0,0.0,0.0,0.0,0.0,0.0,0.0,0.0,0.0
2821,0.02843993902206421,0.0,0.27592650055885315,0.1149381622672081,0.2417423129081726,0.04085607826709747,0.30498355627059937,0.22479695081710815,0.0,0.10022643208503723,0.057337626814842224,0.16095946729183197,0.07312147319316864,0.11242498457431793,0.0,0.11742478609085083
2833,0.0,0.0,0.0,0.0,0.0,0.0,0.0,0.0,0.0,0.0,0.0,0.0,0.0,0.0,0.0,0.0
2856,0.0,0.0,0.21084949374198914,0.0,0.0,0.0,0.16466666758060455,0.16381368041038513,0.0,0.0,0.0,0.09827400743961334,0.0,0.0,0.0,0.0
2860,0.9440938234329224,0.7459877729415894,0.8976818323135376,0.7550697326660156,0.8559159636497498,0.5686527490615845,0.9392341375350952,0.8553800582885742,0.9341585040092468,0.579999566078186,0.6460980176925659,0.7623640894889832,0.7823627591133118,0.9164198637008667,0.7640004754066467,0.42173871397972107
2866,0.0,0.0,0.0,0.0,0.16763567924499512,0.1340261548757553,0.0,0.0937354788184166,0.0,0.0722847431898117,0.0,0.22829405963420868,0.13495488464832306,0.0,0.0,0.0
2873,0.0,0.4054439067840576,0.12799496948719025,0.0,0.3535721004009247,0.0,0.0,0.3016810119152069,0.05405000224709511,0.0,0.0,0.0,0.10526127368211746,0.10859563946723938,0.25535106658935547,0.13950929045677185
2874,0.001700921100564301,0.0933472290635109,0.0,0.17578794062137604,0.19149886071681976,0.15057362616062164,0.09262919425964355,0.06554468721151352,0.059464309364557266,0.19633202254772186,0.0,0.0,0.0,0.20510828495025635,0.0230046845972538,0.0
2877,0.0,0.0,0.0,0.0,0.0,0.0,0.0,0.0,0.04524749889969826,0.0,0.0,0.0,0.0,0.0,0.0,0.0
2879,0.0,0.0,0.0,0.0,0.0,0.0,0.0,0.0,0.0,0.0,0.0,0.0,0.0,0.0,0.0,0.0
2884,0.0,0.0,0.3350369930267334,0.0,0.0,0.7275509834289551,0.8130689859390259,0.3871625065803528,0.0,0.3993990123271942,0.47380301356315613,0.0,0.0,0.0,0.0,0.5079590082168579
2887,0.0,0.0,0.0,0.0,0.0,0.0,0.0,0.0,0.0,0.0,0.0,0.0,0.0,0.0,0.0,0.0
2892,0.0,0.0,0.0,0.0,0.0,0.0,0.0,0.0,0.0,0.0,0.0,0.0,0.0,0.0,0.0,0.0
2906,0.06176576018333435,0.10451223701238632,0.0,0.06878583133220673,0.059702370315790176,0.042923152446746826,0.06501822173595428,0.0,0.04147457331418991,0.2760831117630005,0.12427379190921783,0.040184956043958664,0.0,0.0,0.11079800128936768,0.0
2907,0.0,0.0,0.0,0.0,0.0,0.0,0.0,0.0,0.0,0.0,0.0,0.0,0.0,0.0,0.0,0.0
2911,0.14346322417259216,0.12929871678352356,0.0,0.15262456238269806,0.2406950742006302,0.12161896377801895,0.0,0.1530173271894455,0.0,0.14089079201221466,0.0,0.1730310171842575,0.11113885790109634,0.0,0.1934419870376587,0.15041382610797882
2913,0.0,0.0,0.0,0.0,0.0,0.0,0.0,0.0,0.0,0.0,0.0,0.2178903967142105,0.0,0.0,0.0,0.0
2919,0.0,0.0,0.0,0.0,0.0,0.0,0.057707369327545166,0.0,0.0,0.0,0.27062004804611206,0.0,0.05111081153154373,0.0,0.07387519627809525,0.0
2920,0.0,0.0,0.0,0.0,0.0,0.0,0.0,0.11846979707479477,0.0,0.0,0.0,0.0,0.0,0.06768786907196045,0.0,0.0
2921,0.4723978042602539,0.8144842982292175,0.9986405372619629,0.6895523071289062,0.6646022796630859,0.4640757739543915,0.5077420473098755,0.36429643630981445,0.5440888404846191,0.4925190210342407,0.49963241815567017,0.6563215255737305,0.5986227989196777,0.8798658847808838,0.52043217420578,0.10528052598237991
2934,0.0,0.0,0.0,0.0,0.0,0.0,0.0,0.0,0.0,0.0,0.0,0.0,0.0,0.0,0.0,0.0
2938,0.0,0.0,0.0,0.0,0.0,0.0,0.0,0.0,0.0,0.0,0.0,0.0,0.0,0.0,0.0,0.0
2942,0.0,0.0,0.0,0.0,0.0,0.0,0.0,0.0,0.0,0.0,0.0,0.0,0.0,0.0,0.0,0.0
2946,0.0,0.0,0.0,0.0,0.0,0.0,0.0,0.0,0.0,0.0,0.0,0.0,0.0,0.0,0.0,0.0
2948,0.0,0.0,0.0,0.0,0.0,0.0,0.0,0.0,0.0,0.0,0.0,0.0,0.0,0.0,0.0,0.0
2949,0.0,0.0,0.0,0.0,0.0,0.0,0.0,0.0,0.0,0.0,0.0,0.0,0.0,0.0,0.0,0.0
2956,0.0,0.0,0.0,0.0,0.0,0.0,0.0,0.0,0.0,0.0,0.0,0.0,0.0,0.0,0.0,0.0
2964,0.0,0.0,0.0,0.0,0.0,0.0,0.0,0.0,0.0,0.0,0.0,0.0,0.0,0.0,0.0,0.0
2970,0.0,0.0,0.0,0.0,0.0,0.0,0.0,0.0,0.0,0.0,0.0,0.0,0.0,0.0,0.0,0.0
2971,0.0,0.0,0.0,0.0,0.0,0.0,0.0,0.0,0.0,0.0,0.0,0.0,0.0,0.0,0.0,0.0
2972,0.0,0.0,0.0,0.0,0.0,0.0,0.0,0.0,0.0,0.0,0.0,0.0,0.0,0.0,0.0,0.0
2973,0.0,0.2024179995059967,0.0,0.0,0.0,0.0,0.0817589983344078,0.0,0.0,0.0,0.42747050523757935,0.0,0.0,0.0,0.502249002456665,0.0
2977,0.07012917101383209,0.11826180666685104,0.12682606279850006,0.2088085114955902,0.05593099817633629,0.0,0.13008517026901245,0.09405417740345001,0.08724015951156616,0.029556749388575554,0.0,0.13919462263584137,0.14159733057022095,0.040074799209833145,0.0,0.0
2978,0.0,0.0,0.0,0.0,0.0,0.0,0.0,0.0,0.0,0.018619343638420105,0.04187220707535744,0.0,0.0,0.0,0.0,0.0
2993,0.16656725108623505,0.18752920627593994,0.04504959657788277,0.21461616456508636,0.06182752549648285,0.0,0.0,0.0,0.07131846994161606,0.2696828544139862,0.042240727692842484,0.16588114202022552,0.0,0.32853713631629944,0.031032370403409004,0.0
2994,0.0,0.0,0.0,0.0,0.0,0.0,0.0,0.0,0.0,0.0,0.0,0.0,0.0,0.0,0.0,0.0
3013,0.0,0.0,0.0,0.0,0.0,0.0,0.0,0.0,0.0,0.0,0.0,0.0,0.0,0.0,0.0,0.0
3017,0.0,0.0,0.0,0.0,0.0,0.0,0.0,0.0,0.0,0.0,0.0,0.0,0.0,0.0,0.0,0.0
3018,0.8874880075454712,0.42068397998809814,0.39053499698638916,0.28780749440193176,0.11935800313949585,0.0,0.0,0.32962149381637573,0.8079769611358643,0.0,0.11548200249671936,0.4071894884109497,0.0,0.49994999170303345,0.6408250331878662,0.0
3023,0.0,0.0,0.0,0.0,0.0,0.0,0.0,0.23213766515254974,0.0,0.0,0.2179180085659027,0.0,0.0,0.0,0.0,0.0
3024,0.0,0.0,0.0,0.0,0.0,0.0,0.0,0.0,0.0,0.0,0.0,0.0,0.0,0.0,0.0,0.0
3025,0.0,0.0,0.0,0.0,0.0,0.0,0.0,0.0,0.0,0.0,0.0,0.0,0.0,0.0,0.0,0.0
3032,0.0,0.5044763088226318,0.49448901414871216,0.22514432668685913,0.4201086759567261,0.15021033585071564,0.15938448905944824,0.33715301752090454,0.49524199962615967,0.0,0.28063949942588806,0.5030280351638794,0.26830050349235535,0.0,0.38438400626182556,0.0
3033,0.0,0.0,0.0,0.0,0.0,0.0,0.0,0.0,0.0,0.0,0.0,0.0,0.0,0.0,0.0,0.0
3036,0.0,0.9927510023117065,0.0,0.0,0.8736119866371155,0.0,0.0,0.1150209978222847,0.313093364238739,0.0,0.0,0.0,0.0,0.0,0.9609739780426025,0.0
3049,0.10276440531015396,0.0,0.0,0.0,0.0,0.05221285670995712,0.04579950124025345,0.0,0.037732500582933426,0.0,0.02699342928826809,0.028278667479753494,0.07545428723096848,0.0,0.0,0.026504499837756157
3051,0.0,0.028521999716758728,0.0,0.39955201745033264,0.0,0.3931260108947754,0.4817383289337158,0.0,0.0,0.0,0.2531983554363251,0.2898343503475189,0.15999500453472137,0.0,0.0,0.0
3058,0.0,0.4192804992198944,0.514308512210846,0.0,0.0,0.0,0.0,0.32679399847984314,0.42045149207115173,0.3914799988269806,0.2222445011138916,0.3396574854850769,0.0,0.4055284857749939,0.8910415172576904,0.0
3064,0.0,0.0,0.0,0.0,0.0,0.0,0.0,0.0,0.0,0.0,0.0,0.0,0.0,0.0,0.0,0.0
3068,0.0,0.0,0.0,0.0,0.0,0.0,0.0,0.0,0.0,0.0,0.0,0.0,0.0,0.0,0.0,0.0
3069,0.0,0.0,0.0,0.0,0.0,0.0,0.0,0.0,0.0,0.0,0.0,0.0,0.0,0.0,0.0,0.0
3071,0.4866136908531189,0.3003910183906555,0.0,0.18465934693813324,0.0,0.21752798557281494,0.12110933661460876,0.14692933857440948,0.0995766744017601,0.21961534023284912,0.43485769629478455,0.0,0.0,0.4847559928894043,0.39404234290122986,0.2047860026359558
3077,0.0,0.0,0.0,0.0,0.0,0.0,0.0,0.0,0.0,0.0,0.0,0.0,0.0,0.0,0.0,0.0
3086,0.0,0.0,0.0,0.0,0.0,0.0,0.0,0.0,0.0,0.0,0.0,0.0,0.0,0.0,0.0,0.0
3094,0.0,0.0,0.0,0.0,0.0,0.0,0.0,0.0,0.0,0.0,0.0,0.0,0.0,0.0,0.0,0.0
3095,0.0,0.0,0.0,0.0,0.0,0.0,0.0,0.0,0.0,0.0,0.0,0.0,0.0,0.0,0.0,0.0
3101,0.45550698041915894,0.0,0.0,0.7963955402374268,0.43185168504714966,0.0,0.9696944952011108,0.26025649905204773,0.43621399998664856,0.24916350841522217,0.0,0.369720995426178,0.0,0.5317919850349426,0.16674450039863586,0.30087101459503174
3104,0.0,0.0,0.0,0.0,0.0,0.0,0.0,0.0,0.0,0.0,0.0,0.0,0.0,0.0,0.0,0.0
3106,0.0,0.45010751485824585,0.3221774697303772,0.19180399179458618,0.4534274935722351,0.0,0.4036569893360138,0.0,0.0,0.0,0.0,0.6705440282821655,0.0,0.4428674876689911,0.0,0.9341984987258911
3108,0.0,0.0,0.0,0.0,0.0,0.0,0.0,0.0,0.0,0.0,0.0,0.0,0.0,0.0,0.0,0.0
3113,0.0,0.0,0.0,0.0,0.0,0.0,0.0,0.0,0.0,0.0,0.0,0.0,0.0,0.0,0.0,0.0
3119,0.04839041084051132,0.0,0.13697509467601776,0.1039016917347908,0.0,0.0,0.0,0.0,0.0,0.09964107722043991,0.0,0.0,0.0,0.0,0.006272365339100361,0.06660465151071548
3125,0.0,0.0,0.0,0.0,0.0,0.0,0.19366075098514557,0.25985801219940186,0.0,0.1332707703113556,0.0,0.15066109597682953,0.1744692027568817,0.1666385978460312,0.18119318783283234,0.1352207511663437
3126,0.6803931593894958,0.0,0.7546233534812927,0.21435287594795227,0.6782999634742737,0.14496970176696777,0.5768164396286011,0.6260644793510437,0.0,0.0,0.26375919580459595,0.0,0.01252059917896986,0.8370646238327026,0.0,0.06773199886083603
3129,0.0,0.0,0.0,0.0,0.0,0.0,0.0,0.0,0.0,0.0,0.0,0.0,0.0,0.0,0.0,0.0
3132,0.0,0.0,0.0,0.21982090175151825,0.0,0.0738082006573677,0.0,0.0,0.14319272339344025,0.05370844155550003,0.0,0.2585560083389282,0.33415791392326355,0.0,0.2672126293182373,0.0
3133,0.0,0.0,0.0,0.20046064257621765,0.0,0.09445516020059586,0.010552739724516869,0.0,0.08607319742441177,0.0,0.0,0.0,0.0953390970826149,0.0,0.0,0.0
3134,0.0,0.0,0.0,0.0,0.0,0.0,0.0,0.0,0.0,0.0,0.0,0.0,0.0,0.0,0.0,0.0
3142,0.0,0.0,0.0,0.0,0.0,0.0,0.0,0.0,0.0,0.0,0.0,0.0,0.0,0.0,0.0,0.0
3143,0.0,0.0,0.0,0.13243700563907623,0.0,0.0,0.0,0.0,0.0,0.0,0.0,0.0,0.028189145028591156,0.0,0.0724795013666153,0.0
3147,0.0,0.0,0.0,0.0,0.0,0.0,0.0,0.0,0.0,0.0,0.0,0.0,0.0,0.0,0.0,0.0
3149,0.22203949093818665,0.2592020034790039,0.5519825220108032,0.375095009803772,0.0,0.18659450113773346,0.4504694938659668,0.9407899975776672,0.540900468826294,0.2451840043067932,0.39251548051834106,0.373182475566864,0.6697194576263428,0.4855029881000519,0.20086699724197388,0.3889870047569275
3155,0.0,0.0,0.31757041811943054,0.0,0.0,0.0,0.0,0.0,0.0,0.19481635093688965,0.0,0.0,0.0,0.2057228982448578,0.0,0.027900831773877144
3156,0.0,0.0,0.0,0.0,0.0,0.0,0.0,0.0,0.0,0.0,0.0,0.0,0.0,0.0,0.0,0.0
3160,0.0,0.0,0.0,0.0,0.0,0.0,0.0,0.0,0.0,0.0,0.0,0.0,0.0,0.0,0.0,0.0
3161,0.9977060556411743,0.9730427265167236,0.6617046594619751,0.0,0.0,0.8708732724189758,0.8743256330490112,0.7617050409317017,0.9856056571006775,0.9909452199935913,0.0,0.9259710311889648,0.0,0.0,0.0,0.9223190546035767
3165,0.0,0.0,0.0,0.0,0.0,0.0,0.0,0.0,0.0,0.0,0.0,0.0,0.0,0.0,0.0,0.0
3168,0.0,0.0,0.0,0.0,0.0,0.0,0.0,0.0,0.0,0.0,0.0,0.0,0.0,0.0,0.0,0.0
3172,0.0,0.0,0.0,0.0,0.0,0.0,0.0,0.0,0.0,0.0,0.0,0.0,0.0,0.0,0.0,0.0
3173,0.0,0.0,0.0,0.0,0.0,0.0,0.0,0.0,0.0,0.0,0.0,0.0,0.0,0.0,0.0,0.0
3179,0.15319226682186127,0.005177680402994156,0.21343301236629486,0.20391835272312164,0.06587930768728256,0.04740297049283981,0.07749667018651962,0.0,0.09049801528453827,0.0,0.06040302291512489,0.0421554371714592,0.0,0.0,0.10434998571872711,0.27238738536834717
3181,0.16198919713497162,0.7010008692741394,0.07410117238759995,0.08112815022468567,0.03342317417263985,0.10455302149057388,0.08434369415044785,0.6876534819602966,0.0,0.7593889236450195,0.06605105847120285,0.012428118847310543,0.6164754033088684,0.6123222708702087,0.700297474861145,0.6444081664085388
3183,0.0,0.0,0.0,0.0,0.0,0.0,0.0,0.0,0.0,0.0,0.0,0.0,0.0,0.0,0.0,0.0
3187,0.0,0.1507319211959839,0.0,0.1557333767414093,0.0392390675842762,0.0,0.06468203663825989,0.0,0.0,0.0,0.057620760053396225,0.0,0.0,0.0,0.0,0.1130322590470314
3191,0.0,0.0,0.0,0.0,0.0,0.0,0.0,0.0,0.0,0.0,0.0,0.0,0.0,0.0,0.0,0.0
3192,0.0,0.0,0.0,0.0,0.0,0.0,0.0,0.0,0.0,0.0,0.0,0.0,0.0,0.0,0.0,0.05014411732554436
3198,0.0,0.0,0.0,0.0,0.0,0.0,0.0,0.0,0.0,0.0,0.0,0.0,0.0,0.0,0.0,0.0
3204,0.025878803804516792,0.29350578784942627,0.0,0.11028836667537689,0.20304493606090546,0.11348551511764526,0.403403103351593,0.1478910893201828,0.0,0.0,0.07946572452783585,0.1892145276069641,0.19881346821784973,0.09636260569095612,0.0,0.2362949550151825
3205,0.0,0.0,0.0,0.0,0.0,0.0,0.0,0.0,0.0,0.0,0.0,0.0,0.0,0.0,0.0,0.0
3207,0.0,0.6253154277801514,0.0,0.0,0.0,0.0,0.6426429748535156,0.0,0.0,0.0,0.0,0.0,0.10970684140920639,0.645038366317749,0.0,0.0
3208,0.0,0.0,0.0,0.0,0.0,0.0,0.0,0.0,0.0,0.07985841482877731,0.0,0.0,0.0,0.0,0.0,0.0
3211,0.0,0.0,0.0,0.0,0.0,0.0,0.0,0.0,0.0,0.0,0.0,0.0,0.0,0.0,0.0,0.0
3212,0.0,0.0,0.0,0.0,0.0,0.0,0.11375574767589569,0.0,0.0955279991030693,0.03514433652162552,0.0,0.1017797514796257,0.0,0.0,0.10322000086307526,0.0
3217,0.0,0.0,0.0,0.0,0.0,0.0,0.0,0.0,0.0,0.0,0.0,0.0,0.0,0.0,0.0,0.0
3221,0.0,0.0,0.1866046041250229,0.0,0.0,0.0,0.0,0.29437851905822754,0.12866781651973724,0.0,0.1264636367559433,0.0,0.07372009009122849,0.0,0.2668113708496094,0.15886317193508148
3224,0.0,0.0,0.0,0.0,0.0,0.0,0.0,0.0,0.0,0.0,0.0,0.0,0.0,0.0,0.0,0.0
3228,0.0,0.0,0.0,0.0,0.0,0.0,0.0,0.0,0.0,0.0,0.0,0.0,0.0,0.0,0.0,0.0
3229,0.0,0.0,0.0,0.0,0.0,0.0,0.0,0.0,0.0,0.0,0.0,0.0,0.0,0.0,0.0,0.0
3231,0.5923001766204834,0.47989723086357117,0.058679789304733276,0.0,0.26338115334510803,0.0,0.0,0.921002209186554,0.5883378386497498,0.2844827473163605,0.34338200092315674,0.912336528301239,0.3412156403064728,0.0,0.0,0.8411725759506226
3233,0.0,0.0,0.0,0.0,0.0,0.0,0.0,0.0,0.0,0.0,0.0,0.0,0.0,0.0,0.0,0.0
3235,0.21022914350032806,0.10174433887004852,0.3979428708553314,0.025151750072836876,0.28161683678627014,0.2315869927406311,0.07437145709991455,0.2757147550582886,0.22485367953777313,0.13951098918914795,0.021170547232031822,0.4134041666984558,0.3821771740913391,0.48632049560546875,0.8239886164665222,0.5144261121749878
3236,0.0,0.0,0.0,0.0,0.873116672039032,0.0,0.0,0.0,0.0,0.04960114508867264,0.0,0.0,0.0,0.0,0.0,0.006659222301095724
3238,0.0,0.0,0.0,0.0,0.0,0.0,0.0,0.0,0.0,0.0,0.0,0.0,0.0,0.0,0.0,0.0
3246,0.2546445429325104,0.11952290683984756,0.14813056588172913,0.18335741758346558,0.21187220513820648,0.27876606583595276,0.10699593275785446,0.1805885285139084,0.1420225203037262,0.3038005530834198,0.17476636171340942,0.23286551237106323,0.11000388860702515,0.134346604347229,0.03705761209130287,0.1275712102651596
3248,0.0,0.0,0.0,0.0,0.0,0.0,0.0,0.0,0.0,0.0,0.0,0.0,0.0,0.0,0.0,0.0
3251,0.0,0.0,0.0,0.0,0.0,0.0,0.0,0.0,0.0,0.0,0.0,0.0,0.0,0.0,0.0,0.0
3252,0.0,0.0,0.0,0.0,0.0,0.0,0.0,0.0,0.0,0.0,0.0,0.0,0.0,0.0,0.0,0.0
3254,0.013035230338573456,0.0,0.0,0.12864597141742706,0.0,0.04468410462141037,0.0,0.0,0.0,0.06646472215652466,0.0,0.03192747384309769,0.05106985941529274,0.0,0.00833852682262659,0.11347968131303787
3262,0.0,0.0,0.0,0.0,0.0,0.0,0.0,0.0,0.0,0.0,0.0,0.0,0.0,0.0,0.0,0.0
3265,0.0,0.0,0.0,0.0,0.0,0.0,0.0,0.0,0.0028949168045073748,0.0,0.0,0.0,0.0,0.0,0.0,0.0
3267,0.0,0.0,0.0,0.0,0.0,0.0,0.0,0.0,0.0,0.0,0.0,0.0,0.0,0.0,0.0,0.0
3268,0.0,0.08609966933727264,0.0,0.0,0.0,0.0,0.0,0.0,0.0,0.0,0.0,0.0,0.0,0.0,0.0,0.0
3272,0.0,0.0,0.0,0.0,0.0,0.0,0.0,0.0,0.0,0.0,0.0,0.0,0.0,0.0,0.0,0.0
3281,0.3681449890136719,0.034086357802152634,0.0,0.0,0.0,0.014394611120223999,0.0,0.0,0.0,0.0,0.0,0.0,0.0,0.0,0.0,0.0
3282,0.0,0.0,0.0,0.0,0.0,0.0,0.0,0.0,0.0,0.0,0.0,0.0,0.0,0.0,0.0,0.0
3284,0.0,0.011747227981686592,0.0033074168022722006,0.008442375808954239,0.0,0.0,0.0,0.0,0.0,0.0,0.0,0.0,0.0,0.0,0.0,0.06298436224460602
3285,0.07008521258831024,0.0,0.08607160300016403,0.0,0.0,0.1056557446718216,0.0,0.058909498155117035,0.0,0.0,0.0,0.17327071726322174,0.019563399255275726,0.0,0.0,0.0
3291,0.0,0.0,0.0,0.0,0.0,0.0,0.0,0.0,0.0,0.0,0.0,0.0,0.0,0.0,0.0,0.0
3298,0.0,0.0,0.0,0.0,0.0,0.0,0.0,0.0,0.0,0.0,0.0,0.0,0.0,0.0,0.0,0.0
3301,0.0,0.04792936518788338,0.3299860954284668,0.0,0.0,0.0,0.1563473641872406,0.25453588366508484,0.2587980628013611,0.16243062913417816,0.2873760759830475,0.0,0.1938403844833374,0.0,0.0,0.0
3302,0.0,0.0,0.23790961503982544,0.0,0.0,0.0,0.0,0.0,0.0,0.1708609163761139,0.0,0.0,0.0,0.2880556285381317,0.08093010634183884,0.14741523563861847
3303,0.08375868201255798,0.5963976383209229,0.019278371706604958,0.15871480107307434,0.3251779079437256,0.7026788592338562,0.5969811081886292,0.3725813627243042,0.12219975143671036,0.07617490738630295,0.10909168422222137,0.07423661649227142,0.35275372862815857,0.04562249779701233,0.09475993365049362,0.0625072717666626
3304,0.4487985372543335,0.15733854472637177,0.18742714822292328,0.4136526584625244,0.3080809414386749,0.520490825176239,0.5060735940933228,0.31115466356277466,0.3437510132789612,0.44538572430610657,0.0974176675081253,0.3736477792263031,0.20899681746959686,0.491642564535141,0.2896985411643982,0.49052250385284424
3307,0.0,0.0,0.0,0.0,0.0,0.0,0.0,0.0,0.0,0.0,0.0,0.0,0.0,0.0,0.0,0.0
3311,0.5669300556182861,0.8201218843460083,0.6434892416000366,0.4605737626552582,0.502605676651001,0.04958285018801689,0.172464519739151,0.8215639591217041,0.26030290126800537,0.15081194043159485,0.03868836537003517,0.0849730521440506,0.582091212272644,0.3772432506084442,0.04334525391459465,0.08656253665685654
3312,0.0,0.011158136650919914,0.01854965277016163,0.00892704352736473,0.0,0.0,0.0,0.0,0.0,0.0,0.0,0.0,0.0,0.0,0.0,0.07070375233888626
3313,0.0,0.0,0.0,0.0,0.0,0.0,0.0,0.0,0.0,0.0,0.0,0.0,0.0,0.0,0.0,0.0
3314,0.0,0.07330052554607391,0.0,0.19352096319198608,0.0,0.22861449420452118,0.1921161711215973,0.0,0.24599742889404297,0.0,0.0,0.0,0.237052321434021,0.0,0.22351929545402527,0.16572444140911102
3316,0.40783774852752686,0.46626126766204834,0.13804300129413605,0.21022000908851624,0.0,0.415173202753067,0.22241467237472534,0.1770523488521576,0.46518635749816895,0.03454362601041794,0.17068380117416382,0.45396101474761963,0.0,0.4934157431125641,0.6560079455375671,0.042696334421634674
3318,0.0,0.0,0.0,0.0,0.0,0.0,0.0,0.0,0.0,0.0,0.0,0.0,0.0,0.0,0.0,0.0
3321,0.0,0.0,0.0,0.0,0.005633111111819744,0.0,0.0,0.0,0.0,0.0,0.0,0.0,0.0,0.02915579080581665,0.0,0.0
3322,0.0,0.0,0.0,0.0,0.0,0.0,0.0,0.0,0.0,0.0,0.0,0.0,0.0,0.0,0.0,0.0
3323,0.0,0.0,0.0,0.0,0.0,0.0,0.0,0.0,0.0,0.006122000049799681,0.0,0.0,0.0,0.0,0.0,0.0
3325,0.0,0.0,0.11125160753726959,0.0,0.02767028473317623,0.023081816732883453,0.0,0.013818604871630669,0.07409808039665222,0.0,0.0,0.0,0.0,0.05604437738656998,0.041475895792245865,0.7784289717674255
3327,0.0,0.0,0.0,0.0,0.0,0.0,0.008106640540063381,0.0,0.0,0.0,0.0,0.0,0.0,0.0,0.0,0.0
3330,0.0,0.07314962148666382,0.0,0.04282078891992569,0.09770701080560684,0.0,0.0,0.12342362105846405,0.04921989515423775,0.0,0.17132160067558289,0.0,0.0,0.12128017842769623,0.12023220211267471,0.11451684683561325
3337,0.0,0.0,0.0,0.0,0.0,0.0,0.0,0.0,0.0,0.0,0.0,0.0,0.0,0.0,0.0,0.0
3339,0.0,0.0,0.0,0.0,0.0,0.0,0.0,0.0,0.0,0.0,0.0,0.0,0.0,0.0,0.0,0.0
3340,0.0,0.7698346972465515,0.6355318427085876,0.7796278595924377,0.8245198726654053,0.1319187730550766,0.8294711112976074,0.8994000554084778,0.763043999671936,0.22727790474891663,0.7836636304855347,0.8879101872444153,0.7766136527061462,0.0,0.0,0.8019425272941589
3341,0.0,0.0,0.0,0.0,0.0,0.0,0.0,0.0,0.0,0.0,0.0,0.0,0.0,0.0,0.0,0.0
3342,0.0,0.0,0.0,0.0,0.0,0.0,0.0,0.0,0.0,0.0,0.0,0.0,0.0,0.0,0.0,0.0
3344,0.6086385250091553,0.0,0.2546447217464447,0.09957560151815414,0.3116450011730194,0.5782861709594727,0.0,0.0,0.5167457461357117,0.0,0.294414758682251,0.23467251658439636,0.0,0.0,0.0,0.0
3345,0.0,0.0,0.0,0.10249434411525726,0.14716096222400665,0.006499809212982655,0.0029848001431673765,0.0,0.0,0.04791855067014694,0.0,0.043621499091386795,0.009288772940635681,0.0,0.0,0.07737647742033005
3351,0.0,0.0,0.0,0.0,0.0,0.012288999743759632,0.0,0.0,0.0,0.0,0.0,0.0,0.0243087001144886,0.0,0.0,0.0
3352,0.0,0.0,0.0,0.0,0.0,0.0,0.0,0.0,0.0,0.0,0.0,0.0,0.0,0.0,0.0,0.0
3356,0.0,0.0,0.01103087980300188,0.0,0.0,0.0,0.0,0.0,0.0,0.0,0.0,0.0,0.0,0.0,0.0,0.03996267914772034
3360,0.0,0.0,0.22408625483512878,0.20802322030067444,0.0,0.2647561728954315,0.3033093214035034,0.21590979397296906,0.3602066934108734,0.2650889754295349,0.0,0.22349813580513,0.22475740313529968,0.24960815906524658,0.2871786952018738,0.0
3361,0.0,0.0,0.0,0.11144999414682388,0.0,0.8489580750465393,0.0,0.0,0.0,0.1680244505405426,0.0,0.0,0.4871869683265686,0.0,0.0981731116771698,0.0
3362,0.0,0.29564136266708374,0.08109539747238159,0.4593394696712494,0.03134903684258461,0.4608348608016968,0.3747968077659607,0.7098910212516785,0.27355700731277466,0.5076388716697693,0.40172532200813293,0.3025818467140198,0.5975270867347717,0.4050532877445221,0.3116406798362732,0.024284400045871735
3363,0.0,0.0,0.0,0.0,0.0,0.0,0.0,0.0,0.0,0.0,0.0,0.22870901226997375,0.0,0.0,0.0,0.0
3365,0.18783199787139893,0.0,0.0,0.0,0.0,0.0,0.0,0.0,0.0,0.0,0.0,0.0,0.0,0.0,0.019034357741475105,0.0
3367,0.0,0.0,0.0,0.0,0.0,0.0,0.0,0.0,0.0,0.0,0.0,0.0,0.0,0.0,0.0,0.0
3368,0.0,0.013147924095392227,0.0,0.0,0.0,0.0,0.0,0.0,0.0,0.0,0.0,0.0,0.0,0.0,0.01829363778233528,0.0
3369,0.0,0.0,0.0,0.02271600067615509,0.0,0.0,0.0,0.0,0.0,0.0,0.0,0.0,0.0,0.0,0.0,0.0
3371,0.0,0.0,0.0,0.0,0.0,0.0,0.0,0.0,0.0,0.0,0.0,0.0,0.0,0.0,0.0,0.0
3373,0.0,0.0,0.0,0.0,0.0,0.0,0.0,0.0,0.0,0.0,0.0,0.0,0.0,0.0,0.0,0.0
3374,0.0,0.0,0.0,0.0,0.0,0.0,0.0,0.0,0.005247999913990498,0.0,0.0,0.0,0.0,0.0,0.0,0.06437934935092926
3376,0.0,0.0,0.0,0.0,0.0,0.0,0.10774149000644684,0.0,0.0,0.0,0.0,0.0,0.0,0.0,0.12311384081840515,0.0
3381,0.0,0.0,0.0,0.0,0.0,0.0,0.0,0.0,0.0,0.0,0.0,0.0,0.0,0.0,0.0,0.0
3382,0.0,0.0,0.0,0.0,0.0,0.0,0.0,0.0,0.0,0.0,0.0,0.0,0.0,0.0,0.0,0.0
3391,0.0,0.0,0.0,0.0,0.0,0.0,0.0,0.0,0.0,0.0,0.0,0.0,0.0,0.0,0.0,0.0
3392,0.0,0.17375241219997406,0.0,0.1568991094827652,0.0,0.0,0.0,0.0,0.0,0.0,0.05504932627081871,0.0,0.0,0.0,0.0,0.0
3393,0.0,0.0,0.0,0.0,0.0,0.0,0.0,0.0,0.0,0.0,0.0,0.0,0.0,0.0,0.0,0.0
3397,0.0,0.0,0.0,0.0,0.0,0.0,0.0,0.0,0.0,0.0,0.0,0.0,0.0,0.0,0.0,0.0
3399,0.0,0.0,0.0,0.0,0.0,0.0,0.0,0.0,0.0,0.0,0.0,0.0,0.0,0.0,0.0,0.0
3401,0.5394608378410339,0.0,0.0,0.0,0.0,0.0,0.09379935264587402,0.0,0.0,0.0,0.0,0.0,0.0,0.1153281107544899,0.0,0.0
3404,0.0,0.0,0.0,0.0,0.0,0.0,0.0,0.0,0.0,0.0,0.0,0.0,0.0,0.0,0.0,0.0
3407,0.0,0.0,0.0,0.0,0.0,0.0,0.0,0.0,0.0,0.0,0.0,0.0,0.0,0.0,0.0,0.0
3411,0.0,0.0,0.014204800128936768,0.0,0.04505603760480881,0.0,0.0,0.017571166157722473,0.0,0.34902310371398926,0.0,0.0,0.0,0.0,0.0,0.0
3415,0.0,0.0,0.0,0.0,0.0,0.0,0.0,0.0,0.0,0.0,0.0,0.0,0.0,0.0,0.0,0.0
3416,0.0,0.0,0.0,0.0,0.0,0.0,0.0,0.0,0.0,0.0,0.0,0.0,0.0,0.0,0.0,0.0
3424,0.0,0.0,0.0,0.0,0.0,0.0,0.0,0.0,0.06347105652093887,0.0,0.0,0.0,0.015288110822439194,0.014645085670053959,0.0,0.0
3425,0.0,0.0,0.0,0.0,0.0,0.0,0.0,0.0,0.0,0.0,0.0,0.0,0.0,0.0,0.0,0.0
3427,0.02674061618745327,0.07262913137674332,0.03427993506193161,0.13985835015773773,0.022759540006518364,0.13763482868671417,0.0,0.009153982624411583,0.007656033616513014,0.0,0.0,0.03797535598278046,0.05419788509607315,0.0,0.04631878435611725,0.0
3432,0.0,0.175832137465477,0.13044585287570953,0.0,0.08663218468427658,0.189428448677063,0.1882656067609787,0.0,0.0,0.0,0.0,0.2678147554397583,0.17505809664726257,0.16465972363948822,0.0,0.0
3435,0.0,0.0,0.005131440237164497,0.0,0.0,0.0,0.0,0.0,0.0,0.0,0.0,0.0,0.0,0.0,0.0,0.045251037925481796
3436,0.0,0.0,0.0,0.0,0.0,0.0,0.0,0.0,0.0,0.0,0.0,0.0,0.0,0.0,0.0,0.0
3442,0.0,0.0,0.0,0.0,0.0,0.0,0.0,0.0,0.0,0.0,0.0,0.0,0.0,0.0,0.0,0.0
3443,0.0,0.0,0.0,0.0,0.032479334622621536,0.0,0.0,0.0,0.0,0.0016085999086499214,0.0,0.0,0.0,0.0,0.014197100885212421,0.0
3444,0.0,0.0,0.0,0.0,0.0,0.0,0.0,0.0,0.0,0.0,0.0,0.0,0.0,0.0,0.0,0.0
3451,0.024045120924711227,0.0,0.0,0.0,0.0,0.0,0.0,0.004819896072149277,0.0,0.0,0.0,0.0,0.0,0.0,0.0,0.0
3453,0.0,0.0,0.0,0.0,0.0,0.0,0.0,0.0,0.0,0.0,0.0,0.0,0.0,0.0,0.0,0.0
3454,0.0,0.0,0.0,0.0,0.0,0.0,0.0,0.0,0.0,0.0,0.0,0.0,0.0,0.0,0.0,0.0
3456,0.0,0.0,0.0,0.04276427626609802,0.0,0.0057927998714149,0.0,0.0,0.0,0.0,0.0,0.004963666666299105,0.01970050111413002,0.0,0.011572285555303097,0.0
3458,0.0,0.0,0.0,0.0,0.0,0.0,0.0,0.0,0.0,0.0,0.0,0.0,0.0,0.0,0.0,0.0
3460,0.1368887722492218,0.0,0.0,0.0,0.0,0.0,0.008447877131402493,0.0,0.3039993941783905,0.031967002898454666,0.19755665957927704,0.0,0.04366988316178322,0.39639461040496826,0.01159851998090744,0.24141034483909607
3463,0.0,0.0,0.0,0.0,0.0,0.0,0.0,0.0,0.0,0.0,0.0,0.0,0.0,0.0,0.0,0.0
3464,0.0,0.0,0.0,0.0,0.0,0.0,0.0,0.0,0.0,0.0,0.0,0.0,0.0,0.0,0.0,0.0
3467,0.0,0.0,0.0,0.0,0.0,0.0,0.0,0.0,0.0,0.0,0.0,0.0,0.0,0.0,0.0,0.0
3468,0.0,0.0,0.0,0.0,0.0,0.0,0.0,0.0,0.0,0.0,0.0,0.0,0.0,0.0,0.0,0.0
3470,0.0,0.0,0.0,0.0,0.0,0.0,0.0,0.0,0.0,0.0,0.0,0.0,0.0,0.0,0.0,0.0
3473,0.0,0.0,0.0,0.0,0.0,0.0,0.0,0.0,0.015600808896124363,0.0,0.0,0.0,0.0,0.0,0.0,0.056130118668079376
3479,0.0,0.0,0.0,0.0,0.0,0.0,0.0,0.0,0.0,0.0,0.0,0.0,0.0,0.0,0.0,0.0
3485,0.0,0.0,0.0,0.0,0.0,0.0,0.0,0.0,0.0,0.0,0.0,0.0,0.0,0.0,0.0,0.0
3490,0.0,0.0,0.0,0.0,0.0,0.0,0.0,0.0,0.0,0.0,0.0,0.0,0.0,0.0,0.0,0.0
3492,0.0,0.0,0.0,0.0,0.0,0.0,0.0,0.0,0.0,0.0,0.0,0.0,0.0,0.0,0.0,0.0
3496,0.0,0.0,0.0,0.0,0.0,0.0,0.04703105241060257,0.0,0.0,0.0,0.0,0.02995610050857067,0.0,0.0,0.0,0.01897682622075081
3498,0.029775308445096016,0.16171811521053314,0.0,0.17347033321857452,0.08671242743730545,0.07886675745248795,0.04588114097714424,0.017732791602611542,0.06326130777597427,0.055968597531318665,0.1973830610513687,0.0,0.14968810975551605,0.0,0.0923021137714386,0.0
3501,0.0,0.0,0.0,0.0,0.0,0.0,0.0,0.0,0.0,0.0,0.0,0.0,0.0,0.0,0.0,0.0051437001675367355
3502,0.0,0.0,0.0,0.0,0.0,0.0,0.003485636319965124,0.0,0.0,0.0,0.0,0.005128913093358278,0.0,0.0,0.0,0.0
3503,0.0,0.0,0.0,0.15172870457172394,0.05978352949023247,0.0,0.0,0.1524052917957306,0.18261946737766266,0.1382794827222824,0.08121057599782944,0.09680452197790146,0.0,0.0897754654288292,0.18406297266483307,0.0
3504,0.0,0.0,0.0,0.0,0.0,0.43905898928642273,0.0,0.0,0.0,0.0,0.37756600975990295,0.0,0.0,0.0,0.31463998556137085,0.0
3505,0.0,0.0,0.0,0.0,0.0,0.0,0.0,0.0,0.0,0.0,0.0,0.0,0.0,0.0,0.0,0.0
3508,0.0,0.12688744068145752,0.0,0.20319479703903198,0.0853695198893547,0.0,0.0,0.20936012268066406,0.0,0.1685286909341812,0.19528833031654358,0.2970321476459503,0.1718038022518158,0.1649935245513916,0.0,0.15210896730422974
3509,0.22508816421031952,0.10838216543197632,0.13433049619197845,0.18931588530540466,0.23781442642211914,0.29132217168807983,0.49370449781417847,0.230923131108284,0.0,0.1278408318758011,0.12618312239646912,0.08608438074588776,0.0,0.14782170951366425,0.02491001784801483,0.1099960207939148
3511,0.0,0.0,0.0,0.0,0.0,0.0,0.0,0.0,0.0,0.0,0.0,0.0,0.0,0.0,0.0,0.0
3519,0.0,0.0,0.0,0.0,0.0,0.0,0.0,0.0,0.0,0.0,0.0,0.0,0.0,0.0,0.0,0.0
3525,0.0,0.0,0.0,0.0,0.0,0.0,0.0,0.0,0.0,0.0,0.0,0.0,0.0,0.0,0.0,0.0
3526,0.0,0.0,0.0,0.0,0.0,0.0,0.0,0.0,0.0,0.0,0.0,0.0,0.0,0.0,0.0,0.0
3527,0.0,0.0,0.0,0.0,0.0,0.0,0.0,0.0,0.0,0.0,0.0,0.0,0.0,0.0,0.0,0.0
3533,0.0,0.0,0.0,0.0,0.0,0.0,0.0,0.0,0.0,0.0,0.0,0.0,0.0,0.0,0.08225912600755692,0.0
3537,0.0,0.0,0.0,0.0,0.0,0.0,0.0,0.0,0.0,0.0,0.0,0.0,0.0,0.0,0.0,0.0
3538,0.01991681009531021,0.0,0.014814409427344799,0.0,0.005559130106121302,0.0,0.011555000208318233,0.0,0.0035287141799926758,0.02302609011530876,0.009181550703942776,0.007802681531757116,0.0,0.0,0.0,0.0
3540,0.0,0.0,0.0,0.0,0.0,0.0,0.0,0.0,0.0,0.0,0.0,0.0,0.0,0.0,0.0,0.0
3541,0.0,0.0,0.0,0.0,0.0,0.0,0.0,0.0,0.0,0.0,0.0,0.0,0.0,0.0,0.0,0.0
3542,0.0,0.0,0.0,0.0,0.0,0.0,0.0,0.0,0.0,0.0,0.0,0.0,0.0,0.0,0.0,0.0
3545,0.0,0.0,0.0,0.0,0.0,0.0,0.0,0.0,0.0,0.0,0.0,0.0,0.0,0.0,0.0,0.0
3546,0.2861074209213257,0.14575283229351044,0.0,0.0,0.052513401955366135,0.20456363260746002,0.17936848104000092,0.2834072411060333,0.0,0.0,0.0,0.0,0.025240393355488777,0.35600027441978455,0.0,0.24010992050170898
3547,0.0,0.0,0.3241947591304779,0.08500373363494873,0.0,0.0,0.0,0.24970166385173798,0.1388864815235138,0.0,0.17592647671699524,0.0,0.0,0.1413768082857132,0.0,0.0
3549,0.0,0.0,0.0,0.0,0.0,0.0,0.0,0.0,0.0,0.0,0.0,0.0,0.0,0.0,0.0,0.0
3552,0.0,0.0,0.0,0.03892269730567932,0.040733907371759415,0.0,0.009297850541770458,0.0,0.0,0.047748737037181854,0.0,0.025445999577641487,0.026410864666104317,0.0,0.0,0.02051486447453499
3554,0.0,0.0,0.1356281191110611,0.0,0.0,0.0,0.9862126111984253,0.0,0.0,0.0,0.0,0.0,0.0,0.0,0.0,0.0
3558,0.0,0.0,0.0,0.0,0.0,0.0,0.0,0.0,0.0,0.0,0.0,0.0,0.0,0.0,0.0,0.0
3559,0.7994151711463928,0.8614252805709839,0.9544124603271484,0.6886243224143982,0.9133109450340271,0.9616914391517639,0.8011590242385864,0.0,0.859994113445282,0.8115557432174683,0.9037088751792908,0.5855352282524109,0.7734098434448242,0.4599703848361969,0.9983839988708496,0.9998816847801208
3563,0.0,0.0,0.0,0.0,0.0,0.0,0.0,0.0,0.0,0.0,0.0,0.0,0.0,0.0,0.0,0.0
3565,0.0,0.0,0.0,0.0,0.0,0.0,0.0,0.0,0.0,0.0,0.0,0.0,0.0,0.0,0.0,0.0
3566,0.0,0.0,0.10361843556165695,0.0,0.15879233181476593,0.0,0.12050101161003113,0.23222307860851288,0.0,0.05088738352060318,0.0,0.0,0.14342047274112701,0.0,0.21228724718093872,0.0
3568,0.0,0.0,0.0,0.0,0.0,0.0,0.0,0.0,0.0,0.0,0.0,0.0,0.0,0.0,0.0,0.0
3570,0.0,0.0,0.0,0.0,0.0,0.0,0.0,0.0,0.0,0.0,0.0,0.0,0.0,0.0,0.0,0.0
3572,0.0,0.0,0.0,0.0,0.0,0.0,0.0,0.0,0.0,0.0,0.0,0.0,0.0,0.0,0.0,0.0
3573,0.07134778797626495,0.0,0.10839112848043442,0.0,0.03176653012633324,0.0,0.05030248314142227,0.0,0.07284631580114365,0.07064219564199448,0.20783960819244385,0.1379799246788025,0.08117185533046722,0.0,0.058486178517341614,0.0
3575,0.0,0.0,0.0,0.0,0.0,0.11532710492610931,0.1880788803100586,0.19798476994037628,0.0,0.23403210937976837,0.2077893763780594,0.0,0.19013546407222748,0.18056626617908478,0.14750123023986816,0.0
3578,0.0,0.0,0.0,0.0,0.0,0.0,0.0034040911123156548,0.0,0.0,0.0,0.0,0.0,0.0,0.0,0.0,0.0
3579,0.0,0.0,0.0,0.0,0.0,0.0,0.0,0.0,0.0,0.0,0.0,0.0,0.0,0.0,0.0,0.0
3581,0.0,0.0,0.0,0.0,0.0,0.0,0.0,0.0,0.0,0.0,0.0,0.0,0.0,0.0,0.0,0.0
3582,0.0,0.0,0.0,0.0,0.0,0.0,0.0,0.0,0.0,0.0,0.0,0.0,0.0,0.0,0.0,0.0
3583,0.0,0.0,0.0,0.0,0.0,0.0,0.0,0.0,0.0,0.0,0.0,0.0,0.0,0.0,0.0,0.0
3587,0.0,0.0,0.0,0.0,0.0,0.0,0.0,0.0,0.0,0.0,0.0,0.0,0.0,0.0,0.0,0.0
3588,0.0,0.0,0.0,0.0,0.0,0.0,0.0,0.0,0.0,0.0,0.0,0.0,0.0,0.0,0.0,0.0
3592,0.0,0.0,0.0,0.0,0.0,0.0,0.0,0.0,0.0,0.0,0.0,0.0,0.0,0.0,0.0,0.0
3593,0.0,0.25939708948135376,0.08892421424388885,0.15432792901992798,0.0,0.0,0.0,0.0,0.4800911843776703,0.0,0.0,0.10404011607170105,0.0,0.0,0.0,0.0
3596,0.0,0.0,0.0,0.0,0.12777698040008545,0.0,0.0,0.0,0.0,0.046757884323596954,0.05255376920104027,0.11031195521354675,0.0,0.0,0.04381748288869858,0.0
3598,0.0,0.0,0.0,0.0,0.0,0.0,0.0,0.0,0.0,0.0,0.0,0.0,0.0,0.0,0.0,0.0
3601,0.0,0.1492425948381424,0.0,0.0,0.0,0.0,0.1272827833890915,0.0,0.0,0.0,0.0,0.0,0.15709319710731506,0.0,0.0,0.10976487398147583
3602,0.9810461401939392,0.9685482978820801,0.8072715997695923,0.907428503036499,0.9952303767204285,0.9438712000846863,0.9586301445960999,0.9981285929679871,0.9175835251808167,0.727843701839447,0.8776847720146179,0.9526983499526978,0.9448738098144531,0.953484296798706,0.7910975813865662,0.9835832715034485
3606,0.0,0.0,0.0,0.0,0.0,0.0,0.0,0.0,0.0,0.0,0.0,0.0,0.0,0.0,0.0,0.0
3607,0.08834624290466309,0.0,0.12127324193716049,0.0,0.0,0.06740367412567139,0.09200436621904373,0.0,0.08264517039060593,0.050687000155448914,0.0724194273352623,0.01945723034441471,0.0,0.0,0.0,0.0
3608,0.0,0.0,0.0,0.0,0.0,0.0,0.0,0.0,0.0,0.0,0.0,0.0,0.0,0.0,0.0,0.0
3610,0.0,0.0,0.36187949776649475,0.0,0.0,0.0,0.0,0.0,0.0,0.0,0.0,0.0,0.0886458158493042,0.0,0.0,0.0
3611,0.0,0.0,0.1835329681634903,0.0,0.0,0.0,0.0,0.0,0.0,0.0,0.0,0.11076677590608597,0.0,0.0,0.3024198114871979,0.0
3612,0.04217337816953659,0.08676978200674057,0.10228926688432693,0.0,0.0395628958940506,0.0390709787607193,0.039280857890844345,0.0,0.0,0.0,0.0,0.056980714201927185,0.07887165248394012,0.0,0.0,0.08543436229228973
3619,0.18644121289253235,0.035919610410928726,0.33181434869766235,0.0,0.0,0.1111992597579956,0.0,0.0,0.15845166146755219,0.15339496731758118,0.0,0.12686753273010254,0.18363460898399353,0.14206621050834656,0.0,0.0
3620,0.0,0.014700666069984436,0.0,0.0,0.059722498059272766,0.058459002524614334,0.0,0.0,0.0,0.0,0.11075150221586227,0.0,0.15574249625205994,0.02298850193619728,0.0,0.0
3624,0.0,0.23328708112239838,0.0,0.0,0.0,0.10612474381923676,0.22423161566257477,0.0,0.10729537159204483,0.2262575775384903,0.0,0.0,0.20749810338020325,0.0,0.1472715139389038,0.08850985020399094
3628,0.0,0.0,0.0,0.0,0.0,0.0,0.0,0.0,0.0,0.0,0.0,0.0,0.0,0.0,0.0,0.0
3630,0.0,0.35059788823127747,0.035773664712905884,0.0,0.644855797290802,0.03415190801024437,0.33778926730155945,0.008309142664074898,0.0,0.027969473972916603,0.6348777413368225,0.5865244269371033,0.4966982305049896,0.2943601906299591,0.15982306003570557,0.0
3632,0.0,0.0,0.0,0.0,0.0,0.0,0.0,0.0,0.0,0.0,0.0,0.0,0.0,0.0,0.0,0.0
3634,0.0,0.2716246545314789,0.17380210757255554,0.0,0.0,0.0,0.0,0.0,0.0,0.1215062066912651,0.0,0.11016245931386948,0.0,0.0,0.19557248055934906,0.2058800756931305
3636,0.0,0.0,0.0,0.11889652162790298,0.18455426394939423,0.0,0.0,0.0,0.21860897541046143,0.1784363090991974,0.31651151180267334,0.0,0.0,0.1553209275007248,0.23593150079250336,0.3106129467487335
3637,0.008995684795081615,0.026034684851765633,0.018663499504327774,0.1009567379951477,0.06683377176523209,0.05926940590143204,0.0,0.17514820396900177,0.11361511051654816,0.14479698240756989,0.3884972035884857,0.2896675765514374,0.03115377202630043,0.1018657460808754,0.0,0.05994502454996109
3638,0.0,0.0,0.0,0.0,0.0,0.0,0.0,0.0,0.0,0.0,0.0,0.0,0.0,0.0,0.0,0.0
3639,0.0,0.0,0.0,0.0,0.0,0.0,0.0,0.0,0.0,0.0,0.0,0.0,0.0,0.0,0.0,0.0
3640,0.0,0.0,0.4312629699707031,0.0,0.0,0.0,0.6174051761627197,0.0,0.0,0.3643917441368103,0.03938800096511841,0.0,0.0,0.0,0.0,0.0
3642,0.0,0.0,0.0,0.0998620018362999,0.07168780267238617,0.07149333506822586,0.11370259523391724,0.0,0.0,0.163565993309021,0.08200299739837646,0.022760799154639244,0.03409900143742561,0.09703519940376282,0.17933839559555054,0.0
3644,0.0,0.0,0.0,0.0,0.6815454959869385,0.29530298709869385,0.0,0.0,0.0,0.0,0.0,0.7747676372528076,0.0,0.0,0.0,0.7860434055328369
3645,0.04637300223112106,0.0,0.1274794340133667,0.09468487650156021,0.12272000312805176,0.17244601249694824,0.0,0.0,0.05633939430117607,0.07102040201425552,0.017852600663900375,0.0,0.08142700046300888,0.2524617314338684,0.16488422453403473,0.16629759967327118
3648,0.0,0.0,0.0,0.0,0.0,0.0,0.0,0.0,0.0,0.0,0.0,0.0,0.0,0.0,0.0,0.0
3649,0.0,0.0,0.0,0.0,0.0,0.0,0.0,0.0,0.0,0.0,0.0,0.0,0.0,0.0027501052245497704,0.0,0.09170491993427277
3651,0.1455867886543274,0.0,0.10492771118879318,0.15371428430080414,0.0,0.13575558364391327,0.038791559636592865,0.15688230097293854,0.0,0.15241150557994843,0.0,0.0,0.15870371460914612,0.0,0.31883805990219116,0.05120168626308441
3652,0.0,0.0,0.0,0.0,0.0,0.0,0.0,0.0,0.0,0.0,0.0,0.0,0.0,0.0,0.0,0.0
3655,0.19477948546409607,0.049746789038181305,0.32478225231170654,0.0,0.0,0.07552269101142883,0.0,0.24017177522182465,0.0,0.0,0.2917368710041046,0.0,0.19627349078655243,0.11337652057409286,0.0,0.25504690408706665
3661,0.0,0.0,0.0,0.0,0.0,0.0,0.0,0.0,0.0,0.0,0.0,0.0,0.0,0.0,0.0,0.0
3663,0.0,0.0,0.0,0.0,0.0,0.0,0.0,0.0,0.0,0.0,0.0,0.0,0.0,0.0,0.0,0.0
3664,0.1801479607820511,0.043199386447668076,0.32309937477111816,0.12006683647632599,0.0,0.0,0.20469169318675995,0.25855571031570435,0.0,0.11670372635126114,0.0,0.12330004572868347,0.1980212926864624,0.11518361419439316,0.0,0.21841366589069366
3666,0.0,0.08623000234365463,0.0,0.0,0.0,0.0,0.0,0.0,0.0,0.0,0.0,0.0,0.0,0.0,0.0,0.0
3669,0.10188954323530197,0.2818886637687683,0.0,0.0,0.1951177716255188,0.15288126468658447,0.11628157645463943,0.24459120631217957,0.16643621027469635,0.12421858310699463,0.0,0.0,0.1276865005493164,0.26456785202026367,0.0,0.22618965804576874
3671,0.0,0.0,0.0,0.0,0.0,0.0,0.0,0.0,0.0,0.0,0.0,0.0,0.0,0.0,0.0,0.0
3673,0.0,0.0,0.0,0.0,0.0,0.0,0.0,0.0,0.0,0.0,0.0,0.0,0.0,0.0,0.0,0.0
3677,0.0,0.0,0.0,0.0,0.0,0.0,0.0,0.0,0.0,0.0,0.0,0.0,0.0,0.0,0.0,0.0
3680,0.0,0.0,0.0,0.0,0.0,0.0,0.0,0.0,0.0,0.0,0.0,0.0,0.0,0.0,0.0,0.0
3681,0.0,0.0,0.0,0.0,0.0,0.0,0.2609764337539673,0.31600600481033325,0.0,0.19889679551124573,0.31441453099250793,0.17702558636665344,0.2542754113674164,0.19473333656787872,0.0,0.0
3682,0.0,0.19024494290351868,0.0,0.0,0.17468848824501038,0.24770493805408478,0.26419350504875183,0.0,0.0,0.21229566633701324,0.2526126503944397,0.23606038093566895,0.29746973514556885,0.2220650464296341,0.26497966051101685,0.22956807911396027
3684,0.0,0.19819436967372894,0.0,0.0,0.0,0.0,0.07835250347852707,0.0,0.0,0.04013783484697342,0.0,0.08574359863996506,0.00795377790927887,0.0,0.0,0.04396649822592735
3685,0.0,0.0,0.0,0.0,0.0,0.0,0.0,0.0,0.0,0.0,0.0,0.0,0.0,0.0,0.0,0.0
3687,0.0,0.0,0.0,0.0,0.0,0.0,0.0,0.0,0.0,0.0,0.0,0.0,0.0,0.0,0.0,0.0
3690,0.0,0.0,0.0,0.0,0.0,0.0,0.0,0.0,0.0,0.0,0.0,0.0,0.0,0.0,0.0,0.0
3692,0.0,0.0,0.0,0.0,0.0,0.0,0.0,0.0,0.0,0.0,0.0,0.0,0.0,0.0,0.0,0.0
3693,0.0,0.0,0.0,0.0,0.0,0.0,0.0,0.0,0.0,0.0,0.0,0.0,0.0,0.0,0.0,0.0
3694,0.0,0.0,0.0,0.0,0.0,0.0,0.0,0.0,0.0,0.0,0.0,0.0,0.0,0.0,0.025921402499079704,0.0
3695,0.0,0.0,0.0,0.0,0.0,0.0,0.0,0.0,0.0,0.0,0.0,0.0,0.0,0.0,0.0,0.0
3696,0.0,0.0,0.0,0.0,0.0,0.0,0.0,0.0,0.0,0.0,0.0,0.0,0.0,0.0,0.0,0.0
3698,0.0,0.0,0.0,0.0,0.0,0.0,0.0,0.0,0.0,0.0,0.0,0.0,0.0,0.0,0.0,0.0
3699,0.0,0.0,0.0,0.0,0.0,0.0,0.0,0.0,0.0,0.0,0.0,0.0,0.0,0.0,0.0,0.0
3701,0.0,0.0,0.0,0.1348453164100647,0.0,0.019748860970139503,0.0,0.0,0.0,0.04904944822192192,0.0,0.05363980680704117,0.06785901635885239,0.0,0.03683972358703613,0.02666616067290306
3702,0.0,0.0,0.0,0.0,0.0,0.0,0.0,0.0,0.0,0.0,0.0,0.0,0.0,0.0,0.0,0.0
3703,0.0,0.0,0.0,0.0,0.0,0.0,0.0,0.0,0.0,0.0,0.20272108912467957,0.0,0.0,0.0,0.0,0.0
3704,0.0,0.0,0.0,0.0,0.0,0.0,0.0,0.0,0.0,0.0,0.0,0.0,0.0,0.0,0.0,0.0
3705,0.0,0.0,0.0,0.0,0.0,0.0,0.013170473277568817,0.0,0.0,0.0,0.0,0.02563135139644146,0.0,0.0,0.0,0.013324609957635403
3706,0.6292256116867065,0.9536035060882568,0.9430502653121948,0.4063080847263336,0.6433084607124329,0.7226446866989136,0.8878200054168701,0.6618188619613647,0.8663000464439392,0.07202020287513733,0.556678295135498,0.41997599601745605,0.5888650417327881,0.9043518304824829,0.6036246418952942,0.8121553063392639
3711,0.9565282464027405,0.8958314061164856,0.7433685064315796,0.8152773380279541,0.9075421690940857,0.9545087218284607,0.8121235370635986,0.7261555790901184,0.9131650328636169,0.0,0.8555095791816711,0.9833948612213135,0.9548487663269043,0.9218186140060425,0.9553650617599487,0.8874565958976746
3714,0.0,0.0,0.0,0.0,0.0,0.0,0.0,0.0,0.0,0.0,0.0,0.0,0.0,0.0,0.0,0.0
3715,0.0,0.0,0.0,0.0,0.0,0.0,0.0,0.0,0.0,0.0,0.0,0.0,0.0,0.0,0.0,0.0
3718,0.0,0.0,0.0,0.0,0.0,0.0,0.0,0.0,0.0,0.0,0.0,0.0,0.0,0.0,0.0,0.0
3720,0.0,0.0,0.0,0.0,0.0,0.0,0.0,0.0,0.0,0.0,0.0,0.0,0.0,0.0,0.0,0.0
3723,0.0,0.0,0.09140410274267197,0.0,0.0,0.0,0.20968200266361237,0.0,0.0,0.0,0.0,0.3190631568431854,0.0,0.0,0.0,0.0
3725,0.25011560320854187,0.0,0.0,0.0,0.1340325027704239,0.1231289654970169,0.0,0.0829332172870636,0.1409021019935608,0.0,0.0,0.0,0.0,0.23333026468753815,0.1870746910572052,0.10145899653434753
3728,0.0,0.0,0.0,0.0,0.0,0.0,0.0,0.0,0.0,0.0,0.0,0.0,0.0,0.0,0.0,0.0
3732,0.0,0.0,0.0,0.0,0.0,0.0,0.0,0.0,0.0,0.0,0.0,0.0,0.0,0.0,0.0,0.0
3733,0.0,0.0,0.0,0.0,0.0,0.0,0.0,0.0,0.0,0.0,0.0,0.0,0.0,0.0,0.0,0.0
3735,0.0,0.0,0.0,0.0,0.0,0.0,0.0,0.0,0.0,0.0,0.0,0.0,0.0,0.0,0.0,0.0
3738,0.0,0.0,0.0,0.0,0.0,0.0,0.0,0.0,0.0,0.0,0.0,0.0,0.0,0.0,0.0,0.0
3739,0.17524956166744232,0.26696640253067017,0.32991018891334534,0.46462559700012207,0.3778924345970154,0.2061794102191925,0.3513607382774353,0.2828906178474426,0.16644497215747833,0.46884652972221375,0.5677754878997803,0.3090788722038269,0.33314672112464905,0.28187042474746704,0.2539781630039215,0.3976263403892517
3741,0.0,0.0,0.0,0.004362375009804964,0.0,0.0,0.025787601247429848,0.0,0.0,0.0,0.0,0.009019900113344193,0.0,0.0,0.0,0.01644860953092575
3742,0.0,0.16102191805839539,0.10077185928821564,0.12065812200307846,0.14789991080760956,0.0,0.14101913571357727,0.0578591413795948,0.0,0.07074136286973953,0.0,0.03200205788016319,0.12553702294826508,0.08392573148012161,0.09123246371746063,0.11815647035837173
3748,0.0,0.0,0.0,0.0,0.0,0.0,0.0,0.0,0.0,0.0,0.0,0.0,0.0,0.0,0.0,0.0
3749,0.0,0.0,0.0,0.0,0.0,0.0,0.0,0.0,0.0,0.0,0.0,0.0,0.0,0.0,0.0,0.0
3755,0.09240946173667908,0.0,0.05254156142473221,0.0,0.0,0.0,0.0914170891046524,0.17209844291210175,0.2028045654296875,0.0,0.06217009946703911,0.0,0.0,0.05743548646569252,0.0,0.1259394735097885
3756,0.0,0.0,0.0,0.0,0.0,0.0,0.0,0.0,0.0,0.0,0.0,0.0,0.0,0.0,0.0,0.0
3759,0.0,0.0,0.0,0.0,0.0,0.0,0.0,0.0,0.0,0.0,0.0,0.0,0.0,0.0,0.0,0.0
3763,0.0,0.0,0.0,0.0,0.0,0.0,0.0,0.0,0.0,0.0,0.0,0.0,0.0,0.0,0.0,0.0
3765,0.06324627250432968,0.2793388068675995,0.12952055037021637,0.0,0.13977955281734467,0.0,0.11831489205360413,0.0,0.0,0.10610345005989075,0.0,0.0,0.0,0.16861344873905182,0.0,0.19258220493793488
3767,0.0,0.0,0.0,0.0,0.0,0.0,0.0,0.0,0.0,0.0,0.0,0.0,0.0,0.0,0.0,0.0
3769,0.0,0.0,0.0,0.0,0.0,0.0,0.0,0.0,0.0,0.0,0.0,0.0,0.0,0.0,0.0,0.0
3772,0.0,0.0,0.0,0.0,0.0,0.0,0.0,0.011612000875175,0.0,0.0,0.0,0.01803000085055828,0.0,0.0,0.0,0.0
3774,0.030322110280394554,0.0,0.0,0.0735170766711235,0.0,0.038561079651117325,0.0,0.06290195882320404,0.06826024502515793,0.04546590521931648,0.05076032876968384,0.0,0.0,0.0,0.05026666820049286,0.07720289379358292
3777,0.0,0.0,0.0,0.0,0.0,0.0,0.0,0.0,0.0,0.0,0.0,0.0,0.0,0.0,0.0,0.0
3778,0.0,0.0,0.0,0.0,0.0,0.0,0.0,0.0,0.0,0.0,0.0,0.0,0.17682300508022308,0.0,0.0,0.0
3779,0.0,0.0,0.0,0.0,0.0,0.0,0.0,0.0,0.0,0.0,0.0,0.0,0.0,0.0,0.0,0.0
3784,0.0,0.0,0.0,0.0,0.0,0.0,0.0,0.0,0.0,0.0,0.0,0.0,0.0,0.0,0.0,0.0
3787,0.17991453409194946,0.0,0.3219069540500641,0.0,0.0,0.08246224373579025,0.20395487546920776,0.2998414635658264,0.09281326085329056,0.0,0.18849065899848938,0.0,0.1710720807313919,0.0,0.23597106337547302,0.25232189893722534
3789,0.21482333540916443,0.0,0.0,0.0,0.16452467441558838,0.0,0.0,0.0,0.0,0.0,0.0,0.0,0.0,0.0,0.13647699356079102,0.0
3793,0.0,0.0,0.0,0.0,0.0,0.0,0.0,0.07702600210905075,0.0,0.0,0.0,0.0,0.0,0.0,0.1518336683511734,0.020121334120631218
3794,0.0,0.0,0.0,0.0,0.0,0.0,0.0,0.0,0.0,0.0,0.0,0.0,0.0,0.0,0.0,0.0
3798,0.17913272976875305,0.7095170617103577,0.15288615226745605,0.2839328944683075,0.0,0.0,0.030886592343449593,0.0,0.0,0.07987483590841293,0.19866116344928741,0.3704245686531067,0.0,0.19159483909606934,0.021975833922624588,0.2858056426048279
3800,0.3410348892211914,0.4408191442489624,0.24348630011081696,0.44990798830986023,0.4068528115749359,0.25141844153404236,0.0,0.36728838086128235,0.2692982852458954,0.6106381416320801,0.41245582699775696,0.46033304929733276,0.23356133699417114,0.1506509929895401,0.5954654812812805,0.20828768610954285
3802,0.0,0.0,0.0,0.0,0.0,0.0,0.0,0.0,0.0,0.0,0.0,0.0,0.0,0.0,0.0,0.0
3804,0.0,0.0,0.0,0.004893136210739613,0.0,0.0,0.0,0.0,0.0,0.029130524024367332,0.0,0.0,0.0,0.0,0.0,0.0
3806,0.07258572429418564,0.20786626636981964,0.0,0.17753835022449493,0.17829136550426483,0.10043321549892426,0.0,0.0,0.06590168178081512,0.0,0.03749344125390053,0.08307527005672455,0.060311172157526016,0.0,0.0,0.22671163082122803
3807,0.0,0.0,0.0,0.0,0.0,0.0,0.0,0.0,0.0,0.0,0.0,0.0,0.0,0.0,0.0,0.0
3808,0.0,0.0,0.0,0.0,0.0,0.0,0.0,0.0,0.0,0.0,0.0,0.0,0.0,0.0,0.0,0.0
3814,0.0,0.0,0.0,0.0,0.0,0.0,0.0,0.0,0.0,0.0,0.0,0.0,0.0,0.0,0.0,0.0
3815,0.0,0.0,0.0,0.0,0.2258903831243515,0.0,0.0,0.0,0.0,0.4835650324821472,0.2543586790561676,0.22541746497154236,0.0,0.0,0.0,0.0
3819,0.0,0.0,0.0,0.0,0.0,0.0,0.0,0.0,0.0,0.0,0.0,0.0,0.0,0.0,0.0,0.0
3823,0.26778438687324524,0.2001071274280548,0.0,0.03278405964374542,0.018366364762187004,0.13327659666538239,0.1585346758365631,0.0,0.15551412105560303,0.0381823368370533,0.04775164648890495,0.0,0.06038927286863327,0.0,0.03555428609251976,0.0
3824,0.0,0.0,0.0,0.0,0.0,0.0,0.0,0.0,0.0,0.0,0.0,0.0,0.0,0.0,0.0,0.0
3825,0.0,0.0,0.0,0.0,0.0,0.0493321530520916,0.037633925676345825,0.10528688132762909,0.20280589163303375,0.0,0.0,0.0,0.05451487377285957,0.07989899814128876,0.0,0.0
3826,0.0,0.0,0.0,0.0,0.0,0.0,0.0,0.0,0.0,0.0,0.0,0.0,0.0,0.0,0.0,0.0
3827,0.0,0.0,0.0,0.0,0.017359420657157898,0.0,0.0,0.0,0.0,0.0,0.0,0.025587525218725204,0.0,0.0,0.0,0.05079174041748047
3829,0.5402742624282837,0.7418426871299744,0.752836287021637,0.7499029040336609,0.6838620901107788,0.6156224608421326,0.48500630259513855,0.6262148022651672,0.3725273311138153,0.8703672289848328,0.9964328408241272,0.9976577758789062,0.9904654026031494,0.43040838837623596,0.43827730417251587,0.7584842443466187
3831,0.0,0.0,0.0,0.0,0.0,0.0,0.0,0.0,0.0,0.0,0.0,0.0,0.0,0.0,0.0,0.0
3832,0.0,0.0,0.0,0.0,0.0,0.0,0.0,0.0,0.0,0.0,0.0,0.0,0.0,0.0,0.0,0.0
3835,0.0,0.0,0.0,0.0,0.0,0.0,0.0,0.027172699570655823,0.19458891451358795,0.07957874983549118,0.0,0.0,0.0,0.04680900275707245,0.0,0.0
3840,0.0,0.04551634564995766,0.0625959262251854,0.1542442888021469,0.0,0.15576188266277313,0.0,0.0,0.0514737032353878,0.0645652562379837,0.0,0.18228287994861603,0.02476370893418789,0.0310156662017107,0.0,0.07712984830141068
3846,0.5118370056152344,0.06944900006055832,0.7156299948692322,0.4858799874782562,0.7143359780311584,0.0,0.0,0.2095700055360794,0.0,0.0,0.0,0.0,0.435573011636734,0.5139089822769165,0.0,0.0
3848,0.0,0.0,0.0,0.03371670842170715,0.04233623668551445,0.0,0.0,0.0,0.0,0.03247815743088722,0.0,0.029139000922441483,0.0,0.0,0.0,0.053079091012477875
3849,0.0,0.0,0.0,0.0,0.0,0.0,0.0,0.0,0.0,0.0,0.0,0.0,0.0,0.0,0.0,0.0
3853,0.0,0.0,0.0,0.0,0.0,0.0,0.0,0.0,0.0,0.0,0.0,0.0,0.0,0.0,0.0,0.0
3854,0.0,0.0,0.0,0.0,0.0,0.0,0.0,0.0,0.0,0.0,0.0,0.0,0.0,0.0,0.0,0.0
3858,0.0,0.0,0.0,0.0,0.0,0.0,0.0,0.0,0.0,0.0,0.0,0.0,0.0,0.0,0.0,0.0
3860,0.0,0.0,0.0,0.0,0.0,0.0,0.0,0.0,0.0,0.0,0.0,0.0,0.0,0.0,0.0,0.0
3861,0.0,0.0,0.0,0.0,0.0,0.0,0.0,0.0,0.0,0.0,0.0,0.0,0.0,0.0,0.0,0.0
3863,0.5589801669120789,0.5608556270599365,0.06714774668216705,0.06297372281551361,0.9904715418815613,0.4717805087566376,0.9928709864616394,0.7556352019309998,0.3287176191806793,0.18038707971572876,0.4541358947753906,0.6949818730354309,0.3174908757209778,0.6719211935997009,0.0,0.485542356967926
3866,0.0,0.0,0.0,0.0,0.0,0.0,0.0,0.0,0.0,0.0,0.0,0.0,0.0,0.0,0.0,0.0
3867,0.0,0.0,0.0,0.0,0.0,0.0,0.0,0.0,0.0,0.0,0.0,0.0,0.0,0.0,0.0,0.0
3868,0.0,0.0,0.0,0.0,0.0,0.0,0.0,0.0,0.0,0.0,0.0,0.0,0.0,0.0,0.0,0.0
3870,0.0,0.0,0.0,0.0,0.0,0.0,0.0,0.0,0.0,0.0,0.0,0.0,0.0,0.0,0.0,0.0
3871,0.0,0.0,0.0,0.0,0.0,0.0,0.0,0.0,0.0,0.0,0.0,0.0,0.0,0.0,0.0,0.0
3872,0.0,0.0,0.0,0.0,0.0,0.0,0.0,0.0,0.0,0.0,0.0,0.0,0.0,0.0,0.0,0.0
3875,0.0,0.0,0.0,0.0,0.0,0.0,0.0,0.0,0.3304077386856079,0.0,0.0,0.24373160302639008,0.0,0.0,0.12966541945934296,0.0
3878,0.0,0.0,0.0,0.0,0.0,0.0,0.0,0.0,0.0,0.0,0.0,0.0,0.0,0.0,0.0,0.0
3879,0.0,0.0,0.0,0.0,0.0,0.0,0.0,0.0,0.0,0.0,0.0,0.0,0.0,0.0,0.0,0.0
3880,0.0,0.0,0.0,0.0,0.0,0.0,0.0,0.0,0.0,0.0,0.0,0.0,0.0,0.0,0.0,0.0
3887,0.0,0.0,0.0,0.0,0.0,0.0,0.0,0.0,0.0,0.0,0.0,0.0,0.0,0.0,0.0,0.0
3894,0.2716785967350006,0.13065023720264435,0.23860102891921997,0.11868851631879807,0.28729990124702454,0.38115596771240234,0.0,0.2895466983318329,0.09438954293727875,0.11459928005933762,0.2195563018321991,0.0,0.0,0.0,0.0,0.0
3895,0.0,0.0,0.4171273112297058,0.5747808218002319,0.17798013985157013,0.11585237085819244,0.0,0.043455250561237335,0.3947974443435669,0.0,0.12524493038654327,0.0,0.0,0.17354018986225128,0.0,0.0
3898,0.0,0.0,0.0,0.0,0.0,0.0,0.0,0.0,0.0,0.0,0.0,0.0,0.0,0.0,0.0,0.0
3899,0.0,0.0,0.0,0.0,0.0,0.0,0.0,0.0,0.06980887055397034,0.0,0.0,0.0,0.0,0.0,0.0,0.0
3900,0.0,0.08503100275993347,0.3070734143257141,0.10825891047716141,0.018504250794649124,0.034912288188934326,0.0,0.1715586632490158,0.0,0.03650800138711929,0.0,0.0,0.0,0.008918125182390213,0.04559675231575966,0.030498623847961426
3902,0.0,0.0,0.0,0.06446962803602219,0.0,0.022917499765753746,0.0,0.027685221284627914,0.0,0.0,0.0,0.017076401039958,0.0,0.017976917326450348,0.03472469374537468,0.0
3904,0.0,0.0,0.0,0.0,0.0,0.0,0.0,0.0,0.0,0.0,0.0,0.0,0.0,0.0,0.0,0.0
3907,0.0,0.0,0.0,0.044810958206653595,0.0474478118121624,0.0,0.008524349890649319,0.0,0.0,0.048113737255334854,0.0,0.042815398424863815,0.0,0.0,0.0,0.023100456222891808
3911,0.0,0.0,0.0,0.0,0.0,0.0,0.0,0.0,0.0,0.0,0.0,0.0,0.0,0.0,0.0,0.0
3913,0.0,0.0,0.09260591119527817,0.0,0.0,0.0,0.2966659963130951,0.0,0.0,0.0,0.0,0.3367016315460205,0.0,0.0,0.0,0.0
3915,0.0,0.0,0.0,0.0,0.0,0.0,0.0,0.0,0.0,0.0,0.0,0.0,0.0,0.0,0.0,0.0
3917,0.0,0.0,0.0,0.0,0.0,0.0,0.0,0.0,0.0,0.0,0.0,0.0,0.0,0.0,0.0,0.0
3918,0.47127625346183777,0.33331331610679626,0.0,0.0,0.0,0.0,0.0,0.0,0.6191704869270325,0.0,0.3911460340023041,0.20086808502674103,0.6093576550483704,0.0,0.0,0.0
3920,0.0,0.0,0.0,0.0,0.0,0.0,0.0,0.0,0.0,0.0,0.0,0.0,0.0,0.0,0.0,0.0
3923,0.0,0.0,0.0,0.0,0.0,0.0,0.0,0.0,0.0,0.0,0.0,0.0,0.0,0.0,0.0,0.0
3926,0.19047856330871582,0.0,0.3306916356086731,0.09761348366737366,0.2102823406457901,0.0,0.18961748480796814,0.0,0.10523772239685059,0.1652965396642685,0.0,0.11861583590507507,0.0,0.2104535847902298,0.27141138911247253,0.2975485026836395
3933,0.005274469498544931,0.0637209564447403,0.0,0.0521494597196579,0.029042109847068787,0.025507958605885506,0.061388321220874786,0.0,0.07032617181539536,0.035298652946949005,0.08790475130081177,0.04935973510146141,0.0,0.0,0.0,0.11155025660991669
3934,0.0,0.0,0.0,0.0,0.0,0.0,0.0,0.0,0.0,0.0,0.0,0.0,0.0,0.0,0.0,0.0
3935,0.2891464829444885,0.150794118642807,0.23907478153705597,0.0,0.0,0.3688492476940155,0.0,0.2962396442890167,0.09165456146001816,0.10450194776058197,0.0,0.0,0.0,0.0,0.0,0.25725311040878296
3939,0.0,0.0,0.0,0.0,0.0,0.0,0.0,0.0,0.0,0.0,0.0,0.0,0.0,0.0,0.0,0.0
3940,0.0,0.0,0.0,0.0,0.0,0.0,0.0,0.0,0.0,0.0,0.0,0.0,0.0,0.0,0.0,0.0
3943,0.0,0.0,0.09094090759754181,0.0,0.0,0.0,0.13337600231170654,0.0,0.0,0.0,0.0,0.33489832282066345,0.0,0.0,0.0,0.0
3944,0.0,0.0,0.0,0.0,0.0,0.0,0.0,0.0,0.0,0.0,0.0,0.0,0.0,0.0,0.0,0.0
3946,0.0,0.0,0.0,0.0,0.0,0.0,0.0,0.0,0.0,0.0,0.0,0.0,0.0,0.0,0.0,0.0
3948,0.0,0.0,0.0,0.0,0.0,0.0,0.0,0.0,0.0,0.0,0.0,0.0,0.0,0.0,0.0,0.0
3949,0.0,0.0,0.0,0.0,0.0,0.0,0.0,0.0,0.0,0.0,0.0,0.0,0.0,0.0,0.0,0.0
3958,0.0,0.0,0.09082729369401932,0.0,0.0,0.0,0.145455002784729,0.0,0.0,0.0,0.0,0.3211236596107483,0.0,0.0,0.0,0.0
3960,0.0,0.0,0.0,0.0,0.0,0.0,0.0,0.0,0.0,0.0,0.0,0.0,0.0,0.0,0.0,0.0
3963,0.0,0.0,0.0,0.0,0.0,0.0,0.0,0.0,0.0,0.0,0.0,0.0,0.0,0.0,0.0,0.0
3967,0.0,0.0,0.0,0.0,0.0,0.0,0.0,0.0,0.0,0.0,0.0,0.0,0.0,0.0,0.0,0.0
3974,0.0,0.0,0.0,0.0,0.0,0.0,0.0,0.0,0.0,0.0,0.0,0.0,0.0,0.0,0.0,0.0
3978,0.0,0.0,0.09094519913196564,0.0,0.0,0.0,0.107914999127388,0.0,0.0,0.0,0.0,0.33511030673980713,0.0,0.0,0.0,0.0
3982,0.0,0.0,0.0,0.0,0.0,0.0,0.0,0.0,0.0,0.0,0.0,0.0,0.0,0.0,0.0,0.0
3985,0.0,0.0,0.0,0.0,0.0,0.0,0.0,0.0,0.0,0.0,0.0,0.0,0.0,0.0,0.0,0.0
3987,0.0,0.0,0.0,0.0,0.0,0.0,0.23577499389648438,0.0,0.0,0.0,0.0,0.42321068048477173,0.0,0.3426060080528259,0.0,0.13979299366474152
3988,0.0,0.0,0.0,0.0,0.0,0.0,0.0,0.0,0.0,0.0,0.0,0.0,0.0,0.0,0.0,0.0
3992,0.0,0.0815635472536087,0.0,0.15591859817504883,0.0,0.08341458439826965,0.0,0.0,0.19236308336257935,0.0636519119143486,0.0,0.12581734359264374,0.0,0.0,0.16653677821159363,0.09030501544475555
3995,0.0,0.0,0.0,0.0,0.0,0.0,0.0,0.0,0.0,0.0,0.0,0.0,0.0,0.0,0.0,0.0
3997,0.006840711925178766,0.0,0.0,0.15986846387386322,0.0,0.0,0.0,0.0,0.1151474267244339,0.07510611414909363,0.05746610462665558,0.0,0.0,0.0,0.0,0.0
3998,0.0,0.0,0.0,0.0,0.0,0.0,0.0,0.0,0.0,0.0,0.0,0.0,0.0,0.0,0.0,0.0
4002,0.8557014465332031,0.9343520998954773,0.06752170622348785,0.5655284523963928,0.9340745806694031,0.8671950697898865,0.9452764391899109,0.9648604989051819,0.687164306640625,0.7972684502601624,0.9438551664352417,0.938629150390625,0.9294405579566956,0.9126831889152527,0.9005842804908752,0.7955575585365295
4004,0.0,0.0,0.0,0.0,0.0,0.0,0.0,0.0,0.0,0.0,0.0,0.0,0.0,0.0,0.0,0.0
4008,0.0,0.0,0.3361330032348633,0.0,0.0,0.0,0.0,0.12657450139522552,0.0,0.0,0.0,0.0,0.3289420008659363,0.0,0.0,0.0
4010,0.10182331502437592,0.3172384202480316,0.18223558366298676,0.0,0.0,0.0,0.0,0.0,0.11881847679615021,0.12383218109607697,0.24420644342899323,0.11161498725414276,0.13237714767456055,0.0,0.0,0.0
4015,0.0,0.0,0.0,0.0,0.0,0.0,0.0,0.0,0.0,0.0,0.0,0.0,0.0,0.0,0.0,0.0
4018,0.0,0.0,0.0,0.0,0.0,0.0,0.0,0.0,0.0,0.0,0.0,0.0,0.0,0.0,0.0,0.0
4019,0.0,0.0,0.0,0.0,0.0,0.0,0.0,0.0,0.0,0.0,0.0,0.0,0.0,0.0,0.0,0.0
4025,0.0,0.0,0.0,0.0,0.0,0.0,0.0,0.0,0.0,0.0,0.0,0.0,0.0,0.0,0.0,0.0
4026,0.0,0.0,0.0,0.0,0.0,0.0,0.0,0.0,0.0,0.0,0.0,0.0,0.0,0.0,0.0,0.0
4027,0.0,0.0,0.0,0.0,0.0,0.0,0.0,0.0,0.0,0.0,0.0,0.0,0.0,0.0,0.0,0.0
4030,0.0,0.0,0.0,0.0,0.0,0.0,0.0,0.0,0.0,0.0,0.0,0.0,0.0,0.0,0.0,0.0
4041,0.7869576215744019,0.0,0.0,0.0,0.0,0.7696365118026733,0.0,0.0,0.0,0.0,0.0,0.0,0.0,0.0,0.20591199398040771,0.0
4047,0.0,0.0,0.0,0.0,0.0,0.0,0.0,0.0,0.0,0.0,0.0,0.0,0.0,0.0,0.0,0.0
4051,0.0,0.0,0.0,0.0,0.0,0.0,0.0,0.0,0.0,0.0,0.0,0.0,0.0,0.0,0.0,0.0
4052,0.0,0.0,0.0,0.0,0.0,0.0,0.0,0.0,0.0,0.0,0.0,0.0,0.0,0.0,0.0,0.0
4059,0.0,0.0,0.0,0.0,0.0,0.0,0.0,0.0,0.0,0.0,0.0,0.0,0.0,0.0,0.0,0.0
4060,0.14334477484226227,0.3250645697116852,0.0,0.0714285746216774,0.3014145493507385,0.0,0.4858502149581909,0.492057740688324,0.027276599779725075,0.3966721296310425,0.6094156503677368,0.6124646067619324,0.5893133878707886,0.06529480218887329,0.17420195043087006,0.369579017162323
4062,0.0,0.0,0.0,0.0,0.0,0.0,0.0,0.0,0.0,0.0,0.0,0.0,0.0,0.0,0.0,0.0
4064,0.0,0.0,0.08248099684715271,0.8066520094871521,0.0,0.0,0.17658600211143494,0.09088499844074249,0.0,0.0,0.0,0.0,0.0,0.0,0.0,0.0
4066,0.6773867607116699,0.0,0.0,0.0,0.0,0.0,0.0,0.0,0.0,0.0,0.0,0.0,0.0,0.0,0.0,0.0
4071,0.0,0.12410131841897964,0.12627297639846802,0.026309486478567123,0.14910955727100372,0.0,0.0,0.0,0.0,0.03441854193806648,0.1460070013999939,0.03486206755042076,0.16914014518260956,0.0,0.0,0.19311566650867462
4086,0.0,0.0,0.0,0.0,0.0,0.0,0.0,0.0,0.0,0.0,0.0,0.0,0.0,0.0,0.0,0.0
4121,0.0,0.0,0.0,0.0,0.0,0.0,0.0,0.0,0.0,0.0,0.0,0.0,0.0,0.0,0.0,0.0
4145,0.0,0.0,0.0,0.0,0.0,0.0,0.0,0.0,0.0,0.0,0.0,0.0,0.0,0.0,0.0,0.0
4222,0.0,0.2814496159553528,0.18493862450122833,0.0,0.0,0.0,0.0,0.2638873755931854,0.0,0.0,0.25294941663742065,0.10454215109348297,0.0,0.20616623759269714,0.0,0.0
4231,0.0,0.0,0.0,0.0,0.0,0.0,0.0,0.0,0.0,0.0,0.0,0.0,0.0,0.0,0.0,0.0
4267,0.0,0.0,0.0,0.0,0.0,0.0,0.0,0.0,0.0,0.0,0.0,0.0,0.0,0.0,0.0,0.0
4268,0.17215946316719055,0.13980023562908173,0.16791243851184845,0.0,0.1387830227613449,0.2536546587944031,0.19225814938545227,0.265621155500412,0.0,0.143487349152565,0.09608485549688339,0.16011600196361542,0.0,0.0,0.12206360697746277,0.0
4269,0.0,0.0,0.0,0.0,0.0,0.0,0.0,0.0,0.0,0.0,0.0,0.0,0.0,0.0,0.0,0.0
4270,0.15918532013893127,0.2818502187728882,0.1746739149093628,0.13114842772483826,0.23162108659744263,0.0,0.12780123949050903,0.0,0.0,0.0,0.0,0.11131732910871506,0.0,0.0,0.26558420062065125,0.3426418602466583
4271,0.2039540857076645,0.300953209400177,0.17807477712631226,0.0,0.2495812475681305,0.1350725144147873,0.0,0.25728002190589905,0.0,0.1748739778995514,0.0,0.0,0.0,0.0,0.0,0.3473784625530243
4295,0.0,0.0,0.0,0.7695090174674988,0.7043535113334656,0.0,0.7185166478157043,0.0,0.6674189567565918,0.0,0.0,0.0,0.0,0.9022672176361084,0.0,0.0
4296,0.0,0.0,0.0,0.0,0.0,0.0,0.0,0.0,0.0,0.0,0.0,0.0,0.0,0.0,0.0,0.0
4302,0.0,0.16157351434230804,0.0,0.15422064065933228,0.0,0.0,0.08484138548374176,0.0,0.0,0.07069433480501175,0.06249349191784859,0.0,0.0,0.0,0.10804577171802521,0.0
4316,0.0,0.0,0.0,0.0,0.0,0.0,0.0,0.0,0.0,0.18482500314712524,0.0,0.0,0.0,0.0,0.0,0.0
4317,0.0,0.0,0.0,0.0,0.0,0.0,0.0,0.0,0.0,0.0,0.0,0.0,0.0,0.0,0.0,0.0
4324,0.17517223954200745,0.0,0.0,0.0,0.0,0.0,0.0,0.0,0.0,0.0,0.0,0.09779863804578781,0.0,0.5819799900054932,0.0,0.0
4353,0.0,0.7288582921028137,0.0,0.0,0.9165958762168884,0.0,0.8973645567893982,0.0,0.0,0.0,0.0,0.0,0.9380835294723511,0.0,0.0,0.0
4357,0.0,0.0,0.0,0.054911740124225616,0.05427771806716919,0.0,0.005652850028127432,0.0,0.0,0.04834384471178055,0.0,0.04239385202527046,0.017222817987203598,0.0,0.0034519473556429148,0.053692180663347244
4395,0.0,0.0,0.0,0.0,0.0,0.0,0.0,0.0,0.0,0.009585222229361534,0.0,0.010745124891400337,0.0,0.0,0.03418566659092903,0.0
4473,0.43414419889450073,0.7076812982559204,0.22662802040576935,0.0,0.7025055885314941,0.3090628385543823,0.8261463642120361,0.7484590411186218,0.34988442063331604,0.27518749237060547,0.26127418875694275,0.5141431093215942,0.3379637598991394,0.5500481724739075,0.014760259538888931,0.09528101980686188
4480,0.0,0.0,0.0,0.0,0.0,0.0,0.0,0.0,0.0,0.0,0.0,0.0,0.0,0.0,0.0,0.0
4512,0.0,0.0,0.0,0.0,0.0,0.0,0.0,0.0,0.0,0.0,0.0,0.0,0.0,0.0,0.0,0.0
4515,0.0,0.0,0.0,0.0,0.0,0.0,0.0,0.0,0.0,0.0,0.0,0.0,0.0,0.0,0.0,0.0
4516,0.0,0.0,0.0,0.0,0.0,0.0,0.0,0.0,0.0,0.0,0.0,0.0,0.0,0.0,0.0,0.0
4524,0.0,0.0,0.0,0.0,0.0,0.0,0.0,0.0,0.0,0.0,0.0,0.0,0.0,0.0,0.0,0.0
4525,0.0,0.0,0.0,0.0,0.0,0.0,0.0,0.0,0.0,0.0,0.0,0.0,0.0,0.0,0.0,0.0
4529,0.0,0.0,0.0,0.0,0.0,0.0,0.0,0.0,0.0,0.0,0.0,0.0,0.0,0.0,0.0,0.0
4549,0.15473966300487518,0.0,0.0,0.0,0.0,0.0,0.0,0.0,0.0,0.0,0.0,0.0,0.0,0.0,0.0,0.0
4558,0.0,0.0,0.0,0.0,0.0,0.0,0.0,0.0,0.0,0.0,0.0,0.0,0.0,0.0,0.0,0.0
4567,0.0,0.0,0.0,0.0,0.0,0.0,0.0,0.0,0.0,0.0,0.0,0.0,0.0,0.0,0.0,0.0
4596,0.0,0.0,0.0,0.0,0.0,0.0,0.0,0.0,0.0,0.0,0.0,0.0,0.0,0.0,0.0,0.0
4599,0.0,0.0,0.0,0.0,0.0,0.0,0.0,0.0,0.0,0.0,0.0,0.0,0.0,0.0,0.0,0.0
4600,0.0,0.0,0.0,0.0,0.0,0.0,0.0,0.0,0.0,0.0,0.0,0.0,0.0,0.0,0.0,0.0
4601,0.0,0.0,0.0,0.0,0.0,0.0,0.0,0.0,0.0,0.0,0.0,0.0,0.0,0.0,0.0,0.0
4602,0.0,0.0,0.0,0.0,0.0,0.0,0.0,0.0,0.0,0.0,0.0,0.0,0.0,0.0,0.0,0.0
