achB,0.01333,0.01333,0.01333,0.01333,0.01333,0.01333,0.01333,0.01333,0.01333,0.01333,0.01333,0.01333,0.01333,0.01333,0.01333,0.01333,0.01333,0.01333,0.01333,0.01333,0.01333,0.01333,0.01333,0.01333,0.01333,0.02,0.02,0.02,0.02,0.02,0.02,0.02,0.02,0.02,0.02,0.02,0.02,0.02,0.02,0.02,0.02,0.02,0.02,0.02,0.02,0.02,0.02,0.02,0.02,0.02,0.03,0.03,0.03,0.03,0.03,0.03,0.03,0.03,0.03,0.03,0.03,0.03,0.03,0.03,0.03,0.03,0.03,0.03,0.03,0.03,0.03,0.03,0.03,0.03,0.03,0.045,0.045,0.045,0.045,0.045,0.045,0.045,0.045,0.045,0.045,0.045,0.045,0.045,0.045,0.045,0.045,0.045,0.045,0.045,0.045,0.045,0.045,0.045,0.045,0.045,0.0675,0.0675,0.0675,0.0675,0.0675,0.0675,0.0675,0.0675,0.0675,0.0675,0.0675,0.0675,0.0675,0.0675,0.0675,0.0675,0.0675,0.0675,0.0675,0.0675,0.0675,0.0675,0.0675,0.0675,0.0675
gabaB,0.01333,0.01333,0.01333,0.01333,0.01333,0.02,0.02,0.02,0.02,0.02,0.03,0.03,0.03,0.03,0.03,0.045,0.045,0.045,0.045,0.045,0.0675,0.0675,0.0675,0.0675,0.0675,0.01333,0.01333,0.01333,0.01333,0.01333,0.02,0.02,0.02,0.02,0.02,0.03,0.03,0.03,0.03,0.03,0.045,0.045,0.045,0.045,0.045,0.0675,0.0675,0.0675,0.0675,0.0675,0.01333,0.01333,0.01333,0.01333,0.01333,0.02,0.02,0.02,0.02,0.02,0.03,0.03,0.03,0.03,0.03,0.045,0.045,0.045,0.045,0.045,0.0675,0.0675,0.0675,0.0675,0.0675,0.01333,0.01333,0.01333,0.01333,0.01333,0.02,0.02,0.02,0.02,0.02,0.03,0.03,0.03,0.03,0.03,0.045,0.045,0.045,0.045,0.045,0.0675,0.0675,0.0675,0.0675,0.0675,0.01333,0.01333,0.01333,0.01333,0.01333,0.02,0.02,0.02,0.02,0.02,0.03,0.03,0.03,0.03,0.03,0.045,0.045,0.045,0.045,0.045,0.0675,0.0675,0.0675,0.0675,0.0675
gluB,0.01333,0.02,0.03,0.045,0.0675,0.01333,0.02,0.03,0.045,0.0675,0.01333,0.02,0.03,0.045,0.0675,0.01333,0.02,0.03,0.045,0.0675,0.01333,0.02,0.03,0.045,0.0675,0.01333,0.02,0.03,0.045,0.0675,0.01333,0.02,0.03,0.045,0.0675,0.01333,0.02,0.03,0.045,0.0675,0.01333,0.02,0.03,0.045,0.0675,0.01333,0.02,0.03,0.045,0.0675,0.01333,0.02,0.03,0.045,0.0675,0.01333,0.02,0.03,0.045,0.0675,0.01333,0.02,0.03,0.045,0.0675,0.01333,0.02,0.03,0.045,0.0675,0.01333,0.02,0.03,0.045,0.0675,0.01333,0.02,0.03,0.045,0.0675,0.01333,0.02,0.03,0.045,0.0675,0.01333,0.02,0.03,0.045,0.0675,0.01333,0.02,0.03,0.045,0.0675,0.01333,0.02,0.03,0.045,0.0675,0.01333,0.02,0.03,0.045,0.0675,0.01333,0.02,0.03,0.045,0.0675,0.01333,0.02,0.03,0.045,0.0675,0.01333,0.02,0.03,0.045,0.0675,0.01333,0.02,0.03,0.045,0.0675
0,0.0,0.0,0.0,0.0,0.0,0.0,0.0,0.0,0.0,0.0,0.0,0.0,0.0,0.0,0.0,0.0,0.0,0.0,0.0,0.0,0.0,0.0,0.0,0.0,0.0,0.0,0.0,0.0,0.0,0.0,0.0,0.0,0.0,0.0,0.0,0.0,0.0,0.0,0.0,0.0,0.0,0.0,0.0,0.0,0.0,0.0,0.0,0.0,0.0,0.0,0.009727775,0.0091743115,0.009259259,0.009345794,0.009803922,0.00952381,0.00952381,0.00952381,0.009433962,0.009803922,0.010204081,0.01,0.009708738,0.00952381,0.01,0.011627907,0.010526316,0.00990099,0.009803922,0.010526316,0.014084508,0.010989011,0.010869565,0.0091743115,0.0,,0.0034129696,0.0031229674,0.001286416,0.010989012,0.0019689426,0.00304858,0.008620691,0.01,0.011111112,0.0011131145,0.008695652,0.009433962,0.01010101,0.011111111,0.008928572,0.0091743115,0.009433962,0.01,0.011152726,0.00900901,0.009090909,0.009615386,0.010309279,0.012500001,,,,,0.002425167011097,,,,0.0013614544877782,0.00307756,0.0025445292703807,,0.0014396557817235,0.0027300943620502,0.0009968907106667,0.0027457527,0.0010790426749736,0.0015328295994549,0.0015643074875697,0.01006446685642004,0.0010562726529315,0.0009271462331525,0.0009827367030084,0.0089285718277096,0.01098901219666
1,0.0,0.0,0.0,0.0,0.0,0.0,0.0,0.0,0.0,0.0,0.0,0.0,0.0,0.0,0.0,0.0,0.0,0.0,0.0,0.0,0.0,0.0,0.0,0.0,0.0,0.0,0.0,0.0,0.0,0.0,0.0,0.0,0.0,0.0,0.0,0.0,0.0,0.0,0.0,0.0,0.0,0.0,0.0,0.0,0.0,0.0,0.0,0.0,0.0,0.0,0.009090909,0.009259259,0.009708739,0.009925743,0.010526317,0.009708738,0.00990099,0.01010101,0.00990099,0.010204082,0.010752688,0.0106382985,0.010526316,0.00990099,0.010204082,0.012048194,0.0125,0.011363637,0.00990099,0.010101011,0.015873017,0.015625,0.010752688,0.009677621,0.00911871,,0.004048583,0.0021520786,0.0013681029,0.012987013,0.001726507,0.002205048,0.0036932798,0.011494253,0.012658228,0.002282841,0.0012280091,0.0106382985,0.011363637,0.012345679,0.00918769,0.010453217,0.010769385,0.010889473,0.012220214,0.0087673385,0.0103859855,0.01,0.010526317,0.011494253,,,,0.0013580145314335,,,,,,0.0033867178,,0.0021033946,0.0020755194127559,0.0014077181695029,0.0011079136747866,0.0020857488,0.0012351978803053,0.001018316601403,0.0011063179699704,0.0011559434933587909,0.0014147950569167,0.0014553868677467,0.0009439285495318,0.0012369605246931,0.0015657278709113
2,0.0,0.0,0.0,0.0,0.0,0.0,0.0,0.0,0.0,0.0,0.0,0.0,0.0,0.0,0.0,0.0,0.0,0.0,0.0,0.0,0.0,0.0,0.0,0.0,0.0,0.0,0.0,0.0,0.0,0.0,0.0,0.0,0.0,0.0,0.0,0.0,0.0,0.0,0.0,0.0,0.0,0.0,0.0,0.0,0.0,0.0,0.0,0.0,0.0,0.0,0.008130083,0.008403362,0.00854701,0.008670664,0.0088495575,0.008695652,0.00877193,0.0088495575,0.00877193,0.0088495575,0.00900901,0.00900901,0.00900901,0.00877193,0.0088495575,0.0091743115,0.009090909,0.009090909,0.00877193,0.0088495575,0.009345794,0.009259259,0.009090909,0.0088495575,0.00900901,,0.0013799611,0.001642996,0.0016078863,0.0110348,0.0028336125,0.0031292695,0.0018167894,0.00990099,0.010752688,0.0012375289,0.0032697925,0.00928286,0.009615386,0.010204081,0.00877193,0.009150482,0.00909091,0.009433962,0.010204081,0.008695652,0.00877193,0.009174312,0.009523811,0.010752688,0.03125,,,,0.0006333122146315,,0.015873017,0.0053763440810143,0.0026098825037479,0.0019265247,,0.004854369,0.0019682697020471,0.0013682205462828,0.0018975787097588,0.0011475015,0.0009300135425291,0.0016207959270104,0.0021060889121145,0.0011098480317741632,0.0016291690990328,0.0013876853045076,0.0010942961089313,0.002815656363964,0.0009380391566082
3,0.0,0.0,0.0,0.0,0.0,0.0,0.0,0.0,0.0,0.0,0.0,0.0,0.0,0.0,0.0,0.0,0.0,0.0,0.0,0.0,0.0,0.0,0.0,0.0,0.0,0.0,0.0,0.0,0.0,0.0,0.0,0.0,0.0,0.0,0.0,0.0,0.0,0.0,0.0,0.0,0.0,0.0,0.0,0.0,0.0,0.0,0.0,0.0,0.0,0.0,0.0092857145,0.010309279,0.010869565,0.010989011,0.011494253,0.010416667,0.010752688,0.010989011,0.010869565,0.011363637,0.010989011,0.011111111,0.010989011,0.010869565,0.011627907,0.011235955,0.011111111,0.011111111,0.011111111,0.013698631,0.011976479,0.011111111,0.011363637,0.014084508,0.0,,0.0032372014,0.002617801,0.009761049,0.013333334,0.0019430819,0.0023489539,0.0010237371,0.011764707,0.012820514,0.00218561,0.0065976474,0.010752688,0.011551534,0.012658229,0.00095355907,0.0077319597,0.010526317,0.011363637,0.0121951215,0.009907179,0.008092724,0.010112463,0.010869565,0.014705883,,,0.0054347827099263,,0.0044712680391967,0.0040816325,,,0.0006006006151437,0.0032677401,0.0031645570416003,0.0033943164,0.0044616581872105,0.0015397737734019,0.0017904110718518,0.0017686338,0.0014478156808763,0.0016527482075616,0.0010126787237823,0.001152237644419074,0.002236686181277,0.0009723895345814,0.0009413013467565,0.0015216137981042,0.0010726444888859
4,0.0,0.0,0.0,0.0,0.0,0.0,0.0,0.0,0.0,0.0,0.0,0.0,0.0,0.0,0.0,0.0,0.0,0.0,0.0,0.0,0.0,0.0,0.0,0.0,0.0,0.0,0.0,0.0,0.0,0.0,0.0,0.0,0.0,0.0,0.0,0.0,0.0,0.0,0.0,0.0,0.0,0.0,0.0,0.0,0.0,0.0,0.0,0.0,0.0,0.0,0.010526317,0.010869565,0.011363637,0.012048195,0.012820514,0.010989011,0.011363637,0.011764707,0.0121951215,0.012987013,0.011494253,0.011764707,0.012048195,0.012500001,0.013513515,0.0121951215,0.0121951215,0.012658229,0.013333334,0.013888891,0.012422839,0.010802469,0.012500001,0.013453454,0.015384616,,0.0034013605,0.0023383535,0.012658228,0.014492754,0.004473892,0.0011725955,0.011015326,0.012987013,0.014285713,0.0017554187,0.010752688,0.011764706,0.012820514,0.014285713,0.010416667,0.010989012,0.011494253,0.012658228,0.014925375,0.01010101,0.010485198,0.011363637,0.012500001,0.011579458,,,,0.002724795602262,0.001650895923376,,,,0.0027315188199281,0.0018897355,,0.0029926065,0.0024370420724153,0.0024376276414841,0.0013789780205115,0.0014383418,0.0010133804753422,0.0009879873832687,0.0016084189992398,0.0009463618043810129,0.0032858927734196,0.0014814102323725,0.0012801419943571,0.0015142894117161,0.0016457941383123
5,0.0,0.0,0.0,0.0,0.0,0.0,0.0,0.0,0.0,0.0,0.0,0.0,0.0,0.0,0.0,0.0,0.0,0.0,0.0,0.0,0.0,0.0,0.0,0.0,0.0,0.0037453184,0.0,0.0,0.0,0.0,0.0,0.0,0.0,0.0,0.0,0.0,0.0,0.0,0.0,0.0,0.0,0.0,0.0,0.0,0.0,0.0,0.0,0.0,0.0,0.0,0.0091743115,0.01,0.010869565,0.011494253,0.0122704,0.00990099,0.010526316,0.011111112,0.011407176,0.012048195,0.010526316,0.010869565,0.011111112,0.011235955,0.011904763,0.011363637,0.011428945,0.011235955,0.010989012,0.011764706,0.01388889,0.011428945,0.011627908,0.012658228,0.013333333,,0.006024097,0.001803717,0.0011720097,0.011877829,0.0017325042,0.0016031628,0.0010392244,0.009261656,0.012977802,0.001126403,0.0011682077,0.0076072277,0.011945744,0.013333334,0.0011358076,0.007292078,0.010416667,0.011400956,0.013157896,0.009016523,0.0073096287,0.010000001,0.011111112,0.013201755,,,,0.0050505050458014,0.0015534721314907,,,,0.0012254902394488,0.0017070692,0.0016181230312213,0.0015466278,0.0021493874955922,0.0014979342231526,0.000991468783468,0.0018481531,0.0012747825821861,0.0014177521225064,0.0031659442465752,0.0016258484683930874,0.0014897894579917,0.0013743792660534,0.0016389481024816,0.0009830167982727,0.0016752626979723
6,0.0,0.0,0.0,0.0,0.0,0.0,0.0,0.0,0.0,0.0,0.0,0.0,0.0,0.0,0.0,0.0,0.0,0.0,0.0,0.0,0.0,0.0,0.0,0.0,0.0,0.0,0.0,0.0,0.0,0.0,0.0,0.0,0.0,0.0,0.0,0.0,0.0,0.0,0.0,0.0,0.0,0.0,0.0,0.0,0.0,0.0,0.0,0.0,0.0,0.0,0.010093167,0.010869565,0.011235955,0.011627908,0.012500001,0.010989012,0.011235955,0.011363637,0.011764707,0.012658228,0.011494253,0.011494253,0.011627907,0.012000385,0.013157896,0.012048194,0.011764706,0.011904762,0.0121951215,0.014084508,0.012345679,0.011627907,0.012048194,0.015384616,,,0.0032331317,0.0020461695,0.012345679,0.013698632,0.002664646,0.0019992485,0.0018289685,0.01239712,0.013513514,0.0022774201,0.0011629947,0.011363637,0.012345679,0.013513514,0.00994354,0.011004275,0.011494254,0.012048195,0.014285713,0.010956435,0.010886629,0.011627908,0.0121951215,0.015625,,,,0.0020964359864592,0.0027976527344435,,,,0.0039721308276057,0.0018895513,0.0032798931933939,0.0020303898,0.0024134400300681,0.0014123462606221,0.0017670224187895,0.002954535,0.0017909136367961,0.0014263747725635,0.0016238309908658,0.00138181506190449,0.0022674517240375,0.0012377417879179,0.0014557969989255,0.0011695163557305,0.0022020475007593
7,0.0,0.0,0.0,0.0,0.0,0.0,0.0,0.0,0.0,0.0,0.0,0.0,0.0,0.0,0.0,0.0,0.0,0.0,0.0,0.0,0.0,0.0,0.0,0.0,0.0,0.0,0.010989011,0.010638298,0.004166667,0.0,0.0,0.0,0.0,0.0,0.0,0.0,0.0,0.0,0.0,0.0,0.0,0.0,0.0,0.0,0.0,0.0,0.0,0.0,0.0,0.0,0.0106382985,0.011363637,0.012345679,0.013333333,0.014492754,0.011363637,0.012048195,0.012658228,0.013333334,0.014492754,0.012345679,0.012820513,0.013157896,0.013698632,0.014084508,0.01388889,0.014084508,0.013157896,0.013333334,0.01388889,0.015625,0.014599319,0.012658228,0.013698632,0.015873017,,0.003436426,0.0038843537,0.0016293677,0.015625,0.0024565689,0.0024855533,0.00094687054,0.013493494,0.015151516,0.001396696,0.002276413,0.012048194,0.013157896,0.014925375,0.011235955,0.011627907,0.012048195,0.013157896,0.015384617,0.011627908,0.011494253,0.011627908,0.012658228,0.014084509,0.0076335883,,,,0.0022923126816749,0.0088495575,,,0.001531139947474,0.0017496294,0.0023809524718672,0.0016619018,0.0016136734047904,0.0015066169435158,0.0016628793673589,0.0021987683,0.0038762991316616,0.0012366098817437,0.0013979667564854,0.002012534998357296,0.0016738125123083,0.001390213961713,0.0010360135929659,0.001712818047963,0.0013239469844847
8,0.0,0.0,0.0,0.0,0.0,0.0,0.0,0.0,0.0,0.0,0.0,0.0,0.0,0.0,0.0,0.0,0.0,0.0,0.0,0.0,0.0,0.0,0.0,0.0,0.0,0.008264462,0.0071942443,0.0027397263,0.0,0.0,0.0,0.0,0.0,0.0,0.0,0.0,0.0,0.0,0.0,0.0,0.0,0.0,0.0,0.0,0.0,0.0,0.0,0.0,0.0,0.0,0.009615385,0.01,0.0106382985,0.011235955,0.011904762,0.00990099,0.010416667,0.010752688,0.011111111,0.011904763,0.010416667,0.0106382985,0.010989011,0.011235955,0.012048195,0.010752688,0.010752688,0.011363637,0.011494253,0.012345679,0.010752688,0.011235955,0.011627908,0.0125,0.014084508,,0.0034538843,0.0029767402,0.0012303351,0.013513515,0.00081890234,0.0014647158,0.0029612773,0.011764707,0.013333334,0.0021367522,0.00913339,0.010416667,0.011627908,0.013089542,0.0013790246,0.009615385,0.010159908,0.011363637,0.012987013,0.00925926,0.009345794,0.010152546,0.011235955,0.012658228,,,0.0006131207919679,,0.0017475091153755,,0.0037313437,,0.0032624406740069,0.0012451673,0.0038022813387215,,0.0020543748978525,0.0017365720123052,0.0014134421944618,0.0012642583,0.0015210807323455,0.0017780641792342,0.001963596092537,0.002105176914483309,0.001435552840121,0.0019593662582337,0.0011474001221358,0.0009252732270397,0.0011312750866636
9,0.0,0.0,0.0,0.0,0.0,0.0,0.0,0.0,0.0,0.0,0.0,0.0,0.0,0.0,0.0,0.0,0.0,0.0,0.0,0.0,0.0,0.0,0.0,0.0,0.0,0.0,0.0,0.0,0.0,0.0,0.0,0.0,0.0,0.0,0.0,0.0,0.0,0.0,0.0,0.0,0.0,0.0,0.0,0.0,0.0,0.0,0.0,0.0,0.0,0.0,0.008547009,0.00877193,0.0088495575,0.00909091,0.00952381,0.009302527,0.009259259,0.009259259,0.009345794,0.01,0.010204081,0.009803922,0.009615385,0.009433962,0.010204081,0.015384616,0.010309279,0.010638298,,0.0,0.015873017,,0.0,0.0015822785,0.0,,0.0033694305,0.0031771236,0.0106382985,0.011627907,0.0010156579,0.0028482068,0.009170785,0.0106382985,0.011194341,0.0020753513,0.0090408595,0.009803923,0.010309279,0.011627908,0.009259259,0.009433962,0.009433962,0.010204081,0.013274854,0.009523811,0.009191302,0.009708738,0.011627908,0.016129032,,,,,0.0022796681150794,,,,0.0020156993996351,0.0016860919,0.0006079027079977,0.003236719,0.0013329435605555,0.0039994930848479,0.0016597266076132,0.0016885621,0.0022908258251845,0.0013155429624021,0.0021068772766739,0.0025597303174436092,0.001303861150518,0.0012782624689862,0.0015327893197536,0.0010208525927737,0.0030167992226779
10,0.0,0.0,0.0,0.0,0.0,0.0,0.0,0.0,0.0,0.0,0.0,0.0,0.0,0.0,0.0,0.0,0.0,0.0,0.0,0.0,0.0,0.0,0.0,0.0,0.0,0.0,0.0,0.0,0.0,0.0,0.0,0.0,0.0,0.0,0.0,0.0,0.0,0.0,0.0,0.0,0.0,0.0,0.0,0.0,0.0,0.0,0.0,0.0,0.0,0.0,0.008928572,0.00990099,0.010752688,0.011627908,0.012658228,0.009708739,0.010309279,0.010869565,0.011494253,0.012345679,0.010204081,0.010526317,0.010752688,0.011363637,0.012345679,0.010526316,0.010416667,0.010638298,0.011719107,0.011904763,0.010309279,0.010416667,0.010638298,0.011627908,0.01388889,,0.003039514,0.0025601313,0.0009372152,0.014705883,0.0023439364,0.0017636684,0.0011443364,0.012195122,0.014084509,0.0023994027,0.0010430014,0.010526317,0.012048195,0.013698632,0.00909091,0.009615386,0.010416668,0.011764707,0.01388889,0.009345794,0.009270076,0.00990099,0.011764707,0.013698631,,,,,0.003022268647328,0.0006385696,,,0.0015125225763767,0.0017034889,,0.004209482,0.0021089462097734,0.0024581588804721,0.0013041683705523,0.0012259262,0.0013789244694635,0.0011343457736074,0.001914095133543,0.0013328716158866882,0.0009493458783254,0.0016582183307036,0.0009767606388777,0.0011870095040649,0.001544400001876
11,0.0,0.0,0.0,0.0,0.0,0.0,0.0,0.0,0.0,0.0,0.0,0.0,0.0,0.0,0.0,0.0,0.0,0.0,0.0,0.0,0.0,0.0,0.0,0.0,0.0,0.007246377,,,0.0,0.0,0.0,0.0,0.0,0.0,0.0,0.0,0.0,0.0,0.0,0.0,0.0,0.0,0.0,0.0,0.0,0.0,0.0,0.0,0.0,0.0,0.00877193,0.00909091,0.009345794,0.009615385,0.010204082,0.009345794,0.009433962,0.009708738,0.00990099,0.010752688,0.00990099,0.009708738,0.010204081,0.010526317,0.011904762,0.01010101,0.009708738,0.011494253,0.012987013,0.013157896,0.009345794,0.014285713,0.014492754,,,,0.0026360524,0.0024816177,0.010989012,0.011764707,0.0025169211,0.00092261145,0.00990099,0.0106382985,0.011111111,0.0012604756,0.009433962,0.009803923,0.009803923,0.011627908,0.009433962,0.009433962,0.009433962,0.010204081,0.012820514,0.0069905035,0.009259259,0.009433962,0.013513514,0.015625,,,,,0.0044389073736965,,,0.0074626873247325,0.0038549795281141,0.002291156,0.004739336669445,,0.002207038924098,0.0009402616415172,0.001481537357904,0.0012060887,0.0019302666187286,0.0011076238006353,0.0009977938607335,0.000984694343060255,0.0012448217021301,0.0017682440811768,0.0017380389617756,0.0009922166354954,0.0011793952435255
12,0.0,0.0,0.0,0.0,0.0,0.0,0.0,0.0,0.0,0.0,0.0,0.0,0.0,0.0,0.0,0.0,0.0,0.0,0.0,0.0,0.0,0.0,0.0,0.0,0.0,0.010752688,0.010869565,0.010752688,0.010309279,0.01010101,0.0121951215,0.0121951215,0.011764706,0.010752688,0.01010101,0.013698631,0.014084508,0.013157896,0.010638298,0.010416667,0.0006373486,,0.011494253,0.0,0.0,0.0,0.0,0.0,0.0,0.0,0.009615386,0.01010101,0.010752688,0.011363637,0.012048195,0.010416667,0.010752688,0.011111112,0.011494253,0.0121951215,0.011111112,0.011194341,0.011235955,0.011627908,0.012500001,0.011764707,0.011363637,0.011627908,0.0121951215,0.013513515,0.011538804,0.011363637,0.012500001,0.014705884,0.015384617,,0.0037250295,0.0033480101,0.01063327,0.012820513,0.0024676528,0.0009409789,0.009043536,0.011494254,0.0127556,0.0032566309,0.005342809,0.009197992,0.011494253,0.012345679,0.0011111893,0.009123698,0.010752688,0.011363637,0.012048194,0.009941091,0.01010101,0.009718257,0.010969104,0.013888891,,,,,0.0034970585256814,,,0.0040322579443454,0.0006056936108507,0.0010879787,,0.0025801987,0.0022487887181341,0.0020175043027848,0.0013703764416277,0.0012352089,0.0009143222123384,0.0032309619709849,0.0008672063122503,0.0010012275306507945,0.001195776858367,0.0017551969503983,0.0010161249665543,0.0018635892774909,0.000978834577836
13,0.0,0.0,0.0,0.0,0.0,0.0,0.0,0.0,0.0,0.0,0.0,0.0,0.0,0.0,0.0,0.0,0.0,0.0,0.0,0.0,0.0,0.0,0.0,0.0,0.0,0.0,0.0,0.0,0.0,0.0,0.0,0.0,0.0,0.0,0.0,0.0,0.0,0.0,0.0,0.0,0.0,0.0,0.0,0.0,0.0,0.0,0.0,0.0,0.0,0.0,0.009523811,0.01010101,0.010416667,0.010752688,0.011111111,0.01,0.010309279,0.010416667,0.010526316,0.010869565,0.010416667,0.010416667,0.010204081,0.01010101,0.010638298,0.010416667,0.01010101,0.01,0.01010101,0.01,0.010204081,0.010989011,,,,,0.00325319,0.0022346857,0.011814897,0.014925375,0.0013942148,0.0018562451,0.008411273,0.012658228,0.01425697,0.00119291,0.009668342,0.011111112,0.01234568,0.014084508,0.0090479655,0.01,0.0106382985,0.0121951215,0.012987013,0.008107236,0.009615385,0.010416668,0.011494253,0.015873019,0.0043668123,,,0.0019120458746328,0.0041971392929553,,,0.0030487803742289,0.0029888809658586,0.002091292,,0.0024922893,0.0029453267343342,0.0016674757935106,0.0016366416821256,0.0015877655,0.0010514653986319,0.0017212030943483,0.0009206093964166,0.00127757980953902,0.0019207288278266,0.0019758897833526,0.0015359120443463,0.0014813038287684,0.001518327044323
14,0.0,0.0,0.0,0.0,0.0,0.0,0.0,0.0,0.0,0.0,0.0,0.0,0.0,0.0,0.0,0.0,0.0,0.0,0.0,0.0,0.0,0.0,0.0,0.0,0.0,0.0,0.0,0.0,0.0,0.0,0.0,0.0,0.0,0.0,0.0,0.0,0.0,0.0,0.0,0.0,0.0,0.0,0.0,0.0,0.0,0.0,0.0,0.0,0.0,0.0,0.010000001,0.009917492,0.01010101,0.010416667,0.010869565,0.010204081,0.010309279,0.010309279,0.010309279,0.010869565,0.010752688,0.0106382985,0.010416667,0.010526317,0.011235955,0.011363637,0.010752688,0.011111112,0.010989012,0.012500001,0.011363637,0.010909381,0.013698631,0.012820513,,,0.0014888913,0.0042295693,0.0012252067,0.012500001,0.0015031068,0.0025138406,0.0012442318,0.011363637,0.0121951215,0.0015274985,0.0012404276,0.0106382985,0.011235955,0.01184874,0.010388032,0.010526316,0.010526317,0.0106382985,0.011627908,0.010416667,0.010012627,0.01010101,0.010752688,0.013698631,0.019424489,0.04347826,0.0196078438311815,0.0022389008663594,0.0033602374605834,0.06666667,,,0.0034005898050963,0.0025038854,0.000838765874505,0.0038350206,0.0020715361461043,0.0019568372517824,0.0015880693681538,0.0021452913,0.0008787640254013,0.0010176090290769,0.0021097636781632,0.0011399787617847323,0.0010618774686008,0.0009782572742551,0.0009736468200571,0.0010257898829877,0.0010991831077262
15,0.0,0.0,0.0,0.0,0.0,0.0,0.0,0.0,0.0,0.0,0.0,0.0,0.0,0.0,0.0,0.0,0.0,0.0,0.0,0.0,0.0,0.0,0.0,0.0,0.0,0.0,0.0,0.0,0.0,0.0,0.0,0.0,0.0,0.0,0.0,0.0,0.0,0.0,0.0,0.0,0.0,0.0,0.0,0.0,0.0,0.0,0.0,0.0,0.0,0.0,0.009259259,0.009433962,0.009708738,0.009803922,0.00990099,0.00990099,0.01006734,0.010204081,0.01,0.00990099,0.010752688,0.010752688,0.010638298,0.010204081,0.01,0.011494253,0.011494253,0.010989011,0.010204081,0.010050505,0.013157896,0.012658228,0.011764706,0.010416667,0.009345794,,0.0016442125,0.0018560005,0.010989012,0.012820514,0.0022984028,0.00084543735,0.0100224465,0.011627908,0.012658228,0.0048902887,0.0015948776,0.010989012,0.011764707,0.012345679,0.00967742,0.010989012,0.011235955,0.011363637,0.012048194,0.011235955,0.011111112,0.010989012,0.010989012,0.012658228,,,,0.0022537864279001,0.0063291140832006,,,,0.0028780016582459,0.0012919125,,0.0038732742,0.0014408761635422,0.0016844832571223,0.0021208699326962,0.0009902235,0.0015763480914756,0.0016081377398222,0.0012733869953081,0.001604575547389686,0.0009951073443517,0.00128653307911,0.0091870529577136,0.0093866931274533,0.001071368693374
16,0.0,0.0,0.0,0.0,0.0,0.0,0.0,0.0,0.0,0.0,0.0,0.0,0.0,0.0,0.0,0.0,0.0,0.0,0.0,0.0,0.0,0.0,0.0,0.0,0.0,0.0,0.0,0.0,0.0,0.0,0.0,0.0,0.0,0.0,0.0,0.0,0.0,0.0,0.0,0.0,0.0,0.0,0.0,0.0,0.0,0.0,0.0,0.0,0.0,0.0,0.0091743115,0.01010101,0.010869565,0.011627908,0.012658228,0.00990099,0.010416667,0.010869565,0.011363637,0.012345679,0.010309279,0.010526316,0.010752688,0.011494253,0.011673506,0.010471491,0.010309279,0.010752688,0.010989012,0.011696307,0.01003367,0.010309279,0.010869565,0.012048194,0.0,,,0.004286821,0.00997151,0.014285713,0.0023064688,0.003696531,0.008443094,0.0121951215,0.01388889,0.0011353927,0.0010204886,0.010695493,0.011904763,0.01388889,0.0010034243,0.006878336,0.010204082,0.011820729,0.014134808,0.009090909,0.009090909,0.009708738,0.010526316,0.012820514,0.004385965,,0.0029940120875835,0.0022088778205215,,,,,0.0018111501121893,0.0026196688,0.0022624435368925,0.0026189766,0.0021188547834753,0.0035553891211748,0.0013592480681836,0.002518812,0.0008801960502751,0.0023883408866822,0.0031964904628694,0.0012526748469099402,0.0016894185682758,0.0042364103719592,0.0030253855511546,0.0013321149162948,0.0025631673634052
17,0.0,0.0,0.0,0.0,0.0,0.0,0.0,0.0,0.0,0.0,0.0,0.0,0.0,0.0,0.0,0.0,0.0,0.0,0.0,0.0,0.0,0.0,0.0,0.0,0.0,0.011363637,0.011363637,0.0,0.0,0.0,,0.0,0.0,0.0,0.0,0.0,0.0,0.0,0.0,0.0,0.0,0.0,0.0,0.0,0.0,0.0,0.0,0.0,0.0,0.0,0.01,0.010526317,0.011173533,0.011764707,0.0121951215,0.010869565,0.011235955,0.011627908,0.011904763,0.0121951215,0.012048195,0.012048194,0.012345679,0.0121951215,0.012345679,0.01923077,0.01754386,0.015151516,0.0121951215,0.014705883,0.018518519,0.018518519,0.013157896,0.016666668,0.008928572,0.0039525693,0.0036730086,,0.0010954897,0.010781184,0.0022621283,0.0033670645,0.0010448152,0.00815025,0.013333334,0.0020233728,0.0022552907,0.007671958,0.012048195,0.012987013,0.00811696,0.0106382985,0.011363638,0.012048195,0.013698632,0.010578576,0.009166604,0.011111112,0.012384259,0.01724138,,,,0.0026277313008904,0.0036799721419811,,,0.000645161315333,0.0022163991816341,0.0030304827,,,0.0026520038954913,0.0013052265858277,0.0023034084588289,0.002996244,0.0018227268010377,0.0013084906386211,0.0011552649084478,0.001566129270941019,0.0016321054426953,0.000887295755092,0.0013933877926319,0.0013553665485233,0.0013610713649541
18,0.0,0.0,0.0,0.0,0.0,0.0,0.0,0.0,0.0,0.0,0.0,0.0,0.0,0.0,0.0,0.0,0.0,0.0,0.0,0.0,0.0,0.0,0.0,0.0,0.0,0.007246377,0.006289308,0.0051020407,0.0045871558,0.0031347964,0.011627907,0.009090909,0.0,0.0,0.0,0.0,0.0,0.0,0.0,0.0,0.0,0.0,0.0,0.0,0.0,0.0,0.0,0.0,0.0,0.0,0.01,0.0106382985,0.011363637,0.012345679,0.013513515,0.010526316,0.010989011,0.011627908,0.012345679,0.013513515,0.010989011,0.011363637,0.011764707,0.012500001,0.013888891,0.011299796,0.011407176,0.011696307,0.012658229,0.013333334,0.011494253,0.011627907,0.011764706,0.013157896,0.014705884,,0.0057618627,0.0009536772,0.005987172,0.015384616,0.0014997127,0.002793262,0.0017519745,0.013315789,0.015151516,0.00294823,0.001518535,0.0114823785,0.012987014,0.014492754,0.010204081,0.010526316,0.011363637,0.012820514,0.013712177,0.008557572,0.010000001,0.010752689,0.012107692,0.013888891,0.052631583,,0.00059453031281,,,,,,0.0010209311731159,0.0012648905,0.0029673590324819,0.0039151087,0.0019871138501912,0.0018187587847933,0.0015395347727462,0.0012824541,0.0011216731509193,0.0015885833417996,0.0012583184288814,0.0020156344398856163,0.003645256627351,0.0009166761301457,0.0013435833388939,0.0024884219747036,0.001183494227007
19,0.0,0.0,0.0,0.0,0.0,0.0,0.0,0.0,0.0,0.0,0.0,0.0,0.0,0.0,0.0,0.0,0.0,0.0,0.0,0.0,0.0,0.0,0.0,0.0,0.0,0.00990099,0.01025668,0.010526316,0.010638298,0.010416667,0.010638298,0.010869565,0.010989011,0.010695493,0.01010101,0.011764706,0.011904762,0.011904762,0.011111111,0.009615385,0.015151516,0.014285713,0.012987013,0.011627907,,0.014925375,,,,,0.008130082,0.009433962,0.011235955,0.012987013,0.014285713,0.009708738,0.0106382985,0.011904763,0.012987013,0.013698632,0.010989012,0.011494253,0.0121951215,0.012658229,0.012987013,0.011904763,0.0121951215,0.012048195,0.012345679,0.013513515,0.011904763,0.012048195,0.011111111,0.0121951215,0.014705883,,,0.0029325515,0.0016722447,0.001279976,0.0028901733,0.0024080991,0.0017574632,0.0012268685,0.010882354,0.0014236763,0.0024025373,0.0009984182,0.008928307,0.012426926,0.0006118595,0.0010784846,0.010526317,0.011494253,0.014084508,0.0024715643,0.008642647,0.01,0.011364627,0.011103588,,,0.0102040814235806,0.0032934551127254,0.0016863014316186,,,,0.0006518904119729,0.0029973865,0.0042023491114377,0.003446423,0.0029749644454568,0.0013322145678102,0.0015079161385074,0.002600737,0.0013911424903199,0.0012389800976961,0.0020326082594692,0.0013212990015745163,0.000966680527199,0.0012809593463316,0.0007809408707544,0.0009657972841523,0.0008524834411218
20,0.0,0.0,0.0,0.0,0.0,0.0,0.0,0.0,0.0,0.0,0.0,0.0,0.0,0.0,0.0,0.0,0.0,0.0,0.0,0.0,0.0,0.0,0.0,0.0,0.0,0.011363637,0.0091743115,0.0,0.0,0.0,,0.0,0.0,0.0,0.0,0.0,0.0,0.0,0.0,0.0,0.0,0.0,0.0,0.0,0.0,0.0,0.0,0.0,0.0,0.0,0.010432331,0.010989012,0.011428945,0.011952573,0.012987013,0.011235955,0.011494253,0.011627908,0.012048195,0.013333334,0.0121951215,0.012048194,0.011904763,0.012500001,0.014492754,0.01388889,0.013333333,0.012500001,0.014285713,0.01724138,0.016393444,0.015384616,0.017857144,0.019607844,0.01923077,,0.000604595,0.003096377,0.0013043692,0.014285713,0.002665045,0.0023947395,0.0010839541,0.0121951215,0.014084508,0.003022557,0.006733576,0.009120408,0.012048195,0.013157896,0.0012592961,0.008058609,0.011111112,0.012500001,0.014084509,0.0073366174,0.007959135,0.010752689,0.011904763,0.018518519,0.003289474,,,,0.0010086585534736,0.010752688,,0.0010551010491326,0.00062814069679,0.003300997,0.0041711470112204,0.0006182395,0.0018159071914851,0.0017644091276451,0.0020562789868563,0.0016974097,0.0010194251080974,0.0010686442255973,0.0010991671588271,0.0012789369793608785,0.0033409467432647,0.0014803163940086,0.0012508332729339,0.0013860198669135,0.0012496842537075
21,0.0,0.0,0.0,0.0,0.0,0.0,0.0,0.0,0.0,0.0,0.0,0.0,0.0,0.0,0.0,0.0,0.0,0.0,0.0,0.0,0.0,0.0,0.0,0.0,0.0,,0.0,0.0,0.0,0.0,0.0,0.0,0.0,0.0,0.0,0.0,0.0,0.0,0.0,0.0,0.0,0.0,0.0,0.0,0.0,0.0,0.0,0.0,0.0,0.0,0.009433962,0.009803922,0.010526317,0.011111112,0.011904763,0.009708738,0.010204082,0.0106382985,0.010752688,0.011627908,0.01025668,0.010416667,0.010526317,0.010752688,0.011235955,0.010752688,0.010638298,0.010526317,0.010869565,0.011764707,0.013157896,0.010869565,0.010309279,0.012048194,0.013698631,,0.0035725064,0.00095652527,0.0014278814,0.014705883,0.002937571,0.0023378322,0.0014344424,0.012048195,0.013698632,0.0017474539,0.0015347155,0.007905198,0.011627908,0.013363364,0.0016000087,0.009708739,0.010416667,0.011764707,0.012698412,0.009013828,0.00909091,0.009523811,0.010666896,0.012345679,,0.16666667,,0.0038440306670963,0.0009337036171928,0.004048583,0.0062111807,0.0036900369450449,0.0015738233923912,0.0013551158,0.0016835016431286,0.0030303032,0.0026009429711848,0.0017281066393479,0.0013594676274806,0.0011847618,0.001342014176771,0.0010838255984708,0.0014553093351423,0.0010885325027629733,0.0010664250003173,0.0027934100944548,0.0013800956076011,0.0019841592293232,0.0011036754585802
22,0.0,0.0,0.0,0.0,0.0,0.0,0.0,0.0,0.0,0.0,0.0,0.0,0.0,0.0,0.0,0.0,0.0,0.0,0.0,0.0,0.0,0.0,0.0,0.0,0.0,0.0,0.0,0.0,0.0,0.0,0.0,0.0,0.0,0.0,0.0,0.0,0.0,0.0,0.0,0.0,0.0,0.0,0.0,0.0,0.0,0.0,0.0,0.0,0.0,0.0,0.009803923,0.010282979,0.010869565,0.011111111,0.011494253,0.010204081,0.010638298,0.010869565,0.010869565,0.011111111,0.010638298,0.010869565,0.010791647,0.010752688,0.010989011,0.010869565,0.010638298,0.011111111,0.011111111,0.011363637,0.010752688,0.012048194,0.012345679,0.0,0.0,,0.0025875852,0.004310345,0.0009846529,0.014492754,0.0018685774,0.0036163172,0.0010525195,0.012259646,0.01388889,0.002154129,0.0021943122,0.010884496,0.011904763,0.013513515,0.009214744,0.01,0.010752689,0.011627907,0.012820514,0.009581044,0.0097206365,0.0106382985,0.011627908,0.014285713,,,,,0.0006261740927584,,,,0.0013693500077351,0.0011022572,,0.0027310653,0.0022980365902185,0.0020304459612816,0.0010169597808271,0.0024064216,0.0010163019178435,0.004728908650577,0.000918346515391,0.0014911561738699675,0.001458553597331,0.0031836878042668,0.0027260361239314,0.0022686982993036,0.0012440886348485
23,0.0,0.0,0.0,0.0,0.0,0.0,0.0,0.0,0.0,0.0,0.0,0.0,0.0,0.0,0.0,0.0,0.0,0.0,0.0,0.0,0.0,0.0,0.0,0.0,0.0,0.0,0.0,0.0,0.0,0.0,0.0,0.0,0.0,0.0,0.0,0.0,0.0,0.0,0.0,0.0,0.0,0.0,0.0,0.0,0.0,0.0,0.0,0.0,0.0,0.0,0.00990099,0.010309279,0.010869565,0.011363637,0.012048195,0.010101011,0.010526316,0.011111112,0.011627908,0.012345679,0.010526316,0.010752688,0.011494253,0.011904763,0.012658228,0.010869565,0.010869565,0.011976479,0.013157896,0.012820513,0.010869565,0.012048194,0.014285713,0.011627907,0.0,,0.0037496556,0.0006162188,0.0125,0.014285713,0.0018409743,0.0021815568,0.010772168,0.012526372,0.014084508,0.0023234198,0.010015949,0.011111112,0.012345679,0.013698632,0.009803923,0.010309279,0.011111112,0.012048195,0.013888891,0.009073876,0.010113894,0.011111111,0.012048194,0.015873017,,,,,,,,,0.0022139891516417,0.0017606436,0.0038010203279554,0.004548284,0.0019261464476585,0.0017160398419946,0.0011752470163628,0.002331091,0.0024312015157192,0.0014088313328102,0.0012056805426254,0.0010611737379804254,0.001241382327862,0.0009637912735342,0.0017697837902233,0.001101421425119,0.0009204152738675
24,0.0,0.0,0.0,0.0,0.0,0.0,0.0,0.0,0.0,0.0,0.0,0.0,0.0,0.0,0.0,0.0,0.0,0.0,0.0,0.0,0.0,0.0,0.0,0.0,0.0,0.0,0.0,0.0,0.0,0.0,0.0,0.0,0.0,0.0,0.0,0.0,0.0,0.0,0.0,0.0,0.0,0.0,0.0,0.0,0.0,0.0,0.0,0.0,0.0,0.0,0.01008658,0.010416667,0.010989012,0.011627908,0.0125,0.010526316,0.010869565,0.010989012,0.011363637,0.012048195,0.010869565,0.010989012,0.011111112,0.011111112,0.011627908,0.011111111,0.011111111,0.011111112,0.011111112,0.011494253,0.011111111,0.010989011,0.010752688,0.011494253,0.011904762,0.0027777778,0.0037593984,0.0034616766,0.0010541371,0.013468014,0.0029501615,0.0011775586,0.008730441,0.012987013,0.014492753,0.002219907,0.008698301,0.011627908,0.012820514,0.014084508,0.009117714,0.010752688,0.011235955,0.0125,0.012766419,0.01,0.010309279,0.010989012,0.011627907,0.013954096,,0.001222494,,0.0048309182748198,0.0021606239024549,,0.0026737968,,0.0029017969500273,0.001281538,0.0030959751456975,0.0044247787,0.0023581287823617,0.0011557473335415,0.0014203888131305,0.0015815104,0.001311631174758,0.0011611689114943,0.0040955706499516,0.001798399374820292,0.0020071910694241,0.0022997348569333,0.0014827186241745,0.0013049766421318,0.0012421625433489
25,0.0,0.0,0.0,0.0,0.0,0.0,0.0,0.0,0.0,0.0,0.0,0.0,0.0,0.0,0.0,0.0,0.0,0.0,0.0,0.0,0.0,0.0,0.0,0.0,0.0,0.0,0.0,0.0,0.0,0.0,0.0,0.0,0.0,0.0,0.0,0.0,0.0,0.0,0.0,0.0,0.0,0.0,0.0,0.0,0.0,0.0,0.0,0.0,0.0,0.0,0.0091743115,0.009615385,0.01010101,0.010416667,0.010989012,0.009708738,0.01,0.010309279,0.0106382985,0.011235955,0.010309279,0.010309279,0.0106382985,0.010752688,0.011764706,0.011173533,0.010416667,0.010752688,0.011904762,0.012658228,0.01724138,0.010638298,0.014084508,0.01,0.0074626873,,,0.0023899337,0.012058689,0.013333333,0.0023000147,0.0037979144,0.0077369446,0.011904763,0.012987013,0.002064687,0.009026103,0.010989012,0.011627908,0.012820514,0.010309279,0.010526316,0.010752688,0.011235955,0.014084509,0.010526316,0.010204081,0.010869565,0.011494253,0.015625,,,,0.003058104077354,0.0011590004432946,0.0043668123,,0.0029940120875835,0.0025318514090031,0.002120505,0.0040322579443454,0.004878049,0.0022000465542078,0.0020765198860317,0.0012741930549964,0.001112543,0.0010228047613054,0.0012468534987419,0.0016223452985286,0.0016872782725840807,0.0008810202707536,0.0009546965011395,0.0010808046208694,0.0013495251769199,0.0013876837911084
26,0.0,0.0,0.0,0.0,0.0,0.0,0.0,0.0,0.0,0.0,0.0,0.0,0.0,0.0,0.0,0.0,0.0,0.0,0.0,0.0,0.0,0.0,0.0,0.0,0.0,0.0,0.0,0.0,0.0,0.0,0.0,0.0,0.0,0.0,0.0,0.0,0.0,0.0,0.0,0.0,0.0,0.0,0.0,0.0,0.0,0.0,0.0,0.0,0.0,0.0,0.009247124,0.009345794,0.009708738,0.01,0.010638298,0.009456424,0.009708738,0.00990099,0.01010101,0.010752688,0.01,0.01,0.010152546,0.010309279,0.010869565,0.010638298,0.010309279,0.010416667,0.010526316,0.010989011,0.011235955,0.010752688,0.010416667,0.010309279,0.008474576,,0.0021677844,0.0017711557,0.0011389155,0.01388889,0.001668495,0.00070034,0.001971855,0.011904762,0.013333334,0.0013935885,0.0016878668,0.010416667,0.011764707,0.013157896,0.009268874,0.009803923,0.010204081,0.011494253,0.012500001,0.00893189,0.009615386,0.010309279,0.011235955,0.013698632,,,,,0.0018821315607056,,,,0.0014985946472734,0.0017880669,0.0029069767333567,0.0017730498,0.0016463140491396,0.0022799451835453,0.0011392284650355,0.0008773246,0.0013237633975222,0.0017983112484216,0.0013472298160195,0.0014532939530909061,0.0010560315568,0.0008822309901006,0.0014031861210241,0.0014849167782813,0.0016093959566205
27,0.0,0.0,0.0,0.0,0.0,0.0,0.0,0.0,0.0,0.0,0.0,0.0,0.0,0.0,0.0,0.0,0.0,0.0,0.0,0.0,0.0,0.0,0.0,0.0,0.0,0.0,0.0,0.0,0.0,0.0,0.0,0.0,0.0,0.0,0.0,0.0,0.0,0.0,0.0,0.0,0.0,0.0,0.0,0.0,0.0,0.0,0.0,0.0,0.0,0.0,0.009662062,0.01,0.01025668,0.010309279,0.010752688,0.010416667,0.010563645,0.010752688,0.010638298,0.011050061,0.011235955,0.011363637,0.011235955,0.011111111,0.011235955,0.013698631,0.0121951215,0.011764706,0.011235955,0.011904762,0.012987013,0.012345679,0.0125,0.0121951215,0.012345679,0.0042194095,0.0035842292,0.0016185701,0.011494253,0.012658229,0.0011086474,0.0010631355,0.010752688,0.011627907,0.012552744,0.009803923,0.010204081,0.010869565,0.011627907,0.012820514,0.009027297,0.010416667,0.010869565,0.011494253,0.01239712,0.010309279,0.010526317,0.011111112,0.011627908,0.013888891,,0.020833334,,0.0032258064020425,0.0023041474632918,,,,0.0038124485872685,0.0017115115,0.000677966105286,0.004464286,0.0022199971135705,0.0011181333102285,0.0014275896828621,0.0018784477,0.0019473722204566,0.0012217820622026,0.0014888623263686,0.0011414492037147284,0.0036550313234329,0.0016893567517399,0.00128329556901,0.001043975003995,0.0014928319724276
28,0.0,0.0,0.0,0.0,0.0,0.0,0.0,0.0,0.0,0.0,0.0,0.0,0.0,0.0,0.0,0.0,0.0,0.0,0.0,0.0,0.0,0.0,0.0,0.0,0.0,0.0,0.0,0.0,0.0,0.0,0.0,0.0,0.0,0.0,0.0,0.0,0.0,0.0,0.0,0.0,0.0,0.0,0.0,0.0,0.0,0.0,0.0,0.0,0.0,0.0,0.009615386,0.00990099,0.00990099,0.010416667,0.010752688,0.010309279,0.010309279,0.01010101,0.010526316,0.010752688,0.011363637,0.010869565,0.010416667,0.010638298,0.010638298,0.013513514,0.011494253,0.010309279,0.010204081,0.010309279,0.014285713,0.011235955,0.0,0.0,0.0,,0.0035971222,0.010638298,0.012345679,0.013698632,0.0028295738,0.0009249138,0.011363637,0.012345679,0.013333334,0.010291746,0.010752688,0.011363637,0.012048194,0.013157896,0.010752688,0.010869565,0.011111111,0.011904762,0.013513515,0.0106382985,0.010526317,0.011494253,0.012658229,0.014925375,0.029411767,0.045454547,0.0026595743838697,0.001741187996231,0.0011971094645559,,,,0.0010401817271485,0.0013882031,,0.0016322219,0.0019739994313567,0.0015874203527346,0.0014997288817539,0.0023125978,0.0014019310474395,0.0028162754606455,0.0009489587391726,0.009302294813096523,0.0012763170525431,0.0019590561278164,0.0021381601691246,0.0111111123114824,0.0062500000931322
29,0.0,0.0,0.0,0.0,0.0,0.0,0.0,0.0,0.0,0.0,0.0,0.0,0.0,0.0,0.0,0.0,0.0,0.0,0.0,0.0,0.0,0.0,0.0,0.0,0.0,0.009615385,0.00873379,0.007042254,0.0033726909,0.0,0.010869565,0.010869565,0.0,0.0,0.0,,0.0,0.0,0.0,0.0,0.0,0.0,0.0,0.0,0.0,0.0,0.0,0.0,0.0,0.0,0.0106382985,0.010869565,0.011363637,0.011627908,0.012048195,0.011363637,0.011627908,0.011627908,0.011627908,0.011904763,0.0121951215,0.012048194,0.012048195,0.011764707,0.0121951215,0.012987013,0.0125,0.012345679,0.011904763,0.012658229,0.016666668,0.012820513,0.0121951215,0.012658229,0.014084508,,0.0022387633,0.0029265292,0.011435998,0.013513515,0.00302805,0.0027524214,0.009837971,0.012345679,0.013333333,0.001053699,0.0052455696,0.011494253,0.012295494,0.013157896,0.008007639,0.011235955,0.011363637,0.012106965,0.012500001,0.008333334,0.010869565,0.011235955,0.011627907,0.013698632,,,,0.0018348623998463,0.0050782356411218,,,0.002724795602262,0.0015392407076433,0.003495165,0.004566210322082,0.0029220437,0.0020618890412151,0.0013128092978149,0.0012580399634316,0.0013473871,0.0016630003228783,0.0023795396555215,0.0016035406151786,0.0010997096542268991,0.0015918567078188,0.0017166140023618,0.0018692661542445,0.001853245543316,0.0012339244130998
30,0.0,0.0,0.0,0.0,0.0,0.0,0.0,0.0,0.0,0.0,0.0,0.0,0.0,0.0,0.0,0.0,0.0,0.0,0.0,0.0,0.0,0.0,0.0,0.0,0.0,0.010638298,0.011494253,0.011494253,0.009259259,0.0,,,,0.0,0.0,0.0,0.0,0.0,0.0,0.0,0.0,0.0,0.0,0.0,0.0,0.0,0.0,0.0,0.0,0.0,0.009708738,0.01010101,0.011363637,0.012345679,0.013333333,0.01010101,0.010869565,0.011494253,0.011976479,0.012658228,0.010752688,0.011111111,0.011363637,0.011627908,0.011904762,0.011235955,0.011363637,0.011627907,0.011627907,0.012987013,0.011764706,0.011904762,0.0121951215,0.014705883,,,0.0027932962,0.0020926474,0.001290267,0.016393444,0.0038397308,0.0013976749,0.0019413345,0.013157896,0.016564209,0.001045826,0.006874964,0.010989012,0.0125,0.014523202,0.0012629149,0.008345453,0.0106382985,0.011904763,0.014516435,0.009433962,0.007346614,0.01,0.011363637,0.0125,,,,,0.0033112582750618,,,,0.0037631026934832,0.0014648396,0.0044444445520639,,0.0015093538677319,0.0015184014337137,0.001997283892706,0.0019175418,0.0013146954588592,0.0013048578985035,0.0012800977565348,0.0013527119299396873,0.0014679429586976,0.0026686510536819,0.0009471048833802,0.001107684453018,0.0012586461380124
31,0.0,0.0,0.0,0.0,0.0,0.0,0.0,0.0,0.0,0.0,0.0,0.0,0.0,0.0,0.0,0.0,0.0,0.0,0.0,0.0,0.0,0.0,0.0,0.0,0.0,0.0,0.0,0.0,0.0,0.0,0.0,0.0,0.0,0.0,0.0,0.0,0.0,0.0,0.0,0.0,0.0,0.0,0.0,0.0,0.0,0.0,0.0,0.0,0.0,0.0,0.008361346,0.008695652,0.008889064,0.009259259,0.009615386,0.00900901,0.00900901,0.00904177,0.009259259,0.009615386,0.009345794,0.0091743115,0.009090909,0.0091743115,0.009708738,0.009433962,0.00909091,0.008928572,0.00909091,0.00990099,0.009259259,0.008928573,0.00877193,0.009345794,0.010309279,,0.0031055904,0.002448979,0.0009961501,0.01234568,0.0023641014,0.0014982745,0.001343623,0.0106382985,0.012048195,0.0011111345,0.00830626,0.009523811,0.010309279,0.011627907,0.008875895,0.009174312,0.00900901,0.009803923,0.010989012,0.0088495575,0.00877193,0.00900901,0.009708738,0.011764707,0.041666668,,,,0.0011689726961776,,,,0.0030303031671792,0.00097181514,0.0031347963958978,0.0015622097,0.0034616221673786,0.0028306534513831,0.0015437204856425,0.0014815378,0.0010600504465401,0.0020182458683848,0.0012653293088078,0.0008899697568267584,0.0019124544924125,0.0044269599020481,0.001507370499894,0.0010739606805145,0.0009842582512646
32,0.0,0.0,0.0,0.0,0.0,0.0,0.0,0.0,0.0,0.0,0.0,0.0,0.0,0.0,0.0,0.0,0.0,0.0,0.0,0.0,0.0,0.0,0.0,0.0,0.0,0.00990099,0.01010101,0.0091743115,0.006896552,0.0,0.013333333,0.012048194,0.01010101,0.0,0.0,,0.0,0.0,0.0,0.0,0.0,0.0,0.0,0.0,0.0,0.0,0.0,0.0,0.0,0.0,0.009433962,0.01010101,0.010752688,0.011235955,0.0121951215,0.010000001,0.010434942,0.010989011,0.011363637,0.012658229,0.010526316,0.010752688,0.011363637,0.011904763,0.013888891,0.010869565,0.011111112,0.011904763,0.013888891,0.015384616,0.010989012,0.011627908,0.016129032,0.01724138,0.016949153,,0.0036127586,,0.0075150514,0.013157896,0.0020160615,0.0013552078,0.008012821,0.011402822,0.012987013,0.0016029427,0.009106795,0.01,0.011363638,0.013157896,0.0009599046,0.0092707975,0.00990099,0.010869565,0.014705883,0.00900901,0.009106073,0.01010101,0.01138976,0.016949153,,,,0.0031645570416003,0.0027480849530547,,,0.0027397263329476,0.0022203754633665,0.002816731,,0.0006414368,0.002583123743534,0.0013688018079847,0.0014570476487278,0.0023626515,0.0012562882620841,0.0017316450830549,0.0010820744791999,0.0014330197591334581,0.001548855449073,0.002734868787229,0.001418063067831,0.0015430005732923,0.0011720359325408
33,0.0,0.0,0.0,0.0,0.0,0.0,0.0,0.0,0.0,0.0,0.0,0.0,0.0,0.0,0.0,0.0,0.0,0.0,0.0,0.0,0.0,0.0,0.0,0.0,0.0,0.010638298,0.010989011,0.011363637,0.011363637,0.011363637,0.012345679,0.0125,0.012658228,0.012048194,0.011627907,0.016393444,0.016949153,0.015151516,0.012658228,0.011299796,0.018867925,0.018518519,0.014285713,0.011111111,0.011111111,,,0.00952381,0.013513514,0.0,0.0013137705,0.010362974,0.011764707,0.012987013,0.014492754,0.010432331,0.011235955,0.0121951215,0.012987013,0.014084509,0.011363637,0.011904762,0.0121951215,0.012820514,0.014285713,0.0121951215,0.012345679,0.011904762,0.013157896,0.013698632,0.012345679,0.011494253,0.011764707,0.012500001,0.018350169,,0.0021897913,0.0022344922,0.0015890939,0.0015687674,0.0032544257,0.0023006317,0.001462647,0.00845126,0.009615386,0.0020165532,0.00089368335,0.00175895,0.010052332,0.013095237,0.0020088053,0.0010977028,0.010752689,0.011764707,0.014084508,0.0012295602,0.010107074,0.010116868,0.011494253,0.007011462,,,,0.0027617691084742,0.0014173933304846,,,,0.0021436449605971,0.0025446003,,0.002417111,0.0014395843027159,0.0026997623499482,0.0014430882874876,0.0018707992,0.0012451719958335,0.0014909236924722,0.0013645002618432,0.0009147562086582184,0.0010996860219165,0.0015734054613858,0.0009740940295159,0.0012955742422491,0.0014915986685082
34,0.0,0.0,0.0,0.0,0.0,0.0,0.0,0.0,0.0,0.0,0.0,0.0,0.0,0.0,0.0,0.0,0.0,0.0,0.0,0.0,0.0,0.0,0.0,0.0,0.0,,0.0,0.0,0.0,0.0,0.0,0.0,0.0,0.0,0.0,0.0,0.0,0.0,0.0,0.0,0.0,0.0,0.0,0.0,0.0,0.0,0.0,0.0,0.0,0.0,0.008658171,0.008695653,0.00877193,0.008474576,0.00862069,0.0091955485,0.0091743115,0.009090909,0.008571569,0.008645678,0.009615385,0.009463912,0.009433962,0.008474576,,0.00990099,0.00990099,,,0.022222223,,,,0.025641026,,,0.0037144185,0.0019209757,0.00925926,0.010869565,0.0022847527,0.0024450806,0.008617005,0.00990099,0.010416667,0.0017899681,0.008856142,0.009259259,0.009448937,0.010204081,0.009345794,0.00909091,0.009174312,0.009433962,0.010989012,0.0091743115,0.009080672,0.009345795,0.009708739,0.016666668,,,,0.0006090379902161,0.00143815332558,,,0.0037810821086168,0.0023923446424305,0.0026769803,,,0.0018692436860874,0.0016383867477998,0.0020890217274427,0.0023125357,0.0023407263215631,0.0027102930471301,0.0009767507435753,0.0015411835629492998,0.0010347699280828,0.0017035283381119,0.0012406181776896,0.001036645611748,0.0012483092723414
35,0.0,0.0,0.0,0.0,0.0,0.0,0.0,0.0,0.0,0.0,0.0,0.0,0.0,0.0,0.0,0.0,0.0,0.0,0.0,0.0,0.0,0.0,0.0,0.0,0.0,0.0,0.0,0.0,0.0,0.0,0.0,0.0,0.0,0.0,0.0,0.0,0.0,0.0,0.0,0.0,0.0,0.0,0.0,0.0,0.0,0.0,0.0,0.0,0.0,0.0,0.009523811,0.010204081,0.010526317,0.010989011,0.011764707,0.010526317,0.010638298,0.010869565,0.011111112,0.011858078,0.011111112,0.010989011,0.010949196,0.011111112,0.0121951215,0.011494253,0.011235955,0.011235955,0.011627908,0.013333333,0.011764706,0.011627907,0.012820513,0.014705883,0.015625,,0.002001161,0.0030203017,0.0023392162,0.013157896,0.0027666264,0.0018162564,0.0010713035,0.009371705,0.012820514,0.0044468464,0.0045540677,0.008012286,0.011627908,0.012500001,0.001456393,0.007893016,0.010752689,0.011363637,0.012048195,0.009832028,0.010309279,0.010416667,0.010989012,0.013513515,,,,,0.0013396441936492,,,,0.0067401966080069,0.0017537925,,0.0010792743,0.0016511414432898,0.0023486537393182,0.0017317932797595,0.0026709437,0.0014148642076179,0.0013945404207333,0.00186311325524,0.001960277557373047,0.0011971791973337,0.0020846195984631,0.0018865334568545,0.0012297080829739,0.001386989140883
36,0.0,0.0,0.0,0.0,0.0,0.0,0.0,0.0,0.0,0.0,0.0,0.0,0.0,0.0,0.0,0.0,0.0,0.0,0.0,0.0,0.0,0.0,0.0,0.0,0.0,0.0,0.0,0.0,0.0,0.0,0.0,0.0,0.0,0.0,0.0,0.0,0.0,0.0,0.0,0.0,0.0,0.0,0.0,0.0,0.0,0.0,0.0,0.0,0.0,0.0,0.008695653,0.0089446595,0.0091743115,0.00900901,0.009090909,0.0091743115,0.009259259,0.009259259,0.008928572,0.008928572,0.00952381,0.009433962,0.009216785,0.00877193,0.00877193,0.009708738,0.009345794,0.0091743115,0.008474576,0.008695652,0.009433962,0.009216785,0.008928572,0.008196722,0.008064516,,0.0044444446,0.0022383078,0.010859825,0.01234568,0.0037283495,0.0024615298,0.009433962,0.010869565,0.011904762,0.0010800126,0.009192859,0.009708738,0.0106382985,0.011627907,0.0091743115,0.009345794,0.009615386,0.010309279,0.011764706,0.009259259,0.00900901,0.009345795,0.01,0.010752688,,,,0.0012267943238839,0.0029649354983121,,,,0.0010698965052142,0.00094091805,,0.000613497,0.0011848667636513,0.0016817925497889,0.0014879845548421,0.0019709717,0.0008762441575527,0.0010111063020303,0.0008842240204103,0.001313916058279574,0.0008969872142188,0.0011766597162932,0.0009060787269845,0.0017417542403563,0.0011712060077115
37,0.0,0.0,0.0,0.0,0.0,0.0,0.0,0.0,0.0,0.0,0.0,0.0,0.0,0.0,0.0,0.0,0.0,0.0,0.0,0.0,0.0,0.0,0.0,0.0,0.0,0.0,0.0,0.0,0.0,0.0,0.0,0.0,0.0,0.0,0.0,0.0,0.0,0.0,0.0,0.0,0.0,0.0,0.0,0.0,0.0,0.0,0.0,0.0,0.0,0.0,0.00900901,0.009433962,0.00990099,0.010416667,0.011050061,0.009708738,0.01,0.010204081,0.010526316,0.010989011,0.010309279,0.010309279,0.010309279,0.010416667,0.010869565,0.010752688,0.010471491,0.010204081,0.010309279,0.011111111,0.010989011,0.010309279,0.01,0.010309279,0.011363637,,0.003489422,0.0025040468,0.010989012,0.0125,0.0013057606,0.0025953886,0.01000481,0.011235955,0.0121951215,0.0021078023,0.009797124,0.010416667,0.011111112,0.011764707,0.009911991,0.010204081,0.010416668,0.0106382985,0.011385406,0.010000001,0.009708738,0.009708738,0.010204082,0.010869565,,,,0.0047619049437344,,0.0048076925,0.0021834061,,0.0016323475865647,0.0030203997,0.0030303031671792,0.008264462,0.00151072954759,0.0028133010491728,0.0018904283642768,0.00094663625,0.000940175843425,0.001964557217434,0.0017602083971723,0.0013398631708696485,0.0020392290316522,0.0019106123363599,0.0013594123302027,0.0010975658660754,0.0020094704814255
38,0.0,0.0,0.0,0.0,0.0,0.0,0.0,0.0,0.0,0.0,0.0,0.0,0.0,0.0,0.0,0.0,0.0,0.0,0.0,0.0,0.0,0.0,0.0,0.0,0.0,0.0,0.0,0.0,0.0,0.0,0.0,0.0,0.0,0.0,0.0,0.0,0.0,0.0,0.0,0.0,0.0,0.0,0.0,0.0,0.0,0.0,0.0,0.0,0.0,0.0,0.009523811,0.00990099,0.010309279,0.01,0.010416667,0.010309279,0.010526316,0.010752688,0.01010101,0.010471491,0.011111111,0.011111111,0.011111111,0.010204081,0.010638298,0.011627907,0.011494253,0.011235955,0.010204081,0.0,0.011627907,0.011627907,0.0125,0.0,0.0,,0.00418568,0.0033446827,0.010416667,0.011627907,0.0006931973,0.0033183182,0.009708738,0.0106382985,0.011764707,0.0014998548,0.009708738,0.010204082,0.010638298,0.012048195,0.009708738,0.00990099,0.010309279,0.010752688,0.013157896,0.009803923,0.010075757,0.010526317,0.011235955,0.01818182,,,,,0.0022478902246803,,,0.0020242915488779,0.0025329603813588,0.0019237929,0.0031624608673155,0.001837299,0.0015345271676778,0.0013603494735434,0.0014814427122473,0.0010501129,0.000973779708147,0.0010404747445136,0.0013251890195533,0.002104342682287097,0.0038264587055891,0.0014961145352572,0.0008854999323375,0.0013323051389306,0.001415493316017
39,0.0,0.0,0.0,0.0,0.0,0.0,0.0,0.0,0.0,0.0,0.0,0.0,0.0,0.0,0.0,0.0,0.0,0.0,0.0,0.0,0.0,0.0,0.0,0.0,0.0,0.0,0.0,0.0,0.0,0.0,0.0,0.0,0.0,0.0,0.0,0.0,0.0,0.0,0.0,0.0,0.0,0.0,0.0,0.0,0.0,0.0,0.0,0.0,0.0,0.0,0.009803923,0.010101011,0.010593506,0.011363637,0.0121951215,0.01,0.010309279,0.010638298,0.011494253,0.012500001,0.010309279,0.010416667,0.010752688,0.011627908,0.012820514,0.010638298,0.010416667,0.010869565,0.012000385,0.013216375,0.010752688,0.010204081,0.011494253,0.012658229,0.014492754,,0.0033844714,0.0021772408,0.012345679,0.014084509,0.0022809706,0.0018746272,0.0099744145,0.01234568,0.01388889,0.0010893696,0.01,0.010752689,0.012048195,0.013698631,0.008825945,0.01010101,0.010430373,0.011904763,0.013698632,0.00952381,0.009615386,0.010752689,0.012345679,0.014705884,0.05,,,0.0006031363154761,0.0026306707877665,,,,0.0013449114048853,0.0010131847,0.0027739452198147,0.0028965396,0.0013838356826454,0.0021882399450987,0.0016937005566433,0.0010840584,0.0018877051770687,0.0011464740382507,0.0024791869800537,0.0010474552400410175,0.0010688593611121,0.0014926701551303,0.0008950384217314,0.0010635929647833,0.0018392183119431
40,0.0,0.0,0.0,0.0,0.0,0.0,0.0,0.0,0.0,0.0,0.0,0.0,0.0,0.0,0.0,0.0,0.0,0.0,0.0,0.0,0.0,0.0,0.0,0.0,0.0,0.01010101,0.01,0.0091743115,0.00952381,0.009708738,0.011111111,0.010309279,0.009345794,0.0,0.0,0.0,0.0,0.0,0.0,0.0,0.0,0.0,0.0,0.0,0.0,0.0,0.0,0.0,0.0,0.0,0.009090909,0.01,0.010929288,0.011904763,0.013157896,0.010101011,0.010526316,0.011111112,0.011904763,0.013513515,0.010752688,0.010869565,0.010989012,0.012345679,0.014084509,0.011235955,0.011111111,0.011194341,0.014084509,0.015151516,0.011494253,0.011235955,0.015384616,0.01724138,0.018181818,,0.0021328877,0.0016381632,0.0013530015,0.0018862893,0.0033578495,0.001478384,0.0008613963,0.0013558691,0.00094032806,0.0011344827,0.002204372,0.0010633048,0.0013429339,0.0013907008,0.0011338416,0.010000154,0.007019601,0.007906628,0.014046502,0.009951385,0.01010101,0.010526316,0.011627908,0.016393444,0.052631583,0.0625,0.055555559694767,0.0014879488153383,0.0020055747590959,0.071428575,,,,0.00126281,0.0031645570416003,0.0028404975,0.0010036751627922,0.0010778674622997,0.0014156169490888,0.0011644025,0.0016731112264096,0.0014830866130068,0.0009016866679303,0.0009721453534439206,0.0012639355845749,0.0026371558196842,0.0010639508254826,0.001285676495172,0.0029602001886814
41,0.0,0.0,0.0,0.0,0.0,0.0,0.0,0.0,0.0,0.0,0.0,0.0,0.0,0.0,0.0,0.0,0.0,0.0,0.0,0.0,0.0,0.0,0.0,0.0,0.0,0.0069930074,0.006578948,0.005235602,0.0026420127,0.0,0.009259259,0.009259259,0.008264462,0.0,0.0,0.012345679,,0.0,0.0,0.0,0.0,0.0,0.0,0.0,0.0,0.0,0.0,0.0,0.0,0.0,0.009433962,0.010309279,0.011111111,0.011764707,0.0121951215,0.010204082,0.010752688,0.011235955,0.011494253,0.012048195,0.010752688,0.010989011,0.011235955,0.011363637,0.012345679,0.011235955,0.011173533,0.011363637,0.011904763,0.013698632,0.011494253,0.011764706,0.011904763,0.014084509,0.015384616,,0.001429219,0.0016432642,0.012173122,0.015000756,0.0023311165,0.0018185964,0.010869565,0.012987013,0.014705884,0.0006963271,0.006686723,0.011363637,0.012820514,0.014492754,0.009803923,0.010321212,0.011235955,0.012658229,0.014705883,0.009679757,0.01010101,0.01067098,0.011872128,0.014925375,,,,0.0006195786991156,0.0038159219548106,,,,0.002189964056015,0.0016818395,,,0.0020387193653732,0.0009211816941387,0.0013996408088132,0.00086211634,0.0011962847784161,0.0008719390025362,0.001069194287993,0.0012184110237285495,0.0012462538434192,0.0015512284589931,0.0009149182005785,0.0011789456475526,0.0010148119181394
42,0.0,0.0,0.0,0.0,0.0,0.0,0.0,0.0,0.0,0.0,0.0,0.0,0.0,0.0,0.0,0.0,0.0,0.0,0.0,0.0,0.0,0.0,0.0,0.0,0.0,0.008097298,0.0078125,0.0068493155,0.0045871558,0.0035587188,0.010638298,0.010989011,0.010416667,0.0074074073,0.0,0.012820513,0.013513514,,0.0,0.0,0.0,0.0,0.0,0.0,0.0,0.0,0.0,0.0,0.0,0.0,0.0009542541,0.010309279,0.011235955,0.012048194,0.013157896,0.010204081,0.010752688,0.011494253,0.011904763,0.012820513,0.010869565,0.011235955,0.011494253,0.011627908,0.0125,0.011363637,0.011235955,0.011363637,0.011494253,0.012048194,0.011235955,0.011363637,0.011627907,0.0121951215,0.013513514,,0.0029761905,0.0031309864,0.0013281067,0.014285713,0.0010940727,0.0032588928,0.0016499333,0.012048194,0.01388889,0.0011643214,0.0016067231,0.010526317,0.012048194,0.013513515,0.0015896799,0.008369272,0.01056831,0.011904763,0.013698632,0.009708739,0.009708738,0.010309279,0.011363637,0.013513515,,,,0.0006075333803892,0.0027564698830246,,,,0.0013595446944236,0.0023518384,,,0.0006088307127356,0.0015190943377092,0.0030966040212661,0.0015956794,0.0010173342889174,0.0010687835747376,0.0020174505189061,0.001553853740915656,0.0025513966102153,0.0010460764169692,0.0011873053153976,0.00093191745691,0.0011376781621947
43,0.0,0.0,0.0,0.0,0.0,0.0,0.0,0.0,0.0,0.0,0.0,0.0,0.0,0.0,0.0,0.0,0.0,0.0,0.0,0.0,0.0,0.0,0.0,0.0,0.0,0.0,0.0,0.0,0.0,0.0,0.0,0.0,0.0,0.0,0.0,0.0,0.0,0.0,0.0,0.0,0.0,0.0,0.0,0.0,0.0,0.0,0.0,0.0,0.0,0.0,0.007942858,0.008474577,0.00877193,0.009345794,0.009708738,0.00900901,0.00909091,0.0091743115,0.009523811,0.009772195,0.00990099,0.009708738,0.009433962,0.009615386,0.00990099,0.010526316,0.01,0.009523811,0.009708738,0.010526316,0.011235955,0.01010101,0.010416667,0.008426966,,,0.0029111344,0.00243309,0.0014330716,0.011235955,0.0016399011,0.0034197748,0.0029184266,0.010204081,0.011111112,0.0013543114,0.001958127,0.009433962,0.010204081,0.010752688,0.009345794,0.009523811,0.009615385,0.009803923,0.010526317,0.008894472,0.009628722,0.009102824,0.009708738,0.012048194,,,,0.0015162556665018,0.000602244050242,0.0017030019,,,0.0019230665639042,0.0012712028,0.0024751266464591,,0.0025514939334243,0.0010978825157508,0.0023239764850586,0.001074404,0.00102895044256,0.0010670840274542,0.0029597510583698,0.0014499122044071555,0.0015235752798616,0.0013909540139138,0.0010948063572868,0.0013986050616949,0.0012336368672549
44,0.0,0.0,0.0,0.0,0.0,0.0,0.0,0.0,0.0,0.0,0.0,0.0,0.0,0.0,0.0,0.0,0.0,0.0,0.0,0.0,0.0,0.0,0.0,0.0,0.0,,,0.0,0.0,0.0,0.0,0.0,0.0,0.0,0.0,0.0,0.0,0.0,0.0,0.0,0.0,0.0,0.0,0.0,0.0,0.0,0.0,0.0,0.0,0.0,0.009174312,0.009615386,0.01010101,0.010489767,0.011111112,0.009345794,0.009708738,0.010204082,0.010526317,0.011363637,0.00952381,0.00990099,0.010416667,0.010869565,0.011627908,0.00952381,0.010101011,0.0106382985,0.011235955,0.0121951215,0.009345794,0.011235955,0.011764707,0.011111112,0.011235955,,0.0024213076,0.002222955,0.01206452,0.01388889,0.002610011,0.001709212,0.0106382985,0.011933449,0.013698632,0.002684122,0.00990099,0.0106382985,0.011764707,0.012820514,0.009523811,0.009803923,0.0106382985,0.011494253,0.013513515,0.009433962,0.009900991,0.010989012,0.012345679,0.015151516,,,,0.0016006449004635,0.0035108644515275,,,,0.0039492133073508,0.0019568342,,0.0027675729,0.0033390750177204,0.0016716482350602,0.0014694256242364,0.0027300029,0.0010694665834307,0.0016626126598566,0.0013540771324187,0.0011131110368296504,0.0015133002307265,0.0025184396654367,0.0024181050248444,0.0015349116874858,0.0012517287395894
45,0.0,0.0,0.0,0.0,0.0,0.0,0.0,0.0,0.0,0.0,0.0,0.0,0.0,0.0,0.0,0.0,0.0,0.0,0.0,0.0,0.0,0.0,0.0,0.0,0.0,0.00990099,0.010204081,0.009803922,0.0076335883,0.005524862,0.0121951215,,0.012658228,0.010638298,0.0043290043,0.0,0.0,,0.0,0.0,0.0,0.0,0.0,0.0,0.0,0.0,0.0,0.0,0.0,0.0,0.010416668,0.010989012,0.011627907,0.011904762,0.012658228,0.010989011,0.011363637,0.011764706,0.011904763,0.012820513,0.011627907,0.011764706,0.011904762,0.012048194,0.012820513,0.0121951215,0.012048194,0.011904762,0.012345679,0.01388889,0.012345679,0.011764706,0.0121951215,0.012658228,0.016129032,,0.002939669,0.0036466904,0.0009019894,0.015025882,0.0013109653,0.0027162265,0.0009888298,0.012987014,0.014492755,0.0011861887,0.0009299701,0.008411177,0.012658228,0.014084509,0.0015884032,0.008413516,0.0115477145,0.012658228,0.014492755,0.010312152,0.010869565,0.010869566,0.011784715,0.013559793,,,,,0.0017840700456872,,,,0.0037021888419985,0.001389699,0.001706484821625,0.003003003,0.0024975624401122,0.0012750832829624,0.0012935751583427,0.0021224264,0.0010304490569978,0.001974323997274,0.0012505085906013,0.00229794904589653,0.0022752871736884,0.0008897971129044,0.0012677260674536,0.0013233271893113,0.0015254956670105
46,0.0,0.0,0.0,0.0,0.0,0.0,0.0,0.0,0.0,0.0,0.0,0.0,0.0,0.0,0.0,0.0,0.0,0.0,0.0,0.0,0.0,0.0,0.0,0.0,0.0,0.0,0.0,0.0,0.0,0.0,0.0,0.0,0.0,0.0,0.0,0.0,0.0,0.0,0.0,0.0,0.0,0.0,0.0,0.0,0.0,0.0,0.0,0.0,0.0,0.0,0.01010101,0.010752688,0.011363637,0.012048195,0.012658228,0.010869565,0.011235955,0.011627908,0.012048195,0.012500001,0.011494253,0.011627907,0.011764707,0.011904763,0.0121951215,0.012658228,0.0125,0.011904763,0.011904763,0.014285713,0.015873017,0.0125,0.015151516,,,,0.0021773926,0.0032208066,0.0017300947,0.014492754,0.0027493278,0.0034544175,0.00093307864,0.012500001,0.014285713,0.005637515,0.0009398066,0.0013591122,0.01234568,0.01388889,0.0076352567,0.010309279,0.010989011,0.012048195,0.012857142,0.0068781404,0.010000001,0.010526317,0.011764707,0.014084508,,,,,0.002763656200841,,,,0.0019613662734627,0.0011099877,0.0036900369450449,0.002985555,0.0024205513764172,0.0030635504517704,0.0014548954786732,0.0009715326,0.0015636928146705,0.0028176435735076,0.00155157642439,0.0009199033374898136,0.0024190545082092,0.0019798367284238,0.0012000991264358,0.0014788111438974,0.0008597567211836
47,0.0,0.0,0.0,0.0,0.0,0.0,0.0,0.0,0.0,0.0,0.0,0.0,0.0,0.0,0.0,0.0,0.0,0.0,0.0,0.0,0.0,0.0,0.0,0.0,0.0,,0.012658228,0.0121951215,0.011904762,0.005235602,0.0,0.0,0.0,0.0,0.0,0.0,0.0,0.0,0.0,0.0,0.0,0.0,0.0,0.0,0.0,0.0,0.0,0.0,0.0,0.0,0.010416667,0.011235955,0.0121951215,0.013157896,0.014084508,0.011363637,0.011904763,0.012820513,0.013513514,0.014285713,0.012345679,0.012820513,0.013698631,0.014492754,0.014084508,0.013698631,0.014084508,0.014492754,0.014285713,0.014705883,0.014285713,0.014084508,0.014084508,0.016393444,0.0,,0.0030601583,0.002080795,0.012671753,0.014492753,0.0017211704,0.0014343116,0.011579305,0.012987014,0.014492754,0.0009966319,0.0106382985,0.011904762,0.013072454,0.014492754,0.010309279,0.010869566,0.011764707,0.013157896,0.013698632,0.010204081,0.010752688,0.011627908,0.0125,0.018518519,0.04761905,,,,0.0006160230841487,,,,0.0010820743627846,0.0026174274,0.0028653296176344,0.002967516,0.0006506181089207,0.0012241811491549,0.0033322470262646,0.00165145,0.001353244879283,0.0011251985561102,0.0019956750329583,0.0011289502726867795,0.0011745340889319,0.0013780063018202,0.0014252490364015,0.0013979101786389,0.0104587972164154
48,0.0,0.0,0.0,0.0,0.0,0.0,0.0,0.0,0.0,0.0,0.0,0.0,0.0,0.0,0.0,0.0,0.0,0.0,0.0,0.0,0.0,0.0,0.0,0.0,0.0,0.0,0.0,0.0,0.0,0.0,0.0,0.0,0.0,0.0,0.0,0.0,0.0,0.0,0.0,0.0,0.0,0.0,0.0,0.0,0.0,0.0,0.0,0.0,0.0,0.0,0.008474576,0.008928573,0.0091955485,0.009523811,0.009803923,0.00900901,0.0091743115,0.0091743115,0.009259259,0.009523811,0.009345794,0.009345794,0.00932416,0.009259259,0.009615386,0.00952381,0.009646503,0.009523811,0.009433962,0.00990099,0.009803922,0.009803923,0.009708738,,,0.002570694,0.001962678,0.0026198197,0.009578545,0.012987013,0.0010526674,0.0033134203,0.010204081,0.011494253,0.012658228,0.0010940356,0.009345794,0.010309279,0.011287028,0.012658228,0.009090909,0.009523811,0.009803923,0.010989012,0.011235955,0.0089975195,0.009259259,0.009708738,0.010416667,0.012048195,,,,0.0045454544015228,0.0027085996698588,,,0.0042194095440208,0.0023255813866853,0.0020171658,0.001333333319053,0.0019880717,0.0026944254059344,0.0016302522271871,0.0012466938933357,0.0015436568,0.0012862764997407,0.0013867563102394,0.0022011266555637,0.0012948224321007729,0.0009395063389092,0.0015005095629021,0.0020236645359545,0.0008928620372898,0.0014068611199036
49,0.0,0.0,0.0,0.0,0.0,0.0,0.0,0.0,0.0,0.0,0.0,0.0,0.0,0.0,0.0,0.0,0.0,0.0,0.0,0.0,0.0,0.0,0.0,0.0,0.0,0.0,0.0,0.0,0.0,0.0,0.0,0.0,0.0,0.0,0.0,0.0,0.0,0.0,0.0,0.0,0.0,0.0,0.0,0.0,0.0,0.0,0.0,0.0,0.0,0.0,0.0088495575,0.0091743115,0.009615386,0.009708738,0.00952381,0.009523811,0.009803922,0.01010101,0.00990099,0.00952381,0.010309279,0.010416667,0.010638298,0.010204081,0.009708738,0.011494253,0.011764706,0.011299796,0.010638298,0.010309279,0.015625,0.014285713,0.013513514,0.006802721,0.0,,0.003937008,0.0032467532,0.010752689,0.011904762,0.002001255,0.0011153534,0.01010101,0.010869565,0.011627908,0.00900901,0.009433962,0.010309279,0.010752688,0.011363637,0.00925926,0.009615386,0.010309279,0.010752688,0.011811392,0.009259259,0.009763128,0.010526317,0.011363637,0.014492754,,,0.0399999991059303,,0.0007871881243772,,,0.0040983608923852,0.0020711310207843,0.0010895146,0.0019879448227584,0.0026531187,0.0027312315069139,0.0015675665345042,0.0014548457693308,0.0014609548,0.0011002726387232,0.0016004957724362,0.0028218692168593,0.002665344625711441,0.0035812233109027,0.0013331463560461,0.0012636817991733,0.001225157873705,0.0013070115819573
50,0.0,0.0,0.0,0.0,0.0,0.0,0.0,0.0,0.0,0.0,0.0,0.0,0.0,0.0,0.0,0.0,0.0,0.0,0.0,0.0,0.0,0.0,0.0,0.0,0.0,0.008064516,0.0077519375,0.0070921993,0.0066666664,0.0062111807,0.008064516,0.007575758,0.0066666664,0.005988024,0.0052910056,0.011363637,0.008403362,0.0051282053,0.0025062656,0.0,0.0,0.0,0.0,0.0,0.0,0.0,0.0,0.0,0.0,0.0,0.00925926,0.01,0.010869565,0.011627907,0.0121951215,0.010204081,0.0106382985,0.011111112,0.011494253,0.011764707,0.010899426,0.010989012,0.011080586,0.011111112,0.011494253,0.011363637,0.010989011,0.010869565,0.010869565,0.011627908,0.011111111,0.010752688,0.010752688,0.010989012,0.013698631,,0.0027751436,0.0027192512,0.0023676713,0.0015805587,0.0016492903,0.0024499793,0.0033989882,0.0012523899,0.013713268,0.0031279055,0.0020644169,0.0064916145,0.011904763,0.012987013,0.0010459955,0.008311171,0.010869565,0.011494253,0.012820514,0.010699307,0.01029759,0.010309279,0.010884496,0.011904763,,,0.0028985508251935,,0.0030244463123381,,,0.0058823530562222,0.0022421739995479,0.0012243835,,0.003940435,0.0014450360322371,0.0015723773976787,0.0016199923120439,0.001778222,0.0012929663062095,0.0028110926505178,0.001319681876339,0.0013333829119801521,0.0028042625635862,0.0010458562755957,0.0009604173246771,0.0012552073458209,0.0009854772360995
51,0.0,0.0,0.0,0.0,0.0,0.0,0.0,0.0,0.0,0.0,0.0,0.0,0.0,0.0,0.0,0.0,0.0,0.0,0.0,0.0,0.0,0.0,0.0,0.0,0.0,0.01010101,0.00990099,0.009345794,0.008695652,0.008064516,0.0121951215,0.011764706,0.010638298,0.009345794,0.0088495575,0.012658228,,0.012658228,,,,,,0.0,0.0,0.0,0.0,0.0,0.0,0.0,0.009345794,0.010204081,0.010989011,0.011494253,0.011764706,0.010526317,0.010989012,0.011363637,0.011363637,0.011363637,0.011494253,0.011627907,0.011428945,0.010989011,0.011111111,0.0125,0.012345679,0.011299796,0.010869565,0.012048194,0.013513514,0.012820513,0.010526316,0.012345679,0.014705883,,0.0018181572,0.0007336758,0.001231726,0.010743757,0.003116105,0.0018435054,0.0011710966,0.011914325,0.01388889,0.0027302136,0.007091138,0.0086828815,0.011494253,0.012858937,0.0017182532,0.0075743827,0.010526316,0.010989012,0.012820514,0.01,0.010157231,0.009816055,0.010416668,0.011363637,,,,,0.0018507981440052,,,,0.0010153078474104,0.0019854833,0.0032258064020425,0.0024720551,0.00206443015486,0.0013556338381022,0.0012043177848681,0.0012330005,0.0009142509661614,0.0015487006166949,0.0011204598704352,0.001673544873483479,0.0033407779410481,0.0034780353307724,0.002235135063529,0.001224402221851,0.0014229087391868
52,0.0,0.0,0.0,0.0,0.0,0.0,0.0,0.0,0.0,0.0,0.0,0.0,0.0,0.0,0.0,0.0,0.0,0.0,0.0,0.0,0.0,0.0,0.0,0.0,0.0,0.0,0.0,0.0,0.0,0.0,0.0,0.0,0.0,0.0,0.0,0.0,0.0,0.0,0.0,0.0,0.0,0.0,0.0,0.0,0.0,0.0,0.0,0.0,0.0,0.0,0.0088495575,0.008928572,0.009090909,0.009345794,0.00990099,0.0091743115,0.009259259,0.009345794,0.009433962,0.01,0.00975633,0.009615385,0.009433962,0.009615385,0.010204081,0.010638298,0.01,0.009433962,0.009803922,0.010526316,0.013698631,0.00990099,0.009803922,0.0,0.0,,0.0019995351,0.0021734529,0.010309279,0.012048195,0.0018142922,0.001642652,0.008744855,0.010989012,0.011904763,0.0011832914,0.0091743115,0.00990099,0.010989012,0.011764707,0.009345794,0.009708738,0.010101011,0.0106382985,0.011627907,0.009708738,0.009708738,0.009803923,0.010661176,0.012820514,0.0034776744,0.002770083,0.0042735044844448,0.0033078321721404,0.0030875278171151,,0.00243309,,0.0043544229120016,0.0010906438,0.0012851414503529,0.0020120724,0.0021442247088998,0.0013681846903637,0.0012259681243449,0.0020059424,0.0010336977429687,0.0016902416246011,0.0009412857471033,0.0015079660806804895,0.0017437487840652,0.0012045422336086,0.0012561182957142,0.0009864444145932,0.0106382984668016
53,0.0,0.0,0.0,0.0,0.0,0.0,0.0,0.0,0.0,0.0,0.0,0.0,0.0,0.0,0.0,0.0,0.0,0.0,0.0,0.0,0.0,0.0,0.0,0.0,0.0,0.0,0.0,0.0,0.0,0.0,0.0,0.0,0.0,0.0,0.0,0.0,0.0,0.0,0.0,0.0,0.0,0.0,0.0,0.0,0.0,0.0,0.0,0.0,0.0,0.0,0.008264462,0.00877193,0.0091743115,0.009433962,0.009803923,0.0088495575,0.009090909,0.009259259,0.009345794,0.009523811,0.0091743115,0.009259259,0.009345794,0.009345794,0.009523811,0.009259259,0.009345794,0.009433962,0.009345794,0.009523811,0.009259259,0.009433962,0.009523811,0.009433962,0.009662062,,0.0031707666,0.002898496,0.009615385,0.011904763,0.002349057,0.002233414,0.001210944,0.010526316,0.011764707,0.0019841238,0.008498887,0.009523811,0.010309279,0.01138976,0.008695652,0.008928573,0.0091743115,0.00990099,0.011111111,0.00854701,0.00862069,0.0091743115,0.009523811,0.010526317,,,,0.00059453031281,0.0034965036902576,,,,0.0018769698217511,0.0016119041,,0.004854369,0.0020555758383125,0.0036612437106668,0.0016832812689244,0.0018145579,0.0019672878552228,0.0023051400203257,0.0014696829020977,0.0017260710010305047,0.0009079732117243,0.002772799693048,0.0012935996055603,0.001326537458226,0.0011073520872741
54,0.0,0.0,0.0,0.0,0.0,0.0,0.0,0.0,0.0,0.0,0.0,0.0,0.0,0.0,0.0,0.0,0.0,0.0,0.0,0.0,0.0,0.0,0.0,0.0,0.0,0.0,0.0,0.0,0.0,0.0,0.0,0.0,0.0,0.0,0.0,0.0,0.0,0.0,0.0,0.0,0.0,0.0,0.0,0.0,0.0,0.0,0.0,0.0,0.0,0.0,0.00909091,0.009345794,0.009803923,0.00990099,0.010526316,0.009523811,0.009803922,0.010101011,0.01,0.010638298,0.01010101,0.01010101,0.010309279,0.010204082,0.010869565,0.010526316,0.010309279,0.010526316,0.010638298,0.011494253,0.010752688,0.010638298,0.011235955,0.011627907,0.008928572,,0.003582278,0.0025023965,0.010869565,0.012500001,0.007575758,0.00207366,0.009803923,0.011235955,0.012658228,0.0010258957,0.009277477,0.010309279,0.011235955,0.012820514,0.00909091,0.009523811,0.010309279,0.011235955,0.012987013,0.00909091,0.009433962,0.010309279,0.011363637,0.014084509,0.052631583,,,0.0010260241106152,0.0018796991789713,,,,0.0017038403311744,0.0008583916,0.0038910503499209,0.0042464724,0.002113361377269,0.0028320588171482,0.0032265344634652,0.0019791573,0.0011083248537033,0.0017288278322666,0.0012881044531241,0.001441665692254901,0.0012806048616766,0.0011420171940699,0.0010716586839407,0.0020698281005024,0.0011760249035432
55,0.0,0.0,0.0,0.0,0.0,0.0,0.0,0.0,0.0,0.0,0.0,0.0,0.0,0.0,0.0,0.0,0.0,0.0,0.0,0.0,0.0,0.0,0.0,0.0,0.0,0.0,0.0,0.0,0.0,0.0,0.0,0.0,0.0,0.0,0.0,0.0,0.0,0.0,0.0,0.0,0.0,0.0,0.0,0.0,0.0,0.0,0.0,0.0,0.0,0.0,0.008547009,0.00862069,0.008547009,0.008583849,0.00877193,0.009433962,0.0091743115,0.008695653,0.008474576,0.008474576,0.010416667,0.009708738,0.0088495575,0.008333334,0.008130082,0.014492754,0.00990099,0.008474576,0.007547277,0.0072992705,0.0113651045,0.008695652,0.005988024,0.0025974025,0.0,,0.003637252,0.0041062823,0.010416667,0.011494253,0.003211022,0.0017919887,0.009900991,0.010869565,0.011601176,0.009523811,0.009803922,0.010309279,0.010869565,0.011363637,0.010309279,0.010230381,0.01010101,0.010526317,0.011111111,0.010416667,0.00990099,0.009823336,0.010204081,0.012500001,,,,,0.0023419202771037,0.008196722,,0.0014306152006611,0.0013352741952985,0.0012468098,0.0028089887928217,0.0033898305,0.0012910964433103,0.0044643860310316,0.0015118522569537,0.0021152191,0.0015645492821931,0.0010996580822393,0.0010570501908659,0.010069506242871284,0.0017283484339714,0.0010429192334413,0.0009420010610483,0.0008902200497686,0.0010169475572183
56,0.0,0.0,0.0,0.0,0.0,0.0,0.0,0.0,0.0,0.0,0.0,0.0,0.0,0.0,0.0,0.0,0.0,0.0,0.0,0.0,0.0,0.0,0.0,0.0,0.0,0.009615386,0.009803922,0.009803922,0.009615385,0.009803922,0.010309279,0.010309279,0.01010101,0.009708738,0.009708738,0.0121951215,0.011494253,0.010869565,0.00990099,0.009345794,0.01724138,0.012987013,0.010526316,0.008928572,0.008928572,0.011904762,0.008403362,0.0076335883,0.007874016,0.008264462,0.00900901,0.01010101,0.011111112,0.012048195,0.013157896,0.010416668,0.010811127,0.011494254,0.012048194,0.012820514,0.010869565,0.011111112,0.011363637,0.011764706,0.012500001,0.011111112,0.010989012,0.011111112,0.011494253,0.012500001,0.010752688,0.010869565,0.011111111,0.010989012,0.012048195,,0.0022493773,0.0036030107,0.0013163706,0.011295819,0.0028025066,0.0036445842,0.0013163944,0.011002579,0.012987013,0.0022689896,0.0014518447,0.00990099,0.011111112,0.012500001,0.0018161472,0.009708738,0.0091743115,0.010752688,0.0125,0.008416957,0.009174312,0.009259259,0.010113894,0.0012535615,,0.004385965,,0.0031347963958978,,,,,0.002386700361967,0.0011052407,0.0039902748540043,0.002869688,0.0050777597352862,0.0021864669397473,0.0010151541791856,0.001788554,0.0014075823128223,0.0010443043429404,0.0032786086667329,0.0015688127605244517,0.0010897568427026,0.0014689546078443,0.0009132439736276,0.0013661582488566,0.0013813456753268
57,0.0,0.0,0.0,0.0,0.0,0.0,0.0,0.0,0.0,0.0,0.0,0.0,0.0,0.0,0.0,0.0,0.0,0.0,0.0,0.0,0.0,0.0,0.0,0.0,0.0,0.0,0.0,0.0,0.0,0.0,0.0,0.0,0.0,0.0,0.0,0.0,0.0,0.0,0.0,0.0,0.0,0.0,0.0,0.0,0.0,0.0,0.0,0.0,0.0,0.0,0.009615385,0.01010101,0.010416667,0.010526317,0.010989012,0.010416667,0.0106382985,0.010989012,0.010752688,0.011070412,0.011111111,0.011363637,0.011407176,0.010869565,0.011235955,0.0121951215,0.011764707,0.011363637,0.010989012,0.011904762,0.011494253,0.011627907,0.0125,0.009803922,,,0.0020078055,0.002827561,0.011904763,0.013157896,0.0030359435,0.0021880863,0.010869565,0.012048195,0.012987013,0.0012904269,0.010204081,0.010989012,0.011904763,0.012820514,0.01,0.010416667,0.011235955,0.011764707,0.013698632,0.01,0.010989011,0.011601176,0.012500001,0.015873017,,,,,0.0010541452793404,0.002994012,0.0036764708,,0.001897188834846,0.0009953046,0.004291845485568,0.003448276,0.0012205998646095,0.0021268394775688,0.0015416975365951,0.0028052726,0.0010685349116101,0.0014143752632662,0.0010747230844572,0.0012299444060772657,0.0024892471265047,0.0015845091547816,0.0019300914136692,0.0013359240256249,0.0011058460222557
58,0.0,0.0,0.0,0.0,0.0,0.0,0.0,0.0,0.0,0.0,0.0,0.0,0.0,0.0,0.0,0.0,0.0,0.0,0.0,0.0,0.0,0.0,0.0,0.0,0.0,0.008130082,0.008264462,0.007874016,0.006578948,0.0,,,,0.0,0.0,0.0,0.0,0.0,0.0,0.0,0.0,0.0,0.0,0.0,0.0,0.0,0.0,0.0,0.0,0.0,0.00909091,0.01,0.010752688,0.011363637,0.012048195,0.01010101,0.010638298,0.011111112,0.011363637,0.011904763,0.010989011,0.011111111,0.011363637,0.011627908,0.011363637,0.012048194,0.011764706,0.011627907,0.011494253,0.0121951215,0.014084508,0.011764706,0.011235955,0.013157896,0.0074074073,,0.0041841003,0.0034124614,0.001726638,0.015625,0.0016573392,0.001484781,0.0020288501,0.008517833,0.016129032,0.001453942,0.0011417872,0.0014245989,0.00886076,0.008861656,0.0013152858,0.010425804,0.0090881195,0.01111878,0.014546037,0.009900991,0.01010101,0.010526317,0.011627908,0.0122704,0.04,0.03846154,0.0833333358168602,0.000601322914008,0.0008877264335751,0.071428575,,,0.0006836870452389,0.0018084331,0.0054644807241857,0.0006257217,0.0027026492170989,0.0011527142487466,0.0016549362335354,0.0025412724,0.0011985872406512,0.0011904028942808,0.0015796100487932,0.00118630554061383,0.0021196994930505,0.0009467068011872,0.001490713446401,0.0011507394956424,0.0010714278323575
59,0.0,0.0,0.0,0.0,0.0,0.0,0.0,0.0,0.0,0.0,0.0,0.0,0.0,0.0,0.0,0.0,0.0,0.0,0.0,0.0,0.0,0.0,0.0,0.0,0.0,0.009433962,0.009803922,0.01,0.009433962,0.00862069,0.010638298,0.010989011,0.010638298,0.009615385,0.008547009,0.012658228,0.011904762,0.010989011,0.009708738,0.008064516,0.013513514,0.012658228,0.011904762,0.009708738,0.0,0.0,0.0,0.0,0.0,0.0,0.008620691,0.009724602,0.010989011,0.011904763,0.012987013,0.009803923,0.010526317,0.011363637,0.012048194,0.013157896,0.0106382985,0.011111111,0.011627907,0.0121951215,0.013157896,0.011494253,0.011627908,0.011904762,0.012658228,0.013333333,0.0121951215,0.011764706,0.012658228,0.013157896,0.015384616,,0.0017574693,0.0013228101,0.0014385415,0.012910798,0.0014998314,0.0036462578,0.0020619184,0.011904762,0.014084508,0.0019548046,0.0056274566,0.0076488927,0.0115053905,0.013513515,0.0031783704,0.008475774,0.010204081,0.011235955,0.009523809,0.0097206365,0.009016949,0.009708738,0.011363637,0.013157896,,,,,0.002026617527008,,,,0.0044846665114164,0.0014845483,,0.002997225,0.0024559693410992,0.001324797514826,0.0015919805737212,0.0010864476,0.0015832172939553,0.0010337454732507,0.0013737991685047,0.0017963225254788995,0.0015049510402604,0.0016241669654846,0.0009601029451005,0.0009505416965112,0.0014626989141106
60,0.0,0.0,0.0,0.0,0.0,0.0,0.0,0.0,0.0,0.0,0.0,0.0,0.0,0.0,0.0,0.0,0.0,0.0,0.0,0.0,0.0,0.0,0.0,0.0,0.0,0.008547009,0.0091743115,0.0,0.0,0.0,0.0,0.0,0.0,0.0,0.0,0.0,0.0,0.0,0.0,0.0,0.0,0.0,0.0,0.0,0.0,0.0,0.0,0.0,0.0,0.0,0.009708738,0.010000001,0.010526317,0.010989011,0.011764707,0.010000001,0.010416667,0.010869565,0.011235955,0.011904763,0.010526316,0.010752688,0.011235955,0.011494253,0.012345679,0.010752688,0.010869565,0.011764707,0.012048195,0.013333333,0.010752688,0.011904762,0.013698631,0.014705883,0.015151516,,0.0039381916,0.0013163487,0.0015693692,0.012820514,0.0016116354,0.0011093594,0.0015506033,0.011494254,0.012658229,0.0007621527,0.0017790553,0.010211596,0.011363637,0.0125,0.009361353,0.009708738,0.010204081,0.011235955,0.0125,0.009433962,0.009615385,0.010416667,0.011363637,0.014084509,,,0.0014347202377393,0.0043116267770528,0.0024879050906747,,0.071428575,0.0013106160331517,,0.0025404922,0.0026553058996796,0.0029585802,0.0019983700476586,0.0019948412664234,0.0012618703767657,0.0011276713,0.0015648605767637,0.001981733366847,0.0016458444297313,0.0028764510061591864,0.0018085989868268,0.0010067105758935,0.0024153746198862,0.0013667250750586,0.0017078930977731
61,0.0,0.0,0.0,0.0,0.0,0.0,0.0,0.0,0.0,0.0,0.0,0.0,0.0,0.0,0.0,0.0,0.0,0.0,0.0,0.0,0.0,0.0,0.0,0.0,0.0,0.0,0.0,0.0,0.0,0.0,0.0,0.0,0.0,0.0,0.0,0.0,0.0,0.0,0.0,0.0,0.0,0.0,0.0,0.0,0.0,0.0,0.0,0.0,0.0,0.0,0.009910892,0.00990099,0.010204081,0.010526316,0.010989012,0.010352234,0.010416667,0.010526317,0.0106382985,0.010989012,0.011111111,0.010989011,0.010752688,0.0106382985,0.010989012,0.011764706,0.011235955,0.010752688,0.0106382985,0.011494253,0.012048194,0.011111111,0.010869565,0.011363637,0.013157896,,0.0020533882,0.0022597774,0.0015961365,0.012658228,0.0012195122,0.0016446188,0.0022132772,0.011363637,0.012500001,0.001260305,0.0011645624,0.009217514,0.011235955,0.0121951215,0.010638298,0.00824428,0.010416667,0.010752688,0.011494253,0.0106382985,0.010204082,0.010145184,0.010309279,0.011904763,0.005524862,,0.1666666716337204,,0.0026858909986913,0.07433555,,0.003745318390429,0.0029918074142187,0.0019019374,,0.002395378,0.0016065123490989,0.0015769337769597,0.0010906105162575,0.0019149556,0.0010989754227921,0.0013632547343149,0.0012623561779037,0.0014472297625616193,0.0017301039770245,0.0020409154240041,0.0009427180630154,0.000708348234184,0.0009749915916472
62,0.0,0.0,0.0,0.0,0.0,0.0,0.0,0.0,0.0,0.0,0.0,0.0,0.0,0.0,0.0,0.0,0.0,0.0,0.0,0.0,0.0,0.0,0.0,0.0,0.0,0.011111111,0.011111111,0.01010101,0.0076335883,0.005988024,0.01388889,0.014084508,0.011904762,0.0,0.0,0.0,0.0,0.0,0.0,0.0,0.0,0.0,0.0,0.0,0.0,0.0,0.0,0.0,0.0,0.0,0.010204082,0.011235955,0.012500001,0.013513515,0.014705883,0.010869565,0.011764707,0.012658229,0.013333334,0.014705884,0.011494253,0.012048195,0.012658229,0.013513515,0.014925375,0.011904762,0.0121951215,0.012658229,0.014084509,0.015384617,0.011627907,0.011904762,0.012820513,0.013888891,0.015384616,,0.002286632,0.002709258,0.0010027008,0.011329661,0.0016706702,0.0025119358,0.0012446365,0.009784738,0.014529242,0.003508443,0.0016024266,0.0011033331,0.013333334,0.015384617,0.0011026068,0.010752688,0.011764706,0.013333334,0.015384617,0.010000001,0.010416668,0.011363637,0.012685277,0.016666668,,,,0.0006071788957342,0.0060240970924496,,,0.0030030030757188,0.0029774829745292,0.0015362148,,0.006535948,0.0020610329229384,0.0012468964559957,0.0008201336022466,0.0023499099,0.0013208966702222,0.0015882469015195,0.0011881121899932,0.0016217612428590655,0.0018710870062932,0.0021823174320161,0.0024038462433964,0.0012194720329716,0.0012336130021139
63,0.0,0.0,0.0,0.0,0.0,0.0,0.0,0.0,0.0,0.0,0.0,0.0,0.0,0.0,0.0,0.0,0.0,0.0,0.0,0.0,0.0,0.0,0.0,0.0,0.0,0.0,0.0,0.0,0.0,0.0,0.0,0.0,0.0,0.0,0.0,0.0,0.0,0.0,0.0,0.0,0.0,0.0,0.0,0.0,0.0,0.0,0.0,0.0,0.0,0.0,0.00854701,0.008695652,0.008928573,0.009523811,0.010101011,0.00909091,0.0091743115,0.00925926,0.009615386,0.010101011,0.009615386,0.009523811,0.009433962,0.009615386,0.010204082,0.010309279,0.009803922,0.00952381,0.009708738,0.0106382985,0.010638298,0.009803922,0.009615385,0.010563645,0.01,0.003039514,0.0006119951,0.0015306161,0.001999847,0.012048194,0.0018680757,0.0021814276,0.0008162854,0.010422437,0.011764706,0.0011603234,0.003016644,0.007848511,0.010416667,0.011363637,0.008409786,0.009259259,0.009523811,0.01010101,0.011407176,0.009433962,0.009259259,0.009259259,0.009831657,0.011070412,,,,,0.0040983608923852,0.008474576,,,0.0054284031502902,0.0012688179,0.0050761420279741,,0.0018689543940126,0.001164156710729,0.0027360140811651,0.0011987266,0.0009118528687395,0.0013068513944745,0.0020298494491726,0.0009855648968368769,0.0022302297875285,0.0010322475573047,0.0015259891515597,0.00147481856402,0.0015856983372941
64,0.0,0.0,0.0,0.0,0.0,0.0,0.0,0.0,0.0,0.0,0.0,0.0,0.0,0.0,0.0,0.0,0.0,0.0,0.0,0.0,0.0,0.0,0.0,0.0,0.0,0.0077519375,0.0076335883,0.0075187967,0.0070921993,0.0066666664,0.010752688,0.009615385,0.008474576,0.0071428567,0.00625,,,0.00952381,0.0070921993,0.0057471264,0.0,0.0,0.0,0.0,0.0,0.0,0.0,0.0,0.0,0.0,0.009288104,0.00990099,0.010416667,0.010989012,0.011627908,0.010204082,0.010489767,0.0106382985,0.010869565,0.011363637,0.010989011,0.010869565,0.010752688,0.010989012,0.011111112,0.011764706,0.011363637,0.010869565,0.010989012,0.011235955,0.013333333,0.011494253,0.010526317,0.010714559,0.012048195,,0.001203947,0.0027935803,0.0081912065,0.013513515,0.0006341154,0.0012294641,0.007158275,0.012048195,0.013333333,0.0013172702,0.008848052,0.011111111,0.011904763,0.013333333,0.009756765,0.011006455,0.011235955,0.011904763,0.011494253,0.0112936385,0.010989012,0.010416667,0.010657363,0.0121951215,0.045454547,,,0.0033895003143697,0.0015172113198786,,0.004761905,0.001371742109768,0.000649866182357,0.0012720549,,0.0033670033,0.0035028052516281,0.0008460914250463,0.0014340361813083,0.00092219113,0.0025143483653664,0.0016224047867581,0.0031653058249503,0.0014383483212441206,0.0014603679301217,0.0011992006329819,0.0020860952790826,0.0012804889120161,0.001579760457389
65,0.0,0.0,0.0,0.0,0.0,0.0,0.0,0.0,0.0,0.0,0.0,0.0,0.0,0.0,0.0,0.0,0.0,0.0,0.0,0.0,0.0,0.0,0.0,0.0,0.0,0.008403362,0.008130082,0.0075187967,0.0068493155,0.00625,0.009345794,0.008695652,0.0074074073,0.0054644807,0.002688172,0.0121951215,,0.0,0.0,0.0,0.0,0.0,0.0,0.0,0.0,0.0,0.0,0.0,0.0,0.0,0.008255995,0.009259259,0.01010101,0.010869565,0.011494253,0.009523811,0.009929279,0.010416667,0.010869565,0.011363637,0.010204081,0.010309279,0.010526316,0.010752688,0.011363637,0.0106382985,0.010526316,0.010526316,0.0106382985,0.011494253,0.010752688,0.010416667,0.010638298,0.010869565,0.013333334,,0.0028587664,0.0019212536,0.001233862,0.010666667,,0.0026891723,0.001482064,0.010764991,0.012658228,0.0025696822,0.006374764,0.009433962,0.010752688,0.012069184,0.0046347925,0.0091743115,0.00952381,0.010309279,0.011904763,0.00925926,0.00909091,0.009452105,0.010204081,0.011235955,0.012048194,0.005988024,,0.0068027209490537,0.002053391886875,,,,0.0015990525716915,0.0025569838,,0.0024752475,0.0035369186662137,0.0009941144380718,0.0009343149722553,0.0011445495,0.0014090727781876,0.0016025505028665,0.0013761195586994,0.0013404825003817677,0.0024801390245556,0.0037197233177721,0.0016843603225424,0.0010038445470854,0.0015743557596579
66,0.0,0.0,0.0,0.0,0.0,0.0,0.0,0.0,0.0,0.0,0.0,0.0,0.0,0.0,0.0,0.0,0.0,0.0,0.0,0.0,0.0,0.0,0.0,0.0,0.0,0.0,0.0,0.0,0.0,0.0,0.0,0.0,0.0,0.0,0.0,0.0,0.0,0.0,0.0,0.0,0.0,0.0,0.0,0.0,0.0,0.0,0.0,0.0,0.0,0.0,0.01,0.009868635,0.010204081,0.0106382985,0.011235955,0.009708738,0.010050505,0.010309279,0.0106382985,0.011235955,0.01010101,0.010204082,0.010416667,0.010526317,0.011494253,0.010752688,0.010416667,0.010752688,0.011111112,0.0125,0.011299796,0.010989011,0.0121951215,0.012820513,0.012987013,,0.0022099966,0.0024079084,0.010989012,0.012658228,0.004347826,0.0012565481,0.0013835027,0.011235955,0.012531646,0.0006927555,0.0030965428,0.010204081,0.011363637,0.012658229,0.0091743115,0.009433962,0.010204082,0.011235955,0.012658229,0.009345794,0.009433962,0.01010101,0.011235955,0.014151576,,,,0.0029498524963855,0.0022374687250703,0.037037037,0.0033783785,,0.001870296197012,0.00085001305,,0.0042933333,0.0007671217899769,0.001085989177227,0.0029522133991122,0.0021610803,0.0015435641398653,0.0021733518224209,0.0016496805474162,0.0025026334915310144,0.000851598510053,0.0012072601821273,0.0011033279588446,0.0008521099807694,0.0012092795222997
67,0.0,0.0,0.0,0.0,0.0,0.0,0.0,0.0,0.0,0.0,0.0,0.0,0.0,0.0,0.0,0.0,0.0,0.0,0.0,0.0,0.0,0.0,0.0,0.0,0.0,0.0,0.0,0.0,0.0,0.0,0.0,0.0,0.0,0.0,0.0,0.0,0.0,0.0,0.0,0.0,0.0,0.0,0.0,0.0,0.0,0.0,0.0,0.0,0.0,0.0,0.01,0.010101011,0.010416667,0.010752688,0.011363637,0.010416667,0.010526316,0.0106382985,0.010752688,0.011363637,0.010989011,0.010989011,0.010752688,0.0106382985,0.011904763,0.011627907,0.011111111,0.010752688,0.010869565,0.012820514,0.011764706,0.010869565,0.0106382985,0.013698631,,,0.000621118,0.0020048975,0.0012583209,0.010543744,0.0028406244,0.0014066141,0.0019266288,0.012195122,0.012820514,0.004738078,0.0019972518,0.010489511,0.011904763,0.012345679,0.0013588254,0.0074853967,0.011445272,0.011764707,0.0125,0.011111112,0.008732632,0.0106382985,0.011111112,0.014285713,,,,0.0022371364757418,0.0032399524934589,,,0.002724795602262,0.0014001339441165,0.0019219238,0.0029498524963855,0.005509684,0.0021158505696803,0.0017045564018189,0.0034307735040783,0.0014464748,0.0014149812050163,0.0020202572923153,0.0033372195903211,0.0016481479397043586,0.001255435985513,0.0012653163867071,0.0009504483896307,0.0012577601009979,0.0014826696133241
68,0.0,0.0,0.0,0.0,0.0,0.0,0.0,0.0,0.0,0.0,0.0,0.0,0.0,0.0,0.0,0.0,0.0,0.0,0.0,0.0,0.0,0.0,0.0,0.0,0.0,0.0,0.0,0.0,0.0,0.0,0.0,0.0,0.0,0.0,0.0,0.0,0.0,0.0,0.0,0.0,0.0,0.0,0.0,0.0,0.0,0.0,0.0,0.0,0.0,0.0,0.0088495575,0.0091743115,0.009523811,0.010204082,0.010869565,0.009708738,0.009772195,0.00990099,0.010416667,0.010989011,0.010638298,0.010416667,0.010204081,0.010416667,0.011235955,0.011764706,0.011494253,0.010416667,0.010929288,0.012658228,0.014705883,0.014084508,0.010204081,0.013698631,0.0,,0.0041586813,0.004068322,0.0020780026,0.011764707,0.0015018884,0.001548451,0.004065487,0.0106382985,0.011904763,0.002804329,0.0011920203,0.009803922,0.010869565,0.01184874,0.00971667,0.009803922,0.010000001,0.0106382985,0.011904762,0.00998264,0.010115734,0.009803923,0.010489767,0.013954096,0.09090909,0.058823533,0.0370370373129844,0.125,0.0043478258885443,0.052631583,0.07692308,,0.0015154214343056,0.00091455696,0.0005963029107078,0.0008723659,0.0021022597793489,0.0034679200034588,0.0016163170803338,0.0020737601,0.001278988784179,0.0016247186576947,0.0011934387730434,0.0014360696077346802,0.0031109636183828,0.0027100215665996,0.0008770358981564,0.0015235597966238,0.0011923476122319
69,0.0,0.0,0.0,0.0,0.0,0.0,0.0,0.0,0.0,0.0,0.0,0.0,0.0,0.0,0.0,0.0,0.0,0.0,0.0,0.0,0.0,0.0,0.0,0.0,0.0,0.011235955,0.011764706,0.011494253,0.009259259,0.007874016,0.013423423,0.01388889,0.011904762,0.008130082,0.005050505,,0.016666668,0.011363637,0.0,0.0,0.013333333,,0.0,0.0,0.0,0.0,0.0,0.0,0.0,0.0,0.009529916,0.010752688,0.0121951215,0.013333334,0.014492754,0.010416668,0.011235955,0.012345679,0.013393394,0.013698632,0.010752688,0.011363637,0.012345679,0.013333334,0.014285713,0.011111112,0.011363637,0.0121951215,0.013157896,0.015384617,0.011494253,0.011494253,0.012048194,0.016949153,0.01724138,,0.0037883758,0.0016663265,0.0012124435,0.015625,0.0019409766,0.0010577027,0.0016194623,0.0010784072,0.011749508,0.0019900936,0.0021822322,0.0014299671,0.009727632,0.015625,0.0013528594,0.001309447,0.008210412,0.008821274,0.00119464,0.0019344598,0.0008485735,0.010327178,0.001082293,0.0014215881,,0.045454547,0.050000000745058,,,0.04347826,0.1,,0.0021167313680052,0.0015794135,,0.002758165,0.003006991231814,0.0023212395608425,0.0012677655322477,0.002385333,0.0011106325546279,0.0023296161089092,0.0010735677788034,0.002138871233910322,0.0024864233564585,0.0021940737497061,0.0011770223500207,0.0010174054186791,0.0014481348916888
70,0.0,0.0,0.0,0.0,0.0,0.0,0.0,0.0,0.0,0.0,0.0,0.0,0.0,0.0,0.0,0.0,0.0,0.0,0.0,0.0,0.0,0.0,0.0,0.0,0.0,0.0,0.0,0.0,0.0,0.0,0.0,0.0,0.0,0.0,0.0,0.0,0.0,0.0,0.0,0.0,0.0,0.0,0.0,0.0,0.0,0.0,0.0,0.0,0.0,0.0,0.008695653,0.00900901,0.009345794,0.009615386,0.01,0.009615385,0.009708738,0.009803923,0.00990099,0.010152546,0.010638298,0.010416667,0.010204081,0.01010101,0.010309279,0.011764706,0.010989011,0.010526316,0.010204081,0.010989011,0.014492754,0.011764706,0.010526316,0.01010101,,,0.0006131208,0.0010026194,0.000979115,0.011764707,0.0012906559,0.0039946926,0.0019337855,0.010869565,0.0117927175,0.0013174189,0.0015554033,0.010204082,0.010989012,0.011627907,0.009817789,0.01010101,0.010309279,0.010526317,0.011235955,0.008854168,0.00990099,0.009803923,0.010416667,0.013333334,,,,,0.0036935366224497,,,0.0028818442951887,0.0016829129308462,0.0030695042,,0.0015782791,0.0017150727799162,0.0013686469756066,0.0019678650423884,0.0026646794,0.0009752545156516,0.0023480681702494,0.0012444780441001,0.001385993673466146,0.0013773462269455,0.0012638939078897,0.001002239761874,0.0009618328185752,0.0012024259194731
71,0.0,0.0,0.0,0.0,0.0,0.0,0.0,0.0,0.0,0.0,0.0,0.0,0.0,0.0,0.0,0.0,0.0,0.0,0.0,0.0,0.0,0.0,0.0,0.0,0.0,0.007936508,0.0076335883,0.00671141,0.0048309183,0.0,0.00990099,0.0074626873,0.0034965037,0.0,0.0,0.0091743115,0.0,0.0,0.0,0.0,0.0,0.0,0.0,0.0,0.0,0.0,0.0,0.0,0.0,0.0,0.00900901,0.010000001,0.010989012,0.011764707,0.012500001,0.009732534,0.010309279,0.010989011,0.011627908,0.012500001,0.01,0.010309279,0.010869565,0.011450714,0.012658229,0.010020203,0.010204081,0.010752688,0.011363637,0.013698631,0.009780126,0.010309279,0.011363637,0.013157896,0.016393444,,0.00227022,0.0037997228,0.0016609674,0.012014228,0.00243309,0.0024621605,0.0012923944,0.012058689,0.014285714,0.0039702626,0.004020844,0.00892417,0.011764707,0.01388889,0.0017027886,0.009530854,0.010204082,0.011764707,0.012820514,0.0091743115,0.009259259,0.009716059,0.010739978,0.01388889,0.03448276,0.05555556,,,0.0010834233835339,,,,0.0016736721154302,0.001746373,,,0.0031438884325325,0.0015314682386815,0.0012932566460222,0.00095784647,0.0017853486351668,0.001531517598778,0.0056321267038583,0.001052559819072485,0.0010423354106023,0.0017222990281879,0.0010499667841941,0.001258892356418,0.0015087253414094
72,0.0,0.0,0.0,0.0,0.0,0.0,0.0,0.0,0.0,0.0,0.0,0.0,0.0,0.0,0.0,0.0,0.0,0.0,0.0,0.0,0.0,0.0,0.0,0.0,0.0,0.008333334,0.008264462,0.0,0.0,0.0,,0.0,0.0,0.0,0.0,0.0,0.0,0.0,0.0,0.0,0.0,0.0,0.0,0.0,0.0,0.0,0.0,0.0,0.0,0.0,0.00952381,0.010434942,0.011396291,0.012048195,0.012552744,0.01010101,0.010869565,0.011627908,0.011764707,0.012500001,0.010638298,0.011111111,0.011764707,0.011904763,0.013157896,0.011299796,0.011428945,0.011904763,0.012658229,0.014492754,0.011363637,0.011235955,0.013698631,0.015625,0.016129032,0.0021551724,0.0033003301,0.0017044344,0.00095208763,0.013647931,0.0012770718,0.0011293134,0.0022398382,0.012987013,0.014925375,0.0019840333,0.002190968,0.011111112,0.012987013,0.014337474,0.00181506,0.0074999994,0.011111112,0.013333333,0.013698631,0.009708739,0.009708738,0.010869566,0.011904763,0.016129032,,,,,0.000755782937631,,0.0022271716,0.0039351852610707,0.0057142856530845,0.0026268149,,0.0020059717,0.0027987379580736,0.0021842785645276,0.0018359918612986,0.0012958837,0.0011368046980351,0.0022051462437957,0.0014257312286645,0.0020012538880109787,0.001113511272706,0.0019915443845093,0.0014659865992143,0.0014683743938803,0.0018080290174111
73,0.0,0.0,0.0,0.0,0.0,0.0,0.0,0.0,0.0,0.0,0.0,0.0,0.0,0.0,0.0,0.0,0.0,0.0,0.0,0.0,0.0,0.0,0.0,0.0,0.0,0.008695652,0.008196722,0.006756757,0.0,0.0,0.010752688,0.011764706,,0.0,0.0,,0.0,0.0,0.0,0.0,0.0,0.0,0.0,0.0,0.0,0.0,0.0,0.0,0.0,0.0,0.009615386,0.010416668,0.011363637,0.011764706,0.010101307,0.010526317,0.011111112,0.011696307,0.011627908,0.011904763,0.011363637,0.011527666,0.011627908,0.011363637,0.012048195,0.012048194,0.011764706,0.011235955,0.010989012,0.013333334,0.011764706,0.011050061,0.011111112,0.014492754,,,0.0038846303,0.002634222,0.0013478178,0.014705884,0.0022393696,0.0015845866,0.0010444705,0.012658228,0.014084509,0.0032207044,0.0012656398,0.008028139,0.012324172,0.013513514,0.0017703496,0.00831117,0.010989012,0.011764707,0.012345679,0.010519006,0.00754782,0.010204081,0.010869565,0.014285713,,,,,0.000747904763557,,,0.0075757578015327,0.0017786903772503,0.0012891877,,,0.0022728608455508,0.0013907758984714,0.0020115082152187,0.0017668122,0.0027958585415035,0.0009973497362807,0.0012694321339949,0.0025671811308711767,0.0020315877627581,0.00243447185494,0.001228749169968,0.0011482452973723,0.0015754732303321
74,0.0,0.0,0.0,0.0,0.0,0.0,0.0,0.0,0.0,0.0,0.0,0.0,0.0,0.0,0.0,0.0,0.0,0.0,0.0,0.0,0.0,0.0,0.0,0.0,0.0,0.0,0.0,0.0,0.0,0.0,0.0,0.0,0.0,0.0,0.0,0.0,0.0,0.0,0.0,0.0,0.0,0.0,0.0,0.0,0.0,0.0,0.0,0.0,0.0,0.0,0.009693179,0.010309279,0.010989011,0.011494253,0.0121951215,0.010204082,0.010638298,0.010989011,0.011299796,0.011904762,0.010752688,0.010869565,0.010989011,0.011111111,0.011904762,0.011363637,0.010929288,0.010752688,0.011235955,0.0125,0.011627907,0.010638298,0.011363637,0.012345679,0.014925375,,0.0025062656,0.0028399036,0.0010201682,0.015384617,0.0041152267,0.002161681,0.0014566075,0.012820513,0.014492754,0.0013805651,0.0071904585,0.010989012,0.01234568,0.014492753,0.009529915,0.01,0.010638298,0.012345679,0.012987013,0.007492759,0.009478886,0.010526316,0.011627908,0.014705883,,,,,0.0008938377723097,,,,0.0043777003884315,0.001303805,,0.005292559,0.0022722494322806,0.0030638463795185,0.0014635899569839,0.0013853323,0.0010773206595331,0.0017117472598329,0.0016138583887368,0.0016008112579584122,0.0012986785732209,0.0012210606364533,0.0009995885193347,0.0009661784861236,0.001404074137099
75,0.0,0.0,0.0,0.0,0.0,0.0,0.0,0.0,0.0,0.0,0.0,0.0,0.0,0.0,0.0,0.0,0.0,0.0,0.0,0.0,0.0,0.0,0.0,0.0,0.0,0.0,0.0,0.0,0.0,0.0,0.0,0.0,0.0,0.0,0.0,0.0,0.0,0.0,0.0,0.0,0.0,0.0,0.0,0.0,0.0,0.0,0.0,0.0,0.0,0.0,0.0012074457,0.008474576,0.008928572,0.00900901,0.00952381,0.008695652,0.00900901,0.00909091,0.00900901,0.009615385,0.009433962,0.009345794,0.009259259,0.009090909,0.01,0.01010101,0.00952381,0.009433962,0.009259259,0.010869565,0.010309279,0.00990099,0.00990099,0.0,0.0,,0.0037301015,0.001287809,0.001460069,0.012681713,0.0021208932,0.0020295032,0.0013803189,0.011001222,0.012048194,0.0049935,0.0023145578,0.0018465336,0.010638298,0.011627908,0.0015701901,0.00918038,0.009478887,0.01,0.011111112,0.009132611,0.008928572,0.009165972,0.00990099,0.0135752205,,,,,0.0024516431149095,,,,0.0031431335955858,0.0010747544,,,0.0021198652684688,0.0016285644378513,0.0016544904792681,0.0024613508,0.0012018692214041,0.001904270495288,0.0013406537473201,0.0014344031224027276,0.0012868265621364,0.0012736261123791,0.0011264304630458,0.0012419283157214,0.0009338110685348
76,0.0,0.0,0.0,0.0,0.0,0.0,0.0,0.0,0.0,0.0,0.0,0.0,0.0,0.0,0.0,0.0,0.0,0.0,0.0,0.0,0.0,0.0,0.0,0.0,0.0,0.007692308,0.0072728237,0.007246377,0.0070921993,0.0064725596,0.01,0.008695652,0.006944445,0.00625,0.005076142,,0.0,0.0072992705,0.0,0.0,0.0,0.0,0.0,0.0,0.0,0.0,0.0,0.0,0.0,0.0,0.009433962,0.00990099,0.010309279,0.010989012,0.011764706,0.010204081,0.010526317,0.0106382985,0.011235955,0.011976479,0.010869565,0.010869565,0.010989012,0.011494253,0.0121951215,0.011494253,0.011235955,0.011235955,0.011627907,0.012820513,0.011904762,0.011363637,0.011494253,0.0125,0.014492754,,0.0021379055,0.0031530538,0.0012313196,0.010743242,0.0014983513,0.0016754828,0.002006024,0.010296227,0.013157896,0.0010573857,0.0011638624,0.010481367,0.011904763,0.012820514,0.009585801,0.010320018,0.010752689,0.011627908,0.012698799,0.010309279,0.010115734,0.0106382985,0.011494253,0.014134809,0.045454547,0.052631583,,0.0006598983891308,0.0007071979343891,0.052631583,0.052631583,0.0031446539796888,0.0020528372842818,0.0019893385,0.0027548312209546,0.0017494283,0.0046229641884565,0.0016615076456218,0.001398726250045,0.0024105418,0.0024509816430509,0.0018964045448228,0.0013020095648244,0.0014457395300269127,0.0029084614943712,0.0023799641057848,0.0008926381124183,0.001164813991636,0.0009895473485812
77,0.0,0.0,0.0,0.0,0.0,0.0,0.0,0.0,0.0,0.0,0.0,0.0,0.0,0.0,0.0,0.0,0.0,0.0,0.0,0.0,0.0,0.0,0.0,0.0,0.0,0.007874016,0.0074626873,0.0,0.0,0.0,0.011764706,0.011844687,0.0,0.0,0.0,0.0,0.0,0.0,0.0,0.0,0.0,0.0,0.0,0.0,0.0,0.0,0.0,0.0,0.0,0.0,0.01,0.010204081,0.010416667,0.01010101,0.010416667,0.010752688,0.010752688,0.010526317,0.01,0.010526316,0.011494253,0.011235955,0.010309279,0.00990099,0.011235955,0.012048194,0.011299796,0.010309279,0.010309279,0.0121951215,0.014492754,0.011235955,0.010638298,0.0125,0.014705883,,0.0040046037,0.0026701982,0.002019616,0.014235413,0.0019322092,0.0017259519,0.00085807516,0.007984888,0.013333333,0.002005158,0.0010712045,0.007606011,0.011904763,0.012345679,0.0010035847,0.011235955,0.010847108,0.010989012,0.011363637,0.011072971,0.010989012,0.009708738,0.00990099,0.013157896,,,,0.0015243901871144,0.0014365707756951,,,,0.0009996730368584,0.0018281976,,,0.0019537562038749,0.0009500846499577,0.0020628033671528,0.0015400798,0.0015497908461838,0.0013803225010633,0.0014965585432946,0.0017003200482577085,0.0018118678126484,0.003401190508157,0.004543415736407,0.0013449053512886,0.0021083150058984
78,0.0,0.0,0.0,0.0,0.0,0.0,0.0,0.0,0.0,0.0,0.0,0.0,0.0,0.0,0.0,0.0,0.0,0.0,0.0,0.0,0.0,0.0,0.0,0.0,0.0,0.0,0.0,0.0,0.0,0.0,0.0,0.0,0.0,0.0,0.0,0.0,0.0,0.0,0.0,0.0,0.0,0.0,0.0,0.0,0.0,0.0,0.0,0.0,0.0,0.0,0.00900901,0.009615386,0.01010101,0.010309279,0.010752688,0.009803923,0.010101011,0.010309279,0.010239147,0.010752688,0.010471491,0.010526316,0.010309279,0.010101011,0.010752688,0.011235955,0.010752688,0.010416667,0.010239147,0.011764706,0.011764706,0.011235955,0.010638298,0.012345679,0.0121951215,,0.0032115947,0.001877436,0.006976995,0.012987014,,0.0016234396,0.0012848796,0.011363638,0.012345679,0.0025581992,0.0068146414,0.010204081,0.010989012,0.012048194,0.009433962,0.009646502,0.00990099,0.0106382985,0.011494253,0.009345794,0.009259259,0.009615385,0.010204081,0.013513514,0.04,,0.0062500000931322,0.0006090134265832,0.0029364731162786,,,,0.0024268373381346,0.0021034584,0.0023546905722469,0.0028389415,0.0030433887150138,0.0015281003434211,0.00210533849895,0.0019234297,0.0009760958491824,0.0011075914371758,0.0018611340783536,0.0029070700984448195,0.0010905761737376,0.0011675066780298,0.0012913672253489,0.0012087282957509,0.0018620124319568
79,0.0,0.0,0.0,0.0,0.0,0.0,0.0,0.0,0.0,0.0,0.0,0.0,0.0,0.0,0.0,0.0,0.0,0.0,0.0,0.0,0.0,0.0,0.0,0.0,0.0,0.0,0.0,0.0,0.0,0.0,0.0,0.0,0.0,0.0,0.0,0.0,0.0,0.0,0.0,0.0,0.0,0.0,0.0,0.0,0.0,0.0,0.0,0.0,0.0,0.0,0.0091743115,0.009433962,0.009708738,0.01,0.010416667,0.00990099,0.01,0.01010101,0.010204081,0.010526316,0.010638298,0.010526316,0.010526316,0.010416667,0.010638298,0.011627907,0.011111111,0.010752688,0.010416667,0.010869565,0.012820513,0.011494253,0.010869565,0.010638298,0.010869565,,0.00264504,0.0027932962,0.010752688,0.011764706,0.0023041475,0.0010496132,0.010204082,0.010869565,0.011764706,0.01004329,0.010101011,0.010416667,0.010869565,0.011764706,0.010204081,0.010204081,0.0106382985,0.011111111,0.0121951215,0.010309279,0.010416667,0.010989012,0.011673508,0.013333334,,,0.0095238098874688,,0.0006983240018598,,,0.0006289308075793,0.0035984893329441,0.0012343473,,0.000976987,0.0013640029355883,0.0014884364791214,0.0016454060096293,0.0013066554,0.0016735614044591,0.0009656361653469,0.0017802976071834,0.011363637633621693,0.0013995348708704,0.0016248028259724,0.0014877126086503,0.0101010110229253,0.0113636367022991
80,0.0,0.0,0.0,0.0,0.0,0.0,0.0,0.0,0.0,0.0,0.0,0.0,0.0,0.0,0.0,0.0,0.0,0.0,0.0,0.0,0.0,0.0,0.0,0.0,0.0,0.0061728396,0.0045662103,0.0,0.0,0.0,0.004901961,0.0,0.0,0.0,0.0,0.0,0.0,0.0,0.0,0.0,0.0,0.0,0.0,0.0,0.0,0.0,0.0,0.0,0.0,0.0,0.008771931,0.01,0.01072981,0.011363637,0.012345679,0.009803923,0.010309279,0.010989012,0.011494253,0.012500001,0.010101011,0.010526316,0.010989012,0.011494253,0.012658229,0.010309279,0.010638298,0.010989011,0.011627908,0.012987013,0.010526316,0.010869565,0.011235955,0.012987013,0.01388889,,0.002564251,0.0035104123,0.0010421622,0.012987013,0.0006178589,0.0015230342,0.0015007865,0.011312565,0.012987013,0.0009442245,0.0015788116,0.00993907,0.011235955,0.012959263,0.007954892,0.0091743115,0.01010101,0.011111112,0.012579114,0.008928572,0.009259259,0.01010101,0.010989012,0.013333334,,,,0.0010243311990052,0.0026653166860342,,,0.0020449897274374,0.0011626514606177,0.0018872311,0.0023584906011819,0.0032051282,0.0028571793809533,0.0014912026235833,0.0020878799259662,0.0016344048,0.0014981921995058,0.0013702708529308,0.002432893961668,0.0016351613448932767,0.0011235093697905,0.0019934996962547,0.0031659295782446,0.0020407559350132,0.0029497281648218
81,0.0,0.0,0.0,0.0,0.0,0.0,0.0,0.0,0.0,0.0,0.0,0.0,0.0,0.0,0.0,0.0,0.0,0.0,0.0,0.0,0.0,0.0,0.0,0.0,0.0,0.0,0.0,0.0,0.0,0.0,0.0,0.0,0.0,0.0,0.0,0.0,0.0,0.0,0.0,0.0,0.0,0.0,0.0,0.0,0.0,0.0,0.0,0.0,0.0,0.0,0.009433962,0.010101011,0.0106382985,0.011111111,0.011627907,0.010101011,0.010489767,0.010752688,0.010989011,0.011363637,0.010526316,0.010752688,0.010811127,0.010989011,0.011904762,0.011494253,0.011363637,0.011494253,0.012048194,0.0066666664,0.012739371,0.011111111,0.007490742,,0.0,,0.0029523578,0.0015478726,0.011627908,0.013698632,0.0011415526,0.0026551783,0.001021818,0.012048195,0.013513514,0.001184835,0.0009973189,0.00968675,0.011764707,0.013157896,0.0074515007,0.01,0.010416667,0.011363637,0.012500001,0.009900991,0.009523811,0.01010101,0.011363637,0.016393444,,,,0.0006112697883509,0.0006580597255378,,0.003533569,,0.0019797394052147,0.004929612,0.0023408043198287,0.0054347827,0.0011643783655017,0.0016399404266849,0.0032511644531041,0.0015381848,0.0008472892222926,0.0027230242267251,0.001965797971934,0.00096963468240574,0.0007710941135883,0.0011745174415409,0.0014997132821008,0.0010343920439481,0.0016462528146803
82,0.0,0.0,0.0,0.0,0.0,0.0,0.0,0.0,0.0,0.0,0.0,0.0,0.0,0.0,0.0,0.0,0.0,0.0,0.0,0.0,0.0,0.0,0.0,0.0,0.0,0.0,0.0,0.0,0.0,0.0,0.0,0.0,0.0,0.0,0.0,0.0,0.0,0.0,0.0,0.0,0.0,0.0,0.0,0.0,0.0,0.0,0.0,0.0,0.0,0.0,0.009523811,0.010101011,0.010526316,0.011235955,0.011904762,0.010204081,0.010526316,0.010752688,0.011363637,0.0121951215,0.011363637,0.011235955,0.011111111,0.011904762,0.0125,0.016666668,0.014705883,0.012048194,0.0121951215,0.012820513,0.01754386,0.017857144,0.012658228,0.013513514,0.014492754,,0.0026205876,0.002757729,0.00097180775,0.0108435,0.0038562054,0.0017684188,0.001653649,0.010265085,0.013204226,0.0014508027,0.0012250572,0.010648149,0.01234568,0.012910798,0.0092875855,0.010204081,0.011111111,0.012704597,0.014705884,0.010309279,0.010309279,0.011494254,0.014285714,0.015625,,,0.0020283975172787,,0.0008084382861852,0.0066225166,,,0.0039869900792837,0.0016406251,0.0006618134211748,,0.0033106037881225,0.002574241021648,0.0017562058055773,0.0015909406,0.0010534251341596,0.001411783741787,0.0012980249011889,0.0013907731045037508,0.0011938893003389,0.001888973172754,0.0011607788037508,0.0009906068444252,0.0012307015713304
83,0.0,0.0,0.0,0.0,0.0,0.0,0.0,0.0,0.0,0.0,0.0,0.0,0.0,0.0,0.0,0.0,0.0,0.0,0.0,0.0,0.0,0.0,0.0,0.0,0.0,0.0,0.0,0.0,0.0,0.0,0.0,0.0,0.0,0.0,0.0,0.0,0.0,0.0,0.0,0.0,0.0,0.0,0.0,0.0,0.0,0.0,0.0,0.0,0.0,0.0,0.00877193,0.009132611,0.009708738,0.010101011,0.010869565,0.0091743115,0.00952381,0.01,0.010204082,0.010989012,0.009662062,0.009803922,0.010239147,0.010416667,0.011235955,0.01,0.010204081,0.010416667,0.0106382985,0.011904762,0.010204081,0.010204081,0.010989011,0.012048194,0.013157896,,0.0024024562,0.000604595,0.010416667,0.011792718,0.0032107192,0.0021116028,0.009179975,0.010416667,0.011627907,0.0020399462,0.008695652,0.009615386,0.010416667,0.011764707,0.0088495575,0.009090909,0.009615386,0.010416667,0.011904763,0.00877193,0.00909091,0.009740466,0.010638298,0.013698632,0.125,0.0040816325,,,0.0033647753298282,0.0027100272,,0.0023809524718672,0.0006527415243908,0.0011775541,0.0041152266785502,0.0066666664,0.0010061811190098,0.001352695049718,0.0032660306897014,0.0013131896,0.001806047046557,0.0022854539565742,0.0010948405833914,0.0017937683733180165,0.0012282133102416,0.0014720004983246,0.0014589180937036,0.0011829220457002,0.0013075333554297
84,0.0,0.0,0.0,0.0,0.0,0.0,0.0,0.0,0.0,0.0,0.0,0.0,0.0,0.0,0.0,0.0,0.0,0.0,0.0,0.0,0.0,0.0,0.0,0.0,0.0,,,,0.0,0.0,,,0.0,0.0,0.0,0.0,0.0,0.0,0.0,0.0,0.0,0.0,0.0,0.0,0.0,0.0,0.0,0.0,0.0,0.0,0.010309279,0.010989012,0.011764706,0.012345679,0.012820514,0.010989012,0.011494253,0.011904763,0.0121951215,0.012820514,0.011494253,0.011764707,0.011764707,0.0121951215,0.013513515,0.012048194,0.011764706,0.012552744,0.013157896,0.016530056,0.011764707,0.012658229,0.016393444,0.01739262,,,0.0020610434,0.0050120954,0.0013833658,0.011734693,0.0030057705,0.00094212015,0.0013400347,0.01234568,0.013698632,0.0013179427,0.002825234,0.011235955,0.0121951215,0.013698632,0.009152558,0.009815638,0.010989012,0.0121951215,0.012987013,0.010287132,0.01010101,0.0106382985,0.011494253,0.018181818,,,,0.0061349691823124,0.0018445341847836,,,,0.0026640370488166,0.0010579505,,,0.001446217065677,0.0039789760485291,0.0013177945511415,0.0009886812,0.0009819216793403,0.0011261680629104,0.0015806963201612,0.0013400078751146793,0.0036031070630997,0.0015450557693839,0.0015942085301503,0.0012571917613968,0.0010385680943727
85,0.0,0.0,0.0,0.0,0.0,0.0,0.0,0.0,0.0,0.0,0.0,0.0,0.0,0.0,0.0,0.0,0.0,0.0,0.0,0.0,0.0,0.0,0.0,0.0,0.0,0.0,0.0,0.0,0.0,0.0,0.0,0.0,0.0,0.0,0.0,0.0,0.0,0.0,0.0,0.0,0.0,0.0,0.0,0.0,0.0,0.0,0.0,0.0,0.0,0.0,0.010101011,0.010526316,0.011050061,0.011363637,0.011494253,0.010752688,0.011235955,0.011627907,0.011764706,0.011627907,0.011904762,0.012048194,0.012345679,0.0121951215,0.011764706,0.015625,0.013333333,0.012987013,0.012658228,0.0125,0.016949153,,0.014084508,0.014084508,0.008403362,0.004201681,0.0031112346,0.0040162597,0.011662107,0.012820513,0.0011682243,0.001867971,0.010989012,0.012048194,0.012987013,0.010030303,0.010526316,0.011235955,0.0121951215,0.013333334,0.008012821,0.010752688,0.011494253,0.012500001,0.014084509,0.007890801,0.010752688,0.0121951215,0.013157896,0.015151516,,,,,0.0009217511978931,,,,0.0009273075847886,0.00097465544,0.0099999997764825,0.0021702421,0.0018004582962021,0.0011184443719685,0.0014462707331404,0.0022504115,0.0012421362334862,0.0016124597750604,0.0014286905061453,0.008962335996329784,0.0010235558729618,0.001731899799779,0.0013632351765409,0.0020953956991434,0.0115148099139332
86,0.0,0.0,0.0,0.0,0.0,0.0,0.0,0.0,0.0,0.0,0.0,0.0,0.0,0.0,0.0,0.0,0.0,0.0,0.0,0.0,0.0,0.0,0.0,0.0,0.0,0.0,0.0,0.0,0.0,0.0,0.0,0.0,0.0,0.0,0.0,0.0,0.0,0.0,0.0,0.0,0.0,0.0,0.0,0.0,0.0,0.0,0.0,0.0,0.0,0.0,0.008928572,0.009523811,0.01,0.010416667,0.011111111,0.009615386,0.0099669965,0.010204081,0.010416667,0.011111111,0.01010101,0.010204081,0.010309279,0.010416667,0.011111111,0.010309279,0.010309279,0.010526316,0.010638298,0.011494253,0.010582307,0.010752688,0.010869565,0.010989011,0.012048194,,0.002346559,0.0020185784,0.0026243352,0.013333334,0.0029273406,0.0017562201,0.001645339,0.011627908,0.013157896,0.001871862,0.0012961074,0.010416667,0.011494253,0.013157896,0.009523811,0.009803922,0.010309279,0.011235955,0.012658229,0.009433962,0.009539073,0.010416667,0.011363637,0.013513515,0.032258064,0.058823533,,0.0012738853693008,0.0006108736270107,0.058823533,,,0.0023810025304555,0.003196011,,0.0038718367,0.0036139511503279,0.0020564089063555,0.0013846596702933,0.002199361,0.0010396589059382,0.0032622185535728,0.0016356447013095,0.002437271410599351,0.0020553998183459,0.0025942623615264,0.0014463952975347,0.0010185386054217,0.0013189708115532
87,0.0,0.0,0.0,0.0,0.0,0.0,0.0,0.0,0.0,0.0,0.0,0.0,0.0,0.0,0.0,0.0,0.0,0.0,0.0,0.0,0.0,0.0,0.0,0.0,0.0,0.010989011,0.011111111,0.009803922,0.0,0.0,,0.006896552,0.0,0.0,0.0,0.0,0.0,0.0,0.0,0.0,0.0,0.0,0.0,0.0,0.0,0.0,0.0,0.0,0.0,0.0,0.009708738,0.010309279,0.011278517,0.012048195,0.012987013,0.010204081,0.010752688,0.011363637,0.011764707,0.012605486,0.010752688,0.010989012,0.011235955,0.011494253,0.012987013,0.011235955,0.011111111,0.011235955,0.011904763,0.015151516,0.011111111,0.010752688,0.011904763,0.016949153,0.016666668,,0.002762389,0.002226659,0.0012740887,0.011198946,0.0011166525,0.001555862,0.0012152836,0.009369018,0.01388889,0.0015303859,0.0064396113,0.009881952,0.011764707,0.014084509,0.0010153424,0.009708738,0.010204081,0.011627907,0.012987013,0.00962122,0.009345794,0.009803923,0.010969104,0.015625,0.004716981,0.026315792,,0.0014577260008081,0.0027635348960757,,,,0.0013211106415838,0.0013141102,,0.00065685064,0.0016893794527277,0.0028328611515462,0.0013735143002122,0.0011561216,0.0010344347683712,0.0010910095879808,0.001523558050394,0.0012322068214416504,0.0012390884803608,0.0010487778345122,0.0011451717000454,0.001600795192644,0.001095131970942
88,0.0,0.0,0.0,0.0,0.0,0.0,0.0,0.0,0.0,0.0,0.0,0.0,0.0,0.0,0.0,0.0,0.0,0.0,0.0,0.0,0.0,0.0,0.0,0.0,0.0,0.0,0.0,0.0,0.0,0.0,0.0,0.0,0.0,0.0,0.0,0.0,0.0,0.0,0.0,0.0,0.0,0.0,0.0,0.0,0.0,0.0,0.0,0.0,0.0,0.0,0.009803923,0.010204082,0.010752688,0.011111112,0.011627907,0.010101011,0.010416667,0.010869565,0.011111111,0.011764706,0.010638298,0.010752688,0.010869565,0.011363637,0.0121951215,0.011494253,0.011111111,0.011111111,0.011764706,0.012820513,0.013698631,0.011363637,0.011904762,0.0125,0.011627907,,0.004262005,0.002155702,0.01267626,0.014705883,0.0016445213,0.001304049,0.009446556,0.012820514,0.014492754,0.003971161,0.01001443,0.011111112,0.012594937,0.014285713,0.01010101,0.010416667,0.011111112,0.012345679,0.013333334,0.010309279,0.010309279,0.011111112,0.012048194,0.014285713,0.0076335883,,,0.0046082949265837,0.0022110606078058,0.001697793,,,0.002649730304256,0.0013909478,0.003610108513385,,0.0025634493213146,0.0009499918669462,0.0033885710872709,0.0016676283,0.0009441365255042,0.0015659745549783,0.0013341681333258,0.0013979312498122454,0.0010610008612275,0.0011343080550432,0.0013112374581396,0.0009020574507303,0.0008968909387476
89,0.0,0.0,0.0,0.0,0.0,0.0,0.0,0.0,0.0,0.0,0.0,0.0,0.0,0.0,0.0,0.0,0.0,0.0,0.0,0.0,0.0,0.0,0.0,0.0,0.0,0.0,0.0,0.0,0.0,0.0,0.0,0.0,0.0,0.0,0.0,0.0,0.0,0.0,0.0,0.0,0.0,0.0,0.0,0.0,0.0,0.0,0.0,0.0,0.0,0.0,0.00925926,0.009523811,0.009868635,0.01,0.010416667,0.00990099,0.010101011,0.010204081,0.01010101,0.010416667,0.010638298,0.010526316,0.010526316,0.010204081,0.010526316,0.011494253,0.010989011,0.010752688,0.010416667,0.010869565,0.011904762,0.011235955,0.010638298,0.011111111,0.010869565,,0.00061314873,0.0034132928,0.0014505656,0.01234568,0.004025137,0.002817959,0.0011943355,0.010989012,0.011904763,0.0029015397,0.0022230826,0.01010101,0.010752689,0.011627908,0.00985939,0.009719314,0.009803922,0.010526317,0.011904763,0.009615386,0.009356815,0.009803923,0.010434942,0.011527667,,,,,,,,,0.0016104112146422,0.0017168391,0.0040650409646332,0.003521127,0.0015713407192379,0.0011272418778389,0.00247950758785,0.0015590336,0.0009717222419567,0.00201111077331,0.0017020741943269,0.0008454158087261021,0.0013339284341782,0.0011874322080984,0.0008928759489208,0.0011423086980357,0.0013119935756549
90,0.0,0.0,0.0,0.0,0.0,0.0,0.0,0.0,0.0,0.0,0.0,0.0,0.0,0.0,0.0,0.0,0.0,0.0,0.0,0.0,0.0,0.0,0.0,0.0,0.0,,,,,,0.0,0.0,0.0,0.0,0.0,0.0,0.0,0.0,0.0,0.0,0.0,0.0,0.0,0.0,0.0,0.0,0.0,0.0,0.0,0.0,0.008495271,0.008695653,0.00877193,0.008695653,0.008695652,0.00900901,0.00900901,0.00900901,0.008695652,0.008547009,0.009345794,0.009259259,0.0091743115,0.00877193,0.008403362,0.009615385,0.009433962,0.009389878,0.008333334,0.0,0.009345794,0.00900901,0.0,0.0,0.0,0.0047393367,0.0023939826,0.0014552405,0.010989011,0.011904763,0.001797037,0.0016655155,0.010204081,0.011235955,0.011494253,0.00901864,0.010204081,0.010752688,0.010869565,0.010989011,0.008854168,0.010526317,0.010416667,0.010204081,0.010752688,0.010526317,0.00990099,0.00990099,0.01010101,0.013043974,,,,0.0036630036775022,0.0017567502800375,,,0.0043859649449586,0.000623935018666,0.00193822,,0.0027826456,0.0019575734622776,0.0021968537475913,0.0014488523593172,0.0013843346,0.0017254602862522,0.0013307143235579,0.0024076108820736,0.0010902376379817724,0.0013117246562615,0.0022534900344908,0.0015650098212063,0.0012883943272754,0.0012231718283146
91,0.0,0.0,0.0,0.0,0.0,0.0,0.0,0.0,0.0,0.0,0.0,0.0,0.0,0.0,0.0,0.0,0.0,0.0,0.0,0.0,0.0,0.0,0.0,0.0,0.0,0.0,0.0,0.0,0.0,0.0,0.0,0.0,0.0,0.0,0.0,0.0,0.0,0.0,0.0,0.0,0.0,0.0,0.0,0.0,0.0,0.0,0.0,0.0,0.0,0.0,0.008750136,0.00909091,0.00952381,0.00990099,0.010526316,0.009259259,0.009615386,0.00990099,0.01010101,0.010638298,0.009803923,0.01,0.010309279,0.010309279,0.010869565,0.010526316,0.010638298,0.010752688,0.010752688,0.011235955,0.011764706,0.011627907,0.011494253,0.011494253,0.0125,,0.004038604,0.0050154845,0.010204081,0.011627908,0.0032525603,0.0017793882,0.009200165,0.010526316,0.011494253,,0.0073579685,0.009535257,0.010309279,0.011235955,0.00862069,0.008928572,0.009523811,0.010204082,0.011363637,0.008474577,0.008810744,0.009803923,0.0106382985,0.012345679,0.058823533,,,0.0007773044053465,0.0025742659345269,,,,0.0014626896008849,0.002051769,,0.0026595744,0.0034916691947728,0.001741052721627,0.001344098476693,0.0011736457,0.0010748273925855,0.0015872827498242,0.001059302361682,0.0010360442101955414,0.0014094680082052,0.002969000255689,0.0009838989935815,0.0016694135265424,0.0012460309080779
92,0.0,0.0,0.0,0.0,0.0,0.0,0.0,0.0,0.0,0.0,0.0,0.0,0.0,0.0,0.0,0.0,0.0,0.0,0.0,0.0,0.0,0.0,0.0,0.0,0.0,0.0,0.0,0.0,0.0,0.0,0.0,0.0,0.0,0.0,0.0,0.0,0.0,0.0,0.0,0.0,0.0,0.0,0.0,0.0,0.0,0.0,0.0,0.0,0.0,0.0,0.010416667,0.011111111,0.012048194,0.012820513,0.01388889,0.010869565,0.011494253,0.0121951215,0.012820513,0.01388889,0.011363637,0.011764706,0.012345679,0.012987013,0.014084508,0.011764706,0.011904762,0.012820513,0.013333333,0.014492754,0.011904762,0.012500001,0.013513514,0.014084508,0.015151516,,0.0035410419,0.0036665022,0.013333333,0.015625,0.0014265336,0.0013309636,0.008378983,0.013513515,0.015384616,0.002479264,0.007832317,0.011904763,0.013513515,0.015151516,0.010322703,0.010869565,0.012048195,0.013333333,0.015625,0.010309279,0.010869565,0.012072682,0.013513514,0.016393444,0.0044247787,0.0006825938,,,0.0021117208525538,,0.003355705,,0.0024711990263313,0.0010798235,,0.0038759687,0.0022555214818567,0.0014172972878441,0.0012546740472316,0.00091901247,0.0012586968950927,0.0010594425257295,0.0014197649434208,0.001431915326975286,0.0017325432272627,0.0025777302216738,0.0012501584133133,0.0010345284827053,0.0009515254059806
93,0.0,0.0,0.0,0.0,0.0,0.0,0.0,0.0,0.0,0.0,0.0,0.0,0.0,0.0,0.0,0.0,0.0,0.0,0.0,0.0,0.0,0.0,0.0,0.0,0.0,0.0,0.0,0.0,0.0,0.0,0.0,0.0,0.0,0.0,0.0,0.0,0.0,0.0,0.0,0.0,0.0,0.0,0.0,0.0,0.0,0.0,0.0,0.0,0.0,0.0,0.008264462,0.0088495575,0.00925926,0.00952381,0.01,0.00900901,0.009345794,0.00952381,0.009523811,0.010101011,0.009615385,0.009615385,0.009772195,0.009708738,0.010526317,0.01010101,0.009803922,0.01,0.00990099,0.011494253,0.010309279,0.010526316,0.010204081,0.010752688,0.012987013,,0.0032786885,0.0019894917,0.0012979418,0.011627907,0.0027755678,0.0025337986,0.0012845394,0.010526317,0.011235955,0.00094675116,0.008520175,0.009523811,0.010309279,0.011111112,0.0088495575,0.00909091,0.009345794,0.01010101,0.011363637,0.008849558,0.008928572,0.009523811,0.0102216145,0.013157896,,,,0.0014619883149862,0.002720751799643,,,0.0011299435282126,0.0023935833014547,0.0022541601,,0.0018800523,0.002389169530943,0.0020343374926596,0.0012882336741313,0.002416425,0.0015770744066685,0.0022838376462459,0.0025205521378666,0.002236784901469946,0.0015382185811176,0.0011920457473024,0.0017496034270152,0.0015128535451367,0.0016803428297862
94,0.0,0.0,0.0,0.0,0.0,0.0,0.0,0.0,0.0,0.0,0.0,0.0,0.0,0.0,0.0,0.0,0.0,0.0,0.0,0.0,0.0,0.0,0.0,0.0,0.0,0.009615385,0.01,0.010309279,0.00990099,0.00900901,0.009433962,0.009708738,0.00952381,,0.0,,0.0,0.0,0.0,0.0,0.0,0.0,0.0,0.0,0.0,0.0,0.0,0.0,0.0,0.0,0.00061124703,0.010309279,0.011363637,0.012048194,0.013157896,0.01010101,0.010752688,0.011494253,0.012048195,0.012987013,0.010416667,0.010869565,0.011363637,0.0121951215,0.012820513,0.010638298,0.010869565,0.011627907,0.0121951215,0.01388889,0.010416667,0.010869565,0.011627907,0.013513514,,,0.0028545137,0.002967359,0.001210753,0.01272544,0.0020434961,0.0019135549,0.0019365214,0.012509308,0.011428571,,0.0013226552,0.007111162,0.011257036,0.01106451,0.0014059203,0.0072693196,0.010309279,0.0121951215,0.014084508,0.008961478,0.006884952,0.01,0.011627908,0.014492754,,,,0.0061349691823124,0.0022015462163835,,0.0026041667,,0.0031460388563573,0.0030120485,,0.002173913,0.0033915673848241,0.0029252092353999,0.0014246235368773,0.0014431286,0.0014232458779588,0.0020063135307282,0.0011486354051157,0.0014972435310482979,0.0009134646388702,0.0015136381844058,0.0010253420332446,0.0010145475389435,0.0010529486462473
95,0.0,0.0,0.0,0.0,0.0,0.0,0.0,0.0,0.0,0.0,0.0,0.0,0.0,0.0,0.0,0.0,0.0,0.0,0.0,0.0,0.0,0.0,0.0,0.0,0.0,0.0,0.0,0.0,0.0,0.0,0.0,0.0,0.0,0.0,0.0,0.0,0.0,0.0,0.0,0.0,0.0,0.0,0.0,0.0,0.0,0.0,0.0,0.0,0.0,0.0,0.00862069,0.0088495575,0.009259259,0.009708738,0.01010101,0.0091743115,0.009345794,0.009523811,0.009803922,0.010204081,0.009708738,0.009708738,0.009708738,0.01,0.010416667,0.010050505,0.01010101,0.00990099,0.010204081,0.010989011,0.010526316,0.0,0.0,0.0,0.0,,0.0039543128,0.0034280333,0.010989011,0.012225233,0.002856337,0.0017438768,0.010088384,0.011111112,0.0121951215,0.0010302407,0.009451932,0.010101011,0.010989012,0.012345679,0.0091837505,0.009433962,0.00990099,0.010893455,0.012820514,0.009174312,0.009523811,0.010101011,0.011627908,0.014925375,,0.052631583,,,0.0026204446330666,,,,0.0049155983142554,0.0035055825,,,0.0018067089840769,0.0028785320464521,0.0009474240941926,0.0018894895,0.0008908046293072,0.0035610098857432,0.009345794096589,0.0009624000522308052,0.0039096903055906,0.0015149684622883,0.0011756776366382,0.0019259708933532,0.0015033700037747
96,0.0,0.0,0.0,0.0,0.0,0.0,0.0,0.0,0.0,0.0,0.0,0.0,0.0,0.0,0.0,0.0,0.0,0.0,0.0,0.0,0.0,0.0,0.0,0.0,0.0,0.0,0.0,0.0,0.0,0.0,0.0,0.0,0.0,0.0,0.0,0.0,0.0,0.0,0.0,0.0,0.0,0.0,0.0,0.0,0.0,0.0,0.0,0.0,0.0,0.0,0.010444079,0.010752688,0.011111111,0.011363637,0.0121951215,0.011235955,0.011363637,0.011627907,0.011764706,0.0125,0.0121951215,0.012048194,0.012345679,0.012345679,0.013513514,0.015873017,0.013513514,0.013157896,0.013333333,0.011494253,0.015151516,0.007575758,,,,,,0.002748956,0.0125,0.01388889,0.0017513135,0.0019157089,0.011363637,0.012658228,0.013513514,0.0012057916,0.011111112,0.011904763,0.0125,0.013513514,0.010344828,0.011764707,0.011764707,0.0121951215,0.014084509,0.008634532,0.011363637,0.011764707,0.012500001,0.016949153,,,,0.0006154442671686,0.0005980862188152,,,,0.0012330455938354,0.0030064099,,0.0015619693,0.0027297055348753,0.0019856721628457,0.0019152930472046,0.0012377031,0.0014184996252879,0.0012091298121958,0.0020560615230351,0.0011680282186716795,0.0033301208168268,0.0015065077459439,0.0020149718038737,0.001083964947611,0.0009169304976239
97,0.0,0.0,0.0,0.0,0.0,0.0,0.0,0.0,0.0,0.0,0.0,0.0,0.0,0.0,0.0,0.0,0.0,0.0,0.0,0.0,0.0,0.0,0.0,0.0,0.0,0.0075187967,0.007042254,0.0056818184,0.0,0.0,0.010204081,0.0074074073,0.0,0.0,0.0,0.013698631,0.0,0.0,0.0,0.0,0.0,0.0,0.0,0.0,0.0,0.0,0.0,0.0,0.0,0.0,0.008928572,0.009523811,0.010204081,0.010752688,0.011235955,0.009803923,0.010309279,0.0106382985,0.010830606,0.011363637,0.0106382985,0.010752688,0.010752688,0.010752688,0.011764706,0.011627907,0.011363637,0.010869565,0.010989011,0.012658228,0.014492754,0.012048194,0.011111111,0.012987013,0.014705883,,0.000619195,0.0025035231,0.001998065,0.013698631,0.0018438243,0.0014313158,0.0026976287,0.012048194,0.013513515,0.0015275191,0.001209236,0.007753078,0.011764707,0.013513514,0.0018694208,0.009708739,0.01021911,0.011363637,0.012345679,0.00925926,0.009345795,0.009615385,0.010526317,0.013333334,,,,,0.0013383333571255,,,,0.0006262540118768,0.0014113461,,0.0017925845,0.0025700293481349,0.0018730246229097,0.0018583567580208,0.0012727967,0.0012156756129115,0.0009960797615349,0.001245150109753,0.0012574144639074802,0.0020043388940393,0.0044940272346138,,0.000780162110459,0.0011212008539587
98,0.0,0.0,0.0,0.0,0.0,0.0,0.0,0.0,0.0,0.0,0.0,0.0,0.0,0.0,0.0,0.0,0.0,0.0,0.0,0.0,0.0,0.0,0.0,0.0,0.0,0.0,0.0,0.0,0.0,0.0,0.0,0.0,0.0,0.0,0.0,0.0,0.0,0.0,0.0,0.0,0.0,0.0,0.0,0.0,0.0,0.0,0.0,0.0,0.0,0.0,0.009259259,0.009523811,0.00990099,0.01010101,0.010526316,0.00990099,0.01,0.010204081,0.010204081,0.010638298,0.010416667,0.010416667,0.010416667,0.010309279,0.010752688,0.010989011,0.010869565,0.010752688,0.010526316,0.011363637,0.012579114,0.011904762,0.011235955,0.011235955,0.011627907,,0.002371242,0.0020247833,0.0017554306,0.012358539,0.002261687,0.0015025295,0.0023639528,0.011001222,0.0121951215,0.0007355506,0.000962031,0.010204081,0.010989012,0.011764707,0.0094758915,0.009708738,0.010101011,0.010526317,0.011494253,0.009265441,0.009433962,0.009803923,0.010416667,0.012658229,0.14285715,,,,0.0038240042049437,,,0.002930290531367,0.0023050284944474,0.0031728437,0.0036231884732842,0.002948548,0.00234065647237,0.0025015026330947,0.0014622351154685,0.0015306959,0.001177019206807,0.0016426342772319,0.0014494202332571,0.0017415947513654828,0.0011888839071616,0.0014465500134974,0.0011580362915992,0.0015348887536674,0.0015375344082713
99,0.0,0.0,0.0,0.0,0.0,0.0,0.0,0.0,0.0,0.0,0.0,0.0,0.0,0.0,0.0,0.0,0.0,0.0,0.0,0.0,0.0,0.0,0.0,0.0,0.0,,,,,,,,0.01010101,,,0.0,0.0,,,0.0,0.0,0.0,0.0,0.0,0.0,0.0,0.0,0.0,0.0,0.0,0.008928572,0.009345795,0.009803923,0.010126778,0.010869565,0.009174312,0.009523811,0.009803923,0.00990099,0.0106382985,0.009523811,0.009634055,0.01010101,0.010416667,0.010989012,0.00990099,0.009803922,0.010752688,0.010752688,0.0121951215,0.010204081,0.011111111,0.013513514,,,,0.004431367,0.0055555557,0.011494253,0.013513515,0.0015550605,0.0036550998,0.009395281,0.011494253,0.013157896,0.0009991787,0.008937591,0.01,0.011363637,0.013157896,0.004457314,0.009259259,0.009615385,0.011111112,0.011764707,0.00900901,0.009000073,0.009708738,0.0106382985,0.01388889,,,,0.0028011207468807,0.0045492146164178,,,,0.0045937472023069,0.0014451165,,0.0028641713,0.0019778187852352,0.0018429232295602,0.001644393778406,0.0014406092,0.0011301779886707,0.0014629578217864,0.0017920540412887,0.0016513396985828876,0.0012538704322651,0.0013175944332033,0.0011700257891789,0.001241969061084,0.0009622869547456
100,0.0,0.0,0.0,0.0,0.0,0.0,0.0,0.0,0.0,0.0,0.0,0.0,0.0,0.0,0.0,0.0,0.0,0.0,0.0,0.0,0.0,0.0,0.0,0.0,0.0,0.0,0.0,0.0,0.0,0.0,0.0,0.0,0.0,0.0,0.0,0.0,0.0,0.0,0.0,0.0,0.0,0.0,0.0,0.0,0.0,0.0,0.0,0.0,0.0,0.0,0.008333335,0.00862069,0.0088495575,0.008928572,0.009259259,0.00900901,0.0091743115,0.009259259,0.009090909,0.009345794,0.009708738,0.009708738,0.009708738,0.009345794,0.00952381,0.011235955,0.010526316,0.010204081,0.00952381,0.010526316,0.012048194,0.006024097,0.005865153,0.008264462,,,0.0033112583,0.0029890647,0.0012899248,0.012345679,0.0015843766,0.002008348,0.001505678,0.010752689,0.011627908,0.0014513613,0.00079951354,0.009708739,0.01021911,0.010416667,0.008694663,0.0091743115,0.009259259,0.009708739,0.011235955,0.009148055,0.008841795,0.009433962,0.01,0.01388889,,,,0.0018556028371676,0.0031854170374572,,,,,0.0024453534,0.0012077295687049,0.00073313783,0.0030553087126463,0.001035408815369,0.001575929345563,0.0026902568,0.0008150943322107,0.0022122571244835,0.0017196773551404,0.0013206757139414549,0.0013773848768323,0.0009429808123968,0.0011305504012852,0.000983957783319,0.0012091236421838
101,0.0,0.0,0.0,0.0,0.0,0.0,0.0,0.0,0.0,0.0,0.0,0.0,0.0,0.0,0.0,0.0,0.0,0.0,0.0,0.0,0.0,0.0,0.0,0.0,0.0,0.0088495575,0.008547009,0.0,0.0,0.0,0.0,0.0,0.0,0.0,0.0,0.0,0.0,0.0,0.0,0.0,0.0,0.0,0.0,0.0,0.0,0.0,0.0,0.0,0.0,0.0,0.009911992,0.009746811,0.01,0.010309279,0.010638298,0.010204081,0.010416667,0.010526316,0.010638298,0.010869565,0.011363637,0.011235955,0.010989011,0.011111111,0.011235955,0.013157896,0.013698631,0.011627907,0.011627907,0.012048194,0.018867925,0.017857144,0.012987013,0.013513514,0.015151516,,0.0025211084,0.0022599818,0.0011417364,0.011662107,0.0018640731,0.00096173026,0.0016844107,0.010752688,0.011627908,0.002437946,0.0015196925,0.01010101,0.010869565,0.011494253,0.0077009355,0.010204081,0.010526317,0.0106382985,0.011904763,0.010425804,0.010526317,0.010204081,0.010893455,0.013888891,,,,0.0021961140446364,0.0044642859138548,0.008130082,0.0046296297,0.0069444449618458,0.0019885380752384,0.001367293,0.0040650409646332,,0.0014661642489954,0.0011767654214054,0.0013484695227816,0.00100725,0.0014351240824908,0.0012225460959598,0.0016927112592384,0.0012580824550241232,0.0010137805948033,0.0014080425025895,0.0021102789323776,0.0010385942878201,0.0010537893977016
102,0.0,0.0,0.0,0.0,0.0,0.0,0.0,0.0,0.0,0.0,0.0,0.0,0.0,0.0,0.0,0.0,0.0,0.0,0.0,0.0,0.0,0.0,0.0,0.0,0.0,0.0,0.0,0.0,0.0,0.0,0.0,0.0,0.0,0.0,0.0,0.0,0.0,0.0,0.0,0.0,0.0,0.0,0.0,0.0,0.0,0.0,0.0,0.0,0.0,0.0,0.009615385,0.01,0.010416667,0.010989012,0.011904762,0.010309279,0.010526317,0.010869565,0.011494253,0.012345679,0.011235955,0.011363637,0.011627907,0.012048194,0.013698631,0.012987013,0.0125,0.012345679,0.013333333,0.014705883,0.012658228,0.014084508,0.010989011,0.0,0.0,,,0.0036576695,0.010989011,0.012500001,0.0043798406,0.00262324,0.01,0.011111112,0.012820514,0.008697843,0.009615386,0.01010101,0.011235955,0.013157896,0.009523811,0.00966873,0.010416668,0.011764706,0.014705884,0.009433962,0.009803923,0.011111112,0.012820513,0.017857144,0.0044444446,0.0026385225,,,0.0016276806127279,,,0.0053763440810143,0.0034364259336143,0.0014804204,,0.003913366,0.0025076523888856,0.0029156287200748,0.0020027989521622,0.0021259103,0.0023131433408707,0.0013478297041729,0.0009645597310736,0.001266608014702797,0.0019994121976196,0.0018072945531457,0.0014952663332223,0.0011164556490257,0.0014211953384801
103,0.0,0.0,0.0,0.0,0.0,0.0,0.0,0.0,0.0,0.0,0.0,0.0,0.0,0.0,0.0,0.0,0.0,0.0,0.0,0.0,0.0,0.0,0.0,0.0,0.0,0.0,0.0,0.0,0.0,0.0,0.0,0.0,0.0,0.0,0.0,0.0,0.0,0.0,0.0,0.0,0.0,0.0,0.0,0.0,0.0,0.0,0.0,0.0,0.0,0.0,0.008130082,0.008333335,0.008474576,0.008547009,0.0088495575,0.00862069,0.008695653,0.008695652,0.008547009,0.00877193,0.0091743115,0.009090909,0.008928572,0.008547009,0.008695652,0.00990099,0.009708738,0.008928572,0.008333334,0.008547009,0.012658228,0.010204081,0.008547009,0.007246377,0.0069930074,,0.0034550661,0.0023414148,0.010869565,0.012345679,0.0021320719,0.0027690132,0.009803923,0.010989012,0.012048195,0.0010096933,0.009389878,0.01010101,0.010869565,0.012048195,0.009630945,0.009776726,0.00990099,0.010638298,0.011363637,0.009803923,0.009523811,0.00990099,0.010526317,0.0121951215,0.071428575,,,,0.0011345251696184,,,,0.0006139001925475,0.0013943082,0.0006045949994586,,0.0022494872100651,0.0015079788863658,0.0015790362376719,0.0018129728,0.0015002883737906,0.0019170102896168,0.001236776006408,0.0011178605491295457,0.0019556311890482,0.0010534161701798,0.0008703380008228,0.0011592565570026,0.0023944114800542
104,0.0,0.0,0.0,0.0,0.0,0.0,0.0,0.0,0.0,0.0,0.0,0.0,0.0,0.0,0.0,0.0,0.0,0.0,0.0,0.0,0.0,0.0,0.0,0.0,0.0,0.0,0.0,0.0,0.0,0.0,0.0,0.0,0.0,0.0,0.0,0.0,0.0,0.0,0.0,0.0,0.0,0.0,0.0,0.0,0.0,0.0,0.0,0.0,0.0,0.0,0.009732534,0.010204081,0.010752688,0.011235955,0.011627908,0.010101011,0.010526316,0.010869565,0.011194341,0.011494253,0.010752688,0.010752688,0.010989012,0.011278517,0.011627908,0.011363637,0.011111111,0.010989012,0.011494253,0.011811392,0.012987013,0.011235955,0.011363637,0.012048195,0.013513514,,0.0006013229,0.0019744297,0.007953341,0.014285714,0.002291229,0.0022402029,0.0010692456,0.012345679,0.013888891,,0.0034887488,0.010752688,0.012048195,0.013698632,0.009708738,0.01010101,0.010752688,0.011627908,0.013698631,0.009900991,0.009900991,0.010204081,0.011235955,0.012820514,,,,0.0017543860012665,0.0028409091755747,,,,0.0024748905561864,0.0031933184,0.0038610035553574,0.0026737968,0.0021271724253892,0.0013020153855904,0.0014932000776752,0.0007709025,0.0010054904269054,0.0020076928194612,0.0052845417521893,0.0015593594871461391,0.000981523306109,0.0010068640112876,0.0009950140956789,0.0009619728662073,0.0013052257709205
105,0.0,0.0,0.0,0.0,0.0,0.0,0.0,0.0,0.0,0.0,0.0,0.0,0.0,0.0,0.0,0.0,0.0,0.0,0.0,0.0,0.0,0.0,0.0,0.0,0.0,0.0,0.0,0.0,0.0,0.0,0.0,0.0,0.0,0.0,0.0,0.0,0.0,0.0,0.0,0.0,0.0,0.0,0.0,0.0,0.0,0.0,0.0,0.0,0.0,0.0,0.009066339,0.009433962,0.009708739,0.010101011,0.010526317,0.009523811,0.009803923,0.00990099,0.010101011,0.010752688,0.00990099,0.00990099,0.01,0.010204082,0.011070412,0.00990099,0.01,0.01,0.010416667,0.0121951215,0.009803922,0.01,0.01,0.012500001,,,0.000609113,0.0036886134,0.001162591,0.013157896,0.002182839,0.0009440998,0.0077861953,0.011494253,0.012526372,0.0017320471,0.008548731,0.010416667,0.011254196,0.012345679,0.008260045,0.009792024,0.00990099,0.010869565,0.011363637,0.00909091,0.00925926,0.009615386,0.010309279,0.012820514,,,,,0.0041578747332096,,,,0.0010395635617896,0.002571344,0.0029850746504962,0.0017421602,0.0032135718502104,0.0024952590465545,0.0037015955895185,0.0016414705,0.0010162092512473,0.0011803252855315,0.0010829993989318,0.001109784352593124,0.0012333790073171,0.0018267264822497,0.0009107913356274,0.0012054189573973,0.0013132548192515
106,0.0,0.0,0.0,0.0,0.0,0.0,0.0,0.0,0.0,0.0,0.0,0.0,0.0,0.0,0.0,0.0,0.0,0.0,0.0,0.0,0.0,0.0,0.0,0.0,0.0,0.0,0.0,0.0,0.0,0.0,0.0,0.0,0.0,0.0,0.0,0.0,0.0,0.0,0.0,0.0,0.0,0.0,0.0,0.0,0.0,0.0,0.0,0.0,0.0,0.0,0.0099669965,0.010204081,0.0104440795,0.0106382985,0.010989011,0.010695493,0.010752688,0.010752688,0.0106382985,0.010869565,0.011363637,0.011111111,0.010989011,0.0106382985,0.010989011,0.011764706,0.011363637,0.011111111,0.010638298,0.012658228,0.012048194,0.011363637,0.010989011,0.014492754,0.016666668,,0.0019680662,0.003220437,0.001139913,0.012987014,0.0017878928,0.002334316,0.0015419846,0.011627908,0.012820514,0.002010682,0.007828283,0.010752688,0.011494253,0.0121951215,0.008909025,0.0106382985,0.010654639,0.010893455,0.01138976,0.008950153,0.010204082,0.010309279,0.0106382985,0.013513515,,,0.055555559694767,,0.0041986647993326,0.041666668,,0.0015552099794149,0.0013811513781547,0.0016321931,,0.0034883078,0.0029169048648327,0.0017147050239145,0.0024577812291681,0.0021415567,0.0014440639642998,0.0017384958919137,0.00352125428617,0.0009331222390756011,0.0012804480502381,0.0010306474287062,0.0012828256003558,0.002436620183289,0.0029405634850263
107,0.0,0.0,0.0,0.0,0.0,0.0,0.0,0.0,0.0,0.0,0.0,0.0,0.0,0.0,0.0,0.0,0.0,0.0,0.0,0.0,0.0,0.0,0.0,0.0,0.0,0.009259259,0.009433962,0.009615385,0.009708738,0.009345794,0.011363637,0.012048194,0.012345679,0.011627907,0.009433962,0.012048194,0.0121951215,,0.011627907,0.0,,,0.0,0.0,0.0,0.0,0.0,0.0,0.0,0.0,0.009212066,0.010000001,0.010869565,0.011764707,0.012820513,0.00990099,0.010526317,0.010989012,0.011627908,0.012048194,0.010526316,0.010869565,0.010989012,0.011494253,0.012048194,0.011235955,0.011235955,0.011235955,0.011363637,0.013513514,0.013245614,0.011494253,0.011235955,0.013606072,0.015384616,,0.004422862,0.0024352088,0.001213939,0.012456009,0.0032762056,0.0008449581,0.0012069106,0.011904763,0.014084508,0.0012746555,0.00816844,0.010204081,0.011494254,0.013888891,0.0011206748,0.009361826,0.01,0.011363637,0.012698799,0.009148345,0.00909091,0.009734698,0.010752688,0.014925375,,,,0.0035642459988594,0.0020683077163994,,,,0.0047364449128508,0.0014971369,0.0044247787445783,,0.0022265014704316,0.0021420307457447,0.0029814760200679,0.002318571,0.0010812078835442,0.0011573960073292,0.0015697208000347,0.0018108434742316604,0.000855813617818,0.001134913880378,0.0011565976310521,0.0009844913147389,0.002099884673953
108,0.0,0.0,0.0,0.0,0.0,0.0,0.0,0.0,0.0,0.0,0.0,0.0,0.0,0.0,0.0,0.0,0.0,0.0,0.0,0.0,0.0,0.0,0.0,0.0,0.0,0.0,0.0,0.0,0.0,0.0,0.0,0.0,0.0,0.0,0.0,0.0,0.0,0.0,0.0,0.0,0.0,0.0,0.0,0.0,0.0,0.0,0.0,0.0,0.0,0.0,0.010526317,0.010204081,0.010101011,0.010204082,0.010416667,0.010989012,0.010752688,0.010526316,0.010309279,0.010526316,0.011834734,0.011363637,0.010752688,0.010416667,0.010416667,0.013157896,0.012048194,0.010869565,0.010204081,0.010309279,0.016666668,0.012345679,0.010526316,0.00952381,0.009259259,,0.002731515,0.0017026457,0.010939137,0.012658228,0.0017431823,0.0031134966,0.0013128386,0.011627908,0.012658229,0.0016561947,0.0017153701,0.010416667,0.011627908,0.012255345,0.011235955,0.011235955,0.011235955,0.011111112,0.011627908,0.011764707,0.010989012,0.010526317,0.010869565,0.011904763,0.025,0.04347826,0.0151742370799183,,0.0007595911156386,,0.03860446,,0.000824790680781,0.0024721508,0.0035842291545122,0.0021539293,0.0016415568534284,0.0009055039845407,0.0013202675618231,,0.0009205544483847,0.0011939210817217,0.0019173439359292,0.0012087456416338682,0.0009687141282483,0.0014284487115219,0.001293743494898,0.0009834535885602,0.0010934124002233
109,0.0,0.0,0.0,0.0,0.0,0.0,0.0,0.0,0.0,0.0,0.0,0.0,0.0,0.0,0.0,0.0,0.0,0.0,0.0,0.0,0.0,0.0,0.0,0.0,0.0,0.0,0.0,0.0,0.0,0.0,0.0,0.0,0.0,0.0,0.0,0.0,0.0,0.0,0.0,0.0,0.0,0.0,0.0,0.0,0.0,0.0,0.0,0.0,0.0,0.0,0.01,0.0106382985,0.011363637,0.011904763,0.012658229,0.010752688,0.011235955,0.011450714,0.011627908,0.0121951215,0.011363637,0.011363637,0.011235955,0.011111112,0.011764707,0.011627907,0.011235955,0.011235955,0.011235955,0.012658229,0.011363637,0.010989011,0.011764707,0.0073529417,,,0.002762403,0.0018909831,0.0014844643,0.011538461,0.0024602318,0.00093988824,0.0012830055,0.012345679,0.013888891,0.0010272969,0.007303581,0.011111112,0.012048195,0.013333333,0.0075670816,0.0106382985,0.010765675,0.011494253,0.012820514,0.008139726,0.010204081,0.010526317,0.011111111,0.012500001,,,,0.0006384135922417,0.0044305017217993,,,0.0043290043249726,0.0031009409576654,0.0014757909,,0.0020746891,0.0017112055793404,0.0010522289667278,0.0021049617789685,0.00304666,0.0037857179995626,0.0011138253612443,0.0014603429008275,0.001999931875616312,0.0025448363739997,0.0011643981561064,0.0017163485754281,0.0011781654320657,0.0013120479416102
110,0.0,0.0,0.0,0.0,0.0,0.0,0.0,0.0,0.0,0.0,0.0,0.0,0.0,0.0,0.0,0.0,0.0,0.0,0.0,0.0,0.0,0.0,0.0,0.0,0.0,0.0,0.0,0.0,0.0,0.0,0.0,0.0,0.0,0.0,0.0,0.0,0.0,0.0,0.0,0.0,0.0,0.0,0.0,0.0,0.0,0.0,0.0,0.0,0.0,0.0,0.0091743115,0.009433962,0.009708739,0.01,0.0106382985,0.009433962,0.009708739,0.00990099,0.010101011,0.010830606,0.009708738,0.00990099,0.01010101,0.010309279,0.011235955,0.009803923,0.01010101,0.010101011,0.010526317,0.0125,0.009615385,0.009708738,0.010416667,0.012987013,0.011904762,,0.0015001236,0.0020811488,0.011111112,0.012345679,0.0025241547,0.004490441,0.01010101,0.011111111,0.012084926,0.008928572,0.009742733,0.01,0.010869565,0.011494253,0.009523811,0.009615385,0.00990099,0.010526317,0.012048195,0.009433962,0.009615386,0.01,0.0106382985,0.013986699,,,,,0.0017768894322216,,,,0.0015395443188026,0.0023674257,0.0024464081507176,0.0011846442,0.0021260459907352,0.0009469693759456,0.0013338418211787,0.0045918906,0.0013429444516077,0.0027811462059617,0.0011210277443751,0.0018131299875676632,0.0014864634722471,0.0032545304857194,0.0008931427728384,0.0012236135080456,0.0014269170351326
111,0.0,0.0,0.0,0.0,0.0,0.0,0.0,0.0,0.0,0.0,0.0,0.0,0.0,0.0,0.0,0.0,0.0,0.0,0.0,0.0,0.0,0.0,0.0,0.0,0.0,0.0,0.0,0.0,0.0,0.0,0.0,0.0,0.0,0.0,0.0,0.0,0.0,0.0,0.0,0.0,0.0,0.0,0.0,0.0,0.0,0.0,0.0,0.0,0.0,0.0,0.00990099,0.00990099,0.010309279,0.010526317,0.010869565,0.01,0.010309279,0.0106382985,0.010600971,0.010752688,0.010416667,0.010563645,0.010752688,0.0106382985,0.010869565,0.010526316,0.010752688,0.010869565,0.010869565,0.011363637,0.010752688,0.011111111,0.012820513,0.012658228,0.010989011,,0.003092559,0.0031844547,0.011235955,0.013513515,0.0018519894,0.0005963029,0.0008519577,0.011627908,0.013333334,0.0027420982,0.009184306,0.010416667,0.011627908,0.012987013,0.009523811,0.009821571,0.010416667,0.011235955,0.012658229,0.009523811,0.0097520035,0.010309279,0.010869565,0.0121951215,0.06666667,,,0.0044052861630916,0.0016086836112663,,,,0.002115283627063,0.001516376,,0.0031948884,0.0052463221363723,0.0010513340821489,0.0013411286054179,0.0021236078,0.0012838530819863,0.0014359068591147,0.0012291099410504,0.0013383114710450172,0.0009248759015463,0.002977181924507,0.000991920242086,0.0013397994916886,0.0013492514844983
112,0.0,0.0,0.0,0.0,0.0,0.0,0.0,0.0,0.0,0.0,0.0,0.0,0.0,0.0,0.0,0.0,0.0,0.0,0.0,0.0,0.0,0.0,0.0,0.0,0.0,0.009090909,0.00877193,0.007874016,0.006289308,0.0051813475,,,0.013513514,0.009433962,0.005050505,,,0.0,0.0,0.0,0.0,0.0,0.0,0.0,0.0,0.0,0.0,0.0,0.0,0.0,0.010309279,0.010869565,0.011363637,0.012048194,0.012820513,0.011111112,0.011494253,0.011764706,0.012048194,0.0125,0.011904762,0.011904762,0.011904762,0.012048194,0.012658228,0.013157896,0.012345679,0.0121951215,0.0121951215,0.012658228,0.012987013,0.0125,0.011904762,0.0125,0.014084508,,0.0017475958,0.0019319216,0.0025376794,0.014285713,0.00198217,0.0027263858,0.0014886282,0.012820514,0.014084508,0.0024119953,0.008086104,0.011904763,0.012658229,0.013698632,0.011140345,0.011272436,0.011494253,0.0125,0.013333333,0.0109338835,0.010752689,0.011235955,0.01184874,0.013888891,,,,0.0006704555125907,0.0036880027037113,,,0.0022026430815458,0.0047876960597932,0.0010001177,0.0018991482211276,0.0030425307,0.0014987710164859,0.0024817932862788,0.0010962564265355,0.0018188969,0.0012077471474185,0.0016743784071877,0.0010916803730651,0.0014248592779040337,0.0011178870918229,0.0014725857181474,0.001781016588211,0.0008674898417666,0.0018923988100141
113,0.0,0.0,0.0,0.0,0.0,0.0,0.0,0.0,0.0,0.0,0.0,0.0,0.0,0.0,0.0,0.0,0.0,0.0,0.0,0.0,0.0,0.0,0.0,0.0,0.0,0.014492754,0.015151516,0.014705883,0.013333333,0.01010101,,,,,0.0,,,0.0,0.0,0.0,0.0,0.0,0.0,0.0,0.0,0.0,0.0,0.0,0.0,0.0,0.011494253,0.012345679,0.013157896,0.014084508,0.014705883,0.0125,0.013157896,0.013698631,0.014285713,0.014285713,0.013698631,0.014084508,0.014084508,0.014084508,0.014705883,0.019607846,0.01754386,0.014285713,0.014084508,0.016666668,0.018867925,0.014705883,0.014492754,0.01724138,0.014705883,,0.003927609,0.0023027482,0.008764959,0.010387544,0.0019170274,0.0019083971,0.006569341,0.013698632,0.015384617,0.0022059786,0.0025386773,0.012643844,0.013513515,0.014925375,0.001861067,0.0044185193,0.012345679,0.013513515,0.013928014,0.006565631,0.007902509,0.01234568,0.013015494,0.01724138,0.0051546395,,,,0.0011022764956578,0.04761905,,0.0031847134232521,0.0035662301816046,0.0012374592,0.0051282052882015,0.0014771048,0.0010441490449011,0.0009161665220744,0.0032121771946549,0.0016468251,0.0009752154001034,0.0011782757937908,0.0011230161180719,0.0008330976124852896,0.0012921810848638,0.0018421310232952,0.0023595453239977,0.0009894641116261,0.0016178156947717
114,0.0,0.0,0.0,0.0,0.0,0.0,0.0,0.0,0.0,0.0,0.0,0.0,0.0,0.0,0.0,0.0,0.0,0.0,0.0,0.0,0.0,0.0,0.0,0.0,0.0,0.0,0.0,0.0,0.0,0.0,0.0,0.0,0.0,0.0,0.0,0.0,0.0,0.0,0.0,0.0,0.0,0.0,0.0,0.0,0.0,0.0,0.0,0.0,0.0,0.0,0.00952381,0.010526317,0.011363637,0.011764706,0.012345679,0.010752688,0.011235955,0.011494253,0.011363637,0.011494253,0.011627907,0.011764706,0.011494253,0.010869565,0.010416667,0.012820513,0.0125,0.010869565,0.010752688,0.010869565,0.014285713,0.011111111,0.0125,0.0121951215,0.0,,0.00371517,0.003364668,0.0015367811,0.014925375,0.0006281407,0.0013605069,0.011176371,0.012987013,0.014285713,0.002190168,0.009987457,0.011709987,0.012500001,0.013698631,0.0008308141,0.008133825,0.011627908,0.0121951215,0.011494253,0.010646469,0.007929586,0.010309279,0.010526317,0.014492754,,,,0.0006261740927584,0.0008405488333664,,,,0.0028567400295287,0.0016082783,,0.0036799172,0.0013531774748116,0.0043830568902194,0.0018646431853994,0.001665364,0.0014461504761129,0.0013917364412918,0.0017717729788273,0.0011900697136297822,0.001444642082788,0.0013198979431763,0.001343072624877,0.001285603037104,0.0017032778123393
115,0.0,0.0,0.0,0.0,0.0,0.0,0.0,0.0,0.0,0.0,0.0,0.0,0.0,0.0,0.0,0.0,0.0,0.0,0.0,0.0,0.0,0.0,0.0,0.0,0.0,0.0,0.0,0.0,0.0,0.0,0.0,0.0,0.0,0.0,0.0,0.0,0.0,0.0,0.0,0.0,0.0,0.0,0.0,0.0,0.0,0.0,0.0,0.0,0.0,0.0,0.00862069,0.0088495575,0.0091743115,0.009708738,0.010239147,0.009259259,0.009345794,0.009433962,0.009803923,0.010101011,0.00990099,0.009708738,0.009523811,0.009803923,0.01,0.010638298,0.01,0.009523811,0.009708738,0.0099669965,0.011173533,0.00990099,0.009803923,0.009708738,0.010101011,,0.0025493437,0.0037728385,0.010526316,0.012048195,0.0057803467,0.0009344223,0.009345794,0.010752689,0.011904763,0.008403363,0.0091743115,0.009803922,0.010526317,0.011363637,0.009433962,0.009615385,0.009708738,0.010101011,0.010893455,0.00990099,0.009345794,0.009345795,0.01010101,0.011235955,0.06666667,,,,0.0017167938640341,0.004761905,,,0.0010837534209713,0.002354643,,0.004057655,0.0032859544735401,0.0009230963187292,0.0015351284528151,0.0009602208,0.001142450608313,0.0012989639071747,0.0013975914334878,0.002028463175520301,0.0017881947569549,0.0021883836016058,0.0011243913322687,,0.0009147390956059
116,0.0,0.0,0.0,0.0,0.0,0.0,0.0,0.0,0.0,0.0,0.0,0.0,0.0,0.0,0.0,0.0,0.0,0.0,0.0,0.0,0.0,0.0,0.0,0.0,0.0,0.010416667,0.010638298,0.01010101,0.008368348,0.0,,0.012987013,,0.0,0.0,,0.0,0.0,0.0,0.0,0.0,0.0,0.0,0.0,0.0,0.0,0.0,0.0,0.0,0.0,0.01,0.011235955,0.012500001,0.013513514,0.014492754,0.0106382985,0.011627907,0.012658229,0.013513515,0.013333333,0.011299796,0.0121951215,0.012820513,0.012987013,0.013698631,0.0125,0.013513514,0.0125,0.013157896,0.015151516,0.01388889,0.011904762,0.014285713,0.016261239,,,0.0035547914,0.002973673,0.0016032646,0.013761234,0.0012854359,0.0017540549,0.009057794,0.010848686,0.0134920655,0.001071803,0.008018777,0.011309525,0.013698632,0.015873019,0.0011500748,0.010416667,0.011764707,0.013888891,0.014084509,0.01,0.010309279,0.011494253,0.012658228,0.016949153,,0.008333334,,,0.00176134519279,0.0023809525,,,0.0023994978982955,0.0018780489,0.0037848721258342,0.0020263065,0.0019321960862725,0.0022003343328833,0.0017926041036844,0.0019295358,0.0013126905541867,0.0021470098290592,0.0014814345631748,0.0016573881730437279,0.0012498253490775,0.0012745158746838,0.0011850029695779,0.0011889664456248,0.0012618266046047
117,0.0,0.0,0.0,0.0,0.0,0.0,0.0,0.0,0.0,0.0,0.0,0.0,0.0,0.0,0.0,0.0,0.0,0.0,0.0,0.0,0.0,0.0,0.0,0.0,0.0,0.0,0.0,0.0,0.0,0.0,0.0,0.0,0.0,0.0,0.0,0.0,0.0,0.0,0.0,0.0,0.0,0.0,0.0,0.0,0.0,0.0,0.0,0.0,0.0,0.0,0.00990099,0.010309279,0.010869565,0.011235955,0.011904762,0.010526316,0.010869565,0.011363637,0.011764706,0.012345679,0.011494253,0.011494253,0.012345679,0.0125,0.013513514,0.014705883,0.012658228,0.014285713,0.015151516,0.015151516,,0.0091743115,0.018518519,,,,0.0028011203,0.0015384478,0.011904763,0.013333333,,0.0011689828,0.010462975,0.011904763,0.012820513,0.0014996952,0.0066666664,0.010778661,0.011627908,0.012658228,0.0095,0.010113894,0.010657363,0.011363637,0.012820513,0.01010101,0.01010101,0.011235955,0.011764707,0.015384617,0.026825635,0.0052083335,0.0038610035553574,,0.0031465122010558,,,0.003086419776082,0.0015303246909752,0.0019826929,0.0006108736270107,0.0036972077,0.0025440759491175,0.0025083050131797,0.002081073122099,0.0015791021,0.0021174778230488,0.0028056383598595,0.0014046021969988,0.0011929076863452792,0.0012320820242166,0.0010840437607839,0.0014226050116121,0.0009675276232883,0.0015237303450703
118,0.0,0.0,0.0,0.0,0.0,0.0,0.0,0.0,0.0,0.0,0.0,0.0,0.0,0.0,0.0,0.0,0.0,0.0,0.0,0.0,0.0,0.0,0.0,0.0,0.0,0.0,0.0,0.0,0.0,0.0,0.0,0.0,0.0,0.0,0.0,0.0,0.0,0.0,0.0,0.0,0.0,0.0,0.0,0.0,0.0,0.0,0.0,0.0,0.0,0.0,0.008196722,0.008403363,0.008403363,0.008333334,0.008474576,0.009345794,0.009259259,0.00900901,0.00862069,0.00862069,0.010989011,0.010416667,0.009803922,0.008810744,0.008695652,0.013698631,0.011627907,0.008064516,0.0,0.0,0.0,0.0,0.0,0.0,0.0,,0.0041356976,0.002858767,0.00854701,0.009708739,0.0020228056,0.003574422,0.008150074,0.008928572,0.009732534,0.0080032265,0.00862069,0.00877193,0.00900901,0.00990099,0.008928573,0.0088495575,0.009063609,0.009345794,0.010869565,0.0091743115,0.00909091,0.009615385,0.010869565,0.014151576,0.0047885873,,,,0.000807812961284,,,0.0023474178742617,0.0025851421523839,0.0013560904,,0.0024487067,0.0014795428141951,0.0024706423282623,0.0010727973422035,0.0010484238,0.001341856084764,0.0036717755720019,0.0010264661395922,0.002019597217440605,0.0012660349020734,0.0014020724920555,0.0014473028713837,0.0083333346992731,0.0107526890933513
119,0.0,0.0,0.0,0.0,0.0,0.0,0.0,0.0,0.0,0.0,0.0,0.0,0.0,0.0,0.0,0.0,0.0,0.0,0.0,0.0,0.0,0.0,0.0,0.0,0.0,0.007692308,0.0077519375,0.0076335883,0.0069930074,0.0062111807,0.007936508,0.0078125,0.007575758,0.00671141,0.0057142857,0.00877193,0.008196722,0.007692308,0.006024097,0.0042194095,0.00900901,0.0088495575,0.008403362,0.0,0.0,0.0,0.0,0.0,0.0,0.0,0.008337019,0.009523811,0.010850086,0.011627908,0.012500001,0.009433962,0.010204081,0.010989012,0.011363637,0.012048195,0.01010101,0.010416667,0.010752688,0.010989011,0.011363637,0.010309279,0.010309279,0.010204081,0.010416667,0.011764707,0.009708738,0.009708738,0.01010101,0.010989012,0.013513514,,0.000616282,0.0010284671,0.0017428701,0.0043411315,0.002985423,0.0024828063,0.0016448842,0.0009215819,0.00962189,0.0020039189,0.0012504976,0.0014939357,0.011405995,0.011364584,0.00094954437,0.008277152,0.010204081,0.011363638,0.013888889,0.00900901,0.0091743115,0.009433962,0.010869566,0.011235955,,,,,0.0016661055851727,,,,0.0007620971882715,0.0020410945,0.0024570024106651,0.000999066,0.0036381222307682,0.0019427560037001,0.0024713187012821,0.0009058337,0.0009377212263643,0.0014922055415809,0.0016393217956647,0.0012528601801022887,0.0025941606145352,0.0018563327612355,0.0015674433670938,0.0009840370621532,0.0016808150103315
120,0.0,0.0,0.0,0.0,0.0,0.0,0.0,0.0,0.0,0.0,0.0,0.0,0.0,0.0,0.0,0.0,0.0,0.0,0.0,0.0,0.0,0.0,0.0,0.0,0.0,0.0064102565,0.0049751243,0.0,0.0,0.0,0.0,0.0,0.0,0.0,0.0,0.0,0.0,0.0,0.0,0.0,0.0,0.0,0.0,0.0,0.0,0.0,0.0,0.0,0.0,0.0,0.008928572,0.009345794,0.009708738,0.010101011,0.0106382985,0.00952381,0.00975633,0.009803922,0.010101011,0.010752688,0.01,0.00990099,0.00990099,0.010204082,0.011494253,0.010416667,0.00990099,0.010416667,0.010989012,0.013072454,0.010416667,0.01,0.012820513,0.014492754,0.014492754,,0.0017101179,0.0039203838,0.010807232,0.0121951215,0.00064433,0.0017958648,0.008898379,0.010989011,0.011904763,0.0013434386,0.009103741,0.009803923,0.010752689,0.011904762,0.009345794,0.009433962,0.009558151,0.010416667,0.011331717,0.009433962,0.00904411,0.009433962,0.01008658,0.01388889,,,0.0049751242622733,0.0055893831886351,0.0014961510896682,,,,0.0018207287648692,0.0023267486,0.0026246721390634,,0.0025881975889205,0.0014644222101196,0.0030119996517896,0.0008724795,0.0012095359852537,0.0011571261566132,0.0012558725429698,0.0012395300436764956,0.0012266929261386,0.0007899745833128,0.001292877132073,0.0017151955980807,0.0010178501252084
121,0.0,0.0,0.0,0.0,0.0,0.0,0.0,0.0,0.0,0.0,0.0,0.0,0.0,0.0,0.0,0.0,0.0,0.0,0.0,0.0,0.0,0.0,0.0,0.0,0.0,,,,0.0,0.0,0.0,0.0,0.0,0.0,0.0,0.0,0.0,0.0,0.0,0.0,0.0,0.0,0.0,0.0,0.0,0.0,0.0,0.0,0.0,0.0,0.0091743115,0.00952381,0.01,0.010204082,0.010989012,0.009345794,0.009772195,0.010204081,0.010345075,0.011194341,0.009615385,0.009925742,0.010416667,0.010526317,0.011494253,0.009803922,0.010204081,0.010869565,0.010989011,0.010989011,0.009803923,0.011764706,0.012579114,,0.0046948357,,0.0011098008,0.002531203,0.011764707,0.013157896,0.0021047974,0.0011742056,0.010115066,0.011764706,0.012820514,0.0022800863,0.0010163231,0.010526317,0.01156108,0.013157896,0.008027535,0.009708738,0.010482457,0.011494253,0.013698632,0.00909091,0.009615386,0.010752688,0.0121951215,0.014705883,,,,0.0019417473813518,0.0019700746051967,0.0061728396,,,0.003794266609475,0.003961862,0.0030303031671792,0.0020292667,0.001815696246922,0.0016749073984101,0.0016602750401943,0.0009819512,0.0013039796613156,0.0011366733815521,0.0022169442381709,0.002658631419762969,0.001148686511442,0.0012929493095725,0.0013694191584363,0.0013603997649624,0.0014643080066889
122,0.0,0.0,0.0,0.0,0.0,0.0,0.0,0.0,0.0,0.0,0.0,0.0,0.0,0.0,0.0,0.0,0.0,0.0,0.0,0.0,0.0,0.0,0.0,0.0,0.0,0.0,0.0,0.0,0.0,0.0,0.0,0.0,0.0,0.0,0.0,0.0,0.0,0.0,0.0,0.0,0.0,0.0,0.0,0.0,0.0,0.0,0.0,0.0,0.0,0.0,0.00854701,0.00932107,0.0098767225,0.010204082,0.010811127,0.009398695,0.009780126,0.010101011,0.01025668,0.010869565,0.01,0.01010101,0.010309279,0.010309279,0.010989011,0.010638298,0.010526316,0.010526316,0.010526316,0.011494253,0.011363637,0.010989011,0.010989011,0.010989011,0.012820513,,0.0015174502,0.0027465601,0.0013525736,0.013157896,0.0028735632,0.0026557366,0.0013723873,0.011392663,0.012987014,0.0015455979,0.0021022006,0.009981998,0.011494254,0.012820514,0.008982198,0.009485303,0.010101011,0.011235955,0.012987013,0.0074074077,0.009259259,0.00990099,0.010869565,0.012820514,0.04761905,0.0625,,,0.0014974672812968,,,,0.0020857765339314,0.0013555601,0.0053475936874747,,0.0023157631512731,0.0016279076226055,0.0014593777013942,0.0009807184,0.0012430322822183,0.0022791817318648,0.0021163804922252,0.001456580706872046,0.0019632447510957,0.0010241622803732,0.0014062802074477,0.001353170722723,0.0009902192978188
123,0.0,0.0,0.0,0.0,0.0,0.0,0.0,0.0,0.0,0.0,0.0,0.0,0.0,0.0,0.0,0.0,0.0,0.0,0.0,0.0,0.0,0.0,0.0,0.0,0.0,0.01010101,0.01010101,0.009803922,0.00952381,0.0091743115,0.012987013,0.0125,0.011627907,0.010638298,0.009615385,0.015151516,0.015384616,0.013513514,0.011111111,0.01,0.010752688,,0.010638298,0.0,0.0,0.0,0.0,0.0,0.0,0.0,0.009453928,0.010204081,0.010869565,0.011494253,0.012048195,0.010526317,0.010989012,0.011235955,0.011627908,0.011904763,0.011494253,0.011627907,0.011363637,0.011494253,0.011904763,0.012658229,0.011764706,0.011494253,0.011494253,0.013072454,0.012579114,0.012048194,0.011363637,0.013513514,0.015625,,0.0038167941,0.003625361,0.0012016449,0.013513515,0.00066791516,0.003018732,0.0018206511,0.011829348,0.013157896,0.0019476747,0.009010714,0.010752688,0.011764707,0.012678513,0.0009784253,0.010309279,0.010752688,0.011494253,0.011764706,0.00081002404,0.0012325337,0.010309279,0.010752689,0.013157896,,,,0.0046728970482945,0.0018629829864948,0.0027322404,,0.0038314177654683,0.0017157845431938,0.0035070262,0.0019880717154592,0.0014610961,0.0034121279604732,0.0010833225678652,0.0011287248926237,0.00091987255,0.0010384919587522,0.001052901847288,0.0011430487502366,0.0022766210604459047,0.0012085989583283,0.0028911426197737,0.0021061161532998,0.0013659361284226,0.0013356426497921
124,0.0,0.0,0.0,0.0,0.0,0.0,0.0,0.0,0.0,0.0,0.0,0.0,0.0,0.0,0.0,0.0,0.0,0.0,0.0,0.0,0.0,0.0,0.0,0.0,0.0,0.0,0.0,0.0,0.0,0.0,0.0,0.0,0.0,0.0,0.0,0.0,0.0,0.0,0.0,0.0,0.0,0.0,0.0,0.0,0.0,0.0,0.0,0.0,0.0,0.0,0.01010101,0.010204082,0.010869565,0.011111111,0.011111111,0.010526317,0.010869565,0.011494253,0.011627907,0.011363637,0.011627907,0.011904762,0.012345679,0.0121951215,0.011904762,0.01388889,0.01388889,0.013333333,0.012987013,0.013698631,0.019607844,0.01923077,0.01754386,0.015625,0.014705883,,0.0028463225,0.0014502746,0.011111112,0.012345679,0.0031948884,0.0028357,0.01,0.011363637,0.01246142,0.0017145175,0.009918992,0.0106382985,0.011235955,0.012345679,0.0077669914,0.01010101,0.0106382985,0.011235955,0.012820514,0.010000001,0.010101011,0.010869565,0.011627908,0.015384617,0.05555556,0.083333336,,0.0006105006323195,0.0027459298726171,0.05555556,,0.0006365372100844,0.0026319723110646,0.00082778616,,0.0042194095,0.0028218193911015,0.0008741539204493,0.0017057424411177,0.0021360752,0.0009382888674736,0.0012987848604097,0.0027022222056984,0.0013211272889748216,0.0011493985075503,0.0009733458864502,0.0011253866832703,0.0017155030509456,0.0030001311097294
125,0.0,0.0,0.0,0.0,0.0,0.0,0.0,0.0,0.0,0.0,0.0,0.0,0.0,0.0,0.0,0.0,0.0,0.0,0.0,0.0,0.0,0.0,0.0,0.0,0.0,,0.0,0.0,0.0,0.0,0.0,0.0,0.0,0.0,0.0,0.0,0.0,0.0,0.0,0.0,0.0,0.0,0.0,0.0,0.0,0.0,0.0,0.0,0.0,0.0,0.009803923,0.010204082,0.010526317,0.010752688,0.011235955,0.010869565,0.010989011,0.010869565,0.010869565,0.011363637,0.011904762,0.011627907,0.010989011,0.010989011,0.012345679,0.014285713,0.0121951215,0.010989011,0.012345679,0.014285713,0.015625,0.011627907,0.015873017,,,,0.0034514053,0.0041232095,0.0010256126,0.00987966,0.0014001501,0.0016448569,0.0010741979,0.011054723,0.0121951215,0.0013353118,0.0010166271,0.011235955,0.011494253,0.0121951215,0.011627907,0.011627907,0.011363638,0.011363637,0.013201755,0.011437602,0.011627908,0.010432331,0.0106382985,0.015625,,,,0.0036900369450449,0.0018351292237639,,,,0.0030052154324948,0.0025245927,,0.006423724,0.0019148469436913,0.0026174031663686,0.0015858671395108,0.0023609977,0.0009995279833674,0.0028495052829384,0.0011718072928488,0.0013755745021626353,0.0014498069649562,0.0015367333544418,0.0011392367305234,0.0011899726232513,0.00155142811127
126,0.0,0.0,0.0,0.0,0.0,0.0,0.0,0.0,0.0,0.0,0.0,0.0,0.0,0.0,0.0,0.0,0.0,0.0,0.0,0.0,0.0,0.0,0.0,0.0,0.0,0.0,0.0,0.0,0.0,0.0,0.0,0.0,0.0,0.0,0.0,0.0,0.0,0.0,0.0,0.0,0.0,0.0,0.0,0.0,0.0,0.0,0.0,0.0,0.0,0.0,0.010416668,0.010204082,0.010204081,0.010309279,0.0106382985,0.010752688,0.010752688,0.010752688,0.010526317,0.010791647,0.011764706,0.011363637,0.010989012,0.010752688,0.011111112,0.013698631,0.0121951215,0.011278517,0.010869565,0.013513514,0.016393444,0.012345679,0.011494253,0.010273973,,,0.0033776972,0.001497681,0.0017022168,0.01234568,0.0008716309,0.0024626672,0.0028393622,0.010989012,0.012345679,0.0016099977,0.004005557,0.010416667,0.011111112,0.011904762,0.009564369,0.010526316,0.010526317,0.010752688,0.011407176,0.010752688,0.010309279,0.010309279,0.010661176,0.0121951215,,,0.0012300122762098,0.0006443299935199,0.0028163813985884,,,,0.0011737188324332,0.0019194284,,,0.0024786244612187,0.0010690233903005,0.00147397571709,0.0024411639,0.0010813031112775,0.0018433609511703,0.0024928192142397,0.0015530374366790056,0.0016580722294747,0.0018418121617287,0.0010462381178513,0.0008285710355266,0.0011101472191512
127,0.0,0.0,0.0,0.0,0.0,0.0,0.0,0.0,0.0,0.0,0.0,0.0,0.0,0.0,0.0,0.0,0.0,0.0,0.0,0.0,0.0,0.0,0.0,0.0,0.0,0.0,0.0,0.0,0.0,0.0,0.0,0.0,0.0,0.0,0.0,0.0,0.0,0.0,0.0,0.0,0.0,0.0,0.0,0.0,0.0,0.0,0.0,0.0,0.0,0.0,0.00990099,0.009708738,0.009523811,0.009803922,0.01010101,0.010309279,0.010101011,0.009803922,0.00990099,0.010204081,0.010989011,0.010526316,0.01,0.01,0.010526316,0.011696307,0.010989011,0.01,0.01,0.010638298,0.013606072,0.012345679,0.009803922,0.0,0.0,,0.0015040694,0.0034127766,0.010309279,0.011904763,0.0029588942,0.0026701875,0.009821571,0.011111112,0.012048194,0.0022540882,0.009239131,0.010989012,0.011111112,0.011904762,0.011494253,0.011235955,0.010869565,0.011111112,0.012345679,0.011904763,0.011235955,0.010869565,0.011235955,0.014285713,0.033333335,0.037037037,,,0.0032370123080909,0.05555556,,,0.0019250945188105,0.0015349244,,0.006451613,0.0012337488587945,0.0011831521987915,0.0013223006390035,0.0015300468,0.0027828351594507,0.0010241213021799,0.0015652801375836,0.0019001426408067346,0.0011623477330431,0.0015584597131237,0.0013220065739005,0.010000167414546,0.01098901219666
