achB,0.01333,0.01333,0.01333,0.01333,0.01333,0.01333,0.01333,0.01333,0.01333,0.01333,0.01333,0.01333,0.01333,0.01333,0.01333,0.01333,0.01333,0.01333,0.01333,0.01333,0.01333,0.01333,0.01333,0.01333,0.01333,0.02,0.02,0.02,0.02,0.02,0.02,0.02,0.02,0.02,0.02,0.02,0.02,0.02,0.02,0.02,0.02,0.02,0.02,0.02,0.02,0.02,0.02,0.02,0.02,0.02,0.03,0.03,0.03,0.03,0.03,0.03,0.03,0.03,0.03,0.03,0.03,0.03,0.03,0.03,0.03,0.03,0.03,0.03,0.03,0.03,0.03,0.03,0.03,0.03,0.03,0.045,0.045,0.045,0.045,0.045,0.045,0.045,0.045,0.045,0.045,0.045,0.045,0.045,0.045,0.045,0.045,0.045,0.045,0.045,0.045,0.045,0.045,0.045,0.045,0.045,0.0675,0.0675,0.0675,0.0675,0.0675,0.0675,0.0675,0.0675,0.0675,0.0675,0.0675,0.0675,0.0675,0.0675,0.0675,0.0675,0.0675,0.0675,0.0675,0.0675,0.0675,0.0675,0.0675,0.0675,0.0675
gabaB,0.01333,0.01333,0.01333,0.01333,0.01333,0.02,0.02,0.02,0.02,0.02,0.03,0.03,0.03,0.03,0.03,0.045,0.045,0.045,0.045,0.045,0.0675,0.0675,0.0675,0.0675,0.0675,0.01333,0.01333,0.01333,0.01333,0.01333,0.02,0.02,0.02,0.02,0.02,0.03,0.03,0.03,0.03,0.03,0.045,0.045,0.045,0.045,0.045,0.0675,0.0675,0.0675,0.0675,0.0675,0.01333,0.01333,0.01333,0.01333,0.01333,0.02,0.02,0.02,0.02,0.02,0.03,0.03,0.03,0.03,0.03,0.045,0.045,0.045,0.045,0.045,0.0675,0.0675,0.0675,0.0675,0.0675,0.01333,0.01333,0.01333,0.01333,0.01333,0.02,0.02,0.02,0.02,0.02,0.03,0.03,0.03,0.03,0.03,0.045,0.045,0.045,0.045,0.045,0.0675,0.0675,0.0675,0.0675,0.0675,0.01333,0.01333,0.01333,0.01333,0.01333,0.02,0.02,0.02,0.02,0.02,0.03,0.03,0.03,0.03,0.03,0.045,0.045,0.045,0.045,0.045,0.0675,0.0675,0.0675,0.0675,0.0675
gluB,0.01333,0.02,0.03,0.045,0.0675,0.01333,0.02,0.03,0.045,0.0675,0.01333,0.02,0.03,0.045,0.0675,0.01333,0.02,0.03,0.045,0.0675,0.01333,0.02,0.03,0.045,0.0675,0.01333,0.02,0.03,0.045,0.0675,0.01333,0.02,0.03,0.045,0.0675,0.01333,0.02,0.03,0.045,0.0675,0.01333,0.02,0.03,0.045,0.0675,0.01333,0.02,0.03,0.045,0.0675,0.01333,0.02,0.03,0.045,0.0675,0.01333,0.02,0.03,0.045,0.0675,0.01333,0.02,0.03,0.045,0.0675,0.01333,0.02,0.03,0.045,0.0675,0.01333,0.02,0.03,0.045,0.0675,0.01333,0.02,0.03,0.045,0.0675,0.01333,0.02,0.03,0.045,0.0675,0.01333,0.02,0.03,0.045,0.0675,0.01333,0.02,0.03,0.045,0.0675,0.01333,0.02,0.03,0.045,0.0675,0.01333,0.02,0.03,0.045,0.0675,0.01333,0.02,0.03,0.045,0.0675,0.01333,0.02,0.03,0.045,0.0675,0.01333,0.02,0.03,0.045,0.0675,0.01333,0.02,0.03,0.045,0.0675
0,0.0,0.0,0.0,0.0,0.0,0.0,0.0,0.0,0.0,0.0,0.0,0.0,0.0,0.0,0.0,0.0,0.0,0.0,0.0,0.0,0.0,0.0,0.0,0.0,0.0,0.0,0.0,0.0,0.0,0.0,0.0,0.0,0.0,0.0,0.0,0.0,0.0,0.0,0.0,0.0,0.0,0.0,0.0,0.0,0.0,0.0,0.0,0.0,0.0,0.0,0.009727775,0.0091743115,0.009259259,0.009345794,0.009803922,0.00952381,0.00952381,0.00952381,0.009433962,0.009803922,0.010204081,0.01,0.009708738,0.00952381,0.01,0.011627907,0.010526316,0.00990099,0.009803922,0.010526316,0.014084508,0.010989011,0.010869565,0.0091743115,0.0,nan,0.0034129696,0.0031229674,0.001286416,0.010989012,0.0019689426,0.00304858,0.008620691,0.01,0.011111112,0.0011131145,0.008695652,0.009433962,0.01010101,0.011111111,0.008928572,0.0091743115,0.009433962,0.01,0.011152726,0.00900901,0.009090909,0.009615386,0.010309279,0.012500001,nan,nan,nan,nan,0.002425167,nan,nan,nan,0.0013614545,0.00307756,0.0025445293,nan,0.0012916053,0.002729169,0.0,0.0027457527,0.0010790427,,,0.010064467,0.0010562727,0.00092714623,,,
1,0.0,0.0,0.0,0.0,0.0,0.0,0.0,0.0,0.0,0.0,0.0,0.0,0.0,0.0,0.0,0.0,0.0,0.0,0.0,0.0,0.0,0.0,0.0,0.0,0.0,0.0,0.0,0.0,0.0,0.0,0.0,0.0,0.0,0.0,0.0,0.0,0.0,0.0,0.0,0.0,0.0,0.0,0.0,0.0,0.0,0.0,0.0,0.0,0.0,0.0,0.009090909,0.009259259,0.009708739,0.009925743,0.010526317,0.009708738,0.00990099,0.01010101,0.00990099,0.010204082,0.010752688,0.0106382985,0.010526316,0.00990099,0.010204082,0.012048194,0.0125,0.011363637,0.00990099,0.010101011,0.015873017,0.015625,0.010752688,0.009677621,0.00911871,nan,0.004048583,0.0021520786,0.0013681029,0.012987013,0.001726507,0.002205048,0.0036932798,0.011494253,0.012658228,0.002282841,0.0012280091,0.0106382985,0.011363637,0.012345679,0.00918769,0.010453217,0.010769385,0.010889473,0.012220214,0.0087673385,0.0103859855,0.01,0.010526317,0.011494253,nan,nan,nan,0.0013580145,nan,nan,nan,nan,nan,0.0033867178,nan,0.0021033946,0.0020763793,0.0014077649,0.0,0.0020857488,0.0012351979,,,0.0011559435,0.001414795,0.0014553869,,,
2,0.0,0.0,0.0,0.0,0.0,0.0,0.0,0.0,0.0,0.0,0.0,0.0,0.0,0.0,0.0,0.0,0.0,0.0,0.0,0.0,0.0,0.0,0.0,0.0,0.0,0.0,0.0,0.0,0.0,0.0,0.0,0.0,0.0,0.0,0.0,0.0,0.0,0.0,0.0,0.0,0.0,0.0,0.0,0.0,0.0,0.0,0.0,0.0,0.0,0.0,0.008130083,0.008403362,0.00854701,0.008670664,0.0088495575,0.008695652,0.00877193,0.0088495575,0.00877193,0.0088495575,0.00900901,0.00900901,0.00900901,0.00877193,0.0088495575,0.0091743115,0.009090909,0.009090909,0.00877193,0.0088495575,0.009345794,0.009259259,0.009090909,0.0088495575,0.00900901,nan,0.0013799611,0.001642996,0.0016078863,0.0110348,0.0028336125,0.0031292695,0.0018167894,0.00990099,0.010752688,0.0012375289,0.0032697925,0.00928286,0.009615386,0.010204081,0.00877193,0.009150482,0.00909091,0.009433962,0.010204081,0.008695652,0.00877193,0.009174312,0.009523811,0.010752688,0.03125,nan,nan,nan,0.0006333122,nan,0.015873017,0.005376344,0.0026098825,0.0019265247,nan,0.004854369,0.0019682697,0.0013682226,0.0,0.0011475015,0.00093001354,,,0.001109848,0.0016291691,0.0013876853,,,
3,0.0,0.0,0.0,0.0,0.0,0.0,0.0,0.0,0.0,0.0,0.0,0.0,0.0,0.0,0.0,0.0,0.0,0.0,0.0,0.0,0.0,0.0,0.0,0.0,0.0,0.0,0.0,0.0,0.0,0.0,0.0,0.0,0.0,0.0,0.0,0.0,0.0,0.0,0.0,0.0,0.0,0.0,0.0,0.0,0.0,0.0,0.0,0.0,0.0,0.0,0.0092857145,0.010309279,0.010869565,0.010989011,0.011494253,0.010416667,0.010752688,0.010989011,0.010869565,0.011363637,0.010989011,0.011111111,0.010989011,0.010869565,0.011627907,0.011235955,0.011111111,0.011111111,0.011111111,0.013698631,0.011976479,0.011111111,0.011363637,0.014084508,0.0,nan,0.0032372014,0.002617801,0.009761049,0.013333334,0.0019430819,0.0023489539,0.0010237371,0.011764707,0.012820514,0.00218561,0.0065976474,0.010752688,0.011551534,0.012658229,0.00095355907,0.0077319597,0.010526317,0.011363637,0.0121951215,0.009907179,0.008092724,0.010112463,0.010869565,0.014705883,nan,nan,0.0054347827,nan,0.004471268,0.0040816325,nan,nan,0.0006006006,0.0032677401,0.003164557,0.0033943164,0.004461658,0.0015391586,0.0,0.0017686338,0.0014478157,,,0.0011522376,0.0022366862,0.00097238953,,,
4,0.0,0.0,0.0,0.0,0.0,0.0,0.0,0.0,0.0,0.0,0.0,0.0,0.0,0.0,0.0,0.0,0.0,0.0,0.0,0.0,0.0,0.0,0.0,0.0,0.0,0.0,0.0,0.0,0.0,0.0,0.0,0.0,0.0,0.0,0.0,0.0,0.0,0.0,0.0,0.0,0.0,0.0,0.0,0.0,0.0,0.0,0.0,0.0,0.0,0.0,0.010526317,0.010869565,0.011363637,0.012048195,0.012820514,0.010989011,0.011363637,0.011764707,0.0121951215,0.012987013,0.011494253,0.011764707,0.012048195,0.012500001,0.013513515,0.0121951215,0.0121951215,0.012658229,0.013333334,0.013888891,0.012422839,0.010802469,0.012500001,0.013453454,0.015384616,nan,0.0034013605,0.0023383535,0.012658228,0.014492754,0.004473892,0.0011725955,0.011015326,0.012987013,0.014285713,0.0017554187,0.010752688,0.011764706,0.012820514,0.014285713,0.010416667,0.010989012,0.011494253,0.012658228,0.014925375,0.01010101,0.010485198,0.011363637,0.012500001,0.011579458,nan,nan,nan,0.0027247956,0.0016508959,nan,nan,nan,0.0027315188,0.0018897355,nan,0.0029926065,0.00243655,0.0024395809,0.0,0.0014383418,0.0010133805,,,0.0009463618,0.0032858928,0.0014814102,,,
5,0.0,0.0,0.0,0.0,0.0,0.0,0.0,0.0,0.0,0.0,0.0,0.0,0.0,0.0,0.0,0.0,0.0,0.0,0.0,0.0,0.0,0.0,0.0,0.0,0.0,0.0037453184,0.0,0.0,0.0,0.0,0.0,0.0,0.0,0.0,0.0,0.0,0.0,0.0,0.0,0.0,0.0,0.0,0.0,0.0,0.0,0.0,0.0,0.0,0.0,0.0,0.0091743115,0.01,0.010869565,0.011494253,0.0122704,0.00990099,0.010526316,0.011111112,0.011407176,0.012048195,0.010526316,0.010869565,0.011111112,0.011235955,0.011904763,0.011363637,0.011428945,0.011235955,0.010989012,0.011764706,0.01388889,0.011428945,0.011627908,0.012658228,0.013333333,nan,0.006024097,0.001803717,0.0011720097,0.011877829,0.0017325042,0.0016031628,0.0010392244,0.009261656,0.012977802,0.001126403,0.0011682077,0.0076072277,0.011945744,0.013333334,0.0011358076,0.007292078,0.010416667,0.011400956,0.013157896,0.009016523,0.0073096287,0.010000001,0.011111112,0.013201755,nan,nan,nan,0.005050505,0.0015534721,nan,nan,nan,0.0012254902,0.0017070692,0.001618123,0.0015466278,0.0021493875,0.0014979342,0.0,0.0018481531,0.0012747826,,,0.0016258485,0.0014897895,0.0013743793,,,
6,0.0,0.0,0.0,0.0,0.0,0.0,0.0,0.0,0.0,0.0,0.0,0.0,0.0,0.0,0.0,0.0,0.0,0.0,0.0,0.0,0.0,0.0,0.0,0.0,0.0,0.0,0.0,0.0,0.0,0.0,0.0,0.0,0.0,0.0,0.0,0.0,0.0,0.0,0.0,0.0,0.0,0.0,0.0,0.0,0.0,0.0,0.0,0.0,0.0,0.0,0.010093167,0.010869565,0.011235955,0.011627908,0.012500001,0.010989012,0.011235955,0.011363637,0.011764707,0.012658228,0.011494253,0.011494253,0.011627907,0.012000385,0.013157896,0.012048194,0.011764706,0.011904762,0.0121951215,0.014084508,0.012345679,0.011627907,0.012048194,0.015384616,nan,nan,0.0032331317,0.0020461695,0.012345679,0.013698632,0.002664646,0.0019992485,0.0018289685,0.01239712,0.013513514,0.0022774201,0.0011629947,0.011363637,0.012345679,0.013513514,0.00994354,0.011004275,0.011494254,0.012048195,0.014285713,0.010956435,0.010886629,0.011627908,0.0121951215,0.015625,nan,nan,nan,0.002096436,0.0027976527,nan,nan,nan,0.003972131,0.0018895513,0.0032798932,0.0020303898,0.0024363834,0.0014124047,0.0,0.002954535,0.0017909136,,,0.0013818151,0.0022674517,0.0012377418,,,
7,0.0,0.0,0.0,0.0,0.0,0.0,0.0,0.0,0.0,0.0,0.0,0.0,0.0,0.0,0.0,0.0,0.0,0.0,0.0,0.0,0.0,0.0,0.0,0.0,0.0,0.0,0.010989011,0.010638298,0.004166667,0.0,0.0,0.0,0.0,0.0,0.0,0.0,0.0,0.0,0.0,0.0,0.0,0.0,0.0,0.0,0.0,0.0,0.0,0.0,0.0,0.0,0.0106382985,0.011363637,0.012345679,0.013333333,0.014492754,0.011363637,0.012048195,0.012658228,0.013333334,0.014492754,0.012345679,0.012820513,0.013157896,0.013698632,0.014084508,0.01388889,0.014084508,0.013157896,0.013333334,0.01388889,0.015625,0.014599319,0.012658228,0.013698632,0.015873017,nan,0.003436426,0.0038843537,0.0016293677,0.015625,0.0024565689,0.0024855533,0.00094687054,0.013493494,0.015151516,0.001396696,0.002276413,0.012048194,0.013157896,0.014925375,0.011235955,0.011627907,0.012048195,0.013157896,0.015384617,0.011627908,0.011494253,0.011627908,0.012658228,0.014084509,0.0076335883,nan,nan,nan,0.0022923127,0.0088495575,nan,nan,0.00153114,0.0017496294,0.0023809525,0.0016619018,0.0016136734,0.0015150467,0.0,0.0021987683,0.0038762991,,,0.002012535,0.0016738125,0.001390214,,,
8,0.0,0.0,0.0,0.0,0.0,0.0,0.0,0.0,0.0,0.0,0.0,0.0,0.0,0.0,0.0,0.0,0.0,0.0,0.0,0.0,0.0,0.0,0.0,0.0,0.0,0.008264462,0.0071942443,0.0027397263,0.0,0.0,0.0,0.0,0.0,0.0,0.0,0.0,0.0,0.0,0.0,0.0,0.0,0.0,0.0,0.0,0.0,0.0,0.0,0.0,0.0,0.0,0.009615385,0.01,0.0106382985,0.011235955,0.011904762,0.00990099,0.010416667,0.010752688,0.011111111,0.011904763,0.010416667,0.0106382985,0.010989011,0.011235955,0.012048195,0.010752688,0.010752688,0.011363637,0.011494253,0.012345679,0.010752688,0.011235955,0.011627908,0.0125,0.014084508,nan,0.0034538843,0.0029767402,0.0012303351,0.013513515,0.00081890234,0.0014647158,0.0029612773,0.011764707,0.013333334,0.0021367522,0.00913339,0.010416667,0.011627908,0.013089542,0.0013790246,0.009615385,0.010159908,0.011363637,0.012987013,0.00925926,0.009345794,0.010152546,0.011235955,0.012658228,nan,nan,0.0006131208,nan,0.0017475091,nan,0.0037313437,nan,0.0032624407,0.0012451673,0.0038022813,nan,0.0018301931,0.0017351764,0.0,0.0012642583,0.0015210807,,,0.002105177,0.0014355528,0.0019593663,,,
9,0.0,0.0,0.0,0.0,0.0,0.0,0.0,0.0,0.0,0.0,0.0,0.0,0.0,0.0,0.0,0.0,0.0,0.0,0.0,0.0,0.0,0.0,0.0,0.0,0.0,0.0,0.0,0.0,0.0,0.0,0.0,0.0,0.0,0.0,0.0,0.0,0.0,0.0,0.0,0.0,0.0,0.0,0.0,0.0,0.0,0.0,0.0,0.0,0.0,0.0,0.008547009,0.00877193,0.0088495575,0.00909091,0.00952381,0.009302527,0.009259259,0.009259259,0.009345794,0.01,0.010204081,0.009803922,0.009615385,0.009433962,0.010204081,0.015384616,0.010309279,0.010638298,nan,0.0,0.015873017,nan,0.0,0.0015822785,0.0,nan,0.0033694305,0.0031771236,0.0106382985,0.011627907,0.0010156579,0.0028482068,0.009170785,0.0106382985,0.011194341,0.0020753513,0.0090408595,0.009803923,0.010309279,0.011627908,0.009259259,0.009433962,0.009433962,0.010204081,0.013274854,0.009523811,0.009191302,0.009708738,0.011627908,0.016129032,nan,nan,nan,nan,0.002279668,nan,nan,nan,0.0020156994,0.0016860919,0.0006079027,0.003236719,0.0013326041,0.003999493,0.0,0.0016885621,0.0022908258,,,0.0025597303,0.0013038612,0.0012782625,,,
10,0.0,0.0,0.0,0.0,0.0,0.0,0.0,0.0,0.0,0.0,0.0,0.0,0.0,0.0,0.0,0.0,0.0,0.0,0.0,0.0,0.0,0.0,0.0,0.0,0.0,0.0,0.0,0.0,0.0,0.0,0.0,0.0,0.0,0.0,0.0,0.0,0.0,0.0,0.0,0.0,0.0,0.0,0.0,0.0,0.0,0.0,0.0,0.0,0.0,0.0,0.008928572,0.00990099,0.010752688,0.011627908,0.012658228,0.009708739,0.010309279,0.010869565,0.011494253,0.012345679,0.010204081,0.010526317,0.010752688,0.011363637,0.012345679,0.010526316,0.010416667,0.010638298,0.011719107,0.011904763,0.010309279,0.010416667,0.010638298,0.011627908,0.01388889,nan,0.003039514,0.0025601313,0.0009372152,0.014705883,0.0023439364,0.0017636684,0.0011443364,0.012195122,0.014084509,0.0023994027,0.0010430014,0.010526317,0.012048195,0.013698632,0.00909091,0.009615386,0.010416668,0.011764707,0.01388889,0.009345794,0.009270076,0.00990099,0.011764707,0.013698631,nan,nan,nan,nan,0.0030222686,0.0006385696,nan,nan,0.0015125226,0.0017034889,nan,0.004209482,0.0021089462,0.0024572813,0.0,0.0012259262,0.0013789245,,,0.0013328716,0.0009493459,0.0016582183,,,
11,0.0,0.0,0.0,0.0,0.0,0.0,0.0,0.0,0.0,0.0,0.0,0.0,0.0,0.0,0.0,0.0,0.0,0.0,0.0,0.0,0.0,0.0,0.0,0.0,0.0,0.007246377,nan,nan,0.0,0.0,0.0,0.0,0.0,0.0,0.0,0.0,0.0,0.0,0.0,0.0,0.0,0.0,0.0,0.0,0.0,0.0,0.0,0.0,0.0,0.0,0.00877193,0.00909091,0.009345794,0.009615385,0.010204082,0.009345794,0.009433962,0.009708738,0.00990099,0.010752688,0.00990099,0.009708738,0.010204081,0.010526317,0.011904762,0.01010101,0.009708738,0.011494253,0.012987013,0.013157896,0.009345794,0.014285713,0.014492754,nan,nan,nan,0.0026360524,0.0024816177,0.010989012,0.011764707,0.0025169211,0.00092261145,0.00990099,0.0106382985,0.011111111,0.0012604756,0.009433962,0.009803923,0.009803923,0.011627908,0.009433962,0.009433962,0.009433962,0.010204081,0.012820514,0.0069905035,0.009259259,0.009433962,0.013513514,0.015625,nan,nan,nan,nan,0.0044389074,nan,nan,0.0074626873,0.0038549795,0.002291156,0.0047393367,nan,0.002207039,0.0009399525,0.0,0.0012060887,0.0019302666,,,0.0009846943,0.0012448217,0.0017682441,,,
12,0.0,0.0,0.0,0.0,0.0,0.0,0.0,0.0,0.0,0.0,0.0,0.0,0.0,0.0,0.0,0.0,0.0,0.0,0.0,0.0,0.0,0.0,0.0,0.0,0.0,0.010752688,0.010869565,0.010752688,0.010309279,0.01010101,0.0121951215,0.0121951215,0.011764706,0.010752688,0.01010101,0.013698631,0.014084508,0.013157896,0.010638298,0.010416667,0.0006373486,nan,0.011494253,0.0,0.0,0.0,0.0,0.0,0.0,0.0,0.009615386,0.01010101,0.010752688,0.011363637,0.012048195,0.010416667,0.010752688,0.011111112,0.011494253,0.0121951215,0.011111112,0.011194341,0.011235955,0.011627908,0.012500001,0.011764707,0.011363637,0.011627908,0.0121951215,0.013513515,0.011538804,0.011363637,0.012500001,0.014705884,0.015384617,nan,0.0037250295,0.0033480101,0.01063327,0.012820513,0.0024676528,0.0009409789,0.009043536,0.011494254,0.0127556,0.0032566309,0.005342809,0.009197992,0.011494253,0.012345679,0.0011111893,0.009123698,0.010752688,0.011363637,0.012048194,0.009941091,0.01010101,0.009718257,0.010969104,0.013888891,nan,nan,nan,nan,0.0034970585,nan,nan,0.004032258,0.0006056936,0.0010879787,nan,0.0025801987,0.0024708724,0.002017192,0.0,0.0012352089,0.0009143222,,,0.0010012275,0.0011957769,0.001755197,,,
13,0.0,0.0,0.0,0.0,0.0,0.0,0.0,0.0,0.0,0.0,0.0,0.0,0.0,0.0,0.0,0.0,0.0,0.0,0.0,0.0,0.0,0.0,0.0,0.0,0.0,0.0,0.0,0.0,0.0,0.0,0.0,0.0,0.0,0.0,0.0,0.0,0.0,0.0,0.0,0.0,0.0,0.0,0.0,0.0,0.0,0.0,0.0,0.0,0.0,0.0,0.009523811,0.01010101,0.010416667,0.010752688,0.011111111,0.01,0.010309279,0.010416667,0.010526316,0.010869565,0.010416667,0.010416667,0.010204081,0.01010101,0.010638298,0.010416667,0.01010101,0.01,0.01010101,0.01,0.010204081,0.010989011,nan,nan,nan,nan,0.00325319,0.0022346857,0.011814897,0.014925375,0.0013942148,0.0018562451,0.008411273,0.012658228,0.01425697,0.00119291,0.009668342,0.011111112,0.01234568,0.014084508,0.0090479655,0.01,0.0106382985,0.0121951215,0.012987013,0.008107236,0.009615385,0.010416668,0.011494253,0.015873019,0.0043668123,nan,nan,0.0019120459,0.0041971393,nan,nan,0.0030487804,0.002988881,0.002091292,nan,0.0024922893,0.0029453267,0.0017210592,0.0,0.0015877655,0.0010514654,,,0.0012775798,0.0019207288,0.0019758898,,,
14,0.0,0.0,0.0,0.0,0.0,0.0,0.0,0.0,0.0,0.0,0.0,0.0,0.0,0.0,0.0,0.0,0.0,0.0,0.0,0.0,0.0,0.0,0.0,0.0,0.0,0.0,0.0,0.0,0.0,0.0,0.0,0.0,0.0,0.0,0.0,0.0,0.0,0.0,0.0,0.0,0.0,0.0,0.0,0.0,0.0,0.0,0.0,0.0,0.0,0.0,0.010000001,0.009917492,0.01010101,0.010416667,0.010869565,0.010204081,0.010309279,0.010309279,0.010309279,0.010869565,0.010752688,0.0106382985,0.010416667,0.010526317,0.011235955,0.011363637,0.010752688,0.011111112,0.010989012,0.012500001,0.011363637,0.010909381,0.013698631,0.012820513,nan,nan,0.0014888913,0.0042295693,0.0012252067,0.012500001,0.0015031068,0.0025138406,0.0012442318,0.011363637,0.0121951215,0.0015274985,0.0012404276,0.0106382985,0.011235955,0.01184874,0.010388032,0.010526316,0.010526317,0.0106382985,0.011627908,0.010416667,0.010012627,0.01010101,0.010752688,0.013698631,0.019424489,0.04347826,0.019607844,0.0022389009,0.0033602375,0.06666667,nan,nan,0.0034005898,0.0025038854,0.0008387659,0.0038350206,0.0020717308,0.0019600708,0.0,0.0021452913,0.000878764,,,0.0011399788,0.0010618775,0.0009782573,,,
15,0.0,0.0,0.0,0.0,0.0,0.0,0.0,0.0,0.0,0.0,0.0,0.0,0.0,0.0,0.0,0.0,0.0,0.0,0.0,0.0,0.0,0.0,0.0,0.0,0.0,0.0,0.0,0.0,0.0,0.0,0.0,0.0,0.0,0.0,0.0,0.0,0.0,0.0,0.0,0.0,0.0,0.0,0.0,0.0,0.0,0.0,0.0,0.0,0.0,0.0,0.009259259,0.009433962,0.009708738,0.009803922,0.00990099,0.00990099,0.01006734,0.010204081,0.01,0.00990099,0.010752688,0.010752688,0.010638298,0.010204081,0.01,0.011494253,0.011494253,0.010989011,0.010204081,0.010050505,0.013157896,0.012658228,0.011764706,0.010416667,0.009345794,nan,0.0016442125,0.0018560005,0.010989012,0.012820514,0.0022984028,0.00084543735,0.0100224465,0.011627908,0.012658228,0.0048902887,0.0015948776,0.010989012,0.011764707,0.012345679,0.00967742,0.010989012,0.011235955,0.011363637,0.012048194,0.011235955,0.011111112,0.010989012,0.010989012,0.012658228,nan,nan,nan,0.0022537864,0.006329114,nan,nan,nan,0.0028780017,0.0012919125,nan,0.0038732742,0.0014439997,0.0016841642,0.0,0.0009902235,0.0015763481,,,0.0016045755,0.0009951073,0.0012865331,,,
16,0.0,0.0,0.0,0.0,0.0,0.0,0.0,0.0,0.0,0.0,0.0,0.0,0.0,0.0,0.0,0.0,0.0,0.0,0.0,0.0,0.0,0.0,0.0,0.0,0.0,0.0,0.0,0.0,0.0,0.0,0.0,0.0,0.0,0.0,0.0,0.0,0.0,0.0,0.0,0.0,0.0,0.0,0.0,0.0,0.0,0.0,0.0,0.0,0.0,0.0,0.0091743115,0.01010101,0.010869565,0.011627908,0.012658228,0.00990099,0.010416667,0.010869565,0.011363637,0.012345679,0.010309279,0.010526316,0.010752688,0.011494253,0.011673506,0.010471491,0.010309279,0.010752688,0.010989012,0.011696307,0.01003367,0.010309279,0.010869565,0.012048194,0.0,nan,nan,0.004286821,0.00997151,0.014285713,0.0023064688,0.003696531,0.008443094,0.0121951215,0.01388889,0.0011353927,0.0010204886,0.010695493,0.011904763,0.01388889,0.0010034243,0.006878336,0.010204082,0.011820729,0.014134808,0.009090909,0.009090909,0.009708738,0.010526316,0.012820514,0.004385965,nan,0.002994012,0.0022088778,nan,nan,nan,nan,0.0018111501,0.0026196688,0.0022624435,0.0026189766,0.0021192725,0.003554938,0.0,0.002518812,0.00088019605,,,0.0012526748,0.0016894186,0.0042364104,,,
17,0.0,0.0,0.0,0.0,0.0,0.0,0.0,0.0,0.0,0.0,0.0,0.0,0.0,0.0,0.0,0.0,0.0,0.0,0.0,0.0,0.0,0.0,0.0,0.0,0.0,0.011363637,0.011363637,0.0,0.0,0.0,nan,0.0,0.0,0.0,0.0,0.0,0.0,0.0,0.0,0.0,0.0,0.0,0.0,0.0,0.0,0.0,0.0,0.0,0.0,0.0,0.01,0.010526317,0.011173533,0.011764707,0.0121951215,0.010869565,0.011235955,0.011627908,0.011904763,0.0121951215,0.012048195,0.012048194,0.012345679,0.0121951215,0.012345679,0.01923077,0.01754386,0.015151516,0.0121951215,0.014705883,0.018518519,0.018518519,0.013157896,0.016666668,0.008928572,0.0039525693,0.0036730086,nan,0.0010954897,0.010781184,0.0022621283,0.0033670645,0.0010448152,0.00815025,0.013333334,0.0020233728,0.0022552907,0.007671958,0.012048195,0.012987013,0.00811696,0.0106382985,0.011363638,0.012048195,0.013698632,0.010578576,0.009166604,0.011111112,0.012384259,0.01724138,nan,nan,nan,0.0026277313,0.0036799721,nan,nan,0.0006451613,0.0022163992,0.0030304827,nan,nan,0.002652004,0.0013057047,0.0,0.002996244,0.0018227268,,,0.0015661293,0.0016321054,0.00088729576,,,
18,0.0,0.0,0.0,0.0,0.0,0.0,0.0,0.0,0.0,0.0,0.0,0.0,0.0,0.0,0.0,0.0,0.0,0.0,0.0,0.0,0.0,0.0,0.0,0.0,0.0,0.007246377,0.006289308,0.0051020407,0.0045871558,0.0031347964,0.011627907,0.009090909,0.0,0.0,0.0,0.0,0.0,0.0,0.0,0.0,0.0,0.0,0.0,0.0,0.0,0.0,0.0,0.0,0.0,0.0,0.01,0.0106382985,0.011363637,0.012345679,0.013513515,0.010526316,0.010989011,0.011627908,0.012345679,0.013513515,0.010989011,0.011363637,0.011764707,0.012500001,0.013888891,0.011299796,0.011407176,0.011696307,0.012658229,0.013333334,0.011494253,0.011627907,0.011764706,0.013157896,0.014705884,nan,0.0057618627,0.0009536772,0.005987172,0.015384616,0.0014997127,0.002793262,0.0017519745,0.013315789,0.015151516,0.00294823,0.001518535,0.0114823785,0.012987014,0.014492754,0.010204081,0.010526316,0.011363637,0.012820514,0.013712177,0.008557572,0.010000001,0.010752689,0.012107692,0.013888891,0.052631583,nan,0.0005945303,nan,nan,nan,nan,nan,0.0010209312,0.0012648905,0.002967359,0.0039151087,0.0019871139,0.0018187588,0.0,0.0012824541,0.0011216732,,,0.0020156344,0.0036452566,0.00091667613,,,
19,0.0,0.0,0.0,0.0,0.0,0.0,0.0,0.0,0.0,0.0,0.0,0.0,0.0,0.0,0.0,0.0,0.0,0.0,0.0,0.0,0.0,0.0,0.0,0.0,0.0,0.00990099,0.01025668,0.010526316,0.010638298,0.010416667,0.010638298,0.010869565,0.010989011,0.010695493,0.01010101,0.011764706,0.011904762,0.011904762,0.011111111,0.009615385,0.015151516,0.014285713,0.012987013,0.011627907,nan,0.014925375,nan,nan,nan,nan,0.008130082,0.009433962,0.011235955,0.012987013,0.014285713,0.009708738,0.0106382985,0.011904763,0.012987013,0.013698632,0.010989012,0.011494253,0.0121951215,0.012658229,0.012987013,0.011904763,0.0121951215,0.012048195,0.012345679,0.013513515,0.011904763,0.012048195,0.011111111,0.0121951215,0.014705883,nan,nan,0.0029325515,0.0016722447,0.001279976,0.0028901733,0.0024080991,0.0017574632,0.0012268685,0.010882354,0.0014236763,0.0024025373,0.0009984182,0.008928307,0.012426926,0.0006118595,0.0010784846,0.010526317,0.011494253,0.014084508,0.0024715643,0.008642647,0.01,0.011364627,0.011103588,nan,nan,0.010204081,0.003293455,0.0016863014,nan,,nan,0.0006518904,0.0029973865,0.004202349,0.003446423,0.00297415,0.0013207915,0.0,0.002600737,0.0013911425,,,0.001321299,0.0009666805,0.0012809593,,,
20,0.0,0.0,0.0,0.0,0.0,0.0,0.0,0.0,0.0,0.0,0.0,0.0,0.0,0.0,0.0,0.0,0.0,0.0,0.0,0.0,0.0,0.0,0.0,0.0,0.0,0.011363637,0.0091743115,0.0,0.0,0.0,nan,0.0,0.0,0.0,0.0,0.0,0.0,0.0,0.0,0.0,0.0,0.0,0.0,0.0,0.0,0.0,0.0,0.0,0.0,0.0,0.010432331,0.010989012,0.011428945,0.011952573,0.012987013,0.011235955,0.011494253,0.011627908,0.012048195,0.013333334,0.0121951215,0.012048194,0.011904763,0.012500001,0.014492754,0.01388889,0.013333333,0.012500001,0.014285713,0.01724138,0.016393444,0.015384616,0.017857144,0.019607844,0.01923077,nan,0.000604595,0.003096377,0.0013043692,0.014285713,0.002665045,0.0023947395,0.0010839541,0.0121951215,0.014084508,0.003022557,0.006733576,0.009120408,0.012048195,0.013157896,0.0012592961,0.008058609,0.011111112,0.012500001,0.014084509,0.0073366174,0.007959135,0.010752689,0.011904763,0.018518519,0.003289474,nan,nan,nan,0.0010086586,0.010752688,nan,0.001055101,0.0006281407,0.003300997,0.004171147,0.0006182395,0.0018136505,0.0017644091,0.0,0.0016974097,0.0010194251,,,0.001278937,0.0033409467,0.0014803164,,,
21,0.0,0.0,0.0,0.0,0.0,0.0,0.0,0.0,0.0,0.0,0.0,0.0,0.0,0.0,0.0,0.0,0.0,0.0,0.0,0.0,0.0,0.0,0.0,0.0,0.0,nan,0.0,0.0,0.0,0.0,0.0,0.0,0.0,0.0,0.0,0.0,0.0,0.0,0.0,0.0,0.0,0.0,0.0,0.0,0.0,0.0,0.0,0.0,0.0,0.0,0.009433962,0.009803922,0.010526317,0.011111112,0.011904763,0.009708738,0.010204082,0.0106382985,0.010752688,0.011627908,0.01025668,0.010416667,0.010526317,0.010752688,0.011235955,0.010752688,0.010638298,0.010526317,0.010869565,0.011764707,0.013157896,0.010869565,0.010309279,0.012048194,0.013698631,nan,0.0035725064,0.00095652527,0.0014278814,0.014705883,0.002937571,0.0023378322,0.0014344424,0.012048195,0.013698632,0.0017474539,0.0015347155,0.007905198,0.011627908,0.013363364,0.0016000087,0.009708739,0.010416667,0.011764707,0.012698412,0.009013828,0.00909091,0.009523811,0.010666896,0.012345679,nan,0.16666667,nan,0.0038440307,0.0009337036,0.004048583,0.0062111807,0.003690037,0.0015738234,0.0013551158,0.0016835016,0.0030303032,0.0026023171,0.0017284955,0.0,0.0011847618,0.0013420142,,,0.0010885325,0.001066425,0.00279341,,,
22,0.0,0.0,0.0,0.0,0.0,0.0,0.0,0.0,0.0,0.0,0.0,0.0,0.0,0.0,0.0,0.0,0.0,0.0,0.0,0.0,0.0,0.0,0.0,0.0,0.0,0.0,0.0,0.0,0.0,0.0,0.0,0.0,0.0,0.0,0.0,0.0,0.0,0.0,0.0,0.0,0.0,0.0,0.0,0.0,0.0,0.0,0.0,0.0,0.0,0.0,0.009803923,0.010282979,0.010869565,0.011111111,0.011494253,0.010204081,0.010638298,0.010869565,0.010869565,0.011111111,0.010638298,0.010869565,0.010791647,0.010752688,0.010989011,0.010869565,0.010638298,0.011111111,0.011111111,0.011363637,0.010752688,0.012048194,0.012345679,0.0,0.0,nan,0.0025875852,0.004310345,0.0009846529,0.014492754,0.0018685774,0.0036163172,0.0010525195,0.012259646,0.01388889,0.002154129,0.0021943122,0.010884496,0.011904763,0.013513515,0.009214744,0.01,0.010752689,0.011627907,0.012820514,0.009581044,0.0097206365,0.0106382985,0.011627908,0.014285713,nan,nan,nan,nan,0.0006261741,nan,nan,nan,0.00136935,0.0011022572,nan,0.0027310653,0.0022997323,0.0020301288,0.0,0.0024064216,0.0010163019,,,0.0014911562,0.0014585536,0.0031836878,,,
23,0.0,0.0,0.0,0.0,0.0,0.0,0.0,0.0,0.0,0.0,0.0,0.0,0.0,0.0,0.0,0.0,0.0,0.0,0.0,0.0,0.0,0.0,0.0,0.0,0.0,0.0,0.0,0.0,0.0,0.0,0.0,0.0,0.0,0.0,0.0,0.0,0.0,0.0,0.0,0.0,0.0,0.0,0.0,0.0,0.0,0.0,0.0,0.0,0.0,0.0,0.00990099,0.010309279,0.010869565,0.011363637,0.012048195,0.010101011,0.010526316,0.011111112,0.011627908,0.012345679,0.010526316,0.010752688,0.011494253,0.011904763,0.012658228,0.010869565,0.010869565,0.011976479,0.013157896,0.012820513,0.010869565,0.012048194,0.014285713,0.011627907,0.0,nan,0.0037496556,0.0006162188,0.0125,0.014285713,0.0018409743,0.0021815568,0.010772168,0.012526372,0.014084508,0.0023234198,0.010015949,0.011111112,0.012345679,0.013698632,0.009803923,0.010309279,0.011111112,0.012048195,0.013888891,0.009073876,0.010113894,0.011111111,0.012048194,0.015873017,nan,nan,nan,nan,nan,nan,nan,nan,0.0022139892,0.0017606436,0.0038010203,0.004548284,0.0019261464,0.0017160398,0.0,0.002331091,0.0024312015,,,0.0010611737,0.0012413823,0.0009637913,,,
24,0.0,0.0,0.0,0.0,0.0,0.0,0.0,0.0,0.0,0.0,0.0,0.0,0.0,0.0,0.0,0.0,0.0,0.0,0.0,0.0,0.0,0.0,0.0,0.0,0.0,0.0,0.0,0.0,0.0,0.0,0.0,0.0,0.0,0.0,0.0,0.0,0.0,0.0,0.0,0.0,0.0,0.0,0.0,0.0,0.0,0.0,0.0,0.0,0.0,0.0,0.01008658,0.010416667,0.010989012,0.011627908,0.0125,0.010526316,0.010869565,0.010989012,0.011363637,0.012048195,0.010869565,0.010989012,0.011111112,0.011111112,0.011627908,0.011111111,0.011111111,0.011111112,0.011111112,0.011494253,0.011111111,0.010989011,0.010752688,0.011494253,0.011904762,0.0027777778,0.0037593984,0.0034616766,0.0010541371,0.013468014,0.0029501615,0.0011775586,0.008730441,0.012987013,0.014492753,0.002219907,0.008698301,0.011627908,0.012820514,0.014084508,0.009117714,0.010752688,0.011235955,0.0125,0.012766419,0.01,0.010309279,0.010989012,0.011627907,0.013954096,nan,0.001222494,nan,0.0048309183,0.002160624,nan,0.0026737968,nan,0.002901797,0.001281538,0.0030959751,0.0044247787,0.0023581288,0.0011557473,0.0,,0.0013116312,,,0.0017983994,0.002007191,0.0022997349,,,
25,0.0,0.0,0.0,0.0,0.0,0.0,0.0,0.0,0.0,0.0,0.0,0.0,0.0,0.0,0.0,0.0,0.0,0.0,0.0,0.0,0.0,0.0,0.0,0.0,0.0,0.0,0.0,0.0,0.0,0.0,0.0,0.0,0.0,0.0,0.0,0.0,0.0,0.0,0.0,0.0,0.0,0.0,0.0,0.0,0.0,0.0,0.0,0.0,0.0,0.0,0.0091743115,0.009615385,0.01010101,0.010416667,0.010989012,0.009708738,0.01,0.010309279,0.0106382985,0.011235955,0.010309279,0.010309279,0.0106382985,0.010752688,0.011764706,0.011173533,0.010416667,0.010752688,0.011904762,0.012658228,0.01724138,0.010638298,0.014084508,0.01,0.0074626873,nan,nan,0.0023899337,0.012058689,0.013333333,0.0023000147,0.0037979144,0.0077369446,0.011904763,0.012987013,0.002064687,0.009026103,0.010989012,0.011627908,0.012820514,0.010309279,0.010526316,0.010752688,0.011235955,0.014084509,0.010526316,0.010204081,0.010869565,0.011494253,0.015625,nan,nan,nan,0.003058104,0.0011590004,0.0043668123,nan,0.002994012,0.0025318514,0.002120505,0.004032258,0.004878049,0.002199365,0.0020758053,0.0,0.001112543,0.0010228048,,,0.0016872783,0.00088102027,0.0009546965,,,
26,0.0,0.0,0.0,0.0,0.0,0.0,0.0,0.0,0.0,0.0,0.0,0.0,0.0,0.0,0.0,0.0,0.0,0.0,0.0,0.0,0.0,0.0,0.0,0.0,0.0,0.0,0.0,0.0,0.0,0.0,0.0,0.0,0.0,0.0,0.0,0.0,0.0,0.0,0.0,0.0,0.0,0.0,0.0,0.0,0.0,0.0,0.0,0.0,0.0,0.0,0.009247124,0.009345794,0.009708738,0.01,0.010638298,0.009456424,0.009708738,0.00990099,0.01010101,0.010752688,0.01,0.01,0.010152546,0.010309279,0.010869565,0.010638298,0.010309279,0.010416667,0.010526316,0.010989011,0.011235955,0.010752688,0.010416667,0.010309279,0.008474576,nan,0.0021677844,0.0017711557,0.0011389155,0.01388889,0.001668495,0.00070034,0.001971855,0.011904762,0.013333334,0.0013935885,0.0016878668,0.010416667,0.011764707,0.013157896,0.009268874,0.009803923,0.010204081,0.011494253,0.012500001,0.00893189,0.009615386,0.010309279,0.011235955,0.013698632,nan,nan,nan,nan,0.0018821316,nan,nan,nan,0.0014985946,0.0017880669,0.0029069767,0.0017730498,0.001646314,0.0022799452,0.0,0.0008773246,0.0013237634,,,0.001453294,0.0010560316,0.000882231,,,
27,0.0,0.0,0.0,0.0,0.0,0.0,0.0,0.0,0.0,0.0,0.0,0.0,0.0,0.0,0.0,0.0,0.0,0.0,0.0,0.0,0.0,0.0,0.0,0.0,0.0,0.0,0.0,0.0,0.0,0.0,0.0,0.0,0.0,0.0,0.0,0.0,0.0,0.0,0.0,0.0,0.0,0.0,0.0,0.0,0.0,0.0,0.0,0.0,0.0,0.0,0.009662062,0.01,0.01025668,0.010309279,0.010752688,0.010416667,0.010563645,0.010752688,0.010638298,0.011050061,0.011235955,0.011363637,0.011235955,0.011111111,0.011235955,0.013698631,0.0121951215,0.011764706,0.011235955,0.011904762,0.012987013,0.012345679,0.0125,0.0121951215,0.012345679,0.0042194095,0.0035842292,0.0016185701,0.011494253,0.012658229,0.0011086474,0.0010631355,0.010752688,0.011627907,0.012552744,0.009803923,0.010204081,0.010869565,0.011627907,0.012820514,0.009027297,0.010416667,0.010869565,0.011494253,0.01239712,0.010309279,0.010526317,0.011111112,0.011627908,0.013888891,nan,0.020833334,nan,0.0032258064,0.0023041475,nan,nan,nan,0.0038124486,0.0017115115,0.0006779661,0.004464286,0.0022201613,0.001118759,0.0,0.0018784477,0.0019473722,,,0.0011414492,0.0036550313,0.0016893568,,,
28,0.0,0.0,0.0,0.0,0.0,0.0,0.0,0.0,0.0,0.0,0.0,0.0,0.0,0.0,0.0,0.0,0.0,0.0,0.0,0.0,0.0,0.0,0.0,0.0,0.0,0.0,0.0,0.0,0.0,0.0,0.0,0.0,0.0,0.0,0.0,0.0,0.0,0.0,0.0,0.0,0.0,0.0,0.0,0.0,0.0,0.0,0.0,0.0,0.0,0.0,0.009615386,0.00990099,0.00990099,0.010416667,0.010752688,0.010309279,0.010309279,0.01010101,0.010526316,0.010752688,0.011363637,0.010869565,0.010416667,0.010638298,0.010638298,0.013513514,0.011494253,0.010309279,0.010204081,0.010309279,0.014285713,0.011235955,0.0,0.0,0.0,nan,0.0035971222,0.010638298,0.012345679,0.013698632,0.0028295738,0.0009249138,0.011363637,0.012345679,0.013333334,0.010291746,0.010752688,0.011363637,0.012048194,0.013157896,0.010752688,0.010869565,0.011111111,0.011904762,0.013513515,0.0106382985,0.010526317,0.011494253,0.012658229,0.014925375,0.029411767,0.045454547,0.0026595744,0.001741188,0.0011971095,nan,nan,nan,0.0010401817,0.0013882031,nan,0.0016322219,0.0019754758,0.001588951,0.0,0.0023125978,0.001401931,,,0.009302295,0.001276317,0.0019590561,,,
29,0.0,0.0,0.0,0.0,0.0,0.0,0.0,0.0,0.0,0.0,0.0,0.0,0.0,0.0,0.0,0.0,0.0,0.0,0.0,0.0,0.0,0.0,0.0,0.0,0.0,0.009615385,0.00873379,0.007042254,0.0033726909,0.0,0.010869565,0.010869565,0.0,0.0,0.0,nan,0.0,0.0,0.0,0.0,0.0,0.0,0.0,0.0,0.0,0.0,0.0,0.0,0.0,0.0,0.0106382985,0.010869565,0.011363637,0.011627908,0.012048195,0.011363637,0.011627908,0.011627908,0.011627908,0.011904763,0.0121951215,0.012048194,0.012048195,0.011764707,0.0121951215,0.012987013,0.0125,0.012345679,0.011904763,0.012658229,0.016666668,0.012820513,0.0121951215,0.012658229,0.014084508,nan,0.0022387633,0.0029265292,0.011435998,0.013513515,0.00302805,0.0027524214,0.009837971,0.012345679,0.013333333,0.001053699,0.0052455696,0.011494253,0.012295494,0.013157896,0.008007639,0.011235955,0.011363637,0.012106965,0.012500001,0.008333334,0.010869565,0.011235955,0.011627907,0.013698632,nan,nan,nan,0.0018348624,0.0050782356,nan,nan,0.0027247956,0.0015392407,0.003495165,0.0045662103,0.0029220437,0.002061889,0.0013128797,0.0,0.0013473871,0.0016630003,,,0.0010997097,0.0015918567,0.001716614,,,
30,0.0,0.0,0.0,0.0,0.0,0.0,0.0,0.0,0.0,0.0,0.0,0.0,0.0,0.0,0.0,0.0,0.0,0.0,0.0,0.0,0.0,0.0,0.0,0.0,0.0,0.010638298,0.011494253,0.011494253,0.009259259,0.0,nan,nan,nan,0.0,0.0,0.0,0.0,0.0,0.0,0.0,0.0,0.0,0.0,0.0,0.0,0.0,0.0,0.0,0.0,0.0,0.009708738,0.01010101,0.011363637,0.012345679,0.013333333,0.01010101,0.010869565,0.011494253,0.011976479,0.012658228,0.010752688,0.011111111,0.011363637,0.011627908,0.011904762,0.011235955,0.011363637,0.011627907,0.011627907,0.012987013,0.011764706,0.011904762,0.0121951215,0.014705883,nan,nan,0.0027932962,0.0020926474,0.001290267,0.016393444,0.0038397308,0.0013976749,0.0019413345,0.013157896,0.016564209,0.001045826,0.006874964,0.010989012,0.0125,0.014523202,0.0012629149,0.008345453,0.0106382985,0.011904763,0.014516435,0.009433962,0.007346614,0.01,0.011363637,0.0125,nan,nan,nan,nan,0.0033112583,nan,nan,nan,0.0037631027,0.0014648396,0.0044444446,nan,0.0015090981,0.0015190316,0.0,0.0019175418,0.0013146955,,,0.0013527119,0.001467943,0.002668651,,,
31,0.0,0.0,0.0,0.0,0.0,0.0,0.0,0.0,0.0,0.0,0.0,0.0,0.0,0.0,0.0,0.0,0.0,0.0,0.0,0.0,0.0,0.0,0.0,0.0,0.0,0.0,0.0,0.0,0.0,0.0,0.0,0.0,0.0,0.0,0.0,0.0,0.0,0.0,0.0,0.0,0.0,0.0,0.0,0.0,0.0,0.0,0.0,0.0,0.0,0.0,0.008361346,0.008695652,0.008889064,0.009259259,0.009615386,0.00900901,0.00900901,0.00904177,0.009259259,0.009615386,0.009345794,0.0091743115,0.009090909,0.0091743115,0.009708738,0.009433962,0.00909091,0.008928572,0.00909091,0.00990099,0.009259259,0.008928573,0.00877193,0.009345794,0.010309279,nan,0.0031055904,0.002448979,0.0009961501,0.01234568,0.0023641014,0.0014982745,0.001343623,0.0106382985,0.012048195,0.0011111345,0.00830626,0.009523811,0.010309279,0.011627907,0.008875895,0.009174312,0.00900901,0.009803923,0.010989012,0.0088495575,0.00877193,0.00900901,0.009708738,0.011764707,0.041666668,nan,nan,nan,0.0011689727,nan,nan,nan,0.0030303032,0.00097181514,0.0031347964,0.0015622097,0.0034616222,0.0028306535,0.0,0.0014815378,0.0010600504,,,0.00088996976,0.0019124545,0.00442696,,,
32,0.0,0.0,0.0,0.0,0.0,0.0,0.0,0.0,0.0,0.0,0.0,0.0,0.0,0.0,0.0,0.0,0.0,0.0,0.0,0.0,0.0,0.0,0.0,0.0,0.0,0.00990099,0.01010101,0.0091743115,0.006896552,0.0,0.013333333,0.012048194,0.01010101,0.0,0.0,nan,0.0,0.0,0.0,0.0,0.0,0.0,0.0,0.0,0.0,0.0,0.0,0.0,0.0,0.0,0.009433962,0.01010101,0.010752688,0.011235955,0.0121951215,0.010000001,0.010434942,0.010989011,0.011363637,0.012658229,0.010526316,0.010752688,0.011363637,0.011904763,0.013888891,0.010869565,0.011111112,0.011904763,0.013888891,0.015384616,0.010989012,0.011627908,0.016129032,0.01724138,0.016949153,nan,0.0036127586,nan,0.0075150514,0.013157896,0.0020160615,0.0013552078,0.008012821,0.011402822,0.012987013,0.0016029427,0.009106795,0.01,0.011363638,0.013157896,0.0009599046,0.0092707975,0.00990099,0.010869565,0.014705883,0.00900901,0.009106073,0.01010101,0.01138976,0.016949153,nan,nan,nan,0.003164557,0.002748085,nan,nan,0.0027397263,0.0022203755,0.002816731,nan,0.0006414368,0.0025827256,0.0013690392,0.0,0.0023626515,0.0012562883,,,0.0014330198,0.0015488554,0.0027348688,,,
33,0.0,0.0,0.0,0.0,0.0,0.0,0.0,0.0,0.0,0.0,0.0,0.0,0.0,0.0,0.0,0.0,0.0,0.0,0.0,0.0,0.0,0.0,0.0,0.0,0.0,0.010638298,0.010989011,0.011363637,0.011363637,0.011363637,0.012345679,0.0125,0.012658228,0.012048194,0.011627907,0.016393444,0.016949153,0.015151516,0.012658228,0.011299796,0.018867925,0.018518519,0.014285713,0.011111111,0.011111111,nan,nan,0.00952381,0.013513514,0.0,0.0013137705,0.010362974,0.011764707,0.012987013,0.014492754,0.010432331,0.011235955,0.0121951215,0.012987013,0.014084509,0.011363637,0.011904762,0.0121951215,0.012820514,0.014285713,0.0121951215,0.012345679,0.011904762,0.013157896,0.013698632,0.012345679,0.011494253,0.011764707,0.012500001,0.018350169,nan,0.0021897913,0.0022344922,0.0015890939,0.0015687674,0.0032544257,0.0023006317,0.001462647,0.00845126,0.009615386,0.0020165532,0.00089368335,0.00175895,0.010052332,0.013095237,0.0020088053,0.0010977028,0.010752689,0.011764707,0.014084508,0.0012295602,0.010107074,0.010116868,0.011494253,0.007011462,nan,nan,nan,0.002761769,0.0014173933,nan,nan,nan,0.002143645,0.0025446003,nan,0.002417111,0.0014390181,0.0026997623,0.0,0.0018707992,0.001245172,,,0.0009147562,0.001099686,0.0015734055,,,
34,0.0,0.0,0.0,0.0,0.0,0.0,0.0,0.0,0.0,0.0,0.0,0.0,0.0,0.0,0.0,0.0,0.0,0.0,0.0,0.0,0.0,0.0,0.0,0.0,0.0,nan,0.0,0.0,0.0,0.0,0.0,0.0,0.0,0.0,0.0,0.0,0.0,0.0,0.0,0.0,0.0,0.0,0.0,0.0,0.0,0.0,0.0,0.0,0.0,0.0,0.008658171,0.008695653,0.00877193,0.008474576,0.00862069,0.0091955485,0.0091743115,0.009090909,0.008571569,0.008645678,0.009615385,0.009463912,0.009433962,0.008474576,nan,0.00990099,0.00990099,nan,nan,0.022222223,nan,nan,nan,0.025641026,nan,nan,0.0037144185,0.0019209757,0.00925926,0.010869565,0.0022847527,0.0024450806,0.008617005,0.00990099,0.010416667,0.0017899681,0.008856142,0.009259259,0.009448937,0.010204081,0.009345794,0.00909091,0.009174312,0.009433962,0.010989012,0.0091743115,0.009080672,0.009345795,0.009708739,0.016666668,nan,nan,nan,0.000609038,0.0014381533,,nan,0.003781082,0.0023923446,0.0026769803,nan,nan,0.0018696277,0.0016386092,0.0,0.0023125357,0.0023407263,,,0.0015411836,0.0010347699,0.0017035283,,,
35,0.0,0.0,0.0,0.0,0.0,0.0,0.0,0.0,0.0,0.0,0.0,0.0,0.0,0.0,0.0,0.0,0.0,0.0,0.0,0.0,0.0,0.0,0.0,0.0,0.0,0.0,0.0,0.0,0.0,0.0,0.0,0.0,0.0,0.0,0.0,0.0,0.0,0.0,0.0,0.0,0.0,0.0,0.0,0.0,0.0,0.0,0.0,0.0,0.0,0.0,0.009523811,0.010204081,0.010526317,0.010989011,0.011764707,0.010526317,0.010638298,0.010869565,0.011111112,0.011858078,0.011111112,0.010989011,0.010949196,0.011111112,0.0121951215,0.011494253,0.011235955,0.011235955,0.011627908,0.013333333,0.011764706,0.011627907,0.012820513,0.014705883,0.015625,nan,0.002001161,0.0030203017,0.0023392162,0.013157896,0.0027666264,0.0018162564,0.0010713035,0.009371705,0.012820514,0.0044468464,0.0045540677,0.008012286,0.011627908,0.012500001,0.001456393,0.007893016,0.010752689,0.011363637,0.012048195,0.009832028,0.010309279,0.010416667,0.010989012,0.013513515,nan,nan,nan,nan,0.0013396442,nan,nan,nan,0.0067401966,0.0017537925,nan,0.0010792743,0.0016512437,0.0023486537,0.0,0.0026709437,0.0014148642,,,0.0019602776,0.0011971792,0.0020846196,,,
36,0.0,0.0,0.0,0.0,0.0,0.0,0.0,0.0,0.0,0.0,0.0,0.0,0.0,0.0,0.0,0.0,0.0,0.0,0.0,0.0,0.0,0.0,0.0,0.0,0.0,0.0,0.0,0.0,0.0,0.0,0.0,0.0,0.0,0.0,0.0,0.0,0.0,0.0,0.0,0.0,0.0,0.0,0.0,0.0,0.0,0.0,0.0,0.0,0.0,0.0,0.008695653,0.0089446595,0.0091743115,0.00900901,0.009090909,0.0091743115,0.009259259,0.009259259,0.008928572,0.008928572,0.00952381,0.009433962,0.009216785,0.00877193,0.00877193,0.009708738,0.009345794,0.0091743115,0.008474576,0.008695652,0.009433962,0.009216785,0.008928572,0.008196722,0.008064516,nan,0.0044444446,0.0022383078,0.010859825,0.01234568,0.0037283495,0.0024615298,0.009433962,0.010869565,0.011904762,0.0010800126,0.009192859,0.009708738,0.0106382985,0.011627907,0.0091743115,0.009345794,0.009615386,0.010309279,0.011764706,0.009259259,0.00900901,0.009345795,0.01,0.010752688,nan,nan,nan,0.0012267943,0.0029649355,nan,nan,nan,0.0010698965,0.00094091805,nan,0.000613497,0.0011848366,0.0015999917,0.0,0.0019709717,0.00087624416,,,0.0013139161,0.0008969872,0.0011766597,,,
37,0.0,0.0,0.0,0.0,0.0,0.0,0.0,0.0,0.0,0.0,0.0,0.0,0.0,0.0,0.0,0.0,0.0,0.0,0.0,0.0,0.0,0.0,0.0,0.0,0.0,0.0,0.0,0.0,0.0,0.0,0.0,0.0,0.0,0.0,0.0,0.0,0.0,0.0,0.0,0.0,0.0,0.0,0.0,0.0,0.0,0.0,0.0,0.0,0.0,0.0,0.00900901,0.009433962,0.00990099,0.010416667,0.011050061,0.009708738,0.01,0.010204081,0.010526316,0.010989011,0.010309279,0.010309279,0.010309279,0.010416667,0.010869565,0.010752688,0.010471491,0.010204081,0.010309279,0.011111111,0.010989011,0.010309279,0.01,0.010309279,0.011363637,nan,0.003489422,0.0025040468,0.010989012,0.0125,0.0013057606,0.0025953886,0.01000481,0.011235955,0.0121951215,0.0021078023,0.009797124,0.010416667,0.011111112,0.011764707,0.009911991,0.010204081,0.010416668,0.0106382985,0.011385406,0.010000001,0.009708738,0.009708738,0.010204082,0.010869565,nan,nan,nan,0.004761905,nan,0.0048076925,0.0021834061,nan,0.0016323476,0.0030203997,0.0030303032,0.008264462,0.0015110404,0.0030099468,0.0,0.00094663625,0.00094017584,,,0.0013398632,0.002039229,0.0019106123,,,
38,0.0,0.0,0.0,0.0,0.0,0.0,0.0,0.0,0.0,0.0,0.0,0.0,0.0,0.0,0.0,0.0,0.0,0.0,0.0,0.0,0.0,0.0,0.0,0.0,0.0,0.0,0.0,0.0,0.0,0.0,0.0,0.0,0.0,0.0,0.0,0.0,0.0,0.0,0.0,0.0,0.0,0.0,0.0,0.0,0.0,0.0,0.0,0.0,0.0,0.0,0.009523811,0.00990099,0.010309279,0.01,0.010416667,0.010309279,0.010526316,0.010752688,0.01010101,0.010471491,0.011111111,0.011111111,0.011111111,0.010204081,0.010638298,0.011627907,0.011494253,0.011235955,0.010204081,0.0,0.011627907,0.011627907,0.0125,0.0,0.0,nan,0.00418568,0.0033446827,0.010416667,0.011627907,0.0006931973,0.0033183182,0.009708738,0.0106382985,0.011764707,0.0014998548,0.009708738,0.010204082,0.010638298,0.012048195,0.009708738,0.00990099,0.010309279,0.010752688,0.013157896,0.009803923,0.010075757,0.010526317,0.011235955,0.01818182,nan,nan,nan,nan,0.0022478902,nan,nan,0.0020242915,0.0025329604,0.0019237929,0.0031624609,0.001837299,0.0015345272,0.0013596552,0.0,0.0010501129,0.0009737797,,,0.0021043427,0.0038264587,0.0014961145,,,
39,0.0,0.0,0.0,0.0,0.0,0.0,0.0,0.0,0.0,0.0,0.0,0.0,0.0,0.0,0.0,0.0,0.0,0.0,0.0,0.0,0.0,0.0,0.0,0.0,0.0,0.0,0.0,0.0,0.0,0.0,0.0,0.0,0.0,0.0,0.0,0.0,0.0,0.0,0.0,0.0,0.0,0.0,0.0,0.0,0.0,0.0,0.0,0.0,0.0,0.0,0.009803923,0.010101011,0.010593506,0.011363637,0.0121951215,0.01,0.010309279,0.010638298,0.011494253,0.012500001,0.010309279,0.010416667,0.010752688,0.011627908,0.012820514,0.010638298,0.010416667,0.010869565,0.012000385,0.013216375,0.010752688,0.010204081,0.011494253,0.012658229,0.014492754,nan,0.0033844714,0.0021772408,0.012345679,0.014084509,0.0022809706,0.0018746272,0.0099744145,0.01234568,0.01388889,0.0010893696,0.01,0.010752689,0.012048195,0.013698631,0.008825945,0.01010101,0.010430373,0.011904763,0.013698632,0.00952381,0.009615386,0.010752689,0.012345679,0.014705884,0.05,nan,nan,0.0006031363,0.0026306708,nan,nan,nan,0.0013449114,0.0010131847,0.0027739452,0.0028965396,0.0013841686,0.002188779,0.0,0.0010840584,0.0018877052,,,0.0010474552,0.0010688594,0.0014926702,,,
40,0.0,0.0,0.0,0.0,0.0,0.0,0.0,0.0,0.0,0.0,0.0,0.0,0.0,0.0,0.0,0.0,0.0,0.0,0.0,0.0,0.0,0.0,0.0,0.0,0.0,0.01010101,0.01,0.0091743115,0.00952381,0.009708738,0.011111111,0.010309279,0.009345794,0.0,0.0,0.0,0.0,0.0,0.0,0.0,0.0,0.0,0.0,0.0,0.0,0.0,0.0,0.0,0.0,0.0,0.009090909,0.01,0.010929288,0.011904763,0.013157896,0.010101011,0.010526316,0.011111112,0.011904763,0.013513515,0.010752688,0.010869565,0.010989012,0.012345679,0.014084509,0.011235955,0.011111111,0.011194341,0.014084509,0.015151516,0.011494253,0.011235955,0.015384616,0.01724138,0.018181818,nan,0.0021328877,0.0016381632,0.0013530015,0.0018862893,0.0033578495,0.001478384,0.0008613963,0.0013558691,0.00094032806,0.0011344827,0.002204372,0.0010633048,0.0013429339,0.0013907008,0.0011338416,0.010000154,0.007019601,0.007906628,0.014046502,0.009951385,0.01010101,0.010526316,0.011627908,0.016393444,0.052631583,0.0625,0.05555556,0.0014879488,0.0020055748,0.071428575,nan,nan,nan,0.00126281,0.003164557,0.0028404975,0.0010036752,0.001077917,0.0,0.0011644025,0.0016731112,,,0.00097214535,0.0012639356,0.0026371558,,,
41,0.0,0.0,0.0,0.0,0.0,0.0,0.0,0.0,0.0,0.0,0.0,0.0,0.0,0.0,0.0,0.0,0.0,0.0,0.0,0.0,0.0,0.0,0.0,0.0,0.0,0.0069930074,0.006578948,0.005235602,0.0026420127,0.0,0.009259259,0.009259259,0.008264462,0.0,0.0,0.012345679,nan,0.0,0.0,0.0,0.0,0.0,0.0,0.0,0.0,0.0,0.0,0.0,0.0,0.0,0.009433962,0.010309279,0.011111111,0.011764707,0.0121951215,0.010204082,0.010752688,0.011235955,0.011494253,0.012048195,0.010752688,0.010989011,0.011235955,0.011363637,0.012345679,0.011235955,0.011173533,0.011363637,0.011904763,0.013698632,0.011494253,0.011764706,0.011904763,0.014084509,0.015384616,nan,0.001429219,0.0016432642,0.012173122,0.015000756,0.0023311165,0.0018185964,0.010869565,0.012987013,0.014705884,0.0006963271,0.006686723,0.011363637,0.012820514,0.014492754,0.009803923,0.010321212,0.011235955,0.012658229,0.014705883,0.009679757,0.01010101,0.01067098,0.011872128,0.014925375,nan,nan,nan,0.0006195787,0.003815922,nan,nan,nan,0.002189964,0.0016818395,nan,nan,0.0016585733,0.0009211591,0.0,0.00086211634,0.0011962848,,,0.001218411,0.0012462538,0.0015512285,,,
42,0.0,0.0,0.0,0.0,0.0,0.0,0.0,0.0,0.0,0.0,0.0,0.0,0.0,0.0,0.0,0.0,0.0,0.0,0.0,0.0,0.0,0.0,0.0,0.0,0.0,0.008097298,0.0078125,0.0068493155,0.0045871558,0.0035587188,0.010638298,0.010989011,0.010416667,0.0074074073,0.0,0.012820513,0.013513514,nan,0.0,0.0,0.0,0.0,0.0,0.0,0.0,0.0,0.0,0.0,0.0,0.0,0.0009542541,0.010309279,0.011235955,0.012048194,0.013157896,0.010204081,0.010752688,0.011494253,0.011904763,0.012820513,0.010869565,0.011235955,0.011494253,0.011627908,0.0125,0.011363637,0.011235955,0.011363637,0.011494253,0.012048194,0.011235955,0.011363637,0.011627907,0.0121951215,0.013513514,nan,0.0029761905,0.0031309864,0.0013281067,0.014285713,0.0010940727,0.0032588928,0.0016499333,0.012048194,0.01388889,0.0011643214,0.0016067231,0.010526317,0.012048194,0.013513515,0.0015896799,0.008369272,0.01056831,0.011904763,0.013698632,0.009708739,0.009708738,0.010309279,0.011363637,0.013513515,nan,nan,nan,0.0006075334,0.0027564699,nan,nan,nan,0.0013595447,0.0023518384,nan,nan,0.0006088307,0.0015190408,0.0,0.0015956794,0.0010173343,,,0.0015538537,0.0025513966,0.0010460764,,,
43,0.0,0.0,0.0,0.0,0.0,0.0,0.0,0.0,0.0,0.0,0.0,0.0,0.0,0.0,0.0,0.0,0.0,0.0,0.0,0.0,0.0,0.0,0.0,0.0,0.0,0.0,0.0,0.0,0.0,0.0,0.0,0.0,0.0,0.0,0.0,0.0,0.0,0.0,0.0,0.0,0.0,0.0,0.0,0.0,0.0,0.0,0.0,0.0,0.0,0.0,0.007942858,0.008474577,0.00877193,0.009345794,0.009708738,0.00900901,0.00909091,0.0091743115,0.009523811,0.009772195,0.00990099,0.009708738,0.009433962,0.009615386,0.00990099,0.010526316,0.01,0.009523811,0.009708738,0.010526316,0.011235955,0.01010101,0.010416667,0.008426966,nan,nan,0.0029111344,0.00243309,0.0014330716,0.011235955,0.0016399011,0.0034197748,0.0029184266,0.010204081,0.011111112,0.0013543114,0.001958127,0.009433962,0.010204081,0.010752688,0.009345794,0.009523811,0.009615385,0.009803923,0.010526317,0.008894472,0.009628722,0.009102824,0.009708738,0.012048194,nan,nan,nan,0.0015162557,0.00060224405,0.0017030019,nan,nan,0.0019230666,0.0012712028,0.0024751266,nan,0.0025485503,0.001098611,0.0,0.001074404,0.0010289504,,,0.0014499122,0.0015235753,0.001390954,,,
44,0.0,0.0,0.0,0.0,0.0,0.0,0.0,0.0,0.0,0.0,0.0,0.0,0.0,0.0,0.0,0.0,0.0,0.0,0.0,0.0,0.0,0.0,0.0,0.0,0.0,nan,nan,0.0,0.0,0.0,0.0,0.0,0.0,0.0,0.0,0.0,0.0,0.0,0.0,0.0,0.0,0.0,0.0,0.0,0.0,0.0,0.0,0.0,0.0,0.0,0.009174312,0.009615386,0.01010101,0.010489767,0.011111112,0.009345794,0.009708738,0.010204082,0.010526317,0.011363637,0.00952381,0.00990099,0.010416667,0.010869565,0.011627908,0.00952381,0.010101011,0.0106382985,0.011235955,0.0121951215,0.009345794,0.011235955,0.011764707,0.011111112,0.011235955,nan,0.0024213076,0.002222955,0.01206452,0.01388889,0.002610011,0.001709212,0.0106382985,0.011933449,0.013698632,0.002684122,0.00990099,0.0106382985,0.011764707,0.012820514,0.009523811,0.009803923,0.0106382985,0.011494253,0.013513515,0.009433962,0.009900991,0.010989012,0.012345679,0.015151516,nan,nan,nan,0.0016006449,0.0035108645,nan,nan,nan,0.0039492133,0.0019568342,nan,0.0027675729,0.003339075,0.0017230639,0.0,0.0027300029,0.0010694666,,,0.001113111,0.0015133002,0.0025184397,,,
45,0.0,0.0,0.0,0.0,0.0,0.0,0.0,0.0,0.0,0.0,0.0,0.0,0.0,0.0,0.0,0.0,0.0,0.0,0.0,0.0,0.0,0.0,0.0,0.0,0.0,0.00990099,0.010204081,0.009803922,0.0076335883,0.005524862,0.0121951215,nan,0.012658228,0.010638298,0.0043290043,0.0,0.0,nan,0.0,0.0,0.0,0.0,0.0,0.0,0.0,0.0,0.0,0.0,0.0,0.0,0.010416668,0.010989012,0.011627907,0.011904762,0.012658228,0.010989011,0.011363637,0.011764706,0.011904763,0.012820513,0.011627907,0.011764706,0.011904762,0.012048194,0.012820513,0.0121951215,0.012048194,0.011904762,0.012345679,0.01388889,0.012345679,0.011764706,0.0121951215,0.012658228,0.016129032,nan,0.002939669,0.0036466904,0.0009019894,0.015025882,0.0013109653,0.0027162265,0.0009888298,0.012987014,0.014492755,0.0011861887,0.0009299701,0.008411177,0.012658228,0.014084509,0.0015884032,0.008413516,0.0115477145,0.012658228,0.014492755,0.010312152,0.010869565,0.010869566,0.011784715,0.013559793,nan,nan,nan,nan,0.00178407,nan,nan,nan,0.0037021888,0.001389699,0.0017064848,0.003003003,0.0024952753,0.0013077727,0.0,0.0021224264,0.001030449,,,0.002297949,0.0022752872,0.0008897971,,,
46,0.0,0.0,0.0,0.0,0.0,0.0,0.0,0.0,0.0,0.0,0.0,0.0,0.0,0.0,0.0,0.0,0.0,0.0,0.0,0.0,0.0,0.0,0.0,0.0,0.0,0.0,0.0,0.0,0.0,0.0,0.0,0.0,0.0,0.0,0.0,0.0,0.0,0.0,0.0,0.0,0.0,0.0,0.0,0.0,0.0,0.0,0.0,0.0,0.0,0.0,0.01010101,0.010752688,0.011363637,0.012048195,0.012658228,0.010869565,0.011235955,0.011627908,0.012048195,0.012500001,0.011494253,0.011627907,0.011764707,0.011904763,0.0121951215,0.012658228,0.0125,0.011904763,0.011904763,0.014285713,0.015873017,0.0125,0.015151516,nan,nan,nan,0.0021773926,0.0032208066,0.0017300947,0.014492754,0.0027493278,0.0034544175,0.00093307864,0.012500001,0.014285713,0.005637515,0.0009398066,0.0013591122,0.01234568,0.01388889,0.0076352567,0.010309279,0.010989011,0.012048195,0.012857142,0.0068781404,0.010000001,0.010526317,0.011764707,0.014084508,nan,nan,nan,nan,0.0027636562,nan,nan,nan,0.0019613663,0.0011099877,0.003690037,0.002985555,0.0024217027,0.0030635505,0.0,0.0009715326,0.0015636928,,,0.00091990334,0.0024190545,0.0019798367,,,
47,0.0,0.0,0.0,0.0,0.0,0.0,0.0,0.0,0.0,0.0,0.0,0.0,0.0,0.0,0.0,0.0,0.0,0.0,0.0,0.0,0.0,0.0,0.0,0.0,0.0,nan,0.012658228,0.0121951215,0.011904762,0.005235602,0.0,0.0,0.0,0.0,0.0,0.0,0.0,0.0,0.0,0.0,0.0,0.0,0.0,0.0,0.0,0.0,0.0,0.0,0.0,0.0,0.010416667,0.011235955,0.0121951215,0.013157896,0.014084508,0.011363637,0.011904763,0.012820513,0.013513514,0.014285713,0.012345679,0.012820513,0.013698631,0.014492754,0.014084508,0.013698631,0.014084508,0.014492754,0.014285713,0.014705883,0.014285713,0.014084508,0.014084508,0.016393444,0.0,nan,0.0030601583,0.002080795,0.012671753,0.014492753,0.0017211704,0.0014343116,0.011579305,0.012987014,0.014492754,0.0009966319,0.0106382985,0.011904762,0.013072454,0.014492754,0.010309279,0.010869566,0.011764707,0.013157896,0.013698632,0.010204081,0.010752688,0.011627908,0.0125,0.018518519,0.04761905,nan,nan,nan,0.0006160231,nan,nan,nan,0.0010820744,0.0026174274,0.0028653296,0.002967516,0.000650195,0.0012239692,0.0,0.00165145,0.0013532449,,,0.0011289503,0.0011745341,0.0013780063,,,
48,0.0,0.0,0.0,0.0,0.0,0.0,0.0,0.0,0.0,0.0,0.0,0.0,0.0,0.0,0.0,0.0,0.0,0.0,0.0,0.0,0.0,0.0,0.0,0.0,0.0,0.0,0.0,0.0,0.0,0.0,0.0,0.0,0.0,0.0,0.0,0.0,0.0,0.0,0.0,0.0,0.0,0.0,0.0,0.0,0.0,0.0,0.0,0.0,0.0,0.0,0.008474576,0.008928573,0.0091955485,0.009523811,0.009803923,0.00900901,0.0091743115,0.0091743115,0.009259259,0.009523811,0.009345794,0.009345794,0.00932416,0.009259259,0.009615386,0.00952381,0.009646503,0.009523811,0.009433962,0.00990099,0.009803922,0.009803923,0.009708738,nan,nan,0.002570694,0.001962678,0.0026198197,0.009578545,0.012987013,0.0010526674,0.0033134203,0.010204081,0.011494253,0.012658228,0.0010940356,0.009345794,0.010309279,0.011287028,0.012658228,0.009090909,0.009523811,0.009803923,0.010989012,0.011235955,0.0089975195,0.009259259,0.009708738,0.010416667,0.012048195,nan,nan,nan,0.0045454544,0.0027085997,nan,nan,0.0042194095,0.0023255814,0.0020171658,0.0013333333,0.0019880717,0.0026944254,0.0016323442,0.0,0.0015436568,0.0012862765,,,0.0012948224,0.00093950634,0.0015005096,,,
49,0.0,0.0,0.0,0.0,0.0,0.0,0.0,0.0,0.0,0.0,0.0,0.0,0.0,0.0,0.0,0.0,0.0,0.0,0.0,0.0,0.0,0.0,0.0,0.0,0.0,0.0,0.0,0.0,0.0,0.0,0.0,0.0,0.0,0.0,0.0,0.0,0.0,0.0,0.0,0.0,0.0,0.0,0.0,0.0,0.0,0.0,0.0,0.0,0.0,0.0,0.0088495575,0.0091743115,0.009615386,0.009708738,0.00952381,0.009523811,0.009803922,0.01010101,0.00990099,0.00952381,0.010309279,0.010416667,0.010638298,0.010204081,0.009708738,0.011494253,0.011764706,0.011299796,0.010638298,0.010309279,0.015625,0.014285713,0.013513514,0.006802721,0.0,nan,0.003937008,0.0032467532,0.010752689,0.011904762,0.002001255,0.0011153534,0.01010101,0.010869565,0.011627908,0.00900901,0.009433962,0.010309279,0.010752688,0.011363637,0.00925926,0.009615386,0.010309279,0.010752688,0.011811392,0.009259259,0.009763128,0.010526317,0.011363637,0.014492754,nan,nan,0.04,nan,0.0007871881,nan,nan,0.004098361,0.002071131,0.0010895146,0.0019879448,0.0026531187,0.002731083,0.0015675665,0.0,0.0014609548,0.0011002726,,,0.0026653446,0.0035812233,0.0013331464,,,
50,0.0,0.0,0.0,0.0,0.0,0.0,0.0,0.0,0.0,0.0,0.0,0.0,0.0,0.0,0.0,0.0,0.0,0.0,0.0,0.0,0.0,0.0,0.0,0.0,0.0,0.008064516,0.0077519375,0.0070921993,0.0066666664,0.0062111807,0.008064516,0.007575758,0.0066666664,0.005988024,0.0052910056,0.011363637,0.008403362,0.0051282053,0.0025062656,0.0,0.0,0.0,0.0,0.0,0.0,0.0,0.0,0.0,0.0,0.0,0.00925926,0.01,0.010869565,0.011627907,0.0121951215,0.010204081,0.0106382985,0.011111112,0.011494253,0.011764707,0.010899426,0.010989012,0.011080586,0.011111112,0.011494253,0.011363637,0.010989011,0.010869565,0.010869565,0.011627908,0.011111111,0.010752688,0.010752688,0.010989012,0.013698631,nan,0.0027751436,0.0027192512,0.0023676713,0.0015805587,0.0016492903,0.0024499793,0.0033989882,0.0012523899,0.013713268,0.0031279055,0.0020644169,0.0064916145,0.011904763,0.012987013,0.0010459955,0.008311171,0.010869565,0.011494253,0.012820514,0.010699307,0.01029759,0.010309279,0.010884496,0.011904763,nan,nan,0.0028985508,nan,0.0030244463,nan,nan,0.005882353,0.002242174,0.0012243835,nan,0.003940435,0.0014450112,0.0015725137,0.0,0.001778222,0.0012929663,,,0.0013333829,0.0028042626,0.0010458563,,,
51,0.0,0.0,0.0,0.0,0.0,0.0,0.0,0.0,0.0,0.0,0.0,0.0,0.0,0.0,0.0,0.0,0.0,0.0,0.0,0.0,0.0,0.0,0.0,0.0,0.0,0.01010101,0.00990099,0.009345794,0.008695652,0.008064516,0.0121951215,0.011764706,0.010638298,0.009345794,0.0088495575,0.012658228,nan,0.012658228,nan,nan,nan,nan,nan,0.0,0.0,0.0,0.0,0.0,0.0,0.0,0.009345794,0.010204081,0.010989011,0.011494253,0.011764706,0.010526317,0.010989012,0.011363637,0.011363637,0.011363637,0.011494253,0.011627907,0.011428945,0.010989011,0.011111111,0.0125,0.012345679,0.011299796,0.010869565,0.012048194,0.013513514,0.012820513,0.010526316,0.012345679,0.014705883,nan,0.0018181572,0.0007336758,0.001231726,0.010743757,0.003116105,0.0018435054,0.0011710966,0.011914325,0.01388889,0.0027302136,0.007091138,0.0086828815,0.011494253,0.012858937,0.0017182532,0.0075743827,0.010526316,0.010989012,0.012820514,0.01,0.010157231,0.009816055,0.010416668,0.011363637,nan,nan,nan,nan,0.0018507981,nan,nan,nan,0.0010153078,0.0019854833,0.0032258064,0.0024720551,0.0020644302,0.0013553214,0.0,0.0012330005,0.00091425097,,,0.0016735449,0.003340778,0.0034780353,,,
52,0.0,0.0,0.0,0.0,0.0,0.0,0.0,0.0,0.0,0.0,0.0,0.0,0.0,0.0,0.0,0.0,0.0,0.0,0.0,0.0,0.0,0.0,0.0,0.0,0.0,0.0,0.0,0.0,0.0,0.0,0.0,0.0,0.0,0.0,0.0,0.0,0.0,0.0,0.0,0.0,0.0,0.0,0.0,0.0,0.0,0.0,0.0,0.0,0.0,0.0,0.0088495575,0.008928572,0.009090909,0.009345794,0.00990099,0.0091743115,0.009259259,0.009345794,0.009433962,0.01,0.00975633,0.009615385,0.009433962,0.009615385,0.010204081,0.010638298,0.01,0.009433962,0.009803922,0.010526316,0.013698631,0.00990099,0.009803922,0.0,0.0,nan,0.0019995351,0.0021734529,0.010309279,0.012048195,0.0018142922,0.001642652,0.008744855,0.010989012,0.011904763,0.0011832914,0.0091743115,0.00990099,0.010989012,0.011764707,0.009345794,0.009708738,0.010101011,0.0106382985,0.011627907,0.009708738,0.009708738,0.009803923,0.010661176,0.012820514,0.0034776744,0.002770083,0.0042735045,0.0033078322,0.0030875278,nan,0.00243309,nan,0.004354423,0.0010906438,0.0012851415,0.0020120724,0.0021438207,0.0014207234,0.0,0.0020059424,0.0010336977,,,0.0015079661,0.0017437488,0.0012045422,,,
53,0.0,0.0,0.0,0.0,0.0,0.0,0.0,0.0,0.0,0.0,0.0,0.0,0.0,0.0,0.0,0.0,0.0,0.0,0.0,0.0,0.0,0.0,0.0,0.0,0.0,0.0,0.0,0.0,0.0,0.0,0.0,0.0,0.0,0.0,0.0,0.0,0.0,0.0,0.0,0.0,0.0,0.0,0.0,0.0,0.0,0.0,0.0,0.0,0.0,0.0,0.008264462,0.00877193,0.0091743115,0.009433962,0.009803923,0.0088495575,0.009090909,0.009259259,0.009345794,0.009523811,0.0091743115,0.009259259,0.009345794,0.009345794,0.009523811,0.009259259,0.009345794,0.009433962,0.009345794,0.009523811,0.009259259,0.009433962,0.009523811,0.009433962,0.009662062,nan,0.0031707666,0.002898496,0.009615385,0.011904763,0.002349057,0.002233414,0.001210944,0.010526316,0.011764707,0.0019841238,0.008498887,0.009523811,0.010309279,0.01138976,0.008695652,0.008928573,0.0091743115,0.00990099,0.011111111,0.00854701,0.00862069,0.0091743115,0.009523811,0.010526317,nan,nan,nan,0.0005945303,0.0034965037,nan,nan,nan,0.0018769698,0.0016119041,nan,0.004854369,0.0020553055,0.0036614565,0.0,0.0018145579,0.0019672879,,,0.001726071,0.0009079732,0.0027727997,,,
54,0.0,0.0,0.0,0.0,0.0,0.0,0.0,0.0,0.0,0.0,0.0,0.0,0.0,0.0,0.0,0.0,0.0,0.0,0.0,0.0,0.0,0.0,0.0,0.0,0.0,0.0,0.0,0.0,0.0,0.0,0.0,0.0,0.0,0.0,0.0,0.0,0.0,0.0,0.0,0.0,0.0,0.0,0.0,0.0,0.0,0.0,0.0,0.0,0.0,0.0,0.00909091,0.009345794,0.009803923,0.00990099,0.010526316,0.009523811,0.009803922,0.010101011,0.01,0.010638298,0.01010101,0.01010101,0.010309279,0.010204082,0.010869565,0.010526316,0.010309279,0.010526316,0.010638298,0.011494253,0.010752688,0.010638298,0.011235955,0.011627907,0.008928572,nan,0.003582278,0.0025023965,0.010869565,0.012500001,0.007575758,0.00207366,0.009803923,0.011235955,0.012658228,0.0010258957,0.009277477,0.010309279,0.011235955,0.012820514,0.00909091,0.009523811,0.010309279,0.011235955,0.012987013,0.00909091,0.009433962,0.010309279,0.011363637,0.014084509,0.052631583,nan,nan,0.0010260241,0.0018796992,nan,nan,nan,0.0017038403,0.0008583916,0.0038910503,0.0042464724,0.0021132384,0.0028321526,0.0,0.0019791573,0.0011083249,,,0.0014416657,0.0012806049,0.0011420172,,,
55,0.0,0.0,0.0,0.0,0.0,0.0,0.0,0.0,0.0,0.0,0.0,0.0,0.0,0.0,0.0,0.0,0.0,0.0,0.0,0.0,0.0,0.0,0.0,0.0,0.0,0.0,0.0,0.0,0.0,0.0,0.0,0.0,0.0,0.0,0.0,0.0,0.0,0.0,0.0,0.0,0.0,0.0,0.0,0.0,0.0,0.0,0.0,0.0,0.0,0.0,0.008547009,0.00862069,0.008547009,0.008583849,0.00877193,0.009433962,0.0091743115,0.008695653,0.008474576,0.008474576,0.010416667,0.009708738,0.0088495575,0.008333334,0.008130082,0.014492754,0.00990099,0.008474576,0.007547277,0.0072992705,0.0113651045,0.008695652,0.005988024,0.0025974025,0.0,nan,0.003637252,0.0041062823,0.010416667,0.011494253,0.003211022,0.0017919887,0.009900991,0.010869565,0.011601176,0.009523811,0.009803922,0.010309279,0.010869565,0.011363637,0.010309279,0.010230381,0.01010101,0.010526317,0.011111111,0.010416667,0.00990099,0.009823336,0.010204081,0.012500001,nan,nan,nan,nan,0.0023419203,0.008196722,nan,0.0014306152,0.0013352742,0.0012468098,0.0028089888,0.0033898305,0.0012909264,0.004465304,0.0,0.0021152191,0.0015645493,,,0.010069506,0.0017283484,0.0010429192,,,
56,0.0,0.0,0.0,0.0,0.0,0.0,0.0,0.0,0.0,0.0,0.0,0.0,0.0,0.0,0.0,0.0,0.0,0.0,0.0,0.0,0.0,0.0,0.0,0.0,0.0,0.009615386,0.009803922,0.009803922,0.009615385,0.009803922,0.010309279,0.010309279,0.01010101,0.009708738,0.009708738,0.0121951215,0.011494253,0.010869565,0.00990099,0.009345794,0.01724138,0.012987013,0.010526316,0.008928572,0.008928572,0.011904762,0.008403362,0.0076335883,0.007874016,0.008264462,0.00900901,0.01010101,0.011111112,0.012048195,0.013157896,0.010416668,0.010811127,0.011494254,0.012048194,0.012820514,0.010869565,0.011111112,0.011363637,0.011764706,0.012500001,0.011111112,0.010989012,0.011111112,0.011494253,0.012500001,0.010752688,0.010869565,0.011111111,0.010989012,0.012048195,nan,0.0022493773,0.0036030107,0.0013163706,0.011295819,0.0028025066,0.0036445842,0.0013163944,0.011002579,0.012987013,0.0022689896,0.0014518447,0.00990099,0.011111112,0.012500001,0.0018161472,0.009708738,0.0091743115,0.010752688,0.0125,0.008416957,0.009174312,0.009259259,0.010113894,0.0012535615,nan,0.004385965,nan,0.0031347964,nan,nan,nan,nan,0.0023867004,0.0011052407,0.003990275,0.002869688,0.005077893,0.002186282,0.0,0.001788554,0.0014075823,,,0.0015688128,0.0010897568,0.0014689546,,,
57,0.0,0.0,0.0,0.0,0.0,0.0,0.0,0.0,0.0,0.0,0.0,0.0,0.0,0.0,0.0,0.0,0.0,0.0,0.0,0.0,0.0,0.0,0.0,0.0,0.0,0.0,0.0,0.0,0.0,0.0,0.0,0.0,0.0,0.0,0.0,0.0,0.0,0.0,0.0,0.0,0.0,0.0,0.0,0.0,0.0,0.0,0.0,0.0,0.0,0.0,0.009615385,0.01010101,0.010416667,0.010526317,0.010989012,0.010416667,0.0106382985,0.010989012,0.010752688,0.011070412,0.011111111,0.011363637,0.011407176,0.010869565,0.011235955,0.0121951215,0.011764707,0.011363637,0.010989012,0.011904762,0.011494253,0.011627907,0.0125,0.009803922,nan,nan,0.0020078055,0.002827561,0.011904763,0.013157896,0.0030359435,0.0021880863,0.010869565,0.012048195,0.012987013,0.0012904269,0.010204081,0.010989012,0.011904763,0.012820514,0.01,0.010416667,0.011235955,0.011764707,0.013698632,0.01,0.010989011,0.011601176,0.012500001,0.015873017,nan,nan,nan,nan,0.0010541453,0.002994012,0.0036764708,nan,0.0018971888,0.0009953046,0.0042918455,0.003448276,0.001220279,0.0021301461,0.0,0.0028052726,0.0010685349,,,0.0012299444,0.0024892471,0.0015845092,,,
58,0.0,0.0,0.0,0.0,0.0,0.0,0.0,0.0,0.0,0.0,0.0,0.0,0.0,0.0,0.0,0.0,0.0,0.0,0.0,0.0,0.0,0.0,0.0,0.0,0.0,0.008130082,0.008264462,0.007874016,0.006578948,0.0,nan,nan,nan,0.0,0.0,0.0,0.0,0.0,0.0,0.0,0.0,0.0,0.0,0.0,0.0,0.0,0.0,0.0,0.0,0.0,0.00909091,0.01,0.010752688,0.011363637,0.012048195,0.01010101,0.010638298,0.011111112,0.011363637,0.011904763,0.010989011,0.011111111,0.011363637,0.011627908,0.011363637,0.012048194,0.011764706,0.011627907,0.011494253,0.0121951215,0.014084508,0.011764706,0.011235955,0.013157896,0.0074074073,nan,0.0041841003,0.0034124614,0.001726638,0.015625,0.0016573392,0.001484781,0.0020288501,0.008517833,0.016129032,0.001453942,0.0011417872,0.0014245989,0.00886076,0.008861656,0.0013152858,0.010425804,0.0090881195,0.01111878,0.014546037,0.009900991,0.01010101,0.010526317,0.011627908,0.0122704,0.04,0.03846154,0.083333336,0.0006013229,0.00088772643,0.071428575,nan,nan,0.00068368705,0.0018084331,0.0054644807,0.0006257217,0.00270251,0.0013522491,0.0,0.0025412724,0.0011985872,,,0.0011863055,0.0021196995,0.0009467068,,,
59,0.0,0.0,0.0,0.0,0.0,0.0,0.0,0.0,0.0,0.0,0.0,0.0,0.0,0.0,0.0,0.0,0.0,0.0,0.0,0.0,0.0,0.0,0.0,0.0,0.0,0.009433962,0.009803922,0.01,0.009433962,0.00862069,0.010638298,0.010989011,0.010638298,0.009615385,0.008547009,0.012658228,0.011904762,0.010989011,0.009708738,0.008064516,0.013513514,0.012658228,0.011904762,0.009708738,0.0,0.0,0.0,0.0,0.0,0.0,0.008620691,0.009724602,0.010989011,0.011904763,0.012987013,0.009803923,0.010526317,0.011363637,0.012048194,0.013157896,0.0106382985,0.011111111,0.011627907,0.0121951215,0.013157896,0.011494253,0.011627908,0.011904762,0.012658228,0.013333333,0.0121951215,0.011764706,0.012658228,0.013157896,0.015384616,nan,0.0017574693,0.0013228101,0.0014385415,0.012910798,0.0014998314,0.0036462578,0.0020619184,0.011904762,0.014084508,0.0019548046,0.0056274566,0.0076488927,0.0115053905,0.013513515,0.0031783704,0.008475774,0.010204081,0.011235955,0.009523809,0.0097206365,0.009016949,0.009708738,0.011363637,0.013157896,nan,nan,nan,nan,0.0020266175,nan,nan,nan,0.0044846665,0.0014845483,nan,0.002997225,0.0024542182,0.0013247543,0.0,0.0010864476,0.0015832173,,,0.0017963225,0.001504951,0.001624167,,,
60,0.0,0.0,0.0,0.0,0.0,0.0,0.0,0.0,0.0,0.0,0.0,0.0,0.0,0.0,0.0,0.0,0.0,0.0,0.0,0.0,0.0,0.0,0.0,0.0,0.0,0.008547009,0.0091743115,0.0,0.0,0.0,0.0,0.0,0.0,0.0,0.0,0.0,0.0,0.0,0.0,0.0,0.0,0.0,0.0,0.0,0.0,0.0,0.0,0.0,0.0,0.0,0.009708738,0.010000001,0.010526317,0.010989011,0.011764707,0.010000001,0.010416667,0.010869565,0.011235955,0.011904763,0.010526316,0.010752688,0.011235955,0.011494253,0.012345679,0.010752688,0.010869565,0.011764707,0.012048195,0.013333333,0.010752688,0.011904762,0.013698631,0.014705883,0.015151516,nan,0.0039381916,0.0013163487,0.0015693692,0.012820514,0.0016116354,0.0011093594,0.0015506033,0.011494254,0.012658229,0.0007621527,0.0017790553,0.010211596,0.011363637,0.0125,0.009361353,0.009708738,0.010204081,0.011235955,0.0125,0.009433962,0.009615385,0.010416667,0.011363637,0.014084509,nan,nan,0.0014347202,0.004311627,0.002487905,nan,0.071428575,0.001310616,nan,0.0025404922,0.002655306,0.0029585802,0.0019968585,0.0019958587,0.0,0.0011276713,0.0015648606,,,0.002876451,0.001808599,0.0010067106,,,
61,0.0,0.0,0.0,0.0,0.0,0.0,0.0,0.0,0.0,0.0,0.0,0.0,0.0,0.0,0.0,0.0,0.0,0.0,0.0,0.0,0.0,0.0,0.0,0.0,0.0,0.0,0.0,0.0,0.0,0.0,0.0,0.0,0.0,0.0,0.0,0.0,0.0,0.0,0.0,0.0,0.0,0.0,0.0,0.0,0.0,0.0,0.0,0.0,0.0,0.0,0.009910892,0.00990099,0.010204081,0.010526316,0.010989012,0.010352234,0.010416667,0.010526317,0.0106382985,0.010989012,0.011111111,0.010989011,0.010752688,0.0106382985,0.010989012,0.011764706,0.011235955,0.010752688,0.0106382985,0.011494253,0.012048194,0.011111111,0.010869565,0.011363637,0.013157896,nan,0.0020533882,0.0022597774,0.0015961365,0.012658228,0.0012195122,0.0016446188,0.0022132772,0.011363637,0.012500001,0.001260305,0.0011645624,0.009217514,0.011235955,0.0121951215,0.010638298,0.00824428,0.010416667,0.010752688,0.011494253,0.0106382985,0.010204082,0.010145184,0.010309279,0.011904763,0.005524862,nan,0.16666667,nan,0.002685891,0.07433555,nan,0.0037453184,0.0029918074,0.0019019374,nan,0.002395378,0.001606573,0.0015769338,0.0,0.0019149556,0.0010989754,,,0.0014472298,0.001730104,0.0020409154,,,
62,0.0,0.0,0.0,0.0,0.0,0.0,0.0,0.0,0.0,0.0,0.0,0.0,0.0,0.0,0.0,0.0,0.0,0.0,0.0,0.0,0.0,0.0,0.0,0.0,0.0,0.011111111,0.011111111,0.01010101,0.0076335883,0.005988024,0.01388889,0.014084508,0.011904762,0.0,0.0,0.0,0.0,0.0,0.0,0.0,0.0,0.0,0.0,0.0,0.0,0.0,0.0,0.0,0.0,0.0,0.010204082,0.011235955,0.012500001,0.013513515,0.014705883,0.010869565,0.011764707,0.012658229,0.013333334,0.014705884,0.011494253,0.012048195,0.012658229,0.013513515,0.014925375,0.011904762,0.0121951215,0.012658229,0.014084509,0.015384617,0.011627907,0.011904762,0.012820513,0.013888891,0.015384616,nan,0.002286632,0.002709258,0.0010027008,0.011329661,0.0016706702,0.0025119358,0.0012446365,0.009784738,0.014529242,0.003508443,0.0016024266,0.0011033331,0.013333334,0.015384617,0.0011026068,0.010752688,0.011764706,0.013333334,0.015384617,0.010000001,0.010416668,0.011363637,0.012685277,0.016666668,nan,nan,nan,0.0006071789,0.006024097,nan,nan,0.003003003,0.002977483,0.0015362148,nan,0.006535948,0.0020615123,0.0012469655,0.0,0.0023499099,0.0013208967,,,0.0016217612,0.001871087,0.0021823174,,,
63,0.0,0.0,0.0,0.0,0.0,0.0,0.0,0.0,0.0,0.0,0.0,0.0,0.0,0.0,0.0,0.0,0.0,0.0,0.0,0.0,0.0,0.0,0.0,0.0,0.0,0.0,0.0,0.0,0.0,0.0,0.0,0.0,0.0,0.0,0.0,0.0,0.0,0.0,0.0,0.0,0.0,0.0,0.0,0.0,0.0,0.0,0.0,0.0,0.0,0.0,0.00854701,0.008695652,0.008928573,0.009523811,0.010101011,0.00909091,0.0091743115,0.00925926,0.009615386,0.010101011,0.009615386,0.009523811,0.009433962,0.009615386,0.010204082,0.010309279,0.009803922,0.00952381,0.009708738,0.0106382985,0.010638298,0.009803922,0.009615385,0.010563645,0.01,0.003039514,0.0006119951,0.0015306161,0.001999847,0.012048194,0.0018680757,0.0021814276,0.0008162854,0.010422437,0.011764706,0.0011603234,0.003016644,0.007848511,0.010416667,0.011363637,0.008409786,0.009259259,0.009523811,0.01010101,0.011407176,0.009433962,0.009259259,0.009259259,0.009831657,0.011070412,nan,nan,nan,nan,0.004098361,0.008474576,nan,nan,0.005428403,0.0012688179,0.005076142,nan,0.0018689544,0.0011641567,0.0,0.0011987266,0.00091185287,,,0.0009855649,0.0022302298,0.0010322476,,,
64,0.0,0.0,0.0,0.0,0.0,0.0,0.0,0.0,0.0,0.0,0.0,0.0,0.0,0.0,0.0,0.0,0.0,0.0,0.0,0.0,0.0,0.0,0.0,0.0,0.0,0.0077519375,0.0076335883,0.0075187967,0.0070921993,0.0066666664,0.010752688,0.009615385,0.008474576,0.0071428567,0.00625,nan,nan,0.00952381,0.0070921993,0.0057471264,0.0,0.0,0.0,0.0,0.0,0.0,0.0,0.0,0.0,0.0,0.009288104,0.00990099,0.010416667,0.010989012,0.011627908,0.010204082,0.010489767,0.0106382985,0.010869565,0.011363637,0.010989011,0.010869565,0.010752688,0.010989012,0.011111112,0.011764706,0.011363637,0.010869565,0.010989012,0.011235955,0.013333333,0.011494253,0.010526317,0.010714559,0.012048195,nan,0.001203947,0.0027935803,0.0081912065,0.013513515,0.0006341154,0.0012294641,0.007158275,0.012048195,0.013333333,0.0013172702,0.008848052,0.011111111,0.011904763,0.013333333,0.009756765,0.011006455,0.011235955,0.011904763,0.011494253,0.0112936385,0.010989012,0.010416667,0.010657363,0.0121951215,0.045454547,nan,nan,0.0033895003,0.0015172113,nan,0.004761905,0.0013717421,0.0006498662,0.0012720549,nan,0.0033670033,0.0035028053,0.0008460914,0.0,0.00092219113,0.0025143484,,,0.0014383483,0.0014603679,0.0011992006,,,
65,0.0,0.0,0.0,0.0,0.0,0.0,0.0,0.0,0.0,0.0,0.0,0.0,0.0,0.0,0.0,0.0,0.0,0.0,0.0,0.0,0.0,0.0,0.0,0.0,0.0,0.008403362,0.008130082,0.0075187967,0.0068493155,0.00625,0.009345794,0.008695652,0.0074074073,0.0054644807,0.002688172,0.0121951215,nan,0.0,0.0,0.0,0.0,0.0,0.0,0.0,0.0,0.0,0.0,0.0,0.0,0.0,0.008255995,0.009259259,0.01010101,0.010869565,0.011494253,0.009523811,0.009929279,0.010416667,0.010869565,0.011363637,0.010204081,0.010309279,0.010526316,0.010752688,0.011363637,0.0106382985,0.010526316,0.010526316,0.0106382985,0.011494253,0.010752688,0.010416667,0.010638298,0.010869565,0.013333334,nan,0.0028587664,0.0019212536,0.001233862,0.010666667,nan,0.0026891723,0.001482064,0.010764991,0.012658228,0.0025696822,0.006374764,0.009433962,0.010752688,0.012069184,0.0046347925,0.0091743115,0.00952381,0.010309279,0.011904763,0.00925926,0.00909091,0.009452105,0.010204081,0.011235955,0.012048194,0.005988024,nan,0.006802721,0.002053392,nan,nan,nan,0.0015990526,0.0025569838,nan,0.0024752475,0.0035369187,0.0009940712,0.0,0.0011445495,0.0014090728,,,0.0013404825,0.002480139,0.0037197233,,,
66,0.0,0.0,0.0,0.0,0.0,0.0,0.0,0.0,0.0,0.0,0.0,0.0,0.0,0.0,0.0,0.0,0.0,0.0,0.0,0.0,0.0,0.0,0.0,0.0,0.0,0.0,0.0,0.0,0.0,0.0,0.0,0.0,0.0,0.0,0.0,0.0,0.0,0.0,0.0,0.0,0.0,0.0,0.0,0.0,0.0,0.0,0.0,0.0,0.0,0.0,0.01,0.009868635,0.010204081,0.0106382985,0.011235955,0.009708738,0.010050505,0.010309279,0.0106382985,0.011235955,0.01010101,0.010204082,0.010416667,0.010526317,0.011494253,0.010752688,0.010416667,0.010752688,0.011111112,0.0125,0.011299796,0.010989011,0.0121951215,0.012820513,0.012987013,nan,0.0022099966,0.0024079084,0.010989012,0.012658228,0.004347826,0.0012565481,0.0013835027,0.011235955,0.012531646,0.0006927555,0.0030965428,0.010204081,0.011363637,0.012658229,0.0091743115,0.009433962,0.010204082,0.011235955,0.012658229,0.009345794,0.009433962,0.01010101,0.011235955,0.014151576,nan,nan,nan,0.0029498525,0.0022374687,0.037037037,0.0033783785,nan,0.0018702962,0.00085001305,nan,0.0042933333,0.0007670558,0.0010856686,0.0,0.0021610803,0.0015435641,,,0.0025026335,0.0008515985,0.0012072602,,,
67,0.0,0.0,0.0,0.0,0.0,0.0,0.0,0.0,0.0,0.0,0.0,0.0,0.0,0.0,0.0,0.0,0.0,0.0,0.0,0.0,0.0,0.0,0.0,0.0,0.0,0.0,0.0,0.0,0.0,0.0,0.0,0.0,0.0,0.0,0.0,0.0,0.0,0.0,0.0,0.0,0.0,0.0,0.0,0.0,0.0,0.0,0.0,0.0,0.0,0.0,0.01,0.010101011,0.010416667,0.010752688,0.011363637,0.010416667,0.010526316,0.0106382985,0.010752688,0.011363637,0.010989011,0.010989011,0.010752688,0.0106382985,0.011904763,0.011627907,0.011111111,0.010752688,0.010869565,0.012820514,0.011764706,0.010869565,0.0106382985,0.013698631,nan,nan,0.000621118,0.0020048975,0.0012583209,0.010543744,0.0028406244,0.0014066141,0.0019266288,0.012195122,0.012820514,0.004738078,0.0019972518,0.010489511,0.011904763,0.012345679,0.0013588254,0.0074853967,0.011445272,0.011764707,0.0125,0.011111112,0.008732632,0.0106382985,0.011111112,0.014285713,nan,nan,nan,0.0022371365,0.0032399525,nan,nan,0.0027247956,0.001400134,0.0019219238,0.0029498525,0.005509684,0.0018875184,0.0017009511,0.0,0.0014464748,0.0014149812,,,0.0016481479,0.001255436,0.0012653164,,,
68,0.0,0.0,0.0,0.0,0.0,0.0,0.0,0.0,0.0,0.0,0.0,0.0,0.0,0.0,0.0,0.0,0.0,0.0,0.0,0.0,0.0,0.0,0.0,0.0,0.0,0.0,0.0,0.0,0.0,0.0,0.0,0.0,0.0,0.0,0.0,0.0,0.0,0.0,0.0,0.0,0.0,0.0,0.0,0.0,0.0,0.0,0.0,0.0,0.0,0.0,0.0088495575,0.0091743115,0.009523811,0.010204082,0.010869565,0.009708738,0.009772195,0.00990099,0.010416667,0.010989011,0.010638298,0.010416667,0.010204081,0.010416667,0.011235955,0.011764706,0.011494253,0.010416667,0.010929288,0.012658228,0.014705883,0.014084508,0.010204081,0.013698631,0.0,nan,0.0041586813,0.004068322,0.0020780026,0.011764707,0.0015018884,0.001548451,0.004065487,0.0106382985,0.011904763,0.002804329,0.0011920203,0.009803922,0.010869565,0.01184874,0.00971667,0.009803922,0.010000001,0.0106382985,0.011904762,0.00998264,0.010115734,0.009803923,0.010489767,0.013954096,0.09090909,0.058823533,0.037037037,0.125,0.004347826,0.052631583,0.07692308,nan,0.0015154214,0.00091455696,0.0005963029,0.0008723659,0.002102704,0.00346792,0.0,0.0020737601,0.0012789888,,,0.0014360696,0.0031109636,0.0027100216,,,
69,0.0,0.0,0.0,0.0,0.0,0.0,0.0,0.0,0.0,0.0,0.0,0.0,0.0,0.0,0.0,0.0,0.0,0.0,0.0,0.0,0.0,0.0,0.0,0.0,0.0,0.011235955,0.011764706,0.011494253,0.009259259,0.007874016,0.013423423,0.01388889,0.011904762,0.008130082,0.005050505,nan,0.016666668,0.011363637,0.0,0.0,0.013333333,nan,0.0,0.0,0.0,0.0,0.0,0.0,0.0,0.0,0.009529916,0.010752688,0.0121951215,0.013333334,0.014492754,0.010416668,0.011235955,0.012345679,0.013393394,0.013698632,0.010752688,0.011363637,0.012345679,0.013333334,0.014285713,0.011111112,0.011363637,0.0121951215,0.013157896,0.015384617,0.011494253,0.011494253,0.012048194,0.016949153,0.01724138,nan,0.0037883758,0.0016663265,0.0012124435,0.015625,0.0019409766,0.0010577027,0.0016194623,0.0010784072,0.011749508,0.0019900936,0.0021822322,0.0014299671,0.009727632,0.015625,0.0013528594,0.001309447,0.008210412,0.008821274,0.00119464,0.0019344598,0.0008485735,0.010327178,0.001082293,0.0014215881,nan,0.045454547,0.05,nan,nan,0.04347826,0.1,nan,0.0021167314,0.0015794135,nan,0.002758165,0.003007997,0.0023965675,0.0,0.002385333,0.0011106326,,,0.0021388712,0.0024864234,0.0021940737,,,
70,0.0,0.0,0.0,0.0,0.0,0.0,0.0,0.0,0.0,0.0,0.0,0.0,0.0,0.0,0.0,0.0,0.0,0.0,0.0,0.0,0.0,0.0,0.0,0.0,0.0,0.0,0.0,0.0,0.0,0.0,0.0,0.0,0.0,0.0,0.0,0.0,0.0,0.0,0.0,0.0,0.0,0.0,0.0,0.0,0.0,0.0,0.0,0.0,0.0,0.0,0.008695653,0.00900901,0.009345794,0.009615386,0.01,0.009615385,0.009708738,0.009803923,0.00990099,0.010152546,0.010638298,0.010416667,0.010204081,0.01010101,0.010309279,0.011764706,0.010989011,0.010526316,0.010204081,0.010989011,0.014492754,0.011764706,0.010526316,0.01010101,nan,nan,0.0006131208,0.0010026194,0.000979115,0.011764707,0.0012906559,0.0039946926,0.0019337855,0.010869565,0.0117927175,0.0013174189,0.0015554033,0.010204082,0.010989012,0.011627907,0.009817789,0.01010101,0.010309279,0.010526317,0.011235955,0.008854168,0.00990099,0.009803923,0.010416667,0.013333334,nan,nan,nan,nan,0.0036935366,nan,nan,0.0028818443,0.0016829129,0.0030695042,nan,0.0015782791,0.0017145954,0.0013337482,0.0,0.0026646794,0.0009752545,,,0.0013859937,0.0013773462,0.0012638939,,,
71,0.0,0.0,0.0,0.0,0.0,0.0,0.0,0.0,0.0,0.0,0.0,0.0,0.0,0.0,0.0,0.0,0.0,0.0,0.0,0.0,0.0,0.0,0.0,0.0,0.0,0.007936508,0.0076335883,0.00671141,0.0048309183,0.0,0.00990099,0.0074626873,0.0034965037,0.0,0.0,0.0091743115,0.0,0.0,0.0,0.0,0.0,0.0,0.0,0.0,0.0,0.0,0.0,0.0,0.0,0.0,0.00900901,0.010000001,0.010989012,0.011764707,0.012500001,0.009732534,0.010309279,0.010989011,0.011627908,0.012500001,0.01,0.010309279,0.010869565,0.011450714,0.012658229,0.010020203,0.010204081,0.010752688,0.011363637,0.013698631,0.009780126,0.010309279,0.011363637,0.013157896,0.016393444,nan,0.00227022,0.0037997228,0.0016609674,0.012014228,0.00243309,0.0024621605,0.0012923944,0.012058689,0.014285714,0.0039702626,0.004020844,0.00892417,0.011764707,0.01388889,0.0017027886,0.009530854,0.010204082,0.011764707,0.012820514,0.0091743115,0.009259259,0.009716059,0.010739978,0.01388889,0.03448276,0.05555556,nan,nan,0.0010834234,nan,nan,nan,0.0016736721,0.001746373,nan,nan,0.0031438884,0.0015347995,0.0,0.00095784647,0.0017853486,,,0.0010525598,0.0010423354,0.001722299,,,
72,0.0,0.0,0.0,0.0,0.0,0.0,0.0,0.0,0.0,0.0,0.0,0.0,0.0,0.0,0.0,0.0,0.0,0.0,0.0,0.0,0.0,0.0,0.0,0.0,0.0,0.008333334,0.008264462,0.0,0.0,0.0,nan,0.0,0.0,0.0,0.0,0.0,0.0,0.0,0.0,0.0,0.0,0.0,0.0,0.0,0.0,0.0,0.0,0.0,0.0,0.0,0.00952381,0.010434942,0.011396291,0.012048195,0.012552744,0.01010101,0.010869565,0.011627908,0.011764707,0.012500001,0.010638298,0.011111111,0.011764707,0.011904763,0.013157896,0.011299796,0.011428945,0.011904763,0.012658229,0.014492754,0.011363637,0.011235955,0.013698631,0.015625,0.016129032,0.0021551724,0.0033003301,0.0017044344,0.00095208763,0.013647931,0.0012770718,0.0011293134,0.0022398382,0.012987013,0.014925375,0.0019840333,0.002190968,0.011111112,0.012987013,0.014337474,0.00181506,0.0074999994,0.011111112,0.013333333,0.013698631,0.009708739,0.009708738,0.010869566,0.011904763,0.016129032,nan,nan,nan,nan,0.00075578294,nan,0.0022271716,0.0039351853,0.0057142857,0.0026268149,nan,0.0020059717,0.002798738,0.0021842786,0.0,0.0012958837,0.0011368047,,,0.002001254,0.0011135113,0.0019915444,,,
73,0.0,0.0,0.0,0.0,0.0,0.0,0.0,0.0,0.0,0.0,0.0,0.0,0.0,0.0,0.0,0.0,0.0,0.0,0.0,0.0,0.0,0.0,0.0,0.0,0.0,0.008695652,0.008196722,0.006756757,0.0,0.0,0.010752688,0.011764706,nan,0.0,0.0,nan,0.0,0.0,0.0,0.0,0.0,0.0,0.0,0.0,0.0,0.0,0.0,0.0,0.0,0.0,0.009615386,0.010416668,0.011363637,0.011764706,0.010101307,0.010526317,0.011111112,0.011696307,0.011627908,0.011904763,0.011363637,0.011527666,0.011627908,0.011363637,0.012048195,0.012048194,0.011764706,0.011235955,0.010989012,0.013333334,0.011764706,0.011050061,0.011111112,0.014492754,nan,nan,0.0038846303,0.002634222,0.0013478178,0.014705884,0.0022393696,0.0015845866,0.0010444705,0.012658228,0.014084509,0.0032207044,0.0012656398,0.008028139,0.012324172,0.013513514,0.0017703496,0.00831117,0.010989012,0.011764707,0.012345679,0.010519006,0.00754782,0.010204081,0.010869565,0.014285713,nan,nan,nan,nan,0.00074790476,nan,nan,0.007575758,0.0017786904,0.0012891877,nan,nan,0.0022728608,0.0013907759,0.0,0.0017668122,0.0027958585,,,0.0025671811,0.0020315878,0.0024344719,,,
74,0.0,0.0,0.0,0.0,0.0,0.0,0.0,0.0,0.0,0.0,0.0,0.0,0.0,0.0,0.0,0.0,0.0,0.0,0.0,0.0,0.0,0.0,0.0,0.0,0.0,0.0,0.0,0.0,0.0,0.0,0.0,0.0,0.0,0.0,0.0,0.0,0.0,0.0,0.0,0.0,0.0,0.0,0.0,0.0,0.0,0.0,0.0,0.0,0.0,0.0,0.009693179,0.010309279,0.010989011,0.011494253,0.0121951215,0.010204082,0.010638298,0.010989011,0.011299796,0.011904762,0.010752688,0.010869565,0.010989011,0.011111111,0.011904762,0.011363637,0.010929288,0.010752688,0.011235955,0.0125,0.011627907,0.010638298,0.011363637,0.012345679,0.014925375,nan,0.0025062656,0.0028399036,0.0010201682,0.015384617,0.0041152267,0.002161681,0.0014566075,0.012820513,0.014492754,0.0013805651,0.0071904585,0.010989012,0.01234568,0.014492753,0.009529915,0.01,0.010638298,0.012345679,0.012987013,0.007492759,0.009478886,0.010526316,0.011627908,0.014705883,nan,nan,nan,nan,0.0008938378,nan,nan,nan,0.0043777004,0.001303805,nan,0.005292559,0.0022719332,0.003064077,0.0,0.0013853323,0.0010773207,,,0.0016008113,0.0012986786,0.0012210606,,,
75,0.0,0.0,0.0,0.0,0.0,0.0,0.0,0.0,0.0,0.0,0.0,0.0,0.0,0.0,0.0,0.0,0.0,0.0,0.0,0.0,0.0,0.0,0.0,0.0,0.0,0.0,0.0,0.0,0.0,0.0,0.0,0.0,0.0,0.0,0.0,0.0,0.0,0.0,0.0,0.0,0.0,0.0,0.0,0.0,0.0,0.0,0.0,0.0,0.0,0.0,0.0012074457,0.008474576,0.008928572,0.00900901,0.00952381,0.008695652,0.00900901,0.00909091,0.00900901,0.009615385,0.009433962,0.009345794,0.009259259,0.009090909,0.01,0.01010101,0.00952381,0.009433962,0.009259259,0.010869565,0.010309279,0.00990099,0.00990099,0.0,0.0,nan,0.0037301015,0.001287809,0.001460069,0.012681713,0.0021208932,0.0020295032,0.0013803189,0.011001222,0.012048194,0.0049935,0.0023145578,0.0018465336,0.010638298,0.011627908,0.0015701901,0.00918038,0.009478887,0.01,0.011111112,0.009132611,0.008928572,0.009165972,0.00990099,0.0135752205,nan,nan,nan,nan,0.002451643,nan,nan,nan,0.0031431336,0.0010747544,nan,nan,0.0021198653,0.0016294199,0.0,0.0024613508,0.0012018692,,,0.0014344031,0.0012868266,0.0012736261,,,
76,0.0,0.0,0.0,0.0,0.0,0.0,0.0,0.0,0.0,0.0,0.0,0.0,0.0,0.0,0.0,0.0,0.0,0.0,0.0,0.0,0.0,0.0,0.0,0.0,0.0,0.007692308,0.0072728237,0.007246377,0.0070921993,0.0064725596,0.01,0.008695652,0.006944445,0.00625,0.005076142,nan,0.0,0.0072992705,0.0,0.0,0.0,0.0,0.0,0.0,0.0,0.0,0.0,0.0,0.0,0.0,0.009433962,0.00990099,0.010309279,0.010989012,0.011764706,0.010204081,0.010526317,0.0106382985,0.011235955,0.011976479,0.010869565,0.010869565,0.010989012,0.011494253,0.0121951215,0.011494253,0.011235955,0.011235955,0.011627907,0.012820513,0.011904762,0.011363637,0.011494253,0.0125,0.014492754,nan,0.0021379055,0.0031530538,0.0012313196,0.010743242,0.0014983513,0.0016754828,0.002006024,0.010296227,0.013157896,0.0010573857,0.0011638624,0.010481367,0.011904763,0.012820514,0.009585801,0.010320018,0.010752689,0.011627908,0.012698799,0.010309279,0.010115734,0.0106382985,0.011494253,0.014134809,0.045454547,0.052631583,nan,0.0006598984,0.00070719793,0.052631583,0.052631583,0.003144654,0.0020528373,0.0019893385,0.0027548312,0.0017494283,0.004622964,0.0016605679,0.0,0.0024105418,0.0024509816,,,0.0014457395,0.0029084615,0.002379964,,,
77,0.0,0.0,0.0,0.0,0.0,0.0,0.0,0.0,0.0,0.0,0.0,0.0,0.0,0.0,0.0,0.0,0.0,0.0,0.0,0.0,0.0,0.0,0.0,0.0,0.0,0.007874016,0.0074626873,0.0,0.0,0.0,0.011764706,0.011844687,0.0,0.0,0.0,0.0,0.0,0.0,0.0,0.0,0.0,0.0,0.0,0.0,0.0,0.0,0.0,0.0,0.0,0.0,0.01,0.010204081,0.010416667,0.01010101,0.010416667,0.010752688,0.010752688,0.010526317,0.01,0.010526316,0.011494253,0.011235955,0.010309279,0.00990099,0.011235955,0.012048194,0.011299796,0.010309279,0.010309279,0.0121951215,0.014492754,0.011235955,0.010638298,0.0125,0.014705883,nan,0.0040046037,0.0026701982,0.002019616,0.014235413,0.0019322092,0.0017259519,0.00085807516,0.007984888,0.013333333,0.002005158,0.0010712045,0.007606011,0.011904763,0.012345679,0.0010035847,0.011235955,0.010847108,0.010989012,0.011363637,0.011072971,0.010989012,0.009708738,0.00990099,0.013157896,nan,nan,nan,0.0015243902,0.0014365708,nan,nan,nan,0.000999673,0.0018281976,nan,nan,0.0019537963,0.00094951055,0.0,0.0015400798,0.0015497908,,,0.00170032,0.0018118678,0.0034011905,,,
78,0.0,0.0,0.0,0.0,0.0,0.0,0.0,0.0,0.0,0.0,0.0,0.0,0.0,0.0,0.0,0.0,0.0,0.0,0.0,0.0,0.0,0.0,0.0,0.0,0.0,0.0,0.0,0.0,0.0,0.0,0.0,0.0,0.0,0.0,0.0,0.0,0.0,0.0,0.0,0.0,0.0,0.0,0.0,0.0,0.0,0.0,0.0,0.0,0.0,0.0,0.00900901,0.009615386,0.01010101,0.010309279,0.010752688,0.009803923,0.010101011,0.010309279,0.010239147,0.010752688,0.010471491,0.010526316,0.010309279,0.010101011,0.010752688,0.011235955,0.010752688,0.010416667,0.010239147,0.011764706,0.011764706,0.011235955,0.010638298,0.012345679,0.0121951215,nan,0.0032115947,0.001877436,0.006976995,0.012987014,nan,0.0016234396,0.0012848796,0.011363638,0.012345679,0.0025581992,0.0068146414,0.010204081,0.010989012,0.012048194,0.009433962,0.009646502,0.00990099,0.0106382985,0.011494253,0.009345794,0.009259259,0.009615385,0.010204081,0.013513514,0.04,nan,0.00625,0.0006090134,0.002936473,nan,nan,nan,0.0024268373,0.0021034584,0.0023546906,0.0028389415,0.0030433887,0.001587747,0.0,0.0019234297,0.00097609585,,,0.00290707,0.0010905762,0.0011675067,,,
79,0.0,0.0,0.0,0.0,0.0,0.0,0.0,0.0,0.0,0.0,0.0,0.0,0.0,0.0,0.0,0.0,0.0,0.0,0.0,0.0,0.0,0.0,0.0,0.0,0.0,0.0,0.0,0.0,0.0,0.0,0.0,0.0,0.0,0.0,0.0,0.0,0.0,0.0,0.0,0.0,0.0,0.0,0.0,0.0,0.0,0.0,0.0,0.0,0.0,0.0,0.0091743115,0.009433962,0.009708738,0.01,0.010416667,0.00990099,0.01,0.01010101,0.010204081,0.010526316,0.010638298,0.010526316,0.010526316,0.010416667,0.010638298,0.011627907,0.011111111,0.010752688,0.010416667,0.010869565,0.012820513,0.011494253,0.010869565,0.010638298,0.010869565,nan,0.00264504,0.0027932962,0.010752688,0.011764706,0.0023041475,0.0010496132,0.010204082,0.010869565,0.011764706,0.01004329,0.010101011,0.010416667,0.010869565,0.011764706,0.010204081,0.010204081,0.0106382985,0.011111111,0.0121951215,0.010309279,0.010416667,0.010989012,0.011673508,0.013333334,nan,nan,0.00952381,nan,0.000698324,nan,nan,0.0006289308,0.0035984893,0.0012343473,nan,0.000976987,0.0013641042,0.0014888252,0.0,0.0013066554,0.0016735614,,,0.011363638,0.0013995349,0.0016248028,,,
80,0.0,0.0,0.0,0.0,0.0,0.0,0.0,0.0,0.0,0.0,0.0,0.0,0.0,0.0,0.0,0.0,0.0,0.0,0.0,0.0,0.0,0.0,0.0,0.0,0.0,0.0061728396,0.0045662103,0.0,0.0,0.0,0.004901961,0.0,0.0,0.0,0.0,0.0,0.0,0.0,0.0,0.0,0.0,0.0,0.0,0.0,0.0,0.0,0.0,0.0,0.0,0.0,0.008771931,0.01,0.01072981,0.011363637,0.012345679,0.009803923,0.010309279,0.010989012,0.011494253,0.012500001,0.010101011,0.010526316,0.010989012,0.011494253,0.012658229,0.010309279,0.010638298,0.010989011,0.011627908,0.012987013,0.010526316,0.010869565,0.011235955,0.012987013,0.01388889,nan,0.002564251,0.0035104123,0.0010421622,0.012987013,0.0006178589,0.0015230342,0.0015007865,0.011312565,0.012987013,0.0009442245,0.0015788116,0.00993907,0.011235955,0.012959263,0.007954892,0.0091743115,0.01010101,0.011111112,0.012579114,0.008928572,0.009259259,0.01010101,0.010989012,0.013333334,nan,nan,nan,0.0010243312,0.0026653167,nan,nan,0.0020449897,0.0011626515,0.0018872311,0.0023584906,0.0032051282,0.0028571794,0.0014912026,0.0,0.0016344048,0.0014981922,,,0.0016351613,0.0011235094,0.0019934997,,,
81,0.0,0.0,0.0,0.0,0.0,0.0,0.0,0.0,0.0,0.0,0.0,0.0,0.0,0.0,0.0,0.0,0.0,0.0,0.0,0.0,0.0,0.0,0.0,0.0,0.0,0.0,0.0,0.0,0.0,0.0,0.0,0.0,0.0,0.0,0.0,0.0,0.0,0.0,0.0,0.0,0.0,0.0,0.0,0.0,0.0,0.0,0.0,0.0,0.0,0.0,0.009433962,0.010101011,0.0106382985,0.011111111,0.011627907,0.010101011,0.010489767,0.010752688,0.010989011,0.011363637,0.010526316,0.010752688,0.010811127,0.010989011,0.011904762,0.011494253,0.011363637,0.011494253,0.012048194,0.0066666664,0.012739371,0.011111111,0.007490742,nan,0.0,nan,0.0029523578,0.0015478726,0.011627908,0.013698632,0.0011415526,0.0026551783,0.001021818,0.012048195,0.013513514,0.001184835,0.0009973189,0.00968675,0.011764707,0.013157896,0.0074515007,0.01,0.010416667,0.011363637,0.012500001,0.009900991,0.009523811,0.01010101,0.011363637,0.016393444,nan,nan,nan,0.0006112698,0.0006580597,nan,0.003533569,nan,0.0019797394,0.004929612,0.0023408043,0.0054347827,0.0011716954,0.0022845373,0.0,0.0015381848,0.0008472892,,,0.0009696347,0.0007710941,0.0011745174,,,
82,0.0,0.0,0.0,0.0,0.0,0.0,0.0,0.0,0.0,0.0,0.0,0.0,0.0,0.0,0.0,0.0,0.0,0.0,0.0,0.0,0.0,0.0,0.0,0.0,0.0,0.0,0.0,0.0,0.0,0.0,0.0,0.0,0.0,0.0,0.0,0.0,0.0,0.0,0.0,0.0,0.0,0.0,0.0,0.0,0.0,0.0,0.0,0.0,0.0,0.0,0.009523811,0.010101011,0.010526316,0.011235955,0.011904762,0.010204081,0.010526316,0.010752688,0.011363637,0.0121951215,0.011363637,0.011235955,0.011111111,0.011904762,0.0125,0.016666668,0.014705883,0.012048194,0.0121951215,0.012820513,0.01754386,0.017857144,0.012658228,0.013513514,0.014492754,nan,0.0026205876,0.002757729,0.00097180775,0.0108435,0.0038562054,0.0017684188,0.001653649,0.010265085,0.013204226,0.0014508027,0.0012250572,0.010648149,0.01234568,0.012910798,0.0092875855,0.010204081,0.011111111,0.012704597,0.014705884,0.010309279,0.010309279,0.011494254,0.014285714,0.015625,nan,nan,0.0020283975,nan,0.0008084383,0.0066225166,nan,nan,0.00398699,0.0016406251,0.0006618134,nan,0.0033119563,0.002574241,0.0,0.0015909406,0.0010534251,,,0.0013907731,0.0011938893,0.0018889732,,,
83,0.0,0.0,0.0,0.0,0.0,0.0,0.0,0.0,0.0,0.0,0.0,0.0,0.0,0.0,0.0,0.0,0.0,0.0,0.0,0.0,0.0,0.0,0.0,0.0,0.0,0.0,0.0,0.0,0.0,0.0,0.0,0.0,0.0,0.0,0.0,0.0,0.0,0.0,0.0,0.0,0.0,0.0,0.0,0.0,0.0,0.0,0.0,0.0,0.0,0.0,0.00877193,0.009132611,0.009708738,0.010101011,0.010869565,0.0091743115,0.00952381,0.01,0.010204082,0.010989012,0.009662062,0.009803922,0.010239147,0.010416667,0.011235955,0.01,0.010204081,0.010416667,0.0106382985,0.011904762,0.010204081,0.010204081,0.010989011,0.012048194,0.013157896,nan,0.0024024562,0.000604595,0.010416667,0.011792718,0.0032107192,0.0021116028,0.009179975,0.010416667,0.011627907,0.0020399462,0.008695652,0.009615386,0.010416667,0.011764707,0.0088495575,0.009090909,0.009615386,0.010416667,0.011904763,0.00877193,0.00909091,0.009740466,0.010638298,0.013698632,0.125,0.0040816325,nan,nan,0.0033647753,0.0027100272,nan,0.0023809525,0.0006527415,0.0011775541,0.0041152267,0.0066666664,0.0010061737,0.0013531871,0.0,0.0013131896,0.001806047,,,0.0017937684,0.0012282133,0.0014720005,,,
84,0.0,0.0,0.0,0.0,0.0,0.0,0.0,0.0,0.0,0.0,0.0,0.0,0.0,0.0,0.0,0.0,0.0,0.0,0.0,0.0,0.0,0.0,0.0,0.0,0.0,nan,nan,nan,0.0,0.0,nan,nan,0.0,0.0,0.0,0.0,0.0,0.0,0.0,0.0,0.0,0.0,0.0,0.0,0.0,0.0,0.0,0.0,0.0,0.0,0.010309279,0.010989012,0.011764706,0.012345679,0.012820514,0.010989012,0.011494253,0.011904763,0.0121951215,0.012820514,0.011494253,0.011764707,0.011764707,0.0121951215,0.013513515,0.012048194,0.011764706,0.012552744,0.013157896,0.016530056,0.011764707,0.012658229,0.016393444,0.01739262,nan,nan,0.0020610434,0.0050120954,0.0013833658,0.011734693,0.0030057705,0.00094212015,0.0013400347,0.01234568,0.013698632,0.0013179427,0.002825234,0.011235955,0.0121951215,0.013698632,0.009152558,0.009815638,0.010989012,0.0121951215,0.012987013,0.010287132,0.01010101,0.0106382985,0.011494253,0.018181818,nan,nan,nan,0.006134969,0.0018445342,nan,nan,nan,0.002664037,0.0010579505,nan,nan,0.0014462171,0.003978976,0.0,0.0009886812,0.0009819217,,,0.0013400079,0.003603107,0.0015450558,,,
85,0.0,0.0,0.0,0.0,0.0,0.0,0.0,0.0,0.0,0.0,0.0,0.0,0.0,0.0,0.0,0.0,0.0,0.0,0.0,0.0,0.0,0.0,0.0,0.0,0.0,0.0,0.0,0.0,0.0,0.0,0.0,0.0,0.0,0.0,0.0,0.0,0.0,0.0,0.0,0.0,0.0,0.0,0.0,0.0,0.0,0.0,0.0,0.0,0.0,0.0,0.010101011,0.010526316,0.011050061,0.011363637,0.011494253,0.010752688,0.011235955,0.011627907,0.011764706,0.011627907,0.011904762,0.012048194,0.012345679,0.0121951215,0.011764706,0.015625,0.013333333,0.012987013,0.012658228,0.0125,0.016949153,nan,0.014084508,0.014084508,0.008403362,0.004201681,0.0031112346,0.0040162597,0.011662107,0.012820513,0.0011682243,0.001867971,0.010989012,0.012048194,0.012987013,0.010030303,0.010526316,0.011235955,0.0121951215,0.013333334,0.008012821,0.010752688,0.011494253,0.012500001,0.014084509,0.007890801,0.010752688,0.0121951215,0.013157896,0.015151516,nan,nan,nan,nan,0.0009217512,nan,nan,nan,0.0009273076,0.00097465544,0.01,0.0021702421,0.0017945779,0.0011183829,0.0,0.0022504115,0.0012421362,,,0.008962336,0.0010235559,0.0017318998,,,
86,0.0,0.0,0.0,0.0,0.0,0.0,0.0,0.0,0.0,0.0,0.0,0.0,0.0,0.0,0.0,0.0,0.0,0.0,0.0,0.0,0.0,0.0,0.0,0.0,0.0,0.0,0.0,0.0,0.0,0.0,0.0,0.0,0.0,0.0,0.0,0.0,0.0,0.0,0.0,0.0,0.0,0.0,0.0,0.0,0.0,0.0,0.0,0.0,0.0,0.0,0.008928572,0.009523811,0.01,0.010416667,0.011111111,0.009615386,0.0099669965,0.010204081,0.010416667,0.011111111,0.01010101,0.010204081,0.010309279,0.010416667,0.011111111,0.010309279,0.010309279,0.010526316,0.010638298,0.011494253,0.010582307,0.010752688,0.010869565,0.010989011,0.012048194,nan,0.002346559,0.0020185784,0.0026243352,0.013333334,0.0029273406,0.0017562201,0.001645339,0.011627908,0.013157896,0.001871862,0.0012961074,0.010416667,0.011494253,0.013157896,0.009523811,0.009803922,0.010309279,0.011235955,0.012658229,0.009433962,0.009539073,0.010416667,0.011363637,0.013513515,0.032258064,0.058823533,nan,0.0012738854,0.0006108736,0.058823533,nan,nan,0.0023810025,0.003196011,nan,0.0038718367,0.0036139512,0.002056409,0.0,0.002199361,0.0010396589,,,0.0024372714,0.0020553998,0.0025942624,,,
87,0.0,0.0,0.0,0.0,0.0,0.0,0.0,0.0,0.0,0.0,0.0,0.0,0.0,0.0,0.0,0.0,0.0,0.0,0.0,0.0,0.0,0.0,0.0,0.0,0.0,0.010989011,0.011111111,0.009803922,0.0,0.0,nan,0.006896552,0.0,0.0,0.0,0.0,0.0,0.0,0.0,0.0,0.0,0.0,0.0,0.0,0.0,0.0,0.0,0.0,0.0,0.0,0.009708738,0.010309279,0.011278517,0.012048195,0.012987013,0.010204081,0.010752688,0.011363637,0.011764707,0.012605486,0.010752688,0.010989012,0.011235955,0.011494253,0.012987013,0.011235955,0.011111111,0.011235955,0.011904763,0.015151516,0.011111111,0.010752688,0.011904763,0.016949153,0.016666668,nan,0.002762389,0.002226659,0.0012740887,0.011198946,0.0011166525,0.001555862,0.0012152836,0.009369018,0.01388889,0.0015303859,0.0064396113,0.009881952,0.011764707,0.014084509,0.0010153424,0.009708738,0.010204081,0.011627907,0.012987013,0.00962122,0.009345794,0.009803923,0.010969104,0.015625,0.004716981,0.026315792,nan,0.001457726,0.002763535,nan,nan,nan,0.0013211106,0.0013141102,nan,0.00065685064,0.0016891337,0.0028328612,0.0,0.0011561216,0.0010344348,,,0.0012322068,0.0012390885,0.0010487778,,,
88,0.0,0.0,0.0,0.0,0.0,0.0,0.0,0.0,0.0,0.0,0.0,0.0,0.0,0.0,0.0,0.0,0.0,0.0,0.0,0.0,0.0,0.0,0.0,0.0,0.0,0.0,0.0,0.0,0.0,0.0,0.0,0.0,0.0,0.0,0.0,0.0,0.0,0.0,0.0,0.0,0.0,0.0,0.0,0.0,0.0,0.0,0.0,0.0,0.0,0.0,0.009803923,0.010204082,0.010752688,0.011111112,0.011627907,0.010101011,0.010416667,0.010869565,0.011111111,0.011764706,0.010638298,0.010752688,0.010869565,0.011363637,0.0121951215,0.011494253,0.011111111,0.011111111,0.011764706,0.012820513,0.013698631,0.011363637,0.011904762,0.0125,0.011627907,nan,0.004262005,0.002155702,0.01267626,0.014705883,0.0016445213,0.001304049,0.009446556,0.012820514,0.014492754,0.003971161,0.01001443,0.011111112,0.012594937,0.014285713,0.01010101,0.010416667,0.011111112,0.012345679,0.013333334,0.010309279,0.010309279,0.011111112,0.012048194,0.014285713,0.0076335883,nan,nan,0.004608295,0.0022110606,0.001697793,nan,nan,0.0026497303,0.0013909478,0.0036101085,nan,0.0025634493,0.0009500952,0.0,0.0016676283,0.0009441365,,,0.0013979312,0.0010610009,0.001134308,,,
89,0.0,0.0,0.0,0.0,0.0,0.0,0.0,0.0,0.0,0.0,0.0,0.0,0.0,0.0,0.0,0.0,0.0,0.0,0.0,0.0,0.0,0.0,0.0,0.0,0.0,0.0,0.0,0.0,0.0,0.0,0.0,0.0,0.0,0.0,0.0,0.0,0.0,0.0,0.0,0.0,0.0,0.0,0.0,0.0,0.0,0.0,0.0,0.0,0.0,0.0,0.00925926,0.009523811,0.009868635,0.01,0.010416667,0.00990099,0.010101011,0.010204081,0.01010101,0.010416667,0.010638298,0.010526316,0.010526316,0.010204081,0.010526316,0.011494253,0.010989011,0.010752688,0.010416667,0.010869565,0.011904762,0.011235955,0.010638298,0.011111111,0.010869565,nan,0.00061314873,0.0034132928,0.0014505656,0.01234568,0.004025137,0.002817959,0.0011943355,0.010989012,0.011904763,0.0029015397,0.0022230826,0.01010101,0.010752689,0.011627908,0.00985939,0.009719314,0.009803922,0.010526317,0.011904763,0.009615386,0.009356815,0.009803923,0.010434942,0.011527667,nan,nan,nan,nan,nan,nan,nan,nan,0.0016104112,0.0017168391,0.004065041,0.003521127,0.0015713107,0.0011358681,0.0024795076,0.0015590336,0.00097172224,,,0.0008454158,0.0013339284,0.0011874322,,,
90,0.0,0.0,0.0,0.0,0.0,0.0,0.0,0.0,0.0,0.0,0.0,0.0,0.0,0.0,0.0,0.0,0.0,0.0,0.0,0.0,0.0,0.0,0.0,0.0,0.0,nan,nan,nan,nan,nan,0.0,0.0,0.0,0.0,0.0,0.0,0.0,0.0,0.0,0.0,0.0,0.0,0.0,0.0,0.0,0.0,0.0,0.0,0.0,0.0,0.008495271,0.008695653,0.00877193,0.008695653,0.008695652,0.00900901,0.00900901,0.00900901,0.008695652,0.008547009,0.009345794,0.009259259,0.0091743115,0.00877193,0.008403362,0.009615385,0.009433962,0.009389878,0.008333334,0.0,0.009345794,0.00900901,0.0,0.0,0.0,0.0047393367,0.0023939826,0.0014552405,0.010989011,0.011904763,0.001797037,0.0016655155,0.010204081,0.011235955,0.011494253,0.00901864,0.010204081,0.010752688,0.010869565,0.010989011,0.008854168,0.010526317,0.010416667,0.010204081,0.010752688,0.010526317,0.00990099,0.00990099,0.01010101,0.013043974,nan,nan,nan,0.0036630037,0.0017567503,nan,nan,0.004385965,0.000623935,0.00193822,nan,0.0027826456,0.0019575735,0.002196973,0.0,0.0013843346,0.0017254603,,,0.0010902376,0.0013117247,0.00225349,,,
91,0.0,0.0,0.0,0.0,0.0,0.0,0.0,0.0,0.0,0.0,0.0,0.0,0.0,0.0,0.0,0.0,0.0,0.0,0.0,0.0,0.0,0.0,0.0,0.0,0.0,0.0,0.0,0.0,0.0,0.0,0.0,0.0,0.0,0.0,0.0,0.0,0.0,0.0,0.0,0.0,0.0,0.0,0.0,0.0,0.0,0.0,0.0,0.0,0.0,0.0,0.008750136,0.00909091,0.00952381,0.00990099,0.010526316,0.009259259,0.009615386,0.00990099,0.01010101,0.010638298,0.009803923,0.01,0.010309279,0.010309279,0.010869565,0.010526316,0.010638298,0.010752688,0.010752688,0.011235955,0.011764706,0.011627907,0.011494253,0.011494253,0.0125,nan,0.004038604,0.0050154845,0.010204081,0.011627908,0.0032525603,0.0017793882,0.009200165,0.010526316,0.011494253,nan,0.0073579685,0.009535257,0.010309279,0.011235955,0.00862069,0.008928572,0.009523811,0.010204082,0.011363637,0.008474577,0.008810744,0.009803923,0.0106382985,0.012345679,0.058823533,nan,nan,0.0007773044,0.002574266,nan,nan,nan,0.0014626896,0.002051769,nan,0.0026595744,0.0034916692,0.0017410527,0.0,0.0011736457,0.0010748274,,,0.0010360442,0.001409468,0.0029690003,,,
92,0.0,0.0,0.0,0.0,0.0,0.0,0.0,0.0,0.0,0.0,0.0,0.0,0.0,0.0,0.0,0.0,0.0,0.0,0.0,0.0,0.0,0.0,0.0,0.0,0.0,0.0,0.0,0.0,0.0,0.0,0.0,0.0,0.0,0.0,0.0,0.0,0.0,0.0,0.0,0.0,0.0,0.0,0.0,0.0,0.0,0.0,0.0,0.0,0.0,0.0,0.010416667,0.011111111,0.012048194,0.012820513,0.01388889,0.010869565,0.011494253,0.0121951215,0.012820513,0.01388889,0.011363637,0.011764706,0.012345679,0.012987013,0.014084508,0.011764706,0.011904762,0.012820513,0.013333333,0.014492754,0.011904762,0.012500001,0.013513514,0.014084508,0.015151516,nan,0.0035410419,0.0036665022,0.013333333,0.015625,0.0014265336,0.0013309636,0.008378983,0.013513515,0.015384616,0.002479264,0.007832317,0.011904763,0.013513515,0.015151516,0.010322703,0.010869565,0.012048195,0.013333333,0.015625,0.010309279,0.010869565,0.012072682,0.013513514,0.016393444,0.0044247787,0.0006825938,nan,nan,0.0021117209,nan,0.003355705,nan,0.002471199,0.0010798235,nan,0.0038759687,0.0022555236,0.0014173323,0.0,0.00091901247,0.0012586969,,,0.0014319153,0.0017325432,0.0025777302,,,
93,0.0,0.0,0.0,0.0,0.0,0.0,0.0,0.0,0.0,0.0,0.0,0.0,0.0,0.0,0.0,0.0,0.0,0.0,0.0,0.0,0.0,0.0,0.0,0.0,0.0,0.0,0.0,0.0,0.0,0.0,0.0,0.0,0.0,0.0,0.0,0.0,0.0,0.0,0.0,0.0,0.0,0.0,0.0,0.0,0.0,0.0,0.0,0.0,0.0,0.0,0.008264462,0.0088495575,0.00925926,0.00952381,0.01,0.00900901,0.009345794,0.00952381,0.009523811,0.010101011,0.009615385,0.009615385,0.009772195,0.009708738,0.010526317,0.01010101,0.009803922,0.01,0.00990099,0.011494253,0.010309279,0.010526316,0.010204081,0.010752688,0.012987013,nan,0.0032786885,0.0019894917,0.0012979418,0.011627907,0.0027755678,0.0025337986,0.0012845394,0.010526317,0.011235955,0.00094675116,0.008520175,0.009523811,0.010309279,0.011111112,0.0088495575,0.00909091,0.009345794,0.01010101,0.011363637,0.008849558,0.008928572,0.009523811,0.0102216145,0.013157896,nan,nan,nan,0.0014619883,0.0027207518,nan,nan,0.0011299435,0.0023935833,0.0022541601,nan,0.0018800523,0.0023888845,0.0018716851,0.0012882337,0.002416425,0.0015770744,,,0.002236785,0.0015382186,0.0011920457,,,
94,0.0,0.0,0.0,0.0,0.0,0.0,0.0,0.0,0.0,0.0,0.0,0.0,0.0,0.0,0.0,0.0,0.0,0.0,0.0,0.0,0.0,0.0,0.0,0.0,0.0,0.009615385,0.01,0.010309279,0.00990099,0.00900901,0.009433962,0.009708738,0.00952381,nan,0.0,nan,0.0,0.0,0.0,0.0,0.0,0.0,0.0,0.0,0.0,0.0,0.0,0.0,0.0,0.0,0.00061124703,0.010309279,0.011363637,0.012048194,0.013157896,0.01010101,0.010752688,0.011494253,0.012048195,0.012987013,0.010416667,0.010869565,0.011363637,0.0121951215,0.012820513,0.010638298,0.010869565,0.011627907,0.0121951215,0.01388889,0.010416667,0.010869565,0.011627907,0.013513514,nan,nan,0.0028545137,0.002967359,0.001210753,0.01272544,0.0020434961,0.0019135549,0.0019365214,0.012509308,0.011428571,nan,0.0013226552,0.007111162,0.011257036,0.01106451,0.0014059203,0.0072693196,0.010309279,0.0121951215,0.014084508,0.008961478,0.006884952,0.01,0.011627908,0.014492754,nan,nan,nan,0.006134969,0.0022015462,nan,0.0026041667,nan,0.0031460389,0.0030120485,nan,0.002173913,0.0033875087,0.002922605,0.0,0.0014431286,0.0014232459,,,0.0014972435,0.00091346464,0.0015136382,,,
95,0.0,0.0,0.0,0.0,0.0,0.0,0.0,0.0,0.0,0.0,0.0,0.0,0.0,0.0,0.0,0.0,0.0,0.0,0.0,0.0,0.0,0.0,0.0,0.0,0.0,0.0,0.0,0.0,0.0,0.0,0.0,0.0,0.0,0.0,0.0,0.0,0.0,0.0,0.0,0.0,0.0,0.0,0.0,0.0,0.0,0.0,0.0,0.0,0.0,0.0,0.00862069,0.0088495575,0.009259259,0.009708738,0.01010101,0.0091743115,0.009345794,0.009523811,0.009803922,0.010204081,0.009708738,0.009708738,0.009708738,0.01,0.010416667,0.010050505,0.01010101,0.00990099,0.010204081,0.010989011,0.010526316,0.0,0.0,0.0,0.0,nan,0.0039543128,0.0034280333,0.010989011,0.012225233,0.002856337,0.0017438768,0.010088384,0.011111112,0.0121951215,0.0010302407,0.009451932,0.010101011,0.010989012,0.012345679,0.0091837505,0.009433962,0.00990099,0.010893455,0.012820514,0.009174312,0.009523811,0.010101011,0.011627908,0.014925375,nan,0.052631583,nan,nan,0.0026204446,nan,nan,nan,0.0049155983,0.0035055825,nan,nan,0.001806709,0.002878532,0.0,0.0018894895,0.00089080463,,,0.00096240005,0.0039096903,0.0015149685,,,
96,0.0,0.0,0.0,0.0,0.0,0.0,0.0,0.0,0.0,0.0,0.0,0.0,0.0,0.0,0.0,0.0,0.0,0.0,0.0,0.0,0.0,0.0,0.0,0.0,0.0,0.0,0.0,0.0,0.0,0.0,0.0,0.0,0.0,0.0,0.0,0.0,0.0,0.0,0.0,0.0,0.0,0.0,0.0,0.0,0.0,0.0,0.0,0.0,0.0,0.0,0.010444079,0.010752688,0.011111111,0.011363637,0.0121951215,0.011235955,0.011363637,0.011627907,0.011764706,0.0125,0.0121951215,0.012048194,0.012345679,0.012345679,0.013513514,0.015873017,0.013513514,0.013157896,0.013333333,0.011494253,0.015151516,0.007575758,nan,nan,nan,nan,nan,0.002748956,0.0125,0.01388889,0.0017513135,0.0019157089,0.011363637,0.012658228,0.013513514,0.0012057916,0.011111112,0.011904763,0.0125,0.013513514,0.010344828,0.011764707,0.011764707,0.0121951215,0.014084509,0.008634532,0.011363637,0.011764707,0.012500001,0.016949153,nan,nan,nan,0.00061544427,0.0005980862,nan,nan,nan,0.0012330456,0.0030064099,nan,0.0015619693,0.002731116,0.001983105,0.0,0.0012377031,0.0014184996,,,0.0011680282,0.0033301208,0.0015065077,,,
97,0.0,0.0,0.0,0.0,0.0,0.0,0.0,0.0,0.0,0.0,0.0,0.0,0.0,0.0,0.0,0.0,0.0,0.0,0.0,0.0,0.0,0.0,0.0,0.0,0.0,0.0075187967,0.007042254,0.0056818184,0.0,0.0,0.010204081,0.0074074073,0.0,0.0,0.0,0.013698631,0.0,0.0,0.0,0.0,0.0,0.0,0.0,0.0,0.0,0.0,0.0,0.0,0.0,0.0,0.008928572,0.009523811,0.010204081,0.010752688,0.011235955,0.009803923,0.010309279,0.0106382985,0.010830606,0.011363637,0.0106382985,0.010752688,0.010752688,0.010752688,0.011764706,0.011627907,0.011363637,0.010869565,0.010989011,0.012658228,0.014492754,0.012048194,0.011111111,0.012987013,0.014705883,nan,0.000619195,0.0025035231,0.001998065,0.013698631,0.0018438243,0.0014313158,0.0026976287,0.012048194,0.013513515,0.0015275191,0.001209236,0.007753078,0.011764707,0.013513514,0.0018694208,0.009708739,0.01021911,0.011363637,0.012345679,0.00925926,0.009345795,0.009615385,0.010526317,0.013333334,nan,nan,nan,nan,0.0013383334,nan,nan,nan,0.000626254,0.0014113461,nan,0.0017925845,0.002569875,0.0018727263,0.0018583568,0.0012727967,0.0012156756,,,0.0012574145,0.002004339,0.0044940272,,,
98,0.0,0.0,0.0,0.0,0.0,0.0,0.0,0.0,0.0,0.0,0.0,0.0,0.0,0.0,0.0,0.0,0.0,0.0,0.0,0.0,0.0,0.0,0.0,0.0,0.0,0.0,0.0,0.0,0.0,0.0,0.0,0.0,0.0,0.0,0.0,0.0,0.0,0.0,0.0,0.0,0.0,0.0,0.0,0.0,0.0,0.0,0.0,0.0,0.0,0.0,0.009259259,0.009523811,0.00990099,0.01010101,0.010526316,0.00990099,0.01,0.010204081,0.010204081,0.010638298,0.010416667,0.010416667,0.010416667,0.010309279,0.010752688,0.010989011,0.010869565,0.010752688,0.010526316,0.011363637,0.012579114,0.011904762,0.011235955,0.011235955,0.011627907,nan,0.002371242,0.0020247833,0.0017554306,0.012358539,0.002261687,0.0015025295,0.0023639528,0.011001222,0.0121951215,0.0007355506,0.000962031,0.010204081,0.010989012,0.011764707,0.0094758915,0.009708738,0.010101011,0.010526317,0.011494253,0.009265441,0.009433962,0.009803923,0.010416667,0.012658229,0.14285715,nan,nan,nan,0.0038240042,nan,nan,0.0029302905,0.0023050285,0.0031728437,0.0036231885,0.002948548,0.0023421082,0.0025015026,0.0,0.0015306959,0.0011770192,,,0.0017415948,0.0011888839,0.00144655,,,
99,0.0,0.0,0.0,0.0,0.0,0.0,0.0,0.0,0.0,0.0,0.0,0.0,0.0,0.0,0.0,0.0,0.0,0.0,0.0,0.0,0.0,0.0,0.0,0.0,0.0,nan,nan,nan,nan,nan,nan,nan,0.01010101,nan,nan,0.0,0.0,nan,nan,0.0,0.0,0.0,0.0,0.0,0.0,0.0,0.0,0.0,0.0,0.0,0.008928572,0.009345795,0.009803923,0.010126778,0.010869565,0.009174312,0.009523811,0.009803923,0.00990099,0.0106382985,0.009523811,0.009634055,0.01010101,0.010416667,0.010989012,0.00990099,0.009803922,0.010752688,0.010752688,0.0121951215,0.010204081,0.011111111,0.013513514,nan,nan,nan,0.004431367,0.0055555557,0.011494253,0.013513515,0.0015550605,0.0036550998,0.009395281,0.011494253,0.013157896,0.0009991787,0.008937591,0.01,0.011363637,0.013157896,0.004457314,0.009259259,0.009615385,0.011111112,0.011764707,0.00900901,0.009000073,0.009708738,0.0106382985,0.01388889,nan,nan,nan,0.0028011207,0.0045492146,nan,nan,nan,0.004593747,0.0014451165,nan,0.0028641713,0.0019759005,0.0018430977,0.0,0.0014406092,0.001130178,,,0.0016513397,0.0012538704,0.0013175944,,,
100,0.0,0.0,0.0,0.0,0.0,0.0,0.0,0.0,0.0,0.0,0.0,0.0,0.0,0.0,0.0,0.0,0.0,0.0,0.0,0.0,0.0,0.0,0.0,0.0,0.0,0.0,0.0,0.0,0.0,0.0,0.0,0.0,0.0,0.0,0.0,0.0,0.0,0.0,0.0,0.0,0.0,0.0,0.0,0.0,0.0,0.0,0.0,0.0,0.0,0.0,0.008333335,0.00862069,0.0088495575,0.008928572,0.009259259,0.00900901,0.0091743115,0.009259259,0.009090909,0.009345794,0.009708738,0.009708738,0.009708738,0.009345794,0.00952381,0.011235955,0.010526316,0.010204081,0.00952381,0.010526316,0.012048194,0.006024097,0.005865153,0.008264462,nan,nan,0.0033112583,0.0029890647,0.0012899248,0.012345679,0.0015843766,0.002008348,0.001505678,0.010752689,0.011627908,0.0014513613,0.00079951354,0.009708739,0.01021911,0.010416667,0.008694663,0.0091743115,0.009259259,0.009708739,0.011235955,0.009148055,0.008841795,0.009433962,0.01,0.01388889,nan,nan,nan,0.0018556028,0.003185417,nan,nan,nan,nan,0.0024453534,0.0012077296,0.00073313783,0.0030552603,0.0010358477,0.0015759293,0.0026902568,0.00081509433,,,0.0013206757,0.0013773849,0.0009429808,,,
101,0.0,0.0,0.0,0.0,0.0,0.0,0.0,0.0,0.0,0.0,0.0,0.0,0.0,0.0,0.0,0.0,0.0,0.0,0.0,0.0,0.0,0.0,0.0,0.0,0.0,0.0088495575,0.008547009,0.0,0.0,0.0,0.0,0.0,0.0,0.0,0.0,0.0,0.0,0.0,0.0,0.0,0.0,0.0,0.0,0.0,0.0,0.0,0.0,0.0,0.0,0.0,0.009911992,0.009746811,0.01,0.010309279,0.010638298,0.010204081,0.010416667,0.010526316,0.010638298,0.010869565,0.011363637,0.011235955,0.010989011,0.011111111,0.011235955,0.013157896,0.013698631,0.011627907,0.011627907,0.012048194,0.018867925,0.017857144,0.012987013,0.013513514,0.015151516,nan,0.0025211084,0.0022599818,0.0011417364,0.011662107,0.0018640731,0.00096173026,0.0016844107,0.010752688,0.011627908,0.002437946,0.0015196925,0.01010101,0.010869565,0.011494253,0.0077009355,0.010204081,0.010526317,0.0106382985,0.011904763,0.010425804,0.010526317,0.010204081,0.010893455,0.013888891,nan,nan,nan,0.002196114,0.004464286,0.008130082,0.0046296297,0.006944445,0.001988538,0.001367293,0.004065041,nan,0.0014659364,0.0011770927,0.0013484695,0.00100725,0.0014351241,,,0.0012580825,0.0010137806,0.0014080425,,,
102,0.0,0.0,0.0,0.0,0.0,0.0,0.0,0.0,0.0,0.0,0.0,0.0,0.0,0.0,0.0,0.0,0.0,0.0,0.0,0.0,0.0,0.0,0.0,0.0,0.0,0.0,0.0,0.0,0.0,0.0,0.0,0.0,0.0,0.0,0.0,0.0,0.0,0.0,0.0,0.0,0.0,0.0,0.0,0.0,0.0,0.0,0.0,0.0,0.0,0.0,0.009615385,0.01,0.010416667,0.010989012,0.011904762,0.010309279,0.010526317,0.010869565,0.011494253,0.012345679,0.011235955,0.011363637,0.011627907,0.012048194,0.013698631,0.012987013,0.0125,0.012345679,0.013333333,0.014705883,0.012658228,0.014084508,0.010989011,0.0,0.0,nan,nan,0.0036576695,0.010989011,0.012500001,0.0043798406,0.00262324,0.01,0.011111112,0.012820514,0.008697843,0.009615386,0.01010101,0.011235955,0.013157896,0.009523811,0.00966873,0.010416668,0.011764706,0.014705884,0.009433962,0.009803923,0.011111112,0.012820513,0.017857144,0.0044444446,0.0026385225,nan,nan,0.0016276806,nan,nan,0.005376344,0.003436426,0.0014804204,nan,0.003913366,0.0025068475,0.0029156287,0.0,0.0021259103,0.0023131433,,,0.001266608,0.0019994122,0.0018072946,,,
103,0.0,0.0,0.0,0.0,0.0,0.0,0.0,0.0,0.0,0.0,0.0,0.0,0.0,0.0,0.0,0.0,0.0,0.0,0.0,0.0,0.0,0.0,0.0,0.0,0.0,0.0,0.0,0.0,0.0,0.0,0.0,0.0,0.0,0.0,0.0,0.0,0.0,0.0,0.0,0.0,0.0,0.0,0.0,0.0,0.0,0.0,0.0,0.0,0.0,0.0,0.008130082,0.008333335,0.008474576,0.008547009,0.0088495575,0.00862069,0.008695653,0.008695652,0.008547009,0.00877193,0.0091743115,0.009090909,0.008928572,0.008547009,0.008695652,0.00990099,0.009708738,0.008928572,0.008333334,0.008547009,0.012658228,0.010204081,0.008547009,0.007246377,0.0069930074,nan,0.0034550661,0.0023414148,0.010869565,0.012345679,0.0021320719,0.0027690132,0.009803923,0.010989012,0.012048195,0.0010096933,0.009389878,0.01010101,0.010869565,0.012048195,0.009630945,0.009776726,0.00990099,0.010638298,0.011363637,0.009803923,0.009523811,0.00990099,0.010526317,0.0121951215,0.071428575,nan,nan,nan,0.0011345252,nan,nan,nan,0.0006139002,0.0013943082,0.000604595,nan,0.0022494872,0.0015079789,0.0,0.0018129728,0.0015002884,,,0.0011178605,0.0019556312,0.0010534162,,,
104,0.0,0.0,0.0,0.0,0.0,0.0,0.0,0.0,0.0,0.0,0.0,0.0,0.0,0.0,0.0,0.0,0.0,0.0,0.0,0.0,0.0,0.0,0.0,0.0,0.0,0.0,0.0,0.0,0.0,0.0,0.0,0.0,0.0,0.0,0.0,0.0,0.0,0.0,0.0,0.0,0.0,0.0,0.0,0.0,0.0,0.0,0.0,0.0,0.0,0.0,0.009732534,0.010204081,0.010752688,0.011235955,0.011627908,0.010101011,0.010526316,0.010869565,0.011194341,0.011494253,0.010752688,0.010752688,0.010989012,0.011278517,0.011627908,0.011363637,0.011111111,0.010989012,0.011494253,0.011811392,0.012987013,0.011235955,0.011363637,0.012048195,0.013513514,nan,0.0006013229,0.0019744297,0.007953341,0.014285714,0.002291229,0.0022402029,0.0010692456,0.012345679,0.013888891,nan,0.0034887488,0.010752688,0.012048195,0.013698632,0.009708738,0.01010101,0.010752688,0.011627908,0.013698631,0.009900991,0.009900991,0.010204081,0.011235955,0.012820514,nan,nan,nan,0.001754386,0.0028409092,nan,nan,nan,0.0024748906,0.0031933184,0.0038610036,0.0026737968,0.0021288896,0.0012244388,0.0014932001,0.0007709025,0.0010054904,,,0.0015593595,0.0009815233,0.001006864,,,
105,0.0,0.0,0.0,0.0,0.0,0.0,0.0,0.0,0.0,0.0,0.0,0.0,0.0,0.0,0.0,0.0,0.0,0.0,0.0,0.0,0.0,0.0,0.0,0.0,0.0,0.0,0.0,0.0,0.0,0.0,0.0,0.0,0.0,0.0,0.0,0.0,0.0,0.0,0.0,0.0,0.0,0.0,0.0,0.0,0.0,0.0,0.0,0.0,0.0,0.0,0.009066339,0.009433962,0.009708739,0.010101011,0.010526317,0.009523811,0.009803923,0.00990099,0.010101011,0.010752688,0.00990099,0.00990099,0.01,0.010204082,0.011070412,0.00990099,0.01,0.01,0.010416667,0.0121951215,0.009803922,0.01,0.01,0.012500001,nan,nan,0.000609113,0.0036886134,0.001162591,0.013157896,0.002182839,0.0009440998,0.0077861953,0.011494253,0.012526372,0.0017320471,0.008548731,0.010416667,0.011254196,0.012345679,0.008260045,0.009792024,0.00990099,0.010869565,0.011363637,0.00909091,0.00925926,0.009615386,0.010309279,0.012820514,nan,nan,nan,nan,0.0041578747,nan,nan,nan,0.0010395636,0.002571344,0.0029850747,0.0017421602,0.003215077,0.0024947478,0.0037015956,0.0016414705,0.0010162093,,,0.0011097844,0.001233379,0.0018267265,,,
106,0.0,0.0,0.0,0.0,0.0,0.0,0.0,0.0,0.0,0.0,0.0,0.0,0.0,0.0,0.0,0.0,0.0,0.0,0.0,0.0,0.0,0.0,0.0,0.0,0.0,0.0,0.0,0.0,0.0,0.0,0.0,0.0,0.0,0.0,0.0,0.0,0.0,0.0,0.0,0.0,0.0,0.0,0.0,0.0,0.0,0.0,0.0,0.0,0.0,0.0,0.0099669965,0.010204081,0.0104440795,0.0106382985,0.010989011,0.010695493,0.010752688,0.010752688,0.0106382985,0.010869565,0.011363637,0.011111111,0.010989011,0.0106382985,0.010989011,0.011764706,0.011363637,0.011111111,0.010638298,0.012658228,0.012048194,0.011363637,0.010989011,0.014492754,0.016666668,nan,0.0019680662,0.003220437,0.001139913,0.012987014,0.0017878928,0.002334316,0.0015419846,0.011627908,0.012820514,0.002010682,0.007828283,0.010752688,0.011494253,0.0121951215,0.008909025,0.0106382985,0.010654639,0.010893455,0.01138976,0.008950153,0.010204082,0.010309279,0.0106382985,0.013513515,nan,nan,0.05555556,nan,0.004198665,0.041666668,nan,0.00155521,0.0013811514,0.0016321931,nan,0.0034883078,0.0029169049,0.0017125777,0.0,0.0021415567,0.001444064,,,0.00093312224,0.001280448,0.0010306474,,,
107,0.0,0.0,0.0,0.0,0.0,0.0,0.0,0.0,0.0,0.0,0.0,0.0,0.0,0.0,0.0,0.0,0.0,0.0,0.0,0.0,0.0,0.0,0.0,0.0,0.0,0.009259259,0.009433962,0.009615385,0.009708738,0.009345794,0.011363637,0.012048194,0.012345679,0.011627907,0.009433962,0.012048194,0.0121951215,nan,0.011627907,0.0,nan,nan,0.0,0.0,0.0,0.0,0.0,0.0,0.0,0.0,0.009212066,0.010000001,0.010869565,0.011764707,0.012820513,0.00990099,0.010526317,0.010989012,0.011627908,0.012048194,0.010526316,0.010869565,0.010989012,0.011494253,0.012048194,0.011235955,0.011235955,0.011235955,0.011363637,0.013513514,0.013245614,0.011494253,0.011235955,0.013606072,0.015384616,nan,0.004422862,0.0024352088,0.001213939,0.012456009,0.0032762056,0.0008449581,0.0012069106,0.011904763,0.014084508,0.0012746555,0.00816844,0.010204081,0.011494254,0.013888891,0.0011206748,0.009361826,0.01,0.011363637,0.012698799,0.009148345,0.00909091,0.009734698,0.010752688,0.014925375,nan,nan,nan,0.003564246,0.0020683077,nan,nan,nan,0.004736445,0.0014971369,0.0044247787,nan,0.0022259566,0.002142705,0.002981476,0.002318571,0.0010812079,,,0.0018108435,0.0008558136,0.0011349139,,,
108,0.0,0.0,0.0,0.0,0.0,0.0,0.0,0.0,0.0,0.0,0.0,0.0,0.0,0.0,0.0,0.0,0.0,0.0,0.0,0.0,0.0,0.0,0.0,0.0,0.0,0.0,0.0,0.0,0.0,0.0,0.0,0.0,0.0,0.0,0.0,0.0,0.0,0.0,0.0,0.0,0.0,0.0,0.0,0.0,0.0,0.0,0.0,0.0,0.0,0.0,0.010526317,0.010204081,0.010101011,0.010204082,0.010416667,0.010989012,0.010752688,0.010526316,0.010309279,0.010526316,0.011834734,0.011363637,0.010752688,0.010416667,0.010416667,0.013157896,0.012048194,0.010869565,0.010204081,0.010309279,0.016666668,0.012345679,0.010526316,0.00952381,0.009259259,nan,0.002731515,0.0017026457,0.010939137,0.012658228,0.0017431823,0.0031134966,0.0013128386,0.011627908,0.012658229,0.0016561947,0.0017153701,0.010416667,0.011627908,0.012255345,0.011235955,0.011235955,0.011235955,0.011111112,0.011627908,0.011764707,0.010989012,0.010526317,0.010869565,0.011904763,0.025,0.04347826,0.015174237,nan,0.0007595911,nan,0.03860446,nan,0.0008247907,0.0024721508,0.0035842292,0.0021539293,0.0016417668,0.000905504,0.0013202676,nan,0.00092055445,,,0.0012087456,0.0009687141,0.0014284487,,,
109,0.0,0.0,0.0,0.0,0.0,0.0,0.0,0.0,0.0,0.0,0.0,0.0,0.0,0.0,0.0,0.0,0.0,0.0,0.0,0.0,0.0,0.0,0.0,0.0,0.0,0.0,0.0,0.0,0.0,0.0,0.0,0.0,0.0,0.0,0.0,0.0,0.0,0.0,0.0,0.0,0.0,0.0,0.0,0.0,0.0,0.0,0.0,0.0,0.0,0.0,0.01,0.0106382985,0.011363637,0.011904763,0.012658229,0.010752688,0.011235955,0.011450714,0.011627908,0.0121951215,0.011363637,0.011363637,0.011235955,0.011111112,0.011764707,0.011627907,0.011235955,0.011235955,0.011235955,0.012658229,0.011363637,0.010989011,0.011764707,0.0073529417,nan,nan,0.002762403,0.0018909831,0.0014844643,0.011538461,0.0024602318,0.00093988824,0.0012830055,0.012345679,0.013888891,0.0010272969,0.007303581,0.011111112,0.012048195,0.013333333,0.0075670816,0.0106382985,0.010765675,0.011494253,0.012820514,0.008139726,0.010204081,0.010526317,0.011111111,0.012500001,nan,nan,nan,0.0006384136,0.0044305017,nan,nan,0.0043290043,0.003100941,0.0014757909,nan,0.0020746891,0.0017113999,0.0011323922,0.0021049618,0.00304666,0.003785718,,,0.0019999319,0.0025448364,0.0011643982,,,
110,0.0,0.0,0.0,0.0,0.0,0.0,0.0,0.0,0.0,0.0,0.0,0.0,0.0,0.0,0.0,0.0,0.0,0.0,0.0,0.0,0.0,0.0,0.0,0.0,0.0,0.0,0.0,0.0,0.0,0.0,0.0,0.0,0.0,0.0,0.0,0.0,0.0,0.0,0.0,0.0,0.0,0.0,0.0,0.0,0.0,0.0,0.0,0.0,0.0,0.0,0.0091743115,0.009433962,0.009708739,0.01,0.0106382985,0.009433962,0.009708739,0.00990099,0.010101011,0.010830606,0.009708738,0.00990099,0.01010101,0.010309279,0.011235955,0.009803923,0.01010101,0.010101011,0.010526317,0.0125,0.009615385,0.009708738,0.010416667,0.012987013,0.011904762,nan,0.0015001236,0.0020811488,0.011111112,0.012345679,0.0025241547,0.004490441,0.01010101,0.011111111,0.012084926,0.008928572,0.009742733,0.01,0.010869565,0.011494253,0.009523811,0.009615385,0.00990099,0.010526317,0.012048195,0.009433962,0.009615386,0.01,0.0106382985,0.013986699,nan,nan,nan,nan,0.0017768894,nan,nan,nan,0.0015395443,0.0023674257,0.0024464082,0.0011846442,0.002126046,0.0009469967,0.0013338418,0.0045918906,0.0013429445,,,0.00181313,0.0014864635,0.0032545305,,,
111,0.0,0.0,0.0,0.0,0.0,0.0,0.0,0.0,0.0,0.0,0.0,0.0,0.0,0.0,0.0,0.0,0.0,0.0,0.0,0.0,0.0,0.0,0.0,0.0,0.0,0.0,0.0,0.0,0.0,0.0,0.0,0.0,0.0,0.0,0.0,0.0,0.0,0.0,0.0,0.0,0.0,0.0,0.0,0.0,0.0,0.0,0.0,0.0,0.0,0.0,0.00990099,0.00990099,0.010309279,0.010526317,0.010869565,0.01,0.010309279,0.0106382985,0.010600971,0.010752688,0.010416667,0.010563645,0.010752688,0.0106382985,0.010869565,0.010526316,0.010752688,0.010869565,0.010869565,0.011363637,0.010752688,0.011111111,0.012820513,0.012658228,0.010989011,nan,0.003092559,0.0031844547,0.011235955,0.013513515,0.0018519894,0.0005963029,0.0008519577,0.011627908,0.013333334,0.0027420982,0.009184306,0.010416667,0.011627908,0.012987013,0.009523811,0.009821571,0.010416667,0.011235955,0.012658229,0.009523811,0.0097520035,0.010309279,0.010869565,0.0121951215,0.06666667,nan,nan,0.004405286,0.0016086836,nan,nan,nan,0.0021152836,0.001516376,nan,0.0031948884,0.005246322,0.001050675,0.0013411286,0.0021236078,0.0012838531,,,0.0013383115,0.0009248759,0.002977182,,,
112,0.0,0.0,0.0,0.0,0.0,0.0,0.0,0.0,0.0,0.0,0.0,0.0,0.0,0.0,0.0,0.0,0.0,0.0,0.0,0.0,0.0,0.0,0.0,0.0,0.0,0.009090909,0.00877193,0.007874016,0.006289308,0.0051813475,nan,nan,0.013513514,0.009433962,0.005050505,nan,nan,0.0,0.0,0.0,0.0,0.0,0.0,0.0,0.0,0.0,0.0,0.0,0.0,0.0,0.010309279,0.010869565,0.011363637,0.012048194,0.012820513,0.011111112,0.011494253,0.011764706,0.012048194,0.0125,0.011904762,0.011904762,0.011904762,0.012048194,0.012658228,0.013157896,0.012345679,0.0121951215,0.0121951215,0.012658228,0.012987013,0.0125,0.011904762,0.0125,0.014084508,nan,0.0017475958,0.0019319216,0.0025376794,0.014285713,0.00198217,0.0027263858,0.0014886282,0.012820514,0.014084508,0.0024119953,0.008086104,0.011904763,0.012658229,0.013698632,0.011140345,0.011272436,0.011494253,0.0125,0.013333333,0.0109338835,0.010752689,0.011235955,0.01184874,0.013888891,nan,nan,nan,0.0006704555,0.0036880027,nan,nan,0.002202643,0.004787696,0.0010001177,0.0018991482,0.0030425307,0.001498771,0.0024817933,0.0010962564,0.0018188969,0.0012077471,,,0.0014248593,0.0011178871,0.0014725857,,,
113,0.0,0.0,0.0,0.0,0.0,0.0,0.0,0.0,0.0,0.0,0.0,0.0,0.0,0.0,0.0,0.0,0.0,0.0,0.0,0.0,0.0,0.0,0.0,0.0,0.0,0.014492754,0.015151516,0.014705883,0.013333333,0.01010101,nan,nan,nan,nan,0.0,nan,nan,0.0,0.0,0.0,0.0,0.0,0.0,0.0,0.0,0.0,0.0,0.0,0.0,0.0,0.011494253,0.012345679,0.013157896,0.014084508,0.014705883,0.0125,0.013157896,0.013698631,0.014285713,0.014285713,0.013698631,0.014084508,0.014084508,0.014084508,0.014705883,0.019607846,0.01754386,0.014285713,0.014084508,0.016666668,0.018867925,0.014705883,0.014492754,0.01724138,0.014705883,nan,0.003927609,0.0023027482,0.008764959,0.010387544,0.0019170274,0.0019083971,0.006569341,0.013698632,0.015384617,0.0022059786,0.0025386773,0.012643844,0.013513515,0.014925375,0.001861067,0.0044185193,0.012345679,0.013513515,0.013928014,0.006565631,0.007902509,0.01234568,0.013015494,0.01724138,0.0051546395,nan,nan,nan,0.0011022765,0.04761905,nan,0.0031847134,0.0035662302,0.0012374592,0.0051282053,0.0014771048,0.0010429388,0.0009035356,0.0032121772,0.0016468251,0.0009752154,,,0.0008330976,0.0012921811,0.001842131,,,
114,0.0,0.0,0.0,0.0,0.0,0.0,0.0,0.0,0.0,0.0,0.0,0.0,0.0,0.0,0.0,0.0,0.0,0.0,0.0,0.0,0.0,0.0,0.0,0.0,0.0,0.0,0.0,0.0,0.0,0.0,0.0,0.0,0.0,0.0,0.0,0.0,0.0,0.0,0.0,0.0,0.0,0.0,0.0,0.0,0.0,0.0,0.0,0.0,0.0,0.0,0.00952381,0.010526317,0.011363637,0.011764706,0.012345679,0.010752688,0.011235955,0.011494253,0.011363637,0.011494253,0.011627907,0.011764706,0.011494253,0.010869565,0.010416667,0.012820513,0.0125,0.010869565,0.010752688,0.010869565,0.014285713,0.011111111,0.0125,0.0121951215,0.0,nan,0.00371517,0.003364668,0.0015367811,0.014925375,0.0006281407,0.0013605069,0.011176371,0.012987013,0.014285713,0.002190168,0.009987457,0.011709987,0.012500001,0.013698631,0.0008308141,0.008133825,0.011627908,0.0121951215,0.011494253,0.010646469,0.007929586,0.010309279,0.010526317,0.014492754,nan,nan,nan,0.0006261741,0.00084054883,nan,nan,nan,0.00285674,0.0016082783,nan,0.0036799172,0.0013535038,0.004383057,0.0018646432,0.001665364,0.0014461505,,,0.0011900697,0.0014446421,0.001319898,,,
115,0.0,0.0,0.0,0.0,0.0,0.0,0.0,0.0,0.0,0.0,0.0,0.0,0.0,0.0,0.0,0.0,0.0,0.0,0.0,0.0,0.0,0.0,0.0,0.0,0.0,0.0,0.0,0.0,0.0,0.0,0.0,0.0,0.0,0.0,0.0,0.0,0.0,0.0,0.0,0.0,0.0,0.0,0.0,0.0,0.0,0.0,0.0,0.0,0.0,0.0,0.00862069,0.0088495575,0.0091743115,0.009708738,0.010239147,0.009259259,0.009345794,0.009433962,0.009803923,0.010101011,0.00990099,0.009708738,0.009523811,0.009803923,0.01,0.010638298,0.01,0.009523811,0.009708738,0.0099669965,0.011173533,0.00990099,0.009803923,0.009708738,0.010101011,nan,0.0025493437,0.0037728385,0.010526316,0.012048195,0.0057803467,0.0009344223,0.009345794,0.010752689,0.011904763,0.008403363,0.0091743115,0.009803922,0.010526317,0.011363637,0.009433962,0.009615385,0.009708738,0.010101011,0.010893455,0.00990099,0.009345794,0.009345795,0.01010101,0.011235955,0.06666667,nan,nan,nan,0.0017167939,0.004761905,nan,nan,0.0010837534,0.002354643,nan,0.004057655,0.0032883377,0.000923007,0.0015351285,0.0009602208,0.0011424506,,,0.0020284632,0.0017881948,0.0021883836,,,
116,0.0,0.0,0.0,0.0,0.0,0.0,0.0,0.0,0.0,0.0,0.0,0.0,0.0,0.0,0.0,0.0,0.0,0.0,0.0,0.0,0.0,0.0,0.0,0.0,0.0,0.010416667,0.010638298,0.01010101,0.008368348,0.0,nan,0.012987013,nan,0.0,0.0,nan,0.0,0.0,0.0,0.0,0.0,0.0,0.0,0.0,0.0,0.0,0.0,0.0,0.0,0.0,0.01,0.011235955,0.012500001,0.013513514,0.014492754,0.0106382985,0.011627907,0.012658229,0.013513515,0.013333333,0.011299796,0.0121951215,0.012820513,0.012987013,0.013698631,0.0125,0.013513514,0.0125,0.013157896,0.015151516,0.01388889,0.011904762,0.014285713,0.016261239,nan,nan,0.0035547914,0.002973673,0.0016032646,0.013761234,0.0012854359,0.0017540549,0.009057794,0.010848686,0.0134920655,0.001071803,0.008018777,0.011309525,0.013698632,0.015873019,0.0011500748,0.010416667,0.011764707,0.013888891,0.014084509,0.01,0.010309279,0.011494253,0.012658228,0.016949153,nan,0.008333334,nan,nan,0.0017613452,0.0023809525,nan,nan,0.002399498,0.0018780489,0.0037848721,0.0020263065,0.0019308662,0.002243112,0.0017926041,0.0019295358,0.0013126906,,,0.0016573882,0.0012498253,0.0012745159,,,
117,0.0,0.0,0.0,0.0,0.0,0.0,0.0,0.0,0.0,0.0,0.0,0.0,0.0,0.0,0.0,0.0,0.0,0.0,0.0,0.0,0.0,0.0,0.0,0.0,0.0,0.0,0.0,0.0,0.0,0.0,0.0,0.0,0.0,0.0,0.0,0.0,0.0,0.0,0.0,0.0,0.0,0.0,0.0,0.0,0.0,0.0,0.0,0.0,0.0,0.0,0.00990099,0.010309279,0.010869565,0.011235955,0.011904762,0.010526316,0.010869565,0.011363637,0.011764706,0.012345679,0.011494253,0.011494253,0.012345679,0.0125,0.013513514,0.014705883,0.012658228,0.014285713,0.015151516,0.015151516,nan,0.0091743115,0.018518519,nan,nan,nan,0.0028011203,0.0015384478,0.011904763,0.013333333,nan,0.0011689828,0.010462975,0.011904763,0.012820513,0.0014996952,0.0066666664,0.010778661,0.011627908,0.012658228,0.0095,0.010113894,0.010657363,0.011363637,0.012820513,0.01010101,0.01010101,0.011235955,0.011764707,0.015384617,0.026825635,0.0052083335,0.0038610036,nan,0.0031465122,nan,nan,0.0030864198,0.0015303247,0.0019826929,0.0006108736,0.0036972077,0.0025421043,0.0025155083,0.0020810731,0.0015791021,0.0021174778,,,0.0011929077,0.001232082,0.0010840438,,,
118,0.0,0.0,0.0,0.0,0.0,0.0,0.0,0.0,0.0,0.0,0.0,0.0,0.0,0.0,0.0,0.0,0.0,0.0,0.0,0.0,0.0,0.0,0.0,0.0,0.0,0.0,0.0,0.0,0.0,0.0,0.0,0.0,0.0,0.0,0.0,0.0,0.0,0.0,0.0,0.0,0.0,0.0,0.0,0.0,0.0,0.0,0.0,0.0,0.0,0.0,0.008196722,0.008403363,0.008403363,0.008333334,0.008474576,0.009345794,0.009259259,0.00900901,0.00862069,0.00862069,0.010989011,0.010416667,0.009803922,0.008810744,0.008695652,0.013698631,0.011627907,0.008064516,0.0,0.0,0.0,0.0,0.0,0.0,0.0,nan,0.0041356976,0.002858767,0.00854701,0.009708739,0.0020228056,0.003574422,0.008150074,0.008928572,0.009732534,0.0080032265,0.00862069,0.00877193,0.00900901,0.00990099,0.008928573,0.0088495575,0.009063609,0.009345794,0.010869565,0.0091743115,0.00909091,0.009615385,0.010869565,0.014151576,0.0047885873,nan,nan,nan,0.00080781296,nan,nan,0.0023474179,0.0025851422,0.0013560904,nan,0.0024487067,0.0014796217,0.0024701068,0.0010727973,0.0010484238,0.0013418561,,,0.0020195972,0.0012660349,0.0014020725,,,
119,0.0,0.0,0.0,0.0,0.0,0.0,0.0,0.0,0.0,0.0,0.0,0.0,0.0,0.0,0.0,0.0,0.0,0.0,0.0,0.0,0.0,0.0,0.0,0.0,0.0,0.007692308,0.0077519375,0.0076335883,0.0069930074,0.0062111807,0.007936508,0.0078125,0.007575758,0.00671141,0.0057142857,0.00877193,0.008196722,0.007692308,0.006024097,0.0042194095,0.00900901,0.0088495575,0.008403362,0.0,0.0,0.0,0.0,0.0,0.0,0.0,0.008337019,0.009523811,0.010850086,0.011627908,0.012500001,0.009433962,0.010204081,0.010989012,0.011363637,0.012048195,0.01010101,0.010416667,0.010752688,0.010989011,0.011363637,0.010309279,0.010309279,0.010204081,0.010416667,0.011764707,0.009708738,0.009708738,0.01010101,0.010989012,0.013513514,nan,0.000616282,0.0010284671,0.0017428701,0.0043411315,0.002985423,0.0024828063,0.0016448842,0.0009215819,0.00962189,0.0020039189,0.0012504976,0.0014939357,0.011405995,0.011364584,0.00094954437,0.008277152,0.010204081,0.011363638,0.013888889,0.00900901,0.0091743115,0.009433962,0.010869566,0.011235955,nan,nan,nan,nan,0.0016661056,nan,nan,nan,0.0007620972,0.0020410945,0.0024570024,0.000999066,0.003640754,0.001942756,0.0024713187,0.0009058337,0.0009377212,,,0.0012528602,0.0025941606,0.0018563328,,,
120,0.0,0.0,0.0,0.0,0.0,0.0,0.0,0.0,0.0,0.0,0.0,0.0,0.0,0.0,0.0,0.0,0.0,0.0,0.0,0.0,0.0,0.0,0.0,0.0,0.0,0.0064102565,0.0049751243,0.0,0.0,0.0,0.0,0.0,0.0,0.0,0.0,0.0,0.0,0.0,0.0,0.0,0.0,0.0,0.0,0.0,0.0,0.0,0.0,0.0,0.0,0.0,0.008928572,0.009345794,0.009708738,0.010101011,0.0106382985,0.00952381,0.00975633,0.009803922,0.010101011,0.010752688,0.01,0.00990099,0.00990099,0.010204082,0.011494253,0.010416667,0.00990099,0.010416667,0.010989012,0.013072454,0.010416667,0.01,0.012820513,0.014492754,0.014492754,nan,0.0017101179,0.0039203838,0.010807232,0.0121951215,0.00064433,0.0017958648,0.008898379,0.010989011,0.011904763,0.0013434386,0.009103741,0.009803923,0.010752689,0.011904762,0.009345794,0.009433962,0.009558151,0.010416667,0.011331717,0.009433962,0.00904411,0.009433962,0.01008658,0.01388889,nan,nan,0.0049751243,0.005589383,0.0014961511,nan,nan,nan,0.0018207288,0.0023267486,0.0026246721,nan,0.0025881976,0.0014644222,0.0030119997,0.0008724795,0.001209536,,,0.00123953,0.0012266929,0.0007899746,,,
121,0.0,0.0,0.0,0.0,0.0,0.0,0.0,0.0,0.0,0.0,0.0,0.0,0.0,0.0,0.0,0.0,0.0,0.0,0.0,0.0,0.0,0.0,0.0,0.0,0.0,nan,nan,nan,0.0,0.0,0.0,0.0,0.0,0.0,0.0,0.0,0.0,0.0,0.0,0.0,0.0,0.0,0.0,0.0,0.0,0.0,0.0,0.0,0.0,0.0,0.0091743115,0.00952381,0.01,0.010204082,0.010989012,0.009345794,0.009772195,0.010204081,0.010345075,0.011194341,0.009615385,0.009925742,0.010416667,0.010526317,0.011494253,0.009803922,0.010204081,0.010869565,0.010989011,0.010989011,0.009803923,0.011764706,0.012579114,nan,0.0046948357,nan,0.0011098008,0.002531203,0.011764707,0.013157896,0.0021047974,0.0011742056,0.010115066,0.011764706,0.012820514,0.0022800863,0.0010163231,0.010526317,0.01156108,0.013157896,0.008027535,0.009708738,0.010482457,0.011494253,0.013698632,0.00909091,0.009615386,0.010752688,0.0121951215,0.014705883,nan,nan,nan,0.0019417474,0.0019700746,0.0061728396,nan,nan,0.0037942666,0.003961862,0.0030303032,0.0020292667,0.0018156962,0.0012243226,0.001660275,0.0009819512,0.0013039797,,,0.0026586314,0.0011486865,0.0012929493,,,
122,0.0,0.0,0.0,0.0,0.0,0.0,0.0,0.0,0.0,0.0,0.0,0.0,0.0,0.0,0.0,0.0,0.0,0.0,0.0,0.0,0.0,0.0,0.0,0.0,0.0,0.0,0.0,0.0,0.0,0.0,0.0,0.0,0.0,0.0,0.0,0.0,0.0,0.0,0.0,0.0,0.0,0.0,0.0,0.0,0.0,0.0,0.0,0.0,0.0,0.0,0.00854701,0.00932107,0.0098767225,0.010204082,0.010811127,0.009398695,0.009780126,0.010101011,0.01025668,0.010869565,0.01,0.01010101,0.010309279,0.010309279,0.010989011,0.010638298,0.010526316,0.010526316,0.010526316,0.011494253,0.011363637,0.010989011,0.010989011,0.010989011,0.012820513,nan,0.0015174502,0.0027465601,0.0013525736,0.013157896,0.0028735632,0.0026557366,0.0013723873,0.011392663,0.012987014,0.0015455979,0.0021022006,0.009981998,0.011494254,0.012820514,0.008982198,0.009485303,0.010101011,0.011235955,0.012987013,0.0074074077,0.009259259,0.00990099,0.010869565,0.012820514,0.04761905,0.0625,nan,nan,0.0014974673,nan,nan,nan,0.0020857765,0.0013555601,0.0053475937,nan,0.0023157632,0.0015989771,0.0014593777,0.0009807184,0.0012430323,,,0.0014565807,0.0019632448,0.0010241623,,,
123,0.0,0.0,0.0,0.0,0.0,0.0,0.0,0.0,0.0,0.0,0.0,0.0,0.0,0.0,0.0,0.0,0.0,0.0,0.0,0.0,0.0,0.0,0.0,0.0,0.0,0.01010101,0.01010101,0.009803922,0.00952381,0.0091743115,0.012987013,0.0125,0.011627907,0.010638298,0.009615385,0.015151516,0.015384616,0.013513514,0.011111111,0.01,0.010752688,nan,0.010638298,0.0,0.0,0.0,0.0,0.0,0.0,0.0,0.009453928,0.010204081,0.010869565,0.011494253,0.012048195,0.010526317,0.010989012,0.011235955,0.011627908,0.011904763,0.011494253,0.011627907,0.011363637,0.011494253,0.011904763,0.012658229,0.011764706,0.011494253,0.011494253,0.013072454,0.012579114,0.012048194,0.011363637,0.013513514,0.015625,nan,0.0038167941,0.003625361,0.0012016449,0.013513515,0.00066791516,0.003018732,0.0018206511,0.011829348,0.013157896,0.0019476747,0.009010714,0.010752688,0.011764707,0.012678513,0.0009784253,0.010309279,0.010752688,0.011494253,0.011764706,0.00081002404,0.0012325337,0.010309279,0.010752689,0.013157896,nan,nan,nan,0.004672897,0.001862983,0.0027322404,nan,0.0038314178,0.0017157845,0.0035070262,0.0019880717,0.0014610961,0.0034117969,0.0010833226,0.0011287249,0.00091987255,0.001038492,,,0.002276621,0.001208599,0.0028911426,,,
124,0.0,0.0,0.0,0.0,0.0,0.0,0.0,0.0,0.0,0.0,0.0,0.0,0.0,0.0,0.0,0.0,0.0,0.0,0.0,0.0,0.0,0.0,0.0,0.0,0.0,0.0,0.0,0.0,0.0,0.0,0.0,0.0,0.0,0.0,0.0,0.0,0.0,0.0,0.0,0.0,0.0,0.0,0.0,0.0,0.0,0.0,0.0,0.0,0.0,0.0,0.01010101,0.010204082,0.010869565,0.011111111,0.011111111,0.010526317,0.010869565,0.011494253,0.011627907,0.011363637,0.011627907,0.011904762,0.012345679,0.0121951215,0.011904762,0.01388889,0.01388889,0.013333333,0.012987013,0.013698631,0.019607844,0.01923077,0.01754386,0.015625,0.014705883,nan,0.0028463225,0.0014502746,0.011111112,0.012345679,0.0031948884,0.0028357,0.01,0.011363637,0.01246142,0.0017145175,0.009918992,0.0106382985,0.011235955,0.012345679,0.0077669914,0.01010101,0.0106382985,0.011235955,0.012820514,0.010000001,0.010101011,0.010869565,0.011627908,0.015384617,0.05555556,0.083333336,nan,0.00061050063,0.0027459299,0.05555556,nan,0.0006365372,0.0026319723,0.00082778616,nan,0.0042194095,0.002719086,0.0008741539,0.0017057424,0.0021360752,0.00093828887,,,0.0013211273,0.0011493985,0.0009733459,,,
125,0.0,0.0,0.0,0.0,0.0,0.0,0.0,0.0,0.0,0.0,0.0,0.0,0.0,0.0,0.0,0.0,0.0,0.0,0.0,0.0,0.0,0.0,0.0,0.0,0.0,nan,0.0,0.0,0.0,0.0,0.0,0.0,0.0,0.0,0.0,0.0,0.0,0.0,0.0,0.0,0.0,0.0,0.0,0.0,0.0,0.0,0.0,0.0,0.0,0.0,0.009803923,0.010204082,0.010526317,0.010752688,0.011235955,0.010869565,0.010989011,0.010869565,0.010869565,0.011363637,0.011904762,0.011627907,0.010989011,0.010989011,0.012345679,0.014285713,0.0121951215,0.010989011,0.012345679,0.014285713,0.015625,0.011627907,0.015873017,nan,nan,nan,0.0034514053,0.0041232095,0.0010256126,0.00987966,0.0014001501,0.0016448569,0.0010741979,0.011054723,0.0121951215,0.0013353118,0.0010166271,0.011235955,0.011494253,0.0121951215,0.011627907,0.011627907,0.011363638,0.011363637,0.013201755,0.011437602,0.011627908,0.010432331,0.0106382985,0.015625,nan,nan,nan,0.003690037,0.0018351292,nan,nan,nan,0.0030052154,0.0025245927,nan,0.006423724,0.0019158726,0.0025628188,0.0015858671,0.0023609977,0.000999528,,,0.0013755745,0.001449807,0.0015367334,,,
126,0.0,0.0,0.0,0.0,0.0,0.0,0.0,0.0,0.0,0.0,0.0,0.0,0.0,0.0,0.0,0.0,0.0,0.0,0.0,0.0,0.0,0.0,0.0,0.0,0.0,0.0,0.0,0.0,0.0,0.0,0.0,0.0,0.0,0.0,0.0,0.0,0.0,0.0,0.0,0.0,0.0,0.0,0.0,0.0,0.0,0.0,0.0,0.0,0.0,0.0,0.010416668,0.010204082,0.010204081,0.010309279,0.0106382985,0.010752688,0.010752688,0.010752688,0.010526317,0.010791647,0.011764706,0.011363637,0.010989012,0.010752688,0.011111112,0.013698631,0.0121951215,0.011278517,0.010869565,0.013513514,0.016393444,0.012345679,0.011494253,0.010273973,nan,nan,0.0033776972,0.001497681,0.0017022168,0.01234568,0.0008716309,0.0024626672,0.0028393622,0.010989012,0.012345679,0.0016099977,0.004005557,0.010416667,0.011111112,0.011904762,0.009564369,0.010526316,0.010526317,0.010752688,0.011407176,0.010752688,0.010309279,0.010309279,0.010661176,0.0121951215,nan,nan,0.0012300123,0.00064433,0.0028163814,nan,nan,nan,0.0011737188,0.0019194284,nan,nan,0.0024786245,0.0010692859,0.0014739757,0.0024411639,0.0010813031,,,0.0015530374,0.0016580722,0.0018418122,,,
127,0.0,0.0,0.0,0.0,0.0,0.0,0.0,0.0,0.0,0.0,0.0,0.0,0.0,0.0,0.0,0.0,0.0,0.0,0.0,0.0,0.0,0.0,0.0,0.0,0.0,0.0,0.0,0.0,0.0,0.0,0.0,0.0,0.0,0.0,0.0,0.0,0.0,0.0,0.0,0.0,0.0,0.0,0.0,0.0,0.0,0.0,0.0,0.0,0.0,0.0,0.00990099,0.009708738,0.009523811,0.009803922,0.01010101,0.010309279,0.010101011,0.009803922,0.00990099,0.010204081,0.010989011,0.010526316,0.01,0.01,0.010526316,0.011696307,0.010989011,0.01,0.01,0.010638298,0.013606072,0.012345679,0.009803922,0.0,0.0,nan,0.0015040694,0.0034127766,0.010309279,0.011904763,0.0029588942,0.0026701875,0.009821571,0.011111112,0.012048194,0.0022540882,0.009239131,0.010989012,0.011111112,0.011904762,0.011494253,0.011235955,0.010869565,0.011111112,0.012345679,0.011904763,0.011235955,0.010869565,0.011235955,0.014285713,0.033333335,0.037037037,nan,nan,0.0032370123,0.05555556,nan,nan,0.0019250945,0.0015349244,nan,0.006451613,0.0012327458,0.0011831875,0.0013223006,0.0015300468,0.0027828352,,,0.0019001426,0.0011623477,0.0015584597,,,
