achB,0.01333,0.01333,0.01333,0.01333,0.01333,0.01333,0.01333,0.01333,0.01333,0.01333,0.01333,0.01333,0.01333,0.01333,0.01333,0.01333,0.01333,0.01333,0.01333,0.01333,0.01333,0.01333,0.01333,0.01333,0.01333,0.02,0.02,0.02,0.02,0.02,0.02,0.02,0.02,0.02,0.02,0.02,0.02,0.02,0.02,0.02,0.02,0.02,0.02,0.02,0.02,0.02,0.02,0.02,0.02,0.02,0.03,0.03,0.03,0.03,0.03,0.03,0.03,0.03,0.03,0.03,0.03,0.03,0.03,0.03,0.03,0.03,0.03,0.03,0.03,0.03,0.03,0.03,0.03,0.03,0.03,0.045,0.045,0.045,0.045,0.045,0.045,0.045,0.045,0.045,0.045,0.045,0.045,0.045,0.045,0.045,0.045,0.045,0.045,0.045,0.045,0.045,0.045,0.045,0.045,0.045,0.0675,0.0675,0.0675,0.0675,0.0675,0.0675,0.0675,0.0675,0.0675,0.0675,0.0675,0.0675,0.0675,0.0675,0.0675,0.0675,0.0675,0.0675,0.0675,0.0675,0.0675,0.0675,0.0675,0.0675,0.0675
gabaB,0.01333,0.01333,0.01333,0.01333,0.01333,0.02,0.02,0.02,0.02,0.02,0.03,0.03,0.03,0.03,0.03,0.045,0.045,0.045,0.045,0.045,0.0675,0.0675,0.0675,0.0675,0.0675,0.01333,0.01333,0.01333,0.01333,0.01333,0.02,0.02,0.02,0.02,0.02,0.03,0.03,0.03,0.03,0.03,0.045,0.045,0.045,0.045,0.045,0.0675,0.0675,0.0675,0.0675,0.0675,0.01333,0.01333,0.01333,0.01333,0.01333,0.02,0.02,0.02,0.02,0.02,0.03,0.03,0.03,0.03,0.03,0.045,0.045,0.045,0.045,0.045,0.0675,0.0675,0.0675,0.0675,0.0675,0.01333,0.01333,0.01333,0.01333,0.01333,0.02,0.02,0.02,0.02,0.02,0.03,0.03,0.03,0.03,0.03,0.045,0.045,0.045,0.045,0.045,0.0675,0.0675,0.0675,0.0675,0.0675,0.01333,0.01333,0.01333,0.01333,0.01333,0.02,0.02,0.02,0.02,0.02,0.03,0.03,0.03,0.03,0.03,0.045,0.045,0.045,0.045,0.045,0.0675,0.0675,0.0675,0.0675,0.0675
gluB,0.01333,0.02,0.03,0.045,0.0675,0.01333,0.02,0.03,0.045,0.0675,0.01333,0.02,0.03,0.045,0.0675,0.01333,0.02,0.03,0.045,0.0675,0.01333,0.02,0.03,0.045,0.0675,0.01333,0.02,0.03,0.045,0.0675,0.01333,0.02,0.03,0.045,0.0675,0.01333,0.02,0.03,0.045,0.0675,0.01333,0.02,0.03,0.045,0.0675,0.01333,0.02,0.03,0.045,0.0675,0.01333,0.02,0.03,0.045,0.0675,0.01333,0.02,0.03,0.045,0.0675,0.01333,0.02,0.03,0.045,0.0675,0.01333,0.02,0.03,0.045,0.0675,0.01333,0.02,0.03,0.045,0.0675,0.01333,0.02,0.03,0.045,0.0675,0.01333,0.02,0.03,0.045,0.0675,0.01333,0.02,0.03,0.045,0.0675,0.01333,0.02,0.03,0.045,0.0675,0.01333,0.02,0.03,0.045,0.0675,0.01333,0.02,0.03,0.045,0.0675,0.01333,0.02,0.03,0.045,0.0675,0.01333,0.02,0.03,0.045,0.0675,0.01333,0.02,0.03,0.045,0.0675,0.01333,0.02,0.03,0.045,0.0675
0,0.0,0.0,0.0,0.0,0.0,0.0,0.0,0.0,0.0,0.0,0.0,0.0,0.0,0.0,0.0,0.0,0.0,0.0,0.0,0.0,0.0,0.0,0.0,0.0,0.0,0.0,0.0,0.0,0.0,0.0,0.0,0.0,0.0,0.0,0.0,0.0,0.0,0.0,0.0,0.0,0.0,0.0,0.0,0.0,0.0,0.0,0.0,0.0,0.0,0.0,0.6335367,0.88912505,0.99978197,0.999969,0.9997705,1.0,1.0,1.0,1.0,0.99939597,0.9997245,1.0,0.999941,1.0,1.0,0.9993175,1.0,1.0,0.99985397,0.9453855,0.9981855,0.995996,0.98710954,0.999052,0.0,0.0,0.0006242644,0.0051050084,0.031956337,0.9997513,0.006705356,0.009663693,0.56558603,0.82402515,0.9994787,0.031974446,0.65084964,0.5843069,0.87059736,0.9100462,0.7193977,0.72255963,0.8504128,0.88664305,0.9989114,0.69794685,0.7530615,0.8234347,0.89677924,0.99812,0.0,0.0,0.0,0.0,0.006740521,0.0,0.0,0.0,0.03204388,0.00554557,0.0010511406,0.0,0.026160477,0.023190623,0.0,0.014464548,0.1078302,,,0.3718502,0.21324553,0.10639877,,,
1,0.0,0.0,0.0,0.0,0.0,0.0,0.0,0.0,0.0,0.0,0.0,0.0,0.0,0.0,0.0,0.0,0.0,0.0,0.0,0.0,0.0,0.0,0.0,0.0,0.0,0.0,0.0,0.0,0.0,0.0,0.0,0.0,0.0,0.0,0.0,0.0,0.0,0.0,0.0,0.0,0.0,0.0,0.0,0.0,0.0,0.0,0.0,0.0,0.0,0.0,0.9074834,0.8684804,0.8623872,0.9194075,0.99715066,0.88149875,0.93543,0.89355576,0.9998987,0.99936306,0.8948326,0.85966337,0.99960303,0.9998354,0.999125,0.9997885,0.9992705,0.9997375,0.999185,0.99951303,0.999958,0.9984665,0.7010855,0.998837,0.9105767,0.0,0.0010279244,0.0072667478,0.11830121,0.96136117,0.01069406,0.0014716133,0.31519488,0.93808335,0.90998816,0.011067112,0.26403657,0.8637396,0.80894417,0.92791194,0.5040867,0.8645545,0.87475204,0.8237333,0.9087829,0.6540267,0.6463944,0.6859197,0.72674316,0.7252045,0.0,0.0,0.0,0.0048275706,0.0,0.0,0.0,0.0,0.0,0.028820662,0.0,0.0015813017,0.018952303,0.04749883,0.0,0.03145092,0.040489998,,,0.09839542,0.07785561,0.03606844,,,
2,0.0,0.0,0.0,0.0,0.0,0.0,0.0,0.0,0.0,0.0,0.0,0.0,0.0,0.0,0.0,0.0,0.0,0.0,0.0,0.0,0.0,0.0,0.0,0.0,0.0,0.0,0.0,0.0,0.0,0.0,0.0,0.0,0.0,0.0,0.0,0.0,0.0,0.0,0.0,0.0,0.0,0.0,0.0,0.0,0.0,0.0,0.0,0.0,0.0,0.0,0.82416326,0.7465339,0.9254817,0.8543581,1.0,0.869172,0.9056623,1.0,0.98364496,0.951706,1.0,0.99982405,0.950661,0.9168275,0.8973515,0.9999715,0.9084385,0.8665495,0.86349404,0.865121,0.8025005,0.7685425,0.7968935,0.81886053,0.7995745,0.0,0.0027746102,0.0092228465,0.021152709,0.9243343,0.006286271,0.011494736,0.034021646,0.7604613,0.8835454,0.013617154,0.006991451,0.58437526,0.8859934,0.86145604,0.50469446,0.56646967,0.80014503,0.85571283,0.89984125,0.51931566,0.7084538,0.8157832,0.8162158,0.9488,0.0006915588,0.0,0.0,0.0,0.0027256738,0.0,0.00042178293,0.0005888084,0.006371234,0.03921622,0.0,0.0010831418,0.018314565,0.06662555,0.0,0.047550373,0.15789612,,,0.07140214,0.029719029,0.1152622,,,
3,0.0,0.0,0.0,0.0,0.0,0.0,0.0,0.0,0.0,0.0,0.0,0.0,0.0,0.0,0.0,0.0,0.0,0.0,0.0,0.0,0.0,0.0,0.0,0.0,0.0,0.0,0.0,0.0,0.0,0.0,0.0,0.0,0.0,0.0,0.0,0.0,0.0,0.0,0.0,0.0,0.0,0.0,0.0,0.0,0.0,0.0,0.0,0.0,0.0,0.0,0.7159807,0.98838603,0.9995715,0.999512,0.9995495,0.92834634,0.99922097,0.9998065,0.999705,0.999403,0.999776,0.99882746,0.999413,0.999555,0.9993025,0.999015,0.999168,0.999518,0.999211,0.998216,0.77594,0.9707585,0.9995935,0.979818,0.0,0.0,0.0030192712,0.00075396296,0.752241,0.91210985,0.0018716526,0.008862734,0.11193718,0.77466536,0.95291823,0.012291932,0.6540323,0.72502434,0.96984965,0.9661697,0.18001105,0.61894953,0.8412839,0.99348944,0.83051324,0.7420289,0.624875,0.7514491,0.9624138,0.66404,0.0,0.0,0.0004684762,0.0,0.004365677,0.0009459329,0.0,0.0,0.00226522,0.07065967,0.0008146172,0.0032390084,0.016978234,0.028210083,0.0,0.018483141,0.04494351,,,0.08444271,0.03879231,0.067918465,,,
4,0.0,0.0,0.0,0.0,0.0,0.0,0.0,0.0,0.0,0.0,0.0,0.0,0.0,0.0,0.0,0.0,0.0,0.0,0.0,0.0,0.0,0.0,0.0,0.0,0.0,0.0,0.0,0.0,0.0,0.0,0.0,0.0,0.0,0.0,0.0,0.0,0.0,0.0,0.0,0.0,0.0,0.0,0.0,0.0,0.0,0.0,0.0,0.0,0.0,0.0,0.90897036,0.95704114,0.94036055,0.999381,0.9993067,0.9279584,0.9996305,0.99882233,0.99916375,0.9995767,0.90123695,0.9988364,0.99951833,0.99944735,0.999954,0.9992865,0.9678387,0.999906,0.9998027,0.99996966,0.98257303,0.75908446,0.9893014,0.97578734,0.9990995,0.0,0.00078035594,0.006433553,0.9735713,0.9930359,0.006851465,0.0031295756,0.6224029,0.9642701,0.99906904,0.08191583,0.908689,0.98118365,0.987319,0.9995608,0.87108105,0.96855915,0.98400736,0.9892564,0.9838795,0.6674256,0.9204507,0.9640043,0.95396084,0.7921202,0.0,0.0,0.0,0.00058044144,0.014668327,0.0,0.0,0.0,0.005519884,0.087636195,0.0,0.0033094531,0.007331582,0.02982708,0.0,0.07432713,0.14573132,,,0.06532479,0.18875304,0.10994338,,,
5,0.0,0.0,0.0,0.0,0.0,0.0,0.0,0.0,0.0,0.0,0.0,0.0,0.0,0.0,0.0,0.0,0.0,0.0,0.0,0.0,0.0,0.0,0.0,0.0,0.0,0.271875,0.0,0.0,0.0,0.0,0.0,0.0,0.0,0.0,0.0,0.0,0.0,0.0,0.0,0.0,0.0,0.0,0.0,0.0,0.0,0.0,0.0,0.0,0.0,0.0,0.968902,0.9298812,0.98810977,0.99951476,0.9984575,0.93295527,0.9253403,0.99918336,0.9990244,0.9995343,0.999196,0.9303593,0.99930066,0.99956197,0.999716,0.9992255,0.9986235,0.999771,0.9996333,0.6475577,0.97902,0.9716345,0.8820407,0.585914,0.995984,0.0,0.0004895167,0.00754426,0.113750584,0.8189097,0.00795881,0.0153437685,0.09077763,0.83895415,0.904549,0.13893786,0.080239296,0.796735,0.9787027,0.9246224,0.24207506,0.62435526,0.95842326,0.99554473,0.98932123,0.39225468,0.5283033,0.90914947,0.9820394,0.8619755,0.0,0.0,0.0,0.00070961734,0.03340272,0.0,0.0,0.0,0.0009135834,0.028130317,0.00031524998,0.0025976978,0.014893893,0.026847143,0.0,0.02705288,0.076429375,,,0.11436417,0.0468514,0.015167642,,,
6,0.0,0.0,0.0,0.0,0.0,0.0,0.0,0.0,0.0,0.0,0.0,0.0,0.0,0.0,0.0,0.0,0.0,0.0,0.0,0.0,0.0,0.0,0.0,0.0,0.0,0.0,0.0,0.0,0.0,0.0,0.0,0.0,0.0,0.0,0.0,0.0,0.0,0.0,0.0,0.0,0.0,0.0,0.0,0.0,0.0,0.0,0.0,0.0,0.0,0.0,0.82757777,0.9932663,0.91883266,0.99935806,0.96882033,0.9689314,0.91759574,0.99975,0.99886966,0.9996455,0.999534,0.9998075,0.99928904,0.99865335,0.999812,0.999308,0.99928904,0.999911,0.998618,0.99975,0.99969196,0.999292,0.999791,0.99707,0.0,0.0,0.0049320743,0.0051435316,0.9528336,0.9967379,0.0052522416,0.010328738,0.107482165,0.8120597,0.99950224,0.0047385264,0.022990543,0.923458,0.9515025,0.9986055,0.62410796,0.9066731,0.840166,0.9289078,0.9985465,0.7011112,0.63928056,0.8470958,0.99979174,0.9967124,0.0,0.0,0.0,0.0,0.01633657,0.0,0.0,0.0,0.0014380648,0.032151163,0.003479315,0.005460244,0.011525614,0.08924179,0.0,0.00529891,0.043378606,,,0.030328155,0.0156116625,0.113897674,,,
7,0.0,0.0,0.0,0.0,0.0,0.0,0.0,0.0,0.0,0.0,0.0,0.0,0.0,0.0,0.0,0.0,0.0,0.0,0.0,0.0,0.0,0.0,0.0,0.0,0.0,0.0,0.832178,0.851445,0.98044,0.0,0.0,0.0,0.0,0.0,0.0,0.0,0.0,0.0,0.0,0.0,0.0,0.0,0.0,0.0,0.0,0.0,0.0,0.0,0.0,0.0,0.9681615,0.89743865,0.9697187,0.9998225,0.9996305,0.9592273,0.92861503,0.99969053,0.97366667,1.0,0.999035,0.9989745,0.99997854,0.9997327,0.99922204,0.99998903,0.9989555,0.9995725,0.984184,1.0,0.998484,0.998387,0.99988997,0.93713135,0.999803,0.0,0.0021215798,0.0038245001,0.116416715,0.8808201,0.0064506335,0.012001521,0.12310887,0.90372616,0.99917525,0.098091155,0.022603799,0.71255505,0.9919488,0.9981047,0.8708259,0.7868857,0.8738611,0.99967194,0.999536,0.69929475,0.84569156,0.8026142,0.8777445,0.7480265,0.00076888973,0.0,0.0,0.0,0.009112595,0.0004133657,0.0,0.0,0.01709266,0.03657804,0.00059360004,0.009428298,0.0050666127,0.10429891,0.0,0.004384991,0.0136588635,,,0.059393253,0.0042084237,0.095852494,,,
8,0.0,0.0,0.0,0.0,0.0,0.0,0.0,0.0,0.0,0.0,0.0,0.0,0.0,0.0,0.0,0.0,0.0,0.0,0.0,0.0,0.0,0.0,0.0,0.0,0.0,1.0,0.86381197,0.199651,0.0,0.0,0.0,0.0,0.0,0.0,0.0,0.0,0.0,0.0,0.0,0.0,0.0,0.0,0.0,0.0,0.0,0.0,0.0,0.0,0.0,0.0,0.9770745,0.9391133,0.95372117,0.90369606,0.99984896,0.9043328,0.8993067,0.9479,0.9247895,0.999021,0.99957,0.90088403,0.9521415,0.94047725,0.99893665,0.9991025,0.912838,0.9122795,0.99860334,0.99958,0.836868,0.8911073,0.9397873,0.911447,0.999894,0.0,0.0056764707,0.022701494,0.18314302,0.99117947,0.0044143763,0.00444033,0.08207675,0.9585224,0.98792046,0.00033440624,0.60249853,0.82367736,0.98109645,0.99816096,0.23603755,0.49744928,0.8990765,0.99958915,0.99899703,0.5109268,0.5321884,0.8308329,0.97410697,0.9645415,0.0,0.0,0.0020136773,0.0,0.06975934,0.0,0.000589062,0.0,0.004999743,0.11474449,0.0012989134,0.0,0.005759,0.048064012,0.0,0.01721639,0.051304135,,,0.06774918,0.023318065,0.03926752,,,
9,0.0,0.0,0.0,0.0,0.0,0.0,0.0,0.0,0.0,0.0,0.0,0.0,0.0,0.0,0.0,0.0,0.0,0.0,0.0,0.0,0.0,0.0,0.0,0.0,0.0,0.0,0.0,0.0,0.0,0.0,0.0,0.0,0.0,0.0,0.0,0.0,0.0,0.0,0.0,0.0,0.0,0.0,0.0,0.0,0.0,0.0,0.0,0.0,0.0,0.0,0.8957618,0.8689103,0.99551904,0.9579797,0.8884735,0.99959147,0.9999985,0.98183095,0.9169375,0.8269825,0.9996095,0.987435,0.9698595,0.77276254,1.0,0.948274,0.9556745,0.99606997,0.0,0.0,0.251612,0.0,0.0,0.018156,0.0,0.0,0.0048612417,0.01004799,0.65719974,0.9988273,0.010600334,0.0072504203,0.73731285,0.8489317,0.9989517,0.002114563,0.7788936,0.7971885,0.948845,0.99931335,0.8215864,0.76897186,0.9175084,0.92960906,0.9975733,0.5177877,0.66835624,0.85437286,0.9901497,0.9967215,0.0,0.0,0.0,0.0,0.01224295,0.0,0.0,0.0,0.0066766967,0.09090574,0.001833125,0.0020308362,0.04676906,0.08150917,0.0,0.03143839,0.044621676,,,0.09453792,0.046887863,0.088736534,,,
10,0.0,0.0,0.0,0.0,0.0,0.0,0.0,0.0,0.0,0.0,0.0,0.0,0.0,0.0,0.0,0.0,0.0,0.0,0.0,0.0,0.0,0.0,0.0,0.0,0.0,0.0,0.0,0.0,0.0,0.0,0.0,0.0,0.0,0.0,0.0,0.0,0.0,0.0,0.0,0.0,0.0,0.0,0.0,0.0,0.0,0.0,0.0,0.0,0.0,0.0,0.97236836,0.8689387,0.90200263,0.999043,0.99923754,0.83334017,0.8529615,0.9999013,0.9997003,0.99932235,0.999328,0.95294374,0.9996113,0.9996977,0.9993713,0.999292,0.85709,0.9253262,0.99802065,0.921895,0.92789054,0.861835,0.9156915,0.9727997,0.882683,0.0,0.0015092584,0.0055775046,0.12259769,0.7356446,0.005908538,0.0005709449,0.13223475,0.97090477,0.93199015,0.006215298,0.091968775,0.6363435,0.94495153,0.94647264,0.63082594,0.7766777,0.9300315,0.9853878,0.9644352,0.5401948,0.6844581,0.93041146,0.9300632,0.9408325,0.0,0.0,0.0,0.0,0.0073268767,0.0043111807,0.0,0.0,0.011221085,0.03103928,0.0,0.006790554,0.026616028,0.017340824,0.0,0.030320503,0.04773591,,,0.027456518,0.17381653,0.12493147,,,
11,0.0,0.0,0.0,0.0,0.0,0.0,0.0,0.0,0.0,0.0,0.0,0.0,0.0,0.0,0.0,0.0,0.0,0.0,0.0,0.0,0.0,0.0,0.0,0.0,0.0,0.246414,0.0,0.0,0.0,0.0,0.0,0.0,0.0,0.0,0.0,0.0,0.0,0.0,0.0,0.0,0.0,0.0,0.0,0.0,0.0,0.0,0.0,0.0,0.0,0.0,0.9809847,0.93695253,0.93320674,0.99354976,0.96059835,0.9439047,0.9394928,0.99968374,0.9388438,0.93493766,0.94562805,0.99998325,0.9989947,0.93217367,0.9990525,0.998883,0.9344078,0.665573,0.99967146,0.9995805,0.7743163,0.99374354,0.9703735,0.0,0.0,0.0,0.007087368,0.0018442599,0.9027836,0.988767,0.011539874,0.011256695,0.89889145,0.9795979,0.9973386,0.03211405,0.85853463,0.810639,0.80558634,0.9991867,0.65235835,0.8657151,0.87841237,0.781238,0.9404623,0.51312256,0.8707227,0.87820363,0.99203146,0.995934,0.0,0.0,0.0,0.0,0.004676468,0.0,0.0,0.0010221871,0.07388424,0.078086466,0.0011194723,0.0,0.012605673,0.099158406,0.0,0.04202102,0.022239864,,,0.10538663,0.029345691,0.04490133,,,
12,0.0,0.0,0.0,0.0,0.0,0.0,0.0,0.0,0.0,0.0,0.0,0.0,0.0,0.0,0.0,0.0,0.0,0.0,0.0,0.0,0.0,0.0,0.0,0.0,0.0,1.0,0.999658,0.999908,0.999618,0.9462335,1.0,0.999962,0.999919,0.914052,0.84983253,0.202922,0.982756,1.0,0.998376,0.995138,0.425877,0.0,0.401877,0.0,0.0,0.0,0.0,0.0,0.0,0.0,0.96514714,0.9471216,0.9995484,0.9998247,0.999501,0.9663743,0.8792683,0.99957436,0.9991584,0.9994797,0.999431,0.98049134,0.999268,0.9987547,0.9996544,0.9994487,0.999767,0.9997553,0.99908036,0.99933267,0.99765766,0.76022136,0.9997927,1.0,0.99993837,0.0,0.005098066,0.0064382767,0.88268507,0.99967694,0.004388391,0.00843413,0.8101461,0.93782914,0.99905187,0.005827804,0.40871415,0.6858199,0.99187577,0.9993332,0.06251027,0.5635213,0.96757364,0.876843,0.9989042,0.7774447,0.6855553,0.7788096,0.84042174,0.7400915,0.0,0.0,0.0,0.0,0.0018381136,0.0,0.0,0.0012264067,0.0022149514,0.18287894,0.0,0.002805466,0.01840562,0.0142408945,0.0,0.019454109,0.136183,,,0.15188554,0.13495934,0.066164054,,,
13,0.0,0.0,0.0,0.0,0.0,0.0,0.0,0.0,0.0,0.0,0.0,0.0,0.0,0.0,0.0,0.0,0.0,0.0,0.0,0.0,0.0,0.0,0.0,0.0,0.0,0.0,0.0,0.0,0.0,0.0,0.0,0.0,0.0,0.0,0.0,0.0,0.0,0.0,0.0,0.0,0.0,0.0,0.0,0.0,0.0,0.0,0.0,0.0,0.0,0.0,0.9576887,0.8488585,0.9999505,0.99921954,0.99930096,0.907552,0.999974,0.99987,0.999914,0.99991655,0.9997135,0.999651,0.9994585,0.99944746,0.9997535,0.999472,0.9963875,0.999983,0.9904835,0.853653,0.978292,0.945711,0.0,0.0,0.0,0.0,0.0037710252,0.0042182268,0.92565805,0.8831035,0.0033913618,0.011717991,0.87833416,0.8968793,0.99348307,0.1163043,0.82230586,0.8801786,0.9837609,0.97601616,0.66307855,0.8929434,0.96603316,0.9953952,0.993102,0.4949265,0.85850036,0.9354646,0.96277183,0.99688196,0.00046036032,0.0,0.0,0.001309177,0.012212506,0.0,0.0,0.00082778337,0.0022399907,0.030231295,0.0,0.009437451,0.008600081,0.08280147,0.0,0.032067835,0.13052204,,,0.036450308,0.052064627,0.03405825,,,
14,0.0,0.0,0.0,0.0,0.0,0.0,0.0,0.0,0.0,0.0,0.0,0.0,0.0,0.0,0.0,0.0,0.0,0.0,0.0,0.0,0.0,0.0,0.0,0.0,0.0,0.0,0.0,0.0,0.0,0.0,0.0,0.0,0.0,0.0,0.0,0.0,0.0,0.0,0.0,0.0,0.0,0.0,0.0,0.0,0.0,0.0,0.0,0.0,0.0,0.0,0.90602493,0.92753,0.9066578,0.9999113,0.9998274,0.9039728,0.95592624,0.99971,0.99994534,0.999824,0.999497,0.99888104,0.91448975,0.9996034,0.99948066,0.9994875,0.9080148,0.9989017,0.9998864,0.9670374,0.9997605,0.99899197,0.9996855,0.99232197,0.0,0.0,0.004754133,0.006726348,0.10036475,0.98000413,0.0039674533,0.0063826814,0.1079166,0.85062575,0.97164786,0.023276059,0.03525279,0.89822525,0.98128223,0.9405333,0.5972344,0.88852155,0.8045694,0.99137443,0.99943006,0.6943809,0.6809883,0.8775327,0.96300423,0.99999154,0.0024536247,0.00077701506,0.0006265953,0.010118617,0.0018806837,0.0013898421,0.0,0.0,0.008736292,0.02505258,0.004520464,0.0038518189,0.016609909,0.04379862,0.0,0.04637516,0.11284393,,,0.07770458,0.185234,0.1768857,,,
15,0.0,0.0,0.0,0.0,0.0,0.0,0.0,0.0,0.0,0.0,0.0,0.0,0.0,0.0,0.0,0.0,0.0,0.0,0.0,0.0,0.0,0.0,0.0,0.0,0.0,0.0,0.0,0.0,0.0,0.0,0.0,0.0,0.0,0.0,0.0,0.0,0.0,0.0,0.0,0.0,0.0,0.0,0.0,0.0,0.0,0.0,0.0,0.0,0.0,0.0,0.91277206,0.844469,0.9538367,0.9998735,0.99948454,0.9576744,0.931321,0.999334,1.0,1.0,0.999395,0.99979055,0.999714,0.9995835,1.0,0.99908304,0.9993275,1.0,0.999791,0.98510504,0.9995885,0.998716,0.9994515,0.993292,0.83179295,0.0,0.003980164,0.004059847,0.86784995,0.9618518,0.0015883276,0.051919743,0.678972,0.89889777,0.9266828,0.0081687905,0.074595764,0.9048247,0.8822454,0.9272333,0.6410148,0.8315513,0.7988843,0.89790785,0.930955,0.6569137,0.80067253,0.6870846,0.8879229,0.66577834,0.0,0.0,0.0,0.002916579,0.002104187,0.0,0.0,0.0,0.011331896,0.17313285,0.0,0.0059852568,0.0034575139,0.04967288,0.0,0.045729674,0.032508135,,,0.07705046,0.07685219,0.11636603,,,
16,0.0,0.0,0.0,0.0,0.0,0.0,0.0,0.0,0.0,0.0,0.0,0.0,0.0,0.0,0.0,0.0,0.0,0.0,0.0,0.0,0.0,0.0,0.0,0.0,0.0,0.0,0.0,0.0,0.0,0.0,0.0,0.0,0.0,0.0,0.0,0.0,0.0,0.0,0.0,0.0,0.0,0.0,0.0,0.0,0.0,0.0,0.0,0.0,0.0,0.0,0.98511636,0.87092274,0.898112,0.999382,0.9999565,0.8771558,0.8660914,0.9998454,0.99949205,0.94723165,0.99920046,0.9998405,0.999001,0.999298,0.994337,0.996674,0.901495,0.9989235,0.9982294,0.8349315,0.79294366,0.81461036,0.9698965,0.499059,0.0,0.0,0.0,0.00031316193,0.77794665,0.9839131,0.0013677207,0.007416972,0.7308689,0.98258483,0.99639,0.11930333,0.09821236,0.89291704,0.97722685,0.99032134,0.14942142,0.5851334,0.9745807,0.9852926,0.9806753,0.6552063,0.59550995,0.7875349,0.9482095,0.9997747,0.0004894044,0.0,0.0006735159,0.0025575662,0.0,0.0,0.0,0.0,0.04792303,0.027747199,0.0009385905,0.003301513,0.028466085,0.028799802,0.0,0.037713267,0.09250092,,,0.08857895,0.036434587,0.017752001,,,
17,0.0,0.0,0.0,0.0,0.0,0.0,0.0,0.0,0.0,0.0,0.0,0.0,0.0,0.0,0.0,0.0,0.0,0.0,0.0,0.0,0.0,0.0,0.0,0.0,0.0,0.987083,0.983741,0.0,0.0,0.0,0.0,0.0,0.0,0.0,0.0,0.0,0.0,0.0,0.0,0.0,0.0,0.0,0.0,0.0,0.0,0.0,0.0,0.0,0.0,0.0,0.99099463,0.90806234,0.9795927,0.9993497,0.99890935,0.9034346,0.953964,0.9660117,0.99925566,0.99921834,0.9024277,0.999437,0.9996815,0.99901235,0.86264837,0.994826,0.999603,0.999896,0.999894,0.9975755,0.999269,0.9990635,0.999094,0.9440625,0.8405415,0.0006167109,0.0043059667,0.0,0.113242716,0.925016,0.0017142413,0.0037740655,0.22453505,0.7336314,0.99426305,0.040665824,0.015429897,0.7341541,0.85931015,0.9991431,0.15210022,0.8637481,0.92932534,0.9782165,0.5690906,0.6766388,0.48569447,0.96600807,0.755958,0.995895,0.0,0.0,0.0,0.002026513,0.0044479184,0.0,0.0,0.0018613116,0.0060916482,0.046928633,0.0,0.0,0.0074857026,0.047033142,0.0,0.0067246035,0.034372147,,,0.11566298,0.019332513,0.05829772,,,
18,0.0,0.0,0.0,0.0,0.0,0.0,0.0,0.0,0.0,0.0,0.0,0.0,0.0,0.0,0.0,0.0,0.0,0.0,0.0,0.0,0.0,0.0,0.0,0.0,0.0,0.8121375,0.594503,0.39926147,0.30430198,0.17281,0.958302,0.6976625,0.0,0.0,0.0,0.0,0.0,0.0,0.0,0.0,0.0,0.0,0.0,0.0,0.0,0.0,0.0,0.0,0.0,0.0,0.95266235,0.93079203,0.949147,0.99949133,0.999261,0.9441185,0.91336095,0.99932694,0.99931234,0.9998657,0.999942,0.998922,0.9997283,0.99956536,0.9996154,0.9990815,0.9982757,0.869146,0.99977267,0.99957967,0.999352,0.6663923,0.76895773,0.99898267,0.9989244,0.0,0.003789767,0.0046192813,0.46624902,0.9289401,0.011404539,0.017939981,0.06652376,0.7449107,0.9614865,0.0052373614,0.09759948,0.6264161,0.9568644,0.9678563,0.4572761,0.89250934,0.83572364,0.9813962,0.74822676,0.50472766,0.6272313,0.9216584,0.5880967,0.47200283,0.0016197499,0.0,0.0024551875,0.0,0.0,0.0,0.0,0.0,0.0037791946,0.048174165,0.0018699685,0.0049276752,0.009888944,0.004469524,0.0,0.023906037,0.13933149,,,0.056980554,0.0025745525,0.14384072,,,
19,0.0,0.0,0.0,0.0,0.0,0.0,0.0,0.0,0.0,0.0,0.0,0.0,0.0,0.0,0.0,0.0,0.0,0.0,0.0,0.0,0.0,0.0,0.0,0.0,0.0,0.87604105,0.9991855,0.99986696,0.97419,0.8917365,1.0,0.99934745,1.0,0.9556045,0.838308,0.99958396,0.99957097,0.97832954,0.9231835,0.999008,0.997673,0.999184,0.994484,0.151159,0.0,0.408407,0.0,0.0,0.0,0.0,0.93028295,0.90543807,0.9509032,0.9951062,0.9991627,0.96684873,0.97649086,0.95115644,0.99971044,0.9995413,0.95722836,0.9181299,0.92915994,0.99971473,0.99927604,0.9963692,0.9756433,0.998541,0.96698576,0.9745703,0.70336103,0.8849948,0.9605228,0.99858236,0.666117,0.0,0.0,0.0016139252,0.045527324,0.11301887,0.0018041896,0.0060134763,0.02207043,0.18387511,0.4382286,0.019787427,0.020678913,0.13677071,0.7130172,0.93770635,0.024095872,0.051347055,0.79609424,0.86883354,0.9007244,0.02100253,0.35537443,0.56514794,0.7205702,0.2841243,0.0,0.0,0.00055056694,0.0023244515,0.023528907,0.0,,0.0,0.004228324,0.009395398,0.00775963,0.004403254,0.013233472,0.08317261,0.0,0.0040565273,0.1407548,,,0.07120598,0.06389568,0.108667254,,,
20,0.0,0.0,0.0,0.0,0.0,0.0,0.0,0.0,0.0,0.0,0.0,0.0,0.0,0.0,0.0,0.0,0.0,0.0,0.0,0.0,0.0,0.0,0.0,0.0,0.0,1.0,0.931576,0.0,0.0,0.0,0.0,0.0,0.0,0.0,0.0,0.0,0.0,0.0,0.0,0.0,0.0,0.0,0.0,0.0,0.0,0.0,0.0,0.0,0.0,0.0,0.9413483,0.94132346,0.9525695,0.9990624,0.9997644,0.94105834,0.93984824,0.99912304,0.99941003,0.999603,0.9994825,0.99958,0.99973476,0.9993957,0.998739,0.99979246,0.9990855,0.99915665,0.9993334,0.9996145,0.9966725,1.0,0.499416,0.999823,0.9941975,0.0,0.0023953884,0.00911661,0.13655995,0.9477446,0.005172593,0.0067633577,0.18201272,0.76130944,0.977834,0.010683762,0.6019015,0.70608014,0.9990878,0.4975375,0.12579642,0.65467465,0.9599839,0.9946425,0.7497097,0.34321904,0.5358979,0.746887,0.99251884,0.99809945,0.0005179632,0.0,0.0,0.0,0.0069242716,0.00077921647,0.0,0.0068749925,0.0028628572,0.09586482,0.003915062,0.004936446,0.00937046,0.06856725,0.0,0.056317676,0.034737375,,,0.20103295,0.022111999,0.058660064,,,
21,0.0,0.0,0.0,0.0,0.0,0.0,0.0,0.0,0.0,0.0,0.0,0.0,0.0,0.0,0.0,0.0,0.0,0.0,0.0,0.0,0.0,0.0,0.0,0.0,0.0,0.0,0.0,0.0,0.0,0.0,0.0,0.0,0.0,0.0,0.0,0.0,0.0,0.0,0.0,0.0,0.0,0.0,0.0,0.0,0.0,0.0,0.0,0.0,0.0,0.0,0.9369948,0.9856775,0.999841,0.9991624,0.9995177,0.925301,0.99949265,0.9986067,0.9994023,0.999328,0.999002,0.9998455,0.99950737,0.99938536,0.9986067,1.0,0.999711,0.996391,0.9982783,0.78626466,0.996626,0.999856,0.9533565,0.661921,0.99391097,0.0,0.002474033,0.02485718,0.12239736,0.77665186,0.0059087565,0.011485027,0.05749801,0.841505,0.99963224,0.011282741,0.021256138,0.6662082,0.9312755,0.64535177,0.07783062,0.8380214,0.88045514,0.9116147,0.6490278,0.646111,0.6936502,0.814735,0.86425626,0.999789,0.0,0.00048535602,0.0,0.0013465043,0.06073083,0.00029443702,0.00073321536,0.0007530246,0.0054204166,0.14123349,0.0010190703,0.0014230083,0.0071931053,0.060371,0.0,0.09856866,0.085169315,,,0.13651107,0.1656001,0.0634917,,,
22,0.0,0.0,0.0,0.0,0.0,0.0,0.0,0.0,0.0,0.0,0.0,0.0,0.0,0.0,0.0,0.0,0.0,0.0,0.0,0.0,0.0,0.0,0.0,0.0,0.0,0.0,0.0,0.0,0.0,0.0,0.0,0.0,0.0,0.0,0.0,0.0,0.0,0.0,0.0,0.0,0.0,0.0,0.0,0.0,0.0,0.0,0.0,0.0,0.0,0.0,0.9108488,0.9618183,0.890254,0.9992705,0.999813,0.89735305,0.8678673,0.99923396,0.96172667,0.99942446,0.998881,0.99843097,0.925461,0.9640913,0.998158,0.999815,0.9988235,0.9983315,0.9992825,0.89915204,0.992644,0.3119155,0.45854098,0.0,0.0,0.0,0.0043345117,0.00092043815,0.052844454,0.957602,0.0076311436,0.0011866875,0.041258544,0.95907515,0.994345,0.008766791,0.28301635,0.8284886,0.9234029,0.9691188,0.6350782,0.85110706,0.92226374,0.9802645,0.99999607,0.5307418,0.70592415,0.8858102,0.9845923,0.999665,0.0,0.0,0.0,0.0,0.0022810625,0.0,0.0,0.0,0.012076906,0.041834023,0.0,0.012358753,0.014116289,0.041506324,0.0,0.04184462,0.12730506,,,0.05017749,0.10447536,0.058163404,,,
23,0.0,0.0,0.0,0.0,0.0,0.0,0.0,0.0,0.0,0.0,0.0,0.0,0.0,0.0,0.0,0.0,0.0,0.0,0.0,0.0,0.0,0.0,0.0,0.0,0.0,0.0,0.0,0.0,0.0,0.0,0.0,0.0,0.0,0.0,0.0,0.0,0.0,0.0,0.0,0.0,0.0,0.0,0.0,0.0,0.0,0.0,0.0,0.0,0.0,0.0,0.85561454,0.9300905,0.99991703,0.99897164,0.9993267,0.95583105,0.9997395,0.9676303,0.9993827,0.992779,1.0,0.99944854,0.99943745,0.9995987,0.89651954,0.999534,0.999981,0.998713,0.998825,0.9995,0.999734,0.9967395,0.999829,0.995301,0.0,0.0,0.00285825,0.004139654,0.9898256,0.99973977,0.009523378,0.012150309,0.69382954,0.9819715,0.99965525,0.019945793,0.6412039,0.9736937,0.98504126,0.999458,0.70410323,0.57659924,0.94813174,0.95573395,1.0,0.47750607,0.60731065,0.9475142,0.98740995,0.99840355,0.0,0.0,0.0,0.0,0.0,0.0,0.0,0.0,0.0110008605,0.06234398,0.00074216677,0.004364907,0.014876903,0.03637748,0.0,0.013048109,0.014248377,,,0.13953753,0.24836424,0.12291773,,,
24,0.0,0.0,0.0,0.0,0.0,0.0,0.0,0.0,0.0,0.0,0.0,0.0,0.0,0.0,0.0,0.0,0.0,0.0,0.0,0.0,0.0,0.0,0.0,0.0,0.0,0.0,0.0,0.0,0.0,0.0,0.0,0.0,0.0,0.0,0.0,0.0,0.0,0.0,0.0,0.0,0.0,0.0,0.0,0.0,0.0,0.0,0.0,0.0,0.0,0.0,0.9703754,0.931915,0.999772,0.9995011,0.99853444,0.999748,0.99795806,0.9993323,0.99940467,0.998254,0.99939704,0.9485301,0.998569,0.99908495,0.9993191,0.9986795,0.99932396,0.998724,0.9986014,0.99472106,0.9996685,0.9998205,0.92774767,0.998096,0.99897,0.00086300756,0.00081110006,0.015357183,0.23084967,0.9378731,0.0034312992,0.026333643,0.5401641,0.9595286,0.9991436,0.024949767,0.70100445,0.8333685,0.963581,0.96247977,0.68893164,0.95209503,0.9733817,0.990461,0.999237,0.5216551,0.884289,0.84502006,0.9809172,0.9983834,0.0,0.0,0.0,0.00073662936,0.0076812366,0.0,0.0007608527,0.0,0.0020714684,0.057729498,0.0019868976,0.0008977845,0.022678168,0.05254517,0.0,,0.040634748,,,0.12513272,0.02820704,0.042163055,,,
25,0.0,0.0,0.0,0.0,0.0,0.0,0.0,0.0,0.0,0.0,0.0,0.0,0.0,0.0,0.0,0.0,0.0,0.0,0.0,0.0,0.0,0.0,0.0,0.0,0.0,0.0,0.0,0.0,0.0,0.0,0.0,0.0,0.0,0.0,0.0,0.0,0.0,0.0,0.0,0.0,0.0,0.0,0.0,0.0,0.0,0.0,0.0,0.0,0.0,0.0,0.8986237,0.9191675,0.9200012,0.99993336,0.9824853,1.0,0.898422,0.99965703,0.999423,0.9607774,0.999529,0.9994185,0.9989237,0.9973137,0.999372,0.99920154,0.99972403,0.9981966,0.9996445,0.999884,0.146961,0.92082095,0.998846,0.6976555,0.8249495,0.0,0.0,0.0048398334,0.7007367,0.99890447,0.0060238475,0.009991164,0.70216876,0.9545704,0.9989977,0.013555689,0.48222372,0.91390204,0.952553,0.9987506,0.7993796,0.8318036,0.91345614,0.92737305,0.996454,0.697805,0.74037004,0.824347,0.87562704,0.99222505,0.0,0.0,0.0,0.00055768964,0.027659377,0.001309306,0.0,0.00067038526,0.008909083,0.01527788,0.00078291405,0.0007274202,0.022875773,0.05192514,0.0,0.045361836,0.1361768,,,0.045162577,0.13673191,0.048877247,,,
26,0.0,0.0,0.0,0.0,0.0,0.0,0.0,0.0,0.0,0.0,0.0,0.0,0.0,0.0,0.0,0.0,0.0,0.0,0.0,0.0,0.0,0.0,0.0,0.0,0.0,0.0,0.0,0.0,0.0,0.0,0.0,0.0,0.0,0.0,0.0,0.0,0.0,0.0,0.0,0.0,0.0,0.0,0.0,0.0,0.0,0.0,0.0,0.0,0.0,0.0,0.9672495,0.90132165,0.8895603,1.0,0.9994525,0.9225077,0.9354547,1.0,0.99984646,0.9995135,0.99991345,1.0,0.99887896,0.9994745,0.99996746,0.9993595,1.0,0.9998935,0.999858,0.99985397,0.9979865,0.9996735,0.9998765,0.99886596,0.8692095,0.0,0.0056206114,0.008202037,0.2538397,0.99838215,0.014700908,0.021567741,0.075558886,0.7872638,0.9993782,0.25393638,0.04684087,0.5049693,0.97433984,0.97941744,0.8266714,0.70922697,0.96301156,0.957811,0.99960065,0.59691244,0.8039502,0.95008844,0.99936736,0.99924004,0.0,0.0,0.0,0.0,0.024401909,0.0,0.0,0.0,0.0060884864,0.056147605,0.00073478126,0.0006414417,0.017210448,0.08481356,0.0,0.09719109,0.074996054,,,0.10795898,0.06185335,0.075130776,,,
27,0.0,0.0,0.0,0.0,0.0,0.0,0.0,0.0,0.0,0.0,0.0,0.0,0.0,0.0,0.0,0.0,0.0,0.0,0.0,0.0,0.0,0.0,0.0,0.0,0.0,0.0,0.0,0.0,0.0,0.0,0.0,0.0,0.0,0.0,0.0,0.0,0.0,0.0,0.0,0.0,0.0,0.0,0.0,0.0,0.0,0.0,0.0,0.0,0.0,0.0,0.9634432,0.99974173,0.99904704,0.9999665,0.98419154,0.9884524,0.90450066,0.9985275,0.998945,0.9794895,0.99945605,0.99898005,0.99937147,0.9995525,0.9546855,0.99687946,0.999949,0.9994565,0.96675897,0.8879605,0.995205,0.8436625,0.4993325,0.999252,0.999403,0.00073046924,0.0013080251,0.0053203087,0.9568452,0.99964666,0.001879395,0.07658666,0.8683324,0.92588925,0.99913234,0.25127164,0.80940545,0.84644336,0.9295297,0.9995717,0.5474736,0.8337886,0.857666,0.99988335,0.998774,0.42590788,0.79592884,0.84474623,0.9994674,0.9981603,0.0,0.0015508196,0.0,0.002349888,0.0022174,0.0,0.0,0.0,0.0119066695,0.0576308,0.004578905,0.0022399747,0.04010438,0.046383552,0.0,0.03564437,0.12806205,,,0.12206043,0.008212179,0.06884292,,,
28,0.0,0.0,0.0,0.0,0.0,0.0,0.0,0.0,0.0,0.0,0.0,0.0,0.0,0.0,0.0,0.0,0.0,0.0,0.0,0.0,0.0,0.0,0.0,0.0,0.0,0.0,0.0,0.0,0.0,0.0,0.0,0.0,0.0,0.0,0.0,0.0,0.0,0.0,0.0,0.0,0.0,0.0,0.0,0.0,0.0,0.0,0.0,0.0,0.0,0.0,0.8953003,0.999597,1.0,0.97255754,0.9186645,0.9997475,0.9998775,0.9862305,0.947761,0.905984,0.999161,0.999984,0.96245396,0.9349315,0.880075,0.955303,0.982097,0.88285446,0.810635,0.999758,1.0,0.99736,0.0,0.0,0.0,0.0,0.00058916665,0.8917796,0.95587695,0.9999203,0.0024383583,0.015354246,0.90367305,0.99950904,0.999946,0.80483204,0.8378522,0.94151425,0.93847424,0.99969196,0.86709774,0.86537176,0.95061225,0.939258,0.99855703,0.740256,0.7525428,0.977979,0.9993267,0.99960995,0.0023610955,0.0009747863,0.0014474961,0.0047857217,0.028128909,0.0,0.0,0.0,0.013784239,0.11716543,0.0,0.009280709,0.00764241,0.027205383,0.0,0.008336135,0.08222871,,,0.7828639,0.069089055,0.100179374,,,
29,0.0,0.0,0.0,0.0,0.0,0.0,0.0,0.0,0.0,0.0,0.0,0.0,0.0,0.0,0.0,0.0,0.0,0.0,0.0,0.0,0.0,0.0,0.0,0.0,0.0,0.9996325,0.9242105,0.76672196,0.35016853,0.0,0.151829,0.216644,0.0,0.0,0.0,0.0,0.0,0.0,0.0,0.0,0.0,0.0,0.0,0.0,0.0,0.0,0.0,0.0,0.0,0.0,0.97011405,0.9439646,0.9423103,0.999477,0.99938697,0.911409,0.9991584,0.99922633,0.9993124,0.99978304,0.999382,0.9989785,0.99868536,0.9991633,0.9984484,0.9999075,1.0,0.9998597,0.99971503,0.9996947,0.996994,0.8378025,0.92213935,0.9992954,0.999938,0.0,0.0041314876,0.010742359,0.9122446,0.9637892,0.004222889,0.010505403,0.7792764,0.96452135,0.99047005,0.032127146,0.1504389,0.9019089,0.96997404,0.94919443,0.61443835,0.88184154,0.9589057,0.99214953,0.99987733,0.57577616,0.64429504,0.9566072,0.99984753,0.99835634,0.0,0.0,0.0,0.0007930804,0.0039111697,0.0,0.0,0.0014868457,0.009519547,0.0094528785,0.0005749297,0.0016673751,0.013787623,0.041370776,0.0,0.07580954,0.038085338,,,0.085620984,0.04353873,0.016010216,,,
30,0.0,0.0,0.0,0.0,0.0,0.0,0.0,0.0,0.0,0.0,0.0,0.0,0.0,0.0,0.0,0.0,0.0,0.0,0.0,0.0,0.0,0.0,0.0,0.0,0.0,0.998542,0.99966097,0.998591,0.992232,0.0,0.0,0.0,0.0,0.0,0.0,0.0,0.0,0.0,0.0,0.0,0.0,0.0,0.0,0.0,0.0,0.0,0.0,0.0,0.0,0.0,0.82284653,0.9611387,0.92520607,0.9989695,0.9994575,0.92334896,0.9067683,0.999676,0.9989865,0.999514,0.99972045,0.999387,0.99968696,0.87830704,0.9989525,0.9328155,0.9502625,0.99961,0.999087,0.897309,0.71834004,0.86968803,0.99976504,1.0,0.0,0.0,0.0006765041,0.005726881,0.15027265,0.813924,0.0052272393,0.005997,0.036125224,0.9330336,0.6646306,0.031592175,0.5793334,0.6841856,0.97782224,0.96132475,0.07107601,0.5981903,0.8456549,0.9750226,0.8196547,0.768561,0.55817866,0.7645444,0.974726,0.7239804,0.0,0.0,0.0,0.0,0.0020510582,0.0,0.0,0.0,0.007016782,0.054481216,0.0010492812,0.0,0.024184953,0.0472228,0.0,0.013579726,0.08096601,,,0.15504768,0.040397737,0.019159697,,,
31,0.0,0.0,0.0,0.0,0.0,0.0,0.0,0.0,0.0,0.0,0.0,0.0,0.0,0.0,0.0,0.0,0.0,0.0,0.0,0.0,0.0,0.0,0.0,0.0,0.0,0.0,0.0,0.0,0.0,0.0,0.0,0.0,0.0,0.0,0.0,0.0,0.0,0.0,0.0,0.0,0.0,0.0,0.0,0.0,0.0,0.0,0.0,0.0,0.0,0.0,0.7977105,0.86009276,0.84363747,0.9990313,0.8950173,0.77894354,0.8863135,0.90106547,0.98660964,0.8854413,0.999901,0.82302874,0.8515773,0.9603727,0.958441,0.966735,0.78957003,0.80611527,0.8996891,0.932814,0.75568765,0.74830306,0.75334924,0.90362203,0.80058503,0.0,0.0012460259,0.017316872,0.09759447,0.92886806,0.0042605298,0.005195719,0.019443516,0.7702836,0.95420074,0.121011265,0.5627176,0.7262397,0.89330196,0.9312925,0.6828617,0.8242207,0.7569491,0.8219577,0.999598,0.6839116,0.7647084,0.83302104,0.8039309,0.97261,0.00037819118,0.0,0.0,0.0,0.016145565,0.0,0.0,0.0,0.00021962385,0.1520064,0.00061665353,0.0018625931,0.005524363,0.03064722,0.0,0.040041145,0.079319224,,,0.0861265,0.031792,0.15203579,,,
32,0.0,0.0,0.0,0.0,0.0,0.0,0.0,0.0,0.0,0.0,0.0,0.0,0.0,0.0,0.0,0.0,0.0,0.0,0.0,0.0,0.0,0.0,0.0,0.0,0.0,0.999546,0.999304,0.999462,0.998857,0.0,0.994407,0.99914,0.96611,0.0,0.0,0.0,0.0,0.0,0.0,0.0,0.0,0.0,0.0,0.0,0.0,0.0,0.0,0.0,0.0,0.0,0.92616147,0.8345064,0.90051764,0.9987817,0.9993107,0.8463929,0.88781106,0.93638796,0.9997797,0.99947065,0.9047365,0.9059724,0.96310425,0.99966836,0.9961786,0.99950445,0.91981936,0.99903405,0.9584037,0.9997775,0.9548027,0.622591,0.999591,1.0,0.976937,0.0,0.0040498893,0.0,0.8077966,0.94086474,0.0003769737,0.007931759,0.8319981,0.9894949,0.9376875,0.020104859,0.76807386,0.91811484,0.99929315,0.749086,0.30659926,0.5196969,0.8777377,0.94537866,0.99919105,0.72501606,0.6255594,0.9355504,0.7757017,0.999433,0.0,0.0,0.0,0.0017174055,0.014489483,0.0,0.0,0.0,0.006148236,0.046914656,0.0,0.002899305,0.028341146,0.047389723,0.0,0.017451456,0.12327781,,,0.08673449,0.09939328,0.020311413,,,
33,0.0,0.0,0.0,0.0,0.0,0.0,0.0,0.0,0.0,0.0,0.0,0.0,0.0,0.0,0.0,0.0,0.0,0.0,0.0,0.0,0.0,0.0,0.0,0.0,0.0,1.0,1.0,0.9997,0.98713803,0.9333055,0.999501,0.99958754,0.998786,0.9897055,0.9372215,0.591604,0.993572,0.9939275,0.9677205,0.8888355,0.42228,0.991284,1.0,1.0,0.999445,0.0,0.0,1.0,1.0,0.0,0.01668949,0.87458533,0.9000379,0.99980026,0.9988425,0.98190075,0.95216644,0.978173,0.999818,0.99957573,0.97373265,0.9949442,0.9435618,0.999953,0.99993867,0.95970786,0.94347423,0.9620475,0.9858862,0.99189174,0.68439186,0.5068566,0.75698066,0.990257,0.35958335,0.0,0.0012588666,0.020298174,0.04316618,0.22119808,0.0016762052,0.005185179,0.026144551,0.85838544,0.7535798,0.014515221,0.07127805,0.16095142,0.68755853,0.8047229,0.06754099,0.18241702,0.91281456,0.9747204,0.98507106,0.015506143,0.64771456,0.58608925,0.8723192,0.55733055,0.0,0.0,0.0,0.002887465,0.012875689,0.0,0.0,0.0,0.0032192792,0.03435273,0.0,0.0020716775,0.017754946,0.02907507,0.0,0.020854184,0.10606365,,,0.19594507,0.1168652,0.12669747,,,
34,0.0,0.0,0.0,0.0,0.0,0.0,0.0,0.0,0.0,0.0,0.0,0.0,0.0,0.0,0.0,0.0,0.0,0.0,0.0,0.0,0.0,0.0,0.0,0.0,0.0,0.0,0.0,0.0,0.0,0.0,0.0,0.0,0.0,0.0,0.0,0.0,0.0,0.0,0.0,0.0,0.0,0.0,0.0,0.0,0.0,0.0,0.0,0.0,0.0,0.0,0.8328368,0.8772604,0.99983597,0.9927844,0.96251005,0.9679925,0.9997674,0.97978204,0.9763307,0.9459364,0.999533,0.99962205,0.99986804,0.951555,0.0,1.0,0.9857987,0.0,0.0,0.196179,0.0,0.0,0.0,0.257889,0.0,0.0,0.010630488,0.0076415725,0.8383151,0.960181,0.007851103,0.00854917,0.7526164,0.88030165,0.9540652,0.036079615,0.5664297,0.6943955,0.871943,0.9287927,0.64015186,0.7482719,0.8324314,0.87998563,0.997617,0.70384187,0.8067842,0.862519,0.8216053,0.99921095,0.0,0.0,0.0,0.0051471326,0.014418474,,0.0,0.001047192,0.0033192036,0.08408496,0.0,0.0,0.016556421,0.024773255,0.0,0.020934563,0.01836503,,,0.10089098,0.07076831,0.03557682,,,
35,0.0,0.0,0.0,0.0,0.0,0.0,0.0,0.0,0.0,0.0,0.0,0.0,0.0,0.0,0.0,0.0,0.0,0.0,0.0,0.0,0.0,0.0,0.0,0.0,0.0,0.0,0.0,0.0,0.0,0.0,0.0,0.0,0.0,0.0,0.0,0.0,0.0,0.0,0.0,0.0,0.0,0.0,0.0,0.0,0.0,0.0,0.0,0.0,0.0,0.0,0.9735262,0.9286254,0.8808212,0.9112145,0.99939907,0.9863868,0.922085,0.89905024,0.99856436,0.99892104,0.9029288,0.9995835,0.97203803,0.9994854,0.9993924,0.999026,0.998995,0.94682807,0.99951804,0.972876,0.99841046,1.0,0.9995805,0.99884,0.998944,0.0,0.004012144,0.0027025621,0.034273632,0.8851569,0.0023690513,0.008655501,0.03992318,0.7254702,0.94419235,0.0010664199,0.0069773546,0.38897094,0.891425,0.8605916,0.069779046,0.6884903,0.9441838,0.9789596,0.936274,0.7111971,0.46651962,0.92915624,0.92845076,0.9807277,0.0,0.0,0.0,0.0,0.008716381,0.0,0.0,0.0,0.001929381,0.033941742,0.0,0.048264954,0.030940596,0.032325685,0.0,0.017688725,0.02779983,,,0.050411068,0.008803276,0.0034760563,,,
36,0.0,0.0,0.0,0.0,0.0,0.0,0.0,0.0,0.0,0.0,0.0,0.0,0.0,0.0,0.0,0.0,0.0,0.0,0.0,0.0,0.0,0.0,0.0,0.0,0.0,0.0,0.0,0.0,0.0,0.0,0.0,0.0,0.0,0.0,0.0,0.0,0.0,0.0,0.0,0.0,0.0,0.0,0.0,0.0,0.0,0.0,0.0,0.0,0.0,0.0,0.8193806,0.83751243,0.8805401,0.98268104,0.9484345,0.91238874,1.0,0.991264,0.944811,0.92258,0.9903605,0.97110903,0.94322896,0.8809345,0.895356,0.931382,0.91406703,0.823424,0.8007015,0.8697285,0.868822,0.73134553,0.7275905,0.7295315,0.797639,0.0,0.0012500925,0.0025219338,0.68570435,0.92246604,0.006940417,0.008233344,0.83893144,0.9148453,0.9243358,0.06496617,0.6785801,0.7452244,0.9206562,0.92988276,0.5515762,0.74507123,0.8050484,0.8972584,0.9501375,0.54703015,0.7669524,0.827856,0.83905715,0.938776,0.0,0.0,0.0,0.00028303507,0.011855879,0.0,0.0,0.0,0.04301247,0.13071164,0.0,0.0023231017,0.04262958,0.024485614,0.0,0.028903099,0.10307302,,,0.15877213,0.13376509,0.22292414,,,
37,0.0,0.0,0.0,0.0,0.0,0.0,0.0,0.0,0.0,0.0,0.0,0.0,0.0,0.0,0.0,0.0,0.0,0.0,0.0,0.0,0.0,0.0,0.0,0.0,0.0,0.0,0.0,0.0,0.0,0.0,0.0,0.0,0.0,0.0,0.0,0.0,0.0,0.0,0.0,0.0,0.0,0.0,0.0,0.0,0.0,0.0,0.0,0.0,0.0,0.0,0.9490702,0.879554,0.9711737,0.9197997,0.9993065,0.9652227,0.93932307,0.99906504,0.999614,0.999732,0.9999175,0.9999925,0.999242,0.9998945,0.9999535,0.9992875,0.9992065,0.9605785,0.9759,0.998356,0.93827546,0.9047615,0.9010095,0.948865,0.9806775,0.0,0.0036771167,0.008975,0.867217,0.95874715,0.012821384,0.008361824,0.79471153,0.96027625,0.95530117,0.04657692,0.80424666,0.9079839,0.94547856,0.9179683,0.83565646,0.8639194,0.91290164,0.9391462,0.9180707,0.6413,0.84135944,0.87279576,0.92813206,0.83703786,0.0,0.0,0.0,0.0020730176,0.0,0.0005930827,0.00060163846,0.0,0.004366157,0.0156043125,0.0025347923,0.0030250824,0.045189813,0.014901804,0.0,0.01133875,0.15796916,,,0.10401915,0.04947375,0.056254014,,,
38,0.0,0.0,0.0,0.0,0.0,0.0,0.0,0.0,0.0,0.0,0.0,0.0,0.0,0.0,0.0,0.0,0.0,0.0,0.0,0.0,0.0,0.0,0.0,0.0,0.0,0.0,0.0,0.0,0.0,0.0,0.0,0.0,0.0,0.0,0.0,0.0,0.0,0.0,0.0,0.0,0.0,0.0,0.0,0.0,0.0,0.0,0.0,0.0,0.0,0.0,0.9329366,0.9555,0.99982846,1.0,0.99496,0.91762197,1.0,0.998685,0.9998245,0.97418904,0.999237,0.999493,0.99877954,0.9995655,0.9132995,0.9995985,0.999684,0.99827,0.905851,0.0,0.857879,0.99599004,0.999312,0.0,0.0,0.0,0.004861467,0.004800039,0.9175248,0.9389832,0.008591552,0.002087618,0.90039384,0.88336897,0.999616,0.070910566,0.62576556,0.92954195,0.96417624,0.999264,0.82242924,0.8877723,0.92723656,0.94817847,0.99867475,0.7864272,0.7831662,0.91781616,0.99963236,0.9997484,0.0,0.0,0.0,0.0,0.004522737,0.0,0.0,0.0008826198,0.0030823175,0.024315968,0.0052730152,0.0060097217,0.016658178,0.027096955,0.0,0.0703463,0.13978958,,,0.10382371,0.016791167,0.1569306,,,
39,0.0,0.0,0.0,0.0,0.0,0.0,0.0,0.0,0.0,0.0,0.0,0.0,0.0,0.0,0.0,0.0,0.0,0.0,0.0,0.0,0.0,0.0,0.0,0.0,0.0,0.0,0.0,0.0,0.0,0.0,0.0,0.0,0.0,0.0,0.0,0.0,0.0,0.0,0.0,0.0,0.0,0.0,0.0,0.0,0.0,0.0,0.0,0.0,0.0,0.0,0.8014434,0.90181863,0.92268527,0.999695,0.99896,0.90074474,0.99987125,0.99918073,0.99967337,0.998925,0.99979055,0.9900417,0.99887574,0.9990927,0.99955934,0.998778,0.9998965,0.999539,0.998719,0.999047,0.999534,0.9997515,0.9880307,0.9991407,0.99935246,0.0,0.0038753718,0.0019812677,0.89229053,0.93999904,0.0062302183,0.010873965,0.5448625,0.88119155,0.95353985,0.014109824,0.71333903,0.8343206,0.981266,0.9526302,0.48319748,0.92631197,0.85552925,0.9992084,0.99995035,0.5973575,0.8686332,0.96541363,0.99371445,0.9997567,0.0021811544,0.0,0.0,0.0020214608,0.0067793713,0.0,0.0,0.0,0.008795145,0.06370423,0.0019085512,0.0025728252,0.026523402,0.10381296,0.0,0.02702655,0.035284158,,,0.19933477,0.104104556,0.08312918,,,
40,0.0,0.0,0.0,0.0,0.0,0.0,0.0,0.0,0.0,0.0,0.0,0.0,0.0,0.0,0.0,0.0,0.0,0.0,0.0,0.0,0.0,0.0,0.0,0.0,0.0,0.99962103,0.99948096,0.8906745,0.99909997,0.889417,1.0,0.902408,0.99849397,0.0,0.0,0.0,0.0,0.0,0.0,0.0,0.0,0.0,0.0,0.0,0.0,0.0,0.0,0.0,0.0,0.0,0.91916215,0.8822909,0.98669577,0.999557,0.99943036,0.9474927,0.91875154,0.99952906,0.99951905,0.99969333,0.9330558,0.99939954,0.9995327,0.9999007,0.99989533,0.8944024,0.99906695,0.9990594,0.999222,1.0,0.9976975,0.9984055,0.9995935,0.99581736,0.9996275,0.0,0.0057600006,0.013805195,0.048251003,0.023406338,0.005703517,0.021972291,0.06286466,0.07234132,0.093067735,0.011396861,0.033109516,0.15438344,0.13425335,0.14092967,0.12495674,0.6395525,0.6850017,0.8025392,0.68599534,0.40289629,0.63511837,0.6346258,0.6788541,0.5098274,0.0012046103,0.0015983583,0.00048156694,0.0036128405,0.008533192,0.00069864927,0.0,0.0,0.0,0.063167565,0.00079842185,0.009822139,0.032864008,0.13408962,0.0,0.029208291,0.03519895,,,0.18645142,0.06363786,0.03970379,,,
41,0.0,0.0,0.0,0.0,0.0,0.0,0.0,0.0,0.0,0.0,0.0,0.0,0.0,0.0,0.0,0.0,0.0,0.0,0.0,0.0,0.0,0.0,0.0,0.0,0.0,0.79551196,0.74879503,0.600474,0.2269255,0.0,0.999608,0.998759,0.982462,0.0,0.0,0.775046,0.0,0.0,0.0,0.0,0.0,0.0,0.0,0.0,0.0,0.0,0.0,0.0,0.0,0.0,0.9139555,0.95197546,0.9399305,0.9984,0.99902,0.9073307,0.8633505,0.9990904,0.99928164,0.999586,0.998495,0.9998685,0.9989637,0.99981904,0.9985897,0.99965847,0.998827,0.9995567,0.99935406,0.9994353,0.9683275,1.0,0.9990591,0.9950954,0.9985775,0.0,0.0035588085,0.005969039,0.7173054,0.9529507,0.0071256263,0.015146102,0.72810644,0.9619827,0.9981309,0.017539753,0.70465666,0.93438137,0.9699809,0.99869645,0.7524197,0.8557054,0.9625977,0.982516,0.989612,0.6596402,0.6337121,0.8319286,0.8424024,0.99837774,0.0,0.0,0.0,0.0027913477,0.010380366,0.0,0.0,0.0,0.014287485,0.07444446,0.0,0.0,0.012356945,0.052775074,0.0,0.03175935,0.13146421,,,0.12181906,0.0379046,0.053417277,,,
42,0.0,0.0,0.0,0.0,0.0,0.0,0.0,0.0,0.0,0.0,0.0,0.0,0.0,0.0,0.0,0.0,0.0,0.0,0.0,0.0,0.0,0.0,0.0,0.0,0.0,0.7795695,0.999423,0.999677,0.6784,0.474438,0.473165,1.0,1.0,0.905348,0.0,0.538398,0.18504299,0.0,0.0,0.0,0.0,0.0,0.0,0.0,0.0,0.0,0.0,0.0,0.0,0.0,0.02422854,0.7331813,0.975441,0.9994825,0.99888647,0.9421112,0.93430424,0.9998145,0.95752734,0.9995285,0.8813305,0.99834,0.99957347,0.9842927,0.9989635,0.999673,0.9997775,1.0,0.8827273,0.99904597,0.9280115,0.9531795,1.0,0.999793,0.99971104,0.0,0.0008688474,0.0021124217,0.03029021,0.81434005,0.010540177,0.0030091603,0.03905406,0.72538525,0.9901412,0.29082087,0.011070775,0.7937229,0.9046191,0.9516929,0.059474602,0.57884496,0.8839616,0.932632,0.99597377,0.6297841,0.6345419,0.6801407,0.78859735,0.68064296,0.0,0.0,0.0,0.0025892656,0.005817817,0.0,0.0,0.0,0.005140448,0.039623734,0.0,0.0,0.0070828386,0.10911452,0.0,0.03519331,0.08657176,,,0.07147436,0.049004678,0.05205197,,,
43,0.0,0.0,0.0,0.0,0.0,0.0,0.0,0.0,0.0,0.0,0.0,0.0,0.0,0.0,0.0,0.0,0.0,0.0,0.0,0.0,0.0,0.0,0.0,0.0,0.0,0.0,0.0,0.0,0.0,0.0,0.0,0.0,0.0,0.0,0.0,0.0,0.0,0.0,0.0,0.0,0.0,0.0,0.0,0.0,0.0,0.0,0.0,0.0,0.0,0.0,0.8626084,0.87511206,0.86774045,0.9361507,0.9239644,0.88950485,0.9332177,0.89700174,0.99482834,0.9611427,0.999514,0.99919605,0.9301287,0.97218937,0.9728347,0.9682005,0.9644575,0.905005,0.967607,0.9375675,0.92606103,0.919239,0.9100623,0.35030502,0.0,0.0,0.0028580585,0.0001488785,0.04268998,0.93885535,0.009269361,0.0061992626,0.022481378,0.89873487,0.9062648,0.08456205,0.05581569,0.8756083,0.7982409,0.95900005,0.8754323,0.6912385,0.85325134,0.9135003,0.98794264,0.43391195,0.82591933,0.8249414,0.9210125,0.9974557,0.0,0.0,0.0,0.0018409741,0.004427175,0.002540127,0.0,0.0,0.009608,0.06045259,0.0029593045,0.0,0.0036157193,0.11683136,0.0,0.054386012,0.08791336,,,0.11209477,0.11894475,0.07587121,,,
44,0.0,0.0,0.0,0.0,0.0,0.0,0.0,0.0,0.0,0.0,0.0,0.0,0.0,0.0,0.0,0.0,0.0,0.0,0.0,0.0,0.0,0.0,0.0,0.0,0.0,0.0,0.0,0.0,0.0,0.0,0.0,0.0,0.0,0.0,0.0,0.0,0.0,0.0,0.0,0.0,0.0,0.0,0.0,0.0,0.0,0.0,0.0,0.0,0.0,0.0,0.88088804,0.9065019,0.96906173,0.99944997,0.9992633,0.904025,0.99984974,0.9996424,0.99982566,0.999578,0.896279,0.99960136,1.0,0.9993167,0.9995534,0.9996805,0.99921435,0.99901074,0.9992614,0.976273,0.8425007,0.7134537,0.998667,0.9157753,0.99861395,0.0,0.00072715,0.008475352,0.81049645,0.999486,0.008025861,0.038818546,0.53740376,0.98326725,0.99999607,0.027212147,0.6499868,0.9816441,0.9717202,0.9994866,0.80246884,0.87312233,0.9624082,0.98500025,0.99868166,0.7146459,0.8205026,0.8908633,0.9923057,0.99920934,0.0,0.0,0.0,0.005793143,0.009730671,0.0,0.0,0.0,0.0030380087,0.02109835,0.0,0.0037277353,0.035879873,0.025033602,0.0,0.0068598073,0.06247151,,,0.25843284,0.07961295,0.03979452,,,
45,0.0,0.0,0.0,0.0,0.0,0.0,0.0,0.0,0.0,0.0,0.0,0.0,0.0,0.0,0.0,0.0,0.0,0.0,0.0,0.0,0.0,0.0,0.0,0.0,0.0,0.998994,0.9304805,0.646494,1.0,0.655018,0.054857,0.0,0.995834,0.981937,0.507319,0.0,0.0,0.0,0.0,0.0,0.0,0.0,0.0,0.0,0.0,0.0,0.0,0.0,0.0,0.0,0.9702814,0.8910055,0.9989555,0.9996495,0.999333,0.85928625,0.99970853,0.999226,0.9728054,0.9991525,0.999155,0.99966896,1.0,0.9996175,0.99959147,0.99954903,0.9997,1.0,0.99954,0.997383,0.996262,0.99962354,0.9340795,0.99935055,1.0,0.0,0.007380484,0.013078775,0.19500718,0.932973,0.02315615,0.010539146,0.09123956,0.8985846,0.98232794,0.11488434,0.21414417,0.63021237,0.9238697,0.989458,0.15965839,0.53806686,0.9433381,0.9989417,0.8172426,0.77025783,0.5347108,0.87863255,0.7534905,0.61348784,0.0,0.0,0.0,0.0,0.031042023,0.0,0.0,0.0,0.026190605,0.04656042,0.00029400777,0.001043664,0.014708738,0.11957889,0.0,0.014470706,0.09108136,,,0.1151249,0.08467723,0.15399905,,,
46,0.0,0.0,0.0,0.0,0.0,0.0,0.0,0.0,0.0,0.0,0.0,0.0,0.0,0.0,0.0,0.0,0.0,0.0,0.0,0.0,0.0,0.0,0.0,0.0,0.0,0.0,0.0,0.0,0.0,0.0,0.0,0.0,0.0,0.0,0.0,0.0,0.0,0.0,0.0,0.0,0.0,0.0,0.0,0.0,0.0,0.0,0.0,0.0,0.0,0.0,0.9741254,0.9139422,0.896299,0.96628904,0.99920547,0.91372,0.9991945,0.9726597,0.9991931,0.959078,0.99981403,0.9993685,0.98271406,0.99958634,0.99926937,0.998874,0.999758,0.90400803,0.9996643,0.99967897,0.995897,1.0,0.997985,0.0,0.0,0.0,0.0043964884,0.008522319,0.093285546,0.9209043,0.0059074666,0.012641587,0.11093065,0.88250875,0.99887526,0.00663394,0.11501744,0.15073264,0.9728981,0.999838,0.559273,0.9025838,0.9392593,0.9932395,0.97563857,0.5060313,0.8050947,0.9440871,0.9853328,0.999875,0.0,0.0,0.0,0.0,0.008746825,0.0,0.0,0.0,0.006342784,0.054757487,0.00083928683,0.0063967374,0.017019385,0.020908171,0.0,0.076656714,0.04451984,,,0.113620505,0.13238426,0.010241965,,,
47,0.0,0.0,0.0,0.0,0.0,0.0,0.0,0.0,0.0,0.0,0.0,0.0,0.0,0.0,0.0,0.0,0.0,0.0,0.0,0.0,0.0,0.0,0.0,0.0,0.0,0.0,0.78853,0.969023,0.913333,0.929692,0.0,0.0,0.0,0.0,0.0,0.0,0.0,0.0,0.0,0.0,0.0,0.0,0.0,0.0,0.0,0.0,0.0,0.0,0.0,0.0,0.878529,0.899322,0.94914734,0.99982595,0.9991095,0.94779634,0.91254175,0.998954,0.999594,0.999803,0.99854946,1.0,0.9990595,0.99942005,1.0,0.9945735,0.9969415,0.998801,1.0,0.8583425,0.85056996,1.0,0.99759054,0.923784,0.0,0.0,0.003135178,0.0049410383,0.9727022,0.9913562,0.0017350955,0.008594473,0.71058923,0.879504,0.99991906,0.18042402,0.77242815,0.87390965,0.96973926,0.97795403,0.79210097,0.8768999,0.9545922,0.9524439,0.99826133,0.70290977,0.7467714,0.955156,0.8499588,0.57693934,0.00048728677,0.0,0.0,0.0,0.01225418,0.0,0.0,0.0,0.010897804,0.02655637,0.00017903937,0.0026679488,0.0024907247,0.07932113,0.0,0.016161624,0.07611668,,,0.22043836,0.09355962,0.16781089,,,
48,0.0,0.0,0.0,0.0,0.0,0.0,0.0,0.0,0.0,0.0,0.0,0.0,0.0,0.0,0.0,0.0,0.0,0.0,0.0,0.0,0.0,0.0,0.0,0.0,0.0,0.0,0.0,0.0,0.0,0.0,0.0,0.0,0.0,0.0,0.0,0.0,0.0,0.0,0.0,0.0,0.0,0.0,0.0,0.0,0.0,0.0,0.0,0.0,0.0,0.0,0.82913965,0.9123451,0.9699527,0.999946,0.9998914,0.9877017,0.99980724,0.98813,0.9999213,0.999932,0.9509825,0.99936974,0.8924682,0.99996203,0.9989823,1.0,0.9831377,0.9938034,0.99983567,0.964148,0.8907075,0.92105335,0.9851687,0.0,0.0,0.00063951564,0.00649595,0.00465771,0.7271585,0.97287023,0.013899268,0.008538586,0.65083635,0.91321033,0.9897405,0.05481429,0.84423786,0.9428432,0.9510104,0.96927524,0.7499402,0.9003626,0.9463199,0.93896866,0.99985373,0.7993913,0.89374495,0.901189,0.87776524,0.9986557,0.0,0.0,0.0,0.0028829298,0.009434071,0.0,0.0,0.0005493033,0.0008055871,0.02984881,0.0,0.0015478918,0.022619313,0.06618936,0.0,0.03828285,0.009372619,,,0.12915468,0.13073662,0.06895503,,,
49,0.0,0.0,0.0,0.0,0.0,0.0,0.0,0.0,0.0,0.0,0.0,0.0,0.0,0.0,0.0,0.0,0.0,0.0,0.0,0.0,0.0,0.0,0.0,0.0,0.0,0.0,0.0,0.0,0.0,0.0,0.0,0.0,0.0,0.0,0.0,0.0,0.0,0.0,0.0,0.0,0.0,0.0,0.0,0.0,0.0,0.0,0.0,0.0,0.0,0.0,0.88768166,0.96487135,0.914317,0.9909135,0.940054,0.91332567,0.9997815,0.99991345,0.968591,0.922348,0.99987197,1.0,0.9856505,0.93774104,0.90427697,0.9993645,0.9981755,0.927737,0.8669795,0.999417,0.526006,0.996085,0.956629,0.894482,0.0,0.0,0.0015779255,0.0040653646,0.9839952,0.958952,0.00867385,0.022431655,0.79090035,0.90849054,0.99922836,0.43414488,0.80132407,0.87184966,0.96737325,0.94648755,0.7814302,0.8365444,0.92555726,0.9839995,0.9991287,0.7681394,0.62504125,0.8627399,0.95426875,1.0,0.0,0.0,0.00040719684,0.0,0.096019424,0.0,0.0,0.0006006777,0.0058782254,0.13482799,0.0068482184,0.00813822,0.009903147,0.027551988,0.0,0.09238911,0.08348941,,,0.07182601,0.014741666,0.058518622,,,
50,0.0,0.0,0.0,0.0,0.0,0.0,0.0,0.0,0.0,0.0,0.0,0.0,0.0,0.0,0.0,0.0,0.0,0.0,0.0,0.0,0.0,0.0,0.0,0.0,0.0,0.902719,0.8549495,0.7973635,0.74445903,0.64372396,0.79172254,0.7642755,0.7357305,0.61466503,0.47928,0.280143,0.998828,0.718113,0.238282,0.0,0.0,0.0,0.0,0.0,0.0,0.0,0.0,0.0,0.0,0.0,0.90716875,0.9959152,0.93720406,0.94003075,0.99841535,0.92134875,0.88716584,0.87993604,0.99890566,0.99937034,0.838562,0.84480536,0.92312527,0.9991147,0.999397,0.9989275,0.9993695,0.93499947,0.999483,0.9987456,0.9619245,0.8763427,0.9276284,0.99901265,0.9998485,0.0,0.0033005835,0.0032207705,0.053242512,0.19118795,0.002426361,0.0065695047,0.012666207,0.122848175,0.95878035,0.006273081,0.04192009,0.6462807,0.87686324,0.9965095,0.1004547,0.7254321,0.7837435,0.979332,0.99821305,0.56934154,0.63763386,0.71656775,0.9394629,0.7890455,0.0,0.0,0.00046728345,0.0,0.0021724903,0.0,0.0,0.0010644214,0.0076744957,0.085537806,0.0,0.0027297868,0.032266438,0.06613838,0.0,0.011681284,0.13926914,,,0.15902017,0.02920621,0.14228961,,,
51,0.0,0.0,0.0,0.0,0.0,0.0,0.0,0.0,0.0,0.0,0.0,0.0,0.0,0.0,0.0,0.0,0.0,0.0,0.0,0.0,0.0,0.0,0.0,0.0,0.0,0.999523,0.99923897,0.999512,0.999851,0.998777,0.995056,0.997662,0.99974,0.999567,0.999387,0.088545,0.0,0.989659,0.0,0.0,0.0,0.0,0.0,0.0,0.0,0.0,0.0,0.0,0.0,0.0,0.7817065,0.95607996,0.9998805,0.99967504,0.9995295,0.8807478,0.9150677,0.999716,0.9992865,0.99976647,0.9202255,0.99925995,0.9991685,0.9996075,0.99929,1.0,0.9988625,0.999573,0.99991,0.999781,0.664425,1.0,1.0,0.9973215,0.994314,0.0,0.0046619917,0.0020790934,0.080777526,0.6929316,0.008873771,0.009833973,0.06839201,0.86141473,0.89326525,0.008151265,0.63248104,0.78308576,0.7638002,0.8079156,0.08829737,0.6345822,0.84587365,0.9602826,0.7637582,0.68107814,0.36305127,0.57426786,0.98749185,0.74678475,0.0,0.0,0.0,0.0,0.017170977,0.0,0.0,0.0,0.0027556322,0.06511768,0.0016902422,0.002905288,0.022862906,0.06027113,0.0,0.048489194,0.1796957,,,0.07899444,0.006552822,0.007299125,,,
52,0.0,0.0,0.0,0.0,0.0,0.0,0.0,0.0,0.0,0.0,0.0,0.0,0.0,0.0,0.0,0.0,0.0,0.0,0.0,0.0,0.0,0.0,0.0,0.0,0.0,0.0,0.0,0.0,0.0,0.0,0.0,0.0,0.0,0.0,0.0,0.0,0.0,0.0,0.0,0.0,0.0,0.0,0.0,0.0,0.0,0.0,0.0,0.0,0.0,0.0,0.9287242,0.8581414,0.8316603,0.99991953,0.9999625,0.88673174,0.999805,0.9995745,1.0,1.0,0.9992915,0.99994946,1.0,0.99974,0.9997,1.0,1.0,1.0,0.99786603,0.81854,0.99902153,0.9907435,0.996863,0.0,0.0,0.0,0.00665174,0.010616284,0.9237493,0.95697737,0.008400254,0.011280271,0.6055893,0.80909616,0.9375558,0.13292734,0.7682741,0.7563709,0.94589615,0.93241674,0.8158113,0.7944664,0.834167,0.9471434,0.96929204,0.6626504,0.74410933,0.7537889,0.9464018,0.99936336,0.001546522,8.591111e-05,0.0013485827,0.0036951455,0.0050776564,0.0,0.00057932065,0.0,0.041237965,0.048482258,0.0028303438,0.001219405,0.025775913,0.12142961,0.0,0.009578956,0.044596847,,,0.07998828,0.026127912,0.083640456,,,
53,0.0,0.0,0.0,0.0,0.0,0.0,0.0,0.0,0.0,0.0,0.0,0.0,0.0,0.0,0.0,0.0,0.0,0.0,0.0,0.0,0.0,0.0,0.0,0.0,0.0,0.0,0.0,0.0,0.0,0.0,0.0,0.0,0.0,0.0,0.0,0.0,0.0,0.0,0.0,0.0,0.0,0.0,0.0,0.0,0.0,0.0,0.0,0.0,0.0,0.0,0.9168031,0.7511213,0.92215395,0.99408436,0.96550465,0.8966667,0.9994717,0.97358227,0.9656593,0.94569767,0.9955015,0.965025,0.9627897,0.94748497,0.9355277,0.9065084,0.9416003,0.9251353,0.93245435,0.8974143,0.8199247,0.82448304,0.85421133,0.9918895,0.9992875,0.0,0.0055139055,0.0019069816,0.8610533,0.9435188,0.008493286,0.013772669,0.057391528,0.9104446,0.9026664,0.092542775,0.6008838,0.7345548,0.927269,0.9054124,0.62543887,0.7077725,0.64856476,0.8960697,0.9396905,0.5574661,0.73347473,0.67601997,0.8341988,0.98050207,0.0,0.0,0.0,0.0020284546,0.00075221504,0.0,0.0,0.0,0.022599176,0.1296247,0.0,0.0018970821,0.04279721,0.08694073,0.0,0.040309865,0.043867007,,,0.108906746,0.05969672,0.019201953,,,
54,0.0,0.0,0.0,0.0,0.0,0.0,0.0,0.0,0.0,0.0,0.0,0.0,0.0,0.0,0.0,0.0,0.0,0.0,0.0,0.0,0.0,0.0,0.0,0.0,0.0,0.0,0.0,0.0,0.0,0.0,0.0,0.0,0.0,0.0,0.0,0.0,0.0,0.0,0.0,0.0,0.0,0.0,0.0,0.0,0.0,0.0,0.0,0.0,0.0,0.0,0.9759037,0.92893,0.9424987,0.9569563,0.99987996,0.92134273,0.999393,0.975222,0.98828334,0.999778,0.9997295,1.0,0.946723,0.97090805,0.9999385,1.0,0.99986553,1.0,0.9999175,0.999318,0.9988985,0.9093085,0.999146,0.999882,0.88209796,0.0,0.002897689,0.0027287246,0.8111712,0.9132482,0.002287375,0.01014386,0.7581685,0.8768375,0.948018,0.01369768,0.7140481,0.75229454,0.96479726,0.9998917,0.6097243,0.85441583,0.9119774,0.94078696,0.9990196,0.47906554,0.806852,0.904781,0.9997667,0.999108,0.0007593823,0.0,0.0,0.0029536965,0.0,0.0,0.0,0.0,0.041823283,0.10355278,0.0017908217,0.0092484765,0.0028432675,0.018937629,0.0,0.015048964,0.14635554,,,0.09700364,0.05999111,0.15227121,,,
55,0.0,0.0,0.0,0.0,0.0,0.0,0.0,0.0,0.0,0.0,0.0,0.0,0.0,0.0,0.0,0.0,0.0,0.0,0.0,0.0,0.0,0.0,0.0,0.0,0.0,0.0,0.0,0.0,0.0,0.0,0.0,0.0,0.0,0.0,0.0,0.0,0.0,0.0,0.0,0.0,0.0,0.0,0.0,0.0,0.0,0.0,0.0,0.0,0.0,0.0,0.9364765,0.8972235,0.8387728,0.932951,0.8887735,0.997064,0.87393737,0.89691705,0.89394546,0.864467,1.0,0.98746,0.8719687,0.87029254,0.84015,0.998452,0.935035,0.81163275,0.8088165,0.74226403,0.69196904,0.850739,0.62393236,0.32089,0.0,0.0,0.0031499255,0.015009129,0.9335214,0.95774335,0.0028735378,0.042979002,0.8421405,0.9100992,0.96075934,0.7066214,0.89862466,0.8389716,0.91008854,0.96109074,0.8304719,0.8582586,0.88442886,0.90427136,0.92160976,0.5823357,0.7657941,0.8449178,0.93920255,0.92181635,0.0,0.0,0.0,0.0,0.00068921427,0.0025921494,0.0,0.0,0.050202623,0.10575707,0.0016066406,0.0019193253,0.0661138,0.04727404,0.0,0.007631752,0.06293724,,,0.6251846,0.07645126,0.115792505,,,
56,0.0,0.0,0.0,0.0,0.0,0.0,0.0,0.0,0.0,0.0,0.0,0.0,0.0,0.0,0.0,0.0,0.0,0.0,0.0,0.0,0.0,0.0,0.0,0.0,0.0,0.96123266,0.8709845,0.999489,0.99988,0.998994,0.8391475,0.999761,1.0,0.99993,1.0,1.0,1.0,1.0,0.99932,0.998987,0.802992,0.99017,1.0,0.999325,0.999437,1.0,0.999196,0.999449,0.999406,0.998184,0.9323593,0.94635636,0.90040433,0.91928273,0.999359,0.91303855,0.9105105,0.8784224,0.92817223,0.99986696,0.8662994,0.91356814,0.91698265,0.9429407,0.999645,0.86169386,0.8913274,0.89166117,0.932511,0.99970293,0.844306,0.90427405,0.913584,0.945733,0.99071634,0.0,0.0055385176,0.007718844,0.075796984,0.8761163,0.0045490437,0.0060606054,0.10462055,0.77813894,0.96619135,0.036676303,0.11418901,0.7021983,0.8993263,0.98953795,0.08662098,0.5352844,0.86814,0.8914956,0.9791273,0.5976295,0.67178005,0.8402681,0.75419647,0.049704637,0.0,0.0013464923,0.0,0.0015291681,0.0,0.0,0.0,0.0,0.005387362,0.15158056,0.0010445,0.0022069912,0.004784,0.019047558,0.0,0.013104457,0.039527982,,,0.07778053,0.08237547,0.03279313,,,
57,0.0,0.0,0.0,0.0,0.0,0.0,0.0,0.0,0.0,0.0,0.0,0.0,0.0,0.0,0.0,0.0,0.0,0.0,0.0,0.0,0.0,0.0,0.0,0.0,0.0,0.0,0.0,0.0,0.0,0.0,0.0,0.0,0.0,0.0,0.0,0.0,0.0,0.0,0.0,0.0,0.0,0.0,0.0,0.0,0.0,0.0,0.0,0.0,0.0,0.0,0.99969447,0.99176216,0.999871,0.9993644,0.99739504,0.999181,0.99933136,0.99987906,0.9997231,0.9751937,0.9991855,0.9987761,0.998974,0.999108,0.9223637,0.9997375,0.97777504,0.97740364,0.894314,0.9989655,0.684892,0.946298,0.9681095,0.92549,0.0,0.0,0.0030744676,0.0029572523,0.8778477,0.9998367,0.00897431,0.01736684,0.7370277,0.94556564,0.9996287,0.039671447,0.6265843,0.9692709,0.95579666,0.99975103,0.5922196,0.92308635,0.9701227,0.999777,0.9979477,0.6422465,0.75693,0.859137,0.99549234,0.9971735,0.0,0.0,0.0,0.0,0.071308054,0.0004515448,0.0008690687,0.0,0.013864929,0.074061595,0.0013054375,0.0011003884,0.056312095,0.015862765,0.0,0.015233226,0.034455918,,,0.13571468,0.0052343635,0.051342625,,,
58,0.0,0.0,0.0,0.0,0.0,0.0,0.0,0.0,0.0,0.0,0.0,0.0,0.0,0.0,0.0,0.0,0.0,0.0,0.0,0.0,0.0,0.0,0.0,0.0,0.0,1.0,1.0,0.997749,0.865993,0.0,0.0,0.0,0.0,0.0,0.0,0.0,0.0,0.0,0.0,0.0,0.0,0.0,0.0,0.0,0.0,0.0,0.0,0.0,0.0,0.0,0.9313852,0.8280007,0.9991293,0.9994633,0.99902236,0.8331293,0.9993435,0.9873714,0.99965763,0.99972904,0.999368,0.9995885,0.930031,0.999136,0.99845934,0.9991605,0.9997405,0.99879396,0.99847436,0.8337194,0.989102,1.0,1.0,0.988806,0.45624,0.0,0.00082530006,0.0025016323,0.083734386,0.8934287,0.0057958756,0.079683885,0.05183356,0.3626472,0.8002926,0.029056298,0.06694261,0.1503441,0.700184,0.9251753,0.078155085,0.7085055,0.685585,0.7955076,0.9225989,0.7064693,0.5406649,0.9822628,0.8456492,0.96407175,0.001291,0.0014288592,0.0006211811,0.002077513,0.02697638,0.0005389552,0.0,0.0,0.014996666,0.03090802,0.0004749375,0.005307884,0.016850673,0.037196662,0.0,0.016909849,0.11496372,,,0.13861334,0.014616871,0.15508565,,,
59,0.0,0.0,0.0,0.0,0.0,0.0,0.0,0.0,0.0,0.0,0.0,0.0,0.0,0.0,0.0,0.0,0.0,0.0,0.0,0.0,0.0,0.0,0.0,0.0,0.0,0.9373075,0.8155065,0.999804,0.999106,0.984869,0.999732,0.999686,0.999083,0.999576,0.957308,0.999676,0.999684,0.999141,0.999572,0.848969,0.999869,0.999178,1.0,0.999487,0.0,0.0,0.0,0.0,0.0,0.0,0.9488543,0.9817637,0.95943475,0.97926205,0.99950397,0.9999882,0.9722108,0.98283404,0.9990545,0.9996245,0.9833746,0.9319757,0.9983995,0.99956095,0.99977696,0.9710782,0.9453377,0.99993145,0.99991,0.9999765,0.9109262,0.999117,0.99967,1.0,0.999324,0.0,0.00020873336,0.106432214,0.12655622,0.9103904,0.002547513,0.008196611,0.037572876,0.8643666,0.8607856,0.008097206,0.00444101,0.45959038,0.77062255,0.8726477,0.041852023,0.4423534,0.60706115,0.964595,0.7082134,0.79555845,0.70417345,0.7250342,0.9839214,0.7139895,0.0,0.0,0.0,0.0,0.006283228,0.0,0.0,0.0,0.0030523816,0.11221172,0.0,0.0024478445,0.009810508,0.1928322,0.0,0.06872033,0.044394482,,,0.17942612,0.14405797,0.06000553,,,
60,0.0,0.0,0.0,0.0,0.0,0.0,0.0,0.0,0.0,0.0,0.0,0.0,0.0,0.0,0.0,0.0,0.0,0.0,0.0,0.0,0.0,0.0,0.0,0.0,0.0,0.99864197,0.98957,0.0,0.0,0.0,0.0,0.0,0.0,0.0,0.0,0.0,0.0,0.0,0.0,0.0,0.0,0.0,0.0,0.0,0.0,0.0,0.0,0.0,0.0,0.0,0.8871311,0.9379144,0.89792806,0.9460997,0.98189133,0.9230132,0.8564922,0.9387693,0.99825096,0.99904865,0.86348754,0.9713416,0.99933404,0.99969363,0.999092,0.9994855,0.999835,0.9989587,0.9994623,0.998987,0.73373365,0.9841445,0.99990654,0.998876,0.999358,0.0,0.004470517,0.040477235,0.07984518,0.98776436,0.008610216,0.04709678,0.03176097,0.88213605,0.8858379,0.009745803,0.044501983,0.81218565,0.82286525,0.9763306,0.7742399,0.81088746,0.8380541,0.9696236,0.96747375,0.56509906,0.84817076,0.93711007,0.92907655,0.99917364,0.0,0.0,0.000830508,0.002774248,0.015987532,0.0,0.00091905426,0.0007092033,0.0,0.026298925,0.002504711,0.001885438,0.013218519,0.040015593,0.0,0.10825752,0.071894504,,,0.10173805,0.027477626,0.072892144,,,
61,0.0,0.0,0.0,0.0,0.0,0.0,0.0,0.0,0.0,0.0,0.0,0.0,0.0,0.0,0.0,0.0,0.0,0.0,0.0,0.0,0.0,0.0,0.0,0.0,0.0,0.0,0.0,0.0,0.0,0.0,0.0,0.0,0.0,0.0,0.0,0.0,0.0,0.0,0.0,0.0,0.0,0.0,0.0,0.0,0.0,0.0,0.0,0.0,0.0,0.0,0.9244667,0.9171077,0.874699,0.88906753,0.9124713,0.90011215,0.9385974,0.8911494,0.996634,0.96882,0.999152,0.9990405,0.999039,0.98488367,0.7766104,0.999344,0.99858,0.998976,0.9380903,0.9616775,1.0,0.999058,0.9826265,0.97994447,1.0,0.0,0.0008633667,0.008085274,0.045701396,0.97265905,7.841228e-05,0.0032985983,0.026517343,0.82907605,0.8080412,0.021639787,0.16211143,0.48249778,0.79933566,0.9580006,0.012665094,0.6565591,0.90612906,0.99047464,0.99869573,0.6487055,0.6384924,0.8445048,0.9478896,0.9992547,0.0005140147,0.0,0.00052784925,0.0,0.031087829,0.0013851419,0.0,0.0009140917,0.0029632016,0.09184472,0.0,0.0038578259,0.03237144,0.027396154,0.0,0.03484852,0.04360183,,,0.12188442,0.0112749245,0.069143675,,,
62,0.0,0.0,0.0,0.0,0.0,0.0,0.0,0.0,0.0,0.0,0.0,0.0,0.0,0.0,0.0,0.0,0.0,0.0,0.0,0.0,0.0,0.0,0.0,0.0,0.0,0.99977,1.0,1.0,1.0,0.917694,0.065582,0.743097,0.395336,0.0,0.0,0.0,0.0,0.0,0.0,0.0,0.0,0.0,0.0,0.0,0.0,0.0,0.0,0.0,0.0,0.0,0.901176,0.9961465,0.9992851,0.9998343,0.999913,0.9266272,0.99940836,0.99923867,0.9998764,0.99797696,0.99981,0.9986453,0.99917305,0.99978536,0.99993896,0.99968946,0.99965847,0.99983066,0.9998104,0.99900866,0.994894,0.999912,1.0,0.9994764,0.666278,0.0,0.0060754837,0.009747368,0.118705,0.8008847,0.0027854915,0.008559286,0.073497795,0.88342345,0.8630846,0.0049194344,0.024941888,0.122562155,0.95514935,0.69852513,0.04311452,0.57737106,0.98008263,0.98408157,0.99064046,0.73072803,0.65615225,0.9730266,0.7099589,0.713455,0.0,0.0,0.0,0.0019173508,0.00080448424,0.0,0.0,0.00079744624,0.0035939643,0.020993032,0.0,0.0005975715,0.019455036,0.03423885,0.0,0.022760814,0.05364735,,,0.046839274,0.05493754,0.014721776,,,
63,0.0,0.0,0.0,0.0,0.0,0.0,0.0,0.0,0.0,0.0,0.0,0.0,0.0,0.0,0.0,0.0,0.0,0.0,0.0,0.0,0.0,0.0,0.0,0.0,0.0,0.0,0.0,0.0,0.0,0.0,0.0,0.0,0.0,0.0,0.0,0.0,0.0,0.0,0.0,0.0,0.0,0.0,0.0,0.0,0.0,0.0,0.0,0.0,0.0,0.0,0.91872597,0.8677968,0.874722,0.8694854,0.9995203,0.8188776,0.801608,0.8479888,0.9993707,0.99966,0.8851504,0.91287535,0.9996637,0.999405,0.999647,0.999234,1.0,0.88727045,0.887532,0.978496,0.999596,1.0,0.8978235,0.9535207,0.82667446,0.002821435,0.002155475,0.0034133485,0.035505194,0.94743073,0.009721302,0.009334265,0.073299825,0.6571788,0.76776993,0.00773683,0.012815658,0.50317377,0.52227646,0.8150917,0.5923772,0.5585501,0.6521331,0.8683072,0.96861315,0.56370765,0.8407857,0.8955136,0.81321055,0.99852467,0.0,0.0,0.0,0.0,0.00230634,0.0012368509,0.0,0.0,0.029139586,0.11719924,0.0020525313,0.0,0.034931257,0.018025283,0.0,0.065025635,0.072499864,,,0.1029181,0.023908688,0.096222244,,,
64,0.0,0.0,0.0,0.0,0.0,0.0,0.0,0.0,0.0,0.0,0.0,0.0,0.0,0.0,0.0,0.0,0.0,0.0,0.0,0.0,0.0,0.0,0.0,0.0,0.0,0.8018595,0.999832,0.987103,0.813586,0.676457,0.995853,0.999663,0.99955,0.805059,0.62582,0.0,0.0,0.998769,0.764247,0.551547,0.0,0.0,0.0,0.0,0.0,0.0,0.0,0.0,0.0,0.0,0.9197984,0.8564075,0.912921,0.9990474,0.99925065,0.87868774,0.92589635,0.9992177,0.99983597,0.999428,0.99872446,0.9997955,0.9995197,0.9994117,0.999062,0.9992205,0.99951696,0.99966305,0.9990477,0.99911666,1.0,0.9982925,0.97349966,0.9985994,0.995794,0.0,0.008606672,0.004006066,0.8328931,0.97993916,0.00182619,0.0094969375,0.7335572,0.9750987,0.99869263,0.045778144,0.5305811,0.91697824,0.97191983,0.9583527,0.5363656,0.8519552,0.92668426,0.90441704,0.749478,0.40413195,0.801907,0.8293741,0.7613375,0.7488215,0.00043436766,0.0,0.0,0.0019206548,0.083957285,0.0,0.00070974045,0.000642582,0.0107365,0.044497017,0.0,0.0007766777,0.014055587,0.040567357,0.0,0.058634635,0.015510416,,,0.11831577,0.072615005,0.19360796,,,
65,0.0,0.0,0.0,0.0,0.0,0.0,0.0,0.0,0.0,0.0,0.0,0.0,0.0,0.0,0.0,0.0,0.0,0.0,0.0,0.0,0.0,0.0,0.0,0.0,0.0,0.907887,0.849082,0.7645815,0.898315,0.802986,0.999122,0.99964297,0.999778,0.830772,0.344978,0.519066,0.0,0.0,0.0,0.0,0.0,0.0,0.0,0.0,0.0,0.0,0.0,0.0,0.0,0.0,0.87557745,0.94739735,0.90854084,0.9998187,0.9997234,0.8392687,0.8248357,0.907454,0.9997413,0.99975395,0.89821243,0.890631,0.90623474,0.9996807,0.9987044,0.97318006,0.8950232,0.9189115,0.99937236,0.9992809,0.9934525,0.88898426,0.9152467,0.99902976,0.99953604,0.0,0.0074020764,0.012163102,0.04927494,0.8928415,0.0,0.006051254,0.03445299,0.8299869,0.9346409,0.0024070102,0.60407794,0.66477513,0.91562355,0.9640425,0.097809836,0.54648495,0.76768345,0.9359573,0.97445804,0.6377532,0.5618806,0.77225703,0.92805624,0.7805918,0.0013288603,0.0010130376,0.0,0.004578009,0.0060539525,0.0,0.0,0.0,0.028827973,0.034412846,0.0,0.00057286443,0.0016498182,0.074506365,0.0,0.04474978,0.0464561,,,0.088320725,0.020913376,0.010773011,,,
66,0.0,0.0,0.0,0.0,0.0,0.0,0.0,0.0,0.0,0.0,0.0,0.0,0.0,0.0,0.0,0.0,0.0,0.0,0.0,0.0,0.0,0.0,0.0,0.0,0.0,0.0,0.0,0.0,0.0,0.0,0.0,0.0,0.0,0.0,0.0,0.0,0.0,0.0,0.0,0.0,0.0,0.0,0.0,0.0,0.0,0.0,0.0,0.0,0.0,0.0,0.78161776,0.8196175,0.94381344,0.9992647,0.9994857,0.9389403,0.9309975,0.99987936,0.99882066,0.999205,0.99959147,0.999531,0.99996203,0.9998493,0.9993187,0.99881554,0.999635,0.999477,0.99984235,0.999672,0.9985655,0.9992705,0.96971464,0.997664,0.996938,0.0,0.0045197117,0.017994009,0.9833645,0.9361833,0.0035492412,0.012677466,0.020515073,0.9246323,0.91603374,0.017744787,0.009130742,0.7640108,0.9608483,0.9991226,0.69149333,0.8218967,0.8857713,0.96167576,0.999292,0.47540867,0.5664916,0.756663,0.97299,0.9980993,0.0,0.0,0.0,0.0013243597,0.016186083,0.0027906345,0.0005024687,0.0,0.010210425,0.13333578,0.0,0.008086513,0.03635891,0.084074,0.0,0.028945891,0.04109087,,,0.068821795,0.16599044,0.070244804,,,
67,0.0,0.0,0.0,0.0,0.0,0.0,0.0,0.0,0.0,0.0,0.0,0.0,0.0,0.0,0.0,0.0,0.0,0.0,0.0,0.0,0.0,0.0,0.0,0.0,0.0,0.0,0.0,0.0,0.0,0.0,0.0,0.0,0.0,0.0,0.0,0.0,0.0,0.0,0.0,0.0,0.0,0.0,0.0,0.0,0.0,0.0,0.0,0.0,0.0,0.0,0.9754521,0.9222188,0.90175146,0.999036,0.9996807,0.84809434,0.913768,0.9994454,0.9995867,0.99951833,0.99953246,0.99868155,0.9993644,0.99918604,0.99926937,0.9991965,0.99964154,0.89999676,0.99972904,0.9989934,0.99928904,0.843752,0.99774903,0.973544,0.0,0.0,0.0020177583,0.009111092,0.056974694,0.809025,0.006803547,0.01497219,0.031495582,0.81772476,0.9730566,0.005696717,0.008699043,0.7233448,0.9872151,0.5994174,0.097198114,0.68369895,0.9311738,0.993196,0.99897754,0.73205537,0.6707076,0.8232086,0.87872887,0.94902533,0.0,0.0,0.0,0.0016518246,0.00231929,0.0,0.0,0.0008108226,0.009570389,0.04797769,0.0011072891,0.0040986133,0.0064654686,0.035219155,0.0,0.048502907,0.10269894,,,0.11963488,0.01416089,0.09990581,,,
68,0.0,0.0,0.0,0.0,0.0,0.0,0.0,0.0,0.0,0.0,0.0,0.0,0.0,0.0,0.0,0.0,0.0,0.0,0.0,0.0,0.0,0.0,0.0,0.0,0.0,0.0,0.0,0.0,0.0,0.0,0.0,0.0,0.0,0.0,0.0,0.0,0.0,0.0,0.0,0.0,0.0,0.0,0.0,0.0,0.0,0.0,0.0,0.0,0.0,0.0,0.92561805,0.88502425,0.93333834,0.8613727,0.9998585,0.9161147,0.89697206,0.999997,0.9997055,0.99976695,0.99918854,0.99998,0.99927247,1.0,0.9990945,0.99914753,0.9987515,0.999948,0.9992435,0.999061,0.99664295,0.99928904,0.999565,0.999268,0.0,0.0,0.0032620763,0.014801852,0.040859416,0.90572506,0.0052700345,0.0021352018,0.015635565,0.78507185,0.9137572,0.017079482,0.10781403,0.8350884,0.9087386,0.9315612,0.5448265,0.84119004,0.86965823,0.93787354,0.96351326,0.7293246,0.5151356,0.8933305,0.9038979,0.9960691,0.0036825736,0.00070150377,0.000768254,0.0008855439,0.0022757836,0.00059802254,0.0009999062,0.0,0.032186758,0.16899782,0.001884508,0.015742378,0.02260881,0.02302001,0.0,0.021112073,0.04377064,,,0.13748914,0.009210727,0.008032294,,,
69,0.0,0.0,0.0,0.0,0.0,0.0,0.0,0.0,0.0,0.0,0.0,0.0,0.0,0.0,0.0,0.0,0.0,0.0,0.0,0.0,0.0,0.0,0.0,0.0,0.0,0.999977,0.999874,0.99996746,0.8342995,0.999772,0.9970935,0.999228,0.9504245,1.0,0.99927,0.0,0.407581,1.0,0.0,0.0,0.073712,0.0,0.0,0.0,0.0,0.0,0.0,0.0,0.0,0.0,0.7459562,0.96235275,0.9570935,0.9997717,0.9995367,0.9175255,0.9307568,0.99988866,0.9994167,0.9992393,0.9359612,0.999679,0.86154103,0.99983037,0.9977676,0.672008,0.872761,0.9319683,0.99848366,0.999944,0.5035819,0.90617275,0.9997425,0.9972965,0.9931,0.0,0.0053203003,0.007914982,0.052416973,0.51598775,0.001672807,0.012225468,0.06547074,0.21034633,0.916134,0.014477914,0.037020892,0.15011352,0.691335,0.5286499,0.12762332,0.0589682,0.7349958,0.58007556,0.22871138,0.019341718,0.13812685,0.85586226,0.092199415,0.055022046,0.0,0.00065031816,0.0016186613,0.0,0.0,0.0023346269,0.0009901692,0.0,0.0036466694,0.08107503,0.0,0.00451316,0.0087260995,0.02819476,0.0,0.02509269,0.07311282,,,0.057421453,0.046843763,0.049621582,,,
70,0.0,0.0,0.0,0.0,0.0,0.0,0.0,0.0,0.0,0.0,0.0,0.0,0.0,0.0,0.0,0.0,0.0,0.0,0.0,0.0,0.0,0.0,0.0,0.0,0.0,0.0,0.0,0.0,0.0,0.0,0.0,0.0,0.0,0.0,0.0,0.0,0.0,0.0,0.0,0.0,0.0,0.0,0.0,0.0,0.0,0.0,0.0,0.0,0.0,0.0,0.93064976,0.94561523,0.95381165,0.91049707,0.9999835,0.901905,0.91717005,0.8843624,0.999923,0.9992415,0.99906254,0.999933,0.99972546,0.99952745,0.99993396,0.9994845,0.999791,0.9988575,0.998531,0.99977696,0.9807135,0.980984,0.99814653,0.90164304,0.0,0.0,0.0024967168,0.0031133695,0.1618933,0.9580697,0.0069692167,0.0052209827,0.026202941,0.9529073,0.96328384,0.07825139,0.03739153,0.8183406,0.9108747,0.950043,0.45143017,0.86955047,0.8517482,0.94826776,0.983743,0.64192647,0.7979479,0.9033748,0.9885972,0.9979763,0.0,0.0,0.0,0.0,0.014519589,0.0,0.0,0.000966728,0.009493321,0.036685824,0.0,0.011811175,0.017193317,0.09612134,0.0,0.018999798,0.080632366,,,0.15506567,0.1252383,0.05596992,,,
71,0.0,0.0,0.0,0.0,0.0,0.0,0.0,0.0,0.0,0.0,0.0,0.0,0.0,0.0,0.0,0.0,0.0,0.0,0.0,0.0,0.0,0.0,0.0,0.0,0.0,0.999377,1.0,1.0,0.997774,0.0,0.993109,0.996098,0.785579,0.0,0.0,0.119824,0.0,0.0,0.0,0.0,0.0,0.0,0.0,0.0,0.0,0.0,0.0,0.0,0.0,0.0,0.87193733,0.9371093,0.8627284,0.99948967,0.99980533,0.8761294,0.836717,0.9131973,0.9994737,0.9993857,0.89503,0.92896026,0.9369515,0.999066,0.9864604,0.8652924,0.92736626,0.97521466,0.99137676,0.998873,0.86203,0.9174292,0.9236147,0.999182,0.835751,0.0,0.008794914,0.010250811,0.049188416,0.7831403,0.002617916,0.0059112,0.061844993,0.8443129,0.98437095,0.009984417,0.0042715254,0.6528212,0.9779583,0.9253336,0.022517491,0.49684626,0.9368703,0.97226065,0.15246177,0.7131748,0.5294052,0.8679417,0.9196503,0.498753,0.0018647867,0.00066054484,0.0,0.0,0.047757484,0.0,0.0,0.0,0.019374035,0.026972976,0.0,0.0,0.013419324,0.041954134,0.0,0.080269195,0.09399687,,,0.10390987,0.118719004,0.025866324,,,
72,0.0,0.0,0.0,0.0,0.0,0.0,0.0,0.0,0.0,0.0,0.0,0.0,0.0,0.0,0.0,0.0,0.0,0.0,0.0,0.0,0.0,0.0,0.0,0.0,0.0,1.0,0.995465,0.0,0.0,0.0,0.0,0.0,0.0,0.0,0.0,0.0,0.0,0.0,0.0,0.0,0.0,0.0,0.0,0.0,0.0,0.0,0.0,0.0,0.0,0.0,0.922998,0.9582957,0.96421075,0.9990544,0.99892735,0.9839202,0.88972074,0.99869174,0.9993547,0.9997367,0.8690015,0.9989375,0.99885166,0.99966204,0.99921936,0.99865246,0.998725,0.7893504,0.999067,0.9773965,0.9900975,0.99676454,0.80014896,0.9964,0.982716,0.0012846183,0.00053924596,0.00307325,0.04605281,0.94925195,0.06195775,0.03144808,0.026726354,0.8336827,0.99808156,0.014493212,0.027183509,0.81332916,0.9903125,0.66494554,0.07784683,0.6244943,0.8908311,0.96249723,0.9983603,0.70678765,0.9016361,0.88124466,0.80366564,0.99922895,0.0,0.0,0.0,0.0,0.011262759,0.0,0.0013746357,0.0015661692,0.0005203302,0.040229574,0.0,0.0114599075,0.02538621,0.032841794,0.0,0.066642426,0.24442291,,,0.03843246,0.12813291,0.10617626,,,
73,0.0,0.0,0.0,0.0,0.0,0.0,0.0,0.0,0.0,0.0,0.0,0.0,0.0,0.0,0.0,0.0,0.0,0.0,0.0,0.0,0.0,0.0,0.0,0.0,0.0,1.0,1.0,1.0,0.0,0.0,0.097339,0.155221,0.0,0.0,0.0,0.0,0.0,0.0,0.0,0.0,0.0,0.0,0.0,0.0,0.0,0.0,0.0,0.0,0.0,0.0,0.91102827,0.9548352,0.9761133,0.9617772,0.9984757,0.98974335,0.88804233,0.950186,0.99924433,0.9992633,0.92588806,0.863473,0.999328,0.999755,0.99993396,0.94821274,0.999601,0.8375485,0.99941534,0.9242964,0.64653504,0.6569227,0.99770236,0.9967305,0.0,0.0,0.0025079916,0.010149678,0.1598679,0.89698935,0.010020313,0.016396467,0.07123972,0.81723887,0.91915166,0.0028282953,0.05307622,0.79937536,0.9777209,0.9325112,0.084709495,0.6317354,0.9235508,0.96972847,0.9956082,0.64172596,0.5444425,0.7866554,0.7483841,0.98420274,0.0,0.0,0.0,0.0,0.021232286,0.0,0.0,0.0008240651,0.03497339,0.141154,0.0,0.0,0.011310472,0.04602496,0.0,0.033380114,0.023841947,,,0.04068646,0.041456405,0.041311916,,,
74,0.0,0.0,0.0,0.0,0.0,0.0,0.0,0.0,0.0,0.0,0.0,0.0,0.0,0.0,0.0,0.0,0.0,0.0,0.0,0.0,0.0,0.0,0.0,0.0,0.0,0.0,0.0,0.0,0.0,0.0,0.0,0.0,0.0,0.0,0.0,0.0,0.0,0.0,0.0,0.0,0.0,0.0,0.0,0.0,0.0,0.0,0.0,0.0,0.0,0.0,0.94040316,0.8853397,0.999048,0.999326,0.999614,0.7624571,0.99896646,0.9996985,0.9983865,0.99971247,0.99939847,0.99986553,0.9987625,0.998985,0.9846955,0.999453,0.99941254,0.999563,0.9925655,0.6155355,0.99965453,0.99880147,0.971695,0.998903,0.983718,0.0,0.000462225,0.0078020357,0.1892771,0.88360417,0.0013284287,0.03356443,0.033850305,0.99076664,0.9305147,0.09926622,0.6695584,0.925099,0.9945472,0.99929506,0.5216692,0.79723465,0.9586229,0.98698187,0.74976254,0.4449643,0.6363595,0.94746816,0.9363553,0.49652076,0.0,0.0,0.0,0.0,0.011771118,0.0,0.0,0.0,0.0012424445,0.14376184,0.0,0.0036201002,0.03748792,0.008985702,0.0,0.0088797845,0.09800086,,,0.06632919,0.10943775,0.1931187,,,
75,0.0,0.0,0.0,0.0,0.0,0.0,0.0,0.0,0.0,0.0,0.0,0.0,0.0,0.0,0.0,0.0,0.0,0.0,0.0,0.0,0.0,0.0,0.0,0.0,0.0,0.0,0.0,0.0,0.0,0.0,0.0,0.0,0.0,0.0,0.0,0.0,0.0,0.0,0.0,0.0,0.0,0.0,0.0,0.0,0.0,0.0,0.0,0.0,0.0,0.0,0.03455654,0.8877799,0.83574903,0.8418293,1.0,0.9155884,0.87559676,0.8570163,1.0,1.0,0.8455,1.0,1.0,0.9993225,1.0,0.999821,0.99670804,0.9963255,0.9997215,1.0,0.955885,0.807563,0.992608,0.0,0.0,0.0,0.0014796001,0.015649438,0.057067383,0.79960114,0.0070371553,0.0084945,0.03270063,0.7462757,0.89470357,0.0057340413,0.017065505,0.1287762,0.5718152,0.97346205,0.095095284,0.5734971,0.6108435,0.9629307,0.9996227,0.64578295,0.6725596,0.7885228,0.7846817,0.9987893,0.0,0.0,0.0,0.0,0.009942402,0.0,0.0,0.0,0.0027112546,0.14068946,0.0,0.0,0.01183746,0.060491275,0.0,0.037714392,0.105775446,,,0.07478145,0.14694746,0.04169842,,,
76,0.0,0.0,0.0,0.0,0.0,0.0,0.0,0.0,0.0,0.0,0.0,0.0,0.0,0.0,0.0,0.0,0.0,0.0,0.0,0.0,0.0,0.0,0.0,0.0,0.0,0.83934796,0.7754065,0.7485645,0.666517,0.56283396,0.999277,1.0,0.999371,0.818787,0.591532,0.0,0.0,0.654702,0.0,0.0,0.0,0.0,0.0,0.0,0.0,0.0,0.0,0.0,0.0,0.0,0.98416525,0.9175204,0.8479563,0.9027411,0.999511,0.8948755,0.9372977,0.903624,0.9995475,0.9988215,0.99989796,0.9996815,0.89171433,0.99883246,0.999208,0.9993585,0.99973154,0.85940236,0.9994035,0.9994145,0.999421,0.991063,0.9988175,0.99948204,0.998995,0.0,0.011453959,0.010105495,0.12691724,0.91655463,0.0101931775,0.0038211558,0.04028395,0.8413427,0.98596835,0.08269327,0.06494571,0.5508966,0.988434,0.99413383,0.58857626,0.8658928,0.9183007,0.9937007,0.99898946,0.71196765,0.6240522,0.782832,0.92113984,0.847579,0.00076775736,0.004284121,0.0,0.021520188,0.11139037,0.002811724,0.0004974351,0.0012258033,0.0031695946,0.043931182,0.0024244844,0.009250496,0.007775658,0.053275708,0.0,0.029670542,0.011751326,,,0.08812482,0.079482935,0.0028361862,,,
77,0.0,0.0,0.0,0.0,0.0,0.0,0.0,0.0,0.0,0.0,0.0,0.0,0.0,0.0,0.0,0.0,0.0,0.0,0.0,0.0,0.0,0.0,0.0,0.0,0.0,0.999901,0.9336495,0.0,0.0,0.0,0.1579055,0.4666205,0.0,0.0,0.0,0.0,0.0,0.0,0.0,0.0,0.0,0.0,0.0,0.0,0.0,0.0,0.0,0.0,0.0,0.0,0.9367262,0.9695855,0.99232435,0.999123,0.99987304,0.96262825,0.9843146,0.9155787,0.999375,0.9989245,0.9435727,0.9994215,0.9995135,0.99924445,0.999209,0.999681,0.99900496,0.9989955,0.99962497,0.999507,0.9998355,1.0,0.999273,0.997357,0.052889,0.0,0.0018991501,0.0065905857,0.10288527,0.9109653,0.005365916,0.01440599,0.18134974,0.57478845,0.96177644,0.007921,0.07150244,0.7391252,0.98797196,0.8838896,0.13951829,0.74856204,0.81436366,0.9898237,0.9976977,0.64881,0.66083735,0.76063555,0.9271485,0.99939203,0.0,0.0,0.0,0.0006587433,0.025624115,0.0,0.0,0.0,0.0038922413,0.009834131,0.0,0.0,0.033992283,0.09872434,0.0,0.04361096,0.07665025,,,0.07859339,0.00454604,0.108650826,,,
78,0.0,0.0,0.0,0.0,0.0,0.0,0.0,0.0,0.0,0.0,0.0,0.0,0.0,0.0,0.0,0.0,0.0,0.0,0.0,0.0,0.0,0.0,0.0,0.0,0.0,0.0,0.0,0.0,0.0,0.0,0.0,0.0,0.0,0.0,0.0,0.0,0.0,0.0,0.0,0.0,0.0,0.0,0.0,0.0,0.0,0.0,0.0,0.0,0.0,0.0,0.9132002,0.8850052,0.89468277,0.99982804,0.9996254,0.90484095,0.9858687,0.9998107,0.999318,0.9985277,0.999294,0.9993485,0.999429,0.9989607,0.8712927,0.99926245,0.9989475,0.8215377,0.9911231,0.999562,0.9955995,0.9997215,0.99858,0.996414,0.989537,0.0,0.003503034,0.009383548,0.8325392,0.87060595,0.0,0.013711381,0.103603736,0.71242934,0.941111,0.018822758,0.6790326,0.73763365,0.89465064,0.951039,0.4837568,0.7731695,0.75134647,0.91795564,0.749221,0.5089091,0.5804651,0.79758024,0.72049123,0.9977755,0.00037852206,0.0,0.00090003177,0.002430938,0.0061458563,0.0,0.0,0.0,0.005596385,0.026244666,0.008085124,0.0019030495,0.012741593,0.041675497,0.0,0.009483009,0.0662334,,,0.029793128,0.15117659,0.10326421,,,
79,0.0,0.0,0.0,0.0,0.0,0.0,0.0,0.0,0.0,0.0,0.0,0.0,0.0,0.0,0.0,0.0,0.0,0.0,0.0,0.0,0.0,0.0,0.0,0.0,0.0,0.0,0.0,0.0,0.0,0.0,0.0,0.0,0.0,0.0,0.0,0.0,0.0,0.0,0.0,0.0,0.0,0.0,0.0,0.0,0.0,0.0,0.0,0.0,0.0,0.0,0.88670695,0.8884773,0.9999815,1.0,0.9684295,0.999495,1.0,0.9998845,0.97668695,0.9425665,0.999511,1.0,0.988882,0.95457554,0.9262455,0.9990485,0.969186,0.9293695,0.893054,0.863665,0.730661,0.7059825,0.4507485,0.831488,0.856343,0.0,0.0037312298,0.0,0.93188226,0.93383676,0.0,0.0102714915,0.87373555,0.91098595,0.9308635,0.9196456,0.8043227,0.9222846,0.89568025,0.9166695,0.8097914,0.84470844,0.8964778,0.95267075,0.99964064,0.7092124,0.81545585,0.8846114,0.9800183,0.998896,0.0,0.0,0.0012472344,0.0,0.0030778528,0.0,0.0,0.0025230409,0.03960667,0.05628993,0.0,0.0044843005,0.018331379,0.049016766,0.0,0.07809551,0.010955136,,,0.9059944,0.072243646,0.13314183,,,
80,0.0,0.0,0.0,0.0,0.0,0.0,0.0,0.0,0.0,0.0,0.0,0.0,0.0,0.0,0.0,0.0,0.0,0.0,0.0,0.0,0.0,0.0,0.0,0.0,0.0,1.0,0.691117,0.0,0.0,0.0,0.840861,0.0,0.0,0.0,0.0,0.0,0.0,0.0,0.0,0.0,0.0,0.0,0.0,0.0,0.0,0.0,0.0,0.0,0.0,0.0,0.92886555,0.8713343,0.8928444,0.99979496,0.9995963,0.8450908,0.84063876,0.99879706,0.999403,0.99945664,0.90562665,0.9992115,0.9997554,0.9994814,0.99964905,0.99949646,0.999295,0.9994405,0.999467,0.999405,0.99881697,0.9998665,0.9994545,0.999249,0.99817,0.0,0.0017515341,0.007265636,0.036971454,0.90227765,0.0019942333,0.05005274,0.03427237,0.70731443,0.94886035,0.19284017,0.01615097,0.66755736,0.92002076,0.90479314,0.5573892,0.66952866,0.8367602,0.954899,0.98405224,0.57066965,0.76556987,0.86641186,0.9073574,0.999335,0.0,0.0,0.0,0.008064842,0.0037033495,0.0,0.0,0.0021863885,0.0430581,0.071666695,0.001094341,0.0011812773,0.0069201356,0.035626147,0.0,0.02185982,0.019470658,,,0.18331864,0.09156849,0.08558051,,,
81,0.0,0.0,0.0,0.0,0.0,0.0,0.0,0.0,0.0,0.0,0.0,0.0,0.0,0.0,0.0,0.0,0.0,0.0,0.0,0.0,0.0,0.0,0.0,0.0,0.0,0.0,0.0,0.0,0.0,0.0,0.0,0.0,0.0,0.0,0.0,0.0,0.0,0.0,0.0,0.0,0.0,0.0,0.0,0.0,0.0,0.0,0.0,0.0,0.0,0.0,0.9647868,0.923267,0.9163837,0.9995395,0.99932647,0.901042,0.88330835,0.99932146,0.9989785,0.9993155,0.9039297,0.99937546,0.99882305,0.9998665,0.9988835,0.9993023,0.998716,0.999071,0.99967647,0.6855735,0.969867,1.0,0.8615695,0.0,0.0,0.0,0.003871917,0.005809575,0.8575766,0.96084774,0.0,0.0033230707,0.15623713,0.7443587,0.9998503,0.08093134,0.070046574,0.5849265,0.9820731,0.956486,0.4213546,0.86874133,0.93923336,0.9323362,0.999381,0.56708336,0.7295217,0.8530436,0.97379863,0.999838,0.0,0.0,0.0,0.0043107094,0.0040695337,0.0,0.0011617597,0.0,0.006171875,0.03093771,0.0056810156,0.002081504,0.010979807,0.069451295,0.0,0.09575496,0.06409999,,,0.13780764,0.16974252,0.13217619,,,
82,0.0,0.0,0.0,0.0,0.0,0.0,0.0,0.0,0.0,0.0,0.0,0.0,0.0,0.0,0.0,0.0,0.0,0.0,0.0,0.0,0.0,0.0,0.0,0.0,0.0,0.0,0.0,0.0,0.0,0.0,0.0,0.0,0.0,0.0,0.0,0.0,0.0,0.0,0.0,0.0,0.0,0.0,0.0,0.0,0.0,0.0,0.0,0.0,0.0,0.0,0.9055185,0.9212317,1.0,0.998577,0.999862,0.99954605,0.99998903,0.99937403,0.99929905,0.999025,0.999343,0.998793,0.9991495,0.9995405,0.9998125,0.99895954,0.99954903,0.9991365,0.99918,0.99921,0.999329,0.99953496,0.998919,0.9991995,0.7513775,0.0,0.0026876195,0.0026933143,0.108630285,0.91441536,0.0032512243,0.017288908,0.106677584,0.92082185,0.9319031,0.015643088,0.03719009,0.8270401,0.9651645,0.72842014,0.6863177,0.81644017,0.985869,0.9869109,0.98514795,0.5208544,0.9364704,0.99953234,0.9986144,0.89697945,0.0,0.0,0.0014358268,0.0,0.06487471,0.001046209,0.0,0.0,0.006687903,0.095312625,0.0022415658,0.0,0.0052235792,0.090591356,0.0,0.044517983,0.14837125,,,0.23534678,0.06557946,0.037163228,,,
83,0.0,0.0,0.0,0.0,0.0,0.0,0.0,0.0,0.0,0.0,0.0,0.0,0.0,0.0,0.0,0.0,0.0,0.0,0.0,0.0,0.0,0.0,0.0,0.0,0.0,0.0,0.0,0.0,0.0,0.0,0.0,0.0,0.0,0.0,0.0,0.0,0.0,0.0,0.0,0.0,0.0,0.0,0.0,0.0,0.0,0.0,0.0,0.0,0.0,0.0,0.87584406,0.8255272,0.9357195,0.998908,0.99921334,0.9027337,0.861305,0.9997503,0.9995177,0.99960935,0.9991865,0.9998745,0.9991843,0.999515,0.9992727,0.9998375,0.99865746,0.9208883,0.99892205,0.9395925,0.980793,0.9608855,0.9985775,0.8264605,0.999402,0.0,0.0032138585,0.0027172475,0.9306954,0.8586338,0.003602723,0.007842981,0.5684995,0.8837465,0.8924192,0.03200171,0.5124876,0.86345416,0.9156076,0.9993193,0.64800006,0.7106088,0.9135675,0.92933387,0.99985135,0.6163838,0.6607732,0.83061785,0.9607115,0.999666,0.000946875,0.0009399015,0.0,0.0,0.0028147094,0.00057923136,0.0,0.0003446033,0.0067991796,0.06349534,0.00078946876,0.0012000826,0.027016137,0.080095805,0.0,0.03678002,0.031373635,,,0.109052226,0.083581954,0.050032895,,,
84,0.0,0.0,0.0,0.0,0.0,0.0,0.0,0.0,0.0,0.0,0.0,0.0,0.0,0.0,0.0,0.0,0.0,0.0,0.0,0.0,0.0,0.0,0.0,0.0,0.0,0.0,0.0,0.0,0.0,0.0,0.0,0.0,0.0,0.0,0.0,0.0,0.0,0.0,0.0,0.0,0.0,0.0,0.0,0.0,0.0,0.0,0.0,0.0,0.0,0.0,0.9323033,0.93392336,0.94538355,0.99971306,0.999098,0.971069,0.9379727,0.99918234,0.99959564,0.99941397,0.9993395,0.9997017,0.99990267,0.999583,0.9997603,0.999151,0.910522,0.99915475,0.9995531,0.998302,0.8006997,0.898275,0.99908245,0.926376,0.0,0.0,0.0045556105,0.0018714378,0.12450538,0.8807188,0.003315822,0.038083326,0.047927797,0.7503318,0.96587586,0.10827852,0.016130943,0.6799553,0.9251954,0.95929706,0.36463568,0.47077948,0.8243208,0.94546545,0.9989575,0.5876809,0.6377231,0.8863784,0.99940157,0.998567,0.0,0.0,0.0,0.0007546228,0.012088763,0.0,0.0,0.0,0.005813871,0.08448257,0.0,0.0,0.005700946,0.0015205937,0.0,0.0788177,0.035971273,,,0.11414663,0.04076817,0.043729924,,,
85,0.0,0.0,0.0,0.0,0.0,0.0,0.0,0.0,0.0,0.0,0.0,0.0,0.0,0.0,0.0,0.0,0.0,0.0,0.0,0.0,0.0,0.0,0.0,0.0,0.0,0.0,0.0,0.0,0.0,0.0,0.0,0.0,0.0,0.0,0.0,0.0,0.0,0.0,0.0,0.0,0.0,0.0,0.0,0.0,0.0,0.0,0.0,0.0,0.0,0.0,0.956148,0.999762,0.99924004,0.999399,0.99967897,0.9994505,0.998713,0.9993285,0.998658,0.9894085,0.999701,1.0,0.999191,0.999201,0.89996946,1.0,0.99974203,1.0,0.998635,0.998367,1.0,0.0,0.262706,0.95755,1.0,0.0013878484,0.0041573555,0.010864432,0.867197,0.92702496,0.001031832,0.012006087,0.8193552,0.95525,0.9356532,0.4682481,0.8636923,0.8636927,0.972013,0.9998137,0.6138496,0.85940254,0.9177114,0.9995894,0.99908304,0.5684181,0.54531085,0.6594138,0.998996,0.99985904,0.0,0.0,0.0,0.0,0.012269418,0.0,0.0,0.0,0.008854286,0.17769592,0.0007193798,0.008810184,0.023890272,0.023434633,0.0,0.024247099,0.08871261,,,0.77200526,0.01926659,0.030440142,,,
86,0.0,0.0,0.0,0.0,0.0,0.0,0.0,0.0,0.0,0.0,0.0,0.0,0.0,0.0,0.0,0.0,0.0,0.0,0.0,0.0,0.0,0.0,0.0,0.0,0.0,0.0,0.0,0.0,0.0,0.0,0.0,0.0,0.0,0.0,0.0,0.0,0.0,0.0,0.0,0.0,0.0,0.0,0.0,0.0,0.0,0.0,0.0,0.0,0.0,0.0,0.9101726,0.90954524,0.87582695,0.9997935,0.9994395,0.91791904,0.88970035,0.9992335,0.999915,0.998991,0.99913096,0.99836004,0.99993896,0.9999255,0.998533,0.9995815,0.970135,0.964818,0.99925697,0.966903,0.93418145,0.6393827,0.8428315,0.896621,0.999861,0.0,0.008451446,0.0071280836,0.01421697,0.98439837,0.0024719152,0.005393027,0.03155348,0.90495646,0.99072975,0.011594115,0.10400815,0.7864823,0.9865738,0.96622574,0.77534914,0.8632035,0.95823616,0.9851554,0.9997413,0.6325273,0.8007206,0.92838556,0.9310795,0.99987435,0.0034456102,0.0008873759,0.0,0.0,0.0025306768,0.0007955414,0.0,0.0,0.009457532,0.0046815434,0.0,0.0044681896,0.015118491,0.013309874,0.0,0.015460772,0.11900853,,,0.11358452,0.04969714,0.06287939,,,
87,0.0,0.0,0.0,0.0,0.0,0.0,0.0,0.0,0.0,0.0,0.0,0.0,0.0,0.0,0.0,0.0,0.0,0.0,0.0,0.0,0.0,0.0,0.0,0.0,0.0,1.0,1.0,0.982572,0.0,0.0,0.0,0.135524,0.0,0.0,0.0,0.0,0.0,0.0,0.0,0.0,0.0,0.0,0.0,0.0,0.0,0.0,0.0,0.0,0.0,0.0,0.95215327,0.9234872,0.9988797,0.99930835,0.99937737,0.9112195,0.9995577,0.99975103,0.99954504,0.9987637,0.99915695,0.9867367,0.99947804,0.999704,0.99906766,0.99941003,0.99851453,0.9998144,0.9991981,0.999745,0.994079,0.85332036,0.999542,0.88135004,0.9970015,0.0,0.003878373,0.014083971,0.08188297,0.8200412,0.006104923,0.003915161,0.083925225,0.7704576,0.9942711,0.0214417,0.7193686,0.48896736,0.982546,0.9986702,0.13534091,0.5752281,0.96191245,0.9905569,0.5989906,0.6738157,0.5961406,0.7969089,0.9281157,0.66616136,0.00069311034,0.00043431058,0.0,0.0007749911,0.0042404346,0.0,0.0,0.0,0.021127798,0.058943402,0.0,0.016605733,0.033062644,0.0010565347,0.0,0.04830824,0.13205267,,,0.09876275,0.18153523,0.14131205,,,
88,0.0,0.0,0.0,0.0,0.0,0.0,0.0,0.0,0.0,0.0,0.0,0.0,0.0,0.0,0.0,0.0,0.0,0.0,0.0,0.0,0.0,0.0,0.0,0.0,0.0,0.0,0.0,0.0,0.0,0.0,0.0,0.0,0.0,0.0,0.0,0.0,0.0,0.0,0.0,0.0,0.0,0.0,0.0,0.0,0.0,0.0,0.0,0.0,0.0,0.0,0.8833586,0.9311323,0.88891333,0.962686,0.999786,0.8893087,0.8611864,0.9988675,0.99971104,0.999281,0.999215,0.999417,0.9999525,0.998577,0.938662,0.999261,0.999001,0.99857605,0.985887,0.99938,0.999212,0.999245,0.9619285,0.999217,0.997654,0.0,0.00510732,0.013847106,0.5857818,0.96667117,0.015745884,0.020632973,0.678415,0.91054034,0.9998244,0.011047626,0.72009134,0.89625895,0.9696476,0.9996804,0.6652497,0.8425187,0.93743414,0.9712162,0.99967,0.6337633,0.60866946,0.92429686,0.955382,0.99980533,0.0008988088,0.0,0.0,0.0,0.004362585,0.00064481347,0.0,0.0,0.06532908,0.08056197,0.0008762109,0.0,0.012576912,0.06174356,0.0,0.016444763,0.15418555,,,0.10109245,0.18962464,0.06525124,,,
89,0.0,0.0,0.0,0.0,0.0,0.0,0.0,0.0,0.0,0.0,0.0,0.0,0.0,0.0,0.0,0.0,0.0,0.0,0.0,0.0,0.0,0.0,0.0,0.0,0.0,0.0,0.0,0.0,0.0,0.0,0.0,0.0,0.0,0.0,0.0,0.0,0.0,0.0,0.0,0.0,0.0,0.0,0.0,0.0,0.0,0.0,0.0,0.0,0.0,0.0,0.81869847,0.934834,0.88868606,1.0,0.9997715,0.87884104,0.8422727,0.999466,0.999507,0.99983346,0.998815,0.999572,0.9993025,0.99947953,0.999331,0.999594,0.9994385,0.999519,0.999381,0.99981797,0.99916446,1.0,0.999098,0.998824,0.998961,0.0,0.004213517,0.0150046535,0.05462349,0.9479158,0.0042073135,0.011890906,0.10101306,0.9057365,0.9567689,0.0035565605,0.019631973,0.68563837,0.95391804,0.96520966,0.42425632,0.69951063,0.9073161,0.9261103,0.9683167,0.5453906,0.60776937,0.86746544,0.8908992,0.99411374,0.0,0.0,0.0,0.0,0.0,0.0,0.0,0.0,0.031994097,0.02397011,0.0011911172,0.0032062118,0.041530382,0.14874536,0.14462687,0.045601696,0.11580821,,,0.10527596,0.08999768,0.075059645,,,
90,0.0,0.0,0.0,0.0,0.0,0.0,0.0,0.0,0.0,0.0,0.0,0.0,0.0,0.0,0.0,0.0,0.0,0.0,0.0,0.0,0.0,0.0,0.0,0.0,0.0,0.0,0.0,0.0,0.0,0.0,0.0,0.0,0.0,0.0,0.0,0.0,0.0,0.0,0.0,0.0,0.0,0.0,0.0,0.0,0.0,0.0,0.0,0.0,0.0,0.0,0.8753482,0.82647246,0.8323886,0.773592,0.8768875,0.904341,0.8822378,0.9606053,0.89915454,0.861273,0.97806096,0.87484336,0.91250503,0.8815125,0.835218,0.900964,0.8911925,0.857993,0.79983854,0.0,0.82528496,0.873045,0.0,0.0,0.0,0.002518962,0.0025657169,0.005300691,0.8767962,0.9283948,0.009041597,0.009857486,0.78860813,0.9209485,0.9014067,0.4841076,0.89817405,0.90264136,0.93288153,0.95945024,0.58440125,0.8720782,0.89446735,0.9077668,0.99957937,0.51034325,0.77174157,0.723298,0.8150105,0.99710435,0.0,0.0,0.0,0.00095277873,0.0063216668,0.0,0.0,0.0010126098,0.007435766,0.12355334,0.0,0.003978496,0.026759144,0.009953957,0.0,0.0030473277,0.061983764,,,0.1268218,0.09966895,0.013392904,,,
91,0.0,0.0,0.0,0.0,0.0,0.0,0.0,0.0,0.0,0.0,0.0,0.0,0.0,0.0,0.0,0.0,0.0,0.0,0.0,0.0,0.0,0.0,0.0,0.0,0.0,0.0,0.0,0.0,0.0,0.0,0.0,0.0,0.0,0.0,0.0,0.0,0.0,0.0,0.0,0.0,0.0,0.0,0.0,0.0,0.0,0.0,0.0,0.0,0.0,0.0,0.8810503,0.9255884,0.9261488,1.0,0.99988306,0.91358227,0.9988197,0.99963164,0.9988995,0.999155,0.90066636,0.9165933,0.999869,0.9999295,0.9999,0.999218,0.9985175,0.99930155,0.9984585,0.9947945,1.0,0.9996145,0.9514155,0.9115575,0.9055785,0.0,0.0063969167,0.012144268,0.93379736,0.91403204,0.0076929997,0.009661673,0.7155677,0.89973724,0.9319762,0.0,0.16909882,0.8624778,0.9397255,0.938738,0.732413,0.78468114,0.9052547,0.9593258,0.9999017,0.4994019,0.8401809,0.9178421,0.96221715,0.99982774,0.0015025956,0.0,0.0,0.054592732,0.0067176064,0.0,0.0,0.0,0.073102936,0.036333844,0.0,0.0029604286,0.015547631,0.034261204,0.0,0.06693305,0.20940894,,,0.18963511,0.053234484,0.009119166,,,
92,0.0,0.0,0.0,0.0,0.0,0.0,0.0,0.0,0.0,0.0,0.0,0.0,0.0,0.0,0.0,0.0,0.0,0.0,0.0,0.0,0.0,0.0,0.0,0.0,0.0,0.0,0.0,0.0,0.0,0.0,0.0,0.0,0.0,0.0,0.0,0.0,0.0,0.0,0.0,0.0,0.0,0.0,0.0,0.0,0.0,0.0,0.0,0.0,0.0,0.0,0.96085215,0.94345623,0.9998595,0.9988755,0.9997535,0.8871807,0.9998535,0.99916697,0.9986145,0.9996075,1.0,0.999419,0.9997395,0.9997435,0.9996,0.999403,0.999503,0.999215,0.9993785,0.9999345,0.9999885,0.97339076,1.0,1.0,0.999896,0.0,0.0018542975,0.010656597,0.88695616,0.97442675,0.0,0.03797575,0.5412415,0.969401,0.9880425,0.06641579,0.7905636,0.7326735,0.9670526,0.9989497,0.6676367,0.843284,0.9844818,0.9584841,0.99975866,0.5412536,0.8853934,0.9890752,0.93185353,0.99917,0.00054919854,0.0016958873,0.0,0.0,0.008763215,0.0,0.0007982946,0.0,0.015204118,0.04245299,0.0,0.0009457155,0.023453781,0.024493536,0.0,0.03613248,0.08315519,,,0.08554544,0.03647684,0.017520001,,,
93,0.0,0.0,0.0,0.0,0.0,0.0,0.0,0.0,0.0,0.0,0.0,0.0,0.0,0.0,0.0,0.0,0.0,0.0,0.0,0.0,0.0,0.0,0.0,0.0,0.0,0.0,0.0,0.0,0.0,0.0,0.0,0.0,0.0,0.0,0.0,0.0,0.0,0.0,0.0,0.0,0.0,0.0,0.0,0.0,0.0,0.0,0.0,0.0,0.0,0.0,0.94729704,0.8078029,0.87060803,0.8929735,0.9995583,0.8066746,0.878631,0.88784677,0.99961936,0.99936664,0.82019776,0.999677,0.99952,0.99973506,1.0,0.999218,0.9997235,0.9996517,1.0,0.99987996,0.95355153,0.9988175,0.9978705,0.8563367,0.997129,0.0,0.001438752,0.02180045,0.03405262,0.9227557,0.0108185,0.0039700363,0.112178534,0.7685983,0.8987848,0.15852249,0.5534797,0.79243976,0.91562676,0.84369844,0.6071436,0.74884623,0.923247,0.915835,1.0,0.6009739,0.68701905,0.7708886,0.9548055,0.97351235,0.0,0.0,0.0,0.00066906196,0.011556111,0.0,0.0,0.0010414917,0.004891209,0.09942893,0.0,0.0061484757,0.013024555,0.025946626,0.17248823,0.010303306,0.03281991,,,0.14807603,0.117457345,0.099571355,,,
94,0.0,0.0,0.0,0.0,0.0,0.0,0.0,0.0,0.0,0.0,0.0,0.0,0.0,0.0,0.0,0.0,0.0,0.0,0.0,0.0,0.0,0.0,0.0,0.0,0.0,0.999712,0.999584,1.0,0.998599,0.999492,0.479859,0.197815,0.369386,0.0,0.0,0.0,0.0,0.0,0.0,0.0,0.0,0.0,0.0,0.0,0.0,0.0,0.0,0.0,0.0,0.0,0.002228702,0.90707135,0.94312704,0.9990145,0.9997555,0.88556206,0.934534,0.99921405,0.999455,0.9997955,0.82324976,0.999654,0.999702,0.99925935,0.9982605,0.9991715,0.99879646,0.999543,0.999786,0.5285955,0.813193,0.796539,0.999508,0.933811,0.0,0.0,0.007354525,0.0018852277,0.13720876,0.66842693,0.0070591327,0.0073216883,0.07823133,0.8354161,0.7138708,0.0,0.1306239,0.73506594,0.92568946,0.80402654,0.11034114,0.5380459,0.79729897,0.9788728,0.87998396,0.661599,0.60051644,0.89998245,0.99066806,0.26899442,0.0,0.0,0.0,0.002227838,0.011872723,0.0,0.0016134428,0.0,0.016157556,0.0013516196,0.0,0.000647735,0.010392473,0.038773343,0.0,0.110746905,0.09253121,,,0.21473525,0.09502251,0.09769478,,,
95,0.0,0.0,0.0,0.0,0.0,0.0,0.0,0.0,0.0,0.0,0.0,0.0,0.0,0.0,0.0,0.0,0.0,0.0,0.0,0.0,0.0,0.0,0.0,0.0,0.0,0.0,0.0,0.0,0.0,0.0,0.0,0.0,0.0,0.0,0.0,0.0,0.0,0.0,0.0,0.0,0.0,0.0,0.0,0.0,0.0,0.0,0.0,0.0,0.0,0.0,0.8244302,0.9114382,0.87794554,0.9999865,0.9999975,0.880154,0.9994134,0.99973965,0.999855,0.9996525,0.9999666,0.99962103,1.0,1.0,0.9846915,0.999823,0.9996235,0.99998796,0.96570003,1.0,0.9670485,0.0,0.0,0.0,0.0,0.0,0.0028242606,0.010042828,0.91793525,0.87263775,0.003050725,0.01852545,0.62562007,0.8798029,0.99954337,0.114217274,0.69996387,0.94474214,0.9154369,0.99926233,0.8343139,0.9015291,0.9333104,0.9244208,0.9994124,0.86412436,0.8179972,0.9394978,0.9988847,0.99892235,0.0,0.0006417185,0.0,0.0,0.005635959,0.0,0.0,0.0,0.0024127339,0.026802167,0.0,0.0,0.0075110276,0.0130207995,0.0,0.013251938,0.12890267,,,0.124152765,0.09113292,0.08045491,,,
96,0.0,0.0,0.0,0.0,0.0,0.0,0.0,0.0,0.0,0.0,0.0,0.0,0.0,0.0,0.0,0.0,0.0,0.0,0.0,0.0,0.0,0.0,0.0,0.0,0.0,0.0,0.0,0.0,0.0,0.0,0.0,0.0,0.0,0.0,0.0,0.0,0.0,0.0,0.0,0.0,0.0,0.0,0.0,0.0,0.0,0.0,0.0,0.0,0.0,0.0,0.912161,0.9536294,0.999884,0.999353,0.9988255,0.9991955,0.999628,0.998791,0.9991745,0.999182,0.9995605,0.999932,0.99873304,0.99842596,0.999773,0.9980345,0.9997045,1.0,0.997246,1.0,0.999581,0.992237,0.0,0.0,0.0,0.0,0.0,0.007380398,0.9868049,0.9643672,0.0026134916,0.00081531185,0.82203156,0.9586054,0.9687375,0.14405519,0.9381557,0.9100671,0.9766133,0.90491545,0.7214214,0.8889669,0.8459048,0.999729,0.99950665,0.5863146,0.8683464,0.8892715,0.9997327,0.9980945,0.0,0.0,0.0,0.0046999464,0.002479051,0.0,0.0,0.0,0.0006242363,0.020262912,0.0,0.0065242085,0.013132422,0.045335416,0.0,0.024671063,0.06230641,,,0.14468469,0.01299887,0.048502076,,,
97,0.0,0.0,0.0,0.0,0.0,0.0,0.0,0.0,0.0,0.0,0.0,0.0,0.0,0.0,0.0,0.0,0.0,0.0,0.0,0.0,0.0,0.0,0.0,0.0,0.0,1.0,1.0,1.0,0.0,0.0,1.0,1.0,0.0,0.0,0.0,0.054844,0.0,0.0,0.0,0.0,0.0,0.0,0.0,0.0,0.0,0.0,0.0,0.0,0.0,0.0,0.9701944,0.94675136,0.86344475,0.8685252,0.9992715,0.9131703,0.9216163,0.9390913,0.998855,0.9988394,0.89059937,0.9996635,0.999719,0.9991536,0.99860203,0.99916947,0.99992347,0.999918,0.99917495,0.9997575,0.7832725,0.999944,0.9998675,0.92878854,0.998879,0.0,0.0021093753,0.01118603,0.062690124,0.8375335,0.0012649322,0.017227367,0.05241562,0.7674991,0.80682373,0.035037324,0.15084153,0.7913144,0.89845085,0.9689996,0.09346517,0.8251614,0.97896963,0.99370646,0.99890697,0.7664798,0.79352087,0.9120181,0.95328104,0.9984264,0.0,0.0,0.0,0.0,0.01478235,0.0,0.0,0.0,0.013671567,0.09223112,0.0,0.010686553,0.021711983,0.014178475,0.055200163,0.054564167,0.15037844,,,0.11944044,0.036896337,0.010721056,,,
98,0.0,0.0,0.0,0.0,0.0,0.0,0.0,0.0,0.0,0.0,0.0,0.0,0.0,0.0,0.0,0.0,0.0,0.0,0.0,0.0,0.0,0.0,0.0,0.0,0.0,0.0,0.0,0.0,0.0,0.0,0.0,0.0,0.0,0.0,0.0,0.0,0.0,0.0,0.0,0.0,0.0,0.0,0.0,0.0,0.0,0.0,0.0,0.0,0.0,0.0,0.9722649,0.8654434,0.81949675,0.99944353,0.999053,0.856583,0.8770031,0.99942946,0.9991805,0.9986075,0.999043,0.999636,0.9994365,0.9998785,0.99941397,0.999866,0.9999285,0.999146,0.998785,0.998927,0.9990175,0.9998915,0.9987745,0.999301,0.999408,0.0,0.0067561334,0.0070321416,0.08353352,0.92981577,0.0053953393,0.0063598156,0.025880227,0.6707064,0.8824654,0.012271514,0.15684998,0.8558802,0.95746005,0.935766,0.68173134,0.8041159,0.9341054,0.95622915,0.84343,0.5960502,0.59548587,0.8398116,0.967542,0.999768,0.0007042353,0.0,0.0,0.0,0.005527168,0.0,0.0,0.004427187,0.012151417,0.003457968,0.003994383,0.002711418,0.01684219,0.024248077,0.0,0.01629066,0.06456425,,,0.07360795,0.06246246,0.03183359,,,
99,0.0,0.0,0.0,0.0,0.0,0.0,0.0,0.0,0.0,0.0,0.0,0.0,0.0,0.0,0.0,0.0,0.0,0.0,0.0,0.0,0.0,0.0,0.0,0.0,0.0,0.0,0.0,0.0,0.0,0.0,0.0,0.0,0.087593,0.0,0.0,0.0,0.0,0.0,0.0,0.0,0.0,0.0,0.0,0.0,0.0,0.0,0.0,0.0,0.0,0.0,0.8955701,0.8985852,0.8640219,0.9417698,0.9998621,0.83627266,0.85117215,0.89829487,0.979931,0.98202866,0.8076814,0.8981046,0.8945238,0.985526,0.94810694,0.95513654,0.8337785,0.99094474,0.958828,0.996319,0.9199465,0.99702,0.901631,0.0,0.0,0.0,0.0025318668,0.0006021495,0.9484851,0.9509561,0.0075756526,0.006869295,0.60385495,0.93828565,0.9439303,0.15239137,0.73480505,0.70981896,0.9688147,0.96707577,0.15370737,0.48844603,0.86906254,0.9478342,0.9982827,0.5645866,0.59177756,0.8816399,0.9494726,0.6604067,0.0,0.0,0.0,0.00076061406,0.0035461187,0.0,0.0,0.0,0.0050083273,0.10007421,0.0,0.0049305004,0.008413035,0.09789693,0.0,0.029316558,0.042196922,,,0.07442054,0.097627364,0.040620316,,,
100,0.0,0.0,0.0,0.0,0.0,0.0,0.0,0.0,0.0,0.0,0.0,0.0,0.0,0.0,0.0,0.0,0.0,0.0,0.0,0.0,0.0,0.0,0.0,0.0,0.0,0.0,0.0,0.0,0.0,0.0,0.0,0.0,0.0,0.0,0.0,0.0,0.0,0.0,0.0,0.0,0.0,0.0,0.0,0.0,0.0,0.0,0.0,0.0,0.0,0.0,0.95692986,0.82607067,0.88489807,1.0,0.99914753,0.89880425,0.8586797,0.99976146,0.9998655,0.99962354,0.999966,0.999341,0.9995955,1.0,1.0,0.9992955,0.9989515,0.9990135,0.9997735,0.9596095,0.99259055,0.9336065,0.744192,0.8841365,0.0,0.0,0.00069584296,0.004123991,0.08142121,0.98044324,0.005269681,0.019873112,0.072662696,0.88946754,0.9443883,0.024034634,0.21370691,0.7800554,0.9760609,0.5995748,0.6773446,0.8330763,0.8781414,0.78819466,0.99914634,0.5074739,0.67040557,0.87258625,0.959047,0.99954295,0.0,0.0,0.0,0.0021113707,0.008559432,0.0,0.0,0.0,0.0,0.023536718,0.0014004766,0.001701644,0.01815183,0.022112783,0.107371286,0.02763485,0.07316775,,,0.10495311,0.0720189,0.07456152,,,
101,0.0,0.0,0.0,0.0,0.0,0.0,0.0,0.0,0.0,0.0,0.0,0.0,0.0,0.0,0.0,0.0,0.0,0.0,0.0,0.0,0.0,0.0,0.0,0.0,0.0,0.99656,0.93326,0.0,0.0,0.0,0.0,0.0,0.0,0.0,0.0,0.0,0.0,0.0,0.0,0.0,0.0,0.0,0.0,0.0,0.0,0.0,0.0,0.0,0.0,0.0,0.89084446,0.875576,0.961111,0.9997215,0.9987995,0.8775995,0.90548563,0.999743,0.99906695,0.99984,0.99992704,0.9994635,0.9999275,0.998767,0.9991745,0.9998795,1.0,0.99995303,0.99922705,0.999447,0.999304,0.998969,0.8433265,0.6912475,0.99657,0.0,0.007905168,0.009917936,0.06715372,0.8319651,0.0014558511,0.008336469,0.02558325,0.8698454,0.858785,0.011350431,0.020627229,0.64406526,0.903624,0.95401454,0.49426135,0.67389137,0.83012867,0.9200492,0.99930567,0.40913036,0.56784934,0.7238619,0.93682826,0.99890065,0.0,0.0,0.0,0.0032118245,0.0055012247,0.001339306,0.00075778627,0.0008669504,0.01605723,0.056858264,0.000525279,0.0,0.018108519,0.022397473,0.1977728,0.07697392,0.0972418,,,0.088677235,0.120192,0.11375279,,,
102,0.0,0.0,0.0,0.0,0.0,0.0,0.0,0.0,0.0,0.0,0.0,0.0,0.0,0.0,0.0,0.0,0.0,0.0,0.0,0.0,0.0,0.0,0.0,0.0,0.0,0.0,0.0,0.0,0.0,0.0,0.0,0.0,0.0,0.0,0.0,0.0,0.0,0.0,0.0,0.0,0.0,0.0,0.0,0.0,0.0,0.0,0.0,0.0,0.0,0.0,0.9528885,0.9998197,0.9992343,0.99871767,0.99945295,0.9999794,0.9998703,0.99887466,0.999755,0.99851704,0.998936,0.999068,0.9994985,0.999707,0.998196,0.999792,0.999651,0.999196,0.998762,0.998943,1.0,0.99771845,0.996671,0.0,0.0,0.0,0.0,0.005687922,0.9327831,0.9998317,0.0062461924,0.00969646,0.79317296,0.9197969,0.9983574,0.6574728,0.8077242,0.91932064,0.9563014,0.99947166,0.70483893,0.9258671,0.94499767,0.999063,0.99954504,0.7404272,0.864771,0.9316853,0.93628126,0.9968105,0.00074924267,0.0005308787,0.0,0.0,0.038005784,0.0,0.0,0.0006484716,0.0007476786,0.036679637,0.0,0.008730302,0.021930095,0.008175056,0.0,0.029949147,0.019620476,,,0.07598693,0.06861396,0.019005304,,,
103,0.0,0.0,0.0,0.0,0.0,0.0,0.0,0.0,0.0,0.0,0.0,0.0,0.0,0.0,0.0,0.0,0.0,0.0,0.0,0.0,0.0,0.0,0.0,0.0,0.0,0.0,0.0,0.0,0.0,0.0,0.0,0.0,0.0,0.0,0.0,0.0,0.0,0.0,0.0,0.0,0.0,0.0,0.0,0.0,0.0,0.0,0.0,0.0,0.0,0.0,0.8643472,0.8950347,0.81146973,0.82624555,0.999309,0.8423734,0.78901803,0.8431285,0.7912345,0.986162,0.877432,0.85861397,0.77167904,0.923121,0.915571,0.999857,1.0,0.886211,0.872911,0.943742,0.997248,0.59231,0.792021,0.8217,0.765065,0.0,0.0021384067,0.007491152,0.9358249,0.98672575,0.011571264,0.0087618325,0.66421616,0.9320076,0.9994217,0.13498688,0.6460433,0.86269355,0.956575,0.9991397,0.7124729,0.79599273,0.8371749,0.9383667,0.9994674,0.6235256,0.77427787,0.8057022,0.9415544,0.97761035,0.001698647,0.0,0.0,0.0,0.027790165,0.0,0.0,0.0,0.005535572,0.0819855,0.0015056563,0.0,0.015197402,0.0108125135,0.0,0.022615753,0.06698159,,,0.08083051,0.044760797,0.13045155,,,
104,0.0,0.0,0.0,0.0,0.0,0.0,0.0,0.0,0.0,0.0,0.0,0.0,0.0,0.0,0.0,0.0,0.0,0.0,0.0,0.0,0.0,0.0,0.0,0.0,0.0,0.0,0.0,0.0,0.0,0.0,0.0,0.0,0.0,0.0,0.0,0.0,0.0,0.0,0.0,0.0,0.0,0.0,0.0,0.0,0.0,0.0,0.0,0.0,0.0,0.0,0.9697987,0.9012026,0.92435855,0.9434815,0.999074,0.8754922,0.94863504,0.93827796,0.99836606,0.9986143,0.9982585,0.999308,0.99913967,0.99874663,0.99839437,0.9995975,0.998816,0.9986137,0.999551,0.99872005,0.991012,0.999122,0.74425524,0.9622201,0.997953,0.0,0.0018037272,0.009023937,0.86046684,0.97050864,0.0048383963,0.023647154,0.14718394,0.5973246,0.9741027,0.0,0.004289037,0.8458314,0.94895184,0.9934904,0.7813979,0.88050807,0.8928626,0.8380833,0.99986076,0.8066074,0.5543419,0.7385463,0.79472274,0.9997877,0.0,0.0,0.0,0.0010083879,0.0018663236,0.0,0.0,0.0,0.040662035,0.019842489,0.00047491406,0.00089766394,0.03936255,0.039582375,0.059820455,0.016301684,0.07225728,,,0.05517731,0.16359207,0.1464008,,,
105,0.0,0.0,0.0,0.0,0.0,0.0,0.0,0.0,0.0,0.0,0.0,0.0,0.0,0.0,0.0,0.0,0.0,0.0,0.0,0.0,0.0,0.0,0.0,0.0,0.0,0.0,0.0,0.0,0.0,0.0,0.0,0.0,0.0,0.0,0.0,0.0,0.0,0.0,0.0,0.0,0.0,0.0,0.0,0.0,0.0,0.0,0.0,0.0,0.0,0.0,0.8821249,0.93161535,0.86843985,0.999598,0.99984336,0.87905484,0.9427806,0.999575,0.9996144,0.999439,0.88082546,0.927131,0.99951506,0.99961066,0.99933934,0.9346937,0.9515255,0.99994105,0.9993806,0.99869835,0.948105,0.91641074,0.9997617,0.90044737,0.0,0.0,0.0044110417,0.0025834402,0.16627908,0.866212,0.0017633217,0.005838045,0.7602529,0.95282704,0.98502254,0.034707032,0.62595814,0.87771124,0.98291427,0.9972455,0.58993536,0.8545691,0.97718024,0.9756635,0.931269,0.5168305,0.770799,0.8960726,0.94721,0.9620217,0.0,0.0,0.0,0.0,0.0038390313,0.0,0.0,0.0,0.019697068,0.027940925,0.0014835,0.0020278643,0.009920074,0.011325142,0.06511854,0.044751145,0.05190309,,,0.10665721,0.07353808,0.025720002,,,
106,0.0,0.0,0.0,0.0,0.0,0.0,0.0,0.0,0.0,0.0,0.0,0.0,0.0,0.0,0.0,0.0,0.0,0.0,0.0,0.0,0.0,0.0,0.0,0.0,0.0,0.0,0.0,0.0,0.0,0.0,0.0,0.0,0.0,0.0,0.0,0.0,0.0,0.0,0.0,0.0,0.0,0.0,0.0,0.0,0.0,0.0,0.0,0.0,0.0,0.0,0.9685905,0.9241751,0.8794825,0.95084035,0.99942005,0.8443748,0.999417,0.99941146,0.97888035,0.9998075,0.999258,0.999408,0.9996685,0.964084,0.999267,0.9994925,0.9988935,0.9992745,0.9989455,1.0,0.998802,0.9994525,0.99949896,0.999659,0.411571,0.0,0.0031632627,0.0019836887,0.017124204,0.9766954,0.003670885,0.009021687,0.051976915,0.85458946,0.9478926,0.050994176,0.7511144,0.9205639,0.89489603,0.9485716,0.548836,0.8515558,0.9121935,0.9643963,0.93565845,0.41075334,0.9033817,0.79826534,0.9739353,0.769135,0.0,0.0,0.0005083464,0.0,0.007952678,0.0005654105,0.0,0.002387675,0.012844887,0.03454273,0.0,0.006518552,0.014840411,0.034417916,0.0,0.01958358,0.024457881,,,0.061514106,0.035298154,0.059343453,,,
107,0.0,0.0,0.0,0.0,0.0,0.0,0.0,0.0,0.0,0.0,0.0,0.0,0.0,0.0,0.0,0.0,0.0,0.0,0.0,0.0,0.0,0.0,0.0,0.0,0.0,0.99883854,0.99921095,0.999091,0.96934104,0.99947697,0.7076375,0.826663,0.99954903,0.9678885,0.999977,0.135433,0.072659,0.0,0.495411,0.0,0.0,0.0,0.0,0.0,0.0,0.0,0.0,0.0,0.0,0.0,0.93720084,0.8684213,0.9671036,0.99930763,0.999439,0.96344703,0.88922685,0.99939907,0.99901766,0.998677,0.882627,0.8783027,0.96985936,0.99967164,0.99976945,0.93297195,0.99867153,0.6658397,0.66643435,0.99955046,0.87984896,0.998145,0.99976647,0.999182,0.994774,0.0,0.0046050167,0.011642438,0.12577918,0.832174,0.0017303098,0.018077124,0.04102985,0.90563685,0.85708463,0.011567384,0.6085065,0.5881149,0.9953011,0.66574854,0.23034553,0.45142233,0.976635,0.985865,0.79641163,0.55962276,0.46946478,0.8767946,0.8514295,0.6659267,0.0,0.0,0.0,0.0038562038,0.0041203257,0.0,0.0,0.0,0.0014839144,0.080067635,0.00052092125,0.0,0.03238879,0.02285738,0.034434043,0.037000697,0.103018984,,,0.074081615,0.04730315,0.06842596,,,
108,0.0,0.0,0.0,0.0,0.0,0.0,0.0,0.0,0.0,0.0,0.0,0.0,0.0,0.0,0.0,0.0,0.0,0.0,0.0,0.0,0.0,0.0,0.0,0.0,0.0,0.0,0.0,0.0,0.0,0.0,0.0,0.0,0.0,0.0,0.0,0.0,0.0,0.0,0.0,0.0,0.0,0.0,0.0,0.0,0.0,0.0,0.0,0.0,0.0,0.0,0.9782804,0.919046,0.924068,0.82184,0.89207,0.924967,0.8962247,0.9836145,0.91205704,0.8716555,0.99861753,0.99888504,0.953278,0.87840855,0.84557796,0.98131454,0.95919454,0.9091645,0.8430995,0.809287,1.0,0.9311635,0.776266,0.999529,0.998756,0.0,0.007714392,0.003838925,0.51577777,0.9286377,0.0010785547,0.00569839,0.018113805,0.69850737,0.91511095,0.013088478,0.031318177,0.44689268,0.9540858,0.92642325,0.9136691,0.85541815,0.89838475,0.92177546,0.9284278,0.6028965,0.8103151,0.81231517,0.9024622,0.981006,0.0006679853,0.0014556015,0.0023570082,0.0,0.013061407,0.0,0.0009907286,0.0,0.0031726635,0.034074705,0.0006160775,0.004626652,0.02211999,0.0637185,0.10749646,0.0,0.041589744,,,0.13110813,0.056166478,0.09860524,,,
109,0.0,0.0,0.0,0.0,0.0,0.0,0.0,0.0,0.0,0.0,0.0,0.0,0.0,0.0,0.0,0.0,0.0,0.0,0.0,0.0,0.0,0.0,0.0,0.0,0.0,0.0,0.0,0.0,0.0,0.0,0.0,0.0,0.0,0.0,0.0,0.0,0.0,0.0,0.0,0.0,0.0,0.0,0.0,0.0,0.0,0.0,0.0,0.0,0.0,0.0,0.90368605,0.89473456,0.943586,0.99981904,0.99932504,0.9226272,0.978083,0.99884367,0.99859834,0.9995147,0.9997285,0.99924505,0.911752,0.999495,0.999483,0.9991355,0.908365,0.92595124,0.9993473,0.9998094,0.9992285,0.9299972,0.9991807,0.64442503,0.0,0.0,0.0029898558,0.024356475,0.04104258,0.89380753,0.0053931,0.023920797,0.07984207,0.9083145,0.9660357,0.08604238,0.79976356,0.9168644,0.96636313,0.9880096,0.59783906,0.8679142,0.7205559,0.97739756,0.94971466,0.55841684,0.815044,0.90142447,0.9425677,0.9991357,0.0,0.0,0.0,0.009008371,0.0034465054,0.0,0.0,0.0014530417,0.017307632,0.087003484,0.0,3.838525e-05,0.0067723626,0.05830063,0.11008551,0.014640818,0.00962013,,,0.1064823,0.008356274,0.018764671,,,
110,0.0,0.0,0.0,0.0,0.0,0.0,0.0,0.0,0.0,0.0,0.0,0.0,0.0,0.0,0.0,0.0,0.0,0.0,0.0,0.0,0.0,0.0,0.0,0.0,0.0,0.0,0.0,0.0,0.0,0.0,0.0,0.0,0.0,0.0,0.0,0.0,0.0,0.0,0.0,0.0,0.0,0.0,0.0,0.0,0.0,0.0,0.0,0.0,0.0,0.0,0.9123095,0.94572985,0.9485119,0.99982804,0.99972665,0.8943056,0.95487976,0.99968976,0.99963,0.99920964,0.8812585,0.9255444,0.9054528,0.99977434,0.99672806,0.9132533,0.9093185,0.96845365,0.99933404,0.9993115,0.75208277,0.89249265,0.93597865,0.996052,0.981066,0.0,0.003936723,0.0058115474,0.9745682,0.92561984,0.0037032668,0.0019790656,0.75374085,0.9162185,0.91386974,0.75977886,0.75028855,0.9596437,0.9723485,0.9958374,0.8098989,0.87006795,0.9428992,0.9462422,0.9997337,0.7751329,0.8833113,0.82955706,0.92589515,0.661643,0.0,0.0,0.0,0.0,0.023386387,0.0,0.0,0.0,0.030106232,0.01840424,0.0034277383,0.0052410327,0.006604556,0.0534847,0.13509925,0.0017858165,0.06276235,,,0.05358277,0.025566427,0.003689881,,,
111,0.0,0.0,0.0,0.0,0.0,0.0,0.0,0.0,0.0,0.0,0.0,0.0,0.0,0.0,0.0,0.0,0.0,0.0,0.0,0.0,0.0,0.0,0.0,0.0,0.0,0.0,0.0,0.0,0.0,0.0,0.0,0.0,0.0,0.0,0.0,0.0,0.0,0.0,0.0,0.0,0.0,0.0,0.0,0.0,0.0,0.0,0.0,0.0,0.0,0.0,0.9407393,0.72767603,0.981317,0.9997067,0.94882,0.89082175,0.8780058,0.999268,0.9984864,0.981845,0.999296,0.93961,0.99937934,0.99907273,0.9591087,0.9991455,0.90580535,0.9994413,0.99921167,0.9995715,0.945765,0.9166875,0.999174,0.992823,1.0,0.0,0.0046026004,0.007984778,0.7052993,0.9745815,0.009225209,0.0018686638,0.20142008,0.968828,0.9249692,0.017595902,0.6501151,0.85118276,0.962736,0.92928094,0.76030076,0.6164384,0.8587536,0.96719754,0.9465922,0.68536365,0.6916119,0.8581466,0.96756715,0.982814,0.0031844557,0.0,0.0,0.0007413698,0.006512226,0.0,0.0,0.0,0.017136993,0.028350096,0.0,0.0014076559,0.003827911,0.09110417,0.19569667,0.006733621,0.08561492,,,0.10719678,0.054821588,0.008715438,,,
112,0.0,0.0,0.0,0.0,0.0,0.0,0.0,0.0,0.0,0.0,0.0,0.0,0.0,0.0,0.0,0.0,0.0,0.0,0.0,0.0,0.0,0.0,0.0,0.0,0.0,0.999738,1.0,1.0,0.999811,0.894002,0.0,0.0,0.93343,0.978671,0.895369,0.0,0.0,0.0,0.0,0.0,0.0,0.0,0.0,0.0,0.0,0.0,0.0,0.0,0.0,0.0,0.94395465,0.99331903,0.93393767,0.9998635,0.9993845,0.93551767,0.9987205,0.998315,0.996477,0.978179,0.98786104,0.9806785,0.9596145,0.95804846,0.9541685,1.0,0.8774915,0.881132,0.90903497,0.81021154,0.998637,1.0,1.0,1.0,0.999042,0.0,0.0063499417,0.010288093,0.068480015,0.9996028,0.01805733,0.0126088355,0.051195137,0.962471,0.9988917,0.030998603,0.7156177,0.94663477,0.9595122,0.96858865,0.3111739,0.51693803,0.9236004,0.9812275,0.78402925,0.7224726,0.6332624,0.88133645,0.9228182,0.7068614,0.0,0.0,0.0,0.015802242,0.006705734,0.0,0.0,0.000931041,0.0015050371,0.09461838,0.0042502186,0.006387009,0.012777376,0.02286309,0.06289092,0.054832727,0.1695645,,,0.073222585,0.10295276,0.055504113,,,
113,0.0,0.0,0.0,0.0,0.0,0.0,0.0,0.0,0.0,0.0,0.0,0.0,0.0,0.0,0.0,0.0,0.0,0.0,0.0,0.0,0.0,0.0,0.0,0.0,0.0,0.974643,1.0,0.9828205,0.985521,0.99092,0.0,0.0,0.0,0.0,0.0,0.0,0.0,0.0,0.0,0.0,0.0,0.0,0.0,0.0,0.0,0.0,0.0,0.0,0.0,0.0,0.99992317,0.991967,0.93866,0.99940753,0.999985,0.97230774,0.9991315,0.999981,0.998922,0.9997505,0.99962246,0.9996605,0.998743,0.9991745,0.99928796,0.98912334,0.9971175,0.999544,0.99922955,0.999829,0.985467,0.87957954,0.9990315,0.9960755,0.8028955,0.0,0.0045510777,0.009460741,0.8501636,0.75902134,0.01058682,0.002757626,0.80196154,0.9921483,0.99773884,0.0021214893,0.015763797,0.90399694,0.9595145,0.9821917,0.025575504,0.5291331,0.9685428,0.98634934,0.68280905,0.21128063,0.5334555,0.78675824,0.5355429,0.25690624,0.00059875735,0.0,0.0,0.0,0.007487958,0.00037823134,0.0,0.0006040976,0.007634588,0.12182075,0.0004425703,0.0,0.0158946,0.09517984,0.06817462,0.03771,0.10850052,,,0.06899314,0.04072097,0.019743359,,,
114,0.0,0.0,0.0,0.0,0.0,0.0,0.0,0.0,0.0,0.0,0.0,0.0,0.0,0.0,0.0,0.0,0.0,0.0,0.0,0.0,0.0,0.0,0.0,0.0,0.0,0.0,0.0,0.0,0.0,0.0,0.0,0.0,0.0,0.0,0.0,0.0,0.0,0.0,0.0,0.0,0.0,0.0,0.0,0.0,0.0,0.0,0.0,0.0,0.0,0.0,0.9147893,0.85993046,0.91515577,0.998767,0.9984,0.94108737,0.999315,0.999422,0.999781,0.99925804,0.999595,0.9994195,0.9988955,0.99943805,0.95968354,0.997851,0.9989175,0.99970746,0.9588475,0.89577246,0.94023454,0.963027,0.5,0.987693,0.0,0.0,0.003743267,0.0086846985,0.08050622,0.99871016,0.0033105386,0.04987468,0.72678757,0.87016946,0.9996516,0.033909652,0.6535465,0.84638876,0.84480536,0.9999237,0.058202684,0.63265944,0.93073684,0.8292054,0.99999,0.6581216,0.4502348,0.7874128,0.7922146,0.9997405,0.0,0.0,0.0,0.0020489828,0.018841052,0.0,0.0,0.0,0.0013159908,0.06526462,0.0,0.0035891486,0.03725815,0.00838176,0.21099736,0.021516174,0.07990032,,,0.15690793,0.10231562,0.031840708,,,
115,0.0,0.0,0.0,0.0,0.0,0.0,0.0,0.0,0.0,0.0,0.0,0.0,0.0,0.0,0.0,0.0,0.0,0.0,0.0,0.0,0.0,0.0,0.0,0.0,0.0,0.0,0.0,0.0,0.0,0.0,0.0,0.0,0.0,0.0,0.0,0.0,0.0,0.0,0.0,0.0,0.0,0.0,0.0,0.0,0.0,0.0,0.0,0.0,0.0,0.0,0.8687676,0.88865536,0.85171884,0.89238155,0.99911404,0.8276581,0.89125633,0.9996587,0.99981,0.99933267,0.9023007,0.999982,0.9992827,0.9995804,0.999743,0.998442,0.93636006,0.9994247,0.999956,0.99938905,0.9978235,0.891068,0.9608357,0.999561,0.9823457,0.0,0.0071864715,0.006385454,0.87973595,0.9458401,0.0012324492,0.04502436,0.76657295,0.88328004,0.8799124,0.65522206,0.79439306,0.8618275,0.9392292,0.92518026,0.8190989,0.8130919,0.90508974,0.912179,0.90537894,0.7681159,0.84941757,0.891814,0.91952115,0.9128595,0.0005831691,0.0,0.0,0.0,0.012481457,0.0003088433,0.0,0.0,0.0077472455,0.032793026,0.0,0.003494664,0.010763822,0.06894418,0.12204409,0.08354622,0.06325619,,,0.07861175,0.022931553,0.011024588,,,
116,0.0,0.0,0.0,0.0,0.0,0.0,0.0,0.0,0.0,0.0,0.0,0.0,0.0,0.0,0.0,0.0,0.0,0.0,0.0,0.0,0.0,0.0,0.0,0.0,0.0,0.999991,0.9995215,0.99838746,0.751916,0.0,0.0,0.485524,0.0,0.0,0.0,0.0,0.0,0.0,0.0,0.0,0.0,0.0,0.0,0.0,0.0,0.0,0.0,0.0,0.0,0.0,0.95063764,0.9424572,0.9590243,0.999865,0.9995165,0.9350431,0.94694024,0.9259677,0.97873706,0.999372,0.9039382,0.9032766,0.9996815,1.0,0.999145,0.973683,0.99846196,1.0,0.99994254,0.999164,1.0,0.99908197,1.0,0.521872,0.0,0.0,0.0020603165,0.002772324,0.04654314,0.28025514,0.004349184,0.009716697,0.81526214,0.6725446,0.8031613,0.058837846,0.55407107,0.5268486,0.9970999,0.99442023,0.11687806,0.47429737,0.8737526,0.9988329,0.74885976,0.7952988,0.59106404,0.6220677,0.90956604,0.9996915,0.0,0.0011102105,0.0,0.0,0.022097824,0.0006386343,0.0,0.0,0.008172669,0.04181873,0.0023415668,0.009892287,0.051540595,0.047465827,0.059082963,0.027074462,0.056908917,,,0.11690153,0.13089608,0.041875523,,,
117,0.0,0.0,0.0,0.0,0.0,0.0,0.0,0.0,0.0,0.0,0.0,0.0,0.0,0.0,0.0,0.0,0.0,0.0,0.0,0.0,0.0,0.0,0.0,0.0,0.0,0.0,0.0,0.0,0.0,0.0,0.0,0.0,0.0,0.0,0.0,0.0,0.0,0.0,0.0,0.0,0.0,0.0,0.0,0.0,0.0,0.0,0.0,0.0,0.0,0.0,0.934373,0.999956,0.999934,0.999235,0.952295,0.999731,0.999099,0.9992395,0.9991685,0.90845954,0.999287,0.999815,0.999264,0.9398825,0.999977,0.996172,0.9996735,0.999858,0.999719,0.998113,0.0,0.983846,0.992151,0.0,0.0,0.0,0.0013471983,0.0124362325,0.95266175,0.99931186,0.0,0.014340875,0.8020047,0.97153395,0.9999182,0.03989842,0.73147964,0.8125638,0.9772582,0.9991138,0.5276166,0.8458944,0.8232085,0.9717345,0.9990675,0.7742006,0.6920527,0.84880257,0.99183935,0.99496937,0.0011098455,0.0034175604,0.00066235434,0.0,0.0021212373,0.0,0.0,0.0011892983,0.013978453,0.015129091,0.002536992,0.005441042,0.014129463,0.01817342,0.03175736,0.010357059,0.05248987,,,0.1377421,0.06734318,0.035333134,,,
118,0.0,0.0,0.0,0.0,0.0,0.0,0.0,0.0,0.0,0.0,0.0,0.0,0.0,0.0,0.0,0.0,0.0,0.0,0.0,0.0,0.0,0.0,0.0,0.0,0.0,0.0,0.0,0.0,0.0,0.0,0.0,0.0,0.0,0.0,0.0,0.0,0.0,0.0,0.0,0.0,0.0,0.0,0.0,0.0,0.0,0.0,0.0,0.0,0.0,0.0,0.9155843,0.88656235,0.8342904,0.95787096,0.9246805,1.0,0.9999335,1.0,0.942018,0.90716004,1.0,1.0,1.0,0.9221835,0.8573275,0.9997135,0.9988585,0.80178,0.0,0.0,0.0,0.0,0.0,0.0,0.0,0.0,0.004155748,0.009052802,0.86379707,0.8670208,0.007829195,0.0117380265,0.6151204,0.867356,0.92615974,0.5867816,0.692835,0.79629713,0.91853595,0.99941397,0.733405,0.7653009,0.78897923,0.92285126,0.999897,0.7121504,0.794888,0.9068585,0.9990837,0.99876595,0.0012101838,0.0,0.0,0.0,0.014831043,0.0,0.0,0.0017108772,0.015676351,0.081533104,0.0,0.008379129,0.019898254,0.021422561,0.14596727,0.004682889,0.051454086,,,0.06730962,0.103054985,0.06913823,,,
119,0.0,0.0,0.0,0.0,0.0,0.0,0.0,0.0,0.0,0.0,0.0,0.0,0.0,0.0,0.0,0.0,0.0,0.0,0.0,0.0,0.0,0.0,0.0,0.0,0.0,0.872544,0.8097075,0.999075,0.933718,0.793911,0.7525455,0.998702,1.0,0.901608,0.709943,0.999536,0.99905497,0.999911,0.821313,0.504955,0.996029,0.997186,0.526762,0.0,0.0,0.0,0.0,0.0,0.0,0.0,0.91326004,0.98063815,0.97718656,0.8955498,0.99968374,0.94284064,0.9302089,0.91333103,0.9994434,0.9992844,0.93674225,0.84047,0.93820226,0.93430996,0.99969167,0.88053703,0.76024574,0.9460385,0.9396402,0.9994767,0.5468186,0.847177,0.90599024,0.99972963,0.99985147,0.0,0.0046277987,0.0034423852,0.034677714,0.14719394,0.0042402796,0.022444572,0.013008046,0.17230418,0.5181663,0.012488108,0.06852037,0.12605442,0.4916162,0.77737886,0.12352679,0.6492246,0.49965435,0.9801247,0.8384777,0.7336143,0.6159786,0.75674766,0.93308026,0.98191065,0.0,0.0,0.0,0.0,0.0143901985,0.0,0.0,0.0,0.0069234916,0.06446524,0.0011568449,0.0022328116,0.009993614,0.059804484,0.067947395,0.037411023,0.11136679,,,0.09954277,0.0044942694,0.046632145,,,
120,0.0,0.0,0.0,0.0,0.0,0.0,0.0,0.0,0.0,0.0,0.0,0.0,0.0,0.0,0.0,0.0,0.0,0.0,0.0,0.0,0.0,0.0,0.0,0.0,0.0,0.5395,0.30559,0.0,0.0,0.0,0.0,0.0,0.0,0.0,0.0,0.0,0.0,0.0,0.0,0.0,0.0,0.0,0.0,0.0,0.0,0.0,0.0,0.0,0.0,0.0,0.9256409,0.94085187,0.8819728,0.99925065,0.9994776,0.94772923,0.99947673,0.9999525,0.9990643,0.999184,0.9991097,0.9997727,0.999779,0.99952835,0.99949265,0.8759481,0.99951506,0.99963397,0.9993744,0.999216,0.9773525,0.87389827,0.664708,0.98685646,0.999866,0.0,0.004989542,0.009898448,0.94280803,0.95376635,0.002487647,0.012524269,0.7323789,0.9377951,0.9230763,0.058871076,0.82596445,0.79816717,0.94256365,0.9986843,0.65142006,0.87431073,0.9072176,0.9125662,0.802966,0.65150785,0.64982593,0.9017308,0.8805401,0.998303,0.0,0.0,0.00055854686,0.0018835264,0.04894507,0.0,0.0,0.0,0.009813546,0.075076744,0.0010307266,0.0,0.008441663,0.041751076,0.088715024,0.05091476,0.0845092,,,0.064895734,0.043654755,0.100463875,,,
121,0.0,0.0,0.0,0.0,0.0,0.0,0.0,0.0,0.0,0.0,0.0,0.0,0.0,0.0,0.0,0.0,0.0,0.0,0.0,0.0,0.0,0.0,0.0,0.0,0.0,0.0,0.0,0.0,0.0,0.0,0.0,0.0,0.0,0.0,0.0,0.0,0.0,0.0,0.0,0.0,0.0,0.0,0.0,0.0,0.0,0.0,0.0,0.0,0.0,0.0,0.7572414,0.9296135,0.92132604,0.999228,1.0,0.8575027,0.9117687,0.9199478,0.999473,0.97977865,0.7745235,0.9146955,0.92444175,0.99588865,0.9995135,0.999968,0.9357565,0.96952766,0.999666,0.9996005,0.805742,0.387899,0.9991135,0.0,0.831843,0.0,0.0036284751,0.010677843,0.9703311,0.932276,0.0018280926,0.00292325,0.7978002,0.9654388,0.90033597,0.021158794,0.1542439,0.79719335,0.9962405,0.998306,0.51648194,0.8392144,0.9130587,0.88254,0.9999727,0.50184983,0.80152845,0.9188585,0.95102024,0.9999995,0.0,0.0,0.0,0.001742965,0.018213846,0.00041245524,0.0,0.0,0.050853427,0.026576858,0.0011113411,0.001826223,0.023567356,0.108681105,0.065637015,0.026328694,0.082427286,,,0.13354798,0.22274165,0.017437221,,,
122,0.0,0.0,0.0,0.0,0.0,0.0,0.0,0.0,0.0,0.0,0.0,0.0,0.0,0.0,0.0,0.0,0.0,0.0,0.0,0.0,0.0,0.0,0.0,0.0,0.0,0.0,0.0,0.0,0.0,0.0,0.0,0.0,0.0,0.0,0.0,0.0,0.0,0.0,0.0,0.0,0.0,0.0,0.0,0.0,0.0,0.0,0.0,0.0,0.0,0.0,0.8905967,0.85854703,0.9136795,0.8828306,0.998774,0.86241454,0.87146676,0.8852567,0.99891603,0.9989635,0.8814847,0.99894845,0.99950397,0.99983454,0.9997195,0.9988195,0.998976,0.998684,0.99929047,0.999311,0.99877596,0.9986645,0.999457,0.9995935,1.0,0.0,0.0069393557,0.0065283366,0.031950142,0.9715019,0.0013065776,0.008172248,0.02576474,0.87176704,0.93753326,0.014447171,0.04345345,0.7596847,0.9317232,0.99937516,0.6153604,0.7831676,0.9198226,0.97740424,0.9433383,0.59985477,0.8409625,0.9134526,0.9244164,0.99918,0.0015065441,0.0013830978,0.0,0.0,0.011647287,0.0,0.0,0.0,0.018262098,0.057955425,0.00048510078,0.0,0.008003509,0.100129925,0.106044315,0.039091393,0.09288759,,,0.12831894,0.015808336,0.08658145,,,
123,0.0,0.0,0.0,0.0,0.0,0.0,0.0,0.0,0.0,0.0,0.0,0.0,0.0,0.0,0.0,0.0,0.0,0.0,0.0,0.0,0.0,0.0,0.0,0.0,0.0,0.99962795,0.999802,0.99850047,0.9998895,0.954099,0.9996995,0.999634,1.0,0.999828,0.922953,0.423816,0.283065,0.997496,0.999454,1.0,0.149163,0.0,0.494898,0.0,0.0,0.0,0.0,0.0,0.0,0.0,0.9303981,0.8987149,0.956975,0.93057203,0.9996423,0.938967,0.9054474,0.99922407,0.998991,0.9990064,0.946838,0.99961805,0.99953,0.9994644,0.99906534,0.99983263,0.99995804,0.9980867,0.9990913,0.99919,0.998358,0.94191647,1.0,0.9995295,0.99930596,0.0,0.001189395,0.010093676,0.16802399,0.96245545,0.008315757,0.008292472,0.08380526,0.73195344,0.97624636,0.08376623,0.6390377,0.8331187,0.96544486,0.96898544,0.17235543,0.3876188,0.96492136,0.99810904,0.79946846,0.092971705,0.030938724,0.85656726,0.98937476,0.74012357,0.0,0.0,0.0,0.0006116667,0.020659568,0.0,0.0,0.0006204667,0.014304389,0.044428527,0.0006773465,0.0069539174,0.03408027,0.008372913,0.079633616,0.08718224,0.082364,,,0.09234937,0.08653226,0.0039667934,,,
124,0.0,0.0,0.0,0.0,0.0,0.0,0.0,0.0,0.0,0.0,0.0,0.0,0.0,0.0,0.0,0.0,0.0,0.0,0.0,0.0,0.0,0.0,0.0,0.0,0.0,0.0,0.0,0.0,0.0,0.0,0.0,0.0,0.0,0.0,0.0,0.0,0.0,0.0,0.0,0.0,0.0,0.0,0.0,0.0,0.0,0.0,0.0,0.0,0.0,0.0,0.9157964,0.9855227,0.93921036,0.99934196,0.99956,0.93983066,0.9090497,0.9993195,0.9990335,0.99943,0.99966145,0.9991275,0.9986945,0.9982885,0.976037,0.9996645,1.0,0.99999547,0.999595,0.999761,0.99761,0.997185,0.996958,0.994525,0.997094,0.0,0.003173567,0.009964769,0.96403635,0.9176208,0.00064673956,0.011484411,0.7404005,0.9013273,0.95299673,0.032836713,0.6274952,0.879275,0.92405397,0.999587,0.54335594,0.7829276,0.92677116,0.955653,0.9998647,0.5148198,0.63580704,0.73941517,0.86107105,0.998933,0.0034404267,0.0032849999,0.0,0.002140593,0.015238414,0.0037395523,0.0,0.0024519667,0.022813056,0.061202012,0.0,0.0012603847,0.015022142,0.038699277,0.12207845,0.02737989,0.07970582,,,0.08395749,0.27967277,0.041273218,,,
125,0.0,0.0,0.0,0.0,0.0,0.0,0.0,0.0,0.0,0.0,0.0,0.0,0.0,0.0,0.0,0.0,0.0,0.0,0.0,0.0,0.0,0.0,0.0,0.0,0.0,0.0,0.0,0.0,0.0,0.0,0.0,0.0,0.0,0.0,0.0,0.0,0.0,0.0,0.0,0.0,0.0,0.0,0.0,0.0,0.0,0.0,0.0,0.0,0.0,0.0,0.92239165,0.9882247,0.883888,0.9994515,0.9981675,0.9117087,0.999676,0.9991665,0.954879,0.99954104,0.999447,0.9993365,0.999913,0.9990225,0.9994335,0.998014,1.0,0.9998205,0.999008,0.998749,0.999552,1.0,0.628346,0.0,0.0,0.0,0.010797715,0.0025850662,0.15904799,0.8890548,0.0058369422,0.0092108315,0.11573607,0.8048851,0.9651387,0.12088029,0.027492162,0.72885704,0.8536663,0.98780143,0.97571504,0.9240873,0.9258943,0.929143,0.781744,0.4788454,0.8304915,0.79555076,0.92635214,0.9995345,0.0,0.0,0.0,0.0010772194,0.023675404,0.0,0.0,0.0,0.004476238,0.029461354,0.0,0.005338508,0.03622025,0.02365236,0.08280974,0.017269742,0.10643798,,,0.1922474,0.056179874,0.11093782,,,
126,0.0,0.0,0.0,0.0,0.0,0.0,0.0,0.0,0.0,0.0,0.0,0.0,0.0,0.0,0.0,0.0,0.0,0.0,0.0,0.0,0.0,0.0,0.0,0.0,0.0,0.0,0.0,0.0,0.0,0.0,0.0,0.0,0.0,0.0,0.0,0.0,0.0,0.0,0.0,0.0,0.0,0.0,0.0,0.0,0.0,0.0,0.0,0.0,0.0,0.0,0.95221144,0.951074,0.91837275,0.999894,0.9991636,0.9071853,0.87866324,0.9988806,0.99964607,0.9992277,0.9994505,0.999699,0.99965096,0.999462,0.99978673,0.998419,0.999546,0.9979563,0.99913836,0.9971045,0.99588954,0.9995025,0.99784505,0.585057,0.0,0.0,0.0030298918,0.051034622,0.11776333,0.9255677,0.0030682187,0.010080549,0.030423123,0.9270336,0.9565632,0.026449317,0.021744303,0.4713036,0.8092823,0.9585215,0.63686913,0.838898,0.914973,0.9803158,0.999266,0.69983083,0.62580246,0.8997371,0.95091116,1.0,0.0,0.0,0.0009404252,0.003100607,0.0060853763,0.0,0.0,0.0,0.010298009,0.071523115,0.0,0.0,0.0247543,0.061098456,0.046245903,0.009741975,0.14731613,,,0.0940107,0.12153163,0.047841482,,,
127,0.0,0.0,0.0,0.0,0.0,0.0,0.0,0.0,0.0,0.0,0.0,0.0,0.0,0.0,0.0,0.0,0.0,0.0,0.0,0.0,0.0,0.0,0.0,0.0,0.0,0.0,0.0,0.0,0.0,0.0,0.0,0.0,0.0,0.0,0.0,0.0,0.0,0.0,0.0,0.0,0.0,0.0,0.0,0.0,0.0,0.0,0.0,0.0,0.0,0.0,0.86418337,0.96707964,0.9201714,0.99985397,1.0,0.9270343,0.895403,0.999919,1.0,0.999804,1.0,1.0,1.0,1.0,0.9991585,0.999287,1.0,1.0,0.9893825,0.91846204,0.998578,0.9896555,0.879256,0.0,0.0,0.0,0.0026045549,0.006505402,0.73792934,0.90856516,0.0044486555,0.0071400637,0.6843028,0.89043033,0.9154215,0.01225307,0.76145303,0.8508808,0.89224017,0.923045,0.9151124,0.90038145,0.8411048,0.8949148,0.999691,0.86693496,0.73715943,0.87300855,0.9165066,0.9997506,0.0014184962,0.0005234621,0.0,0.0,0.0052740104,0.00070064183,0.0,0.0,0.0075467476,0.0592282,0.0,0.0008770084,0.072008915,0.09537103,0.2022404,0.0116685135,0.013498085,,,0.036632884,0.06323431,0.07679115,,,
