achB,0.01333,0.01333,0.01333,0.01333,0.01333,0.01333,0.01333,0.01333,0.01333,0.01333,0.01333,0.01333,0.01333,0.01333,0.01333,0.01333,0.01333,0.01333,0.01333,0.01333,0.01333,0.01333,0.01333,0.01333,0.01333,0.02,0.02,0.02,0.02,0.02,0.02,0.02,0.02,0.02,0.02,0.02,0.02,0.02,0.02,0.02,0.02,0.02,0.02,0.02,0.02,0.02,0.02,0.02,0.02,0.02,0.03,0.03,0.03,0.03,0.03,0.03,0.03,0.03,0.03,0.03,0.03,0.03,0.03,0.03,0.03,0.03,0.03,0.03,0.03,0.03,0.03,0.03,0.03,0.03,0.03,0.045,0.045,0.045,0.045,0.045,0.045,0.045,0.045,0.045,0.045,0.045,0.045,0.045,0.045,0.045,0.045,0.045,0.045,0.045,0.045,0.045,0.045,0.045,0.045,0.045,0.0675,0.0675,0.0675,0.0675,0.0675,0.0675,0.0675,0.0675,0.0675,0.0675,0.0675,0.0675,0.0675,0.0675,0.0675,0.0675,0.0675,0.0675,0.0675,0.0675,0.0675,0.0675,0.0675,0.0675,0.0675
gabaB,0.01333,0.01333,0.01333,0.01333,0.01333,0.02,0.02,0.02,0.02,0.02,0.03,0.03,0.03,0.03,0.03,0.045,0.045,0.045,0.045,0.045,0.0675,0.0675,0.0675,0.0675,0.0675,0.01333,0.01333,0.01333,0.01333,0.01333,0.02,0.02,0.02,0.02,0.02,0.03,0.03,0.03,0.03,0.03,0.045,0.045,0.045,0.045,0.045,0.0675,0.0675,0.0675,0.0675,0.0675,0.01333,0.01333,0.01333,0.01333,0.01333,0.02,0.02,0.02,0.02,0.02,0.03,0.03,0.03,0.03,0.03,0.045,0.045,0.045,0.045,0.045,0.0675,0.0675,0.0675,0.0675,0.0675,0.01333,0.01333,0.01333,0.01333,0.01333,0.02,0.02,0.02,0.02,0.02,0.03,0.03,0.03,0.03,0.03,0.045,0.045,0.045,0.045,0.045,0.0675,0.0675,0.0675,0.0675,0.0675,0.01333,0.01333,0.01333,0.01333,0.01333,0.02,0.02,0.02,0.02,0.02,0.03,0.03,0.03,0.03,0.03,0.045,0.045,0.045,0.045,0.045,0.0675,0.0675,0.0675,0.0675,0.0675
gluB,0.01333,0.02,0.03,0.045,0.0675,0.01333,0.02,0.03,0.045,0.0675,0.01333,0.02,0.03,0.045,0.0675,0.01333,0.02,0.03,0.045,0.0675,0.01333,0.02,0.03,0.045,0.0675,0.01333,0.02,0.03,0.045,0.0675,0.01333,0.02,0.03,0.045,0.0675,0.01333,0.02,0.03,0.045,0.0675,0.01333,0.02,0.03,0.045,0.0675,0.01333,0.02,0.03,0.045,0.0675,0.01333,0.02,0.03,0.045,0.0675,0.01333,0.02,0.03,0.045,0.0675,0.01333,0.02,0.03,0.045,0.0675,0.01333,0.02,0.03,0.045,0.0675,0.01333,0.02,0.03,0.045,0.0675,0.01333,0.02,0.03,0.045,0.0675,0.01333,0.02,0.03,0.045,0.0675,0.01333,0.02,0.03,0.045,0.0675,0.01333,0.02,0.03,0.045,0.0675,0.01333,0.02,0.03,0.045,0.0675,0.01333,0.02,0.03,0.045,0.0675,0.01333,0.02,0.03,0.045,0.0675,0.01333,0.02,0.03,0.045,0.0675,0.01333,0.02,0.03,0.045,0.0675,0.01333,0.02,0.03,0.045,0.0675
0,0.0,0.0,0.0,0.0,0.0,0.0,0.0,0.0,0.0,0.0,0.0,0.0,0.0,0.0,0.0,0.0,0.0,0.0,0.0,0.0,0.0,0.0,0.0,0.0,0.0,0.0,0.0,0.0,0.0,0.0,0.0,0.0,0.0,0.0,0.0,0.0,0.0,0.0,0.0,0.0,0.0,0.0,0.0,0.0,0.0,0.0,0.0,0.0,0.0,0.0,0.6335367,0.88912505,0.99978197,0.999969,0.9997705,1.0,1.0,1.0,1.0,0.99939597,0.9997245,1.0,0.999941,1.0,1.0,0.9993175,1.0,1.0,0.99985397,0.9453855,0.9981855,0.995996,0.98710954,0.999052,0.0,0.0,0.0006242644,0.0051050084,0.031956337,0.9997513,0.006705356,0.009663693,0.56558603,0.82402515,0.9994787,0.031974446,0.65084964,0.5843069,0.87059736,0.9100462,0.7193977,0.72255963,0.8504128,0.88664305,0.9989114,0.69794685,0.7530615,0.8234347,0.89677924,0.99812,0.0,0.0,0.0,0.0,0.0067405211739242,0.0,0.0,0.0,0.032043881714344,0.00554557,0.001051140599884,0.0,0.0232126489281654,0.023211233317852,0.0856682360172271,0.014464548,0.1078301966190338,0.0733590424060821,0.0631213933229446,0.3718501925468445,0.2132455259561538,0.106398768723011,0.0831250622868537,0.7006949186325073,0.7612040638923645
1,0.0,0.0,0.0,0.0,0.0,0.0,0.0,0.0,0.0,0.0,0.0,0.0,0.0,0.0,0.0,0.0,0.0,0.0,0.0,0.0,0.0,0.0,0.0,0.0,0.0,0.0,0.0,0.0,0.0,0.0,0.0,0.0,0.0,0.0,0.0,0.0,0.0,0.0,0.0,0.0,0.0,0.0,0.0,0.0,0.0,0.0,0.0,0.0,0.0,0.0,0.9074834,0.8684804,0.8623872,0.9194075,0.99715066,0.88149875,0.93543,0.89355576,0.9998987,0.99936306,0.8948326,0.85966337,0.99960303,0.9998354,0.999125,0.9997885,0.9992705,0.9997375,0.999185,0.99951303,0.999958,0.9984665,0.7010855,0.998837,0.9105767,0.0,0.0010279244,0.0072667478,0.11830121,0.96136117,0.01069406,0.0014716133,0.31519488,0.93808335,0.90998816,0.011067112,0.26403657,0.8637396,0.80894417,0.92791194,0.5040867,0.8645545,0.87475204,0.8237333,0.9087829,0.6540267,0.6463944,0.6859197,0.72674316,0.7252045,0.0,0.0,0.0,0.0048275706358253,0.0,0.0,0.0,0.0,0.0,0.028820662,0.0,0.0015813017,0.0189851094037294,0.0475177466869354,0.1029809862375259,0.03145092,0.0404899977147579,0.0694564878940582,0.1064834296703338,0.09839542210102081,0.077855609357357,0.0360684394836425,0.2093396633863449,0.0484757497906684,0.0373808145523071
2,0.0,0.0,0.0,0.0,0.0,0.0,0.0,0.0,0.0,0.0,0.0,0.0,0.0,0.0,0.0,0.0,0.0,0.0,0.0,0.0,0.0,0.0,0.0,0.0,0.0,0.0,0.0,0.0,0.0,0.0,0.0,0.0,0.0,0.0,0.0,0.0,0.0,0.0,0.0,0.0,0.0,0.0,0.0,0.0,0.0,0.0,0.0,0.0,0.0,0.0,0.82416326,0.7465339,0.9254817,0.8543581,1.0,0.869172,0.9056623,1.0,0.98364496,0.951706,1.0,0.99982405,0.950661,0.9168275,0.8973515,0.9999715,0.9084385,0.8665495,0.86349404,0.865121,0.8025005,0.7685425,0.7968935,0.81886053,0.7995745,0.0,0.0027746102,0.0092228465,0.021152709,0.9243343,0.006286271,0.011494736,0.034021646,0.7604613,0.8835454,0.013617154,0.006991451,0.58437526,0.8859934,0.86145604,0.50469446,0.56646967,0.80014503,0.85571283,0.89984125,0.51931566,0.7084538,0.8157832,0.8162158,0.9488,0.0006915588,0.0,0.0,0.0,0.0027256738394498,0.0,0.00042178293,0.0005888083833269,0.0063712340779602,0.03921622,0.0,0.0010831418,0.0183286275714635,0.0666777715086937,0.0703413262963295,0.047550373,0.1578961163759231,0.0811105296015739,0.0913996547460556,0.07140213996171951,0.029719028621912,0.1152622029185295,0.0882742702960968,0.0434370562434196,0.2422449290752411
3,0.0,0.0,0.0,0.0,0.0,0.0,0.0,0.0,0.0,0.0,0.0,0.0,0.0,0.0,0.0,0.0,0.0,0.0,0.0,0.0,0.0,0.0,0.0,0.0,0.0,0.0,0.0,0.0,0.0,0.0,0.0,0.0,0.0,0.0,0.0,0.0,0.0,0.0,0.0,0.0,0.0,0.0,0.0,0.0,0.0,0.0,0.0,0.0,0.0,0.0,0.7159807,0.98838603,0.9995715,0.999512,0.9995495,0.92834634,0.99922097,0.9998065,0.999705,0.999403,0.999776,0.99882746,0.999413,0.999555,0.9993025,0.999015,0.999168,0.999518,0.999211,0.998216,0.77594,0.9707585,0.9995935,0.979818,0.0,0.0,0.0030192712,0.00075396296,0.752241,0.91210985,0.0018716526,0.008862734,0.11193718,0.77466536,0.95291823,0.012291932,0.6540323,0.72502434,0.96984965,0.9661697,0.18001105,0.61894953,0.8412839,0.99348944,0.83051324,0.7420289,0.624875,0.7514491,0.9624138,0.66404,0.0,0.0,0.0004684762097895,0.0,0.0043656770139932,0.0009459329,0.0,0.0,0.0022652200423181,0.07065967,0.0008146172040142,0.0032390084,0.0169770177453756,0.028069956228137,0.0862854644656181,0.018483141,0.0449435114860534,0.065587967634201,0.0668538436293602,0.08444271236658096,0.0387923084199428,0.0679184645414352,0.1545805484056472,0.0434523448348045,0.0439035519957542
4,0.0,0.0,0.0,0.0,0.0,0.0,0.0,0.0,0.0,0.0,0.0,0.0,0.0,0.0,0.0,0.0,0.0,0.0,0.0,0.0,0.0,0.0,0.0,0.0,0.0,0.0,0.0,0.0,0.0,0.0,0.0,0.0,0.0,0.0,0.0,0.0,0.0,0.0,0.0,0.0,0.0,0.0,0.0,0.0,0.0,0.0,0.0,0.0,0.0,0.0,0.90897036,0.95704114,0.94036055,0.999381,0.9993067,0.9279584,0.9996305,0.99882233,0.99916375,0.9995767,0.90123695,0.9988364,0.99951833,0.99944735,0.999954,0.9992865,0.9678387,0.999906,0.9998027,0.99996966,0.98257303,0.75908446,0.9893014,0.97578734,0.9990995,0.0,0.00078035594,0.006433553,0.9735713,0.9930359,0.006851465,0.0031295756,0.6224029,0.9642701,0.99906904,0.08191583,0.908689,0.98118365,0.987319,0.9995608,0.87108105,0.96855915,0.98400736,0.9892564,0.9838795,0.6674256,0.9204507,0.9640043,0.95396084,0.7921202,0.0,0.0,0.0,0.0005804414395242,0.0146683268249034,0.0,0.0,0.0,0.005519884172827,0.087636195,0.0,0.0033094531,0.0073334854096174,0.0299666412174701,0.1203453838825225,0.07432713,0.1457313150167465,0.1730493158102035,0.0250174738466739,0.06532479077577591,0.1887530386447906,0.1099433824419975,0.1237788423895835,0.0335656926035881,0.108581818640232
5,0.0,0.0,0.0,0.0,0.0,0.0,0.0,0.0,0.0,0.0,0.0,0.0,0.0,0.0,0.0,0.0,0.0,0.0,0.0,0.0,0.0,0.0,0.0,0.0,0.0,0.271875,0.0,0.0,0.0,0.0,0.0,0.0,0.0,0.0,0.0,0.0,0.0,0.0,0.0,0.0,0.0,0.0,0.0,0.0,0.0,0.0,0.0,0.0,0.0,0.0,0.968902,0.9298812,0.98810977,0.99951476,0.9984575,0.93295527,0.9253403,0.99918336,0.9990244,0.9995343,0.999196,0.9303593,0.99930066,0.99956197,0.999716,0.9992255,0.9986235,0.999771,0.9996333,0.6475577,0.97902,0.9716345,0.8820407,0.585914,0.995984,0.0,0.0004895167,0.00754426,0.113750584,0.8189097,0.00795881,0.0153437685,0.09077763,0.83895415,0.904549,0.13893786,0.080239296,0.796735,0.9787027,0.9246224,0.24207506,0.62435526,0.95842326,0.99554473,0.98932123,0.39225468,0.5283033,0.90914947,0.9820394,0.8619755,0.0,0.0,0.0,0.0007096173358149,0.0334027186036109,0.0,0.0,0.0,0.0009135833824984,0.028130317,0.0003152499848511,0.0025976978,0.0148891443386673,0.0268623046576976,0.1062610521912574,0.02705288,0.0764293745160102,0.0711099132895469,0.0657169669866561,0.11436416953802109,0.0468514002859592,0.0151676423847675,0.1060588955879211,0.0246931705623865,0.0839458703994751
6,0.0,0.0,0.0,0.0,0.0,0.0,0.0,0.0,0.0,0.0,0.0,0.0,0.0,0.0,0.0,0.0,0.0,0.0,0.0,0.0,0.0,0.0,0.0,0.0,0.0,0.0,0.0,0.0,0.0,0.0,0.0,0.0,0.0,0.0,0.0,0.0,0.0,0.0,0.0,0.0,0.0,0.0,0.0,0.0,0.0,0.0,0.0,0.0,0.0,0.0,0.82757777,0.9932663,0.91883266,0.99935806,0.96882033,0.9689314,0.91759574,0.99975,0.99886966,0.9996455,0.999534,0.9998075,0.99928904,0.99865335,0.999812,0.999308,0.99928904,0.999911,0.998618,0.99975,0.99969196,0.999292,0.999791,0.99707,0.0,0.0,0.0049320743,0.0051435316,0.9528336,0.9967379,0.0052522416,0.010328738,0.107482165,0.8120597,0.99950224,0.0047385264,0.022990543,0.923458,0.9515025,0.9986055,0.62410796,0.9066731,0.840166,0.9289078,0.9985465,0.7011112,0.63928056,0.8470958,0.99979174,0.9967124,0.0,0.0,0.0,0.0,0.0163365695625543,0.0,0.0,0.0,0.0014380648499354,0.032151163,0.0034793149679899,0.005460244,0.0116384681314229,0.0892137512564659,0.080769196152687,0.00529891,0.0433786064386367,0.1727898120880127,0.0958041921257972,0.03032815456390381,0.0156116625294089,0.1138976737856864,0.0826660543680191,0.0493511706590652,0.0260230433195829
7,0.0,0.0,0.0,0.0,0.0,0.0,0.0,0.0,0.0,0.0,0.0,0.0,0.0,0.0,0.0,0.0,0.0,0.0,0.0,0.0,0.0,0.0,0.0,0.0,0.0,0.0,0.832178,0.851445,0.98044,0.0,0.0,0.0,0.0,0.0,0.0,0.0,0.0,0.0,0.0,0.0,0.0,0.0,0.0,0.0,0.0,0.0,0.0,0.0,0.0,0.0,0.9681615,0.89743865,0.9697187,0.9998225,0.9996305,0.9592273,0.92861503,0.99969053,0.97366667,1.0,0.999035,0.9989745,0.99997854,0.9997327,0.99922204,0.99998903,0.9989555,0.9995725,0.984184,1.0,0.998484,0.998387,0.99988997,0.93713135,0.999803,0.0,0.0021215798,0.0038245001,0.116416715,0.8808201,0.0064506335,0.012001521,0.12310887,0.90372616,0.99917525,0.098091155,0.022603799,0.71255505,0.9919488,0.9981047,0.8708259,0.7868857,0.8738611,0.99967194,0.999536,0.69929475,0.84569156,0.8026142,0.8777445,0.7480265,0.00076888973,0.0,0.0,0.0,0.0091125946491956,0.0004133657,0.0,0.0,0.0170926600694656,0.03657804,0.0005936000379733,0.009428298,0.0050679915584623,0.10520850867033,0.0803098008036613,0.004384991,0.01365886349231,0.105531133711338,0.0628786012530326,0.059393253177404404,0.0042084236629307,0.0958524942398071,0.06328646838665,0.07928017526865,0.0559914298355579
8,0.0,0.0,0.0,0.0,0.0,0.0,0.0,0.0,0.0,0.0,0.0,0.0,0.0,0.0,0.0,0.0,0.0,0.0,0.0,0.0,0.0,0.0,0.0,0.0,0.0,1.0,0.86381197,0.199651,0.0,0.0,0.0,0.0,0.0,0.0,0.0,0.0,0.0,0.0,0.0,0.0,0.0,0.0,0.0,0.0,0.0,0.0,0.0,0.0,0.0,0.0,0.9770745,0.9391133,0.95372117,0.90369606,0.99984896,0.9043328,0.8993067,0.9479,0.9247895,0.999021,0.99957,0.90088403,0.9521415,0.94047725,0.99893665,0.9991025,0.912838,0.9122795,0.99860334,0.99958,0.836868,0.8911073,0.9397873,0.911447,0.999894,0.0,0.0056764707,0.022701494,0.18314302,0.99117947,0.0044143763,0.00444033,0.08207675,0.9585224,0.98792046,0.00033440624,0.60249853,0.82367736,0.98109645,0.99816096,0.23603755,0.49744928,0.8990765,0.99958915,0.99899703,0.5109268,0.5321884,0.8308329,0.97410697,0.9645415,0.0,0.0,0.002013677265495,0.0,0.0697593390941619,0.0,0.000589062,0.0,0.0049997428432106,0.11474449,0.001298913382925,0.0,0.004185392986983,0.0480224713683128,0.0508643463253974,0.01721639,0.0513041354715824,0.0214318577200174,0.0577508173882961,0.06774917989969254,0.0233180653303861,0.0392675213515758,0.0981432572007179,0.0256399661302566,0.0708492323756218
9,0.0,0.0,0.0,0.0,0.0,0.0,0.0,0.0,0.0,0.0,0.0,0.0,0.0,0.0,0.0,0.0,0.0,0.0,0.0,0.0,0.0,0.0,0.0,0.0,0.0,0.0,0.0,0.0,0.0,0.0,0.0,0.0,0.0,0.0,0.0,0.0,0.0,0.0,0.0,0.0,0.0,0.0,0.0,0.0,0.0,0.0,0.0,0.0,0.0,0.0,0.8957618,0.8689103,0.99551904,0.9579797,0.8884735,0.99959147,0.9999985,0.98183095,0.9169375,0.8269825,0.9996095,0.987435,0.9698595,0.77276254,1.0,0.948274,0.9556745,0.99606997,0.0,0.0,0.251612,0.0,0.0,0.018156,0.0,0.0,0.0048612417,0.01004799,0.65719974,0.9988273,0.010600334,0.0072504203,0.73731285,0.8489317,0.9989517,0.002114563,0.7788936,0.7971885,0.948845,0.99931335,0.8215864,0.76897186,0.9175084,0.92960906,0.9975733,0.5177877,0.66835624,0.85437286,0.9901497,0.9967215,0.0,0.0,0.0,0.0,0.0122429495677351,0.0,0.0,0.0,0.0066766967065632,0.09090574,0.0018331250175833,0.0020308362,0.0467459447681903,0.0814974159002304,0.1615379750728607,0.03143839,0.0446216762065887,0.1245502382516861,0.0583091638982296,0.09453792124986649,0.0468878634274005,0.0887365341186523,0.0216807518154382,0.0373890101909637,0.0781932175159454
10,0.0,0.0,0.0,0.0,0.0,0.0,0.0,0.0,0.0,0.0,0.0,0.0,0.0,0.0,0.0,0.0,0.0,0.0,0.0,0.0,0.0,0.0,0.0,0.0,0.0,0.0,0.0,0.0,0.0,0.0,0.0,0.0,0.0,0.0,0.0,0.0,0.0,0.0,0.0,0.0,0.0,0.0,0.0,0.0,0.0,0.0,0.0,0.0,0.0,0.0,0.97236836,0.8689387,0.90200263,0.999043,0.99923754,0.83334017,0.8529615,0.9999013,0.9997003,0.99932235,0.999328,0.95294374,0.9996113,0.9996977,0.9993713,0.999292,0.85709,0.9253262,0.99802065,0.921895,0.92789054,0.861835,0.9156915,0.9727997,0.882683,0.0,0.0015092584,0.0055775046,0.12259769,0.7356446,0.005908538,0.0005709449,0.13223475,0.97090477,0.93199015,0.006215298,0.091968775,0.6363435,0.94495153,0.94647264,0.63082594,0.7766777,0.9300315,0.9853878,0.9644352,0.5401948,0.6844581,0.93041146,0.9300632,0.9408325,0.0,0.0,0.0,0.0,0.0073268767446279,0.0043111807,0.0,0.0,0.0112210847437381,0.03103928,0.0,0.006790554,0.026609044522047,0.0173400305211544,0.0878706574440002,0.030320503,0.0477359108626842,0.0263753291219472,0.081316739320755,0.02745651826262474,0.1738165318965912,0.1249314695596695,0.1034675613045692,0.1146816834807396,0.0601190663874149
11,0.0,0.0,0.0,0.0,0.0,0.0,0.0,0.0,0.0,0.0,0.0,0.0,0.0,0.0,0.0,0.0,0.0,0.0,0.0,0.0,0.0,0.0,0.0,0.0,0.0,0.246414,0.0,0.0,0.0,0.0,0.0,0.0,0.0,0.0,0.0,0.0,0.0,0.0,0.0,0.0,0.0,0.0,0.0,0.0,0.0,0.0,0.0,0.0,0.0,0.0,0.9809847,0.93695253,0.93320674,0.99354976,0.96059835,0.9439047,0.9394928,0.99968374,0.9388438,0.93493766,0.94562805,0.99998325,0.9989947,0.93217367,0.9990525,0.998883,0.9344078,0.665573,0.99967146,0.9995805,0.7743163,0.99374354,0.9703735,0.0,0.0,0.0,0.007087368,0.0018442599,0.9027836,0.988767,0.011539874,0.011256695,0.89889145,0.9795979,0.9973386,0.03211405,0.85853463,0.810639,0.80558634,0.9991867,0.65235835,0.8657151,0.87841237,0.781238,0.9404623,0.51312256,0.8707227,0.87820363,0.99203146,0.995934,0.0,0.0,0.0,0.0,0.0046764682047069,0.0,0.0,0.0010221870616078,0.0738842412829399,0.078086466,0.0011194723192602,0.0,0.012616466730833,0.099155955016613,0.0515929460525512,0.04202102,0.022239863872528,0.0869196355342865,0.1965978145599365,0.1053866297006607,0.029345691204071,0.0449013300240039,0.0398373939096927,0.1305342465639114,0.0427738800644874
12,0.0,0.0,0.0,0.0,0.0,0.0,0.0,0.0,0.0,0.0,0.0,0.0,0.0,0.0,0.0,0.0,0.0,0.0,0.0,0.0,0.0,0.0,0.0,0.0,0.0,1.0,0.999658,0.999908,0.999618,0.9462335,1.0,0.999962,0.999919,0.914052,0.84983253,0.202922,0.982756,1.0,0.998376,0.995138,0.425877,0.0,0.401877,0.0,0.0,0.0,0.0,0.0,0.0,0.0,0.96514714,0.9471216,0.9995484,0.9998247,0.999501,0.9663743,0.8792683,0.99957436,0.9991584,0.9994797,0.999431,0.98049134,0.999268,0.9987547,0.9996544,0.9994487,0.999767,0.9997553,0.99908036,0.99933267,0.99765766,0.76022136,0.9997927,1.0,0.99993837,0.0,0.005098066,0.0064382767,0.88268507,0.99967694,0.004388391,0.00843413,0.8101461,0.93782914,0.99905187,0.005827804,0.40871415,0.6858199,0.99187577,0.9993332,0.06251027,0.5635213,0.96757364,0.876843,0.9989042,0.7774447,0.6855553,0.7788096,0.84042174,0.7400915,0.0,0.0,0.0,0.0,0.0018381136469542,0.0,0.0,0.0012264066608622,0.0022149514406919,0.18287894,0.0,0.002805466,0.0204373337328434,0.0142367305234074,0.0583326332271099,0.019454109,0.1361829936504364,0.0275327302515506,0.0918203592300415,0.15188553929328918,0.13495934009552,0.0661640539765358,0.1518195420503616,0.0852936208248138,0.042218055576086
13,0.0,0.0,0.0,0.0,0.0,0.0,0.0,0.0,0.0,0.0,0.0,0.0,0.0,0.0,0.0,0.0,0.0,0.0,0.0,0.0,0.0,0.0,0.0,0.0,0.0,0.0,0.0,0.0,0.0,0.0,0.0,0.0,0.0,0.0,0.0,0.0,0.0,0.0,0.0,0.0,0.0,0.0,0.0,0.0,0.0,0.0,0.0,0.0,0.0,0.0,0.9576887,0.8488585,0.9999505,0.99921954,0.99930096,0.907552,0.999974,0.99987,0.999914,0.99991655,0.9997135,0.999651,0.9994585,0.99944746,0.9997535,0.999472,0.9963875,0.999983,0.9904835,0.853653,0.978292,0.945711,0.0,0.0,0.0,0.0,0.0037710252,0.0042182268,0.92565805,0.8831035,0.0033913618,0.011717991,0.87833416,0.8968793,0.99348307,0.1163043,0.82230586,0.8801786,0.9837609,0.97601616,0.66307855,0.8929434,0.96603316,0.9953952,0.993102,0.4949265,0.85850036,0.9354646,0.96277183,0.99688196,0.00046036032,0.0,0.0,0.0013091770233586,0.0122125055640935,0.0,0.0,0.0008277833694592,0.0022399907466024,0.030231295,0.0,0.009437451,0.0086089372634887,0.0851175710558891,0.0842100977897644,0.032067835,0.1305220425128936,0.0576500445604324,0.2072368711233139,0.036450307816267014,0.0520646274089813,0.0340582504868507,0.0853620395064354,0.0640481635928154,0.0432124473154544
14,0.0,0.0,0.0,0.0,0.0,0.0,0.0,0.0,0.0,0.0,0.0,0.0,0.0,0.0,0.0,0.0,0.0,0.0,0.0,0.0,0.0,0.0,0.0,0.0,0.0,0.0,0.0,0.0,0.0,0.0,0.0,0.0,0.0,0.0,0.0,0.0,0.0,0.0,0.0,0.0,0.0,0.0,0.0,0.0,0.0,0.0,0.0,0.0,0.0,0.0,0.90602493,0.92753,0.9066578,0.9999113,0.9998274,0.9039728,0.95592624,0.99971,0.99994534,0.999824,0.999497,0.99888104,0.91448975,0.9996034,0.99948066,0.9994875,0.9080148,0.9989017,0.9998864,0.9670374,0.9997605,0.99899197,0.9996855,0.99232197,0.0,0.0,0.004754133,0.006726348,0.10036475,0.98000413,0.0039674533,0.0063826814,0.1079166,0.85062575,0.97164786,0.023276059,0.03525279,0.89822525,0.98128223,0.9405333,0.5972344,0.88852155,0.8045694,0.99137443,0.99943006,0.6943809,0.6809883,0.8775327,0.96300423,0.99999154,0.0024536247,0.00077701506,0.0006265952833928,0.0101186167448759,0.001880683703348,0.0013898421,0.0,0.0,0.0087362919002771,0.02505258,0.0045204642228782,0.0038518189,0.0166139006614685,0.0437587164342403,0.1426900327205658,0.04637516,0.1128439307212829,0.1880930066108703,0.1359264552593231,0.07770457863807678,0.1852339953184127,0.1768856942653656,0.0976506173610687,0.1474766880273819,0.213723212480545
15,0.0,0.0,0.0,0.0,0.0,0.0,0.0,0.0,0.0,0.0,0.0,0.0,0.0,0.0,0.0,0.0,0.0,0.0,0.0,0.0,0.0,0.0,0.0,0.0,0.0,0.0,0.0,0.0,0.0,0.0,0.0,0.0,0.0,0.0,0.0,0.0,0.0,0.0,0.0,0.0,0.0,0.0,0.0,0.0,0.0,0.0,0.0,0.0,0.0,0.0,0.91277206,0.844469,0.9538367,0.9998735,0.99948454,0.9576744,0.931321,0.999334,1.0,1.0,0.999395,0.99979055,0.999714,0.9995835,1.0,0.99908304,0.9993275,1.0,0.999791,0.98510504,0.9995885,0.998716,0.9994515,0.993292,0.83179295,0.0,0.003980164,0.004059847,0.86784995,0.9618518,0.0015883276,0.051919743,0.678972,0.89889777,0.9266828,0.0081687905,0.074595764,0.9048247,0.8822454,0.9272333,0.6410148,0.8315513,0.7988843,0.89790785,0.930955,0.6569137,0.80067253,0.6870846,0.8879229,0.66577834,0.0,0.0,0.0,0.0029165789019316,0.0021041869185864,0.0,0.0,0.0,0.0113318962976336,0.17313285,0.0,0.0059852568,0.0034680091775953,0.0496885031461715,0.0665970593690872,0.045729674,0.0325081348419189,0.0617312863469123,0.0958635807037353,0.07705046236515045,0.0768521875143051,0.1163660287857055,0.6289750337600708,0.6207113862037659,0.2214045375585556
16,0.0,0.0,0.0,0.0,0.0,0.0,0.0,0.0,0.0,0.0,0.0,0.0,0.0,0.0,0.0,0.0,0.0,0.0,0.0,0.0,0.0,0.0,0.0,0.0,0.0,0.0,0.0,0.0,0.0,0.0,0.0,0.0,0.0,0.0,0.0,0.0,0.0,0.0,0.0,0.0,0.0,0.0,0.0,0.0,0.0,0.0,0.0,0.0,0.0,0.0,0.98511636,0.87092274,0.898112,0.999382,0.9999565,0.8771558,0.8660914,0.9998454,0.99949205,0.94723165,0.99920046,0.9998405,0.999001,0.999298,0.994337,0.996674,0.901495,0.9989235,0.9982294,0.8349315,0.79294366,0.81461036,0.9698965,0.499059,0.0,0.0,0.0,0.00031316193,0.77794665,0.9839131,0.0013677207,0.007416972,0.7308689,0.98258483,0.99639,0.11930333,0.09821236,0.89291704,0.97722685,0.99032134,0.14942142,0.5851334,0.9745807,0.9852926,0.9806753,0.6552063,0.59550995,0.7875349,0.9482095,0.9997747,0.0004894044,0.0,0.0006735158967785,0.0025575661566108,0.0,0.0,0.0,0.0,0.0479230284690856,0.027747199,0.0009385904995724,0.003301513,0.0284605845808982,0.028957325965166,0.1786610335111618,0.037713267,0.0925009176135063,0.0365834794938564,0.1003146767616272,0.08857894688844681,0.0364345870912075,0.0177520010620355,0.0185789763927459,0.0591643862426281,0.0087887402623891
17,0.0,0.0,0.0,0.0,0.0,0.0,0.0,0.0,0.0,0.0,0.0,0.0,0.0,0.0,0.0,0.0,0.0,0.0,0.0,0.0,0.0,0.0,0.0,0.0,0.0,0.987083,0.983741,0.0,0.0,0.0,0.0,0.0,0.0,0.0,0.0,0.0,0.0,0.0,0.0,0.0,0.0,0.0,0.0,0.0,0.0,0.0,0.0,0.0,0.0,0.0,0.99099463,0.90806234,0.9795927,0.9993497,0.99890935,0.9034346,0.953964,0.9660117,0.99925566,0.99921834,0.9024277,0.999437,0.9996815,0.99901235,0.86264837,0.994826,0.999603,0.999896,0.999894,0.9975755,0.999269,0.9990635,0.999094,0.9440625,0.8405415,0.0006167109,0.0043059667,0.0,0.113242716,0.925016,0.0017142413,0.0037740655,0.22453505,0.7336314,0.99426305,0.040665824,0.015429897,0.7341541,0.85931015,0.9991431,0.15210022,0.8637481,0.92932534,0.9782165,0.5690906,0.6766388,0.48569447,0.96600807,0.755958,0.995895,0.0,0.0,0.0,0.002026512986049,0.0044479183852672,0.0,0.0,0.0018613116117194,0.0060916482470929,0.046928633,0.0,0.0,0.0074847298674285,0.0471337251365184,0.0672574788331985,0.0067246035,0.0343721471726894,0.10230503231287,0.0692241564393043,0.11566297709941864,0.0193325132131576,0.0582977198064327,0.0372406877577304,0.1535132825374603,0.0405659340322017
18,0.0,0.0,0.0,0.0,0.0,0.0,0.0,0.0,0.0,0.0,0.0,0.0,0.0,0.0,0.0,0.0,0.0,0.0,0.0,0.0,0.0,0.0,0.0,0.0,0.0,0.8121375,0.594503,0.39926147,0.30430198,0.17281,0.958302,0.6976625,0.0,0.0,0.0,0.0,0.0,0.0,0.0,0.0,0.0,0.0,0.0,0.0,0.0,0.0,0.0,0.0,0.0,0.0,0.95266235,0.93079203,0.949147,0.99949133,0.999261,0.9441185,0.91336095,0.99932694,0.99931234,0.9998657,0.999942,0.998922,0.9997283,0.99956536,0.9996154,0.9990815,0.9982757,0.869146,0.99977267,0.99957967,0.999352,0.6663923,0.76895773,0.99898267,0.9989244,0.0,0.003789767,0.0046192813,0.46624902,0.9289401,0.011404539,0.017939981,0.06652376,0.7449107,0.9614865,0.0052373614,0.09759948,0.6264161,0.9568644,0.9678563,0.4572761,0.89250934,0.83572364,0.9813962,0.74822676,0.50472766,0.6272313,0.9216584,0.5880967,0.47200283,0.0016197499,0.0,0.0024551874957978,0.0,0.0,0.0,0.0,0.0,0.0037791945505887,0.048174165,0.0018699684878811,0.0049276752,0.0098865097388625,0.004471456632018,0.0520472340285778,0.023906037,0.1393314898014068,0.0599027425050735,0.213776558637619,0.05698055401444435,0.0025745525490492,0.1438407152891159,0.1452021896839141,0.0229751523584127,0.0499323830008506
19,0.0,0.0,0.0,0.0,0.0,0.0,0.0,0.0,0.0,0.0,0.0,0.0,0.0,0.0,0.0,0.0,0.0,0.0,0.0,0.0,0.0,0.0,0.0,0.0,0.0,0.87604105,0.9991855,0.99986696,0.97419,0.8917365,1.0,0.99934745,1.0,0.9556045,0.838308,0.99958396,0.99957097,0.97832954,0.9231835,0.999008,0.997673,0.999184,0.994484,0.151159,0.0,0.408407,0.0,0.0,0.0,0.0,0.93028295,0.90543807,0.9509032,0.9951062,0.9991627,0.96684873,0.97649086,0.95115644,0.99971044,0.9995413,0.95722836,0.9181299,0.92915994,0.99971473,0.99927604,0.9963692,0.9756433,0.998541,0.96698576,0.9745703,0.70336103,0.8849948,0.9605228,0.99858236,0.666117,0.0,0.0,0.0016139252,0.045527324,0.11301887,0.0018041896,0.0060134763,0.02207043,0.18387511,0.4382286,0.019787427,0.020678913,0.13677071,0.7130172,0.93770635,0.024095872,0.051347055,0.79609424,0.86883354,0.9007244,0.02100253,0.35537443,0.56514794,0.7205702,0.2841243,0.0,0.0,0.000550566939637,0.0023244514595717,0.0235289074480533,0.0,0.0,0.0,0.0042283241637051,0.009395398,0.0077596302144229,0.004403254,0.0133373877033591,0.0784397274255752,0.0804766938090324,0.0040565273,0.1407548040151596,0.1231415942311286,0.0744985416531562,0.0712059810757637,0.0638956800103187,0.108667254447937,0.1278761178255081,0.1307863146066665,0.0434415452182292
20,0.0,0.0,0.0,0.0,0.0,0.0,0.0,0.0,0.0,0.0,0.0,0.0,0.0,0.0,0.0,0.0,0.0,0.0,0.0,0.0,0.0,0.0,0.0,0.0,0.0,1.0,0.931576,0.0,0.0,0.0,0.0,0.0,0.0,0.0,0.0,0.0,0.0,0.0,0.0,0.0,0.0,0.0,0.0,0.0,0.0,0.0,0.0,0.0,0.0,0.0,0.9413483,0.94132346,0.9525695,0.9990624,0.9997644,0.94105834,0.93984824,0.99912304,0.99941003,0.999603,0.9994825,0.99958,0.99973476,0.9993957,0.998739,0.99979246,0.9990855,0.99915665,0.9993334,0.9996145,0.9966725,1.0,0.499416,0.999823,0.9941975,0.0,0.0023953884,0.00911661,0.13655995,0.9477446,0.005172593,0.0067633577,0.18201272,0.76130944,0.977834,0.010683762,0.6019015,0.70608014,0.9990878,0.4975375,0.12579642,0.65467465,0.9599839,0.9946425,0.7497097,0.34321904,0.5358979,0.746887,0.99251884,0.99809945,0.0005179632,0.0,0.0,0.0,0.0069242715835571,0.00077921647,0.0,0.0068749925121665,0.0028628571890294,0.09586482,0.003915062174201,0.004936446,0.0094090001657605,0.0685729160904884,0.1196914315223693,0.056317676,0.0347373746335506,0.0809043124318122,0.114002488553524,0.20103295147418976,0.0221119988709688,0.0586600638926029,0.0761183276772499,0.0776885971426963,0.0633474215865135
21,0.0,0.0,0.0,0.0,0.0,0.0,0.0,0.0,0.0,0.0,0.0,0.0,0.0,0.0,0.0,0.0,0.0,0.0,0.0,0.0,0.0,0.0,0.0,0.0,0.0,0.0,0.0,0.0,0.0,0.0,0.0,0.0,0.0,0.0,0.0,0.0,0.0,0.0,0.0,0.0,0.0,0.0,0.0,0.0,0.0,0.0,0.0,0.0,0.0,0.0,0.9369948,0.9856775,0.999841,0.9991624,0.9995177,0.925301,0.99949265,0.9986067,0.9994023,0.999328,0.999002,0.9998455,0.99950737,0.99938536,0.9986067,1.0,0.999711,0.996391,0.9982783,0.78626466,0.996626,0.999856,0.9533565,0.661921,0.99391097,0.0,0.002474033,0.02485718,0.12239736,0.77665186,0.0059087565,0.011485027,0.05749801,0.841505,0.99963224,0.011282741,0.021256138,0.6662082,0.9312755,0.64535177,0.07783062,0.8380214,0.88045514,0.9116147,0.6490278,0.646111,0.6936502,0.814735,0.86425626,0.999789,0.0,0.00048535602,0.0,0.0013465043157339,0.060730829834938,0.00029443702,0.00073321536,0.0007530245929956,0.0054204165935516,0.14123349,0.0010190702741965,0.0014230083,0.0071920617483556,0.060398269444704,0.119528904557228,0.09856866,0.0851693153381347,0.0995891168713569,0.0958117544651031,0.13651107251644135,0.1656001061201095,0.0634917020797729,0.0772070735692977,0.0635403171181678,0.1094388291239738
22,0.0,0.0,0.0,0.0,0.0,0.0,0.0,0.0,0.0,0.0,0.0,0.0,0.0,0.0,0.0,0.0,0.0,0.0,0.0,0.0,0.0,0.0,0.0,0.0,0.0,0.0,0.0,0.0,0.0,0.0,0.0,0.0,0.0,0.0,0.0,0.0,0.0,0.0,0.0,0.0,0.0,0.0,0.0,0.0,0.0,0.0,0.0,0.0,0.0,0.0,0.9108488,0.9618183,0.890254,0.9992705,0.999813,0.89735305,0.8678673,0.99923396,0.96172667,0.99942446,0.998881,0.99843097,0.925461,0.9640913,0.998158,0.999815,0.9988235,0.9983315,0.9992825,0.89915204,0.992644,0.3119155,0.45854098,0.0,0.0,0.0,0.0043345117,0.00092043815,0.052844454,0.957602,0.0076311436,0.0011866875,0.041258544,0.95907515,0.994345,0.008766791,0.28301635,0.8284886,0.9234029,0.9691188,0.6350782,0.85110706,0.92226374,0.9802645,0.99999607,0.5307418,0.70592415,0.8858102,0.9845923,0.999665,0.0,0.0,0.0,0.0,0.0022810625378042,0.0,0.0,0.0,0.0120769059285521,0.041834023,0.0,0.012358753,0.0140164056792855,0.0415241047739982,0.0796243697404861,0.04184462,0.1273050606250763,0.0078300293534994,0.1294549405574798,0.05017748847603798,0.1044753566384315,0.0581634044647216,0.0210425127297639,0.0457232259213924,0.0920374989509582
23,0.0,0.0,0.0,0.0,0.0,0.0,0.0,0.0,0.0,0.0,0.0,0.0,0.0,0.0,0.0,0.0,0.0,0.0,0.0,0.0,0.0,0.0,0.0,0.0,0.0,0.0,0.0,0.0,0.0,0.0,0.0,0.0,0.0,0.0,0.0,0.0,0.0,0.0,0.0,0.0,0.0,0.0,0.0,0.0,0.0,0.0,0.0,0.0,0.0,0.0,0.85561454,0.9300905,0.99991703,0.99897164,0.9993267,0.95583105,0.9997395,0.9676303,0.9993827,0.992779,1.0,0.99944854,0.99943745,0.9995987,0.89651954,0.999534,0.999981,0.998713,0.998825,0.9995,0.999734,0.9967395,0.999829,0.995301,0.0,0.0,0.00285825,0.004139654,0.9898256,0.99973977,0.009523378,0.012150309,0.69382954,0.9819715,0.99965525,0.019945793,0.6412039,0.9736937,0.98504126,0.999458,0.70410323,0.57659924,0.94813174,0.95573395,1.0,0.47750607,0.60731065,0.9475142,0.98740995,0.99840355,0.0,0.0,0.0,0.0,0.0,0.0,0.0,0.0,0.0110008604824543,0.06234398,0.0007421667687594,0.004364907,0.0148788765072822,0.0363697223365306,0.0900629162788391,0.013048109,0.014248376712203,0.0756882354617118,0.0758527964353561,0.1395375281572342,0.2483642399311065,0.1229177266359329,0.0580147728323936,0.237362802028656,0.0959438160061836
24,0.0,0.0,0.0,0.0,0.0,0.0,0.0,0.0,0.0,0.0,0.0,0.0,0.0,0.0,0.0,0.0,0.0,0.0,0.0,0.0,0.0,0.0,0.0,0.0,0.0,0.0,0.0,0.0,0.0,0.0,0.0,0.0,0.0,0.0,0.0,0.0,0.0,0.0,0.0,0.0,0.0,0.0,0.0,0.0,0.0,0.0,0.0,0.0,0.0,0.0,0.9703754,0.931915,0.999772,0.9995011,0.99853444,0.999748,0.99795806,0.9993323,0.99940467,0.998254,0.99939704,0.9485301,0.998569,0.99908495,0.9993191,0.9986795,0.99932396,0.998724,0.9986014,0.99472106,0.9996685,0.9998205,0.92774767,0.998096,0.99897,0.00086300756,0.00081110006,0.015357183,0.23084967,0.9378731,0.0034312992,0.026333643,0.5401641,0.9595286,0.9991436,0.024949767,0.70100445,0.8333685,0.963581,0.96247977,0.68893164,0.95209503,0.9733817,0.990461,0.999237,0.5216551,0.884289,0.84502006,0.9809172,0.9983834,0.0,0.0,0.0,0.0007366293575614,0.0076812366023659,0.0,0.0007608527,0.0,0.002071468392387,0.057729498,0.0019868975505232,0.0008977845,0.0226836279034614,0.0525453686714172,0.0600501149892807,0.019497616,0.0406347475945949,0.1273214221000671,0.1128840744495391,0.1251327246427536,0.0282070394605398,0.0421630553901195,0.0218373723328113,0.1894060522317886,0.0434918962419033
25,0.0,0.0,0.0,0.0,0.0,0.0,0.0,0.0,0.0,0.0,0.0,0.0,0.0,0.0,0.0,0.0,0.0,0.0,0.0,0.0,0.0,0.0,0.0,0.0,0.0,0.0,0.0,0.0,0.0,0.0,0.0,0.0,0.0,0.0,0.0,0.0,0.0,0.0,0.0,0.0,0.0,0.0,0.0,0.0,0.0,0.0,0.0,0.0,0.0,0.0,0.8986237,0.9191675,0.9200012,0.99993336,0.9824853,1.0,0.898422,0.99965703,0.999423,0.9607774,0.999529,0.9994185,0.9989237,0.9973137,0.999372,0.99920154,0.99972403,0.9981966,0.9996445,0.999884,0.146961,0.92082095,0.998846,0.6976555,0.8249495,0.0,0.0,0.0048398334,0.7007367,0.99890447,0.0060238475,0.009991164,0.70216876,0.9545704,0.9989977,0.013555689,0.48222372,0.91390204,0.952553,0.9987506,0.7993796,0.8318036,0.91345614,0.92737305,0.996454,0.697805,0.74037004,0.824347,0.87562704,0.99222505,0.0,0.0,0.0,0.00055768963648,0.0276593770831823,0.001309306,0.0,0.0006703852559439,0.0089090829715132,0.01527788,0.0007829140522517,0.0007274202,0.022935900837183,0.0519352443516254,0.1330450773239135,0.045361836,0.1361767947673797,0.0950377136468887,0.0585500858724117,0.04516257718205452,0.1367319077253341,0.0488772466778755,0.0419410020112991,0.0226885639131069,0.1195673868060112
26,0.0,0.0,0.0,0.0,0.0,0.0,0.0,0.0,0.0,0.0,0.0,0.0,0.0,0.0,0.0,0.0,0.0,0.0,0.0,0.0,0.0,0.0,0.0,0.0,0.0,0.0,0.0,0.0,0.0,0.0,0.0,0.0,0.0,0.0,0.0,0.0,0.0,0.0,0.0,0.0,0.0,0.0,0.0,0.0,0.0,0.0,0.0,0.0,0.0,0.0,0.9672495,0.90132165,0.8895603,1.0,0.9994525,0.9225077,0.9354547,1.0,0.99984646,0.9995135,0.99991345,1.0,0.99887896,0.9994745,0.99996746,0.9993595,1.0,0.9998935,0.999858,0.99985397,0.9979865,0.9996735,0.9998765,0.99886596,0.8692095,0.0,0.0056206114,0.008202037,0.2538397,0.99838215,0.014700908,0.021567741,0.075558886,0.7872638,0.9993782,0.25393638,0.04684087,0.5049693,0.97433984,0.97941744,0.8266714,0.70922697,0.96301156,0.957811,0.99960065,0.59691244,0.8039502,0.95008844,0.99936736,0.99924004,0.0,0.0,0.0,0.0,0.0244019087404012,0.0,0.0,0.0,0.0060884864069521,0.056147605,0.0007347812643274,0.0006414417,0.0171633064746856,0.084825225174427,0.047281727194786,0.09719109,0.0749960541725158,0.0766953378915786,0.0862797647714614,0.10795897990465164,0.0618533492088317,0.0751307755708694,0.1046526059508323,0.074178047478199,0.0351041629910469
27,0.0,0.0,0.0,0.0,0.0,0.0,0.0,0.0,0.0,0.0,0.0,0.0,0.0,0.0,0.0,0.0,0.0,0.0,0.0,0.0,0.0,0.0,0.0,0.0,0.0,0.0,0.0,0.0,0.0,0.0,0.0,0.0,0.0,0.0,0.0,0.0,0.0,0.0,0.0,0.0,0.0,0.0,0.0,0.0,0.0,0.0,0.0,0.0,0.0,0.0,0.9634432,0.99974173,0.99904704,0.9999665,0.98419154,0.9884524,0.90450066,0.9985275,0.998945,0.9794895,0.99945605,0.99898005,0.99937147,0.9995525,0.9546855,0.99687946,0.999949,0.9994565,0.96675897,0.8879605,0.995205,0.8436625,0.4993325,0.999252,0.999403,0.00073046924,0.0013080251,0.0053203087,0.9568452,0.99964666,0.001879395,0.07658666,0.8683324,0.92588925,0.99913234,0.25127164,0.80940545,0.84644336,0.9295297,0.9995717,0.5474736,0.8337886,0.857666,0.99988335,0.998774,0.42590788,0.79592884,0.84474623,0.9994674,0.9981603,0.0,0.0015508196,0.0,0.0023498879745602,0.0022173998877406,0.0,0.0,0.0,0.0119066694751381,0.0576308,0.0045789051800966,0.0022399747,0.040086343884468,0.0463882945477962,0.0599922612309455,0.03564437,0.1280620545148849,0.0964014902710914,0.0646324232220649,0.12206043303012848,0.0082121789455413,0.0688429176807403,0.1806764751672744,0.0915788039565086,0.0616783127188682
28,0.0,0.0,0.0,0.0,0.0,0.0,0.0,0.0,0.0,0.0,0.0,0.0,0.0,0.0,0.0,0.0,0.0,0.0,0.0,0.0,0.0,0.0,0.0,0.0,0.0,0.0,0.0,0.0,0.0,0.0,0.0,0.0,0.0,0.0,0.0,0.0,0.0,0.0,0.0,0.0,0.0,0.0,0.0,0.0,0.0,0.0,0.0,0.0,0.0,0.0,0.8953003,0.999597,1.0,0.97255754,0.9186645,0.9997475,0.9998775,0.9862305,0.947761,0.905984,0.999161,0.999984,0.96245396,0.9349315,0.880075,0.955303,0.982097,0.88285446,0.810635,0.999758,1.0,0.99736,0.0,0.0,0.0,0.0,0.00058916665,0.8917796,0.95587695,0.9999203,0.0024383583,0.015354246,0.90367305,0.99950904,0.999946,0.80483204,0.8378522,0.94151425,0.93847424,0.99969196,0.86709774,0.86537176,0.95061225,0.939258,0.99855703,0.740256,0.7525428,0.977979,0.9993267,0.99960995,0.0023610955,0.0009747863,0.0014474961208179,0.004785721655935,0.0281289089471101,0.0,0.0,0.0,0.0137842390686273,0.11716543,0.0,0.009280709,0.0076392670162022,0.0276690181344747,0.1123826056718826,0.008336135,0.0822287127375602,0.0984245762228965,0.06473308801651,0.7828639149665833,0.0690890550613403,0.100179374217987,0.0533652044832706,0.6364341974258423,0.8307828903198242
29,0.0,0.0,0.0,0.0,0.0,0.0,0.0,0.0,0.0,0.0,0.0,0.0,0.0,0.0,0.0,0.0,0.0,0.0,0.0,0.0,0.0,0.0,0.0,0.0,0.0,0.9996325,0.9242105,0.76672196,0.35016853,0.0,0.151829,0.216644,0.0,0.0,0.0,0.0,0.0,0.0,0.0,0.0,0.0,0.0,0.0,0.0,0.0,0.0,0.0,0.0,0.0,0.0,0.97011405,0.9439646,0.9423103,0.999477,0.99938697,0.911409,0.9991584,0.99922633,0.9993124,0.99978304,0.999382,0.9989785,0.99868536,0.9991633,0.9984484,0.9999075,1.0,0.9998597,0.99971503,0.9996947,0.996994,0.8378025,0.92213935,0.9992954,0.999938,0.0,0.0041314876,0.010742359,0.9122446,0.9637892,0.004222889,0.010505403,0.7792764,0.96452135,0.99047005,0.032127146,0.1504389,0.9019089,0.96997404,0.94919443,0.61443835,0.88184154,0.9589057,0.99214953,0.99987733,0.57577616,0.64429504,0.9566072,0.99984753,0.99835634,0.0,0.0,0.0,0.0007930804276838,0.0039111697115004,0.0,0.0,0.0014868456637486,0.0095195472240448,0.0094528785,0.0005749296979047,0.0016673751,0.0137899378314614,0.0413701273500919,0.1821054071187973,0.07580954,0.0380853377282619,0.0195371862500906,0.0980993062257766,0.08562098443508148,0.0435387305915355,0.0160102155059576,0.08587446808815,0.0414529591798782,0.0712171122431755
30,0.0,0.0,0.0,0.0,0.0,0.0,0.0,0.0,0.0,0.0,0.0,0.0,0.0,0.0,0.0,0.0,0.0,0.0,0.0,0.0,0.0,0.0,0.0,0.0,0.0,0.998542,0.99966097,0.998591,0.992232,0.0,0.0,0.0,0.0,0.0,0.0,0.0,0.0,0.0,0.0,0.0,0.0,0.0,0.0,0.0,0.0,0.0,0.0,0.0,0.0,0.0,0.82284653,0.9611387,0.92520607,0.9989695,0.9994575,0.92334896,0.9067683,0.999676,0.9989865,0.999514,0.99972045,0.999387,0.99968696,0.87830704,0.9989525,0.9328155,0.9502625,0.99961,0.999087,0.897309,0.71834004,0.86968803,0.99976504,1.0,0.0,0.0,0.0006765041,0.005726881,0.15027265,0.813924,0.0052272393,0.005997,0.036125224,0.9330336,0.6646306,0.031592175,0.5793334,0.6841856,0.97782224,0.96132475,0.07107601,0.5981903,0.8456549,0.9750226,0.8196547,0.768561,0.55817866,0.7645444,0.974726,0.7239804,0.0,0.0,0.0,0.0,0.0020510582253336,0.0,0.0,0.0,0.0070167821832001,0.054481216,0.0010492812143638,0.0,0.024106690660119,0.0472304113209247,0.0673063173890113,0.013579726,0.0809660106897354,0.1051347181200981,0.1268729716539383,0.1550476849079132,0.0403977371752262,0.019159696996212,0.1326357722282409,0.0636558681726455,0.0620701387524604
31,0.0,0.0,0.0,0.0,0.0,0.0,0.0,0.0,0.0,0.0,0.0,0.0,0.0,0.0,0.0,0.0,0.0,0.0,0.0,0.0,0.0,0.0,0.0,0.0,0.0,0.0,0.0,0.0,0.0,0.0,0.0,0.0,0.0,0.0,0.0,0.0,0.0,0.0,0.0,0.0,0.0,0.0,0.0,0.0,0.0,0.0,0.0,0.0,0.0,0.0,0.7977105,0.86009276,0.84363747,0.9990313,0.8950173,0.77894354,0.8863135,0.90106547,0.98660964,0.8854413,0.999901,0.82302874,0.8515773,0.9603727,0.958441,0.966735,0.78957003,0.80611527,0.8996891,0.932814,0.75568765,0.74830306,0.75334924,0.90362203,0.80058503,0.0,0.0012460259,0.017316872,0.09759447,0.92886806,0.0042605298,0.005195719,0.019443516,0.7702836,0.95420074,0.121011265,0.5627176,0.7262397,0.89330196,0.9312925,0.6828617,0.8242207,0.7569491,0.8219577,0.999598,0.6839116,0.7647084,0.83302104,0.8039309,0.97261,0.00037819118,0.0,0.0,0.0,0.0161455646157264,0.0,0.0,0.0,0.0002196238492615,0.1520064,0.0006166535313241,0.0018625931,0.0055299289524555,0.030653391033411,0.1165321841835975,0.040041145,0.0793192237615585,0.0272080395370721,0.1298461258411407,0.08612649887800217,0.0317919999361038,0.1520357877016067,0.0503779426217079,0.2386556565761566,0.0416112691164016
32,0.0,0.0,0.0,0.0,0.0,0.0,0.0,0.0,0.0,0.0,0.0,0.0,0.0,0.0,0.0,0.0,0.0,0.0,0.0,0.0,0.0,0.0,0.0,0.0,0.0,0.999546,0.999304,0.999462,0.998857,0.0,0.994407,0.99914,0.96611,0.0,0.0,0.0,0.0,0.0,0.0,0.0,0.0,0.0,0.0,0.0,0.0,0.0,0.0,0.0,0.0,0.0,0.92616147,0.8345064,0.90051764,0.9987817,0.9993107,0.8463929,0.88781106,0.93638796,0.9997797,0.99947065,0.9047365,0.9059724,0.96310425,0.99966836,0.9961786,0.99950445,0.91981936,0.99903405,0.9584037,0.9997775,0.9548027,0.622591,0.999591,1.0,0.976937,0.0,0.0040498893,0.0,0.8077966,0.94086474,0.0003769737,0.007931759,0.8319981,0.9894949,0.9376875,0.020104859,0.76807386,0.91811484,0.99929315,0.749086,0.30659926,0.5196969,0.8777377,0.94537866,0.99919105,0.72501606,0.6255594,0.9355504,0.7757017,0.999433,0.0,0.0,0.0,0.0017174055101349,0.0144894830882549,0.0,0.0,0.0,0.0061482358723878,0.046914656,0.0,0.002899305,0.0312390103936195,0.0473671071231365,0.1571727693080902,0.017451456,0.1232778131961822,0.0793399140238761,0.158642828464508,0.08673448860645294,0.0993932783603668,0.0203114133328199,0.013870789669454,0.0232576709240674,0.0482566952705383
33,0.0,0.0,0.0,0.0,0.0,0.0,0.0,0.0,0.0,0.0,0.0,0.0,0.0,0.0,0.0,0.0,0.0,0.0,0.0,0.0,0.0,0.0,0.0,0.0,0.0,1.0,1.0,0.9997,0.98713803,0.9333055,0.999501,0.99958754,0.998786,0.9897055,0.9372215,0.591604,0.993572,0.9939275,0.9677205,0.8888355,0.42228,0.991284,1.0,1.0,0.999445,0.0,0.0,1.0,1.0,0.0,0.01668949,0.87458533,0.9000379,0.99980026,0.9988425,0.98190075,0.95216644,0.978173,0.999818,0.99957573,0.97373265,0.9949442,0.9435618,0.999953,0.99993867,0.95970786,0.94347423,0.9620475,0.9858862,0.99189174,0.68439186,0.5068566,0.75698066,0.990257,0.35958335,0.0,0.0012588666,0.020298174,0.04316618,0.22119808,0.0016762052,0.005185179,0.026144551,0.85838544,0.7535798,0.014515221,0.07127805,0.16095142,0.68755853,0.8047229,0.06754099,0.18241702,0.91281456,0.9747204,0.98507106,0.015506143,0.64771456,0.58608925,0.8723192,0.55733055,0.0,0.0,0.0,0.0028874650597572,0.0128756891936063,0.0,0.0,0.0,0.0032192792277783,0.03435273,0.0,0.0020716775,0.0178086180239915,0.0290781687945127,0.1175469979643821,0.020854184,0.1060636490583419,0.0937449932098388,0.142536848783493,0.19594506919384003,0.1168652027845382,0.1266974657773971,0.2050651609897613,0.1084945872426033,0.0791484341025352
34,0.0,0.0,0.0,0.0,0.0,0.0,0.0,0.0,0.0,0.0,0.0,0.0,0.0,0.0,0.0,0.0,0.0,0.0,0.0,0.0,0.0,0.0,0.0,0.0,0.0,0.0,0.0,0.0,0.0,0.0,0.0,0.0,0.0,0.0,0.0,0.0,0.0,0.0,0.0,0.0,0.0,0.0,0.0,0.0,0.0,0.0,0.0,0.0,0.0,0.0,0.8328368,0.8772604,0.99983597,0.9927844,0.96251005,0.9679925,0.9997674,0.97978204,0.9763307,0.9459364,0.999533,0.99962205,0.99986804,0.951555,0.0,1.0,0.9857987,0.0,0.0,0.196179,0.0,0.0,0.0,0.257889,0.0,0.0,0.010630488,0.0076415725,0.8383151,0.960181,0.007851103,0.00854917,0.7526164,0.88030165,0.9540652,0.036079615,0.5664297,0.6943955,0.871943,0.9287927,0.64015186,0.7482719,0.8324314,0.87998563,0.997617,0.70384187,0.8067842,0.862519,0.8216053,0.99921095,0.0,0.0,0.0,0.0051471325568854,0.0144184743985533,0.0,0.0,0.0010471920249983,0.0033192036207765,0.08408496,0.0,0.0,0.0165673568844795,0.0247840955853462,0.0690694525837898,0.020934563,0.018365029245615,0.0149957314133644,0.1734796911478042,0.10089097917079926,0.0707683116197586,0.0355768203735351,0.0759983509778976,0.1162064969539642,0.1243276074528694
35,0.0,0.0,0.0,0.0,0.0,0.0,0.0,0.0,0.0,0.0,0.0,0.0,0.0,0.0,0.0,0.0,0.0,0.0,0.0,0.0,0.0,0.0,0.0,0.0,0.0,0.0,0.0,0.0,0.0,0.0,0.0,0.0,0.0,0.0,0.0,0.0,0.0,0.0,0.0,0.0,0.0,0.0,0.0,0.0,0.0,0.0,0.0,0.0,0.0,0.0,0.9735262,0.9286254,0.8808212,0.9112145,0.99939907,0.9863868,0.922085,0.89905024,0.99856436,0.99892104,0.9029288,0.9995835,0.97203803,0.9994854,0.9993924,0.999026,0.998995,0.94682807,0.99951804,0.972876,0.99841046,1.0,0.9995805,0.99884,0.998944,0.0,0.004012144,0.0027025621,0.034273632,0.8851569,0.0023690513,0.008655501,0.03992318,0.7254702,0.94419235,0.0010664199,0.0069773546,0.38897094,0.891425,0.8605916,0.069779046,0.6884903,0.9441838,0.9789596,0.936274,0.7111971,0.46651962,0.92915624,0.92845076,0.9807277,0.0,0.0,0.0,0.0,0.0087163811549544,0.0,0.0,0.0,0.0019293810473755,0.033941742,0.0,0.048264954,0.0309650190174579,0.0323034711182117,0.0764532089233398,0.017688725,0.02779982984066,0.0201252587139606,0.0336790680885314,0.05041106790304184,0.0088032763451337,0.0034760562703013,0.0526658035814762,0.1320504248142242,0.098361887037754
36,0.0,0.0,0.0,0.0,0.0,0.0,0.0,0.0,0.0,0.0,0.0,0.0,0.0,0.0,0.0,0.0,0.0,0.0,0.0,0.0,0.0,0.0,0.0,0.0,0.0,0.0,0.0,0.0,0.0,0.0,0.0,0.0,0.0,0.0,0.0,0.0,0.0,0.0,0.0,0.0,0.0,0.0,0.0,0.0,0.0,0.0,0.0,0.0,0.0,0.0,0.8193806,0.83751243,0.8805401,0.98268104,0.9484345,0.91238874,1.0,0.991264,0.944811,0.92258,0.9903605,0.97110903,0.94322896,0.8809345,0.895356,0.931382,0.91406703,0.823424,0.8007015,0.8697285,0.868822,0.73134553,0.7275905,0.7295315,0.797639,0.0,0.0012500925,0.0025219338,0.68570435,0.92246604,0.006940417,0.008233344,0.83893144,0.9148453,0.9243358,0.06496617,0.6785801,0.7452244,0.9206562,0.92988276,0.5515762,0.74507123,0.8050484,0.8972584,0.9501375,0.54703015,0.7669524,0.827856,0.83905715,0.938776,0.0,0.0,0.0,0.0002830350713338,0.0118558788672089,0.0,0.0,0.0,0.0430124700069427,0.13071164,0.0,0.0023231017,0.0426600016653537,0.0230273753404617,0.1468780785799026,0.028903099,0.1030730232596397,0.1152045875787735,0.0389368012547493,0.15877212584018707,0.1337650865316391,0.222924143075943,0.2026714831590652,0.0095726363360881,0.0424633398652076
37,0.0,0.0,0.0,0.0,0.0,0.0,0.0,0.0,0.0,0.0,0.0,0.0,0.0,0.0,0.0,0.0,0.0,0.0,0.0,0.0,0.0,0.0,0.0,0.0,0.0,0.0,0.0,0.0,0.0,0.0,0.0,0.0,0.0,0.0,0.0,0.0,0.0,0.0,0.0,0.0,0.0,0.0,0.0,0.0,0.0,0.0,0.0,0.0,0.0,0.0,0.9490702,0.879554,0.9711737,0.9197997,0.9993065,0.9652227,0.93932307,0.99906504,0.999614,0.999732,0.9999175,0.9999925,0.999242,0.9998945,0.9999535,0.9992875,0.9992065,0.9605785,0.9759,0.998356,0.93827546,0.9047615,0.9010095,0.948865,0.9806775,0.0,0.0036771167,0.008975,0.867217,0.95874715,0.012821384,0.008361824,0.79471153,0.96027625,0.95530117,0.04657692,0.80424666,0.9079839,0.94547856,0.9179683,0.83565646,0.8639194,0.91290164,0.9391462,0.9180707,0.6413,0.84135944,0.87279576,0.92813206,0.83703786,0.0,0.0,0.0,0.0020730176474899,0.0,0.0005930827,0.00060163846,0.0,0.0043661571107804,0.0156043125,0.0025347922928631,0.0030250824,0.0450667664408683,0.0158148594200611,0.1035745739936828,0.01133875,0.1579691618680954,0.0549845993518829,0.1060095727443695,0.1040191501379013,0.0494737513363361,0.0562540143728256,0.0415594018995761,0.1472170203924179,0.0788485333323478
38,0.0,0.0,0.0,0.0,0.0,0.0,0.0,0.0,0.0,0.0,0.0,0.0,0.0,0.0,0.0,0.0,0.0,0.0,0.0,0.0,0.0,0.0,0.0,0.0,0.0,0.0,0.0,0.0,0.0,0.0,0.0,0.0,0.0,0.0,0.0,0.0,0.0,0.0,0.0,0.0,0.0,0.0,0.0,0.0,0.0,0.0,0.0,0.0,0.0,0.0,0.9329366,0.9555,0.99982846,1.0,0.99496,0.91762197,1.0,0.998685,0.9998245,0.97418904,0.999237,0.999493,0.99877954,0.9995655,0.9132995,0.9995985,0.999684,0.99827,0.905851,0.0,0.857879,0.99599004,0.999312,0.0,0.0,0.0,0.004861467,0.004800039,0.9175248,0.9389832,0.008591552,0.002087618,0.90039384,0.88336897,0.999616,0.070910566,0.62576556,0.92954195,0.96417624,0.999264,0.82242924,0.8877723,0.92723656,0.94817847,0.99867475,0.7864272,0.7831662,0.91781616,0.99963236,0.9997484,0.0,0.0,0.0,0.0,0.0045227371156215,0.0,0.0,0.0008826198172755,0.0030823175329715,0.024315968,0.0052730152383446,0.0060097217,0.0166612230241298,0.0270695146173238,0.1085002720355987,0.0703463,0.1397895812988281,0.1091683134436607,0.1263386160135269,0.1038237065076828,0.0167911667376756,0.1569305956363678,0.0699447616934776,0.0875959992408752,0.1859750598669052
39,0.0,0.0,0.0,0.0,0.0,0.0,0.0,0.0,0.0,0.0,0.0,0.0,0.0,0.0,0.0,0.0,0.0,0.0,0.0,0.0,0.0,0.0,0.0,0.0,0.0,0.0,0.0,0.0,0.0,0.0,0.0,0.0,0.0,0.0,0.0,0.0,0.0,0.0,0.0,0.0,0.0,0.0,0.0,0.0,0.0,0.0,0.0,0.0,0.0,0.0,0.8014434,0.90181863,0.92268527,0.999695,0.99896,0.90074474,0.99987125,0.99918073,0.99967337,0.998925,0.99979055,0.9900417,0.99887574,0.9990927,0.99955934,0.998778,0.9998965,0.999539,0.998719,0.999047,0.999534,0.9997515,0.9880307,0.9991407,0.99935246,0.0,0.0038753718,0.0019812677,0.89229053,0.93999904,0.0062302183,0.010873965,0.5448625,0.88119155,0.95353985,0.014109824,0.71333903,0.8343206,0.981266,0.9526302,0.48319748,0.92631197,0.85552925,0.9992084,0.99995035,0.5973575,0.8686332,0.96541363,0.99371445,0.9997567,0.0021811544,0.0,0.0,0.0020214607939124,0.0067793712951242,0.0,0.0,0.0,0.0087951449677348,0.06370423,0.0019085512030869,0.0025728252,0.0265082456171512,0.1041097268462181,0.0898248255252838,0.02702655,0.0352841578423976,0.1184915006160736,0.0291365683078765,0.1993347704410553,0.1041045561432838,0.0831291824579238,0.1291900277137756,0.1144436821341514,0.1742773801088333
40,0.0,0.0,0.0,0.0,0.0,0.0,0.0,0.0,0.0,0.0,0.0,0.0,0.0,0.0,0.0,0.0,0.0,0.0,0.0,0.0,0.0,0.0,0.0,0.0,0.0,0.99962103,0.99948096,0.8906745,0.99909997,0.889417,1.0,0.902408,0.99849397,0.0,0.0,0.0,0.0,0.0,0.0,0.0,0.0,0.0,0.0,0.0,0.0,0.0,0.0,0.0,0.0,0.0,0.91916215,0.8822909,0.98669577,0.999557,0.99943036,0.9474927,0.91875154,0.99952906,0.99951905,0.99969333,0.9330558,0.99939954,0.9995327,0.9999007,0.99989533,0.8944024,0.99906695,0.9990594,0.999222,1.0,0.9976975,0.9984055,0.9995935,0.99581736,0.9996275,0.0,0.0057600006,0.013805195,0.048251003,0.023406338,0.005703517,0.021972291,0.06286466,0.07234132,0.093067735,0.011396861,0.033109516,0.15438344,0.13425335,0.14092967,0.12495674,0.6395525,0.6850017,0.8025392,0.68599534,0.40289629,0.63511837,0.6346258,0.6788541,0.5098274,0.0012046103,0.0015983583,0.0004815669381059,0.0036128405481576,0.0085331918671727,0.00069864927,0.0,0.0,0.0,0.063167565,0.0007984218536876,0.009822139,0.0328718163073062,0.1326084583997726,0.0924469903111457,0.029208291,0.0351989492774009,0.0622883364558219,0.1146977469325065,0.18645142018795013,0.0636378601193428,0.0397037900984287,0.1771244704723358,0.0759794935584068,0.0140893002972006
41,0.0,0.0,0.0,0.0,0.0,0.0,0.0,0.0,0.0,0.0,0.0,0.0,0.0,0.0,0.0,0.0,0.0,0.0,0.0,0.0,0.0,0.0,0.0,0.0,0.0,0.79551196,0.74879503,0.600474,0.2269255,0.0,0.999608,0.998759,0.982462,0.0,0.0,0.775046,0.0,0.0,0.0,0.0,0.0,0.0,0.0,0.0,0.0,0.0,0.0,0.0,0.0,0.0,0.9139555,0.95197546,0.9399305,0.9984,0.99902,0.9073307,0.8633505,0.9990904,0.99928164,0.999586,0.998495,0.9998685,0.9989637,0.99981904,0.9985897,0.99965847,0.998827,0.9995567,0.99935406,0.9994353,0.9683275,1.0,0.9990591,0.9950954,0.9985775,0.0,0.0035588085,0.005969039,0.7173054,0.9529507,0.0071256263,0.015146102,0.72810644,0.9619827,0.9981309,0.017539753,0.70465666,0.93438137,0.9699809,0.99869645,0.7524197,0.8557054,0.9625977,0.982516,0.989612,0.6596402,0.6337121,0.8319286,0.8424024,0.99837774,0.0,0.0,0.0,0.0027913476806133,0.0103803658857941,0.0,0.0,0.0,0.0142874848097562,0.07444446,0.0,0.0,0.010597325861454,0.0527848862111568,0.1446301788091659,0.03175935,0.1314642131328582,0.1360971331596374,0.1645107269287109,0.12181905657052994,0.0379046015441417,0.0534172765910625,0.1896637380123138,0.0737547948956489,0.0588678233325481
42,0.0,0.0,0.0,0.0,0.0,0.0,0.0,0.0,0.0,0.0,0.0,0.0,0.0,0.0,0.0,0.0,0.0,0.0,0.0,0.0,0.0,0.0,0.0,0.0,0.0,0.7795695,0.999423,0.999677,0.6784,0.474438,0.473165,1.0,1.0,0.905348,0.0,0.538398,0.18504299,0.0,0.0,0.0,0.0,0.0,0.0,0.0,0.0,0.0,0.0,0.0,0.0,0.0,0.02422854,0.7331813,0.975441,0.9994825,0.99888647,0.9421112,0.93430424,0.9998145,0.95752734,0.9995285,0.8813305,0.99834,0.99957347,0.9842927,0.9989635,0.999673,0.9997775,1.0,0.8827273,0.99904597,0.9280115,0.9531795,1.0,0.999793,0.99971104,0.0,0.0008688474,0.0021124217,0.03029021,0.81434005,0.010540177,0.0030091603,0.03905406,0.72538525,0.9901412,0.29082087,0.011070775,0.7937229,0.9046191,0.9516929,0.059474602,0.57884496,0.8839616,0.932632,0.99597377,0.6297841,0.6345419,0.6801407,0.78859735,0.68064296,0.0,0.0,0.0,0.002589265583083,0.0058178170584142,0.0,0.0,0.0,0.0051404479891061,0.039623734,0.0,0.0,0.0070822383277118,0.1092141568660736,0.0727634578943252,0.03519331,0.0865717604756355,0.110939547419548,0.0612976849079132,0.0714743584394455,0.049004677683115,0.0520519688725471,0.1495672911405563,0.1203279420733451,0.0512570179998874
43,0.0,0.0,0.0,0.0,0.0,0.0,0.0,0.0,0.0,0.0,0.0,0.0,0.0,0.0,0.0,0.0,0.0,0.0,0.0,0.0,0.0,0.0,0.0,0.0,0.0,0.0,0.0,0.0,0.0,0.0,0.0,0.0,0.0,0.0,0.0,0.0,0.0,0.0,0.0,0.0,0.0,0.0,0.0,0.0,0.0,0.0,0.0,0.0,0.0,0.0,0.8626084,0.87511206,0.86774045,0.9361507,0.9239644,0.88950485,0.9332177,0.89700174,0.99482834,0.9611427,0.999514,0.99919605,0.9301287,0.97218937,0.9728347,0.9682005,0.9644575,0.905005,0.967607,0.9375675,0.92606103,0.919239,0.9100623,0.35030502,0.0,0.0,0.0028580585,0.0001488785,0.04268998,0.93885535,0.009269361,0.0061992626,0.022481378,0.89873487,0.9062648,0.08456205,0.05581569,0.8756083,0.7982409,0.95900005,0.8754323,0.6912385,0.85325134,0.9135003,0.98794264,0.43391195,0.82591933,0.8249414,0.9210125,0.9974557,0.0,0.0,0.0,0.0018409740878269,0.0044271750375628,0.002540127,0.0,0.0,0.0096079995855689,0.06045259,0.0029593044891953,0.0,0.0036164910998195,0.1163293570280075,0.0736620277166366,0.054386012,0.0879133567214012,0.2040086388587951,0.0551286116242408,0.11209476739168167,0.1189447492361068,0.0758712068200111,0.1751293540000915,0.0551782213151454,0.1399709284305572
44,0.0,0.0,0.0,0.0,0.0,0.0,0.0,0.0,0.0,0.0,0.0,0.0,0.0,0.0,0.0,0.0,0.0,0.0,0.0,0.0,0.0,0.0,0.0,0.0,0.0,0.0,0.0,0.0,0.0,0.0,0.0,0.0,0.0,0.0,0.0,0.0,0.0,0.0,0.0,0.0,0.0,0.0,0.0,0.0,0.0,0.0,0.0,0.0,0.0,0.0,0.88088804,0.9065019,0.96906173,0.99944997,0.9992633,0.904025,0.99984974,0.9996424,0.99982566,0.999578,0.896279,0.99960136,1.0,0.9993167,0.9995534,0.9996805,0.99921435,0.99901074,0.9992614,0.976273,0.8425007,0.7134537,0.998667,0.9157753,0.99861395,0.0,0.00072715,0.008475352,0.81049645,0.999486,0.008025861,0.038818546,0.53740376,0.98326725,0.99999607,0.027212147,0.6499868,0.9816441,0.9717202,0.9994866,0.80246884,0.87312233,0.9624082,0.98500025,0.99868166,0.7146459,0.8205026,0.8908633,0.9923057,0.99920934,0.0,0.0,0.0,0.0057931430637836,0.0097306706011295,0.0,0.0,0.0,0.0030380086973309,0.02109835,0.0,0.0037277353,0.0359529145061969,0.0242812000215053,0.1538330763578415,0.0068598073,0.0624715089797973,0.0136985899880528,0.1857222020626068,0.2584328353404999,0.079612948000431,0.0397945195436477,0.0059372680261731,0.0498023778200149,0.1532292962074279
45,0.0,0.0,0.0,0.0,0.0,0.0,0.0,0.0,0.0,0.0,0.0,0.0,0.0,0.0,0.0,0.0,0.0,0.0,0.0,0.0,0.0,0.0,0.0,0.0,0.0,0.998994,0.9304805,0.646494,1.0,0.655018,0.054857,0.0,0.995834,0.981937,0.507319,0.0,0.0,0.0,0.0,0.0,0.0,0.0,0.0,0.0,0.0,0.0,0.0,0.0,0.0,0.0,0.9702814,0.8910055,0.9989555,0.9996495,0.999333,0.85928625,0.99970853,0.999226,0.9728054,0.9991525,0.999155,0.99966896,1.0,0.9996175,0.99959147,0.99954903,0.9997,1.0,0.99954,0.997383,0.996262,0.99962354,0.9340795,0.99935055,1.0,0.0,0.007380484,0.013078775,0.19500718,0.932973,0.02315615,0.010539146,0.09123956,0.8985846,0.98232794,0.11488434,0.21414417,0.63021237,0.9238697,0.989458,0.15965839,0.53806686,0.9433381,0.9989417,0.8172426,0.77025783,0.5347108,0.87863255,0.7534905,0.61348784,0.0,0.0,0.0,0.0,0.0310420226305723,0.0,0.0,0.0,0.0261906050145626,0.04656042,0.0002940077683888,0.001043664,0.0146904094144701,0.1212524771690368,0.1281090080738067,0.014470706,0.0910813584923744,0.0598391257226467,0.1673136502504348,0.1151249036192894,0.0846772268414497,0.1539990454912185,0.0440489463508129,0.0466801337897777,0.1241333559155464
46,0.0,0.0,0.0,0.0,0.0,0.0,0.0,0.0,0.0,0.0,0.0,0.0,0.0,0.0,0.0,0.0,0.0,0.0,0.0,0.0,0.0,0.0,0.0,0.0,0.0,0.0,0.0,0.0,0.0,0.0,0.0,0.0,0.0,0.0,0.0,0.0,0.0,0.0,0.0,0.0,0.0,0.0,0.0,0.0,0.0,0.0,0.0,0.0,0.0,0.0,0.9741254,0.9139422,0.896299,0.96628904,0.99920547,0.91372,0.9991945,0.9726597,0.9991931,0.959078,0.99981403,0.9993685,0.98271406,0.99958634,0.99926937,0.998874,0.999758,0.90400803,0.9996643,0.99967897,0.995897,1.0,0.997985,0.0,0.0,0.0,0.0043964884,0.008522319,0.093285546,0.9209043,0.0059074666,0.012641587,0.11093065,0.88250875,0.99887526,0.00663394,0.11501744,0.15073264,0.9728981,0.999838,0.559273,0.9025838,0.9392593,0.9932395,0.97563857,0.5060313,0.8050947,0.9440871,0.9853328,0.999875,0.0,0.0,0.0,0.0,0.008746825158596,0.0,0.0,0.0,0.0063427840359508,0.054757487,0.0008392868330702,0.0063967374,0.0168919470161199,0.0209124330431222,0.0937483683228492,0.076656714,0.0445198416709899,0.0469518676400184,0.1306735724210739,0.11362050473690033,0.13238425552845,0.0102419648319482,0.1229962557554245,0.0974845290184021,0.1970249861478805
47,0.0,0.0,0.0,0.0,0.0,0.0,0.0,0.0,0.0,0.0,0.0,0.0,0.0,0.0,0.0,0.0,0.0,0.0,0.0,0.0,0.0,0.0,0.0,0.0,0.0,0.0,0.78853,0.969023,0.913333,0.929692,0.0,0.0,0.0,0.0,0.0,0.0,0.0,0.0,0.0,0.0,0.0,0.0,0.0,0.0,0.0,0.0,0.0,0.0,0.0,0.0,0.878529,0.899322,0.94914734,0.99982595,0.9991095,0.94779634,0.91254175,0.998954,0.999594,0.999803,0.99854946,1.0,0.9990595,0.99942005,1.0,0.9945735,0.9969415,0.998801,1.0,0.8583425,0.85056996,1.0,0.99759054,0.923784,0.0,0.0,0.003135178,0.0049410383,0.9727022,0.9913562,0.0017350955,0.008594473,0.71058923,0.879504,0.99991906,0.18042402,0.77242815,0.87390965,0.96973926,0.97795403,0.79210097,0.8768999,0.9545922,0.9524439,0.99826133,0.70290977,0.7467714,0.955156,0.8499588,0.57693934,0.00048728677,0.0,0.0,0.0,0.0122541803866624,0.0,0.0,0.0,0.0108978040516376,0.02655637,0.0001790393725968,0.0026679488,0.002492394298315,0.0805404633283615,0.0431962795555591,0.016161624,0.0761166810989379,0.1860509812831878,0.0533699840307235,0.22043836116790771,0.0935596227645874,0.1678108870983123,0.1033099368214607,0.0290969014167785,0.5452635884284973
48,0.0,0.0,0.0,0.0,0.0,0.0,0.0,0.0,0.0,0.0,0.0,0.0,0.0,0.0,0.0,0.0,0.0,0.0,0.0,0.0,0.0,0.0,0.0,0.0,0.0,0.0,0.0,0.0,0.0,0.0,0.0,0.0,0.0,0.0,0.0,0.0,0.0,0.0,0.0,0.0,0.0,0.0,0.0,0.0,0.0,0.0,0.0,0.0,0.0,0.0,0.82913965,0.9123451,0.9699527,0.999946,0.9998914,0.9877017,0.99980724,0.98813,0.9999213,0.999932,0.9509825,0.99936974,0.8924682,0.99996203,0.9989823,1.0,0.9831377,0.9938034,0.99983567,0.964148,0.8907075,0.92105335,0.9851687,0.0,0.0,0.00063951564,0.00649595,0.00465771,0.7271585,0.97287023,0.013899268,0.008538586,0.65083635,0.91321033,0.9897405,0.05481429,0.84423786,0.9428432,0.9510104,0.96927524,0.7499402,0.9003626,0.9463199,0.93896866,0.99985373,0.7993913,0.89374495,0.901189,0.87776524,0.9986557,0.0,0.0,0.0,0.0028829297516494,0.0094340713694691,0.0,0.0,0.0005493033095262,0.0008055871003307,0.02984881,0.0,0.0015478918,0.0225999224931001,0.0666581094264984,0.1272215396165847,0.03828285,0.0093726189807057,0.0220709796994924,0.0267440825700759,0.12915468215942383,0.130736619234085,0.0689550265669822,0.1113816872239112,0.0640242397785186,0.1075818762183189
49,0.0,0.0,0.0,0.0,0.0,0.0,0.0,0.0,0.0,0.0,0.0,0.0,0.0,0.0,0.0,0.0,0.0,0.0,0.0,0.0,0.0,0.0,0.0,0.0,0.0,0.0,0.0,0.0,0.0,0.0,0.0,0.0,0.0,0.0,0.0,0.0,0.0,0.0,0.0,0.0,0.0,0.0,0.0,0.0,0.0,0.0,0.0,0.0,0.0,0.0,0.88768166,0.96487135,0.914317,0.9909135,0.940054,0.91332567,0.9997815,0.99991345,0.968591,0.922348,0.99987197,1.0,0.9856505,0.93774104,0.90427697,0.9993645,0.9981755,0.927737,0.8669795,0.999417,0.526006,0.996085,0.956629,0.894482,0.0,0.0,0.0015779255,0.0040653646,0.9839952,0.958952,0.00867385,0.022431655,0.79090035,0.90849054,0.99922836,0.43414488,0.80132407,0.87184966,0.96737325,0.94648755,0.7814302,0.8365444,0.92555726,0.9839995,0.9991287,0.7681394,0.62504125,0.8627399,0.95426875,1.0,0.0,0.0,0.0004071968432981,0.0,0.0960194244980812,0.0,0.0,0.0006006776820868,0.0058782254345715,0.13482799,0.0068482183851301,0.00813822,0.0097963968291878,0.0275506470352411,0.092026300728321,0.09238911,0.0834894105792045,0.0446669571101665,0.0793389976024627,0.0718260109424591,0.0147416656836867,0.0585186220705509,0.1146427616477012,0.0682420209050178,0.1192884072661399
50,0.0,0.0,0.0,0.0,0.0,0.0,0.0,0.0,0.0,0.0,0.0,0.0,0.0,0.0,0.0,0.0,0.0,0.0,0.0,0.0,0.0,0.0,0.0,0.0,0.0,0.902719,0.8549495,0.7973635,0.74445903,0.64372396,0.79172254,0.7642755,0.7357305,0.61466503,0.47928,0.280143,0.998828,0.718113,0.238282,0.0,0.0,0.0,0.0,0.0,0.0,0.0,0.0,0.0,0.0,0.0,0.90716875,0.9959152,0.93720406,0.94003075,0.99841535,0.92134875,0.88716584,0.87993604,0.99890566,0.99937034,0.838562,0.84480536,0.92312527,0.9991147,0.999397,0.9989275,0.9993695,0.93499947,0.999483,0.9987456,0.9619245,0.8763427,0.9276284,0.99901265,0.9998485,0.0,0.0033005835,0.0032207705,0.053242512,0.19118795,0.002426361,0.0065695047,0.012666207,0.122848175,0.95878035,0.006273081,0.04192009,0.6462807,0.87686324,0.9965095,0.1004547,0.7254321,0.7837435,0.979332,0.99821305,0.56934154,0.63763386,0.71656775,0.9394629,0.7890455,0.0,0.0,0.0004672834475059,0.0,0.0021724903490394,0.0,0.0,0.0010644213762134,0.0076744956895709,0.085537806,0.0,0.0027297868,0.0323270596563816,0.0661376491189003,0.1505116373300552,0.011681284,0.1392691433429718,0.0538029782474041,0.1275500804185867,0.15902017056941986,0.0292062107473611,0.1422896087169647,0.1483480632305145,0.1812678128480911,0.141795739531517
51,0.0,0.0,0.0,0.0,0.0,0.0,0.0,0.0,0.0,0.0,0.0,0.0,0.0,0.0,0.0,0.0,0.0,0.0,0.0,0.0,0.0,0.0,0.0,0.0,0.0,0.999523,0.99923897,0.999512,0.999851,0.998777,0.995056,0.997662,0.99974,0.999567,0.999387,0.088545,0.0,0.989659,0.0,0.0,0.0,0.0,0.0,0.0,0.0,0.0,0.0,0.0,0.0,0.0,0.7817065,0.95607996,0.9998805,0.99967504,0.9995295,0.8807478,0.9150677,0.999716,0.9992865,0.99976647,0.9202255,0.99925995,0.9991685,0.9996075,0.99929,1.0,0.9988625,0.999573,0.99991,0.999781,0.664425,1.0,1.0,0.9973215,0.994314,0.0,0.0046619917,0.0020790934,0.080777526,0.6929316,0.008873771,0.009833973,0.06839201,0.86141473,0.89326525,0.008151265,0.63248104,0.78308576,0.7638002,0.8079156,0.08829737,0.6345822,0.84587365,0.9602826,0.7637582,0.68107814,0.36305127,0.57426786,0.98749185,0.74678475,0.0,0.0,0.0,0.0,0.0171709768474102,0.0,0.0,0.0,0.0027556321583688,0.06511768,0.0016902422066777,0.002905288,0.0228609554469585,0.0601810552179813,0.0877573788166046,0.048489194,0.1796956956386566,0.0930560156702995,0.1254710257053375,0.07899443805217743,0.0065528219565749,0.0072991251945495,0.0386519283056259,0.1287612617015838,0.0582014471292495
52,0.0,0.0,0.0,0.0,0.0,0.0,0.0,0.0,0.0,0.0,0.0,0.0,0.0,0.0,0.0,0.0,0.0,0.0,0.0,0.0,0.0,0.0,0.0,0.0,0.0,0.0,0.0,0.0,0.0,0.0,0.0,0.0,0.0,0.0,0.0,0.0,0.0,0.0,0.0,0.0,0.0,0.0,0.0,0.0,0.0,0.0,0.0,0.0,0.0,0.0,0.9287242,0.8581414,0.8316603,0.99991953,0.9999625,0.88673174,0.999805,0.9995745,1.0,1.0,0.9992915,0.99994946,1.0,0.99974,0.9997,1.0,1.0,1.0,0.99786603,0.81854,0.99902153,0.9907435,0.996863,0.0,0.0,0.0,0.00665174,0.010616284,0.9237493,0.95697737,0.008400254,0.011280271,0.6055893,0.80909616,0.9375558,0.13292734,0.7682741,0.7563709,0.94589615,0.93241674,0.8158113,0.7944664,0.834167,0.9471434,0.96929204,0.6626504,0.74410933,0.7537889,0.9464018,0.99936336,0.001546522,8.591111e-05,0.0013485826784744,0.0036951454821974,0.0050776563584804,0.0,0.00057932065,0.0,0.0412379652261734,0.048482258,0.002830343786627,0.001219405,0.0256522167474031,0.1205284148454666,0.1017104163765907,0.009578956,0.0445968471467494,0.046828206628561,0.1382866650819778,0.0799882784485817,0.0261279121041297,0.083640456199646,0.1029110178351402,0.0775894895195961,0.5623416304588318
53,0.0,0.0,0.0,0.0,0.0,0.0,0.0,0.0,0.0,0.0,0.0,0.0,0.0,0.0,0.0,0.0,0.0,0.0,0.0,0.0,0.0,0.0,0.0,0.0,0.0,0.0,0.0,0.0,0.0,0.0,0.0,0.0,0.0,0.0,0.0,0.0,0.0,0.0,0.0,0.0,0.0,0.0,0.0,0.0,0.0,0.0,0.0,0.0,0.0,0.0,0.9168031,0.7511213,0.92215395,0.99408436,0.96550465,0.8966667,0.9994717,0.97358227,0.9656593,0.94569767,0.9955015,0.965025,0.9627897,0.94748497,0.9355277,0.9065084,0.9416003,0.9251353,0.93245435,0.8974143,0.8199247,0.82448304,0.85421133,0.9918895,0.9992875,0.0,0.0055139055,0.0019069816,0.8610533,0.9435188,0.008493286,0.013772669,0.057391528,0.9104446,0.9026664,0.092542775,0.6008838,0.7345548,0.927269,0.9054124,0.62543887,0.7077725,0.64856476,0.8960697,0.9396905,0.5574661,0.73347473,0.67601997,0.8341988,0.98050207,0.0,0.0,0.0,0.0020284545607864,0.0007522150408476,0.0,0.0,0.0,0.0225991755723953,0.1296247,0.0,0.0018970821,0.0427563451230526,0.0870678797364234,0.0873361527919769,0.040309865,0.0438670068979263,0.0277621485292911,0.0579643696546554,0.10890674591064453,0.0596967190504074,0.0192019529640674,0.115185759961605,0.0656192526221275,0.2764246761798858
54,0.0,0.0,0.0,0.0,0.0,0.0,0.0,0.0,0.0,0.0,0.0,0.0,0.0,0.0,0.0,0.0,0.0,0.0,0.0,0.0,0.0,0.0,0.0,0.0,0.0,0.0,0.0,0.0,0.0,0.0,0.0,0.0,0.0,0.0,0.0,0.0,0.0,0.0,0.0,0.0,0.0,0.0,0.0,0.0,0.0,0.0,0.0,0.0,0.0,0.0,0.9759037,0.92893,0.9424987,0.9569563,0.99987996,0.92134273,0.999393,0.975222,0.98828334,0.999778,0.9997295,1.0,0.946723,0.97090805,0.9999385,1.0,0.99986553,1.0,0.9999175,0.999318,0.9988985,0.9093085,0.999146,0.999882,0.88209796,0.0,0.002897689,0.0027287246,0.8111712,0.9132482,0.002287375,0.01014386,0.7581685,0.8768375,0.948018,0.01369768,0.7140481,0.75229454,0.96479726,0.9998917,0.6097243,0.85441583,0.9119774,0.94078696,0.9990196,0.47906554,0.806852,0.904781,0.9997667,0.999108,0.0007593823,0.0,0.0,0.0029536965303122,0.0,0.0,0.0,0.0,0.0418232828378677,0.10355278,0.0017908216686919,0.0092484765,0.0028382586315274,0.0188878681510686,0.0354522988200187,0.015048964,0.146355539560318,0.0699350461363792,0.0220338813960552,0.09700363874435425,0.0599911101162433,0.1522712111473083,0.0953833982348442,0.0376509614288806,0.0480238609015941
55,0.0,0.0,0.0,0.0,0.0,0.0,0.0,0.0,0.0,0.0,0.0,0.0,0.0,0.0,0.0,0.0,0.0,0.0,0.0,0.0,0.0,0.0,0.0,0.0,0.0,0.0,0.0,0.0,0.0,0.0,0.0,0.0,0.0,0.0,0.0,0.0,0.0,0.0,0.0,0.0,0.0,0.0,0.0,0.0,0.0,0.0,0.0,0.0,0.0,0.0,0.9364765,0.8972235,0.8387728,0.932951,0.8887735,0.997064,0.87393737,0.89691705,0.89394546,0.864467,1.0,0.98746,0.8719687,0.87029254,0.84015,0.998452,0.935035,0.81163275,0.8088165,0.74226403,0.69196904,0.850739,0.62393236,0.32089,0.0,0.0,0.0031499255,0.015009129,0.9335214,0.95774335,0.0028735378,0.042979002,0.8421405,0.9100992,0.96075934,0.7066214,0.89862466,0.8389716,0.91008854,0.96109074,0.8304719,0.8582586,0.88442886,0.90427136,0.92160976,0.5823357,0.7657941,0.8449178,0.93920255,0.92181635,0.0,0.0,0.0,0.0,0.0006892142700962,0.0025921494,0.0,0.0,0.0502026230096817,0.10575707,0.0016066406387835,0.0019193253,0.0655719339847564,0.0472815111279487,0.1165784820914268,0.007631752,0.0629372373223304,0.1135464757680893,0.1283823996782302,0.6251845955848694,0.0764512568712234,0.1157925054430961,0.1790114343166351,0.0735872983932495,0.1357225775718689
56,0.0,0.0,0.0,0.0,0.0,0.0,0.0,0.0,0.0,0.0,0.0,0.0,0.0,0.0,0.0,0.0,0.0,0.0,0.0,0.0,0.0,0.0,0.0,0.0,0.0,0.96123266,0.8709845,0.999489,0.99988,0.998994,0.8391475,0.999761,1.0,0.99993,1.0,1.0,1.0,1.0,0.99932,0.998987,0.802992,0.99017,1.0,0.999325,0.999437,1.0,0.999196,0.999449,0.999406,0.998184,0.9323593,0.94635636,0.90040433,0.91928273,0.999359,0.91303855,0.9105105,0.8784224,0.92817223,0.99986696,0.8662994,0.91356814,0.91698265,0.9429407,0.999645,0.86169386,0.8913274,0.89166117,0.932511,0.99970293,0.844306,0.90427405,0.913584,0.945733,0.99071634,0.0,0.0055385176,0.007718844,0.075796984,0.8761163,0.0045490437,0.0060606054,0.10462055,0.77813894,0.96619135,0.036676303,0.11418901,0.7021983,0.8993263,0.98953795,0.08662098,0.5352844,0.86814,0.8914956,0.9791273,0.5976295,0.67178005,0.8402681,0.75419647,0.049704637,0.0,0.0013464923,0.0,0.0015291681047528,0.0,0.0,0.0,0.0,0.0053873620927333,0.15158056,0.0010445000370964,0.0022069912,0.0046932375989854,0.0189978182315826,0.0584268048405647,0.013104457,0.0395279824733734,0.1400669664144516,0.0585294365882873,0.07778052985668182,0.0823754668235778,0.0327931307256221,0.1442523002624511,0.1076295226812362,0.0894586592912674
57,0.0,0.0,0.0,0.0,0.0,0.0,0.0,0.0,0.0,0.0,0.0,0.0,0.0,0.0,0.0,0.0,0.0,0.0,0.0,0.0,0.0,0.0,0.0,0.0,0.0,0.0,0.0,0.0,0.0,0.0,0.0,0.0,0.0,0.0,0.0,0.0,0.0,0.0,0.0,0.0,0.0,0.0,0.0,0.0,0.0,0.0,0.0,0.0,0.0,0.0,0.99969447,0.99176216,0.999871,0.9993644,0.99739504,0.999181,0.99933136,0.99987906,0.9997231,0.9751937,0.9991855,0.9987761,0.998974,0.999108,0.9223637,0.9997375,0.97777504,0.97740364,0.894314,0.9989655,0.684892,0.946298,0.9681095,0.92549,0.0,0.0,0.0030744676,0.0029572523,0.8778477,0.9998367,0.00897431,0.01736684,0.7370277,0.94556564,0.9996287,0.039671447,0.6265843,0.9692709,0.95579666,0.99975103,0.5922196,0.92308635,0.9701227,0.999777,0.9979477,0.6422465,0.75693,0.859137,0.99549234,0.9971735,0.0,0.0,0.0,0.0,0.0713080540299415,0.0004515448,0.0008690687,0.0,0.013864928856492,0.074061595,0.0013054375303909,0.0011003884,0.0562147982418537,0.015890683978796,0.1293112784624099,0.015233226,0.0344559177756309,0.0034297127276659,0.1955906301736831,0.13571467995643616,0.0052343634888529,0.0513426251709461,0.0907961502671241,0.0222908146679401,0.2467007786035537
58,0.0,0.0,0.0,0.0,0.0,0.0,0.0,0.0,0.0,0.0,0.0,0.0,0.0,0.0,0.0,0.0,0.0,0.0,0.0,0.0,0.0,0.0,0.0,0.0,0.0,1.0,1.0,0.997749,0.865993,0.0,0.0,0.0,0.0,0.0,0.0,0.0,0.0,0.0,0.0,0.0,0.0,0.0,0.0,0.0,0.0,0.0,0.0,0.0,0.0,0.0,0.9313852,0.8280007,0.9991293,0.9994633,0.99902236,0.8331293,0.9993435,0.9873714,0.99965763,0.99972904,0.999368,0.9995885,0.930031,0.999136,0.99845934,0.9991605,0.9997405,0.99879396,0.99847436,0.8337194,0.989102,1.0,1.0,0.988806,0.45624,0.0,0.00082530006,0.0025016323,0.083734386,0.8934287,0.0057958756,0.079683885,0.05183356,0.3626472,0.8002926,0.029056298,0.06694261,0.1503441,0.700184,0.9251753,0.078155085,0.7085055,0.685585,0.7955076,0.9225989,0.7064693,0.5406649,0.9822628,0.8456492,0.96407175,0.001291,0.0014288592,0.0006211810978129,0.0020775129087269,0.0269763804972171,0.0005389552,0.0,0.0,0.0149966664612293,0.03090802,0.0004749374929815,0.005307884,0.0168363284319639,0.0380537398159503,0.1042408123612403,0.016909849,0.1149637177586555,0.0627123489975929,0.1966765224933624,0.13861334323883057,0.0146168712526559,0.1550856530666351,0.048395425081253,0.087252601981163,0.118887610733509
59,0.0,0.0,0.0,0.0,0.0,0.0,0.0,0.0,0.0,0.0,0.0,0.0,0.0,0.0,0.0,0.0,0.0,0.0,0.0,0.0,0.0,0.0,0.0,0.0,0.0,0.9373075,0.8155065,0.999804,0.999106,0.984869,0.999732,0.999686,0.999083,0.999576,0.957308,0.999676,0.999684,0.999141,0.999572,0.848969,0.999869,0.999178,1.0,0.999487,0.0,0.0,0.0,0.0,0.0,0.0,0.9488543,0.9817637,0.95943475,0.97926205,0.99950397,0.9999882,0.9722108,0.98283404,0.9990545,0.9996245,0.9833746,0.9319757,0.9983995,0.99956095,0.99977696,0.9710782,0.9453377,0.99993145,0.99991,0.9999765,0.9109262,0.999117,0.99967,1.0,0.999324,0.0,0.00020873336,0.106432214,0.12655622,0.9103904,0.002547513,0.008196611,0.037572876,0.8643666,0.8607856,0.008097206,0.00444101,0.45959038,0.77062255,0.8726477,0.041852023,0.4423534,0.60706115,0.964595,0.7082134,0.79555845,0.70417345,0.7250342,0.9839214,0.7139895,0.0,0.0,0.0,0.0,0.0062832278199493,0.0,0.0,0.0,0.0030523815657943,0.11221172,0.0,0.0024478445,0.009796249680221,0.1929652690887451,0.12766033411026,0.06872033,0.0443944819271564,0.2231574952602386,0.0540184639394283,0.17942611873149872,0.1440579742193222,0.0600055307149887,0.0507090799510479,0.022245829924941,0.0993418768048286
60,0.0,0.0,0.0,0.0,0.0,0.0,0.0,0.0,0.0,0.0,0.0,0.0,0.0,0.0,0.0,0.0,0.0,0.0,0.0,0.0,0.0,0.0,0.0,0.0,0.0,0.99864197,0.98957,0.0,0.0,0.0,0.0,0.0,0.0,0.0,0.0,0.0,0.0,0.0,0.0,0.0,0.0,0.0,0.0,0.0,0.0,0.0,0.0,0.0,0.0,0.0,0.8871311,0.9379144,0.89792806,0.9460997,0.98189133,0.9230132,0.8564922,0.9387693,0.99825096,0.99904865,0.86348754,0.9713416,0.99933404,0.99969363,0.999092,0.9994855,0.999835,0.9989587,0.9994623,0.998987,0.73373365,0.9841445,0.99990654,0.998876,0.999358,0.0,0.004470517,0.040477235,0.07984518,0.98776436,0.008610216,0.04709678,0.03176097,0.88213605,0.8858379,0.009745803,0.044501983,0.81218565,0.82286525,0.9763306,0.7742399,0.81088746,0.8380541,0.9696236,0.96747375,0.56509906,0.84817076,0.93711007,0.92907655,0.99917364,0.0,0.0,0.0008305080118589,0.0027742478996515,0.0159875322133302,0.0,0.00091905426,0.0007092033047229,0.0,0.026298925,0.0025047110393643,0.001885438,0.0131895104423165,0.040072426199913,0.1663013249635696,0.10825752,0.0718945041298866,0.0213943440467119,0.0265555493533611,0.10173805058002472,0.0274776257574558,0.0728921443223953,0.0466716662049293,0.0660266876220703,0.1126247346401214
61,0.0,0.0,0.0,0.0,0.0,0.0,0.0,0.0,0.0,0.0,0.0,0.0,0.0,0.0,0.0,0.0,0.0,0.0,0.0,0.0,0.0,0.0,0.0,0.0,0.0,0.0,0.0,0.0,0.0,0.0,0.0,0.0,0.0,0.0,0.0,0.0,0.0,0.0,0.0,0.0,0.0,0.0,0.0,0.0,0.0,0.0,0.0,0.0,0.0,0.0,0.9244667,0.9171077,0.874699,0.88906753,0.9124713,0.90011215,0.9385974,0.8911494,0.996634,0.96882,0.999152,0.9990405,0.999039,0.98488367,0.7766104,0.999344,0.99858,0.998976,0.9380903,0.9616775,1.0,0.999058,0.9826265,0.97994447,1.0,0.0,0.0008633667,0.008085274,0.045701396,0.97265905,7.841228e-05,0.0032985983,0.026517343,0.82907605,0.8080412,0.021639787,0.16211143,0.48249778,0.79933566,0.9580006,0.012665094,0.6565591,0.90612906,0.99047464,0.99869573,0.6487055,0.6384924,0.8445048,0.9478896,0.9992547,0.0005140147,0.0,0.0005278492462821,0.0,0.0310878288000822,0.0013851419,0.0,0.0009140917100012,0.0029632016085088,0.09184472,0.0,0.0038578259,0.032373197376728,0.0273938048630952,0.0672627538442611,0.03484852,0.0436018295586109,0.0518186017870903,0.0737258419394493,0.12188442051410675,0.0112749245017766,0.0691436752676963,0.0186300333589315,0.0245842412114143,0.1678373217582702
62,0.0,0.0,0.0,0.0,0.0,0.0,0.0,0.0,0.0,0.0,0.0,0.0,0.0,0.0,0.0,0.0,0.0,0.0,0.0,0.0,0.0,0.0,0.0,0.0,0.0,0.99977,1.0,1.0,1.0,0.917694,0.065582,0.743097,0.395336,0.0,0.0,0.0,0.0,0.0,0.0,0.0,0.0,0.0,0.0,0.0,0.0,0.0,0.0,0.0,0.0,0.0,0.901176,0.9961465,0.9992851,0.9998343,0.999913,0.9266272,0.99940836,0.99923867,0.9998764,0.99797696,0.99981,0.9986453,0.99917305,0.99978536,0.99993896,0.99968946,0.99965847,0.99983066,0.9998104,0.99900866,0.994894,0.999912,1.0,0.9994764,0.666278,0.0,0.0060754837,0.009747368,0.118705,0.8008847,0.0027854915,0.008559286,0.073497795,0.88342345,0.8630846,0.0049194344,0.024941888,0.122562155,0.95514935,0.69852513,0.04311452,0.57737106,0.98008263,0.98408157,0.99064046,0.73072803,0.65615225,0.9730266,0.7099589,0.713455,0.0,0.0,0.0,0.0019173508044332,0.0008044842397794,0.0,0.0,0.000797446235083,0.0035939642693847,0.020993032,0.0,0.0005975715,0.0195420738309621,0.0342516787350177,0.1012744605541229,0.022760814,0.0536473505198955,0.0465078577399253,0.1438034623861313,0.04683927446603775,0.0549375414848327,0.0147217763587832,0.0001172417541965,0.1160112470388412,0.0569940879940986
63,0.0,0.0,0.0,0.0,0.0,0.0,0.0,0.0,0.0,0.0,0.0,0.0,0.0,0.0,0.0,0.0,0.0,0.0,0.0,0.0,0.0,0.0,0.0,0.0,0.0,0.0,0.0,0.0,0.0,0.0,0.0,0.0,0.0,0.0,0.0,0.0,0.0,0.0,0.0,0.0,0.0,0.0,0.0,0.0,0.0,0.0,0.0,0.0,0.0,0.0,0.91872597,0.8677968,0.874722,0.8694854,0.9995203,0.8188776,0.801608,0.8479888,0.9993707,0.99966,0.8851504,0.91287535,0.9996637,0.999405,0.999647,0.999234,1.0,0.88727045,0.887532,0.978496,0.999596,1.0,0.8978235,0.9535207,0.82667446,0.002821435,0.002155475,0.0034133485,0.035505194,0.94743073,0.009721302,0.009334265,0.073299825,0.6571788,0.76776993,0.00773683,0.012815658,0.50317377,0.52227646,0.8150917,0.5923772,0.5585501,0.6521331,0.8683072,0.96861315,0.56370765,0.8407857,0.8955136,0.81321055,0.99852467,0.0,0.0,0.0,0.0,0.0023063400294631,0.0012368509,0.0,0.0,0.0291395857930183,0.11719924,0.002052531344816,0.0,0.034933540970087,0.0180211272090673,0.070329412817955,0.065025635,0.0724998638033866,0.0702143758535385,0.0585983805358409,0.1029181033372879,0.0239086877554655,0.0962222442030906,0.0748542174696922,0.1763599514961242,0.1849777102470398
64,0.0,0.0,0.0,0.0,0.0,0.0,0.0,0.0,0.0,0.0,0.0,0.0,0.0,0.0,0.0,0.0,0.0,0.0,0.0,0.0,0.0,0.0,0.0,0.0,0.0,0.8018595,0.999832,0.987103,0.813586,0.676457,0.995853,0.999663,0.99955,0.805059,0.62582,0.0,0.0,0.998769,0.764247,0.551547,0.0,0.0,0.0,0.0,0.0,0.0,0.0,0.0,0.0,0.0,0.9197984,0.8564075,0.912921,0.9990474,0.99925065,0.87868774,0.92589635,0.9992177,0.99983597,0.999428,0.99872446,0.9997955,0.9995197,0.9994117,0.999062,0.9992205,0.99951696,0.99966305,0.9990477,0.99911666,1.0,0.9982925,0.97349966,0.9985994,0.995794,0.0,0.008606672,0.004006066,0.8328931,0.97993916,0.00182619,0.0094969375,0.7335572,0.9750987,0.99869263,0.045778144,0.5305811,0.91697824,0.97191983,0.9583527,0.5363656,0.8519552,0.92668426,0.90441704,0.749478,0.40413195,0.801907,0.8293741,0.7613375,0.7488215,0.00043436766,0.0,0.0,0.0019206547876819,0.0839572846889495,0.0,0.00070974045,0.0006425820174627,0.0107364999130368,0.044497017,0.0,0.0007766777,0.014067250303924,0.0405698753893375,0.1240489408373832,0.058634635,0.0155104156583547,0.0415500104427337,0.0253758952021598,0.11831577122211456,0.0726150050759315,0.1936079561710357,0.1499973237514495,0.1116050481796264,0.0798632055521011
65,0.0,0.0,0.0,0.0,0.0,0.0,0.0,0.0,0.0,0.0,0.0,0.0,0.0,0.0,0.0,0.0,0.0,0.0,0.0,0.0,0.0,0.0,0.0,0.0,0.0,0.907887,0.849082,0.7645815,0.898315,0.802986,0.999122,0.99964297,0.999778,0.830772,0.344978,0.519066,0.0,0.0,0.0,0.0,0.0,0.0,0.0,0.0,0.0,0.0,0.0,0.0,0.0,0.0,0.87557745,0.94739735,0.90854084,0.9998187,0.9997234,0.8392687,0.8248357,0.907454,0.9997413,0.99975395,0.89821243,0.890631,0.90623474,0.9996807,0.9987044,0.97318006,0.8950232,0.9189115,0.99937236,0.9992809,0.9934525,0.88898426,0.9152467,0.99902976,0.99953604,0.0,0.0074020764,0.012163102,0.04927494,0.8928415,0.0,0.006051254,0.03445299,0.8299869,0.9346409,0.0024070102,0.60407794,0.66477513,0.91562355,0.9640425,0.097809836,0.54648495,0.76768345,0.9359573,0.97445804,0.6377532,0.5618806,0.77225703,0.92805624,0.7805918,0.0013288603,0.0010130376,0.0,0.0045780087821185,0.0060539525002241,0.0,0.0,0.0,0.0288279727101326,0.034412846,0.0,0.00057286443,0.0016526817344129,0.0744421556591987,0.1769467890262603,0.04474978,0.0464560985565185,0.1081351339817047,0.1328835189342498,0.08832072466611862,0.0209133755415678,0.0107730105519294,0.045858908444643,0.1464881300926208,0.1082403436303138
66,0.0,0.0,0.0,0.0,0.0,0.0,0.0,0.0,0.0,0.0,0.0,0.0,0.0,0.0,0.0,0.0,0.0,0.0,0.0,0.0,0.0,0.0,0.0,0.0,0.0,0.0,0.0,0.0,0.0,0.0,0.0,0.0,0.0,0.0,0.0,0.0,0.0,0.0,0.0,0.0,0.0,0.0,0.0,0.0,0.0,0.0,0.0,0.0,0.0,0.0,0.78161776,0.8196175,0.94381344,0.9992647,0.9994857,0.9389403,0.9309975,0.99987936,0.99882066,0.999205,0.99959147,0.999531,0.99996203,0.9998493,0.9993187,0.99881554,0.999635,0.999477,0.99984235,0.999672,0.9985655,0.9992705,0.96971464,0.997664,0.996938,0.0,0.0045197117,0.017994009,0.9833645,0.9361833,0.0035492412,0.012677466,0.020515073,0.9246323,0.91603374,0.017744787,0.009130742,0.7640108,0.9608483,0.9991226,0.69149333,0.8218967,0.8857713,0.96167576,0.999292,0.47540867,0.5664916,0.756663,0.97299,0.9980993,0.0,0.0,0.0,0.0013243596768006,0.0161860827356576,0.0027906345,0.0005024687,0.0,0.0102104246616363,0.13333578,0.0,0.008086513,0.0364974848926067,0.0840947777032852,0.087765023112297,0.028945891,0.0410908684134483,0.0192150697112083,0.1285011172294616,0.06882179528474808,0.1659904420375824,0.0702448040246963,0.2133980542421341,0.1903968751430511,0.0602598451077938
67,0.0,0.0,0.0,0.0,0.0,0.0,0.0,0.0,0.0,0.0,0.0,0.0,0.0,0.0,0.0,0.0,0.0,0.0,0.0,0.0,0.0,0.0,0.0,0.0,0.0,0.0,0.0,0.0,0.0,0.0,0.0,0.0,0.0,0.0,0.0,0.0,0.0,0.0,0.0,0.0,0.0,0.0,0.0,0.0,0.0,0.0,0.0,0.0,0.0,0.0,0.9754521,0.9222188,0.90175146,0.999036,0.9996807,0.84809434,0.913768,0.9994454,0.9995867,0.99951833,0.99953246,0.99868155,0.9993644,0.99918604,0.99926937,0.9991965,0.99964154,0.89999676,0.99972904,0.9989934,0.99928904,0.843752,0.99774903,0.973544,0.0,0.0,0.0020177583,0.009111092,0.056974694,0.809025,0.006803547,0.01497219,0.031495582,0.81772476,0.9730566,0.005696717,0.008699043,0.7233448,0.9872151,0.5994174,0.097198114,0.68369895,0.9311738,0.993196,0.99897754,0.73205537,0.6707076,0.8232086,0.87872887,0.94902533,0.0,0.0,0.0,0.0016518245683982,0.0023192900698632,0.0,0.0,0.0008108225883916,0.0095703890547156,0.04797769,0.001107289106585,0.0040986133,0.0048626125790178,0.0353851690888404,0.091306984424591,0.048502907,0.1026989370584487,0.0329043082892894,0.0333026312291622,0.11963488161563873,0.0141608901321887,0.0999058112502098,0.105045385658741,0.1291777342557907,0.0285435933619737
68,0.0,0.0,0.0,0.0,0.0,0.0,0.0,0.0,0.0,0.0,0.0,0.0,0.0,0.0,0.0,0.0,0.0,0.0,0.0,0.0,0.0,0.0,0.0,0.0,0.0,0.0,0.0,0.0,0.0,0.0,0.0,0.0,0.0,0.0,0.0,0.0,0.0,0.0,0.0,0.0,0.0,0.0,0.0,0.0,0.0,0.0,0.0,0.0,0.0,0.0,0.92561805,0.88502425,0.93333834,0.8613727,0.9998585,0.9161147,0.89697206,0.999997,0.9997055,0.99976695,0.99918854,0.99998,0.99927247,1.0,0.9990945,0.99914753,0.9987515,0.999948,0.9992435,0.999061,0.99664295,0.99928904,0.999565,0.999268,0.0,0.0,0.0032620763,0.014801852,0.040859416,0.90572506,0.0052700345,0.0021352018,0.015635565,0.78507185,0.9137572,0.017079482,0.10781403,0.8350884,0.9087386,0.9315612,0.5448265,0.84119004,0.86965823,0.93787354,0.96351326,0.7293246,0.5151356,0.8933305,0.9038979,0.9960691,0.0036825736,0.00070150377,0.0007682539871893,0.0008855438791215,0.0022757835686206,0.00059802254,0.0009999062,0.0,0.0321867577731609,0.16899782,0.00188450794667,0.015742378,0.0226199831813573,0.0230165272951126,0.0317734479904174,0.021112073,0.0437706410884857,0.0257390104234218,0.0701402723789215,0.13748914003372192,0.0092107271775603,0.0080322939902544,0.0824918895959854,0.1495468914508819,0.2448755949735641
69,0.0,0.0,0.0,0.0,0.0,0.0,0.0,0.0,0.0,0.0,0.0,0.0,0.0,0.0,0.0,0.0,0.0,0.0,0.0,0.0,0.0,0.0,0.0,0.0,0.0,0.999977,0.999874,0.99996746,0.8342995,0.999772,0.9970935,0.999228,0.9504245,1.0,0.99927,0.0,0.407581,1.0,0.0,0.0,0.073712,0.0,0.0,0.0,0.0,0.0,0.0,0.0,0.0,0.0,0.7459562,0.96235275,0.9570935,0.9997717,0.9995367,0.9175255,0.9307568,0.99988866,0.9994167,0.9992393,0.9359612,0.999679,0.86154103,0.99983037,0.9977676,0.672008,0.872761,0.9319683,0.99848366,0.999944,0.5035819,0.90617275,0.9997425,0.9972965,0.9931,0.0,0.0053203003,0.007914982,0.052416973,0.51598775,0.001672807,0.012225468,0.06547074,0.21034633,0.916134,0.014477914,0.037020892,0.15011352,0.691335,0.5286499,0.12762332,0.0589682,0.7349958,0.58007556,0.22871138,0.019341718,0.13812685,0.85586226,0.092199415,0.055022046,0.0,0.00065031816,0.0016186613356694,0.0,0.0,0.0023346269,0.0009901692,0.0,0.0036466694436967,0.08107503,0.0,0.00451316,0.0086986329406499,0.0323174521327018,0.0971473827958107,0.02509269,0.0731128230690956,0.0187228322029113,0.1756366342306137,0.057421453297138214,0.0468437634408474,0.04962158203125,0.1504209786653518,0.1632125079631805,0.1633320748805999
70,0.0,0.0,0.0,0.0,0.0,0.0,0.0,0.0,0.0,0.0,0.0,0.0,0.0,0.0,0.0,0.0,0.0,0.0,0.0,0.0,0.0,0.0,0.0,0.0,0.0,0.0,0.0,0.0,0.0,0.0,0.0,0.0,0.0,0.0,0.0,0.0,0.0,0.0,0.0,0.0,0.0,0.0,0.0,0.0,0.0,0.0,0.0,0.0,0.0,0.0,0.93064976,0.94561523,0.95381165,0.91049707,0.9999835,0.901905,0.91717005,0.8843624,0.999923,0.9992415,0.99906254,0.999933,0.99972546,0.99952745,0.99993396,0.9994845,0.999791,0.9988575,0.998531,0.99977696,0.9807135,0.980984,0.99814653,0.90164304,0.0,0.0,0.0024967168,0.0031133695,0.1618933,0.9580697,0.0069692167,0.0052209827,0.026202941,0.9529073,0.96328384,0.07825139,0.03739153,0.8183406,0.9108747,0.950043,0.45143017,0.86955047,0.8517482,0.94826776,0.983743,0.64192647,0.7979479,0.9033748,0.9885972,0.9979763,0.0,0.0,0.0,0.0,0.0145195890218019,0.0,0.0,0.0009667280246503,0.0094933211803436,0.036685824,0.0,0.011811175,0.0171926394104957,0.0958047658205032,0.1155806705355644,0.018999798,0.0806323662400245,0.0206283573061227,0.0902778208255767,0.15506567060947418,0.125238299369812,0.0559699200093746,0.1503108888864517,0.1631043553352356,0.043344747275114
71,0.0,0.0,0.0,0.0,0.0,0.0,0.0,0.0,0.0,0.0,0.0,0.0,0.0,0.0,0.0,0.0,0.0,0.0,0.0,0.0,0.0,0.0,0.0,0.0,0.0,0.999377,1.0,1.0,0.997774,0.0,0.993109,0.996098,0.785579,0.0,0.0,0.119824,0.0,0.0,0.0,0.0,0.0,0.0,0.0,0.0,0.0,0.0,0.0,0.0,0.0,0.0,0.87193733,0.9371093,0.8627284,0.99948967,0.99980533,0.8761294,0.836717,0.9131973,0.9994737,0.9993857,0.89503,0.92896026,0.9369515,0.999066,0.9864604,0.8652924,0.92736626,0.97521466,0.99137676,0.998873,0.86203,0.9174292,0.9236147,0.999182,0.835751,0.0,0.008794914,0.010250811,0.049188416,0.7831403,0.002617916,0.0059112,0.061844993,0.8443129,0.98437095,0.009984417,0.0042715254,0.6528212,0.9779583,0.9253336,0.022517491,0.49684626,0.9368703,0.97226065,0.15246177,0.7131748,0.5294052,0.8679417,0.9196503,0.498753,0.0018647867,0.00066054484,0.0,0.0,0.0477574840188026,0.0,0.0,0.0,0.0193740352988243,0.026972976,0.0,0.0,0.0134805841371417,0.0419838204979896,0.1914447844028473,0.080269195,0.0939968675374984,0.0409483090043067,0.067361369729042,0.10390987247228622,0.1187190040946006,0.0258663240820169,0.0792556405067443,0.0332661047577858,0.1139964163303375
72,0.0,0.0,0.0,0.0,0.0,0.0,0.0,0.0,0.0,0.0,0.0,0.0,0.0,0.0,0.0,0.0,0.0,0.0,0.0,0.0,0.0,0.0,0.0,0.0,0.0,1.0,0.995465,0.0,0.0,0.0,0.0,0.0,0.0,0.0,0.0,0.0,0.0,0.0,0.0,0.0,0.0,0.0,0.0,0.0,0.0,0.0,0.0,0.0,0.0,0.0,0.922998,0.9582957,0.96421075,0.9990544,0.99892735,0.9839202,0.88972074,0.99869174,0.9993547,0.9997367,0.8690015,0.9989375,0.99885166,0.99966204,0.99921936,0.99865246,0.998725,0.7893504,0.999067,0.9773965,0.9900975,0.99676454,0.80014896,0.9964,0.982716,0.0012846183,0.00053924596,0.00307325,0.04605281,0.94925195,0.06195775,0.03144808,0.026726354,0.8336827,0.99808156,0.014493212,0.027183509,0.81332916,0.9903125,0.66494554,0.07784683,0.6244943,0.8908311,0.96249723,0.9983603,0.70678765,0.9016361,0.88124466,0.80366564,0.99922895,0.0,0.0,0.0,0.0,0.0112627586349844,0.0,0.0013746357,0.0015661692013964,0.0005203302134759,0.040229574,0.0,0.0114599075,0.0253831818699836,0.0328393131494522,0.0628280341625213,0.066642426,0.2444229125976562,0.0642598643898963,0.0899012014269828,0.03843246027827263,0.1281329095363617,0.1061762571334838,0.0833597332239151,0.0587769486010074,0.06563351303339
73,0.0,0.0,0.0,0.0,0.0,0.0,0.0,0.0,0.0,0.0,0.0,0.0,0.0,0.0,0.0,0.0,0.0,0.0,0.0,0.0,0.0,0.0,0.0,0.0,0.0,1.0,1.0,1.0,0.0,0.0,0.097339,0.155221,0.0,0.0,0.0,0.0,0.0,0.0,0.0,0.0,0.0,0.0,0.0,0.0,0.0,0.0,0.0,0.0,0.0,0.0,0.91102827,0.9548352,0.9761133,0.9617772,0.9984757,0.98974335,0.88804233,0.950186,0.99924433,0.9992633,0.92588806,0.863473,0.999328,0.999755,0.99993396,0.94821274,0.999601,0.8375485,0.99941534,0.9242964,0.64653504,0.6569227,0.99770236,0.9967305,0.0,0.0,0.0025079916,0.010149678,0.1598679,0.89698935,0.010020313,0.016396467,0.07123972,0.81723887,0.91915166,0.0028282953,0.05307622,0.79937536,0.9777209,0.9325112,0.084709495,0.6317354,0.9235508,0.96972847,0.9956082,0.64172596,0.5444425,0.7866554,0.7483841,0.98420274,0.0,0.0,0.0,0.0,0.0212322864681482,0.0,0.0,0.0008240651222877,0.0349733904004097,0.141154,0.0,0.0,0.0113067599013447,0.0460183471441268,0.1272731125354766,0.033380114,0.0238419473171234,0.1418633460998535,0.1099111884832382,0.040686458349227905,0.0414564050734043,0.0413119159638881,0.0971855148673057,0.1454122364521026,0.0766755193471908
74,0.0,0.0,0.0,0.0,0.0,0.0,0.0,0.0,0.0,0.0,0.0,0.0,0.0,0.0,0.0,0.0,0.0,0.0,0.0,0.0,0.0,0.0,0.0,0.0,0.0,0.0,0.0,0.0,0.0,0.0,0.0,0.0,0.0,0.0,0.0,0.0,0.0,0.0,0.0,0.0,0.0,0.0,0.0,0.0,0.0,0.0,0.0,0.0,0.0,0.0,0.94040316,0.8853397,0.999048,0.999326,0.999614,0.7624571,0.99896646,0.9996985,0.9983865,0.99971247,0.99939847,0.99986553,0.9987625,0.998985,0.9846955,0.999453,0.99941254,0.999563,0.9925655,0.6155355,0.99965453,0.99880147,0.971695,0.998903,0.983718,0.0,0.000462225,0.0078020357,0.1892771,0.88360417,0.0013284287,0.03356443,0.033850305,0.99076664,0.9305147,0.09926622,0.6695584,0.925099,0.9945472,0.99929506,0.5216692,0.79723465,0.9586229,0.98698187,0.74976254,0.4449643,0.6363595,0.94746816,0.9363553,0.49652076,0.0,0.0,0.0,0.0,0.0117711182683706,0.0,0.0,0.0,0.0012424445012584,0.14376184,0.0,0.0036201002,0.037475798279047,0.0089857019484043,0.0875206738710403,0.0088797845,0.0980008617043495,0.0524215176701545,0.0591050051152706,0.06632918864488602,0.1094377487897872,0.1931187063455581,0.2237710207700729,0.0791884586215019,0.2203443348407745
75,0.0,0.0,0.0,0.0,0.0,0.0,0.0,0.0,0.0,0.0,0.0,0.0,0.0,0.0,0.0,0.0,0.0,0.0,0.0,0.0,0.0,0.0,0.0,0.0,0.0,0.0,0.0,0.0,0.0,0.0,0.0,0.0,0.0,0.0,0.0,0.0,0.0,0.0,0.0,0.0,0.0,0.0,0.0,0.0,0.0,0.0,0.0,0.0,0.0,0.0,0.03455654,0.8877799,0.83574903,0.8418293,1.0,0.9155884,0.87559676,0.8570163,1.0,1.0,0.8455,1.0,1.0,0.9993225,1.0,0.999821,0.99670804,0.9963255,0.9997215,1.0,0.955885,0.807563,0.992608,0.0,0.0,0.0,0.0014796001,0.015649438,0.057067383,0.79960114,0.0070371553,0.0084945,0.03270063,0.7462757,0.89470357,0.0057340413,0.017065505,0.1287762,0.5718152,0.97346205,0.095095284,0.5734971,0.6108435,0.9629307,0.9996227,0.64578295,0.6725596,0.7885228,0.7846817,0.9987893,0.0,0.0,0.0,0.0,0.0099424021318554,0.0,0.0,0.0,0.0027112546376883,0.14068946,0.0,0.0,0.0118385031819343,0.0605723522603511,0.0701704919338226,0.037714392,0.1057754456996917,0.0219987444579601,0.1081905364990234,0.07478144764900208,0.1469474583864212,0.0416984185576438,0.0820130854845047,0.0311100669205188,0.016497878357768
76,0.0,0.0,0.0,0.0,0.0,0.0,0.0,0.0,0.0,0.0,0.0,0.0,0.0,0.0,0.0,0.0,0.0,0.0,0.0,0.0,0.0,0.0,0.0,0.0,0.0,0.83934796,0.7754065,0.7485645,0.666517,0.56283396,0.999277,1.0,0.999371,0.818787,0.591532,0.0,0.0,0.654702,0.0,0.0,0.0,0.0,0.0,0.0,0.0,0.0,0.0,0.0,0.0,0.0,0.98416525,0.9175204,0.8479563,0.9027411,0.999511,0.8948755,0.9372977,0.903624,0.9995475,0.9988215,0.99989796,0.9996815,0.89171433,0.99883246,0.999208,0.9993585,0.99973154,0.85940236,0.9994035,0.9994145,0.999421,0.991063,0.9988175,0.99948204,0.998995,0.0,0.011453959,0.010105495,0.12691724,0.91655463,0.0101931775,0.0038211558,0.04028395,0.8413427,0.98596835,0.08269327,0.06494571,0.5508966,0.988434,0.99413383,0.58857626,0.8658928,0.9183007,0.9937007,0.99898946,0.71196765,0.6240522,0.782832,0.92113984,0.847579,0.00076775736,0.004284121,0.0,0.0215201880782842,0.1113903671503067,0.002811724,0.0004974351,0.0012258032802492,0.0031695945654064,0.043931182,0.0024244843516498,0.009250496,0.007776447571814,0.0532110668718814,0.0637209266424179,0.029670542,0.0117513258010149,0.0916950851678848,0.103129006922245,0.0881248190999031,0.0794829353690147,0.0028361862059682,0.067692756652832,0.1477684378623962,0.0970340147614479
77,0.0,0.0,0.0,0.0,0.0,0.0,0.0,0.0,0.0,0.0,0.0,0.0,0.0,0.0,0.0,0.0,0.0,0.0,0.0,0.0,0.0,0.0,0.0,0.0,0.0,0.999901,0.9336495,0.0,0.0,0.0,0.1579055,0.4666205,0.0,0.0,0.0,0.0,0.0,0.0,0.0,0.0,0.0,0.0,0.0,0.0,0.0,0.0,0.0,0.0,0.0,0.0,0.9367262,0.9695855,0.99232435,0.999123,0.99987304,0.96262825,0.9843146,0.9155787,0.999375,0.9989245,0.9435727,0.9994215,0.9995135,0.99924445,0.999209,0.999681,0.99900496,0.9989955,0.99962497,0.999507,0.9998355,1.0,0.999273,0.997357,0.052889,0.0,0.0018991501,0.0065905857,0.10288527,0.9109653,0.005365916,0.01440599,0.18134974,0.57478845,0.96177644,0.007921,0.07150244,0.7391252,0.98797196,0.8838896,0.13951829,0.74856204,0.81436366,0.9898237,0.9976977,0.64881,0.66083735,0.76063555,0.9271485,0.99939203,0.0,0.0,0.0,0.0006587433163076,0.0256241150200366,0.0,0.0,0.0,0.0038922412786632,0.009834131,0.0,0.0,0.0340064130723476,0.0988648384809494,0.1197149157524108,0.04361096,0.076650246977806,0.1298423707485199,0.1597258150577545,0.07859338819980621,0.0045460402034223,0.1086508259177208,0.007690314669162,0.0633770152926445,0.0624299757182598
78,0.0,0.0,0.0,0.0,0.0,0.0,0.0,0.0,0.0,0.0,0.0,0.0,0.0,0.0,0.0,0.0,0.0,0.0,0.0,0.0,0.0,0.0,0.0,0.0,0.0,0.0,0.0,0.0,0.0,0.0,0.0,0.0,0.0,0.0,0.0,0.0,0.0,0.0,0.0,0.0,0.0,0.0,0.0,0.0,0.0,0.0,0.0,0.0,0.0,0.0,0.9132002,0.8850052,0.89468277,0.99982804,0.9996254,0.90484095,0.9858687,0.9998107,0.999318,0.9985277,0.999294,0.9993485,0.999429,0.9989607,0.8712927,0.99926245,0.9989475,0.8215377,0.9911231,0.999562,0.9955995,0.9997215,0.99858,0.996414,0.989537,0.0,0.003503034,0.009383548,0.8325392,0.87060595,0.0,0.013711381,0.103603736,0.71242934,0.941111,0.018822758,0.6790326,0.73763365,0.89465064,0.951039,0.4837568,0.7731695,0.75134647,0.91795564,0.749221,0.5089091,0.5804651,0.79758024,0.72049123,0.9977755,0.00037852206,0.0,0.0009000317659229,0.0024309379514306,0.0061458563432097,0.0,0.0,0.0,0.005596384871751,0.026244666,0.008085124194622,0.0019030495,0.0127452556043863,0.0483374744653701,0.0485350117087364,0.009483009,0.0662333965301513,0.1639666557312011,0.0653738379478454,0.02979312837123871,0.1511765867471695,0.1032642126083374,0.0371315889060497,0.1276811808347702,0.0116525813937187
79,0.0,0.0,0.0,0.0,0.0,0.0,0.0,0.0,0.0,0.0,0.0,0.0,0.0,0.0,0.0,0.0,0.0,0.0,0.0,0.0,0.0,0.0,0.0,0.0,0.0,0.0,0.0,0.0,0.0,0.0,0.0,0.0,0.0,0.0,0.0,0.0,0.0,0.0,0.0,0.0,0.0,0.0,0.0,0.0,0.0,0.0,0.0,0.0,0.0,0.0,0.88670695,0.8884773,0.9999815,1.0,0.9684295,0.999495,1.0,0.9998845,0.97668695,0.9425665,0.999511,1.0,0.988882,0.95457554,0.9262455,0.9990485,0.969186,0.9293695,0.893054,0.863665,0.730661,0.7059825,0.4507485,0.831488,0.856343,0.0,0.0037312298,0.0,0.93188226,0.93383676,0.0,0.0102714915,0.87373555,0.91098595,0.9308635,0.9196456,0.8043227,0.9222846,0.89568025,0.9166695,0.8097914,0.84470844,0.8964778,0.95267075,0.99964064,0.7092124,0.81545585,0.8846114,0.9800183,0.998896,0.0,0.0,0.001247234409675,0.0,0.0030778527725487,0.0,0.0,0.0025230408646166,0.0396066717803478,0.05628993,0.0,0.0044843005,0.0182608552277088,0.0491398647427558,0.1227374449372291,0.07809551,0.0109551362693309,0.1798904091119766,0.1138984709978103,0.9059944152832031,0.072243645787239,0.1331418305635452,0.1419314891099929,0.8410935401916504,0.9630229473114014
80,0.0,0.0,0.0,0.0,0.0,0.0,0.0,0.0,0.0,0.0,0.0,0.0,0.0,0.0,0.0,0.0,0.0,0.0,0.0,0.0,0.0,0.0,0.0,0.0,0.0,1.0,0.691117,0.0,0.0,0.0,0.840861,0.0,0.0,0.0,0.0,0.0,0.0,0.0,0.0,0.0,0.0,0.0,0.0,0.0,0.0,0.0,0.0,0.0,0.0,0.0,0.92886555,0.8713343,0.8928444,0.99979496,0.9995963,0.8450908,0.84063876,0.99879706,0.999403,0.99945664,0.90562665,0.9992115,0.9997554,0.9994814,0.99964905,0.99949646,0.999295,0.9994405,0.999467,0.999405,0.99881697,0.9998665,0.9994545,0.999249,0.99817,0.0,0.0017515341,0.007265636,0.036971454,0.90227765,0.0019942333,0.05005274,0.03427237,0.70731443,0.94886035,0.19284017,0.01615097,0.66755736,0.92002076,0.90479314,0.5573892,0.66952866,0.8367602,0.954899,0.98405224,0.57066965,0.76556987,0.86641186,0.9073574,0.999335,0.0,0.0,0.0,0.008064841851592,0.0037033495027571,0.0,0.0,0.0021863884758204,0.0430581010878086,0.071666695,0.0010943410452455,0.0011812773,0.0069179465062916,0.0356254316866397,0.030921259894967,0.02185982,0.0194706581532955,0.078243151307106,0.0752156227827072,0.18331864476203918,0.0915684923529625,0.0855805128812789,0.0069470005109906,0.0739488154649734,0.0136582413688302
81,0.0,0.0,0.0,0.0,0.0,0.0,0.0,0.0,0.0,0.0,0.0,0.0,0.0,0.0,0.0,0.0,0.0,0.0,0.0,0.0,0.0,0.0,0.0,0.0,0.0,0.0,0.0,0.0,0.0,0.0,0.0,0.0,0.0,0.0,0.0,0.0,0.0,0.0,0.0,0.0,0.0,0.0,0.0,0.0,0.0,0.0,0.0,0.0,0.0,0.0,0.9647868,0.923267,0.9163837,0.9995395,0.99932647,0.901042,0.88330835,0.99932146,0.9989785,0.9993155,0.9039297,0.99937546,0.99882305,0.9998665,0.9988835,0.9993023,0.998716,0.999071,0.99967647,0.6855735,0.969867,1.0,0.8615695,0.0,0.0,0.0,0.003871917,0.005809575,0.8575766,0.96084774,0.0,0.0033230707,0.15623713,0.7443587,0.9998503,0.08093134,0.070046574,0.5849265,0.9820731,0.956486,0.4213546,0.86874133,0.93923336,0.9323362,0.999381,0.56708336,0.7295217,0.8530436,0.97379863,0.999838,0.0,0.0,0.0,0.0043107094243168,0.0040695336647331,0.0,0.0011617597,0.0,0.006171875167638,0.03093771,0.0056810155510902,0.002081504,0.0099993422627449,0.1059402748942375,0.1049243137240409,0.09575496,0.0640999898314476,0.0638511031866073,0.0335901975631713,0.13780763745307922,0.1697425246238708,0.1321761906147003,0.1137956604361534,0.1747419536113739,0.0331006683409214
82,0.0,0.0,0.0,0.0,0.0,0.0,0.0,0.0,0.0,0.0,0.0,0.0,0.0,0.0,0.0,0.0,0.0,0.0,0.0,0.0,0.0,0.0,0.0,0.0,0.0,0.0,0.0,0.0,0.0,0.0,0.0,0.0,0.0,0.0,0.0,0.0,0.0,0.0,0.0,0.0,0.0,0.0,0.0,0.0,0.0,0.0,0.0,0.0,0.0,0.0,0.9055185,0.9212317,1.0,0.998577,0.999862,0.99954605,0.99998903,0.99937403,0.99929905,0.999025,0.999343,0.998793,0.9991495,0.9995405,0.9998125,0.99895954,0.99954903,0.9991365,0.99918,0.99921,0.999329,0.99953496,0.998919,0.9991995,0.7513775,0.0,0.0026876195,0.0026933143,0.108630285,0.91441536,0.0032512243,0.017288908,0.106677584,0.92082185,0.9319031,0.015643088,0.03719009,0.8270401,0.9651645,0.72842014,0.6863177,0.81644017,0.985869,0.9869109,0.98514795,0.5208544,0.9364704,0.99953234,0.9986144,0.89697945,0.0,0.0,0.0014358267653733,0.0,0.0648747086524963,0.001046209,0.0,0.0,0.0066879028454422,0.095312625,0.0022415658459067,0.0,0.0052138599567115,0.0905723199248313,0.0603825449943542,0.044517983,0.1483712494373321,0.0349347107112407,0.0795803293585777,0.23534677922725677,0.0655794590711593,0.0371632277965545,0.1678340137004852,0.0760093033313751,0.0948687270283699
83,0.0,0.0,0.0,0.0,0.0,0.0,0.0,0.0,0.0,0.0,0.0,0.0,0.0,0.0,0.0,0.0,0.0,0.0,0.0,0.0,0.0,0.0,0.0,0.0,0.0,0.0,0.0,0.0,0.0,0.0,0.0,0.0,0.0,0.0,0.0,0.0,0.0,0.0,0.0,0.0,0.0,0.0,0.0,0.0,0.0,0.0,0.0,0.0,0.0,0.0,0.87584406,0.8255272,0.9357195,0.998908,0.99921334,0.9027337,0.861305,0.9997503,0.9995177,0.99960935,0.9991865,0.9998745,0.9991843,0.999515,0.9992727,0.9998375,0.99865746,0.9208883,0.99892205,0.9395925,0.980793,0.9608855,0.9985775,0.8264605,0.999402,0.0,0.0032138585,0.0027172475,0.9306954,0.8586338,0.003602723,0.007842981,0.5684995,0.8837465,0.8924192,0.03200171,0.5124876,0.86345416,0.9156076,0.9993193,0.64800006,0.7106088,0.9135675,0.92933387,0.99985135,0.6163838,0.6607732,0.83061785,0.9607115,0.999666,0.000946875,0.0009399015,0.0,0.0,0.0028147094417363,0.00057923136,0.0,0.0003446032933425,0.0067991795949637,0.06349534,0.0007894687587395,0.0012000826,0.0269911549985408,0.0800448507070541,0.1539832353591919,0.03678002,0.0313736349344253,0.0312417186796665,0.1663166433572769,0.10905222594738007,0.0835819542407989,0.0500328950583934,0.1646431982517242,0.0981922820210456,0.0337810553610324
84,0.0,0.0,0.0,0.0,0.0,0.0,0.0,0.0,0.0,0.0,0.0,0.0,0.0,0.0,0.0,0.0,0.0,0.0,0.0,0.0,0.0,0.0,0.0,0.0,0.0,0.0,0.0,0.0,0.0,0.0,0.0,0.0,0.0,0.0,0.0,0.0,0.0,0.0,0.0,0.0,0.0,0.0,0.0,0.0,0.0,0.0,0.0,0.0,0.0,0.0,0.9323033,0.93392336,0.94538355,0.99971306,0.999098,0.971069,0.9379727,0.99918234,0.99959564,0.99941397,0.9993395,0.9997017,0.99990267,0.999583,0.9997603,0.999151,0.910522,0.99915475,0.9995531,0.998302,0.8006997,0.898275,0.99908245,0.926376,0.0,0.0,0.0045556105,0.0018714378,0.12450538,0.8807188,0.003315822,0.038083326,0.047927797,0.7503318,0.96587586,0.10827852,0.016130943,0.6799553,0.9251954,0.95929706,0.36463568,0.47077948,0.8243208,0.94546545,0.9989575,0.5876809,0.6377231,0.8863784,0.99940157,0.998567,0.0,0.0,0.0,0.0007546228007413,0.0120887625962495,0.0,0.0,0.0,0.0058138710446655,0.08448257,0.0,0.0,0.0056998813524842,0.0015221459325402,0.1940741389989853,0.0788177,0.0359712727367877,0.0542943067848682,0.0927672162652015,0.1141466274857521,0.0407681688666343,0.0437299236655235,0.0483400635421276,0.1521164625883102,0.1444285809993744
85,0.0,0.0,0.0,0.0,0.0,0.0,0.0,0.0,0.0,0.0,0.0,0.0,0.0,0.0,0.0,0.0,0.0,0.0,0.0,0.0,0.0,0.0,0.0,0.0,0.0,0.0,0.0,0.0,0.0,0.0,0.0,0.0,0.0,0.0,0.0,0.0,0.0,0.0,0.0,0.0,0.0,0.0,0.0,0.0,0.0,0.0,0.0,0.0,0.0,0.0,0.956148,0.999762,0.99924004,0.999399,0.99967897,0.9994505,0.998713,0.9993285,0.998658,0.9894085,0.999701,1.0,0.999191,0.999201,0.89996946,1.0,0.99974203,1.0,0.998635,0.998367,1.0,0.0,0.262706,0.95755,1.0,0.0013878484,0.0041573555,0.010864432,0.867197,0.92702496,0.001031832,0.012006087,0.8193552,0.95525,0.9356532,0.4682481,0.8636923,0.8636927,0.972013,0.9998137,0.6138496,0.85940254,0.9177114,0.9995894,0.99908304,0.5684181,0.54531085,0.6594138,0.998996,0.99985904,0.0,0.0,0.0,0.0,0.0122694177553057,0.0,0.0,0.0,0.008854285813868,0.17769592,0.000719379808288,0.008810184,0.0245882160961627,0.0234261825680732,0.0768912956118583,0.024247099,0.0887126103043556,0.0431000404059886,0.0494602769613266,0.7720052599906921,0.019266590476036,0.030440142378211,0.0563147813081741,0.0088069876655936,0.6977556943893433
86,0.0,0.0,0.0,0.0,0.0,0.0,0.0,0.0,0.0,0.0,0.0,0.0,0.0,0.0,0.0,0.0,0.0,0.0,0.0,0.0,0.0,0.0,0.0,0.0,0.0,0.0,0.0,0.0,0.0,0.0,0.0,0.0,0.0,0.0,0.0,0.0,0.0,0.0,0.0,0.0,0.0,0.0,0.0,0.0,0.0,0.0,0.0,0.0,0.0,0.0,0.9101726,0.90954524,0.87582695,0.9997935,0.9994395,0.91791904,0.88970035,0.9992335,0.999915,0.998991,0.99913096,0.99836004,0.99993896,0.9999255,0.998533,0.9995815,0.970135,0.964818,0.99925697,0.966903,0.93418145,0.6393827,0.8428315,0.896621,0.999861,0.0,0.008451446,0.0071280836,0.01421697,0.98439837,0.0024719152,0.005393027,0.03155348,0.90495646,0.99072975,0.011594115,0.10400815,0.7864823,0.9865738,0.96622574,0.77534914,0.8632035,0.95823616,0.9851554,0.9997413,0.6325273,0.8007206,0.92838556,0.9310795,0.99987435,0.0034456102,0.0008873759,0.0,0.0,0.0025306767784059,0.0007955414,0.0,0.0,0.0094575323164463,0.0046815434,0.0,0.0044681896,0.0151040190830826,0.013312978670001,0.1007044464349746,0.015460772,0.1190085336565971,0.0367695018649101,0.0405183024704456,0.11358451843261719,0.0496971383690834,0.0628793910145759,0.054571334272623,0.1899005472660064,0.0900074914097786
87,0.0,0.0,0.0,0.0,0.0,0.0,0.0,0.0,0.0,0.0,0.0,0.0,0.0,0.0,0.0,0.0,0.0,0.0,0.0,0.0,0.0,0.0,0.0,0.0,0.0,1.0,1.0,0.982572,0.0,0.0,0.0,0.135524,0.0,0.0,0.0,0.0,0.0,0.0,0.0,0.0,0.0,0.0,0.0,0.0,0.0,0.0,0.0,0.0,0.0,0.0,0.95215327,0.9234872,0.9988797,0.99930835,0.99937737,0.9112195,0.9995577,0.99975103,0.99954504,0.9987637,0.99915695,0.9867367,0.99947804,0.999704,0.99906766,0.99941003,0.99851453,0.9998144,0.9991981,0.999745,0.994079,0.85332036,0.999542,0.88135004,0.9970015,0.0,0.003878373,0.014083971,0.08188297,0.8200412,0.006104923,0.003915161,0.083925225,0.7704576,0.9942711,0.0214417,0.7193686,0.48896736,0.982546,0.9986702,0.13534091,0.5752281,0.96191245,0.9905569,0.5989906,0.6738157,0.5961406,0.7969089,0.9281157,0.66616136,0.00069311034,0.00043431058,0.0,0.0007749911164864,0.0042404346168041,0.0,0.0,0.0,0.0211277976632118,0.058943402,0.0,0.016605733,0.0331891328096389,0.0010712771909311,0.1201414540410041,0.04830824,0.1320526748895645,0.0912467464804649,0.0617937855422496,0.09876275062561035,0.1815352290868759,0.1413120478391647,0.0862074270844459,0.0776409953832626,0.0733343064785003
88,0.0,0.0,0.0,0.0,0.0,0.0,0.0,0.0,0.0,0.0,0.0,0.0,0.0,0.0,0.0,0.0,0.0,0.0,0.0,0.0,0.0,0.0,0.0,0.0,0.0,0.0,0.0,0.0,0.0,0.0,0.0,0.0,0.0,0.0,0.0,0.0,0.0,0.0,0.0,0.0,0.0,0.0,0.0,0.0,0.0,0.0,0.0,0.0,0.0,0.0,0.8833586,0.9311323,0.88891333,0.962686,0.999786,0.8893087,0.8611864,0.9988675,0.99971104,0.999281,0.999215,0.999417,0.9999525,0.998577,0.938662,0.999261,0.999001,0.99857605,0.985887,0.99938,0.999212,0.999245,0.9619285,0.999217,0.997654,0.0,0.00510732,0.013847106,0.5857818,0.96667117,0.015745884,0.020632973,0.678415,0.91054034,0.9998244,0.011047626,0.72009134,0.89625895,0.9696476,0.9996804,0.6652497,0.8425187,0.93743414,0.9712162,0.99967,0.6337633,0.60866946,0.92429686,0.955382,0.99980533,0.0008988088,0.0,0.0,0.0,0.0043625850230455,0.00064481347,0.0,0.0,0.0653290823101997,0.08056197,0.0008762109209783,0.0,0.0125682856887578,0.0617647320032119,0.0589951239526271,0.016444763,0.1541855484247207,0.0273653026670217,0.0945275649428367,0.10109245032072067,0.1896246373653412,0.065251238644123,0.1139524355530738,0.1455907523632049,0.1969840377569198
89,0.0,0.0,0.0,0.0,0.0,0.0,0.0,0.0,0.0,0.0,0.0,0.0,0.0,0.0,0.0,0.0,0.0,0.0,0.0,0.0,0.0,0.0,0.0,0.0,0.0,0.0,0.0,0.0,0.0,0.0,0.0,0.0,0.0,0.0,0.0,0.0,0.0,0.0,0.0,0.0,0.0,0.0,0.0,0.0,0.0,0.0,0.0,0.0,0.0,0.0,0.81869847,0.934834,0.88868606,1.0,0.9997715,0.87884104,0.8422727,0.999466,0.999507,0.99983346,0.998815,0.999572,0.9993025,0.99947953,0.999331,0.999594,0.9994385,0.999519,0.999381,0.99981797,0.99916446,1.0,0.999098,0.998824,0.998961,0.0,0.004213517,0.0150046535,0.05462349,0.9479158,0.0042073135,0.011890906,0.10101306,0.9057365,0.9567689,0.0035565605,0.019631973,0.68563837,0.95391804,0.96520966,0.42425632,0.69951063,0.9073161,0.9261103,0.9683167,0.5453906,0.60776937,0.86746544,0.8908992,0.99411374,0.0,0.0,0.0,0.0,0.0,0.0,0.0,0.0,0.0319940969347953,0.02397011,0.0011911172186955,0.0032062118,0.0414517000317573,0.1445462256669998,0.1446268707513809,0.045601696,0.1158082112669944,0.0710575655102729,0.0841228738427162,0.105275958776474,0.0899976789951324,0.0750596448779106,0.2209430634975433,0.1137978956103324,0.1979647874832153
90,0.0,0.0,0.0,0.0,0.0,0.0,0.0,0.0,0.0,0.0,0.0,0.0,0.0,0.0,0.0,0.0,0.0,0.0,0.0,0.0,0.0,0.0,0.0,0.0,0.0,0.0,0.0,0.0,0.0,0.0,0.0,0.0,0.0,0.0,0.0,0.0,0.0,0.0,0.0,0.0,0.0,0.0,0.0,0.0,0.0,0.0,0.0,0.0,0.0,0.0,0.8753482,0.82647246,0.8323886,0.773592,0.8768875,0.904341,0.8822378,0.9606053,0.89915454,0.861273,0.97806096,0.87484336,0.91250503,0.8815125,0.835218,0.900964,0.8911925,0.857993,0.79983854,0.0,0.82528496,0.873045,0.0,0.0,0.0,0.002518962,0.0025657169,0.005300691,0.8767962,0.9283948,0.009041597,0.009857486,0.78860813,0.9209485,0.9014067,0.4841076,0.89817405,0.90264136,0.93288153,0.95945024,0.58440125,0.8720782,0.89446735,0.9077668,0.99957937,0.51034325,0.77174157,0.723298,0.8150105,0.99710435,0.0,0.0,0.0,0.0009527787333354,0.0063216667622327,0.0,0.0,0.0010126098059117,0.0074357660487294,0.12355334,0.0,0.003978496,0.0267579201608896,0.0099277626723051,0.0947760790586471,0.0030473277,0.0619837641716003,0.1693600714206695,0.1467699110507965,0.12682180106639862,0.099668949842453,0.0133929038420319,0.1140374541282653,0.0698910355567932,0.2422883957624435
91,0.0,0.0,0.0,0.0,0.0,0.0,0.0,0.0,0.0,0.0,0.0,0.0,0.0,0.0,0.0,0.0,0.0,0.0,0.0,0.0,0.0,0.0,0.0,0.0,0.0,0.0,0.0,0.0,0.0,0.0,0.0,0.0,0.0,0.0,0.0,0.0,0.0,0.0,0.0,0.0,0.0,0.0,0.0,0.0,0.0,0.0,0.0,0.0,0.0,0.0,0.8810503,0.9255884,0.9261488,1.0,0.99988306,0.91358227,0.9988197,0.99963164,0.9988995,0.999155,0.90066636,0.9165933,0.999869,0.9999295,0.9999,0.999218,0.9985175,0.99930155,0.9984585,0.9947945,1.0,0.9996145,0.9514155,0.9115575,0.9055785,0.0,0.0063969167,0.012144268,0.93379736,0.91403204,0.0076929997,0.009661673,0.7155677,0.89973724,0.9319762,0.0,0.16909882,0.8624778,0.9397255,0.938738,0.732413,0.78468114,0.9052547,0.9593258,0.9999017,0.4994019,0.8401809,0.9178421,0.96221715,0.99982774,0.0015025956,0.0,0.0,0.0545927323400974,0.006717606447637,0.0,0.0,0.0,0.0731029361486435,0.036333844,0.0,0.0029604286,0.0155392745509743,0.0342843607068061,0.0868454575538635,0.06693305,0.2094089388847351,0.0665527507662773,0.1550976783037185,0.18963511288166046,0.0532344840466976,0.0091191660612821,0.0118438927456736,0.1026146337389946,0.1397408097982406
92,0.0,0.0,0.0,0.0,0.0,0.0,0.0,0.0,0.0,0.0,0.0,0.0,0.0,0.0,0.0,0.0,0.0,0.0,0.0,0.0,0.0,0.0,0.0,0.0,0.0,0.0,0.0,0.0,0.0,0.0,0.0,0.0,0.0,0.0,0.0,0.0,0.0,0.0,0.0,0.0,0.0,0.0,0.0,0.0,0.0,0.0,0.0,0.0,0.0,0.0,0.96085215,0.94345623,0.9998595,0.9988755,0.9997535,0.8871807,0.9998535,0.99916697,0.9986145,0.9996075,1.0,0.999419,0.9997395,0.9997435,0.9996,0.999403,0.999503,0.999215,0.9993785,0.9999345,0.9999885,0.97339076,1.0,1.0,0.999896,0.0,0.0018542975,0.010656597,0.88695616,0.97442675,0.0,0.03797575,0.5412415,0.969401,0.9880425,0.06641579,0.7905636,0.7326735,0.9670526,0.9989497,0.6676367,0.843284,0.9844818,0.9584841,0.99975866,0.5412536,0.8853934,0.9890752,0.93185353,0.99917,0.00054919854,0.0016958873,0.0,0.0,0.0087632145732641,0.0,0.0007982946,0.0,0.0152041176334023,0.04245299,0.0,0.0009457155,0.0234518945217132,0.0244826953858137,0.1071426570415496,0.03613248,0.0831551924347877,0.0605554208159446,0.1050764396786689,0.08554544299840927,0.0364768393337726,0.0175200011581182,0.0694001466035842,0.2165517807006836,0.2387997508049011
93,0.0,0.0,0.0,0.0,0.0,0.0,0.0,0.0,0.0,0.0,0.0,0.0,0.0,0.0,0.0,0.0,0.0,0.0,0.0,0.0,0.0,0.0,0.0,0.0,0.0,0.0,0.0,0.0,0.0,0.0,0.0,0.0,0.0,0.0,0.0,0.0,0.0,0.0,0.0,0.0,0.0,0.0,0.0,0.0,0.0,0.0,0.0,0.0,0.0,0.0,0.94729704,0.8078029,0.87060803,0.8929735,0.9995583,0.8066746,0.878631,0.88784677,0.99961936,0.99936664,0.82019776,0.999677,0.99952,0.99973506,1.0,0.999218,0.9997235,0.9996517,1.0,0.99987996,0.95355153,0.9988175,0.9978705,0.8563367,0.997129,0.0,0.001438752,0.02180045,0.03405262,0.9227557,0.0108185,0.0039700363,0.112178534,0.7685983,0.8987848,0.15852249,0.5534797,0.79243976,0.91562676,0.84369844,0.6071436,0.74884623,0.923247,0.915835,1.0,0.6009739,0.68701905,0.7708886,0.9548055,0.97351235,0.0,0.0,0.0,0.0006690619629807,0.0115561112761497,0.0,0.0,0.0010414917487651,0.0048912088386714,0.09942893,0.0,0.0061484757,0.0130425998941063,0.0281901303678751,0.1724882274866104,0.010303306,0.0328199118375778,0.0500239580869674,0.0794818848371505,0.14807602763175964,0.1174573451280593,0.0995713546872139,0.017415726557374,0.052519142627716,0.0720435231924057
94,0.0,0.0,0.0,0.0,0.0,0.0,0.0,0.0,0.0,0.0,0.0,0.0,0.0,0.0,0.0,0.0,0.0,0.0,0.0,0.0,0.0,0.0,0.0,0.0,0.0,0.999712,0.999584,1.0,0.998599,0.999492,0.479859,0.197815,0.369386,0.0,0.0,0.0,0.0,0.0,0.0,0.0,0.0,0.0,0.0,0.0,0.0,0.0,0.0,0.0,0.0,0.0,0.002228702,0.90707135,0.94312704,0.9990145,0.9997555,0.88556206,0.934534,0.99921405,0.999455,0.9997955,0.82324976,0.999654,0.999702,0.99925935,0.9982605,0.9991715,0.99879646,0.999543,0.999786,0.5285955,0.813193,0.796539,0.999508,0.933811,0.0,0.0,0.007354525,0.0018852277,0.13720876,0.66842693,0.0070591327,0.0073216883,0.07823133,0.8354161,0.7138708,0.0,0.1306239,0.73506594,0.92568946,0.80402654,0.11034114,0.5380459,0.79729897,0.9788728,0.87998396,0.661599,0.60051644,0.89998245,0.99066806,0.26899442,0.0,0.0,0.0,0.0022278379183262,0.0118727227672934,0.0,0.0016134428,0.0,0.0161575563251972,0.0013516196,0.0,0.000647735,0.010513418354094,0.0385279357433319,0.1029673144221305,0.110746905,0.0925312116742134,0.0401090234518051,0.1463303565979004,0.2147352546453476,0.0950225070118904,0.0976947769522667,0.1593110114336013,0.2822401523590088,0.0685785338282585
95,0.0,0.0,0.0,0.0,0.0,0.0,0.0,0.0,0.0,0.0,0.0,0.0,0.0,0.0,0.0,0.0,0.0,0.0,0.0,0.0,0.0,0.0,0.0,0.0,0.0,0.0,0.0,0.0,0.0,0.0,0.0,0.0,0.0,0.0,0.0,0.0,0.0,0.0,0.0,0.0,0.0,0.0,0.0,0.0,0.0,0.0,0.0,0.0,0.0,0.0,0.8244302,0.9114382,0.87794554,0.9999865,0.9999975,0.880154,0.9994134,0.99973965,0.999855,0.9996525,0.9999666,0.99962103,1.0,1.0,0.9846915,0.999823,0.9996235,0.99998796,0.96570003,1.0,0.9670485,0.0,0.0,0.0,0.0,0.0,0.0028242606,0.010042828,0.91793525,0.87263775,0.003050725,0.01852545,0.62562007,0.8798029,0.99954337,0.114217274,0.69996387,0.94474214,0.9154369,0.99926233,0.8343139,0.9015291,0.9333104,0.9244208,0.9994124,0.86412436,0.8179972,0.9394978,0.9988847,0.99892235,0.0,0.0006417185,0.0,0.0,0.0056359590962529,0.0,0.0,0.0,0.0024127338547259,0.026802167,0.0,0.0,0.0075094825588166,0.0130277816206216,0.1160424128174781,0.013251938,0.1289026737213134,0.0329714752733707,0.7178732752799988,0.1241527646780014,0.0911329165101051,0.080454908311367,0.0693417489528656,0.0122621534392237,0.0462370328605175
96,0.0,0.0,0.0,0.0,0.0,0.0,0.0,0.0,0.0,0.0,0.0,0.0,0.0,0.0,0.0,0.0,0.0,0.0,0.0,0.0,0.0,0.0,0.0,0.0,0.0,0.0,0.0,0.0,0.0,0.0,0.0,0.0,0.0,0.0,0.0,0.0,0.0,0.0,0.0,0.0,0.0,0.0,0.0,0.0,0.0,0.0,0.0,0.0,0.0,0.0,0.912161,0.9536294,0.999884,0.999353,0.9988255,0.9991955,0.999628,0.998791,0.9991745,0.999182,0.9995605,0.999932,0.99873304,0.99842596,0.999773,0.9980345,0.9997045,1.0,0.997246,1.0,0.999581,0.992237,0.0,0.0,0.0,0.0,0.0,0.007380398,0.9868049,0.9643672,0.0026134916,0.00081531185,0.82203156,0.9586054,0.9687375,0.14405519,0.9381557,0.9100671,0.9766133,0.90491545,0.7214214,0.8889669,0.8459048,0.999729,0.99950665,0.5863146,0.8683464,0.8892715,0.9997327,0.9980945,0.0,0.0,0.0,0.0046999463811516,0.0024790510069578,0.0,0.0,0.0,0.0006242363015189,0.020262912,0.0,0.0065242085,0.0131461722776293,0.0453147180378437,0.1229652762413024,0.024671063,0.0623064115643501,0.0923408269882202,0.0678882300853729,0.14468468725681305,0.0129988696426153,0.0485020764172077,0.0841291397809982,0.1125206276774406,0.1496198177337646
97,0.0,0.0,0.0,0.0,0.0,0.0,0.0,0.0,0.0,0.0,0.0,0.0,0.0,0.0,0.0,0.0,0.0,0.0,0.0,0.0,0.0,0.0,0.0,0.0,0.0,1.0,1.0,1.0,0.0,0.0,1.0,1.0,0.0,0.0,0.0,0.054844,0.0,0.0,0.0,0.0,0.0,0.0,0.0,0.0,0.0,0.0,0.0,0.0,0.0,0.0,0.9701944,0.94675136,0.86344475,0.8685252,0.9992715,0.9131703,0.9216163,0.9390913,0.998855,0.9988394,0.89059937,0.9996635,0.999719,0.9991536,0.99860203,0.99916947,0.99992347,0.999918,0.99917495,0.9997575,0.7832725,0.999944,0.9998675,0.92878854,0.998879,0.0,0.0021093753,0.01118603,0.062690124,0.8375335,0.0012649322,0.017227367,0.05241562,0.7674991,0.80682373,0.035037324,0.15084153,0.7913144,0.89845085,0.9689996,0.09346517,0.8251614,0.97896963,0.99370646,0.99890697,0.7664798,0.79352087,0.9120181,0.95328104,0.9984264,0.0,0.0,0.0,0.0,0.0147823495790362,0.0,0.0,0.0,0.0136715667322278,0.09223112,0.0,0.010686553,0.021702392026782,0.0141550106927752,0.0552001632750034,0.054564167,0.1503784358501434,0.2086657285690307,0.0848256424069404,0.11944043636322021,0.0368963368237018,0.0107210557907819,0.0,0.0349564813077449,0.0436852760612964
98,0.0,0.0,0.0,0.0,0.0,0.0,0.0,0.0,0.0,0.0,0.0,0.0,0.0,0.0,0.0,0.0,0.0,0.0,0.0,0.0,0.0,0.0,0.0,0.0,0.0,0.0,0.0,0.0,0.0,0.0,0.0,0.0,0.0,0.0,0.0,0.0,0.0,0.0,0.0,0.0,0.0,0.0,0.0,0.0,0.0,0.0,0.0,0.0,0.0,0.0,0.9722649,0.8654434,0.81949675,0.99944353,0.999053,0.856583,0.8770031,0.99942946,0.9991805,0.9986075,0.999043,0.999636,0.9994365,0.9998785,0.99941397,0.999866,0.9999285,0.999146,0.998785,0.998927,0.9990175,0.9998915,0.9987745,0.999301,0.999408,0.0,0.0067561334,0.0070321416,0.08353352,0.92981577,0.0053953393,0.0063598156,0.025880227,0.6707064,0.8824654,0.012271514,0.15684998,0.8558802,0.95746005,0.935766,0.68173134,0.8041159,0.9341054,0.95622915,0.84343,0.5960502,0.59548587,0.8398116,0.967542,0.999768,0.0007042353,0.0,0.0,0.0,0.005527168046683,0.0,0.0,0.0044271871447563,0.0121514173224568,0.003457968,0.003994382917881,0.002711418,0.0169057846069335,0.0242486111819744,0.0950919166207313,0.01629066,0.0645642504096031,0.0390999801456928,0.0789967328310012,0.07360795140266418,0.0624624602496624,0.0318335890769958,0.011939832009375,0.1190361976623535,0.135990709066391
99,0.0,0.0,0.0,0.0,0.0,0.0,0.0,0.0,0.0,0.0,0.0,0.0,0.0,0.0,0.0,0.0,0.0,0.0,0.0,0.0,0.0,0.0,0.0,0.0,0.0,0.0,0.0,0.0,0.0,0.0,0.0,0.0,0.087593,0.0,0.0,0.0,0.0,0.0,0.0,0.0,0.0,0.0,0.0,0.0,0.0,0.0,0.0,0.0,0.0,0.0,0.8955701,0.8985852,0.8640219,0.9417698,0.9998621,0.83627266,0.85117215,0.89829487,0.979931,0.98202866,0.8076814,0.8981046,0.8945238,0.985526,0.94810694,0.95513654,0.8337785,0.99094474,0.958828,0.996319,0.9199465,0.99702,0.901631,0.0,0.0,0.0,0.0025318668,0.0006021495,0.9484851,0.9509561,0.0075756526,0.006869295,0.60385495,0.93828565,0.9439303,0.15239137,0.73480505,0.70981896,0.9688147,0.96707577,0.15370737,0.48844603,0.86906254,0.9478342,0.9982827,0.5645866,0.59177756,0.8816399,0.9494726,0.6604067,0.0,0.0,0.0,0.0007606140570715,0.003546118736267,0.0,0.0,0.0,0.0050083273090422,0.10007421,0.0,0.0049305004,0.0084123713895678,0.0978399664163589,0.1077938228845596,0.029316558,0.0421969220042228,0.1028186604380607,0.041936982423067,0.07442054152488708,0.0976273640990257,0.0406203158199787,0.1942683905363083,0.1017969846725463,0.0388439893722534
100,0.0,0.0,0.0,0.0,0.0,0.0,0.0,0.0,0.0,0.0,0.0,0.0,0.0,0.0,0.0,0.0,0.0,0.0,0.0,0.0,0.0,0.0,0.0,0.0,0.0,0.0,0.0,0.0,0.0,0.0,0.0,0.0,0.0,0.0,0.0,0.0,0.0,0.0,0.0,0.0,0.0,0.0,0.0,0.0,0.0,0.0,0.0,0.0,0.0,0.0,0.95692986,0.82607067,0.88489807,1.0,0.99914753,0.89880425,0.8586797,0.99976146,0.9998655,0.99962354,0.999966,0.999341,0.9995955,1.0,1.0,0.9992955,0.9989515,0.9990135,0.9997735,0.9596095,0.99259055,0.9336065,0.744192,0.8841365,0.0,0.0,0.00069584296,0.004123991,0.08142121,0.98044324,0.005269681,0.019873112,0.072662696,0.88946754,0.9443883,0.024034634,0.21370691,0.7800554,0.9760609,0.5995748,0.6773446,0.8330763,0.8781414,0.78819466,0.99914634,0.5074739,0.67040557,0.87258625,0.959047,0.99954295,0.0,0.0,0.0,0.0021113706752657,0.0085594318807125,0.0,0.0,0.0,0.0,0.023536718,0.0014004765544086,0.001701644,0.0181409008800983,0.0221048183739185,0.1073712855577468,0.02763485,0.0731677487492561,0.0319672264158725,0.1201146245002746,0.1049531102180481,0.0720188990235328,0.074561521410942,0.1880177408456802,0.1384828090667724,0.1386982798576355
101,0.0,0.0,0.0,0.0,0.0,0.0,0.0,0.0,0.0,0.0,0.0,0.0,0.0,0.0,0.0,0.0,0.0,0.0,0.0,0.0,0.0,0.0,0.0,0.0,0.0,0.99656,0.93326,0.0,0.0,0.0,0.0,0.0,0.0,0.0,0.0,0.0,0.0,0.0,0.0,0.0,0.0,0.0,0.0,0.0,0.0,0.0,0.0,0.0,0.0,0.0,0.89084446,0.875576,0.961111,0.9997215,0.9987995,0.8775995,0.90548563,0.999743,0.99906695,0.99984,0.99992704,0.9994635,0.9999275,0.998767,0.9991745,0.9998795,1.0,0.99995303,0.99922705,0.999447,0.999304,0.998969,0.8433265,0.6912475,0.99657,0.0,0.007905168,0.009917936,0.06715372,0.8319651,0.0014558511,0.008336469,0.02558325,0.8698454,0.858785,0.011350431,0.020627229,0.64406526,0.903624,0.95401454,0.49426135,0.67389137,0.83012867,0.9200492,0.99930567,0.40913036,0.56784934,0.7238619,0.93682826,0.99890065,0.0,0.0,0.0,0.0032118244562298,0.0055012246593832,0.001339306,0.00075778627,0.0008669503731653,0.0160572305321693,0.056858264,0.0005252790288068,0.0,0.0181183330714702,0.022415354847908,0.1977728009223938,0.07697392,0.0972417965531349,0.1698901206254959,0.1261022835969925,0.08867723494768143,0.1201919987797737,0.1137527897953987,0.1008561253547668,0.1302351355552673,0.1393398642539978
102,0.0,0.0,0.0,0.0,0.0,0.0,0.0,0.0,0.0,0.0,0.0,0.0,0.0,0.0,0.0,0.0,0.0,0.0,0.0,0.0,0.0,0.0,0.0,0.0,0.0,0.0,0.0,0.0,0.0,0.0,0.0,0.0,0.0,0.0,0.0,0.0,0.0,0.0,0.0,0.0,0.0,0.0,0.0,0.0,0.0,0.0,0.0,0.0,0.0,0.0,0.9528885,0.9998197,0.9992343,0.99871767,0.99945295,0.9999794,0.9998703,0.99887466,0.999755,0.99851704,0.998936,0.999068,0.9994985,0.999707,0.998196,0.999792,0.999651,0.999196,0.998762,0.998943,1.0,0.99771845,0.996671,0.0,0.0,0.0,0.0,0.005687922,0.9327831,0.9998317,0.0062461924,0.00969646,0.79317296,0.9197969,0.9983574,0.6574728,0.8077242,0.91932064,0.9563014,0.99947166,0.70483893,0.9258671,0.94499767,0.999063,0.99954504,0.7404272,0.864771,0.9316853,0.93628126,0.9968105,0.00074924267,0.0005308787,0.0,0.0,0.0380057841539382,0.0,0.0,0.0006484715850092,0.0007476786267943,0.036679637,0.0,0.008730302,0.0219280757009983,0.0081566032022237,0.1034745126962661,0.029949147,0.0196204762905836,0.0789110213518142,0.1250778585672378,0.07598692923784256,0.0686139613389968,0.0190053042024374,0.0270812641829252,0.0387394241988658,0.0506491288542747
103,0.0,0.0,0.0,0.0,0.0,0.0,0.0,0.0,0.0,0.0,0.0,0.0,0.0,0.0,0.0,0.0,0.0,0.0,0.0,0.0,0.0,0.0,0.0,0.0,0.0,0.0,0.0,0.0,0.0,0.0,0.0,0.0,0.0,0.0,0.0,0.0,0.0,0.0,0.0,0.0,0.0,0.0,0.0,0.0,0.0,0.0,0.0,0.0,0.0,0.0,0.8643472,0.8950347,0.81146973,0.82624555,0.999309,0.8423734,0.78901803,0.8431285,0.7912345,0.986162,0.877432,0.85861397,0.77167904,0.923121,0.915571,0.999857,1.0,0.886211,0.872911,0.943742,0.997248,0.59231,0.792021,0.8217,0.765065,0.0,0.0021384067,0.007491152,0.9358249,0.98672575,0.011571264,0.0087618325,0.66421616,0.9320076,0.9994217,0.13498688,0.6460433,0.86269355,0.956575,0.9991397,0.7124729,0.79599273,0.8371749,0.9383667,0.9994674,0.6235256,0.77427787,0.8057022,0.9415544,0.97761035,0.001698647,0.0,0.0,0.0,0.0277901645749807,0.0,0.0,0.0,0.0055355718359351,0.0819855,0.0015056562842801,0.0,0.0151983089745044,0.0107739167287945,0.0958790481090545,0.022615753,0.066981591284275,0.0266688503324985,0.0678853169083595,0.08083050698041916,0.0447607971727848,0.1304515451192855,0.0715235620737075,0.1568131446838379,0.0140881538391113
104,0.0,0.0,0.0,0.0,0.0,0.0,0.0,0.0,0.0,0.0,0.0,0.0,0.0,0.0,0.0,0.0,0.0,0.0,0.0,0.0,0.0,0.0,0.0,0.0,0.0,0.0,0.0,0.0,0.0,0.0,0.0,0.0,0.0,0.0,0.0,0.0,0.0,0.0,0.0,0.0,0.0,0.0,0.0,0.0,0.0,0.0,0.0,0.0,0.0,0.0,0.9697987,0.9012026,0.92435855,0.9434815,0.999074,0.8754922,0.94863504,0.93827796,0.99836606,0.9986143,0.9982585,0.999308,0.99913967,0.99874663,0.99839437,0.9995975,0.998816,0.9986137,0.999551,0.99872005,0.991012,0.999122,0.74425524,0.9622201,0.997953,0.0,0.0018037272,0.009023937,0.86046684,0.97050864,0.0048383963,0.023647154,0.14718394,0.5973246,0.9741027,0.0,0.004289037,0.8458314,0.94895184,0.9934904,0.7813979,0.88050807,0.8928626,0.8380833,0.99986076,0.8066074,0.5543419,0.7385463,0.79472274,0.9997877,0.0,0.0,0.0,0.0010083878878504,0.00186632364057,0.0,0.0,0.0,0.0406620353460311,0.019842489,0.000474914064398,0.00089766394,0.0393225587904453,0.0410625636577606,0.0598204545676708,0.016301684,0.0722572803497314,0.0405086427927017,0.0575839690864086,0.05517730861902237,0.1635920703411102,0.1464007943868637,0.1531258374452591,0.0489536225795745,0.0801158919930458
105,0.0,0.0,0.0,0.0,0.0,0.0,0.0,0.0,0.0,0.0,0.0,0.0,0.0,0.0,0.0,0.0,0.0,0.0,0.0,0.0,0.0,0.0,0.0,0.0,0.0,0.0,0.0,0.0,0.0,0.0,0.0,0.0,0.0,0.0,0.0,0.0,0.0,0.0,0.0,0.0,0.0,0.0,0.0,0.0,0.0,0.0,0.0,0.0,0.0,0.0,0.8821249,0.93161535,0.86843985,0.999598,0.99984336,0.87905484,0.9427806,0.999575,0.9996144,0.999439,0.88082546,0.927131,0.99951506,0.99961066,0.99933934,0.9346937,0.9515255,0.99994105,0.9993806,0.99869835,0.948105,0.91641074,0.9997617,0.90044737,0.0,0.0,0.0044110417,0.0025834402,0.16627908,0.866212,0.0017633217,0.005838045,0.7602529,0.95282704,0.98502254,0.034707032,0.62595814,0.87771124,0.98291427,0.9972455,0.58993536,0.8545691,0.97718024,0.9756635,0.931269,0.5168305,0.770799,0.8960726,0.94721,0.9620217,0.0,0.0,0.0,0.0,0.0038390313275158,0.0,0.0,0.0,0.0196970682591199,0.027940925,0.0014835000038146,0.0020278643,0.0099307782948017,0.0113232862204313,0.0651185363531112,0.044751145,0.0519030913710594,0.1468204855918884,0.1102791801095008,0.10665720701217651,0.0735380798578262,0.0257200021296739,0.039507083594799,0.0931616052985191,0.0391539633274078
106,0.0,0.0,0.0,0.0,0.0,0.0,0.0,0.0,0.0,0.0,0.0,0.0,0.0,0.0,0.0,0.0,0.0,0.0,0.0,0.0,0.0,0.0,0.0,0.0,0.0,0.0,0.0,0.0,0.0,0.0,0.0,0.0,0.0,0.0,0.0,0.0,0.0,0.0,0.0,0.0,0.0,0.0,0.0,0.0,0.0,0.0,0.0,0.0,0.0,0.0,0.9685905,0.9241751,0.8794825,0.95084035,0.99942005,0.8443748,0.999417,0.99941146,0.97888035,0.9998075,0.999258,0.999408,0.9996685,0.964084,0.999267,0.9994925,0.9988935,0.9992745,0.9989455,1.0,0.998802,0.9994525,0.99949896,0.999659,0.411571,0.0,0.0031632627,0.0019836887,0.017124204,0.9766954,0.003670885,0.009021687,0.051976915,0.85458946,0.9478926,0.050994176,0.7511144,0.9205639,0.89489603,0.9485716,0.548836,0.8515558,0.9121935,0.9643963,0.93565845,0.41075334,0.9033817,0.79826534,0.9739353,0.769135,0.0,0.0,0.0005083464202471,0.0,0.0079526780173182,0.0005654105,0.0,0.0023876749910414,0.0128448866307735,0.03454273,0.0,0.006518552,0.0148359052836894,0.0344230011105537,0.0305524617433547,0.01958358,0.0244578812271356,0.0276627652347087,0.0823541432619094,0.06151410564780235,0.035298153758049,0.0593434534966945,0.0696440786123275,0.0494500324130058,0.0221179034560918
107,0.0,0.0,0.0,0.0,0.0,0.0,0.0,0.0,0.0,0.0,0.0,0.0,0.0,0.0,0.0,0.0,0.0,0.0,0.0,0.0,0.0,0.0,0.0,0.0,0.0,0.99883854,0.99921095,0.999091,0.96934104,0.99947697,0.7076375,0.826663,0.99954903,0.9678885,0.999977,0.135433,0.072659,0.0,0.495411,0.0,0.0,0.0,0.0,0.0,0.0,0.0,0.0,0.0,0.0,0.0,0.93720084,0.8684213,0.9671036,0.99930763,0.999439,0.96344703,0.88922685,0.99939907,0.99901766,0.998677,0.882627,0.8783027,0.96985936,0.99967164,0.99976945,0.93297195,0.99867153,0.6658397,0.66643435,0.99955046,0.87984896,0.998145,0.99976647,0.999182,0.994774,0.0,0.0046050167,0.011642438,0.12577918,0.832174,0.0017303098,0.018077124,0.04102985,0.90563685,0.85708463,0.011567384,0.6085065,0.5881149,0.9953011,0.66574854,0.23034553,0.45142233,0.976635,0.985865,0.79641163,0.55962276,0.46946478,0.8767946,0.8514295,0.6659267,0.0,0.0,0.0,0.0038562037516385,0.0041203256696462,0.0,0.0,0.0,0.0014839144423604,0.080067635,0.0005209212540648,0.0,0.0323881544172763,0.0228574033826589,0.0344340428709983,0.037000697,0.1030189841985702,0.0708251148462295,0.1330982446670532,0.07408161461353302,0.0473031513392925,0.0684259608387947,0.1186841204762458,0.1558866053819656,0.0346970297396183
108,0.0,0.0,0.0,0.0,0.0,0.0,0.0,0.0,0.0,0.0,0.0,0.0,0.0,0.0,0.0,0.0,0.0,0.0,0.0,0.0,0.0,0.0,0.0,0.0,0.0,0.0,0.0,0.0,0.0,0.0,0.0,0.0,0.0,0.0,0.0,0.0,0.0,0.0,0.0,0.0,0.0,0.0,0.0,0.0,0.0,0.0,0.0,0.0,0.0,0.0,0.9782804,0.919046,0.924068,0.82184,0.89207,0.924967,0.8962247,0.9836145,0.91205704,0.8716555,0.99861753,0.99888504,0.953278,0.87840855,0.84557796,0.98131454,0.95919454,0.9091645,0.8430995,0.809287,1.0,0.9311635,0.776266,0.999529,0.998756,0.0,0.007714392,0.003838925,0.51577777,0.9286377,0.0010785547,0.00569839,0.018113805,0.69850737,0.91511095,0.013088478,0.031318177,0.44689268,0.9540858,0.92642325,0.9136691,0.85541815,0.89838475,0.92177546,0.9284278,0.6028965,0.8103151,0.81231517,0.9024622,0.981006,0.0006679853,0.0014556015,0.0023570081684738,0.0,0.0130614070221781,0.0,0.0009907286,0.0,0.0031726635061204,0.034074705,0.0006160775083117,0.004626652,0.0222504157572984,0.0637382343411445,0.1074964627623558,0.0,0.0415897443890571,0.184532031416893,0.077692873775959,0.1311081349849701,0.0561664775013923,0.0986052379012107,0.0983749032020568,0.0819680094718933,0.2350191622972488
109,0.0,0.0,0.0,0.0,0.0,0.0,0.0,0.0,0.0,0.0,0.0,0.0,0.0,0.0,0.0,0.0,0.0,0.0,0.0,0.0,0.0,0.0,0.0,0.0,0.0,0.0,0.0,0.0,0.0,0.0,0.0,0.0,0.0,0.0,0.0,0.0,0.0,0.0,0.0,0.0,0.0,0.0,0.0,0.0,0.0,0.0,0.0,0.0,0.0,0.0,0.90368605,0.89473456,0.943586,0.99981904,0.99932504,0.9226272,0.978083,0.99884367,0.99859834,0.9995147,0.9997285,0.99924505,0.911752,0.999495,0.999483,0.9991355,0.908365,0.92595124,0.9993473,0.9998094,0.9992285,0.9299972,0.9991807,0.64442503,0.0,0.0,0.0029898558,0.024356475,0.04104258,0.89380753,0.0053931,0.023920797,0.07984207,0.9083145,0.9660357,0.08604238,0.79976356,0.9168644,0.96636313,0.9880096,0.59783906,0.8679142,0.7205559,0.97739756,0.94971466,0.55841684,0.815044,0.90142447,0.9425677,0.9991357,0.0,0.0,0.0,0.009008371271193,0.0034465054050087,0.0,0.0,0.0014530416810885,0.0173076316714286,0.087003484,0.0,3.838525e-05,0.0067754224874079,0.0568624399602413,0.1100855097174644,0.014640818,0.0096201300621032,0.1418674737215042,0.1442538499832153,0.10648229718208313,0.0083562741056084,0.0187646709382534,0.0667667835950851,0.1766843646764755,0.0570855140686035
110,0.0,0.0,0.0,0.0,0.0,0.0,0.0,0.0,0.0,0.0,0.0,0.0,0.0,0.0,0.0,0.0,0.0,0.0,0.0,0.0,0.0,0.0,0.0,0.0,0.0,0.0,0.0,0.0,0.0,0.0,0.0,0.0,0.0,0.0,0.0,0.0,0.0,0.0,0.0,0.0,0.0,0.0,0.0,0.0,0.0,0.0,0.0,0.0,0.0,0.0,0.9123095,0.94572985,0.9485119,0.99982804,0.99972665,0.8943056,0.95487976,0.99968976,0.99963,0.99920964,0.8812585,0.9255444,0.9054528,0.99977434,0.99672806,0.9132533,0.9093185,0.96845365,0.99933404,0.9993115,0.75208277,0.89249265,0.93597865,0.996052,0.981066,0.0,0.003936723,0.0058115474,0.9745682,0.92561984,0.0037032668,0.0019790656,0.75374085,0.9162185,0.91386974,0.75977886,0.75028855,0.9596437,0.9723485,0.9958374,0.8098989,0.87006795,0.9428992,0.9462422,0.9997337,0.7751329,0.8833113,0.82955706,0.92589515,0.661643,0.0,0.0,0.0,0.0,0.0233863871544599,0.0,0.0,0.0,0.0301062315702438,0.01840424,0.0034277383238077,0.0052410327,0.006585347931832,0.053478367626667,0.135099247097969,0.0017858165,0.0627623498439788,0.056400254368782,0.0997150689363479,0.05358276888728142,0.0255664270371198,0.0036898809485137,0.0989106968045234,0.0681976974010467,0.0819702968001365
111,0.0,0.0,0.0,0.0,0.0,0.0,0.0,0.0,0.0,0.0,0.0,0.0,0.0,0.0,0.0,0.0,0.0,0.0,0.0,0.0,0.0,0.0,0.0,0.0,0.0,0.0,0.0,0.0,0.0,0.0,0.0,0.0,0.0,0.0,0.0,0.0,0.0,0.0,0.0,0.0,0.0,0.0,0.0,0.0,0.0,0.0,0.0,0.0,0.0,0.0,0.9407393,0.72767603,0.981317,0.9997067,0.94882,0.89082175,0.8780058,0.999268,0.9984864,0.981845,0.999296,0.93961,0.99937934,0.99907273,0.9591087,0.9991455,0.90580535,0.9994413,0.99921167,0.9995715,0.945765,0.9166875,0.999174,0.992823,1.0,0.0,0.0046026004,0.007984778,0.7052993,0.9745815,0.009225209,0.0018686638,0.20142008,0.968828,0.9249692,0.017595902,0.6501151,0.85118276,0.962736,0.92928094,0.76030076,0.6164384,0.8587536,0.96719754,0.9465922,0.68536365,0.6916119,0.8581466,0.96756715,0.982814,0.0031844557,0.0,0.0,0.0007413697894662,0.0065122260712087,0.0,0.0,0.0,0.0171369928866624,0.028350096,0.0,0.0014076559,0.0038277588319033,0.0906825363636016,0.1956966668367386,0.006733621,0.0856149196624755,0.1612871438264846,0.1640420109033584,0.10719677805900574,0.0548215880990028,0.0087154377251863,0.0564622655510902,0.0679713860154151,0.1007133945822715
112,0.0,0.0,0.0,0.0,0.0,0.0,0.0,0.0,0.0,0.0,0.0,0.0,0.0,0.0,0.0,0.0,0.0,0.0,0.0,0.0,0.0,0.0,0.0,0.0,0.0,0.999738,1.0,1.0,0.999811,0.894002,0.0,0.0,0.93343,0.978671,0.895369,0.0,0.0,0.0,0.0,0.0,0.0,0.0,0.0,0.0,0.0,0.0,0.0,0.0,0.0,0.0,0.94395465,0.99331903,0.93393767,0.9998635,0.9993845,0.93551767,0.9987205,0.998315,0.996477,0.978179,0.98786104,0.9806785,0.9596145,0.95804846,0.9541685,1.0,0.8774915,0.881132,0.90903497,0.81021154,0.998637,1.0,1.0,1.0,0.999042,0.0,0.0063499417,0.010288093,0.068480015,0.9996028,0.01805733,0.0126088355,0.051195137,0.962471,0.9988917,0.030998603,0.7156177,0.94663477,0.9595122,0.96858865,0.3111739,0.51693803,0.9236004,0.9812275,0.78402925,0.7224726,0.6332624,0.88133645,0.9228182,0.7068614,0.0,0.0,0.0,0.0158022418618202,0.0067057339474558,0.0,0.0,0.0009310410241596,0.0015050370711833,0.09461838,0.0042502186261117,0.006387009,0.0127817234024405,0.0228875577449798,0.0628909170627594,0.054832727,0.1695645004510879,0.1215256005525589,0.1534837931394577,0.0732225850224495,0.1029527634382247,0.0555041134357452,0.0796570405364036,0.0314741693437099,0.0241060964763164
113,0.0,0.0,0.0,0.0,0.0,0.0,0.0,0.0,0.0,0.0,0.0,0.0,0.0,0.0,0.0,0.0,0.0,0.0,0.0,0.0,0.0,0.0,0.0,0.0,0.0,0.974643,1.0,0.9828205,0.985521,0.99092,0.0,0.0,0.0,0.0,0.0,0.0,0.0,0.0,0.0,0.0,0.0,0.0,0.0,0.0,0.0,0.0,0.0,0.0,0.0,0.0,0.99992317,0.991967,0.93866,0.99940753,0.999985,0.97230774,0.9991315,0.999981,0.998922,0.9997505,0.99962246,0.9996605,0.998743,0.9991745,0.99928796,0.98912334,0.9971175,0.999544,0.99922955,0.999829,0.985467,0.87957954,0.9990315,0.9960755,0.8028955,0.0,0.0045510777,0.009460741,0.8501636,0.75902134,0.01058682,0.002757626,0.80196154,0.9921483,0.99773884,0.0021214893,0.015763797,0.90399694,0.9595145,0.9821917,0.025575504,0.5291331,0.9685428,0.98634934,0.68280905,0.21128063,0.5334555,0.78675824,0.5355429,0.25690624,0.00059875735,0.0,0.0,0.0,0.0074879578314721,0.00037823134,0.0,0.0006040976149961,0.0076345880515873,0.12182075,0.0004425703082233,0.0,0.015879476442933,0.0897092819213867,0.068174622952938,0.03771,0.1085005179047584,0.2035754472017288,0.126611977815628,0.06899313628673553,0.0407209694385528,0.0197433587163686,0.0305358190089464,0.0537301488220691,0.0762183889746666
114,0.0,0.0,0.0,0.0,0.0,0.0,0.0,0.0,0.0,0.0,0.0,0.0,0.0,0.0,0.0,0.0,0.0,0.0,0.0,0.0,0.0,0.0,0.0,0.0,0.0,0.0,0.0,0.0,0.0,0.0,0.0,0.0,0.0,0.0,0.0,0.0,0.0,0.0,0.0,0.0,0.0,0.0,0.0,0.0,0.0,0.0,0.0,0.0,0.0,0.0,0.9147893,0.85993046,0.91515577,0.998767,0.9984,0.94108737,0.999315,0.999422,0.999781,0.99925804,0.999595,0.9994195,0.9988955,0.99943805,0.95968354,0.997851,0.9989175,0.99970746,0.9588475,0.89577246,0.94023454,0.963027,0.5,0.987693,0.0,0.0,0.003743267,0.0086846985,0.08050622,0.99871016,0.0033105386,0.04987468,0.72678757,0.87016946,0.9996516,0.033909652,0.6535465,0.84638876,0.84480536,0.9999237,0.058202684,0.63265944,0.93073684,0.8292054,0.99999,0.6581216,0.4502348,0.7874128,0.7922146,0.9997405,0.0,0.0,0.0,0.0020489827729761,0.0188410524278879,0.0,0.0,0.0,0.0013159908121451,0.06526462,0.0,0.0035891486,0.0372487008571624,0.0083826994523406,0.2109973579645156,0.021516174,0.0799003168940544,0.0819328129291534,0.0469244755804538,0.15690793097019196,0.1023156195878982,0.0318407081067562,0.0352382734417915,0.158954456448555,0.0851467177271843
115,0.0,0.0,0.0,0.0,0.0,0.0,0.0,0.0,0.0,0.0,0.0,0.0,0.0,0.0,0.0,0.0,0.0,0.0,0.0,0.0,0.0,0.0,0.0,0.0,0.0,0.0,0.0,0.0,0.0,0.0,0.0,0.0,0.0,0.0,0.0,0.0,0.0,0.0,0.0,0.0,0.0,0.0,0.0,0.0,0.0,0.0,0.0,0.0,0.0,0.0,0.8687676,0.88865536,0.85171884,0.89238155,0.99911404,0.8276581,0.89125633,0.9996587,0.99981,0.99933267,0.9023007,0.999982,0.9992827,0.9995804,0.999743,0.998442,0.93636006,0.9994247,0.999956,0.99938905,0.9978235,0.891068,0.9608357,0.999561,0.9823457,0.0,0.0071864715,0.006385454,0.87973595,0.9458401,0.0012324492,0.04502436,0.76657295,0.88328004,0.8799124,0.65522206,0.79439306,0.8618275,0.9392292,0.92518026,0.8190989,0.8130919,0.90508974,0.912179,0.90537894,0.7681159,0.84941757,0.891814,0.91952115,0.9128595,0.0005831691,0.0,0.0,0.0,0.0124814566224813,0.0003088433,0.0,0.0,0.0077472454868257,0.032793026,0.0,0.003494664,0.0108117060735821,0.068941555917263,0.1220440864562988,0.08354622,0.0632561892271041,0.0293767731636762,0.0430714040994644,0.07861174643039703,0.0229315534234046,0.0110245877876877,0.1040398702025413,0.0,0.1704152226448059
116,0.0,0.0,0.0,0.0,0.0,0.0,0.0,0.0,0.0,0.0,0.0,0.0,0.0,0.0,0.0,0.0,0.0,0.0,0.0,0.0,0.0,0.0,0.0,0.0,0.0,0.999991,0.9995215,0.99838746,0.751916,0.0,0.0,0.485524,0.0,0.0,0.0,0.0,0.0,0.0,0.0,0.0,0.0,0.0,0.0,0.0,0.0,0.0,0.0,0.0,0.0,0.0,0.95063764,0.9424572,0.9590243,0.999865,0.9995165,0.9350431,0.94694024,0.9259677,0.97873706,0.999372,0.9039382,0.9032766,0.9996815,1.0,0.999145,0.973683,0.99846196,1.0,0.99994254,0.999164,1.0,0.99908197,1.0,0.521872,0.0,0.0,0.0020603165,0.002772324,0.04654314,0.28025514,0.004349184,0.009716697,0.81526214,0.6725446,0.8031613,0.058837846,0.55407107,0.5268486,0.9970999,0.99442023,0.11687806,0.47429737,0.8737526,0.9988329,0.74885976,0.7952988,0.59106404,0.6220677,0.90956604,0.9996915,0.0,0.0011102105,0.0,0.0,0.0220978241413831,0.0006386343,0.0,0.0,0.0081726694479584,0.04181873,0.0023415668401867,0.009892287,0.0515387319028377,0.0471569038927555,0.0590829625725746,0.027074462,0.0569089166820049,0.0216369815170764,0.0954510569572448,0.11690153181552887,0.1308960765600204,0.041875522583723,0.1169023290276527,0.2196026444435119,0.1226628422737121
117,0.0,0.0,0.0,0.0,0.0,0.0,0.0,0.0,0.0,0.0,0.0,0.0,0.0,0.0,0.0,0.0,0.0,0.0,0.0,0.0,0.0,0.0,0.0,0.0,0.0,0.0,0.0,0.0,0.0,0.0,0.0,0.0,0.0,0.0,0.0,0.0,0.0,0.0,0.0,0.0,0.0,0.0,0.0,0.0,0.0,0.0,0.0,0.0,0.0,0.0,0.934373,0.999956,0.999934,0.999235,0.952295,0.999731,0.999099,0.9992395,0.9991685,0.90845954,0.999287,0.999815,0.999264,0.9398825,0.999977,0.996172,0.9996735,0.999858,0.999719,0.998113,0.0,0.983846,0.992151,0.0,0.0,0.0,0.0013471983,0.0124362325,0.95266175,0.99931186,0.0,0.014340875,0.8020047,0.97153395,0.9999182,0.03989842,0.73147964,0.8125638,0.9772582,0.9991138,0.5276166,0.8458944,0.8232085,0.9717345,0.9990675,0.7742006,0.6920527,0.84880257,0.99183935,0.99496937,0.0011098455,0.0034175604,0.0006623543449677,0.0,0.0021212373394519,0.0,0.0,0.0011892983457073,0.0139784533530473,0.015129091,0.0025369920767843,0.005441042,0.014124565757811,0.018322467803955,0.0317573584616184,0.010357059,0.0524898692965507,0.0500304587185382,0.1050508841872215,0.13774210214614868,0.0673431828618049,0.0353331342339515,0.209847092628479,0.0497416965663433,0.0644673556089401
118,0.0,0.0,0.0,0.0,0.0,0.0,0.0,0.0,0.0,0.0,0.0,0.0,0.0,0.0,0.0,0.0,0.0,0.0,0.0,0.0,0.0,0.0,0.0,0.0,0.0,0.0,0.0,0.0,0.0,0.0,0.0,0.0,0.0,0.0,0.0,0.0,0.0,0.0,0.0,0.0,0.0,0.0,0.0,0.0,0.0,0.0,0.0,0.0,0.0,0.0,0.9155843,0.88656235,0.8342904,0.95787096,0.9246805,1.0,0.9999335,1.0,0.942018,0.90716004,1.0,1.0,1.0,0.9221835,0.8573275,0.9997135,0.9988585,0.80178,0.0,0.0,0.0,0.0,0.0,0.0,0.0,0.0,0.004155748,0.009052802,0.86379707,0.8670208,0.007829195,0.0117380265,0.6151204,0.867356,0.92615974,0.5867816,0.692835,0.79629713,0.91853595,0.99941397,0.733405,0.7653009,0.78897923,0.92285126,0.999897,0.7121504,0.794888,0.9068585,0.9990837,0.99876595,0.0012101838,0.0,0.0,0.0,0.0148310428485274,0.0,0.0,0.0017108771717175,0.0156763512641191,0.081533104,0.0,0.008379129,0.0199151448905468,0.0214262958616018,0.1459672749042511,0.004682889,0.0514540858566761,0.0537487417459487,0.0903067365288734,0.06730961799621582,0.1030549854040145,0.06913822889328,0.0729411765933036,0.8292022347450256,0.9580817818641664
119,0.0,0.0,0.0,0.0,0.0,0.0,0.0,0.0,0.0,0.0,0.0,0.0,0.0,0.0,0.0,0.0,0.0,0.0,0.0,0.0,0.0,0.0,0.0,0.0,0.0,0.872544,0.8097075,0.999075,0.933718,0.793911,0.7525455,0.998702,1.0,0.901608,0.709943,0.999536,0.99905497,0.999911,0.821313,0.504955,0.996029,0.997186,0.526762,0.0,0.0,0.0,0.0,0.0,0.0,0.0,0.91326004,0.98063815,0.97718656,0.8955498,0.99968374,0.94284064,0.9302089,0.91333103,0.9994434,0.9992844,0.93674225,0.84047,0.93820226,0.93430996,0.99969167,0.88053703,0.76024574,0.9460385,0.9396402,0.9994767,0.5468186,0.847177,0.90599024,0.99972963,0.99985147,0.0,0.0046277987,0.0034423852,0.034677714,0.14719394,0.0042402796,0.022444572,0.013008046,0.17230418,0.5181663,0.012488108,0.06852037,0.12605442,0.4916162,0.77737886,0.12352679,0.6492246,0.49965435,0.9801247,0.8384777,0.7336143,0.6159786,0.75674766,0.93308026,0.98191065,0.0,0.0,0.0,0.0,0.0143901985138654,0.0,0.0,0.0,0.0069234916009008,0.06446524,0.0011568448971956,0.0022328116,0.0101114306598901,0.0597844049334526,0.0679473951458931,0.037411023,0.111366793513298,0.0295815505087375,0.0179501380771398,0.0995427668094635,0.0044942693784832,0.0466321446001529,0.0404759235680103,0.1954908818006515,0.1329324543476104
120,0.0,0.0,0.0,0.0,0.0,0.0,0.0,0.0,0.0,0.0,0.0,0.0,0.0,0.0,0.0,0.0,0.0,0.0,0.0,0.0,0.0,0.0,0.0,0.0,0.0,0.5395,0.30559,0.0,0.0,0.0,0.0,0.0,0.0,0.0,0.0,0.0,0.0,0.0,0.0,0.0,0.0,0.0,0.0,0.0,0.0,0.0,0.0,0.0,0.0,0.0,0.9256409,0.94085187,0.8819728,0.99925065,0.9994776,0.94772923,0.99947673,0.9999525,0.9990643,0.999184,0.9991097,0.9997727,0.999779,0.99952835,0.99949265,0.8759481,0.99951506,0.99963397,0.9993744,0.999216,0.9773525,0.87389827,0.664708,0.98685646,0.999866,0.0,0.004989542,0.009898448,0.94280803,0.95376635,0.002487647,0.012524269,0.7323789,0.9377951,0.9230763,0.058871076,0.82596445,0.79816717,0.94256365,0.9986843,0.65142006,0.87431073,0.9072176,0.9125662,0.802966,0.65150785,0.64982593,0.9017308,0.8805401,0.998303,0.0,0.0,0.0005585468607023,0.0018835264490917,0.0489450693130493,0.0,0.0,0.0,0.0098135462030768,0.075076744,0.0010307265911251,0.0,0.0084321070462465,0.0417499430477619,0.088715024292469,0.05091476,0.0845092013478279,0.0534833893179893,0.0486047863960266,0.06489573419094086,0.0436547547578811,0.1004638746380806,0.062243316322565,0.0408647917211055,0.0769419446587562
121,0.0,0.0,0.0,0.0,0.0,0.0,0.0,0.0,0.0,0.0,0.0,0.0,0.0,0.0,0.0,0.0,0.0,0.0,0.0,0.0,0.0,0.0,0.0,0.0,0.0,0.0,0.0,0.0,0.0,0.0,0.0,0.0,0.0,0.0,0.0,0.0,0.0,0.0,0.0,0.0,0.0,0.0,0.0,0.0,0.0,0.0,0.0,0.0,0.0,0.0,0.7572414,0.9296135,0.92132604,0.999228,1.0,0.8575027,0.9117687,0.9199478,0.999473,0.97977865,0.7745235,0.9146955,0.92444175,0.99588865,0.9995135,0.999968,0.9357565,0.96952766,0.999666,0.9996005,0.805742,0.387899,0.9991135,0.0,0.831843,0.0,0.0036284751,0.010677843,0.9703311,0.932276,0.0018280926,0.00292325,0.7978002,0.9654388,0.90033597,0.021158794,0.1542439,0.79719335,0.9962405,0.998306,0.51648194,0.8392144,0.9130587,0.88254,0.9999727,0.50184983,0.80152845,0.9188585,0.95102024,0.9999995,0.0,0.0,0.0,0.0017429649597033,0.0182138457894325,0.00041245524,0.0,0.0,0.0508534274995327,0.026576858,0.0011113410582765,0.001826223,0.0235539209097623,0.0928467586636543,0.0656370148062706,0.026328694,0.0824272856116294,0.1357596069574356,0.0569141656160354,0.13354797661304474,0.2227416485548019,0.0174372214823961,0.0462928526103496,0.0553623586893081,0.0593673549592494
122,0.0,0.0,0.0,0.0,0.0,0.0,0.0,0.0,0.0,0.0,0.0,0.0,0.0,0.0,0.0,0.0,0.0,0.0,0.0,0.0,0.0,0.0,0.0,0.0,0.0,0.0,0.0,0.0,0.0,0.0,0.0,0.0,0.0,0.0,0.0,0.0,0.0,0.0,0.0,0.0,0.0,0.0,0.0,0.0,0.0,0.0,0.0,0.0,0.0,0.0,0.8905967,0.85854703,0.9136795,0.8828306,0.998774,0.86241454,0.87146676,0.8852567,0.99891603,0.9989635,0.8814847,0.99894845,0.99950397,0.99983454,0.9997195,0.9988195,0.998976,0.998684,0.99929047,0.999311,0.99877596,0.9986645,0.999457,0.9995935,1.0,0.0,0.0069393557,0.0065283366,0.031950142,0.9715019,0.0013065776,0.008172248,0.02576474,0.87176704,0.93753326,0.014447171,0.04345345,0.7596847,0.9317232,0.99937516,0.6153604,0.7831676,0.9198226,0.97740424,0.9433383,0.59985477,0.8409625,0.9134526,0.9244164,0.99918,0.0015065441,0.0013830978,0.0,0.0,0.011647286824882,0.0,0.0,0.0,0.0182620976120233,0.057955425,0.0004851007834076,0.0,0.0080026080831885,0.099643275141716,0.1060443148016929,0.039091393,0.0928875878453254,0.0281420815736055,0.0639732182025909,0.1283189356327057,0.0158083364367485,0.0865814536809921,0.159348115324974,0.2053248137235641,0.1852672845125198
123,0.0,0.0,0.0,0.0,0.0,0.0,0.0,0.0,0.0,0.0,0.0,0.0,0.0,0.0,0.0,0.0,0.0,0.0,0.0,0.0,0.0,0.0,0.0,0.0,0.0,0.99962795,0.999802,0.99850047,0.9998895,0.954099,0.9996995,0.999634,1.0,0.999828,0.922953,0.423816,0.283065,0.997496,0.999454,1.0,0.149163,0.0,0.494898,0.0,0.0,0.0,0.0,0.0,0.0,0.0,0.9303981,0.8987149,0.956975,0.93057203,0.9996423,0.938967,0.9054474,0.99922407,0.998991,0.9990064,0.946838,0.99961805,0.99953,0.9994644,0.99906534,0.99983263,0.99995804,0.9980867,0.9990913,0.99919,0.998358,0.94191647,1.0,0.9995295,0.99930596,0.0,0.001189395,0.010093676,0.16802399,0.96245545,0.008315757,0.008292472,0.08380526,0.73195344,0.97624636,0.08376623,0.6390377,0.8331187,0.96544486,0.96898544,0.17235543,0.3876188,0.96492136,0.99810904,0.79946846,0.092971705,0.030938724,0.85656726,0.98937476,0.74012357,0.0,0.0,0.0,0.0006116667063906,0.0206595677882432,0.0,0.0,0.0006204667151905,0.0143043892458081,0.044428527,0.0006773464847356,0.0069539174,0.0372555144131183,0.0083842976018786,0.0796336159110069,0.08718224,0.0823640003800392,0.1749758571386337,0.1311802417039871,0.09234937280416489,0.0865322574973106,0.0039667934179306,0.0115259885787963,0.1365200877189636,0.0254173912107944
124,0.0,0.0,0.0,0.0,0.0,0.0,0.0,0.0,0.0,0.0,0.0,0.0,0.0,0.0,0.0,0.0,0.0,0.0,0.0,0.0,0.0,0.0,0.0,0.0,0.0,0.0,0.0,0.0,0.0,0.0,0.0,0.0,0.0,0.0,0.0,0.0,0.0,0.0,0.0,0.0,0.0,0.0,0.0,0.0,0.0,0.0,0.0,0.0,0.0,0.0,0.9157964,0.9855227,0.93921036,0.99934196,0.99956,0.93983066,0.9090497,0.9993195,0.9990335,0.99943,0.99966145,0.9991275,0.9986945,0.9982885,0.976037,0.9996645,1.0,0.99999547,0.999595,0.999761,0.99761,0.997185,0.996958,0.994525,0.997094,0.0,0.003173567,0.009964769,0.96403635,0.9176208,0.00064673956,0.011484411,0.7404005,0.9013273,0.95299673,0.032836713,0.6274952,0.879275,0.92405397,0.999587,0.54335594,0.7829276,0.92677116,0.955653,0.9998647,0.5148198,0.63580704,0.73941517,0.86107105,0.998933,0.0034404267,0.0032849999,0.0,0.0021405930165201,0.0152384135872125,0.0037395523,0.0,0.0024519667495042,0.0228130556643009,0.061202012,0.0,0.0012603847,0.0140373622998595,0.0387312769889831,0.1220784485340118,0.02737989,0.0797058194875717,0.0762211754918098,0.0240205582231283,0.0839574933052063,0.279672771692276,0.0412732176482677,0.1448528468608856,0.0556067302823066,0.0513413026928901
125,0.0,0.0,0.0,0.0,0.0,0.0,0.0,0.0,0.0,0.0,0.0,0.0,0.0,0.0,0.0,0.0,0.0,0.0,0.0,0.0,0.0,0.0,0.0,0.0,0.0,0.0,0.0,0.0,0.0,0.0,0.0,0.0,0.0,0.0,0.0,0.0,0.0,0.0,0.0,0.0,0.0,0.0,0.0,0.0,0.0,0.0,0.0,0.0,0.0,0.0,0.92239165,0.9882247,0.883888,0.9994515,0.9981675,0.9117087,0.999676,0.9991665,0.954879,0.99954104,0.999447,0.9993365,0.999913,0.9990225,0.9994335,0.998014,1.0,0.9998205,0.999008,0.998749,0.999552,1.0,0.628346,0.0,0.0,0.0,0.010797715,0.0025850662,0.15904799,0.8890548,0.0058369422,0.0092108315,0.11573607,0.8048851,0.9651387,0.12088029,0.027492162,0.72885704,0.8536663,0.98780143,0.97571504,0.9240873,0.9258943,0.929143,0.781744,0.4788454,0.8304915,0.79555076,0.92635214,0.9995345,0.0,0.0,0.0,0.0010772193782031,0.0236754044890403,0.0,0.0,0.0,0.0044762380421161,0.029461354,0.0,0.005338508,0.0362331755459308,0.0233377385884523,0.0828097388148307,0.017269742,0.1064379811286926,0.0805567130446434,0.1220658645033836,0.1922474056482315,0.0561798736453056,0.1109378188848495,0.1617043018341064,0.0968946889042854,0.0637968704104423
126,0.0,0.0,0.0,0.0,0.0,0.0,0.0,0.0,0.0,0.0,0.0,0.0,0.0,0.0,0.0,0.0,0.0,0.0,0.0,0.0,0.0,0.0,0.0,0.0,0.0,0.0,0.0,0.0,0.0,0.0,0.0,0.0,0.0,0.0,0.0,0.0,0.0,0.0,0.0,0.0,0.0,0.0,0.0,0.0,0.0,0.0,0.0,0.0,0.0,0.0,0.95221144,0.951074,0.91837275,0.999894,0.9991636,0.9071853,0.87866324,0.9988806,0.99964607,0.9992277,0.9994505,0.999699,0.99965096,0.999462,0.99978673,0.998419,0.999546,0.9979563,0.99913836,0.9971045,0.99588954,0.9995025,0.99784505,0.585057,0.0,0.0,0.0030298918,0.051034622,0.11776333,0.9255677,0.0030682187,0.010080549,0.030423123,0.9270336,0.9565632,0.026449317,0.021744303,0.4713036,0.8092823,0.9585215,0.63686913,0.838898,0.914973,0.9803158,0.999266,0.69983083,0.62580246,0.8997371,0.95091116,1.0,0.0,0.0,0.0009404252050444,0.0031006070785224,0.0060853762552142,0.0,0.0,0.0,0.0102980090305209,0.071523115,0.0,0.0,0.0247593559324741,0.0610588751733303,0.0462459027767181,0.009741975,0.1473161280155182,0.1019362732768058,0.0183575432747602,0.09401070326566696,0.1215316280722618,0.0478414818644523,0.1604521423578262,0.0589773878455162,0.1409529596567154
127,0.0,0.0,0.0,0.0,0.0,0.0,0.0,0.0,0.0,0.0,0.0,0.0,0.0,0.0,0.0,0.0,0.0,0.0,0.0,0.0,0.0,0.0,0.0,0.0,0.0,0.0,0.0,0.0,0.0,0.0,0.0,0.0,0.0,0.0,0.0,0.0,0.0,0.0,0.0,0.0,0.0,0.0,0.0,0.0,0.0,0.0,0.0,0.0,0.0,0.0,0.86418337,0.96707964,0.9201714,0.99985397,1.0,0.9270343,0.895403,0.999919,1.0,0.999804,1.0,1.0,1.0,1.0,0.9991585,0.999287,1.0,1.0,0.9893825,0.91846204,0.998578,0.9896555,0.879256,0.0,0.0,0.0,0.0026045549,0.006505402,0.73792934,0.90856516,0.0044486555,0.0071400637,0.6843028,0.89043033,0.9154215,0.01225307,0.76145303,0.8508808,0.89224017,0.923045,0.9151124,0.90038145,0.8411048,0.8949148,0.999691,0.86693496,0.73715943,0.87300855,0.9165066,0.9997506,0.0014184962,0.0005234621,0.0,0.0,0.0052740103565156,0.00070064183,0.0,0.0,0.0075467475689947,0.0592282,0.0,0.0008770084,0.071969486773014,0.0953543409705162,0.2022403925657272,0.0116685135,0.0134980846196413,0.0683483704924583,0.1011752486228942,0.03663288429379463,0.063234306871891,0.0767911523580551,0.1778774559497833,0.4891062378883362,0.8689666986465454
