w_idx,pt_root_id,body_part_effector,body_part_sensory,cell_class,cell_function,cell_function_detailed,cell_sub_class,cell_type,fafb_783_cell_type,fafb_783_match_id,fanc_1116_cell_type,fanc_1116_match_id,flow,hemibrain_121_cell_type,hemibrain_121_match_id,hemilineage,manc_121_cell_type,manc_121_match_id,nerve,neuropeptide_verified,neurotransmitter_predicted,neurotransmitter_verified,other_names,peripheral_target_type,region,side,super_class
0,720575941350274352,,,,,,ventral_nerve_cord_bilateral_interconnecting,GFC1,,,,,intrinsic,,,18B,,,,,acetylcholine,,,,ventral_nerve_cord,left,ventral_nerve_cord_intrinsic
1,720575941351912752,,,,,,ventral_nerve_cord_ipsilateral_restricted,IN16B080,,,,,intrinsic,,,16B,IN16B080,id:24879,,,glutamate,glutamate,,,ventral_nerve_cord,left,ventral_nerve_cord_intrinsic
2,720575941352057904,,,descending_neuron,,,,DNpe054,DNpe054,id:720575940632379071,,,intrinsic,,,PSp2,,,,,acetylcholine,,,,neck_connective,left,descending
3,720575941352535088,,front_leg,chordotonal_organ_neuron,proprioception,position,front_leg_claw_chordotonal_organ_neuron,SNpp51,,,,,afferent,,,,SNpp51,id:45274,right_prothoracic_leg_nerve,,gaba,acetylcholine,,chordotonal_organ,ventral_nerve_cord,right,sensory
4,720575941352917296,,,single_leg_neuromere,,,ventral_nerve_cord_contralateral_restricted,IN14A015,,,,,intrinsic,,,14A,IN14A015,id:16565,,,glutamate,,,,ventral_nerve_cord,left,ventral_nerve_cord_intrinsic
5,720575941352918576,,,descending_neuron,,,,DNg70,DNg70,id:720575940632407826,,,intrinsic,,,MX3,DNxn180,id:11839,,Lk,gaba,,,,neck_connective,left,descending
6,720575941352919856,,,,,,ventral_nerve_cord_bilateral_interconnecting,IN03A018,,,,,intrinsic,,,03A,IN03A018,id:14475,,,acetylcholine,acetylcholine,,,ventral_nerve_cord,right,ventral_nerve_cord_intrinsic
7,720575941353080624,,,descending_neuron,,,,DNge036,DNge036,id:720575940627107721,,,intrinsic,,,putative_primary,DNfl042,id:16393,,,acetylcholine,,,,neck_connective,right,descending
8,720575941353301552,front_leg,,leg_motor_neuron,leg_motor,move_coxa_posterior,front_leg_motor_neuron,sternal_posterior_rotator_miller_32,,,,,efferent,,,,,,right_prothoracic_accessory_nerve,,gaba,,,sternal_posterior_rotator_muscle,ventral_nerve_cord,right,motor
9,720575941353771056,,,descending_neuron,,,,DNge100,DNge100,id:720575940629792060,,,intrinsic,,,,DNg47,id:24892,,,acetylcholine,,,,neck_connective,left,descending
10,720575941354084144,,front_leg,chordotonal_organ_neuron,proprioception,direction,front_leg_hook_chordotonal_organ_neuron,SNpp39,,,,,afferent,,,,SNpp39,id:30692,left_prothoracic_leg_nerve,,gaba,acetylcholine,hook,chordotonal_organ,ventral_nerve_cord,left,sensory
11,720575941354124592,,,single_leg_neuromere,,,ventral_nerve_cord_ipsilateral_restricted,IN03A006,,,,,intrinsic,,,03A,IN03A006,id:11374,,,acetylcholine,acetylcholine,,,ventral_nerve_cord,right,ventral_nerve_cord_intrinsic
12,720575941390193156,,,,,,ventral_nerve_cord_ipsilateral_restricted,IN13A043,,,,,intrinsic,,,13A,,,,,gaba,gaba,,,ventral_nerve_cord,right,ventral_nerve_cord_intrinsic
13,720575941390285462,,,descending_neuron,,,,DNg05_b,DNg05_b,id:720575940625550398,,,intrinsic,,,LB12,DNg05,id:28700,,,acetylcholine,,,,neck_connective,right,descending
14,720575941390308246,,,descending_neuron,,,,DNge118,DNge118,id:720575940623537485,,,intrinsic,,,LB7,DNut054,id:29521,,,acetylcholine,,,,neck_connective,left,descending
15,720575941390326532,,,,,,ventral_nerve_cord_bilateral_interconnecting,GFC4,,,,,intrinsic,,,11A,GFC4,id:41708,,,acetylcholine,acetylcholine,,,ventral_nerve_cord,right,ventral_nerve_cord_intrinsic
16,720575941390619140,,,descending_neuron,,,,DNg10,,,,,intrinsic,,,,DNg10,id:39045,,,gaba,,,,neck_connective,right,descending
17,720575941390623382,,,descending_neuron,,,,DNp20,DNp20,id:720575940644166048,,,intrinsic,DNp20,id:1745333830,putative_primary,DNp20,id:10023,,,gaba,acetylcholine,DNOVS1,,neck_connective,right,descending
18,720575941390672790,,,,,,ventral_nerve_cord_bilateral_interconnecting,IN21A067,,,,,intrinsic,,,21A,,,,,glutamate,,,,ventral_nerve_cord,right,ventral_nerve_cord_intrinsic
19,720575941390677654,,,,,,ventral_nerve_cord_bilateral_interconnecting,IN07B008,,,,,intrinsic,,,07B,,,,,glutamate,,,,ventral_nerve_cord,left,ventral_nerve_cord_intrinsic
20,720575941390682262,,,ventral_nerve_cord_dorsal,,,ventral_nerve_cord_bilateral_interconnecting,IN11A021,,,,,intrinsic,,,11A,IN11A021,id:14151,,,acetylcholine,acetylcholine,,,ventral_nerve_cord,left,ventral_nerve_cord_intrinsic
21,720575941390690966,,,,,,ventral_nerve_cord_ipsilateral_restricted,IN16B122,,,,,intrinsic,,,16B,IN16B122,id:28286,,,glutamate,glutamate,,,ventral_nerve_cord,left,ventral_nerve_cord_intrinsic
22,720575941390722710,,,descending_neuron,,,,DNge025,DNge025,id:720575940632303441,,,intrinsic,,,MX12,DNg12,id:32424,,,acetylcholine,,MX12_R_10,,neck_connective,right,descending
23,720575941390725270,,,,,,ventral_nerve_cord_ipsilateral_restricted,IN13A049,,,,,intrinsic,,,13A,IN13A049,id:156928,,,gaba,gaba,,,ventral_nerve_cord,left,ventral_nerve_cord_intrinsic
24,720575941390728598,,,,,,ventral_nerve_cord_ipsilateral_restricted,IN20A.22A084,,,,,intrinsic,,,20A.22A,IN20A.22A084,id:30151,,,acetylcholine,acetylcholine,,,ventral_nerve_cord,right,ventral_nerve_cord_intrinsic
25,720575941390822404,,,single_leg_neuromere,,,ventral_nerve_cord_ipsilateral_restricted,IN09A010,,,,,intrinsic,,,09A,IN09A010,id:11766,,,gaba,gaba,,,ventral_nerve_cord,right,ventral_nerve_cord_intrinsic
26,720575941390883478,,,,,,ventral_nerve_cord_ipsilateral_restricted,IN19A133,,,,,intrinsic,,,19A,IN19A133,id:41301,,,gaba,gaba,,,ventral_nerve_cord,left,ventral_nerve_cord_intrinsic
27,720575941391038468,,,,,,ventral_nerve_cord_ipsilateral_restricted,IN08A030,,,,,intrinsic,,,08A,IN08A030,id:19262,,,glutamate,glutamate,,,ventral_nerve_cord,left,ventral_nerve_cord_intrinsic
28,720575941391207574,,,single_leg_neuromere,,,ventral_nerve_cord_ipsilateral_restricted,IN16B075,,,,,intrinsic,,,16B,IN16B075,id:20317,,,glutamate,glutamate,,,ventral_nerve_cord,right,ventral_nerve_cord_intrinsic
29,720575941391252630,,,,,,ventral_nerve_cord_bilateral_interconnecting,IN12A016,,,,,intrinsic,,,12A,,,,,acetylcholine,acetylcholine,,,ventral_nerve_cord,left,ventral_nerve_cord_intrinsic
30,720575941391252886,front_leg,,leg_motor_neuron,leg_motor,flex_coxa_trochanter_joint,front_leg_motor_neuron,trochanter_flexor_posterior_soma_ProAN,,,,,efferent,,,,,,right_prothoracic_accessory_nerve,,gaba,,,trochanter_flexor_muscle,ventral_nerve_cord,right,motor
31,720575941391756548,,,descending_neuron,,,,DNfl028,,,,,intrinsic,,,,DNfl028,id:26332,,,acetylcholine,,MX12_L_38,,neck_connective,left,descending
32,720575941391789060,,,,,,ventral_nerve_cord_bilateral_restricted,IN16B055,,,,,intrinsic,,,16B,IN16B055,id:22712,,,glutamate,glutamate,,,ventral_nerve_cord,right,ventral_nerve_cord_intrinsic
33,720575941391792388,,,,,,ventral_nerve_cord_ipsilateral_restricted,IN16B098,,,,,intrinsic,,,16B,IN16B098,id:27532,,,glutamate,glutamate,,,ventral_nerve_cord,right,ventral_nerve_cord_intrinsic
34,720575941391853572,,front_leg,chordotonal_organ_neuron,proprioception,position,front_leg_claw_chordotonal_organ_neuron,SNpp51,,,,,afferent,,,,SNpp51,id:103757,right_prothoracic_leg_nerve,,gaba,acetylcholine,claw,chordotonal_organ,ventral_nerve_cord,right,sensory
35,720575941392039574,,,,,,ventral_nerve_cord_bilateral_restricted,IN04B050,,,,,intrinsic,,,04B,IN04B050,id:19446,,,acetylcholine,acetylcholine,,,ventral_nerve_cord,right,ventral_nerve_cord_intrinsic
36,720575941392594070,,front_leg,bristle_neuron,tactile,,front_leg_bristle_neuron,SNxxxx,,,,,afferent,,,,SNxxxx,id:41762993783,right_prothoracic_leg_nerve,,acetylcholine,,,bristle,ventral_nerve_cord,right,sensory
37,720575941392812548,,,descending_neuron,,,,DNp26,DNp26,id:720575940627732361,,,intrinsic,DNp26,id:1100404634,putative_primary,DNp26,id:10681,,,acetylcholine,,,,neck_connective,right,descending
38,720575941393196950,,,descending_neuron,,,,DNpe054,DNpe054,id:720575940621629578,,,intrinsic,,,PSp2,DNht001,id:31497,,,acetylcholine,,,,neck_connective,right,descending
39,720575941393242628,,,descending_neuron,,,,DNp30,DNp30,id:720575940633228103,,,intrinsic,,,putative_primary,DNp30,id:17211,,Dsk,serotonin,,,,neck_connective,right,descending
40,720575941393480342,,front_leg,bristle_neuron,tactile,,front_leg_bristle_neuron,SNta40,,,,,afferent,,,,SNta40,id:146676,right_prothoracic_leg_nerve,,gaba,,,bristle,ventral_nerve_cord,,sensory
41,720575941393489814,,,,,,ventral_nerve_cord_ipsilateral_restricted,IN13A061,,,,,intrinsic,,,13A,IN13A061,id:37692,,,gaba,gaba,,,ventral_nerve_cord,left,ventral_nerve_cord_intrinsic
42,720575941393503382,,"front_leg,trochanter",hair_plate_neuron,proprioception,joint_angle,front_leg_hair_plate_neuron,SNpp52,,,,,afferent,,,,SNpp52,id:11399,left_prothoracic_leg_nerve,,gaba,,,hair_plate,ventral_nerve_cord,left,sensory
43,720575941393708804,,,,proprioception,,ventral_nerve_cord_bilateral_restricted,IN19A106,,,,,intrinsic,,,19A,IN19A106,id:24040,,,gaba,gaba,,,ventral_nerve_cord,left,ventral_nerve_cord_intrinsic
44,720575941393745046,,,ascending_neuron,,,,AN04A001,AN_GNG_165,id:720575940657604737,,,intrinsic,,,04A,AN04A001,id:10823,,,acetylcholine,,,,neck_connective,right,ascending
45,720575941393748630,,,ascending_neuron,,,,AN01A006,AN_GNG_48,id:720575940618608110,,,intrinsic,,,01A,AN01A006,id:10905,,,acetylcholine,acetylcholine,,,neck_connective,right,ascending
46,720575941393864342,,,ascending_neuron,,,,ANXXX041,AN_GNG_123,id:720575940639301747,,,intrinsic,,,TBD,ANXXX041,id:12165,,,gaba,,,,neck_connective,right,ascending
47,720575941394119830,,,descending_neuron,,,,DNp42,DNp42,id:720575940641148149,,,intrinsic,,,PSp3,DNp42,id:11310,,,acetylcholine,,,,neck_connective,right,descending
48,720575941394131094,,,descending_neuron,,,,DNg26,DNg26,id:720575940605300140,,,intrinsic,,,MX0__prim,DNg26,id:18113,,"AstC,Hug",serotonin,serotonin,Hugin-VNC,,neck_connective,left,descending
49,720575941394472342,,,,,,ventral_nerve_cord_ipsilateral_restricted,IN16B064,,,,,intrinsic,,,16B,,,,,glutamate,glutamate,,,ventral_nerve_cord,right,ventral_nerve_cord_intrinsic
50,720575941394658198,,,descending_neuron,,,,DNge043,DNge043,id:720575940634428058,,,intrinsic,,,putative_primary,DNg37,id:12863,,,gaba,,,,neck_connective,right,descending
51,720575941394704022,,front_leg,chordotonal_organ_neuron,proprioception,direction,front_leg_hook_chordotonal_organ_neuron,SNpp39,,,,,afferent,,,,SNpp39,id:196644,right_prothoracic_leg_nerve,,gaba,acetylcholine,hook,chordotonal_organ,ventral_nerve_cord,right,sensory
52,720575941399042851,,,descending_neuron,,,,DNge077,DNge077,id:720575940614014895,,,intrinsic,,,putative_primary,DNfl025,id:27095,,,acetylcholine,,,,neck_connective,left,descending
53,720575941399099427,,,descending_neuron,,,,DNfl033,,,,,intrinsic,,,,DNfl033,id:21320,,,acetylcholine,,,,neck_connective,right,descending
54,720575941399201827,,,,,,ventral_nerve_cord_ipsilateral_restricted,IN03A061,,,,,intrinsic,,,03A,IN03A061,id:17917,,,acetylcholine,acetylcholine,,,ventral_nerve_cord,left,ventral_nerve_cord_intrinsic
55,720575941399314723,,,,,,ventral_nerve_cord_contralateral_restricted,IN13B069,,,,,intrinsic,,,13B,,,,,gaba,gaba,,,ventral_nerve_cord,right,ventral_nerve_cord_intrinsic
56,720575941399317539,,,single_leg_neuromere,,,ventral_nerve_cord_contralateral_restricted,IN13B029,,,,,intrinsic,,,13B,IN13B029,id:16999,,,gaba,gaba,,,ventral_nerve_cord,right,ventral_nerve_cord_intrinsic
57,720575941399380515,,,descending_neuron,,,,DNg12_e,DNg12_e,id:720575940614588778,,,intrinsic,,,MX12,DNg12,id:27728,,,acetylcholine,,MX12_R_40,,neck_connective,right,descending
58,720575941399414563,front_leg,,leg_motor_neuron,leg_motor,flex_coxa_trochanter_joint,front_leg_motor_neuron,trochanter_flexor_ProAN,,,,,efferent,,,,,,right_prothoracic_accessory_nerve,,gaba,,,trochanter_flexor_muscle,ventral_nerve_cord,right,motor
59,720575941400285475,,,descending_neuron,,,,DNge125,DNge125,id:720575940605658033,,,intrinsic,,,LB7__prim,DNnt020,id:17279,,,acetylcholine,,,,neck_connective,right,descending
60,720575941400290851,,,descending_neuron,,,,DNg49,DNg49,id:720575940631299855,,,intrinsic,,id:1345285966,putative_primary,DNg49,id:15047,,,gaba,,,,neck_connective,right,descending
61,720575941400319779,,,ascending_neuron,,,,AN08B022,AN_VES_GNG_7,id:720575940615669826,,,intrinsic,,,08B,AN08B022,id:14676,,,acetylcholine,acetylcholine,,,neck_connective,right,ascending
62,720575941400423459,,front_leg,bristle_neuron,tactile,,front_leg_bristle_neuron,SNxxxx,,,,,afferent,,,,SNxxxx,id:41762993783,right_prothoracic_leg_nerve,,acetylcholine,,,bristle,ventral_nerve_cord,right,sensory
63,720575941400698403,,,,,,ventral_nerve_cord_bilateral_interconnecting,IN12B086,,,,,intrinsic,,,12B,IN12B086,id:27372,,,gaba,gaba,,,ventral_nerve_cord,right,ventral_nerve_cord_intrinsic
64,720575941400707875,,,,,,ventral_nerve_cord_ipsilateral_restricted,IN08A034,,,,,intrinsic,,,08A,IN08A034,id:24993,,,glutamate,glutamate,,,ventral_nerve_cord,left,ventral_nerve_cord_intrinsic
65,720575941400730403,,,single_leg_neuromere,proprioception,,ventral_nerve_cord_contralateral_restricted,IN14A017,,,,,intrinsic,,,14A,IN14A017,id:27260,,,glutamate,,,,ventral_nerve_cord,right,ventral_nerve_cord_intrinsic
66,720575941400736035,,,,,,ventral_nerve_cord_bilateral_restricted,IN01A052,,,,,intrinsic,,,01A,IN01A052,id:18358,,,acetylcholine,acetylcholine,,,ventral_nerve_cord,left,ventral_nerve_cord_intrinsic
67,720575941400788771,,,,,,ventral_nerve_cord_ipsilateral_restricted,IN03A061,,,,,intrinsic,,,03A,,,,,acetylcholine,acetylcholine,,,ventral_nerve_cord,left,ventral_nerve_cord_intrinsic
68,720575941400818723,,,ventral_nerve_cord_dorsal,,,ventral_nerve_cord_bilateral_interconnecting,IN14B007,,,,,intrinsic,,,14B,IN14B007,id:11822,,,gaba,,,,ventral_nerve_cord,left,ventral_nerve_cord_intrinsic
69,720575941400887587,,,,,,,,,,,,afferent,,,,,,left_prothoracic_leg_nerve,,,,,,ventral_nerve_cord,left,sensory
70,720575941401454883,,,single_leg_neuromere,,,ventral_nerve_cord_ipsilateral_restricted,IN13A038,,,,,intrinsic,,,13A,IN13A038,id:19906,,,gaba,gaba,,,ventral_nerve_cord,left,ventral_nerve_cord_intrinsic
71,720575941401753379,,,ventral_nerve_cord_serially_convergent,,,ventral_nerve_cord_bilateral_interconnecting,IN07B002,,,,,intrinsic,,,07B,IN07B002,id:10090,,,acetylcholine,acetylcholine,,,ventral_nerve_cord,right,ventral_nerve_cord_intrinsic
72,720575941401753635,,,descending_neuron,,,,DNg06,DNg06,id:720575940612698287,,,intrinsic,,,LB12,DNxn100,id:69417,,,acetylcholine,,,,neck_connective,left,descending
73,720575941401760803,,hind_leg,campaniform_sensillum_neuron,proprioception,mechanical_strain,front_leg_campaniform_sensillum_neuron,SNpp52,,,,,afferent,,,,SNpp52,id:17486,left_prothoracic_leg_nerve,,gaba,,,campaniform_sensillum,ventral_nerve_cord,left,sensory
74,720575941401766435,,,descending_neuron,,,,DNbe007,DNbe007,id:720575940644494752,,,intrinsic,,,putative_primary,DNxl082,id:20029,,,acetylcholine,,,,neck_connective,left,descending
75,720575941401773091,,,single_leg_neuromere,,,ventral_nerve_cord_ipsilateral_restricted,IN04B078,,,,,intrinsic,,,04B,IN04B078,id:20836,,,acetylcholine,acetylcholine,,,ventral_nerve_cord,left,ventral_nerve_cord_intrinsic
76,720575941401776931,,,ventral_nerve_cord_dorsal,,,ventral_nerve_cord_bilateral_interconnecting,IN12A015,,,,,intrinsic,,,12A,IN12A015,id:12723,,,acetylcholine,acetylcholine,,,ventral_nerve_cord,right,ventral_nerve_cord_intrinsic
77,720575941401780003,,,,,,ventral_nerve_cord_bilateral_interconnecting,IN08B058,,,,,intrinsic,,,08B,IN08B058,id:16639,,,acetylcholine,acetylcholine,,,ventral_nerve_cord,right,ventral_nerve_cord_intrinsic
78,720575941401786403,,,descending_neuron,,,,DNpe004,DNpe004,id:720575940605009097,,,intrinsic,,,putative_primary,,,,,acetylcholine,,,,neck_connective,right,descending
79,720575941401795619,,,,,,ventral_nerve_cord_ipsilateral_interconnecting,IN17A020,,,,,intrinsic,,,17A,IN17A020,id:11966,,,acetylcholine,acetylcholine,,,ventral_nerve_cord,left,ventral_nerve_cord_intrinsic
80,720575941401814307,,,descending_neuron,,,,DNge050,DNge050,id:720575940611813842,,,intrinsic,,,putative_primary,DNxl049,id:11120,,,acetylcholine,,,,neck_connective,left,descending
81,720575941401962787,,,descending_neuron,,,,DNg104,DNg104,id:720575940631282194,,,intrinsic,,,putative_primary,DNxl101,id:20464,,,octopamine,,,,neck_connective,left,descending
82,720575941402088304,front_leg,,leg_motor_neuron,leg_motor,move_coxa_posterior,front_leg_motor_neuron,sternal_posterior_rotator,,,,,efferent,,,,,,left_prothoracic_accessory_nerve,,gaba,,,sternal_posterior_rotator_muscle,ventral_nerve_cord,left,motor
83,720575941402468899,,,descending_neuron,,,,DNp17,DNp17,id:720575940610010521,,,intrinsic,,,PSp2,,,,,acetylcholine,,,,neck_connective,right,descending
84,720575941402551331,,,descending_neuron,,,,DNb03,DNb03,id:720575940634163682,,,intrinsic,,,putative_primary,DNb03,id:21756,,,acetylcholine,,,,neck_connective,left,descending
85,720575941402626595,,front_leg,campaniform_sensillum_neuron,proprioception,mechanical_strain,front_leg_campaniform_sensillum_neuron,SNpp45,,,,,afferent,,,,SNpp45,id:21155,left_prothoracic_leg_nerve,,gaba,,,campaniform_sensillum,ventral_nerve_cord,left,sensory
86,720575941402821923,,,descending_neuron,,,,DNp05,DNp05,id:720575940612203482,,,intrinsic,,,putative_primary,DNp05,id:11588,,,acetylcholine,acetylcholine,,,neck_connective,left,descending
87,720575941402823715,,,single_leg_neuromere,,,ventral_nerve_cord_bilateral_restricted,IN09A016,,,,,intrinsic,,,09A,IN09A016,id:14210,,,gaba,gaba,,,ventral_nerve_cord,left,ventral_nerve_cord_intrinsic
88,720575941403521648,,,,,,ventral_nerve_cord_ipsilateral_restricted,IN03A022,,,,,intrinsic,,,03A,IN03A022,id:14193,,,acetylcholine,acetylcholine,,,ventral_nerve_cord,left,ventral_nerve_cord_intrinsic
89,720575941403825008,,,,,,ventral_nerve_cord_ipsilateral_restricted,IN09A074,,,,,intrinsic,,,09A,IN09A074,id:101957,,,gaba,gaba,,,ventral_nerve_cord,right,ventral_nerve_cord_intrinsic
90,720575941403907696,,,,,,ventral_nerve_cord_ipsilateral_restricted,IN13A058,,,,,intrinsic,,,13A,IN13A058,id:21372,,,gaba,gaba,,,ventral_nerve_cord,left,ventral_nerve_cord_intrinsic
91,720575941403931248,,,ascending_neuron,,,,ANXXX092,AN_GNG_27,id:720575940627663100,,,intrinsic,,,TBD,ANXXX092,id:15831,,,acetylcholine,,,,neck_connective,left,ascending
92,720575941404711792,,,descending_neuron,,,,DNpe016,DNpe016,id:720575940614236200,,,intrinsic,PS211,id:1251810443,PSp2,DNxn174,id:15597,,,acetylcholine,,,,neck_connective,right,descending
93,720575941404724080,,,ventral_nerve_cord_centrifugal,,,ventral_nerve_cord_contralateral_interconnecting,IN10B007,,,,,intrinsic,,,10B,IN10B007,id:11174,,,acetylcholine,acetylcholine,,,ventral_nerve_cord,right,ventral_nerve_cord_intrinsic
94,720575941404748144,,,descending_neuron,,,,DNge106,DNge106,id:720575940624484796,,,intrinsic,,,MX12,DNxl097,id:15356,,,acetylcholine,,,,neck_connective,left,descending
95,720575941404813680,,,descending_neuron,,,,DNg36_b,DNg36_b,id:720575940621700789,,,intrinsic,,,LB7,DNut042,id:104296,,,acetylcholine,,,,neck_connective,left,descending
96,720575941404874352,,,descending_neuron,,,,DNge173,DNge173,id:720575940626557442,,,intrinsic,,,MX12__prim,DNfl021,id:31787,,,acetylcholine,,,,neck_connective,right,descending
97,720575941404900464,,,ascending_neuron,,,,AN_GNG_SAD_32,AN_GNG_SAD_32,id:720575940631811097,,,intrinsic,,,,,,,,acetylcholine,,,,neck_connective,right,ascending
98,720575941404981360,,,descending_neuron,,,,DNp17,DNp17,id:720575940628398202,,,intrinsic,,,PSp2,DNp17,id:27448,,,acetylcholine,,,,neck_connective,left,descending
99,720575941405473327,,,descending_neuron,,,,DNge015,DNge015,id:720575940605656521,,,intrinsic,,,,,,,,acetylcholine,,,,neck_connective,left,descending
100,720575941405601839,,,single_leg_neuromere,,,ventral_nerve_cord_contralateral_restricted,IN12B023,,,,,intrinsic,,,12B,,,,,gaba,,,,ventral_nerve_cord,left,ventral_nerve_cord_intrinsic
101,720575941405745776,,,descending_neuron,,,,DNg106,DNg106,id:720575940617035153,,,intrinsic,,,MX3,DNg106,id:29695,,,gaba,,,,neck_connective,left,descending
102,720575941405745967,,,,,,ventral_nerve_cord_bilateral_interconnecting,IN01A081,,,,,intrinsic,,,01A,IN01A081,id:37164,,,acetylcholine,acetylcholine,,,ventral_nerve_cord,right,ventral_nerve_cord_intrinsic
103,720575941405779630,,,,,,ventral_nerve_cord_ipsilateral_restricted,IN09A072,,,,,intrinsic,,,09A,IN09A072,id:25008,,,gaba,gaba,,,ventral_nerve_cord,right,ventral_nerve_cord_intrinsic
104,720575941405820975,,,,,,ventral_nerve_cord_bilateral_restricted,IN04B067,,,,,intrinsic,,,04B,IN04B067,id:38325,,,acetylcholine,acetylcholine,,,ventral_nerve_cord,right,ventral_nerve_cord_intrinsic
105,720575941405862062,,,,,,ventral_nerve_cord_ipsilateral_restricted,IN04B094,,,,,intrinsic,,,04B,IN04B094,id:20520,,,acetylcholine,acetylcholine,,,ventral_nerve_cord,right,ventral_nerve_cord_intrinsic
106,720575941405868462,,,single_leg_neuromere,,,ventral_nerve_cord_ipsilateral_restricted,IN17A052,,,,,intrinsic,,,17A,,,,,acetylcholine,acetylcholine,,,ventral_nerve_cord,left,ventral_nerve_cord_intrinsic
107,720575941405868656,,,descending_neuron,,,,DNp27,DNp27,id:720575940629413962,,,intrinsic,DNp27,,,DNp27,id:15272,,"AstC,Orcokinin,Trissin",serotonin,acetylcholine,"Allatostatin-C,PMP2",,neck_connective,right,descending
108,720575941405890928,,front_leg,bristle_neuron,tactile,,front_leg_bristle_neuron,SNta21,,,,,afferent,,,,SNta21,id:37472,left_prothoracic_leg_nerve,,gaba,,,bristle,ventral_nerve_cord,left,sensory
109,720575941405891246,,,single_leg_neuromere,,,ventral_nerve_cord_contralateral_restricted,IN01A077,,,,,intrinsic,,,01A,,,,,acetylcholine,acetylcholine,,,ventral_nerve_cord,left,ventral_nerve_cord_intrinsic
110,720575941406488494,front_leg,,leg_motor_neuron,leg_motor,flex_femur_tibia_joint,front_leg_motor_neuron,accessory_tibia_flexor_A,,,,,efferent,,,,Ti flexor MN,id:15321,left_prothoracic_leg_nerve,,gaba,,,accessory_tibia_flexor_muscle,ventral_nerve_cord,left,motor
111,720575941407410094,,,,,,ventral_nerve_cord_ipsilateral_restricted,IN03A066,,,,,intrinsic,,,03A,IN03A066,id:20328,,,acetylcholine,acetylcholine,,,ventral_nerve_cord,left,ventral_nerve_cord_intrinsic
112,720575941407413807,,,single_leg_neuromere,,,ventral_nerve_cord_ipsilateral_restricted,IN21A001,,,,,intrinsic,,,21A,,,,,glutamate,,,,ventral_nerve_cord,left,ventral_nerve_cord_intrinsic
113,720575941407451695,,,,proprioception,,ventral_nerve_cord_bilateral_restricted,IN19A107,,,,,intrinsic,,,19A,IN19A107,id:42680,,,gaba,gaba,,,ventral_nerve_cord,left,ventral_nerve_cord_intrinsic
114,720575941407463471,,,,,,ventral_nerve_cord_bilateral_interconnecting,IN08B054,,,,,intrinsic,,,08B,IN08B054,id:14550,,,acetylcholine,acetylcholine,,,ventral_nerve_cord,left,ventral_nerve_cord_intrinsic
115,720575941407464751,,,,,,ventral_nerve_cord_bilateral_interconnecting,IN01A004,,,,,intrinsic,,,01A,IN01A004,id:11243,,,acetylcholine,acetylcholine,,,ventral_nerve_cord,right,ventral_nerve_cord_intrinsic
116,720575941407478063,,,ventral_nerve_cord_serially_convergent,,,ventral_nerve_cord_bilateral_interconnecting,IN12B005,,,,,intrinsic,,,12B,IN12B005,id:11983,,,gaba,gaba,,,ventral_nerve_cord,right,ventral_nerve_cord_intrinsic
117,720575941407510702,,,,,,ventral_nerve_cord_bilateral_interconnecting,IN07B065,,,,,intrinsic,,,07B,IN07B065,id:21319,,,acetylcholine,acetylcholine,,,ventral_nerve_cord,right,ventral_nerve_cord_intrinsic
118,720575941407564718,,,ascending_neuron,,,,AN12B011,AN_GNG_151,id:720575940635768895,,,intrinsic,,,12B,AN12B011,id:12108,,,gaba,gaba,,,neck_connective,left,ascending
119,720575941407788206,,,descending_neuron,,,,DNge029,DNge029,id:720575940614235323,,,intrinsic,,,MX12__prim,,,,,glutamate,,,,central_brain,left,descending
120,720575941407841071,,,descending_neuron,,,,DNp07,DNp07,id:720575940617034565,,,intrinsic,,,putative_primary,DNp07,id:11150,,,acetylcholine,acetylcholine,,,neck_connective,left,descending
121,720575941408170799,,,descending_neuron,,,,DNge102,DNge102,id:720575940623706405,,,intrinsic,,,,DNxn165,id:15839,,,glutamate,,,,neck_connective,left,descending
122,720575941408199471,,,,proprioception,,ventral_nerve_cord_bilateral_restricted,IN19A098,,,,,intrinsic,,,19A,IN19A098,id:39586,,,gaba,gaba,,,ventral_nerve_cord,right,ventral_nerve_cord_intrinsic
123,720575941408338862,front_leg,,leg_motor_neuron,leg_motor,extend_coxa_trochanter_joint,front_leg_motor_neuron,tergotrochanter_extensor,,,,,efferent,,,17X,Tergotr. MN,id:166309,left_ventral_prothoracic_nerve,,gaba,,,tergotrochanter_extensor_muscle,ventral_nerve_cord,left,motor
124,720575941408417454,,,,proprioception,,ventral_nerve_cord_ipsilateral_restricted,IN01B085,,,,,intrinsic,,,01B,IN01B085,id:31782,,,gaba,gaba,,,ventral_nerve_cord,left,ventral_nerve_cord_intrinsic
125,720575941408425390,,,single_leg_neuromere,,,ventral_nerve_cord_ipsilateral_restricted,IN03A089,,,,,intrinsic,,,03A,IN03A089,id:158041,,,acetylcholine,acetylcholine,,,ventral_nerve_cord,left,ventral_nerve_cord_intrinsic
126,720575941408456110,,,,,,ventral_nerve_cord_bilateral_interconnecting,IN12A053,,,,,intrinsic,,,12A,IN12A053,id:24983,,,acetylcholine,acetylcholine,,,ventral_nerve_cord,right,ventral_nerve_cord_intrinsic
127,720575941408494251,,,,,,ventral_nerve_cord_ipsilateral_restricted,IN08A036,,,,,intrinsic,,,08A,IN08A036,id:37671,,,glutamate,glutamate,,,ventral_nerve_cord,right,ventral_nerve_cord_intrinsic
128,720575941408508078,,,descending_neuron,,,,DNp08,DNp08,id:720575940633170643,,,intrinsic,,,PSp3,DNp08,id:12827,,,glutamate,,,,neck_connective,right,descending
129,720575941408514219,,,,,,ventral_nerve_cord_ipsilateral_restricted,IN19A092,,,,,intrinsic,,,19A,,,,,gaba,gaba,,,ventral_nerve_cord,right,ventral_nerve_cord_intrinsic
130,720575941408514731,,,single_leg_neuromere,,,ventral_nerve_cord_ipsilateral_restricted,IN19A064,,,,,intrinsic,,,19A,IN19A064,id:155827,,,gaba,gaba,,,ventral_nerve_cord,right,ventral_nerve_cord_intrinsic
131,720575941408515631,,,,,,ventral_nerve_cord_ipsilateral_restricted,IN21A087,,,,,intrinsic,,,21A,IN21A087,id:25860,,,glutamate,,,,ventral_nerve_cord,right,ventral_nerve_cord_intrinsic
132,720575941408530735,,,single_leg_neuromere,,,ventral_nerve_cord_ipsilateral_restricted,IN16B018,,,,,intrinsic,,,16B,IN16B018,id:11472,,,gaba,,,,ventral_nerve_cord,right,ventral_nerve_cord_intrinsic
133,720575941408568750,,,ascending_neuron,,,,AN19B001_b,AN_GNG_IPS_11,id:720575940634038041,,,intrinsic,,,19B,AN19B001,id:10016,,,acetylcholine,acetylcholine,,,neck_connective,left,ascending
134,720575941408577327,,,descending_neuron,,,,DNg62,DNg62,id:720575940624319124,,,intrinsic,,,MX12__prim,DNg62,id:152849,,,acetylcholine,,"aDN1 (Seeds-Hampel lab),aDN1_L",,neck_connective,left,descending
135,720575941408634671,,,ascending_neuron,,,,ANXXX318,AN_GNG_77,id:720575940634111351,,,intrinsic,,,TBD,ANXXX318,id:17884,,,acetylcholine,,,,neck_connective,right,ascending
136,720575941408639535,,,descending_neuron,,,,DNge148,DNge148,id:720575940627845704,,,intrinsic,,,putative_primary,DNxn147,id:20535,,,acetylcholine,,,,neck_connective,right,descending
137,720575941408856879,,,ascending_neuron,,,,AN01B002,BM_Taste,id:720575940627821553,,,intrinsic,,,01B,AN01B002,id:12239,,,gaba,gaba,,,neck_connective,right,ascending
138,720575941409041835,,,,tactile,,ventral_nerve_cord_ipsilateral_restricted,IN01B045,,,,,intrinsic,,,01B,IN01B045,id:31894,,,gaba,gaba,,,ventral_nerve_cord,left,ventral_nerve_cord_intrinsic
139,720575941409225902,,,descending_neuron,,,,DNg102,DNg102,id:720575940621626394,,,intrinsic,,,putative_primary,DNxn181,id:11968,,,gaba,,,,neck_connective,right,descending
140,720575941409240367,,front_leg,bristle_neuron,tactile,,front_leg_bristle_neuron,SNta21,,,,id:1614,afferent,,,,SNta21,id:42382,left_prothoracic_leg_nerve,,acetylcholine,,,bristle,ventral_nerve_cord,right,sensory
141,720575941409519022,,,descending_neuron,,,,DNp02,DNp02,id:720575940619654053,,,intrinsic,,,SMPpv2_ventral,DNp02,id:10331,,,acetylcholine,acetylcholine,,,neck_connective,left,descending
142,720575941409588271,,,descending_neuron,,,,DNpe026,DNpe026,id:720575940616274619,,,intrinsic,,,putative_primary,DNxn155,id:17526,,,acetylcholine,,,,neck_connective,right,descending
143,720575941409732399,,front_leg,campaniform_sensillum_neuron,proprioception,mechanical_strain,front_leg_campaniform_sensillum_neuron,,,,,,afferent,,,,,,left_prothoracic_leg_nerve,,gaba,,,campaniform_sensillum,ventral_nerve_cord,left,sensory
144,720575941409738287,,front_leg,campaniform_sensillum_neuron,proprioception,mechanical_strain,front_leg_campaniform_sensillum_neuron,SNppxx,,,,,afferent,,,,SNppxx,id:29362,right_prothoracic_leg_nerve,,gaba,,,orphan,ventral_nerve_cord,right,sensory
145,720575941409774703,,,single_leg_neuromere,,,ventral_nerve_cord_ipsilateral_interconnecting,IN09A064,,,,,intrinsic,,,09A,IN09A064,id:159312,,,gaba,gaba,,,ventral_nerve_cord,left,ventral_nerve_cord_intrinsic
146,720575941409796975,,,single_leg_neuromere,,,ventral_nerve_cord_ipsilateral_restricted,IN17A061,,,,,intrinsic,,,17A,,,,,acetylcholine,acetylcholine,,,ventral_nerve_cord,right,ventral_nerve_cord_intrinsic
147,720575941409918831,,,,,,ventral_nerve_cord_ipsilateral_restricted,IN08A026,,,,,intrinsic,,,08A,,,,,glutamate,glutamate,,,ventral_nerve_cord,right,ventral_nerve_cord_intrinsic
148,720575941409919343,,,,,,ventral_nerve_cord_ipsilateral_restricted,IN04B034,,,,,intrinsic,,,04B,IN04B034,id:102322,,,acetylcholine,acetylcholine,,,ventral_nerve_cord,right,ventral_nerve_cord_intrinsic
149,720575941409932911,,,single_leg_neuromere,,,ventral_nerve_cord_ipsilateral_restricted,IN21A011,,,,,intrinsic,,,21A,,,,,glutamate,,,,ventral_nerve_cord,right,ventral_nerve_cord_intrinsic
150,720575941409935471,,,,,,ventral_nerve_cord_ipsilateral_restricted,IN20A.22A035,,,,,intrinsic,,,20A.22A,,,,,acetylcholine,acetylcholine,,,ventral_nerve_cord,left,ventral_nerve_cord_intrinsic
151,720575941410062703,,,,,,ventral_nerve_cord_bilateral_interconnecting,IN13A011,,,,,intrinsic,,,13A,IN13A011,id:162586,,,gaba,gaba,,,ventral_nerve_cord,right,ventral_nerve_cord_intrinsic
152,720575941410073711,,,,,,ventral_nerve_cord_ipsilateral_restricted,IN03A065,,,,,intrinsic,,,03A,IN03A065,id:152786,,,acetylcholine,acetylcholine,,,ventral_nerve_cord,right,ventral_nerve_cord_intrinsic
153,720575941410113451,,,ascending_neuron,,,,AN19B015,AN_GNG_6,id:720575940629745022,,,intrinsic,,,19B,AN19B015,id:11153,,,acetylcholine,acetylcholine,,,neck_connective,left,ascending
154,720575941410120107,,,,,,ventral_nerve_cord_ipsilateral_restricted,IN13A047,,,,,intrinsic,,,13A,IN13A047,id:18457,,,gaba,gaba,,,ventral_nerve_cord,left,ventral_nerve_cord_intrinsic
155,720575941411072427,,,single_leg_neuromere,,,ventral_nerve_cord_contralateral_restricted,IN12B007,,,,,intrinsic,,,12B,IN12B007,id:10956,,,gaba,gaba,,,ventral_nerve_cord,right,ventral_nerve_cord_intrinsic
156,720575941411176107,,,,,,ventral_nerve_cord_ipsilateral_restricted,IN04B072,,,,,intrinsic,,,04B,IN04B072,id:23759,,,acetylcholine,acetylcholine,,,ventral_nerve_cord,right,ventral_nerve_cord_intrinsic
157,720575941411180203,,,,,,ventral_nerve_cord_bilateral_restricted,IN01A083,,,,,intrinsic,,,01A,IN01A083,id:25420,,,acetylcholine,acetylcholine,,,ventral_nerve_cord,right,ventral_nerve_cord_intrinsic
158,720575941411400815,,"coxa,front_leg",hair_plate_neuron,proprioception,joint_angle,front_leg_hair_plate_neuron,SNpp52,,,,,afferent,,,,SNpp52,id:21695,right_ventral_prothoracic_nerve,,gaba,,CoHP8,"CoHP8,hair_plate",ventral_nerve_cord,right,sensory
159,720575941411441323,,,descending_neuron,,,,DNae009,DNae009,id:720575940636454136,,,intrinsic,,,WEDd1,DNxn124,id:11497,,,acetylcholine,,,,neck_connective,right,descending
160,720575941411456427,,,,,,ventral_nerve_cord_bilateral_interconnecting,INXXX045,,,,,intrinsic,,,TBD,INXXX045,id:10712,,,histamine,,,,ventral_nerve_cord,left,ventral_nerve_cord_intrinsic
161,720575941411472555,,,descending_neuron,,,,DNb09,DNb09,id:720575940648636292,,,intrinsic,,,putative_primary,DNb09,id:12167,,,glutamate,glutamate,,,neck_connective,right,descending
162,720575941411669908,,,single_leg_neuromere,,,ventral_nerve_cord_ipsilateral_restricted,IN09A076,,,,,intrinsic,,,09A,IN09A076,id:27911,,,gaba,gaba,,,ventral_nerve_cord,right,ventral_nerve_cord_intrinsic
163,720575941411677073,,,,,,ventral_nerve_cord_ipsilateral_restricted,IN03A066,,,,id:17140,intrinsic,,,03A,IN03A066,id:13884,,,acetylcholine,acetylcholine,,,ventral_nerve_cord,right,ventral_nerve_cord_intrinsic
164,720575941411703697,,,,,,ventral_nerve_cord_contralateral_restricted,IN12B078,,,,,intrinsic,,,12B,IN12B078,id:24152,,,gaba,gaba,,,ventral_nerve_cord,left,ventral_nerve_cord_intrinsic
165,720575941411709073,front_leg,,leg_motor_neuron,leg_motor,extend_coxa_trochanter_joint,front_leg_motor_neuron,trochanter_extensor_LinJ,,,,id:211,efferent,,,,,,right_prothoracic_leg_nerve,,acetylcholine,,,trochanter_extensor_muscle,ventral_nerve_cord,right,motor
166,720575941411715985,,,,,,ventral_nerve_cord_ipsilateral_restricted,IN04B091,,,,,intrinsic,,,04B,IN04B091,id:102697,,,acetylcholine,acetylcholine,,,ventral_nerve_cord,right,ventral_nerve_cord_intrinsic
167,720575941411718033,,,,,,ventral_nerve_cord_ipsilateral_restricted,IN16B091,,,,,intrinsic,,,16B,IN16B091,id:23455,,,glutamate,glutamate,,,ventral_nerve_cord,right,ventral_nerve_cord_intrinsic
168,720575941411829140,,,,,,ventral_nerve_cord_ipsilateral_restricted,IN20A.22A018,,,,,intrinsic,,,20A.22A,IN20A.22A018,id:23224,,,acetylcholine,acetylcholine,,,ventral_nerve_cord,right,ventral_nerve_cord_intrinsic
169,720575941411829652,,,,,,ventral_nerve_cord_ipsilateral_restricted,IN20A.22A071,,,,,intrinsic,,,20A.22A,IN20A.22A071,id:42376,,,acetylcholine,acetylcholine,,,ventral_nerve_cord,right,ventral_nerve_cord_intrinsic
170,720575941411830164,,,single_leg_neuromere,,,ventral_nerve_cord_bilateral_interconnecting,IN01A079,,,,,intrinsic,,,01A,IN01A079,id:29310,,,acetylcholine,acetylcholine,,,ventral_nerve_cord,left,ventral_nerve_cord_intrinsic
171,720575941411830420,,,single_leg_neuromere,tactile,,ventral_nerve_cord_contralateral_restricted,IN14A009,,,,,intrinsic,,,14A,IN14A009,id:28051,,,glutamate,,,,ventral_nerve_cord,right,ventral_nerve_cord_intrinsic
172,720575941411838612,front_leg,,leg_motor_neuron,leg_motor,pull_long_tendon,front_leg_motor_neuron,long_tendon_muscle_B,,,,,efferent,,,,ltm1-tibia MN,id:20612,left_prothoracic_leg_nerve,,,,,long_tendon_muscle,ventral_nerve_cord,left,motor
173,720575941412004756,,,,,,ventral_nerve_cord_ipsilateral_restricted,IN13A071,,,,,intrinsic,,,13A,IN13A071,id:28474,,,gaba,gaba,,,ventral_nerve_cord,left,ventral_nerve_cord_intrinsic
174,720575941412047787,,,ascending_neuron,,,,AN19B014,AN_GNG_144,id:720575940618066555,,,intrinsic,,,19B,AN19B014,id:10981,,,acetylcholine,acetylcholine,,,neck_connective,left,ascending
175,720575941412103535,,,ascending_neuron,,,,AN12B089,AN_GNG_200,id:720575940628797608,,,intrinsic,,,12B,AN12B089,id:31120,,,gaba,gaba,,,neck_connective,left,ascending
176,720575941412514775,,front_leg,bristle_neuron,tactile,,front_leg_bristle_neuron,SNta34,,,,,afferent,,,,SNta34,id:51045,right_prothoracic_leg_nerve,,gaba,,,bristle,ventral_nerve_cord,right,sensory
177,720575941412601967,,,ventral_nerve_cord_centrifugal,,,ventral_nerve_cord_bilateral_interconnecting,IN12B002,,,,,intrinsic,,,12B,IN12B002,id:10025,,,gaba,gaba,,,ventral_nerve_cord,left,ventral_nerve_cord_intrinsic
178,720575941412619631,,,descending_neuron,,,,DNxn153,,,,,intrinsic,,,,DNxn153,id:19189,,,acetylcholine,,,,neck_connective,right,descending
179,720575941412623215,,,descending_neuron,,,,DNg12_e,DNg12_e,id:720575940627814522,,,intrinsic,,,,DNg12,id:30999,,,acetylcholine,,MX12_L_26,,neck_connective,left,descending
180,720575941412676055,,front_leg,bristle_neuron,tactile,,front_leg_bristle_neuron,SNta29,,,,,afferent,,,,SNta29,id:186518,right_prothoracic_leg_nerve,,acetylcholine,,,bristle,ventral_nerve_cord,right,sensory
181,720575941413112212,,front_leg,chordotonal_organ_neuron,proprioception,position,front_leg_claw_chordotonal_organ_neuron,SNpp50,,,,,afferent,,,,SNpp50,id:163745,left_prothoracic_leg_nerve,,gaba,acetylcholine,claw,chordotonal_organ,ventral_nerve_cord,left,sensory
182,720575941413189265,,,,,,ventral_nerve_cord_bilateral_restricted,IN16B056,,,,,intrinsic,,,16B,IN16B056,id:18077,,,glutamate,glutamate,,,ventral_nerve_cord,right,ventral_nerve_cord_intrinsic
183,720575941413189999,,,descending_neuron,,,,DNp38,DNp38,id:720575940630236988,,,intrinsic,,,PSp2,DNp38,id:14018,,,acetylcholine,,,,neck_connective,right,descending
184,720575941413262481,,,,,,ventral_nerve_cord_bilateral_interconnecting,IN01A058,,,,,intrinsic,,,01A,IN01A058,id:21367,,,acetylcholine,acetylcholine,,,ventral_nerve_cord,right,ventral_nerve_cord_intrinsic
185,720575941413455252,,,ventral_nerve_cord_centripetal,gustatory,,ventral_nerve_cord_bilateral_interconnecting,IN23B007,,,,,intrinsic,,,23B,IN23B007,id:16303,,,acetylcholine,acetylcholine,,,ventral_nerve_cord,left,ventral_nerve_cord_intrinsic
186,720575941413514607,,,descending_neuron,,,,DNge099,DNge099,id:720575940628883535,,,intrinsic,,,MX3,DNxn154,id:18135,,,glutamate,,,,neck_connective,right,descending
187,720575941413558639,,,descending_neuron,,,,DNge091,DNge091,id:720575940617295321,,,intrinsic,,,LB7,DNxn144,id:43801,,,acetylcholine,,,,neck_connective,right,descending
188,720575941413566748,,,ascending_neuron,,,,AN19B059,AN_GNG_IPS_20,id:720575940622944915,,,intrinsic,,,19B,AN19B059,id:17554,,,acetylcholine,acetylcholine,,,neck_connective,right,ascending
189,720575941413580180,,front_leg,bristle_neuron,tactile,,front_leg_bristle_neuron,SNta29,,,,,afferent,,,,SNta29,id:44953,right_prothoracic_leg_nerve,,acetylcholine,,,bristle,ventral_nerve_cord,right,sensory
190,720575941413617007,,front_leg,chordotonal_organ_neuron,proprioception,direction,front_leg_hook_chordotonal_organ_neuron,SNpp39,,,,,afferent,,,,SNpp39,id:30692,left_prothoracic_leg_nerve,,gaba,acetylcholine,hook,chordotonal_organ,ventral_nerve_cord,left,sensory
191,720575941413625455,,front_leg,campaniform_sensillum_neuron,proprioception,mechanical_strain,front_leg_campaniform_sensillum_neuron,SNppxx,,,,,afferent,,,,SNppxx,id:193196,right_prothoracic_leg_nerve,,gaba,,,campaniform_sensillum_neuron,ventral_nerve_cord,right,sensory
192,720575941413642268,,,descending_neuron,,,,DNg78,DNg78,id:720575940611956197,,,intrinsic,,,putative_primary,DNg78,id:16813,,,acetylcholine,,,,neck_connective,left,descending
193,720575941413792028,,,,,,ventral_nerve_cord_ipsilateral_restricted,IN03A061,,,,,intrinsic,,,03A,,,,,acetylcholine,acetylcholine,,,ventral_nerve_cord,right,ventral_nerve_cord_intrinsic
194,720575941413902620,,,,,,ventral_nerve_cord_ipsilateral_restricted,IN03A069,,,,,intrinsic,,,03A,,,,,acetylcholine,acetylcholine,,,ventral_nerve_cord,left,ventral_nerve_cord_intrinsic
195,720575941413917724,,,single_leg_neuromere,,,ventral_nerve_cord_ipsilateral_restricted,IN21A015,,,,,intrinsic,,,21A,IN21A015,id:11941,,,acetylcholine,,,,ventral_nerve_cord,left,ventral_nerve_cord_intrinsic
196,720575941414245777,,front_leg,bristle_neuron,tactile,,front_leg_bristle_neuron,SNta41,,,,,afferent,,,,,,right_prothoracic_leg_nerve,,acetylcholine,,,bristle,neck_connective,right,sensory
197,720575941414256273,,,,,,ventral_nerve_cord_ipsilateral_interconnecting,IN03A035,,,,,intrinsic,,,03A,IN03A035,id:15544,,,acetylcholine,acetylcholine,,,ventral_nerve_cord,right,ventral_nerve_cord_intrinsic
198,720575941414258065,,,,,,ventral_nerve_cord_ipsilateral_restricted,IN08A034,,,,,intrinsic,,,08A,IN08A034,id:155063,,,glutamate,glutamate,,,ventral_nerve_cord,right,ventral_nerve_cord_intrinsic
199,720575941414262161,,,descending_neuron,,,,DNpe021,DNpe021,id:720575940629155227,,,intrinsic,,,SMPpv2_ventral,DNxn163,id:11647,,,acetylcholine,,,,neck_connective,right,descending
200,720575941414263953,,"coxa,front_leg",hair_plate_neuron,proprioception,joint_angle,front_leg_hair_plate_neuron,SNpp45,,,CoHP8,id:1960,afferent,,,,SNpp45,id:22677,left_prothoracic_accessory_nerve,,gaba,,CoHP4,"CoHP4,hair_plate",ventral_nerve_cord,left,sensory
201,720575941414303377,,,,,,ventral_nerve_cord_bilateral_interconnecting,INXXX104,,,,,intrinsic,,,TBD,INXXX104,id:12493,,,acetylcholine,,,,ventral_nerve_cord,right,ventral_nerve_cord_intrinsic
202,720575941414305681,,,,,,ventral_nerve_cord_bilateral_restricted,IN04B085,,,,,intrinsic,,,04B,IN04B085,id:16626,,,acetylcholine,acetylcholine,,,ventral_nerve_cord,right,ventral_nerve_cord_intrinsic
203,720575941414307473,,,,,,ventral_nerve_cord_bilateral_interconnecting,IN08B030,,,,,intrinsic,,,08B,IN08B030,id:13208,,,acetylcholine,acetylcholine,,,ventral_nerve_cord,right,ventral_nerve_cord_intrinsic
204,720575941414321297,,,,,,ventral_nerve_cord_bilateral_restricted,INXXX135,,,,,intrinsic,,,TBD,INXXX135,id:12122,,,gaba,,,,ventral_nerve_cord,right,ventral_nerve_cord_intrinsic
205,720575941414330001,,,,,,ventral_nerve_cord_bilateral_interconnecting,IN07B016,,,,,intrinsic,,,07B,IN07B016,id:11275,,,acetylcholine,acetylcholine,,,ventral_nerve_cord,left,ventral_nerve_cord_intrinsic
206,720575941414341521,,,descending_neuron,,,,DNpe055,DNpe055,id:720575940613558509,,,intrinsic,,,putative_primary,DNxn102,id:13239,,,acetylcholine,,,,neck_connective,right,descending
207,720575941414353436,,,descending_neuron,,,,DNg10,DNg10,id:720575940617689816,,,intrinsic,,,LB6,DNg10,id:44358,,,gaba,,,,neck_connective,left,descending
208,720575941414491028,,,descending_neuron,,,,DNge102,DNge102,id:720575940616498742,,,intrinsic,,,,DNxl128,id:11051,,,glutamate,,,,neck_connective,right,descending
209,720575941414508948,,,sequential_leg_neuromeres,,,ventral_nerve_cord_bilateral_interconnecting,IN12A001,,,,,intrinsic,,,12A,IN12A001,id:11244,,,acetylcholine,acetylcholine,,,ventral_nerve_cord,left,ventral_nerve_cord_intrinsic
210,720575941414644625,,,,,,ventral_nerve_cord_ipsilateral_restricted,IN20A.22A056,,,,,intrinsic,,,20A.22A,IN20A.22A056,id:23336,,,acetylcholine,acetylcholine,,,ventral_nerve_cord,left,ventral_nerve_cord_intrinsic
211,720575941414919569,,,,,,ventral_nerve_cord_ipsilateral_interconnecting,IN02A029,,,,,intrinsic,,,02A,IN02A029,id:17571,,,glutamate,glutamate,,,ventral_nerve_cord,right,ventral_nerve_cord_intrinsic
212,720575941414947220,,,descending_neuron,,,,DNpe031,DNpe031,id:720575940634750871,,,intrinsic,,,putative_primary,DNxn187,id:14301,,,glutamate,,,,neck_connective,left,descending
213,720575941415224348,,,descending_neuron,,,,DNge116,DNge116,id:720575940640140733,,,intrinsic,,,LB7,DNg36,id:25642,,,acetylcholine,,,,neck_connective,left,descending
214,720575941415396497,,front_leg,bristle_neuron,tactile,,front_leg_bristle_neuron,SNta21,,,,,afferent,,,,SNta21,id:48956,left_prothoracic_leg_nerve,,acetylcholine,,,bristle,ventral_nerve_cord,left,sensory
215,720575941415445908,,,ascending_neuron,,,,ANXXX094,AN_multi_47,id:720575940622300429,,,intrinsic,,,TBD,ANXXX094,id:12361,,,acetylcholine,,,,neck_connective,left,ascending
216,720575941415484956,,,,,,ventral_nerve_cord_contralateral_restricted,IN12B065,,,,,intrinsic,,,12B,IN12B065,id:23498,,,gaba,gaba,,,ventral_nerve_cord,right,ventral_nerve_cord_intrinsic
217,720575941415598737,,,descending_neuron,,,,DNb08,DNb08,id:720575940634459290,,,intrinsic,,,putative_primary,DNb08,id:14680,,,acetylcholine,,,,neck_connective,right,descending
218,720575941415707420,,,descending_neuron,,,,DNg24,DNg24,id:720575940624750480,,,intrinsic,,,MD3,DNg24,id:15090,,,gaba,,,,neck_connective,left,descending
219,720575941415711636,,front_leg,orphan_neuron,proprioception,,front_leg_orphan_neuron,SNppxx,,,,,afferent,,,,SNppxx,id:40562,right_prothoracic_leg_nerve,,gaba,,,orphan,ventral_nerve_cord,right,sensory
220,720575941415711892,,,single_leg_neuromere,,,ventral_nerve_cord_ipsilateral_restricted,IN16B018,,,,,intrinsic,,,16B,IN16B018,id:11472,,,gaba,,,,ventral_nerve_cord,right,ventral_nerve_cord_intrinsic
221,720575941416644124,,,ventral_nerve_cord_centrifugal,,,ventral_nerve_cord_bilateral_interconnecting,IN06B028,,,,,intrinsic,,,06B,IN06B028,id:159145,,,gaba,,,,ventral_nerve_cord,left,ventral_nerve_cord_intrinsic
222,720575941416652828,,,single_leg_neuromere,,,ventral_nerve_cord_ipsilateral_restricted,IN17A019,,,,,intrinsic,,,17A,IN17A019,id:11556,,,acetylcholine,acetylcholine,,,ventral_nerve_cord,right,ventral_nerve_cord_intrinsic
223,720575941416653084,,,ventral_nerve_cord_centrifugal,,,ventral_nerve_cord_bilateral_interconnecting,IN12B002,,,,,intrinsic,,,12B,IN12B002,id:10070,,,gaba,gaba,,,ventral_nerve_cord,right,ventral_nerve_cord_intrinsic
224,720575941416654108,,,ventral_nerve_cord_serially_convergent,,,ventral_nerve_cord_bilateral_interconnecting,IN07B002,,,,,intrinsic,,,07B,IN07B002,id:10373,,,acetylcholine,acetylcholine,,,ventral_nerve_cord,left,ventral_nerve_cord_intrinsic
225,720575941416742172,,,ascending_neuron,,,,AN19A018_c,AN_GNG_52,id:720575940631356235,,,intrinsic,,,19A,AN19A018,id:13564,,,acetylcholine,,,,neck_connective,right,ascending
226,720575941417243164,,,descending_neuron,,,,DNpe046,DNpe046,id:720575940609719250,,,intrinsic,,,SMPpv1,oviDN,id:15827,,,gaba,,oviDNv,,neck_connective,right,descending
227,720575941417258780,,,,,,ventral_nerve_cord_ipsilateral_restricted,IN04B038,,,,,intrinsic,,,04B,IN04B038,id:17572,,,acetylcholine,acetylcholine,,,ventral_nerve_cord,left,ventral_nerve_cord_intrinsic
228,720575941417261340,,front_leg,bristle_neuron,tactile,,front_leg_bristle_neuron,SNta21,,,,id:1141,afferent,,,,SNta21,id:42382,left_prothoracic_leg_nerve,,acetylcholine,,,bristle,ventral_nerve_cord,left,sensory
229,720575941424975956,,,ascending_neuron,,,,AN_4_None,AN_4_None,id:720575940610033394,AN06B999,id:12643,intrinsic,,,,,,,,gaba,,,,neck_connective,right,ascending
230,720575941425019220,,,,,,ventral_nerve_cord_bilateral_interconnecting,IN01A081,,,,,intrinsic,,,01A,IN01A081,id:25722,,,acetylcholine,acetylcholine,,,ventral_nerve_cord,right,ventral_nerve_cord_intrinsic
231,720575941425021524,,,single_leg_neuromere,tactile,,ventral_nerve_cord_contralateral_restricted,IN14A009,,,,,intrinsic,,,14A,IN14A009,id:13724,,,glutamate,,,,ventral_nerve_cord,left,ventral_nerve_cord_intrinsic
232,720575941425022548,,,single_leg_neuromere,,,ventral_nerve_cord_ipsilateral_restricted,IN20A.22A055,,,,,intrinsic,,,20A.22A,IN20A.22A055,id:25425,,,acetylcholine,acetylcholine,,,ventral_nerve_cord,right,ventral_nerve_cord_intrinsic
233,720575941425381716,,,descending_neuron,,,,DNge085,DNge085,id:720575940628487153,,,intrinsic,,,LB6,DNxn109,id:45214,,,gaba,,,,neck_connective,right,descending
234,720575941426294356,,,single_leg_neuromere,,,ventral_nerve_cord_contralateral_restricted,IN13B027,,,,,intrinsic,,,13B,IN13B027,id:17565,,,gaba,gaba,,,ventral_nerve_cord,left,ventral_nerve_cord_intrinsic
235,720575941426612564,,,descending_neuron,,,,DNg02_a,DNg02_a,id:720575940612804606,,,intrinsic,,,LB12,DNg92,id:32656,,,acetylcholine,acetylcholine,,,neck_connective,right,descending
236,720575941426706772,,,,,,ventral_nerve_cord_bilateral_interconnecting,IN12A019,,,,,intrinsic,,,12A,IN12A019,id:13235,,,acetylcholine,acetylcholine,,,ventral_nerve_cord,right,ventral_nerve_cord_intrinsic
237,720575941427067476,,,,,,ventral_nerve_cord_ipsilateral_interconnecting,IN21A103,,,,,intrinsic,,,21A,,,,,glutamate,,,,ventral_nerve_cord,right,ventral_nerve_cord_intrinsic
238,720575941427621204,,,single_leg_neuromere,,,ventral_nerve_cord_ipsilateral_restricted,IN17A061,,,,,intrinsic,,,17A,IN17A061,id:15530,,,glutamate,acetylcholine,,,ventral_nerve_cord,left,ventral_nerve_cord_intrinsic
239,720575941427646548,,,single_leg_neuromere,proprioception,,ventral_nerve_cord_contralateral_restricted,IN14A068,,,,,intrinsic,,,14A,IN14A068,id:22367,,,glutamate,,,,ventral_nerve_cord,right,ventral_nerve_cord_intrinsic
240,720575941427901012,,,descending_neuron,,,,DNge100,DNge100,id:720575940619530187,,,intrinsic,,,,DNfl020,id:31408,,,acetylcholine,,,,neck_connective,right,descending
241,720575941427934548,,,descending_neuron,,,,DNpe020,DNpe020,id:720575940624766700,,,intrinsic,,,putative_primary,,"id:22586,id:21696",,,acetylcholine,,,,neck_connective,midline,descending
242,720575941428164233,,,descending_neuron,,,,DNge174,DNge174,id:720575940627285267,,,intrinsic,,,MX12__prim,DNfl021,id:31787,,,acetylcholine,,,,neck_connective,right,descending
243,720575941428247800,,,ascending_neuron,,,,AN12B089,AN_8_None,id:720575940613834438,,,intrinsic,,,12B,AN12B089,id:31120,,,gaba,gaba,,,neck_connective,left,ascending
244,720575941428294793,,,,,,ventral_nerve_cord_ipsilateral_restricted,IN09A072,,,,,intrinsic,,,09A,IN09A072,id:40121,,,gaba,gaba,,,ventral_nerve_cord,left,ventral_nerve_cord_intrinsic
245,720575941428365193,,,descending_neuron,,,,DNg12_b,DNg12_b,id:720575940638810677,,,intrinsic,,,,DNnt013,id:33287,,,acetylcholine,,MX12_R_21,,neck_connective,right,descending
246,720575941428412809,,,,,,ventral_nerve_cord_ipsilateral_interconnecting,IN17A034,,,,,intrinsic,,,17A,,,,,acetylcholine,,,,ventral_nerve_cord,left,ventral_nerve_cord_intrinsic
247,720575941428430767,,,,,,ventral_nerve_cord_ipsilateral_restricted,IN16B100,,,,,intrinsic,,,16B,IN16B100,id:24537,,,glutamate,glutamate,,,ventral_nerve_cord,right,ventral_nerve_cord_intrinsic
248,720575941428440239,,,,,,ventral_nerve_cord_bilateral_restricted,IN16B070,,,,,intrinsic,,,16B,IN16B070,id:16343,,,glutamate,glutamate,,,ventral_nerve_cord,left,ventral_nerve_cord_intrinsic
249,720575941428446857,,,single_leg_neuromere,,,ventral_nerve_cord_contralateral_restricted,IN12B039,,,,,intrinsic,,,12B,IN12B039,id:16961,,,gaba,gaba,,,ventral_nerve_cord,left,ventral_nerve_cord_intrinsic
250,720575941428526676,,,single_leg_neuromere,tactile,,ventral_nerve_cord_ipsilateral_restricted,IN08A041,,,,,intrinsic,,,08A,IN08A041,id:103399,,,glutamate,glutamate,,,ventral_nerve_cord,right,ventral_nerve_cord_intrinsic
251,720575941428563540,,,descending_neuron,,,,DNpe043,DNpe043,id:720575940637618142,,,intrinsic,,,SMPpm1,DNxn159,id:17366,,,acetylcholine,,,,neck_connective,right,descending
252,720575941428641620,,,descending_neuron,,,,DNp16,DNp16,id:720575940618382529,,,intrinsic,,,PSp2,,,,,acetylcholine,,,,central_brain,left,descending
253,720575941428654255,front_leg,,leg_motor_neuron,leg_motor,move_coxa_anterior,front_leg_motor_neuron,tergopleural_promotor_pleural_promotor_miller_28_30,,,,,efferent,,,,,,right_dorsal_prothoracic_nerve,,gaba,,,tergopleural_promotor_muscle,ventral_nerve_cord,right,motor
254,720575941428965368,,,,,,ventral_nerve_cord_bilateral_interconnecting,vPR6,,,,,intrinsic,,,12A,,,,,acetylcholine,acetylcholine,,,ventral_nerve_cord,left,ventral_nerve_cord_intrinsic
255,720575941428975864,,,,,,ventral_nerve_cord_ipsilateral_restricted,IN13A027,,,,,intrinsic,,,13A,,,,,gaba,gaba,,,ventral_nerve_cord,right,ventral_nerve_cord_intrinsic
256,720575941429113775,,,descending_neuron,,,,DNg10,DNg10,id:720575940620595883,,,intrinsic,,,LB6,DNg10,id:43778,,,gaba,,,,neck_connective,right,descending
257,720575941429342817,,,,,,ventral_nerve_cord_ipsilateral_restricted,IN04B098,,,,,intrinsic,,,04B,IN04B098,id:22868,,,acetylcholine,acetylcholine,,,ventral_nerve_cord,left,ventral_nerve_cord_intrinsic
258,720575941429379937,,,single_leg_neuromere,,,ventral_nerve_cord_ipsilateral_restricted,IN19A088,,,,,intrinsic,,,19A,,,,,gaba,gaba,,,ventral_nerve_cord,right,ventral_nerve_cord_intrinsic
259,720575941429383521,,,descending_neuron,,,,DNg12_a,DNg12_a,id:720575940625872688,,,intrinsic,,,,DNnt013,id:32699,,,acetylcholine,,MX12_L_4,,neck_connective,left,descending
260,720575941429401559,,,,,,ventral_nerve_cord_bilateral_interconnecting,IN06B065,,,,,intrinsic,,,06B,IN06B065,id:102090,,,gaba,,,,ventral_nerve_cord,right,ventral_nerve_cord_intrinsic
261,720575941429428183,,,single_leg_neuromere,,,ventral_nerve_cord_bilateral_restricted,IN19B038,,,,,intrinsic,,,19B,IN19B038,id:13672,,,acetylcholine,acetylcholine,,,ventral_nerve_cord,right,ventral_nerve_cord_intrinsic
262,720575941429463767,,,single_leg_neuromere,proprioception,,ventral_nerve_cord_contralateral_restricted,IN13B057,,,,,intrinsic,,,13B,,,,,gaba,gaba,,,ventral_nerve_cord,left,ventral_nerve_cord_intrinsic
263,720575941429486295,,,single_leg_neuromere,,,ventral_nerve_cord_ipsilateral_restricted,IN21A087,,,,,intrinsic,,,21A,IN21A087,id:25860,,,glutamate,,,,ventral_nerve_cord,right,ventral_nerve_cord_intrinsic
264,720575941429515735,,,,,,ventral_nerve_cord_ipsilateral_restricted,IN20A.22A015,,,,,intrinsic,,,20A.22A,IN20A.22A015,id:20037,,,acetylcholine,acetylcholine,,,ventral_nerve_cord,left,ventral_nerve_cord_intrinsic
265,720575941429526743,,,single_leg_neuromere,,,ventral_nerve_cord_ipsilateral_restricted,IN09A002,,,,,intrinsic,,,09A,IN09A002,id:10342,,,gaba,gaba,,,ventral_nerve_cord,left,ventral_nerve_cord_intrinsic
266,720575941429527767,,,,,,ventral_nerve_cord_ipsilateral_restricted,IN09A080,,,,,intrinsic,,,09A,,,,,gaba,gaba,,,ventral_nerve_cord,left,ventral_nerve_cord_intrinsic
267,720575941429556655,,,ventral_nerve_cord_dorsal,,,ventral_nerve_cord_bilateral_interconnecting,IN14B007,,,,,intrinsic,,,14B,,,,,gaba,,,,ventral_nerve_cord,right,ventral_nerve_cord_intrinsic
268,720575941429602145,,,,,,ventral_nerve_cord_ipsilateral_restricted,IN09A071,,,,,intrinsic,,,09A,IN09A071,id:156975,,,gaba,gaba,,,ventral_nerve_cord,left,ventral_nerve_cord_intrinsic
269,720575941429623544,,,single_leg_neuromere,,,ventral_nerve_cord_ipsilateral_restricted,IN20A.22A055,,,,,intrinsic,,,20A.22A,IN20A.22A055,id:153484,,,acetylcholine,acetylcholine,,,ventral_nerve_cord,left,ventral_nerve_cord_intrinsic
270,720575941429706671,,,ascending_neuron,,,,AN08B069,AN_GNG_SAD_32,id:720575940619655814,,,intrinsic,,,08B,AN08B069,id:17412,,,acetylcholine,acetylcholine,,,neck_connective,left,ascending
271,720575941429866593,,,descending_neuron,,,,DNge095,DNge095,id:720575940618870113,,,intrinsic,,,LB7,DNut054,id:26178,,,acetylcholine,,,,neck_connective,left,descending
272,720575941429988088,,,single_leg_neuromere,,,ventral_nerve_cord_bilateral_interconnecting,IN03B019,,,,,intrinsic,,,03B,IN03B019,id:11368,,,gaba,,,,ventral_nerve_cord,right,ventral_nerve_cord_intrinsic
273,720575941430029449,front_leg,,leg_motor_neuron,leg_motor,flex_femur_tibia_joint,front_leg_motor_neuron,accessory_tibia_flexor_B,,,,,efferent,,,15B,Acc. ti flexor MN,id:26658,right_prothoracic_leg_nerve,,,,,accessory_tibia_flexor_muscle,ventral_nerve_cord,right,motor
274,720575941430058671,,,single_leg_neuromere,,,ventral_nerve_cord_ipsilateral_restricted,IN21A049,,,,,intrinsic,,,21A,IN21A049,id:154730,,,glutamate,,,,ventral_nerve_cord,left,ventral_nerve_cord_intrinsic
275,720575941430069641,,,descending_neuron,,,,DNge088,DNge088,id:720575940620231590,,,intrinsic,,,MX3,DNp17,id:14257,,,glutamate,,,,neck_connective,left,descending
276,720575941430097071,,,ascending_neuron,,,,AN07B045,AN_GNG_179,id:720575940622674504,,,intrinsic,,,07B,AN07B045,id:19270,,,acetylcholine,acetylcholine,,,neck_connective,left,ascending
277,720575941430113455,,front_leg,bristle_neuron,tactile,,front_leg_bristle_neuron,SNta41,,,,,afferent,,,,SNta41,id:32619,right_prothoracic_leg_nerve,,acetylcholine,,,bristle,ventral_nerve_cord,right,sensory
278,720575941430120289,,,descending_neuron,,,,DNge023,DNge023,id:720575940633218444,,,intrinsic,,,putative_primary,DNxl124,id:11616,,,acetylcholine,,,,neck_connective,right,descending
279,720575941430124247,,,,,,ventral_nerve_cord_bilateral_restricted,IN14B011,,,,,intrinsic,,,14B,,,,,glutamate,,,,ventral_nerve_cord,left,ventral_nerve_cord_intrinsic
280,720575941430153976,,,ascending_neuron,,,,AN12B060,AN_8_None,id:720575940618447238,,,intrinsic,,,12B,AN12B060,id:20489,,,gaba,gaba,,,neck_connective,left,ascending
281,720575941430155695,,front_leg,bristle_neuron,tactile,,front_leg_bristle_neuron,SNta34,,,,,afferent,,,,SNta34,id:51045,right_prothoracic_leg_nerve,,acetylcholine,,,bristle,ventral_nerve_cord,right,sensory
282,720575941430176431,,,,,,ventral_nerve_cord_ipsilateral_restricted,IN20A.22A089,,,,,intrinsic,,,20A.22A,IN20A.22A089,id:29899,,,acetylcholine,acetylcholine,,,ventral_nerve_cord,right,ventral_nerve_cord_intrinsic
283,720575941430177161,,front_leg,chordotonal_organ_neuron,proprioception,direction,front_leg_hook_chordotonal_organ_neuron,SNpp41,,,,,afferent,,,,SNpp41,id:24468,right_prothoracic_leg_nerve,,gaba,acetylcholine,hook,chordotonal_organ,ventral_nerve_cord,right,sensory
284,720575941430243086,,,single_leg_neuromere,,,ventral_nerve_cord_contralateral_restricted,IN13B019,,,,,intrinsic,,,13B,IN13B019,id:15381,,,gaba,gaba,,,ventral_nerve_cord,right,ventral_nerve_cord_intrinsic
285,720575941430250377,,,descending_neuron,,,,DNg91,DNg91,id:720575940622594186,,,intrinsic,,,,DNg91,id:13556,,,acetylcholine,,,,neck_connective,left,descending
286,720575941430257839,,front_leg,bristle_neuron,tactile,,front_leg_bristle_neuron,SNta29,,,,,afferent,,,,SNta29,id:34041,right_prothoracic_leg_nerve,,acetylcholine,,,bristle,ventral_nerve_cord,right,sensory
287,720575941430415886,,,single_leg_neuromere,,,ventral_nerve_cord_ipsilateral_restricted,IN03A067,,,,,intrinsic,,,03A,IN03A067,id:18958,,,acetylcholine,acetylcholine,,,ventral_nerve_cord,right,ventral_nerve_cord_intrinsic
288,720575941430420750,,,single_leg_neuromere,,,ventral_nerve_cord_contralateral_restricted,IN14A023,,,,,intrinsic,,,14A,,,,,glutamate,,,,ventral_nerve_cord,right,ventral_nerve_cord_intrinsic
289,720575941430465550,,,,,,ventral_nerve_cord_contralateral_restricted,IN14A048,,,,,intrinsic,,,14A,IN14A048,id:25339,,,glutamate,,,,ventral_nerve_cord,right,ventral_nerve_cord_intrinsic
290,720575941430486030,,,,,,ventral_nerve_cord_ipsilateral_restricted,IN01B028,,,,,intrinsic,,,01B,,,,,gaba,gaba,,,ventral_nerve_cord,left,ventral_nerve_cord_intrinsic
291,720575941430507022,,,,,,ventral_nerve_cord_ipsilateral_restricted,IN03A046,,,,,intrinsic,,,03A,IN03A046,id:23303,,,acetylcholine,acetylcholine,,,ventral_nerve_cord,right,ventral_nerve_cord_intrinsic
292,720575941430513289,,,descending_neuron,,,,DNg36_b,DNg36_b,id:720575940625396252,,,intrinsic,,,LB7,DNut042,id:104296,,,acetylcholine,,,,neck_connective,left,descending
293,720575941430610095,,,descending_neuron,,,,DNge109,DNge109,id:720575940626296339,,,intrinsic,,,LB7,DNht001,id:31112,,,acetylcholine,,,,neck_connective,left,descending
294,720575941430630392,,,descending_neuron,,,,DNge091,DNge091,id:720575940611610670,,,intrinsic,,,LB7,DNxn117,id:23811,,,acetylcholine,,,,neck_connective,left,descending
295,720575941430650209,,,,,,ventral_nerve_cord_bilateral_restricted,IN04B019,,,,,intrinsic,,,04B,IN04B019,id:155236,,,acetylcholine,acetylcholine,,,ventral_nerve_cord,left,ventral_nerve_cord_intrinsic
296,720575941430689294,,,single_leg_neuromere,,,ventral_nerve_cord_ipsilateral_restricted,IN13A014,,,,,intrinsic,,,13A,IN13A014,id:12790,,,gaba,gaba,,,ventral_nerve_cord,right,ventral_nerve_cord_intrinsic
297,720575941430966625,,front_leg,bristle_neuron,tactile,,front_leg_bristle_neuron,SNta41,,,,,afferent,,,,SNta41,id:42341,left_prothoracic_leg_nerve,,acetylcholine,,,bristle,ventral_nerve_cord,left,sensory
298,720575941430975329,,,descending_neuron,,,,DNpe015,DNpe015,id:720575940640128720,,,intrinsic,,,PSp2,DNut046,id:30738,,,acetylcholine,,,,neck_connective,right,descending
299,720575941430994785,,,,,,ventral_nerve_cord_ipsilateral_restricted,IN03A094,,,,,intrinsic,,,03A,IN03A094,id:16351,,,acetylcholine,acetylcholine,,,ventral_nerve_cord,left,ventral_nerve_cord_intrinsic
300,720575941431025327,,,single_leg_neuromere,,,ventral_nerve_cord_ipsilateral_restricted,IN20A.22A024,,,,,intrinsic,,,20A.22A,IN20A.22A024,id:24532,,,acetylcholine,acetylcholine,,,ventral_nerve_cord,right,ventral_nerve_cord_intrinsic
301,720575941431066287,,,,,,ventral_nerve_cord_bilateral_restricted,IN07B061,,,,,intrinsic,,,07B,IN07B061,id:20011,,,acetylcholine,,,,ventral_nerve_cord,right,ventral_nerve_cord_intrinsic
302,720575941431066543,,,single_leg_neuromere,,,ventral_nerve_cord_ipsilateral_restricted,IN21A017,,,,,intrinsic,,,21A,IN21A017,id:12283,,,acetylcholine,,,,ventral_nerve_cord,left,ventral_nerve_cord_intrinsic
303,720575941431071113,,,ascending_neuron,,,,AN04B001,AN_GNG_VES_8,id:720575940631269843,,,intrinsic,,,04B,AN04B001,id:10179,,,acetylcholine,acetylcholine,,,neck_connective,right,ascending
304,720575941431083183,,,,,,ventral_nerve_cord_contralateral_restricted,IN13B072,,,,,intrinsic,,,13B,IN13B072,id:25760,,,gaba,gaba,,,ventral_nerve_cord,right,ventral_nerve_cord_intrinsic
305,720575941431084975,,,single_leg_neuromere,,,ventral_nerve_cord_ipsilateral_restricted,IN21A047,,,,,intrinsic,,,21A,IN21A047,id:21576,,,glutamate,,,,ventral_nerve_cord,left,ventral_nerve_cord_intrinsic
306,720575941431097737,,,descending_neuron,,,,DNge049,DNge049,id:720575940628360723,,,intrinsic,,,putative_primary,DNxl130,id:11306,,,acetylcholine,,,,neck_connective,left,descending
307,720575941431107503,,,ventral_nerve_cord_serially_convergent,,,ventral_nerve_cord_bilateral_interconnecting,IN07B007,,,,,intrinsic,,,07B,IN07B007,id:10587,,,glutamate,,,,ventral_nerve_cord,left,ventral_nerve_cord_intrinsic
308,720575941431111087,,,ascending_neuron,,,,ANXXX026,AN_GNG_29,id:720575940617953241,,,intrinsic,,,TBD,ANXXX026,id:10849,,,gaba,,,,neck_connective,left,ascending
309,720575941431155671,,,,,,ventral_nerve_cord_ipsilateral_restricted,IN20A.22A036,,,,,intrinsic,,,20A.22A,IN20A.22A036,id:22276,,,acetylcholine,acetylcholine,,,ventral_nerve_cord,right,ventral_nerve_cord_intrinsic
310,720575941431184559,,,descending_neuron,,,,DNge136,DNge136,id:720575940606425033,,,intrinsic,,,MX3,DNxn179,id:12747,,,gaba,,,,neck_connective,right,descending
311,720575941431191032,,,,,,ventral_nerve_cord_bilateral_interconnecting,IN08B058,,,,,intrinsic,,,08B,IN08B058,id:16639,,,acetylcholine,acetylcholine,,,ventral_nerve_cord,right,ventral_nerve_cord_intrinsic
312,720575941431211951,,,descending_neuron,,,,DNg29,DNg29,id:720575940607761244,,,intrinsic,,,MX7__prim,DNg29,id:11548,,,acetylcholine,acetylcholine,,,neck_connective,right,descending
313,720575941431229615,,,ascending_neuron,,,,AN19A018_d,AN_GNG_52,id:720575940631356235,,,intrinsic,,,19A,AN19A018,id:10564,,,acetylcholine,,BRK1,,neck_connective,right,ascending
314,720575941431230456,,,,,,ventral_nerve_cord_ipsilateral_restricted,IN16B121,,,,,intrinsic,,,16B,IN16B121,id:28744,,,glutamate,glutamate,,,ventral_nerve_cord,left,ventral_nerve_cord_intrinsic
315,720575941431254743,,,,tactile,,ventral_nerve_cord_ipsilateral_restricted,IN08A041,,,,,intrinsic,,,08A,IN08A041,id:32925,,,glutamate,glutamate,,,ventral_nerve_cord,left,ventral_nerve_cord_intrinsic
316,720575941431289559,,,,,,,CV1025,,,,,afferent,,,,,,left_prothoracic_leg_nerve,,gaba,,,,ventral_nerve_cord,left,sensory
317,720575941431335127,,,,,,ventral_nerve_cord_contralateral_restricted,IN01A063,,,,,intrinsic,,,01A,IN01A063,id:20589,,,acetylcholine,acetylcholine,,,ventral_nerve_cord,left,ventral_nerve_cord_intrinsic
318,720575941431469304,,,descending_neuron,,,,DNp46,DNp46,id:720575940620369517,,,intrinsic,,,SMPpm1,DNp46,id:24060,,,acetylcholine,,,,neck_connective,left,descending
319,720575941431577007,,,descending_neuron,,,,DNg02_a,DNg02_a,id:720575940632573887,,,intrinsic,,,LB12,DNg03,id:27450,,,acetylcholine,acetylcholine,,,neck_connective,right,descending
320,720575941431656718,,,,,,ventral_nerve_cord_contralateral_restricted,IN13B055,,,,,intrinsic,,,13B,IN13B055,id:17189,,,gaba,gaba,,,ventral_nerve_cord,right,ventral_nerve_cord_intrinsic
321,720575941431663608,,,sequential_leg_neuromeres,,,ventral_nerve_cord_ipsilateral_interconnecting,IN19A012,,,,,intrinsic,,,19A,IN19A012,id:10422,,,acetylcholine,,,,ventral_nerve_cord,right,ventral_nerve_cord_intrinsic
322,720575941431664910,,front_leg,bristle_neuron,tactile,,front_leg_bristle_neuron,SNta44,,,,,afferent,,,,SNta44,id:49247,right_prothoracic_leg_nerve,,gaba,,,bristle,ventral_nerve_cord,right,sensory
323,720575941431671566,,front_leg,bristle_neuron,tactile,,front_leg_bristle_neuron,SNta42,,,,,afferent,,,,SNta42,id:48172,left_prothoracic_leg_nerve,,acetylcholine,,,bristle,ventral_nerve_cord,left,sensory
324,720575941431747086,,,descending_neuron,,,,DNg73,DNg73,id:720575940623426854,,,intrinsic,,,putative_primary,DNg73,id:19010,,,acetylcholine,,,,neck_connective,left,descending
325,720575941431756503,,,single_leg_neuromere,,,ventral_nerve_cord_contralateral_restricted,IN13B006,,,,,intrinsic,,,13B,IN13B006,id:10124,,,gaba,gaba,,,ventral_nerve_cord,right,ventral_nerve_cord_intrinsic
326,720575941431795927,,,ascending_neuron,,,,AN08B057,AN_multi_41,id:720575940617208065,,,intrinsic,,,08B,AN08B057,id:16678,,,acetylcholine,acetylcholine,,,neck_connective,left,ascending
327,720575941431833519,,"front_leg,trochanter",hair_plate_neuron,proprioception,joint_angle,front_leg_hair_plate_neuron,SNppxx,,,,,afferent,,,,SNppxx,id:65476,right_prothoracic_leg_nerve,,gaba,,,hair_plate,ventral_nerve_cord,right,sensory
328,720575941431854217,,,single_leg_neuromere,,,ventral_nerve_cord_bilateral_restricted,IN12B024,,,,,intrinsic,,,12B,IN12B024,id:29322,,,gaba,gaba,,,ventral_nerve_cord,right,ventral_nerve_cord_intrinsic
329,720575941431875832,,,descending_neuron,,,,DNpe007,DNpe007,id:720575940624404872,,,intrinsic,,,putative_primary,DNxl083,id:19462,,,gaba,,,,neck_connective,right,descending
330,720575941431877217,,,single_leg_neuromere,,,ventral_nerve_cord_ipsilateral_restricted,IN19A016,,,,,intrinsic,,,19A,IN19A016,id:11936,,,gaba,gaba,,,ventral_nerve_cord,right,ventral_nerve_cord_intrinsic
331,720575941431909335,,front_leg,bristle_neuron,tactile,,front_leg_bristle_neuron,SNta32,,,,,afferent,,,,SNta32,id:38116,right_prothoracic_leg_nerve,,gaba,,,bristle,ventral_nerve_cord,right,sensory
332,720575941431927393,,,single_leg_neuromere,,,ventral_nerve_cord_contralateral_restricted,IN14A110,,,,,intrinsic,,,14A,,,,,glutamate,,,,ventral_nerve_cord,left,ventral_nerve_cord_intrinsic
333,720575941431957240,,,single_leg_neuromere,,,ventral_nerve_cord_ipsilateral_restricted,IN19A002,,,,,intrinsic,,,19A,IN19A002,id:10256,,,gaba,gaba,,,ventral_nerve_cord,,ventral_nerve_cord_intrinsic
334,720575941431966200,,,single_leg_neuromere,,,ventral_nerve_cord_ipsilateral_restricted,IN16B032,,,,,intrinsic,,,16B,IN16B032,id:12708,,,glutamate,glutamate,,,ventral_nerve_cord,left,ventral_nerve_cord_intrinsic
335,720575941431986702,,,single_leg_neuromere,,,ventral_nerve_cord_ipsilateral_interconnecting,IN09A013,,,,,intrinsic,,,09A,IN09A013,id:12684,,,gaba,gaba,,,ventral_nerve_cord,right,ventral_nerve_cord_intrinsic
336,720575941432016009,,"coxa,front_leg",hair_plate_neuron,proprioception,joint_angle,front_leg_hair_plate_neuron,SNpp45,,,,,afferent,,,,SNpp45,id:22677,left_ventral_prothoracic_nerve,,acetylcholine,,CoHP8,"CoHP8,hair_plate",ventral_nerve_cord,left,sensory
337,720575941432046945,,,descending_neuron,,,,DNge121,DNge121,id:720575940635212139,,,intrinsic,,,,DNxl125,id:16193,,,acetylcholine,,,,neck_connective,right,descending
338,720575941432106081,,,ascending_neuron,,,,,,,,,intrinsic,,,00A,,,,,gaba,gaba,,,neck_connective,left,ascending
339,720575941432109582,,,ascending_neuron,,,,AN19B018,,,,,intrinsic,,,19B,AN19B018,id:11909,,,acetylcholine,acetylcholine,,,neck_connective,left,ascending
340,720575941432123640,,,descending_neuron,,,,DNa01,DNa01,id:720575940644438551,,,intrinsic,,,WEDd1,DNa01,id:10751,,,acetylcholine,acetylcholine,,,neck_connective,right,descending
341,720575941432147982,,,,,,ventral_nerve_cord_bilateral_interconnecting,IN11A023,,,,,intrinsic,,,11A,IN11A023,id:19801,,,acetylcholine,acetylcholine,,,ventral_nerve_cord,right,ventral_nerve_cord_intrinsic
342,720575941432154071,,front_leg,hair_plate_neuron,proprioception,joint_angle,front_leg_hair_plate_neuron,SNpp52,,,,,afferent,,,,SNpp52,id:103884,right_prothoracic_leg_nerve,,gaba,,,hair_plate,ventral_nerve_cord,right,sensory
343,720575941432182665,,front_leg,bristle_neuron,tactile,,front_leg_bristle_neuron,SNta21,,,,,afferent,,,,SNta21,id:175251,left_prothoracic_leg_nerve,,gaba,,,bristle,ventral_nerve_cord,left,sensory
344,720575941432183566,,,,,,ventral_nerve_cord_ipsilateral_restricted,IN20A.22A015,,,,,intrinsic,,,20A.22A,IN20A.22A015,id:21613,,,acetylcholine,acetylcholine,,,ventral_nerve_cord,left,ventral_nerve_cord_intrinsic
345,720575941432255959,,,descending_neuron,,,,DNge052,DNge052,id:720575940620859630,,,intrinsic,,,putative_primary,DNxl070,id:27350,,,gaba,,,,neck_connective,right,descending
346,720575941432269271,,,descending_neuron,,,,DNg101,DNg101,id:720575940614089726,,,intrinsic,,,putative_primary,DNxl103,id:13387,,,acetylcholine,,,,neck_connective,right,descending
347,720575941432290263,,,,,,ventral_nerve_cord_ipsilateral_interconnecting,IN04B001,,,,,intrinsic,,,04B,IN04B001,id:10387,,,acetylcholine,acetylcholine,,,ventral_nerve_cord,left,ventral_nerve_cord_intrinsic
348,720575941432295639,,,descending_neuron,,,,DNg02_b,DNg02_b,id:720575940617498507,,,intrinsic,,,LB12,DNg02,id:25473,,,acetylcholine,acetylcholine,,,neck_connective,right,descending
349,720575941432481633,,,descending_neuron,,,,DNge137,DNge137,id:720575940628659049,,,intrinsic,,,putative_primary,DNxn126,id:18748,,,acetylcholine,,,,neck_connective,right,descending
350,720575941432771470,,,single_leg_neuromere,,,ventral_nerve_cord_ipsilateral_interconnecting,IN09A048,,,,,intrinsic,,,09A,IN09A048,id:153398,,,gaba,gaba,,,ventral_nerve_cord,left,ventral_nerve_cord_intrinsic
351,720575941432771982,,,ascending_neuron,,,,AN16B078,,,,,intrinsic,,,16B,AN16B078,id:19715,,,glutamate,glutamate,,,neck_connective,left,ascending
352,720575941432775310,,,,,,ventral_nerve_cord_ipsilateral_restricted,IN20A.22A018,,,,,intrinsic,,,20A.22A,IN20A.22A018,id:20968,,,acetylcholine,acetylcholine,,,ventral_nerve_cord,left,ventral_nerve_cord_intrinsic
353,720575941432832097,,,ascending_neuron,,,,AN07B062,AN_GNG_163,id:720575940621318420,,,intrinsic,,,07B,AN07B062,id:19159,,,acetylcholine,acetylcholine,,,neck_connective,left,ascending
354,720575941432905943,,,descending_neuron,,,,DNg110,DNg110,id:720575940626088835,,,intrinsic,,,LB12,DNg110,id:28505,,,acetylcholine,,,,neck_connective,left,descending
355,720575941432966432,,,ascending_neuron,,,,AN_GNG_46,AN_GNG_46,id:720575940616832901,,,intrinsic,,,,,,,,glutamate,,,,neck_connective,right,ascending
356,720575941433022990,,front_leg,chordotonal_organ_neuron,proprioception,vibro_tactile,front_leg_club_chordotonal_organ_neuron,SNpp44,,,,,afferent,,,,SNpp44,id:142858,right_prothoracic_leg_nerve,,gaba,,,chordotonal_organ,ventral_nerve_cord,right,sensory
357,720575941433030414,,,descending_neuron,,,,DNge025,DNge025,id:720575940632303441,,,intrinsic,,,MX12,DNfl019,id:173123,,,acetylcholine,,MX12_R_23,,neck_connective,right,descending
358,720575941433031182,,,descending_neuron,,,,DNge102,DNge102,id:720575940616498742,,,intrinsic,,,,DNxn165,id:12902,,,glutamate,,,,neck_connective,right,descending
359,720575941433032718,,,,,,ventral_nerve_cord_bilateral_interconnecting,INXXX023,,,,,intrinsic,,,TBD,INXXX023,id:10619,,,acetylcholine,,,,ventral_nerve_cord,left,ventral_nerve_cord_intrinsic
360,720575941433040910,,,,,,ventral_nerve_cord_bilateral_interconnecting,IN00A004,,,,,intrinsic,,,00A,IN00A004,id:11017,,,gaba,gaba,,,ventral_nerve_cord,left,ventral_nerve_cord_intrinsic
361,720575941433046798,,,single_leg_neuromere,,,ventral_nerve_cord_ipsilateral_restricted,IN03A013,,,,,intrinsic,,,03A,IN03A013,id:12068,,,acetylcholine,acetylcholine,,,ventral_nerve_cord,left,ventral_nerve_cord_intrinsic
362,720575941433051406,,,ascending_neuron,,,,AN07B015,AN_GNG_41,id:720575940632834911,,,intrinsic,,,07B,AN07B015,id:10704,,,acetylcholine,acetylcholine,,,neck_connective,right,ascending
363,720575941433057038,,,,,,ventral_nerve_cord_ipsilateral_restricted,IN03A094,,,,,intrinsic,,,03A,IN03A094,id:24761,,,acetylcholine,acetylcholine,,,ventral_nerve_cord,left,ventral_nerve_cord_intrinsic
364,720575941433075470,,,ascending_neuron,,,,AN00A002,,"id:720575940637842246,id:720575940622714004",,,intrinsic,,,00A,AN00A002,id:10650,,,gaba,gaba,,,neck_connective,right,ascending
365,720575941433082382,,,single_leg_neuromere,,,ventral_nerve_cord_ipsilateral_restricted,IN04B104,,,,,intrinsic,,,04B,IN04B104,id:21808,,,acetylcholine,acetylcholine,,,ventral_nerve_cord,left,ventral_nerve_cord_intrinsic
366,720575941433116046,,,descending_neuron,,,,DNg02_b,DNg02_b,id:720575940627414887,,,intrinsic,,,LB12,DNg03,id:26321,,,acetylcholine,acetylcholine,,,neck_connective,right,descending
367,720575941433139598,,,descending_neuron,,,,DNg06,DNg06,id:720575940618876830,,,intrinsic,,,LB12,DNxn100,id:27622,,,acetylcholine,,,,neck_connective,right,descending
368,720575941433155799,,,descending_neuron,,,,DNp09,DNp09,id:720575940627652358,,,intrinsic,DNp09,id:1228264951,SMPpv2_ventral,DNp09,id:12955,,,acetylcholine,acetylcholine,,,neck_connective,right,descending
369,720575941433230368,,,,proprioception,,ventral_nerve_cord_bilateral_restricted,IN19A117,,,,,intrinsic,,,19A,IN19A117,id:15963,,,gaba,,,,ventral_nerve_cord,left,ventral_nerve_cord_intrinsic
370,720575941433235744,,,descending_neuron,,,,DNg12_e,DNg12_e,id:720575940614588778,,,intrinsic,,,,DNnt013,id:33287,,,acetylcholine,,MX12_R_11,,neck_connective,right,descending
371,720575941433275424,,,,,,ventral_nerve_cord_ipsilateral_restricted,IN20A.22A071,,,,,intrinsic,,,20A.22A,IN20A.22A071,id:23581,,,acetylcholine,acetylcholine,,,ventral_nerve_cord,left,ventral_nerve_cord_intrinsic
372,720575941433322784,,,,,,ventral_nerve_cord_bilateral_restricted,IN01A047,,,,,intrinsic,,,01A,IN01A047,id:17118,,,acetylcholine,acetylcholine,,,ventral_nerve_cord,right,ventral_nerve_cord_intrinsic
373,720575941433384480,,,single_leg_neuromere,,,ventral_nerve_cord_ipsilateral_interconnecting,IN09A064,,,,,intrinsic,,,09A,IN09A064,id:22953,,,gaba,gaba,,,ventral_nerve_cord,left,ventral_nerve_cord_intrinsic
374,720575941433415200,,,descending_neuron,,,,DNp60,DNp60,id:720575940615692690,,,intrinsic,,,SMPpv2_dorsal,DNp60,id:15127,,,acetylcholine,,,,neck_connective,left,descending
375,720575941433448224,,,,,,ventral_nerve_cord_bilateral_interconnecting,vPR6,,,,,intrinsic,,,12A,,,,,acetylcholine,acetylcholine,,,ventral_nerve_cord,right,ventral_nerve_cord_intrinsic
376,720575941433448992,,,,,,ventral_nerve_cord_ipsilateral_restricted,IN01B051,,,,,intrinsic,,,01B,IN01B051,id:26371,,,gaba,gaba,,,ventral_nerve_cord,right,ventral_nerve_cord_intrinsic
377,720575941433654048,,,descending_neuron,,,,DNge175,DNge175,id:720575940637966424,,,intrinsic,,,LB12,DNut058,id:15025,,,acetylcholine,,,,neck_connective,right,descending
378,720575941434014734,,,descending_neuron,,,,DNge001,DNge001,id:720575940620135645,,,intrinsic,,,MX12,DNfl024,id:27217,,,acetylcholine,,MX12_L_42,,neck_connective,left,descending
379,720575941434224526,,,descending_neuron,,,,DNge110,DNge110,id:720575940623934096,,,intrinsic,,,,DNut054,id:28959,,,acetylcholine,,,,neck_connective,right,descending
380,720575941434487438,,,,,,ventral_nerve_cord_contralateral_interconnecting,IN10B014,,,,,intrinsic,,,10B,IN10B014,id:12543,,,acetylcholine,acetylcholine,,,ventral_nerve_cord,right,ventral_nerve_cord_intrinsic
381,720575941434583223,,front_leg,bristle_neuron,tactile,,front_leg_bristle_neuron,SNta29,,,,,afferent,,,,SNta29,id:34041,right_prothoracic_leg_nerve,,acetylcholine,,,bristle,ventral_nerve_cord,right,sensory
382,720575941434874912,,,descending_neuron,,,,,,,,,intrinsic,,,,,,,,acetylcholine,,,,neck_connective,left,descending
383,720575941434878496,,,,,,ventral_nerve_cord_ipsilateral_restricted,IN20A.22A069,,,,,intrinsic,,,20A.22A,IN20A.22A069,id:20974,,,acetylcholine,acetylcholine,,,ventral_nerve_cord,left,ventral_nerve_cord_intrinsic
384,720575941434954126,,,ascending_neuron,,,,AN10B031,AN_AVLP_51,id:720575940622136573,,,intrinsic,,,10B,AN10B031,id:156909,,,acetylcholine,acetylcholine,,,neck_connective,right,ascending
385,720575941435315342,,,,,,ventral_nerve_cord_ipsilateral_restricted,IN01B051,,,,,intrinsic,,,01B,IN01B051,id:26947,,,gaba,gaba,,,ventral_nerve_cord,right,ventral_nerve_cord_intrinsic
386,720575941435315854,,,,,,ventral_nerve_cord_bilateral_interconnecting,IN12B083,,,,,intrinsic,,,12B,IN12B083,id:27488,,,gaba,gaba,,,ventral_nerve_cord,left,ventral_nerve_cord_intrinsic
387,720575941435317134,,,ascending_neuron,,,,AN05B054,AN_GNG_69,id:720575940617393435,,,intrinsic,,,05B,AN05B054,id:17254,,,gaba,gaba,,,neck_connective,left,ascending
388,720575941435429676,neck,,neck_motor_neuron,neck_motor,neck_roll,neck_roll_motor_neuron,DProN_d,,,,,efferent,,,,,,right_dorsal_prothoracic_nerve,,gaba,,,,ventral_nerve_cord,right,motor
389,720575941435430542,,,descending_neuron,,,,DNg42,DNg42,id:720575940621336852,,,intrinsic,,,MX3,DNg42,id:18431,,,glutamate,,,,neck_connective,right,descending
390,720575941435725100,,,single_leg_neuromere,,,ventral_nerve_cord_bilateral_restricted,IN06B029,,,,,intrinsic,,,06B,IN06B029,id:13358,,,gaba,gaba,,,ventral_nerve_cord,right,ventral_nerve_cord_intrinsic
391,720575941435827218,,,single_leg_neuromere,,,ventral_nerve_cord_ipsilateral_restricted,IN03A062,,,,,intrinsic,,,03A,IN03A062,id:102327,,,acetylcholine,acetylcholine,,,ventral_nerve_cord,right,ventral_nerve_cord_intrinsic
392,720575941435830546,front_leg,,leg_motor_neuron,leg_motor,pull_long_tendon,front_leg_motor_neuron,long_tendon_muscle_B,,,,id:169,efferent,,,,,,left_prothoracic_leg_nerve,,gaba,,,long_tendon_muscle,ventral_nerve_cord,left,motor
393,720575941435835922,,,,,,ventral_nerve_cord_bilateral_restricted,IN04B041,,,,,intrinsic,,,04B,IN04B041,id:16487,,,acetylcholine,acetylcholine,,,ventral_nerve_cord,left,ventral_nerve_cord_intrinsic
394,720575941435843858,,,,proprioception,,ventral_nerve_cord_bilateral_interconnecting,IN10B032,,,,,intrinsic,,,10B,IN10B032,id:35349,,,acetylcholine,acetylcholine,,,ventral_nerve_cord,right,ventral_nerve_cord_intrinsic
395,720575941435949198,,,descending_neuron,,,,DNge153,DNge153,id:720575940619434587,,,intrinsic,,,,DNxl118,id:11887,,,gaba,,,,neck_connective,right,descending
396,720575941435997984,,,descending_neuron,,,,DNge034,DNge034,id:720575940612206810,,,intrinsic,,,MX12__prim,DNxl072,id:28048,,,glutamate,,,,neck_connective,left,descending
397,720575941436019232,,,single_leg_neuromere,,,ventral_nerve_cord_ipsilateral_restricted,IN04B104,,,,,intrinsic,,,04B,IN04B104,id:166416,,,acetylcholine,acetylcholine,,,ventral_nerve_cord,right,ventral_nerve_cord_intrinsic
398,720575941436032800,,,,,,ventral_nerve_cord_bilateral_interconnecting,IN12A016,,,,,intrinsic,,,12A,IN12A016,id:13433,,,acetylcholine,acetylcholine,,,ventral_nerve_cord,right,ventral_nerve_cord_intrinsic
399,720575941436052768,,,descending_neuron,,,,DNg05_b,DNg05_b,id:720575940627003179,,,intrinsic,,,LB12,DNut043,id:26242,,,acetylcholine,,,,neck_connective,right,descending
400,720575941436095788,,,descending_neuron,,,,DNge016,DNge016,id:720575940607178709,,,intrinsic,,,LB12,DNut058,id:16898,,,acetylcholine,,,,neck_connective,left,descending
401,720575941436208684,,,,,,ventral_nerve_cord_bilateral_interconnecting,IN12B044,,,,,intrinsic,,,12B,IN12B044,id:20554,,,gaba,gaba,,,ventral_nerve_cord,left,ventral_nerve_cord_intrinsic
402,720575941436244110,,,ascending_neuron,,,,AN17A003,AN_GNG_91,id:720575940637160937,,,intrinsic,,,17A,AN17A003,id:10344,,,acetylcholine,acetylcholine,,,neck_connective,left,ascending
403,720575941436259602,,,descending_neuron,,,,DNge017,DNge017,id:720575940626919579,,,intrinsic,,,LB12,DNut047,id:25479,,,acetylcholine,,,,neck_connective,left,descending
404,720575941436296992,,,single_leg_neuromere,,,ventral_nerve_cord_bilateral_restricted,IN12B024,,,,,intrinsic,,,12B,IN12B024,id:29322,,,gaba,gaba,,,ventral_nerve_cord,right,ventral_nerve_cord_intrinsic
405,720575941436313888,,,descending_neuron,,,,DNge105,DNge105,id:720575940637612974,,,intrinsic,,,MX12,DNfl035,id:24978,,,acetylcholine,,,,neck_connective,left,descending
406,720575941436469792,,,,,,ventral_nerve_cord_ipsilateral_restricted,IN03A062,,,,,intrinsic,,,03A,IN03A062,id:18494,,,acetylcholine,acetylcholine,,,ventral_nerve_cord,left,ventral_nerve_cord_intrinsic
407,720575941436586784,,,descending_neuron,,,,,,,,,intrinsic,,,,,,,,acetylcholine,,,,neck_connective,right,descending
408,720575941436693536,,,,,,ventral_nerve_cord_ipsilateral_interconnecting,IN02A060,,,,,intrinsic,,,02A,IN02A060,id:27795,,,glutamate,glutamate,,,ventral_nerve_cord,right,ventral_nerve_cord_intrinsic
409,720575941436764448,,,descending_neuron,,,,DNp64,DNp64,id:720575940639789475,,,intrinsic,,,SMPpv2_dorsal,DNp64,id:17467,,,acetylcholine,,,,neck_connective,left,descending
410,720575941436850143,,,ascending_neuron,,,,AN08B010,AN_multi_64,id:720575940625479370,,,intrinsic,,,08B,AN08B010,id:11563,,,acetylcholine,acetylcholine,,,neck_connective,left,ascending
411,720575941436862527,,,single_leg_neuromere,,,ventral_nerve_cord_ipsilateral_restricted,IN19A015,,,,,intrinsic,,,19A,IN19A015,id:11148,,,acetylcholine,gaba,,,ventral_nerve_cord,right,ventral_nerve_cord_intrinsic
412,720575941436899807,,,,,,ventral_nerve_cord_ipsilateral_restricted,IN13A058,,,,,intrinsic,,,13A,IN13A058,id:25562,,,gaba,gaba,,,ventral_nerve_cord,right,ventral_nerve_cord_intrinsic
413,720575941437256492,,"coxa,front_leg",hair_plate_neuron,proprioception,joint_angle,front_leg_hair_plate_neuron,SNpp52,,,,,afferent,,,,SNpp52,id:21695,right_ventral_prothoracic_nerve,,gaba,,CoHP8,"CoHP8,hair_plate",ventral_nerve_cord,right,sensory
414,720575941437266988,,front_leg,bristle_neuron,tactile,,front_leg_bristle_neuron,SNta42,,,,,afferent,,,,SNta42,id:43926,left_ventral_prothoracic_nerve,,acetylcholine,,,bristle,ventral_nerve_cord,left,sensory
415,720575941437329708,,,descending_neuron,,,,DNg08_b,DNg08_b,id:720575940632339425,,,intrinsic,,,MX3,,,,,,,MX12_R_34,,central_brain,right,descending
416,720575941437461010,,,ascending_neuron,,,,AN10B037,AN_GNG_165,id:720575940615438521,,,intrinsic,,,10B,AN10B037,id:23271,,,acetylcholine,acetylcholine,,,neck_connective,right,ascending
417,720575941437466130,,,single_leg_neuromere,,,ventral_nerve_cord_bilateral_restricted,IN19A024,,,,,intrinsic,,,19A,IN19A024,id:11710,,,gaba,gaba,,,ventral_nerve_cord,left,ventral_nerve_cord_intrinsic
418,720575941437487122,,front_leg,bristle_neuron,tactile,,front_leg_bristle_neuron,SNxxxx,,,,,afferent,,,,SNxxxx,id:42155452632,right_prothoracic_leg_nerve,,acetylcholine,,,bristle,ventral_nerve_cord,right,sensory
419,720575941437511954,,front_leg,bristle_neuron,tactile,,front_leg_bristle_neuron,SNta41,,,,,afferent,,,,SNta41,id:42957,left_prothoracic_leg_nerve,,acetylcholine,,,bristle,ventral_nerve_cord,left,sensory
420,720575941437543509,,,single_leg_neuromere,,,ventral_nerve_cord_contralateral_restricted,IN12B039,,,,,intrinsic,,,12B,IN12B039,id:16961,,,gaba,gaba,,,ventral_nerve_cord,left,ventral_nerve_cord_intrinsic
421,720575941437599317,,front_leg,bristle_neuron,tactile,,front_leg_bristle_neuron,SNta29,,,,,afferent,,,,SNta29,id:34041,right_prothoracic_leg_nerve,,acetylcholine,,,bristle,ventral_nerve_cord,right,sensory
422,720575941437604693,,,single_leg_neuromere,,,ventral_nerve_cord_contralateral_restricted,IN14A023,,,,,intrinsic,,,14A,IN14A023,id:19184,,,glutamate,,,,ventral_nerve_cord,right,ventral_nerve_cord_intrinsic
423,720575941437607253,,,,,,ventral_nerve_cord_bilateral_restricted,IN16B061,,,,,intrinsic,,,16B,IN16B061,id:102064,,,glutamate,glutamate,,,ventral_nerve_cord,left,ventral_nerve_cord_intrinsic
424,720575941437607509,,,,,,ventral_nerve_cord_ipsilateral_restricted,IN04B070,,,,,intrinsic,,,04B,,,,,acetylcholine,acetylcholine,,,ventral_nerve_cord,right,ventral_nerve_cord_intrinsic
425,720575941437611093,,,,,,ventral_nerve_cord_ipsilateral_restricted,IN20A.22A062,,,,,intrinsic,,,20A.22A,IN20A.22A062,id:23501,,,acetylcholine,acetylcholine,,,ventral_nerve_cord,right,ventral_nerve_cord_intrinsic
426,720575941438023999,,front_leg,bristle_neuron,tactile,,front_leg_bristle_neuron,SNta41,,,,,afferent,,,,SNta41,id:43700,right_prothoracic_leg_nerve,,acetylcholine,,,bristle,ventral_nerve_cord,right,sensory
427,720575941438049621,,,descending_neuron,,,,DNge019,DNge019,id:720575940630221563,,,intrinsic,,,MX12,DNnt008,id:27396,,,acetylcholine,,MX12_L_7,,neck_connective,left,descending
428,720575941438213951,,,descending_neuron,,,,DNge118,DNge118,id:720575940614107554,,,intrinsic,,,LB7,DNut054,id:28959,,,acetylcholine,,,,neck_connective,left,descending
429,720575941438264405,,,,,,ventral_nerve_cord_ipsilateral_restricted,IN20A.22A052,,,,,intrinsic,,,20A.22A,IN20A.22A052,id:22083,,,acetylcholine,acetylcholine,,,ventral_nerve_cord,right,ventral_nerve_cord_intrinsic
430,720575941438359103,,,single_leg_neuromere,,,ventral_nerve_cord_bilateral_restricted,IN14A006,,,,,intrinsic,,,14A,IN14A006,id:12857,,,glutamate,,,,ventral_nerve_cord,left,ventral_nerve_cord_intrinsic
431,720575941438389292,,,ventral_nerve_cord_serially_convergent,,,ventral_nerve_cord_bilateral_interconnecting,IN18B005,,,,,intrinsic,,,18B,IN18B005,id:10490,,,acetylcholine,acetylcholine,,,ventral_nerve_cord,left,ventral_nerve_cord_intrinsic
432,720575941438410028,,front_leg,chordotonal_organ_neuron,proprioception,direction,front_leg_hook_chordotonal_organ_neuron,SNpp39,,,,,afferent,,,,SNpp39,id:100412,right_prothoracic_leg_nerve,,gaba,acetylcholine,hook,chordotonal_organ,ventral_nerve_cord,right,sensory
433,720575941438410514,,,descending_neuron,,,,DNb07,DNb07,id:720575940613088426,,,intrinsic,,,putative_primary,DNxn006,id:14939,,,glutamate,,,,neck_connective,left,descending
434,720575941438416172,,"coxa,front_leg",hair_plate_neuron,proprioception,joint_angle,front_leg_hair_plate_neuron,SNpp45,,,,,afferent,,,,SNpp45,id:22677,left_dorsal_prothoracic_nerve,,gaba,,CoHP3,"CoHP3,hair_plate",ventral_nerve_cord,left,sensory
435,720575941438418476,,,,,,ventral_nerve_cord_bilateral_interconnecting,IN27X004,,,,,intrinsic,,,27X,IN27X004,id:10330,,,serotonin,,,,ventral_nerve_cord,left,ventral_nerve_cord_intrinsic
436,720575941438438930,,,sequential_leg_neuromeres,,,ventral_nerve_cord_bilateral_interconnecting,IN12B014,,,,,intrinsic,,,12B,IN12B014,id:11577,,,gaba,gaba,,,ventral_nerve_cord,left,ventral_nerve_cord_intrinsic
437,720575941438445330,,,descending_neuron,,,,DNpe032,DNpe032,id:720575940645693476,,,intrinsic,,,putative_primary,DNxn175,id:13517,,,acetylcholine,,,,neck_connective,right,descending
438,720575941438454828,,,single_leg_neuromere,,,ventral_nerve_cord_contralateral_restricted,IN14A002,,,,,intrinsic,,,14A,IN14A002,id:10608,,,glutamate,,,,ventral_nerve_cord,right,ventral_nerve_cord_intrinsic
439,720575941438455340,,,single_leg_neuromere,,,ventral_nerve_cord_bilateral_interconnecting,IN03B019,,,,,intrinsic,,,03B,IN03B019,id:101414,,,gaba,,,,ventral_nerve_cord,left,ventral_nerve_cord_intrinsic
440,720575941438459692,,,ascending_neuron,,,,AN17A024,AN_GNG_134,id:720575940629041790,,,intrinsic,,,17A,AN17A024,id:12036,,,acetylcholine,acetylcholine,,,neck_connective,right,ascending
441,720575941438465087,,,,,,ventral_nerve_cord_bilateral_interconnecting,IN12B044,,,,,intrinsic,,,12B,IN12B044,id:20293,,,gaba,gaba,,,ventral_nerve_cord,right,ventral_nerve_cord_intrinsic
442,720575941438465298,,,descending_neuron,,,,DNb04,DNb04,id:720575940619582168,,,intrinsic,,,putative_primary,DNb04,id:17989,,,glutamate,glutamate,,,neck_connective,left,descending
443,720575941438468114,,,ascending_neuron,,,,AN05B054,,,,,intrinsic,,,05B,,,,,gaba,gaba,,,ventral_nerve_cord,left,ascending
444,720575941438469676,,,descending_neuron,,,,DNge121,DNge121,id:720575940637870510,,,intrinsic,,,,DNxl125,id:11279,,,acetylcholine,,,,neck_connective,left,descending
445,720575941438470700,,,,,,ventral_nerve_cord_bilateral_interconnecting,IN11A008,,,,,intrinsic,,,11A,IN11A008,id:13802,,,acetylcholine,acetylcholine,,,ventral_nerve_cord,left,ventral_nerve_cord_intrinsic
446,720575941438474258,,front_leg,chordotonal_organ_neuron,proprioception,position,front_leg_claw_chordotonal_organ_neuron,SNpp50,,,,,afferent,,,,SNpp50,id:96728,left_prothoracic_leg_nerve,,gaba,acetylcholine,claw,chordotonal_organ,ventral_nerve_cord,left,sensory
447,720575941438483730,,,,,,ventral_nerve_cord_bilateral_interconnecting,IN07B006,,,,,intrinsic,,,07B,IN07B006,id:10297,,,acetylcholine,acetylcholine,,,ventral_nerve_cord,right,ventral_nerve_cord_intrinsic
448,720575941438574303,,,ventral_nerve_cord_serially_convergent,,,ventral_nerve_cord_bilateral_interconnecting,IN07B002,,,,,intrinsic,,,07B,IN07B002,id:10264,,,acetylcholine,acetylcholine,,,ventral_nerve_cord,left,ventral_nerve_cord_intrinsic
449,720575941438619410,,,ascending_neuron,,,,AN08B022,AN_multi_45,id:720575940636703374,,,intrinsic,,,08B,AN08B022,id:12663,,,acetylcholine,acetylcholine,,,neck_connective,right,ascending
450,720575941438646290,,,descending_neuron,,,,DNg38,DNg38,id:720575940613929391,,,intrinsic,,,putative_primary,DNg38,id:12332,,,gaba,,,,neck_connective,left,descending
451,720575941438690834,,,descending_neuron,,,,DNpe019,DNpe019,id:720575940636592302,,,intrinsic,,,putative_primary,DNp51,id:17862,,,acetylcholine,,,,neck_connective,right,descending
452,720575941438713179,,,,,,ventral_nerve_cord_bilateral_restricted,IN19A121,,,,,intrinsic,,,19A,IN19A121,id:51546,,,gaba,gaba,,,ventral_nerve_cord,right,ventral_nerve_cord_intrinsic
453,720575941438719967,,,descending_neuron,,,,DNg11,DNg11,id:720575940618827910,,,intrinsic,,,LB6,DNg11,id:26991,,,gaba,,,,neck_connective,left,descending
454,720575941438748607,,,single_leg_neuromere,,,ventral_nerve_cord_bilateral_restricted,IN12B003,,,,,intrinsic,,,12B,IN12B003,id:10370,,,gaba,gaba,,,ventral_nerve_cord,left,ventral_nerve_cord_intrinsic
455,720575941438773548,,,descending_neuron,,,,DNae003,DNae003,id:720575940634253281,,,intrinsic,,,WEDd1,DNxn123,id:12155,,,acetylcholine,,,,neck_connective,left,descending
456,720575941438824277,,prosternal_organ,hair_plate_neuron,proprioception,joint_angle,prosternal_hair_plate_neuron,SNpp19,,,,,afferent,,,,SNpp19,id:170624,right_prosternal_nerve,,acetylcholine,,,hair_plate,ventral_nerve_cord,right,sensory
457,720575941438841311,,,ascending_neuron,,,,AN10B046,AN_AVLP_53,id:720575940635677668,,,intrinsic,,,10B,AN10B046,id:27643,,,acetylcholine,acetylcholine,,,neck_connective,left,ascending
458,720575941438841435,,,sequential_leg_neuromeres,,,ventral_nerve_cord_bilateral_interconnecting,IN14B002,,,,,intrinsic,,,14B,,,,,gaba,,,,ventral_nerve_cord,left,ventral_nerve_cord_intrinsic
459,720575941438848479,,,descending_neuron,,,,DNpe054,DNpe054,id:720575940632379071,,,intrinsic,,,PSp2,DNht001,id:31112,,,acetylcholine,,,,neck_connective,right,descending
460,720575941438885723,,,single_leg_neuromere,,,ventral_nerve_cord_bilateral_restricted,IN12B038,,,,,intrinsic,,,12B,IN12B038,id:21544,,,gaba,gaba,,,ventral_nerve_cord,right,ventral_nerve_cord_intrinsic
461,720575941438898267,,,,,,ventral_nerve_cord_ipsilateral_restricted,IN03A045,,,,,intrinsic,,,03A,IN03A045,id:16260,,,acetylcholine,acetylcholine,,,ventral_nerve_cord,right,ventral_nerve_cord_intrinsic
462,720575941438942738,,,ascending_neuron,,,,ANXXX024,AN_GNG_143,id:720575940622912500,,,intrinsic,,,TBD,ANXXX024,id:10770,,,acetylcholine,,,,neck_connective,left,ascending
463,720575941438943439,,,single_leg_neuromere,,,ventral_nerve_cord_ipsilateral_interconnecting,IN09A064,,,,,intrinsic,,,09A,IN09A064,id:159312,,,gaba,gaba,,,ventral_nerve_cord,left,ventral_nerve_cord_intrinsic
464,720575941438947675,,,single_leg_neuromere,,,ventral_nerve_cord_contralateral_restricted,IN12B030,,,,,intrinsic,,,12B,IN12B030,id:15279,,,gaba,gaba,,,ventral_nerve_cord,left,ventral_nerve_cord_intrinsic
465,720575941438952027,,,single_leg_neuromere,,,ventral_nerve_cord_ipsilateral_restricted,IN04B031,,,,,intrinsic,,,04B,IN04B031,id:26241,,,acetylcholine,acetylcholine,,,ventral_nerve_cord,right,ventral_nerve_cord_intrinsic
466,720575941438957659,,,,,,ventral_nerve_cord_ipsilateral_restricted,IN20A.22A038,,,,,intrinsic,,,20A.22A,IN20A.22A038,id:37234,,,acetylcholine,acetylcholine,,,ventral_nerve_cord,right,ventral_nerve_cord_intrinsic
467,720575941438961499,,,,,,ventral_nerve_cord_ipsilateral_restricted,IN08A025,,,,,intrinsic,,,08A,IN08A025,id:102535,,,glutamate,glutamate,,,ventral_nerve_cord,left,ventral_nerve_cord_intrinsic
468,720575941438968155,,,,,,ventral_nerve_cord_ipsilateral_restricted,IN20A.22A091,,,,,intrinsic,,,20A.22A,IN20A.22A091,id:13582,,,acetylcholine,acetylcholine,,,ventral_nerve_cord,right,ventral_nerve_cord_intrinsic
469,720575941438970971,,,,,,ventral_nerve_cord_ipsilateral_restricted,IN19A122,,,,,intrinsic,,,19A,IN19A122,id:31364,,,gaba,gaba,,,ventral_nerve_cord,right,ventral_nerve_cord_intrinsic
470,720575941438971483,,,,,,ventral_nerve_cord_ipsilateral_restricted,IN20A.22A030,,,,,intrinsic,,,20A.22A,IN20A.22A030,id:21443,,,acetylcholine,acetylcholine,,,ventral_nerve_cord,right,ventral_nerve_cord_intrinsic
471,720575941439029951,,,descending_neuron,,,,DNg02_b,DNg02_b,id:720575940613668620,,,intrinsic,,,LB12,DNg02,id:24845,,,acetylcholine,acetylcholine,,,neck_connective,left,descending
472,720575941439091407,,,single_leg_neuromere,,,ventral_nerve_cord_ipsilateral_restricted,IN04B095,,,,,intrinsic,,,04B,IN04B095,id:20585,,,acetylcholine,acetylcholine,,,ventral_nerve_cord,left,ventral_nerve_cord_intrinsic
473,720575941439136719,,,,,,ventral_nerve_cord_bilateral_restricted,IN03A051,,,,,intrinsic,,,03A,,,,,acetylcholine,acetylcholine,,,ventral_nerve_cord,right,ventral_nerve_cord_intrinsic
474,720575941439143375,,,single_leg_neuromere,tactile,,ventral_nerve_cord_ipsilateral_restricted,IN17A079,,,,,intrinsic,,,17A,IN17A079,id:21148,,,acetylcholine,acetylcholine,,,ventral_nerve_cord,right,ventral_nerve_cord_intrinsic
475,720575941439143954,,,descending_neuron,,,,DNge090,DNge090,id:720575940615424966,,,intrinsic,,,LB7,DNg08,id:24458,,,acetylcholine,,,,neck_connective,right,descending
476,720575941439153983,,,sequential_leg_neuromeres,proprioception,,ventral_nerve_cord_contralateral_interconnecting,IN01A007,,,,,intrinsic,,,01A,IN01A007,id:10665,,,acetylcholine,acetylcholine,,,ventral_nerve_cord,left,ventral_nerve_cord_intrinsic
477,720575941439173205,,,,,,ventral_nerve_cord_bilateral_interconnecting,IN05B085,,,,,intrinsic,,,05B,IN05B085,id:31402,,,gaba,gaba,,,ventral_nerve_cord,right,ventral_nerve_cord_intrinsic
478,720575941439191637,,,,,,ventral_nerve_cord_bilateral_interconnecting,IN13A011,,,,,intrinsic,,,13A,IN13A011,id:10889,,,gaba,gaba,,,ventral_nerve_cord,left,ventral_nerve_cord_intrinsic
479,720575941439203925,,,,,,ventral_nerve_cord_bilateral_restricted,IN03A051,,,,,intrinsic,,,03A,IN03A051,id:18841,,,acetylcholine,acetylcholine,,,ventral_nerve_cord,right,ventral_nerve_cord_intrinsic
480,720575941439209679,,,ascending_neuron,,,,SA_DMT_ADMN_5,SA_DMT_ADMN_5,id:720575940630020639,,,intrinsic,,,,,,,,acetylcholine,,,,neck_connective,left,ascending
481,720575941439213653,,,single_leg_neuromere,,,ventral_nerve_cord_ipsilateral_restricted,IN21A038,,,,,intrinsic,,,21A,IN21A038,id:152331,,,glutamate,,,,ventral_nerve_cord,right,ventral_nerve_cord_intrinsic
482,720575941439285036,,,descending_neuron,,,,DNg08_b,DNg08_b,id:720575940632339425,,,intrinsic,,,MX3,DNg08,id:18953,,,gaba,,,,neck_connective,right,descending
483,720575941439321173,,,single_leg_neuromere,,,ventral_nerve_cord_contralateral_restricted,IN13B010,,,,,intrinsic,,,13B,IN13B010,id:12197,,,gaba,,,,ventral_nerve_cord,left,ventral_nerve_cord_intrinsic
484,720575941439351967,,front_leg,bristle_neuron,tactile,,front_leg_bristle_neuron,SNta29,,,,id:1132,afferent,,,,SNta29,id:15826,left_prothoracic_leg_nerve,,acetylcholine,,,bristle,ventral_nerve_cord,left,sensory
485,720575941439360530,,,,,,ventral_nerve_cord_contralateral_restricted,IN14A064,,,,,intrinsic,,,14A,IN14A064,id:24691,,,glutamate,,,,ventral_nerve_cord,left,ventral_nerve_cord_intrinsic
486,720575941439395903,,,ascending_neuron,,,,AN08B010,AN_multi_61,id:720575940624910128,,,intrinsic,,,08B,AN08B010,id:11694,,,acetylcholine,acetylcholine,,,neck_connective,right,ascending
487,720575941439437586,,,descending_neuron,,,,DNb05,DNb05,id:720575940628352850,,,intrinsic,,,putative_primary,DNb05,id:10307,,,acetylcholine,acetylcholine,,,neck_connective,left,descending
488,720575941439451477,,front_leg,chordotonal_organ_neuron,proprioception,position,front_leg_claw_chordotonal_organ_neuron,SNpp50,,,,,afferent,,,,SNpp50,id:100531,left_prothoracic_leg_nerve,,gaba,acetylcholine,claw,chordotonal_organ,ventral_nerve_cord,left,sensory
489,720575941439454783,,,descending_neuron,,,,DNg08_a,DNg08_a,id:720575940608076739,,,intrinsic,,,MX3,DNit003,id:46595,,,gaba,,,,neck_connective,left,descending
490,720575941439493717,,,,,,ventral_nerve_cord_bilateral_interconnecting,IN01A075,,,,,intrinsic,,,01A,,,,,acetylcholine,acetylcholine,,,ventral_nerve_cord,left,ventral_nerve_cord_intrinsic
491,720575941439543131,,,single_leg_neuromere,,,ventral_nerve_cord_ipsilateral_restricted,IN20A.22A017,,,,,intrinsic,,,20A.22A,IN20A.22A017,id:22750,,,acetylcholine,acetylcholine,,,ventral_nerve_cord,left,ventral_nerve_cord_intrinsic
492,720575941439550271,,,ascending_neuron,,,,AN07B040,AN_GNG_47,id:720575940623804260,,,intrinsic,,,07B,AN07B040,id:16311,,,acetylcholine,acetylcholine,,,neck_connective,left,ascending
493,720575941439563583,,,descending_neuron,,,,DNge053,DNge053,id:720575940630135084,,,intrinsic,,,putative_primary,DNxn164,id:13184,,,acetylcholine,,,,neck_connective,right,descending
494,720575941439563743,,,ventral_nerve_cord_serially_convergent,,,ventral_nerve_cord_bilateral_interconnecting,IN07B013,,,,,intrinsic,,,07B,IN07B013,id:11498,,,glutamate,,,,ventral_nerve_cord,left,ventral_nerve_cord_intrinsic
495,720575941439565535,,prosternal_organ,hair_plate_neuron,proprioception,joint_angle,prosternal_hair_plate_neuron,SNpp19,,,,,afferent,,,,SNpp19,id:154060,right_prosternal_nerve,,acetylcholine,,,hair_plate,ventral_nerve_cord,right,sensory
496,720575941439567327,,,descending_neuron,,,,DNge025,DNge025,id:720575940632303441,,,intrinsic,,,MX12,DNfl024,id:27520,,,acetylcholine,,MX12_R_18,,neck_connective,right,descending
497,720575941439577055,,,descending_neuron,,,,DNge153,DNge153,id:720575940606753884,,,intrinsic,,,,DNxl114,id:12466,,,gaba,,"synapseless descending,XD",,neck_connective,right,descending
498,720575941439620415,,,descending_neuron,,,,DNpe049,DNpe049,id:720575940615292895,,,intrinsic,,,putative_primary,DNxl088,id:23955,,,acetylcholine,,,,neck_connective,left,descending
499,720575941439622111,,,descending_neuron,,,,,,,,,intrinsic,,,,,,,,gaba,,,,neck_connective,right,descending
500,720575941439633983,,,descending_neuron,,,,DNp65,DNp65,id:720575940620878785,,,intrinsic,,,putative_primary,DNp65,id:18814,,,gaba,,,,neck_connective,right,descending
501,720575941439717676,,front_leg,chordotonal_organ_neuron,proprioception,direction,front_leg_hook_chordotonal_organ_neuron,SNpp39,,,,,afferent,,,,SNpp39,id:30692,left_prothoracic_leg_nerve,,gaba,acetylcholine,hook,chordotonal_organ,ventral_nerve_cord,left,sensory
502,720575941439717932,,front_leg,bristle_neuron,tactile,,front_leg_bristle_neuron,SNta32,,,,,afferent,,,,SNta32,id:23649,left_prothoracic_leg_nerve,,gaba,,,bristle,ventral_nerve_cord,left,sensory
503,720575941439728079,,,,proprioception,,ventral_nerve_cord_bilateral_restricted,IN19A117,,,,,intrinsic,,,19A,,,,,gaba,,,,ventral_nerve_cord,right,ventral_nerve_cord_intrinsic
504,720575941439740895,,,descending_neuron,,,,DNg11,DNg11,id:720575940625573653,,,intrinsic,,,LB6,DNg11,id:24332,,,gaba,,,,neck_connective,left,descending
505,720575941439919295,,,descending_neuron,,,,DNg12_e,DNg12_e,id:720575940614588778,,,intrinsic,,,MX12,DNnt013,id:33755,,,acetylcholine,,MX12_R_25,,neck_connective,right,descending
506,720575941440159423,,,,,,ventral_nerve_cord_bilateral_restricted,IN12B035,,,,,intrinsic,,,12B,IN12B035,id:25961,,,gaba,gaba,,,ventral_nerve_cord,left,ventral_nerve_cord_intrinsic
507,720575941440280767,,,descending_neuron,,,,DNa15,DNa15,id:720575940609488942,,,intrinsic,,,WEDd1,DNa15,id:10720,,,acetylcholine,,,,neck_connective,right,descending
508,720575941440317887,,front_leg,bristle_neuron,tactile,,front_leg_bristle_neuron,SNta29,,,,,afferent,,,,SNta29,id:74954,right_prothoracic_leg_nerve,,acetylcholine,,,bristle,ventral_nerve_cord,right,sensory
509,720575941440318655,,front_leg,bristle_neuron,tactile,,front_leg_bristle_neuron,SNta41,,,,,afferent,,,,SNta41,id:44105,left_prothoracic_leg_nerve,,acetylcholine,,,bristle,ventral_nerve_cord,right,sensory
510,720575941440350293,,,descending_neuron,,,,DNp71,DNp71,id:720575940633095137,,,intrinsic,,,SMPpv2_ventral,DNp71,id:15841,,,acetylcholine,,,,neck_connective,right,descending
511,720575941440353877,,,sequential_leg_neuromeres,,,ventral_nerve_cord_ipsilateral_interconnecting,IN02A003,,,,,intrinsic,,,02A,IN02A003,id:10209,,,glutamate,glutamate,,,ventral_nerve_cord,right,ventral_nerve_cord_intrinsic
512,720575941440354389,,,single_leg_neuromere,,,ventral_nerve_cord_bilateral_restricted,IN09A001,,,,,intrinsic,,,09A,IN09A001,id:10280,,,gaba,gaba,,,ventral_nerve_cord,left,ventral_nerve_cord_intrinsic
513,720575941440375381,,,ventral_nerve_cord_serially_convergent,,,ventral_nerve_cord_bilateral_interconnecting,INXXX161,,,,,intrinsic,,,TBD,INXXX161,id:15183,,,acetylcholine,,,,ventral_nerve_cord,left,ventral_nerve_cord_intrinsic
514,720575941440379733,,,descending_neuron,,,,DNp66,DNp66,id:720575940626562833,,,intrinsic,,,VLPl&p2_posterior,DNxn160,id:13343,,,acetylcholine,,,,neck_connective,left,descending
515,720575941440432831,,,,,,,,,,,,afferent,,,,,,right_prothoracic_leg_nerve,,gaba,,,,ventral_nerve_cord,right,sensory
516,720575941440543323,,,ascending_neuron,,,,AN27X016,AN_multi_75,id:720575940605708478,,,intrinsic,,,27X,AN27X016,id:12996,,,glutamate,,,,neck_connective,left,ascending
517,720575941440581979,,,,proprioception,,ventral_nerve_cord_ipsilateral_restricted,IN04B101,,,,,intrinsic,,,04B,IN04B101,id:20137,,,acetylcholine,acetylcholine,,,ventral_nerve_cord,right,ventral_nerve_cord_intrinsic
518,720575941440607323,,,,,,ventral_nerve_cord_bilateral_interconnecting,IN12A021,,,,,intrinsic,,,12A,IN12A021,id:13710,,,acetylcholine,acetylcholine,,,ventral_nerve_cord,left,ventral_nerve_cord_intrinsic
519,720575941440616795,,,single_leg_neuromere,,,ventral_nerve_cord_ipsilateral_interconnecting,IN09A073,,,,,intrinsic,,,09A,IN09A073,id:26639,,,gaba,gaba,,,ventral_nerve_cord,right,ventral_nerve_cord_intrinsic
520,720575941440649307,,,,,,,,,,,,,,,,,,,,histamine,,,,ventral_nerve_cord,left,
521,720575941440683743,,,descending_neuron,,,,DNp10,DNp10,id:720575940620153765,,,intrinsic,DNp10,id:512851433,putative_primary,DNp10,id:10732,,,acetylcholine,acetylcholine,,,neck_connective,left,descending
522,720575941440714959,,,descending_neuron,,,,DNg03,DNg03,id:720575940642027464,,,intrinsic,,,LB12,DNg03,id:25543,,,acetylcholine,,,,neck_connective,right,descending
523,720575941440899023,,,descending_neuron,,,,DNg06,DNg06,id:720575940618440943,,,intrinsic,,,,DNut058,id:16898,,,acetylcholine,,,,neck_connective,left,descending
524,720575941440925647,,,single_leg_neuromere,tactile,,ventral_nerve_cord_contralateral_restricted,IN14A011,,,,,intrinsic,,,14A,IN14A011,id:12990,,,glutamate,,,,ventral_nerve_cord,right,ventral_nerve_cord_intrinsic
525,720575941440928975,,,,,,ventral_nerve_cord_bilateral_restricted,IN04B067,,,,,intrinsic,,,04B,IN04B067,id:18755,,,acetylcholine,acetylcholine,,,ventral_nerve_cord,left,ventral_nerve_cord_intrinsic
526,720575941441065919,,,single_leg_neuromere,,,ventral_nerve_cord_ipsilateral_restricted,IN16B036,,,,,intrinsic,,,16B,IN16B036,id:14096,,,glutamate,glutamate,,,ventral_nerve_cord,right,ventral_nerve_cord_intrinsic
527,720575941441216191,,,,,,ventral_nerve_cord_ipsilateral_restricted,IN20A.22A069,,,,,intrinsic,,,20A.22A,IN20A.22A069,id:30952,,,acetylcholine,acetylcholine,,,ventral_nerve_cord,right,ventral_nerve_cord_intrinsic
528,720575941441226943,,,descending_neuron,,,,DNp53,DNp53,id:720575940624861072,,,intrinsic,,,putative_primary,DNp53,id:12770,,,acetylcholine,,,,neck_connective,right,descending
529,720575941441230527,,,ventral_nerve_cord_centrifugal,,,ventral_nerve_cord_bilateral_interconnecting,IN12B002,,,,,intrinsic,,,12B,IN12B002,id:10136,,,gaba,gaba,,,ventral_nerve_cord,left,ventral_nerve_cord_intrinsic
530,720575941441234111,,,ascending_neuron,,,,AN19B009,AN_4_None,id:720575940621481450,,,intrinsic,,,19B,AN19B009,id:10902,,,acetylcholine,acetylcholine,,,neck_connective,right,ascending
531,720575941441243839,,,descending_neuron,,,,DNge136,DNge136,id:720575940606425033,,,intrinsic,,,MX3,DNxn179,id:12747,,,gaba,,,,neck_connective,right,descending
532,720575941441245375,,,single_leg_neuromere,tactile,,ventral_nerve_cord_ipsilateral_restricted,IN01B020,,,,,intrinsic,,,01B,IN01B020,id:16890,,,gaba,gaba,,,ventral_nerve_cord,right,ventral_nerve_cord_intrinsic
533,720575941441245631,,,,,,ventral_nerve_cord_ipsilateral_restricted,IN20A.22A026,,,,,intrinsic,,,20A.22A,IN20A.22A026,id:20603,,,acetylcholine,acetylcholine,,,ventral_nerve_cord,left,ventral_nerve_cord_intrinsic
534,720575941441319259,,,single_leg_neuromere,tactile,,ventral_nerve_cord_ipsilateral_restricted,IN01B021,,,,,intrinsic,,,01B,IN01B021,id:21477,,,gaba,gaba,,,ventral_nerve_cord,left,ventral_nerve_cord_intrinsic
535,720575941441452373,,,descending_neuron,,,,DNp104,DNp104,id:720575940623122125,,,intrinsic,,,PSp2,DNxn134,id:26767,,,acetylcholine,,,,neck_connective,right,descending
536,720575941441453397,,,,,,ventral_nerve_cord_ipsilateral_restricted,IN08A010,,,,,intrinsic,,,08A,IN08A010,id:13925,,,glutamate,glutamate,,,ventral_nerve_cord,left,ventral_nerve_cord_intrinsic
537,720575941441596507,,,,proprioception,,ventral_nerve_cord_ipsilateral_restricted,IN19A082,,,,,intrinsic,,,19A,IN19A082,id:32872,,,gaba,gaba,,,ventral_nerve_cord,left,ventral_nerve_cord_intrinsic
538,720575941441615963,,,descending_neuron,,,,DNpe007,DNpe007,id:720575940635210859,,,intrinsic,,,putative_primary,DNxl083,id:19660,,,gaba,,,,neck_connective,left,descending
539,720575941441633883,,,descending_neuron,,,,DNge049,DNge049,id:720575940620082512,,,intrinsic,,,putative_primary,DNxl130,id:10941,,,acetylcholine,,,,neck_connective,right,descending
540,720575941441642331,,,,,,ventral_nerve_cord_bilateral_interconnecting,IN03A029,,,,,intrinsic,,,03A,IN03A029,id:16175,,,acetylcholine,acetylcholine,,,ventral_nerve_cord,right,ventral_nerve_cord_intrinsic
541,720575941441643099,,,ascending_neuron,,,,AN03B011,,,,,intrinsic,,,03B,AN03B011,id:10452,,,gaba,,,,ventral_nerve_cord,right,ascending
542,720575941441643867,,,descending_neuron,,,,DNg02_g,DNg02_g,id:720575940617922439,,,intrinsic,,,LB12,DNg02,id:25473,,,acetylcholine,acetylcholine,,,neck_connective,right,descending
543,720575941441888719,,,,,,ventral_nerve_cord_bilateral_restricted,IN19B005,,,,,intrinsic,,,19B,IN19B005,id:10450,,,acetylcholine,acetylcholine,,,ventral_nerve_cord,right,ventral_nerve_cord_intrinsic
544,720575941441894351,,,,,,ventral_nerve_cord_bilateral_interconnecting,GFC4,,,,,intrinsic,,,11A,GFC4,id:163891,,,acetylcholine,acetylcholine,,,ventral_nerve_cord,,ventral_nerve_cord_intrinsic
545,720575941441901759,,,ascending_neuron,,,,ANXXX075,AN_multi_113,id:720575940620463732,,,intrinsic,,,TBD,ANXXX075,id:12410,,,acetylcholine,,,,neck_connective,left,ascending
546,720575941441906779,,,ascending_neuron,,,,AN04A001,AN_GNG_178,id:720575940620589147,,,intrinsic,,,04A,AN04A001,id:12834,,,acetylcholine,,,,neck_connective,right,ascending
547,720575941441927887,,,,,,ventral_nerve_cord_ipsilateral_restricted,IN19A061,,,,,intrinsic,,,19A,IN19A061,id:14231,,,gaba,gaba,,,ventral_nerve_cord,left,ventral_nerve_cord_intrinsic
548,720575941441960795,,,,,,ventral_nerve_cord_ipsilateral_restricted,IN20A.22A035,,,,,intrinsic,,,20A.22A,IN20A.22A035,id:16708,,,acetylcholine,acetylcholine,,,ventral_nerve_cord,left,ventral_nerve_cord_intrinsic
549,720575941442187967,,,descending_neuron,,,,DNp23,DNp23,id:720575940639428174,,,intrinsic,DNp23,id:1197234751,SMPpv2_dorsal,DNp23,id:27125,,,acetylcholine,,,,neck_connective,right,descending
550,720575941442197595,,"coxa,front_leg",hair_plate_neuron,proprioception,joint_angle,front_leg_hair_plate_neuron,SNpp45,,,,,afferent,,,,SNpp45,id:22677,left_ventral_prothoracic_nerve,,acetylcholine,,CoHP8,"CoHP8,hair_plate",ventral_nerve_cord,left,sensory
551,720575941442213311,,,descending_neuron,,,,DNp56,DNp56,id:720575940637126007,,,intrinsic,VES055,id:5812987034,putative_primary,DNp56,id:22501,,,acetylcholine,,,,neck_connective,right,descending
552,720575941442292059,,,descending_neuron,,,,DNae006,DNae006,id:720575940614348438,,,intrinsic,,,WEDd1,DNxn118,id:154083,,,acetylcholine,,,,neck_connective,left,descending
553,720575941442307498,,,single_leg_neuromere,,,ventral_nerve_cord_contralateral_restricted,IN12B037,,,,,intrinsic,,,12B,IN12B037,id:17138,,,gaba,gaba,,,ventral_nerve_cord,left,ventral_nerve_cord_intrinsic
554,720575941442317994,,prosternal_organ,hair_plate_neuron,proprioception,joint_angle,prosternal_hair_plate_neuron,SNpp19,,,,id:1912,afferent,,,,SNpp19,id:154060,right_prosternal_nerve,,acetylcholine,,,hair_plate,ventral_nerve_cord,right,sensory
555,720575941442329770,,,,,,ventral_nerve_cord_bilateral_interconnecting,GFC4,,,,,intrinsic,,,11A,GFC4,id:163891,,,acetylcholine,acetylcholine,,,ventral_nerve_cord,left,ventral_nerve_cord_intrinsic
556,720575941442357674,,,sequential_leg_neuromeres,,,ventral_nerve_cord_ipsilateral_interconnecting,IN03A001,,,,,intrinsic,,,03A,IN03A001,id:10362,,,acetylcholine,acetylcholine,,,ventral_nerve_cord,left,ventral_nerve_cord_intrinsic
557,720575941442360490,,,single_leg_neuromere,,,ventral_nerve_cord_bilateral_interconnecting,IN01A079,,,,,intrinsic,,,01A,IN01A079,id:29450,,,acetylcholine,acetylcholine,,,ventral_nerve_cord,right,ventral_nerve_cord_intrinsic
558,720575941442364842,,,,,,ventral_nerve_cord_bilateral_interconnecting,IN07B045,,,,,intrinsic,,,07B,IN07B045,id:17080,,,acetylcholine,acetylcholine,,,ventral_nerve_cord,left,ventral_nerve_cord_intrinsic
559,720575941442418639,,,descending_neuron,,,,DNpe017,DNpe017,id:720575940631925156,,,intrinsic,,,putative_primary,DNxn142,id:10639,,,acetylcholine,,,,neck_connective,right,descending
560,720575941442472539,,,ascending_neuron,,,,AN23B010,AN_GNG_108,id:720575940632519588,,,intrinsic,,,23B,AN23B010,id:13651,,,acetylcholine,acetylcholine,,,neck_connective,left,ascending
561,720575941442611035,,,,,,ventral_nerve_cord_bilateral_interconnecting,IN11A008,,,,,intrinsic,,,11A,IN11A008,id:15374,,,acetylcholine,acetylcholine,,,ventral_nerve_cord,right,ventral_nerve_cord_intrinsic
562,720575941442861482,,,descending_neuron,,,,DNge113,DNge113,id:720575940610091955,,,intrinsic,,,LB7,DNg09,id:26285,,,acetylcholine,,,,neck_connective,left,descending
563,720575941442928042,,,,,,ventral_nerve_cord_bilateral_interconnecting,IN21A067,,,,,intrinsic,,,21A,IN21A067,id:25306,,,glutamate,,,,ventral_nerve_cord,right,ventral_nerve_cord_intrinsic
564,720575941443146191,,,,,,ventral_nerve_cord_contralateral_restricted,IN14A069,,,,,intrinsic,,,14A,IN14A069,id:25544,,,glutamate,,,,ventral_nerve_cord,left,ventral_nerve_cord_intrinsic
565,720575941443853226,,,single_leg_neuromere,,,ventral_nerve_cord_ipsilateral_restricted,IN17A041,,,,,intrinsic,,,17A,IN17A041,id:16045,,,glutamate,,,,ventral_nerve_cord,right,ventral_nerve_cord_intrinsic
566,720575941443863978,,,single_leg_neuromere,,,ventral_nerve_cord_contralateral_restricted,IN12B043,,,,,intrinsic,,,12B,IN12B043,id:100584,,,gaba,gaba,,,ventral_nerve_cord,right,ventral_nerve_cord_intrinsic
567,720575941443964330,,,single_leg_neuromere,,,ventral_nerve_cord_ipsilateral_restricted,IN19A020,,,,,intrinsic,,,19A,IN19A020,id:12871,,,gaba,gaba,,,ventral_nerve_cord,right,ventral_nerve_cord_intrinsic
568,720575941444493495,,front_leg,chordotonal_organ_neuron,proprioception,position,front_leg_claw_chordotonal_organ_neuron,SNpp51,,,,,afferent,,,,SNpp51,id:205335,right_prothoracic_leg_nerve,,gaba,acetylcholine,claw,chordotonal_organ,ventral_nerve_cord,right,sensory
569,720575941444536746,,,descending_neuron,,,,DNpe054,DNpe054,id:720575940642411917,,,intrinsic,,,PSp2,DNut042,id:32916,,,acetylcholine,,,,neck_connective,left,descending
570,720575941444574135,,front_leg,chordotonal_organ_neuron,proprioception,position,front_leg_claw_chordotonal_organ_neuron,SNpp51,,,,,afferent,,,,SNpp51,id:205335,right_prothoracic_leg_nerve,,gaba,acetylcholine,claw,chordotonal_organ,ventral_nerve_cord,right,sensory
571,720575941444576695,,front_leg,chordotonal_organ_neuron,proprioception,position,front_leg_claw_chordotonal_organ_neuron,SNpp51,,,,,afferent,,,,SNpp51,id:103757,right_prothoracic_leg_nerve,,gaba,acetylcholine,claw,chordotonal_organ,ventral_nerve_cord,right,sensory
572,720575941444841130,,front_leg,,,,putative_front_leg_hair_plate_neuron,SNppxx,,,CoHP3,id:1910,afferent,,,,SNppxx,id:65476,right_prothoracic_leg_nerve,,gaba,,,,ventral_nerve_cord,right,sensory
573,720575941444962474,,,ascending_neuron,,,,ANXXX132,AN_GNG_145,id:720575940631283727,,,intrinsic,,,TBD,ANXXX132,id:12830,,,acetylcholine,,,,neck_connective,left,ascending
574,720575941445139476,,,single_leg_neuromere,,,ventral_nerve_cord_bilateral_interconnecting,IN01A079,,,,,intrinsic,,,01A,IN01A079,id:29450,,,acetylcholine,acetylcholine,,,ventral_nerve_cord,right,ventral_nerve_cord_intrinsic
575,720575941445141012,,,ascending_neuron,,,,ANXXX006,AN_GNG_25,id:720575940619822942,,,intrinsic,,,TBD,ANXXX006,id:10769,,,acetylcholine,,,,neck_connective,left,ascending
576,720575941445163796,,,,,,ventral_nerve_cord_bilateral_interconnecting,IN07B065,,,,,intrinsic,,,07B,IN07B065,id:157063,,,acetylcholine,acetylcholine,,,ventral_nerve_cord,left,ventral_nerve_cord_intrinsic
577,720575941445211156,,,single_leg_neuromere,,,ventral_nerve_cord_ipsilateral_restricted,IN20A.22A024,,,,,intrinsic,,,20A.22A,IN20A.22A024,id:25354,,,acetylcholine,acetylcholine,,,ventral_nerve_cord,left,ventral_nerve_cord_intrinsic
578,720575941445281556,,,,,,ventral_nerve_cord_ipsilateral_restricted,IN04B111,,,,,intrinsic,,,04B,IN04B111,id:26949,,,acetylcholine,acetylcholine,,,ventral_nerve_cord,right,ventral_nerve_cord_intrinsic
579,720575941445299732,,,,,,ventral_nerve_cord_ipsilateral_restricted,IN04B093,,,,,intrinsic,,,04B,IN04B093,id:19985,,,acetylcholine,acetylcholine,,,ventral_nerve_cord,left,ventral_nerve_cord_intrinsic
580,720575941445677332,,,descending_neuron,,,,DNge060,DNge060,id:720575940618291520,,,intrinsic,,,putative_primary,DNxn170,id:24989,,,acetylcholine,,,,neck_connective,right,descending
581,720575941445707284,,,descending_neuron,,,,DNp28,DNp28,id:720575940640142141,,,intrinsic,,,putative_primary,DNp28,id:13085,,,acetylcholine,acetylcholine,,,neck_connective,right,descending
582,720575941445838356,,,,,,ventral_nerve_cord_bilateral_interconnecting,IN07B073,,,,,intrinsic,,,07B,IN07B073,id:24145,,,acetylcholine,acetylcholine,,,ventral_nerve_cord,left,ventral_nerve_cord_intrinsic
583,720575941445859754,,,descending_neuron,,,,DNg13,DNg13,id:720575940616471052,,,intrinsic,,,MX12__prim,DNg13,id:10909,,,acetylcholine,acetylcholine,,,neck_connective,left,descending
584,720575941446159018,,,single_leg_neuromere,,,ventral_nerve_cord_ipsilateral_restricted,IN21A005,,,,,intrinsic,,,21A,IN21A005,id:12712,,,acetylcholine,,,,ventral_nerve_cord,right,ventral_nerve_cord_intrinsic
585,720575941446879764,,,,,,ventral_nerve_cord_contralateral_interconnecting,IN01A062,,,,,intrinsic,,,01A,IN01A062,id:20547,,,acetylcholine,acetylcholine,,,ventral_nerve_cord,,ventral_nerve_cord_intrinsic
586,720575941446894612,,,descending_neuron,,,,DNg12_e,DNg12_e,id:720575940627814522,,,intrinsic,,,MX12,DNnt008,id:29772,,,acetylcholine,,MX12_L_1,,neck_connective,left,descending
587,720575941447084725,,,,,,ventral_nerve_cord_ipsilateral_restricted,IN09A080,,,,,intrinsic,,,09A,,,,,gaba,gaba,,,ventral_nerve_cord,right,ventral_nerve_cord_intrinsic
588,720575941447316061,,,single_leg_neuromere,,,ventral_nerve_cord_contralateral_restricted,IN13B090,,,,,intrinsic,,,13B,,,,,gaba,gaba,,,ventral_nerve_cord,left,ventral_nerve_cord_intrinsic
589,720575941447343709,,,,,,ventral_nerve_cord_bilateral_interconnecting,IN11A007,,,,,intrinsic,,,11A,,,,,acetylcholine,acetylcholine,,,ventral_nerve_cord,right,ventral_nerve_cord_intrinsic
590,720575941447408733,,,,,,ventral_nerve_cord_ipsilateral_restricted,IN16B115,,,,,intrinsic,,,16B,,,,,glutamate,glutamate,,,ventral_nerve_cord,right,ventral_nerve_cord_intrinsic
591,720575941447445853,,,,,,ventral_nerve_cord_ipsilateral_restricted,IN03A072,,,,,intrinsic,,,03A,,,,,acetylcholine,acetylcholine,,,ventral_nerve_cord,right,ventral_nerve_cord_intrinsic
592,720575941447596366,,,,,,ventral_nerve_cord_bilateral_restricted,IN16B055,,,,,intrinsic,,,16B,IN16B055,id:20958,,,glutamate,glutamate,,,ventral_nerve_cord,left,ventral_nerve_cord_intrinsic
593,720575941447655956,,,single_leg_neuromere,,,ventral_nerve_cord_ipsilateral_restricted,IN19A096,,,,,intrinsic,,,19A,IN19A096,id:40218,,,gaba,gaba,,,ventral_nerve_cord,left,ventral_nerve_cord_intrinsic
594,720575941447722574,,,sequential_leg_neuromeres,,,ventral_nerve_cord_ipsilateral_interconnecting,IN19A009,,,,,intrinsic,,,19A,,,,,acetylcholine,,,,ventral_nerve_cord,left,ventral_nerve_cord_intrinsic
595,720575941447737166,,,,,,ventral_nerve_cord_ipsilateral_restricted,IN19A076,,,,,intrinsic,,,19A,,,,,gaba,gaba,,,ventral_nerve_cord,left,ventral_nerve_cord_intrinsic
596,720575941447759124,,,ascending_neuron,,,,AN08B022,AN_multi_45,id:720575940617997716,,,intrinsic,,,08B,AN08B022,id:12177,,,acetylcholine,acetylcholine,,,neck_connective,left,ascending
597,720575941447762196,,,ascending_neuron,,,,AN08B031,AN_GNG_184,id:720575940628599803,,,intrinsic,,,08B,AN08B031,id:13009,,,acetylcholine,acetylcholine,,,neck_connective,right,ascending
598,720575941447762964,,,ascending_neuron,,,,AN10B034,AN_GNG_165,id:720575940632512703,,,intrinsic,,,10B,AN10B034,id:37237,,,acetylcholine,acetylcholine,,,neck_connective,left,ascending
599,720575941447799118,,,single_leg_neuromere,,,ventral_nerve_cord_ipsilateral_restricted,IN03A075,,,,,intrinsic,,,03A,IN03A075,id:18545,,,acetylcholine,acetylcholine,,,ventral_nerve_cord,left,ventral_nerve_cord_intrinsic
600,720575941447813198,,,,,,ventral_nerve_cord_ipsilateral_restricted,IN13A051,,,,,intrinsic,,,13A,IN13A051,id:14416,,,gaba,gaba,,,ventral_nerve_cord,left,ventral_nerve_cord_intrinsic
601,720575941447838996,,,descending_neuron,,,,DNge097,DNge097,id:720575940613590579,,,intrinsic,,,MD3,DNp72,id:26003,,,glutamate,,,,neck_connective,left,descending
602,720575941447846990,front_leg,,leg_motor_neuron,leg_motor,flex_femur_tibia_joint,front_leg_motor_neuron,accessory_tibia_flexor_A,,,,,efferent,,,15B,Acc. ti flexor MN,id:20605,right_prothoracic_leg_nerve,,gaba,,,accessory_tibia_flexor_muscle,ventral_nerve_cord,right,motor
603,720575941447849236,,,ventral_nerve_cord_serially_convergent,,,ventral_nerve_cord_bilateral_interconnecting,IN18B016,,,,,intrinsic,,,18B,IN18B016,id:12198,,,acetylcholine,acetylcholine,,,ventral_nerve_cord,right,ventral_nerve_cord_intrinsic
604,720575941447851284,,,single_leg_neuromere,,,ventral_nerve_cord_ipsilateral_restricted,IN03A075,,,,,intrinsic,,,03A,IN03A075,id:19218,,,acetylcholine,acetylcholine,,,ventral_nerve_cord,right,ventral_nerve_cord_intrinsic
605,720575941447851854,,,single_leg_neuromere,,,ventral_nerve_cord_ipsilateral_restricted,IN03A075,,,,,intrinsic,,,03A,IN03A075,id:19069,,,acetylcholine,acetylcholine,,,ventral_nerve_cord,right,ventral_nerve_cord_intrinsic
606,720575941447863316,,,descending_neuron,,,,DNb05,DNb05,id:720575940629461442,,,intrinsic,DNb05,id:1406966879,putative_primary,DNb05,id:10315,,,acetylcholine,acetylcholine,,,neck_connective,right,descending
607,720575941447866132,,,,,,ventral_nerve_cord_ipsilateral_restricted,IN03B021,,,,,intrinsic,,,03B,IN03B021,id:10599,,,gaba,,,,ventral_nerve_cord,left,ventral_nerve_cord_intrinsic
608,720575941447872532,,,ascending_neuron,,,,IN12B060,AN_GNG_129,id:720575940628641879,,,intrinsic,,,,,,,,gaba,,,,neck_connective,left,ascending
609,720575941447884820,,,descending_neuron,,,,DNge013,DNge013,id:720575940627001637,,,intrinsic,,,putative_primary,DNxn071,id:14485,,,acetylcholine,,,,neck_connective,left,descending
610,720575941447894292,,,,,,ventral_nerve_cord_bilateral_interconnecting,IN05B085,,,,,intrinsic,,,05B,IN05B085,id:160222,,,gaba,gaba,,,ventral_nerve_cord,left,ventral_nerve_cord_intrinsic
611,720575941447898132,,,,,,ventral_nerve_cord_bilateral_interconnecting,INXXX029,,,,,intrinsic,,,TBD,INXXX029,id:11506,,,acetylcholine,,,,ventral_nerve_cord,right,ventral_nerve_cord_intrinsic
612,720575941447898388,,,,,,ventral_nerve_cord_ipsilateral_restricted,IN16B091,,,,,intrinsic,,,16B,IN16B091,id:22614,,,glutamate,glutamate,,,ventral_nerve_cord,left,ventral_nerve_cord_intrinsic
613,720575941447900436,,,,,,ventral_nerve_cord_bilateral_restricted,INXXX036,,,,,intrinsic,,,TBD,INXXX036,id:11324,,,acetylcholine,,,,ventral_nerve_cord,left,ventral_nerve_cord_intrinsic
614,720575941447914772,,,ascending_neuron,,,,AN17A014,AN_GNG_SAD_10,id:720575940635860058,,,intrinsic,,,17A,AN17A014,id:11990,,,acetylcholine,acetylcholine,,,neck_connective,right,ascending
615,720575941447935764,,,descending_neuron,,,,oviDNa_b,oviDNa_b,id:720575940646173748,,,intrinsic,,,,,,,,gaba,,oviDNb-like,,neck_connective,right,descending
616,720575941447973140,,,descending_neuron,,,,DNb02,DNb02,id:720575940616936226,,,intrinsic,,,putative_primary,DNb02,id:18445,,,glutamate,glutamate,,,neck_connective,left,descending
617,720575941448018196,,,descending_neuron,,,,DNge142,DNge142,id:720575940607170178,,,intrinsic,,,,DNg70,id:13169,,,gaba,,,,neck_connective,right,descending
618,720575941448093972,,,ascending_neuron,,,,AN12A003,AN_GNG_79,id:720575940630121078,,,intrinsic,,,12A,AN12A003,id:11098,,,acetylcholine,acetylcholine,,,neck_connective,right,ascending
619,720575941448124692,,,descending_neuron,,,,DNge115,DNge115,id:720575940628825348,,,intrinsic,,,LB7,DNxn109,id:42273,,,acetylcholine,,,,neck_connective,right,descending
620,720575941448143541,,,sequential_leg_neuromeres,,,ventral_nerve_cord_ipsilateral_interconnecting,IN03B015,,,,,intrinsic,,,03B,IN03B015,id:11373,,,gaba,,,,ventral_nerve_cord,left,ventral_nerve_cord_intrinsic
621,720575941448205749,,,,,,ventral_nerve_cord_ipsilateral_restricted,IN19A120,,,,,intrinsic,,,19A,IN19A120,id:30214,,,gaba,gaba,,,ventral_nerve_cord,left,ventral_nerve_cord_intrinsic
622,720575941448316085,,front_leg,hair_plate_neuron,proprioception,joint_angle,front_leg_hair_plate_neuron,SNpp52,,,,,afferent,,,,SNpp52,id:17486,left_prothoracic_leg_nerve,,gaba,,,hair_plate,ventral_nerve_cord,left,sensory
623,720575941448626101,,,,,,ventral_nerve_cord_ipsilateral_restricted,IN03A046,,,,,intrinsic,,,03A,IN03A046,id:16477,,,gaba,acetylcholine,,,ventral_nerve_cord,left,ventral_nerve_cord_intrinsic
624,720575941448680285,,,,,,,,,,,,,,,,,,,,histamine,,,,ventral_nerve_cord,,
625,720575941448761620,,,ascending_neuron,,,,ANXXX013,AN_GNG_150,id:720575940625355920,,,intrinsic,,,TBD,ANXXX013,id:10567,,,gaba,,,,neck_connective,left,ascending
626,720575941448798133,front_leg,,leg_motor_neuron,leg_motor,unknown_leg_movement,front_leg_motor_neuron,femur_reductor,,,,id:220,efferent,,,TBD,Fe reductor MN,id:11226,right_prothoracic_leg_nerve,,gaba,glutamate,,femur_reductor_muscle,ventral_nerve_cord,right,motor
627,720575941448826805,,front_leg,chordotonal_organ_neuron,proprioception,position,front_leg_claw_chordotonal_organ_neuron,SNpp50,,,,,afferent,,,,SNpp50,id:96728,left_prothoracic_leg_nerve,,gaba,acetylcholine,claw,chordotonal_organ,ventral_nerve_cord,left,sensory
628,720575941448846773,,front_leg,bristle_neuron,tactile,,front_leg_bristle_neuron,SNta29,,,,,afferent,,,,SNta29,id:34041,right_prothoracic_leg_nerve,,acetylcholine,,,bristle,ventral_nerve_cord,right,sensory
629,720575941448919901,,,single_leg_neuromere,,,ventral_nerve_cord_bilateral_restricted,IN21A020,,,,,intrinsic,,,21A,IN21A020,id:13921,,,acetylcholine,,,,ventral_nerve_cord,left,ventral_nerve_cord_intrinsic
630,720575941448922717,,,descending_neuron,,,,DNg11,DNg11,id:720575940621817326,,,intrinsic,,,LB6,DNg11,id:24965,,,gaba,,,,neck_connective,right,descending
631,720575941448945757,neck,,neck_motor_neuron,neck_motor,neck_roll,neck_roll_motor_neuron,DProN_v,,,,id:109,efferent,,,,,,left_dorsal_prothoracic_nerve,,gaba,,,,ventral_nerve_cord,left,motor
632,720575941448968029,,,descending_neuron,,,,DNge024,DNge024,id:720575940628445169,,,intrinsic,,,MX12,DNfl014,id:156265,,,acetylcholine,,MX12_L_39,,neck_connective,left,descending
633,720575941449005149,,,,,,ventral_nerve_cord_bilateral_interconnecting,IN03A029,,,,,intrinsic,,,03A,IN03A029,id:16175,,,acetylcholine,acetylcholine,,,ventral_nerve_cord,right,ventral_nerve_cord_intrinsic
634,720575941449384885,,,descending_neuron,,,,DNge150,DNge150,id:720575940625489160,,,intrinsic,,,LB0_posterior,DNxn103,id:13548,,,octopamine,,,,neck_connective,right,descending
635,720575941449417082,,,,,,ventral_nerve_cord_ipsilateral_restricted,IN03A061,,,,,intrinsic,,,03A,IN03A061,id:18394,,,gaba,acetylcholine,,,ventral_nerve_cord,left,ventral_nerve_cord_intrinsic
636,720575941449477454,,,,,,ventral_nerve_cord_ipsilateral_restricted,IN08A025,,,,,intrinsic,,,08A,IN08A025,id:102535,,,glutamate,glutamate,,,ventral_nerve_cord,left,ventral_nerve_cord_intrinsic
637,720575941449527477,,,descending_neuron,,,,DNge131,DNge131,id:720575940617918021,,,intrinsic,,,MX3,DNxl115,id:12451,,,gaba,,,,neck_connective,left,descending
638,720575941449784413,,front_leg,campaniform_sensillum_neuron,proprioception,mechanical_strain,front_leg_campaniform_sensillum_neuron,SNpp53,,,,,afferent,,,,SNpp53,id:101691,right_prothoracic_leg_nerve,,gaba,,CS,campaniform_sensillum,ventral_nerve_cord,right,sensory
639,720575941449875893,,,descending_neuron,,,,DNbe002,DNbe002,id:720575940619116061,,,intrinsic,,,putative_primary,DNxl106,id:13419,,,acetylcholine,,,,neck_connective,right,descending
640,720575941449947229,,,single_leg_neuromere,,,ventral_nerve_cord_ipsilateral_restricted,IN16B033,,,,,intrinsic,,,16B,IN16B033,id:11792,,,glutamate,glutamate,,,ventral_nerve_cord,left,ventral_nerve_cord_intrinsic
641,720575941449981277,,,ascending_neuron,,,,AN01A001,AN_GNG_18,id:720575940619411327,,,intrinsic,,,01A,AN01A001,id:10518,,,acetylcholine,acetylcholine,,,neck_connective,left,ascending
642,720575941449983581,,,descending_neuron,,,,DNg15,DNg15,id:720575940625870640,,,intrinsic,,,putative_primary,DNg15,id:10121,,,acetylcholine,,,,neck_connective,right,descending
643,720575941449993821,,,single_leg_neuromere,,,ventral_nerve_cord_contralateral_restricted,IN13B027,,,,,intrinsic,,,13B,IN13B027,id:17565,,,gaba,gaba,,,ventral_nerve_cord,left,ventral_nerve_cord_intrinsic
644,720575941450039477,,,descending_neuron,,,,DNg83,DNg83,id:720575940615378399,,,intrinsic,,,MX3,DNg83,id:154601,,,gaba,,,,neck_connective,right,descending
645,720575941450101319,,,,,,ventral_nerve_cord_ipsilateral_restricted,IN08A036,,,,,intrinsic,,,08A,IN08A036,id:29088,,,glutamate,glutamate,,,ventral_nerve_cord,right,ventral_nerve_cord_intrinsic
646,720575941450363770,,,ascending_neuron,,,,AN18B004,,,,,intrinsic,,,18B,AN18B004,id:10451,,,acetylcholine,acetylcholine,,,neck_connective,right,ascending
647,720575941450378333,,,descending_neuron,,,,DNp103,DNp103,id:720575940623781127,,,intrinsic,,,putative_primary,DNp103,id:12855,,,acetylcholine,acetylcholine,,,neck_connective,left,descending
648,720575941450422965,,front_leg,bristle_neuron,tactile,,front_leg_bristle_neuron,SNta20,,,,,afferent,,,,SNta20,id:45090,left_prothoracic_leg_nerve,,acetylcholine,,,bristle,ventral_nerve_cord,left,sensory
649,720575941450506830,,,descending_neuron,,,,DNp18,DNp18,id:720575940627949589,,,intrinsic,,,putative_primary,DNp18,id:10012,,,acetylcholine,acetylcholine,,,neck_connective,right,descending
650,720575941450541390,,,,,,ventral_nerve_cord_ipsilateral_restricted,IN04B111,,,,,intrinsic,,,04B,IN04B111,id:26949,,,acetylcholine,acetylcholine,,,ventral_nerve_cord,right,ventral_nerve_cord_intrinsic
651,720575941450546857,front_leg,,leg_motor_neuron,leg_motor,flex_femur_tibia_joint,front_leg_motor_neuron,accessory_tibia_flexor_A,,,,,efferent,,,15B,Acc. ti flexor MN,id:23698,left_prothoracic_leg_nerve,,,glutamate,,accessory_tibia_flexor_muscle,ventral_nerve_cord,left,motor
652,720575941450559145,,,,,,ventral_nerve_cord_ipsilateral_restricted,IN08A050,,,,,intrinsic,,,08A,IN08A050,id:158757,,,glutamate,glutamate,,,ventral_nerve_cord,left,ventral_nerve_cord_intrinsic
653,720575941450560378,,prosternal_organ,hair_plate_neuron,proprioception,joint_angle,prosternal_hair_plate_neuron,SNpp19,,,,,afferent,,,,SNpp19,id:19363,right_prosternal_nerve,,acetylcholine,,,hair_plate,ventral_nerve_cord,right,sensory
654,720575941450561358,front_leg,,leg_motor_neuron,leg_motor,flex_coxa_trochanter_joint,front_leg_motor_neuron,trochanter_flexor_ProAN,,,,,efferent,,,24B.25B,Tr flexor MN,id:19886,right_prothoracic_accessory_nerve,,gaba,glutamate,,trochanter_flexor_muscle,ventral_nerve_cord,right,motor
655,720575941450564430,,,,,,ventral_nerve_cord_bilateral_interconnecting,INXXX180,,,,,intrinsic,,,TBD,INXXX180,id:14081,,,acetylcholine,,,,ventral_nerve_cord,right,ventral_nerve_cord_intrinsic
656,720575941450579022,,,,proprioception,,ventral_nerve_cord_bilateral_interconnecting,IN05B010,,,,,intrinsic,,,05B,IN05B010,id:10374,,,gaba,gaba,,,ventral_nerve_cord,left,ventral_nerve_cord_intrinsic
657,720575941450597966,,,single_leg_neuromere,,,ventral_nerve_cord_ipsilateral_restricted,IN03A004,,,,,intrinsic,,,03A,IN03A004,id:10827,,,acetylcholine,acetylcholine,,,ventral_nerve_cord,left,ventral_nerve_cord_intrinsic
658,720575941450598222,,,,,,ventral_nerve_cord_ipsilateral_restricted,IN20A.22A089,,,,,intrinsic,,,20A.22A,IN20A.22A089,id:29899,,,acetylcholine,acetylcholine,,,ventral_nerve_cord,right,ventral_nerve_cord_intrinsic
659,720575941450728314,,,descending_neuron,,,,DNge067,DNge067,id:720575940622537477,,,intrinsic,,,putative_primary,DNxl104,id:13262,,,gaba,,,,neck_connective,left,descending
660,720575941450756167,,,,,,ventral_nerve_cord_bilateral_interconnecting,GFC1,,,,,intrinsic,,,18B,,,,,acetylcholine,,,,ventral_nerve_cord,right,ventral_nerve_cord_intrinsic
661,720575941450872698,,,,,,ventral_nerve_cord_ipsilateral_restricted,IN19A120,,,,,intrinsic,,,19A,IN19A120,id:34523,,,gaba,gaba,,,ventral_nerve_cord,right,ventral_nerve_cord_intrinsic
662,720575941451015802,,,ascending_neuron,,,,AN04B001,AN_GNG_VES_8,id:720575940603599206,,,intrinsic,,,04B,AN04B001,id:10211,,,acetylcholine,acetylcholine,,,neck_connective,left,ascending
663,720575941451023482,,,descending_neuron,,,,DNge009,DNge009,id:720575940620017261,,,intrinsic,,,MX12,DNfl014,id:40420,,,acetylcholine,,MX12_R_39,,neck_connective,right,descending
664,720575941451454286,,front_leg,campaniform_sensillum_neuron,proprioception,mechanical_strain,front_leg_campaniform_sensillum_neuron,,,,,,afferent,,,,,,left_prothoracic_leg_nerve,,gaba,,CS,campaniform_sensillum,ventral_nerve_cord,left,sensory
665,720575941451600718,,,ascending_neuron,,,,AN04B023,AN_SPS_IPS_3,id:720575940629439043,,,intrinsic,,,04B,AN04B023,id:19912,,,acetylcholine,acetylcholine,,,neck_connective,left,ascending
666,720575941451603278,,,ventral_nerve_cord_serially_convergent,,,ventral_nerve_cord_bilateral_interconnecting,IN06B015,,,,,intrinsic,,,06B,,,,,acetylcholine,gaba,,,ventral_nerve_cord,left,ventral_nerve_cord_intrinsic
667,720575941451657038,,front_leg,bristle_neuron,tactile,,front_leg_bristle_neuron,SNta21,,,,,afferent,,,,SNta21,id:42382,left_prothoracic_leg_nerve,,gaba,,,bristle,ventral_nerve_cord,left,sensory
668,720575941451713402,,,single_leg_neuromere,,,ventral_nerve_cord_ipsilateral_restricted,IN21A003,,,,,intrinsic,,,21A,IN21A003,id:102868,,,glutamate,,,,ventral_nerve_cord,left,ventral_nerve_cord_intrinsic
669,720575941451866439,,front_leg,bristle_neuron,tactile,,front_leg_bristle_neuron,SNta32,,,,,afferent,,,,SNta32,id:38116,right_prothoracic_leg_nerve,,gaba,,,bristle,ventral_nerve_cord,right,sensory
670,720575941451871559,,,ascending_neuron,,,,AN14B012,AN_GNG_157,id:720575940659056001,,,intrinsic,,,14B,AN14B012,id:15865,,,gaba,,,,neck_connective,right,ascending
671,720575941451902542,,,ascending_neuron,,,,AN17A013,AN_GNG_137,id:720575940628833989,,,intrinsic,,,17A,AN17A013,id:10797,,,acetylcholine,acetylcholine,,,neck_connective,right,ascending
672,720575941451917481,,prosternal_organ,hair_plate_neuron,proprioception,joint_angle,prosternal_hair_plate_neuron,SNpp19,,,,id:1923,afferent,,,,SNpp19,id:22235,right_prosternal_nerve,,acetylcholine,,,hair_plate,ventral_nerve_cord,right,sensory
673,720575941451922810,,,,,,ventral_nerve_cord_ipsilateral_restricted,IN03A084,,,,,intrinsic,,,03A,IN03A084,id:23054,,,acetylcholine,acetylcholine,,,ventral_nerve_cord,left,ventral_nerve_cord_intrinsic
674,720575941451941498,,,descending_neuron,,,,DNp33,DNp33,id:720575940633165452,,,intrinsic,,,putative_primary,DNp33,id:12291,,,acetylcholine,,,,neck_connective,right,descending
675,720575941452016199,,,descending_neuron,,,,DNge111,DNge111,id:720575940631061900,,,intrinsic,,,LB7,DNxn144,id:43801,,,acetylcholine,,,,neck_connective,right,descending
676,720575941452030330,,,descending_neuron,,,,oviDNa_b,oviDNa_b,id:720575940621257340,,,intrinsic,,,SMPpv1,,,,,gaba,acetylcholine,oviDNb-like,,neck_connective,left,descending
677,720575941452122163,,,single_leg_neuromere,,,ventral_nerve_cord_ipsilateral_restricted,IN20A.22A037,,,,,intrinsic,,,20A.22A,IN20A.22A037,id:162742,,,acetylcholine,acetylcholine,,,ventral_nerve_cord,left,ventral_nerve_cord_intrinsic
678,720575941452165801,,,descending_neuron,,,,DNge072,DNge072,id:720575940624530407,,,intrinsic,,,LB6,DNxn146,id:23722,,,gaba,,,,neck_connective,left,descending
679,720575941452179881,,,,,,ventral_nerve_cord_bilateral_interconnecting,IN19A126,,,,,intrinsic,,,19A,IN19A126,id:24279,,,gaba,gaba,,,ventral_nerve_cord,right,ventral_nerve_cord_intrinsic
680,720575941452194867,,,single_leg_neuromere,,,ventral_nerve_cord_bilateral_restricted,IN01A079,,,,,intrinsic,,,01A,IN01A079,id:21394,,,acetylcholine,acetylcholine,,,ventral_nerve_cord,right,ventral_nerve_cord_intrinsic
681,720575941452211834,,,descending_neuron,,,,DNge127,DNge127,id:720575940640486488,,,intrinsic,,,MD3,DNp39,id:20252,,,gaba,,,,neck_connective,right,descending
682,720575941452251699,,,,,,ventral_nerve_cord_ipsilateral_restricted,IN20A.22A038,,,,,intrinsic,,,20A.22A,IN20A.22A038,id:28252,,,acetylcholine,acetylcholine,,,ventral_nerve_cord,right,ventral_nerve_cord_intrinsic
683,720575941452261427,,,,,,ventral_nerve_cord_ipsilateral_restricted,IN09A096,,,,,intrinsic,,,09A,IN09A096,id:34073,,,gaba,gaba,,,ventral_nerve_cord,left,ventral_nerve_cord_intrinsic
684,720575941452264361,,,descending_neuron,,,,DNge071,DNge071,id:720575940611765201,,,intrinsic,,,LB6,DNnt011,id:42128,,,gaba,,,,neck_connective,right,descending
685,720575941452265779,,,,,,ventral_nerve_cord_ipsilateral_restricted,IN09A096,,,,,intrinsic,,,09A,IN09A096,id:34073,,,gaba,gaba,,,ventral_nerve_cord,left,ventral_nerve_cord_intrinsic
686,720575941452459591,,,,,,ventral_nerve_cord_ipsilateral_restricted,IN08A010,,,,,intrinsic,,,08A,IN08A010,id:16655,,,glutamate,glutamate,,,ventral_nerve_cord,right,ventral_nerve_cord_intrinsic
687,720575941452738119,,,single_leg_neuromere,,,ventral_nerve_cord_bilateral_interconnecting,IN12B066,,,,,intrinsic,,,12B,IN12B066,id:23257,,,gaba,gaba,,,ventral_nerve_cord,right,ventral_nerve_cord_intrinsic
688,720575941452748103,,,single_leg_neuromere,,,ventral_nerve_cord_bilateral_restricted,IN12B029,,,,,intrinsic,,,12B,IN12B029,id:17667,,,gaba,gaba,,,ventral_nerve_cord,left,ventral_nerve_cord_intrinsic
689,720575941452885043,front_leg,,leg_motor_neuron,leg_motor,flex_femur_tibia_joint,front_leg_motor_neuron,accessory_tibia_flexor_B,,,,,efferent,,,,,,right_prothoracic_leg_nerve,,,,,accessory_tibia_flexor_muscle,ventral_nerve_cord,right,motor
690,720575941453030983,,,descending_neuron,,,,DNbe004,DNbe004,id:720575940653310198,,,intrinsic,,,putative_primary,DNb07,id:11637,,,glutamate,,,,neck_connective,right,descending
691,720575941453079209,,,single_leg_neuromere,,,ventral_nerve_cord_bilateral_restricted,IN20A.22A001,,,,,intrinsic,,,20A.22A,IN20A.22A001,id:159502,,,acetylcholine,acetylcholine,,,ventral_nerve_cord,right,ventral_nerve_cord_intrinsic
692,720575941453274025,,,ascending_neuron,,,,AN08B023,AN_GNG_SAD_34,id:720575940617423105,,,intrinsic,,,08B,AN08B023,id:13422,,,acetylcholine,acetylcholine,,,neck_connective,right,ascending
693,720575941453284777,,,,,,ventral_nerve_cord_ipsilateral_restricted,IN08A050,,,,,intrinsic,,,08A,IN08A050,id:158757,,,glutamate,glutamate,,,ventral_nerve_cord,left,ventral_nerve_cord_intrinsic
694,720575941453310121,,,,,,ventral_nerve_cord_bilateral_interconnecting,IN10B004,,,,,intrinsic,,,10B,IN10B004,id:10946,,,acetylcholine,acetylcholine,,,ventral_nerve_cord,right,ventral_nerve_cord_intrinsic
695,720575941453644201,,front_leg,bristle_neuron,tactile,,front_leg_bristle_neuron,SNta41,,,,,afferent,,,,SNta41,id:75891,right_prothoracic_leg_nerve,,acetylcholine,,,bristle,ventral_nerve_cord,right,sensory
696,720575941453748295,,,,,,ventral_nerve_cord_contralateral_restricted,IN01A063,,,,,intrinsic,,,01A,IN01A063,id:18944,,,acetylcholine,acetylcholine,,,ventral_nerve_cord,right,ventral_nerve_cord_intrinsic
697,720575941453830637,,,descending_neuron,,,,DNge123,DNge123,id:720575940620297819,,,intrinsic,,,MX12__prim,DNfl012,id:23404,,,glutamate,,,,neck_connective,left,descending
698,720575941453869619,,,descending_neuron,,,,DNge085,DNge085,id:720575940622786317,,,intrinsic,,,LB6,DNg18,id:44302,,,gaba,,,,neck_connective,left,descending
699,720575941453986729,,,descending_neuron,,,,DNc01,DNc01,id:720575940615607207,,,intrinsic,,,putative_primary,DNc01,id:14677,,SIFa,serotonin,,SIFa,,neck_connective,midline,descending
700,720575941454015725,,,,,,ventral_nerve_cord_bilateral_interconnecting,IN06B062,,,,,intrinsic,,,06B,IN06B062,id:18259,,,gaba,gaba,,,ventral_nerve_cord,left,ventral_nerve_cord_intrinsic
701,720575941454020077,,,single_leg_neuromere,,,ventral_nerve_cord_bilateral_interconnecting,IN12B066,,,,,intrinsic,,,12B,IN12B066,id:23257,,,gaba,gaba,,,ventral_nerve_cord,right,ventral_nerve_cord_intrinsic
702,720575941454032109,,,single_leg_neuromere,,,ventral_nerve_cord_ipsilateral_restricted,IN17A022,,,,,intrinsic,,,17A,,,,,acetylcholine,acetylcholine,,,ventral_nerve_cord,right,ventral_nerve_cord_intrinsic
703,720575941454034227,,front_leg,bristle_neuron,tactile,,front_leg_bristle_neuron,SNta45,,,,,afferent,,,,SNta45,id:37645450806,right_prothoracic_leg_nerve,,gaba,,,bristle,ventral_nerve_cord,right,sensory
704,720575941454037485,,,single_leg_neuromere,,,ventral_nerve_cord_ipsilateral_restricted,IN04B100,,,,,intrinsic,,,04B,IN04B100,id:23506,,,acetylcholine,acetylcholine,,,ventral_nerve_cord,right,ventral_nerve_cord_intrinsic
705,720575941454037997,,,,proprioception,,ventral_nerve_cord_ipsilateral_restricted,IN19A082,,,,,intrinsic,,,19A,IN19A082,id:24439,,,gaba,gaba,,,ventral_nerve_cord,right,ventral_nerve_cord_intrinsic
706,720575941454042605,,,,,,ventral_nerve_cord_bilateral_interconnecting,IN04B028,,,,,intrinsic,,,04B,IN04B028,id:14031,,,acetylcholine,acetylcholine,,,ventral_nerve_cord,left,ventral_nerve_cord_intrinsic
707,720575941454124781,,,descending_neuron,,,,DNg12_a,DNg12_a,id:720575940625872688,,,intrinsic,,,,,,,,acetylcholine,,MX12_L_12,,neck_connective,left,descending
708,720575941454250665,,,descending_neuron,,,,DNp39,DNp39,id:720575940612557994,,,intrinsic,,,putative_primary,DNxn169,id:24186,,,acetylcholine,,,,neck_connective,right,descending
709,720575941454260275,,,descending_neuron,,,,DNg106,DNg106,id:720575940626936324,,,intrinsic,,,MX3,,,,,gaba,,,,neck_connective,right,descending
710,720575941454279593,,,descending_neuron,,,,DNae003,DNae003,id:720575940622204186,,,intrinsic,,,WEDd1,DNxn123,id:12170,,,acetylcholine,,,,neck_connective,right,descending
711,720575941454494889,,,descending_neuron,,,,DNg36_a,DNg36_a,id:720575940639159029,,,intrinsic,,,LB7,DNxn109,id:38167,,,acetylcholine,,,,neck_connective,left,descending
712,720575941454569523,,,descending_neuron,,,,DNg18_b,DNg18_b,id:720575940634599615,,,intrinsic,,,LB6,DNxn106,id:33891,,,gaba,,,,neck_connective,right,descending
713,720575941454870579,,,,,,ventral_nerve_cord_ipsilateral_restricted,IN03A085,,,,,intrinsic,,,03A,IN03A085,id:21523,,,acetylcholine,acetylcholine,,,ventral_nerve_cord,right,ventral_nerve_cord_intrinsic
714,720575941454877491,,,,,,ventral_nerve_cord_ipsilateral_restricted,IN03A069,,,,,intrinsic,,,03A,IN03A069,id:18631,,,acetylcholine,acetylcholine,,,ventral_nerve_cord,left,ventral_nerve_cord_intrinsic
715,720575941454882611,,,ascending_neuron,,,,AN_GNG_171,AN_GNG_171,id:720575940628539735,,,intrinsic,,,,,,,,acetylcholine,,,,neck_connective,left,ascending
716,720575941454898739,,,,,,ventral_nerve_cord_bilateral_interconnecting,INXXX153,,,,,intrinsic,,,TBD,INXXX153,id:14111,,,acetylcholine,,,,ventral_nerve_cord,left,ventral_nerve_cord_intrinsic
717,720575941454913075,,,descending_neuron,,,,DNge083,DNge083,id:720575940619038366,,,intrinsic,,,putative_primary,DNxl112,id:12965,,,glutamate,,,,neck_connective,right,descending
718,720575941454918195,,,ascending_neuron,,,,AN06B002,AN_GNG_178,id:720575940633142831,,,intrinsic,,,06B,AN06B002,id:10560,,,gaba,gaba,,,neck_connective,right,ascending
719,720575941454922291,,,,,,ventral_nerve_cord_bilateral_restricted,IN04B073,,,,,intrinsic,,,04B,IN04B073,id:21212,,,acetylcholine,acetylcholine,,,ventral_nerve_cord,right,ventral_nerve_cord_intrinsic
720,720575941454923315,,,single_leg_neuromere,,,ventral_nerve_cord_ipsilateral_restricted,IN03A087,,,,,intrinsic,,,03A,IN03A087,id:21724,,,acetylcholine,acetylcholine,,,ventral_nerve_cord,right,ventral_nerve_cord_intrinsic
721,720575941454969395,,,descending_neuron,,,,DNg56,DNg56,id:720575940649809273,,,intrinsic,,,putative_primary,DNg56,id:17621,,,gaba,,,,neck_connective,right,descending
722,720575941454975539,,,descending_neuron,,,,DNp16,DNp16,id:720575940615219417,,,intrinsic,,,PSp2,DNnt021,id:53170881453,,,acetylcholine,,,,neck_connective,left,descending
723,720575941455180525,,,,,,ventral_nerve_cord_ipsilateral_restricted,IN20A.22A024,,,,,intrinsic,,,20A.22A,IN20A.22A024,id:25354,,,acetylcholine,acetylcholine,,,ventral_nerve_cord,left,ventral_nerve_cord_intrinsic
724,720575941455535923,,,ascending_neuron,,,,AN06B002,AN_GNG_178,id:720575940617871394,,,intrinsic,,,06B,AN06B002,id:10360,,,gaba,gaba,,,neck_connective,left,ascending
725,720575941455568621,,,sequential_leg_neuromeres,,,ventral_nerve_cord_ipsilateral_interconnecting,IN16B037,,,,,intrinsic,,,16B,IN16B037,id:14196,,,glutamate,glutamate,,,ventral_nerve_cord,right,ventral_nerve_cord_intrinsic
726,720575941455572973,,,,,,ventral_nerve_cord_bilateral_restricted,IN16B061,,,,,intrinsic,,,16B,IN16B061,id:102064,,,glutamate,glutamate,,,ventral_nerve_cord,left,ventral_nerve_cord_intrinsic
727,720575941455596781,,,,,,ventral_nerve_cord_ipsilateral_interconnecting,IN03A034,,,,,intrinsic,,,03A,IN03A034,id:16753,,,acetylcholine,acetylcholine,,,ventral_nerve_cord,right,ventral_nerve_cord_intrinsic
728,720575941455714541,,,descending_neuron,,,,DNb02,DNb02,id:720575940646753412,,,intrinsic,,,putative_primary,DNb02,id:16858,,,glutamate,glutamate,,,neck_connective,right,descending
729,720575941455733555,,,ascending_neuron,,,,AN07B035,AN_IPS_GNG_3,id:720575940626333971,,,intrinsic,,,07B,AN07B035,id:14355,,,acetylcholine,acetylcholine,,,neck_connective,right,ascending
730,720575941455744496,,,ascending_neuron,,,,ANXXX200,,,,,intrinsic,,,TBD,ANXXX200,id:18887,,,gaba,,,,neck_connective,right,ascending
731,720575941455760877,,front_leg,chordotonal_organ_neuron,proprioception,position,front_leg_claw_chordotonal_organ_neuron,SNpp50,,,,,afferent,,,,SNpp50,id:96728,left_prothoracic_leg_nerve,,gaba,acetylcholine,claw,chordotonal_organ,ventral_nerve_cord,left,sensory
732,720575941455775469,,,single_leg_neuromere,,,ventral_nerve_cord_ipsilateral_restricted,IN08A008,,,,,intrinsic,,,08A,IN08A008,id:12033,,,glutamate,glutamate,,,ventral_nerve_cord,left,ventral_nerve_cord_intrinsic
733,720575941455787245,front_leg,,leg_motor_neuron,leg_motor,move_coxa_anterior,front_leg_motor_neuron,sternal_anterior_rotator,,,,,efferent,,,TBD,Sternal anterior rotator MN,id:26566,left_ventral_prothoracic_nerve,,gaba,,,sternal_anterior_rotator_muscle,ventral_nerve_cord,left,motor
734,720575941455829744,,front_leg,bristle_neuron,tactile,,front_leg_bristle_neuron,SNxxxx,,,,,afferent,,,,SNxxxx,id:42155452632,right_prothoracic_leg_nerve,,gaba,,,bristle,ventral_nerve_cord,right,sensory
735,720575941455929837,,,descending_neuron,,,,DNge089,DNge089,id:720575940620915224,,,intrinsic,,,LB7,DNit003,id:46595,,,acetylcholine,,,,neck_connective,right,descending
736,720575941456024304,,,,,,ventral_nerve_cord_ipsilateral_restricted,IN08A036,,,,,intrinsic,,,08A,IN08A036,id:20896,,,glutamate,glutamate,,,ventral_nerve_cord,left,ventral_nerve_cord_intrinsic
737,720575941456041712,,,,,,ventral_nerve_cord_ipsilateral_restricted,IN03A066,,,,,intrinsic,,,03A,IN03A066,id:13884,,,acetylcholine,acetylcholine,,,ventral_nerve_cord,right,ventral_nerve_cord_intrinsic
738,720575941456180461,,,descending_neuron,,,,DNg63,DNg63,id:720575940604470956,,,intrinsic,,,putative_primary,DNg63,id:153153,,,acetylcholine,,,,neck_connective,right,descending
739,720575941456216991,,,,,,ventral_nerve_cord_contralateral_restricted,IN12B058,,,,,intrinsic,,,12B,IN12B058,id:24238,,,gaba,gaba,,,ventral_nerve_cord,right,ventral_nerve_cord_intrinsic
740,720575941456231327,,,,,,ventral_nerve_cord_ipsilateral_restricted,IN13A059,,,,,intrinsic,,,13A,,,,,gaba,gaba,,,ventral_nerve_cord,right,ventral_nerve_cord_intrinsic
741,720575941456262559,,,single_leg_neuromere,,,ventral_nerve_cord_ipsilateral_restricted,IN20A.22A028,,,,,intrinsic,,,20A.22A,,,,,acetylcholine,acetylcholine,,,ventral_nerve_cord,right,ventral_nerve_cord_intrinsic
742,720575941456504560,,,descending_neuron,,,,DNg03,DNg03,id:720575940628800207,,,intrinsic,,,LB12,DNg03,id:28752,,,gaba,,,,neck_connective,left,descending
743,720575941456506015,,,descending_neuron,,,,DNg23,DNg23,id:720575940615505406,,,intrinsic,,,,DNg23,id:17782,,,gaba,,,,neck_connective,right,descending
744,720575941456625567,,,descending_neuron,,,,DNg90,DNg90,id:720575940610231509,,,intrinsic,,,MX3,DNg90,id:13734,,,gaba,,,,neck_connective,left,descending
745,720575941456653293,,,,,,ventral_nerve_cord_bilateral_restricted,IN03A051,,,,,intrinsic,,,03A,IN03A051,id:17867,,,acetylcholine,acetylcholine,,,ventral_nerve_cord,left,ventral_nerve_cord_intrinsic
746,720575941456660717,,,,,,ventral_nerve_cord_ipsilateral_restricted,IN08A036,,,,,intrinsic,,,08A,IN08A036,id:25571,,,glutamate,glutamate,,,ventral_nerve_cord,right,ventral_nerve_cord_intrinsic
747,720575941456663021,,,,,,ventral_nerve_cord_ipsilateral_interconnecting,IN03A034,,,,,intrinsic,,,03A,IN03A034,id:15874,,,acetylcholine,acetylcholine,,,ventral_nerve_cord,left,ventral_nerve_cord_intrinsic
748,720575941456665581,,,descending_neuron,,,,DNg12_e,DNg12_e,id:720575940627814522,,,intrinsic,,,MX12,DNg12,id:31361,,,acetylcholine,,MX12_L_35,,neck_connective,left,descending
749,720575941456667373,,,,,,ventral_nerve_cord_contralateral_interconnecting,IN01A024,,,,,intrinsic,,,01A,IN01A024,id:12341,,,acetylcholine,acetylcholine,,,ventral_nerve_cord,right,ventral_nerve_cord_intrinsic
750,720575941456669421,,,,,,ventral_nerve_cord_bilateral_interconnecting,IN19B030,,,,,intrinsic,,,19B,IN19B030,id:12616,,,acetylcholine,acetylcholine,,,ventral_nerve_cord,left,ventral_nerve_cord_intrinsic
751,720575941456671213,,,ascending_neuron,,,,AN09B014,AN_GNG_40,id:720575940605154988,,,intrinsic,,,09B,AN09B014,id:12018,,,acetylcholine,,,,neck_connective,left,ascending
752,720575941456678637,,,,,,ventral_nerve_cord_bilateral_restricted,IN07B061,,,,,intrinsic,,,07B,IN07B061,id:22099,,,acetylcholine,,,,ventral_nerve_cord,left,ventral_nerve_cord_intrinsic
753,720575941456678893,,,,,,ventral_nerve_cord_bilateral_interconnecting,IN19A142,,,,,intrinsic,,,19A,IN19A142,id:12262,,,gaba,gaba,,,ventral_nerve_cord,left,ventral_nerve_cord_intrinsic
754,720575941456679149,,,descending_neuron,,,,DNpe020,DNpe020,id:720575940623125628,,,intrinsic,,,putative_primary,,"id:20978,id:26296",,,acetylcholine,,,,neck_connective,midline,descending
755,720575941456849901,,,ascending_neuron,,,,AN19A018_d,AN_GNG_76,id:720575940635632888,,,intrinsic,,,19A,AN19A018,id:10351,,,acetylcholine,,BRK5,,neck_connective,right,ascending
756,720575941456897005,,,descending_neuron,,,,DNa02,DNa02,id:720575940604737708,,,intrinsic,,,WEDd1,DNa02,id:10118,,,acetylcholine,acetylcholine,,,neck_connective,right,descending
757,720575941457112479,,,single_leg_neuromere,,,ventral_nerve_cord_ipsilateral_restricted,IN13A020,,,,,intrinsic,,,13A,,,,,gaba,gaba,,,ventral_nerve_cord,left,ventral_nerve_cord_intrinsic
758,720575941457127494,,,single_leg_neuromere,,,ventral_nerve_cord_ipsilateral_restricted,IN13A042,,,,,intrinsic,,,13A,,,,,gaba,gaba,,,ventral_nerve_cord,left,ventral_nerve_cord_intrinsic
759,720575941457242861,,,,,,ventral_nerve_cord_ipsilateral_restricted,IN20A.22A042,,,,,intrinsic,,,20A.22A,IN20A.22A042,id:22855,,,acetylcholine,acetylcholine,,,ventral_nerve_cord,right,ventral_nerve_cord_intrinsic
760,720575941457292016,,,,,,ventral_nerve_cord_ipsilateral_restricted,IN13A061,,,,,intrinsic,,,13A,IN13A061,id:32956,,,gaba,gaba,,,ventral_nerve_cord,right,ventral_nerve_cord_intrinsic
761,720575941457500141,,,,,,ventral_nerve_cord_ipsilateral_restricted,IN16B094,,,,,intrinsic,,,16B,,,,,glutamate,glutamate,,,ventral_nerve_cord,left,ventral_nerve_cord_intrinsic
762,720575941457519853,,,,,,ventral_nerve_cord_bilateral_interconnecting,IN12B044,,,,,intrinsic,,,12B,IN12B044,id:20554,,,gaba,gaba,,,ventral_nerve_cord,left,ventral_nerve_cord_intrinsic
763,720575941457596909,,front_leg,campaniform_sensillum_neuron,proprioception,mechanical_strain,front_leg_campaniform_sensillum_neuron,SNppxx,,,,,afferent,,,,SNppxx,id:101007,left_prothoracic_leg_nerve,,gaba,,,campaniform_sensillum,ventral_nerve_cord,left,sensory
764,720575941457631472,,,single_leg_neuromere,,,ventral_nerve_cord_contralateral_restricted,IN13B090,,,,,intrinsic,,,13B,IN13B090,id:25021,,,gaba,gaba,,,ventral_nerve_cord,right,ventral_nerve_cord_intrinsic
765,720575941457686000,,,single_leg_neuromere,,,ventral_nerve_cord_ipsilateral_restricted,IN03A054,,,,,intrinsic,,,03A,IN03A054,id:19451,,,acetylcholine,acetylcholine,,,ventral_nerve_cord,right,ventral_nerve_cord_intrinsic
766,720575941457704863,,front_leg,chordotonal_organ_neuron,proprioception,position,front_leg_claw_chordotonal_organ_neuron,SNpp50,,,,,afferent,,,,SNpp50,id:163745,left_prothoracic_leg_nerve,,gaba,acetylcholine,claw,chordotonal_organ,ventral_nerve_cord,left,sensory
767,720575941457707167,,,ventral_nerve_cord_centrifugal,,,ventral_nerve_cord_bilateral_interconnecting,IN06B028,,,,,intrinsic,,,06B,IN06B028,id:227869,,,gaba,,,,ventral_nerve_cord,right,ventral_nerve_cord_intrinsic
768,720575941457802480,,,,,,ventral_nerve_cord_bilateral_interconnecting,IN12B015,,,,,intrinsic,,,12B,IN12B015,id:12773,,,gaba,gaba,,,ventral_nerve_cord,right,ventral_nerve_cord_intrinsic
769,720575941457926047,,,,,,ventral_nerve_cord_bilateral_restricted,IN03A051,,,,,intrinsic,,,03A,IN03A051,id:18841,,,acetylcholine,acetylcholine,,,ventral_nerve_cord,right,ventral_nerve_cord_intrinsic
770,720575941457985951,,,single_leg_neuromere,,,ventral_nerve_cord_ipsilateral_restricted,IN04B097,,,,,intrinsic,,,04B,IN04B097,id:23790,,,acetylcholine,acetylcholine,,,ventral_nerve_cord,left,ventral_nerve_cord_intrinsic
771,720575941458107039,,,,,,ventral_nerve_cord_ipsilateral_restricted,IN20A.22A030,,,,,intrinsic,,,20A.22A,IN20A.22A030,id:154520,,,acetylcholine,acetylcholine,,,ventral_nerve_cord,left,ventral_nerve_cord_intrinsic
772,720575941458140115,,,ascending_neuron,,,,AN07B071,AN_GNG_172,id:720575940627554604,,,intrinsic,,,07B,AN07B071,id:22577,,,acetylcholine,acetylcholine,,,neck_connective,left,ascending
773,720575941458404307,,,single_leg_neuromere,,,ventral_nerve_cord_ipsilateral_restricted,IN20A.22A091,,,,,intrinsic,,,20A.22A,IN20A.22A091,id:34738,,,acetylcholine,acetylcholine,,,ventral_nerve_cord,left,ventral_nerve_cord_intrinsic
774,720575941458447571,,,,,,ventral_nerve_cord_ipsilateral_restricted,IN13A049,,,,,intrinsic,,,13A,IN13A049,id:156928,,,gaba,gaba,,,ventral_nerve_cord,left,ventral_nerve_cord_intrinsic
775,720575941458448083,,,,,,,CV1026,,,,,intrinsic,,,,,,,,glutamate,,,,ventral_nerve_cord,left,ventral_nerve_cord_intrinsic
776,720575941458774598,,,single_leg_neuromere,,,ventral_nerve_cord_ipsilateral_restricted,IN03A062,,,,,intrinsic,,,03A,IN03A062,id:18451,,,acetylcholine,acetylcholine,,,ventral_nerve_cord,right,ventral_nerve_cord_intrinsic
777,720575941458794822,,,single_leg_neuromere,,,ventral_nerve_cord_contralateral_restricted,IN14A014,,,,,intrinsic,,,14A,IN14A014,id:17143,,,glutamate,,,,ventral_nerve_cord,right,ventral_nerve_cord_intrinsic
778,720575941458803184,,,,,,ventral_nerve_cord_bilateral_restricted,IN12B081,,,,,intrinsic,,,12B,IN12B081,id:28630,,,gaba,gaba,,,ventral_nerve_cord,right,ventral_nerve_cord_intrinsic
779,720575941458805318,,,single_leg_neuromere,,,ventral_nerve_cord_contralateral_restricted,IN12B062,,,,,intrinsic,,,12B,IN12B062,id:22656,,,gaba,gaba,,,ventral_nerve_cord,left,ventral_nerve_cord_intrinsic
780,720575941458838000,,,,,,ventral_nerve_cord_bilateral_interconnecting,INXXX023,,,,,intrinsic,,,TBD,INXXX023,id:10504,,,acetylcholine,,,,ventral_nerve_cord,right,ventral_nerve_cord_intrinsic
781,720575941458900164,,,,,,ventral_nerve_cord_ipsilateral_restricted,IN13A061,,,,,intrinsic,,,13A,,,,,gaba,gaba,,,ventral_nerve_cord,right,ventral_nerve_cord_intrinsic
782,720575941458908230,,,single_leg_neuromere,,,ventral_nerve_cord_ipsilateral_restricted,IN21A016,,,,,intrinsic,,,21A,IN21A016,id:14975,,,glutamate,,,,ventral_nerve_cord,right,ventral_nerve_cord_intrinsic
783,720575941458941892,,,ventral_nerve_cord_centripetal,,,ventral_nerve_cord_ipsilateral_interconnecting,IN19A093,,,,,intrinsic,,,19A,IN19A093,id:19550,,,gaba,gaba,,,ventral_nerve_cord,right,ventral_nerve_cord_intrinsic
784,720575941458953375,,,ventral_nerve_cord_serially_convergent,,,ventral_nerve_cord_bilateral_interconnecting,INXXX161,,,,,intrinsic,,,TBD,INXXX161,id:13345,,,acetylcholine,,,,ventral_nerve_cord,left,ventral_nerve_cord_intrinsic
785,720575941458953412,,,,,,ventral_nerve_cord_ipsilateral_restricted,IN13A047,,,,,intrinsic,,,13A,IN13A047,id:17856,,,gaba,gaba,,,ventral_nerve_cord,left,ventral_nerve_cord_intrinsic
786,720575941458961860,,,single_leg_neuromere,,,ventral_nerve_cord_ipsilateral_restricted,IN03A087,,,,,intrinsic,,,03A,,,,,acetylcholine,acetylcholine,,,ventral_nerve_cord,left,ventral_nerve_cord_intrinsic
787,720575941458979524,,,,,,ventral_nerve_cord_ipsilateral_restricted,IN03A069,,,,,intrinsic,,,03A,IN03A069,id:17613,,,acetylcholine,acetylcholine,,,ventral_nerve_cord,right,ventral_nerve_cord_intrinsic
788,720575941459023088,,,descending_neuron,,,,DNpe025,DNpe025,id:720575940611622826,,,intrinsic,,,putative_primary,DNxl121,id:11568,,,acetylcholine,,,,neck_connective,left,descending
789,720575941459028639,,,single_leg_neuromere,,,ventral_nerve_cord_bilateral_restricted,IN01A038,,,,,intrinsic,,,01A,IN01A038,id:15542,,,acetylcholine,acetylcholine,,,ventral_nerve_cord,right,ventral_nerve_cord_intrinsic
790,720575941459054495,,front_leg,hair_plate_neuron,proprioception,joint_angle,front_leg_hair_plate_neuron,SNpp52,,,,,afferent,,,,SNpp52,id:17486,left_prothoracic_leg_nerve,,gaba,,,hair_plate,ventral_nerve_cord,left,sensory
791,720575941459090079,,,,,,ventral_nerve_cord_bilateral_interconnecting,IN06B032,,,,,intrinsic,,,06B,IN06B032,id:12722,,,gaba,gaba,,,ventral_nerve_cord,right,ventral_nerve_cord_intrinsic
792,720575941459097503,,,descending_neuron,,,,DNp01,DNp01,id:720575940632499757,,,intrinsic,,,putative_primary,DNp01,id:10000,,,acetylcholine,,"GF,giant fiber",,neck_connective,right,descending
793,720575941459103391,,,descending_neuron,,,,DNg79,DNg79,id:720575940627210568,,,intrinsic,,,MD3,DNg79,id:15578,,,acetylcholine,,,,neck_connective,left,descending
794,720575941459151556,,,,,,ventral_nerve_cord_ipsilateral_restricted,IN13A037,,,,,intrinsic,,,13A,,,,,gaba,gaba,,,ventral_nerve_cord,left,ventral_nerve_cord_intrinsic
795,720575941459216287,,,descending_neuron,,,,DNge096,DNge096,id:720575940632412333,,,intrinsic,,,MD3,DNfl027,id:26318,,,gaba,,,,neck_connective,right,descending
796,720575941459313478,,,,,,ventral_nerve_cord_ipsilateral_restricted,IN04B031,,,,,intrinsic,,,04B,IN04B031,id:101895,,,acetylcholine,acetylcholine,,,ventral_nerve_cord,right,ventral_nerve_cord_intrinsic
797,720575941459415878,,,descending_neuron,,,,DNp36,DNp36,id:720575940624407944,,,intrinsic,,,DM6_central1,pIP9,id:166304,,,glutamate,,,,neck_connective,left,descending
798,720575941459550864,,,,,,ventral_nerve_cord_ipsilateral_restricted,IN20A.22A024,,,,,intrinsic,,,20A.22A,IN20A.22A024,id:25354,,,acetylcholine,acetylcholine,,,ventral_nerve_cord,left,ventral_nerve_cord_intrinsic
799,720575941459572464,,,single_leg_neuromere,,,ventral_nerve_cord_ipsilateral_restricted,IN21A047,,,,,intrinsic,,,21A,IN21A047,id:21576,,,glutamate,,,,ventral_nerve_cord,left,ventral_nerve_cord_intrinsic
800,720575941459588934,,front_leg,bristle_neuron,tactile,,front_leg_bristle_neuron,SNta34,,,,,afferent,,,,SNta34,id:51045,right_prothoracic_leg_nerve,,gaba,,,bristle,ventral_nerve_cord,right,sensory
801,720575941459627152,,prosternal_organ,hair_plate_neuron,proprioception,joint_angle,prosternal_hair_plate_neuron,SNpp19,,,,,afferent,,,,SNpp19,id:22777,right_prosternal_nerve,,acetylcholine,,,hair_plate,ventral_nerve_cord,right,sensory
802,720575941459752176,,,descending_neuron,,,,DNge043,DNge043,id:720575940622147873,,,intrinsic,,,putative_primary,DNg37,id:12843,,,gaba,,,,neck_connective,left,descending
803,720575941459823519,,,descending_neuron,,,,DNge104,DNge104,id:720575940640723315,,,intrinsic,,,MX3,DNxl132,id:10868,,,gaba,,,,neck_connective,right,descending
804,720575941459870278,,,ascending_neuron,,,,AN06B023,AN_IPS_GNG_1,id:720575940626894394,,,intrinsic,,,06B,AN06B023,id:12910,,,gaba,gaba,,,neck_connective,right,ascending
805,720575941459925318,,,,,,ventral_nerve_cord_bilateral_interconnecting,IN08B058,,,,,intrinsic,,,08B,IN08B058,id:16549,,,acetylcholine,acetylcholine,,,ventral_nerve_cord,left,ventral_nerve_cord_intrinsic
806,720575941460006128,,,descending_neuron,,,,oviDNb,oviDNb,id:720575940641518733,,,intrinsic,oviDNb,id:642763374,SMPpv1,,,,,gaba,acetylcholine,,,neck_connective,left,descending
807,720575941460106963,,,,,,ventral_nerve_cord_ipsilateral_restricted,IN03A046,,,,,intrinsic,,,03A,IN03A046,id:19437,,,acetylcholine,acetylcholine,,,ventral_nerve_cord,right,ventral_nerve_cord_intrinsic
808,720575941460125248,,prosternal_organ,hair_plate_neuron,proprioception,joint_angle,prosternal_hair_plate_neuron,SNpp19,,,,,afferent,,,,SNpp19,id:16823,left_prosternal_nerve,,acetylcholine,,,hair_plate,ventral_nerve_cord,left,sensory
809,720575941460258515,,,ascending_neuron,,,,AN05B049,,,,,intrinsic,,,05B,AN05B049,id:15423,,,gaba,gaba,,,neck_connective,right,ascending
810,720575941460565568,,prosternal_organ,hair_plate_neuron,proprioception,joint_angle,prosternal_hair_plate_neuron,SNpp19,,,,,afferent,,,,SNpp19,id:16823,left_prosternal_nerve,,acetylcholine,,,hair_plate,ventral_nerve_cord,left,sensory
811,720575941460703245,front_leg,,leg_motor_neuron,leg_motor,unknown_leg_movement,front_leg_motor_neuron,femur_reductor,,,,,efferent,,,TBD,Fe reductor MN,id:156857,left_prothoracic_leg_nerve,,gaba,glutamate,,femur_reductor_muscle,ventral_nerve_cord,left,motor
812,720575941460757715,,,descending_neuron,,,,DNpe011,DNpe011,id:720575940622437671,,,intrinsic,,,PSp2,DNxn112,id:32461,,,acetylcholine,,,,neck_connective,right,descending
813,720575941460890893,,,,,,ventral_nerve_cord_bilateral_interconnecting,IN01A078,,,,,intrinsic,,,01A,IN01A078,id:155169,,,acetylcholine,acetylcholine,,,ventral_nerve_cord,left,ventral_nerve_cord_intrinsic
814,720575941460902157,,,descending_neuron,,,,DNg07,DNg07,id:720575940625426469,,,intrinsic,,,LB7,DNg07,id:44001,,,acetylcholine,,,,neck_connective,right,descending
815,720575941460902413,,,,,,ventral_nerve_cord_ipsilateral_restricted,IN16B122,,,,,intrinsic,,,16B,IN16B122,id:155804,,,glutamate,glutamate,,,ventral_nerve_cord,left,ventral_nerve_cord_intrinsic
816,720575941460957651,,front_leg,chordotonal_organ_neuron,proprioception,direction,front_leg_hook_chordotonal_organ_neuron,SNpp41,,,,,afferent,,,,SNpp41,id:100046,left_prothoracic_leg_nerve,,gaba,acetylcholine,hook,chordotonal_organ,ventral_nerve_cord,left,sensory
817,720575941461071117,,,,,,ventral_nerve_cord_contralateral_restricted,IN01A063,,,,,intrinsic,,,01A,IN01A063,id:19073,,,acetylcholine,acetylcholine,,,ventral_nerve_cord,right,ventral_nerve_cord_intrinsic
818,720575941461086989,,,,,,ventral_nerve_cord_ipsilateral_restricted,IN20A.22A030,,,,,intrinsic,,,20A.22A,IN20A.22A030,id:154520,,,acetylcholine,acetylcholine,,,ventral_nerve_cord,left,ventral_nerve_cord_intrinsic
819,720575941461108749,,,,,,ventral_nerve_cord_bilateral_interconnecting,IN12B044,,,,,intrinsic,,,12B,IN12B044,id:20554,,,gaba,gaba,,,ventral_nerve_cord,left,ventral_nerve_cord_intrinsic
820,720575941461212883,,,,,,ventral_nerve_cord_bilateral_restricted,IN01A052,,,,,intrinsic,,,01A,IN01A052,id:18337,,,acetylcholine,acetylcholine,,,ventral_nerve_cord,right,ventral_nerve_cord_intrinsic
821,720575941461223312,,,single_leg_neuromere,,,ventral_nerve_cord_ipsilateral_restricted,IN19A073,,,,,intrinsic,,,19A,IN19A073,id:158691,,,gaba,gaba,,,ventral_nerve_cord,right,ventral_nerve_cord_intrinsic
822,720575941461234131,,,ascending_neuron,,,,AN08B022,AN_multi_45,id:720575940636703374,,,intrinsic,,,08B,AN08B022,id:12416,,,acetylcholine,acetylcholine,,,neck_connective,right,ascending
823,720575941461237459,,,,,,ventral_nerve_cord_bilateral_interconnecting,IN03A018,,,,,intrinsic,,,03A,IN03A018,id:14475,,,acetylcholine,acetylcholine,,,ventral_nerve_cord,right,ventral_nerve_cord_intrinsic
824,720575941461249747,,,single_leg_neuromere,,,ventral_nerve_cord_ipsilateral_restricted,IN19A007,,,,,intrinsic,,,19A,IN19A007,id:10427,,,gaba,gaba,,,ventral_nerve_cord,right,ventral_nerve_cord_intrinsic
825,720575941461251027,,,,,,ventral_nerve_cord_ipsilateral_interconnecting,IN19A006,,,,,intrinsic,,,19A,IN19A006,id:10376,,,acetylcholine,,,,ventral_nerve_cord,right,ventral_nerve_cord_intrinsic
826,720575941461320644,,,descending_neuron,,,,DNpe054,DNpe054,id:720575940642411917,,,intrinsic,,,PSp2,DNut042,id:32916,,,acetylcholine,,,,neck_connective,left,descending
827,720575941461333648,front_leg,,leg_motor_neuron,leg_motor,extend_coxa_trochanter_joint,front_leg_motor_neuron,tergotrochanter_extensor,,,,,efferent,,,17X,Tergotr. MN,id:155633,left_ventral_prothoracic_nerve,,gaba,,,tergotrochanter_extensor_muscle,ventral_nerve_cord,left,motor
828,720575941461347027,,,descending_neuron,,,,DNg68,DNg68,id:720575940630808827,,,intrinsic,,,MX12__prim,DNg68,id:13553,,,gaba,,,,neck_connective,right,descending
829,720575941461352659,,,descending_neuron,,,,DNge094,DNge094,id:720575940632934751,,,intrinsic,,,LB7,DNxn144,id:44145,,,acetylcholine,,,,neck_connective,right,descending
830,720575941461359248,,,,,,ventral_nerve_cord_ipsilateral_restricted,IN03A085,,,,,intrinsic,,,03A,IN03A085,id:21483,,,acetylcholine,acetylcholine,,,ventral_nerve_cord,left,ventral_nerve_cord_intrinsic
831,720575941461379472,,front_leg,bristle_neuron,tactile,,front_leg_bristle_neuron,SNta34,,,,,afferent,,,,SNta34,id:51045,right_prothoracic_leg_nerve,,acetylcholine,,,bristle,ventral_nerve_cord,right,sensory
832,720575941461407955,,,descending_neuron,,,,DNge119,DNge119,id:720575940619191966,,,intrinsic,,,putative_primary,DNxn157,id:17798,,,glutamate,,,,neck_connective,right,descending
833,720575941461684932,,,,,,ventral_nerve_cord_bilateral_interconnecting,IN12B044,,,,,intrinsic,,,12B,IN12B044,id:20147,,,gaba,gaba,,,ventral_nerve_cord,left,ventral_nerve_cord_intrinsic
834,720575941461698500,,,,,,ventral_nerve_cord_ipsilateral_restricted,IN03A069,,,,,intrinsic,,,03A,IN03A069,id:19249,,,acetylcholine,acetylcholine,,,ventral_nerve_cord,left,ventral_nerve_cord_intrinsic
835,720575941461875908,,,descending_neuron,,,,DNpe045,DNpe045,id:720575940637341668,,,intrinsic,,,SMPpv2_dorsal,DNxn161,id:12746,,,acetylcholine,,,,neck_connective,left,descending
836,720575941461950163,,front_leg,hair_plate_neuron,proprioception,joint_angle,front_leg_hair_plate_neuron,SNppxx,,,,,afferent,,,,SNppxx,id:101927,right_prothoracic_leg_nerve,,acetylcholine,,,hair_plate,ventral_nerve_cord,right,sensory
837,720575941461957587,,,single_leg_neuromere,,,ventral_nerve_cord_ipsilateral_restricted,IN04B100,,,,,intrinsic,,,04B,IN04B100,id:23506,,,acetylcholine,acetylcholine,,,ventral_nerve_cord,right,ventral_nerve_cord_intrinsic
838,720575941461958340,,,ascending_neuron,,,,AN19B025,AN_GNG_4,id:720575940628746690,,,intrinsic,,,19B,AN19B025,id:12402,,,acetylcholine,acetylcholine,,,neck_connective,left,ascending
839,720575941462065875,,,single_leg_neuromere,,,ventral_nerve_cord_ipsilateral_restricted,IN21A007,,,,,intrinsic,,,21A,IN21A007,id:11425,,,glutamate,,,,ventral_nerve_cord,,ventral_nerve_cord_intrinsic
840,720575941462204627,,front_leg,campaniform_sensillum_neuron,proprioception,mechanical_strain,front_leg_campaniform_sensillum_neuron,SNppxx,,,,,afferent,,,,SNppxx,id:193196,right_prothoracic_leg_nerve,,gaba,,,campaniform_sensillum,ventral_nerve_cord,right,sensory
841,720575941462261188,,,descending_neuron,,,,DNg35,DNg35,id:720575940618574749,,,intrinsic,,,putative_primary,DNg35,id:10465,,,acetylcholine,,,,neck_connective,left,descending
842,720575941462378692,,,descending_neuron,,,,DNpe044,DNpe044,id:720575940622040419,,,intrinsic,,,SMPpv1,oviDN,id:15424,,,acetylcholine,,oviDNd,,neck_connective,left,descending
843,720575941462409939,,front_leg,chordotonal_organ_neuron,proprioception,direction,front_leg_hook_chordotonal_organ_neuron,SNpp39,,,,,afferent,,,,SNpp39,id:178795,right_prothoracic_leg_nerve,,gaba,acetylcholine,hook,chordotonal_organ,ventral_nerve_cord,right,sensory
844,720575941462490256,,,single_leg_neuromere,,,ventral_nerve_cord_ipsilateral_restricted,IN03A040,,,,,intrinsic,,,03A,IN03A040,id:15724,,,acetylcholine,acetylcholine,,,ventral_nerve_cord,left,ventral_nerve_cord_intrinsic
845,720575941462497680,,,single_leg_neuromere,,,ventral_nerve_cord_bilateral_restricted,IN16B020,,,,,intrinsic,,,16B,IN16B020,id:11158,,,glutamate,glutamate,,,ventral_nerve_cord,right,ventral_nerve_cord_intrinsic
846,720575941462512851,,,descending_neuron,,,,DNg02_d,DNg02_d,id:720575940641305229,,,intrinsic,,,LB12,DNg02,id:20843,,,acetylcholine,acetylcholine,,,neck_connective,left,descending
847,720575941462621636,,,ascending_neuron,,,,AN01B002,AN_GNG_29,id:720575940617953241,,,intrinsic,,,01B,AN01B002,"id:11478,id:18932",,,gaba,gaba,,,neck_connective,left,ascending
848,720575941462716429,,,,,,ventral_nerve_cord_ipsilateral_restricted,IN13A058,,,,,intrinsic,,,13A,IN13A058,id:21372,,,gaba,gaba,,,ventral_nerve_cord,left,ventral_nerve_cord_intrinsic
849,720575941463078800,,,descending_neuron,,,,DNg18_b,DNg18_b,id:720575940622352764,,,intrinsic,,,,,,,,gaba,,,,central_brain,left,descending
850,720575941463174544,,"front_leg,trochanter",hair_plate_neuron,proprioception,joint_angle,front_leg_hair_plate_neuron,SNppxx,,,,,afferent,,,,SNppxx,id:68749,right_prothoracic_leg_nerve,,gaba,,,hair_plate,ventral_nerve_cord,right,sensory
851,720575941463343117,,front_leg,chordotonal_organ_neuron,proprioception,,front_leg_claw_chordotonal_organ_neuron,SNxxxx,,,,,afferent,,,,SNxxxx,id:143459,right_prothoracic_leg_nerve,,gaba,,,chordotonal_organ,ventral_nerve_cord,right,sensory
852,720575941463544077,,,,,,,,,,,,,,,,,,,,acetylcholine,,,,ventral_nerve_cord,,
853,720575941463843597,,,descending_neuron,,,,DNp45,DNp45,id:720575940624426680,,,intrinsic,,,putative_primary,DNp45,id:16842,,,acetylcholine,,,,neck_connective,left,descending
854,720575941464112470,,,single_leg_neuromere,,,ventral_nerve_cord_ipsilateral_restricted,IN16B045,,,,,intrinsic,,,16B,IN16B045,id:15034,,,glutamate,glutamate,,,ventral_nerve_cord,right,ventral_nerve_cord_intrinsic
855,720575941464142422,,,single_leg_neuromere,,,ventral_nerve_cord_bilateral_restricted,IN13B009,,,,,intrinsic,,,13B,IN13B009,id:11656,,,gaba,gaba,,,ventral_nerve_cord,right,ventral_nerve_cord_intrinsic
856,720575941464150870,,,,,,ventral_nerve_cord_contralateral_restricted,IN12B078,,,,,intrinsic,,,12B,IN12B078,id:36180,,,gaba,gaba,,,ventral_nerve_cord,right,ventral_nerve_cord_intrinsic
857,720575941464186454,,front_leg,bristle_neuron,tactile,,front_leg_bristle_neuron,SNta41,,,,,afferent,,,,SNta41,id:46878,left_prothoracic_leg_nerve,,acetylcholine,,,bristle,ventral_nerve_cord,left,sensory
858,720575941464187734,,,,,,ventral_nerve_cord_ipsilateral_restricted,IN13A037,,,,,intrinsic,,,13A,,,,,gaba,gaba,,,ventral_nerve_cord,left,ventral_nerve_cord_intrinsic
859,720575941464194902,front_leg,,leg_motor_neuron,leg_motor,flex_femur_tibia_joint,front_leg_motor_neuron,accessory_tibia_flexor_B,,,,,efferent,,,,,,left_prothoracic_leg_nerve,,,,,accessory_tibia_flexor_muscle,ventral_nerve_cord,left,motor
860,720575941464252246,,,,proprioception,,ventral_nerve_cord_bilateral_restricted,IN19A098,,,,,intrinsic,,,19A,IN19A098,id:28800,,,gaba,gaba,,,ventral_nerve_cord,right,ventral_nerve_cord_intrinsic
861,720575941464268118,,,single_leg_neuromere,,,ventral_nerve_cord_ipsilateral_restricted,IN20A.22A055,,,,,intrinsic,,,20A.22A,IN20A.22A055,id:25425,,,acetylcholine,acetylcholine,,,ventral_nerve_cord,right,ventral_nerve_cord_intrinsic
862,720575941464272982,,,,,,ventral_nerve_cord_ipsilateral_restricted,IN03A069,,,,,intrinsic,,,03A,IN03A069,id:25939,,,acetylcholine,acetylcholine,,,ventral_nerve_cord,right,ventral_nerve_cord_intrinsic
863,720575941464481549,,,,,,ventral_nerve_cord_ipsilateral_interconnecting,IN21A103,,,,,intrinsic,,,21A,,,,,glutamate,,,,ventral_nerve_cord,left,ventral_nerve_cord_intrinsic
864,720575941464698646,,,,,,ventral_nerve_cord_ipsilateral_restricted,IN13A050,,,,,intrinsic,,,13A,IN13A050,id:31876,,,gaba,gaba,,,ventral_nerve_cord,right,ventral_nerve_cord_intrinsic
865,720575941464753430,,,ascending_neuron,,,,AN07B013,AN_GNG_158,id:720575940620015787,,,intrinsic,,,07B,AN07B013,id:11068,,,glutamate,,,,neck_connective,right,ascending
866,720575941464768790,,,,,,ventral_nerve_cord_bilateral_interconnecting,IN06A004,,,,,intrinsic,,,06A,,,,,glutamate,,,,ventral_nerve_cord,right,ventral_nerve_cord_intrinsic
867,720575941464769046,,,single_leg_neuromere,,,ventral_nerve_cord_ipsilateral_restricted,IN13A015,,,,,intrinsic,,,13A,,,,,gaba,gaba,,,ventral_nerve_cord,left,ventral_nerve_cord_intrinsic
868,720575941464897302,,,,,,ventral_nerve_cord_bilateral_interconnecting,IN01A081,,,,,intrinsic,,,01A,IN01A081,id:37164,,,acetylcholine,acetylcholine,,,ventral_nerve_cord,right,ventral_nerve_cord_intrinsic
869,720575941464921110,,,,,,ventral_nerve_cord_ipsilateral_restricted,IN08A036,,,,,intrinsic,,,08A,IN08A036,id:25827,,,glutamate,glutamate,,,ventral_nerve_cord,left,ventral_nerve_cord_intrinsic
870,720575941464925462,front_leg,,leg_motor_neuron,leg_motor,pull_long_tendon,front_leg_motor_neuron,long_tendon_muscle_B,,,,,efferent,,,,,,left_prothoracic_leg_nerve,,gaba,,,long_tendon_muscle,ventral_nerve_cord,left,motor
871,720575941465080342,,,,,,ventral_nerve_cord_ipsilateral_restricted,IN13A051,,,,,intrinsic,,,13A,IN13A051,id:56299,,,gaba,gaba,,,ventral_nerve_cord,right,ventral_nerve_cord_intrinsic
872,720575941465476886,,,,,,ventral_nerve_cord_ipsilateral_restricted,IN20A.22A018,,,,,intrinsic,,,20A.22A,IN20A.22A018,id:19689,,,acetylcholine,acetylcholine,,,ventral_nerve_cord,left,ventral_nerve_cord_intrinsic
873,720575941465737814,,,descending_neuron,,,,DNg12_a,DNg12_a,id:720575940625872688,,,intrinsic,,,,DNfl044,id:29261,,,acetylcholine,,MX12_L_13,,neck_connective,left,descending
874,720575941465763414,,,single_leg_neuromere,,,ventral_nerve_cord_contralateral_restricted,IN13B045,,,,,intrinsic,,,13B,IN13B045,id:32794,,,gaba,gaba,,,ventral_nerve_cord,left,ventral_nerve_cord_intrinsic
875,720575941466022422,,,ascending_neuron,,,,AN18B019,AN_GNG_WED_3,id:720575940631505711,,,intrinsic,,,18B,AN18B019,id:12171,,,acetylcholine,acetylcholine,,,neck_connective,left,ascending
876,720575941466160982,,,,proprioception,,ventral_nerve_cord_contralateral_restricted,IN14A092,,,,,intrinsic,,,14A,IN14A092,id:17237,,,glutamate,,,,ventral_nerve_cord,left,ventral_nerve_cord_intrinsic
877,720575941466194454,,,descending_neuron,,,,DNp04,DNp04,id:720575940604954289,,,intrinsic,,,SMPpv2_ventral,DNp04,id:12482,,,acetylcholine,acetylcholine,,,neck_connective,left,descending
878,720575941466408982,,,,,,ventral_nerve_cord_bilateral_restricted,IN04B019,,,,,intrinsic,,,04B,IN04B019,id:16179,,,acetylcholine,acetylcholine,,,ventral_nerve_cord,right,ventral_nerve_cord_intrinsic
879,720575941466447126,,,,,,ventral_nerve_cord_ipsilateral_restricted,IN04B102,,,,,intrinsic,,,04B,IN04B102,id:22997,,,acetylcholine,acetylcholine,,,ventral_nerve_cord,left,ventral_nerve_cord_intrinsic
880,720575941466447894,,,,,,ventral_nerve_cord_ipsilateral_restricted,IN20A.22A015,,,,,intrinsic,,,20A.22A,IN20A.22A015,id:22726,,,acetylcholine,acetylcholine,,,ventral_nerve_cord,right,ventral_nerve_cord_intrinsic
881,720575941466498838,,,single_leg_neuromere,,,ventral_nerve_cord_ipsilateral_interconnecting,IN09A013,,,,,intrinsic,,,09A,IN09A013,id:155068,,,gaba,gaba,,,ventral_nerve_cord,left,ventral_nerve_cord_intrinsic
882,720575941466509590,,,ventral_nerve_cord_dorsal,,,ventral_nerve_cord_bilateral_interconnecting,IN11A021,,,,,intrinsic,,,11A,IN11A021,id:164377,,,acetylcholine,acetylcholine,,,ventral_nerve_cord,left,ventral_nerve_cord_intrinsic
883,720575941466545174,,,,,,ventral_nerve_cord_bilateral_interconnecting,IN11A008,,,,,intrinsic,,,11A,IN11A008,id:16345,,,acetylcholine,acetylcholine,,,ventral_nerve_cord,left,ventral_nerve_cord_intrinsic
884,720575941466546710,,front_leg,bristle_neuron,tactile,,front_leg_bristle_neuron,SNta29,,,,,afferent,,,,SNta29,id:103369,left_prothoracic_leg_nerve,,acetylcholine,,,bristle,ventral_nerve_cord,left,sensory
885,720575941466639126,,front_leg,bristle_neuron,tactile,,front_leg_bristle_neuron,SNta31,,,,,afferent,,,,SNta31,id:149692,right_prothoracic_leg_nerve,,gaba,,,bristle,ventral_nerve_cord,right,sensory
886,720575941466736214,,,single_leg_neuromere,,,ventral_nerve_cord_ipsilateral_restricted,IN19A008,,,,,intrinsic,,,19A,IN19A008,id:11316,,,gaba,gaba,,,ventral_nerve_cord,right,ventral_nerve_cord_intrinsic
887,720575941466737494,,,single_leg_neuromere,,,ventral_nerve_cord_ipsilateral_restricted,IN21A078,,,,,intrinsic,,,21A,IN21A078,id:28316,,,glutamate,,,,ventral_nerve_cord,left,ventral_nerve_cord_intrinsic
888,720575941466965725,,,descending_neuron,,,,DNge024,DNge024,id:720575940611807795,,,intrinsic,,,,DNg12,id:31361,,,acetylcholine,,MX12_L_25,,neck_connective,left,descending
889,720575941467350237,,,descending_neuron,,,,DNg79,DNg79,id:720575940627538434,,,intrinsic,PS138,id:1499441777,MD3,DNg79,id:15934,,,acetylcholine,,,,neck_connective,right,descending
890,720575941467453462,,,descending_neuron,,,,DNge065,DNge065,id:720575940633293025,,,intrinsic,,,putative_primary,DNfl038,id:17522,,,gaba,,,,neck_connective,left,descending
891,720575941467559702,,,descending_neuron,,,,DNg06,DNg06,id:720575940633041503,,,intrinsic,,,LB12,DNg06,id:29021,,,acetylcholine,,,,neck_connective,right,descending
892,720575941467562518,,,single_leg_neuromere,,,ventral_nerve_cord_ipsilateral_restricted,IN03A073,,,,,intrinsic,,,03A,IN03A073,id:18834,,,acetylcholine,acetylcholine,,,ventral_nerve_cord,right,ventral_nerve_cord_intrinsic
893,720575941467587606,,,descending_neuron,,,,DNpe032,DNpe032,id:720575940617552569,,,intrinsic,,,putative_primary,DNxn175,id:13411,,,acetylcholine,,,,neck_connective,left,descending
894,720575941467636246,,,ascending_neuron,,,,AN19B051,,,,,intrinsic,,,19B,AN19B051,id:17602,,,acetylcholine,acetylcholine,,,neck_connective,right,ascending
895,720575941467856726,,,descending_neuron,,,,DNa14,DNa14,id:720575940637608560,,,intrinsic,,,WEDd1,DNa14,id:15708,,,acetylcholine,,,,neck_connective,right,descending
896,720575941468215517,,,ascending_neuron,,,,AN19B009,AN_4_None,id:720575940621481450,,,intrinsic,,,19B,AN19B009,id:10568,,,acetylcholine,acetylcholine,,,neck_connective,right,ascending
897,720575941468277879,,,single_leg_neuromere,,,ventral_nerve_cord_ipsilateral_restricted,IN03A088,,,,,intrinsic,,,03A,IN03A088,id:23985,,,acetylcholine,acetylcholine,,,ventral_nerve_cord,left,ventral_nerve_cord_intrinsic
898,720575941468325239,,,,,,ventral_nerve_cord_ipsilateral_restricted,IN16B077,,,,,intrinsic,,,16B,IN16B077,id:153806,,,glutamate,glutamate,,,ventral_nerve_cord,left,ventral_nerve_cord_intrinsic
899,720575941468345975,,,sequential_leg_neuromeres,,,ventral_nerve_cord_ipsilateral_interconnecting,IN19A014,,,,,intrinsic,,,19A,,,,,acetylcholine,,,,ventral_nerve_cord,left,ventral_nerve_cord_intrinsic
900,720575941468355447,,,,,,ventral_nerve_cord_bilateral_restricted,IN16B070,,,,,intrinsic,,,16B,IN16B070,id:20878,,,glutamate,glutamate,,,ventral_nerve_cord,right,ventral_nerve_cord_intrinsic
901,720575941468357239,,,single_leg_neuromere,,,ventral_nerve_cord_ipsilateral_restricted,IN21A078,,,,,intrinsic,,,21A,,,,,glutamate,,,,ventral_nerve_cord,right,ventral_nerve_cord_intrinsic
902,720575941468555639,,,single_leg_neuromere,tactile,,ventral_nerve_cord_ipsilateral_restricted,IN17A079,,,,,intrinsic,,,17A,,,,,acetylcholine,acetylcholine,,,ventral_nerve_cord,left,ventral_nerve_cord_intrinsic
903,720575941468592395,,,,,,ventral_nerve_cord_ipsilateral_restricted,IN09A096,,,,,intrinsic,,,09A,IN09A096,id:36252,,,gaba,gaba,,,ventral_nerve_cord,right,ventral_nerve_cord_intrinsic
904,720575941468610059,,,,,,ventral_nerve_cord_ipsilateral_restricted,IN08A030,,,,,intrinsic,,,08A,IN08A030,id:19298,,,glutamate,glutamate,,,ventral_nerve_cord,right,ventral_nerve_cord_intrinsic
905,720575941468647133,,middle_leg,campaniform_sensillum_neuron,proprioception,mechanical_strain,middle_leg_bilateral_campaniform_sensillum_neuron,SNpp53,,,,,afferent,,,,SNpp53,id:11753,left_mesothoracic_leg_nerve,,acetylcholine,,"bCS,bilaterally projecting campaniform sensillum neuron",campaniform_sensillum,ventral_nerve_cord,left,sensory
906,720575941468683485,,,,proprioception,,ventral_nerve_cord_contralateral_restricted,IN14A026,,,,,intrinsic,,,14A,IN14A026,id:20393,,,glutamate,,,,ventral_nerve_cord,right,ventral_nerve_cord_intrinsic
907,720575941468697355,,,single_leg_neuromere,,,ventral_nerve_cord_ipsilateral_restricted,IN16B030,,,,,intrinsic,,,16B,IN16B030,id:12238,,,glutamate,glutamate,,,ventral_nerve_cord,right,ventral_nerve_cord_intrinsic
908,720575941468711389,,,,,,ventral_nerve_cord_bilateral_restricted,IN23B043,,,,,intrinsic,,,23B,IN23B043,id:16733,,,acetylcholine,acetylcholine,,,ventral_nerve_cord,left,ventral_nerve_cord_intrinsic
909,720575941468717323,,,,,,ventral_nerve_cord_bilateral_interconnecting,IN06B012,,,,,intrinsic,,,06B,IN06B012,id:10605,,,gaba,gaba,,,ventral_nerve_cord,left,ventral_nerve_cord_intrinsic
910,720575941468769803,,,,,,ventral_nerve_cord_bilateral_restricted,IN19A121,,,,,intrinsic,,,19A,,,,,gaba,gaba,,,ventral_nerve_cord,right,ventral_nerve_cord_intrinsic
911,720575941468776157,,,ventral_nerve_cord_serially_convergent,,,ventral_nerve_cord_ipsilateral_interconnecting,INXXX126,,,,,intrinsic,,,TBD,INXXX126,id:13754,,,acetylcholine,,,,ventral_nerve_cord,left,ventral_nerve_cord_intrinsic
912,720575941468787520,,,descending_neuron,,,,DNge061,DNge061,id:720575940618548244,,,intrinsic,,,,DNfl037,id:18784,,,acetylcholine,,,,neck_connective,right,descending
913,720575941468862583,,,descending_neuron,,,,DNge091,DNge091,id:720575940611610670,,,intrinsic,,,LB7,DNxn117,id:23811,,,acetylcholine,,,,neck_connective,left,descending
914,720575941468905995,,,,,,ventral_nerve_cord_ipsilateral_restricted,IN09A071,,,,,intrinsic,,,09A,IN09A071,id:22339,,,gaba,gaba,,,ventral_nerve_cord,left,ventral_nerve_cord_intrinsic
915,720575941468914496,,,,,,ventral_nerve_cord_ipsilateral_restricted,IN03A084,,,,,intrinsic,,,03A,IN03A084,id:24202,,,acetylcholine,acetylcholine,,,ventral_nerve_cord,right,ventral_nerve_cord_intrinsic
916,720575941468972310,,front_leg,bristle_neuron,tactile,,front_leg_bristle_neuron,SNta35,,,,,afferent,,,,SNta35,id:100336,left_prothoracic_leg_nerve,,acetylcholine,,,bristle,ventral_nerve_cord,left,sensory
917,720575941468972566,,front_leg,campaniform_sensillum_neuron,proprioception,mechanical_strain,front_leg_campaniform_sensillum_neuron,SNxx30,,,,,afferent,,,,SNxx30,id:29388,left_prothoracic_leg_nerve,,gaba,,,campaniform_sensillum,ventral_nerve_cord,left,sensory
918,720575941468982795,,,descending_neuron,,,,DNg106,DNg106,id:720575940629438508,,,intrinsic,,,MX3,DNg106,id:27737,,,gaba,,,,neck_connective,right,descending
919,720575941469024064,,,single_leg_neuromere,,,ventral_nerve_cord_ipsilateral_restricted,INXXX466,,,,,intrinsic,,,TBD,INXXX466,id:11751,,,acetylcholine,,,,ventral_nerve_cord,left,ventral_nerve_cord_intrinsic
920,720575941469043831,,,,,,ventral_nerve_cord_ipsilateral_restricted,IN13A049,,,,,intrinsic,,,13A,IN13A049,id:23153,,,gaba,gaba,,,ventral_nerve_cord,right,ventral_nerve_cord_intrinsic
921,720575941469045111,front_leg,,leg_motor_neuron,leg_motor,flex_femur_tibia_joint,front_leg_motor_neuron,accessory_tibia_flexor_B,,,,,efferent,,,15B,Acc. ti flexor MN,id:13819,right_prothoracic_leg_nerve,,,glutamate,,accessory_tibia_flexor_muscle,ventral_nerve_cord,right,motor
922,720575941469052535,front_leg,,leg_motor_neuron,leg_motor,unknown_leg_movement,front_leg_motor_neuron,femur_reductor,,,,,efferent,,,TBD,Fe reductor MN,id:14949,left_prothoracic_leg_nerve,,,glutamate,,femur_reductor_muscle,ventral_nerve_cord,left,motor
923,720575941469066615,,,,,,ventral_nerve_cord_ipsilateral_restricted,IN20A.22A035,,,,,intrinsic,,,20A.22A,IN20A.22A035,id:15311,,,acetylcholine,acetylcholine,,,ventral_nerve_cord,left,ventral_nerve_cord_intrinsic
924,720575941469370688,,,descending_neuron,,,,DNg10,DNg10,id:720575940627303699,,,intrinsic,,,LB6,DNg10,id:43778,,,gaba,,,,neck_connective,right,descending
925,720575941469521216,,,descending_neuron,,,,DNg03,DNg03,id:720575940653053601,,,intrinsic,,,LB12,DNg03,id:28752,,,acetylcholine,,,,neck_connective,left,descending
926,720575941469678557,,,descending_neuron,,,,DNge113,DNge113,id:720575940629139968,,,intrinsic,,,LB7,DNg09,id:31709,,,acetylcholine,,,,neck_connective,right,descending
927,720575941469716445,,,descending_neuron,,,,DNg48,DNg48,id:720575940633228172,,,intrinsic,,,putative_primary,DNg48,id:15280,,,acetylcholine,,,,neck_connective,left,descending
928,720575941469724125,,,sequential_leg_neuromeres,,,ventral_nerve_cord_bilateral_interconnecting,IN12A001,,,,,intrinsic,,,12A,IN12A001,id:10276,,,acetylcholine,acetylcholine,,,ventral_nerve_cord,right,ventral_nerve_cord_intrinsic
929,720575941469757405,,,descending_neuron,,,,DNg106,DNg106,id:720575940629438508,,,intrinsic,,,MX3,DNg106,id:29151,,,gaba,,,,neck_connective,right,descending
930,720575941469775069,,,descending_neuron,,,,DNg102,DNg102,id:720575940624877360,,,intrinsic,,,putative_primary,DNxn181,id:11798,,,gaba,,,,neck_connective,left,descending
931,720575941469839936,,,single_leg_neuromere,,,ventral_nerve_cord_ipsilateral_restricted,IN19A013,,,,,intrinsic,,,19A,IN19A013,id:11282,,,gaba,gaba,,,ventral_nerve_cord,right,ventral_nerve_cord_intrinsic
932,720575941470004445,,,descending_neuron,,,,DNge027,DNge027,id:720575940621319156,,,intrinsic,,,putative_primary,DNfl022,id:30008,,,acetylcholine,,,,neck_connective,left,descending
933,720575941470033117,,,descending_neuron,,,,DNbe003,DNbe003,id:720575940617917396,,,intrinsic,,,putative_primary,DNxl095,id:15650,,,acetylcholine,,,,neck_connective,left,descending
934,720575941470084363,,prosternal_organ,hair_plate_neuron,proprioception,joint_angle,prosternal_hair_plate_neuron,SNpp19,,,,,afferent,,,,SNpp19,id:19363,right_prosternal_nerve,,acetylcholine,,,hair_plate,ventral_nerve_cord,right,sensory
935,720575941470101879,,,single_leg_neuromere,,,ventral_nerve_cord_bilateral_restricted,IN14A007,,,,,intrinsic,,,14A,IN14A007,id:12806,,,glutamate,,,,ventral_nerve_cord,left,ventral_nerve_cord_intrinsic
936,720575941470110327,,,ascending_neuron,,,,AN12B060,AN_GNG_129,id:720575940628641879,,,intrinsic,,,12B,AN12B060,id:24115,,,gaba,gaba,,,neck_connective,left,ascending
937,720575941470187895,,"coxa,front_leg",hair_plate_neuron,proprioception,joint_angle,front_leg_hair_plate_neuron,SNpp52,,,,,afferent,,,,SNpp52,id:21695,right_ventral_prothoracic_nerve,,gaba,,CoHP8,"CoHP8,hair_plate",ventral_nerve_cord,right,sensory
938,720575941470195723,,,descending_neuron,,,,DNae008,DNae008,id:720575940624874983,,,intrinsic,,,WEDd1,DNxl056,id:17751,,,acetylcholine,,,,neck_connective,right,descending
939,720575941470223223,,,,,,ventral_nerve_cord_bilateral_restricted,IN01A040,,,,,intrinsic,,,01A,IN01A040,id:14934,,,acetylcholine,acetylcholine,,,ventral_nerve_cord,right,ventral_nerve_cord_intrinsic
940,720575941470231671,,,,,,ventral_nerve_cord_ipsilateral_restricted,IN03A046,,,,,intrinsic,,,03A,IN03A046,id:16477,,,acetylcholine,acetylcholine,,,ventral_nerve_cord,left,ventral_nerve_cord_intrinsic
941,720575941470236023,,,descending_neuron,,,,DNpe041,DNpe041,id:720575940606704562,DNxl074,id:10699,intrinsic,,,DM2_central,DNxl074,id:21565,,,gaba,,,,neck_connective,right,descending
942,720575941470237504,,,,,,ventral_nerve_cord_ipsilateral_interconnecting,IN19A032,,,,,intrinsic,,,19A,IN19A032,id:12053,,,acetylcholine,,,,ventral_nerve_cord,right,ventral_nerve_cord_intrinsic
943,720575941470254400,,,descending_neuron,,,,DNa08,DNa08,id:720575940631498563,,,intrinsic,,,WEDd1,DNa08,id:163893,,,acetylcholine,acetylcholine,,,neck_connective,left,descending
944,720575941470382347,,,single_leg_neuromere,,,ventral_nerve_cord_ipsilateral_restricted,IN04B095,,,,,intrinsic,,,04B,IN04B095,id:21001,,,acetylcholine,acetylcholine,,,ventral_nerve_cord,right,ventral_nerve_cord_intrinsic
945,720575941470384907,,,,,,ventral_nerve_cord_bilateral_restricted,IN16B070,,,,,intrinsic,,,16B,IN16B070,id:20878,,,glutamate,glutamate,,,ventral_nerve_cord,right,ventral_nerve_cord_intrinsic
946,720575941470390493,,front_leg,bristle_neuron,tactile,,front_leg_bristle_neuron,SNta20,,,,,afferent,,,,SNta20,id:45090,left_prothoracic_leg_nerve,,acetylcholine,,,bristle,ventral_nerve_cord,left,sensory
947,720575941470414045,,,,,,ventral_nerve_cord_ipsilateral_interconnecting,IN02A060,,,,,intrinsic,,,02A,IN02A060,id:27795,,,glutamate,glutamate,,,ventral_nerve_cord,right,ventral_nerve_cord_intrinsic
948,720575941470498059,,,,,,ventral_nerve_cord_contralateral_restricted,IN14A033,,,,,intrinsic,,,14A,IN14A033,id:27441,,,glutamate,,,,ventral_nerve_cord,left,ventral_nerve_cord_intrinsic
949,720575941470533131,,,descending_neuron,,,,DNg96,DNg96,id:720575940615715003,,,intrinsic,,,MX3,DNg96,id:10995,,,glutamate,,,,neck_connective,right,descending
950,720575941470575479,,,descending_neuron,,,,DNpe054,DNpe054,id:720575940642411917,,,intrinsic,,,PSp2,DNut046,id:42930,,,acetylcholine,,,,neck_connective,left,descending
951,720575941470584695,,,descending_neuron,,,,DNp53,DNp53,id:720575940624861072,,,intrinsic,,,putative_primary,DNp53,id:12770,,,acetylcholine,,,,neck_connective,right,descending
952,720575941470720576,,,,,,ventral_nerve_cord_bilateral_interconnecting,IN02A029,,,,,intrinsic,,,02A,IN02A029,id:102430,,,glutamate,glutamate,,,ventral_nerve_cord,right,ventral_nerve_cord_intrinsic
953,720575941470734912,,,,,,ventral_nerve_cord_bilateral_interconnecting,IN01A022,,,,,intrinsic,,,01A,IN01A022,id:11910,,,acetylcholine,acetylcholine,,,ventral_nerve_cord,right,ventral_nerve_cord_intrinsic
954,720575941470744896,,,single_leg_neuromere,,,ventral_nerve_cord_bilateral_restricted,IN08A008,,,,,intrinsic,,,08A,IN08A008,id:11527,,,glutamate,glutamate,,,ventral_nerve_cord,right,ventral_nerve_cord_intrinsic
955,720575941470832192,,front_leg,bristle_neuron,tactile,,front_leg_bristle_neuron,SNta29,,,,,afferent,,,,SNta29,id:186518,right_mesothoracic_leg_nerve,,acetylcholine,,,bristle,ventral_nerve_cord,right,sensory
956,720575941470861120,,,ascending_neuron,,,,AN12B008,AN_GNG_155,id:720575940618422875,,,intrinsic,,,12B,AN12B008,id:11913,,,gaba,gaba,,,neck_connective,right,ascending
957,720575941470933824,,,descending_neuron,,,,DNge133,DNge133,id:720575940644467360,,,intrinsic,,,LB7__prim,DNxn127,id:20649,,,acetylcholine,,,,neck_connective,left,descending
958,720575941471057675,,front_leg,bristle_neuron,tactile,,front_leg_bristle_neuron,SNta42,,,,,afferent,,,,SNta42,id:48172,left_prothoracic_leg_nerve,,acetylcholine,,,bristle,ventral_nerve_cord,left,sensory
959,720575941471086967,,,,,,ventral_nerve_cord_contralateral_restricted,IN14A048,,,,,intrinsic,,,14A,IN14A048,id:156207,,,glutamate,,,,ventral_nerve_cord,right,ventral_nerve_cord_intrinsic
960,720575941471127104,,,descending_neuron,,,,DNp53,DNp53,id:720575940627055303,,,intrinsic,,,putative_primary,DNp53,id:13034,,,acetylcholine,,,,neck_connective,left,descending
961,720575941471130231,,,,,,ventral_nerve_cord_bilateral_interconnecting,IN07B010,,,,,intrinsic,,,07B,IN07B010,id:10335,,,acetylcholine,acetylcholine,,,ventral_nerve_cord,right,ventral_nerve_cord_intrinsic
962,720575941471139191,,,descending_neuron,,,,DNpe028,DNpe028,id:720575940644279319,,,intrinsic,,,putative_primary,DNxn171,id:21807,,,acetylcholine,,,,neck_connective,right,descending
963,720575941471143031,,,,,,ventral_nerve_cord_bilateral_restricted,IN01A052,,,,,intrinsic,,,01A,IN01A052,id:16988,,,acetylcholine,acetylcholine,,,ventral_nerve_cord,right,ventral_nerve_cord_intrinsic
964,720575941471164791,,,,,,ventral_nerve_cord_ipsilateral_restricted,IN04B072,,,,,intrinsic,,,04B,IN04B072,id:23759,,,acetylcholine,acetylcholine,,,ventral_nerve_cord,right,ventral_nerve_cord_intrinsic
965,720575941471166327,,,,,,ventral_nerve_cord_bilateral_interconnecting,IN04B002,,,,,intrinsic,,,04B,IN04B002,id:11081,,,acetylcholine,acetylcholine,,,ventral_nerve_cord,right,ventral_nerve_cord_intrinsic
966,720575941471238263,,,descending_neuron,,,,DNpe055,DNpe055,id:720575940603874784,,,intrinsic,,,putative_primary,DNxn102,id:13483,,,acetylcholine,,,,neck_connective,left,descending
967,720575941471250784,,,,,,ventral_nerve_cord_bilateral_restricted,IN03A051,,,,,intrinsic,,,03A,,,,,acetylcholine,acetylcholine,,,ventral_nerve_cord,left,ventral_nerve_cord_intrinsic
968,720575941471266423,,,descending_neuron,,,,DNge062,DNge062,id:720575940615023535,,,intrinsic,,,putative_primary,DNxl079,id:23585,,,acetylcholine,,,,neck_connective,right,descending
969,720575941471297911,,,descending_neuron,,,,DNge003,DNge003,id:720575940623164685,,,intrinsic,,,putative_primary,DNxl109,id:12847,,,acetylcholine,,,,neck_connective,left,descending
970,720575941471300192,,,,,,ventral_nerve_cord_contralateral_interconnecting,IN09B038,,,,,intrinsic,,,09B,IN09B038,id:17292,,,acetylcholine,,,,ventral_nerve_cord,left,ventral_nerve_cord_intrinsic
971,720575941471307104,,,,,,ventral_nerve_cord_bilateral_interconnecting,IN07B065,,,,,intrinsic,,,07B,IN07B065,id:21319,,,acetylcholine,acetylcholine,,,ventral_nerve_cord,right,ventral_nerve_cord_intrinsic
972,720575941471325280,,,,,,ventral_nerve_cord_bilateral_interconnecting,IN06A014,,,,,intrinsic,,,06A,,,,,gaba,gaba,,,ventral_nerve_cord,left,ventral_nerve_cord_intrinsic
973,720575941471454583,,,descending_neuron,,,,DNg38,DNg38,id:720575940608735241,,,intrinsic,,,putative_primary,DNg38,id:12934,,,gaba,,,,neck_connective,right,descending
974,720575941471495543,,middle_leg,campaniform_sensillum_neuron,proprioception,mechanical_strain,middle_leg_campaniform_sensillum_neuron,SNpp53,,,,,afferent,,,,SNpp53,id:116607,right_mesothoracic_leg_nerve,,acetylcholine,,,campaniform_sensillum,ventral_nerve_cord,right,sensory
975,720575941471627639,,,descending_neuron,,,,DNg92_b,DNg92_b,id:720575940638159472,,,intrinsic,,,LB12,DNg92,id:32360,,,acetylcholine,,,,neck_connective,right,descending
976,720575941471698752,,,ascending_neuron,,,,AN19B028,AN_multi_7,id:720575940608646665,,,intrinsic,,,19B,AN19B028,id:14600,,,acetylcholine,acetylcholine,,,neck_connective,left,ascending
977,720575941471768843,,,descending_neuron,,,,DNpe028,DNpe028,id:720575940611237594,,,intrinsic,,,putative_primary,DNxn169,id:25239,,,acetylcholine,,,,neck_connective,left,descending
978,720575941471805963,,,descending_neuron,,,,DNg51,DNg51,id:720575940617663093,,,intrinsic,,,LB7,,,,,acetylcholine,,,,neck_connective,right,descending
979,720575941471808375,,,descending_neuron,,,,DNge107,DNge107,id:720575940613917359,,,intrinsic,,,MD3,DNxn125,id:10719,,,gaba,,,,neck_connective,right,descending
980,720575941471878263,,front_leg,chordotonal_organ_neuron,proprioception,direction,front_leg_hook_chordotonal_organ_neuron,SNpp39,,,,,afferent,,,,SNpp39,id:196644,right_prothoracic_leg_nerve,,gaba,acetylcholine,hook,chordotonal_organ,ventral_nerve_cord,right,sensory
981,720575941471915328,,,,,,ventral_nerve_cord_bilateral_interconnecting,IN08B067,,,,,intrinsic,,,08B,IN08B067,id:15588,,,acetylcholine,acetylcholine,,,ventral_nerve_cord,right,ventral_nerve_cord_intrinsic
982,720575941471955264,,,descending_neuron,,,,DNbe001,DNbe001,id:720575940632539788,,,intrinsic,,,putative_primary,DNut040,id:10269,,,acetylcholine,,,,neck_connective,right,descending
983,720575941472003703,,,single_leg_neuromere,tactile,,ventral_nerve_cord_ipsilateral_restricted,IN03A024,,,,,intrinsic,,,03A,IN03A024,id:19647,,,acetylcholine,acetylcholine,,,ventral_nerve_cord,left,ventral_nerve_cord_intrinsic
984,720575941472005952,,,descending_neuron,,,,DNge082,DNge082,id:720575940628669545,,,intrinsic,,,putative_primary,DNxl068,id:15426,,,acetylcholine,,,,neck_connective,right,descending
985,720575941472044352,,,descending_neuron,,,,DNg82,DNg82,id:720575940614843275,,,intrinsic,,,LB12,DNg82,id:19046,,,acetylcholine,,,,neck_connective,left,descending
986,720575941472113706,,,,,,ventral_nerve_cord_ipsilateral_restricted,IN13A051,,,,,intrinsic,,,13A,IN13A051,id:29980,,,gaba,gaba,,,ventral_nerve_cord,left,ventral_nerve_cord_intrinsic
987,720575941472114474,,,single_leg_neuromere,,,ventral_nerve_cord_ipsilateral_restricted,IN19A096,,,,,intrinsic,,,19A,IN19A096,id:158326,,,gaba,gaba,,,ventral_nerve_cord,right,ventral_nerve_cord_intrinsic
988,720575941472122666,,,,,,ventral_nerve_cord_ipsilateral_restricted,IN19A120,,,,,intrinsic,,,19A,IN19A120,id:48724,,,gaba,gaba,,,ventral_nerve_cord,right,ventral_nerve_cord_intrinsic
989,720575941472134775,,,,,,,AN05B054,,,,,intrinsic,,,,AN05B054,id:15457,,,gaba,,,,ventral_nerve_cord,right,ventral_nerve_cord_intrinsic
990,720575941472135179,,,,,,ventral_nerve_cord_ipsilateral_interconnecting,IN11A034,,,,,intrinsic,,,11A,,,,,gaba,acetylcholine,,,ventral_nerve_cord,right,ventral_nerve_cord_intrinsic
991,720575941472135978,,,,,,ventral_nerve_cord_bilateral_restricted,IN23B022,,,,,intrinsic,,,23B,IN23B022,id:13164,,,acetylcholine,acetylcholine,,,ventral_nerve_cord,right,ventral_nerve_cord_intrinsic
992,720575941472138026,,,,,,ventral_nerve_cord_bilateral_restricted,IN04B019,,,,,intrinsic,,,04B,IN04B019,id:16179,,,acetylcholine,acetylcholine,,,ventral_nerve_cord,right,ventral_nerve_cord_intrinsic
993,720575941472141610,,,single_leg_neuromere,,,ventral_nerve_cord_bilateral_restricted,IN01A038,,,,,intrinsic,,,01A,IN01A038,id:17161,,,acetylcholine,acetylcholine,,,ventral_nerve_cord,right,ventral_nerve_cord_intrinsic
994,720575941472143914,,,,,,ventral_nerve_cord_ipsilateral_restricted,IN13A051,,,,,intrinsic,,,13A,IN13A051,id:14387,,,gaba,gaba,,,ventral_nerve_cord,left,ventral_nerve_cord_intrinsic
995,720575941472147242,,,,,,ventral_nerve_cord_ipsilateral_restricted,IN03A094,,,,,intrinsic,,,03A,IN03A094,id:27981,,,acetylcholine,acetylcholine,,,ventral_nerve_cord,right,ventral_nerve_cord_intrinsic
996,720575941472158506,,,,,,ventral_nerve_cord_ipsilateral_restricted,IN13A035,,,,,intrinsic,,,13A,IN13A035,id:17636,,,gaba,gaba,,,ventral_nerve_cord,left,ventral_nerve_cord_intrinsic
997,720575941472160011,,,descending_neuron,,,,DNp73,DNp73,id:720575940655587489,,,intrinsic,,,,DNp73,id:10717,,,acetylcholine,,,,neck_connective,left,descending
998,720575941472178752,,,descending_neuron,,,,DNp70,DNp70,id:720575940618314897,,,intrinsic,,,SMPpv2_ventral,DNp70,id:16522,,,acetylcholine,,,,neck_connective,right,descending
999,720575941472297787,,,ascending_neuron,,,,AN07B071,AN_GNG_172,id:720575940619054433,,,intrinsic,,,07B,AN07B071,id:24156,,,acetylcholine,acetylcholine,,,neck_connective,right,ascending
1000,720575941472359995,,,ascending_neuron,,,,AN07B071,,,,,intrinsic,,,,AN07B071,id:159203,,,acetylcholine,,,,neck_connective,left,ascending
1001,720575941472417083,,,single_leg_neuromere,,,ventral_nerve_cord_contralateral_restricted,IN13B023,,,,,intrinsic,,,13B,IN13B023,id:15116,,,gaba,gaba,,,ventral_nerve_cord,right,ventral_nerve_cord_intrinsic
1002,720575941472460640,,front_leg,bristle_neuron,tactile,,front_leg_bristle_neuron,SNta25,,,,,afferent,,,,SNta25,id:36022,left_prothoracic_leg_nerve,,gaba,,,bristle,ventral_nerve_cord,left,sensory
1003,720575941472554336,,,ascending_neuron,,,,AN08B099,AN_GNG_149,id:720575940617992000,,,intrinsic,,,08B,AN08B099,id:23929,,,acetylcholine,acetylcholine,,,neck_connective,right,ascending
1004,720575941472597051,,,descending_neuron,,,,DNge020,DNge020,id:720575940618393478,,,intrinsic,,,MX12,DNg12,id:38587,,,acetylcholine,,MX12_R_9,,neck_connective,right,descending
1005,720575941472613435,,,,,,ventral_nerve_cord_contralateral_restricted,IN13B028,,,,,intrinsic,,,13B,IN13B028,id:15762,,,gaba,gaba,,,ventral_nerve_cord,right,ventral_nerve_cord_intrinsic
1006,720575941472839488,,,descending_neuron,,,,DNge096,DNge096,id:720575940654094241,,,intrinsic,,,MD3,DNit008,id:14594,,,gaba,,,,neck_connective,left,descending
1007,720575941473178208,,,,,,ventral_nerve_cord_ipsilateral_restricted,IN04B093,,,,,intrinsic,,,04B,IN04B093,id:23152,,,acetylcholine,acetylcholine,,,ventral_nerve_cord,right,ventral_nerve_cord_intrinsic
1008,720575941473429290,,,,,,ventral_nerve_cord_ipsilateral_restricted,IN04B085,,,,,intrinsic,,,04B,IN04B085,id:102138,,,acetylcholine,acetylcholine,,,ventral_nerve_cord,left,ventral_nerve_cord_intrinsic
1009,720575941473691178,,,,,,ventral_nerve_cord_ipsilateral_restricted,IN01B019,,,,,intrinsic,,,01B,IN01B019,id:22108,,,gaba,gaba,,,ventral_nerve_cord,left,ventral_nerve_cord_intrinsic
1010,720575941473755946,,,,,,ventral_nerve_cord_ipsilateral_restricted,IN20A.22A036,,,,,intrinsic,,,20A.22A,IN20A.22A036,id:21162,,,gaba,acetylcholine,,,ventral_nerve_cord,,ventral_nerve_cord_intrinsic
1011,720575941473793322,,,descending_neuron,,,,DNg02_a,DNg02_a,id:720575940632573887,,,intrinsic,,,LB12,DNg02,id:28073,,,acetylcholine,acetylcholine,,,neck_connective,right,descending
1012,720575941473825888,,,descending_neuron,,,,DNge020,DNge020,id:720575940618393478,,,intrinsic,,,MX12,DNg12,id:31613,,,acetylcholine,,,,neck_connective,right,descending
1013,720575941473832544,,front_leg,chordotonal_organ_neuron,proprioception,position,front_leg_claw_chordotonal_organ_neuron,SNpp50,,,,,afferent,,,,SNpp50,id:96728,left_prothoracic_leg_nerve,,gaba,acetylcholine,claw,chordotonal_organ,ventral_nerve_cord,left,sensory
1014,720575941473849898,,front_leg,chordotonal_organ_neuron,proprioception,position,front_leg_claw_chordotonal_organ_neuron,SNpp51,,,,,afferent,,,,SNpp51,id:205335,right_prothoracic_leg_nerve,,gaba,acetylcholine,claw,chordotonal_organ,ventral_nerve_cord,right,sensory
1015,720575941473861728,,,ascending_neuron,,,,AN17A014,AN_GNG_140,id:720575940645199748,,,intrinsic,,,17A,AN17A014,id:11524,,,acetylcholine,acetylcholine,,,neck_connective,left,ascending
1016,720575941473970747,,,descending_neuron,,,,DNge116,DNge116,id:720575940640140733,,,intrinsic,,,LB7,DNxn109,id:48208,,,acetylcholine,,,,neck_connective,left,descending
1017,720575941474054496,,,ascending_neuron,,,,AN01B011,AN_GNG_VES_7,id:720575940620294420,,,intrinsic,,,01B,AN01B011,id:15694,,,gaba,gaba,,,neck_connective,right,ascending
1018,720575941474101344,,,ascending_neuron,,,,AN02A002,AN_multi_12,id:720575940632847661,,,intrinsic,,,02A,AN02A002,id:10512,,,glutamate,glutamate,,,neck_connective,left,ascending
1019,720575941474256224,,,descending_neuron,,,,DNpe008,DNpe008,id:720575940611102437,,,intrinsic,,,PSp2,,,,,acetylcholine,,,,neck_connective,right,descending
1020,720575941474312800,,,descending_neuron,,,,DNge094,DNge094,id:720575940632934751,,,intrinsic,,,LB7,DNxn107,id:31999,,,acetylcholine,,,,neck_connective,right,descending
1021,720575941474331451,,,,,,ventral_nerve_cord_ipsilateral_restricted,IN08A036,,,,,intrinsic,,,08A,IN08A036,id:18835,,,glutamate,glutamate,,,ventral_nerve_cord,right,ventral_nerve_cord_intrinsic
1022,720575941474332987,,,single_leg_neuromere,,,ventral_nerve_cord_contralateral_restricted,IN14A015,,,,,intrinsic,,,14A,IN14A015,id:20208,,,glutamate,,,,ventral_nerve_cord,right,ventral_nerve_cord_intrinsic
1023,720575941474409521,,,,proprioception,,ventral_nerve_cord_bilateral_restricted,IN19A107,,,,,intrinsic,,,19A,,,,,gaba,gaba,,,ventral_nerve_cord,left,ventral_nerve_cord_intrinsic
1024,720575941474420027,,,,,,ventral_nerve_cord_ipsilateral_restricted,IN03A085,,,,,intrinsic,,,03A,IN03A085,id:21483,,,acetylcholine,acetylcholine,,,ventral_nerve_cord,left,ventral_nerve_cord_intrinsic
1025,720575941474435889,,,,,,ventral_nerve_cord_contralateral_restricted,IN12B058,,,,,intrinsic,,,12B,,,,,gaba,gaba,,,ventral_nerve_cord,left,ventral_nerve_cord_intrinsic
1026,720575941474467377,,,single_leg_neuromere,,,ventral_nerve_cord_bilateral_restricted,IN12B040,,,,,intrinsic,,,12B,IN12B040,id:152755,,,gaba,,,,ventral_nerve_cord,right,ventral_nerve_cord_intrinsic
1027,720575941474471729,,,,,,ventral_nerve_cord_bilateral_restricted,IN01A040,,,,,intrinsic,,,01A,IN01A040,id:27945,,,acetylcholine,acetylcholine,,,ventral_nerve_cord,right,ventral_nerve_cord_intrinsic
1028,720575941474476574,,,,,,ventral_nerve_cord_ipsilateral_restricted,IN03A080,,,,,intrinsic,,,03A,IN03A080,id:21142,,,acetylcholine,acetylcholine,,,ventral_nerve_cord,right,ventral_nerve_cord_intrinsic
1029,720575941474476830,,,,,,ventral_nerve_cord_ipsilateral_restricted,IN03A046,,,,,intrinsic,,,03A,IN03A046,id:22260,,,acetylcholine,acetylcholine,,,ventral_nerve_cord,right,ventral_nerve_cord_intrinsic
1030,720575941474605364,,,single_leg_neuromere,,,ventral_nerve_cord_bilateral_interconnecting,IN19B054,,,,,intrinsic,,,19B,IN19B054,id:17703,,,acetylcholine,acetylcholine,,,ventral_nerve_cord,right,ventral_nerve_cord_intrinsic
1031,720575941474608170,,,descending_neuron,,,,DNpe029,DNpe029,id:720575940617873201,,,intrinsic,,,,DNxl066,id:38977,,,acetylcholine,,,,neck_connective,left,descending
1032,720575941474616372,,,,,,ventral_nerve_cord_bilateral_interconnecting,IN12B083,,,,,intrinsic,,,12B,IN12B083,id:27488,,,gaba,gaba,,,ventral_nerve_cord,left,ventral_nerve_cord_intrinsic
1033,720575941474641194,,front_leg,bristle_neuron,tactile,,front_leg_bristle_neuron,SNta19,,,,,afferent,,,,SNta19,id:30556,left_prothoracic_leg_nerve,,gaba,,,bristle,ventral_nerve_cord,left,sensory
1034,720575941474646570,,,,,,ventral_nerve_cord_bilateral_interconnecting,IN05B094,,,,,intrinsic,,,05B,IN05B094,id:10214,,,acetylcholine,,,,ventral_nerve_cord,left,ventral_nerve_cord_intrinsic
1035,720575941474665514,,,descending_neuron,,,,DNg106,DNg106,id:720575940617035153,,,intrinsic,,,MX3,DNg106,id:29983,,,gaba,,,,neck_connective,left,descending
1036,720575941474677825,,,descending_neuron,,,,DNg89,DNg89,id:720575940618658974,,,intrinsic,,,putative_primary,DNxn146,id:23385,,,gaba,,,,neck_connective,right,descending
1037,720575941474730299,,,single_leg_neuromere,,,ventral_nerve_cord_ipsilateral_restricted,IN21A028,,,,,intrinsic,,,21A,IN21A028,id:172453,,,glutamate,,,,ventral_nerve_cord,right,ventral_nerve_cord_intrinsic
1038,720575941474741819,,,,,,ventral_nerve_cord_bilateral_interconnecting,IN12B015,,,,,intrinsic,,,12B,IN12B015,id:12787,,,gaba,gaba,,,ventral_nerve_cord,left,ventral_nerve_cord_intrinsic
1039,720575941474802497,,,,,,ventral_nerve_cord_ipsilateral_restricted,IN20A.22A009,,,,,intrinsic,,,20A.22A,,,,,acetylcholine,acetylcholine,,,ventral_nerve_cord,left,ventral_nerve_cord_intrinsic
1040,720575941474813748,,,,,,ventral_nerve_cord_ipsilateral_restricted,IN20A.22A035,,,,,intrinsic,,,20A.22A,IN20A.22A035,id:25214,,,acetylcholine,acetylcholine,,,ventral_nerve_cord,right,ventral_nerve_cord_intrinsic
1041,720575941474816308,,,,,,ventral_nerve_cord_ipsilateral_restricted,IN20A.22A069,,,,,intrinsic,,,20A.22A,IN20A.22A069,id:33066,,,acetylcholine,acetylcholine,,,ventral_nerve_cord,right,ventral_nerve_cord_intrinsic
1042,720575941474818100,,,single_leg_neuromere,,,ventral_nerve_cord_contralateral_restricted,IN13B050,,,,,intrinsic,,,13B,IN13B050,id:20790,,,gaba,gaba,,,ventral_nerve_cord,right,ventral_nerve_cord_intrinsic
1043,720575941474819380,,,,,,ventral_nerve_cord_bilateral_interconnecting,IN01A058,,,,,intrinsic,,,01A,IN01A058,id:21367,,,acetylcholine,acetylcholine,,,ventral_nerve_cord,right,ventral_nerve_cord_intrinsic
1044,720575941474853697,,,single_leg_neuromere,,,ventral_nerve_cord_contralateral_restricted,IN14A037,,,,,intrinsic,,,14A,IN14A037,id:29014,,,glutamate,,,,ventral_nerve_cord,left,ventral_nerve_cord_intrinsic
1045,720575941474921537,,,single_leg_neuromere,,,ventral_nerve_cord_bilateral_interconnecting,IN23B028,,,,,intrinsic,,,23B,IN23B028,id:158915,,,acetylcholine,acetylcholine,,,ventral_nerve_cord,left,ventral_nerve_cord_intrinsic
1046,720575941474928193,,,single_leg_neuromere,,,ventral_nerve_cord_contralateral_restricted,IN12B039,,,,,intrinsic,,,12B,IN12B039,id:16342,,,gaba,gaba,,,ventral_nerve_cord,right,ventral_nerve_cord_intrinsic
1047,720575941474933088,,,descending_neuron,,,,DNg59,DNg59,id:720575940622067165,,,intrinsic,,,MD3,DNg59,id:22755,,,gaba,,,,neck_connective,left,descending
1048,720575941474977601,,,,,,ventral_nerve_cord_contralateral_restricted,IN14A048,,,,,intrinsic,,,14A,IN14A048,id:25339,,,glutamate,,,,ventral_nerve_cord,right,ventral_nerve_cord_intrinsic
1049,720575941474980417,,,,,,ventral_nerve_cord_ipsilateral_interconnecting,IN21A096,,,,,intrinsic,,,21A,,,,,glutamate,,,,ventral_nerve_cord,right,ventral_nerve_cord_intrinsic
1050,720575941474985793,,,,,,ventral_nerve_cord_ipsilateral_restricted,IN03A072,,,,,intrinsic,,,03A,,,,,acetylcholine,acetylcholine,,,ventral_nerve_cord,right,ventral_nerve_cord_intrinsic
1051,720575941475099744,,front_leg,chordotonal_organ_neuron,proprioception,direction,front_leg_hook_chordotonal_organ_neuron,SNppxx,,,,,afferent,,,,SNppxx,id:44091,right_prothoracic_leg_nerve,,gaba,acetylcholine,,chordotonal_organ,ventral_nerve_cord,right,sensory
1052,720575941475322410,,,ascending_neuron,,,,AN07B062,AN_GNG_163,id:720575940647523705,,,intrinsic,,,07B,AN07B062,id:17944,,,acetylcholine,acetylcholine,,,neck_connective,right,ascending
1053,720575941475341610,,,descending_neuron,,,,DNpe012,DNpe012,id:720575940615058216,,,intrinsic,,,PSp2,DNxn112,id:32146,,,acetylcholine,,,,neck_connective,left,descending
1054,720575941475357738,,,ascending_neuron,,,,AN06B031,SA_DMT_ADMN_10,id:720575940625897603,,,intrinsic,,,,AN06B031,id:12656,,,acetylcholine,,,,neck_connective,left,ascending
1055,720575941475396155,,,single_leg_neuromere,,,ventral_nerve_cord_contralateral_restricted,IN12B023,,,,,intrinsic,,,12B,IN12B023,id:14816,,,gaba,,,,ventral_nerve_cord,left,ventral_nerve_cord_intrinsic
1056,720575941475456827,,,descending_neuron,,,,DNp72,DNp72,id:720575940641237632,,,intrinsic,,,,DNp72,id:26003,,,acetylcholine,,,,neck_connective,right,descending
1057,720575941475557681,,,descending_neuron,,,,DNg03,DNg03,id:720575940625963432,,,intrinsic,,,LB12,DNg03,id:28752,,,acetylcholine,,,,neck_connective,right,descending
1058,720575941475572539,,,descending_neuron,,,,DNpe035,DNpe035,id:720575940608409355,,,intrinsic,,,SMPpv1,DNit004,id:41456,,,acetylcholine,,,,neck_connective,left,descending
1059,720575941475623274,,,,proprioception,,ventral_nerve_cord_bilateral_interconnecting,IN08B088,,,,,intrinsic,,,08B,IN08B088,id:20483,,,acetylcholine,acetylcholine,,,ventral_nerve_cord,right,ventral_nerve_cord_intrinsic
1060,720575941475709214,,,,,,ventral_nerve_cord_ipsilateral_restricted,IN20A.22A038,,,,,intrinsic,,,20A.22A,IN20A.22A038,id:37234,,,acetylcholine,acetylcholine,,,ventral_nerve_cord,right,ventral_nerve_cord_intrinsic
1061,720575941475711518,,,,,,ventral_nerve_cord_bilateral_interconnecting,GFC4,,,,,intrinsic,,,11A,GFC4,id:26376,,,acetylcholine,acetylcholine,,,ventral_nerve_cord,right,ventral_nerve_cord_intrinsic
1062,720575941475751018,,,,,,ventral_nerve_cord_ipsilateral_restricted,IN13A071,,,,,intrinsic,,,13A,IN13A071,id:159807,,,gaba,gaba,,,ventral_nerve_cord,right,ventral_nerve_cord_intrinsic
1063,720575941475978545,,,single_leg_neuromere,,,ventral_nerve_cord_ipsilateral_restricted,IN21A013,,,,,intrinsic,,,21A,IN21A013,id:11795,,,glutamate,,,,ventral_nerve_cord,right,ventral_nerve_cord_intrinsic
1064,720575941475985201,,,,,,ventral_nerve_cord_ipsilateral_restricted,IN19A058,,,,,intrinsic,,,19A,IN19A058,id:45807,,,gaba,gaba,,,ventral_nerve_cord,right,ventral_nerve_cord_intrinsic
1065,720575941476032817,,,,,,ventral_nerve_cord_bilateral_restricted,IN13A035,,,,,intrinsic,,,13A,IN13A035,id:18829,,,gaba,gaba,,,ventral_nerve_cord,left,ventral_nerve_cord_intrinsic
1066,720575941476033054,,,,,,ventral_nerve_cord_ipsilateral_restricted,IN04B091,,,,,intrinsic,,,04B,IN04B091,id:153878,,,acetylcholine,acetylcholine,,,ventral_nerve_cord,left,ventral_nerve_cord_intrinsic
1067,720575941476041265,,,ascending_neuron,,,,AN19B059,AN_4_None,id:720575940612869087,,,intrinsic,,,19B,AN19B059,id:21049,,,acetylcholine,acetylcholine,,,neck_connective,left,ascending
1068,720575941476060721,,front_leg,bristle_neuron,tactile,,front_leg_bristle_neuron,SNxxxx,,,,,afferent,,,,SNxxxx,id:53260,right_prothoracic_leg_nerve,,acetylcholine,,,bristle,ventral_nerve_cord,right,sensory
1069,720575941476124446,,front_leg,bristle_neuron,tactile,,front_leg_bristle_neuron,SNta29,,,,,afferent,,,,SNta29,id:34041,right_prothoracic_leg_nerve,,acetylcholine,,,bristle,ventral_nerve_cord,right,sensory
1070,720575941476176689,,front_leg,bristle_neuron,tactile,,front_leg_bristle_neuron,SNta30,,,,,afferent,,,,SNta30,id:43510,right_prothoracic_leg_nerve,,acetylcholine,,,bristle,ventral_nerve_cord,right,sensory
1071,720575941476214833,,,descending_neuron,,,,DNge140,DNge140,id:720575940614736034,,,intrinsic,,,MX3,DNxn185,id:15613,,,acetylcholine,,,,neck_connective,right,descending
1072,720575941476250164,,,descending_neuron,,,,DNge045,DNge045,id:720575940612366322,,,intrinsic,,,LB3,DNut062,id:25688,,,gaba,,,,neck_connective,left,descending
1073,720575941476289089,,,,,,,,,,,,afferent,,,,,,right_prothoracic_leg_nerve,,gaba,,,,ventral_nerve_cord,right,sensory
1074,720575941476367937,,,descending_neuron,,,,DNge019,DNge019,id:720575940626849546,,,intrinsic,,,MX12,DNg12,id:30999,,,acetylcholine,,MX12_L_27,,neck_connective,left,descending
1075,720575941476376372,,,,,,ventral_nerve_cord_ipsilateral_restricted,IN20A.22A018,,,,,intrinsic,,,20A.22A,IN20A.22A018,id:20968,,,acetylcholine,acetylcholine,,,ventral_nerve_cord,left,ventral_nerve_cord_intrinsic
1076,720575941476378164,,,descending_neuron,,,,DNg10,DNg10,id:720575940660224385,,,intrinsic,,,LB6,DNg10,id:39705,,,gaba,,,,neck_connective,left,descending
1077,720575941476380724,,,,,,ventral_nerve_cord_ipsilateral_restricted,IN16B114,,,,,intrinsic,,,16B,IN16B114,id:28339,,,glutamate,glutamate,,,ventral_nerve_cord,right,ventral_nerve_cord_intrinsic
1078,720575941476383540,,,single_leg_neuromere,,,ventral_nerve_cord_ipsilateral_restricted,IN01B056,,,,,intrinsic,,,01B,IN01B056,id:27475,,,gaba,gaba,,,ventral_nerve_cord,right,ventral_nerve_cord_intrinsic
1079,720575941476398897,,,descending_neuron,,,,DNge092,DNge092,id:720575940619910080,,,intrinsic,,,LB7,,,,,acetylcholine,,,,neck_connective,right,descending
1080,720575941476477492,,,descending_neuron,,,,DNae010,DNae010,id:720575940651341558,,,intrinsic,,,WEDd1,DNxn122,id:12696,,,acetylcholine,,,,neck_connective,left,descending
1081,720575941476528699,,,single_leg_neuromere,tactile,,ventral_nerve_cord_ipsilateral_restricted,IN20A.22A007,,,,,intrinsic,,,20A.22A,,,,,acetylcholine,acetylcholine,,,ventral_nerve_cord,right,ventral_nerve_cord_intrinsic
1082,720575941476555329,,,,,,ventral_nerve_cord_bilateral_interconnecting,IN18B045,,,,,intrinsic,,,18B,IN18B045,id:17076,,,acetylcholine,acetylcholine,,,ventral_nerve_cord,left,ventral_nerve_cord_intrinsic
1083,720575941476624961,,front_leg,bristle_neuron,tactile,,front_leg_bristle_neuron,SNta41,,,,id:1045,afferent,,,,SNta41,id:42957,left_prothoracic_leg_nerve,,acetylcholine,,,bristle,ventral_nerve_cord,left,sensory
1084,720575941476627777,,front_leg,bristle_neuron,tactile,,front_leg_bristle_neuron,SNta34,,,,,afferent,,,,SNta34,id:51045,right_prothoracic_leg_nerve,,acetylcholine,,,bristle,ventral_nerve_cord,right,sensory
1085,720575941476632385,,,descending_neuron,,,,DNg01,DNg01,id:720575940612804862,,,intrinsic,,,LB12,DNg01,id:25409,,,acetylcholine,,,,neck_connective,right,descending
1086,720575941476852254,,,descending_neuron,,,,DNg62,DNg62,id:720575940616185531,,,intrinsic,,,MX12__prim,DNg62,id:24753,,,acetylcholine,,"aDN1 (Seeds-Hampel lab),aDN1_R",,neck_connective,right,descending
1087,720575941476969521,,,,,,ventral_nerve_cord_bilateral_interconnecting,INXXX031,,,,,intrinsic,,,TBD,INXXX031,id:11074,,,gaba,,,,ventral_nerve_cord,left,ventral_nerve_cord_intrinsic
1088,720575941476977969,,,ascending_neuron,,,,AN07B011,AN_GNG_169,id:720575940618096321,,,intrinsic,,,07B,AN07B011,id:11720,,,acetylcholine,acetylcholine,,,neck_connective,left,ascending
1089,720575941476980785,,,ascending_neuron,,,,AN04A001,AN_GNG_178,id:720575940641781152,,,intrinsic,,,04A,AN04A001,id:10516,,,acetylcholine,,,,neck_connective,left,ascending
1090,720575941476981569,,,descending_neuron,,,,DNg08_a,DNg08_a,id:720575940636761926,,,intrinsic,,,MX3,DNit007,id:29760,,,gaba,,,,neck_connective,left,descending
1091,720575941476990001,,,,,,ventral_nerve_cord_bilateral_interconnecting,IN01A003,,,,,intrinsic,,,01A,IN01A003,id:10583,,,acetylcholine,acetylcholine,,,ventral_nerve_cord,right,ventral_nerve_cord_intrinsic
1092,720575941476990257,,,single_leg_neuromere,,,ventral_nerve_cord_bilateral_restricted,IN17A016,,,,,intrinsic,,,17A,IN17A016,id:11193,,,acetylcholine,acetylcholine,,,ventral_nerve_cord,right,ventral_nerve_cord_intrinsic
1093,720575941476991025,,,,proprioception,,ventral_nerve_cord_bilateral_interconnecting,IN05B010,,,,,intrinsic,,,05B,IN05B010,id:10496,,,gaba,gaba,,,ventral_nerve_cord,right,ventral_nerve_cord_intrinsic
1094,720575941477006388,,,descending_neuron,,,,DNpe012,DNpe012,id:720575940622836970,,,intrinsic,,,PSp2,DNxn104,id:45618,,,acetylcholine,,,,neck_connective,left,descending
1095,720575941477010737,,,,,,,,,,,,,,,,,,,,glutamate,,,,ventral_nerve_cord,right,
1096,720575941477013825,,,descending_neuron,,,,DNg04,DNg04,id:720575940624082931,,,intrinsic,,,LB12,DNg04,id:18339,,,acetylcholine,,,,neck_connective,left,descending
1097,720575941477053233,,,descending_neuron,,,,DNg103,DNg103,id:720575940635179871,,,intrinsic,,,putative_primary,DNg103,id:14575,,,gaba,,,,neck_connective,left,descending
1098,720575941477099313,,,descending_neuron,,,,DNge076,DNge076,id:720575940634862943,,,intrinsic,,,putative_primary,DNfl039,id:17494,,,gaba,,,,neck_connective,right,descending
1099,720575941477145393,,,descending_neuron,,,,DNge041,DNge041,id:720575940629240263,,,intrinsic,,,LB7__prim,DNxl085,id:18252,,,acetylcholine,,,,neck_connective,right,descending
1100,720575941477158721,,,ascending_neuron,,,,AN06A016,,,,,intrinsic,,,06A,AN06A016,id:166047,,,gaba,gaba,,,neck_connective,left,ascending
1101,720575941477201002,,,descending_neuron,,,,DNge089,DNge089,id:720575940626238716,,,intrinsic,,,LB7,DNg07,id:35897,,,acetylcholine,,,,neck_connective,left,descending
1102,720575941477293108,,,,,,ventral_nerve_cord_bilateral_interconnecting,IN01A069,,,,,intrinsic,,,01A,IN01A069,id:21903,,,acetylcholine,acetylcholine,,,ventral_nerve_cord,right,ventral_nerve_cord_intrinsic
1103,720575941477297716,,,,,,ventral_nerve_cord_contralateral_interconnecting,IN06B040,,,,,intrinsic,,,06B,IN06B040,id:15391,,,gaba,gaba,,,ventral_nerve_cord,right,ventral_nerve_cord_intrinsic
1104,720575941477298996,,,descending_neuron,,,,DNge144,DNge144,id:720575940629774274,,,intrinsic,,,,DNxl081,id:20082,,,acetylcholine,,,,neck_connective,left,descending
1105,720575941477316404,,,,,,ventral_nerve_cord_ipsilateral_restricted,IN21A083,,,,,intrinsic,,,21A,IN21A083,id:44225,,,glutamate,,,,ventral_nerve_cord,right,ventral_nerve_cord_intrinsic
1106,720575941477322548,,,single_leg_neuromere,proprioception,,ventral_nerve_cord_contralateral_restricted,IN14A090,,,,,intrinsic,,,14A,IN14A090,id:27918,,,glutamate,,,,ventral_nerve_cord,left,ventral_nerve_cord_intrinsic
1107,720575941477323316,,,single_leg_neuromere,,,ventral_nerve_cord_ipsilateral_restricted,IN03A007,,,,,intrinsic,,,03A,IN03A007,id:11734,,,acetylcholine,acetylcholine,,,ventral_nerve_cord,right,ventral_nerve_cord_intrinsic
1108,720575941477326900,,,descending_neuron,,,,DNg19,DNg19,id:720575940643837988,,,intrinsic,,,,DNg19,id:14716,,,acetylcholine,,,,neck_connective,right,descending
1109,720575941477332276,,,,,,ventral_nerve_cord_ipsilateral_restricted,IN20A.22A038,,,,,intrinsic,,,20A.22A,IN20A.22A038,id:24925,,,acetylcholine,acetylcholine,,,ventral_nerve_cord,right,ventral_nerve_cord_intrinsic
1110,720575941477340212,,,,,,ventral_nerve_cord_bilateral_interconnecting,INXXX341,,,,,intrinsic,,,TBD,INXXX341,id:32125,,,acetylcholine,,,,ventral_nerve_cord,left,ventral_nerve_cord_intrinsic
1111,720575941477342001,,,,,,ventral_nerve_cord_bilateral_interconnecting,INXXX008,,,,,intrinsic,,,TBD,INXXX008,id:10222,,,serotonin,,,,ventral_nerve_cord,left,ventral_nerve_cord_intrinsic
1112,720575941477365812,,,,,,ventral_nerve_cord_ipsilateral_restricted,IN03A045,,,,,intrinsic,,,03A,IN03A045,id:16260,,,acetylcholine,acetylcholine,,,ventral_nerve_cord,right,ventral_nerve_cord_intrinsic
1113,720575941477380382,,,ascending_neuron,,,,AN18B025,AN_SPS_IPS_4,id:720575940629739068,,,intrinsic,,,18B,AN18B025,id:15187,,,acetylcholine,acetylcholine,,,neck_connective,right,ascending
1114,720575941477392926,,,descending_neuron,,,,DNge042,DNge042,id:720575940631959097,,,intrinsic,,,putative_primary,DNxl073,id:22430,,,acetylcholine,,,,neck_connective,left,descending
1115,720575941477395050,,,,,,ventral_nerve_cord_ipsilateral_restricted,IN20A.22A015,,,,,intrinsic,,,20A.22A,IN20A.22A015,id:21613,,,acetylcholine,acetylcholine,,,ventral_nerve_cord,left,ventral_nerve_cord_intrinsic
1116,720575941477419828,,,descending_neuron,,,,DNge141,DNge141,id:720575940627044885,,,intrinsic,,,MX3,DNxn152,id:13139,,,gaba,,,,neck_connective,right,descending
1117,720575941477430833,,,,proprioception,,ventral_nerve_cord_contralateral_restricted,IN14A092,,,,,intrinsic,,,14A,IN14A092,id:27464,,,glutamate,,,,ventral_nerve_cord,left,ventral_nerve_cord_intrinsic
1118,720575941477443358,,,descending_neuron,,,,DNp47,DNp47,id:720575940620038779,,,intrinsic,,,putative_primary,DNp47,id:13764,,,acetylcholine,,,,neck_connective,right,descending
1119,720575941477513834,,front_leg,chordotonal_organ_neuron,proprioception,direction,front_leg_hook_chordotonal_organ_neuron,SNpp39,,,,,afferent,,,,SNpp39,id:196644,right_prothoracic_leg_nerve,,gaba,acetylcholine,,chordotonal_organ,ventral_nerve_cord,right,sensory
1120,720575941477522794,,,,,,,,,,,,,,,,,,,,acetylcholine,,,,ventral_nerve_cord,right,
1121,720575941477556289,,,single_leg_neuromere,,,ventral_nerve_cord_ipsilateral_restricted,IN17A028,,,,,intrinsic,,,17A,IN17A028,id:12931,,,acetylcholine,acetylcholine,,,ventral_nerve_cord,right,ventral_nerve_cord_intrinsic
1122,720575941477561568,,,single_leg_neuromere,,,ventral_nerve_cord_ipsilateral_restricted,INXXX468,,,,,intrinsic,,,TBD,,,,,acetylcholine,,LUL130,,ventral_nerve_cord,right,ventral_nerve_cord_intrinsic
1123,720575941477587777,,,single_leg_neuromere,,,ventral_nerve_cord_contralateral_restricted,IN12B025,,,,,intrinsic,,,12B,IN12B025,id:17247,,,gaba,gaba,,,ventral_nerve_cord,left,ventral_nerve_cord_intrinsic
1124,720575941477600321,,,ventral_nerve_cord_serially_convergent,,,ventral_nerve_cord_bilateral_interconnecting,IN01A001,,,,,intrinsic,,,01A,IN01A001,id:10084,,,acetylcholine,acetylcholine,,,ventral_nerve_cord,right,ventral_nerve_cord_intrinsic
1125,720575941477713770,,,descending_neuron,,,,DNge047,DNge047,id:720575940622565590,,,intrinsic,,,putative_primary,DNxn162,id:13113,,,octopamine,,,,neck_connective,right,descending
1126,720575941477736066,,,descending_neuron,,,,DNg92_a,DNg92_a,id:720575940628397138,,,intrinsic,PS117,id:5812999352,LB12,DNg92,id:32950,,,acetylcholine,,,,neck_connective,right,descending
1127,720575941477812131,,,descending_neuron,,,,DNpe002,DNpe002,id:720575940629428215,,,intrinsic,,,putative_primary,DNxl113,id:12640,,,acetylcholine,,,,neck_connective,left,descending
1128,720575941477915700,,,descending_neuron,,,,DNp48,DNp48,id:720575940621031006,,,intrinsic,,,SMPpm1,DNp48,id:13203,,,acetylcholine,,,,neck_connective,right,descending
1129,720575941477921601,,,single_leg_neuromere,,,ventral_nerve_cord_ipsilateral_restricted,IN13A012,,,,,intrinsic,,,13A,IN13A012,id:12104,,,gaba,gaba,,,ventral_nerve_cord,left,ventral_nerve_cord_intrinsic
1130,720575941477922369,,,,,,ventral_nerve_cord_ipsilateral_restricted,IN20A.22A085,,,,,intrinsic,,,20A.22A,IN20A.22A085,id:153805,,,acetylcholine,acetylcholine,,,ventral_nerve_cord,left,ventral_nerve_cord_intrinsic
1131,720575941477927298,,,,,,ventral_nerve_cord_ipsilateral_restricted,IN04B070,,,,,intrinsic,,,04B,IN04B070,id:18253,,,acetylcholine,acetylcholine,,,ventral_nerve_cord,left,ventral_nerve_cord_intrinsic
1132,720575941477942833,,,descending_neuron,,,,DNa05,DNa05,id:720575940620534768,,,intrinsic,,,WEDd1,DNa15,id:10621,,,acetylcholine,,,,neck_connective,left,descending
1133,720575941478057123,,,,,,ventral_nerve_cord_bilateral_interconnecting,IN01A069,,,,,intrinsic,,,01A,,,,,acetylcholine,acetylcholine,,,ventral_nerve_cord,right,ventral_nerve_cord_intrinsic
1134,720575941478068529,,front_leg,chordotonal_organ_neuron,proprioception,direction,front_leg_hook_chordotonal_organ_neuron,SNpp39,,,,,afferent,,,,SNpp39,id:30692,left_prothoracic_leg_nerve,,gaba,acetylcholine,hook,chordotonal_organ,ventral_nerve_cord,left,sensory
1135,720575941478074592,,,descending_neuron,,,,DNg02_b,DNg02_b,id:720575940627414887,,,intrinsic,,,,DNg03,id:28303,,,acetylcholine,,,,neck_connective,left,descending
1136,720575941478089891,,,single_leg_neuromere,proprioception,,ventral_nerve_cord_contralateral_restricted,IN14A068,,,,,intrinsic,,,14A,,,,,glutamate,,,,ventral_nerve_cord,left,ventral_nerve_cord_intrinsic
1137,720575941478091427,,,single_leg_neuromere,,,ventral_nerve_cord_ipsilateral_restricted,IN13A038,,,,,intrinsic,,,13A,IN13A038,id:17826,,,gaba,gaba,,,ventral_nerve_cord,left,ventral_nerve_cord_intrinsic
1138,720575941478103203,,,,,,ventral_nerve_cord_ipsilateral_restricted,IN13A049,,,,,intrinsic,,,13A,IN13A049,id:156928,,,gaba,gaba,,,ventral_nerve_cord,left,ventral_nerve_cord_intrinsic
1139,720575941478215985,,,descending_neuron,,,,DNp11,DNp11,id:720575940629777018,,,intrinsic,DNp11,id:1281324958,putative_primary,DNp11,id:10113,,,acetylcholine,acetylcholine,,,neck_connective,right,descending
1140,720575941478220830,,,,,,ventral_nerve_cord_bilateral_interconnecting,INXXX029,,,,,intrinsic,,,TBD,INXXX029,id:11024,,,acetylcholine,,,,ventral_nerve_cord,left,ventral_nerve_cord_intrinsic
1141,720575941478279136,,,,,,ventral_nerve_cord_ipsilateral_restricted,IN20A.22A035,,,,,intrinsic,,,20A.22A,,,,,gaba,acetylcholine,,,ventral_nerve_cord,right,ventral_nerve_cord_intrinsic
1142,720575941478281440,front_leg,,leg_motor_neuron,leg_motor,extend_coxa_trochanter_joint,front_leg_motor_neuron,tergotrochanter_extensor,,,,,efferent,,,,,,right_ventral_prothoracic_nerve,,gaba,,,tergotrochanter_extensor_muscle,ventral_nerve_cord,right,motor
1143,720575941478385743,,,single_leg_neuromere,,,ventral_nerve_cord_contralateral_restricted,IN13B078,,,,,intrinsic,,,13B,,,,,gaba,gaba,,,ventral_nerve_cord,right,ventral_nerve_cord_intrinsic
1144,720575941478387306,,,ascending_neuron,,,,AN04B023,AN_SPS_IPS_3,id:720575940620983902,,,intrinsic,,,04B,AN04B023,id:19114,,,acetylcholine,acetylcholine,,,neck_connective,right,ascending
1145,720575941478392739,,,single_leg_neuromere,,,ventral_nerve_cord_ipsilateral_restricted,IN03A078,,,,,intrinsic,,,03A,IN03A078,id:19976,,,acetylcholine,acetylcholine,,,ventral_nerve_cord,right,ventral_nerve_cord_intrinsic
1146,720575941478393935,,,single_leg_neuromere,,,ventral_nerve_cord_contralateral_restricted,IN13B078,,,,,intrinsic,,,13B,IN13B078,id:22739,,,gaba,gaba,,,ventral_nerve_cord,right,ventral_nerve_cord_intrinsic
1147,720575941478398058,,,ventral_nerve_cord_serially_convergent,,,ventral_nerve_cord_bilateral_interconnecting,IN18B005,,,,,intrinsic,,,18B,IN18B005,id:10545,,,acetylcholine,acetylcholine,,,ventral_nerve_cord,left,ventral_nerve_cord_intrinsic
1148,720575941478407018,,,single_leg_neuromere,,,ventral_nerve_cord_contralateral_restricted,IN13B005,,,,,intrinsic,,,13B,IN13B005,id:10501,,,gaba,gaba,,,ventral_nerve_cord,right,ventral_nerve_cord_intrinsic
1149,720575941478415681,,"front_leg,trochanter",hair_plate_neuron,proprioception,joint_angle,front_leg_hair_plate_neuron,SNppxx,,,,,afferent,,,,SNppxx,id:65476,right_prothoracic_leg_nerve,,gaba,,,hair_plate,ventral_nerve_cord,right,sensory
1150,720575941478429802,,,descending_neuron,,,,DNg70,DNg70,id:720575940632524559,,,intrinsic,,,MX3,DNxn180,id:21750,,Lk,gaba,,,,neck_connective,right,descending
1151,720575941478470735,,,,,,ventral_nerve_cord_ipsilateral_restricted,IN13A061,,,,,intrinsic,,,13A,IN13A061,id:19055,,,gaba,gaba,,,ventral_nerve_cord,left,ventral_nerve_cord_intrinsic
1152,720575941478474114,,,,,,ventral_nerve_cord_bilateral_interconnecting,GFC1,,,,,intrinsic,,,18B,GFC1,id:10228,,,acetylcholine,,,,ventral_nerve_cord,right,ventral_nerve_cord_intrinsic
1153,720575941478494338,,,single_leg_neuromere,,,ventral_nerve_cord_contralateral_restricted,IN13B014,,,,,intrinsic,,,13B,IN13B014,id:100327,,,gaba,,,,ventral_nerve_cord,right,ventral_nerve_cord_intrinsic
1154,720575941478502209,,front_leg,chordotonal_organ_neuron,proprioception,position,front_leg_claw_chordotonal_organ_neuron,SNppxx,,,,,afferent,,,,SNppxx,id:175485,left_prothoracic_leg_nerve,,gaba,,,chordotonal_organ,ventral_nerve_cord,left,sensory
1155,720575941478527311,,,single_leg_neuromere,,,ventral_nerve_cord_ipsilateral_restricted,IN03A078,,,,,intrinsic,,,03A,IN03A078,id:20717,,,acetylcholine,acetylcholine,,,ventral_nerve_cord,left,ventral_nerve_cord_intrinsic
1156,720575941478539855,,,,,,ventral_nerve_cord_ipsilateral_restricted,IN04B034,,,,,intrinsic,,,04B,IN04B034,id:102322,,,acetylcholine,acetylcholine,,,ventral_nerve_cord,right,ventral_nerve_cord_intrinsic
1157,720575941478577231,front_leg,,leg_motor_neuron,leg_motor,extend_femur_tibia_joint,front_leg_motor_neuron,tibia_extensor_SETi,,,,,efferent,,,,,,left_prothoracic_leg_nerve,,gaba,,,tibia_extensor_muscle,ventral_nerve_cord,left,motor
1158,720575941478578511,neck,,neck_motor_neuron,neck_motor,neck_roll,neck_roll_motor_neuron,DProN_d,,,,,efferent,,,,,,left_dorsal_prothoracic_nerve,,,,,,ventral_nerve_cord,left,motor
1159,720575941478579791,,,,,,ventral_nerve_cord_ipsilateral_restricted,IN09A069,,,,,intrinsic,,,09A,IN09A069,id:18984,,,gaba,gaba,,,ventral_nerve_cord,left,ventral_nerve_cord_intrinsic
1160,720575941478581839,,,,,,ventral_nerve_cord_ipsilateral_restricted,IN13A047,,,,,intrinsic,,,13A,IN13A047,id:22393,,,gaba,gaba,,,ventral_nerve_cord,right,ventral_nerve_cord_intrinsic
1161,720575941478585450,,,descending_neuron,,,,DNp22,DNp22,id:720575940631225996,,,intrinsic,,,,,,,,acetylcholine,,,,neck_connective,left,descending
1162,720575941478705770,,,descending_neuron,,,,DNpe056,DNpe056,id:720575940634458719,,,intrinsic,,,putative_primary,DNxn168,id:11298,,,acetylcholine,,,,neck_connective,left,descending
1163,720575941478840032,,,single_leg_neuromere,,,ventral_nerve_cord_contralateral_restricted,IN12B037,,,,,intrinsic,,,12B,,,,,gaba,gaba,,,ventral_nerve_cord,right,ventral_nerve_cord_intrinsic
1164,720575941478843872,,,single_leg_neuromere,,,ventral_nerve_cord_ipsilateral_restricted,IN03B042,,,,,intrinsic,,,03B,,,,,gaba,,,,ventral_nerve_cord,left,ventral_nerve_cord_intrinsic
1165,720575941478849857,,,,,,ventral_nerve_cord_ipsilateral_restricted,IN04B066,,,,,intrinsic,,,04B,IN04B066,id:20077,,,acetylcholine,acetylcholine,,,ventral_nerve_cord,left,ventral_nerve_cord_intrinsic
1166,720575941478980291,,,ascending_neuron,,,,ANXXX131,AN_GNG_IPS_6,id:720575940617438016,,,intrinsic,,id:1874217622,TBD,ANXXX131,id:13218,,,acetylcholine,,,,neck_connective,right,ascending
1167,720575941479040591,,,,,,ventral_nerve_cord_bilateral_interconnecting,IN11A007,,,,,intrinsic,,,11A,IN11A007,id:15210,,,acetylcholine,acetylcholine,,,ventral_nerve_cord,left,ventral_nerve_cord_intrinsic
1168,720575941479094211,,,single_leg_neuromere,,,ventral_nerve_cord_ipsilateral_restricted,IN04B031,,,,,intrinsic,,,04B,IN04B031,id:17678,,,acetylcholine,acetylcholine,,,ventral_nerve_cord,left,ventral_nerve_cord_intrinsic
1169,720575941479129283,,,single_leg_neuromere,proprioception,,ventral_nerve_cord_contralateral_restricted,IN13B076,,,,,intrinsic,,,13B,IN13B076,id:159648,,,gaba,gaba,,,ventral_nerve_cord,right,ventral_nerve_cord_intrinsic
1170,720575941479188960,,,,,,ventral_nerve_cord_ipsilateral_restricted,IN20A.22A026,,,,,intrinsic,,,20A.22A,IN20A.22A026,id:157907,,,acetylcholine,acetylcholine,,,ventral_nerve_cord,right,ventral_nerve_cord_intrinsic
1171,720575941479189187,,,single_leg_neuromere,,,ventral_nerve_cord_ipsilateral_restricted,IN13A014,,,,,intrinsic,,,13A,,,,,gaba,gaba,,,ventral_nerve_cord,left,ventral_nerve_cord_intrinsic
1172,720575941479396259,,,single_leg_neuromere,,,ventral_nerve_cord_ipsilateral_restricted,IN03A089,,,,,intrinsic,,,03A,IN03A089,id:158041,,,acetylcholine,acetylcholine,,,ventral_nerve_cord,left,ventral_nerve_cord_intrinsic
1173,720575941479434720,,,descending_neuron,,,,DNg12_e,DNg12_e,id:720575940621767306,,,intrinsic,,,MX12,DNg12,id:28478,,,acetylcholine,,MX12_L_36,,neck_connective,left,descending
1174,720575941479472258,front_leg,,leg_motor_neuron,leg_motor,flex_femur_tibia_joint,front_leg_motor_neuron,accessory_tibia_flexor_B,,,,,efferent,,,15B,Acc. ti flexor MN,id:101043,left_prothoracic_leg_nerve,,,glutamate,,accessory_tibia_flexor_muscle,ventral_nerve_cord,left,motor
1175,720575941479543776,,,descending_neuron,,,,DNge023,DNge023,id:720575940644542880,,,intrinsic,,,putative_primary,DNxl124,id:11440,,,acetylcholine,,,,neck_connective,left,descending
1176,720575941479563650,,,descending_neuron,,,,DNge120,DNge120,id:720575940631543414,,,intrinsic,,,MX3,DNxl084,id:19080,,,glutamate,,,,neck_connective,right,descending
1177,720575941479729059,,,ventral_nerve_cord_centripetal,,,ventral_nerve_cord_ipsilateral_interconnecting,IN19A093,,,,,intrinsic,,,19A,IN19A093,id:23372,,,gaba,gaba,,,ventral_nerve_cord,left,ventral_nerve_cord_intrinsic
1178,720575941479887267,,,,,,ventral_nerve_cord_ipsilateral_restricted,IN04B066,,,,,intrinsic,,,04B,IN04B066,id:21567,,,acetylcholine,acetylcholine,,,ventral_nerve_cord,left,ventral_nerve_cord_intrinsic
1179,720575941479957923,,front_leg,bristle_neuron,tactile,,front_leg_bristle_neuron,SNta32,,,,,afferent,,,,,,right_prothoracic_leg_nerve,,gaba,,,bristle,ventral_nerve_cord,right,sensory
1180,720575941480052960,,,single_leg_neuromere,,,ventral_nerve_cord_ipsilateral_restricted,IN20A.22A005,,,,,intrinsic,,,20A.22A,IN20A.22A005,id:14582,,,acetylcholine,acetylcholine,,,ventral_nerve_cord,left,ventral_nerve_cord_intrinsic
1181,720575941480105039,,,descending_neuron,,,,DNg12_e,DNg12_e,id:720575940614588778,,,intrinsic,,,,DNnt013,id:32699,,,acetylcholine,,MX12_R_7,,neck_connective,right,descending
1182,720575941480232160,,,single_leg_neuromere,,,ventral_nerve_cord_ipsilateral_restricted,IN13A010,,,,,intrinsic,,,13A,IN13A010,id:12026,,,gaba,,,,ventral_nerve_cord,left,ventral_nerve_cord_intrinsic
1183,720575941480240352,,front_leg,campaniform_sensillum_neuron,proprioception,mechanical_strain,front_leg_campaniform_sensillum_neuron,SNpp45,,,,,afferent,,,,SNpp45,id:21155,left_prothoracic_leg_nerve,,gaba,,,campaniform_sensillum,ventral_nerve_cord,left,sensory
1184,720575941480391366,,,single_leg_neuromere,,,ventral_nerve_cord_contralateral_restricted,IN13B027,,,,,intrinsic,,,13B,,,,,gaba,gaba,,,ventral_nerve_cord,right,ventral_nerve_cord_intrinsic
1185,720575941480396998,,,,,,ventral_nerve_cord_bilateral_interconnecting,IN16B014,,,,,intrinsic,,,16B,IN16B014,id:10659,,,glutamate,glutamate,,,ventral_nerve_cord,right,ventral_nerve_cord_intrinsic
1186,720575941480397254,,,,,,ventral_nerve_cord_bilateral_restricted,IN16B055,,,,,intrinsic,,,16B,IN16B055,id:18916,,,glutamate,glutamate,,,ventral_nerve_cord,right,ventral_nerve_cord_intrinsic
1187,720575941480446918,,,,,,ventral_nerve_cord_bilateral_restricted,IN05B088,,,,,intrinsic,,,05B,IN05B088,id:27583,,,gaba,gaba,,,ventral_nerve_cord,left,ventral_nerve_cord_intrinsic
1188,720575941480455878,,,single_leg_neuromere,,,ventral_nerve_cord_ipsilateral_restricted,IN20A.22A016,,,,,intrinsic,,,20A.22A,IN20A.22A016,id:19873,,,acetylcholine,acetylcholine,,,ventral_nerve_cord,right,ventral_nerve_cord_intrinsic
1189,720575941480480963,,,descending_neuron,,,,DNge135,DNge135,id:720575940635355804,,,intrinsic,,,MD3,DNxn172,id:22240,,,gaba,,,,neck_connective,left,descending
1190,720575941480490114,,,ventral_nerve_cord_centripetal,,,ventral_nerve_cord_bilateral_restricted,IN23B081,,,,,intrinsic,,,23B,IN23B081,id:104518,,,acetylcholine,acetylcholine,,,ventral_nerve_cord,left,ventral_nerve_cord_intrinsic
1191,720575941480490882,,,descending_neuron,,,,DNge105,DNge105,id:720575940623781611,,,intrinsic,,,MX12,DNfl035,id:19511,,,acetylcholine,,,,neck_connective,right,descending
1192,720575941480494466,,,,,,ventral_nerve_cord_bilateral_interconnecting,INXXX089,,,,,intrinsic,,,TBD,INXXX089,id:11729,,,acetylcholine,,,,ventral_nerve_cord,left,ventral_nerve_cord_intrinsic
1193,720575941480515714,,,,,,ventral_nerve_cord_bilateral_interconnecting,IN07B065,,,,,intrinsic,,,07B,IN07B065,id:40560,,,acetylcholine,acetylcholine,,,ventral_nerve_cord,left,ventral_nerve_cord_intrinsic
1194,720575941480529282,,,,,,ventral_nerve_cord_ipsilateral_restricted,IN20A.22A040,,,,,intrinsic,,,20A.22A,IN20A.22A040,id:24804,,,acetylcholine,acetylcholine,,,ventral_nerve_cord,right,ventral_nerve_cord_intrinsic
1195,720575941480554370,,,descending_neuron,,,,DNg79,DNg79,id:720575940627538434,,,intrinsic,PS138,id:1499441777,MD3,DNg79,id:15934,,,acetylcholine,,,,neck_connective,right,descending
1196,720575941480559746,,,,,,ventral_nerve_cord_ipsilateral_restricted,IN03A084,,,,,intrinsic,,,03A,IN03A084,id:21507,,,acetylcholine,acetylcholine,,,ventral_nerve_cord,left,ventral_nerve_cord_intrinsic
1197,720575941480585346,,front_leg,chordotonal_organ_neuron,proprioception,position,front_leg_claw_chordotonal_organ_neuron,SNpp51,,,,,afferent,,,,SNpp51,id:205335,right_prothoracic_leg_nerve,,gaba,acetylcholine,,chordotonal_organ,ventral_nerve_cord,right,sensory
1198,720575941480587394,,,descending_neuron,,,,DNge013,DNge013,id:720575940645834275,,,intrinsic,,,putative_primary,DNxn071,id:15331,,,acetylcholine,,,,neck_connective,right,descending
1199,720575941480631170,,,,,,ventral_nerve_cord_bilateral_interconnecting,INXXX101,,,,,intrinsic,,,TBD,INXXX101,id:12456,,,acetylcholine,,,,ventral_nerve_cord,right,ventral_nerve_cord_intrinsic
1200,720575941480673154,,,descending_neuron,,,,DNg12_b,DNg12_b,id:720575940620149836,,,intrinsic,,,MX12,,,,,acetylcholine,,MX12_R_26,,neck_connective,right,descending
1201,720575941480704954,,,descending_neuron,,,,DNg07,DNg07,id:720575940644801060,,,intrinsic,,,LB7,DNut036,id:40234,,,acetylcholine,,,,neck_connective,right,descending
1202,720575941480714626,,,ascending_neuron,,,,AN12A003,AN_GNG_79,id:720575940630404311,,,intrinsic,,,12A,AN12A003,id:11121,,,acetylcholine,acetylcholine,,,neck_connective,left,ascending
1203,720575941480759971,,,descending_neuron,,,,DNge136,DNge136,id:720575940633996883,,,intrinsic,,,MX3,DNxn179,id:12617,,,gaba,,,,neck_connective,left,descending
1204,720575941480780451,,,descending_neuron,,,,DNg50,DNg50,id:720575940619744496,,,intrinsic,,,putative_primary,DNg50,id:14786,,,acetylcholine,,,,neck_connective,left,descending
1205,720575941480784258,,,descending_neuron,,,,DNp43,DNp43,id:720575940631122191,,,intrinsic,,,DM6_central2,DNp43,id:11930,,,acetylcholine,,,,neck_connective,left,descending
1206,720575941480796835,,"coxa,front_leg",hair_plate_neuron,proprioception,joint_angle,front_leg_hair_plate_neuron,SNpp52,,,,id:1909,afferent,,,,SNpp52,id:21695,right_dorsal_prothoracic_nerve,,gaba,,CoHP3,"CoHP3,hair_plate",ventral_nerve_cord,right,sensory
1207,720575941480797859,,,descending_neuron,,,,DNge005,DNge005,id:720575940650282742,,,intrinsic,,,putative_primary,DNad004,id:14007,,,acetylcholine,,,,neck_connective,left,descending
1208,720575941480799395,,,descending_neuron,,,,DNg105,DNg105,id:720575940624897516,,,intrinsic,,,MX3,DNg105,id:10095,,,gaba,,,,neck_connective,left,descending
1209,720575941480809146,,,,,,ventral_nerve_cord_ipsilateral_restricted,IN04B081,,,,,intrinsic,,,04B,IN04B081,id:21782,,,gaba,acetylcholine,,,ventral_nerve_cord,right,ventral_nerve_cord_intrinsic
1210,720575941480815267,,,,,,ventral_nerve_cord_bilateral_restricted,IN03A051,,,,,intrinsic,,,03A,IN03A051,id:17867,,,acetylcholine,acetylcholine,,,ventral_nerve_cord,left,ventral_nerve_cord_intrinsic
1211,720575941480832186,,,,,,ventral_nerve_cord_ipsilateral_interconnecting,IN09A077,,,,,intrinsic,,,09A,,,,,gaba,gaba,,,ventral_nerve_cord,right,ventral_nerve_cord_intrinsic
1212,720575941480846266,,,single_leg_neuromere,,,ventral_nerve_cord_ipsilateral_restricted,IN09A030,,,,,intrinsic,,,09A,IN09A030,id:21740,,,gaba,gaba,,,ventral_nerve_cord,right,ventral_nerve_cord_intrinsic
1213,720575941480901827,,,descending_neuron,,,,DNge085,DNge085,id:720575940622786317,,,intrinsic,,,LB6,DNg18,id:44302,,,gaba,,,,neck_connective,left,descending
1214,720575941480917187,,,descending_neuron,,,,DNge069,DNge069,id:720575940627234069,,,intrinsic,,,MX12__prim,DNg64,id:18099,,,glutamate,,,,neck_connective,right,descending
1215,720575941480925891,,,single_leg_neuromere,tactile,,ventral_nerve_cord_ipsilateral_restricted,IN20A.22A007,,,,,intrinsic,,,20A.22A,IN20A.22A007,id:15731,,,acetylcholine,acetylcholine,,,ventral_nerve_cord,left,ventral_nerve_cord_intrinsic
1216,720575941480942499,,,descending_neuron,,,,DNg12_e,DNg12_e,id:720575940627814522,,,intrinsic,,,,DNnt013,id:29102,,,acetylcholine,,MX12_L_9,,neck_connective,left,descending
1217,720575941480954019,,,descending_neuron,,,,DNpe031,DNpe031,id:720575940621554112,,,intrinsic,,,putative_primary,DNxn187,id:13951,,,glutamate,,,,neck_connective,right,descending
1218,720575941480974048,,,descending_neuron,,,,DNg88,DNg88,id:720575940623355114,,,intrinsic,,,putative_primary,DNxl122,id:11772,,,acetylcholine,,,,neck_connective,right,descending
1219,720575941480996226,,,descending_neuron,,,,DNpe008,DNpe008,id:720575940611102437,,,intrinsic,,,PSp2,DNht001,id:104831,,,acetylcholine,,,,neck_connective,right,descending
1220,720575941481008323,,,,,,ventral_nerve_cord_ipsilateral_restricted,IN13A041,,,,,intrinsic,,,13A,IN13A041,id:18089,,,gaba,gaba,,,ventral_nerve_cord,right,ventral_nerve_cord_intrinsic
1221,720575941481026301,,,,,,ventral_nerve_cord_ipsilateral_restricted,IN04B098,,,,,intrinsic,,,04B,IN04B098,id:23171,,,acetylcholine,acetylcholine,,,ventral_nerve_cord,right,ventral_nerve_cord_intrinsic
1222,720575941481040975,,front_leg,bristle_neuron,tactile,,front_leg_bristle_neuron,SNta34,,,,,afferent,,,,SNta34,id:51045,right_prothoracic_leg_nerve,,acetylcholine,,,bristle,ventral_nerve_cord,right,sensory
1223,720575941481045155,,,descending_neuron,,,,DNpe012,DNpe012,id:720575940629686339,,,intrinsic,DNp16,id:1405300499,PSp2,DNp16,id:34052,,,acetylcholine,,,,neck_connective,right,descending
1224,720575941481059663,,,ascending_neuron,,,,AN05B052,AN_AVLP_GNG_23,id:720575940603767473,,,intrinsic,,,05B,AN05B052,id:16579,,,gaba,gaba,,,neck_connective,left,ascending
1225,720575941481061199,,prosternal_organ,hair_plate_neuron,proprioception,joint_angle,prosternal_hair_plate_neuron,SNpp19,,,,,afferent,,,,SNpp19,id:32122,left_prosternal_nerve,,acetylcholine,,,hair_plate,ventral_nerve_cord,left,sensory
1226,720575941481093885,,front_leg,chordotonal_organ_neuron,proprioception,position,front_leg_claw_chordotonal_organ_neuron,SNpp51,,,,,afferent,,,,SNpp51,id:205335,right_prothoracic_leg_nerve,,gaba,acetylcholine,claw,chordotonal_organ,ventral_nerve_cord,right,sensory
1227,720575941481100623,,front_leg,bristle_neuron,tactile,,front_leg_bristle_neuron,SNta40,,,,,afferent,,,,SNta40,id:148681,right_prothoracic_leg_nerve,,acetylcholine,,,bristle,ventral_nerve_cord,right,sensory
1228,720575941481103523,,,descending_neuron,,,,DNpe019,DNpe019,id:720575940627620593,,,intrinsic,,,putative_primary,DNxn136,id:17948,,,acetylcholine,,,,neck_connective,left,descending
1229,720575941481105405,,,,tactile,,ventral_nerve_cord_ipsilateral_restricted,IN01B045,,,,,intrinsic,,,01B,,,,,gaba,gaba,,,ventral_nerve_cord,left,ventral_nerve_cord_intrinsic
1230,720575941481122690,,,descending_neuron,,,,DNg08_b,DNg08_b,id:720575940632339425,,,intrinsic,,,MX3,DNg08,id:25128,,,gaba,,,,neck_connective,right,descending
1231,720575941481179066,front_leg,,leg_motor_neuron,leg_motor,flex_femur_tibia_joint,front_leg_motor_neuron,tibia_flexor_Fast,,,,,efferent,,,15B,Ti flexor MN,id:12134,left_prothoracic_leg_nerve,,gaba,glutamate,fast tibia flexor,tibia_flexor_muscle,ventral_nerve_cord,left,motor
1232,720575941481337679,,,descending_neuron,,,,DNg77,DNg77,id:720575940625815562,,,intrinsic,,,putative_primary,DNg77,id:37405,,,acetylcholine,,,,neck_connective,left,descending
1233,720575941481339215,,,ascending_neuron,,,,AN08B031,AN_GNG_184,id:720575940627738679,,,intrinsic,,,08B,AN08B031,id:13213,,,acetylcholine,acetylcholine,,,neck_connective,left,ascending
1234,720575941481381117,,,descending_neuron,,,,DNg45,DNg45,id:720575940627732423,,,intrinsic,,,,DNg45,id:18010,,,acetylcholine,,,,neck_connective,left,descending
1235,720575941481407427,,,descending_neuron,,,,DNg10,DNg10,id:720575940617689816,,,intrinsic,,,LB6,DNg10,id:44358,,,acetylcholine,,,,neck_connective,left,descending
1236,720575941481617859,,front_leg,chordotonal_organ_neuron,proprioception,vibro_position,front_leg_chordotonal_organ_neuron,SNpp44,,,,,afferent,,,,SNpp44,id:142858,right_prothoracic_leg_nerve,,gaba,,,chordotonal_organ,ventral_nerve_cord,right,sensory
1237,720575941481915471,,,,,,ventral_nerve_cord_ipsilateral_restricted,IN20A.22A053,,,,,intrinsic,,,20A.22A,IN20A.22A053,id:23351,,,acetylcholine,acetylcholine,,,ventral_nerve_cord,left,ventral_nerve_cord_intrinsic
1238,720575941481969091,,,,,,ventral_nerve_cord_bilateral_restricted,IN01A083,,,,,intrinsic,,,01A,IN01A083,id:25420,,,acetylcholine,acetylcholine,,,ventral_nerve_cord,right,ventral_nerve_cord_intrinsic
1239,720575941481979075,,,,,,ventral_nerve_cord_ipsilateral_restricted,IN04B081,,,,,intrinsic,,,04B,IN04B081,id:21322,,,acetylcholine,acetylcholine,,,ventral_nerve_cord,left,ventral_nerve_cord_intrinsic
1240,720575941481989059,,,single_leg_neuromere,,,ventral_nerve_cord_ipsilateral_restricted,IN03A006,,,,,intrinsic,,,03A,IN03A006,id:12021,,,acetylcholine,acetylcholine,,,ventral_nerve_cord,left,ventral_nerve_cord_intrinsic
1241,720575941482015171,,,single_leg_neuromere,,,ventral_nerve_cord_ipsilateral_restricted,IN21A002,,,,,intrinsic,,,21A,IN21A002,id:10918,,,glutamate,,,,ventral_nerve_cord,right,ventral_nerve_cord_intrinsic
1242,720575941482028483,,,single_leg_neuromere,,,ventral_nerve_cord_ipsilateral_restricted,IN13A009,,,,,intrinsic,,,13A,IN13A009,id:11435,,,gaba,,,,ventral_nerve_cord,left,ventral_nerve_cord_intrinsic
1243,720575941482046150,,,single_leg_neuromere,,,ventral_nerve_cord_bilateral_restricted,IN23B028,,,,,intrinsic,,,23B,IN23B028,id:18934,,,acetylcholine,acetylcholine,,,ventral_nerve_cord,left,ventral_nerve_cord_intrinsic
1244,720575941482065862,,,,,,ventral_nerve_cord_contralateral_restricted,IN12B065,,,,,intrinsic,,,12B,IN12B065,id:163357,,,gaba,gaba,,,ventral_nerve_cord,left,ventral_nerve_cord_intrinsic
1245,720575941482086854,,,,,,ventral_nerve_cord_ipsilateral_restricted,IN04B038,,,,,intrinsic,,,04B,IN04B038,id:17572,,,acetylcholine,acetylcholine,,,ventral_nerve_cord,left,ventral_nerve_cord_intrinsic
1246,720575941482407677,,,descending_neuron,,,,,,,,,intrinsic,,,,,,,,acetylcholine,,MX12_R_36,,neck_connective,right,descending
1247,720575941482535366,,,descending_neuron,,,,DNg01,DNg01,id:720575940624229925,,,intrinsic,,,LB12,DNg01,id:167965,,,acetylcholine,,,,neck_connective,right,descending
1248,720575941482588346,,,single_leg_neuromere,,,ventral_nerve_cord_contralateral_restricted,IN14A037,,,,,intrinsic,,,14A,IN14A037,id:25974,,,glutamate,,,,ventral_nerve_cord,right,ventral_nerve_cord_intrinsic
1249,720575941482592954,,,,,,ventral_nerve_cord_bilateral_interconnecting,IN07B055,,,,,intrinsic,,,07B,IN07B055,id:16544,,,acetylcholine,acetylcholine,,,ventral_nerve_cord,right,ventral_nerve_cord_intrinsic
1250,720575941482680061,,,single_leg_neuromere,,,ventral_nerve_cord_bilateral_interconnecting,IN06B033,,,,,intrinsic,,,06B,IN06B033,id:12480,,,gaba,gaba,,,ventral_nerve_cord,left,ventral_nerve_cord_intrinsic
1251,720575941482713341,,,descending_neuron,,,,DNg07,DNg07,id:720575940628252751,,,intrinsic,,,LB7,DNut034,id:47124,,,acetylcholine,,,,neck_connective,left,descending
1252,720575941482785021,,,,,,ventral_nerve_cord_ipsilateral_restricted,IN08A021,,,,,intrinsic,,,08A,IN08A021,id:16352,,,glutamate,glutamate,,,ventral_nerve_cord,left,ventral_nerve_cord_intrinsic
1253,720575941482795005,,front_leg,chordotonal_organ_neuron,proprioception,position,front_leg_claw_chordotonal_organ_neuron,SNpp51,,,,,afferent,,,,SNpp51,id:176735,left_prothoracic_leg_nerve,,gaba,acetylcholine,claw,chordotonal_organ,ventral_nerve_cord,left,sensory
1254,720575941482858691,,,single_leg_neuromere,tactile,,ventral_nerve_cord_ipsilateral_restricted,IN01B021,,,,,intrinsic,,,01B,IN01B021,id:194124,,,gaba,gaba,,,ventral_nerve_cord,right,ventral_nerve_cord_intrinsic
1255,720575941482970310,,,descending_neuron,,,,DNge139,DNge139,id:720575940617296029,,,intrinsic,,,,,,,,acetylcholine,,,,neck_connective,right,descending
1256,720575941482975174,,,,,,ventral_nerve_cord_bilateral_interconnecting,IN18B040,,,,,intrinsic,,,18B,IN18B040,id:17687,,,acetylcholine,acetylcholine,,,ventral_nerve_cord,left,ventral_nerve_cord_intrinsic
1257,720575941483106243,,,ascending_neuron,,,,AN02A002,AN_multi_12,id:720575940633157919,,,intrinsic,,,02A,AN02A002,id:10180,,,glutamate,glutamate,,,neck_connective,left,ascending
1258,720575941483266246,,,descending_neuron,,,,DNpe045,DNpe045,id:720575940612488341,,,intrinsic,,,SMPpv2_dorsal,DNxn161,id:12719,,,acetylcholine,,,,neck_connective,right,descending
1259,720575941483326717,,,,,,ventral_nerve_cord_ipsilateral_restricted,IN09A096,,,,,intrinsic,,,09A,IN09A096,id:37443,,,glutamate,gaba,,,ventral_nerve_cord,right,ventral_nerve_cord_intrinsic
1260,720575941483358717,,,descending_neuron,,,,DNp17,DNp17,id:720575940630671734,,,intrinsic,,,PSp2,DNp17,id:29221,,,acetylcholine,,,,neck_connective,left,descending
1261,720575941483384515,,front_leg,chordotonal_organ_neuron,proprioception,position,front_leg_claw_chordotonal_organ_neuron,SNpp51,,,,,afferent,,,,SNpp51,id:205335,right_prothoracic_leg_nerve,,gaba,,,chordotonal_organ,ventral_nerve_cord,right,sensory
1262,720575941483515389,front_leg,,leg_motor_neuron,leg_motor,extend_coxa_trochanter_joint,front_leg_motor_neuron,trochanter_extensor_LinJ,,,,,efferent,,,,,,left_prothoracic_leg_nerve,,gaba,,,trochanter_extensor_muscle,ventral_nerve_cord,left,motor
1263,720575941483529914,,,,,,ventral_nerve_cord_ipsilateral_restricted,INXXX194,,,,,intrinsic,,,TBD,INXXX194,id:14276,,,glutamate,,,,ventral_nerve_cord,left,ventral_nerve_cord_intrinsic
1264,720575941483537338,,,,,,ventral_nerve_cord_bilateral_interconnecting,IN11A008,,,,,intrinsic,,,11A,IN11A008,id:15374,,,acetylcholine,acetylcholine,,,ventral_nerve_cord,right,ventral_nerve_cord_intrinsic
1265,720575941483554189,,,descending_neuron,,,,DNge175,DNge175,id:720575940614572906,,,intrinsic,,,LB12,,,,,acetylcholine,,,,neck_connective,left,descending
1266,720575941483679674,,,descending_neuron,,,,DNge076,DNge076,id:720575940628971779,,,intrinsic,,,putative_primary,DNfl039,id:17995,,,gaba,,,,neck_connective,left,descending
1267,720575941483696381,,,,,,ventral_nerve_cord_bilateral_interconnecting,IN12B044,,,,,intrinsic,,,12B,IN12B044,id:20554,,,gaba,gaba,,,ventral_nerve_cord,left,ventral_nerve_cord_intrinsic
1268,720575941483701178,,,descending_neuron,,,,DNp67,DNp67,id:720575940630221509,,,intrinsic,,,SMPpv2_dorsal,DNp67,id:15099,,,acetylcholine,,,,neck_connective,right,descending
1269,720575941483830338,,,,,,ventral_nerve_cord_ipsilateral_restricted,IN08A034,,,,,intrinsic,,,08A,IN08A034,id:155063,,,glutamate,glutamate,,,ventral_nerve_cord,right,ventral_nerve_cord_intrinsic
1270,720575941483848122,,,ascending_neuron,,,,AN17A015,AN_GNG_94,id:720575940636706118,,,intrinsic,,,17A,AN17A015,id:11036,,,acetylcholine,acetylcholine,,,neck_connective,right,ascending
1271,720575941483860290,,,,,,ventral_nerve_cord_contralateral_restricted,IN13B065,,,,,intrinsic,,,13B,,,,,gaba,gaba,,,ventral_nerve_cord,right,ventral_nerve_cord_intrinsic
1272,720575941483879430,,,ascending_neuron,,,,AN07B071,,,,,intrinsic,,,07B,AN07B071,id:24156,,,acetylcholine,acetylcholine,,,neck_connective,right,ascending
1273,720575941484000198,,front_leg,chordotonal_organ_neuron,proprioception,vibro_tactile,front_leg_club_chordotonal_organ_neuron,SNxxxx,,,,,afferent,,,,SNxxxx,id:10001,right_prothoracic_leg_nerve,,gaba,,,chordotonal_organ,ventral_nerve_cord,right,sensory
1274,720575941484007686,,,,,,ventral_nerve_cord_ipsilateral_restricted,IN03A085,,,,,intrinsic,,,03A,IN03A085,id:25363,,,acetylcholine,acetylcholine,,,ventral_nerve_cord,left,ventral_nerve_cord_intrinsic
1275,720575941484061958,,,,,,ventral_nerve_cord_ipsilateral_restricted,IN17A065,,,,,intrinsic,,,17A,IN17A065,id:17020,,,glutamate,acetylcholine,,,ventral_nerve_cord,left,ventral_nerve_cord_intrinsic
1276,720575941484067334,,,,,,ventral_nerve_cord_bilateral_restricted,IN01A052,,,,,intrinsic,,,01A,IN01A052,id:16988,,,acetylcholine,acetylcholine,,,ventral_nerve_cord,right,ventral_nerve_cord_intrinsic
1277,720575941484195514,,,descending_neuron,,,,DNp24,DNp24,id:720575940623786376,,,intrinsic,DNp24,id:5813048234,putative_primary,DNp24,id:19414,,,gaba,gaba,,,neck_connective,left,descending
1278,720575941484263878,,,descending_neuron,,,,DNbe005,DNbe005,id:720575940613358450,,,intrinsic,,,putative_primary,DNxn007,id:12973,,,glutamate,,,,neck_connective,left,descending
1279,720575941484268474,,front_leg,orphan_neuron,proprioception,,front_leg_orphan_neuron,SNppxx,,,,,afferent,,,,SNppxx,id:172026,right_prothoracic_leg_nerve,,gaba,,,orphan,ventral_nerve_cord,right,sensory
1280,720575941484356861,,,,,,ventral_nerve_cord_bilateral_interconnecting,IN12A019,,,,,intrinsic,,,12A,IN12A019,id:13134,,,acetylcholine,acetylcholine,,,ventral_nerve_cord,right,ventral_nerve_cord_intrinsic
1281,720575941484385789,,,,,,ventral_nerve_cord_bilateral_interconnecting,IN07B028,,,,,intrinsic,,,07B,IN07B028,id:14813,,,acetylcholine,acetylcholine,,,ventral_nerve_cord,left,ventral_nerve_cord_intrinsic
1282,720575941484390978,,,,,,ventral_nerve_cord_ipsilateral_restricted,IN19A132,,,,,intrinsic,,,19A,,,,,gaba,gaba,,,ventral_nerve_cord,left,ventral_nerve_cord_intrinsic
1283,720575941484535482,,,descending_neuron,,,,DNg64,DNg64,id:720575940621947653,,,intrinsic,,,MD3,DNxl065,id:33554,,,gaba,,,,neck_connective,right,descending
1284,720575941484691642,,,ascending_neuron,,,,AN17A003,AN_GNG_91,id:720575940637650830,,,intrinsic,,,17A,AN17A003,id:11004,,,acetylcholine,acetylcholine,,,neck_connective,right,ascending
1285,720575941484811773,,,,,,ventral_nerve_cord_contralateral_restricted,IN13B075,,,,,intrinsic,,,13B,IN13B075,id:33124,,,gaba,gaba,,,ventral_nerve_cord,right,ventral_nerve_cord_intrinsic
1286,720575941484893949,,,ascending_neuron,,,,AN09B007,AN_multi_22,id:720575940630440645,,,intrinsic,,,09B,AN09B007,id:10448,,,acetylcholine,,,,neck_connective,left,ascending
1287,720575941484965186,,,ascending_neuron,,,,AN04B003,AN_multi_48,id:720575940623743892,,,intrinsic,,,04B,AN04B003,id:10394,,,acetylcholine,acetylcholine,,,neck_connective,right,ascending
1288,720575941485037378,,,,,,ventral_nerve_cord_contralateral_restricted,IN12B078,,,,,intrinsic,,,12B,IN12B078,id:36180,,,gaba,gaba,,,ventral_nerve_cord,right,ventral_nerve_cord_intrinsic
1289,720575941485179856,,,,,,ventral_nerve_cord_bilateral_interconnecting,IN07B073,,,,,intrinsic,,,07B,IN07B073,id:22638,,,acetylcholine,acetylcholine,,,ventral_nerve_cord,left,ventral_nerve_cord_intrinsic
1290,720575941485181136,,,single_leg_neuromere,,,ventral_nerve_cord_bilateral_interconnecting,IN01A035,,,,,intrinsic,,,01A,IN01A035,id:15807,,,acetylcholine,acetylcholine,,,ventral_nerve_cord,left,ventral_nerve_cord_intrinsic
1291,720575941485196752,,,,,,ventral_nerve_cord_bilateral_interconnecting,IN12A053,,,,,intrinsic,,,12A,IN12A053,id:18751,,,acetylcholine,acetylcholine,,,ventral_nerve_cord,left,ventral_nerve_cord_intrinsic
1292,720575941485267920,,,,,,ventral_nerve_cord_ipsilateral_restricted,IN04B091,,,,,intrinsic,,,04B,IN04B091,id:22163,,,acetylcholine,acetylcholine,,,ventral_nerve_cord,left,ventral_nerve_cord_intrinsic
1293,720575941485274064,,,single_leg_neuromere,,,ventral_nerve_cord_ipsilateral_restricted,IN19A064,,,,,intrinsic,,,19A,IN19A064,id:155827,,,gaba,gaba,,,ventral_nerve_cord,right,ventral_nerve_cord_intrinsic
1294,720575941485358733,,,descending_neuron,,,,DNge091,DNge091,id:720575940615659521,,,intrinsic,,,LB7,DNxn114,id:27624,,,acetylcholine,,,,neck_connective,right,descending
1295,720575941485371021,,,,,,ventral_nerve_cord_ipsilateral_restricted,IN03A069,,,,,intrinsic,,,03A,IN03A069,id:17373,,,acetylcholine,acetylcholine,,,ventral_nerve_cord,left,ventral_nerve_cord_intrinsic
1296,720575941485372045,,,,,,ventral_nerve_cord_ipsilateral_restricted,IN03A049,,,,,intrinsic,,,03A,IN03A049,id:17186,,,acetylcholine,acetylcholine,,,ventral_nerve_cord,left,ventral_nerve_cord_intrinsic
1297,720575941485392269,,,,,,ventral_nerve_cord_ipsilateral_restricted,IN03A085,,,,,intrinsic,,,03A,IN03A085,id:21483,,,acetylcholine,acetylcholine,,,ventral_nerve_cord,left,ventral_nerve_cord_intrinsic
1298,720575941485405250,,,ascending_neuron,,,,AN06B023,AN_IPS_GNG_1,id:720575940612786995,,,intrinsic,,,06B,AN06B023,id:21631,,,gaba,gaba,,,neck_connective,left,ascending
1299,720575941485430992,,,descending_neuron,,,,DNg37,DNg37,id:720575940623128269,,,intrinsic,,,putative_primary,DNg37,id:12843,,,acetylcholine,acetylcholine,,,neck_connective,right,descending
1300,720575941485464130,,,,,,,,,,,,,,,,,,,,,,,,ventral_nerve_cord,right,
1301,720575941485530509,,front_leg,bristle_neuron,tactile,,front_leg_bristle_neuron,SNxxxx,,,,,afferent,,,,SNxxxx,id:47532,left_prothoracic_leg_nerve,,acetylcholine,,,bristle,ventral_nerve_cord,left,sensory
1302,720575941486064962,front_leg,,leg_motor_neuron,leg_motor,unknown_leg_movement,front_leg_motor_neuron,femur_reductor,,,,,efferent,,,TBD,Fe reductor MN,id:13920,left_prothoracic_leg_nerve,,gaba,,,femur_reductor_muscle,ventral_nerve_cord,left,motor
1303,720575941486128269,,,,,,ventral_nerve_cord_ipsilateral_restricted,IN08A026,,,,,intrinsic,,,08A,IN08A026,id:22756,,,glutamate,glutamate,,,ventral_nerve_cord,left,ventral_nerve_cord_intrinsic
1304,720575941486413709,,,descending_neuron,,,,DNg40,DNg40,id:720575940626901136,,,intrinsic,,,MX3,DNg40,id:23609,,,glutamate,"acetylcholine,glutamate",,,neck_connective,left,descending
1305,720575941486437954,,,descending_neuron,,,,DNg108,DNg108,id:720575940627015196,,,intrinsic,,,putative_primary,DNg108,id:10240,,,gaba,,,,neck_connective,left,descending
1306,720575941486451085,,,,,,ventral_nerve_cord_ipsilateral_restricted,IN16B094,,,,,intrinsic,,,16B,IN16B094,id:21995,,,glutamate,glutamate,,,ventral_nerve_cord,right,ventral_nerve_cord_intrinsic
1307,720575941486459277,,,single_leg_neuromere,,,ventral_nerve_cord_bilateral_restricted,IN14A006,,,,,intrinsic,,,14A,IN14A006,id:12403,,,glutamate,,,,ventral_nerve_cord,right,ventral_nerve_cord_intrinsic
1308,720575941486462093,,,,,,ventral_nerve_cord_bilateral_interconnecting,IN01A018,,,,,intrinsic,,,01A,IN01A018,id:24896,,,acetylcholine,acetylcholine,,,ventral_nerve_cord,right,ventral_nerve_cord_intrinsic
1309,720575941486574598,,,descending_neuron,,,,DNg02_g,DNg02_g,id:720575940627850622,,,intrinsic,,,LB12,DNg02,id:24845,,,acetylcholine,acetylcholine,,,neck_connective,left,descending
1310,720575941486575426,,,descending_neuron,,,,DNge082,DNge082,id:720575940626092302,,,intrinsic,,,putative_primary,DNxl068,id:15155,,,acetylcholine,,,,neck_connective,left,descending
1311,720575941486587714,,,descending_neuron,,,,DNp17,DNp17,id:720575940630671734,,,intrinsic,,,PSp2,DNnt014,id:26571,,,acetylcholine,,,,neck_connective,left,descending
1312,720575941486612034,,,descending_neuron,,,,DNa03,DNa03,id:720575940630085583,,,intrinsic,DNa03,id:1139909038,WEDd1,DNa03,id:26462,,,acetylcholine,,,,neck_connective,right,descending
1313,720575941486684226,,,descending_neuron,,,,DNa14,DNa14,id:720575940620823828,,,intrinsic,,,WEDd1,DNa14,id:14739,,,acetylcholine,,,,neck_connective,left,descending
1314,720575941486692493,,,descending_neuron,,,,DNp68,DNp68,id:720575940617952034,,,intrinsic,,,SMPpv2_dorsal,DNp68,id:15134,,,acetylcholine,,,,neck_connective,right,descending
1315,720575941486700098,,,descending_neuron,,,,DNa05,DNa05,id:720575940623062515,,,intrinsic,PS028,id:1508274233,WEDd1,DNa05,id:12319,,,acetylcholine,,,,neck_connective,right,descending
1316,720575941486785346,,,,,,ventral_nerve_cord_ipsilateral_restricted,IN09A074,,,,,intrinsic,,,09A,IN09A074,id:24137,,,gaba,gaba,,,ventral_nerve_cord,left,ventral_nerve_cord_intrinsic
1317,720575941486815238,,,descending_neuron,,,,DNge027,DNge027,id:720575940617432065,,,intrinsic,,,putative_primary,DNfl022,id:27912,,,acetylcholine,,,,neck_connective,right,descending
1318,720575941486839046,,,ascending_neuron,,,,AN04B004,AN_GNG_VES_5,id:720575940626669355,,,intrinsic,,,04B,AN04B004,id:17395,,,acetylcholine,acetylcholine,,,neck_connective,left,ascending
1319,720575941486872272,,,sequential_leg_neuromeres,,,ventral_nerve_cord_bilateral_interconnecting,IN12B014,,,,,intrinsic,,,12B,IN12B014,id:12343,,,gaba,gaba,,,ventral_nerve_cord,right,ventral_nerve_cord_intrinsic
1320,720575941486908112,,,,,,ventral_nerve_cord_bilateral_restricted,IN19A053,,,,,intrinsic,,,19A,IN19A053,id:21674,,,gaba,gaba,,,ventral_nerve_cord,right,ventral_nerve_cord_intrinsic
1321,720575941486927824,,front_leg,chordotonal_organ_neuron,proprioception,vibro_position,front_leg_chordotonal_organ_neuron,SNpp44,,,,,afferent,,,,SNpp44,id:142858,right_prothoracic_leg_nerve,,gaba,,,chordotonal_organ,ventral_nerve_cord,right,sensory
1322,720575941486936784,,,single_leg_neuromere,,,ventral_nerve_cord_ipsilateral_restricted,IN20A.22A055,,,,,intrinsic,,,20A.22A,IN20A.22A055,id:162554,,,acetylcholine,acetylcholine,,,ventral_nerve_cord,left,ventral_nerve_cord_intrinsic
1323,720575941486980560,,,ascending_neuron,,,,AN12B006,AN_AVLP_52,id:720575940620706486,,,intrinsic,,,12B,AN12B006,id:10356,,,glutamate,,,,neck_connective,left,ascending
1324,720575941487087824,,prosternal_organ,hair_plate_neuron,proprioception,joint_angle,prosternal_hair_plate_neuron,SNpp19,,,,,afferent,,,,SNpp19,id:153401,left_prosternal_nerve,,acetylcholine,,,hair_plate,ventral_nerve_cord,left,sensory
1325,720575941487186896,,,descending_neuron,,,,DNge112,DNge112,id:720575940638084149,,,intrinsic,,,LB7,DNit003,id:46595,,,acetylcholine,,,,neck_connective,right,descending
1326,720575941487319437,,,descending_neuron,,,,DNp57,DNp57,id:720575940629170250,,,intrinsic,PS195,id:1283190163,putative_primary,DNp57,id:14337,,,acetylcholine,,DNp57?,,neck_connective,right,descending
1327,720575941487351437,,,descending_neuron,,,,DNg18_b,DNg18_b,id:720575940630712493,,,intrinsic,,,,,,,,gaba,,,,neck_connective,left,descending
1328,720575941487448205,,,descending_neuron,,,,DNge110,DNge110,id:720575940623934096,,,intrinsic,,,LB7,DNut054,id:23292,,,acetylcholine,,,,neck_connective,left,descending
1329,720575941487480838,,,descending_neuron,,,,DNae006,DNae006,id:720575940625573322,,,intrinsic,PS045,id:5813005259,WEDd1,DNxn118,id:22004,,,acetylcholine,,,,neck_connective,right,descending
1330,720575941487659984,,,descending_neuron,,,,DNge016,DNge016,id:720575940632037224,,,intrinsic,,,LB12,DNut058,id:15025,,,acetylcholine,,,,neck_connective,right,descending
1331,720575941487663669,,,,,,ventral_nerve_cord_contralateral_restricted,IN14A064,,,,,intrinsic,,,14A,IN14A064,id:26849,,,glutamate,,,,ventral_nerve_cord,right,ventral_nerve_cord_intrinsic
1332,720575941487807440,,,single_leg_neuromere,,,ventral_nerve_cord_contralateral_restricted,IN12B059,,,,,intrinsic,,,12B,IN12B059,id:22316,,,gaba,gaba,,,ventral_nerve_cord,left,ventral_nerve_cord_intrinsic
1333,720575941487834677,,,,,,ventral_nerve_cord_bilateral_restricted,IN04B047,,,,,intrinsic,,,04B,,,,,acetylcholine,acetylcholine,,,ventral_nerve_cord,right,ventral_nerve_cord_intrinsic
1334,720575941487843280,,,single_leg_neuromere,,,ventral_nerve_cord_ipsilateral_restricted,IN13A009,,,,,intrinsic,,,13A,IN13A009,id:10230,,,gaba,,,,ventral_nerve_cord,right,ventral_nerve_cord_intrinsic
1335,720575941487866320,,,single_leg_neuromere,,,ventral_nerve_cord_contralateral_restricted,IN13B012,,,,,intrinsic,,,13B,IN13B012,id:101684,,,gaba,gaba,,,ventral_nerve_cord,right,ventral_nerve_cord_intrinsic
1336,720575941487876560,,,ascending_neuron,,,,AN00A006,AN_GNG_SAD_27,id:720575940605173792,,,intrinsic,,,00A,AN00A006,id:11205,,,glutamate,,,,neck_connective,left,ascending
1337,720575941487877328,,,,,,ventral_nerve_cord_bilateral_interconnecting,IN18B017,,,,,intrinsic,,,18B,IN18B017,id:11866,,,acetylcholine,acetylcholine,,,ventral_nerve_cord,left,ventral_nerve_cord_intrinsic
1338,720575941487942608,,,,,,ventral_nerve_cord_contralateral_interconnecting,IN01A024,,,,,intrinsic,,,01A,IN01A024,id:12960,,,acetylcholine,acetylcholine,,,ventral_nerve_cord,right,ventral_nerve_cord_intrinsic
1339,720575941488023605,,,,,,ventral_nerve_cord_ipsilateral_restricted,IN09A096,,,,,intrinsic,,,09A,IN09A096,id:34073,,,gaba,gaba,,,ventral_nerve_cord,left,ventral_nerve_cord_intrinsic
1340,720575941488182217,,,single_leg_neuromere,,,ventral_nerve_cord_ipsilateral_restricted,IN13A018,,,,,intrinsic,,,13A,,,,,gaba,gaba,,,ventral_nerve_cord,right,ventral_nerve_cord_intrinsic
1341,720575941488203209,front_leg,,leg_motor_neuron,leg_motor,pull_long_tendon,front_leg_motor_neuron,long_tendon_muscle_B,,,,,efferent,,,15B,ltm1-tibia MN,id:166385,right_prothoracic_leg_nerve,,gaba,,,long_tendon_muscle,ventral_nerve_cord,right,motor
1342,720575941488204233,,,,,,ventral_nerve_cord_contralateral_restricted,IN14A048,,,,,intrinsic,,,14A,IN14A048,id:27416,,,acetylcholine,,,,ventral_nerve_cord,right,ventral_nerve_cord_intrinsic
1343,720575941488205769,front_leg,,leg_motor_neuron,leg_motor,flex_femur_tibia_joint,front_leg_motor_neuron,tibia_flexor,,,,,efferent,,,15B,Ti flexor MN,id:14798,left_prothoracic_leg_nerve,,gaba,glutamate,,tibia_flexor_muscle,ventral_nerve_cord,left,motor
1344,720575941488287797,front_leg,,leg_motor_neuron,leg_motor,extend_femur_tibia_joint,front_leg_motor_neuron,tibia_extensor_FETi,,,,,efferent,,,TBD,Ti extensor MN,id:11706,right_prothoracic_leg_nerve,,gaba,,"fast tibia extensor,FETi",tibia_extensor_muscle,ventral_nerve_cord,right,motor
1345,720575941488337614,,,single_leg_neuromere,,,ventral_nerve_cord_bilateral_restricted,IN12B024,,,,,intrinsic,,,12B,IN12B024,id:153202,,,gaba,gaba,,,ventral_nerve_cord,right,ventral_nerve_cord_intrinsic
1346,720575941488408117,,,single_leg_neuromere,,,ventral_nerve_cord_contralateral_restricted,IN13B032,,,,,intrinsic,,,13B,IN13B032,id:16600,,,gaba,gaba,,,ventral_nerve_cord,left,ventral_nerve_cord_intrinsic
1347,720575941488512462,,,,,,ventral_nerve_cord_ipsilateral_restricted,IN08A030,,,,,intrinsic,,,08A,IN08A030,id:19298,,,glutamate,glutamate,,,ventral_nerve_cord,right,ventral_nerve_cord_intrinsic
1348,720575941488518350,,,single_leg_neuromere,,,ventral_nerve_cord_contralateral_restricted,IN13B074,,,,,intrinsic,,,13B,IN13B074,id:21492,,,gaba,gaba,,,ventral_nerve_cord,left,ventral_nerve_cord_intrinsic
1349,720575941488534734,,,ventral_nerve_cord_centripetal,gustatory,,ventral_nerve_cord_bilateral_restricted,IN23B018,,,,,intrinsic,,,23B,IN23B018,id:17258,,,acetylcholine,acetylcholine,,,ventral_nerve_cord,left,ventral_nerve_cord_intrinsic
1350,720575941488542414,,,,,,ventral_nerve_cord_ipsilateral_restricted,IN04B102,,,,,intrinsic,,,04B,IN04B102,id:23029,,,acetylcholine,acetylcholine,,,ventral_nerve_cord,right,ventral_nerve_cord_intrinsic
1351,720575941488548302,,,,,,ventral_nerve_cord_ipsilateral_restricted,IN03A084,,,,,intrinsic,,,03A,,,,,acetylcholine,acetylcholine,,,ventral_nerve_cord,right,ventral_nerve_cord_intrinsic
1352,720575941488553422,,,single_leg_neuromere,,,ventral_nerve_cord_bilateral_restricted,IN16B020,,,,,intrinsic,,,16B,IN16B020,id:10060,,,glutamate,glutamate,,,ventral_nerve_cord,left,ventral_nerve_cord_intrinsic
1353,720575941488758988,,,,,,ventral_nerve_cord_ipsilateral_restricted,IN19A061,,,,,intrinsic,,,19A,IN19A061,id:172106,,,gaba,gaba,,,ventral_nerve_cord,right,ventral_nerve_cord_intrinsic
1354,720575941488772300,,,,,,ventral_nerve_cord_ipsilateral_restricted,IN13A051,,,,,intrinsic,,,13A,IN13A051,id:32056,,,gaba,gaba,,,ventral_nerve_cord,right,ventral_nerve_cord_intrinsic
1355,720575941488780492,,,,,,ventral_nerve_cord_contralateral_restricted,IN14A081,,,,,intrinsic,,,14A,IN14A081,id:26230,,,glutamate,,,,ventral_nerve_cord,right,ventral_nerve_cord_intrinsic
1356,720575941488845287,,,descending_neuron,,,,DNg44,DNg44,id:720575940614186449,,,intrinsic,,,MX12__prim,DNg44,id:13845,,,glutamate,,DNge0128,,neck_connective,left,descending
1357,720575941488886066,,front_leg,bristle_neuron,tactile,,front_leg_bristle_neuron,SNta38,,,,,afferent,,,,SNta38,id:149906,left_prothoracic_leg_nerve,,acetylcholine,,,bristle,ventral_nerve_cord,left,sensory
1358,720575941488892978,,front_leg,bristle_neuron,tactile,,front_leg_bristle_neuron,SNta44,,,,id:1473,afferent,,,,SNta44,id:46538,left_prothoracic_leg_nerve,,acetylcholine,,,bristle,ventral_nerve_cord,left,sensory
1359,720575941489036494,,,descending_neuron,,,,DNg12_e,DNg12_e,id:720575940627814522,,,intrinsic,,,MX12,DNxn139,id:36801,,,acetylcholine,,MX12_L_16,,neck_connective,left,descending
1360,720575941489053415,,,,,,ventral_nerve_cord_bilateral_interconnecting,IN19A118,,,,,intrinsic,,,19A,,,,,gaba,gaba,,,ventral_nerve_cord,right,ventral_nerve_cord_intrinsic
1361,720575941489083596,,,descending_neuron,,,,DNg02_f,DNg02_f,id:720575940622910188,,,intrinsic,,,LB12,DNg02,id:18893,,,acetylcholine,acetylcholine,,,neck_connective,right,descending
1362,720575941489116391,,,,,,ventral_nerve_cord_bilateral_interconnecting,vPR9,,,,,intrinsic,,,00A,,,,,gaba,gaba,,,ventral_nerve_cord,right,ventral_nerve_cord_intrinsic
1363,720575941489123047,front_leg,,leg_motor_neuron,leg_motor,pull_long_tendon,front_leg_motor_neuron,long_tendon_muscle_B,,,,,efferent,,,15B,ltm1-tibia MN,id:20612,left_prothoracic_leg_nerve,,,,,long_tendon_muscle,ventral_nerve_cord,left,motor
1364,720575941489125351,neck,,neck_motor_neuron,neck_motor,neck_roll,neck_roll_motor_neuron,DProN_d,,,,,efferent,,,,,,left_dorsal_prothoracic_nerve,,gaba,,,,ventral_nerve_cord,left,motor
1365,720575941489128679,,,single_leg_neuromere,,,ventral_nerve_cord_bilateral_restricted,IN01A080,,,,,intrinsic,,,01A,IN01A080,id:29399,,,acetylcholine,acetylcholine,,,ventral_nerve_cord,left,ventral_nerve_cord_intrinsic
1366,720575941489195724,,,descending_neuron,,,,DNg12_a,DNg12_a,id:720575940625872688,,,intrinsic,,,,,,,,acetylcholine,,MX12_L_2,,neck_connective,left,descending
1367,720575941489207605,,,descending_neuron,,,,DNnt012,,,,,intrinsic,,,,DNnt012,id:32447,,,acetylcholine,,,,neck_connective,right,descending
1368,720575941489250505,,,,proprioception,,ventral_nerve_cord_contralateral_restricted,IN14A026,,,,,intrinsic,,,14A,IN14A026,id:22064,,,glutamate,,,,ventral_nerve_cord,left,ventral_nerve_cord_intrinsic
1369,720575941489274057,,,descending_neuron,,,,DNge046,DNge046,id:720575940622027222,,,intrinsic,,,putative_primary,,,,,gaba,,,,neck_connective,right,descending
1370,720575941489308213,,,,,,ventral_nerve_cord_ipsilateral_restricted,IN13A051,,,,,intrinsic,,,13A,IN13A051,id:14387,,,gaba,gaba,,,ventral_nerve_cord,left,ventral_nerve_cord_intrinsic
1371,720575941489316149,,,single_leg_neuromere,,,ventral_nerve_cord_ipsilateral_restricted,IN21A042,,,,,intrinsic,,,21A,IN21A042,id:20311,,,glutamate,,,,ventral_nerve_cord,right,ventral_nerve_cord_intrinsic
1372,720575941489377737,,,descending_neuron,,,,DNp17,DNp17,id:720575940610010521,,,intrinsic,DNp17,id:5812993956,PSp2,DNp17,id:26587,,,acetylcholine,,,,neck_connective,right,descending
1373,720575941489431093,,,sequential_leg_neuromeres,,,ventral_nerve_cord_bilateral_interconnecting,IN07B006,,,,,intrinsic,,,07B,IN07B006,id:10340,,,acetylcholine,acetylcholine,,,ventral_nerve_cord,left,ventral_nerve_cord_intrinsic
1374,720575941489443893,,front_leg,bristle_neuron,tactile,,front_leg_bristle_neuron,SNta38,,,,id:1423,afferent,,,,SNta38,id:149906,left_prothoracic_leg_nerve,,gaba,,,bristle,ventral_nerve_cord,left,sensory
1375,720575941489638094,,,ascending_neuron,,,,AN17B012,AN_AVLP_9,id:720575940630058752,,,intrinsic,,,17B,AN17B012,id:23695,,,gaba,,,,neck_connective,right,ascending
1376,720575941489662921,,,,,,ventral_nerve_cord_ipsilateral_restricted,IN08A046,,,,,intrinsic,,,08A,IN08A046,id:153221,,,glutamate,glutamate,,,ventral_nerve_cord,right,ventral_nerve_cord_intrinsic
1377,720575941489677769,,,single_leg_neuromere,,,ventral_nerve_cord_ipsilateral_restricted,IN09A012,,,,,intrinsic,,,09A,IN09A012,id:100513,,,gaba,gaba,,,ventral_nerve_cord,left,ventral_nerve_cord_intrinsic
1378,720575941489738185,,,single_leg_neuromere,,,ventral_nerve_cord_ipsilateral_restricted,IN21A078,,,,,intrinsic,,,21A,IN21A078,id:28316,,,glutamate,,,,ventral_nerve_cord,left,ventral_nerve_cord_intrinsic
1379,720575941489742030,,,single_leg_neuromere,,,ventral_nerve_cord_ipsilateral_restricted,IN16B097,,,,,intrinsic,,,16B,IN16B097,id:22546,,,glutamate,glutamate,,,ventral_nerve_cord,right,ventral_nerve_cord_intrinsic
1380,720575941489758665,,front_leg,bristle_neuron,tactile,,front_leg_bristle_neuron,SNxxxx,,,,,afferent,,,,SNxxxx,id:35968306447,right_prothoracic_leg_nerve,,gaba,,,bristle,ventral_nerve_cord,right,sensory
1381,720575941489812277,,,descending_neuron,,,,DNp52,DNp52,id:720575940616886301,,,intrinsic,,,putative_primary,,,,,dopamine,,,,neck_connective,left,descending
1382,720575941489853385,,front_leg,orphan_neuron,,,front_leg_orphan_neuron,SNxxxx,,,,,afferent,,,,SNxxxx,id:10001,right_prothoracic_leg_nerve,,gaba,,,orphan,ventral_nerve_cord,right,sensory
1383,720575941490071605,,,descending_neuron,,,,DNpe054,DNpe054,id:720575940640306061,,,intrinsic,,,PSp2,DNut046,id:51939777929,,,acetylcholine,,,,neck_connective,left,descending
1384,720575941490074569,,,single_leg_neuromere,,,ventral_nerve_cord_ipsilateral_restricted,IN21A023,,,,,intrinsic,,,21A,IN21A023,id:14737,,,glutamate,,,,ventral_nerve_cord,right,ventral_nerve_cord_intrinsic
1385,720575941490075081,,,single_leg_neuromere,,,ventral_nerve_cord_ipsilateral_restricted,IN21A010,,,,,intrinsic,,,21A,IN21A010,id:11589,,,acetylcholine,,,,ventral_nerve_cord,left,ventral_nerve_cord_intrinsic
1386,720575941490122702,,,,,,ventral_nerve_cord_ipsilateral_restricted,IN03A065,,,,,intrinsic,,,03A,IN03A065,id:152786,,,acetylcholine,acetylcholine,,,ventral_nerve_cord,right,ventral_nerve_cord_intrinsic
1387,720575941490212302,,front_leg,bristle_neuron,tactile,,front_leg_bristle_neuron,SNta42,,,,,afferent,,,,SNta42,id:48172,left_prothoracic_leg_nerve,,acetylcholine,,,bristle,ventral_nerve_cord,left,sensory
1388,720575941490234933,,,,proprioception,,ventral_nerve_cord_contralateral_restricted,IN14A089,,,,,intrinsic,,,14A,IN14A089,id:157446,,,glutamate,,,,ventral_nerve_cord,left,ventral_nerve_cord_intrinsic
1389,720575941490285006,,,ascending_neuron,,,,AN23B003,AN_GNG_81,id:720575940636004975,,,intrinsic,,,23B,AN23B003,id:10163,,,acetylcholine,acetylcholine,,,neck_connective,left,ascending
1390,720575941490286030,,,,,,ventral_nerve_cord_ipsilateral_restricted,IN20A.22A056,,,,,intrinsic,,,20A.22A,IN20A.22A056,id:22965,,,acetylcholine,acetylcholine,,,ventral_nerve_cord,right,ventral_nerve_cord_intrinsic
1391,720575941490368972,,front_leg,bristle_neuron,tactile,,front_leg_bristle_neuron,SNta31,,,,,afferent,,,,SNta31,id:44441,left_prothoracic_leg_nerve,,acetylcholine,,,bristle,ventral_nerve_cord,left,sensory
1392,720575941490412853,,,,,,ventral_nerve_cord_ipsilateral_restricted,IN21A083,,,,,intrinsic,,,21A,IN21A083,id:153054,,,glutamate,,,,ventral_nerve_cord,left,ventral_nerve_cord_intrinsic
1393,720575941490413621,,,,,,ventral_nerve_cord_bilateral_interconnecting,IN12A013,,,,,intrinsic,,,12A,IN12A013,id:12624,,,acetylcholine,acetylcholine,,,ventral_nerve_cord,left,ventral_nerve_cord_intrinsic
1394,720575941490414389,,,single_leg_neuromere,,,ventral_nerve_cord_ipsilateral_restricted,IN03A054,,,,,intrinsic,,,03A,IN03A054,id:16727,,,acetylcholine,acetylcholine,,,ventral_nerve_cord,left,ventral_nerve_cord_intrinsic
1395,720575941490416181,,,descending_neuron,,,,DNg93,DNg93,id:720575940613019541,,,intrinsic,,,putative_primary,DNg93,id:10420,,,gaba,,,,neck_connective,right,descending
1396,720575941490471884,,,,,,ventral_nerve_cord_bilateral_interconnecting,IN08B082,,,,,intrinsic,,,08B,IN08B082,id:18652,,,acetylcholine,acetylcholine,,,ventral_nerve_cord,right,ventral_nerve_cord_intrinsic
1397,720575941490535600,,,descending_neuron,,,,DNpe010,DNpe010,id:720575940639919824,,,intrinsic,,,PSp3,DNut039,id:32493,,,glutamate,,,,neck_connective,left,descending
1398,720575941490558261,,,descending_neuron,,,,DNpe023,DNpe023,id:720575940633011256,,,intrinsic,,,putative_primary,DNg60,id:27993,,,acetylcholine,,,,neck_connective,right,descending
1399,720575941490628839,,,single_leg_neuromere,,,ventral_nerve_cord_contralateral_restricted,IN12B052,,,,,intrinsic,,,12B,IN12B052,id:20961,,,gaba,gaba,,,ventral_nerve_cord,right,ventral_nerve_cord_intrinsic
1400,720575941490639591,,,,,,ventral_nerve_cord_ipsilateral_restricted,IN04B072,,,,,intrinsic,,,04B,IN04B072,id:23759,,,acetylcholine,acetylcholine,,,ventral_nerve_cord,right,ventral_nerve_cord_intrinsic
1401,720575941490679497,,,descending_neuron,,,,DNge145,DNge145,id:720575940622728728,,,intrinsic,,,LB7,DNxn115,id:28544,,,acetylcholine,,,,neck_connective,right,descending
1402,720575941490693577,,,sequential_leg_neuromeres,,,ventral_nerve_cord_bilateral_interconnecting,IN19A019,,,,,intrinsic,,,19A,IN19A019,id:11507,,,acetylcholine,,,,ventral_nerve_cord,right,ventral_nerve_cord_intrinsic
1403,720575941490705865,,,ascending_neuron,,,,AN14A003,AN_GNG_46,id:720575940616832901,,,intrinsic,,,14A,AN14A003,id:10822,,,glutamate,,,,neck_connective,left,ascending
1404,720575941490717390,,,descending_neuron,,,,DNa09,DNa09,id:720575940620711334,,,intrinsic,,,WEDd1,DNa09,id:12406,,,acetylcholine,,,,neck_connective,right,descending
1405,720575941490759600,,,single_leg_neuromere,,,ventral_nerve_cord_bilateral_restricted,IN12B030,,,,,intrinsic,,,12B,IN12B030,id:15237,,,gaba,gaba,,,ventral_nerve_cord,right,ventral_nerve_cord_intrinsic
1406,720575941490792654,,front_leg,bristle_neuron,tactile,,front_leg_bristle_neuron,SNta41,,,,,afferent,,,,SNta41,id:150569,left_prothoracic_leg_nerve,,gaba,,,bristle,ventral_nerve_cord,left,sensory
1407,720575941490799157,,,descending_neuron,,,,DNp58,DNp58,id:720575940618936710,,,intrinsic,,,SMPpv2_dorsal,DNp58,id:27771,,,serotonin,,,,neck_connective,right,descending
1408,720575941490855600,,,,,,ventral_nerve_cord_ipsilateral_restricted,IN20A.22A082,,,,,intrinsic,,,20A.22A,IN20A.22A082,id:25581,,,acetylcholine,acetylcholine,,,ventral_nerve_cord,right,ventral_nerve_cord_intrinsic
1409,720575941490860464,,,,,,ventral_nerve_cord_ipsilateral_restricted,IN04B070,,,,,intrinsic,,,04B,,,,,acetylcholine,acetylcholine,,,ventral_nerve_cord,left,ventral_nerve_cord_intrinsic
1410,720575941490914761,,,ascending_neuron,,,,AN19A018_d,AN_GNG_52,id:720575940627541954,,,intrinsic,,,19A,AN19A018,id:10788,,,acetylcholine,,BRK2,,neck_connective,left,ascending
1411,720575941491012809,,,descending_neuron,,,,MDN,MDN,id:720575940616026939,,,intrinsic,MDN,id:729742221,primary,MDN,id:14419,,,acetylcholine,acetylcholine,"DNp50,moonwalker descending neuron",,neck_connective,left,descending
1412,720575941491055820,,,descending_neuron,,,,DNp17,DNp17,id:720575940630671734,,,intrinsic,,,PSp2,DNp17,id:27448,,,acetylcholine,,,,neck_connective,left,descending
1413,720575941491065653,,,descending_neuron,,,,MDN,MDN,id:720575940631082808,,,intrinsic,MDN,id:5813021075,primary,MDN,id:14419,,,acetylcholine,acetylcholine,"DNp50,moonwalker descending neuron",,neck_connective,left,descending
1414,720575941491082702,,,single_leg_neuromere,,,ventral_nerve_cord_contralateral_restricted,IN14A110,,,,,intrinsic,,,14A,IN14A110,id:43194,,,glutamate,,,,ventral_nerve_cord,right,ventral_nerve_cord_intrinsic
1415,720575941491089870,,,single_leg_neuromere,,,ventral_nerve_cord_ipsilateral_restricted,IN16B045,,,,,intrinsic,,,16B,IN16B045,id:15217,,,glutamate,glutamate,,,ventral_nerve_cord,right,ventral_nerve_cord_intrinsic
1416,720575941491101134,,,,,,ventral_nerve_cord_bilateral_interconnecting,IN23B022,,,,,intrinsic,,,23B,IN23B022,id:16518,,,acetylcholine,acetylcholine,,,ventral_nerve_cord,left,ventral_nerve_cord_intrinsic
1417,720575941491131854,,"front_leg,trochanter",hair_plate_neuron,proprioception,joint_angle,front_leg_hair_plate_neuron,SNpp52,,,,,afferent,,,,SNpp52,id:21159,left_prothoracic_leg_nerve,,gaba,,,hair_plate,ventral_nerve_cord,left,sensory
1418,720575941491145525,,,,,,ventral_nerve_cord_ipsilateral_interconnecting,IN02A029,,,,,intrinsic,,,02A,IN02A029,id:11357,,,glutamate,glutamate,,,ventral_nerve_cord,left,ventral_nerve_cord_intrinsic
1419,720575941491274697,,,,,,ventral_nerve_cord_bilateral_interconnecting,IN18B045,,,,,intrinsic,,,18B,IN18B045,id:15905,,,acetylcholine,acetylcholine,,,ventral_nerve_cord,right,ventral_nerve_cord_intrinsic
1420,720575941491334348,,,,,,ventral_nerve_cord_ipsilateral_interconnecting,IN03A035,,,,,intrinsic,,,03A,IN03A035,id:15686,,,acetylcholine,acetylcholine,,,ventral_nerve_cord,left,ventral_nerve_cord_intrinsic
1421,720575941491610599,,,,,,ventral_nerve_cord_ipsilateral_restricted,IN20A.22A056,,,,,intrinsic,,,20A.22A,IN20A.22A056,id:26320,,,acetylcholine,acetylcholine,,,ventral_nerve_cord,right,ventral_nerve_cord_intrinsic
1422,720575941491618023,,,,,,ventral_nerve_cord_contralateral_interconnecting,IN06B065,,,,,intrinsic,,,06B,IN06B065,id:23003,,,gaba,,,,ventral_nerve_cord,left,ventral_nerve_cord_intrinsic
1423,720575941491640551,,,,,,ventral_nerve_cord_bilateral_interconnecting,IN09B006,,,,,intrinsic,,,09B,IN09B006,id:11703,,,acetylcholine,,,,ventral_nerve_cord,left,ventral_nerve_cord_intrinsic
1424,720575941491648999,,,ascending_neuron,,,,ANXXX002,AN_GNG_19,id:720575940618942721,,,intrinsic,,,TBD,ANXXX002,id:10102,,,gaba,,,,neck_connective,left,ascending
1425,720575941491649255,,,descending_neuron,,,,oviDNa_a,oviDNa_a,id:720575940642312136,,,intrinsic,oviDNa,id:550655668,SMPpv1,,,,,acetylcholine,acetylcholine,oviDNa,,neck_connective,right,descending
1426,720575941491651559,,,ventral_nerve_cord_dorsal,,,ventral_nerve_cord_ipsilateral_restricted,IN02A007,,,,,intrinsic,,,02A,IN02A007,id:14823,,,glutamate,glutamate,,,ventral_nerve_cord,right,ventral_nerve_cord_intrinsic
1427,720575941491786444,,,,,,ventral_nerve_cord_ipsilateral_restricted,IN03A046,,,,,intrinsic,,,03A,IN03A046,id:21901,,,acetylcholine,acetylcholine,,,ventral_nerve_cord,right,ventral_nerve_cord_intrinsic
1428,720575941491825353,,front_leg,chordotonal_organ_neuron,proprioception,direction,front_leg_hook_chordotonal_organ_neuron,SNppxx,,,,,afferent,,,,SNppxx,id:44091,right_prothoracic_leg_nerve,,gaba,acetylcholine,,chordotonal_organ,ventral_nerve_cord,right,sensory
1429,720575941491972327,,,descending_neuron,,,,DNge084,DNge084,id:720575940624651189,,,intrinsic,,,putative_primary,DNxn121,id:17871,,,gaba,,,,neck_connective,left,descending
1430,720575941491974604,,"coxa,front_leg",hair_plate_neuron,proprioception,joint_angle,front_leg_hair_plate_neuron,SNpp45,,,,,afferent,,,,SNpp45,id:22677,left_ventral_prothoracic_nerve,,gaba,,CoHP8,"CoHP8,hair_plate",ventral_nerve_cord,left,sensory
1431,720575941492125902,,,descending_neuron,,,,DNp62,DNp62,id:720575940617904208,,,intrinsic,,,putative_primary,DNp62,id:15680,,Dsk,serotonin,,,,neck_connective,right,descending
1432,720575941492153214,,,ascending_neuron,,,,AN07B069,,,,,intrinsic,,,07B,AN07B069,id:22187,,,acetylcholine,acetylcholine,,,neck_connective,left,ascending
1433,720575941492183728,,,,,,ventral_nerve_cord_ipsilateral_restricted,IN16B091,,,,,intrinsic,,,16B,IN16B091,id:166328,,,glutamate,glutamate,,,ventral_nerve_cord,left,ventral_nerve_cord_intrinsic
1434,720575941492196272,,,single_leg_neuromere,,,ventral_nerve_cord_ipsilateral_restricted,IN21A015,,,,,intrinsic,,,21A,IN21A015,id:13141,,,acetylcholine,,,,ventral_nerve_cord,right,ventral_nerve_cord_intrinsic
1435,720575941492198832,,,,,,ventral_nerve_cord_bilateral_interconnecting,IN12B070,,,,,intrinsic,,,12B,IN12B070,id:24793,,,gaba,gaba,,,ventral_nerve_cord,left,ventral_nerve_cord_intrinsic
1436,720575941492217548,,,descending_neuron,,,,DNge141,DNge141,id:720575940639314229,,,intrinsic,,,MX3,DNxn152,id:13299,,,gaba,,,,neck_connective,left,descending
1437,720575941492315312,,,ventral_nerve_cord_dorsal,,,ventral_nerve_cord_bilateral_interconnecting,IN11A011,,,,,intrinsic,,,11A,IN11A011,id:11969,,,acetylcholine,acetylcholine,,,ventral_nerve_cord,left,ventral_nerve_cord_intrinsic
1438,720575941492320944,,front_leg,bristle_neuron,tactile,,front_leg_bristle_neuron,SNta42,,,,,afferent,,,,SNta42,id:187659,right_ventral_prothoracic_nerve,,acetylcholine,,,bristle,ventral_nerve_cord,right,sensory
1439,720575941492328167,,,descending_neuron,,,,DNge037,DNge037,id:720575940608188427,,,intrinsic,,,LB7__prim,DNxl014,id:10562,,,acetylcholine,,,,neck_connective,left,descending
1440,720575941492360679,,,ascending_neuron,,,,AN05B049,AN_GNG_62,id:720575940628692055,,,intrinsic,,,05B,AN05B049,id:16216,,,gaba,gaba,,,neck_connective,right,ascending
1441,720575941492364414,,,single_leg_neuromere,,,ventral_nerve_cord_ipsilateral_restricted,IN04B104,,,,,intrinsic,,,04B,,,,,acetylcholine,acetylcholine,,,ventral_nerve_cord,right,ventral_nerve_cord_intrinsic
1442,720575941492421502,,,,,,ventral_nerve_cord_ipsilateral_restricted,IN09A068,,,,,intrinsic,,,09A,,,,,gaba,gaba,,,ventral_nerve_cord,right,ventral_nerve_cord_intrinsic
1443,720575941492421758,,,,,,ventral_nerve_cord_bilateral_restricted,IN16B055,,,,,intrinsic,,,16B,IN16B055,id:18916,,,glutamate,glutamate,,,ventral_nerve_cord,right,ventral_nerve_cord_intrinsic
1444,720575941492431742,,,,,,ventral_nerve_cord_ipsilateral_restricted,IN01B044,,,,,intrinsic,,,01B,,,,,gaba,gaba,,,ventral_nerve_cord,right,ventral_nerve_cord_intrinsic
1445,720575941492434558,,,,,,ventral_nerve_cord_ipsilateral_restricted,IN20A.22A038,,,,,intrinsic,,,20A.22A,IN20A.22A038,id:24925,,,acetylcholine,acetylcholine,,,ventral_nerve_cord,right,ventral_nerve_cord_intrinsic
1446,720575941492436094,,,single_leg_neuromere,,,ventral_nerve_cord_ipsilateral_restricted,IN03A062,,,,,intrinsic,,,03A,IN03A062,id:18451,,,acetylcholine,acetylcholine,,,ventral_nerve_cord,right,ventral_nerve_cord_intrinsic
1447,720575941492446846,,,single_leg_neuromere,,,ventral_nerve_cord_ipsilateral_restricted,IN16B075,,,,,intrinsic,,,16B,IN16B075,id:15885,,,glutamate,glutamate,,,ventral_nerve_cord,left,ventral_nerve_cord_intrinsic
1448,720575941492452222,neck,,neck_motor_neuron,neck_motor,neck_roll,neck_roll_motor_neuron,DProN_d,,,,,efferent,,,,,,left_dorsal_prothoracic_nerve,,acetylcholine,,,,ventral_nerve_cord,left,motor
1449,720575941492463486,,,single_leg_neuromere,,,ventral_nerve_cord_ipsilateral_restricted,IN20A.22A008,,,,,intrinsic,,,20A.22A,IN20A.22A008,id:18155,,,acetylcholine,acetylcholine,,,ventral_nerve_cord,left,ventral_nerve_cord_intrinsic
1450,720575941492471678,,,,,,ventral_nerve_cord_bilateral_interconnecting,IN05B085,,,,,intrinsic,,,05B,IN05B085,id:160222,,,gaba,gaba,,,ventral_nerve_cord,left,ventral_nerve_cord_intrinsic
1451,720575941492477644,,,descending_neuron,,,,DNp49,DNp49,id:720575940625747812,,,intrinsic,DNp49,id:1039335355,PSp3,DNp49,id:11160,,,glutamate,,,,neck_connective,right,descending
1452,720575941492588976,,,descending_neuron,,,,DNge103,DNge103,id:720575940630803727,,,intrinsic,,,putative_primary,DNxl123,id:11488,,,gaba,,,,neck_connective,left,descending
1453,720575941492653031,,,descending_neuron,,,,DNg72,DNg72,id:720575940615323298,,,intrinsic,,,MX7__prim,DNg72,id:70285,,,glutamate,,,,neck_connective,left,descending
1454,720575941492684208,,,descending_neuron,,,,DNpe054,DNpe054,id:720575940632379071,,,intrinsic,,,,DNut046,id:51939777929,,,acetylcholine,,,,neck_connective,left,descending
1455,720575941492697264,,,descending_neuron,,,,DNp28,DNp28,id:720575940621561697,,,intrinsic,,,putative_primary,DNp28,id:12974,ocellar_nerve,,acetylcholine,acetylcholine,,,neck_connective,left,descending
1456,720575941493018032,,,ascending_neuron,,,,ANXXX106,AN_GNG_127,id:720575940612547698,,,intrinsic,,,TBD,ANXXX106,id:13333,,,gaba,,,,neck_connective,right,ascending
1457,720575941493021104,,,descending_neuron,,,,DNpe054,DNpe054,id:720575940632379071,,,intrinsic,,,PSp2,DNut046,id:42077,,,acetylcholine,,,,neck_connective,right,descending
1458,720575941493303216,,front_leg,bristle_neuron,tactile,,front_leg_bristle_neuron,SNxxxx,,,,,afferent,,,,SNxxxx,id:80760,right_prothoracic_leg_nerve,,acetylcholine,,,bristle,ventral_nerve_cord,right,sensory
1459,720575941493311920,,,ascending_neuron,,,,AN12B008,AN_GNG_45,id:720575940614511614,,,intrinsic,,,12B,AN12B008,id:11099,,,gaba,gaba,,,neck_connective,left,ascending
1460,720575941493320368,,,ventral_nerve_cord_serially_convergent,,,ventral_nerve_cord_bilateral_interconnecting,IN07B009,,,,,intrinsic,,,07B,IN07B009,id:11605,,,glutamate,,,,ventral_nerve_cord,left,ventral_nerve_cord_intrinsic
1461,720575941493333680,,,ascending_neuron,,,,AN19A019,,,,,intrinsic,,,19A,AN19A019,id:14014,,,acetylcholine,,,,neck_connective,left,ascending
1462,720575941493440199,,,sequential_leg_neuromeres,,,ventral_nerve_cord_ipsilateral_interconnecting,IN19A009,,,,,intrinsic,,,19A,,,,,acetylcholine,,,,ventral_nerve_cord,right,ventral_nerve_cord_intrinsic
1463,720575941493492935,,,single_leg_neuromere,,,ventral_nerve_cord_ipsilateral_restricted,IN03A045,,,,,intrinsic,,,03A,IN03A045,id:11067,,,acetylcholine,acetylcholine,,,ventral_nerve_cord,left,ventral_nerve_cord_intrinsic
1464,720575941493598407,,hind_leg,orphan_neuron,,,hind_leg_orphan_neuron,SNxxxx,,,,,afferent,,,,SNxxxx,id:41701395021,left_prothoracic_leg_nerve,,,,,orphan,ventral_nerve_cord,left,sensory
1465,720575941493712254,,front_leg,bristle_neuron,tactile,,front_leg_bristle_neuron,SNta42,,,,,afferent,,,,SNta42,id:187659,right_ventral_prothoracic_nerve,,acetylcholine,,,bristle,ventral_nerve_cord,right,sensory
1466,720575941493928064,,,descending_neuron,,,,DNg12_a,DNg12_a,id:720575940615958203,,,intrinsic,,,,DNnt013,id:32699,,,acetylcholine,,MX12_R_20,,neck_connective,right,descending
1467,720575941493947006,,,descending_neuron,,,,DNg46,DNg46,id:720575940615108714,,,intrinsic,,,MX3,DNg46,id:31482,,,glutamate,,,,neck_connective,right,descending
1468,720575941493949310,,,,,,ventral_nerve_cord_ipsilateral_restricted,IN19A124,,,,,intrinsic,,,19A,IN19A124,id:36124,,,gaba,,,,ventral_nerve_cord,left,ventral_nerve_cord_intrinsic
1469,720575941493970814,,,,,,ventral_nerve_cord_ipsilateral_restricted,IN03A085,,,,,intrinsic,,,03A,IN03A085,id:22483,,,acetylcholine,acetylcholine,,,ventral_nerve_cord,right,ventral_nerve_cord_intrinsic
1470,720575941493998464,,,descending_neuron,,,,DNge087,DNge087,id:720575940624154604,,,intrinsic,,,LB6,DNnt010,id:37876,,,gaba,,,,neck_connective,right,descending
1471,720575941494020734,,,,,,ventral_nerve_cord_bilateral_interconnecting,IN19A118,,,,,intrinsic,,,19A,IN19A118,id:14621,,,gaba,gaba,,,ventral_nerve_cord,right,ventral_nerve_cord_intrinsic
1472,720575941494130046,,front_leg,bristle_neuron,tactile,,front_leg_bristle_neuron,SNta42,,,,,afferent,,,,SNta42,id:147841,right_prothoracic_leg_nerve,,acetylcholine,,,bristle,ventral_nerve_cord,right,sensory
1473,720575941494144896,,,,,,ventral_nerve_cord_ipsilateral_restricted,IN03A089,,,,,intrinsic,,,03A,,,,,acetylcholine,acetylcholine,,,ventral_nerve_cord,right,ventral_nerve_cord_intrinsic
1474,720575941494146176,front_leg,,leg_motor_neuron,leg_motor,flex_femur_tibia_joint,front_leg_motor_neuron,accessory_tibia_flexor_B,,,,id:226,efferent,,,15B,Acc. ti flexor MN,id:26777,right_prothoracic_leg_nerve,,,glutamate,,accessory_tibia_flexor_muscle,ventral_nerve_cord,right,motor
1475,720575941494149248,,,single_leg_neuromere,,,ventral_nerve_cord_contralateral_restricted,IN14A110,,,,,intrinsic,,,14A,IN14A110,id:42121,,,glutamate,,,,ventral_nerve_cord,right,ventral_nerve_cord_intrinsic
1476,720575941494151552,,,,,,ventral_nerve_cord_ipsilateral_interconnecting,IN09A077,,,,,intrinsic,,,09A,IN09A077,id:159562,,,gaba,gaba,,,ventral_nerve_cord,right,ventral_nerve_cord_intrinsic
1477,720575941494155648,,,single_leg_neuromere,,,ventral_nerve_cord_ipsilateral_restricted,IN16B030,,,,,intrinsic,,,16B,IN16B030,id:12302,,,glutamate,glutamate,,,ventral_nerve_cord,left,ventral_nerve_cord_intrinsic
1478,720575941494160256,,,,,,ventral_nerve_cord_ipsilateral_restricted,IN19A122,,,,,intrinsic,,,19A,IN19A122,id:20818,,,gaba,gaba,,,ventral_nerve_cord,right,ventral_nerve_cord_intrinsic
1479,720575941494161024,,,,,,ventral_nerve_cord_ipsilateral_restricted,IN20A.22A015,,,,,intrinsic,,,20A.22A,IN20A.22A015,id:22726,,,acetylcholine,acetylcholine,,,ventral_nerve_cord,right,ventral_nerve_cord_intrinsic
1480,720575941494164864,front_leg,,leg_motor_neuron,leg_motor,move_coxa_posterior_lateral,front_leg_motor_neuron,pleural_remotor_and_abductor,,,,,efferent,,,,,,left_prothoracic_accessory_nerve,,acetylcholine,,,pleural_remotor_and_abductor_muscle,ventral_nerve_cord,left,motor
1481,720575941494182526,,,,,,ventral_nerve_cord_ipsilateral_restricted,IN20A.22A018,,,,,intrinsic,,,20A.22A,IN20A.22A018,id:20968,,,acetylcholine,acetylcholine,,,ventral_nerve_cord,left,ventral_nerve_cord_intrinsic
1482,720575941494637182,,front_leg,campaniform_sensillum_neuron,proprioception,mechanical_strain,front_leg_campaniform_sensillum_neuron,SNxxxx,,,,,afferent,,,,SNxxxx,id:141641,left_prothoracic_leg_nerve,,gaba,,CS,campaniform_sensillum,ventral_nerve_cord,left,sensory
1483,720575941494699646,,,,,,ventral_nerve_cord_bilateral_interconnecting,IN12B060,,,,,intrinsic,,,12B,IN12B060,id:23715,,,gaba,gaba,,,ventral_nerve_cord,right,ventral_nerve_cord_intrinsic
1484,720575941494765511,,,,,,ventral_nerve_cord_ipsilateral_restricted,IN20A.22A071,,,,,intrinsic,,,20A.22A,IN20A.22A071,id:42376,,,acetylcholine,acetylcholine,,,ventral_nerve_cord,right,ventral_nerve_cord_intrinsic
1485,720575941494925182,,,descending_neuron,,,,DNge146,DNge146,id:720575940623132621,,,intrinsic,,,,DNxl127,id:11102,,,acetylcholine,,,,neck_connective,right,descending
1486,720575941494960254,,,descending_neuron,,,,DNg79,DNg79,id:720575940627210568,,,intrinsic,,,MD3,DNg79,id:15578,,,acetylcholine,,,,neck_connective,left,descending
1487,720575941494961534,,,single_leg_neuromere,proprioception,,ventral_nerve_cord_contralateral_restricted,IN14A001,,,,,intrinsic,,,14A,IN14A001,id:11212,,,gaba,,,,ventral_nerve_cord,right,ventral_nerve_cord_intrinsic
1488,720575941494986951,,,descending_neuron,,,,DNg02_c,DNg02_c,id:720575940625144061,,,intrinsic,,,LB12,DNg02,id:21714,,,acetylcholine,acetylcholine,,,neck_connective,right,descending
1489,720575941494992583,,,,,,ventral_nerve_cord_bilateral_interconnecting,vPR9,,,,,intrinsic,,,00A,,,,,gaba,gaba,,,ventral_nerve_cord,left,ventral_nerve_cord_intrinsic
1490,720575941494994558,,,ascending_neuron,,,,AN18B053,AN_GNG_78,id:720575940628515115,,,intrinsic,,,,AN18B053,id:40100,,,acetylcholine,,,,neck_connective,right,ascending
1491,720575941495055486,,,descending_neuron,,,,DNpe001,DNpe001,id:720575940620561840,,,intrinsic,,,putative_primary,DNxn135,id:26854,,,acetylcholine,,,,neck_connective,right,descending
1492,720575941495084999,,front_leg,bristle_neuron,tactile,,front_leg_bristle_neuron,SNta40,,,,,afferent,,,,SNta40,id:93104,right_prothoracic_leg_nerve,,acetylcholine,,,bristle,ventral_nerve_cord,right,sensory
1493,720575941495120071,,front_leg,bristle_neuron,tactile,,front_leg_bristle_neuron,SNxxxx,,,,,afferent,,,,SNxxxx,id:80760,right_prothoracic_leg_nerve,,acetylcholine,,,bristle,ventral_nerve_cord,right,sensory
1494,720575941495128446,,,ascending_neuron,,,,AN01A014,,,,,intrinsic,,,01A,AN01A014,id:11597,,,acetylcholine,acetylcholine,,,neck_connective,left,ascending
1495,720575941495133127,,,single_leg_neuromere,,,ventral_nerve_cord_ipsilateral_restricted,IN09A012,,,,,intrinsic,,,09A,IN09A012,id:165560,,,gaba,gaba,,,ventral_nerve_cord,right,ventral_nerve_cord_intrinsic
1496,720575941495190142,,,ascending_neuron,,,,AN19B051,AN_GNG_203,id:720575940626494722,,,intrinsic,,,19B,AN19B051,id:38541,,,acetylcholine,acetylcholine,,,neck_connective,left,ascending
1497,720575941495192519,,front_leg,chordotonal_organ_neuron,proprioception,position,front_leg_claw_chordotonal_organ_neuron,SNpp50,,,,,afferent,,,,SNpp50,id:153457,right_prothoracic_leg_nerve,,gaba,acetylcholine,claw,chordotonal_organ,ventral_nerve_cord,right,sensory
1498,720575941495266247,,,descending_neuron,,,,DNge067,DNge067,id:720575940627827697,,,intrinsic,,,putative_primary,DNxl104,id:13161,,,gaba,,,,neck_connective,right,descending
1499,720575941495390848,,,,proprioception,,ventral_nerve_cord_contralateral_restricted,IN14A089,,,,,intrinsic,,,14A,IN14A089,id:157446,,,glutamate,,,,ventral_nerve_cord,left,ventral_nerve_cord_intrinsic
1500,720575941495618939,,,,,,ventral_nerve_cord_contralateral_restricted,IN01A063,,,,,intrinsic,,,01A,IN01A063,id:20424,,,acetylcholine,acetylcholine,,,ventral_nerve_cord,left,ventral_nerve_cord_intrinsic
1501,720575941495634816,,,,,,ventral_nerve_cord_bilateral_interconnecting,GFC4,,,,,intrinsic,,,11A,GFC4,id:42164,,,acetylcholine,acetylcholine,,,ventral_nerve_cord,right,ventral_nerve_cord_intrinsic
1502,720575941495662720,,,,,,ventral_nerve_cord_ipsilateral_restricted,IN20A.22A026,,,,,intrinsic,,,20A.22A,IN20A.22A026,id:20603,,,acetylcholine,acetylcholine,,,ventral_nerve_cord,left,ventral_nerve_cord_intrinsic
1503,720575941495678846,,front_leg,campaniform_sensillum_neuron,proprioception,mechanical_strain,front_leg_campaniform_sensillum_neuron,,,,,,afferent,,,,,,left_prothoracic_leg_nerve,,gaba,,,campaniform_sensillum,ventral_nerve_cord,left,sensory
1504,720575941495697531,,,single_leg_neuromere,,,ventral_nerve_cord_ipsilateral_restricted,IN13A055,,,,,intrinsic,,,13A,,,,,gaba,gaba,,,ventral_nerve_cord,left,ventral_nerve_cord_intrinsic
1505,720575941495775431,,,descending_neuron,,,,DNge085,DNge085,id:720575940639802685,,,intrinsic,,,LB6,,,,,gaba,,,,neck_connective,left,descending
1506,720575941495918665,,,descending_neuron,,,,DNg106,DNg106,id:720575940613816062,,,intrinsic,,,MX3,DNit007,id:33943,,,gaba,,,,neck_connective,left,descending
1507,720575941495929470,,,descending_neuron,,,,DNg36_b,DNg36_b,id:720575940621304004,,,intrinsic,,,LB7,DNg18,id:39959,,,acetylcholine,,,,neck_connective,right,descending
1508,720575941495966919,,,,proprioception,,ventral_nerve_cord_bilateral_restricted,IN19A098,,,,,intrinsic,,,19A,IN19A098,id:28314,,,gaba,gaba,,,ventral_nerve_cord,left,ventral_nerve_cord_intrinsic
1509,720575941495973831,,,single_leg_neuromere,,,ventral_nerve_cord_contralateral_restricted,IN12B052,,,,,intrinsic,,,12B,IN12B052,id:21073,,,gaba,gaba,,,ventral_nerve_cord,left,ventral_nerve_cord_intrinsic
1510,720575941495998843,,,descending_neuron,,,,DNg41,DNg41,id:720575940622037926,,,intrinsic,,,putative_primary,DNg41,id:17794,,,glutamate,,,,neck_connective,right,descending
1511,720575941496011719,,,descending_neuron,,,,DNa16,DNa16,id:720575940632962786,,,intrinsic,,,WEDd1,DNa16,id:10987,,,acetylcholine,,,,neck_connective,left,descending
1512,720575941496079433,,,,,,ventral_nerve_cord_ipsilateral_restricted,IN09A072,,,,,intrinsic,,,09A,IN09A072,id:25008,,,gaba,gaba,,,ventral_nerve_cord,right,ventral_nerve_cord_intrinsic
1513,720575941496083838,,,single_leg_neuromere,,,ventral_nerve_cord_ipsilateral_restricted,IN03A010,,,,,intrinsic,,,03A,IN03A010,id:12050,,,acetylcholine,acetylcholine,,,ventral_nerve_cord,right,ventral_nerve_cord_intrinsic
1514,720575941496088446,,,single_leg_neuromere,,,ventral_nerve_cord_ipsilateral_restricted,IN26X002,,,,,intrinsic,,,26X,IN26X002,id:11912,,,gaba,,,,ventral_nerve_cord,left,ventral_nerve_cord_intrinsic
1515,720575941496089732,,front_leg,bristle_neuron,tactile,,front_leg_bristle_neuron,SNta31,,,,id:1063,afferent,,,,SNta31,id:45829,left_prothoracic_leg_nerve,,acetylcholine,,,bristle,ventral_nerve_cord,left,sensory
1516,720575941496089988,,front_leg,bristle_neuron,tactile,,front_leg_bristle_neuron,SNta35,,,,,afferent,,,,SNta35,id:100336,left_prothoracic_leg_nerve,,gaba,,,bristle,ventral_nerve_cord,left,sensory
1517,720575941496093060,,front_leg,bristle_neuron,tactile,,front_leg_bristle_neuron,SNta41,,,,id:1065,afferent,,,,SNta41,id:150569,left_prothoracic_leg_nerve,,acetylcholine,,,bristle,ventral_nerve_cord,left,sensory
1518,720575941496094596,,front_leg,bristle_neuron,tactile,,front_leg_bristle_neuron,SNta41,,,,id:1036,afferent,,,,SNta41,id:46878,left_prothoracic_leg_nerve,,acetylcholine,,,bristle,ventral_nerve_cord,left,sensory
1519,720575941496095364,,front_leg,bristle_neuron,tactile,,front_leg_bristle_neuron,SNta41,,,,id:1597,afferent,,,,SNta41,id:46878,left_prothoracic_leg_nerve,,acetylcholine,,,bristle,ventral_nerve_cord,left,sensory
1520,720575941496116352,,,ascending_neuron,,,,AN23B001,,,,,intrinsic,,,23B,AN23B001,id:14281,,,acetylcholine,acetylcholine,,,neck_connective,right,ascending
1521,720575941496126793,front_leg,,leg_motor_neuron,leg_motor,extend_tibia_tarsus_joint,front_leg_motor_neuron,tarsus_depressor_B,,,,,efferent,,,,,,right_prothoracic_leg_nerve,,,,,tarsus_depressor_muscle,ventral_nerve_cord,right,motor
1522,720575941496165499,,,,,,ventral_nerve_cord_ipsilateral_restricted,IN16B115,,,,,intrinsic,,,16B,IN16B115,id:30757,,,glutamate,glutamate,,,ventral_nerve_cord,right,ventral_nerve_cord_intrinsic
1523,720575941496208071,,,descending_neuron,,,,DNge058,DNge058,id:720575940613589167,,,intrinsic,,,putative_primary,DNxl091,id:19045,,,acetylcholine,,,,neck_connective,right,descending
1524,720575941496243579,,,single_leg_neuromere,,,ventral_nerve_cord_ipsilateral_restricted,IN20A.22A067,,,,,intrinsic,,,20A.22A,IN20A.22A067,id:26166,,,acetylcholine,acetylcholine,,,ventral_nerve_cord,left,ventral_nerve_cord_intrinsic
1525,720575941496253819,,,single_leg_neuromere,,,ventral_nerve_cord_contralateral_restricted,IN01A030,,,,,intrinsic,,,01A,IN01A030,id:25780,,,acetylcholine,acetylcholine,,,ventral_nerve_cord,right,ventral_nerve_cord_intrinsic
1526,720575941496273633,,,,proprioception,,ventral_nerve_cord_ipsilateral_restricted,IN04B101,,,,,intrinsic,,,04B,IN04B101,id:166421,,,acetylcholine,acetylcholine,,,ventral_nerve_cord,left,ventral_nerve_cord_intrinsic
1527,720575941496286025,,,,,,ventral_nerve_cord_ipsilateral_restricted,IN20A.22A085,,,,,intrinsic,,,20A.22A,IN20A.22A085,id:28762,,,acetylcholine,acetylcholine,,,ventral_nerve_cord,left,ventral_nerve_cord_intrinsic
1528,720575941496314697,,,single_leg_neuromere,,,ventral_nerve_cord_ipsilateral_restricted,IN19A003,,,,,intrinsic,,,19A,,,,,gaba,gaba,,,ventral_nerve_cord,right,ventral_nerve_cord_intrinsic
1529,720575941496322529,,,,,,ventral_nerve_cord_bilateral_restricted,IN01A083,,,,,intrinsic,,,01A,IN01A083,id:155654,,,acetylcholine,acetylcholine,,,ventral_nerve_cord,right,ventral_nerve_cord_intrinsic
1530,720575941496426695,,,descending_neuron,,,,DNg02_f,DNg02_f,id:720575940626278129,,,intrinsic,,,LB12,DNg02,id:20843,,,acetylcholine,acetylcholine,,,neck_connective,left,descending
1531,720575941496474953,,,,,,ventral_nerve_cord_bilateral_restricted,IN16B055,,,,,intrinsic,,,16B,IN16B055,id:12093,,,glutamate,glutamate,,,ventral_nerve_cord,left,ventral_nerve_cord_intrinsic
1532,720575941496630400,,,single_leg_neuromere,,,ventral_nerve_cord_ipsilateral_restricted,IN08A006,,,,,intrinsic,,,08A,IN08A006,id:11195,,,gaba,,,,ventral_nerve_cord,right,ventral_nerve_cord_intrinsic
1533,720575941496638592,,,single_leg_neuromere,,,ventral_nerve_cord_bilateral_restricted,IN06B029,,,,,intrinsic,,,06B,IN06B029,id:12959,,,gaba,gaba,,,ventral_nerve_cord,left,ventral_nerve_cord_intrinsic
1534,720575941496642944,,,ascending_neuron,,,,AN07B005,AN_GNG_178,id:720575940641781152,,,intrinsic,,,07B,AN07B005,id:10295,,,acetylcholine,acetylcholine,,,neck_connective,left,ascending
1535,720575941496654720,,,single_leg_neuromere,,,ventral_nerve_cord_ipsilateral_restricted,IN09A076,,,,,intrinsic,,,09A,IN09A076,id:11037,,,gaba,gaba,,,ventral_nerve_cord,left,ventral_nerve_cord_intrinsic
1536,720575941496666496,,,,,,ventral_nerve_cord_bilateral_interconnecting,IN01A019,,,,,intrinsic,,,01A,IN01A019,id:12188,,,acetylcholine,acetylcholine,,,ventral_nerve_cord,left,ventral_nerve_cord_intrinsic
1537,720575941496667520,,,ascending_neuron,,,,AN19B009,AN_GNG_11,id:720575940618092289,,,intrinsic,,,19B,AN19B009,id:11006,,,acetylcholine,acetylcholine,,,neck_connective,left,ascending
1538,720575941496676295,,,descending_neuron,,,,DNa06,DNa06,id:720575940624986919,,,intrinsic,,,WEDd1,DNa06,id:14931,,,acetylcholine,,,,neck_connective,left,descending
1539,720575941496684672,,,descending_neuron,,,,DNbe002,DNbe002,id:720575940621119061,,,intrinsic,,,putative_primary,DNxl106,id:13049,,,acetylcholine,,,,neck_connective,left,descending
1540,720575941496695751,,,descending_neuron,,,,DNg22,DNg22,id:720575940621566844,,,intrinsic,,,putative_primary,DNg22,id:14244,,FMRFa,serotonin,,,,neck_connective,left,descending
1541,720575941496696263,,,descending_neuron,,,,DNp58,DNp58,id:720575940631309866,,,intrinsic,,,SMPpv2_dorsal,DNp58,id:14171,,,gaba,,,,neck_connective,left,descending
1542,720575941496702336,,,,,,ventral_nerve_cord_bilateral_interconnecting,IN07B029,,,,,intrinsic,,,07B,IN07B029,id:10318,,,acetylcholine,acetylcholine,,,ventral_nerve_cord,left,ventral_nerve_cord_intrinsic
1543,720575941496731042,,,descending_neuron,,,,DNg72,DNg72,id:720575940626179614,,,intrinsic,,,MX7__prim,DNg72,id:25630,,,glutamate,,,,neck_connective,right,descending
1544,720575941496829346,,,single_leg_neuromere,,,ventral_nerve_cord_contralateral_restricted,IN12B025,,,,,intrinsic,,,12B,IN12B025,id:17247,,,gaba,gaba,,,ventral_nerve_cord,left,ventral_nerve_cord_intrinsic
1545,720575941496919168,,,descending_neuron,,,,DNp57,DNp57,id:720575940646814340,,,intrinsic,,,putative_primary,DNp57,id:14194,,,acetylcholine,,,,neck_connective,left,descending
1546,720575941497009058,,,ventral_nerve_cord_centrifugal,,,ventral_nerve_cord_bilateral_interconnecting,IN06B008,,,,,intrinsic,,,06B,IN06B008,id:13361,,,gaba,gaba,,,ventral_nerve_cord,left,ventral_nerve_cord_intrinsic
1547,720575941497015458,,,single_leg_neuromere,,,ventral_nerve_cord_ipsilateral_restricted,IN20A.22A023,,,,,intrinsic,,,20A.22A,IN20A.22A023,id:20044,,,acetylcholine,acetylcholine,,,ventral_nerve_cord,right,ventral_nerve_cord_intrinsic
1548,720575941497035643,,,ascending_neuron,,,,AN06B048,,,,,intrinsic,,,06B,AN06B048,id:15871,,,gaba,gaba,,,neck_connective,left,ascending
1549,720575941497278587,,,,,,ventral_nerve_cord_ipsilateral_restricted,IN13A043,,,,,intrinsic,,,13A,IN13A043,id:22903,,,gaba,gaba,,,ventral_nerve_cord,left,ventral_nerve_cord_intrinsic
1550,720575941497518203,,hind_leg,chordotonal_organ_neuron,proprioception,direction,hind_leg_hook_chordotonal_organ_neuron,SNpp39,,,,,afferent,,,,SNpp39,id:178795,right_prothoracic_leg_nerve,,gaba,acetylcholine,,chordotonal_organ,ventral_nerve_cord,right,sensory
1551,720575941497645537,,,single_leg_neuromere,,,ventral_nerve_cord_bilateral_restricted,IN12B072,,,,,intrinsic,,,12B,IN12B072,id:26627,,,gaba,gaba,,,ventral_nerve_cord,right,ventral_nerve_cord_intrinsic
1552,720575941497654656,,,single_leg_neuromere,,,ventral_nerve_cord_ipsilateral_restricted,IN17A052,,,,,intrinsic,,,17A,,,,,acetylcholine,acetylcholine,,,ventral_nerve_cord,right,ventral_nerve_cord_intrinsic
1553,720575941497782144,,,single_leg_neuromere,,,ventral_nerve_cord_bilateral_interconnecting,IN23B032,,,,,intrinsic,,,23B,IN23B032,id:166823,,,acetylcholine,acetylcholine,,,ventral_nerve_cord,left,ventral_nerve_cord_intrinsic
1554,720575941497827041,,,,,,ventral_nerve_cord_ipsilateral_restricted,IN08A021,,,,,intrinsic,,,08A,IN08A021,id:23866,,,glutamate,glutamate,,,ventral_nerve_cord,right,ventral_nerve_cord_intrinsic
1555,720575941497853513,,,,,,ventral_nerve_cord_bilateral_restricted,IN16B050,,,,,intrinsic,,,16B,IN16B050,id:19191,,,glutamate,glutamate,,,ventral_nerve_cord,right,ventral_nerve_cord_intrinsic
1556,720575941497863300,,front_leg,bristle_neuron,tactile,,front_leg_bristle_neuron,SNta24,,,,id:1713,afferent,,,,SNta24,id:101474,left_prothoracic_leg_nerve,,gaba,,,bristle,ventral_nerve_cord,left,sensory
1557,720575941497884288,,,,proprioception,,ventral_nerve_cord_ipsilateral_restricted,IN04B101,,,,,intrinsic,,,04B,IN04B101,id:14944,,,acetylcholine,acetylcholine,,,ventral_nerve_cord,right,ventral_nerve_cord_intrinsic
1558,720575941497917001,,,single_leg_neuromere,,,ventral_nerve_cord_ipsilateral_restricted,IN13A005,,,,,intrinsic,,,13A,IN13A005,id:11770,,,gaba,gaba,,,ventral_nerve_cord,right,ventral_nerve_cord_intrinsic
1559,720575941497988681,,front_leg,bristle_neuron,tactile,,front_leg_bristle_neuron,SNta29,,,,,afferent,,,,SNta29,id:186518,right_prothoracic_leg_nerve,,acetylcholine,,,bristle,ventral_nerve_cord,right,sensory
1560,720575941497996361,,front_leg,bristle_neuron,tactile,,front_leg_bristle_neuron,SNxxxx,,,,,afferent,,,,SNxxxx,id:41762993783,right_prothoracic_leg_nerve,,acetylcholine,,,bristle,ventral_nerve_cord,right,sensory
1561,720575941498087649,,front_leg,chordotonal_organ_neuron,proprioception,,front_leg_claw_chordotonal_organ_neuron,SNxxxx,,,,,afferent,,,,SNxxxx,id:42148618604,right_prothoracic_leg_nerve,,gaba,,,chordotonal_organ,ventral_nerve_cord,right,sensory
1562,720575941498378825,,,single_leg_neuromere,,,ventral_nerve_cord_ipsilateral_restricted,IN03A019,,,,,intrinsic,,,03A,IN03A019,id:13383,,,acetylcholine,acetylcholine,,,ventral_nerve_cord,left,ventral_nerve_cord_intrinsic
1563,720575941498434683,,,descending_neuron,,,,DNge094,DNge094,id:720575940632934751,,,intrinsic,,,LB7,,,,,acetylcholine,,,,neck_connective,right,descending
1564,720575941498438881,,front_leg,bristle_neuron,tactile,,front_leg_bristle_neuron,SNta29,,,,,afferent,,,,SNta29,id:22606,left_prothoracic_leg_nerve,,acetylcholine,,,bristle,ventral_nerve_cord,left,sensory
1565,720575941498444155,,,descending_neuron,,,,DNg06,DNg06,id:720575940612698287,,,intrinsic,,,LB12,DNg06,id:31006,,,acetylcholine,,,,neck_connective,left,descending
1566,720575941498468731,,,,,,ventral_nerve_cord_ipsilateral_interconnecting,IN02A011,,,,,intrinsic,,,02A,IN02A011,id:12553,,,glutamate,glutamate,,,ventral_nerve_cord,left,ventral_nerve_cord_intrinsic
1567,720575941498471291,,,,,,ventral_nerve_cord_bilateral_interconnecting,IN21A030,,,,,intrinsic,,,21A,IN21A030,id:19225,,,gaba,,,,ventral_nerve_cord,left,ventral_nerve_cord_intrinsic
1568,720575941498480251,,,,,,ventral_nerve_cord_bilateral_interconnecting,IN09B006,,,,,intrinsic,,,09B,IN09B006,id:23149,,,acetylcholine,,,,ventral_nerve_cord,right,ventral_nerve_cord_intrinsic
1569,720575941498482043,,,,,,ventral_nerve_cord_ipsilateral_interconnecting,IN19A017,,,,,intrinsic,,,19A,IN19A017,id:10844,,,acetylcholine,,,,ventral_nerve_cord,right,ventral_nerve_cord_intrinsic
1570,720575941498634402,,,,,,ventral_nerve_cord_ipsilateral_restricted,IN13A061,,,,,intrinsic,,,13A,IN13A061,id:37795,,,gaba,gaba,,,ventral_nerve_cord,right,ventral_nerve_cord_intrinsic
1571,720575941498640802,,,single_leg_neuromere,,,ventral_nerve_cord_bilateral_interconnecting,IN09A054,,,,,intrinsic,,,09A,IN09A054,id:23512,,,gaba,gaba,,,ventral_nerve_cord,right,ventral_nerve_cord_intrinsic
1572,720575941498788258,,,descending_neuron,,,,DNge071,DNge071,id:720575940634525303,,,intrinsic,,,LB6,,,,,gaba,,,,neck_connective,left,descending
1573,720575941498794658,,front_leg,bristle_neuron,tactile,,front_leg_bristle_neuron,SNta20,,,,,afferent,,,,SNta20,id:45090,left_prothoracic_leg_nerve,,acetylcholine,,,bristle,ventral_nerve_cord,left,sensory
1574,720575941498827170,,prosternal_organ,hair_plate_neuron,proprioception,joint_angle,prosternal_hair_plate_neuron,SNpp19,,,,id:1913,afferent,,,,SNpp19,id:19363,right_prosternal_nerve,,acetylcholine,,,hair_plate,ventral_nerve_cord,right,sensory
1575,720575941498832763,,,ascending_neuron,,,,AN19B022,AN_GNG_171,id:720575940615509734,,,intrinsic,,,19B,AN19B022,id:12149,,,acetylcholine,acetylcholine,,,neck_connective,right,ascending
1576,720575941498862242,,,ascending_neuron,,,,AN08B099,AN_GNG_SAD_32,id:720575940631811097,,,intrinsic,,,08B,AN08B099,id:20271,,,acetylcholine,acetylcholine,,,neck_connective,right,ascending
1577,720575941498935777,,,,,,ventral_nerve_cord_bilateral_interconnecting,IN27X014,,,,,intrinsic,,,27X,IN27X014,id:174427,,,gaba,,,,ventral_nerve_cord,left,ventral_nerve_cord_intrinsic
1578,720575941498948681,,,single_leg_neuromere,,,ventral_nerve_cord_ipsilateral_restricted,IN01B027,,,,,intrinsic,,,01B,IN01B027,id:26812,,,gaba,gaba,,,ventral_nerve_cord,right,ventral_nerve_cord_intrinsic
1579,720575941498960546,front_leg,,leg_motor_neuron,leg_motor,move_coxa_anterior,front_leg_motor_neuron,tergopleural_promotor_pleural_promotor,,,,,efferent,,,,,,left_dorsal_prothoracic_nerve,,acetylcholine,,,tergopleural_promotor_muscle,ventral_nerve_cord,left,motor
1580,720575941498984161,,,descending_neuron,,,,DNge153,DNge153,id:720575940606753884,,,intrinsic,,,,DNxl114,id:12882,,,gaba,,,,neck_connective,left,descending
1581,720575941498985033,,,,,,ventral_nerve_cord_bilateral_interconnecting,IN07B065,,,,,intrinsic,,,07B,IN07B065,id:24242,,,acetylcholine,acetylcholine,,,ventral_nerve_cord,left,ventral_nerve_cord_intrinsic
1582,720575941498998395,,,descending_neuron,,,,DNg02_b,DNg02_b,id:720575940613793170,,,intrinsic,,,,DNg03,id:28303,,,acetylcholine,,,,neck_connective,right,descending
1583,720575941499006433,,,ascending_neuron,,,,AN08B057,AN_multi_38,id:720575940612331618,,,intrinsic,,,08B,AN08B057,id:14455,,,acetylcholine,acetylcholine,,,neck_connective,right,ascending
1584,720575941499062601,,,ascending_neuron,,,,AN07B040,AN_GNG_47,id:720575940603545190,,,intrinsic,,,07B,AN07B040,id:15691,,,acetylcholine,acetylcholine,,,neck_connective,right,ascending
1585,720575941499077089,,,descending_neuron,,,,DNpe027,DNpe027,id:720575940624121161,,,intrinsic,PS166,id:603167111,putative_primary,DNxn167,id:30130,,,acetylcholine,,,,neck_connective,right,descending
1586,720575941499161569,,,ascending_neuron,,,,AN19A018_d,AN_GNG_76,id:720575940635632888,,,intrinsic,,,19A,AN19A018,id:10282,,,acetylcholine,,BRK6,,neck_connective,left,ascending
1587,720575941499166281,,,descending_neuron,,,,DNge124,DNge124,id:720575940624537284,,,intrinsic,,,putative_primary,DNxl021,id:18568,,,acetylcholine,,,,neck_connective,left,descending
1588,720575941499200585,,,descending_neuron,,,,DNg95,DNg95,id:720575940645534516,,,intrinsic,,,MX12,DNg95,id:15074,,,acetylcholine,,,,neck_connective,left,descending
1589,720575941499209851,,front_leg,campaniform_sensillum_neuron,proprioception,mechanical_strain,front_leg_campaniform_sensillum_neuron,SNxxxx,,,,,afferent,,,,SNxxxx,id:141641,left_prothoracic_leg_nerve,,gaba,,CS,campaniform_sensillum,ventral_nerve_cord,left,sensory
1590,720575941499419977,,front_leg,hair_plate_neuron,proprioception,joint_angle,front_leg_hair_plate_neuron,SNpp45,,,,,afferent,,,,SNpp45,id:172221,right_prothoracic_leg_nerve,,gaba,,,hair_plate,ventral_nerve_cord,right,sensory
1591,720575941499483531,,,,,,ventral_nerve_cord_ipsilateral_restricted,IN01B028,,,,,intrinsic,,,01B,IN01B028,id:38194,,,gaba,gaba,,,ventral_nerve_cord,right,ventral_nerve_cord_intrinsic
1592,720575941499494306,,,,,,ventral_nerve_cord_bilateral_restricted,IN16B034,,,,,intrinsic,,,16B,IN16B034,id:13056,,,glutamate,glutamate,,,ventral_nerve_cord,right,ventral_nerve_cord_intrinsic
1593,720575941499537993,,,,,,ventral_nerve_cord_contralateral_interconnecting,IN09B038,,,,,intrinsic,,,09B,,,,,acetylcholine,,,,ventral_nerve_cord,left,ventral_nerve_cord_intrinsic
1594,720575941499708745,,,descending_neuron,,,,MDN,MDN,id:720575940610236514,,,intrinsic,MDN,id:5813021075,primary,MDN,id:13438,,,acetylcholine,acetylcholine,"DNp50,moonwalker descending neuron",,neck_connective,right,descending
1595,720575941499725986,,,,,,ventral_nerve_cord_bilateral_interconnecting,IN12A036,,,,,intrinsic,,,12A,IN12A036,id:14538,,,acetylcholine,acetylcholine,,,ventral_nerve_cord,right,ventral_nerve_cord_intrinsic
1596,720575941499770530,,,single_leg_neuromere,,,ventral_nerve_cord_bilateral_restricted,IN12B003,,,,,intrinsic,,,12B,IN12B003,id:10390,,,gaba,gaba,,,ventral_nerve_cord,right,ventral_nerve_cord_intrinsic
1597,720575941499772066,,,ascending_neuron,,,,AN01A006,,,,,intrinsic,,,01A,AN01A006,id:11336,,,acetylcholine,acetylcholine,,,neck_connective,left,ascending
1598,720575941499790242,,,,,,ventral_nerve_cord_bilateral_interconnecting,IN09A007,,,,,intrinsic,,,09A,IN09A007,id:10684,,,gaba,gaba,,,ventral_nerve_cord,left,ventral_nerve_cord_intrinsic
1599,720575941499858505,,,,,,ventral_nerve_cord_contralateral_restricted,IN13B065,,,,,intrinsic,,,13B,IN13B065,id:19586,,,gaba,gaba,,,ventral_nerve_cord,right,ventral_nerve_cord_intrinsic
1600,720575941499964385,,,descending_neuron,,,,DNp30,DNp30,id:720575940620156283,,,intrinsic,,,putative_primary,DNp30,id:17883,,Dsk,serotonin,,,,neck_connective,left,descending
1601,720575941499964555,front_leg,,leg_motor_neuron,leg_motor,move_coxa_medial,front_leg_motor_neuron,sternal_adductor_ProAN,,,,,efferent,,,TBD,Sternal adductor MN,id:21718,right_prothoracic_accessory_nerve,,octopamine,,,sternal_adductor_muscle,ventral_nerve_cord,right,motor
1602,720575941499976009,,,descending_neuron,,,,DNg92_b,DNg92_b,id:720575940642198747,,,intrinsic,,,LB12,DNg92,id:34426,,,acetylcholine,,,,neck_connective,left,descending
1603,720575941500644491,,front_leg,taste_peg_neuron,gustatory_tactile,,front_leg_taste_peg_neuron,SNch10,,,,,afferent,,,,SNch10,id:147017,left_prothoracic_leg_nerve,,acetylcholine,,,taste_peg,ventral_nerve_cord,left,sensory
1604,720575941500700139,,,descending_neuron,,,,DNg01,DNg01,id:720575940608838958,,,intrinsic,,,LB12,DNg01,id:25409,,,acetylcholine,,,,neck_connective,left,descending
1605,720575941500828578,,,descending_neuron,,,,DNg102,DNg102,id:720575940630480348,,,intrinsic,,,putative_primary,DNxn182,id:11693,,,gaba,,,,neck_connective,right,descending
1606,720575941500839147,,,descending_neuron,,,,DNge111,DNge111,id:720575940631061900,,,intrinsic,,,LB7,,,,,acetylcholine,,,,neck_connective,right,descending
1607,720575941500840866,,,descending_neuron,,,,DNpe039,DNpe039,id:720575940607378633,,,intrinsic,,,SMPpv2_ventral,DNxn131,id:18312,,,acetylcholine,,,,neck_connective,left,descending
1608,720575941500843426,,,descending_neuron,,,,DNbe003,DNbe003,id:720575940628627867,,,intrinsic,,,putative_primary,DNxl095,id:18076,,,acetylcholine,,,,neck_connective,right,descending
1609,720575941500850571,,,single_leg_neuromere,,,ventral_nerve_cord_bilateral_restricted,IN02A015,,,,,intrinsic,,,02A,IN02A015,id:13437,,,acetylcholine,,,,ventral_nerve_cord,right,ventral_nerve_cord_intrinsic
1610,720575941500851362,,,descending_neuron,,,,DNg100,DNg100,id:720575940647228468,,,intrinsic,,,putative_primary,DNg100,id:10093,,,acetylcholine,,BDN2,,neck_connective,right,descending
1611,720575941500951383,,,,,,ventral_nerve_cord_bilateral_interconnecting,GFC1,,,,,intrinsic,,,18B,GFC1,id:13658,,,acetylcholine,,,,ventral_nerve_cord,left,ventral_nerve_cord_intrinsic
1612,720575941501043179,,,,,,ventral_nerve_cord_ipsilateral_restricted,IN04B091,,,,,intrinsic,,,04B,IN04B091,id:14886,,,acetylcholine,acetylcholine,,,ventral_nerve_cord,right,ventral_nerve_cord_intrinsic
1613,720575941501044055,front_leg,,leg_motor_neuron,leg_motor,pull_long_tendon,front_leg_motor_neuron,long_tendon_muscle_B_femur,,,,,efferent,,,,,,right_prothoracic_leg_nerve,,gaba,,,long_tendon_muscle,ventral_nerve_cord,right,motor
1614,720575941501047787,,,,,,ventral_nerve_cord_bilateral_interconnecting,IN21A073,,,,,intrinsic,,,21A,,,,,glutamate,,,,ventral_nerve_cord,right,ventral_nerve_cord_intrinsic
1615,720575941501051627,,,,,,ventral_nerve_cord_ipsilateral_restricted,IN20A.22A076,,,,,intrinsic,,,20A.22A,IN20A.22A076,id:22485,,,acetylcholine,acetylcholine,,,ventral_nerve_cord,right,ventral_nerve_cord_intrinsic
1616,720575941501135191,,,sequential_leg_neuromeres,,,ventral_nerve_cord_bilateral_interconnecting,IN14B004,,,,,intrinsic,,,14B,,,,,glutamate,,,,ventral_nerve_cord,left,ventral_nerve_cord_intrinsic
1617,720575941501182551,,,,,,ventral_nerve_cord_ipsilateral_restricted,IN13A063,,,,,intrinsic,,,13A,IN13A063,id:152111,,,gaba,gaba,,,ventral_nerve_cord,right,ventral_nerve_cord_intrinsic
1618,720575941501207383,,,single_leg_neuromere,,,ventral_nerve_cord_contralateral_restricted,IN12B037,,,,,intrinsic,,,12B,IN12B037,id:17750,,,gaba,gaba,,,ventral_nerve_cord,left,ventral_nerve_cord_intrinsic
1619,720575941501229143,,,single_leg_neuromere,,,ventral_nerve_cord_contralateral_restricted,IN13B006,,,,,intrinsic,,,13B,,,,,gaba,gaba,,,ventral_nerve_cord,left,ventral_nerve_cord_intrinsic
1620,720575941501552983,,,descending_neuron,,,,DNg02_g,DNg02_g,id:720575940617922439,,,intrinsic,,,LB12,DNg02,id:19182,,,acetylcholine,acetylcholine,,,neck_connective,right,descending
1621,720575941501608939,,,descending_neuron,,,,DNg12_a,DNg12_a,id:720575940631987364,,,intrinsic,,,MX12,DNfl044,id:29261,,,acetylcholine,,MX12_R_12,,neck_connective,right,descending
1622,720575941501635927,,,descending_neuron,,,,DNg02_b,DNg02_b,id:720575940627414887,,,intrinsic,,,,DNg03,id:28303,,,gaba,,,,neck_connective,left,descending
1623,720575941501675826,,haltere,campaniform_sensillum_neuron,proprioception,mechanical_strain,haltere_campaniform_sensillum_neuron,SApp07,AN_4_None,id:720575940603768497,,id:4422,afferent,,,,SApp07,id:15425,right_dorsal_metathoracic_nerve,,acetylcholine,,,campaniform_sensillum,neck_connective,right,sensory_ascending
1624,720575941501748274,,,,,,ventral_nerve_cord_ipsilateral_restricted,IN03A030,,,,,intrinsic,,,03A,IN03A030,id:16868,,,acetylcholine,acetylcholine,,,ventral_nerve_cord,left,ventral_nerve_cord_intrinsic
1625,720575941501807191,,,single_leg_neuromere,,,ventral_nerve_cord_ipsilateral_restricted,IN19A088,,,,,intrinsic,,,19A,,,,,gaba,gaba,,,ventral_nerve_cord,right,ventral_nerve_cord_intrinsic
1626,720575941501821378,,,single_leg_neuromere,,,ventral_nerve_cord_contralateral_restricted,IN13B064,,,,,intrinsic,,,13B,IN13B064,id:156917,,,gaba,gaba,,,ventral_nerve_cord,right,ventral_nerve_cord_intrinsic
1627,720575941501874738,,,single_leg_neuromere,,,ventral_nerve_cord_bilateral_restricted,IN19A024,,,,,intrinsic,,,19A,,,,,gaba,gaba,,,ventral_nerve_cord,right,ventral_nerve_cord_intrinsic
1628,720575941501898290,,,single_leg_neuromere,,,ventral_nerve_cord_bilateral_restricted,IN12B035,,,,,intrinsic,,,12B,,,,,gaba,gaba,,,ventral_nerve_cord,left,ventral_nerve_cord_intrinsic
1629,720575941501900738,,,,,,ventral_nerve_cord_contralateral_restricted,IN13B096,,,,,intrinsic,,,13B,IN13B096,id:39843,,,gaba,gaba,,,ventral_nerve_cord,left,ventral_nerve_cord_intrinsic
1630,720575941501912114,,,,,,ventral_nerve_cord_bilateral_interconnecting,IN11A005,,,,,intrinsic,,,11A,,,,,acetylcholine,acetylcholine,,,ventral_nerve_cord,right,ventral_nerve_cord_intrinsic
1631,720575941501920962,,,single_leg_neuromere,,,ventral_nerve_cord_contralateral_restricted,IN12B025,,,,,intrinsic,,,12B,IN12B025,id:16642,,,gaba,gaba,,,ventral_nerve_cord,left,ventral_nerve_cord_intrinsic
1632,720575941501921586,,,,,,ventral_nerve_cord_contralateral_restricted,IN14A081,,,,,intrinsic,,,14A,IN14A081,id:26817,,,glutamate,,,,ventral_nerve_cord,right,ventral_nerve_cord_intrinsic
1633,720575941501926706,front_leg,,leg_motor_neuron,leg_motor,pull_long_tendon,front_leg_motor_neuron,long_tendon_muscle_B,,,,,efferent,,,,,,right_prothoracic_leg_nerve,,octopamine,,,long_tendon_muscle,ventral_nerve_cord,right,motor
1634,720575941501929010,front_leg,,leg_motor_neuron,leg_motor,pull_long_tendon,front_leg_motor_neuron,long_tendon_muscle_A,,,,,efferent,,,,,,left_prothoracic_leg_nerve,,,,,long_tendon_muscle,ventral_nerve_cord,left,motor
1635,720575941501984651,,,,,,ventral_nerve_cord_bilateral_interconnecting,IN06B012,,,,,intrinsic,,,06B,IN06B012,id:10654,,,gaba,gaba,,,ventral_nerve_cord,right,ventral_nerve_cord_intrinsic
1636,720575941501994123,,front_leg,bristle_neuron,tactile,,front_leg_bristle_neuron,SNta35,,,,,afferent,,,,SNta35,id:100336,left_prothoracic_leg_nerve,,gaba,,,bristle,ventral_nerve_cord,left,sensory
1637,720575941502004107,,,descending_neuron,,,,DNpe003,DNpe003,id:720575940612311987,,,intrinsic,,,putative_primary,DNg37,id:12863,,,acetylcholine,,,,neck_connective,left,descending
1638,720575941502040971,,,single_leg_neuromere,proprioception,,ventral_nerve_cord_contralateral_restricted,IN13B013,,,,,intrinsic,,,13B,IN13B013,id:12699,,,gaba,gaba,,,ventral_nerve_cord,left,ventral_nerve_cord_intrinsic
1639,720575941502043531,,,,,,ventral_nerve_cord_contralateral_restricted,IN01A085,,,,,intrinsic,,,01A,IN01A085,id:27055,,,acetylcholine,acetylcholine,,,ventral_nerve_cord,right,ventral_nerve_cord_intrinsic
1640,720575941502197643,,,ascending_neuron,,,,AN27X004,AN_GNG_171,id:720575940628539735,,,intrinsic,,,27X,AN27X004,id:42819,,,histamine,histamine,,,neck_connective,left,ascending
1641,720575941502262411,,,descending_neuron,,,,DNge007,DNge007,id:720575940626993694,,,intrinsic,,,LB6,DNg88,id:12743,,,acetylcholine,,,,neck_connective,left,descending
1642,720575941502273419,,,descending_neuron,,,,DNpe022,DNpe022,id:720575940632900665,,,intrinsic,,,PSp3,DNxl105,id:13247,,,acetylcholine,,,,neck_connective,right,descending
1643,720575941502534635,,,,,,ventral_nerve_cord_bilateral_restricted,IN16B058,,,,,intrinsic,,,16B,IN16B058,id:22245,,,glutamate,glutamate,,,ventral_nerve_cord,right,ventral_nerve_cord_intrinsic
1644,720575941502541291,,,,proprioception,,ventral_nerve_cord_ipsilateral_restricted,IN04B101,,,,,intrinsic,,,04B,IN04B101,id:21862,,,acetylcholine,acetylcholine,,,ventral_nerve_cord,left,ventral_nerve_cord_intrinsic
1645,720575941502561218,,,single_leg_neuromere,,,ventral_nerve_cord_ipsilateral_restricted,IN20A.22A023,,,,,intrinsic,,,20A.22A,IN20A.22A023,id:23631,,,acetylcholine,acetylcholine,,,ventral_nerve_cord,left,ventral_nerve_cord_intrinsic
1646,720575941502574315,,,ventral_nerve_cord_serially_convergent,,,ventral_nerve_cord_bilateral_interconnecting,IN04A002,,,,,intrinsic,,,04A,IN04A002,id:153200,,,acetylcholine,,,,ventral_nerve_cord,left,ventral_nerve_cord_intrinsic
1647,720575941502628695,,,descending_neuron,,,,DNp15,DNp15,id:720575940623431351,,,intrinsic,DNp15,id:5813078134,putative_primary,DNp15,id:10323,,,acetylcholine,,,,neck_connective,right,descending
1648,720575941502642994,,,,,,ventral_nerve_cord_ipsilateral_restricted,IN13A047,,,,,intrinsic,,,13A,IN13A047,id:18457,,,gaba,gaba,,,ventral_nerve_cord,left,ventral_nerve_cord_intrinsic
1649,720575941502694635,,,,,,ventral_nerve_cord_ipsilateral_restricted,IN04B053,,,,,intrinsic,,,04B,IN04B053,id:19167,,,acetylcholine,acetylcholine,,,ventral_nerve_cord,right,ventral_nerve_cord_intrinsic
1650,720575941502715019,,,descending_neuron,,,,DNg24,DNg24,id:720575940639118926,,,intrinsic,,,MD3,DNg24,id:15090,,,gaba,,,,neck_connective,right,descending
1651,720575941502719627,,,,,,ventral_nerve_cord_ipsilateral_restricted,IN13A035,,,,,intrinsic,,,13A,IN13A035,id:22088,,,gaba,gaba,,,ventral_nerve_cord,right,ventral_nerve_cord_intrinsic
1652,720575941502734475,,,descending_neuron,,,,DNp38,DNp38,id:720575940632422219,,,intrinsic,,,PSp2,DNp38,id:14307,,,acetylcholine,,,,neck_connective,left,descending
1653,720575941502831959,,front_leg,bristle_neuron,tactile,,front_leg_bristle_neuron,SNta29,,,,,afferent,,,,SNta29,id:34041,right_prothoracic_leg_nerve,,acetylcholine,,,bristle,ventral_nerve_cord,right,sensory
1654,720575941502832215,,,,,,ventral_nerve_cord_ipsilateral_restricted,IN21A079,,,,,intrinsic,,,21A,,,,,glutamate,,,,ventral_nerve_cord,left,ventral_nerve_cord_intrinsic
1655,720575941502859351,,,,,,ventral_nerve_cord_ipsilateral_restricted,IN04B070,,,,,intrinsic,,,04B,IN04B070,id:22783,,,acetylcholine,acetylcholine,,,ventral_nerve_cord,right,ventral_nerve_cord_intrinsic
1656,720575941503082802,,,,,,ventral_nerve_cord_ipsilateral_interconnecting,IN03B016,,,,,intrinsic,,,03B,,,,,gaba,,,,ventral_nerve_cord,left,ventral_nerve_cord_intrinsic
1657,720575941503123339,,,ascending_neuron,,,,AN08B099,AN_GNG_164,id:720575940615385823,,,intrinsic,,,08B,AN08B099,id:21780,,,acetylcholine,acetylcholine,,,neck_connective,left,ascending
1658,720575941503131371,,,descending_neuron,,,,DNpe054,DNpe054,id:720575940642411917,,,intrinsic,,,PSp2,DNut042,id:32916,,,acetylcholine,,,,neck_connective,left,descending
1659,720575941503135538,,,single_leg_neuromere,,,ventral_nerve_cord_contralateral_restricted,IN14A114,,,,,intrinsic,,,14A,IN14A114,id:32941,,,glutamate,,,,ventral_nerve_cord,left,ventral_nerve_cord_intrinsic
1660,720575941503144587,,,descending_neuron,,,,DNg10,DNg10,id:720575940660224385,,,intrinsic,,,LB6,DNg10,id:41384,,,gaba,,,,neck_connective,left,descending
1661,720575941503251595,,,single_leg_neuromere,,,ventral_nerve_cord_ipsilateral_restricted,IN17A052,,,,,intrinsic,,,17A,IN17A052,id:14797,,,acetylcholine,acetylcholine,,,ventral_nerve_cord,right,ventral_nerve_cord_intrinsic
1662,720575941503299132,,,,,,ventral_nerve_cord_bilateral_interconnecting,IN03A018,,,,,intrinsic,,,03A,IN03A018,id:13545,,,acetylcholine,acetylcholine,,,ventral_nerve_cord,left,ventral_nerve_cord_intrinsic
1663,720575941503334962,,,ascending_neuron,,,,AN10B037,AN_GNG_165,id:720575940622150152,,,intrinsic,,,10B,AN10B037,id:24111,,,acetylcholine,acetylcholine,,,neck_connective,right,ascending
1664,720575941503389093,,,,,,ventral_nerve_cord_ipsilateral_restricted,IN13A050,,,,,intrinsic,,,13A,IN13A050,id:166485,,,gaba,gaba,,,ventral_nerve_cord,right,ventral_nerve_cord_intrinsic
1665,720575941503454187,,,,,,ventral_nerve_cord_ipsilateral_restricted,IN20A.22A016,,,,,intrinsic,,,20A.22A,IN20A.22A016,id:20022,,,acetylcholine,acetylcholine,,,ventral_nerve_cord,left,ventral_nerve_cord_intrinsic
1666,720575941503461867,,,descending_neuron,,,,DNge010,DNge010,id:720575940629833020,,,intrinsic,,,,DNml001,id:16605,,,acetylcholine,,,,neck_connective,left,descending
1667,720575941503467429,,,single_leg_neuromere,,,ventral_nerve_cord_ipsilateral_interconnecting,IN20A.22A077,,,,,intrinsic,,,20A.22A,IN20A.22A077,id:26559,,,acetylcholine,acetylcholine,,,ventral_nerve_cord,right,ventral_nerve_cord_intrinsic
1668,720575941503503676,,,single_leg_neuromere,,,ventral_nerve_cord_ipsilateral_restricted,IN19A064,,,,,intrinsic,,,19A,,,,,gaba,gaba,,,ventral_nerve_cord,left,ventral_nerve_cord_intrinsic
1669,720575941503508018,,,single_leg_neuromere,,,ventral_nerve_cord_ipsilateral_restricted,IN20A.22A030,,,,,intrinsic,,,20A.22A,IN20A.22A030,id:154520,,,acetylcholine,acetylcholine,,,ventral_nerve_cord,left,ventral_nerve_cord_intrinsic
1670,720575941503517234,,,,,,ventral_nerve_cord_bilateral_restricted,IN04B073,,,,,intrinsic,,,04B,IN04B073,id:101447,,,acetylcholine,acetylcholine,,,ventral_nerve_cord,left,ventral_nerve_cord_intrinsic
1671,720575941503520235,,,single_leg_neuromere,,,ventral_nerve_cord_bilateral_restricted,IN14B005,,,,,intrinsic,,,14B,IN14B005,id:12515,,,glutamate,,,,ventral_nerve_cord,left,ventral_nerve_cord_intrinsic
1672,720575941503524914,,,ascending_neuron,,,,AN05B104,AN_GNG_92,id:720575940603456288,,,intrinsic,,,05B,AN05B104,id:24207,,,acetylcholine,,,,neck_connective,left,ascending
1673,720575941503527147,,,descending_neuron,,,,DNge025,DNge025,id:720575940632303441,,,intrinsic,,,MX12,DNg12,id:31742,,,acetylcholine,,MX12_R_38,,neck_connective,right,descending
1674,720575941503528171,,,descending_neuron,,,,DNg02_h,DNg02_h,id:720575940615679282,,,intrinsic,,,LB12,DNg02,id:18893,,,acetylcholine,acetylcholine,,,neck_connective,right,descending
1675,720575941503528498,,,single_leg_neuromere,,,ventral_nerve_cord_ipsilateral_restricted,IN13A008,,,,,intrinsic,,,13A,IN13A008,id:20940,,,gaba,gaba,,,ventral_nerve_cord,right,ventral_nerve_cord_intrinsic
1676,720575941503529522,,,descending_neuron,,,,DNg10,DNg10,id:720575940617689816,,,intrinsic,,,LB6,DNg10,id:41384,,,gaba,,,,neck_connective,left,descending
1677,720575941503534140,,,,,,ventral_nerve_cord_ipsilateral_restricted,IN09A074,,,,,intrinsic,,,09A,IN09A074,id:100347,,,gaba,gaba,,,ventral_nerve_cord,left,ventral_nerve_cord_intrinsic
1678,720575941503549931,,,descending_neuron,,,,DNg71,DNg71,id:720575940622160560,,,intrinsic,,,MD3,DNg71,id:15546,,,glutamate,,,,neck_connective,right,descending
1679,720575941503592613,,,,,,ventral_nerve_cord_ipsilateral_restricted,IN13A060,,,,,intrinsic,,,13A,IN13A060,id:20792,,,gaba,gaba,,,ventral_nerve_cord,left,ventral_nerve_cord_intrinsic
1680,720575941503596197,,,,,,ventral_nerve_cord_bilateral_interconnecting,IN11A007,,,,,intrinsic,,,11A,,,,,acetylcholine,acetylcholine,,,ventral_nerve_cord,left,ventral_nerve_cord_intrinsic
1681,720575941503633829,,,,,,ventral_nerve_cord_ipsilateral_restricted,IN03A065,,,,,intrinsic,,,03A,IN03A065,id:18398,,,acetylcholine,acetylcholine,,,ventral_nerve_cord,left,ventral_nerve_cord_intrinsic
1682,720575941503643813,,,,proprioception,,ventral_nerve_cord_bilateral_restricted,IN19A117,,,,,intrinsic,,,19A,IN19A117,id:27801,,,gaba,,,,ventral_nerve_cord,right,ventral_nerve_cord_intrinsic
1683,720575941503644581,,,single_leg_neuromere,,,ventral_nerve_cord_ipsilateral_restricted,IN09A076,,,,,intrinsic,,,09A,IN09A076,id:27911,,,gaba,gaba,,,ventral_nerve_cord,right,ventral_nerve_cord_intrinsic
1684,720575941503657893,,,,,,ventral_nerve_cord_ipsilateral_restricted,IN04B015,,,,,intrinsic,,,04B,IN04B015,id:14024,,,acetylcholine,acetylcholine,,,ventral_nerve_cord,left,ventral_nerve_cord_intrinsic
1685,720575941503658661,,,,,,ventral_nerve_cord_ipsilateral_restricted,IN08A026,,,,,intrinsic,,,08A,IN08A026,id:33414,,,glutamate,glutamate,,,ventral_nerve_cord,left,ventral_nerve_cord_intrinsic
1686,720575941503689303,,,,,,ventral_nerve_cord_bilateral_interconnecting,IN06A006,,,,,intrinsic,,,06A,IN06A006,id:12098,,,gaba,gaba,,,ventral_nerve_cord,right,ventral_nerve_cord_intrinsic
1687,720575941503704151,,,,,,ventral_nerve_cord_bilateral_interconnecting,IN12B044,,,,,intrinsic,,,12B,IN12B044,id:23620,,,gaba,gaba,,,ventral_nerve_cord,right,ventral_nerve_cord_intrinsic
1688,720575941503722546,,front_leg,bristle_neuron,tactile,,front_leg_bristle_neuron,SNxxxx,,,,,afferent,,,,SNxxxx,id:47532,left_prothoracic_leg_nerve,,acetylcholine,,,bristle,ventral_nerve_cord,left,sensory
1689,720575941503767127,,,descending_neuron,,,,DNpe003,DNpe003,id:720575940633488153,,,intrinsic,,,putative_primary,,,,,acetylcholine,,,,neck_connective,right,descending
1690,720575941503769650,,,descending_neuron,,,,DNg52,DNg52,id:720575940624967463,,,intrinsic,,,MX3,DNg52,id:26159,,,gaba,,,,neck_connective,left,descending
1691,720575941503846706,,,descending_neuron,,,,DNpe011,DNpe011,id:720575940619089005,,,intrinsic,,,PSp2,DNxn128,id:44692,,,acetylcholine,,,,neck_connective,left,descending
1692,720575941504090162,,,descending_neuron,,,,DNae001,DNae001,id:720575940618167579,,,intrinsic,,,WEDd1,DNxl022,id:12939,,,acetylcholine,,,,neck_connective,left,descending
1693,720575941504117042,,,ascending_neuron,,,,AN08B031,AN_5_None,id:720575940634325916,,,intrinsic,,,08B,AN08B031,id:13917,,,acetylcholine,acetylcholine,,,neck_connective,right,ascending
1694,720575941504247575,,,single_leg_neuromere,,,ventral_nerve_cord_ipsilateral_restricted,IN17A001,,,,,intrinsic,,,17A,,,,,acetylcholine,acetylcholine,,,ventral_nerve_cord,left,ventral_nerve_cord_intrinsic
1695,720575941504258839,,,descending_neuron,,,,DNge025,DNge025,id:720575940618519454,,,intrinsic,,,MX12,DNg12,id:27728,,,acetylcholine,,MX12_R_33,,neck_connective,right,descending
1696,720575941504331607,,,descending_neuron,,,,DNg110,DNg110,id:720575940623491987,,,intrinsic,,,LB12,DNg110,id:25454,,,acetylcholine,,,,neck_connective,right,descending
1697,720575941504343895,,,,,,ventral_nerve_cord_ipsilateral_interconnecting,IN02A029,,,,,intrinsic,,,02A,IN02A029,id:102429,,,glutamate,glutamate,,,ventral_nerve_cord,right,ventral_nerve_cord_intrinsic
1698,720575941504354754,,,ascending_neuron,,,,,,,,,intrinsic,,,,,,,,acetylcholine,,,,neck_connective,right,ascending
1699,720575941504365079,,,single_leg_neuromere,,,ventral_nerve_cord_contralateral_restricted,IN14A023,,,,,intrinsic,,,14A,IN14A023,id:18955,,,glutamate,,,,ventral_nerve_cord,left,ventral_nerve_cord_intrinsic
1700,720575941504381463,,,,proprioception,,ventral_nerve_cord_ipsilateral_restricted,IN19A082,,,,,intrinsic,,,19A,IN19A082,id:32872,,,gaba,gaba,,,ventral_nerve_cord,left,ventral_nerve_cord_intrinsic
1701,720575941504396567,front_leg,,leg_motor_neuron,leg_motor,flex_coxa_trochanter_joint,front_leg_motor_neuron,trochanter_flexor_VProN,,,,,efferent,,,,,,right_ventral_prothoracic_nerve,,gaba,,,trochanter_flexor_muscle,ventral_nerve_cord,right,motor
1702,720575941504418373,,,single_leg_neuromere,,,ventral_nerve_cord_ipsilateral_restricted,IN13A021,,,,,intrinsic,,,13A,,,,,gaba,gaba,,,ventral_nerve_cord,left,ventral_nerve_cord_intrinsic
1703,720575941504427714,,,,,,ventral_nerve_cord_bilateral_restricted,IN13B015,,,,,intrinsic,,,13B,IN13B015,id:13236,,,gaba,gaba,,,ventral_nerve_cord,right,ventral_nerve_cord_intrinsic
1704,720575941504432834,,,,,,ventral_nerve_cord_ipsilateral_restricted,IN01B044,,,,,intrinsic,,,01B,IN01B044,id:30461,,,gaba,gaba,,,ventral_nerve_cord,right,ventral_nerve_cord_intrinsic
1705,720575941504465989,,,single_leg_neuromere,,,ventral_nerve_cord_bilateral_restricted,IN12B072,,,,,intrinsic,,,12B,IN12B072,id:22517,,,gaba,gaba,,,ventral_nerve_cord,left,ventral_nerve_cord_intrinsic
1706,720575941504493637,,,,,,ventral_nerve_cord_ipsilateral_restricted,IN08A026,,,,,intrinsic,,,08A,IN08A026,id:22756,,,glutamate,glutamate,,,ventral_nerve_cord,left,ventral_nerve_cord_intrinsic
1707,720575941504498501,,,,,,ventral_nerve_cord_ipsilateral_restricted,IN20A.22A052,,,,,intrinsic,,,20A.22A,IN20A.22A052,id:22757,,,acetylcholine,acetylcholine,,,ventral_nerve_cord,left,ventral_nerve_cord_intrinsic
1708,720575941504504389,,,single_leg_neuromere,,,ventral_nerve_cord_contralateral_restricted,IN14A037,,,,,intrinsic,,,14A,IN14A037,id:25974,,,glutamate,,,,ventral_nerve_cord,right,ventral_nerve_cord_intrinsic
1709,720575941504526386,,,descending_neuron,,,,DNg55,DNg55,id:720575940622010373,,,intrinsic,,,MD0__prim,DNg55,id:14904,,,gaba,,BDN3,,neck_connective,right,descending
1710,720575941504526898,,,single_leg_neuromere,,,ventral_nerve_cord_ipsilateral_restricted,IN19A001,,,,,intrinsic,,,19A,IN19A001,id:10213,,,gaba,gaba,,,ventral_nerve_cord,right,ventral_nerve_cord_intrinsic
1711,720575941504555570,,,ascending_neuron,,,,AN05B005,AN_8_None,id:720575940634224540,,,intrinsic,,,05B,AN05B005,id:10159,,,gaba,gaba,,,neck_connective,right,ascending
1712,720575941504558661,,,,proprioception,,ventral_nerve_cord_ipsilateral_restricted,IN04B101,,,,,intrinsic,,,04B,IN04B101,id:152655,,,acetylcholine,acetylcholine,,,ventral_nerve_cord,left,ventral_nerve_cord_intrinsic
1713,720575941504602418,,,descending_neuron,,,,DNge130,DNge130,id:720575940632043320,,,intrinsic,,,,DNxn129,id:27359,,,acetylcholine,,,,neck_connective,right,descending
1714,720575941504630507,,,single_leg_neuromere,,,ventral_nerve_cord_ipsilateral_restricted,IN21A008,,,,,intrinsic,,,21A,IN21A008,id:171761,,,glutamate,,,,ventral_nerve_cord,left,ventral_nerve_cord_intrinsic
1715,720575941504652482,,,descending_neuron,,,,DNae009,DNae009,id:720575940620322497,,,intrinsic,,,WEDd1,DNxn124,id:11286,,,acetylcholine,,,,neck_connective,left,descending
1716,720575941504674754,,,ascending_neuron,,,,AN10B024,AN_VES_WED_2,id:720575940628400650,,,intrinsic,,,10B,AN10B024,id:16609,,,acetylcholine,acetylcholine,,,neck_connective,left,ascending
1717,720575941504679106,,,descending_neuron,,,,DNde002,DNde002,id:720575940639170723,,,intrinsic,,,putative_primary,DNxl078,id:21270,,,acetylcholine,,,,neck_connective,right,descending
1718,720575941504687810,,,descending_neuron,,,,DNpe037,DNpe037,id:720575940623274966,,,intrinsic,,,DM6_central2,DNxn113,id:28617,,,acetylcholine,,,,neck_connective,left,descending
1719,720575941504703938,,,descending_neuron,,,,DNb02,DNb02,id:720575940616936226,,,intrinsic,,,putative_primary,DNb02,id:18445,,,glutamate,glutamate,,,neck_connective,left,descending
1720,720575941504723138,,,,,,ventral_nerve_cord_bilateral_restricted,IN04B047,,,,,intrinsic,,,04B,IN04B047,id:17351,,,acetylcholine,acetylcholine,,,ventral_nerve_cord,left,ventral_nerve_cord_intrinsic
1721,720575941504723906,,,ascending_neuron,,,,AN05B017,AN_GNG_101,id:720575940641229520,,,intrinsic,,,05B,AN05B017,id:12129,,,gaba,gaba,,,neck_connective,left,ascending
1722,720575941504759612,,,,,,ventral_nerve_cord_ipsilateral_restricted,IN04B111,,,,,intrinsic,,,04B,IN04B111,id:164146,,,acetylcholine,acetylcholine,,,ventral_nerve_cord,left,ventral_nerve_cord_intrinsic
1723,720575941504810290,,,descending_neuron,,,,DNg90,DNg90,id:720575940605513649,,,intrinsic,,,MX3,DNg90,id:14935,,,gaba,,,,neck_connective,right,descending
1724,720575941504860354,,,single_leg_neuromere,,,ventral_nerve_cord_bilateral_restricted,IN19B003,,,,,intrinsic,,,19B,IN19B003,id:11057,,,acetylcholine,acetylcholine,,,ventral_nerve_cord,left,ventral_nerve_cord_intrinsic
1725,720575941504860978,,,ascending_neuron,,,,AN27X011,AN_multi_4,id:720575940637388004,,,intrinsic,,,27X,AN27X011,id:11392,,,acetylcholine,,,,neck_connective,left,ascending
1726,720575941504891045,,,single_leg_neuromere,,,ventral_nerve_cord_bilateral_restricted,IN01A038,,,,,intrinsic,,,01A,IN01A038,id:15881,,,acetylcholine,acetylcholine,,,ventral_nerve_cord,right,ventral_nerve_cord_intrinsic
1727,720575941505033010,,,descending_neuron,,,,DNp52,DNp52,id:720575940625513360,,,intrinsic,,,putative_primary,,,,,acetylcholine,,,,central_brain,right,descending
1728,720575941505063996,,,single_leg_neuromere,,,ventral_nerve_cord_ipsilateral_restricted,IN13A020,,,,,intrinsic,,,13A,IN13A020,id:16744,,,gaba,gaba,,,ventral_nerve_cord,right,ventral_nerve_cord_intrinsic
1729,720575941505092517,,front_leg,campaniform_sensillum_neuron,proprioception,mechanical_strain,front_leg_bilateral_campaniform_sensillum_neuron,,,,,,afferent,,,,,,right_prothoracic_leg_nerve,,acetylcholine,,,campaniform_sensillum,ventral_nerve_cord,right,sensory
1730,720575941505102396,,,,,,ventral_nerve_cord_bilateral_restricted,IN16B061,,,,,intrinsic,,,16B,IN16B061,id:22519,,,glutamate,glutamate,,,ventral_nerve_cord,right,ventral_nerve_cord_intrinsic
1731,720575941505104444,,,,,,ventral_nerve_cord_ipsilateral_restricted,IN20A.22A083,,,,,intrinsic,,,20A.22A,IN20A.22A083,id:31222,,,acetylcholine,acetylcholine,,,ventral_nerve_cord,left,ventral_nerve_cord_intrinsic
1732,720575941505181093,,,single_leg_neuromere,,,ventral_nerve_cord_contralateral_restricted,IN13B012,,,,,intrinsic,,,13B,IN13B012,id:12738,,,gaba,gaba,,,ventral_nerve_cord,left,ventral_nerve_cord_intrinsic
1733,720575941505204293,,,,,,,,,,,,intrinsic,,,,,,,,gaba,,,,ventral_nerve_cord,left,ventral_nerve_cord_intrinsic
1734,720575941505212325,,,,,,ventral_nerve_cord_bilateral_interconnecting,IN08B054,,,,,intrinsic,,,08B,IN08B054,id:17595,,,acetylcholine,acetylcholine,,,ventral_nerve_cord,left,ventral_nerve_cord_intrinsic
1735,720575941505215548,,front_leg,bristle_neuron,tactile,,front_leg_bristle_neuron,SNta34,,,,,afferent,,,,SNta34,id:51045,right_prothoracic_leg_nerve,,acetylcholine,,,bristle,ventral_nerve_cord,right,sensory
1736,720575941505230501,,,ventral_nerve_cord_centripetal,gustatory,,ventral_nerve_cord_bilateral_restricted,IN23B018,,,,,intrinsic,,,23B,IN23B018,id:158065,,,acetylcholine,acetylcholine,,,ventral_nerve_cord,right,ventral_nerve_cord_intrinsic
1737,720575941505242789,,,descending_neuron,,,,DNg52,DNg52,id:720575940628881576,,,intrinsic,,,MX3,DNg52,id:26574,,,gaba,,,,neck_connective,right,descending
1738,720575941505257893,,,single_leg_neuromere,,,ventral_nerve_cord_ipsilateral_restricted,IN21A087,,,,,intrinsic,,,21A,IN21A087,id:44589,,,glutamate,,,,ventral_nerve_cord,left,ventral_nerve_cord_intrinsic
1739,720575941505410876,,,descending_neuron,,,,DNge057,DNge057,id:720575940627403578,,,intrinsic,,,,DNfl020,id:31408,,,acetylcholine,,,,neck_connective,left,descending
1740,720575941505537986,,,descending_neuron,,,,DNp11,DNp11,id:720575940620054694,,,intrinsic,,,putative_primary,DNp11,id:10122,,,acetylcholine,acetylcholine,,,neck_connective,left,descending
1741,720575941505541154,,,,,,ventral_nerve_cord_ipsilateral_restricted,IN21A079,,,,,intrinsic,,,21A,,,,,glutamate,,,,ventral_nerve_cord,right,ventral_nerve_cord_intrinsic
1742,720575941505568069,front_leg,,leg_motor_neuron,leg_motor,flex_coxa_trochanter_joint,front_leg_motor_neuron,trochanter_flexor_ProAN,,,,,efferent,,,24B.25B,Tr flexor MN,id:18440,right_prothoracic_accessory_nerve,,acetylcholine,glutamate,,trochanter_flexor_muscle,ventral_nerve_cord,right,motor
1743,720575941505660801,front_leg,,leg_motor_neuron,leg_motor,pull_long_tendon,front_leg_motor_neuron,long_tendon_muscle_B,,,,,efferent,,,,,,left_prothoracic_leg_nerve,,,,,long_tendon_muscle,ventral_nerve_cord,left,motor
1744,720575941505673566,,,descending_neuron,,,,DNg82,DNg82,id:720575940628582607,,,intrinsic,,,LB12,DNg82,id:18765,,,acetylcholine,,,,neck_connective,right,descending
1745,720575941505687234,,,,,,,,,,,,intrinsic,,,,,,,,acetylcholine,,,,ventral_nerve_cord,right,ventral_nerve_cord_intrinsic
1746,720575941505744197,,,,,,ventral_nerve_cord_bilateral_interconnecting,IN21A089,,,,,intrinsic,,,21A,IN21A089,id:31752,,,glutamate,,,,ventral_nerve_cord,left,ventral_nerve_cord_intrinsic
1747,720575941505767970,,,descending_neuron,,,,DNg20,DNg20,id:720575940637648485,,,intrinsic,,,MX3,DNg20,id:18351,,,gaba,,,,neck_connective,left,descending
1748,720575941505797682,,,descending_neuron,,,,DNge149,DNge149,id:720575940607384242,,,intrinsic,,,LB0_anterior,DNxl126,id:11254,,,octopamine,,,,neck_connective,right,descending
1749,720575941505798238,,,,,,ventral_nerve_cord_ipsilateral_restricted,IN04B034,,,,,intrinsic,,,04B,IN04B034,id:102322,,,acetylcholine,acetylcholine,,,ventral_nerve_cord,right,ventral_nerve_cord_intrinsic
1750,720575941505853057,,,,,,ventral_nerve_cord_ipsilateral_restricted,IN03A069,,,,,intrinsic,,,03A,IN03A069,id:19249,,,acetylcholine,acetylcholine,,,ventral_nerve_cord,left,ventral_nerve_cord_intrinsic
1751,720575941505866113,,,,,,ventral_nerve_cord_contralateral_restricted,IN12B065,,,,,intrinsic,,,12B,IN12B065,id:23498,,,gaba,gaba,,,ventral_nerve_cord,right,ventral_nerve_cord_intrinsic
1752,720575941505874561,,,single_leg_neuromere,,,ventral_nerve_cord_ipsilateral_restricted,IN04B031,,,,,intrinsic,,,04B,,,,,acetylcholine,acetylcholine,,,ventral_nerve_cord,left,ventral_nerve_cord_intrinsic
1753,720575941505907991,,,single_leg_neuromere,,,ventral_nerve_cord_ipsilateral_restricted,IN20A.22A024,,,,,intrinsic,,,20A.22A,IN20A.22A024,id:21891,,,acetylcholine,acetylcholine,,,ventral_nerve_cord,right,ventral_nerve_cord_intrinsic
1754,720575941505921665,,,,,,ventral_nerve_cord_ipsilateral_restricted,IN02A033,,,,,intrinsic,,,02A,IN02A033,id:33890,,,glutamate,glutamate,,,ventral_nerve_cord,right,ventral_nerve_cord_intrinsic
1755,720575941505929089,,,,proprioception,,ventral_nerve_cord_contralateral_restricted,IN14A089,,,,,intrinsic,,,14A,IN14A089,id:157446,,,glutamate,,,,ventral_nerve_cord,left,ventral_nerve_cord_intrinsic
1756,720575941505929506,,,descending_neuron,,,,DNg02_c,DNg02_c,id:720575940625144061,,,intrinsic,,,LB12,DNg02,id:21714,,,acetylcholine,acetylcholine,,,neck_connective,right,descending
1757,720575941505936001,,,,proprioception,,ventral_nerve_cord_ipsilateral_restricted,IN09A039,,,,,intrinsic,,,09A,IN09A039,id:17341,,,gaba,gaba,,,ventral_nerve_cord,left,ventral_nerve_cord_intrinsic
1758,720575941505941633,,,,,,ventral_nerve_cord_ipsilateral_restricted,IN20A.22A029,,,,,intrinsic,,,20A.22A,,,,,acetylcholine,acetylcholine,,,ventral_nerve_cord,right,ventral_nerve_cord_intrinsic
1759,720575941505980951,,,single_leg_neuromere,,,ventral_nerve_cord_bilateral_restricted,IN12B072,,,,,intrinsic,,,12B,IN12B072,id:22517,,,gaba,gaba,,,ventral_nerve_cord,left,ventral_nerve_cord_intrinsic
1760,720575941505983813,,,descending_neuron,,,,DNg07,DNg07,id:720575940626745987,,,intrinsic,,,LB7,DNut036,id:43011,,,acetylcholine,,,,neck_connective,left,descending
1761,720575941505988165,,,descending_neuron,,,,DNge151,DNge151,id:720575940616167986,,,intrinsic,,,LB0_posterior,,"id:13750,id:17376",,,octopamine,,,,neck_connective,midline,descending
1762,720575941506045207,,front_leg,bristle_neuron,tactile,,front_leg_bristle_neuron,SNta35,,,,,afferent,,,,SNta35,id:100336,left_prothoracic_leg_nerve,,gaba,,,bristle,ventral_nerve_cord,left,sensory
1763,720575941506133271,,front_leg,chordotonal_organ_neuron,proprioception,direction,front_leg_hook_chordotonal_organ_neuron,SNpp39,,,,,afferent,,,,SNpp39,id:196644,right_prothoracic_leg_nerve,,gaba,acetylcholine,hook,chordotonal_organ,ventral_nerve_cord,right,sensory
1764,720575941506164037,,,descending_neuron,,,,DNg46,,,,,intrinsic,,,,DNg46,id:31648,,,acetylcholine,,,,neck_connective,left,descending
1765,720575941506196247,,,descending_neuron,,,,DNp20,DNp20,id:720575940629390123,,,intrinsic,,,putative_primary,DNp20,id:10813,,,acetylcholine,acetylcholine,DNOVS1,,neck_connective,left,descending
1766,720575941506218300,,front_leg,bristle_neuron,tactile,,front_leg_bristle_neuron,SNxxxx,,,,,afferent,,,,SNxxxx,id:79034,right_prothoracic_leg_nerve,,gaba,,,bristle,ventral_nerve_cord,right,sensory
1767,720575941506229889,,,descending_neuron,,,,DNge089,DNge089,id:720575940620915224,,,intrinsic,,,LB7,DNg07,id:44001,,,acetylcholine,,,,neck_connective,right,descending
1768,720575941506231621,,front_leg,bristle_neuron,tactile,,front_leg_bristle_neuron,SNta35,,,,,afferent,,,,SNta35,id:100336,left_prothoracic_leg_nerve,,gaba,,,bristle,ventral_nerve_cord,left,sensory
1769,720575941506261538,front_leg,,leg_motor_neuron,leg_motor,move_coxa_anterior,front_leg_motor_neuron,tergopleural_promotor_pleural_promotor,,,,,efferent,,,,,,left_dorsal_prothoracic_nerve,,gaba,,,tergopleural_promotor_muscle,ventral_nerve_cord,left,motor
1770,720575941506295461,,,,,,ventral_nerve_cord_bilateral_restricted,IN04B067,,,,,intrinsic,,,04B,IN04B067,id:38325,,,acetylcholine,acetylcholine,,,ventral_nerve_cord,right,ventral_nerve_cord_intrinsic
1771,720575941506301861,,front_leg,chordotonal_organ_neuron,proprioception,position,front_leg_claw_chordotonal_organ_neuron,SNpp50,,,,,afferent,,,,SNpp50,id:96728,left_prothoracic_leg_nerve,,gaba,acetylcholine,,chordotonal_organ,ventral_nerve_cord,left,sensory
1772,720575941506310309,,,,,,ventral_nerve_cord_bilateral_interconnecting,IN07B012,,,,,intrinsic,,,07B,IN07B012,id:11253,,,acetylcholine,acetylcholine,,,ventral_nerve_cord,left,ventral_nerve_cord_intrinsic
1773,720575941506310821,,,descending_neuron,,,,DNge016,DNge016,id:720575940607178709,,,intrinsic,,,LB12,DNut058,id:14693,,,acetylcholine,,,,neck_connective,left,descending
1774,720575941506628225,,,descending_neuron,,,,DNge095,DNge095,id:720575940618870113,,,intrinsic,,,LB7,DNut054,id:28667,,,acetylcholine,,,,neck_connective,left,descending
1775,720575941506644028,,,descending_neuron,,,,DNge071,DNge071,id:720575940613814971,,,intrinsic,,,LB6,DNnt011,id:35178,,,gaba,,,,neck_connective,left,descending
1776,720575941506672956,,front_leg,campaniform_sensillum_neuron,proprioception,mechanical_strain,front_leg_campaniform_sensillum_neuron,SNpp45,,,,id:1520,afferent,,,,SNpp45,id:21155,left_prothoracic_leg_nerve,,gaba,,,campaniform_sensillum,ventral_nerve_cord,left,sensory
1777,720575941506823970,,,sequential_leg_neuromeres,,,ventral_nerve_cord_ipsilateral_interconnecting,IN09A004,,,,,intrinsic,,,09A,IN09A004,id:10979,,,gaba,gaba,,,ventral_nerve_cord,right,ventral_nerve_cord_intrinsic
1778,720575941506863013,,"front_leg,trochanter",hair_plate_neuron,proprioception,joint_angle,front_leg_hair_plate_neuron,SNppxx,,,,,afferent,,,,SNppxx,id:65476,right_prothoracic_leg_nerve,,gaba,,,hair_plate,ventral_nerve_cord,right,sensory
1779,720575941506873916,,front_leg,chordotonal_organ_neuron,proprioception,direction,front_leg_hook_chordotonal_organ_neuron,SNpp39,,,,,afferent,,,,SNpp39,id:196644,right_prothoracic_leg_nerve,,gaba,acetylcholine,hook,chordotonal_organ,ventral_nerve_cord,right,sensory
1780,720575941506954812,,,ventral_nerve_cord_centripetal,tactile,,ventral_nerve_cord_bilateral_interconnecting,IN23B023,,,,,intrinsic,,,23B,IN23B023,id:16283,,,acetylcholine,acetylcholine,,,ventral_nerve_cord,right,ventral_nerve_cord_intrinsic
1781,720575941506956604,,,single_leg_neuromere,,,ventral_nerve_cord_ipsilateral_restricted,IN20A.22A006,,,,,intrinsic,,,20A.22A,IN20A.22A006,id:15212,,,acetylcholine,acetylcholine,,,ventral_nerve_cord,right,ventral_nerve_cord_intrinsic
1782,720575941506971452,,,,,,ventral_nerve_cord_bilateral_interconnecting,INXXX008,,,,,intrinsic,,,TBD,INXXX008,id:15067,,,serotonin,,,,ventral_nerve_cord,right,ventral_nerve_cord_intrinsic
1783,720575941506987554,,hind_leg,hair_plate_neuron,proprioception,joint_angle,hind_leg_hair_plate_neuron,SNpp52,,,,,afferent,,,,SNpp52,id:17839,right_prothoracic_leg_nerve,,gaba,,,hair_plate,ventral_nerve_cord,right,sensory
1784,720575941507004194,,front_leg,chordotonal_organ_neuron,proprioception,position,front_leg_claw_chordotonal_organ_neuron,SNpp50,,,,,afferent,,,,SNpp50,id:163745,left_prothoracic_leg_nerve,,gaba,acetylcholine,claw,chordotonal_organ,ventral_nerve_cord,left,sensory
1785,720575941507031612,front_leg,,leg_motor_neuron,leg_motor,extend_coxa_trochanter_joint,front_leg_motor_neuron,sternotrochanter_extensor,,,,,efferent,,,TBD,Sternotrochanter MN,id:100515,left_ventral_prothoracic_nerve,,gaba,,,sternotrochanter_extensor_muscle,ventral_nerve_cord,left,motor
1786,720575941507050263,,,,,,ventral_nerve_cord_bilateral_interconnecting,IN07B016,,,,,intrinsic,,,07B,IN07B016,id:11690,,,acetylcholine,acetylcholine,,,ventral_nerve_cord,right,ventral_nerve_cord_intrinsic
1787,720575941507062807,,,descending_neuron,,,,DNg19,DNg19,id:720575940625353736,,,intrinsic,,,,DNg19,id:14695,,,acetylcholine,,,,neck_connective,left,descending
1788,720575941507063319,,,,,,ventral_nerve_cord_ipsilateral_restricted,IN09A063,,,,,intrinsic,,,09A,IN09A063,id:100002,,,gaba,gaba,,,ventral_nerve_cord,right,ventral_nerve_cord_intrinsic
1789,720575941507073303,,,descending_neuron,,,,DNp02,DNp02,id:720575940620468718,,,intrinsic,DNp02,id:5813024015,SMPpv2_ventral,DNp02,id:10157,,,acetylcholine,acetylcholine,,,neck_connective,right,descending
1790,720575941507077655,,,,,,ventral_nerve_cord_bilateral_interconnecting,IN12A016,,,,,intrinsic,,,12A,IN12A016,id:13433,,,acetylcholine,acetylcholine,,,ventral_nerve_cord,right,ventral_nerve_cord_intrinsic
1791,720575941507079703,,,descending_neuron,,,,DNge064,DNge064,id:720575940626319235,,,intrinsic,,,putative_primary,DNxl100,id:13776,,,glutamate,,,,neck_connective,right,descending
1792,720575941507100033,,,single_leg_neuromere,tactile,,ventral_nerve_cord_ipsilateral_restricted,IN01B023,,,,,intrinsic,,,01B,IN01B023,id:22201,,,gaba,gaba,,,ventral_nerve_cord,left,ventral_nerve_cord_intrinsic
1793,720575941507205143,,,descending_neuron,,,,DNpe030,DNpe030,id:720575940605162924,,,intrinsic,,,putative_primary,DNxn178,id:14350,,,acetylcholine,,,,neck_connective,right,descending
1794,720575941507212453,,,descending_neuron,,,,DNp42,DNp42,id:720575940618594022,,,intrinsic,,,PSp3,DNp42,id:11136,,,acetylcholine,,,,neck_connective,left,descending
1795,720575941507213150,,,,,,ventral_nerve_cord_bilateral_interconnecting,IN12B070,,,,,intrinsic,,,12B,IN12B070,id:25607,,,gaba,gaba,,,ventral_nerve_cord,right,ventral_nerve_cord_intrinsic
1796,720575941507236165,,"front_leg,trochanter",hair_plate_neuron,proprioception,joint_angle,front_leg_hair_plate_neuron,,,,,,afferent,,,,,,left_prothoracic_leg_nerve,,gaba,,,hair_plate,ventral_nerve_cord,left,sensory
1797,720575941507241495,,,descending_neuron,,,,DNge147,DNge147,id:720575940609417995,,,intrinsic,,,MX12,DNfl026,id:27014,,,acetylcholine,,,,neck_connective,left,descending
1798,720575941507243333,,,descending_neuron,,,,DNge061,DNge061,id:720575940621082111,,,intrinsic,,,,DNfl037,id:19864,,,acetylcholine,,,,ventral_nerve_cord,left,descending
1799,720575941507243589,,,descending_neuron,,,,DNbe002,DNbe002,id:720575940621119061,,,intrinsic,,,putative_primary,DNxl106,id:13049,,,acetylcholine,,,,neck_connective,left,descending
1800,720575941507249221,,,descending_neuron,,,,DNg109,DNg109,id:720575940625863728,,,intrinsic,,,putative_primary,DNg109,id:15844,,,acetylcholine,,,,neck_connective,left,descending
1801,720575941507255365,,,,,,ventral_nerve_cord_bilateral_interconnecting,IN17B010,,,,,intrinsic,,,17B,IN17B010,id:11113,,,gaba,,,,ventral_nerve_cord,right,ventral_nerve_cord_intrinsic
1802,720575941507257925,,,,,,ventral_nerve_cord_ipsilateral_restricted,IN08A036,,,,,intrinsic,,,08A,IN08A036,id:21340,,,glutamate,glutamate,,,ventral_nerve_cord,left,ventral_nerve_cord_intrinsic
1803,720575941507258914,,,single_leg_neuromere,,,ventral_nerve_cord_ipsilateral_restricted,IN03A087,,,,,intrinsic,,,03A,IN03A087,id:22996,,,acetylcholine,acetylcholine,,,ventral_nerve_cord,right,ventral_nerve_cord_intrinsic
1804,720575941507344478,,,ventral_nerve_cord_centripetal,,,ventral_nerve_cord_bilateral_interconnecting,IN23B013,,,,,intrinsic,,,23B,IN23B013,id:17194,,,acetylcholine,,,,ventral_nerve_cord,left,ventral_nerve_cord_intrinsic
1805,720575941507364386,,front_leg,chordotonal_organ_neuron,proprioception,,front_leg_claw_chordotonal_organ_neuron,SNxxxx,,,,,afferent,,,,SNxxxx,id:143459,right_prothoracic_leg_nerve,,gaba,,,chordotonal_organ,ventral_nerve_cord,right,sensory
1806,720575941507368005,,,ascending_neuron,,,,AN18B019,AN_GNG_WED_3,id:720575940631505711,,,intrinsic,,,18B,AN18B019,id:12914,,,acetylcholine,acetylcholine,,,neck_connective,left,ascending
1807,720575941507409502,,,descending_neuron,,,,DNge116,DNge116,id:720575940640140733,,,intrinsic,,,LB7,,,,,acetylcholine,,,,neck_connective,left,descending
1808,720575941507433857,,,,,,ventral_nerve_cord_ipsilateral_restricted,IN03A045,,,,,intrinsic,,,03A,IN03A045,id:16202,,,acetylcholine,acetylcholine,,,ventral_nerve_cord,left,ventral_nerve_cord_intrinsic
1809,720575941507446401,,,single_leg_neuromere,,,ventral_nerve_cord_contralateral_restricted,IN14A078,,,,,intrinsic,,,14A,IN14A078,id:27168,,,glutamate,,,,ventral_nerve_cord,right,ventral_nerve_cord_intrinsic
1810,720575941507447169,,,,,,ventral_nerve_cord_ipsilateral_restricted,IN04B069,,,,,intrinsic,,,04B,IN04B069,id:18796,,,acetylcholine,acetylcholine,,,ventral_nerve_cord,right,ventral_nerve_cord_intrinsic
1811,720575941507452254,,front_leg,bristle_neuron,tactile,,front_leg_bristle_neuron,SNta41,,,,,afferent,,,,SNta41,id:43700,right_prothoracic_leg_nerve,,acetylcholine,,,bristle,ventral_nerve_cord,right,sensory
1812,720575941507468161,,,,,,ventral_nerve_cord_ipsilateral_restricted,IN01B019,,,,,intrinsic,,,01B,IN01B019,id:21140,,,gaba,gaba,,,ventral_nerve_cord,right,ventral_nerve_cord_intrinsic
1813,720575941507476353,,,,,,ventral_nerve_cord_bilateral_restricted,IN01A040,,,,,intrinsic,,,01A,,,,,acetylcholine,acetylcholine,,,ventral_nerve_cord,right,ventral_nerve_cord_intrinsic
1814,720575941507515671,,hind_leg,bristle_neuron,tactile,,hind_leg_bristle_neuron,SNta32,,,,,afferent,,,,SNta32,id:41305,right_prothoracic_leg_nerve,,acetylcholine,,,bristle,ventral_nerve_cord,,sensory
1815,720575941507526273,,,single_leg_neuromere,,,ventral_nerve_cord_contralateral_restricted,IN01A015,,,,,intrinsic,,,01A,IN01A015,id:11976,,,acetylcholine,acetylcholine,,,ventral_nerve_cord,left,ventral_nerve_cord_intrinsic
1816,720575941507538561,,,,,,ventral_nerve_cord_bilateral_interconnecting,IN21A045,,,,,intrinsic,,,21A,,,,,glutamate,,,,ventral_nerve_cord,left,ventral_nerve_cord_intrinsic
1817,720575941507545473,,,,proprioception,,ventral_nerve_cord_contralateral_restricted,IN14A026,,,,,intrinsic,,,14A,IN14A026,id:24603,,,glutamate,,,,ventral_nerve_cord,right,ventral_nerve_cord_intrinsic
1818,720575941507568709,,,descending_neuron,,,,DNa16,DNa16,id:720575940621519130,,,intrinsic,PS014,id:1292713484,WEDd1,DNa16,id:11187,,,acetylcholine,,,,neck_connective,right,descending
1819,720575941507724929,,,descending_neuron,,,,DNge116,DNge116,id:720575940631051065,,,intrinsic,,,LB7,,,,,acetylcholine,,,,neck_connective,left,descending
1820,720575941507751447,,,descending_neuron,,,,DNpe013,DNpe013,id:720575940636479863,,,intrinsic,,,putative_primary,DNxn146,id:23722,,,acetylcholine,,,,neck_connective,left,descending
1821,720575941507829008,,,,,,ventral_nerve_cord_ipsilateral_restricted,IN03A022,,,,,intrinsic,,,03A,IN03A022,id:14165,,,acetylcholine,acetylcholine,,,ventral_nerve_cord,right,ventral_nerve_cord_intrinsic
1822,720575941507834640,,,,,,ventral_nerve_cord_ipsilateral_restricted,IN13A027,,,,,intrinsic,,,13A,IN13A027,id:17300,,,gaba,gaba,,,ventral_nerve_cord,left,ventral_nerve_cord_intrinsic
1823,720575941507838480,,,,,,ventral_nerve_cord_ipsilateral_restricted,IN13A050,,,,,intrinsic,,,13A,IN13A050,id:10389,,,gaba,gaba,,,ventral_nerve_cord,left,ventral_nerve_cord_intrinsic
1824,720575941507894366,,,descending_neuron,,,,DNg69,DNg69,id:720575940628387663,,,intrinsic,,,putative_primary,DNg69,id:13268,,,acetylcholine,,,,neck_connective,left,descending
1825,720575941507958085,,,,,,ventral_nerve_cord_ipsilateral_restricted,IN20A.22A056,,,,,intrinsic,,,20A.22A,IN20A.22A056,id:26320,,,acetylcholine,acetylcholine,,,ventral_nerve_cord,right,ventral_nerve_cord_intrinsic
1826,720575941507989527,,,descending_neuron,,,,DNge099,DNge099,id:720575940631091407,,,intrinsic,,,MX3,DNxn154,id:153988,,,glutamate,,,,neck_connective,left,descending
1827,720575941507997730,,,single_leg_neuromere,,,ventral_nerve_cord_ipsilateral_restricted,IN09A021,,,,,intrinsic,,,09A,IN09A021,id:156326,,,gaba,gaba,,,ventral_nerve_cord,left,ventral_nerve_cord_intrinsic
1828,720575941508000069,,front_leg,chordotonal_organ_neuron,proprioception,direction,front_leg_hook_chordotonal_organ_neuron,SNpp39,,,,,afferent,,,,SNpp39,id:30692,left_prothoracic_leg_nerve,,gaba,acetylcholine,hook,chordotonal_organ,ventral_nerve_cord,left,sensory
1829,720575941508031557,,,,tactile,,ventral_nerve_cord_ipsilateral_restricted,IN01B035,,,,,intrinsic,,,01B,IN01B035,id:46351,,,gaba,gaba,,,ventral_nerve_cord,right,ventral_nerve_cord_intrinsic
1830,720575941508047639,,,descending_neuron,,,,DNge152,DNge152,id:720575940622237466,,,intrinsic,,,LB0_posterior,,"id:13496,id:14026",,,octopamine,,,,neck_connective,midline,descending
1831,720575941508061975,,,descending_neuron,,,,DNp34,DNp34,id:720575940642894628,,,intrinsic,DNp34,id:984030630,putative_primary,DNp34,id:11894,,,acetylcholine,,,,neck_connective,left,descending
1832,720575941508198690,,,,,,ventral_nerve_cord_bilateral_restricted,IN12B081,,,,,intrinsic,,,12B,IN12B081,id:28630,,,gaba,gaba,,,ventral_nerve_cord,right,ventral_nerve_cord_intrinsic
1833,720575941508205185,front_leg,,leg_motor_neuron,leg_motor,unknown_leg_movement,front_leg_motor_neuron,femur_reductor_tiny,,,,,efferent,,,TBD,Fe reductor MN,id:219894,left_prothoracic_leg_nerve,,,,,femur_reductor_muscle,ventral_nerve_cord,left,motor
1834,720575941508254674,,,,,,ventral_nerve_cord_bilateral_interconnecting,IN07B074,,,,,intrinsic,,,07B,IN07B074,id:23542,,,acetylcholine,acetylcholine,,,ventral_nerve_cord,left,ventral_nerve_cord_intrinsic
1835,720575941508255266,,,,,,ventral_nerve_cord_bilateral_interconnecting,IN12A036,,,,,intrinsic,,,12A,IN12A036,id:15119,,,acetylcholine,acetylcholine,,,ventral_nerve_cord,left,ventral_nerve_cord_intrinsic
1836,720575941508257570,,,single_leg_neuromere,,,ventral_nerve_cord_ipsilateral_restricted,IN20A.22A006,,,,,intrinsic,,,20A.22A,IN20A.22A006,id:164010,,,acetylcholine,acetylcholine,,,ventral_nerve_cord,left,ventral_nerve_cord_intrinsic
1837,720575941508261922,,,descending_neuron,,,,DNg12_d,DNg12_d,id:720575940626399588,,,intrinsic,,,MX12,DNnt007,id:36962,,,acetylcholine,,MX12_R_5,,neck_connective,right,descending
1838,720575941508277794,,,sequential_leg_neuromeres,,,ventral_nerve_cord_contralateral_interconnecting,IN01A011,,,,,intrinsic,,,01A,IN01A011,id:10792,,,acetylcholine,acetylcholine,,,ventral_nerve_cord,right,ventral_nerve_cord_intrinsic
1839,720575941508285474,,,single_leg_neuromere,,,ventral_nerve_cord_contralateral_restricted,IN01A034,,,,,intrinsic,,,01A,IN01A034,id:14578,,,acetylcholine,acetylcholine,,,ventral_nerve_cord,left,ventral_nerve_cord_intrinsic
1840,720575941508287266,,,single_leg_neuromere,,,ventral_nerve_cord_contralateral_restricted,IN14A014,,,,,intrinsic,,,14A,IN14A014,id:18524,,,glutamate,,,,ventral_nerve_cord,left,ventral_nerve_cord_intrinsic
1841,720575941508295774,,,single_leg_neuromere,,,ventral_nerve_cord_ipsilateral_restricted,IN16B022,,,,,intrinsic,,,16B,IN16B022,id:12540,,,glutamate,glutamate,,,ventral_nerve_cord,left,ventral_nerve_cord_intrinsic
1842,720575941508298786,,,descending_neuron,,,,DNg43,DNg43,id:720575940611772083,,,intrinsic,,,MX7__prim,DNg43,id:12272,,,acetylcholine,,,,neck_connective,left,descending
1843,720575941508299554,,,ventral_nerve_cord_centrifugal,,,ventral_nerve_cord_bilateral_interconnecting,IN18B011,,,,,intrinsic,,,18B,IN18B011,id:10858,,,acetylcholine,acetylcholine,,,ventral_nerve_cord,right,ventral_nerve_cord_intrinsic
1844,720575941508308258,,,,,,ventral_nerve_cord_ipsilateral_restricted,IN16B077,,,,,intrinsic,,,16B,IN16B077,id:19867,,,glutamate,glutamate,,,ventral_nerve_cord,right,ventral_nerve_cord_intrinsic
1845,720575941508375390,,,descending_neuron,,,,DNpe005,DNpe005,id:720575940613636325,,,intrinsic,,,putative_primary,DNxn101,id:15838,,,acetylcholine,,,,neck_connective,left,descending
1846,720575941508389074,,,,,,ventral_nerve_cord_ipsilateral_restricted,IN03A061,,,,,intrinsic,,,03A,IN03A061,id:18394,,,acetylcholine,acetylcholine,,,ventral_nerve_cord,left,ventral_nerve_cord_intrinsic
1847,720575941508453761,front_leg,,leg_motor_neuron,leg_motor,extend_coxa_trochanter_joint,front_leg_motor_neuron,trochanter_extensor,,,,,efferent,,,,,,right_prothoracic_leg_nerve,,gaba,,Tr/extensor/MN,trochanter_extensor_muscle,ventral_nerve_cord,right,motor
1848,720575941508471824,,,descending_neuron,,,,DNg81,DNg81,id:720575940645556334,,,intrinsic,,,putative_primary,DNg81,id:22629,,,gaba,,,,neck_connective,left,descending
1849,720575941508478593,,front_leg,bristle_neuron,tactile,,front_leg_bristle_neuron,SNta44,,,,,afferent,,,,SNta44,id:43372091396,right_prothoracic_leg_nerve,,acetylcholine,,,bristle,ventral_nerve_cord,right,sensory
1850,720575941508492417,,,descending_neuron,,,,DNg71,DNg71,id:720575940626524702,,,intrinsic,,,MD3,DNg71,id:16192,,,glutamate,,,,neck_connective,left,descending
1851,720575941508500609,,,descending_neuron,,,,DNge081,DNge081,id:720575940618594117,,,intrinsic,,,,DNxl087,id:17291,,,acetylcholine,,,,neck_connective,left,descending
1852,720575941508609665,,,ascending_neuron,,,,AN19B001_b,AN_GNG_IPS_11,id:720575940627377285,,,intrinsic,,,19B,AN19B001,id:10063,,,acetylcholine,acetylcholine,,,neck_connective,right,ascending
1853,720575941508835457,,front_leg,campaniform_sensillum_neuron,proprioception,mechanical_strain,front_leg_campaniform_sensillum_neuron,SNpp52,,,,,afferent,,,,SNpp52,id:103884,right_prothoracic_leg_nerve,,gaba,,,campaniform_sensillum,ventral_nerve_cord,right,sensory
1854,720575941509079390,,,ascending_neuron,,,,ANXXX145,AN_GNG_VES_7,id:720575940620752408,,,intrinsic,,,TBD,ANXXX145,id:13551,,,acetylcholine,,,,neck_connective,left,ascending
1855,720575941509093726,,,descending_neuron,,,,DNp104,DNp104,id:720575940614137907,,,intrinsic,,,PSp2,DNxn134,id:167413,,,acetylcholine,,,,neck_connective,left,descending
1856,720575941509145950,,,descending_neuron,,,,DNp01,DNp01,id:720575940622838154,,,intrinsic,,,putative_primary,DNp01,id:10002,,,acetylcholine,,"GF,giant fiber",,neck_connective,left,descending
1857,720575941509287553,,"front_leg,trochanter",hair_plate_neuron,proprioception,joint_angle,front_leg_hair_plate_neuron,SNpp45,,,,,afferent,,,,SNpp45,id:22677,left_prothoracic_leg_nerve,,gaba,,,hair_plate,ventral_nerve_cord,left,sensory
1858,720575941509305182,,,descending_neuron,,,,DNge104,DNge104,id:720575940623037720,,,intrinsic,,,MX3,DNxl132,id:12594,,,gaba,,,,neck_connective,left,descending
1859,720575941509353744,,,,,,ventral_nerve_cord_bilateral_interconnecting,IN01A078,,,,,intrinsic,,,01A,IN01A078,id:155169,,,acetylcholine,acetylcholine,,,ventral_nerve_cord,left,ventral_nerve_cord_intrinsic
1860,720575941509412702,,,single_leg_neuromere,tactile,,ventral_nerve_cord_contralateral_restricted,IN14A013,,,,,intrinsic,,,14A,IN14A013,id:16941,,,glutamate,,,,ventral_nerve_cord,left,ventral_nerve_cord_intrinsic
1861,720575941509412880,,,single_leg_neuromere,,,ventral_nerve_cord_ipsilateral_restricted,IN21A087,,,,,intrinsic,,,21A,IN21A087,id:43962,,,glutamate,,,,ventral_nerve_cord,left,ventral_nerve_cord_intrinsic
1862,720575941509461776,,,,,,ventral_nerve_cord_bilateral_interconnecting,IN03A018,,,,,intrinsic,,,03A,IN03A018,id:14475,,,acetylcholine,acetylcholine,,,ventral_nerve_cord,right,ventral_nerve_cord_intrinsic
1863,720575941509806465,,,single_leg_neuromere,,,ventral_nerve_cord_contralateral_restricted,IN14A015,,,,,intrinsic,,,14A,IN14A015,id:19797,,,glutamate,,,,ventral_nerve_cord,right,ventral_nerve_cord_intrinsic
1864,720575941510361298,,,descending_neuron,,,,DNge117,DNge117,id:720575940603786686,,,intrinsic,,,LB6,DNnt011,id:40948,,,gaba,,,,neck_connective,left,descending
1865,720575941510475536,,,descending_neuron,,,,DNa02,DNa02,id:720575940629327659,,,intrinsic,,,WEDd1,DNa02,id:10126,,,acetylcholine,acetylcholine,,,neck_connective,left,descending
1866,720575941510485008,,,single_leg_neuromere,proprioception,,ventral_nerve_cord_ipsilateral_restricted,IN21A009,,,,,intrinsic,,,21A,IN21A009,id:11982,,,glutamate,,,,ventral_nerve_cord,right,ventral_nerve_cord_intrinsic
1867,720575941510487056,,front_leg,orphan_neuron,,,front_leg_orphan_neuron,SNxxxx,,,,,afferent,,,,SNxxxx,id:10001,right_prothoracic_leg_nerve,,gaba,,,orphan,ventral_nerve_cord,right,sensory
1868,720575941510502416,,,single_leg_neuromere,,,ventral_nerve_cord_contralateral_restricted,IN13B005,,,,,intrinsic,,,13B,IN13B005,id:10627,,,gaba,gaba,,,ventral_nerve_cord,right,ventral_nerve_cord_intrinsic
1869,720575941510509072,,,descending_neuron,,,,DNg12_b,DNg12_b,id:720575940619524852,,,intrinsic,,,MX12,DNnt009,id:38770,,,acetylcholine,,MX12_L_33,,neck_connective,left,descending
1870,720575941510621968,,,descending_neuron,,,,DNge063,DNge063,id:720575940617950877,,,intrinsic,,,putative_primary,DNxl127,id:11220,,,gaba,,,,neck_connective,right,descending
1871,720575941510642192,,,descending_neuron,,,,DNa10,DNa10,id:720575940623468691,,,intrinsic,,,WEDd1,DNa10,id:10506,,,acetylcholine,acetylcholine,,,neck_connective,left,descending
1872,720575941510651152,,,descending_neuron,,,,DNge138,DNge138,id:720575940611108676,,,intrinsic,,,LB0_anterior,,"id:16333,id:154401",,,octopamine,,,,neck_connective,right,descending
1873,720575941510907468,,,,,,ventral_nerve_cord_ipsilateral_restricted,IN13A051,,,,,intrinsic,,,13A,IN13A051,id:33292,,,gaba,gaba,,,ventral_nerve_cord,right,ventral_nerve_cord_intrinsic
1874,720575941511072844,,,,,,ventral_nerve_cord_ipsilateral_restricted,IN08A050,,,,,intrinsic,,,08A,IN08A050,id:25776,,,glutamate,glutamate,,,ventral_nerve_cord,right,ventral_nerve_cord_intrinsic
1875,720575941511117900,,,,,,ventral_nerve_cord_bilateral_interconnecting,IN08B054,,,,,intrinsic,,,08B,IN08B054,id:16470,,,acetylcholine,acetylcholine,,,ventral_nerve_cord,left,ventral_nerve_cord_intrinsic
1876,720575941511138124,,,,,,ventral_nerve_cord_ipsilateral_restricted,IN13A047,,,,,intrinsic,,,13A,IN13A047,id:28592,,,gaba,gaba,,,ventral_nerve_cord,right,ventral_nerve_cord_intrinsic
1877,720575941511149132,,,single_leg_neuromere,,,ventral_nerve_cord_ipsilateral_restricted,IN21A035,,,,,intrinsic,,,21A,IN21A035,id:19816,,,glutamate,,,,ventral_nerve_cord,left,ventral_nerve_cord_intrinsic
1878,720575941511186508,,,single_leg_neuromere,,,ventral_nerve_cord_bilateral_restricted,IN19B003,,,,,intrinsic,,,19B,IN19B003,id:10220,,,acetylcholine,acetylcholine,,,ventral_nerve_cord,right,ventral_nerve_cord_intrinsic
1879,720575941511197394,,,,proprioception,,ventral_nerve_cord_bilateral_restricted,IN19A098,,,,,intrinsic,,,19A,IN19A098,id:28415,,,gaba,gaba,,,ventral_nerve_cord,right,ventral_nerve_cord_intrinsic
1880,720575941511197516,front_leg,,leg_motor_neuron,leg_motor,pull_long_tendon,front_leg_motor_neuron,long_tendon_muscle_B_femur,,,,,efferent,,,15B,ltm2-femur MN,id:17050,right_prothoracic_leg_nerve,,gaba,,,long_tendon_muscle,ventral_nerve_cord,right,motor
1881,720575941511200844,,,,,,ventral_nerve_cord_bilateral_interconnecting,IN11A007,,,,,intrinsic,,,11A,,,,,acetylcholine,acetylcholine,,,ventral_nerve_cord,right,ventral_nerve_cord_intrinsic
1882,720575941511209292,,,,,,ventral_nerve_cord_contralateral_restricted,IN13B065,,,,,intrinsic,,,13B,,,,,gaba,gaba,,,ventral_nerve_cord,left,ventral_nerve_cord_intrinsic
1883,720575941511270610,,,descending_neuron,,,,DNg39,DNg39,id:720575940616376287,,,intrinsic,,,LB7__prim,DNg39,id:13660,,,acetylcholine,,,,neck_connective,left,descending
1884,720575941511281618,,,descending_neuron,,,,DNg96,DNg96,id:720575940612036837,,,intrinsic,,,MX3,DNg96,id:10855,,,glutamate,,,,neck_connective,left,descending
1885,720575941511336402,,,descending_neuron,,,,DNg04,DNg04,id:720575940621325034,,,intrinsic,,,LB12,DNg04,id:18852,,,acetylcholine,,,,neck_connective,right,descending
1886,720575941511407057,,,,,,ventral_nerve_cord_ipsilateral_restricted,IN04B081,,,,,intrinsic,,,04B,IN04B081,id:21322,,,acetylcholine,acetylcholine,,,ventral_nerve_cord,left,ventral_nerve_cord_intrinsic
1887,720575941511473996,,,descending_neuron,,,,DNge091,DNge091,id:720575940615659521,,,intrinsic,,,LB7,DNut054,id:27338,,,acetylcholine,,,,neck_connective,right,descending
1888,720575941511555344,,,descending_neuron,,,,DNge041,DNge041,id:720575940622633716,,,intrinsic,,,LB7__prim,DNxl085,id:20538,,,acetylcholine,,,,neck_connective,left,descending
1889,720575941511883985,front_leg,,leg_motor_neuron,leg_motor,flex_coxa_trochanter_joint,front_leg_motor_neuron,trochanter_flexor_posterior_soma,,,,,efferent,,,24B.25B,Tr flexor MN,id:158694,left_prothoracic_accessory_nerve,,,,,trochanter_flexor_muscle,ventral_nerve_cord,left,motor
1890,720575941511884241,,,,,,ventral_nerve_cord_ipsilateral_restricted,IN09A096,,,,,intrinsic,,,09A,IN09A096,id:34073,,,gaba,gaba,,,ventral_nerve_cord,left,ventral_nerve_cord_intrinsic
1891,720575941512043218,,,descending_neuron,,,,DNge095,DNge095,id:720575940630505334,,,intrinsic,,,LB7,DNut054,id:28959,,,acetylcholine,,,,neck_connective,right,descending
1892,720575941512342595,,,,,,ventral_nerve_cord_ipsilateral_restricted,IN16B038,,,,,intrinsic,,,16B,IN16B038,id:31382,,,glutamate,glutamate,,,ventral_nerve_cord,left,ventral_nerve_cord_intrinsic
1893,720575941512405315,,,,,,ventral_nerve_cord_ipsilateral_restricted,IN20A.22A038,,,,,intrinsic,,,20A.22A,IN20A.22A038,id:20335,,,acetylcholine,acetylcholine,,,ventral_nerve_cord,left,ventral_nerve_cord_intrinsic
1894,720575941512445650,,,,,,,,,,,,afferent,,,,,,right_prothoracic_leg_nerve,,gaba,,,,ventral_nerve_cord,right,sensory
1895,720575941512449746,,,,,,ventral_nerve_cord_bilateral_interconnecting,vMS17,,,,,intrinsic,,,27X,vMS17,id:10114,,,histamine,,,,ventral_nerve_cord,left,ventral_nerve_cord_intrinsic
1896,720575941512453443,,,ascending_neuron,,,,AN07B071,AN_GNG_172,id:720575940619910177,,,intrinsic,,,07B,AN07B071,id:23905,,,acetylcholine,acetylcholine,,,neck_connective,right,ascending
1897,720575941512470339,,,single_leg_neuromere,,,ventral_nerve_cord_ipsilateral_interconnecting,IN09A073,,,,,intrinsic,,,09A,IN09A073,id:26639,,,gaba,gaba,,,ventral_nerve_cord,right,ventral_nerve_cord_intrinsic
1898,720575941512475971,,,ventral_nerve_cord_serially_convergent,,,ventral_nerve_cord_bilateral_interconnecting,IN07B009,,,,,intrinsic,,,07B,IN07B009,id:10673,,,glutamate,,,,ventral_nerve_cord,right,ventral_nerve_cord_intrinsic
1899,720575941512496716,,,descending_neuron,,,,DNde007,DNde007,id:720575940623068841,,,intrinsic,,,putative_primary,DNxl094,id:17358,,,glutamate,,,,neck_connective,midline,descending
1900,720575941512518211,,,single_leg_neuromere,,,ventral_nerve_cord_ipsilateral_restricted,IN04B092,,,,,intrinsic,,,04B,IN04B092,id:16224,,,acetylcholine,acetylcholine,,,ventral_nerve_cord,left,ventral_nerve_cord_intrinsic
1901,720575941512518723,,,,,,ventral_nerve_cord_ipsilateral_restricted,IN13A061,,,,,intrinsic,,,13A,IN13A061,id:28338,,,gaba,gaba,,,ventral_nerve_cord,left,ventral_nerve_cord_intrinsic
1902,720575941512525123,,,,,,ventral_nerve_cord_ipsilateral_restricted,IN20A.22A009,,,,,intrinsic,,,20A.22A,IN20A.22A009,id:22155,,,acetylcholine,acetylcholine,,,ventral_nerve_cord,right,ventral_nerve_cord_intrinsic
1903,720575941512526403,,,,tactile,,ventral_nerve_cord_ipsilateral_restricted,IN08A041,,,,,intrinsic,,,08A,IN08A041,id:26384,,,glutamate,glutamate,,,ventral_nerve_cord,left,ventral_nerve_cord_intrinsic
1904,720575941512600140,,,descending_neuron,,,,DNg18_b,DNg18_b,id:720575940634599615,,,intrinsic,,,LB6,DNxn106,id:33891,,,gaba,,,,neck_connective,right,descending
1905,720575941512656593,,,ascending_neuron,,,,AN07B045,AN_GNG_179,id:720575940622674504,,,intrinsic,,,07B,AN07B045,id:16824,,,acetylcholine,acetylcholine,,,neck_connective,left,ascending
1906,720575941512779084,,,single_leg_neuromere,,,ventral_nerve_cord_ipsilateral_restricted,IN19A016,,,,,intrinsic,,,19A,IN19A016,id:11936,,,gaba,gaba,,,ventral_nerve_cord,right,ventral_nerve_cord_intrinsic
1907,720575941512827345,,,ventral_nerve_cord_centrifugal,,,ventral_nerve_cord_bilateral_interconnecting,IN11A024,,,,,intrinsic,,,11A,IN11A024,id:24429,,,acetylcholine,acetylcholine,,,ventral_nerve_cord,left,ventral_nerve_cord_intrinsic
1908,720575941512836561,,front_leg,orphan_neuron,,,front_leg_orphan_neuron,SNxxxx,,,,,afferent,,,,SNxxxx,id:158644,right_prothoracic_leg_nerve,,gaba,,,orphan,ventral_nerve_cord,right,sensory
1909,720575941512837452,,,descending_neuron,,,,DNge091,DNge091,id:720575940621071495,,,intrinsic,,,LB7,DNg07,id:29902,,,acetylcholine,,,,neck_connective,right,descending
1910,720575941512847180,,,,,,ventral_nerve_cord_bilateral_restricted,IN08A050,,,,,intrinsic,,,08A,IN08A050,id:28136,,,glutamate,glutamate,,,ventral_nerve_cord,left,ventral_nerve_cord_intrinsic
1911,720575941512880643,neck,,neck_motor_neuron,neck_motor,neck_roll,neck_roll_motor_neuron,DProN_d,,,,,efferent,,,,,,right_dorsal_prothoracic_nerve,,octopamine,,,,ventral_nerve_cord,right,motor
1912,720575941513027331,,,single_leg_neuromere,,,ventral_nerve_cord_ipsilateral_restricted,IN08A019,,,,,intrinsic,,,08A,IN08A019,id:20278,,,glutamate,glutamate,,,ventral_nerve_cord,left,ventral_nerve_cord_intrinsic
1913,720575941513032780,,,descending_neuron,,,,DNge094,DNge094,id:720575940620804566,,,intrinsic,,,LB7,DNit003,id:151715,,,acetylcholine,,,,neck_connective,left,descending
1914,720575941513096012,,,descending_neuron,,,,DNge070,DNge070,id:720575940647755641,,,intrinsic,,,LB6,DNnt015,id:24658,,,gaba,,,,neck_connective,left,descending
1915,720575941513116762,,,descending_neuron,,,,DNg07,DNg07,id:720575940628252751,,,intrinsic,,,LB7,DNut036,id:38128,,,acetylcholine,,,,neck_connective,left,descending
1916,720575941513118201,,,,,,ventral_nerve_cord_ipsilateral_restricted,IN02A033,,,,,intrinsic,,,02A,IN02A033,id:33890,,,glutamate,glutamate,,,ventral_nerve_cord,right,ventral_nerve_cord_intrinsic
1917,720575941513146115,,,single_leg_neuromere,,,ventral_nerve_cord_contralateral_restricted,IN01A030,,,,,intrinsic,,,01A,,,,,acetylcholine,acetylcholine,,,ventral_nerve_cord,right,ventral_nerve_cord_intrinsic
1918,720575941513154563,,,,,,ventral_nerve_cord_ipsilateral_restricted,IN09A080,,,,,intrinsic,,,09A,IN09A080,id:27499,,,gaba,gaba,,,ventral_nerve_cord,right,ventral_nerve_cord_intrinsic
1919,720575941513157635,,,,,,ventral_nerve_cord_ipsilateral_interconnecting,IN09A040,,,,,intrinsic,,,09A,IN09A040,id:21079,,,gaba,gaba,,,ventral_nerve_cord,right,ventral_nerve_cord_intrinsic
1920,720575941513202169,,,ventral_nerve_cord_dorsal,,,ventral_nerve_cord_ipsilateral_restricted,IN02A007,,,,,intrinsic,,,02A,IN02A007,id:14823,,,glutamate,glutamate,,,ventral_nerve_cord,right,ventral_nerve_cord_intrinsic
1921,720575941513203665,,,descending_neuron,,,,DNp41,DNp41,id:720575940633953434,,,intrinsic,,,putative_primary,DNp41,id:17630,,,acetylcholine,,,,neck_connective,right,descending
1922,720575941513292793,,,single_leg_neuromere,,,ventral_nerve_cord_contralateral_restricted,IN14A110,,,,,intrinsic,,,14A,IN14A110,id:43194,,,glutamate,,,,ventral_nerve_cord,right,ventral_nerve_cord_intrinsic
1923,720575941513356122,,,ventral_nerve_cord_centrifugal,,,ventral_nerve_cord_bilateral_interconnecting,GFC4,,,,,intrinsic,,,11A,GFC4,id:101549,,,acetylcholine,acetylcholine,,,ventral_nerve_cord,left,ventral_nerve_cord_intrinsic
1924,720575941513371738,,,single_leg_neuromere,,,ventral_nerve_cord_ipsilateral_restricted,IN09A033,,,,,intrinsic,,,09A,,,,,gaba,gaba,,,ventral_nerve_cord,left,ventral_nerve_cord_intrinsic
1925,720575941513419619,,,descending_neuron,,,,DNge118,DNge118,id:720575940623537485,,,intrinsic,,,LB7,DNut054,id:29521,,,acetylcholine,,,,neck_connective,left,descending
1926,720575941513674131,,,descending_neuron,,,,DNge061,DNge061,id:720575940618548244,,,intrinsic,,,,DNfl037,id:18784,,,acetylcholine,,,,neck_connective,right,descending
1927,720575941513676291,,,single_leg_neuromere,,,ventral_nerve_cord_contralateral_restricted,IN13B093,,,,,intrinsic,,,13B,IN13B093,id:20036,,,gaba,gaba,,,ventral_nerve_cord,left,ventral_nerve_cord_intrinsic
1928,720575941513702865,,,ascending_neuron,,,,AN23B004,AN_GNG_156,id:720575940623264904,,,intrinsic,,,23B,AN23B004,id:11213,,,acetylcholine,acetylcholine,,,neck_connective,left,ascending
1929,720575941513712593,,,,,,ventral_nerve_cord_bilateral_interconnecting,INXXX153,,,,,intrinsic,,,TBD,INXXX153,id:14068,,,acetylcholine,,,,ventral_nerve_cord,right,ventral_nerve_cord_intrinsic
1930,720575941513720979,,,ascending_neuron,,,,AN07B062,AN_GNG_SAD_31,id:720575940619389168,,,intrinsic,,,07B,AN07B062,id:20544,,,acetylcholine,acetylcholine,,,neck_connective,right,ascending
1931,720575941513768780,,,descending_neuron,,,,DNge037,DNge037,id:720575940627826760,,,intrinsic,,,LB7__prim,DNxl014,id:10535,,,acetylcholine,,,,neck_connective,right,descending
1932,720575941513772179,,,descending_neuron,,,,DNge091,DNge091,id:720575940621071495,,,intrinsic,,,LB7,DNg07,id:25694,,,acetylcholine,,,,neck_connective,right,descending
1933,720575941513793612,,,descending_neuron,,,,DNg12_e,DNg12_e,id:720575940627814522,,,intrinsic,,,,DNg12,id:38587,,,acetylcholine,,MX12_R_8,,neck_connective,right,descending
1934,720575941513795148,,,single_leg_neuromere,,,ventral_nerve_cord_contralateral_restricted,IN01A034,,,,,intrinsic,,,01A,IN01A034,id:13824,,,acetylcholine,acetylcholine,,,ventral_nerve_cord,right,ventral_nerve_cord_intrinsic
1935,720575941513798097,,,descending_neuron,,,,DNge007,DNge007,id:720575940639425112,,,intrinsic,,,LB6,DNg88,id:13900,,,acetylcholine,,,,neck_connective,right,descending
1936,720575941513808849,,,descending_neuron,,,,DNge038,DNge038,id:720575940637603038,,,intrinsic,,,putative_primary,DNxl099,id:14836,,,acetylcholine,,,,neck_connective,right,descending
1937,720575941513811532,,,descending_neuron,,,,DNbe006,DNbe006,id:720575940608402524,,,intrinsic,,,putative_primary,DNxn173,id:18777,,,acetylcholine,,,,neck_connective,right,descending
1938,720575941513837971,,,single_leg_neuromere,,,ventral_nerve_cord_bilateral_restricted,IN12B040,,,,,intrinsic,,,12B,,,,,gaba,gaba,,,ventral_nerve_cord,left,ventral_nerve_cord_intrinsic
1939,720575941513885075,,,,,,ventral_nerve_cord_ipsilateral_restricted,IN03A066,,,,,intrinsic,,,03A,IN03A066,id:17546,,,acetylcholine,acetylcholine,,,ventral_nerve_cord,left,ventral_nerve_cord_intrinsic
1940,720575941513942106,,,descending_neuron,,,,DNge091,DNge091,id:720575940611610670,,,intrinsic,,,LB7,DNxn117,id:23811,,,acetylcholine,,,,neck_connective,left,descending
1941,720575941513981433,,,descending_neuron,,,,DNg26,DNg26,id:720575940625047479,,,intrinsic,,,MX0__prim,DNg26,id:16760,,"AstC,Hug",serotonin,serotonin,Hugin-VNC,,neck_connective,right,descending
1942,720575941514059843,,,single_leg_neuromere,,,ventral_nerve_cord_contralateral_restricted,IN14A021,,,,,intrinsic,,,14A,IN14A021,id:13104,,,glutamate,,,,ventral_nerve_cord,right,ventral_nerve_cord_intrinsic
1943,720575941514064716,,,descending_neuron,,,,DNd05,DNd05,id:720575940629736720,,,intrinsic,,,putative_primary,DNd05,id:13238,,,acetylcholine,,,,neck_connective,right,descending
1944,720575941514080147,,,,proprioception,,ventral_nerve_cord_bilateral_interconnecting,nCHIN,,,,,intrinsic,,,08B,IN08B008,id:10598,,,acetylcholine,acetylcholine,,,ventral_nerve_cord,left,ventral_nerve_cord_intrinsic
1945,720575941514111564,,,descending_neuron,,,,DNg72,DNg72,id:720575940615323298,,,intrinsic,,,MX7__prim,DNg72,id:26744,,,glutamate,,,,neck_connective,left,descending
1946,720575941514126915,,front_leg,bristle_neuron,tactile,,front_leg_bristle_neuron,SNta29,,,,,afferent,,,,SNta29,id:152740,left_prothoracic_leg_nerve,,acetylcholine,,,bristle,ventral_nerve_cord,left,sensory
1947,720575941514187363,,front_leg,bristle_neuron,tactile,,front_leg_bristle_neuron,SNta38,,,,,afferent,,,,SNta38,id:175504,left_prothoracic_leg_nerve,,gaba,,,bristle,ventral_nerve_cord,left,sensory
1948,720575941514308867,,front_leg,campaniform_sensillum_neuron,proprioception,mechanical_strain,front_leg_campaniform_sensillum_neuron,SNxxxx,,,,,afferent,,,,SNxxxx,id:64088,right_prothoracic_leg_nerve,,gaba,,,campaniform_sensillum,ventral_nerve_cord,right,sensory
1949,720575941514358675,,,descending_neuron,,,,DNg51,DNg51,id:720575940617663093,,,intrinsic,,,LB7,DNg51,id:25110,,,acetylcholine,,,,neck_connective,right,descending
1950,720575941514363857,,,,,,ventral_nerve_cord_ipsilateral_restricted,IN01B019,,,,,intrinsic,,,01B,IN01B019,id:20714,,,gaba,gaba,,,ventral_nerve_cord,right,ventral_nerve_cord_intrinsic
1951,720575941514372049,,,ascending_neuron,,,,AN09B020,AN_GNG_37,id:720575940612050033,,,intrinsic,,,09B,AN09B020,id:17240,,,acetylcholine,,,,neck_connective,left,ascending
1952,720575941514399441,,,descending_neuron,,,,DNg20,DNg20,id:720575940633771745,,,intrinsic,,,MX3,DNg20,id:18599,,,gaba,,,,neck_connective,right,descending
1953,720575941514435793,,,single_leg_neuromere,,,ventral_nerve_cord_ipsilateral_restricted,IN16B018,,,,,intrinsic,,,16B,IN16B018,id:22970,,,gaba,,,,ventral_nerve_cord,left,ventral_nerve_cord_intrinsic
1954,720575941514447097,,,descending_neuron,,,,DNge033,DNge033,id:720575940606222014,,,intrinsic,,,LB6,DNnt018,id:19112,,,gaba,,,,neck_connective,right,descending
1955,720575941514456569,,,descending_neuron,,,,DNge146,DNge146,id:720575940623132621,,,intrinsic,,,putative_primary,DNfl032,id:21440,,,gaba,,,,neck_connective,right,descending
1956,720575941514530892,,,descending_neuron,,,,DNp48,DNp48,id:720575940613403890,,,intrinsic,,,SMPpm1,DNp48,id:13491,,,acetylcholine,,,,neck_connective,left,descending
1957,720575941514608995,,,descending_neuron,,,,DNg81,DNg81,id:720575940629012227,,,intrinsic,,,putative_primary,DNg81,id:22713,,,gaba,,,,neck_connective,right,descending
1958,720575941514620419,,,,,,ventral_nerve_cord_contralateral_restricted,IN13B028,,,,,intrinsic,,,13B,IN13B028,id:17580,,,gaba,gaba,,,ventral_nerve_cord,right,ventral_nerve_cord_intrinsic
1959,720575941514623587,,,,,,ventral_nerve_cord_ipsilateral_restricted,IN16B102,,,,,intrinsic,,,16B,IN16B102,id:27128,,,glutamate,glutamate,,,ventral_nerve_cord,left,ventral_nerve_cord_intrinsic
1960,720575941514624355,,,,,,ventral_nerve_cord_ipsilateral_restricted,IN04B091,,,,,intrinsic,,,04B,IN04B091,id:102697,,,acetylcholine,acetylcholine,,,ventral_nerve_cord,right,ventral_nerve_cord_intrinsic
1961,720575941514625539,,,,,,ventral_nerve_cord_bilateral_restricted,IN04B067,,,,,intrinsic,,,04B,IN04B067,id:18755,,,acetylcholine,acetylcholine,,,ventral_nerve_cord,left,ventral_nerve_cord_intrinsic
1962,720575941514629267,,,,,,ventral_nerve_cord_bilateral_interconnecting,IN23B028,,,,,intrinsic,,,23B,IN23B028,id:17238,,,acetylcholine,acetylcholine,,,ventral_nerve_cord,right,ventral_nerve_cord_intrinsic
1963,720575941514629955,,,,,,ventral_nerve_cord_bilateral_interconnecting,IN23B034,,,,,intrinsic,,,23B,IN23B034,id:20336,,,acetylcholine,acetylcholine,,,ventral_nerve_cord,left,ventral_nerve_cord_intrinsic
1964,720575941514638179,,,ventral_nerve_cord_centrifugal,,,ventral_nerve_cord_bilateral_interconnecting,IN06B028,,,,,intrinsic,,,06B,IN06B028,id:14071,,,gaba,gaba,,,ventral_nerve_cord,left,ventral_nerve_cord_intrinsic
1965,720575941514695756,,front_leg,hair_plate_neuron,proprioception,joint_angle,front_leg_hair_plate_neuron,SNpp45,,,,,afferent,,,,SNpp45,id:172221,right_prothoracic_leg_nerve,,gaba,,,hair_plate,ventral_nerve_cord,right,sensory
1966,720575941514711299,,front_leg,chordotonal_organ_neuron,proprioception,direction,front_leg_hook_chordotonal_organ_neuron,SNpp44,,,,,afferent,,,,SNpp44,id:142858,right_prothoracic_leg_nerve,,gaba,,,chordotonal_organ,ventral_nerve_cord,right,sensory
1967,720575941514758755,,,,,,ventral_nerve_cord_ipsilateral_restricted,IN04B093,,,,,intrinsic,,,04B,IN04B093,id:20885,,,acetylcholine,acetylcholine,,,ventral_nerve_cord,right,ventral_nerve_cord_intrinsic
1968,720575941514787793,,front_leg,chordotonal_organ_neuron,proprioception,vibro_tactile,front_leg_club_chordotonal_organ_neuron,,,,,,afferent,,,,,,left_prothoracic_leg_nerve,,gaba,,,chordotonal_organ,ventral_nerve_cord,left,sensory
1969,720575941514787907,,,descending_neuron,,,,DNge068,DNge068,id:720575940611881139,,,intrinsic,,,putative_primary,DNfl041,id:17830,,,glutamate,,,,neck_connective,left,descending
1970,720575941514903642,,,,,,ventral_nerve_cord_ipsilateral_restricted,IN20A.22A018,,,,,intrinsic,,,20A.22A,IN20A.22A018,id:22861,,,acetylcholine,acetylcholine,,,ventral_nerve_cord,left,ventral_nerve_cord_intrinsic
1971,720575941514903898,,,,,,ventral_nerve_cord_ipsilateral_restricted,IN19A061,,,,,intrinsic,,,19A,IN19A061,id:17222,,,gaba,gaba,,,ventral_nerve_cord,right,ventral_nerve_cord_intrinsic
1972,720575941514949881,,,descending_neuron,,,,DNge072,DNge072,id:720575940638175558,,,intrinsic,,,LB6,DNnt017,id:19554,,,gaba,,,,neck_connective,right,descending
1973,720575941514995193,,,single_leg_neuromere,,,ventral_nerve_cord_ipsilateral_restricted,IN01B010,,,,,intrinsic,,,01B,IN01B010,id:15677,,,gaba,gaba,,,ventral_nerve_cord,left,ventral_nerve_cord_intrinsic
1974,720575941515048003,,,single_leg_neuromere,,,ventral_nerve_cord_ipsilateral_restricted,IN26X002,,,,,intrinsic,,,26X,IN26X002,id:12992,,,gaba,,,,ventral_nerve_cord,right,ventral_nerve_cord_intrinsic
1975,720575941515064922,,,,,,ventral_nerve_cord_ipsilateral_restricted,IN03A046,,,,,intrinsic,,,03A,IN03A046,id:16696,,,acetylcholine,acetylcholine,,,ventral_nerve_cord,left,ventral_nerve_cord_intrinsic
1976,720575941515074883,,,descending_neuron,,,,DNp39,DNp39,id:720575940617750070,,,intrinsic,,,putative_primary,DNxn169,id:25239,,,acetylcholine,,,,neck_connective,left,descending
1977,720575941515075139,,,,,,ventral_nerve_cord_contralateral_restricted,IN01A063,,,,,intrinsic,,,01A,IN01A063,id:22734,,,acetylcholine,acetylcholine,,,ventral_nerve_cord,right,ventral_nerve_cord_intrinsic
1978,720575941515077699,,,descending_neuron,,,,DNge025,DNge025,id:720575940618519454,,,intrinsic,,,MX12,DNg12,id:31361,,,acetylcholine,,MX12_L_37,,neck_connective,left,descending
1979,720575941515124627,,,single_leg_neuromere,,,ventral_nerve_cord_ipsilateral_restricted,IN19A022,,,,,intrinsic,,,19A,,,,,gaba,gaba,,,ventral_nerve_cord,left,ventral_nerve_cord_intrinsic
1980,720575941515152195,,,descending_neuron,,,,DNpe006,DNpe006,id:720575940630425083,,,intrinsic,,,PSp3,DNxl102,id:13502,,,acetylcholine,,,,neck_connective,left,descending
1981,720575941515238234,,,descending_neuron,,,,DNg07,DNg07,id:720575940626745987,,,intrinsic,,,LB7,DNut036,id:43011,,,acetylcholine,,,,neck_connective,left,descending
1982,720575941515325699,,,single_leg_neuromere,tactile,,ventral_nerve_cord_contralateral_restricted,IN13B025,,,,,intrinsic,,,13B,IN13B025,id:10365,,,gaba,gaba,,,ventral_nerve_cord,right,ventral_nerve_cord_intrinsic
1983,720575941515329859,,,ascending_neuron,,,,AN16B078,SA_DMT_DMetaN_8,id:720575940618366447,,,intrinsic,,,16B,AN16B078,id:21498,,,glutamate,glutamate,,,neck_connective,right,ascending
1984,720575941515341402,,,single_leg_neuromere,,,ventral_nerve_cord_contralateral_restricted,IN13B018,,,,,intrinsic,,,13B,IN13B018,id:24327,,,gaba,,,,ventral_nerve_cord,right,ventral_nerve_cord_intrinsic
1985,720575941515341658,,,single_leg_neuromere,,,ventral_nerve_cord_ipsilateral_restricted,IN03A027,,,,,intrinsic,,,03A,IN03A027,id:14951,,,acetylcholine,acetylcholine,,,ventral_nerve_cord,left,ventral_nerve_cord_intrinsic
1986,720575941515355795,front_leg,,leg_motor_neuron,leg_motor,flex_femur_tibia_joint,front_leg_motor_neuron,accessory_tibia_flexor_A_out_of_bundle,,,,,efferent,,,15B,Acc. ti flexor MN,id:18412,left_prothoracic_leg_nerve,,,glutamate,,accessory_tibia_flexor_muscle,ventral_nerve_cord,left,motor
1987,720575941515411603,,,descending_neuron,,,,DNge111,DNge111,id:720575940611498419,,,intrinsic,,,LB7,DNit005,id:36598,,,acetylcholine,,,,neck_connective,left,descending
1988,720575941515508314,,,ascending_neuron,,,,AN07B015,AN_VES_GNG_3,id:720575940635462757,,,intrinsic,,,07B,AN07B015,id:13099,,,acetylcholine,acetylcholine,,,neck_connective,left,ascending
1989,720575941515548515,,,descending_neuron,,,,DNge046,DNge046,id:720575940644758308,,,intrinsic,,,putative_primary,,,,,gaba,,,,neck_connective,left,descending
1990,720575941515579747,,,descending_neuron,,,,DNge060,DNge060,id:720575940630695798,,,intrinsic,,,putative_primary,DNxn170,id:23646,,,acetylcholine,,,,neck_connective,left,descending
1991,720575941515607699,,,single_leg_neuromere,,,ventral_nerve_cord_contralateral_restricted,IN12B049,,,,,intrinsic,,,12B,IN12B049,id:21648,,,gaba,gaba,,,ventral_nerve_cord,left,ventral_nerve_cord_intrinsic
1992,720575941515614563,,,,,,ventral_nerve_cord_ipsilateral_restricted,IN08A030,,,,,intrinsic,,,08A,IN08A030,id:24121,,,glutamate,glutamate,,,ventral_nerve_cord,left,ventral_nerve_cord_intrinsic
1993,720575941515618147,,,,,,ventral_nerve_cord_ipsilateral_interconnecting,IN04B004,,,,,intrinsic,,,04B,,,,,acetylcholine,acetylcholine,,,ventral_nerve_cord,left,ventral_nerve_cord_intrinsic
1994,720575941515619427,,,descending_neuron,,,,DNpe055,DNpe055,id:720575940613558509,,,intrinsic,,,putative_primary,DNxn102,id:13239,,,acetylcholine,,,,neck_connective,right,descending
1995,720575941515630947,,,descending_neuron,,,,DNp12,DNp12,id:720575940629421159,,,intrinsic,,,putative_primary,DNp12,id:11413,,,acetylcholine,,,,neck_connective,right,descending
1996,720575941515653475,,,,,,ventral_nerve_cord_ipsilateral_interconnecting,IN02A055,,,,,intrinsic,,,02A,IN02A055,id:28606,,,glutamate,glutamate,,,ventral_nerve_cord,left,ventral_nerve_cord_intrinsic
1997,720575941515693315,,,sequential_leg_neuromeres,,,ventral_nerve_cord_bilateral_interconnecting,IN19A019,,,,,intrinsic,,,19A,IN19A019,id:11382,,,acetylcholine,,,,ventral_nerve_cord,left,ventral_nerve_cord_intrinsic
1998,720575941515702362,,,,,,ventral_nerve_cord_bilateral_interconnecting,IN19A118,,,,,intrinsic,,,19A,IN19A118,id:166505,,,gaba,gaba,,,ventral_nerve_cord,left,ventral_nerve_cord_intrinsic
1999,720575941515706003,,,,,,ventral_nerve_cord_ipsilateral_restricted,IN17A065,,,,,intrinsic,,,17A,IN17A065,id:17385,,,glutamate,acetylcholine,,,ventral_nerve_cord,right,ventral_nerve_cord_intrinsic
2000,720575941515726691,,,descending_neuron,,,,DNge028,DNge028,id:720575940644659236,,,intrinsic,,,MX12,DNg12,id:28478,,,acetylcholine,,MX12_L_40,,neck_connective,left,descending
2001,720575941515743635,,front_leg,bristle_neuron,tactile,,front_leg_bristle_neuron,SNta29,,,,,afferent,,,,SNta29,id:100250,left_prothoracic_leg_nerve,,acetylcholine,,,bristle,ventral_nerve_cord,left,sensory
2002,720575941515746051,,,descending_neuron,,,,DNge044,DNge044,id:720575940623137212,,,intrinsic,,,putative_primary,DNfl036,id:19287,,,acetylcholine,,,,neck_connective,left,descending
2003,720575941515840403,,,descending_neuron,,,,DNge145,DNge145,id:720575940622728728,,,intrinsic,,,LB7,DNxn144,id:43801,,,acetylcholine,,,,neck_connective,right,descending
2004,720575941515872003,,,descending_neuron,,,,DNp56,DNp56,id:720575940637126007,,,intrinsic,VES055,id:5812987034,putative_primary,DNp56,id:22501,,,acetylcholine,,,,neck_connective,right,descending
2005,720575941515899459,,front_leg,campaniform_sensillum_neuron,proprioception,mechanical_strain,front_leg_campaniform_sensillum_neuron,SNppxx,,,,,afferent,,,,SNppxx,id:101007,left_prothoracic_leg_nerve,,gaba,,,campaniform_sensillum,ventral_nerve_cord,left,sensory
2006,720575941515917667,,,descending_neuron,,,,DNg07,DNg07,id:720575940614181585,,,intrinsic,,,LB7,DNg07,id:44001,,,acetylcholine,,,,neck_connective,right,descending
2007,720575941515922169,,,descending_neuron,,,,DNpe003,DNpe003,id:720575940633488153,,,intrinsic,,,putative_primary,DNxl075,id:21638,,,acetylcholine,,,,neck_connective,right,descending
2008,720575941515922778,,,descending_neuron,,,,DNpe050,DNpe050,id:720575940624977847,,,intrinsic,,,DM6_central1,DNxn183,id:15513,,,acetylcholine,,,,neck_connective,left,descending
2009,720575941515923546,,,single_leg_neuromere,proprioception,,ventral_nerve_cord_ipsilateral_restricted,IN13A002,cM07,id:720575940619073620,,,intrinsic,,,13A,IN13A002,id:10820,,,gaba,gaba,,,ventral_nerve_cord,right,ventral_nerve_cord_intrinsic
2010,720575941515925338,,,,,,ventral_nerve_cord_ipsilateral_restricted,IN08A030,,,,,intrinsic,,,08A,IN08A030,id:24394,,,glutamate,glutamate,,,ventral_nerve_cord,right,ventral_nerve_cord_intrinsic
2011,720575941515933018,,,,,,ventral_nerve_cord_bilateral_interconnecting,IN01A002,,,,,intrinsic,,,01A,IN01A002,id:10328,,,acetylcholine,acetylcholine,,,ventral_nerve_cord,right,ventral_nerve_cord_intrinsic
2012,720575941515934554,,,single_leg_neuromere,,,ventral_nerve_cord_ipsilateral_restricted,IN21A015,,,,,intrinsic,,,21A,IN21A015,id:13141,,,glutamate,,,,ventral_nerve_cord,right,ventral_nerve_cord_intrinsic
2013,720575941515944803,,,descending_neuron,,,,DNge048,DNge048,id:720575940609376707,,,intrinsic,,,putative_primary,DNxl119,id:12025,,,acetylcholine,,,,neck_connective,right,descending
2014,720575941515969123,,,descending_neuron,,,,DNg60,DNg60,id:720575940631168057,,,intrinsic,,,MD3,DNg60,id:31265,,,gaba,gaba,,,neck_connective,left,descending
2015,720575941515972698,,,descending_neuron,,,,DNg99,DNg99,id:720575940620621190,,,intrinsic,,,MD3,DNg99,id:10937,,,gaba,,,,neck_connective,left,descending
2016,720575941515995052,,,,,,ventral_nerve_cord_ipsilateral_restricted,IN13A063,,,,,intrinsic,,,13A,IN13A063,id:152111,,,gaba,gaba,,,ventral_nerve_cord,right,ventral_nerve_cord_intrinsic
2017,720575941516037475,,,single_leg_neuromere,,,ventral_nerve_cord_ipsilateral_restricted,IN16B018,,,,,intrinsic,,,16B,IN16B018,id:22970,,,gaba,,,,ventral_nerve_cord,left,ventral_nerve_cord_intrinsic
2018,720575941516119724,,,single_leg_neuromere,,,ventral_nerve_cord_ipsilateral_restricted,IN09A030,,,,,intrinsic,,,09A,,,,,gaba,gaba,,,ventral_nerve_cord,right,ventral_nerve_cord_intrinsic
2019,720575941516127404,,,,,,ventral_nerve_cord_bilateral_interconnecting,IN01A069,,,,,intrinsic,,,01A,IN01A069,id:24786,,,acetylcholine,acetylcholine,,,ventral_nerve_cord,left,ventral_nerve_cord_intrinsic
2020,720575941516129452,,,,,,ventral_nerve_cord_ipsilateral_restricted,IN03A045,,,,,intrinsic,,,03A,IN03A045,id:16260,,,acetylcholine,acetylcholine,,,ventral_nerve_cord,right,ventral_nerve_cord_intrinsic
2021,720575941516147546,,,ascending_neuron,,,,AN07B025,,,,,intrinsic,,,07B,AN07B025,id:12979,,,acetylcholine,acetylcholine,,,neck_connective,left,ascending
2022,720575941516229475,,,descending_neuron,,,,DNp34,DNp34,id:720575940632903737,,,intrinsic,,,putative_primary,DNp34,id:11931,,,acetylcholine,,,,neck_connective,right,descending
2023,720575941516237817,,,descending_neuron,,,,DNd02,DNd02,id:720575940627771279,,,intrinsic,,,putative_primary,DNd02,id:10526,,,glutamate,"glutamate,tyramine",,,neck_connective,right,descending
2024,720575941516271450,,,descending_neuron,,,,DNg56,DNg56,id:720575940604783136,,,intrinsic,,,putative_primary,DNg56,id:16837,,,gaba,,,,neck_connective,left,descending
2025,720575941516302329,,,ascending_neuron,,,,AN08B041,AN_multi_53,id:720575940615637334,,,intrinsic,,,08B,AN08B041,id:13693,,,acetylcholine,acetylcholine,,,neck_connective,left,ascending
2026,720575941516357881,,,descending_neuron,,,,DNpe014,DNpe014,id:720575940627924227,,,intrinsic,,,putative_primary,DNxn119,id:21150,,,acetylcholine,,,,neck_connective,left,descending
2027,720575941516432227,,,ascending_neuron,,,,AN03B094,AN_multi_38,id:720575940612331618,,,intrinsic,,,,AN03B094,id:15044,,,gaba,,,,neck_connective,left,ascending
2028,720575941516480110,,,descending_neuron,,,,DNg18_a,DNg18_a,id:720575940659703937,,,intrinsic,,,LB6,,,,,gaba,,,,neck_connective,right,descending
2029,720575941516533753,,front_leg,,,,putative_front_leg_hair_plate_neuron,SNpp52,,,,,afferent,,,,SNpp52,id:86124,right_prothoracic_leg_nerve,,gaba,,,,ventral_nerve_cord,right,sensory
2030,720575941516601690,,,descending_neuron,,,,DNpe047,DNpe047,id:720575940614363619,,,intrinsic,,,SMPpv1,oviDN,id:15827,,,acetylcholine,,oviDNx,,neck_connective,right,descending
2031,720575941516624600,,,single_leg_neuromere,,,ventral_nerve_cord_ipsilateral_restricted,IN21A087,,,,,intrinsic,,,21A,,,,,glutamate,,,,ventral_nerve_cord,right,ventral_nerve_cord_intrinsic
2032,720575941516663768,,,single_leg_neuromere,,,ventral_nerve_cord_bilateral_restricted,IN12B030,,,,,intrinsic,,,12B,IN12B030,id:15237,,,gaba,gaba,,,ventral_nerve_cord,right,ventral_nerve_cord_intrinsic
2033,720575941516665304,,,,,,ventral_nerve_cord_ipsilateral_restricted,IN20A.22A025,,,,,intrinsic,,,20A.22A,IN20A.22A025,id:23784,,,acetylcholine,acetylcholine,,,ventral_nerve_cord,right,ventral_nerve_cord_intrinsic
2034,720575941516674520,,,,,,ventral_nerve_cord_bilateral_interconnecting,IN21A089,,,,,intrinsic,,,21A,,,,,glutamate,,,,ventral_nerve_cord,right,ventral_nerve_cord_intrinsic
2035,720575941516704761,,,ascending_neuron,,,,ANXXX023,AN_GNG_179,id:720575940622674504,,,intrinsic,,,TBD,ANXXX023,id:100314,,,acetylcholine,,,,neck_connective,left,ascending
2036,720575941516764819,,,descending_neuron,,,,DNg02_b,DNg02_b,id:720575940613668620,,,intrinsic,,,LB12,DNg02,id:24845,,,acetylcholine,acetylcholine,,,neck_connective,left,descending
2037,720575941516785155,,,ventral_nerve_cord_serially_convergent,,,ventral_nerve_cord_ipsilateral_interconnecting,INXXX126,,,,,intrinsic,,,TBD,INXXX126,id:13754,,,acetylcholine,,,,ventral_nerve_cord,left,ventral_nerve_cord_intrinsic
2038,720575941516789358,,,,,,ventral_nerve_cord_ipsilateral_restricted,IN20A.22A032,,,,,intrinsic,,,20A.22A,IN20A.22A032,id:22963,,,acetylcholine,acetylcholine,,,ventral_nerve_cord,left,ventral_nerve_cord_intrinsic
2039,720575941516800147,,,descending_neuron,,,,DNge002,DNge002,id:720575940611531986,,,intrinsic,,,putative_primary,DNnt019,id:17193,,,acetylcholine,,,,neck_connective,left,descending
2040,720575941516835182,,,single_leg_neuromere,,,ventral_nerve_cord_bilateral_restricted,IN01A080,,,,,intrinsic,,,01A,IN01A080,id:28842,,,acetylcholine,acetylcholine,,,ventral_nerve_cord,right,ventral_nerve_cord_intrinsic
2041,720575941516835438,,,,,,ventral_nerve_cord_bilateral_restricted,IN01A083,,,,,intrinsic,,,01A,IN01A083,id:27621,,,acetylcholine,acetylcholine,,,ventral_nerve_cord,right,ventral_nerve_cord_intrinsic
2042,720575941516859235,,,,,,ventral_nerve_cord_ipsilateral_interconnecting,IN07B014,,,,,intrinsic,,,07B,IN07B014,id:11064,,,acetylcholine,acetylcholine,,,ventral_nerve_cord,left,ventral_nerve_cord_intrinsic
2043,720575941516869219,,front_leg,bristle_neuron,tactile,,front_leg_bristle_neuron,SNta21,,,,,afferent,,,,SNta21,id:47113,right_prothoracic_leg_nerve,,gaba,,,bristle,ventral_nerve_cord,right,sensory
2044,720575941516874094,front_leg,,leg_motor_neuron,leg_motor,extend_coxa_trochanter_joint,front_leg_motor_neuron,sternotrochanter_extensor,,,,,efferent,,,,,,left_ventral_prothoracic_nerve,,gaba,,,sternotrochanter_extensor_muscle,ventral_nerve_cord,left,motor
2045,720575941516903011,,,single_leg_neuromere,,,ventral_nerve_cord_ipsilateral_restricted,IN21A042,,,,,intrinsic,,,21A,IN21A042,id:26600,,,glutamate,,,,ventral_nerve_cord,left,ventral_nerve_cord_intrinsic
2046,720575941516992761,,,descending_neuron,,,,DNp37,DNp37,id:720575940627496829,,,intrinsic,,,putative_primary,,,,,acetylcholine,acetylcholine,vpoDN,,neck_connective,left,descending
2047,720575941517000185,,,descending_neuron,,,,DNp54,DNp54,id:720575940618398533,,,intrinsic,,,putative_primary,DNp54,id:16418,,,gaba,,,,neck_connective,right,descending
2048,720575941517006296,,,descending_neuron,,,,DNg03,DNg03,id:720575940620328828,,,intrinsic,,,LB12,DNg03,id:28303,,,acetylcholine,,,,neck_connective,left,descending
2049,720575941517281708,,,ascending_neuron,,,,AN04B023,AN_SPS_IPS_5,id:720575940615211195,,,intrinsic,,,04B,AN04B023,id:15288,,,acetylcholine,acetylcholine,,,neck_connective,right,ascending
2050,720575941517403308,,,ascending_neuron,,,,AN03B094,AN_multi_38,id:720575940611227029,,,intrinsic,,,03B,AN03B094,id:16649,,,gaba,,,,neck_connective,right,ascending
2051,720575941517472915,,"coxa,front_leg",hair_plate_neuron,proprioception,joint_angle,front_leg_hair_plate_neuron,SNpp45,,,,,afferent,,,,SNpp45,id:22677,left_ventral_prothoracic_nerve,,acetylcholine,,CoHP8,"CoHP8,hair_plate",ventral_nerve_cord,left,sensory
2052,720575941517695660,,,descending_neuron,,,,DNge091,DNge091,id:720575940622123400,,,intrinsic,,,LB7,DNxn144,id:30744,,,acetylcholine,,,,neck_connective,left,descending
2053,720575941517716952,,,single_leg_neuromere,,,ventral_nerve_cord_contralateral_restricted,IN01A032,,,,,intrinsic,,,01A,IN01A032,id:28102,,,acetylcholine,acetylcholine,,,ventral_nerve_cord,right,ventral_nerve_cord_intrinsic
2054,720575941517756819,,,,,,ventral_nerve_cord_ipsilateral_restricted,IN20A.22A052,,,,,intrinsic,,,20A.22A,IN20A.22A052,id:22153,,,acetylcholine,acetylcholine,,,ventral_nerve_cord,left,ventral_nerve_cord_intrinsic
2055,720575941517814956,,,single_leg_neuromere,proprioception,,ventral_nerve_cord_bilateral_restricted,IN23B024,,,,,intrinsic,,,23B,IN23B024,id:101105,,,acetylcholine,acetylcholine,,,ventral_nerve_cord,right,ventral_nerve_cord_intrinsic
2056,720575941518066904,,,,,,ventral_nerve_cord_ipsilateral_restricted,IN19A122,,,,,intrinsic,,,19A,IN19A122,id:31364,,,gaba,gaba,,,ventral_nerve_cord,right,ventral_nerve_cord_intrinsic
2057,720575941518069208,,,,,,ventral_nerve_cord_ipsilateral_restricted,IN20A.22A076,,,,,intrinsic,,,20A.22A,IN20A.22A076,id:18972,,,acetylcholine,acetylcholine,,,ventral_nerve_cord,right,ventral_nerve_cord_intrinsic
2058,720575941518084056,,,single_leg_neuromere,,,ventral_nerve_cord_ipsilateral_restricted,IN20A.22A049,,,,,intrinsic,,,20A.22A,IN20A.22A049,id:152727,,,acetylcholine,acetylcholine,,,ventral_nerve_cord,left,ventral_nerve_cord_intrinsic
2059,720575941518133464,front_leg,,leg_motor_neuron,leg_motor,move_coxa_posterior,front_leg_motor_neuron,sternal_posterior_rotator,,,,,efferent,,,20B.21B.22B,Sternal posterior rotator MN,id:29689,left_prothoracic_accessory_nerve,,acetylcholine,,,sternal_posterior_rotator_muscle,ventral_nerve_cord,left,motor
2060,720575941518204888,front_leg,,leg_motor_neuron,leg_motor,move_coxa_anterior,front_leg_motor_neuron,tergopleural_promotor_pleural_promotor_miller_28_30,,,,,efferent,,,,,,right_dorsal_prothoracic_nerve,,gaba,,Tergopleural/Pleural/promotor/MN,tergopleural_promotor_muscle,ventral_nerve_cord,right,motor
2061,720575941518246327,,,ascending_neuron,,,,AN16B078,,,,,intrinsic,,,16B,AN16B078,id:21895,,,glutamate,glutamate,,,neck_connective,right,ascending
2062,720575941518261932,,,descending_neuron,,,,DNg12_e,DNg12_e,id:720575940605282406,,,intrinsic,,,MX12,DNg12,id:31613,,,acetylcholine,,MX12_R_32,,neck_connective,right,descending
2063,720575941518359735,,,,,,ventral_nerve_cord_ipsilateral_interconnecting,IN21A096,,,,,intrinsic,,,21A,IN21A096,id:44845,,,glutamate,,,,ventral_nerve_cord,right,ventral_nerve_cord_intrinsic
2064,720575941518386359,,,,,,ventral_nerve_cord_bilateral_interconnecting,IN00A035,,,,,intrinsic,,,00A,IN00A035,id:179829,,,gaba,gaba,,,ventral_nerve_cord,right,ventral_nerve_cord_intrinsic
2065,720575941518405998,,,,,,,,,,,,,,,,,,,,gaba,,,,ventral_nerve_cord,left,
2066,720575941518431927,,,ascending_neuron,,,,,,,,,intrinsic,,,,,,,,glutamate,,,,neck_connective,right,ascending
2067,720575941518435255,,,,,,ventral_nerve_cord_ipsilateral_restricted,IN08A050,,,,,intrinsic,,,08A,IN08A050,id:25799,,,glutamate,glutamate,,,ventral_nerve_cord,right,ventral_nerve_cord_intrinsic
2068,720575941518435767,,,,,,ventral_nerve_cord_ipsilateral_restricted,IN08A036,,,,,intrinsic,,,08A,IN08A036,id:24271,,,glutamate,glutamate,,,ventral_nerve_cord,right,ventral_nerve_cord_intrinsic
2069,720575941518447214,,,,,,ventral_nerve_cord_ipsilateral_restricted,IN20A.22A035,,,,,intrinsic,,,20A.22A,IN20A.22A035,id:25214,,,glutamate,acetylcholine,,,ventral_nerve_cord,right,ventral_nerve_cord_intrinsic
2070,720575941518454451,,,,proprioception,,ventral_nerve_cord_bilateral_restricted,IN19A107,,,,,intrinsic,,,19A,IN19A107,id:42680,,,gaba,gaba,,,ventral_nerve_cord,left,ventral_nerve_cord_intrinsic
2071,720575941518476211,,,,,,ventral_nerve_cord_ipsilateral_restricted,IN04B102,,,,,intrinsic,,,04B,,,,,acetylcholine,,,,ventral_nerve_cord,right,ventral_nerve_cord_intrinsic
2072,720575941518489011,,,,,,ventral_nerve_cord_contralateral_interconnecting,IN06B040,,,,,intrinsic,,,06B,IN06B040,id:18116,,,gaba,gaba,,,ventral_nerve_cord,left,ventral_nerve_cord_intrinsic
2073,720575941518507948,,,single_leg_neuromere,,,ventral_nerve_cord_ipsilateral_restricted,IN20A.22A049,,,,,intrinsic,,,20A.22A,IN20A.22A049,id:166555,,,acetylcholine,acetylcholine,,,ventral_nerve_cord,right,ventral_nerve_cord_intrinsic
2074,720575941518509495,,,descending_neuron,,,,DNge054,DNge054,id:720575940620541099,,,intrinsic,,,putative_primary,DNxl131,id:10912,,,gaba,,,,neck_connective,left,descending
2075,720575941518512238,,,,,,ventral_nerve_cord_ipsilateral_restricted,IN03A094,,,,,intrinsic,,,03A,IN03A094,id:16351,,,acetylcholine,acetylcholine,,,ventral_nerve_cord,left,ventral_nerve_cord_intrinsic
2076,720575941518523246,,,,,,ventral_nerve_cord_contralateral_restricted,IN12B058,,,,,intrinsic,,,12B,IN12B058,id:22622,,,gaba,gaba,,,ventral_nerve_cord,right,ventral_nerve_cord_intrinsic
2077,720575941518593134,,,ascending_neuron,,,,AN12B060,AN_4_4c359f9c,id:720575940630899513,,,intrinsic,,,12B,AN12B060,id:21549,,,gaba,gaba,,,neck_connective,right,ascending
2078,720575941518640494,,front_leg,bristle_neuron,tactile,,front_leg_bristle_neuron,SNta29,,,,,afferent,,,,SNta29,id:34041,right_prothoracic_leg_nerve,,acetylcholine,,,bristle,ventral_nerve_cord,right,sensory
2079,720575941518754220,,,single_leg_neuromere,,,ventral_nerve_cord_ipsilateral_restricted,IN13A003,,,,,intrinsic,,,13A,IN13A003,id:10185,,,gaba,gaba,,,ventral_nerve_cord,left,ventral_nerve_cord_intrinsic
2080,720575941518768044,,,,,,ventral_nerve_cord_bilateral_interconnecting,IN23B072,,,,,intrinsic,,,23B,IN23B072,id:22663,,,acetylcholine,acetylcholine,,,ventral_nerve_cord,right,ventral_nerve_cord_intrinsic
2081,720575941518794668,,,descending_neuron,,,,DNge106,DNge106,id:720575940631662648,,,intrinsic,,,MX12,DNxl097,id:15143,,,acetylcholine,,,,neck_connective,right,descending
2082,720575941518824620,,,ascending_neuron,,,,AN10B024,AN_VES_WED_2,id:720575940628400650,,,intrinsic,,,10B,AN10B024,id:12795,,,acetylcholine,acetylcholine,,,neck_connective,left,ascending
2083,720575941518851694,front_leg,,leg_motor_neuron,leg_motor,flex_coxa_trochanter_joint,front_leg_motor_neuron,trochanter_flexor_ProAN,,,,,efferent,,,24B.25B,Tr flexor MN,id:163686,left_prothoracic_accessory_nerve,,,glutamate,,trochanter_flexor_muscle,ventral_nerve_cord,left,motor
2084,720575941518945459,,,descending_neuron,,,,DNge071,DNge071,id:720575940634525303,,,intrinsic,,,LB6,DNg10,id:41384,,,gaba,,,,neck_connective,left,descending
2085,720575941518951091,,,descending_neuron,,,,DNg36_a,DNg36_a,id:720575940639159029,,,intrinsic,,,LB7,DNg36,id:104141,,,acetylcholine,,,,neck_connective,left,descending
2086,720575941519020471,,,,,,ventral_nerve_cord_ipsilateral_restricted,IN19A092,,,,,intrinsic,,,19A,IN19A092,id:22626,,,gaba,gaba,,,ventral_nerve_cord,left,ventral_nerve_cord_intrinsic
2087,720575941519028396,,,ascending_neuron,,,,AN05B097,AN_multi_88,id:720575940634525792,,,intrinsic,,,05B,AN05B097,id:11044,,,acetylcholine,,,,neck_connective,left,ascending
2088,720575941519117491,,,single_leg_neuromere,,,ventral_nerve_cord_ipsilateral_restricted,IN21A087,,,,,intrinsic,,,21A,,,,,glutamate,,,,ventral_nerve_cord,left,ventral_nerve_cord_intrinsic
2089,720575941519225560,,,single_leg_neuromere,,,ventral_nerve_cord_ipsilateral_restricted,IN20A.22A024,,,,,intrinsic,,,20A.22A,IN20A.22A024,id:100498,,,acetylcholine,acetylcholine,,,ventral_nerve_cord,left,ventral_nerve_cord_intrinsic
2090,720575941519241176,,,descending_neuron,,,,DNge040,DNge040,id:720575940645352814,,,intrinsic,,,MD3,DNxl111,id:13092,,,glutamate,,,,neck_connective,left,descending
2091,720575941519246552,,,single_leg_neuromere,tactile,,ventral_nerve_cord_ipsilateral_restricted,IN03A024,,,,,intrinsic,,,03A,IN03A024,id:15748,,,acetylcholine,acetylcholine,,,ventral_nerve_cord,right,ventral_nerve_cord_intrinsic
2092,720575941519274968,,,descending_neuron,,,,DNp17,DNp17,id:720575940633853559,,,intrinsic,,,PSp2,DNxn128,id:45488,,,acetylcholine,,,,neck_connective,left,descending
2093,720575941519277784,,,single_leg_neuromere,,,ventral_nerve_cord_ipsilateral_restricted,IN03A040,,,,,intrinsic,,,03A,IN03A040,id:16188,,,acetylcholine,acetylcholine,,,ventral_nerve_cord,right,ventral_nerve_cord_intrinsic
2094,720575941519278040,,,,,,ventral_nerve_cord_bilateral_interconnecting,IN08B082,,,,,intrinsic,,,08B,IN08B082,id:18890,,,acetylcholine,acetylcholine,,,ventral_nerve_cord,left,ventral_nerve_cord_intrinsic
2095,720575941519279064,,,,,,ventral_nerve_cord_ipsilateral_interconnecting,IN19A006,,,,,intrinsic,,,19A,IN19A006,id:10582,,,acetylcholine,,,,ventral_nerve_cord,left,ventral_nerve_cord_intrinsic
2096,720575941519283416,,,single_leg_neuromere,,,ventral_nerve_cord_ipsilateral_restricted,IN01B008,,,,,intrinsic,,,01B,IN01B008,id:15622,,,gaba,gaba,,,ventral_nerve_cord,left,ventral_nerve_cord_intrinsic
2097,720575941519296428,,front_leg,chordotonal_organ_neuron,proprioception,position,front_leg_claw_chordotonal_organ_neuron,SNppxx,,,,,afferent,,,,SNppxx,id:175485,left_prothoracic_leg_nerve,,gaba,,,chordotonal_organ,ventral_nerve_cord,left,sensory
2098,720575941519433144,,front_leg,bristle_neuron,tactile,,front_leg_bristle_neuron,SNta34,,,,,afferent,,,,SNta34,id:51045,right_prothoracic_leg_nerve,,acetylcholine,,,bristle,ventral_nerve_cord,right,sensory
2099,720575941519453038,,,,,,ventral_nerve_cord_bilateral_interconnecting,IN06B054,,,,,intrinsic,,,06B,IN06B054,id:16878,,,gaba,gaba,,,ventral_nerve_cord,left,ventral_nerve_cord_intrinsic
2100,720575941519453550,,,descending_neuron,,,,DNpe056,DNpe056,id:720575940632472850,,,intrinsic,,,putative_primary,DNxn168,id:11202,,,acetylcholine,,,,neck_connective,right,descending
2101,720575941519462766,,,descending_neuron,,,,DNg104,DNg104,id:720575940623503318,,,intrinsic,,,putative_primary,DNg104,id:15950,,,octopamine,,,,neck_connective,right,descending
2102,720575941519463278,,,descending_neuron,,,,DNg108,DNg108,id:720575940632043576,,,intrinsic,,,putative_primary,DNg108,id:10058,,,gaba,,,,neck_connective,right,descending
2103,720575941519464046,,,descending_neuron,,,,DNg97,DNg97,id:720575940626730883,,,intrinsic,,,MX3,DNg97,id:11070,,,acetylcholine,,oDN1,,neck_connective,left,descending
2104,720575941519468654,,,single_leg_neuromere,,,ventral_nerve_cord_ipsilateral_restricted,INXXX466,,,,,intrinsic,,,TBD,INXXX466,id:13698,,,acetylcholine,,,,ventral_nerve_cord,right,ventral_nerve_cord_intrinsic
2105,720575941519476334,,,single_leg_neuromere,,,ventral_nerve_cord_contralateral_restricted,IN14A002,,,,,intrinsic,,,14A,IN14A002,id:10626,,,glutamate,,,,ventral_nerve_cord,right,ventral_nerve_cord_intrinsic
2106,720575941519514478,,,ascending_neuron,,,,AN07B057,AN_GNG_172,id:720575940621363469,,,intrinsic,,,07B,AN07B057,id:20578,,,acetylcholine,acetylcholine,,,neck_connective,right,ascending
2107,720575941519611608,,,descending_neuron,,,,DNge055,DNge055,id:720575940624986300,,,intrinsic,,,putative_primary,DNxl086,id:17710,,,glutamate,,,,neck_connective,right,descending
2108,720575941519866840,,,descending_neuron,,,,DNg76,DNg76,id:720575940605950496,,,intrinsic,,,putative_primary,DNg76,id:16511,,,acetylcholine,,,,neck_connective,left,descending
2109,720575941519908791,,front_leg,bristle_neuron,tactile,,front_leg_bristle_neuron,SNta29,,,,,afferent,,,,SNta29,id:74954,right_prothoracic_leg_nerve,,acetylcholine,,,bristle,ventral_nerve_cord,right,sensory
2110,720575941519971507,,,ascending_neuron,,,,AN07B035,AN_IPS_GNG_3,id:720575940627175445,,,intrinsic,,,07B,AN07B035,id:14214,,,acetylcholine,acetylcholine,,,neck_connective,left,ascending
2111,720575941519987127,,,single_leg_neuromere,,,ventral_nerve_cord_ipsilateral_restricted,IN09A047,,,,,intrinsic,,,09A,IN09A047,id:23670,,,gaba,gaba,,,ventral_nerve_cord,right,ventral_nerve_cord_intrinsic
2112,720575941520032951,,,single_leg_neuromere,,,ventral_nerve_cord_contralateral_restricted,IN12B059,,,,,intrinsic,,,12B,IN12B059,id:22982,,,gaba,gaba,,,ventral_nerve_cord,right,ventral_nerve_cord_intrinsic
2113,720575941520036536,,front_leg,bristle_neuron,tactile,,front_leg_bristle_neuron,SNta34,,,,,afferent,,,,SNta34,id:51045,right_prothoracic_leg_nerve,,acetylcholine,,,bristle,ventral_nerve_cord,right,sensory
2114,720575941520049079,,front_leg,bristle_neuron,tactile,,front_leg_bristle_neuron,SNta44,,,,,afferent,,,,SNta44,id:49247,right_prothoracic_leg_nerve,,acetylcholine,,,bristle,ventral_nerve_cord,right,sensory
2115,720575941520057783,,,,,,ventral_nerve_cord_bilateral_restricted,IN16B070,,,,,intrinsic,,,16B,IN16B070,id:16343,,,glutamate,glutamate,,,ventral_nerve_cord,left,ventral_nerve_cord_intrinsic
2116,720575941520072883,,,single_leg_neuromere,,,ventral_nerve_cord_ipsilateral_restricted,IN19A020,,,,,intrinsic,,,19A,IN19A020,id:11799,,,gaba,gaba,,,ventral_nerve_cord,left,ventral_nerve_cord_intrinsic
2117,720575941520112044,,,descending_neuron,,,,DNp32,DNp32,id:720575940630610042,,,intrinsic,DNp32,id:5813050455,putative_primary,DNp32,id:11477,,Ms,serotonin,,,,neck_connective,right,descending
2118,720575941520133367,,,ascending_neuron,,,,AN18B019,AN_GNG_WED_3,id:720575940627621628,,,intrinsic,,,18B,AN18B019,id:11863,,,acetylcholine,acetylcholine,,,neck_connective,right,ascending
2119,720575941520247662,,,,,,ventral_nerve_cord_bilateral_restricted,IN16B080,,,,,intrinsic,,,16B,IN16B080,id:23393,,,glutamate,glutamate,,,ventral_nerve_cord,left,ventral_nerve_cord_intrinsic
2120,720575941520258414,,,ascending_neuron,,,,AN04B003,AN_IPS_GNG_7,id:720575940623747984,,,intrinsic,,,04B,AN04B003,id:13436,,,acetylcholine,acetylcholine,,,neck_connective,left,ascending
2121,720575941520337655,,,,,,ventral_nerve_cord_bilateral_interconnecting,IN08B037,,,,,intrinsic,,,08B,IN08B037,id:13962,,,acetylcholine,acetylcholine,,,ventral_nerve_cord,left,ventral_nerve_cord_intrinsic
2122,720575941520361719,,,,,,ventral_nerve_cord_ipsilateral_restricted,IN03A094,,,,,intrinsic,,,03A,IN03A094,id:157002,,,acetylcholine,acetylcholine,,,ventral_nerve_cord,right,ventral_nerve_cord_intrinsic
2123,720575941520367095,,,,,,ventral_nerve_cord_ipsilateral_restricted,IN03A066,,,,,intrinsic,,,03A,IN03A066,id:14567,,,acetylcholine,acetylcholine,,,ventral_nerve_cord,right,ventral_nerve_cord_intrinsic
2124,720575941520535219,,,,,,ventral_nerve_cord_ipsilateral_restricted,IN20A.22A085,,,,,intrinsic,,,20A.22A,IN20A.22A085,id:28762,,,acetylcholine,acetylcholine,,,ventral_nerve_cord,left,ventral_nerve_cord_intrinsic
2125,720575941520689143,,,single_leg_neuromere,,,ventral_nerve_cord_ipsilateral_restricted,IN20A.22A008,,,,,intrinsic,,,20A.22A,IN20A.22A008,id:20347,,,acetylcholine,acetylcholine,,,ventral_nerve_cord,right,ventral_nerve_cord_intrinsic
2126,720575941520735411,,,descending_neuron,,,,DNge098,DNge098,id:720575940620473547,,,intrinsic,,,putative_primary,DNfl027,id:50104,,,gaba,,,,neck_connective,left,descending
2127,720575941521028855,,,single_leg_neuromere,,,ventral_nerve_cord_ipsilateral_restricted,IN20A.22A055,,,,,intrinsic,,,20A.22A,IN20A.22A055,id:25425,,,acetylcholine,acetylcholine,,,ventral_nerve_cord,right,ventral_nerve_cord_intrinsic
2128,720575941521031927,,,ventral_nerve_cord_dorsal,,,ventral_nerve_cord_bilateral_interconnecting,IN11A021,,,,,intrinsic,,,11A,IN11A021,id:19358,,,acetylcholine,acetylcholine,,,ventral_nerve_cord,right,ventral_nerve_cord_intrinsic
2129,720575941521072823,,,,,,ventral_nerve_cord_bilateral_interconnecting,IN18B018,,,,,intrinsic,,,18B,IN18B018,id:12559,,,acetylcholine,acetylcholine,,,ventral_nerve_cord,right,ventral_nerve_cord_intrinsic
2130,720575941521081271,,,ascending_neuron,,,,AN05B104,AN_GNG_92,id:720575940603456288,,,intrinsic,,,05B,AN05B104,id:15496,,,acetylcholine,,,,neck_connective,right,ascending
2131,720575941521095863,,,single_leg_neuromere,,,ventral_nerve_cord_bilateral_interconnecting,IN02A015,,,,,intrinsic,,,02A,IN02A015,id:15422,,,acetylcholine,,,,ventral_nerve_cord,right,ventral_nerve_cord_intrinsic
2132,720575941521110711,,,,,,ventral_nerve_cord_bilateral_interconnecting,IN18B012,,,,,intrinsic,,,18B,IN18B012,id:11402,,,acetylcholine,acetylcholine,,,ventral_nerve_cord,left,ventral_nerve_cord_intrinsic
2133,720575941521111223,,eye,bristle_neuron,tactile,,eye_bristle_neuron,DNx02,DNx02,id:720575940632644639,,,afferent,,,,DNx02,id:13777,right_ventral_cervical_nerve,,acetylcholine,,,bristle,neck_connective,right,sensory_descending
2134,720575941521188791,,,descending_neuron,,,,DNpe052,DNpe052,id:720575940635838143,,,intrinsic,,,SMPpv2_ventral,DNxl076,id:21004,,,acetylcholine,,,,neck_connective,left,descending
2135,720575941521248179,,,single_leg_neuromere,,,ventral_nerve_cord_ipsilateral_restricted,IN09A006,,,,,intrinsic,,,09A,IN09A006,id:13304,,,gaba,gaba,,,ventral_nerve_cord,right,ventral_nerve_cord_intrinsic
2136,720575941521256115,,,descending_neuron,,,,DNg102,DNg102,id:720575940624877360,,,intrinsic,,,putative_primary,DNxn182,id:11621,,,gaba,,,,neck_connective,left,descending
2137,720575941521274551,,,descending_neuron,,,,DNg35,DNg35,id:720575940629805950,,,intrinsic,,,putative_primary,DNg35,id:10476,,,acetylcholine,,,,neck_connective,right,descending
2138,720575941521275315,,,ascending_neuron,,,,AN05B036,,,,,intrinsic,,,05B,AN05B036,id:14762,,,gaba,gaba,,,ventral_nerve_cord,left,ascending
2139,720575941521282739,,,descending_neuron,,,,DNg49,,,,,intrinsic,,,,DNg49,id:15047,,,acetylcholine,,,,neck_connective,right,descending
2140,720575941521340087,,,descending_neuron,,,,DNpe019,DNpe019,id:720575940627620593,,,intrinsic,,,putative_primary,DNp51,id:17898,,,acetylcholine,,,,neck_connective,left,descending
2141,720575941521369523,,,descending_neuron,,,,DNge092,DNge092,id:720575940636186463,,,intrinsic,,,LB7,DNxn109,id:45214,,,acetylcholine,,,,neck_connective,right,descending
2142,720575941521454003,,,descending_neuron,,,,oviDNa_a,oviDNa_a,id:720575940627921182,,,intrinsic,,,SMPpv1,,,,,acetylcholine,acetylcholine,oviDNa,,neck_connective,left,descending
2143,720575941521559883,,,,proprioception,,ventral_nerve_cord_bilateral_restricted,IN19A117,,,,,intrinsic,,,19A,,,,,gaba,,,,ventral_nerve_cord,right,ventral_nerve_cord_intrinsic
2144,720575941521562955,,,single_leg_neuromere,,,ventral_nerve_cord_ipsilateral_restricted,IN08A019,,,,,intrinsic,,,08A,IN08A019,id:18197,,,glutamate,glutamate,,,ventral_nerve_cord,right,ventral_nerve_cord_intrinsic
2145,720575941521576779,,front_leg,bristle_neuron,tactile,,front_leg_bristle_neuron,SNta34,,,,,afferent,,,,SNta34,id:51045,right_prothoracic_leg_nerve,,acetylcholine,,,bristle,ventral_nerve_cord,right,sensory
2146,720575941521579083,,,,,,ventral_nerve_cord_contralateral_restricted,IN13B081,,,,,intrinsic,,,13B,IN13B081,id:25125,,,gaba,gaba,,,ventral_nerve_cord,right,ventral_nerve_cord_intrinsic
2147,720575941521741239,,,,,,ventral_nerve_cord_ipsilateral_restricted,IN13A041,,,,,intrinsic,,,13A,IN13A041,id:18168,,,gaba,gaba,,,ventral_nerve_cord,left,ventral_nerve_cord_intrinsic
2148,720575941521999031,,,ascending_neuron,,,,AN08B027,AN_multi_59,id:720575940626951513,,,intrinsic,,,08B,AN08B027,id:12856,,,acetylcholine,acetylcholine,,,neck_connective,right,ascending
2149,720575941522001591,,,descending_neuron,,,,DNge094,DNge094,id:720575940630829563,,,intrinsic,,,,,,,,acetylcholine,,,,neck_connective,right,descending
2150,720575941522076087,,,ascending_neuron,,,,AN08B028,AN_AVLP_34,id:720575940612267518,,,intrinsic,,,08B,AN08B028,id:13521,,,acetylcholine,acetylcholine,,,neck_connective,left,ascending
2151,720575941522091255,,,ascending_neuron,,,,AN06B048,AN_4_None,id:720575940624049338,,,intrinsic,,,06B,AN06B048,id:14986,,,gaba,gaba,,,neck_connective,left,ascending
2152,720575941522127691,,,,,,ventral_nerve_cord_ipsilateral_restricted,IN20A.22A036,,,,,intrinsic,,,20A.22A,,,,,acetylcholine,acetylcholine,,,ventral_nerve_cord,left,ventral_nerve_cord_intrinsic
2153,720575941522148171,,,single_leg_neuromere,,,ventral_nerve_cord_ipsilateral_restricted,IN09A050,,,,,intrinsic,,,09A,IN09A050,id:26602,,,gaba,gaba,,,ventral_nerve_cord,right,ventral_nerve_cord_intrinsic
2154,720575941522244855,,front_leg,bristle_neuron,tactile,,front_leg_bristle_neuron,SNta42,,,,,afferent,,,,SNta42,id:51742,left_prothoracic_leg_nerve,,acetylcholine,,,bristle,ventral_nerve_cord,left,sensory
2155,720575941522568627,,,descending_neuron,,,,DNp64,DNp64,id:720575940629846722,,,intrinsic,,,SMPpv2_dorsal,DNp64,id:17113,,,acetylcholine,,,,neck_connective,right,descending
2156,720575941522782967,,,,,,,,,,,,,,,,,,,,acetylcholine,,,,ventral_nerve_cord,right,
2157,720575941523074295,,,descending_neuron,,,,DNp16,DNp16,id:720575940615219417,,,intrinsic,DNp16,id:1436703256,,DNut045,id:25734,,,acetylcholine,,,,neck_connective,right,descending
2158,720575941523079671,,,descending_neuron,,,,DNg106,DNg106,id:720575940626799920,,,intrinsic,,,MX3,DNg106,id:29151,,,gaba,,,,neck_connective,right,descending
2159,720575941523083767,,,,,,ventral_nerve_cord_ipsilateral_restricted,IN20A.22A071,,,,,intrinsic,,,20A.22A,IN20A.22A071,id:23581,,,acetylcholine,acetylcholine,,,ventral_nerve_cord,left,ventral_nerve_cord_intrinsic
2160,720575941523099127,,,descending_neuron,,,,DNg05_a,DNg05_a,id:720575940627731176,,,intrinsic,,,LB12,DNut053,id:19535,,,acetylcholine,,,,neck_connective,right,descending
2161,720575941523099383,,,,,,ventral_nerve_cord_bilateral_restricted,IN19B005,,,,,intrinsic,,,19B,IN19B005,id:10385,,,acetylcholine,acetylcholine,,,ventral_nerve_cord,left,ventral_nerve_cord_intrinsic
2162,720575941523106295,,,descending_neuron,,,,DNg14,DNg14,id:720575940624280066,,,intrinsic,,,putative_primary,DNg14,id:16926,,,acetylcholine,acetylcholine,,,neck_connective,left,descending
2163,720575941523112439,,,,,,ventral_nerve_cord_bilateral_interconnecting,IN06A004,,,,,intrinsic,,,06A,IN06A004,id:11646,,,glutamate,,,,ventral_nerve_cord,left,ventral_nerve_cord_intrinsic
2164,720575941523216715,,,single_leg_neuromere,,,ventral_nerve_cord_ipsilateral_restricted,IN13A055,,,,,intrinsic,,,13A,IN13A055,id:31435,,,gaba,gaba,,,ventral_nerve_cord,right,ventral_nerve_cord_intrinsic
2165,720575941523236171,,,descending_neuron,,,,DNg36_b,DNg36_b,id:720575940621304004,,,intrinsic,,,LB7,,,,,acetylcholine,,,,neck_connective,right,descending
2166,720575941523360075,,,,,,ventral_nerve_cord_contralateral_restricted,IN13B028,,,,,intrinsic,,,13B,IN13B028,id:16899,,,gaba,gaba,,,ventral_nerve_cord,left,ventral_nerve_cord_intrinsic
2167,720575941523368779,front_leg,,leg_motor_neuron,leg_motor,extend_coxa_trochanter_joint,front_leg_motor_neuron,tergotrochanter_extensor,,,,,efferent,,,,,,right_ventral_prothoracic_nerve,,gaba,,,tergotrochanter_extensor_muscle,ventral_nerve_cord,right,motor
2168,720575941523447883,,,descending_neuron,,,,DNg07,DNg07,id:720575940614181585,,,intrinsic,,,LB7,DNut034,id:43795,,,acetylcholine,,,,neck_connective,right,descending
2169,720575941523515723,,,,,,ventral_nerve_cord_ipsilateral_restricted,IN16B064,,,,,intrinsic,,,16B,IN16B064,id:20629,,,glutamate,glutamate,,,ventral_nerve_cord,left,ventral_nerve_cord_intrinsic
2170,720575941523755778,,,,,,ventral_nerve_cord_ipsilateral_interconnecting,IN02A055,,,,,intrinsic,,,02A,IN02A055,id:29390,,,glutamate,glutamate,,,ventral_nerve_cord,right,ventral_nerve_cord_intrinsic
2171,720575941523787083,,,single_leg_neuromere,,,ventral_nerve_cord_bilateral_restricted,IN14A042,,,,,intrinsic,,,14A,IN14A042,id:24222,,,glutamate,,,,ventral_nerve_cord,left,ventral_nerve_cord_intrinsic
2172,720575941523884034,,,single_leg_neuromere,,,ventral_nerve_cord_ipsilateral_restricted,IN20A.22A024,,,,,intrinsic,,,20A.22A,,,,,acetylcholine,acetylcholine,,,ventral_nerve_cord,right,ventral_nerve_cord_intrinsic
2173,720575941523995138,,,,,,ventral_nerve_cord_ipsilateral_interconnecting,IN06B022,,,,,intrinsic,,,06B,IN06B022,id:10794,,,gaba,gaba,,,ventral_nerve_cord,right,ventral_nerve_cord_intrinsic
2174,720575941523999746,,,single_leg_neuromere,,,ventral_nerve_cord_ipsilateral_restricted,IN20A.22A024,,,,,intrinsic,,,20A.22A,IN20A.22A024,id:21891,,,acetylcholine,acetylcholine,,,ventral_nerve_cord,right,ventral_nerve_cord_intrinsic
2175,720575941524010340,,,single_leg_neuromere,,,ventral_nerve_cord_ipsilateral_restricted,IN21A087,,,,,intrinsic,,,21A,IN21A087,id:80571,,,glutamate,,,,ventral_nerve_cord,left,ventral_nerve_cord_intrinsic
2176,720575941524015874,,,,,,ventral_nerve_cord_contralateral_interconnecting,IN09B038,,,,,intrinsic,,,09B,IN09B038,id:17651,,,acetylcholine,,,,ventral_nerve_cord,right,ventral_nerve_cord_intrinsic
2177,720575941524016461,,,,,,ventral_nerve_cord_bilateral_interconnecting,IN01A050,,,,,intrinsic,,,01A,IN01A050,id:18616,,,acetylcholine,acetylcholine,,,ventral_nerve_cord,left,ventral_nerve_cord_intrinsic
2178,720575941524017154,,,single_leg_neuromere,,,ventral_nerve_cord_contralateral_restricted,IN12B030,,,,,intrinsic,,,12B,IN12B030,id:19698,,,gaba,gaba,,,ventral_nerve_cord,right,ventral_nerve_cord_intrinsic
2179,720575941524020226,,,,,,ventral_nerve_cord_ipsilateral_restricted,IN16B122,,,,,intrinsic,,,16B,IN16B122,id:34193,,,glutamate,glutamate,,,ventral_nerve_cord,right,ventral_nerve_cord_intrinsic
2180,720575941524025602,,,,,,ventral_nerve_cord_ipsilateral_restricted,IN09A074,,,,,intrinsic,,,09A,IN09A074,id:156700,,,gaba,gaba,,,ventral_nerve_cord,left,ventral_nerve_cord_intrinsic
2181,720575941524069111,,,descending_neuron,,,,DNp32,DNp32,id:720575940650929273,,,intrinsic,,,putative_primary,DNp32,id:11561,,Ms,serotonin,,,,neck_connective,left,descending
2182,720575941524096077,,front_leg,bristle_neuron,tactile,,front_leg_bristle_neuron,SNta25,,,,,afferent,,,,SNta25,id:101239,right_prothoracic_leg_nerve,,gaba,,,bristle,ventral_nerve_cord,right,sensory
2183,720575941524127565,,,single_leg_neuromere,,,ventral_nerve_cord_ipsilateral_restricted,IN03A017,,,,,intrinsic,,,03A,IN03A017,id:13914,,,acetylcholine,acetylcholine,,,ventral_nerve_cord,right,ventral_nerve_cord_intrinsic
2184,720575941524167755,,,descending_neuron,,,,DNpe047,DNpe047,id:720575940607632579,,,intrinsic,,,SMPpv1,oviDN,id:15424,,,acetylcholine,,oviDNx,,neck_connective,left,descending
2185,720575941524176971,,,single_leg_neuromere,,,ventral_nerve_cord_ipsilateral_restricted,IN17A061,,,,,intrinsic,,,17A,IN17A061,id:13944,,,acetylcholine,acetylcholine,,,ventral_nerve_cord,left,ventral_nerve_cord_intrinsic
2186,720575941524185188,,,single_leg_neuromere,,,ventral_nerve_cord_contralateral_restricted,IN01A067,,,,,intrinsic,,,01A,IN01A067,id:100516,,,acetylcholine,acetylcholine,,,ventral_nerve_cord,right,ventral_nerve_cord_intrinsic
2187,720575941524187748,,,,,,ventral_nerve_cord_ipsilateral_restricted,IN16B091,,,,,intrinsic,,,16B,IN16B091,id:23455,,,glutamate,glutamate,,,ventral_nerve_cord,right,ventral_nerve_cord_intrinsic
2188,720575941524190820,,,,,,ventral_nerve_cord_bilateral_interconnecting,IN01A078,,,,,intrinsic,,,01A,IN01A078,id:25364,,,acetylcholine,acetylcholine,,,ventral_nerve_cord,left,ventral_nerve_cord_intrinsic
2189,720575941524192100,,,,,,ventral_nerve_cord_ipsilateral_restricted,IN04B069,,,,,intrinsic,,,04B,,,,,acetylcholine,acetylcholine,,,ventral_nerve_cord,left,ventral_nerve_cord_intrinsic
2190,720575941524203339,,,single_leg_neuromere,tactile,,ventral_nerve_cord_contralateral_restricted,IN14A011,,,,,intrinsic,,,14A,IN14A011,id:14120,,,glutamate,,,,ventral_nerve_cord,right,ventral_nerve_cord_intrinsic
2191,720575941524207691,,,single_leg_neuromere,,,ventral_nerve_cord_contralateral_restricted,IN14A005,,,,,intrinsic,,,14A,IN14A005,id:12338,,,glutamate,,,,ventral_nerve_cord,right,ventral_nerve_cord_intrinsic
2192,720575941524210763,,,descending_neuron,,,,DNg47,DNg47,id:720575940627812168,,,intrinsic,,,putative_primary,DNg47,id:24316,,,acetylcholine,,,,neck_connective,left,descending
2193,720575941524211275,,,,,,ventral_nerve_cord_bilateral_interconnecting,INXXX003,,,,,intrinsic,,,TBD,INXXX003,id:10065,,,gaba,,,,ventral_nerve_cord,left,ventral_nerve_cord_intrinsic
2194,720575941524331545,,,,,,ventral_nerve_cord_ipsilateral_restricted,IN09A072,,,,,intrinsic,,,09A,IN09A072,id:40121,,,gaba,gaba,,,ventral_nerve_cord,left,ventral_nerve_cord_intrinsic
2195,720575941524365337,front_leg,,leg_motor_neuron,leg_motor,pull_long_tendon,front_leg_motor_neuron,long_tendon_muscle_A,,,,,efferent,,,,,,left_prothoracic_leg_nerve,,,,,long_tendon_muscle,ventral_nerve_cord,left,motor
2196,720575941524368409,,,,,,ventral_nerve_cord_contralateral_restricted,IN14A064,,,,,intrinsic,,,14A,IN14A064,id:23964,,,glutamate,,,,ventral_nerve_cord,left,ventral_nerve_cord_intrinsic
2197,720575941524374041,,,,,,ventral_nerve_cord_ipsilateral_restricted,IN03A069,,,,,intrinsic,,,03A,IN03A069,id:17613,,,acetylcholine,acetylcholine,,,ventral_nerve_cord,right,ventral_nerve_cord_intrinsic
2198,720575941524375883,,haltere,chordotonal_organ_neuron,proprioception,,haltere_chordotonal_organ_neuron,SApp07,AN_4_None,id:720575940618290523,,,afferent,,,,SApp07,id:11739,right_dorsal_metathoracic_nerve,,acetylcholine,,,chordotonal_organ,neck_connective,right,sensory_ascending
2199,720575941524378649,,,,proprioception,,ventral_nerve_cord_bilateral_interconnecting,nCHIN,,,,,intrinsic,,,08B,IN08B008,id:25470,,,acetylcholine,acetylcholine,,,ventral_nerve_cord,right,ventral_nerve_cord_intrinsic
2200,720575941524478795,,,descending_neuron,,,,DNg08_a,DNg08_a,id:720575940636761926,,,intrinsic,,,MX3,DNit003,id:46595,,,gaba,,,,neck_connective,left,descending
2201,720575941524513892,,,descending_neuron,,,,DNge117,DNge117,id:720575940623776235,,,intrinsic,,,LB6,DNxn109,id:52357208220,,,gaba,,,,neck_connective,right,descending
2202,720575941524617241,,,,,,ventral_nerve_cord_bilateral_restricted,IN16B061,,,,,intrinsic,,,16B,IN16B061,id:23819,,,glutamate,glutamate,,,ventral_nerve_cord,right,ventral_nerve_cord_intrinsic
2203,720575941524659458,,,single_leg_neuromere,,,ventral_nerve_cord_ipsilateral_restricted,IN13A021,,,,,intrinsic,,,13A,,,,,gaba,gaba,,,ventral_nerve_cord,right,ventral_nerve_cord_intrinsic
2204,720575941524677378,,,,,,ventral_nerve_cord_ipsilateral_restricted,IN03A084,,,,,intrinsic,,,03A,IN03A084,id:23054,,,acetylcholine,acetylcholine,,,ventral_nerve_cord,left,ventral_nerve_cord_intrinsic
2205,720575941524746573,front_leg,,leg_motor_neuron,leg_motor,flex_coxa_trochanter_joint,front_leg_motor_neuron,trochanter_flexor_VProN,,,,,efferent,,,24B.25B,Tr flexor MN,id:23299,left_ventral_prothoracic_nerve,,gaba,glutamate,,trochanter_flexor_muscle,ventral_nerve_cord,left,motor
2206,720575941524748877,front_leg,,leg_motor_neuron,leg_motor,pull_long_tendon,front_leg_motor_neuron,long_tendon_muscle_B,,,,,efferent,,,15B,ltm2-femur MN,id:17050,left_prothoracic_leg_nerve,,gaba,,,long_tendon_muscle,ventral_nerve_cord,left,motor
2207,720575941524912461,,,single_leg_neuromere,,,ventral_nerve_cord_bilateral_interconnecting,IN03B019,,,,,intrinsic,,,03B,,,,,gaba,,,,ventral_nerve_cord,right,ventral_nerve_cord_intrinsic
2208,720575941524958118,,,descending_neuron,,,,DNge109,DNge109,id:720575940621121159,,,intrinsic,,,LB7,DNxn109,id:45214,,,acetylcholine,,,,neck_connective,right,descending
2209,720575941524966169,front_leg,,leg_motor_neuron,leg_motor,pull_long_tendon,front_leg_motor_neuron,long_tendon_muscle_A,,,,,efferent,,,15B,ltm MN,id:27078,right_prothoracic_leg_nerve,,,glutamate,,long_tendon_muscle,ventral_nerve_cord,right,motor
2210,720575941524969497,,,,,,ventral_nerve_cord_bilateral_interconnecting,IN06B021,,,,,intrinsic,,,06B,IN06B021,id:24947,,,gaba,gaba,,,ventral_nerve_cord,left,ventral_nerve_cord_intrinsic
2211,720575941525100198,,,,proprioception,,ventral_nerve_cord_contralateral_restricted,IN14A026,,,,,intrinsic,,,14A,IN14A026,id:20393,,,glutamate,,,,ventral_nerve_cord,right,ventral_nerve_cord_intrinsic
2212,720575941525150630,,,,,,ventral_nerve_cord_ipsilateral_restricted,IN08A036,,,,,intrinsic,,,08A,IN08A036,id:26352,,,glutamate,glutamate,,,ventral_nerve_cord,right,ventral_nerve_cord_intrinsic
2213,720575941525186818,,,descending_neuron,,,,DNge143,DNge143,id:720575940634782359,,,intrinsic,,,putative_primary,DNnt016,id:20313,,,gaba,,,,neck_connective,right,descending
2214,720575941525209766,,prosternal_organ,hair_plate_neuron,proprioception,joint_angle,prosternal_hair_plate_neuron,SNpp19,,,,,afferent,,,,SNpp19,id:102845,left_prosternal_nerve,,acetylcholine,,,hair_plate,ventral_nerve_cord,left,sensory
2215,720575941525265485,,prosternal_organ,hair_plate_neuron,proprioception,joint_angle,prosternal_hair_plate_neuron,SNpp19,,,,,afferent,,,,SNpp19,id:22235,right_prosternal_nerve,,acetylcholine,,,hair_plate,ventral_nerve_cord,right,sensory
2216,720575941525266598,,,,,,ventral_nerve_cord_contralateral_restricted,IN14A064,,,,,intrinsic,,,14A,IN14A064,id:26849,,,glutamate,,,,ventral_nerve_cord,right,ventral_nerve_cord_intrinsic
2217,720575941525267110,,,,,,ventral_nerve_cord_bilateral_restricted,IN19A053,,,,,intrinsic,,,19A,IN19A053,id:21674,,,gaba,gaba,,,ventral_nerve_cord,right,ventral_nerve_cord_intrinsic
2218,720575941525280678,,,,,,ventral_nerve_cord_ipsilateral_restricted,IN20A.22A071,,,,,intrinsic,,,20A.22A,,,,,acetylcholine,acetylcholine,,,ventral_nerve_cord,right,ventral_nerve_cord_intrinsic
2219,720575941525286054,,,,,,ventral_nerve_cord_ipsilateral_interconnecting,IN02A055,,,,,intrinsic,,,02A,IN02A055,id:28606,,,glutamate,glutamate,,,ventral_nerve_cord,left,ventral_nerve_cord_intrinsic
2220,720575941525288358,,,single_leg_neuromere,,,ventral_nerve_cord_ipsilateral_restricted,IN03A088,,,,,intrinsic,,,03A,,,,,acetylcholine,acetylcholine,,,ventral_nerve_cord,right,ventral_nerve_cord_intrinsic
2221,720575941525329410,,"coxa,front_leg",hair_plate_neuron,proprioception,joint_angle,front_leg_hair_plate_neuron,SNpp45,,,,,afferent,,,,SNpp45,id:45389356381,right_ventral_prothoracic_nerve,,gaba,,CoHP8,"CoHP8,hair_plate",ventral_nerve_cord,right,sensory
2222,720575941525349634,,"front_leg,trochanter",hair_plate_neuron,proprioception,joint_angle,front_leg_hair_plate_neuron,,,,,,afferent,,,,,,left_prothoracic_leg_nerve,,gaba,,,hair_plate,ventral_nerve_cord,left,sensory
2223,720575941525477195,,,descending_neuron,,,,DNp27,DNp27,id:720575940628731140,,,intrinsic,DNp27,,,DNp27,id:14557,,"AstC,Orcokinin,Trissin",serotonin,acetylcholine,"Allatostatin-C,PMP2",,neck_connective,left,descending
2224,720575941525536868,,,ventral_nerve_cord_serially_convergent,,,ventral_nerve_cord_bilateral_interconnecting,IN04A002,,,,,intrinsic,,,04A,IN04A002,id:23509,,,acetylcholine,,,,ventral_nerve_cord,right,ventral_nerve_cord_intrinsic
2225,720575941525682253,neck,,neck_motor_neuron,neck_motor,neck_roll,neck_roll_motor_neuron,DProN_v,,,,,efferent,,,,,,left_dorsal_prothoracic_nerve,,gaba,,ADNM1,,ventral_nerve_cord,left,motor
2226,720575941525720066,,,,,,ventral_nerve_cord_ipsilateral_restricted,IN13A035,,,,,intrinsic,,,13A,IN13A035,id:16080,,,gaba,gaba,,,ventral_nerve_cord,right,ventral_nerve_cord_intrinsic
2227,720575941525730818,,,,proprioception,,ventral_nerve_cord_bilateral_restricted,IN19A065,,,,,intrinsic,,,19A,IN19A065,id:154506,,,gaba,gaba,,,ventral_nerve_cord,left,ventral_nerve_cord_intrinsic
2228,720575941525790564,,,,,,ventral_nerve_cord_ipsilateral_restricted,IN13A047,,,,,intrinsic,,,13A,IN13A047,id:18744,,,gaba,gaba,,,ventral_nerve_cord,left,ventral_nerve_cord_intrinsic
2229,720575941525790722,,,,,,ventral_nerve_cord_ipsilateral_restricted,IN20A.22A035,,,,,intrinsic,,,20A.22A,IN20A.22A035,id:21472,,,acetylcholine,acetylcholine,,,ventral_nerve_cord,right,ventral_nerve_cord_intrinsic
2230,720575941525792002,,,ventral_nerve_cord_serially_convergent,,,ventral_nerve_cord_bilateral_interconnecting,IN08B056,,,,,intrinsic,,,08B,IN08B056,id:18154,,,acetylcholine,acetylcholine,,,ventral_nerve_cord,right,ventral_nerve_cord_intrinsic
2231,720575941525795684,,,,,,ventral_nerve_cord_ipsilateral_restricted,IN09A074,,,,,intrinsic,,,09A,IN09A074,id:101957,,,gaba,gaba,,,ventral_nerve_cord,right,ventral_nerve_cord_intrinsic
2232,720575941525827684,,,single_leg_neuromere,,,ventral_nerve_cord_ipsilateral_restricted,IN08A002,,,,,intrinsic,,,08A,IN08A002,id:10332,,,glutamate,glutamate,,,ventral_nerve_cord,left,ventral_nerve_cord_intrinsic
2233,720575941525828708,,,,,,ventral_nerve_cord_ipsilateral_interconnecting,IN21A103,,,,,intrinsic,,,21A,,,,,glutamate,,,,ventral_nerve_cord,left,ventral_nerve_cord_intrinsic
2234,720575941525856589,,,,,,ventral_nerve_cord_bilateral_interconnecting,IN21A045,,,,,intrinsic,,,21A,IN21A045,id:172118,,,glutamate,,,,ventral_nerve_cord,left,ventral_nerve_cord_intrinsic
2235,720575941525868900,,,,,,ventral_nerve_cord_ipsilateral_restricted,IN03A049,,,,,intrinsic,,,03A,IN03A049,id:163731,,,acetylcholine,acetylcholine,,,ventral_nerve_cord,right,ventral_nerve_cord_intrinsic
2236,720575941526037273,,,,,,ventral_nerve_cord_bilateral_interconnecting,IN04B028,,,,,intrinsic,,,04B,IN04B028,id:14031,,,acetylcholine,acetylcholine,,,ventral_nerve_cord,left,ventral_nerve_cord_intrinsic
2237,720575941526116633,,front_leg,bristle_neuron,tactile,,front_leg_bristle_neuron,SNta43,,,,,afferent,,,,SNta43,id:154365,right_prothoracic_leg_nerve,,acetylcholine,,,bristle,ventral_nerve_cord,right,sensory
2238,720575941526261092,,,single_leg_neuromere,,,ventral_nerve_cord_ipsilateral_restricted,IN21A037,,,,,intrinsic,,,21A,IN21A037,id:42500644073,,,glutamate,,,,ventral_nerve_cord,left,ventral_nerve_cord_intrinsic
2239,720575941526317240,,front_leg,bristle_neuron,tactile,,front_leg_bristle_neuron,SNta28,,,,,afferent,,,,SNta28,id:73937,right_prothoracic_leg_nerve,,acetylcholine,,,bristle,ventral_nerve_cord,right,sensory
2240,720575941526343096,,front_leg,bristle_neuron,tactile,,front_leg_bristle_neuron,SNta29,,,,,afferent,,,,SNta29,id:74954,right_prothoracic_leg_nerve,,acetylcholine,,,bristle,ventral_nerve_cord,right,sensory
2241,720575941526343352,,front_leg,bristle_neuron,tactile,,front_leg_bristle_neuron,SNta29,,,,,afferent,,,,SNta29,id:74954,right_prothoracic_leg_nerve,,acetylcholine,,,bristle,ventral_nerve_cord,right,sensory
2242,720575941526344376,,front_leg,bristle_neuron,tactile,,front_leg_bristle_neuron,SNta29,,,,,afferent,,,,SNta29,id:186518,right_prothoracic_leg_nerve,,acetylcholine,,,bristle,ventral_nerve_cord,right,sensory
2243,720575941526404740,,,,proprioception,,ventral_nerve_cord_bilateral_restricted,IN19A117,,,,,intrinsic,,,19A,,,,,gaba,,,,ventral_nerve_cord,right,ventral_nerve_cord_intrinsic
2244,720575941526437988,front_leg,,leg_motor_neuron,leg_motor,flex_femur_tibia_joint,front_leg_motor_neuron,accessory_tibia_flexor_A_slow,,,,,efferent,,,15B,Acc. ti flexor MN,id:20605,right_prothoracic_leg_nerve,,,,,accessory_tibia_flexor_muscle,ventral_nerve_cord,right,motor
2245,720575941526438532,,,,,,ventral_nerve_cord_ipsilateral_interconnecting,IN03A035,,,,,intrinsic,,,03A,IN03A035,id:15686,,,acetylcholine,acetylcholine,,,ventral_nerve_cord,left,ventral_nerve_cord_intrinsic
2246,720575941526462596,,,,,,ventral_nerve_cord_ipsilateral_restricted,IN13A041,,,,,intrinsic,,,13A,,,,,gaba,gaba,,,ventral_nerve_cord,right,ventral_nerve_cord_intrinsic
2247,720575941526467204,,,,tactile,,ventral_nerve_cord_ipsilateral_restricted,IN08A041,,,,,intrinsic,,,08A,,,,,glutamate,glutamate,,,ventral_nerve_cord,left,ventral_nerve_cord_intrinsic
2248,720575941526478212,,,,,,ventral_nerve_cord_ipsilateral_restricted,IN19A122,,,,,intrinsic,,,19A,IN19A122,id:22350,,,gaba,gaba,,,ventral_nerve_cord,left,ventral_nerve_cord_intrinsic
2249,720575941526481028,,,,,,ventral_nerve_cord_ipsilateral_restricted,IN19A122,,,,,intrinsic,,,19A,IN19A122,id:22350,,,gaba,gaba,,,ventral_nerve_cord,left,ventral_nerve_cord_intrinsic
2250,720575941526489220,,,,,,ventral_nerve_cord_ipsilateral_restricted,IN04B115,,,,,intrinsic,,,04B,IN04B115,id:27760,,,acetylcholine,acetylcholine,,,ventral_nerve_cord,left,ventral_nerve_cord_intrinsic
2251,720575941526509700,,,single_leg_neuromere,,,ventral_nerve_cord_contralateral_restricted,IN12B025,,,,,intrinsic,,,12B,IN12B025,id:17247,,,gaba,gaba,,,ventral_nerve_cord,left,ventral_nerve_cord_intrinsic
2252,720575941526527876,,,single_leg_neuromere,,,ventral_nerve_cord_ipsilateral_restricted,IN16B098,,,,,intrinsic,,,16B,IN16B098,id:26733,,,glutamate,glutamate,,,ventral_nerve_cord,left,ventral_nerve_cord_intrinsic
2253,720575941526606082,,,,,,ventral_nerve_cord_ipsilateral_restricted,IN20A.22A056,,,,,intrinsic,,,20A.22A,IN20A.22A056,id:23397,,,acetylcholine,acetylcholine,,,ventral_nerve_cord,left,ventral_nerve_cord_intrinsic
2254,720575941526654466,,,,,,ventral_nerve_cord_bilateral_restricted,IN03A022,,,,,intrinsic,,,03A,IN03A022,id:14801,,,acetylcholine,acetylcholine,,,ventral_nerve_cord,left,ventral_nerve_cord_intrinsic
2255,720575941526672973,,,,,,ventral_nerve_cord_ipsilateral_restricted,IN08A021,,,,,intrinsic,,,08A,IN08A021,id:16352,,,glutamate,glutamate,,,ventral_nerve_cord,left,ventral_nerve_cord_intrinsic
2256,720575941526673229,,"coxa,front_leg",hair_plate_neuron,proprioception,joint_angle,front_leg_hair_plate_neuron,SNpp52,,,,id:1911,afferent,,,,SNpp52,id:17839,right_dorsal_prothoracic_nerve,,gaba,,CoHP3,"CoHP3,hair_plate",ventral_nerve_cord,right,sensory
2257,720575941526676301,,,descending_neuron,,,,DNge017,DNge017,id:720575940612586151,,,intrinsic,,,LB12,DNut047,id:24306,,,acetylcholine,,,,neck_connective,right,descending
2258,720575941526678093,,"coxa,front_leg",hair_plate_neuron,proprioception,joint_angle,front_leg_hair_plate_neuron,,,,,,afferent,,,13B,,,right_ventral_prothoracic_nerve,,gaba,,CoHP8,"CoHP8,hair_plate",ventral_nerve_cord,right,sensory
2259,720575941526681677,,,,,,ventral_nerve_cord_ipsilateral_restricted,IN03A022,,,,,intrinsic,,,03A,IN03A022,id:14193,,,acetylcholine,acetylcholine,,,ventral_nerve_cord,left,ventral_nerve_cord_intrinsic
2260,720575941526691609,,,,,,ventral_nerve_cord_ipsilateral_restricted,IN19A061,,,,,intrinsic,,,19A,IN19A061,id:14231,,,gaba,gaba,,,ventral_nerve_cord,left,ventral_nerve_cord_intrinsic
2261,720575941526693965,,,single_leg_neuromere,,,ventral_nerve_cord_ipsilateral_interconnecting,IN03B032,,,,,intrinsic,,,03B,IN03B032,id:12120,,,gaba,,,,ventral_nerve_cord,right,ventral_nerve_cord_intrinsic
2262,720575941526696804,,,descending_neuron,,,,DNge095,DNge095,id:720575940630505334,,,intrinsic,,,LB7,DNut054,id:23615,,,acetylcholine,,,,neck_connective,right,descending
2263,720575941526704484,,,ventral_nerve_cord_serially_convergent,,,ventral_nerve_cord_bilateral_interconnecting,IN07B009,,,,,intrinsic,,,07B,IN07B009,id:10463,,,glutamate,,,,ventral_nerve_cord,left,ventral_nerve_cord_intrinsic
2264,720575941526711396,,,,,,ventral_nerve_cord_bilateral_interconnecting,IN27X005,,,,,intrinsic,,,27X,IN27X005,id:10435,,,gaba,,,,ventral_nerve_cord,left,ventral_nerve_cord_intrinsic
2265,720575941526720100,,,,proprioception,,ventral_nerve_cord_bilateral_restricted,IN19A107,,,,,intrinsic,,,19A,IN19A107,id:42680,,,gaba,gaba,,,ventral_nerve_cord,left,ventral_nerve_cord_intrinsic
2266,720575941526723940,,,descending_neuron,,,,DNp65,DNp65,id:720575940623925173,,,intrinsic,,,putative_primary,DNp65,id:18814,,,gaba,,,,neck_connective,left,descending
2267,720575941526751844,,,,,,ventral_nerve_cord_bilateral_interconnecting,IN05B003,,,,,intrinsic,,,05B,IN05B003,id:10283,,,gaba,gaba,,,ventral_nerve_cord,left,ventral_nerve_cord_intrinsic
2268,720575941526752356,,,single_leg_neuromere,,,ventral_nerve_cord_bilateral_interconnecting,IN01A025,,,,,intrinsic,,,01A,IN01A025,id:14144,,,acetylcholine,acetylcholine,,,ventral_nerve_cord,right,ventral_nerve_cord_intrinsic
2269,720575941526772836,,,descending_neuron,,,,DNg37,DNg37,id:720575940624333802,,,intrinsic,,,putative_primary,DNg37,id:12843,,,acetylcholine,acetylcholine,,,neck_connective,right,descending
2270,720575941526849357,,,descending_neuron,,,,DNg107,DNg107,id:720575940629486075,,,intrinsic,,,putative_primary,DNg107,id:24125,,,acetylcholine,,,,neck_connective,left,descending
2271,720575941526865830,,,,,,ventral_nerve_cord_ipsilateral_restricted,IN19A133,,,,,intrinsic,,,19A,IN19A133,id:32450,,,gaba,gaba,,,ventral_nerve_cord,right,ventral_nerve_cord_intrinsic
2272,720575941526866342,,,,,,ventral_nerve_cord_ipsilateral_restricted,IN01B082,,,,,intrinsic,,,01B,IN01B082,id:100344,,,gaba,gaba,,,ventral_nerve_cord,left,ventral_nerve_cord_intrinsic
2273,720575941526870628,,,ascending_neuron,,,,AN08B009,AN_GNG_SAD_11,id:720575940653617910,,,intrinsic,,,08B,AN08B009,id:10641,,,acetylcholine,acetylcholine,,,neck_connective,right,ascending
2274,720575941526946562,,,descending_neuron,,,,DNa11,DNa11,id:720575940623019544,,,intrinsic,,,WEDd1,DNa11,id:18107,,,acetylcholine,,DNa13_a,,neck_connective,right,descending
2275,720575941526955266,,,descending_neuron,,,,DNge006,DNge006,id:720575940633178508,,,intrinsic,,,putative_primary,DNxn150,id:15718,,,acetylcholine,,,,neck_connective,right,descending
2276,720575941526964249,,,single_leg_neuromere,,,ventral_nerve_cord_ipsilateral_restricted,IN17A025,,,,,intrinsic,,,17A,IN17A025,id:12158,,,acetylcholine,acetylcholine,,,ventral_nerve_cord,left,ventral_nerve_cord_intrinsic
2277,720575941527012774,,front_leg,bristle_neuron,tactile,,front_leg_bristle_neuron,SNta44,,,,,afferent,,,,SNta44,id:186354,left_prothoracic_leg_nerve,,gaba,,,bristle,ventral_nerve_cord,left,sensory
2278,720575941527018628,,,single_leg_neuromere,,,ventral_nerve_cord_contralateral_restricted,IN12B059,,,,,intrinsic,,,12B,IN12B059,id:22982,,,gaba,gaba,,,ventral_nerve_cord,right,ventral_nerve_cord_intrinsic
2279,720575941527089666,,front_leg,campaniform_sensillum_neuron,proprioception,mechanical_strain,front_leg_campaniform_sensillum_neuron,SNxxxx,,,,id:1286,afferent,,,,SNxxxx,id:141641,left_prothoracic_leg_nerve,,gaba,,,campaniform_sensillum,ventral_nerve_cord,left,sensory
2280,720575941527149240,,,single_leg_neuromere,,,ventral_nerve_cord_ipsilateral_restricted,IN03B035,,,,,intrinsic,,,03B,,,,,gaba,,,,ventral_nerve_cord,right,ventral_nerve_cord_intrinsic
2281,720575941527149496,,,ventral_nerve_cord_centrifugal,,,ventral_nerve_cord_bilateral_interconnecting,IN18B011,,,,,intrinsic,,,18B,IN18B011,id:12094,,,acetylcholine,acetylcholine,,,ventral_nerve_cord,right,ventral_nerve_cord_intrinsic
2282,720575941527171000,front_leg,,leg_motor_neuron,leg_motor,flex_coxa_trochanter_joint,front_leg_motor_neuron,accessory_trochanter_flexor,,,,id:199,efferent,,,TBD,Acc. tr flexor MN,id:14783,right_prothoracic_leg_nerve,,,,,accessory_trochanter_flexor_muscle,ventral_nerve_cord,right,motor
2283,720575941527175524,,,descending_neuron,,,,DNg03,DNg03,id:720575940620328828,,,intrinsic,,,LB12,DNg03,id:28752,,,acetylcholine,,,,neck_connective,left,descending
2284,720575941527188664,,,,,,ventral_nerve_cord_bilateral_interconnecting,IN01A078,,,,,intrinsic,,,01A,IN01A078,id:26524,,,acetylcholine,acetylcholine,,,ventral_nerve_cord,right,ventral_nerve_cord_intrinsic
2285,720575941527199160,,,,,,ventral_nerve_cord_ipsilateral_restricted,IN20A.22A053,,,,,intrinsic,,,20A.22A,IN20A.22A053,id:26398,,,acetylcholine,acetylcholine,,,ventral_nerve_cord,right,ventral_nerve_cord_intrinsic
2286,720575941527210680,,,,,,,,,,,,,,,,,,,,acetylcholine,,,,ventral_nerve_cord,right,
2287,720575941527256742,,,single_leg_neuromere,,,ventral_nerve_cord_ipsilateral_restricted,IN20A.22A041,,,,,intrinsic,,,20A.22A,IN20A.22A041,id:23528,,,acetylcholine,acetylcholine,,,ventral_nerve_cord,left,ventral_nerve_cord_intrinsic
2288,720575941527273316,,,ascending_neuron,,,,AN05B049,AN_GNG_62,id:720575940606718642,,,intrinsic,,,05B,AN05B049,id:18311,,,gaba,gaba,,,neck_connective,left,ascending
2289,720575941527341924,,,,,,ventral_nerve_cord_bilateral_interconnecting,INXXX003,,,,,intrinsic,,,TBD,INXXX003,id:10059,,,gaba,,,,ventral_nerve_cord,right,ventral_nerve_cord_intrinsic
2290,720575941527343106,,,ascending_neuron,,,,AN05B069,AN_GNG_197,id:720575940629670723,,,intrinsic,,,05B,AN05B069,id:22258,,,gaba,gaba,,,neck_connective,left,ascending
2291,720575941527407362,,front_leg,campaniform_sensillum_neuron,proprioception,mechanical_strain,front_leg_campaniform_sensillum_neuron,SNppxx,,,,,afferent,,,,SNppxx,id:40894839754,left_prothoracic_leg_nerve,,gaba,,CS,campaniform_sensillum,ventral_nerve_cord,left,sensory
2292,720575941527458562,front_leg,,leg_motor_neuron,leg_motor,flex_coxa_trochanter_joint,front_leg_motor_neuron,trochanter_flexor_ProAN,,,,id:148,efferent,,,,,,left_prothoracic_accessory_nerve,,gaba,,,trochanter_flexor_muscle,ventral_nerve_cord,left,motor
2293,720575941527464269,,front_leg,campaniform_sensillum_neuron,proprioception,mechanical_strain,front_leg_campaniform_sensillum_neuron,SNxxxx,,,,id:1286,afferent,,,,SNxxxx,id:141641,left_prothoracic_leg_nerve,,gaba,,CS,campaniform_sensillum,ventral_nerve_cord,left,sensory
2294,720575941527484441,,,ascending_neuron,,,,ANXXX109,AN_GNG_AMMC_1,id:720575940644096712,,,intrinsic,,,TBD,ANXXX109,id:13077,,,gaba,,,,neck_connective,right,ascending
2295,720575941527644600,,,descending_neuron,,,,DNg57,DNg57,id:720575940634617952,,,intrinsic,,,LB23,,,,,acetylcholine,,LB23_L_12,,neck_connective,left,descending
2296,720575941527759641,,,descending_neuron,,,,DNpe043,DNpe043,id:720575940623142426,,,intrinsic,,,SMPpm1,DNxn159,id:16264,,,acetylcholine,,,,neck_connective,left,descending
2297,720575941527847608,front_leg,,leg_motor_neuron,leg_motor,move_coxa_medial,front_leg_motor_neuron,sternal_adductor,,,,,efferent,,,,,,left_prothoracic_leg_nerve,,gaba,,,sternal_adductor_muscle,ventral_nerve_cord,left,motor
2298,720575941527871490,,,,,,ventral_nerve_cord_bilateral_interconnecting,IN12B044,,,,,intrinsic,,,12B,IN12B044,id:23620,,,gaba,gaba,,,ventral_nerve_cord,left,ventral_nerve_cord_intrinsic
2299,720575941527922598,,,descending_neuron,,,,DNg08_b,DNg08_b,id:720575940621274845,,,intrinsic,,,MX3,DNit003,id:151715,,,gaba,,,,neck_connective,right,descending
2300,720575941527974658,,,descending_neuron,,,,DNp29,DNp29,id:720575940635549620,,,intrinsic,,,putative_primary,DNp29,id:18388,,dNPF,serotonin,,,,neck_connective,right,descending
2301,720575941528040580,,,,,,ventral_nerve_cord_ipsilateral_restricted,IN20A.22A076,,,,,intrinsic,,,20A.22A,IN20A.22A076,id:18972,,,acetylcholine,acetylcholine,,,ventral_nerve_cord,right,ventral_nerve_cord_intrinsic
2302,720575941528056964,,,,,,ventral_nerve_cord_ipsilateral_restricted,IN21A070,,,,,intrinsic,,,21A,IN21A070,id:26474,,,glutamate,,,,ventral_nerve_cord,left,ventral_nerve_cord_intrinsic
2303,720575941528086660,,,,,,ventral_nerve_cord_bilateral_interconnecting,IN06B054,,,,,intrinsic,,,06B,IN06B054,id:13340,,,gaba,gaba,,,ventral_nerve_cord,right,ventral_nerve_cord_intrinsic
2304,720575941528092344,,,descending_neuron,,,,DNg36_b,DNg36_b,id:720575940621304004,,,intrinsic,,,LB7,DNut042,id:32431,,,acetylcholine,,,,neck_connective,right,descending
2305,720575941528229252,,,ascending_neuron,,,,AN10B046,AN_GNG_165,id:720575940606300508,,,intrinsic,,,10B,AN10B046,id:27643,,,acetylcholine,acetylcholine,,,neck_connective,right,ascending
2306,720575941528320952,,,descending_neuron,,,,DNg88,DNg88,id:720575940621065301,,,intrinsic,,,putative_primary,DNxl122,id:11541,,,acetylcholine,,,,neck_connective,left,descending
2307,720575941528528331,,,single_leg_neuromere,,,ventral_nerve_cord_ipsilateral_restricted,IN09A012,,,,,intrinsic,,,09A,IN09A012,id:13157,,,gaba,gaba,,,ventral_nerve_cord,left,ventral_nerve_cord_intrinsic
2308,720575941528573643,,,,,,ventral_nerve_cord_bilateral_interconnecting,IN06B063,,,,,intrinsic,,,06B,IN06B063,id:18356,,,gaba,gaba,,,ventral_nerve_cord,left,ventral_nerve_cord_intrinsic
2309,720575941528588491,,,,,,ventral_nerve_cord_bilateral_interconnecting,IN21A067,,,,,intrinsic,,,21A,IN21A067,id:25306,,,glutamate,,,,ventral_nerve_cord,right,ventral_nerve_cord_intrinsic
2310,720575941528667814,,,descending_neuron,,,,DNp05,DNp05,id:720575940626009852,,,intrinsic,DNp05,id:1466998977,putative_primary,DNp05,id:11974,,,acetylcholine,acetylcholine,,,neck_connective,right,descending
2311,720575941528803494,,,,,,ventral_nerve_cord_ipsilateral_restricted,IN20A.22A029,,,,,intrinsic,,,20A.22A,,,,,acetylcholine,acetylcholine,,,ventral_nerve_cord,left,ventral_nerve_cord_intrinsic
2312,720575941528849848,,,descending_neuron,,,,DNg08_a,DNg08_a,id:720575940625376062,,,intrinsic,,,MX3,,,,,gaba,,,,neck_connective,right,descending
2313,720575941528879032,,,,,,ventral_nerve_cord_ipsilateral_interconnecting,IN19A032,,,,,intrinsic,,,19A,,,,,acetylcholine,,,,ventral_nerve_cord,,ventral_nerve_cord_intrinsic
2314,720575941528899019,,,,,,ventral_nerve_cord_ipsilateral_restricted,IN13A050,,,,,intrinsic,,,13A,IN13A050,id:153564,,,gaba,gaba,,,ventral_nerve_cord,right,ventral_nerve_cord_intrinsic
2315,720575941528930232,,front_leg,multidendritic_neuron,putative_nociception,,front_leg_multidendritic_neuron,SNxx29,,,,,afferent,,,,SNxx29,id:159511,right_prothoracic_leg_nerve,,serotonin,,,multidendritic,ventral_nerve_cord,right,sensory
2316,720575941528979844,,,ascending_neuron,,,,AN05B009,AN_GNG_73,id:720575940623351295,,,intrinsic,,,05B,AN05B009,id:11387,,,gaba,gaba,,,neck_connective,left,ascending
2317,720575941529139844,,,descending_neuron,,,,DNpe024,DNpe024,id:720575940617140597,,,intrinsic,,,PSp2,DNxn153,id:19189,,,acetylcholine,,,,neck_connective,left,descending
2318,720575941529210315,,,,,,ventral_nerve_cord_ipsilateral_restricted,IN09A069,,,,,intrinsic,,,09A,,,,,gaba,gaba,,,ventral_nerve_cord,left,ventral_nerve_cord_intrinsic
2319,720575941529212600,,,descending_neuron,,,,DNge031,DNge031,id:720575940640589171,,,intrinsic,,,putative_primary,,,,,gaba,,,,central_brain,left,descending
2320,720575941529494660,,,descending_neuron,,,,DNc01,DNc01,id:720575940632991815,,,intrinsic,,,putative_primary,DNc01,id:13916,,SIFa,serotonin,,,,neck_connective,midline,descending
2321,720575941529711288,,,descending_neuron,,,,DNge004,DNge004,id:720575940623637226,,,intrinsic,,,putative_primary,,,,,glutamate,,,,neck_connective,right,descending
2322,720575941529738955,,,ascending_neuron,,,,AN06B005,AN_GNG_156,id:720575940623264904,,,intrinsic,,,06B,AN06B005,id:12692,,,gaba,gaba,,,neck_connective,left,ascending
2323,720575941529744869,,,descending_neuron,,,,DNg106,DNg106,id:720575940660269185,,,intrinsic,,,MX3,DNg106,id:34180,,,gaba,,,,neck_connective,left,descending
2324,720575941529766532,,front_leg,chordotonal_organ_neuron,proprioception,direction,front_leg_hook_chordotonal_organ_neuron,SNpp39,,,,,afferent,,,,SNpp39,id:196644,right_prothoracic_leg_nerve,,acetylcholine,acetylcholine,hook,chordotonal_organ,ventral_nerve_cord,right,sensory
2325,720575941529806821,,,,,,ventral_nerve_cord_ipsilateral_restricted,IN03A066,,,,,intrinsic,,,03A,IN03A066,id:22774,,,acetylcholine,acetylcholine,,,ventral_nerve_cord,right,ventral_nerve_cord_intrinsic
2326,720575941529820088,,,single_leg_neuromere,,,ventral_nerve_cord_ipsilateral_restricted,IN04B078,,,,,intrinsic,,,04B,IN04B078,id:16938,,,acetylcholine,acetylcholine,,,ventral_nerve_cord,right,ventral_nerve_cord_intrinsic
2327,720575941529824440,,,descending_neuron,,,,DNpe034,DNpe034,id:720575940614185366,,,intrinsic,,,SMPpv1,oviDN,id:15827,,,gaba,,oviDNx,,neck_connective,right,descending
2328,720575941529824952,,,,,,ventral_nerve_cord_contralateral_restricted,IN14A064,,,,,intrinsic,,,14A,IN14A064,id:24691,,,glutamate,,,,ventral_nerve_cord,left,ventral_nerve_cord_intrinsic
2329,720575941529830840,,,descending_neuron,,,,DNge025,DNge025,id:720575940618519454,,,intrinsic,,,MX12,DNfl024,id:27217,,,acetylcholine,,MX12_L_14,,neck_connective,left,descending
2330,720575941529832165,,,single_leg_neuromere,,,ventral_nerve_cord_bilateral_interconnecting,IN12B066,,,,,intrinsic,,,12B,IN12B066,id:23257,,,gaba,gaba,,,ventral_nerve_cord,right,ventral_nerve_cord_intrinsic
2331,720575941529852901,,,,,,ventral_nerve_cord_ipsilateral_restricted,IN20A.22A069,,,,,intrinsic,,,20A.22A,IN20A.22A069,id:153859,,,acetylcholine,acetylcholine,,,ventral_nerve_cord,left,ventral_nerve_cord_intrinsic
2332,720575941529891301,,,,,,ventral_nerve_cord_ipsilateral_restricted,IN03A046,,,,,intrinsic,,,03A,IN03A046,id:21901,,,acetylcholine,acetylcholine,,,ventral_nerve_cord,right,ventral_nerve_cord_intrinsic
2333,720575941529892837,,,,,,ventral_nerve_cord_ipsilateral_restricted,IN13A060,,,,,intrinsic,,,13A,IN13A060,id:20792,,,gaba,gaba,,,ventral_nerve_cord,left,ventral_nerve_cord_intrinsic
2334,720575941529901700,,,single_leg_neuromere,,,ventral_nerve_cord_contralateral_restricted,IN13B004,,,,,intrinsic,,,13B,IN13B004,id:10960,,,gaba,gaba,,,ventral_nerve_cord,right,ventral_nerve_cord_intrinsic
2335,720575941529904312,,,ascending_neuron,,,,ANXXX030,AN_multi_51,id:720575940633416604,,,intrinsic,,,TBD,ANXXX030,id:10914,,,acetylcholine,,,,neck_connective,left,ascending
2336,720575941530080997,,,descending_neuron,,,,DNg08_a,DNg08_a,id:720575940623033532,,,intrinsic,,,MX3,DNxn111,id:28874,,,gaba,,,,neck_connective,left,descending
2337,720575941530093496,,,descending_neuron,,,,DNpe014,DNpe014,id:720575940628796780,,,intrinsic,,,putative_primary,DNxn119,id:21386,,,acetylcholine,,,,neck_connective,right,descending
2338,720575941530152907,,antenna,campaniform_sensillum_neuron,proprioception,mechanical_strain,antenna_campaniform_sensillum_neuron,DNx01,DNx01,id:720575940635254117,,,afferent,,,,DNx01,id:11386,left_antennal_nerve,,acetylcholine,,"bCS,bilaterally projecting campaniform sensillum neuron",campaniform_sensillum,neck_connective,left,sensory_descending
2339,720575941530163128,,front_leg,campaniform_sensillum_neuron,proprioception,mechanical_strain,front_leg_campaniform_sensillum_neuron,SNpp39,,,,,afferent,,,,SNpp39,id:30692,left_prothoracic_leg_nerve,,gaba,,CS,campaniform_sensillum,ventral_nerve_cord,left,sensory
2340,720575941530166475,,,,,,ventral_nerve_cord_ipsilateral_restricted,IN20A.22A056,,,,,intrinsic,,,20A.22A,IN20A.22A056,id:22965,,,acetylcholine,acetylcholine,,,ventral_nerve_cord,right,ventral_nerve_cord_intrinsic
2341,720575941530168267,,,single_leg_neuromere,,,ventral_nerve_cord_bilateral_restricted,IN12B038,,,,,intrinsic,,,12B,IN12B038,id:21544,,,gaba,gaba,,,ventral_nerve_cord,left,ventral_nerve_cord_intrinsic
2342,720575941530291147,,,single_leg_neuromere,,,ventral_nerve_cord_bilateral_restricted,IN23B054,,,,,intrinsic,,,23B,,,,,acetylcholine,acetylcholine,,,ventral_nerve_cord,left,ventral_nerve_cord_intrinsic
2343,720575941530295013,,,descending_neuron,,,,DNge086,DNge086,id:720575940646443316,,,intrinsic,,,LB6,DNg49,id:14937,,,gaba,,,,neck_connective,left,descending
2344,720575941530298315,,,,,,ventral_nerve_cord_bilateral_interconnecting,IN11A010,,,,,intrinsic,,,11A,IN11A010,id:156718,,,acetylcholine,acetylcholine,,,ventral_nerve_cord,left,ventral_nerve_cord_intrinsic
2345,720575941530457547,,front_leg,bristle_neuron,tactile,,front_leg_bristle_neuron,SNta32,,,,,afferent,,,,SNta32,id:38116,right_prothoracic_leg_nerve,,gaba,,,bristle,ventral_nerve_cord,right,sensory
2346,720575941530466488,,,descending_neuron,,,,DNg08_b,DNg08_b,id:720575940631593753,,,intrinsic,,,MX3,DNg08,id:24458,,,gaba,,,,neck_connective,left,descending
2347,720575941530482661,,,,proprioception,,ventral_nerve_cord_ipsilateral_restricted,IN04B101,,,,,intrinsic,,,04B,IN04B101,id:14944,,,acetylcholine,acetylcholine,,,ventral_nerve_cord,right,ventral_nerve_cord_intrinsic
2348,720575941530511747,neck,,neck_motor_neuron,neck_motor,neck_roll,neck_roll_motor_neuron,DProN_d,,,,,efferent,,,,,,right_dorsal_prothoracic_nerve,,gaba,,,,ventral_nerve_cord,right,motor
2349,720575941530577355,,,descending_neuron,,,,DNpe054,DNpe054,id:720575940626665489,,,intrinsic,,,PSp2,DNut046,id:31396,,,acetylcholine,,,,neck_connective,left,descending
2350,720575941530606467,,,descending_neuron,,,,DNg06,DNg06,id:720575940618876830,,,intrinsic,,,LB12,DNxn100,id:31771,,,acetylcholine,,,,neck_connective,right,descending
2351,720575941530815363,,,single_leg_neuromere,,,ventral_nerve_cord_bilateral_restricted,IN12B024,,,,,intrinsic,,,12B,IN12B024,id:16966,,,gaba,gaba,,,ventral_nerve_cord,left,ventral_nerve_cord_intrinsic
2352,720575941530862467,,,,,,ventral_nerve_cord_ipsilateral_restricted,IN20A.22A069,,,,,intrinsic,,,20A.22A,IN20A.22A069,id:174272,,,acetylcholine,acetylcholine,,,ventral_nerve_cord,right,ventral_nerve_cord_intrinsic
2353,720575941531178469,,,ascending_neuron,,,,AN04A001,,,,,intrinsic,,,04A,AN04A001,id:10925,,,acetylcholine,,,,neck_connective,left,ascending
2354,720575941531180261,front_leg,,leg_motor_neuron,leg_motor,move_coxa_anterior,front_leg_motor_neuron,sternal_anterior_rotator_miller_31,,,,,efferent,,,,,,right_ventral_prothoracic_nerve,,gaba,,MNfl36_VProN_R,sternal_anterior_rotator_muscle,ventral_nerve_cord,right,motor
2355,720575941531180472,,,,proprioception,,ventral_nerve_cord_bilateral_restricted,IN19A098,,,,,intrinsic,,,19A,IN19A098,id:30013,,,gaba,gaba,,,ventral_nerve_cord,left,ventral_nerve_cord_intrinsic
2356,720575941531246116,,front_leg,chordotonal_organ_neuron,proprioception,vibro_tactile,front_leg_club_chordotonal_organ_neuron,SNpp44,,,,,afferent,,,,SNpp44,id:142858,right_prothoracic_leg_nerve,,gaba,,,chordotonal_organ,ventral_nerve_cord,right,sensory
2357,720575941531252939,,,ascending_neuron,,,,AN07B017,AN_GNG_156,id:720575940623264904,,,intrinsic,,,07B,AN07B017,id:11865,,,glutamate,,,,neck_connective,left,ascending
2358,720575941531270347,,,ascending_neuron,,,,INXXX161,SA_DMT_DMetaN_6,id:720575940620097262,,,intrinsic,,,,INXXX161,id:15183,,,acetylcholine,,,,neck_connective,left,ascending
2359,720575941531334373,,,descending_neuron,,,,DNg12_e,DNg12_e,id:720575940621767306,,,intrinsic,,,MX12,DNxn108,id:53581075416,,,acetylcholine,,MX12_L_29,,neck_connective,left,descending
2360,720575941531428581,,,single_leg_neuromere,,,ventral_nerve_cord_ipsilateral_restricted,IN20A.22A039,,,,,intrinsic,,,20A.22A,IN20A.22A039,id:155060,,,acetylcholine,acetylcholine,,,ventral_nerve_cord,right,ventral_nerve_cord_intrinsic
2361,720575941531445477,,,single_leg_neuromere,,,ventral_nerve_cord_ipsilateral_restricted,IN20A.22A091,,,,,intrinsic,,,20A.22A,IN20A.22A091,id:34738,,,acetylcholine,acetylcholine,,,ventral_nerve_cord,left,ventral_nerve_cord_intrinsic
2362,720575941531448293,,,single_leg_neuromere,,,ventral_nerve_cord_ipsilateral_restricted,IN21A038,,,,,intrinsic,,,21A,IN21A038,id:152331,,,glutamate,,,,ventral_nerve_cord,right,ventral_nerve_cord_intrinsic
2363,720575941531457509,,,,,,ventral_nerve_cord_bilateral_interconnecting,IN03A029,,,,,intrinsic,,,03A,IN03A029,id:14491,,,acetylcholine,acetylcholine,,,ventral_nerve_cord,left,ventral_nerve_cord_intrinsic
2364,720575941531468005,,,single_leg_neuromere,,,ventral_nerve_cord_contralateral_restricted,IN13B078,,,,,intrinsic,,,13B,IN13B078,id:27852,,,gaba,gaba,,,ventral_nerve_cord,left,ventral_nerve_cord_intrinsic
2365,720575941531475941,,,,,,ventral_nerve_cord_ipsilateral_restricted,IN21A083,,,,,intrinsic,,,21A,IN21A083,id:44225,,,glutamate,,,,ventral_nerve_cord,right,ventral_nerve_cord_intrinsic
2366,720575941531482853,,,,,,ventral_nerve_cord_bilateral_interconnecting,IN08B054,,,,,intrinsic,,,08B,IN08B054,id:17773,,,acetylcholine,acetylcholine,,,ventral_nerve_cord,right,ventral_nerve_cord_intrinsic
2367,720575941531504357,front_leg,,leg_motor_neuron,leg_motor,flex_coxa_trochanter_joint,front_leg_motor_neuron,accessory_trochanter_flexor_posterior_soma_ProLN,,,,,efferent,,,,,,left_prothoracic_leg_nerve,,,,,accessory_trochanter_flexor_muscle,ventral_nerve_cord,left,motor
2368,720575941531522789,,,,,,ventral_nerve_cord_ipsilateral_restricted,IN16B064,,,,,intrinsic,,,16B,IN16B064,id:21771,,,glutamate,glutamate,,,ventral_nerve_cord,left,ventral_nerve_cord_intrinsic
2369,720575941531577829,,,,,,ventral_nerve_cord_bilateral_interconnecting,IN07B054,,,,,intrinsic,,,07B,IN07B054,id:18489,,,acetylcholine,acetylcholine,,,ventral_nerve_cord,right,ventral_nerve_cord_intrinsic
2370,720575941531578404,,front_leg,orphan_neuron,proprioception,,front_leg_orphan_neuron,SNppxx,,,,,afferent,,,,SNppxx,id:40503818429,right_prothoracic_leg_nerve,,gaba,,,orphan,ventral_nerve_cord,right,sensory
2371,720575941531735269,,,descending_neuron,,,,DNg72,DNg72,id:720575940626179614,,,intrinsic,,,MX7__prim,DNg72,id:25630,,,glutamate,,,,neck_connective,right,descending
2372,720575941531918565,,,descending_neuron,,,,DNge092,DNge092,id:720575940636186463,,,intrinsic,,,LB7,DNxn109,id:45214,,,acetylcholine,,,,neck_connective,right,descending
2373,720575941531923147,front_leg,,leg_motor_neuron,leg_motor,move_coxa_anterior,front_leg_motor_neuron,sternal_anterior_rotator,,,,,efferent,,,TBD,Sternal anterior rotator MN,id:26566,left_ventral_prothoracic_nerve,,gaba,,,sternal_anterior_rotator_muscle,ventral_nerve_cord,left,motor
2374,720575941531974629,,,descending_neuron,,,,DNg36_b,DNg36_b,id:720575940625396252,,,intrinsic,,,LB7,DNg18,id:44302,,,acetylcholine,,,,neck_connective,left,descending
2375,720575941531996645,,,descending_neuron,,,,DNpe042,DNpe042,id:720575940615092019,,,intrinsic,,,putative_primary,DNlt011,id:190167,,,acetylcholine,,,,neck_connective,left,descending
2376,720575941532002533,,,ascending_neuron,,,,AN08B031,AN_3_None,id:720575940619818876,,,intrinsic,,,08B,AN08B031,id:13213,,,acetylcholine,acetylcholine,,,neck_connective,left,ascending
2377,720575941532246762,,,,,,ventral_nerve_cord_bilateral_interconnecting,IN11B002,,,,,intrinsic,,,11B,IN11B002,id:11066,,,gaba,gaba,,,ventral_nerve_cord,right,ventral_nerve_cord_intrinsic
2378,720575941532268747,,"coxa,front_leg",hair_plate_neuron,proprioception,joint_angle,front_leg_hair_plate_neuron,SNpp45,,,,,afferent,,,,SNpp45,id:22677,left_ventral_prothoracic_nerve,,acetylcholine,,CoHP8,"CoHP8,hair_plate",ventral_nerve_cord,left,sensory
2379,720575941532280042,,,single_leg_neuromere,,,ventral_nerve_cord_ipsilateral_restricted,IN09A049,,,,,intrinsic,,,09A,,,,,gaba,gaba,,,ventral_nerve_cord,left,ventral_nerve_cord_intrinsic
2380,720575941532306098,,,single_leg_neuromere,,,ventral_nerve_cord_contralateral_restricted,IN12B036,,,,,intrinsic,,,12B,IN12B036,id:18315,,,gaba,gaba,,,ventral_nerve_cord,right,ventral_nerve_cord_intrinsic
2381,720575941532367051,,,ventral_nerve_cord_centrifugal,,,ventral_nerve_cord_bilateral_interconnecting,IN06B035,,,,,intrinsic,,,06B,IN06B035,id:11261,,,gaba,gaba,,,ventral_nerve_cord,right,ventral_nerve_cord_intrinsic
2382,720575941532394418,,,,,,ventral_nerve_cord_ipsilateral_interconnecting,IN02A034,,,,,intrinsic,,,02A,IN02A034,id:16812,,,glutamate,glutamate,,,ventral_nerve_cord,left,ventral_nerve_cord_intrinsic
2383,720575941532418904,,,,,,,,,,,,intrinsic,,,,,,,,gaba,,,,ventral_nerve_cord,right,ventral_nerve_cord_intrinsic
2384,720575941532427754,front_leg,,leg_motor_neuron,leg_motor,flex_coxa_trochanter_joint,front_leg_motor_neuron,trochanter_flexor_posterior_soma,,,,,efferent,,,,,,left_prothoracic_accessory_nerve,,,,,trochanter_flexor_muscle,ventral_nerve_cord,left,motor
2385,720575941532433842,,,,,,ventral_nerve_cord_ipsilateral_restricted,IN16B098,,,,,intrinsic,,,16B,IN16B098,id:27532,,,glutamate,glutamate,,,ventral_nerve_cord,right,ventral_nerve_cord_intrinsic
2386,720575941532457091,,,,,,,,,,,,afferent,,,,,,right_prothoracic_leg_nerve,,gaba,,,,ventral_nerve_cord,right,sensory
2387,720575941532469221,,,,,,ventral_nerve_cord_bilateral_interconnecting,IN12A019,,,,,intrinsic,,,12A,IN12A019,id:13235,,,acetylcholine,acetylcholine,,,ventral_nerve_cord,right,ventral_nerve_cord_intrinsic
2388,720575941532490725,,,,,,ventral_nerve_cord_bilateral_interconnecting,IN27X001,,,,,intrinsic,,,27X,IN27X001,id:10441,,,gaba,,BON1-BRK output neuron 1 (Sapkal et. al 2024),,ventral_nerve_cord,left,ventral_nerve_cord_intrinsic
2389,720575941532494424,,,single_leg_neuromere,,,ventral_nerve_cord_ipsilateral_restricted,IN21A078,,,,,intrinsic,,,21A,,,,,glutamate,,,,ventral_nerve_cord,right,ventral_nerve_cord_intrinsic
2390,720575941532495704,,,,,,ventral_nerve_cord_ipsilateral_restricted,IN04B015,,,,,intrinsic,,,04B,IN04B015,id:14954,,,acetylcholine,acetylcholine,,,ventral_nerve_cord,left,ventral_nerve_cord_intrinsic
2391,720575941532496357,,,single_leg_neuromere,,,ventral_nerve_cord_ipsilateral_restricted,IN09A003,,,,,intrinsic,,,09A,IN09A003,id:10983,,,gaba,gaba,,,ventral_nerve_cord,left,ventral_nerve_cord_intrinsic
2392,720575941532531843,,,single_leg_neuromere,tactile,,ventral_nerve_cord_ipsilateral_restricted,IN01B021,,,,,intrinsic,,,01B,IN01B021,id:21477,,,gaba,gaba,,,ventral_nerve_cord,left,ventral_nerve_cord_intrinsic
2393,720575941532746981,,,descending_neuron,,,,DNp43,DNp43,id:720575940641278965,,,intrinsic,,,DM6_central2,DNp43,id:11981,,,acetylcholine,,,,neck_connective,right,descending
2394,720575941532803160,,,descending_neuron,,,,DNge144,DNge144,id:720575940626268761,,,intrinsic,,,,DNxl081,id:20847,,,acetylcholine,,,,neck_connective,right,descending
2395,720575941532915429,,,single_leg_neuromere,,,ventral_nerve_cord_contralateral_restricted,IN13B035,,,,,intrinsic,,,13B,IN13B035,id:17969,,,gaba,gaba,,,ventral_nerve_cord,right,ventral_nerve_cord_intrinsic
2396,720575941532952810,,,,,,ventral_nerve_cord_contralateral_restricted,IN13B059,,,,,intrinsic,,,13B,,,,,gaba,gaba,,,ventral_nerve_cord,right,ventral_nerve_cord_intrinsic
2397,720575941533034945,,,,,,ventral_nerve_cord_ipsilateral_restricted,IN13A041,,,,,intrinsic,,,13A,,,,,gaba,gaba,,,ventral_nerve_cord,right,ventral_nerve_cord_intrinsic
2398,720575941533045592,,,single_leg_neuromere,,,ventral_nerve_cord_ipsilateral_restricted,IN04B100,,,,,intrinsic,,,04B,IN04B100,id:14098,,,acetylcholine,acetylcholine,,,ventral_nerve_cord,right,ventral_nerve_cord_intrinsic
2399,720575941533051914,,,,,,ventral_nerve_cord_ipsilateral_restricted,IN09A071,,,,,intrinsic,,,09A,IN09A071,id:24416,,,gaba,gaba,,,ventral_nerve_cord,right,ventral_nerve_cord_intrinsic
2400,720575941533094081,,,,,,ventral_nerve_cord_bilateral_interconnecting,IN08B037,,,,,intrinsic,,,08B,IN08B037,id:13639,,,acetylcholine,acetylcholine,,,ventral_nerve_cord,right,ventral_nerve_cord_intrinsic
2401,720575941533108417,,,,,,ventral_nerve_cord_ipsilateral_restricted,IN08A050,,,,,intrinsic,,,08A,IN08A050,id:25776,,,glutamate,glutamate,,,ventral_nerve_cord,right,ventral_nerve_cord_intrinsic
2402,720575941533119242,,,,,,ventral_nerve_cord_bilateral_interconnecting,GFC4,,,,,intrinsic,,,11A,GFC4,id:41708,,,acetylcholine,acetylcholine,,,ventral_nerve_cord,right,ventral_nerve_cord_intrinsic
2403,720575941533174564,,front_leg,bristle_neuron,tactile,,front_leg_bristle_neuron,SNxxxx,,,,,afferent,,,,SNxxxx,id:80760,right_prothoracic_leg_nerve,,gaba,,,bristle,ventral_nerve_cord,right,sensory
2404,720575941533217985,,,single_leg_neuromere,,,ventral_nerve_cord_ipsilateral_restricted,IN20A.22A067,,,,,intrinsic,,,20A.22A,IN20A.22A067,id:102170,,,acetylcholine,acetylcholine,,,ventral_nerve_cord,right,ventral_nerve_cord_intrinsic
2405,720575941533226724,,prosternal_organ,hair_plate_neuron,proprioception,joint_angle,prosternal_hair_plate_neuron,SNpp19,,,,,afferent,,,,SNpp19,id:15991,left_prosternal_nerve,,acetylcholine,,,hair_plate,ventral_nerve_cord,left,sensory
2406,720575941533250738,,,ascending_neuron,,,,AN14A003,AN_GNG_179,id:720575940632223457,,,intrinsic,,,14A,AN14A003,id:10772,,,glutamate,,,,neck_connective,right,ascending
2407,720575941533291457,,,ascending_neuron,,,,AN16B078,AN_4_None,id:720575940624049338,,,intrinsic,,,16B,AN16B078,id:25904,,,glutamate,glutamate,,,neck_connective,left,ascending
2408,720575941533291713,,,single_leg_neuromere,,,ventral_nerve_cord_ipsilateral_restricted,IN19A096,,,,,intrinsic,,,19A,IN19A096,id:40218,,,gaba,gaba,,,ventral_nerve_cord,left,ventral_nerve_cord_intrinsic
2409,720575941533371523,,,,,,ventral_nerve_cord_ipsilateral_interconnecting,IN03A012,,,,,intrinsic,,,03A,IN03A012,id:171937,,,acetylcholine,acetylcholine,,,ventral_nerve_cord,left,ventral_nerve_cord_intrinsic
2410,720575941533398659,,,descending_neuron,,,,DNge094,DNge094,id:720575940620804566,,,intrinsic,,,LB7,DNxn105,id:40943,,,acetylcholine,,,,neck_connective,left,descending
2411,720575941533426980,,front_leg,bristle_neuron,tactile,,front_leg_bristle_neuron,SNta32,,,,,afferent,,,,SNta32,id:38116,right_prothoracic_leg_nerve,,acetylcholine,,,bristle,ventral_nerve_cord,right,sensory
2412,720575941533501220,,front_leg,bristle_neuron,tactile,,front_leg_bristle_neuron,SNta32,,,,,afferent,,,,SNta32,id:38116,right_prothoracic_leg_nerve,,gaba,,,bristle,ventral_nerve_cord,right,sensory
2413,720575941533506586,,,descending_neuron,,,,DNg106,DNg106,id:720575940660269185,,,intrinsic,,,MX3,DNg106,id:30869,,,gaba,,,,neck_connective,left,descending
2414,720575941533516580,,front_leg,bristle_neuron,tactile,,front_leg_bristle_neuron,SNta41,,,,,afferent,,,,SNta41,id:57016,right_prothoracic_leg_nerve,,gaba,,,bristle,ventral_nerve_cord,right,sensory
2415,720575941533517604,,front_leg,bristle_neuron,tactile,,front_leg_bristle_neuron,SNta31,,,,,afferent,,,,SNta31,id:171417,right_prothoracic_leg_nerve,,gaba,,,bristle,ventral_nerve_cord,right,sensory
2416,720575941533518372,,front_leg,bristle_neuron,tactile,,front_leg_bristle_neuron,SNta29,,,,,afferent,,,,SNta29,id:74954,right_prothoracic_leg_nerve,,acetylcholine,,,bristle,ventral_nerve_cord,right,sensory
2417,720575941533521700,,front_leg,bristle_neuron,tactile,,front_leg_bristle_neuron,SNta29,,,,,afferent,,,,SNta29,id:186518,right_prothoracic_leg_nerve,,acetylcholine,,,bristle,ventral_nerve_cord,right,sensory
2418,720575941533540900,,front_leg,bristle_neuron,tactile,,front_leg_bristle_neuron,SNta29,,,,,afferent,,,,SNta29,id:34041,right_prothoracic_leg_nerve,,acetylcholine,,,bristle,ventral_nerve_cord,right,sensory
2419,720575941533545304,,,single_leg_neuromere,,,ventral_nerve_cord_contralateral_restricted,IN13B011,,,,,intrinsic,,,13B,IN13B011,id:12218,,,gaba,gaba,,,ventral_nerve_cord,left,ventral_nerve_cord_intrinsic
2420,720575941533567754,,,descending_neuron,,,,DNge071,DNge071,id:720575940611765201,,,intrinsic,,,LB6,DNnt011,id:42128,,,gaba,,,,neck_connective,right,descending
2421,720575941533578177,,,descending_neuron,,,,DNge085,DNge085,id:720575940623968612,,,intrinsic,,,LB6,DNnt011,id:33641,,,gaba,,,,neck_connective,right,descending
2422,720575941533592805,,,ascending_neuron,,,,AN_GNG_11,AN_GNG_11,id:720575940618092289,,,intrinsic,,,,,,,,acetylcholine,,,,neck_connective,right,ascending
2423,720575941533610072,,,,,,ventral_nerve_cord_ipsilateral_restricted,IN13A047,,,,,intrinsic,,,13A,IN13A047,id:21007,,,gaba,gaba,,,ventral_nerve_cord,left,ventral_nerve_cord_intrinsic
2424,720575941533616164,,front_leg,bristle_neuron,tactile,,front_leg_bristle_neuron,SNta29,,,,,afferent,,,,SNta29,id:34041,right_prothoracic_leg_nerve,,acetylcholine,,,bristle,ventral_nerve_cord,right,sensory
2425,720575941533616420,,front_leg,bristle_neuron,tactile,,front_leg_bristle_neuron,SNta34,,,,,afferent,,,,SNta34,id:51045,right_prothoracic_leg_nerve,,acetylcholine,,,bristle,ventral_nerve_cord,right,sensory
2426,720575941533629988,,front_leg,bristle_neuron,tactile,,front_leg_bristle_neuron,SNta30,,,,,afferent,,,,SNta30,id:43510,right_prothoracic_leg_nerve,,acetylcholine,,,bristle,ventral_nerve_cord,right,sensory
2427,720575941533640484,,front_leg,bristle_neuron,tactile,,front_leg_bristle_neuron,SNta29,,,,,afferent,,,,SNta29,id:38531,right_prothoracic_leg_nerve,,acetylcholine,,,bristle,ventral_nerve_cord,right,sensory
2428,720575941533660708,,front_leg,bristle_neuron,tactile,,front_leg_bristle_neuron,SNta29,,,,,afferent,,,,SNta29,id:44953,right_prothoracic_leg_nerve,,acetylcholine,,,bristle,ventral_nerve_cord,right,sensory
2429,720575941533661220,,front_leg,chordotonal_organ_neuron,proprioception,position,front_leg_claw_chordotonal_organ_neuron,SNpp51,,,,,afferent,,,,SNpp51,id:205335,right_prothoracic_leg_nerve,,gaba,acetylcholine,claw,chordotonal_organ,ventral_nerve_cord,right,sensory
2430,720575941533704067,,,descending_neuron,,,,DNp31,DNp31,id:720575940632189900,,,intrinsic,,,putative_primary,DNp31,id:10428,,,acetylcholine,,,,neck_connective,left,descending
2431,720575941533707300,,front_leg,bristle_neuron,tactile,,front_leg_bristle_neuron,SNxxxx,,,,,afferent,,,,SNxxxx,id:49173,right_prothoracic_leg_nerve,,gaba,,,bristle,ventral_nerve_cord,right,sensory
2432,720575941533707556,,front_leg,bristle_neuron,tactile,,front_leg_bristle_neuron,SNta21,,,,,afferent,,,,SNta21,id:49728,right_prothoracic_leg_nerve,,gaba,,,bristle,ventral_nerve_cord,right,sensory
2433,720575941533723162,,,single_leg_neuromere,,,ventral_nerve_cord_ipsilateral_restricted,IN03A013,,,,,intrinsic,,,03A,,,,,acetylcholine,acetylcholine,,,ventral_nerve_cord,right,ventral_nerve_cord_intrinsic
2434,720575941533734426,,,,,,ventral_nerve_cord_bilateral_interconnecting,IN11A039,,,,,intrinsic,,,11A,IN11A039,id:31165,,,acetylcholine,acetylcholine,,,ventral_nerve_cord,right,ventral_nerve_cord_intrinsic
2435,720575941533777690,,,single_leg_neuromere,,,ventral_nerve_cord_contralateral_restricted,IN12B049,,,,,intrinsic,,,12B,IN12B049,id:21648,,,gaba,gaba,,,ventral_nerve_cord,left,ventral_nerve_cord_intrinsic
2436,720575941533791514,,,,,,ventral_nerve_cord_ipsilateral_restricted,IN19A104,,,,,intrinsic,,,19A,IN19A104,id:24653,,,gaba,,,,ventral_nerve_cord,right,ventral_nerve_cord_intrinsic
2437,720575941533807082,,,descending_neuron,,,,DNg11,DNg11,id:720575940625573653,,,intrinsic,,,LB6,DNg11,id:24332,,,gaba,,,,neck_connective,left,descending
2438,720575941533864986,,,,,,ventral_nerve_cord_ipsilateral_restricted,IN02A033,,,,,intrinsic,,,02A,IN02A033,id:20724,,,glutamate,glutamate,,,ventral_nerve_cord,left,ventral_nerve_cord_intrinsic
2439,720575941533881114,,,,,,ventral_nerve_cord_bilateral_restricted,IN16B060,,,,,intrinsic,,,16B,,,,,glutamate,glutamate,,,ventral_nerve_cord,left,ventral_nerve_cord_intrinsic
2440,720575941533989976,,,single_leg_neuromere,,,ventral_nerve_cord_ipsilateral_restricted,IN21A022,,,,,intrinsic,,,21A,IN21A022,id:15914,,,acetylcholine,,,,ventral_nerve_cord,left,ventral_nerve_cord_intrinsic
2441,720575941533994418,,,single_leg_neuromere,,,ventral_nerve_cord_ipsilateral_restricted,IN21A015,,,,,intrinsic,,,21A,,,,,glutamate,,,,ventral_nerve_cord,left,ventral_nerve_cord_intrinsic
2442,720575941534025304,,,,,,ventral_nerve_cord_contralateral_interconnecting,IN09B038,,,,,intrinsic,,,09B,IN09B038,id:18924,,,acetylcholine,,,,ventral_nerve_cord,left,ventral_nerve_cord_intrinsic
2443,720575941534033586,,front_leg,bristle_neuron,tactile,,front_leg_bristle_neuron,SNta41,,,,,afferent,,,,SNta41,id:42341,left_prothoracic_leg_nerve,,acetylcholine,,,bristle,ventral_nerve_cord,left,sensory
2444,720575941534069938,,,,,,ventral_nerve_cord_ipsilateral_restricted,IN03A089,,,,,intrinsic,,,03A,IN03A089,id:22664,,,acetylcholine,acetylcholine,,,ventral_nerve_cord,right,ventral_nerve_cord_intrinsic
2445,720575941534075370,,,descending_neuron,,,,DNge071,DNge071,id:720575940636098367,,,intrinsic,,,LB6,DNg10,id:45443,,,gaba,,,,neck_connective,right,descending
2446,720575941534091698,,,single_leg_neuromere,,,ventral_nerve_cord_ipsilateral_restricted,IN13A005,,,,,intrinsic,,,13A,IN13A005,id:153433,,,gaba,gaba,,,ventral_nerve_cord,left,ventral_nerve_cord_intrinsic
2447,720575941534106968,,front_leg,bristle_neuron,tactile,,front_leg_bristle_neuron,SNta41,,,,,afferent,,,,,,right_prothoracic_leg_nerve,,acetylcholine,,,bristle,ventral_nerve_cord,right,sensory
2448,720575941534129330,,antenna,campaniform_sensillum_neuron,proprioception,mechanical_strain,antenna_campaniform_sensillum_neuron,DNx01,DNx01,id:720575940625101360,DNx01,id:1001,afferent,,,,DNx01,id:11072,right_antennal_nerve,,acetylcholine,,"bCS,bilaterally projecting campaniform sensillum neuron",campaniform_sensillum,neck_connective,right,sensory_descending
2449,720575941534131946,,,single_leg_neuromere,proprioception,,ventral_nerve_cord_ipsilateral_restricted,IN13A007,,,,,intrinsic,,,13A,IN13A007,id:25838,,,gaba,gaba,,,ventral_nerve_cord,left,ventral_nerve_cord_intrinsic
2450,720575941534222770,,,descending_neuron,,,,DNp15,DNp15,id:720575940616293855,,,intrinsic,,,putative_primary,DNp15,id:10829,,,acetylcholine,,,,neck_connective,left,descending
2451,720575941534305667,,front_leg,chordotonal_organ_neuron,proprioception,direction,front_leg_hook_chordotonal_organ_neuron,SNpp39,,,,,afferent,,,,SNpp39,id:196644,right_prothoracic_leg_nerve,,gaba,acetylcholine,,chordotonal_organ,ventral_nerve_cord,right,sensory
2452,720575941534383235,,,descending_neuron,,,,,,,,,intrinsic,,,,,,,,acetylcholine,,"DNfl003_CvC_L,MX12_L_31",,neck_connective,left,descending
2453,720575941534424298,,,,,,ventral_nerve_cord_ipsilateral_restricted,IN04B066,,,,,intrinsic,,,04B,IN04B066,id:21567,,,acetylcholine,acetylcholine,,,ventral_nerve_cord,left,ventral_nerve_cord_intrinsic
2454,720575941534435338,,,descending_neuron,,,,DNp22,DNp22,id:720575940615043368,,,intrinsic,,,putative_primary,DNp22,id:10916,,,acetylcholine,,,,neck_connective,left,descending
2455,720575941534658314,,,single_leg_neuromere,,,ventral_nerve_cord_contralateral_restricted,IN14A010,,,,,intrinsic,,,14A,IN14A010,id:13641,,,glutamate,,,,ventral_nerve_cord,left,ventral_nerve_cord_intrinsic
2456,720575941534733800,,,single_leg_neuromere,,,ventral_nerve_cord_ipsilateral_restricted,IN13A001,,,,,intrinsic,,,13A,,,,,gaba,gaba,,,ventral_nerve_cord,left,ventral_nerve_cord_intrinsic
2457,720575941534740714,,,,tactile,,ventral_nerve_cord_ipsilateral_restricted,IN08A041,,,,,intrinsic,,,08A,IN08A041,id:32925,,,glutamate,glutamate,,,ventral_nerve_cord,left,ventral_nerve_cord_intrinsic
2458,720575941534746856,,,,,,ventral_nerve_cord_ipsilateral_restricted,IN13A051,,,,,intrinsic,,,13A,IN13A051,id:14416,,,gaba,gaba,,,ventral_nerve_cord,left,ventral_nerve_cord_intrinsic
2459,720575941534751208,,,,,,ventral_nerve_cord_ipsilateral_restricted,IN13A050,,,,,intrinsic,,,13A,IN13A050,id:17721,,,gaba,gaba,,,ventral_nerve_cord,left,ventral_nerve_cord_intrinsic
2460,720575941534800618,,,descending_neuron,,,,DNge071,DNge071,id:720575940640422016,,,intrinsic,,,LB6,DNnt011,id:37700,,,gaba,,,,neck_connective,left,descending
2461,720575941534848961,,,single_leg_neuromere,,,ventral_nerve_cord_contralateral_restricted,IN12B027,,,,,intrinsic,,,12B,IN12B027,id:16426,,,gaba,gaba,,,ventral_nerve_cord,right,ventral_nerve_cord_intrinsic
2462,720575941534869080,,,,,,ventral_nerve_cord_ipsilateral_restricted,IN20A.22A056,,,,,intrinsic,,,20A.22A,IN20A.22A056,id:23336,,,acetylcholine,acetylcholine,,,ventral_nerve_cord,left,ventral_nerve_cord_intrinsic
2463,720575941534881368,,,descending_neuron,,,,DNb08,DNb08,id:720575940642549467,,,intrinsic,,,putative_primary,DNb08,id:13892,,,acetylcholine,,,,neck_connective,left,descending
2464,720575941534887512,,,ascending_neuron,,,,AN07B052,AN_GNG_IPS_18,id:720575940622444780,,,intrinsic,,,07B,AN07B052,id:15173,,,acetylcholine,acetylcholine,,,neck_connective,left,ascending
2465,720575941534911832,,,descending_neuron,,,,DNge139,DNge139,id:720575940630403031,,,intrinsic,,,,DNxn141,id:15604,,,acetylcholine,,,,neck_connective,left,descending
2466,720575941534942440,,,,,,ventral_nerve_cord_ipsilateral_restricted,IN08A036,,,,,intrinsic,,,08A,IN08A036,id:25827,,,glutamate,glutamate,,,ventral_nerve_cord,left,ventral_nerve_cord_intrinsic
2467,720575941534946024,,,,,,ventral_nerve_cord_ipsilateral_restricted,IN04B066,,,,,intrinsic,,,04B,IN04B066,id:33615,,,acetylcholine,acetylcholine,,,ventral_nerve_cord,right,ventral_nerve_cord_intrinsic
2468,720575941534975425,neck,,neck_motor_neuron,neck_motor,neck_yaw,neck_yaw_motor_neuron,CvN_A1,,,,,efferent,,,TBD,,,left_cervical_nerve,,gaba,,transverse_horizontal_1 CvN_A1,transverse_horizontal_1_muscle,ventral_nerve_cord,left,motor
2469,720575941534986418,,,,,,ventral_nerve_cord_ipsilateral_restricted,IN20A.22A018,,,,,intrinsic,,,20A.22A,IN20A.22A018,id:22861,,,acetylcholine,acetylcholine,,,ventral_nerve_cord,left,ventral_nerve_cord_intrinsic
2470,720575941534996146,,,,tactile,,ventral_nerve_cord_bilateral_interconnecting,IN11A014,,,,,intrinsic,,,11A,IN11A014,id:18620,,,acetylcholine,acetylcholine,,,ventral_nerve_cord,left,ventral_nerve_cord_intrinsic
2471,720575941535048458,,,single_leg_neuromere,,,ventral_nerve_cord_ipsilateral_restricted,IN04B100,,,,,intrinsic,,,04B,IN04B100,id:20932,,,acetylcholine,acetylcholine,,,ventral_nerve_cord,left,ventral_nerve_cord_intrinsic
2472,720575941535078371,,,single_leg_neuromere,,,ventral_nerve_cord_ipsilateral_restricted,IN09A046,,,,,intrinsic,,,09A,IN09A046,id:23142,,,gaba,gaba,,,ventral_nerve_cord,left,ventral_nerve_cord_intrinsic
2473,720575941535082467,,,,,,ventral_nerve_cord_bilateral_interconnecting,IN02A029,,,,,intrinsic,,,02A,IN02A029,id:20571,,,glutamate,glutamate,,,ventral_nerve_cord,right,ventral_nerve_cord_intrinsic
2474,720575941535084570,,,,tactile,,ventral_nerve_cord_bilateral_restricted,IN23B050,,,,,intrinsic,,,23B,IN23B050,id:17501,,,acetylcholine,acetylcholine,,,ventral_nerve_cord,right,ventral_nerve_cord_intrinsic
2475,720575941535086424,,,descending_neuron,,,,DNg13,DNg13,id:720575940606112940,,,intrinsic,,,MX12__prim,DNg13,id:11048,,,acetylcholine,acetylcholine,,,neck_connective,right,descending
2476,720575941535097578,,,descending_neuron,,,,DNge012,DNge012,id:720575940631632012,,,intrinsic,,,,DNfl036,id:19369,,,acetylcholine,,,,neck_connective,right,descending
2477,720575941535127011,,,single_leg_neuromere,,,ventral_nerve_cord_bilateral_restricted,IN14B010,,,,,intrinsic,,,14B,IN14B010,id:13838,,,glutamate,,,,ventral_nerve_cord,right,ventral_nerve_cord_intrinsic
2478,720575941535134947,,,,,,ventral_nerve_cord_contralateral_restricted,IN14A081,,,,,intrinsic,,,14A,IN14A081,id:26230,,,glutamate,,,,ventral_nerve_cord,right,ventral_nerve_cord_intrinsic
2479,720575941535140362,,,descending_neuron,,,,DNg15,DNg15,id:720575940627825923,,,intrinsic,,,putative_primary,DNg15,id:10101,,,acetylcholine,,,,neck_connective,left,descending
2480,720575941535148778,,,ascending_neuron,,,,AN19B028,AN_multi_7,id:720575940613403378,,,intrinsic,,,19B,AN19B028,id:12904,,,acetylcholine,acetylcholine,,,neck_connective,right,ascending
2481,720575941535149539,,,,,,ventral_nerve_cord_bilateral_interconnecting,IN07B065,,,,,intrinsic,,,07B,IN07B065,id:20838,,,acetylcholine,acetylcholine,,,ventral_nerve_cord,right,ventral_nerve_cord_intrinsic
2482,720575941535149802,,front_leg,chordotonal_organ_neuron,proprioception,direction,front_leg_hook_chordotonal_organ_neuron,SNpp39,,,,,afferent,,,,SNpp39,id:30692,left_prothoracic_leg_nerve,,gaba,acetylcholine,,chordotonal_organ,ventral_nerve_cord,,sensory
2483,720575941535167320,,,descending_neuron,,,,DNge134,DNge134,id:720575940631469452,,,intrinsic,,,putative_primary,DNxn073,id:31885,,,glutamate,,,,neck_connective,left,descending
2484,720575941535177443,,,single_leg_neuromere,,,ventral_nerve_cord_bilateral_restricted,IN01A080,,,,,intrinsic,,,01A,IN01A080,id:29399,,,acetylcholine,acetylcholine,,,ventral_nerve_cord,left,ventral_nerve_cord_intrinsic
2485,720575941535182563,,,,,,ventral_nerve_cord_ipsilateral_restricted,IN19A122,,,,,intrinsic,,,19A,IN19A122,id:30927,,,gaba,gaba,,,ventral_nerve_cord,right,ventral_nerve_cord_intrinsic
2486,720575941535231154,,,ascending_neuron,,,,ANXXX165,AN_multi_110,id:720575940633767588,,,intrinsic,,,TBD,ANXXX165,id:14285,,,acetylcholine,,,,neck_connective,left,ascending
2487,720575941535231832,,,descending_neuron,,,,DNge103,DNge103,id:720575940614075363,,,intrinsic,,,putative_primary,DNxl123,id:11731,,,gaba,,,,neck_connective,right,descending
2488,720575941535245034,,,descending_neuron,,,,DNbe004,DNbe004,id:720575940627731599,,,intrinsic,,,putative_primary,DNb07,id:11660,,,glutamate,,,,neck_connective,left,descending
2489,720575941535323058,,,,,,ventral_nerve_cord_ipsilateral_restricted,IN20A.22A040,,,,,intrinsic,,,20A.22A,,,,,acetylcholine,acetylcholine,,,ventral_nerve_cord,left,ventral_nerve_cord_intrinsic
2490,720575941535331082,,,ventral_nerve_cord_dorsal,,,ventral_nerve_cord_bilateral_interconnecting,IN06B024,,,,,intrinsic,,,06B,IN06B024,id:166986,,,gaba,gaba,,,ventral_nerve_cord,right,ventral_nerve_cord_intrinsic
2491,720575941535331594,,,,,,ventral_nerve_cord_bilateral_restricted,IN03A045,,,,,intrinsic,,,03A,IN03A045,id:15904,,,acetylcholine,acetylcholine,,,ventral_nerve_cord,left,ventral_nerve_cord_intrinsic
2492,720575941535332952,,,descending_neuron,,,,DNpe008,DNpe008,id:720575940611102437,,,intrinsic,,,PSp2,DNht001,id:32303,,,acetylcholine,,,,neck_connective,right,descending
2493,720575941535420186,,,single_leg_neuromere,,,ventral_nerve_cord_contralateral_restricted,IN01A039,,,,,intrinsic,,,01A,IN01A039,id:15993,,,acetylcholine,acetylcholine,,,ventral_nerve_cord,right,ventral_nerve_cord_intrinsic
2494,720575941535440666,,,,,,ventral_nerve_cord_bilateral_restricted,IN16B056,,,,,intrinsic,,,16B,IN16B056,id:17982,,,glutamate,glutamate,,,ventral_nerve_cord,left,ventral_nerve_cord_intrinsic
2495,720575941535539226,,,single_leg_neuromere,,,ventral_nerve_cord_ipsilateral_restricted,IN09A014,,,,,intrinsic,,,09A,IN09A014,id:15164,,,gaba,gaba,,,ventral_nerve_cord,left,ventral_nerve_cord_intrinsic
2496,720575941535660314,,front_leg,bristle_neuron,tactile,,front_leg_bristle_neuron,SNta41,,,,,afferent,,,,SNta41,id:43700,right_prothoracic_leg_nerve,,acetylcholine,,,bristle,ventral_nerve_cord,right,sensory
2497,720575941535705778,,,descending_neuron,,,,DNp17,DNp17,id:720575940630671734,,,intrinsic,,,PSp2,DNxn112,id:37290,,,acetylcholine,,,,neck_connective,left,descending
2498,720575941535724522,,,descending_neuron,,,,DNge056,DNge056,id:720575940626672058,,,intrinsic,,,putative_primary,DNfl033,id:20953,,,acetylcholine,,,,neck_connective,left,descending
2499,720575941535811562,,,descending_neuron,,,,DNg12_a,DNg12_a,id:720575940625872688,,,intrinsic,,,,DNnt008,id:27396,,,acetylcholine,,MX12_L_3,,neck_connective,left,descending
2500,720575941535862506,,,descending_neuron,,,,DNa01,DNa01,id:720575940627787609,,,intrinsic,,,WEDd1,DNa01,id:10760,,,acetylcholine,acetylcholine,,,neck_connective,left,descending
2501,720575941535907082,,,,,,ventral_nerve_cord_bilateral_interconnecting,IN03B011,,,,,intrinsic,,,03B,IN03B011,id:10396,,,gaba,,,,ventral_nerve_cord,right,ventral_nerve_cord_intrinsic
2502,720575941535932170,,,,,,ventral_nerve_cord_ipsilateral_restricted,IN03A069,,,,,intrinsic,,,03A,IN03A069,id:101820,,,acetylcholine,acetylcholine,,,ventral_nerve_cord,right,ventral_nerve_cord_intrinsic
2503,720575941535938314,,,ascending_neuron,,,,AN12B011,AN_GNG_151,id:720575940638842933,,,intrinsic,,,12B,AN12B011,id:13537,,,gaba,gaba,,,neck_connective,left,ascending
2504,720575941535942744,,,descending_neuron,,,,DNg58,DNg58,id:720575940611225237,,,intrinsic,,,putative_primary,DNxn145,id:28033,,,acetylcholine,,,,neck_connective,left,descending
2505,720575941535959489,,,single_leg_neuromere,,,ventral_nerve_cord_contralateral_restricted,IN14A110,,,,,intrinsic,,,14A,IN14A110,id:24541,,,glutamate,,,,ventral_nerve_cord,left,ventral_nerve_cord_intrinsic
2506,720575941535971777,,,ventral_nerve_cord_serially_convergent,,,ventral_nerve_cord_bilateral_interconnecting,IN07B002,,,,,intrinsic,,,07B,IN07B002,id:10298,,,acetylcholine,acetylcholine,,,ventral_nerve_cord,right,ventral_nerve_cord_intrinsic
2507,720575941535975873,,,descending_neuron,,,,DNg105,DNg105,id:720575940647029044,,,intrinsic,,,MX3,DNg105,id:10086,,,gaba,,,,neck_connective,right,descending
2508,720575941536003314,,,descending_neuron,,,,DNge087,DNge087,id:720575940624154604,,,intrinsic,,,LB6,DNnt010,id:37876,,,gaba,,,,neck_connective,right,descending
2509,720575941536048321,,,descending_neuron,,,,DNge078,DNge078,id:720575940629806974,,,intrinsic,,,MX12__prim,DNg62,id:24753,,,acetylcholine,,"aDN2 (Seeds-Hampel lab),aDN2_R",,neck_connective,right,descending
2510,720575941536148712,,prosternal_organ,hair_plate_neuron,proprioception,joint_angle,prosternal_hair_plate_neuron,SNpp19,,,,,afferent,,,,SNpp19,id:153401,left_prosternal_nerve,,acetylcholine,,,hair_plate,ventral_nerve_cord,left,sensory
2511,720575941536171506,,,,,,ventral_nerve_cord_ipsilateral_restricted,IN20A.22A049,,,,,intrinsic,,,20A.22A,IN20A.22A049,id:152727,,,acetylcholine,acetylcholine,,,ventral_nerve_cord,left,ventral_nerve_cord_intrinsic
2512,720575941536226058,,,single_leg_neuromere,,,ventral_nerve_cord_bilateral_restricted,IN12B012,,,,,intrinsic,,,12B,IN12B012,id:12929,,,gaba,gaba,,,ventral_nerve_cord,right,ventral_nerve_cord_intrinsic
2513,720575941536227826,,,,,,ventral_nerve_cord_bilateral_interconnecting,IN21A067,,,,,intrinsic,,,21A,,,,,glutamate,,,,ventral_nerve_cord,right,ventral_nerve_cord_intrinsic
2514,720575941536231105,,,descending_neuron,,,,DNxn144,,,,,intrinsic,,,,DNxn144,id:36489,,,gaba,,,,neck_connective,left,descending
2515,720575941536287474,,,single_leg_neuromere,,,ventral_nerve_cord_ipsilateral_restricted,IN16B022,,,,,intrinsic,,,16B,IN16B022,id:12352,,,glutamate,glutamate,,,ventral_nerve_cord,right,ventral_nerve_cord_intrinsic
2516,720575941536291816,,,,,,ventral_nerve_cord_bilateral_restricted,IN16B034,,,,,intrinsic,,,16B,IN16B034,id:13940,,,glutamate,glutamate,,,ventral_nerve_cord,left,ventral_nerve_cord_intrinsic
2517,720575941536297109,,,single_leg_neuromere,,,ventral_nerve_cord_ipsilateral_restricted,IN04B100,,,,,intrinsic,,,04B,IN04B100,id:20932,,,acetylcholine,acetylcholine,,,ventral_nerve_cord,left,ventral_nerve_cord_intrinsic
2518,720575941536301205,,,,,,ventral_nerve_cord_ipsilateral_restricted,IN08A046,,,,,intrinsic,,,08A,IN08A046,id:26020,,,glutamate,glutamate,,,ventral_nerve_cord,left,ventral_nerve_cord_intrinsic
2519,720575941536301288,,,descending_neuron,,,,DNb02,DNb02,id:720575940646753412,,,intrinsic,,,putative_primary,DNb02,id:16858,,,glutamate,glutamate,,,neck_connective,right,descending
2520,720575941536301973,,,,,,ventral_nerve_cord_bilateral_interconnecting,IN16B014,,,,,intrinsic,,,16B,IN16B014,id:10834,,,glutamate,glutamate,,,ventral_nerve_cord,left,ventral_nerve_cord_intrinsic
2521,720575941536323221,,,single_leg_neuromere,,,ventral_nerve_cord_ipsilateral_restricted,IN03B035,,,,,intrinsic,,,03B,,,,,gaba,,,,ventral_nerve_cord,left,ventral_nerve_cord_intrinsic
2522,720575941536326805,,,descending_neuron,,,,DNg12_a,DNg12_a,id:720575940625872688,,,intrinsic,,,MX12,DNnt008,id:27396,,,acetylcholine,,MX12_L_5,,neck_connective,left,descending
2523,720575941536372978,,,single_leg_neuromere,,,ventral_nerve_cord_bilateral_interconnecting,IN12B066,,,,,intrinsic,,,12B,IN12B066,id:24392,,,gaba,gaba,,,ventral_nerve_cord,left,ventral_nerve_cord_intrinsic
2524,720575941536381426,,,,,,ventral_nerve_cord_bilateral_restricted,IN04B041,,,,,intrinsic,,,04B,IN04B041,id:20124,,,acetylcholine,acetylcholine,,,ventral_nerve_cord,right,ventral_nerve_cord_intrinsic
2525,720575941536390130,,,,,,ventral_nerve_cord_ipsilateral_restricted,IN16B080,,,,,intrinsic,,,16B,IN16B080,id:23852,,,glutamate,glutamate,,,ventral_nerve_cord,right,ventral_nerve_cord_intrinsic
2526,720575941536391666,,,ventral_nerve_cord_dorsal,,,ventral_nerve_cord_bilateral_interconnecting,IN02A023,,,,,intrinsic,,,02A,IN02A023,id:16101,,,glutamate,glutamate,,,ventral_nerve_cord,right,ventral_nerve_cord_intrinsic
2527,720575941536510440,,,,,,ventral_nerve_cord_ipsilateral_restricted,IN20A.22A069,,,,,intrinsic,,,20A.22A,IN20A.22A069,id:21764,,,acetylcholine,acetylcholine,,,ventral_nerve_cord,right,ventral_nerve_cord_intrinsic
2528,720575941536518426,,,,,,ventral_nerve_cord_ipsilateral_restricted,IN20A.22A035,,,,,intrinsic,,,20A.22A,IN20A.22A035,id:21588,,,acetylcholine,acetylcholine,,,ventral_nerve_cord,left,ventral_nerve_cord_intrinsic
2529,720575941536580634,,,descending_neuron,,,,DNge129,DNge129,id:720575940628264585,,,intrinsic,,,MD3,DNxl120,id:11803,,,gaba,,,,neck_connective,right,descending
2530,720575941536591080,,,single_leg_neuromere,,,ventral_nerve_cord_ipsilateral_restricted,IN21A024,,,,,intrinsic,,,21A,,,,,glutamate,,,,ventral_nerve_cord,left,ventral_nerve_cord_intrinsic
2531,720575941536601576,,,,,,ventral_nerve_cord_bilateral_interconnecting,IN03A018,,,,,intrinsic,,,03A,,,,,acetylcholine,acetylcholine,,,ventral_nerve_cord,left,ventral_nerve_cord_intrinsic
2532,720575941536651496,,,ascending_neuron,,,,AN08B031,AN_GNG_184,id:720575940627738679,,,intrinsic,,,08B,AN08B031,id:13213,,,acetylcholine,acetylcholine,,,neck_connective,left,ascending
2533,720575941536695066,,,ascending_neuron,,,,AN03B011,AN_GNG_42,id:720575940641702304,,,intrinsic,,,03B,AN03B011,id:10470,,,gaba,,,,neck_connective,left,ascending
2534,720575941536700387,,front_leg,bristle_neuron,tactile,,front_leg_bristle_neuron,SNta41,,,,id:1513,afferent,,,,SNta41,id:42302,left_prothoracic_leg_nerve,,acetylcholine,,,bristle,ventral_nerve_cord,left,sensory
2535,720575941536706753,,,descending_neuron,,,,DNg80,DNg80,id:720575940630697078,,,intrinsic,,,putative_primary,DNg80,id:176812,,CCAP,glutamate,,,,neck_connective,left,descending
2536,720575941536775144,,,,,,ventral_nerve_cord_bilateral_interconnecting,IN01A069,,,,,intrinsic,,,01A,IN01A069,id:20391,,,acetylcholine,acetylcholine,,,ventral_nerve_cord,right,ventral_nerve_cord_intrinsic
2537,720575941536778389,,,descending_neuron,,,,DNg01,DNg01,id:720575940637660733,,,intrinsic,,,LB12,DNg01,id:29175,,,acetylcholine,,,,neck_connective,left,descending
2538,720575941536838170,,,,,,ventral_nerve_cord_bilateral_interconnecting,IN07B001,,,,,intrinsic,,,07B,IN07B001,id:10010,,,acetylcholine,acetylcholine,,,ventral_nerve_cord,left,ventral_nerve_cord_intrinsic
2539,720575941536923624,front_leg,,leg_motor_neuron,leg_motor,flex_coxa_trochanter_joint,front_leg_motor_neuron,trochanter_flexor_ProAN,,,,,efferent,,,24B.25B,Tr flexor MN,id:23299,left_prothoracic_accessory_nerve,,glutamate,glutamate,,trochanter_flexor_muscle,ventral_nerve_cord,left,motor
2540,720575941536937621,,,,,,ventral_nerve_cord_ipsilateral_restricted,IN13A027,,,,,intrinsic,,,13A,IN13A027,id:17252,,,gaba,gaba,,,ventral_nerve_cord,right,ventral_nerve_cord_intrinsic
2541,720575941536938133,,,,,,ventral_nerve_cord_ipsilateral_restricted,IN13A035,,,,,intrinsic,,,13A,,,,,gaba,gaba,,,ventral_nerve_cord,right,ventral_nerve_cord_intrinsic
2542,720575941536939157,,,,,,ventral_nerve_cord_ipsilateral_restricted,IN13A058,,,,,intrinsic,,,13A,IN13A058,id:26101,,,gaba,gaba,,,ventral_nerve_cord,right,ventral_nerve_cord_intrinsic
2543,720575941536966805,,,single_leg_neuromere,,,ventral_nerve_cord_contralateral_restricted,IN13B090,,,,,intrinsic,,,13B,IN13B090,id:25021,,,gaba,gaba,,,ventral_nerve_cord,right,ventral_nerve_cord_intrinsic
2544,720575941536972018,,,descending_neuron,,,,DNge045,DNge045,id:720575940634825879,,,intrinsic,,,LB3,,,,,gaba,,,,neck_connective,right,descending
2545,720575941536984842,,,descending_neuron,,,,DNge092,DNge116,id:720575940640140733,,,intrinsic,,,LB7,DNxn109,id:38167,,,acetylcholine,,,,neck_connective,left,descending
2546,720575941536985866,,,single_leg_neuromere,,,ventral_nerve_cord_ipsilateral_interconnecting,IN03B032,,,,,intrinsic,,,03B,IN03B032,id:12203,,,gaba,,,,ventral_nerve_cord,left,ventral_nerve_cord_intrinsic
2547,720575941537126666,,,,,,ventral_nerve_cord_ipsilateral_restricted,IN20A.22A069,,,,,intrinsic,,,20A.22A,IN20A.22A069,id:26006,,,acetylcholine,acetylcholine,,,ventral_nerve_cord,left,ventral_nerve_cord_intrinsic
2548,720575941537137930,,front_leg,chordotonal_organ_neuron,proprioception,vibro_tactile,front_leg_club_chordotonal_organ_neuron,SNpp59,,,,,afferent,,,,SNpp59,id:76418,left_prothoracic_leg_nerve,,gaba,acetylcholine,club,chordotonal_organ,ventral_nerve_cord,left,sensory
2549,720575941537154753,,,,,,ventral_nerve_cord_contralateral_restricted,IN13B028,,,,,intrinsic,,,13B,IN13B028,id:16899,,,gaba,gaba,,,ventral_nerve_cord,left,ventral_nerve_cord_intrinsic
2550,720575941537166997,,,,,,ventral_nerve_cord_bilateral_interconnecting,vPR6,,,,,intrinsic,,,12A,,,,,acetylcholine,acetylcholine,,,ventral_nerve_cord,left,ventral_nerve_cord_intrinsic
2551,720575941537278490,,,,,,ventral_nerve_cord_contralateral_restricted,IN01A063,,,,,intrinsic,,,01A,IN01A063,id:18944,,,acetylcholine,acetylcholine,,,ventral_nerve_cord,right,ventral_nerve_cord_intrinsic
2552,720575941537486824,,,single_leg_neuromere,,,ventral_nerve_cord_contralateral_restricted,IN14A005,,,,,intrinsic,,,14A,IN14A005,id:11782,,,glutamate,,,,ventral_nerve_cord,left,ventral_nerve_cord_intrinsic
2553,720575941537495322,,,descending_neuron,,,,DNge075,DNge075,id:720575940624015287,,,intrinsic,,,putative_primary,DNxl101,id:20464,,,acetylcholine,,,,neck_connective,left,descending
2554,720575941537498088,,prosternal_organ,hair_plate_neuron,proprioception,joint_angle,prosternal_hair_plate_neuron,SNpp19,,,,,afferent,,,,SNpp19,id:153401,left_prosternal_nerve,,acetylcholine,,,hair_plate,ventral_nerve_cord,left,sensory
2555,720575941537511912,,front_leg,orphan_neuron,proprioception,,front_leg_orphan_neuron,SNxxxx,,,,,afferent,,,,SNxxxx,id:43832,right_prothoracic_leg_nerve,,gaba,,,orphan,ventral_nerve_cord,right,sensory
2556,720575941537542376,,,ascending_neuron,,,,AN08B099,AN_GNG_SAD_32,id:720575940619655814,,,intrinsic,,,08B,AN08B099,id:21748,,,acetylcholine,acetylcholine,,,neck_connective,left,ascending
2557,720575941537573245,,,ventral_nerve_cord_centripetal,,,ventral_nerve_cord_bilateral_interconnecting,IN23B041,,,,,intrinsic,,,23B,IN23B041,id:19549,,,acetylcholine,acetylcholine,,,ventral_nerve_cord,left,ventral_nerve_cord_intrinsic
2558,720575941537634330,,front_leg,bristle_neuron,tactile,,front_leg_bristle_neuron,SNta20,,,,id:1668,afferent,,,,SNta20,id:47332,left_prothoracic_leg_nerve,,acetylcholine,,,bristle,ventral_nerve_cord,left,sensory
2559,720575941537635555,,,single_leg_neuromere,,,ventral_nerve_cord_ipsilateral_restricted,IN09A021,,,,,intrinsic,,,09A,IN09A021,id:20857,,,gaba,gaba,,,ventral_nerve_cord,right,ventral_nerve_cord_intrinsic
2560,720575941537647821,,,,,,ventral_nerve_cord_ipsilateral_interconnecting,IN19A080,,,,,intrinsic,,,19A,IN19A080,id:20802,,,gaba,gaba,,,ventral_nerve_cord,right,ventral_nerve_cord_intrinsic
2561,720575941537653397,,,single_leg_neuromere,,,ventral_nerve_cord_contralateral_restricted,IN13B045,,,,,intrinsic,,,13B,IN13B045,id:32794,,,gaba,gaba,,,ventral_nerve_cord,left,ventral_nerve_cord_intrinsic
2562,720575941537703144,,,descending_neuron,,,,DNg04,DNg04,id:720575940624082931,,,intrinsic,,,LB12,DNg04,id:15451,,,acetylcholine,,,,neck_connective,left,descending
2563,720575941537703373,,,single_leg_neuromere,,,ventral_nerve_cord_ipsilateral_restricted,IN17A028,,,,,intrinsic,,,17A,IN17A028,id:12667,,,acetylcholine,acetylcholine,,,ventral_nerve_cord,left,ventral_nerve_cord_intrinsic
2564,720575941537705677,,,,,,ventral_nerve_cord_ipsilateral_restricted,IN20A.22A040,,,,,intrinsic,,,20A.22A,IN20A.22A040,id:24723,,,acetylcholine,acetylcholine,,,ventral_nerve_cord,left,ventral_nerve_cord_intrinsic
2565,720575941537710824,,,descending_neuron,,,,DNg98,DNg98,id:720575940623338281,,,intrinsic,,,MX3,DNg98,id:11959,,,gaba,,,,neck_connective,right,descending
2566,720575941537718653,,,descending_neuron,,,,DNg12_e,DNg12_e,id:720575940614588778,,,intrinsic,,,MX12,DNxn108,id:30754,,,acetylcholine,,MX12_R_17,,neck_connective,right,descending
2567,720575941537766632,,,descending_neuron,,,,DNd05,DNd05,id:720575940631333195,,,intrinsic,,,putative_primary,DNd05,id:12898,,,acetylcholine,,,,neck_connective,left,descending
2568,720575941537777533,,,,,,ventral_nerve_cord_ipsilateral_restricted,IN19A081,,,,,intrinsic,,,19A,IN19A081,id:28028,,,gaba,gaba,,,ventral_nerve_cord,right,ventral_nerve_cord_intrinsic
2569,720575941537821821,,,,,,ventral_nerve_cord_ipsilateral_restricted,IN21A083,,,,,intrinsic,,,21A,,,,,glutamate,,,,ventral_nerve_cord,right,ventral_nerve_cord_intrinsic
2570,720575941537845885,,,single_leg_neuromere,,,ventral_nerve_cord_ipsilateral_restricted,IN21A037,,,,,intrinsic,,,21A,,,,,glutamate,,,,ventral_nerve_cord,right,ventral_nerve_cord_intrinsic
2571,720575941537865165,,,single_leg_neuromere,,,ventral_nerve_cord_ipsilateral_restricted,IN08A006,,,,,intrinsic,,,08A,IN08A006,id:10722,,,gaba,,,,ventral_nerve_cord,left,ventral_nerve_cord_intrinsic
2572,720575941537878397,,,,,,ventral_nerve_cord_ipsilateral_restricted,IN16B114,,,,,intrinsic,,,16B,IN16B114,id:30393,,,glutamate,glutamate,,,ventral_nerve_cord,right,ventral_nerve_cord_intrinsic
2573,720575941537878909,,,single_leg_neuromere,,,ventral_nerve_cord_ipsilateral_restricted,IN09A030,,,,,intrinsic,,,09A,IN09A030,id:21740,,,gaba,gaba,,,ventral_nerve_cord,right,ventral_nerve_cord_intrinsic
2574,720575941537912291,,,descending_neuron,,,,DNpe012,DNpe012,id:720575940623528842,,,intrinsic,DNp16,id:1467694006,PSp2,DNut042,id:30531,,,acetylcholine,,,,neck_connective,right,descending
2575,720575941537990037,,,single_leg_neuromere,,,ventral_nerve_cord_ipsilateral_restricted,IN21A035,,,,,intrinsic,,,21A,IN21A035,id:103011,,,glutamate,,,,ventral_nerve_cord,right,ventral_nerve_cord_intrinsic
2576,720575941538039026,,front_leg,bristle_neuron,tactile,,front_leg_bristle_neuron,SNta42,,,,,afferent,,,,SNta42,id:187659,right_ventral_prothoracic_nerve,,acetylcholine,,,bristle,ventral_nerve_cord,right,sensory
2577,720575941538058211,,front_leg,,,,putative_front_leg_hair_plate_neuron,SNpp52,,,,,afferent,,,,SNpp52,id:21159,left_prothoracic_leg_nerve,,gaba,,,,ventral_nerve_cord,left,sensory
2578,720575941538060530,,prosternal_organ,hair_plate_neuron,proprioception,joint_angle,prosternal_hair_plate_neuron,SNpp19,,,,,afferent,,,,SNpp19,id:10922,left_prosternal_nerve,,acetylcholine,,,hair_plate,ventral_nerve_cord,left,sensory
2579,720575941538066837,,,ascending_neuron,,,,AN09B006,AN_GNG_28,id:720575940624403843,,,intrinsic,,,09B,AN09B006,id:12885,,,acetylcholine,,,,neck_connective,left,ascending
2580,720575941538128626,front_leg,,leg_motor_neuron,leg_motor,pull_long_tendon,front_leg_motor_neuron,long_tendon_muscle_B,,,,,efferent,,,15B,ltm1-tibia MN,id:166385,right_prothoracic_leg_nerve,,,,,long_tendon_muscle,ventral_nerve_cord,right,motor
2581,720575941538209229,,,descending_neuron,,,,DNg10,DNg10,id:720575940629369642,,,intrinsic,,,LB6,DNg10,id:44358,,,gaba,,,,neck_connective,left,descending
2582,720575941538218216,,,descending_neuron,,,,DNg08_a,DNg08_a,id:720575940636761926,,,intrinsic,,,MX3,DNg08,id:24458,,,gaba,,,,neck_connective,left,descending
2583,720575941538221288,,,descending_neuron,,,,DNg26,DNg26,id:720575940605300140,,,intrinsic,,,MX0__prim,DNg26,id:18113,,"AstC,Hug",serotonin,serotonin,Hugin-VNC,,neck_connective,left,descending
2584,720575941538255587,,,descending_neuron,,,,DNg110,DNg110,id:720575940635222640,,,intrinsic,,,LB12,DNg110,id:25454,,,acetylcholine,,,,neck_connective,right,descending
2585,720575941538267107,,"front_leg,trochanter",hair_plate_neuron,proprioception,joint_angle,front_leg_hair_plate_neuron,SNpp45,,,,,afferent,,,,SNpp45,id:101516,right_prothoracic_leg_nerve,,gaba,,,hair_plate,ventral_nerve_cord,right,sensory
2586,720575941538274531,,,,,,ventral_nerve_cord_bilateral_interconnecting,IN02A029,,,,,intrinsic,,,02A,IN02A029,id:25690,,,glutamate,glutamate,,,ventral_nerve_cord,right,ventral_nerve_cord_intrinsic
2587,720575941538278627,,,,,,ventral_nerve_cord_bilateral_interconnecting,IN02A029,,,,,intrinsic,,,02A,IN02A029,id:25690,,,glutamate,glutamate,,,ventral_nerve_cord,left,ventral_nerve_cord_intrinsic
2588,720575941538336381,,,descending_neuron,,,,DNg60,DNg60,id:720575940635166571,,,intrinsic,,,MD3,DNg60,id:27993,,,gaba,gaba,,,neck_connective,right,descending
2589,720575941538431381,,,,,,ventral_nerve_cord_ipsilateral_restricted,IN04B102,,,,,intrinsic,,,04B,IN04B102,id:28560,,,acetylcholine,acetylcholine,,,ventral_nerve_cord,right,ventral_nerve_cord_intrinsic
2590,720575941538543253,,,ascending_neuron,,,,AN07B071,AN_GNG_175,id:720575940637431613,,,intrinsic,,,07B,AN07B071,id:19248,,,acetylcholine,acetylcholine,,,neck_connective,left,ascending
2591,720575941538630627,,,descending_neuron,,,,DNge132,DNge132,id:720575940613838289,,,intrinsic,,,putative_primary,DNxn151,id:13348,,,acetylcholine,,,,neck_connective,right,descending
2592,720575941538690709,,,single_leg_neuromere,,,ventral_nerve_cord_ipsilateral_restricted,IN03A020,,,,,intrinsic,,,03A,IN03A020,id:14046,,,acetylcholine,acetylcholine,,,ventral_nerve_cord,left,ventral_nerve_cord_intrinsic
2593,720575941538701795,,,descending_neuron,,,,DNg111,DNg111,id:720575940611981029,,,intrinsic,,,MX12__prim,DNg111,id:15895,,,glutamate,,,,neck_connective,right,descending
2594,720575941538745059,,front_leg,chordotonal_organ_neuron,proprioception,direction,front_leg_hook_chordotonal_organ_neuron,SNpp39,,,,id:1317,afferent,,,,SNpp39,id:100324,left_prothoracic_leg_nerve,,gaba,acetylcholine,hook,chordotonal_organ,ventral_nerve_cord,left,sensory
2595,720575941538888061,,,single_leg_neuromere,,,ventral_nerve_cord_contralateral_restricted,IN12B027,,,,,intrinsic,,,12B,IN12B027,id:16426,,,gaba,gaba,,,ventral_nerve_cord,right,ventral_nerve_cord_intrinsic
2596,720575941538995186,,,ventral_nerve_cord_serially_convergent,,,ventral_nerve_cord_ipsilateral_interconnecting,INXXX126,,,,,intrinsic,,,TBD,INXXX126,id:12611,,,acetylcholine,,,,ventral_nerve_cord,right,ventral_nerve_cord_intrinsic
2597,720575941539028722,,,descending_neuron,,,,DNge038,DNge038,id:720575940621313414,,,intrinsic,,,putative_primary,DNxl099,id:16290,,,acetylcholine,,,,neck_connective,left,descending
2598,720575941539040405,,,single_leg_neuromere,,,ventral_nerve_cord_contralateral_restricted,IN13B064,,,,,intrinsic,,,13B,IN13B064,id:14058,,,gaba,gaba,,,ventral_nerve_cord,left,ventral_nerve_cord_intrinsic
2599,720575941539045581,,hind_leg,orphan_neuron,proprioception,,hind_leg_orphan_neuron,SNppxx,,,,id:1182,afferent,,,,SNppxx,id:143762,left_prothoracic_leg_nerve,,gaba,,,orphan,ventral_nerve_cord,left,sensory
2600,720575941539051669,,,ascending_neuron,,,,AN11B008,,,,,intrinsic,,,11B,AN11B008,id:14280,,,gaba,gaba,,,neck_connective,right,ascending
2601,720575941539099285,,,single_leg_neuromere,,,ventral_nerve_cord_ipsilateral_restricted,IN13A006,,,,,intrinsic,,,13A,IN13A006,id:11152,,,gaba,gaba,,,ventral_nerve_cord,right,ventral_nerve_cord_intrinsic
2602,720575941539226866,,,descending_neuron,,,,DNp63,DNp63,id:720575940625345511,,,intrinsic,,,SMPpm1,DNp63,id:16075,,,acetylcholine,,,,neck_connective,right,descending
2603,720575941539243669,,,descending_neuron,,,,DNge143,DNge143,id:720575940660220289,,,intrinsic,,,putative_primary,DNnt016,id:20085,,,gaba,,,,neck_connective,left,descending
2604,720575941539248509,,,,,,ventral_nerve_cord_ipsilateral_restricted,IN19A081,,,,,intrinsic,,,19A,IN19A081,id:152495,,,gaba,gaba,,,ventral_nerve_cord,left,ventral_nerve_cord_intrinsic
2605,720575941539264242,,,descending_neuron,,,,DNd04,DNd04,id:720575940629412170,,,intrinsic,,,,DNd04,id:13428,,,glutamate,,,,neck_connective,left,descending
2606,720575941539325333,,,descending_neuron,,,,DNge022,DNge022,id:720575940615666655,,,intrinsic,,,putative_primary,DNfl040,id:17400,,,acetylcholine,,,,neck_connective,left,descending
2607,720575941539343997,,front_leg,bristle_neuron,tactile,,front_leg_bristle_neuron,SNta32,,,,id:1020,afferent,,,,SNta32,id:34536,left_prothoracic_leg_nerve,,gaba,,,bristle,ventral_nerve_cord,left,sensory
2608,720575941539355517,,,ventral_nerve_cord_centrifugal,,,ventral_nerve_cord_bilateral_interconnecting,IN06B028,,,,,intrinsic,,,06B,IN06B028,id:159145,,,gaba,,,,ventral_nerve_cord,left,ventral_nerve_cord_intrinsic
2609,720575941539357133,,front_leg,orphan_neuron,,,front_leg_orphan_neuron,SNxx33,,,,,afferent,,,,SNxx33,id:103651,right_prothoracic_leg_nerve,,acetylcholine,,,orphan,ventral_nerve_cord,right,sensory
2610,720575941539407090,,,descending_neuron,,,,DNpe011,DNpe011,id:720575940619089005,,,intrinsic,,,PSp2,,,,,acetylcholine,,,,neck_connective,left,descending
2611,720575941539438461,,front_leg,bristle_neuron,tactile,,front_leg_bristle_neuron,SNta41,,,,id:1030,afferent,,,,SNta41,id:46878,left_prothoracic_leg_nerve,,acetylcholine,,,bristle,ventral_nerve_cord,left,sensory
2612,720575941539438741,,"front_leg,trochanter",hair_plate_neuron,proprioception,joint_angle,front_leg_hair_plate_neuron,,,,,id:1429,afferent,,,,,,left_prothoracic_leg_nerve,,gaba,,,hair_plate,ventral_nerve_cord,left,sensory
2613,720575941539539325,,,,,,,,,,,,,,,,,,,,gaba,,,,ventral_nerve_cord,right,
2614,720575941539552717,,,descending_neuron,,,,DNge089,DNge089,id:720575940626238716,,,intrinsic,,,LB7,DNxn115,id:43362,,,acetylcholine,,,,neck_connective,left,descending
2615,720575941539620700,,,single_leg_neuromere,,,ventral_nerve_cord_ipsilateral_restricted,IN03A039,,,,,intrinsic,,,03A,,,,,acetylcholine,acetylcholine,,,ventral_nerve_cord,left,ventral_nerve_cord_intrinsic
2616,720575941539694428,,,,,,ventral_nerve_cord_bilateral_interconnecting,IN12A021,,,,,intrinsic,,,12A,IN12A021,id:14246,,,acetylcholine,acetylcholine,,,ventral_nerve_cord,right,ventral_nerve_cord_intrinsic
2617,720575941539715164,,,,,,ventral_nerve_cord_ipsilateral_restricted,IN04B098,,,,,intrinsic,,,04B,,,,,acetylcholine,acetylcholine,,,ventral_nerve_cord,right,ventral_nerve_cord_intrinsic
2618,720575941539721308,,,,,,ventral_nerve_cord_ipsilateral_restricted,IN02A033,,,,,intrinsic,,,02A,IN02A033,id:18136,,,glutamate,glutamate,,,ventral_nerve_cord,left,ventral_nerve_cord_intrinsic
2619,720575941539743580,,,,,,ventral_nerve_cord_ipsilateral_restricted,IN03A066,,,,,intrinsic,,,03A,IN03A066,id:16079,,,acetylcholine,acetylcholine,,,ventral_nerve_cord,left,ventral_nerve_cord_intrinsic
2620,720575941539757660,,,single_leg_neuromere,,,ventral_nerve_cord_ipsilateral_restricted,IN19A088,,,,,intrinsic,,,19A,,,,,gaba,gaba,,,ventral_nerve_cord,right,ventral_nerve_cord_intrinsic
2621,720575941539809997,,,descending_neuron,,,,DNp03,DNp03,id:720575940627645514,,,intrinsic,,,putative_primary,DNp03,id:12136,,,acetylcholine,acetylcholine,,,neck_connective,left,descending
2622,720575941539816061,,,descending_neuron,,,,DNpe024,DNpe024,id:720575940621157645,,,intrinsic,,,PSp2,DNxn153,id:20104,,,acetylcholine,,,,neck_connective,right,descending
2623,720575941539824789,,,,,,ventral_nerve_cord_ipsilateral_restricted,IN13A035,,,,,intrinsic,,,13A,IN13A035,id:17636,,,gaba,gaba,,,ventral_nerve_cord,left,ventral_nerve_cord_intrinsic
2624,720575941540023189,,,descending_neuron,,,,DNge057,DNge057,id:720575940648180868,,,intrinsic,,,,DNfl020,id:31408,,,acetylcholine,,,,neck_connective,right,descending
2625,720575941540030749,,,,,,ventral_nerve_cord_contralateral_restricted,IN13B059,,,,,intrinsic,,,13B,IN13B059,id:15043,,,gaba,gaba,,,ventral_nerve_cord,right,ventral_nerve_cord_intrinsic
2626,720575941540121373,,,,,,ventral_nerve_cord_ipsilateral_restricted,IN13A051,,,,,intrinsic,,,13A,IN13A051,id:32056,,,gaba,gaba,,,ventral_nerve_cord,right,ventral_nerve_cord_intrinsic
2627,720575941540132221,,front_leg,chordotonal_organ_neuron,proprioception,position,front_leg_claw_chordotonal_organ_neuron,SNpp50,,,,,afferent,,,,SNpp50,id:163745,left_prothoracic_leg_nerve,,gaba,,,chordotonal_organ,ventral_nerve_cord,left,sensory
2628,720575941540138269,,,single_leg_neuromere,tactile,,ventral_nerve_cord_contralateral_restricted,IN14A013,,,,,intrinsic,,,14A,IN14A013,id:17718,,,glutamate,,,,ventral_nerve_cord,right,ventral_nerve_cord_intrinsic
2629,720575941540138525,,,,,,ventral_nerve_cord_ipsilateral_restricted,IN08A036,,,,,intrinsic,,,08A,IN08A036,id:26805,,,glutamate,glutamate,,,ventral_nerve_cord,right,ventral_nerve_cord_intrinsic
2630,720575941540138781,,,single_leg_neuromere,,,ventral_nerve_cord_contralateral_restricted,IN14A077,,,,,intrinsic,,,14A,IN14A077,id:155414,,,glutamate,,,,ventral_nerve_cord,right,ventral_nerve_cord_intrinsic
2631,720575941540141597,,,,,,ventral_nerve_cord_ipsilateral_restricted,IN19A076,,,,,intrinsic,,,19A,IN19A076,id:32058,,,gaba,gaba,,,ventral_nerve_cord,right,ventral_nerve_cord_intrinsic
2632,720575941540197405,,,single_leg_neuromere,,,ventral_nerve_cord_ipsilateral_restricted,IN21A087,,,,,intrinsic,,,21A,,,,,glutamate,,,,ventral_nerve_cord,right,ventral_nerve_cord_intrinsic
2633,720575941540201933,,,sequential_leg_neuromeres,,,ventral_nerve_cord_ipsilateral_interconnecting,IN19A012,,,,,intrinsic,,,19A,IN19A012,id:10828,,,acetylcholine,,,,ventral_nerve_cord,,ventral_nerve_cord_intrinsic
2634,720575941540230013,,,single_leg_neuromere,,,ventral_nerve_cord_ipsilateral_restricted,IN21A008,,,,,intrinsic,,,21A,IN21A008,id:11709,,,glutamate,,,,ventral_nerve_cord,right,ventral_nerve_cord_intrinsic
2635,720575941540246364,,,descending_neuron,,,,DNge107,DNge107,id:720575940626982181,,,intrinsic,,,MD3,DNxn125,id:10759,,,gaba,,,,neck_connective,left,descending
2636,720575941540248445,,front_leg,chordotonal_organ_neuron,proprioception,position,front_leg_claw_chordotonal_organ_neuron,SNpp51,,,,,afferent,,,,SNpp51,id:103757,right_prothoracic_leg_nerve,,gaba,acetylcholine,,chordotonal_organ,ventral_nerve_cord,right,sensory
2637,720575941540248957,,,single_leg_neuromere,proprioception,,ventral_nerve_cord_contralateral_restricted,IN14A001,,,,,intrinsic,,,14A,IN14A001,id:10424,,,gaba,,,,ventral_nerve_cord,right,ventral_nerve_cord_intrinsic
2638,720575941540252109,,front_leg,bristle_neuron,tactile,,front_leg_bristle_neuron,SNta29,,,,,afferent,,,,SNta29,id:34041,right_prothoracic_leg_nerve,,acetylcholine,,,bristle,ventral_nerve_cord,right,sensory
2639,720575941540253309,,,sequential_leg_neuromeres,,,ventral_nerve_cord_ipsilateral_interconnecting,IN03A001,,,,,intrinsic,,,03A,IN03A001,id:10412,,,acetylcholine,acetylcholine,,,ventral_nerve_cord,right,ventral_nerve_cord_intrinsic
2640,720575941540257741,,,descending_neuron,,,,DNpe027,DNpe027,id:720575940608145026,,,intrinsic,,,putative_primary,DNxn167,id:32388,,,acetylcholine,,,,neck_connective,left,descending
2641,720575941540261501,,,single_leg_neuromere,,,ventral_nerve_cord_ipsilateral_restricted,IN20A.22A016,,,,,intrinsic,,,20A.22A,IN20A.22A016,id:19921,,,acetylcholine,acetylcholine,,,ventral_nerve_cord,left,ventral_nerve_cord_intrinsic
2642,720575941540270973,,,ventral_nerve_cord_serially_convergent,,,ventral_nerve_cord_bilateral_interconnecting,IN23B001,,,,,intrinsic,,,23B,IN23B001,id:10296,,,acetylcholine,acetylcholine,,,ventral_nerve_cord,left,ventral_nerve_cord_intrinsic
2643,720575941540283597,,prosternal_organ,hair_plate_neuron,proprioception,joint_angle,prosternal_hair_plate_neuron,SNpp19,,,,,afferent,,,,SNpp19,id:22777,right_prosternal_nerve,,acetylcholine,,,hair_plate,ventral_nerve_cord,right,sensory
2644,720575941540291789,,,descending_neuron,,,,DNge074,DNge074,id:720575940617035449,,,intrinsic,,,,DNxl110,id:12791,,,acetylcholine,,,,ventral_nerve_cord,right,descending
2645,720575941540294013,,,single_leg_neuromere,,,ventral_nerve_cord_bilateral_restricted,IN09A001,,,,,intrinsic,,,09A,IN09A001,id:10293,,,gaba,gaba,,,ventral_nerve_cord,right,ventral_nerve_cord_intrinsic
2646,720575941540462285,,,descending_neuron,,,,DNde003,DNde003,id:720575940625718053,,,intrinsic,,,,DNxl067,id:30912,,,acetylcholine,,DNde004,,neck_connective,right,descending
2647,720575941540466381,,,descending_neuron,,,,DNp08,DNp08,id:720575940628498161,,,intrinsic,,,PSp3,DNp08,id:12707,,,glutamate,,,,neck_connective,left,descending
2648,720575941540535069,,,descending_neuron,,,,DNge020,DNge020,id:720575940632355885,,,intrinsic,,,MX12,DNg12,id:31361,,,acetylcholine,,MX12_L_21,,neck_connective,left,descending
2649,720575941540726045,,,,,,ventral_nerve_cord_ipsilateral_restricted,IN13A051,,,,,intrinsic,,,13A,IN13A051,id:101053,,,gaba,gaba,,,ventral_nerve_cord,right,ventral_nerve_cord_intrinsic
2650,720575941540973773,,front_leg,hair_plate_neuron,proprioception,,front_leg_hair_plate_neuron,SNppxx,,,,,afferent,,,,SNppxx,id:101927,right_prothoracic_leg_nerve,,gaba,,,orphan,ventral_nerve_cord,right,sensory
2651,720575941540977357,,,single_leg_neuromere,,,ventral_nerve_cord_bilateral_interconnecting,IN12B018,,,,,intrinsic,,,12B,IN12B018,id:12542,,,gaba,gaba,,,ventral_nerve_cord,left,ventral_nerve_cord_intrinsic
2652,720575941541123164,,,,,,ventral_nerve_cord_bilateral_interconnecting,IN09B038,,,,,intrinsic,,,09B,IN09B038,id:19006,,,acetylcholine,,,,ventral_nerve_cord,right,ventral_nerve_cord_intrinsic
2653,720575941541271325,,,descending_neuron,,,,DNg78,DNg78,id:720575940606342089,,,intrinsic,,,putative_primary,DNg78,id:18207,,,acetylcholine,,,,neck_connective,right,descending
2654,720575941541318685,,,single_leg_neuromere,,,ventral_nerve_cord_contralateral_restricted,IN12B036,,,,,intrinsic,,,12B,IN12B036,id:20925,,,gaba,gaba,,,ventral_nerve_cord,left,ventral_nerve_cord_intrinsic
2655,720575941541333117,,,ascending_neuron,,,,AN27X016,AN_multi_75,id:720575940620718472,,,intrinsic,,,27X,AN27X016,id:12996,,,glutamate,,,,neck_connective,right,ascending
2656,720575941541413757,,front_leg,chordotonal_organ_neuron,proprioception,direction,front_leg_hook_chordotonal_organ_neuron,SNpp39,,,,,afferent,,,,SNpp39,id:30692,left_prothoracic_leg_nerve,,gaba,acetylcholine,hook,chordotonal_organ,ventral_nerve_cord,left,sensory
2657,720575941541431644,,,ascending_neuron,,,,AN19B015,AN_GNG_10,id:720575940611813362,,,intrinsic,,,19B,AN19B015,id:13309,,,acetylcholine,acetylcholine,,,neck_connective,right,ascending
2658,720575941541459485,,front_leg,bristle_neuron,tactile,,front_leg_bristle_neuron,SNta19,,,,id:1328,afferent,,,,SNta19,id:52434,left_prothoracic_leg_nerve,,acetylcholine,,,bristle,ventral_nerve_cord,left,sensory
2659,720575941541480573,,,ascending_neuron,,,,AN01A014,,,,,intrinsic,,,01A,AN01A014,id:10647,,,acetylcholine,acetylcholine,,,neck_connective,right,ascending
2660,720575941541544028,,,single_leg_neuromere,,,ventral_nerve_cord_ipsilateral_restricted,IN19A003,,,,,intrinsic,,,19A,IN19A003,id:10192,,,gaba,gaba,,,ventral_nerve_cord,left,ventral_nerve_cord_intrinsic
2661,720575941541645949,,front_leg,chordotonal_organ_neuron,proprioception,direction,front_leg_hook_chordotonal_organ_neuron,SNpp39,,,,,afferent,,,,SNpp39,id:196644,right_prothoracic_leg_nerve,,gaba,acetylcholine,hook,chordotonal_organ,ventral_nerve_cord,right,sensory
2662,720575941541726493,,,descending_neuron,,,,DNge091,DNge091,id:720575940611610670,,,intrinsic,,,LB7,DNxn117,id:23811,,,acetylcholine,,,,neck_connective,left,descending
2663,720575941542325253,,,,proprioception,,ventral_nerve_cord_contralateral_restricted,IN14A092,,,,,intrinsic,,,14A,IN14A092,id:17237,,,glutamate,,,,ventral_nerve_cord,right,ventral_nerve_cord_intrinsic
2664,720575941542330117,,,single_leg_neuromere,,,ventral_nerve_cord_ipsilateral_restricted,IN20A.22A016,,,,,intrinsic,,,20A.22A,IN20A.22A016,id:19873,,,acetylcholine,acetylcholine,,,ventral_nerve_cord,right,ventral_nerve_cord_intrinsic
2665,720575941542411868,,,,,,ventral_nerve_cord_ipsilateral_interconnecting,IN03A035,,,,,intrinsic,,,03A,IN03A035,id:163222,,,acetylcholine,acetylcholine,,,ventral_nerve_cord,right,ventral_nerve_cord_intrinsic
2666,720575941542421340,,,ascending_neuron,,,,AN07B013,AN_GNG_60,id:720575940621591477,,,intrinsic,,,07B,AN07B013,id:100494,,,glutamate,,,,neck_connective,left,ascending
2667,720575941542435676,,,,,,ventral_nerve_cord_bilateral_restricted,IN03A045,,,,,intrinsic,,,03A,IN03A045,id:15904,,,acetylcholine,acetylcholine,,,ventral_nerve_cord,left,ventral_nerve_cord_intrinsic
2668,720575941542437212,,,single_leg_neuromere,,,ventral_nerve_cord_ipsilateral_restricted,IN21A004,,,,,intrinsic,,,21A,IN21A004,id:12650,,,acetylcholine,,,,ventral_nerve_cord,left,ventral_nerve_cord_intrinsic
2669,720575941542442076,,,single_leg_neuromere,,,ventral_nerve_cord_bilateral_restricted,IN19B012,,,,,intrinsic,,,19B,IN19B012,id:10715,,,acetylcholine,acetylcholine,,,ventral_nerve_cord,right,ventral_nerve_cord_intrinsic
2670,720575941542454876,front_leg,,leg_motor_neuron,leg_motor,flex_femur_tibia_joint,front_leg_motor_neuron,tibia_flexor,,,,,efferent,,,15B,Ti flexor MN,id:14798,left_prothoracic_leg_nerve,,gaba,glutamate,,tibia_flexor_muscle,ventral_nerve_cord,left,motor
2671,720575941542477916,,,single_leg_neuromere,,,ventral_nerve_cord_ipsilateral_restricted,IN04B100,,,,,intrinsic,,,04B,IN04B100,id:36722,,,acetylcholine,acetylcholine,,,ventral_nerve_cord,left,ventral_nerve_cord_intrinsic
2672,720575941542482524,,,,,,,CV1025,,,,,afferent,,,,,,right_prothoracic_leg_nerve,,gaba,,,,ventral_nerve_cord,right,sensory
2673,720575941542514268,,,descending_neuron,,,,DNg43,DNg43,id:720575940614187006,,,intrinsic,,,MX7__prim,DNg43,id:12272,,,acetylcholine,,,,neck_connective,right,descending
2674,720575941542576413,,"front_leg,trochanter",hair_plate_neuron,proprioception,joint_angle,front_leg_hair_plate_neuron,SNpp52,,,,,afferent,,,,SNpp52,id:176036,right_prothoracic_leg_nerve,,gaba,,,hair_plate,ventral_nerve_cord,right,sensory
2675,720575941542584837,,,descending_neuron,,,,DNge020,DNge020,id:720575940618393478,,,intrinsic,,,,DNxn139,id:38263,,,acetylcholine,,MX12_R_15,,neck_connective,right,descending
2676,720575941542617117,,,descending_neuron,,,,DNp17,DNp17,id:720575940610010521,,,intrinsic,,,PSp2,DNp17,id:27640,,,acetylcholine,,,,neck_connective,right,descending
2677,720575941542664284,,,descending_neuron,,,,DNp102,DNp102,id:720575940610199781,,,intrinsic,,,PSp2,DNxn176,id:11573,,,acetylcholine,,,,neck_connective,right,descending
2678,720575941542676572,,,descending_neuron,,,,DNg85,DNg85,id:720575940626295396,,,intrinsic,,,LB23,DNg85,id:26448,,,acetylcholine,,LB23_R_19,,neck_connective,right,descending
2679,720575941542733573,,,descending_neuron,,,,DNde003,DNde003,id:720575940621392086,,,intrinsic,,,putative_primary,DNfl021,id:30389,,,acetylcholine,,DNde004,,neck_connective,left,descending
2680,720575941542779421,,,,,,ventral_nerve_cord_ipsilateral_restricted,IN19A081,,,,,intrinsic,,,19A,,,,,gaba,gaba,,,ventral_nerve_cord,left,ventral_nerve_cord_intrinsic
2681,720575941542796549,,,single_leg_neuromere,,,ventral_nerve_cord_ipsilateral_restricted,IN19A005,,,,,intrinsic,,,19A,,,,,gaba,gaba,,,ventral_nerve_cord,left,ventral_nerve_cord_intrinsic
2682,720575941542797829,,,,,,ventral_nerve_cord_ipsilateral_restricted,IN19A122,,,,,intrinsic,,,19A,IN19A122,id:22350,,,gaba,gaba,,,ventral_nerve_cord,left,ventral_nerve_cord_intrinsic
2683,720575941542848604,,front_leg,hair_plate_neuron,proprioception,joint_angle,front_leg_hair_plate_neuron,SNpp45,,,,,afferent,,,,SNpp45,id:172221,right_prothoracic_leg_nerve,,gaba,,,hair_plate,ventral_nerve_cord,right,sensory
2684,720575941542866973,,,single_leg_neuromere,,,ventral_nerve_cord_contralateral_restricted,IN13B004,,,,,intrinsic,,,13B,IN13B004,id:10620,,,gaba,gaba,,,ventral_nerve_cord,right,ventral_nerve_cord_intrinsic
2685,720575941542885661,,,descending_neuron,,,,DNg84,DNg84,id:720575940639152361,,,intrinsic,,,LB23,DNg84,id:25870,,,acetylcholine,,LB23_R_18,,neck_connective,right,descending
2686,720575941542894109,,,,,,ventral_nerve_cord_ipsilateral_restricted,IN16B077,,,,,intrinsic,,,16B,IN16B077,id:19867,,,glutamate,glutamate,,,ventral_nerve_cord,right,ventral_nerve_cord_intrinsic
2687,720575941542897949,,,,,,ventral_nerve_cord_ipsilateral_restricted,IN03A085,,,,,intrinsic,,,03A,IN03A085,id:15503,,,acetylcholine,acetylcholine,,,ventral_nerve_cord,right,ventral_nerve_cord_intrinsic
2688,720575941542898205,,,descending_neuron,,,,DNd04,DNd04,id:720575940619945931,,,intrinsic,,,,DNd04,id:14282,,,glutamate,,,,neck_connective,right,descending
2689,720575941542905629,,,sequential_leg_neuromeres,,,ventral_nerve_cord_ipsilateral_interconnecting,IN03A009,,,,,intrinsic,,,03A,IN03A009,id:11788,,,acetylcholine,acetylcholine,,,ventral_nerve_cord,left,ventral_nerve_cord_intrinsic
2690,720575941542908189,,,,,,ventral_nerve_cord_ipsilateral_restricted,IN16B091,,,,,intrinsic,,,16B,IN16B091,id:26717,,,glutamate,glutamate,,,ventral_nerve_cord,right,ventral_nerve_cord_intrinsic
2691,720575941542918941,,,ascending_neuron,,,,AN10B008,SA_DMT_ADMN_7,id:720575940638457552,,,intrinsic,,,10B,AN10B008,id:10622,,,acetylcholine,acetylcholine,,,neck_connective,right,ascending
2692,720575941543045149,,,descending_neuron,,,,DNa09,DNa09,id:720575940634140883,,,intrinsic,,,WEDd1,DNa09,id:12259,,,acetylcholine,,,,neck_connective,left,descending
2693,720575941543092060,,,descending_neuron,,,,DNp14,DNp14,id:720575940620354836,,,intrinsic,,,putative_primary,DNp14,id:13012,,,acetylcholine,,,,neck_connective,right,descending
2694,720575941543093021,,,descending_neuron,,,,DNge042,DNge042,id:720575940613347299,,,intrinsic,,,putative_primary,DNxl073,id:24337,,,acetylcholine,,,,neck_connective,right,descending
2695,720575941543158813,,,ascending_neuron,,,,AN05B010,AN_GNG_49,id:720575940622707592,,,intrinsic,,,05B,AN05B010,id:10591,,,gaba,gaba,,,neck_connective,right,ascending
2696,720575941543320169,,front_leg,orphan_neuron,proprioception,,front_leg_orphan_neuron,SNppxx,,,,,afferent,,,,SNppxx,id:40931664912,right_prothoracic_leg_nerve,,gaba,,,orphan,ventral_nerve_cord,right,sensory
2697,720575941543398505,,,single_leg_neuromere,,,ventral_nerve_cord_ipsilateral_restricted,IN21A012,,,,,intrinsic,,,21A,IN21A012,id:11289,,,acetylcholine,,,,ventral_nerve_cord,right,ventral_nerve_cord_intrinsic
2698,720575941543434172,,,,,,ventral_nerve_cord_ipsilateral_restricted,IN03A061,,,,,intrinsic,,,03A,IN03A061,id:21342,,,acetylcholine,acetylcholine,,,ventral_nerve_cord,left,ventral_nerve_cord_intrinsic
2699,720575941543444924,,,single_leg_neuromere,,,ventral_nerve_cord_bilateral_restricted,IN12B072,,,,,intrinsic,,,12B,IN12B072,id:23793,,,gaba,gaba,,,ventral_nerve_cord,right,ventral_nerve_cord_intrinsic
2700,720575941543449788,,,sequential_leg_neuromeres,,,ventral_nerve_cord_contralateral_interconnecting,IN01A009,,,,,intrinsic,,,01A,IN01A009,id:12815,,,acetylcholine,acetylcholine,,,ventral_nerve_cord,left,ventral_nerve_cord_intrinsic
2701,720575941543585129,,,,,,ventral_nerve_cord_ipsilateral_restricted,IN03A080,,,,,intrinsic,,,03A,IN03A080,id:186215,,,acetylcholine,acetylcholine,,,ventral_nerve_cord,left,ventral_nerve_cord_intrinsic
2702,720575941543607740,,,,,,ventral_nerve_cord_bilateral_interconnecting,IN07B010,,,,,intrinsic,,,07B,IN07B010,id:10440,,,acetylcholine,acetylcholine,,,ventral_nerve_cord,left,ventral_nerve_cord_intrinsic
2703,720575941543633157,,,,,,ventral_nerve_cord_ipsilateral_restricted,IN16B124,,,,,intrinsic,,,16B,IN16B124,id:101872,,,glutamate,glutamate,,,ventral_nerve_cord,left,ventral_nerve_cord_intrinsic
2704,720575941543635205,,,single_leg_neuromere,,,ventral_nerve_cord_ipsilateral_restricted,IN03A073,,,,,intrinsic,,,03A,IN03A073,id:23537,,,acetylcholine,acetylcholine,,,ventral_nerve_cord,left,ventral_nerve_cord_intrinsic
2705,720575941543651004,,,single_leg_neuromere,,,ventral_nerve_cord_ipsilateral_restricted,IN19A088,,,,,intrinsic,,,19A,,,,,gaba,gaba,,,ventral_nerve_cord,left,ventral_nerve_cord_intrinsic
2706,720575941543655785,,,,proprioception,,ventral_nerve_cord_bilateral_interconnecting,IN10B032,,,,,intrinsic,,,10B,IN10B032,id:24049,,,acetylcholine,acetylcholine,,,ventral_nerve_cord,right,ventral_nerve_cord_intrinsic
2707,720575941543658428,,,single_leg_neuromere,,,ventral_nerve_cord_bilateral_restricted,IN12B012,,,,,intrinsic,,,12B,IN12B012,id:25558,,,gaba,gaba,,,ventral_nerve_cord,left,ventral_nerve_cord_intrinsic
2708,720575941543666364,,,,,,ventral_nerve_cord_ipsilateral_restricted,IN20A.22A085,,,,,intrinsic,,,20A.22A,IN20A.22A085,id:171923,,,acetylcholine,acetylcholine,,,ventral_nerve_cord,right,ventral_nerve_cord_intrinsic
2709,720575941543684357,,,descending_neuron,,,,DNg94,DNg94,id:720575940623626986,,,intrinsic,,,,DNg94,id:22372,,,acetylcholine,,,,neck_connective,left,descending
2710,720575941543739653,,,single_leg_neuromere,,,ventral_nerve_cord_ipsilateral_interconnecting,IN09A064,,,,,intrinsic,,,09A,IN09A064,id:22953,,,gaba,gaba,,,ventral_nerve_cord,left,ventral_nerve_cord_intrinsic
2711,720575941543751173,,,single_leg_neuromere,,,ventral_nerve_cord_ipsilateral_restricted,IN16B042,,,,,intrinsic,,,16B,IN16B042,id:158008,,,glutamate,glutamate,,,ventral_nerve_cord,right,ventral_nerve_cord_intrinsic
2712,720575941543766533,,front_leg,bristle_neuron,tactile,,front_leg_bristle_neuron,SNta34,,,,,afferent,,,,SNta34,id:51045,right_prothoracic_leg_nerve,,acetylcholine,,,bristle,ventral_nerve_cord,right,sensory
2713,720575941543812869,,,,,,ventral_nerve_cord_ipsilateral_restricted,IN20A.22A038,,,,,intrinsic,,,20A.22A,IN20A.22A038,id:24925,,,acetylcholine,acetylcholine,,,ventral_nerve_cord,right,ventral_nerve_cord_intrinsic
2714,720575941543962629,,,descending_neuron,,,,DNg05_b,DNg05_b,id:720575940625550398,,,intrinsic,,,LB12,DNg05,id:28700,,,acetylcholine,,,,neck_connective,right,descending
2715,720575941544212412,,,,,,ventral_nerve_cord_ipsilateral_restricted,IN08A046,,,,,intrinsic,,,08A,IN08A046,id:154304,,,glutamate,glutamate,,,ventral_nerve_cord,left,ventral_nerve_cord_intrinsic
2716,720575941544272489,,,ventral_nerve_cord_centripetal,,,ventral_nerve_cord_bilateral_interconnecting,IN19A067,,,,,intrinsic,,,19A,,,,,gaba,gaba,,,ventral_nerve_cord,right,ventral_nerve_cord_intrinsic
2717,720575941544490676,,,single_leg_neuromere,,,ventral_nerve_cord_bilateral_interconnecting,IN06B033,,,,,intrinsic,,,06B,IN06B033,id:12690,,,gaba,gaba,,,ventral_nerve_cord,right,ventral_nerve_cord_intrinsic
2718,720575941544516276,,,single_leg_neuromere,proprioception,,ventral_nerve_cord_contralateral_restricted,IN13B076,,,,,intrinsic,,,13B,,,,,gaba,gaba,,,ventral_nerve_cord,right,ventral_nerve_cord_intrinsic
2719,720575941544541364,,,ascending_neuron,,,,AN08B112,,,,,intrinsic,,,,AN08B112,id:29018,,,acetylcholine,,,,neck_connective,right,ascending
2720,720575941544546996,,,,,,ventral_nerve_cord_ipsilateral_restricted,IN08A034,,,,,intrinsic,,,08A,,,,,glutamate,glutamate,,,ventral_nerve_cord,right,ventral_nerve_cord_intrinsic
2721,720575941544636084,,,,,,ventral_nerve_cord_ipsilateral_restricted,IN19A120,,,,,intrinsic,,,19A,IN19A120,id:48724,,,gaba,gaba,,,ventral_nerve_cord,right,ventral_nerve_cord_intrinsic
2722,720575941544661172,,,single_leg_neuromere,,,ventral_nerve_cord_contralateral_restricted,IN13B017,,,,,intrinsic,,,13B,IN13B017,id:14113,,,gaba,gaba,,,ventral_nerve_cord,left,ventral_nerve_cord_intrinsic
2723,720575941544701957,,front_leg,chordotonal_organ_neuron,proprioception,direction,front_leg_hook_chordotonal_organ_neuron,SNpp41,,,,,afferent,,,,SNpp41,id:206048,right_prothoracic_leg_nerve,,gaba,acetylcholine,hook,chordotonal_organ,ventral_nerve_cord,right,sensory
2724,720575941544744965,,,sequential_leg_neuromeres,,,ventral_nerve_cord_ipsilateral_interconnecting,IN09A009,,,,,intrinsic,,,09A,IN09A009,id:11590,,,gaba,gaba,,,ventral_nerve_cord,right,ventral_nerve_cord_intrinsic
2725,720575941544751877,,front_leg,chordotonal_organ_neuron,proprioception,position,front_leg_claw_chordotonal_organ_neuron,SNpp50,,,,,afferent,,,,SNpp50,id:163745,left_prothoracic_leg_nerve,,gaba,acetylcholine,claw,chordotonal_organ,ventral_nerve_cord,left,sensory
2726,720575941544780037,,,single_leg_neuromere,,,ventral_nerve_cord_ipsilateral_restricted,IN03A019,,,,,intrinsic,,,03A,IN03A019,id:14091,,,acetylcholine,acetylcholine,,,ventral_nerve_cord,right,ventral_nerve_cord_intrinsic
2727,720575941544914793,,,,,,ventral_nerve_cord_ipsilateral_restricted,IN17A020,,,,,intrinsic,,,17A,,,,,acetylcholine,acetylcholine,,,ventral_nerve_cord,right,ventral_nerve_cord_intrinsic
2728,720575941544954556,,,single_leg_neuromere,,,ventral_nerve_cord_ipsilateral_restricted,IN16B036,,,,,intrinsic,,,16B,IN16B036,id:13905,,,glutamate,glutamate,,,ventral_nerve_cord,left,ventral_nerve_cord_intrinsic
2729,720575941544977596,,,single_leg_neuromere,,,ventral_nerve_cord_contralateral_restricted,IN14A024,,,,,intrinsic,,,14A,IN14A024,id:19289,,,glutamate,,,,ventral_nerve_cord,right,ventral_nerve_cord_intrinsic
2730,720575941545033916,,,descending_neuron,,,,DNge071,DNge071,id:720575940611765201,,,intrinsic,,,LB6,DNnt011,id:34390,,,gaba,,,,neck_connective,right,descending
2731,720575941545080252,,,single_leg_neuromere,,,ventral_nerve_cord_ipsilateral_restricted,IN17A044,,,,,intrinsic,,,17A,IN17A044,id:15251,,,gaba,acetylcholine,,,ventral_nerve_cord,left,ventral_nerve_cord_intrinsic
2732,720575941545086088,,,ascending_neuron,,,,AN08B106,,,,,intrinsic,,,08B,AN08B106,id:25262,,,acetylcholine,acetylcholine,,,neck_connective,left,ascending
2733,720575941545120361,,,descending_neuron,,,,DNg12_e,DNg12_e,id:720575940627814522,,,intrinsic,,,MX12,DNfl030,id:23953,,,acetylcholine,,MX12_L_22,,neck_connective,left,descending
2734,720575941545123589,,,ascending_neuron,,,,AN23B003,AN_GNG_81,id:720575940636004975,,,intrinsic,,,23B,AN23B003,id:153076,,,acetylcholine,acetylcholine,,,neck_connective,right,ascending
2735,720575941545143688,,,,,,ventral_nerve_cord_ipsilateral_restricted,IN03A066,,,,,intrinsic,,,03A,IN03A066,id:20328,,,acetylcholine,acetylcholine,,,ventral_nerve_cord,left,ventral_nerve_cord_intrinsic
2736,720575941545195656,,,,,,ventral_nerve_cord_bilateral_interconnecting,IN07B066,,,,,intrinsic,,,07B,IN07B066,id:21437,,,acetylcholine,acetylcholine,,,ventral_nerve_cord,left,ventral_nerve_cord_intrinsic
2737,720575941545205253,,front_leg,hair_plate_neuron,proprioception,joint_angle,front_leg_hair_plate_neuron,SNpp45,,,,,afferent,,,,SNpp45,id:172221,right_prothoracic_leg_nerve,,gaba,,,hair_plate,ventral_nerve_cord,right,sensory
2738,720575941545273861,,,descending_neuron,,,,DNpe054,DNpe054,id:720575940603580960,,,intrinsic,,,PSp2,DNut042,id:36468,,,acetylcholine,,,,neck_connective,left,descending
2739,720575941545312005,,,descending_neuron,,,,DNp22,DNp22,id:720575940631225996,,,intrinsic,,,putative_primary,DNp22,id:11012,,,acetylcholine,,,,neck_connective,right,descending
2740,720575941545340296,,,,,,ventral_nerve_cord_ipsilateral_restricted,IN04B081,,,,,intrinsic,,,04B,IN04B081,id:17584,,,acetylcholine,acetylcholine,,,ventral_nerve_cord,right,ventral_nerve_cord_intrinsic
2741,720575941545355625,,,single_leg_neuromere,,,ventral_nerve_cord_contralateral_restricted,IN12B074,,,,,intrinsic,,,12B,IN12B074,id:15899,,,gaba,gaba,,,ventral_nerve_cord,right,ventral_nerve_cord_intrinsic
2742,720575941545418501,,,descending_neuron,,,,DNg67,DNg67,id:720575940632877869,,,intrinsic,,,putative_primary,DNg67,id:37992,,,acetylcholine,,,,neck_connective,left,descending
2743,720575941545432425,,,descending_neuron,,,,DNb08,DNb08,id:720575940621068464,,,intrinsic,,,putative_primary,DNb08,id:14680,,,acetylcholine,,,,neck_connective,right,descending
2744,720575941545438057,,,,,,ventral_nerve_cord_ipsilateral_restricted,IN17A065,,,,,intrinsic,,,17A,IN17A065,id:17385,,,acetylcholine,acetylcholine,,,ventral_nerve_cord,right,ventral_nerve_cord_intrinsic
2745,720575941545449065,,front_leg,chordotonal_organ_neuron,proprioception,position,front_leg_claw_chordotonal_organ_neuron,SNpp50,,,,,afferent,,,,SNpp50,id:163745,left_prothoracic_leg_nerve,,gaba,acetylcholine,claw,chordotonal_organ,ventral_nerve_cord,left,sensory
2746,720575941545471593,,,ventral_nerve_cord_dorsal,,,ventral_nerve_cord_bilateral_interconnecting,IN11A021,,,,,intrinsic,,,11A,IN11A021,id:164377,,,acetylcholine,acetylcholine,,,ventral_nerve_cord,left,ventral_nerve_cord_intrinsic
2747,720575941545479868,front_leg,,leg_motor_neuron,leg_motor,flex_coxa_trochanter_joint,front_leg_motor_neuron,accessory_trochanter_flexor,,,,,efferent,,,TBD,Acc. tr flexor MN,id:23048,left_prothoracic_leg_nerve,,,,,accessory_trochanter_flexor_muscle,ventral_nerve_cord,left,motor
2748,720575941545487365,,,ascending_neuron,,,,ANXXX082,AN_AVLP_41,id:720575940621163802,,,intrinsic,,,TBD,ANXXX082,id:11886,,,acetylcholine,,,,neck_connective,left,ascending
2749,720575941545488901,,,,,,ventral_nerve_cord_ipsilateral_restricted,IN19A061,,,,,intrinsic,,,19A,IN19A061,id:17222,,,gaba,gaba,,,ventral_nerve_cord,right,ventral_nerve_cord_intrinsic
2750,720575941545503749,,front_leg,chordotonal_organ_neuron,proprioception,direction,front_leg_hook_chordotonal_organ_neuron,SNpp39,,,,,afferent,,,,SNpp39,id:196644,right_prothoracic_leg_nerve,,gaba,acetylcholine,hook,chordotonal_organ,ventral_nerve_cord,right,sensory
2751,720575941545555461,,,,proprioception,,ventral_nerve_cord_bilateral_restricted,IN19A098,,,,,intrinsic,,,19A,IN19A098,id:28449,,,gaba,gaba,,,ventral_nerve_cord,left,ventral_nerve_cord_intrinsic
2752,720575941545818629,,,descending_neuron,,,,DNp13,DNp13,id:720575940625295339,,,intrinsic,DNp13,id:887195902,PSp2,DNp13,id:10819,,,acetylcholine,,,,neck_connective,right,descending
2753,720575941545915836,,,ascending_neuron,,,,ANXXX255,AN_GNG_162,id:720575940631922489,,,intrinsic,,,TBD,ANXXX255,id:16107,,,acetylcholine,,,,neck_connective,left,ascending
2754,720575941545991429,,,descending_neuron,,,,DNp07,DNp07,id:720575940622550089,,,intrinsic,DNp07,id:1100404581,putative_primary,DNp07,id:11228,,,acetylcholine,acetylcholine,,,neck_connective,right,descending
2755,720575941546194364,,,descending_neuron,,,,DNge145,DNge145,id:720575940622728728,,,intrinsic,,,LB7,DNnt011,id:36579,,,acetylcholine,,,,neck_connective,right,descending
2756,720575941546203572,,,,,,ventral_nerve_cord_ipsilateral_restricted,IN20A.22A026,,,,,intrinsic,,,20A.22A,IN20A.22A026,id:20603,,,acetylcholine,acetylcholine,,,ventral_nerve_cord,left,ventral_nerve_cord_intrinsic
2757,720575941546266036,,,single_leg_neuromere,,,ventral_nerve_cord_ipsilateral_restricted,IN21A038,,,,,intrinsic,,,21A,IN21A038,id:20291,,,glutamate,,,,ventral_nerve_cord,left,ventral_nerve_cord_intrinsic
2758,720575941546388412,,,,,,ventral_nerve_cord_bilateral_interconnecting,IN23B022,,,,,intrinsic,,,23B,IN23B022,id:16518,,,acetylcholine,acetylcholine,,,ventral_nerve_cord,left,ventral_nerve_cord_intrinsic
2759,720575941546389940,,front_leg,bristle_neuron,tactile,,front_leg_bristle_neuron,SNta32,,,,,afferent,,,,,,left_prothoracic_leg_nerve,,acetylcholine,,,bristle,ventral_nerve_cord,left,sensory
2760,720575941546391740,,,,,,ventral_nerve_cord_bilateral_interconnecting,IN12B083,,,,,intrinsic,,,12B,IN12B083,id:27488,,,gaba,gaba,,,ventral_nerve_cord,left,ventral_nerve_cord_intrinsic
2761,720575941546513001,,,descending_neuron,,,,DNp70,DNp70,id:720575940624349993,,,intrinsic,,,SMPpv2_ventral,DNp70,id:17244,,,acetylcholine,,,,neck_connective,left,descending
2762,720575941546602345,,,descending_neuron,,,,DNpe031,DNpe031,id:720575940634750871,,,intrinsic,,,putative_primary,DNxn187,id:14301,,,glutamate,,,,neck_connective,left,descending
2763,720575941546634428,,,descending_neuron,,,,DNp23,DNp23,id:720575940610472146,,,intrinsic,,,SMPpv2_dorsal,DNp23,id:27125,,,acetylcholine,,,,neck_connective,left,descending
2764,720575941546667452,,,descending_neuron,,,,DNp60,DNp60,id:720575940626859283,,,intrinsic,CL139,id:800920725,SMPpv2_dorsal,DNg45,id:18189,,,acetylcholine,,,,neck_connective,right,descending
2765,720575941546749473,,,,,,ventral_nerve_cord_ipsilateral_restricted,IN20A.22A026,,,,,intrinsic,,,20A.22A,IN20A.22A026,id:20785,,,acetylcholine,acetylcholine,,,ventral_nerve_cord,left,ventral_nerve_cord_intrinsic
2766,720575941546756385,,,,,,ventral_nerve_cord_bilateral_restricted,IN16B056,,,,,intrinsic,,,16B,IN16B056,id:156783,,,glutamate,glutamate,,,ventral_nerve_cord,left,ventral_nerve_cord_intrinsic
2767,720575941546819617,,,,,,ventral_nerve_cord_ipsilateral_restricted,IN20A.22A089,,,,,intrinsic,,,20A.22A,IN20A.22A089,id:32451,,,acetylcholine,acetylcholine,,,ventral_nerve_cord,left,ventral_nerve_cord_intrinsic
2768,720575941546827553,,,,,,ventral_nerve_cord_contralateral_restricted,IN01A074,,,,,intrinsic,,,01A,IN01A074,id:22621,,,acetylcholine,acetylcholine,,,ventral_nerve_cord,left,ventral_nerve_cord_intrinsic
2769,720575941546829601,,,ascending_neuron,,,,AN07B052,,,,,intrinsic,,,07B,AN07B052,id:23543,,,acetylcholine,acetylcholine,,,neck_connective,left,ascending
2770,720575941546902633,,front_leg,hair_plate_neuron,proprioception,joint_angle,front_leg_hair_plate_neuron,SNpp45,,,,,afferent,,,,SNpp45,id:172221,right_prothoracic_leg_nerve,,gaba,,,hair_plate,ventral_nerve_cord,right,sensory
2771,720575941546962721,,front_leg,chordotonal_organ_neuron,proprioception,direction,front_leg_hook_chordotonal_organ_neuron,SNpp41,,,,id:1378,afferent,,,,SNpp41,id:46406,left_prothoracic_leg_nerve,,gaba,acetylcholine,hook,chordotonal_organ,ventral_nerve_cord,left,sensory
2772,720575941546970292,,,descending_neuron,,,,DNp16,DNp16,id:720575940613748689,,,intrinsic,,,PSp2,DNp16,id:26391,,,acetylcholine,,,,neck_connective,right,descending
2773,720575941547044980,,,ascending_neuron,,,,AN07B052,SA_DMT_DMetaN_8,id:720575940617492939,,,intrinsic,,,07B,AN07B052,id:17858,,,acetylcholine,acetylcholine,,,neck_connective,right,ascending
2774,720575941547048052,,,ascending_neuron,,,,AN07B071,AN_GNG_172,id:720575940629473067,,,intrinsic,,,07B,AN07B071,id:159203,,,acetylcholine,acetylcholine,,,neck_connective,right,ascending
2775,720575941547158196,,,,,,ventral_nerve_cord_ipsilateral_restricted,IN08A030,,,,,intrinsic,,,08A,IN08A030,id:27122,,,glutamate,glutamate,,,ventral_nerve_cord,left,ventral_nerve_cord_intrinsic
2776,720575941547162292,,,,,,ventral_nerve_cord_bilateral_interconnecting,INXXX104,,,,,intrinsic,,,TBD,INXXX104,id:12346,,,acetylcholine,,,,ventral_nerve_cord,right,ventral_nerve_cord_intrinsic
2777,720575941547175092,,,ascending_neuron,,,,AN19B051,AN_4_None,id:720575940621481450,,,intrinsic,,,19B,AN19B051,id:153808,,,acetylcholine,acetylcholine,,,neck_connective,right,ascending
2778,720575941547176884,,,,,,ventral_nerve_cord_bilateral_interconnecting,IN06B006,,,,,intrinsic,,,06B,IN06B006,id:10923,,,gaba,gaba,,,ventral_nerve_cord,left,ventral_nerve_cord_intrinsic
2779,720575941547187080,,,single_leg_neuromere,,,ventral_nerve_cord_ipsilateral_restricted,IN17A017,,,,,intrinsic,,,17A,IN17A017,id:11850,,,acetylcholine,acetylcholine,,,ventral_nerve_cord,right,ventral_nerve_cord_intrinsic
2780,720575941547187848,,,,,,ventral_nerve_cord_bilateral_restricted,IN04B019,,,,,intrinsic,,,04B,IN04B019,id:16179,,,acetylcholine,acetylcholine,,,ventral_nerve_cord,right,ventral_nerve_cord_intrinsic
2781,720575941547226248,,,,,,ventral_nerve_cord_bilateral_interconnecting,IN06A008,,,,,intrinsic,,,06A,IN06A008,id:12573,,,gaba,gaba,,,ventral_nerve_cord,left,ventral_nerve_cord_intrinsic
2782,720575941547239229,,,,,,ventral_nerve_cord_ipsilateral_restricted,IN20A.22A049,,,,,intrinsic,,,20A.22A,IN20A.22A049,id:25082,,,acetylcholine,acetylcholine,,,ventral_nerve_cord,left,ventral_nerve_cord_intrinsic
2783,720575941547285620,,,,,,ventral_nerve_cord_bilateral_restricted,IN01A078,,,,,intrinsic,,,01A,IN01A078,id:155809,,,acetylcholine,acetylcholine,,,ventral_nerve_cord,right,ventral_nerve_cord_intrinsic
2784,720575941547294013,,,,,,ventral_nerve_cord_bilateral_interconnecting,IN11A010,,,,,intrinsic,,,11A,IN11A010,id:16011,,,acetylcholine,acetylcholine,,,ventral_nerve_cord,right,ventral_nerve_cord_intrinsic
2785,720575941547317940,,,descending_neuron,,,,DNge032,DNge032,id:720575940631508598,,,intrinsic,,,MD3,DNxl108,id:12915,,,acetylcholine,,,,neck_connective,right,descending
2786,720575941547330877,,,single_leg_neuromere,,,ventral_nerve_cord_ipsilateral_restricted,IN21A018,,,,,intrinsic,,,21A,,,,,acetylcholine,,,,ventral_nerve_cord,right,ventral_nerve_cord_intrinsic
2787,720575941547331389,,,,,,ventral_nerve_cord_ipsilateral_restricted,IN01B069,,,,,intrinsic,,,01B,IN01B069,id:28904,,,gaba,gaba,,,ventral_nerve_cord,right,ventral_nerve_cord_intrinsic
2788,720575941547331444,,,single_leg_neuromere,,,ventral_nerve_cord_contralateral_restricted,IN13B018,,,,,intrinsic,,,13B,,,,,gaba,gaba,,,ventral_nerve_cord,left,ventral_nerve_cord_intrinsic
2789,720575941547337789,,,single_leg_neuromere,,,ventral_nerve_cord_ipsilateral_restricted,IN13A038,,,,,intrinsic,,,13A,,,,,gaba,gaba,,,ventral_nerve_cord,left,ventral_nerve_cord_intrinsic
2790,720575941547393825,front_leg,,leg_motor_neuron,leg_motor,flex_femur_tibia_joint,front_leg_motor_neuron,tibia_flexor,,,,,efferent,,,15B,Ti flexor MN,id:13283,right_prothoracic_leg_nerve,,acetylcholine,glutamate,,tibia_flexor_muscle,ventral_nerve_cord,right,motor
2791,720575941547411817,,,descending_neuron,,,,DNpe054,DNpe054,id:720575940632379071,,,intrinsic,,,,,,,,acetylcholine,,,,neck_connective,right,descending
2792,720575941547473268,,,descending_neuron,,,,DNg12_a,DNg12_a,id:720575940625872688,,,intrinsic,,,MX12,DNnt008,id:27396,,,acetylcholine,,MX12_L_6,,neck_connective,left,descending
2793,720575941547718461,,,descending_neuron,,,,DNg18_b,DNg18_b,id:720575940620632369,,,intrinsic,,,LB6,DNxn106,id:33663,,,gaba,,,,neck_connective,left,descending
2794,720575941547763060,,,descending_neuron,,,,DNge061,DNge061,id:720575940618863553,,,intrinsic,,,,DNfl037,id:19864,,,acetylcholine,,"synapseless descending,XD",,ventral_nerve_cord,left,descending
2795,720575941547841853,,,single_leg_neuromere,,,ventral_nerve_cord_bilateral_restricted,IN01A079,,,,,intrinsic,,,01A,IN01A079,id:29310,,,acetylcholine,acetylcholine,,,ventral_nerve_cord,left,ventral_nerve_cord_intrinsic
2796,720575941547892084,,,,,,ventral_nerve_cord_contralateral_restricted,IN13B068,,,,,intrinsic,,,13B,IN13B068,id:21175,,,gaba,gaba,,,ventral_nerve_cord,right,ventral_nerve_cord_intrinsic
2797,720575941547899764,,,single_leg_neuromere,,,ventral_nerve_cord_ipsilateral_restricted,IN16B041,,,,,intrinsic,,,16B,IN16B041,id:16894,,,glutamate,glutamate,,,ventral_nerve_cord,left,ventral_nerve_cord_intrinsic
2798,720575941547938952,,,,,,ventral_nerve_cord_ipsilateral_restricted,IN03A046,,,,,intrinsic,,,03A,IN03A046,id:158513,,,acetylcholine,acetylcholine,,,ventral_nerve_cord,right,ventral_nerve_cord_intrinsic
2799,720575941547953076,,,,,,ventral_nerve_cord_bilateral_interconnecting,IN02A029,,,,,intrinsic,,,02A,IN02A029,id:20571,,,glutamate,glutamate,,,ventral_nerve_cord,right,ventral_nerve_cord_intrinsic
2800,720575941548066184,,,descending_neuron,,,,DNge073,DNge073,id:720575940634560922,,,intrinsic,,,putative_primary,DNxl129,id:11019,,,acetylcholine,,,,neck_connective,left,descending
2801,720575941548069256,,,,,,ventral_nerve_cord_bilateral_interconnecting,IN12B044,,,,,intrinsic,,,12B,IN12B044,id:20147,,,gaba,gaba,,,ventral_nerve_cord,left,ventral_nerve_cord_intrinsic
2802,720575941548082568,,,single_leg_neuromere,,,ventral_nerve_cord_ipsilateral_restricted,IN16B042,,,,,intrinsic,,,16B,IN16B042,id:15452,,,glutamate,glutamate,,,ventral_nerve_cord,left,ventral_nerve_cord_intrinsic
2803,720575941548170120,,,descending_neuron,,,,DNde007,DNde007,id:720575940624459907,,,intrinsic,,,putative_primary,DNxl094,id:16053,,,glutamate,,,,neck_connective,midline,descending
2804,720575941548225928,,,ascending_neuron,,,,AN09B026,,,,,intrinsic,,,09B,AN09B026,id:13346,,,acetylcholine,,,,neck_connective,left,ascending
2805,720575941548238004,,,descending_neuron,,,,DNge036,DNge036,id:720575940632486969,,,intrinsic,,,putative_primary,DNfl042,id:19266,,,acetylcholine,,,,neck_connective,left,descending
2806,720575941548276404,,,ascending_neuron,,,,AN07B011,AN_GNG_143,id:720575940633791599,,,intrinsic,,,07B,AN07B011,id:11409,,,acetylcholine,acetylcholine,,,neck_connective,right,ascending
2807,720575941548378804,,,descending_neuron,,,,DNpe005,DNpe005,id:720575940613915823,,,intrinsic,,,putative_primary,DNxn101,id:16197,,,acetylcholine,,,,neck_connective,right,descending
2808,720575941548409377,,,descending_neuron,,,,DNpe018,DNpe018,id:720575940608877266,,,intrinsic,,,PSp2,DNxn128,id:45488,,,acetylcholine,,,,neck_connective,right,descending
2809,720575941548439841,,,sequential_leg_neuromeres,proprioception,,ventral_nerve_cord_contralateral_interconnecting,IN01A007,,,,,intrinsic,,,01A,IN01A007,id:10039,,,acetylcholine,acetylcholine,,,ventral_nerve_cord,right,ventral_nerve_cord_intrinsic
2810,720575941548447521,,,single_leg_neuromere,,,ventral_nerve_cord_ipsilateral_restricted,IN19A011,,,,,intrinsic,,,19A,IN19A011,id:101794,,,gaba,gaba,,,ventral_nerve_cord,left,ventral_nerve_cord_intrinsic
2811,720575941548470561,,front_leg,bristle_neuron,tactile,,front_leg_bristle_neuron,SNta34,,,,,afferent,,,,SNta34,id:51045,right_prothoracic_leg_nerve,,acetylcholine,,,bristle,ventral_nerve_cord,right,sensory
2812,720575941548509985,,front_leg,bristle_neuron,tactile,,front_leg_bristle_neuron,SNta38,,,,,afferent,,,,SNta38,id:175504,left_prothoracic_leg_nerve,,gaba,,,bristle,ventral_nerve_cord,left,sensory
2813,720575941548515105,,,,,,ventral_nerve_cord_ipsilateral_restricted,IN09A074,,,,,intrinsic,,,09A,IN09A074,id:100347,,,gaba,gaba,,,ventral_nerve_cord,left,ventral_nerve_cord_intrinsic
2814,720575941548546696,front_leg,,leg_motor_neuron,leg_motor,move_coxa_posterior_lateral,front_leg_motor_neuron,pleural_remotor_and_abductor,,,,,efferent,,,,,,left_prothoracic_accessory_nerve,,gaba,,Pleural remotor abductor MN,pleural_remotor_and_abductor_muscle,ventral_nerve_cord,left,motor
2815,720575941548593953,,,single_leg_neuromere,,,ventral_nerve_cord_ipsilateral_restricted,IN08A007,,,,,intrinsic,,,08A,IN08A007,id:12099,,,glutamate,glutamate,,,ventral_nerve_cord,right,ventral_nerve_cord_intrinsic
2816,720575941548728968,,,single_leg_neuromere,,,ventral_nerve_cord_ipsilateral_restricted,IN20A.22A005,,,,,intrinsic,,,20A.22A,,,,,acetylcholine,acetylcholine,,,ventral_nerve_cord,left,ventral_nerve_cord_intrinsic
2817,720575941548733064,,,single_leg_neuromere,,,ventral_nerve_cord_ipsilateral_restricted,IN21A018,,,,,intrinsic,,,21A,IN21A018,id:12135,,,acetylcholine,,,,ventral_nerve_cord,left,ventral_nerve_cord_intrinsic
2818,720575941548878728,,,descending_neuron,,,,DNp47,DNp47,id:720575940615251251,,,intrinsic,,,putative_primary,DNp47,id:13226,,,acetylcholine,,,,neck_connective,left,descending
2819,720575941548886900,,,single_leg_neuromere,,,ventral_nerve_cord_ipsilateral_restricted,IN01B056,,,,,intrinsic,,,01B,IN01B056,id:24482,,,gaba,gaba,,,ventral_nerve_cord,left,ventral_nerve_cord_intrinsic
2820,720575941548912445,,,,,,ventral_nerve_cord_bilateral_restricted,IN14B013,,,,,intrinsic,,,14B,IN14B013,id:13633,,,glutamate,,,,ventral_nerve_cord,left,ventral_nerve_cord_intrinsic
2821,720575941548923965,,,single_leg_neuromere,,,ventral_nerve_cord_ipsilateral_restricted,IN17A052,,,,,intrinsic,,,17A,IN17A052,id:14803,,,acetylcholine,acetylcholine,,,ventral_nerve_cord,left,ventral_nerve_cord_intrinsic
2822,720575941548965492,,,,,,ventral_nerve_cord_bilateral_interconnecting,IN21A046,,,,,intrinsic,,,21A,,,,,glutamate,,,,ventral_nerve_cord,left,ventral_nerve_cord_intrinsic
2823,720575941549002612,,,,,,ventral_nerve_cord_ipsilateral_restricted,IN20A.22A029,,,,,intrinsic,,,20A.22A,IN20A.22A029,id:13800,,,acetylcholine,acetylcholine,,,ventral_nerve_cord,left,ventral_nerve_cord_intrinsic
2824,720575941549009663,front_leg,,leg_motor_neuron,leg_motor,move_coxa_posterior,front_leg_motor_neuron,sternal_posterior_rotator,,,,,efferent,,,03A,,,left_prothoracic_accessory_nerve,,gaba,,,sternal_posterior_rotator_muscle,ventral_nerve_cord,left,motor
2825,720575941549014900,,front_leg,bristle_neuron,tactile,,front_leg_bristle_neuron,SNta44,,,,,afferent,,,,SNta44,id:46538,left_prothoracic_leg_nerve,,gaba,,,bristle,ventral_nerve_cord,left,sensory
2826,720575941549018228,,,single_leg_neuromere,,,ventral_nerve_cord_contralateral_restricted,IN13B093,,,,,intrinsic,,,13B,IN13B093,id:20036,,,gaba,gaba,,,ventral_nerve_cord,right,ventral_nerve_cord_intrinsic
2827,720575941549022497,,,descending_neuron,,,,DNpe054,DNpe054,id:720575940642411917,,,intrinsic,,,PSp2,DNut042,id:32431,,,acetylcholine,,,,neck_connective,left,descending
2828,720575941549124724,,front_leg,bristle_neuron,tactile,,front_leg_bristle_neuron,SNta32,,,,,afferent,,,,,,right_prothoracic_leg_nerve,,gaba,,,bristle,ventral_nerve_cord,right,sensory
2829,720575941549133823,,,ventral_nerve_cord_dorsal,,,ventral_nerve_cord_bilateral_interconnecting,IN00A041,,,,,intrinsic,,,00A,IN00A041,id:20361,,,gaba,gaba,,,ventral_nerve_cord,right,ventral_nerve_cord_intrinsic
2830,720575941549144968,,,descending_neuron,,,,DNp69,DNp69,id:720575940641173632,,,intrinsic,,,SMPpv2_ventral,DNp69,id:11743,,,acetylcholine,,,,neck_connective,left,descending
2831,720575941549156980,,,descending_neuron,,,,DNg02_b,DNg02_b,id:720575940617498507,,,intrinsic,,,LB12,DNg02,id:24845,,,acetylcholine,acetylcholine,,,neck_connective,right,descending
2832,720575941549165823,,,,proprioception,,ventral_nerve_cord_bilateral_interconnecting,nCHIN,,,,,intrinsic,,,08B,IN08B070,id:19505,,,acetylcholine,acetylcholine,,,ventral_nerve_cord,right,ventral_nerve_cord_intrinsic
2833,720575941549224703,,,,,,ventral_nerve_cord_ipsilateral_restricted,IN09A080,,,,,intrinsic,,,09A,,,,,gaba,gaba,,,ventral_nerve_cord,left,ventral_nerve_cord_intrinsic
2834,720575941549394292,,,single_leg_neuromere,,,ventral_nerve_cord_ipsilateral_restricted,IN21A003,,,,,intrinsic,,,21A,IN21A003,id:11134,,,glutamate,,,,ventral_nerve_cord,right,ventral_nerve_cord_intrinsic
2835,720575941549465121,,,single_leg_neuromere,,,ventral_nerve_cord_ipsilateral_restricted,IN16B097,,,,,intrinsic,,,16B,IN16B097,id:26712,,,glutamate,glutamate,,,ventral_nerve_cord,left,ventral_nerve_cord_intrinsic
2836,720575941549474877,,,,tactile,,ventral_nerve_cord_ipsilateral_restricted,IN08A041,,,,,intrinsic,,,08A,IN08A041,id:16183,,,glutamate,glutamate,,,ventral_nerve_cord,left,ventral_nerve_cord_intrinsic
2837,720575941549488161,,,,,,ventral_nerve_cord_bilateral_interconnecting,IN01A002,,,,,intrinsic,,,01A,IN01A002,id:10303,,,acetylcholine,acetylcholine,,,ventral_nerve_cord,right,ventral_nerve_cord_intrinsic
2838,720575941549490209,,,descending_neuron,,,,DNg02_a,DNg02_a,id:720575940632573887,,,intrinsic,,,LB12,,,,,acetylcholine,acetylcholine,,,neck_connective,right,descending
2839,720575941549506932,,,descending_neuron,,,,DNb03,DNb03,id:720575940611016910,,,intrinsic,DNb03,id:1963869286,putative_primary,DNb03,id:20042,,,acetylcholine,,,,neck_connective,right,descending
2840,720575941549570878,,,,,,ventral_nerve_cord_ipsilateral_restricted,IN03A039,,,,,intrinsic,,,03A,IN03A039,id:19690,,,acetylcholine,acetylcholine,,,ventral_nerve_cord,right,ventral_nerve_cord_intrinsic
2841,720575941549732158,,,,,,ventral_nerve_cord_bilateral_interconnecting,IN06B018,,,,,intrinsic,,,06B,IN06B018,id:11740,,,gaba,gaba,,,ventral_nerve_cord,right,ventral_nerve_cord_intrinsic
2842,720575941549780798,,,,,,ventral_nerve_cord_ipsilateral_restricted,IN20A.22A029,,,,,intrinsic,,,20A.22A,IN20A.22A029,id:21213,,,acetylcholine,acetylcholine,,,ventral_nerve_cord,right,ventral_nerve_cord_intrinsic
2843,720575941549781566,,,,,,ventral_nerve_cord_ipsilateral_restricted,IN13A060,,,,,intrinsic,,,13A,IN13A060,id:21101,,,gaba,gaba,,,ventral_nerve_cord,left,ventral_nerve_cord_intrinsic
2844,720575941549788961,,,descending_neuron,,,,DNpe054,DNpe054,id:720575940642411917,,,intrinsic,,,PSp2,DNht001,id:29904,,,acetylcholine,,,,neck_connective,left,descending
2845,720575941549819710,front_leg,,leg_motor_neuron,leg_motor,flex_femur_tibia_joint,front_leg_motor_neuron,accessory_tibia_flexor_B,,,,,efferent,,,,,,right_prothoracic_leg_nerve,,,,,accessory_tibia_flexor_muscle,ventral_nerve_cord,right,motor
2846,720575941549915709,,,ventral_nerve_cord_serially_convergent,,,ventral_nerve_cord_bilateral_interconnecting,IN18B016,,,,,intrinsic,,,18B,IN18B016,id:12001,,,acetylcholine,acetylcholine,,,ventral_nerve_cord,right,ventral_nerve_cord_intrinsic
2847,720575941549932093,,front_leg,chordotonal_organ_neuron,proprioception,position,front_leg_claw_chordotonal_organ_neuron,SNpp50,,,,,afferent,,,,SNpp50,id:96728,left_prothoracic_leg_nerve,,gaba,acetylcholine,claw,chordotonal_organ,ventral_nerve_cord,left,sensory
2848,720575941549951549,,,single_leg_neuromere,,,ventral_nerve_cord_ipsilateral_restricted,IN13A010,,,,,intrinsic,,,13A,IN13A010,id:18137,,,gaba,,,,ventral_nerve_cord,right,ventral_nerve_cord_intrinsic
2849,720575941549962868,,,single_leg_neuromere,,,ventral_nerve_cord_ipsilateral_restricted,IN17A025,,,,,intrinsic,,,17A,IN17A025,id:13176,,,acetylcholine,acetylcholine,,,ventral_nerve_cord,right,ventral_nerve_cord_intrinsic
2850,720575941549976637,,,single_leg_neuromere,,,ventral_nerve_cord_contralateral_restricted,IN01A039,,,,,intrinsic,,,01A,IN01A039,id:15303,,,acetylcholine,acetylcholine,,,ventral_nerve_cord,left,ventral_nerve_cord_intrinsic
2851,720575941549987444,,,single_leg_neuromere,,,ventral_nerve_cord_ipsilateral_restricted,IN09A010,,,,,intrinsic,,,09A,IN09A010,id:10679,,,gaba,gaba,,,ventral_nerve_cord,left,ventral_nerve_cord_intrinsic
2852,720575941549991796,,,,,,ventral_nerve_cord_bilateral_interconnecting,IN19B030,,,,,intrinsic,,,19B,IN19B030,id:12008,,,acetylcholine,acetylcholine,,,ventral_nerve_cord,right,ventral_nerve_cord_intrinsic
2853,720575941550009889,,"coxa,front_leg",hair_plate_neuron,proprioception,joint_angle,front_leg_hair_plate_neuron,SNppxx,,,,,afferent,,,,SNppxx,id:33176,left_prothoracic_accessory_nerve,,gaba,,CoHP4,"CoHP4,hair_plate",ventral_nerve_cord,left,sensory
2854,720575941550148724,,,descending_neuron,,,,DNg31,DNg31,id:720575940632722771,,,intrinsic,,,MD3,DNg31,id:11263,,,gaba,,,,neck_connective,left,descending
2855,720575941550165054,,,descending_neuron,,,,DNg10,DNg10,id:720575940627303699,,,intrinsic,,,LB6,DNg10,id:42609,,,gaba,,,,neck_connective,right,descending
2856,720575941550196797,,,descending_neuron,,,,DNbe007,DNbe007,id:720575940629502251,,,intrinsic,,,putative_primary,DNxl082,id:21380,,,acetylcholine,,,,neck_connective,right,descending
2857,720575941550401086,,,descending_neuron,,,,DNge001,DNge001,id:720575940637530084,,,intrinsic,,,MX12,DNfl029,id:26426,,,acetylcholine,,MX12_R_19,,neck_connective,right,descending
2858,720575941550561341,,,descending_neuron,,,,DNpe052,DNpe052,id:720575940635210603,,,intrinsic,,,SMPpv2_ventral,DNxl076,id:21250,,,acetylcholine,,,,neck_connective,right,descending
2859,720575941550649599,,,ascending_neuron,,,,AN06B037,AN_IPS_GNG_5,id:720575940623854276,,,intrinsic,,,06B,AN06B037,id:13812,,,gaba,gaba,,,neck_connective,right,ascending
2860,720575941550652415,,front_leg,campaniform_sensillum_neuron,proprioception,mechanical_strain,front_leg_campaniform_sensillum_neuron,SNpp45,,,,,afferent,,,,,,left_prothoracic_leg_nerve,,gaba,,,campaniform_sensillum,ventral_nerve_cord,left,sensory
2861,720575941550687037,,,ascending_neuron,,,,AN06B007_b,AN_multi_41,id:720575940617208065,,,intrinsic,,,06B,AN06B007,id:11388,,,gaba,gaba,,,neck_connective,left,ascending
2862,720575941550687805,,,descending_neuron,,,,DNge050,DNge050,id:720575940647586948,,,intrinsic,,,putative_primary,DNxl049,id:10279,,,acetylcholine,,,,neck_connective,right,descending
2863,720575941550693236,,,single_leg_neuromere,,,ventral_nerve_cord_contralateral_restricted,IN12B039,,,,,intrinsic,,,12B,IN12B039,id:16342,,,gaba,gaba,,,ventral_nerve_cord,right,ventral_nerve_cord_intrinsic
2864,720575941550700605,,,ascending_neuron,,,,,,,,,intrinsic,,,,,,,,acetylcholine,,,,neck_connective,left,ascending
2865,720575941550783604,,,,,,ventral_nerve_cord_ipsilateral_restricted,IN01B019,,,,,intrinsic,,,01B,IN01B019,id:22108,,,gaba,gaba,,,ventral_nerve_cord,left,ventral_nerve_cord_intrinsic
2866,720575941550794751,,,descending_neuron,,,,DNg36_a,DNg36_a,id:720575940622929193,,,intrinsic,,,LB7,DNg36,id:28307,,,acetylcholine,,,,neck_connective,right,descending
2867,720575941550883133,,,single_leg_neuromere,,,ventral_nerve_cord_contralateral_restricted,IN13B011,,,,,intrinsic,,,13B,IN13B011,id:12189,,,gaba,gaba,,,ventral_nerve_cord,right,ventral_nerve_cord_intrinsic
2868,720575941550896383,,,single_leg_neuromere,,,ventral_nerve_cord_ipsilateral_restricted,IN20A.22A028,,,,,intrinsic,,,20A.22A,IN20A.22A028,id:163237,,,acetylcholine,acetylcholine,,,ventral_nerve_cord,left,ventral_nerve_cord_intrinsic
2869,720575941550909951,,,ascending_neuron,,,,ANXXX072,AN_GNG_13,id:720575940634472590,,,intrinsic,,,TBD,ANXXX072,id:12168,,,acetylcholine,,,,neck_connective,right,ascending
2870,720575941550911487,,,single_leg_neuromere,,,ventral_nerve_cord_contralateral_restricted,IN12B043,,,,,intrinsic,,,12B,IN12B043,id:23210,,,gaba,gaba,,,ventral_nerve_cord,left,ventral_nerve_cord_intrinsic
2871,720575941550923775,,,,,,ventral_nerve_cord_ipsilateral_restricted,IN17A065,,,,,intrinsic,,,17A,IN17A065,id:17020,,,acetylcholine,acetylcholine,,,ventral_nerve_cord,left,ventral_nerve_cord_intrinsic
2872,720575941550932991,,,,,,ventral_nerve_cord_ipsilateral_restricted,IN13A043,,,,,intrinsic,,,13A,IN13A043,id:30176,,,gaba,gaba,,,ventral_nerve_cord,right,ventral_nerve_cord_intrinsic
2873,720575941550933821,,,descending_neuron,,,,DNge018,DNge018,id:720575940631283267,,,intrinsic,,,LB7__prim,DNg89,id:21284,,,acetylcholine,,,,neck_connective,right,descending
2874,720575941550950279,,,single_leg_neuromere,,,ventral_nerve_cord_contralateral_restricted,IN12B025,,,,,intrinsic,,,12B,IN12B025,id:17104,,,gaba,gaba,,,ventral_nerve_cord,right,ventral_nerve_cord_intrinsic
2875,720575941550999357,,,descending_neuron,,,,DNbe001,DNbe001,id:720575940632868051,,,intrinsic,,,putative_primary,DNut040,id:10284,,,acetylcholine,,,,neck_connective,left,descending
2876,720575941551004415,,front_leg,chordotonal_organ_neuron,proprioception,direction,front_leg_hook_chordotonal_organ_neuron,SNpp39,,,,,afferent,,,,SNpp39,id:87726,left_prothoracic_leg_nerve,,gaba,acetylcholine,hook,chordotonal_organ,ventral_nerve_cord,left,sensory
2877,720575941551010695,front_leg,,leg_motor_neuron,leg_motor,flex_femur_tibia_joint,front_leg_motor_neuron,tibia_flexor,,,,,efferent,,,,,,right_prothoracic_leg_nerve,,gaba,,,tibia_flexor_muscle,ventral_nerve_cord,right,motor
2878,720575941551029759,,,single_leg_neuromere,tactile,,ventral_nerve_cord_ipsilateral_restricted,IN01B020,,,,,intrinsic,,,01B,IN01B020,id:16890,,,gaba,gaba,,,ventral_nerve_cord,right,ventral_nerve_cord_intrinsic
2879,720575941551057919,,,,,,ventral_nerve_cord_bilateral_interconnecting,IN07B065,,,,,intrinsic,,,07B,IN07B065,id:23378,,,acetylcholine,acetylcholine,,,ventral_nerve_cord,right,ventral_nerve_cord_intrinsic
2880,720575941551093639,,,descending_neuron,,,,DNg12_c,DNg12_c,id:720575940612019825,,,intrinsic,,,MX12,DNnt008,id:27396,,,acetylcholine,,MX12_L_11,,neck_connective,left,descending
2881,720575941551193115,,,descending_neuron,,,,DNg10,DNg10,id:720575940627303699,,,intrinsic,,,LB6,DNg10,id:43778,,,gaba,,,,neck_connective,right,descending
2882,720575941551302171,,,single_leg_neuromere,,,ventral_nerve_cord_ipsilateral_restricted,IN20A.22A006,,,,,intrinsic,,,20A.22A,IN20A.22A006,id:164010,,,acetylcholine,acetylcholine,,,ventral_nerve_cord,left,ventral_nerve_cord_intrinsic
2883,720575941551356570,front_leg,,leg_motor_neuron,leg_motor,flex_coxa_trochanter_joint,front_leg_motor_neuron,trochanter_flexor_VProN,,,,,efferent,,,24B.25B,Tr flexor MN,id:23299,left_ventral_prothoracic_nerve,,gaba,glutamate,,trochanter_flexor_muscle,ventral_nerve_cord,left,motor
2884,720575941551357467,,,single_leg_neuromere,,,ventral_nerve_cord_bilateral_restricted,IN12B072,,,,,intrinsic,,,12B,IN12B072,id:26627,,,gaba,gaba,,,ventral_nerve_cord,left,ventral_nerve_cord_intrinsic
2885,720575941551414170,,,descending_neuron,,,,DNg07,DNg07,id:720575940614181585,,,intrinsic,,,LB7,,,,,acetylcholine,,,,neck_connective,right,descending
2886,720575941551420187,,,,,,ventral_nerve_cord_ipsilateral_restricted,IN03A065,,,,,intrinsic,,,03A,IN03A065,id:18774,,,acetylcholine,acetylcholine,,,ventral_nerve_cord,right,ventral_nerve_cord_intrinsic
2887,720575941551528475,,front_leg,campaniform_sensillum_neuron,proprioception,mechanical_strain,front_leg_bilateral_campaniform_sensillum_neuron,,,,,,afferent,,,,,,left_prothoracic_leg_nerve,,acetylcholine,,"bCS,bilaterally projecting campaniform sensillum neuron",campaniform_sensillum,ventral_nerve_cord,left,sensory
2888,720575941551610778,,,,,,ventral_nerve_cord_ipsilateral_restricted,IN13A047,,,,,intrinsic,,,13A,IN13A047,id:18744,,,gaba,gaba,,,ventral_nerve_cord,left,ventral_nerve_cord_intrinsic
2889,720575941551774526,,,descending_neuron,,,,DNpe023,DNpe023,id:720575940616604817,,,intrinsic,,,putative_primary,DNit013,id:37139,,,acetylcholine,,,,neck_connective,left,descending
2890,720575941551946239,,,single_leg_neuromere,,,ventral_nerve_cord_contralateral_restricted,IN14A037,,,,,intrinsic,,,14A,IN14A037,id:29014,,,glutamate,,,,ventral_nerve_cord,left,ventral_nerve_cord_intrinsic
2891,720575941551947263,,,ventral_nerve_cord_serially_convergent,,,ventral_nerve_cord_bilateral_interconnecting,IN23B001,,,,,intrinsic,,,23B,IN23B001,id:10202,,,acetylcholine,acetylcholine,,,ventral_nerve_cord,right,ventral_nerve_cord_intrinsic
2892,720575941551948543,,,descending_neuron,,,,DNp63,DNp63,id:720575940636610671,,,intrinsic,,,SMPpm1,DNp63,id:16075,,,acetylcholine,,,,neck_connective,left,descending
2893,720575941551955199,,,ascending_neuron,,,,AN09B014,AN_GNG_40,id:720575940605154988,,,intrinsic,,,09B,AN09B014,id:12427,,,acetylcholine,,,,neck_connective,right,ascending
2894,720575941551991295,,,descending_neuron,,,,DNg16,DNg16,id:720575940645047831,,,intrinsic,,,putative_primary,DNg16,id:10138,,,acetylcholine,,,,neck_connective,left,descending
2895,720575941551995391,,,single_leg_neuromere,,,ventral_nerve_cord_ipsilateral_restricted,IN21A006,,,,,intrinsic,,,21A,IN21A006,id:163638,,,glutamate,,,,ventral_nerve_cord,right,ventral_nerve_cord_intrinsic
2896,720575941552002815,,,descending_neuron,,,,DNg57,DNg57,id:720575940632634532,,,intrinsic,,,LB23,DNg84,id:27011,,,acetylcholine,,,,neck_connective,right,descending
2897,720575941552008959,,,,,,ventral_nerve_cord_ipsilateral_restricted,IN16B114,,,,,intrinsic,,,16B,IN16B114,id:100554,,,glutamate,glutamate,,,ventral_nerve_cord,left,ventral_nerve_cord_intrinsic
2898,720575941552009727,,,descending_neuron,,,,DNg49,DNg49,id:720575940632307025,,,intrinsic,,,putative_primary,DNg49,id:14937,,,gaba,,,,neck_connective,left,descending
2899,720575941552010495,,,single_leg_neuromere,,,ventral_nerve_cord_ipsilateral_restricted,IN19A021,,,,,intrinsic,,,19A,IN19A021,id:11833,,,gaba,gaba,,,ventral_nerve_cord,right,ventral_nerve_cord_intrinsic
2900,720575941552013055,,,ascending_neuron,,,,AN09B009,AN_GNG_160,id:720575940622264444,,,intrinsic,,,09B,AN09B009,id:152278,,,acetylcholine,,,,neck_connective,right,ascending
2901,720575941552017663,,,descending_neuron,,,,DNge064,DNge064,id:720575940636333710,,,intrinsic,,,putative_primary,DNxl100,id:14330,,,glutamate,,,,neck_connective,left,descending
2902,720575941552024575,,,ascending_neuron,,,,AN07B005,,,,,intrinsic,,,07B,AN07B005,id:10540,,,acetylcholine,acetylcholine,,,neck_connective,right,ascending
2903,720575941552142727,,,descending_neuron,,,,DNa03,DNa03,id:720575940620918789,,,intrinsic,,,WEDd1,DNa03,id:25683,,,acetylcholine,,,,neck_connective,left,descending
2904,720575941552163583,,,descending_neuron,,,,DNpe022,DNpe022,id:720575940615798470,,,intrinsic,,,PSp3,DNxl105,id:13108,,,acetylcholine,,,,neck_connective,left,descending
2905,720575941552372634,,,single_leg_neuromere,,,ventral_nerve_cord_bilateral_restricted,IN14A047,,,,,intrinsic,,,14A,,,,,glutamate,,,,ventral_nerve_cord,left,ventral_nerve_cord_intrinsic
2906,720575941552442369,,,,,,ventral_nerve_cord_ipsilateral_restricted,IN09A071,,,,,intrinsic,,,09A,IN09A071,id:24416,,,gaba,gaba,,,ventral_nerve_cord,right,ventral_nerve_cord_intrinsic
2907,720575941552463361,,,single_leg_neuromere,,,ventral_nerve_cord_bilateral_restricted,IN12B030,,,,,intrinsic,,,12B,IN12B030,id:154301,,,gaba,gaba,,,ventral_nerve_cord,left,ventral_nerve_cord_intrinsic
2908,720575941552474881,,,,,,ventral_nerve_cord_ipsilateral_restricted,IN21A070,,,,,intrinsic,,,21A,IN21A070,id:100142,,,glutamate,,,,ventral_nerve_cord,right,ventral_nerve_cord_intrinsic
2909,720575941552519937,,,,,,ventral_nerve_cord_contralateral_restricted,IN13B075,,,,,intrinsic,,,13B,,,,,gaba,gaba,,,ventral_nerve_cord,right,ventral_nerve_cord_intrinsic
2910,720575941552529665,,,single_leg_neuromere,,,ventral_nerve_cord_ipsilateral_restricted,IN04B104,,,,,intrinsic,,,04B,IN04B104,id:21808,,,acetylcholine,acetylcholine,,,ventral_nerve_cord,left,ventral_nerve_cord_intrinsic
2911,720575941552566663,,,,,,ventral_nerve_cord_bilateral_restricted,IN04B050,,,,,intrinsic,,,04B,IN04B050,id:19446,,,acetylcholine,acetylcholine,,,ventral_nerve_cord,right,ventral_nerve_cord_intrinsic
2912,720575941552570247,,,,,,ventral_nerve_cord_ipsilateral_restricted,IN20A.22A026,,,,,intrinsic,,,20A.22A,IN20A.22A026,id:18029,,,acetylcholine,acetylcholine,,,ventral_nerve_cord,right,ventral_nerve_cord_intrinsic
2913,720575941552582791,,,,,,ventral_nerve_cord_ipsilateral_restricted,IN13A060,,,,,intrinsic,,,13A,IN13A060,id:20792,,,gaba,gaba,,,ventral_nerve_cord,left,ventral_nerve_cord_intrinsic
2914,720575941552584510,,,descending_neuron,,,,DNge094,DNge094,id:720575940606856405,,,intrinsic,,,LB7,DNxn144,id:44145,,,acetylcholine,,,,neck_connective,left,descending
2915,720575941552585534,,,single_leg_neuromere,,,ventral_nerve_cord_ipsilateral_restricted,INXXX468,,,,,intrinsic,,,TBD,INXXX468,id:14650,,,acetylcholine,,LUL130,,ventral_nerve_cord,right,ventral_nerve_cord_intrinsic
2916,720575941552590910,,,ascending_neuron,,,,AN01B005,AN_multi_123,id:720575940610264490,,,intrinsic,,,01B,AN01B005,id:13783,,,gaba,gaba,,,neck_connective,left,ascending
2917,720575941552601662,,,single_leg_neuromere,,,ventral_nerve_cord_ipsilateral_restricted,IN04B078,,,,,intrinsic,,,04B,IN04B078,id:16938,,,acetylcholine,acetylcholine,,,ventral_nerve_cord,right,ventral_nerve_cord_intrinsic
2918,720575941552603966,,,descending_neuron,,,,DNp19,DNp19,id:720575940643487342,,,intrinsic,DNp19,id:1344249576,putative_primary,DNp19,id:11684,,,acetylcholine,,,,neck_connective,right,descending
2919,720575941552621118,,,single_leg_neuromere,,,ventral_nerve_cord_bilateral_restricted,IN06B029,,,,,intrinsic,,,06B,IN06B029,id:12354,,,gaba,gaba,,,ventral_nerve_cord,right,ventral_nerve_cord_intrinsic
2920,720575941552629822,,,single_leg_neuromere,,,ventral_nerve_cord_bilateral_restricted,IN01A038,,,,,intrinsic,,,01A,IN01A038,id:18132,,,acetylcholine,acetylcholine,,,ventral_nerve_cord,right,ventral_nerve_cord_intrinsic
2921,720575941552630078,,,,,,ventral_nerve_cord_bilateral_interconnecting,IN01A069,,,,,intrinsic,,,01A,IN01A069,id:21931,,,acetylcholine,acetylcholine,,,ventral_nerve_cord,left,ventral_nerve_cord_intrinsic
2922,720575941552635710,,,single_leg_neuromere,,,ventral_nerve_cord_contralateral_restricted,IN13B030,,,,,intrinsic,,,13B,IN13B030,id:19153,,,gaba,gaba,,,ventral_nerve_cord,left,ventral_nerve_cord_intrinsic
2923,720575941552646206,,,,,,ventral_nerve_cord_bilateral_interconnecting,IN07B074,,,,,intrinsic,,,07B,IN07B074,id:86815,,,acetylcholine,acetylcholine,,,ventral_nerve_cord,left,ventral_nerve_cord_intrinsic
2924,720575941552711251,,,single_leg_neuromere,,,ventral_nerve_cord_contralateral_restricted,IN13B078,,,,,intrinsic,,,13B,IN13B078,id:22148,,,gaba,gaba,,,ventral_nerve_cord,left,ventral_nerve_cord_intrinsic
2925,720575941552726407,,,descending_neuron,,,,DNg99,DNg99,id:720575940619332944,,,intrinsic,,,MD3,DNg99,id:11443,,,gaba,,,,neck_connective,right,descending
2926,720575941552768062,,,descending_neuron,,,,DNge135,DNge135,id:720575940622263066,,,intrinsic,,,MD3,DNxn172,id:21431,,,gaba,,,,neck_connective,right,descending
2927,720575941552863489,,,descending_neuron,,,,DNg92_b,DNg92_b,id:720575940642198747,,,intrinsic,,,LB12,DNg92,id:34006,,,acetylcholine,,,,neck_connective,left,descending
2928,720575941552907838,,,descending_neuron,,,,DNp45,DNp45,id:720575940617280657,,,intrinsic,PVLP117,id:1196526636,putative_primary,DNp45,id:17575,,,acetylcholine,,,,neck_connective,right,descending
2929,720575941552940059,,,,,,ventral_nerve_cord_bilateral_interconnecting,IN01A078,,,,,intrinsic,,,01A,IN01A078,id:155169,,,acetylcholine,acetylcholine,,,ventral_nerve_cord,left,ventral_nerve_cord_intrinsic
2930,720575941553008897,,,,,,ventral_nerve_cord_ipsilateral_restricted,IN20A.22A017,,,,,intrinsic,,,20A.22A,IN20A.22A017,id:21399,,,acetylcholine,acetylcholine,,,ventral_nerve_cord,left,ventral_nerve_cord_intrinsic
2931,720575941553021953,,,,,,ventral_nerve_cord_bilateral_restricted,IN01A083,,,,,intrinsic,,,01A,IN01A083,id:27809,,,acetylcholine,acetylcholine,,,ventral_nerve_cord,left,ventral_nerve_cord_intrinsic
2932,720575941553046043,,,,,,ventral_nerve_cord_ipsilateral_restricted,IN20A.22A071,,,,,intrinsic,,,20A.22A,IN20A.22A071,id:23581,,,acetylcholine,acetylcholine,,,ventral_nerve_cord,left,ventral_nerve_cord_intrinsic
2933,720575941553058587,,,,,,ventral_nerve_cord_ipsilateral_restricted,IN21A082,,,,,intrinsic,,,21A,IN21A082,id:28397,,,glutamate,,,,ventral_nerve_cord,left,ventral_nerve_cord_intrinsic
2934,720575941553311386,,,,,,ventral_nerve_cord_ipsilateral_restricted,IN13A050,,,,,intrinsic,,,13A,IN13A050,id:153564,,,gaba,gaba,,,ventral_nerve_cord,right,ventral_nerve_cord_intrinsic
2935,720575941553332890,,,,,,ventral_nerve_cord_ipsilateral_restricted,IN08A046,,,,,intrinsic,,,08A,IN08A046,id:153221,,,glutamate,glutamate,,,ventral_nerve_cord,right,ventral_nerve_cord_intrinsic
2936,720575941553389722,,,,,,ventral_nerve_cord_ipsilateral_restricted,IN20A.22A036,,,,,intrinsic,,,20A.22A,IN20A.22A036,id:22276,,,acetylcholine,acetylcholine,,,ventral_nerve_cord,right,ventral_nerve_cord_intrinsic
2937,720575941553395098,,,ascending_neuron,,,,AN18B032,,,,,intrinsic,,,18B,AN18B032,id:22152,,,acetylcholine,acetylcholine,,,neck_connective,left,ascending
2938,720575941553550471,,,descending_neuron,,,,DNge111,DNge111,id:720575940611976618,,,intrinsic,,,LB7,,,,,acetylcholine,,,,neck_connective,left,descending
2939,720575941553551239,,,ventral_nerve_cord_dorsal,,,ventral_nerve_cord_ipsilateral_interconnecting,IN12A002,,,,,intrinsic,,,12A,IN12A002,id:10439,,,acetylcholine,acetylcholine,,,ventral_nerve_cord,left,ventral_nerve_cord_intrinsic
2940,720575941553551495,,,descending_neuron,,,,DNg07,DNg07,id:720575940626745987,,,intrinsic,,,LB7,DNg07,id:23573,,,acetylcholine,,,,neck_connective,left,descending
2941,720575941553563271,,,,,,ventral_nerve_cord_bilateral_interconnecting,IN01A081,,,,,intrinsic,,,01A,IN01A081,id:25348,,,acetylcholine,acetylcholine,,,ventral_nerve_cord,left,ventral_nerve_cord_intrinsic
2942,720575941553566599,,,single_leg_neuromere,tactile,,ventral_nerve_cord_contralateral_restricted,IN01A036,,,,,intrinsic,,,01A,IN01A036,id:13994,,,acetylcholine,acetylcholine,,,ventral_nerve_cord,right,ventral_nerve_cord_intrinsic
2943,720575941553570305,,,,,,ventral_nerve_cord_contralateral_restricted,IN13B028,,,,,intrinsic,,,13B,IN13B028,id:17580,,,gaba,gaba,,,ventral_nerve_cord,right,ventral_nerve_cord_intrinsic
2944,720575941553576164,,,,,,ventral_nerve_cord_ipsilateral_restricted,IN03A022,,,,,intrinsic,,,03A,IN03A022,id:14165,,,acetylcholine,acetylcholine,,,ventral_nerve_cord,right,ventral_nerve_cord_intrinsic
2945,720575941553577956,,,,,,ventral_nerve_cord_bilateral_interconnecting,IN23B034,,,,,intrinsic,,,23B,IN23B034,id:17564,,,acetylcholine,acetylcholine,,,ventral_nerve_cord,right,ventral_nerve_cord_intrinsic
2946,720575941553597502,front_leg,,leg_motor_neuron,leg_motor,unknown_leg_movement,front_leg_motor_neuron,femur_reductor_tiny,,,,,efferent,,,TBD,Fe reductor MN,id:29484,right_ventral_prothoracic_nerve,,,,,femur_reductor_muscle,ventral_nerve_cord,right,motor
2947,720575941553637786,,front_leg,chordotonal_organ_neuron,proprioception,vibro_tactile,front_leg_club_chordotonal_organ_neuron,SNpp44,,,,,afferent,,,,SNpp44,id:142858,right_prothoracic_leg_nerve,,gaba,,,chordotonal_organ,ventral_nerve_cord,right,sensory
2948,720575941553670791,,,descending_neuron,,,,DNa13,DNa13,id:720575940625502666,,,intrinsic,,,WEDd1,DNa13,id:11164,,,acetylcholine,,DNa13_b,,neck_connective,right,descending
2949,720575941553773959,,,ascending_neuron,,,,ANXXX132,AN_GNG_IPS_7,id:720575940629449027,,,intrinsic,,,TBD,ANXXX132,id:13903,,,acetylcholine,,,,neck_connective,right,ascending
2950,720575941553985875,,,descending_neuron,,,,DNg02_h,DNg02_h,id:720575940626377349,,,intrinsic,,,LB12,DNg02,id:24845,,,acetylcholine,acetylcholine,,,neck_connective,left,descending
2951,720575941553996627,,,,,,ventral_nerve_cord_ipsilateral_restricted,IN04B098,,,,,intrinsic,,,04B,IN04B098,id:22868,,,acetylcholine,acetylcholine,,,ventral_nerve_cord,left,ventral_nerve_cord_intrinsic
2952,720575941554038555,,,single_leg_neuromere,,,ventral_nerve_cord_ipsilateral_restricted,IN17A001,,,,,intrinsic,,,17A,IN17A001,id:10690,,,acetylcholine,acetylcholine,,,ventral_nerve_cord,right,ventral_nerve_cord_intrinsic
2953,720575941554040603,,,,proprioception,,ventral_nerve_cord_contralateral_restricted,IN14A026,,,,,intrinsic,,,14A,IN14A026,id:22064,,,glutamate,,,,ventral_nerve_cord,left,ventral_nerve_cord_intrinsic
2954,720575941554049051,,,,,,ventral_nerve_cord_bilateral_restricted,IN04B050,,,,,intrinsic,,,04B,IN04B050,id:18571,,,acetylcholine,acetylcholine,,,ventral_nerve_cord,left,ventral_nerve_cord_intrinsic
2955,720575941554109668,,,descending_neuron,,,,DNg51,DNg51,id:720575940629521655,,,intrinsic,,,LB7,DNg51,id:25796,,,acetylcholine,,,,neck_connective,left,descending
2956,720575941554172807,,,descending_neuron,,,,DNp44,DNp44,id:720575940605725873,,,intrinsic,DNp44,id:542751938,primary,DNp44,id:17713,,,acetylcholine,,,,neck_connective,right,descending
2957,720575941554177927,,,,,,ventral_nerve_cord_bilateral_restricted,IN04B073,,,,,intrinsic,,,04B,IN04B073,id:17534,,,acetylcholine,acetylcholine,,,ventral_nerve_cord,left,ventral_nerve_cord_intrinsic
2958,720575941554198555,,,ascending_neuron,,,,AN01A049,AN_GNG_SAD_7,id:720575940617251841,,,intrinsic,,,01A,AN01A049,id:17075,,,acetylcholine,acetylcholine,,,neck_connective,right,ascending
2959,720575941554220571,,,ascending_neuron,,,,AN07B057,AN_4_None,id:720575940618518766,,,intrinsic,,,07B,AN07B057,id:19364,,,acetylcholine,acetylcholine,,,neck_connective,left,ascending
2960,720575941554228481,,,descending_neuron,,,,DNg12_e,DNg12_e,id:720575940627814522,,,intrinsic,,,MX12,DNnt013,id:32699,,,acetylcholine,,MX12_L_10,,neck_connective,left,descending
2961,720575941554354259,,,descending_neuron,,,,DNg12_e,DNg12_e,id:720575940627814522,,,intrinsic,,,MX12,DNfl028,id:26307,,,acetylcholine,,MX12_L_24,,neck_connective,left,descending
2962,720575941554358355,,front_leg,campaniform_sensillum_neuron,proprioception,mechanical_strain,front_leg_bilateral_campaniform_sensillum_neuron,,,,,,afferent,,,,,,left_prothoracic_leg_nerve,,acetylcholine,,bCS,campaniform_sensillum,ventral_nerve_cord,left,sensory
2963,720575941554427987,,,,,,ventral_nerve_cord_ipsilateral_restricted,IN20A.22A018,,,,,intrinsic,,,20A.22A,IN20A.22A018,id:23224,,,acetylcholine,acetylcholine,,,ventral_nerve_cord,right,ventral_nerve_cord_intrinsic
2964,720575941554435411,,,,,,ventral_nerve_cord_ipsilateral_restricted,IN20A.22A042,,,,,intrinsic,,,20A.22A,IN20A.22A042,id:154468,,,acetylcholine,acetylcholine,,,ventral_nerve_cord,left,ventral_nerve_cord_intrinsic
2965,720575941554435667,,,,,,ventral_nerve_cord_ipsilateral_restricted,IN13A060,,,,,intrinsic,,,13A,IN13A060,id:16680,,,gaba,gaba,,,ventral_nerve_cord,right,ventral_nerve_cord_intrinsic
2966,720575941554528666,,,,tactile,,ventral_nerve_cord_bilateral_interconnecting,IN06B016,,,,,intrinsic,,,06B,IN06B016,id:11526,,,gaba,gaba,,,ventral_nerve_cord,right,ventral_nerve_cord_intrinsic
2967,720575941554540698,,,single_leg_neuromere,,,ventral_nerve_cord_ipsilateral_restricted,IN01B027,,,,,intrinsic,,,01B,IN01B027,id:26567,,,gaba,gaba,,,ventral_nerve_cord,left,ventral_nerve_cord_intrinsic
2968,720575941554615553,,,ascending_neuron,,,,ANXXX057,AN_multi_29,id:720575940627125842,,,intrinsic,,,TBD,ANXXX057,id:11209,,,acetylcholine,,,,neck_connective,left,ascending
2969,720575941554693796,,,,,,ventral_nerve_cord_contralateral_restricted,IN14A096,,,,,intrinsic,,,14A,,,,,glutamate,,,,ventral_nerve_cord,left,ventral_nerve_cord_intrinsic
2970,720575941554694372,,,descending_neuron,,,,DNg36_a,DNg36_a,id:720575940622929193,,,intrinsic,,,LB7,DNxn109,id:38167,,,acetylcholine,,,,neck_connective,right,descending
2971,720575941554701722,,,descending_neuron,,,,DNge022,DNge022,id:720575940639634304,,,intrinsic,,,putative_primary,DNfl040,id:17400,,,acetylcholine,,,,neck_connective,right,descending
2972,720575941554739995,,,single_leg_neuromere,,,ventral_nerve_cord_ipsilateral_restricted,IN20A.22A061,,,,,intrinsic,,,20A.22A,,,,,acetylcholine,acetylcholine,,,ventral_nerve_cord,left,ventral_nerve_cord_intrinsic
2973,720575941554796033,,,single_leg_neuromere,,,ventral_nerve_cord_ipsilateral_restricted,IN04B092,,,,,intrinsic,,,04B,IN04B092,id:17740,,,acetylcholine,acetylcholine,,,ventral_nerve_cord,right,ventral_nerve_cord_intrinsic
2974,720575941554800548,,,single_leg_neuromere,,,ventral_nerve_cord_ipsilateral_restricted,IN16B045,,,,,intrinsic,,,16B,IN16B045,id:15001,,,glutamate,glutamate,,,ventral_nerve_cord,left,ventral_nerve_cord_intrinsic
2975,720575941554856019,,,descending_neuron,,,,DNpe054,DNpe054,id:720575940640306061,,,intrinsic,,,PSp2,DNut046,id:42930,,,acetylcholine,,,,neck_connective,left,descending
2976,720575941554888676,,,descending_neuron,,,,DNge111,DNge111,id:720575940611498419,,,intrinsic,,,LB7,DNxn144,id:37452,,,acetylcholine,,,,neck_connective,left,descending
2977,720575941554952858,,,descending_neuron,,,,DNge053,DNge053,id:720575940638204132,,,intrinsic,,,putative_primary,DNxn164,id:13291,,,acetylcholine,,,,neck_connective,left,descending
2978,720575941555052571,,,ascending_neuron,,,,ANXXX200,AN_GNG_34,id:720575940612268199,,,intrinsic,,,TBD,ANXXX200,id:19025,,,gaba,,,,neck_connective,left,ascending
2979,720575941555116772,,,,proprioception,,ventral_nerve_cord_bilateral_restricted,IN19A098,,,,,intrinsic,,,19A,IN19A098,id:153333,,,gaba,gaba,,,ventral_nerve_cord,right,ventral_nerve_cord_intrinsic
2980,720575941555186074,,,ventral_nerve_cord_dorsal,,,ventral_nerve_cord_ipsilateral_interconnecting,IN02A019,,,,,intrinsic,,,02A,IN02A019,id:14448,,,glutamate,glutamate,,,ventral_nerve_cord,left,ventral_nerve_cord_intrinsic
2981,720575941555188634,,,,,,ventral_nerve_cord_ipsilateral_interconnecting,IN02A060,,,,,intrinsic,,,02A,IN02A060,id:27795,,,glutamate,glutamate,,,ventral_nerve_cord,right,ventral_nerve_cord_intrinsic
2982,720575941555194369,,,,,,ventral_nerve_cord_bilateral_interconnecting,IN10B003,,,,,intrinsic,,,10B,IN10B003,id:10762,,,acetylcholine,acetylcholine,,,ventral_nerve_cord,left,ventral_nerve_cord_intrinsic
2983,720575941555196929,,,descending_neuron,,,,DNge123,DNge123,id:720575940614909506,,,intrinsic,,,MX12__prim,DNfl012,id:24193,,,glutamate,,,,neck_connective,right,descending
2984,720575941555204097,,,single_leg_neuromere,proprioception,,ventral_nerve_cord_contralateral_restricted,IN13B013,,,,,intrinsic,,,13B,IN13B013,id:11958,,,gaba,gaba,,,ventral_nerve_cord,right,ventral_nerve_cord_intrinsic
2985,720575941555229953,,,single_leg_neuromere,,,ventral_nerve_cord_contralateral_restricted,IN14A024,,,,,intrinsic,,,14A,IN14A024,id:152392,,,glutamate,,,,ventral_nerve_cord,left,ventral_nerve_cord_intrinsic
2986,720575941555393537,,,descending_neuron,,,,DNa13,DNa13,id:720575940616286175,,,intrinsic,,,WEDd1,DNa13,id:11311,,,acetylcholine,,,,neck_connective,left,descending
2987,720575941555458387,,,,,,ventral_nerve_cord_ipsilateral_restricted,IN03A085,,,,,intrinsic,,,03A,IN03A085,id:37559,,,acetylcholine,acetylcholine,,,ventral_nerve_cord,left,ventral_nerve_cord_intrinsic
2988,720575941555461377,,,descending_neuron,,,,DNge025,DNge025,id:720575940618519454,,,intrinsic,,,MX12,DNfl024,id:27217,,,acetylcholine,,MX12_L_15,,neck_connective,left,descending
2989,720575941555492644,,,single_leg_neuromere,,,ventral_nerve_cord_bilateral_restricted,IN09A054,,,,,intrinsic,,,09A,,,,,gaba,gaba,,,ventral_nerve_cord,right,ventral_nerve_cord_intrinsic
2990,720575941555503187,,,ascending_neuron,,,,AN08B005,AN_3_None,id:720575940618202539,,,intrinsic,,,08B,AN08B005,id:10785,,,acetylcholine,acetylcholine,,,neck_connective,left,ascending
2991,720575941555506003,,,,,,ventral_nerve_cord_bilateral_interconnecting,IN01A004,,,,,intrinsic,,,01A,IN01A004,id:10714,,,acetylcholine,acetylcholine,,,ventral_nerve_cord,left,ventral_nerve_cord_intrinsic
2992,720575941555518547,,,single_leg_neuromere,,,ventral_nerve_cord_ipsilateral_restricted,IN03A027,,,,,intrinsic,,,03A,IN03A027,id:165341,,,acetylcholine,acetylcholine,,,ventral_nerve_cord,right,ventral_nerve_cord_intrinsic
2993,720575941555525971,,,single_leg_neuromere,,,ventral_nerve_cord_ipsilateral_restricted,IN21A016,,,,,intrinsic,,,21A,IN21A016,id:13768,,,glutamate,,,,ventral_nerve_cord,left,ventral_nerve_cord_intrinsic
2994,720575941555590436,,,single_leg_neuromere,,,ventral_nerve_cord_contralateral_restricted,IN13B017,,,,,intrinsic,,,13B,IN13B017,id:14509,,,gaba,gaba,,,ventral_nerve_cord,right,ventral_nerve_cord_intrinsic
2995,720575941555637331,,,descending_neuron,,,,DNpe039,DNpe039,id:720575940626806046,,,intrinsic,,,SMPpv2_ventral,DNxn131,id:18046,,,acetylcholine,,,,neck_connective,right,descending
2996,720575941555674340,,,descending_neuron,,,,DNg41,DNg41,id:720575940636329579,,,intrinsic,,,putative_primary,DNg41,id:18518,,,glutamate,,,,neck_connective,left,descending
2997,720575941555710547,,,descending_neuron,,,,DNp56,DNp56,id:720575940629312300,,,intrinsic,,,putative_primary,DNp56,id:22394,,,acetylcholine,,,,neck_connective,left,descending
2998,720575941555742035,,,descending_neuron,,,,DNpe037,DNpe037,id:720575940623274966,,,intrinsic,,,DM6_central2,DNxn132,id:24324,,,acetylcholine,,,,neck_connective,left,descending
2999,720575941556189924,wing,,ventral_nerve_cord_neurosecretory_cell,,,wing_neurosecretory_cell,EA06B010,AN_GNG_132,id:720575940622109769,,,efferent,,,06B,EA06B010,id:11300,,,glutamate,,,,neck_connective,right,ascending_visceral_circulatory
3000,720575941556195300,,,descending_neuron,,,,DNde001,DNde001,id:720575940645537902,,,intrinsic,,,putative_primary,DNxl096,id:15297,,,glutamate,,,,neck_connective,left,descending
3001,720575941556199652,,,descending_neuron,,,,DNge115,DNge115,id:720575940618086535,,,intrinsic,,,LB7,DNxn109,id:33725,,,acetylcholine,,,,neck_connective,right,descending
3002,720575941556215524,,hind_leg,chordotonal_organ_neuron,proprioception,direction,hind_leg_hook_chordotonal_organ_neuron,SNpp39,,,,,afferent,,,,SNpp39,id:30692,left_prothoracic_leg_nerve,,gaba,acetylcholine,,chordotonal_organ,ventral_nerve_cord,left,sensory
3003,720575941556297811,front_leg,,leg_motor_neuron,leg_motor,move_coxa_anterior,front_leg_motor_neuron,tergopleural_promotor_pleural_promotor_miller_28_30,,,,id:250,efferent,,,,,,right_dorsal_prothoracic_nerve,,gaba,,MNfl54_DProN_R,tergopleural_promotor_muscle,ventral_nerve_cord,right,motor
3004,720575941556298323,,"front_leg,trochanter",hair_plate_neuron,proprioception,joint_angle,front_leg_hair_plate_neuron,SNppxx,,,,,afferent,,,,SNppxx,id:65476,right_prothoracic_leg_nerve,,gaba,,,hair_plate,ventral_nerve_cord,right,sensory
3005,720575941556307364,,"coxa,front_leg",hair_plate_neuron,proprioception,joint_angle,front_leg_hair_plate_neuron,SNpp45,,,,,afferent,,,,SNpp45,id:45389356381,right_ventral_prothoracic_nerve,,gaba,,CoHP8,"CoHP8,hair_plate",ventral_nerve_cord,right,sensory
3006,720575941556327588,,,single_leg_neuromere,,,ventral_nerve_cord_bilateral_restricted,IN21A020,,,,,intrinsic,,,21A,IN21A020,id:11948,,,acetylcholine,,,,ventral_nerve_cord,right,ventral_nerve_cord_intrinsic
3007,720575941556379108,,,descending_neuron,,,,DNge073,DNge073,id:720575940629304702,,,intrinsic,,,putative_primary,DNxl129,id:11270,,,acetylcholine,,,,neck_connective,right,descending
3008,720575941556381604,,,sequential_leg_neuromeres,,,ventral_nerve_cord_contralateral_interconnecting,IN01A010,,,,,intrinsic,,,01A,IN01A010,id:11062,,,acetylcholine,acetylcholine,,,ventral_nerve_cord,left,ventral_nerve_cord_intrinsic
3009,720575941556420516,,,ascending_neuron,,,,AN10B024,AN_VES_WED_3,id:720575940626728323,,,intrinsic,,,10B,AN10B024,id:13970,,,acetylcholine,acetylcholine,,,neck_connective,right,ascending
3010,720575941556534529,,,descending_neuron,,,,DNg98,DNg98,id:720575940630810486,,,intrinsic,,,MX3,DNg98,id:10336,,,gaba,,,,neck_connective,left,descending
3011,720575941556634625,,"coxa,front_leg",hair_plate_neuron,proprioception,joint_angle,front_leg_hair_plate_neuron,SNpp45,,,,,afferent,,,,SNpp45,id:45389356381,right_ventral_prothoracic_nerve,,acetylcholine,,CoHP8,"CoHP8,hair_plate",ventral_nerve_cord,right,sensory
3012,720575941556654419,,,descending_neuron,,,,DNbe006,DNbe006,id:720575940624982823,,,intrinsic,,,putative_primary,DNxn173,id:18596,,,acetylcholine,,,,neck_connective,left,descending
3013,720575941556727041,,,descending_neuron,,,,DNp66,DNp66,id:720575940628858640,,,intrinsic,AVLP499,id:1134456668,VLPl&p2_posterior,DNxn160,id:13053,,,acetylcholine,,,,neck_connective,right,descending
3014,720575941556851027,,,descending_neuron,,,,DNg93,DNg93,id:720575940626085562,,,intrinsic,,,putative_primary,DNg93,id:10399,,,gaba,,,,neck_connective,left,descending
3015,720575941556870884,,,descending_neuron,,,,DNg110,DNg110,id:720575940635222640,,,intrinsic,,,LB12,DNg110,id:25454,,,acetylcholine,,,,neck_connective,right,descending
3016,720575941556877796,,,ascending_neuron,,,,AN08B066,AN_multi_54,id:720575940623497340,,,intrinsic,,,08B,AN08B066,id:15295,,,acetylcholine,acetylcholine,,,neck_connective,right,ascending
3017,720575941556990735,,,descending_neuron,,,,DNge146,DNge146,id:720575940630839371,,,intrinsic,,,putative_primary,DNfl032,id:21235,,,gaba,,,,neck_connective,left,descending
3018,720575941557176591,,,single_leg_neuromere,,,ventral_nerve_cord_ipsilateral_restricted,IN03A007,,,,,intrinsic,,,03A,IN03A007,id:11320,,,acetylcholine,acetylcholine,,,ventral_nerve_cord,left,ventral_nerve_cord_intrinsic
3019,720575941557207076,,,,,,ventral_nerve_cord_bilateral_interconnecting,IN11A044,,,,,intrinsic,,,11A,IN11A044,id:30965,,,acetylcholine,acetylcholine,,,ventral_nerve_cord,left,ventral_nerve_cord_intrinsic
3020,720575941557220900,,,ventral_nerve_cord_centripetal,,,ventral_nerve_cord_bilateral_interconnecting,IN19A067,,,,,intrinsic,,,19A,IN19A067,id:10393,,,gaba,gaba,,,ventral_nerve_cord,right,ventral_nerve_cord_intrinsic
3021,720575941557282831,,,ventral_nerve_cord_centripetal,tactile,,ventral_nerve_cord_bilateral_interconnecting,IN23B023,,,,,intrinsic,,,23B,IN23B023,id:17916,,,acetylcholine,acetylcholine,,,ventral_nerve_cord,left,ventral_nerve_cord_intrinsic
3022,720575941557316004,,,descending_neuron,,,,DNg14,DNg14,id:720575940609260494,,,intrinsic,,,putative_primary,DNg14,id:11824,,,acetylcholine,acetylcholine,,,neck_connective,right,descending
3023,720575941557318927,,,,,,ventral_nerve_cord_ipsilateral_restricted,IN20A.22A030,,,,,intrinsic,,,20A.22A,IN20A.22A030,id:24914,,,acetylcholine,acetylcholine,,,ventral_nerve_cord,right,ventral_nerve_cord_intrinsic
3024,720575941557325604,,,single_leg_neuromere,,,ventral_nerve_cord_contralateral_restricted,IN14A021,,,,,intrinsic,,,14A,IN14A021,id:22198,,,glutamate,,,,ventral_nerve_cord,left,ventral_nerve_cord_intrinsic
3025,720575941557342116,,,single_leg_neuromere,,,ventral_nerve_cord_contralateral_restricted,IN12B030,,,,,intrinsic,,,12B,IN12B030,id:15279,,,gaba,gaba,,,ventral_nerve_cord,left,ventral_nerve_cord_intrinsic
3026,720575941557348516,,,,,,ventral_nerve_cord_ipsilateral_restricted,IN16B083,,,,,intrinsic,,,16B,IN16B083,id:21109,,,glutamate,glutamate,,,ventral_nerve_cord,left,ventral_nerve_cord_intrinsic
3027,720575941557351844,,,ventral_nerve_cord_serially_convergent,,,ventral_nerve_cord_bilateral_interconnecting,IN08B056,,,,,intrinsic,,,08B,IN08B056,id:15473,,,acetylcholine,acetylcholine,,,ventral_nerve_cord,left,ventral_nerve_cord_intrinsic
3028,720575941557352686,,,ascending_neuron,,,,AN06B015_a,AN_4_None,id:720575940618518766,,,intrinsic,,,06B,AN06B015,id:12587,,,gaba,gaba,,,neck_connective,left,ascending
3029,720575941557371886,,,sequential_leg_neuromeres,,,ventral_nerve_cord_contralateral_interconnecting,IN09B022,,,,,intrinsic,,,09B,IN09B022,id:17851,,,glutamate,glutamate,,,ventral_nerve_cord,right,ventral_nerve_cord_intrinsic
3030,720575941557413284,,,descending_neuron,,,,DNge030,DNge030,id:720575940639088216,,,intrinsic,,,LB12,DNut051,id:23690,,,acetylcholine,,,,neck_connective,left,descending
3031,720575941557419246,,,,,,ventral_nerve_cord_ipsilateral_restricted,IN08A021,,,,,intrinsic,,,08A,IN08A021,id:23866,,,glutamate,glutamate,,,ventral_nerve_cord,right,ventral_nerve_cord_intrinsic
3032,720575941557451502,,,,,,ventral_nerve_cord_ipsilateral_restricted,IN04B102,,,,,intrinsic,,,04B,IN04B102,id:23029,,,acetylcholine,acetylcholine,,,ventral_nerve_cord,right,ventral_nerve_cord_intrinsic
3033,720575941557473572,,,descending_neuron,,,,DNde006,DNde006,id:720575940613307033,,,intrinsic,,,putative_primary,DNxn184,id:16099,,,glutamate,,,,neck_connective,left,descending
3034,720575941557496691,,,,,,ventral_nerve_cord_ipsilateral_interconnecting,IN09A040,,,,,intrinsic,,,09A,,,,,gaba,gaba,,,ventral_nerve_cord,right,ventral_nerve_cord_intrinsic
3035,720575941557510771,,,,,,ventral_nerve_cord_ipsilateral_restricted,IN20A.22A083,,,,,intrinsic,,,20A.22A,IN20A.22A083,id:31222,,,acetylcholine,acetylcholine,,,ventral_nerve_cord,left,ventral_nerve_cord_intrinsic
3036,720575941557512307,,,descending_neuron,,,,DNg12_a,DNg12_a,id:720575940631987364,,,intrinsic,,,MX12,DNnt008,id:26720,,,acetylcholine,,MX12_R_41,,neck_connective,right,descending
3037,720575941557516782,,,,,,ventral_nerve_cord_bilateral_interconnecting,IN11A044,,,,,intrinsic,,,11A,,,,,acetylcholine,acetylcholine,,,ventral_nerve_cord,left,ventral_nerve_cord_intrinsic
3038,720575941557537006,,,,,,ventral_nerve_cord_contralateral_restricted,IN14A100,,,,,intrinsic,,,14A,IN14A100,id:31088,,,glutamate,,,,ventral_nerve_cord,right,ventral_nerve_cord_intrinsic
3039,720575941557537774,,,,,,ventral_nerve_cord_ipsilateral_restricted,IN16B064,,,,,intrinsic,,,16B,,,,,glutamate,glutamate,,,ventral_nerve_cord,right,ventral_nerve_cord_intrinsic
3040,720575941557541102,,,,,,ventral_nerve_cord_ipsilateral_restricted,IN13A071,,,,,intrinsic,,,13A,,,,,gaba,gaba,,,ventral_nerve_cord,right,ventral_nerve_cord_intrinsic
3041,720575941557543918,front_leg,,leg_motor_neuron,leg_motor,flex_femur_tibia_joint,front_leg_motor_neuron,tibia_flexor,,,,,efferent,,,,,,right_prothoracic_leg_nerve,,gaba,,,tibia_flexor_muscle,ventral_nerve_cord,right,motor
3042,720575941557553646,,,,,,ventral_nerve_cord_ipsilateral_restricted,IN09A096,,,,,intrinsic,,,09A,IN09A096,id:28985,,,gaba,gaba,,,ventral_nerve_cord,right,ventral_nerve_cord_intrinsic
3043,720575941557553779,,,single_leg_neuromere,,,ventral_nerve_cord_ipsilateral_restricted,IN08A019,,,,,intrinsic,,,08A,IN08A019,id:18197,,,glutamate,glutamate,,,ventral_nerve_cord,right,ventral_nerve_cord_intrinsic
3044,720575941557560435,,,single_leg_neuromere,,,ventral_nerve_cord_ipsilateral_restricted,IN08A005,,,,,intrinsic,,,08A,IN08A005,id:10672,,,glutamate,glutamate,,,ventral_nerve_cord,right,ventral_nerve_cord_intrinsic
3045,720575941557562862,neck,,ventral_nerve_cord_neurosecretory_cell,,,neck_neurosecretory_cell,EN21X001,,,,,efferent,,,21X,EN21X001,id:16273,right_dorsal_prothoracic_nerve,,,,T1 “multinerve” neuron,,ventral_nerve_cord,right,visceral_circulatory
3046,720575941557635443,,,,,,ventral_nerve_cord_ipsilateral_restricted,IN09A072,,,,,intrinsic,,,09A,IN09A072,id:40121,,,gaba,gaba,,,ventral_nerve_cord,left,ventral_nerve_cord_intrinsic
3047,720575941557736356,,"front_leg,trochanter",hair_plate_neuron,proprioception,joint_angle,front_leg_hair_plate_neuron,SNpp45,,,,,afferent,,,,SNpp45,id:21155,left_prothoracic_leg_nerve,,gaba,,,hair_plate,ventral_nerve_cord,left,sensory
3048,720575941557838756,,,descending_neuron,,,,DNg86,DNg86,id:720575940631549202,,,intrinsic,,,putative_primary,,,,,serotonin,,,,central_brain,right,descending
3049,720575941557956772,,"front_leg,trochanter",hair_plate_neuron,proprioception,joint_angle,front_leg_hair_plate_neuron,SNppxx,,,,,afferent,,,,SNppxx,id:65476,right_prothoracic_leg_nerve,,gaba,,,hair_plate,ventral_nerve_cord,right,sensory
3050,720575941558189171,,,descending_neuron,,,,DNg07,DNg07,id:720575940614181585,,,intrinsic,,,,,,,,acetylcholine,,,,neck_connective,left,descending
3051,720575941558282020,,,single_leg_neuromere,,,ventral_nerve_cord_contralateral_restricted,IN14A008,,,,,intrinsic,,,14A,IN14A008,id:13364,,,glutamate,,,,ventral_nerve_cord,right,ventral_nerve_cord_intrinsic
3052,720575941558290980,,,,,,ventral_nerve_cord_bilateral_interconnecting,IN11A009,,,,,intrinsic,,,11A,IN11A009,id:16484,,,acetylcholine,acetylcholine,,,ventral_nerve_cord,right,ventral_nerve_cord_intrinsic
3053,720575941558296621,,,single_leg_neuromere,,,ventral_nerve_cord_bilateral_restricted,IN12B072,,,,,intrinsic,,,12B,IN12B072,id:26627,,,gaba,gaba,,,ventral_nerve_cord,right,ventral_nerve_cord_intrinsic
3054,720575941558323236,,,,,,ventral_nerve_cord_ipsilateral_interconnecting,IN19A006,,,,,intrinsic,,,19A,IN19A006,id:10237,,,acetylcholine,,,,ventral_nerve_cord,right,ventral_nerve_cord_intrinsic
3055,720575941558334244,,,,,,ventral_nerve_cord_bilateral_interconnecting,IN01A018,,,,,intrinsic,,,01A,IN01A018,id:11688,,,acetylcholine,acetylcholine,,,ventral_nerve_cord,left,ventral_nerve_cord_intrinsic
3056,720575941558335524,,,ascending_neuron,,,,AN19B018,,id:720575940639711566,,,intrinsic,,,19B,AN19B018,id:11552,,,acetylcholine,acetylcholine,,,neck_connective,right,ascending
3057,720575941558381860,,,descending_neuron,,,,DNpe050,DNpe050,id:720575940631499832,,,intrinsic,,,DM6_central1,DNxn183,id:15275,,,acetylcholine,,,,neck_connective,right,descending
3058,720575941558406701,,,single_leg_neuromere,,,ventral_nerve_cord_bilateral_restricted,IN12B024,,,,,intrinsic,,,12B,IN12B024,id:163344,,,gaba,gaba,,,ventral_nerve_cord,left,ventral_nerve_cord_intrinsic
3059,720575941558436004,,front_leg,orphan_neuron,,,front_leg_orphan_neuron,SNxxxx,,,,,afferent,,,,SNxxxx,id:10001,right_prothoracic_leg_nerve,,gaba,,,orphan,ventral_nerve_cord,right,sensory
3060,720575941558607396,,,descending_neuron,,,,DNp03,DNp03,id:720575940628884496,,,intrinsic,DNp03,id:1565846637,putative_primary,DNp03,id:12231,,,acetylcholine,acetylcholine,,,neck_connective,right,descending
3061,720575941558634511,,front_leg,bristle_neuron,tactile,,front_leg_bristle_neuron,SNta41,,,,,afferent,,,,SNta41,id:147826,right_prothoracic_leg_nerve,,acetylcholine,,,bristle,ventral_nerve_cord,right,sensory
3062,720575941558636815,,front_leg,bristle_neuron,tactile,,front_leg_bristle_neuron,SNta42,,,,,afferent,,,,SNta42,id:51742,left_prothoracic_leg_nerve,,acetylcholine,,,bristle,ventral_nerve_cord,left,sensory
3063,720575941558675245,,,,,,ventral_nerve_cord_ipsilateral_restricted,IN16B094,,,,,intrinsic,,,16B,IN16B094,id:21412,,,glutamate,glutamate,,,ventral_nerve_cord,left,ventral_nerve_cord_intrinsic
3064,720575941558733101,,,,,,ventral_nerve_cord_ipsilateral_interconnecting,IN02A033,,,,,intrinsic,,,02A,IN02A033,id:24345,,,glutamate,glutamate,,,ventral_nerve_cord,right,ventral_nerve_cord_intrinsic
3065,720575941558736685,,,single_leg_neuromere,,,ventral_nerve_cord_ipsilateral_restricted,IN09A046,,,,,intrinsic,,,09A,IN09A046,id:25172,,,gaba,gaba,,,ventral_nerve_cord,right,ventral_nerve_cord_intrinsic
3066,720575941558795044,,,single_leg_neuromere,,,ventral_nerve_cord_ipsilateral_interconnecting,IN09A078,,,,,intrinsic,,,09A,IN09A078,id:100330,,,gaba,gaba,,,ventral_nerve_cord,left,ventral_nerve_cord_intrinsic
3067,720575941558807411,,,descending_neuron,,,,DNge039,DNge039,id:720575940616400470,,,intrinsic,,,putative_primary,DNfl015,id:16369,,,acetylcholine,,,,neck_connective,left,descending
3068,720575941558870052,,front_leg,campaniform_sensillum_neuron,proprioception,mechanical_strain,front_leg_campaniform_sensillum_neuron,SNxxxx,,,,,afferent,,,,SNxxxx,id:64088,right_prothoracic_leg_nerve,,gaba,,,campaniform_sensillum,ventral_nerve_cord,right,sensory
3069,720575941558970639,,front_leg,bristle_neuron,tactile,,front_leg_bristle_neuron,SNta34,,,,,afferent,,,,SNta34,id:51045,right_prothoracic_leg_nerve,,acetylcholine,,,bristle,ventral_nerve_cord,right,sensory
3070,720575941558971407,,,single_leg_neuromere,tactile,,ventral_nerve_cord_ipsilateral_restricted,IN01B023,,,,,intrinsic,,,01B,IN01B023,id:20234,,,gaba,gaba,,,ventral_nerve_cord,right,ventral_nerve_cord_intrinsic
3071,720575941558985005,,,,,,ventral_nerve_cord_ipsilateral_restricted,IN13A041,,,,,intrinsic,,,13A,,,,,gaba,gaba,,,ventral_nerve_cord,right,ventral_nerve_cord_intrinsic
3072,720575941558995471,,,,,,ventral_nerve_cord_ipsilateral_restricted,IN20A.22A085,,,,,intrinsic,,,20A.22A,IN20A.22A085,id:153805,,,acetylcholine,acetylcholine,,,ventral_nerve_cord,left,ventral_nerve_cord_intrinsic
3073,720575941559015406,,,,,,ventral_nerve_cord_contralateral_restricted,IN13B066,,,,,intrinsic,,,13B,IN13B066,id:20781,,,gaba,gaba,,,ventral_nerve_cord,right,ventral_nerve_cord_intrinsic
3074,720575941559017252,,,ascending_neuron,,,,AN17A012,AN_GNG_SAD_9,id:720575940630798378,,,intrinsic,,,17A,AN17A012,id:10726,,,acetylcholine,acetylcholine,,,neck_connective,right,ascending
3075,720575941559022381,,,descending_neuron,,,,DNge095,DNge095,id:720575940630505334,,,intrinsic,,,LB7,DNut054,id:29538,,,acetylcholine,,,,neck_connective,right,descending
3076,720575941559104813,,,descending_neuron,,,,DNg02_a,DNg02_a,id:720575940630289804,,,intrinsic,,,LB12,DNg02,id:24845,,,acetylcholine,acetylcholine,,,neck_connective,left,descending
3077,720575941559126287,,front_leg,chordotonal_organ_neuron,proprioception,direction,front_leg_hook_chordotonal_organ_neuron,SNpp41,,,,,afferent,,,,SNpp41,id:46406,left_prothoracic_leg_nerve,,gaba,acetylcholine,hook,chordotonal_organ,ventral_nerve_cord,left,sensory
3078,720575941559134190,,front_leg,bristle_neuron,tactile,,front_leg_bristle_neuron,SNta32,,,,,afferent,,,,SNta32,id:38116,right_prothoracic_leg_nerve,,gaba,,,bristle,ventral_nerve_cord,right,sensory
3079,720575941559176942,,,descending_neuron,,,,DNb04,DNb04,id:720575940621226484,,,intrinsic,,,putative_primary,DNb04,id:21685,,,glutamate,glutamate,,,neck_connective,right,descending
3080,720575941559205933,,,descending_neuron,,,,DNg05_b,DNg05_b,id:720575940619074836,,,intrinsic,,,LB12,DNg05,id:28527,,,acetylcholine,,,,neck_connective,left,descending
3081,720575941559281679,front_leg,,leg_motor_neuron,leg_motor,flex_femur_tibia_joint,front_leg_motor_neuron,accessory_tibia_flexor_A,,,,id:222,efferent,,,15B,Acc. ti flexor MN,id:18963,right_prothoracic_leg_nerve,,gaba,glutamate,,accessory_tibia_flexor_muscle,ventral_nerve_cord,right,motor
3082,720575941559324019,,,single_leg_neuromere,,,ventral_nerve_cord_ipsilateral_restricted,IN03A062,,,,,intrinsic,,,03A,IN03A062,id:18494,,,acetylcholine,acetylcholine,,,ventral_nerve_cord,left,ventral_nerve_cord_intrinsic
3083,720575941559335027,,,,,,ventral_nerve_cord_ipsilateral_restricted,IN16B114,,,,,intrinsic,,,16B,IN16B114,id:26783,,,glutamate,glutamate,,,ventral_nerve_cord,left,ventral_nerve_cord_intrinsic
3084,720575941559394931,,,descending_neuron,,,,DNg08_a,DNg08_a,id:720575940625376062,,,intrinsic,,,MX3,,,,,gaba,,,,neck_connective,right,descending
3085,720575941559694863,,,,,,ventral_nerve_cord_ipsilateral_restricted,IN16B077,,,,,intrinsic,,,16B,IN16B077,id:24405,,,glutamate,glutamate,,,ventral_nerve_cord,left,ventral_nerve_cord_intrinsic
3086,720575941559854318,,,,tactile,,ventral_nerve_cord_ipsilateral_restricted,IN08A041,,,,,intrinsic,,,08A,IN08A041,id:27219,,,glutamate,glutamate,,,ventral_nerve_cord,right,ventral_nerve_cord_intrinsic
3087,720575941559874831,,,descending_neuron,,,,DNp04,DNp04,id:720575940629757036,,,intrinsic,DNp04,id:1405231475,SMPpv2_ventral,DNp04,id:12358,,,acetylcholine,acetylcholine,,,neck_connective,right,descending
3088,720575941559903247,,front_leg,orphan_neuron,,,front_leg_orphan_neuron,SNxxxx,,,,,afferent,,,,SNxxxx,id:64088,right_prothoracic_leg_nerve,,gaba,,,orphan,ventral_nerve_cord,right,sensory
3089,720575941559932431,,,single_leg_neuromere,,,ventral_nerve_cord_ipsilateral_restricted,IN21A005,,,,,intrinsic,,,21A,IN21A005,id:11050,,,acetylcholine,,,,ventral_nerve_cord,left,ventral_nerve_cord_intrinsic
3090,720575941559933455,,,,,,ventral_nerve_cord_ipsilateral_restricted,IN04B115,,,,,intrinsic,,,04B,IN04B115,id:33190,,,acetylcholine,acetylcholine,,,ventral_nerve_cord,right,ventral_nerve_cord_intrinsic
3091,720575941559946478,,,descending_neuron,,,,DNpe008,DNpe008,id:720575940611886289,,,intrinsic,,,PSp2,DNht001,id:32383,,,acetylcholine,,,,neck_connective,left,descending
3092,720575941559947279,,,,,,ventral_nerve_cord_bilateral_interconnecting,vPR6,,,,,intrinsic,,,12A,,,,,acetylcholine,acetylcholine,,,ventral_nerve_cord,left,ventral_nerve_cord_intrinsic
3093,720575941559950863,,,descending_neuron,,,,DNg10,DNg10,id:720575940617689816,,,intrinsic,,,LB6,DNnt010,id:34090,,,gaba,,,,neck_connective,left,descending
3094,720575941559958543,,,,,,ventral_nerve_cord_bilateral_restricted,INXXX135,,,,,intrinsic,,,TBD,INXXX135,id:13568,,,gaba,,,,ventral_nerve_cord,left,ventral_nerve_cord_intrinsic
3095,720575941559961359,,,single_leg_neuromere,,,ventral_nerve_cord_ipsilateral_restricted,IN04B078,,,,,intrinsic,,,04B,IN04B078,id:100339,,,acetylcholine,acetylcholine,,,ventral_nerve_cord,left,ventral_nerve_cord_intrinsic
3096,720575941559978797,front_leg,,leg_motor_neuron,leg_motor,move_coxa_posterior,front_leg_motor_neuron,sternal_posterior_rotator_miller_32,,,,,efferent,,,,,,right_prothoracic_accessory_nerve,,acetylcholine,,,sternal_posterior_rotator_muscle,ventral_nerve_cord,right,motor
3097,720575941560024847,,,ascending_neuron,,,,AN05B006,AN_multi_87,id:720575940630609170,,,intrinsic,,,05B,AN05B006,id:10758,,,gaba,gaba,,,neck_connective,left,ascending
3098,720575941560058094,,,,,,ventral_nerve_cord_ipsilateral_restricted,IN20A.22A032,,,,,intrinsic,,,20A.22A,IN20A.22A032,id:22963,,,acetylcholine,acetylcholine,,,ventral_nerve_cord,left,ventral_nerve_cord_intrinsic
3099,720575941560079342,,,single_leg_neuromere,,,ventral_nerve_cord_ipsilateral_restricted,IN20A.22A004,,,,,intrinsic,,,20A.22A,IN20A.22A004,id:22980,,,acetylcholine,acetylcholine,,,ventral_nerve_cord,right,ventral_nerve_cord_intrinsic
3100,720575941560088814,,,sequential_leg_neuromeres,,,ventral_nerve_cord_ipsilateral_restricted,IN17A007,,,,,intrinsic,,,17A,IN17A007,id:11028,,,acetylcholine,acetylcholine,,,ventral_nerve_cord,right,ventral_nerve_cord_intrinsic
3101,720575941560162798,,,descending_neuron,,,,DNp35,DNp35,id:720575940628437291,,,intrinsic,,,SMPpv2_ventral,DNp35,id:15511,,,acetylcholine,,,,neck_connective,left,descending
3102,720575941560221229,,,single_leg_neuromere,,,ventral_nerve_cord_ipsilateral_restricted,IN03A004,,,,,intrinsic,,,03A,IN03A004,id:11831,,,acetylcholine,acetylcholine,,,ventral_nerve_cord,right,ventral_nerve_cord_intrinsic
3103,720575941560266152,,,ascending_neuron,,,,AN19B044,AN_GNG_13,id:720575940634472590,,,intrinsic,,,19B,AN19B044,id:18022,,,acetylcholine,acetylcholine,,,neck_connective,right,ascending
3104,720575941560277549,,,single_leg_neuromere,,,ventral_nerve_cord_ipsilateral_restricted,IN16B045,,,,,intrinsic,,,16B,IN16B045,id:15001,,,glutamate,glutamate,,,ventral_nerve_cord,left,ventral_nerve_cord_intrinsic
3105,720575941560298285,,,,,,ventral_nerve_cord_bilateral_interconnecting,IN07B065,,,,,intrinsic,,,07B,IN07B065,id:20892,,,acetylcholine,acetylcholine,,,ventral_nerve_cord,right,ventral_nerve_cord_intrinsic
3106,720575941560388723,,,single_leg_neuromere,,,ventral_nerve_cord_ipsilateral_restricted,IN16B041,,,,,intrinsic,,,16B,IN16B041,id:14245,,,glutamate,glutamate,,,ventral_nerve_cord,right,ventral_nerve_cord_intrinsic
3107,720575941560414579,,,ascending_neuron,,,,AN12B060,AN_GNG_188,id:720575940612713322,,,intrinsic,,,12B,AN12B060,id:21549,,,gaba,gaba,,,neck_connective,right,ascending
3108,720575941560426029,,front_leg,bristle_neuron,tactile,,front_leg_bristle_neuron,SNxxxx,,,,,afferent,,,,,,right_prothoracic_leg_nerve,,gaba,,,bristle,ventral_nerve_cord,right,sensory
3109,720575941560433267,,,ascending_neuron,,,,AN18B022,AN_multi_36,id:720575940645995543,,,intrinsic,,,18B,AN18B022,id:12818,,,acetylcholine,acetylcholine,,,neck_connective,left,ascending
3110,720575941560434547,,,single_leg_neuromere,tactile,,ventral_nerve_cord_contralateral_restricted,IN01A012,,,,,intrinsic,,,01A,IN01A012,id:11861,,,acetylcholine,acetylcholine,,,ventral_nerve_cord,left,ventral_nerve_cord_intrinsic
3111,720575941560435059,,,descending_neuron,,,,DNge133,DNge133,id:720575940608716809,,,intrinsic,,,LB7__prim,DNxn127,id:23962,,,acetylcholine,,,,neck_connective,right,descending
3112,720575941560435315,,,,,,ventral_nerve_cord_bilateral_interconnecting,IN09B006,,,,,intrinsic,,,09B,IN09B006,id:11491,,,acetylcholine,,,,ventral_nerve_cord,left,ventral_nerve_cord_intrinsic
3113,720575941560480680,,,single_leg_neuromere,,,ventral_nerve_cord_contralateral_restricted,IN12B025,,,,,intrinsic,,,12B,IN12B025,id:19296,,,gaba,gaba,,,ventral_nerve_cord,right,ventral_nerve_cord_intrinsic
3114,720575941560503155,,,descending_neuron,,,,DNp73,DNp73,id:720575940629586417,,,intrinsic,,,,DNp73,id:10717,,,acetylcholine,,,,neck_connective,right,descending
3115,720575941560549491,,,descending_neuron,,,,DNg07,DNg07,id:720575940644801060,,,intrinsic,,,LB7,DNut034,id:43795,,,acetylcholine,,,,neck_connective,right,descending
3116,720575941560573608,front_leg,,leg_motor_neuron,leg_motor,extend_tibia_tarsus_joint,front_leg_motor_neuron,tarsus_depressor_retro_tarsus_depressor,,,,id:221,efferent,,,,,,right_prothoracic_leg_nerve,,,,,tarsus_depressor_muscle,ventral_nerve_cord,right,motor
3117,720575941560597775,,,descending_neuron,,,,DNg110,DNg110,id:720575940627021349,,,intrinsic,,,LB12,DNg110,id:25384,,,acetylcholine,,,,neck_connective,left,descending
3118,720575941560610575,,,single_leg_neuromere,,,ventral_nerve_cord_bilateral_interconnecting,IN12B018,,,,,intrinsic,,,12B,IN12B018,id:12862,,,gaba,gaba,,,ventral_nerve_cord,right,ventral_nerve_cord_intrinsic
3119,720575941560655731,,,descending_neuron,,,,DNge051,DNge051,id:720575940649829241,DNg61,id:10071,intrinsic,,,putative_primary,,,,,gaba,,,,neck_connective,right,descending
3120,720575941560886311,,front_leg,bristle_neuron,tactile,,front_leg_bristle_neuron,SNta41,,,,,afferent,,,,SNta41,id:42341,left_prothoracic_leg_nerve,,acetylcholine,,,bristle,ventral_nerve_cord,left,sensory
3121,720575941560891687,,front_leg,bristle_neuron,tactile,,front_leg_bristle_neuron,SNta29,,,,id:1274,afferent,,,,SNta29,id:152740,left_prothoracic_leg_nerve,,acetylcholine,,,bristle,ventral_nerve_cord,left,sensory
3122,720575941560891943,,front_leg,bristle_neuron,tactile,,front_leg_bristle_neuron,SNta29,,,,,afferent,,,,SNta29,id:100250,left_prothoracic_leg_nerve,,acetylcholine,,,bristle,ventral_nerve_cord,left,sensory
3123,720575941560892711,,front_leg,bristle_neuron,tactile,,front_leg_bristle_neuron,SNta38,,,,,afferent,,,,SNta38,id:43123,left_prothoracic_leg_nerve,,acetylcholine,,,bristle,ventral_nerve_cord,left,sensory
3124,720575941560893479,,front_leg,orphan_neuron,,,front_leg_orphan_neuron,SNxxxx,,,,,afferent,,,,,,left_prothoracic_leg_nerve,,gaba,,,orphan,ventral_nerve_cord,left,sensory
3125,720575941560894247,,front_leg,chordotonal_organ_neuron,proprioception,position,front_leg_claw_chordotonal_organ_neuron,SNpp50,,,,,afferent,,,,SNpp50,id:163745,left_prothoracic_leg_nerve,,acetylcholine,acetylcholine,claw,chordotonal_organ,ventral_nerve_cord,left,sensory
3126,720575941560944429,,front_leg,campaniform_sensillum_neuron,proprioception,mechanical_strain,front_leg_campaniform_sensillum_neuron,,,,,,afferent,,,,,,left_prothoracic_leg_nerve,,gaba,,CS,campaniform_sensillum,ventral_nerve_cord,left,sensory
3127,720575941561204626,front_leg,,leg_motor_neuron,leg_motor,unknown_leg_movement,front_leg_motor_neuron,femur_reductor,,,,,efferent,,,TBD,Fe reductor MN,id:156857,left_prothoracic_leg_nerve,,gaba,glutamate,,femur_reductor_muscle,ventral_nerve_cord,left,motor
3128,720575941561224463,,,descending_neuron,,,,DNg02_c,DNg02_c,id:720575940622042603,,,intrinsic,,,LB12,DNg02,id:20843,,,acetylcholine,acetylcholine,,,neck_connective,left,descending
3129,720575941561321005,,,sequential_leg_neuromeres,,,ventral_nerve_cord_bilateral_interconnecting,IN01A005,,,,,intrinsic,,,01A,IN01A005,id:10806,,,acetylcholine,acetylcholine,,,ventral_nerve_cord,right,ventral_nerve_cord_intrinsic
3130,720575941561334061,,,ascending_neuron,,,,ANXXX200,AN_GNG_38,id:720575940629946951,,,intrinsic,,,TBD,ANXXX200,id:15566,,,gaba,,,,neck_connective,left,ascending
3131,720575941561349421,,,,,,ventral_nerve_cord_ipsilateral_restricted,IN16B083,,,,,intrinsic,,,16B,IN16B083,id:24580,,,glutamate,glutamate,,,ventral_nerve_cord,right,ventral_nerve_cord_intrinsic
3132,720575941561359917,,,,,,ventral_nerve_cord_ipsilateral_restricted,IN20A.22A009,,,,,intrinsic,,,20A.22A,IN20A.22A009,id:16663,,,acetylcholine,acetylcholine,,,ventral_nerve_cord,right,ventral_nerve_cord_intrinsic
3133,720575941561365549,,,,,,ventral_nerve_cord_ipsilateral_restricted,IN16B077,,,,,intrinsic,,,16B,IN16B077,id:21095,,,glutamate,glutamate,,,ventral_nerve_cord,left,ventral_nerve_cord_intrinsic
3134,720575941561372461,,,single_leg_neuromere,,,ventral_nerve_cord_contralateral_restricted,IN01A032,,,,,intrinsic,,,01A,IN01A032,id:15273,,,acetylcholine,acetylcholine,,,ventral_nerve_cord,left,ventral_nerve_cord_intrinsic
3135,720575941561375789,,,,,,ventral_nerve_cord_ipsilateral_restricted,IN09A096,,,,,intrinsic,,,09A,IN09A096,id:154460,,,gaba,gaba,,,ventral_nerve_cord,right,ventral_nerve_cord_intrinsic
3136,720575941561376045,,,,,,ventral_nerve_cord_bilateral_restricted,IN04B041,,,,,intrinsic,,,04B,IN04B041,id:20124,,,acetylcholine,acetylcholine,,,ventral_nerve_cord,right,ventral_nerve_cord_intrinsic
3137,720575941561376813,,,descending_neuron,,,,DNde006,DNde006,id:720575940625006776,,,intrinsic,,,putative_primary,DNxn184,id:16582,,,glutamate,,,,neck_connective,right,descending
3138,720575941561381933,,,,,,ventral_nerve_cord_bilateral_interconnecting,IN27X001,,,,,intrinsic,,,27X,IN27X001,id:10348,,,gaba,,BON1- BRK output neuron 1 (Sapkal et. al 2024),,ventral_nerve_cord,right,ventral_nerve_cord_intrinsic
3139,720575941561390637,,,,,,ventral_nerve_cord_ipsilateral_restricted,IN08A025,,,,,intrinsic,,,08A,IN08A025,id:26044,,,glutamate,glutamate,,,ventral_nerve_cord,right,ventral_nerve_cord_intrinsic
3140,720575941561392173,,,descending_neuron,,,,DNg39,DNg39,id:720575940634915691,,,intrinsic,,,LB7__prim,DNg39,id:13660,,,acetylcholine,,,,neck_connective,right,descending
3141,720575941561394066,,,,,,ventral_nerve_cord_ipsilateral_restricted,IN04B094,,,,,intrinsic,,,04B,IN04B094,id:29988,,,acetylcholine,acetylcholine,,,ventral_nerve_cord,left,ventral_nerve_cord_intrinsic
3142,720575941561395757,,,,,,ventral_nerve_cord_bilateral_interconnecting,INXXX045,,,,,intrinsic,,,TBD,INXXX045,id:13560,,,histamine,,,,ventral_nerve_cord,right,ventral_nerve_cord_intrinsic
3143,720575941561396269,,,,,,ventral_nerve_cord_bilateral_interconnecting,IN08B054,,,,,intrinsic,,,08B,IN08B054,id:17544,,,acetylcholine,acetylcholine,,,ventral_nerve_cord,left,ventral_nerve_cord_intrinsic
3144,720575941561409682,,,,,,ventral_nerve_cord_ipsilateral_restricted,IN19A092,,,,,intrinsic,,,19A,IN19A092,id:22626,,,gaba,gaba,,,ventral_nerve_cord,left,ventral_nerve_cord_intrinsic
3145,720575941561411474,,,single_leg_neuromere,,,ventral_nerve_cord_bilateral_interconnecting,IN20A.22A002,,,,,intrinsic,,,20A.22A,IN20A.22A002,id:11396,,,acetylcholine,acetylcholine,,,ventral_nerve_cord,right,ventral_nerve_cord_intrinsic
3146,720575941561420077,,,sequential_leg_neuromeres,,,ventral_nerve_cord_bilateral_interconnecting,IN01A005,,,,,intrinsic,,,01A,IN01A005,id:10661,,,acetylcholine,acetylcholine,,,ventral_nerve_cord,right,ventral_nerve_cord_intrinsic
3147,720575941561430829,,,descending_neuron,,,,oviDNa_b,oviDNa_b,id:720575940646173748,,,intrinsic,,,SMPpv1,,,,,gaba,,oviDNb-like,,neck_connective,right,descending
3148,720575941561433746,front_leg,,leg_motor_neuron,leg_motor,flex_tibia_tarsus_joint,front_leg_motor_neuron,tarsus_levator_D,,,,,efferent,,,,,,right_prothoracic_leg_nerve,,gaba,,,tarsus_levator_muscle,ventral_nerve_cord,right,motor
3149,720575941561535859,,,descending_neuron,,,,DNpe029,DNpe029,id:720575940626518858,,,intrinsic,,,,DNxl063,id:33339,,,acetylcholine,,,,neck_connective,right,descending
3150,720575941561553810,,,single_leg_neuromere,,,ventral_nerve_cord_ipsilateral_restricted,IN20A.22A028,,,,,intrinsic,,,20A.22A,IN20A.22A028,id:29974,,,acetylcholine,acetylcholine,,,ventral_nerve_cord,right,ventral_nerve_cord_intrinsic
3151,720575941561655341,,,descending_neuron,,,,DNae001,DNae001,id:720575940626328707,,,intrinsic,,,WEDd1,DNxl022,id:13466,,,acetylcholine,,,,neck_connective,right,descending
3152,720575941561776173,,,descending_neuron,,,,DNge129,DNge129,id:720575940613339875,,,intrinsic,,,MD3,DNxl120,id:11613,,,gaba,,,,neck_connective,left,descending
3153,720575941561894912,,,,,,ventral_nerve_cord_ipsilateral_restricted,IN20A.22A049,,,,,intrinsic,,,20A.22A,IN20A.22A049,id:25082,,,acetylcholine,acetylcholine,,,ventral_nerve_cord,left,ventral_nerve_cord_intrinsic
3154,720575941561898240,,,single_leg_neuromere,,,ventral_nerve_cord_contralateral_restricted,IN13B097,,,,,intrinsic,,,13B,,,,,gaba,gaba,,,ventral_nerve_cord,right,ventral_nerve_cord_intrinsic
3155,720575941561927680,,,,,,ventral_nerve_cord_ipsilateral_restricted,IN13A043,,,,,intrinsic,,,13A,,,,,gaba,gaba,,,ventral_nerve_cord,left,ventral_nerve_cord_intrinsic
3156,720575941561977088,front_leg,,leg_motor_neuron,leg_motor,extend_tibia_tarsus_joint,front_leg_motor_neuron,tarsus_depressor_B,,,,,efferent,,,,,,left_prothoracic_leg_nerve,,,,,tarsus_depressor_muscle,ventral_nerve_cord,left,motor
3157,720575941562036743,,,descending_neuron,,,,DNpe004,DNpe004,id:720575940605009097,,,intrinsic,,,putative_primary,DNxn106,id:32744,,,acetylcholine,,,,neck_connective,right,descending
3158,720575941562045952,,,single_leg_neuromere,,,ventral_nerve_cord_ipsilateral_restricted,IN21A001,,,,,intrinsic,,,21A,,,,,glutamate,,,,ventral_nerve_cord,right,ventral_nerve_cord_intrinsic
3159,720575941562056872,,,,,,ventral_nerve_cord_ipsilateral_restricted,IN04B081,,,,,intrinsic,,,04B,IN04B081,id:17584,,,acetylcholine,acetylcholine,,,ventral_nerve_cord,right,ventral_nerve_cord_intrinsic
3160,720575941562059176,,,descending_neuron,,,,DNg82,DNg82,id:720575940628582607,,,intrinsic,,,LB12,DNg01,id:19174,,,acetylcholine,,,,neck_connective,right,descending
3161,720575941562066088,,,ascending_neuron,,,,AN07B071,AN_GNG_172,id:720575940619054433,,,intrinsic,,,07B,AN07B071,id:24156,,,acetylcholine,acetylcholine,,,neck_connective,right,ascending
3162,720575941562105768,,,,,,ventral_nerve_cord_bilateral_restricted,IN08A050,,,,,intrinsic,,,08A,IN08A050,id:30827,,,glutamate,glutamate,,,ventral_nerve_cord,left,ventral_nerve_cord_intrinsic
3163,720575941562111271,,front_leg,bristle_neuron,tactile,,front_leg_bristle_neuron,SNta41,,,,id:1610,afferent,,,,SNta41,id:46878,left_prothoracic_leg_nerve,,acetylcholine,,,bristle,ventral_nerve_cord,left,sensory
3164,720575941562112551,,front_leg,bristle_neuron,tactile,,front_leg_bristle_neuron,SNta41,,,,id:1036,afferent,,,,SNta41,id:42341,left_prothoracic_leg_nerve,,acetylcholine,,,bristle,ventral_nerve_cord,left,sensory
3165,720575941562163368,,front_leg,bristle_neuron,tactile,,front_leg_bristle_neuron,SNta42,,,,,afferent,,,,SNta42,id:187659,right_ventral_prothoracic_nerve,,acetylcholine,,,bristle,ventral_nerve_cord,right,sensory
3166,720575941562217517,,,descending_neuron,,,,DNp24,DNp24,id:720575940645176264,,,intrinsic,DNp24,id:5813047199,putative_primary,DNp24,id:19452,,,gaba,gaba,,,neck_connective,right,descending
3167,720575941562240256,,,single_leg_neuromere,,,ventral_nerve_cord_ipsilateral_restricted,INXXX468,,,,,intrinsic,,,TBD,INXXX468,id:13246,,,acetylcholine,,LUL130,,ventral_nerve_cord,left,ventral_nerve_cord_intrinsic
3168,720575941562255149,,,ventral_nerve_cord_serially_convergent,,,ventral_nerve_cord_bilateral_interconnecting,IN08B056,,,,,intrinsic,,,08B,IN08B056,id:17084,,,acetylcholine,acetylcholine,,,ventral_nerve_cord,left,ventral_nerve_cord_intrinsic
3169,720575941562287202,,,ascending_neuron,,,,AN03A002,AN_GNG_199,id:720575940629941507,,,intrinsic,,,03A,AN03A002,id:10604,,,acetylcholine,acetylcholine,,,neck_connective,left,ascending
3170,720575941562290600,,front_leg,bristle_neuron,tactile,,front_leg_bristle_neuron,SNta42,,,,,afferent,,,,SNta42,id:58557,left_prothoracic_leg_nerve,,acetylcholine,,,bristle,ventral_nerve_cord,left,sensory
3171,720575941562373895,,,single_leg_neuromere,,,ventral_nerve_cord_ipsilateral_restricted,IN19A004,,,,,intrinsic,,,19A,,,,,gaba,gaba,,,ventral_nerve_cord,right,ventral_nerve_cord_intrinsic
3172,720575941562404008,,,descending_neuron,,,,DNge088,DNge088,id:720575940612629210,,,intrinsic,,,MX3,DNp17,id:27448,,,glutamate,,,,neck_connective,right,descending
3173,720575941562408967,,,,,,ventral_nerve_cord_ipsilateral_restricted,IN20A.22A062,,,,,intrinsic,,,20A.22A,IN20A.22A062,id:23501,,,acetylcholine,acetylcholine,,,ventral_nerve_cord,right,ventral_nerve_cord_intrinsic
3174,720575941562531218,,,,,,ventral_nerve_cord_contralateral_restricted,IN01A074,,,,,intrinsic,,,01A,IN01A074,id:23975,,,acetylcholine,acetylcholine,,,ventral_nerve_cord,right,ventral_nerve_cord_intrinsic
3175,720575941562721938,,,ascending_neuron,,,,AN05B054,AN_GNG_69,id:720575940631041956,,,intrinsic,,,05B,AN05B054,id:18009,,,gaba,gaba,,,neck_connective,right,ascending
3176,720575941562771624,,,descending_neuron,,,,DNpe009,DNpe009,id:720575940623052728,,,intrinsic,,,PSp2,DNnt012,id:32447,,,acetylcholine,,,,neck_connective,right,descending
3177,720575941562824343,,,,,,ventral_nerve_cord_contralateral_restricted,IN13B068,,,,,intrinsic,,,13B,,,,,gaba,gaba,,,ventral_nerve_cord,left,ventral_nerve_cord_intrinsic
3178,720575941562942103,,,,,,ventral_nerve_cord_ipsilateral_restricted,IN20A.22A040,,,,,intrinsic,,,20A.22A,IN20A.22A040,id:24723,,,acetylcholine,acetylcholine,,,ventral_nerve_cord,left,ventral_nerve_cord_intrinsic
3179,720575941562972055,,,,,,ventral_nerve_cord_ipsilateral_restricted,IN13A063,,,,,intrinsic,,,13A,IN13A063,id:24117,,,gaba,gaba,,,ventral_nerve_cord,right,ventral_nerve_cord_intrinsic
3180,720575941562979479,,,single_leg_neuromere,,,ventral_nerve_cord_ipsilateral_restricted,IN20A.22A039,,,,,intrinsic,,,20A.22A,IN20A.22A039,id:29728,,,acetylcholine,acetylcholine,,,ventral_nerve_cord,right,ventral_nerve_cord_intrinsic
3181,720575941562981522,,,descending_neuron,,,,DNg08_a,DNg08_a,id:720575940636761926,,,intrinsic,,,MX3,DNut048,id:23813,,,gaba,,,,neck_connective,left,descending
3182,720575941562983575,,,single_leg_neuromere,,,ventral_nerve_cord_ipsilateral_restricted,IN16B075,,,,,intrinsic,,,16B,IN16B075,id:18529,,,glutamate,glutamate,,,ventral_nerve_cord,left,ventral_nerve_cord_intrinsic
3183,720575941563064071,,,descending_neuron,,,,DNg12_c,DNg12_c,id:720575940645032580,,,intrinsic,,,MX12,DNg12,id:27728,,,acetylcholine,,MX12_R_2,,neck_connective,right,descending
3184,720575941563084690,,,ascending_neuron,,,,AN07B042,SA_DMT_DMetaN_8,id:720575940617492939,,,intrinsic,,,07B,AN07B042,id:17287,,,acetylcholine,acetylcholine,,,neck_connective,left,ascending
3185,720575941563161256,,,,,,ventral_nerve_cord_ipsilateral_restricted,IN20A.22A071,,,,,intrinsic,,,20A.22A,IN20A.22A071,id:153118,,,acetylcholine,acetylcholine,,,ventral_nerve_cord,left,ventral_nerve_cord_intrinsic
3186,720575941563161512,,,ventral_nerve_cord_dorsal,,,ventral_nerve_cord_ipsilateral_interconnecting,IN12A002,,,,,intrinsic,,,12A,IN12A002,id:11104,,,acetylcholine,acetylcholine,,,ventral_nerve_cord,right,ventral_nerve_cord_intrinsic
3187,720575941563170984,,"coxa,front_leg",hair_plate_neuron,proprioception,joint_angle,front_leg_hair_plate_neuron,SNpp45,,,,,afferent,,,,SNpp45,id:22677,left_ventral_prothoracic_nerve,,gaba,,CoHP8,"CoHP8,hair_plate",ventral_nerve_cord,left,sensory
3188,720575941563172776,,,single_leg_neuromere,,,ventral_nerve_cord_ipsilateral_restricted,IN19A005,,,,,intrinsic,,,19A,IN19A005,id:10259,,,gaba,gaba,,,ventral_nerve_cord,right,ventral_nerve_cord_intrinsic
3189,720575941563183016,,,descending_neuron,,,,DNg74_b,DNg74_b,id:720575940627087646,,,intrinsic,,,MX3,DNg74,id:10532,,,gaba,,,,neck_connective,right,descending
3190,720575941563184040,,,,,,ventral_nerve_cord_bilateral_interconnecting,IN07B001,,,,,intrinsic,,,07B,IN07B001,id:10018,,,acetylcholine,acetylcholine,,,ventral_nerve_cord,right,ventral_nerve_cord_intrinsic
3191,720575941563201687,,,descending_neuron,,,,DNg12_e,DNg12_e,id:720575940621767306,,,intrinsic,,,MX12,,,,,acetylcholine,,MX12_L_34,,neck_connective,left,descending
3192,720575941563218944,,,descending_neuron,,,,DNae010,DNae010,id:720575940630868281,,,intrinsic,PS016,id:1292713151,WEDd1,DNxn122,id:13336,,,acetylcholine,,,,neck_connective,right,descending
3193,720575941563237778,,,,,,,,,,,,,,,,,,,,,,,,ventral_nerve_cord,right,glia
3194,720575941563254070,,,ventral_nerve_cord_dorsal,,,ventral_nerve_cord_bilateral_interconnecting,IN00A041,,,,,intrinsic,,,00A,IN00A041,id:20361,,,gaba,gaba,,,ventral_nerve_cord,left,ventral_nerve_cord_intrinsic
3195,720575941563294110,,front_leg,bristle_neuron,tactile,,front_leg_bristle_neuron,SNta38,,,,id:1423,afferent,,,,SNta38,id:149906,left_prothoracic_leg_nerve,,gaba,,,bristle,ventral_nerve_cord,left,sensory
3196,720575941563334912,,,descending_neuron,,,,DNp17,DNp17,id:720575940628895787,,,intrinsic,DNp17,id:5813054498,PSp2,DNp17,id:26587,,,acetylcholine,,,,neck_connective,right,descending
3197,720575941563338664,,,ascending_neuron,,,,AN08B028,AN_AVLP_50,id:720575940621970445,,,intrinsic,,,08B,AN08B028,id:11462,,,acetylcholine,acetylcholine,,,neck_connective,right,ascending
3198,720575941563358774,,,single_leg_neuromere,,,ventral_nerve_cord_contralateral_restricted,IN12B039,,,,,intrinsic,,,12B,IN12B039,id:16961,,,gaba,gaba,,,ventral_nerve_cord,left,ventral_nerve_cord_intrinsic
3199,720575941563363638,,,,,,ventral_nerve_cord_ipsilateral_restricted,IN04B093,,,,,intrinsic,,,04B,IN04B093,id:20885,,,acetylcholine,acetylcholine,,,ventral_nerve_cord,right,ventral_nerve_cord_intrinsic
3200,720575941563370038,,,single_leg_neuromere,,,ventral_nerve_cord_bilateral_restricted,IN10B012,,,,,intrinsic,,,10B,IN10B012,id:11775,,,acetylcholine,acetylcholine,,,ventral_nerve_cord,right,ventral_nerve_cord_intrinsic
3201,720575941563391383,,,descending_neuron,,,,DNg82,DNg82,id:720575940614843275,,,intrinsic,,,LB12,DNg01,id:18840,,,acetylcholine,,,,neck_connective,left,descending
3202,720575941563469207,,,,,,ventral_nerve_cord_ipsilateral_restricted,IN20A.22A056,,,,,intrinsic,,,20A.22A,IN20A.22A056,id:167220,,,acetylcholine,acetylcholine,,,ventral_nerve_cord,right,ventral_nerve_cord_intrinsic
3203,720575941563541351,,,ascending_neuron,,,,AN10B019,AN_AVLP_GNG_21,id:720575940625161530,,,intrinsic,,,10B,AN10B019,id:12518,,,acetylcholine,acetylcholine,,,neck_connective,right,ascending
3204,720575941563551656,,,ascending_neuron,,,,ANXXX109,AN_AMMC_SAD_2,id:720575940620122561,,,intrinsic,,,TBD,ANXXX109,id:13811,,,gaba,,,,neck_connective,left,ascending
3205,720575941563646050,,,ascending_neuron,,,,AN07B005,AN_GNG_178,id:720575940641781152,,,intrinsic,,,07B,AN07B005,id:10443,,,acetylcholine,acetylcholine,,,neck_connective,right,ascending
3206,720575941563731463,,,,,,ventral_nerve_cord_bilateral_interconnecting,IN23B072,,,,,intrinsic,,,23B,IN23B072,id:29475,,,acetylcholine,acetylcholine,,,ventral_nerve_cord,,ventral_nerve_cord_intrinsic
3207,720575941563828487,,,,tactile,,ventral_nerve_cord_bilateral_interconnecting,IN06B016,,,,,intrinsic,,,06B,IN06B016,id:11595,,,gaba,gaba,,,ventral_nerve_cord,right,ventral_nerve_cord_intrinsic
3208,720575941563864886,,,ventral_nerve_cord_serially_convergent,,,ventral_nerve_cord_bilateral_interconnecting,IN07B007,,,,,intrinsic,,,07B,,,,,glutamate,,,,ventral_nerve_cord,right,ventral_nerve_cord_intrinsic
3209,720575941563866536,,,descending_neuron,,,,DNg08_b,DNg08_b,id:720575940632339425,,,intrinsic,,,MX3,DNg08,id:25606,,,gaba,,,,neck_connective,right,descending
3210,720575941563874151,,,,,,ventral_nerve_cord_bilateral_interconnecting,IN11A005,,,,,intrinsic,,,11A,IN11A005,id:15590,,,acetylcholine,acetylcholine,,,ventral_nerve_cord,right,ventral_nerve_cord_intrinsic
3211,720575941563953718,,,single_leg_neuromere,,,ventral_nerve_cord_ipsilateral_restricted,IN08A049,,,,,intrinsic,,,08A,IN08A049,id:29446,,,glutamate,glutamate,,,ventral_nerve_cord,right,ventral_nerve_cord_intrinsic
3212,720575941563967847,,,ascending_neuron,,,,AN27X008,MsAHN,id:720575940630175276,,,intrinsic,,,27X,AN27X008,id:13926,,,histamine,histamine,,,neck_connective,left,ascending
3213,720575941563973174,front_leg,,leg_motor_neuron,leg_motor,unknown_leg_movement,front_leg_motor_neuron,femur_reductor_tiny,,,,,efferent,,,TBD,Fe reductor MN,id:219894,left_prothoracic_leg_nerve,,,,,femur_reductor_muscle,ventral_nerve_cord,left,motor
3214,720575941563978294,,,,,,ventral_nerve_cord_ipsilateral_restricted,IN04B015,,,,,intrinsic,,,04B,IN04B015,id:15524,,,acetylcholine,acetylcholine,,,ventral_nerve_cord,right,ventral_nerve_cord_intrinsic
3215,720575941564045480,,,single_leg_neuromere,,,ventral_nerve_cord_ipsilateral_interconnecting,IN09A078,,,,,intrinsic,,,09A,IN09A078,id:28723,,,gaba,gaba,,,ventral_nerve_cord,right,ventral_nerve_cord_intrinsic
3216,720575941564062727,,,,,,ventral_nerve_cord_ipsilateral_restricted,IN03A046,,,,,intrinsic,,,03A,IN03A046,id:158513,,,acetylcholine,acetylcholine,,,ventral_nerve_cord,right,ventral_nerve_cord_intrinsic
3217,720575941564085255,,,,,,ventral_nerve_cord_ipsilateral_restricted,IN04B066,,,,,intrinsic,,,04B,IN04B066,id:33615,,,acetylcholine,acetylcholine,,,ventral_nerve_cord,right,ventral_nerve_cord_intrinsic
3218,720575941564097031,,,,,,ventral_nerve_cord_bilateral_restricted,IN16B058,,,,,intrinsic,,,16B,IN16B058,id:22184,,,glutamate,glutamate,,,ventral_nerve_cord,left,ventral_nerve_cord_intrinsic
3219,720575941564097799,,,,,,ventral_nerve_cord_ipsilateral_restricted,IN09A083,,,,,intrinsic,,,09A,IN09A083,id:30185,,,gaba,gaba,,,ventral_nerve_cord,right,ventral_nerve_cord_intrinsic
3220,720575941564101383,,,single_leg_neuromere,,,ventral_nerve_cord_ipsilateral_restricted,IN19A016,,,,,intrinsic,,,19A,IN19A016,id:11511,,,gaba,gaba,,,ventral_nerve_cord,left,ventral_nerve_cord_intrinsic
3221,720575941564111202,,,,,,ventral_nerve_cord_ipsilateral_restricted,IN19A061,,,,,intrinsic,,,19A,IN19A061,id:14231,,,gaba,gaba,,,ventral_nerve_cord,left,ventral_nerve_cord_intrinsic
3222,720575941564118418,,,single_leg_neuromere,,,ventral_nerve_cord_contralateral_restricted,IN14A023,,,,,intrinsic,,,14A,IN14A023,id:18955,,,glutamate,,,,ventral_nerve_cord,left,ventral_nerve_cord_intrinsic
3223,720575941564118674,,,,,,ventral_nerve_cord_ipsilateral_restricted,IN04B014,,,,,intrinsic,,,04B,IN04B014,id:14389,,,acetylcholine,acetylcholine,,,ventral_nerve_cord,left,ventral_nerve_cord_intrinsic
3224,720575941564152722,,,ascending_neuron,,,,AN07B045,AN_GNG_179,id:720575940622674504,,,intrinsic,,,07B,AN07B045,id:19270,,,acetylcholine,acetylcholine,,,neck_connective,left,ascending
3225,720575941564155904,,,descending_neuron,,,,DNpe012,DNpe012,id:720575940622836970,,,intrinsic,,,PSp2,DNnt012,id:32039,,,acetylcholine,,,,neck_connective,left,descending
3226,720575941564186007,,,descending_neuron,,,,DNg52,DNg52,id:720575940624967463,,,intrinsic,,,MX3,DNg52,id:26926,,,gaba,,,,neck_connective,left,descending
3227,720575941564187655,,front_leg,bristle_neuron,tactile,,front_leg_bristle_neuron,SNta29,,,,,afferent,,,,SNta29,id:35492,left_prothoracic_leg_nerve,,acetylcholine,,,bristle,ventral_nerve_cord,left,sensory
3228,720575941564279399,,,single_leg_neuromere,,,ventral_nerve_cord_ipsilateral_restricted,IN17A061,,,,,intrinsic,,,17A,IN17A061,id:15497,,,acetylcholine,acetylcholine,,,ventral_nerve_cord,right,ventral_nerve_cord_intrinsic
3229,720575941564402023,,,descending_neuron,,,,DNg09,DNg09,id:720575940630297292,,,intrinsic,,,LB7,DNxn144,id:39158,,,acetylcholine,acetylcholine,,,neck_connective,left,descending
3230,720575941564409344,,,,,,ventral_nerve_cord_bilateral_interconnecting,IN08B021,,,,,intrinsic,,,08B,IN08B021,id:21915,,,acetylcholine,acetylcholine,,,ventral_nerve_cord,right,ventral_nerve_cord_intrinsic
3231,720575941564410112,,,descending_neuron,,,,DNg05_b,DNg05_b,id:720575940622347784,,,intrinsic,,,LB12,DNut047,id:25479,,,acetylcholine,,,,neck_connective,left,descending
3232,720575941564422290,,,ascending_neuron,,,,AN08B050,AN_GNG_28,id:720575940624403843,,,intrinsic,,,08B,AN08B050,id:15592,,,acetylcholine,acetylcholine,,,neck_connective,left,ascending
3233,720575941564423680,,,,,,ventral_nerve_cord_bilateral_interconnecting,IN07B001,,,,,intrinsic,,,07B,IN07B001,id:10166,,,acetylcholine,acetylcholine,,,ventral_nerve_cord,right,ventral_nerve_cord_intrinsic
3234,720575941564432786,,,descending_neuron,,,,DNge079,DNge079,id:720575940632296519,,,intrinsic,,,putative_primary,DNxl080,id:10117,,,gaba,,,,neck_connective,right,descending
3235,720575941564504832,,,descending_neuron,,,,DNge077,DNge077,id:720575940628869648,,,intrinsic,,,putative_primary,DNfl025,id:27523,,,acetylcholine,,,,neck_connective,right,descending
3236,720575941564573287,,,,,,ventral_nerve_cord_bilateral_interconnecting,IN08B082,,,,,intrinsic,,,08B,IN08B082,id:18652,,,acetylcholine,acetylcholine,,,ventral_nerve_cord,right,ventral_nerve_cord_intrinsic
3237,720575941564627766,,,,,,ventral_nerve_cord_bilateral_interconnecting,IN11A044,,,,,intrinsic,,,11A,IN11A044,id:30965,,,acetylcholine,acetylcholine,,,ventral_nerve_cord,left,ventral_nerve_cord_intrinsic
3238,720575941564649216,,,descending_neuron,,,,DNpe033,DNpe033,id:720575940619451989,,,intrinsic,,,DM2_central,DNit012,id:44201,,,gaba,,,,neck_connective,left,descending
3239,720575941564678551,,,single_leg_neuromere,,,ventral_nerve_cord_ipsilateral_restricted,IN13A008,,,,,intrinsic,,,13A,IN13A008,id:14478,,,gaba,gaba,,,ventral_nerve_cord,left,ventral_nerve_cord_intrinsic
3240,720575941564728727,,,,,,,,,,,,afferent,,,,,,left_prothoracic_leg_nerve,,acetylcholine,,,,ventral_nerve_cord,left,sensory
3241,720575941564818688,front_leg,,leg_motor_neuron,leg_motor,flex_coxa_trochanter_joint,front_leg_motor_neuron,accessory_trochanter_flexor,,,,,efferent,,,,Acc. tr flexor MN,id:14783,right_prothoracic_leg_nerve,,gaba,,,accessory_trochanter_flexor_muscle,ventral_nerve_cord,right,motor
3242,720575941564826466,,front_leg,bristle_neuron,tactile,,front_leg_bristle_neuron,SNta42,,,,,afferent,,,,SNta42,id:152300,right_prothoracic_leg_nerve,,acetylcholine,,,bristle,ventral_nerve_cord,right,sensory
3243,720575941564835938,,,,,,ventral_nerve_cord_ipsilateral_restricted,IN03A046,,,,,intrinsic,,,03A,IN03A046,id:22260,,,acetylcholine,acetylcholine,,,ventral_nerve_cord,right,ventral_nerve_cord_intrinsic
3244,720575941564868498,,front_leg,chordotonal_organ_neuron,proprioception,direction,front_leg_hook_chordotonal_organ_neuron,SNpp39,,,,,afferent,,,,SNpp39,id:100412,right_prothoracic_leg_nerve,,gaba,acetylcholine,,chordotonal_organ,ventral_nerve_cord,right,sensory
3245,720575941565091847,,,descending_neuron,,,,DNge147,DNge147,id:720575940632178892,,,intrinsic,,,MX12,DNfl026,id:27026,,,acetylcholine,,,,neck_connective,right,descending
3246,720575941565099623,,,ascending_neuron,,,,AN19B004,AN_9_None,id:720575940635221172,,,intrinsic,,,19B,AN19B004,id:10232,,,acetylcholine,acetylcholine,,,neck_connective,right,ascending
3247,720575941565100551,,,ascending_neuron,,,,AN10B039,AN_GNG_165,id:720575940615438521,,,intrinsic,,,10B,AN10B039,id:25413,,,acetylcholine,acetylcholine,,,neck_connective,right,ascending
3248,720575941565115655,,"front_leg,trochanter",hair_plate_neuron,proprioception,joint_angle,front_leg_hair_plate_neuron,,,,,,afferent,,,,,,left_prothoracic_leg_nerve,,gaba,,,hair_plate,ventral_nerve_cord,left,sensory
3249,720575941565120007,,,single_leg_neuromere,,,ventral_nerve_cord_bilateral_restricted,IN04B008,,,,,intrinsic,,,04B,IN04B008,id:12523,,,acetylcholine,acetylcholine,,,ventral_nerve_cord,left,ventral_nerve_cord_intrinsic
3250,720575941565128967,,,single_leg_neuromere,,,ventral_nerve_cord_ipsilateral_restricted,IN21A010,,,,,intrinsic,,,21A,IN21A010,id:11854,,,acetylcholine,,,,ventral_nerve_cord,right,ventral_nerve_cord_intrinsic
3251,720575941565182562,,,single_leg_neuromere,,,ventral_nerve_cord_ipsilateral_restricted,IN21A007,,,,,intrinsic,,,21A,IN21A007,id:12260,,,glutamate,,,,ventral_nerve_cord,right,ventral_nerve_cord_intrinsic
3252,720575941565241495,,front_leg,bristle_neuron,tactile,,front_leg_bristle_neuron,SNta41,,,,,afferent,,,,SNta41,id:150224,left_prothoracic_leg_nerve,,acetylcholine,,,bristle,ventral_nerve_cord,left,sensory
3253,720575941565245794,,,descending_neuron,,,,DNge132,DNge132,id:720575940631982952,,,intrinsic,,,putative_primary,DNxn151,id:13820,,,acetylcholine,,,,neck_connective,left,descending
3254,720575941565249334,,front_leg,bristle_neuron,tactile,,front_leg_bristle_neuron,SNta41,,,,,afferent,,,,SNta41,id:46878,left_prothoracic_leg_nerve,,acetylcholine,,,bristle,ventral_nerve_cord,left,sensory
3255,720575941565255570,,,descending_neuron,,,,DNa10,DNa10,id:720575940627946261,,,intrinsic,,,WEDd1,DNa10,id:10531,,,acetylcholine,acetylcholine,,,neck_connective,right,descending
3256,720575941565293063,,,descending_neuron,,,,DNge019,DNge019,id:720575940630221563,,,intrinsic,,,MX12,DNg12,id:30999,,,acetylcholine,,MX12_L_28,,neck_connective,left,descending
3257,720575941565361198,,,,,,ventral_nerve_cord_ipsilateral_restricted,IN13A071,,,,,intrinsic,,,13A,IN13A071,id:152586,,,gaba,gaba,,,ventral_nerve_cord,right,ventral_nerve_cord_intrinsic
3258,720575941565362578,,,,,,ventral_nerve_cord_ipsilateral_interconnecting,IN03B016,,,,,intrinsic,,,03B,IN03B016,id:10768,,,gaba,,,,ventral_nerve_cord,right,ventral_nerve_cord_intrinsic
3259,720575941565369490,,,,,,ventral_nerve_cord_ipsilateral_restricted,IN04B094,,,,,intrinsic,,,04B,IN04B094,id:165318,,,acetylcholine,acetylcholine,,,ventral_nerve_cord,left,ventral_nerve_cord_intrinsic
3260,720575941565385006,,,,,,ventral_nerve_cord_ipsilateral_restricted,IN08A036,,,,,intrinsic,,,08A,IN08A036,id:21340,,,glutamate,glutamate,,,ventral_nerve_cord,left,ventral_nerve_cord_intrinsic
3261,720575941565392482,,,descending_neuron,,,,DNge174,DNge174,id:720575940645045527,,,intrinsic,,,MX12__prim,DNfl021,id:31381,,,acetylcholine,,,,neck_connective,left,descending
3262,720575941565405998,,,single_leg_neuromere,,,ventral_nerve_cord_ipsilateral_restricted,IN03B035,,,,,intrinsic,,,03B,IN03B035,id:171350,,,gaba,,,,ventral_nerve_cord,left,ventral_nerve_cord_intrinsic
3263,720575941565467287,,,,,,ventral_nerve_cord_bilateral_restricted,IN03A051,,,,,intrinsic,,,03A,IN03A051,id:17867,,,acetylcholine,acetylcholine,,,ventral_nerve_cord,left,ventral_nerve_cord_intrinsic
3264,720575941565477174,,,descending_neuron,,,,DNde003,DNde003,id:720575940625718053,,,intrinsic,,,,DNfl021,id:31787,,,acetylcholine,,,,neck_connective,right,descending
3265,720575941565477527,,,single_leg_neuromere,proprioception,,ventral_nerve_cord_bilateral_restricted,IN23B024,,,,,intrinsic,,,23B,IN23B024,id:159647,,,acetylcholine,,,,ventral_nerve_cord,left,ventral_nerve_cord_intrinsic
3266,720575941565484135,,,,,,ventral_nerve_cord_ipsilateral_restricted,IN03A080,,,,,intrinsic,,,03A,IN03A080,id:21142,,,acetylcholine,acetylcholine,,,ventral_nerve_cord,right,ventral_nerve_cord_intrinsic
3267,720575941565487767,,prosternal_organ,hair_plate_neuron,proprioception,joint_angle,prosternal_hair_plate_neuron,SNpp19,,,,,afferent,,,,SNpp19,id:16823,left_prosternal_nerve,,acetylcholine,,,hair_plate,ventral_nerve_cord,left,sensory
3268,720575941565499543,,,ascending_neuron,,,,AN07B045,SA_DMT_ADMN_7,id:720575940638457552,,,intrinsic,,,07B,AN07B045,id:14004,,,acetylcholine,acetylcholine,,,neck_connective,right,ascending
3269,720575941565508759,,,descending_neuron,,,,DNxl128,DNge102,id:720575940623706405,,,intrinsic,,,,DNxl128,id:18265,,,glutamate,,,,neck_connective,left,descending
3270,720575941565515927,,,,tactile,,ventral_nerve_cord_ipsilateral_restricted,IN01B045,,,,,intrinsic,,,01B,IN01B045,id:27658,,,gaba,gaba,,,ventral_nerve_cord,right,ventral_nerve_cord_intrinsic
3271,720575941565519255,,"front_leg,trochanter",hair_plate_neuron,proprioception,joint_angle,front_leg_hair_plate_neuron,SNpp52,,,,id:1384,afferent,,,,SNpp52,id:17486,left_prothoracic_leg_nerve,,gaba,,,hair_plate,ventral_nerve_cord,left,sensory
3272,720575941565553920,front_leg,,leg_motor_neuron,leg_motor,flex_femur_tibia_joint,front_leg_motor_neuron,accessory_tibia_flexor_C,,,,,efferent,,,24B.25B,,,right_prothoracic_leg_nerve,,acetylcholine,,,accessory_tibia_flexor_muscle,ventral_nerve_cord,right,motor
3273,720575941565694262,,,descending_neuron,,,,DNge011,DNge011,id:720575940610872014,,,intrinsic,,,putative_primary,DNfl036,id:19369,,,acetylcholine,,,,neck_connective,right,descending
3274,720575941565716578,,,descending_neuron,,,,DNfl030,,,,,intrinsic,,,,DNfl030,id:23953,,,acetylcholine,,,,neck_connective,left,descending
3275,720575941565863175,,,,,,ventral_nerve_cord_ipsilateral_restricted,IN16B076,,,,,intrinsic,,,16B,IN16B076,id:20652,,,glutamate,glutamate,,,ventral_nerve_cord,left,ventral_nerve_cord_intrinsic
3276,720575941566084871,,,ascending_neuron,,,,AN07B004,AN_multi_28,id:720575940626462014,,,intrinsic,,,07B,AN07B004,id:11410,,,gaba,acetylcholine,PS299,,neck_connective,right,ascending
3277,720575941566087687,,,ascending_neuron,,,,AN04B051,AN_multi_46,id:720575940614153937,,,intrinsic,,,04B,AN04B051,id:20275,,,acetylcholine,acetylcholine,,,neck_connective,right,ascending
3278,720575941566132119,,,descending_neuron,,,,DNg22,DNg22,id:720575940628030440,,,intrinsic,,,putative_primary,DNg22,id:14244,,FMRFa,serotonin,,,,neck_connective,right,descending
3279,720575941566133558,,,single_leg_neuromere,,,ventral_nerve_cord_ipsilateral_restricted,IN21A017,,,,,intrinsic,,,21A,IN21A017,id:12233,,,acetylcholine,,,,ventral_nerve_cord,right,ventral_nerve_cord_intrinsic
3280,720575941566170422,,,descending_neuron,,,,DNp14,DNp14,id:720575940640747352,,,intrinsic,,,putative_primary,DNp14,id:12623,,,acetylcholine,,,,neck_connective,left,descending
3281,720575941566180199,,,descending_neuron,,,,DNge018,DNge018,id:720575940625641402,,,intrinsic,,,LB7__prim,DNg89,id:21284,,,acetylcholine,,,,neck_connective,left,descending
3282,720575941566182966,,,ascending_neuron,,,,AN04A001,,,,,intrinsic,,,04A,AN04A001,id:11260,,,acetylcholine,,,,ventral_nerve_cord,right,ascending
3283,720575941566196278,,,,,,ventral_nerve_cord_bilateral_restricted,IN01A047,,,,,intrinsic,,,01A,IN01A047,id:16618,,,acetylcholine,acetylcholine,,,ventral_nerve_cord,left,ventral_nerve_cord_intrinsic
3284,720575941566198114,,,single_leg_neuromere,,,ventral_nerve_cord_bilateral_restricted,IN23B028,,,,,intrinsic,,,23B,IN23B028,id:15820,,,acetylcholine,acetylcholine,,,ventral_nerve_cord,right,ventral_nerve_cord_intrinsic
3285,720575941566203702,,,single_leg_neuromere,,,ventral_nerve_cord_ipsilateral_restricted,IN16B042,,,,,intrinsic,,,16B,IN16B042,id:15687,,,glutamate,glutamate,,,ventral_nerve_cord,right,ventral_nerve_cord_intrinsic
3286,720575941566268519,,,,,,ventral_nerve_cord_bilateral_interconnecting,IN23B072,,,,,intrinsic,,,23B,IN23B072,id:49724,,,acetylcholine,acetylcholine,,,ventral_nerve_cord,left,ventral_nerve_cord_intrinsic
3287,720575941566309174,,,descending_neuron,,,,DNp26,DNp26,id:720575940619432261,,,intrinsic,,,putative_primary,DNp26,id:11938,,,acetylcholine,,,,neck_connective,left,descending
3288,720575941566364982,,,descending_neuron,,,,DNge122,DNge122,id:720575940647031860,,,intrinsic,,,MX3,DNxn166,id:12733,,,gaba,,,,neck_connective,left,descending
3289,720575941566487655,,,descending_neuron,,,,DNge074,DNge074,id:720575940612429743,,,intrinsic,,,,DNxl110,id:12820,,,acetylcholine,,,,neck_connective,left,descending
3290,720575941566493282,,,descending_neuron,,,,DNp09,DNp09,id:720575940635872101,,,intrinsic,,,SMPpv2_ventral,DNp09,id:12926,,,acetylcholine,acetylcholine,,,neck_connective,left,descending
3291,720575941566500455,,,ascending_neuron,,,,AN18B020,SA_DMT_DMetaN_8,id:720575940625145221,,,intrinsic,,,18B,AN18B020,id:12842,,,acetylcholine,acetylcholine,,,neck_connective,left,ascending
3292,720575941566565174,,,descending_neuron,,,,CB0191,CB0191,id:720575940634139799,,,intrinsic,,,,,,,,acetylcholine,,MooSEZ,,central_brain,right,descending
3293,720575941566679598,,,ascending_neuron,,,,AN10B024,AN_VES_WED_2,id:720575940622135757,,,intrinsic,,,10B,AN10B024,id:12720,,,acetylcholine,acetylcholine,,,neck_connective,left,ascending
3294,720575941566729460,,,ascending_neuron,,,,AN04B003,AN_IPS_GNG_7,id:720575940620809599,,,intrinsic,,,04B,AN04B003,id:13414,,,acetylcholine,acetylcholine,,,neck_connective,right,ascending
3295,720575941566797818,,,sequential_leg_neuromeres,,,ventral_nerve_cord_ipsilateral_interconnecting,IN09A009,,,,,intrinsic,,,09A,IN09A009,id:100491,,,gaba,gaba,,,ventral_nerve_cord,left,ventral_nerve_cord_intrinsic
3296,720575941566802170,,,,,,ventral_nerve_cord_bilateral_interconnecting,vPR6,,,,,intrinsic,,,12A,,,,,acetylcholine,acetylcholine,,,ventral_nerve_cord,right,ventral_nerve_cord_intrinsic
3297,720575941566848250,,,single_leg_neuromere,,,ventral_nerve_cord_ipsilateral_restricted,IN04B078,,,,,intrinsic,,,04B,IN04B078,id:100339,,,acetylcholine,acetylcholine,,,ventral_nerve_cord,left,ventral_nerve_cord_intrinsic
3298,720575941566889210,,,,,,ventral_nerve_cord_ipsilateral_restricted,IN20A.22A040,,,,,intrinsic,,,20A.22A,,,,,acetylcholine,acetylcholine,,,ventral_nerve_cord,right,ventral_nerve_cord_intrinsic
3299,720575941566924135,front_leg,,leg_motor_neuron,leg_motor,unknown_leg_movement,front_leg_motor_neuron,femur_reductor_tiny,,,,,efferent,,,TBD,Fe reductor MN,id:29484,right_prothoracic_leg_nerve,,,,,femur_reductor_muscle,ventral_nerve_cord,right,motor
3300,720575941566930420,,,,,,ventral_nerve_cord_contralateral_restricted,IN13B040,,,,,intrinsic,,,13B,,,,,gaba,,,,ventral_nerve_cord,left,ventral_nerve_cord_intrinsic
3301,720575941566973434,,front_leg,chordotonal_organ_neuron,proprioception,position,front_leg_claw_chordotonal_organ_neuron,SNpp50,,,,,afferent,,,,SNpp50,id:163745,left_prothoracic_leg_nerve,,gaba,acetylcholine,claw,chordotonal_organ,ventral_nerve_cord,left,sensory
3302,720575941567054068,,,single_leg_neuromere,,,ventral_nerve_cord_ipsilateral_restricted,IN03A088,,,,,intrinsic,,,03A,IN03A088,id:23985,,,acetylcholine,acetylcholine,,,ventral_nerve_cord,left,ventral_nerve_cord_intrinsic
3303,720575941567062375,,"coxa,front_leg",hair_plate_neuron,proprioception,joint_angle,front_leg_hair_plate_neuron,SNppxx,,,,,afferent,,,,SNppxx,id:33176,left_prothoracic_accessory_nerve,,gaba,,CoHP4,"CoHP4,hair_plate",ventral_nerve_cord,left,sensory
3304,720575941567089908,,,ascending_neuron,,,,AN03A002,AN_GNG_199,id:720575940615076418,,,intrinsic,,,03A,AN03A002,id:11069,,,acetylcholine,acetylcholine,,,neck_connective,right,ascending
3305,720575941567114866,,,,,,ventral_nerve_cord_ipsilateral_restricted,IN13A051,,,,,intrinsic,,,13A,IN13A051,id:29980,,,gaba,gaba,,,ventral_nerve_cord,left,ventral_nerve_cord_intrinsic
3306,720575941567187962,,,descending_neuron,,,,DNg92_b,DNg92_b,id:720575940638159472,,,intrinsic,,,LB12,DNg92,id:32656,,,acetylcholine,,,,neck_connective,right,descending
3307,720575941567199790,,,descending_neuron,,,,DNge101,DNge101,id:720575940639553920,,,intrinsic,,,MD3,DNxl090,id:16803,,,gaba,,,,neck_connective,right,descending
3308,720575941567220270,,,,,,ventral_nerve_cord_ipsilateral_restricted,IN04B115,,,,,intrinsic,,,04B,IN04B115,id:33190,,,acetylcholine,acetylcholine,,,ventral_nerve_cord,right,ventral_nerve_cord_intrinsic
3309,720575941567249908,,,single_leg_neuromere,,,ventral_nerve_cord_ipsilateral_restricted,IN08A019,,,,,intrinsic,,,08A,IN08A019,id:16986,,,glutamate,glutamate,,,ventral_nerve_cord,left,ventral_nerve_cord_intrinsic
3310,720575941568148082,,,single_leg_neuromere,,,ventral_nerve_cord_ipsilateral_restricted,IN09A003,,,,,intrinsic,,,09A,IN09A003,id:11196,,,gaba,gaba,,,ventral_nerve_cord,right,ventral_nerve_cord_intrinsic
3311,720575941568187694,,front_leg,chordotonal_organ_neuron,proprioception,position,front_leg_claw_chordotonal_organ_neuron,SNpp51,,,,,afferent,,,,SNpp51,id:172951,right_prothoracic_leg_nerve,,gaba,acetylcholine,claw,chordotonal_organ,ventral_nerve_cord,right,sensory
3312,720575941568199726,,,descending_neuron,,,,DNge011,DNge011,id:720575940625306603,,,intrinsic,,,putative_primary,DNg12,id:28478,,,acetylcholine,,,,neck_connective,left,descending
3313,720575941568206894,,,ventral_nerve_cord_centrifugal,,,ventral_nerve_cord_bilateral_interconnecting,IN12B002,,,,,intrinsic,,,12B,IN12B002,id:10367,,,gaba,gaba,,,ventral_nerve_cord,left,ventral_nerve_cord_intrinsic
3314,720575941568298746,,,,,,ventral_nerve_cord_bilateral_restricted,IN04B050,,,,,intrinsic,,,04B,IN04B050,id:18571,,,acetylcholine,acetylcholine,,,ventral_nerve_cord,left,ventral_nerve_cord_intrinsic
3315,720575941568317230,,,ascending_neuron,,,,AN12A017,AN_GNG_41,id:720575940633251320,,,intrinsic,,,12A,AN12A017,id:14757,,,acetylcholine,acetylcholine,,,neck_connective,right,ascending
3316,720575941568404218,,,,,,ventral_nerve_cord_ipsilateral_restricted,IN20A.22A038,,,,,intrinsic,,,20A.22A,IN20A.22A038,id:23158,,,acetylcholine,acetylcholine,,,ventral_nerve_cord,right,ventral_nerve_cord_intrinsic
3317,720575941568499502,,,descending_neuron,,,,DNp55,DNp55,id:720575940617245652,,,intrinsic,WED180,id:5813057404,putative_primary,DNp55,id:12141,,,acetylcholine,,,,neck_connective,right,descending
3318,720575941568546418,front_leg,,leg_motor_neuron,leg_motor,extend_coxa_trochanter_joint,front_leg_motor_neuron,tergotrochanter_extensor,,,,,efferent,,,,,,right_ventral_prothoracic_nerve,,gaba,,,tergotrochanter_extensor_muscle,ventral_nerve_cord,right,motor
3319,720575941568724980,front_leg,,leg_motor_neuron,leg_motor,flex_coxa_trochanter_joint,front_leg_motor_neuron,trochanter_flexor_VProN,,,,,efferent,,,24B.25B,Tr flexor MN,id:163686,left_ventral_prothoracic_nerve,,acetylcholine,glutamate,,trochanter_flexor_muscle,ventral_nerve_cord,left,motor
3320,720575941568803572,,front_leg,bristle_neuron,tactile,,front_leg_bristle_neuron,SNta41,,,,id:1500,afferent,,,,SNta41,id:46878,left_prothoracic_leg_nerve,,acetylcholine,,,bristle,ventral_nerve_cord,left,sensory
3321,720575941568845812,,front_leg,bristle_neuron,tactile,,front_leg_bristle_neuron,SNta29,,,,id:1491,afferent,,,,SNta29,id:15826,left_prothoracic_leg_nerve,,acetylcholine,,,bristle,ventral_nerve_cord,left,sensory
3322,720575941568889332,,,ascending_neuron,,,,AN17B008,AN_GNG_AMMC_2,id:720575940617716566,,,intrinsic,,,17B,AN17B008,id:11359,,,gaba,,,,neck_connective,left,ascending
3323,720575941568892148,,,ascending_neuron,,,,AN12B060,AN_4_4c359f9c,id:720575940630899513,,,intrinsic,,,12B,AN12B060,id:23439,,,gaba,gaba,,,neck_connective,right,ascending
3324,720575941568894202,,,descending_neuron,,,,DNp104,DNp104,id:720575940614137907,,,intrinsic,,,PSp2,DNxn134,id:167413,,,acetylcholine,,,,neck_connective,left,descending
3325,720575941568946938,,,descending_neuron,,,,DNg18_a,DNg18_a,id:720575940659703937,,,intrinsic,,,LB6,DNg18,id:39959,,,gaba,,,,neck_connective,right,descending
3326,720575941568951034,,,single_leg_neuromere,,,ventral_nerve_cord_ipsilateral_restricted,IN20A.22A003,,,,,intrinsic,,,20A.22A,IN20A.22A003,id:13782,,,acetylcholine,acetylcholine,,,ventral_nerve_cord,left,ventral_nerve_cord_intrinsic
3327,720575941568969722,,,,,,ventral_nerve_cord_ipsilateral_interconnecting,IN03A029,,,,,intrinsic,,,03A,IN03A029,id:15631,,,acetylcholine,acetylcholine,,,ventral_nerve_cord,right,ventral_nerve_cord_intrinsic
3328,720575941569105658,,,descending_neuron,,,,DNge039,DNge039,id:720575940621530117,,,intrinsic,,,putative_primary,DNfl015,id:16562,,,acetylcholine,,,,neck_connective,right,descending
3329,720575941569306874,,,descending_neuron,,,,DNg12_e,DNg12_e,id:720575940621767306,,,intrinsic,,,MX12,DNxn139,id:36801,,,acetylcholine,,MX12_L_20,,neck_connective,left,descending
3330,720575941569320050,,,descending_neuron,,,,DNpe054,DNpe054,id:720575940642411917,,,intrinsic,,,PSp2,DNut042,id:32916,,,acetylcholine,,,,neck_connective,left,descending
3331,720575941569348858,,,descending_neuron,,,,DNge083,DNge083,id:720575940625182341,,,intrinsic,,,putative_primary,DNxl112,id:12716,,,glutamate,,,,neck_connective,left,descending
3332,720575941569361658,,,ascending_neuron,,,,AN05B010,AN_GNG_49,id:720575940622707592,,,intrinsic,,,05B,AN05B010,id:10174,,,gaba,gaba,,,neck_connective,left,ascending
3333,720575941569367546,,,ascending_neuron,,,,ANXXX023,SA_DMT_ADMN_5,id:720575940641791904,,,intrinsic,,,TBD,ANXXX023,id:11741,,,acetylcholine,,,,neck_connective,right,ascending
3334,720575941569375994,,,single_leg_neuromere,,,ventral_nerve_cord_ipsilateral_restricted,INXXX468,,,,,intrinsic,,,TBD,INXXX468,id:15115,,,acetylcholine,,LUL130,,ventral_nerve_cord,left,ventral_nerve_cord_intrinsic
3335,720575941569424372,,,descending_neuron,,,,DNpe054,DNpe054,id:720575940642411917,,,intrinsic,,,PSp2,DNht001,id:31855,,,acetylcholine,,,,neck_connective,left,descending
3336,720575941569478702,,,,proprioception,,ventral_nerve_cord_ipsilateral_interconnecting,INXXX004,,,,,intrinsic,,,TBD,INXXX004,id:10686,,,gaba,,,,ventral_nerve_cord,right,ventral_nerve_cord_intrinsic
3337,720575941569480094,,,single_leg_neuromere,proprioception,,ventral_nerve_cord_contralateral_restricted,IN14A028,,,,,intrinsic,,,14A,IN14A028,id:19040,,,glutamate,,,,ventral_nerve_cord,left,ventral_nerve_cord_intrinsic
3338,720575941569505394,,,descending_neuron,,,,DNpe018,DNpe018,id:720575940606756309,,,intrinsic,,,PSp2,DNut042,id:32916,,,acetylcholine,,,,neck_connective,left,descending
3339,720575941569548276,,front_leg,bristle_neuron,tactile,,front_leg_bristle_neuron,SNxxxx,,,,,afferent,,,,SNxxxx,id:65214,left_prothoracic_leg_nerve,,acetylcholine,,,bristle,ventral_nerve_cord,left,sensory
3340,720575941569556082,,,,,,ventral_nerve_cord_contralateral_restricted,IN13B066,,,,,intrinsic,,,13B,IN13B066,id:20781,,,gaba,gaba,,,ventral_nerve_cord,right,ventral_nerve_cord_intrinsic
3341,720575941569571186,,,descending_neuron,,,,DNp71,DNp71,id:720575940625673196,,,intrinsic,,,SMPpv2_ventral,DNp71,id:16326,,,acetylcholine,,,,neck_connective,left,descending
3342,720575941569579002,,,ascending_neuron,,,,AN07B005,AN_GNG_178,id:720575940620589147,,,intrinsic,,,07B,AN07B005,id:10418,,,acetylcholine,acetylcholine,,,neck_connective,left,ascending
3343,720575941569585266,,,sequential_leg_neuromeres,,,ventral_nerve_cord_ipsilateral_interconnecting,IN19A010,,,,,intrinsic,,,19A,IN19A010,id:10522,,,acetylcholine,,,,ventral_nerve_cord,right,ventral_nerve_cord_intrinsic
3344,720575941569586078,,,ventral_nerve_cord_dorsal,,,ventral_nerve_cord_ipsilateral_interconnecting,IN02A023,,,,,intrinsic,,,02A,IN02A023,id:17623,,,glutamate,glutamate,,,ventral_nerve_cord,right,ventral_nerve_cord_intrinsic
3345,720575941569589918,,,ventral_nerve_cord_serially_convergent,,,ventral_nerve_cord_bilateral_interconnecting,IN07B007,,,,,intrinsic,,,07B,,,,,glutamate,,,,ventral_nerve_cord,right,ventral_nerve_cord_intrinsic
3346,720575941569599602,,,ascending_neuron,,,,AN19B007,AN_GNG_SAD_23,id:720575940633264888,,,intrinsic,,,19B,dMS9,id:10338,,,acetylcholine,acetylcholine,,,neck_connective,left,ascending
3347,720575941569601650,,,single_leg_neuromere,,,ventral_nerve_cord_ipsilateral_restricted,IN19A007,,,,,intrinsic,,,19A,IN19A007,id:10242,,,gaba,gaba,,,ventral_nerve_cord,left,ventral_nerve_cord_intrinsic
3348,720575941569656478,,,,,,ventral_nerve_cord_ipsilateral_restricted,IN20A.22A035,,,,,intrinsic,,,20A.22A,IN20A.22A035,id:25214,,,acetylcholine,acetylcholine,,,ventral_nerve_cord,right,ventral_nerve_cord_intrinsic
3349,720575941569662366,,,,,,ventral_nerve_cord_bilateral_restricted,IN13A035,,,,,intrinsic,,,13A,IN13A035,id:18829,,,gaba,gaba,,,ventral_nerve_cord,left,ventral_nerve_cord_intrinsic
3350,720575941569717150,,,single_leg_neuromere,,,ventral_nerve_cord_ipsilateral_restricted,IN21A015,,,,,intrinsic,,,21A,,,,,acetylcholine,,,,ventral_nerve_cord,left,ventral_nerve_cord_intrinsic
3351,720575941569745566,,,,,,ventral_nerve_cord_bilateral_interconnecting,IN08B082,,,,,intrinsic,,,08B,IN08B082,id:18652,,,acetylcholine,acetylcholine,,,ventral_nerve_cord,right,ventral_nerve_cord_intrinsic
3352,720575941569801586,,,descending_neuron,,,,DNpe042,DNpe042,id:720575940619038493,,,intrinsic,,,putative_primary,DNlt011,id:21069,,,acetylcholine,,,,neck_connective,right,descending
3353,720575941569808754,,,descending_neuron,,,,DNge019,DNge019,id:720575940622351996,,,intrinsic,,,MX12,DNnt008,id:26720,,,acetylcholine,,MX12_R_28,,neck_connective,right,descending
3354,720575941569838750,,,,,,ventral_nerve_cord_ipsilateral_restricted,IN21A081,,,,,intrinsic,,,21A,,,,,glutamate,,,,ventral_nerve_cord,right,ventral_nerve_cord_intrinsic
3355,720575941569909106,,,descending_neuron,,,,DNg84,DNg84,id:720575940644473760,,,intrinsic,,,LB23,DNg84,id:25870,,,acetylcholine,,LB23_L_13,,neck_connective,left,descending
3356,720575941569916148,,,,,,ventral_nerve_cord_ipsilateral_restricted,IN01B028,,,,,intrinsic,,,01B,IN01B028,id:24307,,,gaba,gaba,,,ventral_nerve_cord,left,ventral_nerve_cord_intrinsic
3357,720575941569916916,,,sequential_leg_neuromeres,,,ventral_nerve_cord_contralateral_interconnecting,IN01A009,,,,,intrinsic,,,01A,IN01A009,id:11258,,,acetylcholine,acetylcholine,,,ventral_nerve_cord,right,ventral_nerve_cord_intrinsic
3358,720575941570203124,,,,,,ventral_nerve_cord_bilateral_interconnecting,IN09A043,,,,,intrinsic,,,09A,IN09A043,id:22103,,,gaba,gaba,,,ventral_nerve_cord,left,ventral_nerve_cord_intrinsic
3359,720575941570309790,,,,,,ventral_nerve_cord_ipsilateral_restricted,IN13A035,,,,,intrinsic,,,13A,IN13A035,id:16080,,,gaba,gaba,,,ventral_nerve_cord,right,ventral_nerve_cord_intrinsic
3360,720575941570315166,,,single_leg_neuromere,,,ventral_nerve_cord_contralateral_restricted,IN12B026,,,,,intrinsic,,,12B,IN12B026,id:16659,,,gaba,gaba,,,ventral_nerve_cord,right,ventral_nerve_cord_intrinsic
3361,720575941570572282,,front_leg,chordotonal_organ_neuron,proprioception,direction,front_leg_hook_chordotonal_organ_neuron,SNpp39,,,,,afferent,,,,SNpp39,id:178795,right_prothoracic_leg_nerve,,gaba,acetylcholine,hook,chordotonal_organ,ventral_nerve_cord,right,sensory
3362,720575941570781000,,,,,,ventral_nerve_cord_bilateral_interconnecting,IN06B032,,,,,intrinsic,,,06B,IN06B032,id:12972,,,gaba,gaba,,,ventral_nerve_cord,left,ventral_nerve_cord_intrinsic
3363,720575941570809160,,,,,,ventral_nerve_cord_contralateral_restricted,IN13B059,,,,,intrinsic,,,13B,,,,,gaba,gaba,,,ventral_nerve_cord,left,ventral_nerve_cord_intrinsic
3364,720575941570830408,,,,,,ventral_nerve_cord_ipsilateral_restricted,IN19A076,,,,,intrinsic,,,19A,IN19A076,id:15848,,,gaba,gaba,,,ventral_nerve_cord,right,ventral_nerve_cord_intrinsic
3365,720575941570833736,front_leg,,leg_motor_neuron,leg_motor,flex_femur_tibia_joint,front_leg_motor_neuron,accessory_tibia_flexor_B,,,,,efferent,,,15B,Acc. ti flexor MN,id:101043,left_prothoracic_leg_nerve,,,glutamate,,accessory_tibia_flexor_muscle,ventral_nerve_cord,left,motor
3366,720575941571020702,,front_leg,bristle_neuron,tactile,,front_leg_bristle_neuron,SNta42,,,,id:1968,afferent,,,,SNta42,id:48172,left_ventral_prothoracic_nerve,,acetylcholine,,,bristle,ventral_nerve_cord,left,sensory
3367,720575941571026590,,,single_leg_neuromere,proprioception,,ventral_nerve_cord_contralateral_restricted,IN14A086,,,,,intrinsic,,,14A,IN14A086,id:159848,,,glutamate,,,,ventral_nerve_cord,left,ventral_nerve_cord_intrinsic
3368,720575941571043316,,,,,,ventral_nerve_cord_ipsilateral_restricted,IN08A034,,,,,intrinsic,,,08A,IN08A034,id:24993,,,glutamate,glutamate,,,ventral_nerve_cord,left,ventral_nerve_cord_intrinsic
3369,720575941571316475,,prosternal_organ,hair_plate_neuron,proprioception,joint_angle,prosternal_hair_plate_neuron,SNpp19,,,,id:1862,afferent,,,,SNpp19,id:16823,left_prosternal_nerve,,acetylcholine,,,hair_plate,ventral_nerve_cord,left,sensory
3370,720575941571333278,,,,,,ventral_nerve_cord_ipsilateral_restricted,IN08A034,,,,,intrinsic,,,08A,IN08A034,id:155519,,,glutamate,glutamate,,,ventral_nerve_cord,right,ventral_nerve_cord_intrinsic
3371,720575941571349150,,,,,,ventral_nerve_cord_ipsilateral_interconnecting,IN21A103,,,,,intrinsic,,,21A,IN21A103,id:34938,,,glutamate,,,,ventral_nerve_cord,left,ventral_nerve_cord_intrinsic
3372,720575941571397883,,,single_leg_neuromere,,,ventral_nerve_cord_contralateral_restricted,IN12B039,,,,,intrinsic,,,12B,IN12B039,id:16342,,,gaba,gaba,,,ventral_nerve_cord,right,ventral_nerve_cord_intrinsic
3373,720575941571420411,,,single_leg_neuromere,,,ventral_nerve_cord_ipsilateral_restricted,IN09A026,,,,,intrinsic,,,09A,IN09A026,id:17538,,,gaba,gaba,,,ventral_nerve_cord,left,ventral_nerve_cord_intrinsic
3374,720575941571420667,,,,,,ventral_nerve_cord_bilateral_interconnecting,IN12A051,,,,,intrinsic,,,12A,IN12A051,id:19776,,,acetylcholine,acetylcholine,,,ventral_nerve_cord,right,ventral_nerve_cord_intrinsic
3375,720575941571422622,,front_leg,bristle_neuron,tactile,,front_leg_bristle_neuron,SNta24,,,,,afferent,,,,SNta24,id:45714,left_prothoracic_leg_nerve,,gaba,,,bristle,ventral_nerve_cord,left,sensory
3376,720575941571453342,,,descending_neuron,,,,DNge094,DNge094,id:720575940621783628,,,intrinsic,,,LB7,DNxn115,id:42161,,,acetylcholine,,,,neck_connective,left,descending
3377,720575941571498248,,,,proprioception,,ventral_nerve_cord_contralateral_restricted,IN14A092,,,,,intrinsic,,,14A,IN14A092,id:17237,,,glutamate,,,,ventral_nerve_cord,right,ventral_nerve_cord_intrinsic
3378,720575941571519483,,,single_leg_neuromere,,,ventral_nerve_cord_ipsilateral_restricted,INXXX464,,,,,intrinsic,,,TBD,,,,,acetylcholine,,,,ventral_nerve_cord,left,ventral_nerve_cord_intrinsic
3379,720575941571547912,,,ascending_neuron,,,,AN06B034,AN_multi_50,id:720575940621166625,,,intrinsic,,,06B,AN06B034,id:13454,,,gaba,gaba,,,neck_connective,left,ascending
3380,720575941571600904,,,,,,ventral_nerve_cord_ipsilateral_restricted,IN08A026,,,,,intrinsic,,,08A,IN08A026,id:21872,,,glutamate,glutamate,,,ventral_nerve_cord,left,ventral_nerve_cord_intrinsic
3381,720575941571652616,front_leg,,leg_motor_neuron,leg_motor,extend_tibia_tarsus_joint,front_leg_motor_neuron,tarsus_depressor_B,,,,id:240,efferent,,,,,,right_prothoracic_leg_nerve,,,,,tarsus_depressor_muscle,ventral_nerve_cord,right,motor
3382,720575941571659784,,,,tactile,,ventral_nerve_cord_ipsilateral_restricted,IN01B035,,,,,intrinsic,,,01B,IN01B035,id:100495,,,gaba,gaba,,,ventral_nerve_cord,left,ventral_nerve_cord_intrinsic
3383,720575941571730077,,,,,,ventral_nerve_cord_ipsilateral_interconnecting,IN09A061,,,,,intrinsic,,,09A,,,,,gaba,gaba,,,ventral_nerve_cord,right,ventral_nerve_cord_intrinsic
3384,720575941571871241,,,descending_neuron,,,,DNge091,DNge091,id:720575940611087786,,,intrinsic,,,LB7,DNg07,id:35897,,,acetylcholine,,,,neck_connective,left,descending
3385,720575941571900232,,,ascending_neuron,,,,AN18B004,AN_4_None,id:720575940619346102,,,intrinsic,,,18B,AN18B004,id:10334,,,acetylcholine,acetylcholine,,,neck_connective,left,ascending
3386,720575941571901000,,,ascending_neuron,,,,AN_multi_2,AN_multi_2,id:720575940611877841,,,intrinsic,,,,,,,,acetylcholine,,,,neck_connective,left,ascending
3387,720575941571933256,,,single_leg_neuromere,,,ventral_nerve_cord_ipsilateral_restricted,IN21A042,,,,,intrinsic,,,21A,,,,,glutamate,,,,ventral_nerve_cord,left,ventral_nerve_cord_intrinsic
3388,720575941571992221,,,,,,ventral_nerve_cord_ipsilateral_restricted,IN20A.22A029,,,,,intrinsic,,,20A.22A,IN20A.22A029,id:21213,,,acetylcholine,acetylcholine,,,ventral_nerve_cord,right,ventral_nerve_cord_intrinsic
3389,720575941571992989,,,,,,ventral_nerve_cord_bilateral_restricted,IN16B061,,,,,intrinsic,,,16B,IN16B061,id:23819,,,glutamate,glutamate,,,ventral_nerve_cord,right,ventral_nerve_cord_intrinsic
3390,720575941572013981,,,,,,ventral_nerve_cord_ipsilateral_restricted,IN08A034,,,,,intrinsic,,,08A,IN08A034,id:24993,,,glutamate,glutamate,,,ventral_nerve_cord,left,ventral_nerve_cord_intrinsic
3391,720575941572018589,,,,,,ventral_nerve_cord_ipsilateral_restricted,IN08A036,,,,,intrinsic,,,08A,IN08A036,id:24893,,,glutamate,glutamate,,,ventral_nerve_cord,left,ventral_nerve_cord_intrinsic
3392,720575941572091387,,,single_leg_neuromere,,,ventral_nerve_cord_ipsilateral_restricted,IN21A049,,,,,intrinsic,,,21A,,,,,glutamate,,,,ventral_nerve_cord,right,ventral_nerve_cord_intrinsic
3393,720575941572131593,,,,,,ventral_nerve_cord_ipsilateral_restricted,IN04B102,,,,,intrinsic,,,04B,IN04B102,id:22997,,,acetylcholine,acetylcholine,,,ventral_nerve_cord,left,ventral_nerve_cord_intrinsic
3394,720575941572192777,,,,,,ventral_nerve_cord_bilateral_interconnecting,IN08B054,,,,,intrinsic,,,08B,IN08B054,id:14692,,,acetylcholine,acetylcholine,,,ventral_nerve_cord,right,ventral_nerve_cord_intrinsic
3395,720575941572194057,,,,,,ventral_nerve_cord_ipsilateral_restricted,IN20A.22A067,,,,,intrinsic,,,20A.22A,,,,,acetylcholine,acetylcholine,,,ventral_nerve_cord,right,ventral_nerve_cord_intrinsic
3396,720575941572197385,,,,,,ventral_nerve_cord_ipsilateral_restricted,IN09A071,,,,,intrinsic,,,09A,IN09A071,id:24416,,,gaba,gaba,,,ventral_nerve_cord,right,ventral_nerve_cord_intrinsic
3397,720575941572346696,,,single_leg_neuromere,,,ventral_nerve_cord_contralateral_restricted,IN12B074,,,,,intrinsic,,,12B,IN12B074,id:22255,,,gaba,gaba,,,ventral_nerve_cord,left,ventral_nerve_cord_intrinsic
3398,720575941572348232,,,single_leg_neuromere,,,ventral_nerve_cord_bilateral_restricted,IN12B023,,,,,intrinsic,,,12B,IN12B023,id:17523,,,gaba,gaba,,,ventral_nerve_cord,right,ventral_nerve_cord_intrinsic
3399,720575941572349449,,,,proprioception,,ventral_nerve_cord_bilateral_restricted,IN19A065,,,,,intrinsic,,,19A,,,,,gaba,gaba,,,ventral_nerve_cord,left,ventral_nerve_cord_intrinsic
3400,720575941572392201,,,descending_neuron,,,,DNg12_a,DNg12_a,id:720575940625872688,,,intrinsic,,,MX12,DNnt013,id:32699,,,acetylcholine,,MX12_L_8,,neck_connective,left,descending
3401,720575941572407710,,,descending_neuron,,,,DNge005,DNge005,id:720575940659356545,,,intrinsic,,,putative_primary,DNad004,id:13848,,,acetylcholine,,,,neck_connective,right,descending
3402,720575941572433822,,,,,,ventral_nerve_cord_ipsilateral_restricted,IN03A094,,,,,intrinsic,,,03A,IN03A094,id:21955,,,acetylcholine,acetylcholine,,,ventral_nerve_cord,right,ventral_nerve_cord_intrinsic
3403,720575941572437662,,,ventral_nerve_cord_dorsal,,,ventral_nerve_cord_bilateral_interconnecting,IN05B065,,,,,intrinsic,,,05B,IN05B065,id:154596,,,gaba,gaba,,,ventral_nerve_cord,left,ventral_nerve_cord_intrinsic
3404,720575941572453790,,,ascending_neuron,,,,AN12B060,AN_4_4c359f9c,id:720575940630899513,,,intrinsic,,,12B,AN12B060,id:21549,,,gaba,gaba,,,neck_connective,right,ascending
3405,720575941572464798,,,descending_neuron,,,,DNge172,DNge172,id:720575940624991495,,,intrinsic,,,MX3,DNad006,id:13365,,,acetylcholine,,,,neck_connective,left,descending
3406,720575941572466590,,,,proprioception,,ventral_nerve_cord_ipsilateral_interconnecting,INXXX004,,,,,intrinsic,,,TBD,INXXX004,id:11180,,,gaba,,,,ventral_nerve_cord,left,ventral_nerve_cord_intrinsic
3407,720575941572471454,,,descending_neuron,,,,DNg74_b,DNg74_b,id:720575940636656632,,,intrinsic,,,MX3,DNg74,id:10466,,,gaba,,,,neck_connective,left,descending
3408,720575941572620446,,,descending_neuron,,,,DNb03,DNb03,id:720575940634163682,,,intrinsic,,,putative_primary,DNb03,id:21344,,,acetylcholine,,,,neck_connective,left,descending
3409,720575941572669342,,,descending_neuron,,,,DNb06,DNb06,id:720575940629041879,,,intrinsic,DNb06,id:1715999506,putative_primary,DNb06,id:11276,,,acetylcholine,,,,neck_connective,right,descending
3410,720575941572671995,,,descending_neuron,,,,DNp59,DNp59,id:720575940614581410,,,intrinsic,,,putative_primary,DNp59,id:12698,,,gaba,,,,neck_connective,right,descending
3411,720575941572707471,,,,,,ventral_nerve_cord_bilateral_interconnecting,IN11A007,,,,,intrinsic,,,11A,IN11A007,id:15210,,,acetylcholine,acetylcholine,,,ventral_nerve_cord,left,ventral_nerve_cord_intrinsic
3412,720575941572713886,,,descending_neuron,,,,DNg97,DNg97,id:720575940620300308,,,intrinsic,,,MX3,DNg97,id:10656,,,acetylcholine,,oDN1,,neck_connective,right,descending
3413,720575941572719006,,,descending_neuron,,,,DNp67,DNp67,id:720575940620582260,,,intrinsic,,,SMPpv2_dorsal,DNp67,id:14074,,,acetylcholine,,,,neck_connective,left,descending
3414,720575941572720015,,,,,,ventral_nerve_cord_bilateral_restricted,IN14B011,,,,,intrinsic,,,14B,IN14B011,id:15767,,,glutamate,,,,ventral_nerve_cord,right,ventral_nerve_cord_intrinsic
3415,720575941572737679,,,sequential_leg_neuromeres,,,ventral_nerve_cord_ipsilateral_interconnecting,IN19A010,,,,,intrinsic,,,19A,,,,,acetylcholine,,,,ventral_nerve_cord,left,ventral_nerve_cord_intrinsic
3416,720575941572783369,,,single_leg_neuromere,,,ventral_nerve_cord_ipsilateral_restricted,IN20A.22A055,,,,,intrinsic,,,20A.22A,,,,,acetylcholine,acetylcholine,,,ventral_nerve_cord,left,ventral_nerve_cord_intrinsic
3417,720575941572787599,,,,,,ventral_nerve_cord_bilateral_interconnecting,IN12B044,,,,,intrinsic,,,12B,IN12B044,id:20686,,,gaba,gaba,,,ventral_nerve_cord,right,ventral_nerve_cord_intrinsic
3418,720575941572797597,,,,,,ventral_nerve_cord_ipsilateral_restricted,IN04B085,,,,,intrinsic,,,04B,IN04B085,id:102138,,,acetylcholine,acetylcholine,,,ventral_nerve_cord,left,ventral_nerve_cord_intrinsic
3419,720575941572851087,,,,,,ventral_nerve_cord_bilateral_interconnecting,IN06A024,,,,,intrinsic,,,06A,IN06A024,id:14887,,,gaba,gaba,,,ventral_nerve_cord,left,ventral_nerve_cord_intrinsic
3420,720575941572855439,,,ascending_neuron,,,,AN06A016,AN_GNG_177,id:720575940606552450,,,intrinsic,,,06A,AN06A016,id:12159,,,gaba,gaba,,,neck_connective,right,ascending
3421,720575941572872079,,,,,,ventral_nerve_cord_ipsilateral_restricted,IN08A036,,,,,intrinsic,,,08A,IN08A036,id:26352,,,glutamate,glutamate,,,ventral_nerve_cord,right,ventral_nerve_cord_intrinsic
3422,720575941572873103,,,single_leg_neuromere,,,ventral_nerve_cord_contralateral_restricted,IN13B064,,,,,intrinsic,,,13B,,,,,gaba,gaba,,,ventral_nerve_cord,right,ventral_nerve_cord_intrinsic
3423,720575941572882319,,,single_leg_neuromere,,,ventral_nerve_cord_contralateral_restricted,IN13B014,,,,,intrinsic,,,13B,IN13B014,id:12148,,,gaba,gaba,,,ventral_nerve_cord,left,ventral_nerve_cord_intrinsic
3424,720575941572885903,,,,,,ventral_nerve_cord_ipsilateral_restricted,IN20A.22A053,,,,,intrinsic,,,20A.22A,IN20A.22A053,id:26398,,,acetylcholine,acetylcholine,,,ventral_nerve_cord,right,ventral_nerve_cord_intrinsic
3425,720575941572925583,,,ascending_neuron,,,,AN16B078,AN_4_None,id:720575940628074711,,,intrinsic,,,16B,AN16B078,id:22585,,,glutamate,glutamate,,,neck_connective,right,ascending
3426,720575941572941051,,,descending_neuron,,,,DNge094,DNge094,id:720575940606856405,,,intrinsic,,,LB7,DNxn115,id:43362,,,acetylcholine,,,,neck_connective,left,descending
3427,720575941573054646,,,ascending_neuron,,,,AN26X004,AN_GNG_20,id:720575940614128593,,,intrinsic,,,26X,AN26X004,id:24698,,,serotonin,,,,neck_connective,left,ascending
3428,720575941573083656,,,ascending_neuron,,,,AN08B026,AN_multi_52,id:720575940615949836,,,intrinsic,,,08B,AN08B026,id:13363,,,acetylcholine,acetylcholine,,,neck_connective,left,ascending
3429,720575941573097992,,,single_leg_neuromere,proprioception,,ventral_nerve_cord_contralateral_restricted,IN14A087,,,,,intrinsic,,,14A,,,,,glutamate,,,,ventral_nerve_cord,left,ventral_nerve_cord_intrinsic
3430,720575941573100027,,,,,,ventral_nerve_cord_ipsilateral_interconnecting,IN21A103,,,,,intrinsic,,,21A,IN21A103,id:31388,,,glutamate,,,,ventral_nerve_cord,right,ventral_nerve_cord_intrinsic
3431,720575941573117597,,,single_leg_neuromere,,,ventral_nerve_cord_ipsilateral_restricted,IN01B008,,,,,intrinsic,,,01B,IN01B008,id:14956,,,gaba,gaba,,,ventral_nerve_cord,right,ventral_nerve_cord_intrinsic
3432,720575941573215995,front_leg,,leg_motor_neuron,leg_motor,move_coxa_anterior,front_leg_motor_neuron,sternal_anterior_rotator_miller_31,,,,,efferent,,,,,,right_ventral_prothoracic_nerve,,gaba,,MNfl36_VProN_R,sternal_anterior_rotator_muscle,ventral_nerve_cord,right,motor
3433,720575941573260027,,front_leg,bristle_neuron,tactile,,front_leg_bristle_neuron,SNta41,,,,,afferent,,,,SNta41,id:42341,left_prothoracic_leg_nerve,,acetylcholine,,,bristle,ventral_nerve_cord,left,sensory
3434,720575941573266102,,,single_leg_neuromere,,,ventral_nerve_cord_contralateral_restricted,IN13B098,,,,,intrinsic,,,13B,IN13B098,id:26034,,,gaba,gaba,,,ventral_nerve_cord,right,ventral_nerve_cord_intrinsic
3435,720575941573266171,,,descending_neuron,,,,DNge054,DNge054,id:720575940622161366,,,intrinsic,,,putative_primary,DNxl131,id:13804,,,gaba,,,,neck_connective,right,descending
3436,720575941573267784,,,ascending_neuron,,,,AN_GNG_199,AN_GNG_199,id:720575940615288276,,,intrinsic,,,,,,,,acetylcholine,,,,neck_connective,right,ascending
3437,720575941573269755,,,,,,ventral_nerve_cord_ipsilateral_restricted,IN20A.22A038,,,,,intrinsic,,,20A.22A,IN20A.22A038,id:20335,,,acetylcholine,acetylcholine,,,ventral_nerve_cord,left,ventral_nerve_cord_intrinsic
3438,720575941573277622,,front_leg,bristle_neuron,tactile,,front_leg_bristle_neuron,SNta19,,,,id:1772,afferent,,,,SNta19,id:30556,left_prothoracic_leg_nerve,,gaba,,,bristle,ventral_nerve_cord,left,sensory
3439,720575941573290166,,,,,,ventral_nerve_cord_ipsilateral_restricted,IN13A041,,,,,intrinsic,,,13A,,,,,gaba,gaba,,,ventral_nerve_cord,left,ventral_nerve_cord_intrinsic
3440,720575941573309691,,middle_leg,campaniform_sensillum_neuron,proprioception,mechanical_strain,middle_leg_campaniform_sensillum_neuron,SNpp53,,,,,afferent,,,,SNpp53,id:116607,right_mesothoracic_leg_nerve,,acetylcholine,,,campaniform_sensillum,ventral_nerve_cord,right,sensory
3441,720575941573347912,,,single_leg_neuromere,,,ventral_nerve_cord_ipsilateral_restricted,IN13A015,,,,,intrinsic,,,13A,IN13A015,id:15715,,,gaba,gaba,,,ventral_nerve_cord,right,ventral_nerve_cord_intrinsic
3442,720575941573354166,,front_leg,bristle_neuron,tactile,,front_leg_bristle_neuron,SNta44,,,,,afferent,,,,SNta44,id:49074,right_prothoracic_leg_nerve,,gaba,,,bristle,ventral_nerve_cord,right,sensory
3443,720575941573361334,,,,,,ventral_nerve_cord_ipsilateral_restricted,IN13A063,,,,,intrinsic,,,13A,IN13A063,id:29339,,,gaba,gaba,,,ventral_nerve_cord,left,ventral_nerve_cord_intrinsic
3444,720575941573362870,,,,,,ventral_nerve_cord_ipsilateral_restricted,IN20A.22A030,,,,,intrinsic,,,20A.22A,IN20A.22A030,id:21443,,,acetylcholine,acetylcholine,,,ventral_nerve_cord,right,ventral_nerve_cord_intrinsic
3445,720575941573370696,,,descending_neuron,,,,DNg12,,,,,intrinsic,,,,DNg12,id:32815,,,acetylcholine,,MX12_L_23,,neck_connective,left,descending
3446,720575941573385224,,,descending_neuron,,,,DNge114,DNge114,id:720575940612028017,,,intrinsic,,,LB7,DNut042,id:29811,,,acetylcholine,,,,neck_connective,left,descending
3447,720575941573415945,,,single_leg_neuromere,,,ventral_nerve_cord_ipsilateral_restricted,IN19A030,,,,,intrinsic,,,19A,IN19A030,id:14175,,,gaba,gaba,,,ventral_nerve_cord,left,ventral_nerve_cord_intrinsic
3448,720575941573417117,,,descending_neuron,,,,DNg10,DNg10,id:720575940627303699,,,intrinsic,,,LB6,DNg10,id:42235,,,gaba,,,,neck_connective,right,descending
3449,720575941573469960,,,,,,ventral_nerve_cord_ipsilateral_restricted,IN20A.22A015,,,,,intrinsic,,,20A.22A,IN20A.22A015,id:20035,,,acetylcholine,acetylcholine,,,ventral_nerve_cord,right,ventral_nerve_cord_intrinsic
3450,720575941573479176,,,single_leg_neuromere,,,ventral_nerve_cord_ipsilateral_restricted,IN03A039,,,,,intrinsic,,,03A,IN03A039,id:17345,,,acetylcholine,acetylcholine,,,ventral_nerve_cord,left,ventral_nerve_cord_intrinsic
3451,720575941573480094,,front_leg,chordotonal_organ_neuron,proprioception,direction,front_leg_hook_chordotonal_organ_neuron,SNpp39,,,,,afferent,,,,SNpp39,id:30692,left_prothoracic_leg_nerve,,gaba,acetylcholine,hook,chordotonal_organ,ventral_nerve_cord,left,sensory
3452,720575941573481630,,,descending_neuron,,,,DNc02,DNc02,id:720575940618203707,,,intrinsic,,,putative_primary,DNc02,id:16554,,SIFa,serotonin,,,,neck_connective,left,descending
3453,720575941573499464,,,ascending_neuron,,,,AN08B049,AN_multi_53,id:720575940615637334,,,intrinsic,,,08B,AN08B049,id:19909,,,acetylcholine,acetylcholine,,,neck_connective,left,ascending
3454,720575941573516296,front_leg,,leg_motor_neuron,leg_motor,flex_coxa_trochanter_joint,front_leg_motor_neuron,accessory_trochanter_flexor_posterior_soma_ProLN,,,,,efferent,,,,,,left_prothoracic_leg_nerve,,gaba,,Tr/flexor/MN,accessory_trochanter_flexor_muscle,ventral_nerve_cord,left,motor
3455,720575941573590267,,,,,,ventral_nerve_cord_ipsilateral_restricted,IN03A023,,,,,intrinsic,,,03A,IN03A023,id:17741,,,acetylcholine,acetylcholine,,,ventral_nerve_cord,left,ventral_nerve_cord_intrinsic
3456,720575941573616891,,,descending_neuron,,,,DNp59,DNp59,id:720575940645258606,,,intrinsic,,,putative_primary,DNp59,id:12783,,,gaba,,,,neck_connective,left,descending
3457,720575941573658184,,,descending_neuron,,,,DNg30,DNg30,id:720575940631270162,,,intrinsic,,,putative_primary,DNg30,id:13481,,"Mip,Natalisin",serotonin,,,,neck_connective,left,descending
3458,720575941573751305,neck,,neck_motor_neuron,neck_motor,neck_yaw,neck_yaw_motor_neuron,CvN_A2,,,,,efferent,,,TBD,,,left_cervical_nerve,,gaba,,"ADNM2,transverse_horizontal_2 CvN_A2",transverse_horizontal_2_muscle,ventral_nerve_cord,right,motor
3459,720575941573778077,,front_leg,bristle_neuron,tactile,,front_leg_bristle_neuron,SNta42,,,,,afferent,,,,SNta42,id:48172,left_prothoracic_leg_nerve,,acetylcholine,,,bristle,ventral_nerve_cord,left,sensory
3460,720575941573846941,,,descending_neuron,,,,DNge094,DNge094,id:720575940620804566,,,intrinsic,,,LB7,DNxn144,id:104140,,,acetylcholine,,,,central_brain,left,descending
3461,720575941573857545,,,single_leg_neuromere,,,ventral_nerve_cord_ipsilateral_restricted,IN20A.22A008,,,,,intrinsic,,,20A.22A,IN20A.22A008,id:20347,,,acetylcholine,acetylcholine,,,ventral_nerve_cord,right,ventral_nerve_cord_intrinsic
3462,720575941573981288,,,single_leg_neuromere,,,ventral_nerve_cord_ipsilateral_restricted,IN16B029,,,,,intrinsic,,,16B,IN16B029,id:12061,,,glutamate,glutamate,,,ventral_nerve_cord,left,ventral_nerve_cord_intrinsic
3463,720575941573992776,,,ascending_neuron,,,,AN12B008,AN_GNG_155,id:720575940618422875,,,intrinsic,,,12B,AN12B008,id:10867,,,gaba,gaba,,,neck_connective,right,ascending
3464,720575941573996136,,,,,,ventral_nerve_cord_ipsilateral_restricted,IN08A036,,,,,intrinsic,,,08A,IN08A036,id:28471,,,glutamate,glutamate,,,ventral_nerve_cord,left,ventral_nerve_cord_intrinsic
3465,720575941574001417,,,,tactile,,ventral_nerve_cord_bilateral_restricted,IN23B050,,,,,intrinsic,,,23B,IN23B050,id:20259,,,acetylcholine,acetylcholine,,,ventral_nerve_cord,left,ventral_nerve_cord_intrinsic
3466,720575941574004840,,,,,,ventral_nerve_cord_bilateral_interconnecting,IN08B054,,,,,intrinsic,,,08B,IN08B054,id:155606,,,acetylcholine,acetylcholine,,,ventral_nerve_cord,left,ventral_nerve_cord_intrinsic
3467,720575941574008136,,front_leg,chordotonal_organ_neuron,proprioception,direction,front_leg_hook_chordotonal_organ_neuron,SNpp39,,,,,afferent,,,,SNpp39,id:178795,right_prothoracic_leg_nerve,,gaba,acetylcholine,,chordotonal_organ,ventral_nerve_cord,right,sensory
3468,720575941574010038,,,single_leg_neuromere,,,ventral_nerve_cord_ipsilateral_restricted,IN21A037,,,,,intrinsic,,,21A,IN21A037,id:19122,,,glutamate,,,,ventral_nerve_cord,right,ventral_nerve_cord_intrinsic
3469,720575941574013085,front_leg,,leg_motor_neuron,leg_motor,flex_coxa_trochanter_joint,front_leg_motor_neuron,trochanter_flexor_posterior_soma_ProAN,,,,,efferent,,,,,,right_prothoracic_accessory_nerve,,gaba,,,trochanter_flexor_muscle,ventral_nerve_cord,right,motor
3470,720575941574014134,,,,,,ventral_nerve_cord_ipsilateral_restricted,IN20A.22A026,,,,,intrinsic,,,20A.22A,IN20A.22A026,id:18029,,,acetylcholine,acetylcholine,,,ventral_nerve_cord,right,ventral_nerve_cord_intrinsic
3471,720575941574022248,,,ventral_nerve_cord_centripetal,,,ventral_nerve_cord_ipsilateral_interconnecting,IN19A093,,,,,intrinsic,,,19A,,,,,gaba,gaba,,,ventral_nerve_cord,right,ventral_nerve_cord_intrinsic
3472,720575941574024808,,,,,,ventral_nerve_cord_bilateral_restricted,CV1026,,,,,intrinsic,,,13A,,,,,glutamate,gaba,,,ventral_nerve_cord,right,ventral_nerve_cord_intrinsic
3473,720575941574027702,,,,,,ventral_nerve_cord_bilateral_interconnecting,IN18B014,,,,,intrinsic,,,18B,IN18B014,id:12325,,,acetylcholine,acetylcholine,,,ventral_nerve_cord,right,ventral_nerve_cord_intrinsic
3474,720575941574034319,,,,,,ventral_nerve_cord_ipsilateral_restricted,IN20A.22A089,,,,,intrinsic,,,20A.22A,IN20A.22A089,id:153460,,,acetylcholine,acetylcholine,,,ventral_nerve_cord,right,ventral_nerve_cord_intrinsic
3475,720575941574040329,,,descending_neuron,,,,DNit012,,,,,intrinsic,,,,DNit012,id:44201,,,acetylcholine,,,,neck_connective,right,descending
3476,720575941574140169,,,descending_neuron,,,,DNg101,DNg101,id:720575940621246068,,,intrinsic,,,putative_primary,DNxl103,id:13257,,,acetylcholine,,,,neck_connective,left,descending
3477,720575941574158075,,,descending_neuron,,,,DNg66,DNg66,id:720575940630956345,,,intrinsic,,,LB0_posterior,,"id:12574,id:13020",,,octopamine,,,,neck_connective,midline,descending
3478,720575941574174971,,,sequential_leg_neuromeres,,,ventral_nerve_cord_ipsilateral_interconnecting,IN09A004,,,,,intrinsic,,,09A,IN09A004,id:11471,,,gaba,gaba,,,ventral_nerve_cord,left,ventral_nerve_cord_intrinsic
3479,720575941574185467,,,,,,ventral_nerve_cord_bilateral_restricted,IN16B055,,,,,intrinsic,,,16B,IN16B055,id:12093,,,glutamate,glutamate,,,ventral_nerve_cord,left,ventral_nerve_cord_intrinsic
3480,720575941574226024,,,descending_neuron,,,,DNge020,DNge020,id:720575940618393478,,,intrinsic,,,MX12,DNxn108,id:53581075416,,,acetylcholine,,MX12_R_14,,neck_connective,right,descending
3481,720575941574245115,,,single_leg_neuromere,,,ventral_nerve_cord_contralateral_restricted,IN26X001,,,,,intrinsic,,,26X,IN26X001,id:10607,,,gaba,,,,ventral_nerve_cord,left,ventral_nerve_cord_intrinsic
3482,720575941574252795,,,ascending_neuron,,,,AN07B013,AN_GNG_60,id:720575940621591477,,,intrinsic,,,07B,AN07B013,id:10932,,,glutamate,,,,neck_connective,left,ascending
3483,720575941574299208,,,descending_neuron,,,,DNpe048,DNpe048,id:720575940646160948,,,intrinsic,SMP367,,SMPpv1,,,,CCAP,serotonin,,SMP367,,central_brain,left,descending
3484,720575941574375272,,,descending_neuron,,,,DNge091,DNge091,id:720575940611610670,,,intrinsic,,,LB7,DNut048,id:24368,,,acetylcholine,,,,neck_connective,left,descending
3485,720575941574467997,,,descending_neuron,,,,DNpe054,DNpe054,id:720575940632379071,,,intrinsic,,,PSp2,DNp17,id:27899,,,acetylcholine,,,,neck_connective,right,descending
3486,720575941574480200,,,,,,ventral_nerve_cord_contralateral_restricted,IN01A085,,,,,intrinsic,,,01A,IN01A085,id:27055,,,acetylcholine,acetylcholine,,,ventral_nerve_cord,right,ventral_nerve_cord_intrinsic
3487,720575941574518821,,front_leg,bristle_neuron,tactile,,front_leg_bristle_neuron,SNta25,,,,,afferent,,,,SNta25,id:101239,right_prothoracic_leg_nerve,,gaba,,,bristle,ventral_nerve_cord,right,sensory
3488,720575941574534031,,,,proprioception,,ventral_nerve_cord_bilateral_restricted,IN19A106,,,,,intrinsic,,,19A,,,,,gaba,gaba,,,ventral_nerve_cord,left,ventral_nerve_cord_intrinsic
3489,720575941574538504,neck,,neck_motor_neuron,neck_motor,neck_roll,neck_roll_motor_neuron,DProN_d,,,,id:120,efferent,,,,,,right_dorsal_prothoracic_nerve,,gaba,,,,ventral_nerve_cord,right,motor
3490,720575941574540040,,,ascending_neuron,,,,AN05B049,AN_GNG_65,id:720575940622447309,,,intrinsic,,,05B,AN05B049,id:18311,,,gaba,gaba,,,neck_connective,left,ascending
3491,720575941574549000,,,single_leg_neuromere,,,ventral_nerve_cord_bilateral_restricted,IN09A016,,,,,intrinsic,,,09A,IN09A016,id:102663,,,gaba,gaba,,,ventral_nerve_cord,right,ventral_nerve_cord_intrinsic
3492,720575941574549768,,,ascending_neuron,,,,AN03B011,AN_GNG_181,id:720575940639740368,,,intrinsic,,,03B,AN03B011,id:10610,,,gaba,,,,neck_connective,right,ascending
3493,720575941574556680,,,,tactile,,ventral_nerve_cord_bilateral_restricted,IN23B050,,,,,intrinsic,,,23B,IN23B050,id:17501,,,acetylcholine,acetylcholine,,,ventral_nerve_cord,right,ventral_nerve_cord_intrinsic
3494,720575941574556744,,,descending_neuron,,,,aSP22,aSP22,id:720575940629490476,,,intrinsic,,,WEDd1,DNp47,id:13226,,,acetylcholine,,DNa12,,neck_connective,left,descending
3495,720575941574570127,,front_leg,bristle_neuron,tactile,,front_leg_bristle_neuron,SNta38,,,,id:1238,afferent,,,,SNta38,id:175504,left_prothoracic_leg_nerve,,gaba,,,bristle,ventral_nerve_cord,left,sensory
3496,720575941574640136,,,ascending_neuron,,,,AN07B069,AN_IPS_GNG_6,id:720575940633702511,,,intrinsic,,,07B,AN07B069,id:23206,,,acetylcholine,acetylcholine,,,neck_connective,right,ascending
3497,720575941574641309,,,ventral_nerve_cord_dorsal,,,ventral_nerve_cord_bilateral_interconnecting,IN11A011,,,,,intrinsic,,,11A,IN11A011,id:16169,,,acetylcholine,acetylcholine,,,ventral_nerve_cord,right,ventral_nerve_cord_intrinsic
3498,720575941574657032,,,ascending_neuron,,,,AN06B040,AN_multi_6,id:720575940621114974,,,intrinsic,,,06B,AN06B040,id:14529,,,gaba,gaba,,,neck_connective,right,ascending
3499,720575941574671517,,,descending_neuron,,,,DNpe011,DNpe011,id:720575940622437671,,,intrinsic,,,PSp2,DNxn104,id:48027,,,acetylcholine,,,,neck_connective,right,descending
3500,720575941574675869,,,descending_neuron,,,,DNb07,DNb07,id:720575940623938823,,,intrinsic,,,putative_primary,DNxn006,id:15257,,,glutamate,,,,neck_connective,right,descending
3501,720575941574689437,,,ascending_neuron,,,,ANXXX145,AN_GNG_VES_7,id:720575940608729795,,,intrinsic,,,TBD,ANXXX145,id:14147,,,acetylcholine,,,,neck_connective,right,ascending
3502,720575941574705673,,,,,,ventral_nerve_cord_bilateral_restricted,IN13B015,,,,,intrinsic,,,13B,IN13B015,id:13236,,,gaba,gaba,,,ventral_nerve_cord,left,ventral_nerve_cord_intrinsic
3503,720575941574706953,,,ascending_neuron,,,ANXXX986,ANXXX986,AN_multi_128,id:720575940630391639,ANXXX986,id:13464,intrinsic,,,,,,,,acetylcholine,,,,neck_connective,left,ascending
3504,720575941574723593,,,ventral_nerve_cord_serially_convergent,,,ventral_nerve_cord_bilateral_interconnecting,IN07B007,,,,,intrinsic,,,07B,IN07B007,id:10456,,,glutamate,,,,ventral_nerve_cord,left,ventral_nerve_cord_intrinsic
3505,720575941574724361,,,descending_neuron,,,,DNg23,DNg23,id:720575940630054735,,,intrinsic,,,,DNg23,id:18856,,,gaba,,,,neck_connective,left,descending
3506,720575941574731272,,,descending_neuron,,,,DNp46,DNp46,id:720575940623582867,,,intrinsic,,,SMPpm1,DNp46,id:23663,,,acetylcholine,,,,neck_connective,right,descending
3507,720575941574744329,,,descending_neuron,,,,DNg02_a,DNg02_a,id:720575940612014131,,,intrinsic,,,LB12,DNg02,id:29447,,,acetylcholine,acetylcholine,,,neck_connective,left,descending
3508,720575941574753545,,,ascending_neuron,,,,ANXXX086,AN_GNG_169,id:720575940618096321,,,intrinsic,,,TBD,ANXXX086,id:12147,,,acetylcholine,,,,neck_connective,left,ascending
3509,720575941574790664,,,descending_neuron,,,,DNge078,DNge078,id:720575940636308075,,,intrinsic,,,MX12__prim,DNg62,id:24753,,,acetylcholine,,"aDN2 (Seeds-Hampel lab),aDN2_L",,neck_connective,left,descending
3510,720575941574838280,,,ascending_neuron,,,,ANXXX057,AN_multi_29,id:720575940627125842,,,intrinsic,,,TBD,ANXXX057,id:11542,,,acetylcholine,,,,neck_connective,right,ascending
3511,720575941574844425,,,ascending_neuron,,,,AN23B004,AN_GNG_57,id:720575940635697380,,,intrinsic,,,23B,AN23B004,id:11162,,,acetylcholine,acetylcholine,,,neck_connective,right,ascending
3512,720575941574851510,,,ascending_neuron,,,,AN19A018_d,AN_GNG_56,id:720575940618095892,,,intrinsic,,,19A,AN19A018,id:10449,,,acetylcholine,,BRK3,,neck_connective,right,ascending
3513,720575941574878351,,,descending_neuron,,,,DNge002,DNge002,id:720575940628345610,,,intrinsic,,,putative_primary,DNnt019,id:17193,,,acetylcholine,,,,neck_connective,right,descending
3514,720575941574979229,,,descending_neuron,,,,DNge142,DNge142,id:720575940627629598,,,intrinsic,,,MD3,DNg70,id:13169,,,gaba,,,,neck_connective,left,descending
3515,720575941574984201,,,descending_neuron,,,,DNge148,DNge148,id:720575940622248453,,,intrinsic,,,putative_primary,DNxn147,id:23448,,,acetylcholine,,,,neck_connective,left,descending
3516,720575941575062024,,,,proprioception,,ventral_nerve_cord_bilateral_interconnecting,nCHIN,,,,,intrinsic,,,08B,IN08B070,id:19505,,,acetylcholine,acetylcholine,,,ventral_nerve_cord,right,ventral_nerve_cord_intrinsic
3517,720575941575082678,,,single_leg_neuromere,tactile,,ventral_nerve_cord_ipsilateral_restricted,IN20A.22A007,,,,,intrinsic,,,20A.22A,IN20A.22A007,id:15731,,,acetylcholine,acetylcholine,,,ventral_nerve_cord,left,ventral_nerve_cord_intrinsic
3518,720575941575161083,,,single_leg_neuromere,,,ventral_nerve_cord_contralateral_restricted,IN13B023,,,,,intrinsic,,,13B,IN13B023,id:15116,,,gaba,gaba,,,ventral_nerve_cord,right,ventral_nerve_cord_intrinsic
3519,720575941575211919,,,,,,,,,,,,afferent,,,,,,right_prothoracic_leg_nerve,,gaba,,,,ventral_nerve_cord,right,sensory
3520,720575941575231592,,front_leg,bristle_neuron,tactile,,front_leg_bristle_neuron,SNxxxx,,,,,afferent,,,,SNxxxx,id:41762993783,right_prothoracic_leg_nerve,,acetylcholine,,,bristle,ventral_nerve_cord,right,sensory
3521,720575941575296251,,,,,,ventral_nerve_cord_ipsilateral_restricted,IN21A082,,,,,intrinsic,,,21A,,,,,glutamate,,,,ventral_nerve_cord,right,ventral_nerve_cord_intrinsic
3522,720575941575327483,,front_leg,bristle_neuron,tactile,,front_leg_bristle_neuron,SNta20,,,,id:1108,afferent,,,,SNta20,id:44628,left_prothoracic_leg_nerve,,acetylcholine,,,bristle,ventral_nerve_cord,left,sensory
3523,720575941575342493,,,descending_neuron,,,,DNp29,DNp29,id:720575940622675421,,,intrinsic,,,putative_primary,DNp29,id:18424,,dNPF,serotonin,,NPF,,neck_connective,left,descending
3524,720575941575416975,,,,,,ventral_nerve_cord_bilateral_interconnecting,IN08B001,,,,,intrinsic,,,08B,IN08B001,id:10089,,,acetylcholine,acetylcholine,,,ventral_nerve_cord,left,ventral_nerve_cord_intrinsic
3525,720575941575419401,,,descending_neuron,,,,DNpe049,DNpe049,id:720575940628885160,,,intrinsic,,,putative_primary,DNxl088,id:23955,,,acetylcholine,,,,neck_connective,right,descending
3526,720575941575484598,,,descending_neuron,,,,DNge071,DNge071,id:720575940611765201,,,intrinsic,,,LB6,DNnt011,id:34390,,,gaba,,,,neck_connective,right,descending
3527,720575941575500136,,,,,,ventral_nerve_cord_bilateral_restricted,IN23B043,,,,,intrinsic,,,23B,IN23B043,id:17712,,,acetylcholine,acetylcholine,,,ventral_nerve_cord,right,ventral_nerve_cord_intrinsic
3528,720575941575525992,,,descending_neuron,,,,DNge068,DNge068,id:720575940615578043,,,intrinsic,,,putative_primary,DNfl041,id:16817,,,glutamate,,,,neck_connective,right,descending
3529,720575941575530344,,,single_leg_neuromere,,,ventral_nerve_cord_ipsilateral_restricted,IN09A046,,,,,intrinsic,,,09A,IN09A046,id:23142,,,gaba,gaba,,,ventral_nerve_cord,left,ventral_nerve_cord_intrinsic
3530,720575941575633053,,,descending_neuron,,,,DNp54,DNp54,id:720575940630346860,,,intrinsic,,,putative_primary,DNp54,id:16417,,,gaba,,,,neck_connective,left,descending
3531,720575941575644573,,,ascending_neuron,,,,AN08B059,AN_GNG_166,id:720575940624989833,,,intrinsic,,,08B,AN08B059,id:14606,,,acetylcholine,acetylcholine,,,ventral_nerve_cord,left,ascending
3532,720575941575652105,,,descending_neuron,,,,DNp101,DNp101,id:720575940631483695,,,intrinsic,,,DM6_central2,DNxn137,id:39475,,,acetylcholine,acetylcholine,,,neck_connective,left,descending
3533,720575941575680601,,,single_leg_neuromere,,,ventral_nerve_cord_ipsilateral_restricted,IN20A.22A028,,,,,intrinsic,,,20A.22A,IN20A.22A028,id:23230,,,acetylcholine,acetylcholine,,,ventral_nerve_cord,left,ventral_nerve_cord_intrinsic
3534,720575941575683161,,,,proprioception,,ventral_nerve_cord_contralateral_restricted,IN14A092,,,,,intrinsic,,,14A,IN14A092,id:17237,,,glutamate,,,,ventral_nerve_cord,right,ventral_nerve_cord_intrinsic
3535,720575941575688457,,,descending_neuron,,,,DNge070,DNge070,id:720575940651932150,,,intrinsic,,,LB6,DNnt015,id:24102,,,gaba,,,,neck_connective,right,descending
3536,720575941575725928,,,descending_neuron,,,,DNge130,DNge130,id:720575940627490459,,,intrinsic,,,,DNxn129,id:26846,,,acetylcholine,,,,neck_connective,left,descending
3537,720575941575744655,,,descending_neuron,,,,DNpe036,DNpe036,id:720575940648654468,,,intrinsic,,,SMPpv2_dorsal,DNxn140,id:15769,,,gaba,,,,neck_connective,right,descending
3538,720575941575777974,,front_leg,bristle_neuron,tactile,,front_leg_bristle_neuron,SNta30,,,,,afferent,,,,SNta30,id:43510,right_prothoracic_leg_nerve,,acetylcholine,,,bristle,ventral_nerve_cord,right,sensory
3539,720575941575782233,,,,,,ventral_nerve_cord_bilateral_interconnecting,IN12B064,,,,,intrinsic,,,12B,,,,,gaba,gaba,,,ventral_nerve_cord,right,ventral_nerve_cord_intrinsic
3540,720575941575840089,,,,,,ventral_nerve_cord_ipsilateral_restricted,IN03A073,,,,,intrinsic,,,03A,IN03A073,id:23537,,,acetylcholine,acetylcholine,,,ventral_nerve_cord,left,ventral_nerve_cord_intrinsic
3541,720575941575840857,,,,,,ventral_nerve_cord_bilateral_restricted,IN16B070,,,,,intrinsic,,,16B,IN16B070,id:20153,,,glutamate,glutamate,,,ventral_nerve_cord,left,ventral_nerve_cord_intrinsic
3542,720575941575860569,,,,proprioception,,ventral_nerve_cord_bilateral_restricted,IN19A117,,,,,intrinsic,,,19A,,,,,gaba,,,,ventral_nerve_cord,left,ventral_nerve_cord_intrinsic
3543,720575941575864921,,,single_leg_neuromere,proprioception,,ventral_nerve_cord_ipsilateral_interconnecting,IN19A106,,,,,intrinsic,,,19A,IN19A106,id:24040,,,gaba,gaba,,,ventral_nerve_cord,left,ventral_nerve_cord_intrinsic
3544,720575941575925849,,,single_leg_neuromere,,,ventral_nerve_cord_contralateral_restricted,IN14A004,,,,,intrinsic,,,14A,IN14A004,id:13068,,,glutamate,,,,ventral_nerve_cord,left,ventral_nerve_cord_intrinsic
3545,720575941575975350,neck,,neck_motor_neuron,neck_motor,neck_roll,neck_roll_motor_neuron,DProN_v,,,,,efferent,,,,,,right_dorsal_prothoracic_nerve,,octopamine,,,,ventral_nerve_cord,right,motor
3546,720575941575985241,,,ascending_neuron,,,,AN08B106,AN_GNG_164,id:720575940647022644,,,intrinsic,,,08B,AN08B106,id:25262,,,acetylcholine,acetylcholine,,,neck_connective,left,ascending
3547,720575941576043190,,,,tactile,,ventral_nerve_cord_bilateral_interconnecting,IN06B016,,,,,intrinsic,,,06B,IN06B016,id:11525,,,gaba,gaba,,,ventral_nerve_cord,left,ventral_nerve_cord_intrinsic
3548,720575941576058294,,,single_leg_neuromere,,,ventral_nerve_cord_ipsilateral_restricted,IN21A019,,,,,intrinsic,,,21A,IN21A019,id:13264,,,glutamate,,,,ventral_nerve_cord,right,ventral_nerve_cord_intrinsic
3549,720575941576089014,,front_leg,bristle_neuron,tactile,,front_leg_bristle_neuron,SNta35,,,,,afferent,,,,SNta35,id:100336,left_prothoracic_leg_nerve,,gaba,,,bristle,ventral_nerve_cord,left,sensory
3550,720575941576140470,,,ascending_neuron,,,,ANXXX030,AN_multi_51,id:720575940635620709,,,intrinsic,,,TBD,ANXXX030,id:10899,,,acetylcholine,,,,neck_connective,right,ascending
3551,720575941576254134,,,descending_neuron,,,,DNge080,DNge080,id:720575940609407939,,,intrinsic,,,putative_primary,DNxl078,id:20825,,,acetylcholine,,,,neck_connective,right,descending
3552,720575941576405608,,,single_leg_neuromere,,,ventral_nerve_cord_contralateral_restricted,IN13B097,,,,,intrinsic,,,13B,IN13B097,id:157409,,,gaba,gaba,,,ventral_nerve_cord,right,ventral_nerve_cord_intrinsic
3553,720575941576517465,,,,,,ventral_nerve_cord_bilateral_interconnecting,IN21A046,,,,,intrinsic,,,21A,,,,,glutamate,,,,ventral_nerve_cord,right,ventral_nerve_cord_intrinsic
3554,720575941576547176,,,ventral_nerve_cord_serially_convergent,,,ventral_nerve_cord_bilateral_interconnecting,IN12B005,,,,,intrinsic,,,12B,IN12B005,id:11858,,,gaba,gaba,,,ventral_nerve_cord,left,ventral_nerve_cord_intrinsic
3555,720575941576551528,,,,,,ventral_nerve_cord_ipsilateral_restricted,INXXX194,,,,,intrinsic,,,TBD,INXXX194,id:17057,,,glutamate,,,,ventral_nerve_cord,right,ventral_nerve_cord_intrinsic
3556,720575941576562792,,,descending_neuron,,,,DNge075,DNge075,id:720575940628436282,,,intrinsic,,,putative_primary,DNxl101,id:13592,,,acetylcholine,,,,neck_connective,right,descending
3557,720575941576571752,,,ventral_nerve_cord_centrifugal,,,ventral_nerve_cord_contralateral_interconnecting,IN10B007,,,,,intrinsic,,,10B,IN10B007,id:11256,,,acetylcholine,acetylcholine,,,ventral_nerve_cord,left,ventral_nerve_cord_intrinsic
3558,720575941576680949,,,ascending_neuron,,,,AN10B034,AN_GNG_165,id:720575940627008359,,,intrinsic,,,10B,AN10B034,id:21888,,,acetylcholine,acetylcholine,,,neck_connective,left,ascending
3559,720575941576683624,,,sequential_leg_neuromeres,,,ventral_nerve_cord_ipsilateral_interconnecting,IN02A003,,,,,intrinsic,,,02A,IN02A003,id:10193,,,glutamate,glutamate,,,ventral_nerve_cord,left,ventral_nerve_cord_intrinsic
3560,720575941576784209,,,,,,ventral_nerve_cord_ipsilateral_restricted,IN09A069,,,,,intrinsic,,,09A,IN09A069,id:24964,,,gaba,gaba,,,ventral_nerve_cord,right,ventral_nerve_cord_intrinsic
3561,720575941576836853,,,,,,ventral_nerve_cord_ipsilateral_restricted,IN20A.22A053,,,,,intrinsic,,,20A.22A,,,,,acetylcholine,acetylcholine,,,ventral_nerve_cord,right,ventral_nerve_cord_intrinsic
3562,720575941576905461,,,single_leg_neuromere,,,ventral_nerve_cord_ipsilateral_restricted,IN03A062,,,,,intrinsic,,,03A,,,,,acetylcholine,acetylcholine,,,ventral_nerve_cord,left,ventral_nerve_cord_intrinsic
3563,720575941576942417,,,,,,ventral_nerve_cord_contralateral_restricted,IN13B091,,,,,intrinsic,,,13B,,,,,gaba,gaba,,,ventral_nerve_cord,right,ventral_nerve_cord_intrinsic
3564,720575941576954357,,,single_leg_neuromere,,,ventral_nerve_cord_ipsilateral_interconnecting,IN09A064,,,,,intrinsic,,,09A,IN09A064,id:159312,,,gaba,gaba,,,ventral_nerve_cord,left,ventral_nerve_cord_intrinsic
3565,720575941576954961,,,,,,ventral_nerve_cord_bilateral_interconnecting,IN08B037,,,,,intrinsic,,,08B,IN08B037,id:16603,,,acetylcholine,acetylcholine,,,ventral_nerve_cord,left,ventral_nerve_cord_intrinsic
3566,720575941576969717,,,,proprioception,,ventral_nerve_cord_bilateral_restricted,IN19A117,,,,,intrinsic,,,19A,IN19A117,id:163869,,,gaba,,,,ventral_nerve_cord,right,ventral_nerve_cord_intrinsic
3567,720575941576978933,,,single_leg_neuromere,,,ventral_nerve_cord_ipsilateral_restricted,IN19A073,,,,,intrinsic,,,19A,,,,,gaba,gaba,,,ventral_nerve_cord,left,ventral_nerve_cord_intrinsic
3568,720575941577000949,,,,,,ventral_nerve_cord_ipsilateral_restricted,IN03A094,,,,,intrinsic,,,03A,IN03A094,id:21791,,,acetylcholine,acetylcholine,,,ventral_nerve_cord,right,ventral_nerve_cord_intrinsic
3569,720575941577042769,,,single_leg_neuromere,,,ventral_nerve_cord_contralateral_restricted,IN13B093,,,,,intrinsic,,,13B,IN13B093,id:28002,,,gaba,gaba,,,ventral_nerve_cord,right,ventral_nerve_cord_intrinsic
3570,720575941577049169,,,,,,ventral_nerve_cord_ipsilateral_restricted,IN16B077,,,,,intrinsic,,,16B,IN16B077,id:19563,,,glutamate,glutamate,,,ventral_nerve_cord,right,ventral_nerve_cord_intrinsic
3571,720575941577049681,,,,,,ventral_nerve_cord_ipsilateral_restricted,IN13A056,,,,,intrinsic,,,13A,IN13A056,id:21476,,,gaba,gaba,,,ventral_nerve_cord,left,ventral_nerve_cord_intrinsic
3572,720575941577076072,,"coxa,front_leg",hair_plate_neuron,proprioception,joint_angle,front_leg_hair_plate_neuron,SNpp45,,,,,afferent,,,,SNpp45,id:22677,left_ventral_prothoracic_nerve,,acetylcholine,,CoHP8,"CoHP8,hair_plate",ventral_nerve_cord,left,sensory
3573,720575941577141864,,,,,,ventral_nerve_cord_bilateral_interconnecting,IN02A029,,,,,intrinsic,,,02A,IN02A029,id:20571,,,glutamate,glutamate,,,ventral_nerve_cord,left,ventral_nerve_cord_intrinsic
3574,720575941577341544,,,descending_neuron,,,,DNge116,DNge116,id:720575940602534112,,,intrinsic,,,LB7,DNut034,id:43795,,,acetylcholine,,,,neck_connective,right,descending
3575,720575941577465945,,,ventral_nerve_cord_serially_convergent,,,ventral_nerve_cord_bilateral_interconnecting,IN08B056,,,,,intrinsic,,,08B,IN08B056,id:15473,,,acetylcholine,acetylcholine,,,ventral_nerve_cord,left,ventral_nerve_cord_intrinsic
3576,720575941577482585,,,descending_neuron,,,,DNg12_e,DNg12_e,id:720575940621767306,,,intrinsic,,,MX12,DNxn108,id:53581075416,,,acetylcholine,,MX12_L_30,,neck_connective,left,descending
3577,720575941577494888,,,sequential_leg_neuromeres,,,ventral_nerve_cord_contralateral_interconnecting,IN01A011,,,,,intrinsic,,,01A,IN01A011,id:10789,,,acetylcholine,acetylcholine,,,ventral_nerve_cord,left,ventral_nerve_cord_intrinsic
3578,720575941577501273,,front_leg,orphan_neuron,,,front_leg_orphan_neuron,SNxxxx,,,,,afferent,,,,SNxxxx,id:58004,left_prothoracic_leg_nerve,,gaba,,,orphan,ventral_nerve_cord,left,sensory
3579,720575941577505640,,front_leg,chordotonal_organ_neuron,proprioception,position,front_leg_claw_chordotonal_organ_neuron,SNpp50,,,,,afferent,,,,SNpp50,id:96728,left_prothoracic_leg_nerve,,gaba,acetylcholine,,chordotonal_organ,ventral_nerve_cord,left,sensory
3580,720575941577519961,,,descending_neuron,,,,DNge089,DNge089,id:720575940610341582,,,intrinsic,,,LB7,DNit003,id:151715,,,acetylcholine,,,,neck_connective,left,descending
3581,720575941577667921,,,,,,ventral_nerve_cord_ipsilateral_restricted,IN20A.22A018,,,,,intrinsic,,,20A.22A,IN20A.22A018,id:23224,,,acetylcholine,acetylcholine,,,ventral_nerve_cord,right,ventral_nerve_cord_intrinsic
3582,720575941578384629,,,descending_neuron,,,,DNpe025,DNpe025,id:720575940621401222,,,intrinsic,,,putative_primary,DNxl121,id:12221,,,acetylcholine,,,,neck_connective,right,descending
3583,720575941578492761,,,ascending_neuron,,,,AN07B051,AN_GNG_142,id:720575940602447328,,,intrinsic,,,07B,AN07B051,id:19677,,,acetylcholine,acetylcholine,,,neck_connective,right,ascending
3584,720575941578497369,,,ascending_neuron,,,,AN18B002,AN_4_None,id:720575940621481450,,,intrinsic,,,18B,AN18B002,id:10519,,,acetylcholine,acetylcholine,,,neck_connective,right,ascending
3585,720575941578499673,,,descending_neuron,,,,DNge118,DNge118,id:720575940614107554,,,intrinsic,,,LB7,DNut054,id:28518,,,acetylcholine,,,,neck_connective,right,descending
3586,720575941578634577,,,single_leg_neuromere,,,ventral_nerve_cord_ipsilateral_restricted,IN20A.22A049,,,,,intrinsic,,,20A.22A,IN20A.22A049,id:25833,,,acetylcholine,acetylcholine,,,ventral_nerve_cord,left,ventral_nerve_cord_intrinsic
3587,720575941578676305,,,single_leg_neuromere,,,ventral_nerve_cord_bilateral_restricted,IN19B038,,,,,intrinsic,,,19B,IN19B038,id:13370,,,acetylcholine,acetylcholine,,,ventral_nerve_cord,left,ventral_nerve_cord_intrinsic
3588,720575941578679897,,,descending_neuron,,,,DNpe040,DNpe040,id:720575940605702944,,,intrinsic,,,putative_primary,DNxn130,id:20799,,,acetylcholine,,,,neck_connective,right,descending
3589,720575941578785269,,"coxa,front_leg",hair_plate_neuron,proprioception,joint_angle,front_leg_hair_plate_neuron,SNpp52,,,,,afferent,,,,SNpp52,id:11399,left_prothoracic_accessory_nerve,,gaba,,CoHP4,"CoHP4,hair_plate",ventral_nerve_cord,left,sensory
3590,720575941578803025,,,descending_neuron,,,,DNa13,DNa13,id:720575940625502666,,,intrinsic,,,WEDd1,DNa13,id:11164,,,acetylcholine,,,,neck_connective,right,descending
3591,720575941578935029,,front_leg,chordotonal_organ_neuron,proprioception,position,front_leg_claw_chordotonal_organ_neuron,SNpp50,,,,,afferent,,,,SNpp50,id:163745,left_prothoracic_leg_nerve,,gaba,acetylcholine,,chordotonal_organ,ventral_nerve_cord,left,sensory
3592,720575941579009657,,,,,,ventral_nerve_cord_contralateral_restricted,IN01A074,,,,,intrinsic,,,01A,IN01A074,id:23647,,,acetylcholine,acetylcholine,,,ventral_nerve_cord,right,ventral_nerve_cord_intrinsic
3593,720575941579149401,,,descending_neuron,,,,DNp17,,,,,intrinsic,DNp17,id:5812993956,,,,,,acetylcholine,,,,neck_connective,right,descending
3594,720575941579198585,,,,,,ventral_nerve_cord_bilateral_interconnecting,IN08B052,,,,,intrinsic,,,08B,IN08B052,id:14822,,,acetylcholine,acetylcholine,,,ventral_nerve_cord,right,ventral_nerve_cord_intrinsic
3595,720575941579312761,,front_leg,chordotonal_organ_neuron,proprioception,vibro_tactile,front_leg_club_chordotonal_organ_neuron,SNpp59,,,,id:1346,afferent,,,,SNpp59,id:76418,left_prothoracic_leg_nerve,,,acetylcholine,club,chordotonal_organ,ventral_nerve_cord,left,sensory
3596,720575941579450745,,,descending_neuron,,,,DNge020,DNge020,id:720575940604727264,,,intrinsic,,,MX12,DNnt008,id:32534,,,acetylcholine,,MX12_R_6,,neck_connective,right,descending
3597,720575941579460433,,,single_leg_neuromere,,,ventral_nerve_cord_contralateral_restricted,IN13B018,,,,,intrinsic,,,13B,IN13B018,id:15728,,,gaba,,,,ventral_nerve_cord,left,ventral_nerve_cord_intrinsic
3598,720575941579598161,,,,,,ventral_nerve_cord_ipsilateral_restricted,IN04B015,,,,,intrinsic,,,04B,IN04B015,id:14811,,,acetylcholine,acetylcholine,,,ventral_nerve_cord,right,ventral_nerve_cord_intrinsic
3599,720575941579616081,,,descending_neuron,,,,DNp16,DNp16,id:720575940615219417,,,intrinsic,,,PSp2,DNut045,id:24758,,,acetylcholine,,,,neck_connective,left,descending
3600,720575941579639121,,,single_leg_neuromere,,,ventral_nerve_cord_ipsilateral_restricted,IN08A024,,,,,intrinsic,,,08A,IN08A024,id:20344,,,glutamate,glutamate,,,ventral_nerve_cord,left,ventral_nerve_cord_intrinsic
3601,720575941579753337,,,,,,ventral_nerve_cord_ipsilateral_restricted,IN09A069,,,,,intrinsic,,,09A,IN09A069,id:24964,,,gaba,gaba,,,ventral_nerve_cord,right,ventral_nerve_cord_intrinsic
3602,720575941579753849,front_leg,,leg_motor_neuron,leg_motor,flex_coxa_trochanter_joint,front_leg_motor_neuron,trochanter_flexor_VProN,,,,,efferent,,,TBD,,,right_ventral_prothoracic_nerve,,gaba,,,trochanter_flexor_muscle,ventral_nerve_cord,right,motor
3603,720575941579780597,,,ascending_neuron,,,,AN18B001,AN_GNG_SAD_16,id:720575940645187784,,,intrinsic,,,18B,AN18B001,id:10313,,,acetylcholine,acetylcholine,,,neck_connective,left,ascending
3604,720575941579786997,,front_leg,chordotonal_organ_neuron,proprioception,direction,front_leg_hook_chordotonal_organ_neuron,SNpp39,,,,,afferent,,,,SNpp39,id:100324,left_prothoracic_leg_nerve,,gaba,acetylcholine,,chordotonal_organ,ventral_nerve_cord,,sensory
3605,720575941579788533,,,ascending_neuron,,,,AN01A001,AN_GNG_18,id:720575940628422139,,,intrinsic,,,01A,AN01A001,id:10761,,,acetylcholine,acetylcholine,,,neck_connective,right,ascending
3606,720575941579793909,,,descending_neuron,,,,DNge010,DNge010,id:720575940632161311,,,intrinsic,,,LB6,DNml001,id:16648,,,acetylcholine,,,,neck_connective,right,descending
3607,720575941579804661,,,,,,ventral_nerve_cord_bilateral_interconnecting,vPR6,,,,,intrinsic,,,12A,,,,,acetylcholine,acetylcholine,,,ventral_nerve_cord,right,ventral_nerve_cord_intrinsic
3608,720575941579841013,,,descending_neuron,,,,DNp16,DNp16,id:720575940615219417,,,intrinsic,,,PSp2,DNp16,id:31592,,,acetylcholine,,,,neck_connective,left,descending
3609,720575941579857397,,,ascending_neuron,,,,AN07B050,SA_DMT_DMetaN_1,id:720575940624107548,,,intrinsic,,,07B,AN07B050,id:21113,,,acetylcholine,acetylcholine,,,neck_connective,left,ascending
3610,720575941579868917,,,,,,ventral_nerve_cord_ipsilateral_interconnecting,IN03B022,,,,,intrinsic,,,03B,IN03B022,id:11223,,,gaba,,,,ventral_nerve_cord,left,ventral_nerve_cord_intrinsic
3611,720575941579875317,,"coxa,front_leg",hair_plate_neuron,proprioception,joint_angle,front_leg_hair_plate_neuron,SNpp52,,,,,afferent,,,,SNpp52,id:21695,right_dorsal_prothoracic_nerve,,gaba,,CoHP3,"CoHP3,hair_plate",ventral_nerve_cord,right,sensory
3612,720575941579876085,,,descending_neuron,,,,DNg74_a,DNg74_a,id:720575940622500172,,,intrinsic,,,MX3,DNg74,id:10107,,,gaba,,,,neck_connective,right,descending
3613,720575941579879157,,,,,,ventral_nerve_cord_bilateral_interconnecting,IN11A005,,,,,intrinsic,,,11A,IN11A005,id:11583,,,acetylcholine,acetylcholine,,,ventral_nerve_cord,left,ventral_nerve_cord_intrinsic
3614,720575941579900149,,,,,,ventral_nerve_cord_ipsilateral_interconnecting,IN03B025,,,,,intrinsic,,,03B,IN03B025,id:11559,,,gaba,,,,ventral_nerve_cord,right,ventral_nerve_cord_intrinsic
3615,720575941580369489,,,descending_neuron,,,,DNg08_a,DNg08_a,id:720575940637667443,,,intrinsic,,,MX3,DNg08,id:24656,,,gaba,,,,neck_connective,left,descending
3616,720575941580594677,,,ascending_neuron,,,,AN12B017,AN_GNG_VES_6,id:720575940633507637,,,intrinsic,,,12B,AN12B017,id:14050,,,gaba,gaba,,,neck_connective,left,ascending
3617,720575941580602869,,,ascending_neuron,,,,AN12B017,AN_GNG_VES_2,id:720575940619273398,,,intrinsic,,,12B,AN12B017,id:13189,,,gaba,gaba,,,neck_connective,right,ascending
3618,720575941580604661,,,,tactile,,ventral_nerve_cord_bilateral_interconnecting,IN06B016,,,,,intrinsic,,,06B,IN06B016,id:11512,,,gaba,gaba,,,ventral_nerve_cord,left,ventral_nerve_cord_intrinsic
3619,720575941580612473,,,,,,ventral_nerve_cord_ipsilateral_restricted,IN13A035,,,,,intrinsic,,,13A,IN13A035,id:14039,,,gaba,gaba,,,ventral_nerve_cord,right,ventral_nerve_cord_intrinsic
3620,720575941580640889,,,,,,ventral_nerve_cord_ipsilateral_restricted,IN01B019,,,,,intrinsic,,,01B,IN01B019,id:29119,,,gaba,gaba,,,ventral_nerve_cord,right,ventral_nerve_cord_intrinsic
3621,720575941580644985,,,single_leg_neuromere,,,ventral_nerve_cord_contralateral_restricted,IN14A050,,,,,intrinsic,,,14A,IN14A050,id:24544,,,glutamate,,,,ventral_nerve_cord,right,ventral_nerve_cord_intrinsic
3622,720575941580654201,,,ascending_neuron,,,,AN08B005,,,,,intrinsic,,,08B,AN08B005,id:11251,,,acetylcholine,acetylcholine,,,neck_connective,right,ascending
3623,720575941580671097,,,single_leg_neuromere,,,ventral_nerve_cord_ipsilateral_restricted,IN21A087,,,,,intrinsic,,,21A,IN21A087,id:22657,,,glutamate,,,,ventral_nerve_cord,left,ventral_nerve_cord_intrinsic
3624,720575941580731001,front_leg,,leg_motor_neuron,leg_motor,flex_femur_tibia_joint,front_leg_motor_neuron,tibia_flexor,,,,,efferent,,,15B,Ti flexor MN,id:14848,right_prothoracic_leg_nerve,,acetylcholine,glutamate,,tibia_flexor_muscle,ventral_nerve_cord,right,motor
3625,720575941580774521,,,,,,ventral_nerve_cord_bilateral_interconnecting,IN07B065,,,,,intrinsic,,,07B,IN07B065,id:24242,,,acetylcholine,acetylcholine,,,ventral_nerve_cord,left,ventral_nerve_cord_intrinsic
3626,720575941580804473,,front_leg,bristle_neuron,tactile,,front_leg_bristle_neuron,SNxxxx,,,,,afferent,,,,SNxxxx,id:80760,right_prothoracic_leg_nerve,,gaba,,,bristle,ventral_nerve_cord,right,sensory
3627,720575941581228153,,,ventral_nerve_cord_serially_convergent,,,ventral_nerve_cord_bilateral_interconnecting,IN07B007,,,,,intrinsic,,,07B,IN07B007,id:10802,,,glutamate,,,,ventral_nerve_cord,right,ventral_nerve_cord_intrinsic
3628,720575941581492319,,,ventral_nerve_cord_dorsal,,,ventral_nerve_cord_ipsilateral_interconnecting,IN02A020,,,,,intrinsic,,,02A,IN02A020,id:16003,,,glutamate,glutamate,,,ventral_nerve_cord,right,ventral_nerve_cord_intrinsic
3629,720575941581608031,,,,,,ventral_nerve_cord_ipsilateral_interconnecting,IN21A103,,,,,intrinsic,,,21A,IN21A103,id:31388,,,glutamate,,,,ventral_nerve_cord,right,ventral_nerve_cord_intrinsic
3630,720575941581648761,,,descending_neuron,,,,DNg54,DNg54,id:720575940618514043,,,intrinsic,,,LB7__prim,DNg54,id:18614,,,acetylcholine,,,,neck_connective,left,descending
3631,720575941581653113,,,,,,ventral_nerve_cord_ipsilateral_restricted,IN16B102,,,,,intrinsic,,,16B,IN16B102,id:27128,,,glutamate,glutamate,,,ventral_nerve_cord,left,ventral_nerve_cord_intrinsic
3632,720575941581673337,,,single_leg_neuromere,,,ventral_nerve_cord_ipsilateral_restricted,IN20A.22A036,,,,,intrinsic,,,20A.22A,,,,,gaba,acetylcholine,,,ventral_nerve_cord,,ventral_nerve_cord_intrinsic
3633,720575941581678713,,,single_leg_neuromere,,,ventral_nerve_cord_contralateral_restricted,IN14A037,,,,,intrinsic,,,14A,IN14A037,id:29014,,,glutamate,,,,ventral_nerve_cord,left,ventral_nerve_cord_intrinsic
3634,720575941581684601,,,descending_neuron,,,,DNa06,DNa06,id:720575940640325429,,,intrinsic,,,WEDd1,DNa06,id:15344,,,acetylcholine,,,,neck_connective,right,descending
3635,720575941581684857,,,,,,ventral_nerve_cord_bilateral_interconnecting,IN23B072,,,,,intrinsic,,,23B,IN23B072,id:49724,,,acetylcholine,acetylcholine,,,ventral_nerve_cord,left,ventral_nerve_cord_intrinsic
3636,720575941581721977,,,descending_neuron,,,,DNg21,,,,,intrinsic,,,,DNg21,id:17643,,,acetylcholine,,,,neck_connective,right,descending
3637,720575941581772153,,,ascending_neuron,,,,AN06B011,AN_multi_10,id:720575940616414859,,,intrinsic,,,06B,AN06B011,id:11746,,,acetylcholine,,,,neck_connective,right,ascending
3638,720575941581870457,,,descending_neuron,,,,DNpe040,DNpe040,id:720575940624801771,,,intrinsic,,,putative_primary,DNxn130,id:20799,,,acetylcholine,,,,neck_connective,left,descending
3639,720575941582029689,,front_leg,,proprioception,direction,,SNpp39,,,,,afferent,,,,SNpp39,id:156534,right_prothoracic_leg_nerve,,gaba,acetylcholine,,chordotonal_organ,ventral_nerve_cord,right,sensory
3640,720575941582282873,,,descending_neuron,,,,DNg08_a,DNg08_a,id:720575940624131913,,,intrinsic,,,MX3,DNg08,id:24919,,,gaba,,,,neck_connective,right,descending
3641,720575941582296697,,front_leg,campaniform_sensillum_neuron,proprioception,mechanical_strain,front_leg_campaniform_sensillum_neuron,SNppxx,,,,,afferent,,,,SNppxx,id:40562,right_prothoracic_leg_nerve,,gaba,,,campaniform_sensillum,ventral_nerve_cord,right,sensory
3642,720575941582658169,,front_leg,campaniform_sensillum_neuron,proprioception,mechanical_strain,front_leg_campaniform_sensillum_neuron,SNxx30,,,,,afferent,,,,SNxx30,id:23796,right_prothoracic_leg_nerve,,gaba,,,campaniform_sensillum,ventral_nerve_cord,right,sensory
3643,720575941582911865,front_leg,,leg_motor_neuron,leg_motor,move_coxa_anterior,front_leg_motor_neuron,tergopleural_promotor_pleural_promotor,,,,,efferent,,,,,,left_dorsal_prothoracic_nerve,,gaba,,,tergopleural_promotor_muscle,ventral_nerve_cord,left,motor
3644,720575941582981471,,,single_leg_neuromere,,,ventral_nerve_cord_ipsilateral_restricted,IN17A028,,,,,intrinsic,,,17A,,,,,acetylcholine,acetylcholine,,,ventral_nerve_cord,left,ventral_nerve_cord_intrinsic
3645,720575941582988921,,front_leg,,proprioception,,,SNppxx,,,,,afferent,,,,SNppxx,id:45010491531,right_prothoracic_leg_nerve,,gaba,,,chordotonal_organ,ventral_nerve_cord,right,sensory
3646,720575941582997881,,,,,,ventral_nerve_cord_bilateral_restricted,IN04B086,,,,,intrinsic,,,04B,IN04B086,id:12132,,,acetylcholine,acetylcholine,,,ventral_nerve_cord,right,ventral_nerve_cord_intrinsic
3647,720575941583156869,,front_leg,bristle_neuron,tactile,,front_leg_bristle_neuron,SNta29,,,,,afferent,,,,SNta29,id:22606,left_prothoracic_leg_nerve,,acetylcholine,,,bristle,ventral_nerve_cord,left,sensory
3648,720575941583186566,,,,,,ventral_nerve_cord_bilateral_interconnecting,IN21A046,,,,,intrinsic,,,21A,,,,,glutamate,,,,ventral_nerve_cord,right,ventral_nerve_cord_intrinsic
3649,720575941583323358,front_leg,,leg_motor_neuron,leg_motor,flex_femur_tibia_joint,front_leg_motor_neuron,accessory_tibia_flexor_C,,,,,efferent,,,,,,left_prothoracic_leg_nerve,,gaba,,,accessory_tibia_flexor_muscle,ventral_nerve_cord,left,motor
3650,720575941583361887,,,,,,ventral_nerve_cord_ipsilateral_restricted,IN20A.22A071,,,,,intrinsic,,,20A.22A,IN20A.22A071,id:12356,,,acetylcholine,acetylcholine,,,ventral_nerve_cord,right,ventral_nerve_cord_intrinsic
3651,720575941583368543,,,ascending_neuron,,,,AN14A003,AN_GNG_46,id:720575940620811656,,,intrinsic,,,14A,AN14A003,id:11342,,,glutamate,,,,neck_connective,right,ascending
3652,720575941583462110,,,descending_neuron,,,,DNge154,DNge154,id:720575940622805700,,,intrinsic,,,LB7,DNut054,id:25989,,,acetylcholine,,,,neck_connective,right,descending
3653,720575941583559390,,,single_leg_neuromere,,,ventral_nerve_cord_contralateral_restricted,IN13B078,,,,,intrinsic,,,13B,,,,,gaba,gaba,,,ventral_nerve_cord,right,ventral_nerve_cord_intrinsic
3654,720575941583568479,,front_leg,chordotonal_organ_neuron,proprioception,position,front_leg_claw_chordotonal_organ_neuron,SNpp50,,,,,afferent,,,,SNpp50,id:163745,left_prothoracic_leg_nerve,,gaba,acetylcholine,claw,chordotonal_organ,ventral_nerve_cord,left,sensory
3655,720575941583573599,,front_leg,,,,putative_front_leg_claw_chordotonal_organ_neuron,SNpp50,,,,,afferent,,,,SNpp50,id:215378,right_prothoracic_leg_nerve,,gaba,,,,ventral_nerve_cord,right,sensory
3656,720575941583613918,,,,,,ventral_nerve_cord_bilateral_restricted,IN16B058,,,,,intrinsic,,,16B,IN16B058,id:18920,,,glutamate,glutamate,,,ventral_nerve_cord,left,ventral_nerve_cord_intrinsic
3657,720575941583630558,,,single_leg_neuromere,,,ventral_nerve_cord_ipsilateral_restricted,IN20A.22A039,,,,,intrinsic,,,20A.22A,IN20A.22A039,id:23407,,,acetylcholine,acetylcholine,,,ventral_nerve_cord,left,ventral_nerve_cord_intrinsic
3658,720575941583654878,,,single_leg_neuromere,,,ventral_nerve_cord_contralateral_restricted,IN13B090,,,,,intrinsic,,,13B,,,,,gaba,gaba,,,ventral_nerve_cord,right,ventral_nerve_cord_intrinsic
3659,720575941583658462,,,,,,ventral_nerve_cord_ipsilateral_restricted,IN03A023,,,,,intrinsic,,,03A,IN03A023,id:15041,,,acetylcholine,acetylcholine,,,ventral_nerve_cord,right,ventral_nerve_cord_intrinsic
3660,720575941583659742,,,single_leg_neuromere,,,ventral_nerve_cord_ipsilateral_restricted,IN17A028,,,,,intrinsic,,,17A,,,,,acetylcholine,acetylcholine,,,ventral_nerve_cord,right,ventral_nerve_cord_intrinsic
3661,720575941583663070,,,,,,ventral_nerve_cord_ipsilateral_restricted,IN04B093,,,,,intrinsic,,,04B,IN04B093,id:18724,,,acetylcholine,acetylcholine,,,ventral_nerve_cord,left,ventral_nerve_cord_intrinsic
3662,720575941583665630,,,,proprioception,,ventral_nerve_cord_ipsilateral_restricted,IN04B101,,,,,intrinsic,,,04B,IN04B101,id:152655,,,acetylcholine,acetylcholine,,,ventral_nerve_cord,left,ventral_nerve_cord_intrinsic
3663,720575941583758726,,,descending_neuron,,,,DNg01,DNg01,id:720575940637660733,,,intrinsic,,,LB12,DNlt010,id:26517,,,acetylcholine,,,,neck_connective,left,descending
3664,720575941583879007,,,ascending_neuron,,,,AN12B089,,id:720575940632716698,,,intrinsic,,,12B,AN12B089,id:26112,,,gaba,gaba,,,neck_connective,left,ascending
3665,720575941583911302,,,,,,ventral_nerve_cord_ipsilateral_restricted,IN09A096,,,,,intrinsic,,,09A,,,,,gaba,gaba,,,ventral_nerve_cord,left,ventral_nerve_cord_intrinsic
3666,720575941584468319,,,ventral_nerve_cord_centrifugal,,,ventral_nerve_cord_bilateral_interconnecting,IN12B002,,,,,intrinsic,,,12B,IN12B002,id:10141,,,gaba,gaba,,,ventral_nerve_cord,right,ventral_nerve_cord_intrinsic
3667,720575941584591494,,,single_leg_neuromere,,,ventral_nerve_cord_contralateral_restricted,IN14A021,,,,,intrinsic,,,14A,IN14A021,id:22198,,,glutamate,,,,ventral_nerve_cord,left,ventral_nerve_cord_intrinsic
3668,720575941584708486,,,descending_neuron,,,,DNge113,DNge113,id:720575940632574946,,,intrinsic,,,LB7,DNnt011,id:34643,,,acetylcholine,,,,neck_connective,left,descending
3669,720575941584789982,,prosternal_organ,hair_plate_neuron,proprioception,joint_angle,prosternal_hair_plate_neuron,SNpp19,,,,,afferent,,,,SNpp19,id:102845,left_prosternal_nerve,,acetylcholine,,,hair_plate,ventral_nerve_cord,left,sensory
3670,720575941584891782,,,ventral_nerve_cord_serially_convergent,,,ventral_nerve_cord_bilateral_interconnecting,IN04A002,,,,,intrinsic,,,04A,IN04A002,id:18881,,,acetylcholine,,,,ventral_nerve_cord,right,ventral_nerve_cord_intrinsic
3671,720575941584957406,,hind_leg,chordotonal_organ_neuron,proprioception,position,hind_leg_claw_chordotonal_organ_neuron,SNpp50,,,,,afferent,,,,SNpp50,id:100531,left_prothoracic_leg_nerve,,gaba,,,chordotonal_organ,ventral_nerve_cord,left,sensory
3672,720575941584967390,,front_leg,bristle_neuron,tactile,,front_leg_bristle_neuron,SNta19,,,,,afferent,,,,SNta19,id:30556,left_prothoracic_leg_nerve,,acetylcholine,,,bristle,ventral_nerve_cord,left,sensory
3673,720575941585004127,,,ascending_neuron,,,,AN19A018_a,AN_3_None,id:720575940628614487,,,intrinsic,,,19A,AN19A018,id:17919,,,acetylcholine,,,,neck_connective,right,ascending
3674,720575941585022598,,front_leg,bristle_neuron,tactile,,front_leg_bristle_neuron,SNta32,,,,,afferent,,,,SNta32,id:38116,right_prothoracic_leg_nerve,,acetylcholine,,,bristle,ventral_nerve_cord,right,sensory
3675,720575941585144415,,,ascending_neuron,,,,ANXXX072,AN_GNG_38,id:720575940629946951,,,intrinsic,,,TBD,ANXXX072,id:11818,,,acetylcholine,,,,neck_connective,left,ascending
3676,720575941585365214,,,descending_neuron,,,,DNpe054,DNpe054,id:720575940632379071,,,intrinsic,,,PSp2,DNut042,id:30531,,,acetylcholine,,,,neck_connective,right,descending
3677,720575941585396358,,,,,,ventral_nerve_cord_ipsilateral_restricted,IN19A092,,,,,intrinsic,,,19A,IN19A092,id:22626,,,gaba,gaba,,,ventral_nerve_cord,left,ventral_nerve_cord_intrinsic
3678,720575941585593695,,front_leg,bristle_neuron,tactile,,front_leg_bristle_neuron,SNta21,,,,id:1423,afferent,,,,SNta21,id:179682,left_prothoracic_leg_nerve,,gaba,,,bristle,ventral_nerve_cord,left,sensory
3679,720575941585621855,,,descending_neuron,,,,DNg80,DNg80,id:720575940631110095,,,intrinsic,,,putative_primary,DNg80,id:12029,,CCAP,glutamate,,,,neck_connective,right,descending
3680,720575941585902470,,,,,,ventral_nerve_cord_bilateral_restricted,IN04B041,,,,,intrinsic,,,04B,IN04B041,id:10024,,,acetylcholine,acetylcholine,,,ventral_nerve_cord,left,ventral_nerve_cord_intrinsic
3681,720575941585920646,,,ascending_neuron,,,,AN19A018_d,AN_GNG_54,id:720575940623700661,,,intrinsic,,,19A,AN19A018,id:10528,,,acetylcholine,,BRK4,,neck_connective,left,ascending
3682,720575941585936006,,,single_leg_neuromere,,,ventral_nerve_cord_ipsilateral_restricted,IN20A.22A055,,,,,intrinsic,,,20A.22A,IN20A.22A055,id:25425,,,acetylcholine,acetylcholine,,,ventral_nerve_cord,right,ventral_nerve_cord_intrinsic
3683,720575941586099334,,,descending_neuron,,,,DNge012,DNge012,id:720575940631632012,,,intrinsic,,,,DNfl030,id:27241,,,acetylcholine,,MX12_?,,neck_connective,right,descending
3684,720575941586127750,,,ascending_neuron,,,,AN05B007,AN_GNG_109,id:720575940613958194,,,intrinsic,,,05B,AN05B007,id:10419,,,gaba,gaba,,,neck_connective,left,ascending
3685,720575941586221958,,,descending_neuron,,,,DNp41,DNp41,id:720575940636933722,,,intrinsic,,,putative_primary,DNp41,id:18279,,,acetylcholine,,,,neck_connective,left,descending
3686,720575941586273926,,,descending_neuron,,,,DNpe009,DNpe009,id:720575940623052728,,,intrinsic,,,PSp2,DNnt012,id:32447,,,acetylcholine,,,,neck_connective,right,descending
3687,720575941586425412,,,descending_neuron,,,,DNge019,DNge019,id:720575940622351996,,,intrinsic,,,MX12,DNg12,id:29706,,,acetylcholine,,MX12_R_1,,neck_connective,right,descending
3688,720575941586431812,,,ascending_neuron,,,,AN18B023,AN_GNG_IPS_2,id:720575940619559232,,,intrinsic,,,18B,AN18B023,id:13153,,,acetylcholine,acetylcholine,,,neck_connective,left,ascending
3689,720575941586432068,,,single_leg_neuromere,,,ventral_nerve_cord_contralateral_restricted,IN14A110,,,,,intrinsic,,,14A,IN14A110,id:43194,,,glutamate,,,,ventral_nerve_cord,right,ventral_nerve_cord_intrinsic
3690,720575941586436318,,prosternal_organ,hair_plate_neuron,proprioception,joint_angle,prosternal_hair_plate_neuron,SNpp19,,,,,afferent,,,,SNpp19,id:16823,left_prosternal_nerve,,acetylcholine,,,hair_plate,ventral_nerve_cord,left,sensory
3691,720575941586439902,,,,,,ventral_nerve_cord_contralateral_restricted,IN13B028,,,,,intrinsic,,,13B,IN13B028,id:15762,,,gaba,gaba,,,ventral_nerve_cord,right,ventral_nerve_cord_intrinsic
3692,720575941586449118,,,ventral_nerve_cord_dorsal,,,ventral_nerve_cord_bilateral_interconnecting,IN11A011,,,,,intrinsic,,,11A,IN11A011,id:11969,,,acetylcholine,acetylcholine,,,ventral_nerve_cord,left,ventral_nerve_cord_intrinsic
3693,720575941586461150,,,ventral_nerve_cord_serially_convergent,,,ventral_nerve_cord_bilateral_interconnecting,IN01A001,,,,,intrinsic,,,01A,IN01A001,id:10152,,,acetylcholine,acetylcholine,,,ventral_nerve_cord,left,ventral_nerve_cord_intrinsic
3694,720575941586470110,,,single_leg_neuromere,,,ventral_nerve_cord_ipsilateral_restricted,IN19A029,,,,,intrinsic,,,19A,IN19A029,id:12679,,,gaba,gaba,,,ventral_nerve_cord,right,ventral_nerve_cord_intrinsic
3695,720575941586609886,,,descending_neuron,,,,DNg63,DNg63,id:720575940612692889,,,intrinsic,,,putative_primary,DNg63,id:18092,,,acetylcholine,,,,neck_connective,left,descending
3696,720575941586653062,,,descending_neuron,,,,DNp37,DNp37,id:720575940613170498,,,intrinsic,,,putative_primary,,,,,acetylcholine,acetylcholine,vpoDN,,neck_connective,right,descending
3697,720575941586901316,,,descending_neuron,,,,DNge089,DNge089,id:720575940626238716,,,intrinsic,,,LB7,DNg07,id:35897,,,acetylcholine,,,,neck_connective,left,descending
3698,720575941586950790,,,descending_neuron,,,,DNge084,DNge084,id:720575940638088511,,,intrinsic,,,putative_primary,DNxn121,id:17871,,,gaba,,,,neck_connective,right,descending
3699,720575941587038086,,,descending_neuron,,,,DNp55,DNp55,id:720575940643347616,,,intrinsic,,,putative_primary,DNp55,id:12257,,,acetylcholine,,,,neck_connective,left,descending
3700,720575941587039366,,front_leg,bristle_neuron,tactile,,front_leg_bristle_neuron,SNta35,,,,,afferent,,,,SNta35,id:100336,left_prothoracic_leg_nerve,,gaba,,,bristle,ventral_nerve_cord,left,sensory
3701,720575941587196453,,front_leg,orphan_neuron,,,front_leg_orphan_neuron,SNxx30,,,,,afferent,,,,SNxx30,id:23796,right_ventral_prothoracic_nerve,,acetylcholine,,,orphan,ventral_nerve_cord,right,sensory
3702,720575941587247415,,,,,,ventral_nerve_cord_bilateral_restricted,IN01A083,,,,,intrinsic,,,01A,IN01A083,id:25740,,,acetylcholine,acetylcholine,,,ventral_nerve_cord,left,ventral_nerve_cord_intrinsic
3703,720575941587315767,,,,,,ventral_nerve_cord_ipsilateral_restricted,IN08A034,,,,,intrinsic,,,08A,IN08A034,id:28497,,,glutamate,glutamate,,,ventral_nerve_cord,left,ventral_nerve_cord_intrinsic
3704,720575941587361335,,,single_leg_neuromere,,,ventral_nerve_cord_ipsilateral_restricted,IN03A073,,,,,intrinsic,,,03A,IN03A073,id:18697,,,acetylcholine,acetylcholine,,,ventral_nerve_cord,left,ventral_nerve_cord_intrinsic
3705,720575941587363127,,,,,,ventral_nerve_cord_bilateral_restricted,IN04B019,,,,,intrinsic,,,04B,IN04B019,id:16179,,,acetylcholine,acetylcholine,,,ventral_nerve_cord,right,ventral_nerve_cord_intrinsic
3706,720575941587385143,,,,,,ventral_nerve_cord_ipsilateral_restricted,IN20A.22A085,,,,,intrinsic,,,20A.22A,IN20A.22A085,id:27591,,,acetylcholine,acetylcholine,,,ventral_nerve_cord,right,ventral_nerve_cord_intrinsic
3707,720575941587386423,,,,,,ventral_nerve_cord_bilateral_restricted,IN16B055,,,,,intrinsic,,,16B,IN16B055,id:20958,,,glutamate,glutamate,,,ventral_nerve_cord,left,ventral_nerve_cord_intrinsic
3708,720575941587467486,,,descending_neuron,,,,DNge145,DNge145,id:720575940612058543,,,intrinsic,,,LB7,DNxn109,id:41261,,,acetylcholine,,,,neck_connective,left,descending
3709,720575941587471582,,,descending_neuron,,,,DNde002,DNde002,id:720575940629812346,,,intrinsic,,,putative_primary,DNxl117,id:11975,,,acetylcholine,,,,neck_connective,left,descending
3710,720575941587625253,,front_leg,bristle_neuron,tactile,,front_leg_bristle_neuron,SNta28,,,,,afferent,,,,SNta28,id:73937,right_prothoracic_leg_nerve,,gaba,,,bristle,ventral_nerve_cord,right,sensory
3711,720575941587856951,,,descending_neuron,,,,DNg02_f,DNg02_f,id:720575940626278129,,,intrinsic,,,LB12,DNg02,id:20843,,,acetylcholine,acetylcholine,,,neck_connective,left,descending
3712,720575941588004676,,,,,,ventral_nerve_cord_bilateral_interconnecting,IN08B037,,,,,intrinsic,,,08B,IN08B037,id:14660,,,acetylcholine,acetylcholine,,,ventral_nerve_cord,right,ventral_nerve_cord_intrinsic
3713,720575941588006980,,,,proprioception,,ventral_nerve_cord_bilateral_restricted,IN19A117,,,,,intrinsic,,,19A,IN19A117,id:156035,,,gaba,,,,ventral_nerve_cord,right,ventral_nerve_cord_intrinsic
3714,720575941588007492,,,,,,ventral_nerve_cord_bilateral_restricted,IN16B060,,,,,intrinsic,,,16B,IN16B060,id:20828,,,glutamate,glutamate,,,ventral_nerve_cord,left,ventral_nerve_cord_intrinsic
3715,720575941588058692,,,,,,ventral_nerve_cord_bilateral_restricted,IN16B058,,,,,intrinsic,,,16B,IN16B058,id:19160,,,glutamate,glutamate,,,ventral_nerve_cord,right,ventral_nerve_cord_intrinsic
3716,720575941588059390,,,,,,ventral_nerve_cord_bilateral_interconnecting,IN12A019,,,,,intrinsic,,,12A,IN12A019,id:15223,,,acetylcholine,acetylcholine,,,ventral_nerve_cord,left,ventral_nerve_cord_intrinsic
3717,720575941588068676,,,single_leg_neuromere,,,ventral_nerve_cord_contralateral_restricted,IN13B027,,,,,intrinsic,,,13B,IN13B027,id:17565,,,gaba,gaba,,,ventral_nerve_cord,left,ventral_nerve_cord_intrinsic
3718,720575941588072516,,,,tactile,,ventral_nerve_cord_bilateral_restricted,IN01B002,,,,,intrinsic,,,01B,IN01B002,id:177214,,,gaba,gaba,,,ventral_nerve_cord,left,ventral_nerve_cord_intrinsic
3719,720575941588091204,,,,,,ventral_nerve_cord_ipsilateral_restricted,IN16B076,,,,,intrinsic,,,16B,IN16B076,id:20919,,,glutamate,glutamate,,,ventral_nerve_cord,right,ventral_nerve_cord_intrinsic
3720,720575941588123902,,,descending_neuron,,,,DNg12_e,DNg12_e,id:720575940605282406,,,intrinsic,,,MX12,DNg12,id:29706,,,acetylcholine,,MX12_R_22,,neck_connective,right,descending
3721,720575941588369662,,,descending_neuron,,,,DNg01,DNg01,id:720575940637660733,,,intrinsic,,,LB12,DNlt010,id:26517,,,acetylcholine,,,,neck_connective,left,descending
3722,720575941588409924,,,descending_neuron,,,,DNp17,DNp17,id:720575940610010521,,,intrinsic,,,PSp2,DNht001,id:32303,,,acetylcholine,,,,neck_connective,right,descending
3723,720575941588539525,,,,,,,,,,,,afferent,,,,,,left_prothoracic_leg_nerve,,gaba,,,,ventral_nerve_cord,left,sensory
3724,720575941588550028,,,,,,ventral_nerve_cord_ipsilateral_restricted,IN08A026,,,,,intrinsic,,,08A,IN08A026,id:20479,,,glutamate,glutamate,,,ventral_nerve_cord,right,ventral_nerve_cord_intrinsic
3725,720575941588624005,,hind_leg,bristle_neuron,tactile,,hind_leg_bristle_neuron,SNta44,,,,,afferent,,,,,,left_prothoracic_leg_nerve,,acetylcholine,,,bristle,ventral_nerve_cord,left,sensory
3726,720575941588628620,,,single_leg_neuromere,,,ventral_nerve_cord_ipsilateral_restricted,IN19A088,,,,,intrinsic,,,19A,,,,,gaba,gaba,,,ventral_nerve_cord,right,ventral_nerve_cord_intrinsic
3727,720575941588661637,,front_leg,bristle_neuron,tactile,,front_leg_bristle_neuron,SNta40,,,,,afferent,,,,SNta40,id:41632,left_prothoracic_leg_nerve,,acetylcholine,,,bristle,ventral_nerve_cord,left,sensory
3728,720575941588874892,,,descending_neuron,,,,DNpe054,DNpe054,id:720575940603580960,,,intrinsic,,,PSp2,DNht001,id:34669,,,acetylcholine,,,,neck_connective,left,descending
3729,720575941588919607,,,single_leg_neuromere,,,ventral_nerve_cord_contralateral_restricted,IN12B041,,,,,intrinsic,,,12B,IN12B041,id:22931,,,gaba,gaba,,,ventral_nerve_cord,right,ventral_nerve_cord_intrinsic
3730,720575941588924215,,,single_leg_neuromere,,,ventral_nerve_cord_ipsilateral_restricted,IN16B032,,,,,intrinsic,,,16B,IN16B032,id:13500,,,glutamate,glutamate,,,ventral_nerve_cord,right,ventral_nerve_cord_intrinsic
3731,720575941588955703,,,descending_neuron,,,,DNge117,DNge117,id:720575940623776235,,,intrinsic,,,LB6,,,,,gaba,,,,neck_connective,right,descending
3732,720575941588978244,,,ascending_neuron,,,,AN04B004,,,,,intrinsic,,,04B,AN04B004,id:11885,,,acetylcholine,acetylcholine,,,neck_connective,right,ascending
3733,720575941588981572,,,,,,ventral_nerve_cord_ipsilateral_restricted,IN20A.22A018,,,,,intrinsic,,,20A.22A,IN20A.22A018,id:19396,,,acetylcholine,acetylcholine,,,ventral_nerve_cord,right,ventral_nerve_cord_intrinsic
3734,720575941588993079,,front_leg,bristle_neuron,tactile,,front_leg_bristle_neuron,SNta29,,,,,afferent,,,,SNta29,id:34892,right_prothoracic_leg_nerve,,acetylcholine,,,bristle,ventral_nerve_cord,right,sensory
3735,720575941588993591,,front_leg,bristle_neuron,tactile,,front_leg_bristle_neuron,SNta29,,,,,afferent,,,,SNta29,id:100250,left_prothoracic_leg_nerve,,acetylcholine,,,bristle,ventral_nerve_cord,left,sensory
3736,720575941589017143,,,ascending_neuron,,,,AN19B059,,id:720575940618019207,,,intrinsic,,,19B,AN19B059,id:19461,,,acetylcholine,acetylcholine,,,neck_connective,right,ascending
3737,720575941589304644,,,descending_neuron,,,,DNge048,DNge048,id:720575940609376707,,,intrinsic,,,putative_primary,DNxl119,id:12025,,,acetylcholine,,,,neck_connective,left,descending
3738,720575941589337740,,,single_leg_neuromere,,,ventral_nerve_cord_contralateral_restricted,IN13B090,,,,,intrinsic,,,13B,IN13B090,id:158104,,,gaba,gaba,,,ventral_nerve_cord,right,ventral_nerve_cord_intrinsic
3739,720575941589353284,,,descending_neuron,,,,DNge085,DNge085,id:720575940639802685,,,intrinsic,,,,,,,,gaba,,,,neck_connective,left,descending
3740,720575941589589502,,,,,,ventral_nerve_cord_ipsilateral_restricted,IN19A061,,,,,intrinsic,,,19A,IN19A061,id:10071,,,gaba,gaba,,,ventral_nerve_cord,right,ventral_nerve_cord_intrinsic
3741,720575941589678078,,,descending_neuron,,,,DNg12_c,DNg12_c,id:720575940622797244,,,intrinsic,,,MX12,DNxn139,id:40070,,,acetylcholine,,MX12_L_17,,neck_connective,left,descending
3742,720575941589716791,,front_leg,bristle_neuron,tactile,,front_leg_bristle_neuron,SNta44,,,,,afferent,,,,SNta44,id:43010,left_prothoracic_leg_nerve,,acetylcholine,,,bristle,ventral_nerve_cord,left,sensory
3743,720575941589736702,,front_leg,campaniform_sensillum_neuron,proprioception,mechanical_strain,front_leg_campaniform_sensillum_neuron,SNxxxx,,,,,afferent,,,,SNxxxx,id:64088,right_prothoracic_leg_nerve,,gaba,,,campaniform_sensillum,ventral_nerve_cord,right,sensory
3744,720575941589773566,,front_leg,chordotonal_organ_neuron,proprioception,position,front_leg_claw_chordotonal_organ_neuron,SNpp50,,,,,afferent,,,,SNpp50,id:100531,left_prothoracic_leg_nerve,,gaba,acetylcholine,,chordotonal_organ,ventral_nerve_cord,left,sensory
3745,720575941589788414,,front_leg,bristle_neuron,tactile,,front_leg_bristle_neuron,SNta41,,,,,afferent,,,,SNta41,id:41871,left_prothoracic_leg_nerve,,acetylcholine,,,bristle,ventral_nerve_cord,left,sensory
3746,720575941589794046,,,ascending_neuron,,,,AN10B019,AN_AVLP_GNG_21,id:720575940637671552,,,intrinsic,,,10B,AN10B019,id:11811,,,acetylcholine,acetylcholine,,,neck_connective,left,ascending
3747,720575941589816318,,,,,,ventral_nerve_cord_bilateral_interconnecting,IN08B058,,,,,intrinsic,,,08B,IN08B058,id:15782,,,acetylcholine,acetylcholine,,,ventral_nerve_cord,left,ventral_nerve_cord_intrinsic
3748,720575941589829118,,front_leg,bristle_neuron,tactile,,front_leg_bristle_neuron,SNxxxx,,,,,afferent,,,,SNxxxx,id:42155452632,right_prothoracic_leg_nerve,,gaba,,,bristle,ventral_nerve_cord,right,sensory
3749,720575941589853950,,,descending_neuron,,,,DNg26,DNg26,id:720575940625047479,,,intrinsic,,,MX0__prim,DNg26,id:16476,,"AstC,Hug",serotonin,serotonin,Hugin-VNC,,neck_connective,right,descending
3750,720575941589944631,,,,,,ventral_nerve_cord_bilateral_interconnecting,IN21A089,,,,,intrinsic,,,21A,IN21A089,id:28880,,,glutamate,,,,ventral_nerve_cord,right,ventral_nerve_cord_intrinsic
3751,720575941589986359,,,descending_neuron,,,,DNge128,DNge128,id:720575940652104694,,,intrinsic,,,putative_primary,DNxl093,id:16420,,,gaba,,,,neck_connective,right,descending
3752,720575941589997623,,,,,,ventral_nerve_cord_contralateral_interconnecting,IN10B014,,,,,intrinsic,,,10B,IN10B014,id:11459,,,acetylcholine,acetylcholine,,,ventral_nerve_cord,right,ventral_nerve_cord_intrinsic
3753,720575941590014007,front_leg,,leg_motor_neuron,leg_motor,flex_femur_tibia_joint,front_leg_motor_neuron,accessory_tibia_flexor_A_out_of_bundle,,,,,efferent,,,15B,Acc. ti flexor MN,id:20605,right_prothoracic_leg_nerve,,,,,accessory_tibia_flexor_muscle,ventral_nerve_cord,right,motor
3754,720575941590045836,,front_leg,bristle_neuron,tactile,,front_leg_bristle_neuron,SNta19,,,,id:1328,afferent,,,,SNta19,id:30556,left_prothoracic_leg_nerve,,acetylcholine,,,bristle,ventral_nerve_cord,left,sensory
3755,720575941590273064,,,,,,ventral_nerve_cord_contralateral_restricted,IN13B065,,,,,intrinsic,,,13B,,,,,gaba,gaba,,,ventral_nerve_cord,right,ventral_nerve_cord_intrinsic
3756,720575941590314536,,,single_leg_neuromere,,,ventral_nerve_cord_bilateral_restricted,IN14A012,,,,,intrinsic,,,14A,IN14A012,id:10019,,,glutamate,,,,ventral_nerve_cord,right,ventral_nerve_cord_intrinsic
3757,720575941590315560,,,single_leg_neuromere,,,ventral_nerve_cord_ipsilateral_restricted,IN20A.22A041,,,,,intrinsic,,,20A.22A,IN20A.22A041,id:20823,,,acetylcholine,acetylcholine,,,ventral_nerve_cord,right,ventral_nerve_cord_intrinsic
3758,720575941590317352,,,,,,ventral_nerve_cord_bilateral_restricted,IN16B061,,,,,intrinsic,,,16B,IN16B061,id:19714,,,glutamate,glutamate,,,ventral_nerve_cord,right,ventral_nerve_cord_intrinsic
3759,720575941590342440,,,single_leg_neuromere,,,ventral_nerve_cord_ipsilateral_restricted,IN21A087,,,,,intrinsic,,,21A,IN21A087,id:26118,,,glutamate,,,,ventral_nerve_cord,right,ventral_nerve_cord_intrinsic
3760,720575941590358156,,front_leg,bristle_neuron,tactile,,front_leg_bristle_neuron,SNta38,,,,,afferent,,,,SNta38,id:175504,left_prothoracic_leg_nerve,,gaba,,,bristle,ventral_nerve_cord,left,sensory
3761,720575941590387084,,,ascending_neuron,,,,AN_GNG_IPS_19,AN_GNG_IPS_19,id:720575940610821654,,,intrinsic,,,,,,,,acetylcholine,,,,neck_connective,right,ascending
3762,720575941590435070,,,descending_neuron,,,,DNpe010,DNpe010,id:720575940617030585,,,intrinsic,,,PSp3,DNut039,id:30180,,,glutamate,,,,neck_connective,right,descending
3763,720575941590551592,,,descending_neuron,,,,DNg107,DNg107,id:720575940633781217,,,intrinsic,,,putative_primary,DNg107,id:24267,,,acetylcholine,,,,neck_connective,right,descending
3764,720575941590576424,,,descending_neuron,,,,DNge091,DNge091,id:720575940620110215,,,intrinsic,,,LB7,DNxn117,id:27252,,,acetylcholine,,,,neck_connective,right,descending
3765,720575941590822696,,,,,,ventral_nerve_cord_ipsilateral_restricted,IN08A036,,,,,intrinsic,,,08A,IN08A036,id:26837,,,glutamate,glutamate,,,ventral_nerve_cord,right,ventral_nerve_cord_intrinsic
3766,720575941590823208,,,,,,ventral_nerve_cord_bilateral_restricted,IN16B061,,,,,intrinsic,,,16B,IN16B061,id:22519,,,glutamate,glutamate,,,ventral_nerve_cord,right,ventral_nerve_cord_intrinsic
3767,720575941590830888,,,,,,ventral_nerve_cord_ipsilateral_restricted,IN20A.22A056,,,,,intrinsic,,,20A.22A,IN20A.22A056,id:21941,,,acetylcholine,acetylcholine,,,ventral_nerve_cord,left,ventral_nerve_cord_intrinsic
3768,720575941590836279,,,,tactile,,ventral_nerve_cord_ipsilateral_interconnecting,IN01B001,,,,,intrinsic,,,01B,IN01B001,id:10885,,,gaba,gaba,,,ventral_nerve_cord,right,ventral_nerve_cord_intrinsic
3769,720575941590872171,front_leg,,leg_motor_neuron,leg_motor,flex_femur_tibia_joint,front_leg_motor_neuron,accessory_tibia_flexor_A,,,,,efferent,,,15B,Acc. ti flexor MN,id:17885,left_prothoracic_leg_nerve,,,glutamate,,accessory_tibia_flexor_muscle,ventral_nerve_cord,left,motor
3770,720575941590873707,,,single_leg_neuromere,,,ventral_nerve_cord_ipsilateral_restricted,IN01B056,,,,,intrinsic,,,01B,IN01B056,id:24482,,,gaba,gaba,,,ventral_nerve_cord,left,ventral_nerve_cord_intrinsic
3771,720575941590876011,,,,,,ventral_nerve_cord_ipsilateral_restricted,IN13A035,,,,,intrinsic,,,13A,,,,,gaba,gaba,,,ventral_nerve_cord,left,ventral_nerve_cord_intrinsic
3772,720575941591050494,,,descending_neuron,,,,DNg32,DNg32,id:720575940642545883,,,intrinsic,,,MX3,DNg32,id:14638,,,acetylcholine,,,,neck_connective,left,descending
3773,720575941591064716,,,descending_neuron,,,,DNpe054,DNpe054,id:720575940632379071,,,intrinsic,,,PSp2,DNht001,id:104831,,,acetylcholine,,,,neck_connective,right,descending
3774,720575941591151500,,,descending_neuron,,,,DNg02_f,DNg02_f,id:720575940626278129,,,intrinsic,,,LB12,DNg02,id:25449,,,gaba,acetylcholine,,,neck_connective,left,descending
3775,720575941591264652,,,,,,ventral_nerve_cord_contralateral_restricted,IN13B065,,,,,intrinsic,,,13B,IN13B065,id:19586,,,gaba,gaba,,,ventral_nerve_cord,right,ventral_nerve_cord_intrinsic
3776,720575941591285132,,,descending_neuron,,,,DNge153,,id:720575940623758669,,,intrinsic,,,,DNxl118,id:11859,,,gaba,,,,neck_connective,left,descending
3777,720575941591298814,,,single_leg_neuromere,,,ventral_nerve_cord_contralateral_restricted,IN13B001,,,,,intrinsic,,,13B,IN13B001,id:10268,,,gaba,gaba,,,ventral_nerve_cord,right,ventral_nerve_cord_intrinsic
3778,720575941591441960,,prosternal_organ,hair_plate_neuron,proprioception,joint_angle,prosternal_hair_plate_neuron,SNpp19,,,,,afferent,,,,SNpp19,id:23239,right_prosternal_nerve,,acetylcholine,,,hair_plate,ventral_nerve_cord,right,sensory
3779,720575941591448972,,,descending_neuron,,,,DNa08,DNa08,id:720575940625090314,,,intrinsic,,,WEDd1,DNa08,id:15855,,,acetylcholine,acetylcholine,,,neck_connective,right,descending
3780,720575941591506795,,,,,,ventral_nerve_cord_bilateral_interconnecting,INXXX341,,,,,intrinsic,,,TBD,,,,,gaba,,,,ventral_nerve_cord,left,ventral_nerve_cord_intrinsic
3781,720575941591750184,,,,,,ventral_nerve_cord_ipsilateral_restricted,IN19A136,,,,,intrinsic,,,19A,IN19A136,id:40169,,,gaba,gaba,,,ventral_nerve_cord,right,ventral_nerve_cord_intrinsic
3782,720575941591761704,,,descending_neuron,,,,DNg02_a,DNg02_a,id:720575940612804606,,,intrinsic,,,LB12,DNg92,id:32360,,,acetylcholine,acetylcholine,,,neck_connective,left,descending
3783,720575941591762984,,,,,,ventral_nerve_cord_ipsilateral_restricted,IN13A061,,,,,intrinsic,,,13A,IN13A061,id:31390,,,gaba,gaba,,,ventral_nerve_cord,right,ventral_nerve_cord_intrinsic
3784,720575941591776552,,,single_leg_neuromere,,,ventral_nerve_cord_contralateral_restricted,IN13B032,,,,,intrinsic,,,13B,IN13B032,id:16600,,,gaba,gaba,,,ventral_nerve_cord,left,ventral_nerve_cord_intrinsic
3785,720575941591804712,,,descending_neuron,,,,DNge091,DNge091,id:720575940622123400,,,intrinsic,,,LB7,DNxn109,id:41261,,,acetylcholine,,,,neck_connective,left,descending
3786,720575941591831180,,,,,,,,,,,,intrinsic,,,,,,,,acetylcholine,,,,ventral_nerve_cord,,ventral_nerve_cord_intrinsic
3787,720575941591858728,,middle_leg,campaniform_sensillum_neuron,proprioception,mechanical_strain,middle_leg_campaniform_sensillum_neuron,SNpp53,,,,,afferent,,,,SNpp53,id:11753,left_mesothoracic_leg_nerve,,acetylcholine,,,campaniform_sensillum,ventral_nerve_cord,left,sensory
3788,720575941591932414,,,descending_neuron,,,,DNg106,DNg106,id:720575940626799920,,,intrinsic,,,MX3,DNg106,id:29151,,,gaba,,,,neck_connective,right,descending
3789,720575941592005160,,"front_leg,trochanter",hair_plate_neuron,proprioception,joint_angle,front_leg_hair_plate_neuron,SNpp45,,,,,afferent,,,,SNpp45,id:22677,left_prothoracic_leg_nerve,,gaba,,,hair_plate,ventral_nerve_cord,left,sensory
3790,720575941592046699,,,single_leg_neuromere,,,ventral_nerve_cord_ipsilateral_restricted,IN16B082,,,,,intrinsic,,,16B,IN16B082,id:24076,,,glutamate,glutamate,,,ventral_nerve_cord,left,ventral_nerve_cord_intrinsic
3791,720575941592225831,front_leg,,leg_motor_neuron,leg_motor,move_coxa_anterior,front_leg_motor_neuron,tergopleural_promotor_pleural_promotor_miller_28_30,,,,,efferent,,,,,,right_dorsal_prothoracic_nerve,,gaba,,,tergopleural_promotor_muscle,ventral_nerve_cord,right,motor
3792,720575941592242646,,,single_leg_neuromere,,,ventral_nerve_cord_ipsilateral_restricted,IN19A088,,,,,intrinsic,,,19A,,,,,gaba,gaba,,,ventral_nerve_cord,left,ventral_nerve_cord_intrinsic
3793,720575941592267478,,,,,,ventral_nerve_cord_ipsilateral_restricted,IN20A.22A038,,,,,intrinsic,,,20A.22A,IN20A.22A038,id:20335,,,acetylcholine,acetylcholine,,,ventral_nerve_cord,left,ventral_nerve_cord_intrinsic
3794,720575941592388971,,,,,,ventral_nerve_cord_contralateral_restricted,IN13B075,,,,,intrinsic,,,13B,IN13B075,id:28685,,,gaba,gaba,,,ventral_nerve_cord,left,ventral_nerve_cord_intrinsic
3795,720575941592508523,,,,,,ventral_nerve_cord_bilateral_interconnecting,IN01A078,,,,,intrinsic,,,01A,IN01A078,id:26868,,,acetylcholine,acetylcholine,,,ventral_nerve_cord,right,ventral_nerve_cord_intrinsic
3796,720575941592510571,,front_leg,bristle_neuron,tactile,,front_leg_bristle_neuron,SNta41,,,,,afferent,,,,SNta41,id:65871,right_prothoracic_leg_nerve,,acetylcholine,,,bristle,ventral_nerve_cord,right,sensory
3797,720575941592510759,,,,,,ventral_nerve_cord_ipsilateral_restricted,IN13A061,,,,,intrinsic,,,13A,IN13A061,id:41249,,,gaba,gaba,,,ventral_nerve_cord,right,ventral_nerve_cord_intrinsic
3798,720575941592555045,,,,proprioception,,ventral_nerve_cord_bilateral_restricted,IN19A117,,,,,intrinsic,,,19A,IN19A117,id:39954,,,gaba,,,,ventral_nerve_cord,left,ventral_nerve_cord_intrinsic
3799,720575941592580647,,,,,,ventral_nerve_cord_bilateral_restricted,IN16B050,,,,,intrinsic,,,16B,IN16B050,id:19191,,,glutamate,glutamate,,,ventral_nerve_cord,right,ventral_nerve_cord_intrinsic
3800,720575941592581671,front_leg,,leg_motor_neuron,leg_motor,pull_long_tendon,front_leg_motor_neuron,long_tendon_muscle_A,,,,id:208,efferent,,,,,,right_prothoracic_leg_nerve,,,,,long_tendon_muscle,ventral_nerve_cord,right,motor
3801,720575941592628950,,,descending_neuron,,,,DNge071,DNge071,id:720575940621534273,,,intrinsic,,,LB6,DNg10,id:43234,,,gaba,,,,neck_connective,left,descending
3802,720575941592644054,,,descending_neuron,,,,DNge091,DNge091,id:720575940611610670,,,intrinsic,,,LB7,DNg07,id:35897,,,acetylcholine,,,,neck_connective,left,descending
3803,720575941592838184,,,single_leg_neuromere,proprioception,,ventral_nerve_cord_contralateral_restricted,IN13B026,,,,,intrinsic,,,13B,IN13B026,id:15665,,,gaba,gaba,,,ventral_nerve_cord,right,ventral_nerve_cord_intrinsic
3804,720575941592865576,,,,,,ventral_nerve_cord_ipsilateral_restricted,IN20A.22A052,,,,,intrinsic,,,20A.22A,IN20A.22A052,id:23221,,,acetylcholine,acetylcholine,,,ventral_nerve_cord,right,ventral_nerve_cord_intrinsic
3805,720575941592873000,,,single_leg_neuromere,,,ventral_nerve_cord_ipsilateral_restricted,IN20A.22A006,,,,,intrinsic,,,20A.22A,IN20A.22A006,id:15212,,,acetylcholine,acetylcholine,,,ventral_nerve_cord,right,ventral_nerve_cord_intrinsic
3806,720575941592893992,,,descending_neuron,,,,DNp49,DNp49,id:720575940625539984,,,intrinsic,,,PSp3,DNp49,id:11268,,,glutamate,,,,neck_connective,left,descending
3807,720575941592907560,,,single_leg_neuromere,,,ventral_nerve_cord_ipsilateral_restricted,IN03A067,,,,,intrinsic,,,03A,IN03A067,id:163105,,,acetylcholine,acetylcholine,,,ventral_nerve_cord,left,ventral_nerve_cord_intrinsic
3808,720575941592919080,,,sequential_leg_neuromeres,,,ventral_nerve_cord_ipsilateral_restricted,IN17A007,,,,,intrinsic,,,17A,IN17A007,id:11281,,,acetylcholine,acetylcholine,,,ventral_nerve_cord,left,ventral_nerve_cord_intrinsic
3809,720575941592925992,,,descending_neuron,,,,DNg69,DNg69,id:720575940634903915,,,intrinsic,,,putative_primary,DNg69,id:13801,,,acetylcholine,,,,neck_connective,right,descending
3810,720575941592927528,,,,,,ventral_nerve_cord_bilateral_interconnecting,IN11A007,,,,,intrinsic,,,11A,,,,,acetylcholine,acetylcholine,,,ventral_nerve_cord,left,ventral_nerve_cord_intrinsic
3811,720575941592931112,,,ventral_nerve_cord_centrifugal,,,ventral_nerve_cord_bilateral_interconnecting,IN18B011,,,,,intrinsic,,,18B,IN18B011,id:10846,,,acetylcholine,acetylcholine,,,ventral_nerve_cord,left,ventral_nerve_cord_intrinsic
3812,720575941592931368,,,,,,ventral_nerve_cord_bilateral_interconnecting,IN03B011,,,,,intrinsic,,,03B,IN03B011,id:10271,,,gaba,,,,ventral_nerve_cord,left,ventral_nerve_cord_intrinsic
3813,720575941592984616,,,ascending_neuron,,,,AN04B001,AN_GNG_VES_8,id:720575940603599206,,,intrinsic,,,04B,AN04B001,id:10314,,,acetylcholine,acetylcholine,,,neck_connective,left,ascending
3814,720575941592998769,,,ascending_neuron,,,,AN06B015_a,SA_DMT_ADMN_7,id:720575940615810717,,,intrinsic,,,06B,AN06B015,id:11787,,,gaba,gaba,,,neck_connective,right,ascending
3815,720575941593110385,,,,,,ventral_nerve_cord_ipsilateral_restricted,IN04B085,,,,,intrinsic,,,04B,IN04B085,id:16626,,,acetylcholine,acetylcholine,,,ventral_nerve_cord,right,ventral_nerve_cord_intrinsic
3816,720575941593250161,,,single_leg_neuromere,,,ventral_nerve_cord_ipsilateral_restricted,IN13A038,,,,,intrinsic,,,13A,,,,,gaba,gaba,,,ventral_nerve_cord,right,ventral_nerve_cord_intrinsic
3817,720575941593409064,,,descending_neuron,,,,DNpe054,DNpe054,id:720575940632379071,,,intrinsic,,,PSp2,DNht001,id:101851,,,acetylcholine,,,,neck_connective,right,descending
3818,720575941593424424,,front_leg,hair_plate_neuron,proprioception,joint_angle,front_leg_hair_plate_neuron,SNpp45,,,,,afferent,,,,SNpp45,id:172221,right_prothoracic_leg_nerve,,gaba,,,hair_plate,ventral_nerve_cord,right,sensory
3819,720575941593438321,,,,,,ventral_nerve_cord_ipsilateral_restricted,IN13A061,,,,,intrinsic,,,13A,IN13A061,id:19055,,,gaba,gaba,,,ventral_nerve_cord,left,ventral_nerve_cord_intrinsic
3820,720575941593491563,,,,,,ventral_nerve_cord_ipsilateral_restricted,IN02A033,,,,,intrinsic,,,02A,IN02A033,id:20727,,,glutamate,glutamate,,,ventral_nerve_cord,left,ventral_nerve_cord_intrinsic
3821,720575941593505387,,,descending_neuron,,,,DNge086,DNge086,id:720575940617249254,,,intrinsic,,,LB6,DNnt017,id:19554,,,gaba,,,,neck_connective,right,descending
3822,720575941593522283,,,ascending_neuron,,,,AN18B001,AN_GNG_SAD_16,id:720575940635329180,,,intrinsic,,,18B,AN18B001,id:10165,,,acetylcholine,acetylcholine,,,neck_connective,right,ascending
3823,720575941593683051,,,descending_neuron,,,,DNp10,DNp10,id:720575940619678366,,,intrinsic,DNp10,id:5813026936,putative_primary,DNp10,id:10835,,,acetylcholine,acetylcholine,,,neck_connective,right,descending
3824,720575941593715569,front_leg,,leg_motor_neuron,leg_motor,move_coxa_posterior_lateral,front_leg_motor_neuron,pleural_remotor_and_abductor_miller_29,,,,,efferent,,,,,,right_prothoracic_accessory_nerve,,gaba,,Pleural remotor abductor MN,pleural_remotor_and_abductor_muscle,ventral_nerve_cord,right,motor
3825,720575941593737585,,,,,,ventral_nerve_cord_ipsilateral_restricted,IN21A081,,,,,intrinsic,,,21A,,,,,glutamate,,,,ventral_nerve_cord,left,ventral_nerve_cord_intrinsic
3826,720575941593798870,,,single_leg_neuromere,,,ventral_nerve_cord_bilateral_restricted,IN20A.22A001,,,,,intrinsic,,,20A.22A,IN20A.22A001,id:159502,,,glutamate,acetylcholine,,,ventral_nerve_cord,right,ventral_nerve_cord_intrinsic
3827,720575941593802373,front_leg,,leg_motor_neuron,leg_motor,extend_coxa_trochanter_joint,front_leg_motor_neuron,tergotrochanter_extensor,,,,id:246,efferent,,,,,,right_ventral_prothoracic_nerve,,gaba,,,tergotrochanter_extensor_muscle,ventral_nerve_cord,right,motor
3828,720575941593843589,front_leg,,leg_motor_neuron,leg_motor,extend_coxa_trochanter_joint,front_leg_motor_neuron,sternotrochanter_extensor,,,,,efferent,,,,,,right_ventral_prothoracic_nerve,,gaba,,MNfl37_ProLN_R,sternotrochanter_extensor_muscle,ventral_nerve_cord,right,motor
3829,720575941593845125,,,,,,ventral_nerve_cord_ipsilateral_restricted,IN20A.22A042,,,,,intrinsic,,,20A.22A,IN20A.22A042,id:154468,,,acetylcholine,acetylcholine,,,ventral_nerve_cord,left,ventral_nerve_cord_intrinsic
3830,720575941593877543,,,,,,ventral_nerve_cord_ipsilateral_interconnecting,IN02A011,,,,,intrinsic,,,02A,IN02A011,id:26254,,,glutamate,glutamate,,,ventral_nerve_cord,left,ventral_nerve_cord_intrinsic
3831,720575941593890774,,,,,,ventral_nerve_cord_ipsilateral_restricted,IN16B091,,,,,intrinsic,,,16B,IN16B091,id:23455,,,glutamate,glutamate,,,ventral_nerve_cord,right,ventral_nerve_cord_intrinsic
3832,720575941593909462,,front_leg,bristle_neuron,tactile,,front_leg_bristle_neuron,SNta41,,,,,afferent,,,,SNta41,id:46878,left_prothoracic_leg_nerve,,acetylcholine,,,bristle,ventral_nerve_cord,left,sensory
3833,720575941593923461,,,single_leg_neuromere,,,ventral_nerve_cord_ipsilateral_restricted,IN03A062,,,,,intrinsic,,,03A,IN03A062,id:18494,,,acetylcholine,acetylcholine,,,ventral_nerve_cord,left,ventral_nerve_cord_intrinsic
3834,720575941593929174,,,,,,ventral_nerve_cord_ipsilateral_restricted,IN03A094,,,,,intrinsic,,,03A,IN03A094,id:24761,,,acetylcholine,acetylcholine,,,ventral_nerve_cord,left,ventral_nerve_cord_intrinsic
3835,720575941594013654,,front_leg,bristle_neuron,tactile,,front_leg_bristle_neuron,SNta29,,,,,afferent,,,,SNta29,id:34041,right_prothoracic_leg_nerve,,acetylcholine,,,bristle,ventral_nerve_cord,right,sensory
3836,720575941594200613,,,,,,ventral_nerve_cord_bilateral_interconnecting,IN21A067,,,,,intrinsic,,,21A,IN21A067,id:24058,,,glutamate,,,,ventral_nerve_cord,left,ventral_nerve_cord_intrinsic
3837,720575941594209061,,,,,,ventral_nerve_cord_ipsilateral_restricted,IN09A080,,,,,intrinsic,,,09A,IN09A080,id:154776,,,gaba,gaba,,,ventral_nerve_cord,left,ventral_nerve_cord_intrinsic
3838,720575941594225191,,,,,,ventral_nerve_cord_ipsilateral_restricted,IN03A094,,,,,intrinsic,,,03A,IN03A094,id:21791,,,acetylcholine,acetylcholine,,,ventral_nerve_cord,right,ventral_nerve_cord_intrinsic
3839,720575941594292775,,,ascending_neuron,,,,INXXX101,AN_GNG_156,id:720575940623264904,,,intrinsic,,,,INXXX101,id:12229,,,acetylcholine,,,,neck_connective,left,ascending
3840,720575941594311025,,,,,,ventral_nerve_cord_contralateral_restricted,IN13B072,,,,,intrinsic,,,13B,IN13B072,id:25760,,,gaba,gaba,,,ventral_nerve_cord,right,ventral_nerve_cord_intrinsic
3841,720575941594312999,,front_leg,bristle_neuron,tactile,,front_leg_bristle_neuron,SNta19,,,,id:1538,afferent,,,,SNta19,id:52434,left_prothoracic_leg_nerve,,acetylcholine,,,bristle,ventral_nerve_cord,left,sensory
3842,720575941594317095,,,single_leg_neuromere,,,ventral_nerve_cord_ipsilateral_restricted,IN03A054,,,,,intrinsic,,,03A,IN03A054,id:16727,,,acetylcholine,acetylcholine,,,ventral_nerve_cord,left,ventral_nerve_cord_intrinsic
3843,720575941594452331,,,descending_neuron,,,,DNge080,DNge080,id:720575940627847752,,,intrinsic,,,putative_primary,DNxl078,id:21270,,,acetylcholine,,,,neck_connective,left,descending
3844,720575941594463013,,,ascending_neuron,,,,ANXXX041,AN_GNG_64,id:720575940624276733,,,intrinsic,,,TBD,ANXXX041,id:12165,,,gaba,,,,neck_connective,right,ascending
3845,720575941594479467,,front_leg,orphan_neuron,proprioception,,front_leg_orphan_neuron,SNppxx,,,,,afferent,,,,SNppxx,id:40503818429,right_prothoracic_leg_nerve,,gaba,,,orphan,ventral_nerve_cord,right,sensory
3846,720575941594497575,,,descending_neuron,,,,DNpe054,DNpe054,id:720575940632379071,,,intrinsic,,,PSp2,DNut046,id:30738,,,glutamate,,,,central_brain,right,descending
3847,720575941594716523,,,descending_neuron,,,,DNb06,DNb06,id:720575940637308605,,,intrinsic,,,putative_primary,DNb06,id:11349,,,acetylcholine,,,,neck_connective,left,descending
3848,720575941594795633,,,single_leg_neuromere,,,ventral_nerve_cord_ipsilateral_restricted,IN08A049,,,,,intrinsic,,,08A,IN08A049,id:29446,,,glutamate,glutamate,,,ventral_nerve_cord,right,ventral_nerve_cord_intrinsic
3849,720575941594829014,,front_leg,orphan_neuron,,,front_leg_orphan_neuron,SNxxxx,,,,,afferent,,,,SNxxxx,id:10001,right_prothoracic_leg_nerve,,gaba,,,orphan,ventral_nerve_cord,right,sensory
3850,720575941594853590,,,,,,ventral_nerve_cord_bilateral_interconnecting,IN00A010,,,,,intrinsic,,,00A,IN00A010,id:14690,,,gaba,gaba,,,ventral_nerve_cord,left,ventral_nerve_cord_intrinsic
3851,720575941594856662,,,,,,ventral_nerve_cord_bilateral_restricted,IN16B058,,,,,intrinsic,,,16B,IN16B058,id:22184,,,glutamate,glutamate,,,ventral_nerve_cord,left,ventral_nerve_cord_intrinsic
3852,720575941594865777,,,,,,ventral_nerve_cord_bilateral_restricted,IN16B050,,,,,intrinsic,,,16B,IN16B050,id:17420,,,glutamate,glutamate,,,ventral_nerve_cord,left,ventral_nerve_cord_intrinsic
3853,720575941594869462,,front_leg,bristle_neuron,tactile,,front_leg_bristle_neuron,SNta29,,,,id:1274,afferent,,,,SNta29,id:171925,left_prothoracic_leg_nerve,,acetylcholine,,,bristle,ventral_nerve_cord,left,sensory
3854,720575941594873814,,,single_leg_neuromere,,,ventral_nerve_cord_ipsilateral_restricted,IN21A022,,,,,intrinsic,,,21A,IN21A022,id:16190,,,acetylcholine,,,,ventral_nerve_cord,right,ventral_nerve_cord_intrinsic
3855,720575941594967847,,,ventral_nerve_cord_serially_convergent,tactile,,ventral_nerve_cord_bilateral_interconnecting,IN23B023,,,,,intrinsic,,,23B,IN23B023,id:16283,,,acetylcholine,acetylcholine,,,ventral_nerve_cord,right,ventral_nerve_cord_intrinsic
3856,720575941595084071,,,,,,ventral_nerve_cord_ipsilateral_restricted,IN19A076,,,,,intrinsic,,,19A,IN19A076,id:15848,,,gaba,gaba,,,ventral_nerve_cord,right,ventral_nerve_cord_intrinsic
3857,720575941595131175,,,ventral_nerve_cord_dorsal,,,ventral_nerve_cord_ipsilateral_restricted,IN02A007,,,,,intrinsic,,,02A,IN02A007,id:16589,,,glutamate,glutamate,,,ventral_nerve_cord,left,ventral_nerve_cord_intrinsic
3858,720575941595142102,,,,,,ventral_nerve_cord_ipsilateral_restricted,IN20A.22A052,,,,,intrinsic,,,20A.22A,IN20A.22A052,id:154467,,,acetylcholine,acetylcholine,,,ventral_nerve_cord,left,ventral_nerve_cord_intrinsic
3859,720575941595152677,,,,,,ventral_nerve_cord_bilateral_restricted,IN14A030,,,,,intrinsic,,,14A,IN14A030,id:23245,,,glutamate,,,,ventral_nerve_cord,left,ventral_nerve_cord_intrinsic
3860,720575941595189029,,,descending_neuron,,,,DNp18,DNp18,id:720575940618440000,,,intrinsic,,,putative_primary,DNp18,id:10021,,,acetylcholine,acetylcholine,,,neck_connective,left,descending
3861,720575941595189541,,prosternal_organ,hair_plate_neuron,proprioception,joint_angle,prosternal_hair_plate_neuron,SNpp19,,,,,afferent,,,,SNpp19,id:16823,left_prosternal_nerve,,acetylcholine,,,hair_plate,ventral_nerve_cord,left,sensory
3862,720575941595193558,,,descending_neuron,,,,DNp35,DNp35,id:720575940623276168,,,intrinsic,PVLP136,id:5813057178,SMPpv2_ventral,DNp35,id:14948,,,acetylcholine,,,,neck_connective,right,descending
3863,720575941595198501,,,single_leg_neuromere,,,ventral_nerve_cord_ipsilateral_restricted,IN03A014,,,,,intrinsic,,,03A,IN03A014,id:100139,,,acetylcholine,acetylcholine,,,ventral_nerve_cord,right,ventral_nerve_cord_intrinsic
3864,720575941595199525,,"front_leg,trochanter",hair_plate_neuron,proprioception,joint_angle,front_leg_hair_plate_neuron,,,,,,afferent,,,,,,left_prothoracic_leg_nerve,,gaba,,,hair_plate,ventral_nerve_cord,left,sensory
3865,720575941595290151,,,ascending_neuron,,,,AN14A003,,,,,intrinsic,,,14A,AN14A003,id:10750,,,glutamate,,,,neck_connective,left,ascending
3866,720575941595291687,,front_leg,chordotonal_organ_neuron,proprioception,position,front_leg_claw_chordotonal_organ_neuron,SNpp50,,,,,afferent,,,,SNpp50,id:153457,right_prothoracic_leg_nerve,,gaba,acetylcholine,,chordotonal_organ,ventral_nerve_cord,right,sensory
3867,720575941595303717,,,ascending_neuron,,,,AN07B045,AN_GNG_179,id:720575940613235423,,,intrinsic,,,07B,AN07B045,id:14926,,,acetylcholine,acetylcholine,,,neck_connective,right,ascending
3868,720575941595310887,,,,,,ventral_nerve_cord_bilateral_interconnecting,IN01A003,,,,,intrinsic,,,01A,IN01A003,id:10438,,,acetylcholine,acetylcholine,,,ventral_nerve_cord,left,ventral_nerve_cord_intrinsic
3869,720575941595311143,,,single_leg_neuromere,,,ventral_nerve_cord_ipsilateral_restricted,IN13A003,,,,,intrinsic,,,13A,IN13A003,id:12376,,,gaba,gaba,,,ventral_nerve_cord,right,ventral_nerve_cord_intrinsic
3870,720575941595376677,,,descending_neuron,,,,DNae007,DNae007,id:720575940615043222,,,intrinsic,,,WEDd1,DNxn143,id:26713,,,acetylcholine,,DNae007?,,neck_connective,right,descending
3871,720575941595512965,,,,,,ventral_nerve_cord_bilateral_interconnecting,IN21A073,,,,,intrinsic,,,21A,,,,,glutamate,,,,ventral_nerve_cord,left,ventral_nerve_cord_intrinsic
3872,720575941595517735,,,descending_neuron,,,,DNg75,DNg75,id:720575940614730914,,,intrinsic,,,putative_primary,DNg75,id:11264,,,acetylcholine,,"cDN1,DNg75?",,neck_connective,left,descending
3873,720575941595520039,,,descending_neuron,,,,DNpe041,DNpe041,id:720575940620757748,DNxl074,id:10648,intrinsic,,,DM2_central,DNxl074,id:22459,,,gaba,,,,neck_connective,left,descending
3874,720575941595529861,,,ventral_nerve_cord_centrifugal,,,ventral_nerve_cord_bilateral_interconnecting,IN11A024,,,,,intrinsic,,,11A,IN11A024,id:24429,,,acetylcholine,acetylcholine,,,ventral_nerve_cord,left,ventral_nerve_cord_intrinsic
3875,720575941595534981,,,descending_neuron,,,,DNge025,DNge025,id:720575940618519454,,,intrinsic,,,MX12,DNfl019,id:31446,,,acetylcholine,,MX12_L_32,,neck_connective,left,descending
3876,720575941595544197,,,,,,ventral_nerve_cord_ipsilateral_restricted,IN21A083,,,,,intrinsic,,,21A,,,,,glutamate,,,,ventral_nerve_cord,left,ventral_nerve_cord_intrinsic
3877,720575941595563909,,front_leg,chordotonal_organ_neuron,proprioception,position,front_leg_claw_chordotonal_organ_neuron,SNpp51,,,,,afferent,,,,SNpp51,id:103750,right_prothoracic_leg_nerve,,gaba,acetylcholine,,chordotonal_organ,ventral_nerve_cord,right,sensory
3878,720575941595590951,,,descending_neuron,,,,DNae005,DNae005,id:720575940614403178,,,intrinsic,,,WEDd1,DNxl092,id:16541,,,acetylcholine,,,,neck_connective,right,descending
3879,720575941595605029,,,descending_neuron,,,,DNge071,DNge071,id:720575940610309034,,,intrinsic,,,LB6,DNg10,id:44358,,,gaba,,,,neck_connective,left,descending
3880,720575941595615783,,,descending_neuron,,,,DNg106,DNg106,id:720575940639705077,,,intrinsic,,,MX3,,,,,gaba,,,,neck_connective,left,descending
3881,720575941595712448,front_leg,,leg_motor_neuron,leg_motor,move_coxa_posterior,front_leg_motor_neuron,sternal_posterior_rotator_miller_32,,,,id:258,efferent,,,20B.21B.22B,Sternal posterior rotator MN,id:25892,right_prothoracic_accessory_nerve,,gaba,,,sternal_posterior_rotator_muscle,ventral_nerve_cord,right,motor
3882,720575941595744668,,,,,,ventral_nerve_cord_ipsilateral_restricted,IN03A065,,,,,intrinsic,,,03A,IN03A065,id:17699,,,acetylcholine,acetylcholine,,,ventral_nerve_cord,right,ventral_nerve_cord_intrinsic
3883,720575941595779484,,,,,,ventral_nerve_cord_ipsilateral_restricted,IN13A061,,,,,intrinsic,,,13A,IN13A061,id:19055,,,gaba,gaba,,,ventral_nerve_cord,left,ventral_nerve_cord_intrinsic
3884,720575941595827158,,,descending_neuron,,,,DNg75,DNg75,id:720575940612603289,,,intrinsic,,,putative_primary,DNg75,id:11354,,,acetylcholine,,cDN1,,neck_connective,right,descending
3885,720575941595849116,,,,,,ventral_nerve_cord_ipsilateral_restricted,IN04B085,,,,,intrinsic,,,04B,IN04B085,id:18802,,,acetylcholine,acetylcholine,,,ventral_nerve_cord,right,ventral_nerve_cord_intrinsic
3886,720575941595856540,front_leg,,leg_motor_neuron,leg_motor,flex_femur_tibia_joint,front_leg_motor_neuron,accessory_tibia_flexor_B,,,,,efferent,,,15B,Acc. ti flexor MN,id:18412,left_prothoracic_leg_nerve,,,glutamate,,accessory_tibia_flexor_muscle,ventral_nerve_cord,left,motor
3887,720575941595871424,,,,,,ventral_nerve_cord_bilateral_interconnecting,IN06B059,,,,,intrinsic,,,06B,IN06B059,id:11521,,,gaba,gaba,,,ventral_nerve_cord,left,ventral_nerve_cord_intrinsic
3888,720575941595889445,,,,,,ventral_nerve_cord_ipsilateral_restricted,IN20A.22A056,,,,,intrinsic,,,20A.22A,IN20A.22A056,id:21941,,,acetylcholine,acetylcholine,,,ventral_nerve_cord,left,ventral_nerve_cord_intrinsic
3889,720575941595897024,,,,,,ventral_nerve_cord_ipsilateral_restricted,IN08A026,,,,,intrinsic,,,08A,IN08A026,id:196542,,,glutamate,glutamate,,,ventral_nerve_cord,right,ventral_nerve_cord_intrinsic
3890,720575941595902577,,,,,,ventral_nerve_cord_bilateral_interconnecting,IN11A008,,,,,intrinsic,,,11A,IN11A008,id:17154,,,acetylcholine,acetylcholine,,,ventral_nerve_cord,left,ventral_nerve_cord_intrinsic
3891,720575941595934577,,,,,,ventral_nerve_cord_bilateral_interconnecting,IN05B017,,,,,intrinsic,,,05B,IN05B017,id:12124,,,gaba,gaba,,,ventral_nerve_cord,left,ventral_nerve_cord_intrinsic
3892,720575941595940465,,,ventral_nerve_cord_serially_convergent,,,ventral_nerve_cord_bilateral_interconnecting,IN08B056,,,,,intrinsic,,,08B,IN08B056,id:15611,,,acetylcholine,acetylcholine,,,ventral_nerve_cord,right,ventral_nerve_cord_intrinsic
3893,720575941595944305,,,single_leg_neuromere,,,ventral_nerve_cord_contralateral_restricted,IN12B062,,,,,intrinsic,,,12B,IN12B062,id:22738,,,gaba,gaba,,,ventral_nerve_cord,right,ventral_nerve_cord_intrinsic
3894,720575941595952241,,,,,,ventral_nerve_cord_ipsilateral_restricted,IN13A061,,,,,intrinsic,,,13A,IN13A061,id:37795,,,gaba,gaba,,,ventral_nerve_cord,right,ventral_nerve_cord_intrinsic
3895,720575941595962737,,prosternal_organ,hair_plate_neuron,proprioception,joint_angle,prosternal_hair_plate_neuron,SNpp19,,,,id:1923,afferent,,,,SNpp19,id:22777,right_prosternal_nerve,,acetylcholine,,,hair_plate,ventral_nerve_cord,right,sensory
3896,720575941595964273,,,,,,ventral_nerve_cord_bilateral_interconnecting,IN07B020,,,,,intrinsic,,,07B,IN07B020,id:12017,,,acetylcholine,acetylcholine,,,ventral_nerve_cord,right,ventral_nerve_cord_intrinsic
3897,720575941595966321,,,ventral_nerve_cord_serially_convergent,,,ventral_nerve_cord_bilateral_interconnecting,IN07B012,,,,,intrinsic,,,07B,IN07B012,id:10913,,,acetylcholine,acetylcholine,,,ventral_nerve_cord,left,ventral_nerve_cord_intrinsic
3898,720575941595982449,,"coxa,front_leg",hair_plate_neuron,proprioception,joint_angle,front_leg_hair_plate_neuron,SNpp52,,,,id:1962,afferent,,,,SNpp52,id:17486,left_dorsal_prothoracic_nerve,,gaba,,CoHP3,"CoHP3,hair_plate",ventral_nerve_cord,left,sensory
3899,720575941596094757,,,descending_neuron,,,,DNg67,DNg67,id:720575940612648106,,,intrinsic,,,putative_primary,DNg67,id:39006,,,acetylcholine,,,,neck_connective,left,descending
3900,720575941596118311,,,,,,ventral_nerve_cord_ipsilateral_restricted,IN13A061,,,,,intrinsic,,,13A,,,,,gaba,gaba,,,ventral_nerve_cord,left,ventral_nerve_cord_intrinsic
3901,720575941596141445,,front_leg,bristle_neuron,tactile,,front_leg_bristle_neuron,SNta40,,,,,afferent,,,,SNta40,id:45416,left_prothoracic_leg_nerve,,gaba,,,bristle,ventral_nerve_cord,left,sensory
3902,720575941596205425,,,descending_neuron,,,,DNg106,DNg106,id:720575940660269185,,,intrinsic,,,MX3,DNg106,id:29695,,,gaba,,,,neck_connective,left,descending
3903,720575941596218225,,,descending_neuron,,,,DNg09,DNg09,id:720575940629742718,,,intrinsic,,,LB7,DNxn144,id:43801,,,acetylcholine,acetylcholine,,,neck_connective,right,descending
3904,720575941596424581,,,descending_neuron,,,,oviDNb,oviDNb,id:720575940603980256,,,intrinsic,oviDNb,id:519949044,SMPpv1,,,,,gaba,acetylcholine,,,neck_connective,right,descending
3905,720575941596426373,,prosternal_organ,hair_plate_neuron,proprioception,joint_angle,prosternal_hair_plate_neuron,SNpp19,,,,id:1923,afferent,,,,SNpp19,id:154060,right_prosternal_nerve,,acetylcholine,,,hair_plate,ventral_nerve_cord,right,sensory
3906,720575941596430213,,,ventral_nerve_cord_serially_convergent,,,ventral_nerve_cord_bilateral_interconnecting,IN18B016,,,,,intrinsic,,,18B,IN18B016,id:11668,,,acetylcholine,acetylcholine,,,ventral_nerve_cord,left,ventral_nerve_cord_intrinsic
3907,720575941596431749,,,descending_neuron,,,,DNpe004,DNpe004,id:720575940635464343,,,intrinsic,,,putative_primary,DNut042,id:32431,,,acetylcholine,,,,neck_connective,left,descending
3908,720575941596553511,,,single_leg_neuromere,,,ventral_nerve_cord_ipsilateral_restricted,IN17A017,,,,,intrinsic,,,17A,IN17A017,id:11812,,,acetylcholine,acetylcholine,,,ventral_nerve_cord,left,ventral_nerve_cord_intrinsic
3909,720575941596596357,,,descending_neuron,,,,DNpe035,DNpe035,id:720575940610715346,,,intrinsic,,,SMPpv1,DNit004,id:41456,,,acetylcholine,,,,neck_connective,right,descending
3910,720575941596600709,,,descending_neuron,,,,DNge116,DNge116,id:720575940640140733,,,intrinsic,,,LB7,DNut034,id:43795,,,acetylcholine,,,,neck_connective,left,descending
3911,720575941596702597,,,ascending_neuron,,,,AN08B009,AN_GNG_SAD_8,id:720575940629176007,,,intrinsic,,,08B,AN08B009,id:11161,,,acetylcholine,acetylcholine,,,neck_connective,right,ascending
3912,720575941596748933,,,descending_neuron,,,,DNbe002,DNbe002,id:720575940619116061,,,intrinsic,,,putative_primary,DNxl106,id:13419,,,acetylcholine,,,,neck_connective,right,descending
3913,720575941596805233,,front_leg,bristle_neuron,tactile,,front_leg_bristle_neuron,SNta21,,,,,afferent,,,,SNta21,id:177220,right_prothoracic_leg_nerve,,gaba,,,bristle,ventral_nerve_cord,right,sensory
3914,720575941597051761,,,descending_neuron,,,,DNpe053,DNpe053,id:720575940624402173,,,intrinsic,,,putative_primary,DNxn177,id:14999,,,acetylcholine,,,,neck_connective,left,descending
3915,720575941597089137,,,descending_neuron,,,,DNg01,DNg01,id:720575940612804862,,,intrinsic,,,LB12,DNlt010,id:27358,,,acetylcholine,,,,neck_connective,right,descending
3916,720575941597293724,,,ascending_neuron,,,,AN07B042,AN_GNG_177,id:720575940606552450,,,intrinsic,,,07B,AN07B042,id:17163,,,acetylcholine,acetylcholine,,,neck_connective,right,ascending
3917,720575941597345692,,,descending_neuron,,,,DNge035,DNge035,id:720575940620298772,,,intrinsic,,,putative_primary,,,,,gaba,,,,neck_connective,left,descending
3918,720575941597545664,,,,,,ventral_nerve_cord_bilateral_interconnecting,IN07B020,,,,,intrinsic,,,07B,IN07B020,id:12071,,,acetylcholine,acetylcholine,,,ventral_nerve_cord,left,ventral_nerve_cord_intrinsic
3919,720575941597694761,,front_leg,campaniform_sensillum_neuron,proprioception,mechanical_strain,front_leg_campaniform_sensillum_neuron,SNxxxx,,,,,afferent,,,,SNxxxx,id:10001,right_prothoracic_leg_nerve,,gaba,,,orphan,ventral_nerve_cord,right,sensory
3920,720575941597855273,,,,,,ventral_nerve_cord_ipsilateral_restricted,IN03A065,,,,,intrinsic,,,03A,IN03A065,id:18774,,,acetylcholine,acetylcholine,,,ventral_nerve_cord,right,ventral_nerve_cord_intrinsic
3921,720575941597899049,,,,,,ventral_nerve_cord_ipsilateral_restricted,IN08A036,,,,,intrinsic,,,08A,IN08A036,id:22398,,,glutamate,glutamate,,,ventral_nerve_cord,left,ventral_nerve_cord_intrinsic
3922,720575941597911849,,,,,,ventral_nerve_cord_ipsilateral_restricted,IN13A041,,,,,intrinsic,,,13A,,,,,gaba,gaba,,,ventral_nerve_cord,left,ventral_nerve_cord_intrinsic
3923,720575941597912617,,,single_leg_neuromere,,,ventral_nerve_cord_contralateral_restricted,IN13B058,,,,,intrinsic,,,13B,,,,,gaba,gaba,,,ventral_nerve_cord,left,ventral_nerve_cord_intrinsic
3924,720575941598302364,,front_leg,,,,putative_front_leg_hair_plate_neuron,,,,,,afferent,,,,,,left_prothoracic_leg_nerve,,gaba,,,,ventral_nerve_cord,left,sensory
3925,720575941598321564,,,single_leg_neuromere,proprioception,,ventral_nerve_cord_bilateral_restricted,IN23B024,,,,,intrinsic,,,23B,IN23B024,id:101952,,,acetylcholine,acetylcholine,,,ventral_nerve_cord,right,ventral_nerve_cord_intrinsic
3926,720575941598321820,,,single_leg_neuromere,,,ventral_nerve_cord_bilateral_restricted,IN09B005,,,,,intrinsic,,,09B,IN09B005,id:166548,,,glutamate,glutamate,,,ventral_nerve_cord,left,ventral_nerve_cord_intrinsic
3927,720575941598469276,,,descending_neuron,,,,DNg68,DNg68,id:720575940629543409,,,intrinsic,,,MX12__prim,DNg68,id:13553,,,gaba,,,,neck_connective,left,descending
3928,720575941598492457,,,descending_neuron,,,,DNg05_b,DNg05_b,id:720575940622347784,,,intrinsic,,,LB12,DNg05,id:28527,,,acetylcholine,,,,neck_connective,left,descending
3929,720575941598566812,,,ascending_neuron,,,,AN09B006,AN_GNG_28,id:720575940634057335,,,intrinsic,,,09B,AN09B006,id:12143,,,acetylcholine,,,,neck_connective,right,ascending
3930,720575941598633769,,,single_leg_neuromere,,,ventral_nerve_cord_contralateral_restricted,IN12B059,,,,,intrinsic,,,12B,IN12B059,id:22982,,,gaba,gaba,,,ventral_nerve_cord,right,ventral_nerve_cord_intrinsic
3931,720575941598660288,,,ascending_neuron,,,,AN12B060,AN_GNG_188,id:720575940612713322,,,intrinsic,,,12B,AN12B060,id:21549,,,gaba,gaba,,,neck_connective,right,ascending
3932,720575941598693824,,,descending_neuron,,,,DNp17,DNp17,id:720575940628398202,,,intrinsic,,,PSp2,DNnt010,id:37876,,,acetylcholine,,,,neck_connective,left,descending
3933,720575941598907072,,,descending_neuron,,,,DNa13,DNa13,id:720575940616286175,,,intrinsic,,,WEDd1,DNa13,id:10967,,,acetylcholine,,,,neck_connective,left,descending
3934,720575941598950556,,,descending_neuron,,,,DNg27,DNg27,id:720575940619757366,,,intrinsic,,,putative_primary,DNg27,id:13061,,,glutamate,"acetylcholine,glutamate",,,neck_connective,left,descending
3935,720575941598954908,,"front_leg,trochanter",hair_plate_neuron,proprioception,joint_angle,front_leg_hair_plate_neuron,SNppxx,,,,,afferent,,,,SNppxx,id:68749,right_prothoracic_leg_nerve,,gaba,,,hair_plate,ventral_nerve_cord,right,sensory
3936,720575941599034560,,,descending_neuron,,,,DNde005,DNde005,id:720575940627368723,,,intrinsic,,,putative_primary,DNg107,id:24267,,,acetylcholine,,,,neck_connective,left,descending
3937,720575941599049152,,,descending_neuron,,,,DNpe004,DNpe004,id:720575940605009097,,,intrinsic,,,putative_primary,DNut042,id:30531,,,acetylcholine,,,,neck_connective,right,descending
3938,720575941599277212,,,descending_neuron,,,,DNg87,DNg87,id:720575940628125715,,,intrinsic,,,LB7__prim,DNg87,id:15772,,,acetylcholine,,,,neck_connective,left,descending
3939,720575941599279516,,,descending_neuron,,,,DNa12,aSP22,id:720575940631520312,,,intrinsic,DNa08,id:1074782432,WEDd1,aSP22,id:11327,,,acetylcholine,,,,neck_connective,right,descending
3940,720575941599433664,,,ventral_nerve_cord_centrifugal,,,ventral_nerve_cord_bilateral_interconnecting,IN06B028,,,,,intrinsic,,,06B,IN06B028,id:227869,,,gaba,,,,ventral_nerve_cord,right,ventral_nerve_cord_intrinsic
3941,720575941599457065,,,ventral_nerve_cord_centripetal,tactile,,ventral_nerve_cord_bilateral_interconnecting,IN23B023,,,,,intrinsic,,,23B,IN23B023,id:16637,,,acetylcholine,acetylcholine,,,ventral_nerve_cord,left,ventral_nerve_cord_intrinsic
3942,720575941599691200,,,descending_neuron,,,,DNde005,DNde005,id:720575940623385894,,,intrinsic,VES028,id:1786255235,putative_primary,DNxl098,id:14910,,,acetylcholine,,,,neck_connective,right,descending
3943,720575941600523305,,,single_leg_neuromere,,,ventral_nerve_cord_contralateral_restricted,IN12B030,,,,,intrinsic,,,12B,IN12B030,id:19698,,,gaba,gaba,,,ventral_nerve_cord,right,ventral_nerve_cord_intrinsic
3944,720575941600535593,,,,,,ventral_nerve_cord_ipsilateral_interconnecting,IN04B004,,,,,intrinsic,,,04B,IN04B004,id:10873,,,acetylcholine,acetylcholine,,,ventral_nerve_cord,right,ventral_nerve_cord_intrinsic
3945,720575941601114102,,,ascending_neuron,,,,AN17A013,AN_GNG_137,id:720575940607118275,,,intrinsic,,,17A,AN17A013,id:11714,,,acetylcholine,acetylcholine,,,neck_connective,left,ascending
3946,720575941601224121,,,,proprioception,,ventral_nerve_cord_contralateral_restricted,IN14A075,,,,,intrinsic,,,14A,IN14A075,id:38507,,,glutamate,,,,ventral_nerve_cord,right,ventral_nerve_cord_intrinsic
3947,720575941601256633,,,single_leg_neuromere,,,ventral_nerve_cord_contralateral_restricted,IN12B049,,,,,intrinsic,,,12B,IN12B049,id:20322,,,gaba,gaba,,,ventral_nerve_cord,right,ventral_nerve_cord_intrinsic
3948,720575941601294889,,"front_leg,trochanter",hair_plate_neuron,proprioception,joint_angle,front_leg_hair_plate_neuron,SNpp52,,,,,afferent,,,,SNpp52,id:21695,right_prothoracic_leg_nerve,,gaba,,,hair_plate,ventral_nerve_cord,right,sensory
3949,720575941601297705,,,descending_neuron,,,,DNde001,DNde001,id:720575940620749807,,,intrinsic,,,putative_primary,DNxl096,id:18730,,,glutamate,,,,neck_connective,right,descending
3950,720575941601325046,,,,,,ventral_nerve_cord_ipsilateral_restricted,IN01B051,,,,,intrinsic,,,01B,IN01B051,id:155388,,,gaba,gaba,,,ventral_nerve_cord,left,ventral_nerve_cord_intrinsic
3951,720575941601470454,,,single_leg_neuromere,,,ventral_nerve_cord_ipsilateral_restricted,IN08A049,,,,,intrinsic,,,08A,IN08A049,id:11452,,,glutamate,glutamate,,,ventral_nerve_cord,left,ventral_nerve_cord_intrinsic
3952,720575941601591337,,,sequential_leg_neuromeres,,,ventral_nerve_cord_ipsilateral_interconnecting,IN03A009,,,,,intrinsic,,,03A,IN03A009,id:12276,,,acetylcholine,acetylcholine,,,ventral_nerve_cord,right,ventral_nerve_cord_intrinsic
3953,720575941601865769,,front_leg,campaniform_sensillum_neuron,proprioception,mechanical_strain,front_leg_campaniform_sensillum_neuron,SNppxx,,,,,afferent,,,,SNppxx,id:40562,right_prothoracic_leg_nerve,,gaba,,,campaniform_sensillum,ventral_nerve_cord,right,sensory
3954,720575941602242750,,,ascending_neuron,,,,IN08B003_AN,,,,,intrinsic,,,,IN08B003,id:10391,,,gaba,,,,neck_connective,right,ascending
3955,720575941602323897,,,descending_neuron,,,,DNa04,DNa04,id:720575940627432680,,,intrinsic,,,WEDd1,DNa04,id:11123,,,acetylcholine,acetylcholine,,,neck_connective,right,descending
3956,720575941602343870,,,,,,ventral_nerve_cord_contralateral_restricted,IN12B084,,,,,intrinsic,,,12B,IN12B084,id:26220,,,gaba,gaba,,,ventral_nerve_cord,left,ventral_nerve_cord_intrinsic
3957,720575941602711737,,,,,,ventral_nerve_cord_ipsilateral_restricted,IN19A063,,,,,intrinsic,,,19A,IN19A063,id:28251,,,gaba,gaba,,,ventral_nerve_cord,right,ventral_nerve_cord_intrinsic
3958,720575941602726078,,,descending_neuron,,,,DNge109,DNge109,id:720575940621121159,,,intrinsic,,,LB7,DNut042,id:38785,,,acetylcholine,,,,neck_connective,right,descending
3959,720575941602833593,,front_leg,bristle_neuron,tactile,,front_leg_bristle_neuron,SNta29,,,,,afferent,,,,SNta29,id:171925,left_prothoracic_leg_nerve,,acetylcholine,,,bristle,ventral_nerve_cord,left,sensory
3960,720575941602854841,,,descending_neuron,,,,DNge081,DNge081,id:720575940618594117,,,intrinsic,,,putative_primary,DNxl087,id:17291,,,acetylcholine,,,,neck_connective,right,descending
3961,720575941602872054,,,,,,ventral_nerve_cord_ipsilateral_restricted,IN19A122,,,,,intrinsic,,,19A,IN19A122,id:20818,,,gaba,gaba,,,ventral_nerve_cord,right,ventral_nerve_cord_intrinsic
3962,720575941602974649,,,descending_neuron,,,,DNpe054,DNpe054,id:720575940632379071,,,intrinsic,,,PSp2,DNnt011,id:33957,,,acetylcholine,,,,neck_connective,right,descending
3963,720575941603190006,,,,,,,,,,,,intrinsic,,,,,,,,serotonin,,,,ventral_nerve_cord,left,ventral_nerve_cord_intrinsic
3964,720575941603438777,,,descending_neuron,,,,DNg07,DNg07,id:720575940626027752,,,intrinsic,,,LB7,DNg07,id:35897,,,acetylcholine,,,,neck_connective,right,descending
3965,720575941603685817,,,ascending_neuron,,,,ANXXX024,AN_GNG_169,id:720575940641824200,,,intrinsic,,,TBD,ANXXX024,id:10821,,,acetylcholine,,,,neck_connective,right,ascending
3966,720575941603718073,,,ascending_neuron,,,,AN12A017,,,,,intrinsic,,,12A,AN12A017,id:13122,,,acetylcholine,acetylcholine,,,neck_connective,left,ascending
3967,720575941603720377,,,descending_neuron,,,,DNp52,DNp52,id:720575940625513360,,,intrinsic,,,putative_primary,,,,,dopamine,,,,neck_connective,right,descending
3968,720575941603735481,,,single_leg_neuromere,,,ventral_nerve_cord_contralateral_restricted,IN13B022,,,,,intrinsic,,,13B,IN13B022,id:17374,,,gaba,gaba,,,ventral_nerve_cord,left,ventral_nerve_cord_intrinsic
3969,720575941603737273,,front_leg,chordotonal_organ_neuron,proprioception,position,front_leg_claw_chordotonal_organ_neuron,SNpp50,,,,,afferent,,,,SNpp50,id:96728,left_prothoracic_leg_nerve,,gaba,acetylcholine,claw,chordotonal_organ,ventral_nerve_cord,left,sensory
3970,720575941603744697,,,descending_neuron,,,,DNge032,DNge032,id:720575940618663838,,,intrinsic,,,MD3,DNxl108,id:12969,,,acetylcholine,,,,neck_connective,left,descending
3971,720575941603750329,,,single_leg_neuromere,,,ventral_nerve_cord_ipsilateral_restricted,IN08A005,,,,,intrinsic,,,08A,IN08A005,id:10653,,,glutamate,glutamate,,,ventral_nerve_cord,left,ventral_nerve_cord_intrinsic
3972,720575941603770041,,front_leg,bristle_neuron,tactile,,front_leg_bristle_neuron,SNta41,,,,,afferent,,,,SNta41,id:46878,left_prothoracic_leg_nerve,,acetylcholine,,,bristle,ventral_nerve_cord,left,sensory
3973,720575941603785913,,,descending_neuron,,,,DNge026,DNge026,id:720575940628441862,,,intrinsic,,,putative_primary,DNnt017,id:19554,,,glutamate,,,,neck_connective,left,descending
3974,720575941603791350,,,descending_neuron,,,,DNg76,DNg76,id:720575940620622708,,,intrinsic,,,putative_primary,DNg76,id:15829,,,acetylcholine,,,,neck_connective,right,descending
3975,720575941603878646,,,,,,ventral_nerve_cord_bilateral_restricted,IN12B081,,,,,intrinsic,,,12B,IN12B081,id:26984,,,gaba,gaba,,,ventral_nerve_cord,left,ventral_nerve_cord_intrinsic
3976,720575941603886582,,,single_leg_neuromere,,,ventral_nerve_cord_ipsilateral_restricted,INXXX464,,,,,intrinsic,,,TBD,INXXX464,id:10274,,,acetylcholine,,,,ventral_nerve_cord,right,ventral_nerve_cord_intrinsic
3977,720575941603896254,,,,,,ventral_nerve_cord_ipsilateral_restricted,IN16B094,,,,,intrinsic,,,16B,IN16B094,id:21995,,,glutamate,glutamate,,,ventral_nerve_cord,right,ventral_nerve_cord_intrinsic
3978,720575941603899070,,,,,,ventral_nerve_cord_bilateral_restricted,IN16B061,,,,,intrinsic,,,16B,IN16B061,id:24960,,,glutamate,glutamate,,,ventral_nerve_cord,left,ventral_nerve_cord_intrinsic
3979,720575941603905014,,,,,,ventral_nerve_cord_ipsilateral_restricted,IN03A069,,,,,intrinsic,,,03A,IN03A069,id:25939,,,acetylcholine,acetylcholine,,,ventral_nerve_cord,right,ventral_nerve_cord_intrinsic
3980,720575941603980734,,,single_leg_neuromere,,,ventral_nerve_cord_ipsilateral_restricted,IN13A018,,,,,intrinsic,,,13A,IN13A018,id:12119,,,gaba,gaba,,,ventral_nerve_cord,left,ventral_nerve_cord_intrinsic
3981,720575941604056505,,,ascending_neuron,,,,AN09B007,AN_AVLP_SAD_1,id:720575940625486357,,,intrinsic,,,09B,AN09B007,id:13984,,,acetylcholine,,,,neck_connective,right,ascending
3982,720575941604058046,,front_leg,chordotonal_organ_neuron,proprioception,position,front_leg_claw_chordotonal_organ_neuron,SNpp50,,,,,afferent,,,,SNpp50,id:163745,left_prothoracic_leg_nerve,,gaba,acetylcholine,claw,chordotonal_organ,ventral_nerve_cord,left,sensory
3983,720575941604082361,,,single_leg_neuromere,,,ventral_nerve_cord_ipsilateral_restricted,IN13A006,,,,,intrinsic,,,13A,IN13A006,id:11640,,,gaba,gaba,,,ventral_nerve_cord,left,ventral_nerve_cord_intrinsic
3984,720575941604343225,,,descending_neuron,,,,DNg08_a,DNg08_a,id:720575940635564896,,,intrinsic,,,MX3,DNg08,id:18953,,,gaba,,,,neck_connective,right,descending
3985,720575941604343737,,,descending_neuron,,,,DNg110,DNg110,id:720575940623491987,,,intrinsic,,,LB12,DNg110,id:24679,,,acetylcholine,,,,neck_connective,right,descending
3986,720575941604585662,,,descending_neuron,,,,DNg106,DNg106,id:720575940628467830,,,intrinsic,,,MX3,DNg106,id:27737,,,gaba,,,,neck_connective,right,descending
3987,720575941604728766,,,,tactile,,ventral_nerve_cord_ipsilateral_restricted,IN01B063,,,,,intrinsic,,,01B,IN01B063,id:100318,,,gaba,gaba,,,ventral_nerve_cord,left,ventral_nerve_cord_intrinsic
3988,720575941604872557,,,,,,ventral_nerve_cord_ipsilateral_restricted,IN09A071,,,,,intrinsic,,,09A,IN09A071,id:24416,,,gaba,gaba,,,ventral_nerve_cord,right,ventral_nerve_cord_intrinsic
3989,720575941604943725,,,,,,ventral_nerve_cord_bilateral_interconnecting,IN03A005,,,,,intrinsic,,,03A,IN03A005,id:11133,,,acetylcholine,acetylcholine,,,ventral_nerve_cord,left,ventral_nerve_cord_intrinsic
3990,720575941604952685,,,single_leg_neuromere,,,ventral_nerve_cord_ipsilateral_restricted,IN04B031,,,,,intrinsic,,,04B,IN04B031,id:17678,,,acetylcholine,acetylcholine,,,ventral_nerve_cord,left,ventral_nerve_cord_intrinsic
3991,720575941604982462,,,descending_neuron,,,,DNg08_b,DNg08_b,id:720575940621274845,,,intrinsic,,,MX3,DNg07,id:35897,,,gaba,,,,neck_connective,right,descending
3992,720575941605018046,,,single_leg_neuromere,,,ventral_nerve_cord_ipsilateral_restricted,IN13A012,,,,,intrinsic,,,13A,IN13A012,id:10553,,,gaba,gaba,,,ventral_nerve_cord,right,ventral_nerve_cord_intrinsic
3993,720575941605019582,front_leg,,leg_motor_neuron,leg_motor,extend_femur_tibia_joint,front_leg_motor_neuron,tibia_extensor_SETi,,,,,efferent,,,TBD,Ti extensor MN,id:13115,right_prothoracic_leg_nerve,,acetylcholine,,"SETi,slow tibia extensor",tibia_extensor_muscle,ventral_nerve_cord,right,motor
3994,720575941605048310,,,,,,ventral_nerve_cord_ipsilateral_restricted,IN20A.22A052,,,,,intrinsic,,,20A.22A,IN20A.22A052,id:23221,,,acetylcholine,acetylcholine,,,ventral_nerve_cord,right,ventral_nerve_cord_intrinsic
3995,720575941605091518,,,descending_neuron,,,,DNge085,DNge085,id:720575940623968612,,,intrinsic,,,LB6,DNnt011,id:34390,,,gaba,,,,neck_connective,right,descending
3996,720575941605174462,,,ascending_neuron,,,,AN05B007,AN_GNG_109,id:720575940640096976,,,intrinsic,,,05B,AN05B007,id:10381,,,gaba,gaba,,,neck_connective,right,ascending
3997,720575941605475774,,"coxa,front_leg",hair_plate_neuron,proprioception,joint_angle,front_leg_hair_plate_neuron,SNpp45,,,,,afferent,,,,SNpp45,id:45389356381,right_ventral_prothoracic_nerve,,acetylcholine,,CoHP8,"CoHP8,hair_plate",ventral_nerve_cord,right,sensory
3998,720575941605523902,,,descending_neuron,,,,DNp44,DNp44,id:720575940627582724,,,intrinsic,,,primary,DNp44,id:17507,,,acetylcholine,,,,neck_connective,left,descending
3999,720575941605600109,,,single_leg_neuromere,,,ventral_nerve_cord_ipsilateral_restricted,IN16B029,,,,,intrinsic,,,16B,IN16B029,id:102493,,,glutamate,glutamate,,,ventral_nerve_cord,right,ventral_nerve_cord_intrinsic
4000,720575941605744062,,front_leg,chordotonal_organ_neuron,proprioception,position,front_leg_claw_chordotonal_organ_neuron,SNpp51,,,,,afferent,,,,SNpp51,id:205335,right_prothoracic_leg_nerve,,gaba,acetylcholine,claw,chordotonal_organ,ventral_nerve_cord,right,sensory
4001,720575941606542701,,,descending_neuron,,,,DNg07,DNg07,id:720575940614181585,,,intrinsic,,,LB7,DNut036,id:40234,,,acetylcholine,,,,neck_connective,right,descending
4002,720575941606629485,,,descending_neuron,,,,,,,,,intrinsic,,,,,,,,acetylcholine,,,,neck_connective,left,descending
4003,720575941606636909,,,single_leg_neuromere,,,ventral_nerve_cord_contralateral_restricted,IN12B026,,,,,intrinsic,,,12B,IN12B026,id:17174,,,gaba,gaba,,,ventral_nerve_cord,left,ventral_nerve_cord_intrinsic
4004,720575941606662509,,front_leg,bristle_neuron,tactile,,front_leg_bristle_neuron,SNxxxx,,,,,afferent,,,,SNxxxx,id:47532,left_prothoracic_leg_nerve,,acetylcholine,,,bristle,ventral_nerve_cord,left,sensory
4005,720575941607119725,,,descending_neuron,,,,DNge059,DNge059,id:720575940615671106,,,intrinsic,,,putative_primary,DNxl116,id:12455,,,acetylcholine,,,,neck_connective,left,descending
4006,720575941607559277,,,,,,ventral_nerve_cord_ipsilateral_restricted,IN13A035,,,,,intrinsic,,,13A,IN13A035,id:22088,,,gaba,gaba,,,ventral_nerve_cord,right,ventral_nerve_cord_intrinsic
4007,720575941607583341,,"coxa,front_leg",hair_plate_neuron,proprioception,joint_angle,front_leg_hair_plate_neuron,SNpp52,,,,,afferent,,,,SNpp52,id:11399,left_dorsal_prothoracic_nerve,,acetylcholine,,CoHP3,"CoHP3,hair_plate",ventral_nerve_cord,left,sensory
4008,720575941607605101,,,,,,,,,,,,intrinsic,,,,,,,,acetylcholine,,,,ventral_nerve_cord,right,ventral_nerve_cord_intrinsic
4009,720575941607634285,,,descending_neuron,,,,oviDNa_b,oviDNa_b,id:720575940621257340,,,intrinsic,,,SMPpv1,,,,,gaba,acetylcholine,oviDNb-like,,neck_connective,left,descending
4010,720575941607672685,,,ascending_neuron,,,,AN17A024,AN_GNG_167,id:720575940622488103,,,intrinsic,,,17A,AN17A024,id:12348,,,acetylcholine,acetylcholine,,,neck_connective,left,ascending
4011,720575941607693421,,,descending_neuron,,,,DNg111,DNg111,id:720575940631705130,,,intrinsic,,,MX12__prim,DNg111,id:16814,,,glutamate,,,,neck_connective,left,descending
4012,720575941607851117,,,ascending_neuron,,,,AN05B100,SA_VTV_PDMN_1,id:720575940622929847,,,intrinsic,,,05B,AN05B100,id:12924,,,gaba,,,,neck_connective,right,ascending
4013,720575941608250954,,,,,,ventral_nerve_cord_bilateral_interconnecting,IN08B037,,,,,intrinsic,,,08B,IN08B037,id:14756,,,acetylcholine,acetylcholine,,,ventral_nerve_cord,right,ventral_nerve_cord_intrinsic
4014,720575941608273226,front_leg,,leg_motor_neuron,leg_motor,unknown_leg_movement,front_leg_motor_neuron,femur_reductor,,,,,efferent,,,TBD,Fe reductor MN,id:12891,right_prothoracic_leg_nerve,,gaba,,,femur_reductor_muscle,ventral_nerve_cord,right,motor
4015,720575941608310346,,,,,,ventral_nerve_cord_bilateral_interconnecting,IN12A008,,,,,intrinsic,,,12A,IN12A008,id:11593,,,acetylcholine,acetylcholine,,,ventral_nerve_cord,right,ventral_nerve_cord_intrinsic
4016,720575941608317037,,,ascending_neuron,,,,AN07B017,AN_GNG_41,id:720575940632834911,,,intrinsic,,,07B,AN07B017,id:11560,,,glutamate,,,,neck_connective,right,ascending
4017,720575941608358730,,prosternal_organ,hair_plate_neuron,proprioception,joint_angle,prosternal_hair_plate_neuron,SNpp19,,,,,afferent,,,,SNpp19,id:170624,right_prosternal_nerve,,acetylcholine,,,hair_plate,ventral_nerve_cord,right,sensory
4018,720575941608423754,,,,,,ventral_nerve_cord_bilateral_restricted,IN01A072,,,,,intrinsic,,,01A,IN01A072,id:25064,,,acetylcholine,acetylcholine,,,ventral_nerve_cord,left,ventral_nerve_cord_intrinsic
4019,720575941608429386,,,single_leg_neuromere,,,ventral_nerve_cord_ipsilateral_restricted,IN03A087,,,,,intrinsic,,,03A,,,,,acetylcholine,acetylcholine,,,ventral_nerve_cord,right,ventral_nerve_cord_intrinsic
4020,720575941608442442,,,single_leg_neuromere,,,ventral_nerve_cord_bilateral_interconnecting,IN09A054,,,,,intrinsic,,,09A,IN09A054,id:21904,,,gaba,gaba,,,ventral_nerve_cord,left,ventral_nerve_cord_intrinsic
4021,720575941608733673,,,descending_neuron,,,,DNge114,DNge114,id:720575940630333911,,,intrinsic,,,LB7,DNut042,id:30119,,,acetylcholine,,,,neck_connective,right,descending
4022,720575941608884969,neck,,ventral_nerve_cord_neurosecretory_cell,,,neck_neurosecretory_cell,EN21X001,,,,,efferent,,,21X,EN21X001,id:16273,right_dorsal_prothoracic_nerve,,,,T1 “multinerve” neuron,,ventral_nerve_cord,right,visceral_circulatory
4023,720575941608899049,,,single_leg_neuromere,,,ventral_nerve_cord_ipsilateral_restricted,IN21A038,,,,,intrinsic,,,21A,,,,,glutamate,,,,ventral_nerve_cord,left,ventral_nerve_cord_intrinsic
4024,720575941608918249,,,,,,ventral_nerve_cord_bilateral_restricted,IN04B039,,,,,intrinsic,,,04B,,,,,acetylcholine,acetylcholine,,,ventral_nerve_cord,right,ventral_nerve_cord_intrinsic
4025,720575941609001034,,,,,,ventral_nerve_cord_ipsilateral_interconnecting,IN03B022,,,,,intrinsic,,,03B,IN03B022,id:11423,,,gaba,,,,ventral_nerve_cord,right,ventral_nerve_cord_intrinsic
4026,720575941609235302,,,descending_neuron,,,,DNge090,DNge090,id:720575940625047815,,,intrinsic,,,LB7,DNut054,id:22290,,,acetylcholine,,,,neck_connective,left,descending
4027,720575941609346534,,,single_leg_neuromere,,,ventral_nerve_cord_ipsilateral_restricted,IN20A.22A039,,,,,intrinsic,,,20A.22A,IN20A.22A039,id:23131,,,acetylcholine,acetylcholine,,,ventral_nerve_cord,left,ventral_nerve_cord_intrinsic
4028,720575941609348525,,,,,,ventral_nerve_cord_ipsilateral_restricted,IN08A036,,,,,intrinsic,,,08A,,,,,glutamate,glutamate,,,ventral_nerve_cord,right,ventral_nerve_cord_intrinsic
4029,720575941609411245,,,,,,ventral_nerve_cord_bilateral_restricted,IN03A051,,,,,intrinsic,,,03A,IN03A051,id:16997,,,acetylcholine,acetylcholine,,,ventral_nerve_cord,left,ventral_nerve_cord_intrinsic
4030,720575941609419878,,,,,,ventral_nerve_cord_ipsilateral_restricted,IN13A051,,,,,intrinsic,,,13A,IN13A051,id:101053,,,gaba,gaba,,,ventral_nerve_cord,right,ventral_nerve_cord_intrinsic
4031,720575941609426918,,,,,,ventral_nerve_cord_ipsilateral_restricted,IN13A051,,,,,intrinsic,,,13A,IN13A051,id:29980,,,gaba,gaba,,,ventral_nerve_cord,left,ventral_nerve_cord_intrinsic
4032,720575941609538150,,,,,,ventral_nerve_cord_ipsilateral_restricted,IN20A.22A089,,,,,intrinsic,,,20A.22A,IN20A.22A089,id:30459,,,acetylcholine,acetylcholine,,,ventral_nerve_cord,right,ventral_nerve_cord_intrinsic
4033,720575941609540454,,,,,,ventral_nerve_cord_ipsilateral_restricted,IN20A.22A032,,,,,intrinsic,,,20A.22A,,,,,acetylcholine,acetylcholine,,,ventral_nerve_cord,right,ventral_nerve_cord_intrinsic
4034,720575941609567818,,,single_leg_neuromere,,,ventral_nerve_cord_contralateral_restricted,IN14A010,,,,,intrinsic,,,14A,IN14A010,id:160183,,,glutamate,,,,ventral_nerve_cord,right,ventral_nerve_cord_intrinsic
4035,720575941609599078,,haltere,campaniform_sensillum_neuron,proprioception,mechanical_strain,haltere_campaniform_sensillum_neuron,SApp01,AN_4_None,id:720575940618290523,,id:4422,afferent,,,,SApp01,id:13958,right_dorsal_metathoracic_nerve,,acetylcholine,,,campaniform_sensillum,neck_connective,right,sensory_ascending
4036,720575941609621834,,prosternal_organ,hair_plate_neuron,proprioception,joint_angle,prosternal_hair_plate_neuron,SNpp19,,,,,afferent,,,,SNpp19,id:16823,left_prosternal_nerve,,acetylcholine,,,hair_plate,ventral_nerve_cord,left,sensory
4037,720575941609624138,,front_leg,bristle_neuron,tactile,,front_leg_bristle_neuron,SNta42,,,,,afferent,,,,SNta42,id:43926,left_ventral_prothoracic_nerve,,acetylcholine,,,bristle,ventral_nerve_cord,left,sensory
4038,720575941609673802,,,single_leg_neuromere,,,ventral_nerve_cord_contralateral_restricted,IN01A015,,,,,intrinsic,,,01A,IN01A015,id:11955,,,acetylcholine,acetylcholine,,,ventral_nerve_cord,right,ventral_nerve_cord_intrinsic
4039,720575941609747430,,,descending_neuron,,,,DNge014,DNge014,id:720575940628993871,,,intrinsic,,,LB12,DNut050,id:21454,,,acetylcholine,,,,neck_connective,right,descending
4040,720575941609969226,,front_leg,campaniform_sensillum_neuron,proprioception,mechanical_strain,front_leg_bilateral_campaniform_sensillum_neuron,,,,,,afferent,,,,,,right_prothoracic_leg_nerve,,acetylcholine,,,campaniform_sensillum,ventral_nerve_cord,right,sensory
4041,720575941610015306,,,,,,ventral_nerve_cord_bilateral_restricted,IN16B058,,,,,intrinsic,,,16B,IN16B058,id:22245,,,glutamate,glutamate,,,ventral_nerve_cord,right,ventral_nerve_cord_intrinsic
4042,720575941610029642,front_leg,,leg_motor_neuron,leg_motor,flex_femur_tibia_joint,front_leg_motor_neuron,accessory_tibia_flexor_B,,,,,efferent,,,,,,left_prothoracic_leg_nerve,,,,,accessory_tibia_flexor_muscle,ventral_nerve_cord,left,motor
4043,720575941610132042,,front_leg,bristle_neuron,tactile,,front_leg_bristle_neuron,SNta35,,,,,afferent,,,,SNta35,id:100336,left_prothoracic_leg_nerve,,acetylcholine,,,bristle,ventral_nerve_cord,left,sensory
4044,720575941610213478,,,descending_neuron,,,,DNg01,DNg01,id:720575940612804862,,,intrinsic,,,LB12,DNlt010,id:27358,,,acetylcholine,,,,neck_connective,right,descending
4045,720575941610261993,,front_leg,orphan_neuron,,,front_leg_orphan_neuron,SNxx30,,,,,afferent,,,,SNxx30,id:29388,left_ventral_prothoracic_nerve,,gaba,,,orphan,ventral_nerve_cord,left,sensory
4046,720575941610283850,,,ascending_neuron,,,,AN10B046,AN_GNG_165,id:720575940622150152,,,intrinsic,,,10B,AN10B046,id:29501,,,acetylcholine,acetylcholine,,,neck_connective,right,ascending
4047,720575941610351337,,,,,,ventral_nerve_cord_bilateral_interconnecting,IN19A118,,,,,intrinsic,,,19A,IN19A118,id:166505,,,gaba,gaba,,,ventral_nerve_cord,left,ventral_nerve_cord_intrinsic
4048,720575941610363881,,,,,,ventral_nerve_cord_ipsilateral_restricted,IN20A.22A049,,,,,intrinsic,,,20A.22A,IN20A.22A049,id:166555,,,acetylcholine,acetylcholine,,,ventral_nerve_cord,right,ventral_nerve_cord_intrinsic
4049,720575941610439145,,front_leg,bristle_neuron,tactile,,front_leg_bristle_neuron,SNta31,,,,,afferent,,,,SNta31,id:171417,right_prothoracic_leg_nerve,,acetylcholine,,,bristle,ventral_nerve_cord,right,sensory
4050,720575941610576604,,,,,,ventral_nerve_cord_ipsilateral_restricted,IN16B077,,,,,intrinsic,,,16B,IN16B077,id:19563,,,glutamate,glutamate,,,ventral_nerve_cord,right,ventral_nerve_cord_intrinsic
4051,720575941610577884,,,,,,ventral_nerve_cord_ipsilateral_interconnecting,IN09A077,,,,,intrinsic,,,09A,IN09A077,id:22934,,,gaba,gaba,,,ventral_nerve_cord,right,ventral_nerve_cord_intrinsic
4052,720575941610683053,,,ventral_nerve_cord_centrifugal,,,ventral_nerve_cord_bilateral_interconnecting,IN11A024,,,,,intrinsic,,,11A,IN11A024,id:23460,,,acetylcholine,acetylcholine,,,ventral_nerve_cord,right,ventral_nerve_cord_intrinsic
4053,720575941610755686,,front_leg,campaniform_sensillum_neuron,proprioception,mechanical_strain,front_leg_campaniform_sensillum_neuron,SNxxxx,,,,,afferent,,,,SNxxxx,id:64088,right_prothoracic_leg_nerve,,gaba,,,campaniform_sensillum,ventral_nerve_cord,right,sensory
4054,720575941610817709,,,,,,ventral_nerve_cord_ipsilateral_restricted,IN13A027,,,,,intrinsic,,,13A,IN13A027,id:17619,,,gaba,gaba,,,ventral_nerve_cord,right,ventral_nerve_cord_intrinsic
4055,720575941610883046,,,,,,ventral_nerve_cord_ipsilateral_restricted,IN04B081,,,,,intrinsic,,,04B,IN04B081,id:17584,,,acetylcholine,acetylcholine,,,ventral_nerve_cord,right,ventral_nerve_cord_intrinsic
4056,720575941610909101,,,,,,ventral_nerve_cord_ipsilateral_restricted,IN21A079,,,,,intrinsic,,,21A,,,,,glutamate,,,,ventral_nerve_cord,left,ventral_nerve_cord_intrinsic
4057,720575941610917037,,,descending_neuron,,,,DNpe002,DNpe002,id:720575940620642940,,,intrinsic,,,putative_primary,DNxl113,id:12779,,,acetylcholine,,,,neck_connective,right,descending
4058,720575941610920109,,front_leg,bristle_neuron,tactile,,front_leg_bristle_neuron,SNta41,,,,,afferent,,,,SNta41,id:45408815899,left_prothoracic_leg_nerve,,acetylcholine,,,bristle,ventral_nerve_cord,left,sensory
4059,720575941611022154,,,,,,ventral_nerve_cord_contralateral_restricted,IN13B072,,,,,intrinsic,,,13B,IN13B072,id:37429,,,gaba,gaba,,,ventral_nerve_cord,left,ventral_nerve_cord_intrinsic
4060,720575941611082826,,,descending_neuron,,,,DNg03,DNg03,id:720575940642027464,,,intrinsic,,,LB12,,,,,acetylcholine,,,,neck_connective,right,descending
4061,720575941611136476,,,descending_neuron,,,,DNg89,DNg89,id:720575940638109668,,,intrinsic,,,putative_primary,DNxn146,id:23722,,,gaba,,,,neck_connective,left,descending
4062,720575941611348457,,front_leg,bristle_neuron,tactile,,front_leg_bristle_neuron,SNta35,,,,,afferent,,,,,,right_prothoracic_leg_nerve,,gaba,,,bristle,ventral_nerve_cord,right,sensory
4063,720575941611361811,front_leg,,leg_motor_neuron,leg_motor,flex_tibia_tarsus_joint,front_leg_motor_neuron,tarsus_levator_D,,,,,efferent,,,15B,Ta levator MN,id:157320,left_prothoracic_leg_nerve,,,glutamate,,tarsus_levator_muscle,ventral_nerve_cord,left,motor
4064,720575941611420134,,,ascending_neuron,,,,AN07B052,SA_DMT_DMetaN_8,id:720575940617492939,,,intrinsic,,,07B,AN07B052,id:17514,,,acetylcholine,acetylcholine,,,neck_connective,left,ascending
4065,720575941611457098,,,descending_neuron,,,,DNg53,DNg53,id:720575940633995181,,,intrinsic,,,LB19,DNg53,id:33183,,,acetylcholine,,,,neck_connective,left,descending
4066,720575941611480650,,"front_leg,trochanter",hair_plate_neuron,proprioception,joint_angle,front_leg_hair_plate_neuron,SNxxxx,,,,,afferent,,,,SNxxxx,id:88300,left_prothoracic_leg_nerve,,gaba,,,hair_plate,ventral_nerve_cord,left,sensory
4067,720575941611546899,,,,,,ventral_nerve_cord_ipsilateral_restricted,IN03A046,,,,,intrinsic,,,03A,IN03A046,id:16755,,,gaba,acetylcholine,,,ventral_nerve_cord,left,ventral_nerve_cord_intrinsic
4068,720575941611587603,,,single_leg_neuromere,,,ventral_nerve_cord_contralateral_restricted,IN14A042,,,,,intrinsic,,,14A,IN14A042,id:103611,,,glutamate,,,,ventral_nerve_cord,right,ventral_nerve_cord_intrinsic
4069,720575941611688681,,,ascending_neuron,,,,AN04B023,AN_SPS_IPS_6,id:720575940623202633,,,intrinsic,,,04B,AN04B023,id:14013,,,acetylcholine,acetylcholine,,,neck_connective,left,ascending
4070,720575941611716883,,,single_leg_neuromere,,,ventral_nerve_cord_bilateral_restricted,IN14B010,,,,,intrinsic,,,14B,IN14B010,id:14066,,,glutamate,,,,ventral_nerve_cord,left,ventral_nerve_cord_intrinsic
4071,720575941611791590,,,descending_neuron,,,,DNp06,DNp06,id:720575940622673860,,,intrinsic,,,SMPpv2_ventral,DNp06,id:11221,,,acetylcholine,acetylcholine,,,neck_connective,left,descending
4072,720575941611824358,,,ascending_neuron,,,,AN04A001,AN_GNG_186,id:720575940620116001,,,intrinsic,,,04A,AN04A001,id:20216,,,acetylcholine,,,,neck_connective,left,ascending
4073,720575941611833577,,,descending_neuron,,,,DNge051,DNge051,id:720575940610677828,DNg61,id:11290,intrinsic,,,putative_primary,DNg61,id:25018,,,gaba,,,,neck_connective,left,descending
4074,720575941611937709,,,ascending_neuron,,,,ANXXX082,AN_AVLP_SAD_5,id:720575940630121503,,,intrinsic,,,TBD,ANXXX082,id:13017,,,acetylcholine,,,,neck_connective,right,ascending
4075,720575941611960237,,,single_leg_neuromere,,,ventral_nerve_cord_ipsilateral_restricted,IN17A022,,,,,intrinsic,,,17A,IN17A022,id:12205,,,acetylcholine,acetylcholine,,,ventral_nerve_cord,left,ventral_nerve_cord_intrinsic
4076,720575941611961162,,,single_leg_neuromere,,,ventral_nerve_cord_ipsilateral_restricted,IN19A021,,,,,intrinsic,,,19A,IN19A021,id:24573,,,gaba,gaba,,,ventral_nerve_cord,left,ventral_nerve_cord_intrinsic
4077,720575941611963053,,,ventral_nerve_cord_dorsal,,,ventral_nerve_cord_ipsilateral_interconnecting,IN02A020,,,,,intrinsic,,,02A,IN02A020,id:14453,,,glutamate,glutamate,,,ventral_nerve_cord,right,ventral_nerve_cord_intrinsic
4078,720575941611969453,,,,,,ventral_nerve_cord_bilateral_restricted,IN01A083,,,,,intrinsic,,,01A,IN01A083,id:25740,,,acetylcholine,acetylcholine,,,ventral_nerve_cord,left,ventral_nerve_cord_intrinsic
4079,720575941611970477,,,,,,ventral_nerve_cord_bilateral_interconnecting,IN08B004,,,,,intrinsic,,,08B,IN08B004,id:10538,,,acetylcholine,acetylcholine,,,ventral_nerve_cord,right,ventral_nerve_cord_intrinsic
4080,720575941611977645,,,single_leg_neuromere,,,ventral_nerve_cord_bilateral_restricted,IN09B008,,,,,intrinsic,,,09B,IN09B008,id:12146,,,glutamate,glutamate,,,ventral_nerve_cord,left,ventral_nerve_cord_intrinsic
4081,720575941612004710,,,,,,ventral_nerve_cord_contralateral_interconnecting,IN09B038,,,,,intrinsic,,,09B,IN09B038,id:19006,,,acetylcholine,,,,ventral_nerve_cord,right,ventral_nerve_cord_intrinsic
4082,720575941612009062,,,single_leg_neuromere,,,ventral_nerve_cord_ipsilateral_interconnecting,IN08A008,,,,,intrinsic,,,08A,IN08A008,id:10243,,,glutamate,glutamate,,,ventral_nerve_cord,right,ventral_nerve_cord_intrinsic
4083,720575941612039142,,,descending_neuron,,,,DNbe005,DNbe005,id:720575940625558730,,,intrinsic,,,putative_primary,DNxn006,id:15257,,,glutamate,,,,neck_connective,right,descending
4084,720575941612044518,,,descending_neuron,,,,DNa04,DNa04,id:720575940628577897,,,intrinsic,,,WEDd1,DNa04,id:11216,,,acetylcholine,acetylcholine,,,neck_connective,left,descending
4085,720575941612058982,,,descending_neuron,,,,DNge136,DNge136,id:720575940633996883,,,intrinsic,,,MX3,DNxn179,id:12617,,,gaba,,,,neck_connective,left,descending
4086,720575941612065894,,,,,,ventral_nerve_cord_ipsilateral_restricted,IN03A049,,,,,intrinsic,,,03A,IN03A049,id:17186,,,acetylcholine,acetylcholine,,,ventral_nerve_cord,left,ventral_nerve_cord_intrinsic
4087,720575941612075622,,,ascending_neuron,,,,AN12B017,AN_GNG_VES_6,id:720575940617387549,,,intrinsic,,,12B,AN12B017,id:14050,,,gaba,gaba,,,neck_connective,left,ascending
4088,720575941612150858,,front_leg,chordotonal_organ_neuron,proprioception,direction,front_leg_hook_chordotonal_organ_neuron,SNpp39,,,,id:1329,afferent,,,,SNpp39,id:30692,left_prothoracic_leg_nerve,,acetylcholine,acetylcholine,hook,chordotonal_organ,ventral_nerve_cord,left,sensory
4089,720575941612174044,,,ascending_neuron,,,,AN12B060,AN_GNG_129,id:720575940628641879,,,intrinsic,,,12B,AN12B060,id:24115,,,gaba,gaba,,,neck_connective,left,ascending
4090,720575941612195501,,,descending_neuron,,,,DNg17,DNg17,id:720575940614384757,,,intrinsic,,,putative_primary,DNg17,id:15249,,,acetylcholine,,,,neck_connective,right,descending
4091,720575941612214758,,front_leg,chordotonal_organ_neuron,proprioception,vibro_tactile,front_leg_club_chordotonal_organ_neuron,SNppxx,,,,id:1444,afferent,,,,SNppxx,id:163739,left_prothoracic_leg_nerve,,gaba,,,chordotonal_organ,ventral_nerve_cord,left,sensory
4092,720575941612251868,,,single_leg_neuromere,,,ventral_nerve_cord_ipsilateral_restricted,IN21A012,,,,,intrinsic,,,21A,IN21A012,id:12202,,,acetylcholine,,,,ventral_nerve_cord,left,ventral_nerve_cord_intrinsic
4093,720575941612286428,,,descending_neuron,,,,DNge091,DNge091,id:720575940611610670,,,intrinsic,,,LB7,DNut048,id:24368,,,acetylcholine,,,,neck_connective,left,descending
4094,720575941612311981,,,ascending_neuron,,,,AN19B042,AN_GNG_18,id:720575940619411327,,,intrinsic,,,19B,AN19B042,id:15569,,,acetylcholine,acetylcholine,,,neck_connective,left,ascending
4095,720575941612321382,,,descending_neuron,,,,DNa07,DNa07,id:720575940637101413,,,intrinsic,,,WEDd1,DNa07,id:25931,,,acetylcholine,,,,neck_connective,left,descending
4096,720575941612330972,,front_leg,bristle_neuron,tactile,,front_leg_bristle_neuron,SNta34,,,,,afferent,,,,SNta34,id:51045,right_prothoracic_leg_nerve,,acetylcholine,,,bristle,ventral_nerve_cord,right,sensory
4097,720575941612336604,,front_leg,bristle_neuron,tactile,,front_leg_bristle_neuron,SNta32,,,,,afferent,,,,SNta32,id:38116,right_prothoracic_leg_nerve,,gaba,,,bristle,ventral_nerve_cord,right,sensory
4098,720575941612340909,,,descending_neuron,,,,DNge085,DNge085,id:720575940622786317,,,intrinsic,,,,DNnt011,id:37700,,,gaba,,,,neck_connective,left,descending
4099,720575941612345564,,,single_leg_neuromere,,,ventral_nerve_cord_bilateral_restricted,IN14A007,,,,,intrinsic,,,14A,IN14A007,id:14912,,,glutamate,,,,ventral_nerve_cord,right,ventral_nerve_cord_intrinsic
4100,720575941612367789,,,,,,ventral_nerve_cord_ipsilateral_restricted,IN20A.22A076,,,,,intrinsic,,,20A.22A,IN20A.22A076,id:100337,,,acetylcholine,acetylcholine,,,ventral_nerve_cord,left,ventral_nerve_cord_intrinsic
4101,720575941612374425,,,descending_neuron,,,,DNge173,DNge173,id:720575940610001220,,,intrinsic,,,MX12__prim,DNfl021,id:30389,,,acetylcholine,,,,neck_connective,left,descending
4102,720575941612392169,,,descending_neuron,,,,DNpe011,DNpe011,id:720575940608332674,,,intrinsic,,,PSp2,DNnt012,id:32039,,,acetylcholine,,,,neck_connective,left,descending
4103,720575941612401510,,,descending_neuron,,,,CB0191,CB0191,id:720575940626843194,,,intrinsic,,,,,,,,gaba,,MooSEZ,,central_brain,left,descending
4104,720575941612417043,,,,,,ventral_nerve_cord_bilateral_interconnecting,IN12A019,,,,,intrinsic,,,12A,IN12A019,id:15223,,,acetylcholine,acetylcholine,,,ventral_nerve_cord,left,ventral_nerve_cord_intrinsic
4105,720575941612455676,,front_leg,chordotonal_organ_neuron,proprioception,direction,front_leg_hook_chordotonal_organ_neuron,SNpp41,,,,id:1154,afferent,,,,SNpp41,id:46406,left_prothoracic_leg_nerve,,gaba,acetylcholine,hook,chordotonal_organ,ventral_nerve_cord,left,sensory
4106,720575941612462332,,front_leg,chordotonal_organ_neuron,proprioception,direction,front_leg_hook_chordotonal_organ_neuron,SNpp41,,,,,afferent,,,,SNpp41,id:46406,left_prothoracic_leg_nerve,,gaba,acetylcholine,hook,chordotonal_organ,ventral_nerve_cord,left,sensory
4107,720575941612468710,,,ascending_neuron,,,,AN12B019,AN_multi_15,id:720575940615307154,,,intrinsic,,,12B,AN12B019,id:13788,,,gaba,gaba,,,neck_connective,right,ascending
4108,720575941612489369,,,single_leg_neuromere,,,ventral_nerve_cord_ipsilateral_restricted,IN13A042,,,,,intrinsic,,,13A,,,,,gaba,gaba,,,ventral_nerve_cord,left,ventral_nerve_cord_intrinsic
4109,720575941612505574,,,,,,ventral_nerve_cord_ipsilateral_interconnecting,IN02A060,,,,,intrinsic,,,02A,IN02A060,id:27795,,,glutamate,glutamate,,,ventral_nerve_cord,right,ventral_nerve_cord_intrinsic
4110,720575941612517529,,,,,,ventral_nerve_cord_ipsilateral_restricted,IN04B091,,,,,intrinsic,,,04B,IN04B091,id:153878,,,acetylcholine,acetylcholine,,,ventral_nerve_cord,left,ventral_nerve_cord_intrinsic
4111,720575941612617881,,,,,,ventral_nerve_cord_ipsilateral_restricted,IN13A061,,,,,intrinsic,,,13A,IN13A061,id:31390,,,gaba,gaba,,,ventral_nerve_cord,right,ventral_nerve_cord_intrinsic
4112,720575941612646809,,haltere,campaniform_sensillum_neuron,proprioception,mechanical_strain,haltere_campaniform_sensillum_neuron,SApp17,,,,,afferent,,,,SApp17,id:25666,right_dorsal_metathoracic_nerve,,acetylcholine,,,campaniform_sensillum,neck_connective,right,sensory_ascending
4113,720575941612680109,,front_leg,campaniform_sensillum_neuron,proprioception,mechanical_strain,front_leg_campaniform_sensillum_neuron,SNppxx,,,,,afferent,,,,SNppxx,id:36607,right_prothoracic_leg_nerve,,gaba,,,campaniform_sensillum,ventral_nerve_cord,right,sensory
4114,720575941612940774,,,single_leg_neuromere,,,ventral_nerve_cord_ipsilateral_restricted,IN09A006,,,,,intrinsic,,,09A,IN09A006,id:11925,,,gaba,gaba,,,ventral_nerve_cord,left,ventral_nerve_cord_intrinsic
4115,720575941612980070,,,descending_neuron,,,,DNge004,DNge004,id:720575940614352278,,,intrinsic,,,putative_primary,,,,,glutamate,,,,neck_connective,left,descending
4116,720575941612982169,,,descending_neuron,,,,DNge094,DNge094,id:720575940630829563,,,intrinsic,,,LB7,DNxn116,id:42130,,,acetylcholine,,,,neck_connective,right,descending
4117,720575941613020390,,,descending_neuron,,,,DNg109,DNg109,id:720575940631545960,,,intrinsic,,,putative_primary,DNg109,id:14947,,,acetylcholine,,,,neck_connective,right,descending
4118,720575941613036717,,,descending_neuron,,,,DNge030,DNge030,id:720575940611654570,,,intrinsic,,,LB12,DNut051,id:23690,,,acetylcholine,,,,neck_connective,right,descending
4119,720575941613054381,,,descending_neuron,,,,DNpe053,DNpe053,id:720575940639242303,,,intrinsic,,,putative_primary,DNxn177,id:15016,,,acetylcholine,,,,neck_connective,right,descending
4120,720575941613232659,,,,,,ventral_nerve_cord_ipsilateral_restricted,IN03A062,,,,,intrinsic,,,03A,IN03A062,id:20142,,,acetylcholine,acetylcholine,,,ventral_nerve_cord,right,ventral_nerve_cord_intrinsic
4121,720575941613252627,,,single_leg_neuromere,,,ventral_nerve_cord_contralateral_restricted,IN13B019,,,,,intrinsic,,,13B,IN13B019,id:14635,,,gaba,gaba,,,ventral_nerve_cord,right,ventral_nerve_cord_intrinsic
4122,720575941613270425,,,,,,ventral_nerve_cord_ipsilateral_restricted,IN04B081,,,,,intrinsic,,,04B,IN04B081,id:17584,,,acetylcholine,acetylcholine,,,ventral_nerve_cord,right,ventral_nerve_cord_intrinsic
4123,720575941613282662,,front_leg,bristle_neuron,tactile,,front_leg_bristle_neuron,SNta21,,,,id:1658,afferent,,,,SNta21,id:44468,left_prothoracic_leg_nerve,,gaba,,,bristle,ventral_nerve_cord,left,sensory
4124,720575941613286246,,front_leg,orphan_neuron,,,front_leg_orphan_neuron,SNxxxx,,,,,afferent,,,,SNxxxx,id:64088,right_prothoracic_leg_nerve,,gaba,,,orphan,ventral_nerve_cord,right,sensory
4125,720575941613288294,,,ascending_neuron,,,,ANXXX092,AN_GNG_27,id:720575940630137425,,,intrinsic,,,TBD,ANXXX092,id:12305,,,acetylcholine,,,,neck_connective,right,ascending
4126,720575941613369363,,,,,,ventral_nerve_cord_ipsilateral_restricted,IN09A071,,,,,intrinsic,,,09A,IN09A071,id:24041,,,gaba,gaba,,,ventral_nerve_cord,left,ventral_nerve_cord_intrinsic
4127,720575941613411548,,,,,,ventral_nerve_cord_ipsilateral_restricted,IN20A.22A049,,,,,intrinsic,,,20A.22A,IN20A.22A049,id:166555,,,acetylcholine,acetylcholine,,,ventral_nerve_cord,right,ventral_nerve_cord_intrinsic
4128,720575941613412316,,,single_leg_neuromere,proprioception,,ventral_nerve_cord_contralateral_restricted,IN13B026,,,,,intrinsic,,,13B,IN13B026,id:16679,,,gaba,gaba,,,ventral_nerve_cord,left,ventral_nerve_cord_intrinsic
4129,720575941613418716,,,descending_neuron,,,,DNge125,DNge125,id:720575940642449909,,,intrinsic,,,LB7__prim,DNnt020,id:15226,,,acetylcholine,,,,neck_connective,left,descending
4130,720575941613433564,,,,,,ventral_nerve_cord_ipsilateral_interconnecting,IN19A032,,,,,intrinsic,,,19A,IN19A032,id:15478,,,acetylcholine,,,,ventral_nerve_cord,left,ventral_nerve_cord_intrinsic
4131,720575941613437916,,,single_leg_neuromere,,,ventral_nerve_cord_ipsilateral_restricted,IN08A022,,,,,intrinsic,,,08A,IN08A022,id:19858,,,glutamate,glutamate,,,ventral_nerve_cord,left,ventral_nerve_cord_intrinsic
4132,720575941613458652,,,,,,ventral_nerve_cord_ipsilateral_interconnecting,IN03A034,,,,,intrinsic,,,03A,IN03A034,id:15874,,,acetylcholine,acetylcholine,,,ventral_nerve_cord,left,ventral_nerve_cord_intrinsic
4133,720575941613461468,,,,,,ventral_nerve_cord_ipsilateral_restricted,IN04B038,,,,,intrinsic,,,04B,IN04B038,id:18861,,,acetylcholine,acetylcholine,,,ventral_nerve_cord,right,ventral_nerve_cord_intrinsic
4134,720575941613469916,,,ascending_neuron,,,,AN06B015_b,AN_GNG_IPS_5,id:720575940610745373,AN06B015,id:13520,intrinsic,,,06B,AN06B015,id:13064,,,gaba,gaba,,,neck_connective,left,ascending
4135,720575941613532892,,,descending_neuron,,,,DNpe030,DNpe030,id:720575940630689644,,,intrinsic,,,putative_primary,DNxn178,id:17061,,,acetylcholine,,,,neck_connective,left,descending
4136,720575941613788703,,front_leg,chordotonal_organ_neuron,proprioception,position,front_leg_claw_chordotonal_organ_neuron,SNpp51,,,,,afferent,,,,SNpp51,id:45274,right_prothoracic_leg_nerve,,acetylcholine,acetylcholine,claw,chordotonal_organ,ventral_nerve_cord,right,sensory
4137,720575941613990108,,,single_leg_neuromere,,,ventral_nerve_cord_ipsilateral_restricted,IN09A014,,,,,intrinsic,,,09A,IN09A014,id:27904,,,gaba,gaba,,,ventral_nerve_cord,right,ventral_nerve_cord_intrinsic
4138,720575941614012892,,,descending_neuron,,,,DNg64,DNg64,id:720575940632632607,,,intrinsic,,,MD3,DNxl065,id:31377,,,gaba,,,,neck_connective,left,descending
4139,720575941614029977,,front_leg,bristle_neuron,tactile,,front_leg_bristle_neuron,SNxxxx,,,,id:1367,afferent,,,,SNxxxx,id:42621,left_prothoracic_leg_nerve,,gaba,,,bristle,ventral_nerve_cord,left,sensory
4140,720575941614100255,,front_leg,bristle_neuron,tactile,,front_leg_bristle_neuron,SNta41,,,,,afferent,,,,SNta41,id:43700,right_prothoracic_leg_nerve,,acetylcholine,,,bristle,ventral_nerve_cord,right,sensory
4141,720575941614190099,,,descending_neuron,,,,DNpe008,DNpe008,id:720575940619341744,,,intrinsic,,,PSp2,DNht001,id:34669,,,acetylcholine,,,,neck_connective,left,descending
4142,720575941614257171,,,ventral_nerve_cord_serially_convergent,,,ventral_nerve_cord_bilateral_interconnecting,IN07B002,,,,,intrinsic,,,07B,IN07B002,id:10416,,,acetylcholine,acetylcholine,,,ventral_nerve_cord,left,ventral_nerve_cord_intrinsic
4143,720575941614265363,,,single_leg_neuromere,,,ventral_nerve_cord_bilateral_interconnecting,IN19B054,,,,,intrinsic,,,19B,IN19B054,id:17269,,,acetylcholine,acetylcholine,,,ventral_nerve_cord,left,ventral_nerve_cord_intrinsic
4144,720575941614273043,,,single_leg_neuromere,,,ventral_nerve_cord_bilateral_restricted,IN06B029,,,,,intrinsic,,,06B,IN06B029,id:12959,,,gaba,gaba,,,ventral_nerve_cord,left,ventral_nerve_cord_intrinsic
4145,720575941614383769,,,,,,ventral_nerve_cord_contralateral_restricted,IN13B069,,,,,intrinsic,,,13B,IN13B069,id:23240,,,gaba,gaba,,,ventral_nerve_cord,right,ventral_nerve_cord_intrinsic
4146,720575941614432409,,,descending_neuron,,,,DNge047,DNge047,id:720575940614342038,,,intrinsic,,,putative_primary,DNxn162,id:11697,,,octopamine,,,,neck_connective,left,descending
4147,720575941614433945,,,ascending_neuron,,,,AN12B060,AN_8_None,id:720575940618447238,,,intrinsic,,,12B,AN12B060,id:24115,,,gaba,gaba,,,neck_connective,left,ascending
4148,720575941614483475,,,descending_neuron,,,,DNg08_b,DNg08_b,id:720575940621274845,,,intrinsic,,,MX3,DNxn110,id:29781,,,gaba,,,,neck_connective,right,descending
4149,720575941614551772,,front_leg,chordotonal_organ_neuron,proprioception,vibro_tactile,front_leg_club_chordotonal_organ_neuron,SNpp59,,,,,afferent,,,,SNpp59,id:76418,left_prothoracic_leg_nerve,,gaba,acetylcholine,club,chordotonal_organ,ventral_nerve_cord,left,sensory
4150,720575941614647004,,front_leg,bristle_neuron,tactile,,front_leg_bristle_neuron,SNta20,,,,,afferent,,,,SNta20,id:45090,left_prothoracic_leg_nerve,,acetylcholine,,,bristle,ventral_nerve_cord,left,sensory
4151,720575941614756821,,,single_leg_neuromere,,,ventral_nerve_cord_ipsilateral_restricted,IN03A010,,,,,intrinsic,,,03A,IN03A010,id:100492,,,acetylcholine,acetylcholine,,,ventral_nerve_cord,left,ventral_nerve_cord_intrinsic
4152,720575941614893013,,,descending_neuron,,,,DNge020,DNge020,id:720575940627595772,,,intrinsic,,,,DNnt013,id:33755,,,acetylcholine,,MX12_R_13,,neck_connective,right,descending
4153,720575941614906387,,,descending_neuron,,,,MDN,MDN,id:720575940610236514,,,intrinsic,MDN,id:5813021075,primary,MDN,id:13438,,,acetylcholine,acetylcholine,"DNp50,moonwalker descending neuron",,neck_connective,right,descending
4154,720575941615009945,,"front_leg,trochanter",hair_plate_neuron,proprioception,joint_angle,front_leg_hair_plate_neuron,SNpp52,,,,,afferent,,,,SNpp52,id:17839,right_prothoracic_leg_nerve,,gaba,,,hair_plate,ventral_nerve_cord,right,sensory
4155,720575941615188220,,,,,,,,,,,,afferent,,,,,,left_prothoracic_leg_nerve,,acetylcholine,,,,ventral_nerve_cord,left,sensory
4156,720575941615255193,,,,,,ventral_nerve_cord_bilateral_interconnecting,IN12A016,,,,,intrinsic,,,12A,IN12A016,id:13149,,,acetylcholine,acetylcholine,,,ventral_nerve_cord,left,ventral_nerve_cord_intrinsic
4157,720575941615255705,,,ventral_nerve_cord_serially_convergent,,,ventral_nerve_cord_bilateral_interconnecting,IN08B056,,,,,intrinsic,,,08B,IN08B056,id:15611,,,acetylcholine,acetylcholine,,,ventral_nerve_cord,right,ventral_nerve_cord_intrinsic
4158,720575941615259289,,,descending_neuron,,,,DNge025,DNge025,id:720575940632303441,,,intrinsic,,,MX12,DNfl019,id:173123,,,acetylcholine,,MX12_R_29,,neck_connective,right,descending
4159,720575941615272601,,,ventral_nerve_cord_centrifugal,,,ventral_nerve_cord_bilateral_interconnecting,IN06B028,,,,,intrinsic,,,06B,IN06B028,id:227869,,,gaba,,,,ventral_nerve_cord,right,ventral_nerve_cord_intrinsic
4160,720575941615282073,,,,,,,,,,,,afferent,,,,,,right_prothoracic_leg_nerve,,gaba,,,,ventral_nerve_cord,right,sensory
4161,720575941615336601,,,descending_neuron,,,,DNge060,DNge060,id:720575940630695798,,,intrinsic,,,putative_primary,DNxl107,id:13040,,,glutamate,,,,neck_connective,left,descending
4162,720575941615534489,,,descending_neuron,,,,DNp68,DNp68,id:720575940615378700,,,intrinsic,,,SMPpv2_dorsal,DNp68,id:14585,,,acetylcholine,,,,neck_connective,left,descending
4163,720575941616257177,,front_leg,campaniform_sensillum_neuron,proprioception,mechanical_strain,front_leg_campaniform_sensillum_neuron,SNxxxx,,,,,afferent,,,,SNxxxx,id:141641,left_prothoracic_leg_nerve,,gaba,,CS,campaniform_sensillum,ventral_nerve_cord,left,sensory
4164,720575941616284629,,,descending_neuron,,,,DNp17,DNp17,id:720575940633853559,,,intrinsic,,,PSp2,DNp17,id:27899,,,acetylcholine,,,,neck_connective,right,descending
4165,720575941616301977,,,descending_neuron,,,,DNg33,DNg33,id:720575940630244060,,,intrinsic,,,MX12__prim,DNg33,id:14847,,,gaba,,,,neck_connective,right,descending
4166,720575941616329685,,,,,,ventral_nerve_cord_ipsilateral_restricted,IN02A033,,,,,intrinsic,,,02A,IN02A033,id:29714,,,glutamate,glutamate,,,ventral_nerve_cord,right,ventral_nerve_cord_intrinsic
4167,720575941616403925,,,single_leg_neuromere,,,ventral_nerve_cord_ipsilateral_restricted,IN01B022,,,,,intrinsic,,,01B,IN01B022,id:22012,,,gaba,gaba,,,ventral_nerve_cord,left,ventral_nerve_cord_intrinsic
4168,720575941616410325,,,,,,ventral_nerve_cord_bilateral_interconnecting,IN11A007,,,,,intrinsic,,,11A,IN11A007,id:16076,,,acetylcholine,acetylcholine,,,ventral_nerve_cord,right,ventral_nerve_cord_intrinsic
4169,720575941616430549,,,single_leg_neuromere,,,ventral_nerve_cord_ipsilateral_restricted,IN01B027,,,,,intrinsic,,,01B,IN01B027,id:22380,,,gaba,gaba,,,ventral_nerve_cord,left,ventral_nerve_cord_intrinsic
4170,720575941616493013,,front_leg,,proprioception,vibro_tactile,,SNpp40,,,,,afferent,,,,SNpp40,id:155204,right_prothoracic_leg_nerve,,acetylcholine,acetylcholine,,chordotonal_organ,ventral_nerve_cord,right,sensory
4171,720575941616501205,,,ascending_neuron,,,,AN12B005,AN_9_None,id:720575940635221172,,,intrinsic,,,12B,AN12B005,id:10397,,,gaba,gaba,,,neck_connective,left,ascending
4172,720575941616532437,,,,proprioception,,ventral_nerve_cord_bilateral_restricted,IN19A065,,,,,intrinsic,,,19A,IN19A065,id:25114,,,gaba,gaba,,,ventral_nerve_cord,left,ventral_nerve_cord_intrinsic
4173,720575941616577493,,,,,,ventral_nerve_cord_ipsilateral_restricted,IN03A094,,,,,intrinsic,,,03A,IN03A094,id:24452,,,acetylcholine,acetylcholine,,,ventral_nerve_cord,left,ventral_nerve_cord_intrinsic
4174,720575941616580053,,,,,,ventral_nerve_cord_ipsilateral_restricted,IN04B066,,,,,intrinsic,,,04B,IN04B066,id:19475,,,acetylcholine,acetylcholine,,,ventral_nerve_cord,right,ventral_nerve_cord_intrinsic
4175,720575941616698837,,,single_leg_neuromere,,,ventral_nerve_cord_ipsilateral_restricted,IN01B010,,,,,intrinsic,,,01B,IN01B010,id:18173,,,gaba,gaba,,,ventral_nerve_cord,right,ventral_nerve_cord_intrinsic
4176,720575941616762837,,front_leg,bristle_neuron,tactile,,front_leg_bristle_neuron,SNta25,,,,,afferent,,,,SNta25,id:42614,left_prothoracic_leg_nerve,,gaba,,,bristle,ventral_nerve_cord,left,sensory
4177,720575941617170047,,,single_leg_neuromere,,,ventral_nerve_cord_bilateral_restricted,IN09A054,,,,,intrinsic,,,09A,,,,,gaba,gaba,,,ventral_nerve_cord,left,ventral_nerve_cord_intrinsic
4178,720575941617289855,,,,,,ventral_nerve_cord_ipsilateral_interconnecting,IN02A033,,,,,intrinsic,,,02A,IN02A033,id:21943,,,glutamate,glutamate,,,ventral_nerve_cord,left,ventral_nerve_cord_intrinsic
4179,720575941617470079,,,,,,ventral_nerve_cord_bilateral_interconnecting,IN21A046,,,,,intrinsic,,,21A,IN21A046,id:159278,,,glutamate,,,,ventral_nerve_cord,left,ventral_nerve_cord_intrinsic
4180,720575941617573589,,,single_leg_neuromere,,,ventral_nerve_cord_ipsilateral_restricted,IN21A047,,,,,intrinsic,,,21A,IN21A047,id:23374,,,glutamate,,,,ventral_nerve_cord,right,ventral_nerve_cord_intrinsic
4181,720575941617748476,,,single_leg_neuromere,,,ventral_nerve_cord_ipsilateral_restricted,IN19A004,,,,,intrinsic,,,19A,,,,,gaba,gaba,,,ventral_nerve_cord,left,ventral_nerve_cord_intrinsic
4182,720575941618366079,,,descending_neuron,,,,DNp31,DNp31,id:720575940628132745,,,intrinsic,DNp31,id:1006984280,putative_primary,DNp31,id:10436,,,acetylcholine,,,,neck_connective,right,descending
4183,720575941618370517,,,descending_neuron,,,,DNg50,DNg50,id:720575940620760692,,,intrinsic,,,putative_primary,,,,,acetylcholine,,,,neck_connective,right,descending
4184,720575941618500821,,,single_leg_neuromere,,,ventral_nerve_cord_ipsilateral_restricted,IN08A002,,,,,intrinsic,,,08A,IN08A002,id:10354,,,glutamate,glutamate,,,ventral_nerve_cord,right,ventral_nerve_cord_intrinsic
4185,720575941618564479,,front_leg,bristle_neuron,tactile,,front_leg_bristle_neuron,SNta40,,,,,afferent,,,,SNta40,id:45416,left_prothoracic_leg_nerve,,acetylcholine,,,bristle,ventral_nerve_cord,left,sensory
4186,720575941618655615,,,descending_neuron,,,,DNpe003,DNpe003,id:720575940612311987,,,intrinsic,,,putative_primary,DNxl075,id:163639,,,acetylcholine,,,,neck_connective,left,descending
4187,720575941618895231,,,descending_neuron,,,,DNb01,DNb01,id:720575940630758418,,,intrinsic,DNb01,id:1655997973,putative_primary,DNb01,id:12431,,,glutamate,glutamate,,,neck_connective,right,descending
4188,720575941619598463,,,,,,ventral_nerve_cord_bilateral_interconnecting,IN12B086,,,,,intrinsic,,,12B,IN12B086,id:27372,,,gaba,gaba,,,ventral_nerve_cord,right,ventral_nerve_cord_intrinsic
4189,720575941619735522,,front_leg,bristle_neuron,tactile,,front_leg_bristle_neuron,SNta43,,,,,afferent,,,,SNta43,id:154365,right_prothoracic_leg_nerve,,gaba,,,bristle,ventral_nerve_cord,right,sensory
4190,720575941619869823,,,,,,ventral_nerve_cord_ipsilateral_restricted,IN08A036,,,,,intrinsic,,,08A,IN08A036,id:21340,,,glutamate,glutamate,,,ventral_nerve_cord,left,ventral_nerve_cord_intrinsic
4191,720575941619873407,,,ascending_neuron,,,,ANXXX002,AN_GNG_19,id:720575940632126412,,,intrinsic,,,TBD,ANXXX002,id:10052,,,gaba,,,,neck_connective,right,ascending
4192,720575941619873663,,,ventral_nerve_cord_dorsal,,,ventral_nerve_cord_bilateral_interconnecting,IN12A015,,,,,intrinsic,,,12A,IN12A015,id:12644,,,acetylcholine,acetylcholine,,,ventral_nerve_cord,left,ventral_nerve_cord_intrinsic
4193,720575941619874175,,front_leg,bristle_neuron,tactile,,front_leg_bristle_neuron,SNta40,,,,,afferent,,,,SNta40,id:145166,right_prothoracic_leg_nerve,,acetylcholine,,,bristle,ventral_nerve_cord,,sensory
4194,720575941619878271,,,ventral_nerve_cord_serially_convergent,,,ventral_nerve_cord_bilateral_interconnecting,IN01A023,,,,,intrinsic,,,01A,IN01A023,id:12303,,,acetylcholine,acetylcholine,,,ventral_nerve_cord,left,ventral_nerve_cord_intrinsic
4195,720575941619883135,,,descending_neuron,,,,DNpe031,DNpe031,id:720575940622843530,,,intrinsic,,,putative_primary,DNxn187,id:13951,,,glutamate,,,,neck_connective,right,descending
4196,720575941619905151,,,,,,ventral_nerve_cord_bilateral_interconnecting,IN06B001,,,,,intrinsic,,,06B,IN06B001,id:10053,,,gaba,gaba,,,ventral_nerve_cord,left,ventral_nerve_cord_intrinsic
4197,720575941620273535,,,descending_neuron,,,,DNd03,DNd03,id:720575940627482114,,,intrinsic,,,putative_primary,DNd03,id:10410,,,glutamate,glutamate,,,neck_connective,left,descending
4198,720575941621265535,,,ascending_neuron,,,,AN05B049,AN_GNG_69,id:720575940636981070,,,intrinsic,,,05B,AN05B049,id:17365,,,gaba,gaba,,,neck_connective,left,ascending
4199,720575941621634044,,,,,,ventral_nerve_cord_ipsilateral_restricted,IN19A084,,,,,intrinsic,,,19A,,,,,gaba,gaba,,,ventral_nerve_cord,right,ventral_nerve_cord_intrinsic
4200,720575941621725692,,,single_leg_neuromere,proprioception,,ventral_nerve_cord_contralateral_restricted,IN14A017,,,,,intrinsic,,,14A,IN14A017,id:27260,,,glutamate,,,,ventral_nerve_cord,right,ventral_nerve_cord_intrinsic
4201,720575941621725948,front_leg,,leg_motor_neuron,leg_motor,extend_tibia_tarsus_joint,front_leg_motor_neuron,tarsus_depressor_dipalpha_ventralU,,,,id:187,efferent,,,15B,Ta depressor MN,id:21749,left_prothoracic_leg_nerve,,,glutamate,,tarsus_depressor_muscle,ventral_nerve_cord,left,motor
4202,720575941621730300,,,,,,ventral_nerve_cord_ipsilateral_restricted,IN04B091,,,,,intrinsic,,,04B,IN04B091,id:22163,,,acetylcholine,acetylcholine,,,ventral_nerve_cord,left,ventral_nerve_cord_intrinsic
4203,720575941622226428,,,single_leg_neuromere,,,ventral_nerve_cord_ipsilateral_restricted,IN21A037,,,,,intrinsic,,,21A,IN21A037,id:17293,,,glutamate,,,,ventral_nerve_cord,left,ventral_nerve_cord_intrinsic
4204,720575941622228732,,,single_leg_neuromere,,,ventral_nerve_cord_contralateral_restricted,IN12B041,,,,,intrinsic,,,12B,IN12B041,id:22931,,,gaba,gaba,,,ventral_nerve_cord,right,ventral_nerve_cord_intrinsic
4205,720575941623015788,neck,,ventral_nerve_cord_neurosecretory_cell,,,neck_neurosecretory_cell,VUM,,,,,efferent,,,,,,"left_cervical_nerve,right_cervical_nerve",,acetylcholine,,,,ventral_nerve_cord,left,visceral_circulatory
4206,720575941623051978,,,,,,ventral_nerve_cord_bilateral_restricted,IN12B047,,,,,intrinsic,,,12B,IN12B047,id:21659,,,gaba,gaba,,,ventral_nerve_cord,right,ventral_nerve_cord_intrinsic
4207,720575941623060938,,,single_leg_neuromere,,,ventral_nerve_cord_contralateral_restricted,IN13B036,,,,,intrinsic,,,13B,,,,,gaba,gaba,,,ventral_nerve_cord,right,ventral_nerve_cord_intrinsic
4208,720575941623078602,,,,,,ventral_nerve_cord_ipsilateral_restricted,IN08A036,,,,,intrinsic,,,08A,IN08A036,id:18835,,,glutamate,glutamate,,,ventral_nerve_cord,right,ventral_nerve_cord_intrinsic
4209,720575941623100618,,,,,,ventral_nerve_cord_ipsilateral_restricted,IN03A065,,,,,intrinsic,,,03A,IN03A065,id:18398,,,acetylcholine,acetylcholine,,,ventral_nerve_cord,left,ventral_nerve_cord_intrinsic
4210,720575941623130314,,,,,,ventral_nerve_cord_bilateral_interconnecting,IN14B004,,,,,intrinsic,,,14B,,,,,glutamate,,,,ventral_nerve_cord,right,ventral_nerve_cord_intrinsic
4211,720575941623146186,,,single_leg_neuromere,,,ventral_nerve_cord_ipsilateral_restricted,IN09A002,,,,,intrinsic,,,09A,IN09A002,id:10445,,,gaba,gaba,,,ventral_nerve_cord,right,ventral_nerve_cord_intrinsic
4212,720575941623147978,front_leg,,leg_motor_neuron,leg_motor,flex_coxa_trochanter_joint,front_leg_motor_neuron,accessory_trochanter_flexor,,,,,efferent,,,TBD,Acc. tr flexor MN,id:16400,right_prothoracic_leg_nerve,,,,,accessory_trochanter_flexor_muscle,ventral_nerve_cord,right,motor
4213,720575941623154634,,,,,,ventral_nerve_cord_ipsilateral_restricted,IN20A.22A067,,,,,intrinsic,,,20A.22A,,,,,acetylcholine,acetylcholine,,,ventral_nerve_cord,right,ventral_nerve_cord_intrinsic
4214,720575941623162108,,,ascending_neuron,,,,AN08B022,AN_VES_GNG_7,id:720575940616833669,,,intrinsic,,,08B,AN08B022,id:16086,,,acetylcholine,acetylcholine,,,neck_connective,left,ascending
4215,720575941623218172,front_leg,,leg_motor_neuron,leg_motor,flex_femur_tibia_joint,front_leg_motor_neuron,tibia_flexor_Fast,,,,,efferent,,,15B,Ti flexor MN,id:13283,right_prothoracic_leg_nerve,,gaba,glutamate,,tibia_flexor_muscle,ventral_nerve_cord,right,motor
4216,720575941623301628,,,ventral_nerve_cord_centripetal,,,ventral_nerve_cord_bilateral_interconnecting,IN23B013,,,,,intrinsic,,,23B,IN23B013,id:15254,,,acetylcholine,acetylcholine,,,ventral_nerve_cord,right,ventral_nerve_cord_intrinsic
4217,720575941623362186,,,,,,ventral_nerve_cord_contralateral_restricted,IN12B065,,,,,intrinsic,,,12B,IN12B065,id:163357,,,gaba,gaba,,,ventral_nerve_cord,left,ventral_nerve_cord_intrinsic
4218,720575941623385755,,,,,,ventral_nerve_cord_ipsilateral_restricted,IN13A060,,,,,intrinsic,,,13A,IN13A060,id:16680,,,gaba,gaba,,,ventral_nerve_cord,right,ventral_nerve_cord_intrinsic
4219,720575941623388827,,,,,,ventral_nerve_cord_ipsilateral_restricted,IN19A112,,,,,intrinsic,,,19A,,,,,gaba,gaba,,,ventral_nerve_cord,right,ventral_nerve_cord_intrinsic
4220,720575941623392108,,,ventral_nerve_cord_serially_convergent,,,ventral_nerve_cord_bilateral_interconnecting,IN18B005,,,,,intrinsic,,,18B,IN18B005,id:10454,,,acetylcholine,acetylcholine,,,ventral_nerve_cord,right,ventral_nerve_cord_intrinsic
4221,720575941623407050,,,descending_neuron,,,,DNg09,DNg09,id:720575940626877639,,,intrinsic,,,LB7,DNxn144,id:44145,,,acetylcholine,acetylcholine,,,neck_connective,right,descending
4222,720575941623407212,,,,,,ventral_nerve_cord_ipsilateral_restricted,IN20A.22A052,,,,,intrinsic,,,20A.22A,IN20A.22A052,id:22757,,,acetylcholine,acetylcholine,,,ventral_nerve_cord,left,ventral_nerve_cord_intrinsic
4223,720575941623441290,,,,,,ventral_nerve_cord_bilateral_interconnecting,IN12A019,,,,,intrinsic,,,12A,,,,,acetylcholine,acetylcholine,,,ventral_nerve_cord,right,ventral_nerve_cord_intrinsic
4224,720575941623446154,,,,,,ventral_nerve_cord_bilateral_interconnecting,IN08B037,,,,,intrinsic,,,08B,IN08B037,id:16603,,,acetylcholine,acetylcholine,,,ventral_nerve_cord,left,ventral_nerve_cord_intrinsic
4225,720575941623457162,,,single_leg_neuromere,,,ventral_nerve_cord_ipsilateral_restricted,IN03B035,,,,,intrinsic,,,03B,,,,,gaba,,,,ventral_nerve_cord,right,ventral_nerve_cord_intrinsic
4226,720575941623634122,,,descending_neuron,,,,DNg02_a,DNg02_a,id:720575940632573887,,,intrinsic,,,,,,,,acetylcholine,,,,neck_connective,right,descending
4227,720575941623970971,,,single_leg_neuromere,,,ventral_nerve_cord_ipsilateral_restricted,IN20A.22A041,,,,,intrinsic,,,20A.22A,IN20A.22A041,id:23528,,,acetylcholine,acetylcholine,,,ventral_nerve_cord,left,ventral_nerve_cord_intrinsic
4228,720575941623972251,,,,,,ventral_nerve_cord_bilateral_interconnecting,IN18B032,,,,,intrinsic,,,18B,,,,,acetylcholine,,,,ventral_nerve_cord,right,ventral_nerve_cord_intrinsic
4229,720575941624090732,,,single_leg_neuromere,,,ventral_nerve_cord_contralateral_restricted,IN01A067,,,,,intrinsic,,,01A,,,,,acetylcholine,acetylcholine,,,ventral_nerve_cord,left,ventral_nerve_cord_intrinsic
4230,720575941624179708,,,,,,ventral_nerve_cord_ipsilateral_restricted,IN20A.22A071,,,,,intrinsic,,,20A.22A,IN20A.22A071,id:25938,,,acetylcholine,acetylcholine,,,ventral_nerve_cord,left,ventral_nerve_cord_intrinsic
4231,720575941624207868,,,,,,ventral_nerve_cord_bilateral_interconnecting,vPR9,,,,,intrinsic,,,00A,,,,,gaba,gaba,,,ventral_nerve_cord,right,ventral_nerve_cord_intrinsic
4232,720575941624257532,,,descending_neuron,,,,DNp41,DNp41,id:720575940633953434,,,intrinsic,,,putative_primary,DNp41,id:17630,,,acetylcholine,,,,neck_connective,right,descending
4233,720575941624328444,,,ascending_neuron,,,,AN12B004,AN_AVLP_52,id:720575940627022824,,,intrinsic,,,12B,AN12B004,id:21410,,,gaba,gaba,,,neck_connective,right,ascending
4234,720575941624437756,,,descending_neuron,,,,DNpe016,DNpe016,id:720575940623556755,,,intrinsic,,,PSp2,DNxn174,id:15499,,,acetylcholine,,,,neck_connective,left,descending
4235,720575941624450506,,,single_leg_neuromere,,,ventral_nerve_cord_ipsilateral_restricted,IN16B016,,,,,intrinsic,,,16B,IN16B016,id:10854,,,glutamate,glutamate,,,ventral_nerve_cord,left,ventral_nerve_cord_intrinsic
4236,720575941624479178,,front_leg,taste_peg_neuron,gustatory_tactile,,front_leg_taste_peg_neuron,SNch10,,,,,afferent,,,,SNch10,id:175399,left_ventral_prothoracic_nerve,,acetylcholine,,,taste_peg,ventral_nerve_cord,left,sensory
4237,720575941624536828,,,descending_neuron,,,,SA_DMT_DMetaN_6,DNp16,id:720575940615219417,,,intrinsic,,,,DNut042,id:32431,,,acetylcholine,,,,neck_connective,left,descending
4238,720575941624572042,,,descending_neuron,,,,DNg61,DNg61,id:720575940617031385,,,intrinsic,,,putative_primary,DNfl017,id:32504,,,acetylcholine,,,,neck_connective,right,descending
4239,720575941624613116,,"front_leg,trochanter",hair_plate_neuron,proprioception,joint_angle,front_leg_hair_plate_neuron,,,,,id:1364,afferent,,,,,,left_prothoracic_leg_nerve,,gaba,,,hair_plate,ventral_nerve_cord,left,sensory
4240,720575941624749706,,haltere,campaniform_sensillum_neuron,proprioception,mechanical_strain,haltere_campaniform_sensillum_neuron,SApp06,AN_4_None,id:720575940624211202,,,afferent,,,,SApp06,id:14619,right_dorsal_metathoracic_nerve,,acetylcholine,,,campaniform_sensillum,neck_connective,right,sensory_ascending
4241,720575941624816124,,,descending_neuron,,,,DNg08_a,DNg08_a,id:720575940608076739,,,intrinsic,,,MX3,DNg08,id:25283,,,gaba,,,,neck_connective,left,descending
4242,720575941624817148,,front_leg,bristle_neuron,tactile,,front_leg_bristle_neuron,SNta20,,,,,afferent,,,,SNta20,id:47332,left_prothoracic_leg_nerve,,acetylcholine,,,bristle,ventral_nerve_cord,left,sensory
4243,720575941624830972,,front_leg,hair_plate_neuron,proprioception,joint_angle,front_leg_hair_plate_neuron,SNpp52,,,,,afferent,,,,SNpp52,id:21695,right_prothoracic_leg_nerve,,gaba,,,hair_plate,ventral_nerve_cord,right,sensory
4244,720575941624831228,,,descending_neuron,,,,DNg17,DNg17,id:720575940613535554,,,intrinsic,,,putative_primary,DNg17,id:14903,,,acetylcholine,,,,neck_connective,left,descending
4245,720575941624839882,,,,,,ventral_nerve_cord_bilateral_restricted,IN01A052,,,,,intrinsic,,,01A,IN01A052,id:16988,,,acetylcholine,acetylcholine,,,ventral_nerve_cord,left,ventral_nerve_cord_intrinsic
4246,720575941624840906,,,single_leg_neuromere,,,ventral_nerve_cord_ipsilateral_restricted,IN20A.22A055,,,,,intrinsic,,,20A.22A,IN20A.22A055,id:153484,,,acetylcholine,acetylcholine,,,ventral_nerve_cord,left,ventral_nerve_cord_intrinsic
4247,720575941624859338,,,,tactile,,ventral_nerve_cord_ipsilateral_restricted,IN08A041,,,,,intrinsic,,,08A,IN08A041,id:27219,,,glutamate,glutamate,,,ventral_nerve_cord,right,ventral_nerve_cord_intrinsic
4248,720575941624869019,,,single_leg_neuromere,,,ventral_nerve_cord_ipsilateral_restricted,IN21A047,,,,,intrinsic,,,21A,IN21A047,id:18550,,,glutamate,,,,ventral_nerve_cord,left,ventral_nerve_cord_intrinsic
4249,720575941624891274,,front_leg,bristle_neuron,tactile,,front_leg_bristle_neuron,SNta29,,,,,afferent,,,,SNta29,id:34041,right_prothoracic_leg_nerve,,acetylcholine,,,bristle,ventral_nerve_cord,right,sensory
4250,720575941624915402,,,single_leg_neuromere,,,ventral_nerve_cord_ipsilateral_restricted,IN21A013,,,,,intrinsic,,,21A,IN21A013,id:11011,,,glutamate,,,,ventral_nerve_cord,left,ventral_nerve_cord_intrinsic
4251,720575941624924315,,,,,,ventral_nerve_cord_ipsilateral_restricted,IN20A.22A025,,,,,intrinsic,,,20A.22A,IN20A.22A025,id:24369,,,acetylcholine,acetylcholine,,,ventral_nerve_cord,left,ventral_nerve_cord_intrinsic
4252,720575941624941258,,,single_leg_neuromere,,,ventral_nerve_cord_ipsilateral_restricted,IN21A037,,,,,intrinsic,,,21A,IN21A037,id:42500644073,,,glutamate,,,,ventral_nerve_cord,left,ventral_nerve_cord_intrinsic
4253,720575941624977098,,front_leg,bristle_neuron,tactile,,front_leg_bristle_neuron,SNta32,,,,,afferent,,,,SNta32,id:34536,left_prothoracic_leg_nerve,,acetylcholine,,,bristle,ventral_nerve_cord,left,sensory
4254,720575941624982218,,,,,,ventral_nerve_cord_bilateral_restricted,IN12B035,,,,,intrinsic,,,12B,IN12B035,id:22704,,,gaba,gaba,,,ventral_nerve_cord,right,ventral_nerve_cord_intrinsic
4255,720575941625038332,,,ascending_neuron,,,,AN09B026,,,,,intrinsic,,,09B,AN09B026,id:13882,,,acetylcholine,,,,neck_connective,right,ascending
4256,720575941625042940,,,descending_neuron,,,,DNp12,DNp12,id:720575940621804159,,,intrinsic,,,putative_primary,DNp12,id:11437,,,acetylcholine,,,,neck_connective,left,descending
4257,720575941625078268,,,,,,ventral_nerve_cord_bilateral_interconnecting,IN23B022,,,,,intrinsic,,,23B,IN23B022,id:17730,,,acetylcholine,acetylcholine,,,ventral_nerve_cord,right,ventral_nerve_cord_intrinsic
4258,720575941625102332,,,,,,ventral_nerve_cord_bilateral_interconnecting,IN08B054,,,,,intrinsic,,,08B,IN08B054,id:17773,,,acetylcholine,acetylcholine,,,ventral_nerve_cord,right,ventral_nerve_cord_intrinsic
4259,720575941625164955,,,ascending_neuron,,,,AN06B005,AN_9_None,id:720575940635221172,,,intrinsic,,,06B,AN06B005,id:10857,,,gaba,gaba,,,neck_connective,left,ascending
4260,720575941625168010,,,ventral_nerve_cord_serially_convergent,,,ventral_nerve_cord_bilateral_interconnecting,IN07B012,,,,,intrinsic,,,07B,IN07B012,id:11278,,,acetylcholine,acetylcholine,,,ventral_nerve_cord,right,ventral_nerve_cord_intrinsic
4261,720575941625296266,,front_leg,bristle_neuron,tactile,,front_leg_bristle_neuron,SNta29,,,,,afferent,,,,SNta29,id:35492,left_prothoracic_leg_nerve,,acetylcholine,,,bristle,ventral_nerve_cord,left,sensory
4262,720575941625342777,,,,,,ventral_nerve_cord_ipsilateral_restricted,IN08A034,,,,,intrinsic,,,08A,IN08A034,id:24382,,,glutamate,glutamate,,,ventral_nerve_cord,left,ventral_nerve_cord_intrinsic
4263,720575941625387065,,,,tactile,,ventral_nerve_cord_bilateral_restricted,IN23B027,,,,,intrinsic,,,23B,IN23B027,id:21309,,,acetylcholine,acetylcholine,,,ventral_nerve_cord,left,ventral_nerve_cord_intrinsic
4264,720575941625411210,,front_leg,chordotonal_organ_neuron,proprioception,position,front_leg_claw_chordotonal_organ_neuron,SNpp51,,,,,afferent,,,,SNpp51,id:205335,right_prothoracic_leg_nerve,,gaba,acetylcholine,claw,chordotonal_organ,ventral_nerve_cord,right,sensory
4265,720575941625794186,,,descending_neuron,,,,DNae008,DNae008,id:720575940625094325,,,intrinsic,,,WEDd1,DNxl056,id:16911,,,acetylcholine,,,,neck_connective,left,descending
4266,720575941625808330,front_leg,,leg_motor_neuron,leg_motor,move_coxa_posterior,front_leg_motor_neuron,sternal_posterior_rotator,,,,,efferent,,,20B.21B.22B,Sternal posterior rotator MN,id:163719,left_prothoracic_accessory_nerve,,acetylcholine,,,sternal_posterior_rotator_muscle,ventral_nerve_cord,right,motor
4267,720575941625871562,,,,,,ventral_nerve_cord_ipsilateral_restricted,IN20A.22A017,,,,,intrinsic,,,20A.22A,IN20A.22A017,id:22274,,,acetylcholine,acetylcholine,,,ventral_nerve_cord,right,ventral_nerve_cord_intrinsic
4268,720575941625885386,,,,,,ventral_nerve_cord_bilateral_interconnecting,IN07B012,,,,,intrinsic,,,07B,IN07B012,id:11172,,,acetylcholine,acetylcholine,,,ventral_nerve_cord,right,ventral_nerve_cord_intrinsic
4269,720575941625896091,,,single_leg_neuromere,,,ventral_nerve_cord_ipsilateral_restricted,IN19A001,,,,,intrinsic,,,19A,IN19A001,id:10196,,,gaba,gaba,,,ventral_nerve_cord,left,ventral_nerve_cord_intrinsic
4270,720575941625957019,,,,,,ventral_nerve_cord_ipsilateral_restricted,IN04B081,,,,,intrinsic,,,04B,IN04B081,id:24181,,,acetylcholine,acetylcholine,,,ventral_nerve_cord,left,ventral_nerve_cord_intrinsic
4271,720575941625993371,,,descending_neuron,,,,DNg06,DNg06,id:720575940633543531,,,intrinsic,,,LB12,DNg06,id:31006,,,acetylcholine,,,,neck_connective,left,descending
4272,720575941626007195,,,descending_neuron,,,,DNge116,DNge116,id:720575940602534112,,,intrinsic,,,LB7,DNxn109,id:45214,,,acetylcholine,,,,neck_connective,right,descending
4273,720575941626032074,,,descending_neuron,,,,DNg95,DNg95,id:720575940625887207,,,intrinsic,,,MX12,DNg95,id:15131,,,acetylcholine,,,,neck_connective,right,descending
4274,720575941626056556,,,descending_neuron,,,,DNge122,DNge122,id:720575940647031860,,,intrinsic,,,MX3,DNxn166,id:12206,,,gaba,,,,neck_connective,right,descending
4275,720575941626065772,,,,,,ventral_nerve_cord_bilateral_interconnecting,IN04B002,,,,,intrinsic,,,04B,IN04B002,id:11143,,,acetylcholine,acetylcholine,,,ventral_nerve_cord,left,ventral_nerve_cord_intrinsic
4276,720575941626175643,,,descending_neuron,,,,DNg16,DNg16,id:720575940641480949,,,intrinsic,,,putative_primary,DNg16,id:10255,,,acetylcholine,,,,neck_connective,right,descending
4277,720575941626193563,,,descending_neuron,,,,DNg08_b,DNg08_b,id:720575940632458514,,,intrinsic,,,MX3,DNit003,id:46595,,,gaba,,,,neck_connective,left,descending
4278,720575941626222218,,,descending_neuron,,,,DNp16,DNp16,id:720575940605041330,,,intrinsic,,,,DNnt021,id:53170881453,,,acetylcholine,,,,neck_connective,right,descending
4279,720575941626256266,,,descending_neuron,,,,DNge131,DNge131,id:720575940621107847,,,intrinsic,,,MX3,DNxl115,id:12619,,,gaba,,,,neck_connective,right,descending
4280,720575941626264202,,,,,,ventral_nerve_cord_ipsilateral_restricted,IN01B019,,,,,intrinsic,,,01B,IN01B019,id:22108,,,gaba,gaba,,,ventral_nerve_cord,left,ventral_nerve_cord_intrinsic
4281,720575941626271626,,,,,,ventral_nerve_cord_bilateral_interconnecting,IN27X005,,,,,intrinsic,,,27X,IN27X005,id:10989,,,gaba,,,,ventral_nerve_cord,right,ventral_nerve_cord_intrinsic
4282,720575941626272650,,,ascending_neuron,,,,AN19B001,AN_GNG_3,id:720575940631769058,,,intrinsic,,,19B,AN19B001,id:10112,,,acetylcholine,acetylcholine,,,neck_connective,right,ascending
4283,720575941626274698,,front_leg,chordotonal_organ_neuron,proprioception,direction,front_leg_hook_chordotonal_organ_neuron,SNpp39,,,,id:1289,afferent,,,,SNpp39,id:87726,left_prothoracic_leg_nerve,,gaba,acetylcholine,,chordotonal_organ,ventral_nerve_cord,left,sensory
4284,720575941626275466,,,,,,ventral_nerve_cord_contralateral_restricted,IN13B055,,,,,intrinsic,,,13B,IN13B055,id:20803,,,gaba,gaba,,,ventral_nerve_cord,left,ventral_nerve_cord_intrinsic
4285,720575941626282634,,,descending_neuron,,,,DNge034,DNge034,id:720575940627419676,,,intrinsic,,,MX12__prim,DNxl072,id:24959,,,glutamate,,,,neck_connective,right,descending
4286,720575941626299530,,,descending_neuron,,,,DNg10,DNg10,id:720575940627303699,,,intrinsic,,,LB6,DNg10,id:42609,,,gaba,,,,neck_connective,right,descending
4287,720575941626302858,,,descending_neuron,,,,DNg12_e,DNg12_e,id:720575940627814522,,,intrinsic,,,MX12,DNg12,id:28478,,,acetylcholine,,MX12_L_18,,neck_connective,left,descending
4288,720575941626337162,,,descending_neuron,,,,DNg103,DNg103,id:720575940606866377,,,intrinsic,,,putative_primary,DNg103,id:15186,,,gaba,,,,neck_connective,right,descending
4289,720575941626435483,,,ascending_neuron,,,,AN05B049,AN_GNG_62,id:720575940628692055,,,intrinsic,,,05B,AN05B049,id:15563,,,gaba,gaba,,,neck_connective,right,ascending
4290,720575941626500746,,,descending_neuron,,,,DNg100,DNg100,id:720575940640978048,,,intrinsic,,,putative_primary,DNg100,id:10339,,,acetylcholine,,BDN2,,neck_connective,left,descending
4291,720575941626522762,,,ascending_neuron,,,,AN01B004,AN_GNG_162,id:720575940629023870,,,intrinsic,,,01B,AN01B004,id:12940,,,acetylcholine,,,,neck_connective,right,ascending
4292,720575941626534090,,,ascending_neuron,,,,AN06B002,AN_GNG_178,id:720575940641781152,,,intrinsic,,,06B,AN06B002,id:11023,,,gaba,gaba,,,neck_connective,right,ascending
4293,720575941626611513,,,,,,ventral_nerve_cord_ipsilateral_restricted,IN03A094,,,,,intrinsic,,,03A,IN03A094,id:21955,,,acetylcholine,acetylcholine,,,ventral_nerve_cord,right,ventral_nerve_cord_intrinsic
4294,720575941626613817,,front_leg,,,,putative_front_leg_hair_plate_neuron,SNppxx,,,CoHP3,id:1911,afferent,,,,SNppxx,id:68749,right_prothoracic_leg_nerve,,gaba,,,,ventral_nerve_cord,right,sensory
4295,720575941626654410,front_leg,,leg_motor_neuron,leg_motor,extend_tibia_tarsus_joint,front_leg_motor_neuron,tarsus_depressor_A,,,,,efferent,,,,,,right_prothoracic_leg_nerve,,,,Acc./ti/flexor/MN,tarsus_depressor_muscle,ventral_nerve_cord,right,motor
4296,720575941626745452,,,descending_neuron,,,,DNpe046,DNpe046,id:720575940632646114,,,intrinsic,,,SMPpv1,oviDN,id:15827,,,gaba,,oviDNv,,neck_connective,left,descending
4297,720575941626801190,,,,,,ventral_nerve_cord_ipsilateral_restricted,IN08A030,,,,,intrinsic,,,08A,IN08A030,id:23982,,,glutamate,glutamate,,,ventral_nerve_cord,right,ventral_nerve_cord_intrinsic
4298,720575941626863654,,,,,,ventral_nerve_cord_ipsilateral_restricted,IN13A047,,,,,intrinsic,,,13A,IN13A047,id:22393,,,gaba,gaba,,,ventral_nerve_cord,right,ventral_nerve_cord_intrinsic
4299,720575941626911882,,,,,,ventral_nerve_cord_ipsilateral_restricted,IN03A072,,,,,intrinsic,,,03A,IN03A072,id:18126,,,acetylcholine,acetylcholine,,,ventral_nerve_cord,left,ventral_nerve_cord_intrinsic
4300,720575941626959771,,,descending_neuron,,,,DNpe026,DNpe026,id:720575940625184782,,,intrinsic,,,putative_primary,DNxn155,id:17526,,,acetylcholine,,,,neck_connective,left,descending
4301,720575941626967865,,,descending_neuron,,,,DNge091,DNge091,id:720575940621071495,,,intrinsic,,,LB7,DNg07,id:23849,,,acetylcholine,,,,neck_connective,right,descending
4302,720575941626973990,,,single_leg_neuromere,,,ventral_nerve_cord_ipsilateral_restricted,IN03A081,,,,,intrinsic,,,03A,IN03A081,id:18665,,,acetylcholine,acetylcholine,,,ventral_nerve_cord,left,ventral_nerve_cord_intrinsic
4303,720575941626978715,,,descending_neuron,,,,DNg33,DNg33,id:720575940618666142,,,intrinsic,,,MX12__prim,DNg33,id:15909,,,gaba,,,,neck_connective,left,descending
4304,720575941627042506,,,,,,ventral_nerve_cord_contralateral_restricted,IN14A066,,,,,intrinsic,,,14A,IN14A066,id:26409,,,glutamate,,,,ventral_nerve_cord,left,ventral_nerve_cord_intrinsic
4305,720575941627095353,,,single_leg_neuromere,,,ventral_nerve_cord_ipsilateral_restricted,IN21A014,,,,,intrinsic,,,21A,IN21A014,id:12194,,,glutamate,,,,ventral_nerve_cord,right,ventral_nerve_cord_intrinsic
4306,720575941627117676,,,descending_neuron,,,,DNge127,DNge127,id:720575940621399174,,,intrinsic,,,MD3,DNp39,id:21916,,,gaba,,,,neck_connective,left,descending
4307,720575941627155238,front_leg,,leg_motor_neuron,leg_motor,flex_femur_tibia_joint,front_leg_motor_neuron,accessory_tibia_flexor_B,,,,,efferent,,,15B,Acc. ti flexor MN,id:13397,left_prothoracic_leg_nerve,,,glutamate,,accessory_tibia_flexor_muscle,ventral_nerve_cord,left,motor
4308,720575941627244396,,,ascending_neuron,,,,AN23B001,,id:720575940624810270,,,intrinsic,,,23B,AN23B001,id:10882,,,acetylcholine,acetylcholine,,,neck_connective,left,ascending
4309,720575941627463306,,,,,,ventral_nerve_cord_bilateral_restricted,INXXX036,,,,,intrinsic,,,TBD,INXXX036,id:11031,,,acetylcholine,,,,ventral_nerve_cord,right,ventral_nerve_cord_intrinsic
4310,720575941627484454,,,descending_neuron,,,,DNge145,DNge145,id:720575940636898270,,,intrinsic,,,LB7,DNxn116,id:31170,,,acetylcholine,,,,neck_connective,left,descending
4311,720575941627576377,,,descending_neuron,,,,DNge085,DNge085,id:720575940628487153,,,intrinsic,,,LB6,DNnt011,id:34390,,,gaba,,,,neck_connective,right,descending
4312,720575941627973433,,,ventral_nerve_cord_serially_convergent,,,ventral_nerve_cord_bilateral_interconnecting,IN04A002,,,,,intrinsic,,,04A,IN04A002,id:16973,,,acetylcholine,,,,ventral_nerve_cord,left,ventral_nerve_cord_intrinsic
4313,720575941627999033,,,,,,ventral_nerve_cord_bilateral_restricted,IN03A051,,,,,intrinsic,,,03A,IN03A051,id:18841,,,acetylcholine,acetylcholine,,,ventral_nerve_cord,right,ventral_nerve_cord_intrinsic
4314,720575941628153913,,,descending_neuron,,,,DNge140,DNge140,id:720575940614759149,,,intrinsic,,,MX3,DNxn185,id:15613,,,acetylcholine,,,,neck_connective,left,descending
4315,720575941628167225,,,descending_neuron,,,,DNg02_b,DNg02_b,id:720575940613793170,,,intrinsic,,,LB12,DNg03,id:28303,,,acetylcholine,acetylcholine,,,neck_connective,left,descending
4316,720575941628231138,,,descending_neuron,,,,DNg52,DNg52,id:720575940628881576,,,intrinsic,,,MX3,DNg52,id:28176,,,gaba,,,,neck_connective,right,descending
4317,720575941628237625,,,descending_neuron,,,,DNge040,DNge040,id:720575940606607234,,,intrinsic,,,MD3,DNxl111,id:12735,,,glutamate,,,,neck_connective,right,descending
4318,720575941628262969,,,descending_neuron,,,,DNge096,DNge096,id:720575940632412333,,,intrinsic,,,MD3,DNit008,id:30043,,,gaba,,,,neck_connective,right,descending
4319,720575941628282918,,,single_leg_neuromere,proprioception,,ventral_nerve_cord_ipsilateral_restricted,IN01B016,,,,,intrinsic,,,01B,IN01B016,id:19593,,,gaba,gaba,,,ventral_nerve_cord,right,ventral_nerve_cord_intrinsic
4320,720575941628349990,,,descending_neuron,,,,DNge029,DNge029,id:720575940619077755,,,intrinsic,,,MX12__prim,DNfl044,id:29261,,,glutamate,,,,neck_connective,right,descending
4321,720575941628366649,,front_leg,hair_plate_neuron,proprioception,joint_angle,front_leg_hair_plate_neuron,SNpp45,,,,,afferent,,,,SNpp45,id:172221,right_prothoracic_leg_nerve,,gaba,,,hair_plate,ventral_nerve_cord,right,sensory
4322,720575941628471010,,,ventral_nerve_cord_dorsal,,,ventral_nerve_cord_bilateral_interconnecting,IN02A023,,,,,intrinsic,,,02A,IN02A023,id:171416,,,glutamate,glutamate,,,ventral_nerve_cord,right,ventral_nerve_cord_intrinsic
4323,720575941628501218,,,,proprioception,,ventral_nerve_cord_bilateral_restricted,IN19A107,,,,,intrinsic,,,19A,IN19A107,id:42680,,,gaba,gaba,,,ventral_nerve_cord,left,ventral_nerve_cord_intrinsic
4324,720575941628603942,,,,,,ventral_nerve_cord_contralateral_restricted,IN13B081,,,,,intrinsic,,,13B,IN13B081,id:25125,,,gaba,gaba,,,ventral_nerve_cord,right,ventral_nerve_cord_intrinsic
4325,720575941628622118,,,,,,ventral_nerve_cord_ipsilateral_restricted,IN20A.22A053,,,,,intrinsic,,,20A.22A,IN20A.22A053,id:26398,,,acetylcholine,acetylcholine,,,ventral_nerve_cord,right,ventral_nerve_cord_intrinsic
4326,720575941628626146,,,,,,ventral_nerve_cord_ipsilateral_restricted,IN13A063,,,,,intrinsic,,,13A,,,,,gaba,gaba,,,ventral_nerve_cord,left,ventral_nerve_cord_intrinsic
4327,720575941628661542,,,ascending_neuron,,,,AN08B059,AN_GNG_184,id:720575940628599803,,,intrinsic,,,08B,AN08B059,id:15088,,,acetylcholine,acetylcholine,,,neck_connective,right,ascending
4328,720575941628867042,,,descending_neuron,,,,DNg04,DNg04,id:720575940621325034,,,intrinsic,,,LB12,DNg04,id:14340,,,acetylcholine,,,,neck_connective,right,descending
4329,720575941628873254,,,,,,,CV1022,,,,,afferent,,,,,,left_prothoracic_leg_nerve,,,,,,ventral_nerve_cord,left,sensory
4330,720575941629078329,,,,,,ventral_nerve_cord_ipsilateral_interconnecting,IN04B001,,,,,intrinsic,,,04B,IN04B001,id:10414,,,acetylcholine,acetylcholine,,,ventral_nerve_cord,right,ventral_nerve_cord_intrinsic
4331,720575941629348844,,,,,,ventral_nerve_cord_bilateral_interconnecting,GFC3,,,,,intrinsic,,,11A,GFC3,id:24412,,,acetylcholine,acetylcholine,,,ventral_nerve_cord,right,ventral_nerve_cord_intrinsic
4332,720575941629386732,,,descending_neuron,,,,DNg12_a,DNg12_a,id:720575940642926702,,,intrinsic,,,MX12,DNnt007,id:34184,,,acetylcholine,,MX12_L_41,,neck_connective,left,descending
4333,720575941629416428,,,single_leg_neuromere,,,ventral_nerve_cord_ipsilateral_restricted,IN13A001,,,,,intrinsic,,,13A,IN13A001,id:10235,,,gaba,gaba,,,ventral_nerve_cord,right,ventral_nerve_cord_intrinsic
4334,720575941629416684,,,,,,ventral_nerve_cord_ipsilateral_restricted,IN16B121,,,,,intrinsic,,,16B,IN16B121,id:154478,,,glutamate,glutamate,,,ventral_nerve_cord,right,ventral_nerve_cord_intrinsic
4335,720575941629419756,,,single_leg_neuromere,,,ventral_nerve_cord_ipsilateral_restricted,IN03A067,,,,,intrinsic,,,03A,IN03A067,id:19235,,,acetylcholine,acetylcholine,,,ventral_nerve_cord,right,ventral_nerve_cord_intrinsic
4336,720575941629421292,,,single_leg_neuromere,,,ventral_nerve_cord_contralateral_restricted,IN12B033,,,,,intrinsic,,,12B,IN12B033,id:19154,,,gaba,gaba,,,ventral_nerve_cord,left,ventral_nerve_cord_intrinsic
4337,720575941629422572,,,single_leg_neuromere,,,ventral_nerve_cord_contralateral_restricted,IN13B098,,,,,intrinsic,,,13B,IN13B098,id:39795,,,gaba,gaba,,,ventral_nerve_cord,right,ventral_nerve_cord_intrinsic
4338,720575941629425132,,,single_leg_neuromere,,,ventral_nerve_cord_ipsilateral_restricted,IN04B100,,,,,intrinsic,,,04B,IN04B100,id:158391,,,acetylcholine,acetylcholine,,,ventral_nerve_cord,left,ventral_nerve_cord_intrinsic
4339,720575941629872422,,,descending_neuron,,,,DNae004,DNae004,id:720575940641276917,,,intrinsic,,,WEDd1,DNut037,id:12683,,,acetylcholine,,,,neck_connective,right,descending
4340,720575941629906924,,,,proprioception,,ventral_nerve_cord_bilateral_restricted,IN19A117,,,,,intrinsic,,,19A,,,,,gaba,,,,ventral_nerve_cord,right,ventral_nerve_cord_intrinsic
4341,720575941629968166,,,ascending_neuron,,,,AN27X011,AN_multi_4,id:720575940635591776,,,intrinsic,,,27X,AN27X011,id:11013,,,acetylcholine,,,,neck_connective,right,ascending
4342,720575941629970156,,,,,,ventral_nerve_cord_ipsilateral_restricted,IN20A.22A089,,,,,intrinsic,,,20A.22A,IN20A.22A089,id:32451,,,acetylcholine,acetylcholine,,,ventral_nerve_cord,left,ventral_nerve_cord_intrinsic
4343,720575941630017506,,,single_leg_neuromere,,,ventral_nerve_cord_ipsilateral_restricted,IN01B025,,,,,intrinsic,,,01B,IN01B025,id:22389,,,gaba,gaba,,,ventral_nerve_cord,right,ventral_nerve_cord_intrinsic
4344,720575941630017762,,,single_leg_neuromere,,,ventral_nerve_cord_contralateral_restricted,IN14A015,,,,,intrinsic,,,14A,IN14A015,id:17505,,,glutamate,,,,ventral_nerve_cord,left,ventral_nerve_cord_intrinsic
4345,720575941630049762,,,descending_neuron,,,,DNge095,DNge095,id:720575940618870113,,,intrinsic,,,LB7,DNut054,id:26178,,,acetylcholine,,,,neck_connective,left,descending
4346,720575941630081574,,,descending_neuron,,,,DNp17,DNp17,id:720575940630071583,,,intrinsic,,,PSp2,DNp17,id:28163,,,acetylcholine,,,,neck_connective,left,descending
4347,720575941630133798,,,single_leg_neuromere,tactile,,ventral_nerve_cord_contralateral_restricted,IN01A012,,,,,intrinsic,,,01A,IN01A012,id:10893,,,acetylcholine,acetylcholine,,,ventral_nerve_cord,right,ventral_nerve_cord_intrinsic
4348,720575941630522850,,,descending_neuron,,,,DNge069,DNge069,id:720575940618405686,,,intrinsic,,,MX12__prim,DNg64,id:17806,,,glutamate,,,,neck_connective,left,descending
4349,720575941630556320,,,single_leg_neuromere,,,ventral_nerve_cord_bilateral_restricted,IN12B023,,,,,intrinsic,,,12B,IN12B023,id:17523,,,gaba,gaba,,,ventral_nerve_cord,right,ventral_nerve_cord_intrinsic
4350,720575941630573794,,,ascending_neuron,,,,AN_GNG_179,AN_GNG_179,id:720575940620095356,,,intrinsic,,,,,,,,acetylcholine,,,,neck_connective,right,ascending
4351,720575941630660000,,,,,,ventral_nerve_cord_ipsilateral_restricted,IN20A.22A018,,,,,intrinsic,,,20A.22A,IN20A.22A018,id:26569,,,acetylcholine,,,,ventral_nerve_cord,right,ventral_nerve_cord_intrinsic
4352,720575941630727148,,front_leg,bristle_neuron,tactile,,front_leg_bristle_neuron,SNxxxx,,,,id:1661,afferent,,,,SNxxxx,id:100490,left_prothoracic_leg_nerve,,acetylcholine,,,bristle,ventral_nerve_cord,left,sensory
4353,720575941630831008,,,,,,ventral_nerve_cord_ipsilateral_restricted,IN13A047,,,,,intrinsic,,,13A,IN13A047,id:28592,,,gaba,gaba,,,ventral_nerve_cord,right,ventral_nerve_cord_intrinsic
4354,720575941630873531,,,,,,,,,,,,,,,,,,,,acetylcholine,,,,ventral_nerve_cord,right,
4355,720575941630960876,,,single_leg_neuromere,,,ventral_nerve_cord_ipsilateral_restricted,IN13A055,,,,,intrinsic,,,13A,IN13A055,id:31435,,,gaba,gaba,,,ventral_nerve_cord,right,ventral_nerve_cord_intrinsic
4356,720575941630970604,front_leg,,leg_motor_neuron,leg_motor,flex_femur_tibia_joint,front_leg_motor_neuron,accessory_tibia_flexor_A,,,,,efferent,,,15B,Acc. ti flexor MN,id:20605,right_prothoracic_leg_nerve,,,,,accessory_tibia_flexor_muscle,ventral_nerve_cord,right,motor
4357,720575941630972140,,,ventral_nerve_cord_serially_convergent,,,ventral_nerve_cord_bilateral_interconnecting,IN18B005,,,,,intrinsic,,,18B,IN18B005,id:10485,,,acetylcholine,acetylcholine,,,ventral_nerve_cord,right,ventral_nerve_cord_intrinsic
4358,720575941630973883,,,,,,ventral_nerve_cord_ipsilateral_restricted,IN03A073,,,,,intrinsic,,,03A,IN03A073,id:23537,,,acetylcholine,acetylcholine,,,ventral_nerve_cord,left,ventral_nerve_cord_intrinsic
4359,720575941630987963,,,,,,ventral_nerve_cord_ipsilateral_restricted,IN09A074,,,,,intrinsic,,,09A,IN09A074,id:24137,,,gaba,gaba,,,ventral_nerve_cord,left,ventral_nerve_cord_intrinsic
4360,720575941630989794,,,,,,ventral_nerve_cord_bilateral_restricted,IN14B011,,,,,intrinsic,,,14B,IN14B011,id:15813,,,glutamate,,,,ventral_nerve_cord,right,ventral_nerve_cord_intrinsic
4361,720575941631013090,,,descending_neuron,,,,DNge035,DNge035,id:720575940620298772,,,intrinsic,,,putative_primary,DNxl134,id:10291,,,acetylcholine,,,,neck_connective,left,descending
4362,720575941631020192,,,descending_neuron,,,,DNge087,DNge087,id:720575940630382075,,,intrinsic,,,LB6,DNnt010,id:37876,,,gaba,,,,neck_connective,left,descending
4363,720575941631028962,,,descending_neuron,,,,DNge063,DNge063,id:720575940616597334,,,intrinsic,,,putative_primary,DNxl127,id:11220,,,gaba,,,,neck_connective,left,descending
4364,720575941631060972,,,descending_neuron,,,,DNg65,DNg65,id:720575940611756723,,,intrinsic,,,MX3,DNg65,id:20600,,,gaba,,,,neck_connective,right,descending
4365,720575941631212780,,front_leg,bristle_neuron,tactile,,front_leg_bristle_neuron,SNta44,,,,,afferent,,,,SNta44,id:93878,right_prothoracic_leg_nerve,,acetylcholine,,,bristle,ventral_nerve_cord,right,sensory
4366,720575941631315616,,,descending_neuron,,,,DNge128,DNge128,id:720575940619024542,,,intrinsic,,,putative_primary,DNg107,id:24267,,,gaba,,DNge0128,,neck_connective,left,descending
4367,720575941631436524,,,,,,ventral_nerve_cord_bilateral_interconnecting,IN19A142,,,,,intrinsic,,,19A,IN19A142,id:13488,,,gaba,gaba,,,ventral_nerve_cord,right,ventral_nerve_cord_intrinsic
4368,720575941631629292,,,ascending_neuron,,,,AN08B010,AN_multi_64,id:720575940625479370,,,intrinsic,,,08B,AN08B010,id:11269,,,acetylcholine,acetylcholine,,,neck_connective,left,ascending
4369,720575941631642860,,,descending_neuron,,,,DNae004,DNae004,id:720575940603591014,,,intrinsic,,,WEDd1,DNut037,id:13542,,,acetylcholine,,,,neck_connective,left,descending
4370,720575941631695340,,,single_leg_neuromere,,,ventral_nerve_cord_contralateral_restricted,IN14A008,,,,,intrinsic,,,14A,IN14A008,id:10739,,,glutamate,,,,ventral_nerve_cord,left,ventral_nerve_cord_intrinsic
4371,720575941631706053,,,,proprioception,,ventral_nerve_cord_bilateral_interconnecting,IN10B032,,,,,intrinsic,,,10B,IN10B032,id:16831,,,acetylcholine,acetylcholine,,,ventral_nerve_cord,right,ventral_nerve_cord_intrinsic
4372,720575941631837856,front_leg,,leg_motor_neuron,leg_motor,unknown_leg_movement,front_leg_motor_neuron,femur_reductor,,,,,efferent,,,TBD,Fe reductor MN,id:11226,right_prothoracic_leg_nerve,,gaba,glutamate,,femur_reductor_muscle,ventral_nerve_cord,right,motor
4373,720575941631875525,,,single_leg_neuromere,,,ventral_nerve_cord_ipsilateral_restricted,IN04B097,,,,,intrinsic,,,04B,IN04B097,id:23790,,,acetylcholine,acetylcholine,,,ventral_nerve_cord,left,ventral_nerve_cord_intrinsic
4374,720575941631876037,,,single_leg_neuromere,proprioception,,ventral_nerve_cord_ipsilateral_restricted,IN13A007,,,,,intrinsic,,,13A,,,,,gaba,gaba,,,ventral_nerve_cord,right,ventral_nerve_cord_intrinsic
4375,720575941631945452,,,ascending_neuron,,,,AN19B007,AN_GNG_SAD_23,id:720575940626901521,,,intrinsic,,,19B,dMS9,id:10494,,,acetylcholine,acetylcholine,,,neck_connective,right,ascending
4376,720575941632002501,,front_leg,bristle_neuron,tactile,,front_leg_bristle_neuron,SNta31,,,,id:1071,afferent,,,,SNta31,id:61985,left_prothoracic_leg_nerve,,acetylcholine,,,bristle,ventral_nerve_cord,left,sensory
4377,720575941632002720,,,descending_neuron,,,,DNg02_a,DNg02_a,id:720575940632573887,,,intrinsic,,,LB12,DNg02,id:24845,,,acetylcholine,acetylcholine,,,neck_connective,left,descending
4378,720575941632020204,,,,,,ventral_nerve_cord_ipsilateral_restricted,IN03A069,,,,,intrinsic,,,03A,IN03A069,id:25939,,,acetylcholine,acetylcholine,,,ventral_nerve_cord,right,ventral_nerve_cord_intrinsic
4379,720575941632020677,,front_leg,bristle_neuron,tactile,,front_leg_bristle_neuron,SNta41,,,,,afferent,,,,SNta41,id:150569,left_prothoracic_leg_nerve,,gaba,,,bristle,ventral_nerve_cord,left,sensory
4380,720575941632044524,,,single_leg_neuromere,,,ventral_nerve_cord_ipsilateral_restricted,IN19A030,,,,,intrinsic,,,19A,IN19A030,id:12595,,,gaba,gaba,,,ventral_nerve_cord,right,ventral_nerve_cord_intrinsic
4381,720575941632049132,,,sequential_leg_neuromeres,,,ventral_nerve_cord_bilateral_interconnecting,IN08B001,,,,,intrinsic,,,08B,IN08B001,id:10091,,,acetylcholine,acetylcholine,,,ventral_nerve_cord,right,ventral_nerve_cord_intrinsic
4382,720575941632059372,,,descending_neuron,,,,DNge006,DNge006,id:720575940646764579,,,intrinsic,,,putative_primary,DNxn150,id:13837,,,acetylcholine,,,,neck_connective,left,descending
4383,720575941632112354,,,descending_neuron,,,,DNg91,DNg91,id:720575940622594186,,,intrinsic,,id:1626948732,LB6,DNg91,id:12792,,,acetylcholine,,,,neck_connective,right,descending
4384,720575941632167611,,,descending_neuron,,,,DNg73,DNg73,id:720575940641833869,,,intrinsic,,,putative_primary,DNg73,id:18815,,,acetylcholine,,,,neck_connective,right,descending
4385,720575941632561339,,,single_leg_neuromere,,,ventral_nerve_cord_contralateral_restricted,IN13B010,,,,,intrinsic,,,13B,IN13B010,id:19471,,,gaba,,,,ventral_nerve_cord,right,ventral_nerve_cord_intrinsic
4386,720575941632582075,,,,proprioception,,ventral_nerve_cord_bilateral_restricted,IN19A098,,,,,intrinsic,,,19A,IN19A098,id:153333,,,gaba,gaba,,,ventral_nerve_cord,right,ventral_nerve_cord_intrinsic
4387,720575941632652987,,,descending_neuron,,,,DNge060,DNge060,id:720575940618291520,,,intrinsic,,,putative_primary,DNxl107,id:13066,,,glutamate,,,,neck_connective,right,descending
4388,720575941632799392,,,descending_neuron,,,,DNge085,DNge085,id:720575940622786317,,,intrinsic,,,LB6,DNnt011,id:40948,,,gaba,,,,neck_connective,left,descending
4389,720575941632828859,,front_leg,chordotonal_organ_neuron,proprioception,vibro_position,front_leg_chordotonal_organ_neuron,SNpp44,,,,,afferent,,,,SNpp44,id:142858,right_prothoracic_leg_nerve,,gaba,,,chordotonal_organ,ventral_nerve_cord,right,sensory
4390,720575941632862917,,,,,,ventral_nerve_cord_ipsilateral_restricted,IN19A081,,,,,intrinsic,,,19A,,,,,gaba,gaba,,,ventral_nerve_cord,left,ventral_nerve_cord_intrinsic
4391,720575941632890053,,,,,,ventral_nerve_cord_bilateral_restricted,IN04B020,,,,,intrinsic,,,04B,IN04B020,id:15750,,,acetylcholine,acetylcholine,,,ventral_nerve_cord,right,ventral_nerve_cord_intrinsic
4392,720575941632895173,,,,,,ventral_nerve_cord_bilateral_interconnecting,IN12B060,,,,,intrinsic,,,12B,IN12B060,id:24623,,,gaba,gaba,,,ventral_nerve_cord,left,ventral_nerve_cord_intrinsic
4393,720575941632978629,,,descending_neuron,,,,DNg02_g,DNg02_g,id:720575940617922439,,,intrinsic,,,LB12,DNg02,id:27877,,,acetylcholine,acetylcholine,,,neck_connective,right,descending
4394,720575941633028549,,,ascending_neuron,,,,AN02A001,AN_multi_8,id:720575940642422157,,,intrinsic,,,02A,AN02A001,id:10098,,,glutamate,glutamate,,,neck_connective,left,ascending
4395,720575941633105824,,,ventral_nerve_cord_centrifugal,,,ventral_nerve_cord_contralateral_interconnecting,IN10B007,,,,,intrinsic,,,10B,IN10B007,id:11116,,,acetylcholine,acetylcholine,,,ventral_nerve_cord,right,ventral_nerve_cord_intrinsic
4396,720575941633109664,,,ascending_neuron,,,,AN07B045,SA_DMT_ADMN_7,id:720575940638457552,,,intrinsic,,,07B,AN07B045,id:14926,,,acetylcholine,acetylcholine,,,neck_connective,right,ascending
4397,720575941633111968,,front_leg,chordotonal_organ_neuron,proprioception,direction,front_leg_hook_chordotonal_organ_neuron,SNpp39,,,,,afferent,,,,SNpp39,id:30692,left_prothoracic_leg_nerve,,acetylcholine,acetylcholine,hook,chordotonal_organ,ventral_nerve_cord,left,sensory
4398,720575941633124549,,,descending_neuron,,,,DNge119,DNge119,id:720575940610605614,,,intrinsic,,,putative_primary,DNxn157,id:16822,,,glutamate,,,,neck_connective,right,descending
4399,720575941633187488,,,ascending_neuron,,,,AN06A015,AN_multi_39,id:720575940621523421,,,intrinsic,,,06A,AN06A015,id:13400,,,gaba,gaba,,,neck_connective,right,ascending
4400,720575941633195205,,,,,,ventral_nerve_cord_ipsilateral_restricted,IN09A083,,,,,intrinsic,,,09A,IN09A083,id:28806,,,gaba,gaba,,,ventral_nerve_cord,left,ventral_nerve_cord_intrinsic
4401,720575941633206944,,,descending_neuron,,,,DNp103,DNp103,id:720575940610505006,,,intrinsic,,,putative_primary,DNp103,id:13089,,,acetylcholine,acetylcholine,,,neck_connective,right,descending
4402,720575941633520059,wing,,ventral_nerve_cord_neurosecretory_cell,,,wing_neurosecretory_cell,EA06B010,AN_4_None,id:720575940627788032,,,efferent,,,06B,EA06B010,id:11314,right_posterior_dorsal_mesothoracic_nerve,,glutamate,,,,neck_connective,left,ascending_visceral_circulatory
4403,720575941633542075,,,,,,ventral_nerve_cord_bilateral_restricted,IN08A050,,,,,intrinsic,,,08A,IN08A050,id:163401,,,glutamate,glutamate,,,ventral_nerve_cord,right,ventral_nerve_cord_intrinsic
4404,720575941633562043,,,single_leg_neuromere,,,ventral_nerve_cord_ipsilateral_restricted,IN13A038,,,,,intrinsic,,,13A,IN13A038,id:23630,,,gaba,gaba,,,ventral_nerve_cord,right,ventral_nerve_cord_intrinsic
4405,720575941633562811,,,,,,ventral_nerve_cord_bilateral_interconnecting,IN00A004,,,,,intrinsic,,,00A,IN00A004,id:11376,,,gaba,gaba,,,ventral_nerve_cord,left,ventral_nerve_cord_intrinsic
4406,720575941633589179,,,ascending_neuron,,,,AN06B002,AN_GNG_178,id:720575940638858549,,,intrinsic,,,06B,AN06B002,id:10257,,,gaba,gaba,,,neck_connective,left,ascending
4407,720575941633590715,,,,,,ventral_nerve_cord_bilateral_interconnecting,IN00A002,,,,,intrinsic,,,00A,IN00A002,id:10860,,,gaba,gaba,,,ventral_nerve_cord,left,ventral_nerve_cord_intrinsic
4408,720575941633591483,,,ascending_neuron,,,,AN27X004,MtAHN,id:720575940636436916,,,intrinsic,,,27X,AN27X004,id:11003,,,histamine,histamine,,,neck_connective,left,ascending
4409,720575941633602501,,,descending_neuron,,,,DNp25,DNp25,id:720575940611782874,,,intrinsic,,,DM2_central,DNp25,id:28538,,,gaba,"acetylcholine,gaba",,,neck_connective,right,descending
4410,720575941633660832,,,,,,ventral_nerve_cord_ipsilateral_restricted,IN03B021,,,,,intrinsic,,,03B,IN03B021,id:10590,,,gaba,,,,ventral_nerve_cord,right,ventral_nerve_cord_intrinsic
4411,720575941633664443,,,ascending_neuron,,,,AN19A019,AN_GNG_129,id:720575940628641879,,,intrinsic,,,19A,AN19A019,id:13875,,,acetylcholine,,,,neck_connective,right,ascending
4412,720575941633833403,,,descending_neuron,,,,DNge091,DNge091,id:720575940617295321,,,intrinsic,,,LB7,,,,,acetylcholine,,,,neck_connective,right,descending
4413,720575941633911227,,,descending_neuron,,,,DNpe004,DNpe004,id:720575940635464343,,,intrinsic,,,putative_primary,DNut042,id:36468,,,acetylcholine,,,,neck_connective,left,descending
4414,720575941634017723,,,descending_neuron,,,,DNpe018,DNpe018,id:720575940608877266,,,intrinsic,,,PSp2,DNut046,id:42278,,,acetylcholine,,,,neck_connective,right,descending
4415,720575941634070432,,,ventral_nerve_cord_serially_convergent,,,ventral_nerve_cord_bilateral_interconnecting,IN18B016,,,,,intrinsic,,,18B,IN18B016,id:12082,,,acetylcholine,acetylcholine,,,ventral_nerve_cord,left,ventral_nerve_cord_intrinsic
4416,720575941634177184,,,descending_neuron,,,,DNc02,DNc02,id:720575940625733351,,,intrinsic,,,putative_primary,DNc02,id:15026,,SIFa,serotonin,,,,neck_connective,midline,descending
4417,720575941634269371,,,descending_neuron,,,,DNg59,DNg59,id:720575940620169607,,,intrinsic,,,MD3,DNg59,id:25415,,,gaba,,,,neck_connective,right,descending
4418,720575941634409403,,front_leg,bristle_neuron,tactile,,front_leg_bristle_neuron,SNta21,,,,id:1046,afferent,,,,SNta21,id:42382,left_prothoracic_leg_nerve,,gaba,,CS,bristle,ventral_nerve_cord,left,sensory
4419,720575941636455029,,,,,,ventral_nerve_cord_ipsilateral_restricted,IN03A066,,,,,intrinsic,,,03A,IN03A066,id:16079,,,acetylcholine,acetylcholine,,,ventral_nerve_cord,left,ventral_nerve_cord_intrinsic
4420,720575941636471413,,,,gustatory,,ventral_nerve_cord_ipsilateral_restricted,IN01B086,,,,,intrinsic,,,01B,IN01B086,id:31021,,,gaba,gaba,,,ventral_nerve_cord,left,ventral_nerve_cord_intrinsic
4421,720575941636735861,front_leg,,leg_motor_neuron,leg_motor,move_coxa_posterior,front_leg_motor_neuron,sternal_posterior_rotator_miller_32,,,,id:262,efferent,,,20B.21B.22B,Sternal posterior rotator MN,id:21241,right_prothoracic_accessory_nerve,,gaba,,,sternal_posterior_rotator_muscle,ventral_nerve_cord,right,motor
4422,720575941637721205,,,,,,ventral_nerve_cord_bilateral_restricted,IN16B061,,,,,intrinsic,,,16B,IN16B061,id:13722,,,glutamate,glutamate,,,ventral_nerve_cord,left,ventral_nerve_cord_intrinsic
4423,720575941637734175,,,descending_neuron,,,,DNg06,DNg06,id:720575940618698411,,,intrinsic,,,LB12,DNg06,id:30304,,,acetylcholine,,,,neck_connective,right,descending
4424,720575941637800309,,,descending_neuron,,,,DNpe054,DNpe054,id:720575940632379071,,,intrinsic,,,PSp2,DNut046,id:30738,,,acetylcholine,,,,neck_connective,right,descending
4425,720575941637800565,,,single_leg_neuromere,,,ventral_nerve_cord_ipsilateral_restricted,IN19A029,,,,,intrinsic,,,19A,IN19A029,id:12475,,,gaba,gaba,,,ventral_nerve_cord,,ventral_nerve_cord_intrinsic
4426,720575941637812085,,,single_leg_neuromere,,,ventral_nerve_cord_ipsilateral_restricted,IN21A004,,,,,intrinsic,,,21A,IN21A004,id:11239,,,acetylcholine,,,,ventral_nerve_cord,right,ventral_nerve_cord_intrinsic
4427,720575941638178421,,,,,,ventral_nerve_cord_ipsilateral_restricted,IN04B094,,,,,intrinsic,,,04B,IN04B094,id:165318,,,acetylcholine,acetylcholine,,,ventral_nerve_cord,left,ventral_nerve_cord_intrinsic
4428,720575941638266399,,,ascending_neuron,,,,AN06B011,AN_multi_10,id:720575940609713710,,,intrinsic,,,06B,AN06B011,id:11738,,,acetylcholine,,,,neck_connective,left,ascending
4429,720575941638329973,,,single_leg_neuromere,,,ventral_nerve_cord_contralateral_restricted,IN13B032,,,,,intrinsic,,,13B,IN13B032,id:16600,,,gaba,gaba,,,ventral_nerve_cord,right,ventral_nerve_cord_intrinsic
4430,720575941638343797,,,,,,ventral_nerve_cord_bilateral_restricted,IN04B039,,,,,intrinsic,,,04B,IN04B039,id:16527,,,acetylcholine,acetylcholine,,,ventral_nerve_cord,left,ventral_nerve_cord_intrinsic
4431,720575941638407199,,,descending_neuron,,,,DNa15,DNa15,id:720575940631759663,,,intrinsic,,,WEDd1,DNa15,id:10621,,,acetylcholine,,,,neck_connective,left,descending
4432,720575941639039519,,,,,,ventral_nerve_cord_bilateral_interconnecting,IN23B072,,,,,intrinsic,,,23B,IN23B072,id:27405,,,acetylcholine,acetylcholine,,,ventral_nerve_cord,right,ventral_nerve_cord_intrinsic
4433,720575941639281525,front_leg,,leg_motor_neuron,leg_motor,extend_femur_tibia_joint,front_leg_motor_neuron,tibia_extensor_FETi,,,,,efferent,,,,,,left_prothoracic_leg_nerve,,gaba,,"fast tibia extensor,FETi",tibia_extensor_muscle,ventral_nerve_cord,left,motor
4434,720575941639358837,,,,,,ventral_nerve_cord_bilateral_interconnecting,IN08B004,,,,,intrinsic,,,08B,IN08B004,id:10579,,,acetylcholine,acetylcholine,,,ventral_nerve_cord,left,ventral_nerve_cord_intrinsic
4435,720575941639365749,,,,,,ventral_nerve_cord_bilateral_interconnecting,IN06B001,,,,,intrinsic,,,06B,IN06B001,id:10031,,,gaba,gaba,,,ventral_nerve_cord,right,ventral_nerve_cord_intrinsic
4436,720575941639371125,,,single_leg_neuromere,,,ventral_nerve_cord_ipsilateral_restricted,IN21A006,,,,,intrinsic,,,21A,IN21A006,id:12250,,,glutamate,,,,ventral_nerve_cord,left,ventral_nerve_cord_intrinsic
4437,720575941639506207,front_leg,,leg_motor_neuron,leg_motor,extend_coxa_trochanter_joint,front_leg_motor_neuron,tergotrochanter_extensor,,,,,efferent,,,17X,Tergotr. MN,id:19652,left_ventral_prothoracic_nerve,,,,,tergotrochanter_extensor_muscle,ventral_nerve_cord,left,motor
4438,720575941639570207,,front_leg,bristle_neuron,tactile,,front_leg_bristle_neuron,SNta31,,,,,afferent,,,,SNta31,id:56081,right_prothoracic_leg_nerve,,acetylcholine,,,bristle,ventral_nerve_cord,right,sensory
4439,720575941639588127,,,descending_neuron,,,,DNp33,DNp33,id:720575940604103084,,,intrinsic,,,putative_primary,DNp33,id:12064,,,acetylcholine,,,,neck_connective,left,descending
4440,720575941639763999,,,descending_neuron,,,,DNg51,DNg51,id:720575940629521655,,,intrinsic,,,LB7,DNut042,id:36468,,,acetylcholine,,,,neck_connective,left,descending
4441,720575941639802655,,,descending_neuron,,,,DNg08_a,DNg08_a,id:720575940616688286,,,intrinsic,,,MX3,DNxn111,id:28812,,,gaba,,,,neck_connective,right,descending
4442,720575941639868277,,,ascending_neuron,,,,AN12B008,AN_GNG_155,id:720575940633969815,,,intrinsic,,,12B,AN12B008,id:11441,,,gaba,gaba,,,neck_connective,left,ascending
4443,720575941640075551,,,descending_neuron,,,,DNge062,DNge062,id:720575940627099338,,,intrinsic,,,putative_primary,DNxl079,id:23585,,,acetylcholine,,,,neck_connective,left,descending
4444,720575941640337269,,front_leg,chordotonal_organ_neuron,proprioception,direction,front_leg_hook_chordotonal_organ_neuron,SNpp44,,,,id:1154,afferent,,,,SNpp44,id:47909,left_prothoracic_leg_nerve,,gaba,,,chordotonal_organ,ventral_nerve_cord,left,sensory
4445,720575941640466463,,,,,,ventral_nerve_cord_ipsilateral_restricted,IN04B034,,,,,intrinsic,,,04B,IN04B034,id:15811,,,acetylcholine,acetylcholine,,,ventral_nerve_cord,right,ventral_nerve_cord_intrinsic
4446,720575941640505375,,,descending_neuron,,,,DNge035,DNge035,id:720575940620298772,,,intrinsic,,,putative_primary,DNxl134,id:10291,,,acetylcholine,,,,neck_connective,right,descending
4447,720575941640900453,,,,,,ventral_nerve_cord_bilateral_interconnecting,IN06B019,,,,,intrinsic,,,06B,IN06B019,id:11944,,,gaba,gaba,,,ventral_nerve_cord,right,ventral_nerve_cord_intrinsic
4448,720575941640958053,front_leg,,leg_motor_neuron,leg_motor,pull_long_tendon,front_leg_motor_neuron,long_tendon_muscle_B,,,,id:207,efferent,,,15B,ltm1-tibia MN,id:15720,right_prothoracic_leg_nerve,,,,,long_tendon_muscle,ventral_nerve_cord,right,motor
4449,720575941641346591,,,single_leg_neuromere,proprioception,,ventral_nerve_cord_ipsilateral_restricted,IN21A009,,,,,intrinsic,,,21A,IN21A009,id:11484,,,glutamate,,,,ventral_nerve_cord,left,ventral_nerve_cord_intrinsic
4450,720575941641465682,,,ascending_neuron,,,,AN17B008,AN_GNG_AMMC_2,id:720575940639232309,,,intrinsic,,,17B,AN17B008,id:17197,,,gaba,,,,neck_connective,right,ascending
4451,720575941641502546,,,,,,ventral_nerve_cord_ipsilateral_restricted,IN08A036,,,,,intrinsic,,,08A,IN08A036,id:20896,,,glutamate,glutamate,,,ventral_nerve_cord,left,ventral_nerve_cord_intrinsic
4452,720575941641534565,,,single_leg_neuromere,,,ventral_nerve_cord_ipsilateral_interconnecting,IN09A027,,,,,intrinsic,,,09A,IN09A027,id:20640,,,gaba,gaba,,,ventral_nerve_cord,left,ventral_nerve_cord_intrinsic
4453,720575941641539941,,,,,,ventral_nerve_cord_ipsilateral_interconnecting,IN03A045,,,,,intrinsic,,,03A,IN03A045,id:20320,,,acetylcholine,acetylcholine,,,ventral_nerve_cord,left,ventral_nerve_cord_intrinsic
4454,720575941641548626,,,ventral_nerve_cord_serially_convergent,,,ventral_nerve_cord_bilateral_interconnecting,IN08B056,,,,,intrinsic,,,08B,IN08B056,id:16229,,,acetylcholine,acetylcholine,,,ventral_nerve_cord,right,ventral_nerve_cord_intrinsic
4455,720575941642157650,,,single_leg_neuromere,,,ventral_nerve_cord_ipsilateral_restricted,IN21A028,,,,,intrinsic,,,21A,,,,,glutamate,,,,ventral_nerve_cord,left,ventral_nerve_cord_intrinsic
4456,720575941642161746,,,single_leg_neuromere,,,ventral_nerve_cord_ipsilateral_restricted,IN01B006,,,,,intrinsic,,,01B,IN01B006,id:12961,,,gaba,gaba,,,ventral_nerve_cord,right,ventral_nerve_cord_intrinsic
4457,720575941642166354,,,sequential_leg_neuromeres,,,ventral_nerve_cord_bilateral_interconnecting,IN14B002,,,,,intrinsic,,,14B,,,,,gaba,,,,ventral_nerve_cord,right,ventral_nerve_cord_intrinsic
4458,720575941642249592,,,,,,ventral_nerve_cord_ipsilateral_restricted,IN09A083,,,,,intrinsic,,,09A,IN09A083,id:30185,,,gaba,gaba,,,ventral_nerve_cord,right,ventral_nerve_cord_intrinsic
4459,720575941642285256,,,ascending_neuron,,,,AN07B069,AN_IPS_GNG_6,id:720575940618401605,,,intrinsic,,,07B,AN07B069,id:22968,,,acetylcholine,acetylcholine,,,neck_connective,right,ascending
4460,720575941642302840,,,,,,ventral_nerve_cord_ipsilateral_restricted,IN20A.22A035,,,,,intrinsic,,,20A.22A,IN20A.22A035,id:21588,,,acetylcholine,acetylcholine,,,ventral_nerve_cord,left,ventral_nerve_cord_intrinsic
4461,720575941642303944,front_leg,,leg_motor_neuron,leg_motor,extend_coxa_trochanter_joint,front_leg_motor_neuron,tergotrochanter_extensor,,,,,efferent,,,17X,Tergotr. MN,id:19652,left_ventral_prothoracic_nerve,,gaba,,,tergotrochanter_extensor_muscle,ventral_nerve_cord,left,motor
4462,720575941642369912,,,,,,ventral_nerve_cord_bilateral_restricted,IN12B035,,,,,intrinsic,,,12B,IN12B035,id:18214,,,gaba,gaba,,,ventral_nerve_cord,right,ventral_nerve_cord_intrinsic
4463,720575941642372040,,,,,,ventral_nerve_cord_bilateral_interconnecting,IN18B032,,,,,intrinsic,,,18B,,,,,acetylcholine,,,,ventral_nerve_cord,left,ventral_nerve_cord_intrinsic
4464,720575941642429640,,,sequential_leg_neuromeres,,,ventral_nerve_cord_ipsilateral_interconnecting,IN03B015,,,,,intrinsic,,,03B,IN03B015,id:10791,,,gaba,,,,ventral_nerve_cord,right,ventral_nerve_cord_intrinsic
4465,720575941642470264,,,,,,ventral_nerve_cord_ipsilateral_restricted,IN19A122,,,,,intrinsic,,,19A,IN19A122,id:31364,,,gaba,gaba,,,ventral_nerve_cord,right,ventral_nerve_cord_intrinsic
4466,720575941642488993,,,single_leg_neuromere,,,ventral_nerve_cord_bilateral_interconnecting,IN03B019,,,,,intrinsic,,,03B,,,,,gaba,,,,ventral_nerve_cord,left,ventral_nerve_cord_intrinsic
4467,720575941642516385,,,,,,ventral_nerve_cord_bilateral_restricted,IN01A047,,,,,intrinsic,,,01A,IN01A047,id:16618,,,acetylcholine,acetylcholine,,,ventral_nerve_cord,left,ventral_nerve_cord_intrinsic
4468,720575941642528417,,,,,,ventral_nerve_cord_bilateral_interconnecting,IN01A075,,,,,intrinsic,,,01A,IN01A075,id:26539,,,acetylcholine,acetylcholine,,,ventral_nerve_cord,right,ventral_nerve_cord_intrinsic
4469,720575941642546849,,,,,,ventral_nerve_cord_ipsilateral_restricted,IN13A041,,,,,intrinsic,,,13A,,,,,gaba,gaba,,,ventral_nerve_cord,right,ventral_nerve_cord_intrinsic
4470,720575941642560161,,,,,,ventral_nerve_cord_ipsilateral_restricted,IN19A061,,,,,intrinsic,,,19A,IN19A061,id:25248,,,gaba,gaba,,,ventral_nerve_cord,left,ventral_nerve_cord_intrinsic
4471,720575941642568353,,,,,,ventral_nerve_cord_ipsilateral_restricted,IN16B115,,,,,intrinsic,,,16B,IN16B115,id:25821,,,glutamate,glutamate,,,ventral_nerve_cord,left,ventral_nerve_cord_intrinsic
4472,720575941642597064,,,single_leg_neuromere,,,ventral_nerve_cord_ipsilateral_restricted,IN19A088,,,,,intrinsic,,,19A,IN19A088,id:21052,,,gaba,gaba,,,ventral_nerve_cord,left,ventral_nerve_cord_intrinsic
4473,720575941642623176,,,ascending_neuron,,,,AN07B069,AN_GNG_175,id:720575940637431613,,,intrinsic,,,07B,AN07B069,id:23996,,,acetylcholine,acetylcholine,,,neck_connective,left,ascending
4474,720575941642632648,,,,,,ventral_nerve_cord_ipsilateral_restricted,IN01B044,,,,,intrinsic,,,01B,IN01B044,id:30461,,,gaba,gaba,,,ventral_nerve_cord,right,ventral_nerve_cord_intrinsic
4475,720575941642634440,,,sequential_leg_neuromeres,,,ventral_nerve_cord_ipsilateral_interconnecting,IN16B037,,,,,intrinsic,,,16B,IN16B037,id:13762,,,glutamate,glutamate,,,ventral_nerve_cord,left,ventral_nerve_cord_intrinsic
4476,720575941642634696,,,,,,ventral_nerve_cord_contralateral_restricted,IN01A085,,,,,intrinsic,,,01A,,,,,acetylcholine,acetylcholine,,,ventral_nerve_cord,left,ventral_nerve_cord_intrinsic
4477,720575941642796626,,front_leg,bristle_neuron,tactile,,front_leg_bristle_neuron,SNxxxx,,,,,afferent,,,,SNxxxx,id:151033,left_prothoracic_leg_nerve,,acetylcholine,,,bristle,ventral_nerve_cord,left,sensory
4478,720575941642868385,,,descending_neuron,,,,DNg12_e,DNg12_e,id:720575940605282406,,,intrinsic,,,MX12,DNnt008,id:32672,,,acetylcholine,,MX12_R_37,,neck_connective,right,descending
4479,720575941642906529,,,descending_neuron,,,,DNge124,DNge124,id:720575940626889491,,,intrinsic,,,putative_primary,DNxl021,id:16859,,,acetylcholine,,,,neck_connective,right,descending
4480,720575941642936696,,,,,,ventral_nerve_cord_bilateral_interconnecting,vPR6,,,,,intrinsic,,,12A,,,,,acetylcholine,acetylcholine,,,ventral_nerve_cord,right,ventral_nerve_cord_intrinsic
4481,720575941642966629,,,descending_neuron,,,,DNg07,DNg07,id:720575940621339713,,,intrinsic,,,LB7,DNg07,id:35897,,,gaba,,,,neck_connective,right,descending
4482,720575941643030945,,,descending_neuron,,,,DNg92_b,DNg92_b,id:720575940626187014,,,intrinsic,,,LB12,DNg92,id:32656,,,acetylcholine,,,,neck_connective,left,descending
4483,720575941643053394,,,single_leg_neuromere,,,ventral_nerve_cord_bilateral_interconnecting,IN01A025,,,,,intrinsic,,,01A,IN01A025,id:28526,,,acetylcholine,acetylcholine,,,ventral_nerve_cord,right,ventral_nerve_cord_intrinsic
4484,720575941643086162,,,single_leg_neuromere,,,ventral_nerve_cord_ipsilateral_restricted,IN19A088,,,,,intrinsic,,,19A,IN19A088,id:21052,,,gaba,gaba,,,ventral_nerve_cord,left,ventral_nerve_cord_intrinsic
4485,720575941643096146,,front_leg,bristle_neuron,tactile,,front_leg_bristle_neuron,SNta42,,,,id:1102,afferent,,,,SNta42,id:61746,left_prothoracic_leg_nerve,,acetylcholine,,,bristle,ventral_nerve_cord,left,sensory
4486,720575941643098962,,front_leg,bristle_neuron,tactile,,front_leg_bristle_neuron,SNta35,,,,,afferent,,,,SNta35,id:100336,left_prothoracic_leg_nerve,,gaba,,,bristle,ventral_nerve_cord,left,sensory
4487,720575941643180901,front_leg,,leg_motor_neuron,leg_motor,flex_femur_tibia_joint,front_leg_motor_neuron,accessory_tibia_flexor_A,,,,,efferent,,,15B,Acc. ti flexor MN,id:18412,left_prothoracic_leg_nerve,,,glutamate,,accessory_tibia_flexor_muscle,ventral_nerve_cord,left,motor
4488,720575941643446629,,,,,,ventral_nerve_cord_bilateral_interconnecting,IN06A014,,,,,intrinsic,,,06A,IN06A014,id:13136,,,gaba,gaba,,,ventral_nerve_cord,right,ventral_nerve_cord_intrinsic
4489,720575941643468133,,,ventral_nerve_cord_serially_convergent,,,ventral_nerve_cord_bilateral_interconnecting,IN07B007,,,,,intrinsic,,,07B,IN07B007,id:10593,,,glutamate,,,,ventral_nerve_cord,left,ventral_nerve_cord_intrinsic
4490,720575941643468645,,,,,,ventral_nerve_cord_bilateral_interconnecting,IN07B001,,,,,intrinsic,,,07B,IN07B001,id:10087,,,acetylcholine,acetylcholine,,,ventral_nerve_cord,left,ventral_nerve_cord_intrinsic
4491,720575941643474277,,,sequential_leg_neuromeres,,,ventral_nerve_cord_contralateral_interconnecting,IN01A010,,,,,intrinsic,,,01A,IN01A010,id:11165,,,acetylcholine,acetylcholine,,,ventral_nerve_cord,right,ventral_nerve_cord_intrinsic
4492,720575941643474789,,,single_leg_neuromere,,,ventral_nerve_cord_ipsilateral_restricted,IN19A002,,,,,intrinsic,,,19A,IN19A002,id:10503,,,gaba,gaba,,,ventral_nerve_cord,right,ventral_nerve_cord_intrinsic
4493,720575941643855480,,front_leg,taste_peg_neuron,gustatory_tactile,,front_leg_taste_peg_neuron,SNch10,,,,,afferent,,,,SNch10,id:147017,left_ventral_prothoracic_nerve,,acetylcholine,,,taste_peg,ventral_nerve_cord,left,sensory
4494,720575941643902072,,,single_leg_neuromere,,,ventral_nerve_cord_contralateral_restricted,IN12B022,,,,,intrinsic,,,12B,IN12B022,id:15541,,,gaba,gaba,,,ventral_nerve_cord,right,ventral_nerve_cord_intrinsic
4495,720575941643990392,,front_leg,bristle_neuron,tactile,,front_leg_bristle_neuron,SNta40,,,,,afferent,,,,SNta40,id:145166,right_prothoracic_leg_nerve,,gaba,,,bristle,ventral_nerve_cord,right,sensory
4496,720575941643997048,,front_leg,bristle_neuron,tactile,,front_leg_bristle_neuron,SNta35,,,,,afferent,,,,SNta35,id:100336,left_prothoracic_leg_nerve,,gaba,,,bristle,ventral_nerve_cord,left,sensory
4497,720575941644058706,,,descending_neuron,,,,DNpe044,DNpe044,id:720575940621196037,,,intrinsic,,,SMPpv1,oviDN,id:15827,,,acetylcholine,,oviDNd,,neck_connective,right,descending
4498,720575941644070226,,,single_leg_neuromere,,,ventral_nerve_cord_bilateral_interconnecting,IN20A.22A002,,,,,intrinsic,,,20A.22A,IN20A.22A002,id:11651,,,acetylcholine,acetylcholine,,,ventral_nerve_cord,left,ventral_nerve_cord_intrinsic
4499,720575941644085330,,,,,,,,,,,,intrinsic,,,TBD,,,,,serotonin,,,,ventral_nerve_cord,right,ventral_nerve_cord_intrinsic
4500,720575941644138401,,,ventral_nerve_cord_centrifugal,,,ventral_nerve_cord_bilateral_interconnecting,IN06B035,,,,,intrinsic,,,06B,IN06B035,id:28229,,,gaba,gaba,,,ventral_nerve_cord,left,ventral_nerve_cord_intrinsic
4501,720575941644166049,,,single_leg_neuromere,,,ventral_nerve_cord_ipsilateral_restricted,IN03A073,,,,,intrinsic,,,03A,IN03A073,id:18834,,,acetylcholine,acetylcholine,,,ventral_nerve_cord,right,ventral_nerve_cord_intrinsic
4502,720575941644193992,,,,,,ventral_nerve_cord_ipsilateral_restricted,IN09A085,,,,,intrinsic,,,09A,IN09A085,id:159614,,,gaba,gaba,,,ventral_nerve_cord,right,ventral_nerve_cord_intrinsic
4503,720575941644216008,,,single_leg_neuromere,,,ventral_nerve_cord_ipsilateral_restricted,IN03A067,,,,,intrinsic,,,03A,IN03A067,id:163105,,,acetylcholine,acetylcholine,,,ventral_nerve_cord,left,ventral_nerve_cord_intrinsic
4504,720575941644226248,,,single_leg_neuromere,,,ventral_nerve_cord_ipsilateral_restricted,IN08A007,,,,,intrinsic,,,08A,IN08A007,id:11744,,,glutamate,glutamate,,,ventral_nerve_cord,left,ventral_nerve_cord_intrinsic
4505,720575941644253266,,,ascending_neuron,,,,AN12B017,AN_GNG_VES_2,id:720575940632033361,,,intrinsic,,,12B,AN12B017,id:13344,,,gaba,gaba,,,neck_connective,left,ascending
4506,720575941644253857,,,ascending_neuron,,,,AN12B060,AN_8_30ebed86,id:720575940632474835,,,intrinsic,,,12B,AN12B060,id:100553,,,gaba,gaba,,,neck_connective,right,ascending
4507,720575941644284360,,,,,,ventral_nerve_cord_bilateral_interconnecting,IN07B044,,,,,intrinsic,,,07B,IN07B044,id:14155,,,acetylcholine,acetylcholine,,,ventral_nerve_cord,right,ventral_nerve_cord_intrinsic
4508,720575941644324296,,,,,,ventral_nerve_cord_ipsilateral_restricted,IN16B083,,,,,intrinsic,,,16B,IN16B083,id:24580,,,glutamate,glutamate,,,ventral_nerve_cord,right,ventral_nerve_cord_intrinsic
4509,720575941644554184,,,descending_neuron,,,,DNge065,DNge065,id:720575940627167516,,,intrinsic,,,putative_primary,DNfl038,id:17865,,,gaba,,,,neck_connective,right,descending
4510,720575941644582501,,,descending_neuron,,,,DNp51,DNp51,id:720575940636651376,,,intrinsic,,,putative_primary,DNxn136,id:17777,,,acetylcholine,,,,neck_connective,right,descending
4511,720575941644587109,,,descending_neuron,,,,DNp101,DNp101,id:720575940625420986,,,intrinsic,,,DM6_central2,DNxn137,id:53595462076,,,acetylcholine,acetylcholine,,,neck_connective,right,descending
4512,720575941644727713,,,ascending_neuron,,,,ANXXX006,AN_GNG_25,id:720575940619822942,,,intrinsic,,,TBD,ANXXX006,id:10557,,,acetylcholine,,,,neck_connective,right,ascending
4513,720575941644756168,,,descending_neuron,,,,DNg30,DNg30,id:720575940623446860,,,intrinsic,DNg30,id:571346836,putative_primary,DNg30,id:13326,,"Mip,Natalisin",serotonin,,,,neck_connective,right,descending
4514,720575941644772178,,,,,,ventral_nerve_cord_bilateral_interconnecting,IN08B082,,,,,intrinsic,,,08B,IN08B082,id:21236,,,acetylcholine,acetylcholine,,,ventral_nerve_cord,left,ventral_nerve_cord_intrinsic
4515,720575941644774305,,,,,,ventral_nerve_cord_bilateral_restricted,IN04B020,,,,,intrinsic,,,04B,IN04B020,id:162540,,,acetylcholine,acetylcholine,,,ventral_nerve_cord,left,ventral_nerve_cord_intrinsic
4516,720575941644799826,,,ascending_neuron,,,,AN07B037,AN_IPS_LAL_1,id:720575940605076401,,,intrinsic,,,07B,AN07B037,id:17627,,,acetylcholine,acetylcholine,,,neck_connective,left,ascending
4517,720575941644934856,,front_leg,chordotonal_organ_neuron,proprioception,position,front_leg_claw_chordotonal_organ_neuron,SNpp50,,,,,afferent,,,,SNpp50,id:96728,left_prothoracic_leg_nerve,,gaba,acetylcholine,claw,chordotonal_organ,ventral_nerve_cord,left,sensory
4518,720575941645019986,,front_leg,hair_plate_neuron,proprioception,joint_angle,front_leg_hair_plate_neuron,SNpp45,,,,,afferent,,,,SNpp45,id:172221,right_prothoracic_leg_nerve,,gaba,,,hair_plate,ventral_nerve_cord,right,sensory
4519,720575941645080481,,,descending_neuron,,,,DNge137,DNge137,id:720575940622933765,,,intrinsic,,,putative_primary,DNxn126,id:18997,,,acetylcholine,,,,neck_connective,left,descending
4520,720575941645096865,,,,,,ventral_nerve_cord_bilateral_interconnecting,IN10B003,,,,,intrinsic,,,10B,IN10B003,id:10841,,,acetylcholine,acetylcholine,,,ventral_nerve_cord,right,ventral_nerve_cord_intrinsic
4521,720575941645114273,,,single_leg_neuromere,,,ventral_nerve_cord_contralateral_restricted,IN13B001,,,,,intrinsic,,,13B,IN13B001,id:10320,,,gaba,gaba,,,ventral_nerve_cord,right,ventral_nerve_cord_intrinsic
4522,720575941645117304,,,descending_neuron,,,,DNge052,DNge052,id:720575940637659749,,,intrinsic,,,putative_primary,DNxl070,id:25924,,,gaba,,,,neck_connective,left,descending
4523,720575941645213048,,,descending_neuron,,,,DNpe033,DNpe033,id:720575940623014695,,,intrinsic,,,DM2_central,DNit012,id:44201,,,gaba,,,,neck_connective,right,descending
4524,720575941645236936,,,,,,ventral_nerve_cord_ipsilateral_restricted,IN03A084,,,,,intrinsic,,,03A,IN03A084,id:24202,,,acetylcholine,acetylcholine,,,ventral_nerve_cord,right,ventral_nerve_cord_intrinsic
4525,720575941645238728,,,,proprioception,,ventral_nerve_cord_bilateral_restricted,IN19A098,,,,,intrinsic,,,19A,IN19A098,id:30013,,,gaba,gaba,,,ventral_nerve_cord,left,ventral_nerve_cord_intrinsic
4526,720575941645239752,,,descending_neuron,,,,DNge085,DNge085,id:720575940639802685,,,intrinsic,,,LB6,DNnt011,id:37700,,,gaba,,,,neck_connective,left,descending
4527,720575941645244360,,,ascending_neuron,,,,AN07B015,AN_GNG_45,id:720575940614511614,,,intrinsic,,,07B,AN07B015,id:10884,,,acetylcholine,acetylcholine,,,neck_connective,left,ascending
4528,720575941645255880,,,,,,ventral_nerve_cord_bilateral_restricted,IN04B086,,,,,intrinsic,,,04B,IN04B086,id:152244,,,acetylcholine,acetylcholine,,,ventral_nerve_cord,left,ventral_nerve_cord_intrinsic
4529,720575941645269704,,,,,,ventral_nerve_cord_bilateral_interconnecting,IN01A022,,,,,intrinsic,,,01A,IN01A022,id:12999,,,acetylcholine,acetylcholine,,,ventral_nerve_cord,left,ventral_nerve_cord_intrinsic
4530,720575941645318226,,,descending_neuron,,,,DNpe029,DNpe029,id:720575940626518858,,,intrinsic,,,,DNxl066,id:29767,,,acetylcholine,,,,neck_connective,right,descending
4531,720575941645326280,,,,,,ventral_nerve_cord_bilateral_interconnecting,IN00A001,,,,,intrinsic,,,00A,IN00A001,id:10477,,,octopamine,,,,ventral_nerve_cord,right,ventral_nerve_cord_intrinsic
4532,720575941645365960,,,ascending_neuron,,,,AN16B078,SA_DMT_DMetaN,id:720575940640141965,,,intrinsic,,,,AN16B078,id:25126,,,glutamate,,,,neck_connective,left,ascending
4533,720575941645372792,,,descending_neuron,,,,DNpe054,DNpe054,id:720575940642411917,,,intrinsic,,,PSp2,DNut046,id:43728,,,acetylcholine,,,,neck_connective,left,descending
4534,720575941645444808,,,descending_neuron,,,,DNp22,DNp22,id:720575940631225996,,,intrinsic,PS236,id:1590129061,,,,,,acetylcholine,,,,neck_connective,right,descending
4535,720575941645731272,,,descending_neuron,,,,DNge071,DNge071,id:720575940614959675,,,intrinsic,,,LB6,DNg10,id:45400,,,gaba,,,,neck_connective,right,descending
4536,720575941645918152,,,descending_neuron,,,,DNpe048,DNpe048,id:720575940617448331,,,intrinsic,SMP367,,SMPpv1,,,,CCAP,serotonin,,SMP367,,central_brain,right,descending
4537,720575941649024021,,,ascending_neuron,,,,AN07B069,AN_IPS_GNG_6,id:720575940633702511,,,intrinsic,,,07B,AN07B069,id:22560,,,acetylcholine,acetylcholine,,,neck_connective,right,ascending
4538,720575941649039637,,,ascending_neuron,,,,AN07B052,,,,,intrinsic,,,07B,AN07B052,id:19782,,,acetylcholine,acetylcholine,,,neck_connective,right,ascending
4539,720575941649136661,,,ventral_nerve_cord_serially_convergent,tactile,,ventral_nerve_cord_bilateral_interconnecting,IN23B023,,,,,intrinsic,,,23B,IN23B023,id:17746,,,acetylcholine,acetylcholine,,,ventral_nerve_cord,left,ventral_nerve_cord_intrinsic
4540,720575941649232405,,,single_leg_neuromere,,,ventral_nerve_cord_bilateral_restricted,IN12B030,,,,,intrinsic,,,12B,IN12B030,id:154301,,,gaba,gaba,,,ventral_nerve_cord,left,ventral_nerve_cord_intrinsic
4541,720575941649233173,,,,,,ventral_nerve_cord_ipsilateral_restricted,IN21A079,,,,,intrinsic,,,21A,IN21A079,id:100141,,,glutamate,,,,ventral_nerve_cord,right,ventral_nerve_cord_intrinsic
4542,720575941649267733,,,,,,ventral_nerve_cord_contralateral_restricted,IN13B069,,,,,intrinsic,,,13B,,,,,gaba,gaba,,,ventral_nerve_cord,left,ventral_nerve_cord_intrinsic
4543,720575941649854705,,,single_leg_neuromere,,,ventral_nerve_cord_contralateral_restricted,IN12B036,,,,,intrinsic,,,12B,IN12B036,id:18710,,,gaba,gaba,,,ventral_nerve_cord,left,ventral_nerve_cord_intrinsic
4544,720575941649901297,,,ascending_neuron,,,,AN12B019,AN_VES_GNG_2,id:720575940618014528,,,intrinsic,,,12B,AN12B019,id:13281,,,gaba,gaba,,,neck_connective,right,ascending
4545,720575941649909489,front_leg,,leg_motor_neuron,leg_motor,unknown_leg_movement,front_leg_motor_neuron,femur_reductor,,,,,efferent,,,TBD,Fe reductor MN,id:24050,right_prothoracic_leg_nerve,,acetylcholine,glutamate,,femur_reductor_muscle,ventral_nerve_cord,right,motor
4546,720575941649976049,,,descending_neuron,,,,DNge019,DNge019,id:720575940622351996,,,intrinsic,,,MX12,DNg12,id:29706,,,acetylcholine,,MX12_R_3,,neck_connective,right,descending
4547,720575941650178289,,,descending_neuron,,,,DNg45,DNg45,id:720575940622486644,,,intrinsic,,,,DNg45,id:18189,,,acetylcholine,,,,neck_connective,right,descending
4548,720575941650514193,,,ascending_neuron,,,,AN07B071,AN_IPS_GNG_6,id:720575940602893228,,,intrinsic,,,07B,AN07B071,id:24156,,,acetylcholine,acetylcholine,,,neck_connective,right,ascending
4549,720575941650613233,,,,proprioception,,ventral_nerve_cord_bilateral_restricted,IN19A098,,,,,intrinsic,,,19A,IN19A098,id:28800,,,gaba,gaba,,,ventral_nerve_cord,right,ventral_nerve_cord_intrinsic
4550,720575941650638609,,,single_leg_neuromere,,,ventral_nerve_cord_ipsilateral_restricted,IN16B033,,,,,intrinsic,,,16B,IN16B033,id:11853,,,glutamate,glutamate,,,ventral_nerve_cord,right,ventral_nerve_cord_intrinsic
4551,720575941650789649,,,ascending_neuron,,,,AN19B009,AN_GNG_171,id:720575940628539735,,,intrinsic,,,19B,AN19B009,id:11052,,,acetylcholine,acetylcholine,,,neck_connective,left,ascending
4552,720575941650822161,,,,,,ventral_nerve_cord_bilateral_restricted,IN01A047,,,,,intrinsic,,,01A,IN01A047,id:16618,,,acetylcholine,acetylcholine,,,ventral_nerve_cord,left,ventral_nerve_cord_intrinsic
4553,720575941650824209,,,,,,ventral_nerve_cord_ipsilateral_restricted,IN13A050,,,,,intrinsic,,,13A,,,,,gaba,gaba,,,ventral_nerve_cord,left,ventral_nerve_cord_intrinsic
4554,720575941650904085,,,,,,ventral_nerve_cord_ipsilateral_restricted,IN20A.22A042,,,,,intrinsic,,,20A.22A,IN20A.22A042,id:22855,,,acetylcholine,acetylcholine,,,ventral_nerve_cord,right,ventral_nerve_cord_intrinsic
4555,720575941651139349,,,descending_neuron,,,,DNg92_a,DNg92_a,id:720575940611462885,,,intrinsic,,,LB12,DNg92,id:35992,,,acetylcholine,,,,neck_connective,left,descending
4556,720575941651501585,front_leg,,leg_motor_neuron,leg_motor,flex_femur_tibia_joint,front_leg_motor_neuron,tibia_flexor,,,,,efferent,,,15B,Ti flexor MN,id:15321,left_prothoracic_leg_nerve,,gaba,glutamate,,tibia_flexor_muscle,ventral_nerve_cord,left,motor
4557,720575941651536113,,,,,,ventral_nerve_cord_bilateral_restricted,IN16B061,,,,,intrinsic,,,16B,IN16B061,id:18709,,,glutamate,glutamate,,,ventral_nerve_cord,left,ventral_nerve_cord_intrinsic
4558,720575941651596561,,,,,,ventral_nerve_cord_bilateral_interconnecting,IN12A021,,,,,intrinsic,,,12A,IN12A021,id:13853,,,acetylcholine,acetylcholine,,,ventral_nerve_cord,right,ventral_nerve_cord_intrinsic
4559,720575941651811093,,,,,,ventral_nerve_cord_bilateral_interconnecting,INXXX089,,,,,intrinsic,,,TBD,INXXX089,id:13508,,,acetylcholine,,,,ventral_nerve_cord,right,ventral_nerve_cord_intrinsic
4560,720575941651838449,,,,,,ventral_nerve_cord_ipsilateral_restricted,IN13A041,,,,,intrinsic,,,13A,IN13A041,id:17813,,,gaba,gaba,,,ventral_nerve_cord,right,ventral_nerve_cord_intrinsic
4561,720575941651848725,,,,tactile,,ventral_nerve_cord_bilateral_interconnecting,IN11A017,,,,,intrinsic,,,11A,IN11A017,id:13937,,,acetylcholine,acetylcholine,,,ventral_nerve_cord,left,ventral_nerve_cord_intrinsic
4562,720575941651864085,,,,,,ventral_nerve_cord_bilateral_interconnecting,IN05B003,,,,,intrinsic,,,05B,IN05B003,id:10066,,,gaba,gaba,,,ventral_nerve_cord,right,ventral_nerve_cord_intrinsic
4563,720575941651866901,,,descending_neuron,,,,DNge118,DNge118,id:720575940623537485,,,intrinsic,,,LB7,DNut054,id:28667,,,acetylcholine,,,,neck_connective,left,descending
4564,720575941651867669,,,,,,ventral_nerve_cord_bilateral_restricted,IN16B055,,,,,intrinsic,,,16B,IN16B055,id:18171,,,glutamate,glutamate,,,ventral_nerve_cord,right,ventral_nerve_cord_intrinsic
4565,720575941651981077,,,ascending_neuron,,,ANXXX986,ANXXX986,AN_multi_128,id:720575940617918091,ANXXX986,id:13758,intrinsic,,,,,,,,acetylcholine,,,,neck_connective,right,ascending
4566,720575941652057305,,,,,,ventral_nerve_cord_ipsilateral_restricted,IN08A026,,,,,intrinsic,,,08A,IN08A026,id:22756,,,glutamate,glutamate,,,ventral_nerve_cord,left,ventral_nerve_cord_intrinsic
4567,720575941652059353,,,single_leg_neuromere,,,ventral_nerve_cord_ipsilateral_restricted,IN21A037,,,,,intrinsic,,,21A,IN21A037,id:19122,,,glutamate,,,,ventral_nerve_cord,right,ventral_nerve_cord_intrinsic
4568,720575941652078869,,,descending_neuron,,,,DNg44,DNg44,id:720575940628844712,,,intrinsic,,,MX12__prim,DNg44,id:13834,,,glutamate,,,,neck_connective,right,descending
4569,720575941652085745,,,descending_neuron,,,,DNae007,DNae007,id:720575940630607738,,,intrinsic,,,WEDd1,DNxn143,id:27516,,,acetylcholine,,,,neck_connective,left,descending
4570,720575941652156657,,,descending_neuron,,,,DNp41,DNp41,id:720575940636933722,,,intrinsic,,,putative_primary,DNp41,id:18279,,,acetylcholine,,,,neck_connective,left,descending
4571,720575941652157657,neck,,ventral_nerve_cord_neurosecretory_cell,,,neck_neurosecretory_cell,EN21X001,,,,,efferent,,,21X,EN21X001,id:15823,left_dorsal_prothoracic_nerve,,,,T1 “multinerve” neuron,,ventral_nerve_cord,left,visceral_circulatory
4572,720575941652252889,,,single_leg_neuromere,,,ventral_nerve_cord_contralateral_restricted,IN12B041,,,,,intrinsic,,,12B,IN12B041,id:19806,,,gaba,gaba,,,ventral_nerve_cord,left,ventral_nerve_cord_intrinsic
4573,720575941652278033,,,descending_neuron,,,,DNge087,DNge087,id:720575940605450342,,,intrinsic,,,LB6,DNg10,id:39664,,,gaba,,,,neck_connective,left,descending
4574,720575941652315865,,,single_leg_neuromere,,,ventral_nerve_cord_contralateral_restricted,IN12B034,,,,,intrinsic,,,12B,IN12B034,id:19767,,,gaba,gaba,,,ventral_nerve_cord,right,ventral_nerve_cord_intrinsic
4575,720575941652319705,,,descending_neuron,,,,DNge019,DNge019,id:720575940622351996,,,intrinsic,,,MX12,,,,,acetylcholine,,MX12_R_35,,neck_connective,right,descending
4576,720575941652433393,,,descending_neuron,,,,DNpe011,DNpe011,id:720575940615502604,,,intrinsic,,,PSp2,DNut046,id:51939777929,,,acetylcholine,,,,neck_connective,left,descending
4577,720575941652493524,,,descending_neuron,,,,DNg12_e,DNg12_e,id:720575940641781133,,,intrinsic,,,MX12,DNfl028,id:26502,,,acetylcholine,,MX12_R_24,,neck_connective,right,descending
4578,720575941652516113,,,,,,ventral_nerve_cord_ipsilateral_restricted,IN03A061,,,,,intrinsic,,,03A,IN03A061,id:20158,,,acetylcholine,acetylcholine,,,ventral_nerve_cord,right,ventral_nerve_cord_intrinsic
4579,720575941652544021,,,,,,ventral_nerve_cord_ipsilateral_interconnecting,IN02A029,,,,,intrinsic,,,02A,IN02A029,id:16901,,,glutamate,glutamate,,,ventral_nerve_cord,right,ventral_nerve_cord_intrinsic
4580,720575941652545521,,,single_leg_neuromere,,,ventral_nerve_cord_ipsilateral_restricted,IN16B016,,,,,intrinsic,,,16B,IN16B016,id:12479,,,glutamate,glutamate,,,ventral_nerve_cord,right,ventral_nerve_cord_intrinsic
4581,720575941652546033,,,single_leg_neuromere,,,ventral_nerve_cord_ipsilateral_restricted,IN17A041,,,,,intrinsic,,,17A,IN17A041,id:11666,,,glutamate,,,,ventral_nerve_cord,left,ventral_nerve_cord_intrinsic
4582,720575941652546837,,,,,,ventral_nerve_cord_ipsilateral_interconnecting,IN02A029,,,,,intrinsic,,,02A,IN02A029,id:11357,,,glutamate,glutamate,,,ventral_nerve_cord,right,ventral_nerve_cord_intrinsic
4583,720575941652547601,,,,,,ventral_nerve_cord_ipsilateral_restricted,IN04B015,,,,,intrinsic,,,04B,IN04B015,id:14024,,,acetylcholine,acetylcholine,,,ventral_nerve_cord,left,ventral_nerve_cord_intrinsic
4584,720575941652574193,,,single_leg_neuromere,,,ventral_nerve_cord_ipsilateral_restricted,IN08A022,,,,,intrinsic,,,08A,IN08A022,id:22105,,,glutamate,glutamate,,,ventral_nerve_cord,right,ventral_nerve_cord_intrinsic
4585,720575941652614129,,,descending_neuron,,,,DNae002,DNae002,id:720575940627139530,,,intrinsic,,,WEDd1,DNut060,id:10633,,,acetylcholine,,,,neck_connective,left,descending
4586,720575941652633585,,,descending_neuron,,,,DNae002,DNae002,id:720575940620380449,,,intrinsic,,,WEDd1,DNut060,id:10697,,,acetylcholine,,,,neck_connective,right,descending
4587,720575941652643313,,,ascending_neuron,,,,AN06B025,AN_GNG_80,id:720575940613522413,,,intrinsic,,,06B,AN06B025,id:11292,,,gaba,gaba,,,neck_connective,left,ascending
4588,720575941652716305,,,ascending_neuron,,,,AN05B052,AN_AVLP_GNG_12,id:720575940644555572,,,intrinsic,,,05B,AN05B052,id:16857,,,gaba,gaba,,,neck_connective,right,ascending
4589,720575941652728049,,,descending_neuron,,,,DNg74_a,DNg74_a,id:720575940633529548,,,intrinsic,,,MX3,DNg74,id:10103,,,gaba,,,,neck_connective,left,descending
4590,720575941652733681,,,ventral_nerve_cord_serially_convergent,,,ventral_nerve_cord_bilateral_interconnecting,IN07B013,,,,,intrinsic,,,07B,IN07B013,id:11140,,,glutamate,,,,ventral_nerve_cord,right,ventral_nerve_cord_intrinsic
4591,720575941652774100,,,,,,ventral_nerve_cord_bilateral_interconnecting,IN05B089,,,,,intrinsic,,,05B,IN05B089,id:26707,,,gaba,gaba,,,ventral_nerve_cord,right,ventral_nerve_cord_intrinsic
4592,720575941652815857,,,descending_neuron,,,,DNb03,DNb03,id:720575940611016910,,,intrinsic,DNb03,id:1963869286,putative_primary,DNb03,id:20042,,,acetylcholine,,,,neck_connective,right,descending
4593,720575941652863956,,,,,,ventral_nerve_cord_bilateral_restricted,IN14A030,,,,,intrinsic,,,14A,IN14A030,id:17642,,,glutamate,,,,ventral_nerve_cord,right,ventral_nerve_cord_intrinsic
4594,720575941652880084,,,single_leg_neuromere,,,ventral_nerve_cord_ipsilateral_restricted,IN19A096,,,,,intrinsic,,,19A,IN19A096,id:158326,,,gaba,gaba,,,ventral_nerve_cord,right,ventral_nerve_cord_intrinsic
4595,720575941652883477,,,descending_neuron,,,,DNp62,DNp62,id:720575940635640312,,,intrinsic,,,putative_primary,DNp62,id:31141,,Dsk,serotonin,,,,neck_connective,left,descending
4596,720575941652897236,,,,,,ventral_nerve_cord_bilateral_restricted,IN01A047,,,,,intrinsic,,,01A,IN01A047,id:17910,,,acetylcholine,acetylcholine,,,ventral_nerve_cord,right,ventral_nerve_cord_intrinsic
4597,720575941652900564,,,single_leg_neuromere,,,ventral_nerve_cord_contralateral_restricted,IN14A023,,,,,intrinsic,,,14A,IN14A023,id:19184,,,glutamate,,,,ventral_nerve_cord,right,ventral_nerve_cord_intrinsic
4598,720575941652987860,,,single_leg_neuromere,,,ventral_nerve_cord_ipsilateral_restricted,IN21A042,,,,,intrinsic,,,21A,,,,,glutamate,,,,ventral_nerve_cord,right,ventral_nerve_cord_intrinsic
4599,720575941653563153,,,,,,ventral_nerve_cord_bilateral_interconnecting,IN27X014,,,,,intrinsic,,,27X,IN27X014,id:11917,,,gaba,,,,ventral_nerve_cord,right,ventral_nerve_cord_intrinsic
4600,720575941653571089,,prosternal_organ,hair_plate_neuron,proprioception,joint_angle,prosternal_hair_plate_neuron,SNpp19,,,,,afferent,,,,SNpp19,id:15991,left_prosternal_nerve,,acetylcholine,,,hair_plate,ventral_nerve_cord,left,sensory
4601,720575941653640465,,,descending_neuron,,,,DNge055,DNge055,id:720575940623918121,,,intrinsic,,,putative_primary,DNxl086,id:17710,,,glutamate,,,,neck_connective,left,descending
4602,720575941653831185,,,descending_neuron,,,,DNae005,DNae005,id:720575940609097429,,,intrinsic,,,WEDd1,DNxl092,id:17031,,,acetylcholine,,,,neck_connective,left,descending
4603,720575941653841681,,,descending_neuron,,,,DNge001,DNge001,id:720575940637530084,,,intrinsic,,,MX12,DNg12,id:27728,,,acetylcholine,,MX12_R_27,,neck_connective,right,descending
4604,720575941653928465,,,,,,ventral_nerve_cord_bilateral_restricted,IN04B041,,,,,intrinsic,,,04B,IN04B041,id:18608,,,acetylcholine,acetylcholine,,,ventral_nerve_cord,right,ventral_nerve_cord_intrinsic
4605,720575941653995481,,,single_leg_neuromere,,,ventral_nerve_cord_ipsilateral_restricted,IN21A002,,,,,intrinsic,,,21A,IN21A002,id:15527,,,glutamate,,,,ventral_nerve_cord,,ventral_nerve_cord_intrinsic
4606,720575941653998548,,front_leg,bristle_neuron,tactile,,front_leg_bristle_neuron,SNta29,,,,id:1597,afferent,,,,SNta29,id:35772,left_prothoracic_leg_nerve,,acetylcholine,,,bristle,ventral_nerve_cord,left,sensory
4607,720575941654163156,,front_leg,bristle_neuron,tactile,,front_leg_bristle_neuron,SNta42,,,,,afferent,,,,SNta42,id:187659,right_ventral_prothoracic_nerve,,acetylcholine,,,bristle,ventral_nerve_cord,right,sensory
4608,720575941654198233,,front_leg,orphan_neuron,,,front_leg_orphan_neuron,SNxxxx,,,,,afferent,,,,SNxxxx,id:64088,right_prothoracic_leg_nerve,,gaba,,,orphan,ventral_nerve_cord,right,sensory
4609,720575941654240273,,,ascending_neuron,,,,AN07B049,AN_GNG_175,id:720575940637431613,,,intrinsic,,,07B,AN07B049,id:21324,,,acetylcholine,acetylcholine,,,neck_connective,left,ascending
4610,720575941654362836,,,ventral_nerve_cord_centrifugal,,,ventral_nerve_cord_bilateral_interconnecting,IN06B028,,,,,intrinsic,,,06B,IN06B028,id:15444,,,gaba,,,,ventral_nerve_cord,right,ventral_nerve_cord_intrinsic
4611,720575941654376916,,,descending_neuron,,,,DNg106,DNg106,id:720575940629438508,,,intrinsic,,,MX3,DNit007,id:29040,,,gaba,,,,neck_connective,right,descending
4612,720575941654384596,,,,,,ventral_nerve_cord_ipsilateral_restricted,IN20A.22A009,,,,,intrinsic,,,20A.22A,IN20A.22A009,id:16508,,,acetylcholine,acetylcholine,,,ventral_nerve_cord,left,ventral_nerve_cord_intrinsic
4613,720575941654397140,,,single_leg_neuromere,,,ventral_nerve_cord_contralateral_restricted,IN01A067,,,,,intrinsic,,,01A,IN01A067,id:22680,,,acetylcholine,acetylcholine,,,ventral_nerve_cord,left,ventral_nerve_cord_intrinsic
4614,720575941654397908,,front_leg,bristle_neuron,tactile,,front_leg_bristle_neuron,SNta42,,,,,afferent,,,,SNta42,id:187659,right_ventral_prothoracic_nerve,,acetylcholine,,,bristle,ventral_nerve_cord,right,sensory
4615,720575941654575377,,,descending_neuron,,,,DNp102,DNp102,id:720575940638637501,,,intrinsic,,,PSp2,DNxn176,id:12012,,,acetylcholine,,,,neck_connective,left,descending
4616,720575941654716177,,front_leg,hair_plate_neuron,proprioception,joint_angle,front_leg_hair_plate_neuron,SNppxx,,,,,afferent,,,,SNppxx,id:65476,right_prothoracic_leg_nerve,,gaba,,,hair_plate,ventral_nerve_cord,right,sensory
4617,720575941654951897,,,,,,ventral_nerve_cord_bilateral_interconnecting,IN02A029,,,,,intrinsic,,,02A,IN02A029,id:25690,,,glutamate,glutamate,,,ventral_nerve_cord,right,ventral_nerve_cord_intrinsic
4618,720575941654964697,,,single_leg_neuromere,,,ventral_nerve_cord_ipsilateral_restricted,IN20A.22A037,,,,,intrinsic,,,20A.22A,IN20A.22A037,id:162742,,,acetylcholine,acetylcholine,,,ventral_nerve_cord,left,ventral_nerve_cord_intrinsic
4619,720575941654967257,,,sequential_leg_neuromeres,,,ventral_nerve_cord_bilateral_interconnecting,IN18B018,,,,,intrinsic,,,18B,IN18B018,id:11994,,,acetylcholine,acetylcholine,,,ventral_nerve_cord,left,ventral_nerve_cord_intrinsic
4620,720575941654974169,,,ascending_neuron,,,,AN01A049,AN_SAD_GNG_2,id:720575940637444771,,,intrinsic,,,01A,AN01A049,id:16967,,,acetylcholine,acetylcholine,,,neck_connective,left,ascending
4621,720575941654986201,,,single_leg_neuromere,,,ventral_nerve_cord_bilateral_restricted,IN09B008,,,,,intrinsic,,,09B,IN09B008,id:12446,,,glutamate,glutamate,,,ventral_nerve_cord,right,ventral_nerve_cord_intrinsic
4622,720575941655117012,,,descending_neuron,,,,DNg11,DNg11,id:720575940621817326,,,intrinsic,,,LB6,DNg11,id:23026,,,gaba,,,,neck_connective,right,descending
4623,720575941655202265,,,ascending_neuron,,,,AN03B009,AN_GNG_12,id:720575940632001640,,,intrinsic,,,03B,AN03B009,id:10502,,,gaba,,,,neck_connective,right,ascending
4624,720575941655496148,,,single_leg_neuromere,,,ventral_nerve_cord_contralateral_restricted,IN12B039,,,,,intrinsic,,,12B,IN12B039,id:16961,,,gaba,gaba,,,ventral_nerve_cord,left,ventral_nerve_cord_intrinsic
4625,720575941655504084,,,ascending_neuron,,,,AN19B014,,id:720575940639711566,,,intrinsic,,,19B,AN19B014,id:15562,,,acetylcholine,acetylcholine,,,neck_connective,right,ascending
4626,720575941655530964,,,single_leg_neuromere,,,ventral_nerve_cord_contralateral_restricted,IN12B007,,,,,intrinsic,,,12B,IN12B007,id:10910,,,gaba,gaba,,,ventral_nerve_cord,left,ventral_nerve_cord_intrinsic
4627,720575941655820244,,,descending_neuron,,,,DNg21,DNg21,id:720575940634229871,,,intrinsic,,,MX12__prim,DNg21,id:16571,,,acetylcholine,,,,neck_connective,left,descending
4628,720575941655831576,,,single_leg_neuromere,,,ventral_nerve_cord_contralateral_restricted,IN13B064,,,,,intrinsic,,,13B,IN13B064,id:156917,,,gaba,gaba,,,ventral_nerve_cord,right,ventral_nerve_cord_intrinsic
4629,720575941655866392,,,,,,ventral_nerve_cord_bilateral_interconnecting,IN06B021,,,,,intrinsic,,,06B,IN06B021,id:12252,,,gaba,gaba,,,ventral_nerve_cord,right,ventral_nerve_cord_intrinsic
4630,720575941655873304,,,,,,ventral_nerve_cord_ipsilateral_restricted,IN13A060,,,,,intrinsic,,,13A,IN13A060,id:23084,,,gaba,gaba,,,ventral_nerve_cord,right,ventral_nerve_cord_intrinsic
4631,720575941655876632,,,,,,ventral_nerve_cord_ipsilateral_restricted,IN08A036,,,,,intrinsic,,,08A,IN08A036,id:17198,,,glutamate,glutamate,,,ventral_nerve_cord,right,ventral_nerve_cord_intrinsic
4632,720575941655877400,,,single_leg_neuromere,,,ventral_nerve_cord_bilateral_restricted,IN14B005,,,,,intrinsic,,,14B,,,,,glutamate,,,,ventral_nerve_cord,right,ventral_nerve_cord_intrinsic
4633,720575941655882776,,,,,,ventral_nerve_cord_ipsilateral_restricted,IN08A036,,,,,intrinsic,,,08A,IN08A036,id:26805,,,glutamate,glutamate,,,ventral_nerve_cord,right,ventral_nerve_cord_intrinsic
4634,720575941655883288,,,,,,ventral_nerve_cord_ipsilateral_restricted,IN19A081,,,,,intrinsic,,,19A,IN19A081,id:33827,,,gaba,gaba,,,ventral_nerve_cord,right,ventral_nerve_cord_intrinsic
4635,720575941656100176,,,,,,ventral_nerve_cord_ipsilateral_restricted,IN04B081,,,,,intrinsic,,,04B,IN04B081,id:19833,,,acetylcholine,acetylcholine,,,ventral_nerve_cord,left,ventral_nerve_cord_intrinsic
4636,720575941656289360,,,,,,ventral_nerve_cord_ipsilateral_restricted,IN19A089,,,,,intrinsic,,,19A,IN19A089,id:40564,,,gaba,gaba,,,ventral_nerve_cord,right,ventral_nerve_cord_intrinsic
4637,720575941656297808,,,,,,ventral_nerve_cord_ipsilateral_restricted,IN08A034,,,,,intrinsic,,,08A,IN08A034,id:155519,,,glutamate,glutamate,,,ventral_nerve_cord,right,ventral_nerve_cord_intrinsic
4638,720575941656304976,,,,,,ventral_nerve_cord_ipsilateral_restricted,IN21A081,,,,,intrinsic,,,21A,IN21A081,id:22706,,,glutamate,,,,ventral_nerve_cord,right,ventral_nerve_cord_intrinsic
4639,720575941656327504,,,ventral_nerve_cord_serially_convergent,,,ventral_nerve_cord_bilateral_interconnecting,INXXX161,,,,,intrinsic,,,TBD,,,,,acetylcholine,,,,ventral_nerve_cord,right,ventral_nerve_cord_intrinsic
4640,720575941656372304,front_leg,,leg_motor_neuron,leg_motor,flex_coxa_trochanter_joint,front_leg_motor_neuron,trochanter_flexor_VProN,,,,,efferent,,,,,,right_ventral_prothoracic_nerve,,gaba,,,trochanter_flexor_muscle,ventral_nerve_cord,right,motor
4641,720575941656498388,,,,,,ventral_nerve_cord_bilateral_interconnecting,IN08B030,,,,,intrinsic,,,08B,IN08B030,id:13471,,,acetylcholine,acetylcholine,,,ventral_nerve_cord,left,ventral_nerve_cord_intrinsic
4642,720575941656535576,,,,,,ventral_nerve_cord_bilateral_interconnecting,GFC4,,,,,intrinsic,,,11A,GFC4,id:41708,,,acetylcholine,acetylcholine,,,ventral_nerve_cord,right,ventral_nerve_cord_intrinsic
4643,720575941656675028,,front_leg,bristle_neuron,tactile,,front_leg_bristle_neuron,SNta42,,,,id:1968,afferent,,,,SNta42,id:48172,left_prothoracic_leg_nerve,,acetylcholine,,,bristle,ventral_nerve_cord,left,sensory
4644,720575941656691412,,,,,,ventral_nerve_cord_bilateral_interconnecting,IN18B014,,,,,intrinsic,,,18B,IN18B014,id:11696,,,acetylcholine,acetylcholine,,,ventral_nerve_cord,left,ventral_nerve_cord_intrinsic
4645,720575941656710736,,,descending_neuron,,,,DNge091,DNge091,id:720575940615659521,,,intrinsic,,,LB7,DNut054,id:24129,,,acetylcholine,,,,neck_connective,right,descending
4646,720575941656978256,,,,,,ventral_nerve_cord_ipsilateral_restricted,IN20A.22A036,,,,,intrinsic,,,20A.22A,IN20A.22A036,id:21586,,,acetylcholine,acetylcholine,,,ventral_nerve_cord,left,ventral_nerve_cord_intrinsic
4647,720575941657558296,,,ascending_neuron,,,,AN14B012,AN_GNG_157,id:720575940657604225,,,intrinsic,,,14B,AN14B012,id:15967,,,gaba,,,,neck_connective,left,ascending
4648,720575941657607960,,,,,,ventral_nerve_cord_ipsilateral_restricted,IN13A047,,,,,intrinsic,,,13A,IN13A047,id:18457,,,gaba,gaba,,,ventral_nerve_cord,left,ventral_nerve_cord_intrinsic
4649,720575941657623576,,,,,,ventral_nerve_cord_bilateral_interconnecting,IN18B008,,,,,intrinsic,,,18B,IN18B008,id:10763,,,acetylcholine,acetylcholine,,,ventral_nerve_cord,right,ventral_nerve_cord_intrinsic
4650,720575941657700120,,,single_leg_neuromere,,,ventral_nerve_cord_contralateral_restricted,IN14A021,,,,,intrinsic,,,14A,IN14A021,id:22198,,,glutamate,,,,ventral_nerve_cord,left,ventral_nerve_cord_intrinsic
4651,720575941657708568,,front_leg,bristle_neuron,tactile,,front_leg_bristle_neuron,SNxx33,,,,,afferent,,,,SNxx33,id:70210,right_prothoracic_leg_nerve,,acetylcholine,,,bristle,ventral_nerve_cord,right,sensory
4652,720575941657720600,,,single_leg_neuromere,,,ventral_nerve_cord_ipsilateral_restricted,IN03A014,,,,,intrinsic,,,03A,IN03A014,id:11110,,,acetylcholine,acetylcholine,,,ventral_nerve_cord,left,ventral_nerve_cord_intrinsic
4653,720575941657788184,,,,,,,CV1022,,,,,afferent,,,,,,right_prothoracic_leg_nerve,,gaba,,,,ventral_nerve_cord,right,sensory
4654,720575941657879576,,,descending_neuron,,,,DNp06,DNp06,id:720575940611644529,,,intrinsic,DNp06,id:5813023322,SMPpv2_ventral,DNp06,id:10634,,,acetylcholine,acetylcholine,,,neck_connective,right,descending
4655,720575941657989712,,,descending_neuron,,,,DNge003,DNge003,id:720575940622195625,,,intrinsic,,,putative_primary,DNxl109,id:12956,,,acetylcholine,,,,neck_connective,right,descending
4656,720575941658018384,,,,,,ventral_nerve_cord_bilateral_restricted,IN10B014,,,,,intrinsic,,,10B,IN10B014,id:12289,,,acetylcholine,acetylcholine,,,ventral_nerve_cord,right,ventral_nerve_cord_intrinsic
4657,720575941658066456,,,descending_neuron,,,,DNge138,DNge138,id:720575940611108676,,,intrinsic,,,LB0_anterior,,"id:17004,id:19367",,,octopamine,,,,neck_connective,right,descending
4658,720575941658129744,,front_leg,bristle_neuron,tactile,,front_leg_bristle_neuron,SNta44,,,,,afferent,,,,SNta44,id:49247,right_prothoracic_leg_nerve,,acetylcholine,,,bristle,ventral_nerve_cord,right,sensory
4659,720575941658200400,,front_leg,orphan_neuron,,,front_leg_orphan_neuron,SNxxxx,,,,,afferent,,,,SNxxxx,id:10001,right_prothoracic_leg_nerve,,gaba,,,orphan,ventral_nerve_cord,right,sensory
4660,720575941658613784,,,descending_neuron,,,,DNge172,DNge172,id:720575940630119532,,,intrinsic,,,MX3,DNad006,id:176792,,,octopamine,,,,neck_connective,right,descending
4661,720575941658619928,,,sequential_leg_neuromeres,,,ventral_nerve_cord_ipsilateral_interconnecting,IN19A014,,,,,intrinsic,,,19A,IN19A014,id:10731,,,acetylcholine,,,,ventral_nerve_cord,right,ventral_nerve_cord_intrinsic
4662,720575941658621976,,,descending_neuron,,,,DNpe054,DNpe054,id:720575940632379071,,,intrinsic,,,PSp2,,,,,acetylcholine,,,,neck_connective,right,descending
4663,720575941658841112,,,descending_neuron,,,,DNpe006,DNpe006,id:720575940638013274,,,intrinsic,,,PSp3,DNxl102,id:13473,,,acetylcholine,,,,neck_connective,right,descending
4664,720575941658876240,,front_leg,bristle_neuron,tactile,,front_leg_bristle_neuron,SNxxxx,,,,,afferent,,,,SNxxxx,id:35968306447,right_prothoracic_leg_nerve,,acetylcholine,,,bristle,ventral_nerve_cord,,sensory
4665,720575941658902040,,,ascending_neuron,,,,AN07B091,AN_4_None,id:720575940618723303,,,intrinsic,,,07B,AN07B091,id:28802,,,acetylcholine,acetylcholine,,,neck_connective,left,ascending
4666,720575941658910488,,,descending_neuron,,,,DNge026,DNge026,id:720575940638989894,,,intrinsic,,,putative_primary,DNxn148,id:19952,,,glutamate,,,,neck_connective,right,descending
4667,720575941658918736,,,single_leg_neuromere,proprioception,,ventral_nerve_cord_ipsilateral_restricted,IN13A002,,,,,intrinsic,,,13A,IN13A002,id:10584,,,gaba,gaba,,,ventral_nerve_cord,left,ventral_nerve_cord_intrinsic
4668,720575941658925392,,,,,,ventral_nerve_cord_bilateral_restricted,IN03A045,,,,,intrinsic,,,03A,IN03A045,id:15904,,,acetylcholine,acetylcholine,,,ventral_nerve_cord,left,ventral_nerve_cord_intrinsic
4669,720575941658936144,,,descending_neuron,,,,DNp69,DNp69,id:720575940617809181,,,intrinsic,,,SMPpv2_ventral,DNp69,id:11579,,,acetylcholine,,,,neck_connective,right,descending
4670,720575941658941008,,,,,,ventral_nerve_cord_ipsilateral_restricted,IN20A.22A091,,,,,intrinsic,,,20A.22A,IN20A.22A091,id:13582,,,acetylcholine,acetylcholine,,,ventral_nerve_cord,right,ventral_nerve_cord_intrinsic
4671,720575941658941264,,,descending_neuron,,,,DNxl080,AN_GNG_95,id:720575940616348480,,,intrinsic,,,,DNxl080,id:10097,,,gaba,,,,neck_connective,left,descending
4672,720575941659000400,,,ascending_neuron,,,,AN01B004,AN_GNG_162,id:720575940631922489,,,intrinsic,,,01B,AN01B004,id:12809,,,acetylcholine,,,,neck_connective,left,ascending
4673,720575941659328592,,,ascending_neuron,,,,AN08B010,AN_multi_61,id:720575940624910128,,,intrinsic,,,08B,AN08B010,id:11702,,,acetylcholine,acetylcholine,,,neck_connective,right,ascending
4674,720575941659400984,,,descending_neuron,,,,DNg08_b,DNg08_b,id:720575940631593753,,,intrinsic,,,MX3,DNg08,id:24458,,,gaba,,,,neck_connective,left,descending
4675,720575941659483416,,front_leg,bristle_neuron,tactile,,front_leg_bristle_neuron,SNta21,,,,,afferent,,,,SNta21,id:49728,right_prothoracic_leg_nerve,,gaba,,,bristle,ventral_nerve_cord,right,sensory
4676,720575941659595320,,,descending_neuron,,,,DNg10,DNg10,id:720575940619944513,,,intrinsic,,,LB6,DNg10,id:43778,,,gaba,,,,neck_connective,right,descending
4677,720575941659661624,,,ascending_neuron,,,,AN07B052,,,,,intrinsic,,,07B,AN07B052,id:19370,,,acetylcholine,acetylcholine,,,neck_connective,right,ascending
4678,720575941659678264,,,,,,ventral_nerve_cord_bilateral_interconnecting,IN06B056,,,,,intrinsic,,,06B,IN06B056,id:15308,,,gaba,gaba,,,ventral_nerve_cord,right,ventral_nerve_cord_intrinsic
4679,720575941660282168,,,,,,ventral_nerve_cord_ipsilateral_restricted,IN08A034,,,,,intrinsic,,,08A,IN08A034,id:155519,,,glutamate,glutamate,,,ventral_nerve_cord,right,ventral_nerve_cord_intrinsic
4680,720575941660807292,,,single_leg_neuromere,,,ventral_nerve_cord_contralateral_restricted,IN13B078,,,,,intrinsic,,,13B,IN13B078,id:22739,,,gaba,gaba,,,ventral_nerve_cord,right,ventral_nerve_cord_intrinsic
4681,720575941660948348,,,descending_neuron,,,,DNg40,DNg40,id:720575940622996579,,,intrinsic,,,MX3,DNg40,id:21909,,,glutamate,"acetylcholine,glutamate",,,neck_connective,right,descending
4682,720575941661233976,,,descending_neuron,,,,DNpe011,DNpe011,id:720575940622437671,,,intrinsic,,,PSp2,DNxn104,id:45523,,,acetylcholine,,,,neck_connective,right,descending
4683,720575941661294648,,,,proprioception,,ventral_nerve_cord_ipsilateral_restricted,IN04B101,,,,,intrinsic,,,04B,IN04B101,id:20137,,,acetylcholine,acetylcholine,,,ventral_nerve_cord,right,ventral_nerve_cord_intrinsic
4684,720575941661300792,,,single_leg_neuromere,,,ventral_nerve_cord_ipsilateral_restricted,IN21A015,,,,,intrinsic,,,21A,IN21A015,id:11941,,,acetylcholine,,,,ventral_nerve_cord,left,ventral_nerve_cord_intrinsic
4685,720575941661408312,,front_leg,bristle_neuron,tactile,,front_leg_bristle_neuron,SNta29,,,,id:1025,afferent,,,,SNta29,id:41243,left_prothoracic_leg_nerve,,acetylcholine,,,bristle,ventral_nerve_cord,left,sensory
4686,720575941661415224,,,descending_neuron,,,,DNg02_h,DNg02_h,id:720575940626377349,,,intrinsic,,,LB12,DNg02,id:24845,,,acetylcholine,acetylcholine,,,neck_connective,left,descending
4687,720575941661452344,,,single_leg_neuromere,,,ventral_nerve_cord_ipsilateral_restricted,IN01B056,,,,,intrinsic,,,01B,IN01B056,id:27475,,,gaba,gaba,,,ventral_nerve_cord,right,ventral_nerve_cord_intrinsic
4688,720575941661454904,,,single_leg_neuromere,,,ventral_nerve_cord_ipsilateral_restricted,IN21A023,,,,,intrinsic,,,21A,IN21A023,id:14737,,,glutamate,,,,ventral_nerve_cord,right,ventral_nerve_cord_intrinsic
4689,720575941661462840,,front_leg,bristle_neuron,tactile,,front_leg_bristle_neuron,SNta41,,,,,afferent,,,,SNta41,id:150224,left_prothoracic_leg_nerve,,acetylcholine,,,bristle,ventral_nerve_cord,left,sensory
4690,720575941662017660,,,,,,ventral_nerve_cord_ipsilateral_restricted,IN20A.22A015,,,,,intrinsic,,,20A.22A,IN20A.22A015,id:19493,,,acetylcholine,acetylcholine,,,ventral_nerve_cord,left,ventral_nerve_cord_intrinsic
4691,720575941662302844,,,ascending_neuron,,,,ANXXX108,AN_multi_103,id:720575940611904296,,,intrinsic,,,TBD,ANXXX108,id:12507,,,gaba,,,,neck_connective,left,ascending
4692,720575941662348344,,,,,,ventral_nerve_cord_bilateral_interconnecting,IN06A006,,,,,intrinsic,,,06A,IN06A006,id:12088,,,gaba,gaba,,,ventral_nerve_cord,left,ventral_nerve_cord_intrinsic
4693,720575941662357048,,,ventral_nerve_cord_centrifugal,,,ventral_nerve_cord_contralateral_interconnecting,IN10B007,,,,,intrinsic,,,10B,IN10B007,id:11343,,,acetylcholine,acetylcholine,,,ventral_nerve_cord,left,ventral_nerve_cord_intrinsic
4694,720575941662369592,,,single_leg_neuromere,,,ventral_nerve_cord_bilateral_restricted,IN13B009,,,,,intrinsic,,,13B,IN13B009,id:11494,,,gaba,gaba,,,ventral_nerve_cord,left,ventral_nerve_cord_intrinsic
4695,720575941662376248,,,,,,ventral_nerve_cord_ipsilateral_restricted,IN20A.22A056,,,,,intrinsic,,,20A.22A,IN20A.22A056,id:23397,,,acetylcholine,acetylcholine,,,ventral_nerve_cord,left,ventral_nerve_cord_intrinsic
4696,720575941662385976,,,,,,ventral_nerve_cord_bilateral_interconnecting,INXXX031,,,,,intrinsic,,,TBD,INXXX031,id:11009,,,gaba,,,,ventral_nerve_cord,right,ventral_nerve_cord_intrinsic
4697,720575941662392888,,,,,,ventral_nerve_cord_contralateral_interconnecting,IN10B014,,,,,intrinsic,,,10B,IN10B014,id:11346,,,acetylcholine,acetylcholine,,,ventral_nerve_cord,left,ventral_nerve_cord_intrinsic
4698,720575941662395704,,,descending_neuron,,,,DNd02,DNd02,id:720575940621388453,,,intrinsic,,,putative_primary,DNd02,id:10194,,,glutamate,"glutamate,tyramine",,,neck_connective,left,descending
4699,720575941662407992,,,descending_neuron,,,,DNg29,DNg29,id:720575940622579967,,,intrinsic,,,MX7__prim,DNg29,id:11622,,,acetylcholine,acetylcholine,,,neck_connective,left,descending
4700,720575941662495356,,,descending_neuron,,,,DNg07,DNg07,id:720575940644801060,,,intrinsic,,,LB7,DNut034,id:43795,,,acetylcholine,,,,neck_connective,right,descending
4701,720575941662506040,,,descending_neuron,,,,DNg27,DNg27,id:720575940644666660,,,intrinsic,,,putative_primary,DNg27,id:13443,,,glutamate,"acetylcholine,glutamate",,,neck_connective,right,descending
4702,720575941662645304,,,descending_neuron,,,,DNd03,DNd03,id:720575940614660263,,,intrinsic,,,putative_primary,DNd03,id:10491,,,glutamate,glutamate,,,neck_connective,right,descending
4703,720575941662695992,,,descending_neuron,,,,DNg65,DNg65,id:720575940628659305,,,intrinsic,,,MX3,DNg65,id:24107,,,gaba,,,,neck_connective,left,descending
4704,720575941662983224,,,descending_neuron,,,,DNpe054,DNpe054,id:720575940603580960,,,intrinsic,,,PSp2,,,,,acetylcholine,,,,neck_connective,left,descending
4705,720575941663102520,,,descending_neuron,,,,DNg34,DNg34,id:720575940644751652,,,intrinsic,,,putative_primary,DNg34,id:10217,,,octopamine,"glutamate,octopamine",OA-VPM1,,neck_connective,right,descending
4706,720575941663137404,,,single_leg_neuromere,,,ventral_nerve_cord_ipsilateral_restricted,IN21A014,,,,,intrinsic,,,21A,IN21A014,id:100493,,,glutamate,,,,ventral_nerve_cord,left,ventral_nerve_cord_intrinsic
4707,720575941663343160,,front_leg,chordotonal_organ_neuron,proprioception,direction,front_leg_hook_chordotonal_organ_neuron,SNpp39,,,,,afferent,,,,SNpp39,id:156534,right_prothoracic_leg_nerve,,gaba,acetylcholine,,chordotonal_organ,ventral_nerve_cord,right,sensory
4708,720575941663480188,,,descending_neuron,,,,DNge101,DNge101,id:720575940607451081,,,intrinsic,,,MD3,DNxl090,id:18305,,,gaba,,,,neck_connective,left,descending
4709,720575941663484540,,,ascending_neuron,,,,ANXXX318,AN_GNG_77,id:720575940633119149,,,intrinsic,,,,ANXXX318,id:17884,,,acetylcholine,,,,neck_connective,left,ascending
4710,720575941663495548,,,single_leg_neuromere,,,ventral_nerve_cord_ipsilateral_restricted,IN21A011,,,,,intrinsic,,,21A,IN21A011,id:11947,,,glutamate,,,,ventral_nerve_cord,left,ventral_nerve_cord_intrinsic
4711,720575941663497084,,,descending_neuron,,,,DNa11,DNa11,id:720575940611735514,,,intrinsic,,,WEDd1,DNa11,id:17155,,,acetylcholine,,,,neck_connective,left,descending
4712,720575941663500924,,,single_leg_neuromere,,,ventral_nerve_cord_ipsilateral_restricted,IN26X001,,,,,intrinsic,,,26X,IN26X001,id:100524,,,gaba,,,,ventral_nerve_cord,right,ventral_nerve_cord_intrinsic
4713,720575941663518844,,,descending_neuron,,,,DNge033,DNge033,id:720575940624816115,,,intrinsic,,,LB6,DNnt017,id:21290,,,gaba,,,,neck_connective,left,descending
4714,720575941663701884,,,descending_neuron,,,,DNg61,DNg61,id:720575940647560500,,,intrinsic,,,putative_primary,DNfl017,id:34737,,,acetylcholine,,,,neck_connective,left,descending
4715,720575941663849596,,front_leg,hair_plate_neuron,proprioception,joint_angle,front_leg_hair_plate_neuron,SNpp45,,,,,afferent,,,,SNpp45,id:172221,right_prothoracic_leg_nerve,,gaba,,,hair_plate,ventral_nerve_cord,right,sensory
4716,720575941664418684,,,ventral_nerve_cord_centripetal,gustatory,,ventral_nerve_cord_bilateral_interconnecting,IN23B007,,,,,intrinsic,,,23B,IN23B007,id:14072,,,acetylcholine,acetylcholine,,,ventral_nerve_cord,right,ventral_nerve_cord_intrinsic
4717,720575941665097203,,,descending_neuron,,,,DNge134,DNge134,id:720575940631124076,,,intrinsic,,,putative_primary,DNxn073,id:32317,,,glutamate,,,,neck_connective,right,descending
4718,720575941665387763,,,single_leg_neuromere,,,ventral_nerve_cord_ipsilateral_restricted,IN19A022,,,,,intrinsic,,,19A,,,,,gaba,gaba,,,ventral_nerve_cord,right,ventral_nerve_cord_intrinsic
4719,720575941665489139,,,,,,ventral_nerve_cord_contralateral_restricted,IN13B075,,,,,intrinsic,,,13B,IN13B075,id:28685,,,gaba,,,,ventral_nerve_cord,left,ventral_nerve_cord_intrinsic
4720,720575941665495539,,,,,,ventral_nerve_cord_bilateral_restricted,IN00A059,,,,,intrinsic,,,00A,IN00A059,id:20329,,,gaba,gaba,,,ventral_nerve_cord,left,ventral_nerve_cord_intrinsic
4721,720575941665541363,,,single_leg_neuromere,,,ventral_nerve_cord_ipsilateral_restricted,IN20A.22A055,,,,,intrinsic,,,20A.22A,IN20A.22A055,id:25425,,,acetylcholine,acetylcholine,,,ventral_nerve_cord,right,ventral_nerve_cord_intrinsic
4722,720575941666660595,,,descending_neuron,,,,DNpe014,DNpe014,id:720575940619548799,,,intrinsic,,,putative_primary,DNxn119,id:21386,,,acetylcholine,,,,neck_connective,right,descending
4723,720575941666925745,,,descending_neuron,,,,DNg12_d,DNg12_d,id:720575940626399588,,,intrinsic,,,MX12,,,,,acetylcholine,,MX12_R_31,,neck_connective,right,descending
4724,720575941667036081,,,ascending_neuron,,,,AN07B071,AN_GNG_175,id:720575940614780219,,,intrinsic,,,07B,AN07B071,id:20418,,,acetylcholine,acetylcholine,,,neck_connective,left,ascending
4725,720575941667123121,,,ventral_nerve_cord_centrifugal,,,ventral_nerve_cord_bilateral_interconnecting,IN11A024,,,,,intrinsic,,,11A,,,,,acetylcholine,acetylcholine,,,ventral_nerve_cord,right,ventral_nerve_cord_intrinsic
4726,720575941667167409,,,,,,ventral_nerve_cord_bilateral_restricted,IN16B055,,,,,intrinsic,,,16B,IN16B055,id:18916,,,glutamate,glutamate,,,ventral_nerve_cord,right,ventral_nerve_cord_intrinsic
4727,720575941667370739,front_leg,,leg_motor_neuron,leg_motor,flex_femur_tibia_joint,front_leg_motor_neuron,tibia_flexor,,,,,efferent,,,15B,Ti flexor MN,id:14798,left_prothoracic_leg_nerve,,gaba,glutamate,,tibia_flexor_muscle,ventral_nerve_cord,left,motor
4728,720575941667380979,front_leg,,leg_motor_neuron,leg_motor,extend_coxa_trochanter_joint,front_leg_motor_neuron,sternotrochanter_extensor,,,,,efferent,,,,,,right_ventral_prothoracic_nerve,,gaba,,MNfl37_ProLN_R,sternotrochanter_extensor_muscle,ventral_nerve_cord,right,motor
4729,720575941667394291,,front_leg,bristle_neuron,tactile,,front_leg_bristle_neuron,SNta41,,,,id:1036,afferent,,,,SNta41,id:150569,left_prothoracic_leg_nerve,,acetylcholine,,,bristle,ventral_nerve_cord,left,sensory
4730,720575941667398387,,front_leg,chordotonal_organ_neuron,proprioception,direction,front_leg_hook_chordotonal_organ_neuron,SNpp41,,,,,afferent,,,,SNpp41,id:156646,right_prothoracic_leg_nerve,,gaba,acetylcholine,hook,chordotonal_organ,ventral_nerve_cord,right,sensory
4731,720575941667430643,,front_leg,bristle_neuron,tactile,,front_leg_bristle_neuron,SNta29,,,,id:1030,afferent,,,,SNta29,id:100250,left_prothoracic_leg_nerve,,acetylcholine,,,bristle,ventral_nerve_cord,left,sensory
4732,720575941667438835,,neck,chordotonal_organ_neuron,proprioception,,neck_chordotonal_organ_neuron,SNpp59,,,,,afferent,,,,,,right_prothoracic_chordotonal_nerve,,acetylcholine,,,chordotonal_organ,ventral_nerve_cord,right,sensory
4733,720575941667505139,,front_leg,bristle_neuron,tactile,,front_leg_bristle_neuron,SNta42,,,,id:1970,afferent,,,,SNta42,id:46614,left_prothoracic_leg_nerve,,acetylcholine,,,bristle,ventral_nerve_cord,left,sensory
4734,720575941668280051,,,,,,ventral_nerve_cord_ipsilateral_restricted,IN04B053,,,,,intrinsic,,,04B,IN04B053,id:101453,,,acetylcholine,acetylcholine,,,ventral_nerve_cord,left,ventral_nerve_cord_intrinsic
4735,720575941668336883,,,ascending_neuron,,,,AN08B023,AN_GNG_SAD_4,id:720575940629524483,,,intrinsic,,,08B,AN08B023,id:12994,,,acetylcholine,acetylcholine,,,neck_connective,left,ascending
4736,720575941668442801,,front_leg,bristle_neuron,tactile,,front_leg_bristle_neuron,SNta41,,,,id:1089,afferent,,,,SNta41,id:46599,left_prothoracic_leg_nerve,,acetylcholine,,,bristle,ventral_nerve_cord,left,sensory
4737,720575941668446385,,,single_leg_neuromere,,,ventral_nerve_cord_ipsilateral_restricted,IN19A013,,,,,intrinsic,,,19A,IN19A013,id:10826,,,gaba,gaba,,,ventral_nerve_cord,left,ventral_nerve_cord_intrinsic
4738,720575941668465319,,,descending_neuron,,,,DNge111,DNge111,id:720575940631061900,,,intrinsic,,,LB7,DNxn144,id:43801,,,acetylcholine,,,,neck_connective,right,descending
4739,720575941668597415,,,single_leg_neuromere,,,ventral_nerve_cord_ipsilateral_restricted,IN20A.22A003,,,,,intrinsic,,,20A.22A,IN20A.22A003,id:12412,,,acetylcholine,acetylcholine,,,ventral_nerve_cord,right,ventral_nerve_cord_intrinsic
4740,720575941668602535,,,,,,ventral_nerve_cord_bilateral_restricted,IN16B056,,,,,intrinsic,,,16B,IN16B056,id:24299,,,glutamate,glutamate,,,ventral_nerve_cord,right,ventral_nerve_cord_intrinsic
4741,720575941668670631,,,single_leg_neuromere,,,ventral_nerve_cord_ipsilateral_restricted,IN19A015,,,,,intrinsic,,,19A,IN19A015,id:11148,,,gaba,gaba,,,ventral_nerve_cord,right,ventral_nerve_cord_intrinsic
4742,720575941668675495,,,,,,ventral_nerve_cord_ipsilateral_restricted,IN20A.22A085,,,,,intrinsic,,,20A.22A,IN20A.22A085,id:27591,,,acetylcholine,acetylcholine,,,ventral_nerve_cord,right,ventral_nerve_cord_intrinsic
4743,720575941668676007,,,,,,ventral_nerve_cord_contralateral_restricted,IN01A085,,,,,intrinsic,,,01A,IN01A085,id:27055,,,acetylcholine,acetylcholine,,,ventral_nerve_cord,right,ventral_nerve_cord_intrinsic
4744,720575941668682407,,,ventral_nerve_cord_centripetal,,,ventral_nerve_cord_ipsilateral_interconnecting,IN19A093,,,,,intrinsic,,,19A,,,,,gaba,gaba,,,ventral_nerve_cord,right,ventral_nerve_cord_intrinsic
4745,720575941668683687,front_leg,,leg_motor_neuron,leg_motor,move_coxa_anterior,front_leg_motor_neuron,tergopleural_promotor_pleural_promotor,,,,,efferent,,,,,,left_dorsal_prothoracic_nerve,,,,,tergopleural_promotor_muscle,ventral_nerve_cord,left,motor
4746,720575941668688039,,,,,,ventral_nerve_cord_ipsilateral_restricted,IN16B038,,,,,intrinsic,,,16B,IN16B038,id:15814,,,glutamate,glutamate,,,ventral_nerve_cord,right,ventral_nerve_cord_intrinsic
4747,720575941668691367,,,,,,ventral_nerve_cord_contralateral_restricted,IN13B075,,,,,intrinsic,,,13B,,,,,glutamate,gaba,,,ventral_nerve_cord,left,ventral_nerve_cord_intrinsic
4748,720575941668780209,,"front_leg,trochanter",hair_plate_neuron,proprioception,joint_angle,front_leg_hair_plate_neuron,SNppxx,,,,,afferent,,,,SNppxx,id:68749,right_prothoracic_leg_nerve,,gaba,,,hair_plate,ventral_nerve_cord,right,sensory
4749,720575941668844209,,,ascending_neuron,,,,AN07B013,AN_GNG_158,id:720575940620015787,,,intrinsic,,,07B,AN07B013,id:10746,,,glutamate,,,,neck_connective,right,ascending
4750,720575941668848817,,,single_leg_neuromere,proprioception,,ventral_nerve_cord_contralateral_restricted,IN13B054,,,,,intrinsic,,,13B,IN13B054,id:22610,,,gaba,gaba,,,ventral_nerve_cord,right,ventral_nerve_cord_intrinsic
4751,720575941668914609,,,descending_neuron,,,,DNge145,DNge145,id:720575940622728728,,,intrinsic,,,LB7,DNxn116,id:31170,,,acetylcholine,,,,neck_connective,right,descending
4752,720575941669104883,,,,,,ventral_nerve_cord_ipsilateral_interconnecting,IN07B014,,,,,intrinsic,,,07B,IN07B014,id:11008,,,acetylcholine,acetylcholine,,,ventral_nerve_cord,right,ventral_nerve_cord_intrinsic
4753,720575941669324019,,,descending_neuron,,,,DNg42,DNg42,id:720575940624448956,,,intrinsic,,,MX3,DNg42,id:19682,,,glutamate,,,,neck_connective,left,descending
4754,720575941669361907,,front_leg,bristle_neuron,tactile,,front_leg_bristle_neuron,SNta21,,,,,afferent,,,,SNta21,id:179682,left_prothoracic_leg_nerve,,gaba,,,bristle,ventral_nerve_cord,left,sensory
4755,720575941669726129,,,descending_neuron,,,,DNg85,DNg85,id:720575940621628582,,,intrinsic,,,LB23,DNg85,id:26448,,,acetylcholine,,LB23_L_11,,neck_connective,left,descending
4756,720575941669778353,,,single_leg_neuromere,,,ventral_nerve_cord_bilateral_restricted,IN14A012,,,,,intrinsic,,,14A,IN14A012,id:15179,,,glutamate,,,,ventral_nerve_cord,left,ventral_nerve_cord_intrinsic
4757,720575941669799601,,,single_leg_neuromere,tactile,,ventral_nerve_cord_ipsilateral_restricted,IN20A.22A007,,,,,intrinsic,,,20A.22A,IN20A.22A007,id:34221,,,acetylcholine,acetylcholine,,,ventral_nerve_cord,right,ventral_nerve_cord_intrinsic
4758,720575941669801905,,,descending_neuron,,,,DNg54,DNg54,id:720575940648188548,,,intrinsic,,,LB7__prim,DNg54,id:18614,,,acetylcholine,,,,neck_connective,right,descending
4759,720575941669803953,,,,,,ventral_nerve_cord_ipsilateral_interconnecting,IN03B025,,,,,intrinsic,,,03B,IN03B025,id:11662,,,gaba,,,,ventral_nerve_cord,left,ventral_nerve_cord_intrinsic
4760,720575941669856945,,,ascending_neuron,,,,AN03B009,AN_GNG_12,id:720575940623224811,,,intrinsic,,,03B,AN03B009,id:10429,,,gaba,,,,neck_connective,left,ascending
4761,720575941670280154,,front_leg,bristle_neuron,tactile,,front_leg_bristle_neuron,SNta42,,,,,afferent,,,,SNta42,id:147753,left_prothoracic_leg_nerve,,acetylcholine,,,bristle,ventral_nerve_cord,left,sensory
4762,720575941670303450,,front_leg,bristle_neuron,tactile,,front_leg_bristle_neuron,SNta37,,,,,afferent,,,,SNta37,id:41550,left_prothoracic_leg_nerve,,acetylcholine,,,bristle,ventral_nerve_cord,left,sensory
4763,720575941670315994,,front_leg,bristle_neuron,tactile,,front_leg_bristle_neuron,SNta29,,,,,afferent,,,,SNta29,id:30354,left_prothoracic_leg_nerve,,acetylcholine,,,bristle,ventral_nerve_cord,left,sensory
4764,720575941670316506,,front_leg,bristle_neuron,tactile,,front_leg_bristle_neuron,SNta38,,,,,afferent,,,,SNta38,id:32415,left_prothoracic_leg_nerve,,acetylcholine,,,bristle,ventral_nerve_cord,left,sensory
4765,720575941670317274,,front_leg,bristle_neuron,tactile,,front_leg_bristle_neuron,SNta29,,,,id:1597,afferent,,,,SNta29,id:102228,left_prothoracic_leg_nerve,,acetylcholine,,,bristle,ventral_nerve_cord,left,sensory
4766,720575941670320346,,front_leg,bristle_neuron,tactile,,front_leg_bristle_neuron,SNta35,,,,id:1746,afferent,,,,SNta35,id:140848,left_prothoracic_leg_nerve,,acetylcholine,,,bristle,ventral_nerve_cord,left,sensory
4767,720575941670491815,,,single_leg_neuromere,,,ventral_nerve_cord_ipsilateral_restricted,IN16B042,,,,,intrinsic,,,16B,IN16B042,id:15452,,,glutamate,glutamate,,,ventral_nerve_cord,left,ventral_nerve_cord_intrinsic
4768,720575941670572465,,,,,,ventral_nerve_cord_bilateral_interconnecting,IN02A029,,,,,intrinsic,,,02A,IN02A029,id:25690,,,glutamate,glutamate,,,ventral_nerve_cord,right,ventral_nerve_cord_intrinsic
4769,720575941671411367,,,single_leg_neuromere,,,ventral_nerve_cord_ipsilateral_restricted,IN20A.22A004,,,,,intrinsic,,,20A.22A,IN20A.22A004,id:22980,,,acetylcholine,acetylcholine,,,ventral_nerve_cord,right,ventral_nerve_cord_intrinsic
4770,720575941671430311,,,single_leg_neuromere,,,ventral_nerve_cord_ipsilateral_restricted,IN17A019,,,,,intrinsic,,,17A,IN17A019,id:11518,,,acetylcholine,acetylcholine,,,ventral_nerve_cord,right,ventral_nerve_cord_intrinsic
4771,720575941671435687,,,single_leg_neuromere,,,ventral_nerve_cord_bilateral_restricted,IN14A042,,,,,intrinsic,,,14A,IN14A042,id:103611,,,glutamate,,,,ventral_nerve_cord,right,ventral_nerve_cord_intrinsic
4772,720575941671438247,,,descending_neuron,,,,DNpe036,DNpe036,id:720575940647471395,,,intrinsic,,,SMPpv2_dorsal,DNxn140,id:15769,,,gaba,,,,neck_connective,left,descending
4773,720575941671443623,,,ventral_nerve_cord_serially_convergent,,,ventral_nerve_cord_bilateral_interconnecting,IN07B002,,,,,intrinsic,,,07B,IN07B002,id:10404,,,acetylcholine,acetylcholine,,,ventral_nerve_cord,right,ventral_nerve_cord_intrinsic
4774,720575941671479207,,,ascending_neuron,,,,AN07B025,AN_IPS_GNG_6,id:720575940623467664,,,intrinsic,,,07B,AN07B025,id:11869,,,acetylcholine,acetylcholine,,,neck_connective,right,ascending
4775,720575941671947687,,,descending_neuron,,,,DNge116,DNge116,id:720575940631051065,,,intrinsic,,,,,,,,acetylcholine,,,,neck_connective,left,descending
4776,720575941673512175,,front_leg,taste_peg_neuron,gustatory_tactile,,front_leg_taste_peg_neuron,SNch10,,,,,afferent,,,,SNch10,id:42136557956,left_prothoracic_leg_nerve,,acetylcholine,,,taste_peg,ventral_nerve_cord,left,sensory
4777,720575941673513967,,front_leg,bristle_neuron,tactile,,front_leg_bristle_neuron,SNta42,,,,,afferent,,,,SNta42,id:61746,left_prothoracic_leg_nerve,,acetylcholine,,,bristle,ventral_nerve_cord,left,sensory
4778,720575941673566703,,front_leg,,proprioception,joint_angle,,SNpp45,,,,,afferent,,,,,,left_prothoracic_leg_nerve,,gaba,,,hair_plate,ventral_nerve_cord,left,sensory
4779,720575941674209775,,front_leg,bristle_neuron,tactile,,front_leg_bristle_neuron,SNxxxx,,,,id:1398,afferent,,,,SNxxxx,id:66869,left_prothoracic_leg_nerve,,gaba,,,bristle,ventral_nerve_cord,left,sensory
4780,720575941678517181,,,,,,ventral_nerve_cord_bilateral_interconnecting,IN11A005,,,,,intrinsic,,,11A,,,,,acetylcholine,acetylcholine,,,ventral_nerve_cord,right,ventral_nerve_cord_intrinsic
4781,720575941678521021,,,,,,ventral_nerve_cord_bilateral_interconnecting,IN06A032,,,,,intrinsic,,,06A,,,,,gaba,gaba,,,ventral_nerve_cord,left,ventral_nerve_cord_intrinsic
4782,720575941678541245,,,,,,ventral_nerve_cord_contralateral_restricted,IN01A063,,,,,intrinsic,,,01A,IN01A063,id:20424,,,acetylcholine,acetylcholine,,,ventral_nerve_cord,left,ventral_nerve_cord_intrinsic
4783,720575941678543805,,,single_leg_neuromere,,,ventral_nerve_cord_contralateral_restricted,IN12B034,,,,,intrinsic,,,12B,IN12B034,id:18334,,,gaba,gaba,,,ventral_nerve_cord,left,ventral_nerve_cord_intrinsic
4784,720575941679006653,,,,tactile,,ventral_nerve_cord_ipsilateral_restricted,IN08A041,,,,,intrinsic,,,08A,IN08A041,id:16405,,,glutamate,glutamate,,,ventral_nerve_cord,right,ventral_nerve_cord_intrinsic
4785,720575941679089391,,front_leg,campaniform_sensillum_neuron,proprioception,mechanical_strain,front_leg_campaniform_sensillum_neuron,SNxxxx,,,,id:1286,afferent,,,,SNxxxx,id:141641,left_prothoracic_leg_nerve,,gaba,,,campaniform_sensillum,ventral_nerve_cord,left,sensory
4786,720575941680101053,,,,,,ventral_nerve_cord_bilateral_restricted,IN19A121,,,,,intrinsic,,,19A,IN19A121,id:51546,,,gaba,gaba,,,ventral_nerve_cord,right,ventral_nerve_cord_intrinsic
4787,720575941680144573,,front_leg,bristle_neuron,tactile,,front_leg_bristle_neuron,SNta29,,,,,afferent,,,,SNta29,id:47107,right_prothoracic_leg_nerve,,acetylcholine,,,bristle,ventral_nerve_cord,right,sensory
4788,720575941680271037,,front_leg,chordotonal_organ_neuron,proprioception,position,front_leg_claw_chordotonal_organ_neuron,SNpp50,,,,,afferent,,,,SNpp50,id:96728,left_prothoracic_leg_nerve,,gaba,acetylcholine,claw,chordotonal_organ,ventral_nerve_cord,left,sensory
4789,720575941680282351,,front_leg,bristle_neuron,tactile,,front_leg_bristle_neuron,SNxxxx,,,,,afferent,,,,SNxxxx,id:43602,left_prothoracic_leg_nerve,,gaba,,,bristle,ventral_nerve_cord,left,sensory
4790,720575941680648893,,,descending_neuron,,,,DNge019,DNge019,id:720575940622386824,,,intrinsic,,,MX12,DNg12,id:31123,,,acetylcholine,,MX12_R_4,,neck_connective,right,descending
4791,720575941681023421,,,ascending_neuron,,,,AN14A003,AN_GNG_46,id:720575940616832901,,,intrinsic,,,14A,AN14A003,id:10411,,,glutamate,,,,neck_connective,left,ascending
4792,720575941681032125,,,descending_neuron,,,,DNg02_d,DNg02_d,id:720575940630492714,,,intrinsic,,,LB12,DNg02,id:21714,,,acetylcholine,acetylcholine,,,neck_connective,right,descending
4793,720575941681075389,,,ascending_neuron,,,,ANXXX026,AN_GNG_23,id:720575940630705170,,,intrinsic,,,TBD,ANXXX026,id:11002,,,gaba,,,,neck_connective,right,ascending
4794,720575941681678525,,,descending_neuron,,,,DNge093,DNge093,id:720575940623543117,,,intrinsic,,,LB7,DNg08,id:24458,,,acetylcholine,,,,neck_connective,right,descending
4795,720575941681716925,,front_leg,bristle_neuron,tactile,,front_leg_bristle_neuron,SNta38,,,,id:1238,afferent,,,,SNta38,id:175504,left_prothoracic_leg_nerve,,gaba,,,bristle,ventral_nerve_cord,left,sensory
4796,720575941681953981,,,descending_neuron,,,,DNp36,DNp36,id:720575940630992813,,,intrinsic,,,DM6_central1,pIP9,id:12380,,,glutamate,,,,neck_connective,right,descending
4797,720575941682268861,,,descending_neuron,,,,DNp13,DNp13,id:720575940619486891,,,intrinsic,DNp13,id:1229107423,PSp2,DNp13,id:10962,,,acetylcholine,,,,neck_connective,left,descending
4798,720575941684766703,,,,,,ventral_nerve_cord_ipsilateral_restricted,IN08A050,,,,,intrinsic,,,08A,IN08A050,id:25776,,,glutamate,glutamate,,,ventral_nerve_cord,right,ventral_nerve_cord_intrinsic
4799,720575941684802287,,,,,,ventral_nerve_cord_ipsilateral_restricted,IN13A056,,,,,intrinsic,,,13A,,,,,gaba,gaba,,,ventral_nerve_cord,left,ventral_nerve_cord_intrinsic
4800,720575941685621004,,,,,,ventral_nerve_cord_bilateral_interconnecting,IN08B052,,,,,intrinsic,,,08B,IN08B052,id:14516,,,acetylcholine,acetylcholine,,,ventral_nerve_cord,left,ventral_nerve_cord_intrinsic
4801,720575941685691375,,,ascending_neuron,,,,AN19B004,,,,,intrinsic,,,19B,AN19B004,id:10205,,,acetylcholine,acetylcholine,,,neck_connective,left,ascending
4802,720575941685705740,,,single_leg_neuromere,,,ventral_nerve_cord_ipsilateral_restricted,IN20A.22A067,,,,,intrinsic,,,20A.22A,IN20A.22A067,id:27815,,,acetylcholine,acetylcholine,,,ventral_nerve_cord,right,ventral_nerve_cord_intrinsic
4803,720575941685711116,,,,,,ventral_nerve_cord_ipsilateral_restricted,IN20A.22A089,,,,,intrinsic,,,20A.22A,IN20A.22A089,id:32451,,,acetylcholine,acetylcholine,,,ventral_nerve_cord,left,ventral_nerve_cord_intrinsic
4804,720575941685776652,,,single_leg_neuromere,,,ventral_nerve_cord_contralateral_restricted,IN13B078,,,,,intrinsic,,,13B,,,,,gaba,gaba,,,ventral_nerve_cord,left,ventral_nerve_cord_intrinsic
4805,720575941686037878,,,,,,ventral_nerve_cord_contralateral_interconnecting,IN06B040,,,,,intrinsic,,,06B,IN06B040,id:19848,,,gaba,gaba,,,ventral_nerve_cord,left,ventral_nerve_cord_intrinsic
4806,720575941686043254,,,single_leg_neuromere,proprioception,,ventral_nerve_cord_contralateral_restricted,IN14A038,,,,,intrinsic,,,14A,IN14A038,id:34040,,,glutamate,,,,ventral_nerve_cord,right,ventral_nerve_cord_intrinsic
4807,720575941686310895,,,descending_neuron,,,,DNge024,DNge024,id:720575940631035603,,,intrinsic,,,MX12,DNfl031,id:23461,,,acetylcholine,,MX12_L_19,,neck_connective,left,descending
4808,720575941686808950,,,single_leg_neuromere,proprioception,,ventral_nerve_cord_contralateral_restricted,IN14A028,,,,,intrinsic,,,14A,IN14A028,id:19040,,,glutamate,,,,ventral_nerve_cord,left,ventral_nerve_cord_intrinsic
4809,720575941687006988,,,descending_neuron,,,,DNge071,DNge071,id:720575940614959675,,,intrinsic,,,LB6,DNg10,id:39045,,,gaba,,,,neck_connective,right,descending
4810,720575941687026415,,,,,,ventral_nerve_cord_ipsilateral_restricted,IN20A.22A062,,,,,intrinsic,,,20A.22A,IN20A.22A062,id:26782,,,acetylcholine,acetylcholine,,,ventral_nerve_cord,left,ventral_nerve_cord_intrinsic
4811,720575941687349878,,,single_leg_neuromere,,,ventral_nerve_cord_ipsilateral_restricted,IN19A073,,,,,intrinsic,,,19A,,,,,gaba,gaba,,,ventral_nerve_cord,left,ventral_nerve_cord_intrinsic
4812,720575941687408623,,,ascending_neuron,,,,AN06B040,AN_multi_6,id:720575940615799179,,,intrinsic,,,06B,AN06B040,id:14138,,,gaba,gaba,,,neck_connective,left,ascending
4813,720575941687421302,,,descending_neuron,,,,DNg09,DNg09,id:720575940630297292,,,intrinsic,,,LB7,DNxn144,id:30744,,,acetylcholine,acetylcholine,,,neck_connective,left,descending
4814,720575941687468812,,,single_leg_neuromere,,,ventral_nerve_cord_ipsilateral_restricted,IN19A059,,,,,intrinsic,,,19A,IN19A059,id:19331,,,gaba,gaba,,,ventral_nerve_cord,left,ventral_nerve_cord_intrinsic
4815,720575941687524079,,,,,,ventral_nerve_cord_ipsilateral_restricted,IN09A063,,,,,intrinsic,,,09A,IN09A063,id:100002,,,gaba,gaba,,,ventral_nerve_cord,right,ventral_nerve_cord_intrinsic
4816,720575941687527436,,,,,,ventral_nerve_cord_bilateral_interconnecting,IN08B054,,,,,intrinsic,,,08B,IN08B054,id:14550,,,acetylcholine,acetylcholine,,,ventral_nerve_cord,left,ventral_nerve_cord_intrinsic
4817,720575941687586060,,,ascending_neuron,,,,ANXXX041,AN_GNG_123,id:720575940640515699,,,intrinsic,,,TBD,ANXXX041,id:11500,,,gaba,,,,neck_connective,left,ascending
4818,720575941687586316,,,ascending_neuron,,,,ANXXX041,AN_GNG_64,id:720575940654227105,,,intrinsic,,,TBD,ANXXX041,id:11500,,,gaba,,,,neck_connective,left,ascending
4819,720575941687601782,,,,,,ventral_nerve_cord_bilateral_interconnecting,IN08B082,,,,,intrinsic,,,08B,IN08B082,id:18652,,,acetylcholine,acetylcholine,,,ventral_nerve_cord,right,ventral_nerve_cord_intrinsic
4820,720575941687667574,,,ascending_neuron,,,,AN08B998,,,AN08B998,id:12244,intrinsic,,,,,,,,acetylcholine,,,,neck_connective,right,ascending
4821,720575941687717103,,,,,,,,,,,,afferent,,,,,,right_prothoracic_leg_nerve,,gaba,,,,ventral_nerve_cord,right,sensory
4822,720575941687875035,,,single_leg_neuromere,,,ventral_nerve_cord_contralateral_restricted,IN12B059,,,,,intrinsic,,,12B,IN12B059,id:22316,,,gaba,gaba,,,ventral_nerve_cord,left,ventral_nerve_cord_intrinsic
4823,720575941687913199,,,,,,ventral_nerve_cord_ipsilateral_restricted,IN21A079,,,,,intrinsic,,,21A,IN21A079,id:100140,,,glutamate,,,,ventral_nerve_cord,right,ventral_nerve_cord_intrinsic
4824,720575941687916783,,,single_leg_neuromere,,,ventral_nerve_cord_ipsilateral_restricted,IN20A.22A008,,,,,intrinsic,,,20A.22A,IN20A.22A008,id:18155,,,acetylcholine,acetylcholine,,,ventral_nerve_cord,left,ventral_nerve_cord_intrinsic
4825,720575941687929071,,,single_leg_neuromere,,,ventral_nerve_cord_ipsilateral_restricted,IN01B056,,,,,intrinsic,,,01B,IN01B056,id:24482,,,gaba,gaba,,,ventral_nerve_cord,left,ventral_nerve_cord_intrinsic
4826,720575941687933403,,,,,,ventral_nerve_cord_ipsilateral_restricted,IN03A085,,,,,intrinsic,,,03A,IN03A085,id:20057,,,acetylcholine,acetylcholine,,,ventral_nerve_cord,left,ventral_nerve_cord_intrinsic
4827,720575941687946459,,,single_leg_neuromere,tactile,,ventral_nerve_cord_ipsilateral_restricted,IN08A041,,,,,intrinsic,,,08A,IN08A041,id:37065,,,glutamate,glutamate,,,ventral_nerve_cord,right,ventral_nerve_cord_intrinsic
4828,720575941687952859,,,single_leg_neuromere,,,ventral_nerve_cord_ipsilateral_restricted,IN09A047,,,,,intrinsic,,,09A,IN09A047,id:21657,,,gaba,gaba,,,ventral_nerve_cord,left,ventral_nerve_cord_intrinsic
4829,720575941687975643,,,,,,ventral_nerve_cord_ipsilateral_restricted,IN21A083,,,,,intrinsic,,,21A,IN21A083,id:44225,,,glutamate,,,,ventral_nerve_cord,right,ventral_nerve_cord_intrinsic
4830,720575941688133871,,,descending_neuron,,,,DNge046,DNge046,id:720575940620714150,,,intrinsic,,,putative_primary,,,,,gaba,,,,neck_connective,right,descending
4831,720575941688189935,,,descending_neuron,,,,DNb01,DNb01,id:720575940625878160,,,intrinsic,,,putative_primary,DNb01,id:12020,,,glutamate,glutamate,,,neck_connective,left,descending
4832,720575941688230296,,,single_leg_neuromere,,,ventral_nerve_cord_ipsilateral_restricted,IN20A.22A049,,,,,intrinsic,,,20A.22A,IN20A.22A049,id:25921,,,acetylcholine,acetylcholine,,,ventral_nerve_cord,left,ventral_nerve_cord_intrinsic
4833,720575941688242328,,,descending_neuron,,,,DNge024,DNge024,id:720575940611807795,,,intrinsic,,,MX12,DNg12,id:31742,,,acetylcholine,,MX12_R_16,,neck_connective,right,descending
4834,720575941688250998,,,descending_neuron,,,,DNg47,DNg47,id:720575940631629160,,,intrinsic,,,putative_primary,DNg47,id:24892,,,acetylcholine,,,,neck_connective,right,descending
4835,720575941688487948,,,,,,ventral_nerve_cord_bilateral_interconnecting,IN03A005,,,,,intrinsic,,,03A,IN03A005,id:11100,,,acetylcholine,acetylcholine,,,ventral_nerve_cord,right,ventral_nerve_cord_intrinsic
4836,720575941688502796,,front_leg,bristle_neuron,tactile,,front_leg_bristle_neuron,SNta44,,,,,afferent,,,,SNta44,id:52886,right_prothoracic_leg_nerve,,acetylcholine,,,bristle,ventral_nerve_cord,right,sensory
4837,720575941688508635,,,single_leg_neuromere,,,ventral_nerve_cord_ipsilateral_restricted,IN20A.22A016,,,,,intrinsic,,,20A.22A,IN20A.22A016,id:19873,,,acetylcholine,acetylcholine,,,ventral_nerve_cord,right,ventral_nerve_cord_intrinsic
4838,720575941688512524,,,ventral_nerve_cord_serially_convergent,,,ventral_nerve_cord_bilateral_interconnecting,INXXX161,,,,,intrinsic,,,TBD,INXXX161,id:13575,,,acetylcholine,,,,ventral_nerve_cord,right,ventral_nerve_cord_intrinsic
4839,720575941688519692,,,single_leg_neuromere,,,ventral_nerve_cord_ipsilateral_restricted,IN03A073,,,,,intrinsic,,,03A,IN03A073,id:18834,,,acetylcholine,acetylcholine,,,ventral_nerve_cord,right,ventral_nerve_cord_intrinsic
4840,720575941688550383,,front_leg,bristle_neuron,tactile,,front_leg_bristle_neuron,SNta20,,,,,afferent,,,,SNta20,id:45090,left_prothoracic_leg_nerve,,acetylcholine,,,bristle,ventral_nerve_cord,left,sensory
4841,720575941688560367,,,descending_neuron,,,,DNpe034,DNpe034,id:720575940615559892,,,intrinsic,,,SMPpv1,oviDN,id:15424,,,acetylcholine,,oviDNx,,neck_connective,left,descending
4842,720575941688574360,,,descending_neuron,,,,DNge109,DNge109,id:720575940621121159,,,intrinsic,,,LB7,DNut054,id:169854,,,acetylcholine,,,,neck_connective,right,descending
4843,720575941688631414,,,ascending_neuron,,,,AN07B003,,,,,intrinsic,,,07B,AN07B003,id:10294,,,acetylcholine,acetylcholine,,,ventral_nerve_cord,right,ascending
4844,720575941688644315,,,descending_neuron,,,,DNge085,DNge085,id:720575940625343761,,,intrinsic,,,LB6,DNnt011,id:34390,,,gaba,,,,neck_connective,right,descending
4845,720575941688651382,,,single_leg_neuromere,,,ventral_nerve_cord_ipsilateral_restricted,IN19A011,,,,,intrinsic,,,19A,IN19A011,id:172107,,,gaba,gaba,,,ventral_nerve_cord,right,ventral_nerve_cord_intrinsic
4846,720575941688674200,,,descending_neuron,,,,DNge115,DNge115,id:720575940614562207,,,intrinsic,,,LB7,DNxn109,id:37675,,,acetylcholine,,,,neck_connective,left,descending
4847,720575941688806412,,,descending_neuron,,,,DNg58,DNg58,id:720575940615030568,,,intrinsic,,,putative_primary,DNxn145,id:27629,,,acetylcholine,,,,neck_connective,right,descending
4848,720575941689154828,,,,,,,,,,,,,,,,,,,,serotonin,,,,ventral_nerve_cord,left,
4849,720575941689199323,,,,,,ventral_nerve_cord_ipsilateral_restricted,IN04B015,,,,,intrinsic,,,04B,IN04B015,id:15524,,,acetylcholine,acetylcholine,,,ventral_nerve_cord,right,ventral_nerve_cord_intrinsic
4850,720575941689339510,,"front_leg,trochanter",hair_plate_neuron,proprioception,joint_angle,front_leg_hair_plate_neuron,SNppxx,,,,,afferent,,,,SNppxx,id:65476,right_prothoracic_leg_nerve,,gaba,,,hair_plate,ventral_nerve_cord,right,sensory
4851,720575941689415692,,,descending_neuron,,,,DNa07,DNa07,id:720575940633727339,,,intrinsic,,,WEDd1,DNa07,id:25786,,,acetylcholine,,,,neck_connective,right,descending
4852,720575941689416716,,,descending_neuron,,,,DNde003,DNde003,id:720575940623110123,,,intrinsic,,,,DNfl021,id:30389,,,acetylcholine,,,,neck_connective,left,descending
4853,720575941689631756,,,descending_neuron,,,,DNpe037,DNpe037,id:720575940635552948,,,intrinsic,,,DM6_central2,DNxn113,id:28617,,,acetylcholine,,,,neck_connective,right,descending
4854,720575941689646710,,,descending_neuron,,,,DNp25,DNp25,id:720575940629509948,,,intrinsic,,,DM2_central,DNp25,id:53591964492,,,gaba,"acetylcholine,gaba",,,neck_connective,left,descending
4855,720575941689654284,,front_leg,chordotonal_organ_neuron,proprioception,position,front_leg_claw_chordotonal_organ_neuron,SNpp50,,,,,afferent,,,,SNpp50,id:168834,right_prothoracic_leg_nerve,,gaba,acetylcholine,claw,chordotonal_organ,ventral_nerve_cord,right,sensory
4856,720575941689709019,,,descending_neuron,,,,DNg07,DNg07,id:720575940612429714,,,intrinsic,,,LB7,DNut034,id:43795,,,acetylcholine,,,,neck_connective,left,descending
4857,720575941689777627,,,,,,ventral_nerve_cord_bilateral_interconnecting,IN11A010,,,,,intrinsic,,,11A,IN11A010,id:17529,,,acetylcholine,acetylcholine,,,ventral_nerve_cord,left,ventral_nerve_cord_intrinsic
4858,720575941689802870,,,ascending_neuron,,,,AN06B034,AN_multi_50,id:720575940631672268,,,intrinsic,,,06B,AN06B034,id:13390,,,gaba,gaba,,,neck_connective,right,ascending
4859,720575941689803227,,,single_leg_neuromere,,,ventral_nerve_cord_bilateral_restricted,IN23B018,,,,,intrinsic,,,23B,IN23B018,id:16865,,,acetylcholine,acetylcholine,,,ventral_nerve_cord,left,ventral_nerve_cord_intrinsic
4860,720575941689824920,,,,,,ventral_nerve_cord_bilateral_interconnecting,IN03A029,,,,,intrinsic,,,03A,IN03A029,id:14491,,,acetylcholine,acetylcholine,,,ventral_nerve_cord,left,ventral_nerve_cord_intrinsic
4861,720575941689845110,,front_leg,bristle_neuron,tactile,,front_leg_bristle_neuron,SNta21,,,,,afferent,,,,SNta21,id:175595,left_prothoracic_leg_nerve,,gaba,,,bristle,ventral_nerve_cord,left,sensory
4862,720575941689845366,,,single_leg_neuromere,,,ventral_nerve_cord_contralateral_restricted,IN13B030,,,,,intrinsic,,,13B,,,,,gaba,gaba,,,ventral_nerve_cord,right,ventral_nerve_cord_intrinsic
4863,720575941689865880,,,single_leg_neuromere,,,ventral_nerve_cord_bilateral_restricted,IN19B012,,,,,intrinsic,,,19B,IN19B012,id:154691,,,acetylcholine,acetylcholine,,,ventral_nerve_cord,left,ventral_nerve_cord_intrinsic
4864,720575941689867416,,,,,,ventral_nerve_cord_ipsilateral_restricted,IN20A.22A038,,,,,intrinsic,,,20A.22A,IN20A.22A038,id:26796,,,acetylcholine,acetylcholine,,,ventral_nerve_cord,left,ventral_nerve_cord_intrinsic
4865,720575941689874072,,,,,,ventral_nerve_cord_ipsilateral_restricted,IN08A046,,,,,intrinsic,,,08A,IN08A046,id:26020,,,glutamate,glutamate,,,ventral_nerve_cord,left,ventral_nerve_cord_intrinsic
4866,720575941689876120,,front_leg,bristle_neuron,tactile,,front_leg_bristle_neuron,SNta44,,,,,afferent,,,,SNta44,id:49247,right_prothoracic_leg_nerve,,acetylcholine,,,bristle,ventral_nerve_cord,right,sensory
4867,720575941690766555,,,descending_neuron,,,,DNge120,DNge120,id:720575940621801456,,,intrinsic,,,MX3,DNxl084,id:19080,,,glutamate,,,,neck_connective,left,descending
4868,720575941690780123,,,,,,ventral_nerve_cord_bilateral_interconnecting,GFC4,,,,,intrinsic,,,11A,GFC4,id:31823,,,acetylcholine,acetylcholine,,,ventral_nerve_cord,right,ventral_nerve_cord_intrinsic
4869,720575941690788827,,,descending_neuron,,,,DNge058,DNge058,id:720575940606633248,,,intrinsic,,,putative_primary,DNxl091,id:16683,,,acetylcholine,,,,neck_connective,left,descending
4870,720575941690789851,,,,,,ventral_nerve_cord_ipsilateral_restricted,IN04B094,,,,,intrinsic,,,04B,IN04B094,id:17935,,,acetylcholine,acetylcholine,,,ventral_nerve_cord,left,ventral_nerve_cord_intrinsic
4871,720575941690864603,,haltere,campaniform_sensillum_neuron,proprioception,mechanical_strain,haltere_campaniform_sensillum_neuron,SApp07,SA_DMT_DMetaN_12,id:720575940614413685,,,afferent,,,,SApp07,id:12081,left_dorsal_metathoracic_nerve,,acetylcholine,,,campaniform_sensillum,neck_connective,left,sensory_ascending
4872,720575941690874331,,,descending_neuron,,,,DNp16,DNp16,id:720575940615219417,,,intrinsic,,,PSp2,DNut042,id:30119,,,acetylcholine,,,,neck_connective,left,descending
4873,720575941690957787,,,ascending_neuron,,,,ANXXX049,AN_GNG_22,id:720575940609311586,,,intrinsic,,,TBD,ANXXX049,id:12215,,,acetylcholine,,,,neck_connective,left,ascending
4874,720575941690964888,,,descending_neuron,,,,DNpe014,DNpe014,id:720575940627924227,,,intrinsic,,,putative_primary,DNxn119,id:21150,,,acetylcholine,,,,neck_connective,left,descending
4875,720575941690972056,,,single_leg_neuromere,,,ventral_nerve_cord_bilateral_restricted,IN17A016,,,,,intrinsic,,,17A,IN17A016,id:11924,,,acetylcholine,acetylcholine,,,ventral_nerve_cord,left,ventral_nerve_cord_intrinsic
4876,720575941690986136,,,,,,ventral_nerve_cord_ipsilateral_restricted,IN16B091,,,,,intrinsic,,,16B,IN16B091,id:23455,,,glutamate,glutamate,,,ventral_nerve_cord,right,ventral_nerve_cord_intrinsic
4877,720575941691002264,,,ascending_neuron,,,,AN08B031,AN_GNG_90,id:720575940619781914,,,intrinsic,,,08B,AN08B031,id:14544,,,acetylcholine,acetylcholine,,,neck_connective,right,ascending
4878,720575941691005080,,,ascending_neuron,,,,AN07B003,AN_GNG_17,id:720575940628586071,,,intrinsic,,,07B,AN07B003,id:10322,,,acetylcholine,acetylcholine,,,neck_connective,left,ascending
4879,720575941691007896,front_leg,,leg_motor_neuron,leg_motor,move_coxa_posterior_lateral,front_leg_motor_neuron,pleural_remotor_and_abductor_miller_29,,,,,efferent,,,,,,right_prothoracic_accessory_nerve,,acetylcholine,,,pleural_remotor_and_abductor_muscle,ventral_nerve_cord,right,motor
4880,720575941691012248,,,,,,ventral_nerve_cord_bilateral_interconnecting,IN06B006,,,,,intrinsic,,,06B,IN06B006,id:11380,,,gaba,gaba,,,ventral_nerve_cord,right,ventral_nerve_cord_intrinsic
4881,720575941691013016,,,,,,ventral_nerve_cord_ipsilateral_interconnecting,IN19A032,,,,,intrinsic,,,19A,IN19A032,id:12655,,,acetylcholine,,,,ventral_nerve_cord,right,ventral_nerve_cord_intrinsic
4882,720575941691026072,,,ventral_nerve_cord_centrifugal,,,ventral_nerve_cord_bilateral_interconnecting,IN18B011,,,,,intrinsic,,,18B,IN18B011,id:14712,,,acetylcholine,acetylcholine,,,ventral_nerve_cord,left,ventral_nerve_cord_intrinsic
4883,720575941691031704,,,descending_neuron,,,,DNg48,DNg48,id:720575940628225167,,,intrinsic,,,putative_primary,DNg48,id:14867,,,acetylcholine,,,,neck_connective,right,descending
4884,720575941691254680,,,ascending_neuron,,,,ANXXX130,AN_GNG_166,id:720575940605811657,,,intrinsic,,,TBD,ANXXX130,id:14122,,,gaba,,SAP1,,neck_connective,left,ascending
4885,720575941691308952,,,descending_neuron,,,,DNg34,DNg34,id:720575940620543025,,,intrinsic,,,putative_primary,DNg34,id:10210,,,octopamine,"glutamate,octopamine",OA-VPM1,,neck_connective,left,descending
4886,720575941691311512,,,descending_neuron,,,,DNg31,DNg31,id:720575940660229505,,,intrinsic,,,MD3,DNg31,id:11257,,,gaba,,,,neck_connective,right,descending
4887,720575941691438299,,"coxa,front_leg",hair_plate_neuron,proprioception,joint_angle,front_leg_hair_plate_neuron,SNpp45,,,,,afferent,,,,SNpp45,id:22677,left_ventral_prothoracic_nerve,,gaba,,CoHP8,"CoHP8,hair_plate",ventral_nerve_cord,left,sensory
4888,720575941691440091,,front_leg,chordotonal_organ_neuron,proprioception,direction,front_leg_hook_chordotonal_organ_neuron,SNpp39,,,,id:1168,afferent,,,,SNpp39,id:30692,left_prothoracic_leg_nerve,,gaba,acetylcholine,hook,chordotonal_organ,ventral_nerve_cord,left,sensory
4889,720575941691706264,,,ascending_neuron,,,,AN19B001,AN_GNG_3,id:720575940622730239,,,intrinsic,,,19B,AN19B001,id:10182,,,acetylcholine,acetylcholine,,,neck_connective,left,ascending
4890,720575941691800539,,,descending_neuron,,,,DNpe021,DNpe021,id:720575940606179686,,,intrinsic,,,SMPpv2_ventral,DNxn163,id:11427,,,acetylcholine,,,,neck_connective,left,descending
4891,720575941691806683,,,descending_neuron,,,,DNg32,DNg32,id:720575940609948514,,,intrinsic,,,MX3,DNg32,id:14820,,,acetylcholine,,,,neck_connective,right,descending
4892,720575941691903640,,front_leg,chordotonal_organ_neuron,proprioception,direction,front_leg_hook_chordotonal_organ_neuron,SNpp39,,,,,afferent,,,,SNpp39,id:196644,right_prothoracic_leg_nerve,,gaba,acetylcholine,hook,chordotonal_organ,ventral_nerve_cord,right,sensory
4893,720575941692003736,,,,,,ventral_nerve_cord_bilateral_interconnecting,IN18B012,,,,,intrinsic,,,18B,IN18B012,id:100587,,,acetylcholine,acetylcholine,,,ventral_nerve_cord,right,ventral_nerve_cord_intrinsic
4894,720575941692162456,,,descending_neuron,,,,DNg02_h,DNg02_h,id:720575940626377349,,,intrinsic,,,LB12,DNg02,id:20843,,,acetylcholine,acetylcholine,,,neck_connective,left,descending
4895,720575941700293082,,,descending_neuron,,,,DNg06,DNg06,id:720575940618698411,,,intrinsic,,,LB12,DNg06,id:30304,,,acetylcholine,,,,neck_connective,right,descending
4896,720575941700445914,,,single_leg_neuromere,,,ventral_nerve_cord_contralateral_restricted,IN13B032,,,,,intrinsic,,,13B,IN13B032,id:16337,,,gaba,gaba,,,ventral_nerve_cord,right,ventral_nerve_cord_intrinsic
4897,720575941700563930,,,,,,ventral_nerve_cord_ipsilateral_restricted,IN13A043,,,,,intrinsic,,,13A,IN13A043,id:19775,,,gaba,gaba,,,ventral_nerve_cord,left,ventral_nerve_cord_intrinsic
4898,720575941700583386,,,,,,ventral_nerve_cord_ipsilateral_restricted,IN19A122,,,,,intrinsic,,,19A,IN19A122,id:22350,,,gaba,gaba,,,ventral_nerve_cord,left,ventral_nerve_cord_intrinsic
4899,720575941700599258,,,single_leg_neuromere,,,ventral_nerve_cord_ipsilateral_restricted,IN03A062,,,,,intrinsic,,,03A,IN03A062,id:18451,,,acetylcholine,acetylcholine,,,ventral_nerve_cord,right,ventral_nerve_cord_intrinsic
4900,720575941701235930,,,descending_neuron,,,,DNpe017,DNpe017,id:720575940629866283,,,intrinsic,,,putative_primary,DNxn142,id:10721,,,acetylcholine,,,,neck_connective,left,descending
4901,720575941701672666,,,descending_neuron,,,,DNge097,DNge097,id:720575940617990228,,,intrinsic,,,MD3,DNp72,id:25965,,,glutamate,,,,neck_connective,right,descending
4902,720575941701807834,,,,,,ventral_nerve_cord_ipsilateral_restricted,IN03A094,,,,,intrinsic,,,03A,IN03A094,id:24452,,,acetylcholine,acetylcholine,,,ventral_nerve_cord,left,ventral_nerve_cord_intrinsic
4903,720575941702076634,,,,,,ventral_nerve_cord_bilateral_interconnecting,IN01A075,,,,,intrinsic,,,01A,IN01A075,id:28124,,,acetylcholine,acetylcholine,,,ventral_nerve_cord,left,ventral_nerve_cord_intrinsic
4904,720575941702161370,,front_leg,bristle_neuron,tactile,,front_leg_bristle_neuron,SNta44,,,,,afferent,,,,SNta44,id:49247,right_prothoracic_leg_nerve,,acetylcholine,,,bristle,ventral_nerve_cord,right,sensory
4905,720575941702171610,,,single_leg_neuromere,,,ventral_nerve_cord_ipsilateral_restricted,IN04B092,,,,,intrinsic,,,04B,IN04B092,id:17740,,,acetylcholine,acetylcholine,,,ventral_nerve_cord,right,ventral_nerve_cord_intrinsic
4906,720575941702235610,,front_leg,,,,putative_front_leg_claw_chordotonal_organ_neuron,SNpp50,,,,,afferent,,,,SNpp50,id:32265,right_prothoracic_leg_nerve,,gaba,,,,ventral_nerve_cord,right,sensory
4907,720575941702828506,,,,,,ventral_nerve_cord_contralateral_restricted,IN12B058,,,,,intrinsic,,,12B,IN12B058,id:22003,,,gaba,gaba,,,ventral_nerve_cord,left,ventral_nerve_cord_intrinsic
4908,720575941703131610,,,,,,ventral_nerve_cord_ipsilateral_interconnecting,IN19A006,,,,,intrinsic,,,19A,IN19A006,id:10447,,,acetylcholine,,,,ventral_nerve_cord,left,ventral_nerve_cord_intrinsic
4909,720575941703138522,,,ascending_neuron,,,,AN12B005,AN_GNG_156,id:720575940623264904,,,intrinsic,,,12B,AN12B005,id:10245,,,gaba,gaba,,,neck_connective,left,ascending
4910,720575941703161306,,,ascending_neuron,,,,AN18B002,AN_GNG_7,id:720575940614642491,,,intrinsic,,,18B,AN18B002,id:10804,,,acetylcholine,acetylcholine,,,neck_connective,left,ascending
4911,720575941703163866,,front_leg,campaniform_sensillum_neuron,proprioception,mechanical_strain,front_leg_campaniform_sensillum_neuron,SNppxx,,,,,afferent,,,,SNppxx,id:101007,left_prothoracic_leg_nerve,,gaba,,,campaniform_sensillum,ventral_nerve_cord,left,sensory
4912,720575941703165914,,hind_leg,orphan_neuron,proprioception,,hind_leg_orphan_neuron,SNppxx,,,,,afferent,,,,,,left_prothoracic_leg_nerve,,gaba,,,orphan,ventral_nerve_cord,left,sensory
4913,720575941703171802,,,single_leg_neuromere,,,ventral_nerve_cord_bilateral_restricted,IN08A008,,,,,intrinsic,,,08A,IN08A008,id:11353,,,glutamate,glutamate,,,ventral_nerve_cord,left,ventral_nerve_cord_intrinsic
4914,720575941703184090,,,single_leg_neuromere,,,ventral_nerve_cord_bilateral_restricted,IN10B012,,,,,intrinsic,,,10B,IN10B012,id:11586,,,acetylcholine,acetylcholine,,,ventral_nerve_cord,right,ventral_nerve_cord_intrinsic
4915,720575941703187674,,,descending_neuron,,,,DNg87,DNg87,id:720575940627828552,,,intrinsic,,,LB7__prim,DNg87,id:14623,,,acetylcholine,,,,neck_connective,right,descending
4916,720575941703384026,,,descending_neuron,,,,DNpe001,DNpe001,id:720575940630106309,,,intrinsic,,,putative_primary,,,,,acetylcholine,,,,neck_connective,left,descending
4917,720575941704109786,,,descending_neuron,,,,DNge090,DNge090,id:720575940625047815,,,intrinsic,,,LB7,DNg08,id:25606,,,acetylcholine,,,,neck_connective,left,descending
4918,720575941720436538,,,,,,ventral_nerve_cord_bilateral_interconnecting,IN11A005,,,,,intrinsic,,,11A,IN11A005,id:16574,,,acetylcholine,acetylcholine,,,ventral_nerve_cord,left,ventral_nerve_cord_intrinsic
4919,720575941720470842,,,,,,ventral_nerve_cord_ipsilateral_restricted,IN19A122,,,,,intrinsic,,,19A,IN19A122,id:30927,,,gaba,gaba,,,ventral_nerve_cord,right,ventral_nerve_cord_intrinsic
4920,720575941720479034,front_leg,,leg_motor_neuron,leg_motor,extend_coxa_trochanter_joint,front_leg_motor_neuron,trochanter_extensor,,,,,efferent,,,,,,left_prothoracic_leg_nerve,,gaba,,,trochanter_extensor_muscle,ventral_nerve_cord,left,motor
4921,720575941720483898,,,single_leg_neuromere,,,ventral_nerve_cord_contralateral_restricted,IN14A110,,,,,intrinsic,,,14A,IN14A110,id:47304,,,glutamate,,,,ventral_nerve_cord,left,ventral_nerve_cord_intrinsic
4922,720575941720492346,front_leg,,leg_motor_neuron,leg_motor,extend_tibia_tarsus_joint,front_leg_motor_neuron,tarsus_depressor_B,,,,,efferent,,,,,,left_prothoracic_leg_nerve,,,,,tarsus_depressor_muscle,ventral_nerve_cord,left,motor
4923,720575941721156922,,,single_leg_neuromere,,,ventral_nerve_cord_ipsilateral_restricted,IN09A047,,,,,intrinsic,,,09A,IN09A047,id:23670,,,gaba,gaba,,,ventral_nerve_cord,right,ventral_nerve_cord_intrinsic
4924,720575941721638714,,,descending_neuron,,,,DNb09,DNb09,id:720575940616826380,,,intrinsic,,,putative_primary,DNb09,id:12304,,,glutamate,glutamate,,,neck_connective,left,descending
4925,720575941721640506,,,descending_neuron,,,,DNg46,DNg46,id:720575940638664355,,,intrinsic,,,MX3,DNg46,id:31648,,,glutamate,,,,neck_connective,left,descending
4926,720575941722019386,,,single_leg_neuromere,,,ventral_nerve_cord_contralateral_restricted,IN01A056,,,,,intrinsic,,,01A,IN01A056,id:25678,,,acetylcholine,acetylcholine,,,ventral_nerve_cord,right,ventral_nerve_cord_intrinsic
4927,720575941722043706,,,ventral_nerve_cord_serially_convergent,,,ventral_nerve_cord_bilateral_interconnecting,IN23B047,,,,,intrinsic,,,23B,IN23B047,id:101498,,,acetylcholine,acetylcholine,,,ventral_nerve_cord,right,ventral_nerve_cord_intrinsic
4928,720575941722047290,front_leg,,leg_motor_neuron,leg_motor,extend_tibia_tarsus_joint,front_leg_motor_neuron,tarsus_depressor_dipalpha_ventralU,,,,id:245,efferent,,,15B,Ta depressor MN,id:15434,right_prothoracic_leg_nerve,,gaba,glutamate,,tarsus_depressor_muscle,ventral_nerve_cord,right,motor
4929,720575941722108218,,,descending_neuron,,,,DNg07,DNg07,id:720575940614181585,,,intrinsic,,,LB7,DNg07,id:35897,,,acetylcholine,,,,neck_connective,right,descending
4930,720575941722144314,,front_leg,bristle_neuron,tactile,,front_leg_bristle_neuron,SNxxxx,,,,,afferent,,,,SNxxxx,id:43832,right_prothoracic_leg_nerve,,acetylcholine,,,bristle,ventral_nerve_cord,right,sensory
4931,720575941722153530,,,,,,ventral_nerve_cord_contralateral_restricted,IN14A064,,,,,intrinsic,,,14A,IN14A064,id:22571,,,glutamate,,,,ventral_nerve_cord,right,ventral_nerve_cord_intrinsic
4932,720575941722210362,,,descending_neuron,,,,DNg06,DNg06,id:720575940612698287,,,intrinsic,,,LB12,DNg06,id:29831,,,acetylcholine,,,,neck_connective,left,descending
4933,720575941722224186,,,ascending_neuron,,,,AN08B041,AN_multi_53,id:720575940630016761,,,intrinsic,,,08B,AN08B041,id:15580,,,acetylcholine,acetylcholine,,,neck_connective,right,ascending
4934,720575941723161402,,,,,,ventral_nerve_cord_bilateral_interconnecting,IN18B008,,,,,intrinsic,,,18B,IN18B008,id:10800,,,acetylcholine,acetylcholine,,,ventral_nerve_cord,left,ventral_nerve_cord_intrinsic
4935,720575941723165754,,,single_leg_neuromere,,,ventral_nerve_cord_ipsilateral_restricted,IN21A019,,,,,intrinsic,,,21A,IN21A019,id:13670,,,glutamate,,,,ventral_nerve_cord,left,ventral_nerve_cord_intrinsic
4936,720575941723167546,,,,,,ventral_nerve_cord_bilateral_interconnecting,IN06B018,,,,,intrinsic,,,06B,IN06B018,id:10952,,,gaba,gaba,,,ventral_nerve_cord,left,ventral_nerve_cord_intrinsic
4937,720575941723196986,,,,,,ventral_nerve_cord_bilateral_interconnecting,IN01A019,,,,,intrinsic,,,01A,IN01A019,id:34506,,,acetylcholine,acetylcholine,,,ventral_nerve_cord,right,ventral_nerve_cord_intrinsic
4938,720575941723220282,,,descending_neuron,,,,DNpe029,DNpe029,id:720575940617873201,,,intrinsic,,,,DNxl063,id:151729,,,acetylcholine,,,,neck_connective,left,descending
4939,720575941723233338,,,ascending_neuron,,,,AN01B002,AN_GNG_121,id:720575940606197193,,,intrinsic,,,01B,AN01B002,id:11197,,,gaba,gaba,,,neck_connective,right,ascending
4940,720575941723377978,,,ascending_neuron,,,,AN04B001,AN_GNG_VES_5,id:720575940626669355,,,intrinsic,,,04B,AN04B001,id:10413,,,acetylcholine,acetylcholine,,,neck_connective,right,ascending
4941,720575941723589946,,,single_leg_neuromere,tactile,,ventral_nerve_cord_contralateral_restricted,IN01A036,,,,,intrinsic,,,01A,IN01A036,id:14431,,,acetylcholine,acetylcholine,,,ventral_nerve_cord,left,ventral_nerve_cord_intrinsic
4942,720575941724184890,,,descending_neuron,,,,DNb08,DNb08,id:720575940642549467,,,intrinsic,,,putative_primary,DNb08,id:13892,,,acetylcholine,,,,neck_connective,left,descending
4943,720575941729957931,,,,,,ventral_nerve_cord_bilateral_restricted,IN08A050,,,,,intrinsic,,,08A,IN08A050,id:30827,,,glutamate,glutamate,,,ventral_nerve_cord,left,ventral_nerve_cord_intrinsic
4944,720575941729983787,,,single_leg_neuromere,,,ventral_nerve_cord_contralateral_restricted,IN12B074,,,,,intrinsic,,,12B,IN12B074,id:22255,,,gaba,gaba,,,ventral_nerve_cord,left,ventral_nerve_cord_intrinsic
4945,720575941730006571,,,single_leg_neuromere,,,ventral_nerve_cord_contralateral_restricted,IN14A004,,,,,intrinsic,,,14A,IN14A004,id:12285,,,glutamate,,,,ventral_nerve_cord,right,ventral_nerve_cord_intrinsic
4946,720575941730244651,,,descending_neuron,,,,DNg12_c,DNg12_c,id:720575940627417619,,,intrinsic,,,MX12,DNnt008,id:32534,,,acetylcholine,,MX12_R_30,,neck_connective,right,descending
4947,720575941730332715,,,descending_neuron,,,,DNg02_a,DNg02_a,id:720575940632573887,,,intrinsic,,,,DNg06,id:29021,,,acetylcholine,,,,neck_connective,right,descending
4948,720575941731655979,,,descending_neuron,,,,DNge094,DNge094,id:720575940623498876,,,intrinsic,,,LB7,,,,,acetylcholine,,,,neck_connective,right,descending
4949,720575941732527915,,front_leg,campaniform_sensillum_neuron,proprioception,mechanical_strain,front_leg_campaniform_sensillum_neuron,SNppxx,,,,,afferent,,,,SNppxx,id:101007,left_prothoracic_leg_nerve,,gaba,,,campaniform_sensillum,ventral_nerve_cord,left,sensory
4950,720575941732549675,,,,,,ventral_nerve_cord_ipsilateral_restricted,IN20A.22A035,,,,,intrinsic,,,20A.22A,IN20A.22A035,id:21472,,,acetylcholine,acetylcholine,,,ventral_nerve_cord,right,ventral_nerve_cord_intrinsic
4951,720575941732586539,,,descending_neuron,,,,DNg05_a,DNg05_a,id:720575940609589443,,,intrinsic,,,,DNut053,id:19878,,,acetylcholine,,,,neck_connective,left,descending
4952,720575941732907819,,front_leg,orphan_neuron,,,front_leg_orphan_neuron,SNpp45,,,,,afferent,,,,SNpp45,id:172221,right_prothoracic_leg_nerve,,gaba,,,orphan,ventral_nerve_cord,right,sensory
4953,720575941733034283,,,descending_neuron,,,,DNp19,DNp19,id:720575940616647483,,,intrinsic,,,putative_primary,DNp19,id:11718,,,acetylcholine,,,,neck_connective,left,descending
4954,720575941733143339,,,descending_neuron,,,,DNg94,DNg94,id:720575940626888250,,,intrinsic,,,,DNg94,id:20253,,,acetylcholine,,,,neck_connective,right,descending
4955,720575941733215019,,,descending_neuron,,,,DNpe013,DNpe013,id:720575940636879534,,,intrinsic,,,putative_primary,DNxn149,id:16746,,,acetylcholine,,,,neck_connective,right,descending
