,0,1,2,3,4,5,6,7,8,9,10,11,12,13,14,15
0,0.0,0.0,0.0,0.0,0.0,0.0,0.0,0.0,0.0,0.0,0.0,0.0,0.0,0.0,0.0,0.0
1,0.0,0.0,0.0,0.0,0.0,0.0,0.0,0.0,0.0,0.0,0.0,0.0,0.0,0.0,0.0,0.0
3,0.0,0.0,0.0,0.0,0.0,0.0,0.0,0.0,0.0,0.0,0.0,0.0,0.0,0.0,0.0,0.08315534144639969
7,0.0,0.0,0.0,0.0,0.0,0.0,0.0,0.0,0.0,0.0,0.0,0.0,0.0,0.0,0.0,0.0
20,0.0,0.0,0.0,0.4070579707622528,0.0,0.0,0.0,0.0,0.0,0.0,0.0,0.0,0.0,0.0,0.0,0.0
31,0.9980840086936951,0.8248042464256287,0.9664027094841003,0.9943203330039978,0.999413013458252,0.9812127351760864,0.8273230195045471,0.8994190096855164,0.999224066734314,0.9989305138587952,0.9975579977035522,0.9950439929962158,0.9979919791221619,0.9989623427391052,0.9988700151443481,0.9974233508110046
37,0.0,0.8848947286605835,0.8270506262779236,0.637872576713562,0.0,0.8922458291053772,0.6689580082893372,0.8622997403144836,0.8250782489776611,0.7274527549743652,0.8200487494468689,0.872468888759613,0.886827290058136,0.7925671339035034,0.8979554772377014,0.5998024940490723
41,0.0,0.0,0.0,0.0,0.0,0.0,0.0,0.0,0.0,0.0,0.0,0.0,0.0,0.0,0.0,0.0
43,0.0,0.0,0.0,0.0,0.0,0.0,0.0,0.0,0.0,0.0,0.0,0.0,0.0,0.0,0.0,0.0
46,0.0,0.0,0.0,0.0,0.0,0.0,0.0,0.0,0.0,0.0,0.0,0.0,0.0,0.0,0.0,0.0
48,0.0,0.0,0.6307752728462219,0.0,0.0,0.0,0.20364783704280853,0.0,0.6898255348205566,0.7426703572273254,0.0,0.0,0.0,0.0,0.655788779258728,0.0
49,0.0,0.0,0.0,0.0,0.0,0.0,0.0,0.0,0.0,0.0,0.0,0.0,0.0,0.0,0.0,0.0
51,0.21685099601745605,0.0,0.0,0.7359849810600281,0.0,0.0,0.0,0.0,0.0,0.0,0.0,0.0,0.0,0.0,0.0,0.0
54,0.05599600076675415,0.0,0.0,0.0,0.0,0.03175583481788635,0.0,0.1656186580657959,0.024437999352812767,0.0,0.0,0.0,0.0,0.07549367100000381,0.0,0.0
58,0.0,0.0,0.0,0.0,0.0,0.0,0.0,0.0,0.0,0.0,0.0,0.0,0.0,0.0,0.0,0.0
89,0.06621956825256348,0.029898125678300858,0.0,0.0,0.050262000411748886,0.0,0.0,0.0,0.0,0.08839262276887894,0.0,0.0,0.017229750752449036,0.1501692533493042,0.0,0.0
95,0.0,0.0,0.0,0.0,0.0,0.0,0.0,0.0,0.0,0.0,0.0,0.0,0.0,0.0,0.0,0.0
99,0.0,0.0,0.0,0.0,0.0,0.0,0.0,0.0,0.0,0.0,0.0,0.0,0.0,0.0,0.0,0.0
104,0.0,0.0,0.0,0.0,0.0,0.0,0.0,0.0,0.0,0.047658614814281464,0.061669718474149704,0.0,0.0,0.0,0.0,0.0
106,0.0,0.9753313064575195,0.29103267192840576,0.7860506176948547,0.9915790557861328,0.8453470468521118,0.9943482279777527,0.9905662536621094,0.8574403524398804,0.518588662147522,0.6195365190505981,0.30269473791122437,0.25919127464294434,0.3147227466106415,0.9739434719085693,0.9995449781417847
115,0.0,0.0,0.0,0.0,0.0,0.0,0.0,0.0,0.0,0.0,0.0,0.0,0.0,0.0,0.0,0.0
118,0.0,0.0,0.0,0.0,0.0,0.0,0.0,0.0,0.0,0.0,0.0,0.0,0.0,0.0,0.0,0.0
123,0.0,0.0,0.0,0.0,0.0,0.0,0.0,0.0,0.0,0.0,0.0,0.0,0.0,0.0,0.0,0.0
126,0.0,0.0,0.0,0.0,0.0,0.0,0.0,0.0,0.0,0.0,0.0,0.0,0.0,0.0,0.0,0.0
132,0.9865009188652039,0.9998465180397034,0.9271245002746582,0.918459951877594,0.9055759310722351,0.9985430240631104,0.9988390207290649,0.9896612167358398,0.9939562082290649,0.9297116994857788,0.8813106417655945,0.9493237733840942,0.997783362865448,0.9966659545898438,0.9340087175369263,0.999281644821167
170,0.0,0.0,0.0,0.0,0.0,0.0,0.0,0.0,0.0,0.0,0.0,0.0,0.0,0.0,0.0,0.0
173,0.0,0.0,0.0,0.0,0.0,0.0,0.0,0.0,0.0,0.0,0.0,0.0,0.0,0.0,0.0,0.0
186,0.18157674372196198,0.39180147647857666,0.3525392413139343,0.017010999843478203,0.2978837490081787,0.19594699144363403,0.39831802248954773,0.17413800954818726,0.32419222593307495,0.050407249480485916,0.40707096457481384,0.5176032185554504,0.34727925062179565,0.3630637526512146,0.26128876209259033,0.1529107540845871
191,0.13920874893665314,0.15988999605178833,0.12433426082134247,0.07125099748373032,0.0,0.09944324940443039,0.3918757438659668,0.2530043423175812,0.0,0.17337100207805634,0.13432767987251282,0.08016599714756012,0.22016799449920654,0.06000775098800659,0.11500324308872223,0.0
202,0.0,0.0,0.0,0.0,0.0,0.0,0.0,0.0,0.0,0.0,0.0,0.0,0.0,0.0,0.0,0.0
211,0.0,0.0,0.0,0.0,0.0,0.0,0.0,0.0,0.0,0.0,0.0,0.0,0.0,0.0,0.0,0.0
213,0.18293340504169464,0.0,0.0,0.04437105730175972,0.0,0.0,0.14330455660820007,0.10093503445386887,0.2554348111152649,0.025496944785118103,0.0,0.1907985806465149,0.0,0.0,0.25837987661361694,0.18834644556045532
224,0.0,0.0,0.0,0.0,0.0,0.0,0.0,0.0,0.0,0.0,0.0,0.0,0.0,0.0,0.0,0.0
248,0.0,0.0,0.0,0.0,0.0,0.0,0.0,0.0,0.0,0.0,0.0,0.0,0.0,0.0,0.0,0.0
250,0.0,0.01379433274269104,0.0,0.025288833305239677,0.0,0.0,0.0,0.0,0.888556957244873,0.7533237338066101,0.036727000027894974,0.0,0.044586144387722015,0.0,0.15002727508544922,0.0
253,0.0,0.0,0.0,0.0,0.0,0.0,0.0,0.0,0.0,0.0,0.0,0.0,0.0,0.0,0.0,0.0
254,0.0,0.0,0.0,0.0,0.0,0.0,0.0,0.0,0.0,0.0,0.0,0.0,0.0,0.0,0.0,0.0
256,0.0,0.0,0.0,0.0,0.0,0.0,0.0,0.0,0.0,0.0,0.0,0.0,0.0,0.0,0.0,0.0
258,0.11700662970542908,0.0,0.04575751721858978,0.16264915466308594,0.03757207468152046,0.12477599829435349,0.17846935987472534,0.18050076067447662,0.0,0.1336086243391037,0.0,0.0,0.056119248270988464,0.0456392727792263,0.0,0.0
262,0.13945834338665009,0.2938506603240967,0.0,0.0,0.0,0.0,0.023320332169532776,0.0,0.0,0.14165841042995453,0.0,0.0,0.0,0.0,0.15808099508285522,0.0
266,0.0,0.0,0.0,0.0,0.0,0.0,0.0,0.024503638967871666,0.0,0.0,0.11545059829950333,0.0,0.0,0.06845780462026596,0.0,0.0
271,0.0,0.0,0.0,0.0,0.0,0.0,0.0,0.0,0.0,0.0,0.0,0.0,0.0,0.0,0.0,0.0
275,0.0,0.0,0.0,0.0,0.0,0.0,0.0,0.0,0.0,0.0,0.0,0.0,0.0,0.0,0.0,0.0
281,0.0,0.0,0.0,0.0,0.02560233324766159,0.0,0.0,0.0,0.0,0.0,0.0,0.022113999351859093,0.0,0.086522676050663,0.0,0.0
283,0.0,0.0,0.0,0.0,0.0,0.0,0.0,0.0,0.0,0.0,0.0,0.0,0.0,0.0,0.0,0.0
284,0.0,0.0,0.0,0.0,0.0,0.0,0.0,0.0,0.0,0.0,0.0,0.027860000729560852,0.0,0.0,0.0,0.0
288,0.0,0.0,0.0,0.0,0.0,0.0,0.0,0.0,0.0,0.0,0.0,0.0,0.0,0.0,0.0,0.0
292,0.16106292605400085,0.0,0.0,0.0,0.02188067138195038,0.03508516773581505,0.0,0.0,0.0,0.0,0.08125630766153336,0.02490171790122986,0.0,0.0,0.0,0.0
296,0.0,0.0,0.0,0.0,0.0,0.0,0.0,0.0,0.0,0.0,0.0,0.0,0.0,0.0,0.0,0.0
313,0.0,0.0,0.0,0.0,0.0,0.0,0.0,0.0,0.0,0.0,0.0,0.0,0.0,0.0,0.0,0.0
316,0.0,0.0,0.0,0.0,0.0,0.0,0.0,0.0,0.0,0.0,0.0,0.0,0.0,0.0,0.0,0.0
324,0.0,0.0,0.0,0.0,0.0,0.0,0.0,0.0,0.0,0.0,0.0,0.0,0.0,0.0,0.0,0.0
326,0.0,0.0,0.0,0.0,0.0,0.0,0.0,0.0,0.0,0.0,0.0,0.0,0.0,0.0,0.0,0.0
346,0.8045904636383057,0.6244399547576904,0.9207592606544495,0.5323215126991272,0.9205855131149292,0.430015504360199,0.3739606738090515,0.9647824764251709,0.4972744882106781,0.600928008556366,0.6392790079116821,0.5701850056648254,0.4745975136756897,0.24409949779510498,0.3812974989414215,0.7092999815940857
351,0.0,0.0,0.0,0.0,0.2623545229434967,0.0,0.696963369846344,0.0,0.0,0.0,0.0,0.0,0.0,0.0,0.0,0.0
355,0.0,0.0,0.0,0.0,0.0,0.0,0.0,0.0,0.0,0.0,0.0,0.0,0.0,0.0,0.0,0.0
361,0.0,0.0,0.0,0.0,0.0,0.0,0.0,0.0,0.0,0.0,0.0,0.0,0.0,0.0,0.0,0.0
368,0.0,0.0,0.0,0.0,0.05785999819636345,0.0,0.0,0.0,0.0,0.0,0.0,0.0,0.0,0.0,0.0,0.0
369,0.8537476062774658,0.4357511103153229,0.0,0.41133448481559753,0.6234038472175598,0.4579918384552002,0.8144218325614929,0.819105327129364,0.5999782085418701,0.5734235644340515,0.0,0.6345013380050659,0.5209872722625732,0.48919352889060974,0.5342473387718201,0.7531630992889404
374,0.0,0.0,0.0,0.0,0.0,0.0,0.0,0.0,0.0,0.0,0.0,0.0,0.0,0.0,0.0,0.0
385,0.1445608288049698,0.0,0.0,0.0,0.0,0.0,0.0,0.0,0.0,0.0,0.0,0.0,0.02795248292386532,0.0,0.0,0.0
388,0.3777334988117218,0.2121681421995163,0.40145015716552734,0.12810158729553223,0.19752459228038788,0.04970775172114372,0.4251956045627594,0.6884576678276062,0.5491981506347656,0.0,0.3912281394004822,0.0,0.6236239671707153,0.0,0.8607816696166992,0.0
398,0.011064214631915092,0.0,0.11257293820381165,0.1046496033668518,0.0,0.0,0.20317570865154266,0.5723479986190796,0.08652851730585098,0.37230929732322693,0.121100053191185,0.008266391232609749,0.0,0.07679128646850586,0.12227481603622437,0.08386822789907455
406,0.0,0.7803266644477844,0.6210430860519409,0.0,0.4492408037185669,0.0,0.29804688692092896,0.29024916887283325,0.32709577679634094,0.7089201211929321,0.6321835517883301,0.44762343168258667,0.980952799320221,0.7584437727928162,0.0,0.7399898767471313
407,0.0,0.0,0.0,0.0,0.0,0.0,0.0,0.0,0.0,0.0,0.0,0.0,0.0,0.0,0.0,0.0
408,0.0,0.0,0.0,0.0,0.0,0.0,0.0,0.0,0.0,0.0,0.0,0.0,0.0,0.0,0.0,0.0
420,0.0,0.0,0.0,0.0,0.0,0.0,0.0,0.0,0.0,0.0,0.0,0.0,0.0,0.0,0.0,0.0
421,0.0,0.0,0.0,0.0,0.0,0.0,0.0,0.0,0.0,0.0,0.0,0.0,0.0,0.0,0.0,0.0
426,0.0,0.8011952042579651,0.02608337625861168,0.4112274944782257,0.13097698986530304,0.07011280208826065,0.6169500350952148,0.18234266340732574,0.6454453468322754,0.5643476843833923,0.0,0.10945316404104233,0.758703887462616,0.4576946198940277,0.3496016561985016,0.161427304148674
428,0.0,0.0,0.4647246301174164,0.7204798460006714,0.15060029923915863,0.7213521003723145,0.8077152967453003,0.5795680284500122,0.26255857944488525,0.9084302186965942,0.9966405034065247,0.45670104026794434,0.41748082637786865,0.8515073657035828,0.6571874618530273,0.5684748291969299
430,0.058332666754722595,0.0,0.0,0.0,0.0,0.0,0.0,0.0,0.0,0.0,0.0,0.0,0.0,0.0,0.0,0.0
435,0.0,0.6506359577178955,0.6162723302841187,0.780569851398468,0.7775029540061951,0.8278585076332092,0.6955869793891907,0.17658784985542297,0.6986165046691895,0.8497717380523682,0.722065806388855,0.29854273796081543,0.5970223546028137,0.8911185264587402,0.9026588797569275,0.6574339270591736
438,0.0,0.0,0.0,0.0,0.0,0.0,0.0,0.0,0.0,0.0,0.0,0.0,0.0,0.0,0.0,0.0
443,0.01523322518914938,0.008749513886868954,0.036045148968696594,0.01691666804254055,0.0,0.04591207951307297,0.01423280406743288,0.026637209579348564,0.023501349613070488,0.0,0.0,0.13268384337425232,0.20518054068088531,0.028314538300037384,0.009990661405026913,0.0
447,0.0,0.0,0.0,0.0,0.0,0.0,0.0,0.0,0.0,0.0,0.0,0.0,0.0,0.0,0.0,0.0
449,0.0,0.8854040503501892,0.811240553855896,0.8763675689697266,0.9652740359306335,0.0,0.8656889796257019,0.7447595000267029,0.8351348042488098,0.5214883685112,0.9386248588562012,0.7624872326850891,0.5687743425369263,0.0,0.8645197749137878,0.0
452,0.0,0.0,0.025433499366044998,0.020016198977828026,0.0,0.0,0.0,0.0,0.03348059952259064,0.0,0.0,0.0,0.00740750040858984,0.0,0.0,0.0
464,0.0,0.0,0.0,0.0,0.0,0.0,0.0,0.0,0.0,0.0,0.0,0.0,0.0,0.0,0.0,0.0
467,0.0,0.0,0.06128987669944763,0.0,0.0,0.0,0.0,0.0,0.0,0.3880394995212555,0.0,0.0,0.0,0.0,0.0,0.0
469,0.0,0.0,0.778095006942749,0.0,0.0,0.0,0.0,0.0,0.0,0.0,0.0,0.0,0.0,0.0,0.0,0.0
470,0.0,0.0,0.7282923460006714,0.21790573000907898,0.9932734966278076,0.0,0.0,0.2306869924068451,0.0,0.0,0.0,0.28393158316612244,0.96578449010849,0.6157479882240295,0.0,0.0
474,0.0,0.0,0.0,0.0,0.0,0.0,0.0,0.0,0.0,0.0,0.0,0.0,0.0,0.0,0.0,0.0
477,0.0,0.0,0.0,0.0,0.0,0.0,0.0,0.0,0.0,0.0,0.0,0.0,0.0,0.0,0.0,0.0
479,0.0,0.0,0.0,0.0,0.0,0.0,0.0,0.0,0.0,0.0,0.0,0.0,0.0,0.0,0.0,0.0
480,0.0657883733510971,0.0072259134612977505,0.08513401448726654,0.1433776617050171,0.025053273886442184,0.011674690991640091,0.0,0.0,0.06067265570163727,0.0,0.10346326231956482,0.09559138119220734,0.04541964828968048,0.0,0.018977999687194824,0.0
481,0.9876992106437683,0.0,0.9953116774559021,0.4693611264228821,0.6371514201164246,0.7441028952598572,0.0,0.0,0.8903118371963501,0.5458710193634033,0.8768724203109741,0.6601305603981018,0.0,0.03309988975524902,0.85387122631073,0.013171600177884102
487,0.0,0.0,0.0,0.44355854392051697,0.0,0.0,0.0,0.0,0.0,0.0,0.0,0.0,0.0,0.0,0.0,0.0
494,0.0,0.0,0.0,0.0,0.038548000156879425,0.0,0.0,0.0,0.0,0.0,0.0,0.0,0.0,0.0,0.0,0.0
496,0.0,0.0,0.0,0.0,0.0,0.0,0.0,0.0,0.0,0.0,0.0,0.0,0.0,0.08002720028162003,0.0,0.0
505,0.0,0.0,0.0,0.0,0.0,0.0,0.0,0.0,0.0,0.0,0.0,0.0,0.0,0.0,0.0,0.0
513,0.0,0.0,0.0,0.0,0.0,0.0,0.0,0.0,0.0,0.0,0.0,0.0,0.0,0.0,0.0,0.0
518,0.0,0.0,0.0,0.0,0.0,0.0,0.0,0.0,0.0,0.0,0.0,0.0,0.0,0.0,0.0,0.0
520,0.05158410966396332,0.0,0.0,0.007947918027639389,0.21732434630393982,0.0,0.0,0.11799781769514084,0.0,0.02503909543156624,0.0,0.0,0.0,0.06494661420583725,0.0,0.028997786343097687
521,0.23975440859794617,0.0,0.0,0.0,0.2036556899547577,0.13674592971801758,0.3194787800312042,0.22763942182064056,0.0,0.0,0.0,0.0,0.17401541769504547,0.2903999388217926,0.0,0.0
531,0.0,0.0,0.0,0.0,0.0,0.0,0.0,0.0,0.0,0.0,0.0,0.0,0.0,0.0,0.0,0.0
545,0.0,0.0,0.0,0.0,0.0,0.03431380167603493,0.0,0.0,0.0,0.14782632887363434,0.07298800349235535,0.018401429057121277,0.15467968583106995,0.0,0.0,0.0
547,0.0,0.0,0.0,0.0,0.0,0.0,0.0,0.0,0.0,0.0,0.0,0.0,0.0,0.0,0.0,0.0
554,0.0,0.0,0.3350605368614197,0.16597183048725128,0.3875545561313629,0.24078021943569183,0.5714035630226135,0.0,0.38313865661621094,0.0,0.43998390436172485,0.5998944640159607,0.0,0.0,0.4408535063266754,0.1452273428440094
555,0.0,0.0,0.0,0.0,0.0,0.0,0.0,0.0,0.0,0.0,0.0,0.0,0.0,0.0,0.0,0.0
557,0.0,0.0,0.9976199269294739,0.0,0.0,0.0,0.0,0.0,0.0,0.0,0.0,0.0,0.0,0.0,0.0,0.0
561,0.0,0.0,0.0,0.0,0.0,0.0,0.0,0.0,0.0,0.0,0.0,0.0,0.0,0.0,0.0,0.0
568,0.0,0.0,0.0,0.0,0.0,0.0,0.0,0.0,0.0,0.0,0.0,0.0,0.0,0.0,0.0,0.0
570,0.0,0.0,0.0,0.0,0.0,0.0,0.0,0.0,0.0,0.0,0.0,0.0,0.0,0.0,0.0,0.0
577,0.0,0.0,0.0,0.0,0.0,0.0,0.0,0.0,0.0,0.0,0.0,0.0,0.0,0.0,0.0,0.0
588,0.0,0.0,1.0,0.0,0.0,0.0,0.0,0.0,0.0,0.0,0.0,0.0,0.0,0.0,0.0,0.0
603,0.0,0.0,0.0,0.0,0.0,0.0,0.0,0.0,0.0,0.0,0.0,0.0,0.0,0.0,0.0,0.0
613,0.0,0.0,0.0,0.977846622467041,0.0,0.0,0.0,0.0,0.42927855253219604,0.0,0.5805479884147644,0.0,0.0,0.0,0.9092038869857788,0.0
622,0.0,0.03467249870300293,0.15343712270259857,0.0,0.36487260460853577,0.10254649817943573,0.25170865654945374,0.0,0.0,0.0,0.05294114723801613,0.0,0.0,0.030551625415682793,0.24514983594417572,0.0
635,0.0,0.0,0.0,0.0,0.0,0.0,0.0,0.0,0.0,0.0,0.0,0.0,0.0,0.0,0.0,0.0
643,0.0,0.0,0.0,0.0,0.0,0.0,0.0,0.0,0.0,0.0,0.0,0.0,0.0,0.0,0.0,0.0
653,0.0,0.0,0.0,0.0,0.0,0.0,0.058444298803806305,0.0,0.0,0.0,0.0,0.0,0.04657891392707825,0.0,0.0,0.4301382005214691
661,0.11653698980808258,0.35775426030158997,0.5901594161987305,0.7112420797348022,0.8820585012435913,0.7529010772705078,0.606153666973114,0.05695502460002899,0.6998254656791687,0.01632845215499401,0.6701257824897766,0.0712762400507927,0.052924495190382004,0.08107303828001022,0.1710914671421051,0.4825730323791504
662,0.0534147173166275,0.13604046404361725,0.0,0.0,0.8568825125694275,0.0,0.048222750425338745,0.39683589339256287,0.23661164939403534,0.2711767852306366,0.0,0.0320344977080822,0.0,0.18210552632808685,0.8905052542686462,0.0
664,0.0,0.0,0.0,0.0,0.0,0.0,0.0,0.0,0.0,0.0,0.0,0.0,0.0,0.0,0.0,0.0
677,0.0,0.0,0.0,0.0,0.0,0.0,0.0,0.0,0.0,0.0,0.0,0.0,0.0,0.0,0.0,0.0
678,0.0,0.0,0.0,0.0,0.0,0.0,0.0,0.0,0.0,0.0,0.0,0.0,0.0,0.0,0.0,0.0
680,0.0,0.22333747148513794,0.021208636462688446,0.0,0.0,0.0,0.0,0.0,0.0,0.06297503411769867,0.0,0.0,0.0,0.2193976789712906,0.0,0.2808034121990204
681,0.44122520089149475,0.15980716049671173,0.04196695238351822,0.25478386878967285,0.0,0.5044493675231934,0.0,0.0,0.2724599540233612,0.0,0.0,0.0,0.3465804159641266,0.19128187000751495,0.08399322628974915,0.11533951014280319
684,0.0,0.32259783148765564,0.0,0.0,0.0,0.17212200164794922,0.0,0.0,0.0,0.4531281292438507,0.0,0.09983407706022263,0.0,0.03255760297179222,0.0,0.15392112731933594
689,0.0,0.0,0.0,0.0,0.0,0.0,0.0,0.0,0.0,0.0,0.0,0.0,0.0,0.0,0.0,0.0
695,0.024209000170230865,0.0,0.0,0.0,0.08700075000524521,0.0,0.0,0.02982400171458721,0.0,0.0,0.0,0.0,0.0,0.0,0.0,0.0
704,0.0,0.0,0.0,0.0,0.0,0.0,0.0,0.0,0.0,0.0,0.0,0.0,0.0,0.0,0.0,0.0
724,0.0,0.0,0.0,0.0,0.0,0.0,0.0,0.0,0.0,0.0,0.0,0.0,0.0,0.0,0.0,0.0
725,0.08640825003385544,0.0,0.0,0.0,0.8487643599510193,0.0,0.0,0.0,0.0,0.0,0.0,0.18789298832416534,0.0,0.0,0.0,0.0
731,0.0,0.0,0.0,0.0,0.0,0.0,0.0,0.0,0.0,0.0,0.0,0.0,0.0,0.0,0.0,0.0
737,0.0,0.0,0.0,0.0,0.0,0.0,0.0,0.0,0.0,0.0,0.0,0.0,0.0,0.0,0.0,0.0
738,0.0,0.0,0.0,0.0,0.0,0.0,0.0,0.0,0.0,0.0,0.0,0.0,0.0,0.0,0.0,0.0
751,0.0,0.0,0.03603940084576607,0.0,0.0,0.0,0.0,0.0,0.0,0.0,0.0,0.0,0.0,0.0,0.0,0.0
753,0.7205279469490051,0.0,0.7155770063400269,0.5826717615127563,0.7001967430114746,0.0,0.7946089506149292,0.6471827030181885,0.6925246119499207,0.6964390873908997,0.702974259853363,0.8096928000450134,0.6648473739624023,0.7842828631401062,0.6367260813713074,0.6290135979652405
755,0.0,0.0,0.0,0.0,0.0,0.0,0.0,0.0,0.0,0.0,0.0,0.0,0.0,0.0,0.0,0.0
761,0.0,0.0,0.0,0.0,0.0,0.0,0.0,0.0,0.0,0.0,0.0,0.0,0.0,0.0,0.0,0.0
762,0.0,0.0,0.0,0.0,0.0,0.0,0.0,0.0,0.0,0.0,0.0,0.0,0.0,0.0,0.0,0.0
766,0.0,0.0,0.0,0.0,0.0,0.14900699257850647,0.26172399520874023,0.0,0.0,0.0,0.0,0.0,0.0,0.32554998993873596,0.0,0.0
767,0.0,0.0,0.0,0.0,0.0,0.0,0.0,0.0,0.0,0.0,0.0,0.0,0.0,0.0,0.0,0.0
772,0.0,0.0,0.0,0.0,0.0,0.0,0.0,0.0,0.0,0.0,0.0,0.0,0.0,0.0,0.0,0.0
776,0.0,0.0,0.0,0.0,0.0,0.0,0.0,0.0,0.0,0.0,0.0,0.0,0.0,0.0,0.0,0.0
788,0.0,0.0,0.0,0.0,0.0,0.0,0.0,0.0,0.0,0.0,0.0,0.0,0.0,0.0,0.0,0.0
796,0.0,0.0,0.0,0.0,0.0,0.0,0.0,0.0,0.0,0.0,0.0,0.0,0.0,0.0,0.0,0.0
802,0.0,0.0,0.0,0.0,0.0,0.0,0.0,0.0,0.0,0.0,0.0,0.0,0.0,0.0,0.0,0.0
806,0.0,0.0,0.0,0.0,0.0,0.0,0.0,0.0,0.0,0.09306120127439499,0.0,0.12189986556768417,0.0,0.0,0.0,0.0
814,0.0,0.0,0.0,0.0,0.0,0.0,0.0,0.0,0.0,0.0,0.0,0.0,0.0,0.0,0.0,0.0
846,0.0,0.0,0.0,0.0,0.0,0.0,0.0,0.0,0.0,0.060704294592142105,0.0706174299120903,0.0,0.0,0.0,0.0,0.0
849,0.0,0.3345792889595032,0.2419815957546234,0.0,0.11897910386323929,0.4083462357521057,0.0,0.5211427211761475,0.27220386266708374,0.26501360535621643,0.24412433803081512,0.2699825167655945,0.23999258875846863,0.25135567784309387,0.4929773211479187,0.3703046441078186
858,0.0,0.0,0.0,0.0,0.0,0.0,0.0,0.0,0.0,0.0,0.0,0.0,0.0,0.0,0.0,0.0
865,0.0,0.0,0.0,0.0,0.0,0.0,0.0,0.0,0.0,0.015441222116351128,0.0,0.0,0.0,0.0,0.0,0.0
873,0.0,0.0,0.0,0.0,0.26993608474731445,0.08838900178670883,0.9726165533065796,0.14193809032440186,0.05362299829721451,0.0,0.0,0.0,0.0,0.0,0.710259735584259,0.0
882,0.0,0.0,0.0,0.0,0.0,0.0,0.019921500235795975,0.0,0.0,0.0,0.0,0.0,0.0,0.0,0.0,0.0
883,0.0,0.0,0.0,0.0,0.0,0.0,0.0,0.030632859095931053,0.0,0.0,0.0,0.0,0.0,0.0,0.0,0.0
888,0.0,0.0,0.0,0.0,0.0,0.0,0.0,0.0,0.0,0.0,0.0,0.0,0.0,0.0,0.0,0.0
889,0.034187451004981995,0.02745794504880905,0.02630218118429184,0.09995134174823761,0.02313438430428505,0.2427024245262146,0.05443241447210312,0.45606255531311035,0.27066001296043396,0.04216361790895462,0.2009018063545227,0.0627446174621582,0.05460487678647041,0.011810255236923695,0.0831352025270462,0.10499950498342514
893,0.4431237578392029,0.014233571477234364,0.8293503522872925,0.16305139660835266,0.5806329846382141,0.20573928952217102,0.0,0.15186868607997894,0.2249288409948349,0.4725964665412903,0.0,0.12575975060462952,0.7914374470710754,0.7281292080879211,0.7617210149765015,0.923844039440155
894,0.0,0.0,0.0,0.0,0.0,0.0,0.0,0.0,0.0,0.0,0.0,0.0,0.0,0.0,0.0,0.0
901,0.0,0.4081445336341858,0.0,0.0,0.0,0.0,0.8887720704078674,0.28310999274253845,0.0,0.8741507530212402,0.0,0.0,0.0,0.0,0.27297499775886536,0.0
907,0.0,0.0,0.0,0.0,0.0,0.0,0.0,0.0,0.0,0.0,0.0,0.0,0.0,0.0,0.0,0.0
909,0.3176040053367615,0.0,0.0,0.11266033351421356,0.0,0.0,0.0,0.0,0.0,0.0,0.0,0.0,0.0,0.0,0.0,0.0
918,0.0,0.0,0.0,0.0,0.0,0.0,0.0,0.0,0.0,0.0,0.0,0.0,0.0,0.0,0.0,0.0
921,0.0,0.0,0.0,0.016544736921787262,0.0,0.020164405927062035,0.0,0.012857100926339626,0.09268825501203537,0.0,0.0,0.22420760989189148,0.02025020495057106,0.0,0.012504971586167812,0.025898877531290054
924,0.0,0.0,0.0,0.0,0.0,0.0,0.0,0.0,0.0,0.0,0.0,0.0,0.0,0.0,0.0,0.0
928,0.0,0.1416877806186676,0.0,0.0,0.0,0.4178280532360077,0.4768221378326416,0.0,0.0,0.0,0.0,0.0,0.0,0.0,0.0,0.0
933,0.0,0.0,0.0,0.0,0.0,0.0,0.0,0.0,0.0,0.0,0.0,0.0,0.0,0.0,0.0,0.0
934,0.0,0.0,0.0,0.0,0.0,0.0,0.0,0.0,0.0,0.0,0.0,0.0,0.0,0.0,0.0,0.0
938,0.0,0.0,0.0,0.0,0.0,0.0,0.0,0.0,0.0,0.0,0.0,0.0,0.0,0.0,0.0,0.0
941,0.0,0.0,0.0,0.0,0.0,0.0,0.0,0.0,0.0,0.0,0.0,0.0,0.0,0.0,0.0,0.0
950,0.0,0.0,0.0,0.0,0.0,0.0,0.0,0.0,0.0,0.0,0.0,0.0,0.0,0.0,0.0,0.0
953,0.24275965988636017,0.0,0.0,0.020235290750861168,0.04130532220005989,0.0,0.0,0.0,0.0814841017127037,0.0,0.0,0.04019918292760849,0.0,0.0,0.0,0.0
954,0.0,0.0,0.0,0.0,0.0,0.0,0.0,0.0,0.0,0.0,0.0,0.0,0.0,0.0,0.0,0.0
958,0.4882911741733551,0.18256710469722748,0.7247108817100525,0.02128179930150509,0.18557342886924744,0.02551950141787529,0.314491331577301,0.11584964394569397,0.6603037714958191,0.035980500280857086,0.0,0.6541489958763123,0.20860551297664642,0.09043677151203156,0.0,0.9002115726470947
960,0.0,0.0,0.0,0.0,0.0,0.0,0.0,0.0,0.0,0.0,0.0,0.0,0.0,0.0,0.0,0.0
969,0.0,0.0,0.0,0.0,0.0,0.0,0.0,0.0,0.0,0.0,0.0,0.0,0.0,0.0,0.0,0.0
970,0.12669949233531952,0.774335503578186,0.0,0.07264019548892975,0.5010092854499817,0.06849361956119537,0.2427968680858612,0.15033483505249023,0.1443527787923813,0.15190793573856354,0.0,0.1313902884721756,0.5152264833450317,0.4916664958000183,0.0,0.8169662356376648
971,0.0,0.0,0.0,0.0,0.0,0.0,0.0,0.0,0.0,0.0,0.0,0.0,0.0,0.0,0.0,0.0
975,0.301758736371994,0.06372775137424469,0.12456324696540833,0.033202748745679855,0.16594967246055603,0.49230003356933594,0.17175601422786713,0.013468500226736069,0.2314067929983139,0.06079160049557686,0.13081875443458557,0.06693733483552933,0.0763857513666153,0.0797777995467186,0.0,0.027515500783920288
994,0.2555314898490906,0.0,0.26127806305885315,0.15765312314033508,0.19385066628456116,0.0,0.29519587755203247,0.16432148218154907,0.33992987871170044,0.0,0.0,0.21714994311332703,0.0,0.19143782556056976,0.0,0.0
997,0.0,0.0,0.0,0.0,0.0,0.0,0.0,0.0,0.0,0.0,0.0,0.0,0.0,0.0,0.0,0.0
1000,0.0,0.0,0.0,0.009300174191594124,0.03183195739984512,0.0,0.0,0.0,0.0,0.004185772966593504,0.010293738916516304,0.0,0.014012450352311134,0.0,0.035724151879549026,0.03175482153892517
1003,0.0,0.0,0.0,0.0,0.0,0.0,0.0,0.0,0.030936287716031075,0.031019926071166992,0.0,0.0,0.0,0.0,0.0,0.0
1006,0.0,0.0,0.0,0.0,0.0,0.0,0.0,0.0,0.0,0.0,0.0,0.0,0.0,0.0,0.0,0.0
1007,0.0,0.0,0.0,0.0,0.0,0.0,0.0,0.0,0.0,0.0,0.0,0.0,0.0,0.0,0.0,0.0
1010,0.15845949947834015,0.23712342977523804,0.10991300642490387,0.22260567545890808,0.1541467159986496,0.16144061088562012,0.0,0.049560002982616425,0.13661900162696838,0.11112800240516663,0.18265900015830994,0.27557700872421265,0.31420549750328064,0.3666972517967224,0.32217031717300415,0.15628528594970703
1014,0.7027233839035034,0.5529864430427551,0.28284284472465515,0.48756954073905945,0.5069218277931213,0.4153464138507843,0.9741764068603516,0.49049481749534607,0.7843551635742188,0.3806537687778473,0.6898050308227539,0.864303469657898,0.7052196860313416,0.9529812932014465,0.1381986290216446,0.2201148122549057
1017,0.0,0.0,0.0,0.0,0.0,0.0,0.0,0.0,0.0,0.0,0.0,0.0,0.0,0.0,0.0,0.0
1018,0.31549808382987976,0.1512237936258316,0.26567503809928894,0.06672422587871552,0.5368940830230713,0.07123463600873947,0.0,0.3489324748516083,0.5015824437141418,0.0,0.5522823333740234,0.0,0.17843861877918243,0.0,0.0,0.0
1023,0.0,0.0,0.0,0.0,0.0,0.0,0.0,0.0,0.0,0.0,0.0,0.0,0.0,0.0,0.0,0.0
1029,0.0,0.0,0.0,0.0,0.0,0.0,0.0,0.0,0.0,0.0,0.0,0.0,0.0,0.0,0.0,0.0
1031,0.0,0.0,0.0,0.0,0.0,0.04631640017032623,0.023003600537776947,0.0,0.0,0.0,0.0,0.0,0.0,0.0,0.0,0.021554578095674515
1032,0.0,0.0,0.0,0.0,0.0,0.0,0.0,0.0,0.0,0.0,0.0,0.0,0.0,0.0,0.0,0.0
1035,0.0,0.3128565847873688,0.182979553937912,0.0,0.0,0.28360632061958313,0.36393433809280396,0.06074091047048569,0.0937512144446373,0.0,0.27783942222595215,0.26052436232566833,0.29982200264930725,0.1739615648984909,0.3449012339115143,0.0
1040,0.0,0.0,0.0,0.0,0.0,0.0,0.0,0.0,0.0,0.0,0.0,0.0,0.0,0.0,0.0,0.0
1042,0.0,0.0,0.0,0.0,0.0,0.0,0.0,0.0,0.0,0.0,0.0,0.0,0.0,0.0,0.0,0.10430850088596344
1049,0.062193434685468674,0.9874669909477234,0.0,0.11808600276708603,0.0,0.23850500583648682,0.0,0.19978225231170654,0.5182890295982361,0.0,0.045965999364852905,0.0,0.08090100437402725,0.0,0.0,0.24411125481128693
1051,0.0,0.0,0.0,0.0,0.0,0.0,0.0,0.0,0.0,0.0,0.0,0.0,0.0,0.0,0.0,0.0
1052,0.0,0.3037252128124237,0.3504400849342346,0.0,1.0,0.34720298647880554,0.0,0.2871028482913971,0.2774295210838318,0.9536120295524597,0.9365999698638916,0.2594620883464813,0.23253533244132996,0.0,0.0,0.8505633473396301
1060,0.0,0.0,0.0,0.0,0.0,0.0,0.0,0.0,0.0,0.0,0.0,0.0,0.0,0.0,0.0,0.0
1067,0.5828707814216614,0.6349167823791504,0.0,0.0,0.8241524696350098,0.0,0.0,0.0,0.0,0.39618048071861267,0.5525146126747131,0.5729453563690186,0.0,0.0,0.0,0.4191087484359741
1069,0.0,0.0,0.0,0.0,0.0,0.0,0.0,0.0,0.0,0.0,0.0,0.0,0.0,0.0,0.0,0.0
1070,0.0,0.0,0.0,0.0,0.0,0.0,0.0,0.0,0.0,0.0,0.0,0.0,0.0,0.0,0.0,0.0
1071,0.0,0.0,0.0,0.0,0.0,0.0,0.0,0.0,0.0,0.0,0.0,0.0,0.0,0.0,0.0,0.0
1075,0.0,0.0,0.0,0.0,0.0,0.0,0.0,0.0,0.0,0.0,0.0,0.0,0.0,0.0,0.0,0.0
1079,0.0,0.0,0.0,0.0,0.0,0.0,0.7766151428222656,0.0,0.0,0.0,0.0,0.0,0.0,0.3839696943759918,0.8833717107772827,0.6826379299163818
1083,0.49155300855636597,0.08335099369287491,0.0,0.0,0.0,0.33227449655532837,0.0,0.16352100670337677,0.31859278678894043,0.0,0.0,0.12526054680347443,0.5710647106170654,0.4972574710845947,0.0037799093406647444,0.42170950770378113
1086,0.0,0.0,0.0,0.0,0.0,0.0,0.0,0.0,0.0,0.0,0.0,0.0,0.0,0.0,0.0,0.0
1091,0.0,0.0,0.0,0.0,0.0,0.0,0.0,0.0,0.0,0.0,0.0,0.0,0.0,0.0,0.0,0.0
1093,0.0,0.0,0.0,0.0,0.0,0.0,0.0,0.0,0.0,0.0,0.0,0.0,0.0,0.0,0.0,0.0
1103,0.5789241790771484,0.05497104674577713,0.0457596480846405,0.0,0.0878482535481453,0.022924531251192093,0.0,0.06226785480976105,0.0,0.0,0.0,0.06390389055013657,0.10489065945148468,0.050486572086811066,0.0,0.0
1115,0.0,0.1595340520143509,0.0,0.0,0.14222727715969086,0.22369398176670074,0.189472958445549,0.2104082554578781,0.0,0.23565556108951569,0.21932640671730042,0.0,0.0,0.0,0.1872241348028183,0.0
1119,0.22750169038772583,0.19718652963638306,0.07343150675296783,0.0,0.0,0.31582438945770264,0.14778025448322296,0.45745691657066345,0.23887349665164948,0.0,0.32704734802246094,0.22416144609451294,0.26544103026390076,0.32058656215667725,0.5221444964408875,0.44073015451431274
1122,0.0,0.0,0.0,0.0,0.0,0.0,0.0,0.0,0.15068399906158447,0.0,0.0,0.0,0.0,0.0,0.0,0.0
1133,0.0,0.0,0.018207428976893425,0.0,0.0,0.0,0.0,0.0,0.02945088967680931,0.0,0.0,0.0,0.0,0.0,0.0,0.0
1139,0.0,0.0,0.0,0.0,0.0,0.0,0.0,0.0,0.0,0.0,0.0,0.0,0.0,0.0,0.0,0.0
1145,0.0,0.0,0.0,0.0,0.0,0.0,0.0,0.0,0.0,0.0,0.0,0.0,0.0,0.0,0.0,0.0
1147,0.0,0.999071478843689,0.6212617754936218,0.1658622771501541,0.1693812906742096,0.49656224250793457,0.5719430446624756,0.8086619973182678,0.7215194702148438,0.3863172233104706,0.9977940320968628,0.0,0.0,0.3302282989025116,0.9977779984474182,0.5197634100914001
1150,0.07886506617069244,0.0,0.0,0.0,0.0,0.0,0.3629351556301117,0.0,0.0,0.0,0.0,0.45978599786758423,0.0,0.0,0.0,0.47441428899765015
1154,0.0,0.0,0.0,0.0,0.0,0.0,0.0,0.0,0.0,0.0,0.0,0.0,0.0,0.0,0.0,0.0
1157,0.0,0.0,0.0,0.0,0.0,0.0,0.0,0.0,0.0,0.0,0.0,0.0,0.0,0.0,0.0,0.0
1164,0.8348697423934937,0.7860910892486572,0.9505430459976196,0.865475058555603,0.9905546307563782,0.8543809652328491,0.7900704145431519,0.797245442867279,0.8617755770683289,0.48760199546813965,0.8368603587150574,0.9953410029411316,0.8348040580749512,0.5538105964660645,0.5744571685791016,0.8654157519340515
1165,0.0,0.0,0.0,0.0,0.0,0.0,0.0,0.0,0.0,0.0,0.0,0.0,0.0,0.0,0.0,0.0
1191,0.0,0.0,0.0,0.0,0.0,0.0,0.0,0.0,0.0,0.0,0.0,0.0,0.0,0.0,0.0,0.0
1197,0.0,0.0,0.0,0.0,0.0,0.0,0.0,0.0,0.0,0.0,0.0,0.0,0.0,0.0,0.0,0.0
1200,0.0,0.0,0.0,0.0,0.0,0.0,0.0,0.0,0.0,0.0,0.0,0.0,0.0,0.0,0.0,0.0
1204,0.0,0.0,0.0,0.0,0.0,0.0,0.0,0.0,0.0,0.0,0.0,0.0,0.0,0.0,0.0,0.0
1207,0.0,0.0,0.0,0.0,0.0,0.0,0.0,0.0,0.0,0.0,0.0,0.0,0.0,0.0,0.0,0.0
1211,0.699153482913971,0.6249133944511414,0.5089619159698486,0.9925869703292847,0.9969812035560608,0.9949455261230469,0.8284063339233398,0.4058326482772827,0.933518648147583,0.9524070620536804,0.8876606822013855,0.9967344999313354,0.9975563883781433,0.43260249495506287,0.9123452305793762,0.993446946144104
1218,0.0,0.0,0.0,0.0,0.0,0.0,0.0,0.0,0.0,0.0,0.0,0.0,0.0,0.0,0.0,0.0
1240,0.0,0.0,0.0,0.0,0.0,0.0,0.0,0.0,0.0,0.0,0.0,0.0,0.0,0.0,0.0,0.0
1244,0.0,0.0,0.0,0.0,0.0,0.0,0.0,0.0,0.0,0.0,0.0,0.0,0.0,0.0,0.0,0.0
1246,0.0,0.0,0.0,0.0,0.0,0.0,0.0,0.0,0.0,0.0,0.0,0.0,0.0,0.0,0.0,0.0
1266,0.08661383390426636,0.7354649901390076,0.5099859833717346,0.4247685372829437,0.0,0.0,0.8975124955177307,0.0,0.0,0.07849480211734772,0.37120530009269714,0.6178916096687317,0.25030985474586487,0.7376177906990051,0.0,0.30101561546325684
1270,0.0,0.0,0.0,0.0,0.0,0.0,0.0,0.0,0.0,0.0,0.0,0.0,0.0,0.0,0.0,0.0
1272,0.0,0.0,0.0,0.0,0.0,0.0,0.0,0.0,0.0,0.0,0.0,0.0,0.0,0.0,0.0,0.0
1274,0.0,0.0,0.3918539881706238,0.0,0.0,0.0,0.44763773679733276,0.0,0.0,0.0,0.0,0.0,0.0,0.0,0.0,0.0
1280,0.0,0.0,0.021240999922156334,0.07333049923181534,0.0,0.0,0.0,0.0,0.0,0.0,0.0,0.0,0.0,0.0,0.0,0.0
1282,0.5307087302207947,0.6845540404319763,0.24371469020843506,0.5571309924125671,0.7750319838523865,0.48250991106033325,0.7375950217247009,0.328940749168396,0.5620642900466919,0.33786439895629883,0.431959331035614,0.5357117056846619,0.14303043484687805,0.37661507725715637,0.25253432989120483,0.44875043630599976
1295,0.0,0.0,0.0,0.0,0.0,0.0,0.0,0.0,0.0,0.0,0.0,0.0,0.0,0.0,0.0,0.0
1300,0.0,0.0,0.0,0.0,0.0,0.0,0.0,0.0,0.0,0.0,0.0,0.0,0.0,0.0,0.0,0.0
1301,0.0,0.0,0.0,0.0,0.0,0.0,0.0,0.0,0.0,0.0,0.0,0.0,0.0,0.0,0.0,0.0
1321,0.0,0.0,0.0,0.0,0.0,0.0,0.0,0.0,0.0,0.0,0.0,0.0,0.0,0.0,0.0,0.0
1327,0.0,0.0,0.0,0.0,0.0,0.4275568723678589,0.0,0.0,0.0,0.0,0.1823849231004715,0.0,0.0,0.0,0.0,0.418591171503067
1330,0.0,0.0,0.0,0.0,0.0,0.0,0.0,0.0,0.0,0.0,0.0,0.0,0.0,0.0,0.0,0.0
1337,0.7114421725273132,0.2962190806865692,0.1295306235551834,0.8299259543418884,0.9528927803039551,0.8504908084869385,0.23052679002285004,0.7230860590934753,0.6371402144432068,0.24652059376239777,0.98179030418396,0.21836568415164948,0.21869313716888428,0.7793785929679871,0.42926281690597534,0.16190031170845032
1340,0.0,0.0,0.0,0.0,0.035934001207351685,0.0,0.0,0.0,0.0,0.0,0.0,0.0,0.0,0.0,0.0,0.0
1341,0.0,0.0,0.14358000457286835,0.0,0.0,0.0,0.0,0.25741198658943176,0.0,0.0,0.0,0.0,0.0,0.0,0.0,0.0
1344,0.0,0.0,0.0,0.0,0.0,0.0,0.470443993806839,0.0,0.0,0.0,0.0,0.0,0.0,0.0,0.0,0.0
1349,0.0,0.0,0.0,0.0,0.0,0.0,0.16576699912548065,0.1625877469778061,0.0,0.0,0.0,0.0,0.0,0.0,0.0,0.0
1358,0.0,0.0,0.0,0.0,0.0,0.0,0.0,0.0,0.0,0.0,0.0,0.0,0.0,0.0,0.0,0.0
1368,0.0,0.0,0.0,0.0,0.0,0.0,0.0,0.0,0.0,0.0,0.0,0.0,0.0,0.0,0.0,0.0
1372,0.0,0.0,0.12058533728122711,0.18783867359161377,0.0,0.0,0.0,0.05468343198299408,0.0,0.0,0.0,0.0,0.0,0.17468799650669098,0.0,0.1713535040616989
1375,0.0,0.0,0.0,0.0,0.0,0.0,0.0,0.0,0.0,0.0,0.0,0.0,0.0,0.0,0.0,0.0
1380,0.0,0.0,0.0,0.0,0.0,0.0,0.0,0.0,0.0,0.0,0.0,0.0,0.0,0.0,0.0,0.0
1384,0.0,0.05177124962210655,0.0,0.07997040450572968,0.0,0.0,0.0,0.0,0.0,0.0,0.0,0.0,0.2777414917945862,0.3631904721260071,0.0,0.01962975040078163
1388,0.0,0.0,0.0,0.0,0.0,0.0,0.0,0.0,0.0,0.0,0.0,0.0,0.0,0.0,0.0,0.0
1391,0.0,0.0,0.0,0.0,0.0,0.0,0.0,0.0,0.0,0.0,0.0,0.0,0.0,0.0,0.0,0.0
1398,0.0,0.0,0.0,0.0,0.0,0.0,0.27250581979751587,0.24828927218914032,0.05299490690231323,0.3644745647907257,0.021655462682247162,0.0,0.0,0.0,0.3931782841682434,0.0
1399,0.0,0.0,0.0,0.0,0.0,0.0,0.0,0.0,0.0,0.0,0.0,0.0,0.0,0.0,0.0,0.0
1404,0.872352659702301,0.9363225102424622,0.9573049545288086,0.9243156313896179,0.6687833666801453,0.8726826310157776,0.892016589641571,0.814361035823822,0.7504013180732727,0.802157998085022,0.8711476922035217,0.197958841919899,0.08395564556121826,0.9594651460647583,0.29155346751213074,0.11197704076766968
1407,0.0,0.0,0.0,0.0,0.0,0.0,0.0,0.0,0.0,0.0,0.0,0.0,0.0,0.0,0.0,0.0
1410,1.0,0.2577807605266571,0.7153574228286743,0.4861535131931305,0.1292046755552292,0.0,0.962332010269165,0.7314863204956055,0.8904680013656616,0.8809460401535034,0.41776400804519653,0.0,0.7709896564483643,0.9650886654853821,0.4540235698223114,0.4708680212497711
1415,0.0,0.2553384006023407,0.0,0.0,0.0,0.0,0.9897710084915161,0.0,0.0,0.9803690314292908,0.0,0.7793921232223511,0.0,0.0,0.8395243287086487,0.9920929670333862
1417,0.0,0.0,0.0,0.0,0.0,0.0,0.0,0.0,0.0,0.0,0.0,0.0,0.0,0.0,0.0,0.0
1425,0.04472700133919716,0.0,0.0,0.0,0.0,0.16083624958992004,0.0,0.011204429902136326,0.0,0.0,0.0,0.0,0.0,0.0,0.018362250179052353,0.0
1429,0.0,0.0,0.0,0.0,0.0,0.0,0.0,0.0,0.0,0.0,0.0,0.0,0.0,0.0,0.0,0.0
1433,0.0,0.0,0.0,0.0,0.0,0.0,0.0,0.0,0.0,0.0,0.0,0.0,0.0,0.0,0.0,0.0
1436,0.0,0.0,0.0,0.0,0.0,0.0,0.0,0.0,0.0,0.0,0.0,0.0,0.0,0.0,0.0,0.0
1437,0.0,0.11785250157117844,0.024791251868009567,0.1525176763534546,0.02381766587495804,0.010424750857055187,0.0,0.4725401699542999,0.014738728292286396,0.5560157895088196,0.0718628391623497,0.5216224789619446,0.3092886209487915,0.0,0.0,0.0
1438,0.0,0.0,0.0,0.0,0.0,0.0,0.0,0.0,0.0,0.0,0.0,0.0,0.0,0.0,0.0,0.0
1439,0.0,0.0,0.0,0.0,0.0,0.0,0.0,0.20451049506664276,0.0,0.0,0.02696399949491024,0.19932550191879272,0.0,0.0,0.0,0.0
1441,0.16735398769378662,0.0,0.12754666805267334,0.0,0.16624607145786285,0.15903858840465546,0.18189576268196106,0.0,0.12321610003709793,0.0,0.11195383965969086,0.14501719176769257,0.01933748833835125,0.0,0.0,0.22413459420204163
1452,0.0,0.0,0.15744000673294067,0.3547300100326538,0.0,0.49992799758911133,0.0,0.0,0.34964099526405334,0.0,0.0,0.0,0.29595300555229187,0.3896470069885254,0.6184319853782654,0.47001099586486816
1457,0.0,0.007663125172257423,0.0,0.0,0.0,0.0,0.0,0.10327719897031784,0.0,0.0,0.020028000697493553,0.0,0.0,0.0,0.33991023898124695,0.18115228414535522
1465,0.0,0.0,0.0,0.0,0.0,0.0,0.0,0.0,0.0,0.0,0.0,0.0,0.0,0.0,0.0,0.0
1467,0.0,0.0,0.0,0.0,0.0,0.9091770052909851,0.0,0.0,0.0,0.0,0.09693100303411484,0.0,0.0,0.0,0.0,0.0
1480,0.0,0.0,0.0,0.0,0.0,0.0,0.0,0.0,0.0,0.0,0.0,0.0,0.0,0.0,0.0,0.0
1481,0.0,0.0,0.0,0.0,0.0,0.0,0.0,0.0,0.0,0.0,0.0,0.0,0.0,0.0,0.0,0.2915615141391754
1485,0.0,0.24676591157913208,0.0,0.0,0.0,0.0,0.0,0.0,0.10990138351917267,0.07317614555358887,0.0,0.0,0.22255770862102509,0.1026507318019867,0.06518927961587906,0.11201640218496323
1486,0.03670016676187515,0.0,0.0,0.27286869287490845,0.0,0.0,0.0,0.19406825304031372,0.29636698961257935,0.0,0.0,0.16170699894428253,0.02114100009202957,0.0,0.0,0.0
1500,0.0,0.0,0.0,0.0,0.0,0.0,0.0,0.0,0.0,0.0,0.0,0.0,0.0,0.0,0.0,0.0
1501,0.05716046318411827,0.14787821471691132,0.0,0.055980704724788666,0.04054839536547661,0.0,0.0,0.10566684603691101,0.1659846156835556,0.0,0.0,0.0,0.13762521743774414,0.09217971563339233,0.0,0.0
1507,0.0,0.0,0.0,0.0,0.0,0.0,0.0,0.0,0.0,0.0,0.0,0.0,0.0,0.0,0.0,0.0
1515,0.0,0.9815806746482849,0.9535039663314819,0.0,0.0,0.0,0.9782742261886597,0.7725455164909363,0.989066481590271,0.9945189952850342,0.0,0.9765712022781372,0.0,0.970333456993103,0.9997940063476562,0.9909965395927429
1517,0.0,0.0,0.0,0.0,0.0,0.0,0.0,0.0,0.0,0.0,0.0,0.0,0.0,0.0,0.0,0.0
1518,0.0,0.0,0.0,0.0,0.0,0.0,0.0,0.0,0.0,0.0,0.0,0.0,0.0,0.0,0.0,0.0
1532,0.02254388853907585,0.0,0.0,0.0,0.0,0.0,0.0,0.014190545305609703,0.0,0.0,0.0,0.0,0.0,0.0,0.0,0.0
1533,0.0,0.08664426952600479,0.0,0.0,0.0,0.0,0.0,0.0,0.0,0.0,0.0,0.0,0.0,0.0,0.0,0.0
1538,0.0,0.0,0.0,0.0,0.0,0.0,0.0,0.0,0.0,0.0,0.0,0.0,0.0,0.0,0.0,0.0
1540,0.17179115116596222,0.08244189620018005,0.0,0.0,0.0,0.21449434757232666,0.0,0.13123932480812073,0.17502479255199432,0.34363529086112976,0.0,0.14592838287353516,0.0,0.11479981988668442,0.10007093101739883,0.0
1542,0.0,0.0,0.0,0.0,0.0,0.0,0.0,0.0,0.0,0.0,0.0,0.0,0.0,0.0,0.0,0.0
1547,0.0,0.0,0.2033875584602356,0.06516736000776291,0.2017676681280136,0.28188663721084595,0.0,0.0,0.0,0.0,0.0,0.0,0.0,0.20521658658981323,0.0,0.0
1558,0.0,0.0,0.0,0.0,0.0,0.0,0.0,0.0,0.0,0.0,0.0,0.0,0.0,0.0,0.0,0.0
1560,0.0,0.5606978535652161,0.0,0.381525456905365,0.0,0.0,0.0,0.0,0.0,0.0,0.06988774985074997,0.0,0.0,0.0,0.4564679265022278,0.0
1575,0.0,0.0,0.0,0.0,0.0,0.0,0.0,0.0,0.0,0.0,0.0,0.0,0.0,0.0,0.0,0.0
1576,0.0,0.4624699354171753,0.2796088755130768,0.0,0.16230370104312897,0.19464072585105896,0.04876169562339783,0.3477325141429901,0.5137456655502319,0.042890097945928574,0.01160067692399025,0.028347402811050415,0.565581738948822,0.40891435742378235,0.4152264893054962,0.14679375290870667
1587,0.0,0.0,0.0,0.0,0.0,0.0,0.0,0.0,0.0,0.0,0.0,0.0,0.0,0.0,0.0,0.0
1588,0.0715392529964447,0.0,0.0,0.05291000008583069,0.0,0.0,0.0,0.0,0.0,0.0,0.0,0.0,0.0,0.0,0.0,0.0
1589,0.0,0.0,0.0,0.0,0.0,0.0,0.0,0.0,0.0,0.0,0.0,0.0,0.0,0.0,0.0,0.0
1591,0.8137378096580505,0.1648896187543869,0.6780070662498474,0.2351919561624527,0.021669555455446243,0.4891289472579956,0.8255677819252014,0.25857582688331604,0.2725333869457245,0.3001959025859833,0.6432258486747742,0.14297500252723694,0.01986476592719555,0.2936868369579315,0.15693384408950806,0.23207372426986694
1592,0.0,0.0,0.1330445110797882,0.06839600205421448,0.0427432507276535,0.0,0.07273920625448227,0.0,0.06505075097084045,0.0,0.0,0.0,0.06902924925088882,0.0,0.0,0.0
1595,0.0,0.0,0.0,0.0,0.0,0.0,0.0,0.0,0.0,0.0,0.0,0.0,0.0,0.0,0.0,0.0
1607,0.0,0.0,0.0,0.0,0.0,0.0,0.0,0.0,0.0,0.0,0.0,0.0,0.0,0.0,0.0,0.0
1611,0.0,0.0,0.0,0.0,0.0,0.0,0.0,0.014864667318761349,0.0,0.0,0.0,0.0,0.0,0.0,0.05508666858077049,0.0
1630,0.0,0.0,0.0,0.0,0.0,0.0,0.0,0.0,0.0,0.0,0.0,0.0,0.0,0.0,0.0,0.0
1634,0.0,0.0,0.0,0.0,0.0,0.0,0.0,0.0,0.0,0.0,0.0,0.0,0.0,0.0,0.0,0.0
1653,0.0,0.0,0.0,0.09219897538423538,0.0,0.0,0.40028345584869385,0.26720842719078064,0.07987575232982635,0.24168340861797333,0.0,0.0,0.028624333441257477,0.2894420027732849,0.3999622166156769,0.0
1655,0.0,0.0,0.0,0.0,0.0,0.0,0.0,0.0,0.0,0.0,0.0,0.0,0.0,0.0,0.0,0.0
1664,0.0,0.8038671612739563,0.8675231337547302,0.9042051434516907,0.8075501322746277,0.63603675365448,0.5217511653900146,0.838330864906311,0.4545322060585022,0.857918381690979,0.616297721862793,0.4412801265716553,0.5632004141807556,0.34562811255455017,0.6050968170166016,0.7485042810440063
1667,0.04454466700553894,0.0,0.0,0.09114733338356018,0.3354509770870209,0.0,0.1685643494129181,0.1103246733546257,0.0,0.0,0.06428100168704987,0.07267266511917114,0.1378723382949829,0.1018500030040741,0.17232167720794678,0.09906300157308578
1672,0.07151426374912262,0.8436112403869629,0.36077558994293213,0.4580169916152954,0.8218467831611633,0.5452930331230164,0.750042736530304,0.4882110059261322,0.0,0.5371670722961426,0.7928951978683472,0.23352989554405212,0.09178370237350464,0.8445426821708679,0.6038166880607605,0.14535368978977203
1684,0.0,0.0,0.0,0.0,0.0,0.0,0.0,0.0,0.0,0.0,0.0,0.0,0.0,0.0,0.0,0.0
1687,0.0,0.0,0.0,0.0,0.0,0.0,0.0,0.0,0.0,0.0,0.0,0.0,0.0,0.0,0.0,0.0
1707,0.03832000121474266,0.0,0.0,0.0,0.0,0.0,0.0,0.0,0.0,0.0,0.0,0.0,0.0,0.0,0.0,0.0
1709,0.0,0.0,0.0,0.0,0.0,0.0,0.0,0.0,0.0,0.0,0.0,0.0,0.0,0.0,0.0,0.0
1713,0.0,0.282497376203537,0.6708805561065674,0.3376659154891968,0.6337741017341614,0.5276368260383606,0.5427981615066528,0.4359305500984192,0.5760551691055298,0.6156576871871948,0.44854992628097534,0.3017958998680115,0.3047183156013489,0.3415558338165283,0.3000049591064453,0.31819942593574524
1718,0.0,0.0,0.0,0.0,0.0,0.0,0.0,0.0,0.0,0.0,0.0,0.0,0.0,0.0,0.0,0.0
1720,0.0,0.0,0.0,0.3231823742389679,0.0712423250079155,0.0,0.0,0.0,0.0,0.10615169256925583,0.0,0.0,0.0,0.0,0.0,0.0
1721,0.13652394711971283,0.2473188042640686,0.10370060056447983,0.0,0.13653762638568878,0.0,0.0,0.0,0.0,0.11079122871160507,0.04970628395676613,0.0,0.0,0.03338811546564102,0.05145331472158432,0.2270423322916031
1726,0.0,0.06073405593633652,0.0,0.0,0.11248242855072021,0.08680638670921326,0.04597531631588936,0.0,0.0,0.16492709517478943,0.0,0.14442721009254456,0.26886534690856934,0.0,0.0,0.07025270909070969
1734,0.0,0.05043996125459671,0.1048736497759819,0.1213545873761177,0.0,0.0,0.07979881763458252,0.0,0.0,0.0,0.10265116393566132,0.10000044852495193,0.1297546774148941,0.2674873471260071,0.0,0.0
1745,0.9272792935371399,0.9031589031219482,0.7667858004570007,0.9616796374320984,0.8416460752487183,0.9147486686706543,0.7927438020706177,0.7692506313323975,0.6936284899711609,0.6298472881317139,0.9302934408187866,0.8152607679367065,0.7982425689697266,0.7741538286209106,0.824941098690033,0.8369571566581726
1749,0.0,0.0,0.0,0.0,0.0,0.0,0.0,0.0,0.0,0.06174366921186447,0.0,0.0,0.0,0.0,0.0,0.0
1753,0.0,0.0,0.0,0.0,0.12555824220180511,0.0,0.2228710651397705,0.0,0.17559844255447388,0.0,0.0,0.0,0.18002112209796906,0.07194989174604416,0.08480669558048248,0.27034232020378113
1757,0.0,0.3113088011741638,0.0,0.0,0.0,0.0,0.0,0.4955469071865082,0.2858773171901703,0.13351309299468994,0.0,0.10682059079408646,0.06454522162675858,0.17117609083652496,0.4264678955078125,0.0
1765,0.0,0.0,0.0,0.0,0.0,0.0,0.0,0.0,0.0,0.0,0.0,0.0,0.0,0.0,0.0,0.0
1772,0.0,0.0,0.0,0.0,0.0,0.0,0.0,0.0,0.0,0.0,0.0,0.0,0.0,0.0,0.0,0.0
1775,0.0,0.0,0.0,0.0,0.0,0.0,0.0,0.0,0.0,0.0,0.0,0.0,0.0,0.0,0.0,0.5266348123550415
1782,0.0,0.0,0.0,0.0,0.0,0.0,0.0,0.0,0.0,0.0,0.0,0.0,0.0,0.0,0.0,0.0
1786,0.0,0.0,0.0,0.0,0.0,0.0,0.0,0.0,0.0,0.0,0.0,0.0,0.0,0.0,0.0,0.0
1788,0.0,0.0,0.0,0.0,0.0,0.0,0.0,0.0,0.0,0.0,0.0,0.0,0.0,0.0,0.0,0.0
1808,0.0,0.0,0.0,0.0,0.0,0.0,0.0,0.0,0.0,0.0,0.0,0.0,0.0,0.0,0.0,0.0
1816,0.0,0.0,0.0,0.0,0.0,0.0,0.0,0.0,0.0,0.0,0.0,0.0,0.0,0.0,0.0,0.0
1825,0.0,0.0,0.0,0.0,0.0,0.0,0.0,0.0,0.0,0.0,0.0,0.0,0.0,0.0,0.0,0.0
1833,0.0,0.0,0.05045733600854874,0.0,0.0,0.0,0.10948333144187927,0.0,0.0,0.0,0.0,0.0,0.0,0.0,0.0,0.0
1840,0.0,0.0,0.0,0.0,0.0,0.0,0.0,0.0,0.0,0.0,0.0,0.0,0.0,0.0,0.0,0.0
1850,0.0,0.8682420253753662,0.12129399925470352,0.0,0.0,0.0,0.35145998001098633,0.0,0.0,0.0,0.0,0.08136539906263351,0.0,0.0,0.0,0.0
1856,0.0,0.0,0.014487000182271004,0.0,0.0,0.0,0.0,0.0,0.052561499178409576,0.0,0.11513099819421768,0.0,0.0,0.0,0.0,0.0
1858,0.0,0.0,0.0,0.0,0.0,0.0,0.0,0.0,0.0,0.0,0.0,0.0,0.0,0.0,0.0,0.0
1860,0.7636560201644897,0.0,0.0,0.12551000714302063,0.6094092130661011,0.0,0.672484815120697,0.4815260171890259,0.0,0.05781650170683861,0.8619700074195862,0.7283301949501038,0.0,0.0,0.7242172956466675,0.9756824970245361
1865,0.0,0.0,0.0,0.0,0.0,0.0,0.0,0.0,0.0,0.0,0.0,0.0,0.0,0.0,0.0,0.019511941820383072
1874,0.0,0.34183457493782043,0.0,0.43735599517822266,0.0,0.04057342931628227,0.32686564326286316,0.0062140002846717834,0.0,0.21169427037239075,0.4316474497318268,0.370785653591156,0.0,0.0,0.0,0.0
1880,0.7998232841491699,0.636232316493988,0.0,0.15677081048488617,0.0,0.0,0.3154020309448242,0.12123099714517593,0.0,0.07074688374996185,0.0,0.14366404712200165,0.0,0.20790427923202515,0.8693493604660034,0.0
1881,0.0,0.0,0.0,0.1666666716337204,0.0,0.0,0.0,0.0,0.0,0.0,0.0,0.0,0.0,0.0,0.0,0.0
1891,0.0,0.0,0.0,0.0,0.0,0.0,0.0,0.0,0.0,0.0,0.0,0.0,0.0,0.0,0.0,0.0
1899,0.0,0.0,0.0,0.0,0.0,0.0,0.0,0.0,0.0,0.0,0.0,0.0,0.0,0.0,0.0,0.0
1903,0.0,0.0,0.0,0.0,0.0,0.0,0.0,0.0,0.0,0.0,0.0,0.0,0.0,0.0,0.0,0.0
1907,0.0,0.0,0.0,0.0,0.0,0.0,0.0,0.0,0.0,0.0,0.0,0.0,0.0,0.0,0.0,0.0
1911,0.0,0.0,0.0,0.0,0.2491227239370346,0.23601943254470825,0.0,0.17790329456329346,0.0,0.0,0.0,0.3580467104911804,0.0,0.0,0.14191755652427673,0.27293339371681213
1920,0.0,0.0,0.0,0.0,0.0,0.0,0.0,0.0,0.0,0.0,0.0,0.0,0.0,0.0,0.0,0.0
1931,0.0,0.0,0.0,0.0,0.916214644908905,0.0,0.0,0.0,0.0,0.0,0.0,0.5519901514053345,0.0,0.0,0.0,0.7481840252876282
1934,0.08128427714109421,0.13370069861412048,0.0,0.0722334086894989,0.0,0.13525749742984772,0.0,0.10434365272521973,0.0,0.08005521446466446,0.06493058055639267,0.08272824436426163,0.13883021473884583,0.0,0.14173643290996552,0.0
1939,0.0,0.0,0.0,0.3847554922103882,0.0,0.37612184882164,0.7521104216575623,0.0,0.0,0.6633476614952087,0.38467463850975037,0.7634961009025574,0.16883064806461334,0.0,0.28372177481651306,0.5337891578674316
1946,0.0,0.0,0.0,0.0,0.0,0.0,0.0,0.0,0.0,0.0,0.0,0.0,0.0,0.0,0.0,0.0
1958,0.0,0.0,0.0,0.0,0.0,0.0,0.0,0.0,0.0,0.0,0.0,0.0,0.0,0.0,0.0,0.0
1960,0.0,0.0,0.0,0.0,0.0,0.0,0.0,0.0,0.0,0.0,0.0,0.0,0.0,0.0,0.0,0.0
1976,0.0,0.0,0.0,0.0,0.0,0.0,0.0,0.0,0.0,0.0,0.0,0.0,0.0,0.0,0.0,0.0
1984,0.0,0.0,0.0,0.0,0.0,0.0,0.0,0.0,0.0,0.0,0.0,0.0,0.0,0.0,0.0,0.0
1993,0.0,0.0,0.0,0.0,0.0,0.0,0.0,0.0,0.0,0.0,0.0,0.0,0.0,0.0,0.0,0.0
2001,0.0,0.0,0.0,0.0,0.0,0.0,0.009309444576501846,0.0,0.0,0.0,0.0,0.018161416053771973,0.0,0.0,0.0,0.0
2005,0.0,0.0,0.0,0.0,0.0,0.0,0.0,0.0,0.0,0.0,0.0,0.0,0.0,0.0,0.0,0.0
2006,0.0,0.0,0.0,0.0,0.0,0.0,0.0,0.0,0.0,0.0,0.0,0.0,0.0,0.0,0.0,0.0
2009,0.1404646784067154,0.13530881702899933,0.058128152042627335,0.0,0.0,0.1851758360862732,0.0,0.21518996357917786,0.06909974664449692,0.21386612951755524,0.10401778668165207,0.10866690427064896,0.0,0.22396938502788544,0.0,0.17294549942016602
2013,0.059904810041189194,0.2751622200012207,0.0,0.0,0.0,0.2514110207557678,0.0,0.0,0.19789202511310577,0.0,0.0,0.1470368206501007,0.0,0.283142626285553,0.0,0.0
2015,0.08061875402927399,0.5101810097694397,0.22434546053409576,0.6144973635673523,0.2980495095252991,0.027951717376708984,0.04470200091600418,0.44167038798332214,0.37334704399108887,0.0,0.0,0.25040102005004883,0.37262389063835144,0.7823774218559265,0.04242250323295593,0.5710483193397522
2024,0.0,0.0,0.0,0.0,0.0,0.0,0.0,0.0,0.0,0.0,0.0,0.0,0.0,0.0,0.0,0.0
2026,0.887538731098175,0.9555465579032898,0.9886549711227417,0.9473229646682739,0.989438533782959,0.9594127535820007,0.9914669990539551,0.8413325548171997,0.9372285008430481,0.9649064540863037,0.9312461018562317,0.9922083616256714,0.9615590572357178,0.9061179757118225,0.9940627813339233,0.9895542860031128
2034,0.0,0.0,0.0,0.0,0.0,0.0,0.0,0.0,0.0,0.0,0.0,0.0,0.0,0.0,0.0,0.0
2039,0.0,0.0,0.0,0.0,0.0,0.0,0.0,0.0,0.0,0.0,0.0,0.0,0.0,0.0,0.0,0.0
2044,0.3533044755458832,0.4890228807926178,0.26086023449897766,0.1409502774477005,0.21949931979179382,0.4061412811279297,0.2895016372203827,0.25375795364379883,0.6488372087478638,0.29525768756866455,0.40825244784355164,0.11154063045978546,0.29538699984550476,0.33438897132873535,0.048413217067718506,0.36202800273895264
2048,0.9816973209381104,0.8291975855827332,0.9491003751754761,0.9830157160758972,0.976823091506958,0.9414097666740417,0.9341217279434204,0.8112027049064636,0.851772129535675,0.9916526079177856,0.9822100400924683,0.944282054901123,0.8013257384300232,0.8684254884719849,0.9173719882965088,0.88337641954422
2053,0.0,0.0,0.0,0.0,0.0,0.0,0.0,0.0,0.0,0.0,0.0,0.0,0.0,0.0,0.0,0.0
2058,0.0,0.0,0.0,0.0,0.0,0.0,0.0,0.0,0.0,0.0,0.0,0.0,0.0,0.0,0.0,0.0
2060,0.0,0.0,0.0,0.0,0.031811293214559555,0.0,0.0,0.0,0.0,0.0371493324637413,0.0,0.022200092673301697,0.0,0.0,0.0,0.0
2062,0.0,0.0,0.0,0.0,0.0,0.0,0.0,0.0,0.0,0.0,0.0,0.0,0.0,0.0,0.0,0.0
2072,0.0,0.0,0.0,0.0,0.0,0.0,0.0,0.0,0.0,0.0,0.0,0.0,0.0,0.0,0.0,0.0
2094,0.0,0.0,0.30024170875549316,0.0,0.0,0.0,0.0,0.0,0.0,0.0,0.2543686032295227,0.0,0.26842036843299866,0.2564656734466553,0.0,0.49354827404022217
2100,0.0,0.0,0.0,0.0,0.0,0.0,0.0,0.0,0.0,0.0,0.0,0.0,0.0,0.0,0.10300347954034805,0.0
2105,0.0,0.961012065410614,0.9608997702598572,0.8795717358589172,0.36622828245162964,0.06716512143611908,0.7850836515426636,0.0,0.05519016832113266,0.9650545120239258,0.27366071939468384,0.9043113589286804,0.017913125455379486,0.0,0.9444536566734314,0.0
2122,0.0,0.0,0.0,0.0,0.0,0.0,0.0,0.0,0.0,0.0,0.0,0.0,0.0,0.0,0.0,0.0
2125,0.0,0.0,0.0,0.0,0.0,0.0,0.0,0.0,0.0,0.0,0.0,0.0,0.0,0.0,0.0,0.0
2128,0.0,0.0,0.0,0.0,0.0,0.0,0.0,0.0,0.0,0.0,0.0,0.0,0.0,0.0,0.0,0.0
2129,0.0,0.0,0.0,0.0,0.0,0.0,0.0,0.0,0.0,0.0,0.0,0.0,0.0,0.0,0.0,0.0
2135,0.0,0.0,0.0,0.0,0.0,0.0,0.0,0.0,0.0,0.0,0.0,0.0,0.0,0.0,0.0,0.0
2141,0.0,0.0,0.0,0.0,0.0,0.0,0.0,0.0,0.0,0.0,0.0,0.0,0.0,0.0,0.0,0.0
2143,0.0,0.0,0.0,0.0,0.0,0.0,0.0,0.0,0.0,0.0,0.0,0.0,0.0,0.0,0.0,0.0
2149,0.0,0.0,0.0,0.0,0.0,0.0,0.0,0.0,0.0,0.0,0.0,0.0,0.0,0.0,0.0,0.0
2157,0.0,0.0,0.0,0.0,0.12353137135505676,0.0,0.014586610719561577,0.0,0.03932798653841019,0.0,0.0,0.0,0.0,0.0,0.0,0.0
2166,0.0,0.0,0.0,0.0,0.0,0.0,0.0,0.0,0.0,0.0,0.0,0.0,0.0,0.0,0.0,0.0
2168,0.0,0.0,0.0,0.0,0.0,0.0,0.0,0.0,0.0,0.0,0.0,0.0,0.0,0.0,0.0,0.0
2173,0.04271433502435684,0.0,0.0,0.0,0.027820002287626266,0.0,0.0,0.0,0.08255325257778168,0.0,0.9793311953544617,0.9977688193321228,0.9315008521080017,0.0,0.0,0.0203622505068779
2174,0.0,0.0,0.0,0.0,0.0,0.0,0.0,0.0,0.0,0.0,0.0,0.0,0.0,0.0,0.0,0.0
2189,0.0,0.0,0.0,0.0,0.0,0.0,0.0,0.0,0.0,0.0,0.0,0.0,0.0,0.0,0.0,0.0
2201,0.0,0.0,0.0,0.0,0.0,0.0,0.0,0.0,0.0,0.0,0.0,0.0,0.0,0.0,0.0,0.0
2202,0.0,0.0,0.0,0.0,0.0,0.0,0.0,0.0,0.0,0.0,0.0,0.0,0.0,0.0,0.0,0.0
2205,0.7346340417861938,0.11301681399345398,0.3613107204437256,0.18609176576137543,0.0,0.16285699605941772,0.5103909969329834,0.13453854620456696,0.0,0.46795472502708435,0.16081982851028442,0.3107072114944458,0.0,0.29405567049980164,0.09334211051464081,0.17461873590946198
2215,0.0,0.0,0.0,0.0,0.0,0.0,0.0,0.0,0.0,0.0,0.0,0.0,0.0,0.04741433262825012,0.0,0.0
2217,0.0,0.0,0.10960036516189575,0.0,0.10048392415046692,0.0,0.03758937865495682,0.0,0.11851990222930908,0.0,0.0617901049554348,0.03925491124391556,0.0,0.05420667678117752,0.1878654658794403,0.03065984509885311
2230,0.0,0.10258661210536957,0.05318063125014305,0.0,0.0,0.0,0.022161398082971573,0.09366017580032349,0.0,0.0,0.0,0.074103444814682,0.09276720136404037,0.0,0.0,0.0
2243,0.0,0.0,0.015879500657320023,0.0,0.0,0.0,0.0,0.0,0.0,0.0,0.0,0.0,0.0,0.0,0.0,0.0
2247,0.0,0.0,0.0,0.0,0.0,0.0,0.0,0.0,0.0,0.0,0.0,0.0,0.0,0.0,0.0,0.0
2255,0.0,0.0,0.0,0.0,0.0,0.0,0.0,0.0,0.0,0.0,0.0,0.0,0.0,0.0,0.0,0.0
2256,0.0,0.054273176938295364,0.0,0.06082218885421753,0.06384706497192383,0.04142812639474869,0.0,0.8593490123748779,0.0,0.0,0.6648784875869751,0.0,0.0,0.0,0.4960169792175293,0.04696431756019592
2272,0.0,0.0,0.0,0.0,0.0,0.0,0.0,0.0,0.047416623681783676,0.0,0.0,0.14987759292125702,0.0,0.0,0.0,0.0
2302,0.9872683882713318,0.17727234959602356,0.7740604281425476,0.9798902273178101,0.810984194278717,0.673200249671936,0.8134268522262573,0.9006414413452148,0.8569966554641724,0.7736758589744568,0.9737880825996399,0.9160887002944946,0.9222275018692017,0.9416411519050598,0.6953272819519043,0.9337799549102783
2311,0.0,0.0,0.4565824568271637,0.0,0.2886439859867096,0.0,0.0,0.0,0.0,0.0,0.10168080776929855,0.0,0.12571540474891663,0.0,0.07658860087394714,0.728130042552948
2316,0.0,0.0,0.012641782872378826,0.0,0.11674761772155762,0.07550054788589478,0.0,0.11496028304100037,0.02929525077342987,0.021400591358542442,0.010284238494932652,0.08357524126768112,0.0,0.0,0.059120092540979385,0.004652681760489941
2333,0.0,0.6200550198554993,0.0,0.0,0.0,0.0,0.0,0.0,0.0,0.0,0.0,0.0,0.0,0.0,0.0,0.0
2336,0.3220188617706299,0.38745635747909546,0.6614219546318054,0.0,0.37484243512153625,0.273999959230423,0.3812958896160126,0.09461453557014465,0.44022414088249207,0.5214982032775879,0.0,0.384475439786911,0.0,0.5010197162628174,0.25786063075065613,0.3795262277126312
2337,0.0,0.0,0.0,0.0,0.0,0.0,0.0,0.0,0.0,0.0,0.0,0.0,0.0,0.0,0.0,0.0
2341,0.0,0.0,0.0,0.0,0.0,0.0,0.0,0.0,0.0,0.0,0.0,0.0,0.0,0.0,0.0,0.0
2347,0.0,0.0,0.0,0.0,0.0,0.0,0.0,0.0,0.0,0.0,0.0,0.0,0.0,0.0,0.0,0.0
2351,0.0,0.0,0.0,0.0,0.0,0.0,0.0,0.0,0.0,0.0,0.0,0.0,0.0,0.0,0.0,0.0
2364,0.0,0.0,0.0,0.0,0.0,0.0,0.0,0.0,0.0,0.0,0.0,0.0,0.0,0.0,0.0,0.0
2365,0.7911710143089294,0.0,0.26612600684165955,0.18443800508975983,0.0,0.482371985912323,0.0,0.6775910258293152,0.17816300690174103,0.0,0.0,0.0,0.0,0.0,0.13165999948978424,0.7576000094413757
2374,0.0,0.0,0.0,0.0,0.0,0.0,0.0,0.0,0.0,0.0,0.0,0.0,0.0,0.0,0.0,0.0
2404,0.6188030242919922,0.8569382429122925,0.0,0.7148340940475464,0.056881628930568695,0.8617891669273376,0.0,0.3904610872268677,0.6228004693984985,0.0,0.0,0.6700513362884521,0.8147606253623962,0.7362526655197144,0.951983630657196,0.8107784986495972
2412,0.0,0.15909099578857422,0.1316010057926178,0.0,0.0,0.0,0.0,0.0,0.0,0.0,0.0,0.0,0.0,0.08194100111722946,0.0,0.3483000099658966
2413,0.018535591661930084,0.2091713547706604,0.01716591790318489,0.018001917749643326,0.01209194865077734,0.006630139425396919,0.0,0.024283843114972115,0.02146764285862446,0.030061548575758934,0.03280319646000862,0.016466422006487846,0.00231292680837214,0.005231301765888929,0.032590411603450775,0.0027712888550013304
2420,0.0,0.0,0.0,0.0,0.0,0.0,0.0,0.0,0.0,0.0,0.0,0.0,0.0,0.0,0.0,0.0
2429,0.0,0.0,0.0,0.0,0.0,0.0,0.0,0.0,0.0,0.0,0.0,0.0,0.0,0.0,0.0,0.0
2430,0.0,0.6084480285644531,0.0,0.0,0.0,0.0,0.0,0.0,0.0,0.0,0.0,0.0,0.0,0.0,0.22668349742889404,0.6501988768577576
2434,0.0,0.0,0.0,0.0,0.0,0.0,0.0,0.19829310476779938,0.0,0.014684666879475117,0.0,0.0,0.0,0.0,0.0,0.0
2456,0.015161334536969662,0.791012704372406,0.2569684684276581,0.8334571719169617,0.7715533375740051,0.0,0.010466374456882477,0.019267000257968903,0.6705217361450195,0.6573339104652405,0.5240157246589661,0.8368067145347595,0.3165406584739685,0.6037497520446777,0.5681750774383545,0.0136548588052392
2460,0.0,0.0,0.0,0.0,0.0,0.0,0.0,0.0,0.0,0.0,0.0,0.0,0.0,0.0,0.0,0.0
2470,0.0,0.0,0.0,0.0,0.0,0.0,0.0,0.0,0.0,0.047207679599523544,0.0,0.0,0.0,0.0,0.0,0.0
2474,0.0,0.0,0.0,0.0,0.0,0.0,0.0,0.0,0.0,0.0,0.0,0.0,0.0,0.0,0.0,0.0
2476,0.0,0.0,0.0,0.0,0.0,0.02116590552031994,0.011824450455605984,0.0,0.011713800020515919,0.0,0.02488125115633011,0.0,0.0,0.0033860455732792616,0.020450714975595474,0.0
2485,0.0,0.04945281147956848,0.0,0.0,0.0,0.06961856037378311,0.0,0.0,0.10190649330615997,0.0,0.0,0.0,0.10815654695034027,0.026690376922488213,0.0,0.0
2486,0.05262855440378189,0.06515234708786011,0.731345534324646,0.8192988634109497,0.7729544043540955,0.2671563923358917,0.958308219909668,0.0538938045501709,0.22112174332141876,0.6365127563476562,0.15373094379901886,0.3939892649650574,0.7463652491569519,0.07001979649066925,0.13035695254802704,0.06893035024404526
2495,0.0,0.0,0.032825667411088943,0.0,0.0,0.15826499462127686,0.0,0.0,0.0,0.0,0.0,0.0,0.0,0.0,0.0,0.0
2501,0.0,0.0,0.0,0.0,0.0,0.47649532556533813,0.0,0.0,0.0,0.0,0.0,0.0,0.0,0.0,0.0,0.0
2504,0.0,0.0,0.0,0.0,0.0,0.0,0.0,0.0,0.0,0.0,0.0,0.0,0.0,0.0,0.0,0.0
2509,0.0,0.0,0.0,0.0,0.0,0.0,0.0,0.0,0.0,0.0,0.0,0.0,0.0,0.0,0.0,0.0
2510,0.0,0.11036800593137741,0.012796999886631966,0.3042404353618622,0.0,0.0,0.0,0.05099960044026375,0.4465569853782654,0.2379937618970871,0.0,0.184096097946167,0.02741583250463009,0.0,0.0,0.17377811670303345
2523,0.0,0.2436467409133911,0.2528184652328491,0.0,0.3195768892765045,0.2756759524345398,0.0,0.2492753267288208,0.3396282494068146,0.271953821182251,0.0,0.2241416722536087,0.2752313017845154,0.20546622574329376,0.440871924161911,0.0
2528,0.0,0.0,0.0,0.0,0.0,0.0,0.0,0.0,0.0,0.0,0.0,0.0,0.0,0.0,0.0,0.0
2531,0.0,0.0,0.0,0.0,0.0,0.0,0.0,0.0,0.0,0.0,0.0,0.0,0.0,0.0,0.0,0.0
2544,0.0,0.0,0.23970791697502136,0.0,0.0,0.0,0.0,0.0,0.0,0.0,0.0,0.0,0.04422766715288162,0.0,0.07823559641838074,0.0
2545,0.0,0.0,0.0,0.0,0.0,0.0,0.0,0.0,0.0,0.0,0.0,0.0,0.0,0.0,0.0,0.0
2548,0.0,0.0,0.0,0.0,0.0,0.0,0.7317879796028137,0.682781994342804,0.0,0.0,0.0,0.5515729784965515,0.0,0.0,0.0,0.0
2552,0.0,0.0,0.0,0.0,0.0,0.0,0.06913100183010101,0.3545700013637543,0.16829900443553925,0.3629460036754608,0.7390339970588684,0.0,0.07215099781751633,0.0,0.0,0.0
2556,0.2918413579463959,0.0,0.0,0.6268561482429504,0.2794554829597473,0.0,0.6630477905273438,0.0,0.0,0.057349562644958496,0.4515366554260254,0.8016005158424377,0.5593787431716919,0.0,0.791082501411438,0.5462332367897034
2558,0.0,0.0,0.0,0.0,0.0,0.0,0.0,0.0,0.0,0.0,0.0,0.0,0.0,0.0,0.0,0.0
2562,0.0,0.008403300307691097,0.13199277222156525,0.006583829410374165,0.006425000261515379,0.08306471258401871,0.029726184904575348,0.21667882800102234,0.008122755214571953,0.21357332170009613,0.402187705039978,0.012397689744830132,0.37236204743385315,0.03674796223640442,0.0033642728812992573,0.029255805537104607
2564,0.0,0.0,0.0,0.0,0.0,0.0,0.0,0.0,0.0,0.0,0.0,0.0,0.0,0.0,0.0,0.0
2571,0.0,0.0,0.0,0.0,0.0,0.0,0.0,0.0,0.0,0.0,0.0,0.0,0.0,0.0,0.0,0.0
2598,0.3561428189277649,0.006394233554601669,0.008090918883681297,0.22984378039836884,0.010937798768281937,0.08051036298274994,0.10152129828929901,0.3323233723640442,0.012459799647331238,0.5373374819755554,0.022974668070673943,0.04139120876789093,0.04497510567307472,0.009976017288863659,0.323038786649704,0.06721998751163483
2606,0.0,0.0,0.0,0.0,0.0,0.0,0.0,0.0,0.0,0.0,0.0,0.0,0.0,0.0,0.0,0.0
2607,0.0,0.0,0.0,0.0,0.0,0.0,0.0,0.0,0.0,0.0,0.0,0.0,0.0,0.0,0.0,0.0
2620,0.0,0.0,0.0,0.0,0.0,0.0,0.47170400619506836,0.0,0.0,0.0,0.03191107138991356,0.0,0.3102632164955139,0.0,0.09057866036891937,0.4471847116947174
2630,0.0,0.08827391266822815,0.0,0.0,0.0,0.016502803191542625,0.0,0.0,0.0,0.048211097717285156,0.0,0.0021093334071338177,0.0,0.0,0.0,0.008675222285091877
2645,0.0,0.0,0.0,0.0,0.0,0.0,0.0,0.0,0.0,0.0,0.0,0.0,0.0,0.0,0.0,0.0
2658,0.0,0.0,0.0,0.0,0.0,0.0,0.0,0.0,0.0,0.0,0.0,0.0,0.0,0.0,0.0,0.0
2660,0.0,0.7099884748458862,0.0,0.0,0.0,0.0,0.18067534267902374,0.25503554940223694,0.4845934808254242,0.0,0.0,0.0,0.0,0.4127918779850006,0.05039038881659508,0.30232611298561096
2665,0.10000333935022354,0.3241654336452484,0.28062084317207336,0.12082896381616592,0.4649764597415924,0.0,0.1958579421043396,0.07280606776475906,0.1969158947467804,0.45014524459838867,0.16305775940418243,0.3352847993373871,0.37677422165870667,0.011321917176246643,0.032601967453956604,0.3640890419483185
2679,0.051902543753385544,1.0,0.018875200301408768,0.990776002407074,0.0,0.0,0.0,0.0,0.4998154938220978,0.4794600009918213,0.0,0.498493492603302,0.9965999722480774,1.0,0.0,0.9980459809303284
2690,0.0,0.0,0.0,0.0,0.0,0.0,0.0,0.0,0.0,0.0,0.0,0.0,0.0,0.0,0.0,0.0
2700,0.12104339897632599,0.0,0.0038932394236326218,0.0,0.09413449466228485,0.06825542449951172,0.05364497750997543,0.0,0.025031328201293945,0.037061907351017,0.0048994035460054874,0.048818983137607574,0.0,0.07002636045217514,0.0,0.0
2707,0.2676507830619812,0.10892932116985321,0.0,0.33842116594314575,0.0,0.0,0.30476248264312744,0.0,0.465330570936203,0.24654808640480042,0.2625597417354584,0.26851344108581543,0.308432012796402,0.4365868866443634,0.0,0.4270021617412567
2709,0.0,0.0,0.0,0.0,0.0,0.0,0.0,0.0,0.0,0.0,0.0,0.0,0.0,0.0,0.0,0.0
2710,0.1431242674589157,0.0891357883810997,0.014476786367595196,0.3300977051258087,0.03799169138073921,0.19393819570541382,0.018496166914701462,0.06264178454875946,0.23055502772331238,0.12451556324958801,0.1984713226556778,0.06698396056890488,0.8445125222206116,0.03708622604608536,0.09117371588945389,0.09818431735038757
2711,0.18006600439548492,0.0,0.21349139511585236,0.0,0.2639613449573517,0.19941414892673492,0.2449903041124344,0.0,0.0,0.26582249999046326,0.0,0.1911281943321228,0.15652212500572205,0.0,0.21172691881656647,0.21752405166625977
2714,0.0,0.0,0.0,0.0,0.0,0.0,0.0,0.0,0.0,0.0,0.0,0.0,0.0,0.0,0.0,0.0
2719,0.6715080142021179,0.1495186984539032,0.4988803267478943,0.12449727952480316,0.5784264802932739,0.499576210975647,0.3866879940032959,0.36746305227279663,0.4354868233203888,0.18583455681800842,0.22810089588165283,0.3803898096084595,0.5931738615036011,0.22580751776695251,0.20764726400375366,0.34725987911224365
2728,0.0,0.0,0.0,0.0,0.0,0.0,0.0,0.0,0.0,0.0,0.0,0.0,0.0,0.0,0.0,0.0
2744,0.0,0.0,0.0,0.0,0.0,0.0,0.0,0.0,0.0,0.0,0.0,0.0,0.0,0.0,0.0,0.0
2753,0.0,0.0,0.05100816488265991,0.001396535779349506,0.06578833609819412,0.05741679295897484,0.0,0.07932944595813751,0.0,0.0,0.2072312980890274,0.3022820055484772,0.09717026352882385,0.0,0.0,0.6102703213691711
2766,0.0,0.0,0.0,0.0,0.0,0.0,0.0,0.0,0.0,0.0,0.0,0.0,0.0,0.0,0.0,0.0
2780,0.06457777321338654,0.07692290842533112,0.01574299857020378,0.0,0.0,0.0,0.0,0.0,0.03713379427790642,0.0,0.07050621509552002,0.0,0.0,0.0,0.08661842346191406,0.0583796352148056
2781,0.0,0.0,0.0,0.0,0.0,0.0,0.0,0.0,0.0,0.0,0.0,0.0,0.0,0.0,0.0,0.0
2821,0.0,0.0,0.0,0.0,0.07733233273029327,0.12650081515312195,0.0,0.30499976873397827,0.1946883648633957,0.0,0.0,0.23697058856487274,0.08910048007965088,0.17892323434352875,0.0,0.287190318107605
2833,0.0,0.0,0.0,0.0,0.0,0.0,0.0,0.0,0.0,0.0,0.0,0.0,0.0,0.0,0.0,0.0
2856,0.19913099706172943,0.19315600395202637,0.0,0.0,0.04414200037717819,0.0,0.15442900359630585,0.0,0.21542267501354218,0.0,0.0,0.17898067831993103,0.13935600221157074,0.012480000033974648,0.04344266653060913,0.2289399951696396
2860,0.25236937403678894,0.807796835899353,0.4999221861362457,0.9118413329124451,0.7831587195396423,0.7255131602287292,0.9613373875617981,0.9087128639221191,0.8912400603294373,0.5565646290779114,0.6666578054428101,0.2867896258831024,0.37855735421180725,0.7314046621322632,0.6790176630020142,0.8130220174789429
2866,0.0,0.0,0.0,0.0,0.05102064087986946,0.0,0.06992971152067184,0.11718907952308655,0.0,0.0,0.11085006594657898,0.0,0.0,0.0,0.03511854633688927,0.10353880375623703
2873,0.0,0.0,0.0729358121752739,0.0,0.1665625274181366,0.0,0.29977843165397644,0.0,0.10191988199949265,0.0,0.0,0.08487969636917114,0.07540775090456009,0.0752776637673378,0.0,0.12625694274902344
2874,0.04474799707531929,0.0,0.0,0.0,0.0,0.0,0.0,0.03568047657608986,0.034637682139873505,0.0,0.0961850956082344,0.0,0.029586274176836014,0.0,0.17780932784080505,0.0
2877,0.0,0.0,0.0,0.0,0.021134335547685623,0.0,0.0,0.0,0.0,0.0,0.0,0.0,0.12189424782991409,0.0,0.047154251486063004,0.0
2879,0.0,0.0,0.0,0.0,0.0,0.0,0.0,0.0,0.0,0.0,0.0,0.0,0.0,0.0,0.0,0.0
2884,0.0,0.0,0.46404799818992615,0.3160269856452942,0.0,0.0,0.0,0.39317500591278076,0.0,0.0,0.0,0.0,0.0,0.6998279690742493,0.0,0.0
2887,0.0,0.0,0.0,0.0,0.0,0.0,0.0,0.0,0.0,0.0,0.0,0.0,0.0,0.0,0.0,0.0
2892,0.0,0.0,0.0,0.0,0.0,0.0,0.0,0.0,0.0,0.0,0.0,0.0,0.0,0.0,0.0,0.0
2906,0.0,0.0,0.0,0.007485558278858662,0.09315565973520279,0.0,0.0,0.0,0.10726583749055862,0.03038960136473179,0.0,0.02471136674284935,0.03446400165557861,0.0489945113658905,0.016118213534355164,0.014012864790856838
2907,0.0,0.0,0.0,0.05651799961924553,0.0,0.0,0.0,0.0,0.0,0.0,0.0,0.0,0.0,0.0,0.0,0.0
2911,0.0,0.0,0.1161419078707695,0.0,0.18048851191997528,0.27676305174827576,0.1819472759962082,0.1634325534105301,0.0,0.0,0.1373397409915924,0.1361038237810135,0.22190669178962708,0.12208638340234756,0.22066402435302734,0.19959919154644012
2913,0.0,0.0,0.0,0.0,0.0,0.0,0.0,0.0,0.0,0.0,0.0,0.0,0.0,0.22378814220428467,0.0,0.0
2919,0.0,0.0,0.0,0.0,0.0,0.0,0.12388478964567184,0.0,0.3304815888404846,0.0,0.0,0.0,0.0,0.09292237460613251,0.0,0.0
2920,0.0,0.0,0.0,0.0,0.0,0.0,0.0,0.0,0.0,0.0,0.0,0.0,0.0,0.0,0.5618398189544678,0.0
2921,0.698004961013794,0.503526508808136,0.7474430799484253,0.6395249962806702,0.8390651345252991,0.7563130259513855,0.7660147547721863,0.5589354038238525,0.7307799458503723,0.7760117650032043,0.39355525374412537,0.7346972227096558,0.7996748089790344,0.5798255801200867,0.6825902462005615,0.43179765343666077
2934,0.0,0.0,0.0,0.0,0.0,0.0,0.0,0.0,0.0,0.0,0.0,0.0,0.0,0.0,0.0,0.0
2938,0.0,0.0,0.0,0.0,0.0,0.0,0.0,0.0,0.0,0.0,0.0,0.0,0.0,0.0,0.0,0.0
2942,0.0,0.0,0.0,0.0,0.0,0.0,0.0,0.0,0.0,0.0,0.0,0.0,0.0,0.0,0.0,0.0
2946,0.27143800258636475,0.0,0.0,0.0,0.0,0.0,0.0,0.0,0.0,0.0,0.0,0.0,0.0,0.0,0.16074800491333008,0.0
2948,0.0,0.0,0.3478200137615204,0.0,0.0,0.0,0.0,0.0,0.0,0.0,0.0,0.0,0.0,0.0,0.0,0.0
2949,0.0,0.0,0.0,0.0,0.0,0.0,0.0,0.0,0.0,0.0,0.0,0.0,0.0,0.0,0.0,0.0
2956,0.0,0.0,0.0,0.0,0.0,0.0,0.0,0.0,0.0,0.0,0.0,0.0,0.0,0.0,0.0,0.0
2964,0.0,0.0,0.0,0.0,0.0,0.0,0.0,0.0,0.0,0.0,0.0,0.0,0.0,0.0,0.0,0.0
2970,0.0,0.0,0.0,0.0,0.0,0.0,0.0,0.0,0.0,0.0,0.0,0.0,0.0,0.0,0.0,0.0
2971,0.0,0.0,0.0,0.0,0.0,0.0,0.0,0.0,0.0,0.0,0.0,0.0,0.0,0.0,0.0,0.0
2972,0.0,0.0,0.0,0.0,0.0,0.0,0.0,0.0,0.0,0.0,0.0,0.0,0.0,0.0,0.0,0.0
2973,0.0,0.0,0.0,0.0,0.03686150163412094,0.04025999829173088,0.0,0.0,0.0,0.12155400216579437,0.0,0.0,0.0,0.0,0.15890799462795258,0.0
2977,0.084415003657341,0.037889111787080765,0.036448340862989426,0.09431900084018707,0.027025600895285606,0.0,0.0,0.27020207047462463,0.16908065974712372,0.0,0.17822450399398804,0.18951475620269775,0.03039398416876793,0.1234564557671547,0.03505299985408783,0.0818478912115097
2978,0.0,0.0,0.0,0.0,0.10008756071329117,0.01357837114483118,0.012498058378696442,0.0,0.0,0.0,0.0,0.0,0.0,0.0,0.0,0.0
2993,0.1586155891418457,0.0,0.0,0.0,0.22807946801185608,0.0,0.0,0.0,0.03113126941025257,0.12863437831401825,0.0,0.030070427805185318,0.27607426047325134,0.0,0.07734130322933197,0.2920558452606201
2994,0.0,0.0,0.0,0.0,0.0,0.0,0.0,0.0,0.0,0.0,0.0,0.0,0.0,0.0,0.0,0.0
3013,0.0,0.0,0.0,0.0,0.0,0.0,0.0,0.0,0.0,0.0,0.0,0.0,0.0,0.0,0.0,0.0
3017,0.0,0.0,0.0,0.0,0.0,0.0,0.0,0.0,0.0,0.0,0.0,0.0,0.0,0.0,0.0,0.0
3018,0.5341864824295044,0.4451475143432617,0.26321500539779663,0.0,0.6458070278167725,0.4203075170516968,0.7652454972267151,0.2679464817047119,0.9720849990844727,0.2944819927215576,0.32817500829696655,0.24534650146961212,0.0,0.4409934878349304,0.2171505093574524,0.0
3023,0.0,0.0,0.0,0.0,0.0,0.1752990037202835,0.0,0.0,0.0,0.0,0.0,0.31863269209861755,0.0,0.0,0.0,0.471788227558136
3024,0.0,0.0,0.0,0.0,0.0,0.0,0.0,0.0,0.0,0.0,0.0,0.0,0.0,0.0,0.0,0.0
3025,0.0,0.0,0.0,0.0,0.0,0.0,0.0,0.0,0.0,0.0,0.0,0.0,0.0,0.0,0.0,0.0
3032,0.07756750285625458,0.6992493867874146,0.21183699369430542,0.0,0.13513949513435364,0.0,0.4704524874687195,0.0,0.4375635087490082,0.059905000030994415,0.2091553509235382,0.055558666586875916,0.380513995885849,0.45986950397491455,0.5970824956893921,0.17025649547576904
3033,0.0,0.0,0.0,0.0,0.0,0.0,0.0,0.0,0.0,0.0,0.0,0.0,0.0,0.0,0.0,0.0
3036,0.0,0.36200475692749023,0.0,0.9896399974822998,0.2903760075569153,0.0,0.0,0.0,0.0,0.0,0.0,0.0,0.0,0.9626060128211975,0.0,0.0
3049,0.0,0.08329659700393677,0.024924715980887413,0.1480027437210083,0.0,0.09466049820184708,0.0,0.0,0.06315760314464569,0.0,0.0659572035074234,0.0,0.0,0.014584429562091827,0.0,0.015465800650417805
3051,0.0,0.0,0.0,0.0,0.0,0.3536553382873535,0.068081334233284,0.0,0.0,0.0,0.0,0.0,0.0,0.0,0.4536813199520111,0.0
3058,0.416190505027771,0.8858039975166321,0.0,0.8933475017547607,0.3534184992313385,0.514891505241394,0.49678850173950195,0.0,0.0,0.5550010204315186,0.0,0.4861299991607666,0.3269035220146179,0.5448379516601562,0.2987160086631775,0.19322000443935394
3064,0.0,0.0,0.0,0.0,0.0,0.0,0.0,0.0,0.0,0.0,0.0,0.0,0.0,0.0,0.0,0.0
3068,0.0,0.0970270037651062,0.0,0.0,0.0,0.0,0.0,0.009283799678087234,0.0,0.0,0.0,0.0,0.0,0.0,0.0,0.0
3069,0.0,0.0,0.0,0.0,0.0,0.0,0.0,0.0,0.0,0.0,0.0,0.0,0.0,0.0,0.0,0.0
3071,0.6258246898651123,0.38026270270347595,0.12820449471473694,0.0,0.24340000748634338,0.0,0.30314067006111145,0.37383732199668884,0.23495332896709442,0.0,0.0,0.0,0.19152268767356873,0.1514820009469986,0.1617029905319214,0.3036593198776245
3077,0.0,0.0,0.0,0.0,0.0,0.0,0.0,0.0,0.0,0.0,0.0,0.0,0.0,0.0,0.0,0.0
3086,0.0,0.0,0.0,0.0,0.0,0.0,0.0,0.0,0.0,0.0,0.0,0.0,0.0,0.0,0.0,0.0
3094,0.0,0.0,0.0,0.0,0.0,0.0,0.0,0.0,0.0,0.0,0.0,0.0,0.0,0.0,0.0,0.0
3095,0.0,0.04403141513466835,0.0,0.0,0.0,0.0,0.0,0.0,0.0,0.0,0.0,0.0,0.0,0.0,0.0,0.0
3101,0.26718997955322266,0.3389739990234375,0.0,0.4180060029029846,0.35870951414108276,0.9514434933662415,0.3928605020046234,0.2502624988555908,0.22873999178409576,0.0,0.4635629951953888,0.0,0.4239805042743683,0.2811349928379059,0.5253034830093384,0.9187214970588684
3104,0.0,0.0,0.0,0.0,0.0,0.0,0.0,0.0,0.0,0.0,0.0,0.0,0.0,0.0,0.0,0.0
3106,0.3886995017528534,0.44364500045776367,0.0,0.0,0.6524385213851929,0.0,0.0,0.5572980046272278,0.0,0.5684109926223755,0.0,0.0,0.0,0.0,0.8676630258560181,0.2811200022697449
3108,0.0,0.0,0.0,0.0,0.0,0.0,0.0,0.0,0.0,0.0,0.0,0.0,0.0,0.0,0.0,0.0
3113,0.0,0.0,0.0,0.0,0.0,0.0,0.0,0.0,0.0,0.0,0.0,0.0,0.0,0.0,0.0,0.0
3119,0.0,0.0,0.0,0.014334195293486118,0.0,0.0,0.0,0.0,0.0,0.0,0.0,0.0,0.0,0.0,0.0,0.0
3125,0.0,0.13093037903308868,0.22590351104736328,0.1329810619354248,0.0,0.0,0.0,0.1751866340637207,0.0,0.0,0.0681259036064148,0.1278362274169922,0.08632518351078033,0.0,0.10054251551628113,0.12153753638267517
3126,0.054829735308885574,0.8254386782646179,0.5622541308403015,0.0,0.4706145226955414,0.5979593396186829,0.46654853224754333,0.6186594367027283,0.750482439994812,0.0,0.6946157813072205,0.5055945515632629,0.9319339394569397,0.4719296395778656,0.04810300096869469,0.794511616230011
3129,0.0,0.09051066637039185,0.0,0.0,0.0,0.0,0.0,0.0,0.0,0.0,0.0,0.0,0.0,0.0,0.0,0.0
3132,0.0,0.0,0.21473217010498047,0.159760981798172,0.0,0.0,0.16653192043304443,0.2250661849975586,0.16314107179641724,0.0,0.11789010465145111,0.19283036887645721,0.21660694479942322,0.13062794506549835,0.0,0.19530676305294037
3133,0.11976562440395355,0.18359941244125366,0.02889465168118477,0.19966283440589905,0.0,0.0,0.0,0.0588950552046299,0.0714622437953949,0.0,0.0,0.0,0.10299341380596161,0.06035536900162697,0.0,0.07669373601675034
3134,0.0,0.0,0.0,0.0,0.0,0.0,0.0,0.0,0.0,0.0,0.0,0.0,0.0,0.0,0.0,0.0
3142,0.0,0.0,0.0,0.0,0.0,0.0,0.0,0.0,0.0,0.0,0.0,0.0,0.0,0.0,0.0,0.0
3143,0.0,0.03861245512962341,0.0,0.20238111913204193,0.0,0.09530670195817947,0.0,0.07006071507930756,0.004275482147932053,0.0,0.0,0.0,0.07019075006246567,0.08116962760686874,0.0,0.08281422406435013
3147,0.0,0.0,0.0,0.0,0.0,0.0,0.0,0.0,0.0,0.0,0.0,0.0,0.0,0.0,0.0,0.0
3149,0.34339797496795654,0.0,0.0,0.0,0.7786495089530945,0.0,0.7844280004501343,0.4105289876461029,0.4278619885444641,0.4423060119152069,0.1982724964618683,0.0,0.0,0.280410498380661,0.35296350717544556,0.8035135269165039
3155,0.0,0.0,0.0,0.0,0.0,0.0,0.10906434804201126,0.0,0.0,0.0,0.0,0.0,0.0,0.0,0.0,0.0
3156,0.0,0.0,0.0,0.0,0.0,0.0,0.0,0.0,0.0,0.0,0.0,0.0,0.0,0.0,0.0,0.0
3160,0.0,0.0,0.0,0.0,0.0,0.0,0.0,0.0,0.0,0.0,0.0,0.0,0.0,0.0,0.0,0.0
3161,0.608844518661499,0.0,0.3800293207168579,0.0,0.8318480253219604,0.9376932978630066,0.956668496131897,0.8129029870033264,0.8612416982650757,0.9961534738540649,0.9437733888626099,0.0,0.9085230231285095,0.9191699028015137,0.9998940229415894,0.0
3165,0.0,0.0,0.0,0.0,0.0,0.0,0.0,0.0,0.0,0.0,0.0,0.0,0.0,0.0,0.0,0.0
3168,0.0,0.0,0.0,0.0,0.0,0.0,0.0,0.0,0.0,0.0,0.0,0.0,0.0,0.0,0.0,0.0
3172,0.0,0.0,0.0,0.0,0.0,0.0,0.0,0.0,0.0,0.0,0.0,0.0,0.0,0.0,0.0,0.0
3173,0.0,0.0,0.0,0.0,0.0,0.0,0.0,0.0,0.0,0.0,0.0,0.0,0.0,0.0,0.0,0.0
3179,0.04443822428584099,0.0,0.0,0.0921902135014534,0.04640834406018257,0.3731944262981415,0.017959952354431152,0.19467012584209442,0.03254805877804756,0.04863057658076286,0.14083576202392578,0.0,0.02244277112185955,0.08568087220191956,0.06809989362955093,0.0
3181,0.2553436756134033,0.10581325739622116,0.08373110741376877,0.03455653041601181,0.0,0.8167529106140137,0.3175436556339264,0.27761566638946533,0.5454001426696777,0.7564898133277893,0.0,0.6314741969108582,0.5242210030555725,0.056038565933704376,0.4679511487483978,0.14843571186065674
3183,0.0,0.0,0.0,0.0,0.0,0.0,0.0,0.0,0.0,0.0,0.0,0.0,0.0,0.0,0.0,0.0
3187,0.0,0.050615932792425156,0.02037208341062069,0.0,0.0,0.08242306113243103,0.0,0.0,0.0,0.0,0.0,0.0,0.06633185595273972,0.0,0.0,0.06234730780124664
3191,0.0,0.0,0.0,0.0,0.0,0.0,0.0,0.0,0.0,0.0,0.0,0.0,0.0,0.0,0.0,0.0
3192,0.0,0.0,0.0,0.013422608375549316,0.03821422532200813,0.0,0.0,0.0,0.0,0.009916091337800026,0.0,0.0,0.0,0.0,0.03605185076594353,0.016573499888181686
3198,0.0,0.0,0.0,0.0,0.0,0.0,0.0,0.0,0.0,0.0,0.0,0.0,0.0,0.0,0.0,0.0
3204,0.15645530819892883,0.0,0.10000000149011612,0.0,0.10746793448925018,0.0,0.14508861303329468,0.0,0.19633150100708008,0.21306340396404266,0.0,0.20723572373390198,0.0,0.2026597112417221,0.24730700254440308,0.11476603895425797
3205,0.0,0.0,0.0,0.0,0.0,0.0,0.0,0.0,0.0,0.0,0.0,0.0,0.0,0.0,0.0,0.0
3207,0.0,0.0,0.0,0.0,0.0,0.6339426636695862,0.7539591193199158,0.0,0.0,0.0,0.0,0.0,0.0,0.0,0.0,0.0
3208,0.0,0.0,0.0,0.0,0.0,0.0,0.0,0.0,0.0,0.0,0.0,0.0,0.0,0.0,0.0,0.0
3211,0.0,0.0,0.0,0.0,0.0,0.0,0.0,0.0,0.0,0.0,0.0,0.0,0.0,0.0,0.0,0.0
3212,0.0649615004658699,0.0,0.0,0.0,0.05387274920940399,0.0,0.0,0.0,0.0,0.0531499981880188,0.0,0.08771750330924988,0.03738375008106232,0.10291049629449844,0.01982025057077408,0.0
3217,0.0,0.0,0.0,0.0,0.0,0.0,0.0,0.0,0.0,0.0,0.0,0.0,0.0,0.0,0.0,0.0
3221,0.07235448807477951,0.1160358339548111,0.0,0.0,0.0,0.0,0.2451026886701584,0.0,0.05024009570479393,0.1591341644525528,0.0,0.01278845127671957,0.0,0.0,0.13095413148403168,0.19223052263259888
3224,0.0,0.0,0.0,0.0,0.0,0.0,0.0,0.0,0.0,0.0,0.0,0.0,0.0,0.0,0.0,0.0
3228,0.0,0.0,0.0,0.0,0.0,0.0,0.0,0.0,0.0,0.0,0.0,0.0,0.0,0.0,0.0,0.0
3229,0.0,0.0,0.0,0.0,0.0,0.0,0.0,0.0,0.0,0.0,0.0,0.0,0.0,0.0,0.0,0.0
3231,0.0,0.518102765083313,0.9128813743591309,0.0,0.0,0.0,0.0,0.0,0.0,0.0,0.0,0.404834508895874,0.7299189567565918,0.662372887134552,0.5104690194129944,0.0
3233,0.0,0.0,0.0,0.0,0.0,0.0,0.0,0.0,0.0,0.0,0.0,0.0,0.0,0.0,0.0,0.0
3235,0.25642597675323486,0.10628685355186462,0.24749156832695007,0.12900704145431519,0.4094999134540558,0.12245800346136093,0.0,0.10257177799940109,0.26392510533332825,0.36407580971717834,0.2315516471862793,0.0,0.30581134557724,0.17338073253631592,0.05850773677229881,0.04854300245642662
3236,0.0,0.7376710176467896,0.0,0.8561989068984985,0.0,0.0,0.0,0.0,0.4591941833496094,0.0,0.0,0.0,0.0,0.0,0.0,0.013287858106195927
3238,0.0,0.0,0.0,0.0,0.0,0.0,0.0,0.0,0.0,0.0,0.0,0.0,0.0,0.0,0.0,0.0
3246,0.20380845665931702,0.18900132179260254,0.30252811312675476,0.5121079683303833,0.29031693935394287,0.28962838649749756,0.4035104811191559,0.30352017283439636,0.24049429595470428,0.0,0.18188343942165375,0.11949028074741364,0.30850130319595337,0.24602554738521576,0.17110675573349,0.18278564512729645
3248,0.0,0.0,0.0,0.0,0.0,0.0,0.0,0.0,0.0,0.0,0.0,0.0,0.0,0.0,0.0,0.0
3251,0.0,0.0,0.0,0.0,0.0,0.0,0.0,0.0,0.0,0.0,0.0,0.0,0.0,0.0,0.0,0.0
3252,0.0,0.0,0.0,0.0,0.0,0.0,0.0,0.0,0.0,0.0,0.0,0.0,0.0,0.0,0.0,0.0
3254,0.0,0.0,0.0,0.10349459201097488,0.031949713826179504,0.01660006120800972,0.0,0.0,0.0,0.0,0.0,0.0,0.0,0.09801380336284637,0.13556276261806488,0.0
3262,0.0,0.0,0.0,0.0,0.0,0.0,0.0,0.0,0.0,0.0,0.0,0.0,0.0,0.0,0.0,0.0
3265,0.0,0.0,0.0,0.0,0.0,0.0,0.0,0.0,0.0,0.0,0.0,0.0,0.0,0.0,0.0,0.11088799685239792
3267,0.0,0.0,0.0,0.0,0.0,0.0,0.0,0.0,0.0,0.0,0.0,0.0,0.0,0.0,0.0,0.0
3268,0.0,0.0,0.0,0.01724424958229065,0.0,0.0,0.0,0.10432815551757812,0.0,0.0,0.0,0.0,0.0,0.19761699438095093,0.49314776062965393,0.0
3272,0.0,0.0,0.0,0.0,0.0,0.0,0.0,0.0,0.0,0.0,0.0,0.0,0.0,0.0,0.0,0.0
3281,0.0,0.0,0.0,0.0,0.3740519881248474,0.0,0.0,0.0,0.0,0.0,0.19110900163650513,0.0,0.0,0.0,0.01810816116631031,0.0
3282,0.0,0.0,0.0,0.0,0.0,0.0,0.0,0.0,0.0,0.0,0.0,0.0,0.0,0.0,0.0,0.0
3284,0.0,0.0,0.0,0.048376500606536865,0.04678068310022354,0.019127851352095604,0.0,0.0280672088265419,0.0,0.0,0.0,0.0,0.0,0.0,0.0,0.0
3285,0.4731675088405609,0.0,0.047343529760837555,0.0,0.0,0.1354985386133194,0.18871401250362396,0.0,0.9606475830078125,0.0,0.10192760080099106,0.0,0.08730632811784744,0.20930199325084686,0.0,0.25023922324180603
3291,0.0,0.0,0.0,0.0,0.0,0.0,0.0,0.0,0.0,0.0,0.0,0.0,0.0,0.0,0.0,0.0
3298,0.0,0.0,0.0,0.0,0.0,0.0,0.0,0.0,0.0,0.0,0.0,0.0,0.0,0.0,0.0,0.0
3301,0.1963198184967041,0.28321921825408936,0.25701338052749634,0.1690826117992401,0.0,0.0,0.0,0.0,0.1399119347333908,0.0,0.1497008502483368,0.09138049930334091,0.0,0.0,0.0,0.27349036931991577
3302,0.0,0.0,0.0,0.0,0.0,0.0,0.0,0.0,0.0,0.0,0.0,0.0,0.0,0.0,0.0,0.0
3303,0.11300455778837204,0.07089761644601822,0.014370391145348549,0.3554818034172058,0.6257710456848145,0.8724355697631836,0.04106171429157257,0.1933716982603073,0.54508376121521,0.30415281653404236,0.2976384162902832,0.0831422284245491,0.12745600938796997,0.05976121500134468,0.15789255499839783,0.06382670998573303
3304,0.05023640766739845,0.1882728636264801,0.24934495985507965,0.37611475586891174,0.22538737952709198,0.12376156449317932,0.21517238020896912,0.4894004464149475,0.28312617540359497,0.4713258445262909,0.5299574136734009,0.5070388913154602,0.5618267059326172,0.12041940540075302,0.4757705330848694,0.5256277322769165
3307,0.0,0.0,0.0,0.0,0.0,0.0,0.0,0.0,0.0,0.0,0.0,0.0,0.0,0.0,0.0,0.0
3311,0.014311572536826134,0.17316877841949463,0.05392230674624443,0.725659966468811,0.046984583139419556,0.44404733180999756,0.05803902447223663,0.029084965586662292,0.726963460445404,0.03189879283308983,0.15953375399112701,0.44541433453559875,0.4602643549442291,0.0042602610774338245,0.2530721426010132,0.5670440196990967
3312,0.0,0.0,0.0,0.017141250893473625,0.0446886345744133,0.0,0.023119473829865456,0.0,0.0,0.0,0.0,0.0,0.0,0.0,0.0,0.0
3313,0.0,0.0,0.0,0.0,0.0,0.0,0.0,0.0,0.0,0.0,0.0,0.0,0.0,0.0,0.0,0.0
3314,0.10304418951272964,0.2048053741455078,0.0,0.0,0.0,0.21038687229156494,0.0,0.0,0.16859544813632965,0.11761579662561417,0.13374735414981842,0.1399661898612976,0.15549765527248383,0.0,0.1288335621356964,0.19263334572315216
3316,0.0,0.48157617449760437,0.11701034009456635,0.0,0.0,0.29461681842803955,0.034548670053482056,0.1242106705904007,0.3969556987285614,0.031939249485731125,0.0,0.6786054372787476,0.32256001234054565,0.2820417881011963,0.36020100116729736,0.1637285053730011
3318,0.0,0.0,0.0,0.0,0.0,0.0,0.0,0.0,0.0,0.0,0.0,0.0,0.0,0.0,0.0,0.0
3321,0.0,0.024611428380012512,0.0,0.04505414888262749,0.0,0.0,0.0,0.0,0.0,0.0,0.0,0.0,0.0,0.0,0.0,0.04125243052840233
3322,0.0,0.0,0.0,0.0,0.0,0.0,0.0,0.0,0.0,0.0,0.0,0.0,0.0,0.0,0.0,0.0
3323,0.0,0.0,0.0,0.05276859924197197,0.0,0.0,0.0,0.0,0.0,0.0,0.0,0.0,0.0,0.0,0.0,0.0
3325,0.167478546500206,0.0,0.06294962018728256,0.9046602249145508,0.07352927327156067,0.986251711845398,0.030110999941825867,0.0,0.07188104093074799,0.0,0.0,0.0,0.08277367055416107,0.0,0.8272222280502319,0.9461289644241333
3327,0.0,0.0,0.0,0.0,0.0,0.0,0.0,0.003058388829231262,0.0,0.0,0.0,0.0,0.0,0.0,0.0,0.0
3330,0.0,0.028030086308717728,0.0,0.0,0.0,0.0,0.0,0.0,0.0,0.0,0.0,0.15040458738803864,0.0,0.07812409102916718,0.20535078644752502,0.0
3337,0.0,0.0,0.0,0.0,0.0,0.0,0.0,0.0,0.0,0.0,0.0,0.0,0.0,0.0,0.0,0.0
3339,0.0,0.0,0.0,0.0,0.0,0.0,0.0,0.0,0.0,0.0,0.0,0.0,0.0,0.0,0.0,0.0
3340,0.0,0.0,0.29926344752311707,0.0,0.0,0.0,0.44955191016197205,0.0,0.038477715104818344,0.859732449054718,0.41556498408317566,0.0,0.20660701394081116,0.0,0.8428255319595337,0.7366381287574768
3341,0.0,0.0,0.0,0.0,0.0,0.0,0.0,0.0,0.0,0.0,0.0,0.0,0.0,0.0,0.0,0.0
3342,0.0,0.0,0.0,0.0,0.0,0.0,0.0,0.0,0.0,0.0,0.0,0.0,0.0,0.0,0.0,0.0
3344,0.37656325101852417,0.0,0.6378903985023499,0.7325277328491211,0.41633376479148865,0.5280534625053406,0.0,0.5012003779411316,0.0,0.0,0.0,0.3701317310333252,0.57197105884552,0.0,0.0,0.7443141937255859
3345,0.0,0.0,0.0,0.005599956959486008,0.11493205279111862,0.040479227900505066,0.08824186027050018,0.09186714142560959,0.0,0.038498762995004654,0.0,0.002717380877584219,0.0,0.0,0.09923850744962692,0.0
3351,0.0,0.0,0.01220723520964384,0.04398147761821747,0.0,0.0,0.0,0.04414359852671623,0.0,0.0,0.00893066730350256,0.0,0.0,0.03587406501173973,0.049507174640893936,0.0
3352,0.0,0.0,0.0,0.0,0.0,0.0,0.0,0.0,0.0,0.0,0.0,0.0,0.0,0.0,0.0,0.0
3356,0.0,0.0,0.0,0.00944313034415245,0.028214910998940468,0.0,0.0,0.0,0.0,0.0029911366291344166,0.009372825734317303,0.0,0.012938499450683594,0.0,0.0362868495285511,0.033027954399585724
3360,0.22088927030563354,0.0,0.23719407618045807,0.0,0.0,0.28290605545043945,0.267623633146286,0.18409697711467743,0.0,0.0,0.0,0.0,0.0,0.2500534951686859,0.279518723487854,0.0
3361,0.0,0.0,0.0,0.0,0.0,0.04836120083928108,0.0,0.4658535122871399,0.1950431615114212,0.0,0.13170674443244934,0.0,0.0,0.0,0.013753714971244335,0.603742778301239
3362,0.08798500150442123,0.5288515686988831,0.407353013753891,0.0452692024409771,0.9626476764678955,0.589901328086853,0.3258695602416992,0.1274978369474411,0.44589969515800476,0.2697643041610718,0.7525752186775208,0.5792330503463745,0.2502758502960205,0.8992938995361328,0.886938214302063,0.31162717938423157
3363,0.0,0.0,0.0,0.0,0.0,0.0,0.0,0.0,0.0,0.0,0.0,0.0,0.02570788934826851,0.0,0.0,0.0
3365,0.0,0.0,0.0,0.0,0.0,0.0,0.0,0.0,0.0,0.0,0.0,0.0,0.0,0.0,0.0,0.0
3367,0.0,0.0,0.0,0.0,0.0,0.0,0.0,0.0,0.0,0.0,0.0,0.0,0.0,0.0,0.0,0.0
3368,0.0,0.0,0.0,0.0,0.0,0.0,0.0,0.003230954287573695,0.0,0.0,0.0,0.0,0.0,0.0,0.0,0.0
3369,0.0,0.0,0.0,0.0,0.0,0.0,0.0,0.0,0.0,0.0,0.0,0.0,0.0,0.0,0.0,0.0
3371,0.0,0.0,0.0,0.0,0.0,0.0,0.0,0.0,0.0,0.0,0.0,0.0,0.0,0.0,0.0,0.0
3373,0.0,0.0,0.0,0.0,0.0,0.0,0.0,0.0,0.0,0.0,0.0,0.35555601119995117,0.0,0.0,0.0,0.0
3374,0.0,0.0,0.0,0.0,0.038956668227910995,0.0,0.0,0.0,0.0,0.0,0.00013852381380274892,0.0,0.0,0.0,0.0,0.0
3376,0.0,0.0,0.0,0.0,0.0,0.17786042392253876,0.0,0.0,0.0,0.0,0.0,0.0,0.0,0.0,0.0,0.0
3381,0.0,0.0,0.0,0.0,0.0,0.0,0.0,0.0,0.0,0.0,0.0,0.0,0.0,0.0,0.0,0.0
3382,0.0,0.0,0.02057179994881153,0.0,0.0,0.0,0.0,0.0,0.0,0.0,0.0,0.0,0.0,0.0,0.0,0.0
3391,0.0,0.0,0.0,0.0,0.0,0.0,0.0,0.0,0.0,0.0,0.0,0.0,0.0,0.0,0.0,0.0
3392,0.19042843580245972,0.08356775343418121,0.0,0.1880730837583542,0.0,0.06283927708864212,0.0,0.0,0.029128480702638626,0.028031781315803528,0.0,0.0,0.11991408467292786,0.16957108676433563,0.0,0.0
3393,0.0,0.0,0.0,0.0,0.0,0.0,0.0,0.0,0.0,0.0,0.0,0.0,0.0,0.0,0.0,0.0
3397,0.0,0.0,0.0,0.0,0.0,0.0,0.0,0.0,0.0,0.0,0.0,0.0,0.0,0.0,0.0,0.0
3399,0.0,0.0,0.0,0.0,0.0,0.0,0.0,0.0,0.0,0.0,0.0,0.0,0.0,0.0,0.0,0.0
3401,0.0,0.0,0.0,0.0,0.0,0.0,0.0,0.0,0.0,0.0,0.0,0.0,0.0,0.0,0.17565418779850006,0.0
3404,0.0,0.0,0.0,0.0,0.0,0.0,0.0,0.0,0.0,0.0,0.0,0.0,0.0,0.0,0.0,0.0
3407,0.0,0.0,0.0,0.0,0.0,0.0,0.0,0.0,0.0,0.0,0.0,0.0,0.0,0.0,0.0,0.0
3411,0.0,0.0,0.0,0.0,0.12234938889741898,0.0,0.0,0.02247179113328457,0.0,0.0,0.0,0.0,0.0,0.025716211646795273,0.0,0.0
3415,0.0,0.0,0.0,0.0,0.0,0.0,0.0,0.0,0.0,0.0,0.0,0.0,0.0,0.0,0.0,0.0
3416,0.0,0.0,0.0,0.0,0.0,0.0,0.0,0.0,0.0,0.0,0.0,0.0,0.0,0.0,0.0,0.0
3424,0.0,0.0,0.012633666396141052,0.056636959314346313,0.0,0.0,0.0,0.0,0.0,0.0,0.0,0.008328000083565712,0.0,0.0,0.02642841450870037,0.0
3425,0.0,0.0,0.0,0.0,0.0,0.0,0.0,0.0,0.0,0.0,0.0,0.0,0.0,0.0,0.0,0.0
3427,0.046041104942560196,0.1092953309416771,0.0,0.05431482568383217,0.08691789954900742,0.022694706916809082,0.03387388586997986,0.0,0.0,0.017413705587387085,0.0727759450674057,0.0,0.04349931329488754,0.048716336488723755,0.07960063964128494,0.01429013628512621
3432,0.0,0.3211902379989624,0.207011878490448,0.2240842580795288,0.0,0.23018662631511688,0.0,0.11659181863069534,0.2360447347164154,0.0,0.32390040159225464,0.22616955637931824,0.0,0.0,0.0,0.0
3435,0.0,0.0,0.0,0.014322696253657341,0.030101727694272995,0.0,0.0,0.0,0.0,0.003091363934800029,0.0,0.0,0.0,0.0,0.038703251630067825,0.039677321910858154
3436,0.0,0.0,0.0,0.0,0.0,0.0,0.0,0.0,0.0,0.0,0.0,0.0,0.0,0.0,0.0,0.0
3442,0.0,0.0,0.0,0.0,0.0,0.0,0.0,0.0,0.0,0.0,0.0,0.0,0.0,0.0,0.0,0.0
3443,0.03635291010141373,0.0,0.0,0.028407001867890358,0.033099811524152756,0.04160192608833313,0.03143755719065666,0.0,0.0,0.016293924301862717,0.01663730852305889,0.0,0.0,0.0,0.0,0.013317455537617207
3444,0.0,0.0,0.0,0.0,0.0,0.0,0.0,0.0,0.0,0.0,0.0,0.0,0.0,0.0,0.0,0.0
3451,0.0,0.0,0.0,0.0,0.0,0.0,0.0,0.0,0.0,0.0,0.0,0.0,0.0,0.08205591142177582,0.0,0.0
3453,0.0,0.0,0.0,0.0,0.0,0.0,0.0,0.0,0.0,0.0,0.0,0.0,0.0,0.0,0.0,0.0
3454,0.0,0.0,0.0,0.0,0.0,0.0,0.0,0.0,0.0,0.0,0.0,0.0,0.0,0.0,0.0,0.0
3456,0.0,0.0,0.0031302610877901316,0.0,0.05341257527470589,0.0,0.0,0.006653399672359228,0.0,0.0,0.0,0.0,0.0,0.0,0.056608106940984726,0.00675504794344306
3458,0.0,0.0,0.0,0.0,0.0,0.0,0.0,0.0,0.0,0.0,0.0,0.0,0.0,0.0,0.0,0.0
3460,0.0,0.0,0.0,0.23804230988025665,0.0968611091375351,0.23542746901512146,0.17793680727481842,0.0,0.0,0.0,0.0,0.0,0.0,0.0,0.21548675000667572,0.24655289947986603
3463,0.0,0.0,0.0,0.0,0.0,0.0,0.0,0.0,0.0,0.0,0.0,0.0,0.0,0.0,0.0,0.0
3464,0.0,0.0,0.0,0.0,0.0,0.0,0.0,0.0,0.0,0.0,0.0,0.0,0.0,0.0,0.0,0.0
3467,0.0,0.0,0.0,0.0,0.0,0.0,0.0,0.0,0.0,0.0,0.0,0.0,0.0,0.0,0.0,0.0
3468,0.0,0.0,0.0,0.0,0.0,0.0,0.0,0.0,0.0,0.0,0.0,0.0,0.0,0.0,0.0,0.0
3470,0.0,0.0,0.0,0.0,0.028990954160690308,0.0,0.0,0.0,0.0,0.0,0.01805817522108555,0.0,0.0,0.0,0.05586795508861542,0.0
3473,0.0,0.0,0.010547762736678123,0.0,0.03365938365459442,0.0,0.0,0.0,0.0,0.0,0.0,0.0,0.0,0.0,0.0,0.0
3479,0.0,0.0,0.0,0.0,0.0,0.0,0.0,0.0,0.0,0.0,0.0,0.0,0.0,0.0,0.0,0.0
3485,0.0,0.0,0.0,0.0,0.0,0.0,0.0,0.0,0.0,0.0,0.0,0.0,0.0,0.0,0.0,0.0
3490,0.0,0.0,0.0,0.0,0.0,0.0,0.0,0.0,0.0,0.0,0.0,0.0,0.0,0.0,0.0,0.0
3492,0.0,0.0,0.0,0.0,0.0,0.0,0.0,0.0,0.0,0.0,0.0,0.0,0.0,0.0,0.0,0.0
3496,0.0,0.0,0.0,0.0,0.06905791163444519,0.0,0.04077713564038277,0.0,0.0,0.003292363602668047,0.0,0.0,0.0,0.0,0.043520402163267136,0.0
3498,0.14897777140140533,0.0376155823469162,0.0,0.0,0.0,0.06336352229118347,0.0,0.0,0.0,0.1354907900094986,0.0,0.14639954268932343,0.0,0.0,0.0608174204826355,0.08245781064033508
3501,0.0,0.0,0.0,0.0,0.0,0.0,0.0,0.0,0.0,0.0,0.0,0.0,0.0,0.0,0.0,0.0
3502,0.0,0.0,0.0,0.0,0.06555643677711487,0.0,0.0,0.0,0.0,0.0,0.0031798332929611206,0.0,0.005575958173722029,0.0,0.06679827719926834,0.0
3503,0.07483507692813873,0.19214773178100586,0.16665545105934143,0.14175836741924286,0.12408171594142914,0.0,0.050270210951566696,0.05794966220855713,0.10778213292360306,0.08564574271440506,0.0,0.1689569652080536,0.0,0.08499915152788162,0.13841350376605988,0.0
3504,0.0,0.0,0.0,0.2972249984741211,0.0,0.0,0.0,0.34647148847579956,0.0,0.0,0.04633700102567673,0.0,0.0,0.0,0.0,0.0
3505,0.0,0.0,0.0,0.0,0.0,0.0,0.0,0.0,0.0,0.0,0.0,0.0,0.0,0.0,0.0,0.0
3508,0.273520290851593,0.0,0.19819137454032898,0.0,0.1949968934059143,0.2285604476928711,0.0,0.1264212280511856,0.23702238500118256,0.14615397155284882,0.32294678688049316,0.23383888602256775,0.0,0.15371644496917725,0.0,0.0
3509,0.1608055830001831,0.13511782884597778,0.27100229263305664,0.26044201850891113,0.27255576848983765,0.0,0.2308066487312317,0.0,0.18348030745983124,0.13452166318893433,0.2315388321876526,0.0,0.20854684710502625,0.31755781173706055,0.11753540486097336,0.19488298892974854
3511,0.04536737874150276,0.0,0.0,0.10986223071813583,0.0,0.017946932464838028,0.0,0.0,0.0,0.0,0.0,0.0,0.0,0.0,0.0,0.0
3519,0.0,0.0,0.0,0.0,0.0,0.0,0.0,0.0,0.0,0.0,0.0,0.0,0.0,0.0,0.0,0.0
3525,0.0,0.0,0.0,0.0,0.0,0.0,0.0,0.0,0.0,0.0,0.0,0.0,0.0,0.0,0.0,0.0
3526,0.0,0.0,0.0,0.0,0.0,0.0,0.0,0.0,0.0,0.0,0.0,0.0,0.0,0.0,0.0,0.0
3527,0.0,0.0,0.0,0.0,0.0,0.0,0.0,0.0,0.0,0.0,0.0,0.0,0.0,0.0,0.0,0.0
3533,0.0,0.0,0.0,0.0,0.0,0.0,0.0,0.0,0.0,0.0,0.0,0.0,0.0,0.0,0.0,0.0
3537,0.0,0.0,0.0,0.0,0.0,0.0,0.0,0.0,0.0,0.0,0.0,0.0,0.0,0.0,0.0,0.0
3538,0.022081047296524048,0.0,0.007262217812240124,0.006002181675285101,0.054757148027420044,0.0,0.0,0.014959399588406086,0.0,0.00785654503852129,0.02902813069522381,0.02762410044670105,0.0,0.023011095821857452,0.19056153297424316,0.0
3540,0.0,0.0,0.0,0.0,0.0,0.0,0.0,0.0,0.0,0.0,0.0,0.0,0.0,0.0,0.0,0.0
3541,0.0,0.0,0.0,0.0,0.0,0.0,0.0,0.0,0.0,0.0,0.0,0.0,0.0,0.0,0.0,0.0
3542,0.0,0.0,0.0,0.0,0.0,0.0,0.0,0.0,0.0,0.0,0.0,0.0,0.0,0.0,0.0,0.0
3545,0.0,0.0,0.0,0.0,0.0,0.0,0.0,0.0,0.0,0.0,0.0,0.0,0.0,0.0,0.0,0.0
3546,0.11039867997169495,0.1551060527563095,0.0,0.27341610193252563,0.0,0.0,0.21133442223072052,0.0,0.0,0.2160601019859314,0.0,0.28703704476356506,0.0,0.19172216951847076,0.21515026688575745,0.12422787398099899
3547,0.10605362057685852,0.0,0.20825053751468658,0.0,0.0,0.0,0.28530848026275635,0.24931609630584717,0.0,0.0,0.22117149829864502,0.0,0.0,0.0,0.2093212753534317,0.0
3549,0.0,0.0,0.0,0.0,0.0,0.0,0.0,0.0,0.0,0.0,0.0,0.0,0.0,0.0,0.0,0.0
3552,0.0,0.0,0.0,0.0,0.09953472018241882,0.05465418100357056,0.10374276340007782,0.07880250364542007,0.0,0.003642476163804531,0.0,0.0,0.0,0.0,0.06912880390882492,0.0
3554,0.0,0.0,0.0,0.0,0.0,0.4564254581928253,0.9912204742431641,0.0,0.0,0.0,0.0,0.0,0.0,0.9118579030036926,0.0,0.0
3558,0.0,0.0,0.0,0.0,0.0,0.0,0.0,0.0,0.0,0.0,0.0,0.0,0.0,0.0,0.0,0.0
3559,0.0,0.7975683808326721,0.9823944568634033,0.7368249893188477,0.0,0.9372783303260803,0.7363102436065674,0.787726104259491,0.0,0.6708454489707947,0.7040863037109375,0.0,0.0,0.9383355975151062,0.9683504104614258,0.6370794773101807
3563,0.0,0.0,0.0,0.0,0.03485541045665741,0.0,0.0,0.0,0.0,0.0,0.01544991321861744,0.0,0.0,0.0,0.05675404891371727,0.0
3565,0.0,0.0,0.0,0.0,0.0,0.0,0.0,0.0,0.0,0.0,0.0,0.0,0.0,0.0,0.0,0.0
3566,0.0,0.10800767689943314,0.0,0.0,0.0,0.202566459774971,0.15879444777965546,0.2361016571521759,0.0,0.0,0.0,0.0,0.18883541226387024,0.0,0.0,0.14858798682689667
3568,0.0,0.0,0.0,0.0,0.0,0.0,0.0,0.0,0.0,0.0,0.0,0.0,0.0,0.0,0.0,0.0
3570,0.0,0.0,0.0,0.0,0.0,0.0,0.0,0.0,0.0,0.0,0.0,0.0,0.0,0.0,0.0,0.0
3572,0.0,0.0,0.0,0.0,0.0,0.0,0.0,0.0,0.0,0.0,0.0,0.0,0.0,0.0,0.0,0.0
3573,0.06211455538868904,0.0,0.0,0.0,0.0,0.06298055499792099,0.22457435727119446,0.0,0.0,0.0,0.0,0.0,0.0,0.0,0.04232945665717125,0.08159054815769196
3575,0.04343742877244949,0.0,0.0,0.0,0.21586701273918152,0.0,0.10558373481035233,0.0,0.22028429806232452,0.0,0.0,0.0,0.0,0.0,0.2166832983493805,0.0
3578,0.0,0.0,0.0,0.0,0.048931002616882324,0.0,0.0,0.0,0.0,0.0,0.0,0.0,0.004896208643913269,0.0,0.0799005925655365,0.0
3579,0.0,0.0,0.0,0.0,0.0,0.0,0.0,0.0,0.0,0.0,0.0,0.0,0.0,0.0,0.0,0.0
3581,0.0,0.0,0.0,0.0,0.0,0.0,0.0,0.0,0.0,0.0,0.0,0.0,0.0,0.0,0.0,0.0
3582,0.0,0.0,0.0,0.0,0.0,0.0,0.0,0.0,0.0,0.0,0.0,0.0,0.0,0.0,0.0,0.0
3583,0.0,0.0,0.0,0.0,0.0,0.0,0.0,0.0,0.0,0.0,0.0,0.0,0.0,0.0,0.0,0.0
3587,0.0,0.0,0.0,0.0,0.0,0.0,0.0,0.0,0.0,0.0,0.0,0.0,0.0,0.0,0.0,0.0
3588,0.0,0.0,0.0,0.0,0.0,0.0,0.0,0.0,0.0,0.0,0.0,0.0,0.0,0.0,0.0,0.0
3592,0.0,0.0,0.0,0.0,0.0,0.0,0.0,0.0,0.0,0.0,0.0,0.0,0.0,0.0,0.0,0.0
3593,0.2721206545829773,0.0,0.0,0.0,0.0,0.0,0.0,0.0,0.14187127351760864,0.0,0.5205395221710205,0.0,0.0,0.2001761496067047,0.15574195981025696,0.4061358869075775
3596,0.04213361814618111,0.0,0.0,0.0,0.0,0.028770029544830322,0.02758597768843174,0.0,0.0,0.04341313987970352,0.0,0.0,0.0,0.0,0.057476624846458435,0.0
3598,0.0,0.0,0.0,0.0,0.0,0.0,0.0,0.0,0.0,0.0,0.0,0.0,0.0,0.0,0.0,0.0
3601,0.0,0.11661214381456375,0.0,0.0769476592540741,0.0,0.2019801139831543,0.0,0.2854712903499603,0.2097771167755127,0.24632003903388977,0.1786474883556366,0.0,0.0,0.0,0.14567507803440094,0.0
3602,0.9618698358535767,0.846499502658844,0.9577196836471558,0.9552370309829712,0.6555413007736206,0.9938933849334717,0.8413304090499878,0.8833043575286865,0.9274043440818787,0.9066755175590515,0.9847814440727234,0.8782118558883667,0.7714965343475342,0.9576016068458557,0.8568965792655945,0.9806160926818848
3606,0.0,0.0,0.0,0.0,0.0,0.0,0.0,0.0,0.0,0.0,0.0,0.0,0.0,0.0,0.0,0.0
3607,0.0,0.0,0.12182631343603134,0.0,0.04013408347964287,0.0,0.0,0.07416491955518723,0.12427881360054016,0.05109616741538048,0.10427217185497284,0.11427231878042221,0.0,0.09675272554159164,0.16380572319030762,0.10587064921855927
3608,0.0,0.0,0.0,0.0,0.0,0.0,0.0,0.0,0.0,0.0,0.0,0.0,0.0,0.0,0.0,0.0
3610,0.19027699530124664,0.0,0.0,0.016290999948978424,0.0,0.0,0.0,0.0,0.0,0.027283333241939545,0.0,0.0,0.0,0.291101336479187,0.20588244497776031,0.0
3611,0.0,0.32360225915908813,0.3225853443145752,0.23272722959518433,0.26511096954345703,0.24443988502025604,0.2708730101585388,0.21516263484954834,0.14520105719566345,0.08222874253988266,0.0,0.0,0.0,0.1117740347981453,0.0,0.0
3612,0.0,0.07781193405389786,0.023422885686159134,0.0981115996837616,0.034067023545503616,0.0826607197523117,0.10681185126304626,0.04865780472755432,0.055727142840623856,0.08134852349758148,0.05412789806723595,0.0,0.05814956873655319,0.10896536707878113,0.0,0.0556483268737793
3619,0.13959544897079468,0.21840885281562805,0.0,0.0,0.262589693069458,0.0,0.0,0.0,0.10130470991134644,0.0,0.0,0.06046196445822716,0.10113096982240677,0.13999348878860474,0.20841515064239502,0.0
3620,0.0,0.11313917487859726,0.06426149606704712,0.1440371721982956,0.0,0.0,0.0,0.1337466686964035,0.0836644321680069,0.5103845000267029,0.049291666597127914,0.0,0.0615667998790741,0.12996380031108856,0.0,0.0
3624,0.03186200186610222,0.1757391393184662,0.0,0.1856609582901001,0.21604683995246887,0.09648396074771881,0.0,0.0,0.22054150700569153,0.0,0.033249687403440475,0.16110792756080627,0.20303530991077423,0.0,0.0,0.0
3628,0.0,0.0,0.0,0.0,0.0,0.0,0.0,0.0,0.0,0.0,0.0,0.0,0.0,0.0,0.0,0.0
3630,0.6299201846122742,0.0364956296980381,0.14694854617118835,0.17131231725215912,0.0,0.05171574279665947,0.01707950048148632,0.0,0.3535369038581848,0.0,0.20033769309520721,0.20404581725597382,0.13883666694164276,0.5779433250427246,0.0161039549857378,0.034982919692993164
3632,0.0,0.0,0.0,0.0,0.0,0.0,0.0,0.0,0.0,0.0,0.0,0.0,0.0,0.0,0.0,0.0
3634,0.12471599876880646,0.2231539487838745,0.25670477747917175,0.0,0.19186072051525116,0.0,0.2427445948123932,0.19998227059841156,0.13107618689537048,0.10769525915384293,0.17995023727416992,0.0,0.0,0.0,0.0,0.0
3636,0.14524272084236145,0.0,0.0,0.2175564020872116,0.0,0.22038987278938293,0.0,0.0,0.14220452308654785,0.0,0.21252472698688507,0.0,0.13339553773403168,0.14091630280017853,0.23580718040466309,0.0
3637,0.0,0.48360544443130493,0.0,0.27130982279777527,0.1566792130470276,0.11190524697303772,0.18526625633239746,0.07481905817985535,0.2096586525440216,0.02041270025074482,0.08921324461698532,0.12306521087884903,0.04753177613019943,0.0,0.0,0.23970578610897064
3638,0.0,0.0,0.0,0.0,0.0,0.0,0.0,0.0,0.0,0.0,0.0,0.0,0.0,0.0,0.0,0.0
3639,0.0,0.0,0.0,0.0,0.0,0.0,0.0,0.0,0.0,0.0,0.0,0.0,0.0,0.0,0.0,0.0
3640,0.0,0.14083550870418549,0.7439602613449097,0.06534285843372345,0.0,0.2956428527832031,0.0,0.19940699636936188,0.535944402217865,0.06416955590248108,0.8255284428596497,0.23932532966136932,0.047215498983860016,0.0,0.8015381097793579,0.062017772346735
3642,0.0,0.0,0.041981399059295654,0.0,0.0,0.0,0.06572400033473969,0.04860839992761612,0.0,0.3238255977630615,0.0,0.0,0.026855800300836563,0.0,0.0,0.0
3644,0.0,0.0,0.0358627513051033,0.5077416896820068,0.0,0.0,0.0,0.0,0.0,0.0,0.3653591275215149,0.19716450572013855,0.0,0.0,0.0,0.0
3645,0.0,0.0,0.05243620276451111,0.012100333347916603,0.0,0.0,0.05528166890144348,0.02064874954521656,0.0,0.0,0.0,0.24645760655403137,0.0,0.026417143642902374,0.10156600177288055,0.0
3648,0.0,0.0,0.0,0.0,0.0,0.0,0.0,0.0,0.0,0.0,0.0,0.0,0.0,0.0,0.0,0.0
3649,0.0,0.0,0.020694250240921974,0.013289100490510464,0.0,0.0,0.0,0.0,0.0,0.0,0.00823885016143322,0.0,0.0,0.0,0.0,0.0
3651,0.07478020340204239,0.0,0.0,0.0,0.11217225342988968,0.0,0.0,0.053985368460416794,0.10568510740995407,0.0810660570859909,0.10026991367340088,0.1789858490228653,0.0,0.09386355429887772,0.0,0.10875685513019562
3652,0.0,0.0,0.0,0.0,0.0,0.0,0.0,0.0,0.0,0.0,0.0,0.0,0.0,0.0,0.0,0.0
3655,0.1411995142698288,0.0,0.2837528586387634,0.14791682362556458,0.23092436790466309,0.0,0.22881869971752167,0.21571815013885498,0.11991071701049805,0.0,0.0,0.06002642214298248,0.11422117799520493,0.0,0.17918938398361206,0.24671633541584015
3661,0.0,0.0,0.0,0.0,0.0,0.0,0.0,0.0,0.0,0.0,0.0,0.0,0.0,0.0,0.0,0.0
3663,0.0,0.0,0.0,0.0,0.0,0.0,0.0,0.0,0.0,0.0,0.0,0.0,0.0,0.0,0.0,0.0
3664,0.12630541622638702,0.0,0.3125518262386322,0.1302942931652069,0.0,0.19386731088161469,0.21376806497573853,0.0,0.10859465599060059,0.0,0.0,0.0,0.0,0.12761548161506653,0.0,0.0
3666,0.0,0.0,0.0,0.0,0.0,0.0,0.0,0.0,0.0,0.0,0.0,0.0,0.07069700211286545,0.0,0.21303699910640717,0.0
3669,0.18348802626132965,0.2558578550815582,0.0,0.19341632723808289,0.0,0.2158535122871399,0.0,0.16778674721717834,0.0,0.09897349774837494,0.0,0.049296826124191284,0.0,0.11544396728277206,0.2120530605316162,0.19180579483509064
3671,0.0,0.0,0.0,0.0,0.0,0.0,0.0,0.0,0.0,0.0,0.0,0.0,0.0,0.0,0.0,0.0
3673,0.0,0.0,0.0,0.0,0.0,0.0,0.0,0.0,0.0,0.0,0.0,0.0,0.0,0.0,0.0,0.0
3677,0.0,0.0,0.0,0.0,0.0,0.0,0.0,0.0,0.0,0.0,0.0,0.0,0.0,0.0,0.0,0.0
3680,0.0,0.0,0.0,0.0,0.0,0.0,0.0,0.0,0.0,0.0,0.0,0.0,0.0,0.0,0.0,0.0
3681,0.0,0.3578348755836487,0.0,0.2429971694946289,0.2857661843299866,0.0,0.0,0.0,0.0,0.31426918506622314,0.18969006836414337,0.10121258348226547,0.15175865590572357,0.0,0.09587788581848145,0.0
3682,0.0,0.2758048474788666,0.0,0.0,0.0,0.28936490416526794,0.0,0.0,0.3504391610622406,0.0,0.0,0.2257608324289322,0.0,0.0,0.0,0.28017881512641907
3684,0.0,0.09416458010673523,0.0,0.0,0.0,0.0,0.0,0.04090539738535881,0.038685835897922516,0.0,0.08928100019693375,0.05480600520968437,0.0433214008808136,0.1820586621761322,0.0526450015604496,0.013074499554932117
3685,0.0,0.0,0.0,0.0,0.0,0.0,0.0,0.0,0.0,0.0,0.0,0.0,0.0,0.0,0.0,0.0
3687,0.0,0.0,0.0,0.0,0.0,0.0,0.0,0.0,0.0,0.0,0.0,0.0,0.0,0.0,0.0,0.0
3690,0.0,0.0,0.0,0.0,0.0,0.0,0.0,0.0,0.0,0.0,0.0,0.0,0.0,0.0,0.0,0.0
3692,0.0,0.0,0.0,0.0,0.0,0.0,0.0,0.0,0.0,0.0,0.0,0.0,0.0,0.0,0.0,0.0
3693,0.0,0.0,0.0,0.0,0.0,0.0,0.0,0.0,0.0,0.0,0.0,0.0,0.0,0.0,0.0,0.0
3694,0.0,0.0,0.0,0.0,0.0,0.0,0.0,0.0,0.0,0.0,0.0,0.0,0.0,0.0,0.0,0.0
3695,0.0,0.0,0.0,0.0,0.0,0.0,0.0,0.0,0.0,0.0,0.0,0.0,0.0,0.0,0.0,0.0
3696,0.0,0.0,0.0,0.0,0.0,0.0,0.0,0.0,0.0,0.0,0.0,0.0,0.0,0.0,0.0,0.0
3698,0.0,0.0,0.0,0.0,0.0,0.0,0.0,0.0,0.0,0.0,0.0,0.0,0.0,0.0,0.0,0.0
3699,0.0,0.0,0.0,0.0,0.0,0.0,0.0,0.0,0.0,0.0,0.0,0.0,0.0,0.0,0.0,0.0
3701,0.04494018480181694,0.0,0.0,0.0,0.0,0.13090719282627106,0.04326716810464859,0.0,0.0,0.0,0.0,0.07061771303415298,0.0,0.0,0.089168019592762,0.04823365807533264
3702,0.0,0.0,0.0,0.0,0.0,0.0,0.0,0.0,0.0,0.0,0.0,0.0,0.0,0.0,0.0,0.0
3703,0.0,0.0,0.0,0.0,0.0,0.0,0.0,0.10363834351301193,0.0,0.0,0.0,0.0,0.0,0.0,0.0,0.0
3704,0.0,0.0,0.0,0.0,0.0,0.0,0.0,0.0,0.0,0.0,0.0,0.0,0.0,0.0,0.0,0.0
3705,0.0,0.0,0.0,0.0,0.08065947890281677,0.0,0.04056940972805023,0.0,0.0,0.004010227508842945,0.0,0.0,0.0,0.0,0.0831739604473114,0.0
3706,0.5916245579719543,0.9589691162109375,0.7792227864265442,0.0,0.7799014449119568,0.8856313824653625,0.7955584526062012,0.6934478282928467,0.6304091215133667,0.7156919836997986,0.7977871894836426,0.6708206534385681,0.6715691089630127,0.6984093189239502,0.7222838997840881,0.580449104309082
3711,0.9222948551177979,0.9327588081359863,0.9271324872970581,0.920525312423706,0.980858325958252,0.8802511692047119,0.9399017095565796,0.8982136845588684,0.9202835559844971,0.9865441918373108,0.9285926818847656,0.9645652174949646,0.930602490901947,0.8921046853065491,0.965811014175415,0.10397066920995712
3714,0.0,0.0,0.0,0.0,0.0,0.0,0.0,0.0,0.0,0.0,0.0,0.0,0.0,0.0,0.0,0.0
3715,0.0,0.0,0.0,0.0,0.0,0.0,0.0,0.0,0.0,0.0,0.0,0.0,0.0,0.0,0.0,0.0
3718,0.0,0.0,0.0,0.0,0.0,0.0,0.0,0.0,0.0,0.0,0.0,0.0,0.0,0.0,0.0,0.0
3720,0.0,0.0,0.0,0.0,0.0,0.0,0.0,0.0,0.0,0.0,0.0,0.0,0.0,0.0,0.0,0.0
3723,0.0,0.0,0.0,0.0,0.03474489971995354,0.0,0.0,0.0,0.0,0.0,0.0,0.0,0.0,0.3832716941833496,0.0,0.46097731590270996
3725,0.0,0.0,0.0,0.0,0.0,0.0,0.18189604580402374,0.0,0.0,0.06486839801073074,0.0,0.0,0.13501420617103577,0.0,0.0,0.0
3728,0.0,0.0,0.0,0.0,0.0,0.0,0.0,0.0,0.0,0.0,0.0,0.0,0.0,0.0,0.0,0.0
3732,0.0,0.0,0.0,0.0,0.0,0.0,0.0,0.0,0.0,0.0,0.0,0.0,0.0,0.0,0.0,0.0
3733,0.0,0.0,0.0,0.0,0.0,0.0,0.0,0.0,0.0,0.0,0.0,0.0,0.0,0.0,0.0,0.0
3735,0.0,0.0,0.0,0.0,0.0,0.0,0.0,0.0,0.0,0.0,0.0,0.0,0.0,0.0,0.0,0.0
3738,0.0,0.0,0.0,0.0,0.0,0.0,0.0,0.0,0.0,0.0,0.0,0.0,0.0,0.0,0.0,0.0
3739,0.5451958179473877,0.390824556350708,0.1959623098373413,0.3294893205165863,0.38077372312545776,0.40052658319473267,0.3764553368091583,0.17813058197498322,0.22527173161506653,0.3636886477470398,0.24030981957912445,0.21998777985572815,0.24370738863945007,0.45428547263145447,0.4736628830432892,0.4005672037601471
3741,0.0,0.0,0.0,0.0,0.05128095671534538,0.022079918533563614,0.038438741117715836,0.0,0.0,0.0,0.007604565471410751,0.0,0.0,0.0,0.03018530085682869,0.0
3742,0.053795233368873596,0.14514292776584625,0.05672561749815941,0.15834635496139526,0.0,0.0,0.1048867404460907,0.0,0.0,0.05433208495378494,0.0,0.0,0.1049848422408104,0.0,0.15436388552188873,0.12207866460084915
3748,0.0,0.0,0.0,0.0,0.0,0.0,0.0,0.0,0.0,0.0,0.0,0.0,0.0,0.0,0.0,0.0
3749,0.0,0.0,0.0,0.0,0.021634316071867943,0.0,0.0,0.0,0.0,0.0,0.0,0.0,0.0,0.0,0.0,0.0
3755,0.05648814141750336,0.07766211032867432,0.0,0.0,0.0,0.027433039620518684,0.0,0.08033964782953262,0.0,0.0,0.06497856229543686,0.025443872436881065,0.0,0.16268612444400787,0.12578265368938446,0.0
3756,0.0,0.0,0.0,0.0,0.0,0.0,0.0,0.0,0.0,0.0,0.0,0.0,0.0,0.0,0.0,0.0
3759,0.0,0.0,0.0,0.0,0.0,0.0,0.0,0.0,0.0,0.0,0.0,0.0,0.0,0.0,0.0,0.0
3763,0.0,0.0,0.0,0.0,0.0,0.0,0.0,0.0,0.0,0.0,0.0,0.0,0.0,0.0,0.0,0.0
3765,0.09180185198783875,0.20323924720287323,0.0,0.0,0.22243814170360565,0.0,0.0,0.15122394263744354,0.13236746191978455,0.0,0.11210346221923828,0.0,0.0,0.0,0.21007856726646423,0.18405842781066895
3767,0.0,0.0,0.0,0.0,0.0,0.0,0.0,0.0,0.0,0.0,0.0,0.0,0.0,0.0,0.0,0.0
3769,0.0,0.0,0.0,0.0,0.0,0.0,0.0,0.0,0.0,0.0,0.0,0.0,0.0,0.0,0.0,0.0
3772,0.0,0.0,0.0,0.0,0.0,0.0,0.0,0.0,0.0,0.0,0.0,0.0,0.0,0.0,0.0,0.0
3774,0.10834687203168869,0.0,0.023447886109352112,0.0,0.02580757811665535,0.11109363287687302,0.0,0.09905339777469635,0.049680519849061966,0.0,0.06164029985666275,0.0,0.0,0.0,0.0,0.0
3777,0.0,0.0,0.0,0.0,0.0,0.0,0.0,0.0,0.0,0.0,0.0,0.0,0.0,0.0,0.0,0.0
3778,0.0,0.0,0.0,0.0,0.0,0.0,0.0,0.0,0.0,0.0,0.0,0.0,0.0,0.0,0.0,0.0
3779,0.0,0.0,0.0,0.0,0.0,0.0,0.0,0.0,0.0,0.0,0.0,0.0,0.0,0.0,0.0,0.0
3784,0.0,0.0,0.0,0.0,0.0,0.0,0.0,0.0,0.0,0.0,0.0,0.0,0.0,0.0,0.0,0.0
3787,0.24562779068946838,0.25407764315605164,0.0,0.0,0.24424996972084045,0.1295711249113083,0.0,0.33826059103012085,0.11189094185829163,0.16287800669670105,0.14826731383800507,0.0,0.0,0.14759193360805511,0.0,0.30978086590766907
3789,0.0,0.0,0.20429101586341858,0.0,0.0,0.0,0.01728924922645092,0.03823539987206459,0.0,0.0,0.0,0.0,0.0,0.0,0.0,0.0
3793,0.0,0.2486843317747116,0.0,0.0,0.0,0.0,0.12084834277629852,0.0,0.0,0.0,0.0,0.0,0.0,0.0,0.17201034724712372,0.0
3794,0.0,0.0,0.0,0.023343348875641823,0.0,0.0,0.0,0.0,0.0,0.020356887951493263,0.0,0.021744515746831894,0.0,0.0,0.0,0.0
3798,0.22393612563610077,0.34106868505477905,0.0,0.3710203170776367,0.4546692371368408,0.2466883361339569,0.353043794631958,0.013821400701999664,0.05708836764097214,0.24606800079345703,0.42722269892692566,0.09673024713993073,0.08013420552015305,0.5930962562561035,0.0,0.0
3800,0.5641186833381653,0.3017430603504181,0.5345066785812378,0.23713670670986176,0.3936358690261841,0.5902263522148132,0.14300163090229034,0.4968038499355316,0.52056884765625,0.5497516393661499,0.48972800374031067,0.70744788646698,0.8232375383377075,0.34195488691329956,0.5956746935844421,0.5245702266693115
3802,0.0,0.0,0.0,0.0,0.0,0.0,0.0,0.0,0.0,0.0,0.0,0.0,0.0,0.0,0.0,0.0
3804,0.0,0.0,0.0,0.0,0.040086157619953156,0.0,0.0,0.0,0.0,0.0,0.0,0.0,0.0,0.0,0.0,0.0
3806,0.08700669556856155,0.06172236427664757,0.038646671921014786,0.0,0.11895211786031723,0.23774634301662445,0.0,0.0,0.18990083038806915,0.0,0.055273737758398056,0.02558853290975094,0.1349753588438034,0.032272350043058395,0.07074511796236038,0.039361145347356796
3807,0.0,0.0,0.0,0.0,0.0,0.0,0.0,0.0,0.0,0.0,0.0,0.0,0.0,0.0,0.0,0.0
3808,0.0,0.0,0.0,0.0,0.0,0.0,0.0,0.0,0.0,0.0,0.0,0.0,0.0,0.0,0.0,0.0
3814,0.0,0.0,0.0,0.0,0.0,0.0,0.0,0.0,0.0,0.0,0.0,0.0,0.0,0.0,0.0,0.0
3815,0.16055771708488464,0.0,0.0,0.0,0.13445094227790833,0.17388376593589783,0.2922165095806122,0.11738511919975281,0.0,0.5318558216094971,0.23178212344646454,0.0,0.11866424977779388,0.22955317795276642,0.0,0.0
3819,0.0,0.0,0.0,0.0,0.0,0.0,0.0,0.0,0.0,0.0,0.0,0.0,0.0,0.0,0.0,0.0
3823,0.11644268035888672,0.016927599906921387,0.029818272218108177,0.0,0.03403174877166748,0.12541703879833221,0.0,0.11005893349647522,0.283891886472702,0.18271788954734802,0.0,0.27671799063682556,0.0,0.19191370904445648,0.036436520516872406,0.0
3824,0.0,0.0,0.0,0.0,0.0,0.0,0.0,0.0,0.0,0.0,0.0,0.0,0.0,0.0,0.0,0.0
3825,0.0,0.0,0.10334702581167221,0.0,0.1042267307639122,0.1804599165916443,0.0,0.12189143896102905,0.0,0.0,0.06745642423629761,0.13874459266662598,0.0,0.0,0.0,0.1113671362400055
3826,0.0,0.0,0.0,0.0,0.0,0.0,0.0,0.0,0.0,0.0,0.0,0.0,0.0,0.0,0.0,0.0
3827,0.0,0.0,0.0,0.0,0.0832851380109787,0.038613591343164444,0.04295023903250694,0.0,0.0,0.0,0.0,0.0,0.0,0.0,0.06950380653142929,0.0
3829,0.23869307339191437,0.8231168389320374,0.6634816527366638,0.6607842445373535,0.6208117604255676,0.7093136310577393,0.5042154788970947,0.6658818125724792,0.6868793964385986,0.5613014698028564,0.8790470957756042,0.498479425907135,0.9430575966835022,0.7238990664482117,0.5951351523399353,0.6148372888565063
3831,0.0,0.0,0.0,0.0,0.0,0.0,0.0,0.0,0.0,0.0,0.0,0.0,0.0,0.0,0.0,0.0
3832,0.0,0.0,0.0,0.0,0.0,0.0,0.0,0.0,0.0,0.0,0.0,0.0,0.0,0.0,0.0,0.0
3835,0.0,0.0,0.0,0.0,0.0,0.0,0.0746353343129158,0.0,0.0,0.1950596272945404,0.0,0.0,0.0,0.0,0.0,0.09874353557825089
3840,0.0,0.052513495087623596,0.08349421620368958,0.189702570438385,0.06118153780698776,0.08121901750564575,0.0,0.0,0.08817295730113983,0.1001080796122551,0.0,0.0,0.0767858698964119,0.09133514761924744,0.0,0.10152833163738251
3846,0.07480300217866898,0.3728190064430237,0.0,0.0,0.0,0.0,0.0,0.2596389949321747,0.0,0.0,0.0,0.0,0.0,0.0,0.0,0.10006199777126312
3848,0.0,0.0,0.0,0.0,0.08949223905801773,0.04047186300158501,0.04297123849391937,0.0,0.0,0.0,0.0,0.0,0.0,0.0,0.05026295408606529,0.0
3849,0.0,0.0,0.0,0.0,0.0,0.0,0.0,0.0,0.0,0.0,0.0,0.0,0.0,0.0,0.0,0.0
3853,0.0,0.0,0.0,0.0,0.0,0.0,0.0,0.0,0.0,0.0,0.0,0.0,0.0,0.0,0.0,0.0
3854,0.0,0.0,0.0,0.0,0.0,0.0,0.0,0.0,0.0,0.0,0.0,0.0,0.0,0.0,0.0,0.0
3858,0.0,0.0,0.0,0.0,0.0,0.0,0.0,0.0,0.0,0.0,0.0,0.0,0.0,0.0,0.0,0.0
3860,0.0,0.0,0.0,0.0,0.0,0.0,0.0,0.0,0.0,0.0,0.0,0.0,0.0,0.0,0.0,0.0
3861,0.0,0.0,0.0,0.0,0.0,0.0,0.0,0.0,0.0,0.0,0.0,0.0,0.0,0.0,0.0,0.0
3863,0.34120550751686096,0.6882120370864868,0.08820837736129761,0.37067312002182007,0.9962949752807617,0.05133825168013573,0.9417024850845337,0.7957116365432739,0.48974961042404175,0.629148006439209,0.9945787191390991,0.6494468450546265,0.23015277087688446,0.5440244078636169,0.9726874828338623,0.6562278270721436
3866,0.0,0.0,0.0,0.0,0.0,0.0,0.0,0.0,0.0,0.0,0.0,0.0,0.0,0.0,0.0,0.0
3867,0.0,0.0,0.0,0.0,0.0,0.0,0.0,0.0,0.0,0.0,0.0,0.0,0.0,0.0,0.0,0.0
3868,0.0,0.0,0.0,0.0,0.0,0.0,0.0,0.0,0.0,0.0,0.0,0.0,0.0,0.0,0.0,0.0
3870,0.0,0.0,0.0,0.0,0.0,0.0,0.0,0.0,0.0,0.0,0.0,0.0,0.0,0.0,0.0,0.0
3871,0.0,0.0,0.0,0.0,0.0,0.0,0.0,0.0,0.0,0.0,0.0,0.0,0.0,0.0,0.0,0.0
3872,0.0,0.0,0.0,0.0,0.0,0.0,0.0,0.0,0.0,0.0,0.0,0.0,0.0,0.0,0.0,0.0
3875,0.0,0.0,0.0,0.1325477510690689,0.0,0.0,0.03686933219432831,0.0,0.0,0.07244366407394409,0.4304835796356201,0.0,0.15610189735889435,0.0,0.0,0.0
3878,0.0,0.0,0.0,0.0,0.0,0.0,0.0,0.0,0.0,0.0,0.0,0.0,0.0,0.0,0.0,0.0
3879,0.0,0.0,0.0,0.0,0.0,0.0,0.0,0.0,0.0,0.0,0.0,0.0,0.0,0.0,0.0,0.0
3880,0.0,0.0,0.0,0.0,0.0,0.0,0.0,0.0,0.0,0.0,0.0,0.0,0.0,0.0,0.0,0.0
3887,0.0,0.0,0.0,0.0,0.0,0.0,0.0,0.0,0.0,0.0,0.0,0.0,0.0,0.0,0.0,0.0
3894,0.13072147965431213,0.0,0.23060639202594757,0.22280673682689667,0.0,0.18017281591892242,0.2648041546344757,0.19734050333499908,0.5192732810974121,0.10909952968358994,0.2530202269554138,0.05640396848320961,0.006472935434430838,0.14347109198570251,0.056818731129169464,0.30726704001426697
3895,0.07495662569999695,0.7709881663322449,0.0,0.0,0.0,0.04101455956697464,0.0,0.1681482046842575,0.3109135031700134,0.0,0.0,0.0,0.0,0.12562213838100433,0.0,0.0
3898,0.0,0.0,0.0,0.0,0.0,0.0,0.0,0.0,0.0,0.0,0.0,0.0,0.0,0.0,0.0,0.0
3899,0.0,0.0,0.0,0.12618175148963928,0.0,0.0,0.0,0.009930489584803581,0.026417240500450134,0.0,0.0,0.0,0.30649909377098083,0.14713075757026672,0.0,0.0
3900,0.04826562851667404,0.0,0.0,0.0,0.0,0.0,0.0,0.055012669414281845,0.17686022818088531,0.08418937027454376,0.05553724616765976,0.0,0.0,0.0,0.029473144561052322,0.0
3902,0.0,0.0,0.0,0.0,0.05760900676250458,0.0,0.0,0.0,0.0,0.0,0.013233166188001633,0.0,0.0,0.0,0.0,0.027068888768553734
3904,0.0,0.0,0.0,0.0,0.0,0.0,0.0,0.0,0.0,0.0,0.0,0.0,0.0,0.0,0.0,0.0
3907,0.0,0.0,0.0,0.0,0.12016638368368149,0.07105850428342819,0.08402599394321442,0.05555540323257446,0.0,0.0035500002559274435,0.0,0.0,0.0,0.0,0.07094700634479523,0.0
3911,0.0,0.0,0.0,0.0,0.0,0.0,0.0,0.0,0.0,0.0,0.0,0.0,0.0,0.0,0.0,0.0
3913,0.0,0.0,0.0,0.0,0.02931790053844452,0.0,0.0,0.0,0.0,0.0,0.0,0.0,0.0,0.3979613482952118,0.0,0.45998242497444153
3915,0.0,0.0,0.0,0.0,0.0,0.0,0.0,0.0,0.0,0.0,0.0,0.0,0.0,0.0,0.0,0.0
3917,0.0,0.0,0.0,0.0,0.0,0.0,0.0,0.0,0.0,0.2611145079135895,0.0,0.0,0.0,0.0,0.0,0.0
3918,0.0,0.6721451878547668,0.8987970352172852,0.46766287088394165,0.49820810556411743,0.3995233178138733,0.30278682708740234,0.294415682554245,0.0,0.28994154930114746,0.4887661039829254,0.729755163192749,0.5675784349441528,0.3031371235847473,0.38164201378822327,0.3711800277233124
3920,0.0,0.0,0.0,0.0,0.0,0.0,0.0,0.0,0.0,0.0,0.0,0.0,0.0,0.0,0.0,0.0
3923,0.0,0.0,0.0,0.0,0.0,0.0,0.0,0.0,0.0,0.0,0.0,0.0,0.0,0.0,0.0,0.0
3926,0.0,0.21914073824882507,0.0,0.0,0.0,0.0,0.2423815280199051,0.2929837703704834,0.13195310533046722,0.0,0.0,0.0,0.0,0.12764975428581238,0.0,0.0
3933,0.15242861211299896,0.10652240365743637,0.08445272594690323,0.0,0.0,0.04028370976448059,0.028968265280127525,0.0,0.0,0.0,0.1009359359741211,0.0,0.0,0.0,0.0,0.045231565833091736
3934,0.0,0.0,0.0,0.0,0.0,0.0,0.0,0.0,0.0,0.0,0.0,0.0,0.0,0.0,0.0,0.0
3935,0.13250036537647247,0.22829970717430115,0.20021067559719086,0.2247890681028366,0.0,0.0,0.0,0.0,0.513237714767456,0.11279601603746414,0.0,0.11458734422922134,0.0,0.15660718083381653,0.06995504349470139,0.09111791104078293
3939,0.0,0.0,0.0,0.0,0.0,0.0,0.0,0.0,0.0,0.0,0.0,0.0,0.0,0.0,0.0,0.0
3940,0.0,0.0,0.0,0.0,0.0,0.0,0.0,0.0,0.0,0.0,0.0,0.0,0.0,0.0,0.0,0.0
3943,0.0,0.0,0.0,0.0,0.03242639824748039,0.0,0.0,0.0,0.0,0.0,0.0,0.0,0.0,0.39122238755226135,0.0,0.4589570462703705
3944,0.0,0.0,0.0,0.0,0.0,0.0,0.0,0.0,0.0,0.0,0.0,0.0,0.0,0.0,0.0,0.0
3946,0.0,0.0,0.0,0.0,0.0,0.0,0.0,0.0,0.0,0.0,0.0,0.0,0.0,0.0,0.0,0.0
3948,0.0,0.0,0.0,0.0,0.0,0.0,0.0,0.0,0.0,0.0,0.0,0.0,0.0,0.0,0.0,0.0
3949,0.0,0.0,0.0,0.0,0.0,0.0,0.0,0.0,0.0,0.0,0.0,0.0,0.0,0.0,0.0,0.0
3958,0.0,0.0,0.0,0.0,0.033084701746702194,0.0,0.0,0.0,0.0,0.0,0.0,0.0,0.0,0.3886423707008362,0.0,0.4571319818496704
3960,0.0,0.0,0.0,0.0,0.0,0.0,0.0,0.0,0.0,0.0,0.0,0.0,0.0,0.0,0.0,0.0
3963,0.0,0.0,0.0,0.0,0.0,0.0,0.0,0.0,0.0,0.0,0.0,0.0,0.0,0.0,0.0,0.0
3967,0.0,0.0,0.0,0.0,0.0,0.0,0.0,0.0,0.0,0.0,0.0,0.0,0.0,0.0,0.0,0.0
3974,0.0,0.0,0.0,0.0,0.0,0.0,0.0,0.0,0.0,0.0,0.0,0.0,0.0,0.0,0.0,0.0
3978,0.0,0.0,0.0,0.0,0.032199401408433914,0.0,0.0,0.0,0.0,0.0,0.0,0.0,0.0,0.3913628160953522,0.0,0.4579851031303406
3982,0.0,0.0,0.0,0.0,0.0,0.0,0.0,0.0,0.0,0.0,0.0,0.0,0.0,0.0,0.0,0.0
3985,0.0,0.0,0.0,0.0,0.0,0.0,0.0,0.0,0.0,0.0,0.0,0.0,0.0,0.0,0.0,0.0
3987,0.0,0.0,0.0,0.0,0.0,0.0,0.0,0.0,0.0,0.0,0.39920198917388916,0.2564609944820404,0.1281214952468872,0.0,0.0,0.0
3988,0.0,0.0,0.0,0.0,0.0,0.0,0.0,0.0,0.0,0.0,0.0,0.0,0.0,0.0,0.0,0.0
3992,0.0900125801563263,0.1305539309978485,0.08900559693574905,0.0,0.0,0.0,0.123424232006073,0.0,0.10799595713615417,0.09670022875070572,0.12423942983150482,0.07587851583957672,0.0,0.0,0.1393442451953888,0.10633834451436996
3995,0.0,0.0,0.0,0.0,0.0,0.0,0.0,0.0,0.0,0.0,0.0,0.0,0.0,0.0,0.0,0.0
3997,0.2218991369009018,0.05223079398274422,0.0,0.1215231716632843,0.0,0.07979030162096024,0.0,0.0,0.008917232044041157,0.0,0.0,0.0,0.08164571225643158,0.14218349754810333,0.0,0.0
3998,0.0,0.0,0.0,0.0,0.0,0.0,0.0,0.0,0.0,0.0,0.0,0.0,0.0,0.0,0.0,0.0
4002,0.8934715390205383,0.5690221190452576,0.9107258915901184,0.7323712110519409,0.859781801700592,0.5381296277046204,0.8050674796104431,0.9749227166175842,0.8822149634361267,0.9283097386360168,0.39303427934646606,0.8373082280158997,0.8165246844291687,0.7859945297241211,0.8890385627746582,0.8321068286895752
4004,0.0,0.0,0.0,0.0,0.0,0.0,0.0,0.0,0.0,0.0,0.0,0.0,0.0,0.0,0.0,0.0
4008,0.0,0.0,0.23512649536132812,0.0,0.0,0.0,0.0,0.0,0.0,0.0,0.0,0.0,0.0,0.0,0.0,0.0
4010,0.12228234857320786,0.0,0.0,0.0,0.1870766133069992,0.27968740463256836,0.17994199693202972,0.14935162663459778,0.0,0.09555092453956604,0.12145240604877472,0.0,0.06496626883745193,0.0,0.0,0.0
4015,0.0,0.0,0.0,0.0,0.0,0.0,0.0,0.0,0.0,0.0,0.0,0.0,0.0,0.0,0.0,0.0
4018,0.0,0.0,0.0,0.0,0.0,0.0,0.0,0.0,0.0,0.0,0.0,0.0,0.0,0.0,0.0,0.0
4019,0.0,0.0,0.0,0.0,0.0,0.0,0.0,0.0,0.0,0.0,0.0,0.0,0.0,0.0,0.0,0.0
4025,0.0,0.0,0.0,0.0,0.0,0.0,0.0,0.0,0.0,0.0,0.0,0.0,0.0,0.0,0.0,0.0
4026,0.0,0.0,0.0,0.0,0.0,0.0,0.0,0.0,0.0,0.0,0.0,0.0,0.0,0.0,0.0,0.0
4027,0.0,0.0,0.0,0.0,0.0,0.0,0.0,0.0,0.0,0.0,0.0,0.0,0.0,0.0,0.0,0.0
4030,0.0,0.0,0.0,0.0,0.0,0.0,0.0,0.0,0.0,0.0,0.0,0.0,0.0,0.0,0.0,0.0
4041,0.0,0.0,0.6699093580245972,0.0,0.0,0.0,0.2779451608657837,0.0,0.0,0.0,0.0,0.0,0.0,0.0,0.0,0.0
4047,0.0,0.0,0.0,0.0,0.0,0.0,0.0,0.0,0.0,0.0,0.0,0.0,0.0,0.0,0.0,0.0
4051,0.0,0.0,0.0,0.0,0.0,0.0,0.0,0.0,0.0,0.0,0.0,0.0,0.0,0.0,0.0,0.0
4052,0.0,0.0,0.0,0.0,0.0,0.0,0.0,0.0,0.0,0.0,0.0,0.0,0.0,0.0,0.0,0.0
4059,0.0,0.0,0.0,0.0,0.0,0.0,0.0,0.0,0.0,0.0,0.0,0.0,0.0,0.0,0.0,0.0
4060,0.0,0.3475121855735779,0.5952841639518738,0.3994746506214142,0.2609131336212158,0.417156457901001,0.5830796360969543,0.13909193873405457,0.024668538942933083,0.0742105022072792,0.4217320680618286,0.6850976943969727,0.0,0.28864991664886475,0.3345017731189728,0.23324842751026154
4062,0.0,0.0,0.0,0.0,0.0,0.0,0.0,0.0,0.0,0.0,0.0,0.0,0.0,0.0,0.0,0.0
4064,0.0,0.7597529888153076,0.0,0.8244619965553284,0.0,0.0,0.3681809902191162,0.0,0.0,0.0,0.0,0.0,0.0,0.0,0.6928970217704773,0.0
4066,0.0,0.0,0.0,0.0,0.0,0.0,0.0,0.0,0.0,0.0,0.0,0.0,0.0,0.0,0.0,0.0
4071,0.11918170005083084,0.0,0.050431109964847565,0.0,0.11275174468755722,0.18229731917381287,0.0,0.25396493077278137,0.1393347829580307,0.0,0.031022680923342705,0.0,0.0,0.21412333846092224,0.0,0.0
4086,0.0,0.0,0.0,0.0,0.0,0.0,0.0,0.0,0.0,0.0,0.0,0.0,0.0,0.0,0.0,0.0
4121,0.0,0.0,0.0,0.0,0.0,0.0,0.0,0.0,0.0,0.0,0.0,0.0,0.0,0.0,0.0,0.0
4145,0.0,0.0,0.0,0.0,0.0,0.0,0.0,0.0,0.0,0.0,0.0,0.0,0.0,0.0,0.0,0.0
4222,0.0,0.25770556926727295,0.26383981108665466,0.0,0.2322344332933426,0.22391560673713684,0.21089860796928406,0.15422013401985168,0.12213089317083359,0.10406730324029922,0.12678343057632446,0.06051887199282646,0.08906370401382446,0.0,0.20402799546718597,0.0
4231,0.0,0.0,0.0,0.0,0.0,0.0,0.0,0.0,0.0,0.0,0.0,0.0,0.0,0.0,0.0,0.0
4267,0.0,0.0,0.0,0.0,0.0,0.0,0.0,0.0,0.0,0.0,0.0,0.0,0.0,0.0,0.0,0.0
4268,0.0,0.0,0.24610523879528046,0.10527081787586212,0.18007323145866394,0.12406162917613983,0.0462399423122406,0.17914839088916779,0.10481902956962585,0.0,0.0,0.12672479450702667,0.0,0.0,0.08388549834489822,0.0
4269,0.0,0.0,0.0,0.0,0.0,0.0,0.0,0.0,0.0,0.0,0.0,0.0,0.0,0.0,0.0,0.0
4270,0.1822882741689682,0.33521685004234314,0.0,0.0,0.2925383150577545,0.0,0.0,0.34623998403549194,0.0,0.0,0.0,0.08364929258823395,0.0,0.11087433248758316,0.0,0.28834107518196106
4271,0.19234652817249298,0.0,0.32555651664733887,0.23862531781196594,0.3149509131908417,0.3201877474784851,0.30823197960853577,0.0,0.0,0.07434286922216415,0.16792693734169006,0.07195262610912323,0.12355764955282211,0.10619542002677917,0.0,0.0
4295,0.0,0.0,0.0,0.0,0.0,0.0,0.0,0.0,0.8280171751976013,0.0,0.0,0.0,0.0,0.5381997227668762,0.0,0.0
4296,0.0,0.0,0.0,0.0,0.0,0.0,0.0,0.0,0.0,0.0,0.0,0.0,0.0,0.0,0.0,0.0
4302,0.2014753520488739,0.06673096120357513,0.0,0.17959462106227875,0.0,0.09226720780134201,0.0,0.0,0.049984827637672424,0.02224620059132576,0.0,0.0,0.026579715311527252,0.0,0.0,0.0
4316,0.0,0.0,0.0,0.0,0.0,0.0,0.0,0.0,0.0,0.0,0.0,0.12609897553920746,0.0875837653875351,0.0,0.0,0.0
4317,0.0,0.0,0.0,0.0,0.0,0.0,0.0,0.0,0.0,0.0,0.0,0.0,0.0,0.0,0.0,0.0
4324,0.20949481427669525,0.0,0.6169597506523132,0.09072111546993256,0.2510991096496582,0.0,0.18832357227802277,0.0,0.0,0.0,0.0,0.2408738136291504,0.0,0.5068952441215515,0.0,0.0
4353,0.0,0.0,0.0,0.0,0.615482747554779,0.0,0.0,0.6806543469429016,0.0,0.8745117783546448,0.0,0.0,0.0,0.0,0.0,0.0
4357,0.006321399938315153,0.0,0.0,0.0,0.09588852524757385,0.058746956288814545,0.04434666782617569,0.1125960499048233,0.0,0.007156476378440857,0.0,0.0,0.0,0.0,0.08060300350189209,0.0
4395,0.0,0.0,0.0,0.0,0.045119401067495346,0.013686555437743664,0.0,0.0,0.0,0.0,0.02796499989926815,0.0,0.008917777799069881,0.0,0.04769062250852585,0.02613912522792816
4473,0.250545471906662,0.0,0.29444190859794617,0.19855694472789764,0.6787489652633667,0.3272377848625183,0.0,0.46395984292030334,0.6535360217094421,0.18827886879444122,0.0,0.0,0.2647548019886017,0.4748518764972687,0.326216459274292,0.392074316740036
4480,0.0,0.0,0.0,0.0,0.0,0.0,0.0,0.0,0.0,0.0,0.0,0.0,0.0,0.0,0.0,0.0
4512,0.0,0.0,0.0,0.0,0.0,0.0,0.0,0.0,0.0,0.0,0.0,0.0,0.0,0.0,0.0,0.0
4515,0.0,0.0,0.0,0.0,0.0,0.0,0.0,0.0,0.0,0.0,0.0,0.0,0.0,0.0,0.0,0.0
4516,0.0,0.0,0.0,0.0,0.0,0.0,0.0,0.0,0.0,0.0,0.0,0.0,0.0,0.0,0.0,0.0
4524,0.0,0.0,0.0,0.0,0.0,0.0,0.0,0.0,0.0,0.0,0.0,0.0,0.0,0.0,0.0,0.0
4525,0.0,0.0,0.0,0.0,0.0,0.0,0.0,0.0,0.0,0.0,0.22207243740558624,0.0,0.0,0.0,0.09408728033304214,0.0
4529,0.0,0.0,0.0,0.0,0.0,0.0,0.0,0.0,0.0,0.0,0.0,0.0,0.0,0.0,0.0,0.0
4549,0.0,0.0,0.0,0.0,0.0,0.0,0.0,0.0,0.0,0.0,0.0,0.0,0.0,0.0,0.0,0.049655333161354065
4558,0.0,0.0,0.0,0.0,0.0,0.0,0.0,0.0,0.0,0.0,0.0,0.0,0.0,0.0,0.0,0.0
4567,0.0,0.0,0.0,0.0,0.0,0.0,0.0,0.0,0.0,0.0,0.0,0.0,0.0,0.0,0.0,0.0
4596,0.0,0.0,0.0,0.0,0.0,0.0,0.0,0.0,0.0,0.0,0.0,0.0,0.0,0.0,0.0,0.0
4599,0.0,0.0,0.0,0.0,0.0,0.0,0.0,0.0,0.0,0.0,0.0,0.0,0.0,0.0,0.0,0.0
4600,0.0,0.0,0.002574285725131631,0.0,0.04349731653928757,0.0,0.0,0.0,0.0,0.0,0.0,0.0,0.0,0.0,0.0,0.0
4601,0.0,0.0,0.0,0.0,0.0,0.0,0.0,0.0,0.0,0.0,0.0,0.0,0.0,0.0,0.0,0.0
4602,0.0,0.0,0.0,0.0,0.0,0.0,0.0,0.0,0.0,0.0,0.0,0.0,0.0,0.0,0.0,0.0
