,0,1,2,3,4,5,6,7,8,9,10,11,12,13,14,15
0,0.0,0.0,0.0,0.0,0.0,0.43681299686431885,0.0,0.0,0.0,0.0,0.0,0.0,0.0,0.0,0.0,0.0
1,0.0,0.0,0.0,0.0,0.0,0.0,0.0,0.0,0.0,0.0,0.0,0.0,0.0,0.0,0.0,0.0
3,0.0,0.0,0.0,0.0,0.0,0.0,0.0,0.0,0.8977932333946228,0.0,0.0,0.0,0.0,0.0,0.0,0.0
7,0.0,0.0,0.0,0.0,0.0,0.0,0.0,0.0,0.0,0.0,0.0,0.0,0.0,0.0,0.0,0.0
20,0.0,0.0,0.0,0.0,0.0,0.0,0.0,0.0,0.0,0.0,0.0,0.0,0.0,0.0,0.0,0.0
31,0.9995683431625366,0.9965883493423462,0.9999589920043945,0.9996194839477539,0.997746467590332,0.9986290335655212,0.9970777034759521,0.8586845397949219,0.9969824552536011,0.9569262266159058,0.8732540011405945,0.9989223480224609,0.9965890049934387,0.9999409914016724,0.9986225366592407,0.9999470114707947
37,0.6933159828186035,0.0,0.7567644119262695,0.0,0.0,0.8249834179878235,0.5743169784545898,0.7688982486724854,0.7983168959617615,0.9044228196144104,0.8879806399345398,0.8776347637176514,0.5191092491149902,0.7379128932952881,0.0,0.0
41,0.0,0.0,0.0,0.0,0.0,0.0,0.0,0.0,0.0,0.0,0.0,0.0,0.0,0.0,0.0,0.0
43,0.0,0.0,0.0,0.0,0.0,0.0,0.0,0.0,0.0,0.0,0.0,0.0,0.0,0.0,0.0,0.0
46,0.0,0.0,0.0,0.0,0.0,0.0,0.0,0.0,0.0,0.0,0.0,0.0,0.0,0.030493199825286865,0.0,0.0
48,0.6707447171211243,0.0,0.7814362049102783,0.20290689170360565,0.0,0.7246421575546265,0.7067396640777588,0.5719249248504639,0.049507301300764084,0.0,0.747943103313446,0.0,0.6615897417068481,0.685178816318512,0.0,0.0
49,0.0,0.0,0.0,0.0,0.0,0.0,0.0,0.0,0.0,0.0,0.0,0.0,0.0,0.0,0.0,0.0
51,0.0,0.0,0.0,0.0,0.0,0.0,0.0,0.06516800075769424,0.0,0.0,0.0,0.0,0.0,0.0,0.0,0.0
54,0.5048505067825317,0.0,0.0,0.21321499347686768,0.0,0.0,0.0,0.0,0.0,0.0,0.0,0.03244366869330406,0.027370667085051537,0.0,0.04350700229406357,0.0
58,0.0,0.0,0.0,0.0,0.0,0.0,0.0,0.0,0.0,0.0,0.0,0.0,0.0,0.0,0.0,0.0
89,0.13375723361968994,0.0,0.0,0.07921462506055832,0.0,0.0,0.0,0.0,0.0,0.0,0.0,0.0,0.0,0.1906149983406067,0.0,0.0
95,0.0,0.0,0.0,0.0,0.0,0.0,0.0,0.0,0.0,0.0,0.0,0.0,0.0,0.0,0.0,0.0
99,0.0,0.0,0.0,0.0,0.0,0.0,0.0,0.0,0.0,0.0,0.0,0.0,0.0,0.0,0.0,0.0
104,0.0,0.0,0.02135442942380905,0.0,0.0,0.0,0.0,0.0,0.0,0.0,0.0,0.0,0.0,0.0,0.0,0.0
106,0.9195399880409241,0.9846182465553284,0.30897200107574463,0.9910805225372314,0.0,0.9634004831314087,0.9851704835891724,0.9944857358932495,0.9587464928627014,0.97966468334198,0.9985340237617493,0.0,0.9968770146369934,0.9344584941864014,0.20775724947452545,0.69343101978302
115,0.0,0.0,0.0,0.0,0.0,0.0,0.0,0.0,0.0,0.0,0.0,0.0,0.0,0.0,0.0,0.0
118,0.0,0.0,0.0,0.0,0.0,0.0,0.0,0.0,0.0,0.0,0.0,0.0,0.0,0.0,0.0,0.0
123,0.0,0.0,0.0,0.0,0.0,0.0,0.0,0.0,0.0,0.0,0.0,0.0,0.0,0.0,0.0,0.0
126,0.0,0.0,0.0,0.0,0.0,0.0,0.0,0.0,0.0,0.0,0.0,0.0,0.0,0.0,0.0,0.0
132,0.9946039915084839,0.9969753623008728,0.9999247789382935,0.9899649620056152,0.9980899691581726,0.9948863387107849,0.9950040578842163,0.9989399909973145,0.9174596667289734,0.8894914984703064,0.9608603715896606,0.9623154997825623,0.9770533442497253,1.0,0.9852744340896606,0.9266320466995239
170,0.0,0.0,0.0,0.0,0.0,0.0,0.0,0.0,0.0,0.0,0.0,0.0,0.0,0.0,0.0,0.0
173,0.0,0.0,0.0,0.0,0.0,0.0,0.0,0.0,0.0,0.0,0.0,0.0,0.0,0.0,0.0,0.0
186,0.3387410044670105,0.0,0.23196399211883545,0.3547447621822357,0.17424701154232025,0.15408624708652496,0.4202120304107666,0.327347993850708,0.21846774220466614,0.16491976380348206,0.02405874989926815,0.3160562515258789,0.5347997546195984,0.20989450812339783,0.3853986859321594,0.11949799954891205
191,0.21437649428844452,0.0,0.07357600331306458,0.17677925527095795,0.04477466642856598,0.08266700059175491,0.16694624722003937,0.08839333057403564,0.0,0.0,0.0,0.38480836153030396,0.06290099769830704,0.0,0.33764374256134033,0.14765800535678864
202,0.0,0.0,0.0,0.0,0.0,0.0,0.0,0.0,0.0,0.0,0.0,0.0,0.0,0.0,0.0,0.0
211,0.0,0.0,0.0,0.0,0.0,0.0,0.0,0.0,0.0,0.0,0.0,0.0,0.0,0.0,0.0,0.0
213,0.07326190173625946,0.06742098182439804,0.05368030443787575,0.0,0.0,0.0,0.2781349718570709,0.27602243423461914,0.27716633677482605,0.2726626992225647,0.0,0.0,0.0,0.0,0.0,0.14200015366077423
224,0.0,0.0,0.0,0.0,0.0,0.0,0.0,0.0,0.0,0.0,0.0,0.0,0.0,0.0,0.0,0.0
248,0.0,0.0,0.0,0.0,0.0,0.0,0.0,0.0,0.0,0.0,0.0,0.0,0.0,0.0,0.0,0.0
250,0.0,0.0,0.0,0.4319798946380615,0.9971063137054443,0.0,0.0,0.0,0.0,0.0,0.0,0.0,0.0,0.9935858845710754,0.0,0.0
253,0.0,0.0,0.0,0.0,0.0,0.0,0.0,0.0,0.0,0.0,0.0,0.0,0.0,0.0,0.0,0.0
254,0.0,0.0,0.0,0.0,0.0,0.0,0.0,0.0,0.0,0.0,0.0,0.0,0.0,0.0,0.0,0.0
256,0.0,0.0,0.0,0.0,0.0,0.0,0.0,0.0,0.0,0.0,0.0,0.0,0.0,0.0,0.0,0.0
258,0.20738844573497772,0.10582775622606277,0.0,0.0,0.0,0.06914377212524414,0.04808364063501358,0.024754274636507034,0.0,0.0,0.11840176582336426,0.0,0.0,0.0,0.05014051869511604,0.0
262,0.37927737832069397,0.34207820892333984,0.0,0.0,0.0,0.0,0.18754439055919647,0.3680106997489929,0.0,0.0,0.0,0.0,0.06785433739423752,0.0,0.0,0.0
266,0.4145372211933136,0.0,0.0,0.0,0.17484022676944733,0.0903652161359787,0.0,0.0,0.0,0.0,0.16893400251865387,0.09329109638929367,0.0,0.0,0.23534120619297028,0.0
271,0.0,0.0,0.0,0.0,0.0,0.0,0.0,0.0,0.0,0.0,0.0,0.0,0.0,0.0,0.0,0.0
275,0.0,0.0,0.0,0.0,0.0,0.0,0.0,0.0,0.0,0.0,0.0,0.0,0.0,0.0,0.0,0.0
281,0.06188400089740753,0.14285099506378174,0.0,0.0,0.16471579670906067,0.0,0.0,0.0,0.13958999514579773,0.0,0.0,0.0,0.0,0.0,0.0,0.0
283,0.0,0.0,0.0,0.0,0.0,0.0,0.0,0.0,0.0,0.0,0.0,0.0,0.0,0.0,0.0,0.0
284,0.0,0.0,0.0,0.0,0.0,0.0,0.0,0.0,0.0,0.0,0.0,0.0,0.0,0.0,0.0,0.0
288,0.0,0.0,0.0,0.0,0.0,0.0,0.0,0.0,0.0,0.0,0.0,0.0,0.0,0.0,0.0,0.0
292,0.0,0.059990689158439636,0.0,0.04843322932720184,0.0,0.08774559944868088,0.0,0.03589533269405365,0.0,0.0,0.0,0.0,0.0,0.0,0.1898878663778305,0.0
296,0.0,0.0,0.0,0.0,0.0,0.0,0.0,0.0,0.0,0.21593083441257477,0.0,0.0,0.0,0.0,0.0,0.0
313,0.0,0.0,0.0,0.0,0.0,0.0,0.0,0.0,0.0,0.0,0.0,0.0,0.0,0.0,0.0,0.0
316,0.0,0.0,0.0,0.0,0.0,0.0,0.0,0.0,0.0,0.0,0.0,0.0,0.0,0.0,0.0,0.0
324,0.0,0.0,0.0,0.0,0.0,0.0,0.0,0.0,0.0,0.0,0.0,0.0,0.0,0.0,0.0,0.0
326,0.0,0.0,0.0,0.0,0.0,0.0,0.0,0.0,0.0,0.0,0.0,0.0,0.0,0.0,0.0,0.0
346,0.35767701268196106,0.4070257544517517,0.9539719820022583,0.3345299959182739,0.96919846534729,0.6562640070915222,0.555213987827301,0.3681125044822693,0.7151390314102173,0.653841495513916,0.42393648624420166,0.5134314894676208,0.7018735408782959,0.48940399289131165,0.17880700528621674,0.9039570093154907
351,0.9065198302268982,0.0,0.0,0.0,0.0,0.0,0.8997761607170105,0.7691050171852112,0.0,0.0,0.0,0.0,0.0,0.0,0.3668319582939148,0.27597618103027344
355,0.0,0.0,0.0,0.0,0.0,0.0,0.0,0.0,0.0,0.0,0.0,0.0,0.0,0.0,0.0,0.0
361,0.0,0.0,0.0,0.0,0.0,0.0,0.0,0.0,0.0,0.0,0.0,0.0,0.0,0.0,0.0,0.0
368,0.0,0.0,0.0,0.0,0.0,0.0,0.0,0.0,0.0,0.0,0.0,0.0,0.0,0.0,0.0,0.0
369,0.9748495221138,0.0,0.0,0.04753466695547104,0.8722046613693237,0.0,0.5340087413787842,0.4086720049381256,0.5989753603935242,0.8039023876190186,0.5139803290367126,0.4713306427001953,0.0,0.6694321632385254,0.2444854974746704,0.8238009214401245
374,0.0,0.0,0.0,0.0,0.0,0.0,0.0,0.0,0.0,0.0,0.0,0.0,0.0,0.0,0.0,0.0
385,0.0,0.0,0.0,0.0,0.0,0.0,0.0,0.0,0.0,0.0,0.0,0.0,0.0,0.0,0.0,0.0
388,0.0,0.28552189469337463,0.4418394863605499,0.0,0.0,0.6174004673957825,0.0,0.6453865766525269,0.1537851095199585,0.0,0.5854426026344299,0.0,0.36963483691215515,0.5706290006637573,0.1941884458065033,0.3366982340812683
398,0.40951135754585266,0.07651464641094208,0.0,0.0,0.2362564206123352,0.2898876667022705,0.0526481568813324,0.47181054949760437,0.0,0.0,0.2567511200904846,0.3983539342880249,0.0,0.0,0.0,0.07182247191667557
406,0.941892683506012,0.18255583941936493,0.32829180359840393,0.0,0.44522935152053833,0.032444000244140625,0.5674449801445007,0.0,0.0,0.06549879908561707,0.3679071068763733,0.8506749868392944,0.0,0.46540504693984985,0.15538452565670013,0.0
407,0.0,0.0,0.0,0.0,0.0,0.0,0.0,0.0,0.0,0.0,0.0,0.0,0.0,0.0,0.0,0.0
408,0.0,0.0,0.0,0.0,0.0,0.0,0.0,0.0,0.0,0.0,0.0,0.0,0.0,0.0,0.0,0.0
420,0.0,0.0,0.0,0.0,0.30980807542800903,0.0,0.0,0.0,0.0,0.0,0.0,0.0,0.0,0.0,0.07220219075679779,0.0
421,0.0,0.0,0.0,0.0,0.3068769872188568,0.0,0.0,0.0,0.0,0.0,0.0,0.0,0.0,0.0,0.0,0.0
426,0.026736125349998474,0.4587615728378296,0.10925894230604172,0.5159408450126648,0.7622246742248535,0.16597068309783936,0.6051906943321228,0.8817689418792725,0.26527994871139526,0.2501981854438782,0.0,0.0,0.5295618176460266,0.3205384612083435,0.02847333438694477,0.6793426871299744
428,0.9936699867248535,0.6664548516273499,0.8757175803184509,0.6927499771118164,0.595793604850769,0.0,0.5865913033485413,0.658425509929657,0.6182011961936951,0.9965574741363525,0.824523389339447,0.6578691601753235,0.7116984724998474,0.5868759155273438,0.822950541973114,0.6219512820243835
430,0.0,0.0,0.0,0.0,0.0,0.0,0.0,0.0,0.0,0.0,0.0,0.0,0.0,0.0,0.0,0.0
435,0.7856742739677429,0.7879316806793213,0.8193886280059814,0.7164582014083862,0.893558144569397,0.7259351015090942,0.5523993372917175,0.7670066952705383,0.67806077003479,0.9961094856262207,0.61506187915802,0.6481465101242065,0.7576881051063538,0.5868613123893738,0.8214184641838074,0.8220862746238708
438,0.0,0.0,0.0,0.0,0.0,0.0,0.0,0.0,0.0,0.0,0.0,0.0,0.0,0.0,0.0,0.0
443,0.0,0.02137647569179535,0.024150948971509933,0.0,0.017391378059983253,0.03159628063440323,0.016175439581274986,0.038756221532821655,0.0,0.029879018664360046,0.037014756351709366,0.0,0.060086242854595184,0.11000822484493256,0.03131313621997833,0.01682111993432045
447,0.0,0.0,0.0,0.0,0.0,0.0,0.0,0.0,0.0,0.0,0.0,0.0,0.0,0.0,0.0,0.0
449,0.0,0.9124811291694641,0.0,0.8258084058761597,0.9554978609085083,0.664069414138794,0.0,0.6893278956413269,0.7375174760818481,0.9617573022842407,0.6677663922309875,0.9774550795555115,0.0,0.0,0.0,0.3056773543357849
452,0.0,0.0,0.023618001490831375,0.02056228555738926,0.0,0.0,0.0,0.0,0.0,0.0,0.0,0.0,0.0,0.0,0.0,0.0
464,0.0,0.0,0.0,0.0,0.0,0.0,0.0,0.0,0.0,0.0,0.0,0.0,0.0,0.0,0.0,0.0
467,0.0,0.0,0.0,0.0,0.0,0.0,0.0,0.0,0.0,0.0,0.0,0.0,0.0,0.0,0.06273940205574036,0.0
469,0.0,0.0,0.0,0.0,0.0,0.0,0.0,0.0,0.0,0.09070800989866257,0.0,0.0,0.0,0.0,0.0,0.0
470,0.6408987045288086,0.35993334650993347,0.0,0.17251887917518616,0.0,0.5041179656982422,0.030076250433921814,0.9672949910163879,0.0,0.0,0.7565949559211731,0.9317549467086792,0.08958199620246887,0.22224050760269165,0.48333901166915894,0.9555854797363281
474,0.0,0.0,0.0,0.0,0.0,0.0,0.0,0.0,0.0,0.0,0.0,0.0,0.0,0.0,0.0,0.0
477,0.0,0.0,0.0,0.0,0.0,0.0,0.0,0.0,0.0,0.0,0.0,0.0,0.0,0.0,0.0,0.0
479,0.0,0.0,0.0,0.0,0.0,0.0,0.0,0.0,0.0,0.0,0.0,0.0,0.0,0.0,0.0,0.0
480,0.0,0.014142160303890705,0.021482912823557854,0.04718562588095665,0.019675318151712418,0.037731755524873734,0.04024425148963928,0.04665077477693558,0.016817757859826088,0.02679566666483879,0.056949056684970856,0.026066767051815987,0.019278960302472115,0.08941507339477539,0.032275740057229996,0.026634136214852333
481,0.0,0.0,0.5029667615890503,0.3853660225868225,0.9410568475723267,0.0,0.5874680280685425,0.9786615371704102,0.6134312748908997,0.9631242752075195,0.9727054834365845,0.0,0.7110727429389954,0.0,0.9885360598564148,0.0
487,0.0,0.3244774639606476,0.0,0.0,0.0,0.0,0.0,0.0,0.0,0.0,0.0,0.0,0.0,0.0,0.0,0.0
494,0.0,0.0,0.0433650016784668,0.0,0.0,0.0,0.0,0.0,0.0,0.0,0.0,0.0,0.0,0.0,0.03249499946832657,0.0
496,0.0,0.0,0.0,0.0,0.0,0.0,0.0,0.0,0.0,0.0,0.0,0.0,0.0,0.0,0.0,0.0
505,0.0,0.0,0.0,0.0,0.0,0.0,0.0,0.0,0.0,0.0,0.0,0.0,0.0,0.0,0.0,0.0
513,0.0,0.0,0.0,0.0,0.0,0.0,0.0,0.0,0.0,0.0,0.0,0.0,0.0,0.0,0.0,0.0
518,0.0,0.0,0.0,0.0,0.0,0.0,0.0,0.0,0.0,0.0,0.0,0.0,0.0,0.0,0.0,0.0
520,0.060331180691719055,0.0,0.0,0.0,0.0,0.0,0.027144314721226692,0.0,0.0,0.0,0.2975490093231201,0.04183061048388481,0.0,0.0642806738615036,0.0,0.0
521,0.1614648848772049,0.21349479258060455,0.0,0.23725377023220062,0.0,0.2315445840358734,0.27628031373023987,0.0,0.31455764174461365,0.0,0.21360638737678528,0.18966712057590485,0.22323743999004364,0.0,0.19971491396427155,0.0
531,0.0,0.0,0.0,0.0,0.0,0.0,0.0,0.0,0.0,0.0,0.0,0.0,0.0,0.0,0.0,0.0
545,0.0,0.11958550661802292,0.0,0.10794918239116669,0.0,0.05028316378593445,0.0,0.17834700644016266,0.2137346714735031,0.0,0.14817465841770172,0.0,0.0,0.07942759990692139,0.0274963341653347,0.07971727848052979
547,0.0,0.0,0.0,0.0,0.0,0.0,0.0,0.0,0.0,0.0,0.0,0.0,0.0,0.0,0.0,0.0
554,0.49145931005477905,0.0,0.6140221953392029,0.2719297409057617,0.0,0.0,0.4909057319164276,0.0,0.0,0.0,0.0,0.0,0.28934940695762634,0.4288839101791382,0.0,0.0
555,0.0,0.0,0.0,0.0,0.0,0.0,0.0,0.0,0.0,0.0,0.0,0.0,0.0,0.0,0.0,0.0
557,0.0,0.0,0.0,0.0,0.0,0.0,0.0,0.0,0.0,0.0,0.0,0.0,0.8844609260559082,0.9869785904884338,0.0,0.0
561,0.0,0.0,0.0,0.0,0.0,0.0,0.0,0.0,0.0,0.0,0.0,0.0,0.0,0.0,0.0,0.0
568,0.0,0.0,0.0,0.0,0.0,0.0,0.0,0.0,0.0,0.0,0.0,0.0,0.0,0.0,0.0,0.0
570,0.0,0.6055653095245361,0.0,0.0,0.0,0.0,0.0,0.0,0.0,0.0,0.0,0.0,0.0,0.0,0.0,0.0
577,0.0,0.0,0.0,0.0,0.0,0.0,0.0,0.0,0.0,0.0,0.0,0.0,0.0,0.0,0.0,0.0
588,0.0,0.0,0.0,0.0,0.0,0.0,0.0,0.0,0.0,0.0,0.0,0.0,0.0,0.0,0.0,0.0
603,0.0,0.0,0.0,0.0,0.0,0.0,0.0,0.0,0.0,0.0,0.0,0.0,0.0,0.0,0.0,0.0
613,0.0,0.0,0.0,0.0,0.0,0.3338228762149811,0.0,0.0,0.9308357834815979,0.2783961892127991,0.0,0.24809032678604126,0.0,0.0,0.0,0.0
622,0.21023866534233093,0.1307464987039566,0.11021414399147034,0.1372710019350052,0.0,0.26906639337539673,0.2347828447818756,0.02050057053565979,0.4869804382324219,0.10226975381374359,0.2625260055065155,0.030728749930858612,0.2981937825679779,0.32475581765174866,0.06421500444412231,0.07396185398101807
635,0.0,0.0,0.0,0.0,0.0,0.0,0.0,0.0,0.0,0.0,0.0,0.0,0.0,0.0,0.0,0.0
643,0.0,0.0,0.0,0.0,0.0,0.0,0.0,0.0,0.0,0.0,0.0,0.0,0.0,0.0,0.0,0.0
653,0.0,0.0350811704993248,0.7504087090492249,0.0,0.0,0.0,0.0,0.0,0.0,0.0,0.0,0.0,0.0,0.0,0.0,0.0
661,0.5382944345474243,0.6096684336662292,0.4429429769515991,0.15092046558856964,0.8234097957611084,0.6751864552497864,0.7663519978523254,0.6392888426780701,0.8471204042434692,0.5685515403747559,0.7189388871192932,0.5906215310096741,0.06490369886159897,0.5394731760025024,0.17758333683013916,0.4345915913581848
662,0.11841931194067001,0.6774673461914062,0.33612149953842163,0.2883857488632202,0.3131987750530243,0.48626697063446045,0.1147293895483017,0.6714152097702026,0.0,0.11890841275453568,0.134807288646698,0.029883917421102524,0.2795117497444153,0.0,0.01592240110039711,0.8177372813224792
664,0.0,0.0,0.0,0.0,0.0,0.0,0.0,0.0,0.0,0.0,0.0,0.0,0.0,0.0,0.0,0.0
677,0.0,0.0,0.0,0.0,0.0,0.0,0.0,0.0,0.0,0.0,0.0,0.0,0.0,0.0,0.0,0.0
678,0.0,0.0,0.0,0.0,0.0,0.0,0.0,0.0,0.0,0.0,0.0,0.0,0.0,0.0,0.0,0.0
680,0.09552858024835587,0.0,0.0,0.0,0.10221976786851883,0.0,0.0,0.17967946827411652,0.0,0.0,0.0,0.0,0.0,0.20433782041072845,0.0,0.0
681,0.7183698415756226,0.0,0.21399644017219543,0.04014803469181061,0.0,0.0038330000825226307,0.2898963987827301,0.016818232834339142,0.524873673915863,0.27937012910842896,0.0,0.6663950085639954,0.0,0.6324677467346191,0.0,0.030499188229441643
684,0.0,0.0,0.0,0.10525041818618774,0.16978716850280762,0.3295191526412964,0.0,0.0,0.0,0.0,0.0,0.0,0.13566777110099792,0.0,0.0,0.0
689,0.0,0.0,0.0,0.0,0.0,0.0,0.0,0.0,0.0,0.0,0.0,0.0,0.0,0.0,0.0,0.0
695,0.20294274389743805,0.0,0.0,0.0,0.0,0.0,0.0,0.0,0.0,0.0,0.0,0.0,0.0,0.0,0.0,0.0
704,0.0,0.0,0.0,0.0,0.0,0.0,0.0,0.0,0.0,0.0,0.0,0.0,0.0,0.0,0.0,0.0
724,0.0,0.0,0.0,0.0,0.0,0.0,0.0,0.0,0.0,0.0,0.0,0.0,0.0,0.0,0.0,0.0
725,0.0,0.9856570959091187,0.0,0.0,0.0,0.0,0.6423854827880859,0.0,0.0,0.0,0.0,0.09760825335979462,0.0,0.0,0.46486198902130127,0.04727400094270706
731,0.0,0.0,0.0,0.0,0.0,0.0,0.0,0.0,0.0,0.0,0.0,0.0,0.0,0.0,0.0,0.0
737,0.0,0.0,0.0,0.0,0.0,0.0,0.0,0.0,0.0,0.0,0.0,0.0,0.0,0.0,0.0,0.0
738,0.0,0.0,0.0,0.0,0.0,0.0,0.0,0.0,0.0,0.0,0.0,0.0,0.0,0.0,0.0,0.0
751,0.5273230075836182,0.0,0.0,0.0,0.0,0.0,0.0,0.0,0.0,0.0,0.0,0.0,0.0,0.0,0.0,0.0
753,0.47656750679016113,0.782240092754364,0.6665090322494507,0.6738595962524414,0.7006039619445801,0.7542240023612976,0.7192978262901306,0.47664308547973633,0.6656224131584167,0.7469859719276428,0.7141632437705994,0.6492750644683838,0.788162112236023,0.0,0.6516473293304443,0.7602736949920654
755,0.0,0.0,0.0,0.0,0.0,0.0,0.0,0.0,0.0,0.0,0.0,0.0,0.0,0.0,0.0,0.0
761,0.0,0.0,0.10223612934350967,0.0,0.0,0.0,0.0,0.0,0.0,0.0,0.0,0.0,0.0,0.0,0.0,0.0
762,0.0,0.0,0.0,0.0,0.0,0.0,0.0,0.0,0.0,0.0,0.0,0.0,0.0,0.0,0.0,0.0
766,0.0,0.0,0.0,0.0,0.259784996509552,0.0,0.0,0.0,0.0,0.0,0.0,0.0,0.06021500006318092,0.41507700085639954,0.1225539967417717,0.0
767,0.0,0.0,0.0,0.0,0.0,0.0,0.0,0.0,0.0,0.0,0.0,0.0,0.0,0.0,0.0,0.0
772,0.0,0.0,0.0,0.0,0.0,0.0,0.0,0.0,0.0,0.0,0.0,0.0,0.0,0.0,0.0,0.0
776,0.0,0.0,0.0,0.0,0.0,0.0,0.0,0.0,0.0,0.0,0.0,0.0,0.0,0.0,0.0,0.0
788,0.0,0.0,0.0,0.0,0.0,0.0,0.0,0.0,0.0,0.0,0.0,0.0,0.0,0.0,0.0,0.0
796,0.0,0.0,0.0,0.0,0.0,0.0,0.0,0.0,0.0,0.0,0.0,0.0,0.0,0.0,0.0,0.0
802,0.0,0.0,0.0,0.0,0.0,0.0,0.0,0.0,0.0,0.0,0.0,0.0,0.0,0.0,0.0,0.0
806,0.0,0.0,0.0,0.0,0.004737307783216238,0.0,0.0,0.0,0.0,0.0,0.0,0.0,0.0,0.0,0.0,0.0
814,0.0,0.0,0.0,0.0,0.0,0.0,0.0,0.0,0.0,0.0,0.0,0.0,0.0,0.0,0.0,0.0
846,0.0,0.0,0.0,0.0,0.0,0.0,0.0,0.08607088774442673,0.0,0.0,0.0,0.0,0.0,0.0,0.0,0.1133372113108635
849,0.2411627173423767,0.0,0.0,0.22014330327510834,0.0,0.0,0.47456175088882446,0.4430862069129944,0.0,0.26917076110839844,0.13905751705169678,0.0,0.0,0.15546032786369324,0.0,0.19345423579216003
858,0.0,0.0,0.0,0.0,0.0,0.0,0.0,0.0,0.0,0.0,0.0,0.0,0.0,0.0,0.0,0.0
865,0.0,0.0,0.0,0.0,0.0,0.0,0.0,0.011429833248257637,0.0,0.0,0.0,0.0,0.0,0.0,0.0,0.0
873,0.0,0.0,0.0,0.0,0.0,0.0,0.0,0.0,0.0,0.0,0.0,0.0,0.0,0.0,0.0,0.01431100070476532
882,0.0,0.0,0.0,0.0,0.0,0.0,0.7605368494987488,0.0,0.0,0.0,0.0,0.0,0.0,0.0,0.0,0.0
883,0.0,0.0,0.0,0.0,0.0,0.0,0.0,0.05896660313010216,0.0,0.0,0.0,0.0,0.0,0.0,0.07349743694067001,0.0
888,0.0,0.0,0.0,0.0,0.0,0.0,0.0,0.0,0.0,0.0,0.0,0.0,0.0,0.0,0.0,0.0
889,0.2137896716594696,0.21216823160648346,0.09812980890274048,0.13567222654819489,0.021161939948797226,0.16641628742218018,0.14405101537704468,0.1690727323293686,0.14447154104709625,0.24342294037342072,0.21384939551353455,0.44582003355026245,0.07309362292289734,0.2537152171134949,0.12052321434020996,0.2692874073982239
893,0.8826727271080017,0.7128656506538391,0.0,0.31572890281677246,0.883248507976532,0.0,0.781997561454773,0.4531630873680115,0.9187448620796204,0.0,0.0,0.6533772349357605,0.37083226442337036,0.8225104212760925,0.14469940960407257,0.881834864616394
894,0.0,0.0,0.0,0.0,0.0,0.0,0.0,0.0,0.0,0.0,0.0,0.0,0.0,0.0,0.0,0.0
901,0.0,0.0,0.28902965784072876,0.9512659907341003,0.0,0.8052976727485657,0.36860886216163635,0.0,0.4250597357749939,0.0,0.0,0.0,0.3951924741268158,0.0,0.7477197647094727,0.2457447350025177
907,0.0,0.0,0.0,0.0,0.0,0.0,0.0,0.0,0.0,0.0,0.0,0.0,0.0,0.0,0.0,0.0
909,0.0,0.0,0.0,0.0,0.0,0.0,0.0,0.0,0.0,0.0,0.0,0.0,0.0,0.0,0.0,0.0
918,0.0,0.0,0.0,0.0,0.0,0.0,0.0,0.0,0.0,0.0,0.0,0.0,0.0,0.0,0.0,0.0
921,0.018649160861968994,0.017445476725697517,0.02765420451760292,0.009252956137061119,0.023212023079395294,0.01706579141318798,0.017859473824501038,0.04200887680053711,0.027356281876564026,0.020777294412255287,0.0,0.0,0.04517210274934769,0.17984843254089355,0.05518229305744171,0.0
924,0.0,0.0,0.0,0.0,0.0,0.0,0.0,0.0,0.0,0.0,0.0,0.0,0.0,0.0,0.0,0.0
928,0.0,0.0,0.0,0.5434408187866211,0.0,0.0,0.3432726263999939,0.0,0.0,0.0,0.0,0.0,0.0,0.0,0.0,0.0
933,0.0,0.0,0.0,0.0,0.054601918905973434,0.0,0.0,0.0,0.0,0.0,0.0,0.0,0.0,0.0,0.0,0.0
934,0.0,0.0,0.0,0.0,0.0,0.0,0.0,0.0,0.0,0.0,0.0,0.0,0.0,0.0,0.0,0.0
938,0.0,0.0,0.0,0.0,0.0,0.0,0.0,0.0,0.0,0.0,0.0,0.0,0.0,0.0,0.0,0.0
941,0.0,0.0,0.0,0.0,0.0,0.0,0.0,0.0,0.0,0.0,0.0,0.0,0.0,0.0,0.0,0.0
950,0.0,0.0,0.07979502528905869,0.0,0.0,0.0,0.0,0.0,0.0,0.0,0.0,0.0,0.0,0.0,0.0,0.0
953,0.0,0.12441127747297287,0.0,0.06400543451309204,0.0,0.0,0.0036410181783139706,0.0,0.041150838136672974,0.10657741129398346,0.0,0.02703346684575081,0.0,0.0,0.06983684003353119,0.05593147873878479
954,0.0,0.0,0.0,0.0,0.0,0.0,0.0,0.0,0.0,0.0,0.0,0.0,0.0,0.0,0.0,0.0
958,0.0,0.10877707600593567,0.3419013023376465,0.31835123896598816,0.7294726967811584,0.018411332741379738,0.532232940196991,0.4791306257247925,0.7551910281181335,0.0,0.7604696154594421,0.2150246798992157,0.1438845992088318,0.09864431619644165,0.10378636419773102,0.29315587878227234
960,0.0,0.0,0.0,0.0,0.0,0.0,0.0,0.0,0.0,0.0,0.0,0.0,0.0,0.0,0.0,0.0
969,0.0,0.0,0.0,0.0,0.0,0.0,0.0,0.0,0.0,0.0,0.0,0.0,0.0,0.0,0.0,0.0
970,0.23170840740203857,0.05099444463849068,0.289910227060318,0.24662810564041138,0.0,0.41743454337120056,0.7490302324295044,0.7223390936851501,0.527807354927063,0.0,0.2460031509399414,0.6659133434295654,0.770502507686615,0.0,0.3685407340526581,0.07091391831636429
971,0.0,0.0,0.0,0.0,0.0,0.0,0.0,0.0,0.0,0.0,0.0,0.0,0.0,0.0,0.0,0.0
975,0.1436765044927597,0.4021615982055664,0.23765049874782562,0.1446722447872162,0.031386248767375946,0.19968649744987488,0.03930450230836868,0.09483075141906738,0.11413180083036423,0.02031024917960167,0.47942376136779785,0.15489940345287323,0.08349199593067169,0.0,0.344302237033844,0.08457925170660019
994,0.0,0.0,0.23802965879440308,0.0,0.0,0.0,0.18060557544231415,0.24156519770622253,0.23208369314670563,0.22805209457874298,0.30512237548828125,0.33741581439971924,0.2690855860710144,0.21210256218910217,0.25478965044021606,0.0
997,0.0,0.0,0.0,0.0,0.0,0.0,0.0,0.0,0.0,0.0,0.0,0.0,0.0,0.0,0.0,0.0
1000,0.0,0.0,0.004781541880220175,0.0,0.0,0.012058905325829983,0.010146095417439938,0.0,0.00994150061160326,0.0,0.0,0.0,0.0,0.0,0.0,0.008101291954517365
1003,0.0,0.0,0.0,0.0,0.0,0.0,0.01235949993133545,0.0,0.0,0.2067868411540985,0.0,0.0,0.019466610625386238,0.1256866753101349,0.0,0.0
1006,0.0,0.0,0.0,0.0,0.0,0.0,0.0,0.0,0.0,0.0,0.0,0.0,0.0,0.0,0.0,0.0
1007,0.0,0.0,0.0,0.0,0.0,0.0,0.0,0.0,0.0,0.0,0.0,0.0,0.0,0.0,0.0,0.0
1010,0.15895600616931915,0.2093418687582016,0.02008785866200924,0.165470153093338,0.32399123907089233,0.0,0.23400816321372986,0.27188682556152344,0.08207043260335922,0.19734814763069153,0.19835199415683746,0.021996285766363144,0.2227260172367096,0.3711533546447754,0.09595271944999695,0.05640683323144913
1014,0.021827105432748795,0.7491273283958435,0.8480355739593506,0.7270575761795044,0.8529149293899536,0.6443929076194763,0.8428447842597961,0.8056866526603699,0.16674883663654327,0.8410937190055847,0.30618712306022644,0.2090352326631546,0.9434650540351868,0.1585112363100052,0.262325257062912,0.8389559984207153
1017,0.0,0.0,0.0,0.0,0.0,0.0,0.0,0.0,0.0,0.0,0.0,0.0,0.0,0.0,0.0,0.0
1018,0.0736999362707138,0.14538434147834778,0.10395050048828125,0.0,0.3146994709968567,0.7551011443138123,0.1313161998987198,0.6079152822494507,0.0,0.06349194794893265,0.0,0.47321200370788574,0.0,0.7887473106384277,0.0,0.07882954925298691
1023,0.0,0.0,0.0,0.0,0.0,0.0,0.0,0.0,0.0,0.0,0.0,0.0,0.0,0.0,0.0,0.0
1029,0.0,0.0,0.0,0.0,0.0,0.0,0.0,0.0,0.0,0.0,0.0,0.0,0.0,0.0,0.0,0.0
1031,0.0,0.0,0.0,0.0,0.0,0.0,0.0,0.0,0.0,0.0,0.0,0.0,0.0,0.0,0.1253284066915512,0.0
1032,0.0,0.0,0.0,0.0,0.0,0.0,0.0,0.0,0.0,0.0,0.0,0.0,0.0,0.0,0.0,0.0
1035,0.0,0.0,0.26984933018684387,0.0,0.2142525464296341,0.0,0.3863216042518616,0.2673480212688446,0.0,0.1736070066690445,0.037359707057476044,0.47170981764793396,0.16300496459007263,0.0,0.05323459953069687,0.0
1040,0.0,0.0,0.0,0.0,0.0,0.0,0.0,0.0,0.0,0.0,0.0,0.0,0.0,0.0,0.0,0.0
1042,0.0,0.0,0.0,0.0,0.0,0.0,0.0,0.0,0.0,0.0,0.12091699987649918,0.0,0.0,0.0,0.0,0.0
1049,0.9114760160446167,0.0,0.4974845051765442,0.41705000400543213,0.0,0.491054505109787,0.0,0.0,0.331177681684494,0.0,0.0,0.0,0.5357469916343689,0.10646110028028488,0.0,0.0
1051,0.0,0.0,0.0,0.0,0.0,0.0,0.0,0.0,0.0,0.0,0.0,0.0,0.0,0.0,0.0,0.0
1052,0.30615681409835815,0.8157649040222168,0.5352681875228882,0.0,0.2813500165939331,0.0,0.0,0.6036794781684875,0.3077007532119751,0.02938428707420826,0.07839961349964142,0.2861679196357727,0.16101710498332977,0.744120717048645,0.7219836115837097,0.7303594946861267
1060,0.0,0.0,0.0,0.0,0.0,0.0,0.0,0.0,0.0,0.0,0.0,0.0,0.0,0.0,0.0,0.0
1067,0.0,0.0,0.0,0.0,0.5508367419242859,0.5937910079956055,0.0,0.33211421966552734,0.24968302249908447,0.4531412720680237,0.38307446241378784,0.0,0.4316824972629547,0.4780997037887573,0.34467771649360657,0.3685111701488495
1069,0.0,0.0,0.0,0.0,0.0,0.0,0.0,0.0,0.0,0.0,0.0,0.0,0.0,0.0,0.0,0.0
1070,0.0,0.0,0.0,0.0,0.0,0.0,0.0,0.0,0.0,0.0,0.0,0.0,0.0,0.0,0.0,0.0
1071,0.0,0.0,0.0,0.0,0.0,0.0,0.0,0.0,0.0,0.0,0.0,0.0,0.0,0.0,0.0,0.0
1075,0.0,0.0,0.0,0.0,0.0,0.0,0.0,0.0,0.0,0.0,0.0,0.0,0.0,0.0,0.0,0.0
1079,0.580608606338501,0.0,0.1121060773730278,0.0,0.6713272929191589,0.35348451137542725,0.537507951259613,0.0,0.7934629917144775,0.7008201479911804,0.0,0.0,0.6331413388252258,0.0,0.0,0.697411835193634
1083,0.13878899812698364,0.0,0.48141252994537354,0.32106348872184753,0.0,0.21332499384880066,0.0,0.0,0.40551719069480896,0.22299447655677795,0.5956025123596191,0.0,0.15984949469566345,0.0,0.0,0.0
1086,0.0,0.0,0.0,0.0,0.0,0.0,0.0,0.0,0.0,0.0,0.0,0.0,0.0,0.0,0.0,0.0
1091,0.0,0.0,0.0,0.0,0.0,0.0,0.0,0.0,0.0,0.03143149986863136,0.0,0.0,0.053235750645399094,0.0,0.0,0.0
1093,0.0,0.0,0.0,0.0,0.0,0.0,0.0,0.0,0.0,0.0,0.0,0.0,0.0,0.0,0.0,0.0
1103,0.0,0.0,0.1436191201210022,0.0,0.0,0.027445688843727112,0.23168738186359406,0.0,0.0,0.01867292821407318,0.0,0.0,0.09064202010631561,0.0,0.0,0.047000035643577576
1115,0.0,0.13949094712734222,0.15162232518196106,0.1481200009584427,0.10026092082262039,0.0,0.18253116309642792,0.13162453472614288,0.13254940509796143,0.0791330486536026,0.18057890236377716,0.1694164127111435,0.17331260442733765,0.18131208419799805,0.16580915451049805,0.20775099098682404
1119,0.12724381685256958,0.2456141710281372,0.10270161181688309,0.19459861516952515,0.3177015781402588,0.3141678273677826,0.46886423230171204,0.30894020199775696,0.0,0.30593353509902954,0.061997395008802414,0.0,0.0,0.06538049876689911,0.30086085200309753,0.0
1122,0.0,0.0,0.0,0.0,0.0,0.0,0.0,0.0,0.0,0.05067542940378189,0.144937664270401,0.0,0.0,0.0,0.0,0.0
1133,0.01913589984178543,0.0,0.0,0.0,0.0,0.0,0.0,0.0,0.0,0.06924524903297424,0.0,0.030547108501195908,0.0,0.05611812323331833,0.0,0.0
1139,0.0,0.0,0.0,0.0,0.0,0.0,0.0,0.0,0.0,0.0,0.0,0.0,0.0,0.0,0.0,0.0
1145,0.0,0.0,0.0,0.0,0.0,0.0,0.0,0.0,0.0,0.0,0.0,0.0,0.0,0.0,0.0,0.0
1147,0.0,0.0,0.7335798144340515,0.0,0.9966529607772827,0.0,0.9760479927062988,0.9964889883995056,0.6270787715911865,0.409186989068985,0.29150572419166565,0.6160603165626526,0.9971510171890259,0.0,0.0,0.9821959733963013
1150,0.0,0.390359103679657,0.15822702646255493,0.0,0.0,0.0,0.0,0.0,0.0,0.0,0.0,0.0,0.09611307084560394,0.15612369775772095,0.0,0.0
1154,0.0,0.0,0.0,0.04974681884050369,0.0,0.0,0.0,0.0,0.0,0.0,0.0,0.0,0.0,0.0,0.0,0.0
1157,0.0,0.0,0.0,0.0,0.0,0.0,0.0,0.0,0.0,0.0,0.0,0.0,0.0,0.0,0.0,0.0
1164,0.818215548992157,0.7438424825668335,0.39455804228782654,0.9968518018722534,0.9729812741279602,0.7433664798736572,0.7981136441230774,0.9669528007507324,0.9788525104522705,0.3019838333129883,0.9970687627792358,0.9642446637153625,0.26858168840408325,0.4785037338733673,0.7303462624549866,0.10960151255130768
1165,0.0,0.0,0.0,0.0,0.0,0.0,0.0,0.0,0.0,0.0,0.0,0.0,0.0,0.0,0.0,0.0
1191,0.0,0.0,0.0,0.0,0.0,0.0,0.0,0.0,0.0,0.0,0.0,0.0,0.0,0.0,0.0,0.0
1197,0.0,0.0,0.0,0.0,0.0,0.0,0.0,0.0,0.0,0.0,0.0,0.0,0.0,0.0,0.0,0.0
1200,0.0,0.0,0.0,0.0,0.0,0.0,0.0,0.0,0.0,0.0,0.0,0.0,0.0,0.0,0.0,0.0
1204,0.0,0.0,0.0,0.0,0.0,0.0,0.0,0.0,0.0,0.0,0.0,0.0,0.0,0.0,0.0,0.0
1207,0.0,0.0,0.0,0.0,0.0,0.0,0.0,0.0,0.0,0.0,0.0,0.0,0.0,0.0,0.0,0.0
1211,0.9896286129951477,0.9656867980957031,0.7791917324066162,0.896996259689331,0.9935470223426819,0.99726802110672,0.9975165128707886,0.972343921661377,0.9876202344894409,0.9991710186004639,0.9973050355911255,0.2068665474653244,0.8064417243003845,0.5098326802253723,0.9946025013923645,0.6951389908790588
1218,0.0,0.0,0.0,0.0,0.0,0.0,0.0,0.0,0.1135760024189949,0.0,0.0,0.0,0.0,0.0,0.0,0.0
1240,0.0,0.0,0.0,0.0,0.0,0.0,0.0,0.028460046276450157,0.0,0.0,0.0,0.0,0.0,0.0,0.0,0.0
1244,0.0,0.0,0.0,0.0,0.0,0.0,0.0,0.0,0.0,0.0,0.0,0.0,0.0,0.0,0.0,0.0
1246,0.0,0.0,0.0,0.0,0.0,0.0,0.0,0.0,0.0,0.0,0.0,0.0,0.0,0.0,0.0,0.0
1266,0.0,0.35566025972366333,0.0,0.0,0.8332300186157227,0.9988380074501038,0.1260318160057068,0.0,0.5108144283294678,0.0,0.0,0.4155247211456299,0.0,0.0,0.5449382066726685,0.0
1270,0.0,0.0,0.0,0.0,0.0,0.0,0.0,0.0,0.0,0.0,0.0,0.0,0.0,0.0,0.0,0.0
1272,0.0,0.0,0.0,0.0,0.0,0.0,0.0,0.0,0.0,0.0,0.0,0.0,0.0,0.0,0.0,0.0
1274,0.0,0.0,0.0,0.0,0.0,0.06470268219709396,0.0,0.0,0.0,0.0,0.0,0.0,0.0,0.0,0.0,0.0
1280,0.0,0.0,0.0,0.0,0.0,0.0,0.0,0.0,0.0,0.0,0.0,0.0,0.0,0.0,0.0,0.0
1282,0.19822873175144196,0.4754478931427002,0.5649049282073975,0.7057634592056274,0.013588899746537209,0.48498931527137756,0.7506132125854492,0.491851806640625,0.589849591255188,0.4150800108909607,0.0,0.34814727306365967,0.46705949306488037,0.39264973998069763,0.0,0.5774684548377991
1295,0.0,0.0,0.0,0.0,0.0,0.0,0.0,0.0,0.0,0.0,0.0,0.0,0.0,0.0,0.0,0.0
1300,0.0,0.0,0.0,0.0,0.0,0.0,0.0,0.0,0.0,0.0,0.0,0.0,0.0,0.0,0.0,0.0
1301,0.0,0.0,0.0,0.0,0.0,0.0,0.0,0.0,0.0,0.0,0.0,0.0,0.0,0.0,0.0,0.0
1321,0.0,0.0,0.0,0.0,0.0,0.0,0.0,0.0,0.0,0.0,0.0,0.0,0.0,0.0,0.0,0.0
1327,0.7279220223426819,0.0,0.4578157067298889,0.3069673478603363,0.0,0.31102967262268066,0.016841625794768333,0.011219199746847153,0.6958199143409729,0.2426328808069229,0.5579094290733337,0.0,0.2180769145488739,0.5985841155052185,0.5614137649536133,0.0
1330,0.0,0.0,0.0,0.0,0.0,0.0,0.0,0.0,0.0,0.0,0.0,0.0,0.0,0.0,0.0,0.0
1337,0.26296037435531616,0.8612467050552368,0.9767541289329529,0.3284156918525696,0.9985756278038025,0.47058671712875366,0.9846056699752808,0.955498456954956,0.8299332857131958,0.2674000561237335,0.8942856192588806,0.8185720443725586,0.8730781078338623,0.9036879539489746,0.15568684041500092,0.2476341277360916
1340,0.045297108590602875,0.0,0.0,0.0,0.01295500062406063,0.0,0.0,0.0,0.0,0.0,0.0,0.0,0.0,0.06787184625864029,0.0,0.0
1341,0.0,0.0,0.0,0.0,0.0,0.0,0.0,0.0,0.0,0.0,0.27529600262641907,0.0,0.0,0.0,0.030792664736509323,0.0
1344,0.18165799975395203,0.059571001678705215,0.0,0.0,0.0,0.0,0.18367159366607666,0.0,0.0,0.0,0.0,0.0,0.0,0.5376390218734741,0.0,0.0
1349,0.0,0.0,0.0,0.0,0.0,0.0,0.0,0.0,0.0,0.0,0.0,0.0,0.0,0.0,0.0,0.0
1358,0.0,0.0,0.0,0.0,0.0,0.0,0.0,0.0,0.0,0.0,0.0,0.0,0.0,0.0,0.0,0.0
1368,0.0,0.0,0.0,0.0,0.0,0.0,0.0,0.0,0.0,0.0,0.0,0.0,0.0,0.0,0.0,0.0
1372,0.0,0.0,0.0,0.18593500554561615,0.07244899868965149,0.0,0.0,0.1700180023908615,0.0,0.0,0.0,0.050440333783626556,0.07253149896860123,0.0,0.0,0.2967435121536255
1375,0.0,0.0,0.0,0.0,0.0,0.0,0.0,0.0,0.0,0.0,0.0,0.0,0.0,0.0,0.0,0.0
1380,0.0,0.0,0.0,0.0,0.0,0.0,0.0,0.0,0.0,0.0,0.0,0.0,0.0,0.0,0.7880091667175293,0.0
1384,0.0,0.0,0.0,0.0,0.0,0.0,0.0,0.07995899766683578,0.0,0.0,0.0,0.0,0.0,0.21752649545669556,0.10435274988412857,0.0
1388,0.0,0.0,0.0,0.0,0.0,0.0,0.0,0.0,0.0,0.0,0.0,0.0,0.0,0.0,0.0,0.0
1391,0.0,0.0,0.0,0.0,0.0,0.0,0.0,0.0,0.0,0.0,0.0,0.0,0.0,0.0,0.0,0.0
1398,0.02645912393927574,0.0,0.0,0.2478882074356079,0.3523758351802826,0.0,0.0,0.0,0.0,0.0,0.37476658821105957,0.09841862320899963,0.0,0.3112829923629761,0.0,0.015245000831782818
1399,0.0,0.0,0.0,0.0,0.0,0.0,0.0,0.0,0.0,0.0,0.0,0.0,0.0,0.0,0.0,0.0
1404,0.758144199848175,0.8630384802818298,0.7629201412200928,0.8904678821563721,0.9783076047897339,0.20562303066253662,0.9009279608726501,0.7930253744125366,0.9057015180587769,0.7311827540397644,0.18115079402923584,0.7891231775283813,0.8681656718254089,0.8236103057861328,0.20610485970973969,0.20313575863838196
1407,0.0,0.0,0.0,0.0,0.0,0.0,0.0,0.0,0.0,0.0,0.0,0.0,0.0,0.0,0.2846579849720001,0.0
1410,0.6686299443244934,0.9758390188217163,0.49028176069259644,0.3061891496181488,0.13163892924785614,0.09031471610069275,0.7347056865692139,0.49061399698257446,0.0,0.0,0.8081413507461548,0.8410797119140625,0.0,0.3901943564414978,0.4819389879703522,0.5013257265090942
1415,0.0,0.9659340381622314,0.9850149750709534,0.0,0.807386577129364,0.04195394366979599,0.0,0.7891931533813477,0.0,0.0,0.3220372498035431,0.0,0.0,0.7398844957351685,0.0,0.9772939682006836
1417,0.0,0.0,0.0,0.0,0.0,0.0,0.0,0.0,0.0,0.0,0.0,0.0,0.0,0.0,0.0,0.0
1425,0.014542714692652225,0.03355325013399124,0.030085375532507896,0.23858073353767395,0.0,0.0,0.15520437061786652,0.14397244155406952,0.0,0.0,0.04907512664794922,0.06070185825228691,0.11617271602153778,0.13949087262153625,0.03973656892776489,0.1027817502617836
1429,0.0,0.0,0.0,0.0,0.0,0.0,0.0,0.0,0.0,0.0,0.0,0.0,0.0,0.0,0.0,0.0
1433,0.0,0.0,0.0,0.0,0.0,0.0,0.0,0.0,0.0,0.0,0.0,0.0,0.0,0.0,0.0,0.0
1436,0.0,0.0,0.0,0.0,0.0,0.0,0.0,0.0,0.0,0.0,0.0,0.0,0.0,0.0,0.0,0.0
1437,0.009949499741196632,0.04047166928648949,0.6251646876335144,0.0,0.0,0.3176818788051605,0.0,0.0,0.17294451594352722,0.0,0.14456287026405334,0.38069382309913635,0.03256383538246155,0.0,0.0,0.15563930571079254
1438,0.0,0.0,0.0,0.0,0.0,0.0,0.0,0.0,0.0,0.0,0.0,0.0,0.0,0.0,0.0,0.0
1439,0.27407750487327576,0.0,0.0,0.0,0.0,0.0,0.0,0.0,0.0,0.0,0.2851774990558624,0.0,0.0,0.0,0.0,0.0
1441,0.0,0.0,0.0,0.06893684715032578,0.12143030762672424,0.0,0.0,0.0,0.0,0.22741585969924927,0.0,0.14098574221134186,0.0,0.1727212816476822,0.0,0.0
1452,0.11401700228452682,0.0,0.5963929891586304,0.5538600087165833,0.0,0.904242992401123,0.41306498646736145,0.0,0.0,0.7820389866828918,0.0,0.5478919744491577,0.0,0.2853040099143982,0.0,0.0
1457,0.0,0.0,0.0,0.0,0.0,0.07653629034757614,0.0,0.0,0.0,0.0,0.05347766354680061,0.0,0.0,0.0,0.0,0.03282928466796875
1465,0.0,0.0,0.0,0.0,0.0,0.0,0.0,0.0,0.0,0.0,0.0,0.0,0.0,0.0,0.0,0.0
1467,0.20314599573612213,0.0,0.035291001200675964,0.0,0.0,0.0,0.0,0.0,0.0,0.0,0.0,0.0,0.06494899839162827,0.0,0.0,0.0
1480,0.0,0.0,0.0,0.0,0.0,0.0,0.0,0.0,0.0,0.0,0.0,0.0,0.0,0.0,0.0,0.0
1481,0.0,0.0,0.0,0.0,0.0,0.0,0.0,0.0,0.0,0.0,0.0,0.0,0.0,0.0,0.0,0.0
1485,0.08955083042383194,0.12208444625139236,0.0,0.0,0.14683429896831512,0.0,0.0,0.0,0.0,0.9432095289230347,0.0,0.0,0.055111873894929886,0.0,0.11430145800113678,0.046463221311569214
1486,0.18721941113471985,0.0,0.0,0.0,0.08153100311756134,0.0,0.0,0.0,0.0,0.0,0.09076133370399475,0.0,0.0,0.0,0.3746885061264038,0.0
1500,0.0,0.0,0.0,0.0,0.0,0.0,0.0,0.0,0.0,0.0,0.0,0.0,0.0,0.0,0.0,0.0
1501,0.14109767973423004,0.0,0.0,0.0,0.08924827724695206,0.0,0.13377362489700317,0.06419641524553299,0.0,0.12782809138298035,0.07871841639280319,0.19654706120491028,0.1319027543067932,0.0,0.147041454911232,0.0
1507,0.0,0.0,0.0,0.0,0.0,0.0,0.0,0.0,0.0,0.0,0.0,0.0,0.0,0.0,0.0,0.0
1515,0.9827512502670288,0.0,0.0,0.30510300397872925,0.8990641832351685,0.8775822520256042,0.0,0.9914120435714722,0.0,0.0,0.0,0.9692929983139038,0.0,0.6463301777839661,0.9627829790115356,0.9567329287528992
1517,0.0,0.0,0.0,0.0,0.0,0.0,0.0,0.0,0.0,0.0,0.0,0.0,0.0,0.0,0.0,0.0
1518,0.0,0.0,0.07361099869012833,0.0,0.0,0.0,0.0,0.0,0.0,0.0,0.0,0.0,0.0,0.15104900300502777,0.0,0.0
1532,0.0,0.0,0.0,0.0,0.0,0.0,0.0,0.0,0.0,0.0,0.0,0.0,0.0,0.04668449983000755,0.0,0.0
1533,0.0,0.0,0.0,0.0,0.0,0.0,0.0,0.0,0.0,0.0,0.0,0.0,0.0,0.0,0.0,0.0
1538,0.0,0.0,0.0,0.0,0.0,0.0,0.0,0.0,0.0,0.0,0.0,0.0,0.0,0.0,0.0,0.0
1540,0.052169520407915115,0.16552935540676117,0.0,0.0,0.2133687436580658,0.0,0.1480373591184616,0.3709050118923187,0.0,0.0,0.0,0.0,0.0,0.0,0.0,0.11622799187898636
1542,0.0,0.0,0.0,0.0,0.0,0.0,0.0,0.0,0.0,0.0,0.0,0.0,0.0,0.0,0.0,0.0
1547,0.20151585340499878,0.0,0.0,0.04645057022571564,0.20080925524234772,0.2195817083120346,0.3976324796676636,0.19903317093849182,0.0,0.21369802951812744,0.0,0.09258277714252472,0.0,0.17055249214172363,0.17889685928821564,0.14492042362689972
1558,0.0,0.0,0.0,0.0,0.0,0.0,0.0,0.0,0.0,0.0,0.0,0.0,0.0,0.0,0.0,0.0
1560,0.0,0.1323346495628357,0.0,0.0,0.0,0.0,0.08300183713436127,0.0,0.0799863338470459,0.142873615026474,0.0,0.0,0.1410248875617981,0.0,0.06522700190544128,0.0
1575,0.0,0.0,0.0,0.0,0.0,0.0,0.0,0.0,0.0,0.0,0.0,0.0,0.0,0.0,0.0,0.0
1576,0.18969090282917023,0.03422604128718376,0.009473999962210655,0.0,0.0826851949095726,0.0,0.2092568725347519,0.07698111236095428,0.18046654760837555,0.024234455078840256,0.0,0.8261700868606567,0.08842841535806656,0.5284711122512817,0.2222542017698288,0.384369432926178
1587,0.0,0.0,0.0,0.0,0.0,0.0,0.0,0.0,0.0,0.0,0.0,0.0,0.0,0.0,0.0,0.0
1588,0.0,0.0,0.0,0.0,0.0,0.0,0.0,0.0,0.0,0.0,0.0,0.0,0.0,0.0,0.0,0.0
1589,0.0,0.0,0.0,0.0,0.0,0.0,0.0,0.0,0.0,0.0,0.0,0.0,0.0,0.0,0.0,0.0
1591,0.14958937466144562,0.7487847208976746,0.028622640296816826,0.8250044584274292,0.11916805803775787,0.49095311760902405,0.07762078195810318,0.6060250401496887,0.28563040494918823,0.11668543517589569,0.1436765342950821,0.44587427377700806,0.5196053385734558,0.16657701134681702,0.01069688145071268,0.16222092509269714
1592,0.0,0.0,0.0,0.08229728788137436,0.0,0.11692260205745697,0.0,0.07565471529960632,0.0,0.03560300171375275,0.06553424894809723,0.042540665715932846,0.0,0.0,0.13826149702072144,0.037994250655174255
1595,0.0,0.0,0.0,0.0,0.0,0.0,0.0,0.0,0.0,0.0,0.0,0.0,0.0,0.0,0.0,0.0
1607,0.0,0.0,0.0,0.0,0.0,0.0,0.0,0.0,0.0,0.0,0.0,0.0,0.0,0.0,0.0,0.0
1611,0.0,0.0,0.0,0.0,0.0,0.01916658505797386,0.0,0.0,0.0,0.013651999644935131,0.0,0.0,0.0,0.0,0.0,0.0
1630,0.0,0.0,0.0,0.0,0.0,0.0,0.0,0.0,0.0,0.0,0.0,0.0,0.0,0.0,0.0,0.0
1634,0.0,0.0,0.0,0.0,0.0,0.0,0.0,0.0,0.0,0.0,0.0,0.0,0.0,0.0,0.0,0.0
1653,0.22947299480438232,0.0,0.0,0.16226521134376526,0.2946503162384033,0.1210840567946434,0.09281585365533829,0.24581894278526306,0.4722194969654083,0.0,0.0459919236600399,0.15124161541461945,0.0,0.0,0.16835929453372955,0.11743958294391632
1655,0.0,0.0,0.0,0.0,0.0,0.0,0.0,0.0,0.0,0.0,0.0,0.0,0.0,0.0,0.0,0.0
1664,0.6878544688224792,0.7464157938957214,0.8685182332992554,0.29877781867980957,0.6726372838020325,0.14490465819835663,0.6848657131195068,0.732842206954956,0.6356884241104126,0.5276176333427429,0.7403198480606079,0.6645317673683167,0.8698707818984985,0.6707217693328857,0.5239360332489014,0.8404306769371033
1667,0.09665749967098236,0.0,0.0,0.0,0.43214869499206543,0.2379796802997589,0.0,0.0330493338406086,0.14127133786678314,0.0,0.051033999770879745,0.0,0.0,0.08129633963108063,0.08878599852323532,0.0
1672,0.7585665583610535,0.7840327620506287,0.8601520657539368,0.10086093097925186,0.5364201068878174,0.7519546151161194,0.0,0.6978029012680054,0.0,0.3194338083267212,0.09826520830392838,0.5423438549041748,0.8819843530654907,0.45773425698280334,0.23806290328502655,0.025411946699023247
1684,0.0,0.0,0.0,0.0,0.0,0.0,0.0,0.0,0.0,0.0,0.0,0.0,0.0,0.0,0.0,0.0
1687,0.0,0.0,0.0,0.0,0.0,0.0,0.0,0.0,0.0,0.0,0.0,0.0,0.0,0.0,0.0,0.0
1707,0.0,0.0,0.0,0.0,0.0,0.032857999205589294,0.0,0.15078899264335632,0.0,0.015515250153839588,0.0,0.07699760049581528,0.0739106684923172,0.0,0.027044599875807762,0.06215149909257889
1709,0.0,0.0,0.0,0.0,0.0,0.0,0.0,0.0,0.0,0.0,0.0,0.0,0.0,0.0,0.0,0.0
1713,0.6284785866737366,0.6312891840934753,0.21164780855178833,0.7491855025291443,0.41609182953834534,0.2543031573295593,0.6382308602333069,0.14501430094242096,0.4262252151966095,0.21973079442977905,0.6385348439216614,0.5554043054580688,0.37753480672836304,0.09782680124044418,0.311016321182251,0.6395214796066284
1718,0.0,0.0,0.0,0.0,0.0,0.0,0.0,0.0,0.0,0.0,0.0,0.0,0.0,0.6459783911705017,0.0,0.6054953336715698
1720,0.0,0.0,0.0,0.00530447531491518,0.0,0.0,0.0,0.0,0.0,0.0,0.0,0.0,0.0,0.0,0.15125373005867004,0.0
1721,0.0,0.0,0.0,0.04917742684483528,0.0,0.0,0.044148799031972885,0.0,0.0,0.0,0.031063739210367203,0.21328473091125488,0.04767097532749176,0.0,0.08971266448497772,0.0
1726,0.0,0.0,0.13284851610660553,0.1940409392118454,0.0,0.0,0.15206751227378845,0.0,0.0,0.0705438032746315,0.0,0.1129951924085617,0.24139370024204254,0.0,0.02130180038511753,0.0
1734,0.09239644557237625,0.150788351893425,0.0,0.14652876555919647,0.0,0.0990276038646698,0.13620273768901825,0.1348421275615692,0.06337271630764008,0.0,0.062028877437114716,0.03455265238881111,0.21749931573867798,0.2577996551990509,0.0,0.0
1745,0.965063750743866,0.9405125379562378,0.8296985030174255,0.8237335681915283,0.8676043748855591,0.8715413808822632,0.8425193428993225,0.6948585510253906,0.7987784147262573,0.7192339897155762,0.9220218658447266,0.858530580997467,0.9985243082046509,0.886493444442749,0.8030064702033997,0.838436484336853
1749,0.0,0.0,0.0,0.0,0.0,0.0,0.05896409973502159,0.0,0.0,0.0,0.0,0.0,0.0,0.0,0.002464285818859935,0.01051000040024519
1753,0.14345254004001617,0.0,0.1495448350906372,0.0,0.0,0.0,0.07195951789617538,0.22855769097805023,0.0,0.12242455035448074,0.10697175562381744,0.173788383603096,0.242060124874115,0.13322962820529938,0.18974624574184418,0.0
1757,0.0,0.0,0.0,0.0,0.0,0.0,0.0,0.0,0.0,0.2794896066188812,0.0,0.0,0.0,0.0,0.0,0.0
1765,0.0,0.0,0.0,0.0,0.0,0.0,0.0,0.0,0.0,0.0,0.0,0.0,0.0,0.0,0.0,0.0
1772,0.0,0.0,0.0,0.0,0.0,0.0,0.0,0.0,0.0,0.0,0.0,0.0,0.0,0.0,0.0,0.0
1775,0.0,0.0,0.0,0.0,0.0,0.0,0.0,0.0,0.0,0.0,0.0,0.0,0.0,0.0,0.0,0.0
1782,0.0,0.0,0.0,0.0,0.0,0.0,0.0,0.0,0.0,0.0,0.0,0.0,0.0,0.0,0.0,0.0
1786,0.0,0.0,0.0,0.0,0.0,0.0,0.0,0.0,0.0,0.0,0.0,0.0,0.0,0.0,0.0,0.0
1788,0.0,0.0,0.0,0.0,0.0,0.0,0.0,0.0,0.0,0.0,0.0,0.0,0.0,0.0,0.0,0.0
1808,0.0,0.0,0.0,0.0,0.0,0.0,0.0,0.0,0.0,0.0,0.0,0.0,0.0,0.0,0.0,0.0
1816,0.0,0.0,0.0,0.0,0.0,0.0,0.0,0.0,0.0,0.0,0.0,0.0,0.0,0.0,0.0,0.0
1825,0.0,0.0,0.0,0.0,0.0,0.0,0.0,0.0,0.0,0.0,0.0,0.0,0.0,0.0,0.0,0.0
1833,0.0,0.0,0.0,0.0,0.0,0.0,0.0,0.0,0.0,0.0,0.0,0.0,0.0,0.0,0.0,0.0
1840,0.0,0.0,0.0,0.0,0.0,0.0,0.0,0.0,0.0,0.0,0.0,0.0,0.0,0.0,0.0,0.0
1850,0.0,0.1855269968509674,0.4382779896259308,0.0,0.0843299999833107,0.0,0.0,0.0,0.9924219846725464,0.0,0.22181901335716248,0.0,0.6286777257919312,0.0,0.0,0.0
1856,0.0,0.0,0.0,0.0,0.0,0.0,0.0,0.0,0.0,0.012089000083506107,0.0,0.0,0.0,0.0,0.0,0.0
1858,0.0,0.0,0.0,0.0,0.0,0.0,0.0,0.0,0.0,0.0,0.0,0.0,0.0,0.0,0.0,0.0
1860,0.0,0.498508483171463,0.0,0.0,0.0,0.0,0.0,0.0,0.0,0.04737649857997894,0.0,0.0,0.0,0.0,0.0,0.0
1865,0.0,0.0,0.0,0.0,0.0,0.0,0.0,0.0,0.0,0.0,0.0,0.0,0.0,0.03312193602323532,0.0,0.0
1874,0.0,0.27713656425476074,0.2548024654388428,0.0,0.0,0.32602789998054504,0.3035060167312622,0.28912967443466187,0.3816920816898346,0.0,0.0,0.0,0.39466655254364014,0.0,0.0,0.0
1880,0.21894897520542145,0.0,0.0,0.8112688064575195,0.24331779778003693,0.24231036007404327,0.04314158111810684,0.6630296111106873,0.18999497592449188,0.18587303161621094,0.0,0.20371150970458984,0.07784777879714966,0.0,0.14408564567565918,0.0
1881,0.0,0.0,0.0,0.0,0.0,0.0,0.0,0.0,0.005731767509132624,0.0,0.0,0.0,0.0,0.0,0.0,0.0
1891,0.0,0.0,0.0,0.0,0.0,0.0,0.0,0.0,0.0,0.0,0.0,0.0,0.0,0.0,0.0,0.0
1899,0.0,0.0,0.0,0.0,0.0,0.0,0.0,0.0,0.0,0.0,0.0,0.0,0.0,0.0,0.0,0.0
1903,0.0,0.0,0.0,0.0,0.0,0.0,0.0,0.0,0.0,0.0,0.0,0.0,0.0,0.0,0.0,0.0
1907,0.0,0.0,0.0,0.0,0.0,0.0,0.0,0.0,0.0,0.0,0.0,0.0,0.0,0.0,0.0,0.0
1911,0.10713470727205276,0.0,0.005060382653027773,0.3080887496471405,0.0,0.0049834041856229305,0.0,0.13851802051067352,0.0,0.2612707316875458,0.013687538914382458,0.25845828652381897,0.0,0.0,0.2530154287815094,0.0
1920,0.0,0.0,0.0,0.0,0.0,0.0,0.0,0.0,0.0,0.0,0.0,0.006036783568561077,0.0,0.0,0.0,0.0
1931,0.02097189985215664,0.7495787143707275,0.0,0.0,0.0,0.0,0.0,0.0,0.0,0.0,0.0,0.0,0.2566496729850769,0.0,0.0,0.0
1934,0.0,0.0,0.0863824114203453,0.14607639610767365,0.05097363889217377,0.1067257672548294,0.0,0.03870377317070961,0.1232648566365242,0.06268186867237091,0.06749335676431656,0.06100677698850632,0.0,0.0,0.0,0.0
1939,0.33811935782432556,0.0,0.0,0.0,0.0,0.3706245422363281,0.0,0.0,0.0,0.0,0.0,0.0,0.0,0.6557196974754333,0.0,0.6133691072463989
1946,0.0,0.0,0.0,0.0,0.0,0.0,0.0,0.0,0.0,0.0,0.0,0.0,0.0,0.0,0.0,0.0
1958,0.0,0.0,0.0,0.0,0.0,0.0,0.0,0.0,0.0,0.0,0.0,0.0,0.0,0.0,0.0,0.0
1960,0.0,0.0,0.0,0.0,0.0,0.0,0.0,0.0,0.0,0.0,0.0,0.0,0.0,0.0,0.0,0.0
1976,0.0,0.0,0.0,0.0,0.0,0.0,0.0,0.0,0.0,0.0,0.0,0.0,0.0,0.0,0.0,0.0
1984,0.0,0.0,0.0,0.0,0.0,0.0,0.0,0.0,0.0,0.0,0.0,0.0,0.0,0.0,0.0,0.0
1993,0.0,0.0,0.0,0.0,0.0,0.0,0.0,0.0,0.0,0.0,0.0,0.0,0.0,0.0,0.0,0.0
2001,0.0,0.0,0.0,0.0,0.0,0.0,0.0,0.0,0.0,0.0,0.0,0.0,0.011932611465454102,0.0,0.0,0.0
2005,0.0,0.0,0.0,0.0,0.0,0.0,0.0,0.0,0.0,0.0,0.0,0.0,0.0,0.0,0.0,0.0
2006,0.0,0.0,0.0,0.0,0.0,0.0,0.0,0.0,0.0,0.0,0.0,0.0,0.0,0.0,0.0,0.0
2009,0.0,0.07628369331359863,0.11209653317928314,0.23601657152175903,0.0,0.0,0.11015620082616806,0.04554113745689392,0.08649511635303497,0.22675640881061554,0.14536312222480774,0.16934725642204285,0.08452989161014557,0.0,0.21434640884399414,0.23425473272800446
2013,0.045802805572748184,0.34211266040802,0.0,0.0,0.0,0.1328631490468979,0.0,0.02691926807165146,0.03183409199118614,0.1993245780467987,0.0,0.0,0.0,0.0,0.0,0.14014698565006256
2015,0.0,0.3914806842803955,0.3449326753616333,0.8768289685249329,0.0,0.4900476634502411,0.7026814818382263,0.0,0.0,0.14355240762233734,0.3303256332874298,0.615407407283783,0.12027834355831146,0.07859724760055542,0.31341424584388733,0.12254840135574341
2024,0.0,0.0,0.0,0.0,0.0,0.0,0.0,0.0,0.0,0.0,0.0,0.0,0.0,0.0,0.0,0.0
2026,0.9880773425102234,0.9270805716514587,0.9325129985809326,0.9188433289527893,0.9825917482376099,0.9360148310661316,0.9301274418830872,0.942373514175415,0.9822509288787842,0.8620931506156921,0.8381684422492981,0.9953830242156982,0.8761837482452393,0.8840751647949219,0.9334045648574829,0.9256390333175659
2034,0.0,0.0,0.0,0.0,0.0,0.0,0.0,0.0,0.0,0.0,0.0,0.0,0.0,0.0,0.0,0.0
2039,0.0,0.0,0.0,0.0,0.0,0.0,0.0,0.0,0.0,0.0,0.0,0.0,0.0,0.0,0.0,0.0
2044,0.22016894817352295,0.17564257979393005,0.0,0.32636433839797974,0.0,0.4981032907962799,0.18249087035655975,0.336735337972641,0.3909277021884918,0.13309414684772491,0.18660858273506165,0.3534078001976013,0.0,0.0,0.48776698112487793,0.16267640888690948
2048,0.9036192893981934,0.9041975736618042,0.8729364275932312,0.8759838938713074,0.9647307395935059,0.9381158351898193,0.667465090751648,0.9859632849693298,0.7920898199081421,0.6225453615188599,0.0,0.9445581436157227,0.9124893546104431,0.8953703045845032,0.9498265385627747,0.8985371589660645
2053,0.0,0.0,0.0,0.0,0.0,0.0,0.0,0.0,0.0,0.0,0.0,0.0,0.0,0.0,0.0,0.0
2058,0.0,0.0,0.0,0.0,0.0,0.0,0.0,0.0,0.0,0.0,0.0,0.0,0.0,0.0,0.0,0.0
2060,0.031285300850868225,0.0,0.0,0.0,0.0,0.0,0.0,0.0,0.0,0.0,0.0,0.0,0.0,0.0,0.0,0.0
2062,0.0,0.0,0.0,0.0,0.0,0.0,0.0,0.0,0.0,0.0,0.0,0.0,0.0,0.0,0.0,0.0
2072,0.0,0.0,0.0,0.0,0.0,0.0,0.0,0.0,0.0,0.0,0.0,0.0,0.0,0.0,0.0,0.0
2094,0.0,0.0,0.0,0.22261075675487518,0.0,0.0,0.0,0.0,0.5504445433616638,0.0,0.0,0.0,0.0,0.4077633023262024,0.0,0.3198581635951996
2100,0.0,0.0,0.0,0.11844836920499802,0.0,0.0,0.0,0.0,0.015312080271542072,0.0,0.09700348973274231,0.0,0.0,0.0,0.0,0.0
2105,0.24593116343021393,0.9982520937919617,0.9870936870574951,0.28982025384902954,0.19923721253871918,0.03277928754687309,0.9199461340904236,0.0,0.9739791750907898,0.9147672653198242,0.9807155728340149,0.0058212499134242535,0.0,0.9189783334732056,0.08994512259960175,0.8896716833114624
2122,0.0,0.0,0.0,0.0,0.0,0.0,0.0,0.0,0.0,0.0,0.0,0.0,0.0,0.0,0.0,0.0
2125,0.0,0.0,0.0,0.0,0.0,0.0,0.0,0.0,0.0,0.0,0.0,0.0,0.0,0.0,0.0,0.0
2128,0.0,0.0,0.0,0.0,0.0,0.0,0.0,0.0,0.0,0.0,0.0,0.0,0.0,0.0,0.0,0.0
2129,0.0,0.0,0.0,0.0,0.0,0.0,0.0,0.0,0.0,0.0,0.0,0.0,0.0,0.0,0.0,0.0
2135,0.0,0.0,0.0,0.0,0.0,0.0,0.0,0.0,0.0,0.0,0.0,0.0,0.0,0.0,0.0,0.0
2141,0.0,0.0,0.0,0.0,0.0,0.0,0.0,0.0,0.0,0.0,0.0,0.0,0.0,0.0,0.0,0.0
2143,0.0,0.0,0.0,0.0,0.0,0.0,0.0,0.0,0.0,0.0,0.0,0.0,0.0,0.0,0.0,0.0
2149,0.0,0.0,0.0,0.0,0.0,0.0,0.0,0.0,0.0,0.0,0.0,0.0,0.0,0.0,0.0,0.0
2157,0.0,0.0,0.0,0.11351093649864197,0.2529187500476837,0.06695231795310974,0.0901302844285965,0.0,0.0557427704334259,0.0,0.0,0.0,0.1289711594581604,0.0,0.03130776435136795,0.08019471168518066
2166,0.0,0.0,0.0,0.0,0.0,0.0,0.0,0.0,0.0,0.0,0.0,0.0,0.0,0.0,0.0,0.0
2168,0.0,0.0,0.0,0.0,0.0,0.0,0.0,0.0,0.0,0.0,0.0,0.0,0.0,0.0,0.0,0.0
2173,0.9262478351593018,0.9713670015335083,0.0,0.0,0.08205839991569519,0.0,0.941955029964447,0.0,0.0342474989593029,0.9802594184875488,0.0,0.9947309494018555,0.19781850278377533,0.0,0.6756616234779358,0.04724320024251938
2174,0.0,0.0,0.0,0.0,0.0,0.0,0.0,0.0,0.0,0.0,0.0,0.0,0.0,0.0,0.0,0.0
2189,0.0,0.0,0.0,0.0,0.0,0.0,0.0,0.0,0.0,0.0,0.0,0.0,0.0,0.0,0.0,0.0
2201,0.0,0.0,0.0,0.0,0.0,0.0,0.0,0.0,0.0,0.0,0.0,0.0,0.0,0.0,0.0,0.0
2202,0.0,0.0,0.0,0.0,0.0,0.0,0.0,0.0,0.0,0.0,0.0,0.0,0.0,0.0,0.0,0.0
2205,0.14658676087856293,0.5295636057853699,0.39464282989501953,0.6449056267738342,0.08056873083114624,0.372761070728302,0.10919893532991409,0.14423054456710815,0.19917693734169006,0.1523759961128235,0.16712942719459534,0.1533728986978531,0.08864478021860123,0.3073601722717285,0.4000369906425476,0.42029687762260437
2215,0.0,0.0,0.0,0.0,0.0,0.0,0.0,0.0,0.0,0.0,0.0,0.0,0.0,0.0,0.0,0.0
2217,0.05950331315398216,0.0,0.04687570035457611,0.0229025986045599,0.0649750754237175,0.0,0.10084358602762222,0.045935191214084625,0.0,0.07247134298086166,0.0,0.0,0.0553932785987854,0.011714081279933453,0.0,0.0
2230,0.0,0.0,0.0,0.0,0.07718363404273987,0.0,0.0,0.04952983185648918,0.07827122509479523,0.0,0.0,0.0,0.0,0.04416344687342644,0.06452105939388275,0.0
2243,0.0,0.0,0.0,0.0,0.0,0.0,0.0,0.0,0.0,0.0,0.0,0.0,0.0,0.0,0.0,0.0
2247,0.0,0.0,0.0,0.0,0.0,0.0,0.0,0.0,0.0,0.0,0.0,0.0,0.0,0.0,0.0,0.0
2255,0.0,0.0,0.0,0.0,0.0,0.0,0.0,0.0,0.0,0.0,0.0,0.0,0.0,0.0,0.0,0.0
2256,0.0,0.06092587485909462,0.1045311689376831,0.06042143702507019,0.0,0.0,0.0,0.0,0.010151500813663006,0.0,0.7875189781188965,0.0,0.0,0.03444007784128189,0.0,0.0
2272,0.12301476299762726,0.18029266595840454,0.0,0.0,0.0,0.058907400816679,0.0,0.0,0.0,0.02036760002374649,0.0,0.0,0.10759609937667847,0.0,0.0,0.08933260291814804
2302,0.9251804351806641,0.8623343706130981,0.8111239075660706,0.84889817237854,0.7920330762863159,0.9140357971191406,0.9630905389785767,0.7220224738121033,0.9148029685020447,0.9563508033752441,0.5528846383094788,0.14524078369140625,0.9783136248588562,0.29140812158584595,0.16976095736026764,0.8732054829597473
2311,0.9919023513793945,0.0,0.0,0.5095596313476562,0.2812741994857788,0.0,0.5607699155807495,0.0,0.6611790060997009,0.2258559912443161,0.4760056138038635,0.0,0.0,0.0,0.0,0.4476260244846344
2316,0.0,0.0,0.11496704816818237,0.0,0.0,0.048931002616882324,0.0,0.0,0.014347000978887081,0.0,0.0,0.07785400003194809,0.04686209559440613,0.014450637623667717,0.0,0.005121652502566576
2333,0.0,0.0,0.0,0.0,0.0,0.0,0.0,0.0,0.0,0.0,0.0,0.0,0.0,0.0,0.0,0.0
2336,0.28277531266212463,0.4780736565589905,0.0,0.06402689218521118,0.04193621873855591,0.4704444110393524,0.4383753836154938,0.37936723232269287,0.27047160267829895,0.3698205053806305,0.3963426649570465,0.47965142130851746,0.4365346133708954,0.3679593503475189,0.0771297812461853,0.4531516134738922
2337,0.0,0.0,0.0,0.0,0.0,0.0,0.0,0.0,0.0,0.0,0.0,0.0,0.0,0.0,0.0,0.0
2341,0.0,0.0,0.0,0.0,0.0,0.0,0.0,0.0,0.0,0.0,0.0,0.0,0.0,0.0,0.0,0.0
2347,0.0,0.0,0.0,0.0,0.0,0.0,0.0,0.0,0.0,0.0,0.0,0.0,0.0,0.0,0.0,0.0
2351,0.0,0.0,0.0,0.0,0.0,0.0,0.0,0.0,0.0,0.0,0.0,0.0,0.0,0.0,0.0,0.0
2364,0.0,0.0,0.0,0.0,0.0,0.0,0.0,0.0,0.0,0.0,0.0,0.0,0.0,0.0,0.0,0.0
2365,0.0,0.0,0.41527098417282104,0.0,0.0,0.0,0.677486002445221,0.4679329991340637,0.7277969717979431,0.9241300225257874,0.33118900656700134,0.31551000475883484,0.0,0.2018119990825653,0.6932730078697205,0.2560639977455139
2374,0.0,0.0,0.0,0.0,0.0,0.0,0.0,0.0,0.0,0.0,0.0,0.0,0.0,0.0,0.0,0.0
2404,0.02770615927875042,0.5763581991195679,0.8417691588401794,0.0,0.02611505426466465,0.0,0.8234543800354004,0.0,0.0,0.30350789427757263,0.0,0.6138625144958496,0.4740285277366638,0.821140706539154,0.30708304047584534,0.0
2412,0.5019099712371826,0.0,0.0,0.0,0.21432100236415863,0.0,0.0,0.0,0.0,0.0,0.0,0.0,0.5514209866523743,0.0,0.0,0.0
2413,0.03706468269228935,0.07611138373613358,0.052421942353248596,0.09717761725187302,0.062008101493120193,0.0,0.0,0.015031198970973492,0.027680380269885063,0.03697425499558449,0.0009894545655697584,0.023044146597385406,0.013396958820521832,0.2133159041404724,0.024626202881336212,0.0
2420,0.0,0.0,0.0,0.3214966654777527,0.0,0.0,0.0,0.0,0.0,0.0,0.0,0.0,0.0,0.0,0.0,0.0
2429,0.0,0.0,0.04828536882996559,0.0,0.0,0.0,0.0,0.0,0.0,0.0,0.0,0.0,0.0,0.049847062677145004,0.0,0.0
2430,0.0,0.0,0.0,0.0,0.0,0.4744970202445984,0.1319504976272583,0.0,0.0,0.0,0.0,0.0,0.0,0.0,0.0,0.0
2434,0.0,0.0,0.0,0.0,0.0,0.0,0.0,0.0,0.0,0.0,0.012302333489060402,0.0,0.0,0.0,0.0,0.0
2456,0.7293018102645874,0.7117605209350586,0.0918845385313034,0.2089492231607437,0.22062541544437408,0.0,0.0228370800614357,0.0,0.6626507639884949,0.33667534589767456,0.012494091875851154,0.8347058296203613,0.08150985091924667,0.7404253482818604,0.23085744678974152,0.09453156590461731
2460,0.0,0.0,0.0,0.0,0.0,0.0,0.0,0.0,0.0,0.0,0.0,0.0,0.0,0.0,0.0,0.0
2470,0.0,0.0,0.0,0.0,0.0,0.0,0.0,0.0,0.0,0.0,0.0,0.0,0.0,0.0,0.0,0.0
2474,0.0,0.0,0.0,0.0,0.0,0.0,0.0,0.0,0.0,0.0,0.0,0.0,0.0,0.0,0.0,0.0
2476,0.0,0.026583001017570496,0.0,0.03161212429404259,0.0,0.0,0.011345285922288895,0.0,0.0,0.0,0.0,0.0,0.049689579755067825,0.0035941600799560547,0.0,0.0
2485,0.17483319342136383,0.07262265682220459,0.0,0.0,0.0,0.0,0.0,0.0,0.0,0.0,0.0,0.0,0.0,0.0,0.0,0.018548667430877686
2486,0.2016478329896927,0.2901569902896881,0.014673200435936451,0.9299004673957825,0.0,0.7926522493362427,0.04286225885152817,0.06383471190929413,0.14223098754882812,0.07605306059122086,0.7693762183189392,0.7451943755149841,0.008274157531559467,0.6992589831352234,0.01156850066035986,0.9579901099205017
2495,0.0,0.0,0.0,0.0,0.0,0.0,0.0,0.0,0.0,0.0,0.0,0.22053766250610352,0.0,0.0,0.0,0.27525269985198975
2501,0.0,0.0,0.0,0.0,0.0,0.0,0.0,0.0,0.0,0.0,0.0,0.0,0.0,0.0,0.0,0.0
2504,0.0,0.0,0.0,0.0,0.0,0.0,0.0,0.0,0.0,0.0,0.0,0.0,0.0,0.0,0.0,0.0
2509,0.0,0.0,0.0,0.0,0.0,0.0,0.0,0.0,0.0,0.0,0.0,0.0,0.0,0.0,0.0,0.0
2510,0.2905387282371521,0.0,0.115083247423172,0.0,0.0,0.0,0.5239156484603882,0.0,0.0,0.0,0.23310643434524536,0.4073755145072937,0.0,0.0,0.01894574984908104,0.0
2523,0.2594197988510132,0.3594679832458496,0.28061938285827637,0.0,0.14892296493053436,0.33439669013023376,0.20243369042873383,0.0,0.5362305641174316,0.24077850580215454,0.30011188983917236,0.22962534427642822,0.0,0.0,0.6082902550697327,0.26466476917266846
2528,0.0,0.0,0.0,0.0,0.0,0.0,0.0,0.0,0.0,0.0,0.0,0.0,0.0,0.0,0.0,0.0
2531,0.0,0.0,0.0,0.0,0.0,0.0,0.0,0.0,0.0,0.0,0.0,0.0,0.0,0.0,0.0,0.0
2544,0.0,0.0,0.0,0.0,0.06425009667873383,0.08728702366352081,0.0,0.0,0.0,0.0,0.0,0.0,0.0,0.5803267359733582,0.0,0.0
2545,0.0,0.0,0.0,0.0,0.0,0.0,0.0,0.0,0.0,0.0,0.0,0.0,0.0,0.0,0.0,0.0
2548,0.33701398968696594,0.0,0.0,0.0,0.0,0.0,0.0,0.0,0.0,0.0,0.0,0.0,0.0,0.0,0.0,0.0
2552,0.08820799738168716,0.377005010843277,0.532151997089386,0.0,0.5121729969978333,0.0,0.0,0.0,0.11699900031089783,0.0,0.2808609902858734,0.0,0.4494220018386841,0.8959619998931885,0.16639000177383423,0.0
2556,0.0,0.0,0.0,0.0,0.0,0.3328903019428253,0.0,0.0,0.0,0.3508661389350891,0.0,0.0,0.7974262833595276,0.0,0.8019400238990784,0.4471331536769867
2558,0.0,0.0,0.0,0.0,0.0,0.0,0.0,0.0,0.0,0.0,0.0,0.0,0.0,0.0,0.0,0.0
2562,0.01777329295873642,0.12152884155511856,0.012081208638846874,0.09096600115299225,0.007036022376269102,0.0037166383117437363,0.04319554567337036,0.07532583177089691,0.011067955754697323,0.05895126238465309,0.002669533248990774,0.3917979598045349,0.0,0.10163906961679459,0.013376912102103233,0.0
2564,0.0,0.0,0.0,0.0,0.0,0.0,0.0,0.0,0.0,0.0,0.0,0.0,0.0,0.0,0.0,0.0
2571,0.0,0.0,0.0,0.0,0.0,0.0,0.0,0.0,0.0,0.0,0.0,0.0,0.0,0.0,0.0,0.0
2598,0.6840763688087463,0.2884911298751831,0.054863233119249344,0.6420753598213196,0.03920821100473404,0.12072842568159103,0.04760333150625229,0.01677613891661167,0.00673746457323432,0.5623928904533386,0.02211698517203331,0.007247683592140675,0.02138749323785305,0.04387357831001282,0.32994842529296875,0.7237704396247864
2606,0.0,0.0,0.0,0.0,0.0,0.0,0.02688400074839592,0.0,0.0,0.0,0.0,0.0,0.0,0.0,0.0,0.0
2607,0.0,0.0,0.0,0.0,0.0,0.0,0.0,0.0,0.0,0.0,0.0,0.0,0.0,0.0,0.0,0.0
2620,0.0,0.0,0.0,0.0,0.0,0.0,0.0,0.0,0.34133604168891907,0.0,0.0,0.0,0.0,0.0,0.0,0.0
2630,0.0,0.01131516695022583,0.0,0.0,0.0,0.0,0.0,0.0,0.0,0.021807821467518806,0.0,0.0,0.0,0.0,0.0,0.0
2645,0.0,0.0,0.0,0.0,0.0,0.0,0.0,0.0,0.0,0.0,0.0,0.0,0.0,0.0,0.0,0.0
2658,0.0,0.0,0.0,0.0,0.0,0.0,0.0,0.0,0.0,0.0,0.0,0.0,0.0,0.0,0.0,0.0
2660,0.0,0.49967527389526367,0.0,0.0,0.2493111938238144,0.5959246158599854,0.0,0.04400744289159775,0.486227810382843,0.0,0.09106085449457169,0.0,0.7062950134277344,0.0,0.0,0.24369549751281738
2665,0.04232071712613106,0.3263397812843323,0.30197861790657043,0.057192448526620865,0.003721958491951227,0.10794607549905777,0.28283271193504333,0.0,0.4055710732936859,0.27045097947120667,0.23425611853599548,0.0025044616777449846,0.20500706136226654,0.2670685946941376,0.2670484781265259,0.004122916609048843
2679,0.3333333432674408,0.9996079802513123,0.9999740123748779,0.9971269965171814,0.0,0.9911400079727173,0.0,0.4994499981403351,0.9728645086288452,0.4995409846305847,1.0,0.03890987113118172,0.33314600586891174,0.498912513256073,0.0,1.0
2690,0.0,0.0,0.0,0.0,0.0,0.0,0.0,0.0,0.0,0.0,0.0,0.0,0.0,0.0,0.0,0.0
2700,0.0,0.07024264335632324,0.08614367246627808,0.04419234022498131,0.029917072504758835,0.0,0.0,0.0,0.0,0.02509724535048008,0.00534471683204174,0.01068364828824997,0.05821674317121506,0.0546933077275753,0.0,0.0
2707,0.07506399601697922,0.2981715500354767,0.4137914776802063,0.40578991174697876,0.0,0.4567650556564331,0.16691312193870544,0.20466117560863495,0.5659722685813904,0.0,0.0,0.5693436861038208,0.5349940657615662,0.4397106468677521,0.21397541463375092,0.36864998936653137
2709,0.0,0.0,0.0,0.0,0.0,0.0,0.0,0.0,0.0,0.0,0.0,0.0,0.3825550079345703,0.0,0.0,0.0
2710,0.7586140632629395,0.1145167425274849,0.04258903115987778,0.7540958523750305,0.08597657084465027,0.19942423701286316,0.09803984314203262,0.15562179684638977,0.19237597286701202,0.0934838056564331,0.2499576061964035,0.0825202539563179,0.017509933561086655,0.10878181457519531,0.4244750738143921,0.7664077281951904
2711,0.0,0.0,0.17772012948989868,0.0,0.0,0.0,0.0,0.0,0.0,0.21285700798034668,0.0,0.0,0.1951788067817688,0.22245971858501434,0.23708456754684448,0.2081957459449768
2714,0.0,0.0,0.0,0.0,0.0,0.0,0.0,0.0,0.0,0.0,0.0,0.0,0.0,0.0,0.0,0.0
2719,0.2269093096256256,0.4452074468135834,0.44395408034324646,0.33092600107192993,0.20365963876247406,0.4497780203819275,0.17335449159145355,0.4032959043979645,0.5305714011192322,0.3408961594104767,0.5619117021560669,0.4961118698120117,0.11095225065946579,0.3852790892124176,0.20336827635765076,0.6357654929161072
2728,0.0,0.0,0.0,0.0,0.0,0.0,0.0,0.0,0.0,0.0,0.0,0.0,0.0,0.0,0.0,0.0
2744,0.0,0.0,0.0,0.0,0.0,0.0,0.0,0.0,0.0,0.0,0.0,0.0,0.0,0.0,0.0,0.0
2753,0.0,0.0,0.748447060585022,0.12058089673519135,0.0,0.09963344037532806,0.09873762726783752,0.49900612235069275,0.0,0.5622484683990479,0.0,0.0,0.0,0.0,0.0,0.0
2766,0.0,0.0,0.0,0.0,0.0,0.0,0.0,0.0,0.0,0.0,0.0,0.0,0.0,0.0,0.0,0.0
2780,0.0,0.0,0.0,0.06776636838912964,0.0,0.05219188705086708,0.0,0.06443004310131073,0.0,0.0,0.0,0.0,0.0,0.0,0.0,0.05113000422716141
2781,0.0,0.0,0.0,0.0,0.0,0.0,0.0,0.0,0.0,0.0,0.0,0.0,0.0,0.0,0.0,0.0
2821,0.08947446197271347,0.4001120924949646,0.060286328196525574,0.0,0.20749613642692566,0.1424596756696701,0.20064201951026917,0.16869382560253143,0.21773241460323334,0.22187437117099762,0.0,0.0,0.0,0.0,0.0,0.12560585141181946
2833,0.0,0.0,0.0,0.0,0.0,0.0,0.0,0.0,0.0,0.0,0.0,0.0,0.0,0.0,0.0,0.0
2856,0.0,0.034087665379047394,0.0,0.12366800010204315,0.0,0.1723826825618744,0.0,0.0,0.0,0.1527329981327057,0.0,0.14125800132751465,0.26768869161605835,0.0,0.0,0.0
2860,0.21711482107639313,0.9556561708450317,0.6669621467590332,0.457776814699173,0.7692126631736755,0.9389985203742981,0.8741992115974426,0.7771819829940796,0.8164307475090027,0.8298054933547974,0.9558308720588684,0.5592023730278015,0.957426905632019,0.8240727186203003,0.7845017910003662,0.9840899705886841
2866,0.0,0.0,0.0,0.0,0.0,0.0,0.11361124366521835,0.0,0.1538764089345932,0.0,0.0,0.0,0.0,0.0,0.07979463040828705,0.0
2873,0.0,0.2848708927631378,0.0,0.18521298468112946,0.0,0.3080059587955475,0.13119669258594513,0.0,0.0,0.123180091381073,0.0,0.24211736023426056,0.0,0.14314091205596924,0.19009330868721008,0.0
2874,0.007139058783650398,0.0,0.028951816260814667,0.033987630158662796,0.1475459337234497,0.03207503259181976,0.0,0.0,0.09936626255512238,0.08109290152788162,0.005665200296789408,0.035386763513088226,0.01319220382720232,0.004610947798937559,0.029747374355793,0.20126309990882874
2877,0.0,0.0,0.0,0.0,0.0,0.0,0.0,0.0,0.0,0.0,0.0,0.0,0.0,0.0,0.0,0.0
2879,0.0,0.0,0.0,0.0,0.0,0.0,0.0,0.0,0.0,0.0,0.0,0.0,0.0,0.0,0.0,0.0
2884,0.7824379801750183,0.0,0.0,0.0,0.0,0.0,0.0,0.0,0.0,0.46077799797058105,0.0,0.0,0.0,0.5152220129966736,0.0,0.9133589863777161
2887,0.0,0.0,0.0,0.0,0.0,0.0,0.0,0.0,0.0,0.0,0.0,0.0,0.0,0.0,0.0,0.0
2892,0.0,0.0,0.0,0.0,0.0,0.0,0.0,0.0,0.0,0.0,0.0,0.0,0.0,0.0,0.0,0.0
2906,0.030605588108301163,0.07795649021863937,0.1807832419872284,0.03908638283610344,0.153322234749794,0.013881509192287922,0.06742972135543823,0.02689618058502674,0.0629444569349289,0.044075679033994675,0.031160477548837662,0.0627165287733078,0.06025133281946182,0.0,0.0,0.0
2907,0.0,0.0,0.0,0.0,0.0,0.0,0.0,0.0,0.0,0.0,0.0,0.0,0.0,0.24329601228237152,0.0,0.0
2911,0.14128658175468445,0.0,0.11399661749601364,0.0,0.0,0.17416709661483765,0.23187381029129028,0.0,0.18304212391376495,0.0,0.15135639905929565,0.0,0.0,0.0,0.0,0.0
2913,0.0,0.0,0.0,0.0,0.0,0.0,0.0,0.0,0.0,0.0,0.0,0.0,0.0,0.0,0.0,0.0
2919,0.07775937765836716,0.0,0.0,0.0,0.0,0.0,0.0,0.0,0.36578652262687683,0.0,0.0,0.0,0.0,0.06808473914861679,0.0,0.0
2920,0.0,0.0,0.0,0.05266579985618591,0.0,0.0,0.0,0.09692803770303726,0.0,0.0,0.0,0.0,0.0,0.0,0.0,0.018042001873254776
2921,0.4875726103782654,0.9824687838554382,0.8776466846466064,0.8855555057525635,0.43239831924438477,0.5703469514846802,0.7290278673171997,0.46758002042770386,0.6105333566665649,0.7428927421569824,0.6764480471611023,0.5781328082084656,0.7740018963813782,0.8264346122741699,0.6938661932945251,0.8011938333511353
2934,0.0,0.0,0.0,0.0,0.0,0.0,0.0,0.0,0.0,0.0,0.0,0.0,0.0,0.0,0.0,0.0
2938,0.0,0.0,0.13658814132213593,0.0,0.0,0.0,0.0,0.0,0.0,0.0,0.0,0.0,0.0,0.0,0.0,0.0
2942,0.0,0.0,0.0,0.0,0.0,0.0,0.0,0.0,0.0,0.0,0.0,0.0,0.0,0.0,0.0,0.0
2946,0.0,0.0,0.0,0.0,0.0,0.0,0.0,0.0,0.0,0.0,0.0,0.0,0.0,0.36173200607299805,0.0,0.0
2948,0.0,0.0,0.0,0.0,0.0,0.0,0.0,0.0,0.0,0.0,0.0,0.0,0.0,0.0,0.0,0.0
2949,0.0,0.0,0.0,0.0,0.0,0.0,0.0,0.0,0.0,0.0,0.0,0.0,0.0,0.0,0.0,0.0
2956,0.0,0.0,0.0,0.0,0.0,0.0,0.0,0.0,0.0,0.0,0.0,0.0,0.0,0.0,0.0,0.0
2964,0.0,0.0,0.0,0.0,0.0,0.0,0.0,0.0,0.0,0.0,0.0,0.0,0.0,0.0,0.0,0.0
2970,0.0,0.0,0.0,0.0,0.0,0.0,0.0,0.0,0.0,0.0,0.0,0.0,0.0,0.0,0.0,0.0
2971,0.0,0.0,0.0,0.0,0.0,0.0,0.0,0.0,0.0,0.0,0.0,0.0,0.0,0.0,0.0,0.0
2972,0.0,0.0,0.0,0.0,0.0,0.0,0.0,0.0,0.0,0.0,0.0,0.0,0.0,0.0,0.0,0.0
2973,0.0,0.0,0.0,0.0,0.0,0.2605850100517273,0.0,0.0,0.0,0.0,0.0,0.0,0.0,0.0,0.0,0.0
2977,0.0,0.1793445348739624,0.1398983746767044,0.19073474407196045,0.06733408570289612,0.30412137508392334,0.0,0.023688141256570816,0.09349299967288971,0.4046019911766052,0.11159440129995346,0.14089812338352203,0.08976827561855316,0.09534424543380737,0.07032974809408188,0.011243167333304882
2978,0.0,0.0,0.0,0.0,0.0,0.0,0.0635870024561882,0.0,0.0,0.0,0.0,0.0,0.0,0.08384057134389877,0.0,0.0
2993,0.08002042770385742,0.0,0.0,0.0,0.15605317056179047,0.0,0.09651744365692139,0.2829990088939667,0.2389862835407257,0.0,0.03299074247479439,0.17025184631347656,0.0662032812833786,0.0,0.0,0.16133977472782135
2994,0.0,0.0,0.0,0.0,0.0,0.0,0.0,0.0,0.0,0.0,0.0,0.0,0.0,0.0,0.0,0.0
3013,0.0,0.0,0.0,0.0,0.0,0.0,0.0,0.0,0.0,0.0,0.0,0.0,0.0,0.0,0.0,0.0
3017,0.0,0.0,0.0,0.0,0.0,0.0,0.0,0.0,0.0,0.0,0.0,0.0,0.0,0.0,0.0,0.0
3018,0.0,0.0,0.9253325462341309,0.38303449749946594,0.0,0.0,0.08582600206136703,0.25445249676704407,0.09029050171375275,0.5225239992141724,0.9805709719657898,0.6682330369949341,0.0,0.3418540060520172,0.6786805391311646,0.39453399181365967
3023,0.09106466174125671,0.08836167305707932,0.0,0.0,0.0,0.0,0.0,0.0,0.0,0.0,0.11432650685310364,0.0,0.0,0.0,0.0,0.0
3024,0.0,0.0,0.0,0.0,0.0,0.0,0.0,0.0,0.0,0.0,0.0,0.0,0.0,0.0,0.0,0.0
3025,0.0,0.0,0.0,0.0,0.0,0.0,0.0,0.0,0.0,0.0,0.0,0.0,0.0,0.0,0.0,0.0
3032,0.0,0.8608955144882202,0.48064666986465454,0.0,0.2959839999675751,0.3605254888534546,0.26017850637435913,0.40335899591445923,0.0,0.08693499863147736,0.22064167261123657,0.0,0.0,0.2530216872692108,0.3640804886817932,0.0
3033,0.0,0.0,0.0,0.0,0.0,0.0,0.0,0.0,0.0,0.0,0.0,0.0,0.0,0.0,0.0,0.0
3036,0.0,0.209306001663208,0.0,0.02367648109793663,0.0,0.0,0.9293379783630371,0.0,0.0,0.9728919863700867,0.0,0.0,0.9967619776725769,0.0,0.0,0.0
3049,0.040256600826978683,0.049466799944639206,0.0,0.020125573500990868,0.014423250220716,0.03684199973940849,0.0,0.0,0.0,0.03328543156385422,0.0,0.0,0.0,0.0,0.0,0.0
3051,0.0,0.0,0.5383956432342529,0.41332149505615234,0.2457006871700287,0.1027606651186943,0.0,0.5778113603591919,0.0,0.0,0.3076316714286804,0.0,0.6275466680526733,0.0,0.0,0.11494366824626923
3058,0.0,0.5005204677581787,0.34744951128959656,0.33138200640678406,0.3120650053024292,0.0,0.0,0.35084399580955505,0.0,0.30670198798179626,0.4794284701347351,0.0,0.4395589828491211,0.0,0.25889551639556885,0.4237329959869385
3064,0.0,0.0,0.0,0.0,0.0,0.0,0.0,0.0,0.0,0.0,0.0,0.0,0.0,0.0,0.0,0.0
3068,0.0,0.020383749157190323,0.0,0.0,0.0,0.0,0.0,0.0,0.0,0.0637972503900528,0.0,0.0,0.0,0.0,0.0,0.0
3069,0.0,0.0,0.0,0.0,0.0,0.0,0.0,0.0,0.0,0.0,0.0,0.0,0.0,0.0,0.0,0.0
3071,0.6707572937011719,0.48893898725509644,0.09545134007930756,0.24917051196098328,0.11848299950361252,0.2468309998512268,0.0,0.20169934630393982,0.17469000816345215,0.0,0.5762823820114136,0.4226296842098236,0.0,0.4287976920604706,0.34684333205223083,0.7419869899749756
3077,0.0,0.0,0.0,0.0,0.0,0.0,0.0,0.0,0.0,0.0,0.0,0.0,0.0,0.0,0.0,0.0
3086,0.0,0.0,0.0,0.0,0.0,0.0,0.0,0.0,0.0,0.0,0.0,0.0,0.0,0.0,0.0,0.0
3094,0.0,0.0,0.0,0.0,0.0,0.0,0.0,0.0,0.0,0.0,0.0,0.0,0.0,0.0,0.0,0.0
3095,0.0,0.0,0.010722625069320202,0.0,0.0,0.0,0.0,0.0,0.0,0.0,0.008599333465099335,0.0,0.0,0.0,0.0,0.0
3101,0.410768985748291,0.3869999945163727,0.28099632263183594,0.0,0.5183280110359192,0.49564850330352783,0.3666055202484131,0.2953045070171356,0.09893950074911118,0.3208554983139038,0.4920305013656616,0.19716399908065796,0.0,0.5179897546768188,0.3709074854850769,0.5029150247573853
3104,0.0,0.0,0.0,0.0,0.0,0.0,0.0,0.0,0.0,0.0,0.0,0.0,0.0,0.0,0.0,0.0
3106,0.3278369903564453,0.0,0.2818180024623871,0.0,0.28084099292755127,0.6146489977836609,0.0,0.5311235189437866,0.5234094858169556,0.6500844955444336,0.24580849707126617,0.3985944986343384,0.0,0.3517565131187439,0.5089759826660156,0.36364349722862244
3108,0.009701499715447426,0.0,0.0,0.0,0.0,0.0,0.0,0.0,0.0,0.0,0.0,0.0,0.0,0.0,0.0,0.0
3113,0.0,0.0,0.0,0.0,0.0,0.0,0.0,0.0,0.0,0.0,0.0,0.0,0.0,0.0,0.0,0.0
3119,0.053776443004608154,0.0,0.0,0.0,0.0,0.0,0.0,0.0,0.0,0.0,0.0,0.0,0.0,0.0,0.0,0.0
3125,0.0,0.0,0.0,0.0,0.0,0.0,0.244626984000206,0.06887239962816238,0.1521473228931427,0.0,0.0,0.0,0.0,0.0,0.12685544788837433,0.0
3126,0.7550944089889526,0.909720778465271,0.07344090938568115,0.0,0.019841443747282028,0.0,0.7735416889190674,0.0,0.4276350140571594,0.9861393570899963,0.0,0.6795758605003357,0.9113123416900635,0.8174360990524292,0.5545809268951416,0.6575505137443542
3129,0.0,0.0,0.0,0.0,0.0,0.0,0.0,0.0,0.0,0.0,0.0,0.0,0.0,0.0,0.0,0.0
3132,0.19316069781780243,0.2653670012950897,0.0,0.14310091733932495,0.2285175919532776,0.3196357488632202,0.2890966534614563,0.0,0.0,0.0,0.0,0.0,0.2010769248008728,0.0,0.0,0.15667451918125153
3133,0.04325741529464722,0.0,0.0,0.1875373274087906,0.05886264517903328,0.0,0.0,0.0,0.08048311620950699,0.019530275836586952,0.029927000403404236,0.0,0.0,0.0,0.0,0.10697252303361893
3134,0.0,0.0,0.0,0.0,0.0,0.0,0.0,0.0,0.0,0.0,0.0,0.0,0.0,0.0,0.0,0.0
3142,0.0,0.0,0.0,0.0,0.0,0.0,0.0,0.0,0.0,0.0,0.0,0.0,0.0,0.0,0.0,0.0
3143,0.11037419736385345,0.0,0.0,0.0,0.02140653505921364,0.0,0.0,0.05958375334739685,0.0,0.0,0.01362855825573206,0.0,0.0,0.0,0.0,0.1042599007487297
3147,0.0,0.0,0.0,0.0,0.0,0.0,0.0,0.0,0.0,0.0,0.0,0.0,0.0,0.0,0.0,0.0
3149,0.30983901023864746,0.0,0.27483952045440674,0.24457049369812012,0.34614497423171997,0.38497650623321533,0.9880409836769104,0.7527095079421997,0.6379939913749695,0.45318999886512756,0.283220499753952,0.0,0.6417385339736938,0.4791554808616638,0.0,0.6206480264663696
3155,0.0,0.0,0.0,0.0,0.025729412212967873,0.0,0.0,0.0,0.0,0.015423598699271679,0.0,0.0,0.0,0.0,0.0,0.1395263373851776
3156,0.0,0.0,0.0,0.0,0.0,0.0,0.0,0.0,0.0,0.0,0.0,0.0,0.0,0.0,0.0,0.0
3160,0.0,0.0,0.0,0.0,0.0,0.0,0.0,0.0,0.0,0.0,0.0,0.0,0.0,0.0,0.0,0.0
3161,0.9822022914886475,0.0,0.7678779363632202,0.9262474775314331,0.22886434197425842,0.9986940026283264,0.9780386090278625,0.9713475108146667,0.831794023513794,0.8782173991203308,0.7478623390197754,0.9994033575057983,0.9576796889305115,0.8807806968688965,0.923149585723877,0.8570587038993835
3165,0.0,0.0,0.0,0.0,0.0,0.0,0.0,0.0,0.0,0.0,0.0,0.0,0.0,0.0,0.0,0.0
3168,0.0,0.0,0.0,0.0,0.0,0.0,0.0,0.0,0.0,0.0,0.0,0.0,0.0,0.0,0.0,0.0
3172,0.0,0.0,0.0,0.0,0.0,0.0,0.0,0.0,0.0,0.0,0.0,0.0,0.0,0.0,0.0,0.0
3173,0.0,0.0,0.0,0.0,0.0,0.0,0.0,0.0,0.0,0.0,0.0,0.0,0.0,0.0,0.0,0.0
3179,0.034858595579862595,0.0,0.21466109156608582,0.0,0.0,0.04198339954018593,0.1110510304570198,0.1940930038690567,0.0360650010406971,0.0,0.005285852588713169,0.08255764096975327,0.0320395790040493,0.01363743282854557,0.014581888914108276,0.0
3181,0.10109155625104904,0.737148106098175,0.06491368263959885,0.16729897260665894,0.7160218358039856,0.7442134022712708,0.42579102516174316,0.43626588582992554,0.34114351868629456,0.045541491359472275,0.12596026062965393,0.6454458832740784,0.03825449198484421,0.6317300200462341,0.08876728266477585,0.5120614171028137
3183,0.0,0.0,0.0,0.0,0.0,0.0,0.0,0.0,0.0,0.0,0.0,0.0,0.0,0.0,0.0,0.0
3187,0.0,0.0,0.0,0.2604958713054657,0.07573085278272629,0.0,0.0,0.0,0.0981052964925766,0.0,0.02070094831287861,0.0,0.01953515224158764,0.0,0.0,0.0848199650645256
3191,0.0,0.0,0.0,0.0,0.0,0.0,0.0,0.0,0.0,0.0,0.0,0.0,0.0,0.0,0.0,0.0
3192,0.0,0.0,0.008229083381593227,0.0,0.0,0.004820333328098059,0.0,0.0,0.0,0.0,0.0,0.0,0.0,0.0,0.0,0.0
3198,0.0,0.0,0.0,0.0,0.0,0.0,0.0,0.0,0.0,0.0,0.0,0.0,0.0,0.0,0.0,0.0
3204,0.18149977922439575,0.1632060408592224,0.0,0.18930040299892426,0.14411784708499908,0.0,0.16054736077785492,0.14920097589492798,0.26752859354019165,0.22475525736808777,0.14916786551475525,0.2256481796503067,0.0,0.0,0.16552734375,0.15407243371009827
3205,0.0,0.0,0.0,0.0,0.0,0.0,0.0,0.0,0.0,0.0,0.0,0.0,0.0,0.0,0.0,0.0
3207,0.7912694215774536,0.0,0.0,0.7078130841255188,0.3133963346481323,0.0,0.0,0.0,0.2527717053890228,0.0,0.0,0.3979920446872711,0.0,0.0,0.0,0.032255545258522034
3208,0.0,0.0,0.0,0.0,0.11039644479751587,0.0,0.0,0.0,0.0,0.0,0.0,0.0,0.0,0.0,0.0,0.0
3211,0.0,0.0,0.0,0.0,0.0,0.0,0.0,0.0,0.0,0.0,0.0,0.0,0.0,0.0,0.0,0.0
3212,0.08245400339365005,0.02063699997961521,0.0,0.05868449807167053,0.12266624718904495,0.0,0.07239750027656555,0.0,0.0,0.030609749257564545,0.13081200420856476,0.0,0.04270850121974945,0.0,0.15271349251270294,0.0
3217,0.0,0.0,0.0,0.0,0.0,0.0,0.0,0.0,0.0,0.0,0.0,0.0,0.0,0.0,0.0,0.0
3221,0.0,0.0,0.0,0.2329138070344925,0.15515321493148804,0.0,0.0,0.14230966567993164,0.009012660011649132,0.0,0.30839720368385315,0.2033279836177826,0.0,0.0,0.06430680304765701,0.0
3224,0.0,0.0,0.0,0.0,0.0,0.0,0.0,0.0,0.0,0.0,0.0,0.0,0.0,0.0,0.0,0.0
3228,0.0,0.0,0.0,0.0,0.0,0.0,0.0,0.0,0.0,0.0,0.0,0.0,0.0,0.0,0.0,0.0
3229,0.0,0.0,0.0,0.0,0.0,0.0,0.0,0.0,0.0,0.0,0.0,0.0,0.0,0.0,0.0,0.0
3231,0.48686134815216064,0.6312049031257629,0.7012102007865906,0.20734281837940216,0.8291797637939453,0.0,0.0,0.0,0.0,0.0,0.7146939039230347,0.0763126015663147,0.4953691065311432,0.18619367480278015,0.7636855840682983,0.7040010094642639
3233,0.0,0.0,0.0,0.0,0.0,0.0,0.0,0.0,0.0,0.0,0.0,0.0,0.0,0.0,0.0,0.0
3235,0.018793251365423203,0.12506766617298126,0.15232029557228088,0.3586621582508087,0.44703972339630127,0.27991339564323425,0.0,0.06715270131826401,0.1345546543598175,0.23768898844718933,0.0779607817530632,0.7350211143493652,0.2880099415779114,0.07741933315992355,0.44128358364105225,0.26013609766960144
3236,0.5782554745674133,0.0,0.0,0.0,0.0,0.0,0.0,0.0,0.8028048276901245,0.0,0.0,0.0,0.014108882285654545,0.0,0.0,0.0
3238,0.0,0.0,0.0,0.0,0.0,0.0,0.0,0.0,0.0,0.0,0.0,0.0,0.0,0.0,0.0,0.0
3246,0.2110820710659027,0.18683911859989166,0.1239771619439125,0.22701841592788696,0.15115037560462952,0.16535429656505585,0.08422452211380005,0.17856305837631226,0.1827738732099533,0.1375858634710312,0.16889120638370514,0.23082782328128815,0.27976465225219727,0.19588252902030945,0.27988964319229126,0.12283965945243835
3248,0.0,0.0,0.0,0.0,0.0,0.0,0.0,0.0,0.0,0.0,0.0,0.0,0.0,0.0,0.0,0.0
3251,0.0,0.0,0.0,0.0,0.0,0.0,0.0,0.0,0.0,0.0,0.0,0.0,0.0,0.0,0.0,0.0
3252,0.0,0.015533143654465675,0.0,0.0,0.0,0.0,0.0,0.0,0.0,0.0,0.0,0.0,0.0,0.0,0.0,0.0
3254,0.0,0.07295184582471848,0.0,0.013587410561740398,0.0,0.012770865112543106,0.058983031660318375,0.0,0.008360607549548149,0.0,0.2047593891620636,0.0,0.0,0.027521880343556404,0.0,0.0
3262,0.0,0.0,0.0,0.0,0.0,0.0,0.0,0.0,0.0,0.0,0.0,0.0,0.0,0.0,0.0,0.0
3265,0.0,0.0,0.0,0.0,0.0,0.0,0.0,0.0,0.0,0.0,0.0,0.0,0.01626734621822834,0.0,0.0,0.0
3267,0.0,0.0,0.0,0.0,0.0,0.0,0.0,0.0,0.0,0.0,0.0,0.0,0.0,0.0,0.0,0.0
3268,0.0,0.0,0.0,0.5249462127685547,0.0,0.0,0.0,0.0,0.03604566678404808,0.0,0.0,0.09861333668231964,0.0,0.0,0.0,0.0
3272,0.0,0.0,0.0,0.0,0.0,0.0,0.0,0.0,0.0,0.0,0.0,0.0,0.0,0.0,0.0,0.0
3281,0.0,0.024693647399544716,0.0,0.0,0.03123861737549305,0.0,0.009517182596027851,0.0,0.0,0.5508530139923096,0.0,0.0,0.0,0.0,0.011979473754763603,0.0
3282,0.0,0.0,0.0,0.0,0.0,0.0,0.0,0.0,0.0,0.0,0.0,0.0,0.0,0.0,0.0,0.0
3284,0.0,0.005039199721068144,0.04522478207945824,0.0,0.0,0.0,0.04742352291941643,0.0,0.0,0.0,0.0,0.0,0.0,0.0,0.0,0.0
3285,0.0,0.0,0.0,0.0,0.0,0.02155200019478798,0.6139017343521118,0.0,0.2888607382774353,0.18163400888442993,0.0,0.0,0.0,0.0,0.0,0.0
3291,0.0,0.0,0.0,0.0,0.0,0.0,0.0,0.0,0.0,0.0,0.0,0.0,0.0,0.0,0.0,0.0
3298,0.0,0.0,0.0,0.0,0.0,0.0,0.0,0.0,0.0,0.0,0.0,0.0,0.0,0.0,0.0,0.0
3301,0.0,0.3191852867603302,0.0,0.0,0.0,0.0,0.15516315400600433,0.16880232095718384,0.19225329160690308,0.15604226291179657,0.234063982963562,0.14804448187351227,0.2775048017501831,0.0,0.29229050874710083,0.2772524058818817
3302,0.0,0.0,0.0,0.07280320674180984,0.0,0.0,0.0,0.0,0.0,0.17711347341537476,0.0,0.0,0.0,0.0,0.0,0.1544198989868164
3303,0.007884470745921135,0.30918142199516296,0.7370731830596924,0.010477866977453232,0.08731292188167572,0.12013254314661026,0.2541530132293701,0.7531325221061707,0.3765338063240051,0.26707562804222107,0.6662538647651672,0.04828524962067604,0.08387786895036697,0.05831589922308922,0.18395358324050903,0.3726722002029419
3304,0.703041136264801,0.45442771911621094,0.23628509044647217,0.4548501670360565,0.27117952704429626,0.48774996399879456,0.07132317125797272,0.12009735405445099,0.5761095881462097,0.3700971007347107,0.12846817076206207,0.3209567666053772,0.2202073633670807,0.7856117486953735,0.3468807637691498,0.604943573474884
3307,0.0,0.0,0.0,0.0,0.0,0.0,0.0,0.0,0.0,0.0,0.0,0.0,0.0,0.0,0.0,0.0
3311,0.6137044429779053,0.07141981273889542,0.3868100941181183,0.18660256266593933,0.5084710121154785,0.4079950451850891,0.23950287699699402,0.07781998068094254,0.19860251247882843,0.5623815655708313,0.35442349314689636,0.2727365791797638,0.33996739983558655,0.3086799383163452,0.6087729930877686,0.1747797727584839
3312,0.0,0.0,0.0647578164935112,0.0,0.0,0.0,0.023693183436989784,0.0,0.0,0.0,0.0,0.0,0.0,0.0,0.0,0.0
3313,0.0,0.0,0.0,0.0,0.0,0.0,0.0,0.0,0.0,0.0,0.0,0.0,0.0,0.0,0.0,0.0
3314,0.2524062991142273,0.0,0.0,0.22948488593101501,0.25554776191711426,0.0,0.27527761459350586,0.0,0.0,0.22037281095981598,0.0,0.14519745111465454,0.0,0.1873028576374054,0.0,0.0
3316,0.4761781096458435,0.43091124296188354,0.0,0.0,0.21719060838222504,0.4306686818599701,0.057854004204273224,0.0,0.46012625098228455,0.461470365524292,0.20712898671627045,0.40664634108543396,0.0,0.27445340156555176,0.03547324985265732,0.4765763580799103
3318,0.0,0.0,0.0,0.0,0.0,0.0,0.0,0.0,0.0,0.0,0.0,0.0,0.0,0.0,0.0,0.0
3321,0.0,0.0,0.08419352769851685,0.0,0.0,0.0,0.0,0.0,0.04738378897309303,0.05619553104043007,0.0,0.0,0.0,0.0,0.0,0.0
3322,0.0,0.0,0.0,0.0,0.0,0.0,0.0,0.0,0.0,0.0,0.0,0.0,0.0,0.0,0.0,0.0
3323,0.0,0.0,0.27912500500679016,0.0,0.0,0.1030687466263771,0.0,0.0,0.0,0.0,0.0,0.0,0.0,0.0,0.0,0.0
3325,0.03273562714457512,0.0,0.0,0.021541578695178032,0.9621437788009644,0.0,0.0,0.0,0.08333319425582886,0.0,0.0,0.0,0.0,0.5520017743110657,0.0,0.0
3327,0.0,0.0,0.0,0.0,0.0,0.0,0.0,0.0,0.0,0.0,0.0,0.0,0.0,0.0,0.0,0.0
3330,0.0,0.0,0.10482604056596756,0.06318547576665878,0.16982577741146088,0.1772942990064621,0.16162467002868652,0.0,0.0,0.3759622573852539,0.0,0.0,0.0,0.15444834530353546,0.06390421837568283,0.055775854736566544
3337,0.0,0.0,0.0,0.0,0.0,0.0,0.0,0.0,0.0,0.0,0.0,0.0,0.0,0.0,0.0,0.0
3339,0.0,0.0,0.0,0.0,0.0,0.0,0.0,0.0,0.0,0.0,0.0,0.0,0.0,0.0,0.0,0.0
3340,0.3523787260055542,0.6906771659851074,0.06791073083877563,0.21267826855182648,0.7340498566627502,0.7053296566009521,0.8128279447555542,0.0,0.8412498831748962,0.8145691752433777,0.049331799149513245,0.44688329100608826,0.5821183323860168,0.5697148442268372,0.8726457357406616,0.0
3341,0.0,0.0,0.0,0.0,0.0,0.0,0.0,0.0,0.0,0.0,0.0,0.0,0.0,0.0,0.0,0.0
3342,0.0,0.0,0.0,0.0,0.0,0.0,0.0,0.0,0.0,0.0,0.0,0.0,0.0,0.0,0.0,0.0
3344,0.3038085103034973,0.7160749435424805,0.0,0.26778924465179443,0.21932250261306763,0.0,0.09383200109004974,0.26250699162483215,0.0,0.0,0.5877929925918579,0.2536274790763855,0.6816650032997131,0.8746602535247803,0.0,0.5363755226135254
3345,0.0,0.08864718675613403,0.10430046170949936,0.0,0.0,0.12224090844392776,0.0,0.014188000932335854,0.06495095044374466,0.005391047801822424,0.0,0.1493486762046814,0.047562699764966965,0.054742321372032166,0.0,0.016691863536834717
3351,0.005078926682472229,0.0,0.00803146418184042,0.0,0.0,0.0,0.0,0.006293163169175386,0.0,0.0,0.039141152054071426,0.0,0.02897559478878975,0.0,0.010680592618882656,0.0
3352,0.0,0.0,0.0,0.0,0.0,0.0,0.0,0.0,0.0,0.0,0.0,0.0,0.0,0.0,0.0,0.0
3356,0.0,0.0,0.004811791703104973,0.0,0.0,0.015365524217486382,0.010713761672377586,0.0,0.0,0.0,0.0,0.0,0.0,0.0,0.0,0.011656000278890133
3360,0.31540578603744507,0.16046872735023499,0.3016355335712433,0.0,0.0,0.0,0.2372949719429016,0.0,0.0,0.2675830125808716,0.0,0.0,0.0,0.29321974515914917,0.0,0.0
3361,0.346874862909317,0.0,0.43967655301094055,0.0,0.0,0.4791952967643738,0.0,0.26634034514427185,0.0,0.27295345067977905,0.6953765153884888,0.5621234774589539,0.1809028685092926,0.0,0.0,0.0
3362,0.30945849418640137,0.4238823354244232,0.7756460309028625,0.22448143362998962,0.706817626953125,0.0,0.30778735876083374,0.3366057574748993,0.20457427203655243,0.14457106590270996,0.985775351524353,0.4314747154712677,0.4019849896430969,0.32871049642562866,0.3061333894729614,0.8965345621109009
3363,0.0,0.44315725564956665,0.0,0.0,0.0,0.0,0.0,0.0,0.0,0.0,0.0,0.0,0.0,0.0,0.0,0.18866579234600067
3365,0.0,0.0,0.0,0.0,0.0,0.0,0.0,0.0,0.0,0.32725000381469727,0.0,0.0,0.0,0.014918619766831398,0.0,0.0
3367,0.0,0.0,0.0,0.0,0.0,0.0,0.0,0.0,0.0,0.0,0.0,0.0,0.0,0.0,0.0,0.0
3368,0.0,0.0,0.0,0.0,0.0,0.0,0.0,0.0,0.0,0.0,0.0,0.0,0.0,0.0,0.0,0.0
3369,0.0,0.0,0.0,0.0,0.0,0.0,0.0,0.0,0.0,0.0,0.0,0.0,0.0,0.0,0.0,0.0
3371,0.0,0.0,0.0,0.0,0.0,0.0,0.0,0.0,0.0,0.0,0.0,0.0,0.0,0.0,0.0,0.0
3373,0.0,0.0,0.0,0.0,0.0,0.0,0.0,0.0,0.0,0.0,0.0,0.0,0.0,0.0,0.0,0.0
3374,0.0,0.0,0.043352752923965454,0.0,0.0,0.004648428875952959,0.00651168217882514,0.0,0.00962930079549551,0.0,0.0,0.0,0.019408751279115677,0.02153981849551201,0.0,0.0
3376,0.0,0.0,0.161077082157135,0.0,0.0,0.0,0.0,0.0,0.12220863997936249,0.0,0.0,0.0,0.0,0.0,0.0,0.0
3381,0.0,0.0,0.0,0.0,0.0,0.0,0.0,0.0,0.0,0.0,0.0,0.0,0.0,0.0,0.0,0.0
3382,0.031125998124480247,0.0,0.0,0.0,0.0,0.0,0.0,0.0,0.0,0.0,0.0,0.0,0.0,0.0,0.0,0.0
3391,0.0,0.0,0.0,0.0,0.0,0.0,0.0,0.0,0.0,0.0,0.0,0.0,0.0,0.0,0.0,0.0
3392,0.34892964363098145,0.0,0.0,0.2484164834022522,0.0,0.0,0.30418452620506287,0.0,0.0,0.0,0.00546129047870636,0.0,0.031165247783064842,0.0,0.13846305012702942,0.07540114969015121
3393,0.0,0.0,0.0,0.0,0.0,0.0,0.0,0.0,0.0,0.0,0.0,0.0,0.0,0.0,0.0,0.0
3397,0.0,0.0,0.0,0.0,0.0,0.0,0.0,0.0,0.0,0.0,0.0,0.0,0.0,0.0,0.0,0.0
3399,0.0,0.0,0.0,0.0,0.0,0.0,0.0,0.0,0.0,0.0,0.0,0.0,0.0,0.0,0.0,0.0
3401,0.0,0.0,0.0,0.0,0.0,0.0,0.0,0.4369014501571655,0.0,0.33959412574768066,0.0,0.0,0.0,0.08531080186367035,0.0,0.012180999852716923
3404,0.0,0.0,0.0,0.0,0.0,0.0,0.0,0.0,0.0,0.0,0.0,0.0,0.0,0.0,0.0,0.0
3407,0.0,0.0,0.0,0.0,0.0,0.0,0.0,0.0,0.0,0.0,0.0,0.0,0.0,0.0,0.0,0.0
3411,0.0,0.0,0.0,0.0,0.0,0.0,0.0,0.0,0.0,0.0,0.0,0.0,0.0,0.012156952172517776,0.0,0.0
3415,0.0,0.0,0.02676517888903618,0.0,0.0,0.0,0.0,0.0,0.0,0.0,0.0,0.0,0.0,0.0,0.0,0.0
3416,0.0,0.0,0.0,0.0,0.0,0.0,0.0,0.0,0.0,0.0,0.0,0.0,0.0,0.0,0.0,0.0
3424,0.01109509076923132,0.0,0.0,0.0,0.009010093286633492,0.0,0.0,0.0,0.0,0.02214868552982807,0.0,0.0,0.0,0.019934415817260742,0.0,0.03416280448436737
3425,0.0,0.0,0.0,0.0,0.0,0.0,0.0,0.0,0.0,0.0,0.0,0.0,0.0,0.0,0.0,0.0
3427,0.03444986417889595,0.04946517199277878,0.06423036009073257,0.0,0.0,0.0,0.08249755203723907,0.0,0.03690802678465843,0.023070694878697395,0.0,0.06696972250938416,0.0,0.0,0.004204220604151487,0.06044983118772507
3432,0.0,0.13314466178417206,0.0,0.2123863697052002,0.0,0.1443551927804947,0.0,0.14017316699028015,0.0,0.1315312385559082,0.0,0.0,0.0,0.15078705549240112,0.0,0.0
3435,0.0,0.0,0.005924000404775143,0.0,0.0,0.0,0.0,0.0,0.0,0.0,0.0,0.0,0.0,0.0,0.0,0.004426999948918819
3436,0.0,0.0,0.0,0.0,0.0,0.0,0.0,0.0,0.0,0.0,0.0,0.0,0.0,0.0,0.0,0.0
3442,0.0,0.0,0.0,0.0,0.0,0.0,0.0,0.0,0.0,0.0,0.0,0.0,0.0,0.0,0.0,0.0
3443,0.0,0.0,0.03861968591809273,0.0,0.0,0.0,0.0,0.021012116223573685,0.0,0.0,0.0,0.0,0.0,0.05158941075205803,0.0,0.0
3444,0.0,0.0,0.0,0.0,0.0,0.0,0.0,0.0,0.0,0.0,0.0,0.0,0.0,0.0,0.0,0.0
3451,0.16525891423225403,0.0,0.0,0.0,0.04523243382573128,0.0,0.0,0.013470178470015526,0.3630801737308502,0.0,0.0,0.0,0.0,0.0,0.0,0.0
3453,0.0,0.0,0.0,0.0,0.0,0.0,0.0,0.0,0.0,0.0,0.0,0.0,0.0,0.0,0.0,0.0
3454,0.0,0.0,0.0,0.0,0.0,0.0,0.0,0.0,0.0,0.0,0.0,0.0,0.0,0.0,0.0,0.0
3456,0.0,0.0,0.04958368092775345,0.0,0.0,0.0,0.0,0.0,0.012396099977195263,0.0,0.0,0.018463600426912308,0.0,0.0,0.0,0.0
3458,0.0,0.0,0.0,0.0,0.0,0.0,0.0,0.0,0.0,0.0,0.0,0.0,0.0,0.0,0.0,0.0
3460,0.19728189706802368,0.022991986945271492,0.23376281559467316,0.19600042700767517,0.23984132707118988,0.30430641770362854,0.0,0.26384055614471436,0.03126392886042595,0.0,0.2601146399974823,0.0,0.17717106640338898,0.0,0.0,0.15227636694908142
3463,0.0,0.0,0.0,0.0,0.0,0.0,0.0,0.0,0.0,0.0,0.0,0.0,0.0,0.0,0.0,0.0
3464,0.0,0.0,0.0,0.0,0.0,0.0,0.0,0.0,0.0,0.0,0.0,0.0,0.0,0.0,0.0,0.0
3467,0.0,0.0,0.0,0.0,0.0,0.0,0.0,0.0,0.0,0.0,0.0,0.0,0.0,0.0,0.0,0.0
3468,0.0,0.0,0.0,0.0,0.0,0.0,0.0,0.0,0.0,0.0,0.0,0.0,0.0,0.0,0.0,0.0
3470,0.0,0.0,0.050024911761283875,0.0,0.0,0.0,0.0,0.0,0.0,0.0,0.0,0.0,0.0,0.0,0.0,0.0
3473,0.0,0.0,0.0351082943379879,0.0,0.0,0.0,0.01515199989080429,0.0,0.0,0.0,0.0,0.0,0.007870900444686413,0.01605413667857647,0.0,0.0
3479,0.0,0.0,0.0,0.0,0.0,0.0,0.0,0.0,0.0,0.0,0.0,0.0,0.0,0.0,0.0,0.0
3485,0.0,0.0,0.0,0.0,0.0,0.0,0.0,0.0,0.0,0.0,0.0,0.0,0.0,0.0,0.0,0.0
3490,0.0,0.0,0.0,0.0,0.0,0.0,0.0,0.0,0.0,0.0,0.0,0.0,0.0,0.0,0.0,0.0
3492,0.0,0.0,0.0,0.0,0.0,0.0,0.0,0.0,0.0,0.0,0.0,0.0,0.0,0.0,0.0,0.0
3496,0.0,0.038876697421073914,0.01799839176237583,0.0,0.0,0.0,0.0,0.0,0.0068895453587174416,0.0,0.026075856760144234,0.03955481946468353,0.0,0.03915654495358467,0.0,0.0
3498,0.0,0.06113540008664131,0.05154263228178024,0.0,0.0,0.0,0.1315162181854248,0.05802895873785019,0.043979544192552567,0.10027414560317993,0.0,0.039091795682907104,0.0,0.0,0.0,0.014619509689509869
3501,0.0,0.0,0.05259867012500763,0.0,0.0,0.0,0.0,0.0,0.0,0.0,0.0,0.0,0.0,0.0,0.0,0.0
3502,0.0,0.0,0.10222427546977997,0.0,0.0,0.0,0.0,0.0,0.0,0.0,0.0,0.0,0.0,0.0,0.0,0.0
3503,0.17070704698562622,0.0,0.0,0.06417468190193176,0.0,0.0,0.1243605837225914,0.0,0.11242198944091797,0.0,0.0,0.132350891828537,0.13048706948757172,0.09538715332746506,0.10827262699604034,0.0
3504,0.0,0.0,0.0,0.3050850033760071,0.0,0.0,0.0,0.0,0.0,0.0,0.0,0.4092310070991516,0.0,1.0,0.21107299625873566,0.0
3505,0.0,0.0,0.0,0.0,0.0,0.0,0.0,0.0,0.0,0.0,0.0,0.0,0.0,0.0,0.0,0.0
3508,0.21688485145568848,0.13354118168354034,0.25625303387641907,0.0,0.0,0.0,0.16863447427749634,0.15131255984306335,0.20989520847797394,0.0,0.32400792837142944,0.23090095818042755,0.15663979947566986,0.0,0.2291770726442337,0.2514610290527344
3509,0.26572883129119873,0.4137714207172394,0.15283824503421783,0.20777015388011932,0.25344395637512207,0.23211808502674103,0.08647111058235168,0.20994867384433746,0.14884372055530548,0.13846266269683838,0.09386717528104782,0.24378784000873566,0.0,0.0,0.7595090270042419,0.09706760942935944
3511,0.0,0.0,0.0,0.0,0.0,0.0,0.0,0.0,0.0,0.0,0.0,0.0,0.0,0.0,0.0,0.0
3519,0.0,0.0,0.0,0.0,0.0,0.0,0.0,0.0,0.0,0.0,0.0,0.0,0.0,0.0,0.0,0.0
3525,0.0,0.0,0.0,0.0,0.0,0.0,0.0,0.0,0.0,0.0,0.0,0.0,0.0,0.0,0.0,0.0
3526,0.0,0.0,0.0,0.0,0.0,0.0,0.0,0.0,0.0,0.0,0.0,0.0,0.0,0.0,0.0,0.0
3527,0.0,0.0,0.0,0.0,0.0,0.0,0.0,0.0,0.0,0.0,0.0,0.0,0.0,0.0,0.0,0.0
3533,0.0,0.0,0.0,0.0,0.0,0.0,0.0,0.0,0.0,0.0,0.0,0.0,0.0,0.0,0.0,0.0
3537,0.0,0.0,0.0,0.0,0.0,0.0,0.0,0.0,0.0,0.0,0.0,0.0,0.0,0.0,0.0,0.0
3538,0.07607966661453247,0.0,0.020434044301509857,0.0057187145575881,0.010692300274968147,0.004331545438617468,0.0,0.0,0.014469143934547901,0.011237714439630508,0.0,0.0,0.009464999660849571,0.011541908606886864,0.0,0.0
3540,0.0,0.0,0.0,0.0,0.0,0.0,0.0,0.0,0.0,0.0,0.0,0.0,0.0,0.0,0.0,0.0
3541,0.0,0.0,0.0,0.0,0.0,0.0,0.0,0.0,0.0,0.0,0.0,0.0,0.0,0.0,0.0,0.0
3542,0.0,0.0,0.0,0.0,0.0,0.0,0.0,0.0,0.0,0.0,0.0,0.0,0.0,0.0,0.0,0.0
3545,0.0,0.0,0.0,0.0,0.0,0.0,0.0,0.0,0.0,0.0,0.0,0.0,0.0,0.0,0.0,0.0
3546,0.20461885631084442,0.01136358454823494,0.13978703320026398,0.1910334974527359,0.31008145213127136,0.0,0.13711874186992645,0.0,0.0,0.0,0.283540278673172,0.22024695575237274,0.0,0.0,0.23828941583633423,0.0
3547,0.17350603640079498,0.24116109311580658,0.0,0.0,0.0,0.0,0.16200444102287292,0.0,0.3563767373561859,0.11257016658782959,0.16827858984470367,0.18810123205184937,0.0,0.0,0.0,0.21916458010673523
3549,0.0,0.0,0.0,0.0,0.0,0.0,0.0,0.0,0.0,0.0,0.0,0.0,0.0,0.0,0.0,0.0
3552,0.0,0.06134999915957451,0.09051236510276794,0.0,0.0,0.0,0.0,0.012324810028076172,0.07705805450677872,0.0,0.0,0.09742500633001328,0.010052250698208809,0.045639049261808395,0.03543525189161301,0.0032774785067886114
3554,0.0,0.9894485473632812,0.0,0.0,0.0,0.0,0.0,0.0,0.9794998168945312,0.0,0.0,0.0,0.0,0.0,0.0,0.0
3558,0.0,0.0,0.0,0.0,0.0,0.0,0.0,0.0,0.0,0.0,0.0,0.0,0.0,0.0,0.0,0.0
3559,0.8597163558006287,0.8681493997573853,0.4896964430809021,0.9158884882926941,0.832575798034668,0.7666302919387817,0.9579245448112488,0.962495744228363,0.0,0.8567135334014893,0.9584885239601135,0.7926943302154541,0.0,0.9508545398712158,0.8968051075935364,0.8172948956489563
3563,0.0,0.0,0.0508117750287056,0.0,0.0,0.0,0.0,0.0,0.0,0.0,0.0,0.0,0.0,0.0,0.0,0.0
3565,0.0,0.0,0.0,0.0,0.0,0.0,0.0,0.0,0.0,0.0,0.0,0.0,0.0,0.0,0.0,0.0
3566,0.0,0.09361852705478668,0.09740214794874191,0.08486901968717575,0.0,0.0,0.1813260018825531,0.06524869054555893,0.0,0.09929952025413513,0.0,0.1626431792974472,0.0,0.12822434306144714,0.0,0.0
3568,0.0,0.0,0.0,0.0,0.0,0.0,0.0,0.0,0.0,0.0,0.0,0.0,0.0,0.0,0.0,0.0
3570,0.0,0.0,0.0,0.0,0.0,0.0,0.0,0.0,0.0,0.0,0.0,0.0,0.0,0.0,0.0,0.0
3572,0.0,0.0,0.0,0.0,0.0,0.0,0.0,0.0,0.0,0.0,0.0,0.0,0.0,0.0,0.0,0.0
3573,0.1295459121465683,0.0325416661798954,0.05482761189341545,0.07100425660610199,0.1737903505563736,0.12027634680271149,0.03968561813235283,0.07427265495061874,0.04464888572692871,0.0,0.0,0.0,0.06602165102958679,0.0,0.03726504370570183,0.0
3575,0.0,0.24294695258140564,0.0,0.0,0.21705566346645355,0.0,0.22600851953029633,0.164455845952034,0.0,0.13332828879356384,0.0,0.13497336208820343,0.0,0.21867886185646057,0.0,0.0
3578,0.0,0.0,0.08588282018899918,0.0,0.0,0.0,0.0,0.0,0.0,0.0,0.0,0.0,0.0,0.0,0.0,0.0
3579,0.0,0.0,0.0,0.0,0.0,0.0,0.0,0.0,0.0,0.0,0.0,0.0,0.0,0.0,0.0,0.0
3581,0.0,0.0,0.0,0.0,0.0,0.0,0.0,0.0,0.0,0.0,0.0,0.0,0.0,0.0,0.0,0.0
3582,0.0,0.0,0.0,0.0,0.0,0.0,0.0,0.0,0.0,0.0,0.0,0.0,0.0,0.0,0.0,0.0
3583,0.0,0.0,0.0,0.0,0.0,0.0,0.0,0.0,0.0,0.0,0.0,0.0,0.0,0.0,0.0,0.0
3587,0.0,0.0,0.0,0.0,0.0,0.0,0.0,0.0,0.0,0.0,0.0,0.0,0.0,0.0,0.0,0.0
3588,0.0,0.0,0.0,0.0,0.0,0.0,0.0,0.0,0.0,0.0,0.0,0.0,0.0,0.0,0.0,0.0
3592,0.0,0.0,0.0,0.0,0.0,0.0,0.0,0.0,0.0,0.0,0.0,0.0,0.0,0.0,0.0,0.0
3593,0.0,0.0,0.03641824051737785,0.018286889418959618,0.0,0.1257898509502411,0.0,0.0,0.0,0.0,0.0,0.16154031455516815,0.0,0.0,0.2314355969429016,0.375325083732605
3596,0.0,0.0,0.09895235300064087,0.0,0.0,0.0,0.0,0.0,0.0,0.07068175077438354,0.0,0.0633014664053917,0.0443129800260067,0.031134845688939095,0.00853572878986597,0.0
3598,0.0,0.0,0.0,0.0,0.0,0.0,0.0,0.0,0.0,0.0,0.0,0.0,0.0,0.0,0.0,0.0
3601,0.0,0.0,0.0,0.10181873291730881,0.0,0.13788318634033203,0.0,0.0,0.13857358694076538,0.0,0.14037325978279114,0.1648450791835785,0.0,0.0,0.1314089298248291,0.22849030792713165
3602,0.9505985379219055,0.8671717643737793,0.9152061343193054,0.9675034284591675,0.900201141834259,0.9601362943649292,0.9757927656173706,0.804070234298706,0.975797176361084,0.7975812554359436,0.871809184551239,0.9983369708061218,0.9080141186714172,0.9715995192527771,0.8508784770965576,0.6764323115348816
3606,0.0,0.0,0.0,0.0,0.0,0.0,0.0,0.0,0.0,0.0,0.0,0.0,0.0,0.0,0.0,0.0
3607,0.09140762686729431,0.03975638002157211,0.0,0.0,0.0,0.0,0.08172930777072906,0.0,0.0,0.0,0.055716417729854584,0.13825079798698425,0.038672614842653275,0.08783736824989319,0.0,0.10297489166259766
3608,0.0,0.0,0.0,0.0,0.0,0.0,0.0,0.0,0.0,0.0,0.0,0.0,0.0,0.0,0.0,0.0
3610,0.06432360410690308,0.0,0.31365150213241577,0.0,0.0,0.0,0.14107966423034668,0.0,0.0,0.0,0.0,0.0,0.3929620087146759,0.0,0.0,0.23416799306869507
3611,0.0,0.2481662780046463,0.23483894765377045,0.31684890389442444,0.21782995760440826,0.0,0.24927638471126556,0.14274056255817413,0.0,0.0,0.13412870466709137,0.2509543299674988,0.2713960111141205,0.0,0.26839134097099304,0.0
3612,0.06315526366233826,0.0,0.041021622717380524,0.0,0.14602923393249512,0.050337690860033035,0.06152469664812088,0.0,0.03315800055861473,0.0,0.017488017678260803,0.05173565074801445,0.0,0.058900944888591766,0.0,0.0
3619,0.0,0.0,0.0,0.14686693251132965,0.22566767036914825,0.15150186419487,0.21823108196258545,0.10538358986377716,0.3537505269050598,0.0,0.24190287292003632,0.0,0.0,0.2172548770904541,0.24789904057979584,0.0
3620,0.0,0.13312757015228271,0.015138166956603527,0.0,0.026660166680812836,0.02578483335673809,0.0,0.13065499067306519,0.013881600461900234,0.0,0.0,0.0,0.0,0.03676416724920273,0.0470428392291069,0.0
3624,0.0,0.24262315034866333,0.1787487268447876,0.03464910015463829,0.0,0.22594906389713287,0.0,0.0,0.16271665692329407,0.216347798705101,0.08932952582836151,0.1421986222267151,0.21624301373958588,0.20253801345825195,0.0,0.2192232459783554
3628,0.0,0.0,0.0,0.0,0.0,0.0,0.0,0.0,0.0,0.0,0.0,0.0,0.0,0.0,0.0,0.0
3630,0.02926771156489849,0.03556323051452637,0.0434517078101635,0.5227727293968201,0.015145482495427132,0.6377978920936584,0.02649676986038685,0.04548685997724533,0.04084934666752815,0.0,0.031514521688222885,0.16500124335289001,0.04534759372472763,0.02612481266260147,0.6444332599639893,0.3678630590438843
3632,0.0,0.0,0.0,0.0,0.0,0.0,0.0,0.0,0.0,0.0,0.0,0.0,0.0,0.0,0.0,0.0
3634,0.0,0.0,0.0,0.0,0.0,0.0,0.18382009863853455,0.15890076756477356,0.0,0.0,0.0,0.12244658172130585,0.0,0.0,0.0,0.0
3636,0.20923204720020294,0.0,0.2838839292526245,0.0,0.2723190486431122,0.0,0.0,0.0,0.15788546204566956,0.0,0.23752251267433167,0.21521592140197754,0.2801218032836914,0.0,0.0,0.2791270613670349
3637,0.0,0.31826791167259216,0.15052521228790283,0.0,0.16818763315677643,0.244613379240036,0.12625378370285034,0.0,0.11765390634536743,0.37529170513153076,0.16457800567150116,0.08337825536727905,0.051540687680244446,0.0,0.010130222886800766,0.05427116900682449
3638,0.0,0.0,0.0,0.0,0.0,0.0,0.0,0.0,0.0,0.0,0.0,0.0,0.0,0.0,0.0,0.0
3639,0.0,0.0,0.0,0.0,0.0,0.0,0.0,0.0,0.0,0.0,0.0,0.0,0.0,0.0,0.0,0.0
3640,0.017448000609874725,0.7780632972717285,0.10508384555578232,0.7387344837188721,0.9594986438751221,0.0,0.2343006134033203,0.015314455144107342,0.0,0.030380750074982643,0.0,0.07765340059995651,0.0,0.11804507672786713,0.06214724853634834,0.12022989243268967
3642,0.10816120356321335,0.24289801716804504,0.10150959342718124,0.0,0.0,0.0,0.0,0.0,0.2351740002632141,0.0,0.0,0.0,0.15154583752155304,0.09007660299539566,0.02985600009560585,0.0
3644,0.0,0.5899611711502075,0.0,0.0,0.0,0.2849183678627014,0.019247110933065414,0.601337730884552,0.7011085152626038,0.7111942172050476,0.0,0.0,0.0,0.0,0.0,0.0
3645,0.2671204209327698,0.050344571471214294,0.08329743146896362,0.0,0.0,0.0,0.0,0.0,0.0,0.0,0.059060998260974884,0.0,0.08293550461530685,0.0,0.0,0.0
3648,0.0,0.0,0.0,0.0,0.0,0.0,0.0,0.0,0.0,0.0,0.0,0.0,0.0,0.0,0.0,0.0
3649,0.0,0.0,0.02994968183338642,0.0,0.0,0.0,0.0,0.0,0.015617157332599163,0.0,0.0,0.0,0.0,0.009704421274363995,0.0,0.0
3651,0.0,0.0,0.0,0.11606258153915405,0.0,0.0,0.0,0.0,0.110753633081913,0.0,0.0,0.0,0.0,0.0,0.0,0.15320786833763123
3652,0.0,0.0,0.0,0.0,0.0,0.0,0.0,0.0,0.0,0.0,0.0,0.0,0.0,0.0,0.0,0.0
3655,0.1539989411830902,0.0,0.0,0.13001084327697754,0.0,0.15680190920829773,0.14909079670906067,0.09750517457723618,0.0,0.1170358806848526,0.0,0.12240952253341675,0.0,0.1581221967935562,0.2103685885667801,0.0
3661,0.0,0.0,0.0,0.0,0.0,0.0,0.0,0.0,0.0,0.0,0.0,0.0,0.0,0.0,0.0,0.0
3663,0.0,0.0,0.0,0.0,0.0,0.0,0.0,0.0,0.0,0.0,0.0,0.0,0.0,0.0,0.0,0.0
3664,0.0,0.0,0.21919703483581543,0.0,0.0,0.0,0.0,0.0,0.0,0.11756426841020584,0.0,0.0,0.0,0.16478297114372253,0.0,0.0
3666,0.0,0.0,0.11938700079917908,0.0,0.0,0.0,0.0,0.0,0.3243269920349121,0.0,0.0,0.0,0.0,0.0,0.0,0.0
3669,0.0,0.0,0.0,0.19398555159568787,0.0,0.0,0.0,0.0,0.12284746021032333,0.0,0.06569340080022812,0.1382296085357666,0.19821034371852875,0.16757114231586456,0.3234235346317291,0.0
3671,0.0,0.0,0.0,0.0,0.0,0.0,0.0,0.0,0.0,0.0,0.0,0.0,0.0,0.0,0.0,0.0
3673,0.0,0.0,0.0,0.0,0.0,0.0,0.0,0.0,0.0,0.0,0.0,0.0,0.0,0.0,0.0,0.0
3677,0.0,0.0,0.0,0.0,0.0,0.0,0.0,0.0,0.0,0.0,0.0,0.0,0.0,0.0,0.0,0.0
3680,0.0,0.0,0.0,0.0,0.0,0.0,0.0,0.0,0.0,0.0,0.0,0.0,0.0,0.0,0.0,0.0
3681,0.24747593700885773,0.24318969249725342,0.0,0.0,0.27779537439346313,0.0,0.0,0.14729644358158112,0.0,0.0,0.23379924893379211,0.19832558929920197,0.3185632824897766,0.26408079266548157,0.3346045911312103,0.0
3682,0.3265143930912018,0.0,0.0,0.2905561327934265,0.0,0.19037149846553802,0.24507953226566315,0.0,0.22989940643310547,0.2527022063732147,0.31140634417533875,0.0,0.2420511692762375,0.0,0.0,0.31858110427856445
3684,0.01840742863714695,0.14924781024456024,0.0,0.0,0.1351751685142517,0.0723000019788742,0.0,0.0,0.0,0.0,0.0,0.03359819948673248,0.021800430491566658,0.0,0.0,0.0
3685,0.0,0.0,0.0,0.0,0.0,0.0,0.0,0.0,0.0,0.0,0.0,0.0,0.0,0.0,0.0,0.0
3687,0.0,0.0,0.0,0.0,0.0,0.0,0.0,0.0,0.0,0.0,0.0,0.0,0.0,0.0,0.0,0.0
3690,0.0,0.0,0.0,0.0,0.0,0.0,0.0,0.0,0.0,0.0,0.0,0.0,0.0,0.0,0.0,0.0
3692,0.0,0.0,0.0,0.0,0.0,0.0,0.0,0.0,0.0,0.0,0.0,0.0,0.0,0.0,0.0,0.0
3693,0.0,0.0,0.0,0.0,0.0,0.0,0.0,0.0,0.0,0.0,0.0,0.0,0.0,0.0,0.0,0.0
3694,0.0,0.10449480265378952,0.0,0.0,0.0,0.0,0.0,0.0,0.0,0.0,0.0,0.0,0.0,0.0,0.0,0.0
3695,0.0,0.0,0.0,0.0,0.0,0.0,0.0,0.0,0.0,0.0,0.0,0.0,0.0,0.0,0.0,0.0
3696,0.0,0.0,0.0,0.0,0.0,0.0,0.0,0.0,0.0,0.0,0.0,0.0,0.0,0.0,0.0,0.0
3698,0.0,0.0,0.0,0.0,0.0,0.0,0.0,0.0,0.0,0.0,0.0,0.0,0.0,0.0,0.0,0.0
3699,0.0,0.0,0.0,0.0,0.0,0.0,0.0,0.0,0.0,0.0,0.0,0.0,0.0,0.0,0.0,0.0
3701,0.0,0.04004809260368347,0.053098905831575394,0.0,0.0,0.04557529836893082,0.0,0.0,0.0,0.0,0.0,0.0,0.0,0.0,0.032903749495744705,0.0
3702,0.0,0.0,0.0,0.0,0.0,0.0,0.0,0.0,0.0,0.0,0.0,0.0,0.0,0.0,0.0,0.0
3703,0.0,0.0,0.0,0.0,0.0,0.0,0.015244725160300732,0.0,0.0,0.0,0.0,0.0,0.0,0.0,0.0,0.0
3704,0.0,0.0,0.0,0.0,0.0,0.0,0.0,0.0,0.0,0.0,0.0,0.0,0.0,0.0,0.0,0.0
3705,0.0,0.03813730552792549,0.014122217893600464,0.0,0.0,0.0,0.0,0.0,0.0,0.0,0.00948247592896223,0.03731100261211395,0.0,0.040125638246536255,0.0,0.0
3706,0.25044599175453186,0.7947701811790466,0.7659175395965576,0.0,0.7352058291435242,0.656446635723114,0.8210712671279907,0.037484750151634216,0.8544031977653503,0.7749858498573303,0.7111109495162964,0.6282742023468018,0.3551211655139923,0.7896243333816528,0.0731368213891983,0.7544313073158264
3711,0.9395167231559753,0.8310391902923584,0.7353165745735168,0.9701445698738098,0.8875808119773865,0.9363263249397278,0.9855272173881531,0.676477313041687,0.9891915321350098,0.8935855627059937,0.9970024824142456,0.0,0.9535332918167114,0.8779481053352356,0.9440634846687317,0.9885827302932739
3714,0.0,0.0,0.0,0.0,0.0,0.0,0.0,0.0,0.0,0.0,0.0,0.0,0.0,0.0,0.0,0.0
3715,0.0,0.0,0.0,0.0,0.0,0.0,0.0,0.0,0.0,0.0,0.0,0.0,0.0,0.0,0.0,0.0
3718,0.0,0.0,0.0,0.0,0.0,0.0,0.0,0.0,0.0,0.0,0.0,0.0,0.0,0.0,0.0,0.0
3720,0.0,0.0,0.0,0.0,0.0,0.0,0.0,0.0,0.0,0.0,0.0,0.0,0.0,0.0,0.0,0.0
3723,0.0,0.0,0.0,0.0,0.0,0.0,0.0,0.0,0.0,0.0,0.0,0.0,0.0,0.0,0.0,0.0
3725,0.24113430082798004,0.0,0.0,0.0,0.06657896190881729,0.0,0.0,0.06377945095300674,0.0,0.1431024819612503,0.0,0.0,0.14448101818561554,0.0,0.04280077666044235,0.056433115154504776
3728,0.0,0.0,0.0,0.0,0.0,0.0,0.0,0.0,0.0,0.0,0.0,0.0,0.0,0.0,0.0,0.0
3732,0.0,0.0,0.0,0.0,0.0,0.0,0.0,0.0,0.0,0.0,0.0,0.0,0.0,0.0,0.0,0.0
3733,0.0,0.0,0.0,0.0,0.0,0.0,0.0,0.0,0.0,0.0,0.0,0.0,0.0,0.0,0.0,0.0
3735,0.0,0.0,0.0,0.0,0.0,0.0,0.0,0.0,0.0,0.0,0.0,0.0,0.0,0.0,0.0,0.0
3738,0.0,0.0,0.0,0.0,0.0,0.0,0.0,0.0,0.0,0.0,0.0,0.0,0.0,0.0,0.0,0.0
3739,0.5456563234329224,0.4758351743221283,0.32860422134399414,0.36106789112091064,0.28720441460609436,0.3403995931148529,0.33203545212745667,0.5320934057235718,0.4461756646633148,0.5229564905166626,0.3189297914505005,0.27149707078933716,0.2703515589237213,0.4238665997982025,0.34361299872398376,0.3253237009048462
3741,0.0,0.03391287103295326,0.027212001383304596,0.0,0.0,0.0,0.0,0.0,0.0,0.0,0.01945338025689125,0.018234869465231895,0.0,0.03864813596010208,0.0,0.004053521901369095
3742,0.0,0.10589420795440674,0.0,0.0,0.07111387699842453,0.0,0.0,0.11124829947948456,0.17964182794094086,0.0,0.0,0.0,0.0,0.08104030042886734,0.0,0.02816667966544628
3748,0.0,0.0,0.0,0.0,0.0,0.0,0.0,0.0,0.0,0.0,0.0,0.0,0.0,0.0,0.0,0.0
3749,0.0,0.0,0.0,0.0,0.0,0.006304250098764896,0.0,0.0,0.0,0.0,0.0,0.0,0.0,0.0,0.0,0.0
3755,0.0,0.0,0.09126798808574677,0.0,0.05796337127685547,0.0,0.18380798399448395,0.0,0.09226512908935547,0.03932781517505646,0.0,0.1396791636943817,0.0,0.02410089410841465,0.12273268401622772,0.06695473939180374
3756,0.0,0.0,0.0,0.0,0.0,0.0,0.0,0.0,0.0,0.0,0.0,0.0,0.0,0.0,0.0,0.0
3759,0.0,0.0,0.0,0.0,0.0,0.0,0.0,0.0,0.0,0.0,0.0,0.0,0.0,0.0,0.0,0.0
3763,0.0,0.0,0.0,0.0,0.0,0.0,0.0,0.0,0.0,0.0,0.0,0.0,0.0,0.0,0.0,0.0
3765,0.1618749052286148,0.0,0.0,0.26082563400268555,0.27930471301078796,0.1385163962841034,0.0,0.08311444520950317,0.11663094907999039,0.0,0.08702404052019119,0.0,0.0,0.0,0.0,0.15757033228874207
3767,0.0,0.0,0.0,0.0,0.0,0.0,0.0,0.0,0.0,0.0,0.0,0.0,0.0,0.0,0.0,0.0
3769,0.0,0.0,0.0,0.0,0.0,0.0,0.0,0.0,0.0,0.0,0.0,0.0,0.0,0.0,0.0,0.0
3772,0.0,0.0,0.0,0.0683559998869896,0.0,0.0,0.0,0.0,0.0,0.0,0.0,0.0,0.0,0.0,0.0,0.0
3774,0.062400925904512405,0.0,0.0,0.0,0.07999439537525177,0.0,0.10740145295858383,0.07544516026973724,0.044265661388635635,0.0438823364675045,0.10201586037874222,0.019643913954496384,0.0,0.0,0.0,0.0
3777,0.0,0.0,0.0,0.0,0.0,0.0,0.0,0.0,0.0,0.0,0.0,0.0,0.0,0.0,0.0,0.0
3778,0.0,0.0,0.0,0.0,0.0,0.0,0.0,0.0,0.0,0.0,0.0,0.0,0.0,0.0,0.0,0.0
3779,0.0,0.0,0.0,0.0,0.0,0.0,0.0,0.0,0.0,0.0,0.0,0.0,0.0,0.0,0.0,0.0
3784,0.0,0.0,0.0,0.0,0.0,0.0,0.0,0.0,0.0,0.0,0.0,0.0,0.0,0.0,0.0,0.0
3787,0.18904639780521393,0.27331697940826416,0.0,0.14037904143333435,0.0,0.0,0.18980760872364044,0.13076497614383698,0.36896947026252747,0.11901934444904327,0.16312462091445923,0.0,0.0,0.0,0.0,0.23076607286930084
3789,0.0,0.0,0.0,0.0,0.030621500685811043,0.0,0.0,0.1811467558145523,0.0,0.0,0.0,0.0,0.0,0.0,0.0,0.0
3793,0.0,0.22000674903392792,0.0,0.0,0.5780276656150818,0.0,0.19096899032592773,0.39130699634552,0.0,0.07242725044488907,0.0,0.0,0.054809000343084335,0.0,0.1795930117368698,0.26381874084472656
3794,0.0,0.0,0.0,0.0,0.0,0.0,0.0,0.0,0.0,0.0,0.0,0.0,0.0,0.0,0.0,0.0
3798,0.06328625231981277,0.46725860238075256,0.18213388323783875,0.27953600883483887,0.0,0.7141115665435791,0.2662837505340576,0.5396238565444946,0.07922440022230148,0.3260047137737274,0.32613202929496765,0.05417349934577942,0.10630274564027786,0.4470910131931305,0.1501515507698059,0.2783920168876648
3800,0.20160630345344543,0.5973813533782959,0.7405000329017639,0.529536783695221,0.1922014057636261,0.6168506741523743,0.45784133672714233,0.49350661039352417,0.5452668070793152,0.6702597737312317,0.45383989810943604,0.2784057855606079,0.5692965388298035,0.49884629249572754,0.47603943943977356,0.7488164305686951
3802,0.0,0.0,0.0,0.0,0.0,0.0,0.0,0.0,0.0,0.0,0.0,0.0,0.0,0.0,0.0,0.0
3804,0.0,0.0,0.05716482177376747,0.0,0.0,0.03314390778541565,0.0,0.0,0.0,0.008703789673745632,0.007265500258654356,0.0136001817882061,0.007353555876761675,0.0,0.0,0.0
3806,0.0,0.009395481087267399,0.013580654747784138,0.0,0.0414380207657814,0.05848820134997368,0.04373981058597565,0.0,0.19090087711811066,0.0,0.0,0.1063666120171547,0.032412394881248474,0.0,0.02567807026207447,0.09948917478322983
3807,0.0,0.0,0.0,0.0,0.0,0.0,0.0,0.0,0.0,0.0,0.0,0.0,0.0,0.0,0.0,0.0
3808,0.0,0.0,0.0,0.0,0.0,0.0,0.0,0.0,0.0,0.0,0.0,0.0,0.0,0.0,0.0,0.0
3814,0.0,0.0,0.0,0.0,0.0,0.0,0.0,0.0,0.0,0.0,0.0,0.0,0.0,0.0,0.0,0.0
3815,0.0,0.0,0.0,0.1707729548215866,0.0,0.013414043933153152,0.17226901650428772,0.20309993624687195,0.32626959681510925,0.0,0.0,0.00885271467268467,0.6047125458717346,0.0,0.0,0.0
3819,0.0,0.0,0.0,0.0,0.0,0.0,0.0,0.0,0.0,0.0,0.0,0.0,0.0,0.0,0.0,0.0
3823,0.0751664936542511,0.0199518334120512,0.10867416113615036,0.005497384816408157,0.0529131144285202,0.07512784749269485,0.0,0.0,0.037734854966402054,0.02188141644001007,0.0,0.23837900161743164,0.17926530539989471,0.29140526056289673,0.6878280639648438,0.0
3824,0.0,0.0,0.0,0.0,0.0,0.0,0.0,0.0,0.0,0.0,0.0,0.0,0.0,0.0,0.0,0.0
3825,0.057024646550416946,0.12997101247310638,0.0,0.15610827505588531,0.0635874941945076,0.1584850251674652,0.0,0.0,0.0988558828830719,0.0,0.11361955106258392,0.09497816115617752,0.08186250925064087,0.0,0.048094138503074646,0.0
3826,0.0,0.0,0.0,0.0,0.0,0.0,0.0,0.0,0.0,0.0,0.0,0.0,0.0,0.0,0.0,0.0
3827,0.0,0.03917945548892021,0.04985278099775314,0.0,0.0,0.0,0.0,0.0,0.0,0.0,0.0,0.04010861739516258,0.0,0.044071849435567856,0.0,0.0
3829,0.7922505736351013,0.5448570847511292,0.3000088632106781,0.876804769039154,0.529670774936676,0.4885205626487732,0.5740494132041931,0.776793360710144,0.7718721628189087,0.6043256521224976,0.42431768774986267,0.7683224678039551,0.8201025724411011,0.791772723197937,0.638372540473938,0.6801737546920776
3831,0.0,0.0,0.0,0.0,0.0,0.0,0.0,0.0,0.0,0.0,0.0,0.0,0.0,0.0,0.0,0.0
3832,0.0,0.0,0.0,0.0,0.0,0.0,0.0,0.0,0.0,0.0,0.0,0.0,0.0,0.0,0.0,0.0
3835,0.0,0.0,0.0,0.17498759925365448,0.0,0.0,0.0,0.0,0.0,0.2308417558670044,0.0,0.0,0.0,0.11696742475032806,0.0,0.0
3840,0.0,0.0,0.0,0.18993952870368958,0.015087904408574104,0.0,0.3474706709384918,0.05350327491760254,0.0,0.0,0.0,0.14512480795383453,0.03308553621172905,0.0,0.1777094006538391,0.05717384070158005
3846,0.0,0.0,0.7552940249443054,0.8708770275115967,0.24770300090312958,0.0,0.0,0.08026199787855148,0.0,0.0,0.5058149695396423,0.0,0.0,0.2302819937467575,0.0,0.0
3848,0.0,0.0741545632481575,0.06115199998021126,0.0,0.0,0.0,0.0,0.0,0.0,0.0,0.0,0.045537713915109634,0.0036159998271614313,0.04311304911971092,0.0,0.0
3849,0.0,0.0,0.0,0.0,0.0,0.0,0.0,0.0,0.0,0.0,0.0,0.0,0.0,0.0,0.0,0.0
3853,0.0,0.0,0.0,0.0,0.0,0.0,0.0,0.0,0.0,0.0,0.0,0.0,0.0,0.0,0.0,0.0
3854,0.0,0.0,0.0,0.0,0.0,0.0,0.0,0.0,0.0,0.0,0.0,0.0,0.0,0.0,0.0,0.0
3858,0.0,0.0,0.0,0.0,0.0,0.0,0.0,0.0,0.0,0.0,0.0,0.0,0.0,0.0,0.0,0.0
3860,0.0,0.0,0.0,0.0,0.0,0.0,0.0,0.0,0.0,0.0,0.0,0.0,0.0,0.0,0.0,0.0
3861,0.0,0.0,0.0,0.0,0.0,0.0,0.0,0.0,0.0,0.0,0.0,0.0,0.0,0.0,0.0,0.0
3863,0.7847216129302979,0.791111409664154,0.9791902303695679,0.9923520088195801,0.04180483520030975,0.4866712689399719,0.982514500617981,0.7954892516136169,0.9867532253265381,0.34867212176322937,0.0,0.1866883486509323,0.7118175029754639,0.9870445132255554,0.7962371706962585,0.6618563532829285
3866,0.0,0.0,0.0,0.0,0.0,0.0,0.0,0.0,0.0,0.0,0.0,0.0,0.0,0.0,0.0,0.0
3867,0.0,0.0,0.0,0.0,0.0,0.0,0.0,0.0,0.0,0.0,0.0,0.0,0.0,0.0,0.0,0.0
3868,0.0,0.0,0.0,0.0,0.0,0.0,0.0,0.0,0.0,0.0,0.0,0.0,0.0,0.0,0.0,0.0
3870,0.0,0.0,0.0,0.0,0.0,0.0,0.0,0.0,0.0,0.0,0.0,0.0,0.0,0.0,0.0,0.0
3871,0.0,0.0,0.0,0.0,0.0,0.0,0.0,0.0,0.0,0.0,0.0,0.0,0.0,0.0,0.0,0.0
3872,0.0,0.0,0.0,0.0,0.0,0.0,0.0,0.0,0.0,0.0,0.0,0.0,0.0,0.0,0.0,0.0
3875,0.0,0.05842316895723343,0.4178655445575714,0.0,0.0,0.0,0.1425563395023346,0.0,0.0,0.0,0.0,0.0,0.0,0.11583083122968674,0.0,0.0
3878,0.0,0.0,0.0,0.0,0.0,0.0,0.0,0.0,0.0,0.0,0.0,0.0,0.0,0.0,0.0,0.0
3879,0.0,0.0,0.0,0.0,0.0,0.0,0.0,0.0,0.0,0.0,0.0,0.0,0.0,0.0,0.0,0.0
3880,0.0,0.0,0.0,0.0,0.0,0.0,0.0,0.0,0.0,0.0,0.0,0.0,0.0,0.0,0.0,0.0
3887,0.0,0.0,0.0,0.0,0.0,0.0,0.0,0.0,0.0,0.0,0.0,0.0,0.0,0.0,0.0,0.0
3894,0.16808734834194183,0.2851058542728424,0.13502895832061768,0.0,0.1971600353717804,0.0,0.23547060787677765,0.2379911094903946,0.22669187188148499,0.0,0.0,0.0,0.06868039071559906,0.1766323745250702,0.2674497961997986,0.0
3895,0.3151546120643616,0.08508177846670151,0.12327255308628082,0.0,0.0,0.08488660305738449,0.0,0.0,0.07450775057077408,0.09981101006269455,0.0,0.0,0.006166167091578245,0.0,0.0,0.0
3898,0.0,0.0,0.0,0.0,0.0,0.0,0.0,0.0,0.0,0.0,0.0,0.0,0.0,0.0,0.0,0.0
3899,0.0,0.0,0.0,0.0,0.0,0.0,0.0,0.0,0.3105045258998871,0.0,0.0,0.0,0.0,0.0,0.0,0.03426113352179527
3900,0.0,0.0,0.0,0.0,0.015197625383734703,0.0,0.056790146976709366,0.0,0.0,0.0,0.3562435507774353,0.0,0.0,0.0,0.0,0.1021697148680687
3902,0.015611333772540092,0.0,0.0,0.006446615792810917,0.0,0.0,0.02152988873422146,0.0,0.0,0.0,0.040397901087999344,0.0,0.02100466750562191,0.0,0.0,0.0
3904,0.0,0.0,0.0,0.0,0.0,0.0,0.0,0.0,0.0,0.0,0.0,0.0,0.0,0.0,0.0,0.0
3907,0.0,0.06048595532774925,0.0815788209438324,0.0,0.010930600576102734,0.0,0.0,0.0,0.03993865102529526,0.036210283637046814,0.0,0.057254333049058914,0.04733860120177269,0.04514290764927864,0.02256760001182556,0.003801958402618766
3911,0.0,0.0,0.0,0.0,0.0,0.0,0.0,0.0,0.0,0.0,0.0,0.0,0.0,0.0,0.0,0.0
3913,0.0,0.0,0.0,0.0,0.0,0.0,0.0,0.0,0.0,0.0,0.0,0.0,0.0,0.0,0.0,0.0
3915,0.0,0.0,0.0,0.0,0.0,0.0,0.0,0.0,0.0,0.0,0.0,0.0,0.0,0.0,0.0,0.0
3917,0.0,0.08993449807167053,0.0,0.0,0.0,0.0,0.0,0.0,0.0,0.0,0.0,0.0,0.0,0.0,0.0,0.0
3918,0.8049879670143127,0.38416704535484314,0.0,0.2626339793205261,0.0,0.473156601190567,0.0,0.0,0.6040484309196472,0.3709779977798462,0.720325767993927,0.0,0.6149407625198364,0.3013278543949127,0.5218403339385986,0.46258676052093506
3920,0.0,0.0,0.0,0.0,0.0,0.0,0.0,0.0,0.0,0.0,0.0,0.0,0.0,0.0,0.0,0.0
3923,0.0,0.0,0.0,0.0,0.0,0.0,0.0,0.0,0.0,0.0,0.0,0.0,0.0,0.0,0.0,0.0
3926,0.0,0.0,0.21655897796154022,0.14130114018917084,0.13865117728710175,0.0,0.0,0.1221570298075676,0.34862667322158813,0.0,0.12965863943099976,0.0,0.0,0.0,0.0,0.0
3933,0.0,0.06201959401369095,0.09893840551376343,0.03619050979614258,0.0,0.05108867585659027,0.036549150943756104,0.0,0.05971042066812515,0.020774543285369873,0.016314128413796425,0.0,0.0,0.0,0.08082547783851624,0.0
3934,0.0,0.0,0.0,0.0,0.0,0.0,0.0,0.0,0.0,0.0,0.0,0.0,0.0,0.0,0.0,0.0
3935,0.1403551548719406,0.0,0.1401386708021164,0.0,0.20893800258636475,0.2441263347864151,0.0,0.22500795125961304,0.21958976984024048,0.0,0.0,0.0,0.06487832963466644,0.18965120613574982,0.25042155385017395,0.0
3939,0.0,0.0,0.0,0.0,0.0,0.0,0.0,0.0,0.0,0.0,0.0,0.0,0.0,0.0,0.0,0.0
3940,0.0,0.0,0.0,0.0,0.0,0.0,0.0,0.0,0.0,0.0,0.0,0.0,0.0,0.0,0.0,0.0
3943,0.0,0.0,0.0,0.0,0.0,0.0,0.0,0.0,0.0,0.0,0.0,0.0,0.0,0.0,0.0,0.0
3944,0.0,0.0,0.0,0.0,0.0,0.0,0.0,0.0,0.0,0.0,0.0,0.0,0.0,0.0,0.0,0.0
3946,0.0,0.0,0.0,0.0,0.0,0.0,0.0,0.0,0.0,0.0,0.0,0.0,0.0,0.0,0.0,0.0
3948,0.0,0.0,0.0,0.0,0.0,0.0,0.0,0.0,0.0,0.0,0.0,0.0,0.0,0.0,0.0,0.0
3949,0.0,0.0,0.0,0.0,0.0,0.0,0.0,0.0,0.0,0.0,0.0,0.0,0.0,0.0,0.0,0.0
3958,0.0,0.0,0.0,0.0,0.0,0.0,0.0,0.0,0.0,0.0,0.0,0.0,0.0,0.0,0.0,0.0
3960,0.0,0.0,0.0,0.0,0.0,0.0,0.0,0.0,0.0,0.0,0.0,0.0,0.0,0.0,0.0,0.0
3963,0.0,0.0,0.0,0.0,0.0,0.0,0.0,0.0,0.0,0.0,0.0,0.0,0.0,0.0,0.0,0.0
3967,0.0,0.0,0.0,0.0,0.0,0.0,0.0,0.0,0.0,0.0,0.0,0.0,0.0,0.0,0.0,0.0
3974,0.0,0.0,0.0,0.0,0.0,0.0,0.0,0.0,0.0,0.0,0.0,0.0,0.0,0.0,0.0,0.0
3978,0.0,0.0,0.0,0.0,0.0,0.0,0.0,0.0,0.0,0.0,0.0,0.0,0.0,0.0,0.0,0.0
3982,0.0,0.0,0.0,0.0,0.0,0.0,0.0,0.0,0.0,0.0,0.0,0.0,0.0,0.0,0.0,0.0
3985,0.0,0.0,0.0,0.0,0.0,0.0,0.0,0.0,0.0,0.0,0.0,0.0,0.0,0.0,0.0,0.0
3987,0.2894720137119293,0.0,0.23696249723434448,0.0,0.0,0.0,0.0,0.0,0.0,0.0,0.0,0.0,0.0,0.0,0.0,0.0
3988,0.0,0.0,0.0,0.0,0.0,0.0,0.0,0.0,0.0,0.0,0.0,0.0,0.0,0.0,0.0,0.0
3992,0.06966042518615723,0.13489973545074463,0.0,0.0,0.0,0.0,0.19866588711738586,0.0,0.0,0.1703239530324936,0.0,0.0,0.17240509390830994,0.0661935806274414,0.04901033639907837,0.14954955875873566
3995,0.0,0.0,0.0,0.0,0.0,0.0,0.0,0.0,0.0,0.0,0.0,0.0,0.0,0.0,0.0,0.0
3997,0.050286151468753815,0.0,0.03625236824154854,0.0,0.015450654551386833,0.0,0.0,0.0,0.12328813970088959,0.0,0.021232398226857185,0.0,0.0,0.0,0.0,0.007615156937390566
3998,0.0,0.0,0.0,0.0,0.0,0.0,0.0,0.0,0.0,0.0,0.0,0.0,0.0,0.0,0.0,0.0
4002,0.9038118124008179,0.8644362092018127,0.9672713875770569,0.8790799379348755,0.8335353136062622,0.8225690722465515,0.9088073968887329,0.9591865539550781,0.8065396547317505,0.9856497645378113,0.774822473526001,0.9481829404830933,0.8205004930496216,0.11165133118629456,0.6949681639671326,0.8435755372047424
4004,0.0,0.0,0.0,0.0,0.0,0.0,0.0,0.0,0.0,0.0,0.0,0.0,0.0,0.0,0.0,0.0
4008,0.0,0.0,0.0,0.0,0.0,0.0,0.0,0.0,0.0,0.0,0.0,0.0,0.0,0.0,0.0,0.0
4010,0.17195449769496918,0.1758672446012497,0.0,0.0,0.19536259770393372,0.0,0.16105656325817108,0.04539410397410393,0.0,0.0,0.045031867921352386,0.0,0.1739846020936966,0.24917152523994446,0.0,0.0
4015,0.0,0.0,0.0,0.0,0.0,0.0,0.0,0.0,0.0,0.0,0.0,0.0,0.0,0.0,0.0,0.0
4018,0.0,0.0,0.0,0.0,0.0,0.0,0.0,0.0,0.0,0.0,0.0,0.0,0.0,0.0,0.0,0.0
4019,0.0,0.0,0.0,0.0,0.0,0.0,0.0,0.0,0.0,0.0,0.0,0.0,0.0,0.0,0.0,0.0
4025,0.0,0.0,0.0,0.0,0.0,0.0,0.0,0.0,0.0,0.0,0.0,0.0,0.0,0.0,0.0,0.0
4026,0.0,0.0,0.0,0.0,0.0,0.0,0.0,0.0,0.0,0.0,0.0,0.0,0.0,0.0,0.0,0.0
4027,0.0,0.0,0.0,0.0,0.0,0.0,0.0,0.0,0.0,0.0,0.0,0.0,0.0,0.0,0.0,0.0
4030,0.0,0.0,0.0,0.0,0.0,0.0,0.0,0.0,0.0,0.0,0.0,0.0,0.0,0.0,0.0,0.0
4041,0.0,0.0,0.0,0.0,0.0,0.0,0.0,0.0,0.0,0.0,0.0,0.0,0.0,0.0,0.0,0.0
4047,0.0,0.0,0.0,0.0,0.0,0.0,0.0,0.0,0.0,0.0,0.0,0.0,0.0,0.0,0.0,0.0
4051,0.0,0.0,0.0,0.0,0.0,0.0,0.0,0.0,0.0,0.0,0.0,0.0,0.0,0.0,0.0,0.0
4052,0.0,0.0,0.0,0.0,0.0,0.0,0.0,0.0,0.0,0.0,0.0,0.0,0.0,0.0,0.0,0.0
4059,0.0,0.0,0.0,0.0,0.0,0.0,0.0,0.0,0.0,0.0,0.0,0.0,0.0,0.0,0.0,0.0
4060,0.3371640741825104,0.2507299482822418,0.0,0.24329735338687897,0.6537461876869202,0.4955390393733978,0.265998899936676,0.2522568106651306,0.21420800685882568,0.41794052720069885,0.11177629232406616,0.4959259331226349,0.6242316365242004,0.5448719263076782,0.008920769207179546,0.051976218819618225
4062,0.0,0.0,0.0,0.0,0.0,0.0,0.0,0.0,0.0,0.0,0.0,0.0,0.0,0.0,0.0,0.0
4064,0.0,0.17904600501060486,0.6927629709243774,0.0,0.0,0.0,0.0,0.07508499920368195,0.3957139849662781,0.0,0.4917680025100708,0.0,0.08628000319004059,0.0,0.0,0.0
4066,0.0,0.0,0.0,0.0,0.0,0.0,0.0,0.0,0.0,0.0,0.0,0.0,0.0,0.0,0.0,0.0
4071,0.13336829841136932,0.2601592540740967,0.120653435587883,0.05331855267286301,0.0,0.0,0.0,0.0,0.07972631603479385,0.0587148442864418,0.0,0.0,0.2143246978521347,0.0,0.11302656680345535,0.0
4086,0.0,0.0,0.0,0.0,0.0,0.0,0.0,0.0,0.0,0.0,0.0,0.0,0.0,0.0,0.0,0.0
4121,0.0,0.0,0.0,0.0,0.0,0.0,0.0,0.0,0.0,0.0,0.0,0.0,0.0,0.0,0.0,0.0
4145,0.0,0.0,0.0,0.0,0.0,0.0,0.0,0.0,0.0,0.0,0.0,0.0,0.0,0.0,0.0,0.0
4222,0.0,0.0,0.21183981001377106,0.22483809292316437,0.0,0.0,0.0,0.1679261028766632,0.0,0.0,0.1115962415933609,0.0,0.0,0.0,0.32293403148651123,0.0
4231,0.0,0.0,0.0,0.0,0.0,0.0,0.0,0.0,0.0,0.0,0.0,0.0,0.0,0.0,0.0,0.0
4267,0.0,0.0,0.0,0.0,0.0,0.0,0.0,0.0,0.0,0.0,0.0,0.0,0.0,0.0,0.0,0.0
4268,0.24057352542877197,0.16664603352546692,0.14101798832416534,0.17800098657608032,0.0,0.0,0.0,0.14467625319957733,0.0,0.0,0.17474299669265747,0.0,0.10655605792999268,0.0,0.0,0.11326265335083008
4269,0.0,0.0,0.0,0.0,0.0,0.0,0.0,0.0,0.0,0.0,0.0,0.0,0.0,0.0,0.0,0.0
4270,0.0,0.0,0.0,0.26825881004333496,0.0,0.0,0.2474881261587143,0.0,0.0,0.15004463493824005,0.13298192620277405,0.18010033667087555,0.27298709750175476,0.0,0.2873663306236267,0.0
4271,0.27212703227996826,0.0,0.25231149792671204,0.0,0.3688563108444214,0.2044442743062973,0.0,0.0,0.13067133724689484,0.0,0.119859479367733,0.21926218271255493,0.32892438769340515,0.0,0.0,0.0
4295,0.0,0.0,0.0,0.0,0.0,0.0,0.0,0.0,0.2599058151245117,0.0,0.0,0.5402535796165466,0.0,0.0,0.0,0.0
4296,0.0,0.0,0.0,0.0,0.0,0.0,0.0,0.0,0.0,0.0,0.0,0.0,0.0,0.0,0.0,0.0
4302,0.06411880999803543,0.0,0.0,0.2127290666103363,0.0,0.0,0.34059736132621765,0.0,0.09082860499620438,0.0,0.0,0.0,0.0,0.0,0.0,0.0069535886868834496
4316,0.0,0.0,0.0,0.0,0.0,0.0,0.0,0.0,0.0,0.0,0.0,0.0,0.0,0.06062803044915199,0.0,0.0
4317,0.0,0.0,0.0,0.0,0.0,0.0,0.0,0.0,0.0,0.0,0.0,0.0,0.0,0.0,0.0,0.0
4324,0.0,0.0,0.30332300066947937,0.0,0.0,0.28145211935043335,0.15446071326732635,0.0,0.0,0.8475139737129211,0.0,0.007973850704729557,0.0,0.0,0.0,0.15385231375694275
4353,0.8824074268341064,0.0,0.0,0.7294496893882751,0.0,0.0,0.0,0.0,0.0,0.0,0.0,0.0,0.0,0.0,0.0,0.0
4357,0.0,0.0889933705329895,0.10717708617448807,0.0,0.005878650117665529,0.008357619866728783,0.0,0.0,0.05722299963235855,0.042223572731018066,0.0062187002040445805,0.1341501921415329,0.047200899571180344,0.05141299590468407,0.05433540418744087,0.014741545543074608
4395,0.0,0.0,0.0,0.0,0.0,0.0,0.0,0.0,0.0,0.0,0.0,0.0,0.0,0.0,0.0,0.029076000675559044
4473,0.3944375216960907,0.26837626099586487,0.5231299996376038,0.6245519518852234,0.22909922897815704,0.4821978509426117,0.3802680969238281,0.11415208131074905,0.6092132925987244,0.7954095005989075,0.29452401399612427,0.4650724530220032,0.30042579770088196,0.5587444305419922,0.5244117975234985,0.37500858306884766
4480,0.0,0.0,0.0,0.0,0.0,0.0,0.0,0.0,0.0,0.0,0.0,0.0,0.0,0.0,0.0,0.0
4512,0.0,0.0,0.0,0.0,0.0,0.0,0.0,0.0,0.0,0.0,0.0,0.0,0.0,0.0,0.0,0.0
4515,0.0,0.0,0.0,0.0,0.0,0.0,0.0,0.0,0.0,0.0,0.0,0.0,0.0,0.0,0.0,0.0
4516,0.0,0.0,0.0,0.0,0.0,0.0,0.0,0.0,0.0,0.0,0.0,0.0,0.0,0.0,0.0,0.0
4524,0.0,0.0,0.0,0.0,0.0,0.0,0.0,0.0,0.0,0.0,0.0,0.0,0.0,0.0,0.0,0.0
4525,0.0,0.0,0.0,0.0,0.0,0.0,0.0,0.0,0.06186015531420708,0.0,0.0,0.0,0.0,0.0,0.0,0.0
4529,0.0,0.0,0.0,0.0,0.0,0.0,0.0,0.0,0.0,0.0,0.0,0.0,0.0,0.0,0.0,0.0
4549,0.0,0.0,0.0,0.0,0.0,0.0,0.0,0.0,0.0,0.0,0.0,0.0,0.0,0.0,0.0,0.0
4558,0.0,0.0,0.0,0.0,0.0,0.0,0.0,0.0,0.0,0.0,0.0,0.0,0.0,0.0,0.0,0.0
4567,0.0,0.0,0.0,0.0,0.0,0.0,0.0,0.0,0.0,0.0,0.0,0.0,0.0,0.0,0.0,0.0
4596,0.0,0.0,0.0,0.0,0.0,0.0,0.0,0.0,0.0,0.0,0.0,0.0,0.0,0.0,0.0,0.0
4599,0.0,0.0,0.0,0.0,0.0,0.0,0.0,0.0,0.0,0.0,0.0,0.0,0.0,0.0,0.0,0.0
4600,0.0,0.03180700168013573,0.0,0.0,0.0,0.0,0.0,0.0,0.0,0.014927051030099392,0.0,0.0,0.0,0.0,0.0,0.0
4601,0.0,0.0,0.0,0.0,0.0,0.0,0.0,0.0,0.0,0.0,0.0,0.0,0.0,0.0,0.0,0.0
4602,0.0,0.0,0.0,0.0,0.0,0.0,0.0,0.0,0.0,0.0,0.0,0.0,0.0,0.0,0.0,0.0
