,0,1,2,3,4,5,6,7,8,9,10,11,12,13,14,15
0,0.0,0.0,0.0,0.0,0.0,0.0,0.0,0.0,0.0,0.0,0.0,0.0,0.0,0.0,0.0,0.0
1,0.0,0.0,0.0,0.0,0.0,0.0,0.0,0.0,0.0,0.0,0.0,0.0,0.0,0.0,0.0,0.0
3,0.0,0.0,0.0,0.0,0.0,0.0,0.0,0.0,0.0,0.0,0.0,0.0,0.0,0.0,0.0,0.0
7,0.0,0.0,0.0,0.0,0.0,0.0,0.0,0.0,0.0,0.0,0.0,0.0,0.0,0.0,0.0,0.0
20,0.0,0.0,0.0,0.0,0.0,0.0,0.0,0.0,0.0,0.0,0.0,0.0,0.0,0.0,0.0,0.0
31,0.0,0.0,0.0,0.0,0.0,0.0,0.0,0.0,0.0,0.0,0.0,0.0,0.0,0.0,0.0,0.0
37,0.0,0.9422168135643005,0.8923963904380798,0.6450385451316833,0.0,0.0,0.0,0.8463804125785828,0.7384487986564636,0.0,0.7743068337440491,0.7545456290245056,0.7664589285850525,0.8583853840827942,0.9209429025650024,0.0
41,0.0,0.0,0.0,0.0,0.0,0.0,0.0,0.0,0.0,0.0,0.0,0.0,0.0,0.0,0.0,0.0
43,0.0,0.0,0.0,0.0,0.0,0.0,0.0,0.0,0.0,0.0,0.0,0.0,0.0,0.0,0.0,0.0
46,0.0,0.0,0.0,0.0,0.0,0.0,0.0,0.0,0.0,0.0,0.0,0.0,0.0,0.0,0.0,0.0
48,0.0,0.0,0.0,0.0,0.0,0.0,0.0,0.0,0.01250112522393465,0.0,0.0,0.0,0.811595618724823,0.7801116108894348,0.0,0.7728800773620605
49,0.0,0.0,0.0,0.0,0.0,0.0,0.0,0.0,0.0,0.0,0.0,0.0,0.0,0.0,0.0,0.0
51,0.0,0.0,0.0,0.0,0.0,0.0,0.0,0.0,0.0,0.0,0.0,0.0,0.0,0.0,0.0,0.0
54,0.0,0.0,0.0,0.0,0.0,0.0,0.0,0.0,0.0,0.0,0.0,0.0,0.0,0.0,0.0,0.0
58,0.0,0.0,0.0,0.0,0.0,0.0,0.0,0.0,0.0,0.0,0.0,0.0,0.0,0.0,0.0,0.0
89,0.0,0.0,0.0,0.0,0.0,0.04857177287340164,0.0,0.0,0.0,0.0,0.0,0.0,0.0,0.0,0.0,0.011623715050518513
95,0.0,0.0,0.0,0.0,0.0,0.0,0.0,0.0,0.0,0.0,0.0,0.0,0.0,0.0,0.0,0.0
99,0.0,0.0,0.0,0.0,0.0,0.0,0.0,0.0,0.0,0.0,0.0,0.0,0.0,0.0,0.0,0.0
104,0.0,0.0,0.0,0.0,0.0,0.0,0.0,0.0,0.0,0.0,0.0,0.0,0.0,0.0,0.0,0.0
106,0.989972710609436,0.0,0.997234046459198,0.99802565574646,0.19700899720191956,0.9034140110015869,0.9891250133514404,0.800544023513794,0.0,0.3904950022697449,0.9172232151031494,0.9961199760437012,0.20134000480175018,0.17136900126934052,0.0,0.21121367812156677
115,0.0,0.0,0.0,0.0,0.0,0.0,0.0,0.0,0.0,0.0,0.0,0.0,0.0,0.0,0.0,0.0
118,0.0,0.0,0.0,0.0,0.0,0.0,0.0,0.0,0.0,0.0,0.0,0.0,0.0,0.0,0.0,0.0
123,0.0,0.0,0.0,0.0,0.0,0.0,0.0,0.0,0.0,0.0,0.0,0.0,0.0,0.0,0.0,0.0
126,0.0,0.0,0.0,0.0,0.0,0.0,0.0,0.0,0.0,0.0,0.0,0.0,0.0,0.0,0.0,0.0
132,0.0,0.0,0.0,0.0,0.0,0.0,0.0,0.0,0.0,0.0,0.0,0.0,0.0,0.0,0.0,0.0
170,0.0,0.0,0.0,0.0,0.0,0.0,0.0,0.0,0.0,0.0,0.0,0.0,0.0,0.0,0.0,0.0
173,0.0,0.0,0.0,0.0,0.0,0.0,0.0,0.0,0.0,0.0,0.0,0.0,0.0,0.0,0.0,0.0
186,0.17452475428581238,0.015898749232292175,0.08222199976444244,0.0,0.14672350883483887,0.0776669979095459,0.18636223673820496,0.1106637492775917,0.048303332179784775,0.03838224709033966,0.08138874918222427,0.0673302486538887,0.2483310103416443,0.04656524956226349,0.06762924790382385,0.045453500002622604
191,0.18392066657543182,0.1251859962940216,0.07770000398159027,0.03255299851298332,0.06556150317192078,0.23392824828624725,0.15681549906730652,0.05287250131368637,0.02787725068628788,0.0,0.09766533225774765,0.08657433837652206,0.19578425586223602,0.04689500108361244,0.2397415041923523,0.0
202,0.0,0.0,0.0,0.0,0.0,0.0,0.0,0.0,0.0,0.0,0.0,0.0,0.0,0.0,0.0,0.0
211,0.0,0.0,0.0,0.0,0.0,0.0,0.0,0.0,0.0,0.0,0.0,0.0,0.0,0.0,0.0,0.0
213,0.3220459222793579,0.2328341007232666,0.0,0.0,0.0,0.0,0.0,0.27718859910964966,0.0,0.0,0.0,0.0,0.0,0.07039427757263184,0.23148855566978455,0.23167376220226288
224,0.0,0.0,0.0,0.0,0.0,0.0,0.0,0.0,0.0,0.0,0.0,0.0,0.0,0.0,0.0,0.0
248,0.0,0.0,0.0,0.0,0.0,0.0,0.0,0.0,0.0,0.0,0.0,0.0,0.0,0.0,0.0,0.0
250,0.0,0.9843400120735168,0.0,0.23079130053520203,0.5448611974716187,0.09152129292488098,0.15078501403331757,0.0,0.0,0.05456142872571945,0.0,0.0,0.0,0.0,0.19881857931613922,0.0
253,0.0,0.0,0.0,0.0,0.0,0.0,0.0,0.0,0.0,0.0,0.0,0.0,0.0,0.0,0.0,0.0
254,0.0,0.0,0.0,0.0,0.0,0.0,0.0,0.0,0.0,0.0,0.0,0.0,0.0,0.0,0.0,0.0
256,0.0,0.0,0.0,0.0,0.0,0.0,0.0,0.0,0.0,0.0,0.0,0.0,0.0,0.0,0.0,0.0
258,0.005504954606294632,0.04165143147110939,0.0,0.4676879942417145,0.0,0.0,0.13397173583507538,0.0,0.0,0.0,0.17482587695121765,0.0,0.0,0.0,0.09810133278369904,0.0
262,0.023260001093149185,0.5118137001991272,0.0,0.0,0.0,0.0,0.0,0.0,0.0,0.0,0.0,0.0,0.0,0.0,0.0,0.0
266,0.151690274477005,0.0,0.0,0.018023550510406494,0.0,0.0,0.0,0.21935589611530304,0.0,0.0,0.0,0.0,0.0,0.0,0.0,0.0
271,0.0,0.0,0.0,0.0,0.0,0.0,0.0,0.0,0.0,0.0,0.0,0.0,0.0,0.0,0.0,0.0
275,0.0,0.0,0.0,0.0,0.0,0.0,0.0,0.0,0.0,0.0,0.0,0.0,0.0,0.0,0.0,0.0
281,0.0,0.0,0.0,0.0,0.0,0.0,0.0,0.0,0.0,0.0,0.0,0.0,0.0,0.0,0.0,0.0
283,0.0,0.0,0.0,0.0,0.0,0.0,0.0,0.0,0.0,0.0,0.0,0.0,0.0,0.0,0.0,0.0
284,0.0,0.022873200476169586,0.0,0.0,0.0,0.0,0.0,0.0,0.0,0.0,0.0,0.0,0.0,0.0,0.0,0.0
288,0.0,0.0,0.0,0.0,0.0,0.0,0.0,0.0,0.0,0.0,0.0,0.0,0.0,0.0,0.0,0.0
292,0.14823557436466217,0.0,0.12248189747333527,0.11555565148591995,0.045807186514139175,0.0,0.0,0.0,0.0,0.0,0.016101138666272163,0.0,0.0,0.13411711156368256,0.0,0.0
296,0.0,0.0,0.0,0.0,0.0,0.0,0.0,0.0,0.0,0.0,0.0,0.0,0.0,0.0,0.0,0.0
313,0.0,0.0,0.0,0.0,0.0,0.0,0.0,0.0,0.0,0.0,0.0,0.0,0.0,0.0,0.0,0.0
316,0.0,0.0,0.0,0.0,0.0,0.0,0.0,0.0,0.0,0.0,0.0,0.0,0.0,0.0,0.0,0.0
324,0.0,0.0,0.0,0.0,0.0,0.0,0.0,0.0,0.0,0.0,0.0,0.0,0.0,0.0,0.0,0.0
326,0.0,0.0,0.0,0.0,0.0,0.0,0.0,0.0,0.0,0.0,0.0,0.0,0.0,0.0,0.0,0.0
346,0.47491151094436646,0.9895581007003784,0.7347762584686279,0.42195868492126465,0.7548454999923706,0.881846010684967,0.6887835264205933,0.4978935122489929,0.9883815050125122,0.7249139547348022,0.7437310218811035,0.513511061668396,0.14728249609470367,0.6300240159034729,0.9699989557266235,0.463811993598938
351,0.0,0.0,0.0,0.0,0.0,0.0,0.0,0.0,0.0,0.0,0.0,0.0,0.0,0.0,0.0,0.0
355,0.0,0.0,0.0,0.0,0.0,0.0,0.0,0.0,0.0,0.0,0.0,0.0,0.0,0.0,0.0,0.0
361,0.0,0.0,0.0,0.0,0.0,0.0,0.0,0.0,0.0,0.0,0.0,0.0,0.0,0.0,0.0,0.0
368,0.0,0.0,0.0,0.0,0.0,0.0,0.0,0.0,0.0,0.0,0.0,0.0,0.0,0.0,0.0,0.0
369,0.9844646453857422,0.0,0.0,0.7970103025436401,0.22415350377559662,0.42317885160446167,0.0,0.5657939314842224,0.7521990537643433,0.0,0.0,0.7547600865364075,0.6236953139305115,0.7471885085105896,0.3112410008907318,0.0
374,0.0,0.0,0.0,0.0,0.0,0.0,0.0,0.0,0.0,0.0,0.0,0.0,0.0,0.0,0.0,0.0
385,0.0,0.0,0.0,0.0,0.0,0.0,0.0,0.0,0.0,0.0,0.0,0.0,0.0,0.0,0.0,0.0
388,0.0,0.6218141913414001,0.0,0.0,0.0,0.5914373397827148,0.158768892288208,0.3786914050579071,0.01725536398589611,0.0,0.05568775162100792,0.0,0.0,0.43744000792503357,0.7717291116714478,0.0
398,0.11210200935602188,0.0,0.0,0.0,0.0,0.04237135127186775,0.10512866824865341,0.0,0.23312737047672272,0.0,0.0,0.0,0.0,0.0,0.0,0.0
406,0.0,0.8642535209655762,0.0,0.39832618832588196,0.0,0.0,0.0,0.0,0.0,0.5421624779701233,0.0,0.0,0.4395887851715088,0.4560638964176178,0.0,0.0
407,0.0,0.0,0.0,0.0,0.0,0.0,0.0,0.0,0.0,0.0,0.0,0.0,0.0,0.0,0.0,0.0
408,0.0,0.0,0.0,0.0,0.0,0.0,0.0,0.0,0.0,0.0,0.0,0.0,0.0,0.0,0.0,0.0
420,0.0,0.0,0.0,0.0,0.0,0.0,0.0,0.0,0.0,0.0,0.0,0.0,0.0,0.0,0.027909299358725548,0.0
421,0.0,0.0,0.0,0.0,0.0,0.0,0.0,0.0,0.0,0.0,0.0,0.0,0.0,0.0,0.0,0.0
426,0.0,0.0,0.42489463090896606,0.27541980147361755,0.0621572881937027,0.48743292689323425,0.06735900044441223,0.14452050626277924,0.18938985466957092,0.13349440693855286,0.1773255318403244,0.20682178437709808,0.23491889238357544,0.2841096520423889,0.4141111373901367,0.005991545971482992
428,0.7054159641265869,0.9947249889373779,0.0,0.8200343251228333,0.0,0.629737138748169,0.40563544631004333,0.7542534470558167,0.6597403287887573,0.6270530223846436,0.0,0.6410603523254395,0.006700839847326279,0.6125919818878174,0.6450719833374023,0.0
430,0.0,0.0,0.0,0.0,0.0,0.0,0.0,0.0,0.0,0.0,0.0,0.0,0.0,0.0,0.0,0.0
435,0.8592855334281921,0.07322300225496292,0.7103666663169861,0.0,0.0,0.9627115726470947,0.7701925039291382,0.7896847128868103,0.0,0.8960255980491638,0.9295235276222229,0.0,0.37272799015045166,0.6506010890007019,0.9548643827438354,0.0
438,0.0,0.0,0.0,0.0,0.0,0.0,0.0,0.0,0.0,0.0,0.0,0.0,0.0,0.0,0.0,0.0
443,0.022629449144005775,0.04150998219847679,0.0,0.008459985256195068,0.0,0.022778747603297234,0.04019274190068245,0.0299126785248518,0.0,0.020770363509655,0.017824897542595863,0.0,0.0,0.00430928124114871,0.022718284279108047,0.02409946918487549
447,0.0,0.0,0.0,0.0,0.0,0.0,0.0,0.0,0.0,0.0,0.0,0.0,0.0,0.0,0.0,0.0
449,0.0,0.5906082391738892,0.8592132329940796,0.0,0.0,0.9720786213874817,0.0,0.0,0.7758891582489014,0.6206526160240173,0.5901033282279968,0.8761176466941833,0.9067846536636353,0.9677537083625793,0.0,0.0
452,0.01012683380395174,0.0,0.0,0.0,0.0,0.0,0.017732249572873116,0.0,0.0,0.0,0.0,0.0,0.0,0.0,0.0,0.0
464,0.0,0.0,0.0,0.0,0.0,0.0,0.0,0.0,0.0,0.0,0.0,0.0,0.0,0.0,0.0,0.0
467,0.0,0.0,0.0,0.0,0.0,0.0,0.11535806208848953,0.0,0.0,0.0,0.0,0.0,0.0,0.0,0.24727119505405426,0.0
469,0.0,0.0,0.0,0.0,0.0,0.0,0.0,0.0,0.0,0.0,0.0,0.0,0.0,0.0,0.0,0.0
470,0.8435235023498535,0.33117008209228516,0.8418068885803223,0.0,0.36686789989471436,0.19904549419879913,0.03103828802704811,0.0,0.0,0.2515384554862976,0.0,0.0,0.0,0.3821137845516205,0.7413745522499084,0.0
474,0.0,0.0,0.0,0.0,0.0,0.0,0.0,0.0,0.0,0.0,0.0,0.0,0.0,0.0,0.0,0.0
477,0.0,0.0,0.0,0.0,0.0,0.0,0.0,0.0,0.0,0.0,0.0,0.0,0.0,0.0,0.0,0.0
479,0.0,0.0,0.0,0.0,0.0,0.0,0.0,0.0,0.0,0.0,0.0,0.0,0.0,0.0,0.0,0.0
480,0.08893422782421112,0.0,0.008977401070296764,0.0,0.0,0.0,0.0,0.1096242293715477,0.0,0.03002701885998249,0.018719837069511414,0.10914892703294754,0.0,0.011656822636723518,0.07007347792387009,0.018266741186380386
481,0.1368190050125122,0.0,0.9784079790115356,0.8827318549156189,0.0,0.8520960211753845,0.0,0.0,0.0,0.6504212021827698,0.0,0.0,0.0,0.0,0.0,0.825781524181366
487,0.41345155239105225,0.0,0.0,0.0,0.0,0.0,0.0,0.0,0.0,0.0,0.0,0.0,0.0,0.0,0.0,0.0
494,0.0,0.0,0.0,0.0,0.0,0.0,0.0,0.0,0.0,0.0,0.0,0.0,0.0,0.0,0.0,0.0
496,0.16277027130126953,0.0,0.0,0.0,0.0,0.0,0.0,0.21689198911190033,0.0,0.0,0.0,0.0,0.0,0.0,0.0,0.0
505,0.0,0.0,0.0,0.0,0.0,0.0,0.0,0.0,0.0,0.0,0.0,0.0,0.0,0.0,0.0,0.0
513,0.0,0.0,0.0,0.0,0.0,0.0,0.0,0.0,0.0,0.0,0.0,0.0,0.0,0.0,0.0,0.0
518,0.0,0.0,0.0,0.0,0.0,0.0,0.0,0.0,0.0,0.0,0.0,0.0,0.0,0.0,0.0,0.0
520,0.20000000298023224,0.0,0.0,0.05577952414751053,0.02824176289141178,0.0,0.0,0.07263483107089996,0.0,0.0,0.027027541771531105,0.0833333358168602,0.0,0.008283035829663277,0.0,0.04963921010494232
521,0.2598473131656647,0.19955702126026154,0.0,0.28537315130233765,0.2888457775115967,0.0,0.0,0.0,0.0,0.0,0.0,0.0,0.2001970261335373,0.22901427745819092,0.22290991246700287,0.0
531,0.0,0.0,0.0,0.0,0.0,0.0,0.0,0.0,0.0,0.0,0.0,0.0,0.0,0.0,0.0,0.0
545,0.1623149961233139,0.09419550001621246,0.0,0.0,0.0,0.24019479751586914,0.0,0.019522501155734062,0.0,0.0,0.0,0.003891308791935444,0.0,0.0,0.0,0.0
547,0.0,0.0,0.0,0.0,0.0,0.0,0.0,0.0,0.0,0.0,0.0,0.0,0.0,0.0,0.0,0.0
554,0.0,0.20310574769973755,0.31613051891326904,0.0,0.43780624866485596,0.0,0.26427140831947327,0.5085532069206238,0.5527516007423401,0.25653165578842163,0.5872176885604858,0.6372234225273132,0.332149475812912,0.0,0.29009178280830383,0.33177095651626587
555,0.0,0.0,0.0,0.0,0.0,0.0,0.0,0.0,0.0,0.0,0.0,0.0,0.0,0.0,0.0,0.0
557,0.0,0.0,0.0,0.0,0.0,0.0,0.0,0.0,0.0,0.0,0.9930861592292786,0.0,0.0,0.0,0.0,0.0
561,0.0,0.0,0.0,0.0,0.0,0.0,0.0,0.0,0.0,0.0,0.0,0.0,0.0,0.0,0.0,0.0
568,0.0,0.0,0.0,0.0,0.0,0.0,0.0,0.0,0.0,0.0,0.0,0.0,0.0,0.0,0.0,0.0
570,0.0,0.0,0.0,0.0,0.0,0.0,0.0,0.0,0.0,0.0,0.0,0.0,0.0,0.0,0.0,0.0
577,0.0,0.0,0.0,0.0,0.0,0.0,0.0,0.0,0.0,0.0,0.0,0.0,0.0,0.0,0.0,0.0
588,0.0,0.0,0.0,0.0,0.0,0.0,0.0,0.0,0.0,0.0,0.0,0.0,0.0,0.0,0.0,0.0
603,0.0,0.0,0.0,0.0,0.0,0.0,0.0,0.0,0.0,0.0,0.0,0.0,0.0,0.0,0.0,0.0
613,0.0,0.0,0.0,0.0,0.0,0.9907756447792053,0.0,0.0,0.12776614725589752,0.28830501437187195,0.5097650289535522,0.3878377377986908,0.0,0.0,0.0,0.0
622,0.0,0.0,0.0,0.0,0.009315000846982002,0.020564500242471695,0.0,0.04490228742361069,0.1055896058678627,0.0,0.0,0.010390333831310272,0.050205860286951065,0.13744550943374634,0.0,0.0
635,0.0,0.0,0.0,0.0,0.0,0.0,0.0,0.0,0.0,0.0,0.0,0.0,0.0,0.0,0.0,0.0
643,0.0,0.0,0.0,0.0,0.0,0.0,0.0,0.0,0.0,0.0,0.0,0.0,0.0,0.0,0.0,0.0
653,0.0,0.0,0.031958919018507004,0.0,0.0,0.0,0.0,0.053408365696668625,0.0,0.0,0.0,0.0,0.00589133333414793,0.0,0.0,0.0
661,0.9171615839004517,0.6261354088783264,0.7190263271331787,0.07585054636001587,0.411819189786911,0.40609049797058105,0.032816000282764435,0.9387056827545166,0.5681198239326477,0.024088747799396515,0.6832141280174255,0.9290467500686646,0.715186595916748,0.8079632520675659,0.9167062640190125,0.794871985912323
662,0.0,0.03549624979496002,0.8413538932800293,0.7887115478515625,0.025629274547100067,0.0,0.2635765075683594,0.06544767320156097,0.72216796875,0.0,0.0718419998884201,0.0,0.0,0.029274582862854004,0.5617315769195557,0.027339916676282883
664,0.0,0.0,0.0,0.0,0.0,0.0,0.0,0.0,0.0,0.0,0.0,0.0,0.0,0.0,0.0,0.0
677,0.0,0.0,0.0,0.0,0.0,0.0,0.0,0.0,0.0,0.0,0.0,0.0,0.0,0.0,0.0,0.0
678,0.0,0.0,0.0,0.19007599353790283,0.0,0.0,0.0,0.0,0.0,0.0,0.0,0.15591999888420105,0.0,0.0,0.0,0.04123999923467636
680,0.19161035120487213,0.0,0.06428129971027374,0.0,0.0,0.01484073419123888,0.0,0.0,0.06286045908927917,0.012027454562485218,0.0,0.0,0.0,0.0,0.0,0.0
681,0.3353244364261627,0.0,0.0,0.11111817508935928,0.0,0.6145716905593872,0.28266555070877075,0.0056024170480668545,0.5936493873596191,0.7735158205032349,0.6961981654167175,0.0,0.0,0.0,0.0,0.3418543040752411
684,0.0,0.0,0.1272023618221283,0.0,0.0,0.0,0.0601646825671196,0.0,0.1164591908454895,0.018194111064076424,0.0,0.023547150194644928,0.0,0.0,0.24529001116752625,0.20745371282100677
689,0.0,0.0,0.0,0.0,0.0,0.0,0.0,0.0,0.0,0.0,0.0,0.0,0.0,0.0,0.0,0.0
695,0.0,0.0,0.0367560014128685,0.0,0.0,0.0,0.0,0.0,0.0,0.0,0.0,0.0,0.0,0.0,0.0,0.0
704,0.0,0.0,0.0,0.0,0.0,0.0,0.0,0.0,0.0,0.0,0.0,0.0,0.0,0.0,0.0,0.0
724,0.0,0.0,0.0,0.0,0.0,0.0,0.0,0.0,0.0,0.0,0.0,0.0,0.0,0.0,0.0,0.0
725,0.0,0.0,0.0,0.0,0.0,0.0,0.0,0.0,0.0,0.0,0.10678999871015549,0.24285967648029327,0.0,0.0,0.0,0.0
731,0.0,0.0,0.0,0.0,0.0,0.0,0.0,0.0,0.0,0.0,0.0,0.0,0.0,0.0,0.0,0.0
737,0.0,0.0,0.0,0.0,0.0,0.0,0.0,0.0,0.0,0.0,0.0,0.0,0.0,0.0,0.0,0.0
738,0.0,0.0,0.0,0.0,0.0,0.0,0.0,0.0,0.0,0.0,0.0,0.0,0.0,0.0,0.0,0.0
751,0.0,0.0,0.0,0.0,0.0,0.0,0.0,0.0,0.0,0.0,0.0,0.0,0.0,0.0,0.0,0.0
753,0.7198946475982666,0.6296193599700928,0.7867226600646973,0.34833231568336487,0.6551975607872009,0.7273173928260803,0.7053523659706116,0.7323763966560364,0.7121337056159973,0.6474209427833557,0.7381937503814697,0.7901144027709961,0.6557794213294983,0.45164772868156433,0.7252330780029297,0.6021729707717896
755,0.0,0.0,0.0,0.0,0.0,0.0,0.0,0.0,0.0,0.0,0.0,0.0,0.0,0.0,0.0,0.0
761,0.0,0.0,0.0,0.0,0.0,0.0,0.0,0.0,0.0,0.0,0.0,0.0,0.0,0.0,0.0,0.0
762,0.0,0.0,0.0,0.0,0.0,0.0,0.0,0.0,0.0,0.0,0.0,0.0,0.0,0.0,0.0,0.0
766,0.0,0.0,0.0,0.0,0.0,0.0,0.0,0.0,0.14701050519943237,0.0,0.0,0.10469499975442886,0.0,0.0,0.0,0.0
767,0.0,0.0,0.0,0.0,0.0,0.0,0.0,0.0,0.0,0.0,0.0,0.0,0.0,0.0,0.0,0.0
772,0.0,0.0,0.0,0.0,0.0,0.0,0.0,0.0,0.0,0.0,0.0,0.0,0.0,0.0,0.0,0.0
776,0.0,0.0,0.0,0.0,0.0,0.0,0.0,0.0,0.0,0.0,0.0,0.0,0.0,0.0,0.0,0.0
788,0.0,0.0,0.0,0.0,0.0,0.0,0.0,0.0,0.0,0.0,0.0,0.0,0.0,0.0,0.0,0.0
796,0.0,0.0,0.0,0.0,0.0,0.0,0.0,0.0,0.0,0.0,0.0,0.0,0.0,0.0,0.0,0.0
802,0.0,0.0,0.0,0.0,0.0,0.0,0.0,0.0,0.0,0.0,0.0,0.0,0.0,0.0,0.0,0.0
806,0.0,0.0,0.0,0.0,0.0,0.0,0.0,0.0,0.0,0.0,0.0,0.0,0.0,0.0,0.0,0.018798861652612686
814,0.0,0.0,0.0,0.0,0.0,0.0,0.0,0.0,0.0,0.0,0.0,0.0,0.0,0.0,0.0,0.0
846,0.0,0.038462355732917786,0.0,0.09992418438196182,0.1053440198302269,0.0,0.0,0.0,0.0,0.0,0.0,0.0,0.0,0.0,0.0,0.0
849,0.1726285219192505,0.3268643319606781,0.09555581212043762,0.0,0.0,0.15807928144931793,0.06430808454751968,0.24086861312389374,0.0,0.3699711263179779,0.517109751701355,0.0,0.1401839703321457,0.06254729628562927,0.31410351395606995,0.16733038425445557
858,0.0,0.0,0.0,0.0,0.0,0.0,0.0,0.0,0.0,0.0,0.0,0.0,0.0,0.0,0.0,0.0
865,0.2892098128795624,0.0,0.0,0.06986764818429947,0.0,0.0,0.0,0.02384200133383274,0.0,0.0,0.0,0.0,0.0,0.0,0.0,0.0
873,0.0,0.5647372007369995,0.0,0.0,0.0,0.0,0.429648756980896,0.0,0.0,0.05995766818523407,0.0,0.29816368222236633,0.0,0.0,0.0,0.027694499120116234
882,0.0,0.0,0.0,0.0,0.0,0.0,0.0,0.0,0.0,0.0,0.0,0.0,0.0,0.0,0.0,0.0
883,0.0,0.0,0.0,0.0,0.0,0.0,0.0,0.11954057961702347,0.0,0.0,0.0,0.0,0.0,0.0,0.0,0.0
888,0.0,0.0,0.0,0.0,0.0,0.0,0.0,0.0,0.0,0.0,0.0,0.0,0.0,0.0,0.0,0.0
889,0.6240939497947693,0.0976802259683609,0.0250133965164423,0.2942224442958832,0.08294359594583511,0.11741974204778671,0.07159619778394699,0.03352752700448036,0.4345758855342865,0.2847958207130432,0.2480420023202896,0.15022452175617218,0.26749762892723083,0.25258466601371765,0.12492077052593231,0.01976090669631958
893,0.040424954146146774,0.0,0.738531768321991,0.0,0.12949508428573608,0.26954129338264465,0.7308241724967957,0.6521241664886475,0.06872449070215225,0.6047715544700623,0.5079602599143982,0.8239480257034302,0.434232622385025,0.6102336645126343,0.910998523235321,0.1538200080394745
894,0.0,0.0,0.0,0.0,0.0,0.0,0.0,0.0,0.0,0.0,0.0,0.0,0.0,0.0,0.0,0.0
901,0.0,0.0,0.0,0.0,0.4331553876399994,0.8654383420944214,0.28502988815307617,0.9514238238334656,0.8807182908058167,0.6552578210830688,0.895704448223114,0.7296200394630432,0.0,0.49844270944595337,0.7815243601799011,0.0
907,0.0,0.0,0.0,0.0,0.0,0.0,0.0,0.0,0.0,0.0,0.0,0.0,0.0,0.0,0.0,0.0
909,0.0,0.0,0.0,0.0,0.0,0.0,0.0,0.0,0.0,0.0,0.0,0.0,0.0,0.0,0.0,0.0
918,0.0,0.0,0.0,0.0,0.0,0.0,0.0,0.0,0.0,0.0,0.0,0.0,0.0,0.0,0.0,0.0
921,0.034122731536626816,0.032033514231443405,0.024667302146553993,0.0,0.0,0.0,0.004274389706552029,0.07232926040887833,0.0,0.0,0.04552537575364113,0.0,0.0,0.054564788937568665,0.0,0.04523702338337898
924,0.0,0.0,0.0,0.0,0.0,0.0,0.0,0.0,0.0,0.0,0.0,0.0,0.0,0.0,0.0,0.0
928,0.0,0.0,0.0,0.0,0.0,0.0,0.0,0.0,0.0,0.0,0.6220661401748657,0.23469017446041107,0.0,0.4976021647453308,0.0,0.0
933,0.0,0.0,0.0,0.0,0.0,0.0,0.0,0.0,0.0,0.0,0.0,0.0,0.0,0.0,0.0,0.0
934,0.0,0.0,0.0,0.0,0.0,0.0,0.0,0.0,0.0,0.0,0.0,0.0,0.0,0.0,0.0,0.0
938,0.0,0.0,0.0,0.0,0.0,0.0,0.0,0.0,0.0,0.0,0.0,0.0,0.0,0.0,0.0,0.0
941,0.0,0.0,0.0,0.0,0.0,0.0,0.0,0.0,0.0,0.0,0.0,0.0,0.0,0.0,0.0,0.0
950,0.0,0.0,0.0,0.0,0.0,0.0,0.0,0.0,0.0,0.0,0.0,0.0,0.0,0.0,0.0,0.0
953,0.060089316219091415,0.0,0.04408862069249153,0.0,0.0,0.0,0.0,0.028214100748300552,0.0320725254714489,0.059926215559244156,0.0,0.0,0.0,0.1116766482591629,0.0014977599494159222,0.0
954,0.0,0.0,0.0,0.0,0.0,0.0,0.0,0.0,0.0,0.0,0.0,0.0,0.0,0.0,0.0,0.0
958,0.35307666659355164,0.6832175850868225,0.9371895790100098,0.0,0.14627985656261444,0.14527469873428345,0.5922996997833252,0.357260525226593,0.7586683034896851,0.0,0.5222789645195007,0.0,0.26901501417160034,0.24768127501010895,0.0443919375538826,0.44240665435791016
960,0.0,0.0,0.0,0.0,0.0,0.0,0.0,0.0,0.0,0.0,0.0,0.0,0.0,0.0,0.0,0.0
969,0.0,0.0,0.0,0.0,0.0,0.0,0.0,0.0,0.0,0.0,0.0,0.0,0.0,0.0,0.0,0.0
970,0.0,0.16763849556446075,0.5189284086227417,0.6015496253967285,0.7429236769676208,0.6675626039505005,0.0,0.5890302062034607,0.9388360381126404,0.0,0.31789371371269226,0.3823092579841614,0.6927812099456787,0.2532743215560913,0.8796710968017578,0.98588627576828
971,0.0,0.0,0.0,0.0,0.0,0.0,0.0,0.0,0.0,0.0,0.0,0.0,0.0,0.0,0.0,0.0
975,0.09077320247888565,0.15931999683380127,0.1883002072572708,0.18302719295024872,0.0,0.15823081135749817,0.22624759376049042,0.02672480046749115,0.14737750589847565,0.12306199222803116,0.028740599751472473,0.13164900243282318,0.18883249163627625,0.06994660198688507,0.14774000644683838,0.029488500207662582
994,0.0,0.0,0.0,0.0,0.0,0.0,0.2242821902036667,0.2309132218360901,0.0,0.19832681119441986,0.0,0.0,0.2777910828590393,0.0,0.2700445055961609,0.0
997,0.0,0.0,0.0,0.0,0.0,0.0,0.0,0.0,0.0,0.0,0.0,0.0,0.0,0.0,0.0,0.0
1000,0.0,0.031011607497930527,0.0,0.020318714901804924,0.012958000414073467,0.0,0.0,0.0,0.0,0.0,0.0,0.0,0.0,0.0,0.0,0.0
1003,0.0,0.0,0.0,0.0,0.0,0.0,0.0,0.12212233990430832,0.0,0.0,0.0,0.0,0.14480744302272797,0.018281571567058563,0.0,0.0
1006,0.0,0.0,0.0,0.0,0.0,0.0,0.0,0.0,0.0,0.0,0.0,0.0,0.0,0.0,0.0,0.0
1007,0.0,0.0,0.0,0.0,0.0,0.0,0.0,0.0,0.0,0.0,0.0,0.0,0.0,0.0,0.0,0.0
1010,0.024207286536693573,0.07210250198841095,0.08849533647298813,0.026320500299334526,0.01496300008147955,0.09641487151384354,0.0,0.01380483340471983,0.0,0.0,0.0,0.025108499452471733,0.031615860760211945,0.017932333052158356,0.0,0.0
1014,0.23741087317466736,0.8034222722053528,0.9312454462051392,0.41974499821662903,0.2632228434085846,0.12969690561294556,0.03325558826327324,0.8494988679885864,0.6085841655731201,0.8697710037231445,0.9737269878387451,0.4893978238105774,0.34382838010787964,0.48126471042633057,0.8977476954460144,0.9470197558403015
1017,0.0,0.0,0.0,0.0,0.0,0.0,0.0,0.0,0.0,0.0,0.0,0.0,0.0,0.0,0.0,0.0
1018,0.0,0.4817507266998291,0.04042942449450493,0.0,0.23051726818084717,0.0,0.10408253967761993,0.0,0.028714168816804886,0.0,0.6959968209266663,0.0,0.5639342069625854,0.10120315849781036,0.0,0.0
1023,0.0,0.0,0.0,0.0,0.0,0.0,0.0,0.0,0.0,0.0,0.0,0.0,0.0,0.0,0.0,0.0
1029,0.0,0.0,0.0,0.0,0.0,0.0,0.0,0.0,0.0,0.0,0.0,0.0,0.0,0.0,0.0,0.0
1031,0.0,0.0,0.0,0.0,0.0,0.07864440232515335,0.0,0.0,0.0,0.035783834755420685,0.0,0.0,0.0,0.0,0.0,0.07558100670576096
1032,0.0,0.0,0.0,0.0,0.0,0.0,0.0,0.0,0.0,0.0,0.0,0.0,0.0,0.0,0.0,0.0
1035,0.0,0.0,0.1046406552195549,0.027299789711833,0.0,0.06445663422346115,0.01815880462527275,0.04545093700289726,0.03503856062889099,0.10927336663007736,0.09956660121679306,0.05594021454453468,0.0,0.0,0.10844272375106812,0.09134705364704132
1040,0.0,0.0,0.0,0.0,0.0,0.0,0.0,0.0,0.0,0.0,0.0,0.0,0.0,0.0,0.0,0.0
1042,0.0,0.0,0.0,0.0,0.0,0.0,0.0,0.0,0.0,0.0,0.0,0.0,0.0,0.0,0.0,0.0
1049,0.0,0.0,0.0,0.0,0.0,0.0,0.9492869973182678,0.0010713571682572365,0.35244300961494446,0.0,0.01618799939751625,0.09894580394029617,0.0,0.0,0.0,0.0
1051,0.0,0.0,0.0,0.0,0.0,0.0,0.0,0.0,0.0,0.0,0.0,0.0,0.0,0.0,0.0,0.0
1052,0.0,0.293590247631073,0.3030591309070587,0.9354842901229858,0.6264220476150513,0.26991355419158936,0.0,0.9274181127548218,0.9049988389015198,0.7583745718002319,0.32544583082199097,0.7834011912345886,0.0,0.0,0.0,0.8111042976379395
1060,0.0,0.0,0.0,0.0,0.0,0.0,0.0,0.0,0.0,0.0,0.0,0.0,0.0,0.0,0.0,0.0
1067,0.5386307239532471,0.6617664098739624,0.6043288707733154,0.0,0.674193799495697,0.0,0.0,0.0,0.0,0.0,0.0,0.0,0.0,0.2447126805782318,0.40806660056114197,0.4839857518672943
1069,0.0,0.0,0.0,0.0,0.0,0.0,0.0,0.0,0.0,0.0,0.0,0.0,0.0,0.0,0.0,0.0
1070,0.0,0.0,0.0,0.0,0.0,0.0,0.0,0.0,0.0,0.0,0.0,0.0,0.0,0.0,0.0,0.0
1071,0.0,0.0,0.0,0.0,0.0,0.0,0.0,0.0,0.0,0.0,0.0,0.0,0.0,0.0,0.0,0.0
1075,0.0,0.0,0.0,0.0,0.0,0.0,0.0,0.0,0.0,0.0,0.0,0.0,0.0,0.0,0.0,0.0
1079,0.0,0.0,0.0,0.0,0.0,0.0,0.0,0.18809421360492706,0.0,0.0,0.0,0.0,0.0,0.0,0.0,0.0
1083,0.0,0.12428600341081619,0.7371940016746521,0.10923260450363159,0.0,0.0429270975291729,0.13092219829559326,0.2045852243900299,0.0,0.31471699476242065,0.18382924795150757,0.0,0.0,0.0,0.0,0.0
1086,0.0,0.0,0.0,0.0,0.0,0.0,0.0,0.0,0.0,0.0,0.0,0.0,0.0,0.0,0.0,0.0
1091,0.0,0.0,0.0,0.0,0.0,0.0,0.0,0.0,0.09946700185537338,0.0,0.0,0.0,0.0,0.0,0.0,0.0
1093,0.0,0.0,0.0,0.0,0.0,0.0,0.0,0.0,0.0,0.0,0.0,0.0,0.0,0.0,0.0,0.0
1103,0.24162371456623077,0.0,0.16459491848945618,0.14883482456207275,0.10912544280290604,0.0,0.0,0.05001642927527428,0.027748893946409225,0.11052042245864868,0.16415579617023468,0.04087457433342934,0.0,0.0,0.20812642574310303,0.06035200133919716
1115,0.0,0.14612384140491486,0.16033323109149933,0.0,0.17340464890003204,0.14378193020820618,0.1783166527748108,0.0,0.1975206881761551,0.18925915658473969,0.0,0.17706066370010376,0.0,0.24578556418418884,0.0,0.0
1119,0.2413616180419922,0.29506543278694153,0.0,0.0,0.0,0.04335980489850044,0.0,0.2033524364233017,0.026054084300994873,0.0,0.22484254837036133,0.0,0.0,0.18242725729942322,0.3333691954612732,0.22876903414726257
1122,0.0,0.0,0.0,0.08122675120830536,0.2110278159379959,0.0,0.0,0.0,0.0,0.0,0.0,0.0,0.0,0.0,0.12104500830173492,0.0
1133,0.05666966736316681,0.0,0.0,0.0,0.03324427828192711,0.0,0.0,0.0,0.0,0.0,0.0,0.0,0.0,0.0,0.0,0.0
1139,0.0,0.0,0.0,0.0,0.0,0.0,0.0,0.0,0.0,0.0,0.0,0.0,0.0,0.0,0.0,0.0
1145,0.0,0.0,0.0,0.0,0.0,0.0,0.0,0.0,0.0,0.0,0.0,0.0,0.0,0.0,0.0,0.0
1147,0.6412810683250427,0.01575700007379055,0.8576359748840332,0.0,0.0,0.9871355295181274,0.477965384721756,0.0,0.3223924934864044,0.0,0.4874592423439026,0.9972355365753174,0.35471734404563904,0.34581100940704346,0.5785657167434692,0.6363276243209839
1150,0.0,0.0,0.0,0.0,0.0,0.0,0.0,0.0875600054860115,0.0,0.5478196740150452,0.0,0.0,0.0,0.0,0.0,0.0
1154,0.0,0.0,0.0,0.0,0.0,0.0,0.0,0.0,0.0,0.0,0.0,0.0,0.0,0.0,0.0,0.0
1157,0.0,0.0,0.0,0.0,0.0,0.0,0.0,0.0,0.0,0.0,0.0,0.0,0.0,0.0,0.0,0.0
1164,0.10187236964702606,0.1917986422777176,0.0,0.5185454487800598,0.08660764247179031,0.6842067241668701,0.0,0.0,0.0,0.0,0.07717035710811615,0.645217776298523,0.0,0.7729220390319824,0.0,0.0
1165,0.0,0.0,0.0,0.0,0.0,0.0,0.0,0.0,0.0,0.0,0.0,0.0,0.0,0.0,0.0,0.0
1191,0.0,0.0,0.0,0.0,0.0,0.0,0.0,0.0,0.0,0.0,0.0,0.0,0.0,0.0,0.0,0.0
1197,0.0,0.0,0.0,0.0,0.0,0.0,0.0,0.0,0.0,0.0,0.0,0.0,0.0,0.0,0.0,0.0
1200,0.0,0.0,0.0,0.0,0.0,0.0,0.0,0.0,0.0,0.0,0.0,0.0,0.0,0.0,0.0,0.0
1204,0.0,0.0,0.0,0.0,0.0,0.0,0.0,0.0,0.0,0.0,0.0,0.0,0.0,0.0,0.0,0.0
1207,0.0,0.0,0.0,0.0,0.0,0.0,0.0,0.0,0.0,0.0,0.0,0.0,0.0,0.0,0.0,0.0
1211,0.14097149670124054,0.7742199897766113,0.0,0.7636014223098755,0.10893390327692032,0.5661031007766724,0.46128976345062256,0.0,0.5526354908943176,0.0,0.20078401267528534,0.3699617385864258,0.0,0.6578280329704285,0.5271142721176147,0.2904900014400482
1218,0.0,0.0,0.0,0.0,0.0,0.0,0.0,0.0,0.0,0.1064785048365593,0.0,0.0,0.0,0.0,0.0,0.0
1240,0.0,0.0,0.0,0.0,0.0,0.0,0.0,0.0,0.0,0.0,0.0,0.0,0.0,0.0,0.0,0.0
1244,0.0,0.0,0.0,0.0,0.0,0.0,0.0,0.0,0.0,0.0,0.0,0.0,0.0,0.0,0.0,0.0
1246,0.0,0.0,0.0,0.0,0.0,0.0,0.0,0.0,0.0,0.0,0.0,0.0,0.0,0.0,0.0,0.0
1266,0.0,0.18580932915210724,0.13348983228206635,0.0,0.8436326384544373,0.6962780356407166,0.0,0.0,0.3938511610031128,0.7651480436325073,0.2913219928741455,0.32777470350265503,0.0,0.9732469916343689,0.4192924201488495,0.4084545969963074
1270,0.0,0.0,0.0,0.0,0.0,0.0,0.0,0.0,0.0,0.0,0.0,0.0,0.0,0.0,0.0,0.0
1272,0.0,0.0,0.0,0.0,0.0,0.0,0.0,0.0,0.0,0.0,0.0,0.0,0.0,0.0,0.0,0.0
1274,0.0,0.0,0.0,0.0,0.0,0.0,0.0,0.0,0.0,0.0,0.0,0.0,0.0,0.073618084192276,0.0,0.0
1280,0.0,0.0,0.0,0.0,0.0,0.0,0.0,0.0,0.0,0.0,0.0,0.0,0.0,0.0,0.0,0.0
1282,0.42379945516586304,0.0,0.3689218759536743,0.44677695631980896,0.25981274247169495,0.2809765934944153,0.5368094444274902,0.5983368754386902,0.4390614628791809,0.48368677496910095,0.392525851726532,0.47238266468048096,0.23022830486297607,0.4646144211292267,0.4868827164173126,0.3887712359428406
1295,0.0,0.0,0.0,0.0,0.0,0.0,0.0,0.0,0.0,0.0,0.0,0.0,0.0,0.0,0.0,0.0
1300,0.0,0.0,0.0,0.0,0.0,0.0,0.0,0.0,0.0,0.0,0.0,0.0,0.0,0.0,0.0,0.0
1301,0.0,0.0,0.0,0.0,0.0,0.0,0.0,0.0,0.0,0.0,0.0,0.0,0.0,0.0,0.0,0.0
1321,0.0,0.0,0.0,0.0,0.0,0.0,0.0,0.0,0.0,0.0,0.0,0.0,0.0,0.0,0.0,0.0
1327,0.0,0.0,0.0,0.27632924914360046,0.0,0.15027551352977753,0.0,0.0,0.0,0.11563340574502945,0.051854003220796585,0.0,0.0,0.0,0.33218804001808167,0.0
1330,0.0,0.0,0.0,0.0,0.0,0.0,0.0,0.0,0.0,0.0,0.0,0.0,0.0,0.0,0.0,0.0
1337,0.24055497348308563,0.1899992674589157,0.14924579858779907,0.5188776850700378,0.2242780327796936,0.5711700916290283,0.3012996315956116,0.0,0.45056673884391785,0.2070685774087906,0.26778745651245117,0.7989596128463745,0.06348633021116257,0.010287624783813953,0.37041643261909485,0.0872577503323555
1340,0.018783150240778923,0.0,0.0,0.0,0.0,0.0,0.007345583289861679,0.0,0.0,0.0,0.0,0.0,0.0,0.0,0.0,0.0
1341,0.0,0.0,0.0,0.0,0.0,0.0,0.0,0.0,0.0,0.0,0.0,0.0,0.0,0.0,0.0,0.23300600051879883
1344,0.0,0.0,0.0,0.0,0.0,0.0,0.0,0.0,0.0,0.5427640080451965,0.0,0.0,0.0,0.0,0.0,0.0
1349,0.0,0.0,0.0,0.0,0.0,0.0,0.0,0.0,0.0,0.0,0.0,0.0,0.0,0.0,0.0,0.0
1358,0.0,0.0,0.0,0.0,0.0,0.0,0.0,0.0,0.0,0.0,0.0,0.0,0.0,0.0,0.0,0.0
1368,0.0,0.0,0.0,0.0,0.0,0.0,0.0,0.0,0.0,0.0,0.0,0.0,0.0,0.0,0.0,0.0
1372,0.0,0.0,0.0,0.0,0.0,0.0,0.0,0.0,0.0,0.0,0.0,0.0,0.0,0.0,0.03302450105547905,0.0
1375,0.0,0.0,0.0,0.0,0.0,0.0,0.0,0.0,0.0,0.0,0.0,0.0,0.0,0.0,0.0,0.0
1380,0.0,0.0,0.0,0.0,0.0,0.05329987034201622,0.0,0.0,0.0,0.0,0.0,0.0,0.0,0.0,0.0,0.0
1384,0.0,0.0,0.0,0.0,0.0,0.03568524867296219,0.0,0.0,0.0,0.04488266631960869,0.0,0.0,0.0,0.0,0.0,0.0
1388,0.0,0.0,0.0,0.0,0.0,0.0,0.0,0.0,0.0,0.0,0.0,0.0,0.0,0.036357998847961426,0.0,0.0
1391,0.0,0.0,0.0,0.0,0.0,0.0,0.0,0.0,0.0,0.0,0.0,0.0,0.0,0.0,0.0,0.0
1398,0.0,0.0,0.0,0.0,0.0,0.40266668796539307,0.011202407069504261,0.06855614483356476,0.0,0.0,0.0,0.0,0.0,0.0,0.0,0.0
1399,0.0,0.0,0.0,0.0,0.0,0.0,0.0,0.0,0.0,0.0,0.0,0.0,0.0,0.0,0.0,0.0
1404,0.29264509677886963,0.34874963760375977,0.27170610427856445,0.5445826649665833,0.7229695916175842,0.0,0.7654327750205994,0.0,0.24444961547851562,0.11311950534582138,0.36606907844543457,0.5418196320533752,0.02722812443971634,0.2454110085964203,0.03393244370818138,0.22206544876098633
1407,0.0,0.0,0.0,0.0,0.0,0.0,0.0,0.0,0.0,0.0,0.0,0.0,0.0,0.0,0.0,0.0
1410,0.48094916343688965,0.30932918190956116,0.4002775251865387,0.09580662101507187,0.48593300580978394,0.7570382356643677,0.48357170820236206,0.1940876692533493,0.9587960243225098,0.0,0.13938729465007782,0.0,0.3092319071292877,0.7750898599624634,0.8450459837913513,0.17604291439056396
1415,0.9890210032463074,0.4741474986076355,0.6176835298538208,0.5466646552085876,0.0,0.0,0.9201340079307556,0.0,0.9876930117607117,0.0,0.0,0.0,0.0,0.0,0.0,0.4860230088233948
1417,0.0,0.0,0.0,0.0,0.0,0.0,0.0,0.0,0.0,0.0,0.0,0.0,0.0,0.0,0.0,0.0
1425,0.0,0.0,0.0,0.0,0.0,0.0,0.0,0.0,0.0,0.0,0.0,0.0,0.0,0.0,0.0,0.0
1429,0.0,0.0,0.0,0.0,0.0,0.0,0.0,0.0,0.0,0.0,0.0,0.0,0.0,0.0,0.0,0.0
1433,0.0,0.0,0.0,0.0,0.0,0.0,0.0,0.0,0.0,0.0,0.0,0.0,0.0,0.0,0.0,0.0
1436,0.0,0.0,0.0,0.0,0.0,0.0,0.0,0.0,0.0,0.0,0.0,0.0,0.0,0.0,0.0,0.0
1437,0.0,0.0,0.0,0.0,0.0,0.0,0.0,0.0,0.0,0.01622641831636429,0.0,0.0,0.0,0.0,0.0,0.005868846550583839
1438,0.0,0.0,0.0,0.0,0.0,0.0,0.0,0.0,0.0,0.0,0.0,0.0,0.0,0.0,0.0,0.0
1439,0.0,0.0,0.0,0.0,0.0,0.0,0.0,0.0,0.0,0.0,0.0,0.0,0.0,0.0,0.0,0.0
1441,0.0,0.06620900332927704,0.0,0.1126829981803894,0.0,0.23905429244041443,0.0,0.0,0.13238589465618134,0.0,0.2343466579914093,0.0,0.0,0.0,0.1364949643611908,0.0
1452,0.0,0.0,0.0,0.0,0.0,0.0,0.12360499799251556,0.4063720107078552,0.0,0.06373199820518494,0.0,0.0,0.0,0.0,0.38015198707580566,0.0
1457,0.0,0.0,0.0,0.0,0.0,0.0,0.0,0.0,0.0,0.0,0.0,0.0,0.0,0.0,0.0,0.0
1465,0.0,0.0,0.0,0.0,0.0,0.0,0.0,0.0,0.0,0.0,0.0,0.0,0.0,0.0,0.0,0.0
1467,0.06745082885026932,0.22927850484848022,0.0,0.0,0.0,0.0,0.0,0.0,0.272289514541626,0.09423050284385681,0.0,0.0,0.0,0.2033025026321411,0.0,0.060873501002788544
1480,0.0,0.0,0.0,0.0,0.0,0.0,0.0,0.0,0.0,0.0,0.0,0.0,0.0,0.0,0.0,0.0
1481,0.0,0.0,0.0,0.0,0.0,0.0,0.0,0.0,0.0,0.0,0.0,0.0,0.0,0.0,0.0,0.0
1485,0.06918228417634964,0.0,0.0,0.08693715184926987,0.0,0.0,0.0,0.8429886698722839,0.0,0.0,0.07507150620222092,0.0,0.029786473140120506,0.0,0.04287340119481087,0.0
1486,0.0,0.0,0.0,0.0,0.0,0.0,0.0,0.0,0.0,0.0,0.0,0.0,0.0,0.0,0.0,0.0
1500,0.0,0.0,0.0,0.0,0.0,0.0,0.0,0.0,0.0,0.0,0.0,0.0,0.0,0.0,0.0,0.0
1501,0.08617627620697021,0.03807569667696953,0.0,0.0,0.0,0.0,0.03201168403029442,0.12314688414335251,0.0,0.0,0.0,0.0,0.0,0.0,0.0,0.10779522359371185
1507,0.0,0.0,0.0,0.0,0.0,0.0,0.0,0.0,0.0,0.0,0.0,0.0,0.0,0.0,0.0,0.0
1515,0.9869572520256042,0.9806129932403564,0.0,0.0,0.9495260119438171,0.6594834923744202,0.0,0.0,0.9907090067863464,0.0,0.0,0.0,0.0,0.0,0.0,0.0
1517,0.0,0.0,0.0,0.0,0.0,0.0,0.0,0.0,0.0,0.0,0.0,0.0,0.0,0.0,0.0,0.0
1518,0.0,0.0,0.0,0.0,0.0,0.0,0.0,0.0,0.0,0.0,0.0,0.0,0.0,0.0,0.0,0.0
1532,0.0,0.0,0.0,0.0,0.0,0.0,0.0,0.0,0.0,0.0,0.0,0.0,0.0,0.0,0.0,0.0
1533,0.0,0.0,0.11355680227279663,0.0,0.0,0.0,0.0,0.0,0.0,0.0,0.0,0.0,0.0,0.0,0.0,0.0
1538,0.0,0.0,0.0,0.0,0.0,0.0,0.0,0.0,0.0,0.0,0.0,0.0,0.0,0.0,0.0,0.0
1540,0.0,0.0,0.1690659373998642,0.0,0.0,0.10078675299882889,0.0,0.09656514972448349,0.0,0.0,0.0,0.0,0.0,0.0,0.16403818130493164,0.0
1542,0.0,0.0,0.0,0.0,0.0,0.0,0.0,0.0,0.0,0.0,0.0,0.0,0.0,0.0,0.0,0.0
1547,0.0,0.0,0.1269627809524536,0.0,0.0,0.46737751364707947,0.0,0.0,0.0,0.0,0.1537407785654068,0.0,0.18855588138103485,0.4149232506752014,0.15821772813796997,0.04711494594812393
1558,0.0,0.0,0.0,0.0,0.0,0.0,0.0,0.0,0.0,0.0,0.0,0.0,0.0,0.0,0.0,0.0
1560,0.10849495977163315,0.0,0.03921344503760338,0.03725749999284744,0.020905999466776848,0.0,0.26013094186782837,0.8337904214859009,0.0,0.41619524359703064,0.0,0.8597487807273865,0.540691614151001,0.0,0.0,0.731608510017395
1575,0.0,0.0,0.0,0.0,0.0,0.0,0.0,0.0,0.0,0.0,0.0,0.0,0.0,0.0,0.0,0.0
1576,0.011180001311004162,0.0,0.030334308743476868,0.0,0.06015300378203392,0.0,0.0,0.1275637447834015,0.034422002732753754,0.5010861158370972,0.08695472031831741,0.15103571116924286,0.03946941718459129,0.010629999451339245,0.0,0.0
1587,0.0,0.0,0.0,0.0,0.0,0.0,0.0,0.0,0.0,0.0,0.0,0.0,0.0,0.0,0.0,0.0
1588,0.0,0.0,0.0,0.0,0.0,0.0,0.0,0.0,0.0,0.0,0.0,0.0,0.0,0.0,0.0,0.0
1589,0.0,0.0,0.0,0.0,0.0,0.0,0.0,0.0,0.0,0.0,0.0,0.0,0.0,0.0,0.0,0.0
1591,0.24285486340522766,0.28949078917503357,0.3265668749809265,0.4061986207962036,0.8326699137687683,0.19064739346504211,0.3558856248855591,0.4431142807006836,0.3100196421146393,0.1849762499332428,0.31300607323646545,0.7548235058784485,0.21400724351406097,0.47995108366012573,0.5384395122528076,0.20026829838752747
1592,0.0,0.030949749052524567,0.0,0.0,0.0,0.03411899879574776,0.04555180296301842,0.0,0.012700499966740608,0.0,0.08704451471567154,0.0,0.0,0.0,0.0,0.04387133568525314
1595,0.0,0.0,0.0,0.0,0.0,0.0,0.0,0.0,0.0,0.0,0.0,0.0,0.0,0.0,0.0,0.0
1607,0.0,0.0,0.0,0.0,0.0,0.0,0.0,0.0,0.0,0.0,0.0,0.0,0.0,0.0,0.0,0.0
1611,0.0,0.0,0.02099381946027279,0.0,0.0,0.0,0.0,0.0,0.0,0.0,0.019841153174638748,0.0,0.0,0.0,0.0,0.0
1630,0.0,0.0,0.0,0.0,0.0,0.0,0.0,0.0,0.0,0.0,0.0,0.0,0.0,0.0,0.0,0.0
1634,0.0,0.0,0.0,0.0,0.0,0.0,0.0,0.0,0.0,0.0,0.0,0.0,0.0,0.0,0.0,0.0
1653,0.032552558928728104,0.020808778703212738,0.0,0.06667931377887726,0.28859418630599976,0.0,0.0,0.0,0.0,0.790318489074707,0.0,0.0,0.0,0.6394296884536743,0.0,0.0
1655,0.0,0.0,0.0,0.0,0.0,0.0,0.0,0.0,0.0,0.0,0.0,0.0,0.0,0.0,0.0,0.0
1664,0.46465688943862915,0.20942573249340057,0.7367628812789917,0.7717384099960327,0.1983984410762787,0.740900993347168,0.5349961519241333,0.8305156230926514,0.4396115243434906,0.2275279015302658,0.6434409022331238,0.7749091386795044,0.41857537627220154,0.7290992736816406,0.29735779762268066,0.7761586904525757
1667,0.0,0.0,0.0,0.0,0.0,0.0,0.0,0.0,0.0,0.0,0.0,0.0,0.0,0.0,0.0,0.0
1672,0.36358967423439026,0.6067330837249756,0.41260236501693726,0.10511871427297592,0.27846190333366394,0.5484393239021301,0.6871225833892822,0.7024767398834229,0.2805803716182709,0.0,0.6525444984436035,0.0,0.21309758722782135,0.6926200985908508,0.0,0.75483238697052
1684,0.0,0.0,0.0,0.0,0.0,0.0,0.0,0.0,0.0,0.0,0.0,0.0,0.0,0.0,0.0,0.0
1687,0.0,0.0,0.0,0.0,0.0,0.0,0.0,0.0,0.0,0.0,0.0,0.0,0.0,0.0,0.0,0.0
1707,0.0,0.0,0.0,0.0,0.0,0.0,0.0,0.0,0.0,0.0,0.0,0.0,0.0,0.0,0.0,0.0
1709,0.0,0.0,0.0,0.0,0.0,0.0,0.0,0.0,0.0,0.0,0.0,0.0,0.0,0.0,0.0,0.0
1713,0.029230842366814613,0.0,0.29170161485671997,0.5767014026641846,0.3189071714878082,0.017410529777407646,0.12984588742256165,0.0,0.21557840704917908,0.00335955573245883,0.0,0.12409470975399017,0.012149273417890072,0.02332528680562973,0.05617203935980797,0.0712975263595581
1718,0.0,0.0,0.0,0.0,0.0,0.0,0.0,0.0,0.0,0.12958765029907227,0.0,0.0,0.0,0.0,0.0,0.0
1720,0.1604524403810501,0.0,0.0,0.0,0.08006507903337479,0.0,0.0,0.1131301075220108,0.156913161277771,0.0,0.0,0.0,0.0,0.0,0.0,0.0
1721,0.0,0.05079007148742676,0.0,0.09094379842281342,0.0,0.0,0.08207297325134277,0.07356154918670654,0.11045758426189423,0.0,0.1895637810230255,0.0,0.0667702704668045,0.0,0.0,0.0
1726,0.09919730573892593,0.13493682444095612,0.05968420207500458,0.04409540817141533,0.10639956593513489,0.0,0.0,0.12981325387954712,0.0,0.1928291916847229,0.0,0.0,0.09973733872175217,0.0,0.0,0.0
1734,0.0,0.0,0.0,0.0,0.0,0.0,0.1141544058918953,0.03042549267411232,0.1170417070388794,0.16962650418281555,0.0,0.0,0.0,0.05944882705807686,0.1740715056657791,0.0
1745,0.9564998149871826,0.9934973120689392,0.993232011795044,0.962953507900238,0.9620508551597595,0.9774712324142456,0.9086360335350037,0.9980068802833557,0.8562377095222473,0.6098265647888184,0.995038628578186,0.8310338854789734,0.9281538724899292,0.11851760745048523,0.9917118549346924,0.9917097091674805
1749,0.0,0.0,0.0,0.0,0.0,0.0,0.013579857535660267,0.0,0.0,0.0,0.0,0.0,0.0,0.0,0.0,0.0
1753,0.0,0.20680133998394012,0.0,0.1770315319299698,0.0,0.0844438448548317,0.18106816709041595,0.0,0.0,0.0,0.08258496969938278,0.0,0.25893455743789673,0.19300292432308197,0.0,0.3217300772666931
1757,0.0,0.0,0.0,0.12742730975151062,0.0,0.0,0.0,0.0,0.0,0.0,0.0833585187792778,0.0,0.0,0.0,0.3107462525367737,0.0
1765,0.0,0.0,0.0,0.0,0.0,0.0,0.0,0.0,0.0,0.0,0.0,0.0,0.0,0.0,0.0,0.0
1772,0.0,0.0,0.0,0.0,0.0,0.0,0.0,0.0,0.0,0.0,0.0,0.0,0.0,0.0,0.0,0.0
1775,0.0,0.0,0.0,0.0,0.0,0.0,0.0,0.0,0.0,0.2827789783477783,0.0,0.0,0.0,0.0,0.48940858244895935,0.0
1782,0.0,0.0,0.0,0.0,0.0,0.0,0.0,0.0,0.0,0.0,0.0,0.0,0.0,0.0,0.0,0.0
1786,0.0,0.0,0.0,0.0,0.0,0.0,0.0,0.0,0.0,0.0,0.0,0.0,0.0,0.0,0.0,0.0
1788,0.0,0.0,0.0,0.0,0.0,0.0,0.0,0.0,0.0,0.0,0.0,0.0,0.0,0.0,0.0,0.0
1808,0.0,0.0,0.0,0.0,0.0,0.0,0.0,0.0,0.0,0.827284038066864,0.0,0.0,0.0,0.0,0.0,0.0
1816,0.0,0.0,0.0,0.0,0.0,0.0,0.0,0.0,0.0,0.0,0.0,0.0,0.0,0.0,0.0,0.0
1825,0.0,0.0,0.0,0.0,0.0,0.0,0.0,0.0,0.0,0.0,0.0,0.0,0.0,0.0,0.0,0.0
1833,0.0,0.0,0.0,0.0,0.0,0.0,0.0,0.0,0.0,0.0,0.0,0.0,0.0,0.0,0.0,0.0
1840,0.0,0.0,0.0,0.0,0.0,0.0,0.0,0.0,0.0,0.0,0.0,0.0,0.0,0.0,0.0,0.0
1850,0.0,0.0,0.0,0.0,0.0,0.0,0.0,0.0,0.0,0.0,0.0,0.8103470206260681,0.0,0.0,0.0,0.7431569695472717
1856,0.0,0.0,0.0,0.021346937865018845,0.11088100075721741,0.0,0.0,0.0,0.0,0.0,0.0,0.0,0.0,0.0,0.0,0.0
1858,0.0,0.0,0.0,0.0,0.0,0.0,0.0,0.0,0.0,0.0,0.0,0.0,0.0,0.0,0.0,0.0
1860,0.0,0.0,0.0,0.0,0.0,0.0,0.0,0.0,0.0,0.0,0.0,0.0,0.0,0.0,0.0,0.0
1865,0.0,0.0,0.0,0.0,0.0,0.0,0.0,0.0,0.0,0.0,0.0,0.0,0.0,0.0,0.0,0.0
1874,0.0,0.0,0.0,0.0,0.3422906994819641,0.0,0.0,0.11081299930810928,0.0,0.05209864303469658,0.17243975400924683,0.30452221632003784,0.0,0.0,0.0,0.4825241267681122
1880,0.0,0.19656331837177277,0.0,0.0,0.08371960371732712,0.0,0.0,0.0,0.062069859355688095,0.0,0.0,0.0,0.0,0.2746885120868683,0.18444351851940155,0.0
1881,0.0,0.0,0.0,0.0,0.0,0.13649314641952515,0.0,0.0,0.0535951666533947,0.0,0.0,0.0,0.0,0.0,0.0,0.0
1891,0.0,0.0,0.0,0.0,0.0,0.0,0.0,0.0,0.0,0.0,0.0,0.0,0.0,0.0,0.0,0.0
1899,0.0,0.0,0.0,0.0,0.0,0.0,0.0,0.0,0.0,0.0,0.0,0.0,0.0,0.0,0.0,0.0
1903,0.0,0.0,0.0,0.0,0.0,0.0,0.0,0.0,0.0,0.0,0.0,0.0,0.0,0.0,0.0,0.0
1907,0.0,0.0,0.0,0.0,0.0,0.0,0.0,0.0,0.0,0.0,0.0,0.0,0.0,0.0,0.0,0.0
1911,0.0,0.19808827340602875,0.0,0.0,0.22620487213134766,0.010914262384176254,0.27671846747398376,0.10173827409744263,0.2243906855583191,0.0,0.0,0.0,0.0,0.0,0.0,0.0
1920,0.0,0.0,0.0,0.0,0.0,0.0,0.0,0.0,0.0,0.0,0.0,0.0,0.0,0.0,0.0,0.0
1931,0.0,0.7632667422294617,0.0,0.0,0.0,0.0,0.555269718170166,0.0,0.6918178796768188,0.0,0.0,0.39128726720809937,0.7414913177490234,0.9409780502319336,0.0,0.0
1934,0.0672382116317749,0.03338826075196266,0.06929229944944382,0.09202887117862701,0.0,0.11141449958086014,0.0,0.07922384142875671,0.02901739627122879,0.0,0.0,0.0,0.0,0.1308695375919342,0.0,0.11777405440807343
1939,0.0,0.15091446042060852,0.0,0.4828556180000305,0.0,0.0,0.0,0.6984270215034485,0.0,0.0,0.0,0.0,0.0,0.0,0.0,0.0
1946,0.0,0.0,0.0,0.0,0.0,0.0,0.0,0.0,0.0,0.0,0.0,0.0,0.0,0.0,0.0,0.0
1958,0.0,0.0,0.0,0.0,0.0,0.0,0.0,0.0,0.0,0.0,0.0,0.0,0.0,0.0,0.0,0.0
1960,0.0,0.0,0.0,0.0,0.0,0.0,0.0,0.0,0.0,0.0,0.0,0.0,0.0,0.0,0.0,0.0
1976,0.0,0.0,0.0,0.0,0.0,0.0,0.0,0.0,0.0,0.0,0.0,0.0,0.0,0.0,0.0,0.0
1984,0.0,0.0,0.0,0.0,0.0,0.0,0.0,0.0,0.0,0.0,0.0,0.0,0.0,0.0,0.0,0.0
1993,0.0,0.0,0.0,0.0,0.0,0.0,0.0,0.0,0.0,0.0,0.0,0.0,0.0,0.0,0.0,0.0
2001,0.0,0.0,0.0,0.0,0.0,0.0,0.0,0.0,0.0,0.0,0.0,0.0,0.0,0.0,0.0,0.0
2005,0.0,0.0,0.0,0.0,0.0,0.0,0.0,0.0,0.0,0.0,0.0,0.0,0.0,0.0,0.0,0.0
2006,0.0,0.0,0.0,0.0,0.0,0.0,0.0,0.0,0.0,0.0,0.0,0.0,0.0,0.0,0.0,0.0
2009,0.13801848888397217,0.17524434626102448,0.09007077664136887,0.20919665694236755,0.08577682077884674,0.21744510531425476,0.03164331242442131,0.0,0.23065771162509918,0.1194898709654808,0.25278282165527344,0.0,0.08306273818016052,0.046424005180597305,0.04068824648857117,0.022375887259840965
2013,0.2698054313659668,0.23454849421977997,0.0,0.0,0.0,0.0,0.17669571936130524,0.3189980983734131,0.175430029630661,0.19242793321609497,0.3062586188316345,0.17926204204559326,0.0,0.0,0.0,0.25929132103919983
2015,0.6423332691192627,0.0,0.6131759881973267,0.2348303347826004,0.3733155131340027,0.0,0.0,0.0,0.0,0.7110762596130371,0.0,0.0,0.0,0.0,0.0,0.0
2024,0.0,0.0,0.0,0.0,0.0,0.0,0.0,0.0,0.0,0.0,0.0,0.0,0.0,0.0,0.0,0.0
2026,0.9371703267097473,0.9320657849311829,0.9140482544898987,0.9461787343025208,0.9791841506958008,0.9554216861724854,0.8940146565437317,0.9563971161842346,0.94583660364151,0.9523653388023376,0.960570216178894,0.925037682056427,0.9479559063911438,0.9068003296852112,0.0,0.9074617028236389
2034,0.0,0.0,0.0,0.0,0.0,0.0,0.0,0.0,0.0,0.0,0.0,0.0,0.0,0.0,0.0,0.0
2039,0.0,0.0,0.0,0.0,0.0,0.0,0.0,0.0,0.0,0.0,0.0,0.0,0.0,0.0,0.0,0.0
2044,0.029438458383083344,0.07113511860370636,0.0,0.28371360898017883,0.0,0.027524229139089584,0.45265600085258484,0.3972926139831543,0.07769689708948135,0.09494276344776154,0.1263612061738968,0.32830485701560974,0.23263536393642426,0.3643737733364105,0.15566852688789368,0.18886731564998627
2048,0.9611822962760925,0.9878968000411987,0.9647579193115234,0.8759516477584839,0.8783331513404846,0.8599317073822021,0.8954991102218628,0.924623966217041,0.971566379070282,0.9759588241577148,0.1409710943698883,0.6566333174705505,0.900797963142395,0.9334333539009094,0.8758804202079773,0.9760234355926514
2053,0.0,0.0,0.0,0.0,0.0,0.0,0.0,0.0,0.0,0.0,0.0,0.0,0.0,0.0,0.0,0.0
2058,0.0,0.0,0.0,0.0,0.0,0.0,0.0,0.0,0.0,0.0,0.0,0.0,0.0,0.0,0.0,0.0
2060,0.023913685232400894,0.02286941558122635,0.0,0.013450833968818188,0.0,0.0,0.0,0.0,0.014926077798008919,0.0069792503491044044,0.012500444427132607,0.0,0.019308101385831833,0.0,0.0,0.0
2062,0.0,0.0,0.0,0.0,0.0,0.0,0.0,0.0,0.0,0.0,0.0,0.0,0.0,0.0,0.0,0.0
2072,0.0,0.0,0.0,0.0,0.0,0.0,0.0,0.0,0.0,0.0,0.0,0.0,0.0,0.0,0.0,0.0
2094,0.0,0.0,0.0,0.604459285736084,0.0,0.0,0.3112240135669708,0.0,0.0,0.0,0.3481733798980713,0.0,0.0,0.0,0.0,0.23922400176525116
2100,0.0,0.0,0.0,0.07741793990135193,0.0,0.0,0.0,0.05600230023264885,0.0,0.0,0.0,0.0,0.0,0.0,0.0,0.0
2105,0.0,0.0,0.0,0.0,0.0,0.0,0.0,0.0,0.0,0.0,0.0,0.0,0.0,0.0,0.0,0.0
2122,0.0,0.0,0.0,0.0,0.0,0.0,0.0,0.0,0.0,0.0,0.0,0.0,0.0,0.0,0.0,0.0
2125,0.0,0.0,0.0,0.0,0.0,0.0,0.0,0.0,0.0,0.0,0.0,0.0,0.0,0.0,0.0,0.0
2128,0.0,0.0,0.0,0.0,0.0,0.0,0.0,0.0,0.0,0.0,0.0,0.0,0.0,0.0,0.0,0.0
2129,0.0,0.0,0.0,0.0,0.0,0.0,0.0,0.0,0.0,0.0,0.0,0.0,0.0,0.0,0.0,0.0
2135,0.0,0.0,0.0,0.0,0.0,0.0,0.0,0.0,0.0,0.0,0.0,0.0,0.0,0.0,0.0,0.0
2141,0.0,0.0,0.0,0.0,0.0,0.0,0.0,0.0,0.0,0.0,0.0,0.0,0.0,0.0,0.0,0.0
2143,0.0,0.0,0.0,0.0,0.0,0.0,0.0,0.0,0.0,0.0,0.0,0.0,0.0,0.0,0.0,0.0
2149,0.0,0.0,0.0,0.0,0.0,0.0,0.0,0.0,0.0,0.0,0.0,0.0,0.0,0.0,0.0,0.0
2157,0.0,0.0,0.10939041525125504,0.0,0.0,0.013771675527095795,0.0,0.0,0.0,0.0,0.0,0.16773922741413116,0.0,0.0,0.15219195187091827,0.0
2166,0.0,0.0,0.0,0.0,0.0,0.0,0.0,0.0,0.0,0.0,0.0,0.0,0.0,0.0,0.0,0.0
2168,0.0,0.0,0.0,0.0,0.0,0.0,0.0,0.0,0.0,0.0,0.0,0.0,0.0,0.0,0.0,0.0
2173,0.05445550009608269,0.07702666521072388,0.0,0.0,0.0,0.0,0.0,0.9833493232727051,0.0,0.0,0.0,0.9107651710510254,0.0,0.0,0.0,0.0
2174,0.0,0.0,0.0,0.0,0.0,0.0,0.0,0.0,0.0,0.0,0.0,0.0,0.0,0.0,0.0,0.0
2189,0.0,0.0,0.0,0.0,0.0,0.0,0.0,0.0,0.0,0.0,0.0,0.0,0.0,0.0,0.0,0.0
2201,0.0,0.0,0.0,0.0,0.0,0.0,0.0,0.0,0.0,0.0,0.0,0.0,0.0,0.0,0.0,0.0
2202,0.0,0.0,0.0,0.0,0.0,0.0,0.0,0.0,0.0,0.0,0.0,0.0,0.0,0.0,0.0,0.0
2205,0.4578690528869629,0.0,0.23718371987342834,0.22141405940055847,0.3507145047187805,0.1759912073612213,0.1873910129070282,0.4238136112689972,0.0,0.0,0.5876383781433105,0.30675208568573,0.5524020195007324,0.39664021134376526,0.0,0.4831203818321228
2215,0.0,0.0,0.0,0.0,0.0,0.0,0.0,0.0,0.0,0.0,0.0,0.0,0.0,0.0,0.0,0.0
2217,0.0,0.051727935671806335,0.07272022217512131,0.0,0.05398818477988243,0.0,0.06853605806827545,0.07122175395488739,0.0,0.06042873114347458,0.017623139545321465,0.0,0.04222698509693146,0.11772608011960983,0.0,0.04145095869898796
2230,0.09817509353160858,0.0,0.046854518353939056,0.0,0.0,0.0,0.035591982305049896,0.0,0.0,0.036648672074079514,0.014205471612513065,0.0,0.048536524176597595,0.09944534301757812,0.0,0.0391823910176754
2243,0.0,0.0,0.0,0.0,0.0,0.0,0.0,0.0,0.0,0.0,0.0,0.0,0.0,0.0,0.0,0.0
2247,0.0,0.0,0.0,0.0,0.0,0.0,0.0,0.0,0.0,0.0,0.0,0.0,0.0,0.0,0.0,0.0
2255,0.0,0.0,0.0,0.0,0.0,0.0,0.0,0.0,0.0,0.0,0.0,0.0,0.0,0.0,0.0,0.0
2256,0.0,0.005485882051289082,0.6488057971000671,0.7884584665298462,0.0,0.0,0.5014692544937134,0.48131775856018066,0.0,0.0,0.0,0.0,0.3172764182090759,0.5958102345466614,0.7766968011856079,0.0279378741979599
2272,0.0,0.0,0.05772699788212776,0.0,0.0,0.0,0.0,0.0,0.0,0.0,0.0,0.0,0.0,0.0,0.0,0.0
2302,0.6688823103904724,0.01189014408737421,0.468036025762558,0.23318631947040558,0.0235359538346529,0.0,0.032421525567770004,0.0,0.21767272055149078,0.30304503440856934,0.7100465893745422,0.6399603486061096,0.0,0.0,0.4597095847129822,0.0
2311,0.5335747599601746,0.0,0.0002652000111993402,0.0,0.0,0.0,0.0,0.19489321112632751,0.0,0.6692540049552917,0.0,0.5810460448265076,0.0,0.0,0.0,0.44402146339416504
2316,0.040660567581653595,0.0,0.0,0.02831854671239853,0.0,0.08443678170442581,0.01822417415678501,0.0,0.0,0.0,0.010689863935112953,0.0,0.01774914190173149,0.1030244380235672,0.08663163334131241,0.07890154421329498
2333,0.0,0.0,0.0,0.0,0.0,0.0,0.0,0.0,0.0,0.0,0.0,0.0,0.0,0.0,0.0,0.0
2336,0.6453397274017334,0.3791861832141876,0.5313786268234253,0.5989415645599365,0.1904580146074295,0.46164143085479736,0.5108144283294678,0.7028160095214844,0.2550807297229767,0.5508997440338135,0.4633728563785553,0.5669887065887451,0.4497582018375397,0.0,0.41694992780685425,0.0
2337,0.0,0.0,0.0,0.0,0.0,0.0,0.0,0.0,0.0,0.0,0.0,0.0,0.0,0.0,0.0,0.0
2341,0.0,0.0,0.0,0.0,0.0,0.0,0.0,0.0,0.0,0.0,0.0,0.0,0.0,0.0,0.0,0.0
2347,0.0,0.0,0.0,0.0,0.0,0.0,0.0,0.0,0.0,0.0,0.0,0.0,0.0,0.0,0.0,0.0
2351,0.0,0.0,0.0,0.0,0.0,0.0,0.0,0.0,0.0,0.0,0.0,0.0,0.0,0.0,0.0,0.0
2364,0.0,0.0,0.0,0.0,0.0,0.0,0.0,0.0,0.0,0.0,0.0,0.0,0.0,0.0,0.0,0.0
2365,0.0,0.0,0.0,0.530443012714386,0.0,0.0,0.0,0.0,0.0,0.0,0.0,0.0,0.0,0.0,0.0,0.0
2374,0.0,0.0,0.0,0.0,0.0,0.0,0.0,0.0,0.0,0.0,0.0,0.0,0.0,0.0,0.0,0.0
2404,0.0,0.556039571762085,0.18986409902572632,0.4380044639110565,0.5249907970428467,0.810946524143219,0.3662026822566986,0.36765968799591064,0.5309951901435852,0.0,0.0,0.7745581865310669,0.7635767459869385,0.7190238237380981,0.6797693371772766,0.8024026155471802
2412,0.0,0.0,0.0,0.0,0.0,0.0,0.0,0.0,0.0,0.0,0.0,0.0,0.0,0.0,0.0,0.0
2413,0.07596640288829803,0.0,0.11280403286218643,0.04448578879237175,0.013436645269393921,0.08923866599798203,0.0038944317493587732,0.02117990516126156,0.01011385302990675,0.03308828920125961,0.026149077340960503,0.049428172409534454,0.011118195950984955,0.03795033320784569,0.0,0.06318818777799606
2420,0.0,0.0,0.0,0.0,0.0,0.0,0.0,0.0,0.0,0.0,0.0,0.0,0.0,0.0,0.0,0.0
2429,0.0,0.0,0.0,0.0,0.0,0.010576167143881321,0.0,0.0,0.0,0.0,0.0,0.0,0.0,0.0,0.0,0.0
2430,0.0,0.0,0.0,0.0,0.0,0.0,0.0,0.0,0.0,0.0,0.0,0.0,0.0,0.0,0.0,0.0
2434,0.0,0.0,0.0,0.0,0.0,0.0,0.0,0.0,0.0,0.0,0.0,0.0,0.0,0.0,0.0,0.0
2456,0.7082407474517822,0.0,0.348367840051651,0.0,0.0,0.8313905000686646,0.7558181881904602,0.3892005681991577,0.6173169612884521,0.8336851000785828,0.2736344635486603,0.6937340497970581,0.38963064551353455,0.7272287011146545,0.0,0.2483137547969818
2460,0.0,0.0,0.0,0.0,0.0,0.0,0.0,0.0,0.0,0.0,0.0,0.0,0.0,0.0,0.0,0.0
2470,0.0,0.0,0.0,0.0,0.0,0.0,0.0,0.0,0.0,0.0,0.0,0.0,0.0,0.0,0.0,0.0
2474,0.0,0.0,0.0,0.0,0.0,0.0,0.0,0.0,0.0,0.0,0.0,0.0,0.0,0.0,0.0,0.0
2476,0.0,0.0,0.0,0.0,0.0,0.0,0.0,0.0,0.0,0.0,0.0,0.0,0.0,0.0,0.0,0.0
2485,0.21047696471214294,0.0,0.0,0.0,0.19726015627384186,0.0,0.04007642716169357,0.19342219829559326,0.0,0.0975133627653122,0.024277668446302414,0.0,0.08168807625770569,0.22435827553272247,0.0,0.0
2486,0.49632200598716736,0.004403500352054834,0.7662294507026672,0.6252358555793762,0.16447323560714722,0.10519633442163467,0.57268887758255,0.05341384932398796,0.3041920065879822,0.7207476496696472,0.6218217611312866,0.17732931673526764,0.45410624146461487,0.6690457463264465,0.7474050521850586,0.2546989619731903
2495,0.03943466767668724,0.0866440087556839,0.0,0.0,0.0,0.0,0.0,0.0,0.0,0.0,0.0,0.0,0.0,0.0,0.0,0.0
2501,0.0,0.0,0.0,0.0,0.0,0.0,0.0,0.0,0.0,0.0,0.0,0.0,0.0,0.0,0.0,0.0
2504,0.0,0.0,0.0,0.0,0.0,0.0,0.0,0.0,0.0,0.0,0.0,0.0,0.0,0.0,0.0,0.0
2509,0.0,0.0,0.0,0.0,0.0,0.0,0.0,0.0,0.0,0.0,0.0,0.0,0.0,0.0,0.0,0.0
2510,0.02348383329808712,0.015137200243771076,0.1836206018924713,0.403385728597641,0.029229167848825455,0.34584611654281616,0.0,0.16453911364078522,0.0,0.0,0.061612602323293686,0.0,0.5347510576248169,0.0,0.0,0.0349774993956089
2523,0.06326563656330109,0.3998548984527588,0.0,0.27273550629615784,0.0,0.0,0.0,0.0,0.0,0.0,0.578278124332428,0.0,0.31423622369766235,0.1329738050699234,0.6031282544136047,0.33922335505485535
2528,0.0,0.0,0.0,0.0,0.0,0.0,0.0,0.0,0.0,0.0,0.0,0.0,0.0,0.0,0.0,0.0
2531,0.0,0.0,0.0,0.0,0.0,0.0,0.0,0.0,0.0,0.0,0.0,0.0,0.0,0.0,0.0,0.0
2544,0.0,0.0,0.08841626346111298,0.06444516032934189,0.09934291988611221,0.0,0.0,0.0,0.0,0.0,0.0,0.0,0.13687658309936523,0.03366902470588684,0.14616070687770844,0.08932933956384659
2545,0.0,0.0,0.0,0.0,0.0,0.0,0.0,0.0,0.0,0.0,0.0,0.0,0.0,0.0,0.0,0.0
2548,0.0,0.0,0.0,0.0,0.0,0.0,0.0,0.0,0.0,0.0,0.0,0.0,0.0,0.0,0.0,0.0
2552,0.0,0.0,0.0,0.0,0.0,0.0,0.0,0.0,0.0,0.0,0.0,0.0,0.0,0.0,0.0,0.0
2556,0.553933322429657,0.207197904586792,0.553152322769165,0.5138101577758789,0.0,0.0,0.0,0.6476377248764038,0.4308745265007019,0.0,0.798723578453064,0.0,0.523600161075592,0.44828000664711,0.0,0.0
2558,0.0,0.0,0.0,0.0,0.0,0.0,0.0,0.0,0.0,0.0,0.0,0.0,0.0,0.0,0.0,0.0
2562,0.4902944564819336,0.0,0.13077667355537415,0.008241983130574226,0.0,0.18754862248897552,0.11067147552967072,0.012959285639226437,0.01321064680814743,0.013016357086598873,0.01738790050148964,0.002759000053629279,0.04673156142234802,0.002954265335574746,0.0051317173056304455,0.0036922127474099398
2564,0.0,0.0,0.0,0.0,0.0,0.0,0.0,0.0,0.0,0.0,0.0,0.0,0.0,0.0,0.0,0.0
2571,0.0,0.0,0.0,0.0,0.0,0.0,0.0,0.0,0.0,0.0,0.0,0.0,0.0,0.0,0.0,0.0
2598,0.7665991187095642,0.575260579586029,0.011563519015908241,0.0243455171585083,0.01538857351988554,0.027933601289987564,0.08810290694236755,0.6849884390830994,0.6993443965911865,0.01338118501007557,0.4543505311012268,0.11848549544811249,0.3864787518978119,0.11287744343280792,0.7639437913894653,0.2963722348213196
2606,0.0,0.0,0.0,0.0,0.0,0.0,0.0,0.0,0.0,0.0,0.0,0.0,0.0,0.0,0.0,0.0
2607,0.0,0.0,0.0,0.0,0.0,0.0,0.0,0.0,0.0,0.0,0.0,0.0,0.0,0.0,0.0,0.0
2620,0.0,0.3181011378765106,0.0,0.0,0.0,0.0,0.0,0.0,0.0,0.0,0.0,0.0,0.0,0.0,0.0,0.0
2630,0.12872086465358734,0.02016793005168438,0.0,0.0,0.0,0.12733612954616547,0.0,0.0,0.08002322167158127,0.0,0.0,0.0,0.0,0.0,0.0,0.0
2645,0.0,0.0,0.0,0.0,0.0,0.0,0.0,0.0,0.0,0.0,0.0,0.0,0.0,0.0,0.0,0.0
2658,0.0,0.0,0.0,0.0,0.0,0.0,0.0,0.0,0.0,0.0,0.0,0.0,0.0,0.0,0.0,0.0
2660,0.0,0.0,0.0,0.0,0.0,0.0,0.0,0.11826524883508682,0.13917362689971924,0.0,0.0,0.0,0.06645447015762329,0.0,0.0,0.0
2665,0.2609504163265228,0.0,0.31697893142700195,0.019518176093697548,0.007757889106869698,0.05614849925041199,0.05451419949531555,0.02971283346414566,0.3650406301021576,0.14072632789611816,0.0,0.004378529731184244,0.11650506407022476,0.015843525528907776,0.6098931431770325,0.2107120007276535
2679,0.07692307978868484,0.4807555079460144,0.9994739890098572,0.5,0.9276610016822815,0.4987255036830902,0.4984759986400604,0.4978795051574707,0.3558880090713501,0.0,0.11632950603961945,0.5,0.0,0.18221978843212128,1.0,0.7430559992790222
2690,0.0,0.0,0.0,0.0,0.0,0.0,0.0,0.0,0.0,0.0,0.0,0.0,0.0,0.0,0.0,0.0
2700,0.0,0.08551112562417984,0.09230425953865051,0.04100758582353592,0.1249179020524025,0.11358154565095901,0.019442247226834297,0.0,0.1288386434316635,0.04774901643395424,0.18377836048603058,0.0,0.0,0.08956573903560638,0.0,0.1448773443698883
2707,0.0,0.10986791551113129,0.0,0.0,0.0,0.0,0.0,0.0,0.5456907153129578,0.06803254038095474,0.0,0.0,0.0,0.0,0.0,0.0
2709,0.0,0.2730970084667206,0.0,0.0,0.0,0.0,0.0,0.0,0.0,0.0,0.0,0.0,0.0,0.0,0.0,0.0
2710,0.8480991125106812,0.05832691118121147,0.06205138564109802,0.1734885424375534,0.0886223241686821,0.012127839960157871,0.12048257142305374,0.7766607999801636,0.7953658103942871,0.06604097783565521,0.6596475839614868,0.1299499273300171,0.19097940623760223,0.04195305332541466,0.7597737908363342,0.09577377140522003
2711,0.0,0.0,0.22039280831813812,0.0,0.0,0.0,0.0,0.0,0.26352381706237793,0.0,0.0,0.0,0.2487277239561081,0.1455656886100769,0.27503663301467896,0.0
2714,0.0,0.0,0.0,0.0,0.0,0.0,0.0,0.0,0.0,0.0,0.0,0.0,0.0,0.0,0.0,0.0
2719,0.30306822061538696,0.2595537304878235,0.657931923866272,0.45080602169036865,0.697419285774231,0.3224219083786011,0.1605757474899292,0.7761343121528625,0.21446216106414795,0.2506881356239319,0.3054126501083374,0.37653058767318726,0.679602324962616,0.7224745154380798,0.6310910582542419,0.8558772802352905
2728,0.0,0.0,0.0,0.0,0.0,0.0,0.0,0.0,0.0,0.0,0.0,0.0,0.0,0.0,0.0,0.0
2744,0.0,0.0,0.0,0.0,0.0,0.0,0.0,0.0,0.0,0.0,0.0,0.0,0.0,0.0,0.0,0.0
2753,0.0,0.0,0.0,0.0,0.0,0.0,0.0,0.0,0.0,0.0,0.03801500052213669,0.0,0.0,0.0,0.0,0.04366099834442139
2766,0.0,0.0,0.0,0.0,0.0,0.0,0.0,0.0,0.0,0.0,0.0,0.0,0.0,0.0,0.0,0.0
2780,0.1015627384185791,0.0,0.0,0.0,0.06106247380375862,0.04983227699995041,0.0,0.02143595926463604,0.0,0.0,0.0,0.10559262335300446,0.0658184215426445,0.0,0.10018253326416016,0.0
2781,0.0,0.0,0.0,0.0,0.0,0.0,0.0,0.0,0.0,0.0,0.0,0.0,0.0,0.0,0.0,0.0
2821,0.2826003134250641,0.14077305793762207,0.0669955462217331,0.22215750813484192,0.14010176062583923,0.08399338275194168,0.07979417592287064,0.0,0.25383850932121277,0.0,0.07721319794654846,0.0,0.20801326632499695,0.057992298156023026,0.05831136554479599,0.117009736597538
2833,0.0,0.0,0.0,0.0,0.0,0.0,0.0,0.0,0.0,0.0,0.0,0.0,0.0,0.0,0.0,0.0
2856,0.0,0.0,0.037931498140096664,0.0,0.0,0.0,0.0,0.0,0.12967166304588318,0.0,0.0,0.0,0.0,0.0,0.0,0.0
2860,0.9338045120239258,0.0,0.9985162019729614,0.947905421257019,0.7937932014465332,0.9932252168655396,0.8652799725532532,0.9972228407859802,0.005995315965265036,0.9962518811225891,0.7856878638267517,0.9856378436088562,0.48603031039237976,0.9929377436637878,0.9978223443031311,0.9760521650314331
2866,0.0,0.0,0.1687290370464325,0.20005159080028534,0.0,0.0,0.0,0.0,0.0,0.0,0.0,0.0,0.0,0.0,0.0,0.10545293986797333
2873,0.12017347663640976,0.0,0.0,0.06229204684495926,0.11909694224596024,0.10381337255239487,0.0,0.0,0.0,0.0,0.11336787045001984,0.0,0.19197818636894226,0.0,0.0,0.0
2874,0.003649561433121562,0.14984455704689026,0.004114019218832254,0.1755715161561966,0.1270104944705963,0.0,0.004558978136628866,0.0,0.0,0.04766396805644035,0.05454510077834129,0.024971434846520424,0.0,0.03455208241939545,0.0,0.13253645598888397
2877,0.0,0.0,0.0,0.0,0.0,0.0,0.02169650048017502,0.0,0.0,0.0,0.0,0.0,0.0,0.0,0.0,0.0
2879,0.0,0.0,0.0,0.0,0.0,0.0,0.0,0.0,0.0,0.0,0.0,0.0,0.0,0.0,0.0,0.0
2884,0.0,0.0,0.0,0.0,0.0,0.0,0.0,0.0,0.0,0.0,0.0,0.0,0.0,0.0,0.0,0.0
2887,0.0,0.0,0.0,0.0,0.0,0.0,0.0,0.0,0.0,0.0,0.0,0.0,0.0,0.0,0.0,0.0
2892,0.0,0.0,0.0,0.0,0.0,0.0,0.0,0.0,0.0,0.0,0.0,0.0,0.0,0.0,0.0,0.0
2906,0.0,0.15679597854614258,0.081113301217556,0.04518618807196617,0.16594773530960083,0.16762885451316833,0.0,0.02394605055451393,0.0,0.0,0.2295375019311905,0.0,0.0,0.1273544728755951,0.13978692889213562,0.15725894272327423
2907,0.0,0.0,0.0,0.0,0.0,0.0,0.0,0.0,0.0,0.0,0.0,0.0,0.0,0.0,0.0,0.0
2911,0.09724859148263931,0.11862172186374664,0.0,0.0,0.18529734015464783,0.0,0.0,0.0,0.0,0.0,0.06976281106472015,0.17783856391906738,0.0997718796133995,0.10431649535894394,0.11006038635969162,0.0
2913,0.0,0.0,0.0,0.0,0.0,0.0,0.0,0.0,0.0,0.0,0.013905149884521961,0.0,0.0,0.0,0.0,0.0
2919,0.0,0.0,0.17400482296943665,0.23419341444969177,0.0,0.0,0.0,0.0,0.0,0.0,0.0,0.0,0.0,0.0,0.0,0.0
2920,0.0,0.0,0.0,0.0,0.0,0.0,0.0,0.0,0.0,0.0,0.07917744666337967,0.0,0.0,0.0,0.0,0.0
2921,0.0,0.0,0.0,0.0,0.13604125380516052,0.004229176789522171,0.06887055933475494,0.21877099573612213,0.0,0.04077799990773201,0.0,0.0,0.04720194637775421,0.0,0.0,0.0
2934,0.0,0.0,0.0,0.0,0.0,0.0,0.0,0.0,0.0,0.0,0.0,0.0,0.0,0.0,0.0,0.0
2938,0.0,0.0,0.0,0.0,0.0,0.0,0.0,0.0,0.0,0.0,0.0,0.0,0.0,0.0,0.0,0.0
2942,0.0,0.0,0.0,0.0,0.0,0.0,0.0,0.0,0.0,0.0,0.0,0.0,0.0,0.0,0.0,0.0
2946,0.0,0.0,0.0,0.0,0.0,0.0,0.0,0.0,0.0,0.0,0.0,0.0,0.0,0.0,0.0,0.0
2948,0.0,0.0,0.0,0.0,0.0,0.0,0.0,0.0,0.0,0.0,0.0,0.0,0.0,0.0,0.0,0.0
2949,0.0,0.0,0.0,0.0,0.0,0.0,0.0,0.0,0.0,0.0,0.0,0.0,0.0,0.0,0.0,0.0
2956,0.0,0.0,0.0,0.0,0.0,0.0,0.0,0.0,0.0,0.0,0.0,0.0,0.0,0.0,0.0,0.0
2964,0.0,0.0,0.0,0.0,0.0,0.0,0.0,0.0,0.0,0.0,0.0,0.0,0.0,0.0,0.0,0.0
2970,0.0,0.0,0.0,0.0,0.0,0.0,0.0,0.0,0.0,0.0,0.0,0.0,0.0,0.0,0.0,0.0
2971,0.0,0.0,0.0,0.0,0.0,0.0,0.0,0.0,0.0,0.0,0.0,0.0,0.0,0.0,0.0,0.0
2972,0.0,0.0,0.0,0.0,0.0,0.0,0.0,0.0,0.0,0.0,0.0,0.0,0.0,0.0,0.0,0.0
2973,0.0,0.0,0.0,0.0,0.0,0.0,0.0,0.0,0.0,0.0,0.3583869934082031,0.04453650116920471,0.0,0.0,0.0,0.3561049997806549
2977,0.02296449989080429,0.0,0.05417151749134064,0.0,0.13847175240516663,0.10719949007034302,0.023630881682038307,0.0,0.0,0.0,0.3122307360172272,0.017764143645763397,0.0,0.0,0.23001286387443542,0.03307859227061272
2978,0.0,0.0,0.0,0.0,0.0,0.0,0.0,0.0,0.0,0.0,0.0,0.0,0.0,0.06266620755195618,0.0,0.0
2993,0.3162243962287903,0.15291839838027954,0.1456909328699112,0.16761447489261627,0.0,0.2876380980014801,0.009929937310516834,0.0,0.23930923640727997,0.06590127944946289,0.21735331416130066,0.0,0.16347140073776245,0.2599889934062958,0.0,0.14556865394115448
2994,0.0,0.0,0.0,0.0,0.0,0.0,0.0,0.0,0.0,0.0,0.0,0.0,0.0,0.0,0.0,0.0
3013,0.0,0.0,0.0,0.0,0.0,0.0,0.0,0.0,0.0,0.0,0.0,0.0,0.0,0.0,0.0,0.0
3017,0.0,0.0,0.0,0.0,0.0,0.0,0.0,0.0,0.0,0.0,0.0,0.0,0.0,0.0,0.0,0.0
3018,0.0,0.0,0.2672956883907318,0.30297398567199707,0.31481701135635376,0.4804520010948181,0.2813345193862915,0.47420650720596313,0.0,0.0,0.0,0.0,0.21624650061130524,0.7641270160675049,0.0,0.0
3023,0.0,0.0,0.0,0.0,0.0,0.0,0.0,0.0,0.0,0.0,0.0,0.0,0.1533380001783371,0.0,0.0,0.0
3024,0.0,0.0,0.0,0.0,0.0,0.0,0.0,0.0,0.0,0.0,0.0,0.0,0.0,0.0,0.0,0.0
3025,0.0,0.0,0.0,0.0,0.0,0.0,0.0,0.0,0.0,0.0,0.0,0.0,0.0,0.0,0.0,0.0
3032,0.5694350004196167,0.0,0.0,0.0,0.0,0.08378300070762634,0.05254650115966797,0.0,0.0,0.0,0.0,0.08297300338745117,0.3549000024795532,0.0,0.0,0.23718899488449097
3033,0.0,0.0,0.0,0.0,0.0,0.0,0.0,0.0,0.0,0.0,0.0,0.0,0.0,0.0,0.0,0.0
3036,0.0,0.0,0.0,0.0,0.0,0.14816699922084808,0.0,0.0,0.0,0.0,0.0,0.0,0.0,0.0,0.0,0.0
3049,0.04196099936962128,0.0,0.0,0.0,0.0,0.0,0.0,0.0,0.0,0.0,0.0,0.0,0.0,0.0,0.0,0.0
3051,0.18270033597946167,0.0,0.0,0.0,0.0,0.15800167620182037,0.0,0.09831766784191132,0.0,0.0,0.0,0.0,0.0,0.07070700079202652,0.0,0.025506000965833664
3058,0.0,0.0,0.48246198892593384,0.46880701184272766,0.15399399399757385,0.0,0.07892200350761414,0.6703069806098938,0.0,0.0,0.10697449743747711,0.39478951692581177,0.6793680191040039,0.3185270130634308,0.17343799769878387,0.0
3064,0.0,0.0,0.0,0.0,0.0,0.0,0.0,0.0,0.0,0.0,0.0,0.0,0.0,0.0,0.0,0.0
3068,0.0,0.0,0.0,0.0,0.0,0.0,0.0,0.0,0.0,0.0,0.0,0.0,0.0,0.0,0.0,0.0
3069,0.0,0.0,0.0,0.0,0.0,0.0,0.0,0.0,0.0,0.0,0.0,0.0,0.0,0.0,0.0,0.0
3071,0.0,0.0,0.12905368208885193,0.0,0.3825853765010834,0.2638240158557892,0.0,0.5768216848373413,0.0,0.02686466835439205,0.24909834563732147,0.0,0.12019100040197372,0.038033001124858856,0.027514666318893433,0.0
3077,0.0,0.0,0.0,0.0,0.0,0.0,0.0,0.0,0.0,0.0,0.0,0.0,0.0,0.0,0.0,0.0
3086,0.0,0.0,0.0,0.0,0.0,0.0,0.0,0.0,0.0,0.0,0.0,0.0,0.0,0.0,0.0,0.0
3094,0.0,0.0,0.0,0.0,0.0,0.0,0.0,0.0,0.0,0.0,0.0,0.0,0.0,0.0,0.0,0.0
3095,0.0,0.0,0.0,0.0,0.0,0.0,0.0,0.0,0.007810461800545454,0.0,0.0,0.00452056247740984,0.0,0.0,0.0,0.0
3101,0.0,0.0,0.08487533032894135,0.0,0.0,0.1629755049943924,0.7416900396347046,0.0,0.0,0.13300399482250214,0.0,0.0,0.08699099719524384,0.0,0.0,0.0
3104,0.0,0.0,0.0,0.0,0.0,0.0,0.0,0.0,0.0,0.0,0.0,0.0,0.0,0.0,0.0,0.0
3106,0.7628805041313171,0.0,0.0,0.0,0.0,0.0,0.46556901931762695,0.4673145115375519,0.0,0.0395594984292984,0.0,0.13507899641990662,0.0,0.0,0.4706220030784607,0.0
3108,0.0,0.0,0.0,0.0,0.0,0.0,0.0,0.0,0.0,0.0,0.0,0.0,0.0,0.0,0.0,0.0
3113,0.0,0.0,0.0,0.0,0.0,0.0,0.0,0.0,0.0,0.0,0.0,0.0,0.0,0.0,0.0,0.0
3119,0.0,0.03561021760106087,0.0,0.0,0.09325972199440002,0.0,0.0,0.00601733336225152,0.0,0.0,0.0,0.0,0.0,0.048522140830755234,0.0,0.0
3125,0.021477824077010155,0.07952889800071716,0.0,0.04902731999754906,0.0,0.0,0.2012803554534912,0.07796095311641693,0.0,0.0,0.15265274047851562,0.0,0.0,0.10701460391283035,0.11726538091897964,0.08382073789834976
3126,0.6080619096755981,0.0,0.7776113748550415,0.6834434270858765,0.7403985261917114,0.800409197807312,0.5605951547622681,0.8571568131446838,0.18692749738693237,0.7089840173721313,0.3557909429073334,0.7887272834777832,0.9129924774169922,0.5902560949325562,0.5169238448143005,0.7403391003608704
3129,0.0,0.0,0.0,0.0,0.0,0.0,0.0,0.0,0.0,0.0,0.0,0.0,0.0,0.0,0.0,0.0
3132,0.16642628610134125,0.1517346054315567,0.1976335346698761,0.2259541004896164,0.02964494191110134,0.0,0.2452516257762909,0.0,0.0,0.0,0.2747054398059845,0.0,0.0,0.1790657788515091,0.06955727189779282,0.0
3133,0.13147008419036865,0.0,0.0,0.0,0.032274581491947174,0.08536484092473984,0.0,0.04716953635215759,0.0,0.09181584417819977,0.0,0.0,0.15108025074005127,0.07064736634492874,0.0,0.07699578255414963
3134,0.0,0.0,0.0,0.0,0.0,0.0,0.0,0.0,0.0,0.0,0.0,0.0,0.0,0.0,0.0,0.0
3142,0.0,0.0,0.0,0.0,0.0,0.0,0.0,0.0,0.0,0.0,0.0,0.0,0.0,0.0,0.0,0.0
3143,0.0,0.0,0.0,0.0,0.0,0.0,0.0,0.2184142917394638,0.0,0.06515679508447647,0.0,0.0,0.1352614164352417,0.09350070357322693,0.0,0.0
3147,0.0,0.0,0.0,0.0,0.0,0.0,0.0,0.0,0.0,0.0,0.0,0.0,0.0,0.0,0.0,0.0
3149,0.0,0.0,0.418164998292923,0.3077170252799988,0.0,0.0,0.2081415057182312,0.5505474805831909,0.0,0.0,0.4664449989795685,0.0,0.0,0.04395949840545654,0.0,0.0
3155,0.0,0.0,0.0,0.0,0.0,0.0,0.035050783306360245,0.0,0.0,0.0,0.0,0.0,0.12452281266450882,0.1547982543706894,0.0,0.0
3156,0.0,0.0,0.0,0.0,0.0,0.0,0.0,0.0,0.0,0.0,0.0,0.0,0.0,0.0,0.0,0.0
3160,0.0,0.0,0.0,0.0,0.0,0.0,0.0,0.0,0.0,0.0,0.0,0.0,0.0,0.0,0.0,0.0
3161,0.0,0.0,0.0,0.0,0.0,0.0,0.0,0.0,0.0,0.558292031288147,0.0,0.0,0.0,0.0,0.0,0.0
3165,0.0,0.0,0.0,0.0,0.0,0.0,0.0,0.0,0.0,0.0,0.0,0.0,0.0,0.0,0.0,0.0
3168,0.0,0.0,0.0,0.0,0.0,0.0,0.0,0.0,0.0,0.0,0.0,0.0,0.0,0.0,0.0,0.0
3172,0.0,0.0,0.0,0.0,0.0,0.0,0.0,0.0,0.0,0.0,0.0,0.0,0.0,0.0,0.0,0.0
3173,0.0,0.0,0.0,0.0,0.0,0.0,0.0,0.0,0.0,0.0,0.0,0.0,0.0,0.0,0.0,0.0
3179,0.0,0.2053052932024002,0.10966300964355469,0.1031259074807167,0.0,0.0422934889793396,0.09459137171506882,0.04759163036942482,0.2939661741256714,0.08525756746530533,0.24065721035003662,0.2857644855976105,0.0,0.0,0.11215267330408096,0.04889008775353432
3181,0.9432886838912964,0.013432768173515797,0.25655683875083923,0.011331425048410892,0.0798983946442604,0.0,0.227060005068779,0.02056974731385708,0.8621272444725037,0.021257106214761734,0.07737775146961212,0.07722844183444977,0.5071984529495239,0.08338119834661484,0.012030879966914654,0.011228039860725403
3183,0.0,0.0,0.0,0.0,0.0,0.0,0.0,0.0,0.0,0.0,0.0,0.0,0.0,0.0,0.0,0.0
3187,0.06260240823030472,0.0,0.0,0.0,0.0,0.07552801072597504,0.0,0.2591136395931244,0.0,0.04709777235984802,0.0,0.0,0.0,0.06437057256698608,0.0,0.06388046592473984
3191,0.0,0.0,0.0,0.0,0.0,0.0,0.0,0.0,0.0,0.0,0.0,0.0,0.0,0.0,0.0,0.0
3192,0.0,0.043478261679410934,0.0,0.0,0.0,0.0,0.0,0.0,0.0,0.0,0.003574524074792862,0.0,0.0,0.0,0.0,0.0
3198,0.0,0.0,0.0,0.0,0.0,0.0,0.0,0.0,0.0,0.0,0.0,0.0,0.0,0.0,0.0,0.0
3204,0.19615010917186737,0.17901954054832458,0.0,0.0,0.13895846903324127,0.0,0.21252739429473877,0.3134530186653137,0.0,0.0,0.0,0.06481688469648361,0.16479219496250153,0.0,0.08763818442821503,0.10466419160366058
3205,0.0,0.0,0.0,0.0,0.0,0.0,0.0,0.0,0.0,0.0,0.0,0.0,0.0,0.0,0.0,0.0
3207,0.0,0.0,0.43387600779533386,0.0,0.0,0.7131285071372986,0.0,0.4409046769142151,0.0,0.0,0.0,0.0,0.0,0.0,0.6229247450828552,0.0
3208,0.0,0.0,0.0,0.0,0.0,0.0,0.0,0.0,0.0,0.0,0.0,0.0,0.0,0.0,0.0,0.0
3211,0.0,0.0,0.0,0.0,0.0,0.0,0.0,0.0,0.0,0.0,0.0,0.0,0.0,0.0,0.0,0.0
3212,0.0,0.0,0.0,0.0,0.0,0.0,0.0,0.0,0.0,0.0,0.0,0.0,0.0,0.0,0.0,0.0
3217,0.0,0.0,0.0,0.0,0.0,0.0,0.0,0.0,0.0,0.0,0.0,0.0,0.0,0.0,0.0,0.0
3221,0.3261437714099884,0.0,0.0,0.0,0.1921263039112091,0.0,0.1411820650100708,0.0,0.0,0.0,0.0,0.29265373945236206,0.0,0.0,0.0,0.0
3224,0.0,0.0,0.0,0.0,0.0,0.0,0.0,0.0,0.0,0.0,0.0,0.0,0.0,0.0,0.0,0.0
3228,0.0,0.0,0.0,0.0,0.0,0.0,0.0,0.0,0.0,0.0,0.0,0.0,0.0,0.0,0.0,0.0
3229,0.0,0.0,0.0,0.0,0.0,0.0,0.0,0.0,0.0,0.0,0.0,0.0,0.0,0.0,0.0,0.0
3231,0.0,0.33822178840637207,0.0,0.0,0.0,0.5996704697608948,0.9791245460510254,0.0,0.0,0.0,0.0,0.0,0.0,0.0,0.0,0.09704949706792831
3233,0.0,0.0,0.0,0.0,0.0,0.0,0.0,0.0,0.0,0.0,0.0,0.0,0.0,0.0,0.0,0.0
3235,0.06934922188520432,0.0115110008046031,0.19811786711215973,0.18844901025295258,0.5186454057693481,0.3388240933418274,0.037526935338974,0.38531216979026794,0.1014644131064415,0.4331996738910675,0.14375799894332886,0.13740228116512299,0.07706355303525925,0.12562483549118042,0.0,0.3054578900337219
3236,0.0,0.0,0.0,0.0,0.0,0.0,0.0,0.0,0.0,0.0,0.0,0.0,0.0,0.0,0.0,0.0
3238,0.0,0.0,0.0,0.0,0.0,0.0,0.0,0.0,0.0,0.0,0.0,0.0,0.0,0.0,0.0,0.0
3246,0.18274223804473877,0.11520783603191376,0.4556139409542084,0.07961123436689377,0.1945180594921112,0.23010091483592987,0.14459840953350067,0.3004412055015564,0.10790981352329254,0.13377715647220612,0.09919827431440353,0.22802089154720306,0.1385776251554489,0.1683618426322937,0.09488517045974731,0.46334320306777954
3248,0.0,0.0,0.0,0.0,0.0,0.0,0.0,0.0,0.0,0.0,0.0,0.0,0.0,0.0,0.0,0.0
3251,0.0,0.0,0.0,0.0,0.0,0.0,0.0,0.0,0.0,0.0,0.0,0.0,0.0,0.0,0.0,0.0
3252,0.0,0.0,0.0,0.0,0.0,0.0,0.0,0.0,0.0,0.0,0.0,0.0,0.0,0.0,0.0,0.0
3254,0.03663432225584984,0.0,0.0,0.04599500074982643,0.04594435170292854,0.0543997660279274,0.0,0.07197293639183044,0.170417919754982,0.08337036520242691,0.0,0.028732120990753174,0.03317567706108093,0.058706171810626984,0.0,0.0
3262,0.0,0.0,0.0,0.0,0.0,0.0,0.0,0.0,0.0,0.0,0.0,0.0,0.0,0.0,0.0,0.0
3265,0.0,0.0,0.0,0.0,0.0,0.48302900791168213,0.0,0.0,0.0,0.0,0.0,0.0,0.0,0.0,0.0,0.0
3267,0.0,0.0,0.0,0.0,0.0,0.0,0.0,0.0,0.0,0.0,0.0,0.0,0.0,0.0,0.0,0.0
3268,0.0,0.0,0.06751760095357895,0.0,0.0,0.0,0.6481256484985352,0.0,0.0,0.0,0.0,0.0,0.0,0.0,0.0,0.0
3272,0.0,0.0,0.0,0.0,0.0,0.0,0.0,0.0,0.0,0.0,0.0,0.0,0.0,0.0,0.0,0.0
3281,0.0,0.011871714144945145,0.02018791437149048,0.0,0.1485764980316162,0.0,0.009462679736316204,0.0,0.0,0.0,0.0,0.0,0.0,0.13187600672245026,0.0,0.008730833418667316
3282,0.0,0.0,0.0,0.0,0.0,0.0,0.0,0.0,0.0,0.0,0.0,0.0,0.0,0.0,0.0,0.0
3284,0.0,0.021441319957375526,0.0,0.0,0.0,0.0039771366864442825,0.0,0.0,0.0,0.0,0.0,0.0,0.0,0.0,0.0,0.0
3285,0.23573516309261322,0.0,0.0,0.0,0.0,0.0,0.0,0.0,0.0,0.0,0.10011546313762665,0.0,0.0,0.0,0.0,0.0
3291,0.0,0.0,0.0,0.0,0.0,0.0,0.0,0.0,0.0,0.0,0.0,0.0,0.0,0.0,0.0,0.0
3298,0.0,0.0,0.0,0.0,0.0,0.0,0.0,0.0,0.0,0.0,0.0,0.0,0.0,0.0,0.0,0.0
3301,0.0,0.08522284775972366,0.1473989337682724,0.0,0.12830789387226105,0.0,0.0,0.21301518380641937,0.14993546903133392,0.19907934963703156,0.3555279076099396,0.0,0.0981135219335556,0.0,0.11495699733495712,0.14959843456745148
3302,0.0,0.0,0.0,0.0,0.0,0.0,0.00941023975610733,0.0,0.0,0.0,0.0,0.0,0.01700725592672825,0.06565548479557037,0.0,0.0
3303,0.05688730999827385,0.07686430960893631,0.0677906945347786,0.0027509001083672047,0.22596637904644012,0.04633857682347298,0.20680223405361176,0.09213899821043015,0.07170052826404572,0.32554811239242554,0.06768479198217392,0.09305638074874878,0.08632515370845795,0.13439668715000153,0.2344677895307541,0.18052086234092712
3304,0.018159205093979836,0.07659409195184708,0.3734632134437561,0.21444503962993622,0.2574767768383026,0.09387723356485367,0.5140096545219421,0.04545454680919647,0.12317707389593124,0.18508405983448029,0.5595452189445496,0.04505714029073715,0.10729614645242691,0.0515371672809124,0.6361420750617981,0.24729999899864197
3307,0.0,0.0,0.0,0.0,0.0,0.0,0.0,0.0,0.0,0.0,0.0,0.0,0.0,0.0,0.0,0.0
3311,0.7295705676078796,0.052103329449892044,0.47207778692245483,0.10231433808803558,0.08053658157587051,0.0,0.5618485808372498,0.09735862910747528,0.44232839345932007,0.07471957802772522,0.00530653353780508,0.03257693350315094,0.567046046257019,0.6077771186828613,0.020294124260544777,0.0011333529837429523
3312,0.0,0.0,0.0,0.0,0.0,0.0,0.0,0.0,0.0,0.0,0.0,0.0,0.0,0.0,0.0,0.0
3313,0.0,0.0,0.0,0.0,0.0,0.0,0.0,0.0,0.0,0.0,0.0,0.0,0.0,0.0,0.0,0.0
3314,0.0,0.0,0.15290385484695435,0.11019575595855713,0.1154870018362999,0.0,0.22133630514144897,0.0,0.0,0.0,0.15825410187244415,0.1954602599143982,0.0,0.11980970948934555,0.0,0.08276554197072983
3316,0.24887166917324066,0.12764900922775269,0.21098273992538452,0.48440423607826233,0.15856799483299255,0.1841873824596405,0.10317850112915039,0.10562466830015182,0.1790793389081955,0.30821898579597473,0.47853249311447144,0.20727753639221191,0.0,0.44873660802841187,0.3133784830570221,0.06365159898996353
3318,0.0,0.0,0.0,0.0,0.0,0.0,0.0,0.0,0.0,0.0,0.0,0.0,0.0,0.0,0.0,0.0
3321,0.040878333151340485,0.0,0.0,0.0,0.0,0.0,0.0,0.0,0.0,0.0,0.0,0.0,0.0,0.0,0.0,0.0
3322,0.0,0.0,0.0,0.0,0.0,0.0,0.0,0.0,0.0,0.0,0.0,0.0,0.0,0.0,0.0,0.0
3323,0.0,0.0,0.0,0.0,0.0,0.0,0.0,0.0,0.0,0.0,0.0,0.0,0.0,0.0,0.0,0.0
3325,0.0,0.0,0.0,0.975508451461792,0.07084350287914276,0.0,0.0,0.0,0.0,0.0,0.0,0.0,0.0,0.0,0.0,0.0
3327,0.0,0.0,0.0,0.0,0.0,0.0,0.0,0.0,0.0,0.0,0.0,0.0,0.0,0.0,0.0,0.0
3330,0.0,0.09676000475883484,0.2719743847846985,0.0,0.34884366393089294,0.0,0.04696831479668617,0.0,0.12221191823482513,0.0,0.0,0.24442818760871887,0.08164936304092407,0.16163226962089539,0.22937056422233582,0.0
3337,0.0,0.0,0.0,0.0,0.0,0.0,0.0,0.0,0.0,0.0,0.0,0.0,0.0,0.0,0.0,0.0
3339,0.0,0.0,0.0,0.0,0.0,0.0,0.0,0.0,0.0,0.0,0.0,0.0,0.0,0.0,0.0,0.0
3340,0.25884902477264404,0.11097399890422821,0.44443368911743164,0.0,0.33118847012519836,0.7955980896949768,0.05523649975657463,0.09323300421237946,0.2573821246623993,0.8598339557647705,0.6129600405693054,0.0,0.18672117590904236,0.7248210906982422,0.09168237447738647,0.40081268548965454
3341,0.0,0.0,0.0,0.0,0.0,0.0,0.0,0.0,0.0,0.0,0.0,0.0,0.0,0.0,0.0,0.0
3342,0.0,0.0,0.0,0.0,0.0,0.0,0.0,0.0,0.0,0.0,0.0,0.0,0.0,0.0,0.0,0.0
3344,0.33386948704719543,0.11671949923038483,0.0,0.0,0.0,0.12403281033039093,0.0,0.4450172483921051,0.21761749684810638,0.45751500129699707,0.0,0.7750113010406494,0.43790048360824585,0.15633074939250946,0.0,0.37706074118614197
3345,0.0409785658121109,0.025566091760993004,0.0,0.08248814195394516,0.0,0.08273909240961075,0.018147191032767296,0.0,0.0,0.04356200248003006,0.011047952808439732,0.0,0.04465005174279213,0.1878637671470642,0.09589972347021103,0.07913216948509216
3351,0.0,0.0,0.0,0.0,0.0,0.0,0.014637266285717487,0.0,0.0077624237164855,0.0,0.0,0.0,0.0,0.0,0.006134325172752142,0.0
3352,0.0,0.0,0.0,0.0,0.0,0.0,0.0,0.0,0.0,0.0,0.0,0.0,0.0,0.0,0.0,0.0
3356,0.0,0.043478261679410934,0.0029019564390182495,0.0278205256909132,0.01198419090360403,0.0,0.0,0.0,0.0,0.0,0.0,0.0,0.0,0.0,0.0,0.0
3360,0.0,0.2695659101009369,0.26219701766967773,0.3128158748149872,0.21576552093029022,0.0,0.20463691651821136,0.0,0.0,0.2847355902194977,0.2607190012931824,0.0,0.0,0.0,0.27170029282569885,0.0
3361,0.08471449464559555,0.0,0.0,0.0,0.028627999126911163,0.06877287477254868,0.0,0.0,0.0,0.0,0.0,0.0,0.0,0.0,0.0,0.0
3362,0.08982750028371811,0.0,0.8509286046028137,0.491903156042099,0.47061002254486084,0.2337368279695511,0.0,0.0,0.0,0.03707655519247055,0.0,0.5471702814102173,0.34886789321899414,0.2358221709728241,0.0,0.060686249285936356
3363,0.0,0.0,0.0,0.0,0.0,0.0,0.0,0.07817450910806656,0.0,0.0,0.0,0.0,0.0,0.0,0.0,0.0
3365,0.0,0.0,0.021246200427412987,0.0,0.0,0.0,0.00909879244863987,0.0,0.0,0.0,0.0,0.0,0.0,0.0,0.0,0.0
3367,0.0,0.0,0.0,0.0,0.0,0.0,0.0,0.0,0.0,0.0,0.0,0.0,0.0,0.0,0.0,0.0
3368,0.0,0.0,0.0,0.0,0.0,0.0,0.0,0.0,0.0,0.0,0.0,0.0,0.0,0.0,0.0,0.0
3369,0.0,0.0,0.0,0.0,0.0,0.0,0.0,0.0,0.0,0.0,0.0,0.0,0.0,0.0,0.0,0.0
3371,0.0,0.0,0.0,0.0,0.0,0.0,0.0,0.0,0.0,0.0,0.0,0.0,0.0,0.0,0.0,0.0
3373,0.0,0.0,0.0,0.0,0.0,0.0,0.0,0.0,0.0,0.0,0.0,0.0,0.0,0.0,0.0,0.0
3374,0.0,0.03368031978607178,0.0,0.0,0.0,0.02209973894059658,0.0,0.0,0.0,0.0,0.0,0.0,0.0,0.0,0.0,0.0
3376,0.0,0.0,0.0,0.0,0.0,0.0,0.0,0.0,0.0,0.0,0.0,0.0,0.0,0.0,0.0,0.11765220761299133
3381,0.0,0.0,0.0,0.0,0.0,0.0,0.0,0.0,0.0,0.0,0.0,0.0,0.0,0.0,0.0,0.0
3382,0.0,0.0,0.0,0.0,0.0,0.0,0.0,0.0,0.0,0.0,0.0,0.0,0.0,0.0,0.0,0.0
3391,0.0,0.0,0.0,0.0,0.0,0.0,0.0,0.0,0.0,0.0,0.0,0.0,0.0,0.0,0.0,0.0
3392,0.0,0.0,0.0,0.0,0.11679509282112122,0.0,0.0258596520870924,0.19025975465774536,0.0,0.10024279356002808,0.0,0.0,0.0,0.07287852466106415,0.0,0.0
3393,0.0,0.0,0.0,0.0,0.0,0.0,0.0,0.0,0.0,0.0,0.0,0.0,0.0,0.0,0.0,0.0
3397,0.0,0.0,0.0,0.0,0.0,0.0,0.0,0.0,0.0,0.0,0.0,0.0,0.0,0.0,0.11075522750616074,0.0
3399,0.0,0.0,0.0,0.0,0.0,0.0,0.0,0.0,0.0,0.0,0.0,0.0,0.0,0.0,0.0,0.0
3401,0.0,0.0,0.0,0.0,0.0,0.0,0.0,0.0,0.0,0.14411938190460205,0.0,0.0,0.0,0.0,0.0,0.0
3404,0.0,0.0,0.0,0.0,0.0,0.0,0.0,0.0,0.0,0.0,0.0,0.0,0.0,0.0,0.0,0.0
3407,0.0,0.0,0.0,0.0,0.0,0.0,0.0,0.0,0.0,0.0,0.0,0.0,0.0,0.0,0.0,0.0
3411,0.0,0.0,0.0,0.0,0.0,0.0,0.0,0.0,0.0,0.0,0.0,0.0,0.34204405546188354,0.02380918152630329,0.03246317431330681,0.0
3415,0.0,0.0,0.0,0.0,0.0,0.0,0.0,0.0,0.0,0.0,0.0,0.0,0.0,0.0,0.0,0.0
3416,0.0,0.0,0.0,0.0,0.0,0.0,0.0,0.0,0.0,0.0,0.0,0.0,0.0,0.0,0.0,0.0
3424,0.0,0.0,0.024777960032224655,0.008567068725824356,0.0,0.025307927280664444,0.02387181483209133,0.03188277408480644,0.0,0.029455887153744698,0.0053370497189462185,0.015801522880792618,0.0,0.0,0.006017710547894239,0.020378638058900833
3425,0.0,0.0,0.0,0.0,0.0,0.0,0.0,0.0,0.0,0.0,0.0,0.0,0.0,0.0,0.0,0.0
3427,0.18141740560531616,0.16465727984905243,0.004608169663697481,0.1658085286617279,0.08832696825265884,0.030159562826156616,0.02704649418592453,0.0,0.0,0.05261276289820671,0.04996155574917793,0.032679881900548935,0.00783079955726862,0.018937502056360245,0.058740343898534775,0.28298744559288025
3432,0.2265865057706833,0.0,0.0,0.23257140815258026,0.0,0.2569113075733185,0.0,0.0,0.0,0.0,0.0,0.22475436329841614,0.0,0.30332767963409424,0.0,0.0
3435,0.0,0.017164913937449455,0.00484708696603775,0.02819223888218403,0.011352285742759705,0.0,0.0,0.0,0.0,0.0,0.0,0.0,0.0,0.0,0.0,0.0
3436,0.0,0.0,0.0,0.0,0.0,0.0,0.0,0.0,0.0,0.0,0.0,0.0,0.0,0.0,0.0,0.0
3442,0.0,0.0,0.0,0.0,0.0,0.0,0.0,0.0,0.0,0.0,0.0,0.0,0.0,0.0,0.0,0.0
3443,0.02259666845202446,0.0,0.0,0.050766587257385254,0.0,0.0,0.0,0.0,0.0,0.008027534000575542,0.0,0.0,0.0,0.0,0.0,0.0
3444,0.0,0.0,0.0,0.0,0.0,0.0,0.0,0.0,0.0,0.0,0.0,0.0,0.0,0.0,0.0,0.0
3451,0.0,0.0,0.0,0.0,0.0,0.0,0.0,0.0,0.0,0.0,0.1241176500916481,0.0,0.0,0.0,0.0,0.0
3453,0.0,0.0,0.0,0.0,0.0,0.0,0.0,0.0,0.0,0.0,0.0,0.0,0.0,0.0,0.0,0.0
3454,0.0,0.0,0.0,0.0,0.0,0.0,0.0,0.0,0.0,0.0,0.0,0.0,0.0,0.0,0.0,0.0
3456,0.0,0.0,0.0,0.0,0.0,0.015638286247849464,0.0,0.0,0.0,0.0,0.020459048449993134,0.0,0.0,0.09977655857801437,0.005019210744649172,0.0
3458,0.0,0.0,0.0,0.0,0.0,0.0,0.0,0.0,0.0,0.0,0.0,0.0,0.0,0.0,0.0,0.0
3460,0.0,0.2285410612821579,0.17379623651504517,0.2672753930091858,0.0,0.0,0.3092553913593292,0.0,0.28302377462387085,0.0,0.0,0.0,0.12452927976846695,0.0,0.0,0.145086407661438
3463,0.0,0.0,0.0,0.0,0.0,0.0,0.0,0.0,0.0,0.0,0.0,0.0,0.0,0.0,0.0,0.0
3464,0.0,0.0,0.0,0.0,0.0,0.0,0.0,0.0,0.0,0.0,0.0,0.0,0.0,0.0,0.0,0.0
3467,0.0,0.0,0.0,0.0,0.0,0.0,0.0,0.0,0.0,0.0,0.0,0.0,0.0,0.0,0.0,0.0
3468,0.0,0.0,0.0,0.0,0.0,0.0,0.0,0.0,0.0,0.0,0.0,0.0,0.0,0.0,0.0,0.0
3470,0.0,0.0,0.0,0.0,0.0,0.03694327920675278,0.0,0.0,0.0,0.0,0.0,0.0,0.0,0.04057885706424713,0.0,0.0
3473,0.0,0.03722236305475235,0.0,0.0,0.0,0.002849173964932561,0.0,0.0,0.0,0.0,0.0,0.0,0.0,0.0,0.0,0.0
3479,0.0,0.0,0.0,0.0,0.0,0.0,0.0,0.0,0.0,0.0,0.0,0.0,0.0,0.0,0.0,0.0
3485,0.0,0.0,0.0,0.0,0.0,0.0,0.0,0.0,0.0,0.0,0.0,0.0,0.0,0.0,0.0,0.0
3490,0.0,0.0,0.0,0.0,0.0,0.0,0.0,0.0,0.0,0.0,0.0,0.0,0.0,0.0,0.0,0.0
3492,0.0,0.0,0.0,0.0,0.0,0.0,0.0,0.0,0.0,0.0,0.0,0.0,0.0,0.0,0.0,0.0
3496,0.0,0.0034876521676778793,0.0,0.03728087246417999,0.0,0.04430722817778587,0.01542625017464161,0.0,0.0,0.0,0.0,0.0,0.004270400386303663,0.0,0.04329724982380867,0.0
3498,0.15917955338954926,0.0378330834209919,0.09806293994188309,0.0,0.055774521082639694,0.0,0.12369222939014435,0.0,0.0,0.1676924079656601,0.023213572800159454,0.0,0.06505761295557022,0.1805809736251831,0.15004724264144897,0.10930979251861572
3501,0.005879550240933895,0.0,0.0,0.0,0.0,0.0,0.0,0.0,0.0,0.0,0.0,0.0,0.0,0.0,0.0,0.0
3502,0.0,0.0,0.0,0.0,0.0,0.007128319703042507,0.0,0.0,0.0,0.0,0.0,0.0,0.0,0.014602000825107098,0.0,0.0
3503,0.0,0.046278197318315506,0.0,0.0,0.0,0.0,0.0,0.011859861202538013,0.07504405081272125,0.0,0.12137360870838165,0.0,0.13274823129177094,0.05364587530493736,0.09252578765153885,0.0
3504,0.0,0.0,0.5168989896774292,0.0,0.0,0.0,0.0,0.0,0.0,0.0,0.0,0.43703600764274597,0.0,0.0,0.0,0.7138144969940186
3505,0.0,0.0,0.0,0.0,0.0,0.0,0.0,0.0,0.0,0.0,0.0,0.0,0.0,0.0,0.0,0.0
3508,0.0,0.13535268604755402,0.23277166485786438,0.0,0.0,0.23704823851585388,0.23163677752017975,0.0,0.24214224517345428,0.0,0.12855353951454163,0.2149656116962433,0.0,0.0,0.0,0.0
3509,0.0912405401468277,0.17068949341773987,0.15487265586853027,0.14219513535499573,0.06495513767004013,0.10187292844057083,0.1639111191034317,0.1997687965631485,0.18141505122184753,0.09696969389915466,0.12696075439453125,0.0,0.26448318362236023,0.1485939919948578,0.09668188542127609,0.3196524381637573
3511,0.0,0.0,0.0,0.0,0.0,0.0,0.0,0.0046541886404156685,0.0,0.0,0.0,0.0,0.0,0.0,0.0,0.0
3519,0.0,0.0,0.0,0.0,0.0,0.0,0.0,0.0,0.0,0.0,0.0,0.0,0.0,0.0,0.0,0.0
3525,0.0,0.0,0.0,0.0,0.0,0.0,0.0,0.0,0.0,0.0,0.0,0.0,0.0,0.0,0.0,0.0
3526,0.0,0.0,0.0,0.0,0.0,0.0,0.0,0.0,0.0,0.0,0.0,0.0,0.0,0.0,0.0,0.0
3527,0.0,0.0,0.0,0.0,0.0,0.0,0.0,0.0,0.0,0.0,0.0,0.0,0.0,0.0,0.0,0.0
3533,0.0,0.0,0.0,0.0,0.0,0.0,0.0,0.0,0.0,0.0,0.0,0.0,0.0,0.0,0.0,0.0
3537,0.0,0.0,0.0,0.0,0.0,0.0,0.0,0.0,0.0,0.0,0.0,0.0,0.0,0.0,0.0,0.0
3538,0.0,0.0,0.0,0.0,0.0,0.0,0.0,0.0,0.0,0.0,0.0,0.0,0.0,0.02070254646241665,0.0,0.0
3540,0.0,0.0,0.0,0.0,0.0,0.0,0.0,0.0,0.0,0.0,0.0,0.0,0.0,0.0,0.0,0.0
3541,0.0,0.0,0.0,0.0,0.0,0.0,0.0,0.0,0.0,0.0,0.0,0.0,0.0,0.0,0.0,0.0
3542,0.0,0.0,0.0,0.0,0.0,0.0,0.0,0.0,0.0,0.0,0.0,0.0,0.0,0.0,0.0,0.0
3545,0.0,0.0,0.0,0.0,0.0,0.0,0.0,0.0,0.0,0.0,0.0,0.0,0.0,0.0,0.0,0.0
3546,0.0,0.0,0.27321550250053406,0.3153825104236603,0.0,0.1796460747718811,0.33442604541778564,0.10578620433807373,0.0,0.0,0.0,0.304281622171402,0.1613188087940216,0.0,0.0,0.26164931058883667
3547,0.0,0.0,0.1636565923690796,0.0,0.12867067754268646,0.0,0.10467458516359329,0.2167174071073532,0.09837686270475388,0.15883882343769073,0.0,0.06931944191455841,0.0,0.17024756968021393,0.0,0.1514032930135727
3549,0.0,0.0,0.0,0.0,0.0,0.28829729557037354,0.0,0.0,0.0,0.0,0.0,0.0,0.0,0.0,0.0,0.0
3552,0.026519740000367165,0.026994500309228897,0.0,0.04480399936437607,0.0,0.04449591040611267,0.012472238391637802,0.0,0.0,0.0,0.0,0.0,0.043957263231277466,0.0,0.04800250008702278,0.047246210277080536
3554,0.9099023938179016,0.722224771976471,0.0,0.9929893612861633,0.0,0.7869629859924316,0.0,0.0,0.0,0.0,0.0,0.0,0.0,0.0,0.0,0.0
3558,0.0,0.0,0.0,0.0,0.0,0.0,0.0,0.0,0.0,0.0,0.0,0.0,0.0,0.0,0.0,0.0
3559,0.0,0.8365749716758728,0.0,0.25493502616882324,0.17543834447860718,0.0,0.0,0.0,0.0,0.0,0.0,0.0,0.0,0.0,0.2867065966129303,0.0
3563,0.0,0.0,0.0,0.0,0.0,0.036837998777627945,0.0,0.0,0.0,0.0,0.0,0.0,0.0,0.04188009351491928,0.0,0.0
3565,0.0,0.0,0.0,0.0,0.0,0.0,0.0,0.0,0.0,0.0,0.0,0.0,0.0,0.0,0.0,0.0
3566,0.11949126422405243,0.0,0.18378673493862152,0.0,0.13297444581985474,0.0,0.14400404691696167,0.18498891592025757,0.1942571997642517,0.15957331657409668,0.16511595249176025,0.0,0.0,0.2441623955965042,0.14073441922664642,0.0
3568,0.0,0.0,0.0,0.0,0.0,0.0,0.0,0.0,0.0,0.0,0.0,0.0,0.0,0.0,0.0,0.0
3570,0.0,0.0,0.0,0.0,0.0,0.0,0.0,0.0,0.0,0.0,0.0,0.0,0.0,0.0,0.0,0.0
3572,0.0,0.0,0.0,0.0,0.0,0.0,0.0,0.0,0.0,0.0,0.0,0.0,0.0,0.0,0.0,0.0
3573,0.10827772319316864,0.0,0.07567285746335983,0.0,0.0,0.15380997955799103,0.0,0.0,0.0,0.0,0.0436684787273407,0.09262612462043762,0.04896150529384613,0.16785775125026703,0.0,0.06499442458152771
3575,0.2506355345249176,0.0,0.0,0.0,0.0,0.21982288360595703,0.17496468126773834,0.0,0.0,0.0,0.0,0.19833461940288544,0.0,0.0,0.0,0.0
3578,0.0,0.0,0.0,0.0,0.0,0.0,0.0,0.0,0.0,0.0,0.0,0.0,0.0,0.017056435346603394,0.0,0.00249495985917747
3579,0.0,0.0,0.0,0.0,0.0,0.0,0.0,0.0,0.0,0.0,0.0,0.0,0.0,0.0,0.0,0.0
3581,0.0,0.0,0.0,0.0,0.0,0.0,0.0,0.0,0.0,0.0,0.0,0.0,0.0,0.0,0.0,0.0
3582,0.0,0.0,0.0,0.0,0.0,0.0,0.0,0.0,0.0,0.0,0.0,0.0,0.0,0.0,0.0,0.0
3583,0.0,0.0,0.0,0.0,0.0,0.0,0.0,0.0,0.0,0.0,0.0,0.0,0.0,0.0,0.0,0.0
3587,0.0,0.0,0.0,0.0,0.0,0.0,0.0,0.0,0.0,0.0,0.0,0.0,0.0,0.0,0.0,0.0
3588,0.0,0.0,0.0,0.0,0.0,0.0,0.0,0.0,0.0,0.0,0.0,0.0,0.0,0.0,0.0,0.0
3592,0.0,0.0,0.0,0.0,0.0,0.0,0.0,0.0,0.0,0.0,0.0,0.0,0.0,0.0,0.0,0.0
3593,0.07088567316532135,0.0,0.0,0.0,0.0,0.34294772148132324,0.0,0.2777850031852722,0.0,0.0,0.0,0.0,0.0,0.0,0.16933149099349976,0.0
3596,0.28699347376823425,0.0,0.0,0.0,0.20582491159439087,0.0,0.0,0.0,0.10451221466064453,0.0,0.0,0.1269364207983017,0.0,0.02121146209537983,0.0,0.0
3598,0.0,0.0,0.0,0.0,0.0,0.0,0.0,0.0,0.0,0.0,0.0,0.0,0.0,0.0,0.0,0.0
3601,0.0,0.0,0.0,0.0,0.12498895823955536,0.0,0.13741980493068695,0.0,0.12804000079631805,0.20793919265270233,0.0,0.15606287121772766,0.0,0.0,0.1379692703485489,0.12037885934114456
3602,0.0,0.0,0.0,0.0,0.0,0.0,0.0,0.0,0.0,0.0,0.0,0.0,0.0,0.0,0.0,0.0
3606,0.0,0.0,0.0,0.0,0.0,0.0,0.0,0.0,0.0,0.0,0.0,0.0,0.0,0.0,0.0,0.0
3607,0.0,0.0,0.0,0.0,0.06384249776601791,0.08124449104070663,0.0,0.0,0.0,0.07454390078783035,0.03841656073927879,0.05715475603938103,0.08836189657449722,0.0,0.046239759773015976,0.11615771800279617
3608,0.0,0.0,0.0,0.0,0.0,0.0,0.0,0.0,0.0,0.0,0.0,0.0,0.0,0.0,0.0,0.0
3610,0.0,0.0,0.0,0.0,0.0,0.0,0.0,0.0,0.0,0.0,0.0,0.0,0.0,0.0,0.0,0.0
3611,0.0,0.09214450418949127,0.0,0.21023471653461456,0.0,0.0,0.26622864603996277,0.2037997990846634,0.0,0.11288867890834808,0.0,0.0,0.0,0.13963624835014343,0.12081543356180191,0.0
3612,0.0,0.0,0.041891537606716156,0.0,0.05560914799571037,0.060187194496393204,0.06541212648153305,0.0,0.0,0.08478355407714844,0.03847416490316391,0.016241304576396942,0.0,0.08184770494699478,0.08991233259439468,0.06747523695230484
3619,0.0,0.07924515753984451,0.1813296675682068,0.18079209327697754,0.0,0.16161741316318512,0.0,0.15498188138008118,0.0,0.13553038239479065,0.3289147913455963,0.0,0.0,0.0,0.0,0.0
3620,0.0,0.0,0.015306400135159492,0.0,0.0,0.0,0.0,0.0,0.0,0.0,0.0,0.0,0.0,0.016264555975794792,0.0,0.0
3624,0.27153074741363525,0.0,0.0,0.0,0.0,0.0,0.0,0.23158729076385498,0.0,0.17248068749904633,0.0,0.17868463695049286,0.0,0.0654476061463356,0.22631719708442688,0.20550593733787537
3628,0.0,0.0,0.0,0.0,0.0,0.0,0.0,0.0,0.0,0.0,0.0,0.0,0.0,0.0,0.0,0.0
3630,0.03830506652593613,0.20297060906887054,0.006686999462544918,0.25922563672065735,0.0,0.12776599824428558,0.15766769647598267,0.0,0.0,0.0,0.0,0.14788208901882172,0.06724552810192108,0.0,0.038784291595220566,0.0374726876616478
3632,0.0,0.0,0.0,0.0,0.0,0.0,0.0,0.0,0.0,0.0,0.0,0.0,0.0,0.0,0.0,0.0
3634,0.0,0.0,0.0,0.0,0.0,0.10955784469842911,0.22958490252494812,0.1356114149093628,0.0,0.0,0.11750785261392593,0.07045279443264008,0.0,0.15549874305725098,0.09636600315570831,0.0
3636,0.0,0.0,0.0,0.18351180851459503,0.0,0.19947634637355804,0.0,0.2973531186580658,0.0,0.0,0.33816778659820557,0.0,0.12070205807685852,0.2256115823984146,0.1351691335439682,0.14578847587108612
3637,0.0,0.6833879947662354,0.07168655842542648,0.2612540125846863,0.1820378303527832,0.6936159133911133,0.0994793176651001,0.7342511415481567,0.31915462017059326,0.2082013636827469,0.1601324826478958,0.5942785739898682,0.0,0.13519103825092316,0.0,0.15619292855262756
3638,0.0,0.0,0.0,0.0,0.0,0.0,0.0,0.0,0.0,0.0,0.0,0.0,0.0,0.0,0.0,0.0
3639,0.0,0.0,0.0,0.0,0.0,0.0,0.0,0.0,0.0,0.0,0.0,0.0,0.0,0.0,0.0,0.0
3640,0.13747161626815796,0.0,0.0,0.0,0.0,0.0,0.0,0.0,0.06413357704877853,0.0,0.0,0.0,0.0,0.06930609792470932,0.26269933581352234,0.0
3642,0.0,0.0,0.0,0.0,0.0,0.0,0.0,0.0,0.0,0.0,0.0,0.0,0.0,0.0,0.0,0.0
3644,0.0,0.0,0.0,0.0,0.0,0.0,0.0,0.0,0.0,0.0,0.0240946002304554,0.0,0.0,0.02529674954712391,0.0,0.0
3645,0.0,0.0,0.0,0.0,0.0,0.0,0.0,0.0,0.0,0.0,0.0,0.02551966719329357,0.0,0.0,0.0,0.0
3648,0.0,0.0,0.0,0.0,0.0,0.0,0.0,0.0,0.0,0.0,0.0,0.0,0.0,0.0,0.0,0.0
3649,0.03592928498983383,0.0036012001801282167,0.0,0.0,0.0,0.0,0.0,0.0,0.0,0.0,0.0,0.0,0.0,0.0,0.0,0.0
3651,0.0,0.04624675586819649,0.0,0.12150190025568008,0.13721030950546265,0.0,0.12070939689874649,0.0,0.08121401816606522,0.10042282938957214,0.0,0.1001698300242424,0.13810785114765167,0.0,0.0,0.0
3652,0.0,0.0,0.0,0.0,0.0,0.0,0.0,0.0,0.0,0.0,0.0,0.0,0.0,0.0,0.0,0.0
3655,0.0,0.09385612607002258,0.1819899082183838,0.0,0.1206817477941513,0.1406303346157074,0.10389968752861023,0.15501995384693146,0.0899779200553894,0.17437447607517242,0.0,0.0,0.14063382148742676,0.18879415094852448,0.0,0.10087061673402786
3661,0.0,0.0,0.0,0.0,0.0,0.0,0.0,0.0,0.0,0.0,0.0,0.0,0.0,0.0,0.0,0.0
3663,0.0,0.0,0.0,0.0,0.0,0.0,0.0,0.0,0.0,0.0,0.0,0.0,0.0,0.0,0.0,0.0
3664,0.040567345917224884,0.0,0.0,0.12973593175411224,0.1223917156457901,0.0,0.11139602959156036,0.0,0.0,0.0,0.0,0.0,0.0877448245882988,0.2200126051902771,0.09417364746332169,0.09890977293252945
3666,0.0,0.0,0.0,0.0,0.0,0.0,0.0,0.0,0.0,0.0,0.0,0.0,0.0,0.0,0.0,0.0
3669,0.0,0.0,0.180677130818367,0.21146471798419952,0.0,0.11217395216226578,0.2345256507396698,0.0,0.0,0.0,0.0,0.0,0.0,0.0,0.10087607800960541,0.0
3671,0.0,0.0,0.0,0.0,0.0,0.0,0.0,0.0,0.0,0.0,0.0,0.0,0.0,0.0,0.0,0.0
3673,0.0,0.0,0.0,0.0,0.0,0.0,0.0,0.0,0.0,0.0,0.0,0.0,0.0,0.0,0.0,0.0
3677,0.0,0.0,0.0,0.0,0.0,0.0,0.0,0.0,0.0,0.0,0.0,0.0,0.0,0.0,0.0,0.0
3680,0.0,0.0,0.0,0.0,0.0,0.0,0.0,0.0,0.0,0.0,0.0,0.0,0.0,0.0,0.0,0.0
3681,0.06814713776111603,0.0,0.1472957581281662,0.2244543731212616,0.0,0.0,0.1066364049911499,0.25071924924850464,0.0,0.0,0.0,0.04348595812916756,0.0,0.0,0.116014264523983,0.0
3682,0.22925227880477905,0.0,0.21712443232536316,0.0,0.20892545580863953,0.0,0.27273789048194885,0.21917873620986938,0.0,0.0,0.0,0.0,0.0,0.3524635434150696,0.0,0.20094646513462067
3684,0.0,0.0,0.0,0.0,0.0,0.0,0.0,0.0,0.0,0.0,0.0,0.0,0.0,0.0,0.0,0.0
3685,0.0,0.0,0.0,0.0,0.0,0.0,0.0,0.0,0.0,0.0,0.0,0.0,0.0,0.0,0.0,0.0
3687,0.0,0.0,0.0,0.0,0.0,0.0,0.0,0.0,0.0,0.0,0.0,0.0,0.0,0.0,0.0,0.0
3690,0.0,0.0,0.0,0.0,0.0,0.0,0.0,0.0,0.0,0.0,0.0,0.0,0.0,0.0,0.0,0.0
3692,0.0,0.0,0.0,0.0,0.0,0.0,0.0,0.0,0.0,0.0,0.0,0.0,0.0,0.0,0.0,0.0
3693,0.0,0.0,0.0,0.0,0.0,0.0,0.0,0.0,0.0,0.0,0.0,0.0,0.0,0.0,0.0,0.0
3694,0.0,0.0,0.0,0.0,0.0,0.0,0.0,0.0,0.0,0.0,0.0,0.0,0.0,0.0,0.0,0.0
3695,0.0,0.0,0.0,0.0,0.0,0.0,0.0,0.0,0.0,0.0,0.0,0.0,0.0,0.0,0.0,0.0
3696,0.0,0.0,0.0,0.0,0.0,0.0,0.0,0.0,0.0,0.0,0.0,0.0,0.0,0.0,0.0,0.0
3698,0.0,0.0,0.0,0.0,0.0,0.0,0.0,0.0,0.0,0.0,0.0,0.0,0.0,0.0,0.0,0.0
3699,0.0,0.0,0.0,0.0,0.0,0.0,0.0,0.0,0.0,0.0,0.0,0.0,0.0,0.0,0.0,0.0
3701,0.0,0.0,0.054231125861406326,0.0,0.0,0.0,0.07357511669397354,0.03285236656665802,0.028880584985017776,0.0,0.06227230653166771,0.0,0.011097901500761509,0.06417229026556015,0.0,0.0
3702,0.0,0.0,0.0,0.0,0.0,0.0,0.0,0.0,0.0,0.0,0.0,0.0,0.0,0.0,0.0,0.0
3703,0.0,0.0,0.0,0.0,0.0,0.0,0.0,0.0,0.0,0.0,0.0,0.0,0.0,0.0,0.0,0.0
3704,0.0,0.0,0.0,0.0,0.0,0.0,0.0,0.0,0.0,0.0,0.0,0.0,0.0,0.0,0.0,0.0
3705,0.0,0.004202956333756447,0.0,0.03866640850901604,0.0,0.0413711853325367,0.035373859107494354,0.0,0.0,0.0,0.0,0.0,0.006448549684137106,0.0,0.04264580085873604,0.0
3706,0.0,0.0,0.0,0.0,0.0,0.0,0.0,0.0,0.0,0.0,0.0,0.07464824616909027,0.0,0.0,0.0,0.0
3711,0.0,0.0,0.0,0.0,0.0,0.0,0.0,0.0,0.0,0.0,0.0,0.0,0.0,0.0,0.0,0.0
3714,0.0,0.0,0.0,0.0,0.0,0.0,0.0,0.0,0.0,0.0,0.0,0.0,0.0,0.0,0.0,0.0
3715,0.0,0.0,0.0,0.0,0.0,0.0,0.0,0.0,0.0,0.0,0.0,0.0,0.0,0.0,0.0,0.0
3718,0.0,0.0,0.0,0.0,0.0,0.0,0.0,0.0,0.0,0.0,0.0,0.0,0.0,0.0,0.0,0.0
3720,0.0,0.0,0.0,0.0,0.0,0.0,0.0,0.0,0.0,0.0,0.0,0.0,0.0,0.0,0.0,0.0
3723,0.0,0.0,0.22419875860214233,0.0,0.0,0.0,0.07971443980932236,0.0,0.0,0.0,0.0,0.456296443939209,0.0,0.0,0.0,0.0
3725,0.0,0.11817009001970291,0.14869384467601776,0.0,0.0,0.0,0.0,0.02998131327331066,0.0,0.0,0.0,0.0,0.0,0.0,0.0,0.0
3728,0.0,0.0,0.0,0.0,0.0,0.0,0.0,0.0,0.0,0.0,0.0,0.0,0.0,0.0,0.0,0.0
3732,0.0,0.0,0.0,0.0,0.0,0.0,0.0,0.0,0.0,0.0,0.0,0.0,0.0,0.0,0.0,0.0
3733,0.018084591254591942,0.0,0.0,0.0,0.0,0.0,0.0,0.0,0.0,0.0,0.0,0.0,0.0,0.0,0.0,0.0
3735,0.0,0.0,0.0,0.0,0.0,0.0,0.0,0.0,0.0,0.0,0.0,0.0,0.0,0.0,0.0,0.0
3738,0.0,0.0,0.0,0.0,0.0,0.0,0.0,0.0,0.0,0.0,0.0,0.0,0.0,0.0,0.0,0.0
3739,0.4884229302406311,0.3643747568130493,0.22623296082019806,0.48380452394485474,0.17202895879745483,0.4613816738128662,0.5386325716972351,0.14832477271556854,0.3304418623447418,0.2953638434410095,0.43962550163269043,0.24151922762393951,0.2630590796470642,0.20088467001914978,0.3653162121772766,0.47507473826408386
3741,0.0,0.004082958213984966,0.0,0.035917263478040695,0.0,0.038098130375146866,0.008605550043284893,0.0,0.0,0.0,0.0,0.0,0.01450190506875515,0.0,0.04572474956512451,0.0
3742,0.0,0.034580908715724945,0.0,0.0,0.03501284867525101,0.0,0.0,0.049686845391988754,0.0,0.08412258327007294,0.0,0.01350139919668436,0.0,0.0,0.0,0.0
3748,0.0,0.0,0.0,0.0,0.0,0.0,0.0,0.0,0.0,0.0,0.0,0.0,0.0,0.0,0.0,0.0
3749,0.03128877282142639,0.0,0.0,0.0,0.0,0.0,0.0,0.0,0.0,0.0,0.0,0.0,0.0,0.0,0.0,0.010297523811459541
3755,0.0,0.061995793133974075,0.0,0.0,0.04963274672627449,0.12482798099517822,0.0,0.0,0.0,0.08275226503610611,0.007267039734870195,0.022490285336971283,0.08989474177360535,0.11708075553178787,0.07190585136413574,0.08967957645654678
3756,0.0,0.0,0.0,0.0,0.0,0.0,0.0,0.0,0.0,0.0,0.0,0.0,0.0,0.0,0.0,0.0
3759,0.0,0.0,0.0,0.0,0.0,0.0,0.0,0.0,0.0,0.0,0.0,0.0,0.0,0.0,0.0,0.0
3763,0.0,0.0,0.0,0.0,0.0,0.0,0.0,0.0,0.0,0.0,0.0,0.0,0.0,0.0,0.0,0.0
3765,0.07144023478031158,0.0,0.0,0.0,0.0,0.11219320446252823,0.0,0.0,0.08918099850416183,0.0,0.06585486233234406,0.0,0.1319601833820343,0.0,0.1020670235157013,0.22187882661819458
3767,0.0,0.0,0.0,0.0,0.0,0.0,0.0,0.0,0.0,0.0,0.0,0.0,0.0,0.0,0.0,0.0
3769,0.0,0.0,0.0,0.0,0.0,0.0,0.0,0.0,0.0,0.0,0.0,0.0,0.0,0.0,0.0,0.0
3772,0.0,0.0,0.0,0.0,0.0,0.0,0.0,0.0,0.0,0.0,0.0,0.0,0.0,0.0,0.0,0.0
3774,0.09594869613647461,0.019660325720906258,0.07507600635290146,0.060776811093091965,0.0,0.053908880800008774,0.05351543426513672,0.0,0.0,0.0,0.05121762678027153,0.0,0.03280443325638771,0.13220223784446716,0.07683174312114716,0.0
3777,0.0,0.0,0.0,0.0,0.0,0.0,0.0,0.0,0.0,0.0,0.0,0.0,0.0,0.0,0.0,0.0
3778,0.0,0.0,0.0,0.0,0.0,0.0,0.0,0.0,0.0,0.0,0.0,0.0,0.0,0.0,0.0,0.0
3779,0.0,0.0,0.0,0.0,0.0,0.0,0.0,0.0,0.0,0.0,0.0,0.0,0.0,0.0,0.0,0.0
3784,0.0,0.0,0.0,0.0,0.0,0.0,0.0,0.0,0.0,0.0,0.0,0.0,0.0,0.0,0.0,0.0
3787,0.0,0.0,0.0,0.1270018070936203,0.11811470985412598,0.15809662640094757,0.10852568596601486,0.0,0.1907235085964203,0.0,0.24631011486053467,0.0,0.1338251531124115,0.23347949981689453,0.1413334608078003,0.14926499128341675
3789,0.0,0.0,0.0,0.0,0.0,0.0,0.0,0.0,0.11973625421524048,0.0,0.0,0.0,0.0,0.0,0.0,0.0
3793,0.0,0.0,0.0,0.0,0.0,0.0,0.0,0.0,0.0,0.0,0.0,0.0,0.0,0.0,0.0,0.0
3794,0.0,0.0,0.0,0.0,0.0,0.0,0.0,0.0,0.0,0.0,0.0,0.0,0.0,0.0,0.0,0.0
3798,0.0,0.030574500560760498,0.0,0.0,0.0,0.18928883969783783,0.0,0.0,0.1750965118408203,0.23003116250038147,0.014647625386714935,0.12665867805480957,0.40319883823394775,0.06908699870109558,0.030707716941833496,0.010619571432471275
3800,0.5013032555580139,0.5124282836914062,0.6489685773849487,0.1712837964296341,0.35295379161834717,0.40435487031936646,0.486343115568161,0.30169862508773804,0.25873351097106934,0.4346562922000885,0.39973434805870056,0.36333054304122925,0.0,0.4048067331314087,0.3100462257862091,0.16992592811584473
3802,0.0,0.0,0.0,0.0,0.0,0.0,0.0,0.0,0.0,0.0,0.0,0.0,0.0,0.0,0.0,0.0
3804,0.0,0.0,0.0,0.03653768450021744,0.0,0.04310490936040878,0.0,0.0,0.0,0.0,0.0,0.0,0.0,0.0,0.0,0.0
3806,0.12041285634040833,0.15853668749332428,0.14183813333511353,0.0,0.0,0.0,0.047262825071811676,0.04562298581004143,0.0,0.0,0.04152838513255119,0.0,0.0,0.1981884092092514,0.0,0.17850041389465332
3807,0.0,0.0,0.0,0.0,0.0,0.0,0.0,0.0,0.0,0.0,0.0,0.0,0.0,0.0,0.0,0.0
3808,0.0,0.0,0.0,0.0,0.0,0.0,0.0,0.0,0.0,0.0,0.0,0.0,0.0,0.0,0.0,0.0
3814,0.0,0.0,0.0,0.0,0.0,0.0,0.0,0.0,0.0,0.0,0.0,0.0,0.0,0.0,0.0,0.0
3815,0.2216353416442871,0.0,0.6405157446861267,0.13214050233364105,0.15269184112548828,0.0,0.24781522154808044,0.0,0.04630501568317413,0.0,0.0,0.0,0.0,0.11869294941425323,0.0,0.09680350124835968
3819,0.0,0.0,0.0,0.0,0.0,0.0,0.0,0.0,0.0,0.0,0.0,0.0,0.0,0.0,0.0,0.0
3823,0.03819321468472481,0.0,0.10477200895547867,0.1924903392791748,0.0,0.0,0.16285155713558197,0.21951471269130707,0.0,0.09986016154289246,0.06493914127349854,0.0,0.0,0.11080563813447952,0.033937521278858185,0.2529229521751404
3824,0.0,0.0,0.0,0.0,0.0,0.0,0.0,0.0,0.0,0.0,0.0,0.0,0.0,0.0,0.0,0.0
3825,0.04271150380373001,0.0,0.0,0.0,0.0,0.0,0.10930540412664413,0.043132130056619644,0.1412591189146042,0.0,0.0,0.0,0.14103451371192932,0.0,0.04982059448957443,0.0
3826,0.0,0.0,0.0,0.0,0.0,0.0,0.0,0.0,0.0,0.0,0.0,0.0,0.0,0.0,0.0,0.0
3827,0.0,0.009505954571068287,0.0,0.04031063988804817,0.0,0.041581954807043076,0.023874137550592422,0.0,0.0,0.0,0.0,0.0,0.025025350973010063,0.0,0.04645940288901329,0.004185458645224571
3829,0.710703432559967,0.3895968198776245,0.6314936876296997,0.6025009155273438,0.9183403849601746,0.6338328123092651,0.6909255981445312,0.4466928541660309,0.5436104536056519,0.4390771687030792,0.6264919638633728,0.5725898146629333,0.6387938261032104,0.7441087365150452,0.6904919147491455,0.6817893981933594
3831,0.0,0.0,0.0,0.0,0.0,0.0,0.0,0.0,0.0,0.0,0.0,0.0,0.0,0.0,0.0,0.0
3832,0.0,0.0,0.0,0.0,0.0,0.0,0.0,0.0,0.0,0.0,0.0,0.0,0.0,0.0,0.0,0.0
3835,0.0,0.039457499980926514,0.0,0.12245077639818192,0.0,0.0,0.0,0.0,0.0,0.0,0.0,0.0,0.0,0.0,0.0,0.0
3840,0.23316335678100586,0.04391840472817421,0.03633452579379082,0.0,0.0,0.05289674177765846,0.0,0.22577300667762756,0.1163506731390953,0.14335280656814575,0.0,0.027476320043206215,0.12297403812408447,0.10364512354135513,0.22542895376682281,0.08687648922204971
3846,0.0,0.0,0.0,0.0,0.0,0.0,0.0,0.0,0.0,0.0,0.0,0.5003920197486877,0.5749779939651489,0.2676149904727936,0.0,0.0
3848,0.0,0.009119999594986439,0.0,0.04209141060709953,0.0,0.04265845566987991,0.045338548719882965,0.0,0.0,0.0,0.0,0.0,0.036378104239702225,0.0,0.04961726441979408,0.032509543001651764
3849,0.0,0.0,0.0,0.0,0.0,0.0,0.0,0.0,0.0,0.0,0.0,0.0,0.0,0.0,0.0,0.0
3853,0.0,0.0,0.0,0.0,0.0,0.0,0.0,0.0,0.0,0.0,0.0,0.0,0.0,0.0,0.0,0.0
3854,0.0,0.0,0.0,0.0,0.0,0.0,0.0,0.0,0.0,0.0,0.0,0.0,0.0,0.0,0.0,0.0
3858,0.0,0.0,0.0,0.0,0.0,0.0,0.0,0.0,0.0,0.0,0.0,0.0,0.0,0.0,0.0,0.0
3860,0.0,0.0,0.0,0.0,0.0,0.0,0.0,0.0,0.0,0.0,0.0,0.0,0.0,0.0,0.0,0.0
3861,0.0,0.0,0.0,0.0,0.0,0.0,0.0,0.0,0.0,0.0,0.0,0.0,0.0,0.0,0.0,0.0
3863,0.049679335206747055,0.0,0.0,0.10091100633144379,0.0,0.0,0.0,0.11461849510669708,0.058735668659210205,0.021200666204094887,0.025489002466201782,0.0,0.04509174823760986,0.12095733731985092,0.0,0.018979666754603386
3866,0.0,0.0,0.0,0.0,0.0,0.0,0.0,0.0,0.0,0.0,0.0,0.0,0.0,0.0,0.0,0.0
3867,0.0,0.0,0.0,0.0,0.0,0.0,0.0,0.0,0.0,0.0,0.0,0.0,0.0,0.0,0.0,0.0
3868,0.0,0.0,0.0,0.0,0.0,0.0,0.0,0.0,0.0,0.0,0.0,0.0,0.0,0.0,0.0,0.0
3870,0.0,0.0,0.0,0.0,0.0,0.0,0.0,0.0,0.0,0.0,0.0,0.0,0.0,0.0,0.0,0.0
3871,0.0,0.0,0.0,0.0,0.0,0.0,0.0,0.0,0.0,0.0,0.0,0.0,0.0,0.0,0.0,0.0
3872,0.0,0.0,0.0,0.0,0.0,0.0,0.0,0.0,0.0,0.0,0.0,0.0,0.0,0.0,0.0,0.0
3875,0.0,0.0,0.2743883728981018,0.0,0.0,0.0,0.0,0.0,0.0,0.0,0.0,0.17722122371196747,0.0,0.0,0.0,0.0
3878,0.0,0.0,0.0,0.0,0.0,0.0,0.0,0.0,0.0,0.0,0.0,0.0,0.0,0.0,0.0,0.0
3879,0.0,0.0,0.0,0.0,0.0,0.0,0.0,0.0,0.0,0.0,0.0,0.0,0.0,0.0,0.0,0.0
3880,0.0,0.0,0.0,0.0,0.0,0.0,0.0,0.0,0.0,0.0,0.0,0.0,0.0,0.0,0.0,0.0
3887,0.0,0.0,0.0,0.0,0.0,0.0,0.0,0.0,0.0,0.0,0.0,0.0,0.0,0.0,0.0,0.0
3894,0.0,0.22270265221595764,0.22263851761817932,0.2326197475194931,0.2268906533718109,0.0,0.0,0.23894017934799194,0.1901993304491043,0.0943245068192482,0.10054326057434082,0.0,0.2667628526687622,0.2127031683921814,0.0,0.09428678452968597
3895,0.0,0.05482371523976326,0.024296648800373077,0.0,0.0,0.0,0.01720700040459633,0.06880180537700653,0.0,0.0,0.0,0.0,0.0,0.03197993338108063,0.03920728713274002,0.12714643776416779
3898,0.0,0.0,0.0,0.0,0.0,0.0,0.0,0.0,0.0,0.0,0.0,0.0,0.0,0.0,0.0,0.0
3899,0.0,0.0,0.0,0.08655320852994919,0.06623787432909012,0.030832860618829727,0.0,0.0,0.0,0.0,0.0,0.0,0.014390150085091591,0.0,0.0,0.0
3900,0.0,0.0,0.0,0.009158499538898468,0.04393728822469711,0.0,0.14375874400138855,0.00814099982380867,0.0,0.0,0.0,0.0,0.07288514077663422,0.138733372092247,0.0,0.0
3902,0.0,0.0,0.0,0.0,0.0,0.0,0.0,0.0,0.0,0.0,0.0,0.0,0.0,0.0,0.0,0.0
3904,0.0,0.0,0.0,0.0,0.0,0.0,0.0,0.0,0.0,0.0,0.0,0.0,0.0,0.0,0.0,0.0
3907,0.01758834719657898,0.02848968282341957,0.0,0.05287957191467285,0.0,0.044071637094020844,0.01208585686981678,0.0,0.0,0.0,0.0,0.0,0.042330317199230194,0.0,0.04744980111718178,0.045297205448150635
3911,0.0,0.0,0.0,0.0,0.0,0.0,0.0,0.0,0.0,0.0,0.0,0.0,0.0,0.0,0.0,0.0
3913,0.0,0.0,0.22064286470413208,0.0,0.0,0.0,0.07279998809099197,0.0,0.0,0.0,0.0,0.46072253584861755,0.0,0.0,0.0,0.0
3915,0.0,0.0,0.0,0.0,0.0,0.0,0.0,0.0,0.0,0.0,0.0,0.0,0.0,0.0,0.0,0.0
3917,0.0,0.0,0.0,0.0,0.0,0.0,0.0,0.0,0.0,0.0,0.0,0.0,0.0,0.0,0.0,0.0
3918,0.2298489660024643,0.1723712533712387,0.6082924604415894,0.4377906620502472,0.0,0.0,0.35434621572494507,0.3701026737689972,0.41904979944229126,0.6942542195320129,0.0,0.4116935133934021,0.5191662907600403,0.3276772201061249,0.0,0.0
3920,0.0,0.0,0.0,0.0,0.0,0.0,0.0,0.0,0.0,0.0,0.0,0.0,0.0,0.0,0.0,0.0
3923,0.0,0.0,0.0,0.0,0.0,0.0,0.0,0.0,0.0,0.0,0.0,0.0,0.0,0.0,0.0,0.0
3926,0.11949731409549713,0.09132640063762665,0.0,0.0,0.12624789774417877,0.0,0.0,0.15369440615177155,0.0,0.0,0.0,0.0,0.0,0.17208540439605713,0.0,0.0
3933,0.0,0.0,0.07201538234949112,0.046304333955049515,0.0,0.05807620286941528,0.0436655692756176,0.0,0.0,0.03320431709289551,0.0,0.0,0.0,0.0,0.08138354867696762,0.0
3934,0.0,0.0,0.0,0.0,0.0,0.0,0.0,0.0,0.0,0.0,0.0,0.0,0.0,0.0,0.0,0.0
3935,0.0,0.18118096888065338,0.23333197832107544,0.22224514186382294,0.0,0.0,0.1376187652349472,0.0,0.0,0.16857364773750305,0.09301205724477768,0.0,0.0,0.4162425696849823,0.24940428137779236,0.09526319056749344
3939,0.0,0.0,0.0,0.0,0.0,0.0,0.0,0.0,0.0,0.0,0.0,0.0,0.0,0.0,0.0,0.0
3940,0.0,0.0,0.0,0.0,0.0,0.0,0.0,0.0,0.0,0.0,0.0,0.0,0.0,0.0,0.0,0.0
3943,0.0,0.0,0.2230512499809265,0.0,0.0,0.0,0.07513321936130524,0.0,0.0,0.0,0.0,0.4639652371406555,0.0,0.0,0.0,0.0
3944,0.0,0.0,0.0,0.0,0.0,0.0,0.0,0.0,0.0,0.0,0.0,0.0,0.0,0.0,0.0,0.0
3946,0.0,0.0,0.0,0.0,0.0,0.0,0.0,0.0,0.0,0.0,0.0,0.0,0.0,0.0,0.0,0.0
3948,0.0,0.0,0.0,0.0,0.0,0.0,0.0,0.0,0.0,0.0,0.0,0.0,0.0,0.0,0.0,0.0
3949,0.0,0.0,0.0,0.0,0.0,0.0,0.0,0.0,0.0,0.0,0.0,0.0,0.0,0.0,0.0,0.0
3958,0.0,0.0,0.22341760993003845,0.0,0.0,0.0,0.07577752321958542,0.0,0.0,0.0,0.0,0.46350860595703125,0.0,0.0,0.0,0.0
3960,0.0,0.0,0.0,0.0,0.0,0.0,0.0,0.0,0.0,0.0,0.0,0.0,0.0,0.0,0.0,0.0
3963,0.0,0.0,0.0,0.0,0.0,0.0,0.0,0.0,0.0,0.0,0.0,0.0,0.0,0.0,0.0,0.0
3967,0.0,0.0,0.0,0.0,0.0,0.0,0.0,0.0,0.0,0.0,0.0,0.0,0.0,0.0,0.0,0.0
3974,0.0,0.0,0.0,0.0,0.0,0.0,0.0,0.0,0.0,0.0,0.0,0.0,0.0,0.0,0.0,0.0
3978,0.0,0.0,0.22271917760372162,0.0,0.0,0.0,0.07470390945672989,0.0,0.0,0.0,0.0,0.46462327241897583,0.0,0.0,0.0,0.0
3982,0.0,0.0,0.0,0.0,0.0,0.0,0.0,0.0,0.0,0.0,0.0,0.0,0.0,0.0,0.0,0.0
3985,0.0,0.0,0.0,0.0,0.0,0.0,0.0,0.0,0.0,0.0,0.0,0.0,0.0,0.0,0.0,0.0
3987,0.04102666676044464,0.0,0.03211033344268799,0.0,0.10859166830778122,0.0,0.0,0.0,0.0,0.040394000709056854,0.0,0.07750900089740753,0.0,0.0,0.0,0.0
3988,0.0,0.0,0.0,0.0,0.0,0.0,0.0,0.0,0.0,0.0,0.0,0.0,0.0,0.0,0.0,0.0
3992,0.09699442237615585,0.0,0.10912419110536575,0.061084598302841187,0.12479616701602936,0.0,0.0,0.0,0.0,0.0,0.029803795740008354,0.0,0.0,0.04270077496767044,0.055669669061899185,0.11264638602733612
3995,0.0,0.0,0.0,0.0,0.0,0.0,0.0,0.0,0.0,0.0,0.0,0.0,0.0,0.0,0.0,0.0
3997,0.03784259036183357,0.0,0.0,0.00738713750615716,0.1689595878124237,0.038788169622421265,0.045664120465517044,0.2510639429092407,0.0,0.033184923231601715,0.0,0.013159697875380516,0.07712679356336594,0.10425105690956116,0.0,0.0
3998,0.0,0.0,0.0,0.0,0.0,0.0,0.0,0.0,0.0,0.0,0.0,0.0,0.0,0.0,0.0,0.0
4002,0.9201689958572388,0.9168679714202881,0.981492280960083,0.8565691709518433,0.8057817220687866,0.3443678617477417,0.924164354801178,0.533685564994812,0.7209537029266357,0.7983100414276123,0.9595307111740112,0.6787391901016235,0.942714273929596,0.9790618419647217,0.97218918800354,0.8013392686843872
4004,0.0,0.0,0.0,0.0,0.0,0.0,0.0,0.0,0.0,0.0,0.0,0.0,0.0,0.0,0.0,0.0
4008,0.0,0.0,0.0,0.0,0.0,0.0,0.0,0.0,0.0,0.0,0.0,0.0,0.0,0.0,0.21318399906158447,0.0
4010,0.0,0.05479877069592476,0.0,0.0,0.1862160563468933,0.0,0.0,0.13758961856365204,0.06756603717803955,0.09556815773248672,0.0,0.07873382419347763,0.0,0.1361086219549179,0.09401201456785202,0.22039484977722168
4015,0.0,0.0,0.0,0.0,0.0,0.0,0.0,0.0,0.0,0.0,0.0,0.0,0.0,0.0,0.0,0.0
4018,0.0,0.0,0.0,0.0,0.0,0.0,0.0,0.0,0.0,0.0,0.0,0.0,0.0,0.0,0.0,0.0
4019,0.0,0.0,0.0,0.0,0.0,0.0,0.0,0.0,0.0,0.0,0.0,0.0,0.0,0.0,0.0,0.0
4025,0.0,0.0,0.0,0.0,0.0,0.0,0.0,0.0,0.0,0.0,0.0,0.0,0.0,0.0,0.0,0.0
4026,0.0,0.0,0.0,0.0,0.0,0.0,0.0,0.0,0.0,0.0,0.0,0.0,0.0,0.0,0.0,0.0
4027,0.0,0.0,0.0,0.0,0.0,0.0,0.0,0.0,0.0,0.0,0.0,0.0,0.0,0.0,0.0,0.0
4030,0.0,0.0,0.0,0.0,0.0,0.0,0.0,0.0,0.0,0.0,0.0,0.0,0.0,0.0,0.0,0.0
4041,0.0,0.0,0.0,0.1583314687013626,0.0,0.0,0.0,0.0,0.0,0.0,0.0,0.0,0.0,0.0,0.0,0.6879671216011047
4047,0.0,0.0,0.0,0.0,0.0,0.0,0.0,0.0,0.0,0.0,0.0,0.0,0.0,0.0,0.0,0.0
4051,0.0,0.0,0.0,0.0,0.0,0.0,0.0,0.0,0.0,0.0,0.0,0.0,0.0,0.0,0.0,0.0
4052,0.0,0.0,0.0,0.0,0.0,0.0,0.0,0.0,0.0,0.0,0.0,0.0,0.0,0.0,0.0,0.0
4059,0.0,0.0,0.0,0.0,0.0,0.0,0.0,0.0,0.0,0.0,0.0,0.0,0.0,0.0,0.0,0.0
4060,0.49305495619773865,0.22991952300071716,0.32393336296081543,0.2517823576927185,0.014217572286725044,0.3072134554386139,0.19651098549365997,0.3683626651763916,0.36461615562438965,0.11944431066513062,0.48823097348213196,0.250649094581604,0.3149787187576294,0.23623093962669373,0.10996446013450623,0.05328848212957382
4062,0.0,0.0,0.0,0.0,0.0,0.0,0.0,0.0,0.0,0.0,0.0,0.0,0.0,0.0,0.0,0.0
4064,0.0,0.6248980164527893,0.0,0.2060530036687851,0.0,0.0,0.08432599902153015,0.0,0.0,0.0,0.0,0.0,0.0,0.0,0.1202080026268959,0.0
4066,0.0,0.0,0.0,0.0,0.0,0.0,0.0,0.8696042895317078,0.44643375277519226,0.0,0.0,0.0,0.0,0.0,0.0,0.5567073225975037
4071,0.0,0.0,0.1400272101163864,0.0640280470252037,0.0,0.1226537674665451,0.0,0.050209492444992065,0.07811712473630905,0.08624395728111267,0.0,0.16216009855270386,0.1252051740884781,0.10162687301635742,0.0,0.08673473447561264
4086,0.0,0.0,0.0,0.0,0.0,0.0,0.0,0.0,0.0,0.0,0.0,0.0,0.0,0.0,0.0,0.0
4121,0.0,0.0,0.0,0.0,0.0,0.0,0.0,0.0,0.0,0.0,0.0,0.0,0.0,0.0,0.0,0.0
4145,0.0,0.0,0.0,0.0,0.0,0.0,0.0,0.0,0.0,0.0,0.0,0.0,0.0,0.0,0.0,0.0
4222,0.08126746863126755,0.05781475454568863,0.1875828504562378,0.1269739419221878,0.24235691130161285,0.0,0.0,0.0,0.0,0.1236632838845253,0.0,0.0676652044057846,0.22823530435562134,0.15604081749916077,0.0,0.25385528802871704
4231,0.0,0.0,0.0,0.0,0.0,0.0,0.0,0.0,0.0,0.0,0.0,0.0,0.0,0.0,0.0,0.0
4267,0.0,0.0,0.0,0.0,0.0,0.0,0.0,0.0,0.0,0.0,0.0,0.0,0.0,0.0,0.0,0.0
4268,0.0,0.0,0.09435415267944336,0.07054445147514343,0.0,0.07502246648073196,0.0,0.09253755211830139,0.021587463095784187,0.24498924612998962,0.14480528235435486,0.0,0.17653946578502655,0.08371905237436295,0.10022155940532684,0.0
4269,0.0,0.0,0.0,0.0,0.0,0.0,0.0,0.0,0.0,0.0,0.0,0.0,0.0,0.0,0.0,0.0
4270,0.0,0.0591324083507061,0.0,0.0,0.29305118322372437,0.0,0.25196412205696106,0.22651639580726624,0.1492694765329361,0.09857602417469025,0.13703832030296326,0.0,0.0,0.15338313579559326,0.12649716436862946,0.34663838148117065
4271,0.10021045804023743,0.1081065833568573,0.15213192999362946,0.20813432335853577,0.3095376789569855,0.0,0.0,0.2662017345428467,0.20176918804645538,0.0,0.09633031487464905,0.0,0.0,0.0,0.0,0.348026305437088
4295,0.0,1.0,0.0,0.8672167658805847,0.0,0.0,0.0,0.0,0.0,0.0,0.0,0.0,0.0,0.7590283751487732,0.6939339637756348,0.0
4296,0.0,0.0,0.0,0.0,0.0,0.0,0.0,0.0,0.0,0.0,0.0,0.0,0.0,0.0,0.0,0.0
4302,0.0,0.0,0.0,0.0,0.0,0.05965006351470947,0.0,0.0,0.0,0.05571574345231056,0.0,0.0,0.0,0.06827086955308914,0.0,0.0
4316,0.0,0.0,0.0,0.0,0.0,0.0,0.0,0.0,0.0,0.0,0.0,0.0,0.0,0.0,0.0,0.0
4317,0.0,0.0,0.0,0.0,0.0,0.0,0.0,0.0,0.0,0.0,0.0,0.0,0.0,0.0,0.0,0.0
4324,0.0,0.18510201573371887,0.0,0.0,0.0,0.2252672016620636,0.19760754704475403,0.08873777836561203,0.0,0.0,0.034929003566503525,0.0,0.9369339942932129,0.0,0.0,0.0
4353,0.0,0.0,0.0,0.0,0.07150809466838837,0.0,0.0,0.0,0.0,0.0,0.0,0.0,0.0,0.0,0.0,0.0
4357,0.03872069716453552,0.025732502341270447,0.0,0.045751191675662994,0.0,0.0494564063847065,0.03118295408785343,0.0,0.0,0.0,0.0,0.0,0.0470525287091732,0.03079557977616787,0.048707399517297745,0.045816000550985336
4395,0.0,0.0,0.0,0.0,0.0,0.0,0.0,0.0,0.0,0.0,0.0,0.0,0.0,0.0,0.0,0.0
4473,0.699262797832489,0.26519137620925903,0.0,0.23176102340221405,0.3507499694824219,0.3098366856575012,0.4539276957511902,0.3896031677722931,0.0,0.1469840556383133,0.5946081280708313,0.0,0.38565048575401306,0.18238919973373413,0.7224835157394409,0.5531736016273499
4480,0.0,0.0,0.0,0.0,0.0,0.0,0.0,0.0,0.0,0.0,0.0,0.0,0.0,0.0,0.0,0.0
4512,0.0,0.0,0.0,0.0,0.0,0.0,0.0,0.0,0.0,0.0,0.0,0.0,0.0,0.0,0.0,0.0
4515,0.0,0.0,0.0,0.0,0.0,0.0,0.0,0.0,0.0,0.0,0.0,0.0,0.0,0.0,0.0,0.0
4516,0.0,0.0,0.0,0.0,0.0,0.0,0.0,0.0,0.0,0.0,0.0,0.0,0.0,0.0,0.0,0.0
4524,0.0,0.0,0.0,0.0,0.0,0.0,0.0,0.0,0.0,0.0,0.0,0.0,0.0,0.0,0.0,0.0
4525,0.0,0.0,0.0,0.0,0.0,0.0,0.0,0.0,0.0,0.0,0.0,0.0,0.0,0.0,0.0,0.0
4529,0.0,0.0,0.0,0.0,0.0,0.0,0.0,0.0,0.0,0.0,0.0,0.0,0.0,0.0,0.0,0.0
4549,0.0,0.0,0.0,0.0,0.0,0.0,0.0,0.0,0.0,0.0,0.0,0.0,0.0,0.0,0.0,0.0
4558,0.0,0.0,0.0,0.0,0.0,0.0,0.0,0.0,0.0,0.0,0.0,0.0,0.0,0.0,0.0,0.0
4567,0.0,0.0,0.0,0.0,0.0,0.0,0.0,0.0,0.0,0.0,0.0,0.0,0.0,0.0,0.0,0.0
4596,0.0,0.0,0.0,0.0,0.0,0.0,0.0,0.0,0.0,0.0,0.0,0.0,0.0,0.0,0.0,0.0
4599,0.0,0.0,0.0,0.0,0.0,0.0,0.0,0.0,0.0,0.0,0.0,0.0,0.0,0.0,0.0,0.0
4600,0.0,0.0,0.0,0.0,0.0,0.0,0.0,0.0,0.0,0.0,0.0,0.0,0.0,0.0,0.0,0.0
4601,0.0,0.0,0.0,0.0,0.0,0.0,0.0,0.0,0.0,0.0,0.0,0.0,0.0,0.0,0.0,0.0
4602,0.0,0.0,0.0,0.0,0.0,0.0,0.0,0.0,0.0,0.0,0.0,0.0,0.0,0.0,0.0,0.0
