,0,1,2,3,4,5,6,7,8,9,10,11,12,13,14,15
0,0.0,0.0,0.0,0.0,0.0,0.0,0.0,0.0,0.0,0.0,0.0,0.0,0.0,0.0,0.0,0.0
1,0.0,0.0,0.0,0.0,0.0,0.0,0.0,0.0,0.0,0.34056299924850464,0.0,0.0,0.0,0.0,0.0,0.0
3,0.0,0.0,0.0,0.0,0.0,0.13332457840442657,0.12146800011396408,0.0,0.0,0.0,0.0,0.0,0.0,0.0,0.0,0.0
7,0.0,0.0,0.0,0.0,0.0,0.0,0.0,0.0,0.0,0.0,0.0,0.0,0.0,0.0,0.0,0.0
20,0.0,0.0,0.0,0.0,0.0,0.0,0.0,0.0,0.0,0.0,0.0,0.0,0.0,0.46605363488197327,0.0,0.184812992811203
31,0.9998550415039062,0.0,0.0,0.0,0.9998469948768616,0.999857485294342,0.7576934695243835,0.9986234903335571,0.47478601336479187,0.0,0.9732130169868469,0.0,0.0,0.9989989995956421,0.998986005783081,0.7892675399780273
37,0.0,0.8875836133956909,0.0,0.0,0.5549477338790894,0.0,0.8545570969581604,0.0,0.2449725866317749,0.0,0.29670459032058716,0.7598847150802612,0.7901508808135986,0.7181192636489868,0.8401272296905518,0.6871936321258545
41,0.6411463022232056,0.0,0.0,0.0,0.0,0.0,0.0,0.0,0.21830950677394867,0.0,0.0,0.0,0.0,0.0,0.0,0.0
43,0.0,0.0,0.0,0.0,0.0,0.0,0.0,0.0,0.0,0.0,0.0,0.0,0.0,0.0,0.0,0.0
46,0.0,0.014538399875164032,0.0,0.5362449884414673,0.0,0.0,0.0,0.0,0.0,0.0,0.0,0.14765380322933197,0.0,0.0,0.0,0.0
48,0.0,0.7815372943878174,0.0,0.0,0.7014930844306946,0.0,0.0,0.0,0.0,0.0,0.4825687110424042,0.05126500129699707,0.0,0.0,0.0,0.0
49,0.0,0.0,0.0,0.0,0.0,0.0,0.0,0.0,0.0,0.0,0.0,0.0,0.0,0.0,0.0,0.0
51,0.0,0.0,0.0,0.0,0.0,0.0,0.0,0.0,0.0,0.0,0.0,0.0,0.0,0.0,0.0,0.0
54,0.0,0.11842914670705795,0.01270300056785345,0.0,0.1551007479429245,0.0,0.0,0.0,0.0,0.0,0.0,0.0,0.0,0.0,0.0,0.0
58,0.0,0.0,0.590840756893158,0.0,0.0,0.0,0.0,0.867999255657196,0.0,0.0,0.0,0.0,0.0,0.0,0.0,0.0
89,0.013347749598324299,0.04176371544599533,0.0,0.0,0.03338500112295151,0.1667959988117218,0.0,0.028611749410629272,0.03344849869608879,0.1423712521791458,0.0,0.06951016932725906,0.0,0.0,0.22090661525726318,0.0
95,0.0,0.0,0.0,0.0,0.0,0.0,0.01407135371118784,0.0,0.0,0.0,0.0,0.0,0.0,0.0,0.0,0.0
99,0.0,0.0,0.0,0.0,0.0,0.0,0.0,0.0,0.0,0.0,0.0,0.0,0.0,0.0,0.0,0.0
104,0.0,0.0,0.0,0.0,0.0,0.0,0.0,0.0,0.0,0.01147033367305994,0.0,0.0,0.0,0.0,0.0,0.0
106,0.0,0.487943559885025,0.0,0.0,0.08803150057792664,0.9569649696350098,0.0,0.06782600283622742,0.0,0.0,0.0,0.0,0.0,0.181940495967865,0.0,0.2020570933818817
115,0.0,0.0,0.0,0.0,0.0,0.0,0.0,0.0,0.0,0.0,0.0,0.0,0.0,0.0,0.0,0.0
118,0.0,0.0,0.0,0.0,0.0,0.0,0.5463410019874573,0.0,0.0,0.0,0.0,0.0,0.0,0.0,0.0,0.0
123,0.0,0.0,0.0,0.0,0.0,0.0,0.0,0.0,0.0,0.0,0.0,0.0,0.0,0.0,0.0,0.0
126,0.0,0.7964504361152649,0.0,0.0,0.0,0.0,0.0,0.27467837929725647,0.0,0.0,0.0,0.0,0.0,0.0,0.0,0.0
132,0.8711004853248596,0.9983310103416443,0.7905954122543335,0.0,0.0,0.8530919551849365,0.7947210073471069,0.0,0.0,0.9190823435783386,0.0,0.0,0.0,0.9930281639099121,0.9438049793243408,1.0
170,0.0,0.0,0.0,0.0,0.0,0.0,0.0,0.0,0.0,0.0,0.0,0.0,0.0,0.0,0.0,0.0
173,0.0,0.0,0.0,0.0,0.0,0.0,0.0,0.0,0.0,0.0,0.0,0.0,0.0,0.0,0.0,0.0
186,0.44638869166374207,0.059413500130176544,0.06720849871635437,0.0,0.21247079968452454,0.25003400444984436,0.0,0.2316790074110031,0.0,0.3940050005912781,0.20714500546455383,0.4681133031845093,0.22075939178466797,0.05599924921989441,0.12223750352859497,0.23846134543418884
191,0.5235909819602966,0.0,0.3431743383407593,0.6252110004425049,0.022321000695228577,0.09764999896287918,0.34982019662857056,0.14958599209785461,0.061608750373125076,0.0,0.07303933799266815,0.0,0.0,0.2570948600769043,0.08418966829776764,0.0
202,0.0,0.0,0.0,0.0,0.0,0.0,0.0,0.0,0.0,0.0,0.0,0.0,0.0,0.0,0.0,0.0
211,0.0,0.0,0.0,0.0,0.0,0.0,0.0,0.0,0.0,0.0,0.0,0.0,0.0,0.0,0.0,0.0
213,0.0,0.0,0.0842321366071701,0.0,0.0,0.4526239037513733,0.0,0.0,0.0,0.0,0.0,0.15636032819747925,0.0,0.0,0.0,0.0
224,0.0,0.0,0.0,0.0,0.0,0.0,0.0,0.11778699606657028,0.0,0.0,0.0,0.0,0.0,0.0,0.0,0.0
248,0.0,0.0,0.0,0.0,0.0,0.0,0.0,0.0,0.0,0.0,0.0,0.0,0.0,0.0,0.0,0.0
250,0.46287259459495544,0.5686611533164978,0.0,0.0,0.04849966987967491,0.5422463417053223,0.0,0.030102770775556564,0.06744640320539474,0.10307911783456802,0.04150460287928581,0.0,0.0,0.0,0.0,0.022270571440458298
253,0.0,0.0,0.0,0.0,0.0,0.0,0.0,0.0,0.0,0.0,0.0,0.0,0.0,0.0,0.0,0.0
254,0.0,0.0,0.0,0.0,0.0,0.0,0.0,0.0,0.0,0.0,0.0,0.0,0.0,0.0,0.0,0.0
256,0.0,0.0,0.0,0.0,0.0,0.0,0.0,0.0,0.0,0.0,0.0,0.0,0.0,0.0,0.0,0.0
258,0.0905420258641243,0.18070366978645325,0.9716545939445496,0.1019028052687645,0.0,0.008119159378111362,0.0,0.1869320273399353,0.0,0.889869213104248,0.8734947443008423,0.0,0.5269650816917419,0.0,0.0,0.9578018188476562
262,0.44442641735076904,0.9834073781967163,0.0,0.0,0.25,0.0,0.5317871570587158,0.7871654629707336,0.0,0.0,0.0,0.0,0.0,0.22936968505382538,0.1703815460205078,0.0
266,0.0,0.0,0.0,0.0,0.0,0.008006925694644451,0.0,0.1019630879163742,0.08646111935377121,0.0,0.0,0.0,0.0,0.0,0.0,0.0
271,0.0,0.05227627605199814,0.0,0.0,0.0,0.0,0.0,0.0,0.0,0.0,0.0,0.0,0.0,0.0,0.0,0.0
275,0.0,0.0,0.0,0.0,0.0,0.0,0.0,0.0,0.0,0.0,0.0,0.0,0.0,0.0,0.0,0.0
281,0.0,0.0,0.0,0.0,0.0,0.0,0.0,0.0,0.0,0.0,0.0,0.1022230014204979,0.0,0.0,0.0,0.0
283,0.0,0.0,0.0,0.0,0.0,0.0,0.0,0.0,0.0,0.0,0.0,0.0,0.0,0.0,0.0,0.0
284,0.0,0.0,0.0,0.0,0.0,0.0,0.0,0.0,0.0326140820980072,0.0,0.0,0.0,0.0,0.0,0.0,0.0
288,0.0,0.0,0.0,0.0,0.0,0.0,0.0,0.0,0.0,0.0,0.0,0.0,0.0,0.0,0.0,0.0
292,0.0,0.01527312584221363,0.0,0.0,0.0,0.025272667407989502,0.30452609062194824,0.0,0.0,0.0,0.0,0.2272578477859497,0.0,0.0,0.0,0.0
296,0.0,0.0,0.0,0.30379533767700195,0.0,0.0,0.0,0.0,0.0,0.0,0.0,0.0,0.0,0.0,0.0,0.0
313,0.0,0.0,0.0,0.0,0.0,0.0,0.0,0.0,0.0,0.0,0.0,0.0,0.0,0.0,0.0,0.0
316,0.0,0.0,0.0,0.0,0.0,0.0,0.0,0.0,0.0,0.0,0.0,0.0,0.0,0.0,0.0,0.16554050147533417
324,0.0,0.0,0.0,0.0,0.0,0.0,0.0,0.0,0.0,0.0,0.0,0.0,0.0,0.0,0.0,0.0
326,0.0,0.0,0.0,0.0,0.0,0.0,0.0,0.0,0.0,0.0,0.0,0.0,0.0,0.0,0.0,0.0
346,0.6631730198860168,0.0,0.7122359871864319,0.2890639901161194,0.701837956905365,0.0,0.5100970268249512,0.0,0.0,0.3884359896183014,0.9972125291824341,0.0,0.0,0.6343070268630981,0.9937593340873718,0.6635986566543579
351,0.8588966727256775,0.0,0.09763026237487793,0.0,0.5145670175552368,0.0,0.3848911225795746,0.0,0.0,0.0,0.0,0.0,0.0,0.0,0.0,0.8995792269706726
355,0.0,0.0,0.0,0.0,0.0,0.0,0.0,0.0,0.0,0.0,0.0,0.0,0.0,0.0,0.0,0.0
361,0.0,0.9982939958572388,0.0,0.0,0.0,0.0,0.0,0.0,0.0,0.0,0.0,0.0,0.0,0.0,0.0,0.0
368,0.0,0.0,0.0,0.0,0.0,0.0,0.0,0.0,0.0,0.0,0.0,0.0,0.0,0.0,0.0,0.0
369,0.6256408095359802,0.11736062914133072,0.21207986772060394,0.0,0.5464865565299988,0.09859360009431839,0.4933586120605469,0.7203431129455566,0.8362098336219788,0.0,0.12749433517456055,0.0,0.2425575852394104,0.34173449873924255,0.0,0.7028226852416992
374,0.0,0.0,0.0,0.0,0.0,0.0,0.0,0.0,0.0,0.0,0.0,0.0,0.0,0.0,0.0,0.0
385,0.0,0.0,0.0,0.0,0.0,0.0,0.15970106422901154,0.0,0.0,0.0,0.0,0.0,0.0,0.0,0.0,0.0
388,0.0,0.0,0.0,0.28996795415878296,0.0,0.24973736703395844,0.0,0.0,0.0,0.0,0.0,0.0,0.0,0.09397900104522705,0.0,0.0
398,0.0,0.11795246601104736,0.0,0.3430293798446655,0.0,0.0,0.0,0.1521628350019455,0.0,0.0,0.0,0.0,0.0,0.09302689880132675,0.4815225899219513,0.0
406,0.2636374235153198,0.6254708766937256,0.0,0.0,0.060656849294900894,0.16087505221366882,0.21666473150253296,0.15847186744213104,0.042731691151857376,0.6319858431816101,0.4174918830394745,0.8528651595115662,0.0,0.1737934648990631,0.0,0.0
407,0.0,0.0,0.0,0.0,0.0,0.0,0.0,0.0,0.0,0.0,0.0,0.0,0.0,0.0,0.0,0.0
408,0.0,0.0,0.0,0.0,0.0,0.0,0.0,0.0,0.0,0.0,0.0,0.0,0.0,0.0,0.0,0.0
420,0.0,0.0,0.16514115035533905,0.0,0.0,0.0,0.0,0.0,0.6873574256896973,0.0,0.0,0.0,0.0,0.0,0.0,0.0
421,0.0,0.0,0.0,0.0,0.0,0.0,0.0,0.0,0.0,0.0,0.0,0.0,0.0,0.0,0.0,0.0
426,0.0,0.1814614236354828,0.0,0.49898701906204224,0.6650488376617432,0.0535598061978817,0.0,0.021771563217043877,0.0,0.6471124887466431,0.34380561113357544,0.7461352348327637,0.07154939323663712,0.10146260261535645,0.08897083252668381,0.0
428,0.26559939980506897,0.8659533858299255,0.5328829884529114,0.5581914782524109,0.20601771771907806,0.0,0.0,0.9484636187553406,0.9424973130226135,0.5050177574157715,0.19762419164180756,0.7329488396644592,0.7874731421470642,0.5258873105049133,0.5843488574028015,0.09187418222427368
430,0.0,0.0,0.0,0.0,0.0,0.0,0.0,0.6121331453323364,0.005776400212198496,0.0,0.0,0.0,0.0,0.0,0.0,0.0
435,0.2607881426811218,0.0,0.0,0.0,0.10591254383325577,0.0,0.5519415736198425,0.8773032426834106,0.6554726958274841,0.6077247262001038,0.8192338347434998,0.7191232442855835,0.5126571655273438,0.5385757088661194,0.6441307067871094,0.8097237348556519
438,0.0,0.0,0.0,0.0,0.0,0.0,0.0,0.0,0.0,0.0,0.0,0.0,0.0,0.0,0.0,0.0
443,0.11615081876516342,0.08258811384439468,0.0,0.0,0.0,0.577036440372467,0.0,0.0,0.0,0.0,0.0,0.0,0.0,0.0,0.0,0.0
447,0.0,0.0,0.0,0.0,0.0,0.0,0.0,0.0,0.0,0.0,0.0,0.0,0.0,0.0,0.0,0.0
449,0.0,0.0,0.0,0.0,0.0,0.0,0.0,0.0,0.0,0.0,0.0,0.981134831905365,0.0,0.0,0.0,0.4748755693435669
452,0.0,0.0,0.0206097774207592,0.0,0.0,0.0,0.0,0.5197769403457642,0.015536922961473465,0.0,0.0,0.0,0.0,0.0,0.0,0.0
464,0.0,0.5244700312614441,0.0,0.0,0.0,0.0,0.39920878410339355,0.0,0.0,0.0,0.0,0.0,0.0,0.0,0.0,0.0
467,0.6713923215866089,0.05851128697395325,0.0,0.0,0.0,0.0,0.0,0.6939292550086975,0.0,0.0,0.0,0.0,0.0,0.0,0.0,0.0
469,0.0,0.0,0.0,0.0,0.0,0.0,0.0,0.0,0.0,0.0,0.0,0.0,0.0,0.0,0.0,0.0
470,0.0,0.0,0.24923300743103027,0.0,0.2305210828781128,0.0807671993970871,0.0,0.0,0.0,0.2757135033607483,0.7297912240028381,0.0,0.08687960356473923,0.0,0.0,0.7962039113044739
474,0.0,0.0,0.0,0.0,0.0,0.0,0.0,0.0,0.0,0.0,0.0,0.0,0.0,0.0,0.0,0.0
477,0.0,0.0,0.0,0.0,0.0,0.0,0.0,0.0,0.0,0.0,0.0,0.0,0.0,0.0,0.0,0.0
479,0.0,0.995510995388031,0.0,0.0,0.0,0.6720075011253357,0.9681270122528076,0.0,0.0,0.803725004196167,0.0,0.0,0.0,0.0,0.0,0.0
480,0.10921896249055862,0.0,0.0,0.0,0.0,0.0,0.0,0.0,0.0,0.0,0.0,0.0,0.0,0.0,0.0,0.03311644867062569
481,0.0,0.5564788579940796,0.4833590090274811,0.0,0.11244542896747589,0.0,0.10926467180252075,0.5274750590324402,0.0,0.025553399696946144,0.7130792737007141,0.0,0.15733329951763153,0.8087009787559509,0.4753774404525757,0.8245506286621094
487,0.0,0.20481020212173462,0.0,0.0,0.5417584180831909,0.0,0.0,0.0,0.0,1.0,0.0,0.478613018989563,0.0,0.0,0.0,0.0
494,0.0,0.0,0.0,0.44666215777397156,0.0,0.0,0.0,0.0,0.0,0.0,0.9423036575317383,0.0,0.0,0.020412201061844826,0.533723771572113,0.3736445903778076
496,0.0,0.0,0.0,0.0,0.0,0.0,0.1965552717447281,0.0,0.0,0.0,0.0,0.0,0.0,0.0,0.0,0.0
505,0.0,0.0,0.4996883273124695,0.974977970123291,0.0,0.11626599729061127,0.0,0.0,0.0,0.0,0.0,0.0,0.0,0.0,0.0,0.0
513,0.0,0.0,0.0,0.0,0.0,0.0,0.0,0.0,0.0,0.0,0.0,0.0,0.0,0.0,0.0,0.0
518,0.0,0.0,0.0,0.0,0.0,0.0,0.0,0.0,0.0,0.0,0.0,0.0,0.0,0.0,0.0,0.0
520,0.0,0.0,0.09857223182916641,0.0,0.0,0.0,0.21348895132541656,0.0688757598400116,0.0,0.0,0.0,0.0,0.0,0.0,0.0,0.0
521,0.0,0.0,0.04538924992084503,0.0,0.11900550872087479,0.0,0.0,0.16592447459697723,0.0,0.0,0.0,0.0,0.0,0.26382118463516235,0.0,0.0
531,0.0,0.0,0.0,0.0,0.0,0.0,0.0,0.0,0.0,0.0,0.0,0.0,0.0,0.0,0.0,0.0
545,0.0,0.0,0.0,0.0,0.0,0.0,0.23650512099266052,0.0,0.0,0.0,0.4098280370235443,0.1274183690547943,0.09753329306840897,0.26459962129592896,0.0,0.10578832775354385
547,0.0,0.0,0.0,0.0,0.0,0.0,0.0,0.0,0.0,0.0,0.0,0.0,0.0,0.0,0.0,0.0
554,0.0,0.0,0.018918359652161598,0.0,0.3566763699054718,0.0,0.0,0.0,0.08237385749816895,0.0,0.0,0.0,0.5167313814163208,0.2336055040359497,0.37026122212409973,0.6304335594177246
555,0.0,0.0,0.0,0.0,0.0,0.0,0.0,0.0,0.0,0.0,0.0,0.0,0.0,0.0,0.0,0.0
557,0.0,0.0,0.8061892986297607,0.0,0.0,0.24985776841640472,0.0,0.74859219789505,0.0,0.8797924518585205,0.15489879250526428,0.1984780877828598,0.0,0.12144149839878082,0.0,0.0
561,0.0,0.0,0.0,0.0,0.0,0.0,0.0,0.0,0.0,0.0,0.0,0.0,0.0,0.0,0.0,0.0
568,0.0,0.0,0.0,0.0,0.0,0.0,0.0,0.0,0.0,0.0,0.0,0.0,0.0,0.0,0.0,0.0
570,0.0,0.0,0.0,0.0,0.0,0.0,0.0,0.0,0.0,0.0,0.0,0.0,0.0,0.0,0.0,0.0
577,0.0,0.0,0.0,0.0,0.0,0.0,0.0,0.0,0.0,0.0,0.0,0.0,0.0,0.0,0.0,0.0
588,0.0,0.0,0.0,0.0,0.0,0.0,0.0,0.0,0.0,0.0,0.0,0.0,0.0,0.0,0.0,0.0
603,0.0,0.0,0.0,0.0,0.0,0.0,0.0,0.0,0.0,0.0,0.0,0.0,0.0,0.0,0.0,0.0
613,0.0,0.0,0.0,0.0,0.0,0.0,0.0,0.6066648364067078,0.0,0.0,0.0,0.0,0.13275624811649323,0.0,0.0,0.0
622,0.0,0.8364993333816528,0.10007762163877487,0.0,0.12534958124160767,0.30756938457489014,0.1964598149061203,0.6075601577758789,0.39907312393188477,0.7237066030502319,0.0,0.25783243775367737,0.3186168372631073,0.0,0.04310724884271622,0.068448007106781
635,0.0,0.0,0.0,0.0,0.0,0.0,0.0,0.0,0.0,0.0,0.0,0.0,0.0,0.0,0.0,0.0
643,0.0,0.0,0.0,0.0,0.0,0.0,0.0,0.0,0.0,0.0,0.0,0.0,0.0,0.0,0.0,0.0
653,0.0,0.0,0.10959899425506592,0.0,0.0,0.04359440132975578,0.05654600262641907,0.0,0.0,0.6597018241882324,0.11543969064950943,0.0,0.0,0.0,0.0,0.0
661,0.009355556219816208,0.5722446441650391,0.1425085812807083,0.0,0.6093389987945557,0.18533354997634888,0.0,0.4066064953804016,0.644953727722168,0.2869066298007965,0.32611674070358276,0.06696052849292755,0.04015309736132622,0.05165475234389305,0.9775256514549255,0.6666684150695801
662,0.0,0.26015108823776245,0.0,0.18081887066364288,0.0,0.06495466828346252,0.0,0.0,0.0,0.0,0.0,0.0,0.0,0.1656913012266159,0.11033012717962265,0.0
664,0.0,0.0,0.0,0.0,0.0,0.0,0.0,0.0,0.0,0.0,0.0,0.0,0.0,0.0,0.0,0.0
677,0.0,0.0,0.3864220082759857,0.0,0.0,0.0,0.0,0.0,0.0,0.0,0.0,0.0,0.0,0.0,0.0,0.0
678,0.0,0.1870153546333313,0.0,0.0,0.0,0.0,0.12941424548625946,0.0,0.0,0.0,0.0,0.0,0.10977944731712341,0.0,0.0,0.31130415201187134
680,0.9756529927253723,0.0,0.1860087364912033,0.0,0.12392467260360718,0.0,0.0,0.6168574094772339,0.0,0.0,0.0,0.34207820892333984,0.0,0.5695886611938477,0.0,0.389272004365921
681,0.2543638050556183,0.0,0.566851794719696,0.01088265236467123,0.08703875541687012,0.5707159638404846,0.458988755941391,0.0,0.0,0.0,0.0,0.9254330396652222,0.7869195938110352,0.0,0.49295729398727417,0.0
684,0.0,0.0,0.06248118728399277,0.040979404002428055,0.0,0.0,0.0,0.49460047483444214,0.0,0.0,0.0,0.43679800629615784,0.09177371859550476,0.0,0.0,0.0
689,0.0,0.0,0.0,0.0,0.0,0.0,0.0,0.0,0.0,0.0,0.0,0.0,0.1304309070110321,0.0,0.0,0.0
695,0.0,0.0,0.0,0.0,0.261567622423172,0.0,0.10442224889993668,0.8641312718391418,0.0,0.0,0.0,0.11125359684228897,0.0,0.0,0.0,0.0
704,0.0,0.0,0.0,0.0,0.0,0.0,0.0,0.0,0.0,0.0,0.0,0.0,0.03631686046719551,0.0,0.0,0.037987180054187775
724,0.0,0.0,0.0,0.0,0.0,0.0,0.0,0.0,0.0,0.0,0.0,0.0,0.0,0.0,0.0,0.0
725,0.0,0.0,0.0,0.0,0.0,0.8088195323944092,0.0,0.0,0.0,0.0,0.0,0.0,0.0,0.0,0.0,0.0
731,0.0,0.0,0.0,0.0,0.0,0.0,0.0,0.0,0.0,0.0,0.0,0.0,0.0,0.0,0.0,0.0
737,0.0,0.0,0.0,0.0,0.0,0.0,0.0,0.0,0.0,0.0,0.0,0.0,0.0,0.0,0.0,0.0
738,0.0,0.0,0.0,0.0,0.0,0.0,0.0,0.0,0.0,0.0,0.0,0.0,0.3489530086517334,0.0,0.0,0.0
751,0.0,0.07651279866695404,0.0,0.0,0.0,0.0,0.0,0.0,0.0,0.0,0.0,0.0,0.0,0.0,0.0,0.0
753,0.3457561433315277,0.6161765456199646,0.4244745075702667,0.33752313256263733,0.8345909118652344,0.0,0.0,0.0,0.5177289843559265,0.5358790755271912,0.08766067028045654,0.652438223361969,0.021297844126820564,0.0,0.7510462999343872,0.46917659044265747
755,0.0,0.0,0.0,0.0,0.0,0.0,0.0,0.0,0.0,0.0,0.0,0.0,0.0,0.0,0.0,0.0
761,0.0,0.0,0.0,0.0,0.0,0.0,0.0,0.0,0.0,0.0,0.0,0.0,0.0,0.0,0.0,0.0
762,0.0,0.0,0.0,0.0,0.0,0.0,0.0,0.0,0.0,0.0,0.0,0.0,0.0,0.0,0.0,0.0
766,0.014904833398759365,0.0,0.0,0.033174000680446625,0.0,0.0,0.0,0.7127925157546997,0.0,0.0,0.27167001366615295,0.0,0.0,0.2534930109977722,0.0,0.14472918212413788
767,0.0,0.0,0.0,0.0,0.0,0.0,0.0,0.0,0.0,0.0,0.0,0.0,0.0,0.0,0.0,0.0
772,0.0,0.0,0.0,0.0,0.0,0.0,0.0,0.0,0.0,0.0,0.0,0.0,0.0,0.0,0.0,0.0
776,0.0,0.0,0.0,0.0,0.0,0.0,0.0,0.0,0.0,0.0,0.0,0.0,0.0,0.0,0.0,0.0
788,0.0,0.0,0.0,0.0,0.0,0.0,0.0,0.0,0.0,0.0,0.0,0.0,0.0,0.0,0.0,0.0
796,0.0,0.0,0.0,0.0,0.0,0.0,0.0,0.0,0.0,0.027701184153556824,0.0,0.0,0.0,0.0,0.0,0.0
802,0.0,0.0,0.0,0.0,0.0,0.0,0.0,0.0,0.0,0.0,0.0,0.0,0.0,0.0,0.0,0.0
806,0.0,0.0,0.0,0.0,0.0,0.0,0.09056799858808517,0.06666667014360428,0.0,0.0,0.0,0.0,0.0,0.0,0.0,0.0
814,0.0,0.0,0.0,0.0,0.0,0.0,0.0,0.0,0.0,0.0,0.0,0.0,0.0,0.0,0.0,0.0
846,0.0,0.0,0.27251654863357544,0.0,0.0,0.0,0.0,0.0,0.0,0.0,0.0,0.0,0.0,0.0,0.0,0.0
849,0.0,0.0,0.272641658782959,0.0,0.0,0.6502678990364075,0.27539128065109253,0.0,0.0,0.0,0.22097596526145935,0.0,0.21335802972316742,0.0,0.3852790296077728,0.30982452630996704
858,0.0,0.0,0.0,0.0,0.0,0.0,0.0,0.0,0.0,0.0,0.0,0.0,0.0,0.0,0.0,0.0
865,0.03038918226957321,0.4920821785926819,0.0,0.0,0.0,0.030171215534210205,0.0,0.0,0.0,0.0,0.0,0.0,0.0,0.005890611093491316,0.0,0.0
873,0.0,0.0,0.0,0.29478883743286133,0.0,0.0,0.0,0.0,0.0,0.11270221322774887,0.0,0.0,0.1939341276884079,0.0,0.3649787902832031,0.0
882,0.0,0.0,0.0,0.0,0.0,0.0,0.0,0.0,0.0,0.0,0.0,0.0,0.0,0.0,0.0,0.0
883,0.0046511427499353886,0.0,0.0,0.0,0.0,0.0,0.0,0.0,0.0,0.053692400455474854,0.0,0.0,0.0,0.0,0.0,0.030092131346464157
888,0.0,0.0,0.0,0.0,0.0,0.0,0.0,0.0,0.0,0.0,0.0,0.0,0.0,0.0,0.0,0.0
889,0.015977125614881516,0.0401797816157341,0.27724146842956543,0.2089483141899109,0.1840328425168991,0.060325056314468384,0.3646763563156128,0.33161062002182007,0.17044754326343536,0.08838342875242233,0.0,0.30351707339286804,0.8552759885787964,0.33799952268600464,0.08980615437030792,0.14928294718265533
893,0.0,0.026149749755859375,0.6799609065055847,0.2868187427520752,0.0,0.07955973595380783,0.8288261890411377,0.0,0.01242566667497158,0.06389925628900528,0.0,0.03663133457303047,0.09003132581710815,0.3359422981739044,0.009818555787205696,0.0
894,0.0,0.0,0.0,0.0,0.0,0.0,0.0,0.0,0.0,0.0,0.0,0.0,0.0,0.0,0.0,0.0
901,0.0,0.0,0.6228316426277161,0.908275306224823,0.19373248517513275,0.0,0.7080356478691101,0.12545384466648102,0.8472702503204346,0.10130312293767929,0.0,0.3901892304420471,0.7087559700012207,0.15468411147594452,0.0,0.15348681807518005
907,0.0,0.0,0.0,0.0,0.0,0.0,0.0,0.0,0.0,0.0,0.0,0.0,0.0,0.0,0.0,0.0
909,0.0,0.0,0.3195840120315552,0.0,0.0,0.0,0.0,0.0,0.0,0.0,0.0,0.0,0.0,0.0,0.0,0.0
918,0.4241524040699005,0.0,0.0,0.0,0.0,0.10426610708236694,0.0,0.0,0.0,0.0,0.0,0.0,0.0,0.0,0.23986434936523438,0.0
921,0.0,0.0,0.0,0.0,0.0,0.0,0.0,0.0,0.0,0.0,0.0,0.0,0.0,0.0,0.0,0.0
924,0.0,0.0,0.0,0.0,0.0,0.0,0.0,0.0,0.0,0.0,0.0,0.0,0.0,0.0,0.0,0.0
928,0.0,0.0,0.0,0.0,0.21942900121212006,0.0,0.0,0.0,0.0,0.7372505068778992,0.0,0.1369895040988922,0.01719740778207779,0.0,0.6114426255226135,0.5483204126358032
933,0.0,0.0,0.0,0.0,0.0,0.0,0.0,0.0,0.0,0.0,0.0,0.0,0.0,0.0,0.0,0.0
934,0.0,0.0,0.0,0.0,0.0,0.0,0.0,0.0,0.0,0.0,0.0,0.0,0.0,0.0,0.0,0.0
938,0.0,0.0,0.0,0.05294720083475113,0.0,0.0,0.0,0.0,0.0,0.0,0.0,0.0,0.0,0.0,0.0,0.0
941,0.0,0.0,0.0,0.0,0.0,0.0,0.0,0.0,0.0,0.0,0.0,0.0,0.0,0.0,0.0,0.0
950,0.024783968925476074,0.0,0.0,0.0,0.0,0.0,0.0,0.0,0.0,0.0,0.0,0.0,0.11989723891019821,0.0,0.047435466200113297,0.34346312284469604
953,0.0,0.0,0.0919891893863678,0.0,0.0,0.2448424994945526,0.17427943646907806,0.0,0.01635695993900299,0.0,0.14090682566165924,0.08295736461877823,0.10600306838750839,0.15441074967384338,0.08179108798503876,0.25597238540649414
954,0.11525700241327286,0.0,0.0,0.0,0.0,0.0,0.0,0.0,0.0,0.0,0.0,0.0,0.0,0.0,0.0,0.0
958,0.0,0.0,0.12237882614135742,0.0,0.0,0.45643287897109985,0.0,0.042535409331321716,0.0,0.0,0.4000279903411865,0.5667251348495483,0.012188166379928589,0.2533907890319824,0.0928729996085167,0.0
960,0.0,0.0,0.0,0.0,0.0,0.0,0.0,0.0,0.0,0.0,0.0,0.0,0.0,0.0,0.0,0.0
969,0.0,0.0,0.0,0.0,0.0,0.0,0.0,0.0,0.0,0.0,0.0,0.0,0.0,0.0,0.0,0.0
970,0.0,0.2298046499490738,0.27159807085990906,0.0,0.0,0.44660335779190063,0.0,0.28774493932724,0.0,0.3228245973587036,0.0,0.15261653065681458,0.12026796489953995,0.27246221899986267,0.0,0.0
971,0.0,0.0,0.0,0.0,0.0,0.0,0.0,0.0,0.0,0.0,0.0,0.0,0.0,0.0,0.0,0.0
975,0.3312680125236511,0.12862399220466614,0.0,0.0,0.0,0.33853963017463684,0.3347775936126709,0.18759460747241974,0.21894219517707825,0.0,0.0,0.11577624827623367,0.14001940190792084,0.3943391740322113,0.0,0.22894999384880066
994,0.2792624831199646,0.23985712230205536,0.201825350522995,0.0,0.14116571843624115,0.1576290726661682,0.0,0.35848385095596313,0.0,0.13285821676254272,0.36882057785987854,0.0,0.0,0.12321469932794571,0.23058217763900757,0.061935149133205414
997,0.0,0.0,0.0,0.0,0.0,0.0,0.0,0.0,0.0,0.0,0.0,0.0,0.0,0.0,0.0,0.9578120112419128
1000,0.0,0.010341500863432884,0.005071703344583511,0.0,0.0,0.04661281406879425,0.0,0.0,0.0,0.005783600267022848,0.0,0.2073473334312439,0.0,0.0,0.0,0.042437002062797546
1003,0.0,0.0,0.0,0.0,0.0,0.0,0.0,0.40917930006980896,0.02058570086956024,0.0,0.014570333994925022,0.0,0.0,0.0,0.0,0.0
1006,0.11546365171670914,0.0,0.392239511013031,0.0,0.0,0.0,0.9467355012893677,0.0,0.0,0.0,0.0,0.0,0.3170996308326721,0.0,0.0,0.0
1007,0.0,0.0,0.7590947151184082,0.0,0.0,0.0,0.0,0.0,0.0,0.3302820026874542,0.0,0.0,0.0,0.0,0.0,0.0
1010,0.2589733302593231,0.11146434396505356,0.3986612558364868,0.0,0.10438977181911469,0.15679900348186493,0.07645086199045181,0.0,0.006582454778254032,0.1395542025566101,0.38221868872642517,0.5197243690490723,0.0,0.04674966633319855,0.0,0.3954070210456848
1014,0.06491287797689438,0.6419647336006165,0.24365143477916718,0.6930834650993347,0.0,0.0,0.23980900645256042,0.09888999909162521,0.10044331103563309,0.0,0.6781563758850098,0.36911922693252563,0.8035368919372559,0.1665765941143036,0.36466172337532043,0.002052317140623927
1017,0.0,0.0,0.0,0.0,0.0,0.0,0.0,0.0,0.0,0.0,0.0,0.0,0.0,0.0,0.0,0.0
1018,0.0,0.0,0.0,0.8736438155174255,0.08443926274776459,0.0,0.0,0.2093900740146637,0.0,0.0,0.0,0.12173150479793549,0.0,0.20085746049880981,0.007115286309272051,0.9146155118942261
1023,0.0,0.0,0.0,0.0,0.0,0.0,0.0,0.0,0.0,0.0,0.0,0.0,0.0,0.0,0.0,0.0
1029,0.0,0.0,0.0,0.0,0.0,0.0,0.0,0.0,0.0,0.0,0.0,0.0,0.0,0.0,0.0,0.0
1031,0.0,0.0,0.0,0.0,0.05298464000225067,0.08169160038232803,0.0,0.0,0.0,0.0,0.0,0.0,0.0,0.0,0.0287570022046566,0.0
1032,0.0,0.0,0.0,0.0,0.0,0.0,0.0,0.004853500053286552,0.0,0.0,0.0,0.0,0.0,0.0,0.0,0.0
1035,0.9929609894752502,0.4008977711200714,0.0,0.0,0.0,0.8085445165634155,0.0,0.9449108839035034,0.331231951713562,0.06769081950187683,0.0,0.0,0.32855862379074097,0.8777942061424255,0.8381199240684509,0.644516110420227
1040,0.0,0.0,0.0,0.0,0.0,0.0,0.0,0.0,0.0,0.0,0.0,0.0,0.0,0.0,0.0,0.0
1042,0.0,0.31021133065223694,0.0164616908878088,0.0,0.5845449566841125,0.0,0.0,0.0,0.0,0.0,0.0,0.0,0.0,0.0,0.0,0.0
1049,0.34105050563812256,0.08584613353013992,0.0,0.16459043323993683,0.9032659530639648,0.17587800323963165,0.10682841390371323,0.0,0.0,0.0,0.0,0.0,0.0,0.0,0.047120120376348495,0.09710047394037247
1051,0.0,0.0,0.0,0.0,0.0,0.0,0.0,0.0,0.0,0.0,0.0,0.0,0.0,0.0,0.0,0.0
1052,0.0,0.12271317094564438,0.502905011177063,0.8807336091995239,0.0,0.0,0.760467529296875,0.0,0.0,0.4377192258834839,0.0,0.0,0.0,0.0,0.0,0.0
1060,0.0,0.0,0.0,0.0,0.0,0.0,0.0,0.0,0.0,0.0,0.0,0.0,0.0,0.0,0.0,0.0
1067,0.0,0.0,0.0,0.0,0.21125198900699615,0.0,0.29598528146743774,0.0,0.0,0.009180156514048576,0.0,0.4162057042121887,0.7359721660614014,0.38556045293807983,0.7870192527770996,0.0
1069,0.015960199758410454,0.0,0.0,0.0,0.0,0.0,0.0,0.0,0.0,0.0,0.0,0.0,0.0,0.6982619166374207,0.0,0.0
1070,0.0,0.0,0.0,0.0,0.0,0.0,0.0,0.0,0.0,0.0,0.0,0.0,0.0,0.0,0.0,0.0
1071,0.0,0.0,0.0,0.0,0.0,0.0,0.0,0.0,0.0,0.0,0.0,0.4116629958152771,0.0,0.0,0.0,0.0
1075,0.0,0.0,0.0,0.0,0.0,0.0,0.0,0.0,0.0,0.0,0.0,0.0,0.0,0.0,0.0,0.0
1079,0.941098153591156,0.189667746424675,0.0,0.0,0.0,0.0,0.812506914138794,0.0,0.0,0.0,0.0,0.36470338702201843,0.04759920388460159,0.0,0.0,0.0
1083,0.15871483087539673,0.19013793766498566,0.322353333234787,0.01576550118625164,0.0,0.4230666756629944,0.0037261052057147026,0.0,0.07591988146305084,0.17072807252407074,0.0,0.0,0.0,0.0,0.15014183521270752,0.1671711653470993
1086,0.0,0.0,0.0,0.0,0.0,0.0,0.0,0.0,0.0,0.0,0.0,0.0,0.0,0.0,0.0,0.0
1091,0.0,0.0,0.0,0.0,0.0,0.0,0.0,0.4129525125026703,0.0,0.0,0.0,0.0,0.0,0.0,0.0,0.0
1093,0.0,0.0,0.0,0.0,0.0,0.0,0.0,0.0,0.0,0.0,0.0,0.0,0.0,0.0,0.0,0.0
1103,0.7179818749427795,0.14197604358196259,0.11888100206851959,0.0,0.0,0.0,0.0,0.0,0.0,0.0,0.0,0.07541508972644806,0.04068255051970482,0.6747740507125854,0.0,0.0
1115,0.20111525058746338,0.0,0.0,0.0,0.14702895283699036,0.40126147866249084,0.09600355476140976,0.0,0.0,0.124387226998806,0.12300548702478409,0.0,0.10206366330385208,0.0,0.0,0.1250467151403427
1119,0.0,0.0,0.0,0.0,0.15615125000476837,0.0,0.0,0.0,0.0,0.0,0.0,0.0,0.0,0.0,0.0,0.19273005425930023
1122,0.0,0.0,0.0,0.0,0.0,0.0,0.0,0.0,0.0,0.0,0.0,0.0,0.0,0.16012465953826904,0.0,0.0
1133,0.0,0.0,0.02054888941347599,0.02289780043065548,0.01356430072337389,0.0,0.0,0.11095773428678513,0.0,0.0,0.0,0.0,0.0,0.0,0.0,0.0897555872797966
1139,0.0,0.0,0.0,0.0,0.0,0.0,0.0,0.0,0.0,0.0,0.0,0.0,0.0,0.0,0.0,0.0
1145,0.0,0.0,0.0,0.0,0.0,0.0,0.0,0.0,0.0,0.0,0.0,0.0,0.0,0.0,0.0,0.0
1147,0.0,0.6940144896507263,0.6097472310066223,0.0,0.0,0.2204275280237198,0.2973949909210205,0.35339435935020447,0.0,0.0,0.0,0.31180039048194885,0.0,0.5758161544799805,0.6282116174697876,0.0
1150,0.0,0.0,0.17889536917209625,0.0,0.026745636016130447,0.0,0.0,0.0,0.0,0.0,0.0,0.7312638759613037,0.0,0.0,0.0,0.4116000831127167
1154,0.6118069887161255,0.019531071186065674,0.0,0.16811040043830872,0.9115239977836609,0.0,0.12087061256170273,0.0,0.0,0.0,0.0,0.0,0.8135704398155212,0.0,0.0,0.0
1157,0.0,0.0,0.0,0.0,0.0,0.0,0.0,0.0,0.0,0.0,0.0,0.0,0.0,0.0,0.0,0.0
1164,0.0,0.47057318687438965,0.7450234889984131,0.881253182888031,0.5,0.0,0.9574538469314575,0.9939295053482056,0.9544659852981567,0.4780082106590271,0.0,0.9177296161651611,0.0,0.8872813582420349,0.95973140001297,0.6757706999778748
1165,0.0,0.0,0.0,0.0,0.0,0.32152095437049866,0.0,0.0,0.0,0.0,0.0,0.0,0.0,0.0,0.0,0.0
1191,0.0,0.0,0.0,0.0,0.0,0.0,0.0,0.0,0.0,0.0,0.0,0.0,0.0,0.0,0.0,0.0
1197,0.0,0.0,0.0,0.0,0.0,0.0,0.0,0.0,0.0,0.0,0.0,0.0,0.0,0.0,0.0,0.0
1200,0.0,0.0,0.0,0.0,0.0,0.0,0.6355985403060913,0.4020319879055023,0.0,0.0,0.0,0.0,0.0,0.0,0.0,0.0
1204,0.0,0.0,0.0,0.0,0.0,0.0,0.0,0.0,0.0,0.0,0.0,0.0,0.0,0.0,0.0,0.0
1207,0.0,0.0,0.0,0.0,0.0,0.0,0.0,0.0,0.0,0.0,0.0,0.0,0.0,0.0,0.0,0.0
1211,0.0,0.8399052619934082,0.6727063655853271,0.7081853151321411,0.999953031539917,0.9950189590454102,0.9286466836929321,0.5240440368652344,0.6378807425498962,0.4003606140613556,0.0,0.9306260347366333,0.9984244704246521,0.9352149963378906,0.0,0.8446325063705444
1218,0.0,0.0,0.0,0.0,0.0,0.0,0.0,0.0,0.0,0.03153499960899353,0.0,0.0,0.0,0.0,0.0,0.0
1240,0.0,0.0,0.0,0.0,0.0,0.0,0.0,0.0,0.0,0.0,0.0,0.0,0.0,0.0,0.0,0.0
1244,0.0,0.0,0.0,0.0,0.0,0.0,0.0,0.0,0.0,0.0,0.0,0.0,0.0,0.0,0.0,0.0
1246,0.0,0.0,0.0,0.0,0.0,0.11060500144958496,0.0,0.43537798523902893,0.0,0.0,0.0,0.0,0.0,0.0,0.0,0.0
1266,0.0,0.0,0.0,0.0,0.47523200511932373,0.0,0.0,0.0,0.0,0.0,0.0,0.0,0.0,0.0,0.0,0.0
1270,0.0,0.0,0.9527067542076111,0.0,0.0,0.0,0.0,0.22179800271987915,0.0,0.0,0.0,0.0,0.0,0.0,0.0,0.0
1272,0.0,0.0,0.0,0.0,0.0,0.0,0.0,0.0,0.0,0.0,0.0,0.0,0.0,0.0,0.0,0.0
1274,0.0,0.0,0.0,0.0,0.0,0.0,0.0,0.0,0.0,0.0,0.0,0.0,0.0,0.0,0.0,0.0
1280,0.0,0.0,0.0,0.0,0.0,0.0,0.0,0.0,0.0,0.0,0.0,0.0,0.06666667014360428,0.0,0.0,0.0
1282,0.6739543676376343,0.7717790603637695,0.5420213937759399,0.0,0.6744835376739502,0.6804232597351074,0.4761839807033539,0.6288954019546509,0.0,0.0,0.0,0.5198791027069092,0.46211835741996765,0.3223157823085785,0.0,0.48899975419044495
1295,0.0,0.0,0.1634952872991562,0.0,0.0,0.0,0.0,0.0,0.0,0.0,0.0,0.0,0.0,0.0,0.0,0.0
1300,0.0,0.0,0.0,0.0,0.0,0.0,0.0,0.0,0.0,0.0,0.0,0.0,0.0,0.0,0.0,0.0
1301,0.0,0.0,0.0,0.0,0.0,0.0,0.39754047989845276,0.0,0.0,0.0,0.0,0.0,0.0,0.0,0.0,0.0
1321,0.0,0.0,0.0,0.0,0.0,0.0,0.0,0.0,0.0,0.0,0.0,0.0,0.0,0.0,0.0,0.0
1327,0.015829099342226982,0.0,0.3361456096172333,0.0,0.0,0.0,0.0,0.0,0.0,0.0,0.0,0.0,0.6072285175323486,0.0,0.0,0.0
1330,0.0,0.0,0.0,0.0,0.0,0.0,0.0,0.0,0.0,0.0,0.0,0.0,0.0,0.0,0.0,0.0
1337,0.45076239109039307,0.9441673755645752,0.6313366889953613,0.4851132929325104,0.04152684286236763,0.19030283391475677,0.8548535704612732,0.0772605910897255,0.0,0.0,0.5829793810844421,0.042862094938755035,0.0,0.43739691376686096,0.0767773985862732,0.08697476238012314
1340,0.0,0.03209034726023674,0.019052833318710327,0.0,0.0,0.03475742042064667,0.0,0.0,0.0,0.0,0.0,0.0,0.0,0.0,0.07692307978868484,0.0
1341,0.0,0.016992749646306038,0.20339325070381165,0.0,0.0,0.0,0.34681499004364014,0.18758435547351837,0.0,0.24814249575138092,0.0,0.01607203483581543,0.3331349790096283,0.0051053715869784355,0.0,0.03317607566714287
1344,0.0,0.0,0.0,0.32533299922943115,0.0,0.0,0.0,0.0,0.0,0.0,0.37257036566734314,0.0,0.0,0.0,0.0,0.0
1349,0.0,0.2077925056219101,0.0,0.0,0.0,0.0,0.0,0.06885799765586853,0.0,0.0,0.0,0.0,0.0,0.0,0.0,0.0
1358,0.0,0.0,0.0,0.0,0.0,0.0,0.0,0.0,0.0,0.0,0.0,0.0,0.0,0.0,0.0,0.0
1368,0.0,0.0,0.0,0.0,0.0,0.0,0.0,0.0,0.0,0.0,0.0,0.0,0.0,0.0,0.0,0.0
1372,0.0,0.0,0.0,0.011617500334978104,0.0,0.0,0.0,0.02242966741323471,0.0,0.015150666236877441,0.0,0.041703399270772934,0.0,0.06405799835920334,0.014624999836087227,0.0
1375,0.0,0.0,0.0,0.0,0.0,0.0,0.0,0.0,0.0,0.0,0.0,0.0,0.0,0.0,0.0,0.0
1380,0.0,0.0,0.0,0.1185573935508728,0.0,0.0,0.2066483348608017,0.0,0.0,0.06526714563369751,0.0,0.0,0.1825983226299286,0.24033164978027344,0.0,0.0
1384,0.07140683382749557,0.0,0.0,0.0,0.2726520299911499,0.0,0.0,0.0,0.0,0.0,0.0,0.0,0.0,0.0,0.0,0.0
1388,0.0,0.25528448820114136,0.0,0.0,0.0,0.0,0.0,0.0,0.0,0.0,0.0,0.0,0.0,0.0,0.0,0.0
1391,0.0,0.0,0.0,0.0,0.0,0.0,0.0,0.0,0.0,0.0,0.0,0.0,0.0,0.0,0.0,0.0
1398,0.44685736298561096,0.12373616546392441,0.3632867932319641,0.43717801570892334,0.0,0.08882947266101837,0.0,0.0,0.0,0.0,0.0,0.3628899157047272,0.0,0.0,0.33370813727378845,0.0
1399,0.0,0.0,0.0,0.0,0.0,0.0,0.0,0.0,0.0,0.0,0.0,0.0,0.0,0.0,0.0,0.0
1404,0.5430505871772766,0.9475412368774414,0.3789329528808594,0.8085101246833801,0.9074414968490601,0.39965948462486267,0.15668772161006927,0.21112637221813202,0.0,0.590425968170166,0.952772855758667,0.0848216637969017,0.01628579944372177,0.5431960225105286,0.0,0.1087946891784668
1407,0.0,0.0,0.0,0.0,0.0,0.0,0.0,0.0,0.0,0.0,0.0,0.0,0.0,0.0,0.0,0.0
1410,0.6274507641792297,0.0,0.0,0.7470803260803223,0.0,0.85246342420578,0.0,0.0,0.0,0.0,0.0,0.0,0.0,0.0,0.0,0.0
1415,0.6956042647361755,0.0070672351866960526,0.0,0.8654020428657532,0.0,0.0,0.0,0.0,0.0,0.124869205057621,0.0,0.0,0.0,0.0,0.0,0.9791633486747742
1417,0.0,0.0,0.0,0.0,0.0,0.0,0.0,0.0,0.0,0.0,0.0,0.0,0.0,0.0,0.0,0.0
1425,0.0,0.0,0.03495490178465843,0.1146320030093193,0.0,0.0,0.9814661145210266,0.0,0.0,0.7832869291305542,0.04492343217134476,0.0,0.0,0.0845668613910675,0.0,0.0
1429,0.0,0.0,0.0,0.0,0.0,0.0,0.0,0.0,0.0,0.0,0.0,0.0,0.08778250217437744,0.0,0.0,0.0
1433,0.0,0.0,0.6663368940353394,0.0,0.0,0.0,0.0,0.0,0.0,0.0,0.0,0.0,0.0,0.0,0.0,0.0
1436,0.05849900096654892,0.03582672029733658,0.0,0.0,0.0,0.0,0.0,0.0,0.0,0.0,0.0,0.0,0.0,0.0,0.8990458846092224,0.0
1437,0.02165808342397213,0.462250679731369,0.053230080753564835,0.14962826669216156,0.0,0.3633851706981659,0.014425083063542843,0.05994594097137451,0.0,0.19981195032596588,0.509982705116272,0.022837644442915916,0.014639308676123619,0.0,0.11116665601730347,0.18781180679798126
1438,0.0,0.0,0.0,0.0,0.0,0.0,0.0,0.0,0.0,0.0,0.0,0.0,0.0,0.0,0.0,0.0
1439,0.0,0.0,0.0,0.0,0.0,0.0,0.0,0.0,0.0,0.0,0.0,0.0,0.0,0.0,0.0,0.0
1441,0.0,0.0,0.1188034862279892,0.0,0.0,0.0,0.0,0.0,0.0,0.0,0.0,0.0,0.0,0.24405524134635925,0.06842000037431717,0.0
1452,0.0,0.06337200105190277,0.0,0.0,0.0,0.0,0.0,0.0,0.0,0.3806619942188263,0.0,0.4940679967403412,0.0,0.0,0.0,0.0
1457,0.0,0.0,0.0,0.0,0.0,0.0,0.0,0.0,0.0,0.0,0.0,0.0,0.0,0.0,0.0,0.0
1465,0.0,0.0,0.0,0.0,0.0,0.0,0.0,0.0,0.0,0.0,0.0,0.0,0.0,0.0,0.0,0.0
1467,0.25381597876548767,0.0,0.0,0.20890749990940094,0.3304719924926758,0.047240000218153,0.0,0.0,0.20220249891281128,0.024488499388098717,0.0,0.9876800179481506,0.0,0.0,0.0,0.3782308101654053
1480,0.0,0.0,0.0,0.0,0.0,0.0,0.0,0.0,0.0,0.0,0.0,0.0,0.0,0.0,0.0,0.0
1481,0.0,0.0,0.0,0.0,0.0,0.0,0.0,0.0,0.0,0.0,0.0,0.0,0.10043925046920776,0.0,0.0,0.0
1485,0.0,0.0,0.0,0.0,0.19642780721187592,0.0,0.10167522728443146,0.22108931839466095,0.0,0.0,0.0,0.0,0.0,0.19801759719848633,0.0,0.0
1486,0.1846410036087036,0.0,0.0,0.0,0.0,0.23491667211055756,0.0,0.0,0.7133150100708008,0.0,0.0,0.0,0.0,0.11779099702835083,0.0,0.10821066796779633
1500,0.0,0.0,0.0,0.0,0.0,0.0,0.0,0.0,0.0,0.0,0.0,0.827710747718811,0.0,0.0,0.0,0.0
1501,0.011009895242750645,0.0,0.0,0.0,0.20643433928489685,0.026805803179740906,0.0363912507891655,0.14903932809829712,0.11213375627994537,0.06054511293768883,0.070387102663517,0.0,0.026342859491705894,0.22047069668769836,0.0,0.0
1507,0.0,0.0,0.0,0.0,0.0,0.0,0.0,0.0,0.0,0.0,0.0,0.0,0.0,0.0,0.0,0.0
1515,0.7999503016471863,0.14208033680915833,0.4339290261268616,0.45538800954818726,0.0,0.0,0.8048790693283081,0.0,0.0,0.0,0.0,0.0,0.0,0.0,0.0,0.8966663479804993
1517,0.0,0.0,0.0,0.0,0.0,0.0,0.0,0.0,0.0,0.0,0.0,0.0,0.0,0.0,0.0,0.0
1518,0.0,0.0,0.0,0.0,0.0,0.0,0.0,0.0,0.0,0.0,0.0,0.0,0.0,0.0,0.0,0.0
1532,0.0,0.30129802227020264,0.0,0.0,0.0,0.031045183539390564,0.0,0.0,0.0,0.0,0.0,0.0,0.0,0.0,0.0,0.0
1533,0.0,0.0,0.0,0.0,0.020122429355978966,0.0,0.0,0.0,0.0,0.0,0.6772044897079468,0.0,0.0,0.0,0.0,0.0
1538,0.0,0.0,0.0,0.7323718070983887,0.0,0.0,0.0,0.0,0.0,0.0,0.0,0.0,0.0,0.0,0.0,0.0
1540,0.27746137976646423,0.012426679953932762,0.0,0.0,0.3558386266231537,0.0,0.26526644825935364,0.2776350975036621,0.0,0.0829591155052185,0.0,0.0,0.14497408270835876,0.032103538513183594,0.0035810857079923153,0.1801070272922516
1542,0.0,0.0,0.0,0.0,0.0,0.0,0.0,0.0,0.0,0.0,0.0,0.0,0.0,0.0,0.0,0.0
1547,0.0,0.0,0.0,0.0,0.0,0.0,0.26286906003952026,0.0,0.5633973479270935,0.2952395975589752,0.0321161113679409,0.4381004273891449,0.08461549878120422,0.1678917109966278,0.3058815002441406,0.27376386523246765
1558,0.0,0.0,0.0,0.0,0.0,0.0,0.0,0.0,0.0,0.0,0.0,0.0,0.0,0.0,0.0,0.0
1560,0.07759886234998703,0.0,0.8757461309432983,0.0,0.1111111119389534,0.9906550645828247,0.1390909105539322,0.30003491044044495,0.941021740436554,0.0,0.0,0.0,0.0,0.49343785643577576,0.0,0.9744452238082886
1575,0.0,0.0,0.0,0.0,0.0,0.0,0.0,0.0,0.0,0.0,0.0,0.0,0.0,0.0,0.0,0.0
1576,0.9469159245491028,0.0,0.6156293749809265,0.1388012319803238,0.7218060493469238,0.024815920740365982,0.11405018717050552,0.10067442059516907,0.0,0.0,0.01317355502396822,0.0,0.048132725059986115,0.0,0.3655737340450287,0.0
1587,0.0,0.0,0.0,0.0,0.0,0.0,0.0,0.0,0.0,0.0,0.0,0.0,0.0,0.0,0.0,0.0
1588,0.0,0.0,0.0,0.0,0.0,0.08545729517936707,0.0,0.0,0.0,0.0,0.0,0.0,0.0,0.0,0.0,0.0
1589,0.0,0.0,0.0,0.0,0.0,0.0,0.0,0.0,0.0,0.0,0.0,0.0,0.0,0.0,0.0,0.0
1591,0.5810973048210144,0.15728317201137543,0.16419652104377747,0.1216549500823021,0.008725049905478954,0.04674635827541351,0.2344459742307663,0.27868038415908813,0.37445735931396484,0.22305533289909363,0.3476787805557251,0.03659719228744507,0.08151718974113464,0.003173900069668889,0.07447454333305359,0.020567666739225388
1592,0.00553857209160924,0.4688551425933838,0.0,0.07539915293455124,0.005561733618378639,0.0,0.0,0.0,0.0,0.0,0.0,0.0,0.0,0.0,0.0030934286769479513,0.14921636879444122
1595,0.0,0.0,0.0,0.0,0.0,0.0,0.0,0.0,0.0,0.0,0.0,0.0,0.0,0.0,0.0,0.0
1607,0.0,0.0,0.0,0.0,0.0,0.0,0.0,0.0,0.0,0.0,0.0,0.0,0.0,0.0,0.0,0.0
1611,0.0,0.10277046263217926,0.0,0.0,0.0,0.0,0.1401844620704651,0.016527000814676285,0.0,0.0,0.0,0.0,0.09696460515260696,0.0,0.0,0.0
1630,0.0,0.0,0.0,0.0,0.0,0.0,0.0,0.0,0.0,0.0,0.0,0.0,0.0,0.0,0.0,0.0
1634,0.0,0.0,0.0,0.0,0.0,0.0,0.0,0.0,0.0,0.0,0.0,0.0,0.0,0.0,0.0,0.0
1653,0.0,0.0,0.0,0.20480500161647797,0.0,0.055140454322099686,0.4874252676963806,0.0,0.0,0.2222287505865097,0.04988880082964897,0.0,0.15989474952220917,0.1850801706314087,0.0,0.10662680864334106
1655,0.0,0.0,0.0,0.0,0.0,0.0,0.0,0.0,0.0,0.0,0.0,0.0,0.0,0.0,0.0,0.0
1664,0.0,0.31839415431022644,0.4183169901371002,0.0,0.5771166086196899,0.0,0.04707871004939079,0.00982622243463993,0.0,0.15711167454719543,0.9616979956626892,0.8258541822433472,0.4893949031829834,0.0,0.2604689300060272,0.0
1667,0.042170748114585876,0.0,0.0,0.0,0.02050199918448925,0.11492250114679337,0.0,0.0,0.0,0.0,0.0,0.0,0.0,0.0,0.21665549278259277,0.0
1672,0.024693502113223076,0.6791651844978333,0.1625935286283493,0.006608107592910528,0.12552882730960846,0.23984506726264954,0.3737424910068512,0.021218901500105858,0.0,0.060027897357940674,0.48044174909591675,0.4972650706768036,0.03662053123116493,0.04477693885564804,0.9885989427566528,0.34572353959083557
1684,0.0,0.0,0.0,0.0,0.0,0.0,0.0,0.0,0.0,0.5315684676170349,0.0,0.0,0.0,0.0,0.0,0.0
1687,0.0,0.0,0.22577081620693207,0.0,0.0,0.1741669923067093,0.18147200345993042,0.0,0.0,0.0,0.0,0.0,0.0,0.0,0.0,0.0
1707,0.0,0.0,0.04483266919851303,0.037564799189567566,0.049695249646902084,0.035327665507793427,0.0,0.0,0.0,0.0,0.0,0.0,0.0,0.0,0.0,0.0
1709,0.0,0.0,0.0,0.0,0.0,0.0,0.0,0.0,0.0,0.0,0.0,0.0,0.0,0.0,0.0,0.0
1713,0.7006478905677795,0.36214500665664673,0.25306540727615356,0.2261219024658203,0.13348184525966644,0.807937502861023,0.15433087944984436,0.3000669479370117,0.0606694333255291,0.431770384311676,0.16120150685310364,0.3040075898170471,0.05710581690073013,0.22701606154441833,0.2102896273136139,0.4214049279689789
1718,0.0,0.0,0.0,0.0,0.816977322101593,0.14607283473014832,0.0,0.0,0.0,0.0,0.0,0.8557724952697754,0.0,0.0,0.0,0.0
1720,0.0,0.12385472655296326,0.0,0.0,0.0,0.0,0.12247121334075928,0.26732903718948364,0.0,0.0,0.0,0.47900575399398804,0.17349426448345184,0.0,0.007366000209003687,0.3227754831314087
1721,0.07742767035961151,0.06421823054552078,0.0,0.07679202407598495,0.08929593116044998,0.0,0.0,0.012770447880029678,0.0,0.09028523415327072,0.0,0.07049667090177536,0.05305556580424309,0.0,0.0,0.0
1726,0.0,0.03772740438580513,0.0,0.0,0.0,0.05968066304922104,0.0,0.1362607479095459,0.0,0.0,0.04244280233979225,0.0,0.0,0.0,0.0,0.0
1734,0.19865740835666656,0.0,0.05999013036489487,0.0,0.07343347370624542,0.07144579291343689,0.13618004322052002,0.23496055603027344,0.0,0.16851621866226196,0.0,0.07044622302055359,0.13042408227920532,0.18571370840072632,0.0,0.12527112662792206
1745,0.0976545661687851,0.20127183198928833,0.08561323583126068,0.6309683322906494,0.16742601990699768,0.7979487180709839,0.4635368883609772,0.4047565758228302,0.9008375406265259,0.7605944275856018,0.9891464710235596,0.6422363519668579,0.5972892045974731,0.9641162753105164,0.2179889678955078,0.0944436565041542
1749,0.0,0.16114386916160583,0.0,0.0,0.0,0.0,0.0,0.0,0.0,0.0,0.028627833351492882,0.0,0.0,0.0,0.0,0.0
1753,0.0,0.0,0.0,0.10277872532606125,0.37969422340393066,0.0,0.3047283887863159,0.0,0.0,0.0,0.39424774050712585,0.0035704374313354492,0.0,0.0,0.002967028645798564,0.1636570245027542
1757,0.0,0.0,0.0,0.0,0.0,0.4556935429573059,0.0,0.0,0.0,0.0,0.0,0.0,0.0,0.0,0.0,0.1460505574941635
1765,0.0,0.0,0.0,0.0,0.0,0.0,0.0,0.0,0.0,0.0,0.0,0.0,0.0,0.0,0.0,0.0
1772,0.0,0.0,0.0,0.0,0.0,0.0,0.0,0.0,0.0,0.0,0.0,0.0,0.0,0.0,0.0,0.0
1775,0.0,0.0,0.0,0.0,0.0,0.0,0.0,0.00847177766263485,0.23336614668369293,0.0,0.0,0.0,0.5052639245986938,0.0,0.0,0.0
1782,0.0,0.0,0.0,0.0,0.0,0.0,0.0,0.0,0.0,0.0,0.0,0.0,0.0,0.0,0.0,0.0
1786,0.0,0.0,0.12430468946695328,0.0,0.0,0.0,0.0,0.0,0.0,0.0,0.0,0.0,0.0,0.0,0.0,0.0
1788,0.0,0.0,0.0,0.0,0.0,0.0,0.0,0.0,0.0,0.0,0.0,0.0,0.0,0.0,0.0,0.0
1808,0.0,0.0,0.0,0.0,0.0,0.8113124966621399,0.0,0.0,0.0,0.26405999064445496,0.0,0.0,0.0,0.0,0.38732123374938965,0.0
1816,0.0,0.0,0.2595108151435852,0.0,0.3405264914035797,0.0,0.0,0.0,0.0,0.0,0.0,0.0,0.0,0.0,0.0,0.0
1825,0.0,0.0,0.0,0.0,0.0,0.0,0.0,0.03997175022959709,0.0,0.0,0.0,0.0,0.0,0.0,0.0,0.0
1833,0.0,0.37482088804244995,0.0,0.0,0.0,0.0,0.0,0.20595550537109375,0.0,0.0,0.0,0.0,0.0,0.0,0.0,0.0
1840,0.0,0.0,0.0,0.0,0.0,0.0,0.0,0.0,0.0,0.0,0.0,0.0,0.0,0.0,0.0,0.0
1850,0.0,0.0,0.0,0.0,0.34043800830841064,0.0,0.0,0.240186408162117,0.0,0.0,0.0,0.0,0.0,0.0,0.0,0.0
1856,0.0,0.0,0.0,0.0,0.0,0.0,0.0,0.0,0.0,0.0,0.0,0.0,0.0,0.0,0.0,0.0
1858,0.0,0.0,0.0,0.0,0.0,0.0,0.0,0.0,0.0,0.0,0.0,0.0,0.0,0.0,0.0,0.0
1860,0.0,0.0,0.0,0.0,0.0,0.0,0.0,0.0,0.0,0.5728719234466553,0.0,0.0,0.0,0.32037773728370667,0.0,0.0
1865,0.0,0.0,0.0,0.0,0.0,0.0,0.0,0.0,0.0,0.0,0.0,0.0,0.0,0.0,0.0,0.014935823157429695
1874,0.0,0.5561342239379883,0.0,0.00576433353126049,0.0,0.0,0.0,0.0,0.0,0.0,0.4850337505340576,0.0,0.5665397644042969,0.8554680347442627,0.0,0.0
1880,0.0,0.5271821022033691,0.0,0.09117856621742249,0.0027042413130402565,0.04898146539926529,0.0,0.12261124700307846,0.1131763830780983,0.0,0.15413618087768555,0.0,0.0,0.884189248085022,0.0,0.1790846884250641
1881,0.0,0.0,0.0,0.0,0.0,0.0,0.0,0.0,0.2083929181098938,0.0,0.18889574706554413,0.16638675332069397,0.0,0.0,0.03413344547152519,0.0
1891,0.0,0.0,0.8195679783821106,0.0,0.0,0.0,0.0,0.0,0.0,0.8640586137771606,0.0,0.0,0.0,0.0,0.0,0.0
1899,0.0,0.0,0.0,0.0,0.0,0.0,0.0,0.0,0.0,0.0,0.0,0.0,0.0,0.0,0.0,0.0
1903,0.0,0.0,0.0,0.0,0.0,0.0,0.0,0.0,0.0,0.0,0.0,0.0,0.0,0.0,0.0,0.0
1907,0.0,0.0,0.0,0.0,0.0,0.0,0.0,0.0,0.0,0.0,0.0,0.0,0.0,0.0,0.0,0.0
1911,0.0,0.10368126630783081,0.20025531947612762,0.0,0.0,0.0,0.1840006560087204,0.0,0.1813405454158783,0.0,0.0,0.0,0.0,0.0,0.07468055188655853,0.0
1920,0.0,0.0,0.0,0.0,0.0,0.0,0.0,0.0,0.0,0.0,0.0,0.0,0.0,0.0,0.0,0.0
1931,0.0,0.0,0.7949919700622559,0.7399702072143555,0.0,0.0,0.0,0.0,0.0,0.0,0.0,0.0,0.0,0.0,0.0,0.0
1934,0.0,0.0,0.22635100781917572,0.106104776263237,0.09474150091409683,0.0,0.02740839309990406,0.1731400042772293,0.0,0.09216219186782837,0.07924541085958481,0.0,0.0,0.2975043058395386,0.0,0.4080665707588196
1939,0.09502162039279938,0.0,0.2524321377277374,0.5734031796455383,0.0,0.32830101251602173,0.0,0.0,0.0,0.1356399953365326,0.0,0.0,0.0,0.0,0.29249101877212524,0.10036154091358185
1946,0.0,0.0,0.0,0.0,0.0,0.0,0.0,0.0,0.0,0.0,0.0,0.0,0.0,0.0,0.0,0.0
1958,0.0,0.09665880352258682,0.0,0.0,0.0,0.0,0.0,0.0,0.0,0.0,0.0,0.0,0.0,0.0,0.40978866815567017,0.14399467408657074
1960,0.0,0.0,0.0,0.0,0.0,0.0,0.0,0.0,0.0,0.0,0.0,0.0,0.0,0.0,0.0,0.0
1976,0.0,0.0,0.0,0.0,0.0,0.0,0.0,0.0,0.0,0.0,0.0,0.0,0.0,0.0,0.0,0.0
1984,0.0,0.0,0.0,0.0,0.0,0.0,0.0,0.0,0.0,0.0,0.0,0.0,0.0,0.0,0.0,0.0
1993,0.0,0.0,0.0,0.0,0.0,0.0,0.0,0.0,0.0,0.0,0.0,0.0,0.0,0.0,0.0,0.0
2001,0.0,0.0,0.0,0.0,0.0,0.0,0.0,0.7466380000114441,0.0,0.0,0.0,0.0,0.0,0.0,0.0,0.0
2005,0.0,0.0,0.0,0.0,0.0,0.0,0.0,0.0,0.0,0.0,0.0,0.0,0.0,0.0,0.0,0.0
2006,0.0,0.004931420087814331,0.0,0.0,0.0,0.0,0.0,0.0,0.0,0.0,0.0,0.0,0.0,0.0,0.007396583445370197,0.0
2009,0.2837977707386017,0.0,0.0,0.0,0.0,0.08173149824142456,0.11832264065742493,0.0,0.0,0.0,0.0,0.3820006549358368,0.0,0.11639980226755142,0.0,0.0
2013,0.21596184372901917,0.0,0.005205574445426464,0.0,0.0,0.0,0.0,0.0,0.13738539814949036,0.0,0.21345119178295135,0.0,0.0,0.0,0.2972559332847595,0.0
2015,0.4313740134239197,0.0,0.5663982033729553,0.24322813749313354,0.38639700412750244,0.0,0.20668382942676544,0.3985014855861664,0.0,0.4564386010169983,0.3654903769493103,0.09065049886703491,0.29651549458503723,0.9667279124259949,0.3095390200614929,0.19255542755126953
2024,0.0,0.0,0.0,0.0,0.0,0.0,0.0,0.0,0.0,0.0,0.0,0.0,0.0,0.0,0.0,0.0
2026,0.0,0.0,0.0,0.6714364886283875,0.459401935338974,0.0,0.020854035392403603,0.9566412568092346,0.9199632406234741,0.9232179522514343,0.0,0.7805008888244629,0.10644012689590454,0.00426708348095417,0.0,0.16312183439731598
2034,0.0,0.0,0.0,0.0,0.0,0.0,0.0,0.0,0.0,0.0,0.0,0.36896416544914246,0.0,0.0,0.0,0.0
2039,0.0,0.0,0.0,0.0,0.0,0.0,0.0,0.0,0.0,0.0,0.0,0.0,0.0,0.0,0.0,0.0
2044,0.3857831656932831,0.7070429921150208,0.0,0.10977194458246231,0.8956753611564636,0.5712822079658508,0.0,0.5395990014076233,0.0,0.06587535887956619,0.0,0.0,0.023753968998789787,0.3476080000400543,0.03124185837805271,0.0
2048,0.0,0.02307005040347576,0.7795886397361755,0.8985543847084045,0.0,0.5346047878265381,0.9284036159515381,0.8654996752738953,0.9535887241363525,0.9804847240447998,0.0,0.0,0.0,0.8938381671905518,0.8210214972496033,0.21973448991775513
2053,0.0,0.0,0.0,0.0,0.0,0.0,0.0,0.0,0.0,0.0,0.0,0.0,0.0,0.0,0.0,0.0
2058,0.0,0.0,0.0,0.0,0.0,0.0,0.0,0.0,0.0,0.0,0.0,0.0,0.0,0.0,0.0,0.0
2060,0.0,0.028452400118112564,0.0,0.0,0.0,0.015338699333369732,0.0,0.0,0.0,0.0,0.0,0.0,0.0,0.0,0.0,0.0
2062,0.0,0.0,0.0,0.0,0.0,0.0,0.0,0.0,0.0,0.0,0.0,0.0,0.0,0.0,0.0,0.0
2072,0.0,0.0,0.0,0.0,0.0,0.0,0.0,0.0,0.0,0.0,0.0,0.0,0.0,0.0,0.0,0.0
2094,0.0,0.4161774218082428,0.0,0.0,0.0,0.0,0.0,0.0,0.0,0.0,0.0,0.0,0.9119554758071899,0.014818785712122917,0.0,0.0
2100,0.0,0.0,0.0,0.0,0.0,0.0,0.0,0.0,0.0,0.0,0.0,0.0,0.0,0.0,0.08443574607372284,0.0
2105,0.22986777126789093,0.9796017408370972,0.0,0.0,0.0,0.6561121940612793,0.13918012380599976,0.0,0.7318940162658691,0.0,0.0,0.0,0.0,0.03663114458322525,0.9505190253257751,0.0
2122,0.0,0.0,0.0,0.0,0.0,0.0,0.0,0.0,0.0,0.0,0.0,0.0,0.0,0.0,0.0,0.0
2125,0.0,0.0,0.0,0.0,0.0,0.0,0.0,0.0,0.0,0.0,0.0,0.0,0.0,0.0,0.0,0.0
2128,0.0,0.0,0.0,0.0,0.0,0.6640534400939941,0.0,0.0,0.0,0.0,0.0,0.0,0.0,0.0,0.0,0.0
2129,0.20784184336662292,0.006965461652725935,0.0,0.0,0.0,0.0,0.0,0.0,0.0,0.0,0.0,0.0,0.0,0.0,0.0,0.0
2135,0.0,0.0,0.0,0.0,0.0,0.0,0.0,0.0,0.0,0.0,0.0,0.0,0.0,0.0,0.0,0.0
2141,0.0,0.0,0.0,0.0,0.0,0.0,0.0,0.0,0.0,0.0,0.0,0.0,0.0,0.0,0.0,0.0
2143,0.0,0.0,0.0,0.0,0.0,0.0,0.0,0.0,0.0,0.0,0.0,0.0,0.0,0.0,0.0,0.0
2149,0.0,0.0,0.0,0.0,0.0,0.0,0.0,0.0,0.0,0.0,0.0,0.0,0.0,0.0,0.0,0.0
2157,0.0,0.0,0.0,0.0,0.0,0.08831673115491867,0.0,0.0,0.0,0.0,0.0,0.0,0.0,0.0,0.0,0.3089578151702881
2166,0.0,0.0,0.0,0.0,0.0,0.0,0.0,0.0,0.0,0.0,0.0,0.0,0.0,0.0,0.0,0.0
2168,0.0,0.0,0.0,0.0,0.0,0.0,0.0,0.0,0.0,0.0,0.0,0.0,0.0,0.0,0.0,0.0
2173,0.7340167760848999,0.6667165756225586,0.0,0.6190740466117859,0.8685314059257507,0.9709919691085815,0.0,0.04453316330909729,0.04238300025463104,0.024728499352931976,0.0,0.16611486673355103,0.0,0.0,0.0,0.28776291012763977
2174,0.0,0.0,0.0,0.0,0.0,0.0,0.0,0.0,0.0,0.0,0.0,0.0,0.0,0.0,0.0,0.0
2189,0.0,0.0,0.0,0.0,0.0,0.0,0.0,0.0,0.0,0.0,0.0,0.0,0.0,0.0,0.0,0.0
2201,0.0,0.0,0.0,0.0,0.0,0.0,0.0,0.0,0.0,0.0,0.0,0.0,0.0,0.0,0.0,0.0
2202,0.0,0.0,0.0,0.0,0.0,0.0,0.0,0.0,0.0,0.0,0.0,0.0,0.0,0.0,0.0,0.0
2205,0.508384644985199,0.0,0.5547125935554504,0.016956249251961708,0.5857160687446594,0.0,0.5509012937545776,0.8456454873085022,0.43886512517929077,0.0,0.0,0.6660970449447632,0.0,0.29236283898353577,0.04103658348321915,0.0
2215,0.0,0.011363334022462368,0.0,0.0,0.0,0.0,0.0,0.0,0.0,0.002825825707986951,0.0,0.0,0.0,0.0,0.0,0.0
2217,0.0,0.0,0.0,0.03488670662045479,0.0,0.02496751770377159,0.0,0.12118105590343475,0.0,0.0,0.0,0.0,0.0,0.0,0.05272523686289787,0.16095225512981415
2230,0.8959435224533081,0.0268192607909441,0.0,0.0,0.9515907764434814,0.0,0.0,0.0,0.0,0.0,0.0,0.0,0.0,0.0,0.1022285595536232,0.0
2243,0.0,0.0,0.0,0.0,0.0,0.0,0.0,0.0,0.0,0.0,0.0,0.0440559983253479,0.0,0.0,0.0,0.0
2247,0.0,0.0,0.0,0.0,0.0,0.0,0.0,0.0,0.0,0.0,0.0,0.0,0.0,0.0,0.0,0.0
2255,0.0,0.0,0.0,0.0,0.0,0.0,0.0,0.0,0.0,0.0,0.0,0.0,0.0,0.0,0.0,0.0
2256,0.0,0.12949338555335999,0.0,0.0,0.04446100443601608,0.5688303709030151,0.0,0.0,0.044876500964164734,0.012873150408267975,0.0,0.0,0.0,0.0,0.0,0.0
2272,0.0,0.0,0.0,0.06687024980783463,0.0,0.0,0.0,0.0,0.0,0.0,0.0,0.0,0.0,0.0,0.0,0.0
2302,0.6880989074707031,0.5333042740821838,0.9768219590187073,0.06170167028903961,0.0,0.5580815076828003,0.3654378056526184,0.8965452313423157,0.6734063625335693,0.7310701608657837,0.14562174677848816,0.722373366355896,0.0,0.6839602589607239,0.6500552296638489,0.8700063228607178
2311,0.23175275325775146,0.14771634340286255,0.1683315634727478,0.0,0.55231112241745,0.49608108401298523,0.0,0.29364529252052307,0.015094124712049961,0.0,0.0,0.12219660729169846,0.07575700432062149,0.14364011585712433,0.0,0.0
2316,0.006381714716553688,0.17656779289245605,0.0,0.0,0.0,0.10698987543582916,0.011643550358712673,0.0,0.0,0.05102149769663811,0.0,0.7059417963027954,0.0,0.0,0.0,0.0
2333,0.0,0.0,0.48059898614883423,0.0,0.0,0.0,0.0,0.0,0.0,0.0,0.0,0.0,0.0,0.0,0.0,0.0
2336,0.28319382667541504,0.44954076409339905,0.22067973017692566,0.7473788261413574,0.0,0.0,0.0,0.03812916949391365,0.0,0.6827899813652039,0.0,0.4969464838504791,0.0057009258307516575,0.3126070201396942,0.0,0.16013000905513763
2337,0.0,0.0,0.0,0.0,0.0,0.0,0.0,0.0,0.0,0.0,0.0,0.0,0.0,0.0,0.0,0.0
2341,0.0,0.0,0.0,0.0,0.0,0.0,0.0,0.0,0.0,0.0,0.0,0.0,0.0,0.0,0.0,0.0
2347,0.0,0.0,0.018716899678111076,0.0,0.0,0.0,0.0,0.0,0.0,0.0,0.0,0.0,0.0,0.0,0.0,0.0
2351,0.0,0.0,0.0,0.0,0.0,0.0,0.0,0.0,0.0,0.0,0.24727299809455872,0.0,0.0,0.0,0.0,0.0
2364,0.0,0.0,0.0,0.0,0.0,0.0,0.0,0.0,0.0,0.0,0.0,0.0,0.0,0.0,0.0,0.0
2365,0.0,0.0,0.0,0.0,0.0,0.0,0.0,0.0,0.0,0.0,0.0,0.0,0.0,0.0,0.0,0.0
2374,0.0,0.0,0.0,0.0,0.0,0.0,0.0,0.0,0.0,0.0,0.0,0.0,0.0,0.0,0.0,0.0
2404,0.0,0.0,0.0,0.8407654166221619,0.0,0.0,0.0,0.0,0.25094565749168396,0.7167050242424011,0.0,0.0,0.0,0.8039852976799011,0.2874787747859955,0.0
2412,0.0,0.0,0.02228710986673832,0.0,0.0,0.0,0.0,0.0,0.0,0.0,0.0,0.7998740077018738,0.0,0.0,0.0,0.0
2413,0.10194846242666245,0.005577707197517157,0.029699251055717468,0.10836459696292877,0.0,0.057584796100854874,0.0,0.24725639820098877,0.006564078386873007,0.09278059005737305,0.061456985771656036,0.3350642919540405,0.16992256045341492,0.030417751520872116,0.027349388226866722,0.0
2420,0.03287561982870102,0.0,0.0,0.0,0.0,0.0,0.0,0.0,0.0,0.0,0.0,0.0,0.0,0.0,0.0,0.0
2429,0.04106530174612999,0.1587989181280136,0.0,0.0,0.0,0.0,0.07130338996648788,0.0,0.0,0.007595262955874205,0.0,0.0,0.0,0.0,0.0,0.0
2430,0.022179000079631805,0.0,0.0,0.0,0.38079723715782166,0.12954437732696533,0.0,0.0,0.0,0.0,0.0,0.0,0.0,0.0,0.0,0.0
2434,0.0,0.0,0.0,0.17148379981517792,0.0,0.0,0.0,0.0,0.0,0.03949762135744095,0.0,0.0,0.0,0.0,0.0,0.0
2456,0.11316679418087006,0.8009697794914246,0.0,0.11038077622652054,0.5929973721504211,0.011295105330646038,0.651344895362854,0.46967020630836487,0.02255488932132721,0.0,0.0,0.0959651991724968,0.0012780000688508153,0.18166625499725342,0.7574762105941772,0.2164779156446457
2460,0.0,0.0,0.0,0.0,0.0,0.0,0.0,0.0,0.0,0.0,0.0,0.0,0.0,0.0,0.0,0.0
2470,0.0,0.0,0.0,0.42032021284103394,0.0,0.029478585347533226,0.0,0.12345872074365616,0.0,0.0,0.0,0.0,0.0,0.0,0.0,0.0
2474,0.0,0.0,0.0,0.0,0.0,0.0,0.0,0.0,0.0,0.0,0.0,0.0,0.0,0.0,0.0,0.0
2476,0.0,0.0,0.0,0.0,0.008484437130391598,0.8601222038269043,0.0,0.0,0.0,0.0,0.0,0.01256544515490532,0.0,0.0,0.0,0.0
2485,0.0,0.00690515385940671,0.0,0.0,0.0,0.0,0.0,0.1698368936777115,0.0,0.0,0.0,0.253336638212204,0.0,0.0,0.0,0.0
2486,0.12519913911819458,0.6379305124282837,0.4544828236103058,0.2092287242412567,0.48088398575782776,0.5823692679405212,0.38871121406555176,0.1372593492269516,0.11154553294181824,0.5329338908195496,0.13286501169204712,0.7282339334487915,0.7739651799201965,0.018548354506492615,0.7974740862846375,0.8421248197555542
2495,0.0,0.6965653896331787,0.0,0.0,0.0,0.551365315914154,0.06708300113677979,0.24402938783168793,0.0,0.0,0.0,0.0,0.1516396701335907,0.373653769493103,0.0,0.22912339866161346
2501,0.0,0.0,0.04994916543364525,0.0,0.0,0.0,0.0,0.0,0.0,0.0,0.0,0.0,0.0,0.0,0.0,0.1842612475156784
2504,0.0,0.0,0.0,0.0,0.0,0.0,0.0,0.0,0.0,0.0,0.0,0.0,0.0,0.0,0.0,0.0
2509,0.0,0.0,0.0,0.0,0.0,0.0,0.0,0.0,0.0,0.0,0.0,0.0,0.0,0.0,0.0,0.0
2510,0.20868200063705444,0.0,0.2616896331310272,0.0,0.0,0.17453093826770782,0.5659314393997192,0.6932410001754761,0.765333890914917,0.0,0.0,0.022978540509939194,0.022142181172966957,0.07539600133895874,0.0,0.0
2523,0.0,0.4494759440422058,0.32219043374061584,0.0,0.0,0.1706421822309494,0.38570478558540344,0.0986495241522789,0.32465794682502747,0.0,0.1962578296661377,0.0,0.2533273696899414,0.7303261160850525,0.0,0.11212249100208282
2528,0.0,0.0,0.0,0.0,0.0,0.0,0.0,0.0,0.0,0.0,0.0,0.0,0.0,0.0,0.0,0.0
2531,0.0,0.0,0.0,0.0,0.0,0.0,0.0,0.0,0.0,0.0,0.0,0.0,0.0,0.0,0.0,0.0
2544,0.0,0.0,0.0,0.014858853071928024,0.0,0.0,0.0,0.0,0.0,0.0,0.0,0.0,0.0,0.0,0.0,0.0
2545,0.0,0.0,0.0,0.0,0.0,0.0,0.0,0.0,0.0,0.0,0.0,0.0,0.0,0.0,0.0,0.0
2548,0.0,0.507964015007019,0.24544000625610352,0.0,0.0,0.25146400928497314,0.0,0.0,0.0,0.07802599668502808,0.0,0.5424450039863586,0.0,0.0,0.0,0.0
2552,0.0,0.0,0.0,0.0,0.0,0.0,0.0,0.0,0.0,0.0,0.0,0.0,0.4119490087032318,0.0,0.0,0.0
2556,0.3353572487831116,0.0,0.4640040099620819,0.12301816046237946,0.0,0.0,0.15820305049419403,0.0,0.0,0.0,0.0,0.0,0.0,0.0,0.0,0.0
2558,0.0,0.0,0.0,0.0,0.0,0.0,0.0,0.0,0.0,0.0,0.0,0.0,0.0,0.0,0.0,0.0
2562,0.3355759084224701,0.0,0.0,0.0,0.21760129928588867,0.0,0.28219279646873474,0.250713974237442,0.7454200387001038,0.0,0.0,0.018339235335588455,0.19573237001895905,0.0,0.030107667669653893,0.38188210129737854
2564,0.0,0.0,0.0,0.0,0.0,0.0,0.0,0.0,0.0,0.0,0.0,0.0,0.0,0.0,0.0,0.0
2571,0.0,0.0,0.0,0.0,0.0,0.0,0.0,0.0,0.0,0.0,0.0,0.0,0.0,0.0,0.0,0.0
2598,0.056739043444395065,0.013760956935584545,0.0,0.43702179193496704,0.09977297484874725,0.0,0.1235751062631607,0.4032597243785858,0.04092562943696976,0.2183014154434204,0.0,0.8554484844207764,0.3495922088623047,0.5926260948181152,0.08450343459844589,0.0
2606,0.0,0.0,0.0,0.0,0.0,0.0,0.0,0.0,0.0,0.026451867073774338,0.0,0.0,0.0,0.0,0.0,0.0
2607,0.0,0.0,0.0,0.0,0.0,0.0,0.0,0.0,0.0,0.0,0.0,0.0,0.0,0.0,0.0,0.0
2620,0.10594646632671356,0.0,0.0,0.1433691382408142,0.5601900219917297,0.7490019798278809,0.0,0.0,0.0,0.0,0.0,0.0,0.0,0.0,0.0,0.6749345064163208
2630,0.0,0.05573331564664841,0.0,0.0,0.0,0.0,0.07055915892124176,0.12465514987707138,0.0,0.20000000298023224,0.0,0.0,0.0,0.0,0.0,0.0
2645,0.0,0.0,0.0,0.0,0.0,0.0,0.0,0.0,0.0,0.0,0.0,0.0,0.0,0.0,0.0,0.0
2658,0.0,0.0,0.0,0.0,0.0,0.0,0.0,0.0,0.0,0.0,0.0,0.0,0.0,0.0,0.0,0.0
2660,0.03487666696310043,0.583753764629364,0.0,0.031184857711195946,0.5,0.0,0.5157760381698608,0.0,0.06879088282585144,0.0,0.0,0.0,0.0,0.8403363227844238,0.0,0.0
2665,0.016807666048407555,0.5521544814109802,0.19223260879516602,0.0,0.2561491131782532,0.36471766233444214,0.3066406846046448,0.1911948025226593,0.009712588042020798,0.13668423891067505,0.34012794494628906,0.0,0.027210721746087074,0.1502763330936432,0.01010152604430914,0.10228761285543442
2679,0.03762400150299072,0.0,0.0,0.0,0.1602444350719452,0.0,0.13901196420192719,0.0,0.6527190208435059,0.11534633487462997,0.0,0.0,0.0,0.0,0.0,0.47950950264930725
2690,0.0,0.0,0.0,0.0,0.0,0.0,0.0,0.0,0.0,0.0,0.0,0.0,0.12766239047050476,0.0,0.0,0.050775039941072464
2700,0.0179333183914423,0.03129992261528969,0.0,0.0,0.0,0.0,0.0,0.018279144540429115,0.0840679332613945,0.0,0.0,0.1206420511007309,0.0,0.0,0.03497365489602089,0.11647006124258041
2707,0.4257439076900482,0.0,0.0,0.04281415417790413,0.03887784108519554,0.287520170211792,0.4187200963497162,0.20027785003185272,0.17616094648838043,0.0,0.3583312928676605,0.2151663601398468,0.14754444360733032,0.0,0.463988721370697,0.09383957087993622
2709,0.0,0.0,0.3889870047569275,0.0,0.0,0.0,0.0,0.0,0.0,0.0,0.6618490219116211,0.0,0.0,0.0,0.0,0.0
2710,0.05925450846552849,0.04657813534140587,0.2492794394493103,0.1429569125175476,0.04651806131005287,0.08005447685718536,0.07587273418903351,0.45291098952293396,0.06158946827054024,0.31165018677711487,0.0,0.1595935970544815,0.15849138796329498,0.20368805527687073,0.4048595726490021,0.1930958777666092
2711,0.2733684480190277,0.0,0.0,0.0,0.0,0.0,0.0,0.0,0.26115861535072327,0.0,0.0,0.18355315923690796,0.0,0.0,0.09802138060331345,0.10870418697595596
2714,0.0,0.0,0.0,0.0,0.0,0.0,0.0,0.0,0.0,0.0,0.0,0.0,0.0,0.0,0.0,0.0
2719,0.5455501079559326,0.6740732192993164,0.6689031720161438,0.984249472618103,0.3361679017543793,0.6115966439247131,0.942093014717102,0.6973098516464233,0.466063529253006,0.5496172904968262,0.0,0.5277594327926636,0.0,0.1578100472688675,0.3578594923019409,0.39158034324645996
2728,0.0,0.0,0.0,0.0,0.0,0.0,0.0,0.0,0.0,0.0,0.0,0.0,0.0,0.0,0.0,0.0
2744,0.0,0.0,0.37918299436569214,0.0,0.0,0.0,0.0,0.0,0.0,0.0,0.0,0.0,0.0,0.0,0.0,0.3901140093803406
2753,0.20656216144561768,0.021458769217133522,0.0,0.4670577943325043,0.25503963232040405,0.0,0.13596084713935852,0.6661882400512695,0.0,0.0,0.0,0.0,0.0,0.20447514951229095,0.0,0.20503924787044525
2766,0.0,0.0,0.0,0.0,0.0,0.0,0.0,0.0,0.0,0.0,0.0,0.0,0.0,0.0,0.0,0.0
2780,0.0,0.0,0.0,0.03912632167339325,0.0861336886882782,0.16124099493026733,0.0,0.0,0.10520843416452408,0.0,0.020060423761606216,0.0,0.0,0.09588552266359329,0.0,0.07812841981649399
2781,0.0,0.0,0.2031431496143341,0.0,0.0,0.0,0.7276960015296936,0.0,0.0,0.0,0.0,0.0,0.0,0.0,0.0,0.0
2821,0.08941067010164261,0.0,0.06069798395037651,0.0,0.0,0.0,0.0,0.09502165764570236,0.0,0.0,0.0,0.06847458332777023,0.0,0.0,0.27467620372772217,0.0
2833,0.0,0.0,0.0,0.0,0.0,0.0,0.0,0.0,0.0,0.0,0.0,0.0,0.0,0.0,0.0,0.0
2856,0.2356089949607849,0.0,0.0,0.0,0.11906000226736069,0.03617100045084953,0.0,0.0,0.13872700929641724,0.21733050048351288,0.08672033995389938,0.0,0.0,0.0,0.38637325167655945,0.1349560022354126
2860,0.0,0.8454957008361816,0.22004744410514832,0.23749342560768127,0.48949190974235535,0.03502948209643364,0.9228529930114746,0.0,0.9951555132865906,0.9159185290336609,0.562813401222229,0.9272386431694031,0.07859671860933304,0.37085723876953125,0.8971443176269531,0.619037926197052
2866,0.0,0.0,0.0,0.0,0.0,0.0,0.0,0.0,0.0,0.0,0.0,0.21895906329154968,0.0,0.0,0.0,0.3438816964626312
2873,0.0,0.180721715092659,0.08907078951597214,0.1958158016204834,0.4339371621608734,0.0,0.28527215123176575,0.22318117320537567,0.4779316484928131,0.1714560091495514,0.0,0.0,0.3133285939693451,0.24237972497940063,0.0,0.2497117519378662
2874,0.009380592033267021,0.0,0.0,0.030500659719109535,0.003959357272833586,0.0,0.0,0.017893558368086815,0.19594861567020416,0.0,0.022905806079506874,0.121780164539814,0.4056660532951355,0.0,0.029011154547333717,0.0
2877,0.0,0.0,0.0,0.0,0.0,0.0,0.0,0.0,0.0,0.0,0.0,0.0,0.0,0.0,0.0,0.0
2879,0.0,0.0,0.0,0.0,0.0,0.0,0.0,0.0,0.0,0.5600420236587524,0.0,0.0,0.0,0.0,0.0,0.0
2884,0.0,0.0,0.8503959774971008,0.0,0.0,0.3192940056324005,0.20992599427700043,0.0,0.10061799734830856,0.0,0.0,0.0,0.0,0.0,0.0,0.0
2887,0.0,0.0,0.0,0.0,0.0,0.0,0.0,0.0,0.0,0.0,0.0,0.0,0.006823365576565266,0.0,0.0,0.0
2892,0.0,0.0,0.0,0.0,0.0,0.0,0.0,0.0,0.0,0.0,0.0,0.0,0.0,0.0,0.0,0.0
2906,0.007224295288324356,0.0,0.1192680150270462,0.0,0.0,0.004422680474817753,0.0,0.0,0.0,0.08165033906698227,0.0,0.05637907236814499,0.3458438515663147,0.0,0.013391232118010521,0.061771590262651443
2907,0.0,0.0,0.0,0.0,0.0,0.0,0.0,0.0,0.0,0.050717998296022415,0.0,0.0,0.0,0.0,0.02528366819024086,0.0
2911,0.0,0.0,0.0,0.21181310713291168,0.0,0.0,0.23058685660362244,0.0,0.48576292395591736,0.1399410218000412,0.2660423219203949,0.25506892800331116,0.20009610056877136,0.10489292442798615,0.11095792055130005,0.13440938293933868
2913,0.0,0.0,0.0,0.0,0.0,0.0,0.0,0.0,0.0,0.0,0.0,0.0,0.19643859565258026,0.0,0.0,0.0
2919,0.02669704519212246,0.0,0.0,0.02956550009548664,0.0,0.0,0.0,0.0,0.03559097647666931,0.07113198190927505,0.0,0.0,0.0,0.0,0.0,0.0
2920,0.0,0.0,0.0,0.0,0.0,0.0,0.8561801910400391,0.1714264452457428,0.0,0.046867892146110535,0.0,0.0,0.0,0.0,0.0,0.07983320206403732
2921,0.39201122522354126,0.9768449068069458,0.0,0.0,0.0,0.8710452318191528,0.46126577258110046,0.9896180033683777,0.0,0.24551603198051453,0.05631318688392639,0.0,0.0,0.8125845789909363,0.3813871741294861,0.3294196128845215
2934,0.0,0.0,0.0,0.2006860077381134,0.0,0.9268636107444763,0.0,0.0,0.0,0.0,0.0,0.0,0.0,0.0,0.0,0.0
2938,0.11477946490049362,0.0,0.06970559805631638,0.0,0.0,0.0,0.0,0.009507703594863415,0.0,0.0,0.0,0.0,0.271375834941864,0.0,0.0,0.0
2942,0.0,0.0,0.0,0.0,0.22382649779319763,0.0,0.0,0.0,0.0,0.0,0.0,0.0,0.0,0.0,0.0,0.0
2946,0.33935949206352234,0.0,0.0,0.0,0.0,0.0,0.0,0.0,0.0,0.0,0.0,0.46635299921035767,0.0,0.0,0.0,0.0
2948,0.0,0.0,0.0,0.0,0.0,0.0,0.0,0.0,0.1467379927635193,0.0,0.0,0.0,0.0,0.0,0.0,0.0
2949,0.0,0.0,0.0,0.0,0.0,0.0,0.0,0.0,0.0,0.0,0.0,0.0,0.0,0.0,0.0,0.0
2956,0.0,0.7359967827796936,0.0,0.7991024255752563,0.0,0.35512039065361023,0.0,0.0,0.0,0.17861199378967285,0.8545204401016235,0.0,0.0,0.0,0.0,0.0
2964,0.0,0.0,0.0,0.0,0.0,0.0,0.0,0.0,0.0,0.0,0.0,0.0,0.0,0.0,0.0,0.0
2970,0.0,0.0,0.0,0.0,0.0,0.0,0.0,0.0,0.0,0.0,0.0,0.0,0.0,0.0,0.0,0.0
2971,0.0,0.0,0.0,0.0,0.0,0.0,0.0,0.0,0.0,0.0,0.0,0.0,0.0,0.0,0.0,0.0
2972,0.0,0.6688207983970642,0.0,0.0,0.0,0.0,0.0,0.0,0.0,0.0,0.0,0.0,0.0,0.0,0.0,0.0
2973,0.0,0.0,0.0,0.0,0.0,0.0,0.0,0.0,0.0,0.2526308298110962,0.28611519932746887,0.0,0.0,0.0,0.0,0.049128998070955276
2977,0.08633849769830704,0.0,0.0,0.3175089955329895,0.0,0.016992684453725815,0.16165447235107422,0.11028119921684265,0.0,0.09929467737674713,0.0,0.3571169972419739,0.14859680831432343,0.16728615760803223,0.0,0.21957623958587646
2978,0.0,0.0,0.0,0.0,0.0,0.0,0.006330856587737799,0.0,0.0,0.02182392217218876,0.027733631432056427,0.0,0.0,0.005681418813765049,0.0,0.3881836533546448
2993,0.0,0.0,0.04783857613801956,0.07546999305486679,0.0,0.031903017312288284,0.03064461052417755,0.08229062706232071,0.0,0.04495519399642944,0.12140201032161713,0.11698199808597565,0.0,0.25113093852996826,0.02615843527019024,0.03552965819835663
2994,0.0,0.0,0.0,0.0,0.0,0.0,0.0,0.0,0.0,0.0,0.0,0.0,0.0,0.0,0.0,0.0
3013,0.0,0.0,0.0,0.0,0.0,0.0,0.0,0.0,0.0,0.0,0.0,0.0,0.0,0.0,0.0,0.0
3017,0.0,0.0,0.0,0.0,0.0,0.0,0.0,0.0,0.0,0.0,0.0,0.0,0.0,0.0,0.0,0.0
3018,0.5940030217170715,0.15045399963855743,0.5159310102462769,0.12757550179958344,0.0,0.0,0.0,0.0,0.0,0.39729851484298706,0.2585259974002838,0.32470300793647766,0.0,0.25165897607803345,0.2566244900226593,0.0
3023,0.3329892158508301,0.0,0.22438040375709534,0.09235900640487671,0.0,0.15851999819278717,0.0,0.13649199903011322,0.0,0.0,0.0,0.2518784999847412,0.0,0.0,0.0,0.0
3024,0.0,0.0,0.0,0.0,0.0,0.0,0.0,0.0,0.0,0.0,0.0,0.0,0.0,0.0,0.0,0.0
3025,0.0,0.0,0.0,0.0,0.0,0.0,0.0,0.0,0.0,0.0,0.0,0.0,0.0,0.0,0.0,0.0
3032,0.4528909921646118,0.21807000041007996,0.0,0.32186999917030334,0.1244100034236908,0.0,0.0,0.0,0.0,0.24957150220870972,0.2921486794948578,0.0,0.0,0.27014869451522827,0.0,0.4060496687889099
3033,0.0,0.0,0.0,0.0,0.0,0.0,0.0,0.0,0.0,0.0,0.0,0.0,0.0,0.0,0.0,0.0
3036,0.6221082210540771,0.0,0.0,0.0,0.0,0.0,0.1771860122680664,0.0,0.0,0.0424254834651947,0.0,0.35218945145606995,0.0,0.0,0.11914317309856415,0.0
3049,0.0,0.004286800045520067,0.0,0.10675229132175446,0.0,0.0,0.01189857255667448,0.0,0.0,0.0,0.0,0.01675543002784252,0.21790091693401337,0.0,0.09835030883550644,0.0
3051,0.031693000346422195,0.0,0.0,0.17773324251174927,0.0,0.0,0.0,0.0,0.0,0.2997109889984131,0.0,0.45841431617736816,0.25866734981536865,0.0,0.0,0.2325734943151474
3058,0.17436249554157257,0.1593009978532791,0.6216704845428467,0.0,0.7896220088005066,0.0,0.0,0.0,0.0681144967675209,0.42194950580596924,0.22186699509620667,0.4495435059070587,0.0,0.49113398790359497,0.2953239977359772,0.836230993270874
3064,0.0,0.0,0.0,0.0,0.0,0.0,0.0,0.0,0.0,0.0,0.0,0.0,0.0,0.0,0.0,0.0
3068,0.0,0.0,0.0,0.0,0.0,0.0,0.0,0.0,0.0,0.0,0.0,0.0,0.0,0.0,0.0,0.0
3069,0.0,0.0,0.0,0.5451672077178955,0.0,0.0,0.0,0.0,0.0,0.0,0.0,0.0,0.0,0.0,0.0,0.0
3071,0.0,0.392692506313324,0.02352200075984001,0.34230923652648926,0.1616239994764328,0.0,0.25031718611717224,0.0,0.0,0.29051434993743896,0.24962350726127625,0.0,0.05275700241327286,0.19872599840164185,0.16958299279212952,0.46083998680114746
3077,0.0,0.0,0.0,0.0,0.0,0.0,0.0,0.0,0.0,0.0,0.0,0.0,0.0,0.0,0.0,0.0
3086,0.0,0.0,0.0,0.0,0.0,0.0,0.0,0.0,0.0,0.0,0.0,0.0,0.0,0.0,0.0,0.0
3094,0.0,0.0,0.0,0.0,0.0,0.0,0.0,0.0,0.0,0.0,0.0,0.0,0.0,0.0,0.0,0.0
3095,0.3573327660560608,0.10074083507061005,0.0,0.0,0.0,0.0,0.023262562230229378,0.0,0.0,0.0,0.0,0.0,0.0,0.0,0.0,0.0
3101,0.33828699588775635,0.4243364930152893,0.963720440864563,0.5978424549102783,0.2824033498764038,0.0,0.06464000046253204,0.3322024941444397,0.18283548951148987,0.0,0.0,0.4691627025604248,0.0,0.4799630045890808,0.0,0.028330333530902863
3104,0.0,0.0,0.0,0.0,0.0,0.0,0.0,0.0,0.0,0.0,0.0,0.0,0.0,0.0,0.0,0.0
3106,0.18520799279212952,0.9464139938354492,0.5305085182189941,0.0,0.0,0.0,0.0,0.35404348373413086,0.0,0.21426250040531158,0.0,0.5058040022850037,0.0,0.4402574896812439,0.3095585107803345,0.0
3108,0.0,0.0,0.0,0.0,0.022702232003211975,0.0,0.0,0.0,0.0,0.0,0.0,0.0,0.0,0.0,0.0,0.0
3113,0.0,0.0,0.0,0.0,0.0,0.0,0.0,0.0,0.0,0.0,0.0,0.0,0.0,0.0,0.0,0.0
3119,0.0,0.0,0.0,0.0,0.0,0.0,0.0,0.0,0.0,0.0,0.0,0.0,0.0,0.0,0.0,0.0
3125,0.2566353976726532,0.0,0.07223519682884216,0.0,0.23966345191001892,0.0,0.0,0.06769859045743942,0.0,0.0,0.0,0.0,0.13658934831619263,0.0,0.03820287808775902,0.19334636628627777
3126,0.0,0.3512584865093231,0.8372433185577393,0.7056360840797424,0.0,0.986133873462677,0.030502770096063614,0.0,0.9824972748756409,0.5134927034378052,0.0,0.6754252910614014,0.0,0.7752878665924072,0.7326128482818604,0.7276527285575867
3129,0.9961444735527039,0.15161894261837006,0.0,0.0,0.0,0.0,0.3452628254890442,0.0,0.0,0.0,0.0,0.0,0.0,0.0,0.0,0.0
3132,0.0,0.0,0.1271161437034607,0.2739933133125305,0.38321468234062195,0.0,0.2690243124961853,0.0,0.4688820540904999,0.19674353301525116,0.0,0.2220422327518463,0.0,0.1589183807373047,0.0,0.27485135197639465
3133,0.0,0.0,0.0,0.0,0.0,0.025802332907915115,0.1880246251821518,0.08345873653888702,0.0,0.0,0.0,0.1555463969707489,0.09479492902755737,0.0,0.0,0.0
3134,0.0,0.0,0.0,0.0,0.0,0.0,0.0,0.0,0.0,0.0,0.0,0.0,0.0,0.0,0.0,0.0
3142,0.0,0.0,0.0,0.0,0.0,0.0,0.0,0.0,0.0,0.0,0.0,0.0,0.0,0.0,0.0,0.0
3143,0.0,0.0,0.0,0.0,0.0,0.09586566686630249,0.1584666222333908,0.0,0.0,0.01457020454108715,0.0,0.0,0.08485528826713562,0.0,0.0,0.0
3147,0.0,0.0,0.0,0.0,0.0,0.0,0.0,0.0,0.0,0.0,0.0,0.0,0.0,0.0,0.0,0.0
3149,0.28761300444602966,0.0,0.591237485408783,0.0,0.10626299679279327,0.0,0.0,0.5582144856452942,0.0724634975194931,0.34756550192832947,0.10493849962949753,0.20925550162792206,0.19425199925899506,0.3536195158958435,0.1651580035686493,0.0
3155,0.8404749631881714,0.0,0.046256955713033676,0.0,0.0,0.0,0.0,0.0,0.014744999818503857,0.0,0.0024854515213519335,0.008321937173604965,0.0,0.0,0.0,0.09670166671276093
3156,0.0,0.0,0.0,0.0,0.0,0.0,0.0,0.0,0.0,0.0,0.0,0.0,0.015041732229292393,0.0,0.0,0.0
3160,0.0,0.0,0.0,0.0,0.0,0.0,0.0,0.0,0.0,0.0,0.0,0.0,0.0,0.0,0.0,0.022276155650615692
3161,0.9904108047485352,0.0,0.0,0.5672732591629028,0.9993540048599243,0.42689603567123413,0.5590530037879944,0.0,0.0,0.0,0.0,0.014235888607800007,0.02615400031208992,0.0,0.9358062148094177,0.9748539924621582
3165,0.0,0.0,0.0,0.0,0.0,0.0,0.0,0.0,0.0,0.0,0.0,0.0,0.0,0.08743057399988174,0.0,0.31130650639533997
3168,0.0,0.0,0.0,0.0,0.0,0.0,0.0,0.0,0.0,0.0,0.0,0.0,0.0,0.0,0.0,0.0
3172,0.0,0.0,0.0,0.0,0.0,0.0,0.0,0.0,0.0,0.0,0.0,0.0,0.0,0.0,0.0,0.0
3173,0.0,0.0,0.0,0.0,0.0,0.0,0.0,0.0,0.0,0.0,0.0,0.0,0.0,0.0,0.0,0.0
3179,0.0,0.007049981039017439,0.004351119976490736,0.0,0.0,0.062407780438661575,0.009747561998665333,0.0,0.2079521268606186,0.0,0.0,0.10668700933456421,0.3301641643047333,0.28740328550338745,0.12867113947868347,0.03649697080254555
3181,0.23652659356594086,0.03606598451733589,0.1342446357011795,0.6669188141822815,0.0,0.24538064002990723,0.0,0.0,0.014413900673389435,0.08339712023735046,0.0926259309053421,0.14372077584266663,0.0,0.24668072164058685,0.513759434223175,0.2388155162334442
3183,0.0,0.0,0.0,0.0,0.0,0.0,0.0,0.0,0.0,0.0,0.0,0.0,0.0,0.0,0.0,0.0
3187,0.0,0.0,0.0,0.0,0.0,0.0,0.1848088651895523,0.1493791937828064,0.0,0.44996899366378784,0.0,0.17212261259555817,0.005898839328438044,0.23779036104679108,0.0,0.0
3191,0.0,0.0,0.0,0.0,0.0,0.0,0.0,0.0,0.0,0.0,0.0,0.0,0.0,0.0,0.0,0.0
3192,0.0,0.011951333843171597,0.007933037355542183,0.0,0.0,0.06151133030653,0.004483222030103207,0.0,0.0,0.0,0.0,0.3647281229496002,0.0,0.032059602439403534,0.0,0.07763627916574478
3198,0.0,0.0,0.0,0.0,0.0,0.0,0.0,0.0,0.0,0.0,0.0,0.0,0.0,0.0,0.0,0.0
3204,0.0,0.5338370203971863,0.0,0.12881074845790863,0.2987285852432251,0.12973925471305847,0.0,0.12392718344926834,0.0,0.0,0.0,0.08248847723007202,0.0,0.0,0.0,0.0
3205,0.0,0.0,0.0,0.0,0.0,0.0,0.0,0.0,0.0,0.0,0.0,0.0,0.0,0.0,0.0,0.0
3207,0.0,0.0,0.0,0.0,0.0,0.0,0.0,0.0,0.0,0.0,0.0,0.0,0.0,0.0,0.0,0.0
3208,0.0,0.0,0.0,0.11847708374261856,0.0,0.0,0.0,0.0,0.0,0.0,0.0,0.0,0.0,0.0,0.0,0.0
3211,0.0,0.0,0.0,0.0,0.0,0.0,0.0,0.0,0.0,0.0,0.0,0.0,0.0,0.0,0.0,0.0
3212,0.0,0.0,0.0,0.0,0.0,0.0,0.0,0.0,0.0,0.0,0.0,0.0,0.0,0.0,0.0,0.020924249663949013
3217,0.0,0.0,0.0,0.0,0.0,0.0,0.0,0.0,0.0,0.0,0.0,0.0,0.0,0.0,0.0,0.0
3221,0.0844663605093956,0.03544636443257332,0.0,0.0,0.0,0.0,0.0,0.1515464186668396,0.4007312059402466,0.03829611465334892,0.051866721361875534,0.0,0.4553182125091553,0.3182326853275299,0.0,0.274263471364975
3224,0.0,0.0,0.0,0.0,0.0,0.0,0.0,0.0,0.0,0.0,0.0,0.0,0.0,0.0,0.0,0.0
3228,0.0,0.0,0.0,0.0,0.0,0.0,0.0,0.0,0.0,0.0,0.0,0.0,0.0,0.0,0.0,0.0
3229,0.0,0.0,0.0,0.0,0.0,0.33262208104133606,0.0,0.0,0.0,0.0,0.0,0.0,0.7783650755882263,0.0,0.0,0.0
3231,0.9977946281433105,0.5620643496513367,0.0,0.0,0.0,0.0,0.5543339848518372,0.06946979463100433,0.0,0.39291200041770935,0.8753495216369629,0.007340950891375542,0.6231523156166077,0.3831016719341278,0.2987584173679352,0.2015017867088318
3233,0.0,0.0,0.0,0.0,0.0,0.0,0.17402967810630798,0.0,0.0,0.0,0.0,0.0,0.013612228445708752,0.20624935626983643,0.0,0.0
3235,0.6950763463973999,0.05835149809718132,0.4103413224220276,0.0,0.0,0.014407559297978878,0.24740731716156006,0.48032450675964355,0.21916350722312927,0.9386497735977173,0.0,0.03661947697401047,0.08878400176763535,0.4579620361328125,0.9131825566291809,0.40425124764442444
3236,0.0,0.9372428059577942,0.0,0.0,0.0,0.0,0.0,0.0,0.0,0.0,0.0,0.0,0.0,0.6019406914710999,0.18615299463272095,0.0
3238,0.0,0.0,0.0,0.0,0.0,0.0,0.0,0.0,0.0,0.0,0.0,0.0,0.0,0.0,0.0,0.0
3246,0.0,0.3265013098716736,0.0,0.18095946311950684,0.28329890966415405,0.0,0.26429247856140137,0.0,0.0922471433877945,0.21672703325748444,0.43338140845298767,0.29968950152397156,0.36366593837738037,0.2462465465068817,0.19676059484481812,0.15163008868694305
3248,0.0,0.0,0.0,0.0,0.0,0.0,0.0,0.0,0.0,0.0,0.0,0.0,0.0,0.0,0.0,0.0
3251,0.0,0.0,0.0,0.0,0.0,0.0,0.0,0.0,0.0,0.0,0.0,0.0,0.0,0.0,0.0,0.0
3252,0.0,0.0,0.0,0.0,0.0,0.0,0.0,0.10081779956817627,0.0,0.0,0.0,0.0552993007004261,0.0,0.0,0.0,0.0
3254,0.0,0.033769745379686356,0.0,0.0,0.0,0.07231045514345169,0.0,0.0,0.20347906649112701,0.0,0.03814924135804176,0.09188109636306763,0.4788431227207184,0.2040327787399292,0.0,0.1611424684524536
3262,0.0,0.0,0.0,0.0,0.0,0.0,0.0,0.0,0.0,0.0,0.0,0.0,0.0,0.0,0.0,0.0
3265,0.02449803613126278,0.0,0.022344401106238365,0.1292959600687027,0.0,0.41298073530197144,0.0,0.0,0.005737237632274628,0.0,0.0,0.0,0.0,0.0,0.0,0.0
3267,0.0,0.0,0.0,0.0,0.0,0.0,0.0,0.0,0.0,0.0,0.0,0.0,0.0,0.0,0.0,0.0
3268,0.0,0.925426185131073,0.0,0.03056909888982773,0.0,0.3396497368812561,0.3225876986980438,0.0,0.0,0.0,0.0,0.0,0.18440383672714233,0.0,0.0,0.1136406660079956
3272,0.0,0.0,0.0,0.0,0.0,0.0,0.0,0.0,0.0,0.0,0.0,0.0,0.0,0.0,0.0,0.0
3281,0.0,0.0,0.0,0.0,0.0,0.0,0.16001427173614502,0.0,0.0,0.0,0.0,0.0,0.11202212423086166,0.0,0.0,0.0
3282,0.0,0.0,0.0,0.0,0.0,0.0,0.0,0.0,0.0,0.0,0.0,0.0,0.0,0.0,0.0,0.0
3284,0.0,0.03218387812376022,0.04149696230888367,0.0,0.0,0.017398500815033913,0.03760620951652527,0.0,0.0,0.0,0.0,0.36764097213745117,0.0,0.0,0.0,0.06103409454226494
3285,0.0,0.0,0.0,0.0,0.0,0.0,0.0,0.8705840706825256,0.037356749176979065,0.0,0.0,0.0,0.0,0.10839760303497314,0.0,0.021926799789071083
3291,0.0,0.0,0.0,0.0,0.0,0.0,0.0,0.0,0.0,0.0,0.0,0.0,0.0,0.0,0.0,0.0
3298,0.0,0.0,0.0,0.0,0.0,0.0,0.0,0.0,0.0,0.0,0.0,0.0,0.0,0.0,0.0,0.0
3301,0.0,0.0,0.07155748456716537,0.0,0.0,0.0454084649682045,0.15800979733467102,0.21759556233882904,0.12250904738903046,0.18089088797569275,0.1268734335899353,0.11640939116477966,0.0,0.0,0.11917780339717865,0.0
3302,0.0,0.0,0.03275987505912781,0.0,0.0,0.0,0.0,0.0,0.0,0.0,0.2267470508813858,0.03740695118904114,0.0,0.0,0.0,0.0
3303,0.14713899791240692,0.2456144541501999,0.054292671382427216,0.0,0.17938829958438873,0.6124567985534668,0.8377401232719421,0.07580988854169846,0.0,0.19672492146492004,0.4045238494873047,0.6889655590057373,0.009220421314239502,0.0,0.4181903600692749,0.12456544488668442
3304,0.05400127172470093,0.13586308062076569,0.05183938145637512,0.16436409950256348,0.0,0.28898361325263977,0.8460314869880676,0.3127557635307312,0.44357603788375854,0.0,0.7590644359588623,0.04622592031955719,0.15027067065238953,0.04311133548617363,0.21395595371723175,0.09921354055404663
3307,0.0,0.0,0.0,0.0,0.0,0.0,0.0,0.0,0.0,0.0,0.0,0.0,0.0,0.0,0.0,0.0
3311,0.24300797283649445,0.0,0.19494706392288208,0.2610388398170471,0.3407507836818695,0.06980492919683456,0.0,0.11607582867145538,0.6036733388900757,0.24067282676696777,0.8151211142539978,0.6248230338096619,0.6246021389961243,0.19813555479049683,0.5546720623970032,0.48792949318885803
3312,0.0,0.04526513069868088,0.0,0.0,0.0,0.04958346486091614,0.00902552716434002,0.0,0.0,0.0,0.013602722436189651,0.4506163001060486,0.0,0.0,0.0,0.0604250505566597
3313,0.0,0.0,0.0,0.0,0.0,0.0,0.0,0.0,0.0,0.0,0.0,0.0,0.0,0.0,0.0,0.0
3314,0.16524669528007507,0.0,0.0,0.0,0.0,0.2108786404132843,0.0,0.21886789798736572,0.0,0.1439858078956604,0.004828500095754862,0.10424768179655075,0.0,0.24569205939769745,0.0,0.06035888195037842
3316,0.2892511487007141,0.0,0.12870274484157562,0.6091517806053162,0.0,0.26332783699035645,0.16911228001117706,0.010387999936938286,0.0,0.6858972907066345,0.0,0.0,0.0,0.0,0.0,0.037225499749183655
3318,0.0,0.0,0.0,0.0,0.0,0.0,0.0,0.0,0.0,0.0,0.0,0.0,0.0,0.0,0.0,0.0
3321,0.0,0.0652182325720787,0.05487208813428879,0.0,0.06981053203344345,0.06669239699840546,0.007852263748645782,0.0,0.0,0.04119238257408142,0.0,0.0,0.0,0.0,0.008712000213563442,0.025663549080491066
3322,0.0,0.0,0.0,0.0,0.0,0.0,0.0,0.0,0.0,0.0,0.0,0.0,0.0,0.0,0.0,0.0
3323,0.0,0.0,0.0,0.0,0.0,0.15190033614635468,0.0,0.0,0.0,0.0,0.0,0.0,0.0,0.0,0.0,0.0
3325,0.9992343783378601,0.5333982706069946,0.008345219306647778,0.0,0.8281341791152954,1.0,0.03948618844151497,0.0,0.0,0.0,0.0,0.0,0.0,0.0,0.0,0.0
3327,0.0,0.0,0.0,0.2458188384771347,0.0,0.0,0.0,0.0,0.37156426906585693,0.0,0.0,0.0,0.0,0.0,0.3571878969669342,0.1987352818250656
3330,0.0,0.0,0.0,0.0,0.07416539639234543,0.6819965243339539,0.0,0.0,0.0,0.5415176749229431,0.0,0.0,0.0,0.0,0.0,0.30476298928260803
3337,0.0,0.0,0.0,0.0,0.0,0.0,0.0,0.0,0.0,0.0,0.0,0.0,0.0,0.0,0.0,0.0
3339,0.0,0.0,0.0,0.0,0.0,0.0,0.0,0.0,0.0,0.0,0.0,0.0,0.0,0.0,0.0,0.0
3340,0.5035192370414734,0.7564780712127686,0.3922382593154907,0.0,0.0,0.0,0.812109649181366,0.0,0.0044583044946193695,0.0,0.9513012170791626,0.9062362313270569,0.0,0.6868933439254761,0.0,0.8280003070831299
3341,0.0,0.0,0.0,0.0,0.0,0.0,0.0,0.0,0.0,0.0,0.0,0.0,0.0,0.0,0.0,0.0
3342,0.0,0.0,0.0,0.0,0.0,0.0,0.0,0.0,0.0,0.0,0.0,0.0,0.0,0.0,0.0,0.0
3344,0.0,0.0,0.0,0.5399395823478699,0.0,0.8608232140541077,0.0,0.4120675027370453,0.0,0.007834444753825665,0.3849239945411682,0.0,0.0,0.0,0.0,0.19580674171447754
3345,0.0,0.18969035148620605,0.0,0.0,0.01169699989259243,0.09171150624752045,0.04762481153011322,0.0,0.0,0.04263110086321831,0.032820750027894974,0.6455693244934082,0.0,0.0,0.0,0.0
3351,0.2552398145198822,0.0,0.0,0.0,0.01089409552514553,0.0,0.0,0.0,0.0,0.0,0.0,0.0,0.018226124346256256,0.0,0.0,0.05874243378639221
3352,0.0,0.0,0.0,0.0,0.0,0.0,0.0,0.0,0.0,0.0,0.0,0.0,0.0,0.0,0.0,0.0
3356,0.0,0.006568125449120998,0.0,0.0,0.0,0.05174829438328743,0.0,0.009339551441371441,0.0,0.016207080334424973,0.0,0.19036492705345154,0.0,0.016907621175050735,0.0,0.04692326858639717
3360,0.0,0.0,0.21474182605743408,0.26795998215675354,0.14061769843101501,0.0,0.0,0.02633540891110897,0.0,0.11812227219343185,0.0,0.0,0.0,0.0,0.0,0.02751237526535988
3361,0.9791016578674316,0.0,0.14098849892616272,0.0,0.06146399676799774,0.2852195203304291,0.12046749889850616,0.4502197504043579,0.0,0.0,0.0,0.0,0.7045536041259766,0.0,0.0,0.0
3362,0.04979757219552994,0.8269746899604797,0.1560089886188507,0.0,0.13567674160003662,0.5397812128067017,0.14408962428569794,0.0,0.06797400116920471,0.17257173359394073,0.0,0.8588668704032898,0.0,0.00735524483025074,0.14872486889362335,0.0
3363,0.0,0.0,0.2670987546443939,0.0,0.0,0.0,0.0,0.09883520007133484,0.0,0.0,0.0,0.0,0.0,0.0,0.0,0.0
3365,0.005731847602874041,0.0,0.0,0.0,0.0,0.0,0.1421055793762207,0.0,0.0,0.0,0.0,0.0,0.0,0.0,0.0,0.0
3367,0.0,0.0,0.0,0.0,0.0,0.0,0.0,0.0,0.0,0.0,0.0,0.0,0.0,0.0,0.0,0.0
3368,0.0,0.03301769867539406,0.0,0.2253706008195877,0.0,0.0,0.0,0.0,0.2977077066898346,0.0,0.0,0.0,0.0,0.0,0.0,0.25421419739723206
3369,0.0,0.2171967327594757,0.0,0.0,0.0,0.37812909483909607,0.0,0.24725951254367828,0.0,0.0,0.0,0.06682964414358139,0.0,0.0,0.0,0.05796727538108826
3371,0.0,0.0,0.0,0.0,0.0,0.0,0.0,0.0,0.0,0.0,0.0,0.0,0.0,0.0,0.0,0.0
3373,0.0,0.0,0.0,0.0,0.0,0.0,0.0,0.0,0.0,0.0,0.0,0.0,0.6263489723205566,0.0,0.0,0.0
3374,0.0,0.015253208577632904,0.0,0.0,0.0,0.05398081615567207,0.009619368240237236,0.0,0.0,0.00970975961536169,0.0,0.3386000096797943,0.0,0.0,0.0,0.10103743523359299
3376,0.0,0.14295372366905212,0.0,0.04070992395281792,0.0,0.0,0.0,0.0,0.0,0.0,0.0,0.0,0.0,0.0322977714240551,0.0,0.3723212480545044
3381,0.0,0.0,0.0,0.0,0.0,0.0,0.0,0.0,0.0,0.0,0.0,0.0,0.0,0.0,0.0,0.0
3382,0.0,0.015260666608810425,0.0,0.0,0.0,0.0,0.0,0.0,0.0,0.0,0.0,0.0,0.0,0.0,0.0,0.0
3391,0.0,0.0,0.0,0.0,0.0,0.0,0.0,0.0,0.0,0.0,0.0,0.0,0.0,0.0,0.0,0.0
3392,0.0,0.0,0.0,0.0,0.0,0.055244382470846176,0.0,0.0,0.0,0.17666000127792358,0.0,0.0,0.0,0.0,0.0,0.2872367203235626
3393,0.0,0.0,0.0,0.0,0.0,0.0,0.0,0.0,0.0,0.0,0.0,0.0,0.0,0.0,0.0,0.0
3397,0.0,0.0,0.0,0.0,0.0,0.0,0.0,0.0,0.0,0.0,0.0,0.0,0.0,0.0,0.15924100577831268,0.0
3399,0.0,0.0,0.0798882469534874,0.0,0.08504977822303772,0.0,0.0,0.0,0.0,0.0,0.01380349975079298,0.0,0.0,0.0,0.0,0.0
3401,0.0,0.0,0.0,0.0,0.0,0.0,0.0,0.0,0.0,0.0,0.0,0.0,0.0,0.48027846217155457,0.0,0.0
3404,0.0,0.0,0.0,0.0,0.0,0.0,0.0,0.0,0.0,0.0,0.0,0.0,0.0,0.0,0.0,0.0
3407,0.0,0.0,0.0,0.0,0.0,0.0,0.0,0.0,0.0,0.0,0.0,0.0,0.0,0.0,0.0,0.0
3411,0.0,0.04169895499944687,0.006482750177383423,0.0,0.0,0.0,0.0,0.0,0.0,0.049115151166915894,0.10361020267009735,0.2843264937400818,0.0,0.14316533505916595,0.0,0.0
3415,0.0,0.8137350082397461,0.0,0.0,0.0,0.0,0.0,0.0,0.0,0.0,0.0,0.0,0.007773222401738167,0.38615378737449646,0.9470228552818298,0.0
3416,0.0,0.0,0.0,0.0,0.0,0.0,0.0,0.0,0.0,0.0,0.0,0.0,0.0,0.0,0.0,0.0
3424,0.13251584768295288,0.0,0.0,0.0,0.0,0.0,0.03682193160057068,0.0,0.0,0.0,0.0,0.0,0.05566351115703583,0.0,0.0,0.0
3425,0.0,0.0,0.0,0.0,0.0,0.0,0.0,0.0,0.0,0.0,0.0,0.0,0.0,0.0,0.0,0.0
3427,0.0,0.0,0.11326771974563599,0.022779682651162148,0.0336228683590889,0.0,0.0,0.008245320059359074,0.18418629467487335,0.015697183087468147,0.022073158994317055,0.12026410549879074,0.0,0.018510852009058,0.009586285799741745,0.031683072447776794
3432,0.23022864758968353,0.11180953681468964,0.18039169907569885,0.11769504845142365,0.04635156691074371,0.0,0.17127171158790588,0.3660860061645508,0.0,0.0,0.0,0.1284811794757843,0.0498507060110569,0.0,0.0,0.0
3435,0.0,0.006688666995614767,0.002019592560827732,0.0,0.0,0.05789930000901222,0.0,0.007388930767774582,0.0,0.0065842000767588615,0.0,0.2045065313577652,0.0,0.0,0.0,0.054518818855285645
3436,0.0,0.0,0.0,0.0,0.0,0.0,0.0,0.0,0.0,0.0,0.0,0.0,0.0,0.0,0.0,0.0
3442,0.0,0.0,0.0,0.0,0.0,0.0,0.0,0.0,0.0,0.0,0.0,0.0,0.0,0.0,0.0,0.0
3443,0.0,0.018974363803863525,0.010214666835963726,0.0,0.01765120029449463,0.05434047803282738,0.0,0.0,0.007238889113068581,0.0,0.0,0.0,0.0,0.0,0.0,0.09043552726507187
3444,0.0,0.0,0.0,0.0,0.0,0.0,0.0,0.0,0.0,0.0,0.0,0.0,0.0,0.0,0.0,0.0
3451,0.0,0.018840143457055092,0.0,0.0,0.0,0.0,0.0,0.0,0.0,0.0,0.023828672245144844,0.08312961459159851,0.0,0.0,0.15796594321727753,0.0
3453,0.0,0.0,0.0,0.0,0.0,0.0,0.0,0.0,0.0,0.0,0.0,0.0,0.0,0.0,0.0,0.0
3454,0.0,0.0,0.0,0.0,0.0,0.0,0.0,0.0,0.0,0.0,0.0,0.0,0.0,0.0,0.0,0.0
3456,0.0,0.15996283292770386,0.007720600347965956,0.0,0.017366914078593254,0.07531855255365372,0.005241353064775467,0.0,0.0,0.1144571527838707,0.0,0.0,0.0,0.0032486363779753447,0.011050631292164326,0.0053372858092188835
3458,0.0,0.0,0.0,0.0,0.0,0.0,0.0,0.0,0.0,0.0,0.0,0.0,0.0,0.0,0.0,0.0
3460,0.0,0.2561737895011902,0.18143399059772491,0.26901867985725403,0.30681130290031433,0.0,0.21368350088596344,0.0,0.4599978029727936,0.0,0.35277706384658813,0.0,0.4221595227718353,0.0,0.0,0.21947674453258514
3463,0.0,0.0,0.0,0.0,0.0,0.0,0.0,0.0,0.0,0.0,0.0,0.0,0.0,0.0,0.0,0.0
3464,0.0,0.0,0.0,0.0,0.0,0.0,0.0,0.0,0.0,0.0,0.0,0.0,0.0,0.0,0.0,0.0
3467,0.0,0.0,0.0,0.0,0.0,0.0,0.0,0.0,0.0,0.0,0.0,0.0,0.0,0.0,0.0,0.0
3468,0.0,0.0,0.0,0.0,0.0,0.0,0.0,0.0,0.0,0.0,0.0,0.0,0.0,0.0,0.0,0.0
3470,0.0,0.01807408034801483,0.0,0.0,0.0,0.0668947845697403,0.018875736743211746,0.0,0.010193727910518646,0.045917998999357224,0.03338886797428131,0.23561987280845642,0.0,0.03618864342570305,0.02189750038087368,0.05464668199419975
3473,0.0,0.012310749851167202,0.0,0.0,0.0,0.03247370198369026,0.030923472717404366,0.01712586171925068,0.0,0.008141400292515755,0.0,0.3178597390651703,0.0,0.01808919385075569,0.0,0.10195040702819824
3479,0.0,0.0,0.0,0.0,0.0,0.0,0.0,0.0,0.0,0.0,0.0,0.0,0.0,0.0,0.0,0.0
3485,0.0,0.0,0.0,0.0,0.0,0.0,0.10722950100898743,0.0,0.0,0.0,0.0,0.0,0.0,0.0,0.0,0.0
3490,0.0,0.0,0.0,0.0,0.0,0.0,0.0,0.0,0.0,0.0,0.0,0.0,0.0,0.0,0.0,0.0
3492,0.0,0.0,0.0,0.0,0.0,0.0,0.0,0.0,0.0,0.0,0.0,0.0,0.0,0.0,0.0,0.0
3496,0.0,0.034797415137290955,0.0,0.0,0.011579950340092182,0.08021681755781174,0.03534714877605438,0.0,0.0,0.03539421781897545,0.04244754835963249,0.4842051565647125,0.0,0.11277776956558228,0.0,0.02501036785542965
3498,0.0,0.0,0.06595806777477264,0.0,0.11057338118553162,0.0,0.21512357890605927,0.017949126660823822,0.10388487577438354,0.0,0.0,0.1159161850810051,0.06684635579586029,0.0,0.0,0.0
3501,0.0,0.17821550369262695,0.0,0.0,0.006918789353221655,0.1146739199757576,0.01603100076317787,0.0,0.0,0.0459977351129055,0.008764293976128101,0.07122399657964706,0.0,0.002811150159686804,0.07164030522108078,0.0
3502,0.0,0.0,0.0,0.0,0.0,0.0844670906662941,0.10949248820543289,0.0,0.0,0.05954590067267418,0.07944654673337936,0.29252925515174866,0.0,0.0,0.17342858016490936,0.1019265428185463
3503,0.0,0.16699208319187164,0.0,0.13141444325447083,0.0,0.0,0.21073542535305023,0.0,0.0,0.1668177992105484,0.03274150192737579,0.0,0.18673443794250488,0.0,0.17759323120117188,0.07493932545185089
3504,0.0,0.0,0.0,0.0,0.0,0.0,0.07068119943141937,0.0,0.0,0.0,0.0,0.0,0.0,0.0,0.0,0.0
3505,0.0,0.0,0.0,0.0,0.0,0.0,0.0,0.0,0.0,0.0,0.0,0.0,0.0,0.0,0.0,0.0
3508,0.0,0.0,0.15876908600330353,0.17910434305667877,0.0,0.0,0.0,0.26790544390678406,0.0,0.0,0.22998617589473724,0.13197845220565796,0.0,0.05762927234172821,0.0,0.0
3509,0.7963227033615112,0.3760662376880646,0.4522312879562378,0.08433094620704651,0.33197635412216187,0.0,0.20999926328659058,0.38585591316223145,0.07618429511785507,0.2612631022930145,0.46462559700012207,0.07080985605716705,0.09223020076751709,0.0,0.0,0.09525039792060852
3511,0.0,0.0,0.0,0.0,0.0,0.0,0.22626960277557373,0.0,0.0,0.0,0.0,0.0,0.0,0.0010683333966881037,0.0,0.0
3519,0.0,0.0,0.0,0.0,0.0,0.0,0.0,0.0,0.0,0.0,0.0,0.0,0.0,0.0,0.0,0.0
3525,0.0,0.0,0.0,0.0,0.0,0.0,0.0,0.0,0.0,0.0,0.0,0.0,0.0,0.0,0.0,0.0
3526,0.0,0.0,0.0,0.0,0.0,0.0,0.0,0.0,0.0,0.0,0.0,0.0,0.0,0.0,0.0,0.0
3527,0.0,0.0,0.0,0.0,0.0,0.0,0.0,0.0,0.0,0.0,0.0,0.0,0.0,0.0,0.0,0.0
3533,0.0,0.0,0.0,0.0,0.0,0.0,0.0,0.0,0.0,0.0,0.0,0.0,0.0,0.03597423806786537,0.0,0.3815299868583679
3537,0.0,0.0,0.0,0.0,0.0,0.0,0.0,0.0,0.0,0.0,0.0,0.0,0.0,0.0,0.0,0.0
3538,0.0,0.018495477735996246,0.016106832772493362,0.008032090961933136,0.0,0.08059818297624588,0.05504077300429344,0.013724815100431442,0.007638454437255859,0.25313836336135864,0.0,0.7111860513687134,0.037391211837530136,0.0,0.006761474069207907,0.019431045278906822
3540,0.0,0.0,0.0,0.0,0.0,0.0,0.19172844290733337,0.0,0.0,0.0,0.0,0.0,0.02497619390487671,0.09243897348642349,0.0,0.0
3541,0.0,0.0,0.0,0.0,0.0,0.0,0.0,0.0,0.0,0.0,0.0,0.0,0.0,0.0,0.0,0.0
3542,0.0,0.0,0.0,0.0,0.0,0.0,0.1897466480731964,0.0,0.0,0.0,0.0,0.0,0.05872875452041626,0.28562039136886597,0.0,0.0
3545,0.0,0.0,0.0,0.0,0.0,0.0,0.0,0.0,0.0,0.0,0.0,0.0,0.0,0.0,0.0,0.0
3546,0.0,0.0,0.19568288326263428,0.2854604423046112,0.01074314396828413,0.0,0.17632217705249786,0.0,0.4161789119243622,0.0,0.0,0.25361672043800354,0.0,0.2816832661628723,0.0,0.24332256615161896
3547,0.09561580419540405,0.29336702823638916,0.0,0.0,0.27099981904029846,0.0,0.0,0.0,0.0858829990029335,0.178527370095253,0.11519404500722885,0.11306685209274292,0.14218033850193024,0.0,0.0,0.0
3549,0.0,0.0,0.0,0.0,0.0,0.0,0.0,0.745915412902832,0.0,0.0,0.0,0.0,0.0,0.0,0.0,0.0
3552,0.0,0.19984275102615356,0.02256462536752224,0.0,0.005975285544991493,0.09642262011766434,0.04064352437853813,0.0022008519154042006,0.0,0.164123997092247,0.0,0.5802767276763916,0.0,0.0,0.0,0.0
3554,0.0,0.05195700004696846,0.0,0.0,0.0,0.06412674486637115,0.0,0.12318459153175354,0.0,0.9050996899604797,0.0,0.0,0.990892231464386,0.0,0.1287005990743637,0.03370028734207153
3558,0.0,0.0,0.0,0.0,0.0,0.0,0.0,0.0,0.0,0.0,0.0,0.0,0.0,0.0,0.0,0.0
3559,0.0,0.6661409139633179,0.0,0.8285947442054749,0.0,0.31301379203796387,0.17332789301872253,0.35286691784858704,0.0,0.85320645570755,0.0,0.16857481002807617,0.0,0.0,0.11150175333023071,0.5872972011566162
3563,0.0,0.013350479304790497,0.0,0.0,0.014736950397491455,0.06771896034479141,0.0,0.0,0.0053010908886790276,0.04344847798347473,0.06012227013707161,0.2341361790895462,0.0,0.0,0.02201165072619915,0.07868164777755737
3565,0.0,0.0,0.0,0.0,0.0,0.0,0.0,0.0,0.0,0.0,0.0,0.0,0.0,0.0,0.0,0.0
3566,0.16762912273406982,0.0,0.08652244508266449,0.08215338736772537,0.0742589682340622,0.0,0.0,0.0,0.1074938252568245,0.0,0.0,0.0,0.0,0.08620698004961014,0.0,0.0
3568,0.0,0.0,0.0,0.0,0.0,0.0,0.0,0.0,0.0,0.0,0.0,0.0,0.0,0.0,0.0,0.0
3570,0.0,0.0,0.0,0.0,0.0,0.0,0.0,0.0,0.0,0.0,0.0,0.0,0.0,0.0,0.0,0.0
3572,0.0,0.0,0.0,0.0,0.0,0.0,0.0,0.0,0.0,0.0,0.0,0.0,0.0,0.0,0.0,0.0
3573,0.1086903065443039,0.14224497973918915,0.0,0.0,0.17875860631465912,0.16092872619628906,0.0,0.0,0.0,0.04170503839850426,0.05105699598789215,0.0931059718132019,0.06632725894451141,0.1549525260925293,0.07187581807374954,0.13512179255485535
3575,0.0,0.13077305257320404,0.09961453080177307,0.0783638209104538,0.0,0.018659086897969246,0.0,0.06729006767272949,0.14093108475208282,0.26839861273765564,0.09110619127750397,0.1525459736585617,0.12901519238948822,0.0960114523768425,0.09075763076543808,0.0
3578,0.0,0.0,0.0,0.0,0.003961350303143263,0.07362790405750275,0.07648695260286331,0.0,0.0,0.2136157602071762,0.11612014472484589,0.26052480936050415,0.0,0.0036991818342357874,0.17930461466312408,0.040079377591609955
3579,0.0,0.0,0.0,0.0,0.0,0.0,0.0,0.0,0.0,0.0,0.0,0.0,0.0,0.0,0.0,0.0
3581,0.0,0.0,0.0,0.0,0.0,0.0,0.1922025829553604,0.0,0.0,0.0,0.0,0.0,0.026162948459386826,0.11451809108257294,0.0,0.0
3582,0.0,0.0,0.0,0.0,0.0,0.0,0.0,0.0,0.0,0.0,0.0,0.0,0.0,0.0,0.0,0.0
3583,0.0,0.0,0.0,0.0,0.0,0.0,0.0,0.0,0.0,0.0,0.0,0.0,0.0,0.0,0.0,0.0
3587,0.0,0.0,0.0,0.0,0.0,0.0,0.0,0.0,0.0,0.0,0.0,0.0,0.0,0.0,0.0,0.0
3588,0.0,0.0,0.0,0.0,0.0,0.0,0.0,0.0,0.0,0.0,0.0,0.0,0.0,0.0,0.0,0.0
3592,0.0,0.0,0.0,0.0,0.0,0.0,0.0,0.0,0.0,0.0,0.0,0.0,0.0,0.0,0.0,0.0
3593,0.0,0.0,0.08618757873773575,0.4627145528793335,0.14668665826320648,0.08899256587028503,0.0,0.0,0.0,0.0,0.0,0.0,0.0,0.0,0.0,0.3251599371433258
3596,0.0,0.012945210561156273,0.0,0.0,0.0,0.0,0.0,0.08154577761888504,0.24096067249774933,0.0,0.0,0.12289202958345413,0.0,0.0,0.0,0.005627784412354231
3598,0.0,0.0,0.0,0.0,0.0,0.0,0.0,0.0,0.0,0.0,0.0,0.0,0.0,0.0,0.0,0.0
3601,0.16503745317459106,0.0,0.0,0.0,0.10966295748949051,0.0,0.24436044692993164,0.25472816824913025,0.12287403643131256,0.0,0.0,0.0,0.07130026817321777,0.0,0.08512604981660843,0.0
3602,0.9596003293991089,0.8822845816612244,0.7469615340232849,0.908614456653595,0.0,0.723121166229248,0.8096973299980164,0.9982219934463501,0.0,0.5631593465805054,0.0,0.0,0.0,0.8832031488418579,0.8845788836479187,0.9144483208656311
3606,0.0,0.0,0.0,0.0,0.0,0.0,0.0,0.0,0.0,0.0,0.0,0.0,0.0,0.0,0.0,0.0
3607,0.0,0.0,0.0,0.0,0.0,0.04744919016957283,0.0,0.0,0.021101443096995354,0.0,0.0,0.0,0.0,0.06633783131837845,0.19541925191879272,0.03049154207110405
3608,0.0,0.0,0.0,0.0,0.0,0.0,0.0,0.0,0.0,0.0,0.0,0.0,0.0,0.0,0.0,0.0
3610,0.0,0.0,0.0,0.0,0.0,0.0,0.03133954480290413,0.0,0.3798559904098511,0.6589850187301636,0.0,0.4388839900493622,0.11966799199581146,0.0,0.04908600077033043,0.0
3611,0.11433780193328857,0.0,0.0,0.0,0.0,0.14231082797050476,0.08107047528028488,0.0,0.0,0.3289892077445984,0.1426571011543274,0.0,0.3052639961242676,0.0,0.11499186605215073,0.0
3612,0.0,0.0,0.010179956443607807,0.032897934317588806,0.13735270500183105,0.13004541397094727,0.0,0.013201521709561348,0.12644919753074646,0.0,0.019200913608074188,0.04510463774204254,0.02634807676076889,0.0,0.0,0.0922878235578537
3619,0.08557066321372986,0.174173504114151,0.0,0.1348348706960678,0.0,0.0,0.2019404023885727,0.17897997796535492,0.09014452993869781,0.0,0.11516823619604111,0.0,0.0,0.137532040476799,0.11041019856929779,0.0
3620,0.17252150177955627,0.0,0.014219599775969982,0.0,0.023507272824645042,0.0,0.0,0.02372128702700138,0.0,0.14462780952453613,0.0,0.0,0.0,0.6938344836235046,0.0,0.014425625093281269
3624,0.2761448621749878,0.0,0.08040215075016022,0.20863032341003418,0.09385932236909866,0.0,0.17230083048343658,0.0645587220788002,0.0,0.0,0.0,0.14503107964992523,0.13153614103794098,0.0,0.08931919187307358,0.0
3628,0.0,0.0,0.0,0.0,0.0,0.0,0.0,0.0,0.0,0.0,0.0,0.0,0.0,0.0,0.0,0.0
3630,0.24654100835323334,0.19509398937225342,0.14482708275318146,0.8803288340568542,0.8249875903129578,0.0827983096241951,0.2279701679944992,0.06097971647977829,0.9053859710693359,0.7129254937171936,0.15677067637443542,0.29550930857658386,0.04056902229785919,0.7006807327270508,0.1251346468925476,0.4252198040485382
3632,0.0,0.0,0.0,0.0,0.03179378807544708,0.667410135269165,0.0,0.0,0.0,0.0,0.0,0.0,0.0,0.0,0.0,0.0
3634,0.10476523637771606,0.09029927849769592,0.06186092644929886,0.05642307177186012,0.0,0.11886757612228394,0.08239717781543732,0.0,0.1331559419631958,0.0,0.0,0.09131670743227005,0.26128023862838745,0.2289128452539444,0.0,0.0
3636,0.0,0.22944247722625732,0.06699848920106888,0.1293841153383255,0.31848981976509094,0.12820246815681458,0.0,0.17363177239894867,0.13931015133857727,0.34077969193458557,0.11552006006240845,0.13262800872325897,0.12995153665542603,0.13796159625053406,0.0,0.09442649781703949
3637,0.4855755567550659,0.2050870805978775,0.0,0.0054842219687998295,0.0,0.0,0.41229453682899475,0.12594252824783325,0.9967629909515381,0.49726784229278564,0.29093679785728455,0.4581976532936096,0.11098383367061615,0.25050708651542664,0.44422590732574463,0.0
3638,0.0,0.0,0.0,0.0,0.0,0.0,0.0,0.0,0.0,0.0,0.0,0.0,0.0,0.0,0.0,0.0
3639,0.0,0.0,0.0,0.0,0.0,0.0,0.0,0.0,0.0,0.0,0.0,0.0,0.0,0.0,0.0,0.0
3640,0.0,0.0,0.0,0.12078800052404404,0.007180099841207266,0.7465746402740479,0.0,0.9982723593711853,0.0,0.9690366387367249,0.0,0.0450625866651535,0.0,0.0,0.5068187117576599,0.011055666953325272
3642,0.0,0.0,0.8410339951515198,0.0,0.0,0.03648700192570686,0.0,0.0,0.0,0.0,0.0584384985268116,0.0,0.0,0.0,0.0,0.0
3644,0.5260207653045654,0.0,0.0,0.6100722551345825,0.0,0.566656768321991,0.14872050285339355,0.9795950055122375,0.0,0.0,0.07878941297531128,0.0,0.5572454333305359,0.27625489234924316,0.0,0.0
3645,0.06158691644668579,0.0040624444372951984,0.12286660820245743,0.0,0.0,0.45832616090774536,0.0,0.17180383205413818,0.0,0.0,0.0,0.11482274532318115,0.0,0.0,0.0,0.8653371930122375
3648,0.0,0.0,0.0,0.0,0.0,0.0,0.0,0.0,0.0,0.0,0.0,0.0,0.0,0.0,0.0,0.0
3649,0.0,0.07635991275310516,0.0,0.0,0.0,0.04345504194498062,0.038812704384326935,0.0,0.0,0.018243905156850815,0.0,0.4993181526660919,0.0,0.0,0.0053575788624584675,0.34747403860092163
3651,0.1953873187303543,0.0,0.0,0.0,0.0,0.159012570977211,0.0,0.14164046943187714,0.0,0.0,0.07888096570968628,0.0,0.2355429232120514,0.22074668109416962,0.1470392793416977,0.08274112641811371
3652,0.0,0.0,0.0,0.0,0.0,0.0,0.0,0.0,0.0,0.0,0.0,0.0,0.0,0.0,0.0,0.0
3655,0.090704046189785,0.0,0.07155104726552963,0.1278856247663498,0.24600376188755035,0.0245120357722044,0.1694667637348175,0.0,0.07221010327339172,0.0,0.12681567668914795,0.11581852287054062,0.0,0.11212150752544403,0.0,0.06382402032613754
3661,0.0,0.0,0.0,0.0,0.0,0.0,0.0,0.0,0.0,0.0,0.0,0.0,0.0,0.0,0.0,0.0
3663,0.0,0.0,0.0,0.0,0.4087955057621002,0.0,0.0,0.0,0.0,0.0,0.0,0.0,0.0,0.0,0.0,0.0
3664,0.10326346755027771,0.0,0.0,0.12828198075294495,0.0,0.08194590359926224,0.0,0.0,0.0,0.0695248693227768,0.12928658723831177,0.11551471799612045,0.0,0.12165330350399017,0.0,0.0
3666,0.0,0.0,0.0,0.0,0.0,0.0,0.0,0.0,0.0,0.0,0.0,0.0,0.0,0.0,0.44694799184799194,0.0
3669,0.11202143877744675,0.09524155408143997,0.06931480765342712,0.055858224630355835,0.24596557021141052,0.0,0.0,0.06543371081352234,0.053500864654779434,0.21165646612644196,0.0,0.0,0.0,0.20758923888206482,0.10881698131561279,0.05788440257310867
3671,0.0,0.0,0.0,0.0,0.0,0.0,0.0,0.0,0.0,0.0,0.0,0.0,0.0,0.0,0.0,0.0
3673,0.0,0.0,0.0,0.0,0.0,0.0,0.0,0.0,0.0,0.0,0.0,0.0,0.0,0.0,0.0,0.0
3677,0.0,0.0,0.0,0.0,0.0,0.0,0.0,0.0,0.0,0.0,0.0,0.0,0.0,0.0,0.0,0.0
3680,0.0,0.0,0.0,0.0,0.0,0.0,0.0,0.0,0.0,0.0,0.0,0.0,0.0,0.0,0.0,0.0
3681,0.0,0.0,0.0,0.10615667700767517,0.2993457019329071,0.12540261447429657,0.0,0.17093810439109802,0.0,0.30446720123291016,0.0,0.0,0.0,0.0,0.0,0.0
3682,0.2562560737133026,0.0,0.15814219415187836,0.0,0.19845303893089294,0.0,0.20879735052585602,0.35830333828926086,0.0,0.19153019785881042,0.36880621314048767,0.17832247912883759,0.0,0.24259181320667267,0.19004946947097778,0.09941055625677109
3684,0.0,0.03592483326792717,0.38550490140914917,0.04109099879860878,0.0,0.0,0.2128245085477829,0.0,0.1063227504491806,0.0,0.0,0.14594200253486633,0.025834674015641212,0.0,0.0,0.0
3685,0.0,0.0,0.0,0.0,0.0,0.0,0.0,0.0,0.0,0.0,0.0,0.0,0.0,0.0,0.0,0.0
3687,0.0,0.0,0.0,0.0,0.0,0.0,0.0,0.0,0.0,0.0,0.0,0.0,0.0,0.0,0.0,0.0
3690,0.0,0.0,0.0,0.0,0.0,0.0,0.0,0.0,0.0,0.0,0.0,0.0,0.0,0.0,0.0,0.0
3692,0.0,0.0,0.0,0.0,0.0,0.0,0.0,0.0,0.0,0.0,0.0,0.0,0.0,0.0,0.0,0.0
3693,0.0,0.0,0.0,0.0,0.0,0.0,0.0,0.0,0.0,0.0,0.0,0.0,0.0,0.0,0.0,0.0
3694,0.0,0.044991400092840195,0.0,0.0,0.0,0.0,0.0,0.0,0.0,0.0,0.0,0.0,0.0,0.0,0.0,0.0
3695,0.0,0.0,0.0,0.0,0.0,0.0,0.0,0.0,0.0,0.0,0.0,0.0,0.0,0.0,0.0,0.0
3696,0.0,0.0,0.0,0.0,0.0,0.0,0.0,0.0,0.0,0.0,0.0,0.0,0.0,0.0,0.0,0.0
3698,0.0,0.0,0.0,0.0,0.0,0.0,0.0,0.0,0.0,0.0,0.0,0.0,0.0,0.0,0.0,0.0
3699,0.0,0.0,0.0,0.0,0.0,0.0,0.0,0.0,0.0,0.0,0.0,0.0,0.0,0.0,0.0,0.0
3701,0.10276392102241516,0.0,0.01056142058223486,0.0,0.023119894787669182,0.0,0.0,0.04313691705465317,0.0,0.0,0.0,0.0,0.0,0.18625664710998535,0.0,0.07943934947252274
3702,0.0,0.0,0.0,0.0,0.0,0.0,0.0,0.0,0.0,0.0,0.0,0.0,0.0,0.0,0.0,0.0
3703,0.0,0.035364001989364624,0.0,0.0,0.0,0.0,0.0,0.0,0.0,0.0,0.0,0.0,0.0,0.0,0.0,0.0
3704,0.0,0.0,0.0,0.0,0.0,0.0,0.0,0.0,0.0,0.0,0.0,0.0,0.0,0.0,0.0,0.0
3705,0.0,0.040734708309173584,0.008976919576525688,0.0,0.016584500670433044,0.079922616481781,0.035847049206495285,0.0,0.0,0.03570252284407616,0.020617499947547913,0.49381229281425476,0.0,0.0,0.0,0.04541020840406418
3706,0.0,0.0,0.0,0.0,0.9990948438644409,0.13583920896053314,0.0,0.2708636224269867,0.997596263885498,0.0,0.357625812292099,0.9599915146827698,0.25223076343536377,0.9985065460205078,0.11446000635623932,0.8472397327423096
3711,0.9744633436203003,0.0,0.03066050261259079,0.0,0.9842374920845032,0.0,0.9357917308807373,0.0,0.8926183581352234,0.11033633351325989,0.0,0.6616770625114441,0.0,0.9937857985496521,0.0897001177072525,0.0
3714,0.0,0.0,0.0,0.0,0.0,0.0,0.0,0.0,0.0,0.0,0.0,0.0,0.0,0.0,0.0,0.0
3715,0.0,0.0,0.0,0.0,0.0,0.0,0.0,0.0,0.0,0.0,0.0,0.0,0.0,0.0,0.0,0.0
3718,0.0,0.0,0.0,0.0,0.0,0.0,0.0,0.0,0.0,0.0,0.0,0.0,0.0,0.0,0.0,0.0
3720,0.0,0.0,0.0,0.0,0.0,0.0,0.0,0.0,0.0,0.0,0.0,0.0,0.0,0.0,0.0,0.0
3723,0.2209138423204422,0.0,0.0,0.0,0.0,0.060796767473220825,0.0,0.0,0.3168078660964966,0.0,0.0,0.0,0.0421941839158535,0.0,0.0,0.0
3725,0.14072710275650024,0.24602390825748444,0.0,0.16660790145397186,0.04381555691361427,0.1349797546863556,0.0,0.0,0.023150557652115822,0.24221406877040863,0.20106790959835052,0.0,0.0,0.0,0.05738811194896698,0.12635967135429382
3728,0.0,0.0,0.0,0.0,0.0,0.0,0.0,0.0,0.0,0.0,0.0,0.0,0.0,0.0,0.0,0.0
3732,0.0,0.0,0.0,0.0,0.0,0.0,0.0,0.0,0.0,0.0,0.0,0.0,0.0,0.0,0.0,0.0
3733,0.0,0.0,0.0,0.0,0.0,0.0,0.0,0.0,0.0,0.0,0.009392555803060532,0.45474040508270264,0.0,0.0,0.0,0.0
3735,0.0,0.0,0.0,0.0,0.0,0.0,0.0,0.0,0.0,0.0,0.0,0.0,0.0,0.0,0.0,0.0
3738,0.0,0.0,0.0,0.0,0.0,0.0,0.0,0.0,0.0,0.0,0.0,0.0,0.0,0.0,0.0,0.0
3739,0.24050694704055786,0.1331987828016281,0.25726282596588135,0.2867368161678314,0.2257850617170334,0.6490903496742249,0.43123918771743774,0.3749978244304657,0.14032180607318878,0.5739282369613647,0.11241258680820465,0.18448114395141602,0.0403713695704937,0.44788333773612976,0.24971091747283936,0.3446207642555237
3741,0.0,0.0304578747600317,0.024195998907089233,0.0,0.0,0.07437927275896072,0.020365284755825996,0.0,0.0,0.04430066794157028,0.0,0.39300212264060974,0.0,0.12258316576480865,0.0,0.024918172508478165
3742,0.0,0.06783342361450195,0.1886749565601349,0.10127841681241989,0.0,0.10927801579236984,0.0,0.0,0.0,0.0,0.0,0.0,0.0,0.0,0.19539617002010345,0.0
3748,0.0,0.0,0.0,0.0,0.0,0.0,0.0,0.0,0.0,0.0,0.0,0.0,0.0,0.0,0.0,0.0
3749,0.0,0.0,0.0,0.0,0.0,0.0,0.010199823416769505,0.0,0.0,0.0,0.0,0.4942001700401306,0.0,0.0,0.0,0.0
3755,0.0073524354957044125,0.045008525252342224,0.0916968286037445,0.0,0.0,0.0,0.09866608679294586,0.24251586198806763,0.042486660182476044,0.1331365406513214,0.0,0.07425063848495483,0.07596470415592194,0.0,0.14375901222229004,0.0
3756,0.0,0.0,0.0,0.0,0.0,0.0,0.0,0.0,0.0,0.0,0.0,0.0,0.0,0.0,0.0,0.0
3759,0.0,0.0,0.0,0.0,0.0,0.0,0.0,0.0,0.0,0.0,0.0,0.0,0.0,0.0,0.0,0.0
3763,0.0,0.0,0.0,0.0,0.0,0.0,0.0,0.0,0.0,0.0,0.0,0.0,0.0,0.0,0.0,0.0
3765,0.0,0.0,0.03849319368600845,0.0,0.2466297745704651,0.1245625838637352,0.14669552445411682,0.08940267562866211,0.0,0.0,0.0,0.0,0.0,0.0,0.12021049857139587,0.04974173381924629
3767,0.0,0.0,0.0,0.0,0.0,0.0,0.0,0.0,0.0,0.0,0.0,0.0,0.0,0.0,0.0,0.0
3769,0.0,0.0,0.0,0.0,0.0,0.0,0.0,0.0,0.0,0.0,0.0,0.0,0.0,0.0,0.0,0.0
3772,0.0,0.0,0.0,0.0,0.0,0.0,0.0,0.0,0.0,0.0,0.11373300105333328,0.0,0.0769578218460083,0.0,0.0,0.0
3774,0.04897228255867958,0.10525862872600555,0.0024263409432023764,0.04501042142510414,0.0,0.044417887926101685,0.0,0.0,0.10995440185070038,0.04881714656949043,0.02204434759914875,0.0,0.021369118243455887,0.10569629073143005,0.03110327571630478,0.07774974405765533
3777,0.0,0.0,0.0,0.0,0.0,0.0,0.0,0.0,0.0,0.0,0.0,0.0,0.0,0.0,0.0,0.0
3778,0.0,0.0,0.0,0.0,0.0,0.0,0.0,0.0,0.0,0.0,0.0,0.0,0.0,0.0,0.0,0.0
3779,0.0,0.0,0.0,0.0,0.0,0.0,0.0,0.0,0.0,0.0,0.0,0.0,0.0,0.0,0.0,0.0
3784,0.0,0.0,0.0,0.0,0.0,0.0,0.0,0.0,0.0,0.0,0.0,0.0,0.0,0.0,0.0,0.0
3787,0.11561526358127594,0.29394352436065674,0.0,0.0,0.281986266374588,0.05289282649755478,0.0,0.0,0.11874178051948547,0.0,0.11334413290023804,0.0,0.0,0.12232799082994461,0.09085264056921005,0.05814475193619728
3789,0.0,0.0,0.0515281967818737,0.0,0.0,0.023331601172685623,0.0,0.0,0.0,0.0,0.0,0.0,0.0,0.0,0.0,0.0
3793,0.29836949706077576,0.06588920205831528,0.1465947926044464,0.6509777307510376,0.0,0.1022658571600914,0.39672648906707764,0.9963952302932739,0.0,0.0,0.0,0.0,0.0,0.81488037109375,0.24061980843544006,0.7005711793899536
3794,0.0,0.0,0.0,0.0,0.0,0.0,0.0,0.0,0.0,0.1844496726989746,0.0,0.0,0.0,0.0,0.0,0.0
3798,0.0,0.060087576508522034,0.0,0.7116219401359558,0.0,0.2502764165401459,0.2901060879230499,0.3020332455635071,0.04803112521767616,0.43141719698905945,0.0,0.0,0.8472294807434082,0.1893738955259323,0.0,0.8783122301101685
3800,0.0,0.8993051052093506,0.0,0.7816597819328308,0.6458969712257385,0.1168399527668953,0.5614020228385925,0.751728355884552,0.3549177348613739,0.2738613784313202,0.42979687452316284,0.0,0.6613964438438416,0.3981614112854004,0.7840097546577454,0.0
3802,0.0,0.6530659794807434,0.0,0.2991066575050354,0.0,0.0,0.0,0.0,0.0,0.0,0.0,0.0,0.0,0.0,0.27255386114120483,0.0
3804,0.0,0.1130128726363182,0.0,0.0,0.008227904327213764,0.03598850220441818,0.0,0.0038689258508384228,0.0,0.12965774536132812,0.0,0.0,0.0,0.0,0.0,0.01590905152261257
3806,0.0,0.003968108911067247,0.02732960879802704,0.0,0.01300438679754734,0.0,0.0,0.06782419234514236,0.0,0.0,0.0,0.1495707482099533,0.0,0.0,0.0,0.242689311504364
3807,0.0,0.0,0.0,0.0,0.0,0.0,0.0,0.0,0.0,0.0,0.0,0.0,0.0,0.0,0.0,0.0
3808,0.0,0.0,0.0,0.0,0.0,0.0,0.0,0.0,0.0,0.0,0.0,0.0,0.0,0.0,0.0,0.0
3814,0.0,0.0,0.0,0.0,0.0,0.0,0.0,0.0,0.0,0.0,0.0,0.0,0.0,0.0,0.0,0.0
3815,0.0,0.1992943435907364,0.0,0.0,0.0,0.0,0.19187861680984497,0.0,0.0,0.0,0.0,0.0,0.0,0.0,0.0,0.17504535615444183
3819,0.0,0.0,0.0,0.0,0.0,0.0,0.036713019013404846,0.0,0.0,0.0,0.0,0.0,0.0,0.0,0.0,0.0
3823,0.09975913912057877,0.04006796330213547,0.6543030738830566,0.03733571618795395,0.11330237984657288,0.0,0.023692909628152847,0.6000275015830994,0.17981134355068207,0.06703551113605499,0.09110716730356216,0.0,0.025103788822889328,0.5016829967498779,0.04430446773767471,0.20157401263713837
3824,0.0,0.0,0.0,0.0,0.0,0.0,0.0,0.0,0.0,0.0,0.0,0.0,0.0,0.0,0.0,0.0
3825,0.0321926549077034,0.0,0.0,0.0,0.12697617709636688,0.2323249727487564,0.0,0.14801599085330963,0.22615064680576324,0.0,0.0,0.24219636619091034,0.17009085416793823,0.08266852796077728,0.0,0.0
3826,0.0,0.0,0.0,0.0,0.0,0.0,0.0,0.0,0.0,0.0,0.0,0.0,0.0,0.0,0.0,0.07506083697080612
3827,0.0,0.15342357754707336,0.0,0.0,0.0,0.08086766302585602,0.044167716056108475,0.0,0.0,0.0461062490940094,0.0,0.554367184638977,0.0,0.0,0.0057600499130785465,0.0
3829,0.7679994106292725,0.4488469660282135,0.016579285264015198,0.14936426281929016,0.6340370774269104,0.7618290781974792,0.9254196882247925,0.5303395986557007,0.9435099959373474,0.6173659563064575,0.06478738784790039,0.34999629855155945,0.8684005737304688,0.9290580153465271,0.8954617977142334,0.8868748545646667
3831,0.0,0.0,0.0,0.0,0.0,0.0,0.0,0.0,0.0,0.0,0.0,0.0,0.0,0.0,0.0,0.0
3832,0.0,0.0,0.0,0.0,0.0,0.0,0.0,0.0,0.0,0.0,0.0,0.0,0.0,0.0,0.0,0.0
3835,0.0,0.0,0.0,0.0,0.0,0.0,0.0,0.0,0.0,0.15477220714092255,0.0,0.0,0.0,0.42977961897850037,0.0,0.1966947466135025
3840,0.0,0.0,0.0,0.0,0.0,0.0,0.0,0.0,0.0,0.0,0.0,0.0,0.0,0.10808633267879486,0.0,0.0
3846,0.0,0.0,0.0,0.0,0.0,0.0,0.0,0.0,0.6665189862251282,0.0,0.0,0.0,0.0,0.0,0.0,0.0
3848,0.0,0.19283552467823029,0.008682959713041782,0.0,0.01627410016953945,0.0838407427072525,0.06416042894124985,0.0,0.0,0.051973700523376465,0.007915849797427654,0.4745416045188904,0.0,0.0,0.0,0.0
3849,0.0,0.0,0.0,0.0,0.0,0.0,0.0,0.0,0.0,0.0,0.0,0.0,0.0,0.0,0.0,0.0
3853,0.0,0.0,0.0,0.0,0.0,0.0,0.0,0.0,0.0,0.0,0.0,0.0,0.0,0.0,0.0,0.0
3854,0.0,0.0,0.0,0.0,0.0,0.0,0.0,0.0,0.0,0.0,0.0,0.0,0.0,0.0,0.0,0.0
3858,0.0,0.0,0.0,0.022556273266673088,0.0,0.0,0.0,0.0,0.0,0.8848567605018616,0.0,0.0,0.35244619846343994,0.0,0.0,0.10427101701498032
3860,0.0,0.0,0.0,0.0,0.0,0.0,0.0,0.0,0.0,0.0,0.0,0.05370205268263817,0.0,0.0,0.0,0.0
3861,0.0,0.0,0.0,0.0,0.0,0.0,0.0,0.0,0.0,0.0,0.0,0.0,0.0,0.0,0.0,0.0
3863,0.999347984790802,0.5211910009384155,0.0,0.5865914225578308,0.30672526359558105,0.41089314222335815,0.1622072011232376,0.8352828025817871,0.0,0.05445196107029915,0.0,0.0,0.5384621620178223,0.030335715040564537,0.2504197061061859,0.8905694484710693
3866,0.0,0.0,0.0,0.0,0.0,0.0,0.0,0.0,0.0,0.0,0.0,0.0,0.0,0.0,0.0,0.0
3867,0.0,0.0,0.0,0.0,0.0,0.0,0.0,0.0,0.0,0.0,0.0,0.0,0.0,0.0,0.0,0.0
3868,0.0,0.0,0.0,0.0,0.0,0.0,0.0,0.0,0.0,0.0,0.0,0.0,0.0,0.0,0.0,0.0
3870,0.0,0.0,0.0,0.0,0.0,0.0,0.0,0.0,0.0,0.0,0.0,0.0,0.0,0.0,0.0,0.0
3871,0.0,0.0,0.0,0.0,0.0,0.0,0.0,0.0,0.0,0.0,0.0,0.0,0.0,0.0,0.0,0.0
3872,0.0,0.0,0.0,0.0,0.0,0.0,0.0,0.0,0.0,0.0,0.0,0.0,0.0,0.0,0.0,0.0
3875,0.0,0.08836094290018082,0.0,0.0,0.0,0.0,0.0,0.0,0.028202809393405914,0.5455522537231445,0.0,0.0,0.1360444575548172,0.4156176745891571,0.0,0.0
3878,0.0,0.0,0.0,0.0,0.0,0.0,0.0,0.0,0.0,0.0,0.0,0.0,0.0,0.0,0.0,0.0
3879,0.0,0.0,0.0,0.0,0.0,0.0,0.0,0.0,0.0,0.0,0.0,0.0,0.0,0.0,0.0,0.0
3880,0.0,0.0,0.0,0.0,0.0,0.0,0.0,0.0,0.0,0.0,0.0,0.0,0.0,0.0,0.0,0.0
3887,0.0,0.0,0.0,0.0,0.0,0.0,0.0,0.0,0.0,0.0,0.0,0.0,0.0,0.0,0.0,0.0
3894,0.23559854924678802,0.049772389233112335,0.8358073234558105,0.03484727442264557,0.4085922837257385,0.0,0.050703875720500946,0.32418158650398254,0.0,0.6281698942184448,0.0954589992761612,0.0,0.0,0.6030398607254028,0.14827165007591248,0.0
3895,0.0,0.05425477772951126,0.0,0.0,0.19818365573883057,0.0,0.0,0.0,0.0,0.009709999896585941,0.0,0.0,0.0,0.0,0.0,0.23914073407649994
3898,0.0,0.0,0.0,0.0,0.0,0.0,0.0,0.0,0.0,0.0,0.0,0.0,0.0,0.0,0.0,0.0
3899,0.07046923041343689,0.0,0.0,0.10186806321144104,0.0,0.0,0.27481263875961304,0.0,0.0,0.0,0.0,0.0,0.0,0.0,0.0,0.0
3900,0.11137484014034271,0.06662418693304062,0.0,0.0,0.3925131559371948,0.0,0.3680344223976135,0.0,0.0,0.023388616740703583,0.0,0.06641817092895508,0.0,0.015368624590337276,0.341956228017807,0.0
3902,0.0,0.0,0.0,0.008150909096002579,0.0,0.025626201182603836,0.013231818564236164,0.010782750323414803,0.10057462006807327,0.0,0.0,0.0,0.010532286018133163,0.0,0.010873454622924328,0.0
3904,0.0,0.0,0.0,0.0,0.0,0.0,0.0,0.0,0.0,0.0,0.0,0.0,0.0,0.0,0.0,0.0
3907,0.0,0.1889456957578659,0.025159120559692383,0.0,0.0,0.07949512451887131,0.04146476089954376,0.0,0.0,0.16743384301662445,0.0,0.5726767182350159,0.0,0.0,0.010862099938094616,0.0
3911,0.0,0.0,0.0,0.0,0.0,0.0,0.0,0.0,0.0,0.0,0.0,0.0,0.0,0.0,0.0,0.0
3913,0.2488376349210739,0.0,0.0,0.0,0.0,0.059121061116456985,0.0,0.0,0.3267117142677307,0.0,0.0,0.0,0.03972090780735016,0.0,0.0,0.29873794317245483
3915,0.0,0.04453602060675621,0.0,0.05816713720560074,0.0,0.0,0.0,0.0,0.0,0.6612781286239624,0.0,0.14012299478054047,0.7671056985855103,0.0,0.0,0.0
3917,0.0,0.0,0.0,0.0,0.0,0.12145649641752243,0.3962799906730652,0.0,0.654666006565094,0.0,0.0,0.0,0.0,0.0,0.0,0.021879665553569794
3918,0.03949332237243652,0.0,0.05695382133126259,0.32880765199661255,0.8681256175041199,0.5095990896224976,0.0,0.0,0.7492796182632446,0.6937566995620728,0.0,0.0,0.0,0.0,0.24232617020606995,0.25206121802330017
3920,0.0,0.0,0.0,0.0,0.0,0.0,0.0,0.0,0.0,0.0,0.0,0.0,0.0,0.0,0.0,0.0
3923,0.0,0.0,0.0,0.0,0.0,0.0,0.0,0.0,0.0,0.0,0.0,0.0,0.0,0.0,0.0,0.0
3926,0.08484814316034317,0.15136650204658508,0.0,0.0,0.27448585629463196,0.027689076960086823,0.0,0.1169646829366684,0.0,0.0,0.09807389974594116,0.11343877017498016,0.0,0.10810339450836182,0.0,0.0
3933,0.0,0.07639607787132263,0.017041046172380447,0.0,0.13219012320041656,0.0,0.0,0.0,0.0,0.0963958278298378,0.030344823375344276,0.0,0.0,0.0,0.06009524688124657,0.21623122692108154
3934,0.0,0.0,0.0,0.0,0.0,0.0,0.0,0.0,0.0,0.0,0.0,0.0,0.0,0.0,0.0,0.0
3935,0.17893493175506592,0.22583474218845367,0.8718002438545227,0.009900580160319805,0.41221755743026733,0.10192147642374039,0.02941257320344448,0.3493937849998474,0.0,0.47030237317085266,0.13347086310386658,0.0,0.0,0.6121718883514404,0.0,0.0
3939,0.0,0.0,0.0,0.0,0.0,0.0,0.0,0.0,0.0,0.0,0.0,0.0,0.0,0.0,0.0,0.0
3940,0.0,0.0,0.0,0.0,0.0,0.0,0.0,0.0,0.0,0.0,0.0,0.0,0.0,0.0,0.0,0.0
3943,0.24185940623283386,0.0,0.0,0.0,0.0,0.05981234833598137,0.0,0.0,0.0,0.0,0.0,0.020724399015307426,0.040636274963617325,0.0,0.0,0.0
3944,0.0,0.0,0.0,0.0,0.0,0.0,0.0,0.0,0.0,0.0,0.0,0.0,0.0,0.0,0.0,0.0
3946,0.0,0.0,0.0,0.0,0.0,0.0,0.0,0.0,0.0,0.0,0.0,0.0,0.0,0.0,0.0,0.0
3948,0.0,0.0,0.0,0.0,0.0,0.0,0.0,0.0,0.0,0.0,0.0,0.0,0.0,0.0,0.0,0.0
3949,0.0,0.0,0.0,0.0,0.0,0.0,0.0,0.0,0.0,0.0,0.0,0.0,0.0,0.0,0.0,0.0
3958,0.2397058755159378,0.0,0.0,0.0,0.0,0.060842059552669525,0.0,0.0,0.3630562424659729,0.0,0.0,0.017863599583506584,0.04167779162526131,0.0,0.0,0.0
3960,0.0,0.0,0.0,0.0,0.0,0.0,0.0,0.0,0.0,0.0,0.0,0.0,0.0,0.0,0.0,0.0
3963,0.0,0.0,0.0,0.0,0.0,0.0,0.0,0.0,0.0,0.0,0.0,0.0,0.0,0.0,0.0,0.0
3967,0.0,0.0,0.0,0.0,0.0,0.0,0.0,0.0,0.0,0.0,0.0,0.0,0.0,0.0,0.0,0.0
3974,0.0,0.0,0.0,0.0,0.0,0.0,0.0,0.0,0.0,0.0,0.0,0.0,0.0,0.0,0.0,0.0
3978,0.2422109991312027,0.0,0.0,0.0,0.0,0.05970735475420952,0.0,0.0,0.0,0.0,0.0,0.0,0.041523631662130356,0.0,0.0,0.0
3982,0.0,0.0,0.0,0.0,0.0,0.0,0.0,0.0,0.0,0.0,0.0,0.0,0.0,0.0,0.0,0.0
3985,0.0,0.0,0.0,0.0,0.0,0.0,0.0,0.0,0.0,0.0,0.0,0.0,0.0,0.0,0.0,0.0
3987,0.0,0.0,0.0,0.0,0.0,0.0,0.0,0.0,0.0,0.0,0.42264434695243835,0.0,0.0,0.2178177535533905,0.0,0.0
3988,0.0,0.0,0.0,0.0,0.0,0.0,0.0,0.0,0.0,0.0,0.0,0.0,0.0,0.0,0.0,0.0
3992,0.029465701431035995,0.2555471658706665,0.0,0.07381545752286911,0.09346271306276321,0.0,0.1692463606595993,0.0,0.0,0.027630416676402092,0.0,0.2335355132818222,0.20691423118114471,0.036801740527153015,0.12241220474243164,0.25456586480140686
3995,0.0,0.0,0.0,0.0,0.1162935420870781,0.0,0.0,0.0,0.0,0.0,0.0,0.0,0.0,0.0,0.0,0.0
3997,0.0,0.0,0.0,0.0,0.0,0.0,0.26085495948791504,0.0,0.0,0.20494167506694794,0.0,0.0,0.0,0.0,0.0,0.0
3998,0.0,0.0,0.0,0.0,0.0,0.0,0.0,0.0,0.0,0.0,0.0,0.0,0.0,0.0,0.0,0.0
4002,0.7727643847465515,0.9693212509155273,0.9354381561279297,0.7945839762687683,0.8794798851013184,0.6799273490905762,0.7344602942466736,0.8458253145217896,0.6399192810058594,0.923956573009491,0.544491708278656,0.5265098214149475,0.7354162931442261,0.0,0.8707209229469299,0.6929322481155396
4004,0.0,0.0,0.0,0.0,0.0,0.0,0.0,0.0,0.0,0.0,0.0,0.0,0.0,0.0,0.0,0.0
4008,0.0,0.0,0.37106600403785706,0.0,0.0,0.1828095018863678,0.0,0.0,0.21717000007629395,0.0,0.0,0.0,0.0,0.0,0.0,0.0
4010,0.0,0.0,0.0,0.07129579037427902,0.0,0.09282603114843369,0.08276577293872833,0.0,0.08847109973430634,0.0,0.1264381855726242,0.0,0.3024749755859375,0.0,0.1085267961025238,0.04941212385892868
4015,0.0,0.0,0.0,0.0,0.0,0.0,0.0,0.0,0.0,0.0,0.0,0.0,0.0,0.0,0.0,0.0
4018,0.0,0.0,0.0,0.0,0.0,0.0,0.0,0.0,0.0,0.0,0.0,0.0,0.0,0.0,0.0,0.0
4019,0.0,0.0,0.0,0.0,0.0,0.0,0.0,0.0,0.0,0.0,0.0,0.0,0.0,0.0,0.0,0.0
4025,0.0,0.0,0.0,0.0,0.0,0.0,0.0,0.0,0.0,0.0,0.0,0.0,0.0,0.0,0.0,0.0
4026,0.0,0.0,0.0,0.0,0.0,0.0,0.0,0.0,0.0,0.0,0.0,0.0,0.0,0.0,0.0,0.0
4027,0.0,0.0,0.0,0.0,0.0,0.0,0.0,0.0,0.0,0.0,0.0,0.0,0.0,0.0,0.0,0.0
4030,0.0,0.0,0.0,0.0,0.0,0.0,0.0,0.0,0.0,0.0,0.0,0.0,0.0,0.0,0.0,0.0
4041,0.0,0.0,0.0,0.0,0.0,0.0,0.0,0.0,0.0,0.8087047338485718,0.0,0.13148556649684906,0.0,0.62379390001297,0.0,0.0
4047,0.0,0.0,0.0,0.0,0.0,0.0,0.0,0.0,0.0,0.0,0.0,0.0,0.0,0.0,0.0,0.0
4051,0.0,0.0,0.0,0.0,0.0,0.0,0.0,0.0,0.0,0.0,0.0,0.0,0.0,0.0,0.0,0.0
4052,0.0,0.0,0.0,0.0,0.0,0.0,0.0,0.0,0.0,0.0,0.0,0.0,0.0,0.0,0.0,0.0
4059,0.0,0.3667011260986328,0.0,0.5288345217704773,0.0,0.0,0.0,0.0,0.0,0.0,0.0,0.0,0.0,0.0,0.0,0.0
4060,0.0,0.0765409991145134,0.0,0.6162358522415161,0.0,0.7878238558769226,0.0,0.04363736882805824,0.7199399471282959,0.1262204349040985,0.21074150502681732,0.19418089091777802,0.12570807337760925,0.0,0.0802140012383461,0.47363099455833435
4062,0.0,0.0,0.0,0.0,0.0,0.0,0.0,0.0,0.0,0.0,0.0,0.0,0.0,0.0,0.0,0.0
4064,0.0,0.0,0.6831650137901306,0.0,0.0,0.2315720021724701,0.0,0.0,0.0,0.0,0.0,0.0,0.0,0.0,0.0,0.16719448566436768
4066,0.0,0.0,0.0,0.5918456315994263,0.0,0.0,0.0,0.0,0.0,0.0,0.0,0.0,0.0,0.0,0.0,0.0
4071,0.13519644737243652,0.0,0.0,0.0,0.06972480565309525,0.0903705582022667,0.0,0.12967783212661743,0.0,0.0,0.02836507558822632,0.0,0.0,0.0,0.0,0.1230446919798851
4086,0.0,0.0,0.0,0.0,0.0,0.0,0.0,0.0,0.0,0.0,0.0,0.0,0.0,0.0,0.0,0.0
4121,0.0,0.0,0.0,0.0,0.0,0.25957998633384705,0.0,0.0,0.0,0.0,0.0,0.0,0.0,0.0,0.0,0.0
4145,0.0,0.0,0.0,0.0,0.0,0.0,0.0,0.0,0.0,0.0,0.0,0.0,0.0,0.0,0.0,0.0
4222,0.0,0.0,0.03986107185482979,0.10860776156187057,0.0,0.0,0.14177700877189636,0.0,0.15999552607536316,0.13010364770889282,0.20256781578063965,0.096733957529068,0.31247031688690186,0.0,0.0,0.05738922953605652
4231,0.0,0.0,0.0,0.0,0.0,0.0,0.0,0.0,0.0,0.0,0.0,0.0,0.0,0.0,0.0,0.0
4267,0.0,0.0,0.0,0.0,0.0,0.0,0.0,0.0,0.0,0.0,0.0,0.0,0.0,0.0,0.0,0.0
4268,0.22549931704998016,0.0,0.0,0.0,0.0,0.18438582122325897,0.0,0.0702274888753891,0.0,0.0,0.0,0.0,0.1604880541563034,0.0,0.0,0.19107092916965485
4269,0.0,0.0,0.0,0.0,0.0,0.0,0.19124062359333038,0.0,0.0,0.0,0.0,0.0,0.022252298891544342,0.21158120036125183,0.0,0.0
4270,0.0,0.19063745439052582,0.019548315554857254,0.05603379011154175,0.0,0.12931860983371735,0.0,0.0,0.0,0.21541565656661987,0.19270706176757812,0.11410139501094818,0.0,0.0,0.09359364956617355,0.0
4271,0.0,0.0,0.0,0.0,0.29228198528289795,0.0,0.0,0.11256331205368042,0.0,0.0,0.0,0.10353261232376099,0.27244728803634644,0.0,0.0,0.09922199696302414
4295,0.0,0.0,0.8881269097328186,0.0,0.8659456968307495,0.0,0.0,0.0,0.0,0.8216577768325806,0.0,0.0,0.7640112638473511,0.0,0.31824275851249695,0.40557095408439636
4296,0.0,0.0,0.0,0.0,0.0,0.0,0.0,0.0,0.0,0.0,0.0,0.0,0.0,0.0,0.0,0.0
4302,0.0,0.03402193263173103,0.0,0.0,0.0,0.051913872361183167,0.24218426644802094,0.18341980874538422,0.0,0.158292755484581,0.0,0.0,0.0,0.0,0.0,0.0
4316,0.0,0.0,0.07911630719900131,0.0,0.6706221699714661,0.3366905748844147,0.0,0.0,0.19011829793453217,0.0,0.0,0.03417620062828064,0.0,0.15001849830150604,0.1309475600719452,0.07950737327337265
4317,0.3290506899356842,0.8270036578178406,0.0,0.0,0.0,0.0,0.0,0.0,0.0,0.0,0.9748430252075195,0.0,0.0,0.0,0.18179656565189362,0.0
4324,0.0,0.0,0.0,0.2721160054206848,0.0,0.1997465193271637,0.0,0.1664659082889557,0.16811400651931763,0.2164909690618515,0.13502441346645355,0.0,0.0,0.0,0.0,0.0
4353,0.0,0.7877148389816284,0.9907314777374268,0.5166839957237244,0.0,0.9453237056732178,0.0,0.9987266659736633,0.0,0.0,0.0,0.0402078740298748,0.0,0.0,0.0,0.0
4357,0.0,0.1934073120355606,0.018165208399295807,0.00889550056308508,0.0,0.10037242621183395,0.04871919006109238,0.0,0.0,0.16311416029930115,0.01615780033171177,0.6075562238693237,0.0,0.0,0.006523800082504749,0.0
4395,0.02945571579039097,0.0,0.0,0.0,0.0,0.0,0.0,0.0,0.24140267074108124,0.0,0.0,0.0,0.0,0.0,0.0,0.0
4473,0.0,0.6632389426231384,0.5185903906822205,0.16887040436267853,0.025226544588804245,0.0,0.4207015037536621,0.0,0.0,0.0,0.4059865474700928,0.06176438927650452,0.3543226420879364,0.0,0.0,0.24178466200828552
4480,0.0,0.0,0.0,0.0,0.0,0.0,0.0,0.0,0.0,0.0,0.0,0.0,0.0,0.0,0.0,0.0
4512,0.0,0.0,0.0,0.0,0.0,0.0,0.0,0.0,0.0,0.0,0.0,0.0,0.0,0.0,0.0,0.0
4515,0.0,0.0,0.0,0.0,0.0,0.0,0.0,0.0,0.0,0.0,0.0,0.0,0.0,0.0,0.0,0.021554334089159966
4516,0.0,0.0,0.0,0.0,0.0,0.0,0.0,0.0,0.0,0.0,0.0,0.0,0.0,0.0,0.0,0.0
4524,0.0,0.0,0.0,0.0,0.0,0.0,0.0,0.0,0.0,0.0,0.0,0.0,0.0,0.0,0.0,0.0
4525,0.0,0.07316768169403076,0.0,0.0,0.0,0.011299538426101208,0.0,0.0,0.0,0.0,0.0,0.0,0.0,0.07373480498790741,0.0,0.0
4529,0.0,0.0,0.0,0.0,0.0,0.0,0.0,0.0,0.0,0.0,0.0,0.0,0.0,0.0,0.0,0.0
4549,0.0,0.0,0.0,0.0,0.0,0.5716644525527954,0.0,0.0,0.0,0.0,0.0,0.0,0.0,0.0,0.0,0.0
4558,0.0,0.0,0.0,0.0,0.0,0.0,0.0,0.0,0.0,0.0,0.0,0.0,0.0,0.0,0.0,0.0
4567,0.0,0.0,0.0,0.0,0.0,0.0,0.0,0.0,0.0,0.0,0.0,0.0,0.0,0.0,0.0,0.0
4596,0.0,0.0,0.0,0.0,0.0,0.0,0.0,0.0,0.0,0.0,0.0,0.0,0.0,0.0,0.0,0.0
4599,0.0,0.0,0.0,0.0,0.0,0.0,0.0,0.0,0.0,0.0,0.0,0.0,0.0,0.0,0.0,0.0
4600,0.0,0.0032277393620461226,0.012189391069114208,0.0,0.0,0.0,0.021466294303536415,0.0,0.0,0.0,0.0019034737488254905,0.06732099503278732,0.0,0.011997450143098831,0.0,0.020111998543143272
4601,0.0,0.0,0.0,0.0,0.0,0.0,0.0,0.0,0.0,0.0,0.0,0.0,0.0,0.0,0.0,0.0
4602,0.0,0.0,0.0,0.0,0.0,0.0,0.0,0.0,0.0,0.0,0.0,0.0,0.0,0.0,0.0,0.0
