,0,1,2,3,4,5,6,7,8,9,10,11,12,13,14,15
0,0.0,0.0,0.0,0.0,0.12997600436210632,0.0,0.0,0.0,0.0,0.0,0.0,0.0,0.0,0.0,0.0,0.0
1,0.0,0.0,0.0,0.0,0.0,0.0,0.0,0.0,0.0,0.0,0.0,0.6313849687576294,0.0,0.0,0.0,0.0
3,0.0,0.0,0.0,0.0,0.0,0.0,0.0,0.0,0.0,0.0,0.07317673414945602,0.0,0.9905712604522705,0.0,0.10507328808307648,0.18475089967250824
7,0.0,0.0,0.0,0.0,0.0,0.0,0.0,0.0,0.0,0.0,0.0,0.0,0.0,0.0,0.0,0.0
20,0.0,0.0,0.0,0.0,0.0,0.0,0.0,0.0,0.0,0.0,0.0,0.0,0.0,0.0,0.0,0.0
31,0.9995653033256531,0.9984560012817383,0.9757300615310669,0.0,0.9470997452735901,0.9993463754653931,0.9977146983146667,0.9978833198547363,0.8197623491287231,0.9990323781967163,0.9983839988708496,0.9965595006942749,0.9982784986495972,0.9967384934425354,0.9956846237182617,0.9272463321685791
37,0.7972569465637207,0.6334824562072754,0.5584395527839661,0.0,0.5726108551025391,0.8201768398284912,0.6082978248596191,0.9224810600280762,0.8704125881195068,0.7953871488571167,0.6894052028656006,0.0,0.6889115571975708,0.896416962146759,0.6771508455276489,0.6923012137413025
41,0.0,0.0,0.0,0.0,0.0,0.0,0.0,0.0,0.0,0.0,0.0,0.0,0.0,0.0,0.0,0.0
43,0.0,0.0,0.0,0.0,0.0,0.0,0.0,0.0,0.0,0.0,0.0,0.0,0.0,0.0,0.0,0.0
46,0.0,0.0,0.0,0.0,0.0,0.0,0.0,0.0,0.0,0.0,0.0,0.0,0.0,0.0,0.0,0.0
48,0.0,0.7721626162528992,0.7550226449966431,0.6248534917831421,0.0,0.0,0.0,0.5151066184043884,0.0,0.7251842617988586,0.0,0.0,0.6809972524642944,0.0,0.6858726143836975,0.0
49,0.0,0.0,0.0,0.0,0.0,0.0,0.0,0.0,0.0,0.0,0.0,0.0,0.0,0.0,0.0,0.0
51,0.0,0.0,0.0,0.042668748646974564,0.0,0.0,0.0,0.0,0.0,0.574352502822876,0.0,0.0,0.0,0.0,0.0,0.1879819929599762
54,0.0,0.0,0.14986300468444824,0.21762500703334808,0.0,0.0,0.0,0.0,0.0,0.0,0.0,0.0,0.056801002472639084,0.0,0.0,0.16941332817077637
58,0.0,0.0,0.0,0.0,0.0,0.0,0.0,0.0,0.0,0.0,0.0,0.0,0.0,0.0,0.0,0.0
89,0.02464655600488186,0.0,0.25416067242622375,0.0,0.0,0.0,0.18524368107318878,0.0,0.009581875056028366,0.0,0.0,0.37882199883461,0.0,0.0,0.0,0.00857444480061531
95,0.0,0.0,0.0,0.0,0.0,0.0,0.019503142684698105,0.0,0.0,0.0,0.0,0.0,0.0,0.0,0.0,0.0
99,0.0,0.0,0.0,0.0,0.0,0.0,0.0,0.0,0.0,0.0,0.0,0.0,0.0,0.0,0.0,0.0
104,0.0,0.0,0.0,0.0,0.0,0.0,0.00532100023701787,0.0,0.0,0.0,0.0,0.0,0.0,0.0,0.0,0.0
106,0.0,0.0,0.45821768045425415,0.8970580101013184,0.0,0.9825819730758667,0.9650090336799622,0.9020523428916931,0.9767720103263855,0.7168340086936951,0.9975470304489136,0.0,0.8956015110015869,0.9866864681243896,0.9977080225944519,0.9798234701156616
115,0.0,0.0,0.0,0.0,0.0,0.0,0.0,0.0,0.0,0.0,0.0,0.0,0.0,0.0,0.0,0.0
118,0.0,0.0,0.0,0.0,0.0,0.0,0.0,0.0,0.0,0.0,0.0,0.0,0.0,0.0,0.0,0.0
123,0.0,0.0,0.0,0.0,0.0,0.0,0.0,0.0,0.0,0.0,0.0,0.0,0.0,0.0,0.0,0.0
126,0.0,0.0,0.0,0.0,0.0,0.0,0.0,0.0,0.0,0.0,0.0,0.0,0.0,0.0,0.0,0.0
132,0.999840497970581,0.9321176409721375,0.9022644758224487,0.9999514818191528,0.9566322565078735,0.9474340081214905,0.9947037696838379,0.9577783346176147,0.9855034947395325,0.9961752891540527,0.869441032409668,0.952899694442749,0.9808640480041504,0.9318010210990906,0.0,0.9996713399887085
170,0.0,0.0,0.0,0.0,0.0,0.0,0.0,0.0,0.0,0.0,0.0,0.0,0.0,0.0,0.0,0.0
173,0.0,0.0,0.0,0.0,0.0,0.0,0.0,0.0,0.0,0.0,0.0,0.0,0.0,0.0,0.0,0.0
186,0.14980649948120117,0.1500449925661087,0.4098312556743622,0.2616436183452606,0.13595759868621826,0.0479465015232563,0.694113552570343,0.06897424906492233,0.1366882622241974,0.4850904941558838,0.26794150471687317,0.014108249917626381,0.018936000764369965,0.5941962003707886,0.17282825708389282,0.060880497097969055
191,0.1849524974822998,0.049467749893665314,0.10762300342321396,0.2953539788722992,0.3922872543334961,0.0,0.3365730047225952,0.04605533182621002,0.07088200002908707,0.21056774258613586,0.16866850852966309,0.0,0.2816700041294098,0.03231475129723549,0.12442750483751297,0.34568774700164795
202,0.0,0.0,0.0,0.0,0.0,0.0,0.0,0.0,0.0,0.0,0.0,0.0,0.0,0.0,0.0,0.0
211,0.0,0.0,0.0,0.0,0.0,0.0,0.0,0.0,0.0,0.0,0.0,0.0,0.0,0.0,0.0,0.0
213,0.0,0.0,0.0,0.0,0.0,0.0,0.14645099639892578,0.07815822958946228,0.24859470129013062,0.0,0.0,0.0,0.11601930856704712,0.0,0.16596409678459167,0.0
224,0.0,0.0,0.0,0.0,0.0,0.0,0.0,0.0,0.0,0.0,0.0,0.0,0.0,0.0,0.0,0.0
248,0.0,0.0,0.0,0.0,0.0,0.0,0.0,0.0,0.0,0.0,0.0,0.0,0.0,0.0,0.0,0.0
250,0.3375965654850006,0.5045074224472046,0.8094143271446228,0.9658657312393188,0.0,0.06772400438785553,0.0,0.1194072961807251,0.03428100049495697,0.0,0.19767817854881287,0.03527600318193436,0.0,0.04788857325911522,0.0,0.0
253,0.0,0.0,0.0,0.0,0.0,0.0,0.0,0.0,0.0,0.0,0.0,0.0,0.0,0.0,0.0,0.0
254,0.0,0.0,0.0,0.0,0.0,0.0,0.0,0.0,0.0,0.0,0.0,0.0,0.0,0.0,0.0,0.0
256,0.0,0.0,0.0,0.0,0.0,0.0,0.0,0.0,0.0,0.0,0.0,0.0,0.0,0.0,0.0,0.0
258,0.0,0.05644214525818825,0.2645607590675354,0.07948534190654755,0.08885038644075394,0.059402238577604294,0.0,0.0,0.0,0.0,0.0,0.0,0.0,0.0,0.22555595636367798,0.20364245772361755
262,0.2890922725200653,0.0,0.0,0.0,0.2601034343242645,0.0,0.0,0.039041001349687576,0.0,0.0,0.0,0.0,0.0,0.15435940027236938,0.37088167667388916,0.0
266,0.16934171319007874,0.10520931333303452,0.2871876358985901,0.1959158480167389,0.0,0.16794058680534363,0.0,0.0,0.0,0.0,0.0,0.10194163769483566,0.14883431792259216,0.0,0.11502177268266678,0.0
271,0.0,0.0,0.0,0.0,0.0,0.0,0.0,0.0,0.0,0.0,0.0,0.0,0.0,0.0,0.0,0.0
275,0.0,0.0,0.0,0.0,0.0,0.0,0.0,0.0,0.0,0.0,0.0,0.0,0.0,0.0,0.0,0.0
281,0.0,0.0,0.0,0.0,0.0,0.0,0.0,0.0,0.0,0.022980667650699615,0.4690375030040741,0.0,0.0,0.3498989939689636,0.0,0.0
283,0.0,0.0,0.0,0.0,0.0,0.0,0.0,0.0,0.0,0.0,0.0,0.0,0.0,0.0,0.0,0.0
284,0.0,0.0,0.0,0.0,0.0,0.0,0.0,0.0,0.0,0.0,0.0,0.0,0.0,0.08355533331632614,0.0,0.0
288,0.0,0.0,0.0,0.0,0.0,0.0,0.0,0.0,0.0,0.0,0.0,0.0,0.0,0.0,0.0,0.0
292,0.0,0.0,0.0,0.0,0.0,0.0,0.0,0.0,0.0,0.0,0.1092349961400032,0.0,0.0,0.0,0.0,0.0
296,0.0,0.0,0.0,0.0,0.0,0.0,0.0,0.0,0.0,0.0,0.0,0.0,0.0,0.0,0.0,0.0
313,0.0,0.0,0.0,0.0,0.0,0.0,0.0,0.0,0.0,0.0,0.0,0.0,0.0,0.0,0.0,0.0
316,0.0,0.0,0.0,0.0,0.0,0.0,0.0,0.0,0.0,0.0,0.0,0.0,0.0,0.0,0.0,0.0
324,0.0,0.0,0.0,0.0,0.0,0.0,0.0,0.0,0.0,0.0,0.0,0.0,0.0,0.0,0.0,0.0
326,0.0,0.0,0.0,0.0,0.0,0.0,0.0,0.0,0.0,0.0,0.0,0.0,0.0,0.0,0.0,0.0
346,0.1618500053882599,0.4497389793395996,0.32777848839759827,0.0,0.651095986366272,0.4941946864128113,0.9784499406814575,0.3879320025444031,0.86456298828125,0.3779959976673126,0.32940950989723206,0.5585309863090515,0.9091165065765381,0.9987767338752747,0.9798809885978699,0.3676759898662567
351,0.0,0.0,0.0,0.0,0.0,0.6214281320571899,0.0062779998406767845,0.07293357700109482,0.3071589171886444,0.0,0.1963304579257965,0.0,0.0,0.27076441049575806,0.0,0.0
355,0.0,0.0,0.0,0.0,0.0,0.0,0.0,0.0,0.0,0.0,0.0,0.0,0.0,0.0,0.0,0.0
361,0.0,0.0,0.0,0.0,0.0,0.0,0.0,0.0,0.0,0.0,0.0,0.0,0.0,0.0,0.0,0.0
368,0.0,0.0,0.0,0.0,0.0,0.0,0.0,0.0,0.0,0.0,0.0,0.0,0.0,0.0,0.0,0.0
369,0.0,0.0,0.0,0.9818154573440552,0.6825587749481201,0.43337249755859375,0.8282090425491333,0.5960220694541931,0.6545950174331665,0.4126170873641968,0.7477617263793945,0.7323085069656372,0.6905763745307922,0.5137838125228882,0.5602301955223083,0.4775199890136719
374,0.0,0.0,0.0,0.0,0.0,0.0,0.0,0.0,0.0,0.0,0.0,0.0,0.0,0.0,0.0,0.0
385,0.0,0.0,0.0,0.0,0.0,0.0,0.0,0.0,0.0,0.0,0.053011536598205566,0.0,0.0,0.0,0.0,0.0
388,0.23482771217823029,0.4308638274669647,0.39320433139801025,0.0,0.0,0.03537620231509209,0.04395873472094536,0.0,0.7088786363601685,0.4393227994441986,0.0,0.37144920229911804,0.11288885772228241,0.017864890396595,0.0,0.3027418851852417
398,0.46510228514671326,0.02456038072705269,0.45636504888534546,0.0,0.0,0.0,0.0,0.0,0.25448018312454224,0.6607645153999329,0.30462846159935,0.0,0.15415772795677185,0.32639485597610474,0.10502874851226807,0.0
406,0.01617559976875782,0.0,0.0,0.7302515506744385,0.030013499781489372,0.6796239614486694,0.0,0.3719361424446106,0.34882301092147827,0.6634323596954346,0.609312891960144,0.0,0.0,0.5653784275054932,0.0,0.7584067583084106
407,0.0,0.0,0.0,0.0,0.0,0.0,0.0,0.0,0.0,0.0,0.0,0.0,0.0,0.0,0.0,0.0
408,0.0,0.0,0.0,0.0,0.0,0.0,0.0,0.0,0.0,0.0,0.0,0.0,0.0,0.0,0.0,0.0
420,0.0,0.0,0.0,0.0,0.0,0.0,0.49689650535583496,0.0,0.0,0.0,0.0,0.0,0.0,0.0,0.0,0.0
421,0.0,0.0,0.0,0.0,0.0,0.0,0.0,0.0,0.0,0.0,0.0,0.0,0.0,0.0,0.0,0.0
426,0.2620733678340912,0.06231014430522919,0.4119093418121338,0.09325355291366577,0.23187440633773804,0.04900600016117096,0.0,0.11262857913970947,0.6135379672050476,0.0,0.39977365732192993,0.0,0.0,0.017999332398176193,0.3339637219905853,0.020408933982253075
428,0.1757567673921585,0.9894574880599976,0.7644928097724915,0.9291868805885315,0.7591121196746826,0.745843231678009,0.7362220287322998,0.753717303276062,0.7101311087608337,0.8397088050842285,0.9195823669433594,0.5901222229003906,0.0,0.785038411617279,0.7740960121154785,0.6937594413757324
430,0.0,0.0,0.01921374909579754,0.0,0.0538100004196167,0.0,0.014944500289857388,0.0,0.0,0.025216002017259598,0.0,0.0,0.0,0.0,0.0,0.0
435,0.7096380591392517,0.012174144387245178,0.8432486057281494,0.9063163995742798,0.8293818831443787,0.8586069345474243,0.8413481712341309,0.9640687704086304,0.6995733976364136,0.8250654935836792,0.886724591255188,0.7337548136711121,0.0,0.8258594274520874,0.5417332649230957,0.656015932559967
438,0.0,0.0,0.0,0.0,0.0,0.0,0.0,0.0,0.0,0.0,0.0,0.0,0.0,0.0,0.0,0.0
443,0.04597816988825798,0.0,0.04551168903708458,0.04494601488113403,0.01967758871614933,0.026577329263091087,0.02527441456913948,0.0,0.009345036000013351,0.015377499163150787,0.0,0.014773577451705933,0.0,0.037699516862630844,0.04061692953109741,0.012268501333892345
447,0.0,0.0,0.0,0.0,0.0,0.0,0.0,0.0,0.0,0.0,0.0,0.0,0.0,0.0,0.0,0.0
449,0.0,0.0,0.0,0.6477628946304321,0.0,0.6178682446479797,0.795339047908783,0.0,0.0,0.5255561470985413,0.9128704071044922,0.0,0.8411734700202942,0.0,0.0,0.0
452,0.03072740137577057,0.0,0.0,0.0,0.0,0.0,0.0,0.0,0.0,0.0,0.0,0.0,0.0,0.0,0.0,0.0
464,0.0,0.0,0.0,0.0,0.0,0.0,0.0,0.0,0.0,0.0,0.0,0.0,0.0,0.0,0.0,0.0
467,0.0,0.0,0.0,0.0,0.0,0.0,0.0,0.0,0.0,0.15541239082813263,0.0,0.0,0.0,0.0,0.0,0.0
469,0.0,0.8044300079345703,0.0,0.0,0.0,0.0,0.0,0.0,0.0,0.0,0.0,0.0,0.05731799826025963,0.0,0.0,0.0
470,0.8513631820678711,0.8193382620811462,0.9298524856567383,0.0,0.6676428914070129,0.0,0.7559435367584229,0.11351879686117172,0.7067500352859497,0.0,0.3188032805919647,0.0,0.7987868785858154,0.0,0.0,0.0
474,0.0,0.0,0.0,0.0,0.0,0.0,0.0,0.0,0.0,0.0,0.0,0.0,0.0,0.0,0.0,0.0
477,0.0,0.0,0.0,0.0,0.0,0.0,0.0,0.0,0.0,0.0,0.0,0.0,0.0,0.0,0.0,0.0
479,0.0,0.0,0.0,0.0,0.0,0.0,0.0,0.0,0.0,0.0,0.0,0.0,0.0,0.0,0.0,0.0
480,0.007305375300347805,0.0,0.21821671724319458,0.21575479209423065,0.013862897641956806,0.025877710431814194,0.0,0.042300112545490265,0.0,0.004836863838136196,0.0,0.04559725895524025,0.0,0.10224153101444244,0.03314066678285599,0.02505379728972912
481,0.0,0.9991136789321899,0.7889206409454346,0.24422968924045563,0.7170726656913757,0.6962836384773254,0.04970037564635277,0.953384518623352,0.8889217376708984,0.7419881820678711,0.4059496223926544,0.7026224732398987,0.9822143912315369,0.822307288646698,0.5689473748207092,0.7504540085792542
487,0.0,0.0,0.0,0.0,0.0,0.0,0.0,0.0,0.0,0.0,0.0,0.0,0.0,0.08469799906015396,0.0,0.0
494,0.0,0.0,0.0,0.0,0.0,0.0,0.0,0.0,0.0,0.0,0.0,0.0,0.0,0.0,0.0,0.0
496,0.0,0.0,0.0,0.0,0.0,0.0,0.099517822265625,0.0,0.0,0.049260541796684265,0.0,0.0,0.0,0.0,0.0,0.0
505,0.0,0.0,0.0,0.0,0.0,0.0,0.0,0.0,0.0,0.0,0.0,0.0,0.0,0.0,0.0,0.0
513,0.0,0.0,0.0,0.0,0.0,0.0,0.0,0.0,0.0,0.0,0.0,0.0,0.0,0.0,0.0,0.0
518,0.0,0.0,0.0,0.0,0.0,0.0,0.0,0.0,0.0,0.0,0.0,0.0,0.0,0.0,0.0,0.0
520,0.07102590054273605,0.06987418979406357,0.021276595070958138,0.0,0.03529472276568413,0.0,0.03448275849223137,0.035063523799180984,0.09090909361839294,0.021405743435025215,0.051677998155355453,0.0,0.0,0.02687244862318039,0.11750784516334534,0.04287860915064812
521,0.0,0.22145943343639374,0.0,0.0,0.0,0.0,0.0,0.23657800257205963,0.29945898056030273,0.0,0.0,0.0,0.0,0.0,0.0,0.0
531,0.0,0.0,0.0,0.0,0.0,0.0,0.0,0.0,0.0,0.0,0.0,0.0,0.0,0.0,0.0,0.0
545,0.0,0.0,0.0,0.0,0.0,0.0,0.0,0.0,0.0,0.0,0.0,0.0,0.0,0.10490288585424423,0.18638500571250916,0.15220700204372406
547,0.0,0.0,0.0,0.0,0.0,0.0,0.0,0.0,0.0,0.0,0.0,0.0,0.0,0.0,0.0,0.0
554,0.18381300568580627,0.0,0.0,0.0,0.20070692896842957,0.4832477867603302,0.447931706905365,0.0,0.0,0.4714644253253937,0.668169379234314,0.3792804777622223,0.0,0.5076951384544373,0.0,0.0
555,0.0,0.0,0.0,0.0,0.0,0.0,0.0,0.0,0.0,0.0,0.0,0.0,0.0,0.0,0.0,0.0
557,0.0,0.0,0.0,0.0,0.0,0.0,0.0,0.9795149564743042,0.15825028717517853,0.0,0.0,0.0,0.0,0.0,0.980816125869751,0.0
561,0.0,0.0,0.0,0.0,0.0,0.0,0.0,0.0,0.0,0.0,0.0,0.0,0.0,0.0,0.0,0.0
568,0.0,0.0,0.0,0.0,0.0,0.0,0.0,0.0,0.0,0.0,0.0,0.0,0.0,0.0,0.0,0.0
570,0.0,0.0,0.0,0.0,0.0,0.0,0.0,0.0,0.0,0.0,0.0,0.0,0.0,0.0,0.0,0.0
577,0.0,0.0,0.0,0.0,0.0,0.0,0.0,0.0,0.0,0.0,0.0,0.0,0.0,0.0,0.0,0.0
588,0.0,0.0,0.0,0.0,0.0,0.0,0.0,0.0,0.0,0.0,0.0,0.0,0.0,0.0,0.0,0.0
603,0.0,0.0,0.0,0.0,0.0,0.0,0.0,0.0,0.0,0.0,0.0,0.0,0.0,0.0,0.0,0.0
613,0.0,0.0,0.4023585319519043,0.0,0.0,0.0,0.0,0.0,0.0,0.0,0.0,0.0,0.25080132484436035,0.0,0.6901671886444092,0.4159447252750397
622,0.48375576734542847,0.0,0.1239112839102745,0.011613374575972557,0.42691683769226074,0.0,0.3497404158115387,0.014088000170886517,0.0,0.0193188339471817,0.02274188958108425,0.4866293966770172,0.3703276813030243,0.0,0.1750333309173584,0.23152250051498413
635,0.0,0.0,0.0,0.0,0.0,0.0,0.0,0.0,0.0,0.0,0.0,0.0,0.0,0.0,0.0,0.0
643,0.0,0.0,0.0,0.0,0.0,0.0,0.0,0.0,0.0,0.0,0.0,0.0,0.0,0.0,0.0,0.0
653,0.0,0.0,0.0,0.0,0.0,0.0,0.061444997787475586,0.0,0.0,0.0,0.0,0.0,0.0,0.0,0.330384761095047,0.0
661,0.2301863580942154,0.750582754611969,0.3269194960594177,0.08953458070755005,0.40116244554519653,0.24569712579250336,0.7079249620437622,0.5158603191375732,0.7769290208816528,0.531576931476593,0.8682994842529297,0.35848912596702576,0.8528786897659302,0.511874794960022,0.029173031449317932,0.8542000651359558
662,0.0,0.02744370698928833,0.0,0.10002283751964569,0.0,0.22957108914852142,0.10704319924116135,0.6706200838088989,0.0,0.0,0.04929869621992111,0.44272667169570923,0.0,0.27227315306663513,0.0,0.09073600172996521
664,0.0,0.0,0.0,0.0,0.0,0.0,0.0,0.0,0.0,0.0,0.0,0.0,0.0,0.0,0.0,0.0
677,0.0,0.0,0.0,0.0,0.0,0.0,0.0,0.0,0.0,0.0,0.0,0.0,0.0,0.0,0.0,0.0
678,0.0,0.0,0.08689849823713303,0.0,0.0,0.0,0.0,0.0,0.0,0.0,0.1521390974521637,0.0,0.0,0.0,0.15328016877174377,0.0
680,0.0,0.1820961833000183,0.048074498772621155,0.0,0.0,0.1478354036808014,0.30979546904563904,0.0,0.0,0.0,0.0,0.0,0.0,0.0,0.0,0.0
681,0.0,0.6579184532165527,0.0,0.041936904191970825,0.0,0.6262309551239014,0.0,0.0,0.0,0.12107103317975998,0.741760790348053,0.06001792848110199,0.13403311371803284,0.0,0.19140663743019104,0.565028965473175
684,0.14083628356456757,0.14761491119861603,0.0,0.0,0.0,0.12736113369464874,0.0,0.0,0.0,0.3681560456752777,0.0,0.18348272144794464,0.22850301861763,0.0,0.0,0.0
689,0.0,0.0,0.0,0.0,0.0,0.0,0.0,0.0,0.0,0.0,0.0,0.0,0.0,0.0,0.0,0.0
695,0.063208669424057,0.0,0.0,0.0,0.0,0.0,0.0,0.0,0.017691800370812416,0.0,0.0,0.0,0.0,0.0,0.0,0.0
704,0.0,0.0,0.0,0.0,0.0,0.0,0.0,0.0,0.0,0.0,0.0,0.0,0.0,0.0,0.0,0.0
724,0.0,0.0,0.0,0.0,0.0,0.0,0.0,0.0,0.0,0.0,0.0,0.0,0.0,0.0,0.0,0.0
725,0.0,0.5240466594696045,0.01590449921786785,0.0,0.0,0.0,0.21551986038684845,0.0,0.0,0.0,0.0,0.0,0.6149579882621765,0.0,0.0,0.0
731,0.0,0.0,0.0,0.0,0.0,0.0,0.0,0.0,0.0,0.0,0.0,0.0,0.0,0.0,0.0,0.0
737,0.0,0.0,0.0,0.0,0.0,0.0,0.0,0.0,0.0,0.0,0.0,0.0,0.0,0.0,0.0,0.0
738,0.0,0.0,0.0,0.0,0.0,0.0,0.0,0.0,0.0,0.0,0.0,0.0,0.0,0.0,0.0,0.0
751,0.0,0.0,0.0,0.0,0.0,0.0,0.0,0.0,0.0,0.0,0.0,0.0,0.0,0.013395200483500957,0.0,0.014257400296628475
753,0.522882342338562,0.6856105923652649,0.5091392397880554,0.0,0.6200915575027466,0.5841893553733826,0.6749614477157593,0.6107828617095947,0.6515443921089172,0.8840525150299072,0.7262828946113586,0.6745219230651855,0.5851900577545166,0.7851190567016602,0.7913670539855957,0.7099578976631165
755,0.0,0.0,0.0,0.0,0.0,0.0,0.0,0.0,0.0,0.0,0.0,0.0,0.0,0.0,0.0,0.0
761,0.0,0.0,0.0,0.0,0.0,0.0,0.0,0.0,0.0,0.0,0.0,0.0,0.0,0.0,0.0,0.0
762,0.0,0.0,0.0,0.0,0.0,0.0,0.0,0.0,0.0,0.0,0.0,0.0,0.0,0.0,0.0,0.0
766,0.1764875054359436,0.0,0.0,0.21672649681568146,0.0,0.0,0.0,0.0,0.0,0.0,0.0,0.15752500295639038,0.0,0.5891109704971313,0.0,0.0
767,0.0,0.0,0.0,0.0,0.0,0.0,0.0,0.0,0.0,0.0,0.0,0.0,0.0,0.0,0.0,0.0
772,0.0,0.0,0.0,0.0,0.0,0.0,0.0,0.0,0.0,0.0,0.0,0.0,0.0,0.0,0.0,0.0
776,0.0,0.0,0.0,0.0,0.0,0.0,0.0,0.0,0.0,0.0,0.0,0.0,0.0,0.0,0.0,0.0
788,0.0,0.0,0.0,0.0,0.0,0.0,0.0,0.0,0.0,0.0,0.0,0.0,0.0,0.0,0.0,0.0
796,0.0,0.0,0.0,0.0,0.0,0.0,0.0,0.0,0.0,0.0,0.0,0.0,0.0,0.0,0.0,0.0
802,0.0,0.0,0.0,0.0,0.0,0.0,0.0,0.0,0.0,0.0,0.0,0.0,0.0,0.0,0.0,0.0
806,0.0,0.0,0.0,0.0,0.0,0.0,0.0,0.0,0.0,0.0,0.0,0.0,0.0,0.0,0.0,0.0
814,0.0,0.0,0.0,0.0,0.0,0.0,0.0,0.0,0.0,0.0,0.0,0.0,0.0,0.0,0.0,0.0
846,0.0,0.037692125886678696,0.0,0.0,0.10253029316663742,0.11308582872152328,0.0,0.0,0.0,0.0,0.0,0.0,0.0,0.0,0.0,0.0
849,0.0,0.678464949131012,0.11516469717025757,0.27904796600341797,0.17009186744689941,0.0,0.1020001769065857,0.06413928419351578,0.4066567122936249,0.0849238857626915,0.08806296437978745,0.4384922385215759,0.3361501693725586,0.23907402157783508,0.44522470235824585,0.0
858,0.0,0.0,0.0,0.0,0.0,0.0,0.0,0.0,0.0,0.0,0.0,0.0,0.0,0.0,0.0,0.0
865,0.0,0.0,0.0,0.0,0.0,0.0,0.0,0.0,0.0,0.0,0.0,0.0,0.0,0.0,0.0,0.0
873,0.12730379402637482,0.0,0.0,0.0,0.0,0.2902064323425293,0.2365036904811859,0.0,0.0,0.0,0.0,0.0,0.04765472933650017,0.2798832356929779,0.0,0.0
882,0.0,0.0,0.0,0.0,0.0,0.0,0.0,0.0,0.0,0.0,0.0,0.0,0.0,0.0,0.0,0.0
883,0.0,0.0,0.0,0.0,0.0,0.0,0.0,0.0,0.0,0.0,0.0,0.0,0.0,0.011550378985702991,0.0,0.0
888,0.0,0.0,0.0,0.0,0.0,0.0,0.0,0.0,0.0,0.0,0.0,0.0,0.0,0.0,0.0,0.0
889,0.0459468699991703,0.03853137791156769,0.12728449702262878,0.0,0.11085522174835205,0.19303427636623383,0.050536252558231354,0.1716575026512146,0.14998461306095123,0.32642990350723267,0.18134158849716187,0.1700160801410675,0.21791070699691772,0.22003322839736938,0.37232133746147156,0.08710452914237976
893,0.5635607242584229,0.06420090794563293,0.0,0.595901370048523,0.8869566917419434,0.10276023298501968,0.12879523634910583,0.7585344314575195,0.4676964282989502,0.11149753630161285,0.5103446245193481,0.0,0.253795325756073,0.5057880878448486,0.14806489646434784,0.8247941136360168
894,0.0,0.0,0.0,0.0,0.0,0.0,0.0,0.0,0.0,0.0,0.0,0.0,0.0,0.0,0.0,0.0
901,0.0,0.0,0.9416004419326782,0.8249709010124207,0.7398568987846375,0.0,0.0,0.0,0.246575266122818,0.38011372089385986,0.48141658306121826,0.10068414360284805,0.0,0.8464231491088867,0.0,0.0
907,0.0,0.0,0.0,0.0,0.0,0.0,0.0,0.0,0.0,0.0,0.0,0.0,0.0,0.0,0.0,0.0
909,0.0,0.0,0.0,0.0,0.0,0.0,0.0,0.0,0.0,0.0,0.0,0.0,0.0,0.0,0.0,0.0
918,0.0,0.0,0.0,0.0,0.0,0.0,0.0,0.0,0.0,0.0,0.0,0.0,0.0,0.0,0.0,0.0
921,0.020763041451573372,0.0,0.04446076601743698,0.0,0.0,0.018347416073083878,0.024161847308278084,0.0036546755582094193,0.0,0.023473916575312614,0.0,0.05552449822425842,0.012015417218208313,0.0,0.03397466987371445,0.0
924,0.0,0.0,0.0,0.0,0.0,0.0,0.0,0.0,0.0,0.0,0.0,0.0,0.0,0.0,0.0,0.0
928,0.0,0.0,0.5328503847122192,0.0,0.0,0.40458956360816956,0.0,0.0,0.49797293543815613,0.0,0.0,0.5585505366325378,0.0,0.0,0.0,0.0
933,0.0,0.0,0.0,0.0,0.0,0.0,0.0,0.0,0.0,0.0,0.0,0.0,0.0,0.0,0.0,0.0
934,0.0,0.0,0.0,0.0,0.0,0.0,0.0,0.0,0.0,0.0,0.0,0.0,0.0,0.0,0.0,0.0
938,0.0,0.0,0.0,0.0,0.0,0.0,0.0,0.0,0.0,0.0,0.0,0.0,0.0,0.0,0.0,0.0
941,0.0,0.0,0.0,0.0,0.0,0.0,0.0,0.0,0.0,0.0,0.0,0.0,0.0,0.0,0.0,0.0
950,0.0,0.0,0.0,0.0,0.0,0.0,0.0,0.0,0.0,0.0,0.0,0.0,0.0,0.0,0.0,0.0
953,0.0,0.17788435518741608,0.0,0.0,0.22873234748840332,0.19612039625644684,0.0,0.06769362092018127,0.0,0.08802438527345657,0.0,0.0,0.0,0.09773684293031693,0.10303439944982529,0.0
954,0.0,0.0,0.0,0.0,0.0,0.0,0.0,0.0,0.0,0.0,0.0,0.0,0.0,0.0,0.0,0.0
958,0.13820600509643555,0.04687027633190155,1.0,0.29865044355392456,0.7061981558799744,0.07163524627685547,0.08518590778112411,0.5427667498588562,0.7996427416801453,0.7116760015487671,0.3259944021701813,0.0,0.014146333560347557,0.5810158848762512,0.12398611009120941,0.695731520652771
960,0.0,0.0,0.0,0.0,0.0,0.0,0.0,0.0,0.0,0.0,0.0,0.0,0.0,0.0,0.0,0.0
969,0.0,0.0,0.0,0.0,0.0,0.0,0.0,0.0,0.0,0.0,0.0,0.0,0.0,0.0,0.0,0.0
970,0.14631566405296326,0.10422900319099426,0.0,0.40188726782798767,0.4272889196872711,0.0,0.20617370307445526,0.0,0.636322021484375,0.2073204219341278,0.32065966725349426,0.32731345295906067,0.3666321337223053,0.0,0.18198010325431824,0.0
971,0.0,0.0,0.0,0.0,0.0,0.0,0.0,0.0,0.0,0.0,0.0,0.0,0.0,0.0,0.0,0.0
975,0.15457725524902344,0.1356092393398285,0.16646860539913177,0.025940334424376488,0.3252427577972412,0.10911233723163605,0.0,0.07792659848928452,0.10874199867248535,0.08398400247097015,0.09338640421628952,0.1173970028758049,0.10680039972066879,0.0,0.1542023867368698,0.2635205090045929
994,0.0,0.0,0.0,0.2994585335254669,0.3075099587440491,0.19377772510051727,0.0,0.22756972908973694,0.18731577694416046,0.0,0.21542051434516907,0.0,0.0,0.1771302968263626,0.22241036593914032,0.0
997,0.0,0.0,0.0,0.0,0.0,0.0,0.0,0.0,0.0,0.0,0.0,0.0,0.0,0.0,0.0,0.0
1000,0.0,0.0,0.0,0.0,0.0,0.01426287554204464,0.0,0.0,0.0,0.0090065598487854,0.0,0.0,0.0,0.0,0.0065926192328333855,0.0
1003,0.0,0.1654209941625595,0.06123412400484085,0.02706385776400566,0.0,0.010995334014296532,0.0,0.0,0.0,0.03645285964012146,0.0,0.0,0.0,0.0,0.0,0.00853437464684248
1006,0.0,0.0,0.0,0.0,0.0,0.0,0.0,0.0,0.0,0.0,0.0,0.0,0.0,0.0,0.0,0.0
1007,0.0,0.0,0.0,0.0,0.0,0.0,0.0,0.0,0.0,0.0,0.0,0.0,0.0,0.0,0.0,0.0
1010,0.0,0.19499550759792328,0.186811625957489,0.22835901379585266,0.3393767476081848,0.040524572134017944,0.41473230719566345,0.09830667078495026,0.14156171679496765,0.30409350991249084,0.24848785996437073,0.025239333510398865,0.18200275301933289,0.14619717001914978,0.08087056875228882,0.24908943474292755
1014,0.13209179043769836,0.4516323506832123,0.4250451624393463,0.5657690763473511,0.7725305557250977,0.08264702558517456,0.03949115052819252,0.0028960569761693478,0.5662400126457214,0.0887255147099495,0.8291837573051453,0.5853185653686523,0.18839892745018005,0.8572483658790588,0.22523553669452667,0.3955451548099518
1017,0.0,0.0,0.0,0.0,0.0,0.0,0.0,0.0,0.0,0.0,0.0,0.0,0.0,0.0,0.0,0.0
1018,0.36845800280570984,0.2883850634098053,0.0,0.3001722991466522,0.7550646066665649,0.0,0.30589061975479126,0.0,0.04469604045152664,0.3040674924850464,0.0,0.12903116643428802,0.3346094489097595,0.3957900404930115,0.27368438243865967,0.13912200927734375
1023,0.0,0.0,0.0,0.0,0.0,0.0,0.0,0.0,0.0,0.0,0.0,0.0,0.0,0.0,0.0,0.0
1029,0.0,0.0,0.0,0.0,0.0,0.0,0.0,0.0,0.0,0.0,0.0,0.0,0.0,0.0,0.0,0.0
1031,0.02914133481681347,0.0,0.026912501081824303,0.0,0.0,0.0,0.0,0.0,0.0,0.0,0.0,0.0,0.0,0.0,0.0,0.0
1032,0.0,0.0,0.0,0.0,0.0,0.0,0.0,0.0,0.0,0.0,0.0,0.0,0.0,0.0,0.0,0.0
1035,0.26367849111557007,0.0,0.2280525267124176,0.014396206475794315,0.0,0.06627446413040161,0.2599068582057953,0.06506482511758804,0.0,0.19047458469867706,0.07751590013504028,0.05894484743475914,0.0,0.17882177233695984,0.25376737117767334,0.2198898047208786
1040,0.0,0.0,0.0,0.0,0.0,0.0,0.0,0.0,0.0,0.0,0.0,0.0,0.0,0.0,0.0,0.0
1042,0.07575449347496033,0.0,0.0,0.0,0.0,0.0,0.0,0.0,0.0,0.0,0.0,0.0,0.0,0.0,0.0,0.0
1049,0.0,0.0,0.08762416243553162,0.023374000564217567,0.0,0.13944660127162933,0.0,0.0,0.0,0.6306064128875732,0.0,0.14616000652313232,0.0,0.0,0.0,0.0
1051,0.0,0.0,0.0,0.0,0.0,0.0,0.0,0.0,0.0,0.0,0.0,0.0,0.0,0.0,0.0,0.0
1052,0.3997953236103058,0.9126298427581787,0.8703833818435669,0.0,0.6974495053291321,0.0,0.4381709098815918,0.0,0.2897578477859497,0.19718793034553528,0.0,0.3614361882209778,0.6166200041770935,0.7962347865104675,0.0,0.7725937962532043
1060,0.0,0.0,0.0,0.0,0.0,0.0,0.0,0.0,0.0,0.0,0.0,0.0,0.0,0.0,0.0,0.0
1067,0.0,0.5796235203742981,0.489702969789505,0.0,0.0,0.4306670129299164,0.0,0.0,0.0,0.5743279457092285,0.4652431905269623,0.0,0.34759917855262756,0.0,0.0,0.5446194410324097
1069,0.0,0.0,0.0,0.0,0.0,0.0,0.0,0.021908000111579895,0.0,0.0,0.0,0.0,0.0,0.0,0.1933404952287674,0.0
1070,0.0,0.0,0.0,0.0,0.0,0.0,0.0,0.0,0.0,0.0,0.0,0.0,0.0,0.0,0.0,0.0
1071,0.0,0.0,0.0,0.0,0.0,0.0,0.0,0.0,0.0,0.0,0.0,0.0,0.0,0.0,0.0,0.0
1075,0.0,0.0,0.0,0.0,0.0,0.0,0.0,0.0,0.0,0.0,0.0,0.0,0.0,0.0,0.0,0.0
1079,0.0,0.0,0.0,0.0,0.0,0.0,0.0,0.6190552115440369,0.0,0.0,0.0,0.0,0.8385080099105835,0.0,0.0,0.5922059416770935
1083,0.0,0.15940098464488983,0.2608518600463867,0.12115065008401871,0.10239100456237793,0.0,0.0,0.3089737892150879,0.12165083736181259,0.0,0.1006380021572113,0.2144143432378769,0.0,0.15400250256061554,0.07415813207626343,0.0
1086,0.0,0.0,0.0,0.0,0.0,0.0,0.0,0.0,0.0,0.0,0.0,0.0,0.0,0.0,0.0,0.0
1091,0.0,0.06830324977636337,0.0,0.0,0.0,0.0,0.17817598581314087,0.0,0.0,0.0,0.0,0.0,0.0,0.0,0.0,0.0
1093,0.0,0.0,0.0,0.0,0.0,0.0,0.0,0.0,0.0,0.0,0.0,0.0,0.0,0.0,0.0,0.0
1103,0.0,0.0,0.0,0.0,0.0,0.11464809626340866,0.03453963249921799,0.0,0.24787944555282593,0.0,0.0,0.044123101979494095,0.20085740089416504,0.18421004712581635,0.030536672100424767,0.0
1115,0.25645700097084045,0.0,0.10365154594182968,0.1525248885154724,0.0,0.2199552357196808,0.07567103952169418,0.0,0.0,0.0,0.0,0.0,0.0,0.0,0.17319414019584656,0.0
1119,0.0,0.0,0.0,0.15140844881534576,0.12178337574005127,0.16723616421222687,0.0,0.03925434127449989,0.36606478691101074,0.026470568031072617,0.10698960721492767,0.28264352679252625,0.0,0.11235975474119186,0.3499300479888916,0.1992909163236618
1122,0.1111111119389534,0.0,0.0,0.0,0.0,0.0,0.0,0.1816006600856781,0.0,0.0,0.0,0.0,0.18904176354408264,0.0,0.048162832856178284,0.0
1133,0.0,0.0,0.0,0.0,0.0,0.02562485821545124,0.0,0.0,0.0,0.0,0.02044828049838543,0.0,0.04367022588849068,0.0,0.0,0.0
1139,0.0,0.0,0.0,0.0,0.0,0.0,0.0,0.0,0.0,0.0,0.0,0.0,0.0,0.0,0.0,0.0
1145,0.0,0.0,0.0,0.0,0.0,0.0,0.0,0.0,0.0,0.0,0.0,0.0,0.0,0.0,0.0,0.0
1147,0.0,0.433836430311203,0.0,0.9975320100784302,0.0,0.0,0.0,0.7615450024604797,0.22383075952529907,0.0,0.5616738796234131,1.0,0.006659588310867548,0.0,0.7997339963912964,0.0
1150,0.0,0.0,0.0,0.0,0.0,0.0,0.2233041226863861,0.0,0.20644627511501312,0.0,0.14286106824874878,0.0,0.0,0.0,0.0,0.0
1154,0.0,0.0,0.0,0.0,0.0,0.0,0.0,0.0,0.0,0.0,0.0,0.0,0.0,0.0,0.0,0.0
1157,0.0,0.0,0.0,0.0,0.0,0.0,0.0,0.0,0.0,0.0,0.0,0.0,0.0,0.0,0.0,0.0
1164,0.9878007173538208,0.9462543725967407,0.8053312301635742,0.6321778297424316,0.29251208901405334,0.008148230612277985,0.528328001499176,0.990140974521637,0.0,0.18632008135318756,0.9726979732513428,0.28221848607063293,0.5228039622306824,0.6475610733032227,0.6565844416618347,0.9851767420768738
1165,0.0,0.0,0.0,0.0,0.0,0.0,0.0,0.0,0.0,0.0,0.0,0.0,0.0,0.0,0.0,0.0
1191,0.0,0.0,0.0,0.0,0.0,0.0,0.0,0.0,0.0,0.0,0.0,0.0,0.0,0.0,0.0,0.0
1197,0.0,0.0,0.0,0.0,0.0,0.0,0.0,0.0,0.0,0.0,0.0,0.0,0.0,0.0,0.0,0.0
1200,0.0,0.0,0.0,0.0,0.0,0.0,0.0,0.0,0.0,0.0,0.0,0.0,0.0,0.0,0.0,0.0
1204,0.0,0.0,0.0,0.0,0.0,0.0,0.0,0.0,0.0,0.0,0.0,0.0,0.0,0.0,0.0,0.0
1207,0.0,0.0,0.0,0.0,0.0,0.0,0.0,0.0,0.0,0.0,0.0,0.0,0.0,0.0,0.0,0.0
1211,0.746999979019165,0.9395389556884766,0.8494459986686707,0.11139713227748871,0.894413948059082,0.9915362596511841,0.9777652025222778,0.9959309697151184,0.9806435108184814,0.9703059792518616,0.9648052453994751,0.05401207134127617,0.9974579811096191,0.9927064776420593,0.650554895401001,0.925104558467865
1218,0.0,0.0,0.0,0.0,0.0,0.0,0.0,0.0,0.0,0.0,0.0,0.0,0.0,0.0,0.0,0.0
1240,0.0,0.0,0.0,0.0,0.0,0.0,0.0,0.0,0.0,0.0,0.0,0.0,0.0,0.0,0.0,0.0
1244,0.0,0.0,0.0,0.0,0.0,0.0,0.0,0.0,0.0,0.0,0.0,0.0,0.0,0.0,0.0,0.0
1246,0.0,0.0,0.0,0.0,0.0,0.0,0.0,0.0,0.0,0.0,0.0,0.0,0.0,0.0,0.0,0.0
1266,0.9814239740371704,0.033769018948078156,0.15055887401103973,0.7720149755477905,0.0,0.4756700098514557,0.1658802032470703,0.4299212098121643,0.0,0.43283557891845703,0.0,0.0,0.0,0.6959103345870972,0.0,0.5577833652496338
1270,0.0,0.0,0.0,0.0,0.0,0.0,0.0,0.0,0.0,0.0,0.0,0.0,0.0,0.0,0.0,0.0
1272,0.0,0.0,0.0,0.0,0.0,0.0,0.0,0.0,0.0,0.0,0.0,0.0,0.0,0.0,0.0,0.0
1274,0.0,0.0,0.0,0.0,0.0,0.0,0.0,0.0,0.0,0.0,0.0,0.0,0.0,0.0,0.25960075855255127,0.0
1280,0.0,0.0,0.0,0.0,0.0,0.0,0.0,0.0,0.0,0.0,0.0,0.0,0.0,0.0,0.0,0.0
1282,0.09163960069417953,0.370072603225708,0.32097089290618896,0.22202399373054504,0.4324566721916199,0.6023224592208862,0.3712083697319031,0.5973337888717651,0.2266814112663269,0.3333333432674408,0.39861175417900085,0.4721422493457794,0.3768085241317749,0.0,0.6203784942626953,0.5146009922027588
1295,0.0,0.0,0.0,0.0,0.0,0.0,0.0,0.0,0.0,0.0,0.0,0.0,0.0,0.0,0.0,0.0
1300,0.0,0.0,0.0,0.0,0.0,0.0,0.0,0.0,0.0,0.0,0.0,0.0,0.0,0.0,0.0,0.0
1301,0.0,0.0,0.0,0.0,0.0,0.0,0.0,0.0,0.0,0.0,0.0,0.0,0.0,0.0,0.0,0.0
1321,0.0,0.0,0.0,0.0,0.0,0.0,0.0,0.0,0.0,0.0,0.0,0.0,0.0,0.0,0.0,0.0
1327,0.11914505064487457,0.992657482624054,0.0,0.0564136877655983,0.0,0.0,0.13834555447101593,0.262481689453125,0.0,0.0,0.1563262641429901,0.0,0.0,0.0,0.0,0.0
1330,0.0,0.0,0.0,0.0,0.0,0.0,0.0,0.0,0.0,0.0,0.0,0.0,0.0,0.0,0.0,0.0
1337,0.2653876543045044,0.6839784383773804,0.8815253376960754,0.27930575609207153,0.5210761427879333,0.29706478118896484,0.8459475636482239,0.893676221370697,0.2267126590013504,0.09305387735366821,0.18382687866687775,0.20051215589046478,0.9625460505485535,0.9449976086616516,0.7690218091011047,0.7169854044914246
1340,0.0,0.0,0.0,0.0,0.0,0.0,0.0,0.018355706706643105,0.015288842841982841,0.0,0.0,0.0,0.0,0.0,0.0,0.0
1341,0.0,0.0,0.0,0.0,0.0,0.107184998691082,0.0,0.0,0.0,0.0,0.0,0.0,0.0,0.0,0.0,0.0
1344,0.0,0.0,0.0,0.0,0.0,0.0,0.0,0.0,0.16502699255943298,0.0,0.0,0.0,0.0,0.0,0.0,0.0
1349,0.0,0.0,0.0,0.0,0.0,0.0,0.0,0.0,0.0,0.0,0.0,0.0,0.0,0.0,0.0,0.0
1358,0.0,0.0,0.0,0.0,0.0,0.0,0.0,0.0,0.0,0.0,0.0,0.0,0.0,0.0,0.0,0.0
1368,0.0,0.0,0.0,0.0,0.0,0.0,0.0,0.0,0.0,0.0,0.0,0.0,0.0,0.0,0.0,0.0
1372,0.14735600352287292,0.0,0.0,0.0,0.0,0.0,0.0,0.0,0.0,0.0,0.0,0.0,0.0,0.0,0.0,0.0
1375,0.0,0.0,0.0,0.0,0.0,0.0,0.0,0.0,0.0,0.0,0.0,0.0,0.0,0.0,0.0,0.0
1380,0.0,0.0,0.0,0.0,0.0,0.1410021185874939,0.0,0.0,0.0,0.15232427418231964,0.025579223409295082,0.0,0.0,0.0,0.0,0.0
1384,0.0,0.0,0.0,0.0,0.17765074968338013,0.0,0.0,0.0,0.0,0.0,0.0,0.054812751710414886,0.0,0.0,0.0,0.0
1388,0.0,0.0,0.0,0.0,0.0,0.0,0.0,0.0,0.0,0.0,0.0,0.0,0.0,0.0,0.0,0.0
1391,0.0,0.0,0.0,0.0,0.0,0.0,0.0,0.0,0.0,0.0,0.0,0.0,0.0,0.0,0.0,0.0
1398,0.0,0.0,0.0,0.03724536672234535,0.0,0.0,0.0,0.404107928276062,0.0,0.0,0.0,0.0,0.0,0.0,0.0,0.0
1399,0.0,0.0,0.0,0.0,0.0,0.0,0.0,0.0,0.0,0.0,0.0,0.0,0.0,0.0,0.0,0.0
1404,0.5062429904937744,0.6074132919311523,0.8760982155799866,0.24507252871990204,0.5458232760429382,0.20129448175430298,0.9431788325309753,0.850398600101471,0.8144614100456238,0.8611334562301636,0.31564104557037354,0.27507397532463074,0.9819585680961609,0.8817933201789856,0.9256301522254944,0.8012391328811646
1407,0.558040976524353,0.0,0.0,0.0,0.0,0.0,0.0,0.0,0.0,0.0,0.0,0.0,0.0,0.36050599813461304,0.0,0.0
1410,0.0,0.4699310064315796,0.9647960066795349,0.9704849720001221,0.7278734445571899,0.9697120189666748,0.0,0.2037229984998703,0.5351395010948181,0.6529487371444702,0.2575854957103729,0.0,0.8701357841491699,0.8973985314369202,0.0,0.0
1415,0.0,0.5212793350219727,0.9254980087280273,0.969173014163971,0.7413852214813232,0.0,0.0,0.0,0.22369250655174255,0.12491899728775024,0.0,0.0,0.9827114939689636,0.9807119965553284,0.0,0.0
1417,0.0,0.0,0.0,0.0,0.0,0.0,0.0,0.0,0.0,0.0,0.0,0.0,0.0,0.0,0.0,0.0
1425,0.0,0.0,0.0,0.0,0.0,0.031414251774549484,0.0,0.0,0.0,0.0,0.0,0.0,0.030268430709838867,0.0,0.0,0.043746571987867355
1429,0.0,0.0,0.0,0.0,0.0,0.0,0.0,0.0,0.0,0.0,0.0,0.0,0.0,0.0,0.0,0.0
1433,0.0,0.0,0.0,0.0,0.0,0.0,0.0,0.2884943187236786,0.0,0.0,0.0,0.0,0.3339865207672119,0.0,0.0,0.0
1436,0.0,0.0,0.0,0.0,0.0,0.0,0.0,0.0,0.0,0.0,0.0,0.0,0.0,0.0,0.026067625731229782,0.0
1437,0.5411621332168579,0.03668399900197983,0.044353168457746506,0.4593161940574646,0.07239016890525818,0.02577066794037819,0.04152733460068703,0.12956593930721283,0.3164215683937073,0.0,0.03622591868042946,0.0,0.0,0.3491174578666687,0.34538519382476807,0.056025248020887375
1438,0.0,0.0,0.0,0.0,0.0,0.0,0.0,0.0,0.0,0.0,0.0,0.0,0.0,0.0,0.0,0.0
1439,0.0,0.0,0.0,0.0,0.2457605004310608,0.0,0.0,0.0,0.0,0.0,0.0,0.0,0.15917550027370453,0.0,0.0,0.0
1441,0.09543022513389587,0.0,0.11521483957767487,0.0,0.08856568485498428,0.17287179827690125,0.11800306290388107,0.0,0.0,0.0,0.09958682954311371,0.13446922600269318,0.13329863548278809,0.0,0.1387055367231369,0.0
1452,0.0,0.0,0.0,0.0,0.43035900592803955,0.7990419864654541,0.0,0.3541800081729889,0.0,0.40975600481033325,0.28298500180244446,0.0,0.4233439862728119,0.23611299693584442,0.5569329857826233,0.0570250004529953
1457,0.0,0.20776572823524475,0.15060143172740936,0.0,0.0,0.0,0.0,0.0,0.0,0.02586328610777855,0.0450889989733696,0.03925500437617302,0.0,0.0,0.0,0.0
1465,0.0,0.0,0.0,0.0,0.0,0.0,0.0,0.0,0.0,0.0,0.0,0.0,0.0,0.0,0.0,0.0
1467,0.14495550096035004,0.0,0.0,0.0,0.0,0.0,0.0,0.0,0.0,0.0,0.0,0.0,0.0,0.0,0.0,0.0784350037574768
1480,0.0,0.0,0.0,0.0,0.0,0.0,0.0,0.0,0.0,0.0,0.0,0.0,0.0,0.0,0.0,0.0
1481,0.0,0.0,0.0,0.0,0.0,0.0,0.0,0.0,0.0,0.0,0.0,0.0,0.0,0.0,0.0,0.0
1485,0.0,0.0,0.12359500676393509,0.0,0.11957167834043503,0.0,0.0,0.0,0.07928890734910965,0.0,0.0,0.09016086906194687,0.04578418284654617,0.7392392158508301,0.0,0.27083882689476013
1486,0.0,0.0,0.0,0.0,0.0,0.0,0.0,0.0,0.0,0.0,0.16272567212581635,0.1856212615966797,0.0,0.0,0.0,0.0
1500,0.0,0.0,0.0,0.0,0.0,0.0,0.0,0.0,0.0,0.0,0.09416933357715607,0.0,0.0,0.0,0.0,0.0
1501,0.0,0.0,0.043787069618701935,0.0,0.11217006295919418,0.09000426530838013,0.050237298011779785,0.1629447042942047,0.0,0.024063093587756157,0.10807307809591293,0.0,0.0,0.0,0.077662892639637,0.0
1507,0.0,0.0,0.0,0.0,0.0,0.0,0.0,0.0,0.0,0.0,0.0,0.0,0.0,0.0,0.0,0.0
1515,0.0,0.9916433691978455,0.978656530380249,0.8250622749328613,0.9841665029525757,0.0,0.0,0.8011580109596252,0.988286018371582,0.0,0.0,0.0,0.7915212512016296,0.6946460008621216,0.8869045376777649,0.5759650468826294
1517,0.0,0.0,0.0,0.0,0.0,0.0,0.0,0.0,0.0,0.0,0.0,0.0,0.0,0.0,0.0,0.0
1518,0.0,0.0,0.0,0.0,0.0,0.0,0.0,0.0,0.0,0.0,0.0,0.0,0.0,0.0,0.0,0.08218199759721756
1532,0.0,0.0,0.0,0.0,0.0,0.0,0.0,0.0,0.0,0.00046640002983622253,0.0,0.0,0.0,0.0,0.0,0.0
1533,0.0,0.0,0.0,0.0,0.0,0.0,0.0,0.0,0.0,0.0,0.0,0.0,0.0,0.0,0.0,0.0
1538,0.0,0.0,0.0,0.0,0.0,0.0,0.0,0.0,0.0,0.0,0.0,0.0,0.0,0.0,0.0,0.0
1540,0.0,0.30086466670036316,0.13126596808433533,0.16324596107006073,0.13697536289691925,0.11460277438163757,0.0,0.06267010420560837,0.225346177816391,0.0,0.0,0.0,0.14503760635852814,0.0,0.0,0.08186262845993042
1542,0.0,0.0,0.0,0.0,0.0,0.0,0.0,0.0,0.0,0.0,0.0,0.0,0.0,0.0,0.0,0.0
1547,0.23599547147750854,0.0,0.0,0.1995178610086441,0.0,0.0,0.0,0.16436851024627686,0.11408936977386475,0.43088316917419434,0.17955461144447327,0.30910617113113403,0.18958503007888794,0.11712854355573654,0.22394588589668274,0.0
1558,0.0,0.0,0.0,0.0,0.0,0.0,0.0,0.0,0.0,0.0,0.0,0.0,0.0,0.0,0.0,0.0
1560,0.5392654538154602,0.0,0.0,0.0,0.0,0.476351261138916,0.0,0.0,0.0,0.0,0.03471942991018295,0.6798651814460754,0.0,0.0,0.03704201802611351,0.25266650319099426
1575,0.0,0.0,0.0,0.0,0.0,0.0,0.0,0.0,0.0,0.0,0.0,0.0,0.0,0.0,0.0,0.0
1576,0.35010167956352234,0.2350548356771469,0.0,0.0,0.5408356189727783,0.00919309165328741,0.0,0.0,0.01705620251595974,0.22394293546676636,0.0,0.3865301012992859,0.0,0.0,0.5102510452270508,0.6627531051635742
1587,0.0,0.0,0.0,0.0,0.0,0.0,0.0,0.0,0.0,0.0,0.0,0.0,0.0,0.0,0.0,0.0
1588,0.0,0.0,0.0,0.0,0.0,0.0,0.0,0.0,0.0,0.0,0.0,0.0,0.0,0.0,0.0,0.0
1589,0.0,0.0,0.0,0.0,0.0,0.0,0.0,0.0,0.0,0.0,0.0,0.0,0.0,0.0,0.0,0.0
1591,0.09700044989585876,0.8991701006889343,0.346531480550766,0.5404263734817505,0.03873207047581673,0.3712649643421173,0.45994463562965393,0.8600759506225586,0.3820711374282837,0.2687666416168213,0.594142735004425,0.3469442129135132,0.22111918032169342,0.23338313400745392,0.06426482647657394,0.3212047815322876
1592,0.0,0.0,0.0,0.0,0.0,0.0728386640548706,0.0,0.0,0.0,0.0,0.0,0.07461400330066681,0.0,0.38853350281715393,0.0,0.0
1595,0.0,0.0,0.0,0.0,0.0,0.0,0.0,0.0,0.0,0.0,0.0,0.0,0.0,0.0,0.0,0.0
1607,0.0,0.0,0.0,0.0,0.0,0.0,0.0,0.0,0.0,0.0,0.0,0.0,0.0,0.0,0.0,0.0
1611,0.0,0.0,0.0,0.0,0.0,0.0,0.0,0.004531583748757839,0.0,0.017835751175880432,0.022860918194055557,0.0,0.0,0.0,0.0,0.021784817799925804
1630,0.0,0.0,0.0,0.0,0.0,0.0,0.0,0.0,0.0,0.0,0.0,0.0,0.0,0.0,0.0,0.0
1634,0.0,0.0,0.0,0.0,0.0,0.0,0.0,0.0,0.0,0.0,0.0,0.0,0.0,0.0,0.0,0.0
1653,0.19122304022312164,0.5030750036239624,0.7027999758720398,0.0,0.0,0.02963055856525898,0.11960937082767487,0.0,0.07184576988220215,0.9532954692840576,0.07151342928409576,0.0,0.0,0.16173182427883148,0.2686116397380829,0.0
1655,0.0,0.0,0.0,0.0,0.0,0.0,0.0,0.0,0.0,0.0,0.0,0.0,0.0,0.0,0.0,0.0
1664,0.6272634863853455,0.5072348713874817,0.497035950422287,0.5288090109825134,0.543240487575531,0.8663532733917236,0.24582810699939728,0.8673701286315918,0.7554787397384644,0.7202107310295105,0.6131742596626282,0.7263458371162415,0.41488873958587646,0.7545183300971985,0.5714276432991028,0.813884973526001
1667,0.0,0.11158832907676697,0.03840000182390213,0.10409300029277802,0.06789600104093552,0.0,0.0,0.04820375144481659,0.06154400110244751,0.08419574797153473,0.0,0.025284668430685997,0.0,0.024573002010583878,0.0,0.0
1672,0.2831342816352844,0.5726752281188965,0.4760343134403229,0.6991016864776611,0.5104560852050781,0.7413482069969177,0.062049418687820435,0.494133859872818,0.6702380776405334,0.8550499677658081,0.3591979146003723,0.6182917952537537,0.4539836049079895,0.6474547386169434,0.22411300241947174,0.11717551201581955
1684,0.0,0.0,0.0,0.0,0.0,0.125,0.0,0.0,0.0,0.0,0.0,0.0,0.0,0.0,0.0,0.0
1687,0.0,0.0,0.0,0.11030899733304977,0.0,0.0,0.0,0.0,0.0,0.0,0.11184299737215042,0.0,0.07591599971055984,0.0,0.0,0.0
1707,0.0,0.0,0.0,0.03455524891614914,0.0,0.0,0.03260580077767372,0.0,0.0,0.0,0.0,0.0,0.08426560461521149,0.0,0.0,0.07760839909315109
1709,0.0,0.0,0.0,0.0,0.0,0.0,0.0,0.0,0.0,0.0,0.0,0.0,0.0,0.0,0.0,0.0
1713,0.3582926392555237,0.300790011882782,0.6316373348236084,0.5813338756561279,0.4408406615257263,0.4697420299053192,0.4576508402824402,0.34729498624801636,0.4528992176055908,0.7270163297653198,0.6255958676338196,0.4565676152706146,0.20486746728420258,0.28487882018089294,0.7314465641975403,0.7716786861419678
1718,0.0,0.0,0.0,0.0,0.0,0.0,0.0,0.0,0.0,0.0,0.7949185371398926,0.0,0.0,0.0,0.0,0.0
1720,0.0,0.0,0.0,0.0,0.0,0.09427513927221298,0.0,0.0,0.0,0.20957140624523163,0.16886812448501587,0.0,0.0419640839099884,0.0,0.11340022087097168,0.0
1721,0.0,0.17469745874404907,0.0,0.0,0.0,0.22724732756614685,0.1026654914021492,0.13784104585647583,0.0,0.07996698468923569,0.0,0.21153944730758667,0.0,0.1514979600906372,0.16342046856880188,0.04581271484494209
1726,0.0,0.0,0.1495468020439148,0.19606101512908936,0.0,0.1027190089225769,0.0,0.0,0.0,0.05072852224111557,0.04260292649269104,0.04938822612166405,0.024625029414892197,0.0,0.0,0.19595615565776825
1734,0.11058945208787918,0.21576230227947235,0.12211980670690536,0.0,0.07318848371505737,0.0,0.0,0.051655154675245285,0.1523972451686859,0.141478031873703,0.0,0.0,0.0933917686343193,0.12748493254184723,0.0,0.13593098521232605
1745,0.9356765151023865,0.8158486485481262,0.9485291838645935,0.9615045785903931,0.7862533926963806,0.6903473734855652,0.8069353699684143,0.8062439560890198,0.899032473564148,0.8345275521278381,0.6549501419067383,0.837865948677063,0.7941378355026245,0.9952892065048218,0.8087756037712097,0.800038754940033
1749,0.0,0.0,0.0,0.0,0.0,0.0,0.0,0.0,0.0,0.0,0.0,0.0,0.0,0.0,0.0,0.0
1753,0.0,0.0,0.0,0.0,0.0,0.08251812309026718,0.0,0.0,0.22900685667991638,0.18720224499702454,0.0,0.053075142204761505,0.13959042727947235,0.26164838671684265,0.1378541737794876,0.11453480273485184
1757,0.0,0.0,0.0,0.0,0.0,0.0,0.1851481944322586,0.0,0.0,0.03905953839421272,0.0,0.0,0.3071359097957611,0.23489457368850708,0.44877752661705017,0.0
1765,0.0,0.0,0.0,0.0,0.0,0.0,0.0,0.0,0.0,0.0,0.0,0.0,0.0,0.0,0.0,0.0
1772,0.0,0.0,0.0,0.0,0.0,0.0,0.0,0.0,0.0,0.0,0.0,0.0,0.0,0.0,0.0,0.0
1775,0.0,0.0,0.0,0.0,0.0,0.0,0.09274614602327347,0.0,0.0,0.0,0.0,0.0,0.035157665610313416,0.0,0.0,0.6456778645515442
1782,0.0,0.0,0.0,0.0,0.0,0.0,0.0,0.0,0.0,0.0,0.0,0.0,0.0,0.0,0.0,0.0
1786,0.0,0.0,0.0,0.0,0.0,0.0,0.0,0.0,0.0,0.0,0.0,0.0,0.0,0.0,0.0,0.0
1788,0.0,0.0,0.0,0.0,0.0,0.0,0.0,0.0,0.0,0.0,0.0,0.0,0.0,0.0,0.0,0.0
1808,0.0,0.0,0.0,0.0,0.0,0.0,0.0,0.0,0.0,0.0,0.0,0.0,0.0,0.0,0.0,0.0
1816,0.0,0.0,0.0,0.0,0.0,0.0,0.0,0.0,0.0,0.0,0.0,0.0,0.0,0.0,0.0,0.0
1825,0.0,0.0,0.0,0.0,0.0,0.0,0.0,0.0,0.0,0.0,0.0,0.0,0.0,0.0,0.0,0.0
1833,0.0,0.0,0.0,0.0,0.0,0.0,0.0,0.0,0.0,0.0,0.0,0.0,0.0,0.0,0.0,0.0
1840,0.0,0.0,0.0,0.0,0.0,0.0,0.0,0.0,0.0,0.0,0.0,0.0,0.0,0.0,0.0,0.0
1850,0.0,0.0,0.0,0.0,0.19323840737342834,0.0,0.38118869066238403,0.17231200635433197,0.0,0.2914983332157135,0.1889301985502243,0.10955633968114853,0.0,0.0,0.0,0.0
1856,0.0,0.0,0.0,0.0,0.0,0.0,0.0,0.0,0.0,0.0,0.0,0.0,0.2307180017232895,0.0,0.44861000776290894,0.0
1858,0.0,0.0,0.0,0.0,0.0,0.0,0.0,0.0,0.0,0.0,0.0,0.0,0.0,0.0,0.0,0.0
1860,0.8501835465431213,0.0,0.0,0.0,0.0,0.0,0.0,0.7698614597320557,0.0,0.0,0.0,0.0,0.0,0.22234049439430237,0.0,0.0
1865,0.0,0.0,0.0,0.0,0.0,0.0,0.0,0.0,0.0,0.0,0.0,0.0,0.0,0.0,0.0,0.0
1874,0.08327408134937286,0.0,0.5801697373390198,0.35371601581573486,0.48383480310440063,0.4198571741580963,0.0,0.3660338521003723,0.0,0.3631165027618408,0.18764731287956238,0.2829483449459076,0.2675545811653137,0.4791114330291748,0.3339127004146576,0.0
1880,0.1242968961596489,0.0865425169467926,0.0,0.04779866710305214,0.0,0.0,0.0,0.13959655165672302,0.19818739593029022,0.10741060227155685,0.0,0.8919347524642944,0.1308562159538269,0.0,0.12011530250310898,0.15792518854141235
1881,0.0,0.0,0.0,0.0,0.0,0.0,0.0,0.0,0.0,0.10699059069156647,0.0,0.0,0.0,0.0,0.0,0.0
1891,0.0,0.0,0.0,0.0,0.0,0.0,0.0,0.0,0.0,0.0,0.0,0.0,0.01094885729253292,0.0,0.0,0.0
1899,0.0,0.0,0.0,0.0,0.0,0.0,0.0,0.0,0.0,0.0,0.0,0.0,0.0,0.0,0.0,0.0
1903,0.0,0.0,0.0,0.0,0.0,0.0,0.0,0.0,0.0,0.0,0.0,0.0,0.0,0.0,0.0,0.0
1907,0.0,0.0,0.0,0.0,0.0,0.0,0.0,0.0,0.0,0.0,0.0,0.0,0.0,0.0,0.0,0.0
1911,0.009107132442295551,0.0,0.0,0.0,0.2488986700773239,0.0,0.0,0.0,0.0,0.0,0.038475874811410904,0.0,0.0,0.0,0.10432024300098419,0.0
1920,0.0,0.0,0.0,0.0,0.0,0.0,0.0,0.0,0.0,0.0,0.0,0.0,0.0,0.0,0.0,0.0
1931,0.0,0.0,0.0,0.0,0.0,0.0,0.0,0.0,0.0,0.0,0.0,0.3084701895713806,0.0,0.0,0.0,0.3080860376358032
1934,0.1346326470375061,0.0,0.04302218556404114,0.0,0.061067868024110794,0.0,0.0602579303085804,0.10179551690816879,0.0,0.0,0.1233767569065094,0.0,0.07328768819570541,0.0,0.0,0.0
1939,0.0,0.0,0.5891892910003662,0.0,0.6869532465934753,0.0,0.0,0.0,0.3289402425289154,0.0,0.0,0.0,0.0,0.24170929193496704,0.9906770586967468,0.3928220272064209
1946,0.0,0.0,0.0,0.0,0.0,0.0,0.0,0.0,0.0,0.0,0.0,0.0,0.0,0.0,0.0,0.0
1958,0.0,0.0,0.0,0.0,0.0,0.0,0.0,0.0,0.0,0.0,0.0,0.0,0.0,0.0,0.0,0.0
1960,0.0,0.0,0.0,0.0,0.0,0.0,0.0,0.0,0.0,0.0,0.0,0.0,0.0,0.0,0.0,0.0
1976,0.0,0.0,0.0,0.0,0.0,0.0,0.0,0.0,0.0,0.0,0.0,0.0,0.0,0.0,0.0,0.0
1984,0.0,0.0,0.0,0.0,0.0,0.0,0.0,0.0,0.0,0.0,0.0,0.0,0.0,0.0,0.0,0.0
1993,0.0,0.0,0.0,0.0,0.0,0.0,0.0,0.0,0.0,0.0,0.0,0.0,0.0,0.0,0.0,0.0
2001,0.0,0.00966664683073759,0.0,0.0,0.0,0.0,0.0,0.0,0.0,0.0,0.0,0.0,0.0,0.0,0.0,0.0
2005,0.0,0.0,0.0,0.0,0.0,0.0,0.0,0.0,0.0,0.0,0.0,0.0,0.0,0.0,0.0,0.0
2006,0.0,0.0,0.0,0.0,0.0,0.0,0.0,0.0,0.0,0.0,0.0,0.0,0.0,0.0,0.0,0.0
2009,0.08916901797056198,0.05389989912509918,0.04891509190201759,0.09089995920658112,0.21274176239967346,0.21002629399299622,0.05206510052084923,0.0,0.08451993018388748,0.2162182778120041,0.21694672107696533,0.05914178490638733,0.1373925358057022,0.13285674154758453,0.06972789764404297,0.26222190260887146
2013,0.19029118120670319,0.0,0.0,0.07883582264184952,0.0,0.0,0.0,0.0,0.0,0.13872575759887695,0.2056577354669571,0.18865002691745758,0.0,0.0,0.0,0.11591632664203644
2015,0.453991174697876,0.4566289484500885,0.0,0.4663983881473541,0.0,0.2832126319408417,0.5253670811653137,0.6173186898231506,0.5986849665641785,0.7786632776260376,0.691950261592865,0.2549811601638794,0.37818023562431335,0.6133851408958435,0.9977044463157654,0.745529055595398
2024,0.0,0.0,0.0,0.0,0.0,0.0,0.0,0.0,0.0,0.0,0.0,0.0,0.0,0.0,0.0,0.0
2026,0.9493478536605835,0.9360949397087097,0.8454915881156921,0.9821774959564209,0.9432917237281799,0.9426683187484741,0.9964858293533325,0.9179421067237854,0.8661152124404907,0.8972342014312744,0.9746860265731812,0.9049979448318481,0.9333034157752991,0.9637432098388672,0.9543612003326416,0.8337898850440979
2034,0.0,0.0,0.0,0.0,0.0,0.0,0.0,0.0,0.0,0.0,0.0,0.0,0.0,0.0,0.0,0.0
2039,0.0,0.0,0.0,0.0,0.0,0.0,0.0,0.0,0.0,0.0,0.0,0.0,0.0,0.0,0.0,0.0
2044,0.28221169114112854,0.0,0.41983386874198914,0.202887162566185,0.34812572598457336,0.43451768159866333,0.11217808723449707,0.24347737431526184,0.22658830881118774,0.4136209487915039,0.3071586489677429,0.23590314388275146,0.32191193103790283,0.1885332614183426,0.23763695359230042,0.0
2048,0.9659962058067322,0.8635085821151733,0.8954367637634277,0.8741394877433777,0.8494101762771606,0.9392341375350952,0.9917939901351929,0.8377260565757751,0.0,0.16118556261062622,0.0,0.4207795262336731,0.9467262625694275,0.9332096576690674,0.866548478603363,0.0
2053,0.0,0.0,0.0,0.0,0.0,0.0,0.0,0.0,0.0,0.0,0.0,0.0,0.0,0.0,0.0,0.0
2058,0.0,0.0,0.0,0.0,0.0,0.0,0.0,0.0,0.0,0.0,0.0,0.0,0.0,0.0,0.0,0.0
2060,0.0,0.0,0.0,0.0,0.0,0.0,0.0,0.022831061854958534,0.0,0.0,0.0,0.0,0.028345540165901184,0.0,0.0,0.0
2062,0.0,0.0,0.0,0.0,0.0,0.0,0.0,0.0,0.0,0.0,0.0,0.0,0.0,0.0,0.0,0.0
2072,0.0,0.0,0.0,0.0,0.0,0.0,0.0,0.0,0.0,0.0,0.0,0.0,0.0,0.0,0.0,0.0
2094,0.0,0.0,0.0,0.0,0.0,0.0,0.0,0.383797287940979,0.0,0.0,0.0,0.0,0.21240881085395813,0.0,0.0,0.9051494598388672
2100,0.0,0.03761107847094536,0.0,0.0,0.0,0.0,0.0,0.0,0.0,0.0,0.0,0.0,0.0,0.017862332984805107,0.0,0.0
2105,0.928463339805603,0.9922976493835449,0.12588466703891754,0.0,0.0,0.03674422577023506,0.0,0.9633364677429199,0.9937182664871216,0.0,0.0,0.0,0.0,0.154469296336174,0.9781397581100464,0.9943035244941711
2122,0.0,0.0,0.0,0.0,0.0,0.0,0.0,0.0,0.0,0.0,0.0,0.0,0.0,0.0,0.0,0.0
2125,0.0,0.0,0.0,0.0,0.0,0.0,0.0,0.0,0.0,0.0,0.0,0.0,0.0,0.0,0.0,0.0
2128,0.0,0.0,0.0,0.0,0.0,0.0,0.0,0.0,0.0,0.0,0.0,0.0,0.0,0.0,0.0,0.0
2129,0.0,0.0,0.0,0.0,0.0,0.0,0.0,0.0,0.0,0.0,0.0,0.0,0.0,0.0,0.0,0.0
2135,0.0,0.0,0.0,0.0,0.0,0.0,0.0,0.0,0.0,0.0,0.0,0.0,0.0,0.0,0.0,0.0
2141,0.0,0.0,0.0,0.0,0.0,0.0,0.0,0.0,0.0,0.0,0.0,0.0,0.0,0.0,0.0,0.0
2143,0.0,0.0,0.0,0.0,0.0,0.0,0.0,0.0,0.0,0.0,0.0,0.0,0.0,0.0,0.0,0.0
2149,0.0,0.0,0.0,0.0,0.0,0.0,0.0,0.0,0.0,0.0,0.0,0.0,0.0,0.0,0.0,0.0
2157,0.0,0.0,0.09060925245285034,0.4121730327606201,0.1762409806251526,0.14611193537712097,0.0,0.0,0.05407371371984482,0.03775184601545334,0.0,0.0,0.0697605162858963,0.0901288092136383,0.14742112159729004,0.0
2166,0.0,0.0,0.0,0.0,0.0,0.0,0.0,0.0,0.0,0.0,0.0,0.0,0.0,0.0,0.0,0.0
2168,0.0,0.0,0.0,0.0,0.0,0.0,0.0,0.0,0.0,0.0,0.0,0.0,0.0,0.0,0.0,0.0
2173,0.9094095826148987,0.0,0.7716259956359863,0.0,0.6321631669998169,0.0,0.0,0.0,0.0,0.04101000353693962,0.0,0.0,0.0,0.0,0.0,0.9508792757987976
2174,0.0,0.0,0.0,0.0,0.0,0.0,0.0,0.0,0.0,0.0,0.0,0.0,0.0,0.0,0.0,0.0
2189,0.0,0.0,0.0,0.0,0.0,0.0,0.0,0.0,0.0,0.0,0.0,0.0,0.0,0.0,0.0,0.0
2201,0.0,0.0,0.0,0.0,0.0,0.0,0.0,0.0,0.0,0.0,0.0,0.0,0.0,0.0,0.0,0.0
2202,0.0,0.0,0.0,0.0,0.0,0.0,0.0,0.0,0.0,0.0,0.0,0.0,0.0,0.0,0.0,0.0
2205,0.12419244647026062,0.1310414969921112,0.3707074224948883,0.30625349283218384,0.6769749522209167,0.3886023461818695,0.0,0.016783572733402252,0.1402917057275772,0.5951977968215942,0.20705358684062958,0.13762761652469635,0.180818572640419,0.32761499285697937,0.18883085250854492,0.7275794148445129
2215,0.0,0.0,0.0,0.0,0.0,0.0,0.0,0.0,0.0,0.0,0.0,0.0,0.0,0.0,0.0,0.0
2217,0.0,0.0,0.0,0.02788187377154827,0.0,0.0,0.03302937000989914,0.0,0.0,0.07129096239805222,0.0,0.0,0.0,0.0,0.0,0.04846925660967827
2230,0.059481460601091385,0.0502636581659317,0.0,0.035307373851537704,0.0,0.06580167263746262,0.03601763769984245,0.0,0.0,0.0760868489742279,0.0,0.0,0.05781403183937073,0.08513842523097992,0.0,0.018832415342330933
2243,0.0,0.0,0.0,0.0,0.0,0.0,0.0,0.0,0.0,0.0,0.0,0.0,0.0,0.0,0.0,0.0
2247,0.0,0.0,0.39904823899269104,0.0,0.0,0.0,0.0,0.0,0.0,0.0,0.0,0.0,0.0,0.0,0.0,0.0
2255,0.0,0.0,0.0,0.0,0.0,0.0,0.0,0.0,0.0,0.0,0.0,0.0,0.0,0.0,0.0,0.0
2256,0.1011257991194725,0.01183333434164524,0.0,0.0,0.0,0.654480516910553,0.0751071572303772,0.039639268070459366,0.0,0.06824207305908203,0.2595614790916443,0.09004433453083038,0.0,0.0,0.0,0.0
2272,0.0,0.20359300076961517,0.0,0.0,0.0,0.0,0.0,0.0,0.0,0.0,0.0,0.09265513718128204,0.0,0.0,0.0,0.0
2302,0.9922854900360107,0.994687020778656,0.8005858659744263,0.9085906147956848,0.7562487721443176,0.9897202849388123,0.3297474682331085,0.9184267520904541,0.9414439797401428,0.8114684224128723,0.8404980301856995,0.9673283100128174,0.8471598029136658,0.9989860653877258,0.8896957039833069,0.9215004444122314
2311,0.5242179036140442,0.055172599852085114,0.6298989653587341,0.0,0.0,0.0,0.9404354095458984,0.20000000298023224,0.5669004321098328,0.47726958990097046,0.0,0.0,0.29600462317466736,0.0,0.0,0.0
2316,0.0,0.04194386675953865,0.004012545570731163,0.0,0.0,0.0,0.0,0.0,0.0,0.0,0.0,0.0,0.0,0.01583785004913807,0.06267213821411133,0.0
2333,0.0,0.0,0.0,0.0,0.0,0.0,0.0,0.0,0.0,0.0,0.0,0.0,0.0,0.0,0.0,0.0
2336,0.27459391951560974,0.11621277034282684,0.6360123753547668,0.42698341608047485,0.3709941506385803,0.4011363089084625,0.0,0.36749520897865295,0.1930195391178131,0.7730815410614014,0.0,0.0,0.31381818652153015,0.27445438504219055,0.5763153433799744,0.51845782995224
2337,0.0,0.0,0.0,0.0,0.0,0.0,0.0,0.0,0.0,0.0,0.0,0.0,0.0,0.0,0.0,0.0
2341,0.0,0.0,0.0,0.0,0.0,0.8382269740104675,0.0,0.0,0.0,0.0,0.0,0.0,0.0,0.0,0.0,0.0
2347,0.0,0.0,0.0,0.0,0.0,0.0,0.0,0.0,0.0,0.0,0.0,0.0,0.0,0.0,0.0,0.0
2351,0.0,0.0,0.0,0.0,0.0,0.0,0.0,0.0,0.0,0.0,0.0,0.0,0.0,0.0,0.0,0.0
2364,0.0,0.0,0.0,0.0,0.0,0.0,0.0,0.0,0.0,0.0,0.0,0.0,0.0,0.0,0.0,0.0
2365,0.26548299193382263,0.0,0.776108980178833,0.24144400656223297,0.0,0.0,0.0,0.0,0.0,0.10392799973487854,0.0,0.0,0.0,0.0,0.0,0.0
2374,0.0,0.0,0.0,0.0,0.0,0.0,0.0,0.0,0.0,0.0,0.0,0.0,0.0,0.0,0.0,0.0
2404,0.27639010548591614,0.1353980451822281,0.5803527235984802,0.0,0.30550944805145264,0.45067042112350464,0.774867594242096,0.0,0.49000799655914307,0.009068700484931469,0.1811637282371521,0.42409199476242065,0.0,0.0,0.6658235192298889,0.7511484026908875
2412,0.45472100377082825,0.32742300629615784,0.0,0.0,0.0,0.0,0.0,0.0,0.0,0.0,0.0,0.0,0.0,0.30479899048805237,0.0,0.0
2413,0.0,0.17086642980575562,0.009214157238602638,0.02275984175503254,0.0,0.01649479568004608,0.05528487637639046,0.08720408380031586,0.008770421147346497,0.012292000465095043,0.08426003903150558,0.01488028559833765,0.03261993080377579,0.0,0.09820571541786194,0.019184889271855354
2420,0.0,0.0,0.0,0.0,0.0,0.0,0.0,0.0,0.0,0.0,0.0,0.0,0.0,0.0,0.0,0.36762991547584534
2429,0.0,0.0,0.0,0.0,0.0,0.045022159814834595,0.0,0.0,0.0,0.0,0.0,0.0,0.013367067091166973,0.0,0.0,0.0
2430,0.0,0.0,0.0,0.017351601272821426,0.0,0.0,0.0,0.0,0.0,0.0,0.0,0.0,0.0,0.0,0.0,0.0
2434,0.0,0.0,0.0,0.0,0.0,0.0,0.0,0.038626112043857574,0.0,0.0,0.0,0.0,0.0,0.039127446711063385,0.0,0.0
2456,0.3387130796909332,0.06672150641679764,0.004448600113391876,0.019327471032738686,0.04554743319749832,0.6165662407875061,0.0,0.1433110535144806,0.008908366784453392,0.0683610588312149,0.0,0.018762119114398956,0.47437214851379395,0.14208441972732544,0.02249564416706562,0.027763251215219498
2460,0.0,0.0,0.0,0.0,0.0,0.0,0.0,0.0,0.0,0.0,0.0,0.0,0.0,0.0,0.0,0.0
2470,0.0,0.0,0.0,0.0,0.0,0.0,0.0,0.0,0.0,0.0,0.0,0.0,0.0,0.0,0.0,0.02831394225358963
2474,0.0,0.0,0.0,0.0,0.0,0.0,0.0,0.0,0.0,0.0,0.0,0.0,0.0,0.0,0.0,0.0
2476,0.0,0.0,0.0029613333754241467,0.0,0.0,0.02221105434000492,0.3877994120121002,0.0,0.0,0.0,0.03319678455591202,0.010818714275956154,0.0,0.0,0.015336940996348858,0.0
2485,0.16631831228733063,0.0,0.13746216893196106,0.0,0.17613305151462555,0.0,0.11237237602472305,0.12139561772346497,0.0,0.1574644297361374,0.0,0.05445907264947891,0.0,0.07386990636587143,0.0826764777302742,0.0
2486,0.034667644649744034,0.5148888230323792,0.07133113592863083,0.054759811609983444,0.4951404631137848,0.03806968405842781,0.44399401545524597,0.40700986981391907,0.05981852486729622,0.26692256331443787,0.8079895973205566,0.4607938528060913,0.40733909606933594,0.09913615137338638,0.23149800300598145,0.26999691128730774
2495,0.0,0.0,0.0,0.0,0.0,0.0,0.0,0.0,0.0,0.0,0.0,0.0,0.0,0.0,0.0,0.09810599684715271
2501,0.0,0.0,0.0,0.0,0.0,0.0,0.0,0.0,0.0,0.0,0.0,0.04083762317895889,0.0,0.0,0.0,0.0
2504,0.0,0.0,0.0,0.0,0.0,0.0,0.0,0.0,0.0,0.0,0.0,0.0,0.0,0.0,0.0,0.0
2509,0.0,0.0,0.0,0.0,0.0,0.0,0.0,0.0,0.0,0.0,0.0,0.0,0.0,0.0,0.0,0.0
2510,0.20403987169265747,0.1692700833082199,0.261036217212677,0.0,0.0,0.0,0.0,0.0,0.11068066209554672,0.0,0.0,0.0,0.23311729729175568,0.044822800904512405,0.0,0.0
2523,0.38080281019210815,0.0,0.2695024311542511,0.0,0.0,0.0,0.22450044751167297,0.30670198798179626,0.18253524601459503,0.11805225908756256,0.0,0.31508469581604004,0.3095110058784485,0.2830185890197754,0.20319989323616028,0.0
2528,0.0,0.0,0.0,0.0,0.0,0.0,0.0,0.0,0.0,0.0,0.0,0.0,0.0,0.0,0.0,0.0
2531,0.0,0.0,0.0,0.0,0.0,0.0,0.0,0.0,0.0,0.0,0.0,0.0,0.0,0.0,0.0,0.0
2544,0.0,0.0,0.09341083467006683,0.0,0.0,0.0,0.06052452698349953,0.0,0.0,0.021269388496875763,0.0,0.0,0.0,0.0,0.018099889159202576,0.08806800097227097
2545,0.0,0.0,0.0,0.0,0.0,0.0,0.0,0.0,0.0,0.0,0.0,0.0,0.0,0.0,0.0,0.0
2548,0.0,0.0,0.2475219964981079,0.0,0.07504700124263763,0.0,0.0,0.3290660083293915,0.0,0.13393500447273254,0.0,0.0,0.0,0.0,0.0,0.29788699746131897
2552,0.0,0.0,0.07096400111913681,0.0,0.0,0.0,0.0,0.0,0.0,0.0,0.16099299490451813,0.0,0.3595690131187439,0.0,0.0,0.0
2556,0.7521508932113647,0.33017075061798096,0.0,0.0,0.7205954194068909,0.0,0.0,0.0,0.0,0.0,0.0,0.5084701776504517,0.6071869134902954,0.6366881728172302,0.9518292546272278,0.0
2558,0.0,0.0,0.0,0.0,0.0,0.0,0.0,0.0,0.0,0.0,0.0,0.0,0.0,0.0,0.0,0.0
2562,0.003015604568645358,0.241675466299057,0.16153430938720703,0.11868724972009659,0.006930804345756769,0.0,0.03741583600640297,0.06056566536426544,0.01931588165462017,0.01385079137980938,0.14395833015441895,0.010505734011530876,0.009276696480810642,0.0,0.04131082817912102,0.0
2564,0.0,0.0,0.0,0.0,0.0,0.0,0.0,0.0,0.0,0.0,0.0,0.0,0.0,0.0,0.0,0.0
2571,0.0,0.0,0.0,0.0,0.0,0.0,0.0,0.0,0.0,0.0,0.0,0.0,0.0,0.0,0.0,0.0
2598,0.04209661856293678,0.03198849782347679,0.04632780700922012,0.13554266095161438,0.020404167473316193,0.5506183505058289,0.03229823336005211,0.5012045502662659,0.3032255470752716,0.651864230632782,0.024708671495318413,0.5918217301368713,0.3521225154399872,0.06367422640323639,0.7283015251159668,0.10361364483833313
2606,0.0,0.0,0.0,0.0,0.0,0.0,0.0,0.0,0.0,0.05025250092148781,0.0,0.0,0.0,0.0,0.0,0.0
2607,0.0,0.0,0.0,0.0,0.0,0.0,0.0,0.0,0.0,0.0,0.0,0.0,0.0,0.0,0.0,0.0
2620,0.0,0.0,0.3834458291530609,0.0,0.0,0.0,0.0,0.0,0.0,0.0,0.0,0.0,0.0,0.0,0.0,0.0
2630,0.0,0.0,0.0,0.0,0.0,0.015815701335668564,0.0,0.0,0.0,0.11034311354160309,0.0,0.07202686369419098,0.0,0.0,0.0,0.0
2645,0.0,0.0,0.0,0.0,0.0,0.0,0.0,0.0,0.0,0.0,0.0,0.0,0.0,0.0,0.0,0.0
2658,0.0,0.0,0.0,0.0,0.0,0.0,0.0,0.0,0.0,0.0,0.0,0.0,0.0,0.0,0.0,0.0
2660,0.0,0.0,0.0,0.0,0.0,0.0,0.0,0.5020667314529419,0.765263557434082,0.0,0.0,0.1860496550798416,0.0,0.0,0.0,0.0
2665,0.4930609464645386,0.18852171301841736,0.36280035972595215,0.1077713742852211,0.2362366020679474,0.12251467257738113,0.1331760585308075,0.0,0.34345921874046326,0.09247110784053802,0.08063562214374542,0.2796705365180969,0.362409383058548,0.03325013071298599,0.3643680512905121,0.12021582573652267
2679,0.837150514125824,0.4991089999675751,0.9986159801483154,0.49933600425720215,0.49873849749565125,0.5,0.9983199834823608,0.6611153483390808,0.9971209764480591,0.9985020160675049,0.9973049759864807,1.0,0.007555666845291853,0.9959650039672852,0.14691540598869324,0.49973249435424805
2690,0.0,0.0,0.0,0.0,0.0,0.0,0.0,0.0,0.0,0.0,0.0,0.0,0.0,0.0,0.0,0.0
2700,0.039792515337467194,0.03576410189270973,0.0572267547249794,0.0,0.0,0.03300590068101883,0.0,0.031501494348049164,0.0,0.029656000435352325,0.0788889229297638,0.01572759449481964,0.15494413673877716,0.06380140781402588,0.0,0.009925772435963154
2707,0.24061886966228485,0.0,0.267718106508255,0.2368764877319336,0.3077424466609955,0.2374933511018753,0.10803507268428802,0.24876931309700012,0.0,0.6016407012939453,0.43126365542411804,0.39428114891052246,0.2798537015914917,0.529388427734375,0.04641922190785408,0.38631510734558105
2709,0.0,0.0,0.0,0.0,0.0,0.0,0.0,0.0,0.0,0.0,0.0,0.0,0.0,0.0,0.0,0.0
2710,0.18588577210903168,0.0340815931558609,0.22247779369354248,0.09640194475650787,0.1564476639032364,0.5169345736503601,0.03358045220375061,0.39111557602882385,0.07981040328741074,0.6189907193183899,0.31518372893333435,0.046801649034023285,0.35905030369758606,0.06305664032697678,0.8956196308135986,0.12797847390174866
2711,0.18553557991981506,0.09746149182319641,0.0,0.0,0.17299756407737732,0.23045659065246582,0.0,0.0,0.1845896989107132,0.0,0.1860881745815277,0.0,0.0,0.22602245211601257,0.0,0.1688796728849411
2714,0.0,0.0,0.0,0.0,0.0,0.0,0.0,0.0,0.0,0.0,0.0,0.0,0.0,0.0,0.0,0.0
2719,0.2971543073654175,0.2703973650932312,0.328444242477417,0.6017805337905884,0.2637955844402313,0.21263103187084198,0.5098819732666016,0.5963906049728394,0.5285771489143372,0.5234622955322266,0.4843197762966156,0.5013179183006287,0.15869425237178802,0.6654058694839478,0.47052717208862305,0.36988261342048645
2728,0.0,0.0,0.0,0.0,0.0,0.0,0.0,0.0,0.0,0.0,0.0,0.0,0.0,0.0,0.0,0.0
2744,0.0,0.0,0.0,0.0,0.0,0.0,0.0,0.0,0.0,0.0,0.0,0.0,0.0,0.0,0.0,0.0
2753,0.0,0.42823663353919983,0.09393751621246338,0.9398592710494995,0.0,0.34916117787361145,0.3169836103916168,0.5390334129333496,0.0,0.21423687040805817,0.0,0.3584178388118744,0.0,0.36346811056137085,0.19734574854373932,0.4319484233856201
2766,0.0,0.0,0.0,0.0,0.0,0.0,0.0,0.0,0.0,0.0,0.0,0.0,0.0,0.0,0.0,0.0
2780,0.0,0.06542067229747772,0.06122296676039696,0.08169927448034286,0.0,0.09767960011959076,0.0,0.12446139752864838,0.0,0.06768372654914856,0.05629692226648331,0.0,0.06714551895856857,0.0,0.0,0.02500823326408863
2781,0.0,0.0,0.0,0.0,0.0,0.0,0.0,0.0,0.0,0.0,0.0,0.0,0.0,0.0,0.0,0.0
2821,0.0,0.3414664566516876,0.16650789976119995,0.0,0.13271182775497437,0.0,0.1427132934331894,0.09154106676578522,0.17209774255752563,0.13854846358299255,0.10049741715192795,0.11970949918031693,0.10597572475671768,0.0,0.13158248364925385,0.21426743268966675
2833,0.0,0.0,0.0,0.0,0.0,0.0,0.0,0.0,0.0,0.0,0.0,0.0,0.0,0.0,0.0,0.0
2856,0.26719266176223755,0.12257100641727448,0.05120766907930374,0.0,0.0,0.0,0.0,0.0,0.1076873391866684,0.10467799752950668,0.17191267013549805,0.13810133934020996,0.0,0.0,0.308106005191803,0.1824284940958023
2860,0.815014660358429,0.9861779808998108,0.43120893836021423,0.7106492519378662,0.29546988010406494,0.5985289216041565,0.7758582830429077,0.0,0.3824889361858368,0.737038791179657,0.6225371956825256,0.2588903307914734,0.48466360569000244,0.8081521987915039,0.9893803596496582,0.9943253397941589
2866,0.26727136969566345,0.0,0.18816837668418884,0.04568628966808319,0.0,0.0,0.0,0.0,0.03824419155716896,0.0,0.0,0.0,0.07478950172662735,0.0671011358499527,0.13170896470546722,0.0
2873,0.0,0.2321166694164276,0.0,0.0,0.0,0.0,0.32186537981033325,0.0,0.0961349755525589,0.0,0.29395851492881775,0.13174375891685486,0.14782607555389404,0.08137928694486618,0.12062074989080429,0.0
2874,0.019276464357972145,0.048378974199295044,0.2484487146139145,0.0,0.0,0.0,0.0,0.02775716595351696,0.006679958663880825,0.11382270604372025,0.03685551881790161,0.032494936138391495,0.13652147352695465,0.04465547576546669,0.035544153302907944,0.004995377734303474
2877,0.0,0.0,0.0,0.0,0.0,0.0,0.0,0.0,0.0,0.0,0.0,0.0,0.0,0.0,0.0,0.0
2879,0.0,0.0,0.0,0.0,0.0,0.0,0.0,0.0,0.0,0.0,0.0,0.0,0.0,0.0,0.0,0.0
2884,0.8304010033607483,0.0,0.6511210203170776,0.5686820149421692,0.07030600309371948,0.0,0.0,0.410429984331131,0.0,0.6051589846611023,0.0,0.0,0.0,0.0,0.0,0.0
2887,0.0,0.0,0.0,0.0,0.0,0.0,0.0,0.0,0.0,0.0,0.0,0.0,0.0,0.0,0.0,0.0
2892,0.0,0.0,0.0,0.0,0.0,0.0,0.0,0.0,0.0,0.0,0.0,0.0,0.0,0.0,0.0,0.0
2906,0.059756603091955185,0.0642489567399025,0.011214260943233967,0.01931682787835598,0.0,0.0,0.04278809577226639,0.0,0.0,0.0,0.0,0.057050712406635284,0.0,0.09436360746622086,0.09021833539009094,0.0
2907,0.0,0.0,0.0,0.0,0.0,0.0,0.0,0.0,0.0,0.0,0.0,0.0,0.0,0.0,0.0,0.0
2911,0.172361359000206,0.17852726578712463,0.1867752969264984,0.2681853473186493,0.0,0.07271134108304977,0.14125175774097443,0.0,0.1193154975771904,0.0,0.0,0.19119325280189514,0.1403893679380417,0.2510392367839813,0.1616555005311966,0.0
2913,0.0,0.0,0.0,0.0,0.0,0.0,0.0,0.0,0.0,0.0,0.0,0.0,0.0,0.0,0.14774484932422638,0.0
2919,0.14573459327220917,0.06408155709505081,0.0,0.0,0.0,0.0,0.0,0.0,0.0,0.0,0.0,0.0,0.0,0.0,0.082956962287426,0.0
2920,0.058530788868665695,0.025346888229250908,0.0,0.0,0.11309375613927841,0.0,0.0,0.0,0.0,0.0,0.0,0.0,0.0,0.0,0.0,0.0
2921,0.7048909664154053,0.5929886102676392,0.3028373122215271,0.6779818534851074,0.48716679215431213,0.6665666699409485,0.6241815686225891,0.919574499130249,0.8382610082626343,0.9576742053031921,0.6282857060432434,0.6473738551139832,0.7813207507133484,0.8831943869590759,0.5302460789680481,0.9372744560241699
2934,0.0,0.0,0.0,0.0,0.0,0.0,0.0,0.0,0.0,0.0,0.0,0.0,0.0,0.0,0.0,0.0
2938,0.0,0.0,0.0,0.0,0.0,0.0,0.0,0.23334981501102448,0.0,0.0,0.0,0.0,0.0,0.0,0.0,0.0
2942,0.0,0.0,0.0,0.0,0.0,0.0,0.0,0.0,0.0,0.0,0.0,0.0,0.0,0.0,0.0,0.0
2946,0.0,0.0,0.0,0.0,0.0,0.0,0.0,0.0,0.3146359920501709,0.0,0.0,0.0,0.0,0.0,0.0,0.0
2948,0.0,0.0,0.0,0.0,0.0,0.0,0.0,0.0,0.0,0.0,0.0,0.0,0.0,0.0,0.0,0.0
2949,0.0,0.0,0.0,0.0,0.0,0.0,0.0,0.0,0.0,0.0,0.0,0.0,0.0,0.0,0.0,0.0
2956,0.0,0.0,0.0,0.5068110227584839,0.0,0.0,0.0,0.0,0.0,0.0,0.0,0.0,0.0,0.0,0.0,0.0
2964,0.0,0.0,0.0,0.0,0.0,0.0,0.0,0.0,0.0,0.0,0.0,0.0,0.0,0.0,0.0,0.0
2970,0.0,0.0,0.0,0.0,0.0,0.0,0.0,0.0,0.0,0.0,0.0,0.0,0.0,0.0,0.0,0.0
2971,0.0,0.0,0.0,0.0,0.0,0.0,0.0,0.0,0.0,0.0,0.0,0.0,0.0,0.0,0.0,0.0
2972,0.0,0.0,0.0,0.0,0.0,0.0,0.0,0.0,0.0,0.0,0.0,0.0,0.0,0.0,0.0,0.0
2973,0.0,0.0,0.0,0.0,0.0,0.0,0.0,0.11413899809122086,0.0,0.09179700165987015,0.0,0.0,0.0,0.12541699409484863,0.0,0.0
2977,0.2289806306362152,0.2210167795419693,0.15592697262763977,0.13171625137329102,0.08307920396327972,0.22290511429309845,0.13921420276165009,0.23775021731853485,0.05591679364442825,0.04650900140404701,0.03926662355661392,0.01983724907040596,0.0,0.0,0.3939254581928253,0.04448466747999191
2978,0.0,0.0,0.0,0.0,0.0,0.0,0.0,0.0,0.0,0.03745579347014427,0.0,0.0464700385928154,0.24920538067817688,0.0,0.0,0.0
2993,0.0,0.0,0.2252594232559204,0.0,0.0,0.0,0.0,0.0,0.0,0.0,0.0,0.14751046895980835,0.13416586816310883,0.0,0.01668098382651806,0.06704486161470413
2994,0.0,0.0,0.0,0.0,0.0,0.0,0.0,0.0,0.0,0.0,0.0,0.0,0.0,0.0,0.0,0.0
3013,0.0,0.0,0.0,0.0,0.0,0.0,0.0,0.0,0.0,0.0,0.0,0.0,0.0,0.0,0.0,0.0
3017,0.0,0.0,0.0,0.0,0.0,0.0,0.0,0.0,0.0,0.0,0.0,0.0,0.0,0.0,0.0,0.0
3018,0.4578465223312378,0.0,0.9714130163192749,0.0,0.20059049129486084,0.5187165141105652,0.49518048763275146,0.0,0.33695048093795776,0.0,0.3574030101299286,0.0,0.3339114785194397,0.5737274885177612,0.0,0.4943159818649292
3023,0.10525625199079514,0.0,0.15001319348812103,0.0,0.0,0.0,0.0,0.0,0.0,0.0,0.0,0.0,0.1964544951915741,0.0,0.0,0.0
3024,0.0,0.0,0.0,0.0,0.0,0.0,0.0,0.0,0.0,0.0,0.0,0.0,0.0,0.0,0.0,0.0
3025,0.0,0.0,0.0,0.0,0.0,0.0,0.0,0.0,0.0,0.0,0.0,0.0,0.0,0.0,0.0,0.0
3032,0.0,0.13202700018882751,0.3334609866142273,0.026967667043209076,0.4022846817970276,0.3308626711368561,0.1256953477859497,0.13601401448249817,0.0,0.0,0.117617666721344,0.08200550079345703,0.2988409996032715,0.39885300397872925,0.32826748490333557,0.32659268379211426
3033,0.0,0.0,0.0,0.0,0.0,0.0,0.0,0.0,0.0,0.0,0.0,0.0,0.0,0.0,0.0,0.0
3036,0.0,0.0,0.46205198764801025,0.9999070167541504,0.9443169832229614,0.15294671058654785,0.0,0.0,0.0,0.0,0.6773459911346436,0.0,0.0,0.0,0.0,0.0
3049,0.051244497299194336,0.0,0.0,0.0,0.0,0.0,0.0437866672873497,0.0,0.0,0.0,0.0624401681125164,0.0,0.0,0.0,0.0,0.0
3051,0.0,0.0,0.18374499678611755,0.13897567987442017,0.23218898475170135,0.0,0.2017253339290619,0.0,0.0,0.0,0.0,0.0,0.0,0.0,0.0,0.0
3058,0.7896429896354675,0.5226210355758667,0.03851249814033508,0.0,0.0,0.377874493598938,0.29823899269104004,0.4017165005207062,0.4418269991874695,0.18317601084709167,0.0,0.4202190041542053,0.0,0.3637920022010803,0.0,0.5394355058670044
3064,0.0,0.0,0.0,0.0,0.0,0.0,0.0,0.0,0.0,0.0,0.0,0.0,0.0,0.0,0.0,0.0
3068,0.0,0.0,0.0,0.0,0.0,0.004201999865472317,0.038802001625299454,0.03204049915075302,0.0,0.07245640456676483,0.0,0.0,0.0,0.0,0.0,0.0
3069,0.0,0.0,0.0,0.0,0.0,0.0,0.0,0.0,0.0,0.0,0.0,0.0,0.0,0.0,0.0,0.0
3071,0.494525671005249,0.19542932510375977,0.0,0.2518736720085144,0.0,0.3296020030975342,0.0,0.0,0.19300448894500732,0.6347140073776245,0.4919220209121704,0.4734683632850647,0.08975599706172943,0.4143409729003906,0.31101834774017334,0.018682001158595085
3077,0.0,0.0,0.0,0.0,0.0,0.0,0.0,0.0,0.0,0.0,0.0,0.0,0.0,0.0,0.0,0.0
3086,0.0,0.0,0.0,0.0,0.0,0.0,0.0,0.0,0.0,0.0,0.0,0.0,0.0,0.0,0.0,0.0
3094,0.0,0.0,0.0,0.0,0.0,0.0,0.0,0.0,0.0,0.0,0.0,0.0,0.0,0.0,0.0,0.0
3095,0.0,0.0,0.0,0.0,0.0,0.0,0.0,0.0,0.0,0.0,0.0,0.0,0.0,0.0,0.0,0.0
3101,0.0,0.9531154632568359,0.0,0.2841503620147705,0.6607973575592041,0.0,0.2692505121231079,0.0,0.4233565032482147,0.18216049671173096,0.3599749803543091,0.5409444570541382,0.15787050127983093,0.6729815006256104,0.24887049198150635,0.2984166741371155
3104,0.0,0.0,0.0,0.0,0.0,0.0,0.0,0.0,0.0,0.0,0.0,0.0,0.0,0.0,0.0,0.0
3106,0.0,0.18411649763584137,0.0,0.0,0.48267900943756104,0.7528250217437744,0.521448016166687,0.48739901185035706,0.70489901304245,0.0,0.0,0.692113995552063,0.0,0.0,0.23520249128341675,0.8848370313644409
3108,0.0,0.0,0.0,0.0,0.0,0.0,0.0,0.0,0.015895262360572815,0.0,0.0,0.0,0.0,0.0,0.0,0.0
3113,0.0,0.0,0.0,0.0,0.0,0.0,0.0,0.0,0.0,0.0,0.0,0.0,0.0,0.0,0.0,0.0
3119,0.0,0.0,0.0,0.0,0.0,0.0,0.0,0.0,0.017486480996012688,0.0,0.0,0.0,0.11002006381750107,0.10972785949707031,0.0,0.0
3125,0.12211793661117554,0.0827605351805687,0.10860434174537659,0.0,0.0,0.17161008715629578,0.10086686909198761,0.11716766655445099,0.17646107077598572,0.14290595054626465,0.177643284201622,0.11700299382209778,0.12961247563362122,0.134035125374794,0.19487278163433075,0.0
3126,0.9764387011528015,0.6154602766036987,0.7894472479820251,0.5498745441436768,0.0,0.6227061152458191,0.4330650866031647,0.650291383266449,0.0,0.7687731981277466,0.36643192172050476,0.8755325675010681,0.7736254930496216,0.7572845816612244,0.10425899922847748,0.0
3129,0.0,0.0,0.0,0.0,0.0,0.0,0.0,0.0,0.0,0.0,0.0,0.0,0.0,0.0,0.0,0.0
3132,0.0,0.27961865067481995,0.0,0.0,0.0,0.0,0.26000821590423584,0.17211510241031647,0.2792806923389435,0.0,0.2920668423175812,0.0,0.22356769442558289,0.0,0.13744299113750458,0.0
3133,0.0,0.0,0.09676403552293777,0.0,0.1048508733510971,0.1451708823442459,0.0,0.21294721961021423,0.0,0.0,0.0,0.05363946035504341,0.0,0.0,0.0,0.0
3134,0.0,0.0,0.0,0.0,0.0,0.0,0.0,0.0,0.0,0.0,0.0,0.0,0.0,0.0,0.0,0.0
3142,0.0,0.0,0.0,0.0,0.0,0.0,0.0,0.0,0.0,0.0,0.0,0.0,0.0,0.0,0.0,0.0
3143,0.0,0.01840679720044136,0.0,0.0,0.05097637698054314,0.0,0.0,0.12957267463207245,0.0,0.1289735585451126,0.13908956944942474,0.023622388020157814,0.0,0.0,0.0,0.0
3147,0.0,0.0,0.0,0.0,0.0,0.0,0.0,0.0,0.0,0.0,0.0,0.0,0.0,0.0,0.0,0.0
3149,0.0,0.42767298221588135,0.0,0.3950989842414856,0.46224749088287354,0.0,0.2216619998216629,0.15113049745559692,0.29366201162338257,0.23906248807907104,0.8152415156364441,0.0,0.27612000703811646,0.49062299728393555,0.3830125033855438,0.0
3155,0.08173181861639023,0.0,0.21182747185230255,0.0,0.025772575289011,0.0,0.0,0.0,0.0,0.11887072026729584,0.0,0.13657847046852112,0.0,0.0,0.04309055581688881,0.0
3156,0.0,0.0,0.0,0.0,0.0,0.0,0.0,0.0,0.0,0.0,0.0,0.0,0.0,0.0,0.0,0.0
3160,0.0,0.0,0.0,0.0,0.0,0.0,0.0,0.0,0.0,0.0,0.0,0.0,0.0,0.0,0.0,0.0
3161,0.9994484782218933,0.9673052430152893,0.0,0.9971389770507812,0.9870192408561707,0.618465006351471,0.0,0.9530092477798462,0.946690022945404,0.7936259508132935,0.7576262354850769,0.9969900250434875,0.7544384598731995,0.9877084493637085,0.9660184383392334,0.9903988242149353
3165,0.0,0.0,0.0,0.0,0.0,0.0,0.0,0.0,0.0,0.0,0.0,0.0,0.0,0.0,0.08621150255203247,0.0
3168,0.0,0.0,0.0,0.0,0.0,0.0,0.0,0.0,0.0,0.0,0.0,0.0,0.0,0.0,0.0,0.0
3172,0.0,0.0,0.0,0.0,0.0,0.0,0.0,0.0,0.0,0.0,0.0,0.0,0.0,0.0,0.0,0.0
3173,0.0,0.0,0.0,0.0,0.0,0.0,0.0,0.0,0.0,0.0,0.0,0.0,0.0,0.0,0.0,0.0
3179,0.015506524592638016,0.019007043913006783,0.21358169615268707,0.0,0.0,0.19278576970100403,0.0598936453461647,0.0,0.18629835546016693,0.0,0.0,0.0,0.0,0.1670580357313156,0.055224962532520294,0.024609608575701714
3181,0.3887721598148346,0.46478700637817383,0.14811141788959503,0.020938850939273834,0.07276732474565506,0.04582022875547409,0.29782822728157043,0.12783263623714447,0.3412284553050995,0.6725144982337952,0.25630998611450195,0.03478582575917244,0.016180453822016716,0.055590953677892685,0.32114076614379883,0.31608688831329346
3183,0.0,0.0,0.0,0.0,0.0,0.0,0.0,0.0,0.0,0.0,0.0,0.0,0.0,0.0,0.0,0.0
3187,0.0,0.0,0.0,0.0,0.0550563745200634,0.09494908899068832,0.06498078256845474,0.14645308256149292,0.0,0.15906915068626404,0.14242446422576904,0.0,0.0,0.17922720313072205,0.0,0.0
3191,0.0,0.0,0.0,0.0,0.0,0.0,0.0,0.0,0.0,0.0,0.0,0.0,0.0,0.0,0.0,0.0
3192,0.0,0.0,0.0,0.0,0.0,0.01803174987435341,0.0,0.0,0.0,0.03547270968556404,0.0,0.0,0.0019335498800501227,0.0,0.009030095301568508,0.0
3198,0.0,0.0,0.0,0.0,0.0,0.0,0.0,0.0,0.0,0.0,0.0,0.0,0.0,0.0,0.0,0.0
3204,0.06799055635929108,0.28621721267700195,0.2992699146270752,0.10213622450828552,0.28572699427604675,0.0,0.06466399878263474,0.20090807974338531,0.027734175324440002,0.10207589715719223,0.17197050154209137,0.19321849942207336,0.23250657320022583,0.10018600523471832,0.0,0.21622921526432037
3205,0.0,0.0,0.0,0.0,0.0,0.0,0.0,0.0,0.0,0.0,0.0,0.0,0.0,0.0,0.0,0.0
3207,0.0,0.0,0.6785963177680969,0.0,0.0,0.0,0.0,0.0,0.7294548749923706,0.7153348922729492,0.0,0.4425525665283203,0.0,0.0,0.7728902697563171,0.0
3208,0.0,0.0,0.0,0.0,0.0,0.0,0.0,0.0,0.0,0.0,0.0,0.0,0.0,0.0,0.0,0.0
3211,0.0,0.0,0.0,0.0,0.0,0.0,0.0,0.0,0.0,0.0,0.0,0.0,0.0,0.0,0.0,0.0
3212,0.019047999754548073,0.036896999925374985,0.0,0.07434974610805511,0.0,0.0,0.036189500242471695,0.05207575112581253,0.0,0.10273250192403793,0.0,0.0,0.11925800144672394,0.06465975195169449,0.0,0.0
3217,0.0,0.0,0.0,0.0,0.0,0.0,0.0,0.0,0.0,0.0,0.0,0.0,0.0,0.0,0.0,0.0
3221,0.0,0.08022948354482651,0.32699769735336304,0.0,0.26026275753974915,0.0,0.09409668296575546,0.0,0.0,0.08082468807697296,0.0,0.0,0.0,0.07556740194559097,0.0,0.0
3224,0.0,0.0,0.0,0.0,0.0,0.0,0.0,0.0,0.0,0.0,0.0,0.0,0.0,0.0,0.0,0.0
3228,0.0,0.0,0.0,0.0,0.0,0.0,0.0,0.0,0.0,0.0,0.0,0.0,0.0,0.0,0.0,0.0
3229,0.0,0.0,0.0,0.0,0.0,0.0,0.0,0.0,0.0,0.0,0.0,0.0,0.0,0.0,0.0,0.0
3231,0.5708020925521851,0.0,0.7251226305961609,0.8876029849052429,0.7449333071708679,0.7320130467414856,0.8170441389083862,0.6842297315597534,0.0,0.6192399859428406,0.0,0.9392035603523254,0.0,0.8781608939170837,0.0,0.28367915749549866
3233,0.0,0.0,0.0,0.0,0.0,0.0,0.0,0.0,0.0,0.0,0.0,0.0,0.0,0.0,0.0,0.0
3235,0.16729150712490082,0.05454679951071739,0.11191866546869278,0.3880278468132019,0.0,0.4557395577430725,0.09966768324375153,0.311082124710083,0.23410314321517944,0.0,0.41355186700820923,0.12719272077083588,0.26396092772483826,0.3252829313278198,0.0,0.0
3236,0.0,0.0,0.0,0.0,0.0,0.0,0.08104480057954788,0.0,0.0,0.0,0.0,0.0,0.0,0.0,0.042466334998607635,0.0
3238,0.0,0.0,0.0,0.0,0.0,0.0,0.0,0.0,0.0,0.0,0.04171966761350632,0.0,0.0,0.0,0.0,0.0
3246,0.08996769040822983,0.2654326856136322,0.08525603264570236,0.7338051795959473,0.13305246829986572,0.0,0.1573139876127243,0.19007015228271484,0.3888123333454132,0.11026874929666519,0.18463994562625885,0.10485365241765976,0.05037390813231468,0.3572761118412018,0.7151937484741211,0.17165535688400269
3248,0.0,0.0,0.0,0.0,0.0,0.0,0.0,0.0,0.0,0.0,0.0,0.0,0.0,0.0,0.0,0.0
3251,0.0,0.0,0.0,0.0,0.0,0.0,0.0,0.0,0.0,0.0,0.0,0.0,0.0,0.0,0.0,0.0
3252,0.0,0.0,0.0,0.0,0.0,0.0,0.0,0.0,0.29339298605918884,0.0,0.0,0.0,0.0,0.0,0.0,0.0
3254,0.1567293405532837,0.0,0.05195115879178047,0.0,0.060331664979457855,0.0,0.0,0.11155129224061966,0.0,0.0,0.0,0.0,0.00424982700496912,0.03490558639168739,0.10449622571468353,0.0
3262,0.0,0.0,0.0,0.0,0.0,0.0,0.0,0.0,0.0,0.0,0.0,0.0,0.0,0.0,0.0,0.0
3265,0.0,0.0,0.0,0.0,0.0,0.0,0.0,0.0,0.43828800320625305,0.0,0.0,0.0,0.10862500220537186,0.016693266108632088,0.0,0.0
3267,0.0,0.0,0.0,0.0,0.0,0.0,0.0,0.0,0.0,0.0,0.0,0.0,0.0,0.0,0.0,0.0
3268,0.0,0.7854279279708862,0.5253252387046814,0.0,0.0,0.0,0.0,0.0,0.0,0.0,0.0,0.0,0.0,0.0,0.0,0.0
3272,0.0,0.0,0.0,0.0,0.0,0.0,0.0,0.0,0.0,0.0,0.0,0.0,0.0,0.0,0.0,0.0
3281,0.0,0.0,0.0,0.0,0.0,0.0,0.0,0.13896599411964417,0.0,0.0,0.0,0.33179301023483276,0.0,0.0,0.0,0.0
3282,0.0,0.0,0.0,0.0,0.0,0.0,0.0,0.0,0.0,0.0,0.0,0.0,0.0,0.0,0.0,0.0
3284,0.0,0.0,0.0,0.0,0.0058708637952804565,0.03371158242225647,0.0,0.0,0.019607150927186012,0.0,0.0,0.0,0.0,0.0,0.013869150541722775,0.0
3285,0.0,0.0,0.0,0.0,0.0,0.0,0.13608741760253906,0.0,0.26206323504447937,0.06063609942793846,0.03395339846611023,0.0,0.06821954250335693,0.0,0.24356094002723694,0.4253278076648712
3291,0.0,0.0,0.0,0.0,0.0,0.0,0.0,0.0,0.0,0.0,0.0,0.0,0.0,0.0,0.0,0.0
3298,0.0,0.0,0.0,0.0,0.0,0.0,0.0,0.0,0.0,0.0,0.0,0.0,0.0,0.0,0.0,0.0
3301,0.0,0.16316816210746765,0.0,0.0,0.06042063608765602,0.0,0.34165990352630615,0.0,0.0,0.0,0.18731628358364105,0.0,0.0,0.16021734476089478,0.1684006005525589,0.051881223917007446
3302,0.07862114161252975,0.0,0.24431361258029938,0.0,0.0,0.0,0.0,0.0,0.0,0.16947250068187714,0.0,0.0,0.0,0.0,0.0,0.0
3303,0.021598204970359802,0.4122792184352875,0.30792275071144104,0.0,0.030600057914853096,0.05542026832699776,0.09908869117498398,0.7374683022499084,0.40795448422431946,0.28182554244995117,0.03625263646245003,0.49705177545547485,0.07250194251537323,0.30836787819862366,0.4006331264972687,0.09310664236545563
3304,0.23946809768676758,0.035989001393318176,0.21231016516685486,0.26300469040870667,0.3444391191005707,0.18665245175361633,0.4312848746776581,0.1211414784193039,0.4912504553794861,0.019444027915596962,0.1824159026145935,0.0907440036535263,0.5783300995826721,0.15141554176807404,0.27843859791755676,0.11972285807132721
3307,0.0,0.0,0.0,0.0,0.0,0.0,0.0,0.0,0.0,0.0,0.0,0.0,0.0,0.0,0.0,0.0
3311,0.46603530645370483,0.673868715763092,0.09027157723903656,0.5189027190208435,0.6870140433311462,0.14125670492649078,0.25407305359840393,0.769020676612854,0.004606000147759914,0.5214955806732178,0.3609265685081482,0.23663896322250366,0.5038573145866394,0.00831708312034607,0.38368669152259827,0.800852358341217
3312,0.0,0.0,0.0,0.0,0.0,0.06043258309364319,0.016939500346779823,0.0,0.007871899753808975,0.0,0.0,0.0,0.0,0.0,0.0,0.0
3313,0.0,0.0,0.0,0.0,0.0,0.0,0.0,0.0,0.0,0.0,0.0,0.0,0.0,0.0,0.0,0.0
3314,0.15193994343280792,0.0,0.15382562577724457,0.26592227816581726,0.0,0.0,0.16181576251983643,0.20372432470321655,0.1907811164855957,0.0,0.0,0.0,0.14333373308181763,0.1751541793346405,0.1636713147163391,0.1679488867521286
3316,0.43941786885261536,0.0,0.28446313738822937,0.17293299734592438,0.041344501078128815,0.04812000319361687,0.025694092735648155,0.0,0.4677850008010864,0.08713017404079437,0.19334475696086884,0.632611870765686,0.57589191198349,0.0,0.3849399983882904,0.47044357657432556
3318,0.0,0.0,0.0,0.0,0.0,0.0,0.0,0.0,0.0,0.0,0.0,0.0,0.0,0.0,0.0,0.0
3321,0.0,0.0,0.0,0.0,0.0,0.04403166472911835,0.04847840219736099,0.02109210006892681,0.0,0.0,0.0,0.0,0.0,0.0,0.0,0.0
3322,0.0,0.0,0.0,0.0,0.0,0.0,0.0,0.0,0.0,0.0,0.0,0.0,0.0,0.0,0.0,0.0
3323,0.0,0.0,0.08563250303268433,0.10461366176605225,0.0,0.0,0.0,0.0,0.0,0.0,0.0,0.0,0.0,0.0,0.0,0.0
3325,0.0,0.9734770059585571,0.8111317753791809,0.0,0.0,0.05735304206609726,0.0,0.0,0.0,0.0,0.0,0.0,0.0,0.0,0.0,0.0
3327,0.0,0.0,0.0,0.01038731262087822,0.0,0.0,0.0,0.0,0.0,0.0,0.0,0.01349091250449419,0.0,0.0,0.0,0.0
3330,0.12685811519622803,0.0,0.0,0.022700399160385132,0.0,0.0,0.26004862785339355,0.1550254374742508,0.0,0.07512453943490982,0.0,0.02730296365916729,0.024740539491176605,0.08149727433919907,0.08363326638936996,0.0
3337,0.0,0.0,0.0,0.0,0.0,0.0,0.0,0.0,0.0,0.0,0.0,0.0,0.0,0.0,0.0,0.0
3339,0.0,0.0,0.0,0.0,0.0,0.0,0.0,0.0,0.0,0.0,0.0,0.0,0.0,0.0,0.0,0.0
3340,0.0,0.7982144951820374,0.2319485992193222,0.18997587263584137,0.745220422744751,0.03780791163444519,0.41735559701919556,0.0586196705698967,0.02174381911754608,0.329900324344635,0.0,0.6084227561950684,0.777258574962616,0.07281849533319473,0.4192121922969818,0.7817977666854858
3341,0.0,0.0,0.0,0.0,0.0,0.0,0.0,0.0,0.0,0.0,0.0,0.0,0.0,0.0,0.0,0.0
3342,0.0,0.0,0.0,0.0,0.0,0.0,0.0,0.0,0.0,0.0,0.0,0.0,0.0,0.0,0.0,0.0
3344,0.0,0.8964711427688599,0.3205762505531311,0.11949124932289124,0.3339890241622925,0.0,0.33215340971946716,0.0,0.4319714903831482,0.2937362492084503,0.0,0.0,0.0,0.36646518111228943,0.0,0.0
3345,0.01251271553337574,0.0,0.0,0.0,0.01584266684949398,0.0,0.0,0.004401857499033213,0.03755304589867592,0.0,0.0,0.0,0.0,0.01788710057735443,0.048931900411844254,0.0
3351,0.027945348992943764,0.0,0.02674250118434429,0.01091730035841465,0.0,0.02044934220612049,0.01361937541514635,0.010501000098884106,0.0395333506166935,0.0,0.04573842138051987,0.0,0.053020916879177094,0.0,0.0,0.015246846713125706
3352,0.0,0.0,0.0,0.0,0.0,0.0,0.0,0.0,0.0,0.0,0.0,0.0,0.0,0.0,0.0,0.0
3356,0.0,0.0,0.0,0.0,0.0,0.0054349168203771114,0.0,0.0,0.0,0.02161620929837227,0.0,0.0,0.0,0.0,0.01606861874461174,0.0
3360,0.226035475730896,0.266355961561203,0.2903265058994293,0.29556894302368164,0.309837281703949,0.23899175226688385,0.0,0.0,0.0,0.2807137072086334,0.21964052319526672,0.0,0.0,0.0,0.0,0.0
3361,0.46771663427352905,0.0,0.0,0.2329929918050766,0.0,0.0,0.0,0.0,0.0,0.2637327313423157,0.049936335533857346,0.0,0.0,0.0,0.4074941575527191,0.4090794622898102
3362,0.4334588944911957,0.1368834525346756,0.5430102944374084,0.41699323058128357,0.7208675146102905,0.7493323087692261,0.011997874826192856,0.7964907288551331,0.47160542011260986,0.11654782295227051,0.0,0.3847259283065796,0.45198631286621094,0.299511194229126,0.4331594705581665,0.43265458941459656
3363,0.0,0.0,0.0,0.0,0.0,0.0,0.0,0.0,0.0,0.0,0.0,0.0,0.0,0.0,0.0,0.0
3365,0.0,0.0,0.0,0.0,0.0,0.0,0.0,0.0,0.0,0.0,0.0,0.5643799901008606,0.0,0.0,0.0,0.026533430442214012
3367,0.0,0.0,0.0,0.0,0.0,0.0,0.0,0.0,0.0,0.0,0.0,0.0,0.0,0.1880439966917038,0.0,0.0
3368,0.0,0.0,0.0,0.0,0.0,0.0,0.0,0.0,0.0,0.0,0.0,0.0,0.0,0.0,0.0,0.0
3369,0.0,0.0,0.0,0.0,0.0,0.0,0.0,0.0,0.0,0.0,0.0,0.0,0.0,0.0,0.0,0.0
3371,0.0,0.0,0.0,0.0,0.0,0.0,0.0,0.0,0.0,0.0,0.0,0.0,0.0,0.0,0.0,0.0
3373,0.0,0.0,0.0,0.577938973903656,0.0,0.0,0.0,0.0,0.0,0.0,0.0,0.0,0.0,0.0,0.0,0.0
3374,0.0,0.0,0.0,0.0,0.0,0.022309210151433945,0.008397956378757954,0.0027261199429631233,0.0,0.0,0.0,0.0,0.0,0.0,0.0,0.0
3376,0.09855197370052338,0.0,0.0,0.0,0.0,0.0,0.0,0.0,0.0,0.0,0.0,0.0,0.0,0.12636642158031464,0.0,0.0
3381,0.0,0.0,0.0,0.0,0.0,0.0,0.0,0.0,0.0,0.0,0.0,0.0,0.0,0.0,0.0,0.0
3382,0.0,0.0,0.0,0.0,0.0,0.0,0.0,0.0,0.0,0.0,0.0,0.0,0.0,0.0,0.0,0.01995380036532879
3391,0.0,0.0,0.0,0.0,0.0,0.0,0.0,0.0,0.0,0.0,0.0,0.0,0.0,0.0,0.0,0.0
3392,0.13574592769145966,0.0,0.0,0.0,0.0,0.0,0.0,0.0,0.0,0.11823756247758865,0.11249243468046188,0.0,0.0,0.0,0.0,0.0
3393,0.0,0.0,0.0,0.0,0.0,0.0,0.0,0.0,0.0,0.0,0.0,0.0,0.0,0.0,0.0,0.0
3397,0.0,0.0,0.0,0.0,0.0,0.0,0.0,0.0,0.0,0.0,0.0,0.0,0.0,0.0,0.0,0.0
3399,0.0,0.0,0.0,0.0,0.0,0.0,0.0,0.0,0.0,0.0,0.0,0.0,0.0,0.0,0.0,0.0
3401,0.0,0.0,0.259819358587265,0.0,0.0,0.0,0.0,0.0,0.023398462682962418,0.40589872002601624,0.0,0.0,0.0,0.0,0.0,0.0
3404,0.0,0.0,0.0,0.0,0.0,0.0,0.0,0.0,0.0,0.0,0.0,0.0,0.0,0.0,0.0,0.0
3407,0.0,0.0,0.0,0.0,0.0,0.0,0.0,0.0,0.0,0.0,0.0,0.0,0.0,0.0,0.0,0.0
3411,0.008759555406868458,0.0,0.0,0.002831545425578952,0.0,0.0,0.0,0.0,0.055080071091651917,0.0,0.0,0.0,0.0,0.010935646481812,0.0,0.0
3415,0.0,0.0,0.0,0.0,0.0,0.0,0.0,0.08606383204460144,0.0,0.0,0.0,0.0,0.0,0.0,0.0,0.0
3416,0.0,0.0,0.0,0.0,0.0,0.0,0.0,0.0,0.0,0.0,0.0,0.0,0.0,0.0,0.0,0.0
3424,0.0,0.0,0.0,0.0,0.00943446159362793,0.0,0.0,0.0,0.032363273203372955,0.043814726173877716,0.0,0.0771528035402298,0.0,0.007428031414747238,0.0,0.012989332899451256
3425,0.0,0.0,0.0,0.0,0.0,0.0,0.0,0.0,0.0,0.0,0.0,0.0,0.0,0.0,0.0,0.0
3427,0.0,0.0,0.0,0.03252647444605827,0.02588091604411602,0.0,0.0,0.018590690568089485,0.03783643990755081,0.041506536304950714,0.0,0.004123862832784653,0.12042519450187683,0.0,0.02353563718497753,0.04438367486000061
3432,0.22321701049804688,0.09953486174345016,0.0,0.21032099425792694,0.0,0.16026321053504944,0.16021223366260529,0.0,0.1340722292661667,0.3473692238330841,0.07447333633899689,0.0,0.0,0.11285965144634247,0.0,0.0
3435,0.0,0.0,0.0,0.0,0.0,0.003878166666254401,0.0,0.0,0.0,0.018154583871364594,0.0,0.0,0.0,0.0,0.022849760949611664,0.0
3436,0.0,0.0,0.0,0.0,0.0,0.0,0.0,0.0,0.0,0.0,0.0,0.0,0.0,0.0,0.0,0.0
3442,0.0,0.0,0.0,0.0,0.0,0.0,0.0,0.0,0.0,0.0,0.0,0.0,0.0,0.0,0.0,0.0
3443,0.0,0.0,0.01624780148267746,0.0,0.0,0.0,0.03151383996009827,0.045208949595689774,0.016853300854563713,0.0,0.0,0.0,0.0,0.0,0.0,0.0
3444,0.0,0.0,0.0,0.0,0.0,0.0,0.0,0.0,0.0,0.0,0.0,0.0,0.0,0.0,0.0,0.0
3451,0.0,0.0,0.0,0.0,0.0,0.14338840544223785,0.0,0.0,0.0,0.0,0.0,0.0,0.0,0.06469877064228058,0.0,0.053925853222608566
3453,0.0,0.0,0.0,0.0,0.0,0.0,0.0,0.0,0.0,0.0,0.0,0.0,0.0,0.0,0.0,0.0
3454,0.0,0.0,0.0,0.0,0.0,0.0,0.0,0.0,0.0,0.0,0.0,0.0,0.0,0.0,0.0,0.0
3456,0.0,0.00394340930506587,0.0,0.0041345711797475815,0.0,0.0,0.0,0.0,0.0,0.01313950028270483,0.0,0.004212526138871908,0.01598057895898819,0.0,0.08628875762224197,0.0
3458,0.0,0.0,0.0,0.0,0.0,0.0,0.0,0.0,0.0,0.0,0.0,0.0,0.0,0.0,0.0,0.0
3460,0.0,0.0,0.01634558103978634,0.0,0.2219923436641693,0.02700810320675373,0.0,0.0,0.2662714421749115,0.0,0.2320111095905304,0.3147965371608734,0.24247001111507416,0.0,0.0,0.013726584613323212
3463,0.0,0.0,0.0,0.0,0.0,0.0,0.0,0.0,0.0,0.0,0.0,0.0,0.0,0.0,0.0,0.0
3464,0.0,0.0,0.0,0.0,0.0,0.0,0.0,0.0,0.0,0.0,0.0,0.0,0.0,0.0,0.0,0.0
3467,0.0,0.0,0.0,0.0,0.0,0.0,0.0,0.0,0.0,0.0,0.0,0.0,0.0,0.0,0.0,0.0
3468,0.0,0.0,0.0,0.0,0.0,0.0,0.0,0.0,0.0,0.0,0.0,0.0,0.0,0.0,0.0,0.0
3470,0.0,0.022104499861598015,0.0,0.0,0.0,0.0,0.009691417217254639,0.0,0.0,0.0,0.0,0.0,0.023678911849856377,0.049113694578409195,0.0,0.0
3473,0.0,0.0,0.0,0.0,0.0,0.018528666347265244,0.011868304572999477,0.020397599786520004,0.0,0.0,0.0,0.0,0.0,0.0,0.0,0.0
3479,0.0,0.0,0.0,0.0,0.0,0.0,0.0,0.0,0.0,0.0,0.0,0.0,0.0,0.0,0.0,0.0
3485,0.0,0.0,0.0,0.0,0.0,0.0,0.0,0.0,0.0,0.0,0.0,0.0,0.0,0.0,0.0,0.0
3490,0.0,0.0,0.0,0.0,0.0,0.0,0.0,0.0,0.0,0.0,0.0,0.0,0.0,0.0,0.0,0.0
3492,0.0,0.0,0.0,0.0,0.0,0.0,0.0,0.0,0.0,0.0,0.0,0.0,0.0,0.0,0.0,0.0
3496,0.0,0.0,0.0,0.0,0.0,0.0,0.0,0.0,0.0,0.0,0.0,0.0,0.0,0.035047102719545364,0.0,0.0
3498,0.13464030623435974,0.08604058623313904,0.09851840883493423,0.0,0.0,0.11934386938810349,0.0,0.0,0.0,0.0,0.0,0.10411208122968674,0.0,0.1333187222480774,0.1073438972234726,0.016023792326450348
3501,0.0,0.0,0.0,0.0,0.0,0.05071854591369629,0.0,0.0,0.0,0.0,0.0,0.0,0.004363666754215956,0.0,0.0,0.0
3502,0.0,0.03913433477282524,0.0,0.0,0.0,0.0,0.0,0.0,0.0,0.0,0.0,0.0,0.036618322134017944,0.047909412533044815,0.0,0.0
3503,0.12411236763000488,0.0948445200920105,0.11368325352668762,0.0,0.12047144025564194,0.20618638396263123,0.0,0.0,0.16503435373306274,0.12198730558156967,0.0,0.0,0.15320731699466705,0.0,0.0,0.0
3504,0.0,0.0,0.0,0.0,0.22154399752616882,0.0,0.0,0.0,0.10579200088977814,0.0,0.13311000168323517,0.0,0.0,0.0,0.0,0.4820939898490906
3505,0.0,0.0,0.0,0.0,0.0,0.0,0.0,0.0,0.0,0.0,0.0,0.0,0.0,0.0,0.0,0.0
3508,0.0,0.09160608798265457,0.0,0.180729478597641,0.0,0.15215672552585602,0.0,0.0,0.0,0.0,0.13629475235939026,0.17205411195755005,0.3119095265865326,0.11329419165849686,0.17865829169750214,0.0
3509,0.257152259349823,0.0,0.1998710036277771,0.286821186542511,0.1551024466753006,0.440914511680603,0.21537989377975464,0.4813447594642639,0.11351285874843597,0.2384147047996521,0.1599883735179901,0.09012768417596817,0.17115376889705658,0.08470829576253891,0.23893281817436218,0.18575076758861542
3511,0.0,0.0,0.0,0.0,0.0,0.0,0.0,0.0,0.0,0.0,0.1208845004439354,0.0,0.0,0.0,0.0,0.0
3519,0.0,0.0,0.0,0.0,0.0,0.0,0.0,0.0,0.0,0.0,0.0,0.0,0.0,0.0,0.0,0.0
3525,0.0,0.0,0.0,0.0,0.0,0.0,0.0,0.0,0.0,0.0,0.0,0.0,0.0,0.0,0.0,0.0
3526,0.0,0.0,0.0,0.0,0.0,0.0,0.0,0.0,0.0,0.0,0.0,0.0,0.0,0.0,0.0,0.0
3527,0.0,0.0,0.0,0.0,0.0,0.0,0.0,0.0,0.0,0.0,0.0,0.0,0.0,0.0,0.0,0.0
3533,0.0,0.0,0.0,0.0,0.0,0.0,0.0,0.0,0.0,0.0,0.0,0.0,0.0,0.0,0.0,0.0
3537,0.0,0.0,0.0,0.0,0.0,0.0,0.0,0.0,0.0,0.0,0.0,0.0,0.0,0.0,0.0,0.0
3538,0.008227350190281868,0.0,0.0035581905394792557,0.003569952445104718,0.0,0.0,0.0,0.0,0.0,0.0,0.0,0.0,0.014213857240974903,0.013337774202227592,0.0,0.006482500117272139
3540,0.0,0.0,0.0,0.0,0.0,0.0,0.0,0.0,0.0,0.0,0.0,0.0,0.0,0.0,0.0,0.0
3541,0.0,0.0,0.0,0.0,0.0,0.0,0.0,0.0,0.0,0.0,0.0,0.0,0.0,0.0,0.0,0.0
3542,0.0,0.0,0.0,0.0,0.0,0.0,0.0,0.0,0.0,0.0,0.0,0.0,0.0,0.0,0.0,0.0
3545,0.0,0.0,0.0,0.0,0.0,0.0,0.0,0.0,0.0,0.0,0.0,0.0,0.0,0.0,0.0,0.0
3546,0.2609672546386719,0.0,0.24881543219089508,0.23344701528549194,0.1644120216369629,0.0,0.0,0.0,0.21108996868133545,0.2840573787689209,0.0,0.21822331845760345,0.19808685779571533,0.0,0.0,0.2281167209148407
3547,0.0,0.141509547829628,0.0,0.0,0.0,0.0,0.243538498878479,0.0,0.2575743496417999,0.09889926761388779,0.19924646615982056,0.27944380044937134,0.0,0.14700113236904144,0.0,0.0
3549,0.0,0.0,0.0,0.0,0.0,0.0,0.0,0.0,0.0,0.0,0.0,0.0,0.0,0.0,0.0,0.0
3552,0.0450785793364048,0.0,0.0,0.0,0.0,0.0,0.0,0.0,0.003540952457115054,0.0,0.0,0.004894705954939127,0.003208105219528079,0.0055516501888632774,0.04349709674715996,0.0
3554,0.0,0.0,0.0,0.0,0.0,0.0,0.9819838404655457,0.0,0.0,0.0,0.0,0.0,0.0,0.0,0.0,0.0
3558,0.0,0.0,0.0,0.0,0.0,0.0,0.0,0.0,0.0,0.0,0.0,0.0,0.0,0.0,0.0,0.0
3559,0.985282838344574,0.9294889569282532,0.963870644569397,0.8874536752700806,0.0,0.0,0.738156795501709,0.7574769258499146,0.9203910827636719,0.0,0.0,0.9167781472206116,0.8716506361961365,0.6927383542060852,0.8248819708824158,0.810326337814331
3563,0.0,0.026766521856188774,0.0,0.0,0.0,0.0,0.009341750293970108,0.0,0.0,0.0,0.0,0.0,0.031820088624954224,0.05498374253511429,0.0,0.0
3565,0.0,0.0,0.0,0.0,0.0,0.0,0.0,0.0,0.0,0.0,0.0,0.0,0.0,0.0,0.0,0.0
3566,0.0,0.0,0.07993628829717636,0.0,0.0,0.0,0.0,0.0,0.0,0.09787867218255997,0.0,0.0,0.19545626640319824,0.20891684293746948,0.1554722785949707,0.0
3568,0.0,0.0,0.0,0.0,0.0,0.0,0.0,0.0,0.0,0.0,0.0,0.0,0.0,0.0,0.0,0.0
3570,0.0,0.0,0.0,0.0,0.0,0.0,0.0,0.0,0.0,0.0,0.0,0.0,0.0,0.0,0.0,0.0
3572,0.0,0.0,0.0,0.0,0.0,0.0,0.0,0.0,0.0,0.0,0.0,0.0,0.0,0.0,0.0,0.0
3573,0.08528387546539307,0.0,0.10140281170606613,0.0385354645550251,0.0,0.09851858019828796,0.0,0.0,0.0,0.08693584054708481,0.1452694684267044,0.0,0.0,0.0,0.05403659865260124,0.0
3575,0.14681963622570038,0.0,0.0,0.0,0.0,0.0,0.0,0.2244410663843155,0.1934233158826828,0.08645789325237274,0.11758840829133987,0.1955786496400833,0.0,0.1819366216659546,0.05432508513331413,0.2028207778930664
3578,0.0,0.036793917417526245,0.0,0.0,0.0,0.0,0.0034960415214300156,0.0,0.0,0.0,0.0,0.0,0.030610911548137665,0.04879659041762352,0.0,0.0
3579,0.0,0.0,0.0,0.0,0.0,0.0,0.0,0.0,0.0,0.0,0.0,0.0,0.0,0.0,0.0,0.0
3581,0.0,0.0,0.0,0.0,0.0,0.0,0.0,0.0,0.0,0.0,0.0,0.0,0.0,0.0,0.0,0.0
3582,0.0,0.0,0.0,0.0,0.0,0.0,0.0,0.0,0.0,0.0,0.0,0.0,0.0,0.0,0.0,0.0
3583,0.0,0.0,0.0,0.0,0.0,0.0,0.0,0.0,0.0,0.0,0.0,0.0,0.0,0.0,0.0,0.0
3587,0.0,0.0,0.0,0.0,0.0,0.0,0.0,0.0,0.0,0.0,0.0,0.0,0.0,0.0,0.0,0.0
3588,0.0,0.0,0.0,0.0,0.0,0.0,0.0,0.0,0.0,0.0,0.0,0.0,0.0,0.0,0.0,0.0
3592,0.0,0.0,0.0,0.0,0.0,0.0,0.0,0.0,0.0,0.0,0.0,0.0,0.0,0.0,0.0,0.0
3593,0.0,0.15531553328037262,0.38988998532295227,0.0,0.09775638580322266,0.0,0.0,0.0,0.0,0.09220900386571884,0.3795604109764099,0.0,0.24459019303321838,0.0,0.0,0.0
3596,0.17872174084186554,0.0,0.1804787516593933,0.0,0.0,0.0,0.0,0.0,0.0,0.0,0.2280472368001938,0.0,0.10365120321512222,0.05399227887392044,0.03744376450777054,0.0
3598,0.0,0.0,0.0,0.0,0.0,0.0,0.0,0.0,0.0,0.0,0.0,0.0,0.0,0.0,0.0,0.0
3601,0.23575149476528168,0.0,0.0789140984416008,0.1889333724975586,0.0,0.0,0.0,0.0,0.0,0.1107616201043129,0.0,0.0,0.0,0.2585621178150177,0.0,0.0
3602,0.9772883653640747,0.955411434173584,0.8538525700569153,0.9467313289642334,0.9567493200302124,0.9942067265510559,0.7723216414451599,0.9651221036911011,0.832773745059967,0.9048137664794922,0.8884252309799194,0.8779562711715698,0.9954743385314941,0.6091299057006836,0.8757883310317993,0.9802693724632263
3606,0.0,0.0,0.0,0.0,0.0,0.0,0.0,0.0,0.0,0.0,0.0,0.0,0.0,0.0,0.0,0.0
3607,0.0,0.02592460811138153,0.0,0.07376847416162491,0.047660134732723236,0.0,0.0,0.05702952295541763,0.0,0.014759870246052742,0.15773390233516693,0.13096779584884644,0.0,0.04991675540804863,0.0,0.0
3608,0.0,0.0,0.0,0.0,0.0,0.0,0.0,0.0,0.0,0.0,0.0,0.0,0.0,0.0,0.0,0.0
3610,0.06432124972343445,0.08257099986076355,0.0,0.0,0.0,0.0,0.0,0.0,0.0,0.0,0.04731300100684166,0.0,0.17313100397586823,0.0,0.0,0.0
3611,0.27773210406303406,0.0,0.0,0.05089808627963066,0.0,0.0,0.0,0.0,0.0,0.06235583499073982,0.0,0.0,0.0,0.0,0.0,0.10224965959787369
3612,0.0,0.0,0.07880795747041702,0.0,0.08699658513069153,0.0,0.0,0.035579781979322433,0.0,0.0,0.0,0.0,0.041423603892326355,0.1429120898246765,0.0,0.02641739509999752
3619,0.0,0.17684143781661987,0.0,0.0,0.1088373064994812,0.1849772334098816,0.2697230875492096,0.0,0.0,0.0,0.1995285451412201,0.0,0.20806540548801422,0.0,0.0,0.0
3620,0.0,0.047950200736522675,0.008651167154312134,0.0,0.019637100398540497,0.0,0.0,0.0,0.4632872939109802,0.0,0.019557572901248932,0.0,0.0,0.07126916944980621,0.0,0.0
3624,0.1680259257555008,0.0,0.0,0.20886290073394775,0.0,0.20255590975284576,0.17442096769809723,0.0,0.0,0.01728092133998871,0.17099325358867645,0.20083902776241302,0.2137167900800705,0.0,0.05128844827413559,0.06529499590396881
3628,0.0,0.0,0.0,0.0,0.0,0.0,0.0,0.0,0.0,0.0,0.0,0.0,0.0,0.0,0.0,0.0
3630,0.5207960605621338,0.15914152562618256,0.04275554418563843,0.11750241369009018,0.0,0.49037206172943115,0.0,0.08441247045993805,0.0,0.09041736274957657,0.8103417158126831,0.013189074583351612,0.17889262735843658,0.10937967151403427,0.0,0.06624511629343033
3632,0.0,0.0,0.0,0.0,0.0,0.0,0.0,0.0,0.0,0.0,0.0,0.0,0.0,0.0,0.0,0.0
3634,0.18851643800735474,0.0,0.0,0.03925807401537895,0.0,0.0,0.0,0.0,0.0,0.0,0.0,0.0457543209195137,0.0,0.12916263937950134,0.1337641030550003,0.0
3636,0.0,0.21820281445980072,0.14420194923877716,0.0,0.0,0.22709043323993683,0.0,0.21316216886043549,0.0,0.0,0.0,0.32195696234703064,0.0,0.0,0.23150642216205597,0.0
3637,0.1861947476863861,0.11528082937002182,0.16317662596702576,0.007297500502318144,0.0,0.0,0.08126697689294815,0.1370183378458023,0.03903983533382416,0.13290420174598694,0.10004659742116928,0.0,0.0,0.22614862024784088,0.4047086238861084,0.0
3638,0.0,0.0,0.0,0.0,0.0,0.0,0.0,0.0,0.0,0.0,0.0,0.0,0.0,0.0,0.0,0.0
3639,0.0,0.0,0.0,0.0,0.0,0.0,0.0,0.0,0.0,0.0,0.0,0.0,0.0,0.0,0.0,0.0
3640,0.1131700649857521,0.0,0.0,0.11091341823339462,0.20250171422958374,0.028434429317712784,0.0,0.053099624812603,0.193463996052742,0.23598340153694153,0.08757834136486053,0.009235099889338017,0.0731184333562851,0.14395876228809357,0.0,0.8053326606750488
3642,0.0,0.0,0.0264571662992239,0.0,0.06846840679645538,0.0,0.0,0.0,0.09494980424642563,0.1434473991394043,0.0,0.0,0.0,0.08977700769901276,0.0,0.0
3644,0.0,0.0,0.0,0.0,0.0,0.4272938072681427,0.0,0.0,0.0,0.0,0.0,0.42838922142982483,0.0,0.34207862615585327,0.0,0.09653925150632858
3645,0.0,0.013572600670158863,0.13568133115768433,0.0,0.011319572106003761,0.05077125132083893,0.2610245943069458,0.0,0.0,0.0802118331193924,0.03210240229964256,0.1212998703122139,0.0,0.0,0.03126733377575874,0.0
3648,0.0,0.0,0.0,0.0,0.0,0.0,0.0,0.0,0.0,0.0,0.0,0.0,0.0,0.0,0.0,0.0
3649,0.0,0.0,0.0,0.0,0.0,0.0,0.0,0.0,0.0,0.032702382653951645,0.0,0.0,0.0,0.011554105207324028,0.0,0.0
3651,0.0,0.0,0.0,0.0,0.0,0.12093967944383621,0.06697657704353333,0.1471811681985855,0.0,0.0,0.07946096360683441,0.0,0.14882692694664001,0.17515970766544342,0.0,0.17670024931430817
3652,0.0,0.0,0.0,0.0,0.0,0.0,0.0,0.0,0.0,0.0,0.0,0.0,0.0,0.0,0.0,0.0
3655,0.24205949902534485,0.0,0.0,0.0,0.0,0.15985217690467834,0.22339630126953125,0.1902681291103363,0.2362421303987503,0.0,0.19461007416248322,0.0,0.0,0.13610999286174774,0.15917205810546875,0.0625883936882019
3661,0.0,0.0,0.0,0.0,0.0,0.0,0.0,0.0,0.0,0.0,0.0,0.0,0.0,0.0,0.0,0.0
3663,0.0,0.0,0.0,0.0,0.0,0.0,0.0,0.0,0.0,0.0,0.0,0.0,0.0,0.0,0.0,0.0
3664,0.20721668004989624,0.0,0.07720805704593658,0.0,0.05854976177215576,0.13205647468566895,0.25439512729644775,0.20975573360919952,0.0,0.10613046586513519,0.18016746640205383,0.0,0.23124457895755768,0.0,0.16957701742649078,0.0
3666,0.0,0.0,0.0,0.0,0.0,0.0,0.0,0.0,0.0,0.0,0.0,0.0,0.0,0.37867599725723267,0.0,0.0
3669,0.0,0.11291100084781647,0.22158104181289673,0.030978966504335403,0.09955313056707382,0.0,0.11419883370399475,0.20312614738941193,0.0,0.04633036255836487,0.15013739466667175,0.0,0.2977236211299896,0.0,0.0,0.11819381266832352
3671,0.0,0.0,0.0,0.0,0.0,0.0,0.0,0.0,0.0,0.0,0.0,0.0,0.0,0.0,0.0,0.0
3673,0.0,0.0,0.0,0.0,0.0,0.0,0.0,0.0,0.0,0.0,0.0,0.0,0.0,0.0,0.0,0.0
3677,0.0,0.0,0.0,0.0,0.0,0.0,0.0,0.0,0.0,0.0,0.0,0.0,0.0,0.0,0.0,0.0
3680,0.0,0.0,0.0,0.0,0.0,0.0,0.0,0.0,0.0,0.0,0.0,0.0,0.0,0.0,0.0,0.0
3681,0.25492894649505615,0.29156365990638733,0.0,0.1958266645669937,0.0,0.0,0.34117937088012695,0.07795296609401703,0.31636518239974976,0.0,0.22352097928524017,0.2853063941001892,0.0,0.0,0.0,0.10757126659154892
3682,0.2539916932582855,0.0,0.21945713460445404,0.25179457664489746,0.2936769127845764,0.0,0.2553841769695282,0.0,0.0,0.0,0.1546599268913269,0.0,0.298801988363266,0.22949451208114624,0.0,0.0
3684,0.0,0.10073474794626236,0.0,0.06115371733903885,0.017838668078184128,0.0,0.1656235009431839,0.0,0.0,0.0,0.0,0.0,0.0440950021147728,0.0,0.03195025026798248,0.0
3685,0.0,0.0,0.0,0.0,0.0,0.0,0.0,0.0,0.0,0.0,0.0,0.0,0.0,0.0,0.0,0.0
3687,0.0,0.0,0.0,0.0,0.0,0.0,0.0,0.0,0.0,0.0,0.0,0.0,0.0,0.0,0.0,0.0
3690,0.0,0.0,0.0,0.0,0.0,0.0,0.0,0.0,0.0,0.0,0.0,0.0,0.0,0.0,0.0,0.0
3692,0.0,0.0,0.0,0.0,0.0,0.0,0.0,0.0,0.0,0.0,0.0,0.0,0.0,0.0,0.0,0.0
3693,0.0,0.0,0.0,0.0,0.0,0.0,0.0,0.0,0.0,0.0,0.0,0.0,0.0,0.0,0.0,0.0
3694,0.0,0.0,0.0,0.0,0.0,0.0,0.0,0.0,0.0,0.0,0.042497601360082626,0.0,0.0,0.0,0.0,0.0
3695,0.0,0.0,0.0,0.0,0.0,0.0,0.0,0.0,0.0,0.0,0.0,0.0,0.0,0.0,0.0,0.0
3696,0.0,0.0,0.0,0.0,0.0,0.0,0.0,0.0,0.0,0.0,0.0,0.0,0.0,0.0,0.0,0.0
3698,0.0,0.0,0.0,0.0,0.0,0.0,0.0,0.0,0.0,0.0,0.0,0.0,0.0,0.0,0.0,0.0
3699,0.0,0.0,0.0,0.0,0.0,0.0,0.0,0.0,0.0,0.0,0.0,0.0,0.0,0.0,0.0,0.0
3701,0.07246191054582596,0.02792438492178917,0.04413532093167305,0.04734276235103607,0.04322512075304985,0.0,0.0,0.05373815447092056,0.15189775824546814,0.0792713612318039,0.0,0.16172297298908234,0.0,0.1469735950231552,0.016609741374850273,0.0
3702,0.0,0.0,0.0,0.0,0.0,0.0,0.0,0.0,0.0,0.0,0.0,0.0,0.0,0.0,0.0,0.0
3703,0.0,0.0,0.0,0.0,0.0,0.0,0.0,0.0,0.0,0.0,0.0,0.016479451209306717,0.0,0.11170580983161926,0.0,0.0
3704,0.0,0.0,0.0,0.0,0.0,0.0,0.0,0.0,0.0,0.0,0.0,0.0,0.0,0.0,0.0,0.0
3705,0.0,0.0,0.0,0.0,0.0,0.0,0.0,0.0,0.0,0.0,0.0,0.0,0.0,0.009578750468790531,0.04050954803824425,0.0
3706,0.3030199408531189,0.0,0.573401927947998,0.8759586811065674,0.0,0.6373428106307983,0.7062036395072937,0.9095389246940613,0.9553602337837219,0.9864535927772522,0.7529827952384949,0.638689398765564,0.0910167321562767,0.5796955227851868,0.5632044076919556,0.8415523767471313
3711,0.9476285576820374,0.9881497621536255,0.9520056843757629,0.902016818523407,0.0,0.0,0.7788088917732239,0.8939842581748962,0.9239813685417175,0.9081560969352722,0.8920425772666931,0.976252019405365,0.8079777956008911,0.9979053139686584,0.0,0.9153488874435425
3714,0.0,0.0,0.0,0.0,0.0,0.0,0.0,0.0,0.0,0.0,0.0,0.0,0.0,0.0,0.0,0.0
3715,0.0,0.0,0.0,0.0,0.0,0.0,0.0,0.0,0.0,0.0,0.0,0.0,0.0,0.0,0.0,0.0
3718,0.0,0.0,0.0,0.0,0.0,0.0,0.0,0.0,0.0,0.0,0.0,0.0,0.0,0.0,0.0,0.0
3720,0.0,0.0,0.0,0.0,0.0,0.0,0.0,0.0,0.0,0.0,0.0,0.0,0.0,0.0,0.0,0.0
3723,0.0,0.0,0.0,0.0,0.0,0.3117470443248749,0.0,0.0,0.0,0.0,0.0,0.0,0.0,0.0,0.0,0.0
3725,0.0,0.28725844621658325,0.11394587904214859,0.20760662853717804,0.20851722359657288,0.19639642536640167,0.19674022495746613,0.0787992849946022,0.0,0.0,0.0,0.18274573981761932,0.1901911348104477,0.19531890749931335,0.0,0.0
3728,0.0,0.0,0.0,0.0,0.0,0.0,0.0,0.0,0.0,0.0,0.0,0.0,0.0,0.0,0.0,0.0
3732,0.0,0.0,0.0,0.0,0.0,0.0,0.0,0.0,0.0,0.0,0.0,0.0,0.0,0.0,0.0,0.0
3733,0.0,0.0,0.0,0.0,0.0,0.0,0.0,0.0,0.0,0.0,0.0,0.0,0.0,0.0,0.0,0.0
3735,0.0,0.0,0.0,0.0,0.0,0.0,0.0,0.0,0.0,0.0,0.0,0.0,0.0,0.0,0.0,0.0
3738,0.0,0.0,0.0,0.0,0.0,0.0,0.0,0.0,0.0,0.0,0.0,0.0,0.0,0.0,0.0,0.0
3739,0.4790821969509125,0.21255351603031158,0.2949913442134857,0.326891154050827,0.37629762291908264,0.47938787937164307,0.34434232115745544,0.39176204800605774,0.19635264575481415,0.6587583422660828,0.5014481544494629,0.5289395451545715,0.36861032247543335,0.260780930519104,0.18828365206718445,0.2892981767654419
3741,0.0,0.0,0.0,0.0,0.0,0.0,0.0,0.0,0.0,0.0,0.0,0.0,0.0,0.020891500636935234,0.0,0.0
3742,0.10540307313203812,0.02352457121014595,0.09314313530921936,0.0,0.0,0.125974640250206,0.0,0.0,0.0,0.0,0.14992909133434296,0.0,0.08915933966636658,0.04804777354001999,0.0,0.0
3748,0.0,0.0,0.0,0.0,0.0,0.0,0.0,0.0,0.0,0.0,0.0,0.0,0.0,0.0,0.0,0.0
3749,0.0,0.0,0.0,0.0,0.0,0.0,0.0,0.0,0.0,0.0,0.0,0.0,0.0,0.01978147402405739,0.0,0.0
3755,0.0,0.06416118144989014,0.03174733743071556,0.07775332778692245,0.10154852271080017,0.0,0.0,0.14279019832611084,0.08205550909042358,0.09602217376232147,0.0,0.1139407604932785,0.0,0.0,0.06504025310277939,0.0
3756,0.0,0.0,0.0,0.0,0.0,0.0,0.0,0.0,0.0,0.0,0.0,0.0,0.0,0.0,0.0,0.0
3759,0.0,0.0,0.0,0.0,0.0,0.0,0.0,0.0,0.0,0.0,0.0,0.0,0.0,0.0,0.0,0.0
3763,0.0,0.0,0.0,0.0,0.0,0.0,0.0,0.0,0.0,0.0,0.0,0.0,0.0,0.0,0.0,0.0
3765,0.1748379021883011,0.09711732715368271,0.21633750200271606,0.04750964418053627,0.11803490668535233,0.09112279862165451,0.12449872493743896,0.0,0.19551198184490204,0.0,0.0,0.044224467128515244,0.2570856213569641,0.12402220815420151,0.0,0.12717507779598236
3767,0.0,0.0,0.0,0.0,0.0,0.0,0.0,0.0,0.0,0.0,0.0,0.0,0.0,0.0,0.0,0.0
3769,0.0,0.0,0.0,0.0,0.0,0.0,0.0,0.0,0.0,0.0,0.0,0.0,0.0,0.0,0.0,0.0
3772,0.0,0.0,0.0,0.0,0.0,0.0,0.0,0.0,0.0,0.0,0.0,0.0,0.0,0.0,0.0,0.0
3774,0.08293165266513824,0.0,0.0,0.0,0.05050281807780266,0.041321344673633575,0.0,0.033772677183151245,0.0,0.0,0.06106296554207802,0.0,0.05810571834445,0.13842730224132538,0.05242335796356201,0.026725521311163902
3777,0.0,0.0,0.0,0.0,0.0,0.0,0.0,0.0,0.0,0.0,0.0,0.0,0.0,0.0,0.0,0.0
3778,0.0,0.0,0.0,0.0,0.0,0.0,0.0,0.0,0.0,0.0,0.0,0.0,0.0,0.0,0.0,0.0
3779,0.0,0.0,0.0,0.0,0.0,0.0,0.0,0.0,0.0,0.0,0.0,0.0,0.0,0.0,0.0,0.0
3784,0.0,0.0,0.0,0.0,0.0,0.0,0.0,0.0,0.0,0.0,0.0,0.0,0.0,0.0,0.0,0.0
3787,0.23564167320728302,0.0,0.0,0.17587025463581085,0.0,0.19326424598693848,0.26814356446266174,0.21362154185771942,0.24013499915599823,0.0,0.0,0.0,0.0,0.0,0.2006869912147522,0.0
3789,0.0,0.0,0.0,0.021481333300471306,0.0,0.0,0.0,0.2815202474594116,0.0382734015583992,0.0,0.0,0.0,0.0,0.0,0.0,0.0
3793,0.0,0.0,0.0,0.0,0.0,0.13270166516304016,0.0,0.01755725033581257,0.0,0.03941125050187111,0.021894333884119987,0.047200750559568405,0.0,0.2098446786403656,0.767412006855011,0.23409201204776764
3794,0.0,0.0,0.0,0.0,0.0,0.0,0.0,0.0,0.0,0.0,0.0,0.0,0.0,0.0,0.0,0.0
3798,0.13148300349712372,0.2854153513908386,0.0,0.16231566667556763,0.2028026580810547,0.0,0.11161014437675476,0.0,0.0,0.373127281665802,0.4495137631893158,0.04681139811873436,0.07675319910049438,0.034764401614665985,0.6175253987312317,0.5462791323661804
3800,0.386135458946228,0.5181686878204346,0.6743130087852478,0.7515254616737366,0.550111711025238,0.39796140789985657,0.5186567902565002,0.2039341926574707,0.4927980303764343,0.0,0.31670817732810974,0.5699209570884705,0.18876297771930695,0.7021204829216003,0.492079496383667,0.0
3802,0.0,0.0,0.0,0.0,0.0,0.0,0.0,0.0,0.0,0.0,0.0,0.0,0.0,0.0,0.0,0.0
3804,0.0,0.0,0.0,0.0,0.0,0.0,0.0,0.0,0.0,0.0,0.0,0.0,0.0,0.0,0.006867000367492437,0.0
3806,0.0051295580342411995,0.11017601937055588,0.2005680948495865,0.028080150485038757,0.08457894623279572,0.12029143422842026,0.19227644801139832,0.04570256546139717,0.0,0.06470905989408493,0.0,0.08272010833024979,0.0043348041363060474,0.13042283058166504,0.0,0.0
3807,0.0,0.0,0.0,0.0,0.0,0.0,0.0,0.0,0.0,0.0,0.0,0.0,0.0,0.0,0.0,0.0
3808,0.0,0.0,0.0,0.0,0.0,0.0,0.0,0.0,0.0,0.0,0.0,0.0,0.0,0.0,0.0,0.0
3814,0.0,0.0,0.0,0.0,0.0,0.0,0.0,0.0,0.0,0.0,0.0,0.0,0.0,0.0,0.0,0.0
3815,0.28160718083381653,0.22142146527767181,0.11399747431278229,0.0,0.16246554255485535,0.0,0.3288836181163788,0.3215619921684265,0.012874000705778599,0.0,0.0,0.12408704310655594,0.37772008776664734,0.2028147429227829,0.30996808409690857,0.0
3819,0.0,0.0,0.0,0.0,0.0,0.0,0.0,0.0,0.0,0.0,0.0,0.0,0.0,0.0,0.0,0.0
3823,0.0,0.11533381789922714,0.3802022337913513,0.037576112896203995,0.0,0.28703102469444275,0.14793530106544495,0.0801827684044838,0.16651251912117004,0.06660628318786621,0.11162453889846802,0.0,0.13545158505439758,0.0,0.0489392913877964,0.11389312148094177
3824,0.0,0.0,0.0,0.0,0.0,0.0,0.0,0.0,0.0,0.0,0.0,0.0,0.0,0.0,0.0,0.0
3825,0.13389499485492706,0.11479276418685913,0.0,0.0,0.08671385794878006,0.0,0.07689090073108673,0.0,0.0,0.0,0.15170356631278992,0.17113247513771057,0.0,0.1493874043226242,0.0,0.13375446200370789
3826,0.0,0.0,0.0,0.0,0.0,0.0,0.0,0.0,0.0,0.0,0.0,0.0,0.0,0.0,0.0,0.0
3827,0.0,0.0,0.0,0.0,0.0,0.003412239719182253,0.0,0.0,0.0,0.0,0.0,0.0,0.00582257891073823,0.0,0.0,0.0
3829,0.7068108320236206,0.8685709834098816,0.7221111059188843,0.5870806574821472,0.7965911626815796,0.7291831374168396,0.8089315295219421,0.7355809807777405,0.4900735020637512,0.7411503195762634,0.3338891267776489,0.7896654009819031,0.7452543377876282,0.8109236359596252,0.8131794929504395,0.8507323861122131
3831,0.0,0.0,0.0,0.0,0.0,0.0,0.0,0.0,0.0,0.0,0.0,0.0,0.0,0.0,0.0,0.0
3832,0.0,0.0,0.0,0.0,0.0,0.0,0.0,0.0,0.0,0.0,0.0,0.0,0.0,0.0,0.0,0.0
3835,0.0,0.0,0.0,0.0,0.0,0.19855600595474243,0.23426735401153564,0.0,0.0,0.07074945420026779,0.038090333342552185,0.0,0.0,0.0860641598701477,0.0,0.0
3840,0.0974099263548851,0.017041563987731934,0.0,0.0964551791548729,0.1583554744720459,0.1903267651796341,0.10873520374298096,0.1837860643863678,0.1774200052022934,0.17392918467521667,0.1346675008535385,0.0,0.0,0.08424267917871475,0.1452210545539856,0.0
3846,0.0,0.0,0.0,0.1949779987335205,0.0,0.0,0.0,0.0,0.0,0.0,0.0,0.0,0.3705579936504364,0.3248080015182495,0.0,0.0
3848,0.008389473892748356,0.0,0.0,0.0,0.0,0.0,0.0,0.0,0.0,0.0,0.0,0.0,0.0,0.0,0.0,0.03369178995490074
3849,0.0,0.0,0.0,0.0,0.0,0.0,0.0,0.0,0.0,0.0,0.0,0.0,0.0,0.0,0.0,0.0
3853,0.0,0.0,0.0,0.0,0.0,0.0,0.0,0.0,0.0,0.0,0.0,0.0,0.0,0.0,0.0,0.0
3854,0.0,0.0,0.0,0.0,0.0,0.0,0.0,0.0,0.0,0.0,0.0,0.0,0.0,0.0,0.0,0.0
3858,0.0,0.0,0.0,0.0,0.0,0.0,0.0,0.0,0.0,0.0,0.0,0.0,0.0,0.0,0.0,0.0
3860,0.0,0.0,0.0,0.0,0.0,0.0,0.0,0.0,0.0,0.0,0.0,0.0,0.0,0.0,0.0,0.0
3861,0.0,0.0,0.0,0.0,0.0,0.0,0.0,0.0,0.0,0.0,0.0,0.0,0.0,0.0,0.0,0.0
3863,0.33617088198661804,0.9890362024307251,0.12436471879482269,0.3088812530040741,0.38892120122909546,0.5901077389717102,0.07580474019050598,0.03773599863052368,0.9964590072631836,0.5645190477371216,0.21932227909564972,0.5489997267723083,0.37711501121520996,0.6599931716918945,0.9967877864837646,0.6035053133964539
3866,0.0,0.0,0.0,0.0,0.0,0.0,0.0,0.0,0.0,0.0,0.0,0.0,0.0,0.0,0.0,0.0
3867,0.0,0.0,0.0,0.0,0.0,0.0,0.0,0.0,0.0,0.0,0.0,0.0,0.0,0.0,0.0,0.0
3868,0.0,0.0,0.0,0.0,0.0,0.0,0.0,0.0,0.0,0.0,0.0,0.0,0.0,0.0,0.0,0.0
3870,0.0,0.0,0.0,0.0,0.0,0.0,0.0,0.0,0.0,0.0,0.0,0.0,0.0,0.0,0.0,0.0
3871,0.0,0.0,0.0,0.0,0.0,0.0,0.0,0.0,0.0,0.0,0.0,0.0,0.0,0.0,0.0,0.0
3872,0.0,0.01597686856985092,0.0,0.0,0.0,0.0,0.0,0.0,0.0,0.0,0.0,0.0,0.0,0.0,0.0,0.0
3875,0.0,0.0,0.11503981053829193,0.2947497069835663,0.0,0.0,0.41848137974739075,0.0,0.0,0.1978488564491272,0.0,0.0,0.0,0.131626158952713,0.0,0.0
3878,0.0,0.0,0.0,0.0,0.0,0.0,0.0,0.0,0.0,0.0,0.0,0.0,0.0,0.0,0.0,0.0
3879,0.0,0.0,0.0,0.0,0.0,0.0,0.0,0.0,0.0,0.0,0.0,0.0,0.0,0.0,0.0,0.0
3880,0.0,0.0,0.0,0.0,0.0,0.0,0.0,0.0,0.0,0.0,0.0,0.0,0.0,0.0,0.0,0.0
3887,0.0,0.0,0.0,0.0,0.0,0.0,0.0,0.0,0.0,0.0,0.0,0.0,0.0,0.0,0.0,0.0
3894,0.0,0.22007706761360168,0.049871351569890976,0.13653159141540527,0.1720992624759674,0.14084327220916748,0.0,0.19442494213581085,0.16681014001369476,0.5350658297538757,0.17727532982826233,0.2609556019306183,0.04076780751347542,0.0,0.0,0.07409769296646118
3895,0.08063440024852753,0.0,0.19150801002979279,0.6000514030456543,0.0,0.0,0.7888523936271667,0.0,0.0,0.040656574070453644,0.06963089108467102,0.0,0.18316888809204102,0.05952649936079979,0.2329711765050888,0.4591127634048462
3898,0.0,0.0,0.0,0.0,0.0,0.0,0.0,0.0,0.0,0.0,0.0,0.0,0.0,0.0,0.0,0.0
3899,0.0,0.25857120752334595,0.3341962397098541,0.0,0.0,0.0,0.2401495724916458,0.0,0.1849294900894165,0.0,0.0,0.0,0.0,0.16319425404071808,0.0,0.0
3900,0.0,0.02391614392399788,0.0,0.32515886425971985,0.0,0.24822700023651123,0.0,0.06374787539243698,0.04789316654205322,0.0,0.09407142549753189,0.11692357808351517,0.03989962488412857,0.032859496772289276,0.0,0.2886865437030792
3902,0.0,0.0,0.0,0.0,0.0,0.08994175493717194,0.0,0.0,0.021775750443339348,0.0,0.0,0.0,0.0,0.0,0.05644650012254715,0.06236040219664574
3904,0.0,0.0,0.0,0.0,0.0,0.0,0.0,0.0,0.0,0.0,0.0,0.0,0.0,0.0,0.0,0.0
3907,0.04752175137400627,0.0,0.0,0.0,0.0,0.0,0.0,0.0,0.0,0.0,0.0,0.0,0.0,0.005271450150758028,0.04138423874974251,0.0
3911,0.0,0.0,0.0,0.0,0.0,0.0,0.0,0.0,0.0,0.0,0.0,0.0,0.0,0.0,0.0,0.0
3913,0.0,0.0,0.0,0.0,0.0,0.4299631118774414,0.0,0.0,0.0,0.0,0.0,0.0,0.0,0.0,0.0,0.0
3915,0.0,0.0,0.0,0.0,0.0,0.0,0.0,0.0,0.0,0.0,0.0,0.0,0.0,0.0,0.0,0.0
3917,0.0,0.06293199956417084,0.0,0.0,0.0,0.0,0.0,0.0,0.0,0.0,0.0,0.0,0.16482499241828918,0.0,0.0,0.0
3918,0.4060412049293518,0.4738902449607849,0.4301689863204956,0.0,0.3664267659187317,0.0,0.657028079032898,0.9437029957771301,0.5525175929069519,0.0,0.33851858973503113,0.35100576281547546,0.3866735100746155,0.4548572301864624,0.784052848815918,0.0
3920,0.0,0.0,0.0,0.0,0.0,0.0,0.0,0.0,0.0,0.0,0.0,0.0,0.0,0.0,0.0,0.0
3923,0.0,0.0,0.0,0.0,0.0,0.0,0.0,0.0,0.0,0.0,0.0,0.0,0.0,0.0,0.0,0.0
3926,0.22049108147621155,0.12752583622932434,0.0,0.17784179747104645,0.0755513533949852,0.16482608020305634,0.0,0.186115100979805,0.0,0.0,0.0,0.1933111995458603,0.0,0.1373082995414734,0.0,0.0
3933,0.0,0.0,0.08696949481964111,0.027210326865315437,0.04639168456196785,0.075249083340168,0.0,0.0,0.0,0.0,0.0,0.07108063250780106,0.0,0.0,0.0,0.013957238756120205
3934,0.0,0.0,0.0,0.0,0.0,0.0,0.0,0.0,0.0,0.0,0.0,0.0,0.0,0.0,0.0,0.0
3935,0.26400598883628845,0.0,0.04255293309688568,0.13685445487499237,0.1709846407175064,0.12241136282682419,0.2286260575056076,0.1960851401090622,0.13207310438156128,0.4320230484008789,0.0,0.0,0.20571380853652954,0.24306495487689972,0.0,0.048328034579753876
3939,0.0,0.0,0.0,0.0,0.0,0.0,0.0,0.0,0.0,0.0,0.0,0.0,0.0,0.0,0.0,0.0
3940,0.0,0.0,0.0,0.0,0.0,0.0,0.0,0.0,0.0,0.0,0.0,0.0,0.0,0.0,0.0,0.0
3943,0.0,0.0,0.0,0.0,0.0,0.31755179166793823,0.0,0.0,0.0,0.0,0.0,0.0,0.0,0.0,0.0,0.0
3944,0.0,0.0,0.0,0.0,0.0,0.0,0.0,0.0,0.0,0.0,0.0,0.0,0.0,0.0,0.0,0.0
3946,0.0,0.0,0.0,0.0,0.0,0.0,0.0,0.0,0.0,0.0,0.0,0.0,0.0,0.0,0.0,0.0
3948,0.0,0.0,0.0,0.0,0.0,0.0,0.0,0.0,0.0,0.0,0.0,0.0,0.0,0.0,0.0,0.0
3949,0.0,0.0,0.0,0.0,0.0,0.0,0.0,0.0,0.0,0.0,0.0,0.0,0.0,0.0,0.0,0.0
3958,0.0,0.0,0.0,0.0,0.0,0.31295791268348694,0.0,0.0,0.0,0.0,0.0,0.0,0.0,0.0,0.0,0.0
3960,0.0,0.0,0.0,0.0,0.0,0.0,0.0,0.0,0.0,0.0,0.0,0.0,0.0,0.0,0.0,0.0
3963,0.0,0.0,0.0,0.0,0.0,0.0,0.0,0.0,0.0,0.0,0.0,0.0,0.0,0.0,0.0,0.0
3967,0.0,0.0,0.0,0.0,0.0,0.0,0.0,0.0,0.0,0.0,0.0,0.0,0.0,0.0,0.0,0.0
3974,0.0,0.0,0.0,0.0,0.0,0.0,0.0,0.0,0.0,0.0,0.0,0.0,0.0,0.0,0.0,0.0
3978,0.0,0.0,0.0,0.0,0.0,0.32214149832725525,0.0,0.0,0.0,0.0,0.0,0.0,0.0,0.0,0.0,0.0
3982,0.0,0.0,0.0,0.0,0.0,0.0,0.0,0.0,0.0,0.0,0.0,0.0,0.0,0.0,0.0,0.0
3985,0.0,0.0,0.0,0.0,0.0,0.0,0.0,0.0,0.0,0.0,0.0,0.0,0.0,0.0,0.0,0.0
3987,0.0,0.0,0.21435698866844177,0.2253510057926178,0.0,0.0,0.0,0.46478551626205444,0.0,0.0,0.0,0.10312099754810333,0.0,0.0,0.0,0.24687500298023224
3988,0.0,0.0,0.0,0.0,0.0,0.0,0.0,0.0,0.0,0.0,0.0,0.0,0.0,0.0,0.0,0.0
3992,0.13506874442100525,0.1169341430068016,0.0,0.25222763419151306,0.0,0.08620285242795944,0.0,0.0,0.045619476586580276,0.0,0.10462743788957596,0.0,0.05026905611157417,0.0,0.0,0.11551102250814438
3995,0.0,0.0,0.0,0.0,0.0,0.0,0.0,0.0,0.0,0.0,0.0,0.0,0.0,0.0,0.0,0.0
3997,0.0,0.0,0.0,0.0,0.08105333149433136,0.018800361081957817,0.039050646126270294,0.0,0.0,0.1107172742486,0.10361449420452118,0.02611421048641205,0.0,0.0,0.0,0.0
3998,0.0,0.0,0.0,0.0,0.0,0.0,0.0,0.0,0.0,0.0,0.0,0.0,0.0,0.0,0.0,0.0
4002,0.9144232869148254,0.8774996995925903,0.827843427658081,0.7305460572242737,0.5793838500976562,0.7711787223815918,0.7638287544250488,0.9503588676452637,0.511236310005188,0.8121733069419861,0.053267523646354675,0.8702542781829834,0.9341161847114563,0.505509614944458,0.7480674386024475,0.45009270310401917
4004,0.0,0.0,0.0,0.0,0.0,0.0,0.0,0.0,0.0,0.0,0.0,0.0,0.0,0.0,0.0,0.0
4008,0.11256500333547592,0.0,0.0,0.0,0.0,0.0,0.0,0.0,0.0,0.0,0.10821299999952316,0.0,0.0,0.0,0.0,0.0
4010,0.149023175239563,0.0,0.0,0.0,0.0,0.0,0.09569113701581955,0.0,0.19604326784610748,0.0,0.0,0.05189104005694389,0.0,0.0,0.13718172907829285,0.12813527882099152
4015,0.0,0.0,0.0,0.0,0.0,0.0,0.0,0.0,0.0,0.0,0.0,0.0,0.0,0.0,0.0,0.0
4018,0.0,0.0,0.0,0.0,0.0,0.0,0.0,0.0,0.0,0.0,0.0,0.0,0.0,0.0,0.0,0.0
4019,0.0,0.0,0.0,0.0,0.0,0.0,0.0,0.0,0.0,0.0,0.0,0.0,0.0,0.0,0.0,0.0
4025,0.0,0.0,0.0,0.0,0.0,0.0,0.0,0.0,0.0,0.0,0.0,0.0,0.0,0.0,0.0,0.0
4026,0.0,0.0,0.0,0.0,0.0,0.0,0.0,0.0,0.0,0.0,0.0,0.0,0.0,0.0,0.0,0.0
4027,0.0,0.0,0.0,0.0,0.0,0.0,0.0,0.0,0.0,0.0,0.0,0.0,0.0,0.0,0.0,0.0
4030,0.0,0.0,0.0,0.0,0.0,0.0,0.0,0.0,0.0,0.0,0.0,0.0,0.0,0.0,0.0,0.0
4041,0.0,0.0,0.0,0.0,0.0,0.0,0.6930273175239563,0.0,0.0,0.0,0.0,0.0,0.0,0.0,0.0,0.0
4047,0.0,0.0,0.0,0.0,0.0,0.0,0.0,0.0,0.0,0.0,0.0,0.0,0.0,0.0,0.0,0.0
4051,0.0,0.0,0.0,0.0,0.0,0.0,0.0,0.0,0.0,0.0,0.0,0.0,0.0,0.0,0.0,0.0
4052,0.0,0.0,0.0,0.0,0.0,0.0,0.0,0.0,0.0,0.0,0.0,0.0,0.0,0.0,0.0,0.0
4059,0.0,0.0,0.0,0.0,0.0,0.0,0.0,0.0,0.0,0.0,0.0,0.0,0.0,0.0,0.0,0.0
4060,0.0,0.22011515498161316,0.18883275985717773,0.06854313611984253,0.09466760605573654,0.5223286747932434,0.414558470249176,0.46632879972457886,0.05465343967080116,0.3350970149040222,0.09261366724967957,0.1724565029144287,0.06370667368173599,0.018905900418758392,0.035227224230766296,0.07131864130496979
4062,0.0,0.0,0.0,0.0,0.0,0.0,0.0,0.0,0.0,0.0,0.0,0.0,0.0,0.0,0.0,0.0
4064,0.0,0.0,0.6355069875717163,0.0,0.7186160087585449,0.3548559844493866,0.10994800180196762,0.0,0.0,0.0,0.3324350118637085,0.0,0.0,0.0,0.0,0.0
4066,0.0,0.0,0.0,0.0,0.0,0.0,0.0,0.0,0.0,0.5198737978935242,0.21154877543449402,0.0,0.0,0.0,0.6952067613601685,0.0
4071,0.0,0.09908038377761841,0.0,0.16446442902088165,0.0,0.14283250272274017,0.0,0.20071394741535187,0.0,0.0,0.03154844045639038,0.1459857076406479,0.0,0.0,0.0,0.15794627368450165
4086,0.0,0.0,0.0,0.0,0.0,0.0,0.0,0.0,0.0,0.0,0.0,0.0,0.0,0.0,0.0,0.0
4121,0.0,0.0,0.0,0.0,0.0,0.0,0.0,0.0,0.0,0.0,0.0,0.0,0.0,0.0,0.0,0.0
4145,0.0,0.0,0.0,0.0,0.0,0.0,0.0,0.0,0.0,0.0,0.0,0.0,0.0,0.0,0.0,0.0
4222,0.18217815458774567,0.14089512825012207,0.21571555733680725,0.03969291225075722,0.13506972789764404,0.09093606472015381,0.0,0.0,0.24450862407684326,0.0,0.0,0.06355973333120346,0.0,0.13503792881965637,0.0,0.0
4231,0.0,0.0,0.0,0.0,0.0,0.0,0.0,0.0,0.0,0.0,0.0,0.0,0.0,0.0,0.0,0.0
4267,0.0,0.0,0.0,0.0,0.0,0.0,0.0,0.0,0.0,0.0,0.0,0.0,0.0,0.0,0.0,0.0
4268,0.1275038868188858,0.0,0.104706771671772,0.0,0.2029273360967636,0.1922345906496048,0.10051406174898148,0.0,0.15746788680553436,0.0,0.20178411900997162,0.12413812428712845,0.0,0.0,0.20345306396484375,0.0
4269,0.0,0.0,0.0,0.0,0.0,0.0,0.0,0.0,0.0,0.0,0.0,0.0,0.0,0.0,0.0,0.0
4270,0.19494237005710602,0.0,0.3421701490879059,0.0523577518761158,0.0,0.0,0.0,0.21815471351146698,0.2746378779411316,0.06298979371786118,0.0,0.05237121134996414,0.0,0.2076532542705536,0.21824529767036438,0.0
4271,0.28719037771224976,0.0,0.0,0.0,0.0,0.19033578038215637,0.0,0.11265870183706284,0.27178430557250977,0.0,0.0,0.04566841572523117,0.0,0.19793176651000977,0.0,0.0
4295,0.0,0.49838683009147644,0.0,0.0,0.0,0.0,0.0,0.0,0.5544708967208862,0.0,0.0,0.0,0.0,0.0,0.0,0.4028778076171875
4296,0.0,0.0,0.0,0.0,0.0,0.0,0.0,0.0,0.0,0.0,0.0,0.0,0.0,0.0,0.0,0.0
4302,0.03698424994945526,0.0,0.0,0.0,0.028392549604177475,0.0,0.0,0.0,0.0,0.0,0.0,0.0,0.0,0.021244684234261513,0.0,0.0
4316,0.0,0.0,0.0,0.0,0.0,0.0,0.0,0.0,0.0,0.0,0.0,0.0,0.0,0.0,0.46028250455856323,0.0
4317,0.0,0.0,0.0,0.0,0.0,0.0,0.0,0.0,0.0,0.0,0.0,0.0,0.0,0.0,0.0,0.0
4324,0.0,0.29757553339004517,0.48464900255203247,0.2272796630859375,0.0,0.0,0.1997143179178238,0.10635912418365479,0.3497370183467865,0.4969072639942169,0.0,0.0,0.1365119367837906,0.05047024413943291,0.0,0.0
4353,0.0,0.0,0.0,0.0,0.0,0.0,0.0,0.0,0.0,0.0,0.0,0.0,0.0,0.0,0.0,0.0
4357,0.0802852064371109,0.0,0.0,0.006049200426787138,0.0,0.00829656608402729,0.0,0.0,0.029716284945607185,0.0,0.0,0.004105294123291969,0.0,0.0057230498641729355,0.04803929850459099,0.0
4395,0.0,0.0,0.0,0.0,0.030480701476335526,0.0,0.0,0.0,0.0,0.0,0.021122749894857407,0.02631666697561741,0.0,0.09527099877595901,0.0,0.0
4473,0.7176223397254944,0.09505373984575272,0.4119410216808319,0.0,0.33062857389450073,0.10549420863389969,0.21926763653755188,0.4678785502910614,0.25865602493286133,0.12511081993579865,0.2813093662261963,0.3933122456073761,0.5302424430847168,0.40949490666389465,0.34109994769096375,0.0
4480,0.0,0.0,0.0,0.0,0.0,0.0,0.0,0.0,0.0,0.0,0.0,0.0,0.0,0.0,0.0,0.0
4512,0.0,0.0,0.0,0.0,0.0,0.0,0.0,0.0,0.0,0.0,0.0,0.0,0.0,0.0,0.0,0.0
4515,0.0,0.0,0.0,0.0,0.0,0.0,0.0,0.0,0.0,0.0,0.0,0.0,0.0,0.0,0.0,0.0
4516,0.0,0.0,0.0,0.0,0.0,0.0,0.0,0.0,0.0,0.0,0.0,0.0,0.0,0.0,0.0,0.0
4524,0.0,0.0,0.0,0.0,0.0,0.0,0.0,0.0,0.0,0.0,0.0,0.0,0.0,0.0,0.0,0.0
4525,0.0,0.0,0.008974571712315083,0.0,0.0,0.033268801867961884,0.0,0.0,0.0,0.0,0.0,0.0,0.0,0.0,0.0,0.0
4529,0.0,0.0,0.0,0.0,0.0,0.0,0.0,0.0,0.0,0.0,0.0,0.0,0.0,0.0,0.0,0.0
4549,0.0,0.0,0.0,0.0,0.0,0.0,0.0,0.0,0.0,0.0,0.0,0.0,0.0,0.0,0.0,0.0
4558,0.0,0.0,0.0,0.0,0.0,0.0,0.0,0.0,0.0,0.0,0.0,0.0,0.0,0.0,0.0,0.0
4567,0.0,0.0,0.0,0.0,0.0,0.0,0.0,0.0,0.0,0.0,0.0,0.0,0.0,0.0,0.0,0.0
4596,0.0,0.0,0.0,0.0,0.0,0.0,0.0,0.0,0.0,0.0,0.0,0.0,0.0,0.0,0.0,0.0
4599,0.0,0.0,0.0,0.0,0.0,0.0,0.0,0.0,0.0,0.0,0.0,0.0,0.0,0.0,0.0,0.0
4600,0.0,0.0,0.0,0.021401649340987206,0.0018248999258503318,0.0,0.0,0.008419955149292946,0.0,0.0,0.0,0.0,0.0,0.0,0.0,0.0
4601,0.0,0.0,0.0,0.0,0.0,0.0,0.0,0.0,0.0,0.0,0.0,0.0,0.0,0.0,0.0,0.0
4602,0.0,0.0,0.0,0.0,0.0,0.0,0.0,0.0,0.0,0.0,0.0,0.0,0.0,0.0,0.0,0.0
