,0,1,2,3,4,5,6,7,8,9,10,11,12,13,14,15
0,0.0,0.0,0.0,0.0,0.0,0.0,0.0,0.0,0.0,0.0,0.10921300202608109,0.0,0.0,0.0,0.0,0.0
1,0.0,0.0,0.0,0.0,0.0,0.0,0.0,0.0,0.0,0.0,0.0,0.0,0.0,0.0,0.0,0.0
3,0.0,0.0,0.0,0.0,0.0,0.0,0.0,0.0,0.0,1.0,0.0,0.0,0.0,0.0,0.0,0.0
7,0.0,0.0,0.0,0.0,0.0,0.0,0.0,0.0,0.0,0.0,0.0,0.0,0.0,0.0,0.0,0.0
20,0.0,0.0,0.0,0.0,0.0,0.0,0.0,0.0,0.0,0.0,0.0,0.0,0.0,0.0,0.0,0.0
31,0.9944859743118286,0.8788310289382935,0.9989944696426392,0.9983299970626831,0.998092532157898,0.9960353374481201,0.9993770122528076,0.9989174604415894,0.9611923098564148,0.9998953342437744,0.9983019828796387,0.9993513822555542,0.9990434646606445,0.9975646734237671,0.9981040358543396,1.0
37,0.48484206199645996,0.8671658635139465,0.8222357034683228,0.0,0.6272224187850952,0.7625187039375305,0.8596068024635315,0.6709737777709961,0.764407217502594,0.8951161503791809,0.0,0.6351780295372009,0.776494562625885,0.7706410884857178,0.9497604966163635,0.3086295425891876
41,0.0,0.0,0.0,0.0,0.0,0.0,0.0,0.0,0.0,0.0,0.0,0.0,0.0,0.0,0.0,0.0
43,0.0,0.0,0.0,0.0,0.0,0.0,0.0,0.0,0.0,0.0,0.0,0.0,0.0,0.0,0.0,0.0
46,0.02241716906428337,0.0,0.0,0.0,0.0,0.0,0.0,0.0,0.0,0.0,0.0,0.0,0.0,0.0,0.0,0.0
48,0.5866929888725281,0.0,0.0,0.0,0.0,0.7357838153839111,0.5952659249305725,0.0,0.7090651988983154,0.0,0.6789199113845825,0.0,0.0,0.0,0.0,0.7386953234672546
49,0.0,0.0,0.0,0.0,0.0,0.0,0.0,0.0,0.0,0.0,0.0,0.0,0.0,0.0,0.0,0.0
51,0.0,0.0,0.0,0.48093998432159424,0.0,0.0,0.0,0.0,0.0,0.23798100650310516,0.0,0.0,0.0,0.0,0.0,0.0
54,0.0,0.0,0.02256450057029724,0.022122999653220177,0.0,0.0,0.0,0.0,0.0,0.012846000492572784,0.0,0.03505700081586838,0.0,0.0,0.06912700086832047,0.039213668555021286
58,0.0,0.0,0.0,0.0,0.0,0.0,0.0,0.0,0.0,0.0,0.0,0.0,0.0,0.0,0.0,0.0
89,0.0,0.07776341587305069,0.3228866457939148,0.0,0.0,0.0,0.18346378207206726,0.17781387269496918,0.0,0.18309099972248077,0.0,0.16143667697906494,0.010772375389933586,0.10332489013671875,0.0,0.0
95,0.0,0.0,0.0,0.0,0.0,0.0,0.0,0.0,0.004572923295199871,0.0,0.0,0.0,0.0,0.0,0.0,0.0
99,0.0,0.0,0.0,0.0,0.0,0.0,0.0,0.0,0.0,0.0,0.0,0.0,0.0,0.0,0.0,0.0
104,0.0,0.0,0.0,0.0,0.0,0.010093143209815025,0.0,0.0,0.0,0.0,0.0,0.0,0.0,0.0,0.0,0.0
106,0.8125892281532288,0.0,0.0,0.3737736642360687,0.49686098098754883,0.08168099820613861,0.0,0.0,0.991661787033081,0.9886492490768433,0.226241335272789,0.9229427576065063,0.993870735168457,0.9862856864929199,0.891137957572937,0.8928730487823486
115,0.0,0.0,0.0,0.0,0.0,0.0,0.0,0.0,0.0,0.0,0.0,0.0,0.0,0.0,0.0,0.0
118,0.0,0.0,0.0,0.0,0.0,0.0,0.0,0.0,0.0,0.0,0.0,0.0,0.0,0.0,0.0,0.0
123,0.0,0.0,0.0,0.0,0.0,0.0,0.0,0.0,0.0,0.0,0.0,0.0,0.0,0.0,0.0,0.0
126,0.0,0.0,0.0,0.0,0.0,0.0,0.0,0.0,0.0,0.0,0.0,0.0,0.0,0.0,0.0,0.0
132,0.949807345867157,1.0,0.9979602098464966,0.7872023582458496,0.9739940166473389,0.9141273498535156,0.8918055295944214,0.9997245073318481,1.0,0.9977093935012817,0.9825587868690491,0.9963045120239258,0.9327583312988281,0.8809299468994141,0.9456474781036377,0.9956740140914917
170,0.0,0.0,0.0,0.0,0.0,0.0,0.0,0.0,0.0,0.0,0.0,0.0,0.0,0.0,0.0,0.0
173,0.0,0.0,0.0,0.0,0.0,0.0,0.0,0.0,0.0,0.0,0.0,0.0,0.0,0.0,0.0,0.0
186,0.33039724826812744,0.4002017378807068,0.5184837579727173,0.2989799976348877,0.4196842610836029,0.37949642539024353,0.22067250311374664,0.308917373418808,0.36706650257110596,0.037229251116514206,0.8196892142295837,0.21860074996948242,0.3390727639198303,0.0,0.0,0.17170099914073944
191,0.24852566421031952,0.11105799674987793,0.0,0.2991254925727844,0.30285748839378357,0.09964100271463394,0.0613970011472702,0.10527774691581726,0.14945000410079956,0.15244799852371216,0.17349833250045776,0.244548499584198,0.24442750215530396,0.14816224575042725,0.07494833320379257,0.02855674922466278
202,0.0,0.0,0.0,0.0,0.0,0.0,0.0,0.0,0.0,0.0,0.0,0.0,0.0,0.0,0.0,0.0
211,0.0,0.0,0.0,0.0,0.0,0.0,0.0,0.0,0.0,0.0,0.0,0.0,0.0,0.0,0.0,0.0
213,0.0,0.0,0.2255958467721939,0.0,0.18080498278141022,0.19107945263385773,0.23588159680366516,0.0,0.0,0.20367859303951263,0.0,0.1851964294910431,0.0,0.2052326649427414,0.0,0.0
224,0.0,0.0,0.0,0.0,0.0,0.0,0.0,0.0,0.0,0.0,0.0,0.0,0.0,0.0,0.0,0.0
248,0.0,0.0,0.0,0.0,0.0,0.0,0.0,0.0,0.0,0.0,0.0,0.0,0.0,0.0,0.0,0.0
250,0.0,0.0,0.0,0.0,0.0,0.0,0.0,0.027610430493950844,0.02980666607618332,0.0,0.12622986733913422,0.29108819365501404,0.20735856890678406,0.0,0.0,0.055289000272750854
253,0.0,0.0,0.0,0.0,0.0,0.0,0.0,0.0,0.0,0.0,0.0,0.0,0.0,0.0,0.0,0.0
254,0.0,0.0,0.0,0.0,0.0,0.0,0.0,0.0,0.0,0.0,0.0,0.0,0.0,0.0,0.0,0.0
256,0.0,0.0,0.0,0.0,0.0,0.0,0.0,0.0,0.0,0.0,0.0,0.0,0.0,0.0,0.0,0.0
258,0.04024588316679001,0.0,0.0,0.1660899817943573,0.0,0.0,0.0,0.1470654010772705,0.0,0.0,0.0,0.0,0.0,0.0,0.12407834827899933,0.0
262,0.0,0.07526800036430359,0.19843634963035583,0.0,0.0,0.0,0.0,0.0,0.016644999384880066,0.4601736068725586,0.22454699873924255,0.5905641317367554,0.0,0.0,0.0,0.0
266,0.18753740191459656,0.03536418825387955,0.0,0.0,0.0,0.0,0.0,0.0,0.0,0.0,0.0,0.032258063554763794,0.0,0.0,0.0,0.223626509308815
271,0.0,0.0,0.0,0.0,0.0,0.0,0.0,0.0,0.0,0.0,0.0,0.0,0.0,0.0,0.0,0.0
275,0.0,0.0,0.0,0.0,0.0,0.0,0.0,0.0,0.0,0.0,0.0,0.0,0.0,0.0,0.0,0.0
281,0.0,0.0,0.0,0.0,0.0,0.0,0.0,0.0,0.0,0.0,0.0,0.0,0.0,0.3138889968395233,0.0,0.0
283,0.0,0.0,0.0,0.0,0.0,0.0,0.0,0.0,0.0,0.0,0.0,0.0,0.0,0.0,0.0,0.0
284,0.0,0.0,0.0,0.0,0.0,0.0,0.0,0.0,0.0,0.0,0.0,0.0,0.0,0.0,0.0,0.0
288,0.0,0.0,0.0,0.0,0.0,0.0,0.0,0.0,0.0,0.0,0.0,0.0,0.0,0.0,0.0,0.0
292,0.06234297901391983,0.0,0.0,0.22136788070201874,0.0,0.0,0.0,0.0,0.0,0.0,0.06163552775979042,0.01886960305273533,0.10468832403421402,0.0,0.0,0.0
296,0.0,0.0,0.0,0.0,0.0,0.0,0.0,0.0,0.0,0.0,0.0,0.0,0.0,0.0,0.0,0.0
313,0.0,0.0,0.0,0.0,0.0,0.0,0.0,0.0,0.0,0.0,0.0,0.0,0.0,0.0,0.0,0.0
316,0.0,0.0,0.0,0.0,0.0,0.0,0.0,0.0,0.0,0.0,0.0,0.0,0.0,0.0,0.0,0.0
324,0.0,0.0,0.0,0.0,0.0,0.0,0.0,0.0,0.0,0.0,0.0,0.0,0.0,0.0,0.0,0.0
326,0.0,0.0,0.0,0.0,0.0,0.0,0.0,0.0,0.0,0.0,0.0,0.0,0.0,0.0,0.0,0.0
346,0.0,0.9726870059967041,0.9676240086555481,0.7138620018959045,0.5748900175094604,0.5522720217704773,0.6335170269012451,0.813605010509491,0.7435489892959595,0.4490004777908325,0.4571409821510315,0.9978594779968262,0.8145389556884766,0.9663674831390381,0.8205609917640686,0.8524789810180664
351,0.0,0.0,0.0,0.0,0.0,0.0,0.0,0.0,0.0,0.0,0.03193258121609688,0.0,0.0,0.0,0.0,0.0
355,0.0,0.0,0.0,0.0,0.0,0.0,0.0,0.0,0.0,0.0,0.0,0.0,0.0,0.0,0.0,0.0
361,0.0,0.0,0.0,0.0,0.0,0.0,0.0,0.0,0.0,0.0,0.0,0.0,0.0,0.0,0.0,0.0
368,0.0,0.0,0.0,0.0,0.0,0.0,0.0,0.0,0.0,0.0,0.0,0.0,0.0,0.0,0.0,0.0
369,0.412427693605423,0.6916372179985046,0.5940581560134888,0.18417654931545258,0.692437469959259,0.6602264046669006,0.5970558524131775,0.7871599793434143,0.7826982140541077,0.6417341232299805,0.9080312848091125,0.6109405159950256,0.6252222061157227,0.4600186347961426,0.7305781245231628,0.5928635597229004
374,0.0,0.0,0.0,0.0,0.0,0.0,0.0,0.0,0.0,0.0,0.0,0.0,0.0,0.0,0.0,0.0
385,0.0,0.0,0.0,0.0,0.0,0.0,0.0,0.0,0.0,0.0,0.0,0.0,0.0,0.0,0.0,0.0
388,0.21759524941444397,0.0,0.12498333305120468,0.20880067348480225,0.37468868494033813,0.03129177168011665,0.38391202688217163,0.0,0.0449645034968853,0.0,0.23733429610729218,0.5120974183082581,0.41481947898864746,0.0,0.1397615224123001,0.46977582573890686
398,0.40332674980163574,0.48871010541915894,0.10018183290958405,0.12925374507904053,0.0,0.4922443628311157,0.0,0.0,0.4797818958759308,0.0,0.0,0.0,0.12273413687944412,0.04539436101913452,0.0,0.2471747100353241
406,0.0,0.4806658625602722,0.0,0.5778999924659729,0.0,0.0,0.7401401996612549,0.0,0.0,0.19812658429145813,0.5980632901191711,0.0,0.0,0.4253830909729004,0.0,0.41564515233039856
407,0.0,0.0,0.0,0.0,0.0,0.0,0.0,0.0,0.0,0.0,0.0,0.0,0.0,0.0,0.0,0.0
408,0.0,0.0,0.0,0.0,0.0,0.0,0.0,0.0,0.0,0.0,0.0,0.0,0.0,0.0,0.0,0.0
420,0.0,0.0,0.16010747849941254,0.0,0.0,0.0,0.0,0.0,0.0,0.0,0.0,0.0,0.2738600969314575,0.0,0.0,0.0
421,0.0,0.0,0.0,0.0,0.0,0.0,0.0,0.0,0.0,0.0,0.0,0.0,0.0,0.0,0.0,0.0
426,0.3110896050930023,0.008851375430822372,0.030270736664533615,0.05203224718570709,0.5165210962295532,0.04899715259671211,0.27901920676231384,0.0,0.41952741146087646,0.006935110781341791,0.34322163462638855,0.1143704354763031,0.0,0.4043219983577728,0.2958124279975891,0.44376522302627563
428,0.6336591243743896,0.0,0.793326735496521,0.013291546143591404,0.6476743817329407,0.22949306666851044,0.7653399705886841,0.4706980884075165,0.99504554271698,0.0,0.8055362701416016,0.8621712923049927,0.7569802403450012,0.41148141026496887,0.6848583221435547,0.7797234654426575
430,0.0,0.0,0.017609750851988792,0.0,0.0,0.0,0.0,0.0,0.0,0.0,0.0,0.0,0.0,0.04794900119304657,0.0,0.0
435,0.8181353807449341,0.0,0.7826875448226929,0.11844667047262192,0.6881184577941895,0.7557733058929443,0.8696483969688416,0.8194816708564758,0.6824562549591064,0.4003213346004486,0.6197131276130676,0.7552856206893921,0.5214802622795105,0.46775946021080017,0.8053632378578186,0.8055369853973389
438,0.0,0.0,0.0,0.0,0.0,0.0,0.0,0.0,0.0,0.0,0.0,0.0,0.0,0.0,0.0,0.0
443,0.01795249432325363,0.0,0.02419762685894966,0.02932482771575451,0.0,0.0,0.02425984852015972,0.021655132994055748,0.0,0.024318233132362366,0.11809070408344269,0.06746330112218857,0.013517389073967934,0.0,0.04387131333351135,0.0
447,0.0,0.0,0.0,0.0,0.0,0.0,0.0,0.0,0.0,0.0,0.0,0.0,0.0,0.0,0.0,0.0
449,0.0,0.7128521800041199,0.7175344824790955,0.8011070489883423,0.7223626971244812,0.0,0.8334624171257019,0.8879844546318054,0.8196697235107422,0.0,0.0,0.5555188059806824,0.912548840045929,0.0,0.0,0.0
452,0.0,0.0,0.0,0.0,0.02437780052423477,0.0,0.0,0.0,0.0,0.0,0.0348377488553524,0.0,0.0,0.0,0.0,0.0
464,0.0,0.0,0.0,0.0,0.0,0.0,0.0,0.0,0.0,0.0,0.0,0.0,0.0,0.0,0.0,0.0
467,0.0,0.0,0.0,0.0,0.0,0.0,0.0,0.0,0.0,0.0,0.2319374978542328,0.0,0.0,0.0,0.0,0.0
469,0.0,0.0,0.0,0.0,0.0,0.0,0.006832341197878122,0.0,0.0,0.0,0.0,0.05452699959278107,0.0,0.8204180002212524,0.0,0.0
470,0.7654474377632141,0.15812499821186066,0.0,0.12252092361450195,0.06842000782489777,0.20486292243003845,0.6650689840316772,0.0,0.0,0.18189099431037903,0.0,0.9674644470214844,0.36574241518974304,0.9224419593811035,0.6245660185813904,0.38365480303764343
474,0.0,0.0,0.0,0.0,0.0,0.0,0.0,0.0,0.0,0.0,0.0,0.0,0.0,0.0,0.0,0.0
477,0.0,0.0,0.0,0.0,0.0,0.0,0.0,0.0,0.0,0.0,0.0,0.0,0.0,0.0,0.0,0.0
479,0.0,0.0,0.0,0.0,0.0,0.0,0.0,0.0,0.0,0.0,0.0,0.0,0.0,0.0,0.0,0.0
480,0.006122422404587269,0.0,0.018098408356308937,0.0,0.0,0.0,0.0,0.05999815836548805,0.0,0.044097334146499634,0.01422128640115261,0.0,0.01320547703653574,0.0341971181333065,0.055248286575078964,0.0
481,0.0,0.013364399783313274,0.230709046125412,0.7201234698295593,0.7711843848228455,0.501343309879303,0.6533967852592468,0.014127000235021114,0.7188249230384827,0.3958154320716858,0.7951788902282715,0.532359778881073,0.7059628367424011,0.8047327399253845,0.4864906668663025,0.7814865112304688
487,0.0,0.0,0.0,0.0,0.4966150224208832,0.0,0.0,0.0,0.0,0.0,0.0,0.0,0.0,0.0,0.0,0.0
494,0.0,0.0,0.0,0.0,0.0,0.0,0.0,0.0,0.0,0.0,0.0,0.0,0.0,0.10519074648618698,0.0,0.0
496,0.12315940856933594,0.0,0.0,0.0,0.0,0.0,0.22779855132102966,0.0,0.0,0.0,0.20987741649150848,0.0,0.0,0.0,0.08554235100746155,0.0
505,0.0,0.0,0.0,0.0,0.0,0.0,0.0,0.0,0.0,0.0,0.0,0.0,0.0,0.0,0.0,0.0
513,0.0,0.0,0.0,0.0,0.0,0.0,0.0,0.0,0.0,0.0,0.0,0.0,0.0,0.0,0.0,0.0
518,0.0,0.0,0.0,0.0,0.0,0.0,0.0,0.0,0.0,0.0,0.0,0.0,0.0,0.0,0.0,0.0
520,0.07520333677530289,0.04009909927845001,0.0,0.015287105925381184,0.02822740562260151,0.0,0.0,0.035501185804605484,0.0,0.026547756046056747,0.0,0.013807978481054306,0.0,0.033179379999637604,0.0281694158911705,0.0
521,0.19999723136425018,0.23796941339969635,0.15345577895641327,0.0,0.0,0.0,0.0,0.24458174407482147,0.30439960956573486,0.0,0.21243591606616974,0.0,0.21219372749328613,0.0,0.0,0.0
531,0.0,0.0,0.0,0.0,0.0,0.0,0.0,0.0,0.0,0.0,0.0,0.0,0.0,0.0,0.0,0.0
545,0.0,0.0,0.0,0.224629744887352,0.0,0.0,0.0,0.0,0.0,0.0,0.019457200542092323,0.0,0.0,0.0,0.0,0.0
547,0.0,0.0,0.0,0.0,0.0,0.0,0.0,0.0,0.0,0.0,0.0,0.0,0.0,0.0,0.0,0.0
554,0.3127850592136383,0.0,0.49022331833839417,0.4231979250907898,0.5141042470932007,0.0,0.049071263521909714,0.0,0.0,0.5774638056755066,0.0,0.0,0.7140753269195557,0.11065196990966797,0.0,0.5681487917900085
555,0.0,0.0,0.0,0.0,0.0,0.0,0.0,0.0,0.0,0.0,0.0,0.0,0.0,0.0,0.0,0.0
557,0.0,0.0,0.0,0.0,0.0,0.1449088305234909,0.0,0.0,0.4499678909778595,0.0,0.0,0.9082944393157959,0.0,0.0,0.0,0.0
561,0.0,0.0,0.0,0.0,0.0,0.0,0.0,0.0,0.0,0.0,0.0,0.0,0.0,0.0,0.0,0.0
568,0.0,0.0,0.0,0.0,0.0,0.0,0.0,0.0,0.0,0.0,0.0,0.0,0.0,0.0,0.0,0.0
570,0.0,0.0,0.0,0.0,0.0,0.0,0.0,0.0,0.0,0.0,0.0,0.0,0.0,0.0,0.0,0.0
577,0.0,0.0,0.0,0.0,0.0,0.0,0.0,0.0,0.0,0.0,0.0,0.0,0.0,0.0,0.0,0.0
588,0.0,0.0,0.0,0.0,0.0,0.0,0.0,0.0,0.0,0.0,0.0,0.0,0.0,0.0,0.0,0.0
603,0.0,0.0,0.0,0.0,0.0,0.0,0.0,0.0,0.0,0.0,0.0,0.0,0.0,0.0,0.0,0.0
613,0.0,0.0,0.0,0.0,0.0,0.0,0.0,0.8245024681091309,0.0,0.0,0.0,0.0,0.0,0.0,0.0,0.0
622,0.14172357320785522,0.048670556396245956,0.05834374949336052,0.08091624826192856,0.065031498670578,0.0,0.10175199806690216,0.0,0.0,0.0,0.20603862404823303,0.0,0.29261520504951477,0.1815270036458969,0.18426671624183655,0.041081503033638
635,0.0,0.0,0.0,0.0,0.0,0.0,0.0,0.0,0.0,0.0,0.0,0.0,0.0,0.0,0.0,0.0
643,0.0,0.0,0.0,0.0,0.0,0.0,0.0,0.0,0.0,0.0,0.0,0.0,0.0,0.0,0.0,0.0
653,0.0,0.0,0.0,0.0,0.0,0.0,0.0974794551730156,0.0,0.0,0.0,0.0,0.0,0.0,0.0,0.2278902381658554,0.0
661,0.04997951537370682,0.6104820370674133,0.8496576547622681,0.4801062047481537,0.11130276322364807,0.8981823325157166,0.8652426600456238,0.7104663252830505,0.14299844205379486,0.8485777378082275,0.5755308270454407,0.35382571816444397,0.7401806116104126,0.620621919631958,0.19224248826503754,0.15161874890327454
662,0.8195187449455261,0.009298428893089294,0.0,0.4904048442840576,0.1562383621931076,0.0,0.7366126775741577,0.0,0.006240833550691605,0.5501505136489868,0.009926333092153072,0.0,0.0,0.2971048355102539,0.0,0.18431442975997925
664,0.0,0.0,0.0,0.0,0.0,0.0,0.0,0.0,0.0,0.0,0.0,0.0,0.0,0.0,0.0,0.0
677,0.0,0.0,0.0,0.0,0.0,0.0,0.0,0.0,0.0,0.0,0.0,0.0,0.0,0.0,0.0,0.0
678,0.0,0.0,0.0,0.0,0.0,0.0,0.0,0.0,0.0,0.0,0.0,0.0,0.0,0.0,0.0,0.0
680,0.0,0.0,0.0,0.0,0.0,0.0,0.0,0.16595663130283356,0.0,0.0,0.0,0.0,0.0,0.0,0.0,0.0
681,0.196965754032135,0.27207934856414795,0.3027525842189789,0.04236061871051788,0.0,0.0,0.0,0.06601192057132721,0.0664234608411789,0.010068133473396301,0.0,0.0,0.10219749063253403,0.0,0.0,0.8212826251983643
684,0.0,0.0,0.0,0.0,0.055858269333839417,0.0,0.16123294830322266,0.0,0.09623190760612488,0.0,0.17745628952980042,0.2978561520576477,0.0,0.0,0.02968919835984707,0.0
689,0.0,0.0,0.0,0.0,0.0,0.0,0.0,0.0,0.0,0.0,0.0,0.0,0.0,0.0,0.0,0.0
695,0.0,0.0,0.0,0.0,0.0,0.2580707371234894,0.0,0.0,0.0,0.0,0.14352600276470184,0.0,0.0,0.0,0.0,0.0
704,0.0,0.0,0.0,0.0,0.0,0.0,0.0,0.0,0.0,0.0,0.0,0.0,0.0,0.0,0.0,0.0
724,0.0,0.0,0.0,0.0,0.0,0.0,0.0,0.0,0.0,0.0,0.0,0.0,0.0,0.0,0.0,0.0
725,0.0,0.0,0.0,0.0,0.11971750110387802,0.0,0.0,0.0,0.0,0.0,0.0,0.0,0.0,0.0,0.0,0.0
731,0.0,0.0,0.0,0.0,0.0,0.0,0.0,0.0,0.0,0.0,0.0,0.0,0.0,0.0,0.0,0.0
737,0.0,0.0,0.0,0.0,0.0,0.0,0.0,0.0,0.0,0.0,0.0,0.0,0.0,0.0,0.0,0.0
738,0.09600599855184555,0.0,0.0,0.0,0.0,0.0,0.0,0.0,0.0,0.0,0.0,0.0,0.0,0.0,0.0,0.0
751,0.0,0.0,0.0,0.0,0.0,0.0,0.0662325993180275,0.0,0.0,0.0,0.0,0.0,0.0,0.0,0.0,0.0
753,0.6295804977416992,0.6757974028587341,0.7094303369522095,0.7064151167869568,0.6183239817619324,0.5797141790390015,0.6839061379432678,0.815926730632782,0.7630802392959595,0.7753472328186035,0.6137690544128418,0.7379796504974365,0.757533848285675,0.6417571902275085,0.6575745344161987,0.5833852887153625
755,0.0,0.0,0.0,0.0,0.0,0.0,0.0,0.0,0.0,0.0,0.0,0.0,0.0,0.0,0.0,0.0
761,0.0,0.0,0.0,0.0,0.0,0.0,0.0,0.0,0.0,0.0,0.0,0.0,0.0,0.0,0.0,0.0
762,0.0,0.0,0.0,0.0,0.0,0.0,0.0,0.0,0.0,0.0,0.0,0.0,0.0,0.0,0.0,0.0
766,0.0,0.0,0.0,0.0,0.06841599941253662,0.0,0.12509599328041077,0.0,0.0,0.11158033460378647,0.0,0.03624900057911873,0.0,0.31095898151397705,0.0,0.12405599653720856
767,0.0,0.0,0.0,0.0,0.0,0.0,0.0,0.0,0.0,0.0,0.0,0.0,0.0,0.0,0.0,0.0
772,0.0,0.0,0.0,0.0,0.0,0.0,0.0,0.0,0.0,0.0,0.0,0.0,0.0,0.0,0.0,0.0
776,0.0,0.0,0.0,0.0,0.0,0.0,0.0,0.0,0.0,0.0,0.0,0.0,0.0,0.0,0.0,0.0
788,0.0,0.0,0.0,0.0,0.0,0.0,0.0,0.0,0.0,0.0,0.0,0.0,0.0,0.0,0.0,0.0
796,0.0,0.0,0.0,0.0,0.0,0.0,0.0,0.0,0.0,0.0,0.0,0.0,0.0,0.0,0.0,0.0
802,0.0,0.0,0.0,0.0,0.0,0.0,0.0,0.0,0.0,0.0,0.0,0.0,0.0,0.0,0.0,0.0
806,0.0,0.0,0.0,0.0,0.0,0.06989192962646484,0.0,0.0,0.0,0.0,0.0,0.0,0.0,0.0,0.0,0.0
814,0.0,0.0,0.0,0.0,0.0,0.0,0.0,0.0,0.0,0.0,0.0,0.0,0.0,0.0,0.0,0.0
846,0.0,0.0,0.0,0.0,0.0,0.0,0.0,0.0,0.0,0.0,0.0,0.0,0.09862910956144333,0.09796269237995148,0.0,0.017261559143662453
849,0.3000888228416443,0.0,0.5181882977485657,0.0,0.0,0.13266021013259888,0.5015597939491272,0.22601313889026642,0.12250315397977829,0.39701971411705017,0.4429362714290619,0.0,0.0,0.31204500794410706,0.20577354729175568,0.0
858,0.0,0.0,0.0,0.0,0.0,0.0,0.0,0.0,0.0,0.0,0.0,0.0,0.0,0.0,0.0,0.0
865,0.0,0.0,0.03976999968290329,0.0,0.0,0.0,0.0,0.0,0.0,0.0,0.0,0.0,0.01370611134916544,0.0,0.0,0.0
873,0.7159502506256104,0.0,0.7926159501075745,0.0,0.0,0.7373002171516418,0.0,0.0,0.0,0.0,0.0,0.0,0.0,0.03591844439506531,0.0,0.2619967460632324
882,0.0,0.0,0.0,0.0,0.0,0.0,0.0,0.0,0.0,0.0,0.0,0.0,0.0,0.0,0.0,0.0
883,0.8583714365959167,0.0,0.12128417193889618,0.0,0.0,0.0,0.0,0.0,0.0,0.0,0.0,0.0,0.0,0.0,0.0,0.0
888,0.0,0.0,0.0,0.0,0.0,0.0,0.0,0.0,0.0,0.0,0.0,0.0,0.0,0.0,0.0,0.0
889,0.025043411180377007,0.06873515248298645,0.1088879257440567,0.20326849818229675,0.13298743963241577,0.017485642805695534,0.10701816529035568,0.12563058733940125,0.0598989874124527,0.05661538988351822,0.07189694792032242,0.003854945534840226,0.2966088652610779,0.43312886357307434,0.1417996734380722,0.19122469425201416
893,0.1351795196533203,0.1569291651248932,0.7436341643333435,0.0,0.0,0.0,0.06289293617010117,0.8194785118103027,0.3447500169277191,0.0,0.3276105225086212,0.46055376529693604,0.05067088454961777,0.2931918501853943,0.0,0.6710951328277588
894,0.0,0.0,0.0,0.0,0.0,0.0,0.0,0.0,0.0,0.0,0.0,0.0,0.0,0.0,0.0,0.0
901,0.5652834177017212,0.0,0.0,0.0,0.0,0.0,0.23586539924144745,0.7392922639846802,0.8460608124732971,0.0,0.7783604860305786,0.036205142736434937,0.8557695150375366,0.6273494958877563,0.4160061776638031,0.0
907,0.0,0.0,0.0,0.0,0.0,0.0,0.0,0.0,0.0,0.0,0.0,0.0,0.0,0.0,0.0,0.0
909,0.0,0.0,0.0,0.0,0.0,0.0,0.0,0.0,0.0,0.0,0.0,0.0,0.0,0.0,0.0,0.0
918,0.0,0.0,0.0,0.0,0.0,0.0,0.0,0.0,0.0,0.0,0.0,0.0,0.0,0.0,0.0,0.0
921,0.06631695479154587,0.0,0.04924541339278221,0.04330693930387497,0.0,0.0,0.03816118836402893,0.04259568452835083,0.0,0.5224490165710449,0.05400389805436134,0.0,0.0,0.08122560381889343,0.047788187861442566,0.0
924,0.0,0.0,0.0,0.0,0.0,0.0,0.0,0.0,0.0,0.0,0.0,0.0,0.0,0.0,0.0,0.0
928,0.0,0.0,0.0,0.0,0.6059882044792175,0.0,0.0,0.0,0.0,0.0,0.36920541524887085,0.0,0.0,0.0,0.0,0.0
933,0.0,0.0,0.0,0.0,0.0,0.0,0.0,0.0,0.0,0.0,0.0,0.0,0.0,0.0,0.0,0.0
934,0.0,0.0,0.0,0.0,0.0,0.0,0.0,0.0,0.0,0.0,0.0,0.0,0.0,0.0,0.0,0.0
938,0.0,0.0,0.0,0.0,0.0,0.0,0.0,0.0,0.0,0.0,0.0,0.0,0.0,0.0,0.0,0.0
941,0.0,0.0,0.0,0.0,0.0,0.0,0.0,0.0,0.0,0.0,0.0,0.0,0.0,0.0,0.0,0.0
950,0.0,0.0,0.0,0.0,0.0,0.0,0.0,0.0,0.0,0.0,0.0,0.0,0.2052392065525055,0.0,0.0,0.0
953,0.059838809072971344,0.0,0.013812672346830368,0.0,0.0,0.0,0.0,0.0,0.0,0.10418178886175156,0.0,0.0,0.06154235824942589,0.18598461151123047,0.0,0.0
954,0.0,0.0,0.0,0.0,0.0,0.0,0.0,0.0,0.0,0.0,0.0,0.0,0.0,0.0,0.0,0.0
958,0.0,0.04902166873216629,0.0,0.25170132517814636,0.0,0.2371143251657486,0.18744826316833496,0.21513456106185913,0.18364135921001434,0.0,0.059745997190475464,0.058896467089653015,0.7889456152915955,0.0,0.281077116727829,0.672995388507843
960,0.0,0.0,0.0,0.0,0.0,0.0,0.0,0.0,0.0,0.0,0.0,0.0,0.0,0.0,0.0,0.0
969,0.0,0.0,0.0,0.0,0.0,0.0,0.0,0.0,0.0,0.0,0.0,0.0,0.0,0.0,0.0,0.0
970,0.0925154834985733,0.0,0.19351807236671448,0.5975399613380432,0.0,0.23942218720912933,0.23559510707855225,0.5408050417900085,0.6604490876197815,0.0,0.7687647938728333,0.0,0.5886802673339844,0.2732827961444855,0.3634057641029358,0.12705133855342865
971,0.0,0.0,0.0,0.0,0.0,0.0,0.0,0.0,0.0,0.0,0.0,0.0,0.0,0.0,0.0,0.0
975,0.5532674789428711,0.1955968737602234,0.12171517312526703,0.09598775207996368,0.051010750234127045,0.09331800788640976,0.04621649906039238,0.2724907398223877,0.14551220834255219,0.10033001005649567,0.08450020104646683,0.14665420353412628,0.08062680065631866,0.03426560014486313,0.09566739946603775,0.0641390010714531
994,0.25154000520706177,0.0,0.0,0.0,0.11470058560371399,0.23433859646320343,0.30827003717422485,0.1881018429994583,0.0,0.30966219305992126,0.0,0.0,0.0,0.3678745627403259,0.30940088629722595,0.2013026475906372
997,0.0,0.0,0.0,0.0,0.0,0.0,0.0,0.0,0.0,0.0,0.0,0.0,0.0,0.0,0.0,0.0
1000,0.07034378498792648,0.0,0.0,0.0,0.0,0.0,0.0,0.0,0.03054017387330532,0.0,0.0,0.0,0.0,0.031290438026189804,0.0,0.0
1003,0.0,0.0,0.0,0.0,0.0,0.1905471384525299,0.0,0.0,0.0,0.0,0.0,0.0,0.11026240885257721,0.0,0.0,0.0
1006,0.0,0.0,0.0,0.0,0.0,0.0,0.0,0.0,0.0,0.0,0.4669836759567261,0.0,0.0,0.0,0.0,0.0
1007,0.0,0.0,0.0,0.0,0.0,0.0,0.0,0.0,0.0,0.0,0.0,0.0,0.0,0.0,0.0,0.0
1010,0.040152858942747116,0.20796914398670197,0.23790934681892395,0.07131829112768173,0.21339112520217896,0.14713075757026672,0.22619429230690002,0.4361145794391632,0.21483244001865387,0.16828817129135132,0.26053187251091003,0.12743599712848663,0.13453514873981476,0.12207229435443878,0.0512005016207695,0.22124744951725006
1014,0.24937905371189117,0.41183915734291077,0.006523181684315205,0.5300613045692444,0.7943770289421082,0.15543358027935028,0.9250672459602356,0.8091126084327698,0.4534699022769928,0.040179457515478134,0.645117461681366,0.43547701835632324,0.9579650163650513,0.16881290078163147,0.8117178082466125,0.8169831037521362
1017,0.0,0.0,0.0,0.0,0.0,0.0,0.0,0.0,0.0,0.0,0.0,0.0,0.0,0.0,0.0,0.0
1018,0.07796885073184967,0.49987703561782837,0.35445818305015564,0.10574200749397278,0.0,0.40324026346206665,0.0627150610089302,0.0,0.6159785985946655,0.2440149337053299,0.06358396261930466,0.10375737398862839,0.16986750066280365,0.22319234907627106,0.17364022135734558,0.5262561440467834
1023,0.0,0.0,0.0,0.0,0.0,0.0,0.0,0.0,0.0,0.0,0.0,0.0,0.0,0.0,0.0,0.0
1029,0.0,0.0,0.0,0.0,0.0,0.0,0.0,0.0,0.0,0.0,0.0,0.0,0.0,0.0,0.0,0.0
1031,0.0,0.0,0.0,0.0,0.0,0.0,0.0,0.022679166868329048,0.027186231687664986,0.0,0.0,0.0,0.0067620002664625645,0.0,0.0,0.0
1032,0.0,0.0,0.0,0.0,0.0,0.0,0.0,0.0,0.0,0.0,0.0,0.0,0.0,0.0,0.0,0.0
1035,0.26182201504707336,0.12545399367809296,0.3246777653694153,0.13643722236156464,0.1753966063261032,0.1215284913778305,0.3054637312889099,0.35719963908195496,0.17666523158550262,0.308184951543808,0.12485095113515854,0.2545801103115082,0.48707252740859985,0.0,0.28286170959472656,0.2325948178768158
1040,0.0,0.0,0.0,0.0,0.0,0.0,0.0,0.0,0.0,0.0,0.0,0.0,0.0,0.0,0.0,0.0
1042,0.0,0.0,0.0,0.0,0.0,0.10908633470535278,0.0,0.0,0.0,0.0,0.0,0.0,0.0,0.0,0.08290199935436249,0.0
1049,0.3005255460739136,0.0,0.0,0.19443511962890625,0.0,0.31791624426841736,0.19767117500305176,0.24722343683242798,0.9797430038452148,0.0,0.0,0.0,0.4232819974422455,0.0,0.0,0.0
1051,0.0,0.0,0.0,0.0,0.0,0.0,0.0,0.0,0.0,0.0,0.0,0.0,0.0,0.0,0.0,0.0
1052,0.0,0.02208930067718029,0.26095789670944214,0.12423284351825714,0.0,0.4719789922237396,0.0,0.6856765747070312,0.5002662539482117,0.40453729033470154,0.6752539277076721,0.912431001663208,0.051472850143909454,0.0,0.2457800954580307,0.3352537453174591
1060,0.0,0.0,0.0,0.0,0.0,0.0,0.0,0.0,0.0,0.0,0.0,0.0,0.0,0.0,0.0,0.0
1067,0.14842331409454346,0.3098452091217041,0.3624262809753418,0.4977821707725525,0.0,0.15723857283592224,0.0544598363339901,0.556177020072937,0.0,0.8315243721008301,0.21649125218391418,0.5161392092704773,0.6729406118392944,0.45783767104148865,0.0,0.8711907267570496
1069,0.0,0.0,0.0,0.0,0.0,0.0,0.0,0.0,0.0,0.0,0.0,0.0,0.0,0.0,0.0,0.0
1070,0.0,0.0,0.0,0.0,0.0,0.0,0.0,0.0,0.0,0.0,0.0,0.0,0.0,0.0,0.0,0.0
1071,0.0,0.0,0.0,0.0,0.0,0.0,0.0,0.0,0.0,0.0,0.0,0.0,0.0,0.0,0.0,0.0
1075,0.0,0.0,0.0,0.0,0.0,0.0,0.0,0.0,0.0,0.0,0.0,0.0,0.0,0.0,0.0,0.0
1079,0.0,0.0,0.937009871006012,0.0,0.0,0.0,0.618316650390625,0.0,0.6331759095191956,0.0,0.0,0.0,0.7871649861335754,0.0,0.0,0.3317824900150299
1083,0.09844685345888138,0.03540850058197975,0.0,0.5348650217056274,0.07035200297832489,0.0,0.0,0.30616310238838196,0.010203850455582142,0.0,0.0,0.09782399982213974,0.03781533241271973,0.0,0.190596804022789,0.1282634288072586
1086,0.0,0.0,0.0,0.0,0.0,0.0,0.0,0.0,0.0,0.0,0.0,0.0,0.0,0.0,0.0,0.0
1091,0.0,0.0,0.0,0.0,0.0,0.0,0.0,0.0,0.0,0.0,0.0,0.005720249842852354,0.0,0.0,0.17165857553482056,0.0
1093,0.0,0.0,0.0,0.0,0.0,0.0,0.0,0.0,0.0,0.0,0.0,0.0,0.0,0.0,0.0,0.0
1103,0.06466704607009888,0.0,0.16085349023342133,0.0,0.0,0.0,0.0,0.03119218535721302,0.0,0.0,0.13106361031532288,0.053725000470876694,0.0757628083229065,0.24466067552566528,0.0,0.09881514310836792
1115,0.0,0.0,0.0,0.27517589926719666,0.0,0.07840953022241592,0.10650133341550827,0.10684545338153839,0.1564028561115265,0.0,0.16172446310520172,0.0,0.0,0.1583046019077301,0.1609421968460083,0.0
1119,0.4631413519382477,0.0,0.19706974923610687,0.22279314696788788,0.0,0.28756406903266907,0.3619205951690674,0.0,0.0,0.32302388548851013,0.3333297371864319,0.34544244408607483,0.0,0.0,0.36874645948410034,0.0
1122,0.0,0.0,0.0,0.0,0.0,0.0,0.0,0.0,0.0,0.0,0.0,0.13927075266838074,0.046504147350788116,0.0,0.2656470239162445,0.0
1133,0.0,0.0,0.0,0.0,0.0,0.012131272815167904,0.0,0.01399650052189827,0.0,0.0,0.06858149915933609,0.10929278284311295,0.0,0.0,0.0,0.0
1139,0.0,0.0,0.0,0.0,0.0,0.0,0.0,0.0,0.0,0.0,0.0,0.0,0.0,0.0,0.0,0.0
1145,0.0,0.0,0.0,0.0,0.0,0.0,0.0,0.0,0.0,0.0,0.0,0.0,0.0,0.0,0.0,0.0
1147,0.9766005277633667,0.6525239944458008,0.49095579981803894,0.10595600306987762,0.9779775142669678,0.39999619126319885,0.8723276257514954,0.0,0.9971120357513428,0.0,0.0,0.5166478157043457,0.11185887455940247,0.0,0.0,0.5158383846282959
1150,0.0,0.0,0.0,0.0,0.0,0.0,0.0,0.0,0.8416879773139954,0.15102346241474152,0.0,0.0,0.0,0.0,0.0,0.0
1154,0.0,0.0,0.0,0.0,0.0,0.0,0.0,0.0,0.0,0.0,0.0,0.0,0.0,0.0,0.0,0.0
1157,0.0,0.0,0.0,0.0,0.0,0.0,0.0,0.0,0.0,0.0,0.0,0.0,0.0,0.0,0.0,0.0
1164,0.6231743097305298,0.9945217967033386,0.7684102654457092,0.04942259192466736,0.8239569664001465,0.9413173198699951,0.604971706867218,0.921970009803772,0.13791511952877045,0.4505363702774048,0.628212571144104,0.861421525478363,0.6202793121337891,0.6142003536224365,0.9994615316390991,0.7924247980117798
1165,0.0,0.0,0.0,0.0,0.0,0.0,0.0,0.0,0.0,0.0,0.0,0.0,0.0,0.0,0.0,0.0
1191,0.0,0.0,0.0,0.0,0.0,0.0,0.0,0.0,0.0,0.0,0.0,0.0,0.0,0.0,0.0,0.0
1197,0.0,0.0,0.0,0.0,0.0,0.0,0.0,0.0,0.0,0.0,0.0,0.0,0.0,0.0,0.0,0.0
1200,0.0,0.0,0.0,0.0,0.0,0.0,0.0,0.0,0.0,0.0,0.0,0.0,0.0,0.0,0.0,0.0
1204,0.0,0.0,0.0,0.0,0.0,0.0,0.0,0.0,0.0,0.0,0.0,0.0,0.0,0.0,0.0,0.0
1207,0.0,0.0,0.0,0.0,0.0,0.0,0.0,0.0,0.0,0.0,0.0,0.0,0.0,0.0,0.0,0.0
1211,0.017624199390411377,0.04008230194449425,0.6575673222541809,0.3071177303791046,0.795581042766571,0.9949203729629517,0.13494673371315002,0.10551518201828003,0.9710968136787415,0.3633488118648529,0.18813593685626984,0.9769330024719238,0.6454178690910339,0.6134263277053833,0.8483490347862244,0.6227813959121704
1218,0.0,0.0,0.0,0.0,0.0,0.0,0.0,0.0,0.0,0.0,0.0,0.0,0.0,0.0,0.0,0.0
1240,0.0,0.0,0.0,0.0,0.0,0.0,0.0,0.0,0.0,0.0,0.0,0.0,0.0,0.0,0.0,0.0
1244,0.0,0.0,0.0,0.0,0.0,0.0,0.0,0.0,0.0,0.0,0.0,0.0,0.0,0.0,0.0,0.0
1246,0.0,0.0,0.0,0.0,0.0,0.0,0.0,0.0,0.0,0.0,0.0,0.0,0.0,0.0,0.0,0.0
1266,0.046240463852882385,0.0,0.0,0.0,0.28404149413108826,0.0,0.3730233609676361,0.0,0.0,0.09460315853357315,0.1671496480703354,0.35645362734794617,0.0,0.023999739438295364,0.7289193272590637,0.0
1270,0.0,0.0,0.0,0.0,0.0,0.0,0.0,0.0,0.0,0.0,0.0,0.0,0.0,0.0,0.0,0.0
1272,0.0,0.0,0.0,0.0,0.0,0.0,0.0,0.0,0.0,0.0,0.0,0.0,0.0,0.0,0.0,0.0
1274,0.0,0.0,0.0,0.0,0.0,0.0,0.0,0.0,0.0,0.2076735943555832,0.13991190493106842,0.0,0.0,0.03267500177025795,0.0,0.0
1280,0.0,0.0,0.0,0.0,0.0,0.0,0.0,0.0,0.0,0.0,0.0,0.0,0.0,0.0,0.0,0.0
1282,0.28374671936035156,0.2648387551307678,0.32137900590896606,0.4444376528263092,0.4097132086753845,0.0,0.4948395788669586,0.0,0.3979032039642334,0.3746688961982727,0.3214343786239624,0.5816245079040527,0.7343754768371582,0.2632312774658203,0.3075198531150818,0.6884064078330994
1295,0.0,0.0,0.0,0.0,0.0,0.0,0.0,0.0,0.0,0.0,0.0,0.0,0.0,0.0,0.0,0.0
1300,0.0,0.0,0.0,0.0,0.0,0.0,0.0,0.0,0.0,0.0,0.0,0.0,0.0,0.0,0.0,0.0
1301,0.0,0.0,0.0,0.0,0.0,0.0,0.0,0.0,0.0,0.0,0.0,0.0,0.0,0.0,0.0,0.0
1321,0.0,0.0,0.0,0.0,0.0,0.0,0.0,0.0,0.0,0.0,0.0,0.0,0.0,0.0,0.0,0.0
1327,0.0,0.0,0.3288104236125946,0.0,0.0,0.0,0.23714832961559296,0.09872438758611679,0.0,0.0,0.0,0.0,0.7106565833091736,0.3503020703792572,0.0,0.0
1330,0.0,0.0,0.0,0.0,0.0,0.0,0.0,0.0,0.0,0.0,0.0,0.0,0.0,0.0,0.0,0.0
1337,0.9180771112442017,0.8059840798377991,0.3127470314502716,0.7866705060005188,0.17879590392112732,0.1740238219499588,0.9080705642700195,0.8480818867683411,0.3659363389015198,0.987971305847168,0.8653976321220398,0.9450359344482422,0.10455038398504257,0.968325138092041,0.9843243360519409,0.28524985909461975
1340,0.0,0.0,0.0,0.0,0.0,0.0,0.012561106123030186,0.0,0.0,0.0,0.0,0.0,0.0,0.0,0.0,0.0
1341,0.0,0.0,0.0,0.0,0.0,0.0,0.0,0.0,0.0,0.05707399919629097,0.0,0.0,0.0,0.0,0.12857399880886078,0.0
1344,0.0,0.0,0.1183210015296936,0.365200012922287,0.0,0.14341500401496887,0.0,0.0,0.0,0.0,0.0,0.0,0.0,0.0,0.0,0.0
1349,0.0,0.0,0.0,0.0,0.0,0.0,0.0,0.0,0.0,0.0,0.0,0.0,0.0,0.0,0.0,0.0
1358,0.0,0.0,0.0,0.0,0.0,0.0,0.0,0.0,0.0,0.0,0.0,0.0,0.0,0.0,0.0,0.0
1368,0.0,0.0,0.0,0.0,0.0,0.0,0.0,0.0,0.0,0.0,0.0,0.0,0.0,0.0,0.0,0.0
1372,0.18663950264453888,0.0,0.0,0.0,0.0988912507891655,0.0,0.0,0.03079799935221672,0.08138850331306458,0.0,0.0,0.0,0.12789799273014069,0.11678650230169296,0.0,0.13051366806030273
1375,0.0,0.0,0.0,0.0,0.0,0.0,0.0,0.0,0.0,0.0,0.0,0.0,0.0,0.0,0.0,0.0
1380,0.0,0.0,0.0,0.0,0.0,0.0,0.0,0.3746628761291504,0.0,0.0,0.0,0.0,0.0,0.0,0.0,0.0
1384,0.0,0.023857001215219498,0.07418640702962875,0.0,0.110166996717453,0.0,0.0,0.0,0.0,0.04770800098776817,0.0,0.0,0.0,0.0,0.0,0.0
1388,0.0,0.0,0.0,0.0,0.0,0.0,0.0,0.0,0.0,0.0,0.10253900289535522,0.0,0.0,0.0,0.0,0.0
1391,0.0,0.0,0.0,0.0,0.0,0.0,0.0,0.0,0.0,0.0,0.0,0.0,0.0,0.0,0.0,0.0
1398,0.5303334593772888,0.5625391602516174,0.0,0.0,0.0,0.0,0.0,0.0,0.0,0.0,0.0,0.0,0.0,0.0,0.0,0.26904332637786865
1399,0.0,0.0,0.0,0.0,0.0,0.0,0.0,0.0,0.0,0.0,0.0,0.0,0.0,0.0,0.0,0.0
1404,0.8221898674964905,0.21465513110160828,0.3501512110233307,0.6776860356330872,0.7933425903320312,0.1027151420712471,0.9783434271812439,0.8869772553443909,0.8418720364570618,0.9891306757926941,0.924181342124939,0.09012474864721298,0.8929057121276855,0.23960120975971222,0.8301955461502075,0.8485941290855408
1407,0.0,0.0,0.0,0.0,0.0,0.0,0.0,0.0,0.0,0.0,0.0,0.0,0.0,0.0,0.0,0.0
1410,0.29739218950271606,0.14057442545890808,0.2358682006597519,0.36091065406799316,0.276278555393219,0.0,0.0,0.6763894557952881,0.4404545724391937,0.4828220009803772,0.6651592254638672,0.15175825357437134,0.4848465025424957,0.0,0.5990999937057495,0.927174985408783
1415,0.0,0.7294263243675232,0.9804760217666626,0.35300564765930176,0.9507316946983337,0.0,0.0,0.0,0.08356049656867981,0.46970200538635254,0.0,0.0,0.0,0.4843233525753021,0.0,0.0
1417,0.0,0.0,0.0,0.0,0.0,0.0,0.0,0.0,0.0,0.0,0.0,0.0,0.0,0.0,0.0,0.0
1425,0.0,0.03705262392759323,0.0,0.0,0.0,0.0,0.0,0.017810286954045296,0.0,0.0,0.03234657272696495,0.0,0.0,0.0,0.04820028692483902,0.03454124927520752
1429,0.0,0.0,0.0,0.0,0.0,0.0,0.0,0.0,0.0,0.0,0.0,0.0,0.0,0.0,0.0,0.0
1433,0.0,0.0,0.0,0.0,0.0,0.0,0.0,0.0,0.0,0.0,0.0,0.0,0.0,0.0,0.0,0.0
1436,0.0,0.0,0.0,0.0,0.0,0.0,0.0,0.0,0.0,0.0,0.0,0.0,0.0,0.0,0.0,0.0
1437,0.0,0.0,0.009507833048701286,0.0,0.044666167348623276,0.04890742152929306,0.07323041558265686,0.1205163449048996,0.03727341815829277,0.033776335418224335,0.04446263983845711,0.007534749805927277,0.08845658600330353,0.10321073979139328,0.2548438012599945,0.027545666322112083
1438,0.0,0.0,0.0,0.0,0.0,0.0,0.0,0.0,0.0,0.0,0.0,0.0,0.0,0.0,0.0,0.0
1439,0.0,0.0,0.0,0.0,0.0,0.0,0.0,0.0,0.0,0.0,0.0,0.0,0.0,0.0,0.11000949889421463,0.02954700030386448
1441,0.0,0.0,0.0,0.09047012031078339,0.0,0.09762334823608398,0.0,0.16455498337745667,0.0,0.0,0.0,0.0,0.1292358934879303,0.0,0.07363707572221756,0.10088135302066803
1452,0.31268399953842163,0.0,0.5689219832420349,0.0,0.39177900552749634,0.0,0.5257390141487122,0.5160170197486877,0.4529860019683838,0.3538770079612732,0.45414701104164124,0.0,0.0,0.0,0.0,0.30068299174308777
1457,0.014481144025921822,0.008756666444242,0.06110728904604912,0.08259829133749008,0.0,0.16562429070472717,0.0,0.06290315091609955,0.0,0.0,0.0,0.0,0.0,0.0,0.0,0.08201172202825546
1465,0.0,0.0,0.0,0.0,0.0,0.0,0.0,0.0,0.0,0.0,0.0,0.0,0.0,0.0,0.0,0.0
1467,0.27691298723220825,0.0,0.0,0.0,0.20542900264263153,0.0,0.0,0.20852600038051605,0.1607619971036911,0.0,0.0968175008893013,0.0,0.0,0.03813210874795914,0.0,0.025722499936819077
1480,0.0,0.0,0.0,0.0,0.0,0.0,0.0,0.0,0.0,0.0,0.0,0.0,0.0,0.0,0.0,0.0
1481,0.0,0.0,0.0,0.0,0.0,0.0,0.0,0.0,0.0,0.0,0.0,0.0,0.0,0.0,0.0,0.0
1485,0.05173389986157417,0.09022863954305649,0.0,0.0,0.0,0.0,0.10818277299404144,0.0,0.057609643787145615,0.0,0.1643458902835846,0.0,0.0,0.0954388976097107,0.08871511369943619,0.0
1486,0.10539025068283081,0.0,0.021445399150252342,0.0,0.0,0.0,0.0,0.0,0.050845667719841,0.18515799939632416,0.0,0.0,0.0,0.0,0.0,0.11247934401035309
1500,0.0,0.0,0.0,0.0,0.0,0.0,0.0,0.0,0.0,0.0,0.0,0.0,0.0,0.0,0.0,0.0
1501,0.06915520131587982,0.09943296015262604,0.0,0.14940612018108368,0.0,0.11242550611495972,0.0,0.0,0.11695453524589539,0.0,0.18482539057731628,0.047350168228149414,0.0,0.0,0.0,0.0
1507,0.0,0.0,0.0,0.0,0.0,0.0,0.0,0.0,0.0,0.0,0.0,0.0,0.0,0.0,0.0,0.0
1515,0.0,0.8244684934616089,0.9951914548873901,0.0,0.9889174699783325,0.0,0.9788914918899536,0.0,0.0,0.0,0.0,0.0,0.9827463626861572,0.9728342294692993,0.0,0.986409604549408
1517,0.0,0.0,0.0,0.0,0.0,0.0,0.0,0.0,0.0,0.0,0.0,0.0,0.0,0.0,0.0,0.0
1518,0.0,0.0,0.0,0.0,0.0,0.0,0.0,0.0,0.0,0.0,0.0,0.37773749232292175,0.0,0.0,0.0,0.0
1532,0.0,0.0,0.0,0.0,0.0,0.0,0.0,0.0,0.0,0.0,0.0,0.0,0.0,0.0,0.0,0.0
1533,0.0,0.0,0.0,0.0,0.0,0.0,0.0,0.0,0.0,0.0,0.0,0.0,0.0,0.0667833685874939,0.0,0.0
1538,0.0,0.0,0.0,0.0,0.0,0.0,0.0,0.0,0.0,0.0,0.0,0.0,0.0,0.0,0.0,0.0
1540,0.0,0.0,0.0,0.3037272095680237,0.0,0.32586240768432617,0.0,0.12769761681556702,0.15575312077999115,0.0,0.16116520762443542,0.0,0.10738873481750488,0.0,0.0,0.09055081754922867
1542,0.0,0.0,0.0,0.0,0.0,0.0,0.0,0.0,0.0,0.0,0.0,0.0,0.0,0.0,0.0,0.0
1547,0.13326144218444824,0.0,0.16443762183189392,0.22155873477458954,0.0,0.0,0.20932970941066742,0.2698022723197937,0.2312689870595932,0.0,0.0,0.1859952062368393,0.0,0.35232922434806824,0.06166001409292221,0.0
1558,0.0,0.0,0.0,0.0,0.0,0.0,0.0,0.0,0.0,0.0,0.0,0.0,0.0,0.05503510311245918,0.0,0.0
1560,0.0,0.015652857720851898,0.02065500244498253,0.0,0.0,0.04828774929046631,0.0,0.0,0.0,0.0,0.08065661787986755,0.0,0.06830133497714996,0.0,0.1332453340291977,0.0
1575,0.0,0.0,0.0,0.0,0.0,0.0,0.0,0.0,0.0,0.0,0.0,0.0,0.0,0.0,0.0,0.0
1576,0.0,0.07320777326822281,0.6218700408935547,0.024221299216151237,0.0893796980381012,0.08764457702636719,0.23073995113372803,0.2227223664522171,0.28054216504096985,0.07831008732318878,0.06508640199899673,0.21201008558273315,0.263124942779541,0.13966414332389832,0.6413645148277283,0.0
1587,0.0,0.0,0.0,0.0,0.0,0.0,0.0,0.0,0.0,0.0,0.0,0.0,0.0,0.0,0.0,0.0
1588,0.0,0.07053539901971817,0.0,0.0,0.0,0.0,0.0,0.0,0.07386700063943863,0.0,0.0,0.0,0.0,0.06862174719572067,0.0,0.0
1589,0.0,0.0,0.0,0.0,0.0,0.0,0.0,0.0,0.0,0.0,0.0,0.0,0.0,0.0,0.0,0.0
1591,0.22623157501220703,0.30512985587120056,0.2975684702396393,0.8399021029472351,0.882652759552002,0.19135849177837372,0.2036280781030655,0.23438052833080292,0.300015926361084,0.7298107147216797,0.23182706534862518,0.39405858516693115,0.21731650829315186,0.7871553897857666,0.14921337366104126,0.8035814166069031
1592,0.0,0.14091424643993378,0.0,0.0,0.025389499962329865,0.0,0.0,0.42651525139808655,0.07087799906730652,0.0,0.0,0.0,0.0,0.18282786011695862,0.0,0.0
1595,0.0,0.0,0.0,0.0,0.0,0.0,0.0,0.0,0.0,0.0,0.0,0.0,0.0,0.0,0.0,0.0
1607,0.0,0.0,0.0,0.0,0.0,0.0,0.0,0.0,0.0,0.0,0.0,0.0,0.0,0.0,0.0,0.0
1611,0.0,0.0,0.0,0.0,0.00871441699564457,0.0,0.0,0.0,0.0,0.021947694942355156,0.0,0.0,0.0,0.008363250643014908,0.0,0.0
1630,0.0,0.0,0.0,0.0,0.0,0.0,0.0,0.0,0.0,0.0,0.0,0.0,0.0,0.0,0.0,0.0
1634,0.0,0.0,0.0,0.0,0.0,0.0,0.0,0.0,0.0,0.0,0.0,0.0,0.0,0.0,0.0,0.0
1653,0.09168963879346848,0.0,0.11606526374816895,0.9421974420547485,0.0,0.0,0.16508635878562927,0.0,0.15226702392101288,0.0,0.16101470589637756,0.23706822097301483,0.8890584707260132,0.0,0.5423261523246765,0.0
1655,0.0,0.0,0.0,0.0,0.0,0.0,0.0,0.0,0.0,0.0,0.0,0.0,0.0,0.0,0.0,0.0
1664,0.6256977915763855,0.7347210049629211,0.5917086005210876,0.35626736283302307,0.45343315601348877,0.25454089045524597,0.8233940005302429,0.7772364020347595,0.6448677778244019,0.8103987574577332,0.8381238579750061,0.5514813661575317,0.8843472599983215,0.6833504438400269,0.5319396257400513,0.5877346992492676
1667,0.11965449899435043,0.27423566579818726,0.0,0.1354866623878479,0.09966433048248291,0.06846867501735687,0.10761867463588715,0.0,0.03357100114226341,0.08957824856042862,0.03153466805815697,0.024089334532618523,0.07727433741092682,0.0,0.0,0.0
1672,0.9765898585319519,0.6171765923500061,0.6871209740638733,0.28369206190109253,0.45155075192451477,0.7561560273170471,0.5895623564720154,0.842832088470459,0.21360638737678528,0.0886165201663971,0.8767647743225098,0.796878457069397,0.4569352865219116,0.28502997756004333,0.46575596928596497,0.5919075012207031
1684,0.0,0.0,0.0,0.0,0.0,0.0,0.0,0.0,0.0,0.0,0.0,0.0,0.0,0.0,0.0,0.03945488855242729
1687,0.0,0.0,0.0,0.0,0.0,0.0,0.0,0.0,0.0,0.0,0.0,0.0,0.0,0.0,0.0,0.0
1707,0.07280900329351425,0.0,0.0,0.04428749904036522,0.0621194988489151,0.0,0.0,0.0,0.06853049993515015,0.14947520196437836,0.0,0.0,0.0,0.0,0.0,0.0
1709,0.0,0.0,0.0,0.0,0.0,0.0,0.0,0.0,0.0,0.0,0.0,0.0,0.0,0.0,0.0,0.0
1713,0.46506786346435547,0.30365169048309326,0.6650782823562622,0.4438108503818512,0.7022385597229004,0.3781488835811615,0.65012526512146,0.5933459997177124,0.0,0.5094035863876343,0.4901970624923706,0.3674488067626953,0.31282252073287964,0.43534812331199646,0.2858411967754364,0.3744455873966217
1718,0.0,0.0,0.0,0.0,0.0,0.0,0.0,0.0,0.0,0.0,0.0,0.0,0.0,0.0,0.0,0.0
1720,0.2014930248260498,0.0,0.0,0.20462851226329803,0.0,0.0,0.0,0.0,0.0,0.0,0.0,0.0,0.2198905050754547,0.0,0.0,0.0
1721,0.12185215204954147,0.0,0.0,0.09376604855060577,0.0,0.0,0.0,0.17189311981201172,0.0,0.08328960835933685,0.04042449966073036,0.11745929718017578,0.0,0.0,0.0469435416162014,0.14241516590118408
1726,0.0,0.0,0.0,0.02607118897140026,0.0,0.18449623882770538,0.19639378786087036,0.11912856251001358,0.1330891102552414,0.12288261950016022,0.19073604047298431,0.1291140913963318,0.07215027511119843,0.12793518602848053,0.0,0.0
1734,0.0,0.26802858710289,0.0,0.16244655847549438,0.0,0.0,0.12449365854263306,0.0,0.0,0.15593786537647247,0.20879609882831573,0.060438115149736404,0.0,0.0,0.12561827898025513,0.0
1745,0.898169219493866,0.8558093905448914,0.9648512601852417,0.9177793860435486,0.8506023287773132,0.9413728713989258,0.7889069318771362,0.7060826420783997,0.9569672346115112,0.962976336479187,0.77144855260849,0.9450680613517761,0.7633388638496399,0.8605540990829468,0.9406180381774902,0.8522277474403381
1749,0.0,0.0,0.0,0.0,0.0,0.0,0.0,0.0,0.0,0.0,0.0,0.0,0.0,0.0,0.0,0.0
1753,0.0,0.0,0.09492915123701096,0.24872846901416779,0.07656686753034592,0.0,0.0,0.128590926527977,0.3490779399871826,0.2092507779598236,0.18629688024520874,0.0,0.0,0.2255965769290924,0.21693886816501617,0.0
1757,0.0,0.0,0.0,0.0,0.0,0.0,0.0,0.0,0.0,0.0,0.3605330288410187,0.0,0.0,0.0,0.33089372515678406,0.0
1765,0.0,0.0,0.0,0.0,0.0,0.0,0.0,0.0,0.0,0.0,0.0,0.0,0.0,0.0,0.0,0.0
1772,0.0,0.0,0.0,0.0,0.0,0.0,0.0,0.0,0.0,0.0,0.0,0.0,0.0,0.0,0.0,0.0
1775,0.0,0.0,0.0,0.0,0.0,0.0,0.0,0.1460392028093338,0.0,0.0,0.7304785847663879,0.0,0.0,0.542630136013031,0.0,0.0
1782,0.0,0.0,0.0,0.0,0.0,0.0,0.0,0.0,0.0,0.0,0.0,0.0,0.0,0.0,0.0,0.0
1786,0.0,0.0,0.0,0.0,0.0,0.0,0.0,0.0,0.0,0.0,0.0,0.0,0.0,0.0,0.0,0.0
1788,0.0,0.0,0.0,0.0,0.0,0.0,0.0,0.0,0.0,0.0,0.0,0.0,0.0,0.0,0.0,0.0
1808,0.0,0.0,0.0,0.0,0.0,0.4235000014305115,0.0,0.0,0.0,0.0,0.0,0.0,0.0,0.0,0.0,0.0
1816,0.0,0.0,0.0,0.0,0.0,0.0,0.0,0.0,0.0,0.0,0.0,0.0,0.0,0.0,0.0,0.0
1825,0.0,0.0,0.0,0.0,0.0,0.0,0.0,0.0,0.0,0.0,0.0,0.0,0.0,0.0,0.0,0.0
1833,0.0,0.0,0.0,0.0,0.0,0.0,0.0,0.0,0.0,0.0,0.0,0.0,0.0,0.19343768060207367,0.0,0.0
1840,0.0,0.0,0.0,0.0,0.0,0.0,0.0,0.0,0.0,0.0,0.0,0.0,0.0,0.0,0.0,0.0
1850,0.0,0.0,0.0,0.0,0.0,0.0,0.9865859746932983,0.0,0.8284620046615601,0.0,0.0,0.0,0.0,0.0,0.0,0.36094599962234497
1856,0.0,0.0,0.0,0.0,0.0,0.0,0.0,0.03939349949359894,0.0,0.0,0.0,0.0193706676363945,0.0,0.11826761066913605,0.0,0.0
1858,0.0,0.0,0.0,0.0,0.0,0.0,0.0,0.0,0.0,0.0,0.0,0.0,0.0,0.0,0.0,0.0
1860,0.0,0.0,0.9682862758636475,0.0,0.954674243927002,0.0,0.7238274812698364,0.0,0.0,0.4477323293685913,0.8035079836845398,0.0,0.0,0.5772020220756531,0.0,0.0
1865,0.0,0.0,0.0,0.0,0.0,0.0,0.0,0.0,0.0,0.0,0.0,0.0,0.0,0.0,0.0,0.0
1874,0.16727900505065918,0.0,0.0,0.27421557903289795,0.3574538230895996,0.0,0.0,0.5506537556648254,0.0,0.0,0.0,0.4368080198764801,0.0,0.23107102513313293,0.18639855086803436,0.2955857515335083
1880,0.054034534841775894,0.6509140729904175,0.3621891140937805,0.0,0.11654269695281982,0.0,0.0,0.19318382441997528,0.0,0.10836239159107208,0.9958173632621765,0.2683908939361572,0.746069073677063,0.42388299107551575,0.0,0.11759864538908005
1881,0.0,0.0,0.0,0.0,0.0,0.0,0.0,0.0,0.036323852837085724,0.0,0.03311312571167946,0.0,0.0,0.0,0.11946500837802887,0.0
1891,0.0,0.0,0.0,0.0,0.0,0.0,0.0,0.0,0.0,0.0,0.06976199895143509,0.0,0.0,0.0,0.0,0.0
1899,0.0,0.0,0.0,0.0,0.0,0.0,0.0,0.0,0.0,0.0,0.0,0.0,0.0,0.0,0.0,0.0
1903,0.0,0.0,0.0,0.0,0.0,0.0,0.0,0.0,0.0,0.0,0.0,0.0,0.0,0.0,0.0,0.0
1907,0.0,0.0,0.0,0.0,0.0,0.0,0.0,0.0,0.0,0.0,0.0,0.0,0.0,0.0,0.0,0.0
1911,0.0,0.0,0.0,0.0,0.20489975810050964,0.12826834619045258,0.0,0.0,0.0,0.0,0.0,0.10316704958677292,0.0,0.0,0.25184041261672974,0.0
1920,0.0,0.0,0.0,0.0,0.0,0.0,0.0,0.0,0.0,0.0,0.0,0.0,0.0,0.0,0.0,0.0
1931,0.7598415017127991,0.0,0.0,0.567210853099823,0.0,0.0,0.0,0.5653917193412781,0.0,0.0,0.0,0.0,0.0,0.0,0.0,0.0
1934,0.0,0.0,0.0,0.1205807700753212,0.0,0.0,0.0,0.13251236081123352,0.09278633445501328,0.0,0.0,0.03322907164692879,0.10052856057882309,0.0760384351015091,0.0,0.0
1939,0.0,0.7482631802558899,0.43030738830566406,0.3235595226287842,0.0,0.0,0.0,0.0,0.0,0.38443997502326965,0.0,0.3701474964618683,0.0,0.0,0.0,0.0
1946,0.0,0.0,0.0,0.0,0.0,0.0,0.0,0.0,0.0,0.0,0.0,0.0,0.0,0.0,0.0,0.0
1958,0.0,0.0,0.0,0.0,0.0,0.0,0.0,0.0,0.0,0.0,0.0,0.0,0.14882738888263702,0.0,0.0,0.0
1960,0.0,0.0,0.0,0.0,0.0,0.0,0.0,0.0,0.0,0.0,0.0,0.0,0.0,0.0,0.0,0.0
1976,0.0,0.0,0.0,0.0,0.0,0.0,0.0,0.0,0.0,0.0,0.0,0.0,0.0,0.0,0.0,0.0
1984,0.0,0.0,0.0,0.0,0.0,0.0,0.0,0.0,0.0,0.0,0.0,0.0,0.0,0.0,0.0,0.0
1993,0.0,0.0,0.0,0.0,0.0,0.0,0.0,0.0,0.0,0.0,0.0,0.0,0.0,0.0,0.0,0.0
2001,0.0,0.0,0.0,0.0,0.0,0.0,0.0,0.0,0.0,0.0,0.0,0.0,0.0,0.0,0.0,0.6585419774055481
2005,0.0,0.0,0.0,0.0,0.0,0.0,0.0,0.0,0.0,0.0,0.0,0.0,0.0,0.0,0.0,0.0
2006,0.0,0.0,0.0,0.0,0.0,0.0,0.0,0.0,0.0,0.0,0.0,0.0,0.0,0.0,0.0,0.0
2009,0.23405203223228455,0.0,0.07410367578268051,0.08652764558792114,0.0,0.0,0.10142569988965988,0.05037235468626022,0.22626012563705444,0.10922301560640335,0.16726814210414886,0.016223018988966942,0.18384382128715515,0.21266868710517883,0.09101620316505432,0.0
2013,0.09080396592617035,0.26650741696357727,0.12919984757900238,0.0,0.0,0.14453372359275818,0.0,0.3020171523094177,0.0,0.0,0.19309833645820618,0.0,0.10057401657104492,0.0,0.3185943067073822,0.0
2015,0.0,0.16188475489616394,0.42757248878479004,0.0,0.18267400562763214,0.6200041174888611,0.43739423155784607,0.22922268509864807,0.028133001178503036,0.0,0.3602093458175659,0.0,0.7423657178878784,0.5739486813545227,0.6323660612106323,0.12018150091171265
2024,0.0,0.0,0.0,0.0,0.0,0.0,0.0,0.0,0.0,0.0,0.0,0.0,0.0,0.0,0.0,0.0
2026,0.923401951789856,0.9303938150405884,0.9345921277999878,0.9238778948783875,0.9703972935676575,0.8194567561149597,0.8938719034194946,0.9462757110595703,0.9163370132446289,0.9840003252029419,0.8917971253395081,0.9361091256141663,0.991327166557312,0.9378606677055359,0.9781715273857117,0.9616853594779968
2034,0.0,0.0,0.0,0.0,0.0,0.0,0.0,0.0,0.0,0.0,0.0,0.0,0.0,0.0,0.0,0.0
2039,0.0,0.0,0.0,0.0,0.0,0.0,0.0,0.0,0.0,0.0,0.0,0.0,0.0,0.0,0.0,0.0
2044,0.23557648062705994,0.15356960892677307,0.580086886882782,0.0,0.33857548236846924,0.08655041456222534,0.34469205141067505,0.37560105323791504,0.2472146451473236,0.31094247102737427,0.3375774323940277,0.40692201256752014,0.4774031639099121,0.21365156769752502,0.29792800545692444,0.19429033994674683
2048,0.9475363492965698,0.9138033390045166,0.9299871921539307,0.7295229434967041,0.8473879098892212,0.5311039090156555,0.9214212894439697,0.9522258043289185,0.7246881723403931,0.9820674657821655,0.7914267182350159,0.0,0.8246495127677917,0.95583176612854,0.9094969630241394,0.9415822625160217
2053,0.0,0.0,0.0,0.0,0.0,0.0,0.0,0.0,0.0,0.0,0.0,0.0,0.0,0.0,0.0,0.0
2058,0.0,0.0,0.0,0.0,0.0,0.0,0.0,0.0,0.0,0.0,0.0,0.0,0.0,0.0,0.0,0.0
2060,0.0,0.0,0.0,0.007479900028556585,0.0,0.0,0.019600221887230873,0.0,0.0,0.0,0.0,0.0,0.0,0.0,0.0,0.022769249975681305
2062,0.0,0.0,0.0,0.0,0.0,0.0,0.0,0.0,0.0,0.0,0.0,0.0,0.0,0.0,0.0,0.0
2072,0.0,0.0,0.0,0.0,0.0,0.0,0.0,0.0,0.0,0.0,0.0,0.0,0.0,0.0,0.0,0.0
2094,0.0,0.0,0.0,0.0,0.0,0.0,0.0,0.0,0.0,0.0,0.0,0.5061657428741455,0.0,0.0,0.3395673334598541,0.0
2100,0.0,0.0,0.0,0.04569990187883377,0.0,0.0,0.0,0.0,0.0,0.0,0.07282145321369171,0.0,0.0,0.0,0.0,0.0
2105,0.8625073432922363,0.0,0.9927094578742981,0.08127837628126144,0.7180275917053223,0.9982045292854309,0.0,0.00670666666701436,0.0,0.05225037410855293,0.0,0.0,0.862034797668457,0.0,0.0,0.584275484085083
2122,0.0,0.0,0.0,0.0,0.0,0.0,0.0,0.0,0.0,0.0,0.0,0.0,0.0,0.0,0.0,0.0
2125,0.0,0.0,0.0,0.0,0.0,0.0,0.0,0.0,0.0,0.0,0.0,0.0,0.0,0.0,0.0,0.0
2128,0.0,0.0,0.0,0.0,0.0,0.0,0.0,0.0,0.0,0.0,0.0,0.0,0.0,0.0,0.0,0.0
2129,0.0,0.0,0.0,0.0,0.0,0.0,0.0,0.0,0.0,0.0,0.0,0.0,0.0,0.0,0.0,0.0
2135,0.0,0.0,0.0,0.0,0.0,0.0,0.0,0.0,0.0,0.0,0.0,0.0,0.0,0.0,0.0,0.0
2141,0.0,0.0,0.0,0.0,0.0,0.0,0.0,0.0,0.0,0.0,0.0,0.0,0.0,0.0,0.0,0.0
2143,0.0,0.0,0.0,0.0,0.0,0.0,0.0,0.0,0.0,0.0,0.0,0.0,0.0,0.0,0.0,0.0
2149,0.0,0.0,0.0,0.0,0.0,0.0,0.0,0.0,0.0,0.0,0.0,0.0,0.0,0.0,0.0,0.0
2157,0.13366712629795074,0.031155383214354515,0.0,0.0,0.0,0.0,0.1297609657049179,0.0,0.0,0.09956472367048264,0.0,0.0,0.0,0.0,0.0,0.0
2166,0.0,0.0,0.0,0.0,0.0,0.0,0.0,0.0,0.0,0.0,0.0,0.0,0.0,0.0,0.0,0.0
2168,0.0,0.0,0.0,0.0,0.0,0.0,0.0,0.0,0.0,0.0,0.0,0.0,0.0,0.0,0.0,0.0
2173,0.03026675060391426,0.0,0.0,0.0,0.813318133354187,0.9749370813369751,0.0,0.15914951264858246,0.0,0.8805524110794067,0.02896375022828579,0.0,0.0,0.0,0.0,0.6163504123687744
2174,0.0,0.0,0.0,0.0,0.0,0.0,0.0,0.0,0.0,0.0,0.0,0.0,0.0,0.0,0.0,0.0
2189,0.0,0.0,0.0,0.0,0.0,0.0,0.0,0.0,0.0,0.0,0.0,0.0,0.0,0.0,0.0,0.0
2201,0.0,0.0,0.0,0.0,0.0,0.0,0.0,0.0,0.0,0.0,0.0,0.0,0.0,0.0,0.0,0.0
2202,0.0,0.0,0.0,0.0,0.0,0.0,0.0,0.0,0.0,0.0,0.0,0.0,0.0,0.0,0.0,0.0
2205,0.4457813501358032,0.0,0.2558136582374573,0.0,0.0,0.21663586795330048,0.0,0.21372327208518982,0.15240900218486786,0.40820834040641785,0.3060511350631714,0.37021487951278687,0.12628521025180817,0.018869800493121147,0.14960888028144836,0.5889216065406799
2215,0.0,0.0,0.0,0.0,0.0,0.0,0.0,0.0,0.0,0.0,0.0,0.0,0.0,0.0,0.0,0.0
2217,0.0,0.0,0.05477222055196762,0.09404361248016357,0.047508858144283295,0.0,0.07761111855506897,0.0,0.0,0.0,0.0,0.0,0.0,0.0,0.11060221493244171,0.0793667733669281
2230,0.0,0.0,0.07202816009521484,0.0,0.05697792395949364,0.0,0.044955313205718994,0.0,0.08478549867868423,0.0,0.06314802169799805,0.09728354215621948,0.04452203959226608,0.06974167376756668,0.07418296486139297,0.0
2243,0.0,0.0,0.0,0.0,0.0,0.0,0.0,0.0,0.0,0.0,0.0,0.0,0.0,0.0,0.0,0.0
2247,0.0,0.0,0.0,0.0,0.0,0.0,0.0,0.0,0.0,0.0,0.0,0.0,0.0,0.0,0.0,0.0
2255,0.0,0.0,0.0,0.0,0.0,0.0,0.0,0.0,0.0,0.0,0.0,0.0,0.0,0.0,0.0,0.0
2256,0.7095391154289246,0.03803415596485138,0.0,0.0,0.0,0.0,0.0,0.005959316156804562,0.05173699930310249,0.0,0.0,0.0,0.798035740852356,0.03555182367563248,0.5425400137901306,0.021205401048064232
2272,0.0,0.0,0.0,0.0,0.0,0.0,0.0,0.0,0.0,0.3022511899471283,0.10277443379163742,0.0,0.0,0.0,0.05222100019454956,0.0
2302,0.8448425531387329,0.8358242511749268,0.7270041108131409,0.9241164922714233,0.9680860638618469,0.4333406388759613,0.8566162586212158,0.9928535223007202,0.2119419276714325,0.8223366737365723,0.8599223494529724,0.9226008653640747,0.223370760679245,0.9826390743255615,0.8282479047775269,0.6079834699630737
2311,0.4138607084751129,0.0,0.0,0.0,0.02296680025756359,0.0,0.0,0.0,0.620482861995697,0.1797686070203781,0.0,0.0,0.02682899869978428,0.0,0.9704207181930542,0.0
2316,0.12116372585296631,0.0,0.016655273735523224,0.04123019054532051,0.02310326136648655,0.0034453333355486393,0.0,0.0316586010158062,0.0,0.0,0.05462968349456787,0.08482648432254791,0.0032091818284243345,0.18476632237434387,0.0,0.027583125978708267
2333,0.0,0.0,0.4903160035610199,0.0,0.0,0.0,0.0,0.0,0.0,0.0,0.0,0.0,0.0,0.0,0.13520300388336182,0.0
2336,0.0,0.21548466384410858,0.5746012330055237,0.16994403302669525,0.33417418599128723,0.6948854923248291,0.2853555679321289,0.5353243947029114,0.20695056021213531,0.0,0.4291999638080597,0.21367508172988892,0.04926975443959236,0.3538944721221924,0.6220812201499939,0.3800915479660034
2337,0.0,0.0,0.0,0.0,0.0,0.0,0.0,0.0,0.0,0.0,0.0,0.0,0.0,0.0,0.0,0.0
2341,0.0,0.0,0.0,0.0,0.0,0.0,0.0,0.0,0.0,0.0,0.0,0.0,0.0,0.0,0.0,0.0
2347,0.0,0.0,0.0,0.0,0.0,0.0,0.0,0.0,0.0,0.0,0.0,0.0,0.0,0.0,0.0,0.0
2351,0.0,0.0,0.0,0.0,0.0,0.0,0.0,0.0,0.0,0.0,0.0,0.0,0.0,0.0,0.0,0.0
2364,0.0,0.0,0.0,0.0,0.0,0.0,0.0,0.0,0.0,0.0,0.0,0.0,0.0,0.0,0.0,0.0
2365,0.0,0.0,0.489331990480423,0.0,0.0,0.32903000712394714,0.0,0.408378005027771,0.0,0.0,0.8505399823188782,0.17973700165748596,0.0,0.0,0.0866210013628006,0.5936110019683838
2374,0.0,0.0,0.0,0.0,0.0,0.0,0.0,0.0,0.0,0.0,0.0,0.0,0.0,0.0,0.0,0.0
2404,0.26595649123191833,0.7628681063652039,0.7890021204948425,0.0,0.14150221645832062,0.0,0.7659304141998291,0.0,0.0,0.23880133032798767,0.3614090085029602,0.0,0.4634860157966614,0.7257093191146851,0.8354272842407227,0.5507741570472717
2412,0.0,0.40815499424934387,0.0,0.0,0.0,0.0,0.0,0.0,0.0,0.17307999730110168,0.0,0.0,0.2598220109939575,0.756197988986969,0.0,0.0
2413,0.002398076932877302,9.248717833543196e-05,0.036755144596099854,0.006914194207638502,0.022178733721375465,0.0258271936327219,0.059347182512283325,0.020493799820542336,0.0,0.0,0.03599795699119568,0.3320198059082031,0.013484871946275234,0.019220082089304924,0.016951045021414757,0.014475300908088684
2420,0.2572231888771057,0.0,0.0,0.0,0.0,0.0,0.0,0.0,0.0,0.0,0.0,0.0,0.0,0.0,0.0,0.0
2429,0.030677704140543938,0.0,0.0,0.0,0.0,0.0,0.0,0.0,0.0,0.0,0.0,0.0,0.03462855890393257,0.0,0.0,0.0
2430,0.12108799815177917,0.0,0.0,0.0,0.0,0.0,0.0,0.0,0.0,0.0,0.0,0.0,0.0,0.0,0.0,0.0
2434,0.0,0.0,0.0,0.0,0.0,0.0,0.0,0.0,0.0,0.0,0.0,0.0,0.0,0.0,0.0,0.0
2456,0.014375000260770321,0.758167564868927,0.14038963615894318,0.550226092338562,0.7394347786903381,0.6728019118309021,0.45617038011550903,0.8480060696601868,0.33002057671546936,0.030301138758659363,0.0,0.08557829260826111,0.02971578575670719,0.9102921485900879,0.06479544937610626,0.0
2460,0.0,0.0,0.0,0.0,0.0,0.0,0.0,0.0,0.0,0.0,0.0,0.0,0.0,0.0,0.0,0.0
2470,0.0,0.0,0.0,0.0,0.0,0.0,0.0,0.0,0.0,0.0,0.0,0.0,0.0,0.0,0.0,0.0
2474,0.0,0.0,0.0,0.0,0.0,0.0,0.0,0.0,0.0,0.0,0.0,0.0,0.0,0.0,0.0,0.0
2476,0.0,0.01343557145446539,0.031592149287462234,0.0,0.0,0.0,0.026267677545547485,0.01705368421971798,0.006166696082800627,0.0,0.0,0.0,0.0,0.0,0.0,0.0
2485,0.0,0.07379461824893951,0.0939156711101532,0.0,0.0,0.01561001781374216,0.001296313712373376,0.0,0.0,0.13866104185581207,0.1405780017375946,0.0,0.16476866602897644,0.1660364717245102,0.1271568387746811,0.07936159521341324
2486,0.5238438844680786,0.18126486241817474,0.25431424379348755,0.01528752688318491,0.5017182230949402,0.07000905275344849,0.5192175507545471,0.0971217006444931,0.16198544204235077,0.5731067657470703,0.019323239102959633,0.8198304772377014,0.2128642201423645,0.6682818531990051,0.20811358094215393,0.040886372327804565
2495,0.4980226755142212,0.0,0.0,0.0,0.0,0.0,0.0,0.0,0.0,0.0,0.0,0.0,0.0,0.48953670263290405,0.0,0.029276667162775993
2501,0.0,0.0,0.0,0.0,0.0,0.0,0.0,0.0,0.0,0.0,0.0,0.0,0.0,0.0,0.0,0.0
2504,0.0,0.0,0.0,0.0,0.0,0.0,0.0,0.0,0.0,0.0,0.0,0.0,0.0,0.0,0.0,0.0
2509,0.0,0.0,0.0,0.0,0.0,0.0,0.0,0.0,0.0,0.0,0.0,0.0,0.0,0.0,0.0,0.0
2510,0.1514328569173813,0.03898683562874794,0.0,0.0,0.12122349441051483,0.0,0.19000887870788574,0.0,0.0,0.0,0.0,0.0,0.0,0.0,0.0,0.0
2523,0.6363265514373779,0.0,0.0,0.0,0.0,0.28920334577560425,0.4054194688796997,0.27276793122291565,0.3005162477493286,0.2826951742172241,0.2857706844806671,0.3333321213722229,0.5389420986175537,0.1608787626028061,0.1691480278968811,0.0
2528,0.0,0.0,0.0,0.0,0.0,0.0,0.0,0.0,0.0,0.0,0.0,0.0,0.0,0.0,0.0,0.0
2531,0.0,0.0,0.0,0.0,0.0,0.0,0.0,0.0,0.0,0.0,0.0,0.0,0.0,0.0,0.0,0.0
2544,0.05418862774968147,0.0,0.0,0.0,0.0,0.0,0.0,0.039906859397888184,0.0,0.0,0.034352730959653854,0.0,0.0,0.0,0.0,0.0
2545,0.0,0.0,0.0,0.0,0.0,0.0,0.0,0.0,0.0,0.0,0.0,0.0,0.0,0.0,0.0,0.0
2548,0.0,0.0,0.33570700883865356,0.0,0.0,0.0,0.0,0.0,0.0,0.0,0.0,0.0,0.0,0.1335110068321228,0.0,0.0
2552,0.0,0.0,0.5201359987258911,0.2563610076904297,0.0,0.0,0.0,0.42604100704193115,0.0,0.5614529848098755,0.35433050990104675,0.022041667252779007,0.780676007270813,0.0,0.4345639944076538,0.0
2556,0.0,0.6383198499679565,0.1314648538827896,0.7211222648620605,0.3371970057487488,0.0,0.0,0.0,0.40848681330680847,0.8549336194992065,0.7702053785324097,0.9770898222923279,0.8145678043365479,0.0,0.0,0.7766447067260742
2558,0.0,0.0,0.0,0.0,0.0,0.0,0.0,0.0,0.0,0.0,0.0,0.0,0.0,0.0,0.0,0.0
2562,0.03178996592760086,0.014352578669786453,0.05081791803240776,0.068914495408535,0.3224119544029236,0.46928533911705017,0.09069478511810303,0.07610731571912766,0.0005785399698652327,0.0,0.005519208498299122,0.16683106124401093,0.011574623174965382,0.011471226811408997,0.0016153263859450817,0.002569361589848995
2564,0.0,0.0,0.0,0.0,0.0,0.0,0.0,0.0,0.0,0.0,0.0,0.0,0.0,0.0,0.0,0.0
2571,0.0,0.0,0.0,0.0,0.0,0.0,0.0,0.0,0.0,0.0,0.0,0.0,0.0,0.0,0.0,0.0
2598,0.01279020681977272,0.01950848288834095,0.056883540004491806,0.3142056465148926,0.09358752518892288,0.07250408828258514,0.15214930474758148,0.46314436197280884,0.5201731324195862,0.35829129815101624,0.033471252769231796,0.017343465238809586,0.09496966749429703,0.6537756323814392,0.0024885789025574923,0.021764157339930534
2606,0.0,0.0,0.0,0.0,0.0,0.0,0.0,0.0,0.0,0.0,0.0,0.0,0.0,0.024199750274419785,0.0,0.0
2607,0.0,0.0,0.0,0.0,0.0,0.0,0.0,0.0,0.0,0.0,0.0,0.0,0.0,0.0,0.0,0.0
2620,0.0,0.2775792181491852,0.0,0.3653131127357483,0.0,0.0,0.0,0.0,0.0,0.0,0.0,0.043478261679410934,0.0,0.0,0.0,0.0
2630,0.0,0.12534381449222565,0.0,0.0,0.0,0.08014411479234695,0.0,0.0,0.0,0.0,0.0,0.0,0.0,0.14598916471004486,0.0,0.013598171062767506
2645,0.0,0.0,0.0,0.0,0.0,0.0,0.0,0.0,0.0,0.0,0.0,0.0,0.0,0.0,0.0,0.0
2658,0.0,0.0,0.0,0.0,0.0,0.0,0.0,0.0,0.0,0.0,0.0,0.0,0.0,0.0,0.0,0.0
2660,0.0,0.0,0.05278957262635231,0.25826340913772583,0.0,0.0,0.0,0.34058570861816406,0.4889444410800934,0.0,0.02634177729487419,0.009799250401556492,0.0,0.0,0.0,0.3005372881889343
2665,0.09283807873725891,0.013265999965369701,0.0675903856754303,0.10083155333995819,0.10988827049732208,0.12133434414863586,0.02567381039261818,0.3889695703983307,0.5035908222198486,0.001487931003794074,0.33287954330444336,0.36821693181991577,0.0,0.11866495013237,0.07655611634254456,0.2694854736328125
2679,0.35647666454315186,0.4998224973678589,0.46519848704338074,0.0,0.08587799966335297,0.9665079712867737,0.49795249104499817,0.05112258717417717,0.597553014755249,0.9996029734611511,0.49965301156044006,0.999642014503479,1.0,0.9947180151939392,0.9553489685058594,0.49886301159858704
2690,0.0,0.0,0.0,0.0,0.0,0.0,0.0,0.0,0.0,0.0,0.0,0.0,0.0,0.0,0.0,0.0
2700,0.08462491631507874,0.08050515502691269,0.04509997367858887,0.11877420544624329,0.05591857433319092,0.0,0.0,0.02877565287053585,0.04422914609313011,0.062017399817705154,0.0042257290333509445,0.0,0.09746155142784119,0.0474027618765831,0.07924724370241165,0.03821110725402832
2707,0.43332183361053467,0.40698370337486267,0.3849761188030243,0.5197433233261108,0.37908703088760376,0.4084109961986542,0.36389583349227905,0.2292080521583557,0.24191056191921234,0.2733657658100128,0.42917245626449585,0.5959484577178955,0.4515646994113922,0.38847264647483826,0.49909576773643494,0.0
2709,0.0,0.0,0.0,0.0,0.0,0.0,0.0,0.0,0.0,0.0,0.0,0.0,0.0,0.0,0.0,0.6122530102729797
2710,0.015209794044494629,0.1960999071598053,0.14572592079639435,0.37194281816482544,0.04455198347568512,0.04475664719939232,0.07231317460536957,0.6279744505882263,0.10214157402515411,0.521491289138794,0.12451361864805222,0.3891230523586273,0.28511008620262146,0.04071652889251709,0.21053160727024078,0.05438125506043434
2711,0.23618361353874207,0.1831769347190857,0.2215343713760376,0.0,0.21270158886909485,0.16435211896896362,0.0,0.0,0.20764537155628204,0.0,0.0,0.0,0.0,0.0,0.0,0.0
2714,0.0,0.0,0.0,0.0,0.0,0.0,0.0,0.0,0.0,0.0,0.0,0.0,0.0,0.0,0.0,0.0
2719,0.517894983291626,0.4547545313835144,0.35522642731666565,0.18665139377117157,0.3217737078666687,0.5793359875679016,0.535492479801178,0.5128568410873413,0.4362703561782837,0.45253509283065796,0.4518278241157532,0.6858819127082825,0.4115358591079712,0.31644120812416077,0.2535160183906555,0.34332695603370667
2728,0.0,0.0,0.0,0.0,0.0,0.0,0.0,0.0,0.0,0.0,0.0,0.0,0.0,0.0,0.0,0.0
2744,0.0,0.0,0.0,0.0,0.0,0.0,0.0,0.0,0.0,0.0,0.0,0.0,0.0,0.0,0.0,0.0
2753,0.7713315486907959,0.014685447327792645,0.5833661556243896,0.0,0.0,0.0,0.0,0.5466346144676208,0.0,0.0,0.0,0.03606295585632324,0.06188869848847389,0.04629644751548767,0.31557363271713257,0.0
2766,0.0,0.0,0.0,0.0,0.0,0.0,0.0,0.0,0.0,0.0,0.0,0.0,0.0,0.0,0.0,0.0
2780,0.0,0.11323842406272888,0.0,0.03664204105734825,0.04392684996128082,0.05266600102186203,0.048768870532512665,0.04571915790438652,0.03065551072359085,0.1015716940164566,0.0,0.05970929190516472,0.0,0.0,0.0,0.09778320789337158
2781,0.0,0.0,0.0,0.0,0.0,0.0,0.0,0.0,0.0,0.0,0.0,0.0,0.0,0.0,0.0,0.0
2821,0.16071200370788574,0.0,0.1337113082408905,0.0,0.20086179673671722,0.22157210111618042,0.30351147055625916,0.0,0.06363922357559204,0.1879895180463791,0.12596583366394043,0.21984520554542542,0.0,0.15973837673664093,0.24883095920085907,0.0
2833,0.0,0.0,0.0,0.0,0.0,0.0,0.0,0.0,0.0,0.0,0.0,0.0,0.0,0.0,0.0,0.0
2856,0.3102479875087738,0.07946450263261795,0.15660899877548218,0.0,0.30456268787384033,0.0,0.10873299837112427,0.3212135136127472,0.1671813428401947,0.0,0.11122000217437744,0.0,0.0,0.0,0.0,0.0
2860,0.4706782400608063,0.7432440519332886,0.9808807373046875,0.7560003399848938,0.417830228805542,0.9823154807090759,0.8728093504905701,0.7581272125244141,0.986067533493042,0.9310232400894165,0.8543601036071777,0.952669084072113,0.8783485889434814,0.9411658644676208,0.9816315174102783,0.9920163750648499
2866,0.12313620746135712,0.08019943535327911,0.0,0.0,0.0,0.0,0.17270934581756592,0.0,0.0,0.0,0.0,0.0,0.0,0.04710714519023895,0.044357072561979294,0.0
2873,0.24737294018268585,0.0,0.32637888193130493,0.0,0.0,0.0,0.015936417505145073,0.049942776560783386,0.2836894690990448,0.203643336892128,0.0,0.0,0.19000619649887085,0.0,0.0,0.0
2874,0.0,0.0,0.10298766195774078,0.06039987504482269,0.041622456163167953,0.011571705341339111,0.0,0.0,0.03786112740635872,0.013920072466135025,0.07274091988801956,0.004320377483963966,0.057284045964479446,0.0036563966423273087,0.09684889018535614,0.05250128358602524
2877,0.0,0.0,0.0,0.0,0.0,0.0,0.0,0.0,0.03901350125670433,0.0,0.0,0.17350125312805176,0.0,0.0,0.0,0.044396668672561646
2879,0.0,0.0,0.0,0.0,0.0,0.0,0.0,0.0,0.0,0.0,0.0,0.0,0.0,0.0,0.0,0.0
2884,0.0,0.0,0.0,0.4215570092201233,0.0,0.0,0.0,0.0,0.43594399094581604,0.0,0.0,0.0,0.0,0.0,0.0,0.0
2887,0.0,0.0,0.0,0.0,0.0,0.0,0.0,0.0,0.0,0.0,0.0,0.0,0.0,0.0,0.0,0.0
2892,0.0,0.0,0.0,0.0,0.0,0.0,0.0,0.0,0.0,0.0,0.0,0.0,0.0,0.0,0.0,0.0
2906,0.0,0.05854476988315582,0.0,0.0776616632938385,0.18184593319892883,0.15574894845485687,0.041364096105098724,0.032130733132362366,0.0,0.07639002054929733,0.059375543147325516,0.16024136543273926,0.0,0.2475033551454544,0.0,0.10865037143230438
2907,0.0,0.0,0.0,0.0,0.0,0.0,0.0,0.0,0.0,0.0,0.0,0.0,0.0,0.0,0.0,0.0
2911,0.0,0.0,0.0,0.0,0.0,0.0,0.0,0.20496881008148193,0.0,0.0,0.0,0.0,0.0,0.14803116023540497,0.23259305953979492,0.0
2913,0.0,0.0,0.0,0.0,0.0,0.0,0.0,0.0,0.0,0.0,0.0,0.0,0.0,0.0,0.0,0.0
2919,0.0,0.0,0.0,0.0,0.0,0.0,0.0,0.0,0.0,0.0,0.0,0.0,0.0,0.0,0.0,0.0
2920,0.0,0.08622731268405914,0.0,0.0,0.0,0.0,0.0,0.0,0.0,0.0,0.0,0.0,0.0,0.0,0.0,0.07818786054849625
2921,0.7110236883163452,0.5487923622131348,0.5246776938438416,0.6765908598899841,0.7818175554275513,0.7480369806289673,0.620579183101654,0.7042824625968933,0.9762482047080994,0.5303539037704468,0.6975103616714478,0.5693313479423523,0.568281352519989,0.6556071639060974,0.7230047583580017,0.5840449929237366
2934,0.0,0.0,0.0,0.0,0.0,0.0,0.0,0.0,0.0,0.0,0.0,0.0,0.0,0.0,0.0,0.0
2938,0.0,0.17416521906852722,0.0,0.0,0.0,0.0,0.0,0.0,0.0,0.0,0.0,0.0,0.0,0.0,0.0,0.0
2942,0.0,0.0,0.0,0.0,0.0,0.0,0.0,0.0,0.0,0.0,0.0,0.0,0.0,0.0,0.0,0.0
2946,0.0,0.0,0.0,0.0,0.0,0.0,0.0,0.0,0.0,0.0,0.0,0.0,0.0,0.0,0.0,0.0
2948,0.0,0.0,0.0,0.0,0.0,0.0,0.0,0.0,0.0,0.0,0.0,0.0,0.0,0.0,0.0,0.0
2949,0.0,0.0,0.0,0.0,0.0,0.0,0.0,0.0,0.0,0.0,0.0,0.0,0.0,0.0,0.0,0.0
2956,0.0,0.0,0.0,0.0,0.0,0.0,0.0,0.0,0.0,0.0,0.0,0.0,0.0,0.0,0.0,0.0
2964,0.9329960942268372,0.0,0.0,0.0,0.0,0.0,0.0,0.0,0.0,0.0,0.0,0.0,0.0,0.0,0.0,0.0
2970,0.0,0.0,0.0,0.0,0.0,0.0,0.0,0.0,0.0,0.0,0.0,0.0,0.0,0.0,0.0,0.0
2971,0.0,0.0,0.0,0.0,0.0,0.0,0.0,0.0,0.0,0.0,0.0,0.0,0.0,0.0,0.0,0.0
2972,0.0,0.0,0.0,0.0,0.0,0.0,0.0,0.0,0.0,0.0,0.0,0.0,0.0,0.0,0.0,0.0
2973,0.09724249690771103,0.0,0.0,0.0,0.0,0.0,0.0,0.0,0.16115200519561768,0.0,0.0,0.0,0.0,0.0,0.0,0.0
2977,0.026853732764720917,0.0926365926861763,0.06893689185380936,0.0,0.0,0.17035475373268127,0.29866185784339905,0.022315142676234245,0.16819000244140625,0.0,0.0431475006043911,0.034166716039180756,0.034505750983953476,0.26039814949035645,0.0,0.04121393337845802
2978,0.2419717013835907,0.01259935274720192,0.0,0.0,0.0,0.0,0.0,0.015148834325373173,0.16488763689994812,0.05870413780212402,0.0,0.0,0.0,0.0,0.0,0.0
2993,0.0,0.11210570484399796,0.0,0.22390598058700562,0.2641052007675171,0.0,0.09631194174289703,0.26743945479393005,0.13565589487552643,0.0,0.0,0.0,0.0,0.11781400442123413,0.14621804654598236,0.2678377032279968
2994,0.0,0.0,0.0,0.0,0.0,0.0,0.0,0.0,0.0,0.0,0.0,0.0,0.0,0.0,0.0,0.0
3013,0.0,0.0,0.0,0.0,0.0,0.0,0.0,0.0,0.0,0.0,0.0,0.0,0.0,0.0,0.0,0.0
3017,0.0,0.0,0.0,0.0,0.0,0.0,0.0,0.0,0.0,0.0,0.0,0.0,0.0,0.0,0.0,0.0
3018,0.0,0.3732540011405945,0.5998425483703613,0.0,0.7656534910202026,0.12268149852752686,0.0,0.7284159660339355,0.19698649644851685,0.5824404954910278,0.6115155220031738,0.15307599306106567,0.10966649651527405,0.0,0.8350780010223389,0.8041784763336182
3023,0.0,0.0,0.08210024982690811,0.0,0.0,0.0,0.0,0.0,0.0,0.0,0.0,0.0,0.0,0.0,0.0,0.0
3024,0.0,0.0,0.0,0.0,0.0,0.0,0.0,0.0,0.0,0.0,0.0,0.0,0.0,0.0,0.0,0.0
3025,0.0,0.0,0.0,0.0,0.0,0.0,0.0,0.0,0.0,0.0,0.0,0.0,0.0,0.0,0.0,0.0
3032,0.0289280004799366,0.5810819864273071,0.47906750440597534,0.6602400541305542,0.0,0.37122800946235657,0.0,0.18057850003242493,0.49964749813079834,0.0,0.6328314542770386,0.779450535774231,0.30880850553512573,0.37609702348709106,0.5815715193748474,0.5221415162086487
3033,0.0,0.0,0.0,0.0,0.0,0.0,0.0,0.0,0.0,0.0,0.0,0.0,0.0,0.0,0.0,0.0
3036,0.16948199272155762,0.0,0.8942189812660217,0.0,0.0,0.8865870237350464,0.8373559713363647,0.0,0.0,0.0,0.0,0.0,0.0,0.0,0.0,0.9960470199584961
3049,0.0,0.0,0.0,0.0,0.03306649997830391,0.0,0.0,0.0,0.0,0.0,0.0,0.0,0.08316680043935776,0.0,0.0,0.044182199984788895
3051,0.0,0.0437920019030571,0.0,0.168981671333313,0.0,0.0,0.03447224944829941,0.0,0.17101749777793884,0.0,0.0,0.0,0.0,0.0,0.036088500171899796,0.20601233839988708
3058,0.5901005268096924,0.4069650173187256,0.32965999841690063,0.5167160034179688,0.4262235164642334,0.330377995967865,0.0,0.5806574821472168,0.5941489934921265,0.3817709982395172,0.18848900496959686,0.23813199996948242,0.6287959814071655,0.27054500579833984,0.0,0.9659249782562256
3064,0.0,0.0,0.0,0.0,0.0,0.0,0.0,0.0,0.0,0.0,0.0,0.0,0.0,0.0,0.0,0.0
3068,0.0,0.0,0.0,0.0,0.0,0.0,0.0,0.0,0.0,0.0,0.0,0.0,0.0,0.0,0.0,0.0
3069,0.0,0.0,0.0,0.0,0.0,0.0,0.0,0.0,0.0,0.0,0.0,0.0,0.0,0.0,0.0,0.0
3071,0.48894476890563965,0.0,0.26377934217453003,0.0,0.8082535266876221,0.23511800169944763,0.5158003568649292,0.0,0.5579736828804016,0.4460369944572449,0.15730834007263184,0.5084553956985474,0.3404383659362793,0.3192986845970154,0.10590332746505737,0.605865478515625
3077,0.0,0.0,0.0,0.0,0.0,0.0,0.0,0.0,0.0,0.0,0.0,0.0,0.0,0.0,0.0,0.0
3086,0.0,0.0,0.0,0.0,0.0,0.0,0.0,0.0,0.0,0.0,0.0,0.0,0.0,0.0,0.0,0.0
3094,0.0,0.0,0.0,0.0,0.0,0.0,0.0,0.0,0.0,0.0,0.0,0.0,0.0,0.0,0.0,0.0
3095,0.0,0.0,0.0,0.0,0.0,0.0,0.0,0.0,0.0,0.0,0.0,0.0,0.0,0.0,0.0,0.0
3101,0.3255695104598999,0.2992755174636841,0.0,0.24193799495697021,0.13037949800491333,0.9102709889411926,0.0,0.625392496585846,0.5078954696655273,0.8174455165863037,0.0,0.9138699769973755,0.09139299392700195,0.0,0.8744649887084961,0.16943250596523285
3104,0.0,0.0,0.0,0.0,0.0,0.0,0.0,0.0,0.0,0.0,0.0,0.0,0.0,0.0,0.0,0.0
3106,0.0,0.3682515025138855,0.0,0.0,0.26446497440338135,0.0,0.6525335311889648,0.7170469760894775,0.506076455116272,0.8334094882011414,0.8325204849243164,0.31615447998046875,0.5292965173721313,0.20653298497200012,0.7594934701919556,0.20455700159072876
3108,0.0,0.0,0.0,0.0,0.0,0.0,0.0,0.0,0.0,0.0,0.0,0.0,0.0,0.0,0.0,0.0
3113,0.0,0.0,0.0,0.0,0.0,0.0,0.0,0.0,0.0,0.0,0.0,0.0,0.0,0.0,0.0,0.0
3119,0.0,0.051249511539936066,0.0,0.0,0.0,0.0,0.0,0.0,0.0,0.0,0.0,0.006621054373681545,0.1324581652879715,0.0,0.0,0.0
3125,0.0,0.0,0.14123626053333282,0.1284862905740738,0.10970474034547806,0.19629985094070435,0.14323191344738007,0.0,0.20266439020633698,0.0,0.0,0.07464879006147385,0.0,0.16003820300102234,0.0591312013566494,0.1735944002866745
3126,0.2744324803352356,0.19217608869075775,0.7030686736106873,0.0,0.6287557482719421,0.4670053720474243,0.0,0.0,0.6021702885627747,0.6538581848144531,0.2536596357822418,0.8573224544525146,0.6064716577529907,0.0,0.8892515897750854,0.0
3129,0.0,0.0,0.5739740133285522,0.0,0.0,0.0,0.0,0.0,0.0,0.0,0.0,0.0,0.0,0.0,0.0,0.0
3132,0.1629294902086258,0.15916089713573456,0.20316803455352783,0.0,0.0,0.2646094560623169,0.22526291012763977,0.29432064294815063,0.0,0.20082531869411469,0.0,0.04407620429992676,0.1050642803311348,0.0,0.12791091203689575,0.0
3133,0.06679749488830566,0.10699930042028427,0.0,0.0,0.0,0.10294220596551895,0.0,0.0,0.0,0.03830355778336525,0.11252166330814362,0.07233433425426483,0.08527200669050217,0.2525865435600281,0.009019098244607449,0.08291757106781006
3134,0.0,0.0,0.0,0.0,0.0,0.0,0.0,0.0,0.0,0.0,0.0,0.0,0.0,0.0,0.0,0.0
3142,0.0,0.0,0.0,0.0,0.0,0.0,0.0,0.0,0.0,0.0,0.0,0.0,0.0,0.0,0.0,0.0
3143,0.0,0.06466047465801239,0.0,0.04245886951684952,0.0,0.021308565512299538,0.0,0.03350772708654404,0.0,0.0,0.0,0.04978775605559349,0.016448721289634705,0.0,0.024421339854598045,0.09003794193267822
3147,0.0,0.0,0.0,0.0,0.0,0.0,0.0,0.0,0.0,0.0,0.0,0.0,0.0,0.0,0.0,0.0
3149,0.9120534658432007,0.3356800079345703,0.21273750066757202,0.0,0.20581799745559692,0.9403355121612549,0.0,0.31699448823928833,0.0,0.4752280116081238,0.3176940083503723,0.0,0.5972900390625,0.0,0.274507999420166,0.3895359933376312
3155,0.0,0.0,0.0,0.0,0.0,0.0,0.0,0.22440294921398163,0.0,0.0,0.014438948594033718,0.0,0.0,0.0,0.0,0.0
3156,0.0,0.0,0.0,0.0,0.0,0.0,0.0,0.0,0.0,0.06344383955001831,0.0,0.0,0.0,0.0,0.0,0.0
3160,0.0,0.0,0.0,0.0,0.0,0.0,0.0,0.0,0.0,0.0,0.0,0.0,0.0,0.0,0.0,0.0
3161,0.6179020404815674,0.8468170166015625,0.9743855595588684,0.8549655675888062,0.9508647918701172,0.8661796450614929,0.0,0.9998754858970642,0.829960823059082,0.7809027433395386,0.9599213600158691,0.926381528377533,0.0,0.8379873037338257,0.9193750619888306,0.0
3165,0.0,0.0,0.0,0.0,0.0,0.0,0.0,0.0,0.0,0.3120969831943512,0.0,0.0,0.0,0.0,0.0,0.0
3168,0.0,0.0,0.0,0.0,0.0,0.0,0.0,0.0,0.0,0.0,0.0,0.0,0.0,0.0,0.0,0.0
3172,0.0,0.0,0.0,0.0,0.0,0.0,0.0,0.0,0.0,0.0,0.0,0.0,0.0,0.0,0.0,0.0
3173,0.0,0.0,0.0,0.0,0.0,0.0,0.0,0.0,0.0,0.0,0.0,0.0,0.0,0.0,0.0,0.0
3179,0.0,0.07771885395050049,0.20563605427742004,0.044508833438158035,0.030622636899352074,0.09849280118942261,0.04125809296965599,0.0317583866417408,0.0,0.0,0.14281536638736725,0.22333160042762756,0.023940840736031532,0.029557473957538605,0.17268258333206177,0.0
3181,0.6502104997634888,0.624980628490448,0.6900896430015564,0.02245568484067917,0.366655170917511,0.4901372790336609,0.12895061075687408,0.3317148983478546,0.7226604223251343,0.611358642578125,0.04267635941505432,0.045760542154312134,0.590543270111084,0.09690217673778534,0.0,0.08188977837562561
3183,0.0,0.0,0.0,0.0,0.0,0.0,0.0,0.0,0.0,0.0,0.0,0.0,0.0,0.0,0.0,0.0
3187,0.0,0.1631348580121994,0.0,0.12612776458263397,0.0,0.017099754884839058,0.0,0.050803255289793015,0.17423483729362488,0.0,0.12420545518398285,0.0,0.06746768951416016,0.11912686377763748,0.10085251182317734,0.09374049305915833
3191,0.0,0.0,0.0,0.0,0.0,0.0,0.0,0.0,0.0,0.0,0.0,0.0,0.0,0.0,0.0,0.0
3192,0.07510991394519806,0.0,0.0,0.0,0.0,0.0,0.0,0.0,0.032076042145490646,0.0173500869423151,0.0,0.0,0.0,0.042518239468336105,0.0,0.0
3198,0.0,0.0,0.0,0.0,0.0,0.0,0.0,0.0,0.0,0.0,0.0,0.0,0.0,0.0,0.0,0.0
3204,0.22858402132987976,0.11258963495492935,0.0,0.0,0.14637893438339233,0.20443671941757202,0.2364843785762787,0.1983131468296051,0.0,0.18022926151752472,0.23392944037914276,0.02685244381427765,0.19764263927936554,0.12032075226306915,0.18037882447242737,0.1879587173461914
3205,0.0,0.0,0.0,0.0,0.0,0.0,0.0,0.0,0.0,0.0,0.0,0.0,0.0,0.0,0.0,0.0
3207,0.0,0.0,0.24196206033229828,0.0,0.0,0.0,0.0,0.0,0.43582144379615784,0.0,0.22652776539325714,0.0,0.0,0.0,0.0,0.0
3208,0.0,0.0,0.0,0.0,0.0,0.0,0.0,0.0,0.0,0.0,0.0,0.0,0.0,0.0,0.0,0.0
3211,0.0,0.0,0.0,0.0,0.0,0.0,0.0,0.0,0.0,0.0,0.0,0.0,0.0,0.0,0.0,0.0
3212,0.0,0.0,0.03172549977898598,0.0,0.0,0.0,0.0,0.0,0.0,0.07291600108146667,0.0,0.0,0.0,0.0,0.026399999856948853,0.09617049992084503
3217,0.0,0.0,0.0,0.0,0.0,0.0,0.0,0.0,0.0,0.0,0.0,0.0,0.0,0.0,0.0,0.0
3221,0.01581672951579094,0.17006658017635345,0.2509317398071289,0.09129410237073898,0.1395893394947052,0.1383560299873352,0.22673621773719788,0.06996765732765198,0.16840972006320953,0.0,0.037714555859565735,0.0,0.11280101537704468,0.0,0.303226113319397,0.06269925087690353
3224,0.0,0.0,0.0,0.0,0.0,0.0,0.0,0.0,0.0,0.0,0.0,0.0,0.0,0.0,0.0,0.0
3228,0.0,0.0,0.0,0.0,0.0,0.16693100333213806,0.0,0.0,0.0,0.0,0.0,0.0,0.0,0.0,0.0,0.0
3229,0.0,0.0,0.0,0.0,0.0,0.0,0.0,0.0,0.0,0.0,0.0,0.0,0.0,0.0,0.0,0.0
3231,0.0,0.0,0.5667697191238403,0.0,0.8856062889099121,0.0,0.9141194820404053,0.9004026651382446,0.0,0.0,0.0,0.10276299715042114,0.05632400140166283,0.9697866439819336,0.5681591033935547,0.6072263121604919
3233,0.0,0.0,0.0,0.0,0.0,0.0,0.0,0.0,0.0,0.0,0.0,0.0,0.0,0.0,0.0,0.0
3235,0.345889151096344,0.28055068850517273,0.3153243660926819,0.14466871321201324,0.15373951196670532,0.4324202835559845,0.30348801612854004,0.2764844596385956,0.4445856511592865,0.1613282561302185,0.10996754467487335,0.13405922055244446,0.2577579915523529,0.047740500420331955,0.4158802926540375,0.28027820587158203
3236,0.0,0.2307712435722351,0.9048153758049011,0.0,0.0,0.619805097579956,0.0,0.0,0.7006595134735107,0.0,0.0,0.0,0.0,0.021398749202489853,0.0,0.0
3238,0.0,0.0,0.0,0.0,0.0,0.0,0.0,0.2656109929084778,0.0,0.0,0.0,0.0,0.0,0.0,0.0,0.0
3246,0.09073246270418167,0.17566758394241333,0.2752600312232971,0.2171035259962082,0.18885810673236847,0.3696140646934509,0.12779787182807922,0.11810876429080963,0.12368278950452805,0.1247202455997467,0.41600415110588074,0.3549342751502991,0.1464526504278183,0.35638031363487244,0.16170409321784973,0.2910096347332001
3248,0.0,0.0,0.0,0.0,0.0,0.0,0.0,0.0,0.0,0.0,0.0,0.0,0.0,0.0,0.0,0.0
3251,0.0,0.0,0.0,0.0,0.0,0.0,0.0,0.0,0.0,0.0,0.0,0.0,0.0,0.0,0.0,0.0
3252,0.0,0.0,0.0,0.0,0.0,0.0,0.0,0.0,0.0,0.0,0.0,0.0,0.0,0.0,0.0,0.0
3254,0.0,0.0,0.0,0.09744973480701447,0.0,0.0,0.0,0.0,0.011475912295281887,0.0,0.0,0.04460378363728523,0.022043630480766296,0.0,0.0,0.0
3262,0.0,0.0,0.0,0.0,0.0,0.0,0.0,0.0,0.0,0.0,0.0,0.0,0.0,0.0,0.0,0.0
3265,0.0,0.0,0.0976794958114624,0.0,0.0,0.0,0.0,0.0,0.0,0.0,0.0,0.0,0.0,0.0,0.0,0.0
3267,0.0,0.0,0.0,0.0,0.0,0.0,0.0,0.0,0.0,0.0,0.0,0.0,0.0,0.0,0.0,0.0
3268,0.0,0.0,0.0,0.0,0.0,0.0,0.024489199742674828,0.0,0.0,0.0,0.0,0.0,0.0,0.0,0.02661280147731304,0.0
3272,0.0,0.0,0.0,0.0,0.0,0.0,0.0,0.0,0.0,0.0,0.0,0.0,0.0,0.0,0.0,0.0
3281,0.0,0.0,0.0,0.0,0.0,0.0,0.0,0.0,0.007494999561458826,0.0,0.0,0.0,0.029738400131464005,0.0,0.010519519448280334,0.7084770202636719
3282,0.0,0.0,0.0,0.0,0.0,0.0,0.0,0.0,0.0,0.0,0.0,0.0,0.0,0.0,0.0,0.0
3284,0.040676046162843704,0.0,0.0,0.0,0.0,0.0,0.0,0.0,0.030707500874996185,0.0,0.0,0.0,0.0,0.04725804179906845,0.0,0.0416666679084301
3285,0.0,0.0,0.02686919830739498,0.0,0.0,0.1844078004360199,0.22255846858024597,0.15312747657299042,0.0,0.0,0.0,0.32645320892333984,0.11013319343328476,0.0,0.0,0.024511799216270447
3291,0.0,0.0,0.0,0.0,0.0,0.0,0.0,0.0,0.0,0.0,0.0,0.0,0.0,0.0,0.0,0.0
3298,0.0,0.0,0.0,0.0,0.0,0.0,0.0,0.0,0.0,0.0,0.0,0.0,0.0,0.0,0.0,0.0
3301,0.09322833269834518,0.2561465799808502,0.21935485303401947,0.18303947150707245,0.0,0.2205408662557602,0.0,0.0,0.0,0.0,0.0,0.0,0.094842828810215,0.08624617755413055,0.0,0.0
3302,0.0,0.0,0.0,0.0,0.0,0.0,0.0,0.18435139954090118,0.0,0.0,0.0,0.0,0.0,0.0,0.0,0.0
3303,0.042185187339782715,0.04143952578306198,0.31754231452941895,0.6986579895019531,0.1314680576324463,0.5627503395080566,0.15735921263694763,0.05939856171607971,0.5040587186813354,0.24766959249973297,0.43071943521499634,0.17489385604858398,0.9686939716339111,0.8582913279533386,0.6121838092803955,0.689854621887207
3304,0.21010291576385498,0.28095024824142456,0.06308601796627045,0.2116861343383789,0.07862437516450882,0.47484931349754333,0.1991872638463974,0.35007548332214355,0.04849899932742119,0.22461387515068054,0.2926035523414612,0.5841766595840454,0.14418096840381622,0.1137506365776062,0.47427552938461304,0.08555029332637787
3307,0.0,0.0,0.0,0.0,0.0,0.0,0.0,0.0,0.0,0.0,0.0,0.0,0.0,0.0,0.0,0.0
3311,0.37730491161346436,0.4841773808002472,0.049494776874780655,0.47275301814079285,0.006996640004217625,0.06542173027992249,0.03195067495107651,0.46888139843940735,0.1379227340221405,0.08722073584794998,0.04224200174212456,0.6761316061019897,0.3846812844276428,0.32011669874191284,0.37592393159866333,0.37891680002212524
3312,0.039576850831508636,0.0,0.0,0.0,0.0,0.0,0.0,0.0,0.039405591785907745,0.0,0.0,0.0,0.0,0.03372187539935112,0.018361955881118774,0.0
3313,0.0,0.0,0.0,0.0,0.0,0.0,0.0,0.0,0.0,0.0,0.0,0.0,0.0,0.0,0.0,0.0
3314,0.0,0.0,0.0,0.0,0.0,0.0,0.0,0.298378050327301,0.0,0.1966022253036499,0.1191735789179802,0.15161260962486267,0.0,0.0,0.0,0.0
3316,0.28330475091934204,0.12359800189733505,0.0,0.0,0.0,0.23276546597480774,0.0,0.0,0.38875749707221985,0.5320359468460083,0.1268233358860016,0.15921099483966827,0.0,0.4515019953250885,0.2589203119277954,0.4242415130138397
3318,0.0,0.0,0.0,0.0,0.0,0.0,0.0,0.0,0.0,0.0,0.0,0.0,0.0,0.0,0.0,0.0
3321,0.043149810284376144,0.0,0.0,0.0,0.0,0.0,0.0,0.0,0.0,0.0,0.0,0.0,0.04313022270798683,0.0,0.0,0.00804125051945448
3322,0.0,0.0,0.0,0.0,0.0,0.0,0.0,0.0,0.0,0.0,0.0,0.0,0.0,0.0,0.0,0.0
3323,0.0,0.0,0.0,0.04460733383893967,0.0,0.0836625024676323,0.0,0.0,0.0,0.0,0.0,0.0,0.033893000334501266,0.0,0.0,0.0
3325,0.0,0.9848015308380127,0.0,0.0,0.0,0.12944693863391876,0.0,0.0,0.0,0.0,0.994742751121521,0.0,0.0,0.0,0.0,0.9900325536727905
3327,0.0,0.0,0.0,0.0,0.0,0.0,0.0,0.04636804014444351,0.0,0.0,0.0,0.0,0.0,0.0,0.01637636125087738,0.024078618735074997
3330,0.0,0.1319236159324646,0.0,0.0,0.0,0.09360946714878082,0.0,0.0,0.10868259519338608,0.0794575959444046,0.08490265160799026,0.0,0.0,0.058567825704813004,0.0,0.47584956884384155
3337,0.0,0.0,0.0,0.0,0.0,0.0,0.0,0.0,0.0,0.0,0.0,0.0,0.0,0.0,0.0,0.0
3339,0.0,0.0,0.0,0.0,0.0,0.0,0.0,0.0,0.0,0.0,0.0,0.0,0.0,0.0,0.0,0.0
3340,0.6034157872200012,0.08254050463438034,0.0,0.09765316545963287,0.0,0.8500250577926636,0.08300274610519409,0.0,0.7907446622848511,0.4045453369617462,0.0,0.714762270450592,0.04299914464354515,0.0,0.0,0.33287450671195984
3341,0.0,0.0,0.0,0.0,0.0,0.0,0.0,0.0,0.0,0.0,0.0,0.0,0.0,0.0,0.0,0.0
3342,0.0,0.0,0.0,0.0,0.0,0.0,0.0,0.0,0.0,0.0,0.0,0.0,0.0,0.0,0.0,0.0
3344,0.0,0.19602951407432556,0.04684324935078621,0.5101430416107178,0.0,0.7449572086334229,0.0,0.5174314975738525,0.21794849634170532,0.4084591865539551,0.0,0.2866800129413605,0.14621560275554657,0.08248849958181381,0.0,0.0
3345,0.13159969449043274,0.0,0.0399024561047554,0.0,0.02903122827410698,0.014941600151360035,0.0,0.0,0.003269045613706112,0.05132827162742615,0.11539304256439209,0.0029995455406606197,0.04306361824274063,0.23262569308280945,0.007232863921672106,0.009052318520843983
3351,0.0,0.0,0.0,0.015528712421655655,0.0,0.0,0.0,0.0,0.019862893968820572,0.0,0.0,0.0,0.0,0.0,0.01616157963871956,0.0
3352,0.0,0.0,0.0,0.0,0.0,0.0,0.0,0.0,0.0,0.0,0.0,0.0,0.0,0.0,0.0,0.0
3356,0.07010587304830551,0.0,0.0,0.0,0.0,0.0,0.0,0.014892666600644588,0.026382695883512497,0.0,0.0,0.0,0.0,0.03170487657189369,0.0,0.0
3360,0.0,0.0,0.27877917885780334,0.24225258827209473,0.0,0.0,0.0,0.21453502774238586,0.0,0.29569196701049805,0.3770807385444641,0.0,0.0,0.4445759356021881,0.30810001492500305,0.3138572573661804
3361,0.3382844924926758,0.0,0.0,0.6186424493789673,0.16084890067577362,0.29682502150535583,0.5597935914993286,0.07495000958442688,0.0,0.5487901568412781,0.2788107991218567,0.011140333488583565,0.0,0.0426132008433342,0.6136153936386108,0.0
3362,0.4983196258544922,0.6108083128929138,0.41394343972206116,0.6489009261131287,0.6818704605102539,0.5619337558746338,0.33786681294441223,0.31435662508010864,0.21333852410316467,0.6118924617767334,0.5922762155532837,0.16360630095005035,0.6105530261993408,0.4368616044521332,0.44400665163993835,0.3805828094482422
3363,0.0,0.0,0.0,0.0,0.0,0.0,0.0,0.0,0.0,0.22262316942214966,0.0,0.0,0.025732750073075294,0.0,0.0,0.0
3365,0.0,0.0,0.0,0.0,0.0,0.0,0.0,0.0,0.010042782872915268,0.0,0.0,0.0,0.0,0.0,0.0,0.0
3367,0.0,0.0,0.0,0.0,0.0,0.0,0.0,0.0,0.0,0.0,0.0,0.0,0.0,0.0,0.0,0.0
3368,0.0,0.0,0.0,0.0,0.0,0.0,0.0,0.049957577139139175,0.013135600835084915,0.0,0.0,0.0,0.0,0.0,0.0,0.0
3369,0.0,0.0,0.0,0.0,0.0,0.0,0.0,0.0,0.0,0.0,0.0,0.0,0.0,0.0,0.0,0.0
3371,0.0,0.0,0.0,0.0,0.0,0.0,0.0,0.0,0.0,0.0,0.0,0.0,0.0,0.0,0.0,0.0
3373,0.0,0.0,0.0,0.0,0.0,0.0,0.0,0.2746950089931488,0.0,0.0,0.0,0.0,0.0,0.0,0.0,0.0
3374,0.03748272731900215,0.0,0.018504727631807327,0.0,0.0,0.0,0.0,0.0,0.02298177406191826,0.0,0.0,0.0,0.0,0.05478903651237488,0.0,0.016019759699702263
3376,0.0,0.0,0.04341950640082359,0.0,0.0,0.061122409999370575,0.10094054788351059,0.0,0.0,0.0,0.0,0.0,0.0,0.0,0.0,0.0
3381,0.0,0.0,0.0,0.0,0.0,0.0,0.0,0.0,0.0,0.0,0.0,0.0,0.0,0.0,0.0,0.0
3382,0.0,0.0,0.0,0.04590680077672005,0.0,0.020765000954270363,0.0,0.0,0.0,0.0,0.0,0.0,0.0,0.0,0.0,0.0
3391,0.0,0.0,0.0,0.0,0.0,0.0,0.0,0.0,0.0,0.0,0.0,0.0,0.0,0.0,0.0,0.0
3392,0.0,0.05841941758990288,0.1690695732831955,0.0,0.020050382241606712,0.0,0.0,0.01794224977493286,0.1516493707895279,0.0,0.09859952330589294,0.0,0.017289286479353905,0.07337966561317444,0.0,0.0
3393,0.0,0.0,0.0,0.0,0.0,0.0,0.0,0.0,0.0,0.0,0.0,0.0,0.0,0.0,0.0,0.0
3397,0.0,0.0,0.0,0.0,0.0,0.0,0.0,0.0,0.0,0.0,0.0,0.0,0.0,0.0,0.0,0.0
3399,0.0,0.0,0.0,0.0,0.0,0.0,0.0,0.0,0.0,0.0,0.0,0.0,0.0,0.0,0.0,0.0
3401,0.0,0.053751248866319656,0.0,0.0,0.0,0.0,0.0,0.0,0.01349885854870081,0.17459911108016968,0.0,0.0,0.0,0.0,0.0,0.0
3404,0.0,0.0,0.0,0.0,0.0,0.0,0.0,0.0,0.0,0.0,0.0,0.0,0.0,0.0,0.0,0.0
3407,0.0,0.0,0.0,0.0,0.0,0.0,0.0,0.0,0.0,0.0,0.0,0.0,0.0,0.0,0.0,0.0
3411,0.0,0.0,0.0,0.044273748993873596,0.0,0.031624726951122284,0.0,0.0,0.0,0.0,0.0,0.0,0.0,0.0,0.0,0.0
3415,0.0,0.0,0.0,0.02768533304333687,0.0,0.0,0.0,0.013014053925871849,0.0,0.0,0.0,0.0,0.0,0.0,0.0,0.0
3416,0.0,0.0,0.0,0.0,0.0,0.0,0.0,0.0,0.0,0.0,0.0,0.0,0.0,0.0,0.0,0.0
3424,0.0,0.039231475442647934,0.0,0.08234579861164093,0.0,0.0,0.0461122989654541,0.02672276832163334,0.0,0.0,0.011555050499737263,0.0,0.0,0.020321261137723923,0.0,0.0
3425,0.0,0.0,0.0,0.0,0.0,0.0,0.0,0.0,0.0,0.0,0.0,0.0,0.0,0.0,0.0,0.0
3427,0.031861208379268646,0.0,0.030390728265047073,0.10343695431947708,0.0,0.05025886744260788,0.034502752125263214,0.03986089304089546,0.0,0.0,0.04045448452234268,0.06261511147022247,0.0,0.0,0.037228696048259735,0.0
3432,0.1775449812412262,0.1011345162987709,0.2537447512149811,0.27707812190055847,0.0,0.0,0.24594320356845856,0.0,0.0,0.0,0.24670876562595367,0.20909440517425537,0.1269921064376831,0.0,0.266123503446579,0.0
3435,0.07321590930223465,0.0,0.0,0.0,0.0,0.0,0.0,0.0033760475926101208,0.028416087850928307,0.0,0.0,0.0,0.0,0.03431268036365509,0.0,0.0
3436,0.0,0.0,0.0,0.0,0.0,0.0,0.0,0.0,0.0,0.0,0.0,0.0,0.0,0.0,0.0,0.0
3442,0.0,0.0,0.0,0.0,0.0,0.0,0.0,0.0,0.0,0.0,0.0,0.0,0.0,0.0,0.0,0.0
3443,0.01838894747197628,0.0,0.0,0.0,0.0,0.0,0.0,0.043007250875234604,0.0,0.0,0.0,0.0,0.0,0.0,0.0,0.0
3444,0.0,0.0,0.0,0.0,0.0,0.0,0.0,0.0,0.0,0.0,0.0,0.0,0.0,0.0,0.0,0.0
3451,0.0,0.0,0.0,0.0,0.0,0.0,0.0,0.0,0.0,0.0,0.0,0.0,0.0,0.0,0.0,0.0
3453,0.0,0.0,0.0,0.0,0.0,0.0,0.0,0.0,0.0,0.0,0.0,0.0,0.0,0.0,0.0,0.0
3454,0.0,0.0,0.0,0.0,0.0,0.0,0.0,0.0,0.0,0.0,0.0,0.0,0.0,0.0,0.0,0.0
3456,0.09410909563302994,0.0,0.0,0.0,0.0,0.013523618690669537,0.0,0.0,0.0,0.0,0.0,0.0,0.0,0.09011904895305634,0.0,0.0
3458,0.0,0.0,0.0,0.0,0.0,0.0,0.0,0.0,0.0,0.0,0.0,0.0,0.0,0.0,0.0,0.0
3460,0.0,0.1964176595211029,0.0,0.0,0.22366702556610107,0.0,0.0,0.003594948211684823,0.0,0.18032331764698029,0.1769043654203415,0.0,0.1885201781988144,0.14291594922542572,0.0710466280579567,0.24464307725429535
3463,0.0,0.0,0.0,0.0,0.0,0.0,0.0,0.0,0.0,0.0,0.0,0.0,0.0,0.0,0.0,0.0
3464,0.0,0.0,0.0,0.0,0.0,0.0,0.0,0.0,0.0,0.0,0.0,0.0,0.0,0.0,0.0,0.0
3467,0.0,0.0,0.0,0.0,0.0,0.0,0.0,0.0,0.0,0.0,0.0,0.0,0.0,0.0,0.0,0.0
3468,0.0,0.0,0.0,0.0,0.0,0.0,0.0,0.0,0.0,0.0,0.0,0.0,0.0,0.0,0.0,0.0
3470,0.021304303780198097,0.0,0.0,0.0,0.0,0.0,0.0,0.0,0.0,0.0,0.0,0.0,0.0,0.08547046035528183,0.0,0.0
3473,0.048107344657182693,0.0,0.013734727166593075,0.0,0.0,0.0,0.0,0.0,0.022384434938430786,0.0,0.0,0.0,0.0,0.04922227934002876,0.0,0.014452559873461723
3479,0.0,0.0,0.0,0.0,0.0,0.0,0.0,0.0,0.0,0.0,0.0,0.0,0.0,0.0,0.0,0.0
3485,0.0,0.0,0.0,0.0,0.0,0.0,0.0,0.0,0.0,0.0,0.0,0.0,0.0,0.0,0.0,0.0
3490,0.0,0.0,0.0,0.0,0.0,0.0,0.0,0.0,0.0,0.0,0.0,0.0,0.0,0.0,0.0,0.0
3492,0.0,0.0,0.0,0.0,0.0,0.0,0.0,0.0,0.0,0.0,0.0,0.0,0.0,0.0,0.0,0.0
3496,0.04071909561753273,0.0,0.0,0.0,0.0,0.0,0.0,0.0,0.0,0.0,0.024932047352194786,0.0,0.023976827040314674,0.0773821696639061,0.0,0.0
3498,0.0,0.0,0.0,0.0,0.10946626961231232,0.05101798474788666,0.027385111898183823,0.08374813944101334,0.0,0.0,0.0,0.05826541408896446,0.12449915707111359,0.12436052411794662,0.0,0.11273892968893051
3501,0.05074094980955124,0.0,0.0,0.0,0.0,0.0,0.0,0.0,0.0,0.0,0.0,0.0,0.011749600060284138,0.07142578810453415,0.0,0.04349755123257637
3502,0.07117222994565964,0.0,0.0,0.007727750577032566,0.01266000047326088,0.00933330412954092,0.0,0.0,0.0,0.0,0.0,0.0,0.0,0.22440052032470703,0.0,0.0
3503,0.059434760361909866,0.0,0.0,0.0,0.15043556690216064,0.0,0.0,0.07686466723680496,0.0,0.14783646166324615,0.0,0.0,0.0,0.14616045355796814,0.0,0.0
3504,0.0,0.0,0.0,0.0,0.0,0.0,0.0,0.0,0.0,0.0,0.0,0.883961021900177,0.0,0.0,0.5240979790687561,0.0
3505,0.0,0.0,0.0,0.0,0.0,0.0,0.0,0.0,0.0,0.0,0.0,0.0,0.0,0.0,0.0,0.0
3508,0.0,0.10443126410245895,0.24417293071746826,0.0,0.0,0.22142557799816132,0.23431812226772308,0.0,0.0,0.26357409358024597,0.0,0.2110859602689743,0.1174611747264862,0.32252031564712524,0.0,0.18690355122089386
3509,0.09841930866241455,0.0965099036693573,0.4184889495372772,0.3422020375728607,0.204949751496315,0.0,0.15882350504398346,0.17514005303382874,0.1204252541065216,0.29470521211624146,0.1986033022403717,0.044327784329652786,0.16509228944778442,0.1401790827512741,0.0,0.133656308054924
3511,0.0,0.0,0.0,0.0,0.0,0.0,0.0,0.0,0.0,0.0,0.0,0.0,0.0,0.0,0.0,0.0
3519,0.0,0.0,0.0,0.0,0.0,0.0,0.0,0.0,0.0,0.0,0.0,0.0,0.0,0.0,0.0,0.0
3525,0.0,0.0,0.0,0.0,0.0,0.0,0.0,0.0,0.0,0.0,0.0,0.0,0.0,0.0,0.0,0.0
3526,0.0,0.0,0.0,0.0,0.0,0.0,0.0,0.0,0.0,0.0,0.0,0.0,0.0,0.0,0.0,0.0
3527,0.0,0.0,0.0,0.0,0.0,0.0,0.0,0.0,0.0,0.0,0.0,0.0,0.0,0.0,0.0,0.0
3533,0.0,0.0,0.0,0.0,0.0,0.0,0.0,0.0,0.0,0.0,0.0,0.0,0.0,0.0,0.0,0.0
3537,0.0,0.0,0.0,0.0,0.0,0.0,0.0,0.0,0.0,0.0,0.0,0.0,0.0,0.0,0.0,0.0
3538,0.06781172752380371,0.0,0.0,0.03560962155461311,0.005340695846825838,0.0,0.0,0.0,0.0,0.002574681770056486,0.07325518131256104,0.02216695435345173,0.0,0.20356740057468414,0.0,0.01192691270262003
3540,0.0,0.0,0.0,0.0,0.0,0.0,0.0,0.0,0.0,0.0,0.0,0.0,0.0,0.0,0.0,0.0
3541,0.0,0.0,0.0,0.0,0.0,0.0,0.0,0.0,0.0,0.0,0.0,0.0,0.0,0.0,0.0,0.0
3542,0.0,0.0,0.0,0.0,0.0,0.0,0.0,0.0,0.0,0.0,0.0,0.0,0.0,0.0,0.0,0.0
3545,0.0,0.0,0.0,0.0,0.0,0.0,0.0,0.0,0.0,0.0,0.0,0.0,0.0,0.0,0.0,0.0
3546,0.0,0.17559093236923218,0.0,0.0,0.12477972358465195,0.22409431636333466,0.0,0.14439845085144043,0.17326119542121887,0.0,0.2266659438610077,0.038779906928539276,0.0,0.0,0.0,0.0
3547,0.0,0.22806711494922638,0.0,0.17742900550365448,0.0,0.0,0.0,0.13752096891403198,0.14963556826114655,0.0,0.17294462025165558,0.0,0.08166151493787766,0.0,0.0,0.0
3549,0.0,0.0,0.0,0.0,0.0,0.0,0.0,0.0,0.0,0.0,0.0,0.0,0.0,0.0,0.0,0.0
3552,0.13121046125888824,0.0,0.03987077251076698,0.019100701436400414,0.004627545364201069,0.0,0.0,0.0035677501000463963,0.0,0.032807908952236176,0.06474804878234863,0.0,0.04292066767811775,0.15085287392139435,0.022465381771326065,0.004116476513445377
3554,0.0,0.8523303270339966,0.0,0.9904658198356628,0.0,0.0,0.0,0.0,0.0,0.9348506927490234,0.0,0.0,0.0,0.0,0.0,0.0
3558,0.0,0.0,0.0,0.0,0.0,0.0,0.0,0.0,0.0,0.0,0.0,0.0,0.0,0.0,0.0,0.0
3559,0.9692055583000183,0.8990569710731506,0.8805762529373169,0.0,0.0,0.8571768999099731,0.0,0.8085271716117859,0.9851704239845276,0.882285475730896,0.993794858455658,0.9867057800292969,0.9798177480697632,0.7456735372543335,0.679573118686676,0.8379884958267212
3563,0.02349800243973732,0.0,0.0,0.0030658571049571037,0.0,0.0,0.0,0.0,0.0,0.0,0.0,0.0,0.0,0.0863824188709259,0.0,0.0
3565,0.0,0.0,0.0,0.0,0.0,0.0,0.0,0.0,0.0,0.0,0.0,0.0,0.0,0.0,0.0,0.0
3566,0.0,0.0,0.1724225878715515,0.0,0.0,0.0,0.0,0.0,0.0,0.2580868601799011,0.0,0.0,0.0,0.12560459971427917,0.21357545256614685,0.0
3568,0.0,0.0,0.0,0.0,0.0,0.0,0.0,0.0,0.0,0.0,0.0,0.0,0.0,0.0,0.0,0.0
3570,0.0,0.0,0.0,0.0,0.0,0.0,0.0,0.0,0.0,0.0,0.0,0.0,0.0,0.0,0.0,0.0
3572,0.0,0.0,0.0,0.0,0.0,0.0,0.0,0.0,0.0,0.0,0.0,0.0,0.0,0.0,0.0,0.0
3573,0.013575585559010506,0.0,0.0,0.11006016284227371,0.040185559540987015,0.053771983832120895,0.0,0.0,0.10016435384750366,0.0,0.09482380747795105,0.13989774882793427,0.0,0.043283771723508835,0.017117857933044434,0.0
3575,0.25470176339149475,0.05715186893939972,0.22077517211437225,0.16557055711746216,0.17291797697544098,0.15931349992752075,0.0,0.0,0.14650169014930725,0.17516358196735382,0.1876022070646286,0.22478418052196503,0.0,0.2391432672739029,0.224958136677742,0.21638336777687073
3578,0.07726522535085678,0.0,0.0,0.0,0.01593215949833393,0.01660500094294548,0.0,0.0,0.0,0.0,0.0,0.005963079631328583,0.0,0.21675261855125427,0.0,0.0
3579,0.0,0.0,0.0,0.0,0.0,0.0,0.0,0.0,0.0,0.0,0.0,0.0,0.0,0.0,0.0,0.0
3581,0.0,0.0,0.0,0.0,0.0,0.0,0.0,0.0,0.0,0.0,0.0,0.0,0.0,0.0,0.0,0.0
3582,0.0,0.0,0.0,0.0,0.0,0.0,0.0,0.0,0.0,0.0,0.0,0.0,0.0,0.0,0.0,0.0
3583,0.0,0.0,0.0,0.0,0.0,0.0,0.0,0.0,0.0,0.0,0.0,0.0,0.0,0.0,0.0,0.0
3587,0.0,0.0,0.0,0.0,0.0,0.0,0.0,0.0,0.0,0.0,0.0,0.0,0.0,0.0,0.0,0.0
3588,0.0,0.0,0.0,0.0,0.0,0.0,0.0,0.0,0.0,0.0,0.0,0.0,0.0,0.0,0.0,0.0
3592,0.0,0.0,0.0,0.0,0.0,0.0,0.0,0.0,0.0,0.0,0.0,0.0,0.0,0.0,0.0,0.0
3593,0.0,0.12473084777593613,0.0,0.0,0.0,0.0,0.0,0.1413802057504654,0.1089576706290245,0.0,0.0,0.19905158877372742,0.0,0.0,0.0,0.0
3596,0.0,0.10631824284791946,0.0,0.19409281015396118,0.0,0.0,0.003949236124753952,0.03447142615914345,0.021681051701307297,0.0,0.03414616361260414,0.08397706598043442,0.0,0.17013223469257355,0.0,0.02008935809135437
3598,0.0,0.0,0.0,0.0,0.0,0.0,0.0,0.0,0.0,0.0,0.0,0.0,0.0,0.0,0.0,0.0
3601,0.1587342768907547,0.0,0.12297862023115158,0.0,0.0,0.07623752951622009,0.0,0.09632454067468643,0.12155778706073761,0.0,0.11720944941043854,0.0,0.0,0.0,0.0,0.1497362107038498
3602,0.9450531601905823,0.7952115535736084,0.8882311582565308,0.9156332612037659,0.9914051294326782,0.9075201749801636,0.9486010670661926,0.9850918650627136,0.8189685344696045,0.8774136304855347,0.9974462389945984,0.9091111421585083,0.9786848425865173,0.9387966394424438,0.9136340618133545,0.9701464772224426
3606,0.0,0.0,0.0,0.0,0.0,0.0,0.0,0.0,0.0,0.0,0.0,0.0,0.0,0.0,0.0,0.0
3607,0.0,0.09529135376214981,0.0,0.0,0.14860720932483673,0.036154765635728836,0.0,0.08724619448184967,0.0,0.0,0.1508108675479889,0.0,0.04698839783668518,0.0531243272125721,0.0,0.04047016799449921
3608,0.0,0.0,0.0,0.0,0.0,0.0,0.0,0.0,0.0,0.0,0.0,0.0,0.0,0.0,0.0,0.0
3610,0.0,0.38714799284935,0.0,0.0,0.0,0.0,0.0,0.0,0.0,0.0,0.0,0.0,0.0,0.0,0.0,0.0
3611,0.07518371939659119,0.0,0.134752094745636,0.26074302196502686,0.223016619682312,0.0,0.0,0.12562067806720734,0.0,0.0,0.1961592435836792,0.08967152237892151,0.12375814467668533,0.0,0.0,0.0
3612,0.0,0.07202841341495514,0.06421332061290741,0.08934573829174042,0.0,0.052178118377923965,0.0,0.06674856692552567,0.0,0.037070851773023605,0.0,0.0,0.09355320036411285,0.0,0.0,0.0
3619,0.0,0.2805417478084564,0.17321628332138062,0.30317360162734985,0.0,0.0,0.0,0.15279167890548706,0.15291038155555725,0.2890441417694092,0.0,0.0,0.0,0.09049269556999207,0.0,0.0
3620,0.0,0.0,0.0,0.0,0.0,0.0,0.02331533282995224,0.0,0.004230666905641556,0.012494499795138836,0.0,0.0433502197265625,0.06012900173664093,0.0,0.0,0.01456383429467678
3624,0.0,0.0,0.2074218988418579,0.17018692195415497,0.0,0.14321990311145782,0.024479949846863747,0.0,0.0,0.0,0.20455768704414368,0.1995011866092682,0.14738911390304565,0.0,0.16157540678977966,0.0
3628,0.0,0.0,0.0,0.0,0.0,0.0,0.0,0.0,0.0,0.0,0.0,0.0,0.0,0.0,0.0,0.0
3630,0.9283216595649719,0.013122615404427052,0.0,0.12074927240610123,0.0,0.0,0.5018605589866638,0.036851223558187485,0.0,0.023456774652004242,0.015234149992465973,0.01695322059094906,0.7506535649299622,0.2579124867916107,0.014072173275053501,0.4545617997646332
3632,0.0,0.0,0.0,0.0,0.0,0.0,0.0,0.0,0.0,0.0,0.0,0.0,0.0,0.0,0.0,0.0
3634,0.04822317883372307,0.2051304280757904,0.17144255340099335,0.0,0.22853142023086548,0.1223095953464508,0.0,0.11858019977807999,0.0,0.2360793650150299,0.21018297970294952,0.09014596045017242,0.0,0.0,0.0,0.08218889683485031
3636,0.0,0.0,0.18962880969047546,0.0,0.0,0.2817278802394867,0.0,0.0,0.15270142257213593,0.0,0.0,0.0,0.0,0.1055595800280571,0.355204701423645,0.0
3637,0.0,0.17426654696464539,0.13357272744178772,0.02492346242070198,0.055585313588380814,0.04054681956768036,0.13768194615840912,0.07517439126968384,0.2067335695028305,0.051777713000774384,0.13956482708454132,0.014414249919354916,0.11664973944425583,0.16743652522563934,0.2707165479660034,0.1254395991563797
3638,0.0,0.0,0.0,0.0,0.0,0.0,0.0,0.0,0.0,0.0,0.0,0.0,0.0,0.0,0.0,0.0
3639,0.0,0.0,0.0,0.0,0.0,0.0,0.0,0.0,0.0,0.0,0.0,0.0,0.0,0.0,0.0,0.0
3640,0.0,0.0,0.08765409141778946,0.852242112159729,0.0,0.19788700342178345,0.0,0.0,0.7864812612533569,0.013156572356820107,0.06669771671295166,0.15137521922588348,0.08106617629528046,0.0,0.12763305008411407,0.015357499942183495
3642,0.0,0.03201340138912201,0.02068440057337284,0.0,0.02373480051755905,0.01695300079882145,0.21496367454528809,0.0,0.0,0.0,0.0,0.021233167499303818,0.0,0.22552067041397095,0.10292860120534897,0.0
3644,0.35193347930908203,0.0,0.0,0.9366809725761414,0.0,0.0,0.029411250725388527,0.0,0.0,0.0,0.0,0.0,0.05961399897933006,0.0,0.4526183307170868,0.0
3645,0.0,0.02798599936068058,0.0,0.06687460094690323,0.0,0.04624149948358536,0.0,0.10410629212856293,0.10397350043058395,0.026319142431020737,0.017629142850637436,0.0,0.0,0.01947624981403351,0.0,0.14663860201835632
3648,0.0,0.0,0.0,0.0,0.0,0.0,0.0,0.0,0.0,0.0,0.0,0.0,0.0,0.0,0.0,0.0
3649,0.08512329310178757,0.0,0.0,0.0,0.0,0.0,0.0,0.0,0.0,0.0,0.0,0.0,0.0,0.0,0.011018190532922745,0.0
3651,0.0,0.15602730214595795,0.0,0.08613212406635284,0.1540863811969757,0.0,0.13703912496566772,0.0,0.0,0.0,0.0,0.0,0.15471045672893524,0.0,0.0,0.10663841664791107
3652,0.0,0.0,0.0,0.0,0.0,0.0,0.0,0.0,0.0,0.0,0.0,0.0,0.0,0.0,0.0,0.0
3655,0.0839463546872139,0.25637802481651306,0.0,0.22726410627365112,0.07586338371038437,0.0,0.0,0.1308842897415161,0.0,0.0,0.0,0.0,0.0,0.07491535693407059,0.22856317460536957,0.10696155577898026
3661,0.0,0.0,0.0,0.0,0.0,0.0,0.0,0.0,0.0,0.0,0.0,0.0,0.0,0.0,0.0,0.0
3663,0.0,0.0,0.0,0.0,0.0,0.0,0.0,0.0,0.0,0.0,0.0,0.0,0.0,0.0,0.0,0.0
3664,0.07073931396007538,0.0,0.16312921047210693,0.0,0.0,0.20767176151275635,0.0,0.12497130036354065,0.13132719695568085,0.2930622398853302,0.14835305511951447,0.0709923654794693,0.0,0.0,0.27782031893730164,0.0
3666,0.1889130026102066,0.0,0.0,0.0,0.0,0.0,0.0,0.0,0.0,0.0,0.18706999719142914,0.0,0.0,0.0,0.32886600494384766,0.0
3669,0.0,0.21207945048809052,0.17115503549575806,0.0,0.22294242680072784,0.0,0.0,0.11840420961380005,0.14549484848976135,0.0,0.0,0.0807492733001709,0.06306027621030807,0.07055815309286118,0.0,0.0
3671,0.0,0.0,0.0,0.0,0.0,0.0,0.0,0.0,0.0,0.0,0.0,0.0,0.0,0.0,0.0,0.0
3673,0.0,0.0,0.0,0.0,0.0,0.0,0.0,0.0,0.0,0.0,0.0,0.0,0.0,0.0,0.0,0.0
3677,0.0,0.0,0.0,0.0,0.0,0.0,0.0,0.0,0.0,0.0,0.0,0.0,0.0,0.0,0.0,0.0
3680,0.0,0.0,0.0,0.0,0.0,0.0,0.0,0.0,0.0,0.0,0.0,0.0,0.0,0.0,0.0,0.0
3681,0.12865827977657318,0.3457917273044586,0.0,0.2356831580400467,0.0,0.3386153280735016,0.0,0.17501236498355865,0.0,0.36342692375183105,0.0,0.0,0.0,0.10650648176670074,0.0,0.0
3682,0.0,0.0,0.20188090205192566,0.365506112575531,0.1954713761806488,0.23695939779281616,0.0,0.0,0.15670524537563324,0.30224093794822693,0.28437694907188416,0.0,0.0,0.0,0.3529537618160248,0.32132548093795776
3684,0.0,0.03647550195455551,0.0,0.04463843256235123,0.0,0.23109576106071472,0.03707600012421608,0.0,0.0,0.0,0.0,0.0,0.09791867434978485,0.0,0.033338334411382675,0.08284900337457657
3685,0.0,0.0,0.0,0.0,0.0,0.0,0.0,0.0,0.0,0.0,0.0,0.0,0.0,0.0,0.0,0.0
3687,0.0,0.0,0.0,0.0,0.0,0.0,0.0,0.0,0.0,0.0,0.0,0.0,0.0,0.0,0.0,0.0
3690,0.0,0.0,0.0,0.0,0.0,0.0,0.0,0.0,0.0,0.0,0.0,0.0,0.0,0.0,0.0,0.0
3692,0.0,0.0,0.0,0.0,0.0,0.0,0.0,0.0,0.0,0.0,0.0,0.0,0.0,0.0,0.0,0.0
3693,0.0,0.0,0.0,0.0,0.0,0.0,0.0,0.0,0.0,0.0,0.0,0.0,0.0,0.0,0.0,0.0
3694,0.0,0.0,0.0,0.0,0.0,0.0,0.0,0.0,0.0,0.0,0.0,0.0,0.0,0.0,0.0,0.0
3695,0.0,0.0,0.0,0.0,0.0,0.0,0.0,0.0,0.0,0.0,0.0,0.0,0.0,0.0,0.0,0.0
3696,0.0,0.0,0.0,0.0,0.0,0.0,0.0,0.0,0.0,0.0,0.0,0.0,0.0,0.0,0.0,0.0
3698,0.0,0.0,0.0,0.0,0.0,0.0,0.0,0.0,0.0,0.0,0.0,0.0,0.0,0.0,0.0,0.0
3699,0.0,0.0,0.0,0.0,0.0,0.0,0.0,0.0,0.0,0.0,0.0,0.0,0.0,0.0,0.0,0.0
3701,0.0684841051697731,0.0,0.0,0.08594831079244614,0.0,0.0,0.05315237492322922,0.0,0.0,0.0,0.0,0.0,0.0,0.0,0.0,0.0
3702,0.0,0.0,0.0,0.0,0.0,0.0,0.0,0.0,0.0,0.0,0.0,0.0,0.0,0.0,0.0,0.0
3703,0.0,0.0,0.0,0.11730920523405075,0.0,0.0,0.0,0.0,0.0,0.0,0.0,0.0,0.0,0.0,0.0,0.0
3704,0.0,0.0,0.0,0.0,0.0,0.0,0.0,0.0,0.0,0.0,0.0,0.0,0.0,0.0,0.0,0.0
3705,0.05903027579188347,0.008819864131510258,0.0,0.0,0.0,0.0,0.0,0.0,0.0,0.0,0.024649810045957565,0.0,0.026629826053977013,0.08600534498691559,0.0,0.0
3706,0.9818387627601624,0.7534900903701782,0.7908444404602051,0.5192845463752747,0.6115460395812988,0.6123552322387695,0.3080451488494873,0.5090031623840332,0.019400499761104584,0.6189497113227844,0.6769299507141113,0.9304681420326233,0.8169898390769958,0.7961862087249756,0.6116082072257996,0.9913532733917236
3711,0.9503495097160339,0.877678632736206,0.9861267805099487,0.9359591603279114,0.9680895805358887,0.9357172250747681,0.8885683417320251,0.8064737319946289,0.7905651926994324,0.9222055077552795,0.9582448601722717,0.8976740837097168,0.9611809849739075,0.0,0.8885868787765503,0.9083537459373474
3714,0.0,0.0,0.0,0.0,0.0,0.0,0.0,0.0,0.0,0.0,0.0,0.0,0.0,0.0,0.0,0.0
3715,0.0,0.0,0.0,0.0,0.0,0.0,0.0,0.0,0.0,0.0,0.0,0.0,0.0,0.0,0.0,0.0
3718,0.0,0.0,0.0,0.0,0.0,0.0,0.0,0.0,0.0,0.0,0.0,0.0,0.0,0.0,0.0,0.0
3720,0.0,0.0,0.0,0.0,0.0,0.0,0.0,0.0,0.0,0.0,0.0,0.0,0.0,0.0,0.0,0.0
3723,0.0,0.0,0.0,0.0,0.0,0.0,0.0,0.0,0.0,0.0,0.0,0.0,0.0,0.0,0.0,0.0
3725,0.0,0.0,0.0,0.03802533447742462,0.1023024320602417,0.0,0.2377292811870575,0.0,0.0956600159406662,0.0,0.0,0.0,0.0,0.0,0.1833989918231964,0.06113050505518913
3728,0.0,0.0,0.0,0.0,0.0,0.0,0.0,0.0,0.0,0.0,0.0,0.0,0.0,0.0,0.0,0.0
3732,0.0,0.0,0.0,0.0,0.0,0.0,0.0,0.0,0.0,0.0,0.0,0.0,0.0,0.0,0.0,0.0
3733,0.0,0.0,0.0,0.0,0.0,0.0,0.0,0.0,0.0,0.0,0.0,0.0,0.0,0.0,0.0,0.0
3735,0.0,0.0,0.0,0.0,0.0,0.0,0.0,0.0,0.0,0.0,0.0,0.0,0.0,0.0,0.0,0.0
3738,0.0,0.0,0.0,0.0,0.0,0.0,0.0,0.0,0.0,0.0,0.0,0.0,0.0,0.0,0.0,0.0
3739,0.4008585214614868,0.23320521414279938,0.28336140513420105,0.2949116826057434,0.2336864024400711,0.3156306743621826,0.3619258403778076,0.2868656814098358,0.2634992003440857,0.29505273699760437,0.4786732494831085,0.2785288691520691,0.4857739210128784,0.3066500425338745,0.372829407453537,0.42826300859451294
3741,0.05365130305290222,0.0,0.006474521476775408,0.0,0.0,0.0,0.0,0.0,0.0,0.0,0.02991395816206932,0.0,0.017084477469325066,0.06236879155039787,0.0,0.0036925000604242086
3742,0.0,0.0,0.06870079785585403,0.08215413242578506,0.09789721667766571,0.0,0.09572255611419678,0.0,0.0,0.0,0.0,0.08050607144832611,0.03354803845286369,0.0,0.10499658435583115,0.0
3748,0.0,0.0,0.0,0.0,0.0,0.0,0.0,0.0,0.0,0.0,0.0,0.0,0.0,0.0,0.0,0.0
3749,0.0,0.0,0.0,0.0,0.0,0.0,0.0,0.0,0.0,0.0,0.0,0.008115174248814583,0.0,0.0,0.0,0.0
3755,0.06647353619337082,0.0,0.22997179627418518,0.07760495692491531,0.0,0.05128955841064453,0.0,0.12385641038417816,0.06492387503385544,0.0,0.13354983925819397,0.0,0.0,0.04951123148202896,0.14491719007492065,0.06387925148010254
3756,0.0,0.0,0.0,0.0,0.0,0.0,0.0,0.0,0.0,0.0,0.0,0.0,0.0,0.0,0.0,0.0
3759,0.0,0.0,0.0,0.0,0.0,0.0,0.0,0.0,0.0,0.0,0.0,0.0,0.0,0.0,0.0,0.0
3763,0.0,0.0,0.0,0.0,0.0,0.0,0.0,0.0,0.0,0.0,0.0,0.0,0.0,0.0,0.0,0.0
3765,0.0,0.20032675564289093,0.17556247115135193,0.0,0.0,0.1019844338297844,0.15066270530223846,0.0,0.11911863833665848,0.19347992539405823,0.2022964209318161,0.08126528561115265,0.05830719694495201,0.0,0.1318632811307907,0.06567957997322083
3767,0.0,0.0,0.0,0.0,0.0,0.0,0.0,0.0,0.0,0.0,0.0,0.0,0.0,0.0,0.0,0.0
3769,0.0,0.0,0.0,0.0,0.0,0.0,0.0,0.0,0.0,0.0,0.0,0.0,0.0,0.0,0.0,0.0
3772,0.0,0.0,0.0,0.0,0.0,0.0,0.0,0.0,0.0,0.0,0.0,0.0,0.012994999997317791,0.0,0.0,0.0
3774,0.0,0.0,0.0,0.0,0.0,0.05427343398332596,0.0,0.05196935310959816,0.024441001936793327,0.037311531603336334,0.09898080676794052,0.09240031242370605,0.0,0.0,0.0,0.0
3777,0.0,0.0,0.0,0.0,0.0,0.0,0.0,0.0,0.0,0.0,0.0,0.0,0.0,0.0,0.0,0.0
3778,0.9815919995307922,0.0,0.0,0.0,0.0,0.0,0.0,0.0,0.0,0.0,0.0,0.0,0.0,0.0,0.0,0.0
3779,0.0,0.0,0.0,0.0,0.0,0.0,0.0,0.0,0.0,0.0,0.0,0.0,0.0,0.0,0.0,0.0
3784,0.0,0.0,0.0,0.0,0.0,0.0,0.0,0.0,0.0,0.0,0.0,0.0,0.0,0.0,0.0,0.0
3787,0.0,0.0,0.0,0.19598925113677979,0.0,0.2257290631532669,0.0,0.16384674608707428,0.0,0.22770661115646362,0.0,0.0,0.0,0.08556926995515823,0.31912362575531006,0.09541254490613937
3789,0.0,0.0,0.0,0.0,0.0,0.0,0.0,0.04635550081729889,0.0,0.0,0.0,0.0,0.10198474675416946,0.0,0.017903249710798264,0.024576600641012192
3793,0.0,0.0,0.03321433439850807,0.17910200357437134,0.0,0.14911866188049316,0.23446467518806458,0.0,0.0,0.0,0.0,0.23334233462810516,0.24265633523464203,0.0,0.0,0.0
3794,0.0,0.0,0.0,0.0,0.0,0.0,0.0,0.0,0.0,0.0,0.0,0.0,0.0,0.0,0.0,0.0
3798,0.11210300028324127,0.30838873982429504,0.0,0.8676654100418091,0.1527431309223175,0.23187744617462158,0.7625744342803955,0.6391143202781677,0.30805087089538574,0.0,0.019462333992123604,0.026531167328357697,0.03732945770025253,0.26362356543540955,0.007488326169550419,0.22702500224113464
3800,0.2906118631362915,0.4721425473690033,0.3281520903110504,0.5004715919494629,0.28244107961654663,0.8060628771781921,0.688260018825531,0.5764418840408325,0.1634342521429062,0.42296740412712097,0.4951520264148712,0.38304439187049866,0.6919567584991455,0.33991625905036926,0.17934541404247284,0.7755821943283081
3802,0.0,0.0,0.0,0.0,0.0,0.0,0.0,0.0,0.0,0.0,0.0,0.0,0.0,0.0,0.0,0.0
3804,0.04548010602593422,0.0,0.0,0.0,0.0,0.0,0.0,0.0,0.0,0.0,0.0,0.038878001272678375,0.0,0.0,0.0,0.0
3806,0.08194869011640549,0.01507541909813881,0.061193548142910004,0.09858452528715134,0.016912275925278664,0.0,0.028046688064932823,0.0,0.029535792768001556,0.03271922469139099,0.0,0.14538897573947906,0.1744053065776825,0.08915883302688599,0.1133328378200531,0.02615577168762684
3807,0.0,0.0,0.0,0.0,0.0,0.0,0.0,0.0,0.0,0.0,0.0,0.0,0.0,0.0,0.0,0.0
3808,0.0,0.0,0.0,0.0,0.0,0.0,0.0,0.0,0.0,0.0,0.0,0.0,0.0,0.0,0.0,0.0
3814,0.0,0.0,0.0,0.0,0.0,0.0,0.0,0.0,0.0,0.0,0.0,0.0,0.0,0.0,0.0,0.0
3815,0.5348408222198486,0.12223822623491287,0.0,0.0,0.0,0.10378848761320114,0.006471999920904636,0.0,0.21862807869911194,0.011055235750973225,0.0,0.0,0.26332888007164,0.0,0.0,0.10084714740514755
3819,0.0,0.0,0.0,0.0,0.0,0.0,0.0,0.0,0.0,0.0,0.0,0.0,0.0,0.0,0.0,0.0
3823,0.0,0.0,0.2946310341358185,0.02207961119711399,0.2926495671272278,0.09182309359312057,0.029775399714708328,0.23040708899497986,0.13606220483779907,0.0,0.3184247612953186,0.2817176878452301,0.011612500064074993,0.18739552795886993,0.3026796877384186,0.0
3824,0.0,0.0,0.0,0.0,0.0,0.0,0.0,0.0,0.0,0.0,0.0,0.0,0.0,0.0,0.0,0.0
3825,0.13035084307193756,0.2365458458662033,0.0,0.19257740676403046,0.0,0.0,0.09199173748493195,0.20213568210601807,0.31332623958587646,0.0,0.09334735572338104,0.0,0.11852413415908813,0.0,0.19464564323425293,0.0
3826,0.0,0.0,0.0,0.0,0.0,0.0,0.0,0.0,0.0,0.0,0.0,0.0,0.0,0.0,0.0,0.0
3827,0.12254304438829422,0.0,0.029187869280576706,0.007445249706506729,0.0,0.0,0.0,0.0,0.0,0.0,0.044285427778959274,0.0,0.0361584797501564,0.08393564820289612,0.0,0.0029525456484407187
3829,0.42545971274375916,0.7711102366447449,0.8212723731994629,0.5943828821182251,0.645245373249054,0.9829601049423218,0.5972945690155029,0.7871533036231995,0.7121939659118652,0.7327667474746704,0.5334936380386353,0.34699684381484985,0.7390546798706055,0.7407015562057495,0.6889594197273254,0.7877508401870728
3831,0.0,0.0,0.0,0.0,0.0,0.0,0.0,0.0,0.0,0.0,0.0,0.0,0.0,0.0,0.0,0.0
3832,0.0,0.0,0.0,0.0,0.0,0.0,0.0,0.0,0.0,0.0,0.0,0.0,0.0,0.0,0.0,0.0
3835,0.0,0.0,0.0,0.0,0.0,0.0,0.0,0.04739522188901901,0.0,0.17108945548534393,0.0,0.0,0.0,0.0,0.0,0.05689585953950882
3840,0.10867899656295776,0.0,0.10367491096258163,0.14057420194149017,0.0,0.0,0.0,0.052584271878004074,0.18385383486747742,0.04431280493736267,0.0,0.0,0.17554929852485657,0.0,0.09247270971536636,0.0
3846,0.0,0.0,0.0,0.0,0.5862129926681519,0.0,0.6936669945716858,0.0,0.4339430034160614,0.0,0.4376330077648163,0.0,0.0,0.0,0.0,0.0
3848,0.1258225440979004,0.0,0.03972918167710304,0.0,0.0,0.0,0.0,0.0,0.0,0.01614081859588623,0.04894891381263733,0.0032898634672164917,0.041608620434999466,0.11757373064756393,0.0,0.0035641363356262445
3849,0.0,0.0,0.0,0.0,0.0,0.0,0.0,0.0,0.0,0.11980479955673218,0.0,0.0,0.0,0.0,0.0,0.0
3853,0.0,0.0,0.0,0.0,0.0,0.0,0.0,0.0,0.0,0.0,0.0,0.0,0.0,0.0,0.0,0.0
3854,0.0,0.0,0.0,0.0,0.0,0.0,0.0,0.0,0.0,0.0,0.0,0.0,0.0,0.0,0.0,0.0
3858,0.0,0.0,0.0,0.0,0.0,0.0,0.0,0.0,0.0,0.0,0.0,0.0,0.0,0.0,0.0,0.0
3860,0.0,0.0,0.0,0.0,0.0,0.0,0.0,0.0,0.0,0.0,0.0,0.0,0.0,0.0,0.0,0.0
3861,0.0,0.0,0.0,0.0,0.0,0.0,0.0,0.0,0.0,0.0,0.0,0.0,0.0,0.0,0.0,0.0
3863,0.24048149585723877,0.7415797710418701,0.4297175407409668,0.6904691457748413,0.7394829988479614,0.6529871821403503,0.0,0.68678879737854,0.7360007762908936,0.6200592517852783,0.12498597800731659,0.8249349594116211,0.7078827619552612,0.6464270353317261,0.03899296373128891,0.9857064485549927
3866,0.0,0.0,0.0,0.0,0.0,0.0,0.0,0.0,0.0,0.0,0.0,0.0,0.0,0.0,0.0,0.0
3867,0.0,0.0,0.0,0.0,0.0,0.0,0.0,0.0,0.0,0.0,0.0,0.0,0.0,0.0,0.0,0.0
3868,0.0,0.0,0.0,0.0,0.0,0.0,0.0,0.0,0.0,0.0,0.0,0.0,0.0,0.0,0.0,0.0
3870,0.0,0.0,0.0,0.0,0.0,0.0,0.0,0.0,0.0,0.0,0.0,0.0,0.0,0.0,0.0,0.0
3871,0.0,0.0,0.0,0.0,0.0,0.0,0.0,0.0,0.0,0.0,0.0,0.0,0.0,0.0,0.0,0.0
3872,0.0,0.0,0.0,0.0,0.0,0.0,0.0,0.0,0.0,0.0,0.0,0.0,0.0,0.0,0.0,0.0
3875,0.0,0.11259099841117859,0.14224006235599518,0.03345022350549698,0.0,0.0,0.0,0.5242456197738647,0.0,0.0,0.0,0.0,0.0,0.0,0.0,0.0
3878,0.0,0.0,0.0,0.0,0.0,0.0,0.0,0.0,0.0,0.0,0.0,0.0,0.0,0.0,0.0,0.0
3879,0.0,0.0,0.0,0.0,0.0,0.0,0.0,0.0,0.0,0.0,0.0,0.0,0.0,0.0,0.0,0.0
3880,0.0,0.0,0.0,0.0,0.0,0.0,0.0,0.0,0.0,0.0,0.0,0.0,0.0,0.0,0.0,0.0
3887,0.0,0.0,0.0,0.0,0.0,0.0,0.0,0.0,0.0,0.0,0.0,0.0,0.0,0.0,0.0,0.0
3894,0.0,0.0,0.2500298023223877,0.15121926367282867,0.21112948656082153,0.3490252196788788,0.2477390468120575,0.23376686871051788,0.21753035485744476,0.0,0.099472776055336,0.17741703987121582,0.2615579664707184,0.04540019482374191,0.12087200582027435,0.2427193522453308
3895,0.0,0.0,0.0,0.0,0.0,0.24289274215698242,0.0,0.0,0.0,0.0,0.0,0.0,0.0,0.0,0.0,0.379248708486557
3898,0.0,0.0,0.0,0.0,0.0,0.0,0.0,0.0,0.0,0.0,0.0,0.0,0.0,0.0,0.0,0.0
3899,0.0,0.0,0.0,0.0,0.0,0.0,0.005160365719348192,0.0,0.0,0.0,0.0,0.0,0.0,0.09638400375843048,0.0,0.0
3900,0.0,0.03710387647151947,0.0,0.0,0.0,0.39383044838905334,0.5592340230941772,0.0,0.0,0.0,0.0,0.05528700351715088,0.23542822897434235,0.2739574909210205,0.0,0.0
3902,0.0,0.008857222273945808,0.005323249846696854,0.03972077742218971,0.0,0.0,0.04639287665486336,0.0,0.0,0.007189727388322353,0.0,0.0,0.0,0.0,0.0,0.0
3904,0.0,0.0,0.0,0.0,0.0,0.0,0.0,0.0,0.0,0.0,0.0,0.0,0.0,0.0,0.0,0.0
3907,0.13204804062843323,0.0,0.039866138249635696,0.0,0.011455347761511803,0.0,0.0,0.0,0.0,0.029703956097364426,0.06498300284147263,0.0025423180777579546,0.04291800037026405,0.15601350367069244,0.03451277315616608,0.004317545332014561
3911,0.0,0.0,0.0,0.0,0.0,0.0,0.0,0.0,0.0,0.0,0.0,0.0,0.0,0.0,0.0,0.0
3913,0.0,0.0,0.0,0.0,0.0,0.0,0.0,0.0,0.0,0.0,0.0,0.0,0.0,0.0,0.0,0.0
3915,0.0,0.0,0.0,0.0,0.0,0.0,0.0,0.0,0.0,0.0,0.0,0.0,0.0,0.0,0.0,0.0
3917,0.0,0.0,0.0,0.0,0.0,0.0,0.0,0.0,0.0,0.0,0.0,0.0,0.0,0.0,0.0,0.19744199514389038
3918,0.0,0.3375815153121948,0.20147190988063812,0.32834625244140625,0.4424965977668762,0.0,0.7147828936576843,0.4511803388595581,0.023994825780391693,0.0,0.06088108569383621,0.3595375418663025,0.0,0.12561574578285217,0.0,0.0
3920,0.0,0.0,0.0,0.0,0.0,0.0,0.0,0.0,0.0,0.0,0.0,0.0,0.0,0.0,0.0,0.0
3923,0.0,0.0,0.0,0.0,0.0,0.0,0.0,0.0,0.0,0.0,0.0,0.0,0.0,0.0,0.0,0.0
3926,0.0,0.0,0.14320126175880432,0.0,0.1850854754447937,0.0,0.0,0.0,0.0,0.0,0.14238472282886505,0.0,0.0,0.0,0.0,0.0
3933,0.062452834099531174,0.048862505704164505,0.11397970467805862,0.036938510835170746,0.07234907150268555,0.0,0.0,0.0,0.06657382845878601,0.05115899816155434,0.0,0.0,0.0461675263941288,0.0,0.0,0.04741881415247917
3934,0.0,0.0,0.0,0.0,0.0,0.0,0.0,0.0,0.0,0.0,0.0,0.0,0.0,0.0,0.0,0.0
3935,0.23657216131687164,0.0,0.0857800543308258,0.17339631915092468,0.2366742044687271,0.33938875794410706,0.2518231272697449,0.17300385236740112,0.1802031397819519,0.16104519367218018,0.10667329281568527,0.18515682220458984,0.0,0.04341231286525726,0.11633862555027008,0.0
3939,0.0,0.0,0.0,0.0,0.0,0.0,0.0,0.0,0.0,0.0,0.0,0.0,0.0,0.0,0.0,0.0
3940,0.0,0.0,0.0,0.0,0.0,0.0,0.0,0.0,0.0,0.0,0.0,0.0,0.0,0.0,0.0,0.0
3943,0.0,0.0,0.0,0.0,0.0,0.0,0.0,0.0,0.0,0.0,0.0,0.0,0.0,0.0,0.0,0.0
3944,0.0,0.0,0.0,0.0,0.0,0.0,0.0,0.0,0.0,0.0,0.0,0.0,0.0,0.0,0.0,0.0
3946,0.0,0.0,0.0,0.0,0.0,0.0,0.0,0.0,0.0,0.0,0.0,0.0,0.0,0.0,0.0,0.0
3948,0.0,0.0,0.0,0.0,0.0,0.0,0.0,0.0,0.0,0.0,0.0,0.0,0.0,0.0,0.0,0.0
3949,0.0,0.0,0.0,0.0,0.0,0.0,0.0,0.0,0.0,0.0,0.0,0.0,0.0,0.0,0.0,0.0
3958,0.0,0.0,0.0,0.0,0.0,0.0,0.0,0.0,0.0,0.0,0.0,0.0,0.0,0.0,0.0,0.0
3960,0.0,0.0,0.0,0.0,0.0,0.0,0.0,0.0,0.0,0.0,0.0,0.0,0.0,0.0,0.0,0.0
3963,0.0,0.0,0.0,0.0,0.0,0.0,0.0,0.0,0.0,0.0,0.0,0.0,0.0,0.0,0.0,0.0
3967,0.0,0.0,0.0,0.0,0.0,0.0,0.0,0.0,0.0,0.0,0.0,0.0,0.0,0.0,0.0,0.0
3974,0.0,0.0,0.0,0.0,0.0,0.0,0.0,0.0,0.0,0.0,0.0,0.0,0.0,0.0,0.0,0.0
3978,0.0,0.0,0.0,0.0,0.0,0.0,0.0,0.0,0.0,0.0,0.0,0.0,0.0,0.0,0.0,0.0
3982,0.0,0.0,0.0,0.0,0.0,0.0,0.0,0.0,0.0,0.0,0.0,0.0,0.0,0.0,0.0,0.0
3985,0.0,0.0,0.0,0.0,0.0,0.0,0.0,0.0,0.0,0.0,0.0,0.0,0.0,0.0,0.0,0.0
3987,0.25809168815612793,0.0,0.0,0.0,0.040114499628543854,0.0,0.021113000810146332,0.0,0.0,0.0,0.0,0.0,0.0,0.0,0.0,0.04140600189566612
3988,0.0,0.0,0.0,0.0,0.0,0.0,0.0,0.0,0.0,0.0,0.0,0.0,0.0,0.0,0.0,0.0
3992,0.14393794536590576,0.18803152441978455,0.23448994755744934,0.2253805249929428,0.09243803471326828,0.0,0.0,0.0,0.2950197756290436,0.08429832756519318,0.0,0.05705006420612335,0.12360014021396637,0.08195426315069199,0.2166810929775238,0.0
3995,0.0,0.0,0.0,0.0,0.0,0.0,0.0,0.0,0.0,0.0,0.0,0.0,0.0,0.0,0.0,0.0
3997,0.0,0.05241354554891586,0.0,0.07785660028457642,0.021071501076221466,0.0,0.0,0.05517520010471344,0.1809098869562149,0.05341898649930954,0.0,0.04444192349910736,0.025756770744919777,0.026780249550938606,0.05581870675086975,0.09652712196111679
3998,0.0,0.0,0.0,0.0,0.0,0.0,0.0,0.0,0.0,0.0,0.0,0.0,0.0,0.0,0.0,0.0
4002,0.7604774236679077,0.7884454131126404,0.917345404624939,0.9478440880775452,0.907553493976593,0.6829184889793396,0.9167789220809937,0.8020181655883789,0.8478366732597351,0.8385930061340332,0.8437050580978394,0.7163994312286377,0.8820639252662659,0.8152937293052673,0.5010048747062683,0.9006714224815369
4004,0.0,0.0,0.0,0.0,0.0,0.0,0.0,0.0,0.0,0.0,0.0,0.0,0.0,0.0,0.0,0.0
4008,0.0,0.18262599408626556,0.0,0.0,0.0,0.0,0.0,0.0,0.0,0.0,0.0,0.2470635026693344,0.0,0.0,0.37604349851608276,0.0
4010,0.1377263367176056,0.0,0.0,0.0,0.22849522531032562,0.0,0.1782141923904419,0.11448327451944351,0.0,0.0,0.2230270355939865,0.08103720098733902,0.0,0.0,0.12475103884935379,0.09851577132940292
4015,0.0,0.0,0.0,0.0,0.0,0.0,0.0,0.0,0.0,0.0,0.0,0.0,0.0,0.0,0.0,0.0
4018,0.0,0.0,0.0,0.0,0.0,0.0,0.0,0.0,0.0,0.0,0.0,0.0,0.0,0.0,0.0,0.0
4019,0.0,0.0,0.0,0.0,0.0,0.0,0.0,0.0,0.0,0.0,0.0,0.0,0.0,0.0,0.0,0.0
4025,0.0,0.0,0.0,0.0,0.0,0.0,0.0,0.0,0.0,0.0,0.0,0.0,0.0,0.0,0.0,0.0
4026,0.0,0.0,0.0,0.0,0.0,0.0,0.0,0.0,0.0,0.0,0.0,0.0,0.0,0.0,0.0,0.0
4027,0.0,0.0,0.0,0.0,0.0,0.0,0.0,0.0,0.0,0.0,0.0,0.0,0.0,0.0,0.0,0.0
4030,0.0,0.0,0.0,0.0,0.0,0.0,0.0,0.0,0.0,0.0,0.0,0.0,0.0,0.0,0.0,0.0
4041,0.0,0.0,0.0,0.0,0.0,0.0,0.0,0.0,0.0,0.0,0.0,0.18814580142498016,0.0,0.0,0.0,0.08289666473865509
4047,0.0,0.0,0.0,0.0,0.0,0.0,0.0,0.0,0.0,0.0,0.0,0.0,0.0,0.0,0.0,0.0
4051,0.0,0.0,0.0,0.0,0.0,0.0,0.0,0.0,0.0,0.0,0.0,0.0,0.0,0.0,0.0,0.0
4052,0.0,0.0,0.0,0.0,0.0,0.0,0.0,0.0,0.0,0.0,0.0,0.0,0.0,0.0,0.0,0.0
4059,0.0,0.0,0.0,0.0,0.0,0.0,0.0,0.0,0.0,0.0,0.0,0.0,0.0,0.0,0.0,0.0
4060,0.5573229193687439,0.013571900315582752,0.0,0.43384742736816406,0.48589393496513367,0.0,0.0,0.43831413984298706,0.3230234384536743,0.21610496938228607,0.24014954268932343,0.19024844467639923,0.0,0.009592308662831783,0.29218071699142456,0.08802299946546555
4062,0.0,0.0,0.0,0.0,0.0,0.0,0.0,0.0,0.0,0.0,0.0,0.0,0.0,0.0,0.0,0.0
4064,0.19971199333667755,0.0,0.32844600081443787,0.0,0.37208300828933716,0.0,0.0,0.22799399495124817,0.0,0.3567590117454529,0.0,0.0,0.0,0.0,0.0,0.3034290075302124
4066,0.0,0.0,0.0,0.0,0.0,0.0,0.0,0.06939931958913803,0.0,0.0,0.0,0.0,0.0,0.0,0.0,0.0
4071,0.0,0.0,0.0,0.0,0.1963309496641159,0.0,0.04804736003279686,0.0,0.0669187605381012,0.0,0.0,0.18205875158309937,0.0,0.14012351632118225,0.0,0.0
4086,0.0,0.0,0.0,0.0,0.0,0.0,0.0,0.0,0.0,0.0,0.0,0.0,0.0,0.0,0.0,0.0
4121,0.0,0.0,0.0,0.0,0.0,0.0,0.0,0.0,0.0,0.0,0.0,0.0,0.0,0.0,0.0,0.0
4145,0.0,0.0,0.0,0.0,0.0,0.0,0.0,0.0,0.0,0.0,0.0,0.0,0.0,0.0,0.0,0.0
4222,0.0732831209897995,0.2607285976409912,0.16910509765148163,0.0,0.0,0.0,0.0,0.1526471972465515,0.15019051730632782,0.20186299085617065,0.0,0.07837730646133423,0.0,0.06939223408699036,0.0,0.0
4231,0.0,0.0,0.0,0.0,0.0,0.0,0.0,0.0,0.0,0.0,0.0,0.0,0.0,0.0,0.0,0.0
4267,0.0,0.0,0.0,0.0,0.0,0.0,0.0,0.0,0.0,0.0,0.0,0.0,0.0,0.0,0.0,0.0
4268,0.13913170993328094,0.19126199185848236,0.1558956801891327,0.1816597282886505,0.10472432523965836,0.0,0.14544366300106049,0.0,0.18678036332130432,0.17267414927482605,0.0,0.0601402185857296,0.0,0.0,0.12737447023391724,0.0
4269,0.0,0.0,0.0,0.0,0.0,0.0,0.0,0.0,0.0,0.0,0.0,0.0,0.0,0.0,0.0,0.0
4270,0.08040143549442291,0.0,0.0,0.0,0.22397756576538086,0.0,0.0,0.0,0.1310611367225647,0.0,0.21487043797969818,0.0,0.08087228238582611,0.13195456564426422,0.10344745218753815,0.09938335418701172
4271,0.0,0.0,0.14759407937526703,0.27104365825653076,0.0,0.21014894545078278,0.22862233221530914,0.0,0.0,0.0,0.2229105830192566,0.0,0.0,0.0,0.0914565846323967,0.11200344562530518
4295,0.0,0.0,0.0,0.0,0.0,0.1997632384300232,0.0,0.0,0.0,0.0,0.5563268661499023,0.0,0.0,0.0,0.0,0.0
4296,0.0,0.0,0.0,0.0,0.0,0.0,0.0,0.0,0.0,0.0,0.0,0.0,0.0,0.0,0.0,0.0
4302,0.0,0.10036371648311615,0.0,0.0,0.01986599899828434,0.0,0.0,0.0,0.15091010928153992,0.02772909216582775,0.0,0.052997637540102005,0.06955038756132126,0.16913896799087524,0.08416002243757248,0.019958360120654106
4316,0.0,0.0,0.0,0.0,0.06658100336790085,0.0,0.0,0.0,0.018123749643564224,0.0,0.0,0.0,0.0,0.0,0.0,0.0
4317,0.0,0.0,0.0,0.0,0.0,0.0,0.0,0.0,0.0,0.0,0.0,0.0,0.0,0.0,0.0,0.0
4324,0.09984328597784042,0.0,0.22536340355873108,0.227102592587471,0.28518086671829224,0.23522497713565826,0.38670700788497925,0.0,0.0,0.27138206362724304,0.0,0.3862391710281372,0.0,0.4430904686450958,0.0,0.0
4353,0.0,0.37178489565849304,0.0,0.6524477601051331,0.0,0.0,0.7271974682807922,0.0,0.0,0.0,0.0,0.0,0.0,0.0,0.0,0.0
4357,0.1317034512758255,0.0,0.047254953533411026,0.0,0.047080181539058685,0.0,0.05603674799203873,0.0,0.0,0.0364072285592556,0.06835527718067169,0.007899409160017967,0.04324319213628769,0.19850032031536102,0.041392289102077484,0.010046952404081821
4395,0.0,0.0,0.01926542818546295,0.0,0.05602722242474556,0.0,0.01935175061225891,0.0,0.0,0.0,0.0,0.0,0.0,0.0,0.0,0.0
4473,0.4243427813053131,0.2491278499364853,0.25545674562454224,0.28972604870796204,0.6540096402168274,0.571397602558136,0.43621936440467834,0.0,0.29592835903167725,0.32215192914009094,0.30713868141174316,0.12032988667488098,0.31796443462371826,0.2557191550731659,0.5959606170654297,0.4090138077735901
4480,0.0,0.0,0.0,0.0,0.0,0.0,0.0,0.0,0.0,0.0,0.0,0.0,0.0,0.0,0.0,0.0
4512,0.0,0.0,0.0,0.0,0.0,0.0,0.0,0.0,0.0,0.0,0.0,0.0,0.0,0.0,0.0,0.0
4515,0.0,0.0,0.0,0.0,0.0,0.0,0.0,0.0,0.0,0.0,0.0,0.0,0.0,0.0,0.0,0.0
4516,0.0,0.0,0.0,0.0,0.0,0.0,0.0,0.0,0.0,0.0,0.0,0.0,0.0,0.0,0.0,0.0
4524,0.0,0.0,0.0,0.0,0.0,0.0,0.0,0.0,0.0,0.0,0.0,0.0,0.0,0.0,0.0,0.0
4525,0.0,0.0,0.0,0.007949454709887505,0.0,0.0,0.0,0.0,0.0,0.0,0.0,0.0,0.023386463522911072,0.0,0.0,0.0
4529,0.0,0.0,0.0,0.0,0.0,0.0,0.0,0.0,0.0,0.0,0.0,0.0,0.0,0.0,0.0,0.0
4549,0.0,0.0,0.0,0.0,0.0,0.0,0.0,0.0,0.0,0.0,0.0,0.0,0.0,0.0,0.0,0.0
4558,0.0,0.0,0.0,0.0,0.0,0.0,0.0,0.0,0.0,0.0,0.0,0.0,0.0,0.0,0.0,0.0
4567,0.0,0.0,0.0,0.0,0.0,0.0,0.0,0.0,0.0,0.0,0.0,0.0,0.0,0.0,0.0,0.0
4596,0.0,0.0,0.0,0.0,0.0,0.0,0.0,0.0,0.0,0.0,0.0,0.0,0.0,0.0,0.0,0.0
4599,0.0,0.0,0.0,0.0,0.0,0.0,0.0,0.0,0.0,0.0,0.0,0.0,0.0,0.0,0.0,0.0
4600,0.08082938194274902,0.0,0.0,0.0,0.0,0.0,0.0,0.013304286636412144,0.0,0.0,0.03867515176534653,0.034670714288949966,0.0,0.0,0.0,0.0
4601,0.0,0.0,0.0,0.0,0.0,0.0,0.0,0.0,0.0,0.0,0.0,0.0,0.0,0.0,0.0,0.0
4602,0.0,0.0,0.0,0.0,0.0,0.0,0.0,0.0,0.0,0.0,0.0,0.0,0.0,0.0,0.0,0.0
